0.0,0.0,0.0,7.486061096191406,0.0,0.14757663011550903,0.0,3.8002705574035645,0.0,0.0,0.0,0.0,0.0,0.0,0.0,0.0,6.601858615875244,0.0,0.0,0.0,0.0,6.564146518707275,0.0,0.0,0.0,0.0,0.5686262249946594,0.0,0.0,0.0,1.5681543350219727,0.0,0.0
0.0,0.0,0.0,7.262858867645264,0.0,0.13798457384109497,0.0,3.627657651901245,0.0,0.0,0.0,0.0,0.0,0.0,0.0,0.0,6.593716144561768,0.0,0.0,0.0,0.0,6.469314098358154,0.0,0.0,0.0,0.0,0.5053451657295227,0.0,0.0,0.0,1.7164483070373535,0.0,0.0
0.0,0.0,0.0,7.539185523986816,0.0,0.18423056602478027,0.0,3.9470083713531494,0.0,0.0,0.0,0.0,0.0,0.0,0.0,0.0,6.525510787963867,0.0,0.0,0.0,0.0,6.454345703125,0.0,0.0,0.0,0.0,0.8900507092475891,0.0,0.0,0.0,1.4488773345947266,0.0,0.0
0.0,0.0,0.0,7.425439357757568,0.0,0.1612001657485962,0.0,3.6945714950561523,0.0,0.0,0.0,0.0,0.0,0.0,0.0,0.0,6.550339698791504,0.0,0.0,0.0,0.0,6.532723903656006,0.0,0.0,0.0,0.0,0.5505316853523254,0.0,0.0,0.0,1.6665153503417969,0.0,0.0
0.0,0.0,0.0,7.384683609008789,0.0,0.05893773213028908,0.0,3.9466569423675537,0.0,0.0,0.0,0.0,0.0,0.0,0.0,0.0,6.5247650146484375,0.0,0.0,0.0,0.0,6.446903228759766,0.0,0.0,0.0,0.0,0.8112366795539856,0.0,0.0,0.0,1.4848127365112305,0.0,0.0
0.0,0.0,0.0,7.504114151000977,0.0,0.1428709626197815,0.0,3.848958730697632,0.0,0.0,0.0,0.0,0.0,0.0,0.0,0.0,6.547029495239258,0.0,0.0,0.0,0.0,6.533201694488525,0.0,0.0,0.0,0.0,0.6832612156867981,0.0,0.0,0.0,1.5902481079101562,0.0,0.0
0.0,0.0,0.0,7.366065502166748,0.0,0.11131924390792847,0.0,3.790989637374878,0.0,0.0,0.0,0.0,0.0,0.0,0.0,0.0,6.492630481719971,0.0,0.0,0.0,0.0,6.436985492706299,0.0,0.0,0.0,0.0,0.7437208294868469,0.0,0.0,0.0,1.5290400981903076,0.0,0.0
0.0,0.0,0.0,7.074957370758057,0.0,0.2515271306037903,0.0,3.1660420894622803,0.0,0.0,0.0,0.0,0.0,0.0,0.0,0.0,6.609044075012207,0.0,0.0,0.0,0.0,6.441352367401123,0.0,0.0,0.0,0.0,0.16681532561779022,0.0,0.0,0.0,1.9888312816619873,0.0,0.0
0.0,0.0,0.0,7.539185523986816,0.0,0.18423056602478027,0.0,3.9470083713531494,0.0,0.0,0.0,0.0,0.0,0.0,0.0,0.0,6.525510787963867,0.0,0.0,0.0,0.0,6.454345703125,0.0,0.0,0.0,0.0,0.8900507092475891,0.0,0.0,0.0,1.4488773345947266,0.0,0.0
0.0,0.0,0.0,7.387119293212891,0.0,0.0,0.0,3.6570422649383545,0.0,0.0,0.0,0.0,0.0,0.0,0.0,0.0,6.55338191986084,0.0,0.0,0.0,0.0,6.496277332305908,0.0,0.0,0.0,0.0,0.43457677960395813,0.0,0.0,0.0,1.682880163192749,0.0,0.0
0.0,0.0,0.0,7.390409469604492,0.0,0.15250009298324585,0.0,3.7512576580047607,0.0,0.0,0.0,0.0,0.0,0.0,0.0,0.0,6.60474157333374,0.0,0.0,0.0,0.0,6.5042195320129395,0.0,0.0,0.0,0.0,0.5911963582038879,0.0,0.0,0.0,1.5564358234405518,0.0,0.0
0.0,0.0,0.0,7.539185523986816,0.0,0.18423056602478027,0.0,3.9470083713531494,0.0,0.0,0.0,0.0,0.0,0.0,0.0,0.0,6.525510787963867,0.0,0.0,0.0,0.0,6.454345703125,0.0,0.0,0.0,0.0,0.8900507092475891,0.0,0.0,0.0,1.4488773345947266,0.0,0.0
0.0,0.0,0.0,7.619361877441406,0.0,0.2672485113143921,0.0,3.928891897201538,0.0,0.0,0.0,0.0,0.0,0.0,0.0,0.0,6.626696586608887,0.0,0.0,0.0,0.0,6.51967716217041,0.0,0.0,0.0,0.0,0.8015978932380676,0.0,0.0,0.0,1.4897222518920898,0.0,0.0
0.0,0.0,0.0,7.562923908233643,0.0,0.1206212043762207,0.0,4.090262413024902,0.0,0.0,0.0,0.0,0.0,0.0,0.0,0.0,6.525352478027344,0.0,0.0,0.0,0.0,6.475151062011719,0.0,0.0,0.0,0.0,0.9568923115730286,0.0,0.0,0.0,1.3478963375091553,0.0,0.0
0.0,0.0,0.0,7.236288070678711,0.0,0.20775830745697021,0.0,3.464045524597168,0.0,0.0,0.0,0.0,0.0,0.0,0.0,0.0,6.573491096496582,0.0,0.0,0.0,0.0,6.447747707366943,0.0,0.0,0.0,0.0,0.4266567528247833,0.0,0.0,0.0,1.7516264915466309,0.0,0.0
0.0,6.391461372375488,0.0,6.869924545288086,6.0478835105896,0.0,0.0,11.301878929138184,0.0,1.2807644605636597,2.3103549480438232,7.298734664916992,2.666454553604126,0.0,9.016215324401855,0.25904524326324463,3.6831767559051514,6.243616104125977,6.400552749633789,0.434670627117157,4.378443717956543,9.503058433532715,10.211925506591797,4.359125137329102,5.682995796203613,3.8537137508392334,8.029305458068848,0.0,0.7220699191093445,9.586465835571289,0.0,3.100893974304199,4.08765172958374
0.0,6.391461372375488,0.0,6.869924545288086,6.0478835105896,0.0,0.0,11.301878929138184,0.0,1.2807644605636597,2.3103549480438232,7.298734664916992,2.666454553604126,0.0,9.016215324401855,0.25904524326324463,3.6831767559051514,6.243616104125977,6.400552749633789,0.434670627117157,4.378443717956543,9.503058433532715,10.211925506591797,4.359125137329102,5.682995796203613,3.8537137508392334,8.029305458068848,0.0,0.7220699191093445,9.586465835571289,0.0,3.100893974304199,4.08765172958374
0.0,6.391461372375488,0.0,6.869924545288086,6.0478835105896,0.0,0.0,11.301878929138184,0.0,1.2807644605636597,2.3103549480438232,7.298734664916992,2.666454553604126,0.0,9.016215324401855,0.25904524326324463,3.6831767559051514,6.243616104125977,6.400552749633789,0.434670627117157,4.378443717956543,9.503058433532715,10.211925506591797,4.359125137329102,5.682995796203613,3.8537137508392334,8.029305458068848,0.0,0.7220699191093445,9.586465835571289,0.0,3.100893974304199,4.08765172958374
0.0,6.391461372375488,0.0,6.869924545288086,6.0478835105896,0.0,0.0,11.301878929138184,0.0,1.2807644605636597,2.3103549480438232,7.298734664916992,2.666454553604126,0.0,9.016215324401855,0.25904524326324463,3.6831767559051514,6.243616104125977,6.400552749633789,0.434670627117157,4.378443717956543,9.503058433532715,10.211925506591797,4.359125137329102,5.682995796203613,3.8537137508392334,8.029305458068848,0.0,0.7220699191093445,9.586465835571289,0.0,3.100893974304199,4.08765172958374
0.0,6.391461372375488,0.0,6.869924545288086,6.0478835105896,0.0,0.0,11.301878929138184,0.0,1.2807644605636597,2.3103549480438232,7.298734664916992,2.666454553604126,0.0,9.016215324401855,0.25904524326324463,3.6831767559051514,6.243616104125977,6.400552749633789,0.434670627117157,4.378443717956543,9.503058433532715,10.211925506591797,4.359125137329102,5.682995796203613,3.8537137508392334,8.029305458068848,0.0,0.7220699191093445,9.586465835571289,0.0,3.100893974304199,4.08765172958374
0.0,6.391461372375488,0.0,6.869924545288086,6.0478835105896,0.0,0.0,11.301878929138184,0.0,1.2807644605636597,2.3103549480438232,7.298734664916992,2.666454553604126,0.0,9.016215324401855,0.25904524326324463,3.6831767559051514,6.243616104125977,6.400552749633789,0.434670627117157,4.378443717956543,9.503058433532715,10.211925506591797,4.359125137329102,5.682995796203613,3.8537137508392334,8.029305458068848,0.0,0.7220699191093445,9.586465835571289,0.0,3.100893974304199,4.08765172958374
0.0,6.391461372375488,0.0,6.869924545288086,6.0478835105896,0.0,0.0,11.301878929138184,0.0,1.2807644605636597,2.3103549480438232,7.298734664916992,2.666454553604126,0.0,9.016215324401855,0.25904524326324463,3.6831767559051514,6.243616104125977,6.400552749633789,0.434670627117157,4.378443717956543,9.503058433532715,10.211925506591797,4.359125137329102,5.682995796203613,3.8537137508392334,8.029305458068848,0.0,0.7220699191093445,9.586465835571289,0.0,3.100893974304199,4.08765172958374
0.0,6.391461372375488,0.0,6.869924545288086,6.0478835105896,0.0,0.0,11.301878929138184,0.0,1.2807644605636597,2.3103549480438232,7.298734664916992,2.666454553604126,0.0,9.016215324401855,0.25904524326324463,3.6831767559051514,6.243616104125977,6.400552749633789,0.434670627117157,4.378443717956543,9.503058433532715,10.211925506591797,4.359125137329102,5.682995796203613,3.8537137508392334,8.029305458068848,0.0,0.7220699191093445,9.586465835571289,0.0,3.100893974304199,4.08765172958374
0.0,6.391461372375488,0.0,6.869924545288086,6.0478835105896,0.0,0.0,11.301878929138184,0.0,1.2807644605636597,2.3103549480438232,7.298734664916992,2.666454553604126,0.0,9.016215324401855,0.25904524326324463,3.6831767559051514,6.243616104125977,6.400552749633789,0.434670627117157,4.378443717956543,9.503058433532715,10.211925506591797,4.359125137329102,5.682995796203613,3.8537137508392334,8.029305458068848,0.0,0.7220699191093445,9.586465835571289,0.0,3.100893974304199,4.08765172958374
0.0,6.391461372375488,0.0,6.869924545288086,6.0478835105896,0.0,0.0,11.301878929138184,0.0,1.2807644605636597,2.3103549480438232,7.298734664916992,2.666454553604126,0.0,9.016215324401855,0.25904524326324463,3.6831767559051514,6.243616104125977,6.400552749633789,0.434670627117157,4.378443717956543,9.503058433532715,10.211925506591797,4.359125137329102,5.682995796203613,3.8537137508392334,8.029305458068848,0.0,0.7220699191093445,9.586465835571289,0.0,3.100893974304199,4.08765172958374
0.0,6.391461372375488,0.0,6.869924545288086,6.0478835105896,0.0,0.0,11.301878929138184,0.0,1.2807644605636597,2.3103549480438232,7.298734664916992,2.666454553604126,0.0,9.016215324401855,0.25904524326324463,3.6831767559051514,6.243616104125977,6.400552749633789,0.434670627117157,4.378443717956543,9.503058433532715,10.211925506591797,4.359125137329102,5.682995796203613,3.8537137508392334,8.029305458068848,0.0,0.7220699191093445,9.586465835571289,0.0,3.100893974304199,4.08765172958374
0.0,6.391461372375488,0.0,6.869924545288086,6.0478835105896,0.0,0.0,11.301878929138184,0.0,1.2807644605636597,2.3103549480438232,7.298734664916992,2.666454553604126,0.0,9.016215324401855,0.25904524326324463,3.6831767559051514,6.243616104125977,6.400552749633789,0.434670627117157,4.378443717956543,9.503058433532715,10.211925506591797,4.359125137329102,5.682995796203613,3.8537137508392334,8.029305458068848,0.0,0.7220699191093445,9.586465835571289,0.0,3.100893974304199,4.08765172958374
0.0,6.391461372375488,0.0,6.869924545288086,6.0478835105896,0.0,0.0,11.301878929138184,0.0,1.2807644605636597,2.3103549480438232,7.298734664916992,2.666454553604126,0.0,9.016215324401855,0.25904524326324463,3.6831767559051514,6.243616104125977,6.400552749633789,0.434670627117157,4.378443717956543,9.503058433532715,10.211925506591797,4.359125137329102,5.682995796203613,3.8537137508392334,8.029305458068848,0.0,0.7220699191093445,9.586465835571289,0.0,3.100893974304199,4.08765172958374
0.0,6.391461372375488,0.0,6.869924545288086,6.0478835105896,0.0,0.0,11.301878929138184,0.0,1.2807644605636597,2.3103549480438232,7.298734664916992,2.666454553604126,0.0,9.016215324401855,0.25904524326324463,3.6831767559051514,6.243616104125977,6.400552749633789,0.434670627117157,4.378443717956543,9.503058433532715,10.211925506591797,4.359125137329102,5.682995796203613,3.8537137508392334,8.029305458068848,0.0,0.7220699191093445,9.586465835571289,0.0,3.100893974304199,4.08765172958374
0.0,6.391461372375488,0.0,6.869924545288086,6.0478835105896,0.0,0.0,11.301878929138184,0.0,1.2807644605636597,2.3103549480438232,7.298734664916992,2.666454553604126,0.0,9.016215324401855,0.25904524326324463,3.6831767559051514,6.243616104125977,6.400552749633789,0.434670627117157,4.378443717956543,9.503058433532715,10.211925506591797,4.359125137329102,5.682995796203613,3.8537137508392334,8.029305458068848,0.0,0.7220699191093445,9.586465835571289,0.0,3.100893974304199,4.08765172958374
0.0,0.8707600831985474,0.0,5.765137672424316,2.398064374923706,3.1554152965545654,0.0,6.0403900146484375,0.0,2.2870335578918457,3.4832675457000732,7.005550861358643,0.0,2.805729627609253,1.4021321535110474,2.365353584289551,2.5118253231048584,0.0,1.6189563274383545,1.4623714685440063,0.5994210243225098,12.258096694946289,6.80806303024292,2.3441665172576904,0.26989322900772095,4.803038597106934,0.0,5.194900035858154,5.676024913787842,6.168236255645752,0.0,5.087302207946777,3.5960428714752197
0.0,0.8707600831985474,0.0,5.765137672424316,2.398064374923706,3.1554152965545654,0.0,6.0403900146484375,0.0,2.2870335578918457,3.4832675457000732,7.005550861358643,0.0,2.805729627609253,1.4021321535110474,2.365353584289551,2.5118253231048584,0.0,1.6189563274383545,1.4623714685440063,0.5994210243225098,12.258096694946289,6.80806303024292,2.3441665172576904,0.26989322900772095,4.803038597106934,0.0,5.194900035858154,5.676024913787842,6.168236255645752,0.0,5.087302207946777,3.5960428714752197
0.0,0.8707600831985474,0.0,5.765137672424316,2.398064374923706,3.1554152965545654,0.0,6.0403900146484375,0.0,2.2870335578918457,3.4832675457000732,7.005550861358643,0.0,2.805729627609253,1.4021321535110474,2.365353584289551,2.5118253231048584,0.0,1.6189563274383545,1.4623714685440063,0.5994210243225098,12.258096694946289,6.80806303024292,2.3441665172576904,0.26989322900772095,4.803038597106934,0.0,5.194900035858154,5.676024913787842,6.168236255645752,0.0,5.087302207946777,3.5960428714752197
0.0,0.8707600831985474,0.0,5.765137672424316,2.398064374923706,3.1554152965545654,0.0,6.0403900146484375,0.0,2.2870335578918457,3.4832675457000732,7.005550861358643,0.0,2.805729627609253,1.4021321535110474,2.365353584289551,2.5118253231048584,0.0,1.6189563274383545,1.4623714685440063,0.5994210243225098,12.258096694946289,6.80806303024292,2.3441665172576904,0.26989322900772095,4.803038597106934,0.0,5.194900035858154,5.676024913787842,6.168236255645752,0.0,5.087302207946777,3.5960428714752197
0.0,0.8707600831985474,0.0,5.765137672424316,2.398064374923706,3.1554152965545654,0.0,6.0403900146484375,0.0,2.2870335578918457,3.4832675457000732,7.005550861358643,0.0,2.805729627609253,1.4021321535110474,2.365353584289551,2.5118253231048584,0.0,1.6189563274383545,1.4623714685440063,0.5994210243225098,12.258096694946289,6.80806303024292,2.3441665172576904,0.26989322900772095,4.803038597106934,0.0,5.194900035858154,5.676024913787842,6.168236255645752,0.0,5.087302207946777,3.5960428714752197
0.0,0.8707600831985474,0.0,5.765137672424316,2.398064374923706,3.1554152965545654,0.0,6.0403900146484375,0.0,2.2870335578918457,3.4832675457000732,7.005550861358643,0.0,2.805729627609253,1.4021321535110474,2.365353584289551,2.5118253231048584,0.0,1.6189563274383545,1.4623714685440063,0.5994210243225098,12.258096694946289,6.80806303024292,2.3441665172576904,0.26989322900772095,4.803038597106934,0.0,5.194900035858154,5.676024913787842,6.168236255645752,0.0,5.087302207946777,3.5960428714752197
0.0,0.8707600831985474,0.0,5.765137672424316,2.398064374923706,3.1554152965545654,0.0,6.0403900146484375,0.0,2.2870335578918457,3.4832675457000732,7.005550861358643,0.0,2.805729627609253,1.4021321535110474,2.365353584289551,2.5118253231048584,0.0,1.6189563274383545,1.4623714685440063,0.5994210243225098,12.258096694946289,6.80806303024292,2.3441665172576904,0.26989322900772095,4.803038597106934,0.0,5.194900035858154,5.676024913787842,6.168236255645752,0.0,5.087302207946777,3.5960428714752197
0.0,0.8707600831985474,0.0,5.765137672424316,2.398064374923706,3.1554152965545654,0.0,6.0403900146484375,0.0,2.2870335578918457,3.4832675457000732,7.005550861358643,0.0,2.805729627609253,1.4021321535110474,2.365353584289551,2.5118253231048584,0.0,1.6189563274383545,1.4623714685440063,0.5994210243225098,12.258096694946289,6.80806303024292,2.3441665172576904,0.26989322900772095,4.803038597106934,0.0,5.194900035858154,5.676024913787842,6.168236255645752,0.0,5.087302207946777,3.5960428714752197
0.0,0.8707600831985474,0.0,5.765137672424316,2.398064374923706,3.1554152965545654,0.0,6.0403900146484375,0.0,2.2870335578918457,3.4832675457000732,7.005550861358643,0.0,2.805729627609253,1.4021321535110474,2.365353584289551,2.5118253231048584,0.0,1.6189563274383545,1.4623714685440063,0.5994210243225098,12.258096694946289,6.80806303024292,2.3441665172576904,0.26989322900772095,4.803038597106934,0.0,5.194900035858154,5.676024913787842,6.168236255645752,0.0,5.087302207946777,3.5960428714752197
0.0,0.8707600831985474,0.0,5.765137672424316,2.398064374923706,3.1554152965545654,0.0,6.0403900146484375,0.0,2.2870335578918457,3.4832675457000732,7.005550861358643,0.0,2.805729627609253,1.4021321535110474,2.365353584289551,2.5118253231048584,0.0,1.6189563274383545,1.4623714685440063,0.5994210243225098,12.258096694946289,6.80806303024292,2.3441665172576904,0.26989322900772095,4.803038597106934,0.0,5.194900035858154,5.676024913787842,6.168236255645752,0.0,5.087302207946777,3.5960428714752197
0.0,0.8707600831985474,0.0,5.765137672424316,2.398064374923706,3.1554152965545654,0.0,6.0403900146484375,0.0,2.2870335578918457,3.4832675457000732,7.005550861358643,0.0,2.805729627609253,1.4021321535110474,2.365353584289551,2.5118253231048584,0.0,1.6189563274383545,1.4623714685440063,0.5994210243225098,12.258096694946289,6.80806303024292,2.3441665172576904,0.26989322900772095,4.803038597106934,0.0,5.194900035858154,5.676024913787842,6.168236255645752,0.0,5.087302207946777,3.5960428714752197
0.0,0.8707600831985474,0.0,5.765137672424316,2.398064374923706,3.1554152965545654,0.0,6.0403900146484375,0.0,2.2870335578918457,3.4832675457000732,7.005550861358643,0.0,2.805729627609253,1.4021321535110474,2.365353584289551,2.5118253231048584,0.0,1.6189563274383545,1.4623714685440063,0.5994210243225098,12.258096694946289,6.80806303024292,2.3441665172576904,0.26989322900772095,4.803038597106934,0.0,5.194900035858154,5.676024913787842,6.168236255645752,0.0,5.087302207946777,3.5960428714752197
0.0,0.8707600831985474,0.0,5.765137672424316,2.398064374923706,3.1554152965545654,0.0,6.0403900146484375,0.0,2.2870335578918457,3.4832675457000732,7.005550861358643,0.0,2.805729627609253,1.4021321535110474,2.365353584289551,2.5118253231048584,0.0,1.6189563274383545,1.4623714685440063,0.5994210243225098,12.258096694946289,6.80806303024292,2.3441665172576904,0.26989322900772095,4.803038597106934,0.0,5.194900035858154,5.676024913787842,6.168236255645752,0.0,5.087302207946777,3.5960428714752197
0.0,0.8707600831985474,0.0,5.765137672424316,2.398064374923706,3.1554152965545654,0.0,6.0403900146484375,0.0,2.2870335578918457,3.4832675457000732,7.005550861358643,0.0,2.805729627609253,1.4021321535110474,2.365353584289551,2.5118253231048584,0.0,1.6189563274383545,1.4623714685440063,0.5994210243225098,12.258096694946289,6.80806303024292,2.3441665172576904,0.26989322900772095,4.803038597106934,0.0,5.194900035858154,5.676024913787842,6.168236255645752,0.0,5.087302207946777,3.5960428714752197
0.0,0.8707600831985474,0.0,5.765137672424316,2.398064374923706,3.1554152965545654,0.0,6.0403900146484375,0.0,2.2870335578918457,3.4832675457000732,7.005550861358643,0.0,2.805729627609253,1.4021321535110474,2.365353584289551,2.5118253231048584,0.0,1.6189563274383545,1.4623714685440063,0.5994210243225098,12.258096694946289,6.80806303024292,2.3441665172576904,0.26989322900772095,4.803038597106934,0.0,5.194900035858154,5.676024913787842,6.168236255645752,0.0,5.087302207946777,3.5960428714752197
0.0,0.9116501808166504,0.0,3.5209124088287354,3.670290946960449,1.2541604042053223,1.0756968259811401,7.479129791259766,0.0,7.739681720733643,5.563599586486816,9.511728286743164,4.044811248779297,1.029147982597351,0.18844765424728394,2.8657443523406982,1.7209258079528809,0.0,0.1324261873960495,0.4869092106819153,0.0,12.474844932556152,6.633815288543701,3.5782363414764404,1.5708779096603394,4.321352958679199,1.1394460201263428,2.9244985580444336,6.7427287101745605,7.065633296966553,0.12892621755599976,1.3602591753005981,4.428219795227051
0.0,0.9116501808166504,0.0,3.5209124088287354,3.670290946960449,1.2541604042053223,1.0756968259811401,7.479129791259766,0.0,7.739681720733643,5.563599586486816,9.511728286743164,4.044811248779297,1.029147982597351,0.18844765424728394,2.8657443523406982,1.7209258079528809,0.0,0.1324261873960495,0.4869092106819153,0.0,12.474844932556152,6.633815288543701,3.5782363414764404,1.5708779096603394,4.321352958679199,1.1394460201263428,2.9244985580444336,6.7427287101745605,7.065633296966553,0.12892621755599976,1.3602591753005981,4.428219795227051
0.0,0.9116501808166504,0.0,3.5209124088287354,3.670290946960449,1.2541604042053223,1.0756968259811401,7.479129791259766,0.0,7.739681720733643,5.563599586486816,9.511728286743164,4.044811248779297,1.029147982597351,0.18844765424728394,2.8657443523406982,1.7209258079528809,0.0,0.1324261873960495,0.4869092106819153,0.0,12.474844932556152,6.633815288543701,3.5782363414764404,1.5708779096603394,4.321352958679199,1.1394460201263428,2.9244985580444336,6.7427287101745605,7.065633296966553,0.12892621755599976,1.3602591753005981,4.428219795227051
0.0,0.9116501808166504,0.0,3.5209124088287354,3.670290946960449,1.2541604042053223,1.0756968259811401,7.479129791259766,0.0,7.739681720733643,5.563599586486816,9.511728286743164,4.044811248779297,1.029147982597351,0.18844765424728394,2.8657443523406982,1.7209258079528809,0.0,0.1324261873960495,0.4869092106819153,0.0,12.474844932556152,6.633815288543701,3.5782363414764404,1.5708779096603394,4.321352958679199,1.1394460201263428,2.9244985580444336,6.7427287101745605,7.065633296966553,0.12892621755599976,1.3602591753005981,4.428219795227051
0.0,0.9116501808166504,0.0,3.5209124088287354,3.670290946960449,1.2541604042053223,1.0756968259811401,7.479129791259766,0.0,7.739681720733643,5.563599586486816,9.511728286743164,4.044811248779297,1.029147982597351,0.18844765424728394,2.8657443523406982,1.7209258079528809,0.0,0.1324261873960495,0.4869092106819153,0.0,12.474844932556152,6.633815288543701,3.5782363414764404,1.5708779096603394,4.321352958679199,1.1394460201263428,2.9244985580444336,6.7427287101745605,7.065633296966553,0.12892621755599976,1.3602591753005981,4.428219795227051
0.0,0.9116501808166504,0.0,3.5209124088287354,3.670290946960449,1.2541604042053223,1.0756968259811401,7.479129791259766,0.0,7.739681720733643,5.563599586486816,9.511728286743164,4.044811248779297,1.029147982597351,0.18844765424728394,2.8657443523406982,1.7209258079528809,0.0,0.1324261873960495,0.4869092106819153,0.0,12.474844932556152,6.633815288543701,3.5782363414764404,1.5708779096603394,4.321352958679199,1.1394460201263428,2.9244985580444336,6.7427287101745605,7.065633296966553,0.12892621755599976,1.3602591753005981,4.428219795227051
0.0,0.9116501808166504,0.0,3.5209124088287354,3.670290946960449,1.2541604042053223,1.0756968259811401,7.479129791259766,0.0,7.739681720733643,5.563599586486816,9.511728286743164,4.044811248779297,1.029147982597351,0.18844765424728394,2.8657443523406982,1.7209258079528809,0.0,0.1324261873960495,0.4869092106819153,0.0,12.474844932556152,6.633815288543701,3.5782363414764404,1.5708779096603394,4.321352958679199,1.1394460201263428,2.9244985580444336,6.7427287101745605,7.065633296966553,0.12892621755599976,1.3602591753005981,4.428219795227051
0.0,0.9116501808166504,0.0,3.5209124088287354,3.670290946960449,1.2541604042053223,1.0756968259811401,7.479129791259766,0.0,7.739681720733643,5.563599586486816,9.511728286743164,4.044811248779297,1.029147982597351,0.18844765424728394,2.8657443523406982,1.7209258079528809,0.0,0.1324261873960495,0.4869092106819153,0.0,12.474844932556152,6.633815288543701,3.5782363414764404,1.5708779096603394,4.321352958679199,1.1394460201263428,2.9244985580444336,6.7427287101745605,7.065633296966553,0.12892621755599976,1.3602591753005981,4.428219795227051
0.0,0.9116501808166504,0.0,3.5209124088287354,3.670290946960449,1.2541604042053223,1.0756968259811401,7.479129791259766,0.0,7.739681720733643,5.563599586486816,9.511728286743164,4.044811248779297,1.029147982597351,0.18844765424728394,2.8657443523406982,1.7209258079528809,0.0,0.1324261873960495,0.4869092106819153,0.0,12.474844932556152,6.633815288543701,3.5782363414764404,1.5708779096603394,4.321352958679199,1.1394460201263428,2.9244985580444336,6.7427287101745605,7.065633296966553,0.12892621755599976,1.3602591753005981,4.428219795227051
0.0,0.9116501808166504,0.0,3.5209124088287354,3.670290946960449,1.2541604042053223,1.0756968259811401,7.479129791259766,0.0,7.739681720733643,5.563599586486816,9.511728286743164,4.044811248779297,1.029147982597351,0.18844765424728394,2.8657443523406982,1.7209258079528809,0.0,0.1324261873960495,0.4869092106819153,0.0,12.474844932556152,6.633815288543701,3.5782363414764404,1.5708779096603394,4.321352958679199,1.1394460201263428,2.9244985580444336,6.7427287101745605,7.065633296966553,0.12892621755599976,1.3602591753005981,4.428219795227051
0.0,0.9116501808166504,0.0,3.5209124088287354,3.670290946960449,1.2541604042053223,1.0756968259811401,7.479129791259766,0.0,7.739681720733643,5.563599586486816,9.511728286743164,4.044811248779297,1.029147982597351,0.18844765424728394,2.8657443523406982,1.7209258079528809,0.0,0.1324261873960495,0.4869092106819153,0.0,12.474844932556152,6.633815288543701,3.5782363414764404,1.5708779096603394,4.321352958679199,1.1394460201263428,2.9244985580444336,6.7427287101745605,7.065633296966553,0.12892621755599976,1.3602591753005981,4.428219795227051
0.0,0.9116501808166504,0.0,3.5209124088287354,3.670290946960449,1.2541604042053223,1.0756968259811401,7.479129791259766,0.0,7.739681720733643,5.563599586486816,9.511728286743164,4.044811248779297,1.029147982597351,0.18844765424728394,2.8657443523406982,1.7209258079528809,0.0,0.1324261873960495,0.4869092106819153,0.0,12.474844932556152,6.633815288543701,3.5782363414764404,1.5708779096603394,4.321352958679199,1.1394460201263428,2.9244985580444336,6.7427287101745605,7.065633296966553,0.12892621755599976,1.3602591753005981,4.428219795227051
0.0,0.9116501808166504,0.0,3.5209124088287354,3.670290946960449,1.2541604042053223,1.0756968259811401,7.479129791259766,0.0,7.739681720733643,5.563599586486816,9.511728286743164,4.044811248779297,1.029147982597351,0.18844765424728394,2.8657443523406982,1.7209258079528809,0.0,0.1324261873960495,0.4869092106819153,0.0,12.474844932556152,6.633815288543701,3.5782363414764404,1.5708779096603394,4.321352958679199,1.1394460201263428,2.9244985580444336,6.7427287101745605,7.065633296966553,0.12892621755599976,1.3602591753005981,4.428219795227051
0.0,0.9116501808166504,0.0,3.5209124088287354,3.670290946960449,1.2541604042053223,1.0756968259811401,7.479129791259766,0.0,7.739681720733643,5.563599586486816,9.511728286743164,4.044811248779297,1.029147982597351,0.18844765424728394,2.8657443523406982,1.7209258079528809,0.0,0.1324261873960495,0.4869092106819153,0.0,12.474844932556152,6.633815288543701,3.5782363414764404,1.5708779096603394,4.321352958679199,1.1394460201263428,2.9244985580444336,6.7427287101745605,7.065633296966553,0.12892621755599976,1.3602591753005981,4.428219795227051
0.0,0.9116501808166504,0.0,3.5209124088287354,3.670290946960449,1.2541604042053223,1.0756968259811401,7.479129791259766,0.0,7.739681720733643,5.563599586486816,9.511728286743164,4.044811248779297,1.029147982597351,0.18844765424728394,2.8657443523406982,1.7209258079528809,0.0,0.1324261873960495,0.4869092106819153,0.0,12.474844932556152,6.633815288543701,3.5782363414764404,1.5708779096603394,4.321352958679199,1.1394460201263428,2.9244985580444336,6.7427287101745605,7.065633296966553,0.12892621755599976,1.3602591753005981,4.428219795227051
0.0,1.5089771747589111,0.0,6.078906059265137,3.214576482772827,3.028869390487671,0.0,6.646347999572754,0.0,2.2506980895996094,3.1799445152282715,7.765015602111816,0.1250522881746292,2.780076742172241,2.05375337600708,2.5348544120788574,2.5418360233306885,0.0,2.5759682655334473,1.3636205196380615,1.393974781036377,12.631900787353516,7.2012481689453125,3.223066806793213,0.9406436681747437,4.761545181274414,0.27727290987968445,5.036820411682129,5.737322807312012,6.777507305145264,0.0,5.545012474060059,4.212005138397217
0.0,1.5089771747589111,0.0,6.078906059265137,3.214576482772827,3.028869390487671,0.0,6.646347999572754,0.0,2.2506980895996094,3.1799445152282715,7.765015602111816,0.1250522881746292,2.780076742172241,2.05375337600708,2.5348544120788574,2.5418360233306885,0.0,2.5759682655334473,1.3636205196380615,1.393974781036377,12.631900787353516,7.2012481689453125,3.223066806793213,0.9406436681747437,4.761545181274414,0.27727290987968445,5.036820411682129,5.737322807312012,6.777507305145264,0.0,5.545012474060059,4.212005138397217
0.0,1.5089771747589111,0.0,6.078906059265137,3.214576482772827,3.028869390487671,0.0,6.646347999572754,0.0,2.2506980895996094,3.1799445152282715,7.765015602111816,0.1250522881746292,2.780076742172241,2.05375337600708,2.5348544120788574,2.5418360233306885,0.0,2.5759682655334473,1.3636205196380615,1.393974781036377,12.631900787353516,7.2012481689453125,3.223066806793213,0.9406436681747437,4.761545181274414,0.27727290987968445,5.036820411682129,5.737322807312012,6.777507305145264,0.0,5.545012474060059,4.212005138397217
0.0,1.5089771747589111,0.0,6.078906059265137,3.214576482772827,3.028869390487671,0.0,6.646347999572754,0.0,2.2506980895996094,3.1799445152282715,7.765015602111816,0.1250522881746292,2.780076742172241,2.05375337600708,2.5348544120788574,2.5418360233306885,0.0,2.5759682655334473,1.3636205196380615,1.393974781036377,12.631900787353516,7.2012481689453125,3.223066806793213,0.9406436681747437,4.761545181274414,0.27727290987968445,5.036820411682129,5.737322807312012,6.777507305145264,0.0,5.545012474060059,4.212005138397217
0.0,1.5089771747589111,0.0,6.078906059265137,3.214576482772827,3.028869390487671,0.0,6.646347999572754,0.0,2.2506980895996094,3.1799445152282715,7.765015602111816,0.1250522881746292,2.780076742172241,2.05375337600708,2.5348544120788574,2.5418360233306885,0.0,2.5759682655334473,1.3636205196380615,1.393974781036377,12.631900787353516,7.2012481689453125,3.223066806793213,0.9406436681747437,4.761545181274414,0.27727290987968445,5.036820411682129,5.737322807312012,6.777507305145264,0.0,5.545012474060059,4.212005138397217
0.0,1.5089771747589111,0.0,6.078906059265137,3.214576482772827,3.028869390487671,0.0,6.646347999572754,0.0,2.2506980895996094,3.1799445152282715,7.765015602111816,0.1250522881746292,2.780076742172241,2.05375337600708,2.5348544120788574,2.5418360233306885,0.0,2.5759682655334473,1.3636205196380615,1.393974781036377,12.631900787353516,7.2012481689453125,3.223066806793213,0.9406436681747437,4.761545181274414,0.27727290987968445,5.036820411682129,5.737322807312012,6.777507305145264,0.0,5.545012474060059,4.212005138397217
0.0,1.5089771747589111,0.0,6.078906059265137,3.214576482772827,3.028869390487671,0.0,6.646347999572754,0.0,2.2506980895996094,3.1799445152282715,7.765015602111816,0.1250522881746292,2.780076742172241,2.05375337600708,2.5348544120788574,2.5418360233306885,0.0,2.5759682655334473,1.3636205196380615,1.393974781036377,12.631900787353516,7.2012481689453125,3.223066806793213,0.9406436681747437,4.761545181274414,0.27727290987968445,5.036820411682129,5.737322807312012,6.777507305145264,0.0,5.545012474060059,4.212005138397217
0.0,1.5089771747589111,0.0,6.078906059265137,3.214576482772827,3.028869390487671,0.0,6.646347999572754,0.0,2.2506980895996094,3.1799445152282715,7.765015602111816,0.1250522881746292,2.780076742172241,2.05375337600708,2.5348544120788574,2.5418360233306885,0.0,2.5759682655334473,1.3636205196380615,1.393974781036377,12.631900787353516,7.2012481689453125,3.223066806793213,0.9406436681747437,4.761545181274414,0.27727290987968445,5.036820411682129,5.737322807312012,6.777507305145264,0.0,5.545012474060059,4.212005138397217
0.0,1.5089771747589111,0.0,6.078906059265137,3.214576482772827,3.028869390487671,0.0,6.646347999572754,0.0,2.2506980895996094,3.1799445152282715,7.765015602111816,0.1250522881746292,2.780076742172241,2.05375337600708,2.5348544120788574,2.5418360233306885,0.0,2.5759682655334473,1.3636205196380615,1.393974781036377,12.631900787353516,7.2012481689453125,3.223066806793213,0.9406436681747437,4.761545181274414,0.27727290987968445,5.036820411682129,5.737322807312012,6.777507305145264,0.0,5.545012474060059,4.212005138397217
0.0,1.5089771747589111,0.0,6.078906059265137,3.214576482772827,3.028869390487671,0.0,6.646347999572754,0.0,2.2506980895996094,3.1799445152282715,7.765015602111816,0.1250522881746292,2.780076742172241,2.05375337600708,2.5348544120788574,2.5418360233306885,0.0,2.5759682655334473,1.3636205196380615,1.393974781036377,12.631900787353516,7.2012481689453125,3.223066806793213,0.9406436681747437,4.761545181274414,0.27727290987968445,5.036820411682129,5.737322807312012,6.777507305145264,0.0,5.545012474060059,4.212005138397217
0.0,1.5089771747589111,0.0,6.078906059265137,3.214576482772827,3.028869390487671,0.0,6.646347999572754,0.0,2.2506980895996094,3.1799445152282715,7.765015602111816,0.1250522881746292,2.780076742172241,2.05375337600708,2.5348544120788574,2.5418360233306885,0.0,2.5759682655334473,1.3636205196380615,1.393974781036377,12.631900787353516,7.2012481689453125,3.223066806793213,0.9406436681747437,4.761545181274414,0.27727290987968445,5.036820411682129,5.737322807312012,6.777507305145264,0.0,5.545012474060059,4.212005138397217
0.0,1.5089771747589111,0.0,6.078906059265137,3.214576482772827,3.028869390487671,0.0,6.646347999572754,0.0,2.2506980895996094,3.1799445152282715,7.765015602111816,0.1250522881746292,2.780076742172241,2.05375337600708,2.5348544120788574,2.5418360233306885,0.0,2.5759682655334473,1.3636205196380615,1.393974781036377,12.631900787353516,7.2012481689453125,3.223066806793213,0.9406436681747437,4.761545181274414,0.27727290987968445,5.036820411682129,5.737322807312012,6.777507305145264,0.0,5.545012474060059,4.212005138397217
0.0,1.5089771747589111,0.0,6.078906059265137,3.214576482772827,3.028869390487671,0.0,6.646347999572754,0.0,2.2506980895996094,3.1799445152282715,7.765015602111816,0.1250522881746292,2.780076742172241,2.05375337600708,2.5348544120788574,2.5418360233306885,0.0,2.5759682655334473,1.3636205196380615,1.393974781036377,12.631900787353516,7.2012481689453125,3.223066806793213,0.9406436681747437,4.761545181274414,0.27727290987968445,5.036820411682129,5.737322807312012,6.777507305145264,0.0,5.545012474060059,4.212005138397217
0.0,1.5089771747589111,0.0,6.078906059265137,3.214576482772827,3.028869390487671,0.0,6.646347999572754,0.0,2.2506980895996094,3.1799445152282715,7.765015602111816,0.1250522881746292,2.780076742172241,2.05375337600708,2.5348544120788574,2.5418360233306885,0.0,2.5759682655334473,1.3636205196380615,1.393974781036377,12.631900787353516,7.2012481689453125,3.223066806793213,0.9406436681747437,4.761545181274414,0.27727290987968445,5.036820411682129,5.737322807312012,6.777507305145264,0.0,5.545012474060059,4.212005138397217
0.0,1.5089771747589111,0.0,6.078906059265137,3.214576482772827,3.028869390487671,0.0,6.646347999572754,0.0,2.2506980895996094,3.1799445152282715,7.765015602111816,0.1250522881746292,2.780076742172241,2.05375337600708,2.5348544120788574,2.5418360233306885,0.0,2.5759682655334473,1.3636205196380615,1.393974781036377,12.631900787353516,7.2012481689453125,3.223066806793213,0.9406436681747437,4.761545181274414,0.27727290987968445,5.036820411682129,5.737322807312012,6.777507305145264,0.0,5.545012474060059,4.212005138397217
0.0,1.1284079551696777,0.0,3.6602296829223633,4.162536144256592,1.270815372467041,1.0302397012710571,7.841414451599121,0.0,7.869178295135498,5.613237380981445,10.029426574707031,4.262916564941406,0.9955867528915405,0.48551177978515625,2.9102861881256104,1.8223141431808472,0.0,0.6104503273963928,0.40633732080459595,0.0,12.674195289611816,6.853597640991211,3.9778058528900146,1.8563557863235474,4.3059515953063965,1.3120265007019043,2.9201059341430664,6.72878885269165,7.362618923187256,0.0,1.5313966274261475,4.823996067047119
0.0,1.1284079551696777,0.0,3.6602296829223633,4.162536144256592,1.270815372467041,1.0302397012710571,7.841414451599121,0.0,7.869178295135498,5.613237380981445,10.029426574707031,4.262916564941406,0.9955867528915405,0.48551177978515625,2.9102861881256104,1.8223141431808472,0.0,0.6104503273963928,0.40633732080459595,0.0,12.674195289611816,6.853597640991211,3.9778058528900146,1.8563557863235474,4.3059515953063965,1.3120265007019043,2.9201059341430664,6.72878885269165,7.362618923187256,0.0,1.5313966274261475,4.823996067047119
0.0,1.1284079551696777,0.0,3.6602296829223633,4.162536144256592,1.270815372467041,1.0302397012710571,7.841414451599121,0.0,7.869178295135498,5.613237380981445,10.029426574707031,4.262916564941406,0.9955867528915405,0.48551177978515625,2.9102861881256104,1.8223141431808472,0.0,0.6104503273963928,0.40633732080459595,0.0,12.674195289611816,6.853597640991211,3.9778058528900146,1.8563557863235474,4.3059515953063965,1.3120265007019043,2.9201059341430664,6.72878885269165,7.362618923187256,0.0,1.5313966274261475,4.823996067047119
0.0,1.1284079551696777,0.0,3.6602296829223633,4.162536144256592,1.270815372467041,1.0302397012710571,7.841414451599121,0.0,7.869178295135498,5.613237380981445,10.029426574707031,4.262916564941406,0.9955867528915405,0.48551177978515625,2.9102861881256104,1.8223141431808472,0.0,0.6104503273963928,0.40633732080459595,0.0,12.674195289611816,6.853597640991211,3.9778058528900146,1.8563557863235474,4.3059515953063965,1.3120265007019043,2.9201059341430664,6.72878885269165,7.362618923187256,0.0,1.5313966274261475,4.823996067047119
0.0,1.1284079551696777,0.0,3.6602296829223633,4.162536144256592,1.270815372467041,1.0302397012710571,7.841414451599121,0.0,7.869178295135498,5.613237380981445,10.029426574707031,4.262916564941406,0.9955867528915405,0.48551177978515625,2.9102861881256104,1.8223141431808472,0.0,0.6104503273963928,0.40633732080459595,0.0,12.674195289611816,6.853597640991211,3.9778058528900146,1.8563557863235474,4.3059515953063965,1.3120265007019043,2.9201059341430664,6.72878885269165,7.362618923187256,0.0,1.5313966274261475,4.823996067047119
0.0,1.1284079551696777,0.0,3.6602296829223633,4.162536144256592,1.270815372467041,1.0302397012710571,7.841414451599121,0.0,7.869178295135498,5.613237380981445,10.029426574707031,4.262916564941406,0.9955867528915405,0.48551177978515625,2.9102861881256104,1.8223141431808472,0.0,0.6104503273963928,0.40633732080459595,0.0,12.674195289611816,6.853597640991211,3.9778058528900146,1.8563557863235474,4.3059515953063965,1.3120265007019043,2.9201059341430664,6.72878885269165,7.362618923187256,0.0,1.5313966274261475,4.823996067047119
0.0,1.1284079551696777,0.0,3.6602296829223633,4.162536144256592,1.270815372467041,1.0302397012710571,7.841414451599121,0.0,7.869178295135498,5.613237380981445,10.029426574707031,4.262916564941406,0.9955867528915405,0.48551177978515625,2.9102861881256104,1.8223141431808472,0.0,0.6104503273963928,0.40633732080459595,0.0,12.674195289611816,6.853597640991211,3.9778058528900146,1.8563557863235474,4.3059515953063965,1.3120265007019043,2.9201059341430664,6.72878885269165,7.362618923187256,0.0,1.5313966274261475,4.823996067047119
0.0,1.1284079551696777,0.0,3.6602296829223633,4.162536144256592,1.270815372467041,1.0302397012710571,7.841414451599121,0.0,7.869178295135498,5.613237380981445,10.029426574707031,4.262916564941406,0.9955867528915405,0.48551177978515625,2.9102861881256104,1.8223141431808472,0.0,0.6104503273963928,0.40633732080459595,0.0,12.674195289611816,6.853597640991211,3.9778058528900146,1.8563557863235474,4.3059515953063965,1.3120265007019043,2.9201059341430664,6.72878885269165,7.362618923187256,0.0,1.5313966274261475,4.823996067047119
0.0,1.1284079551696777,0.0,3.6602296829223633,4.162536144256592,1.270815372467041,1.0302397012710571,7.841414451599121,0.0,7.869178295135498,5.613237380981445,10.029426574707031,4.262916564941406,0.9955867528915405,0.48551177978515625,2.9102861881256104,1.8223141431808472,0.0,0.6104503273963928,0.40633732080459595,0.0,12.674195289611816,6.853597640991211,3.9778058528900146,1.8563557863235474,4.3059515953063965,1.3120265007019043,2.9201059341430664,6.72878885269165,7.362618923187256,0.0,1.5313966274261475,4.823996067047119
0.0,1.1284079551696777,0.0,3.6602296829223633,4.162536144256592,1.270815372467041,1.0302397012710571,7.841414451599121,0.0,7.869178295135498,5.613237380981445,10.029426574707031,4.262916564941406,0.9955867528915405,0.48551177978515625,2.9102861881256104,1.8223141431808472,0.0,0.6104503273963928,0.40633732080459595,0.0,12.674195289611816,6.853597640991211,3.9778058528900146,1.8563557863235474,4.3059515953063965,1.3120265007019043,2.9201059341430664,6.72878885269165,7.362618923187256,0.0,1.5313966274261475,4.823996067047119
0.0,1.1284079551696777,0.0,3.6602296829223633,4.162536144256592,1.270815372467041,1.0302397012710571,7.841414451599121,0.0,7.869178295135498,5.613237380981445,10.029426574707031,4.262916564941406,0.9955867528915405,0.48551177978515625,2.9102861881256104,1.8223141431808472,0.0,0.6104503273963928,0.40633732080459595,0.0,12.674195289611816,6.853597640991211,3.9778058528900146,1.8563557863235474,4.3059515953063965,1.3120265007019043,2.9201059341430664,6.72878885269165,7.362618923187256,0.0,1.5313966274261475,4.823996067047119
0.0,1.1284079551696777,0.0,3.6602296829223633,4.162536144256592,1.270815372467041,1.0302397012710571,7.841414451599121,0.0,7.869178295135498,5.613237380981445,10.029426574707031,4.262916564941406,0.9955867528915405,0.48551177978515625,2.9102861881256104,1.8223141431808472,0.0,0.6104503273963928,0.40633732080459595,0.0,12.674195289611816,6.853597640991211,3.9778058528900146,1.8563557863235474,4.3059515953063965,1.3120265007019043,2.9201059341430664,6.72878885269165,7.362618923187256,0.0,1.5313966274261475,4.823996067047119
0.0,1.1284079551696777,0.0,3.6602296829223633,4.162536144256592,1.270815372467041,1.0302397012710571,7.841414451599121,0.0,7.869178295135498,5.613237380981445,10.029426574707031,4.262916564941406,0.9955867528915405,0.48551177978515625,2.9102861881256104,1.8223141431808472,0.0,0.6104503273963928,0.40633732080459595,0.0,12.674195289611816,6.853597640991211,3.9778058528900146,1.8563557863235474,4.3059515953063965,1.3120265007019043,2.9201059341430664,6.72878885269165,7.362618923187256,0.0,1.5313966274261475,4.823996067047119
0.0,1.1284079551696777,0.0,3.6602296829223633,4.162536144256592,1.270815372467041,1.0302397012710571,7.841414451599121,0.0,7.869178295135498,5.613237380981445,10.029426574707031,4.262916564941406,0.9955867528915405,0.48551177978515625,2.9102861881256104,1.8223141431808472,0.0,0.6104503273963928,0.40633732080459595,0.0,12.674195289611816,6.853597640991211,3.9778058528900146,1.8563557863235474,4.3059515953063965,1.3120265007019043,2.9201059341430664,6.72878885269165,7.362618923187256,0.0,1.5313966274261475,4.823996067047119
0.0,1.1284079551696777,0.0,3.6602296829223633,4.162536144256592,1.270815372467041,1.0302397012710571,7.841414451599121,0.0,7.869178295135498,5.613237380981445,10.029426574707031,4.262916564941406,0.9955867528915405,0.48551177978515625,2.9102861881256104,1.8223141431808472,0.0,0.6104503273963928,0.40633732080459595,0.0,12.674195289611816,6.853597640991211,3.9778058528900146,1.8563557863235474,4.3059515953063965,1.3120265007019043,2.9201059341430664,6.72878885269165,7.362618923187256,0.0,1.5313966274261475,4.823996067047119
0.0,0.3001735210418701,0.0,5.982335090637207,2.815570831298828,4.037848472595215,0.0,5.513286113739014,0.0,2.5591342449188232,3.739443063735962,7.995852470397949,1.1454588174819946,2.3442280292510986,0.31589287519454956,3.1268160343170166,3.2109408378601074,0.0,1.2362409830093384,1.0771877765655518,0.0,12.233375549316406,7.287365436553955,1.8385621309280396,0.0,4.720937252044678,0.0,5.413536548614502,5.818648338317871,6.404516696929932,0.0,4.866573333740234,3.7415144443511963
0.0,0.3001735210418701,0.0,5.982335090637207,2.815570831298828,4.037848472595215,0.0,5.513286113739014,0.0,2.5591342449188232,3.739443063735962,7.995852470397949,1.1454588174819946,2.3442280292510986,0.31589287519454956,3.1268160343170166,3.2109408378601074,0.0,1.2362409830093384,1.0771877765655518,0.0,12.233375549316406,7.287365436553955,1.8385621309280396,0.0,4.720937252044678,0.0,5.413536548614502,5.818648338317871,6.404516696929932,0.0,4.866573333740234,3.7415144443511963
0.0,0.3001735210418701,0.0,5.982335090637207,2.815570831298828,4.037848472595215,0.0,5.513286113739014,0.0,2.5591342449188232,3.739443063735962,7.995852470397949,1.1454588174819946,2.3442280292510986,0.31589287519454956,3.1268160343170166,3.2109408378601074,0.0,1.2362409830093384,1.0771877765655518,0.0,12.233375549316406,7.287365436553955,1.8385621309280396,0.0,4.720937252044678,0.0,5.413536548614502,5.818648338317871,6.404516696929932,0.0,4.866573333740234,3.7415144443511963
0.0,0.3001735210418701,0.0,5.982335090637207,2.815570831298828,4.037848472595215,0.0,5.513286113739014,0.0,2.5591342449188232,3.739443063735962,7.995852470397949,1.1454588174819946,2.3442280292510986,0.31589287519454956,3.1268160343170166,3.2109408378601074,0.0,1.2362409830093384,1.0771877765655518,0.0,12.233375549316406,7.287365436553955,1.8385621309280396,0.0,4.720937252044678,0.0,5.413536548614502,5.818648338317871,6.404516696929932,0.0,4.866573333740234,3.7415144443511963
0.0,0.3001735210418701,0.0,5.982335090637207,2.815570831298828,4.037848472595215,0.0,5.513286113739014,0.0,2.5591342449188232,3.739443063735962,7.995852470397949,1.1454588174819946,2.3442280292510986,0.31589287519454956,3.1268160343170166,3.2109408378601074,0.0,1.2362409830093384,1.0771877765655518,0.0,12.233375549316406,7.287365436553955,1.8385621309280396,0.0,4.720937252044678,0.0,5.413536548614502,5.818648338317871,6.404516696929932,0.0,4.866573333740234,3.7415144443511963
0.0,0.3001735210418701,0.0,5.982335090637207,2.815570831298828,4.037848472595215,0.0,5.513286113739014,0.0,2.5591342449188232,3.739443063735962,7.995852470397949,1.1454588174819946,2.3442280292510986,0.31589287519454956,3.1268160343170166,3.2109408378601074,0.0,1.2362409830093384,1.0771877765655518,0.0,12.233375549316406,7.287365436553955,1.8385621309280396,0.0,4.720937252044678,0.0,5.413536548614502,5.818648338317871,6.404516696929932,0.0,4.866573333740234,3.7415144443511963
0.0,0.3001735210418701,0.0,5.982335090637207,2.815570831298828,4.037848472595215,0.0,5.513286113739014,0.0,2.5591342449188232,3.739443063735962,7.995852470397949,1.1454588174819946,2.3442280292510986,0.31589287519454956,3.1268160343170166,3.2109408378601074,0.0,1.2362409830093384,1.0771877765655518,0.0,12.233375549316406,7.287365436553955,1.8385621309280396,0.0,4.720937252044678,0.0,5.413536548614502,5.818648338317871,6.404516696929932,0.0,4.866573333740234,3.7415144443511963
0.0,0.3001735210418701,0.0,5.982335090637207,2.815570831298828,4.037848472595215,0.0,5.513286113739014,0.0,2.5591342449188232,3.739443063735962,7.995852470397949,1.1454588174819946,2.3442280292510986,0.31589287519454956,3.1268160343170166,3.2109408378601074,0.0,1.2362409830093384,1.0771877765655518,0.0,12.233375549316406,7.287365436553955,1.8385621309280396,0.0,4.720937252044678,0.0,5.413536548614502,5.818648338317871,6.404516696929932,0.0,4.866573333740234,3.7415144443511963
0.0,0.3001735210418701,0.0,5.982335090637207,2.815570831298828,4.037848472595215,0.0,5.513286113739014,0.0,2.5591342449188232,3.739443063735962,7.995852470397949,1.1454588174819946,2.3442280292510986,0.31589287519454956,3.1268160343170166,3.2109408378601074,0.0,1.2362409830093384,1.0771877765655518,0.0,12.233375549316406,7.287365436553955,1.8385621309280396,0.0,4.720937252044678,0.0,5.413536548614502,5.818648338317871,6.404516696929932,0.0,4.866573333740234,3.7415144443511963
0.0,0.3001735210418701,0.0,5.982335090637207,2.815570831298828,4.037848472595215,0.0,5.513286113739014,0.0,2.5591342449188232,3.739443063735962,7.995852470397949,1.1454588174819946,2.3442280292510986,0.31589287519454956,3.1268160343170166,3.2109408378601074,0.0,1.2362409830093384,1.0771877765655518,0.0,12.233375549316406,7.287365436553955,1.8385621309280396,0.0,4.720937252044678,0.0,5.413536548614502,5.818648338317871,6.404516696929932,0.0,4.866573333740234,3.7415144443511963
0.0,0.3001735210418701,0.0,5.982335090637207,2.815570831298828,4.037848472595215,0.0,5.513286113739014,0.0,2.5591342449188232,3.739443063735962,7.995852470397949,1.1454588174819946,2.3442280292510986,0.31589287519454956,3.1268160343170166,3.2109408378601074,0.0,1.2362409830093384,1.0771877765655518,0.0,12.233375549316406,7.287365436553955,1.8385621309280396,0.0,4.720937252044678,0.0,5.413536548614502,5.818648338317871,6.404516696929932,0.0,4.866573333740234,3.7415144443511963
0.0,0.3001735210418701,0.0,5.982335090637207,2.815570831298828,4.037848472595215,0.0,5.513286113739014,0.0,2.5591342449188232,3.739443063735962,7.995852470397949,1.1454588174819946,2.3442280292510986,0.31589287519454956,3.1268160343170166,3.2109408378601074,0.0,1.2362409830093384,1.0771877765655518,0.0,12.233375549316406,7.287365436553955,1.8385621309280396,0.0,4.720937252044678,0.0,5.413536548614502,5.818648338317871,6.404516696929932,0.0,4.866573333740234,3.7415144443511963
0.0,0.3001735210418701,0.0,5.982335090637207,2.815570831298828,4.037848472595215,0.0,5.513286113739014,0.0,2.5591342449188232,3.739443063735962,7.995852470397949,1.1454588174819946,2.3442280292510986,0.31589287519454956,3.1268160343170166,3.2109408378601074,0.0,1.2362409830093384,1.0771877765655518,0.0,12.233375549316406,7.287365436553955,1.8385621309280396,0.0,4.720937252044678,0.0,5.413536548614502,5.818648338317871,6.404516696929932,0.0,4.866573333740234,3.7415144443511963
0.0,0.3001735210418701,0.0,5.982335090637207,2.815570831298828,4.037848472595215,0.0,5.513286113739014,0.0,2.5591342449188232,3.739443063735962,7.995852470397949,1.1454588174819946,2.3442280292510986,0.31589287519454956,3.1268160343170166,3.2109408378601074,0.0,1.2362409830093384,1.0771877765655518,0.0,12.233375549316406,7.287365436553955,1.8385621309280396,0.0,4.720937252044678,0.0,5.413536548614502,5.818648338317871,6.404516696929932,0.0,4.866573333740234,3.7415144443511963
0.0,0.3001735210418701,0.0,5.982335090637207,2.815570831298828,4.037848472595215,0.0,5.513286113739014,0.0,2.5591342449188232,3.739443063735962,7.995852470397949,1.1454588174819946,2.3442280292510986,0.31589287519454956,3.1268160343170166,3.2109408378601074,0.0,1.2362409830093384,1.0771877765655518,0.0,12.233375549316406,7.287365436553955,1.8385621309280396,0.0,4.720937252044678,0.0,5.413536548614502,5.818648338317871,6.404516696929932,0.0,4.866573333740234,3.7415144443511963
0.0,0.0,0.0,4.896951675415039,3.822868585586548,2.8691208362579346,0.0,5.291619300842285,0.0,4.369483470916748,2.89121675491333,8.364638328552246,4.711945056915283,1.4169926643371582,0.0,3.4861016273498535,3.3505027294158936,0.0,0.5523446202278137,0.2085222452878952,0.0,11.897093772888184,6.060030460357666,2.852621555328369,0.0,4.354086875915527,0.0,2.5240895748138428,5.0400614738464355,9.540410041809082,0.0,2.6434810161590576,4.355772018432617
0.0,0.0,0.0,4.896951675415039,3.822868585586548,2.8691208362579346,0.0,5.291619300842285,0.0,4.369483470916748,2.89121675491333,8.364638328552246,4.711945056915283,1.4169926643371582,0.0,3.4861016273498535,3.3505027294158936,0.0,0.5523446202278137,0.2085222452878952,0.0,11.897093772888184,6.060030460357666,2.852621555328369,0.0,4.354086875915527,0.0,2.5240895748138428,5.0400614738464355,9.540410041809082,0.0,2.6434810161590576,4.355772018432617
0.0,0.0,0.0,4.896951675415039,3.822868585586548,2.8691208362579346,0.0,5.291619300842285,0.0,4.369483470916748,2.89121675491333,8.364638328552246,4.711945056915283,1.4169926643371582,0.0,3.4861016273498535,3.3505027294158936,0.0,0.5523446202278137,0.2085222452878952,0.0,11.897093772888184,6.060030460357666,2.852621555328369,0.0,4.354086875915527,0.0,2.5240895748138428,5.0400614738464355,9.540410041809082,0.0,2.6434810161590576,4.355772018432617
0.0,0.0,0.0,4.896951675415039,3.822868585586548,2.8691208362579346,0.0,5.291619300842285,0.0,4.369483470916748,2.89121675491333,8.364638328552246,4.711945056915283,1.4169926643371582,0.0,3.4861016273498535,3.3505027294158936,0.0,0.5523446202278137,0.2085222452878952,0.0,11.897093772888184,6.060030460357666,2.852621555328369,0.0,4.354086875915527,0.0,2.5240895748138428,5.0400614738464355,9.540410041809082,0.0,2.6434810161590576,4.355772018432617
0.0,0.0,0.0,4.896951675415039,3.822868585586548,2.8691208362579346,0.0,5.291619300842285,0.0,4.369483470916748,2.89121675491333,8.364638328552246,4.711945056915283,1.4169926643371582,0.0,3.4861016273498535,3.3505027294158936,0.0,0.5523446202278137,0.2085222452878952,0.0,11.897093772888184,6.060030460357666,2.852621555328369,0.0,4.354086875915527,0.0,2.5240895748138428,5.0400614738464355,9.540410041809082,0.0,2.6434810161590576,4.355772018432617
0.0,0.0,0.0,4.896951675415039,3.822868585586548,2.8691208362579346,0.0,5.291619300842285,0.0,4.369483470916748,2.89121675491333,8.364638328552246,4.711945056915283,1.4169926643371582,0.0,3.4861016273498535,3.3505027294158936,0.0,0.5523446202278137,0.2085222452878952,0.0,11.897093772888184,6.060030460357666,2.852621555328369,0.0,4.354086875915527,0.0,2.5240895748138428,5.0400614738464355,9.540410041809082,0.0,2.6434810161590576,4.355772018432617
0.0,0.0,0.0,4.896951675415039,3.822868585586548,2.8691208362579346,0.0,5.291619300842285,0.0,4.369483470916748,2.89121675491333,8.364638328552246,4.711945056915283,1.4169926643371582,0.0,3.4861016273498535,3.3505027294158936,0.0,0.5523446202278137,0.2085222452878952,0.0,11.897093772888184,6.060030460357666,2.852621555328369,0.0,4.354086875915527,0.0,2.5240895748138428,5.0400614738464355,9.540410041809082,0.0,2.6434810161590576,4.355772018432617
0.0,0.0,0.0,4.896951675415039,3.822868585586548,2.8691208362579346,0.0,5.291619300842285,0.0,4.369483470916748,2.89121675491333,8.364638328552246,4.711945056915283,1.4169926643371582,0.0,3.4861016273498535,3.3505027294158936,0.0,0.5523446202278137,0.2085222452878952,0.0,11.897093772888184,6.060030460357666,2.852621555328369,0.0,4.354086875915527,0.0,2.5240895748138428,5.0400614738464355,9.540410041809082,0.0,2.6434810161590576,4.355772018432617
0.0,0.0,0.0,4.896951675415039,3.822868585586548,2.8691208362579346,0.0,5.291619300842285,0.0,4.369483470916748,2.89121675491333,8.364638328552246,4.711945056915283,1.4169926643371582,0.0,3.4861016273498535,3.3505027294158936,0.0,0.5523446202278137,0.2085222452878952,0.0,11.897093772888184,6.060030460357666,2.852621555328369,0.0,4.354086875915527,0.0,2.5240895748138428,5.0400614738464355,9.540410041809082,0.0,2.6434810161590576,4.355772018432617
0.0,0.0,0.0,4.896951675415039,3.822868585586548,2.8691208362579346,0.0,5.291619300842285,0.0,4.369483470916748,2.89121675491333,8.364638328552246,4.711945056915283,1.4169926643371582,0.0,3.4861016273498535,3.3505027294158936,0.0,0.5523446202278137,0.2085222452878952,0.0,11.897093772888184,6.060030460357666,2.852621555328369,0.0,4.354086875915527,0.0,2.5240895748138428,5.0400614738464355,9.540410041809082,0.0,2.6434810161590576,4.355772018432617
0.0,0.0,0.0,4.896951675415039,3.822868585586548,2.8691208362579346,0.0,5.291619300842285,0.0,4.369483470916748,2.89121675491333,8.364638328552246,4.711945056915283,1.4169926643371582,0.0,3.4861016273498535,3.3505027294158936,0.0,0.5523446202278137,0.2085222452878952,0.0,11.897093772888184,6.060030460357666,2.852621555328369,0.0,4.354086875915527,0.0,2.5240895748138428,5.0400614738464355,9.540410041809082,0.0,2.6434810161590576,4.355772018432617
0.0,0.0,0.0,4.896951675415039,3.822868585586548,2.8691208362579346,0.0,5.291619300842285,0.0,4.369483470916748,2.89121675491333,8.364638328552246,4.711945056915283,1.4169926643371582,0.0,3.4861016273498535,3.3505027294158936,0.0,0.5523446202278137,0.2085222452878952,0.0,11.897093772888184,6.060030460357666,2.852621555328369,0.0,4.354086875915527,0.0,2.5240895748138428,5.0400614738464355,9.540410041809082,0.0,2.6434810161590576,4.355772018432617
0.0,0.0,0.0,4.896951675415039,3.822868585586548,2.8691208362579346,0.0,5.291619300842285,0.0,4.369483470916748,2.89121675491333,8.364638328552246,4.711945056915283,1.4169926643371582,0.0,3.4861016273498535,3.3505027294158936,0.0,0.5523446202278137,0.2085222452878952,0.0,11.897093772888184,6.060030460357666,2.852621555328369,0.0,4.354086875915527,0.0,2.5240895748138428,5.0400614738464355,9.540410041809082,0.0,2.6434810161590576,4.355772018432617
0.0,0.0,0.0,4.896951675415039,3.822868585586548,2.8691208362579346,0.0,5.291619300842285,0.0,4.369483470916748,2.89121675491333,8.364638328552246,4.711945056915283,1.4169926643371582,0.0,3.4861016273498535,3.3505027294158936,0.0,0.5523446202278137,0.2085222452878952,0.0,11.897093772888184,6.060030460357666,2.852621555328369,0.0,4.354086875915527,0.0,2.5240895748138428,5.0400614738464355,9.540410041809082,0.0,2.6434810161590576,4.355772018432617
0.0,0.0,0.0,4.896951675415039,3.822868585586548,2.8691208362579346,0.0,5.291619300842285,0.0,4.369483470916748,2.89121675491333,8.364638328552246,4.711945056915283,1.4169926643371582,0.0,3.4861016273498535,3.3505027294158936,0.0,0.5523446202278137,0.2085222452878952,0.0,11.897093772888184,6.060030460357666,2.852621555328369,0.0,4.354086875915527,0.0,2.5240895748138428,5.0400614738464355,9.540410041809082,0.0,2.6434810161590576,4.355772018432617
0.0,0.0,0.0,2.8424196243286133,3.472496271133423,1.9716371297836304,0.6023951172828674,4.926053047180176,0.0,6.637767791748047,5.571629524230957,8.581225395202637,5.611340522766113,1.272748589515686,0.0,5.075037956237793,2.2985708713531494,0.0,0.0,0.3444463610649109,0.0,12.366135597229004,6.821324825286865,1.4913742542266846,0.0,3.9310896396636963,0.0,2.3608384132385254,4.784284591674805,8.071354866027832,0.0,0.7715179324150085,4.4729905128479
0.0,0.0,0.0,2.8424196243286133,3.472496271133423,1.9716371297836304,0.6023951172828674,4.926053047180176,0.0,6.637767791748047,5.571629524230957,8.581225395202637,5.611340522766113,1.272748589515686,0.0,5.075037956237793,2.2985708713531494,0.0,0.0,0.3444463610649109,0.0,12.366135597229004,6.821324825286865,1.4913742542266846,0.0,3.9310896396636963,0.0,2.3608384132385254,4.784284591674805,8.071354866027832,0.0,0.7715179324150085,4.4729905128479
0.0,0.0,0.0,2.8424196243286133,3.472496271133423,1.9716371297836304,0.6023951172828674,4.926053047180176,0.0,6.637767791748047,5.571629524230957,8.581225395202637,5.611340522766113,1.272748589515686,0.0,5.075037956237793,2.2985708713531494,0.0,0.0,0.3444463610649109,0.0,12.366135597229004,6.821324825286865,1.4913742542266846,0.0,3.9310896396636963,0.0,2.3608384132385254,4.784284591674805,8.071354866027832,0.0,0.7715179324150085,4.4729905128479
0.0,0.0,0.0,2.8424196243286133,3.472496271133423,1.9716371297836304,0.6023951172828674,4.926053047180176,0.0,6.637767791748047,5.571629524230957,8.581225395202637,5.611340522766113,1.272748589515686,0.0,5.075037956237793,2.2985708713531494,0.0,0.0,0.3444463610649109,0.0,12.366135597229004,6.821324825286865,1.4913742542266846,0.0,3.9310896396636963,0.0,2.3608384132385254,4.784284591674805,8.071354866027832,0.0,0.7715179324150085,4.4729905128479
0.0,0.0,0.0,2.8424196243286133,3.472496271133423,1.9716371297836304,0.6023951172828674,4.926053047180176,0.0,6.637767791748047,5.571629524230957,8.581225395202637,5.611340522766113,1.272748589515686,0.0,5.075037956237793,2.2985708713531494,0.0,0.0,0.3444463610649109,0.0,12.366135597229004,6.821324825286865,1.4913742542266846,0.0,3.9310896396636963,0.0,2.3608384132385254,4.784284591674805,8.071354866027832,0.0,0.7715179324150085,4.4729905128479
0.0,0.0,0.0,2.8424196243286133,3.472496271133423,1.9716371297836304,0.6023951172828674,4.926053047180176,0.0,6.637767791748047,5.571629524230957,8.581225395202637,5.611340522766113,1.272748589515686,0.0,5.075037956237793,2.2985708713531494,0.0,0.0,0.3444463610649109,0.0,12.366135597229004,6.821324825286865,1.4913742542266846,0.0,3.9310896396636963,0.0,2.3608384132385254,4.784284591674805,8.071354866027832,0.0,0.7715179324150085,4.4729905128479
0.0,0.0,0.0,2.8424196243286133,3.472496271133423,1.9716371297836304,0.6023951172828674,4.926053047180176,0.0,6.637767791748047,5.571629524230957,8.581225395202637,5.611340522766113,1.272748589515686,0.0,5.075037956237793,2.2985708713531494,0.0,0.0,0.3444463610649109,0.0,12.366135597229004,6.821324825286865,1.4913742542266846,0.0,3.9310896396636963,0.0,2.3608384132385254,4.784284591674805,8.071354866027832,0.0,0.7715179324150085,4.4729905128479
0.0,0.0,0.0,2.8424196243286133,3.472496271133423,1.9716371297836304,0.6023951172828674,4.926053047180176,0.0,6.637767791748047,5.571629524230957,8.581225395202637,5.611340522766113,1.272748589515686,0.0,5.075037956237793,2.2985708713531494,0.0,0.0,0.3444463610649109,0.0,12.366135597229004,6.821324825286865,1.4913742542266846,0.0,3.9310896396636963,0.0,2.3608384132385254,4.784284591674805,8.071354866027832,0.0,0.7715179324150085,4.4729905128479
0.0,0.0,0.0,2.8424196243286133,3.472496271133423,1.9716371297836304,0.6023951172828674,4.926053047180176,0.0,6.637767791748047,5.571629524230957,8.581225395202637,5.611340522766113,1.272748589515686,0.0,5.075037956237793,2.2985708713531494,0.0,0.0,0.3444463610649109,0.0,12.366135597229004,6.821324825286865,1.4913742542266846,0.0,3.9310896396636963,0.0,2.3608384132385254,4.784284591674805,8.071354866027832,0.0,0.7715179324150085,4.4729905128479
0.0,0.0,0.0,2.8424196243286133,3.472496271133423,1.9716371297836304,0.6023951172828674,4.926053047180176,0.0,6.637767791748047,5.571629524230957,8.581225395202637,5.611340522766113,1.272748589515686,0.0,5.075037956237793,2.2985708713531494,0.0,0.0,0.3444463610649109,0.0,12.366135597229004,6.821324825286865,1.4913742542266846,0.0,3.9310896396636963,0.0,2.3608384132385254,4.784284591674805,8.071354866027832,0.0,0.7715179324150085,4.4729905128479
0.0,0.0,0.0,2.8424196243286133,3.472496271133423,1.9716371297836304,0.6023951172828674,4.926053047180176,0.0,6.637767791748047,5.571629524230957,8.581225395202637,5.611340522766113,1.272748589515686,0.0,5.075037956237793,2.2985708713531494,0.0,0.0,0.3444463610649109,0.0,12.366135597229004,6.821324825286865,1.4913742542266846,0.0,3.9310896396636963,0.0,2.3608384132385254,4.784284591674805,8.071354866027832,0.0,0.7715179324150085,4.4729905128479
0.0,0.0,0.0,2.8424196243286133,3.472496271133423,1.9716371297836304,0.6023951172828674,4.926053047180176,0.0,6.637767791748047,5.571629524230957,8.581225395202637,5.611340522766113,1.272748589515686,0.0,5.075037956237793,2.2985708713531494,0.0,0.0,0.3444463610649109,0.0,12.366135597229004,6.821324825286865,1.4913742542266846,0.0,3.9310896396636963,0.0,2.3608384132385254,4.784284591674805,8.071354866027832,0.0,0.7715179324150085,4.4729905128479
0.0,0.0,0.0,2.8424196243286133,3.472496271133423,1.9716371297836304,0.6023951172828674,4.926053047180176,0.0,6.637767791748047,5.571629524230957,8.581225395202637,5.611340522766113,1.272748589515686,0.0,5.075037956237793,2.2985708713531494,0.0,0.0,0.3444463610649109,0.0,12.366135597229004,6.821324825286865,1.4913742542266846,0.0,3.9310896396636963,0.0,2.3608384132385254,4.784284591674805,8.071354866027832,0.0,0.7715179324150085,4.4729905128479
0.0,0.0,0.0,2.8424196243286133,3.472496271133423,1.9716371297836304,0.6023951172828674,4.926053047180176,0.0,6.637767791748047,5.571629524230957,8.581225395202637,5.611340522766113,1.272748589515686,0.0,5.075037956237793,2.2985708713531494,0.0,0.0,0.3444463610649109,0.0,12.366135597229004,6.821324825286865,1.4913742542266846,0.0,3.9310896396636963,0.0,2.3608384132385254,4.784284591674805,8.071354866027832,0.0,0.7715179324150085,4.4729905128479
0.0,0.0,0.0,2.8424196243286133,3.472496271133423,1.9716371297836304,0.6023951172828674,4.926053047180176,0.0,6.637767791748047,5.571629524230957,8.581225395202637,5.611340522766113,1.272748589515686,0.0,5.075037956237793,2.2985708713531494,0.0,0.0,0.3444463610649109,0.0,12.366135597229004,6.821324825286865,1.4913742542266846,0.0,3.9310896396636963,0.0,2.3608384132385254,4.784284591674805,8.071354866027832,0.0,0.7715179324150085,4.4729905128479
0.0,0.0,0.0,2.875765800476074,3.674104690551758,1.9560701847076416,0.5467628240585327,5.092528820037842,0.0,6.666051387786865,5.604379653930664,8.824799537658691,5.6869378089904785,1.2330186367034912,0.0,5.071832180023193,2.37369704246521,0.0,0.0,0.3093578815460205,0.0,12.44006633758545,6.9054646492004395,1.6130213737487793,0.0,3.889700412750244,0.0,2.3394031524658203,4.742510795593262,8.163873672485352,0.0,0.8069319128990173,4.602078914642334
0.0,0.0,0.0,2.875765800476074,3.674104690551758,1.9560701847076416,0.5467628240585327,5.092528820037842,0.0,6.666051387786865,5.604379653930664,8.824799537658691,5.6869378089904785,1.2330186367034912,0.0,5.071832180023193,2.37369704246521,0.0,0.0,0.3093578815460205,0.0,12.44006633758545,6.9054646492004395,1.6130213737487793,0.0,3.889700412750244,0.0,2.3394031524658203,4.742510795593262,8.163873672485352,0.0,0.8069319128990173,4.602078914642334
0.0,0.0,0.0,2.875765800476074,3.674104690551758,1.9560701847076416,0.5467628240585327,5.092528820037842,0.0,6.666051387786865,5.604379653930664,8.824799537658691,5.6869378089904785,1.2330186367034912,0.0,5.071832180023193,2.37369704246521,0.0,0.0,0.3093578815460205,0.0,12.44006633758545,6.9054646492004395,1.6130213737487793,0.0,3.889700412750244,0.0,2.3394031524658203,4.742510795593262,8.163873672485352,0.0,0.8069319128990173,4.602078914642334
0.0,0.0,0.0,2.875765800476074,3.674104690551758,1.9560701847076416,0.5467628240585327,5.092528820037842,0.0,6.666051387786865,5.604379653930664,8.824799537658691,5.6869378089904785,1.2330186367034912,0.0,5.071832180023193,2.37369704246521,0.0,0.0,0.3093578815460205,0.0,12.44006633758545,6.9054646492004395,1.6130213737487793,0.0,3.889700412750244,0.0,2.3394031524658203,4.742510795593262,8.163873672485352,0.0,0.8069319128990173,4.602078914642334
0.0,0.0,0.0,2.875765800476074,3.674104690551758,1.9560701847076416,0.5467628240585327,5.092528820037842,0.0,6.666051387786865,5.604379653930664,8.824799537658691,5.6869378089904785,1.2330186367034912,0.0,5.071832180023193,2.37369704246521,0.0,0.0,0.3093578815460205,0.0,12.44006633758545,6.9054646492004395,1.6130213737487793,0.0,3.889700412750244,0.0,2.3394031524658203,4.742510795593262,8.163873672485352,0.0,0.8069319128990173,4.602078914642334
0.0,0.0,0.0,2.875765800476074,3.674104690551758,1.9560701847076416,0.5467628240585327,5.092528820037842,0.0,6.666051387786865,5.604379653930664,8.824799537658691,5.6869378089904785,1.2330186367034912,0.0,5.071832180023193,2.37369704246521,0.0,0.0,0.3093578815460205,0.0,12.44006633758545,6.9054646492004395,1.6130213737487793,0.0,3.889700412750244,0.0,2.3394031524658203,4.742510795593262,8.163873672485352,0.0,0.8069319128990173,4.602078914642334
0.0,0.0,0.0,2.875765800476074,3.674104690551758,1.9560701847076416,0.5467628240585327,5.092528820037842,0.0,6.666051387786865,5.604379653930664,8.824799537658691,5.6869378089904785,1.2330186367034912,0.0,5.071832180023193,2.37369704246521,0.0,0.0,0.3093578815460205,0.0,12.44006633758545,6.9054646492004395,1.6130213737487793,0.0,3.889700412750244,0.0,2.3394031524658203,4.742510795593262,8.163873672485352,0.0,0.8069319128990173,4.602078914642334
0.0,0.0,0.0,2.875765800476074,3.674104690551758,1.9560701847076416,0.5467628240585327,5.092528820037842,0.0,6.666051387786865,5.604379653930664,8.824799537658691,5.6869378089904785,1.2330186367034912,0.0,5.071832180023193,2.37369704246521,0.0,0.0,0.3093578815460205,0.0,12.44006633758545,6.9054646492004395,1.6130213737487793,0.0,3.889700412750244,0.0,2.3394031524658203,4.742510795593262,8.163873672485352,0.0,0.8069319128990173,4.602078914642334
0.0,0.0,0.0,2.875765800476074,3.674104690551758,1.9560701847076416,0.5467628240585327,5.092528820037842,0.0,6.666051387786865,5.604379653930664,8.824799537658691,5.6869378089904785,1.2330186367034912,0.0,5.071832180023193,2.37369704246521,0.0,0.0,0.3093578815460205,0.0,12.44006633758545,6.9054646492004395,1.6130213737487793,0.0,3.889700412750244,0.0,2.3394031524658203,4.742510795593262,8.163873672485352,0.0,0.8069319128990173,4.602078914642334
0.0,0.0,0.0,2.875765800476074,3.674104690551758,1.9560701847076416,0.5467628240585327,5.092528820037842,0.0,6.666051387786865,5.604379653930664,8.824799537658691,5.6869378089904785,1.2330186367034912,0.0,5.071832180023193,2.37369704246521,0.0,0.0,0.3093578815460205,0.0,12.44006633758545,6.9054646492004395,1.6130213737487793,0.0,3.889700412750244,0.0,2.3394031524658203,4.742510795593262,8.163873672485352,0.0,0.8069319128990173,4.602078914642334
0.0,0.0,0.0,2.875765800476074,3.674104690551758,1.9560701847076416,0.5467628240585327,5.092528820037842,0.0,6.666051387786865,5.604379653930664,8.824799537658691,5.6869378089904785,1.2330186367034912,0.0,5.071832180023193,2.37369704246521,0.0,0.0,0.3093578815460205,0.0,12.44006633758545,6.9054646492004395,1.6130213737487793,0.0,3.889700412750244,0.0,2.3394031524658203,4.742510795593262,8.163873672485352,0.0,0.8069319128990173,4.602078914642334
0.0,0.0,0.0,2.875765800476074,3.674104690551758,1.9560701847076416,0.5467628240585327,5.092528820037842,0.0,6.666051387786865,5.604379653930664,8.824799537658691,5.6869378089904785,1.2330186367034912,0.0,5.071832180023193,2.37369704246521,0.0,0.0,0.3093578815460205,0.0,12.44006633758545,6.9054646492004395,1.6130213737487793,0.0,3.889700412750244,0.0,2.3394031524658203,4.742510795593262,8.163873672485352,0.0,0.8069319128990173,4.602078914642334
0.0,0.0,0.0,2.875765800476074,3.674104690551758,1.9560701847076416,0.5467628240585327,5.092528820037842,0.0,6.666051387786865,5.604379653930664,8.824799537658691,5.6869378089904785,1.2330186367034912,0.0,5.071832180023193,2.37369704246521,0.0,0.0,0.3093578815460205,0.0,12.44006633758545,6.9054646492004395,1.6130213737487793,0.0,3.889700412750244,0.0,2.3394031524658203,4.742510795593262,8.163873672485352,0.0,0.8069319128990173,4.602078914642334
0.0,0.0,0.0,2.875765800476074,3.674104690551758,1.9560701847076416,0.5467628240585327,5.092528820037842,0.0,6.666051387786865,5.604379653930664,8.824799537658691,5.6869378089904785,1.2330186367034912,0.0,5.071832180023193,2.37369704246521,0.0,0.0,0.3093578815460205,0.0,12.44006633758545,6.9054646492004395,1.6130213737487793,0.0,3.889700412750244,0.0,2.3394031524658203,4.742510795593262,8.163873672485352,0.0,0.8069319128990173,4.602078914642334
0.0,0.0,0.0,2.875765800476074,3.674104690551758,1.9560701847076416,0.5467628240585327,5.092528820037842,0.0,6.666051387786865,5.604379653930664,8.824799537658691,5.6869378089904785,1.2330186367034912,0.0,5.071832180023193,2.37369704246521,0.0,0.0,0.3093578815460205,0.0,12.44006633758545,6.9054646492004395,1.6130213737487793,0.0,3.889700412750244,0.0,2.3394031524658203,4.742510795593262,8.163873672485352,0.0,0.8069319128990173,4.602078914642334
0.0,0.0,0.0,5.41124963760376,2.9103610515594482,3.749723196029663,0.0,4.129362106323242,0.0,1.0107060670852661,2.3391506671905518,7.135246753692627,1.708315134048462,2.2464022636413574,0.10234934091567993,4.1636762619018555,3.90920090675354,0.0,1.652508020401001,0.662004828453064,0.0,12.061232566833496,7.293712139129639,0.9234680533409119,0.0,3.8113250732421875,0.0,3.9848995208740234,4.455883026123047,7.6988091468811035,0.0,4.563075542449951,4.038579940795898
0.0,0.0,0.0,5.41124963760376,2.9103610515594482,3.749723196029663,0.0,4.129362106323242,0.0,1.0107060670852661,2.3391506671905518,7.135246753692627,1.708315134048462,2.2464022636413574,0.10234934091567993,4.1636762619018555,3.90920090675354,0.0,1.652508020401001,0.662004828453064,0.0,12.061232566833496,7.293712139129639,0.9234680533409119,0.0,3.8113250732421875,0.0,3.9848995208740234,4.455883026123047,7.6988091468811035,0.0,4.563075542449951,4.038579940795898
0.0,0.0,0.0,5.41124963760376,2.9103610515594482,3.749723196029663,0.0,4.129362106323242,0.0,1.0107060670852661,2.3391506671905518,7.135246753692627,1.708315134048462,2.2464022636413574,0.10234934091567993,4.1636762619018555,3.90920090675354,0.0,1.652508020401001,0.662004828453064,0.0,12.061232566833496,7.293712139129639,0.9234680533409119,0.0,3.8113250732421875,0.0,3.9848995208740234,4.455883026123047,7.6988091468811035,0.0,4.563075542449951,4.038579940795898
0.0,0.0,0.0,5.41124963760376,2.9103610515594482,3.749723196029663,0.0,4.129362106323242,0.0,1.0107060670852661,2.3391506671905518,7.135246753692627,1.708315134048462,2.2464022636413574,0.10234934091567993,4.1636762619018555,3.90920090675354,0.0,1.652508020401001,0.662004828453064,0.0,12.061232566833496,7.293712139129639,0.9234680533409119,0.0,3.8113250732421875,0.0,3.9848995208740234,4.455883026123047,7.6988091468811035,0.0,4.563075542449951,4.038579940795898
0.0,0.0,0.0,5.41124963760376,2.9103610515594482,3.749723196029663,0.0,4.129362106323242,0.0,1.0107060670852661,2.3391506671905518,7.135246753692627,1.708315134048462,2.2464022636413574,0.10234934091567993,4.1636762619018555,3.90920090675354,0.0,1.652508020401001,0.662004828453064,0.0,12.061232566833496,7.293712139129639,0.9234680533409119,0.0,3.8113250732421875,0.0,3.9848995208740234,4.455883026123047,7.6988091468811035,0.0,4.563075542449951,4.038579940795898
0.0,0.0,0.0,5.41124963760376,2.9103610515594482,3.749723196029663,0.0,4.129362106323242,0.0,1.0107060670852661,2.3391506671905518,7.135246753692627,1.708315134048462,2.2464022636413574,0.10234934091567993,4.1636762619018555,3.90920090675354,0.0,1.652508020401001,0.662004828453064,0.0,12.061232566833496,7.293712139129639,0.9234680533409119,0.0,3.8113250732421875,0.0,3.9848995208740234,4.455883026123047,7.6988091468811035,0.0,4.563075542449951,4.038579940795898
0.0,0.0,0.0,5.41124963760376,2.9103610515594482,3.749723196029663,0.0,4.129362106323242,0.0,1.0107060670852661,2.3391506671905518,7.135246753692627,1.708315134048462,2.2464022636413574,0.10234934091567993,4.1636762619018555,3.90920090675354,0.0,1.652508020401001,0.662004828453064,0.0,12.061232566833496,7.293712139129639,0.9234680533409119,0.0,3.8113250732421875,0.0,3.9848995208740234,4.455883026123047,7.6988091468811035,0.0,4.563075542449951,4.038579940795898
0.0,0.0,0.0,5.41124963760376,2.9103610515594482,3.749723196029663,0.0,4.129362106323242,0.0,1.0107060670852661,2.3391506671905518,7.135246753692627,1.708315134048462,2.2464022636413574,0.10234934091567993,4.1636762619018555,3.90920090675354,0.0,1.652508020401001,0.662004828453064,0.0,12.061232566833496,7.293712139129639,0.9234680533409119,0.0,3.8113250732421875,0.0,3.9848995208740234,4.455883026123047,7.6988091468811035,0.0,4.563075542449951,4.038579940795898
0.0,0.0,0.0,5.41124963760376,2.9103610515594482,3.749723196029663,0.0,4.129362106323242,0.0,1.0107060670852661,2.3391506671905518,7.135246753692627,1.708315134048462,2.2464022636413574,0.10234934091567993,4.1636762619018555,3.90920090675354,0.0,1.652508020401001,0.662004828453064,0.0,12.061232566833496,7.293712139129639,0.9234680533409119,0.0,3.8113250732421875,0.0,3.9848995208740234,4.455883026123047,7.6988091468811035,0.0,4.563075542449951,4.038579940795898
0.0,0.0,0.0,5.41124963760376,2.9103610515594482,3.749723196029663,0.0,4.129362106323242,0.0,1.0107060670852661,2.3391506671905518,7.135246753692627,1.708315134048462,2.2464022636413574,0.10234934091567993,4.1636762619018555,3.90920090675354,0.0,1.652508020401001,0.662004828453064,0.0,12.061232566833496,7.293712139129639,0.9234680533409119,0.0,3.8113250732421875,0.0,3.9848995208740234,4.455883026123047,7.6988091468811035,0.0,4.563075542449951,4.038579940795898
0.0,0.0,0.0,5.41124963760376,2.9103610515594482,3.749723196029663,0.0,4.129362106323242,0.0,1.0107060670852661,2.3391506671905518,7.135246753692627,1.708315134048462,2.2464022636413574,0.10234934091567993,4.1636762619018555,3.90920090675354,0.0,1.652508020401001,0.662004828453064,0.0,12.061232566833496,7.293712139129639,0.9234680533409119,0.0,3.8113250732421875,0.0,3.9848995208740234,4.455883026123047,7.6988091468811035,0.0,4.563075542449951,4.038579940795898
0.0,0.0,0.0,5.41124963760376,2.9103610515594482,3.749723196029663,0.0,4.129362106323242,0.0,1.0107060670852661,2.3391506671905518,7.135246753692627,1.708315134048462,2.2464022636413574,0.10234934091567993,4.1636762619018555,3.90920090675354,0.0,1.652508020401001,0.662004828453064,0.0,12.061232566833496,7.293712139129639,0.9234680533409119,0.0,3.8113250732421875,0.0,3.9848995208740234,4.455883026123047,7.6988091468811035,0.0,4.563075542449951,4.038579940795898
0.0,0.0,0.0,5.41124963760376,2.9103610515594482,3.749723196029663,0.0,4.129362106323242,0.0,1.0107060670852661,2.3391506671905518,7.135246753692627,1.708315134048462,2.2464022636413574,0.10234934091567993,4.1636762619018555,3.90920090675354,0.0,1.652508020401001,0.662004828453064,0.0,12.061232566833496,7.293712139129639,0.9234680533409119,0.0,3.8113250732421875,0.0,3.9848995208740234,4.455883026123047,7.6988091468811035,0.0,4.563075542449951,4.038579940795898
0.0,0.0,0.0,5.41124963760376,2.9103610515594482,3.749723196029663,0.0,4.129362106323242,0.0,1.0107060670852661,2.3391506671905518,7.135246753692627,1.708315134048462,2.2464022636413574,0.10234934091567993,4.1636762619018555,3.90920090675354,0.0,1.652508020401001,0.662004828453064,0.0,12.061232566833496,7.293712139129639,0.9234680533409119,0.0,3.8113250732421875,0.0,3.9848995208740234,4.455883026123047,7.6988091468811035,0.0,4.563075542449951,4.038579940795898
0.0,0.0,0.0,5.41124963760376,2.9103610515594482,3.749723196029663,0.0,4.129362106323242,0.0,1.0107060670852661,2.3391506671905518,7.135246753692627,1.708315134048462,2.2464022636413574,0.10234934091567993,4.1636762619018555,3.90920090675354,0.0,1.652508020401001,0.662004828453064,0.0,12.061232566833496,7.293712139129639,0.9234680533409119,0.0,3.8113250732421875,0.0,3.9848995208740234,4.455883026123047,7.6988091468811035,0.0,4.563075542449951,4.038579940795898
0.0,0.0,0.0,4.8290886878967285,2.6154425144195557,4.711658477783203,0.0,2.49826979637146,0.0,1.9195888042449951,2.3719239234924316,7.450229167938232,4.064570426940918,1.778070330619812,0.0,3.5216619968414307,4.91794490814209,0.0,0.0,0.25492173433303833,0.0,10.547816276550293,6.448973178863525,0.0,0.0,3.596022367477417,0.0,3.8600001335144043,4.347415447235107,6.472609519958496,0.0,2.7899231910705566,3.1957943439483643
0.0,0.0,0.0,4.8290886878967285,2.6154425144195557,4.711658477783203,0.0,2.49826979637146,0.0,1.9195888042449951,2.3719239234924316,7.450229167938232,4.064570426940918,1.778070330619812,0.0,3.5216619968414307,4.91794490814209,0.0,0.0,0.25492173433303833,0.0,10.547816276550293,6.448973178863525,0.0,0.0,3.596022367477417,0.0,3.8600001335144043,4.347415447235107,6.472609519958496,0.0,2.7899231910705566,3.1957943439483643
0.0,0.0,0.0,4.8290886878967285,2.6154425144195557,4.711658477783203,0.0,2.49826979637146,0.0,1.9195888042449951,2.3719239234924316,7.450229167938232,4.064570426940918,1.778070330619812,0.0,3.5216619968414307,4.91794490814209,0.0,0.0,0.25492173433303833,0.0,10.547816276550293,6.448973178863525,0.0,0.0,3.596022367477417,0.0,3.8600001335144043,4.347415447235107,6.472609519958496,0.0,2.7899231910705566,3.1957943439483643
0.0,0.0,0.0,4.8290886878967285,2.6154425144195557,4.711658477783203,0.0,2.49826979637146,0.0,1.9195888042449951,2.3719239234924316,7.450229167938232,4.064570426940918,1.778070330619812,0.0,3.5216619968414307,4.91794490814209,0.0,0.0,0.25492173433303833,0.0,10.547816276550293,6.448973178863525,0.0,0.0,3.596022367477417,0.0,3.8600001335144043,4.347415447235107,6.472609519958496,0.0,2.7899231910705566,3.1957943439483643
0.0,0.0,0.0,4.8290886878967285,2.6154425144195557,4.711658477783203,0.0,2.49826979637146,0.0,1.9195888042449951,2.3719239234924316,7.450229167938232,4.064570426940918,1.778070330619812,0.0,3.5216619968414307,4.91794490814209,0.0,0.0,0.25492173433303833,0.0,10.547816276550293,6.448973178863525,0.0,0.0,3.596022367477417,0.0,3.8600001335144043,4.347415447235107,6.472609519958496,0.0,2.7899231910705566,3.1957943439483643
0.0,0.0,0.0,4.8290886878967285,2.6154425144195557,4.711658477783203,0.0,2.49826979637146,0.0,1.9195888042449951,2.3719239234924316,7.450229167938232,4.064570426940918,1.778070330619812,0.0,3.5216619968414307,4.91794490814209,0.0,0.0,0.25492173433303833,0.0,10.547816276550293,6.448973178863525,0.0,0.0,3.596022367477417,0.0,3.8600001335144043,4.347415447235107,6.472609519958496,0.0,2.7899231910705566,3.1957943439483643
0.0,0.0,0.0,4.8290886878967285,2.6154425144195557,4.711658477783203,0.0,2.49826979637146,0.0,1.9195888042449951,2.3719239234924316,7.450229167938232,4.064570426940918,1.778070330619812,0.0,3.5216619968414307,4.91794490814209,0.0,0.0,0.25492173433303833,0.0,10.547816276550293,6.448973178863525,0.0,0.0,3.596022367477417,0.0,3.8600001335144043,4.347415447235107,6.472609519958496,0.0,2.7899231910705566,3.1957943439483643
0.0,0.0,0.0,4.8290886878967285,2.6154425144195557,4.711658477783203,0.0,2.49826979637146,0.0,1.9195888042449951,2.3719239234924316,7.450229167938232,4.064570426940918,1.778070330619812,0.0,3.5216619968414307,4.91794490814209,0.0,0.0,0.25492173433303833,0.0,10.547816276550293,6.448973178863525,0.0,0.0,3.596022367477417,0.0,3.8600001335144043,4.347415447235107,6.472609519958496,0.0,2.7899231910705566,3.1957943439483643
0.0,0.0,0.0,4.8290886878967285,2.6154425144195557,4.711658477783203,0.0,2.49826979637146,0.0,1.9195888042449951,2.3719239234924316,7.450229167938232,4.064570426940918,1.778070330619812,0.0,3.5216619968414307,4.91794490814209,0.0,0.0,0.25492173433303833,0.0,10.547816276550293,6.448973178863525,0.0,0.0,3.596022367477417,0.0,3.8600001335144043,4.347415447235107,6.472609519958496,0.0,2.7899231910705566,3.1957943439483643
0.0,0.0,0.0,4.8290886878967285,2.6154425144195557,4.711658477783203,0.0,2.49826979637146,0.0,1.9195888042449951,2.3719239234924316,7.450229167938232,4.064570426940918,1.778070330619812,0.0,3.5216619968414307,4.91794490814209,0.0,0.0,0.25492173433303833,0.0,10.547816276550293,6.448973178863525,0.0,0.0,3.596022367477417,0.0,3.8600001335144043,4.347415447235107,6.472609519958496,0.0,2.7899231910705566,3.1957943439483643
0.0,0.0,0.0,4.8290886878967285,2.6154425144195557,4.711658477783203,0.0,2.49826979637146,0.0,1.9195888042449951,2.3719239234924316,7.450229167938232,4.064570426940918,1.778070330619812,0.0,3.5216619968414307,4.91794490814209,0.0,0.0,0.25492173433303833,0.0,10.547816276550293,6.448973178863525,0.0,0.0,3.596022367477417,0.0,3.8600001335144043,4.347415447235107,6.472609519958496,0.0,2.7899231910705566,3.1957943439483643
0.0,0.0,0.0,4.8290886878967285,2.6154425144195557,4.711658477783203,0.0,2.49826979637146,0.0,1.9195888042449951,2.3719239234924316,7.450229167938232,4.064570426940918,1.778070330619812,0.0,3.5216619968414307,4.91794490814209,0.0,0.0,0.25492173433303833,0.0,10.547816276550293,6.448973178863525,0.0,0.0,3.596022367477417,0.0,3.8600001335144043,4.347415447235107,6.472609519958496,0.0,2.7899231910705566,3.1957943439483643
0.0,0.0,0.0,4.8290886878967285,2.6154425144195557,4.711658477783203,0.0,2.49826979637146,0.0,1.9195888042449951,2.3719239234924316,7.450229167938232,4.064570426940918,1.778070330619812,0.0,3.5216619968414307,4.91794490814209,0.0,0.0,0.25492173433303833,0.0,10.547816276550293,6.448973178863525,0.0,0.0,3.596022367477417,0.0,3.8600001335144043,4.347415447235107,6.472609519958496,0.0,2.7899231910705566,3.1957943439483643
0.0,0.0,0.0,4.8290886878967285,2.6154425144195557,4.711658477783203,0.0,2.49826979637146,0.0,1.9195888042449951,2.3719239234924316,7.450229167938232,4.064570426940918,1.778070330619812,0.0,3.5216619968414307,4.91794490814209,0.0,0.0,0.25492173433303833,0.0,10.547816276550293,6.448973178863525,0.0,0.0,3.596022367477417,0.0,3.8600001335144043,4.347415447235107,6.472609519958496,0.0,2.7899231910705566,3.1957943439483643
0.0,0.0,0.0,4.8290886878967285,2.6154425144195557,4.711658477783203,0.0,2.49826979637146,0.0,1.9195888042449951,2.3719239234924316,7.450229167938232,4.064570426940918,1.778070330619812,0.0,3.5216619968414307,4.91794490814209,0.0,0.0,0.25492173433303833,0.0,10.547816276550293,6.448973178863525,0.0,0.0,3.596022367477417,0.0,3.8600001335144043,4.347415447235107,6.472609519958496,0.0,2.7899231910705566,3.1957943439483643
0.0,0.0,0.0,5.553411483764648,3.4075825214385986,3.7740471363067627,0.0,4.443273067474365,0.0,1.04291570186615,2.3536643981933594,7.661998271942139,1.9849916696548462,2.1696293354034424,0.32633310556411743,4.255509376525879,4.153271198272705,0.0,2.0443127155303955,0.5488619208335876,0.0,12.152383804321289,7.5088067054748535,1.1727087497711182,0.0,3.762770891189575,0.0,3.9544858932495117,4.441577911376953,7.908642292022705,0.0,4.690032005310059,4.279543399810791
0.0,0.0,0.0,5.553411483764648,3.4075825214385986,3.7740471363067627,0.0,4.443273067474365,0.0,1.04291570186615,2.3536643981933594,7.661998271942139,1.9849916696548462,2.1696293354034424,0.32633310556411743,4.255509376525879,4.153271198272705,0.0,2.0443127155303955,0.5488619208335876,0.0,12.152383804321289,7.5088067054748535,1.1727087497711182,0.0,3.762770891189575,0.0,3.9544858932495117,4.441577911376953,7.908642292022705,0.0,4.690032005310059,4.279543399810791
0.0,0.0,0.0,5.553411483764648,3.4075825214385986,3.7740471363067627,0.0,4.443273067474365,0.0,1.04291570186615,2.3536643981933594,7.661998271942139,1.9849916696548462,2.1696293354034424,0.32633310556411743,4.255509376525879,4.153271198272705,0.0,2.0443127155303955,0.5488619208335876,0.0,12.152383804321289,7.5088067054748535,1.1727087497711182,0.0,3.762770891189575,0.0,3.9544858932495117,4.441577911376953,7.908642292022705,0.0,4.690032005310059,4.279543399810791
0.0,0.0,0.0,5.553411483764648,3.4075825214385986,3.7740471363067627,0.0,4.443273067474365,0.0,1.04291570186615,2.3536643981933594,7.661998271942139,1.9849916696548462,2.1696293354034424,0.32633310556411743,4.255509376525879,4.153271198272705,0.0,2.0443127155303955,0.5488619208335876,0.0,12.152383804321289,7.5088067054748535,1.1727087497711182,0.0,3.762770891189575,0.0,3.9544858932495117,4.441577911376953,7.908642292022705,0.0,4.690032005310059,4.279543399810791
0.0,0.0,0.0,5.553411483764648,3.4075825214385986,3.7740471363067627,0.0,4.443273067474365,0.0,1.04291570186615,2.3536643981933594,7.661998271942139,1.9849916696548462,2.1696293354034424,0.32633310556411743,4.255509376525879,4.153271198272705,0.0,2.0443127155303955,0.5488619208335876,0.0,12.152383804321289,7.5088067054748535,1.1727087497711182,0.0,3.762770891189575,0.0,3.9544858932495117,4.441577911376953,7.908642292022705,0.0,4.690032005310059,4.279543399810791
0.0,0.0,0.0,5.553411483764648,3.4075825214385986,3.7740471363067627,0.0,4.443273067474365,0.0,1.04291570186615,2.3536643981933594,7.661998271942139,1.9849916696548462,2.1696293354034424,0.32633310556411743,4.255509376525879,4.153271198272705,0.0,2.0443127155303955,0.5488619208335876,0.0,12.152383804321289,7.5088067054748535,1.1727087497711182,0.0,3.762770891189575,0.0,3.9544858932495117,4.441577911376953,7.908642292022705,0.0,4.690032005310059,4.279543399810791
0.0,0.0,0.0,5.553411483764648,3.4075825214385986,3.7740471363067627,0.0,4.443273067474365,0.0,1.04291570186615,2.3536643981933594,7.661998271942139,1.9849916696548462,2.1696293354034424,0.32633310556411743,4.255509376525879,4.153271198272705,0.0,2.0443127155303955,0.5488619208335876,0.0,12.152383804321289,7.5088067054748535,1.1727087497711182,0.0,3.762770891189575,0.0,3.9544858932495117,4.441577911376953,7.908642292022705,0.0,4.690032005310059,4.279543399810791
0.0,0.0,0.0,5.553411483764648,3.4075825214385986,3.7740471363067627,0.0,4.443273067474365,0.0,1.04291570186615,2.3536643981933594,7.661998271942139,1.9849916696548462,2.1696293354034424,0.32633310556411743,4.255509376525879,4.153271198272705,0.0,2.0443127155303955,0.5488619208335876,0.0,12.152383804321289,7.5088067054748535,1.1727087497711182,0.0,3.762770891189575,0.0,3.9544858932495117,4.441577911376953,7.908642292022705,0.0,4.690032005310059,4.279543399810791
0.0,0.0,0.0,5.553411483764648,3.4075825214385986,3.7740471363067627,0.0,4.443273067474365,0.0,1.04291570186615,2.3536643981933594,7.661998271942139,1.9849916696548462,2.1696293354034424,0.32633310556411743,4.255509376525879,4.153271198272705,0.0,2.0443127155303955,0.5488619208335876,0.0,12.152383804321289,7.5088067054748535,1.1727087497711182,0.0,3.762770891189575,0.0,3.9544858932495117,4.441577911376953,7.908642292022705,0.0,4.690032005310059,4.279543399810791
0.0,0.0,0.0,5.553411483764648,3.4075825214385986,3.7740471363067627,0.0,4.443273067474365,0.0,1.04291570186615,2.3536643981933594,7.661998271942139,1.9849916696548462,2.1696293354034424,0.32633310556411743,4.255509376525879,4.153271198272705,0.0,2.0443127155303955,0.5488619208335876,0.0,12.152383804321289,7.5088067054748535,1.1727087497711182,0.0,3.762770891189575,0.0,3.9544858932495117,4.441577911376953,7.908642292022705,0.0,4.690032005310059,4.279543399810791
0.0,0.0,0.0,5.553411483764648,3.4075825214385986,3.7740471363067627,0.0,4.443273067474365,0.0,1.04291570186615,2.3536643981933594,7.661998271942139,1.9849916696548462,2.1696293354034424,0.32633310556411743,4.255509376525879,4.153271198272705,0.0,2.0443127155303955,0.5488619208335876,0.0,12.152383804321289,7.5088067054748535,1.1727087497711182,0.0,3.762770891189575,0.0,3.9544858932495117,4.441577911376953,7.908642292022705,0.0,4.690032005310059,4.279543399810791
0.0,0.0,0.0,5.553411483764648,3.4075825214385986,3.7740471363067627,0.0,4.443273067474365,0.0,1.04291570186615,2.3536643981933594,7.661998271942139,1.9849916696548462,2.1696293354034424,0.32633310556411743,4.255509376525879,4.153271198272705,0.0,2.0443127155303955,0.5488619208335876,0.0,12.152383804321289,7.5088067054748535,1.1727087497711182,0.0,3.762770891189575,0.0,3.9544858932495117,4.441577911376953,7.908642292022705,0.0,4.690032005310059,4.279543399810791
0.0,0.0,0.0,5.553411483764648,3.4075825214385986,3.7740471363067627,0.0,4.443273067474365,0.0,1.04291570186615,2.3536643981933594,7.661998271942139,1.9849916696548462,2.1696293354034424,0.32633310556411743,4.255509376525879,4.153271198272705,0.0,2.0443127155303955,0.5488619208335876,0.0,12.152383804321289,7.5088067054748535,1.1727087497711182,0.0,3.762770891189575,0.0,3.9544858932495117,4.441577911376953,7.908642292022705,0.0,4.690032005310059,4.279543399810791
0.0,0.0,0.0,5.553411483764648,3.4075825214385986,3.7740471363067627,0.0,4.443273067474365,0.0,1.04291570186615,2.3536643981933594,7.661998271942139,1.9849916696548462,2.1696293354034424,0.32633310556411743,4.255509376525879,4.153271198272705,0.0,2.0443127155303955,0.5488619208335876,0.0,12.152383804321289,7.5088067054748535,1.1727087497711182,0.0,3.762770891189575,0.0,3.9544858932495117,4.441577911376953,7.908642292022705,0.0,4.690032005310059,4.279543399810791
0.0,0.0,0.0,5.553411483764648,3.4075825214385986,3.7740471363067627,0.0,4.443273067474365,0.0,1.04291570186615,2.3536643981933594,7.661998271942139,1.9849916696548462,2.1696293354034424,0.32633310556411743,4.255509376525879,4.153271198272705,0.0,2.0443127155303955,0.5488619208335876,0.0,12.152383804321289,7.5088067054748535,1.1727087497711182,0.0,3.762770891189575,0.0,3.9544858932495117,4.441577911376953,7.908642292022705,0.0,4.690032005310059,4.279543399810791
0.0,0.28050827980041504,0.0,3.815044403076172,4.688035488128662,1.8729126453399658,0.0,6.1448493003845215,0.0,5.72683572769165,4.722339630126953,10.053692817687988,6.144542217254639,1.552815556526184,0.0,5.0599565505981445,2.244716167449951,0.0,1.4598966836929321,0.05176698416471481,0.0,13.246594429016113,7.89193868637085,3.2186357975006104,0.5939218401908875,3.7587077617645264,0.0,2.5334620475769043,4.651005744934082,9.404557228088379,0.0,1.6502854824066162,6.363414764404297
0.0,0.28050827980041504,0.0,3.815044403076172,4.688035488128662,1.8729126453399658,0.0,6.1448493003845215,0.0,5.72683572769165,4.722339630126953,10.053692817687988,6.144542217254639,1.552815556526184,0.0,5.0599565505981445,2.244716167449951,0.0,1.4598966836929321,0.05176698416471481,0.0,13.246594429016113,7.89193868637085,3.2186357975006104,0.5939218401908875,3.7587077617645264,0.0,2.5334620475769043,4.651005744934082,9.404557228088379,0.0,1.6502854824066162,6.363414764404297
0.0,0.28050827980041504,0.0,3.815044403076172,4.688035488128662,1.8729126453399658,0.0,6.1448493003845215,0.0,5.72683572769165,4.722339630126953,10.053692817687988,6.144542217254639,1.552815556526184,0.0,5.0599565505981445,2.244716167449951,0.0,1.4598966836929321,0.05176698416471481,0.0,13.246594429016113,7.89193868637085,3.2186357975006104,0.5939218401908875,3.7587077617645264,0.0,2.5334620475769043,4.651005744934082,9.404557228088379,0.0,1.6502854824066162,6.363414764404297
0.0,0.28050827980041504,0.0,3.815044403076172,4.688035488128662,1.8729126453399658,0.0,6.1448493003845215,0.0,5.72683572769165,4.722339630126953,10.053692817687988,6.144542217254639,1.552815556526184,0.0,5.0599565505981445,2.244716167449951,0.0,1.4598966836929321,0.05176698416471481,0.0,13.246594429016113,7.89193868637085,3.2186357975006104,0.5939218401908875,3.7587077617645264,0.0,2.5334620475769043,4.651005744934082,9.404557228088379,0.0,1.6502854824066162,6.363414764404297
0.0,0.28050827980041504,0.0,3.815044403076172,4.688035488128662,1.8729126453399658,0.0,6.1448493003845215,0.0,5.72683572769165,4.722339630126953,10.053692817687988,6.144542217254639,1.552815556526184,0.0,5.0599565505981445,2.244716167449951,0.0,1.4598966836929321,0.05176698416471481,0.0,13.246594429016113,7.89193868637085,3.2186357975006104,0.5939218401908875,3.7587077617645264,0.0,2.5334620475769043,4.651005744934082,9.404557228088379,0.0,1.6502854824066162,6.363414764404297
0.0,0.28050827980041504,0.0,3.815044403076172,4.688035488128662,1.8729126453399658,0.0,6.1448493003845215,0.0,5.72683572769165,4.722339630126953,10.053692817687988,6.144542217254639,1.552815556526184,0.0,5.0599565505981445,2.244716167449951,0.0,1.4598966836929321,0.05176698416471481,0.0,13.246594429016113,7.89193868637085,3.2186357975006104,0.5939218401908875,3.7587077617645264,0.0,2.5334620475769043,4.651005744934082,9.404557228088379,0.0,1.6502854824066162,6.363414764404297
0.0,0.28050827980041504,0.0,3.815044403076172,4.688035488128662,1.8729126453399658,0.0,6.1448493003845215,0.0,5.72683572769165,4.722339630126953,10.053692817687988,6.144542217254639,1.552815556526184,0.0,5.0599565505981445,2.244716167449951,0.0,1.4598966836929321,0.05176698416471481,0.0,13.246594429016113,7.89193868637085,3.2186357975006104,0.5939218401908875,3.7587077617645264,0.0,2.5334620475769043,4.651005744934082,9.404557228088379,0.0,1.6502854824066162,6.363414764404297
0.0,0.28050827980041504,0.0,3.815044403076172,4.688035488128662,1.8729126453399658,0.0,6.1448493003845215,0.0,5.72683572769165,4.722339630126953,10.053692817687988,6.144542217254639,1.552815556526184,0.0,5.0599565505981445,2.244716167449951,0.0,1.4598966836929321,0.05176698416471481,0.0,13.246594429016113,7.89193868637085,3.2186357975006104,0.5939218401908875,3.7587077617645264,0.0,2.5334620475769043,4.651005744934082,9.404557228088379,0.0,1.6502854824066162,6.363414764404297
0.0,0.28050827980041504,0.0,3.815044403076172,4.688035488128662,1.8729126453399658,0.0,6.1448493003845215,0.0,5.72683572769165,4.722339630126953,10.053692817687988,6.144542217254639,1.552815556526184,0.0,5.0599565505981445,2.244716167449951,0.0,1.4598966836929321,0.05176698416471481,0.0,13.246594429016113,7.89193868637085,3.2186357975006104,0.5939218401908875,3.7587077617645264,0.0,2.5334620475769043,4.651005744934082,9.404557228088379,0.0,1.6502854824066162,6.363414764404297
0.0,0.28050827980041504,0.0,3.815044403076172,4.688035488128662,1.8729126453399658,0.0,6.1448493003845215,0.0,5.72683572769165,4.722339630126953,10.053692817687988,6.144542217254639,1.552815556526184,0.0,5.0599565505981445,2.244716167449951,0.0,1.4598966836929321,0.05176698416471481,0.0,13.246594429016113,7.89193868637085,3.2186357975006104,0.5939218401908875,3.7587077617645264,0.0,2.5334620475769043,4.651005744934082,9.404557228088379,0.0,1.6502854824066162,6.363414764404297
0.0,0.28050827980041504,0.0,3.815044403076172,4.688035488128662,1.8729126453399658,0.0,6.1448493003845215,0.0,5.72683572769165,4.722339630126953,10.053692817687988,6.144542217254639,1.552815556526184,0.0,5.0599565505981445,2.244716167449951,0.0,1.4598966836929321,0.05176698416471481,0.0,13.246594429016113,7.89193868637085,3.2186357975006104,0.5939218401908875,3.7587077617645264,0.0,2.5334620475769043,4.651005744934082,9.404557228088379,0.0,1.6502854824066162,6.363414764404297
0.0,0.28050827980041504,0.0,3.815044403076172,4.688035488128662,1.8729126453399658,0.0,6.1448493003845215,0.0,5.72683572769165,4.722339630126953,10.053692817687988,6.144542217254639,1.552815556526184,0.0,5.0599565505981445,2.244716167449951,0.0,1.4598966836929321,0.05176698416471481,0.0,13.246594429016113,7.89193868637085,3.2186357975006104,0.5939218401908875,3.7587077617645264,0.0,2.5334620475769043,4.651005744934082,9.404557228088379,0.0,1.6502854824066162,6.363414764404297
0.0,0.28050827980041504,0.0,3.815044403076172,4.688035488128662,1.8729126453399658,0.0,6.1448493003845215,0.0,5.72683572769165,4.722339630126953,10.053692817687988,6.144542217254639,1.552815556526184,0.0,5.0599565505981445,2.244716167449951,0.0,1.4598966836929321,0.05176698416471481,0.0,13.246594429016113,7.89193868637085,3.2186357975006104,0.5939218401908875,3.7587077617645264,0.0,2.5334620475769043,4.651005744934082,9.404557228088379,0.0,1.6502854824066162,6.363414764404297
0.0,0.28050827980041504,0.0,3.815044403076172,4.688035488128662,1.8729126453399658,0.0,6.1448493003845215,0.0,5.72683572769165,4.722339630126953,10.053692817687988,6.144542217254639,1.552815556526184,0.0,5.0599565505981445,2.244716167449951,0.0,1.4598966836929321,0.05176698416471481,0.0,13.246594429016113,7.89193868637085,3.2186357975006104,0.5939218401908875,3.7587077617645264,0.0,2.5334620475769043,4.651005744934082,9.404557228088379,0.0,1.6502854824066162,6.363414764404297
0.0,0.28050827980041504,0.0,3.815044403076172,4.688035488128662,1.8729126453399658,0.0,6.1448493003845215,0.0,5.72683572769165,4.722339630126953,10.053692817687988,6.144542217254639,1.552815556526184,0.0,5.0599565505981445,2.244716167449951,0.0,1.4598966836929321,0.05176698416471481,0.0,13.246594429016113,7.89193868637085,3.2186357975006104,0.5939218401908875,3.7587077617645264,0.0,2.5334620475769043,4.651005744934082,9.404557228088379,0.0,1.6502854824066162,6.363414764404297
0.0,0.0,0.0,5.036816596984863,3.3178975582122803,4.839320182800293,0.0,2.906038522720337,0.0,2.0663254261016846,2.391899347305298,8.224976539611816,4.5625739097595215,1.5902695655822754,0.0,3.6212158203125,5.380143165588379,0.0,0.0,0.1039658710360527,0.0,10.671090126037598,6.751460552215576,0.0,0.0,3.560333251953125,0.0,3.79911208152771,4.409588813781738,6.764504909515381,0.0,2.9325640201568604,3.4957773685455322
0.0,0.0,0.0,5.036816596984863,3.3178975582122803,4.839320182800293,0.0,2.906038522720337,0.0,2.0663254261016846,2.391899347305298,8.224976539611816,4.5625739097595215,1.5902695655822754,0.0,3.6212158203125,5.380143165588379,0.0,0.0,0.1039658710360527,0.0,10.671090126037598,6.751460552215576,0.0,0.0,3.560333251953125,0.0,3.79911208152771,4.409588813781738,6.764504909515381,0.0,2.9325640201568604,3.4957773685455322
0.0,0.0,0.0,5.036816596984863,3.3178975582122803,4.839320182800293,0.0,2.906038522720337,0.0,2.0663254261016846,2.391899347305298,8.224976539611816,4.5625739097595215,1.5902695655822754,0.0,3.6212158203125,5.380143165588379,0.0,0.0,0.1039658710360527,0.0,10.671090126037598,6.751460552215576,0.0,0.0,3.560333251953125,0.0,3.79911208152771,4.409588813781738,6.764504909515381,0.0,2.9325640201568604,3.4957773685455322
0.0,0.0,0.0,5.036816596984863,3.3178975582122803,4.839320182800293,0.0,2.906038522720337,0.0,2.0663254261016846,2.391899347305298,8.224976539611816,4.5625739097595215,1.5902695655822754,0.0,3.6212158203125,5.380143165588379,0.0,0.0,0.1039658710360527,0.0,10.671090126037598,6.751460552215576,0.0,0.0,3.560333251953125,0.0,3.79911208152771,4.409588813781738,6.764504909515381,0.0,2.9325640201568604,3.4957773685455322
0.0,0.0,0.0,5.036816596984863,3.3178975582122803,4.839320182800293,0.0,2.906038522720337,0.0,2.0663254261016846,2.391899347305298,8.224976539611816,4.5625739097595215,1.5902695655822754,0.0,3.6212158203125,5.380143165588379,0.0,0.0,0.1039658710360527,0.0,10.671090126037598,6.751460552215576,0.0,0.0,3.560333251953125,0.0,3.79911208152771,4.409588813781738,6.764504909515381,0.0,2.9325640201568604,3.4957773685455322
0.0,0.0,0.0,5.036816596984863,3.3178975582122803,4.839320182800293,0.0,2.906038522720337,0.0,2.0663254261016846,2.391899347305298,8.224976539611816,4.5625739097595215,1.5902695655822754,0.0,3.6212158203125,5.380143165588379,0.0,0.0,0.1039658710360527,0.0,10.671090126037598,6.751460552215576,0.0,0.0,3.560333251953125,0.0,3.79911208152771,4.409588813781738,6.764504909515381,0.0,2.9325640201568604,3.4957773685455322
0.0,0.0,0.0,5.036816596984863,3.3178975582122803,4.839320182800293,0.0,2.906038522720337,0.0,2.0663254261016846,2.391899347305298,8.224976539611816,4.5625739097595215,1.5902695655822754,0.0,3.6212158203125,5.380143165588379,0.0,0.0,0.1039658710360527,0.0,10.671090126037598,6.751460552215576,0.0,0.0,3.560333251953125,0.0,3.79911208152771,4.409588813781738,6.764504909515381,0.0,2.9325640201568604,3.4957773685455322
0.0,0.0,0.0,5.036816596984863,3.3178975582122803,4.839320182800293,0.0,2.906038522720337,0.0,2.0663254261016846,2.391899347305298,8.224976539611816,4.5625739097595215,1.5902695655822754,0.0,3.6212158203125,5.380143165588379,0.0,0.0,0.1039658710360527,0.0,10.671090126037598,6.751460552215576,0.0,0.0,3.560333251953125,0.0,3.79911208152771,4.409588813781738,6.764504909515381,0.0,2.9325640201568604,3.4957773685455322
0.0,0.0,0.0,5.036816596984863,3.3178975582122803,4.839320182800293,0.0,2.906038522720337,0.0,2.0663254261016846,2.391899347305298,8.224976539611816,4.5625739097595215,1.5902695655822754,0.0,3.6212158203125,5.380143165588379,0.0,0.0,0.1039658710360527,0.0,10.671090126037598,6.751460552215576,0.0,0.0,3.560333251953125,0.0,3.79911208152771,4.409588813781738,6.764504909515381,0.0,2.9325640201568604,3.4957773685455322
0.0,0.0,0.0,5.036816596984863,3.3178975582122803,4.839320182800293,0.0,2.906038522720337,0.0,2.0663254261016846,2.391899347305298,8.224976539611816,4.5625739097595215,1.5902695655822754,0.0,3.6212158203125,5.380143165588379,0.0,0.0,0.1039658710360527,0.0,10.671090126037598,6.751460552215576,0.0,0.0,3.560333251953125,0.0,3.79911208152771,4.409588813781738,6.764504909515381,0.0,2.9325640201568604,3.4957773685455322
0.0,0.0,0.0,5.036816596984863,3.3178975582122803,4.839320182800293,0.0,2.906038522720337,0.0,2.0663254261016846,2.391899347305298,8.224976539611816,4.5625739097595215,1.5902695655822754,0.0,3.6212158203125,5.380143165588379,0.0,0.0,0.1039658710360527,0.0,10.671090126037598,6.751460552215576,0.0,0.0,3.560333251953125,0.0,3.79911208152771,4.409588813781738,6.764504909515381,0.0,2.9325640201568604,3.4957773685455322
0.0,0.0,0.0,5.036816596984863,3.3178975582122803,4.839320182800293,0.0,2.906038522720337,0.0,2.0663254261016846,2.391899347305298,8.224976539611816,4.5625739097595215,1.5902695655822754,0.0,3.6212158203125,5.380143165588379,0.0,0.0,0.1039658710360527,0.0,10.671090126037598,6.751460552215576,0.0,0.0,3.560333251953125,0.0,3.79911208152771,4.409588813781738,6.764504909515381,0.0,2.9325640201568604,3.4957773685455322
0.0,0.0,0.0,5.036816596984863,3.3178975582122803,4.839320182800293,0.0,2.906038522720337,0.0,2.0663254261016846,2.391899347305298,8.224976539611816,4.5625739097595215,1.5902695655822754,0.0,3.6212158203125,5.380143165588379,0.0,0.0,0.1039658710360527,0.0,10.671090126037598,6.751460552215576,0.0,0.0,3.560333251953125,0.0,3.79911208152771,4.409588813781738,6.764504909515381,0.0,2.9325640201568604,3.4957773685455322
0.0,0.0,0.0,5.036816596984863,3.3178975582122803,4.839320182800293,0.0,2.906038522720337,0.0,2.0663254261016846,2.391899347305298,8.224976539611816,4.5625739097595215,1.5902695655822754,0.0,3.6212158203125,5.380143165588379,0.0,0.0,0.1039658710360527,0.0,10.671090126037598,6.751460552215576,0.0,0.0,3.560333251953125,0.0,3.79911208152771,4.409588813781738,6.764504909515381,0.0,2.9325640201568604,3.4957773685455322
0.0,0.0,0.0,5.036816596984863,3.3178975582122803,4.839320182800293,0.0,2.906038522720337,0.0,2.0663254261016846,2.391899347305298,8.224976539611816,4.5625739097595215,1.5902695655822754,0.0,3.6212158203125,5.380143165588379,0.0,0.0,0.1039658710360527,0.0,10.671090126037598,6.751460552215576,0.0,0.0,3.560333251953125,0.0,3.79911208152771,4.409588813781738,6.764504909515381,0.0,2.9325640201568604,3.4957773685455322
0.0,0.3459104299545288,0.0,3.9083681106567383,5.122115612030029,1.9574743509292603,0.0,6.376801013946533,0.0,5.842654705047607,4.790105819702148,10.517378807067871,6.410816669464111,1.480059027671814,0.015840651467442513,5.106159210205078,2.5495445728302,0.0,1.7398507595062256,0.004153958056122065,0.0,13.377110481262207,8.090460777282715,3.3550283908843994,0.6637930870056152,3.7419943809509277,0.0,2.573458194732666,4.624279975891113,9.663954734802246,0.0,1.7463436126708984,6.573529243469238
0.0,0.3459104299545288,0.0,3.9083681106567383,5.122115612030029,1.9574743509292603,0.0,6.376801013946533,0.0,5.842654705047607,4.790105819702148,10.517378807067871,6.410816669464111,1.480059027671814,0.015840651467442513,5.106159210205078,2.5495445728302,0.0,1.7398507595062256,0.004153958056122065,0.0,13.377110481262207,8.090460777282715,3.3550283908843994,0.6637930870056152,3.7419943809509277,0.0,2.573458194732666,4.624279975891113,9.663954734802246,0.0,1.7463436126708984,6.573529243469238
0.0,0.3459104299545288,0.0,3.9083681106567383,5.122115612030029,1.9574743509292603,0.0,6.376801013946533,0.0,5.842654705047607,4.790105819702148,10.517378807067871,6.410816669464111,1.480059027671814,0.015840651467442513,5.106159210205078,2.5495445728302,0.0,1.7398507595062256,0.004153958056122065,0.0,13.377110481262207,8.090460777282715,3.3550283908843994,0.6637930870056152,3.7419943809509277,0.0,2.573458194732666,4.624279975891113,9.663954734802246,0.0,1.7463436126708984,6.573529243469238
0.0,0.3459104299545288,0.0,3.9083681106567383,5.122115612030029,1.9574743509292603,0.0,6.376801013946533,0.0,5.842654705047607,4.790105819702148,10.517378807067871,6.410816669464111,1.480059027671814,0.015840651467442513,5.106159210205078,2.5495445728302,0.0,1.7398507595062256,0.004153958056122065,0.0,13.377110481262207,8.090460777282715,3.3550283908843994,0.6637930870056152,3.7419943809509277,0.0,2.573458194732666,4.624279975891113,9.663954734802246,0.0,1.7463436126708984,6.573529243469238
0.0,0.3459104299545288,0.0,3.9083681106567383,5.122115612030029,1.9574743509292603,0.0,6.376801013946533,0.0,5.842654705047607,4.790105819702148,10.517378807067871,6.410816669464111,1.480059027671814,0.015840651467442513,5.106159210205078,2.5495445728302,0.0,1.7398507595062256,0.004153958056122065,0.0,13.377110481262207,8.090460777282715,3.3550283908843994,0.6637930870056152,3.7419943809509277,0.0,2.573458194732666,4.624279975891113,9.663954734802246,0.0,1.7463436126708984,6.573529243469238
0.0,0.3459104299545288,0.0,3.9083681106567383,5.122115612030029,1.9574743509292603,0.0,6.376801013946533,0.0,5.842654705047607,4.790105819702148,10.517378807067871,6.410816669464111,1.480059027671814,0.015840651467442513,5.106159210205078,2.5495445728302,0.0,1.7398507595062256,0.004153958056122065,0.0,13.377110481262207,8.090460777282715,3.3550283908843994,0.6637930870056152,3.7419943809509277,0.0,2.573458194732666,4.624279975891113,9.663954734802246,0.0,1.7463436126708984,6.573529243469238
0.0,0.3459104299545288,0.0,3.9083681106567383,5.122115612030029,1.9574743509292603,0.0,6.376801013946533,0.0,5.842654705047607,4.790105819702148,10.517378807067871,6.410816669464111,1.480059027671814,0.015840651467442513,5.106159210205078,2.5495445728302,0.0,1.7398507595062256,0.004153958056122065,0.0,13.377110481262207,8.090460777282715,3.3550283908843994,0.6637930870056152,3.7419943809509277,0.0,2.573458194732666,4.624279975891113,9.663954734802246,0.0,1.7463436126708984,6.573529243469238
0.0,0.3459104299545288,0.0,3.9083681106567383,5.122115612030029,1.9574743509292603,0.0,6.376801013946533,0.0,5.842654705047607,4.790105819702148,10.517378807067871,6.410816669464111,1.480059027671814,0.015840651467442513,5.106159210205078,2.5495445728302,0.0,1.7398507595062256,0.004153958056122065,0.0,13.377110481262207,8.090460777282715,3.3550283908843994,0.6637930870056152,3.7419943809509277,0.0,2.573458194732666,4.624279975891113,9.663954734802246,0.0,1.7463436126708984,6.573529243469238
0.0,0.3459104299545288,0.0,3.9083681106567383,5.122115612030029,1.9574743509292603,0.0,6.376801013946533,0.0,5.842654705047607,4.790105819702148,10.517378807067871,6.410816669464111,1.480059027671814,0.015840651467442513,5.106159210205078,2.5495445728302,0.0,1.7398507595062256,0.004153958056122065,0.0,13.377110481262207,8.090460777282715,3.3550283908843994,0.6637930870056152,3.7419943809509277,0.0,2.573458194732666,4.624279975891113,9.663954734802246,0.0,1.7463436126708984,6.573529243469238
0.0,0.3459104299545288,0.0,3.9083681106567383,5.122115612030029,1.9574743509292603,0.0,6.376801013946533,0.0,5.842654705047607,4.790105819702148,10.517378807067871,6.410816669464111,1.480059027671814,0.015840651467442513,5.106159210205078,2.5495445728302,0.0,1.7398507595062256,0.004153958056122065,0.0,13.377110481262207,8.090460777282715,3.3550283908843994,0.6637930870056152,3.7419943809509277,0.0,2.573458194732666,4.624279975891113,9.663954734802246,0.0,1.7463436126708984,6.573529243469238
0.0,0.3459104299545288,0.0,3.9083681106567383,5.122115612030029,1.9574743509292603,0.0,6.376801013946533,0.0,5.842654705047607,4.790105819702148,10.517378807067871,6.410816669464111,1.480059027671814,0.015840651467442513,5.106159210205078,2.5495445728302,0.0,1.7398507595062256,0.004153958056122065,0.0,13.377110481262207,8.090460777282715,3.3550283908843994,0.6637930870056152,3.7419943809509277,0.0,2.573458194732666,4.624279975891113,9.663954734802246,0.0,1.7463436126708984,6.573529243469238
0.0,0.3459104299545288,0.0,3.9083681106567383,5.122115612030029,1.9574743509292603,0.0,6.376801013946533,0.0,5.842654705047607,4.790105819702148,10.517378807067871,6.410816669464111,1.480059027671814,0.015840651467442513,5.106159210205078,2.5495445728302,0.0,1.7398507595062256,0.004153958056122065,0.0,13.377110481262207,8.090460777282715,3.3550283908843994,0.6637930870056152,3.7419943809509277,0.0,2.573458194732666,4.624279975891113,9.663954734802246,0.0,1.7463436126708984,6.573529243469238
0.0,0.3459104299545288,0.0,3.9083681106567383,5.122115612030029,1.9574743509292603,0.0,6.376801013946533,0.0,5.842654705047607,4.790105819702148,10.517378807067871,6.410816669464111,1.480059027671814,0.015840651467442513,5.106159210205078,2.5495445728302,0.0,1.7398507595062256,0.004153958056122065,0.0,13.377110481262207,8.090460777282715,3.3550283908843994,0.6637930870056152,3.7419943809509277,0.0,2.573458194732666,4.624279975891113,9.663954734802246,0.0,1.7463436126708984,6.573529243469238
0.0,0.3459104299545288,0.0,3.9083681106567383,5.122115612030029,1.9574743509292603,0.0,6.376801013946533,0.0,5.842654705047607,4.790105819702148,10.517378807067871,6.410816669464111,1.480059027671814,0.015840651467442513,5.106159210205078,2.5495445728302,0.0,1.7398507595062256,0.004153958056122065,0.0,13.377110481262207,8.090460777282715,3.3550283908843994,0.6637930870056152,3.7419943809509277,0.0,2.573458194732666,4.624279975891113,9.663954734802246,0.0,1.7463436126708984,6.573529243469238
0.0,0.3459104299545288,0.0,3.9083681106567383,5.122115612030029,1.9574743509292603,0.0,6.376801013946533,0.0,5.842654705047607,4.790105819702148,10.517378807067871,6.410816669464111,1.480059027671814,0.015840651467442513,5.106159210205078,2.5495445728302,0.0,1.7398507595062256,0.004153958056122065,0.0,13.377110481262207,8.090460777282715,3.3550283908843994,0.6637930870056152,3.7419943809509277,0.0,2.573458194732666,4.624279975891113,9.663954734802246,0.0,1.7463436126708984,6.573529243469238
0.0,0.0,0.0,5.192440032958984,3.7942655086517334,4.88367223739624,0.0,3.189789295196533,0.0,2.1489248275756836,2.4233238697052,8.770340919494629,4.884942531585693,1.4907209873199463,0.0,3.691269874572754,5.660176753997803,0.0,0.3408055901527405,0.03327285498380661,0.0,10.790616035461426,6.998762607574463,0.0,0.0,3.5158724784851074,0.0,3.8017406463623047,4.4257307052612305,6.961925506591797,0.0,3.0149781703948975,3.7087347507476807
0.0,0.0,0.0,5.192440032958984,3.7942655086517334,4.88367223739624,0.0,3.189789295196533,0.0,2.1489248275756836,2.4233238697052,8.770340919494629,4.884942531585693,1.4907209873199463,0.0,3.691269874572754,5.660176753997803,0.0,0.3408055901527405,0.03327285498380661,0.0,10.790616035461426,6.998762607574463,0.0,0.0,3.5158724784851074,0.0,3.8017406463623047,4.4257307052612305,6.961925506591797,0.0,3.0149781703948975,3.7087347507476807
0.0,0.0,0.0,5.192440032958984,3.7942655086517334,4.88367223739624,0.0,3.189789295196533,0.0,2.1489248275756836,2.4233238697052,8.770340919494629,4.884942531585693,1.4907209873199463,0.0,3.691269874572754,5.660176753997803,0.0,0.3408055901527405,0.03327285498380661,0.0,10.790616035461426,6.998762607574463,0.0,0.0,3.5158724784851074,0.0,3.8017406463623047,4.4257307052612305,6.961925506591797,0.0,3.0149781703948975,3.7087347507476807
0.0,0.0,0.0,5.192440032958984,3.7942655086517334,4.88367223739624,0.0,3.189789295196533,0.0,2.1489248275756836,2.4233238697052,8.770340919494629,4.884942531585693,1.4907209873199463,0.0,3.691269874572754,5.660176753997803,0.0,0.3408055901527405,0.03327285498380661,0.0,10.790616035461426,6.998762607574463,0.0,0.0,3.5158724784851074,0.0,3.8017406463623047,4.4257307052612305,6.961925506591797,0.0,3.0149781703948975,3.7087347507476807
0.0,0.0,0.0,5.192440032958984,3.7942655086517334,4.88367223739624,0.0,3.189789295196533,0.0,2.1489248275756836,2.4233238697052,8.770340919494629,4.884942531585693,1.4907209873199463,0.0,3.691269874572754,5.660176753997803,0.0,0.3408055901527405,0.03327285498380661,0.0,10.790616035461426,6.998762607574463,0.0,0.0,3.5158724784851074,0.0,3.8017406463623047,4.4257307052612305,6.961925506591797,0.0,3.0149781703948975,3.7087347507476807
0.0,0.0,0.0,5.192440032958984,3.7942655086517334,4.88367223739624,0.0,3.189789295196533,0.0,2.1489248275756836,2.4233238697052,8.770340919494629,4.884942531585693,1.4907209873199463,0.0,3.691269874572754,5.660176753997803,0.0,0.3408055901527405,0.03327285498380661,0.0,10.790616035461426,6.998762607574463,0.0,0.0,3.5158724784851074,0.0,3.8017406463623047,4.4257307052612305,6.961925506591797,0.0,3.0149781703948975,3.7087347507476807
0.0,0.0,0.0,5.192440032958984,3.7942655086517334,4.88367223739624,0.0,3.189789295196533,0.0,2.1489248275756836,2.4233238697052,8.770340919494629,4.884942531585693,1.4907209873199463,0.0,3.691269874572754,5.660176753997803,0.0,0.3408055901527405,0.03327285498380661,0.0,10.790616035461426,6.998762607574463,0.0,0.0,3.5158724784851074,0.0,3.8017406463623047,4.4257307052612305,6.961925506591797,0.0,3.0149781703948975,3.7087347507476807
0.0,0.0,0.0,5.192440032958984,3.7942655086517334,4.88367223739624,0.0,3.189789295196533,0.0,2.1489248275756836,2.4233238697052,8.770340919494629,4.884942531585693,1.4907209873199463,0.0,3.691269874572754,5.660176753997803,0.0,0.3408055901527405,0.03327285498380661,0.0,10.790616035461426,6.998762607574463,0.0,0.0,3.5158724784851074,0.0,3.8017406463623047,4.4257307052612305,6.961925506591797,0.0,3.0149781703948975,3.7087347507476807
0.0,0.0,0.0,5.192440032958984,3.7942655086517334,4.88367223739624,0.0,3.189789295196533,0.0,2.1489248275756836,2.4233238697052,8.770340919494629,4.884942531585693,1.4907209873199463,0.0,3.691269874572754,5.660176753997803,0.0,0.3408055901527405,0.03327285498380661,0.0,10.790616035461426,6.998762607574463,0.0,0.0,3.5158724784851074,0.0,3.8017406463623047,4.4257307052612305,6.961925506591797,0.0,3.0149781703948975,3.7087347507476807
0.0,0.0,0.0,5.192440032958984,3.7942655086517334,4.88367223739624,0.0,3.189789295196533,0.0,2.1489248275756836,2.4233238697052,8.770340919494629,4.884942531585693,1.4907209873199463,0.0,3.691269874572754,5.660176753997803,0.0,0.3408055901527405,0.03327285498380661,0.0,10.790616035461426,6.998762607574463,0.0,0.0,3.5158724784851074,0.0,3.8017406463623047,4.4257307052612305,6.961925506591797,0.0,3.0149781703948975,3.7087347507476807
0.0,0.0,0.0,5.192440032958984,3.7942655086517334,4.88367223739624,0.0,3.189789295196533,0.0,2.1489248275756836,2.4233238697052,8.770340919494629,4.884942531585693,1.4907209873199463,0.0,3.691269874572754,5.660176753997803,0.0,0.3408055901527405,0.03327285498380661,0.0,10.790616035461426,6.998762607574463,0.0,0.0,3.5158724784851074,0.0,3.8017406463623047,4.4257307052612305,6.961925506591797,0.0,3.0149781703948975,3.7087347507476807
0.0,0.0,0.0,5.192440032958984,3.7942655086517334,4.88367223739624,0.0,3.189789295196533,0.0,2.1489248275756836,2.4233238697052,8.770340919494629,4.884942531585693,1.4907209873199463,0.0,3.691269874572754,5.660176753997803,0.0,0.3408055901527405,0.03327285498380661,0.0,10.790616035461426,6.998762607574463,0.0,0.0,3.5158724784851074,0.0,3.8017406463623047,4.4257307052612305,6.961925506591797,0.0,3.0149781703948975,3.7087347507476807
0.0,0.0,0.0,5.192440032958984,3.7942655086517334,4.88367223739624,0.0,3.189789295196533,0.0,2.1489248275756836,2.4233238697052,8.770340919494629,4.884942531585693,1.4907209873199463,0.0,3.691269874572754,5.660176753997803,0.0,0.3408055901527405,0.03327285498380661,0.0,10.790616035461426,6.998762607574463,0.0,0.0,3.5158724784851074,0.0,3.8017406463623047,4.4257307052612305,6.961925506591797,0.0,3.0149781703948975,3.7087347507476807
0.0,0.0,0.0,5.192440032958984,3.7942655086517334,4.88367223739624,0.0,3.189789295196533,0.0,2.1489248275756836,2.4233238697052,8.770340919494629,4.884942531585693,1.4907209873199463,0.0,3.691269874572754,5.660176753997803,0.0,0.3408055901527405,0.03327285498380661,0.0,10.790616035461426,6.998762607574463,0.0,0.0,3.5158724784851074,0.0,3.8017406463623047,4.4257307052612305,6.961925506591797,0.0,3.0149781703948975,3.7087347507476807
0.0,0.0,0.0,5.192440032958984,3.7942655086517334,4.88367223739624,0.0,3.189789295196533,0.0,2.1489248275756836,2.4233238697052,8.770340919494629,4.884942531585693,1.4907209873199463,0.0,3.691269874572754,5.660176753997803,0.0,0.3408055901527405,0.03327285498380661,0.0,10.790616035461426,6.998762607574463,0.0,0.0,3.5158724784851074,0.0,3.8017406463623047,4.4257307052612305,6.961925506591797,0.0,3.0149781703948975,3.7087347507476807
0.0,1.8779385089874268,0.0,3.998121500015259,5.926184177398682,1.0674712657928467,0.4970243275165558,8.351591110229492,0.0,6.107463359832764,6.006038188934326,10.836538314819336,4.0868611335754395,1.178419589996338,1.873151183128357,5.590744972229004,2.3224949836730957,0.0,3.3394124507904053,0.25506025552749634,0.7892598509788513,14.679032325744629,8.43929386138916,4.408419132232666,2.4922423362731934,4.031064033508301,1.6096892356872559,2.367774248123169,4.787370204925537,10.42944622039795,0.0,3.053835391998291,6.663266658782959
0.0,1.8779385089874268,0.0,3.998121500015259,5.926184177398682,1.0674712657928467,0.4970243275165558,8.351591110229492,0.0,6.107463359832764,6.006038188934326,10.836538314819336,4.0868611335754395,1.178419589996338,1.873151183128357,5.590744972229004,2.3224949836730957,0.0,3.3394124507904053,0.25506025552749634,0.7892598509788513,14.679032325744629,8.43929386138916,4.408419132232666,2.4922423362731934,4.031064033508301,1.6096892356872559,2.367774248123169,4.787370204925537,10.42944622039795,0.0,3.053835391998291,6.663266658782959
0.0,1.8779385089874268,0.0,3.998121500015259,5.926184177398682,1.0674712657928467,0.4970243275165558,8.351591110229492,0.0,6.107463359832764,6.006038188934326,10.836538314819336,4.0868611335754395,1.178419589996338,1.873151183128357,5.590744972229004,2.3224949836730957,0.0,3.3394124507904053,0.25506025552749634,0.7892598509788513,14.679032325744629,8.43929386138916,4.408419132232666,2.4922423362731934,4.031064033508301,1.6096892356872559,2.367774248123169,4.787370204925537,10.42944622039795,0.0,3.053835391998291,6.663266658782959
0.0,1.8779385089874268,0.0,3.998121500015259,5.926184177398682,1.0674712657928467,0.4970243275165558,8.351591110229492,0.0,6.107463359832764,6.006038188934326,10.836538314819336,4.0868611335754395,1.178419589996338,1.873151183128357,5.590744972229004,2.3224949836730957,0.0,3.3394124507904053,0.25506025552749634,0.7892598509788513,14.679032325744629,8.43929386138916,4.408419132232666,2.4922423362731934,4.031064033508301,1.6096892356872559,2.367774248123169,4.787370204925537,10.42944622039795,0.0,3.053835391998291,6.663266658782959
0.0,1.8779385089874268,0.0,3.998121500015259,5.926184177398682,1.0674712657928467,0.4970243275165558,8.351591110229492,0.0,6.107463359832764,6.006038188934326,10.836538314819336,4.0868611335754395,1.178419589996338,1.873151183128357,5.590744972229004,2.3224949836730957,0.0,3.3394124507904053,0.25506025552749634,0.7892598509788513,14.679032325744629,8.43929386138916,4.408419132232666,2.4922423362731934,4.031064033508301,1.6096892356872559,2.367774248123169,4.787370204925537,10.42944622039795,0.0,3.053835391998291,6.663266658782959
0.0,1.8779385089874268,0.0,3.998121500015259,5.926184177398682,1.0674712657928467,0.4970243275165558,8.351591110229492,0.0,6.107463359832764,6.006038188934326,10.836538314819336,4.0868611335754395,1.178419589996338,1.873151183128357,5.590744972229004,2.3224949836730957,0.0,3.3394124507904053,0.25506025552749634,0.7892598509788513,14.679032325744629,8.43929386138916,4.408419132232666,2.4922423362731934,4.031064033508301,1.6096892356872559,2.367774248123169,4.787370204925537,10.42944622039795,0.0,3.053835391998291,6.663266658782959
0.0,1.8779385089874268,0.0,3.998121500015259,5.926184177398682,1.0674712657928467,0.4970243275165558,8.351591110229492,0.0,6.107463359832764,6.006038188934326,10.836538314819336,4.0868611335754395,1.178419589996338,1.873151183128357,5.590744972229004,2.3224949836730957,0.0,3.3394124507904053,0.25506025552749634,0.7892598509788513,14.679032325744629,8.43929386138916,4.408419132232666,2.4922423362731934,4.031064033508301,1.6096892356872559,2.367774248123169,4.787370204925537,10.42944622039795,0.0,3.053835391998291,6.663266658782959
0.0,1.8779385089874268,0.0,3.998121500015259,5.926184177398682,1.0674712657928467,0.4970243275165558,8.351591110229492,0.0,6.107463359832764,6.006038188934326,10.836538314819336,4.0868611335754395,1.178419589996338,1.873151183128357,5.590744972229004,2.3224949836730957,0.0,3.3394124507904053,0.25506025552749634,0.7892598509788513,14.679032325744629,8.43929386138916,4.408419132232666,2.4922423362731934,4.031064033508301,1.6096892356872559,2.367774248123169,4.787370204925537,10.42944622039795,0.0,3.053835391998291,6.663266658782959
0.0,1.8779385089874268,0.0,3.998121500015259,5.926184177398682,1.0674712657928467,0.4970243275165558,8.351591110229492,0.0,6.107463359832764,6.006038188934326,10.836538314819336,4.0868611335754395,1.178419589996338,1.873151183128357,5.590744972229004,2.3224949836730957,0.0,3.3394124507904053,0.25506025552749634,0.7892598509788513,14.679032325744629,8.43929386138916,4.408419132232666,2.4922423362731934,4.031064033508301,1.6096892356872559,2.367774248123169,4.787370204925537,10.42944622039795,0.0,3.053835391998291,6.663266658782959
0.0,1.8779385089874268,0.0,3.998121500015259,5.926184177398682,1.0674712657928467,0.4970243275165558,8.351591110229492,0.0,6.107463359832764,6.006038188934326,10.836538314819336,4.0868611335754395,1.178419589996338,1.873151183128357,5.590744972229004,2.3224949836730957,0.0,3.3394124507904053,0.25506025552749634,0.7892598509788513,14.679032325744629,8.43929386138916,4.408419132232666,2.4922423362731934,4.031064033508301,1.6096892356872559,2.367774248123169,4.787370204925537,10.42944622039795,0.0,3.053835391998291,6.663266658782959
0.0,1.8779385089874268,0.0,3.998121500015259,5.926184177398682,1.0674712657928467,0.4970243275165558,8.351591110229492,0.0,6.107463359832764,6.006038188934326,10.836538314819336,4.0868611335754395,1.178419589996338,1.873151183128357,5.590744972229004,2.3224949836730957,0.0,3.3394124507904053,0.25506025552749634,0.7892598509788513,14.679032325744629,8.43929386138916,4.408419132232666,2.4922423362731934,4.031064033508301,1.6096892356872559,2.367774248123169,4.787370204925537,10.42944622039795,0.0,3.053835391998291,6.663266658782959
0.0,1.8779385089874268,0.0,3.998121500015259,5.926184177398682,1.0674712657928467,0.4970243275165558,8.351591110229492,0.0,6.107463359832764,6.006038188934326,10.836538314819336,4.0868611335754395,1.178419589996338,1.873151183128357,5.590744972229004,2.3224949836730957,0.0,3.3394124507904053,0.25506025552749634,0.7892598509788513,14.679032325744629,8.43929386138916,4.408419132232666,2.4922423362731934,4.031064033508301,1.6096892356872559,2.367774248123169,4.787370204925537,10.42944622039795,0.0,3.053835391998291,6.663266658782959
0.0,1.8779385089874268,0.0,3.998121500015259,5.926184177398682,1.0674712657928467,0.4970243275165558,8.351591110229492,0.0,6.107463359832764,6.006038188934326,10.836538314819336,4.0868611335754395,1.178419589996338,1.873151183128357,5.590744972229004,2.3224949836730957,0.0,3.3394124507904053,0.25506025552749634,0.7892598509788513,14.679032325744629,8.43929386138916,4.408419132232666,2.4922423362731934,4.031064033508301,1.6096892356872559,2.367774248123169,4.787370204925537,10.42944622039795,0.0,3.053835391998291,6.663266658782959
0.0,1.8779385089874268,0.0,3.998121500015259,5.926184177398682,1.0674712657928467,0.4970243275165558,8.351591110229492,0.0,6.107463359832764,6.006038188934326,10.836538314819336,4.0868611335754395,1.178419589996338,1.873151183128357,5.590744972229004,2.3224949836730957,0.0,3.3394124507904053,0.25506025552749634,0.7892598509788513,14.679032325744629,8.43929386138916,4.408419132232666,2.4922423362731934,4.031064033508301,1.6096892356872559,2.367774248123169,4.787370204925537,10.42944622039795,0.0,3.053835391998291,6.663266658782959
0.0,1.8779385089874268,0.0,3.998121500015259,5.926184177398682,1.0674712657928467,0.4970243275165558,8.351591110229492,0.0,6.107463359832764,6.006038188934326,10.836538314819336,4.0868611335754395,1.178419589996338,1.873151183128357,5.590744972229004,2.3224949836730957,0.0,3.3394124507904053,0.25506025552749634,0.7892598509788513,14.679032325744629,8.43929386138916,4.408419132232666,2.4922423362731934,4.031064033508301,1.6096892356872559,2.367774248123169,4.787370204925537,10.42944622039795,0.0,3.053835391998291,6.663266658782959
0.0,0.0,0.0,5.361353874206543,4.268696308135986,4.945919513702393,0.0,3.464751958847046,0.0,2.273998260498047,2.4433774948120117,9.374229431152344,5.231482982635498,1.3979157209396362,0.0,3.7303149700164795,5.942761421203613,0.0,0.6868008971214294,0.0,0.0,10.897395133972168,7.227948188781738,0.0,0.0,3.499929904937744,0.0,3.8079538345336914,4.459521293640137,7.192789554595947,0.0,3.08834171295166,3.913060188293457
0.0,0.0,0.0,5.361353874206543,4.268696308135986,4.945919513702393,0.0,3.464751958847046,0.0,2.273998260498047,2.4433774948120117,9.374229431152344,5.231482982635498,1.3979157209396362,0.0,3.7303149700164795,5.942761421203613,0.0,0.6868008971214294,0.0,0.0,10.897395133972168,7.227948188781738,0.0,0.0,3.499929904937744,0.0,3.8079538345336914,4.459521293640137,7.192789554595947,0.0,3.08834171295166,3.913060188293457
0.0,0.0,0.0,5.361353874206543,4.268696308135986,4.945919513702393,0.0,3.464751958847046,0.0,2.273998260498047,2.4433774948120117,9.374229431152344,5.231482982635498,1.3979157209396362,0.0,3.7303149700164795,5.942761421203613,0.0,0.6868008971214294,0.0,0.0,10.897395133972168,7.227948188781738,0.0,0.0,3.499929904937744,0.0,3.8079538345336914,4.459521293640137,7.192789554595947,0.0,3.08834171295166,3.913060188293457
0.0,0.0,0.0,5.361353874206543,4.268696308135986,4.945919513702393,0.0,3.464751958847046,0.0,2.273998260498047,2.4433774948120117,9.374229431152344,5.231482982635498,1.3979157209396362,0.0,3.7303149700164795,5.942761421203613,0.0,0.6868008971214294,0.0,0.0,10.897395133972168,7.227948188781738,0.0,0.0,3.499929904937744,0.0,3.8079538345336914,4.459521293640137,7.192789554595947,0.0,3.08834171295166,3.913060188293457
0.0,0.0,0.0,5.361353874206543,4.268696308135986,4.945919513702393,0.0,3.464751958847046,0.0,2.273998260498047,2.4433774948120117,9.374229431152344,5.231482982635498,1.3979157209396362,0.0,3.7303149700164795,5.942761421203613,0.0,0.6868008971214294,0.0,0.0,10.897395133972168,7.227948188781738,0.0,0.0,3.499929904937744,0.0,3.8079538345336914,4.459521293640137,7.192789554595947,0.0,3.08834171295166,3.913060188293457
0.0,0.0,0.0,5.361353874206543,4.268696308135986,4.945919513702393,0.0,3.464751958847046,0.0,2.273998260498047,2.4433774948120117,9.374229431152344,5.231482982635498,1.3979157209396362,0.0,3.7303149700164795,5.942761421203613,0.0,0.6868008971214294,0.0,0.0,10.897395133972168,7.227948188781738,0.0,0.0,3.499929904937744,0.0,3.8079538345336914,4.459521293640137,7.192789554595947,0.0,3.08834171295166,3.913060188293457
0.0,0.0,0.0,5.361353874206543,4.268696308135986,4.945919513702393,0.0,3.464751958847046,0.0,2.273998260498047,2.4433774948120117,9.374229431152344,5.231482982635498,1.3979157209396362,0.0,3.7303149700164795,5.942761421203613,0.0,0.6868008971214294,0.0,0.0,10.897395133972168,7.227948188781738,0.0,0.0,3.499929904937744,0.0,3.8079538345336914,4.459521293640137,7.192789554595947,0.0,3.08834171295166,3.913060188293457
0.0,0.0,0.0,5.361353874206543,4.268696308135986,4.945919513702393,0.0,3.464751958847046,0.0,2.273998260498047,2.4433774948120117,9.374229431152344,5.231482982635498,1.3979157209396362,0.0,3.7303149700164795,5.942761421203613,0.0,0.6868008971214294,0.0,0.0,10.897395133972168,7.227948188781738,0.0,0.0,3.499929904937744,0.0,3.8079538345336914,4.459521293640137,7.192789554595947,0.0,3.08834171295166,3.913060188293457
0.0,0.0,0.0,5.361353874206543,4.268696308135986,4.945919513702393,0.0,3.464751958847046,0.0,2.273998260498047,2.4433774948120117,9.374229431152344,5.231482982635498,1.3979157209396362,0.0,3.7303149700164795,5.942761421203613,0.0,0.6868008971214294,0.0,0.0,10.897395133972168,7.227948188781738,0.0,0.0,3.499929904937744,0.0,3.8079538345336914,4.459521293640137,7.192789554595947,0.0,3.08834171295166,3.913060188293457
0.0,0.0,0.0,5.361353874206543,4.268696308135986,4.945919513702393,0.0,3.464751958847046,0.0,2.273998260498047,2.4433774948120117,9.374229431152344,5.231482982635498,1.3979157209396362,0.0,3.7303149700164795,5.942761421203613,0.0,0.6868008971214294,0.0,0.0,10.897395133972168,7.227948188781738,0.0,0.0,3.499929904937744,0.0,3.8079538345336914,4.459521293640137,7.192789554595947,0.0,3.08834171295166,3.913060188293457
0.0,0.0,0.0,5.361353874206543,4.268696308135986,4.945919513702393,0.0,3.464751958847046,0.0,2.273998260498047,2.4433774948120117,9.374229431152344,5.231482982635498,1.3979157209396362,0.0,3.7303149700164795,5.942761421203613,0.0,0.6868008971214294,0.0,0.0,10.897395133972168,7.227948188781738,0.0,0.0,3.499929904937744,0.0,3.8079538345336914,4.459521293640137,7.192789554595947,0.0,3.08834171295166,3.913060188293457
0.0,0.0,0.0,5.361353874206543,4.268696308135986,4.945919513702393,0.0,3.464751958847046,0.0,2.273998260498047,2.4433774948120117,9.374229431152344,5.231482982635498,1.3979157209396362,0.0,3.7303149700164795,5.942761421203613,0.0,0.6868008971214294,0.0,0.0,10.897395133972168,7.227948188781738,0.0,0.0,3.499929904937744,0.0,3.8079538345336914,4.459521293640137,7.192789554595947,0.0,3.08834171295166,3.913060188293457
0.0,0.0,0.0,5.361353874206543,4.268696308135986,4.945919513702393,0.0,3.464751958847046,0.0,2.273998260498047,2.4433774948120117,9.374229431152344,5.231482982635498,1.3979157209396362,0.0,3.7303149700164795,5.942761421203613,0.0,0.6868008971214294,0.0,0.0,10.897395133972168,7.227948188781738,0.0,0.0,3.499929904937744,0.0,3.8079538345336914,4.459521293640137,7.192789554595947,0.0,3.08834171295166,3.913060188293457
0.0,0.0,0.0,5.361353874206543,4.268696308135986,4.945919513702393,0.0,3.464751958847046,0.0,2.273998260498047,2.4433774948120117,9.374229431152344,5.231482982635498,1.3979157209396362,0.0,3.7303149700164795,5.942761421203613,0.0,0.6868008971214294,0.0,0.0,10.897395133972168,7.227948188781738,0.0,0.0,3.499929904937744,0.0,3.8079538345336914,4.459521293640137,7.192789554595947,0.0,3.08834171295166,3.913060188293457
0.0,0.0,0.0,5.361353874206543,4.268696308135986,4.945919513702393,0.0,3.464751958847046,0.0,2.273998260498047,2.4433774948120117,9.374229431152344,5.231482982635498,1.3979157209396362,0.0,3.7303149700164795,5.942761421203613,0.0,0.6868008971214294,0.0,0.0,10.897395133972168,7.227948188781738,0.0,0.0,3.499929904937744,0.0,3.8079538345336914,4.459521293640137,7.192789554595947,0.0,3.08834171295166,3.913060188293457
0.0,1.110857367515564,0.0,5.187321662902832,7.264689922332764,2.6280548572540283,0.0,7.874366760253906,0.0,5.493893146514893,4.257779121398926,12.119081497192383,7.280065536499023,1.208776831626892,1.3513610363006592,4.666661262512207,3.498826026916504,0.0,3.5764341354370117,0.0,0.0,13.781353950500488,8.230514526367188,4.638244152069092,1.5787755250930786,3.664804458618164,0.3587302267551422,2.2191343307495117,4.706407070159912,10.529068946838379,0.0,3.306942939758301,7.367465019226074
0.0,1.110857367515564,0.0,5.187321662902832,7.264689922332764,2.6280548572540283,0.0,7.874366760253906,0.0,5.493893146514893,4.257779121398926,12.119081497192383,7.280065536499023,1.208776831626892,1.3513610363006592,4.666661262512207,3.498826026916504,0.0,3.5764341354370117,0.0,0.0,13.781353950500488,8.230514526367188,4.638244152069092,1.5787755250930786,3.664804458618164,0.3587302267551422,2.2191343307495117,4.706407070159912,10.529068946838379,0.0,3.306942939758301,7.367465019226074
0.0,1.110857367515564,0.0,5.187321662902832,7.264689922332764,2.6280548572540283,0.0,7.874366760253906,0.0,5.493893146514893,4.257779121398926,12.119081497192383,7.280065536499023,1.208776831626892,1.3513610363006592,4.666661262512207,3.498826026916504,0.0,3.5764341354370117,0.0,0.0,13.781353950500488,8.230514526367188,4.638244152069092,1.5787755250930786,3.664804458618164,0.3587302267551422,2.2191343307495117,4.706407070159912,10.529068946838379,0.0,3.306942939758301,7.367465019226074
0.0,1.110857367515564,0.0,5.187321662902832,7.264689922332764,2.6280548572540283,0.0,7.874366760253906,0.0,5.493893146514893,4.257779121398926,12.119081497192383,7.280065536499023,1.208776831626892,1.3513610363006592,4.666661262512207,3.498826026916504,0.0,3.5764341354370117,0.0,0.0,13.781353950500488,8.230514526367188,4.638244152069092,1.5787755250930786,3.664804458618164,0.3587302267551422,2.2191343307495117,4.706407070159912,10.529068946838379,0.0,3.306942939758301,7.367465019226074
0.0,1.110857367515564,0.0,5.187321662902832,7.264689922332764,2.6280548572540283,0.0,7.874366760253906,0.0,5.493893146514893,4.257779121398926,12.119081497192383,7.280065536499023,1.208776831626892,1.3513610363006592,4.666661262512207,3.498826026916504,0.0,3.5764341354370117,0.0,0.0,13.781353950500488,8.230514526367188,4.638244152069092,1.5787755250930786,3.664804458618164,0.3587302267551422,2.2191343307495117,4.706407070159912,10.529068946838379,0.0,3.306942939758301,7.367465019226074
0.0,1.110857367515564,0.0,5.187321662902832,7.264689922332764,2.6280548572540283,0.0,7.874366760253906,0.0,5.493893146514893,4.257779121398926,12.119081497192383,7.280065536499023,1.208776831626892,1.3513610363006592,4.666661262512207,3.498826026916504,0.0,3.5764341354370117,0.0,0.0,13.781353950500488,8.230514526367188,4.638244152069092,1.5787755250930786,3.664804458618164,0.3587302267551422,2.2191343307495117,4.706407070159912,10.529068946838379,0.0,3.306942939758301,7.367465019226074
0.0,1.110857367515564,0.0,5.187321662902832,7.264689922332764,2.6280548572540283,0.0,7.874366760253906,0.0,5.493893146514893,4.257779121398926,12.119081497192383,7.280065536499023,1.208776831626892,1.3513610363006592,4.666661262512207,3.498826026916504,0.0,3.5764341354370117,0.0,0.0,13.781353950500488,8.230514526367188,4.638244152069092,1.5787755250930786,3.664804458618164,0.3587302267551422,2.2191343307495117,4.706407070159912,10.529068946838379,0.0,3.306942939758301,7.367465019226074
0.0,1.110857367515564,0.0,5.187321662902832,7.264689922332764,2.6280548572540283,0.0,7.874366760253906,0.0,5.493893146514893,4.257779121398926,12.119081497192383,7.280065536499023,1.208776831626892,1.3513610363006592,4.666661262512207,3.498826026916504,0.0,3.5764341354370117,0.0,0.0,13.781353950500488,8.230514526367188,4.638244152069092,1.5787755250930786,3.664804458618164,0.3587302267551422,2.2191343307495117,4.706407070159912,10.529068946838379,0.0,3.306942939758301,7.367465019226074
0.0,1.110857367515564,0.0,5.187321662902832,7.264689922332764,2.6280548572540283,0.0,7.874366760253906,0.0,5.493893146514893,4.257779121398926,12.119081497192383,7.280065536499023,1.208776831626892,1.3513610363006592,4.666661262512207,3.498826026916504,0.0,3.5764341354370117,0.0,0.0,13.781353950500488,8.230514526367188,4.638244152069092,1.5787755250930786,3.664804458618164,0.3587302267551422,2.2191343307495117,4.706407070159912,10.529068946838379,0.0,3.306942939758301,7.367465019226074
0.0,1.110857367515564,0.0,5.187321662902832,7.264689922332764,2.6280548572540283,0.0,7.874366760253906,0.0,5.493893146514893,4.257779121398926,12.119081497192383,7.280065536499023,1.208776831626892,1.3513610363006592,4.666661262512207,3.498826026916504,0.0,3.5764341354370117,0.0,0.0,13.781353950500488,8.230514526367188,4.638244152069092,1.5787755250930786,3.664804458618164,0.3587302267551422,2.2191343307495117,4.706407070159912,10.529068946838379,0.0,3.306942939758301,7.367465019226074
0.0,1.110857367515564,0.0,5.187321662902832,7.264689922332764,2.6280548572540283,0.0,7.874366760253906,0.0,5.493893146514893,4.257779121398926,12.119081497192383,7.280065536499023,1.208776831626892,1.3513610363006592,4.666661262512207,3.498826026916504,0.0,3.5764341354370117,0.0,0.0,13.781353950500488,8.230514526367188,4.638244152069092,1.5787755250930786,3.664804458618164,0.3587302267551422,2.2191343307495117,4.706407070159912,10.529068946838379,0.0,3.306942939758301,7.367465019226074
0.0,1.110857367515564,0.0,5.187321662902832,7.264689922332764,2.6280548572540283,0.0,7.874366760253906,0.0,5.493893146514893,4.257779121398926,12.119081497192383,7.280065536499023,1.208776831626892,1.3513610363006592,4.666661262512207,3.498826026916504,0.0,3.5764341354370117,0.0,0.0,13.781353950500488,8.230514526367188,4.638244152069092,1.5787755250930786,3.664804458618164,0.3587302267551422,2.2191343307495117,4.706407070159912,10.529068946838379,0.0,3.306942939758301,7.367465019226074
0.0,1.110857367515564,0.0,5.187321662902832,7.264689922332764,2.6280548572540283,0.0,7.874366760253906,0.0,5.493893146514893,4.257779121398926,12.119081497192383,7.280065536499023,1.208776831626892,1.3513610363006592,4.666661262512207,3.498826026916504,0.0,3.5764341354370117,0.0,0.0,13.781353950500488,8.230514526367188,4.638244152069092,1.5787755250930786,3.664804458618164,0.3587302267551422,2.2191343307495117,4.706407070159912,10.529068946838379,0.0,3.306942939758301,7.367465019226074
0.0,1.110857367515564,0.0,5.187321662902832,7.264689922332764,2.6280548572540283,0.0,7.874366760253906,0.0,5.493893146514893,4.257779121398926,12.119081497192383,7.280065536499023,1.208776831626892,1.3513610363006592,4.666661262512207,3.498826026916504,0.0,3.5764341354370117,0.0,0.0,13.781353950500488,8.230514526367188,4.638244152069092,1.5787755250930786,3.664804458618164,0.3587302267551422,2.2191343307495117,4.706407070159912,10.529068946838379,0.0,3.306942939758301,7.367465019226074
0.0,1.110857367515564,0.0,5.187321662902832,7.264689922332764,2.6280548572540283,0.0,7.874366760253906,0.0,5.493893146514893,4.257779121398926,12.119081497192383,7.280065536499023,1.208776831626892,1.3513610363006592,4.666661262512207,3.498826026916504,0.0,3.5764341354370117,0.0,0.0,13.781353950500488,8.230514526367188,4.638244152069092,1.5787755250930786,3.664804458618164,0.3587302267551422,2.2191343307495117,4.706407070159912,10.529068946838379,0.0,3.306942939758301,7.367465019226074
