0.0,0.0,0.0,7.8096771240234375,0.0,0.0,0.0,4.130967140197754,0.0,0.0,0.0,0.0,0.0,0.0,0.0,0.0,6.019343852996826,0.0,0.0,0.0,0.0,6.680483341217041,0.0,0.0,0.0,0.0,1.2162492275238037,0.0,0.0,0.0,1.1889135837554932,0.0,0.0
0.0,0.0,0.0,7.82493782043457,0.0,0.0,0.0,4.175858497619629,0.0,0.0,0.0,0.0,0.0,0.0,0.0,0.0,6.0363006591796875,0.0,0.0,0.0,0.0,6.639959812164307,0.0,0.0,0.0,0.0,1.2927916049957275,0.0,0.0,0.0,1.0656721591949463,0.0,0.0
0.0,0.0,0.0,7.847827911376953,0.0,0.0,0.0,4.062621116638184,0.0,0.0,0.0,0.0,0.0,0.0,0.0,0.0,6.069823741912842,0.0,0.0,0.0,0.0,6.612969875335693,0.0,0.0,0.0,0.0,1.1612865924835205,0.0,0.0,0.0,1.1900873184204102,0.0,0.0
0.0,0.0,0.0,7.6569623947143555,0.0,0.0,0.0,3.850740671157837,0.0,0.0,0.0,0.0,0.0,0.0,0.0,0.0,6.056624889373779,0.0,0.0,0.0,0.0,6.630259037017822,0.0,0.0,0.0,0.0,1.0107917785644531,0.0,0.0,0.0,1.3083086013793945,0.0,0.0
0.0,0.0,0.0,7.709711074829102,0.0,0.0,0.0,4.069746017456055,0.0,0.0,0.0,0.0,0.0,0.0,0.0,0.0,6.012359619140625,0.0,0.0,0.0,0.0,6.62258243560791,0.0,0.0,0.0,0.0,1.195281744003296,0.0,0.0,0.0,1.1188175678253174,0.0,0.0
0.0,0.0,0.0,7.871024131774902,0.0,0.0,0.0,4.197929859161377,0.0,0.0,0.0,0.0,0.0,0.0,0.0,0.0,6.046943664550781,0.0,0.0,0.0,0.0,6.635479927062988,0.0,0.0,0.0,0.0,1.3637547492980957,0.0,0.0,0.0,1.152029037475586,0.0,0.0
0.0,0.0,0.0,7.8546671867370605,0.0,0.0,0.0,4.105517387390137,0.0,0.0,0.0,0.0,0.0,0.0,0.0,0.0,5.995305061340332,0.0,0.0,0.0,0.0,6.546144485473633,0.0,0.0,0.0,0.0,1.2580349445343018,0.0,0.0,0.0,1.2447762489318848,0.0,0.0
0.0,0.0,0.0,7.929742336273193,0.0,0.0,0.0,4.322711944580078,0.0,0.0,0.0,0.0,0.0,0.0,0.0,0.0,6.078122138977051,0.0,0.0,0.0,0.0,6.688002109527588,0.0,0.0,0.0,0.0,1.3567709922790527,0.0,0.0,0.0,1.1117172241210938,0.0,0.0
0.0,0.0,0.0,7.986319541931152,0.0,0.0,0.0,4.507226467132568,0.0,0.0,0.0,0.0,0.0,0.0,0.0,0.0,6.040229797363281,0.0,0.0,0.0,0.0,6.648311138153076,0.0,0.0,0.0,0.0,1.5745115280151367,0.0,0.0,0.0,0.8718934655189514,0.0,0.0
0.0,0.0,0.0,7.89638090133667,0.0,0.0,0.0,4.236062049865723,0.0,0.0,0.0,0.0,0.0,0.0,0.0,0.0,6.03277063369751,0.0,0.0,0.0,0.0,6.637260913848877,0.0,0.0,0.0,0.0,1.2956533432006836,0.0,0.0,0.0,1.2022802829742432,0.0,0.0
0.0,0.0,0.0,7.86905574798584,0.0,0.0,0.0,4.286425590515137,0.0,0.0,0.0,0.0,0.0,0.0,0.0,0.0,6.057966232299805,0.0,0.0,0.0,0.0,6.639150142669678,0.0,0.0,0.0,0.0,1.384634256362915,0.0,0.0,0.0,1.052006721496582,0.0,0.0
0.0,0.0,0.0,7.888108253479004,0.0,0.0,0.0,4.264776229858398,0.0,0.0,0.0,0.0,0.0,0.0,0.0,0.0,6.067551136016846,0.0,0.0,0.0,0.0,6.661252498626709,0.0,0.0,0.0,0.0,1.3211827278137207,0.0,0.0,0.0,0.9745712876319885,0.0,0.0
0.0,0.0,0.0,7.832141876220703,0.0,0.0,0.0,3.9866085052490234,0.0,0.0,0.0,0.0,0.0,0.0,0.0,0.0,6.089444637298584,0.0,0.0,0.0,0.0,6.661147117614746,0.0,0.0,0.0,0.0,1.010096788406372,0.0,0.0,0.0,1.292635440826416,0.0,0.0
0.0,0.0,0.0,7.802557945251465,0.0,0.0,0.0,3.9765822887420654,0.0,0.0,0.0,0.0,0.0,0.0,0.0,0.0,6.014571666717529,0.0,0.0,0.0,0.0,6.604304790496826,0.0,0.0,0.0,0.0,1.1448585987091064,0.0,0.0,0.0,1.2355434894561768,0.0,0.0
0.0,0.0,0.0,7.781668663024902,0.0,0.016643408685922623,0.0,3.7769343852996826,0.0,0.0,0.0,0.0,0.0,0.0,0.0,0.0,6.058585166931152,0.0,0.0,0.0,0.0,6.615228176116943,0.0,0.0,0.0,0.0,1.0020852088928223,0.0,0.0,0.0,1.4355189800262451,0.0,0.0
0.0,0.0,0.0,7.814450263977051,0.0,0.0,0.0,4.174882411956787,0.0,0.0,0.0,0.0,0.0,0.0,0.0,0.0,6.057110786437988,0.0,0.0,0.0,0.0,6.635711193084717,0.0,0.0,0.0,0.0,1.2898943424224854,0.0,0.0,0.0,1.117175579071045,0.0,0.0
0.0,0.0,0.0,7.583648204803467,0.0,0.0,0.0,3.8317110538482666,0.0,0.0,0.0,0.0,0.0,0.0,0.0,0.0,6.104894638061523,0.0,0.0,0.0,0.0,6.625238418579102,0.0,0.0,0.0,0.0,0.9356558918952942,0.0,0.0,0.0,1.3725402355194092,0.0,0.0
0.0,0.0,0.0,7.87962532043457,0.0,0.0,0.0,4.100071907043457,0.0,0.0,0.0,0.0,0.0,0.0,0.0,0.0,6.052603244781494,0.0,0.0,0.0,0.0,6.588992118835449,0.0,0.0,0.0,0.0,1.2947311401367188,0.0,0.0,0.0,1.3089025020599365,0.0,0.0
0.0,0.0,0.0,7.709711074829102,0.0,0.0,0.0,4.069746017456055,0.0,0.0,0.0,0.0,0.0,0.0,0.0,0.0,6.012359619140625,0.0,0.0,0.0,0.0,6.62258243560791,0.0,0.0,0.0,0.0,1.195281744003296,0.0,0.0,0.0,1.1188175678253174,0.0,0.0
0.0,0.0,0.0,7.714813232421875,0.0,0.0,0.0,3.884559392929077,0.0,0.0,0.0,0.0,0.0,0.0,0.0,0.0,6.027999401092529,0.0,0.0,0.0,0.0,6.5709614753723145,0.0,0.0,0.0,0.0,1.1057143211364746,0.0,0.0,0.0,1.4273159503936768,0.0,0.0
0.0,7.108388900756836,0.0,7.316955089569092,6.488101482391357,0.0,0.0,11.806412696838379,0.0,1.0916258096694946,1.937201738357544,7.932318687438965,2.4890334606170654,0.0,9.497417449951172,0.0,2.8585450649261475,6.940314292907715,6.959282398223877,0.3672884702682495,4.895369529724121,9.925379753112793,10.281437873840332,5.052369594573975,6.311548233032227,3.8800528049468994,8.679167747497559,0.0,0.599618136882782,10.11935806274414,0.0,3.316410779953003,4.670526504516602
0.0,7.108388900756836,0.0,7.316955089569092,6.488101482391357,0.0,0.0,11.806412696838379,0.0,1.0916258096694946,1.937201738357544,7.932318687438965,2.4890334606170654,0.0,9.497417449951172,0.0,2.8585450649261475,6.940314292907715,6.959282398223877,0.3672884702682495,4.895369529724121,9.925379753112793,10.281437873840332,5.052369594573975,6.311548233032227,3.8800528049468994,8.679167747497559,0.0,0.599618136882782,10.11935806274414,0.0,3.316410779953003,4.670526504516602
0.0,7.108388900756836,0.0,7.316955089569092,6.488101482391357,0.0,0.0,11.806412696838379,0.0,1.0916258096694946,1.937201738357544,7.932318687438965,2.4890334606170654,0.0,9.497417449951172,0.0,2.8585450649261475,6.940314292907715,6.959282398223877,0.3672884702682495,4.895369529724121,9.925379753112793,10.281437873840332,5.052369594573975,6.311548233032227,3.8800528049468994,8.679167747497559,0.0,0.599618136882782,10.11935806274414,0.0,3.316410779953003,4.670526504516602
0.0,7.108388900756836,0.0,7.316955089569092,6.488101482391357,0.0,0.0,11.806412696838379,0.0,1.0916258096694946,1.937201738357544,7.932318687438965,2.4890334606170654,0.0,9.497417449951172,0.0,2.8585450649261475,6.940314292907715,6.959282398223877,0.3672884702682495,4.895369529724121,9.925379753112793,10.281437873840332,5.052369594573975,6.311548233032227,3.8800528049468994,8.679167747497559,0.0,0.599618136882782,10.11935806274414,0.0,3.316410779953003,4.670526504516602
0.0,7.108388900756836,0.0,7.316955089569092,6.488101482391357,0.0,0.0,11.806412696838379,0.0,1.0916258096694946,1.937201738357544,7.932318687438965,2.4890334606170654,0.0,9.497417449951172,0.0,2.8585450649261475,6.940314292907715,6.959282398223877,0.3672884702682495,4.895369529724121,9.925379753112793,10.281437873840332,5.052369594573975,6.311548233032227,3.8800528049468994,8.679167747497559,0.0,0.599618136882782,10.11935806274414,0.0,3.316410779953003,4.670526504516602
0.0,7.108388900756836,0.0,7.316955089569092,6.488101482391357,0.0,0.0,11.806412696838379,0.0,1.0916258096694946,1.937201738357544,7.932318687438965,2.4890334606170654,0.0,9.497417449951172,0.0,2.8585450649261475,6.940314292907715,6.959282398223877,0.3672884702682495,4.895369529724121,9.925379753112793,10.281437873840332,5.052369594573975,6.311548233032227,3.8800528049468994,8.679167747497559,0.0,0.599618136882782,10.11935806274414,0.0,3.316410779953003,4.670526504516602
0.0,7.108388900756836,0.0,7.316955089569092,6.488101482391357,0.0,0.0,11.806412696838379,0.0,1.0916258096694946,1.937201738357544,7.932318687438965,2.4890334606170654,0.0,9.497417449951172,0.0,2.8585450649261475,6.940314292907715,6.959282398223877,0.3672884702682495,4.895369529724121,9.925379753112793,10.281437873840332,5.052369594573975,6.311548233032227,3.8800528049468994,8.679167747497559,0.0,0.599618136882782,10.11935806274414,0.0,3.316410779953003,4.670526504516602
0.0,7.108388900756836,0.0,7.316955089569092,6.488101482391357,0.0,0.0,11.806412696838379,0.0,1.0916258096694946,1.937201738357544,7.932318687438965,2.4890334606170654,0.0,9.497417449951172,0.0,2.8585450649261475,6.940314292907715,6.959282398223877,0.3672884702682495,4.895369529724121,9.925379753112793,10.281437873840332,5.052369594573975,6.311548233032227,3.8800528049468994,8.679167747497559,0.0,0.599618136882782,10.11935806274414,0.0,3.316410779953003,4.670526504516602
0.0,7.108388900756836,0.0,7.316955089569092,6.488101482391357,0.0,0.0,11.806412696838379,0.0,1.0916258096694946,1.937201738357544,7.932318687438965,2.4890334606170654,0.0,9.497417449951172,0.0,2.8585450649261475,6.940314292907715,6.959282398223877,0.3672884702682495,4.895369529724121,9.925379753112793,10.281437873840332,5.052369594573975,6.311548233032227,3.8800528049468994,8.679167747497559,0.0,0.599618136882782,10.11935806274414,0.0,3.316410779953003,4.670526504516602
0.0,7.108388900756836,0.0,7.316955089569092,6.488101482391357,0.0,0.0,11.806412696838379,0.0,1.0916258096694946,1.937201738357544,7.932318687438965,2.4890334606170654,0.0,9.497417449951172,0.0,2.8585450649261475,6.940314292907715,6.959282398223877,0.3672884702682495,4.895369529724121,9.925379753112793,10.281437873840332,5.052369594573975,6.311548233032227,3.8800528049468994,8.679167747497559,0.0,0.599618136882782,10.11935806274414,0.0,3.316410779953003,4.670526504516602
0.0,7.108388900756836,0.0,7.316955089569092,6.488101482391357,0.0,0.0,11.806412696838379,0.0,1.0916258096694946,1.937201738357544,7.932318687438965,2.4890334606170654,0.0,9.497417449951172,0.0,2.8585450649261475,6.940314292907715,6.959282398223877,0.3672884702682495,4.895369529724121,9.925379753112793,10.281437873840332,5.052369594573975,6.311548233032227,3.8800528049468994,8.679167747497559,0.0,0.599618136882782,10.11935806274414,0.0,3.316410779953003,4.670526504516602
0.0,7.108388900756836,0.0,7.316955089569092,6.488101482391357,0.0,0.0,11.806412696838379,0.0,1.0916258096694946,1.937201738357544,7.932318687438965,2.4890334606170654,0.0,9.497417449951172,0.0,2.8585450649261475,6.940314292907715,6.959282398223877,0.3672884702682495,4.895369529724121,9.925379753112793,10.281437873840332,5.052369594573975,6.311548233032227,3.8800528049468994,8.679167747497559,0.0,0.599618136882782,10.11935806274414,0.0,3.316410779953003,4.670526504516602
0.0,7.108388900756836,0.0,7.316955089569092,6.488101482391357,0.0,0.0,11.806412696838379,0.0,1.0916258096694946,1.937201738357544,7.932318687438965,2.4890334606170654,0.0,9.497417449951172,0.0,2.8585450649261475,6.940314292907715,6.959282398223877,0.3672884702682495,4.895369529724121,9.925379753112793,10.281437873840332,5.052369594573975,6.311548233032227,3.8800528049468994,8.679167747497559,0.0,0.599618136882782,10.11935806274414,0.0,3.316410779953003,4.670526504516602
0.0,7.108388900756836,0.0,7.316955089569092,6.488101482391357,0.0,0.0,11.806412696838379,0.0,1.0916258096694946,1.937201738357544,7.932318687438965,2.4890334606170654,0.0,9.497417449951172,0.0,2.8585450649261475,6.940314292907715,6.959282398223877,0.3672884702682495,4.895369529724121,9.925379753112793,10.281437873840332,5.052369594573975,6.311548233032227,3.8800528049468994,8.679167747497559,0.0,0.599618136882782,10.11935806274414,0.0,3.316410779953003,4.670526504516602
0.0,7.108388900756836,0.0,7.316955089569092,6.488101482391357,0.0,0.0,11.806412696838379,0.0,1.0916258096694946,1.937201738357544,7.932318687438965,2.4890334606170654,0.0,9.497417449951172,0.0,2.8585450649261475,6.940314292907715,6.959282398223877,0.3672884702682495,4.895369529724121,9.925379753112793,10.281437873840332,5.052369594573975,6.311548233032227,3.8800528049468994,8.679167747497559,0.0,0.599618136882782,10.11935806274414,0.0,3.316410779953003,4.670526504516602
0.0,7.108388900756836,0.0,7.316955089569092,6.488101482391357,0.0,0.0,11.806412696838379,0.0,1.0916258096694946,1.937201738357544,7.932318687438965,2.4890334606170654,0.0,9.497417449951172,0.0,2.8585450649261475,6.940314292907715,6.959282398223877,0.3672884702682495,4.895369529724121,9.925379753112793,10.281437873840332,5.052369594573975,6.311548233032227,3.8800528049468994,8.679167747497559,0.0,0.599618136882782,10.11935806274414,0.0,3.316410779953003,4.670526504516602
0.0,7.108388900756836,0.0,7.316955089569092,6.488101482391357,0.0,0.0,11.806412696838379,0.0,1.0916258096694946,1.937201738357544,7.932318687438965,2.4890334606170654,0.0,9.497417449951172,0.0,2.8585450649261475,6.940314292907715,6.959282398223877,0.3672884702682495,4.895369529724121,9.925379753112793,10.281437873840332,5.052369594573975,6.311548233032227,3.8800528049468994,8.679167747497559,0.0,0.599618136882782,10.11935806274414,0.0,3.316410779953003,4.670526504516602
0.0,7.108388900756836,0.0,7.316955089569092,6.488101482391357,0.0,0.0,11.806412696838379,0.0,1.0916258096694946,1.937201738357544,7.932318687438965,2.4890334606170654,0.0,9.497417449951172,0.0,2.8585450649261475,6.940314292907715,6.959282398223877,0.3672884702682495,4.895369529724121,9.925379753112793,10.281437873840332,5.052369594573975,6.311548233032227,3.8800528049468994,8.679167747497559,0.0,0.599618136882782,10.11935806274414,0.0,3.316410779953003,4.670526504516602
0.0,7.108388900756836,0.0,7.316955089569092,6.488101482391357,0.0,0.0,11.806412696838379,0.0,1.0916258096694946,1.937201738357544,7.932318687438965,2.4890334606170654,0.0,9.497417449951172,0.0,2.8585450649261475,6.940314292907715,6.959282398223877,0.3672884702682495,4.895369529724121,9.925379753112793,10.281437873840332,5.052369594573975,6.311548233032227,3.8800528049468994,8.679167747497559,0.0,0.599618136882782,10.11935806274414,0.0,3.316410779953003,4.670526504516602
0.0,7.108388900756836,0.0,7.316955089569092,6.488101482391357,0.0,0.0,11.806412696838379,0.0,1.0916258096694946,1.937201738357544,7.932318687438965,2.4890334606170654,0.0,9.497417449951172,0.0,2.8585450649261475,6.940314292907715,6.959282398223877,0.3672884702682495,4.895369529724121,9.925379753112793,10.281437873840332,5.052369594573975,6.311548233032227,3.8800528049468994,8.679167747497559,0.0,0.599618136882782,10.11935806274414,0.0,3.316410779953003,4.670526504516602
0.0,2.7192282676696777,0.0,4.473626613616943,3.731694459915161,0.0,0.7654314637184143,9.252985954284668,0.0,6.696625232696533,5.23950719833374,10.084844589233398,1.721299409866333,1.75076162815094,2.152576446533203,2.7802512645721436,0.0,0.0,1.8648351430892944,0.6251113414764404,1.3210524320602417,14.280682563781738,6.735559463500977,5.030500411987305,3.2309494018554688,4.639410018920898,3.17208194732666,3.3031482696533203,7.0446271896362305,8.501360893249512,0.0,2.8416171073913574,5.187811851501465
0.0,2.7192282676696777,0.0,4.473626613616943,3.731694459915161,0.0,0.7654314637184143,9.252985954284668,0.0,6.696625232696533,5.23950719833374,10.084844589233398,1.721299409866333,1.75076162815094,2.152576446533203,2.7802512645721436,0.0,0.0,1.8648351430892944,0.6251113414764404,1.3210524320602417,14.280682563781738,6.735559463500977,5.030500411987305,3.2309494018554688,4.639410018920898,3.17208194732666,3.3031482696533203,7.0446271896362305,8.501360893249512,0.0,2.8416171073913574,5.187811851501465
0.0,2.7192282676696777,0.0,4.473626613616943,3.731694459915161,0.0,0.7654314637184143,9.252985954284668,0.0,6.696625232696533,5.23950719833374,10.084844589233398,1.721299409866333,1.75076162815094,2.152576446533203,2.7802512645721436,0.0,0.0,1.8648351430892944,0.6251113414764404,1.3210524320602417,14.280682563781738,6.735559463500977,5.030500411987305,3.2309494018554688,4.639410018920898,3.17208194732666,3.3031482696533203,7.0446271896362305,8.501360893249512,0.0,2.8416171073913574,5.187811851501465
0.0,2.7192282676696777,0.0,4.473626613616943,3.731694459915161,0.0,0.7654314637184143,9.252985954284668,0.0,6.696625232696533,5.23950719833374,10.084844589233398,1.721299409866333,1.75076162815094,2.152576446533203,2.7802512645721436,0.0,0.0,1.8648351430892944,0.6251113414764404,1.3210524320602417,14.280682563781738,6.735559463500977,5.030500411987305,3.2309494018554688,4.639410018920898,3.17208194732666,3.3031482696533203,7.0446271896362305,8.501360893249512,0.0,2.8416171073913574,5.187811851501465
0.0,2.7192282676696777,0.0,4.473626613616943,3.731694459915161,0.0,0.7654314637184143,9.252985954284668,0.0,6.696625232696533,5.23950719833374,10.084844589233398,1.721299409866333,1.75076162815094,2.152576446533203,2.7802512645721436,0.0,0.0,1.8648351430892944,0.6251113414764404,1.3210524320602417,14.280682563781738,6.735559463500977,5.030500411987305,3.2309494018554688,4.639410018920898,3.17208194732666,3.3031482696533203,7.0446271896362305,8.501360893249512,0.0,2.8416171073913574,5.187811851501465
0.0,2.7192282676696777,0.0,4.473626613616943,3.731694459915161,0.0,0.7654314637184143,9.252985954284668,0.0,6.696625232696533,5.23950719833374,10.084844589233398,1.721299409866333,1.75076162815094,2.152576446533203,2.7802512645721436,0.0,0.0,1.8648351430892944,0.6251113414764404,1.3210524320602417,14.280682563781738,6.735559463500977,5.030500411987305,3.2309494018554688,4.639410018920898,3.17208194732666,3.3031482696533203,7.0446271896362305,8.501360893249512,0.0,2.8416171073913574,5.187811851501465
0.0,2.7192282676696777,0.0,4.473626613616943,3.731694459915161,0.0,0.7654314637184143,9.252985954284668,0.0,6.696625232696533,5.23950719833374,10.084844589233398,1.721299409866333,1.75076162815094,2.152576446533203,2.7802512645721436,0.0,0.0,1.8648351430892944,0.6251113414764404,1.3210524320602417,14.280682563781738,6.735559463500977,5.030500411987305,3.2309494018554688,4.639410018920898,3.17208194732666,3.3031482696533203,7.0446271896362305,8.501360893249512,0.0,2.8416171073913574,5.187811851501465
0.0,2.7192282676696777,0.0,4.473626613616943,3.731694459915161,0.0,0.7654314637184143,9.252985954284668,0.0,6.696625232696533,5.23950719833374,10.084844589233398,1.721299409866333,1.75076162815094,2.152576446533203,2.7802512645721436,0.0,0.0,1.8648351430892944,0.6251113414764404,1.3210524320602417,14.280682563781738,6.735559463500977,5.030500411987305,3.2309494018554688,4.639410018920898,3.17208194732666,3.3031482696533203,7.0446271896362305,8.501360893249512,0.0,2.8416171073913574,5.187811851501465
0.0,2.7192282676696777,0.0,4.473626613616943,3.731694459915161,0.0,0.7654314637184143,9.252985954284668,0.0,6.696625232696533,5.23950719833374,10.084844589233398,1.721299409866333,1.75076162815094,2.152576446533203,2.7802512645721436,0.0,0.0,1.8648351430892944,0.6251113414764404,1.3210524320602417,14.280682563781738,6.735559463500977,5.030500411987305,3.2309494018554688,4.639410018920898,3.17208194732666,3.3031482696533203,7.0446271896362305,8.501360893249512,0.0,2.8416171073913574,5.187811851501465
0.0,2.7192282676696777,0.0,4.473626613616943,3.731694459915161,0.0,0.7654314637184143,9.252985954284668,0.0,6.696625232696533,5.23950719833374,10.084844589233398,1.721299409866333,1.75076162815094,2.152576446533203,2.7802512645721436,0.0,0.0,1.8648351430892944,0.6251113414764404,1.3210524320602417,14.280682563781738,6.735559463500977,5.030500411987305,3.2309494018554688,4.639410018920898,3.17208194732666,3.3031482696533203,7.0446271896362305,8.501360893249512,0.0,2.8416171073913574,5.187811851501465
0.0,2.7192282676696777,0.0,4.473626613616943,3.731694459915161,0.0,0.7654314637184143,9.252985954284668,0.0,6.696625232696533,5.23950719833374,10.084844589233398,1.721299409866333,1.75076162815094,2.152576446533203,2.7802512645721436,0.0,0.0,1.8648351430892944,0.6251113414764404,1.3210524320602417,14.280682563781738,6.735559463500977,5.030500411987305,3.2309494018554688,4.639410018920898,3.17208194732666,3.3031482696533203,7.0446271896362305,8.501360893249512,0.0,2.8416171073913574,5.187811851501465
0.0,2.7192282676696777,0.0,4.473626613616943,3.731694459915161,0.0,0.7654314637184143,9.252985954284668,0.0,6.696625232696533,5.23950719833374,10.084844589233398,1.721299409866333,1.75076162815094,2.152576446533203,2.7802512645721436,0.0,0.0,1.8648351430892944,0.6251113414764404,1.3210524320602417,14.280682563781738,6.735559463500977,5.030500411987305,3.2309494018554688,4.639410018920898,3.17208194732666,3.3031482696533203,7.0446271896362305,8.501360893249512,0.0,2.8416171073913574,5.187811851501465
0.0,2.7192282676696777,0.0,4.473626613616943,3.731694459915161,0.0,0.7654314637184143,9.252985954284668,0.0,6.696625232696533,5.23950719833374,10.084844589233398,1.721299409866333,1.75076162815094,2.152576446533203,2.7802512645721436,0.0,0.0,1.8648351430892944,0.6251113414764404,1.3210524320602417,14.280682563781738,6.735559463500977,5.030500411987305,3.2309494018554688,4.639410018920898,3.17208194732666,3.3031482696533203,7.0446271896362305,8.501360893249512,0.0,2.8416171073913574,5.187811851501465
0.0,2.7192282676696777,0.0,4.473626613616943,3.731694459915161,0.0,0.7654314637184143,9.252985954284668,0.0,6.696625232696533,5.23950719833374,10.084844589233398,1.721299409866333,1.75076162815094,2.152576446533203,2.7802512645721436,0.0,0.0,1.8648351430892944,0.6251113414764404,1.3210524320602417,14.280682563781738,6.735559463500977,5.030500411987305,3.2309494018554688,4.639410018920898,3.17208194732666,3.3031482696533203,7.0446271896362305,8.501360893249512,0.0,2.8416171073913574,5.187811851501465
0.0,2.7192282676696777,0.0,4.473626613616943,3.731694459915161,0.0,0.7654314637184143,9.252985954284668,0.0,6.696625232696533,5.23950719833374,10.084844589233398,1.721299409866333,1.75076162815094,2.152576446533203,2.7802512645721436,0.0,0.0,1.8648351430892944,0.6251113414764404,1.3210524320602417,14.280682563781738,6.735559463500977,5.030500411987305,3.2309494018554688,4.639410018920898,3.17208194732666,3.3031482696533203,7.0446271896362305,8.501360893249512,0.0,2.8416171073913574,5.187811851501465
0.0,2.7192282676696777,0.0,4.473626613616943,3.731694459915161,0.0,0.7654314637184143,9.252985954284668,0.0,6.696625232696533,5.23950719833374,10.084844589233398,1.721299409866333,1.75076162815094,2.152576446533203,2.7802512645721436,0.0,0.0,1.8648351430892944,0.6251113414764404,1.3210524320602417,14.280682563781738,6.735559463500977,5.030500411987305,3.2309494018554688,4.639410018920898,3.17208194732666,3.3031482696533203,7.0446271896362305,8.501360893249512,0.0,2.8416171073913574,5.187811851501465
0.0,2.7192282676696777,0.0,4.473626613616943,3.731694459915161,0.0,0.7654314637184143,9.252985954284668,0.0,6.696625232696533,5.23950719833374,10.084844589233398,1.721299409866333,1.75076162815094,2.152576446533203,2.7802512645721436,0.0,0.0,1.8648351430892944,0.6251113414764404,1.3210524320602417,14.280682563781738,6.735559463500977,5.030500411987305,3.2309494018554688,4.639410018920898,3.17208194732666,3.3031482696533203,7.0446271896362305,8.501360893249512,0.0,2.8416171073913574,5.187811851501465
0.0,2.7192282676696777,0.0,4.473626613616943,3.731694459915161,0.0,0.7654314637184143,9.252985954284668,0.0,6.696625232696533,5.23950719833374,10.084844589233398,1.721299409866333,1.75076162815094,2.152576446533203,2.7802512645721436,0.0,0.0,1.8648351430892944,0.6251113414764404,1.3210524320602417,14.280682563781738,6.735559463500977,5.030500411987305,3.2309494018554688,4.639410018920898,3.17208194732666,3.3031482696533203,7.0446271896362305,8.501360893249512,0.0,2.8416171073913574,5.187811851501465
0.0,2.7192282676696777,0.0,4.473626613616943,3.731694459915161,0.0,0.7654314637184143,9.252985954284668,0.0,6.696625232696533,5.23950719833374,10.084844589233398,1.721299409866333,1.75076162815094,2.152576446533203,2.7802512645721436,0.0,0.0,1.8648351430892944,0.6251113414764404,1.3210524320602417,14.280682563781738,6.735559463500977,5.030500411987305,3.2309494018554688,4.639410018920898,3.17208194732666,3.3031482696533203,7.0446271896362305,8.501360893249512,0.0,2.8416171073913574,5.187811851501465
0.0,2.7192282676696777,0.0,4.473626613616943,3.731694459915161,0.0,0.7654314637184143,9.252985954284668,0.0,6.696625232696533,5.23950719833374,10.084844589233398,1.721299409866333,1.75076162815094,2.152576446533203,2.7802512645721436,0.0,0.0,1.8648351430892944,0.6251113414764404,1.3210524320602417,14.280682563781738,6.735559463500977,5.030500411987305,3.2309494018554688,4.639410018920898,3.17208194732666,3.3031482696533203,7.0446271896362305,8.501360893249512,0.0,2.8416171073913574,5.187811851501465
0.0,0.9183905124664307,0.0,3.589548110961914,3.4315402507781982,0.840996503829956,0.741198718547821,7.681169033050537,0.0,7.801393985748291,5.1035871505737305,10.354625701904297,4.093760967254639,1.1738451719284058,0.0,2.4736487865448,1.0314887762069702,0.0,0.0,0.3028559684753418,0.0,12.708983421325684,6.485771179199219,3.8593990802764893,1.5051435232162476,4.392662048339844,1.5083369016647339,2.9619107246398926,6.89246129989624,7.026790142059326,0.0,0.9822628498077393,4.432811260223389
0.0,0.9183905124664307,0.0,3.589548110961914,3.4315402507781982,0.840996503829956,0.741198718547821,7.681169033050537,0.0,7.801393985748291,5.1035871505737305,10.354625701904297,4.093760967254639,1.1738451719284058,0.0,2.4736487865448,1.0314887762069702,0.0,0.0,0.3028559684753418,0.0,12.708983421325684,6.485771179199219,3.8593990802764893,1.5051435232162476,4.392662048339844,1.5083369016647339,2.9619107246398926,6.89246129989624,7.026790142059326,0.0,0.9822628498077393,4.432811260223389
0.0,0.9183905124664307,0.0,3.589548110961914,3.4315402507781982,0.840996503829956,0.741198718547821,7.681169033050537,0.0,7.801393985748291,5.1035871505737305,10.354625701904297,4.093760967254639,1.1738451719284058,0.0,2.4736487865448,1.0314887762069702,0.0,0.0,0.3028559684753418,0.0,12.708983421325684,6.485771179199219,3.8593990802764893,1.5051435232162476,4.392662048339844,1.5083369016647339,2.9619107246398926,6.89246129989624,7.026790142059326,0.0,0.9822628498077393,4.432811260223389
0.0,0.9183905124664307,0.0,3.589548110961914,3.4315402507781982,0.840996503829956,0.741198718547821,7.681169033050537,0.0,7.801393985748291,5.1035871505737305,10.354625701904297,4.093760967254639,1.1738451719284058,0.0,2.4736487865448,1.0314887762069702,0.0,0.0,0.3028559684753418,0.0,12.708983421325684,6.485771179199219,3.8593990802764893,1.5051435232162476,4.392662048339844,1.5083369016647339,2.9619107246398926,6.89246129989624,7.026790142059326,0.0,0.9822628498077393,4.432811260223389
0.0,0.9183905124664307,0.0,3.589548110961914,3.4315402507781982,0.840996503829956,0.741198718547821,7.681169033050537,0.0,7.801393985748291,5.1035871505737305,10.354625701904297,4.093760967254639,1.1738451719284058,0.0,2.4736487865448,1.0314887762069702,0.0,0.0,0.3028559684753418,0.0,12.708983421325684,6.485771179199219,3.8593990802764893,1.5051435232162476,4.392662048339844,1.5083369016647339,2.9619107246398926,6.89246129989624,7.026790142059326,0.0,0.9822628498077393,4.432811260223389
0.0,0.9183905124664307,0.0,3.589548110961914,3.4315402507781982,0.840996503829956,0.741198718547821,7.681169033050537,0.0,7.801393985748291,5.1035871505737305,10.354625701904297,4.093760967254639,1.1738451719284058,0.0,2.4736487865448,1.0314887762069702,0.0,0.0,0.3028559684753418,0.0,12.708983421325684,6.485771179199219,3.8593990802764893,1.5051435232162476,4.392662048339844,1.5083369016647339,2.9619107246398926,6.89246129989624,7.026790142059326,0.0,0.9822628498077393,4.432811260223389
0.0,0.9183905124664307,0.0,3.589548110961914,3.4315402507781982,0.840996503829956,0.741198718547821,7.681169033050537,0.0,7.801393985748291,5.1035871505737305,10.354625701904297,4.093760967254639,1.1738451719284058,0.0,2.4736487865448,1.0314887762069702,0.0,0.0,0.3028559684753418,0.0,12.708983421325684,6.485771179199219,3.8593990802764893,1.5051435232162476,4.392662048339844,1.5083369016647339,2.9619107246398926,6.89246129989624,7.026790142059326,0.0,0.9822628498077393,4.432811260223389
0.0,0.9183905124664307,0.0,3.589548110961914,3.4315402507781982,0.840996503829956,0.741198718547821,7.681169033050537,0.0,7.801393985748291,5.1035871505737305,10.354625701904297,4.093760967254639,1.1738451719284058,0.0,2.4736487865448,1.0314887762069702,0.0,0.0,0.3028559684753418,0.0,12.708983421325684,6.485771179199219,3.8593990802764893,1.5051435232162476,4.392662048339844,1.5083369016647339,2.9619107246398926,6.89246129989624,7.026790142059326,0.0,0.9822628498077393,4.432811260223389
0.0,0.9183905124664307,0.0,3.589548110961914,3.4315402507781982,0.840996503829956,0.741198718547821,7.681169033050537,0.0,7.801393985748291,5.1035871505737305,10.354625701904297,4.093760967254639,1.1738451719284058,0.0,2.4736487865448,1.0314887762069702,0.0,0.0,0.3028559684753418,0.0,12.708983421325684,6.485771179199219,3.8593990802764893,1.5051435232162476,4.392662048339844,1.5083369016647339,2.9619107246398926,6.89246129989624,7.026790142059326,0.0,0.9822628498077393,4.432811260223389
0.0,0.9183905124664307,0.0,3.589548110961914,3.4315402507781982,0.840996503829956,0.741198718547821,7.681169033050537,0.0,7.801393985748291,5.1035871505737305,10.354625701904297,4.093760967254639,1.1738451719284058,0.0,2.4736487865448,1.0314887762069702,0.0,0.0,0.3028559684753418,0.0,12.708983421325684,6.485771179199219,3.8593990802764893,1.5051435232162476,4.392662048339844,1.5083369016647339,2.9619107246398926,6.89246129989624,7.026790142059326,0.0,0.9822628498077393,4.432811260223389
0.0,0.9183905124664307,0.0,3.589548110961914,3.4315402507781982,0.840996503829956,0.741198718547821,7.681169033050537,0.0,7.801393985748291,5.1035871505737305,10.354625701904297,4.093760967254639,1.1738451719284058,0.0,2.4736487865448,1.0314887762069702,0.0,0.0,0.3028559684753418,0.0,12.708983421325684,6.485771179199219,3.8593990802764893,1.5051435232162476,4.392662048339844,1.5083369016647339,2.9619107246398926,6.89246129989624,7.026790142059326,0.0,0.9822628498077393,4.432811260223389
0.0,0.9183905124664307,0.0,3.589548110961914,3.4315402507781982,0.840996503829956,0.741198718547821,7.681169033050537,0.0,7.801393985748291,5.1035871505737305,10.354625701904297,4.093760967254639,1.1738451719284058,0.0,2.4736487865448,1.0314887762069702,0.0,0.0,0.3028559684753418,0.0,12.708983421325684,6.485771179199219,3.8593990802764893,1.5051435232162476,4.392662048339844,1.5083369016647339,2.9619107246398926,6.89246129989624,7.026790142059326,0.0,0.9822628498077393,4.432811260223389
0.0,0.9183905124664307,0.0,3.589548110961914,3.4315402507781982,0.840996503829956,0.741198718547821,7.681169033050537,0.0,7.801393985748291,5.1035871505737305,10.354625701904297,4.093760967254639,1.1738451719284058,0.0,2.4736487865448,1.0314887762069702,0.0,0.0,0.3028559684753418,0.0,12.708983421325684,6.485771179199219,3.8593990802764893,1.5051435232162476,4.392662048339844,1.5083369016647339,2.9619107246398926,6.89246129989624,7.026790142059326,0.0,0.9822628498077393,4.432811260223389
0.0,0.9183905124664307,0.0,3.589548110961914,3.4315402507781982,0.840996503829956,0.741198718547821,7.681169033050537,0.0,7.801393985748291,5.1035871505737305,10.354625701904297,4.093760967254639,1.1738451719284058,0.0,2.4736487865448,1.0314887762069702,0.0,0.0,0.3028559684753418,0.0,12.708983421325684,6.485771179199219,3.8593990802764893,1.5051435232162476,4.392662048339844,1.5083369016647339,2.9619107246398926,6.89246129989624,7.026790142059326,0.0,0.9822628498077393,4.432811260223389
0.0,0.9183905124664307,0.0,3.589548110961914,3.4315402507781982,0.840996503829956,0.741198718547821,7.681169033050537,0.0,7.801393985748291,5.1035871505737305,10.354625701904297,4.093760967254639,1.1738451719284058,0.0,2.4736487865448,1.0314887762069702,0.0,0.0,0.3028559684753418,0.0,12.708983421325684,6.485771179199219,3.8593990802764893,1.5051435232162476,4.392662048339844,1.5083369016647339,2.9619107246398926,6.89246129989624,7.026790142059326,0.0,0.9822628498077393,4.432811260223389
0.0,0.9183905124664307,0.0,3.589548110961914,3.4315402507781982,0.840996503829956,0.741198718547821,7.681169033050537,0.0,7.801393985748291,5.1035871505737305,10.354625701904297,4.093760967254639,1.1738451719284058,0.0,2.4736487865448,1.0314887762069702,0.0,0.0,0.3028559684753418,0.0,12.708983421325684,6.485771179199219,3.8593990802764893,1.5051435232162476,4.392662048339844,1.5083369016647339,2.9619107246398926,6.89246129989624,7.026790142059326,0.0,0.9822628498077393,4.432811260223389
0.0,0.9183905124664307,0.0,3.589548110961914,3.4315402507781982,0.840996503829956,0.741198718547821,7.681169033050537,0.0,7.801393985748291,5.1035871505737305,10.354625701904297,4.093760967254639,1.1738451719284058,0.0,2.4736487865448,1.0314887762069702,0.0,0.0,0.3028559684753418,0.0,12.708983421325684,6.485771179199219,3.8593990802764893,1.5051435232162476,4.392662048339844,1.5083369016647339,2.9619107246398926,6.89246129989624,7.026790142059326,0.0,0.9822628498077393,4.432811260223389
0.0,0.9183905124664307,0.0,3.589548110961914,3.4315402507781982,0.840996503829956,0.741198718547821,7.681169033050537,0.0,7.801393985748291,5.1035871505737305,10.354625701904297,4.093760967254639,1.1738451719284058,0.0,2.4736487865448,1.0314887762069702,0.0,0.0,0.3028559684753418,0.0,12.708983421325684,6.485771179199219,3.8593990802764893,1.5051435232162476,4.392662048339844,1.5083369016647339,2.9619107246398926,6.89246129989624,7.026790142059326,0.0,0.9822628498077393,4.432811260223389
0.0,0.9183905124664307,0.0,3.589548110961914,3.4315402507781982,0.840996503829956,0.741198718547821,7.681169033050537,0.0,7.801393985748291,5.1035871505737305,10.354625701904297,4.093760967254639,1.1738451719284058,0.0,2.4736487865448,1.0314887762069702,0.0,0.0,0.3028559684753418,0.0,12.708983421325684,6.485771179199219,3.8593990802764893,1.5051435232162476,4.392662048339844,1.5083369016647339,2.9619107246398926,6.89246129989624,7.026790142059326,0.0,0.9822628498077393,4.432811260223389
0.0,0.9183905124664307,0.0,3.589548110961914,3.4315402507781982,0.840996503829956,0.741198718547821,7.681169033050537,0.0,7.801393985748291,5.1035871505737305,10.354625701904297,4.093760967254639,1.1738451719284058,0.0,2.4736487865448,1.0314887762069702,0.0,0.0,0.3028559684753418,0.0,12.708983421325684,6.485771179199219,3.8593990802764893,1.5051435232162476,4.392662048339844,1.5083369016647339,2.9619107246398926,6.89246129989624,7.026790142059326,0.0,0.9822628498077393,4.432811260223389
0.0,2.575605630874634,0.0,6.512389183044434,3.7913501262664795,1.8250031471252441,0.0,7.695102214813232,0.0,1.1768194437026978,2.3053457736968994,8.883881568908691,0.4208424389362335,3.533747911453247,2.801985740661621,2.222057819366455,1.9778218269348145,0.5840004682540894,3.9240169525146484,1.1571836471557617,2.488851308822632,13.005985260009766,7.329606056213379,4.11220645904541,2.3008573055267334,4.4448113441467285,1.2336702346801758,5.140961170196533,4.602230072021484,7.541345596313477,0.0,5.748493194580078,5.397919178009033
0.0,2.575605630874634,0.0,6.512389183044434,3.7913501262664795,1.8250031471252441,0.0,7.695102214813232,0.0,1.1768194437026978,2.3053457736968994,8.883881568908691,0.4208424389362335,3.533747911453247,2.801985740661621,2.222057819366455,1.9778218269348145,0.5840004682540894,3.9240169525146484,1.1571836471557617,2.488851308822632,13.005985260009766,7.329606056213379,4.11220645904541,2.3008573055267334,4.4448113441467285,1.2336702346801758,5.140961170196533,4.602230072021484,7.541345596313477,0.0,5.748493194580078,5.397919178009033
0.0,2.575605630874634,0.0,6.512389183044434,3.7913501262664795,1.8250031471252441,0.0,7.695102214813232,0.0,1.1768194437026978,2.3053457736968994,8.883881568908691,0.4208424389362335,3.533747911453247,2.801985740661621,2.222057819366455,1.9778218269348145,0.5840004682540894,3.9240169525146484,1.1571836471557617,2.488851308822632,13.005985260009766,7.329606056213379,4.11220645904541,2.3008573055267334,4.4448113441467285,1.2336702346801758,5.140961170196533,4.602230072021484,7.541345596313477,0.0,5.748493194580078,5.397919178009033
0.0,2.575605630874634,0.0,6.512389183044434,3.7913501262664795,1.8250031471252441,0.0,7.695102214813232,0.0,1.1768194437026978,2.3053457736968994,8.883881568908691,0.4208424389362335,3.533747911453247,2.801985740661621,2.222057819366455,1.9778218269348145,0.5840004682540894,3.9240169525146484,1.1571836471557617,2.488851308822632,13.005985260009766,7.329606056213379,4.11220645904541,2.3008573055267334,4.4448113441467285,1.2336702346801758,5.140961170196533,4.602230072021484,7.541345596313477,0.0,5.748493194580078,5.397919178009033
0.0,2.575605630874634,0.0,6.512389183044434,3.7913501262664795,1.8250031471252441,0.0,7.695102214813232,0.0,1.1768194437026978,2.3053457736968994,8.883881568908691,0.4208424389362335,3.533747911453247,2.801985740661621,2.222057819366455,1.9778218269348145,0.5840004682540894,3.9240169525146484,1.1571836471557617,2.488851308822632,13.005985260009766,7.329606056213379,4.11220645904541,2.3008573055267334,4.4448113441467285,1.2336702346801758,5.140961170196533,4.602230072021484,7.541345596313477,0.0,5.748493194580078,5.397919178009033
0.0,2.575605630874634,0.0,6.512389183044434,3.7913501262664795,1.8250031471252441,0.0,7.695102214813232,0.0,1.1768194437026978,2.3053457736968994,8.883881568908691,0.4208424389362335,3.533747911453247,2.801985740661621,2.222057819366455,1.9778218269348145,0.5840004682540894,3.9240169525146484,1.1571836471557617,2.488851308822632,13.005985260009766,7.329606056213379,4.11220645904541,2.3008573055267334,4.4448113441467285,1.2336702346801758,5.140961170196533,4.602230072021484,7.541345596313477,0.0,5.748493194580078,5.397919178009033
0.0,2.575605630874634,0.0,6.512389183044434,3.7913501262664795,1.8250031471252441,0.0,7.695102214813232,0.0,1.1768194437026978,2.3053457736968994,8.883881568908691,0.4208424389362335,3.533747911453247,2.801985740661621,2.222057819366455,1.9778218269348145,0.5840004682540894,3.9240169525146484,1.1571836471557617,2.488851308822632,13.005985260009766,7.329606056213379,4.11220645904541,2.3008573055267334,4.4448113441467285,1.2336702346801758,5.140961170196533,4.602230072021484,7.541345596313477,0.0,5.748493194580078,5.397919178009033
0.0,2.575605630874634,0.0,6.512389183044434,3.7913501262664795,1.8250031471252441,0.0,7.695102214813232,0.0,1.1768194437026978,2.3053457736968994,8.883881568908691,0.4208424389362335,3.533747911453247,2.801985740661621,2.222057819366455,1.9778218269348145,0.5840004682540894,3.9240169525146484,1.1571836471557617,2.488851308822632,13.005985260009766,7.329606056213379,4.11220645904541,2.3008573055267334,4.4448113441467285,1.2336702346801758,5.140961170196533,4.602230072021484,7.541345596313477,0.0,5.748493194580078,5.397919178009033
0.0,2.575605630874634,0.0,6.512389183044434,3.7913501262664795,1.8250031471252441,0.0,7.695102214813232,0.0,1.1768194437026978,2.3053457736968994,8.883881568908691,0.4208424389362335,3.533747911453247,2.801985740661621,2.222057819366455,1.9778218269348145,0.5840004682540894,3.9240169525146484,1.1571836471557617,2.488851308822632,13.005985260009766,7.329606056213379,4.11220645904541,2.3008573055267334,4.4448113441467285,1.2336702346801758,5.140961170196533,4.602230072021484,7.541345596313477,0.0,5.748493194580078,5.397919178009033
0.0,2.575605630874634,0.0,6.512389183044434,3.7913501262664795,1.8250031471252441,0.0,7.695102214813232,0.0,1.1768194437026978,2.3053457736968994,8.883881568908691,0.4208424389362335,3.533747911453247,2.801985740661621,2.222057819366455,1.9778218269348145,0.5840004682540894,3.9240169525146484,1.1571836471557617,2.488851308822632,13.005985260009766,7.329606056213379,4.11220645904541,2.3008573055267334,4.4448113441467285,1.2336702346801758,5.140961170196533,4.602230072021484,7.541345596313477,0.0,5.748493194580078,5.397919178009033
0.0,2.575605630874634,0.0,6.512389183044434,3.7913501262664795,1.8250031471252441,0.0,7.695102214813232,0.0,1.1768194437026978,2.3053457736968994,8.883881568908691,0.4208424389362335,3.533747911453247,2.801985740661621,2.222057819366455,1.9778218269348145,0.5840004682540894,3.9240169525146484,1.1571836471557617,2.488851308822632,13.005985260009766,7.329606056213379,4.11220645904541,2.3008573055267334,4.4448113441467285,1.2336702346801758,5.140961170196533,4.602230072021484,7.541345596313477,0.0,5.748493194580078,5.397919178009033
0.0,2.575605630874634,0.0,6.512389183044434,3.7913501262664795,1.8250031471252441,0.0,7.695102214813232,0.0,1.1768194437026978,2.3053457736968994,8.883881568908691,0.4208424389362335,3.533747911453247,2.801985740661621,2.222057819366455,1.9778218269348145,0.5840004682540894,3.9240169525146484,1.1571836471557617,2.488851308822632,13.005985260009766,7.329606056213379,4.11220645904541,2.3008573055267334,4.4448113441467285,1.2336702346801758,5.140961170196533,4.602230072021484,7.541345596313477,0.0,5.748493194580078,5.397919178009033
0.0,2.575605630874634,0.0,6.512389183044434,3.7913501262664795,1.8250031471252441,0.0,7.695102214813232,0.0,1.1768194437026978,2.3053457736968994,8.883881568908691,0.4208424389362335,3.533747911453247,2.801985740661621,2.222057819366455,1.9778218269348145,0.5840004682540894,3.9240169525146484,1.1571836471557617,2.488851308822632,13.005985260009766,7.329606056213379,4.11220645904541,2.3008573055267334,4.4448113441467285,1.2336702346801758,5.140961170196533,4.602230072021484,7.541345596313477,0.0,5.748493194580078,5.397919178009033
0.0,2.575605630874634,0.0,6.512389183044434,3.7913501262664795,1.8250031471252441,0.0,7.695102214813232,0.0,1.1768194437026978,2.3053457736968994,8.883881568908691,0.4208424389362335,3.533747911453247,2.801985740661621,2.222057819366455,1.9778218269348145,0.5840004682540894,3.9240169525146484,1.1571836471557617,2.488851308822632,13.005985260009766,7.329606056213379,4.11220645904541,2.3008573055267334,4.4448113441467285,1.2336702346801758,5.140961170196533,4.602230072021484,7.541345596313477,0.0,5.748493194580078,5.397919178009033
0.0,2.575605630874634,0.0,6.512389183044434,3.7913501262664795,1.8250031471252441,0.0,7.695102214813232,0.0,1.1768194437026978,2.3053457736968994,8.883881568908691,0.4208424389362335,3.533747911453247,2.801985740661621,2.222057819366455,1.9778218269348145,0.5840004682540894,3.9240169525146484,1.1571836471557617,2.488851308822632,13.005985260009766,7.329606056213379,4.11220645904541,2.3008573055267334,4.4448113441467285,1.2336702346801758,5.140961170196533,4.602230072021484,7.541345596313477,0.0,5.748493194580078,5.397919178009033
0.0,2.575605630874634,0.0,6.512389183044434,3.7913501262664795,1.8250031471252441,0.0,7.695102214813232,0.0,1.1768194437026978,2.3053457736968994,8.883881568908691,0.4208424389362335,3.533747911453247,2.801985740661621,2.222057819366455,1.9778218269348145,0.5840004682540894,3.9240169525146484,1.1571836471557617,2.488851308822632,13.005985260009766,7.329606056213379,4.11220645904541,2.3008573055267334,4.4448113441467285,1.2336702346801758,5.140961170196533,4.602230072021484,7.541345596313477,0.0,5.748493194580078,5.397919178009033
0.0,2.575605630874634,0.0,6.512389183044434,3.7913501262664795,1.8250031471252441,0.0,7.695102214813232,0.0,1.1768194437026978,2.3053457736968994,8.883881568908691,0.4208424389362335,3.533747911453247,2.801985740661621,2.222057819366455,1.9778218269348145,0.5840004682540894,3.9240169525146484,1.1571836471557617,2.488851308822632,13.005985260009766,7.329606056213379,4.11220645904541,2.3008573055267334,4.4448113441467285,1.2336702346801758,5.140961170196533,4.602230072021484,7.541345596313477,0.0,5.748493194580078,5.397919178009033
0.0,2.575605630874634,0.0,6.512389183044434,3.7913501262664795,1.8250031471252441,0.0,7.695102214813232,0.0,1.1768194437026978,2.3053457736968994,8.883881568908691,0.4208424389362335,3.533747911453247,2.801985740661621,2.222057819366455,1.9778218269348145,0.5840004682540894,3.9240169525146484,1.1571836471557617,2.488851308822632,13.005985260009766,7.329606056213379,4.11220645904541,2.3008573055267334,4.4448113441467285,1.2336702346801758,5.140961170196533,4.602230072021484,7.541345596313477,0.0,5.748493194580078,5.397919178009033
0.0,2.575605630874634,0.0,6.512389183044434,3.7913501262664795,1.8250031471252441,0.0,7.695102214813232,0.0,1.1768194437026978,2.3053457736968994,8.883881568908691,0.4208424389362335,3.533747911453247,2.801985740661621,2.222057819366455,1.9778218269348145,0.5840004682540894,3.9240169525146484,1.1571836471557617,2.488851308822632,13.005985260009766,7.329606056213379,4.11220645904541,2.3008573055267334,4.4448113441467285,1.2336702346801758,5.140961170196533,4.602230072021484,7.541345596313477,0.0,5.748493194580078,5.397919178009033
0.0,2.575605630874634,0.0,6.512389183044434,3.7913501262664795,1.8250031471252441,0.0,7.695102214813232,0.0,1.1768194437026978,2.3053457736968994,8.883881568908691,0.4208424389362335,3.533747911453247,2.801985740661621,2.222057819366455,1.9778218269348145,0.5840004682540894,3.9240169525146484,1.1571836471557617,2.488851308822632,13.005985260009766,7.329606056213379,4.11220645904541,2.3008573055267334,4.4448113441467285,1.2336702346801758,5.140961170196533,4.602230072021484,7.541345596313477,0.0,5.748493194580078,5.397919178009033
0.0,2.0948009490966797,0.0,4.451250076293945,4.371976375579834,0.7651665210723877,0.0,8.475802421569824,0.0,6.931872367858887,4.2505574226379395,11.364286422729492,4.64884090423584,1.755653738975525,1.6091163158416748,2.70715069770813,0.6748989224433899,0.0,1.8939977884292603,0.16698043048381805,0.7522405982017517,13.514607429504395,7.482815265655518,5.750051021575928,2.7365593910217285,4.350369453430176,1.9049793481826782,3.200162887573242,6.460502624511719,8.10141372680664,0.0,1.8288787603378296,6.25276517868042
0.0,2.0948009490966797,0.0,4.451250076293945,4.371976375579834,0.7651665210723877,0.0,8.475802421569824,0.0,6.931872367858887,4.2505574226379395,11.364286422729492,4.64884090423584,1.755653738975525,1.6091163158416748,2.70715069770813,0.6748989224433899,0.0,1.8939977884292603,0.16698043048381805,0.7522405982017517,13.514607429504395,7.482815265655518,5.750051021575928,2.7365593910217285,4.350369453430176,1.9049793481826782,3.200162887573242,6.460502624511719,8.10141372680664,0.0,1.8288787603378296,6.25276517868042
0.0,2.0948009490966797,0.0,4.451250076293945,4.371976375579834,0.7651665210723877,0.0,8.475802421569824,0.0,6.931872367858887,4.2505574226379395,11.364286422729492,4.64884090423584,1.755653738975525,1.6091163158416748,2.70715069770813,0.6748989224433899,0.0,1.8939977884292603,0.16698043048381805,0.7522405982017517,13.514607429504395,7.482815265655518,5.750051021575928,2.7365593910217285,4.350369453430176,1.9049793481826782,3.200162887573242,6.460502624511719,8.10141372680664,0.0,1.8288787603378296,6.25276517868042
0.0,2.0948009490966797,0.0,4.451250076293945,4.371976375579834,0.7651665210723877,0.0,8.475802421569824,0.0,6.931872367858887,4.2505574226379395,11.364286422729492,4.64884090423584,1.755653738975525,1.6091163158416748,2.70715069770813,0.6748989224433899,0.0,1.8939977884292603,0.16698043048381805,0.7522405982017517,13.514607429504395,7.482815265655518,5.750051021575928,2.7365593910217285,4.350369453430176,1.9049793481826782,3.200162887573242,6.460502624511719,8.10141372680664,0.0,1.8288787603378296,6.25276517868042
0.0,2.0948009490966797,0.0,4.451250076293945,4.371976375579834,0.7651665210723877,0.0,8.475802421569824,0.0,6.931872367858887,4.2505574226379395,11.364286422729492,4.64884090423584,1.755653738975525,1.6091163158416748,2.70715069770813,0.6748989224433899,0.0,1.8939977884292603,0.16698043048381805,0.7522405982017517,13.514607429504395,7.482815265655518,5.750051021575928,2.7365593910217285,4.350369453430176,1.9049793481826782,3.200162887573242,6.460502624511719,8.10141372680664,0.0,1.8288787603378296,6.25276517868042
0.0,2.0948009490966797,0.0,4.451250076293945,4.371976375579834,0.7651665210723877,0.0,8.475802421569824,0.0,6.931872367858887,4.2505574226379395,11.364286422729492,4.64884090423584,1.755653738975525,1.6091163158416748,2.70715069770813,0.6748989224433899,0.0,1.8939977884292603,0.16698043048381805,0.7522405982017517,13.514607429504395,7.482815265655518,5.750051021575928,2.7365593910217285,4.350369453430176,1.9049793481826782,3.200162887573242,6.460502624511719,8.10141372680664,0.0,1.8288787603378296,6.25276517868042
0.0,2.0948009490966797,0.0,4.451250076293945,4.371976375579834,0.7651665210723877,0.0,8.475802421569824,0.0,6.931872367858887,4.2505574226379395,11.364286422729492,4.64884090423584,1.755653738975525,1.6091163158416748,2.70715069770813,0.6748989224433899,0.0,1.8939977884292603,0.16698043048381805,0.7522405982017517,13.514607429504395,7.482815265655518,5.750051021575928,2.7365593910217285,4.350369453430176,1.9049793481826782,3.200162887573242,6.460502624511719,8.10141372680664,0.0,1.8288787603378296,6.25276517868042
0.0,2.0948009490966797,0.0,4.451250076293945,4.371976375579834,0.7651665210723877,0.0,8.475802421569824,0.0,6.931872367858887,4.2505574226379395,11.364286422729492,4.64884090423584,1.755653738975525,1.6091163158416748,2.70715069770813,0.6748989224433899,0.0,1.8939977884292603,0.16698043048381805,0.7522405982017517,13.514607429504395,7.482815265655518,5.750051021575928,2.7365593910217285,4.350369453430176,1.9049793481826782,3.200162887573242,6.460502624511719,8.10141372680664,0.0,1.8288787603378296,6.25276517868042
0.0,2.0948009490966797,0.0,4.451250076293945,4.371976375579834,0.7651665210723877,0.0,8.475802421569824,0.0,6.931872367858887,4.2505574226379395,11.364286422729492,4.64884090423584,1.755653738975525,1.6091163158416748,2.70715069770813,0.6748989224433899,0.0,1.8939977884292603,0.16698043048381805,0.7522405982017517,13.514607429504395,7.482815265655518,5.750051021575928,2.7365593910217285,4.350369453430176,1.9049793481826782,3.200162887573242,6.460502624511719,8.10141372680664,0.0,1.8288787603378296,6.25276517868042
0.0,2.0948009490966797,0.0,4.451250076293945,4.371976375579834,0.7651665210723877,0.0,8.475802421569824,0.0,6.931872367858887,4.2505574226379395,11.364286422729492,4.64884090423584,1.755653738975525,1.6091163158416748,2.70715069770813,0.6748989224433899,0.0,1.8939977884292603,0.16698043048381805,0.7522405982017517,13.514607429504395,7.482815265655518,5.750051021575928,2.7365593910217285,4.350369453430176,1.9049793481826782,3.200162887573242,6.460502624511719,8.10141372680664,0.0,1.8288787603378296,6.25276517868042
0.0,2.0948009490966797,0.0,4.451250076293945,4.371976375579834,0.7651665210723877,0.0,8.475802421569824,0.0,6.931872367858887,4.2505574226379395,11.364286422729492,4.64884090423584,1.755653738975525,1.6091163158416748,2.70715069770813,0.6748989224433899,0.0,1.8939977884292603,0.16698043048381805,0.7522405982017517,13.514607429504395,7.482815265655518,5.750051021575928,2.7365593910217285,4.350369453430176,1.9049793481826782,3.200162887573242,6.460502624511719,8.10141372680664,0.0,1.8288787603378296,6.25276517868042
0.0,2.0948009490966797,0.0,4.451250076293945,4.371976375579834,0.7651665210723877,0.0,8.475802421569824,0.0,6.931872367858887,4.2505574226379395,11.364286422729492,4.64884090423584,1.755653738975525,1.6091163158416748,2.70715069770813,0.6748989224433899,0.0,1.8939977884292603,0.16698043048381805,0.7522405982017517,13.514607429504395,7.482815265655518,5.750051021575928,2.7365593910217285,4.350369453430176,1.9049793481826782,3.200162887573242,6.460502624511719,8.10141372680664,0.0,1.8288787603378296,6.25276517868042
0.0,2.0948009490966797,0.0,4.451250076293945,4.371976375579834,0.7651665210723877,0.0,8.475802421569824,0.0,6.931872367858887,4.2505574226379395,11.364286422729492,4.64884090423584,1.755653738975525,1.6091163158416748,2.70715069770813,0.6748989224433899,0.0,1.8939977884292603,0.16698043048381805,0.7522405982017517,13.514607429504395,7.482815265655518,5.750051021575928,2.7365593910217285,4.350369453430176,1.9049793481826782,3.200162887573242,6.460502624511719,8.10141372680664,0.0,1.8288787603378296,6.25276517868042
0.0,2.0948009490966797,0.0,4.451250076293945,4.371976375579834,0.7651665210723877,0.0,8.475802421569824,0.0,6.931872367858887,4.2505574226379395,11.364286422729492,4.64884090423584,1.755653738975525,1.6091163158416748,2.70715069770813,0.6748989224433899,0.0,1.8939977884292603,0.16698043048381805,0.7522405982017517,13.514607429504395,7.482815265655518,5.750051021575928,2.7365593910217285,4.350369453430176,1.9049793481826782,3.200162887573242,6.460502624511719,8.10141372680664,0.0,1.8288787603378296,6.25276517868042
0.0,2.0948009490966797,0.0,4.451250076293945,4.371976375579834,0.7651665210723877,0.0,8.475802421569824,0.0,6.931872367858887,4.2505574226379395,11.364286422729492,4.64884090423584,1.755653738975525,1.6091163158416748,2.70715069770813,0.6748989224433899,0.0,1.8939977884292603,0.16698043048381805,0.7522405982017517,13.514607429504395,7.482815265655518,5.750051021575928,2.7365593910217285,4.350369453430176,1.9049793481826782,3.200162887573242,6.460502624511719,8.10141372680664,0.0,1.8288787603378296,6.25276517868042
0.0,2.0948009490966797,0.0,4.451250076293945,4.371976375579834,0.7651665210723877,0.0,8.475802421569824,0.0,6.931872367858887,4.2505574226379395,11.364286422729492,4.64884090423584,1.755653738975525,1.6091163158416748,2.70715069770813,0.6748989224433899,0.0,1.8939977884292603,0.16698043048381805,0.7522405982017517,13.514607429504395,7.482815265655518,5.750051021575928,2.7365593910217285,4.350369453430176,1.9049793481826782,3.200162887573242,6.460502624511719,8.10141372680664,0.0,1.8288787603378296,6.25276517868042
0.0,2.0948009490966797,0.0,4.451250076293945,4.371976375579834,0.7651665210723877,0.0,8.475802421569824,0.0,6.931872367858887,4.2505574226379395,11.364286422729492,4.64884090423584,1.755653738975525,1.6091163158416748,2.70715069770813,0.6748989224433899,0.0,1.8939977884292603,0.16698043048381805,0.7522405982017517,13.514607429504395,7.482815265655518,5.750051021575928,2.7365593910217285,4.350369453430176,1.9049793481826782,3.200162887573242,6.460502624511719,8.10141372680664,0.0,1.8288787603378296,6.25276517868042
0.0,2.0948009490966797,0.0,4.451250076293945,4.371976375579834,0.7651665210723877,0.0,8.475802421569824,0.0,6.931872367858887,4.2505574226379395,11.364286422729492,4.64884090423584,1.755653738975525,1.6091163158416748,2.70715069770813,0.6748989224433899,0.0,1.8939977884292603,0.16698043048381805,0.7522405982017517,13.514607429504395,7.482815265655518,5.750051021575928,2.7365593910217285,4.350369453430176,1.9049793481826782,3.200162887573242,6.460502624511719,8.10141372680664,0.0,1.8288787603378296,6.25276517868042
0.0,2.0948009490966797,0.0,4.451250076293945,4.371976375579834,0.7651665210723877,0.0,8.475802421569824,0.0,6.931872367858887,4.2505574226379395,11.364286422729492,4.64884090423584,1.755653738975525,1.6091163158416748,2.70715069770813,0.6748989224433899,0.0,1.8939977884292603,0.16698043048381805,0.7522405982017517,13.514607429504395,7.482815265655518,5.750051021575928,2.7365593910217285,4.350369453430176,1.9049793481826782,3.200162887573242,6.460502624511719,8.10141372680664,0.0,1.8288787603378296,6.25276517868042
0.0,2.0948009490966797,0.0,4.451250076293945,4.371976375579834,0.7651665210723877,0.0,8.475802421569824,0.0,6.931872367858887,4.2505574226379395,11.364286422729492,4.64884090423584,1.755653738975525,1.6091163158416748,2.70715069770813,0.6748989224433899,0.0,1.8939977884292603,0.16698043048381805,0.7522405982017517,13.514607429504395,7.482815265655518,5.750051021575928,2.7365593910217285,4.350369453430176,1.9049793481826782,3.200162887573242,6.460502624511719,8.10141372680664,0.0,1.8288787603378296,6.25276517868042
0.0,9.440713882446289,0.0,8.06324577331543,8.81431770324707,0.1310613751411438,0.6698222756385803,13.755465507507324,0.0,5.5285491943359375,6.416672706604004,14.315515518188477,1.0240944623947144,2.843435525894165,7.8563456535339355,1.7791171073913574,0.0,5.836091041564941,9.895332336425781,2.28684663772583,8.13908576965332,17.656484603881836,8.994940757751465,11.083158493041992,9.361183166503906,4.997122287750244,8.80539608001709,3.609449863433838,6.016686916351318,12.027563095092773,0.0,6.299205780029297,9.80656909942627
0.0,9.440713882446289,0.0,8.06324577331543,8.81431770324707,0.1310613751411438,0.6698222756385803,13.755465507507324,0.0,5.5285491943359375,6.416672706604004,14.315515518188477,1.0240944623947144,2.843435525894165,7.8563456535339355,1.7791171073913574,0.0,5.836091041564941,9.895332336425781,2.28684663772583,8.13908576965332,17.656484603881836,8.994940757751465,11.083158493041992,9.361183166503906,4.997122287750244,8.80539608001709,3.609449863433838,6.016686916351318,12.027563095092773,0.0,6.299205780029297,9.80656909942627
0.0,9.440713882446289,0.0,8.06324577331543,8.81431770324707,0.1310613751411438,0.6698222756385803,13.755465507507324,0.0,5.5285491943359375,6.416672706604004,14.315515518188477,1.0240944623947144,2.843435525894165,7.8563456535339355,1.7791171073913574,0.0,5.836091041564941,9.895332336425781,2.28684663772583,8.13908576965332,17.656484603881836,8.994940757751465,11.083158493041992,9.361183166503906,4.997122287750244,8.80539608001709,3.609449863433838,6.016686916351318,12.027563095092773,0.0,6.299205780029297,9.80656909942627
0.0,9.440713882446289,0.0,8.06324577331543,8.81431770324707,0.1310613751411438,0.6698222756385803,13.755465507507324,0.0,5.5285491943359375,6.416672706604004,14.315515518188477,1.0240944623947144,2.843435525894165,7.8563456535339355,1.7791171073913574,0.0,5.836091041564941,9.895332336425781,2.28684663772583,8.13908576965332,17.656484603881836,8.994940757751465,11.083158493041992,9.361183166503906,4.997122287750244,8.80539608001709,3.609449863433838,6.016686916351318,12.027563095092773,0.0,6.299205780029297,9.80656909942627
0.0,9.440713882446289,0.0,8.06324577331543,8.81431770324707,0.1310613751411438,0.6698222756385803,13.755465507507324,0.0,5.5285491943359375,6.416672706604004,14.315515518188477,1.0240944623947144,2.843435525894165,7.8563456535339355,1.7791171073913574,0.0,5.836091041564941,9.895332336425781,2.28684663772583,8.13908576965332,17.656484603881836,8.994940757751465,11.083158493041992,9.361183166503906,4.997122287750244,8.80539608001709,3.609449863433838,6.016686916351318,12.027563095092773,0.0,6.299205780029297,9.80656909942627
0.0,9.440713882446289,0.0,8.06324577331543,8.81431770324707,0.1310613751411438,0.6698222756385803,13.755465507507324,0.0,5.5285491943359375,6.416672706604004,14.315515518188477,1.0240944623947144,2.843435525894165,7.8563456535339355,1.7791171073913574,0.0,5.836091041564941,9.895332336425781,2.28684663772583,8.13908576965332,17.656484603881836,8.994940757751465,11.083158493041992,9.361183166503906,4.997122287750244,8.80539608001709,3.609449863433838,6.016686916351318,12.027563095092773,0.0,6.299205780029297,9.80656909942627
0.0,9.440713882446289,0.0,8.06324577331543,8.81431770324707,0.1310613751411438,0.6698222756385803,13.755465507507324,0.0,5.5285491943359375,6.416672706604004,14.315515518188477,1.0240944623947144,2.843435525894165,7.8563456535339355,1.7791171073913574,0.0,5.836091041564941,9.895332336425781,2.28684663772583,8.13908576965332,17.656484603881836,8.994940757751465,11.083158493041992,9.361183166503906,4.997122287750244,8.80539608001709,3.609449863433838,6.016686916351318,12.027563095092773,0.0,6.299205780029297,9.80656909942627
0.0,9.440713882446289,0.0,8.06324577331543,8.81431770324707,0.1310613751411438,0.6698222756385803,13.755465507507324,0.0,5.5285491943359375,6.416672706604004,14.315515518188477,1.0240944623947144,2.843435525894165,7.8563456535339355,1.7791171073913574,0.0,5.836091041564941,9.895332336425781,2.28684663772583,8.13908576965332,17.656484603881836,8.994940757751465,11.083158493041992,9.361183166503906,4.997122287750244,8.80539608001709,3.609449863433838,6.016686916351318,12.027563095092773,0.0,6.299205780029297,9.80656909942627
0.0,9.440713882446289,0.0,8.06324577331543,8.81431770324707,0.1310613751411438,0.6698222756385803,13.755465507507324,0.0,5.5285491943359375,6.416672706604004,14.315515518188477,1.0240944623947144,2.843435525894165,7.8563456535339355,1.7791171073913574,0.0,5.836091041564941,9.895332336425781,2.28684663772583,8.13908576965332,17.656484603881836,8.994940757751465,11.083158493041992,9.361183166503906,4.997122287750244,8.80539608001709,3.609449863433838,6.016686916351318,12.027563095092773,0.0,6.299205780029297,9.80656909942627
0.0,9.440713882446289,0.0,8.06324577331543,8.81431770324707,0.1310613751411438,0.6698222756385803,13.755465507507324,0.0,5.5285491943359375,6.416672706604004,14.315515518188477,1.0240944623947144,2.843435525894165,7.8563456535339355,1.7791171073913574,0.0,5.836091041564941,9.895332336425781,2.28684663772583,8.13908576965332,17.656484603881836,8.994940757751465,11.083158493041992,9.361183166503906,4.997122287750244,8.80539608001709,3.609449863433838,6.016686916351318,12.027563095092773,0.0,6.299205780029297,9.80656909942627
0.0,9.440713882446289,0.0,8.06324577331543,8.81431770324707,0.1310613751411438,0.6698222756385803,13.755465507507324,0.0,5.5285491943359375,6.416672706604004,14.315515518188477,1.0240944623947144,2.843435525894165,7.8563456535339355,1.7791171073913574,0.0,5.836091041564941,9.895332336425781,2.28684663772583,8.13908576965332,17.656484603881836,8.994940757751465,11.083158493041992,9.361183166503906,4.997122287750244,8.80539608001709,3.609449863433838,6.016686916351318,12.027563095092773,0.0,6.299205780029297,9.80656909942627
0.0,9.440713882446289,0.0,8.06324577331543,8.81431770324707,0.1310613751411438,0.6698222756385803,13.755465507507324,0.0,5.5285491943359375,6.416672706604004,14.315515518188477,1.0240944623947144,2.843435525894165,7.8563456535339355,1.7791171073913574,0.0,5.836091041564941,9.895332336425781,2.28684663772583,8.13908576965332,17.656484603881836,8.994940757751465,11.083158493041992,9.361183166503906,4.997122287750244,8.80539608001709,3.609449863433838,6.016686916351318,12.027563095092773,0.0,6.299205780029297,9.80656909942627
0.0,9.440713882446289,0.0,8.06324577331543,8.81431770324707,0.1310613751411438,0.6698222756385803,13.755465507507324,0.0,5.5285491943359375,6.416672706604004,14.315515518188477,1.0240944623947144,2.843435525894165,7.8563456535339355,1.7791171073913574,0.0,5.836091041564941,9.895332336425781,2.28684663772583,8.13908576965332,17.656484603881836,8.994940757751465,11.083158493041992,9.361183166503906,4.997122287750244,8.80539608001709,3.609449863433838,6.016686916351318,12.027563095092773,0.0,6.299205780029297,9.80656909942627
0.0,9.440713882446289,0.0,8.06324577331543,8.81431770324707,0.1310613751411438,0.6698222756385803,13.755465507507324,0.0,5.5285491943359375,6.416672706604004,14.315515518188477,1.0240944623947144,2.843435525894165,7.8563456535339355,1.7791171073913574,0.0,5.836091041564941,9.895332336425781,2.28684663772583,8.13908576965332,17.656484603881836,8.994940757751465,11.083158493041992,9.361183166503906,4.997122287750244,8.80539608001709,3.609449863433838,6.016686916351318,12.027563095092773,0.0,6.299205780029297,9.80656909942627
0.0,9.440713882446289,0.0,8.06324577331543,8.81431770324707,0.1310613751411438,0.6698222756385803,13.755465507507324,0.0,5.5285491943359375,6.416672706604004,14.315515518188477,1.0240944623947144,2.843435525894165,7.8563456535339355,1.7791171073913574,0.0,5.836091041564941,9.895332336425781,2.28684663772583,8.13908576965332,17.656484603881836,8.994940757751465,11.083158493041992,9.361183166503906,4.997122287750244,8.80539608001709,3.609449863433838,6.016686916351318,12.027563095092773,0.0,6.299205780029297,9.80656909942627
0.0,9.440713882446289,0.0,8.06324577331543,8.81431770324707,0.1310613751411438,0.6698222756385803,13.755465507507324,0.0,5.5285491943359375,6.416672706604004,14.315515518188477,1.0240944623947144,2.843435525894165,7.8563456535339355,1.7791171073913574,0.0,5.836091041564941,9.895332336425781,2.28684663772583,8.13908576965332,17.656484603881836,8.994940757751465,11.083158493041992,9.361183166503906,4.997122287750244,8.80539608001709,3.609449863433838,6.016686916351318,12.027563095092773,0.0,6.299205780029297,9.80656909942627
0.0,9.440713882446289,0.0,8.06324577331543,8.81431770324707,0.1310613751411438,0.6698222756385803,13.755465507507324,0.0,5.5285491943359375,6.416672706604004,14.315515518188477,1.0240944623947144,2.843435525894165,7.8563456535339355,1.7791171073913574,0.0,5.836091041564941,9.895332336425781,2.28684663772583,8.13908576965332,17.656484603881836,8.994940757751465,11.083158493041992,9.361183166503906,4.997122287750244,8.80539608001709,3.609449863433838,6.016686916351318,12.027563095092773,0.0,6.299205780029297,9.80656909942627
0.0,9.440713882446289,0.0,8.06324577331543,8.81431770324707,0.1310613751411438,0.6698222756385803,13.755465507507324,0.0,5.5285491943359375,6.416672706604004,14.315515518188477,1.0240944623947144,2.843435525894165,7.8563456535339355,1.7791171073913574,0.0,5.836091041564941,9.895332336425781,2.28684663772583,8.13908576965332,17.656484603881836,8.994940757751465,11.083158493041992,9.361183166503906,4.997122287750244,8.80539608001709,3.609449863433838,6.016686916351318,12.027563095092773,0.0,6.299205780029297,9.80656909942627
0.0,9.440713882446289,0.0,8.06324577331543,8.81431770324707,0.1310613751411438,0.6698222756385803,13.755465507507324,0.0,5.5285491943359375,6.416672706604004,14.315515518188477,1.0240944623947144,2.843435525894165,7.8563456535339355,1.7791171073913574,0.0,5.836091041564941,9.895332336425781,2.28684663772583,8.13908576965332,17.656484603881836,8.994940757751465,11.083158493041992,9.361183166503906,4.997122287750244,8.80539608001709,3.609449863433838,6.016686916351318,12.027563095092773,0.0,6.299205780029297,9.80656909942627
0.0,9.440713882446289,0.0,8.06324577331543,8.81431770324707,0.1310613751411438,0.6698222756385803,13.755465507507324,0.0,5.5285491943359375,6.416672706604004,14.315515518188477,1.0240944623947144,2.843435525894165,7.8563456535339355,1.7791171073913574,0.0,5.836091041564941,9.895332336425781,2.28684663772583,8.13908576965332,17.656484603881836,8.994940757751465,11.083158493041992,9.361183166503906,4.997122287750244,8.80539608001709,3.609449863433838,6.016686916351318,12.027563095092773,0.0,6.299205780029297,9.80656909942627
0.0,0.0,0.0,5.107443809509277,2.2881438732147217,4.71054220199585,0.0,3.529010772705078,0.0,3.7425436973571777,3.153008460998535,9.053900718688965,4.077173233032227,2.034435272216797,0.0,2.4894087314605713,3.8855936527252197,0.0,0.0,0.45973533391952515,0.0,10.668399810791016,6.557694435119629,0.43103307485580444,0.0,4.28789758682251,0.0,5.078042507171631,5.991066932678223,5.059411525726318,0.0,2.309691905975342,2.87357497215271
0.0,0.0,0.0,5.107443809509277,2.2881438732147217,4.71054220199585,0.0,3.529010772705078,0.0,3.7425436973571777,3.153008460998535,9.053900718688965,4.077173233032227,2.034435272216797,0.0,2.4894087314605713,3.8855936527252197,0.0,0.0,0.45973533391952515,0.0,10.668399810791016,6.557694435119629,0.43103307485580444,0.0,4.28789758682251,0.0,5.078042507171631,5.991066932678223,5.059411525726318,0.0,2.309691905975342,2.87357497215271
0.0,0.0,0.0,5.107443809509277,2.2881438732147217,4.71054220199585,0.0,3.529010772705078,0.0,3.7425436973571777,3.153008460998535,9.053900718688965,4.077173233032227,2.034435272216797,0.0,2.4894087314605713,3.8855936527252197,0.0,0.0,0.45973533391952515,0.0,10.668399810791016,6.557694435119629,0.43103307485580444,0.0,4.28789758682251,0.0,5.078042507171631,5.991066932678223,5.059411525726318,0.0,2.309691905975342,2.87357497215271
0.0,0.0,0.0,5.107443809509277,2.2881438732147217,4.71054220199585,0.0,3.529010772705078,0.0,3.7425436973571777,3.153008460998535,9.053900718688965,4.077173233032227,2.034435272216797,0.0,2.4894087314605713,3.8855936527252197,0.0,0.0,0.45973533391952515,0.0,10.668399810791016,6.557694435119629,0.43103307485580444,0.0,4.28789758682251,0.0,5.078042507171631,5.991066932678223,5.059411525726318,0.0,2.309691905975342,2.87357497215271
0.0,0.0,0.0,5.107443809509277,2.2881438732147217,4.71054220199585,0.0,3.529010772705078,0.0,3.7425436973571777,3.153008460998535,9.053900718688965,4.077173233032227,2.034435272216797,0.0,2.4894087314605713,3.8855936527252197,0.0,0.0,0.45973533391952515,0.0,10.668399810791016,6.557694435119629,0.43103307485580444,0.0,4.28789758682251,0.0,5.078042507171631,5.991066932678223,5.059411525726318,0.0,2.309691905975342,2.87357497215271
0.0,0.0,0.0,5.107443809509277,2.2881438732147217,4.71054220199585,0.0,3.529010772705078,0.0,3.7425436973571777,3.153008460998535,9.053900718688965,4.077173233032227,2.034435272216797,0.0,2.4894087314605713,3.8855936527252197,0.0,0.0,0.45973533391952515,0.0,10.668399810791016,6.557694435119629,0.43103307485580444,0.0,4.28789758682251,0.0,5.078042507171631,5.991066932678223,5.059411525726318,0.0,2.309691905975342,2.87357497215271
0.0,0.0,0.0,5.107443809509277,2.2881438732147217,4.71054220199585,0.0,3.529010772705078,0.0,3.7425436973571777,3.153008460998535,9.053900718688965,4.077173233032227,2.034435272216797,0.0,2.4894087314605713,3.8855936527252197,0.0,0.0,0.45973533391952515,0.0,10.668399810791016,6.557694435119629,0.43103307485580444,0.0,4.28789758682251,0.0,5.078042507171631,5.991066932678223,5.059411525726318,0.0,2.309691905975342,2.87357497215271
0.0,0.0,0.0,5.107443809509277,2.2881438732147217,4.71054220199585,0.0,3.529010772705078,0.0,3.7425436973571777,3.153008460998535,9.053900718688965,4.077173233032227,2.034435272216797,0.0,2.4894087314605713,3.8855936527252197,0.0,0.0,0.45973533391952515,0.0,10.668399810791016,6.557694435119629,0.43103307485580444,0.0,4.28789758682251,0.0,5.078042507171631,5.991066932678223,5.059411525726318,0.0,2.309691905975342,2.87357497215271
0.0,0.0,0.0,5.107443809509277,2.2881438732147217,4.71054220199585,0.0,3.529010772705078,0.0,3.7425436973571777,3.153008460998535,9.053900718688965,4.077173233032227,2.034435272216797,0.0,2.4894087314605713,3.8855936527252197,0.0,0.0,0.45973533391952515,0.0,10.668399810791016,6.557694435119629,0.43103307485580444,0.0,4.28789758682251,0.0,5.078042507171631,5.991066932678223,5.059411525726318,0.0,2.309691905975342,2.87357497215271
0.0,0.0,0.0,5.107443809509277,2.2881438732147217,4.71054220199585,0.0,3.529010772705078,0.0,3.7425436973571777,3.153008460998535,9.053900718688965,4.077173233032227,2.034435272216797,0.0,2.4894087314605713,3.8855936527252197,0.0,0.0,0.45973533391952515,0.0,10.668399810791016,6.557694435119629,0.43103307485580444,0.0,4.28789758682251,0.0,5.078042507171631,5.991066932678223,5.059411525726318,0.0,2.309691905975342,2.87357497215271
0.0,0.0,0.0,5.107443809509277,2.2881438732147217,4.71054220199585,0.0,3.529010772705078,0.0,3.7425436973571777,3.153008460998535,9.053900718688965,4.077173233032227,2.034435272216797,0.0,2.4894087314605713,3.8855936527252197,0.0,0.0,0.45973533391952515,0.0,10.668399810791016,6.557694435119629,0.43103307485580444,0.0,4.28789758682251,0.0,5.078042507171631,5.991066932678223,5.059411525726318,0.0,2.309691905975342,2.87357497215271
0.0,0.0,0.0,5.107443809509277,2.2881438732147217,4.71054220199585,0.0,3.529010772705078,0.0,3.7425436973571777,3.153008460998535,9.053900718688965,4.077173233032227,2.034435272216797,0.0,2.4894087314605713,3.8855936527252197,0.0,0.0,0.45973533391952515,0.0,10.668399810791016,6.557694435119629,0.43103307485580444,0.0,4.28789758682251,0.0,5.078042507171631,5.991066932678223,5.059411525726318,0.0,2.309691905975342,2.87357497215271
0.0,0.0,0.0,5.107443809509277,2.2881438732147217,4.71054220199585,0.0,3.529010772705078,0.0,3.7425436973571777,3.153008460998535,9.053900718688965,4.077173233032227,2.034435272216797,0.0,2.4894087314605713,3.8855936527252197,0.0,0.0,0.45973533391952515,0.0,10.668399810791016,6.557694435119629,0.43103307485580444,0.0,4.28789758682251,0.0,5.078042507171631,5.991066932678223,5.059411525726318,0.0,2.309691905975342,2.87357497215271
0.0,0.0,0.0,5.107443809509277,2.2881438732147217,4.71054220199585,0.0,3.529010772705078,0.0,3.7425436973571777,3.153008460998535,9.053900718688965,4.077173233032227,2.034435272216797,0.0,2.4894087314605713,3.8855936527252197,0.0,0.0,0.45973533391952515,0.0,10.668399810791016,6.557694435119629,0.43103307485580444,0.0,4.28789758682251,0.0,5.078042507171631,5.991066932678223,5.059411525726318,0.0,2.309691905975342,2.87357497215271
0.0,0.0,0.0,5.107443809509277,2.2881438732147217,4.71054220199585,0.0,3.529010772705078,0.0,3.7425436973571777,3.153008460998535,9.053900718688965,4.077173233032227,2.034435272216797,0.0,2.4894087314605713,3.8855936527252197,0.0,0.0,0.45973533391952515,0.0,10.668399810791016,6.557694435119629,0.43103307485580444,0.0,4.28789758682251,0.0,5.078042507171631,5.991066932678223,5.059411525726318,0.0,2.309691905975342,2.87357497215271
0.0,0.0,0.0,5.107443809509277,2.2881438732147217,4.71054220199585,0.0,3.529010772705078,0.0,3.7425436973571777,3.153008460998535,9.053900718688965,4.077173233032227,2.034435272216797,0.0,2.4894087314605713,3.8855936527252197,0.0,0.0,0.45973533391952515,0.0,10.668399810791016,6.557694435119629,0.43103307485580444,0.0,4.28789758682251,0.0,5.078042507171631,5.991066932678223,5.059411525726318,0.0,2.309691905975342,2.87357497215271
0.0,0.0,0.0,5.107443809509277,2.2881438732147217,4.71054220199585,0.0,3.529010772705078,0.0,3.7425436973571777,3.153008460998535,9.053900718688965,4.077173233032227,2.034435272216797,0.0,2.4894087314605713,3.8855936527252197,0.0,0.0,0.45973533391952515,0.0,10.668399810791016,6.557694435119629,0.43103307485580444,0.0,4.28789758682251,0.0,5.078042507171631,5.991066932678223,5.059411525726318,0.0,2.309691905975342,2.87357497215271
0.0,0.0,0.0,5.107443809509277,2.2881438732147217,4.71054220199585,0.0,3.529010772705078,0.0,3.7425436973571777,3.153008460998535,9.053900718688965,4.077173233032227,2.034435272216797,0.0,2.4894087314605713,3.8855936527252197,0.0,0.0,0.45973533391952515,0.0,10.668399810791016,6.557694435119629,0.43103307485580444,0.0,4.28789758682251,0.0,5.078042507171631,5.991066932678223,5.059411525726318,0.0,2.309691905975342,2.87357497215271
0.0,0.0,0.0,5.107443809509277,2.2881438732147217,4.71054220199585,0.0,3.529010772705078,0.0,3.7425436973571777,3.153008460998535,9.053900718688965,4.077173233032227,2.034435272216797,0.0,2.4894087314605713,3.8855936527252197,0.0,0.0,0.45973533391952515,0.0,10.668399810791016,6.557694435119629,0.43103307485580444,0.0,4.28789758682251,0.0,5.078042507171631,5.991066932678223,5.059411525726318,0.0,2.309691905975342,2.87357497215271
0.0,0.0,0.0,5.107443809509277,2.2881438732147217,4.71054220199585,0.0,3.529010772705078,0.0,3.7425436973571777,3.153008460998535,9.053900718688965,4.077173233032227,2.034435272216797,0.0,2.4894087314605713,3.8855936527252197,0.0,0.0,0.45973533391952515,0.0,10.668399810791016,6.557694435119629,0.43103307485580444,0.0,4.28789758682251,0.0,5.078042507171631,5.991066932678223,5.059411525726318,0.0,2.309691905975342,2.87357497215271
0.0,7.813391208648682,0.0,7.335355758666992,8.2422456741333,0.5632153749465942,0.2939722239971161,11.184015274047852,0.0,4.09641170501709,5.75861930847168,12.95837688446045,2.295835018157959,2.9327032566070557,6.607100009918213,3.6495492458343506,0.2444886565208435,4.044868469238281,9.017156600952148,2.161900520324707,5.990268707275391,17.63341522216797,8.930341720581055,9.31174373626709,7.526488780975342,4.976039886474609,7.450082778930664,2.7207539081573486,4.369998931884766,12.704605102539062,0.0,5.786031723022461,9.588927268981934
0.0,7.813391208648682,0.0,7.335355758666992,8.2422456741333,0.5632153749465942,0.2939722239971161,11.184015274047852,0.0,4.09641170501709,5.75861930847168,12.95837688446045,2.295835018157959,2.9327032566070557,6.607100009918213,3.6495492458343506,0.2444886565208435,4.044868469238281,9.017156600952148,2.161900520324707,5.990268707275391,17.63341522216797,8.930341720581055,9.31174373626709,7.526488780975342,4.976039886474609,7.450082778930664,2.7207539081573486,4.369998931884766,12.704605102539062,0.0,5.786031723022461,9.588927268981934
0.0,7.813391208648682,0.0,7.335355758666992,8.2422456741333,0.5632153749465942,0.2939722239971161,11.184015274047852,0.0,4.09641170501709,5.75861930847168,12.95837688446045,2.295835018157959,2.9327032566070557,6.607100009918213,3.6495492458343506,0.2444886565208435,4.044868469238281,9.017156600952148,2.161900520324707,5.990268707275391,17.63341522216797,8.930341720581055,9.31174373626709,7.526488780975342,4.976039886474609,7.450082778930664,2.7207539081573486,4.369998931884766,12.704605102539062,0.0,5.786031723022461,9.588927268981934
0.0,7.813391208648682,0.0,7.335355758666992,8.2422456741333,0.5632153749465942,0.2939722239971161,11.184015274047852,0.0,4.09641170501709,5.75861930847168,12.95837688446045,2.295835018157959,2.9327032566070557,6.607100009918213,3.6495492458343506,0.2444886565208435,4.044868469238281,9.017156600952148,2.161900520324707,5.990268707275391,17.63341522216797,8.930341720581055,9.31174373626709,7.526488780975342,4.976039886474609,7.450082778930664,2.7207539081573486,4.369998931884766,12.704605102539062,0.0,5.786031723022461,9.588927268981934
0.0,7.813391208648682,0.0,7.335355758666992,8.2422456741333,0.5632153749465942,0.2939722239971161,11.184015274047852,0.0,4.09641170501709,5.75861930847168,12.95837688446045,2.295835018157959,2.9327032566070557,6.607100009918213,3.6495492458343506,0.2444886565208435,4.044868469238281,9.017156600952148,2.161900520324707,5.990268707275391,17.63341522216797,8.930341720581055,9.31174373626709,7.526488780975342,4.976039886474609,7.450082778930664,2.7207539081573486,4.369998931884766,12.704605102539062,0.0,5.786031723022461,9.588927268981934
0.0,7.813391208648682,0.0,7.335355758666992,8.2422456741333,0.5632153749465942,0.2939722239971161,11.184015274047852,0.0,4.09641170501709,5.75861930847168,12.95837688446045,2.295835018157959,2.9327032566070557,6.607100009918213,3.6495492458343506,0.2444886565208435,4.044868469238281,9.017156600952148,2.161900520324707,5.990268707275391,17.63341522216797,8.930341720581055,9.31174373626709,7.526488780975342,4.976039886474609,7.450082778930664,2.7207539081573486,4.369998931884766,12.704605102539062,0.0,5.786031723022461,9.588927268981934
0.0,7.813391208648682,0.0,7.335355758666992,8.2422456741333,0.5632153749465942,0.2939722239971161,11.184015274047852,0.0,4.09641170501709,5.75861930847168,12.95837688446045,2.295835018157959,2.9327032566070557,6.607100009918213,3.6495492458343506,0.2444886565208435,4.044868469238281,9.017156600952148,2.161900520324707,5.990268707275391,17.63341522216797,8.930341720581055,9.31174373626709,7.526488780975342,4.976039886474609,7.450082778930664,2.7207539081573486,4.369998931884766,12.704605102539062,0.0,5.786031723022461,9.588927268981934
0.0,7.813391208648682,0.0,7.335355758666992,8.2422456741333,0.5632153749465942,0.2939722239971161,11.184015274047852,0.0,4.09641170501709,5.75861930847168,12.95837688446045,2.295835018157959,2.9327032566070557,6.607100009918213,3.6495492458343506,0.2444886565208435,4.044868469238281,9.017156600952148,2.161900520324707,5.990268707275391,17.63341522216797,8.930341720581055,9.31174373626709,7.526488780975342,4.976039886474609,7.450082778930664,2.7207539081573486,4.369998931884766,12.704605102539062,0.0,5.786031723022461,9.588927268981934
0.0,7.813391208648682,0.0,7.335355758666992,8.2422456741333,0.5632153749465942,0.2939722239971161,11.184015274047852,0.0,4.09641170501709,5.75861930847168,12.95837688446045,2.295835018157959,2.9327032566070557,6.607100009918213,3.6495492458343506,0.2444886565208435,4.044868469238281,9.017156600952148,2.161900520324707,5.990268707275391,17.63341522216797,8.930341720581055,9.31174373626709,7.526488780975342,4.976039886474609,7.450082778930664,2.7207539081573486,4.369998931884766,12.704605102539062,0.0,5.786031723022461,9.588927268981934
0.0,7.813391208648682,0.0,7.335355758666992,8.2422456741333,0.5632153749465942,0.2939722239971161,11.184015274047852,0.0,4.09641170501709,5.75861930847168,12.95837688446045,2.295835018157959,2.9327032566070557,6.607100009918213,3.6495492458343506,0.2444886565208435,4.044868469238281,9.017156600952148,2.161900520324707,5.990268707275391,17.63341522216797,8.930341720581055,9.31174373626709,7.526488780975342,4.976039886474609,7.450082778930664,2.7207539081573486,4.369998931884766,12.704605102539062,0.0,5.786031723022461,9.588927268981934
0.0,7.813391208648682,0.0,7.335355758666992,8.2422456741333,0.5632153749465942,0.2939722239971161,11.184015274047852,0.0,4.09641170501709,5.75861930847168,12.95837688446045,2.295835018157959,2.9327032566070557,6.607100009918213,3.6495492458343506,0.2444886565208435,4.044868469238281,9.017156600952148,2.161900520324707,5.990268707275391,17.63341522216797,8.930341720581055,9.31174373626709,7.526488780975342,4.976039886474609,7.450082778930664,2.7207539081573486,4.369998931884766,12.704605102539062,0.0,5.786031723022461,9.588927268981934
0.0,7.813391208648682,0.0,7.335355758666992,8.2422456741333,0.5632153749465942,0.2939722239971161,11.184015274047852,0.0,4.09641170501709,5.75861930847168,12.95837688446045,2.295835018157959,2.9327032566070557,6.607100009918213,3.6495492458343506,0.2444886565208435,4.044868469238281,9.017156600952148,2.161900520324707,5.990268707275391,17.63341522216797,8.930341720581055,9.31174373626709,7.526488780975342,4.976039886474609,7.450082778930664,2.7207539081573486,4.369998931884766,12.704605102539062,0.0,5.786031723022461,9.588927268981934
0.0,7.813391208648682,0.0,7.335355758666992,8.2422456741333,0.5632153749465942,0.2939722239971161,11.184015274047852,0.0,4.09641170501709,5.75861930847168,12.95837688446045,2.295835018157959,2.9327032566070557,6.607100009918213,3.6495492458343506,0.2444886565208435,4.044868469238281,9.017156600952148,2.161900520324707,5.990268707275391,17.63341522216797,8.930341720581055,9.31174373626709,7.526488780975342,4.976039886474609,7.450082778930664,2.7207539081573486,4.369998931884766,12.704605102539062,0.0,5.786031723022461,9.588927268981934
0.0,7.813391208648682,0.0,7.335355758666992,8.2422456741333,0.5632153749465942,0.2939722239971161,11.184015274047852,0.0,4.09641170501709,5.75861930847168,12.95837688446045,2.295835018157959,2.9327032566070557,6.607100009918213,3.6495492458343506,0.2444886565208435,4.044868469238281,9.017156600952148,2.161900520324707,5.990268707275391,17.63341522216797,8.930341720581055,9.31174373626709,7.526488780975342,4.976039886474609,7.450082778930664,2.7207539081573486,4.369998931884766,12.704605102539062,0.0,5.786031723022461,9.588927268981934
0.0,7.813391208648682,0.0,7.335355758666992,8.2422456741333,0.5632153749465942,0.2939722239971161,11.184015274047852,0.0,4.09641170501709,5.75861930847168,12.95837688446045,2.295835018157959,2.9327032566070557,6.607100009918213,3.6495492458343506,0.2444886565208435,4.044868469238281,9.017156600952148,2.161900520324707,5.990268707275391,17.63341522216797,8.930341720581055,9.31174373626709,7.526488780975342,4.976039886474609,7.450082778930664,2.7207539081573486,4.369998931884766,12.704605102539062,0.0,5.786031723022461,9.588927268981934
0.0,7.813391208648682,0.0,7.335355758666992,8.2422456741333,0.5632153749465942,0.2939722239971161,11.184015274047852,0.0,4.09641170501709,5.75861930847168,12.95837688446045,2.295835018157959,2.9327032566070557,6.607100009918213,3.6495492458343506,0.2444886565208435,4.044868469238281,9.017156600952148,2.161900520324707,5.990268707275391,17.63341522216797,8.930341720581055,9.31174373626709,7.526488780975342,4.976039886474609,7.450082778930664,2.7207539081573486,4.369998931884766,12.704605102539062,0.0,5.786031723022461,9.588927268981934
0.0,7.813391208648682,0.0,7.335355758666992,8.2422456741333,0.5632153749465942,0.2939722239971161,11.184015274047852,0.0,4.09641170501709,5.75861930847168,12.95837688446045,2.295835018157959,2.9327032566070557,6.607100009918213,3.6495492458343506,0.2444886565208435,4.044868469238281,9.017156600952148,2.161900520324707,5.990268707275391,17.63341522216797,8.930341720581055,9.31174373626709,7.526488780975342,4.976039886474609,7.450082778930664,2.7207539081573486,4.369998931884766,12.704605102539062,0.0,5.786031723022461,9.588927268981934
0.0,7.813391208648682,0.0,7.335355758666992,8.2422456741333,0.5632153749465942,0.2939722239971161,11.184015274047852,0.0,4.09641170501709,5.75861930847168,12.95837688446045,2.295835018157959,2.9327032566070557,6.607100009918213,3.6495492458343506,0.2444886565208435,4.044868469238281,9.017156600952148,2.161900520324707,5.990268707275391,17.63341522216797,8.930341720581055,9.31174373626709,7.526488780975342,4.976039886474609,7.450082778930664,2.7207539081573486,4.369998931884766,12.704605102539062,0.0,5.786031723022461,9.588927268981934
0.0,7.813391208648682,0.0,7.335355758666992,8.2422456741333,0.5632153749465942,0.2939722239971161,11.184015274047852,0.0,4.09641170501709,5.75861930847168,12.95837688446045,2.295835018157959,2.9327032566070557,6.607100009918213,3.6495492458343506,0.2444886565208435,4.044868469238281,9.017156600952148,2.161900520324707,5.990268707275391,17.63341522216797,8.930341720581055,9.31174373626709,7.526488780975342,4.976039886474609,7.450082778930664,2.7207539081573486,4.369998931884766,12.704605102539062,0.0,5.786031723022461,9.588927268981934
0.0,7.813391208648682,0.0,7.335355758666992,8.2422456741333,0.5632153749465942,0.2939722239971161,11.184015274047852,0.0,4.09641170501709,5.75861930847168,12.95837688446045,2.295835018157959,2.9327032566070557,6.607100009918213,3.6495492458343506,0.2444886565208435,4.044868469238281,9.017156600952148,2.161900520324707,5.990268707275391,17.63341522216797,8.930341720581055,9.31174373626709,7.526488780975342,4.976039886474609,7.450082778930664,2.7207539081573486,4.369998931884766,12.704605102539062,0.0,5.786031723022461,9.588927268981934
0.0,0.0,0.0,3.076531410217285,3.658480405807495,1.4700970649719238,0.058995041996240616,5.338749885559082,0.0,6.676623344421387,5.056857109069824,9.756006240844727,5.714622974395752,1.4651044607162476,0.0,4.554086685180664,1.68696928024292,0.0,0.0,0.12424217909574509,0.0,12.54835319519043,6.855591773986816,1.9816386699676514,0.0,3.9076738357543945,0.0,2.3458540439605713,4.862285137176514,8.219478607177734,0.0,0.44816654920578003,4.699069023132324
0.0,0.0,0.0,3.076531410217285,3.658480405807495,1.4700970649719238,0.058995041996240616,5.338749885559082,0.0,6.676623344421387,5.056857109069824,9.756006240844727,5.714622974395752,1.4651044607162476,0.0,4.554086685180664,1.68696928024292,0.0,0.0,0.12424217909574509,0.0,12.54835319519043,6.855591773986816,1.9816386699676514,0.0,3.9076738357543945,0.0,2.3458540439605713,4.862285137176514,8.219478607177734,0.0,0.44816654920578003,4.699069023132324
0.0,0.0,0.0,3.076531410217285,3.658480405807495,1.4700970649719238,0.058995041996240616,5.338749885559082,0.0,6.676623344421387,5.056857109069824,9.756006240844727,5.714622974395752,1.4651044607162476,0.0,4.554086685180664,1.68696928024292,0.0,0.0,0.12424217909574509,0.0,12.54835319519043,6.855591773986816,1.9816386699676514,0.0,3.9076738357543945,0.0,2.3458540439605713,4.862285137176514,8.219478607177734,0.0,0.44816654920578003,4.699069023132324
0.0,0.0,0.0,3.076531410217285,3.658480405807495,1.4700970649719238,0.058995041996240616,5.338749885559082,0.0,6.676623344421387,5.056857109069824,9.756006240844727,5.714622974395752,1.4651044607162476,0.0,4.554086685180664,1.68696928024292,0.0,0.0,0.12424217909574509,0.0,12.54835319519043,6.855591773986816,1.9816386699676514,0.0,3.9076738357543945,0.0,2.3458540439605713,4.862285137176514,8.219478607177734,0.0,0.44816654920578003,4.699069023132324
0.0,0.0,0.0,3.076531410217285,3.658480405807495,1.4700970649719238,0.058995041996240616,5.338749885559082,0.0,6.676623344421387,5.056857109069824,9.756006240844727,5.714622974395752,1.4651044607162476,0.0,4.554086685180664,1.68696928024292,0.0,0.0,0.12424217909574509,0.0,12.54835319519043,6.855591773986816,1.9816386699676514,0.0,3.9076738357543945,0.0,2.3458540439605713,4.862285137176514,8.219478607177734,0.0,0.44816654920578003,4.699069023132324
0.0,0.0,0.0,3.076531410217285,3.658480405807495,1.4700970649719238,0.058995041996240616,5.338749885559082,0.0,6.676623344421387,5.056857109069824,9.756006240844727,5.714622974395752,1.4651044607162476,0.0,4.554086685180664,1.68696928024292,0.0,0.0,0.12424217909574509,0.0,12.54835319519043,6.855591773986816,1.9816386699676514,0.0,3.9076738357543945,0.0,2.3458540439605713,4.862285137176514,8.219478607177734,0.0,0.44816654920578003,4.699069023132324
0.0,0.0,0.0,3.076531410217285,3.658480405807495,1.4700970649719238,0.058995041996240616,5.338749885559082,0.0,6.676623344421387,5.056857109069824,9.756006240844727,5.714622974395752,1.4651044607162476,0.0,4.554086685180664,1.68696928024292,0.0,0.0,0.12424217909574509,0.0,12.54835319519043,6.855591773986816,1.9816386699676514,0.0,3.9076738357543945,0.0,2.3458540439605713,4.862285137176514,8.219478607177734,0.0,0.44816654920578003,4.699069023132324
0.0,0.0,0.0,3.076531410217285,3.658480405807495,1.4700970649719238,0.058995041996240616,5.338749885559082,0.0,6.676623344421387,5.056857109069824,9.756006240844727,5.714622974395752,1.4651044607162476,0.0,4.554086685180664,1.68696928024292,0.0,0.0,0.12424217909574509,0.0,12.54835319519043,6.855591773986816,1.9816386699676514,0.0,3.9076738357543945,0.0,2.3458540439605713,4.862285137176514,8.219478607177734,0.0,0.44816654920578003,4.699069023132324
0.0,0.0,0.0,3.076531410217285,3.658480405807495,1.4700970649719238,0.058995041996240616,5.338749885559082,0.0,6.676623344421387,5.056857109069824,9.756006240844727,5.714622974395752,1.4651044607162476,0.0,4.554086685180664,1.68696928024292,0.0,0.0,0.12424217909574509,0.0,12.54835319519043,6.855591773986816,1.9816386699676514,0.0,3.9076738357543945,0.0,2.3458540439605713,4.862285137176514,8.219478607177734,0.0,0.44816654920578003,4.699069023132324
0.0,0.0,0.0,3.076531410217285,3.658480405807495,1.4700970649719238,0.058995041996240616,5.338749885559082,0.0,6.676623344421387,5.056857109069824,9.756006240844727,5.714622974395752,1.4651044607162476,0.0,4.554086685180664,1.68696928024292,0.0,0.0,0.12424217909574509,0.0,12.54835319519043,6.855591773986816,1.9816386699676514,0.0,3.9076738357543945,0.0,2.3458540439605713,4.862285137176514,8.219478607177734,0.0,0.44816654920578003,4.699069023132324
0.0,0.0,0.0,3.076531410217285,3.658480405807495,1.4700970649719238,0.058995041996240616,5.338749885559082,0.0,6.676623344421387,5.056857109069824,9.756006240844727,5.714622974395752,1.4651044607162476,0.0,4.554086685180664,1.68696928024292,0.0,0.0,0.12424217909574509,0.0,12.54835319519043,6.855591773986816,1.9816386699676514,0.0,3.9076738357543945,0.0,2.3458540439605713,4.862285137176514,8.219478607177734,0.0,0.44816654920578003,4.699069023132324
0.0,0.0,0.0,3.076531410217285,3.658480405807495,1.4700970649719238,0.058995041996240616,5.338749885559082,0.0,6.676623344421387,5.056857109069824,9.756006240844727,5.714622974395752,1.4651044607162476,0.0,4.554086685180664,1.68696928024292,0.0,0.0,0.12424217909574509,0.0,12.54835319519043,6.855591773986816,1.9816386699676514,0.0,3.9076738357543945,0.0,2.3458540439605713,4.862285137176514,8.219478607177734,0.0,0.44816654920578003,4.699069023132324
0.0,0.0,0.0,3.076531410217285,3.658480405807495,1.4700970649719238,0.058995041996240616,5.338749885559082,0.0,6.676623344421387,5.056857109069824,9.756006240844727,5.714622974395752,1.4651044607162476,0.0,4.554086685180664,1.68696928024292,0.0,0.0,0.12424217909574509,0.0,12.54835319519043,6.855591773986816,1.9816386699676514,0.0,3.9076738357543945,0.0,2.3458540439605713,4.862285137176514,8.219478607177734,0.0,0.44816654920578003,4.699069023132324
0.0,0.0,0.0,3.076531410217285,3.658480405807495,1.4700970649719238,0.058995041996240616,5.338749885559082,0.0,6.676623344421387,5.056857109069824,9.756006240844727,5.714622974395752,1.4651044607162476,0.0,4.554086685180664,1.68696928024292,0.0,0.0,0.12424217909574509,0.0,12.54835319519043,6.855591773986816,1.9816386699676514,0.0,3.9076738357543945,0.0,2.3458540439605713,4.862285137176514,8.219478607177734,0.0,0.44816654920578003,4.699069023132324
0.0,0.0,0.0,3.076531410217285,3.658480405807495,1.4700970649719238,0.058995041996240616,5.338749885559082,0.0,6.676623344421387,5.056857109069824,9.756006240844727,5.714622974395752,1.4651044607162476,0.0,4.554086685180664,1.68696928024292,0.0,0.0,0.12424217909574509,0.0,12.54835319519043,6.855591773986816,1.9816386699676514,0.0,3.9076738357543945,0.0,2.3458540439605713,4.862285137176514,8.219478607177734,0.0,0.44816654920578003,4.699069023132324
0.0,0.0,0.0,3.076531410217285,3.658480405807495,1.4700970649719238,0.058995041996240616,5.338749885559082,0.0,6.676623344421387,5.056857109069824,9.756006240844727,5.714622974395752,1.4651044607162476,0.0,4.554086685180664,1.68696928024292,0.0,0.0,0.12424217909574509,0.0,12.54835319519043,6.855591773986816,1.9816386699676514,0.0,3.9076738357543945,0.0,2.3458540439605713,4.862285137176514,8.219478607177734,0.0,0.44816654920578003,4.699069023132324
0.0,0.0,0.0,3.076531410217285,3.658480405807495,1.4700970649719238,0.058995041996240616,5.338749885559082,0.0,6.676623344421387,5.056857109069824,9.756006240844727,5.714622974395752,1.4651044607162476,0.0,4.554086685180664,1.68696928024292,0.0,0.0,0.12424217909574509,0.0,12.54835319519043,6.855591773986816,1.9816386699676514,0.0,3.9076738357543945,0.0,2.3458540439605713,4.862285137176514,8.219478607177734,0.0,0.44816654920578003,4.699069023132324
0.0,0.0,0.0,3.076531410217285,3.658480405807495,1.4700970649719238,0.058995041996240616,5.338749885559082,0.0,6.676623344421387,5.056857109069824,9.756006240844727,5.714622974395752,1.4651044607162476,0.0,4.554086685180664,1.68696928024292,0.0,0.0,0.12424217909574509,0.0,12.54835319519043,6.855591773986816,1.9816386699676514,0.0,3.9076738357543945,0.0,2.3458540439605713,4.862285137176514,8.219478607177734,0.0,0.44816654920578003,4.699069023132324
0.0,0.0,0.0,3.076531410217285,3.658480405807495,1.4700970649719238,0.058995041996240616,5.338749885559082,0.0,6.676623344421387,5.056857109069824,9.756006240844727,5.714622974395752,1.4651044607162476,0.0,4.554086685180664,1.68696928024292,0.0,0.0,0.12424217909574509,0.0,12.54835319519043,6.855591773986816,1.9816386699676514,0.0,3.9076738357543945,0.0,2.3458540439605713,4.862285137176514,8.219478607177734,0.0,0.44816654920578003,4.699069023132324
0.0,0.0,0.0,3.076531410217285,3.658480405807495,1.4700970649719238,0.058995041996240616,5.338749885559082,0.0,6.676623344421387,5.056857109069824,9.756006240844727,5.714622974395752,1.4651044607162476,0.0,4.554086685180664,1.68696928024292,0.0,0.0,0.12424217909574509,0.0,12.54835319519043,6.855591773986816,1.9816386699676514,0.0,3.9076738357543945,0.0,2.3458540439605713,4.862285137176514,8.219478607177734,0.0,0.44816654920578003,4.699069023132324
0.0,6.74592399597168,0.0,7.428685665130615,8.640718460083008,2.0073068141937256,0.21830430626869202,10.810687065124512,0.0,3.301126003265381,5.1663818359375,12.338512420654297,2.898066520690918,3.0481362342834473,5.843230247497559,3.2885212898254395,1.2566790580749512,3.9022324085235596,8.402944564819336,1.906021237373352,5.000633716583252,16.672395706176758,8.498562812805176,7.914371967315674,6.225776195526123,4.484428882598877,6.950742244720459,3.244725465774536,4.309985637664795,11.17861557006836,0.0,5.990232944488525,9.142419815063477
0.0,6.74592399597168,0.0,7.428685665130615,8.640718460083008,2.0073068141937256,0.21830430626869202,10.810687065124512,0.0,3.301126003265381,5.1663818359375,12.338512420654297,2.898066520690918,3.0481362342834473,5.843230247497559,3.2885212898254395,1.2566790580749512,3.9022324085235596,8.402944564819336,1.906021237373352,5.000633716583252,16.672395706176758,8.498562812805176,7.914371967315674,6.225776195526123,4.484428882598877,6.950742244720459,3.244725465774536,4.309985637664795,11.17861557006836,0.0,5.990232944488525,9.142419815063477
0.0,6.74592399597168,0.0,7.428685665130615,8.640718460083008,2.0073068141937256,0.21830430626869202,10.810687065124512,0.0,3.301126003265381,5.1663818359375,12.338512420654297,2.898066520690918,3.0481362342834473,5.843230247497559,3.2885212898254395,1.2566790580749512,3.9022324085235596,8.402944564819336,1.906021237373352,5.000633716583252,16.672395706176758,8.498562812805176,7.914371967315674,6.225776195526123,4.484428882598877,6.950742244720459,3.244725465774536,4.309985637664795,11.17861557006836,0.0,5.990232944488525,9.142419815063477
0.0,6.74592399597168,0.0,7.428685665130615,8.640718460083008,2.0073068141937256,0.21830430626869202,10.810687065124512,0.0,3.301126003265381,5.1663818359375,12.338512420654297,2.898066520690918,3.0481362342834473,5.843230247497559,3.2885212898254395,1.2566790580749512,3.9022324085235596,8.402944564819336,1.906021237373352,5.000633716583252,16.672395706176758,8.498562812805176,7.914371967315674,6.225776195526123,4.484428882598877,6.950742244720459,3.244725465774536,4.309985637664795,11.17861557006836,0.0,5.990232944488525,9.142419815063477
0.0,6.74592399597168,0.0,7.428685665130615,8.640718460083008,2.0073068141937256,0.21830430626869202,10.810687065124512,0.0,3.301126003265381,5.1663818359375,12.338512420654297,2.898066520690918,3.0481362342834473,5.843230247497559,3.2885212898254395,1.2566790580749512,3.9022324085235596,8.402944564819336,1.906021237373352,5.000633716583252,16.672395706176758,8.498562812805176,7.914371967315674,6.225776195526123,4.484428882598877,6.950742244720459,3.244725465774536,4.309985637664795,11.17861557006836,0.0,5.990232944488525,9.142419815063477
0.0,6.74592399597168,0.0,7.428685665130615,8.640718460083008,2.0073068141937256,0.21830430626869202,10.810687065124512,0.0,3.301126003265381,5.1663818359375,12.338512420654297,2.898066520690918,3.0481362342834473,5.843230247497559,3.2885212898254395,1.2566790580749512,3.9022324085235596,8.402944564819336,1.906021237373352,5.000633716583252,16.672395706176758,8.498562812805176,7.914371967315674,6.225776195526123,4.484428882598877,6.950742244720459,3.244725465774536,4.309985637664795,11.17861557006836,0.0,5.990232944488525,9.142419815063477
0.0,6.74592399597168,0.0,7.428685665130615,8.640718460083008,2.0073068141937256,0.21830430626869202,10.810687065124512,0.0,3.301126003265381,5.1663818359375,12.338512420654297,2.898066520690918,3.0481362342834473,5.843230247497559,3.2885212898254395,1.2566790580749512,3.9022324085235596,8.402944564819336,1.906021237373352,5.000633716583252,16.672395706176758,8.498562812805176,7.914371967315674,6.225776195526123,4.484428882598877,6.950742244720459,3.244725465774536,4.309985637664795,11.17861557006836,0.0,5.990232944488525,9.142419815063477
0.0,6.74592399597168,0.0,7.428685665130615,8.640718460083008,2.0073068141937256,0.21830430626869202,10.810687065124512,0.0,3.301126003265381,5.1663818359375,12.338512420654297,2.898066520690918,3.0481362342834473,5.843230247497559,3.2885212898254395,1.2566790580749512,3.9022324085235596,8.402944564819336,1.906021237373352,5.000633716583252,16.672395706176758,8.498562812805176,7.914371967315674,6.225776195526123,4.484428882598877,6.950742244720459,3.244725465774536,4.309985637664795,11.17861557006836,0.0,5.990232944488525,9.142419815063477
0.0,6.74592399597168,0.0,7.428685665130615,8.640718460083008,2.0073068141937256,0.21830430626869202,10.810687065124512,0.0,3.301126003265381,5.1663818359375,12.338512420654297,2.898066520690918,3.0481362342834473,5.843230247497559,3.2885212898254395,1.2566790580749512,3.9022324085235596,8.402944564819336,1.906021237373352,5.000633716583252,16.672395706176758,8.498562812805176,7.914371967315674,6.225776195526123,4.484428882598877,6.950742244720459,3.244725465774536,4.309985637664795,11.17861557006836,0.0,5.990232944488525,9.142419815063477
0.0,6.74592399597168,0.0,7.428685665130615,8.640718460083008,2.0073068141937256,0.21830430626869202,10.810687065124512,0.0,3.301126003265381,5.1663818359375,12.338512420654297,2.898066520690918,3.0481362342834473,5.843230247497559,3.2885212898254395,1.2566790580749512,3.9022324085235596,8.402944564819336,1.906021237373352,5.000633716583252,16.672395706176758,8.498562812805176,7.914371967315674,6.225776195526123,4.484428882598877,6.950742244720459,3.244725465774536,4.309985637664795,11.17861557006836,0.0,5.990232944488525,9.142419815063477
0.0,6.74592399597168,0.0,7.428685665130615,8.640718460083008,2.0073068141937256,0.21830430626869202,10.810687065124512,0.0,3.301126003265381,5.1663818359375,12.338512420654297,2.898066520690918,3.0481362342834473,5.843230247497559,3.2885212898254395,1.2566790580749512,3.9022324085235596,8.402944564819336,1.906021237373352,5.000633716583252,16.672395706176758,8.498562812805176,7.914371967315674,6.225776195526123,4.484428882598877,6.950742244720459,3.244725465774536,4.309985637664795,11.17861557006836,0.0,5.990232944488525,9.142419815063477
0.0,6.74592399597168,0.0,7.428685665130615,8.640718460083008,2.0073068141937256,0.21830430626869202,10.810687065124512,0.0,3.301126003265381,5.1663818359375,12.338512420654297,2.898066520690918,3.0481362342834473,5.843230247497559,3.2885212898254395,1.2566790580749512,3.9022324085235596,8.402944564819336,1.906021237373352,5.000633716583252,16.672395706176758,8.498562812805176,7.914371967315674,6.225776195526123,4.484428882598877,6.950742244720459,3.244725465774536,4.309985637664795,11.17861557006836,0.0,5.990232944488525,9.142419815063477
0.0,6.74592399597168,0.0,7.428685665130615,8.640718460083008,2.0073068141937256,0.21830430626869202,10.810687065124512,0.0,3.301126003265381,5.1663818359375,12.338512420654297,2.898066520690918,3.0481362342834473,5.843230247497559,3.2885212898254395,1.2566790580749512,3.9022324085235596,8.402944564819336,1.906021237373352,5.000633716583252,16.672395706176758,8.498562812805176,7.914371967315674,6.225776195526123,4.484428882598877,6.950742244720459,3.244725465774536,4.309985637664795,11.17861557006836,0.0,5.990232944488525,9.142419815063477
0.0,6.74592399597168,0.0,7.428685665130615,8.640718460083008,2.0073068141937256,0.21830430626869202,10.810687065124512,0.0,3.301126003265381,5.1663818359375,12.338512420654297,2.898066520690918,3.0481362342834473,5.843230247497559,3.2885212898254395,1.2566790580749512,3.9022324085235596,8.402944564819336,1.906021237373352,5.000633716583252,16.672395706176758,8.498562812805176,7.914371967315674,6.225776195526123,4.484428882598877,6.950742244720459,3.244725465774536,4.309985637664795,11.17861557006836,0.0,5.990232944488525,9.142419815063477
0.0,6.74592399597168,0.0,7.428685665130615,8.640718460083008,2.0073068141937256,0.21830430626869202,10.810687065124512,0.0,3.301126003265381,5.1663818359375,12.338512420654297,2.898066520690918,3.0481362342834473,5.843230247497559,3.2885212898254395,1.2566790580749512,3.9022324085235596,8.402944564819336,1.906021237373352,5.000633716583252,16.672395706176758,8.498562812805176,7.914371967315674,6.225776195526123,4.484428882598877,6.950742244720459,3.244725465774536,4.309985637664795,11.17861557006836,0.0,5.990232944488525,9.142419815063477
0.0,6.74592399597168,0.0,7.428685665130615,8.640718460083008,2.0073068141937256,0.21830430626869202,10.810687065124512,0.0,3.301126003265381,5.1663818359375,12.338512420654297,2.898066520690918,3.0481362342834473,5.843230247497559,3.2885212898254395,1.2566790580749512,3.9022324085235596,8.402944564819336,1.906021237373352,5.000633716583252,16.672395706176758,8.498562812805176,7.914371967315674,6.225776195526123,4.484428882598877,6.950742244720459,3.244725465774536,4.309985637664795,11.17861557006836,0.0,5.990232944488525,9.142419815063477
0.0,6.74592399597168,0.0,7.428685665130615,8.640718460083008,2.0073068141937256,0.21830430626869202,10.810687065124512,0.0,3.301126003265381,5.1663818359375,12.338512420654297,2.898066520690918,3.0481362342834473,5.843230247497559,3.2885212898254395,1.2566790580749512,3.9022324085235596,8.402944564819336,1.906021237373352,5.000633716583252,16.672395706176758,8.498562812805176,7.914371967315674,6.225776195526123,4.484428882598877,6.950742244720459,3.244725465774536,4.309985637664795,11.17861557006836,0.0,5.990232944488525,9.142419815063477
0.0,6.74592399597168,0.0,7.428685665130615,8.640718460083008,2.0073068141937256,0.21830430626869202,10.810687065124512,0.0,3.301126003265381,5.1663818359375,12.338512420654297,2.898066520690918,3.0481362342834473,5.843230247497559,3.2885212898254395,1.2566790580749512,3.9022324085235596,8.402944564819336,1.906021237373352,5.000633716583252,16.672395706176758,8.498562812805176,7.914371967315674,6.225776195526123,4.484428882598877,6.950742244720459,3.244725465774536,4.309985637664795,11.17861557006836,0.0,5.990232944488525,9.142419815063477
0.0,6.74592399597168,0.0,7.428685665130615,8.640718460083008,2.0073068141937256,0.21830430626869202,10.810687065124512,0.0,3.301126003265381,5.1663818359375,12.338512420654297,2.898066520690918,3.0481362342834473,5.843230247497559,3.2885212898254395,1.2566790580749512,3.9022324085235596,8.402944564819336,1.906021237373352,5.000633716583252,16.672395706176758,8.498562812805176,7.914371967315674,6.225776195526123,4.484428882598877,6.950742244720459,3.244725465774536,4.309985637664795,11.17861557006836,0.0,5.990232944488525,9.142419815063477
0.0,6.74592399597168,0.0,7.428685665130615,8.640718460083008,2.0073068141937256,0.21830430626869202,10.810687065124512,0.0,3.301126003265381,5.1663818359375,12.338512420654297,2.898066520690918,3.0481362342834473,5.843230247497559,3.2885212898254395,1.2566790580749512,3.9022324085235596,8.402944564819336,1.906021237373352,5.000633716583252,16.672395706176758,8.498562812805176,7.914371967315674,6.225776195526123,4.484428882598877,6.950742244720459,3.244725465774536,4.309985637664795,11.17861557006836,0.0,5.990232944488525,9.142419815063477
0.0,0.0,0.0,3.9656403064727783,4.786388874053955,2.973658323287964,0.0,5.503342151641846,0.0,4.69235897064209,3.4211878776550293,9.554169654846191,6.532931804656982,2.06697154045105,0.0,3.9241888523101807,2.2137019634246826,0.0,0.32139885425567627,0.0,0.0,12.529169082641602,6.988307952880859,2.1068992614746094,0.0,3.8953676223754883,0.0,2.695918560028076,4.850769519805908,7.860131740570068,0.0,1.6551419496536255,5.359504699707031
0.0,0.0,0.0,3.9656403064727783,4.786388874053955,2.973658323287964,0.0,5.503342151641846,0.0,4.69235897064209,3.4211878776550293,9.554169654846191,6.532931804656982,2.06697154045105,0.0,3.9241888523101807,2.2137019634246826,0.0,0.32139885425567627,0.0,0.0,12.529169082641602,6.988307952880859,2.1068992614746094,0.0,3.8953676223754883,0.0,2.695918560028076,4.850769519805908,7.860131740570068,0.0,1.6551419496536255,5.359504699707031
0.0,0.0,0.0,3.9656403064727783,4.786388874053955,2.973658323287964,0.0,5.503342151641846,0.0,4.69235897064209,3.4211878776550293,9.554169654846191,6.532931804656982,2.06697154045105,0.0,3.9241888523101807,2.2137019634246826,0.0,0.32139885425567627,0.0,0.0,12.529169082641602,6.988307952880859,2.1068992614746094,0.0,3.8953676223754883,0.0,2.695918560028076,4.850769519805908,7.860131740570068,0.0,1.6551419496536255,5.359504699707031
0.0,0.0,0.0,3.9656403064727783,4.786388874053955,2.973658323287964,0.0,5.503342151641846,0.0,4.69235897064209,3.4211878776550293,9.554169654846191,6.532931804656982,2.06697154045105,0.0,3.9241888523101807,2.2137019634246826,0.0,0.32139885425567627,0.0,0.0,12.529169082641602,6.988307952880859,2.1068992614746094,0.0,3.8953676223754883,0.0,2.695918560028076,4.850769519805908,7.860131740570068,0.0,1.6551419496536255,5.359504699707031
0.0,0.0,0.0,3.9656403064727783,4.786388874053955,2.973658323287964,0.0,5.503342151641846,0.0,4.69235897064209,3.4211878776550293,9.554169654846191,6.532931804656982,2.06697154045105,0.0,3.9241888523101807,2.2137019634246826,0.0,0.32139885425567627,0.0,0.0,12.529169082641602,6.988307952880859,2.1068992614746094,0.0,3.8953676223754883,0.0,2.695918560028076,4.850769519805908,7.860131740570068,0.0,1.6551419496536255,5.359504699707031
0.0,0.0,0.0,3.9656403064727783,4.786388874053955,2.973658323287964,0.0,5.503342151641846,0.0,4.69235897064209,3.4211878776550293,9.554169654846191,6.532931804656982,2.06697154045105,0.0,3.9241888523101807,2.2137019634246826,0.0,0.32139885425567627,0.0,0.0,12.529169082641602,6.988307952880859,2.1068992614746094,0.0,3.8953676223754883,0.0,2.695918560028076,4.850769519805908,7.860131740570068,0.0,1.6551419496536255,5.359504699707031
0.0,0.0,0.0,3.9656403064727783,4.786388874053955,2.973658323287964,0.0,5.503342151641846,0.0,4.69235897064209,3.4211878776550293,9.554169654846191,6.532931804656982,2.06697154045105,0.0,3.9241888523101807,2.2137019634246826,0.0,0.32139885425567627,0.0,0.0,12.529169082641602,6.988307952880859,2.1068992614746094,0.0,3.8953676223754883,0.0,2.695918560028076,4.850769519805908,7.860131740570068,0.0,1.6551419496536255,5.359504699707031
0.0,0.0,0.0,3.9656403064727783,4.786388874053955,2.973658323287964,0.0,5.503342151641846,0.0,4.69235897064209,3.4211878776550293,9.554169654846191,6.532931804656982,2.06697154045105,0.0,3.9241888523101807,2.2137019634246826,0.0,0.32139885425567627,0.0,0.0,12.529169082641602,6.988307952880859,2.1068992614746094,0.0,3.8953676223754883,0.0,2.695918560028076,4.850769519805908,7.860131740570068,0.0,1.6551419496536255,5.359504699707031
0.0,0.0,0.0,3.9656403064727783,4.786388874053955,2.973658323287964,0.0,5.503342151641846,0.0,4.69235897064209,3.4211878776550293,9.554169654846191,6.532931804656982,2.06697154045105,0.0,3.9241888523101807,2.2137019634246826,0.0,0.32139885425567627,0.0,0.0,12.529169082641602,6.988307952880859,2.1068992614746094,0.0,3.8953676223754883,0.0,2.695918560028076,4.850769519805908,7.860131740570068,0.0,1.6551419496536255,5.359504699707031
0.0,0.0,0.0,3.9656403064727783,4.786388874053955,2.973658323287964,0.0,5.503342151641846,0.0,4.69235897064209,3.4211878776550293,9.554169654846191,6.532931804656982,2.06697154045105,0.0,3.9241888523101807,2.2137019634246826,0.0,0.32139885425567627,0.0,0.0,12.529169082641602,6.988307952880859,2.1068992614746094,0.0,3.8953676223754883,0.0,2.695918560028076,4.850769519805908,7.860131740570068,0.0,1.6551419496536255,5.359504699707031
0.0,0.0,0.0,3.9656403064727783,4.786388874053955,2.973658323287964,0.0,5.503342151641846,0.0,4.69235897064209,3.4211878776550293,9.554169654846191,6.532931804656982,2.06697154045105,0.0,3.9241888523101807,2.2137019634246826,0.0,0.32139885425567627,0.0,0.0,12.529169082641602,6.988307952880859,2.1068992614746094,0.0,3.8953676223754883,0.0,2.695918560028076,4.850769519805908,7.860131740570068,0.0,1.6551419496536255,5.359504699707031
0.0,0.0,0.0,3.9656403064727783,4.786388874053955,2.973658323287964,0.0,5.503342151641846,0.0,4.69235897064209,3.4211878776550293,9.554169654846191,6.532931804656982,2.06697154045105,0.0,3.9241888523101807,2.2137019634246826,0.0,0.32139885425567627,0.0,0.0,12.529169082641602,6.988307952880859,2.1068992614746094,0.0,3.8953676223754883,0.0,2.695918560028076,4.850769519805908,7.860131740570068,0.0,1.6551419496536255,5.359504699707031
0.0,0.0,0.0,3.9656403064727783,4.786388874053955,2.973658323287964,0.0,5.503342151641846,0.0,4.69235897064209,3.4211878776550293,9.554169654846191,6.532931804656982,2.06697154045105,0.0,3.9241888523101807,2.2137019634246826,0.0,0.32139885425567627,0.0,0.0,12.529169082641602,6.988307952880859,2.1068992614746094,0.0,3.8953676223754883,0.0,2.695918560028076,4.850769519805908,7.860131740570068,0.0,1.6551419496536255,5.359504699707031
0.0,0.0,0.0,3.9656403064727783,4.786388874053955,2.973658323287964,0.0,5.503342151641846,0.0,4.69235897064209,3.4211878776550293,9.554169654846191,6.532931804656982,2.06697154045105,0.0,3.9241888523101807,2.2137019634246826,0.0,0.32139885425567627,0.0,0.0,12.529169082641602,6.988307952880859,2.1068992614746094,0.0,3.8953676223754883,0.0,2.695918560028076,4.850769519805908,7.860131740570068,0.0,1.6551419496536255,5.359504699707031
0.0,0.0,0.0,3.9656403064727783,4.786388874053955,2.973658323287964,0.0,5.503342151641846,0.0,4.69235897064209,3.4211878776550293,9.554169654846191,6.532931804656982,2.06697154045105,0.0,3.9241888523101807,2.2137019634246826,0.0,0.32139885425567627,0.0,0.0,12.529169082641602,6.988307952880859,2.1068992614746094,0.0,3.8953676223754883,0.0,2.695918560028076,4.850769519805908,7.860131740570068,0.0,1.6551419496536255,5.359504699707031
0.0,0.0,0.0,3.9656403064727783,4.786388874053955,2.973658323287964,0.0,5.503342151641846,0.0,4.69235897064209,3.4211878776550293,9.554169654846191,6.532931804656982,2.06697154045105,0.0,3.9241888523101807,2.2137019634246826,0.0,0.32139885425567627,0.0,0.0,12.529169082641602,6.988307952880859,2.1068992614746094,0.0,3.8953676223754883,0.0,2.695918560028076,4.850769519805908,7.860131740570068,0.0,1.6551419496536255,5.359504699707031
0.0,0.0,0.0,3.9656403064727783,4.786388874053955,2.973658323287964,0.0,5.503342151641846,0.0,4.69235897064209,3.4211878776550293,9.554169654846191,6.532931804656982,2.06697154045105,0.0,3.9241888523101807,2.2137019634246826,0.0,0.32139885425567627,0.0,0.0,12.529169082641602,6.988307952880859,2.1068992614746094,0.0,3.8953676223754883,0.0,2.695918560028076,4.850769519805908,7.860131740570068,0.0,1.6551419496536255,5.359504699707031
0.0,0.0,0.0,3.9656403064727783,4.786388874053955,2.973658323287964,0.0,5.503342151641846,0.0,4.69235897064209,3.4211878776550293,9.554169654846191,6.532931804656982,2.06697154045105,0.0,3.9241888523101807,2.2137019634246826,0.0,0.32139885425567627,0.0,0.0,12.529169082641602,6.988307952880859,2.1068992614746094,0.0,3.8953676223754883,0.0,2.695918560028076,4.850769519805908,7.860131740570068,0.0,1.6551419496536255,5.359504699707031
0.0,0.0,0.0,3.9656403064727783,4.786388874053955,2.973658323287964,0.0,5.503342151641846,0.0,4.69235897064209,3.4211878776550293,9.554169654846191,6.532931804656982,2.06697154045105,0.0,3.9241888523101807,2.2137019634246826,0.0,0.32139885425567627,0.0,0.0,12.529169082641602,6.988307952880859,2.1068992614746094,0.0,3.8953676223754883,0.0,2.695918560028076,4.850769519805908,7.860131740570068,0.0,1.6551419496536255,5.359504699707031
0.0,0.0,0.0,3.9656403064727783,4.786388874053955,2.973658323287964,0.0,5.503342151641846,0.0,4.69235897064209,3.4211878776550293,9.554169654846191,6.532931804656982,2.06697154045105,0.0,3.9241888523101807,2.2137019634246826,0.0,0.32139885425567627,0.0,0.0,12.529169082641602,6.988307952880859,2.1068992614746094,0.0,3.8953676223754883,0.0,2.695918560028076,4.850769519805908,7.860131740570068,0.0,1.6551419496536255,5.359504699707031
0.0,6.238424301147461,0.0,7.913140296936035,7.26861047744751,3.447026252746582,0.0,9.344951629638672,0.0,0.7667844891548157,3.246265411376953,12.381242752075195,1.6732169389724731,3.334280252456665,5.991761684417725,3.241055965423584,2.951218366622925,4.5134663581848145,8.964259147644043,2.2100670337677,5.312106132507324,16.150983810424805,8.477149963378906,7.159868240356445,4.605538368225098,4.300693511962891,4.530491352081299,4.210906982421875,3.4269349575042725,10.303973197937012,0.0,7.344898223876953,9.029626846313477
0.0,6.238424301147461,0.0,7.913140296936035,7.26861047744751,3.447026252746582,0.0,9.344951629638672,0.0,0.7667844891548157,3.246265411376953,12.381242752075195,1.6732169389724731,3.334280252456665,5.991761684417725,3.241055965423584,2.951218366622925,4.5134663581848145,8.964259147644043,2.2100670337677,5.312106132507324,16.150983810424805,8.477149963378906,7.159868240356445,4.605538368225098,4.300693511962891,4.530491352081299,4.210906982421875,3.4269349575042725,10.303973197937012,0.0,7.344898223876953,9.029626846313477
0.0,6.238424301147461,0.0,7.913140296936035,7.26861047744751,3.447026252746582,0.0,9.344951629638672,0.0,0.7667844891548157,3.246265411376953,12.381242752075195,1.6732169389724731,3.334280252456665,5.991761684417725,3.241055965423584,2.951218366622925,4.5134663581848145,8.964259147644043,2.2100670337677,5.312106132507324,16.150983810424805,8.477149963378906,7.159868240356445,4.605538368225098,4.300693511962891,4.530491352081299,4.210906982421875,3.4269349575042725,10.303973197937012,0.0,7.344898223876953,9.029626846313477
0.0,6.238424301147461,0.0,7.913140296936035,7.26861047744751,3.447026252746582,0.0,9.344951629638672,0.0,0.7667844891548157,3.246265411376953,12.381242752075195,1.6732169389724731,3.334280252456665,5.991761684417725,3.241055965423584,2.951218366622925,4.5134663581848145,8.964259147644043,2.2100670337677,5.312106132507324,16.150983810424805,8.477149963378906,7.159868240356445,4.605538368225098,4.300693511962891,4.530491352081299,4.210906982421875,3.4269349575042725,10.303973197937012,0.0,7.344898223876953,9.029626846313477
0.0,6.238424301147461,0.0,7.913140296936035,7.26861047744751,3.447026252746582,0.0,9.344951629638672,0.0,0.7667844891548157,3.246265411376953,12.381242752075195,1.6732169389724731,3.334280252456665,5.991761684417725,3.241055965423584,2.951218366622925,4.5134663581848145,8.964259147644043,2.2100670337677,5.312106132507324,16.150983810424805,8.477149963378906,7.159868240356445,4.605538368225098,4.300693511962891,4.530491352081299,4.210906982421875,3.4269349575042725,10.303973197937012,0.0,7.344898223876953,9.029626846313477
0.0,6.238424301147461,0.0,7.913140296936035,7.26861047744751,3.447026252746582,0.0,9.344951629638672,0.0,0.7667844891548157,3.246265411376953,12.381242752075195,1.6732169389724731,3.334280252456665,5.991761684417725,3.241055965423584,2.951218366622925,4.5134663581848145,8.964259147644043,2.2100670337677,5.312106132507324,16.150983810424805,8.477149963378906,7.159868240356445,4.605538368225098,4.300693511962891,4.530491352081299,4.210906982421875,3.4269349575042725,10.303973197937012,0.0,7.344898223876953,9.029626846313477
0.0,6.238424301147461,0.0,7.913140296936035,7.26861047744751,3.447026252746582,0.0,9.344951629638672,0.0,0.7667844891548157,3.246265411376953,12.381242752075195,1.6732169389724731,3.334280252456665,5.991761684417725,3.241055965423584,2.951218366622925,4.5134663581848145,8.964259147644043,2.2100670337677,5.312106132507324,16.150983810424805,8.477149963378906,7.159868240356445,4.605538368225098,4.300693511962891,4.530491352081299,4.210906982421875,3.4269349575042725,10.303973197937012,0.0,7.344898223876953,9.029626846313477
0.0,6.238424301147461,0.0,7.913140296936035,7.26861047744751,3.447026252746582,0.0,9.344951629638672,0.0,0.7667844891548157,3.246265411376953,12.381242752075195,1.6732169389724731,3.334280252456665,5.991761684417725,3.241055965423584,2.951218366622925,4.5134663581848145,8.964259147644043,2.2100670337677,5.312106132507324,16.150983810424805,8.477149963378906,7.159868240356445,4.605538368225098,4.300693511962891,4.530491352081299,4.210906982421875,3.4269349575042725,10.303973197937012,0.0,7.344898223876953,9.029626846313477
0.0,6.238424301147461,0.0,7.913140296936035,7.26861047744751,3.447026252746582,0.0,9.344951629638672,0.0,0.7667844891548157,3.246265411376953,12.381242752075195,1.6732169389724731,3.334280252456665,5.991761684417725,3.241055965423584,2.951218366622925,4.5134663581848145,8.964259147644043,2.2100670337677,5.312106132507324,16.150983810424805,8.477149963378906,7.159868240356445,4.605538368225098,4.300693511962891,4.530491352081299,4.210906982421875,3.4269349575042725,10.303973197937012,0.0,7.344898223876953,9.029626846313477
0.0,6.238424301147461,0.0,7.913140296936035,7.26861047744751,3.447026252746582,0.0,9.344951629638672,0.0,0.7667844891548157,3.246265411376953,12.381242752075195,1.6732169389724731,3.334280252456665,5.991761684417725,3.241055965423584,2.951218366622925,4.5134663581848145,8.964259147644043,2.2100670337677,5.312106132507324,16.150983810424805,8.477149963378906,7.159868240356445,4.605538368225098,4.300693511962891,4.530491352081299,4.210906982421875,3.4269349575042725,10.303973197937012,0.0,7.344898223876953,9.029626846313477
0.0,6.238424301147461,0.0,7.913140296936035,7.26861047744751,3.447026252746582,0.0,9.344951629638672,0.0,0.7667844891548157,3.246265411376953,12.381242752075195,1.6732169389724731,3.334280252456665,5.991761684417725,3.241055965423584,2.951218366622925,4.5134663581848145,8.964259147644043,2.2100670337677,5.312106132507324,16.150983810424805,8.477149963378906,7.159868240356445,4.605538368225098,4.300693511962891,4.530491352081299,4.210906982421875,3.4269349575042725,10.303973197937012,0.0,7.344898223876953,9.029626846313477
0.0,6.238424301147461,0.0,7.913140296936035,7.26861047744751,3.447026252746582,0.0,9.344951629638672,0.0,0.7667844891548157,3.246265411376953,12.381242752075195,1.6732169389724731,3.334280252456665,5.991761684417725,3.241055965423584,2.951218366622925,4.5134663581848145,8.964259147644043,2.2100670337677,5.312106132507324,16.150983810424805,8.477149963378906,7.159868240356445,4.605538368225098,4.300693511962891,4.530491352081299,4.210906982421875,3.4269349575042725,10.303973197937012,0.0,7.344898223876953,9.029626846313477
0.0,6.238424301147461,0.0,7.913140296936035,7.26861047744751,3.447026252746582,0.0,9.344951629638672,0.0,0.7667844891548157,3.246265411376953,12.381242752075195,1.6732169389724731,3.334280252456665,5.991761684417725,3.241055965423584,2.951218366622925,4.5134663581848145,8.964259147644043,2.2100670337677,5.312106132507324,16.150983810424805,8.477149963378906,7.159868240356445,4.605538368225098,4.300693511962891,4.530491352081299,4.210906982421875,3.4269349575042725,10.303973197937012,0.0,7.344898223876953,9.029626846313477
0.0,6.238424301147461,0.0,7.913140296936035,7.26861047744751,3.447026252746582,0.0,9.344951629638672,0.0,0.7667844891548157,3.246265411376953,12.381242752075195,1.6732169389724731,3.334280252456665,5.991761684417725,3.241055965423584,2.951218366622925,4.5134663581848145,8.964259147644043,2.2100670337677,5.312106132507324,16.150983810424805,8.477149963378906,7.159868240356445,4.605538368225098,4.300693511962891,4.530491352081299,4.210906982421875,3.4269349575042725,10.303973197937012,0.0,7.344898223876953,9.029626846313477
0.0,6.238424301147461,0.0,7.913140296936035,7.26861047744751,3.447026252746582,0.0,9.344951629638672,0.0,0.7667844891548157,3.246265411376953,12.381242752075195,1.6732169389724731,3.334280252456665,5.991761684417725,3.241055965423584,2.951218366622925,4.5134663581848145,8.964259147644043,2.2100670337677,5.312106132507324,16.150983810424805,8.477149963378906,7.159868240356445,4.605538368225098,4.300693511962891,4.530491352081299,4.210906982421875,3.4269349575042725,10.303973197937012,0.0,7.344898223876953,9.029626846313477
0.0,6.238424301147461,0.0,7.913140296936035,7.26861047744751,3.447026252746582,0.0,9.344951629638672,0.0,0.7667844891548157,3.246265411376953,12.381242752075195,1.6732169389724731,3.334280252456665,5.991761684417725,3.241055965423584,2.951218366622925,4.5134663581848145,8.964259147644043,2.2100670337677,5.312106132507324,16.150983810424805,8.477149963378906,7.159868240356445,4.605538368225098,4.300693511962891,4.530491352081299,4.210906982421875,3.4269349575042725,10.303973197937012,0.0,7.344898223876953,9.029626846313477
0.0,6.238424301147461,0.0,7.913140296936035,7.26861047744751,3.447026252746582,0.0,9.344951629638672,0.0,0.7667844891548157,3.246265411376953,12.381242752075195,1.6732169389724731,3.334280252456665,5.991761684417725,3.241055965423584,2.951218366622925,4.5134663581848145,8.964259147644043,2.2100670337677,5.312106132507324,16.150983810424805,8.477149963378906,7.159868240356445,4.605538368225098,4.300693511962891,4.530491352081299,4.210906982421875,3.4269349575042725,10.303973197937012,0.0,7.344898223876953,9.029626846313477
0.0,6.238424301147461,0.0,7.913140296936035,7.26861047744751,3.447026252746582,0.0,9.344951629638672,0.0,0.7667844891548157,3.246265411376953,12.381242752075195,1.6732169389724731,3.334280252456665,5.991761684417725,3.241055965423584,2.951218366622925,4.5134663581848145,8.964259147644043,2.2100670337677,5.312106132507324,16.150983810424805,8.477149963378906,7.159868240356445,4.605538368225098,4.300693511962891,4.530491352081299,4.210906982421875,3.4269349575042725,10.303973197937012,0.0,7.344898223876953,9.029626846313477
0.0,6.238424301147461,0.0,7.913140296936035,7.26861047744751,3.447026252746582,0.0,9.344951629638672,0.0,0.7667844891548157,3.246265411376953,12.381242752075195,1.6732169389724731,3.334280252456665,5.991761684417725,3.241055965423584,2.951218366622925,4.5134663581848145,8.964259147644043,2.2100670337677,5.312106132507324,16.150983810424805,8.477149963378906,7.159868240356445,4.605538368225098,4.300693511962891,4.530491352081299,4.210906982421875,3.4269349575042725,10.303973197937012,0.0,7.344898223876953,9.029626846313477
0.0,6.238424301147461,0.0,7.913140296936035,7.26861047744751,3.447026252746582,0.0,9.344951629638672,0.0,0.7667844891548157,3.246265411376953,12.381242752075195,1.6732169389724731,3.334280252456665,5.991761684417725,3.241055965423584,2.951218366622925,4.5134663581848145,8.964259147644043,2.2100670337677,5.312106132507324,16.150983810424805,8.477149963378906,7.159868240356445,4.605538368225098,4.300693511962891,4.530491352081299,4.210906982421875,3.4269349575042725,10.303973197937012,0.0,7.344898223876953,9.029626846313477
0.0,0.0,0.0,3.195495128631592,4.374827861785889,1.5169427394866943,0.0,5.907477378845215,0.0,6.817934513092041,5.161844253540039,10.605646133422852,5.992082595825195,1.2876778841018677,0.0,4.61118745803833,2.1136887073516846,0.0,0.0265838373452425,0.016807010397315025,0.0,12.842896461486816,7.253258228302002,2.325597047805786,0.0,3.8010361194610596,0.0,2.2584314346313477,4.775501728057861,8.625638961791992,0.0,0.5762813687324524,5.0979905128479
0.0,0.0,0.0,3.195495128631592,4.374827861785889,1.5169427394866943,0.0,5.907477378845215,0.0,6.817934513092041,5.161844253540039,10.605646133422852,5.992082595825195,1.2876778841018677,0.0,4.61118745803833,2.1136887073516846,0.0,0.0265838373452425,0.016807010397315025,0.0,12.842896461486816,7.253258228302002,2.325597047805786,0.0,3.8010361194610596,0.0,2.2584314346313477,4.775501728057861,8.625638961791992,0.0,0.5762813687324524,5.0979905128479
0.0,0.0,0.0,3.195495128631592,4.374827861785889,1.5169427394866943,0.0,5.907477378845215,0.0,6.817934513092041,5.161844253540039,10.605646133422852,5.992082595825195,1.2876778841018677,0.0,4.61118745803833,2.1136887073516846,0.0,0.0265838373452425,0.016807010397315025,0.0,12.842896461486816,7.253258228302002,2.325597047805786,0.0,3.8010361194610596,0.0,2.2584314346313477,4.775501728057861,8.625638961791992,0.0,0.5762813687324524,5.0979905128479
0.0,0.0,0.0,3.195495128631592,4.374827861785889,1.5169427394866943,0.0,5.907477378845215,0.0,6.817934513092041,5.161844253540039,10.605646133422852,5.992082595825195,1.2876778841018677,0.0,4.61118745803833,2.1136887073516846,0.0,0.0265838373452425,0.016807010397315025,0.0,12.842896461486816,7.253258228302002,2.325597047805786,0.0,3.8010361194610596,0.0,2.2584314346313477,4.775501728057861,8.625638961791992,0.0,0.5762813687324524,5.0979905128479
0.0,0.0,0.0,3.195495128631592,4.374827861785889,1.5169427394866943,0.0,5.907477378845215,0.0,6.817934513092041,5.161844253540039,10.605646133422852,5.992082595825195,1.2876778841018677,0.0,4.61118745803833,2.1136887073516846,0.0,0.0265838373452425,0.016807010397315025,0.0,12.842896461486816,7.253258228302002,2.325597047805786,0.0,3.8010361194610596,0.0,2.2584314346313477,4.775501728057861,8.625638961791992,0.0,0.5762813687324524,5.0979905128479
0.0,0.0,0.0,3.195495128631592,4.374827861785889,1.5169427394866943,0.0,5.907477378845215,0.0,6.817934513092041,5.161844253540039,10.605646133422852,5.992082595825195,1.2876778841018677,0.0,4.61118745803833,2.1136887073516846,0.0,0.0265838373452425,0.016807010397315025,0.0,12.842896461486816,7.253258228302002,2.325597047805786,0.0,3.8010361194610596,0.0,2.2584314346313477,4.775501728057861,8.625638961791992,0.0,0.5762813687324524,5.0979905128479
0.0,0.0,0.0,3.195495128631592,4.374827861785889,1.5169427394866943,0.0,5.907477378845215,0.0,6.817934513092041,5.161844253540039,10.605646133422852,5.992082595825195,1.2876778841018677,0.0,4.61118745803833,2.1136887073516846,0.0,0.0265838373452425,0.016807010397315025,0.0,12.842896461486816,7.253258228302002,2.325597047805786,0.0,3.8010361194610596,0.0,2.2584314346313477,4.775501728057861,8.625638961791992,0.0,0.5762813687324524,5.0979905128479
0.0,0.0,0.0,3.195495128631592,4.374827861785889,1.5169427394866943,0.0,5.907477378845215,0.0,6.817934513092041,5.161844253540039,10.605646133422852,5.992082595825195,1.2876778841018677,0.0,4.61118745803833,2.1136887073516846,0.0,0.0265838373452425,0.016807010397315025,0.0,12.842896461486816,7.253258228302002,2.325597047805786,0.0,3.8010361194610596,0.0,2.2584314346313477,4.775501728057861,8.625638961791992,0.0,0.5762813687324524,5.0979905128479
0.0,0.0,0.0,3.195495128631592,4.374827861785889,1.5169427394866943,0.0,5.907477378845215,0.0,6.817934513092041,5.161844253540039,10.605646133422852,5.992082595825195,1.2876778841018677,0.0,4.61118745803833,2.1136887073516846,0.0,0.0265838373452425,0.016807010397315025,0.0,12.842896461486816,7.253258228302002,2.325597047805786,0.0,3.8010361194610596,0.0,2.2584314346313477,4.775501728057861,8.625638961791992,0.0,0.5762813687324524,5.0979905128479
0.0,0.0,0.0,3.195495128631592,4.374827861785889,1.5169427394866943,0.0,5.907477378845215,0.0,6.817934513092041,5.161844253540039,10.605646133422852,5.992082595825195,1.2876778841018677,0.0,4.61118745803833,2.1136887073516846,0.0,0.0265838373452425,0.016807010397315025,0.0,12.842896461486816,7.253258228302002,2.325597047805786,0.0,3.8010361194610596,0.0,2.2584314346313477,4.775501728057861,8.625638961791992,0.0,0.5762813687324524,5.0979905128479
0.0,0.0,0.0,3.195495128631592,4.374827861785889,1.5169427394866943,0.0,5.907477378845215,0.0,6.817934513092041,5.161844253540039,10.605646133422852,5.992082595825195,1.2876778841018677,0.0,4.61118745803833,2.1136887073516846,0.0,0.0265838373452425,0.016807010397315025,0.0,12.842896461486816,7.253258228302002,2.325597047805786,0.0,3.8010361194610596,0.0,2.2584314346313477,4.775501728057861,8.625638961791992,0.0,0.5762813687324524,5.0979905128479
0.0,0.0,0.0,3.195495128631592,4.374827861785889,1.5169427394866943,0.0,5.907477378845215,0.0,6.817934513092041,5.161844253540039,10.605646133422852,5.992082595825195,1.2876778841018677,0.0,4.61118745803833,2.1136887073516846,0.0,0.0265838373452425,0.016807010397315025,0.0,12.842896461486816,7.253258228302002,2.325597047805786,0.0,3.8010361194610596,0.0,2.2584314346313477,4.775501728057861,8.625638961791992,0.0,0.5762813687324524,5.0979905128479
0.0,0.0,0.0,3.195495128631592,4.374827861785889,1.5169427394866943,0.0,5.907477378845215,0.0,6.817934513092041,5.161844253540039,10.605646133422852,5.992082595825195,1.2876778841018677,0.0,4.61118745803833,2.1136887073516846,0.0,0.0265838373452425,0.016807010397315025,0.0,12.842896461486816,7.253258228302002,2.325597047805786,0.0,3.8010361194610596,0.0,2.2584314346313477,4.775501728057861,8.625638961791992,0.0,0.5762813687324524,5.0979905128479
0.0,0.0,0.0,3.195495128631592,4.374827861785889,1.5169427394866943,0.0,5.907477378845215,0.0,6.817934513092041,5.161844253540039,10.605646133422852,5.992082595825195,1.2876778841018677,0.0,4.61118745803833,2.1136887073516846,0.0,0.0265838373452425,0.016807010397315025,0.0,12.842896461486816,7.253258228302002,2.325597047805786,0.0,3.8010361194610596,0.0,2.2584314346313477,4.775501728057861,8.625638961791992,0.0,0.5762813687324524,5.0979905128479
0.0,0.0,0.0,3.195495128631592,4.374827861785889,1.5169427394866943,0.0,5.907477378845215,0.0,6.817934513092041,5.161844253540039,10.605646133422852,5.992082595825195,1.2876778841018677,0.0,4.61118745803833,2.1136887073516846,0.0,0.0265838373452425,0.016807010397315025,0.0,12.842896461486816,7.253258228302002,2.325597047805786,0.0,3.8010361194610596,0.0,2.2584314346313477,4.775501728057861,8.625638961791992,0.0,0.5762813687324524,5.0979905128479
0.0,0.0,0.0,3.195495128631592,4.374827861785889,1.5169427394866943,0.0,5.907477378845215,0.0,6.817934513092041,5.161844253540039,10.605646133422852,5.992082595825195,1.2876778841018677,0.0,4.61118745803833,2.1136887073516846,0.0,0.0265838373452425,0.016807010397315025,0.0,12.842896461486816,7.253258228302002,2.325597047805786,0.0,3.8010361194610596,0.0,2.2584314346313477,4.775501728057861,8.625638961791992,0.0,0.5762813687324524,5.0979905128479
0.0,0.0,0.0,3.195495128631592,4.374827861785889,1.5169427394866943,0.0,5.907477378845215,0.0,6.817934513092041,5.161844253540039,10.605646133422852,5.992082595825195,1.2876778841018677,0.0,4.61118745803833,2.1136887073516846,0.0,0.0265838373452425,0.016807010397315025,0.0,12.842896461486816,7.253258228302002,2.325597047805786,0.0,3.8010361194610596,0.0,2.2584314346313477,4.775501728057861,8.625638961791992,0.0,0.5762813687324524,5.0979905128479
0.0,0.0,0.0,3.195495128631592,4.374827861785889,1.5169427394866943,0.0,5.907477378845215,0.0,6.817934513092041,5.161844253540039,10.605646133422852,5.992082595825195,1.2876778841018677,0.0,4.61118745803833,2.1136887073516846,0.0,0.0265838373452425,0.016807010397315025,0.0,12.842896461486816,7.253258228302002,2.325597047805786,0.0,3.8010361194610596,0.0,2.2584314346313477,4.775501728057861,8.625638961791992,0.0,0.5762813687324524,5.0979905128479
0.0,0.0,0.0,3.195495128631592,4.374827861785889,1.5169427394866943,0.0,5.907477378845215,0.0,6.817934513092041,5.161844253540039,10.605646133422852,5.992082595825195,1.2876778841018677,0.0,4.61118745803833,2.1136887073516846,0.0,0.0265838373452425,0.016807010397315025,0.0,12.842896461486816,7.253258228302002,2.325597047805786,0.0,3.8010361194610596,0.0,2.2584314346313477,4.775501728057861,8.625638961791992,0.0,0.5762813687324524,5.0979905128479
0.0,0.0,0.0,3.195495128631592,4.374827861785889,1.5169427394866943,0.0,5.907477378845215,0.0,6.817934513092041,5.161844253540039,10.605646133422852,5.992082595825195,1.2876778841018677,0.0,4.61118745803833,2.1136887073516846,0.0,0.0265838373452425,0.016807010397315025,0.0,12.842896461486816,7.253258228302002,2.325597047805786,0.0,3.8010361194610596,0.0,2.2584314346313477,4.775501728057861,8.625638961791992,0.0,0.5762813687324524,5.0979905128479
0.0,0.0,0.0,5.222265243530273,3.36354923248291,4.290709018707275,0.0,3.1957967281341553,0.0,1.8328766822814941,1.834215521812439,9.01656723022461,4.573078155517578,2.0097997188568115,0.0,3.496849775314331,4.799887657165527,0.0,0.30700159072875977,0.0,0.0,11.126506805419922,6.782937526702881,0.28799372911453247,0.0,3.464590072631836,0.0,3.9222235679626465,4.449240684509277,7.047784328460693,0.0,2.8278555870056152,3.909680128097534
0.0,0.0,0.0,5.222265243530273,3.36354923248291,4.290709018707275,0.0,3.1957967281341553,0.0,1.8328766822814941,1.834215521812439,9.01656723022461,4.573078155517578,2.0097997188568115,0.0,3.496849775314331,4.799887657165527,0.0,0.30700159072875977,0.0,0.0,11.126506805419922,6.782937526702881,0.28799372911453247,0.0,3.464590072631836,0.0,3.9222235679626465,4.449240684509277,7.047784328460693,0.0,2.8278555870056152,3.909680128097534
0.0,0.0,0.0,5.222265243530273,3.36354923248291,4.290709018707275,0.0,3.1957967281341553,0.0,1.8328766822814941,1.834215521812439,9.01656723022461,4.573078155517578,2.0097997188568115,0.0,3.496849775314331,4.799887657165527,0.0,0.30700159072875977,0.0,0.0,11.126506805419922,6.782937526702881,0.28799372911453247,0.0,3.464590072631836,0.0,3.9222235679626465,4.449240684509277,7.047784328460693,0.0,2.8278555870056152,3.909680128097534
0.0,0.0,0.0,5.222265243530273,3.36354923248291,4.290709018707275,0.0,3.1957967281341553,0.0,1.8328766822814941,1.834215521812439,9.01656723022461,4.573078155517578,2.0097997188568115,0.0,3.496849775314331,4.799887657165527,0.0,0.30700159072875977,0.0,0.0,11.126506805419922,6.782937526702881,0.28799372911453247,0.0,3.464590072631836,0.0,3.9222235679626465,4.449240684509277,7.047784328460693,0.0,2.8278555870056152,3.909680128097534
0.0,0.0,0.0,5.222265243530273,3.36354923248291,4.290709018707275,0.0,3.1957967281341553,0.0,1.8328766822814941,1.834215521812439,9.01656723022461,4.573078155517578,2.0097997188568115,0.0,3.496849775314331,4.799887657165527,0.0,0.30700159072875977,0.0,0.0,11.126506805419922,6.782937526702881,0.28799372911453247,0.0,3.464590072631836,0.0,3.9222235679626465,4.449240684509277,7.047784328460693,0.0,2.8278555870056152,3.909680128097534
0.0,0.0,0.0,5.222265243530273,3.36354923248291,4.290709018707275,0.0,3.1957967281341553,0.0,1.8328766822814941,1.834215521812439,9.01656723022461,4.573078155517578,2.0097997188568115,0.0,3.496849775314331,4.799887657165527,0.0,0.30700159072875977,0.0,0.0,11.126506805419922,6.782937526702881,0.28799372911453247,0.0,3.464590072631836,0.0,3.9222235679626465,4.449240684509277,7.047784328460693,0.0,2.8278555870056152,3.909680128097534
0.0,0.0,0.0,5.222265243530273,3.36354923248291,4.290709018707275,0.0,3.1957967281341553,0.0,1.8328766822814941,1.834215521812439,9.01656723022461,4.573078155517578,2.0097997188568115,0.0,3.496849775314331,4.799887657165527,0.0,0.30700159072875977,0.0,0.0,11.126506805419922,6.782937526702881,0.28799372911453247,0.0,3.464590072631836,0.0,3.9222235679626465,4.449240684509277,7.047784328460693,0.0,2.8278555870056152,3.909680128097534
0.0,0.0,0.0,5.222265243530273,3.36354923248291,4.290709018707275,0.0,3.1957967281341553,0.0,1.8328766822814941,1.834215521812439,9.01656723022461,4.573078155517578,2.0097997188568115,0.0,3.496849775314331,4.799887657165527,0.0,0.30700159072875977,0.0,0.0,11.126506805419922,6.782937526702881,0.28799372911453247,0.0,3.464590072631836,0.0,3.9222235679626465,4.449240684509277,7.047784328460693,0.0,2.8278555870056152,3.909680128097534
0.0,0.0,0.0,5.222265243530273,3.36354923248291,4.290709018707275,0.0,3.1957967281341553,0.0,1.8328766822814941,1.834215521812439,9.01656723022461,4.573078155517578,2.0097997188568115,0.0,3.496849775314331,4.799887657165527,0.0,0.30700159072875977,0.0,0.0,11.126506805419922,6.782937526702881,0.28799372911453247,0.0,3.464590072631836,0.0,3.9222235679626465,4.449240684509277,7.047784328460693,0.0,2.8278555870056152,3.909680128097534
0.0,0.0,0.0,5.222265243530273,3.36354923248291,4.290709018707275,0.0,3.1957967281341553,0.0,1.8328766822814941,1.834215521812439,9.01656723022461,4.573078155517578,2.0097997188568115,0.0,3.496849775314331,4.799887657165527,0.0,0.30700159072875977,0.0,0.0,11.126506805419922,6.782937526702881,0.28799372911453247,0.0,3.464590072631836,0.0,3.9222235679626465,4.449240684509277,7.047784328460693,0.0,2.8278555870056152,3.909680128097534
0.0,0.0,0.0,5.222265243530273,3.36354923248291,4.290709018707275,0.0,3.1957967281341553,0.0,1.8328766822814941,1.834215521812439,9.01656723022461,4.573078155517578,2.0097997188568115,0.0,3.496849775314331,4.799887657165527,0.0,0.30700159072875977,0.0,0.0,11.126506805419922,6.782937526702881,0.28799372911453247,0.0,3.464590072631836,0.0,3.9222235679626465,4.449240684509277,7.047784328460693,0.0,2.8278555870056152,3.909680128097534
0.0,0.0,0.0,5.222265243530273,3.36354923248291,4.290709018707275,0.0,3.1957967281341553,0.0,1.8328766822814941,1.834215521812439,9.01656723022461,4.573078155517578,2.0097997188568115,0.0,3.496849775314331,4.799887657165527,0.0,0.30700159072875977,0.0,0.0,11.126506805419922,6.782937526702881,0.28799372911453247,0.0,3.464590072631836,0.0,3.9222235679626465,4.449240684509277,7.047784328460693,0.0,2.8278555870056152,3.909680128097534
0.0,0.0,0.0,5.222265243530273,3.36354923248291,4.290709018707275,0.0,3.1957967281341553,0.0,1.8328766822814941,1.834215521812439,9.01656723022461,4.573078155517578,2.0097997188568115,0.0,3.496849775314331,4.799887657165527,0.0,0.30700159072875977,0.0,0.0,11.126506805419922,6.782937526702881,0.28799372911453247,0.0,3.464590072631836,0.0,3.9222235679626465,4.449240684509277,7.047784328460693,0.0,2.8278555870056152,3.909680128097534
0.0,0.0,0.0,5.222265243530273,3.36354923248291,4.290709018707275,0.0,3.1957967281341553,0.0,1.8328766822814941,1.834215521812439,9.01656723022461,4.573078155517578,2.0097997188568115,0.0,3.496849775314331,4.799887657165527,0.0,0.30700159072875977,0.0,0.0,11.126506805419922,6.782937526702881,0.28799372911453247,0.0,3.464590072631836,0.0,3.9222235679626465,4.449240684509277,7.047784328460693,0.0,2.8278555870056152,3.909680128097534
0.0,0.0,0.0,5.222265243530273,3.36354923248291,4.290709018707275,0.0,3.1957967281341553,0.0,1.8328766822814941,1.834215521812439,9.01656723022461,4.573078155517578,2.0097997188568115,0.0,3.496849775314331,4.799887657165527,0.0,0.30700159072875977,0.0,0.0,11.126506805419922,6.782937526702881,0.28799372911453247,0.0,3.464590072631836,0.0,3.9222235679626465,4.449240684509277,7.047784328460693,0.0,2.8278555870056152,3.909680128097534
0.0,0.0,0.0,5.222265243530273,3.36354923248291,4.290709018707275,0.0,3.1957967281341553,0.0,1.8328766822814941,1.834215521812439,9.01656723022461,4.573078155517578,2.0097997188568115,0.0,3.496849775314331,4.799887657165527,0.0,0.30700159072875977,0.0,0.0,11.126506805419922,6.782937526702881,0.28799372911453247,0.0,3.464590072631836,0.0,3.9222235679626465,4.449240684509277,7.047784328460693,0.0,2.8278555870056152,3.909680128097534
0.0,0.0,0.0,5.222265243530273,3.36354923248291,4.290709018707275,0.0,3.1957967281341553,0.0,1.8328766822814941,1.834215521812439,9.01656723022461,4.573078155517578,2.0097997188568115,0.0,3.496849775314331,4.799887657165527,0.0,0.30700159072875977,0.0,0.0,11.126506805419922,6.782937526702881,0.28799372911453247,0.0,3.464590072631836,0.0,3.9222235679626465,4.449240684509277,7.047784328460693,0.0,2.8278555870056152,3.909680128097534
0.0,0.0,0.0,5.222265243530273,3.36354923248291,4.290709018707275,0.0,3.1957967281341553,0.0,1.8328766822814941,1.834215521812439,9.01656723022461,4.573078155517578,2.0097997188568115,0.0,3.496849775314331,4.799887657165527,0.0,0.30700159072875977,0.0,0.0,11.126506805419922,6.782937526702881,0.28799372911453247,0.0,3.464590072631836,0.0,3.9222235679626465,4.449240684509277,7.047784328460693,0.0,2.8278555870056152,3.909680128097534
0.0,0.0,0.0,5.222265243530273,3.36354923248291,4.290709018707275,0.0,3.1957967281341553,0.0,1.8328766822814941,1.834215521812439,9.01656723022461,4.573078155517578,2.0097997188568115,0.0,3.496849775314331,4.799887657165527,0.0,0.30700159072875977,0.0,0.0,11.126506805419922,6.782937526702881,0.28799372911453247,0.0,3.464590072631836,0.0,3.9222235679626465,4.449240684509277,7.047784328460693,0.0,2.8278555870056152,3.909680128097534
0.0,0.0,0.0,5.222265243530273,3.36354923248291,4.290709018707275,0.0,3.1957967281341553,0.0,1.8328766822814941,1.834215521812439,9.01656723022461,4.573078155517578,2.0097997188568115,0.0,3.496849775314331,4.799887657165527,0.0,0.30700159072875977,0.0,0.0,11.126506805419922,6.782937526702881,0.28799372911453247,0.0,3.464590072631836,0.0,3.9222235679626465,4.449240684509277,7.047784328460693,0.0,2.8278555870056152,3.909680128097534
0.0,3.3692896366119385,0.0,6.816898345947266,5.556024074554443,3.38407301902771,0.0,6.244006156921387,0.0,0.603359043598175,2.788416624069214,11.034239768981934,2.680135726928711,3.1977789402008057,2.5100908279418945,3.7854690551757812,3.835442543029785,1.2188717126846313,5.481771945953369,1.7787630558013916,1.4011502265930176,14.57959270477295,8.649456024169922,3.9590890407562256,1.389866590499878,3.764664888381958,1.3463953733444214,3.977318286895752,3.7666571140289307,8.969666481018066,0.0,5.130638599395752,6.38128662109375
0.0,3.3692896366119385,0.0,6.816898345947266,5.556024074554443,3.38407301902771,0.0,6.244006156921387,0.0,0.603359043598175,2.788416624069214,11.034239768981934,2.680135726928711,3.1977789402008057,2.5100908279418945,3.7854690551757812,3.835442543029785,1.2188717126846313,5.481771945953369,1.7787630558013916,1.4011502265930176,14.57959270477295,8.649456024169922,3.9590890407562256,1.389866590499878,3.764664888381958,1.3463953733444214,3.977318286895752,3.7666571140289307,8.969666481018066,0.0,5.130638599395752,6.38128662109375
0.0,3.3692896366119385,0.0,6.816898345947266,5.556024074554443,3.38407301902771,0.0,6.244006156921387,0.0,0.603359043598175,2.788416624069214,11.034239768981934,2.680135726928711,3.1977789402008057,2.5100908279418945,3.7854690551757812,3.835442543029785,1.2188717126846313,5.481771945953369,1.7787630558013916,1.4011502265930176,14.57959270477295,8.649456024169922,3.9590890407562256,1.389866590499878,3.764664888381958,1.3463953733444214,3.977318286895752,3.7666571140289307,8.969666481018066,0.0,5.130638599395752,6.38128662109375
0.0,3.3692896366119385,0.0,6.816898345947266,5.556024074554443,3.38407301902771,0.0,6.244006156921387,0.0,0.603359043598175,2.788416624069214,11.034239768981934,2.680135726928711,3.1977789402008057,2.5100908279418945,3.7854690551757812,3.835442543029785,1.2188717126846313,5.481771945953369,1.7787630558013916,1.4011502265930176,14.57959270477295,8.649456024169922,3.9590890407562256,1.389866590499878,3.764664888381958,1.3463953733444214,3.977318286895752,3.7666571140289307,8.969666481018066,0.0,5.130638599395752,6.38128662109375
0.0,3.3692896366119385,0.0,6.816898345947266,5.556024074554443,3.38407301902771,0.0,6.244006156921387,0.0,0.603359043598175,2.788416624069214,11.034239768981934,2.680135726928711,3.1977789402008057,2.5100908279418945,3.7854690551757812,3.835442543029785,1.2188717126846313,5.481771945953369,1.7787630558013916,1.4011502265930176,14.57959270477295,8.649456024169922,3.9590890407562256,1.389866590499878,3.764664888381958,1.3463953733444214,3.977318286895752,3.7666571140289307,8.969666481018066,0.0,5.130638599395752,6.38128662109375
0.0,3.3692896366119385,0.0,6.816898345947266,5.556024074554443,3.38407301902771,0.0,6.244006156921387,0.0,0.603359043598175,2.788416624069214,11.034239768981934,2.680135726928711,3.1977789402008057,2.5100908279418945,3.7854690551757812,3.835442543029785,1.2188717126846313,5.481771945953369,1.7787630558013916,1.4011502265930176,14.57959270477295,8.649456024169922,3.9590890407562256,1.389866590499878,3.764664888381958,1.3463953733444214,3.977318286895752,3.7666571140289307,8.969666481018066,0.0,5.130638599395752,6.38128662109375
0.0,3.3692896366119385,0.0,6.816898345947266,5.556024074554443,3.38407301902771,0.0,6.244006156921387,0.0,0.603359043598175,2.788416624069214,11.034239768981934,2.680135726928711,3.1977789402008057,2.5100908279418945,3.7854690551757812,3.835442543029785,1.2188717126846313,5.481771945953369,1.7787630558013916,1.4011502265930176,14.57959270477295,8.649456024169922,3.9590890407562256,1.389866590499878,3.764664888381958,1.3463953733444214,3.977318286895752,3.7666571140289307,8.969666481018066,0.0,5.130638599395752,6.38128662109375
0.0,3.3692896366119385,0.0,6.816898345947266,5.556024074554443,3.38407301902771,0.0,6.244006156921387,0.0,0.603359043598175,2.788416624069214,11.034239768981934,2.680135726928711,3.1977789402008057,2.5100908279418945,3.7854690551757812,3.835442543029785,1.2188717126846313,5.481771945953369,1.7787630558013916,1.4011502265930176,14.57959270477295,8.649456024169922,3.9590890407562256,1.389866590499878,3.764664888381958,1.3463953733444214,3.977318286895752,3.7666571140289307,8.969666481018066,0.0,5.130638599395752,6.38128662109375
0.0,3.3692896366119385,0.0,6.816898345947266,5.556024074554443,3.38407301902771,0.0,6.244006156921387,0.0,0.603359043598175,2.788416624069214,11.034239768981934,2.680135726928711,3.1977789402008057,2.5100908279418945,3.7854690551757812,3.835442543029785,1.2188717126846313,5.481771945953369,1.7787630558013916,1.4011502265930176,14.57959270477295,8.649456024169922,3.9590890407562256,1.389866590499878,3.764664888381958,1.3463953733444214,3.977318286895752,3.7666571140289307,8.969666481018066,0.0,5.130638599395752,6.38128662109375
0.0,3.3692896366119385,0.0,6.816898345947266,5.556024074554443,3.38407301902771,0.0,6.244006156921387,0.0,0.603359043598175,2.788416624069214,11.034239768981934,2.680135726928711,3.1977789402008057,2.5100908279418945,3.7854690551757812,3.835442543029785,1.2188717126846313,5.481771945953369,1.7787630558013916,1.4011502265930176,14.57959270477295,8.649456024169922,3.9590890407562256,1.389866590499878,3.764664888381958,1.3463953733444214,3.977318286895752,3.7666571140289307,8.969666481018066,0.0,5.130638599395752,6.38128662109375
0.0,3.3692896366119385,0.0,6.816898345947266,5.556024074554443,3.38407301902771,0.0,6.244006156921387,0.0,0.603359043598175,2.788416624069214,11.034239768981934,2.680135726928711,3.1977789402008057,2.5100908279418945,3.7854690551757812,3.835442543029785,1.2188717126846313,5.481771945953369,1.7787630558013916,1.4011502265930176,14.57959270477295,8.649456024169922,3.9590890407562256,1.389866590499878,3.764664888381958,1.3463953733444214,3.977318286895752,3.7666571140289307,8.969666481018066,0.0,5.130638599395752,6.38128662109375
0.0,3.3692896366119385,0.0,6.816898345947266,5.556024074554443,3.38407301902771,0.0,6.244006156921387,0.0,0.603359043598175,2.788416624069214,11.034239768981934,2.680135726928711,3.1977789402008057,2.5100908279418945,3.7854690551757812,3.835442543029785,1.2188717126846313,5.481771945953369,1.7787630558013916,1.4011502265930176,14.57959270477295,8.649456024169922,3.9590890407562256,1.389866590499878,3.764664888381958,1.3463953733444214,3.977318286895752,3.7666571140289307,8.969666481018066,0.0,5.130638599395752,6.38128662109375
0.0,3.3692896366119385,0.0,6.816898345947266,5.556024074554443,3.38407301902771,0.0,6.244006156921387,0.0,0.603359043598175,2.788416624069214,11.034239768981934,2.680135726928711,3.1977789402008057,2.5100908279418945,3.7854690551757812,3.835442543029785,1.2188717126846313,5.481771945953369,1.7787630558013916,1.4011502265930176,14.57959270477295,8.649456024169922,3.9590890407562256,1.389866590499878,3.764664888381958,1.3463953733444214,3.977318286895752,3.7666571140289307,8.969666481018066,0.0,5.130638599395752,6.38128662109375
0.0,3.3692896366119385,0.0,6.816898345947266,5.556024074554443,3.38407301902771,0.0,6.244006156921387,0.0,0.603359043598175,2.788416624069214,11.034239768981934,2.680135726928711,3.1977789402008057,2.5100908279418945,3.7854690551757812,3.835442543029785,1.2188717126846313,5.481771945953369,1.7787630558013916,1.4011502265930176,14.57959270477295,8.649456024169922,3.9590890407562256,1.389866590499878,3.764664888381958,1.3463953733444214,3.977318286895752,3.7666571140289307,8.969666481018066,0.0,5.130638599395752,6.38128662109375
0.0,3.3692896366119385,0.0,6.816898345947266,5.556024074554443,3.38407301902771,0.0,6.244006156921387,0.0,0.603359043598175,2.788416624069214,11.034239768981934,2.680135726928711,3.1977789402008057,2.5100908279418945,3.7854690551757812,3.835442543029785,1.2188717126846313,5.481771945953369,1.7787630558013916,1.4011502265930176,14.57959270477295,8.649456024169922,3.9590890407562256,1.389866590499878,3.764664888381958,1.3463953733444214,3.977318286895752,3.7666571140289307,8.969666481018066,0.0,5.130638599395752,6.38128662109375
0.0,3.3692896366119385,0.0,6.816898345947266,5.556024074554443,3.38407301902771,0.0,6.244006156921387,0.0,0.603359043598175,2.788416624069214,11.034239768981934,2.680135726928711,3.1977789402008057,2.5100908279418945,3.7854690551757812,3.835442543029785,1.2188717126846313,5.481771945953369,1.7787630558013916,1.4011502265930176,14.57959270477295,8.649456024169922,3.9590890407562256,1.389866590499878,3.764664888381958,1.3463953733444214,3.977318286895752,3.7666571140289307,8.969666481018066,0.0,5.130638599395752,6.38128662109375
0.0,3.3692896366119385,0.0,6.816898345947266,5.556024074554443,3.38407301902771,0.0,6.244006156921387,0.0,0.603359043598175,2.788416624069214,11.034239768981934,2.680135726928711,3.1977789402008057,2.5100908279418945,3.7854690551757812,3.835442543029785,1.2188717126846313,5.481771945953369,1.7787630558013916,1.4011502265930176,14.57959270477295,8.649456024169922,3.9590890407562256,1.389866590499878,3.764664888381958,1.3463953733444214,3.977318286895752,3.7666571140289307,8.969666481018066,0.0,5.130638599395752,6.38128662109375
0.0,3.3692896366119385,0.0,6.816898345947266,5.556024074554443,3.38407301902771,0.0,6.244006156921387,0.0,0.603359043598175,2.788416624069214,11.034239768981934,2.680135726928711,3.1977789402008057,2.5100908279418945,3.7854690551757812,3.835442543029785,1.2188717126846313,5.481771945953369,1.7787630558013916,1.4011502265930176,14.57959270477295,8.649456024169922,3.9590890407562256,1.389866590499878,3.764664888381958,1.3463953733444214,3.977318286895752,3.7666571140289307,8.969666481018066,0.0,5.130638599395752,6.38128662109375
0.0,3.3692896366119385,0.0,6.816898345947266,5.556024074554443,3.38407301902771,0.0,6.244006156921387,0.0,0.603359043598175,2.788416624069214,11.034239768981934,2.680135726928711,3.1977789402008057,2.5100908279418945,3.7854690551757812,3.835442543029785,1.2188717126846313,5.481771945953369,1.7787630558013916,1.4011502265930176,14.57959270477295,8.649456024169922,3.9590890407562256,1.389866590499878,3.764664888381958,1.3463953733444214,3.977318286895752,3.7666571140289307,8.969666481018066,0.0,5.130638599395752,6.38128662109375
0.0,3.3692896366119385,0.0,6.816898345947266,5.556024074554443,3.38407301902771,0.0,6.244006156921387,0.0,0.603359043598175,2.788416624069214,11.034239768981934,2.680135726928711,3.1977789402008057,2.5100908279418945,3.7854690551757812,3.835442543029785,1.2188717126846313,5.481771945953369,1.7787630558013916,1.4011502265930176,14.57959270477295,8.649456024169922,3.9590890407562256,1.389866590499878,3.764664888381958,1.3463953733444214,3.977318286895752,3.7666571140289307,8.969666481018066,0.0,5.130638599395752,6.38128662109375
0.0,0.0,0.0,3.344158172607422,4.976975917816162,1.6739203929901123,0.0,6.273575305938721,0.0,6.986307144165039,5.281320095062256,11.306970596313477,6.331063270568848,1.166338324546814,0.0,4.664938449859619,2.5286812782287598,0.0,0.4657115340232849,0.0,0.0,13.053723335266113,7.554497241973877,2.5800042152404785,0.0,3.762561559677124,0.007118388544768095,2.3196191787719727,4.754772663116455,8.971390724182129,0.0,0.7435243725776672,5.400698661804199
0.0,0.0,0.0,3.344158172607422,4.976975917816162,1.6739203929901123,0.0,6.273575305938721,0.0,6.986307144165039,5.281320095062256,11.306970596313477,6.331063270568848,1.166338324546814,0.0,4.664938449859619,2.5286812782287598,0.0,0.4657115340232849,0.0,0.0,13.053723335266113,7.554497241973877,2.5800042152404785,0.0,3.762561559677124,0.007118388544768095,2.3196191787719727,4.754772663116455,8.971390724182129,0.0,0.7435243725776672,5.400698661804199
0.0,0.0,0.0,3.344158172607422,4.976975917816162,1.6739203929901123,0.0,6.273575305938721,0.0,6.986307144165039,5.281320095062256,11.306970596313477,6.331063270568848,1.166338324546814,0.0,4.664938449859619,2.5286812782287598,0.0,0.4657115340232849,0.0,0.0,13.053723335266113,7.554497241973877,2.5800042152404785,0.0,3.762561559677124,0.007118388544768095,2.3196191787719727,4.754772663116455,8.971390724182129,0.0,0.7435243725776672,5.400698661804199
0.0,0.0,0.0,3.344158172607422,4.976975917816162,1.6739203929901123,0.0,6.273575305938721,0.0,6.986307144165039,5.281320095062256,11.306970596313477,6.331063270568848,1.166338324546814,0.0,4.664938449859619,2.5286812782287598,0.0,0.4657115340232849,0.0,0.0,13.053723335266113,7.554497241973877,2.5800042152404785,0.0,3.762561559677124,0.007118388544768095,2.3196191787719727,4.754772663116455,8.971390724182129,0.0,0.7435243725776672,5.400698661804199
0.0,0.0,0.0,3.344158172607422,4.976975917816162,1.6739203929901123,0.0,6.273575305938721,0.0,6.986307144165039,5.281320095062256,11.306970596313477,6.331063270568848,1.166338324546814,0.0,4.664938449859619,2.5286812782287598,0.0,0.4657115340232849,0.0,0.0,13.053723335266113,7.554497241973877,2.5800042152404785,0.0,3.762561559677124,0.007118388544768095,2.3196191787719727,4.754772663116455,8.971390724182129,0.0,0.7435243725776672,5.400698661804199
0.0,0.0,0.0,3.344158172607422,4.976975917816162,1.6739203929901123,0.0,6.273575305938721,0.0,6.986307144165039,5.281320095062256,11.306970596313477,6.331063270568848,1.166338324546814,0.0,4.664938449859619,2.5286812782287598,0.0,0.4657115340232849,0.0,0.0,13.053723335266113,7.554497241973877,2.5800042152404785,0.0,3.762561559677124,0.007118388544768095,2.3196191787719727,4.754772663116455,8.971390724182129,0.0,0.7435243725776672,5.400698661804199
0.0,0.0,0.0,3.344158172607422,4.976975917816162,1.6739203929901123,0.0,6.273575305938721,0.0,6.986307144165039,5.281320095062256,11.306970596313477,6.331063270568848,1.166338324546814,0.0,4.664938449859619,2.5286812782287598,0.0,0.4657115340232849,0.0,0.0,13.053723335266113,7.554497241973877,2.5800042152404785,0.0,3.762561559677124,0.007118388544768095,2.3196191787719727,4.754772663116455,8.971390724182129,0.0,0.7435243725776672,5.400698661804199
0.0,0.0,0.0,3.344158172607422,4.976975917816162,1.6739203929901123,0.0,6.273575305938721,0.0,6.986307144165039,5.281320095062256,11.306970596313477,6.331063270568848,1.166338324546814,0.0,4.664938449859619,2.5286812782287598,0.0,0.4657115340232849,0.0,0.0,13.053723335266113,7.554497241973877,2.5800042152404785,0.0,3.762561559677124,0.007118388544768095,2.3196191787719727,4.754772663116455,8.971390724182129,0.0,0.7435243725776672,5.400698661804199
0.0,0.0,0.0,3.344158172607422,4.976975917816162,1.6739203929901123,0.0,6.273575305938721,0.0,6.986307144165039,5.281320095062256,11.306970596313477,6.331063270568848,1.166338324546814,0.0,4.664938449859619,2.5286812782287598,0.0,0.4657115340232849,0.0,0.0,13.053723335266113,7.554497241973877,2.5800042152404785,0.0,3.762561559677124,0.007118388544768095,2.3196191787719727,4.754772663116455,8.971390724182129,0.0,0.7435243725776672,5.400698661804199
0.0,0.0,0.0,3.344158172607422,4.976975917816162,1.6739203929901123,0.0,6.273575305938721,0.0,6.986307144165039,5.281320095062256,11.306970596313477,6.331063270568848,1.166338324546814,0.0,4.664938449859619,2.5286812782287598,0.0,0.4657115340232849,0.0,0.0,13.053723335266113,7.554497241973877,2.5800042152404785,0.0,3.762561559677124,0.007118388544768095,2.3196191787719727,4.754772663116455,8.971390724182129,0.0,0.7435243725776672,5.400698661804199
0.0,0.0,0.0,3.344158172607422,4.976975917816162,1.6739203929901123,0.0,6.273575305938721,0.0,6.986307144165039,5.281320095062256,11.306970596313477,6.331063270568848,1.166338324546814,0.0,4.664938449859619,2.5286812782287598,0.0,0.4657115340232849,0.0,0.0,13.053723335266113,7.554497241973877,2.5800042152404785,0.0,3.762561559677124,0.007118388544768095,2.3196191787719727,4.754772663116455,8.971390724182129,0.0,0.7435243725776672,5.400698661804199
0.0,0.0,0.0,3.344158172607422,4.976975917816162,1.6739203929901123,0.0,6.273575305938721,0.0,6.986307144165039,5.281320095062256,11.306970596313477,6.331063270568848,1.166338324546814,0.0,4.664938449859619,2.5286812782287598,0.0,0.4657115340232849,0.0,0.0,13.053723335266113,7.554497241973877,2.5800042152404785,0.0,3.762561559677124,0.007118388544768095,2.3196191787719727,4.754772663116455,8.971390724182129,0.0,0.7435243725776672,5.400698661804199
0.0,0.0,0.0,3.344158172607422,4.976975917816162,1.6739203929901123,0.0,6.273575305938721,0.0,6.986307144165039,5.281320095062256,11.306970596313477,6.331063270568848,1.166338324546814,0.0,4.664938449859619,2.5286812782287598,0.0,0.4657115340232849,0.0,0.0,13.053723335266113,7.554497241973877,2.5800042152404785,0.0,3.762561559677124,0.007118388544768095,2.3196191787719727,4.754772663116455,8.971390724182129,0.0,0.7435243725776672,5.400698661804199
0.0,0.0,0.0,3.344158172607422,4.976975917816162,1.6739203929901123,0.0,6.273575305938721,0.0,6.986307144165039,5.281320095062256,11.306970596313477,6.331063270568848,1.166338324546814,0.0,4.664938449859619,2.5286812782287598,0.0,0.4657115340232849,0.0,0.0,13.053723335266113,7.554497241973877,2.5800042152404785,0.0,3.762561559677124,0.007118388544768095,2.3196191787719727,4.754772663116455,8.971390724182129,0.0,0.7435243725776672,5.400698661804199
0.0,0.0,0.0,3.344158172607422,4.976975917816162,1.6739203929901123,0.0,6.273575305938721,0.0,6.986307144165039,5.281320095062256,11.306970596313477,6.331063270568848,1.166338324546814,0.0,4.664938449859619,2.5286812782287598,0.0,0.4657115340232849,0.0,0.0,13.053723335266113,7.554497241973877,2.5800042152404785,0.0,3.762561559677124,0.007118388544768095,2.3196191787719727,4.754772663116455,8.971390724182129,0.0,0.7435243725776672,5.400698661804199
0.0,0.0,0.0,3.344158172607422,4.976975917816162,1.6739203929901123,0.0,6.273575305938721,0.0,6.986307144165039,5.281320095062256,11.306970596313477,6.331063270568848,1.166338324546814,0.0,4.664938449859619,2.5286812782287598,0.0,0.4657115340232849,0.0,0.0,13.053723335266113,7.554497241973877,2.5800042152404785,0.0,3.762561559677124,0.007118388544768095,2.3196191787719727,4.754772663116455,8.971390724182129,0.0,0.7435243725776672,5.400698661804199
0.0,0.0,0.0,3.344158172607422,4.976975917816162,1.6739203929901123,0.0,6.273575305938721,0.0,6.986307144165039,5.281320095062256,11.306970596313477,6.331063270568848,1.166338324546814,0.0,4.664938449859619,2.5286812782287598,0.0,0.4657115340232849,0.0,0.0,13.053723335266113,7.554497241973877,2.5800042152404785,0.0,3.762561559677124,0.007118388544768095,2.3196191787719727,4.754772663116455,8.971390724182129,0.0,0.7435243725776672,5.400698661804199
0.0,0.0,0.0,3.344158172607422,4.976975917816162,1.6739203929901123,0.0,6.273575305938721,0.0,6.986307144165039,5.281320095062256,11.306970596313477,6.331063270568848,1.166338324546814,0.0,4.664938449859619,2.5286812782287598,0.0,0.4657115340232849,0.0,0.0,13.053723335266113,7.554497241973877,2.5800042152404785,0.0,3.762561559677124,0.007118388544768095,2.3196191787719727,4.754772663116455,8.971390724182129,0.0,0.7435243725776672,5.400698661804199
0.0,0.0,0.0,3.344158172607422,4.976975917816162,1.6739203929901123,0.0,6.273575305938721,0.0,6.986307144165039,5.281320095062256,11.306970596313477,6.331063270568848,1.166338324546814,0.0,4.664938449859619,2.5286812782287598,0.0,0.4657115340232849,0.0,0.0,13.053723335266113,7.554497241973877,2.5800042152404785,0.0,3.762561559677124,0.007118388544768095,2.3196191787719727,4.754772663116455,8.971390724182129,0.0,0.7435243725776672,5.400698661804199
0.0,0.0,0.0,3.344158172607422,4.976975917816162,1.6739203929901123,0.0,6.273575305938721,0.0,6.986307144165039,5.281320095062256,11.306970596313477,6.331063270568848,1.166338324546814,0.0,4.664938449859619,2.5286812782287598,0.0,0.4657115340232849,0.0,0.0,13.053723335266113,7.554497241973877,2.5800042152404785,0.0,3.762561559677124,0.007118388544768095,2.3196191787719727,4.754772663116455,8.971390724182129,0.0,0.7435243725776672,5.400698661804199
0.0,0.0,0.0,5.444151401519775,4.079824447631836,4.432103633880615,0.0,3.546569585800171,0.0,1.9964946508407593,1.870073914527893,9.895687103271484,5.098214149475098,1.8493508100509644,0.0,3.621572494506836,5.233290195465088,0.0,0.7733495235443115,0.0,0.0,11.255611419677734,7.092729568481445,0.4739261865615845,0.0,3.424008846282959,0.0,3.880584955215454,4.447856903076172,7.346513271331787,0.0,2.914308786392212,4.18112850189209
0.0,0.0,0.0,5.444151401519775,4.079824447631836,4.432103633880615,0.0,3.546569585800171,0.0,1.9964946508407593,1.870073914527893,9.895687103271484,5.098214149475098,1.8493508100509644,0.0,3.621572494506836,5.233290195465088,0.0,0.7733495235443115,0.0,0.0,11.255611419677734,7.092729568481445,0.4739261865615845,0.0,3.424008846282959,0.0,3.880584955215454,4.447856903076172,7.346513271331787,0.0,2.914308786392212,4.18112850189209
0.0,0.0,0.0,5.444151401519775,4.079824447631836,4.432103633880615,0.0,3.546569585800171,0.0,1.9964946508407593,1.870073914527893,9.895687103271484,5.098214149475098,1.8493508100509644,0.0,3.621572494506836,5.233290195465088,0.0,0.7733495235443115,0.0,0.0,11.255611419677734,7.092729568481445,0.4739261865615845,0.0,3.424008846282959,0.0,3.880584955215454,4.447856903076172,7.346513271331787,0.0,2.914308786392212,4.18112850189209
0.0,0.0,0.0,5.444151401519775,4.079824447631836,4.432103633880615,0.0,3.546569585800171,0.0,1.9964946508407593,1.870073914527893,9.895687103271484,5.098214149475098,1.8493508100509644,0.0,3.621572494506836,5.233290195465088,0.0,0.7733495235443115,0.0,0.0,11.255611419677734,7.092729568481445,0.4739261865615845,0.0,3.424008846282959,0.0,3.880584955215454,4.447856903076172,7.346513271331787,0.0,2.914308786392212,4.18112850189209
0.0,0.0,0.0,5.444151401519775,4.079824447631836,4.432103633880615,0.0,3.546569585800171,0.0,1.9964946508407593,1.870073914527893,9.895687103271484,5.098214149475098,1.8493508100509644,0.0,3.621572494506836,5.233290195465088,0.0,0.7733495235443115,0.0,0.0,11.255611419677734,7.092729568481445,0.4739261865615845,0.0,3.424008846282959,0.0,3.880584955215454,4.447856903076172,7.346513271331787,0.0,2.914308786392212,4.18112850189209
0.0,0.0,0.0,5.444151401519775,4.079824447631836,4.432103633880615,0.0,3.546569585800171,0.0,1.9964946508407593,1.870073914527893,9.895687103271484,5.098214149475098,1.8493508100509644,0.0,3.621572494506836,5.233290195465088,0.0,0.7733495235443115,0.0,0.0,11.255611419677734,7.092729568481445,0.4739261865615845,0.0,3.424008846282959,0.0,3.880584955215454,4.447856903076172,7.346513271331787,0.0,2.914308786392212,4.18112850189209
0.0,0.0,0.0,5.444151401519775,4.079824447631836,4.432103633880615,0.0,3.546569585800171,0.0,1.9964946508407593,1.870073914527893,9.895687103271484,5.098214149475098,1.8493508100509644,0.0,3.621572494506836,5.233290195465088,0.0,0.7733495235443115,0.0,0.0,11.255611419677734,7.092729568481445,0.4739261865615845,0.0,3.424008846282959,0.0,3.880584955215454,4.447856903076172,7.346513271331787,0.0,2.914308786392212,4.18112850189209
0.0,0.0,0.0,5.444151401519775,4.079824447631836,4.432103633880615,0.0,3.546569585800171,0.0,1.9964946508407593,1.870073914527893,9.895687103271484,5.098214149475098,1.8493508100509644,0.0,3.621572494506836,5.233290195465088,0.0,0.7733495235443115,0.0,0.0,11.255611419677734,7.092729568481445,0.4739261865615845,0.0,3.424008846282959,0.0,3.880584955215454,4.447856903076172,7.346513271331787,0.0,2.914308786392212,4.18112850189209
0.0,0.0,0.0,5.444151401519775,4.079824447631836,4.432103633880615,0.0,3.546569585800171,0.0,1.9964946508407593,1.870073914527893,9.895687103271484,5.098214149475098,1.8493508100509644,0.0,3.621572494506836,5.233290195465088,0.0,0.7733495235443115,0.0,0.0,11.255611419677734,7.092729568481445,0.4739261865615845,0.0,3.424008846282959,0.0,3.880584955215454,4.447856903076172,7.346513271331787,0.0,2.914308786392212,4.18112850189209
0.0,0.0,0.0,5.444151401519775,4.079824447631836,4.432103633880615,0.0,3.546569585800171,0.0,1.9964946508407593,1.870073914527893,9.895687103271484,5.098214149475098,1.8493508100509644,0.0,3.621572494506836,5.233290195465088,0.0,0.7733495235443115,0.0,0.0,11.255611419677734,7.092729568481445,0.4739261865615845,0.0,3.424008846282959,0.0,3.880584955215454,4.447856903076172,7.346513271331787,0.0,2.914308786392212,4.18112850189209
0.0,0.0,0.0,5.444151401519775,4.079824447631836,4.432103633880615,0.0,3.546569585800171,0.0,1.9964946508407593,1.870073914527893,9.895687103271484,5.098214149475098,1.8493508100509644,0.0,3.621572494506836,5.233290195465088,0.0,0.7733495235443115,0.0,0.0,11.255611419677734,7.092729568481445,0.4739261865615845,0.0,3.424008846282959,0.0,3.880584955215454,4.447856903076172,7.346513271331787,0.0,2.914308786392212,4.18112850189209
0.0,0.0,0.0,5.444151401519775,4.079824447631836,4.432103633880615,0.0,3.546569585800171,0.0,1.9964946508407593,1.870073914527893,9.895687103271484,5.098214149475098,1.8493508100509644,0.0,3.621572494506836,5.233290195465088,0.0,0.7733495235443115,0.0,0.0,11.255611419677734,7.092729568481445,0.4739261865615845,0.0,3.424008846282959,0.0,3.880584955215454,4.447856903076172,7.346513271331787,0.0,2.914308786392212,4.18112850189209
0.0,0.0,0.0,5.444151401519775,4.079824447631836,4.432103633880615,0.0,3.546569585800171,0.0,1.9964946508407593,1.870073914527893,9.895687103271484,5.098214149475098,1.8493508100509644,0.0,3.621572494506836,5.233290195465088,0.0,0.7733495235443115,0.0,0.0,11.255611419677734,7.092729568481445,0.4739261865615845,0.0,3.424008846282959,0.0,3.880584955215454,4.447856903076172,7.346513271331787,0.0,2.914308786392212,4.18112850189209
0.0,0.0,0.0,5.444151401519775,4.079824447631836,4.432103633880615,0.0,3.546569585800171,0.0,1.9964946508407593,1.870073914527893,9.895687103271484,5.098214149475098,1.8493508100509644,0.0,3.621572494506836,5.233290195465088,0.0,0.7733495235443115,0.0,0.0,11.255611419677734,7.092729568481445,0.4739261865615845,0.0,3.424008846282959,0.0,3.880584955215454,4.447856903076172,7.346513271331787,0.0,2.914308786392212,4.18112850189209
0.0,0.0,0.0,5.444151401519775,4.079824447631836,4.432103633880615,0.0,3.546569585800171,0.0,1.9964946508407593,1.870073914527893,9.895687103271484,5.098214149475098,1.8493508100509644,0.0,3.621572494506836,5.233290195465088,0.0,0.7733495235443115,0.0,0.0,11.255611419677734,7.092729568481445,0.4739261865615845,0.0,3.424008846282959,0.0,3.880584955215454,4.447856903076172,7.346513271331787,0.0,2.914308786392212,4.18112850189209
0.0,0.0,0.0,5.444151401519775,4.079824447631836,4.432103633880615,0.0,3.546569585800171,0.0,1.9964946508407593,1.870073914527893,9.895687103271484,5.098214149475098,1.8493508100509644,0.0,3.621572494506836,5.233290195465088,0.0,0.7733495235443115,0.0,0.0,11.255611419677734,7.092729568481445,0.4739261865615845,0.0,3.424008846282959,0.0,3.880584955215454,4.447856903076172,7.346513271331787,0.0,2.914308786392212,4.18112850189209
0.0,0.0,0.0,5.444151401519775,4.079824447631836,4.432103633880615,0.0,3.546569585800171,0.0,1.9964946508407593,1.870073914527893,9.895687103271484,5.098214149475098,1.8493508100509644,0.0,3.621572494506836,5.233290195465088,0.0,0.7733495235443115,0.0,0.0,11.255611419677734,7.092729568481445,0.4739261865615845,0.0,3.424008846282959,0.0,3.880584955215454,4.447856903076172,7.346513271331787,0.0,2.914308786392212,4.18112850189209
0.0,0.0,0.0,5.444151401519775,4.079824447631836,4.432103633880615,0.0,3.546569585800171,0.0,1.9964946508407593,1.870073914527893,9.895687103271484,5.098214149475098,1.8493508100509644,0.0,3.621572494506836,5.233290195465088,0.0,0.7733495235443115,0.0,0.0,11.255611419677734,7.092729568481445,0.4739261865615845,0.0,3.424008846282959,0.0,3.880584955215454,4.447856903076172,7.346513271331787,0.0,2.914308786392212,4.18112850189209
0.0,0.0,0.0,5.444151401519775,4.079824447631836,4.432103633880615,0.0,3.546569585800171,0.0,1.9964946508407593,1.870073914527893,9.895687103271484,5.098214149475098,1.8493508100509644,0.0,3.621572494506836,5.233290195465088,0.0,0.7733495235443115,0.0,0.0,11.255611419677734,7.092729568481445,0.4739261865615845,0.0,3.424008846282959,0.0,3.880584955215454,4.447856903076172,7.346513271331787,0.0,2.914308786392212,4.18112850189209
0.0,0.0,0.0,5.444151401519775,4.079824447631836,4.432103633880615,0.0,3.546569585800171,0.0,1.9964946508407593,1.870073914527893,9.895687103271484,5.098214149475098,1.8493508100509644,0.0,3.621572494506836,5.233290195465088,0.0,0.7733495235443115,0.0,0.0,11.255611419677734,7.092729568481445,0.4739261865615845,0.0,3.424008846282959,0.0,3.880584955215454,4.447856903076172,7.346513271331787,0.0,2.914308786392212,4.18112850189209
0.0,0.0,0.0,5.513483047485352,4.326243877410889,4.472776412963867,0.0,3.6697378158569336,0.0,2.0652856826782227,1.888435959815979,10.205445289611816,5.297749996185303,1.7899364233016968,0.0,3.639108657836914,5.37502384185791,0.0,0.940269947052002,0.0,0.0,11.294800758361816,7.210261821746826,0.5354369878768921,0.0,3.4304847717285156,0.0,3.865872621536255,4.459738254547119,7.4431328773498535,0.0,2.939883232116699,4.2818827629089355
0.0,0.0,0.0,5.513483047485352,4.326243877410889,4.472776412963867,0.0,3.6697378158569336,0.0,2.0652856826782227,1.888435959815979,10.205445289611816,5.297749996185303,1.7899364233016968,0.0,3.639108657836914,5.37502384185791,0.0,0.940269947052002,0.0,0.0,11.294800758361816,7.210261821746826,0.5354369878768921,0.0,3.4304847717285156,0.0,3.865872621536255,4.459738254547119,7.4431328773498535,0.0,2.939883232116699,4.2818827629089355
0.0,0.0,0.0,5.513483047485352,4.326243877410889,4.472776412963867,0.0,3.6697378158569336,0.0,2.0652856826782227,1.888435959815979,10.205445289611816,5.297749996185303,1.7899364233016968,0.0,3.639108657836914,5.37502384185791,0.0,0.940269947052002,0.0,0.0,11.294800758361816,7.210261821746826,0.5354369878768921,0.0,3.4304847717285156,0.0,3.865872621536255,4.459738254547119,7.4431328773498535,0.0,2.939883232116699,4.2818827629089355
0.0,0.0,0.0,5.513483047485352,4.326243877410889,4.472776412963867,0.0,3.6697378158569336,0.0,2.0652856826782227,1.888435959815979,10.205445289611816,5.297749996185303,1.7899364233016968,0.0,3.639108657836914,5.37502384185791,0.0,0.940269947052002,0.0,0.0,11.294800758361816,7.210261821746826,0.5354369878768921,0.0,3.4304847717285156,0.0,3.865872621536255,4.459738254547119,7.4431328773498535,0.0,2.939883232116699,4.2818827629089355
0.0,0.0,0.0,5.513483047485352,4.326243877410889,4.472776412963867,0.0,3.6697378158569336,0.0,2.0652856826782227,1.888435959815979,10.205445289611816,5.297749996185303,1.7899364233016968,0.0,3.639108657836914,5.37502384185791,0.0,0.940269947052002,0.0,0.0,11.294800758361816,7.210261821746826,0.5354369878768921,0.0,3.4304847717285156,0.0,3.865872621536255,4.459738254547119,7.4431328773498535,0.0,2.939883232116699,4.2818827629089355
0.0,0.0,0.0,5.513483047485352,4.326243877410889,4.472776412963867,0.0,3.6697378158569336,0.0,2.0652856826782227,1.888435959815979,10.205445289611816,5.297749996185303,1.7899364233016968,0.0,3.639108657836914,5.37502384185791,0.0,0.940269947052002,0.0,0.0,11.294800758361816,7.210261821746826,0.5354369878768921,0.0,3.4304847717285156,0.0,3.865872621536255,4.459738254547119,7.4431328773498535,0.0,2.939883232116699,4.2818827629089355
0.0,0.0,0.0,5.513483047485352,4.326243877410889,4.472776412963867,0.0,3.6697378158569336,0.0,2.0652856826782227,1.888435959815979,10.205445289611816,5.297749996185303,1.7899364233016968,0.0,3.639108657836914,5.37502384185791,0.0,0.940269947052002,0.0,0.0,11.294800758361816,7.210261821746826,0.5354369878768921,0.0,3.4304847717285156,0.0,3.865872621536255,4.459738254547119,7.4431328773498535,0.0,2.939883232116699,4.2818827629089355
0.0,0.0,0.0,5.513483047485352,4.326243877410889,4.472776412963867,0.0,3.6697378158569336,0.0,2.0652856826782227,1.888435959815979,10.205445289611816,5.297749996185303,1.7899364233016968,0.0,3.639108657836914,5.37502384185791,0.0,0.940269947052002,0.0,0.0,11.294800758361816,7.210261821746826,0.5354369878768921,0.0,3.4304847717285156,0.0,3.865872621536255,4.459738254547119,7.4431328773498535,0.0,2.939883232116699,4.2818827629089355
0.0,0.0,0.0,5.513483047485352,4.326243877410889,4.472776412963867,0.0,3.6697378158569336,0.0,2.0652856826782227,1.888435959815979,10.205445289611816,5.297749996185303,1.7899364233016968,0.0,3.639108657836914,5.37502384185791,0.0,0.940269947052002,0.0,0.0,11.294800758361816,7.210261821746826,0.5354369878768921,0.0,3.4304847717285156,0.0,3.865872621536255,4.459738254547119,7.4431328773498535,0.0,2.939883232116699,4.2818827629089355
0.0,0.0,0.0,5.513483047485352,4.326243877410889,4.472776412963867,0.0,3.6697378158569336,0.0,2.0652856826782227,1.888435959815979,10.205445289611816,5.297749996185303,1.7899364233016968,0.0,3.639108657836914,5.37502384185791,0.0,0.940269947052002,0.0,0.0,11.294800758361816,7.210261821746826,0.5354369878768921,0.0,3.4304847717285156,0.0,3.865872621536255,4.459738254547119,7.4431328773498535,0.0,2.939883232116699,4.2818827629089355
0.0,0.0,0.0,5.513483047485352,4.326243877410889,4.472776412963867,0.0,3.6697378158569336,0.0,2.0652856826782227,1.888435959815979,10.205445289611816,5.297749996185303,1.7899364233016968,0.0,3.639108657836914,5.37502384185791,0.0,0.940269947052002,0.0,0.0,11.294800758361816,7.210261821746826,0.5354369878768921,0.0,3.4304847717285156,0.0,3.865872621536255,4.459738254547119,7.4431328773498535,0.0,2.939883232116699,4.2818827629089355
0.0,0.0,0.0,5.513483047485352,4.326243877410889,4.472776412963867,0.0,3.6697378158569336,0.0,2.0652856826782227,1.888435959815979,10.205445289611816,5.297749996185303,1.7899364233016968,0.0,3.639108657836914,5.37502384185791,0.0,0.940269947052002,0.0,0.0,11.294800758361816,7.210261821746826,0.5354369878768921,0.0,3.4304847717285156,0.0,3.865872621536255,4.459738254547119,7.4431328773498535,0.0,2.939883232116699,4.2818827629089355
0.0,0.0,0.0,5.513483047485352,4.326243877410889,4.472776412963867,0.0,3.6697378158569336,0.0,2.0652856826782227,1.888435959815979,10.205445289611816,5.297749996185303,1.7899364233016968,0.0,3.639108657836914,5.37502384185791,0.0,0.940269947052002,0.0,0.0,11.294800758361816,7.210261821746826,0.5354369878768921,0.0,3.4304847717285156,0.0,3.865872621536255,4.459738254547119,7.4431328773498535,0.0,2.939883232116699,4.2818827629089355
0.0,0.0,0.0,5.513483047485352,4.326243877410889,4.472776412963867,0.0,3.6697378158569336,0.0,2.0652856826782227,1.888435959815979,10.205445289611816,5.297749996185303,1.7899364233016968,0.0,3.639108657836914,5.37502384185791,0.0,0.940269947052002,0.0,0.0,11.294800758361816,7.210261821746826,0.5354369878768921,0.0,3.4304847717285156,0.0,3.865872621536255,4.459738254547119,7.4431328773498535,0.0,2.939883232116699,4.2818827629089355
0.0,0.0,0.0,5.513483047485352,4.326243877410889,4.472776412963867,0.0,3.6697378158569336,0.0,2.0652856826782227,1.888435959815979,10.205445289611816,5.297749996185303,1.7899364233016968,0.0,3.639108657836914,5.37502384185791,0.0,0.940269947052002,0.0,0.0,11.294800758361816,7.210261821746826,0.5354369878768921,0.0,3.4304847717285156,0.0,3.865872621536255,4.459738254547119,7.4431328773498535,0.0,2.939883232116699,4.2818827629089355
0.0,0.0,0.0,5.513483047485352,4.326243877410889,4.472776412963867,0.0,3.6697378158569336,0.0,2.0652856826782227,1.888435959815979,10.205445289611816,5.297749996185303,1.7899364233016968,0.0,3.639108657836914,5.37502384185791,0.0,0.940269947052002,0.0,0.0,11.294800758361816,7.210261821746826,0.5354369878768921,0.0,3.4304847717285156,0.0,3.865872621536255,4.459738254547119,7.4431328773498535,0.0,2.939883232116699,4.2818827629089355
0.0,0.0,0.0,5.513483047485352,4.326243877410889,4.472776412963867,0.0,3.6697378158569336,0.0,2.0652856826782227,1.888435959815979,10.205445289611816,5.297749996185303,1.7899364233016968,0.0,3.639108657836914,5.37502384185791,0.0,0.940269947052002,0.0,0.0,11.294800758361816,7.210261821746826,0.5354369878768921,0.0,3.4304847717285156,0.0,3.865872621536255,4.459738254547119,7.4431328773498535,0.0,2.939883232116699,4.2818827629089355
0.0,0.0,0.0,5.513483047485352,4.326243877410889,4.472776412963867,0.0,3.6697378158569336,0.0,2.0652856826782227,1.888435959815979,10.205445289611816,5.297749996185303,1.7899364233016968,0.0,3.639108657836914,5.37502384185791,0.0,0.940269947052002,0.0,0.0,11.294800758361816,7.210261821746826,0.5354369878768921,0.0,3.4304847717285156,0.0,3.865872621536255,4.459738254547119,7.4431328773498535,0.0,2.939883232116699,4.2818827629089355
0.0,0.0,0.0,5.513483047485352,4.326243877410889,4.472776412963867,0.0,3.6697378158569336,0.0,2.0652856826782227,1.888435959815979,10.205445289611816,5.297749996185303,1.7899364233016968,0.0,3.639108657836914,5.37502384185791,0.0,0.940269947052002,0.0,0.0,11.294800758361816,7.210261821746826,0.5354369878768921,0.0,3.4304847717285156,0.0,3.865872621536255,4.459738254547119,7.4431328773498535,0.0,2.939883232116699,4.2818827629089355
0.0,0.0,0.0,5.513483047485352,4.326243877410889,4.472776412963867,0.0,3.6697378158569336,0.0,2.0652856826782227,1.888435959815979,10.205445289611816,5.297749996185303,1.7899364233016968,0.0,3.639108657836914,5.37502384185791,0.0,0.940269947052002,0.0,0.0,11.294800758361816,7.210261821746826,0.5354369878768921,0.0,3.4304847717285156,0.0,3.865872621536255,4.459738254547119,7.4431328773498535,0.0,2.939883232116699,4.2818827629089355
0.0,6.300291061401367,0.0,7.586051940917969,9.669724464416504,1.2706243991851807,0.0,11.508881568908691,0.0,4.1231794357299805,4.1584320068359375,15.389122009277344,4.568564414978027,2.106041669845581,5.716714382171631,3.3127291202545166,2.8833656311035156,4.261504173278809,9.142731666564941,1.16335129737854,5.113801956176758,16.563289642333984,8.821124076843262,9.320429801940918,6.373198509216309,4.908369541168213,5.59716796875,2.6569302082061768,3.885239362716675,13.198257446289062,0.0,5.838011264801025,9.785847663879395
0.0,6.300291061401367,0.0,7.586051940917969,9.669724464416504,1.2706243991851807,0.0,11.508881568908691,0.0,4.1231794357299805,4.1584320068359375,15.389122009277344,4.568564414978027,2.106041669845581,5.716714382171631,3.3127291202545166,2.8833656311035156,4.261504173278809,9.142731666564941,1.16335129737854,5.113801956176758,16.563289642333984,8.821124076843262,9.320429801940918,6.373198509216309,4.908369541168213,5.59716796875,2.6569302082061768,3.885239362716675,13.198257446289062,0.0,5.838011264801025,9.785847663879395
0.0,6.300291061401367,0.0,7.586051940917969,9.669724464416504,1.2706243991851807,0.0,11.508881568908691,0.0,4.1231794357299805,4.1584320068359375,15.389122009277344,4.568564414978027,2.106041669845581,5.716714382171631,3.3127291202545166,2.8833656311035156,4.261504173278809,9.142731666564941,1.16335129737854,5.113801956176758,16.563289642333984,8.821124076843262,9.320429801940918,6.373198509216309,4.908369541168213,5.59716796875,2.6569302082061768,3.885239362716675,13.198257446289062,0.0,5.838011264801025,9.785847663879395
0.0,6.300291061401367,0.0,7.586051940917969,9.669724464416504,1.2706243991851807,0.0,11.508881568908691,0.0,4.1231794357299805,4.1584320068359375,15.389122009277344,4.568564414978027,2.106041669845581,5.716714382171631,3.3127291202545166,2.8833656311035156,4.261504173278809,9.142731666564941,1.16335129737854,5.113801956176758,16.563289642333984,8.821124076843262,9.320429801940918,6.373198509216309,4.908369541168213,5.59716796875,2.6569302082061768,3.885239362716675,13.198257446289062,0.0,5.838011264801025,9.785847663879395
0.0,6.300291061401367,0.0,7.586051940917969,9.669724464416504,1.2706243991851807,0.0,11.508881568908691,0.0,4.1231794357299805,4.1584320068359375,15.389122009277344,4.568564414978027,2.106041669845581,5.716714382171631,3.3127291202545166,2.8833656311035156,4.261504173278809,9.142731666564941,1.16335129737854,5.113801956176758,16.563289642333984,8.821124076843262,9.320429801940918,6.373198509216309,4.908369541168213,5.59716796875,2.6569302082061768,3.885239362716675,13.198257446289062,0.0,5.838011264801025,9.785847663879395
0.0,6.300291061401367,0.0,7.586051940917969,9.669724464416504,1.2706243991851807,0.0,11.508881568908691,0.0,4.1231794357299805,4.1584320068359375,15.389122009277344,4.568564414978027,2.106041669845581,5.716714382171631,3.3127291202545166,2.8833656311035156,4.261504173278809,9.142731666564941,1.16335129737854,5.113801956176758,16.563289642333984,8.821124076843262,9.320429801940918,6.373198509216309,4.908369541168213,5.59716796875,2.6569302082061768,3.885239362716675,13.198257446289062,0.0,5.838011264801025,9.785847663879395
0.0,6.300291061401367,0.0,7.586051940917969,9.669724464416504,1.2706243991851807,0.0,11.508881568908691,0.0,4.1231794357299805,4.1584320068359375,15.389122009277344,4.568564414978027,2.106041669845581,5.716714382171631,3.3127291202545166,2.8833656311035156,4.261504173278809,9.142731666564941,1.16335129737854,5.113801956176758,16.563289642333984,8.821124076843262,9.320429801940918,6.373198509216309,4.908369541168213,5.59716796875,2.6569302082061768,3.885239362716675,13.198257446289062,0.0,5.838011264801025,9.785847663879395
0.0,6.300291061401367,0.0,7.586051940917969,9.669724464416504,1.2706243991851807,0.0,11.508881568908691,0.0,4.1231794357299805,4.1584320068359375,15.389122009277344,4.568564414978027,2.106041669845581,5.716714382171631,3.3127291202545166,2.8833656311035156,4.261504173278809,9.142731666564941,1.16335129737854,5.113801956176758,16.563289642333984,8.821124076843262,9.320429801940918,6.373198509216309,4.908369541168213,5.59716796875,2.6569302082061768,3.885239362716675,13.198257446289062,0.0,5.838011264801025,9.785847663879395
0.0,6.300291061401367,0.0,7.586051940917969,9.669724464416504,1.2706243991851807,0.0,11.508881568908691,0.0,4.1231794357299805,4.1584320068359375,15.389122009277344,4.568564414978027,2.106041669845581,5.716714382171631,3.3127291202545166,2.8833656311035156,4.261504173278809,9.142731666564941,1.16335129737854,5.113801956176758,16.563289642333984,8.821124076843262,9.320429801940918,6.373198509216309,4.908369541168213,5.59716796875,2.6569302082061768,3.885239362716675,13.198257446289062,0.0,5.838011264801025,9.785847663879395
0.0,6.300291061401367,0.0,7.586051940917969,9.669724464416504,1.2706243991851807,0.0,11.508881568908691,0.0,4.1231794357299805,4.1584320068359375,15.389122009277344,4.568564414978027,2.106041669845581,5.716714382171631,3.3127291202545166,2.8833656311035156,4.261504173278809,9.142731666564941,1.16335129737854,5.113801956176758,16.563289642333984,8.821124076843262,9.320429801940918,6.373198509216309,4.908369541168213,5.59716796875,2.6569302082061768,3.885239362716675,13.198257446289062,0.0,5.838011264801025,9.785847663879395
0.0,6.300291061401367,0.0,7.586051940917969,9.669724464416504,1.2706243991851807,0.0,11.508881568908691,0.0,4.1231794357299805,4.1584320068359375,15.389122009277344,4.568564414978027,2.106041669845581,5.716714382171631,3.3127291202545166,2.8833656311035156,4.261504173278809,9.142731666564941,1.16335129737854,5.113801956176758,16.563289642333984,8.821124076843262,9.320429801940918,6.373198509216309,4.908369541168213,5.59716796875,2.6569302082061768,3.885239362716675,13.198257446289062,0.0,5.838011264801025,9.785847663879395
0.0,6.300291061401367,0.0,7.586051940917969,9.669724464416504,1.2706243991851807,0.0,11.508881568908691,0.0,4.1231794357299805,4.1584320068359375,15.389122009277344,4.568564414978027,2.106041669845581,5.716714382171631,3.3127291202545166,2.8833656311035156,4.261504173278809,9.142731666564941,1.16335129737854,5.113801956176758,16.563289642333984,8.821124076843262,9.320429801940918,6.373198509216309,4.908369541168213,5.59716796875,2.6569302082061768,3.885239362716675,13.198257446289062,0.0,5.838011264801025,9.785847663879395
0.0,6.300291061401367,0.0,7.586051940917969,9.669724464416504,1.2706243991851807,0.0,11.508881568908691,0.0,4.1231794357299805,4.1584320068359375,15.389122009277344,4.568564414978027,2.106041669845581,5.716714382171631,3.3127291202545166,2.8833656311035156,4.261504173278809,9.142731666564941,1.16335129737854,5.113801956176758,16.563289642333984,8.821124076843262,9.320429801940918,6.373198509216309,4.908369541168213,5.59716796875,2.6569302082061768,3.885239362716675,13.198257446289062,0.0,5.838011264801025,9.785847663879395
0.0,6.300291061401367,0.0,7.586051940917969,9.669724464416504,1.2706243991851807,0.0,11.508881568908691,0.0,4.1231794357299805,4.1584320068359375,15.389122009277344,4.568564414978027,2.106041669845581,5.716714382171631,3.3127291202545166,2.8833656311035156,4.261504173278809,9.142731666564941,1.16335129737854,5.113801956176758,16.563289642333984,8.821124076843262,9.320429801940918,6.373198509216309,4.908369541168213,5.59716796875,2.6569302082061768,3.885239362716675,13.198257446289062,0.0,5.838011264801025,9.785847663879395
0.0,6.300291061401367,0.0,7.586051940917969,9.669724464416504,1.2706243991851807,0.0,11.508881568908691,0.0,4.1231794357299805,4.1584320068359375,15.389122009277344,4.568564414978027,2.106041669845581,5.716714382171631,3.3127291202545166,2.8833656311035156,4.261504173278809,9.142731666564941,1.16335129737854,5.113801956176758,16.563289642333984,8.821124076843262,9.320429801940918,6.373198509216309,4.908369541168213,5.59716796875,2.6569302082061768,3.885239362716675,13.198257446289062,0.0,5.838011264801025,9.785847663879395
0.0,6.300291061401367,0.0,7.586051940917969,9.669724464416504,1.2706243991851807,0.0,11.508881568908691,0.0,4.1231794357299805,4.1584320068359375,15.389122009277344,4.568564414978027,2.106041669845581,5.716714382171631,3.3127291202545166,2.8833656311035156,4.261504173278809,9.142731666564941,1.16335129737854,5.113801956176758,16.563289642333984,8.821124076843262,9.320429801940918,6.373198509216309,4.908369541168213,5.59716796875,2.6569302082061768,3.885239362716675,13.198257446289062,0.0,5.838011264801025,9.785847663879395
0.0,6.300291061401367,0.0,7.586051940917969,9.669724464416504,1.2706243991851807,0.0,11.508881568908691,0.0,4.1231794357299805,4.1584320068359375,15.389122009277344,4.568564414978027,2.106041669845581,5.716714382171631,3.3127291202545166,2.8833656311035156,4.261504173278809,9.142731666564941,1.16335129737854,5.113801956176758,16.563289642333984,8.821124076843262,9.320429801940918,6.373198509216309,4.908369541168213,5.59716796875,2.6569302082061768,3.885239362716675,13.198257446289062,0.0,5.838011264801025,9.785847663879395
0.0,6.300291061401367,0.0,7.586051940917969,9.669724464416504,1.2706243991851807,0.0,11.508881568908691,0.0,4.1231794357299805,4.1584320068359375,15.389122009277344,4.568564414978027,2.106041669845581,5.716714382171631,3.3127291202545166,2.8833656311035156,4.261504173278809,9.142731666564941,1.16335129737854,5.113801956176758,16.563289642333984,8.821124076843262,9.320429801940918,6.373198509216309,4.908369541168213,5.59716796875,2.6569302082061768,3.885239362716675,13.198257446289062,0.0,5.838011264801025,9.785847663879395
0.0,6.300291061401367,0.0,7.586051940917969,9.669724464416504,1.2706243991851807,0.0,11.508881568908691,0.0,4.1231794357299805,4.1584320068359375,15.389122009277344,4.568564414978027,2.106041669845581,5.716714382171631,3.3127291202545166,2.8833656311035156,4.261504173278809,9.142731666564941,1.16335129737854,5.113801956176758,16.563289642333984,8.821124076843262,9.320429801940918,6.373198509216309,4.908369541168213,5.59716796875,2.6569302082061768,3.885239362716675,13.198257446289062,0.0,5.838011264801025,9.785847663879395
0.0,6.300291061401367,0.0,7.586051940917969,9.669724464416504,1.2706243991851807,0.0,11.508881568908691,0.0,4.1231794357299805,4.1584320068359375,15.389122009277344,4.568564414978027,2.106041669845581,5.716714382171631,3.3127291202545166,2.8833656311035156,4.261504173278809,9.142731666564941,1.16335129737854,5.113801956176758,16.563289642333984,8.821124076843262,9.320429801940918,6.373198509216309,4.908369541168213,5.59716796875,2.6569302082061768,3.885239362716675,13.198257446289062,0.0,5.838011264801025,9.785847663879395
0.0,5.484668254852295,0.0,5.97811222076416,8.747119903564453,0.5889147520065308,0.0,11.304313659667969,0.0,5.464785099029541,5.6846208572387695,13.717057228088379,3.5965323448181152,1.6593493223190308,5.133930206298828,4.6852641105651855,1.8439500331878662,2.5110607147216797,7.182693004608154,0.7890436053276062,4.504223823547363,16.562511444091797,9.021034240722656,8.157781600952148,5.381166934967041,4.31123685836792,4.805717945098877,2.4689836502075195,4.695117473602295,12.499984741210938,0.0,5.252627849578857,8.92620849609375
0.0,5.484668254852295,0.0,5.97811222076416,8.747119903564453,0.5889147520065308,0.0,11.304313659667969,0.0,5.464785099029541,5.6846208572387695,13.717057228088379,3.5965323448181152,1.6593493223190308,5.133930206298828,4.6852641105651855,1.8439500331878662,2.5110607147216797,7.182693004608154,0.7890436053276062,4.504223823547363,16.562511444091797,9.021034240722656,8.157781600952148,5.381166934967041,4.31123685836792,4.805717945098877,2.4689836502075195,4.695117473602295,12.499984741210938,0.0,5.252627849578857,8.92620849609375
0.0,5.484668254852295,0.0,5.97811222076416,8.747119903564453,0.5889147520065308,0.0,11.304313659667969,0.0,5.464785099029541,5.6846208572387695,13.717057228088379,3.5965323448181152,1.6593493223190308,5.133930206298828,4.6852641105651855,1.8439500331878662,2.5110607147216797,7.182693004608154,0.7890436053276062,4.504223823547363,16.562511444091797,9.021034240722656,8.157781600952148,5.381166934967041,4.31123685836792,4.805717945098877,2.4689836502075195,4.695117473602295,12.499984741210938,0.0,5.252627849578857,8.92620849609375
0.0,5.484668254852295,0.0,5.97811222076416,8.747119903564453,0.5889147520065308,0.0,11.304313659667969,0.0,5.464785099029541,5.6846208572387695,13.717057228088379,3.5965323448181152,1.6593493223190308,5.133930206298828,4.6852641105651855,1.8439500331878662,2.5110607147216797,7.182693004608154,0.7890436053276062,4.504223823547363,16.562511444091797,9.021034240722656,8.157781600952148,5.381166934967041,4.31123685836792,4.805717945098877,2.4689836502075195,4.695117473602295,12.499984741210938,0.0,5.252627849578857,8.92620849609375
0.0,5.484668254852295,0.0,5.97811222076416,8.747119903564453,0.5889147520065308,0.0,11.304313659667969,0.0,5.464785099029541,5.6846208572387695,13.717057228088379,3.5965323448181152,1.6593493223190308,5.133930206298828,4.6852641105651855,1.8439500331878662,2.5110607147216797,7.182693004608154,0.7890436053276062,4.504223823547363,16.562511444091797,9.021034240722656,8.157781600952148,5.381166934967041,4.31123685836792,4.805717945098877,2.4689836502075195,4.695117473602295,12.499984741210938,0.0,5.252627849578857,8.92620849609375
0.0,5.484668254852295,0.0,5.97811222076416,8.747119903564453,0.5889147520065308,0.0,11.304313659667969,0.0,5.464785099029541,5.6846208572387695,13.717057228088379,3.5965323448181152,1.6593493223190308,5.133930206298828,4.6852641105651855,1.8439500331878662,2.5110607147216797,7.182693004608154,0.7890436053276062,4.504223823547363,16.562511444091797,9.021034240722656,8.157781600952148,5.381166934967041,4.31123685836792,4.805717945098877,2.4689836502075195,4.695117473602295,12.499984741210938,0.0,5.252627849578857,8.92620849609375
0.0,5.484668254852295,0.0,5.97811222076416,8.747119903564453,0.5889147520065308,0.0,11.304313659667969,0.0,5.464785099029541,5.6846208572387695,13.717057228088379,3.5965323448181152,1.6593493223190308,5.133930206298828,4.6852641105651855,1.8439500331878662,2.5110607147216797,7.182693004608154,0.7890436053276062,4.504223823547363,16.562511444091797,9.021034240722656,8.157781600952148,5.381166934967041,4.31123685836792,4.805717945098877,2.4689836502075195,4.695117473602295,12.499984741210938,0.0,5.252627849578857,8.92620849609375
0.0,5.484668254852295,0.0,5.97811222076416,8.747119903564453,0.5889147520065308,0.0,11.304313659667969,0.0,5.464785099029541,5.6846208572387695,13.717057228088379,3.5965323448181152,1.6593493223190308,5.133930206298828,4.6852641105651855,1.8439500331878662,2.5110607147216797,7.182693004608154,0.7890436053276062,4.504223823547363,16.562511444091797,9.021034240722656,8.157781600952148,5.381166934967041,4.31123685836792,4.805717945098877,2.4689836502075195,4.695117473602295,12.499984741210938,0.0,5.252627849578857,8.92620849609375
0.0,5.484668254852295,0.0,5.97811222076416,8.747119903564453,0.5889147520065308,0.0,11.304313659667969,0.0,5.464785099029541,5.6846208572387695,13.717057228088379,3.5965323448181152,1.6593493223190308,5.133930206298828,4.6852641105651855,1.8439500331878662,2.5110607147216797,7.182693004608154,0.7890436053276062,4.504223823547363,16.562511444091797,9.021034240722656,8.157781600952148,5.381166934967041,4.31123685836792,4.805717945098877,2.4689836502075195,4.695117473602295,12.499984741210938,0.0,5.252627849578857,8.92620849609375
0.0,5.484668254852295,0.0,5.97811222076416,8.747119903564453,0.5889147520065308,0.0,11.304313659667969,0.0,5.464785099029541,5.6846208572387695,13.717057228088379,3.5965323448181152,1.6593493223190308,5.133930206298828,4.6852641105651855,1.8439500331878662,2.5110607147216797,7.182693004608154,0.7890436053276062,4.504223823547363,16.562511444091797,9.021034240722656,8.157781600952148,5.381166934967041,4.31123685836792,4.805717945098877,2.4689836502075195,4.695117473602295,12.499984741210938,0.0,5.252627849578857,8.92620849609375
0.0,5.484668254852295,0.0,5.97811222076416,8.747119903564453,0.5889147520065308,0.0,11.304313659667969,0.0,5.464785099029541,5.6846208572387695,13.717057228088379,3.5965323448181152,1.6593493223190308,5.133930206298828,4.6852641105651855,1.8439500331878662,2.5110607147216797,7.182693004608154,0.7890436053276062,4.504223823547363,16.562511444091797,9.021034240722656,8.157781600952148,5.381166934967041,4.31123685836792,4.805717945098877,2.4689836502075195,4.695117473602295,12.499984741210938,0.0,5.252627849578857,8.92620849609375
0.0,5.484668254852295,0.0,5.97811222076416,8.747119903564453,0.5889147520065308,0.0,11.304313659667969,0.0,5.464785099029541,5.6846208572387695,13.717057228088379,3.5965323448181152,1.6593493223190308,5.133930206298828,4.6852641105651855,1.8439500331878662,2.5110607147216797,7.182693004608154,0.7890436053276062,4.504223823547363,16.562511444091797,9.021034240722656,8.157781600952148,5.381166934967041,4.31123685836792,4.805717945098877,2.4689836502075195,4.695117473602295,12.499984741210938,0.0,5.252627849578857,8.92620849609375
0.0,5.484668254852295,0.0,5.97811222076416,8.747119903564453,0.5889147520065308,0.0,11.304313659667969,0.0,5.464785099029541,5.6846208572387695,13.717057228088379,3.5965323448181152,1.6593493223190308,5.133930206298828,4.6852641105651855,1.8439500331878662,2.5110607147216797,7.182693004608154,0.7890436053276062,4.504223823547363,16.562511444091797,9.021034240722656,8.157781600952148,5.381166934967041,4.31123685836792,4.805717945098877,2.4689836502075195,4.695117473602295,12.499984741210938,0.0,5.252627849578857,8.92620849609375
0.0,5.484668254852295,0.0,5.97811222076416,8.747119903564453,0.5889147520065308,0.0,11.304313659667969,0.0,5.464785099029541,5.6846208572387695,13.717057228088379,3.5965323448181152,1.6593493223190308,5.133930206298828,4.6852641105651855,1.8439500331878662,2.5110607147216797,7.182693004608154,0.7890436053276062,4.504223823547363,16.562511444091797,9.021034240722656,8.157781600952148,5.381166934967041,4.31123685836792,4.805717945098877,2.4689836502075195,4.695117473602295,12.499984741210938,0.0,5.252627849578857,8.92620849609375
0.0,5.484668254852295,0.0,5.97811222076416,8.747119903564453,0.5889147520065308,0.0,11.304313659667969,0.0,5.464785099029541,5.6846208572387695,13.717057228088379,3.5965323448181152,1.6593493223190308,5.133930206298828,4.6852641105651855,1.8439500331878662,2.5110607147216797,7.182693004608154,0.7890436053276062,4.504223823547363,16.562511444091797,9.021034240722656,8.157781600952148,5.381166934967041,4.31123685836792,4.805717945098877,2.4689836502075195,4.695117473602295,12.499984741210938,0.0,5.252627849578857,8.92620849609375
0.0,5.484668254852295,0.0,5.97811222076416,8.747119903564453,0.5889147520065308,0.0,11.304313659667969,0.0,5.464785099029541,5.6846208572387695,13.717057228088379,3.5965323448181152,1.6593493223190308,5.133930206298828,4.6852641105651855,1.8439500331878662,2.5110607147216797,7.182693004608154,0.7890436053276062,4.504223823547363,16.562511444091797,9.021034240722656,8.157781600952148,5.381166934967041,4.31123685836792,4.805717945098877,2.4689836502075195,4.695117473602295,12.499984741210938,0.0,5.252627849578857,8.92620849609375
0.0,5.484668254852295,0.0,5.97811222076416,8.747119903564453,0.5889147520065308,0.0,11.304313659667969,0.0,5.464785099029541,5.6846208572387695,13.717057228088379,3.5965323448181152,1.6593493223190308,5.133930206298828,4.6852641105651855,1.8439500331878662,2.5110607147216797,7.182693004608154,0.7890436053276062,4.504223823547363,16.562511444091797,9.021034240722656,8.157781600952148,5.381166934967041,4.31123685836792,4.805717945098877,2.4689836502075195,4.695117473602295,12.499984741210938,0.0,5.252627849578857,8.92620849609375
0.0,5.484668254852295,0.0,5.97811222076416,8.747119903564453,0.5889147520065308,0.0,11.304313659667969,0.0,5.464785099029541,5.6846208572387695,13.717057228088379,3.5965323448181152,1.6593493223190308,5.133930206298828,4.6852641105651855,1.8439500331878662,2.5110607147216797,7.182693004608154,0.7890436053276062,4.504223823547363,16.562511444091797,9.021034240722656,8.157781600952148,5.381166934967041,4.31123685836792,4.805717945098877,2.4689836502075195,4.695117473602295,12.499984741210938,0.0,5.252627849578857,8.92620849609375
0.0,5.484668254852295,0.0,5.97811222076416,8.747119903564453,0.5889147520065308,0.0,11.304313659667969,0.0,5.464785099029541,5.6846208572387695,13.717057228088379,3.5965323448181152,1.6593493223190308,5.133930206298828,4.6852641105651855,1.8439500331878662,2.5110607147216797,7.182693004608154,0.7890436053276062,4.504223823547363,16.562511444091797,9.021034240722656,8.157781600952148,5.381166934967041,4.31123685836792,4.805717945098877,2.4689836502075195,4.695117473602295,12.499984741210938,0.0,5.252627849578857,8.92620849609375
0.0,5.484668254852295,0.0,5.97811222076416,8.747119903564453,0.5889147520065308,0.0,11.304313659667969,0.0,5.464785099029541,5.6846208572387695,13.717057228088379,3.5965323448181152,1.6593493223190308,5.133930206298828,4.6852641105651855,1.8439500331878662,2.5110607147216797,7.182693004608154,0.7890436053276062,4.504223823547363,16.562511444091797,9.021034240722656,8.157781600952148,5.381166934967041,4.31123685836792,4.805717945098877,2.4689836502075195,4.695117473602295,12.499984741210938,0.0,5.252627849578857,8.92620849609375
0.0,0.0,0.0,3.601041793823242,5.948278903961182,1.9070271253585815,0.0,6.725525856018066,0.0,7.367986679077148,5.489616870880127,12.469087600708008,7.0005083084106445,1.1140869855880737,0.0,4.656284332275391,3.269134759902954,0.0,1.0117685794830322,0.0,0.0,13.420331001281738,8.035174369812012,2.783461809158325,0.0,3.872563362121582,0.05261431634426117,2.468801498413086,4.764179229736328,9.43156623840332,0.0,0.9325631260871887,5.832616806030273
0.0,0.0,0.0,3.601041793823242,5.948278903961182,1.9070271253585815,0.0,6.725525856018066,0.0,7.367986679077148,5.489616870880127,12.469087600708008,7.0005083084106445,1.1140869855880737,0.0,4.656284332275391,3.269134759902954,0.0,1.0117685794830322,0.0,0.0,13.420331001281738,8.035174369812012,2.783461809158325,0.0,3.872563362121582,0.05261431634426117,2.468801498413086,4.764179229736328,9.43156623840332,0.0,0.9325631260871887,5.832616806030273
0.0,0.0,0.0,3.601041793823242,5.948278903961182,1.9070271253585815,0.0,6.725525856018066,0.0,7.367986679077148,5.489616870880127,12.469087600708008,7.0005083084106445,1.1140869855880737,0.0,4.656284332275391,3.269134759902954,0.0,1.0117685794830322,0.0,0.0,13.420331001281738,8.035174369812012,2.783461809158325,0.0,3.872563362121582,0.05261431634426117,2.468801498413086,4.764179229736328,9.43156623840332,0.0,0.9325631260871887,5.832616806030273
0.0,0.0,0.0,3.601041793823242,5.948278903961182,1.9070271253585815,0.0,6.725525856018066,0.0,7.367986679077148,5.489616870880127,12.469087600708008,7.0005083084106445,1.1140869855880737,0.0,4.656284332275391,3.269134759902954,0.0,1.0117685794830322,0.0,0.0,13.420331001281738,8.035174369812012,2.783461809158325,0.0,3.872563362121582,0.05261431634426117,2.468801498413086,4.764179229736328,9.43156623840332,0.0,0.9325631260871887,5.832616806030273
0.0,0.0,0.0,3.601041793823242,5.948278903961182,1.9070271253585815,0.0,6.725525856018066,0.0,7.367986679077148,5.489616870880127,12.469087600708008,7.0005083084106445,1.1140869855880737,0.0,4.656284332275391,3.269134759902954,0.0,1.0117685794830322,0.0,0.0,13.420331001281738,8.035174369812012,2.783461809158325,0.0,3.872563362121582,0.05261431634426117,2.468801498413086,4.764179229736328,9.43156623840332,0.0,0.9325631260871887,5.832616806030273
0.0,0.0,0.0,3.601041793823242,5.948278903961182,1.9070271253585815,0.0,6.725525856018066,0.0,7.367986679077148,5.489616870880127,12.469087600708008,7.0005083084106445,1.1140869855880737,0.0,4.656284332275391,3.269134759902954,0.0,1.0117685794830322,0.0,0.0,13.420331001281738,8.035174369812012,2.783461809158325,0.0,3.872563362121582,0.05261431634426117,2.468801498413086,4.764179229736328,9.43156623840332,0.0,0.9325631260871887,5.832616806030273
0.0,0.0,0.0,3.601041793823242,5.948278903961182,1.9070271253585815,0.0,6.725525856018066,0.0,7.367986679077148,5.489616870880127,12.469087600708008,7.0005083084106445,1.1140869855880737,0.0,4.656284332275391,3.269134759902954,0.0,1.0117685794830322,0.0,0.0,13.420331001281738,8.035174369812012,2.783461809158325,0.0,3.872563362121582,0.05261431634426117,2.468801498413086,4.764179229736328,9.43156623840332,0.0,0.9325631260871887,5.832616806030273
0.0,0.0,0.0,3.601041793823242,5.948278903961182,1.9070271253585815,0.0,6.725525856018066,0.0,7.367986679077148,5.489616870880127,12.469087600708008,7.0005083084106445,1.1140869855880737,0.0,4.656284332275391,3.269134759902954,0.0,1.0117685794830322,0.0,0.0,13.420331001281738,8.035174369812012,2.783461809158325,0.0,3.872563362121582,0.05261431634426117,2.468801498413086,4.764179229736328,9.43156623840332,0.0,0.9325631260871887,5.832616806030273
0.0,0.0,0.0,3.601041793823242,5.948278903961182,1.9070271253585815,0.0,6.725525856018066,0.0,7.367986679077148,5.489616870880127,12.469087600708008,7.0005083084106445,1.1140869855880737,0.0,4.656284332275391,3.269134759902954,0.0,1.0117685794830322,0.0,0.0,13.420331001281738,8.035174369812012,2.783461809158325,0.0,3.872563362121582,0.05261431634426117,2.468801498413086,4.764179229736328,9.43156623840332,0.0,0.9325631260871887,5.832616806030273
0.0,0.0,0.0,3.601041793823242,5.948278903961182,1.9070271253585815,0.0,6.725525856018066,0.0,7.367986679077148,5.489616870880127,12.469087600708008,7.0005083084106445,1.1140869855880737,0.0,4.656284332275391,3.269134759902954,0.0,1.0117685794830322,0.0,0.0,13.420331001281738,8.035174369812012,2.783461809158325,0.0,3.872563362121582,0.05261431634426117,2.468801498413086,4.764179229736328,9.43156623840332,0.0,0.9325631260871887,5.832616806030273
0.0,0.0,0.0,3.601041793823242,5.948278903961182,1.9070271253585815,0.0,6.725525856018066,0.0,7.367986679077148,5.489616870880127,12.469087600708008,7.0005083084106445,1.1140869855880737,0.0,4.656284332275391,3.269134759902954,0.0,1.0117685794830322,0.0,0.0,13.420331001281738,8.035174369812012,2.783461809158325,0.0,3.872563362121582,0.05261431634426117,2.468801498413086,4.764179229736328,9.43156623840332,0.0,0.9325631260871887,5.832616806030273
0.0,0.0,0.0,3.601041793823242,5.948278903961182,1.9070271253585815,0.0,6.725525856018066,0.0,7.367986679077148,5.489616870880127,12.469087600708008,7.0005083084106445,1.1140869855880737,0.0,4.656284332275391,3.269134759902954,0.0,1.0117685794830322,0.0,0.0,13.420331001281738,8.035174369812012,2.783461809158325,0.0,3.872563362121582,0.05261431634426117,2.468801498413086,4.764179229736328,9.43156623840332,0.0,0.9325631260871887,5.832616806030273
0.0,0.0,0.0,3.601041793823242,5.948278903961182,1.9070271253585815,0.0,6.725525856018066,0.0,7.367986679077148,5.489616870880127,12.469087600708008,7.0005083084106445,1.1140869855880737,0.0,4.656284332275391,3.269134759902954,0.0,1.0117685794830322,0.0,0.0,13.420331001281738,8.035174369812012,2.783461809158325,0.0,3.872563362121582,0.05261431634426117,2.468801498413086,4.764179229736328,9.43156623840332,0.0,0.9325631260871887,5.832616806030273
0.0,0.0,0.0,3.601041793823242,5.948278903961182,1.9070271253585815,0.0,6.725525856018066,0.0,7.367986679077148,5.489616870880127,12.469087600708008,7.0005083084106445,1.1140869855880737,0.0,4.656284332275391,3.269134759902954,0.0,1.0117685794830322,0.0,0.0,13.420331001281738,8.035174369812012,2.783461809158325,0.0,3.872563362121582,0.05261431634426117,2.468801498413086,4.764179229736328,9.43156623840332,0.0,0.9325631260871887,5.832616806030273
0.0,0.0,0.0,3.601041793823242,5.948278903961182,1.9070271253585815,0.0,6.725525856018066,0.0,7.367986679077148,5.489616870880127,12.469087600708008,7.0005083084106445,1.1140869855880737,0.0,4.656284332275391,3.269134759902954,0.0,1.0117685794830322,0.0,0.0,13.420331001281738,8.035174369812012,2.783461809158325,0.0,3.872563362121582,0.05261431634426117,2.468801498413086,4.764179229736328,9.43156623840332,0.0,0.9325631260871887,5.832616806030273
0.0,0.0,0.0,3.601041793823242,5.948278903961182,1.9070271253585815,0.0,6.725525856018066,0.0,7.367986679077148,5.489616870880127,12.469087600708008,7.0005083084106445,1.1140869855880737,0.0,4.656284332275391,3.269134759902954,0.0,1.0117685794830322,0.0,0.0,13.420331001281738,8.035174369812012,2.783461809158325,0.0,3.872563362121582,0.05261431634426117,2.468801498413086,4.764179229736328,9.43156623840332,0.0,0.9325631260871887,5.832616806030273
0.0,0.0,0.0,3.601041793823242,5.948278903961182,1.9070271253585815,0.0,6.725525856018066,0.0,7.367986679077148,5.489616870880127,12.469087600708008,7.0005083084106445,1.1140869855880737,0.0,4.656284332275391,3.269134759902954,0.0,1.0117685794830322,0.0,0.0,13.420331001281738,8.035174369812012,2.783461809158325,0.0,3.872563362121582,0.05261431634426117,2.468801498413086,4.764179229736328,9.43156623840332,0.0,0.9325631260871887,5.832616806030273
0.0,0.0,0.0,3.601041793823242,5.948278903961182,1.9070271253585815,0.0,6.725525856018066,0.0,7.367986679077148,5.489616870880127,12.469087600708008,7.0005083084106445,1.1140869855880737,0.0,4.656284332275391,3.269134759902954,0.0,1.0117685794830322,0.0,0.0,13.420331001281738,8.035174369812012,2.783461809158325,0.0,3.872563362121582,0.05261431634426117,2.468801498413086,4.764179229736328,9.43156623840332,0.0,0.9325631260871887,5.832616806030273
0.0,0.0,0.0,3.601041793823242,5.948278903961182,1.9070271253585815,0.0,6.725525856018066,0.0,7.367986679077148,5.489616870880127,12.469087600708008,7.0005083084106445,1.1140869855880737,0.0,4.656284332275391,3.269134759902954,0.0,1.0117685794830322,0.0,0.0,13.420331001281738,8.035174369812012,2.783461809158325,0.0,3.872563362121582,0.05261431634426117,2.468801498413086,4.764179229736328,9.43156623840332,0.0,0.9325631260871887,5.832616806030273
0.0,0.0,0.0,3.601041793823242,5.948278903961182,1.9070271253585815,0.0,6.725525856018066,0.0,7.367986679077148,5.489616870880127,12.469087600708008,7.0005083084106445,1.1140869855880737,0.0,4.656284332275391,3.269134759902954,0.0,1.0117685794830322,0.0,0.0,13.420331001281738,8.035174369812012,2.783461809158325,0.0,3.872563362121582,0.05261431634426117,2.468801498413086,4.764179229736328,9.43156623840332,0.0,0.9325631260871887,5.832616806030273
0.0,0.0,0.0,3.659517765045166,6.168696880340576,1.944612979888916,0.0,6.828103065490723,0.0,7.424394130706787,5.52177619934082,12.701980590820312,7.126492023468018,1.1085549592971802,0.0,4.645068168640137,3.4067039489746094,0.0,1.131049394607544,0.0,0.0,13.517497062683105,8.136174201965332,2.8041346073150635,0.0,3.9051501750946045,0.06357474625110626,2.5172858238220215,4.761908531188965,9.521631240844727,0.0,0.9778426289558411,5.930026054382324
0.0,0.0,0.0,3.659517765045166,6.168696880340576,1.944612979888916,0.0,6.828103065490723,0.0,7.424394130706787,5.52177619934082,12.701980590820312,7.126492023468018,1.1085549592971802,0.0,4.645068168640137,3.4067039489746094,0.0,1.131049394607544,0.0,0.0,13.517497062683105,8.136174201965332,2.8041346073150635,0.0,3.9051501750946045,0.06357474625110626,2.5172858238220215,4.761908531188965,9.521631240844727,0.0,0.9778426289558411,5.930026054382324
0.0,0.0,0.0,3.659517765045166,6.168696880340576,1.944612979888916,0.0,6.828103065490723,0.0,7.424394130706787,5.52177619934082,12.701980590820312,7.126492023468018,1.1085549592971802,0.0,4.645068168640137,3.4067039489746094,0.0,1.131049394607544,0.0,0.0,13.517497062683105,8.136174201965332,2.8041346073150635,0.0,3.9051501750946045,0.06357474625110626,2.5172858238220215,4.761908531188965,9.521631240844727,0.0,0.9778426289558411,5.930026054382324
0.0,0.0,0.0,3.659517765045166,6.168696880340576,1.944612979888916,0.0,6.828103065490723,0.0,7.424394130706787,5.52177619934082,12.701980590820312,7.126492023468018,1.1085549592971802,0.0,4.645068168640137,3.4067039489746094,0.0,1.131049394607544,0.0,0.0,13.517497062683105,8.136174201965332,2.8041346073150635,0.0,3.9051501750946045,0.06357474625110626,2.5172858238220215,4.761908531188965,9.521631240844727,0.0,0.9778426289558411,5.930026054382324
0.0,0.0,0.0,3.659517765045166,6.168696880340576,1.944612979888916,0.0,6.828103065490723,0.0,7.424394130706787,5.52177619934082,12.701980590820312,7.126492023468018,1.1085549592971802,0.0,4.645068168640137,3.4067039489746094,0.0,1.131049394607544,0.0,0.0,13.517497062683105,8.136174201965332,2.8041346073150635,0.0,3.9051501750946045,0.06357474625110626,2.5172858238220215,4.761908531188965,9.521631240844727,0.0,0.9778426289558411,5.930026054382324
0.0,0.0,0.0,3.659517765045166,6.168696880340576,1.944612979888916,0.0,6.828103065490723,0.0,7.424394130706787,5.52177619934082,12.701980590820312,7.126492023468018,1.1085549592971802,0.0,4.645068168640137,3.4067039489746094,0.0,1.131049394607544,0.0,0.0,13.517497062683105,8.136174201965332,2.8041346073150635,0.0,3.9051501750946045,0.06357474625110626,2.5172858238220215,4.761908531188965,9.521631240844727,0.0,0.9778426289558411,5.930026054382324
0.0,0.0,0.0,3.659517765045166,6.168696880340576,1.944612979888916,0.0,6.828103065490723,0.0,7.424394130706787,5.52177619934082,12.701980590820312,7.126492023468018,1.1085549592971802,0.0,4.645068168640137,3.4067039489746094,0.0,1.131049394607544,0.0,0.0,13.517497062683105,8.136174201965332,2.8041346073150635,0.0,3.9051501750946045,0.06357474625110626,2.5172858238220215,4.761908531188965,9.521631240844727,0.0,0.9778426289558411,5.930026054382324
0.0,0.0,0.0,3.659517765045166,6.168696880340576,1.944612979888916,0.0,6.828103065490723,0.0,7.424394130706787,5.52177619934082,12.701980590820312,7.126492023468018,1.1085549592971802,0.0,4.645068168640137,3.4067039489746094,0.0,1.131049394607544,0.0,0.0,13.517497062683105,8.136174201965332,2.8041346073150635,0.0,3.9051501750946045,0.06357474625110626,2.5172858238220215,4.761908531188965,9.521631240844727,0.0,0.9778426289558411,5.930026054382324
0.0,0.0,0.0,3.659517765045166,6.168696880340576,1.944612979888916,0.0,6.828103065490723,0.0,7.424394130706787,5.52177619934082,12.701980590820312,7.126492023468018,1.1085549592971802,0.0,4.645068168640137,3.4067039489746094,0.0,1.131049394607544,0.0,0.0,13.517497062683105,8.136174201965332,2.8041346073150635,0.0,3.9051501750946045,0.06357474625110626,2.5172858238220215,4.761908531188965,9.521631240844727,0.0,0.9778426289558411,5.930026054382324
0.0,0.0,0.0,3.659517765045166,6.168696880340576,1.944612979888916,0.0,6.828103065490723,0.0,7.424394130706787,5.52177619934082,12.701980590820312,7.126492023468018,1.1085549592971802,0.0,4.645068168640137,3.4067039489746094,0.0,1.131049394607544,0.0,0.0,13.517497062683105,8.136174201965332,2.8041346073150635,0.0,3.9051501750946045,0.06357474625110626,2.5172858238220215,4.761908531188965,9.521631240844727,0.0,0.9778426289558411,5.930026054382324
0.0,0.0,0.0,3.659517765045166,6.168696880340576,1.944612979888916,0.0,6.828103065490723,0.0,7.424394130706787,5.52177619934082,12.701980590820312,7.126492023468018,1.1085549592971802,0.0,4.645068168640137,3.4067039489746094,0.0,1.131049394607544,0.0,0.0,13.517497062683105,8.136174201965332,2.8041346073150635,0.0,3.9051501750946045,0.06357474625110626,2.5172858238220215,4.761908531188965,9.521631240844727,0.0,0.9778426289558411,5.930026054382324
0.0,0.0,0.0,3.659517765045166,6.168696880340576,1.944612979888916,0.0,6.828103065490723,0.0,7.424394130706787,5.52177619934082,12.701980590820312,7.126492023468018,1.1085549592971802,0.0,4.645068168640137,3.4067039489746094,0.0,1.131049394607544,0.0,0.0,13.517497062683105,8.136174201965332,2.8041346073150635,0.0,3.9051501750946045,0.06357474625110626,2.5172858238220215,4.761908531188965,9.521631240844727,0.0,0.9778426289558411,5.930026054382324
0.0,0.0,0.0,3.659517765045166,6.168696880340576,1.944612979888916,0.0,6.828103065490723,0.0,7.424394130706787,5.52177619934082,12.701980590820312,7.126492023468018,1.1085549592971802,0.0,4.645068168640137,3.4067039489746094,0.0,1.131049394607544,0.0,0.0,13.517497062683105,8.136174201965332,2.8041346073150635,0.0,3.9051501750946045,0.06357474625110626,2.5172858238220215,4.761908531188965,9.521631240844727,0.0,0.9778426289558411,5.930026054382324
0.0,0.0,0.0,3.659517765045166,6.168696880340576,1.944612979888916,0.0,6.828103065490723,0.0,7.424394130706787,5.52177619934082,12.701980590820312,7.126492023468018,1.1085549592971802,0.0,4.645068168640137,3.4067039489746094,0.0,1.131049394607544,0.0,0.0,13.517497062683105,8.136174201965332,2.8041346073150635,0.0,3.9051501750946045,0.06357474625110626,2.5172858238220215,4.761908531188965,9.521631240844727,0.0,0.9778426289558411,5.930026054382324
0.0,0.0,0.0,3.659517765045166,6.168696880340576,1.944612979888916,0.0,6.828103065490723,0.0,7.424394130706787,5.52177619934082,12.701980590820312,7.126492023468018,1.1085549592971802,0.0,4.645068168640137,3.4067039489746094,0.0,1.131049394607544,0.0,0.0,13.517497062683105,8.136174201965332,2.8041346073150635,0.0,3.9051501750946045,0.06357474625110626,2.5172858238220215,4.761908531188965,9.521631240844727,0.0,0.9778426289558411,5.930026054382324
0.0,0.0,0.0,3.659517765045166,6.168696880340576,1.944612979888916,0.0,6.828103065490723,0.0,7.424394130706787,5.52177619934082,12.701980590820312,7.126492023468018,1.1085549592971802,0.0,4.645068168640137,3.4067039489746094,0.0,1.131049394607544,0.0,0.0,13.517497062683105,8.136174201965332,2.8041346073150635,0.0,3.9051501750946045,0.06357474625110626,2.5172858238220215,4.761908531188965,9.521631240844727,0.0,0.9778426289558411,5.930026054382324
0.0,0.0,0.0,3.659517765045166,6.168696880340576,1.944612979888916,0.0,6.828103065490723,0.0,7.424394130706787,5.52177619934082,12.701980590820312,7.126492023468018,1.1085549592971802,0.0,4.645068168640137,3.4067039489746094,0.0,1.131049394607544,0.0,0.0,13.517497062683105,8.136174201965332,2.8041346073150635,0.0,3.9051501750946045,0.06357474625110626,2.5172858238220215,4.761908531188965,9.521631240844727,0.0,0.9778426289558411,5.930026054382324
0.0,0.0,0.0,3.659517765045166,6.168696880340576,1.944612979888916,0.0,6.828103065490723,0.0,7.424394130706787,5.52177619934082,12.701980590820312,7.126492023468018,1.1085549592971802,0.0,4.645068168640137,3.4067039489746094,0.0,1.131049394607544,0.0,0.0,13.517497062683105,8.136174201965332,2.8041346073150635,0.0,3.9051501750946045,0.06357474625110626,2.5172858238220215,4.761908531188965,9.521631240844727,0.0,0.9778426289558411,5.930026054382324
0.0,0.0,0.0,3.659517765045166,6.168696880340576,1.944612979888916,0.0,6.828103065490723,0.0,7.424394130706787,5.52177619934082,12.701980590820312,7.126492023468018,1.1085549592971802,0.0,4.645068168640137,3.4067039489746094,0.0,1.131049394607544,0.0,0.0,13.517497062683105,8.136174201965332,2.8041346073150635,0.0,3.9051501750946045,0.06357474625110626,2.5172858238220215,4.761908531188965,9.521631240844727,0.0,0.9778426289558411,5.930026054382324
0.0,0.0,0.0,3.659517765045166,6.168696880340576,1.944612979888916,0.0,6.828103065490723,0.0,7.424394130706787,5.52177619934082,12.701980590820312,7.126492023468018,1.1085549592971802,0.0,4.645068168640137,3.4067039489746094,0.0,1.131049394607544,0.0,0.0,13.517497062683105,8.136174201965332,2.8041346073150635,0.0,3.9051501750946045,0.06357474625110626,2.5172858238220215,4.761908531188965,9.521631240844727,0.0,0.9778426289558411,5.930026054382324
0.0,6.702146530151367,0.0,8.916436195373535,9.571429252624512,4.042801380157471,0.0,9.966102600097656,0.0,0.41665637493133545,2.677461624145508,15.053326606750488,3.4629616737365723,3.0541841983795166,6.375871658325195,3.3191351890563965,4.57118558883667,5.774899482727051,10.232858657836914,1.9794623851776123,5.776099681854248,16.288497924804688,10.022407531738281,7.879895210266113,4.868015766143799,3.9142093658447266,4.232730388641357,3.9719014167785645,3.709578275680542,11.423988342285156,0.0,7.613692283630371,9.145293235778809
0.0,6.702146530151367,0.0,8.916436195373535,9.571429252624512,4.042801380157471,0.0,9.966102600097656,0.0,0.41665637493133545,2.677461624145508,15.053326606750488,3.4629616737365723,3.0541841983795166,6.375871658325195,3.3191351890563965,4.57118558883667,5.774899482727051,10.232858657836914,1.9794623851776123,5.776099681854248,16.288497924804688,10.022407531738281,7.879895210266113,4.868015766143799,3.9142093658447266,4.232730388641357,3.9719014167785645,3.709578275680542,11.423988342285156,0.0,7.613692283630371,9.145293235778809
0.0,6.702146530151367,0.0,8.916436195373535,9.571429252624512,4.042801380157471,0.0,9.966102600097656,0.0,0.41665637493133545,2.677461624145508,15.053326606750488,3.4629616737365723,3.0541841983795166,6.375871658325195,3.3191351890563965,4.57118558883667,5.774899482727051,10.232858657836914,1.9794623851776123,5.776099681854248,16.288497924804688,10.022407531738281,7.879895210266113,4.868015766143799,3.9142093658447266,4.232730388641357,3.9719014167785645,3.709578275680542,11.423988342285156,0.0,7.613692283630371,9.145293235778809
0.0,6.702146530151367,0.0,8.916436195373535,9.571429252624512,4.042801380157471,0.0,9.966102600097656,0.0,0.41665637493133545,2.677461624145508,15.053326606750488,3.4629616737365723,3.0541841983795166,6.375871658325195,3.3191351890563965,4.57118558883667,5.774899482727051,10.232858657836914,1.9794623851776123,5.776099681854248,16.288497924804688,10.022407531738281,7.879895210266113,4.868015766143799,3.9142093658447266,4.232730388641357,3.9719014167785645,3.709578275680542,11.423988342285156,0.0,7.613692283630371,9.145293235778809
0.0,6.702146530151367,0.0,8.916436195373535,9.571429252624512,4.042801380157471,0.0,9.966102600097656,0.0,0.41665637493133545,2.677461624145508,15.053326606750488,3.4629616737365723,3.0541841983795166,6.375871658325195,3.3191351890563965,4.57118558883667,5.774899482727051,10.232858657836914,1.9794623851776123,5.776099681854248,16.288497924804688,10.022407531738281,7.879895210266113,4.868015766143799,3.9142093658447266,4.232730388641357,3.9719014167785645,3.709578275680542,11.423988342285156,0.0,7.613692283630371,9.145293235778809
0.0,6.702146530151367,0.0,8.916436195373535,9.571429252624512,4.042801380157471,0.0,9.966102600097656,0.0,0.41665637493133545,2.677461624145508,15.053326606750488,3.4629616737365723,3.0541841983795166,6.375871658325195,3.3191351890563965,4.57118558883667,5.774899482727051,10.232858657836914,1.9794623851776123,5.776099681854248,16.288497924804688,10.022407531738281,7.879895210266113,4.868015766143799,3.9142093658447266,4.232730388641357,3.9719014167785645,3.709578275680542,11.423988342285156,0.0,7.613692283630371,9.145293235778809
0.0,6.702146530151367,0.0,8.916436195373535,9.571429252624512,4.042801380157471,0.0,9.966102600097656,0.0,0.41665637493133545,2.677461624145508,15.053326606750488,3.4629616737365723,3.0541841983795166,6.375871658325195,3.3191351890563965,4.57118558883667,5.774899482727051,10.232858657836914,1.9794623851776123,5.776099681854248,16.288497924804688,10.022407531738281,7.879895210266113,4.868015766143799,3.9142093658447266,4.232730388641357,3.9719014167785645,3.709578275680542,11.423988342285156,0.0,7.613692283630371,9.145293235778809
0.0,6.702146530151367,0.0,8.916436195373535,9.571429252624512,4.042801380157471,0.0,9.966102600097656,0.0,0.41665637493133545,2.677461624145508,15.053326606750488,3.4629616737365723,3.0541841983795166,6.375871658325195,3.3191351890563965,4.57118558883667,5.774899482727051,10.232858657836914,1.9794623851776123,5.776099681854248,16.288497924804688,10.022407531738281,7.879895210266113,4.868015766143799,3.9142093658447266,4.232730388641357,3.9719014167785645,3.709578275680542,11.423988342285156,0.0,7.613692283630371,9.145293235778809
0.0,6.702146530151367,0.0,8.916436195373535,9.571429252624512,4.042801380157471,0.0,9.966102600097656,0.0,0.41665637493133545,2.677461624145508,15.053326606750488,3.4629616737365723,3.0541841983795166,6.375871658325195,3.3191351890563965,4.57118558883667,5.774899482727051,10.232858657836914,1.9794623851776123,5.776099681854248,16.288497924804688,10.022407531738281,7.879895210266113,4.868015766143799,3.9142093658447266,4.232730388641357,3.9719014167785645,3.709578275680542,11.423988342285156,0.0,7.613692283630371,9.145293235778809
0.0,6.702146530151367,0.0,8.916436195373535,9.571429252624512,4.042801380157471,0.0,9.966102600097656,0.0,0.41665637493133545,2.677461624145508,15.053326606750488,3.4629616737365723,3.0541841983795166,6.375871658325195,3.3191351890563965,4.57118558883667,5.774899482727051,10.232858657836914,1.9794623851776123,5.776099681854248,16.288497924804688,10.022407531738281,7.879895210266113,4.868015766143799,3.9142093658447266,4.232730388641357,3.9719014167785645,3.709578275680542,11.423988342285156,0.0,7.613692283630371,9.145293235778809
0.0,6.702146530151367,0.0,8.916436195373535,9.571429252624512,4.042801380157471,0.0,9.966102600097656,0.0,0.41665637493133545,2.677461624145508,15.053326606750488,3.4629616737365723,3.0541841983795166,6.375871658325195,3.3191351890563965,4.57118558883667,5.774899482727051,10.232858657836914,1.9794623851776123,5.776099681854248,16.288497924804688,10.022407531738281,7.879895210266113,4.868015766143799,3.9142093658447266,4.232730388641357,3.9719014167785645,3.709578275680542,11.423988342285156,0.0,7.613692283630371,9.145293235778809
0.0,6.702146530151367,0.0,8.916436195373535,9.571429252624512,4.042801380157471,0.0,9.966102600097656,0.0,0.41665637493133545,2.677461624145508,15.053326606750488,3.4629616737365723,3.0541841983795166,6.375871658325195,3.3191351890563965,4.57118558883667,5.774899482727051,10.232858657836914,1.9794623851776123,5.776099681854248,16.288497924804688,10.022407531738281,7.879895210266113,4.868015766143799,3.9142093658447266,4.232730388641357,3.9719014167785645,3.709578275680542,11.423988342285156,0.0,7.613692283630371,9.145293235778809
0.0,6.702146530151367,0.0,8.916436195373535,9.571429252624512,4.042801380157471,0.0,9.966102600097656,0.0,0.41665637493133545,2.677461624145508,15.053326606750488,3.4629616737365723,3.0541841983795166,6.375871658325195,3.3191351890563965,4.57118558883667,5.774899482727051,10.232858657836914,1.9794623851776123,5.776099681854248,16.288497924804688,10.022407531738281,7.879895210266113,4.868015766143799,3.9142093658447266,4.232730388641357,3.9719014167785645,3.709578275680542,11.423988342285156,0.0,7.613692283630371,9.145293235778809
0.0,6.702146530151367,0.0,8.916436195373535,9.571429252624512,4.042801380157471,0.0,9.966102600097656,0.0,0.41665637493133545,2.677461624145508,15.053326606750488,3.4629616737365723,3.0541841983795166,6.375871658325195,3.3191351890563965,4.57118558883667,5.774899482727051,10.232858657836914,1.9794623851776123,5.776099681854248,16.288497924804688,10.022407531738281,7.879895210266113,4.868015766143799,3.9142093658447266,4.232730388641357,3.9719014167785645,3.709578275680542,11.423988342285156,0.0,7.613692283630371,9.145293235778809
0.0,6.702146530151367,0.0,8.916436195373535,9.571429252624512,4.042801380157471,0.0,9.966102600097656,0.0,0.41665637493133545,2.677461624145508,15.053326606750488,3.4629616737365723,3.0541841983795166,6.375871658325195,3.3191351890563965,4.57118558883667,5.774899482727051,10.232858657836914,1.9794623851776123,5.776099681854248,16.288497924804688,10.022407531738281,7.879895210266113,4.868015766143799,3.9142093658447266,4.232730388641357,3.9719014167785645,3.709578275680542,11.423988342285156,0.0,7.613692283630371,9.145293235778809
0.0,6.702146530151367,0.0,8.916436195373535,9.571429252624512,4.042801380157471,0.0,9.966102600097656,0.0,0.41665637493133545,2.677461624145508,15.053326606750488,3.4629616737365723,3.0541841983795166,6.375871658325195,3.3191351890563965,4.57118558883667,5.774899482727051,10.232858657836914,1.9794623851776123,5.776099681854248,16.288497924804688,10.022407531738281,7.879895210266113,4.868015766143799,3.9142093658447266,4.232730388641357,3.9719014167785645,3.709578275680542,11.423988342285156,0.0,7.613692283630371,9.145293235778809
0.0,6.702146530151367,0.0,8.916436195373535,9.571429252624512,4.042801380157471,0.0,9.966102600097656,0.0,0.41665637493133545,2.677461624145508,15.053326606750488,3.4629616737365723,3.0541841983795166,6.375871658325195,3.3191351890563965,4.57118558883667,5.774899482727051,10.232858657836914,1.9794623851776123,5.776099681854248,16.288497924804688,10.022407531738281,7.879895210266113,4.868015766143799,3.9142093658447266,4.232730388641357,3.9719014167785645,3.709578275680542,11.423988342285156,0.0,7.613692283630371,9.145293235778809
0.0,6.702146530151367,0.0,8.916436195373535,9.571429252624512,4.042801380157471,0.0,9.966102600097656,0.0,0.41665637493133545,2.677461624145508,15.053326606750488,3.4629616737365723,3.0541841983795166,6.375871658325195,3.3191351890563965,4.57118558883667,5.774899482727051,10.232858657836914,1.9794623851776123,5.776099681854248,16.288497924804688,10.022407531738281,7.879895210266113,4.868015766143799,3.9142093658447266,4.232730388641357,3.9719014167785645,3.709578275680542,11.423988342285156,0.0,7.613692283630371,9.145293235778809
0.0,6.702146530151367,0.0,8.916436195373535,9.571429252624512,4.042801380157471,0.0,9.966102600097656,0.0,0.41665637493133545,2.677461624145508,15.053326606750488,3.4629616737365723,3.0541841983795166,6.375871658325195,3.3191351890563965,4.57118558883667,5.774899482727051,10.232858657836914,1.9794623851776123,5.776099681854248,16.288497924804688,10.022407531738281,7.879895210266113,4.868015766143799,3.9142093658447266,4.232730388641357,3.9719014167785645,3.709578275680542,11.423988342285156,0.0,7.613692283630371,9.145293235778809
0.0,6.702146530151367,0.0,8.916436195373535,9.571429252624512,4.042801380157471,0.0,9.966102600097656,0.0,0.41665637493133545,2.677461624145508,15.053326606750488,3.4629616737365723,3.0541841983795166,6.375871658325195,3.3191351890563965,4.57118558883667,5.774899482727051,10.232858657836914,1.9794623851776123,5.776099681854248,16.288497924804688,10.022407531738281,7.879895210266113,4.868015766143799,3.9142093658447266,4.232730388641357,3.9719014167785645,3.709578275680542,11.423988342285156,0.0,7.613692283630371,9.145293235778809
0.0,0.0,0.0,3.7521119117736816,6.599048137664795,2.0184223651885986,0.0,7.00351619720459,0.0,7.561951637268066,5.6067986488342285,13.153779029846191,7.386969089508057,1.084599494934082,0.0,4.649580478668213,3.6958563327789307,0.0,1.3269312381744385,0.0,0.0,13.710518836975098,8.335330963134766,2.815661907196045,0.0,3.9670615196228027,0.07494185864925385,2.5997064113616943,4.7699151039123535,9.694286346435547,0.0,1.0446621179580688,6.105380535125732
0.0,0.0,0.0,3.7521119117736816,6.599048137664795,2.0184223651885986,0.0,7.00351619720459,0.0,7.561951637268066,5.6067986488342285,13.153779029846191,7.386969089508057,1.084599494934082,0.0,4.649580478668213,3.6958563327789307,0.0,1.3269312381744385,0.0,0.0,13.710518836975098,8.335330963134766,2.815661907196045,0.0,3.9670615196228027,0.07494185864925385,2.5997064113616943,4.7699151039123535,9.694286346435547,0.0,1.0446621179580688,6.105380535125732
0.0,0.0,0.0,3.7521119117736816,6.599048137664795,2.0184223651885986,0.0,7.00351619720459,0.0,7.561951637268066,5.6067986488342285,13.153779029846191,7.386969089508057,1.084599494934082,0.0,4.649580478668213,3.6958563327789307,0.0,1.3269312381744385,0.0,0.0,13.710518836975098,8.335330963134766,2.815661907196045,0.0,3.9670615196228027,0.07494185864925385,2.5997064113616943,4.7699151039123535,9.694286346435547,0.0,1.0446621179580688,6.105380535125732
0.0,0.0,0.0,3.7521119117736816,6.599048137664795,2.0184223651885986,0.0,7.00351619720459,0.0,7.561951637268066,5.6067986488342285,13.153779029846191,7.386969089508057,1.084599494934082,0.0,4.649580478668213,3.6958563327789307,0.0,1.3269312381744385,0.0,0.0,13.710518836975098,8.335330963134766,2.815661907196045,0.0,3.9670615196228027,0.07494185864925385,2.5997064113616943,4.7699151039123535,9.694286346435547,0.0,1.0446621179580688,6.105380535125732
0.0,0.0,0.0,3.7521119117736816,6.599048137664795,2.0184223651885986,0.0,7.00351619720459,0.0,7.561951637268066,5.6067986488342285,13.153779029846191,7.386969089508057,1.084599494934082,0.0,4.649580478668213,3.6958563327789307,0.0,1.3269312381744385,0.0,0.0,13.710518836975098,8.335330963134766,2.815661907196045,0.0,3.9670615196228027,0.07494185864925385,2.5997064113616943,4.7699151039123535,9.694286346435547,0.0,1.0446621179580688,6.105380535125732
0.0,0.0,0.0,3.7521119117736816,6.599048137664795,2.0184223651885986,0.0,7.00351619720459,0.0,7.561951637268066,5.6067986488342285,13.153779029846191,7.386969089508057,1.084599494934082,0.0,4.649580478668213,3.6958563327789307,0.0,1.3269312381744385,0.0,0.0,13.710518836975098,8.335330963134766,2.815661907196045,0.0,3.9670615196228027,0.07494185864925385,2.5997064113616943,4.7699151039123535,9.694286346435547,0.0,1.0446621179580688,6.105380535125732
0.0,0.0,0.0,3.7521119117736816,6.599048137664795,2.0184223651885986,0.0,7.00351619720459,0.0,7.561951637268066,5.6067986488342285,13.153779029846191,7.386969089508057,1.084599494934082,0.0,4.649580478668213,3.6958563327789307,0.0,1.3269312381744385,0.0,0.0,13.710518836975098,8.335330963134766,2.815661907196045,0.0,3.9670615196228027,0.07494185864925385,2.5997064113616943,4.7699151039123535,9.694286346435547,0.0,1.0446621179580688,6.105380535125732
0.0,0.0,0.0,3.7521119117736816,6.599048137664795,2.0184223651885986,0.0,7.00351619720459,0.0,7.561951637268066,5.6067986488342285,13.153779029846191,7.386969089508057,1.084599494934082,0.0,4.649580478668213,3.6958563327789307,0.0,1.3269312381744385,0.0,0.0,13.710518836975098,8.335330963134766,2.815661907196045,0.0,3.9670615196228027,0.07494185864925385,2.5997064113616943,4.7699151039123535,9.694286346435547,0.0,1.0446621179580688,6.105380535125732
0.0,0.0,0.0,3.7521119117736816,6.599048137664795,2.0184223651885986,0.0,7.00351619720459,0.0,7.561951637268066,5.6067986488342285,13.153779029846191,7.386969089508057,1.084599494934082,0.0,4.649580478668213,3.6958563327789307,0.0,1.3269312381744385,0.0,0.0,13.710518836975098,8.335330963134766,2.815661907196045,0.0,3.9670615196228027,0.07494185864925385,2.5997064113616943,4.7699151039123535,9.694286346435547,0.0,1.0446621179580688,6.105380535125732
0.0,0.0,0.0,3.7521119117736816,6.599048137664795,2.0184223651885986,0.0,7.00351619720459,0.0,7.561951637268066,5.6067986488342285,13.153779029846191,7.386969089508057,1.084599494934082,0.0,4.649580478668213,3.6958563327789307,0.0,1.3269312381744385,0.0,0.0,13.710518836975098,8.335330963134766,2.815661907196045,0.0,3.9670615196228027,0.07494185864925385,2.5997064113616943,4.7699151039123535,9.694286346435547,0.0,1.0446621179580688,6.105380535125732
0.0,0.0,0.0,3.7521119117736816,6.599048137664795,2.0184223651885986,0.0,7.00351619720459,0.0,7.561951637268066,5.6067986488342285,13.153779029846191,7.386969089508057,1.084599494934082,0.0,4.649580478668213,3.6958563327789307,0.0,1.3269312381744385,0.0,0.0,13.710518836975098,8.335330963134766,2.815661907196045,0.0,3.9670615196228027,0.07494185864925385,2.5997064113616943,4.7699151039123535,9.694286346435547,0.0,1.0446621179580688,6.105380535125732
0.0,0.0,0.0,3.7521119117736816,6.599048137664795,2.0184223651885986,0.0,7.00351619720459,0.0,7.561951637268066,5.6067986488342285,13.153779029846191,7.386969089508057,1.084599494934082,0.0,4.649580478668213,3.6958563327789307,0.0,1.3269312381744385,0.0,0.0,13.710518836975098,8.335330963134766,2.815661907196045,0.0,3.9670615196228027,0.07494185864925385,2.5997064113616943,4.7699151039123535,9.694286346435547,0.0,1.0446621179580688,6.105380535125732
0.0,0.0,0.0,3.7521119117736816,6.599048137664795,2.0184223651885986,0.0,7.00351619720459,0.0,7.561951637268066,5.6067986488342285,13.153779029846191,7.386969089508057,1.084599494934082,0.0,4.649580478668213,3.6958563327789307,0.0,1.3269312381744385,0.0,0.0,13.710518836975098,8.335330963134766,2.815661907196045,0.0,3.9670615196228027,0.07494185864925385,2.5997064113616943,4.7699151039123535,9.694286346435547,0.0,1.0446621179580688,6.105380535125732
0.0,0.0,0.0,3.7521119117736816,6.599048137664795,2.0184223651885986,0.0,7.00351619720459,0.0,7.561951637268066,5.6067986488342285,13.153779029846191,7.386969089508057,1.084599494934082,0.0,4.649580478668213,3.6958563327789307,0.0,1.3269312381744385,0.0,0.0,13.710518836975098,8.335330963134766,2.815661907196045,0.0,3.9670615196228027,0.07494185864925385,2.5997064113616943,4.7699151039123535,9.694286346435547,0.0,1.0446621179580688,6.105380535125732
0.0,0.0,0.0,3.7521119117736816,6.599048137664795,2.0184223651885986,0.0,7.00351619720459,0.0,7.561951637268066,5.6067986488342285,13.153779029846191,7.386969089508057,1.084599494934082,0.0,4.649580478668213,3.6958563327789307,0.0,1.3269312381744385,0.0,0.0,13.710518836975098,8.335330963134766,2.815661907196045,0.0,3.9670615196228027,0.07494185864925385,2.5997064113616943,4.7699151039123535,9.694286346435547,0.0,1.0446621179580688,6.105380535125732
0.0,0.0,0.0,3.7521119117736816,6.599048137664795,2.0184223651885986,0.0,7.00351619720459,0.0,7.561951637268066,5.6067986488342285,13.153779029846191,7.386969089508057,1.084599494934082,0.0,4.649580478668213,3.6958563327789307,0.0,1.3269312381744385,0.0,0.0,13.710518836975098,8.335330963134766,2.815661907196045,0.0,3.9670615196228027,0.07494185864925385,2.5997064113616943,4.7699151039123535,9.694286346435547,0.0,1.0446621179580688,6.105380535125732
0.0,0.0,0.0,3.7521119117736816,6.599048137664795,2.0184223651885986,0.0,7.00351619720459,0.0,7.561951637268066,5.6067986488342285,13.153779029846191,7.386969089508057,1.084599494934082,0.0,4.649580478668213,3.6958563327789307,0.0,1.3269312381744385,0.0,0.0,13.710518836975098,8.335330963134766,2.815661907196045,0.0,3.9670615196228027,0.07494185864925385,2.5997064113616943,4.7699151039123535,9.694286346435547,0.0,1.0446621179580688,6.105380535125732
0.0,0.0,0.0,3.7521119117736816,6.599048137664795,2.0184223651885986,0.0,7.00351619720459,0.0,7.561951637268066,5.6067986488342285,13.153779029846191,7.386969089508057,1.084599494934082,0.0,4.649580478668213,3.6958563327789307,0.0,1.3269312381744385,0.0,0.0,13.710518836975098,8.335330963134766,2.815661907196045,0.0,3.9670615196228027,0.07494185864925385,2.5997064113616943,4.7699151039123535,9.694286346435547,0.0,1.0446621179580688,6.105380535125732
0.0,0.0,0.0,3.7521119117736816,6.599048137664795,2.0184223651885986,0.0,7.00351619720459,0.0,7.561951637268066,5.6067986488342285,13.153779029846191,7.386969089508057,1.084599494934082,0.0,4.649580478668213,3.6958563327789307,0.0,1.3269312381744385,0.0,0.0,13.710518836975098,8.335330963134766,2.815661907196045,0.0,3.9670615196228027,0.07494185864925385,2.5997064113616943,4.7699151039123535,9.694286346435547,0.0,1.0446621179580688,6.105380535125732
0.0,0.0,0.0,3.7521119117736816,6.599048137664795,2.0184223651885986,0.0,7.00351619720459,0.0,7.561951637268066,5.6067986488342285,13.153779029846191,7.386969089508057,1.084599494934082,0.0,4.649580478668213,3.6958563327789307,0.0,1.3269312381744385,0.0,0.0,13.710518836975098,8.335330963134766,2.815661907196045,0.0,3.9670615196228027,0.07494185864925385,2.5997064113616943,4.7699151039123535,9.694286346435547,0.0,1.0446621179580688,6.105380535125732
0.0,0.764315128326416,0.0,6.673052787780762,6.639561176300049,3.7406632900238037,0.0,6.374271392822266,0.0,1.5039161443710327,2.0379247665405273,12.294529914855957,4.356966495513916,1.8879766464233398,1.6151700019836426,4.274779319763184,5.374724864959717,0.3105902671813965,4.623607635498047,0.0,0.0,13.259050369262695,8.927011489868164,2.821927785873413,0.03044961579144001,3.6786673069000244,0.0,3.9716567993164062,4.618842601776123,9.42066764831543,0.0,5.119200706481934,6.0508551597595215
0.0,0.764315128326416,0.0,6.673052787780762,6.639561176300049,3.7406632900238037,0.0,6.374271392822266,0.0,1.5039161443710327,2.0379247665405273,12.294529914855957,4.356966495513916,1.8879766464233398,1.6151700019836426,4.274779319763184,5.374724864959717,0.3105902671813965,4.623607635498047,0.0,0.0,13.259050369262695,8.927011489868164,2.821927785873413,0.03044961579144001,3.6786673069000244,0.0,3.9716567993164062,4.618842601776123,9.42066764831543,0.0,5.119200706481934,6.0508551597595215
0.0,0.764315128326416,0.0,6.673052787780762,6.639561176300049,3.7406632900238037,0.0,6.374271392822266,0.0,1.5039161443710327,2.0379247665405273,12.294529914855957,4.356966495513916,1.8879766464233398,1.6151700019836426,4.274779319763184,5.374724864959717,0.3105902671813965,4.623607635498047,0.0,0.0,13.259050369262695,8.927011489868164,2.821927785873413,0.03044961579144001,3.6786673069000244,0.0,3.9716567993164062,4.618842601776123,9.42066764831543,0.0,5.119200706481934,6.0508551597595215
0.0,0.764315128326416,0.0,6.673052787780762,6.639561176300049,3.7406632900238037,0.0,6.374271392822266,0.0,1.5039161443710327,2.0379247665405273,12.294529914855957,4.356966495513916,1.8879766464233398,1.6151700019836426,4.274779319763184,5.374724864959717,0.3105902671813965,4.623607635498047,0.0,0.0,13.259050369262695,8.927011489868164,2.821927785873413,0.03044961579144001,3.6786673069000244,0.0,3.9716567993164062,4.618842601776123,9.42066764831543,0.0,5.119200706481934,6.0508551597595215
0.0,0.764315128326416,0.0,6.673052787780762,6.639561176300049,3.7406632900238037,0.0,6.374271392822266,0.0,1.5039161443710327,2.0379247665405273,12.294529914855957,4.356966495513916,1.8879766464233398,1.6151700019836426,4.274779319763184,5.374724864959717,0.3105902671813965,4.623607635498047,0.0,0.0,13.259050369262695,8.927011489868164,2.821927785873413,0.03044961579144001,3.6786673069000244,0.0,3.9716567993164062,4.618842601776123,9.42066764831543,0.0,5.119200706481934,6.0508551597595215
0.0,0.764315128326416,0.0,6.673052787780762,6.639561176300049,3.7406632900238037,0.0,6.374271392822266,0.0,1.5039161443710327,2.0379247665405273,12.294529914855957,4.356966495513916,1.8879766464233398,1.6151700019836426,4.274779319763184,5.374724864959717,0.3105902671813965,4.623607635498047,0.0,0.0,13.259050369262695,8.927011489868164,2.821927785873413,0.03044961579144001,3.6786673069000244,0.0,3.9716567993164062,4.618842601776123,9.42066764831543,0.0,5.119200706481934,6.0508551597595215
0.0,0.764315128326416,0.0,6.673052787780762,6.639561176300049,3.7406632900238037,0.0,6.374271392822266,0.0,1.5039161443710327,2.0379247665405273,12.294529914855957,4.356966495513916,1.8879766464233398,1.6151700019836426,4.274779319763184,5.374724864959717,0.3105902671813965,4.623607635498047,0.0,0.0,13.259050369262695,8.927011489868164,2.821927785873413,0.03044961579144001,3.6786673069000244,0.0,3.9716567993164062,4.618842601776123,9.42066764831543,0.0,5.119200706481934,6.0508551597595215
0.0,0.764315128326416,0.0,6.673052787780762,6.639561176300049,3.7406632900238037,0.0,6.374271392822266,0.0,1.5039161443710327,2.0379247665405273,12.294529914855957,4.356966495513916,1.8879766464233398,1.6151700019836426,4.274779319763184,5.374724864959717,0.3105902671813965,4.623607635498047,0.0,0.0,13.259050369262695,8.927011489868164,2.821927785873413,0.03044961579144001,3.6786673069000244,0.0,3.9716567993164062,4.618842601776123,9.42066764831543,0.0,5.119200706481934,6.0508551597595215
0.0,0.764315128326416,0.0,6.673052787780762,6.639561176300049,3.7406632900238037,0.0,6.374271392822266,0.0,1.5039161443710327,2.0379247665405273,12.294529914855957,4.356966495513916,1.8879766464233398,1.6151700019836426,4.274779319763184,5.374724864959717,0.3105902671813965,4.623607635498047,0.0,0.0,13.259050369262695,8.927011489868164,2.821927785873413,0.03044961579144001,3.6786673069000244,0.0,3.9716567993164062,4.618842601776123,9.42066764831543,0.0,5.119200706481934,6.0508551597595215
0.0,0.764315128326416,0.0,6.673052787780762,6.639561176300049,3.7406632900238037,0.0,6.374271392822266,0.0,1.5039161443710327,2.0379247665405273,12.294529914855957,4.356966495513916,1.8879766464233398,1.6151700019836426,4.274779319763184,5.374724864959717,0.3105902671813965,4.623607635498047,0.0,0.0,13.259050369262695,8.927011489868164,2.821927785873413,0.03044961579144001,3.6786673069000244,0.0,3.9716567993164062,4.618842601776123,9.42066764831543,0.0,5.119200706481934,6.0508551597595215
0.0,0.764315128326416,0.0,6.673052787780762,6.639561176300049,3.7406632900238037,0.0,6.374271392822266,0.0,1.5039161443710327,2.0379247665405273,12.294529914855957,4.356966495513916,1.8879766464233398,1.6151700019836426,4.274779319763184,5.374724864959717,0.3105902671813965,4.623607635498047,0.0,0.0,13.259050369262695,8.927011489868164,2.821927785873413,0.03044961579144001,3.6786673069000244,0.0,3.9716567993164062,4.618842601776123,9.42066764831543,0.0,5.119200706481934,6.0508551597595215
0.0,0.764315128326416,0.0,6.673052787780762,6.639561176300049,3.7406632900238037,0.0,6.374271392822266,0.0,1.5039161443710327,2.0379247665405273,12.294529914855957,4.356966495513916,1.8879766464233398,1.6151700019836426,4.274779319763184,5.374724864959717,0.3105902671813965,4.623607635498047,0.0,0.0,13.259050369262695,8.927011489868164,2.821927785873413,0.03044961579144001,3.6786673069000244,0.0,3.9716567993164062,4.618842601776123,9.42066764831543,0.0,5.119200706481934,6.0508551597595215
0.0,0.764315128326416,0.0,6.673052787780762,6.639561176300049,3.7406632900238037,0.0,6.374271392822266,0.0,1.5039161443710327,2.0379247665405273,12.294529914855957,4.356966495513916,1.8879766464233398,1.6151700019836426,4.274779319763184,5.374724864959717,0.3105902671813965,4.623607635498047,0.0,0.0,13.259050369262695,8.927011489868164,2.821927785873413,0.03044961579144001,3.6786673069000244,0.0,3.9716567993164062,4.618842601776123,9.42066764831543,0.0,5.119200706481934,6.0508551597595215
0.0,0.764315128326416,0.0,6.673052787780762,6.639561176300049,3.7406632900238037,0.0,6.374271392822266,0.0,1.5039161443710327,2.0379247665405273,12.294529914855957,4.356966495513916,1.8879766464233398,1.6151700019836426,4.274779319763184,5.374724864959717,0.3105902671813965,4.623607635498047,0.0,0.0,13.259050369262695,8.927011489868164,2.821927785873413,0.03044961579144001,3.6786673069000244,0.0,3.9716567993164062,4.618842601776123,9.42066764831543,0.0,5.119200706481934,6.0508551597595215
0.0,0.764315128326416,0.0,6.673052787780762,6.639561176300049,3.7406632900238037,0.0,6.374271392822266,0.0,1.5039161443710327,2.0379247665405273,12.294529914855957,4.356966495513916,1.8879766464233398,1.6151700019836426,4.274779319763184,5.374724864959717,0.3105902671813965,4.623607635498047,0.0,0.0,13.259050369262695,8.927011489868164,2.821927785873413,0.03044961579144001,3.6786673069000244,0.0,3.9716567993164062,4.618842601776123,9.42066764831543,0.0,5.119200706481934,6.0508551597595215
0.0,0.764315128326416,0.0,6.673052787780762,6.639561176300049,3.7406632900238037,0.0,6.374271392822266,0.0,1.5039161443710327,2.0379247665405273,12.294529914855957,4.356966495513916,1.8879766464233398,1.6151700019836426,4.274779319763184,5.374724864959717,0.3105902671813965,4.623607635498047,0.0,0.0,13.259050369262695,8.927011489868164,2.821927785873413,0.03044961579144001,3.6786673069000244,0.0,3.9716567993164062,4.618842601776123,9.42066764831543,0.0,5.119200706481934,6.0508551597595215
0.0,0.764315128326416,0.0,6.673052787780762,6.639561176300049,3.7406632900238037,0.0,6.374271392822266,0.0,1.5039161443710327,2.0379247665405273,12.294529914855957,4.356966495513916,1.8879766464233398,1.6151700019836426,4.274779319763184,5.374724864959717,0.3105902671813965,4.623607635498047,0.0,0.0,13.259050369262695,8.927011489868164,2.821927785873413,0.03044961579144001,3.6786673069000244,0.0,3.9716567993164062,4.618842601776123,9.42066764831543,0.0,5.119200706481934,6.0508551597595215
0.0,0.764315128326416,0.0,6.673052787780762,6.639561176300049,3.7406632900238037,0.0,6.374271392822266,0.0,1.5039161443710327,2.0379247665405273,12.294529914855957,4.356966495513916,1.8879766464233398,1.6151700019836426,4.274779319763184,5.374724864959717,0.3105902671813965,4.623607635498047,0.0,0.0,13.259050369262695,8.927011489868164,2.821927785873413,0.03044961579144001,3.6786673069000244,0.0,3.9716567993164062,4.618842601776123,9.42066764831543,0.0,5.119200706481934,6.0508551597595215
0.0,0.764315128326416,0.0,6.673052787780762,6.639561176300049,3.7406632900238037,0.0,6.374271392822266,0.0,1.5039161443710327,2.0379247665405273,12.294529914855957,4.356966495513916,1.8879766464233398,1.6151700019836426,4.274779319763184,5.374724864959717,0.3105902671813965,4.623607635498047,0.0,0.0,13.259050369262695,8.927011489868164,2.821927785873413,0.03044961579144001,3.6786673069000244,0.0,3.9716567993164062,4.618842601776123,9.42066764831543,0.0,5.119200706481934,6.0508551597595215
0.0,0.764315128326416,0.0,6.673052787780762,6.639561176300049,3.7406632900238037,0.0,6.374271392822266,0.0,1.5039161443710327,2.0379247665405273,12.294529914855957,4.356966495513916,1.8879766464233398,1.6151700019836426,4.274779319763184,5.374724864959717,0.3105902671813965,4.623607635498047,0.0,0.0,13.259050369262695,8.927011489868164,2.821927785873413,0.03044961579144001,3.6786673069000244,0.0,3.9716567993164062,4.618842601776123,9.42066764831543,0.0,5.119200706481934,6.0508551597595215
0.0,0.0,0.0,5.961752891540527,6.263570785522461,4.729583263397217,0.0,4.638884544372559,0.0,2.6739909648895264,2.020921230316162,12.739532470703125,7.0325422286987305,1.3656843900680542,0.0,3.781409978866577,6.485020160675049,0.0,2.2096006870269775,0.0,0.0,11.68946361541748,8.243587493896484,0.9346229434013367,0.0,3.4731500148773193,0.0,3.730919122695923,4.6646599769592285,8.175833702087402,0.0,3.0112721920013428,5.054368495941162
0.0,0.0,0.0,5.961752891540527,6.263570785522461,4.729583263397217,0.0,4.638884544372559,0.0,2.6739909648895264,2.020921230316162,12.739532470703125,7.0325422286987305,1.3656843900680542,0.0,3.781409978866577,6.485020160675049,0.0,2.2096006870269775,0.0,0.0,11.68946361541748,8.243587493896484,0.9346229434013367,0.0,3.4731500148773193,0.0,3.730919122695923,4.6646599769592285,8.175833702087402,0.0,3.0112721920013428,5.054368495941162
0.0,0.0,0.0,5.961752891540527,6.263570785522461,4.729583263397217,0.0,4.638884544372559,0.0,2.6739909648895264,2.020921230316162,12.739532470703125,7.0325422286987305,1.3656843900680542,0.0,3.781409978866577,6.485020160675049,0.0,2.2096006870269775,0.0,0.0,11.68946361541748,8.243587493896484,0.9346229434013367,0.0,3.4731500148773193,0.0,3.730919122695923,4.6646599769592285,8.175833702087402,0.0,3.0112721920013428,5.054368495941162
0.0,0.0,0.0,5.961752891540527,6.263570785522461,4.729583263397217,0.0,4.638884544372559,0.0,2.6739909648895264,2.020921230316162,12.739532470703125,7.0325422286987305,1.3656843900680542,0.0,3.781409978866577,6.485020160675049,0.0,2.2096006870269775,0.0,0.0,11.68946361541748,8.243587493896484,0.9346229434013367,0.0,3.4731500148773193,0.0,3.730919122695923,4.6646599769592285,8.175833702087402,0.0,3.0112721920013428,5.054368495941162
0.0,0.0,0.0,5.961752891540527,6.263570785522461,4.729583263397217,0.0,4.638884544372559,0.0,2.6739909648895264,2.020921230316162,12.739532470703125,7.0325422286987305,1.3656843900680542,0.0,3.781409978866577,6.485020160675049,0.0,2.2096006870269775,0.0,0.0,11.68946361541748,8.243587493896484,0.9346229434013367,0.0,3.4731500148773193,0.0,3.730919122695923,4.6646599769592285,8.175833702087402,0.0,3.0112721920013428,5.054368495941162
0.0,0.0,0.0,5.961752891540527,6.263570785522461,4.729583263397217,0.0,4.638884544372559,0.0,2.6739909648895264,2.020921230316162,12.739532470703125,7.0325422286987305,1.3656843900680542,0.0,3.781409978866577,6.485020160675049,0.0,2.2096006870269775,0.0,0.0,11.68946361541748,8.243587493896484,0.9346229434013367,0.0,3.4731500148773193,0.0,3.730919122695923,4.6646599769592285,8.175833702087402,0.0,3.0112721920013428,5.054368495941162
0.0,0.0,0.0,5.961752891540527,6.263570785522461,4.729583263397217,0.0,4.638884544372559,0.0,2.6739909648895264,2.020921230316162,12.739532470703125,7.0325422286987305,1.3656843900680542,0.0,3.781409978866577,6.485020160675049,0.0,2.2096006870269775,0.0,0.0,11.68946361541748,8.243587493896484,0.9346229434013367,0.0,3.4731500148773193,0.0,3.730919122695923,4.6646599769592285,8.175833702087402,0.0,3.0112721920013428,5.054368495941162
0.0,0.0,0.0,5.961752891540527,6.263570785522461,4.729583263397217,0.0,4.638884544372559,0.0,2.6739909648895264,2.020921230316162,12.739532470703125,7.0325422286987305,1.3656843900680542,0.0,3.781409978866577,6.485020160675049,0.0,2.2096006870269775,0.0,0.0,11.68946361541748,8.243587493896484,0.9346229434013367,0.0,3.4731500148773193,0.0,3.730919122695923,4.6646599769592285,8.175833702087402,0.0,3.0112721920013428,5.054368495941162
0.0,0.0,0.0,5.961752891540527,6.263570785522461,4.729583263397217,0.0,4.638884544372559,0.0,2.6739909648895264,2.020921230316162,12.739532470703125,7.0325422286987305,1.3656843900680542,0.0,3.781409978866577,6.485020160675049,0.0,2.2096006870269775,0.0,0.0,11.68946361541748,8.243587493896484,0.9346229434013367,0.0,3.4731500148773193,0.0,3.730919122695923,4.6646599769592285,8.175833702087402,0.0,3.0112721920013428,5.054368495941162
0.0,0.0,0.0,5.961752891540527,6.263570785522461,4.729583263397217,0.0,4.638884544372559,0.0,2.6739909648895264,2.020921230316162,12.739532470703125,7.0325422286987305,1.3656843900680542,0.0,3.781409978866577,6.485020160675049,0.0,2.2096006870269775,0.0,0.0,11.68946361541748,8.243587493896484,0.9346229434013367,0.0,3.4731500148773193,0.0,3.730919122695923,4.6646599769592285,8.175833702087402,0.0,3.0112721920013428,5.054368495941162
0.0,0.0,0.0,5.961752891540527,6.263570785522461,4.729583263397217,0.0,4.638884544372559,0.0,2.6739909648895264,2.020921230316162,12.739532470703125,7.0325422286987305,1.3656843900680542,0.0,3.781409978866577,6.485020160675049,0.0,2.2096006870269775,0.0,0.0,11.68946361541748,8.243587493896484,0.9346229434013367,0.0,3.4731500148773193,0.0,3.730919122695923,4.6646599769592285,8.175833702087402,0.0,3.0112721920013428,5.054368495941162
0.0,0.0,0.0,5.961752891540527,6.263570785522461,4.729583263397217,0.0,4.638884544372559,0.0,2.6739909648895264,2.020921230316162,12.739532470703125,7.0325422286987305,1.3656843900680542,0.0,3.781409978866577,6.485020160675049,0.0,2.2096006870269775,0.0,0.0,11.68946361541748,8.243587493896484,0.9346229434013367,0.0,3.4731500148773193,0.0,3.730919122695923,4.6646599769592285,8.175833702087402,0.0,3.0112721920013428,5.054368495941162
0.0,0.0,0.0,5.961752891540527,6.263570785522461,4.729583263397217,0.0,4.638884544372559,0.0,2.6739909648895264,2.020921230316162,12.739532470703125,7.0325422286987305,1.3656843900680542,0.0,3.781409978866577,6.485020160675049,0.0,2.2096006870269775,0.0,0.0,11.68946361541748,8.243587493896484,0.9346229434013367,0.0,3.4731500148773193,0.0,3.730919122695923,4.6646599769592285,8.175833702087402,0.0,3.0112721920013428,5.054368495941162
0.0,0.0,0.0,5.961752891540527,6.263570785522461,4.729583263397217,0.0,4.638884544372559,0.0,2.6739909648895264,2.020921230316162,12.739532470703125,7.0325422286987305,1.3656843900680542,0.0,3.781409978866577,6.485020160675049,0.0,2.2096006870269775,0.0,0.0,11.68946361541748,8.243587493896484,0.9346229434013367,0.0,3.4731500148773193,0.0,3.730919122695923,4.6646599769592285,8.175833702087402,0.0,3.0112721920013428,5.054368495941162
0.0,0.0,0.0,5.961752891540527,6.263570785522461,4.729583263397217,0.0,4.638884544372559,0.0,2.6739909648895264,2.020921230316162,12.739532470703125,7.0325422286987305,1.3656843900680542,0.0,3.781409978866577,6.485020160675049,0.0,2.2096006870269775,0.0,0.0,11.68946361541748,8.243587493896484,0.9346229434013367,0.0,3.4731500148773193,0.0,3.730919122695923,4.6646599769592285,8.175833702087402,0.0,3.0112721920013428,5.054368495941162
0.0,0.0,0.0,5.961752891540527,6.263570785522461,4.729583263397217,0.0,4.638884544372559,0.0,2.6739909648895264,2.020921230316162,12.739532470703125,7.0325422286987305,1.3656843900680542,0.0,3.781409978866577,6.485020160675049,0.0,2.2096006870269775,0.0,0.0,11.68946361541748,8.243587493896484,0.9346229434013367,0.0,3.4731500148773193,0.0,3.730919122695923,4.6646599769592285,8.175833702087402,0.0,3.0112721920013428,5.054368495941162
0.0,0.0,0.0,5.961752891540527,6.263570785522461,4.729583263397217,0.0,4.638884544372559,0.0,2.6739909648895264,2.020921230316162,12.739532470703125,7.0325422286987305,1.3656843900680542,0.0,3.781409978866577,6.485020160675049,0.0,2.2096006870269775,0.0,0.0,11.68946361541748,8.243587493896484,0.9346229434013367,0.0,3.4731500148773193,0.0,3.730919122695923,4.6646599769592285,8.175833702087402,0.0,3.0112721920013428,5.054368495941162
0.0,0.0,0.0,5.961752891540527,6.263570785522461,4.729583263397217,0.0,4.638884544372559,0.0,2.6739909648895264,2.020921230316162,12.739532470703125,7.0325422286987305,1.3656843900680542,0.0,3.781409978866577,6.485020160675049,0.0,2.2096006870269775,0.0,0.0,11.68946361541748,8.243587493896484,0.9346229434013367,0.0,3.4731500148773193,0.0,3.730919122695923,4.6646599769592285,8.175833702087402,0.0,3.0112721920013428,5.054368495941162
0.0,0.0,0.0,5.961752891540527,6.263570785522461,4.729583263397217,0.0,4.638884544372559,0.0,2.6739909648895264,2.020921230316162,12.739532470703125,7.0325422286987305,1.3656843900680542,0.0,3.781409978866577,6.485020160675049,0.0,2.2096006870269775,0.0,0.0,11.68946361541748,8.243587493896484,0.9346229434013367,0.0,3.4731500148773193,0.0,3.730919122695923,4.6646599769592285,8.175833702087402,0.0,3.0112721920013428,5.054368495941162
0.0,0.0,0.0,5.961752891540527,6.263570785522461,4.729583263397217,0.0,4.638884544372559,0.0,2.6739909648895264,2.020921230316162,12.739532470703125,7.0325422286987305,1.3656843900680542,0.0,3.781409978866577,6.485020160675049,0.0,2.2096006870269775,0.0,0.0,11.68946361541748,8.243587493896484,0.9346229434013367,0.0,3.4731500148773193,0.0,3.730919122695923,4.6646599769592285,8.175833702087402,0.0,3.0112721920013428,5.054368495941162
0.0,0.0,0.0,3.9046790599823,7.303370952606201,2.133948564529419,0.0,7.230799198150635,0.0,7.811026096343994,5.7206220626831055,13.967904090881348,7.88148307800293,1.0624793767929077,0.0,4.635037422180176,4.165787696838379,0.0,1.6058168411254883,0.0,0.0,14.050444602966309,8.67001724243164,2.8087284564971924,0.0,4.1065216064453125,0.09135328233242035,2.6785190105438232,4.795962810516357,9.937074661254883,0.0,1.1328679323196411,6.4022626876831055
0.0,0.0,0.0,3.9046790599823,7.303370952606201,2.133948564529419,0.0,7.230799198150635,0.0,7.811026096343994,5.7206220626831055,13.967904090881348,7.88148307800293,1.0624793767929077,0.0,4.635037422180176,4.165787696838379,0.0,1.6058168411254883,0.0,0.0,14.050444602966309,8.67001724243164,2.8087284564971924,0.0,4.1065216064453125,0.09135328233242035,2.6785190105438232,4.795962810516357,9.937074661254883,0.0,1.1328679323196411,6.4022626876831055
0.0,0.0,0.0,3.9046790599823,7.303370952606201,2.133948564529419,0.0,7.230799198150635,0.0,7.811026096343994,5.7206220626831055,13.967904090881348,7.88148307800293,1.0624793767929077,0.0,4.635037422180176,4.165787696838379,0.0,1.6058168411254883,0.0,0.0,14.050444602966309,8.67001724243164,2.8087284564971924,0.0,4.1065216064453125,0.09135328233242035,2.6785190105438232,4.795962810516357,9.937074661254883,0.0,1.1328679323196411,6.4022626876831055
0.0,0.0,0.0,3.9046790599823,7.303370952606201,2.133948564529419,0.0,7.230799198150635,0.0,7.811026096343994,5.7206220626831055,13.967904090881348,7.88148307800293,1.0624793767929077,0.0,4.635037422180176,4.165787696838379,0.0,1.6058168411254883,0.0,0.0,14.050444602966309,8.67001724243164,2.8087284564971924,0.0,4.1065216064453125,0.09135328233242035,2.6785190105438232,4.795962810516357,9.937074661254883,0.0,1.1328679323196411,6.4022626876831055
0.0,0.0,0.0,3.9046790599823,7.303370952606201,2.133948564529419,0.0,7.230799198150635,0.0,7.811026096343994,5.7206220626831055,13.967904090881348,7.88148307800293,1.0624793767929077,0.0,4.635037422180176,4.165787696838379,0.0,1.6058168411254883,0.0,0.0,14.050444602966309,8.67001724243164,2.8087284564971924,0.0,4.1065216064453125,0.09135328233242035,2.6785190105438232,4.795962810516357,9.937074661254883,0.0,1.1328679323196411,6.4022626876831055
0.0,0.0,0.0,3.9046790599823,7.303370952606201,2.133948564529419,0.0,7.230799198150635,0.0,7.811026096343994,5.7206220626831055,13.967904090881348,7.88148307800293,1.0624793767929077,0.0,4.635037422180176,4.165787696838379,0.0,1.6058168411254883,0.0,0.0,14.050444602966309,8.67001724243164,2.8087284564971924,0.0,4.1065216064453125,0.09135328233242035,2.6785190105438232,4.795962810516357,9.937074661254883,0.0,1.1328679323196411,6.4022626876831055
0.0,0.0,0.0,3.9046790599823,7.303370952606201,2.133948564529419,0.0,7.230799198150635,0.0,7.811026096343994,5.7206220626831055,13.967904090881348,7.88148307800293,1.0624793767929077,0.0,4.635037422180176,4.165787696838379,0.0,1.6058168411254883,0.0,0.0,14.050444602966309,8.67001724243164,2.8087284564971924,0.0,4.1065216064453125,0.09135328233242035,2.6785190105438232,4.795962810516357,9.937074661254883,0.0,1.1328679323196411,6.4022626876831055
0.0,0.0,0.0,3.9046790599823,7.303370952606201,2.133948564529419,0.0,7.230799198150635,0.0,7.811026096343994,5.7206220626831055,13.967904090881348,7.88148307800293,1.0624793767929077,0.0,4.635037422180176,4.165787696838379,0.0,1.6058168411254883,0.0,0.0,14.050444602966309,8.67001724243164,2.8087284564971924,0.0,4.1065216064453125,0.09135328233242035,2.6785190105438232,4.795962810516357,9.937074661254883,0.0,1.1328679323196411,6.4022626876831055
0.0,0.0,0.0,3.9046790599823,7.303370952606201,2.133948564529419,0.0,7.230799198150635,0.0,7.811026096343994,5.7206220626831055,13.967904090881348,7.88148307800293,1.0624793767929077,0.0,4.635037422180176,4.165787696838379,0.0,1.6058168411254883,0.0,0.0,14.050444602966309,8.67001724243164,2.8087284564971924,0.0,4.1065216064453125,0.09135328233242035,2.6785190105438232,4.795962810516357,9.937074661254883,0.0,1.1328679323196411,6.4022626876831055
0.0,0.0,0.0,3.9046790599823,7.303370952606201,2.133948564529419,0.0,7.230799198150635,0.0,7.811026096343994,5.7206220626831055,13.967904090881348,7.88148307800293,1.0624793767929077,0.0,4.635037422180176,4.165787696838379,0.0,1.6058168411254883,0.0,0.0,14.050444602966309,8.67001724243164,2.8087284564971924,0.0,4.1065216064453125,0.09135328233242035,2.6785190105438232,4.795962810516357,9.937074661254883,0.0,1.1328679323196411,6.4022626876831055
0.0,0.0,0.0,3.9046790599823,7.303370952606201,2.133948564529419,0.0,7.230799198150635,0.0,7.811026096343994,5.7206220626831055,13.967904090881348,7.88148307800293,1.0624793767929077,0.0,4.635037422180176,4.165787696838379,0.0,1.6058168411254883,0.0,0.0,14.050444602966309,8.67001724243164,2.8087284564971924,0.0,4.1065216064453125,0.09135328233242035,2.6785190105438232,4.795962810516357,9.937074661254883,0.0,1.1328679323196411,6.4022626876831055
0.0,0.0,0.0,3.9046790599823,7.303370952606201,2.133948564529419,0.0,7.230799198150635,0.0,7.811026096343994,5.7206220626831055,13.967904090881348,7.88148307800293,1.0624793767929077,0.0,4.635037422180176,4.165787696838379,0.0,1.6058168411254883,0.0,0.0,14.050444602966309,8.67001724243164,2.8087284564971924,0.0,4.1065216064453125,0.09135328233242035,2.6785190105438232,4.795962810516357,9.937074661254883,0.0,1.1328679323196411,6.4022626876831055
0.0,0.0,0.0,3.9046790599823,7.303370952606201,2.133948564529419,0.0,7.230799198150635,0.0,7.811026096343994,5.7206220626831055,13.967904090881348,7.88148307800293,1.0624793767929077,0.0,4.635037422180176,4.165787696838379,0.0,1.6058168411254883,0.0,0.0,14.050444602966309,8.67001724243164,2.8087284564971924,0.0,4.1065216064453125,0.09135328233242035,2.6785190105438232,4.795962810516357,9.937074661254883,0.0,1.1328679323196411,6.4022626876831055
0.0,0.0,0.0,3.9046790599823,7.303370952606201,2.133948564529419,0.0,7.230799198150635,0.0,7.811026096343994,5.7206220626831055,13.967904090881348,7.88148307800293,1.0624793767929077,0.0,4.635037422180176,4.165787696838379,0.0,1.6058168411254883,0.0,0.0,14.050444602966309,8.67001724243164,2.8087284564971924,0.0,4.1065216064453125,0.09135328233242035,2.6785190105438232,4.795962810516357,9.937074661254883,0.0,1.1328679323196411,6.4022626876831055
0.0,0.0,0.0,3.9046790599823,7.303370952606201,2.133948564529419,0.0,7.230799198150635,0.0,7.811026096343994,5.7206220626831055,13.967904090881348,7.88148307800293,1.0624793767929077,0.0,4.635037422180176,4.165787696838379,0.0,1.6058168411254883,0.0,0.0,14.050444602966309,8.67001724243164,2.8087284564971924,0.0,4.1065216064453125,0.09135328233242035,2.6785190105438232,4.795962810516357,9.937074661254883,0.0,1.1328679323196411,6.4022626876831055
0.0,0.0,0.0,3.9046790599823,7.303370952606201,2.133948564529419,0.0,7.230799198150635,0.0,7.811026096343994,5.7206220626831055,13.967904090881348,7.88148307800293,1.0624793767929077,0.0,4.635037422180176,4.165787696838379,0.0,1.6058168411254883,0.0,0.0,14.050444602966309,8.67001724243164,2.8087284564971924,0.0,4.1065216064453125,0.09135328233242035,2.6785190105438232,4.795962810516357,9.937074661254883,0.0,1.1328679323196411,6.4022626876831055
0.0,0.0,0.0,3.9046790599823,7.303370952606201,2.133948564529419,0.0,7.230799198150635,0.0,7.811026096343994,5.7206220626831055,13.967904090881348,7.88148307800293,1.0624793767929077,0.0,4.635037422180176,4.165787696838379,0.0,1.6058168411254883,0.0,0.0,14.050444602966309,8.67001724243164,2.8087284564971924,0.0,4.1065216064453125,0.09135328233242035,2.6785190105438232,4.795962810516357,9.937074661254883,0.0,1.1328679323196411,6.4022626876831055
0.0,0.0,0.0,3.9046790599823,7.303370952606201,2.133948564529419,0.0,7.230799198150635,0.0,7.811026096343994,5.7206220626831055,13.967904090881348,7.88148307800293,1.0624793767929077,0.0,4.635037422180176,4.165787696838379,0.0,1.6058168411254883,0.0,0.0,14.050444602966309,8.67001724243164,2.8087284564971924,0.0,4.1065216064453125,0.09135328233242035,2.6785190105438232,4.795962810516357,9.937074661254883,0.0,1.1328679323196411,6.4022626876831055
0.0,0.0,0.0,3.9046790599823,7.303370952606201,2.133948564529419,0.0,7.230799198150635,0.0,7.811026096343994,5.7206220626831055,13.967904090881348,7.88148307800293,1.0624793767929077,0.0,4.635037422180176,4.165787696838379,0.0,1.6058168411254883,0.0,0.0,14.050444602966309,8.67001724243164,2.8087284564971924,0.0,4.1065216064453125,0.09135328233242035,2.6785190105438232,4.795962810516357,9.937074661254883,0.0,1.1328679323196411,6.4022626876831055
0.0,0.0,0.0,3.9046790599823,7.303370952606201,2.133948564529419,0.0,7.230799198150635,0.0,7.811026096343994,5.7206220626831055,13.967904090881348,7.88148307800293,1.0624793767929077,0.0,4.635037422180176,4.165787696838379,0.0,1.6058168411254883,0.0,0.0,14.050444602966309,8.67001724243164,2.8087284564971924,0.0,4.1065216064453125,0.09135328233242035,2.6785190105438232,4.795962810516357,9.937074661254883,0.0,1.1328679323196411,6.4022626876831055
0.0,0.0,0.0,3.9542346000671387,7.538432598114014,2.1677064895629883,0.0,7.2828450202941895,0.0,7.904852390289307,5.762514114379883,14.25314712524414,8.056693077087402,1.052916407585144,0.0,4.614735126495361,4.333585262298584,0.0,1.6773831844329834,0.0,0.0,14.167693138122559,8.770111083984375,2.7904388904571533,0.0,4.1656389236450195,0.10079632699489594,2.7021470069885254,4.810575485229492,10.010272979736328,0.0,1.1627718210220337,6.487889289855957
0.0,0.0,0.0,3.9542346000671387,7.538432598114014,2.1677064895629883,0.0,7.2828450202941895,0.0,7.904852390289307,5.762514114379883,14.25314712524414,8.056693077087402,1.052916407585144,0.0,4.614735126495361,4.333585262298584,0.0,1.6773831844329834,0.0,0.0,14.167693138122559,8.770111083984375,2.7904388904571533,0.0,4.1656389236450195,0.10079632699489594,2.7021470069885254,4.810575485229492,10.010272979736328,0.0,1.1627718210220337,6.487889289855957
0.0,0.0,0.0,3.9542346000671387,7.538432598114014,2.1677064895629883,0.0,7.2828450202941895,0.0,7.904852390289307,5.762514114379883,14.25314712524414,8.056693077087402,1.052916407585144,0.0,4.614735126495361,4.333585262298584,0.0,1.6773831844329834,0.0,0.0,14.167693138122559,8.770111083984375,2.7904388904571533,0.0,4.1656389236450195,0.10079632699489594,2.7021470069885254,4.810575485229492,10.010272979736328,0.0,1.1627718210220337,6.487889289855957
0.0,0.0,0.0,3.9542346000671387,7.538432598114014,2.1677064895629883,0.0,7.2828450202941895,0.0,7.904852390289307,5.762514114379883,14.25314712524414,8.056693077087402,1.052916407585144,0.0,4.614735126495361,4.333585262298584,0.0,1.6773831844329834,0.0,0.0,14.167693138122559,8.770111083984375,2.7904388904571533,0.0,4.1656389236450195,0.10079632699489594,2.7021470069885254,4.810575485229492,10.010272979736328,0.0,1.1627718210220337,6.487889289855957
0.0,0.0,0.0,3.9542346000671387,7.538432598114014,2.1677064895629883,0.0,7.2828450202941895,0.0,7.904852390289307,5.762514114379883,14.25314712524414,8.056693077087402,1.052916407585144,0.0,4.614735126495361,4.333585262298584,0.0,1.6773831844329834,0.0,0.0,14.167693138122559,8.770111083984375,2.7904388904571533,0.0,4.1656389236450195,0.10079632699489594,2.7021470069885254,4.810575485229492,10.010272979736328,0.0,1.1627718210220337,6.487889289855957
0.0,0.0,0.0,3.9542346000671387,7.538432598114014,2.1677064895629883,0.0,7.2828450202941895,0.0,7.904852390289307,5.762514114379883,14.25314712524414,8.056693077087402,1.052916407585144,0.0,4.614735126495361,4.333585262298584,0.0,1.6773831844329834,0.0,0.0,14.167693138122559,8.770111083984375,2.7904388904571533,0.0,4.1656389236450195,0.10079632699489594,2.7021470069885254,4.810575485229492,10.010272979736328,0.0,1.1627718210220337,6.487889289855957
0.0,0.0,0.0,3.9542346000671387,7.538432598114014,2.1677064895629883,0.0,7.2828450202941895,0.0,7.904852390289307,5.762514114379883,14.25314712524414,8.056693077087402,1.052916407585144,0.0,4.614735126495361,4.333585262298584,0.0,1.6773831844329834,0.0,0.0,14.167693138122559,8.770111083984375,2.7904388904571533,0.0,4.1656389236450195,0.10079632699489594,2.7021470069885254,4.810575485229492,10.010272979736328,0.0,1.1627718210220337,6.487889289855957
0.0,0.0,0.0,3.9542346000671387,7.538432598114014,2.1677064895629883,0.0,7.2828450202941895,0.0,7.904852390289307,5.762514114379883,14.25314712524414,8.056693077087402,1.052916407585144,0.0,4.614735126495361,4.333585262298584,0.0,1.6773831844329834,0.0,0.0,14.167693138122559,8.770111083984375,2.7904388904571533,0.0,4.1656389236450195,0.10079632699489594,2.7021470069885254,4.810575485229492,10.010272979736328,0.0,1.1627718210220337,6.487889289855957
0.0,0.0,0.0,3.9542346000671387,7.538432598114014,2.1677064895629883,0.0,7.2828450202941895,0.0,7.904852390289307,5.762514114379883,14.25314712524414,8.056693077087402,1.052916407585144,0.0,4.614735126495361,4.333585262298584,0.0,1.6773831844329834,0.0,0.0,14.167693138122559,8.770111083984375,2.7904388904571533,0.0,4.1656389236450195,0.10079632699489594,2.7021470069885254,4.810575485229492,10.010272979736328,0.0,1.1627718210220337,6.487889289855957
0.0,0.0,0.0,3.9542346000671387,7.538432598114014,2.1677064895629883,0.0,7.2828450202941895,0.0,7.904852390289307,5.762514114379883,14.25314712524414,8.056693077087402,1.052916407585144,0.0,4.614735126495361,4.333585262298584,0.0,1.6773831844329834,0.0,0.0,14.167693138122559,8.770111083984375,2.7904388904571533,0.0,4.1656389236450195,0.10079632699489594,2.7021470069885254,4.810575485229492,10.010272979736328,0.0,1.1627718210220337,6.487889289855957
0.0,0.0,0.0,3.9542346000671387,7.538432598114014,2.1677064895629883,0.0,7.2828450202941895,0.0,7.904852390289307,5.762514114379883,14.25314712524414,8.056693077087402,1.052916407585144,0.0,4.614735126495361,4.333585262298584,0.0,1.6773831844329834,0.0,0.0,14.167693138122559,8.770111083984375,2.7904388904571533,0.0,4.1656389236450195,0.10079632699489594,2.7021470069885254,4.810575485229492,10.010272979736328,0.0,1.1627718210220337,6.487889289855957
0.0,0.0,0.0,3.9542346000671387,7.538432598114014,2.1677064895629883,0.0,7.2828450202941895,0.0,7.904852390289307,5.762514114379883,14.25314712524414,8.056693077087402,1.052916407585144,0.0,4.614735126495361,4.333585262298584,0.0,1.6773831844329834,0.0,0.0,14.167693138122559,8.770111083984375,2.7904388904571533,0.0,4.1656389236450195,0.10079632699489594,2.7021470069885254,4.810575485229492,10.010272979736328,0.0,1.1627718210220337,6.487889289855957
0.0,0.0,0.0,3.9542346000671387,7.538432598114014,2.1677064895629883,0.0,7.2828450202941895,0.0,7.904852390289307,5.762514114379883,14.25314712524414,8.056693077087402,1.052916407585144,0.0,4.614735126495361,4.333585262298584,0.0,1.6773831844329834,0.0,0.0,14.167693138122559,8.770111083984375,2.7904388904571533,0.0,4.1656389236450195,0.10079632699489594,2.7021470069885254,4.810575485229492,10.010272979736328,0.0,1.1627718210220337,6.487889289855957
0.0,0.0,0.0,3.9542346000671387,7.538432598114014,2.1677064895629883,0.0,7.2828450202941895,0.0,7.904852390289307,5.762514114379883,14.25314712524414,8.056693077087402,1.052916407585144,0.0,4.614735126495361,4.333585262298584,0.0,1.6773831844329834,0.0,0.0,14.167693138122559,8.770111083984375,2.7904388904571533,0.0,4.1656389236450195,0.10079632699489594,2.7021470069885254,4.810575485229492,10.010272979736328,0.0,1.1627718210220337,6.487889289855957
0.0,0.0,0.0,3.9542346000671387,7.538432598114014,2.1677064895629883,0.0,7.2828450202941895,0.0,7.904852390289307,5.762514114379883,14.25314712524414,8.056693077087402,1.052916407585144,0.0,4.614735126495361,4.333585262298584,0.0,1.6773831844329834,0.0,0.0,14.167693138122559,8.770111083984375,2.7904388904571533,0.0,4.1656389236450195,0.10079632699489594,2.7021470069885254,4.810575485229492,10.010272979736328,0.0,1.1627718210220337,6.487889289855957
0.0,0.0,0.0,3.9542346000671387,7.538432598114014,2.1677064895629883,0.0,7.2828450202941895,0.0,7.904852390289307,5.762514114379883,14.25314712524414,8.056693077087402,1.052916407585144,0.0,4.614735126495361,4.333585262298584,0.0,1.6773831844329834,0.0,0.0,14.167693138122559,8.770111083984375,2.7904388904571533,0.0,4.1656389236450195,0.10079632699489594,2.7021470069885254,4.810575485229492,10.010272979736328,0.0,1.1627718210220337,6.487889289855957
0.0,0.0,0.0,3.9542346000671387,7.538432598114014,2.1677064895629883,0.0,7.2828450202941895,0.0,7.904852390289307,5.762514114379883,14.25314712524414,8.056693077087402,1.052916407585144,0.0,4.614735126495361,4.333585262298584,0.0,1.6773831844329834,0.0,0.0,14.167693138122559,8.770111083984375,2.7904388904571533,0.0,4.1656389236450195,0.10079632699489594,2.7021470069885254,4.810575485229492,10.010272979736328,0.0,1.1627718210220337,6.487889289855957
0.0,0.0,0.0,3.9542346000671387,7.538432598114014,2.1677064895629883,0.0,7.2828450202941895,0.0,7.904852390289307,5.762514114379883,14.25314712524414,8.056693077087402,1.052916407585144,0.0,4.614735126495361,4.333585262298584,0.0,1.6773831844329834,0.0,0.0,14.167693138122559,8.770111083984375,2.7904388904571533,0.0,4.1656389236450195,0.10079632699489594,2.7021470069885254,4.810575485229492,10.010272979736328,0.0,1.1627718210220337,6.487889289855957
0.0,0.0,0.0,3.9542346000671387,7.538432598114014,2.1677064895629883,0.0,7.2828450202941895,0.0,7.904852390289307,5.762514114379883,14.25314712524414,8.056693077087402,1.052916407585144,0.0,4.614735126495361,4.333585262298584,0.0,1.6773831844329834,0.0,0.0,14.167693138122559,8.770111083984375,2.7904388904571533,0.0,4.1656389236450195,0.10079632699489594,2.7021470069885254,4.810575485229492,10.010272979736328,0.0,1.1627718210220337,6.487889289855957
0.0,0.0,0.0,3.9542346000671387,7.538432598114014,2.1677064895629883,0.0,7.2828450202941895,0.0,7.904852390289307,5.762514114379883,14.25314712524414,8.056693077087402,1.052916407585144,0.0,4.614735126495361,4.333585262298584,0.0,1.6773831844329834,0.0,0.0,14.167693138122559,8.770111083984375,2.7904388904571533,0.0,4.1656389236450195,0.10079632699489594,2.7021470069885254,4.810575485229492,10.010272979736328,0.0,1.1627718210220337,6.487889289855957
0.0,9.256869316101074,0.0,7.782227039337158,12.801101684570312,0.4656311273574829,0.0,13.396100044250488,0.0,5.332277774810791,6.671236038208008,18.158254623413086,5.025635719299316,2.460550546646118,7.695599555969238,3.8102762699127197,2.9533989429473877,5.875395774841309,11.416932106018066,2.1063413619995117,8.005158424377441,19.116241455078125,11.313692092895508,10.67641830444336,8.300466537475586,4.869415283203125,8.24630069732666,2.627918243408203,3.5089845657348633,13.788215637207031,0.0,6.621035575866699,12.052382469177246
0.0,9.256869316101074,0.0,7.782227039337158,12.801101684570312,0.4656311273574829,0.0,13.396100044250488,0.0,5.332277774810791,6.671236038208008,18.158254623413086,5.025635719299316,2.460550546646118,7.695599555969238,3.8102762699127197,2.9533989429473877,5.875395774841309,11.416932106018066,2.1063413619995117,8.005158424377441,19.116241455078125,11.313692092895508,10.67641830444336,8.300466537475586,4.869415283203125,8.24630069732666,2.627918243408203,3.5089845657348633,13.788215637207031,0.0,6.621035575866699,12.052382469177246
0.0,9.256869316101074,0.0,7.782227039337158,12.801101684570312,0.4656311273574829,0.0,13.396100044250488,0.0,5.332277774810791,6.671236038208008,18.158254623413086,5.025635719299316,2.460550546646118,7.695599555969238,3.8102762699127197,2.9533989429473877,5.875395774841309,11.416932106018066,2.1063413619995117,8.005158424377441,19.116241455078125,11.313692092895508,10.67641830444336,8.300466537475586,4.869415283203125,8.24630069732666,2.627918243408203,3.5089845657348633,13.788215637207031,0.0,6.621035575866699,12.052382469177246
0.0,9.256869316101074,0.0,7.782227039337158,12.801101684570312,0.4656311273574829,0.0,13.396100044250488,0.0,5.332277774810791,6.671236038208008,18.158254623413086,5.025635719299316,2.460550546646118,7.695599555969238,3.8102762699127197,2.9533989429473877,5.875395774841309,11.416932106018066,2.1063413619995117,8.005158424377441,19.116241455078125,11.313692092895508,10.67641830444336,8.300466537475586,4.869415283203125,8.24630069732666,2.627918243408203,3.5089845657348633,13.788215637207031,0.0,6.621035575866699,12.052382469177246
0.0,9.256869316101074,0.0,7.782227039337158,12.801101684570312,0.4656311273574829,0.0,13.396100044250488,0.0,5.332277774810791,6.671236038208008,18.158254623413086,5.025635719299316,2.460550546646118,7.695599555969238,3.8102762699127197,2.9533989429473877,5.875395774841309,11.416932106018066,2.1063413619995117,8.005158424377441,19.116241455078125,11.313692092895508,10.67641830444336,8.300466537475586,4.869415283203125,8.24630069732666,2.627918243408203,3.5089845657348633,13.788215637207031,0.0,6.621035575866699,12.052382469177246
0.0,9.256869316101074,0.0,7.782227039337158,12.801101684570312,0.4656311273574829,0.0,13.396100044250488,0.0,5.332277774810791,6.671236038208008,18.158254623413086,5.025635719299316,2.460550546646118,7.695599555969238,3.8102762699127197,2.9533989429473877,5.875395774841309,11.416932106018066,2.1063413619995117,8.005158424377441,19.116241455078125,11.313692092895508,10.67641830444336,8.300466537475586,4.869415283203125,8.24630069732666,2.627918243408203,3.5089845657348633,13.788215637207031,0.0,6.621035575866699,12.052382469177246
0.0,9.256869316101074,0.0,7.782227039337158,12.801101684570312,0.4656311273574829,0.0,13.396100044250488,0.0,5.332277774810791,6.671236038208008,18.158254623413086,5.025635719299316,2.460550546646118,7.695599555969238,3.8102762699127197,2.9533989429473877,5.875395774841309,11.416932106018066,2.1063413619995117,8.005158424377441,19.116241455078125,11.313692092895508,10.67641830444336,8.300466537475586,4.869415283203125,8.24630069732666,2.627918243408203,3.5089845657348633,13.788215637207031,0.0,6.621035575866699,12.052382469177246
0.0,9.256869316101074,0.0,7.782227039337158,12.801101684570312,0.4656311273574829,0.0,13.396100044250488,0.0,5.332277774810791,6.671236038208008,18.158254623413086,5.025635719299316,2.460550546646118,7.695599555969238,3.8102762699127197,2.9533989429473877,5.875395774841309,11.416932106018066,2.1063413619995117,8.005158424377441,19.116241455078125,11.313692092895508,10.67641830444336,8.300466537475586,4.869415283203125,8.24630069732666,2.627918243408203,3.5089845657348633,13.788215637207031,0.0,6.621035575866699,12.052382469177246
0.0,9.256869316101074,0.0,7.782227039337158,12.801101684570312,0.4656311273574829,0.0,13.396100044250488,0.0,5.332277774810791,6.671236038208008,18.158254623413086,5.025635719299316,2.460550546646118,7.695599555969238,3.8102762699127197,2.9533989429473877,5.875395774841309,11.416932106018066,2.1063413619995117,8.005158424377441,19.116241455078125,11.313692092895508,10.67641830444336,8.300466537475586,4.869415283203125,8.24630069732666,2.627918243408203,3.5089845657348633,13.788215637207031,0.0,6.621035575866699,12.052382469177246
0.0,9.256869316101074,0.0,7.782227039337158,12.801101684570312,0.4656311273574829,0.0,13.396100044250488,0.0,5.332277774810791,6.671236038208008,18.158254623413086,5.025635719299316,2.460550546646118,7.695599555969238,3.8102762699127197,2.9533989429473877,5.875395774841309,11.416932106018066,2.1063413619995117,8.005158424377441,19.116241455078125,11.313692092895508,10.67641830444336,8.300466537475586,4.869415283203125,8.24630069732666,2.627918243408203,3.5089845657348633,13.788215637207031,0.0,6.621035575866699,12.052382469177246
0.0,9.256869316101074,0.0,7.782227039337158,12.801101684570312,0.4656311273574829,0.0,13.396100044250488,0.0,5.332277774810791,6.671236038208008,18.158254623413086,5.025635719299316,2.460550546646118,7.695599555969238,3.8102762699127197,2.9533989429473877,5.875395774841309,11.416932106018066,2.1063413619995117,8.005158424377441,19.116241455078125,11.313692092895508,10.67641830444336,8.300466537475586,4.869415283203125,8.24630069732666,2.627918243408203,3.5089845657348633,13.788215637207031,0.0,6.621035575866699,12.052382469177246
0.0,9.256869316101074,0.0,7.782227039337158,12.801101684570312,0.4656311273574829,0.0,13.396100044250488,0.0,5.332277774810791,6.671236038208008,18.158254623413086,5.025635719299316,2.460550546646118,7.695599555969238,3.8102762699127197,2.9533989429473877,5.875395774841309,11.416932106018066,2.1063413619995117,8.005158424377441,19.116241455078125,11.313692092895508,10.67641830444336,8.300466537475586,4.869415283203125,8.24630069732666,2.627918243408203,3.5089845657348633,13.788215637207031,0.0,6.621035575866699,12.052382469177246
0.0,9.256869316101074,0.0,7.782227039337158,12.801101684570312,0.4656311273574829,0.0,13.396100044250488,0.0,5.332277774810791,6.671236038208008,18.158254623413086,5.025635719299316,2.460550546646118,7.695599555969238,3.8102762699127197,2.9533989429473877,5.875395774841309,11.416932106018066,2.1063413619995117,8.005158424377441,19.116241455078125,11.313692092895508,10.67641830444336,8.300466537475586,4.869415283203125,8.24630069732666,2.627918243408203,3.5089845657348633,13.788215637207031,0.0,6.621035575866699,12.052382469177246
0.0,9.256869316101074,0.0,7.782227039337158,12.801101684570312,0.4656311273574829,0.0,13.396100044250488,0.0,5.332277774810791,6.671236038208008,18.158254623413086,5.025635719299316,2.460550546646118,7.695599555969238,3.8102762699127197,2.9533989429473877,5.875395774841309,11.416932106018066,2.1063413619995117,8.005158424377441,19.116241455078125,11.313692092895508,10.67641830444336,8.300466537475586,4.869415283203125,8.24630069732666,2.627918243408203,3.5089845657348633,13.788215637207031,0.0,6.621035575866699,12.052382469177246
0.0,9.256869316101074,0.0,7.782227039337158,12.801101684570312,0.4656311273574829,0.0,13.396100044250488,0.0,5.332277774810791,6.671236038208008,18.158254623413086,5.025635719299316,2.460550546646118,7.695599555969238,3.8102762699127197,2.9533989429473877,5.875395774841309,11.416932106018066,2.1063413619995117,8.005158424377441,19.116241455078125,11.313692092895508,10.67641830444336,8.300466537475586,4.869415283203125,8.24630069732666,2.627918243408203,3.5089845657348633,13.788215637207031,0.0,6.621035575866699,12.052382469177246
0.0,9.256869316101074,0.0,7.782227039337158,12.801101684570312,0.4656311273574829,0.0,13.396100044250488,0.0,5.332277774810791,6.671236038208008,18.158254623413086,5.025635719299316,2.460550546646118,7.695599555969238,3.8102762699127197,2.9533989429473877,5.875395774841309,11.416932106018066,2.1063413619995117,8.005158424377441,19.116241455078125,11.313692092895508,10.67641830444336,8.300466537475586,4.869415283203125,8.24630069732666,2.627918243408203,3.5089845657348633,13.788215637207031,0.0,6.621035575866699,12.052382469177246
0.0,9.256869316101074,0.0,7.782227039337158,12.801101684570312,0.4656311273574829,0.0,13.396100044250488,0.0,5.332277774810791,6.671236038208008,18.158254623413086,5.025635719299316,2.460550546646118,7.695599555969238,3.8102762699127197,2.9533989429473877,5.875395774841309,11.416932106018066,2.1063413619995117,8.005158424377441,19.116241455078125,11.313692092895508,10.67641830444336,8.300466537475586,4.869415283203125,8.24630069732666,2.627918243408203,3.5089845657348633,13.788215637207031,0.0,6.621035575866699,12.052382469177246
0.0,9.256869316101074,0.0,7.782227039337158,12.801101684570312,0.4656311273574829,0.0,13.396100044250488,0.0,5.332277774810791,6.671236038208008,18.158254623413086,5.025635719299316,2.460550546646118,7.695599555969238,3.8102762699127197,2.9533989429473877,5.875395774841309,11.416932106018066,2.1063413619995117,8.005158424377441,19.116241455078125,11.313692092895508,10.67641830444336,8.300466537475586,4.869415283203125,8.24630069732666,2.627918243408203,3.5089845657348633,13.788215637207031,0.0,6.621035575866699,12.052382469177246
0.0,9.256869316101074,0.0,7.782227039337158,12.801101684570312,0.4656311273574829,0.0,13.396100044250488,0.0,5.332277774810791,6.671236038208008,18.158254623413086,5.025635719299316,2.460550546646118,7.695599555969238,3.8102762699127197,2.9533989429473877,5.875395774841309,11.416932106018066,2.1063413619995117,8.005158424377441,19.116241455078125,11.313692092895508,10.67641830444336,8.300466537475586,4.869415283203125,8.24630069732666,2.627918243408203,3.5089845657348633,13.788215637207031,0.0,6.621035575866699,12.052382469177246
0.0,9.256869316101074,0.0,7.782227039337158,12.801101684570312,0.4656311273574829,0.0,13.396100044250488,0.0,5.332277774810791,6.671236038208008,18.158254623413086,5.025635719299316,2.460550546646118,7.695599555969238,3.8102762699127197,2.9533989429473877,5.875395774841309,11.416932106018066,2.1063413619995117,8.005158424377441,19.116241455078125,11.313692092895508,10.67641830444336,8.300466537475586,4.869415283203125,8.24630069732666,2.627918243408203,3.5089845657348633,13.788215637207031,0.0,6.621035575866699,12.052382469177246
