0.0,0.0,0.0,7.9430742263793945,0.0,0.0,0.0,4.283693313598633,0.0,0.0,0.0,0.0,0.0,0.0,0.0,0.0,6.058521747589111,0.0,0.0,0.0,0.0,6.660375118255615,0.0,0.0,0.0,0.0,1.3936820030212402,0.0,0.0,0.0,1.0132012367248535,0.0,0.0
0.0,0.0,0.0,7.832854747772217,0.0,0.0,0.0,4.17660665512085,0.0,0.0,0.0,0.0,0.0,0.0,0.0,0.0,6.117530822753906,0.0,0.0,0.0,0.0,6.706374168395996,0.0,0.0,0.0,0.0,1.1265814304351807,0.0,0.0,0.0,1.1090304851531982,0.0,0.0
0.0,0.0,0.0,7.703782081604004,0.0,0.0,0.0,3.917056083679199,0.0,0.0,0.0,0.0,0.0,0.0,0.0,0.0,6.061155796051025,0.0,0.0,0.0,0.0,6.6605119705200195,0.0,0.0,0.0,0.0,1.0520567893981934,0.0,0.0,0.0,1.438450574874878,0.0,0.0
0.0,0.0,0.0,7.680943489074707,0.0,0.0,0.0,3.9465582370758057,0.0,0.0,0.0,0.0,0.0,0.0,0.0,0.0,6.06217098236084,0.0,0.0,0.0,0.0,6.632146835327148,0.0,0.0,0.0,0.0,1.0666933059692383,0.0,0.0,0.0,1.2279317378997803,0.0,0.0
0.0,0.0,0.0,7.7460222244262695,0.0,0.0,0.0,4.103523254394531,0.0,0.0,0.0,0.0,0.0,0.0,0.0,0.0,6.076157093048096,0.0,0.0,0.0,0.0,6.658915042877197,0.0,0.0,0.0,0.0,1.157416582107544,0.0,0.0,0.0,1.2788894176483154,0.0,0.0
0.0,0.0,0.0,7.890378952026367,0.0,0.0,0.0,4.1085286140441895,0.0,0.0,0.0,0.0,0.0,0.0,0.0,0.0,6.0970778465271,0.0,0.0,0.0,0.0,6.7020697593688965,0.0,0.0,0.0,0.0,1.1786994934082031,0.0,0.0,0.0,1.2463219165802002,0.0,0.0
0.0,0.0,0.0,7.6469502449035645,0.0,0.0,0.0,3.847644090652466,0.0,0.0,0.0,0.0,0.0,0.0,0.0,0.0,6.077849864959717,0.0,0.0,0.0,0.0,6.6273298263549805,0.0,0.0,0.0,0.0,1.0087254047393799,0.0,0.0,0.0,1.363330364227295,0.0,0.0
0.0,0.0,0.0,7.840740203857422,0.0,0.0,0.0,4.145674705505371,0.0,0.0,0.0,0.0,0.0,0.0,0.0,0.0,6.012110710144043,0.0,0.0,0.0,0.0,6.682419300079346,0.0,0.0,0.0,0.0,1.2561450004577637,0.0,0.0,0.0,1.204740047454834,0.0,0.0
0.0,0.0,0.0,7.7029876708984375,0.0,0.0,0.0,3.9845848083496094,0.0,0.0,0.0,0.0,0.0,0.0,0.0,0.0,6.022733211517334,0.0,0.0,0.0,0.0,6.615614891052246,0.0,0.0,0.0,0.0,1.1727280616760254,0.0,0.0,0.0,1.267388105392456,0.0,0.0
0.0,0.0,0.0,7.906293869018555,0.0,0.0,0.0,4.1937103271484375,0.0,0.0,0.0,0.0,0.0,0.0,0.0,0.0,6.015592575073242,0.0,0.0,0.0,0.0,6.60651159286499,0.0,0.0,0.0,0.0,1.3287410736083984,0.0,0.0,0.0,1.1048381328582764,0.0,0.0
0.0,0.0,0.0,7.752388954162598,0.0,0.0,0.0,3.9639413356781006,0.0,0.0,0.0,0.0,0.0,0.0,0.0,0.0,6.113005638122559,0.0,0.0,0.0,0.0,6.7004828453063965,0.0,0.0,0.0,0.0,0.974323570728302,0.0,0.0,0.0,1.2598721981048584,0.0,0.0
0.0,0.0,0.0,7.665262222290039,0.0,0.0,0.0,3.9191884994506836,0.0,0.0,0.0,0.0,0.0,0.0,0.0,0.0,6.0958356857299805,0.0,0.0,0.0,0.0,6.652973175048828,0.0,0.0,0.0,0.0,0.9672539830207825,0.0,0.0,0.0,1.1801698207855225,0.0,0.0
0.0,0.0,0.0,7.887528419494629,0.0,0.0,0.0,4.205603122711182,0.0,0.0,0.0,0.0,0.0,0.0,0.0,0.0,6.0214362144470215,0.0,0.0,0.0,0.0,6.6436848640441895,0.0,0.0,0.0,0.0,1.3729579448699951,0.0,0.0,0.0,1.0972416400909424,0.0,0.0
0.0,0.0,0.0,7.774410247802734,0.0,0.0,0.0,4.001977443695068,0.0,0.0,0.0,0.0,0.0,0.0,0.0,0.0,6.073573112487793,0.0,0.0,0.0,0.0,6.6839213371276855,0.0,0.0,0.0,0.0,1.0803308486938477,0.0,0.0,0.0,1.2992942333221436,0.0,0.0
0.0,0.0,0.0,7.6991286277771,0.0,0.0,0.0,3.767601251602173,0.0,0.0,0.0,0.0,0.0,0.0,0.0,0.0,6.061816692352295,0.0,0.0,0.0,0.0,6.588009834289551,0.0,0.0,0.0,0.0,0.9831228852272034,0.0,0.0,0.0,1.480041742324829,0.0,0.0
0.0,0.0,0.0,7.8220648765563965,0.0,0.0,0.0,3.91927170753479,0.0,0.0,0.0,0.0,0.0,0.0,0.0,0.0,6.024740219116211,0.0,0.0,0.0,0.0,6.659181118011475,0.0,0.0,0.0,0.0,1.037581205368042,0.0,0.0,0.0,1.3521108627319336,0.0,0.0
0.0,0.0,0.0,7.912531852722168,0.0,0.0,0.0,4.3438029289245605,0.0,0.0,0.0,0.0,0.0,0.0,0.0,0.0,6.02146053314209,0.0,0.0,0.0,0.0,6.682276725769043,0.0,0.0,0.0,0.0,1.3999888896942139,0.0,0.0,0.0,1.063767433166504,0.0,0.0
0.0,0.0,0.0,7.876899719238281,0.0,0.0,0.0,4.313577175140381,0.0,0.0,0.0,0.0,0.0,0.0,0.0,0.0,5.998117923736572,0.0,0.0,0.0,0.0,6.627566337585449,0.0,0.0,0.0,0.0,1.4606010913848877,0.0,0.0,0.0,1.0249128341674805,0.0,0.0
0.0,0.0,0.0,7.840740203857422,0.0,0.0,0.0,4.145674705505371,0.0,0.0,0.0,0.0,0.0,0.0,0.0,0.0,6.012110710144043,0.0,0.0,0.0,0.0,6.682419300079346,0.0,0.0,0.0,0.0,1.2561450004577637,0.0,0.0,0.0,1.204740047454834,0.0,0.0
0.0,0.0,0.0,7.8096771240234375,0.0,0.0,0.0,4.130967140197754,0.0,0.0,0.0,0.0,0.0,0.0,0.0,0.0,6.019343852996826,0.0,0.0,0.0,0.0,6.680483341217041,0.0,0.0,0.0,0.0,1.2162492275238037,0.0,0.0,0.0,1.1889135837554932,0.0,0.0
0.0,7.108388900756836,0.0,7.316955089569092,6.488101482391357,0.0,0.0,11.806412696838379,0.0,1.0916258096694946,1.937201738357544,7.932318687438965,2.4890334606170654,0.0,9.497417449951172,0.0,2.8585450649261475,6.940314292907715,6.959282398223877,0.3672884702682495,4.895369529724121,9.925379753112793,10.281437873840332,5.052369594573975,6.311548233032227,3.8800528049468994,8.679167747497559,0.0,0.599618136882782,10.11935806274414,0.0,3.316410779953003,4.670526504516602
0.0,7.108388900756836,0.0,7.316955089569092,6.488101482391357,0.0,0.0,11.806412696838379,0.0,1.0916258096694946,1.937201738357544,7.932318687438965,2.4890334606170654,0.0,9.497417449951172,0.0,2.8585450649261475,6.940314292907715,6.959282398223877,0.3672884702682495,4.895369529724121,9.925379753112793,10.281437873840332,5.052369594573975,6.311548233032227,3.8800528049468994,8.679167747497559,0.0,0.599618136882782,10.11935806274414,0.0,3.316410779953003,4.670526504516602
0.0,7.108388900756836,0.0,7.316955089569092,6.488101482391357,0.0,0.0,11.806412696838379,0.0,1.0916258096694946,1.937201738357544,7.932318687438965,2.4890334606170654,0.0,9.497417449951172,0.0,2.8585450649261475,6.940314292907715,6.959282398223877,0.3672884702682495,4.895369529724121,9.925379753112793,10.281437873840332,5.052369594573975,6.311548233032227,3.8800528049468994,8.679167747497559,0.0,0.599618136882782,10.11935806274414,0.0,3.316410779953003,4.670526504516602
0.0,7.108388900756836,0.0,7.316955089569092,6.488101482391357,0.0,0.0,11.806412696838379,0.0,1.0916258096694946,1.937201738357544,7.932318687438965,2.4890334606170654,0.0,9.497417449951172,0.0,2.8585450649261475,6.940314292907715,6.959282398223877,0.3672884702682495,4.895369529724121,9.925379753112793,10.281437873840332,5.052369594573975,6.311548233032227,3.8800528049468994,8.679167747497559,0.0,0.599618136882782,10.11935806274414,0.0,3.316410779953003,4.670526504516602
0.0,7.108388900756836,0.0,7.316955089569092,6.488101482391357,0.0,0.0,11.806412696838379,0.0,1.0916258096694946,1.937201738357544,7.932318687438965,2.4890334606170654,0.0,9.497417449951172,0.0,2.8585450649261475,6.940314292907715,6.959282398223877,0.3672884702682495,4.895369529724121,9.925379753112793,10.281437873840332,5.052369594573975,6.311548233032227,3.8800528049468994,8.679167747497559,0.0,0.599618136882782,10.11935806274414,0.0,3.316410779953003,4.670526504516602
0.0,7.108388900756836,0.0,7.316955089569092,6.488101482391357,0.0,0.0,11.806412696838379,0.0,1.0916258096694946,1.937201738357544,7.932318687438965,2.4890334606170654,0.0,9.497417449951172,0.0,2.8585450649261475,6.940314292907715,6.959282398223877,0.3672884702682495,4.895369529724121,9.925379753112793,10.281437873840332,5.052369594573975,6.311548233032227,3.8800528049468994,8.679167747497559,0.0,0.599618136882782,10.11935806274414,0.0,3.316410779953003,4.670526504516602
0.0,7.108388900756836,0.0,7.316955089569092,6.488101482391357,0.0,0.0,11.806412696838379,0.0,1.0916258096694946,1.937201738357544,7.932318687438965,2.4890334606170654,0.0,9.497417449951172,0.0,2.8585450649261475,6.940314292907715,6.959282398223877,0.3672884702682495,4.895369529724121,9.925379753112793,10.281437873840332,5.052369594573975,6.311548233032227,3.8800528049468994,8.679167747497559,0.0,0.599618136882782,10.11935806274414,0.0,3.316410779953003,4.670526504516602
0.0,7.108388900756836,0.0,7.316955089569092,6.488101482391357,0.0,0.0,11.806412696838379,0.0,1.0916258096694946,1.937201738357544,7.932318687438965,2.4890334606170654,0.0,9.497417449951172,0.0,2.8585450649261475,6.940314292907715,6.959282398223877,0.3672884702682495,4.895369529724121,9.925379753112793,10.281437873840332,5.052369594573975,6.311548233032227,3.8800528049468994,8.679167747497559,0.0,0.599618136882782,10.11935806274414,0.0,3.316410779953003,4.670526504516602
0.0,7.108388900756836,0.0,7.316955089569092,6.488101482391357,0.0,0.0,11.806412696838379,0.0,1.0916258096694946,1.937201738357544,7.932318687438965,2.4890334606170654,0.0,9.497417449951172,0.0,2.8585450649261475,6.940314292907715,6.959282398223877,0.3672884702682495,4.895369529724121,9.925379753112793,10.281437873840332,5.052369594573975,6.311548233032227,3.8800528049468994,8.679167747497559,0.0,0.599618136882782,10.11935806274414,0.0,3.316410779953003,4.670526504516602
0.0,7.108388900756836,0.0,7.316955089569092,6.488101482391357,0.0,0.0,11.806412696838379,0.0,1.0916258096694946,1.937201738357544,7.932318687438965,2.4890334606170654,0.0,9.497417449951172,0.0,2.8585450649261475,6.940314292907715,6.959282398223877,0.3672884702682495,4.895369529724121,9.925379753112793,10.281437873840332,5.052369594573975,6.311548233032227,3.8800528049468994,8.679167747497559,0.0,0.599618136882782,10.11935806274414,0.0,3.316410779953003,4.670526504516602
0.0,7.108388900756836,0.0,7.316955089569092,6.488101482391357,0.0,0.0,11.806412696838379,0.0,1.0916258096694946,1.937201738357544,7.932318687438965,2.4890334606170654,0.0,9.497417449951172,0.0,2.8585450649261475,6.940314292907715,6.959282398223877,0.3672884702682495,4.895369529724121,9.925379753112793,10.281437873840332,5.052369594573975,6.311548233032227,3.8800528049468994,8.679167747497559,0.0,0.599618136882782,10.11935806274414,0.0,3.316410779953003,4.670526504516602
0.0,7.108388900756836,0.0,7.316955089569092,6.488101482391357,0.0,0.0,11.806412696838379,0.0,1.0916258096694946,1.937201738357544,7.932318687438965,2.4890334606170654,0.0,9.497417449951172,0.0,2.8585450649261475,6.940314292907715,6.959282398223877,0.3672884702682495,4.895369529724121,9.925379753112793,10.281437873840332,5.052369594573975,6.311548233032227,3.8800528049468994,8.679167747497559,0.0,0.599618136882782,10.11935806274414,0.0,3.316410779953003,4.670526504516602
0.0,7.108388900756836,0.0,7.316955089569092,6.488101482391357,0.0,0.0,11.806412696838379,0.0,1.0916258096694946,1.937201738357544,7.932318687438965,2.4890334606170654,0.0,9.497417449951172,0.0,2.8585450649261475,6.940314292907715,6.959282398223877,0.3672884702682495,4.895369529724121,9.925379753112793,10.281437873840332,5.052369594573975,6.311548233032227,3.8800528049468994,8.679167747497559,0.0,0.599618136882782,10.11935806274414,0.0,3.316410779953003,4.670526504516602
0.0,7.108388900756836,0.0,7.316955089569092,6.488101482391357,0.0,0.0,11.806412696838379,0.0,1.0916258096694946,1.937201738357544,7.932318687438965,2.4890334606170654,0.0,9.497417449951172,0.0,2.8585450649261475,6.940314292907715,6.959282398223877,0.3672884702682495,4.895369529724121,9.925379753112793,10.281437873840332,5.052369594573975,6.311548233032227,3.8800528049468994,8.679167747497559,0.0,0.599618136882782,10.11935806274414,0.0,3.316410779953003,4.670526504516602
0.0,7.108388900756836,0.0,7.316955089569092,6.488101482391357,0.0,0.0,11.806412696838379,0.0,1.0916258096694946,1.937201738357544,7.932318687438965,2.4890334606170654,0.0,9.497417449951172,0.0,2.8585450649261475,6.940314292907715,6.959282398223877,0.3672884702682495,4.895369529724121,9.925379753112793,10.281437873840332,5.052369594573975,6.311548233032227,3.8800528049468994,8.679167747497559,0.0,0.599618136882782,10.11935806274414,0.0,3.316410779953003,4.670526504516602
0.0,7.108388900756836,0.0,7.316955089569092,6.488101482391357,0.0,0.0,11.806412696838379,0.0,1.0916258096694946,1.937201738357544,7.932318687438965,2.4890334606170654,0.0,9.497417449951172,0.0,2.8585450649261475,6.940314292907715,6.959282398223877,0.3672884702682495,4.895369529724121,9.925379753112793,10.281437873840332,5.052369594573975,6.311548233032227,3.8800528049468994,8.679167747497559,0.0,0.599618136882782,10.11935806274414,0.0,3.316410779953003,4.670526504516602
0.0,7.108388900756836,0.0,7.316955089569092,6.488101482391357,0.0,0.0,11.806412696838379,0.0,1.0916258096694946,1.937201738357544,7.932318687438965,2.4890334606170654,0.0,9.497417449951172,0.0,2.8585450649261475,6.940314292907715,6.959282398223877,0.3672884702682495,4.895369529724121,9.925379753112793,10.281437873840332,5.052369594573975,6.311548233032227,3.8800528049468994,8.679167747497559,0.0,0.599618136882782,10.11935806274414,0.0,3.316410779953003,4.670526504516602
0.0,7.108388900756836,0.0,7.316955089569092,6.488101482391357,0.0,0.0,11.806412696838379,0.0,1.0916258096694946,1.937201738357544,7.932318687438965,2.4890334606170654,0.0,9.497417449951172,0.0,2.8585450649261475,6.940314292907715,6.959282398223877,0.3672884702682495,4.895369529724121,9.925379753112793,10.281437873840332,5.052369594573975,6.311548233032227,3.8800528049468994,8.679167747497559,0.0,0.599618136882782,10.11935806274414,0.0,3.316410779953003,4.670526504516602
0.0,7.108388900756836,0.0,7.316955089569092,6.488101482391357,0.0,0.0,11.806412696838379,0.0,1.0916258096694946,1.937201738357544,7.932318687438965,2.4890334606170654,0.0,9.497417449951172,0.0,2.8585450649261475,6.940314292907715,6.959282398223877,0.3672884702682495,4.895369529724121,9.925379753112793,10.281437873840332,5.052369594573975,6.311548233032227,3.8800528049468994,8.679167747497559,0.0,0.599618136882782,10.11935806274414,0.0,3.316410779953003,4.670526504516602
0.0,7.108388900756836,0.0,7.316955089569092,6.488101482391357,0.0,0.0,11.806412696838379,0.0,1.0916258096694946,1.937201738357544,7.932318687438965,2.4890334606170654,0.0,9.497417449951172,0.0,2.8585450649261475,6.940314292907715,6.959282398223877,0.3672884702682495,4.895369529724121,9.925379753112793,10.281437873840332,5.052369594573975,6.311548233032227,3.8800528049468994,8.679167747497559,0.0,0.599618136882782,10.11935806274414,0.0,3.316410779953003,4.670526504516602
0.0,2.7192282676696777,0.0,4.473626613616943,3.731694459915161,0.0,0.7654314637184143,9.252985954284668,0.0,6.696625232696533,5.23950719833374,10.084844589233398,1.721299409866333,1.75076162815094,2.152576446533203,2.7802512645721436,0.0,0.0,1.8648351430892944,0.6251113414764404,1.3210524320602417,14.280682563781738,6.735559463500977,5.030500411987305,3.2309494018554688,4.639410018920898,3.17208194732666,3.3031482696533203,7.0446271896362305,8.501360893249512,0.0,2.8416171073913574,5.187811851501465
0.0,2.7192282676696777,0.0,4.473626613616943,3.731694459915161,0.0,0.7654314637184143,9.252985954284668,0.0,6.696625232696533,5.23950719833374,10.084844589233398,1.721299409866333,1.75076162815094,2.152576446533203,2.7802512645721436,0.0,0.0,1.8648351430892944,0.6251113414764404,1.3210524320602417,14.280682563781738,6.735559463500977,5.030500411987305,3.2309494018554688,4.639410018920898,3.17208194732666,3.3031482696533203,7.0446271896362305,8.501360893249512,0.0,2.8416171073913574,5.187811851501465
0.0,2.7192282676696777,0.0,4.473626613616943,3.731694459915161,0.0,0.7654314637184143,9.252985954284668,0.0,6.696625232696533,5.23950719833374,10.084844589233398,1.721299409866333,1.75076162815094,2.152576446533203,2.7802512645721436,0.0,0.0,1.8648351430892944,0.6251113414764404,1.3210524320602417,14.280682563781738,6.735559463500977,5.030500411987305,3.2309494018554688,4.639410018920898,3.17208194732666,3.3031482696533203,7.0446271896362305,8.501360893249512,0.0,2.8416171073913574,5.187811851501465
0.0,2.7192282676696777,0.0,4.473626613616943,3.731694459915161,0.0,0.7654314637184143,9.252985954284668,0.0,6.696625232696533,5.23950719833374,10.084844589233398,1.721299409866333,1.75076162815094,2.152576446533203,2.7802512645721436,0.0,0.0,1.8648351430892944,0.6251113414764404,1.3210524320602417,14.280682563781738,6.735559463500977,5.030500411987305,3.2309494018554688,4.639410018920898,3.17208194732666,3.3031482696533203,7.0446271896362305,8.501360893249512,0.0,2.8416171073913574,5.187811851501465
0.0,2.7192282676696777,0.0,4.473626613616943,3.731694459915161,0.0,0.7654314637184143,9.252985954284668,0.0,6.696625232696533,5.23950719833374,10.084844589233398,1.721299409866333,1.75076162815094,2.152576446533203,2.7802512645721436,0.0,0.0,1.8648351430892944,0.6251113414764404,1.3210524320602417,14.280682563781738,6.735559463500977,5.030500411987305,3.2309494018554688,4.639410018920898,3.17208194732666,3.3031482696533203,7.0446271896362305,8.501360893249512,0.0,2.8416171073913574,5.187811851501465
0.0,2.7192282676696777,0.0,4.473626613616943,3.731694459915161,0.0,0.7654314637184143,9.252985954284668,0.0,6.696625232696533,5.23950719833374,10.084844589233398,1.721299409866333,1.75076162815094,2.152576446533203,2.7802512645721436,0.0,0.0,1.8648351430892944,0.6251113414764404,1.3210524320602417,14.280682563781738,6.735559463500977,5.030500411987305,3.2309494018554688,4.639410018920898,3.17208194732666,3.3031482696533203,7.0446271896362305,8.501360893249512,0.0,2.8416171073913574,5.187811851501465
0.0,2.7192282676696777,0.0,4.473626613616943,3.731694459915161,0.0,0.7654314637184143,9.252985954284668,0.0,6.696625232696533,5.23950719833374,10.084844589233398,1.721299409866333,1.75076162815094,2.152576446533203,2.7802512645721436,0.0,0.0,1.8648351430892944,0.6251113414764404,1.3210524320602417,14.280682563781738,6.735559463500977,5.030500411987305,3.2309494018554688,4.639410018920898,3.17208194732666,3.3031482696533203,7.0446271896362305,8.501360893249512,0.0,2.8416171073913574,5.187811851501465
0.0,2.7192282676696777,0.0,4.473626613616943,3.731694459915161,0.0,0.7654314637184143,9.252985954284668,0.0,6.696625232696533,5.23950719833374,10.084844589233398,1.721299409866333,1.75076162815094,2.152576446533203,2.7802512645721436,0.0,0.0,1.8648351430892944,0.6251113414764404,1.3210524320602417,14.280682563781738,6.735559463500977,5.030500411987305,3.2309494018554688,4.639410018920898,3.17208194732666,3.3031482696533203,7.0446271896362305,8.501360893249512,0.0,2.8416171073913574,5.187811851501465
0.0,2.7192282676696777,0.0,4.473626613616943,3.731694459915161,0.0,0.7654314637184143,9.252985954284668,0.0,6.696625232696533,5.23950719833374,10.084844589233398,1.721299409866333,1.75076162815094,2.152576446533203,2.7802512645721436,0.0,0.0,1.8648351430892944,0.6251113414764404,1.3210524320602417,14.280682563781738,6.735559463500977,5.030500411987305,3.2309494018554688,4.639410018920898,3.17208194732666,3.3031482696533203,7.0446271896362305,8.501360893249512,0.0,2.8416171073913574,5.187811851501465
0.0,2.7192282676696777,0.0,4.473626613616943,3.731694459915161,0.0,0.7654314637184143,9.252985954284668,0.0,6.696625232696533,5.23950719833374,10.084844589233398,1.721299409866333,1.75076162815094,2.152576446533203,2.7802512645721436,0.0,0.0,1.8648351430892944,0.6251113414764404,1.3210524320602417,14.280682563781738,6.735559463500977,5.030500411987305,3.2309494018554688,4.639410018920898,3.17208194732666,3.3031482696533203,7.0446271896362305,8.501360893249512,0.0,2.8416171073913574,5.187811851501465
0.0,2.7192282676696777,0.0,4.473626613616943,3.731694459915161,0.0,0.7654314637184143,9.252985954284668,0.0,6.696625232696533,5.23950719833374,10.084844589233398,1.721299409866333,1.75076162815094,2.152576446533203,2.7802512645721436,0.0,0.0,1.8648351430892944,0.6251113414764404,1.3210524320602417,14.280682563781738,6.735559463500977,5.030500411987305,3.2309494018554688,4.639410018920898,3.17208194732666,3.3031482696533203,7.0446271896362305,8.501360893249512,0.0,2.8416171073913574,5.187811851501465
0.0,2.7192282676696777,0.0,4.473626613616943,3.731694459915161,0.0,0.7654314637184143,9.252985954284668,0.0,6.696625232696533,5.23950719833374,10.084844589233398,1.721299409866333,1.75076162815094,2.152576446533203,2.7802512645721436,0.0,0.0,1.8648351430892944,0.6251113414764404,1.3210524320602417,14.280682563781738,6.735559463500977,5.030500411987305,3.2309494018554688,4.639410018920898,3.17208194732666,3.3031482696533203,7.0446271896362305,8.501360893249512,0.0,2.8416171073913574,5.187811851501465
0.0,2.7192282676696777,0.0,4.473626613616943,3.731694459915161,0.0,0.7654314637184143,9.252985954284668,0.0,6.696625232696533,5.23950719833374,10.084844589233398,1.721299409866333,1.75076162815094,2.152576446533203,2.7802512645721436,0.0,0.0,1.8648351430892944,0.6251113414764404,1.3210524320602417,14.280682563781738,6.735559463500977,5.030500411987305,3.2309494018554688,4.639410018920898,3.17208194732666,3.3031482696533203,7.0446271896362305,8.501360893249512,0.0,2.8416171073913574,5.187811851501465
0.0,2.7192282676696777,0.0,4.473626613616943,3.731694459915161,0.0,0.7654314637184143,9.252985954284668,0.0,6.696625232696533,5.23950719833374,10.084844589233398,1.721299409866333,1.75076162815094,2.152576446533203,2.7802512645721436,0.0,0.0,1.8648351430892944,0.6251113414764404,1.3210524320602417,14.280682563781738,6.735559463500977,5.030500411987305,3.2309494018554688,4.639410018920898,3.17208194732666,3.3031482696533203,7.0446271896362305,8.501360893249512,0.0,2.8416171073913574,5.187811851501465
0.0,2.7192282676696777,0.0,4.473626613616943,3.731694459915161,0.0,0.7654314637184143,9.252985954284668,0.0,6.696625232696533,5.23950719833374,10.084844589233398,1.721299409866333,1.75076162815094,2.152576446533203,2.7802512645721436,0.0,0.0,1.8648351430892944,0.6251113414764404,1.3210524320602417,14.280682563781738,6.735559463500977,5.030500411987305,3.2309494018554688,4.639410018920898,3.17208194732666,3.3031482696533203,7.0446271896362305,8.501360893249512,0.0,2.8416171073913574,5.187811851501465
0.0,2.7192282676696777,0.0,4.473626613616943,3.731694459915161,0.0,0.7654314637184143,9.252985954284668,0.0,6.696625232696533,5.23950719833374,10.084844589233398,1.721299409866333,1.75076162815094,2.152576446533203,2.7802512645721436,0.0,0.0,1.8648351430892944,0.6251113414764404,1.3210524320602417,14.280682563781738,6.735559463500977,5.030500411987305,3.2309494018554688,4.639410018920898,3.17208194732666,3.3031482696533203,7.0446271896362305,8.501360893249512,0.0,2.8416171073913574,5.187811851501465
0.0,2.7192282676696777,0.0,4.473626613616943,3.731694459915161,0.0,0.7654314637184143,9.252985954284668,0.0,6.696625232696533,5.23950719833374,10.084844589233398,1.721299409866333,1.75076162815094,2.152576446533203,2.7802512645721436,0.0,0.0,1.8648351430892944,0.6251113414764404,1.3210524320602417,14.280682563781738,6.735559463500977,5.030500411987305,3.2309494018554688,4.639410018920898,3.17208194732666,3.3031482696533203,7.0446271896362305,8.501360893249512,0.0,2.8416171073913574,5.187811851501465
0.0,2.7192282676696777,0.0,4.473626613616943,3.731694459915161,0.0,0.7654314637184143,9.252985954284668,0.0,6.696625232696533,5.23950719833374,10.084844589233398,1.721299409866333,1.75076162815094,2.152576446533203,2.7802512645721436,0.0,0.0,1.8648351430892944,0.6251113414764404,1.3210524320602417,14.280682563781738,6.735559463500977,5.030500411987305,3.2309494018554688,4.639410018920898,3.17208194732666,3.3031482696533203,7.0446271896362305,8.501360893249512,0.0,2.8416171073913574,5.187811851501465
0.0,2.7192282676696777,0.0,4.473626613616943,3.731694459915161,0.0,0.7654314637184143,9.252985954284668,0.0,6.696625232696533,5.23950719833374,10.084844589233398,1.721299409866333,1.75076162815094,2.152576446533203,2.7802512645721436,0.0,0.0,1.8648351430892944,0.6251113414764404,1.3210524320602417,14.280682563781738,6.735559463500977,5.030500411987305,3.2309494018554688,4.639410018920898,3.17208194732666,3.3031482696533203,7.0446271896362305,8.501360893249512,0.0,2.8416171073913574,5.187811851501465
0.0,2.7192282676696777,0.0,4.473626613616943,3.731694459915161,0.0,0.7654314637184143,9.252985954284668,0.0,6.696625232696533,5.23950719833374,10.084844589233398,1.721299409866333,1.75076162815094,2.152576446533203,2.7802512645721436,0.0,0.0,1.8648351430892944,0.6251113414764404,1.3210524320602417,14.280682563781738,6.735559463500977,5.030500411987305,3.2309494018554688,4.639410018920898,3.17208194732666,3.3031482696533203,7.0446271896362305,8.501360893249512,0.0,2.8416171073913574,5.187811851501465
0.0,0.9183905124664307,0.0,3.589548110961914,3.4315402507781982,0.840996503829956,0.741198718547821,7.681169033050537,0.0,7.801393985748291,5.1035871505737305,10.354625701904297,4.093760967254639,1.1738451719284058,0.0,2.4736487865448,1.0314887762069702,0.0,0.0,0.3028559684753418,0.0,12.708983421325684,6.485771179199219,3.8593990802764893,1.5051435232162476,4.392662048339844,1.5083369016647339,2.9619107246398926,6.89246129989624,7.026790142059326,0.0,0.9822628498077393,4.432811260223389
0.0,0.9183905124664307,0.0,3.589548110961914,3.4315402507781982,0.840996503829956,0.741198718547821,7.681169033050537,0.0,7.801393985748291,5.1035871505737305,10.354625701904297,4.093760967254639,1.1738451719284058,0.0,2.4736487865448,1.0314887762069702,0.0,0.0,0.3028559684753418,0.0,12.708983421325684,6.485771179199219,3.8593990802764893,1.5051435232162476,4.392662048339844,1.5083369016647339,2.9619107246398926,6.89246129989624,7.026790142059326,0.0,0.9822628498077393,4.432811260223389
0.0,0.9183905124664307,0.0,3.589548110961914,3.4315402507781982,0.840996503829956,0.741198718547821,7.681169033050537,0.0,7.801393985748291,5.1035871505737305,10.354625701904297,4.093760967254639,1.1738451719284058,0.0,2.4736487865448,1.0314887762069702,0.0,0.0,0.3028559684753418,0.0,12.708983421325684,6.485771179199219,3.8593990802764893,1.5051435232162476,4.392662048339844,1.5083369016647339,2.9619107246398926,6.89246129989624,7.026790142059326,0.0,0.9822628498077393,4.432811260223389
0.0,0.9183905124664307,0.0,3.589548110961914,3.4315402507781982,0.840996503829956,0.741198718547821,7.681169033050537,0.0,7.801393985748291,5.1035871505737305,10.354625701904297,4.093760967254639,1.1738451719284058,0.0,2.4736487865448,1.0314887762069702,0.0,0.0,0.3028559684753418,0.0,12.708983421325684,6.485771179199219,3.8593990802764893,1.5051435232162476,4.392662048339844,1.5083369016647339,2.9619107246398926,6.89246129989624,7.026790142059326,0.0,0.9822628498077393,4.432811260223389
0.0,0.9183905124664307,0.0,3.589548110961914,3.4315402507781982,0.840996503829956,0.741198718547821,7.681169033050537,0.0,7.801393985748291,5.1035871505737305,10.354625701904297,4.093760967254639,1.1738451719284058,0.0,2.4736487865448,1.0314887762069702,0.0,0.0,0.3028559684753418,0.0,12.708983421325684,6.485771179199219,3.8593990802764893,1.5051435232162476,4.392662048339844,1.5083369016647339,2.9619107246398926,6.89246129989624,7.026790142059326,0.0,0.9822628498077393,4.432811260223389
0.0,0.9183905124664307,0.0,3.589548110961914,3.4315402507781982,0.840996503829956,0.741198718547821,7.681169033050537,0.0,7.801393985748291,5.1035871505737305,10.354625701904297,4.093760967254639,1.1738451719284058,0.0,2.4736487865448,1.0314887762069702,0.0,0.0,0.3028559684753418,0.0,12.708983421325684,6.485771179199219,3.8593990802764893,1.5051435232162476,4.392662048339844,1.5083369016647339,2.9619107246398926,6.89246129989624,7.026790142059326,0.0,0.9822628498077393,4.432811260223389
0.0,0.9183905124664307,0.0,3.589548110961914,3.4315402507781982,0.840996503829956,0.741198718547821,7.681169033050537,0.0,7.801393985748291,5.1035871505737305,10.354625701904297,4.093760967254639,1.1738451719284058,0.0,2.4736487865448,1.0314887762069702,0.0,0.0,0.3028559684753418,0.0,12.708983421325684,6.485771179199219,3.8593990802764893,1.5051435232162476,4.392662048339844,1.5083369016647339,2.9619107246398926,6.89246129989624,7.026790142059326,0.0,0.9822628498077393,4.432811260223389
0.0,0.9183905124664307,0.0,3.589548110961914,3.4315402507781982,0.840996503829956,0.741198718547821,7.681169033050537,0.0,7.801393985748291,5.1035871505737305,10.354625701904297,4.093760967254639,1.1738451719284058,0.0,2.4736487865448,1.0314887762069702,0.0,0.0,0.3028559684753418,0.0,12.708983421325684,6.485771179199219,3.8593990802764893,1.5051435232162476,4.392662048339844,1.5083369016647339,2.9619107246398926,6.89246129989624,7.026790142059326,0.0,0.9822628498077393,4.432811260223389
0.0,0.9183905124664307,0.0,3.589548110961914,3.4315402507781982,0.840996503829956,0.741198718547821,7.681169033050537,0.0,7.801393985748291,5.1035871505737305,10.354625701904297,4.093760967254639,1.1738451719284058,0.0,2.4736487865448,1.0314887762069702,0.0,0.0,0.3028559684753418,0.0,12.708983421325684,6.485771179199219,3.8593990802764893,1.5051435232162476,4.392662048339844,1.5083369016647339,2.9619107246398926,6.89246129989624,7.026790142059326,0.0,0.9822628498077393,4.432811260223389
0.0,0.9183905124664307,0.0,3.589548110961914,3.4315402507781982,0.840996503829956,0.741198718547821,7.681169033050537,0.0,7.801393985748291,5.1035871505737305,10.354625701904297,4.093760967254639,1.1738451719284058,0.0,2.4736487865448,1.0314887762069702,0.0,0.0,0.3028559684753418,0.0,12.708983421325684,6.485771179199219,3.8593990802764893,1.5051435232162476,4.392662048339844,1.5083369016647339,2.9619107246398926,6.89246129989624,7.026790142059326,0.0,0.9822628498077393,4.432811260223389
0.0,0.9183905124664307,0.0,3.589548110961914,3.4315402507781982,0.840996503829956,0.741198718547821,7.681169033050537,0.0,7.801393985748291,5.1035871505737305,10.354625701904297,4.093760967254639,1.1738451719284058,0.0,2.4736487865448,1.0314887762069702,0.0,0.0,0.3028559684753418,0.0,12.708983421325684,6.485771179199219,3.8593990802764893,1.5051435232162476,4.392662048339844,1.5083369016647339,2.9619107246398926,6.89246129989624,7.026790142059326,0.0,0.9822628498077393,4.432811260223389
0.0,0.9183905124664307,0.0,3.589548110961914,3.4315402507781982,0.840996503829956,0.741198718547821,7.681169033050537,0.0,7.801393985748291,5.1035871505737305,10.354625701904297,4.093760967254639,1.1738451719284058,0.0,2.4736487865448,1.0314887762069702,0.0,0.0,0.3028559684753418,0.0,12.708983421325684,6.485771179199219,3.8593990802764893,1.5051435232162476,4.392662048339844,1.5083369016647339,2.9619107246398926,6.89246129989624,7.026790142059326,0.0,0.9822628498077393,4.432811260223389
0.0,0.9183905124664307,0.0,3.589548110961914,3.4315402507781982,0.840996503829956,0.741198718547821,7.681169033050537,0.0,7.801393985748291,5.1035871505737305,10.354625701904297,4.093760967254639,1.1738451719284058,0.0,2.4736487865448,1.0314887762069702,0.0,0.0,0.3028559684753418,0.0,12.708983421325684,6.485771179199219,3.8593990802764893,1.5051435232162476,4.392662048339844,1.5083369016647339,2.9619107246398926,6.89246129989624,7.026790142059326,0.0,0.9822628498077393,4.432811260223389
0.0,0.9183905124664307,0.0,3.589548110961914,3.4315402507781982,0.840996503829956,0.741198718547821,7.681169033050537,0.0,7.801393985748291,5.1035871505737305,10.354625701904297,4.093760967254639,1.1738451719284058,0.0,2.4736487865448,1.0314887762069702,0.0,0.0,0.3028559684753418,0.0,12.708983421325684,6.485771179199219,3.8593990802764893,1.5051435232162476,4.392662048339844,1.5083369016647339,2.9619107246398926,6.89246129989624,7.026790142059326,0.0,0.9822628498077393,4.432811260223389
0.0,0.9183905124664307,0.0,3.589548110961914,3.4315402507781982,0.840996503829956,0.741198718547821,7.681169033050537,0.0,7.801393985748291,5.1035871505737305,10.354625701904297,4.093760967254639,1.1738451719284058,0.0,2.4736487865448,1.0314887762069702,0.0,0.0,0.3028559684753418,0.0,12.708983421325684,6.485771179199219,3.8593990802764893,1.5051435232162476,4.392662048339844,1.5083369016647339,2.9619107246398926,6.89246129989624,7.026790142059326,0.0,0.9822628498077393,4.432811260223389
0.0,0.9183905124664307,0.0,3.589548110961914,3.4315402507781982,0.840996503829956,0.741198718547821,7.681169033050537,0.0,7.801393985748291,5.1035871505737305,10.354625701904297,4.093760967254639,1.1738451719284058,0.0,2.4736487865448,1.0314887762069702,0.0,0.0,0.3028559684753418,0.0,12.708983421325684,6.485771179199219,3.8593990802764893,1.5051435232162476,4.392662048339844,1.5083369016647339,2.9619107246398926,6.89246129989624,7.026790142059326,0.0,0.9822628498077393,4.432811260223389
0.0,0.9183905124664307,0.0,3.589548110961914,3.4315402507781982,0.840996503829956,0.741198718547821,7.681169033050537,0.0,7.801393985748291,5.1035871505737305,10.354625701904297,4.093760967254639,1.1738451719284058,0.0,2.4736487865448,1.0314887762069702,0.0,0.0,0.3028559684753418,0.0,12.708983421325684,6.485771179199219,3.8593990802764893,1.5051435232162476,4.392662048339844,1.5083369016647339,2.9619107246398926,6.89246129989624,7.026790142059326,0.0,0.9822628498077393,4.432811260223389
0.0,0.9183905124664307,0.0,3.589548110961914,3.4315402507781982,0.840996503829956,0.741198718547821,7.681169033050537,0.0,7.801393985748291,5.1035871505737305,10.354625701904297,4.093760967254639,1.1738451719284058,0.0,2.4736487865448,1.0314887762069702,0.0,0.0,0.3028559684753418,0.0,12.708983421325684,6.485771179199219,3.8593990802764893,1.5051435232162476,4.392662048339844,1.5083369016647339,2.9619107246398926,6.89246129989624,7.026790142059326,0.0,0.9822628498077393,4.432811260223389
0.0,0.9183905124664307,0.0,3.589548110961914,3.4315402507781982,0.840996503829956,0.741198718547821,7.681169033050537,0.0,7.801393985748291,5.1035871505737305,10.354625701904297,4.093760967254639,1.1738451719284058,0.0,2.4736487865448,1.0314887762069702,0.0,0.0,0.3028559684753418,0.0,12.708983421325684,6.485771179199219,3.8593990802764893,1.5051435232162476,4.392662048339844,1.5083369016647339,2.9619107246398926,6.89246129989624,7.026790142059326,0.0,0.9822628498077393,4.432811260223389
0.0,0.9183905124664307,0.0,3.589548110961914,3.4315402507781982,0.840996503829956,0.741198718547821,7.681169033050537,0.0,7.801393985748291,5.1035871505737305,10.354625701904297,4.093760967254639,1.1738451719284058,0.0,2.4736487865448,1.0314887762069702,0.0,0.0,0.3028559684753418,0.0,12.708983421325684,6.485771179199219,3.8593990802764893,1.5051435232162476,4.392662048339844,1.5083369016647339,2.9619107246398926,6.89246129989624,7.026790142059326,0.0,0.9822628498077393,4.432811260223389
0.0,2.575605630874634,0.0,6.512389183044434,3.7913501262664795,1.8250031471252441,0.0,7.695102214813232,0.0,1.1768194437026978,2.3053457736968994,8.883881568908691,0.4208424389362335,3.533747911453247,2.801985740661621,2.222057819366455,1.9778218269348145,0.5840004682540894,3.9240169525146484,1.1571836471557617,2.488851308822632,13.005985260009766,7.329606056213379,4.11220645904541,2.3008573055267334,4.4448113441467285,1.2336702346801758,5.140961170196533,4.602230072021484,7.541345596313477,0.0,5.748493194580078,5.397919178009033
0.0,2.575605630874634,0.0,6.512389183044434,3.7913501262664795,1.8250031471252441,0.0,7.695102214813232,0.0,1.1768194437026978,2.3053457736968994,8.883881568908691,0.4208424389362335,3.533747911453247,2.801985740661621,2.222057819366455,1.9778218269348145,0.5840004682540894,3.9240169525146484,1.1571836471557617,2.488851308822632,13.005985260009766,7.329606056213379,4.11220645904541,2.3008573055267334,4.4448113441467285,1.2336702346801758,5.140961170196533,4.602230072021484,7.541345596313477,0.0,5.748493194580078,5.397919178009033
0.0,2.575605630874634,0.0,6.512389183044434,3.7913501262664795,1.8250031471252441,0.0,7.695102214813232,0.0,1.1768194437026978,2.3053457736968994,8.883881568908691,0.4208424389362335,3.533747911453247,2.801985740661621,2.222057819366455,1.9778218269348145,0.5840004682540894,3.9240169525146484,1.1571836471557617,2.488851308822632,13.005985260009766,7.329606056213379,4.11220645904541,2.3008573055267334,4.4448113441467285,1.2336702346801758,5.140961170196533,4.602230072021484,7.541345596313477,0.0,5.748493194580078,5.397919178009033
0.0,2.575605630874634,0.0,6.512389183044434,3.7913501262664795,1.8250031471252441,0.0,7.695102214813232,0.0,1.1768194437026978,2.3053457736968994,8.883881568908691,0.4208424389362335,3.533747911453247,2.801985740661621,2.222057819366455,1.9778218269348145,0.5840004682540894,3.9240169525146484,1.1571836471557617,2.488851308822632,13.005985260009766,7.329606056213379,4.11220645904541,2.3008573055267334,4.4448113441467285,1.2336702346801758,5.140961170196533,4.602230072021484,7.541345596313477,0.0,5.748493194580078,5.397919178009033
0.0,2.575605630874634,0.0,6.512389183044434,3.7913501262664795,1.8250031471252441,0.0,7.695102214813232,0.0,1.1768194437026978,2.3053457736968994,8.883881568908691,0.4208424389362335,3.533747911453247,2.801985740661621,2.222057819366455,1.9778218269348145,0.5840004682540894,3.9240169525146484,1.1571836471557617,2.488851308822632,13.005985260009766,7.329606056213379,4.11220645904541,2.3008573055267334,4.4448113441467285,1.2336702346801758,5.140961170196533,4.602230072021484,7.541345596313477,0.0,5.748493194580078,5.397919178009033
0.0,2.575605630874634,0.0,6.512389183044434,3.7913501262664795,1.8250031471252441,0.0,7.695102214813232,0.0,1.1768194437026978,2.3053457736968994,8.883881568908691,0.4208424389362335,3.533747911453247,2.801985740661621,2.222057819366455,1.9778218269348145,0.5840004682540894,3.9240169525146484,1.1571836471557617,2.488851308822632,13.005985260009766,7.329606056213379,4.11220645904541,2.3008573055267334,4.4448113441467285,1.2336702346801758,5.140961170196533,4.602230072021484,7.541345596313477,0.0,5.748493194580078,5.397919178009033
0.0,2.575605630874634,0.0,6.512389183044434,3.7913501262664795,1.8250031471252441,0.0,7.695102214813232,0.0,1.1768194437026978,2.3053457736968994,8.883881568908691,0.4208424389362335,3.533747911453247,2.801985740661621,2.222057819366455,1.9778218269348145,0.5840004682540894,3.9240169525146484,1.1571836471557617,2.488851308822632,13.005985260009766,7.329606056213379,4.11220645904541,2.3008573055267334,4.4448113441467285,1.2336702346801758,5.140961170196533,4.602230072021484,7.541345596313477,0.0,5.748493194580078,5.397919178009033
0.0,2.575605630874634,0.0,6.512389183044434,3.7913501262664795,1.8250031471252441,0.0,7.695102214813232,0.0,1.1768194437026978,2.3053457736968994,8.883881568908691,0.4208424389362335,3.533747911453247,2.801985740661621,2.222057819366455,1.9778218269348145,0.5840004682540894,3.9240169525146484,1.1571836471557617,2.488851308822632,13.005985260009766,7.329606056213379,4.11220645904541,2.3008573055267334,4.4448113441467285,1.2336702346801758,5.140961170196533,4.602230072021484,7.541345596313477,0.0,5.748493194580078,5.397919178009033
0.0,2.575605630874634,0.0,6.512389183044434,3.7913501262664795,1.8250031471252441,0.0,7.695102214813232,0.0,1.1768194437026978,2.3053457736968994,8.883881568908691,0.4208424389362335,3.533747911453247,2.801985740661621,2.222057819366455,1.9778218269348145,0.5840004682540894,3.9240169525146484,1.1571836471557617,2.488851308822632,13.005985260009766,7.329606056213379,4.11220645904541,2.3008573055267334,4.4448113441467285,1.2336702346801758,5.140961170196533,4.602230072021484,7.541345596313477,0.0,5.748493194580078,5.397919178009033
0.0,2.575605630874634,0.0,6.512389183044434,3.7913501262664795,1.8250031471252441,0.0,7.695102214813232,0.0,1.1768194437026978,2.3053457736968994,8.883881568908691,0.4208424389362335,3.533747911453247,2.801985740661621,2.222057819366455,1.9778218269348145,0.5840004682540894,3.9240169525146484,1.1571836471557617,2.488851308822632,13.005985260009766,7.329606056213379,4.11220645904541,2.3008573055267334,4.4448113441467285,1.2336702346801758,5.140961170196533,4.602230072021484,7.541345596313477,0.0,5.748493194580078,5.397919178009033
0.0,2.575605630874634,0.0,6.512389183044434,3.7913501262664795,1.8250031471252441,0.0,7.695102214813232,0.0,1.1768194437026978,2.3053457736968994,8.883881568908691,0.4208424389362335,3.533747911453247,2.801985740661621,2.222057819366455,1.9778218269348145,0.5840004682540894,3.9240169525146484,1.1571836471557617,2.488851308822632,13.005985260009766,7.329606056213379,4.11220645904541,2.3008573055267334,4.4448113441467285,1.2336702346801758,5.140961170196533,4.602230072021484,7.541345596313477,0.0,5.748493194580078,5.397919178009033
0.0,2.575605630874634,0.0,6.512389183044434,3.7913501262664795,1.8250031471252441,0.0,7.695102214813232,0.0,1.1768194437026978,2.3053457736968994,8.883881568908691,0.4208424389362335,3.533747911453247,2.801985740661621,2.222057819366455,1.9778218269348145,0.5840004682540894,3.9240169525146484,1.1571836471557617,2.488851308822632,13.005985260009766,7.329606056213379,4.11220645904541,2.3008573055267334,4.4448113441467285,1.2336702346801758,5.140961170196533,4.602230072021484,7.541345596313477,0.0,5.748493194580078,5.397919178009033
0.0,2.575605630874634,0.0,6.512389183044434,3.7913501262664795,1.8250031471252441,0.0,7.695102214813232,0.0,1.1768194437026978,2.3053457736968994,8.883881568908691,0.4208424389362335,3.533747911453247,2.801985740661621,2.222057819366455,1.9778218269348145,0.5840004682540894,3.9240169525146484,1.1571836471557617,2.488851308822632,13.005985260009766,7.329606056213379,4.11220645904541,2.3008573055267334,4.4448113441467285,1.2336702346801758,5.140961170196533,4.602230072021484,7.541345596313477,0.0,5.748493194580078,5.397919178009033
0.0,2.575605630874634,0.0,6.512389183044434,3.7913501262664795,1.8250031471252441,0.0,7.695102214813232,0.0,1.1768194437026978,2.3053457736968994,8.883881568908691,0.4208424389362335,3.533747911453247,2.801985740661621,2.222057819366455,1.9778218269348145,0.5840004682540894,3.9240169525146484,1.1571836471557617,2.488851308822632,13.005985260009766,7.329606056213379,4.11220645904541,2.3008573055267334,4.4448113441467285,1.2336702346801758,5.140961170196533,4.602230072021484,7.541345596313477,0.0,5.748493194580078,5.397919178009033
0.0,2.575605630874634,0.0,6.512389183044434,3.7913501262664795,1.8250031471252441,0.0,7.695102214813232,0.0,1.1768194437026978,2.3053457736968994,8.883881568908691,0.4208424389362335,3.533747911453247,2.801985740661621,2.222057819366455,1.9778218269348145,0.5840004682540894,3.9240169525146484,1.1571836471557617,2.488851308822632,13.005985260009766,7.329606056213379,4.11220645904541,2.3008573055267334,4.4448113441467285,1.2336702346801758,5.140961170196533,4.602230072021484,7.541345596313477,0.0,5.748493194580078,5.397919178009033
0.0,2.575605630874634,0.0,6.512389183044434,3.7913501262664795,1.8250031471252441,0.0,7.695102214813232,0.0,1.1768194437026978,2.3053457736968994,8.883881568908691,0.4208424389362335,3.533747911453247,2.801985740661621,2.222057819366455,1.9778218269348145,0.5840004682540894,3.9240169525146484,1.1571836471557617,2.488851308822632,13.005985260009766,7.329606056213379,4.11220645904541,2.3008573055267334,4.4448113441467285,1.2336702346801758,5.140961170196533,4.602230072021484,7.541345596313477,0.0,5.748493194580078,5.397919178009033
0.0,2.575605630874634,0.0,6.512389183044434,3.7913501262664795,1.8250031471252441,0.0,7.695102214813232,0.0,1.1768194437026978,2.3053457736968994,8.883881568908691,0.4208424389362335,3.533747911453247,2.801985740661621,2.222057819366455,1.9778218269348145,0.5840004682540894,3.9240169525146484,1.1571836471557617,2.488851308822632,13.005985260009766,7.329606056213379,4.11220645904541,2.3008573055267334,4.4448113441467285,1.2336702346801758,5.140961170196533,4.602230072021484,7.541345596313477,0.0,5.748493194580078,5.397919178009033
0.0,2.575605630874634,0.0,6.512389183044434,3.7913501262664795,1.8250031471252441,0.0,7.695102214813232,0.0,1.1768194437026978,2.3053457736968994,8.883881568908691,0.4208424389362335,3.533747911453247,2.801985740661621,2.222057819366455,1.9778218269348145,0.5840004682540894,3.9240169525146484,1.1571836471557617,2.488851308822632,13.005985260009766,7.329606056213379,4.11220645904541,2.3008573055267334,4.4448113441467285,1.2336702346801758,5.140961170196533,4.602230072021484,7.541345596313477,0.0,5.748493194580078,5.397919178009033
0.0,2.575605630874634,0.0,6.512389183044434,3.7913501262664795,1.8250031471252441,0.0,7.695102214813232,0.0,1.1768194437026978,2.3053457736968994,8.883881568908691,0.4208424389362335,3.533747911453247,2.801985740661621,2.222057819366455,1.9778218269348145,0.5840004682540894,3.9240169525146484,1.1571836471557617,2.488851308822632,13.005985260009766,7.329606056213379,4.11220645904541,2.3008573055267334,4.4448113441467285,1.2336702346801758,5.140961170196533,4.602230072021484,7.541345596313477,0.0,5.748493194580078,5.397919178009033
0.0,2.575605630874634,0.0,6.512389183044434,3.7913501262664795,1.8250031471252441,0.0,7.695102214813232,0.0,1.1768194437026978,2.3053457736968994,8.883881568908691,0.4208424389362335,3.533747911453247,2.801985740661621,2.222057819366455,1.9778218269348145,0.5840004682540894,3.9240169525146484,1.1571836471557617,2.488851308822632,13.005985260009766,7.329606056213379,4.11220645904541,2.3008573055267334,4.4448113441467285,1.2336702346801758,5.140961170196533,4.602230072021484,7.541345596313477,0.0,5.748493194580078,5.397919178009033
0.0,2.0948009490966797,0.0,4.451250076293945,4.371976375579834,0.7651665210723877,0.0,8.475802421569824,0.0,6.931872367858887,4.2505574226379395,11.364286422729492,4.64884090423584,1.755653738975525,1.6091163158416748,2.70715069770813,0.6748989224433899,0.0,1.8939977884292603,0.16698043048381805,0.7522405982017517,13.514607429504395,7.482815265655518,5.750051021575928,2.7365593910217285,4.350369453430176,1.9049793481826782,3.200162887573242,6.460502624511719,8.10141372680664,0.0,1.8288787603378296,6.25276517868042
0.0,2.0948009490966797,0.0,4.451250076293945,4.371976375579834,0.7651665210723877,0.0,8.475802421569824,0.0,6.931872367858887,4.2505574226379395,11.364286422729492,4.64884090423584,1.755653738975525,1.6091163158416748,2.70715069770813,0.6748989224433899,0.0,1.8939977884292603,0.16698043048381805,0.7522405982017517,13.514607429504395,7.482815265655518,5.750051021575928,2.7365593910217285,4.350369453430176,1.9049793481826782,3.200162887573242,6.460502624511719,8.10141372680664,0.0,1.8288787603378296,6.25276517868042
0.0,2.0948009490966797,0.0,4.451250076293945,4.371976375579834,0.7651665210723877,0.0,8.475802421569824,0.0,6.931872367858887,4.2505574226379395,11.364286422729492,4.64884090423584,1.755653738975525,1.6091163158416748,2.70715069770813,0.6748989224433899,0.0,1.8939977884292603,0.16698043048381805,0.7522405982017517,13.514607429504395,7.482815265655518,5.750051021575928,2.7365593910217285,4.350369453430176,1.9049793481826782,3.200162887573242,6.460502624511719,8.10141372680664,0.0,1.8288787603378296,6.25276517868042
0.0,2.0948009490966797,0.0,4.451250076293945,4.371976375579834,0.7651665210723877,0.0,8.475802421569824,0.0,6.931872367858887,4.2505574226379395,11.364286422729492,4.64884090423584,1.755653738975525,1.6091163158416748,2.70715069770813,0.6748989224433899,0.0,1.8939977884292603,0.16698043048381805,0.7522405982017517,13.514607429504395,7.482815265655518,5.750051021575928,2.7365593910217285,4.350369453430176,1.9049793481826782,3.200162887573242,6.460502624511719,8.10141372680664,0.0,1.8288787603378296,6.25276517868042
0.0,2.0948009490966797,0.0,4.451250076293945,4.371976375579834,0.7651665210723877,0.0,8.475802421569824,0.0,6.931872367858887,4.2505574226379395,11.364286422729492,4.64884090423584,1.755653738975525,1.6091163158416748,2.70715069770813,0.6748989224433899,0.0,1.8939977884292603,0.16698043048381805,0.7522405982017517,13.514607429504395,7.482815265655518,5.750051021575928,2.7365593910217285,4.350369453430176,1.9049793481826782,3.200162887573242,6.460502624511719,8.10141372680664,0.0,1.8288787603378296,6.25276517868042
0.0,2.0948009490966797,0.0,4.451250076293945,4.371976375579834,0.7651665210723877,0.0,8.475802421569824,0.0,6.931872367858887,4.2505574226379395,11.364286422729492,4.64884090423584,1.755653738975525,1.6091163158416748,2.70715069770813,0.6748989224433899,0.0,1.8939977884292603,0.16698043048381805,0.7522405982017517,13.514607429504395,7.482815265655518,5.750051021575928,2.7365593910217285,4.350369453430176,1.9049793481826782,3.200162887573242,6.460502624511719,8.10141372680664,0.0,1.8288787603378296,6.25276517868042
0.0,2.0948009490966797,0.0,4.451250076293945,4.371976375579834,0.7651665210723877,0.0,8.475802421569824,0.0,6.931872367858887,4.2505574226379395,11.364286422729492,4.64884090423584,1.755653738975525,1.6091163158416748,2.70715069770813,0.6748989224433899,0.0,1.8939977884292603,0.16698043048381805,0.7522405982017517,13.514607429504395,7.482815265655518,5.750051021575928,2.7365593910217285,4.350369453430176,1.9049793481826782,3.200162887573242,6.460502624511719,8.10141372680664,0.0,1.8288787603378296,6.25276517868042
0.0,2.0948009490966797,0.0,4.451250076293945,4.371976375579834,0.7651665210723877,0.0,8.475802421569824,0.0,6.931872367858887,4.2505574226379395,11.364286422729492,4.64884090423584,1.755653738975525,1.6091163158416748,2.70715069770813,0.6748989224433899,0.0,1.8939977884292603,0.16698043048381805,0.7522405982017517,13.514607429504395,7.482815265655518,5.750051021575928,2.7365593910217285,4.350369453430176,1.9049793481826782,3.200162887573242,6.460502624511719,8.10141372680664,0.0,1.8288787603378296,6.25276517868042
0.0,2.0948009490966797,0.0,4.451250076293945,4.371976375579834,0.7651665210723877,0.0,8.475802421569824,0.0,6.931872367858887,4.2505574226379395,11.364286422729492,4.64884090423584,1.755653738975525,1.6091163158416748,2.70715069770813,0.6748989224433899,0.0,1.8939977884292603,0.16698043048381805,0.7522405982017517,13.514607429504395,7.482815265655518,5.750051021575928,2.7365593910217285,4.350369453430176,1.9049793481826782,3.200162887573242,6.460502624511719,8.10141372680664,0.0,1.8288787603378296,6.25276517868042
0.0,2.0948009490966797,0.0,4.451250076293945,4.371976375579834,0.7651665210723877,0.0,8.475802421569824,0.0,6.931872367858887,4.2505574226379395,11.364286422729492,4.64884090423584,1.755653738975525,1.6091163158416748,2.70715069770813,0.6748989224433899,0.0,1.8939977884292603,0.16698043048381805,0.7522405982017517,13.514607429504395,7.482815265655518,5.750051021575928,2.7365593910217285,4.350369453430176,1.9049793481826782,3.200162887573242,6.460502624511719,8.10141372680664,0.0,1.8288787603378296,6.25276517868042
0.0,2.0948009490966797,0.0,4.451250076293945,4.371976375579834,0.7651665210723877,0.0,8.475802421569824,0.0,6.931872367858887,4.2505574226379395,11.364286422729492,4.64884090423584,1.755653738975525,1.6091163158416748,2.70715069770813,0.6748989224433899,0.0,1.8939977884292603,0.16698043048381805,0.7522405982017517,13.514607429504395,7.482815265655518,5.750051021575928,2.7365593910217285,4.350369453430176,1.9049793481826782,3.200162887573242,6.460502624511719,8.10141372680664,0.0,1.8288787603378296,6.25276517868042
0.0,2.0948009490966797,0.0,4.451250076293945,4.371976375579834,0.7651665210723877,0.0,8.475802421569824,0.0,6.931872367858887,4.2505574226379395,11.364286422729492,4.64884090423584,1.755653738975525,1.6091163158416748,2.70715069770813,0.6748989224433899,0.0,1.8939977884292603,0.16698043048381805,0.7522405982017517,13.514607429504395,7.482815265655518,5.750051021575928,2.7365593910217285,4.350369453430176,1.9049793481826782,3.200162887573242,6.460502624511719,8.10141372680664,0.0,1.8288787603378296,6.25276517868042
0.0,2.0948009490966797,0.0,4.451250076293945,4.371976375579834,0.7651665210723877,0.0,8.475802421569824,0.0,6.931872367858887,4.2505574226379395,11.364286422729492,4.64884090423584,1.755653738975525,1.6091163158416748,2.70715069770813,0.6748989224433899,0.0,1.8939977884292603,0.16698043048381805,0.7522405982017517,13.514607429504395,7.482815265655518,5.750051021575928,2.7365593910217285,4.350369453430176,1.9049793481826782,3.200162887573242,6.460502624511719,8.10141372680664,0.0,1.8288787603378296,6.25276517868042
0.0,2.0948009490966797,0.0,4.451250076293945,4.371976375579834,0.7651665210723877,0.0,8.475802421569824,0.0,6.931872367858887,4.2505574226379395,11.364286422729492,4.64884090423584,1.755653738975525,1.6091163158416748,2.70715069770813,0.6748989224433899,0.0,1.8939977884292603,0.16698043048381805,0.7522405982017517,13.514607429504395,7.482815265655518,5.750051021575928,2.7365593910217285,4.350369453430176,1.9049793481826782,3.200162887573242,6.460502624511719,8.10141372680664,0.0,1.8288787603378296,6.25276517868042
0.0,2.0948009490966797,0.0,4.451250076293945,4.371976375579834,0.7651665210723877,0.0,8.475802421569824,0.0,6.931872367858887,4.2505574226379395,11.364286422729492,4.64884090423584,1.755653738975525,1.6091163158416748,2.70715069770813,0.6748989224433899,0.0,1.8939977884292603,0.16698043048381805,0.7522405982017517,13.514607429504395,7.482815265655518,5.750051021575928,2.7365593910217285,4.350369453430176,1.9049793481826782,3.200162887573242,6.460502624511719,8.10141372680664,0.0,1.8288787603378296,6.25276517868042
0.0,2.0948009490966797,0.0,4.451250076293945,4.371976375579834,0.7651665210723877,0.0,8.475802421569824,0.0,6.931872367858887,4.2505574226379395,11.364286422729492,4.64884090423584,1.755653738975525,1.6091163158416748,2.70715069770813,0.6748989224433899,0.0,1.8939977884292603,0.16698043048381805,0.7522405982017517,13.514607429504395,7.482815265655518,5.750051021575928,2.7365593910217285,4.350369453430176,1.9049793481826782,3.200162887573242,6.460502624511719,8.10141372680664,0.0,1.8288787603378296,6.25276517868042
0.0,2.0948009490966797,0.0,4.451250076293945,4.371976375579834,0.7651665210723877,0.0,8.475802421569824,0.0,6.931872367858887,4.2505574226379395,11.364286422729492,4.64884090423584,1.755653738975525,1.6091163158416748,2.70715069770813,0.6748989224433899,0.0,1.8939977884292603,0.16698043048381805,0.7522405982017517,13.514607429504395,7.482815265655518,5.750051021575928,2.7365593910217285,4.350369453430176,1.9049793481826782,3.200162887573242,6.460502624511719,8.10141372680664,0.0,1.8288787603378296,6.25276517868042
0.0,2.0948009490966797,0.0,4.451250076293945,4.371976375579834,0.7651665210723877,0.0,8.475802421569824,0.0,6.931872367858887,4.2505574226379395,11.364286422729492,4.64884090423584,1.755653738975525,1.6091163158416748,2.70715069770813,0.6748989224433899,0.0,1.8939977884292603,0.16698043048381805,0.7522405982017517,13.514607429504395,7.482815265655518,5.750051021575928,2.7365593910217285,4.350369453430176,1.9049793481826782,3.200162887573242,6.460502624511719,8.10141372680664,0.0,1.8288787603378296,6.25276517868042
0.0,2.0948009490966797,0.0,4.451250076293945,4.371976375579834,0.7651665210723877,0.0,8.475802421569824,0.0,6.931872367858887,4.2505574226379395,11.364286422729492,4.64884090423584,1.755653738975525,1.6091163158416748,2.70715069770813,0.6748989224433899,0.0,1.8939977884292603,0.16698043048381805,0.7522405982017517,13.514607429504395,7.482815265655518,5.750051021575928,2.7365593910217285,4.350369453430176,1.9049793481826782,3.200162887573242,6.460502624511719,8.10141372680664,0.0,1.8288787603378296,6.25276517868042
0.0,2.0948009490966797,0.0,4.451250076293945,4.371976375579834,0.7651665210723877,0.0,8.475802421569824,0.0,6.931872367858887,4.2505574226379395,11.364286422729492,4.64884090423584,1.755653738975525,1.6091163158416748,2.70715069770813,0.6748989224433899,0.0,1.8939977884292603,0.16698043048381805,0.7522405982017517,13.514607429504395,7.482815265655518,5.750051021575928,2.7365593910217285,4.350369453430176,1.9049793481826782,3.200162887573242,6.460502624511719,8.10141372680664,0.0,1.8288787603378296,6.25276517868042
0.0,9.440713882446289,0.0,8.06324577331543,8.81431770324707,0.1310613751411438,0.6698222756385803,13.755465507507324,0.0,5.5285491943359375,6.416672706604004,14.315515518188477,1.0240944623947144,2.843435525894165,7.8563456535339355,1.7791171073913574,0.0,5.836091041564941,9.895332336425781,2.28684663772583,8.13908576965332,17.656484603881836,8.994940757751465,11.083158493041992,9.361183166503906,4.997122287750244,8.80539608001709,3.609449863433838,6.016686916351318,12.027563095092773,0.0,6.299205780029297,9.80656909942627
0.0,9.440713882446289,0.0,8.06324577331543,8.81431770324707,0.1310613751411438,0.6698222756385803,13.755465507507324,0.0,5.5285491943359375,6.416672706604004,14.315515518188477,1.0240944623947144,2.843435525894165,7.8563456535339355,1.7791171073913574,0.0,5.836091041564941,9.895332336425781,2.28684663772583,8.13908576965332,17.656484603881836,8.994940757751465,11.083158493041992,9.361183166503906,4.997122287750244,8.80539608001709,3.609449863433838,6.016686916351318,12.027563095092773,0.0,6.299205780029297,9.80656909942627
0.0,9.440713882446289,0.0,8.06324577331543,8.81431770324707,0.1310613751411438,0.6698222756385803,13.755465507507324,0.0,5.5285491943359375,6.416672706604004,14.315515518188477,1.0240944623947144,2.843435525894165,7.8563456535339355,1.7791171073913574,0.0,5.836091041564941,9.895332336425781,2.28684663772583,8.13908576965332,17.656484603881836,8.994940757751465,11.083158493041992,9.361183166503906,4.997122287750244,8.80539608001709,3.609449863433838,6.016686916351318,12.027563095092773,0.0,6.299205780029297,9.80656909942627
0.0,9.440713882446289,0.0,8.06324577331543,8.81431770324707,0.1310613751411438,0.6698222756385803,13.755465507507324,0.0,5.5285491943359375,6.416672706604004,14.315515518188477,1.0240944623947144,2.843435525894165,7.8563456535339355,1.7791171073913574,0.0,5.836091041564941,9.895332336425781,2.28684663772583,8.13908576965332,17.656484603881836,8.994940757751465,11.083158493041992,9.361183166503906,4.997122287750244,8.80539608001709,3.609449863433838,6.016686916351318,12.027563095092773,0.0,6.299205780029297,9.80656909942627
0.0,9.440713882446289,0.0,8.06324577331543,8.81431770324707,0.1310613751411438,0.6698222756385803,13.755465507507324,0.0,5.5285491943359375,6.416672706604004,14.315515518188477,1.0240944623947144,2.843435525894165,7.8563456535339355,1.7791171073913574,0.0,5.836091041564941,9.895332336425781,2.28684663772583,8.13908576965332,17.656484603881836,8.994940757751465,11.083158493041992,9.361183166503906,4.997122287750244,8.80539608001709,3.609449863433838,6.016686916351318,12.027563095092773,0.0,6.299205780029297,9.80656909942627
0.0,9.440713882446289,0.0,8.06324577331543,8.81431770324707,0.1310613751411438,0.6698222756385803,13.755465507507324,0.0,5.5285491943359375,6.416672706604004,14.315515518188477,1.0240944623947144,2.843435525894165,7.8563456535339355,1.7791171073913574,0.0,5.836091041564941,9.895332336425781,2.28684663772583,8.13908576965332,17.656484603881836,8.994940757751465,11.083158493041992,9.361183166503906,4.997122287750244,8.80539608001709,3.609449863433838,6.016686916351318,12.027563095092773,0.0,6.299205780029297,9.80656909942627
0.0,9.440713882446289,0.0,8.06324577331543,8.81431770324707,0.1310613751411438,0.6698222756385803,13.755465507507324,0.0,5.5285491943359375,6.416672706604004,14.315515518188477,1.0240944623947144,2.843435525894165,7.8563456535339355,1.7791171073913574,0.0,5.836091041564941,9.895332336425781,2.28684663772583,8.13908576965332,17.656484603881836,8.994940757751465,11.083158493041992,9.361183166503906,4.997122287750244,8.80539608001709,3.609449863433838,6.016686916351318,12.027563095092773,0.0,6.299205780029297,9.80656909942627
0.0,9.440713882446289,0.0,8.06324577331543,8.81431770324707,0.1310613751411438,0.6698222756385803,13.755465507507324,0.0,5.5285491943359375,6.416672706604004,14.315515518188477,1.0240944623947144,2.843435525894165,7.8563456535339355,1.7791171073913574,0.0,5.836091041564941,9.895332336425781,2.28684663772583,8.13908576965332,17.656484603881836,8.994940757751465,11.083158493041992,9.361183166503906,4.997122287750244,8.80539608001709,3.609449863433838,6.016686916351318,12.027563095092773,0.0,6.299205780029297,9.80656909942627
0.0,9.440713882446289,0.0,8.06324577331543,8.81431770324707,0.1310613751411438,0.6698222756385803,13.755465507507324,0.0,5.5285491943359375,6.416672706604004,14.315515518188477,1.0240944623947144,2.843435525894165,7.8563456535339355,1.7791171073913574,0.0,5.836091041564941,9.895332336425781,2.28684663772583,8.13908576965332,17.656484603881836,8.994940757751465,11.083158493041992,9.361183166503906,4.997122287750244,8.80539608001709,3.609449863433838,6.016686916351318,12.027563095092773,0.0,6.299205780029297,9.80656909942627
0.0,9.440713882446289,0.0,8.06324577331543,8.81431770324707,0.1310613751411438,0.6698222756385803,13.755465507507324,0.0,5.5285491943359375,6.416672706604004,14.315515518188477,1.0240944623947144,2.843435525894165,7.8563456535339355,1.7791171073913574,0.0,5.836091041564941,9.895332336425781,2.28684663772583,8.13908576965332,17.656484603881836,8.994940757751465,11.083158493041992,9.361183166503906,4.997122287750244,8.80539608001709,3.609449863433838,6.016686916351318,12.027563095092773,0.0,6.299205780029297,9.80656909942627
0.0,9.440713882446289,0.0,8.06324577331543,8.81431770324707,0.1310613751411438,0.6698222756385803,13.755465507507324,0.0,5.5285491943359375,6.416672706604004,14.315515518188477,1.0240944623947144,2.843435525894165,7.8563456535339355,1.7791171073913574,0.0,5.836091041564941,9.895332336425781,2.28684663772583,8.13908576965332,17.656484603881836,8.994940757751465,11.083158493041992,9.361183166503906,4.997122287750244,8.80539608001709,3.609449863433838,6.016686916351318,12.027563095092773,0.0,6.299205780029297,9.80656909942627
0.0,9.440713882446289,0.0,8.06324577331543,8.81431770324707,0.1310613751411438,0.6698222756385803,13.755465507507324,0.0,5.5285491943359375,6.416672706604004,14.315515518188477,1.0240944623947144,2.843435525894165,7.8563456535339355,1.7791171073913574,0.0,5.836091041564941,9.895332336425781,2.28684663772583,8.13908576965332,17.656484603881836,8.994940757751465,11.083158493041992,9.361183166503906,4.997122287750244,8.80539608001709,3.609449863433838,6.016686916351318,12.027563095092773,0.0,6.299205780029297,9.80656909942627
0.0,9.440713882446289,0.0,8.06324577331543,8.81431770324707,0.1310613751411438,0.6698222756385803,13.755465507507324,0.0,5.5285491943359375,6.416672706604004,14.315515518188477,1.0240944623947144,2.843435525894165,7.8563456535339355,1.7791171073913574,0.0,5.836091041564941,9.895332336425781,2.28684663772583,8.13908576965332,17.656484603881836,8.994940757751465,11.083158493041992,9.361183166503906,4.997122287750244,8.80539608001709,3.609449863433838,6.016686916351318,12.027563095092773,0.0,6.299205780029297,9.80656909942627
0.0,9.440713882446289,0.0,8.06324577331543,8.81431770324707,0.1310613751411438,0.6698222756385803,13.755465507507324,0.0,5.5285491943359375,6.416672706604004,14.315515518188477,1.0240944623947144,2.843435525894165,7.8563456535339355,1.7791171073913574,0.0,5.836091041564941,9.895332336425781,2.28684663772583,8.13908576965332,17.656484603881836,8.994940757751465,11.083158493041992,9.361183166503906,4.997122287750244,8.80539608001709,3.609449863433838,6.016686916351318,12.027563095092773,0.0,6.299205780029297,9.80656909942627
0.0,9.440713882446289,0.0,8.06324577331543,8.81431770324707,0.1310613751411438,0.6698222756385803,13.755465507507324,0.0,5.5285491943359375,6.416672706604004,14.315515518188477,1.0240944623947144,2.843435525894165,7.8563456535339355,1.7791171073913574,0.0,5.836091041564941,9.895332336425781,2.28684663772583,8.13908576965332,17.656484603881836,8.994940757751465,11.083158493041992,9.361183166503906,4.997122287750244,8.80539608001709,3.609449863433838,6.016686916351318,12.027563095092773,0.0,6.299205780029297,9.80656909942627
0.0,9.440713882446289,0.0,8.06324577331543,8.81431770324707,0.1310613751411438,0.6698222756385803,13.755465507507324,0.0,5.5285491943359375,6.416672706604004,14.315515518188477,1.0240944623947144,2.843435525894165,7.8563456535339355,1.7791171073913574,0.0,5.836091041564941,9.895332336425781,2.28684663772583,8.13908576965332,17.656484603881836,8.994940757751465,11.083158493041992,9.361183166503906,4.997122287750244,8.80539608001709,3.609449863433838,6.016686916351318,12.027563095092773,0.0,6.299205780029297,9.80656909942627
0.0,9.440713882446289,0.0,8.06324577331543,8.81431770324707,0.1310613751411438,0.6698222756385803,13.755465507507324,0.0,5.5285491943359375,6.416672706604004,14.315515518188477,1.0240944623947144,2.843435525894165,7.8563456535339355,1.7791171073913574,0.0,5.836091041564941,9.895332336425781,2.28684663772583,8.13908576965332,17.656484603881836,8.994940757751465,11.083158493041992,9.361183166503906,4.997122287750244,8.80539608001709,3.609449863433838,6.016686916351318,12.027563095092773,0.0,6.299205780029297,9.80656909942627
0.0,9.440713882446289,0.0,8.06324577331543,8.81431770324707,0.1310613751411438,0.6698222756385803,13.755465507507324,0.0,5.5285491943359375,6.416672706604004,14.315515518188477,1.0240944623947144,2.843435525894165,7.8563456535339355,1.7791171073913574,0.0,5.836091041564941,9.895332336425781,2.28684663772583,8.13908576965332,17.656484603881836,8.994940757751465,11.083158493041992,9.361183166503906,4.997122287750244,8.80539608001709,3.609449863433838,6.016686916351318,12.027563095092773,0.0,6.299205780029297,9.80656909942627
0.0,9.440713882446289,0.0,8.06324577331543,8.81431770324707,0.1310613751411438,0.6698222756385803,13.755465507507324,0.0,5.5285491943359375,6.416672706604004,14.315515518188477,1.0240944623947144,2.843435525894165,7.8563456535339355,1.7791171073913574,0.0,5.836091041564941,9.895332336425781,2.28684663772583,8.13908576965332,17.656484603881836,8.994940757751465,11.083158493041992,9.361183166503906,4.997122287750244,8.80539608001709,3.609449863433838,6.016686916351318,12.027563095092773,0.0,6.299205780029297,9.80656909942627
0.0,9.440713882446289,0.0,8.06324577331543,8.81431770324707,0.1310613751411438,0.6698222756385803,13.755465507507324,0.0,5.5285491943359375,6.416672706604004,14.315515518188477,1.0240944623947144,2.843435525894165,7.8563456535339355,1.7791171073913574,0.0,5.836091041564941,9.895332336425781,2.28684663772583,8.13908576965332,17.656484603881836,8.994940757751465,11.083158493041992,9.361183166503906,4.997122287750244,8.80539608001709,3.609449863433838,6.016686916351318,12.027563095092773,0.0,6.299205780029297,9.80656909942627
0.0,0.0,0.0,5.107443809509277,2.2881438732147217,4.71054220199585,0.0,3.529010772705078,0.0,3.7425436973571777,3.153008460998535,9.053900718688965,4.077173233032227,2.034435272216797,0.0,2.4894087314605713,3.8855936527252197,0.0,0.0,0.45973533391952515,0.0,10.668399810791016,6.557694435119629,0.43103307485580444,0.0,4.28789758682251,0.0,5.078042507171631,5.991066932678223,5.059411525726318,0.0,2.309691905975342,2.87357497215271
0.0,0.0,0.0,5.107443809509277,2.2881438732147217,4.71054220199585,0.0,3.529010772705078,0.0,3.7425436973571777,3.153008460998535,9.053900718688965,4.077173233032227,2.034435272216797,0.0,2.4894087314605713,3.8855936527252197,0.0,0.0,0.45973533391952515,0.0,10.668399810791016,6.557694435119629,0.43103307485580444,0.0,4.28789758682251,0.0,5.078042507171631,5.991066932678223,5.059411525726318,0.0,2.309691905975342,2.87357497215271
0.0,0.0,0.0,5.107443809509277,2.2881438732147217,4.71054220199585,0.0,3.529010772705078,0.0,3.7425436973571777,3.153008460998535,9.053900718688965,4.077173233032227,2.034435272216797,0.0,2.4894087314605713,3.8855936527252197,0.0,0.0,0.45973533391952515,0.0,10.668399810791016,6.557694435119629,0.43103307485580444,0.0,4.28789758682251,0.0,5.078042507171631,5.991066932678223,5.059411525726318,0.0,2.309691905975342,2.87357497215271
0.0,0.0,0.0,5.107443809509277,2.2881438732147217,4.71054220199585,0.0,3.529010772705078,0.0,3.7425436973571777,3.153008460998535,9.053900718688965,4.077173233032227,2.034435272216797,0.0,2.4894087314605713,3.8855936527252197,0.0,0.0,0.45973533391952515,0.0,10.668399810791016,6.557694435119629,0.43103307485580444,0.0,4.28789758682251,0.0,5.078042507171631,5.991066932678223,5.059411525726318,0.0,2.309691905975342,2.87357497215271
0.0,0.0,0.0,5.107443809509277,2.2881438732147217,4.71054220199585,0.0,3.529010772705078,0.0,3.7425436973571777,3.153008460998535,9.053900718688965,4.077173233032227,2.034435272216797,0.0,2.4894087314605713,3.8855936527252197,0.0,0.0,0.45973533391952515,0.0,10.668399810791016,6.557694435119629,0.43103307485580444,0.0,4.28789758682251,0.0,5.078042507171631,5.991066932678223,5.059411525726318,0.0,2.309691905975342,2.87357497215271
0.0,0.0,0.0,5.107443809509277,2.2881438732147217,4.71054220199585,0.0,3.529010772705078,0.0,3.7425436973571777,3.153008460998535,9.053900718688965,4.077173233032227,2.034435272216797,0.0,2.4894087314605713,3.8855936527252197,0.0,0.0,0.45973533391952515,0.0,10.668399810791016,6.557694435119629,0.43103307485580444,0.0,4.28789758682251,0.0,5.078042507171631,5.991066932678223,5.059411525726318,0.0,2.309691905975342,2.87357497215271
0.0,0.0,0.0,5.107443809509277,2.2881438732147217,4.71054220199585,0.0,3.529010772705078,0.0,3.7425436973571777,3.153008460998535,9.053900718688965,4.077173233032227,2.034435272216797,0.0,2.4894087314605713,3.8855936527252197,0.0,0.0,0.45973533391952515,0.0,10.668399810791016,6.557694435119629,0.43103307485580444,0.0,4.28789758682251,0.0,5.078042507171631,5.991066932678223,5.059411525726318,0.0,2.309691905975342,2.87357497215271
0.0,0.0,0.0,5.107443809509277,2.2881438732147217,4.71054220199585,0.0,3.529010772705078,0.0,3.7425436973571777,3.153008460998535,9.053900718688965,4.077173233032227,2.034435272216797,0.0,2.4894087314605713,3.8855936527252197,0.0,0.0,0.45973533391952515,0.0,10.668399810791016,6.557694435119629,0.43103307485580444,0.0,4.28789758682251,0.0,5.078042507171631,5.991066932678223,5.059411525726318,0.0,2.309691905975342,2.87357497215271
0.0,0.0,0.0,5.107443809509277,2.2881438732147217,4.71054220199585,0.0,3.529010772705078,0.0,3.7425436973571777,3.153008460998535,9.053900718688965,4.077173233032227,2.034435272216797,0.0,2.4894087314605713,3.8855936527252197,0.0,0.0,0.45973533391952515,0.0,10.668399810791016,6.557694435119629,0.43103307485580444,0.0,4.28789758682251,0.0,5.078042507171631,5.991066932678223,5.059411525726318,0.0,2.309691905975342,2.87357497215271
0.0,0.0,0.0,5.107443809509277,2.2881438732147217,4.71054220199585,0.0,3.529010772705078,0.0,3.7425436973571777,3.153008460998535,9.053900718688965,4.077173233032227,2.034435272216797,0.0,2.4894087314605713,3.8855936527252197,0.0,0.0,0.45973533391952515,0.0,10.668399810791016,6.557694435119629,0.43103307485580444,0.0,4.28789758682251,0.0,5.078042507171631,5.991066932678223,5.059411525726318,0.0,2.309691905975342,2.87357497215271
0.0,0.0,0.0,5.107443809509277,2.2881438732147217,4.71054220199585,0.0,3.529010772705078,0.0,3.7425436973571777,3.153008460998535,9.053900718688965,4.077173233032227,2.034435272216797,0.0,2.4894087314605713,3.8855936527252197,0.0,0.0,0.45973533391952515,0.0,10.668399810791016,6.557694435119629,0.43103307485580444,0.0,4.28789758682251,0.0,5.078042507171631,5.991066932678223,5.059411525726318,0.0,2.309691905975342,2.87357497215271
0.0,0.0,0.0,5.107443809509277,2.2881438732147217,4.71054220199585,0.0,3.529010772705078,0.0,3.7425436973571777,3.153008460998535,9.053900718688965,4.077173233032227,2.034435272216797,0.0,2.4894087314605713,3.8855936527252197,0.0,0.0,0.45973533391952515,0.0,10.668399810791016,6.557694435119629,0.43103307485580444,0.0,4.28789758682251,0.0,5.078042507171631,5.991066932678223,5.059411525726318,0.0,2.309691905975342,2.87357497215271
0.0,0.0,0.0,5.107443809509277,2.2881438732147217,4.71054220199585,0.0,3.529010772705078,0.0,3.7425436973571777,3.153008460998535,9.053900718688965,4.077173233032227,2.034435272216797,0.0,2.4894087314605713,3.8855936527252197,0.0,0.0,0.45973533391952515,0.0,10.668399810791016,6.557694435119629,0.43103307485580444,0.0,4.28789758682251,0.0,5.078042507171631,5.991066932678223,5.059411525726318,0.0,2.309691905975342,2.87357497215271
0.0,0.0,0.0,5.107443809509277,2.2881438732147217,4.71054220199585,0.0,3.529010772705078,0.0,3.7425436973571777,3.153008460998535,9.053900718688965,4.077173233032227,2.034435272216797,0.0,2.4894087314605713,3.8855936527252197,0.0,0.0,0.45973533391952515,0.0,10.668399810791016,6.557694435119629,0.43103307485580444,0.0,4.28789758682251,0.0,5.078042507171631,5.991066932678223,5.059411525726318,0.0,2.309691905975342,2.87357497215271
0.0,0.0,0.0,5.107443809509277,2.2881438732147217,4.71054220199585,0.0,3.529010772705078,0.0,3.7425436973571777,3.153008460998535,9.053900718688965,4.077173233032227,2.034435272216797,0.0,2.4894087314605713,3.8855936527252197,0.0,0.0,0.45973533391952515,0.0,10.668399810791016,6.557694435119629,0.43103307485580444,0.0,4.28789758682251,0.0,5.078042507171631,5.991066932678223,5.059411525726318,0.0,2.309691905975342,2.87357497215271
0.0,0.0,0.0,5.107443809509277,2.2881438732147217,4.71054220199585,0.0,3.529010772705078,0.0,3.7425436973571777,3.153008460998535,9.053900718688965,4.077173233032227,2.034435272216797,0.0,2.4894087314605713,3.8855936527252197,0.0,0.0,0.45973533391952515,0.0,10.668399810791016,6.557694435119629,0.43103307485580444,0.0,4.28789758682251,0.0,5.078042507171631,5.991066932678223,5.059411525726318,0.0,2.309691905975342,2.87357497215271
0.0,0.0,0.0,5.107443809509277,2.2881438732147217,4.71054220199585,0.0,3.529010772705078,0.0,3.7425436973571777,3.153008460998535,9.053900718688965,4.077173233032227,2.034435272216797,0.0,2.4894087314605713,3.8855936527252197,0.0,0.0,0.45973533391952515,0.0,10.668399810791016,6.557694435119629,0.43103307485580444,0.0,4.28789758682251,0.0,5.078042507171631,5.991066932678223,5.059411525726318,0.0,2.309691905975342,2.87357497215271
0.0,0.0,0.0,5.107443809509277,2.2881438732147217,4.71054220199585,0.0,3.529010772705078,0.0,3.7425436973571777,3.153008460998535,9.053900718688965,4.077173233032227,2.034435272216797,0.0,2.4894087314605713,3.8855936527252197,0.0,0.0,0.45973533391952515,0.0,10.668399810791016,6.557694435119629,0.43103307485580444,0.0,4.28789758682251,0.0,5.078042507171631,5.991066932678223,5.059411525726318,0.0,2.309691905975342,2.87357497215271
0.0,0.0,0.0,5.107443809509277,2.2881438732147217,4.71054220199585,0.0,3.529010772705078,0.0,3.7425436973571777,3.153008460998535,9.053900718688965,4.077173233032227,2.034435272216797,0.0,2.4894087314605713,3.8855936527252197,0.0,0.0,0.45973533391952515,0.0,10.668399810791016,6.557694435119629,0.43103307485580444,0.0,4.28789758682251,0.0,5.078042507171631,5.991066932678223,5.059411525726318,0.0,2.309691905975342,2.87357497215271
0.0,0.0,0.0,5.107443809509277,2.2881438732147217,4.71054220199585,0.0,3.529010772705078,0.0,3.7425436973571777,3.153008460998535,9.053900718688965,4.077173233032227,2.034435272216797,0.0,2.4894087314605713,3.8855936527252197,0.0,0.0,0.45973533391952515,0.0,10.668399810791016,6.557694435119629,0.43103307485580444,0.0,4.28789758682251,0.0,5.078042507171631,5.991066932678223,5.059411525726318,0.0,2.309691905975342,2.87357497215271
0.0,7.813391208648682,0.0,7.335355758666992,8.2422456741333,0.5632153749465942,0.2939722239971161,11.184015274047852,0.0,4.09641170501709,5.75861930847168,12.95837688446045,2.295835018157959,2.9327032566070557,6.607100009918213,3.6495492458343506,0.2444886565208435,4.044868469238281,9.017156600952148,2.161900520324707,5.990268707275391,17.63341522216797,8.930341720581055,9.31174373626709,7.526488780975342,4.976039886474609,7.450082778930664,2.7207539081573486,4.369998931884766,12.704605102539062,0.0,5.786031723022461,9.588927268981934
0.0,7.813391208648682,0.0,7.335355758666992,8.2422456741333,0.5632153749465942,0.2939722239971161,11.184015274047852,0.0,4.09641170501709,5.75861930847168,12.95837688446045,2.295835018157959,2.9327032566070557,6.607100009918213,3.6495492458343506,0.2444886565208435,4.044868469238281,9.017156600952148,2.161900520324707,5.990268707275391,17.63341522216797,8.930341720581055,9.31174373626709,7.526488780975342,4.976039886474609,7.450082778930664,2.7207539081573486,4.369998931884766,12.704605102539062,0.0,5.786031723022461,9.588927268981934
0.0,7.813391208648682,0.0,7.335355758666992,8.2422456741333,0.5632153749465942,0.2939722239971161,11.184015274047852,0.0,4.09641170501709,5.75861930847168,12.95837688446045,2.295835018157959,2.9327032566070557,6.607100009918213,3.6495492458343506,0.2444886565208435,4.044868469238281,9.017156600952148,2.161900520324707,5.990268707275391,17.63341522216797,8.930341720581055,9.31174373626709,7.526488780975342,4.976039886474609,7.450082778930664,2.7207539081573486,4.369998931884766,12.704605102539062,0.0,5.786031723022461,9.588927268981934
0.0,7.813391208648682,0.0,7.335355758666992,8.2422456741333,0.5632153749465942,0.2939722239971161,11.184015274047852,0.0,4.09641170501709,5.75861930847168,12.95837688446045,2.295835018157959,2.9327032566070557,6.607100009918213,3.6495492458343506,0.2444886565208435,4.044868469238281,9.017156600952148,2.161900520324707,5.990268707275391,17.63341522216797,8.930341720581055,9.31174373626709,7.526488780975342,4.976039886474609,7.450082778930664,2.7207539081573486,4.369998931884766,12.704605102539062,0.0,5.786031723022461,9.588927268981934
0.0,7.813391208648682,0.0,7.335355758666992,8.2422456741333,0.5632153749465942,0.2939722239971161,11.184015274047852,0.0,4.09641170501709,5.75861930847168,12.95837688446045,2.295835018157959,2.9327032566070557,6.607100009918213,3.6495492458343506,0.2444886565208435,4.044868469238281,9.017156600952148,2.161900520324707,5.990268707275391,17.63341522216797,8.930341720581055,9.31174373626709,7.526488780975342,4.976039886474609,7.450082778930664,2.7207539081573486,4.369998931884766,12.704605102539062,0.0,5.786031723022461,9.588927268981934
0.0,7.813391208648682,0.0,7.335355758666992,8.2422456741333,0.5632153749465942,0.2939722239971161,11.184015274047852,0.0,4.09641170501709,5.75861930847168,12.95837688446045,2.295835018157959,2.9327032566070557,6.607100009918213,3.6495492458343506,0.2444886565208435,4.044868469238281,9.017156600952148,2.161900520324707,5.990268707275391,17.63341522216797,8.930341720581055,9.31174373626709,7.526488780975342,4.976039886474609,7.450082778930664,2.7207539081573486,4.369998931884766,12.704605102539062,0.0,5.786031723022461,9.588927268981934
0.0,7.813391208648682,0.0,7.335355758666992,8.2422456741333,0.5632153749465942,0.2939722239971161,11.184015274047852,0.0,4.09641170501709,5.75861930847168,12.95837688446045,2.295835018157959,2.9327032566070557,6.607100009918213,3.6495492458343506,0.2444886565208435,4.044868469238281,9.017156600952148,2.161900520324707,5.990268707275391,17.63341522216797,8.930341720581055,9.31174373626709,7.526488780975342,4.976039886474609,7.450082778930664,2.7207539081573486,4.369998931884766,12.704605102539062,0.0,5.786031723022461,9.588927268981934
0.0,7.813391208648682,0.0,7.335355758666992,8.2422456741333,0.5632153749465942,0.2939722239971161,11.184015274047852,0.0,4.09641170501709,5.75861930847168,12.95837688446045,2.295835018157959,2.9327032566070557,6.607100009918213,3.6495492458343506,0.2444886565208435,4.044868469238281,9.017156600952148,2.161900520324707,5.990268707275391,17.63341522216797,8.930341720581055,9.31174373626709,7.526488780975342,4.976039886474609,7.450082778930664,2.7207539081573486,4.369998931884766,12.704605102539062,0.0,5.786031723022461,9.588927268981934
0.0,7.813391208648682,0.0,7.335355758666992,8.2422456741333,0.5632153749465942,0.2939722239971161,11.184015274047852,0.0,4.09641170501709,5.75861930847168,12.95837688446045,2.295835018157959,2.9327032566070557,6.607100009918213,3.6495492458343506,0.2444886565208435,4.044868469238281,9.017156600952148,2.161900520324707,5.990268707275391,17.63341522216797,8.930341720581055,9.31174373626709,7.526488780975342,4.976039886474609,7.450082778930664,2.7207539081573486,4.369998931884766,12.704605102539062,0.0,5.786031723022461,9.588927268981934
0.0,7.813391208648682,0.0,7.335355758666992,8.2422456741333,0.5632153749465942,0.2939722239971161,11.184015274047852,0.0,4.09641170501709,5.75861930847168,12.95837688446045,2.295835018157959,2.9327032566070557,6.607100009918213,3.6495492458343506,0.2444886565208435,4.044868469238281,9.017156600952148,2.161900520324707,5.990268707275391,17.63341522216797,8.930341720581055,9.31174373626709,7.526488780975342,4.976039886474609,7.450082778930664,2.7207539081573486,4.369998931884766,12.704605102539062,0.0,5.786031723022461,9.588927268981934
0.0,7.813391208648682,0.0,7.335355758666992,8.2422456741333,0.5632153749465942,0.2939722239971161,11.184015274047852,0.0,4.09641170501709,5.75861930847168,12.95837688446045,2.295835018157959,2.9327032566070557,6.607100009918213,3.6495492458343506,0.2444886565208435,4.044868469238281,9.017156600952148,2.161900520324707,5.990268707275391,17.63341522216797,8.930341720581055,9.31174373626709,7.526488780975342,4.976039886474609,7.450082778930664,2.7207539081573486,4.369998931884766,12.704605102539062,0.0,5.786031723022461,9.588927268981934
0.0,7.813391208648682,0.0,7.335355758666992,8.2422456741333,0.5632153749465942,0.2939722239971161,11.184015274047852,0.0,4.09641170501709,5.75861930847168,12.95837688446045,2.295835018157959,2.9327032566070557,6.607100009918213,3.6495492458343506,0.2444886565208435,4.044868469238281,9.017156600952148,2.161900520324707,5.990268707275391,17.63341522216797,8.930341720581055,9.31174373626709,7.526488780975342,4.976039886474609,7.450082778930664,2.7207539081573486,4.369998931884766,12.704605102539062,0.0,5.786031723022461,9.588927268981934
0.0,7.813391208648682,0.0,7.335355758666992,8.2422456741333,0.5632153749465942,0.2939722239971161,11.184015274047852,0.0,4.09641170501709,5.75861930847168,12.95837688446045,2.295835018157959,2.9327032566070557,6.607100009918213,3.6495492458343506,0.2444886565208435,4.044868469238281,9.017156600952148,2.161900520324707,5.990268707275391,17.63341522216797,8.930341720581055,9.31174373626709,7.526488780975342,4.976039886474609,7.450082778930664,2.7207539081573486,4.369998931884766,12.704605102539062,0.0,5.786031723022461,9.588927268981934
0.0,7.813391208648682,0.0,7.335355758666992,8.2422456741333,0.5632153749465942,0.2939722239971161,11.184015274047852,0.0,4.09641170501709,5.75861930847168,12.95837688446045,2.295835018157959,2.9327032566070557,6.607100009918213,3.6495492458343506,0.2444886565208435,4.044868469238281,9.017156600952148,2.161900520324707,5.990268707275391,17.63341522216797,8.930341720581055,9.31174373626709,7.526488780975342,4.976039886474609,7.450082778930664,2.7207539081573486,4.369998931884766,12.704605102539062,0.0,5.786031723022461,9.588927268981934
0.0,7.813391208648682,0.0,7.335355758666992,8.2422456741333,0.5632153749465942,0.2939722239971161,11.184015274047852,0.0,4.09641170501709,5.75861930847168,12.95837688446045,2.295835018157959,2.9327032566070557,6.607100009918213,3.6495492458343506,0.2444886565208435,4.044868469238281,9.017156600952148,2.161900520324707,5.990268707275391,17.63341522216797,8.930341720581055,9.31174373626709,7.526488780975342,4.976039886474609,7.450082778930664,2.7207539081573486,4.369998931884766,12.704605102539062,0.0,5.786031723022461,9.588927268981934
0.0,7.813391208648682,0.0,7.335355758666992,8.2422456741333,0.5632153749465942,0.2939722239971161,11.184015274047852,0.0,4.09641170501709,5.75861930847168,12.95837688446045,2.295835018157959,2.9327032566070557,6.607100009918213,3.6495492458343506,0.2444886565208435,4.044868469238281,9.017156600952148,2.161900520324707,5.990268707275391,17.63341522216797,8.930341720581055,9.31174373626709,7.526488780975342,4.976039886474609,7.450082778930664,2.7207539081573486,4.369998931884766,12.704605102539062,0.0,5.786031723022461,9.588927268981934
0.0,7.813391208648682,0.0,7.335355758666992,8.2422456741333,0.5632153749465942,0.2939722239971161,11.184015274047852,0.0,4.09641170501709,5.75861930847168,12.95837688446045,2.295835018157959,2.9327032566070557,6.607100009918213,3.6495492458343506,0.2444886565208435,4.044868469238281,9.017156600952148,2.161900520324707,5.990268707275391,17.63341522216797,8.930341720581055,9.31174373626709,7.526488780975342,4.976039886474609,7.450082778930664,2.7207539081573486,4.369998931884766,12.704605102539062,0.0,5.786031723022461,9.588927268981934
0.0,7.813391208648682,0.0,7.335355758666992,8.2422456741333,0.5632153749465942,0.2939722239971161,11.184015274047852,0.0,4.09641170501709,5.75861930847168,12.95837688446045,2.295835018157959,2.9327032566070557,6.607100009918213,3.6495492458343506,0.2444886565208435,4.044868469238281,9.017156600952148,2.161900520324707,5.990268707275391,17.63341522216797,8.930341720581055,9.31174373626709,7.526488780975342,4.976039886474609,7.450082778930664,2.7207539081573486,4.369998931884766,12.704605102539062,0.0,5.786031723022461,9.588927268981934
0.0,7.813391208648682,0.0,7.335355758666992,8.2422456741333,0.5632153749465942,0.2939722239971161,11.184015274047852,0.0,4.09641170501709,5.75861930847168,12.95837688446045,2.295835018157959,2.9327032566070557,6.607100009918213,3.6495492458343506,0.2444886565208435,4.044868469238281,9.017156600952148,2.161900520324707,5.990268707275391,17.63341522216797,8.930341720581055,9.31174373626709,7.526488780975342,4.976039886474609,7.450082778930664,2.7207539081573486,4.369998931884766,12.704605102539062,0.0,5.786031723022461,9.588927268981934
0.0,7.813391208648682,0.0,7.335355758666992,8.2422456741333,0.5632153749465942,0.2939722239971161,11.184015274047852,0.0,4.09641170501709,5.75861930847168,12.95837688446045,2.295835018157959,2.9327032566070557,6.607100009918213,3.6495492458343506,0.2444886565208435,4.044868469238281,9.017156600952148,2.161900520324707,5.990268707275391,17.63341522216797,8.930341720581055,9.31174373626709,7.526488780975342,4.976039886474609,7.450082778930664,2.7207539081573486,4.369998931884766,12.704605102539062,0.0,5.786031723022461,9.588927268981934
0.0,0.0,0.0,3.076531410217285,3.658480405807495,1.4700970649719238,0.058995041996240616,5.338749885559082,0.0,6.676623344421387,5.056857109069824,9.756006240844727,5.714622974395752,1.4651044607162476,0.0,4.554086685180664,1.68696928024292,0.0,0.0,0.12424217909574509,0.0,12.54835319519043,6.855591773986816,1.9816386699676514,0.0,3.9076738357543945,0.0,2.3458540439605713,4.862285137176514,8.219478607177734,0.0,0.44816654920578003,4.699069023132324
0.0,0.0,0.0,3.076531410217285,3.658480405807495,1.4700970649719238,0.058995041996240616,5.338749885559082,0.0,6.676623344421387,5.056857109069824,9.756006240844727,5.714622974395752,1.4651044607162476,0.0,4.554086685180664,1.68696928024292,0.0,0.0,0.12424217909574509,0.0,12.54835319519043,6.855591773986816,1.9816386699676514,0.0,3.9076738357543945,0.0,2.3458540439605713,4.862285137176514,8.219478607177734,0.0,0.44816654920578003,4.699069023132324
0.0,0.0,0.0,3.076531410217285,3.658480405807495,1.4700970649719238,0.058995041996240616,5.338749885559082,0.0,6.676623344421387,5.056857109069824,9.756006240844727,5.714622974395752,1.4651044607162476,0.0,4.554086685180664,1.68696928024292,0.0,0.0,0.12424217909574509,0.0,12.54835319519043,6.855591773986816,1.9816386699676514,0.0,3.9076738357543945,0.0,2.3458540439605713,4.862285137176514,8.219478607177734,0.0,0.44816654920578003,4.699069023132324
0.0,0.0,0.0,3.076531410217285,3.658480405807495,1.4700970649719238,0.058995041996240616,5.338749885559082,0.0,6.676623344421387,5.056857109069824,9.756006240844727,5.714622974395752,1.4651044607162476,0.0,4.554086685180664,1.68696928024292,0.0,0.0,0.12424217909574509,0.0,12.54835319519043,6.855591773986816,1.9816386699676514,0.0,3.9076738357543945,0.0,2.3458540439605713,4.862285137176514,8.219478607177734,0.0,0.44816654920578003,4.699069023132324
0.0,0.0,0.0,3.076531410217285,3.658480405807495,1.4700970649719238,0.058995041996240616,5.338749885559082,0.0,6.676623344421387,5.056857109069824,9.756006240844727,5.714622974395752,1.4651044607162476,0.0,4.554086685180664,1.68696928024292,0.0,0.0,0.12424217909574509,0.0,12.54835319519043,6.855591773986816,1.9816386699676514,0.0,3.9076738357543945,0.0,2.3458540439605713,4.862285137176514,8.219478607177734,0.0,0.44816654920578003,4.699069023132324
0.0,0.0,0.0,3.076531410217285,3.658480405807495,1.4700970649719238,0.058995041996240616,5.338749885559082,0.0,6.676623344421387,5.056857109069824,9.756006240844727,5.714622974395752,1.4651044607162476,0.0,4.554086685180664,1.68696928024292,0.0,0.0,0.12424217909574509,0.0,12.54835319519043,6.855591773986816,1.9816386699676514,0.0,3.9076738357543945,0.0,2.3458540439605713,4.862285137176514,8.219478607177734,0.0,0.44816654920578003,4.699069023132324
0.0,0.0,0.0,3.076531410217285,3.658480405807495,1.4700970649719238,0.058995041996240616,5.338749885559082,0.0,6.676623344421387,5.056857109069824,9.756006240844727,5.714622974395752,1.4651044607162476,0.0,4.554086685180664,1.68696928024292,0.0,0.0,0.12424217909574509,0.0,12.54835319519043,6.855591773986816,1.9816386699676514,0.0,3.9076738357543945,0.0,2.3458540439605713,4.862285137176514,8.219478607177734,0.0,0.44816654920578003,4.699069023132324
0.0,0.0,0.0,3.076531410217285,3.658480405807495,1.4700970649719238,0.058995041996240616,5.338749885559082,0.0,6.676623344421387,5.056857109069824,9.756006240844727,5.714622974395752,1.4651044607162476,0.0,4.554086685180664,1.68696928024292,0.0,0.0,0.12424217909574509,0.0,12.54835319519043,6.855591773986816,1.9816386699676514,0.0,3.9076738357543945,0.0,2.3458540439605713,4.862285137176514,8.219478607177734,0.0,0.44816654920578003,4.699069023132324
0.0,0.0,0.0,3.076531410217285,3.658480405807495,1.4700970649719238,0.058995041996240616,5.338749885559082,0.0,6.676623344421387,5.056857109069824,9.756006240844727,5.714622974395752,1.4651044607162476,0.0,4.554086685180664,1.68696928024292,0.0,0.0,0.12424217909574509,0.0,12.54835319519043,6.855591773986816,1.9816386699676514,0.0,3.9076738357543945,0.0,2.3458540439605713,4.862285137176514,8.219478607177734,0.0,0.44816654920578003,4.699069023132324
0.0,0.0,0.0,3.076531410217285,3.658480405807495,1.4700970649719238,0.058995041996240616,5.338749885559082,0.0,6.676623344421387,5.056857109069824,9.756006240844727,5.714622974395752,1.4651044607162476,0.0,4.554086685180664,1.68696928024292,0.0,0.0,0.12424217909574509,0.0,12.54835319519043,6.855591773986816,1.9816386699676514,0.0,3.9076738357543945,0.0,2.3458540439605713,4.862285137176514,8.219478607177734,0.0,0.44816654920578003,4.699069023132324
0.0,0.0,0.0,3.076531410217285,3.658480405807495,1.4700970649719238,0.058995041996240616,5.338749885559082,0.0,6.676623344421387,5.056857109069824,9.756006240844727,5.714622974395752,1.4651044607162476,0.0,4.554086685180664,1.68696928024292,0.0,0.0,0.12424217909574509,0.0,12.54835319519043,6.855591773986816,1.9816386699676514,0.0,3.9076738357543945,0.0,2.3458540439605713,4.862285137176514,8.219478607177734,0.0,0.44816654920578003,4.699069023132324
0.0,0.0,0.0,3.076531410217285,3.658480405807495,1.4700970649719238,0.058995041996240616,5.338749885559082,0.0,6.676623344421387,5.056857109069824,9.756006240844727,5.714622974395752,1.4651044607162476,0.0,4.554086685180664,1.68696928024292,0.0,0.0,0.12424217909574509,0.0,12.54835319519043,6.855591773986816,1.9816386699676514,0.0,3.9076738357543945,0.0,2.3458540439605713,4.862285137176514,8.219478607177734,0.0,0.44816654920578003,4.699069023132324
0.0,0.0,0.0,3.076531410217285,3.658480405807495,1.4700970649719238,0.058995041996240616,5.338749885559082,0.0,6.676623344421387,5.056857109069824,9.756006240844727,5.714622974395752,1.4651044607162476,0.0,4.554086685180664,1.68696928024292,0.0,0.0,0.12424217909574509,0.0,12.54835319519043,6.855591773986816,1.9816386699676514,0.0,3.9076738357543945,0.0,2.3458540439605713,4.862285137176514,8.219478607177734,0.0,0.44816654920578003,4.699069023132324
0.0,0.0,0.0,3.076531410217285,3.658480405807495,1.4700970649719238,0.058995041996240616,5.338749885559082,0.0,6.676623344421387,5.056857109069824,9.756006240844727,5.714622974395752,1.4651044607162476,0.0,4.554086685180664,1.68696928024292,0.0,0.0,0.12424217909574509,0.0,12.54835319519043,6.855591773986816,1.9816386699676514,0.0,3.9076738357543945,0.0,2.3458540439605713,4.862285137176514,8.219478607177734,0.0,0.44816654920578003,4.699069023132324
0.0,0.0,0.0,3.076531410217285,3.658480405807495,1.4700970649719238,0.058995041996240616,5.338749885559082,0.0,6.676623344421387,5.056857109069824,9.756006240844727,5.714622974395752,1.4651044607162476,0.0,4.554086685180664,1.68696928024292,0.0,0.0,0.12424217909574509,0.0,12.54835319519043,6.855591773986816,1.9816386699676514,0.0,3.9076738357543945,0.0,2.3458540439605713,4.862285137176514,8.219478607177734,0.0,0.44816654920578003,4.699069023132324
0.0,0.0,0.0,3.076531410217285,3.658480405807495,1.4700970649719238,0.058995041996240616,5.338749885559082,0.0,6.676623344421387,5.056857109069824,9.756006240844727,5.714622974395752,1.4651044607162476,0.0,4.554086685180664,1.68696928024292,0.0,0.0,0.12424217909574509,0.0,12.54835319519043,6.855591773986816,1.9816386699676514,0.0,3.9076738357543945,0.0,2.3458540439605713,4.862285137176514,8.219478607177734,0.0,0.44816654920578003,4.699069023132324
0.0,0.0,0.0,3.076531410217285,3.658480405807495,1.4700970649719238,0.058995041996240616,5.338749885559082,0.0,6.676623344421387,5.056857109069824,9.756006240844727,5.714622974395752,1.4651044607162476,0.0,4.554086685180664,1.68696928024292,0.0,0.0,0.12424217909574509,0.0,12.54835319519043,6.855591773986816,1.9816386699676514,0.0,3.9076738357543945,0.0,2.3458540439605713,4.862285137176514,8.219478607177734,0.0,0.44816654920578003,4.699069023132324
0.0,0.0,0.0,3.076531410217285,3.658480405807495,1.4700970649719238,0.058995041996240616,5.338749885559082,0.0,6.676623344421387,5.056857109069824,9.756006240844727,5.714622974395752,1.4651044607162476,0.0,4.554086685180664,1.68696928024292,0.0,0.0,0.12424217909574509,0.0,12.54835319519043,6.855591773986816,1.9816386699676514,0.0,3.9076738357543945,0.0,2.3458540439605713,4.862285137176514,8.219478607177734,0.0,0.44816654920578003,4.699069023132324
0.0,0.0,0.0,3.076531410217285,3.658480405807495,1.4700970649719238,0.058995041996240616,5.338749885559082,0.0,6.676623344421387,5.056857109069824,9.756006240844727,5.714622974395752,1.4651044607162476,0.0,4.554086685180664,1.68696928024292,0.0,0.0,0.12424217909574509,0.0,12.54835319519043,6.855591773986816,1.9816386699676514,0.0,3.9076738357543945,0.0,2.3458540439605713,4.862285137176514,8.219478607177734,0.0,0.44816654920578003,4.699069023132324
0.0,0.0,0.0,3.076531410217285,3.658480405807495,1.4700970649719238,0.058995041996240616,5.338749885559082,0.0,6.676623344421387,5.056857109069824,9.756006240844727,5.714622974395752,1.4651044607162476,0.0,4.554086685180664,1.68696928024292,0.0,0.0,0.12424217909574509,0.0,12.54835319519043,6.855591773986816,1.9816386699676514,0.0,3.9076738357543945,0.0,2.3458540439605713,4.862285137176514,8.219478607177734,0.0,0.44816654920578003,4.699069023132324
0.0,6.74592399597168,0.0,7.428685665130615,8.640718460083008,2.0073068141937256,0.21830430626869202,10.810687065124512,0.0,3.301126003265381,5.1663818359375,12.338512420654297,2.898066520690918,3.0481362342834473,5.843230247497559,3.2885212898254395,1.2566790580749512,3.9022324085235596,8.402944564819336,1.906021237373352,5.000633716583252,16.672395706176758,8.498562812805176,7.914371967315674,6.225776195526123,4.484428882598877,6.950742244720459,3.244725465774536,4.309985637664795,11.17861557006836,0.0,5.990232944488525,9.142419815063477
0.0,6.74592399597168,0.0,7.428685665130615,8.640718460083008,2.0073068141937256,0.21830430626869202,10.810687065124512,0.0,3.301126003265381,5.1663818359375,12.338512420654297,2.898066520690918,3.0481362342834473,5.843230247497559,3.2885212898254395,1.2566790580749512,3.9022324085235596,8.402944564819336,1.906021237373352,5.000633716583252,16.672395706176758,8.498562812805176,7.914371967315674,6.225776195526123,4.484428882598877,6.950742244720459,3.244725465774536,4.309985637664795,11.17861557006836,0.0,5.990232944488525,9.142419815063477
0.0,6.74592399597168,0.0,7.428685665130615,8.640718460083008,2.0073068141937256,0.21830430626869202,10.810687065124512,0.0,3.301126003265381,5.1663818359375,12.338512420654297,2.898066520690918,3.0481362342834473,5.843230247497559,3.2885212898254395,1.2566790580749512,3.9022324085235596,8.402944564819336,1.906021237373352,5.000633716583252,16.672395706176758,8.498562812805176,7.914371967315674,6.225776195526123,4.484428882598877,6.950742244720459,3.244725465774536,4.309985637664795,11.17861557006836,0.0,5.990232944488525,9.142419815063477
0.0,6.74592399597168,0.0,7.428685665130615,8.640718460083008,2.0073068141937256,0.21830430626869202,10.810687065124512,0.0,3.301126003265381,5.1663818359375,12.338512420654297,2.898066520690918,3.0481362342834473,5.843230247497559,3.2885212898254395,1.2566790580749512,3.9022324085235596,8.402944564819336,1.906021237373352,5.000633716583252,16.672395706176758,8.498562812805176,7.914371967315674,6.225776195526123,4.484428882598877,6.950742244720459,3.244725465774536,4.309985637664795,11.17861557006836,0.0,5.990232944488525,9.142419815063477
0.0,6.74592399597168,0.0,7.428685665130615,8.640718460083008,2.0073068141937256,0.21830430626869202,10.810687065124512,0.0,3.301126003265381,5.1663818359375,12.338512420654297,2.898066520690918,3.0481362342834473,5.843230247497559,3.2885212898254395,1.2566790580749512,3.9022324085235596,8.402944564819336,1.906021237373352,5.000633716583252,16.672395706176758,8.498562812805176,7.914371967315674,6.225776195526123,4.484428882598877,6.950742244720459,3.244725465774536,4.309985637664795,11.17861557006836,0.0,5.990232944488525,9.142419815063477
0.0,6.74592399597168,0.0,7.428685665130615,8.640718460083008,2.0073068141937256,0.21830430626869202,10.810687065124512,0.0,3.301126003265381,5.1663818359375,12.338512420654297,2.898066520690918,3.0481362342834473,5.843230247497559,3.2885212898254395,1.2566790580749512,3.9022324085235596,8.402944564819336,1.906021237373352,5.000633716583252,16.672395706176758,8.498562812805176,7.914371967315674,6.225776195526123,4.484428882598877,6.950742244720459,3.244725465774536,4.309985637664795,11.17861557006836,0.0,5.990232944488525,9.142419815063477
0.0,6.74592399597168,0.0,7.428685665130615,8.640718460083008,2.0073068141937256,0.21830430626869202,10.810687065124512,0.0,3.301126003265381,5.1663818359375,12.338512420654297,2.898066520690918,3.0481362342834473,5.843230247497559,3.2885212898254395,1.2566790580749512,3.9022324085235596,8.402944564819336,1.906021237373352,5.000633716583252,16.672395706176758,8.498562812805176,7.914371967315674,6.225776195526123,4.484428882598877,6.950742244720459,3.244725465774536,4.309985637664795,11.17861557006836,0.0,5.990232944488525,9.142419815063477
0.0,6.74592399597168,0.0,7.428685665130615,8.640718460083008,2.0073068141937256,0.21830430626869202,10.810687065124512,0.0,3.301126003265381,5.1663818359375,12.338512420654297,2.898066520690918,3.0481362342834473,5.843230247497559,3.2885212898254395,1.2566790580749512,3.9022324085235596,8.402944564819336,1.906021237373352,5.000633716583252,16.672395706176758,8.498562812805176,7.914371967315674,6.225776195526123,4.484428882598877,6.950742244720459,3.244725465774536,4.309985637664795,11.17861557006836,0.0,5.990232944488525,9.142419815063477
0.0,6.74592399597168,0.0,7.428685665130615,8.640718460083008,2.0073068141937256,0.21830430626869202,10.810687065124512,0.0,3.301126003265381,5.1663818359375,12.338512420654297,2.898066520690918,3.0481362342834473,5.843230247497559,3.2885212898254395,1.2566790580749512,3.9022324085235596,8.402944564819336,1.906021237373352,5.000633716583252,16.672395706176758,8.498562812805176,7.914371967315674,6.225776195526123,4.484428882598877,6.950742244720459,3.244725465774536,4.309985637664795,11.17861557006836,0.0,5.990232944488525,9.142419815063477
0.0,6.74592399597168,0.0,7.428685665130615,8.640718460083008,2.0073068141937256,0.21830430626869202,10.810687065124512,0.0,3.301126003265381,5.1663818359375,12.338512420654297,2.898066520690918,3.0481362342834473,5.843230247497559,3.2885212898254395,1.2566790580749512,3.9022324085235596,8.402944564819336,1.906021237373352,5.000633716583252,16.672395706176758,8.498562812805176,7.914371967315674,6.225776195526123,4.484428882598877,6.950742244720459,3.244725465774536,4.309985637664795,11.17861557006836,0.0,5.990232944488525,9.142419815063477
0.0,6.74592399597168,0.0,7.428685665130615,8.640718460083008,2.0073068141937256,0.21830430626869202,10.810687065124512,0.0,3.301126003265381,5.1663818359375,12.338512420654297,2.898066520690918,3.0481362342834473,5.843230247497559,3.2885212898254395,1.2566790580749512,3.9022324085235596,8.402944564819336,1.906021237373352,5.000633716583252,16.672395706176758,8.498562812805176,7.914371967315674,6.225776195526123,4.484428882598877,6.950742244720459,3.244725465774536,4.309985637664795,11.17861557006836,0.0,5.990232944488525,9.142419815063477
0.0,6.74592399597168,0.0,7.428685665130615,8.640718460083008,2.0073068141937256,0.21830430626869202,10.810687065124512,0.0,3.301126003265381,5.1663818359375,12.338512420654297,2.898066520690918,3.0481362342834473,5.843230247497559,3.2885212898254395,1.2566790580749512,3.9022324085235596,8.402944564819336,1.906021237373352,5.000633716583252,16.672395706176758,8.498562812805176,7.914371967315674,6.225776195526123,4.484428882598877,6.950742244720459,3.244725465774536,4.309985637664795,11.17861557006836,0.0,5.990232944488525,9.142419815063477
0.0,6.74592399597168,0.0,7.428685665130615,8.640718460083008,2.0073068141937256,0.21830430626869202,10.810687065124512,0.0,3.301126003265381,5.1663818359375,12.338512420654297,2.898066520690918,3.0481362342834473,5.843230247497559,3.2885212898254395,1.2566790580749512,3.9022324085235596,8.402944564819336,1.906021237373352,5.000633716583252,16.672395706176758,8.498562812805176,7.914371967315674,6.225776195526123,4.484428882598877,6.950742244720459,3.244725465774536,4.309985637664795,11.17861557006836,0.0,5.990232944488525,9.142419815063477
0.0,6.74592399597168,0.0,7.428685665130615,8.640718460083008,2.0073068141937256,0.21830430626869202,10.810687065124512,0.0,3.301126003265381,5.1663818359375,12.338512420654297,2.898066520690918,3.0481362342834473,5.843230247497559,3.2885212898254395,1.2566790580749512,3.9022324085235596,8.402944564819336,1.906021237373352,5.000633716583252,16.672395706176758,8.498562812805176,7.914371967315674,6.225776195526123,4.484428882598877,6.950742244720459,3.244725465774536,4.309985637664795,11.17861557006836,0.0,5.990232944488525,9.142419815063477
0.0,6.74592399597168,0.0,7.428685665130615,8.640718460083008,2.0073068141937256,0.21830430626869202,10.810687065124512,0.0,3.301126003265381,5.1663818359375,12.338512420654297,2.898066520690918,3.0481362342834473,5.843230247497559,3.2885212898254395,1.2566790580749512,3.9022324085235596,8.402944564819336,1.906021237373352,5.000633716583252,16.672395706176758,8.498562812805176,7.914371967315674,6.225776195526123,4.484428882598877,6.950742244720459,3.244725465774536,4.309985637664795,11.17861557006836,0.0,5.990232944488525,9.142419815063477
0.0,6.74592399597168,0.0,7.428685665130615,8.640718460083008,2.0073068141937256,0.21830430626869202,10.810687065124512,0.0,3.301126003265381,5.1663818359375,12.338512420654297,2.898066520690918,3.0481362342834473,5.843230247497559,3.2885212898254395,1.2566790580749512,3.9022324085235596,8.402944564819336,1.906021237373352,5.000633716583252,16.672395706176758,8.498562812805176,7.914371967315674,6.225776195526123,4.484428882598877,6.950742244720459,3.244725465774536,4.309985637664795,11.17861557006836,0.0,5.990232944488525,9.142419815063477
0.0,6.74592399597168,0.0,7.428685665130615,8.640718460083008,2.0073068141937256,0.21830430626869202,10.810687065124512,0.0,3.301126003265381,5.1663818359375,12.338512420654297,2.898066520690918,3.0481362342834473,5.843230247497559,3.2885212898254395,1.2566790580749512,3.9022324085235596,8.402944564819336,1.906021237373352,5.000633716583252,16.672395706176758,8.498562812805176,7.914371967315674,6.225776195526123,4.484428882598877,6.950742244720459,3.244725465774536,4.309985637664795,11.17861557006836,0.0,5.990232944488525,9.142419815063477
0.0,6.74592399597168,0.0,7.428685665130615,8.640718460083008,2.0073068141937256,0.21830430626869202,10.810687065124512,0.0,3.301126003265381,5.1663818359375,12.338512420654297,2.898066520690918,3.0481362342834473,5.843230247497559,3.2885212898254395,1.2566790580749512,3.9022324085235596,8.402944564819336,1.906021237373352,5.000633716583252,16.672395706176758,8.498562812805176,7.914371967315674,6.225776195526123,4.484428882598877,6.950742244720459,3.244725465774536,4.309985637664795,11.17861557006836,0.0,5.990232944488525,9.142419815063477
0.0,6.74592399597168,0.0,7.428685665130615,8.640718460083008,2.0073068141937256,0.21830430626869202,10.810687065124512,0.0,3.301126003265381,5.1663818359375,12.338512420654297,2.898066520690918,3.0481362342834473,5.843230247497559,3.2885212898254395,1.2566790580749512,3.9022324085235596,8.402944564819336,1.906021237373352,5.000633716583252,16.672395706176758,8.498562812805176,7.914371967315674,6.225776195526123,4.484428882598877,6.950742244720459,3.244725465774536,4.309985637664795,11.17861557006836,0.0,5.990232944488525,9.142419815063477
0.0,6.74592399597168,0.0,7.428685665130615,8.640718460083008,2.0073068141937256,0.21830430626869202,10.810687065124512,0.0,3.301126003265381,5.1663818359375,12.338512420654297,2.898066520690918,3.0481362342834473,5.843230247497559,3.2885212898254395,1.2566790580749512,3.9022324085235596,8.402944564819336,1.906021237373352,5.000633716583252,16.672395706176758,8.498562812805176,7.914371967315674,6.225776195526123,4.484428882598877,6.950742244720459,3.244725465774536,4.309985637664795,11.17861557006836,0.0,5.990232944488525,9.142419815063477
0.0,0.0,0.0,3.9656403064727783,4.786388874053955,2.973658323287964,0.0,5.503342151641846,0.0,4.69235897064209,3.4211878776550293,9.554169654846191,6.532931804656982,2.06697154045105,0.0,3.9241888523101807,2.2137019634246826,0.0,0.32139885425567627,0.0,0.0,12.529169082641602,6.988307952880859,2.1068992614746094,0.0,3.8953676223754883,0.0,2.695918560028076,4.850769519805908,7.860131740570068,0.0,1.6551419496536255,5.359504699707031
0.0,0.0,0.0,3.9656403064727783,4.786388874053955,2.973658323287964,0.0,5.503342151641846,0.0,4.69235897064209,3.4211878776550293,9.554169654846191,6.532931804656982,2.06697154045105,0.0,3.9241888523101807,2.2137019634246826,0.0,0.32139885425567627,0.0,0.0,12.529169082641602,6.988307952880859,2.1068992614746094,0.0,3.8953676223754883,0.0,2.695918560028076,4.850769519805908,7.860131740570068,0.0,1.6551419496536255,5.359504699707031
0.0,0.0,0.0,3.9656403064727783,4.786388874053955,2.973658323287964,0.0,5.503342151641846,0.0,4.69235897064209,3.4211878776550293,9.554169654846191,6.532931804656982,2.06697154045105,0.0,3.9241888523101807,2.2137019634246826,0.0,0.32139885425567627,0.0,0.0,12.529169082641602,6.988307952880859,2.1068992614746094,0.0,3.8953676223754883,0.0,2.695918560028076,4.850769519805908,7.860131740570068,0.0,1.6551419496536255,5.359504699707031
0.0,0.0,0.0,3.9656403064727783,4.786388874053955,2.973658323287964,0.0,5.503342151641846,0.0,4.69235897064209,3.4211878776550293,9.554169654846191,6.532931804656982,2.06697154045105,0.0,3.9241888523101807,2.2137019634246826,0.0,0.32139885425567627,0.0,0.0,12.529169082641602,6.988307952880859,2.1068992614746094,0.0,3.8953676223754883,0.0,2.695918560028076,4.850769519805908,7.860131740570068,0.0,1.6551419496536255,5.359504699707031
0.0,0.0,0.0,3.9656403064727783,4.786388874053955,2.973658323287964,0.0,5.503342151641846,0.0,4.69235897064209,3.4211878776550293,9.554169654846191,6.532931804656982,2.06697154045105,0.0,3.9241888523101807,2.2137019634246826,0.0,0.32139885425567627,0.0,0.0,12.529169082641602,6.988307952880859,2.1068992614746094,0.0,3.8953676223754883,0.0,2.695918560028076,4.850769519805908,7.860131740570068,0.0,1.6551419496536255,5.359504699707031
0.0,0.0,0.0,3.9656403064727783,4.786388874053955,2.973658323287964,0.0,5.503342151641846,0.0,4.69235897064209,3.4211878776550293,9.554169654846191,6.532931804656982,2.06697154045105,0.0,3.9241888523101807,2.2137019634246826,0.0,0.32139885425567627,0.0,0.0,12.529169082641602,6.988307952880859,2.1068992614746094,0.0,3.8953676223754883,0.0,2.695918560028076,4.850769519805908,7.860131740570068,0.0,1.6551419496536255,5.359504699707031
0.0,0.0,0.0,3.9656403064727783,4.786388874053955,2.973658323287964,0.0,5.503342151641846,0.0,4.69235897064209,3.4211878776550293,9.554169654846191,6.532931804656982,2.06697154045105,0.0,3.9241888523101807,2.2137019634246826,0.0,0.32139885425567627,0.0,0.0,12.529169082641602,6.988307952880859,2.1068992614746094,0.0,3.8953676223754883,0.0,2.695918560028076,4.850769519805908,7.860131740570068,0.0,1.6551419496536255,5.359504699707031
0.0,0.0,0.0,3.9656403064727783,4.786388874053955,2.973658323287964,0.0,5.503342151641846,0.0,4.69235897064209,3.4211878776550293,9.554169654846191,6.532931804656982,2.06697154045105,0.0,3.9241888523101807,2.2137019634246826,0.0,0.32139885425567627,0.0,0.0,12.529169082641602,6.988307952880859,2.1068992614746094,0.0,3.8953676223754883,0.0,2.695918560028076,4.850769519805908,7.860131740570068,0.0,1.6551419496536255,5.359504699707031
0.0,0.0,0.0,3.9656403064727783,4.786388874053955,2.973658323287964,0.0,5.503342151641846,0.0,4.69235897064209,3.4211878776550293,9.554169654846191,6.532931804656982,2.06697154045105,0.0,3.9241888523101807,2.2137019634246826,0.0,0.32139885425567627,0.0,0.0,12.529169082641602,6.988307952880859,2.1068992614746094,0.0,3.8953676223754883,0.0,2.695918560028076,4.850769519805908,7.860131740570068,0.0,1.6551419496536255,5.359504699707031
0.0,0.0,0.0,3.9656403064727783,4.786388874053955,2.973658323287964,0.0,5.503342151641846,0.0,4.69235897064209,3.4211878776550293,9.554169654846191,6.532931804656982,2.06697154045105,0.0,3.9241888523101807,2.2137019634246826,0.0,0.32139885425567627,0.0,0.0,12.529169082641602,6.988307952880859,2.1068992614746094,0.0,3.8953676223754883,0.0,2.695918560028076,4.850769519805908,7.860131740570068,0.0,1.6551419496536255,5.359504699707031
0.0,0.0,0.0,3.9656403064727783,4.786388874053955,2.973658323287964,0.0,5.503342151641846,0.0,4.69235897064209,3.4211878776550293,9.554169654846191,6.532931804656982,2.06697154045105,0.0,3.9241888523101807,2.2137019634246826,0.0,0.32139885425567627,0.0,0.0,12.529169082641602,6.988307952880859,2.1068992614746094,0.0,3.8953676223754883,0.0,2.695918560028076,4.850769519805908,7.860131740570068,0.0,1.6551419496536255,5.359504699707031
0.0,0.0,0.0,3.9656403064727783,4.786388874053955,2.973658323287964,0.0,5.503342151641846,0.0,4.69235897064209,3.4211878776550293,9.554169654846191,6.532931804656982,2.06697154045105,0.0,3.9241888523101807,2.2137019634246826,0.0,0.32139885425567627,0.0,0.0,12.529169082641602,6.988307952880859,2.1068992614746094,0.0,3.8953676223754883,0.0,2.695918560028076,4.850769519805908,7.860131740570068,0.0,1.6551419496536255,5.359504699707031
0.0,0.0,0.0,3.9656403064727783,4.786388874053955,2.973658323287964,0.0,5.503342151641846,0.0,4.69235897064209,3.4211878776550293,9.554169654846191,6.532931804656982,2.06697154045105,0.0,3.9241888523101807,2.2137019634246826,0.0,0.32139885425567627,0.0,0.0,12.529169082641602,6.988307952880859,2.1068992614746094,0.0,3.8953676223754883,0.0,2.695918560028076,4.850769519805908,7.860131740570068,0.0,1.6551419496536255,5.359504699707031
0.0,0.0,0.0,3.9656403064727783,4.786388874053955,2.973658323287964,0.0,5.503342151641846,0.0,4.69235897064209,3.4211878776550293,9.554169654846191,6.532931804656982,2.06697154045105,0.0,3.9241888523101807,2.2137019634246826,0.0,0.32139885425567627,0.0,0.0,12.529169082641602,6.988307952880859,2.1068992614746094,0.0,3.8953676223754883,0.0,2.695918560028076,4.850769519805908,7.860131740570068,0.0,1.6551419496536255,5.359504699707031
0.0,0.0,0.0,3.9656403064727783,4.786388874053955,2.973658323287964,0.0,5.503342151641846,0.0,4.69235897064209,3.4211878776550293,9.554169654846191,6.532931804656982,2.06697154045105,0.0,3.9241888523101807,2.2137019634246826,0.0,0.32139885425567627,0.0,0.0,12.529169082641602,6.988307952880859,2.1068992614746094,0.0,3.8953676223754883,0.0,2.695918560028076,4.850769519805908,7.860131740570068,0.0,1.6551419496536255,5.359504699707031
0.0,0.0,0.0,3.9656403064727783,4.786388874053955,2.973658323287964,0.0,5.503342151641846,0.0,4.69235897064209,3.4211878776550293,9.554169654846191,6.532931804656982,2.06697154045105,0.0,3.9241888523101807,2.2137019634246826,0.0,0.32139885425567627,0.0,0.0,12.529169082641602,6.988307952880859,2.1068992614746094,0.0,3.8953676223754883,0.0,2.695918560028076,4.850769519805908,7.860131740570068,0.0,1.6551419496536255,5.359504699707031
0.0,0.0,0.0,3.9656403064727783,4.786388874053955,2.973658323287964,0.0,5.503342151641846,0.0,4.69235897064209,3.4211878776550293,9.554169654846191,6.532931804656982,2.06697154045105,0.0,3.9241888523101807,2.2137019634246826,0.0,0.32139885425567627,0.0,0.0,12.529169082641602,6.988307952880859,2.1068992614746094,0.0,3.8953676223754883,0.0,2.695918560028076,4.850769519805908,7.860131740570068,0.0,1.6551419496536255,5.359504699707031
0.0,0.0,0.0,3.9656403064727783,4.786388874053955,2.973658323287964,0.0,5.503342151641846,0.0,4.69235897064209,3.4211878776550293,9.554169654846191,6.532931804656982,2.06697154045105,0.0,3.9241888523101807,2.2137019634246826,0.0,0.32139885425567627,0.0,0.0,12.529169082641602,6.988307952880859,2.1068992614746094,0.0,3.8953676223754883,0.0,2.695918560028076,4.850769519805908,7.860131740570068,0.0,1.6551419496536255,5.359504699707031
0.0,0.0,0.0,3.9656403064727783,4.786388874053955,2.973658323287964,0.0,5.503342151641846,0.0,4.69235897064209,3.4211878776550293,9.554169654846191,6.532931804656982,2.06697154045105,0.0,3.9241888523101807,2.2137019634246826,0.0,0.32139885425567627,0.0,0.0,12.529169082641602,6.988307952880859,2.1068992614746094,0.0,3.8953676223754883,0.0,2.695918560028076,4.850769519805908,7.860131740570068,0.0,1.6551419496536255,5.359504699707031
0.0,0.0,0.0,3.9656403064727783,4.786388874053955,2.973658323287964,0.0,5.503342151641846,0.0,4.69235897064209,3.4211878776550293,9.554169654846191,6.532931804656982,2.06697154045105,0.0,3.9241888523101807,2.2137019634246826,0.0,0.32139885425567627,0.0,0.0,12.529169082641602,6.988307952880859,2.1068992614746094,0.0,3.8953676223754883,0.0,2.695918560028076,4.850769519805908,7.860131740570068,0.0,1.6551419496536255,5.359504699707031
0.0,6.238424301147461,0.0,7.913140296936035,7.26861047744751,3.447026252746582,0.0,9.344951629638672,0.0,0.7667844891548157,3.246265411376953,12.381242752075195,1.6732169389724731,3.334280252456665,5.991761684417725,3.241055965423584,2.951218366622925,4.5134663581848145,8.964259147644043,2.2100670337677,5.312106132507324,16.150983810424805,8.477149963378906,7.159868240356445,4.605538368225098,4.300693511962891,4.530491352081299,4.210906982421875,3.4269349575042725,10.303973197937012,0.0,7.344898223876953,9.029626846313477
0.0,6.238424301147461,0.0,7.913140296936035,7.26861047744751,3.447026252746582,0.0,9.344951629638672,0.0,0.7667844891548157,3.246265411376953,12.381242752075195,1.6732169389724731,3.334280252456665,5.991761684417725,3.241055965423584,2.951218366622925,4.5134663581848145,8.964259147644043,2.2100670337677,5.312106132507324,16.150983810424805,8.477149963378906,7.159868240356445,4.605538368225098,4.300693511962891,4.530491352081299,4.210906982421875,3.4269349575042725,10.303973197937012,0.0,7.344898223876953,9.029626846313477
0.0,6.238424301147461,0.0,7.913140296936035,7.26861047744751,3.447026252746582,0.0,9.344951629638672,0.0,0.7667844891548157,3.246265411376953,12.381242752075195,1.6732169389724731,3.334280252456665,5.991761684417725,3.241055965423584,2.951218366622925,4.5134663581848145,8.964259147644043,2.2100670337677,5.312106132507324,16.150983810424805,8.477149963378906,7.159868240356445,4.605538368225098,4.300693511962891,4.530491352081299,4.210906982421875,3.4269349575042725,10.303973197937012,0.0,7.344898223876953,9.029626846313477
0.0,6.238424301147461,0.0,7.913140296936035,7.26861047744751,3.447026252746582,0.0,9.344951629638672,0.0,0.7667844891548157,3.246265411376953,12.381242752075195,1.6732169389724731,3.334280252456665,5.991761684417725,3.241055965423584,2.951218366622925,4.5134663581848145,8.964259147644043,2.2100670337677,5.312106132507324,16.150983810424805,8.477149963378906,7.159868240356445,4.605538368225098,4.300693511962891,4.530491352081299,4.210906982421875,3.4269349575042725,10.303973197937012,0.0,7.344898223876953,9.029626846313477
0.0,6.238424301147461,0.0,7.913140296936035,7.26861047744751,3.447026252746582,0.0,9.344951629638672,0.0,0.7667844891548157,3.246265411376953,12.381242752075195,1.6732169389724731,3.334280252456665,5.991761684417725,3.241055965423584,2.951218366622925,4.5134663581848145,8.964259147644043,2.2100670337677,5.312106132507324,16.150983810424805,8.477149963378906,7.159868240356445,4.605538368225098,4.300693511962891,4.530491352081299,4.210906982421875,3.4269349575042725,10.303973197937012,0.0,7.344898223876953,9.029626846313477
0.0,6.238424301147461,0.0,7.913140296936035,7.26861047744751,3.447026252746582,0.0,9.344951629638672,0.0,0.7667844891548157,3.246265411376953,12.381242752075195,1.6732169389724731,3.334280252456665,5.991761684417725,3.241055965423584,2.951218366622925,4.5134663581848145,8.964259147644043,2.2100670337677,5.312106132507324,16.150983810424805,8.477149963378906,7.159868240356445,4.605538368225098,4.300693511962891,4.530491352081299,4.210906982421875,3.4269349575042725,10.303973197937012,0.0,7.344898223876953,9.029626846313477
0.0,6.238424301147461,0.0,7.913140296936035,7.26861047744751,3.447026252746582,0.0,9.344951629638672,0.0,0.7667844891548157,3.246265411376953,12.381242752075195,1.6732169389724731,3.334280252456665,5.991761684417725,3.241055965423584,2.951218366622925,4.5134663581848145,8.964259147644043,2.2100670337677,5.312106132507324,16.150983810424805,8.477149963378906,7.159868240356445,4.605538368225098,4.300693511962891,4.530491352081299,4.210906982421875,3.4269349575042725,10.303973197937012,0.0,7.344898223876953,9.029626846313477
0.0,6.238424301147461,0.0,7.913140296936035,7.26861047744751,3.447026252746582,0.0,9.344951629638672,0.0,0.7667844891548157,3.246265411376953,12.381242752075195,1.6732169389724731,3.334280252456665,5.991761684417725,3.241055965423584,2.951218366622925,4.5134663581848145,8.964259147644043,2.2100670337677,5.312106132507324,16.150983810424805,8.477149963378906,7.159868240356445,4.605538368225098,4.300693511962891,4.530491352081299,4.210906982421875,3.4269349575042725,10.303973197937012,0.0,7.344898223876953,9.029626846313477
0.0,6.238424301147461,0.0,7.913140296936035,7.26861047744751,3.447026252746582,0.0,9.344951629638672,0.0,0.7667844891548157,3.246265411376953,12.381242752075195,1.6732169389724731,3.334280252456665,5.991761684417725,3.241055965423584,2.951218366622925,4.5134663581848145,8.964259147644043,2.2100670337677,5.312106132507324,16.150983810424805,8.477149963378906,7.159868240356445,4.605538368225098,4.300693511962891,4.530491352081299,4.210906982421875,3.4269349575042725,10.303973197937012,0.0,7.344898223876953,9.029626846313477
0.0,6.238424301147461,0.0,7.913140296936035,7.26861047744751,3.447026252746582,0.0,9.344951629638672,0.0,0.7667844891548157,3.246265411376953,12.381242752075195,1.6732169389724731,3.334280252456665,5.991761684417725,3.241055965423584,2.951218366622925,4.5134663581848145,8.964259147644043,2.2100670337677,5.312106132507324,16.150983810424805,8.477149963378906,7.159868240356445,4.605538368225098,4.300693511962891,4.530491352081299,4.210906982421875,3.4269349575042725,10.303973197937012,0.0,7.344898223876953,9.029626846313477
0.0,6.238424301147461,0.0,7.913140296936035,7.26861047744751,3.447026252746582,0.0,9.344951629638672,0.0,0.7667844891548157,3.246265411376953,12.381242752075195,1.6732169389724731,3.334280252456665,5.991761684417725,3.241055965423584,2.951218366622925,4.5134663581848145,8.964259147644043,2.2100670337677,5.312106132507324,16.150983810424805,8.477149963378906,7.159868240356445,4.605538368225098,4.300693511962891,4.530491352081299,4.210906982421875,3.4269349575042725,10.303973197937012,0.0,7.344898223876953,9.029626846313477
0.0,6.238424301147461,0.0,7.913140296936035,7.26861047744751,3.447026252746582,0.0,9.344951629638672,0.0,0.7667844891548157,3.246265411376953,12.381242752075195,1.6732169389724731,3.334280252456665,5.991761684417725,3.241055965423584,2.951218366622925,4.5134663581848145,8.964259147644043,2.2100670337677,5.312106132507324,16.150983810424805,8.477149963378906,7.159868240356445,4.605538368225098,4.300693511962891,4.530491352081299,4.210906982421875,3.4269349575042725,10.303973197937012,0.0,7.344898223876953,9.029626846313477
0.0,6.238424301147461,0.0,7.913140296936035,7.26861047744751,3.447026252746582,0.0,9.344951629638672,0.0,0.7667844891548157,3.246265411376953,12.381242752075195,1.6732169389724731,3.334280252456665,5.991761684417725,3.241055965423584,2.951218366622925,4.5134663581848145,8.964259147644043,2.2100670337677,5.312106132507324,16.150983810424805,8.477149963378906,7.159868240356445,4.605538368225098,4.300693511962891,4.530491352081299,4.210906982421875,3.4269349575042725,10.303973197937012,0.0,7.344898223876953,9.029626846313477
0.0,6.238424301147461,0.0,7.913140296936035,7.26861047744751,3.447026252746582,0.0,9.344951629638672,0.0,0.7667844891548157,3.246265411376953,12.381242752075195,1.6732169389724731,3.334280252456665,5.991761684417725,3.241055965423584,2.951218366622925,4.5134663581848145,8.964259147644043,2.2100670337677,5.312106132507324,16.150983810424805,8.477149963378906,7.159868240356445,4.605538368225098,4.300693511962891,4.530491352081299,4.210906982421875,3.4269349575042725,10.303973197937012,0.0,7.344898223876953,9.029626846313477
0.0,6.238424301147461,0.0,7.913140296936035,7.26861047744751,3.447026252746582,0.0,9.344951629638672,0.0,0.7667844891548157,3.246265411376953,12.381242752075195,1.6732169389724731,3.334280252456665,5.991761684417725,3.241055965423584,2.951218366622925,4.5134663581848145,8.964259147644043,2.2100670337677,5.312106132507324,16.150983810424805,8.477149963378906,7.159868240356445,4.605538368225098,4.300693511962891,4.530491352081299,4.210906982421875,3.4269349575042725,10.303973197937012,0.0,7.344898223876953,9.029626846313477
0.0,6.238424301147461,0.0,7.913140296936035,7.26861047744751,3.447026252746582,0.0,9.344951629638672,0.0,0.7667844891548157,3.246265411376953,12.381242752075195,1.6732169389724731,3.334280252456665,5.991761684417725,3.241055965423584,2.951218366622925,4.5134663581848145,8.964259147644043,2.2100670337677,5.312106132507324,16.150983810424805,8.477149963378906,7.159868240356445,4.605538368225098,4.300693511962891,4.530491352081299,4.210906982421875,3.4269349575042725,10.303973197937012,0.0,7.344898223876953,9.029626846313477
0.0,6.238424301147461,0.0,7.913140296936035,7.26861047744751,3.447026252746582,0.0,9.344951629638672,0.0,0.7667844891548157,3.246265411376953,12.381242752075195,1.6732169389724731,3.334280252456665,5.991761684417725,3.241055965423584,2.951218366622925,4.5134663581848145,8.964259147644043,2.2100670337677,5.312106132507324,16.150983810424805,8.477149963378906,7.159868240356445,4.605538368225098,4.300693511962891,4.530491352081299,4.210906982421875,3.4269349575042725,10.303973197937012,0.0,7.344898223876953,9.029626846313477
0.0,6.238424301147461,0.0,7.913140296936035,7.26861047744751,3.447026252746582,0.0,9.344951629638672,0.0,0.7667844891548157,3.246265411376953,12.381242752075195,1.6732169389724731,3.334280252456665,5.991761684417725,3.241055965423584,2.951218366622925,4.5134663581848145,8.964259147644043,2.2100670337677,5.312106132507324,16.150983810424805,8.477149963378906,7.159868240356445,4.605538368225098,4.300693511962891,4.530491352081299,4.210906982421875,3.4269349575042725,10.303973197937012,0.0,7.344898223876953,9.029626846313477
0.0,6.238424301147461,0.0,7.913140296936035,7.26861047744751,3.447026252746582,0.0,9.344951629638672,0.0,0.7667844891548157,3.246265411376953,12.381242752075195,1.6732169389724731,3.334280252456665,5.991761684417725,3.241055965423584,2.951218366622925,4.5134663581848145,8.964259147644043,2.2100670337677,5.312106132507324,16.150983810424805,8.477149963378906,7.159868240356445,4.605538368225098,4.300693511962891,4.530491352081299,4.210906982421875,3.4269349575042725,10.303973197937012,0.0,7.344898223876953,9.029626846313477
0.0,6.238424301147461,0.0,7.913140296936035,7.26861047744751,3.447026252746582,0.0,9.344951629638672,0.0,0.7667844891548157,3.246265411376953,12.381242752075195,1.6732169389724731,3.334280252456665,5.991761684417725,3.241055965423584,2.951218366622925,4.5134663581848145,8.964259147644043,2.2100670337677,5.312106132507324,16.150983810424805,8.477149963378906,7.159868240356445,4.605538368225098,4.300693511962891,4.530491352081299,4.210906982421875,3.4269349575042725,10.303973197937012,0.0,7.344898223876953,9.029626846313477
0.0,0.0,0.0,3.195495128631592,4.374827861785889,1.5169427394866943,0.0,5.907477378845215,0.0,6.817934513092041,5.161844253540039,10.605646133422852,5.992082595825195,1.2876778841018677,0.0,4.61118745803833,2.1136887073516846,0.0,0.0265838373452425,0.016807010397315025,0.0,12.842896461486816,7.253258228302002,2.325597047805786,0.0,3.8010361194610596,0.0,2.2584314346313477,4.775501728057861,8.625638961791992,0.0,0.5762813687324524,5.0979905128479
0.0,0.0,0.0,3.195495128631592,4.374827861785889,1.5169427394866943,0.0,5.907477378845215,0.0,6.817934513092041,5.161844253540039,10.605646133422852,5.992082595825195,1.2876778841018677,0.0,4.61118745803833,2.1136887073516846,0.0,0.0265838373452425,0.016807010397315025,0.0,12.842896461486816,7.253258228302002,2.325597047805786,0.0,3.8010361194610596,0.0,2.2584314346313477,4.775501728057861,8.625638961791992,0.0,0.5762813687324524,5.0979905128479
0.0,0.0,0.0,3.195495128631592,4.374827861785889,1.5169427394866943,0.0,5.907477378845215,0.0,6.817934513092041,5.161844253540039,10.605646133422852,5.992082595825195,1.2876778841018677,0.0,4.61118745803833,2.1136887073516846,0.0,0.0265838373452425,0.016807010397315025,0.0,12.842896461486816,7.253258228302002,2.325597047805786,0.0,3.8010361194610596,0.0,2.2584314346313477,4.775501728057861,8.625638961791992,0.0,0.5762813687324524,5.0979905128479
0.0,0.0,0.0,3.195495128631592,4.374827861785889,1.5169427394866943,0.0,5.907477378845215,0.0,6.817934513092041,5.161844253540039,10.605646133422852,5.992082595825195,1.2876778841018677,0.0,4.61118745803833,2.1136887073516846,0.0,0.0265838373452425,0.016807010397315025,0.0,12.842896461486816,7.253258228302002,2.325597047805786,0.0,3.8010361194610596,0.0,2.2584314346313477,4.775501728057861,8.625638961791992,0.0,0.5762813687324524,5.0979905128479
0.0,0.0,0.0,3.195495128631592,4.374827861785889,1.5169427394866943,0.0,5.907477378845215,0.0,6.817934513092041,5.161844253540039,10.605646133422852,5.992082595825195,1.2876778841018677,0.0,4.61118745803833,2.1136887073516846,0.0,0.0265838373452425,0.016807010397315025,0.0,12.842896461486816,7.253258228302002,2.325597047805786,0.0,3.8010361194610596,0.0,2.2584314346313477,4.775501728057861,8.625638961791992,0.0,0.5762813687324524,5.0979905128479
0.0,0.0,0.0,3.195495128631592,4.374827861785889,1.5169427394866943,0.0,5.907477378845215,0.0,6.817934513092041,5.161844253540039,10.605646133422852,5.992082595825195,1.2876778841018677,0.0,4.61118745803833,2.1136887073516846,0.0,0.0265838373452425,0.016807010397315025,0.0,12.842896461486816,7.253258228302002,2.325597047805786,0.0,3.8010361194610596,0.0,2.2584314346313477,4.775501728057861,8.625638961791992,0.0,0.5762813687324524,5.0979905128479
0.0,0.0,0.0,3.195495128631592,4.374827861785889,1.5169427394866943,0.0,5.907477378845215,0.0,6.817934513092041,5.161844253540039,10.605646133422852,5.992082595825195,1.2876778841018677,0.0,4.61118745803833,2.1136887073516846,0.0,0.0265838373452425,0.016807010397315025,0.0,12.842896461486816,7.253258228302002,2.325597047805786,0.0,3.8010361194610596,0.0,2.2584314346313477,4.775501728057861,8.625638961791992,0.0,0.5762813687324524,5.0979905128479
0.0,0.0,0.0,3.195495128631592,4.374827861785889,1.5169427394866943,0.0,5.907477378845215,0.0,6.817934513092041,5.161844253540039,10.605646133422852,5.992082595825195,1.2876778841018677,0.0,4.61118745803833,2.1136887073516846,0.0,0.0265838373452425,0.016807010397315025,0.0,12.842896461486816,7.253258228302002,2.325597047805786,0.0,3.8010361194610596,0.0,2.2584314346313477,4.775501728057861,8.625638961791992,0.0,0.5762813687324524,5.0979905128479
0.0,0.0,0.0,3.195495128631592,4.374827861785889,1.5169427394866943,0.0,5.907477378845215,0.0,6.817934513092041,5.161844253540039,10.605646133422852,5.992082595825195,1.2876778841018677,0.0,4.61118745803833,2.1136887073516846,0.0,0.0265838373452425,0.016807010397315025,0.0,12.842896461486816,7.253258228302002,2.325597047805786,0.0,3.8010361194610596,0.0,2.2584314346313477,4.775501728057861,8.625638961791992,0.0,0.5762813687324524,5.0979905128479
0.0,0.0,0.0,3.195495128631592,4.374827861785889,1.5169427394866943,0.0,5.907477378845215,0.0,6.817934513092041,5.161844253540039,10.605646133422852,5.992082595825195,1.2876778841018677,0.0,4.61118745803833,2.1136887073516846,0.0,0.0265838373452425,0.016807010397315025,0.0,12.842896461486816,7.253258228302002,2.325597047805786,0.0,3.8010361194610596,0.0,2.2584314346313477,4.775501728057861,8.625638961791992,0.0,0.5762813687324524,5.0979905128479
0.0,0.0,0.0,3.195495128631592,4.374827861785889,1.5169427394866943,0.0,5.907477378845215,0.0,6.817934513092041,5.161844253540039,10.605646133422852,5.992082595825195,1.2876778841018677,0.0,4.61118745803833,2.1136887073516846,0.0,0.0265838373452425,0.016807010397315025,0.0,12.842896461486816,7.253258228302002,2.325597047805786,0.0,3.8010361194610596,0.0,2.2584314346313477,4.775501728057861,8.625638961791992,0.0,0.5762813687324524,5.0979905128479
0.0,0.0,0.0,3.195495128631592,4.374827861785889,1.5169427394866943,0.0,5.907477378845215,0.0,6.817934513092041,5.161844253540039,10.605646133422852,5.992082595825195,1.2876778841018677,0.0,4.61118745803833,2.1136887073516846,0.0,0.0265838373452425,0.016807010397315025,0.0,12.842896461486816,7.253258228302002,2.325597047805786,0.0,3.8010361194610596,0.0,2.2584314346313477,4.775501728057861,8.625638961791992,0.0,0.5762813687324524,5.0979905128479
0.0,0.0,0.0,3.195495128631592,4.374827861785889,1.5169427394866943,0.0,5.907477378845215,0.0,6.817934513092041,5.161844253540039,10.605646133422852,5.992082595825195,1.2876778841018677,0.0,4.61118745803833,2.1136887073516846,0.0,0.0265838373452425,0.016807010397315025,0.0,12.842896461486816,7.253258228302002,2.325597047805786,0.0,3.8010361194610596,0.0,2.2584314346313477,4.775501728057861,8.625638961791992,0.0,0.5762813687324524,5.0979905128479
0.0,0.0,0.0,3.195495128631592,4.374827861785889,1.5169427394866943,0.0,5.907477378845215,0.0,6.817934513092041,5.161844253540039,10.605646133422852,5.992082595825195,1.2876778841018677,0.0,4.61118745803833,2.1136887073516846,0.0,0.0265838373452425,0.016807010397315025,0.0,12.842896461486816,7.253258228302002,2.325597047805786,0.0,3.8010361194610596,0.0,2.2584314346313477,4.775501728057861,8.625638961791992,0.0,0.5762813687324524,5.0979905128479
0.0,0.0,0.0,3.195495128631592,4.374827861785889,1.5169427394866943,0.0,5.907477378845215,0.0,6.817934513092041,5.161844253540039,10.605646133422852,5.992082595825195,1.2876778841018677,0.0,4.61118745803833,2.1136887073516846,0.0,0.0265838373452425,0.016807010397315025,0.0,12.842896461486816,7.253258228302002,2.325597047805786,0.0,3.8010361194610596,0.0,2.2584314346313477,4.775501728057861,8.625638961791992,0.0,0.5762813687324524,5.0979905128479
0.0,0.0,0.0,3.195495128631592,4.374827861785889,1.5169427394866943,0.0,5.907477378845215,0.0,6.817934513092041,5.161844253540039,10.605646133422852,5.992082595825195,1.2876778841018677,0.0,4.61118745803833,2.1136887073516846,0.0,0.0265838373452425,0.016807010397315025,0.0,12.842896461486816,7.253258228302002,2.325597047805786,0.0,3.8010361194610596,0.0,2.2584314346313477,4.775501728057861,8.625638961791992,0.0,0.5762813687324524,5.0979905128479
0.0,0.0,0.0,3.195495128631592,4.374827861785889,1.5169427394866943,0.0,5.907477378845215,0.0,6.817934513092041,5.161844253540039,10.605646133422852,5.992082595825195,1.2876778841018677,0.0,4.61118745803833,2.1136887073516846,0.0,0.0265838373452425,0.016807010397315025,0.0,12.842896461486816,7.253258228302002,2.325597047805786,0.0,3.8010361194610596,0.0,2.2584314346313477,4.775501728057861,8.625638961791992,0.0,0.5762813687324524,5.0979905128479
0.0,0.0,0.0,3.195495128631592,4.374827861785889,1.5169427394866943,0.0,5.907477378845215,0.0,6.817934513092041,5.161844253540039,10.605646133422852,5.992082595825195,1.2876778841018677,0.0,4.61118745803833,2.1136887073516846,0.0,0.0265838373452425,0.016807010397315025,0.0,12.842896461486816,7.253258228302002,2.325597047805786,0.0,3.8010361194610596,0.0,2.2584314346313477,4.775501728057861,8.625638961791992,0.0,0.5762813687324524,5.0979905128479
0.0,0.0,0.0,3.195495128631592,4.374827861785889,1.5169427394866943,0.0,5.907477378845215,0.0,6.817934513092041,5.161844253540039,10.605646133422852,5.992082595825195,1.2876778841018677,0.0,4.61118745803833,2.1136887073516846,0.0,0.0265838373452425,0.016807010397315025,0.0,12.842896461486816,7.253258228302002,2.325597047805786,0.0,3.8010361194610596,0.0,2.2584314346313477,4.775501728057861,8.625638961791992,0.0,0.5762813687324524,5.0979905128479
0.0,0.0,0.0,3.195495128631592,4.374827861785889,1.5169427394866943,0.0,5.907477378845215,0.0,6.817934513092041,5.161844253540039,10.605646133422852,5.992082595825195,1.2876778841018677,0.0,4.61118745803833,2.1136887073516846,0.0,0.0265838373452425,0.016807010397315025,0.0,12.842896461486816,7.253258228302002,2.325597047805786,0.0,3.8010361194610596,0.0,2.2584314346313477,4.775501728057861,8.625638961791992,0.0,0.5762813687324524,5.0979905128479
0.0,0.0,0.0,5.222265243530273,3.36354923248291,4.290709018707275,0.0,3.1957967281341553,0.0,1.8328766822814941,1.834215521812439,9.01656723022461,4.573078155517578,2.0097997188568115,0.0,3.496849775314331,4.799887657165527,0.0,0.30700159072875977,0.0,0.0,11.126506805419922,6.782937526702881,0.28799372911453247,0.0,3.464590072631836,0.0,3.9222235679626465,4.449240684509277,7.047784328460693,0.0,2.8278555870056152,3.909680128097534
0.0,0.0,0.0,5.222265243530273,3.36354923248291,4.290709018707275,0.0,3.1957967281341553,0.0,1.8328766822814941,1.834215521812439,9.01656723022461,4.573078155517578,2.0097997188568115,0.0,3.496849775314331,4.799887657165527,0.0,0.30700159072875977,0.0,0.0,11.126506805419922,6.782937526702881,0.28799372911453247,0.0,3.464590072631836,0.0,3.9222235679626465,4.449240684509277,7.047784328460693,0.0,2.8278555870056152,3.909680128097534
0.0,0.0,0.0,5.222265243530273,3.36354923248291,4.290709018707275,0.0,3.1957967281341553,0.0,1.8328766822814941,1.834215521812439,9.01656723022461,4.573078155517578,2.0097997188568115,0.0,3.496849775314331,4.799887657165527,0.0,0.30700159072875977,0.0,0.0,11.126506805419922,6.782937526702881,0.28799372911453247,0.0,3.464590072631836,0.0,3.9222235679626465,4.449240684509277,7.047784328460693,0.0,2.8278555870056152,3.909680128097534
0.0,0.0,0.0,5.222265243530273,3.36354923248291,4.290709018707275,0.0,3.1957967281341553,0.0,1.8328766822814941,1.834215521812439,9.01656723022461,4.573078155517578,2.0097997188568115,0.0,3.496849775314331,4.799887657165527,0.0,0.30700159072875977,0.0,0.0,11.126506805419922,6.782937526702881,0.28799372911453247,0.0,3.464590072631836,0.0,3.9222235679626465,4.449240684509277,7.047784328460693,0.0,2.8278555870056152,3.909680128097534
0.0,0.0,0.0,5.222265243530273,3.36354923248291,4.290709018707275,0.0,3.1957967281341553,0.0,1.8328766822814941,1.834215521812439,9.01656723022461,4.573078155517578,2.0097997188568115,0.0,3.496849775314331,4.799887657165527,0.0,0.30700159072875977,0.0,0.0,11.126506805419922,6.782937526702881,0.28799372911453247,0.0,3.464590072631836,0.0,3.9222235679626465,4.449240684509277,7.047784328460693,0.0,2.8278555870056152,3.909680128097534
0.0,0.0,0.0,5.222265243530273,3.36354923248291,4.290709018707275,0.0,3.1957967281341553,0.0,1.8328766822814941,1.834215521812439,9.01656723022461,4.573078155517578,2.0097997188568115,0.0,3.496849775314331,4.799887657165527,0.0,0.30700159072875977,0.0,0.0,11.126506805419922,6.782937526702881,0.28799372911453247,0.0,3.464590072631836,0.0,3.9222235679626465,4.449240684509277,7.047784328460693,0.0,2.8278555870056152,3.909680128097534
0.0,0.0,0.0,5.222265243530273,3.36354923248291,4.290709018707275,0.0,3.1957967281341553,0.0,1.8328766822814941,1.834215521812439,9.01656723022461,4.573078155517578,2.0097997188568115,0.0,3.496849775314331,4.799887657165527,0.0,0.30700159072875977,0.0,0.0,11.126506805419922,6.782937526702881,0.28799372911453247,0.0,3.464590072631836,0.0,3.9222235679626465,4.449240684509277,7.047784328460693,0.0,2.8278555870056152,3.909680128097534
0.0,0.0,0.0,5.222265243530273,3.36354923248291,4.290709018707275,0.0,3.1957967281341553,0.0,1.8328766822814941,1.834215521812439,9.01656723022461,4.573078155517578,2.0097997188568115,0.0,3.496849775314331,4.799887657165527,0.0,0.30700159072875977,0.0,0.0,11.126506805419922,6.782937526702881,0.28799372911453247,0.0,3.464590072631836,0.0,3.9222235679626465,4.449240684509277,7.047784328460693,0.0,2.8278555870056152,3.909680128097534
0.0,0.0,0.0,5.222265243530273,3.36354923248291,4.290709018707275,0.0,3.1957967281341553,0.0,1.8328766822814941,1.834215521812439,9.01656723022461,4.573078155517578,2.0097997188568115,0.0,3.496849775314331,4.799887657165527,0.0,0.30700159072875977,0.0,0.0,11.126506805419922,6.782937526702881,0.28799372911453247,0.0,3.464590072631836,0.0,3.9222235679626465,4.449240684509277,7.047784328460693,0.0,2.8278555870056152,3.909680128097534
0.0,0.0,0.0,5.222265243530273,3.36354923248291,4.290709018707275,0.0,3.1957967281341553,0.0,1.8328766822814941,1.834215521812439,9.01656723022461,4.573078155517578,2.0097997188568115,0.0,3.496849775314331,4.799887657165527,0.0,0.30700159072875977,0.0,0.0,11.126506805419922,6.782937526702881,0.28799372911453247,0.0,3.464590072631836,0.0,3.9222235679626465,4.449240684509277,7.047784328460693,0.0,2.8278555870056152,3.909680128097534
0.0,0.0,0.0,5.222265243530273,3.36354923248291,4.290709018707275,0.0,3.1957967281341553,0.0,1.8328766822814941,1.834215521812439,9.01656723022461,4.573078155517578,2.0097997188568115,0.0,3.496849775314331,4.799887657165527,0.0,0.30700159072875977,0.0,0.0,11.126506805419922,6.782937526702881,0.28799372911453247,0.0,3.464590072631836,0.0,3.9222235679626465,4.449240684509277,7.047784328460693,0.0,2.8278555870056152,3.909680128097534
0.0,0.0,0.0,5.222265243530273,3.36354923248291,4.290709018707275,0.0,3.1957967281341553,0.0,1.8328766822814941,1.834215521812439,9.01656723022461,4.573078155517578,2.0097997188568115,0.0,3.496849775314331,4.799887657165527,0.0,0.30700159072875977,0.0,0.0,11.126506805419922,6.782937526702881,0.28799372911453247,0.0,3.464590072631836,0.0,3.9222235679626465,4.449240684509277,7.047784328460693,0.0,2.8278555870056152,3.909680128097534
0.0,0.0,0.0,5.222265243530273,3.36354923248291,4.290709018707275,0.0,3.1957967281341553,0.0,1.8328766822814941,1.834215521812439,9.01656723022461,4.573078155517578,2.0097997188568115,0.0,3.496849775314331,4.799887657165527,0.0,0.30700159072875977,0.0,0.0,11.126506805419922,6.782937526702881,0.28799372911453247,0.0,3.464590072631836,0.0,3.9222235679626465,4.449240684509277,7.047784328460693,0.0,2.8278555870056152,3.909680128097534
0.0,0.0,0.0,5.222265243530273,3.36354923248291,4.290709018707275,0.0,3.1957967281341553,0.0,1.8328766822814941,1.834215521812439,9.01656723022461,4.573078155517578,2.0097997188568115,0.0,3.496849775314331,4.799887657165527,0.0,0.30700159072875977,0.0,0.0,11.126506805419922,6.782937526702881,0.28799372911453247,0.0,3.464590072631836,0.0,3.9222235679626465,4.449240684509277,7.047784328460693,0.0,2.8278555870056152,3.909680128097534
0.0,0.0,0.0,5.222265243530273,3.36354923248291,4.290709018707275,0.0,3.1957967281341553,0.0,1.8328766822814941,1.834215521812439,9.01656723022461,4.573078155517578,2.0097997188568115,0.0,3.496849775314331,4.799887657165527,0.0,0.30700159072875977,0.0,0.0,11.126506805419922,6.782937526702881,0.28799372911453247,0.0,3.464590072631836,0.0,3.9222235679626465,4.449240684509277,7.047784328460693,0.0,2.8278555870056152,3.909680128097534
0.0,0.0,0.0,5.222265243530273,3.36354923248291,4.290709018707275,0.0,3.1957967281341553,0.0,1.8328766822814941,1.834215521812439,9.01656723022461,4.573078155517578,2.0097997188568115,0.0,3.496849775314331,4.799887657165527,0.0,0.30700159072875977,0.0,0.0,11.126506805419922,6.782937526702881,0.28799372911453247,0.0,3.464590072631836,0.0,3.9222235679626465,4.449240684509277,7.047784328460693,0.0,2.8278555870056152,3.909680128097534
0.0,0.0,0.0,5.222265243530273,3.36354923248291,4.290709018707275,0.0,3.1957967281341553,0.0,1.8328766822814941,1.834215521812439,9.01656723022461,4.573078155517578,2.0097997188568115,0.0,3.496849775314331,4.799887657165527,0.0,0.30700159072875977,0.0,0.0,11.126506805419922,6.782937526702881,0.28799372911453247,0.0,3.464590072631836,0.0,3.9222235679626465,4.449240684509277,7.047784328460693,0.0,2.8278555870056152,3.909680128097534
0.0,0.0,0.0,5.222265243530273,3.36354923248291,4.290709018707275,0.0,3.1957967281341553,0.0,1.8328766822814941,1.834215521812439,9.01656723022461,4.573078155517578,2.0097997188568115,0.0,3.496849775314331,4.799887657165527,0.0,0.30700159072875977,0.0,0.0,11.126506805419922,6.782937526702881,0.28799372911453247,0.0,3.464590072631836,0.0,3.9222235679626465,4.449240684509277,7.047784328460693,0.0,2.8278555870056152,3.909680128097534
0.0,0.0,0.0,5.222265243530273,3.36354923248291,4.290709018707275,0.0,3.1957967281341553,0.0,1.8328766822814941,1.834215521812439,9.01656723022461,4.573078155517578,2.0097997188568115,0.0,3.496849775314331,4.799887657165527,0.0,0.30700159072875977,0.0,0.0,11.126506805419922,6.782937526702881,0.28799372911453247,0.0,3.464590072631836,0.0,3.9222235679626465,4.449240684509277,7.047784328460693,0.0,2.8278555870056152,3.909680128097534
0.0,0.0,0.0,5.222265243530273,3.36354923248291,4.290709018707275,0.0,3.1957967281341553,0.0,1.8328766822814941,1.834215521812439,9.01656723022461,4.573078155517578,2.0097997188568115,0.0,3.496849775314331,4.799887657165527,0.0,0.30700159072875977,0.0,0.0,11.126506805419922,6.782937526702881,0.28799372911453247,0.0,3.464590072631836,0.0,3.9222235679626465,4.449240684509277,7.047784328460693,0.0,2.8278555870056152,3.909680128097534
0.0,3.3692896366119385,0.0,6.816898345947266,5.556024074554443,3.38407301902771,0.0,6.244006156921387,0.0,0.603359043598175,2.788416624069214,11.034239768981934,2.680135726928711,3.1977789402008057,2.5100908279418945,3.7854690551757812,3.835442543029785,1.2188717126846313,5.481771945953369,1.7787630558013916,1.4011502265930176,14.57959270477295,8.649456024169922,3.9590890407562256,1.389866590499878,3.764664888381958,1.3463953733444214,3.977318286895752,3.7666571140289307,8.969666481018066,0.0,5.130638599395752,6.38128662109375
0.0,3.3692896366119385,0.0,6.816898345947266,5.556024074554443,3.38407301902771,0.0,6.244006156921387,0.0,0.603359043598175,2.788416624069214,11.034239768981934,2.680135726928711,3.1977789402008057,2.5100908279418945,3.7854690551757812,3.835442543029785,1.2188717126846313,5.481771945953369,1.7787630558013916,1.4011502265930176,14.57959270477295,8.649456024169922,3.9590890407562256,1.389866590499878,3.764664888381958,1.3463953733444214,3.977318286895752,3.7666571140289307,8.969666481018066,0.0,5.130638599395752,6.38128662109375
0.0,3.3692896366119385,0.0,6.816898345947266,5.556024074554443,3.38407301902771,0.0,6.244006156921387,0.0,0.603359043598175,2.788416624069214,11.034239768981934,2.680135726928711,3.1977789402008057,2.5100908279418945,3.7854690551757812,3.835442543029785,1.2188717126846313,5.481771945953369,1.7787630558013916,1.4011502265930176,14.57959270477295,8.649456024169922,3.9590890407562256,1.389866590499878,3.764664888381958,1.3463953733444214,3.977318286895752,3.7666571140289307,8.969666481018066,0.0,5.130638599395752,6.38128662109375
0.0,3.3692896366119385,0.0,6.816898345947266,5.556024074554443,3.38407301902771,0.0,6.244006156921387,0.0,0.603359043598175,2.788416624069214,11.034239768981934,2.680135726928711,3.1977789402008057,2.5100908279418945,3.7854690551757812,3.835442543029785,1.2188717126846313,5.481771945953369,1.7787630558013916,1.4011502265930176,14.57959270477295,8.649456024169922,3.9590890407562256,1.389866590499878,3.764664888381958,1.3463953733444214,3.977318286895752,3.7666571140289307,8.969666481018066,0.0,5.130638599395752,6.38128662109375
0.0,3.3692896366119385,0.0,6.816898345947266,5.556024074554443,3.38407301902771,0.0,6.244006156921387,0.0,0.603359043598175,2.788416624069214,11.034239768981934,2.680135726928711,3.1977789402008057,2.5100908279418945,3.7854690551757812,3.835442543029785,1.2188717126846313,5.481771945953369,1.7787630558013916,1.4011502265930176,14.57959270477295,8.649456024169922,3.9590890407562256,1.389866590499878,3.764664888381958,1.3463953733444214,3.977318286895752,3.7666571140289307,8.969666481018066,0.0,5.130638599395752,6.38128662109375
0.0,3.3692896366119385,0.0,6.816898345947266,5.556024074554443,3.38407301902771,0.0,6.244006156921387,0.0,0.603359043598175,2.788416624069214,11.034239768981934,2.680135726928711,3.1977789402008057,2.5100908279418945,3.7854690551757812,3.835442543029785,1.2188717126846313,5.481771945953369,1.7787630558013916,1.4011502265930176,14.57959270477295,8.649456024169922,3.9590890407562256,1.389866590499878,3.764664888381958,1.3463953733444214,3.977318286895752,3.7666571140289307,8.969666481018066,0.0,5.130638599395752,6.38128662109375
0.0,3.3692896366119385,0.0,6.816898345947266,5.556024074554443,3.38407301902771,0.0,6.244006156921387,0.0,0.603359043598175,2.788416624069214,11.034239768981934,2.680135726928711,3.1977789402008057,2.5100908279418945,3.7854690551757812,3.835442543029785,1.2188717126846313,5.481771945953369,1.7787630558013916,1.4011502265930176,14.57959270477295,8.649456024169922,3.9590890407562256,1.389866590499878,3.764664888381958,1.3463953733444214,3.977318286895752,3.7666571140289307,8.969666481018066,0.0,5.130638599395752,6.38128662109375
0.0,3.3692896366119385,0.0,6.816898345947266,5.556024074554443,3.38407301902771,0.0,6.244006156921387,0.0,0.603359043598175,2.788416624069214,11.034239768981934,2.680135726928711,3.1977789402008057,2.5100908279418945,3.7854690551757812,3.835442543029785,1.2188717126846313,5.481771945953369,1.7787630558013916,1.4011502265930176,14.57959270477295,8.649456024169922,3.9590890407562256,1.389866590499878,3.764664888381958,1.3463953733444214,3.977318286895752,3.7666571140289307,8.969666481018066,0.0,5.130638599395752,6.38128662109375
0.0,3.3692896366119385,0.0,6.816898345947266,5.556024074554443,3.38407301902771,0.0,6.244006156921387,0.0,0.603359043598175,2.788416624069214,11.034239768981934,2.680135726928711,3.1977789402008057,2.5100908279418945,3.7854690551757812,3.835442543029785,1.2188717126846313,5.481771945953369,1.7787630558013916,1.4011502265930176,14.57959270477295,8.649456024169922,3.9590890407562256,1.389866590499878,3.764664888381958,1.3463953733444214,3.977318286895752,3.7666571140289307,8.969666481018066,0.0,5.130638599395752,6.38128662109375
0.0,3.3692896366119385,0.0,6.816898345947266,5.556024074554443,3.38407301902771,0.0,6.244006156921387,0.0,0.603359043598175,2.788416624069214,11.034239768981934,2.680135726928711,3.1977789402008057,2.5100908279418945,3.7854690551757812,3.835442543029785,1.2188717126846313,5.481771945953369,1.7787630558013916,1.4011502265930176,14.57959270477295,8.649456024169922,3.9590890407562256,1.389866590499878,3.764664888381958,1.3463953733444214,3.977318286895752,3.7666571140289307,8.969666481018066,0.0,5.130638599395752,6.38128662109375
0.0,3.3692896366119385,0.0,6.816898345947266,5.556024074554443,3.38407301902771,0.0,6.244006156921387,0.0,0.603359043598175,2.788416624069214,11.034239768981934,2.680135726928711,3.1977789402008057,2.5100908279418945,3.7854690551757812,3.835442543029785,1.2188717126846313,5.481771945953369,1.7787630558013916,1.4011502265930176,14.57959270477295,8.649456024169922,3.9590890407562256,1.389866590499878,3.764664888381958,1.3463953733444214,3.977318286895752,3.7666571140289307,8.969666481018066,0.0,5.130638599395752,6.38128662109375
0.0,3.3692896366119385,0.0,6.816898345947266,5.556024074554443,3.38407301902771,0.0,6.244006156921387,0.0,0.603359043598175,2.788416624069214,11.034239768981934,2.680135726928711,3.1977789402008057,2.5100908279418945,3.7854690551757812,3.835442543029785,1.2188717126846313,5.481771945953369,1.7787630558013916,1.4011502265930176,14.57959270477295,8.649456024169922,3.9590890407562256,1.389866590499878,3.764664888381958,1.3463953733444214,3.977318286895752,3.7666571140289307,8.969666481018066,0.0,5.130638599395752,6.38128662109375
0.0,3.3692896366119385,0.0,6.816898345947266,5.556024074554443,3.38407301902771,0.0,6.244006156921387,0.0,0.603359043598175,2.788416624069214,11.034239768981934,2.680135726928711,3.1977789402008057,2.5100908279418945,3.7854690551757812,3.835442543029785,1.2188717126846313,5.481771945953369,1.7787630558013916,1.4011502265930176,14.57959270477295,8.649456024169922,3.9590890407562256,1.389866590499878,3.764664888381958,1.3463953733444214,3.977318286895752,3.7666571140289307,8.969666481018066,0.0,5.130638599395752,6.38128662109375
0.0,3.3692896366119385,0.0,6.816898345947266,5.556024074554443,3.38407301902771,0.0,6.244006156921387,0.0,0.603359043598175,2.788416624069214,11.034239768981934,2.680135726928711,3.1977789402008057,2.5100908279418945,3.7854690551757812,3.835442543029785,1.2188717126846313,5.481771945953369,1.7787630558013916,1.4011502265930176,14.57959270477295,8.649456024169922,3.9590890407562256,1.389866590499878,3.764664888381958,1.3463953733444214,3.977318286895752,3.7666571140289307,8.969666481018066,0.0,5.130638599395752,6.38128662109375
0.0,3.3692896366119385,0.0,6.816898345947266,5.556024074554443,3.38407301902771,0.0,6.244006156921387,0.0,0.603359043598175,2.788416624069214,11.034239768981934,2.680135726928711,3.1977789402008057,2.5100908279418945,3.7854690551757812,3.835442543029785,1.2188717126846313,5.481771945953369,1.7787630558013916,1.4011502265930176,14.57959270477295,8.649456024169922,3.9590890407562256,1.389866590499878,3.764664888381958,1.3463953733444214,3.977318286895752,3.7666571140289307,8.969666481018066,0.0,5.130638599395752,6.38128662109375
0.0,3.3692896366119385,0.0,6.816898345947266,5.556024074554443,3.38407301902771,0.0,6.244006156921387,0.0,0.603359043598175,2.788416624069214,11.034239768981934,2.680135726928711,3.1977789402008057,2.5100908279418945,3.7854690551757812,3.835442543029785,1.2188717126846313,5.481771945953369,1.7787630558013916,1.4011502265930176,14.57959270477295,8.649456024169922,3.9590890407562256,1.389866590499878,3.764664888381958,1.3463953733444214,3.977318286895752,3.7666571140289307,8.969666481018066,0.0,5.130638599395752,6.38128662109375
0.0,3.3692896366119385,0.0,6.816898345947266,5.556024074554443,3.38407301902771,0.0,6.244006156921387,0.0,0.603359043598175,2.788416624069214,11.034239768981934,2.680135726928711,3.1977789402008057,2.5100908279418945,3.7854690551757812,3.835442543029785,1.2188717126846313,5.481771945953369,1.7787630558013916,1.4011502265930176,14.57959270477295,8.649456024169922,3.9590890407562256,1.389866590499878,3.764664888381958,1.3463953733444214,3.977318286895752,3.7666571140289307,8.969666481018066,0.0,5.130638599395752,6.38128662109375
0.0,3.3692896366119385,0.0,6.816898345947266,5.556024074554443,3.38407301902771,0.0,6.244006156921387,0.0,0.603359043598175,2.788416624069214,11.034239768981934,2.680135726928711,3.1977789402008057,2.5100908279418945,3.7854690551757812,3.835442543029785,1.2188717126846313,5.481771945953369,1.7787630558013916,1.4011502265930176,14.57959270477295,8.649456024169922,3.9590890407562256,1.389866590499878,3.764664888381958,1.3463953733444214,3.977318286895752,3.7666571140289307,8.969666481018066,0.0,5.130638599395752,6.38128662109375
0.0,3.3692896366119385,0.0,6.816898345947266,5.556024074554443,3.38407301902771,0.0,6.244006156921387,0.0,0.603359043598175,2.788416624069214,11.034239768981934,2.680135726928711,3.1977789402008057,2.5100908279418945,3.7854690551757812,3.835442543029785,1.2188717126846313,5.481771945953369,1.7787630558013916,1.4011502265930176,14.57959270477295,8.649456024169922,3.9590890407562256,1.389866590499878,3.764664888381958,1.3463953733444214,3.977318286895752,3.7666571140289307,8.969666481018066,0.0,5.130638599395752,6.38128662109375
0.0,3.3692896366119385,0.0,6.816898345947266,5.556024074554443,3.38407301902771,0.0,6.244006156921387,0.0,0.603359043598175,2.788416624069214,11.034239768981934,2.680135726928711,3.1977789402008057,2.5100908279418945,3.7854690551757812,3.835442543029785,1.2188717126846313,5.481771945953369,1.7787630558013916,1.4011502265930176,14.57959270477295,8.649456024169922,3.9590890407562256,1.389866590499878,3.764664888381958,1.3463953733444214,3.977318286895752,3.7666571140289307,8.969666481018066,0.0,5.130638599395752,6.38128662109375
0.0,0.0,0.0,3.344158172607422,4.976975917816162,1.6739203929901123,0.0,6.273575305938721,0.0,6.986307144165039,5.281320095062256,11.306970596313477,6.331063270568848,1.166338324546814,0.0,4.664938449859619,2.5286812782287598,0.0,0.4657115340232849,0.0,0.0,13.053723335266113,7.554497241973877,2.5800042152404785,0.0,3.762561559677124,0.007118388544768095,2.3196191787719727,4.754772663116455,8.971390724182129,0.0,0.7435243725776672,5.400698661804199
0.0,0.0,0.0,3.344158172607422,4.976975917816162,1.6739203929901123,0.0,6.273575305938721,0.0,6.986307144165039,5.281320095062256,11.306970596313477,6.331063270568848,1.166338324546814,0.0,4.664938449859619,2.5286812782287598,0.0,0.4657115340232849,0.0,0.0,13.053723335266113,7.554497241973877,2.5800042152404785,0.0,3.762561559677124,0.007118388544768095,2.3196191787719727,4.754772663116455,8.971390724182129,0.0,0.7435243725776672,5.400698661804199
0.0,0.0,0.0,3.344158172607422,4.976975917816162,1.6739203929901123,0.0,6.273575305938721,0.0,6.986307144165039,5.281320095062256,11.306970596313477,6.331063270568848,1.166338324546814,0.0,4.664938449859619,2.5286812782287598,0.0,0.4657115340232849,0.0,0.0,13.053723335266113,7.554497241973877,2.5800042152404785,0.0,3.762561559677124,0.007118388544768095,2.3196191787719727,4.754772663116455,8.971390724182129,0.0,0.7435243725776672,5.400698661804199
0.0,0.0,0.0,3.344158172607422,4.976975917816162,1.6739203929901123,0.0,6.273575305938721,0.0,6.986307144165039,5.281320095062256,11.306970596313477,6.331063270568848,1.166338324546814,0.0,4.664938449859619,2.5286812782287598,0.0,0.4657115340232849,0.0,0.0,13.053723335266113,7.554497241973877,2.5800042152404785,0.0,3.762561559677124,0.007118388544768095,2.3196191787719727,4.754772663116455,8.971390724182129,0.0,0.7435243725776672,5.400698661804199
0.0,0.0,0.0,3.344158172607422,4.976975917816162,1.6739203929901123,0.0,6.273575305938721,0.0,6.986307144165039,5.281320095062256,11.306970596313477,6.331063270568848,1.166338324546814,0.0,4.664938449859619,2.5286812782287598,0.0,0.4657115340232849,0.0,0.0,13.053723335266113,7.554497241973877,2.5800042152404785,0.0,3.762561559677124,0.007118388544768095,2.3196191787719727,4.754772663116455,8.971390724182129,0.0,0.7435243725776672,5.400698661804199
0.0,0.0,0.0,3.344158172607422,4.976975917816162,1.6739203929901123,0.0,6.273575305938721,0.0,6.986307144165039,5.281320095062256,11.306970596313477,6.331063270568848,1.166338324546814,0.0,4.664938449859619,2.5286812782287598,0.0,0.4657115340232849,0.0,0.0,13.053723335266113,7.554497241973877,2.5800042152404785,0.0,3.762561559677124,0.007118388544768095,2.3196191787719727,4.754772663116455,8.971390724182129,0.0,0.7435243725776672,5.400698661804199
0.0,0.0,0.0,3.344158172607422,4.976975917816162,1.6739203929901123,0.0,6.273575305938721,0.0,6.986307144165039,5.281320095062256,11.306970596313477,6.331063270568848,1.166338324546814,0.0,4.664938449859619,2.5286812782287598,0.0,0.4657115340232849,0.0,0.0,13.053723335266113,7.554497241973877,2.5800042152404785,0.0,3.762561559677124,0.007118388544768095,2.3196191787719727,4.754772663116455,8.971390724182129,0.0,0.7435243725776672,5.400698661804199
0.0,0.0,0.0,3.344158172607422,4.976975917816162,1.6739203929901123,0.0,6.273575305938721,0.0,6.986307144165039,5.281320095062256,11.306970596313477,6.331063270568848,1.166338324546814,0.0,4.664938449859619,2.5286812782287598,0.0,0.4657115340232849,0.0,0.0,13.053723335266113,7.554497241973877,2.5800042152404785,0.0,3.762561559677124,0.007118388544768095,2.3196191787719727,4.754772663116455,8.971390724182129,0.0,0.7435243725776672,5.400698661804199
0.0,0.0,0.0,3.344158172607422,4.976975917816162,1.6739203929901123,0.0,6.273575305938721,0.0,6.986307144165039,5.281320095062256,11.306970596313477,6.331063270568848,1.166338324546814,0.0,4.664938449859619,2.5286812782287598,0.0,0.4657115340232849,0.0,0.0,13.053723335266113,7.554497241973877,2.5800042152404785,0.0,3.762561559677124,0.007118388544768095,2.3196191787719727,4.754772663116455,8.971390724182129,0.0,0.7435243725776672,5.400698661804199
0.0,0.0,0.0,3.344158172607422,4.976975917816162,1.6739203929901123,0.0,6.273575305938721,0.0,6.986307144165039,5.281320095062256,11.306970596313477,6.331063270568848,1.166338324546814,0.0,4.664938449859619,2.5286812782287598,0.0,0.4657115340232849,0.0,0.0,13.053723335266113,7.554497241973877,2.5800042152404785,0.0,3.762561559677124,0.007118388544768095,2.3196191787719727,4.754772663116455,8.971390724182129,0.0,0.7435243725776672,5.400698661804199
0.0,0.0,0.0,3.344158172607422,4.976975917816162,1.6739203929901123,0.0,6.273575305938721,0.0,6.986307144165039,5.281320095062256,11.306970596313477,6.331063270568848,1.166338324546814,0.0,4.664938449859619,2.5286812782287598,0.0,0.4657115340232849,0.0,0.0,13.053723335266113,7.554497241973877,2.5800042152404785,0.0,3.762561559677124,0.007118388544768095,2.3196191787719727,4.754772663116455,8.971390724182129,0.0,0.7435243725776672,5.400698661804199
0.0,0.0,0.0,3.344158172607422,4.976975917816162,1.6739203929901123,0.0,6.273575305938721,0.0,6.986307144165039,5.281320095062256,11.306970596313477,6.331063270568848,1.166338324546814,0.0,4.664938449859619,2.5286812782287598,0.0,0.4657115340232849,0.0,0.0,13.053723335266113,7.554497241973877,2.5800042152404785,0.0,3.762561559677124,0.007118388544768095,2.3196191787719727,4.754772663116455,8.971390724182129,0.0,0.7435243725776672,5.400698661804199
0.0,0.0,0.0,3.344158172607422,4.976975917816162,1.6739203929901123,0.0,6.273575305938721,0.0,6.986307144165039,5.281320095062256,11.306970596313477,6.331063270568848,1.166338324546814,0.0,4.664938449859619,2.5286812782287598,0.0,0.4657115340232849,0.0,0.0,13.053723335266113,7.554497241973877,2.5800042152404785,0.0,3.762561559677124,0.007118388544768095,2.3196191787719727,4.754772663116455,8.971390724182129,0.0,0.7435243725776672,5.400698661804199
0.0,0.0,0.0,3.344158172607422,4.976975917816162,1.6739203929901123,0.0,6.273575305938721,0.0,6.986307144165039,5.281320095062256,11.306970596313477,6.331063270568848,1.166338324546814,0.0,4.664938449859619,2.5286812782287598,0.0,0.4657115340232849,0.0,0.0,13.053723335266113,7.554497241973877,2.5800042152404785,0.0,3.762561559677124,0.007118388544768095,2.3196191787719727,4.754772663116455,8.971390724182129,0.0,0.7435243725776672,5.400698661804199
0.0,0.0,0.0,3.344158172607422,4.976975917816162,1.6739203929901123,0.0,6.273575305938721,0.0,6.986307144165039,5.281320095062256,11.306970596313477,6.331063270568848,1.166338324546814,0.0,4.664938449859619,2.5286812782287598,0.0,0.4657115340232849,0.0,0.0,13.053723335266113,7.554497241973877,2.5800042152404785,0.0,3.762561559677124,0.007118388544768095,2.3196191787719727,4.754772663116455,8.971390724182129,0.0,0.7435243725776672,5.400698661804199
0.0,0.0,0.0,3.344158172607422,4.976975917816162,1.6739203929901123,0.0,6.273575305938721,0.0,6.986307144165039,5.281320095062256,11.306970596313477,6.331063270568848,1.166338324546814,0.0,4.664938449859619,2.5286812782287598,0.0,0.4657115340232849,0.0,0.0,13.053723335266113,7.554497241973877,2.5800042152404785,0.0,3.762561559677124,0.007118388544768095,2.3196191787719727,4.754772663116455,8.971390724182129,0.0,0.7435243725776672,5.400698661804199
0.0,0.0,0.0,3.344158172607422,4.976975917816162,1.6739203929901123,0.0,6.273575305938721,0.0,6.986307144165039,5.281320095062256,11.306970596313477,6.331063270568848,1.166338324546814,0.0,4.664938449859619,2.5286812782287598,0.0,0.4657115340232849,0.0,0.0,13.053723335266113,7.554497241973877,2.5800042152404785,0.0,3.762561559677124,0.007118388544768095,2.3196191787719727,4.754772663116455,8.971390724182129,0.0,0.7435243725776672,5.400698661804199
0.0,0.0,0.0,3.344158172607422,4.976975917816162,1.6739203929901123,0.0,6.273575305938721,0.0,6.986307144165039,5.281320095062256,11.306970596313477,6.331063270568848,1.166338324546814,0.0,4.664938449859619,2.5286812782287598,0.0,0.4657115340232849,0.0,0.0,13.053723335266113,7.554497241973877,2.5800042152404785,0.0,3.762561559677124,0.007118388544768095,2.3196191787719727,4.754772663116455,8.971390724182129,0.0,0.7435243725776672,5.400698661804199
0.0,0.0,0.0,3.344158172607422,4.976975917816162,1.6739203929901123,0.0,6.273575305938721,0.0,6.986307144165039,5.281320095062256,11.306970596313477,6.331063270568848,1.166338324546814,0.0,4.664938449859619,2.5286812782287598,0.0,0.4657115340232849,0.0,0.0,13.053723335266113,7.554497241973877,2.5800042152404785,0.0,3.762561559677124,0.007118388544768095,2.3196191787719727,4.754772663116455,8.971390724182129,0.0,0.7435243725776672,5.400698661804199
0.0,0.0,0.0,3.344158172607422,4.976975917816162,1.6739203929901123,0.0,6.273575305938721,0.0,6.986307144165039,5.281320095062256,11.306970596313477,6.331063270568848,1.166338324546814,0.0,4.664938449859619,2.5286812782287598,0.0,0.4657115340232849,0.0,0.0,13.053723335266113,7.554497241973877,2.5800042152404785,0.0,3.762561559677124,0.007118388544768095,2.3196191787719727,4.754772663116455,8.971390724182129,0.0,0.7435243725776672,5.400698661804199
0.0,0.0,0.0,5.444151401519775,4.079824447631836,4.432103633880615,0.0,3.546569585800171,0.0,1.9964946508407593,1.870073914527893,9.895687103271484,5.098214149475098,1.8493508100509644,0.0,3.621572494506836,5.233290195465088,0.0,0.7733495235443115,0.0,0.0,11.255611419677734,7.092729568481445,0.4739261865615845,0.0,3.424008846282959,0.0,3.880584955215454,4.447856903076172,7.346513271331787,0.0,2.914308786392212,4.18112850189209
0.0,0.0,0.0,5.444151401519775,4.079824447631836,4.432103633880615,0.0,3.546569585800171,0.0,1.9964946508407593,1.870073914527893,9.895687103271484,5.098214149475098,1.8493508100509644,0.0,3.621572494506836,5.233290195465088,0.0,0.7733495235443115,0.0,0.0,11.255611419677734,7.092729568481445,0.4739261865615845,0.0,3.424008846282959,0.0,3.880584955215454,4.447856903076172,7.346513271331787,0.0,2.914308786392212,4.18112850189209
0.0,0.0,0.0,5.444151401519775,4.079824447631836,4.432103633880615,0.0,3.546569585800171,0.0,1.9964946508407593,1.870073914527893,9.895687103271484,5.098214149475098,1.8493508100509644,0.0,3.621572494506836,5.233290195465088,0.0,0.7733495235443115,0.0,0.0,11.255611419677734,7.092729568481445,0.4739261865615845,0.0,3.424008846282959,0.0,3.880584955215454,4.447856903076172,7.346513271331787,0.0,2.914308786392212,4.18112850189209
0.0,0.0,0.0,5.444151401519775,4.079824447631836,4.432103633880615,0.0,3.546569585800171,0.0,1.9964946508407593,1.870073914527893,9.895687103271484,5.098214149475098,1.8493508100509644,0.0,3.621572494506836,5.233290195465088,0.0,0.7733495235443115,0.0,0.0,11.255611419677734,7.092729568481445,0.4739261865615845,0.0,3.424008846282959,0.0,3.880584955215454,4.447856903076172,7.346513271331787,0.0,2.914308786392212,4.18112850189209
0.0,0.0,0.0,5.444151401519775,4.079824447631836,4.432103633880615,0.0,3.546569585800171,0.0,1.9964946508407593,1.870073914527893,9.895687103271484,5.098214149475098,1.8493508100509644,0.0,3.621572494506836,5.233290195465088,0.0,0.7733495235443115,0.0,0.0,11.255611419677734,7.092729568481445,0.4739261865615845,0.0,3.424008846282959,0.0,3.880584955215454,4.447856903076172,7.346513271331787,0.0,2.914308786392212,4.18112850189209
0.0,0.0,0.0,5.444151401519775,4.079824447631836,4.432103633880615,0.0,3.546569585800171,0.0,1.9964946508407593,1.870073914527893,9.895687103271484,5.098214149475098,1.8493508100509644,0.0,3.621572494506836,5.233290195465088,0.0,0.7733495235443115,0.0,0.0,11.255611419677734,7.092729568481445,0.4739261865615845,0.0,3.424008846282959,0.0,3.880584955215454,4.447856903076172,7.346513271331787,0.0,2.914308786392212,4.18112850189209
0.0,0.0,0.0,5.444151401519775,4.079824447631836,4.432103633880615,0.0,3.546569585800171,0.0,1.9964946508407593,1.870073914527893,9.895687103271484,5.098214149475098,1.8493508100509644,0.0,3.621572494506836,5.233290195465088,0.0,0.7733495235443115,0.0,0.0,11.255611419677734,7.092729568481445,0.4739261865615845,0.0,3.424008846282959,0.0,3.880584955215454,4.447856903076172,7.346513271331787,0.0,2.914308786392212,4.18112850189209
0.0,0.0,0.0,5.444151401519775,4.079824447631836,4.432103633880615,0.0,3.546569585800171,0.0,1.9964946508407593,1.870073914527893,9.895687103271484,5.098214149475098,1.8493508100509644,0.0,3.621572494506836,5.233290195465088,0.0,0.7733495235443115,0.0,0.0,11.255611419677734,7.092729568481445,0.4739261865615845,0.0,3.424008846282959,0.0,3.880584955215454,4.447856903076172,7.346513271331787,0.0,2.914308786392212,4.18112850189209
0.0,0.0,0.0,5.444151401519775,4.079824447631836,4.432103633880615,0.0,3.546569585800171,0.0,1.9964946508407593,1.870073914527893,9.895687103271484,5.098214149475098,1.8493508100509644,0.0,3.621572494506836,5.233290195465088,0.0,0.7733495235443115,0.0,0.0,11.255611419677734,7.092729568481445,0.4739261865615845,0.0,3.424008846282959,0.0,3.880584955215454,4.447856903076172,7.346513271331787,0.0,2.914308786392212,4.18112850189209
0.0,0.0,0.0,5.444151401519775,4.079824447631836,4.432103633880615,0.0,3.546569585800171,0.0,1.9964946508407593,1.870073914527893,9.895687103271484,5.098214149475098,1.8493508100509644,0.0,3.621572494506836,5.233290195465088,0.0,0.7733495235443115,0.0,0.0,11.255611419677734,7.092729568481445,0.4739261865615845,0.0,3.424008846282959,0.0,3.880584955215454,4.447856903076172,7.346513271331787,0.0,2.914308786392212,4.18112850189209
0.0,0.0,0.0,5.444151401519775,4.079824447631836,4.432103633880615,0.0,3.546569585800171,0.0,1.9964946508407593,1.870073914527893,9.895687103271484,5.098214149475098,1.8493508100509644,0.0,3.621572494506836,5.233290195465088,0.0,0.7733495235443115,0.0,0.0,11.255611419677734,7.092729568481445,0.4739261865615845,0.0,3.424008846282959,0.0,3.880584955215454,4.447856903076172,7.346513271331787,0.0,2.914308786392212,4.18112850189209
0.0,0.0,0.0,5.444151401519775,4.079824447631836,4.432103633880615,0.0,3.546569585800171,0.0,1.9964946508407593,1.870073914527893,9.895687103271484,5.098214149475098,1.8493508100509644,0.0,3.621572494506836,5.233290195465088,0.0,0.7733495235443115,0.0,0.0,11.255611419677734,7.092729568481445,0.4739261865615845,0.0,3.424008846282959,0.0,3.880584955215454,4.447856903076172,7.346513271331787,0.0,2.914308786392212,4.18112850189209
0.0,0.0,0.0,5.444151401519775,4.079824447631836,4.432103633880615,0.0,3.546569585800171,0.0,1.9964946508407593,1.870073914527893,9.895687103271484,5.098214149475098,1.8493508100509644,0.0,3.621572494506836,5.233290195465088,0.0,0.7733495235443115,0.0,0.0,11.255611419677734,7.092729568481445,0.4739261865615845,0.0,3.424008846282959,0.0,3.880584955215454,4.447856903076172,7.346513271331787,0.0,2.914308786392212,4.18112850189209
0.0,0.0,0.0,5.444151401519775,4.079824447631836,4.432103633880615,0.0,3.546569585800171,0.0,1.9964946508407593,1.870073914527893,9.895687103271484,5.098214149475098,1.8493508100509644,0.0,3.621572494506836,5.233290195465088,0.0,0.7733495235443115,0.0,0.0,11.255611419677734,7.092729568481445,0.4739261865615845,0.0,3.424008846282959,0.0,3.880584955215454,4.447856903076172,7.346513271331787,0.0,2.914308786392212,4.18112850189209
0.0,0.0,0.0,5.444151401519775,4.079824447631836,4.432103633880615,0.0,3.546569585800171,0.0,1.9964946508407593,1.870073914527893,9.895687103271484,5.098214149475098,1.8493508100509644,0.0,3.621572494506836,5.233290195465088,0.0,0.7733495235443115,0.0,0.0,11.255611419677734,7.092729568481445,0.4739261865615845,0.0,3.424008846282959,0.0,3.880584955215454,4.447856903076172,7.346513271331787,0.0,2.914308786392212,4.18112850189209
0.0,0.0,0.0,5.444151401519775,4.079824447631836,4.432103633880615,0.0,3.546569585800171,0.0,1.9964946508407593,1.870073914527893,9.895687103271484,5.098214149475098,1.8493508100509644,0.0,3.621572494506836,5.233290195465088,0.0,0.7733495235443115,0.0,0.0,11.255611419677734,7.092729568481445,0.4739261865615845,0.0,3.424008846282959,0.0,3.880584955215454,4.447856903076172,7.346513271331787,0.0,2.914308786392212,4.18112850189209
0.0,0.0,0.0,5.444151401519775,4.079824447631836,4.432103633880615,0.0,3.546569585800171,0.0,1.9964946508407593,1.870073914527893,9.895687103271484,5.098214149475098,1.8493508100509644,0.0,3.621572494506836,5.233290195465088,0.0,0.7733495235443115,0.0,0.0,11.255611419677734,7.092729568481445,0.4739261865615845,0.0,3.424008846282959,0.0,3.880584955215454,4.447856903076172,7.346513271331787,0.0,2.914308786392212,4.18112850189209
0.0,0.0,0.0,5.444151401519775,4.079824447631836,4.432103633880615,0.0,3.546569585800171,0.0,1.9964946508407593,1.870073914527893,9.895687103271484,5.098214149475098,1.8493508100509644,0.0,3.621572494506836,5.233290195465088,0.0,0.7733495235443115,0.0,0.0,11.255611419677734,7.092729568481445,0.4739261865615845,0.0,3.424008846282959,0.0,3.880584955215454,4.447856903076172,7.346513271331787,0.0,2.914308786392212,4.18112850189209
0.0,0.0,0.0,5.444151401519775,4.079824447631836,4.432103633880615,0.0,3.546569585800171,0.0,1.9964946508407593,1.870073914527893,9.895687103271484,5.098214149475098,1.8493508100509644,0.0,3.621572494506836,5.233290195465088,0.0,0.7733495235443115,0.0,0.0,11.255611419677734,7.092729568481445,0.4739261865615845,0.0,3.424008846282959,0.0,3.880584955215454,4.447856903076172,7.346513271331787,0.0,2.914308786392212,4.18112850189209
0.0,0.0,0.0,5.444151401519775,4.079824447631836,4.432103633880615,0.0,3.546569585800171,0.0,1.9964946508407593,1.870073914527893,9.895687103271484,5.098214149475098,1.8493508100509644,0.0,3.621572494506836,5.233290195465088,0.0,0.7733495235443115,0.0,0.0,11.255611419677734,7.092729568481445,0.4739261865615845,0.0,3.424008846282959,0.0,3.880584955215454,4.447856903076172,7.346513271331787,0.0,2.914308786392212,4.18112850189209
0.0,0.0,0.0,5.513483047485352,4.326243877410889,4.472776412963867,0.0,3.6697378158569336,0.0,2.0652856826782227,1.888435959815979,10.205445289611816,5.297749996185303,1.7899364233016968,0.0,3.639108657836914,5.37502384185791,0.0,0.940269947052002,0.0,0.0,11.294800758361816,7.210261821746826,0.5354369878768921,0.0,3.4304847717285156,0.0,3.865872621536255,4.459738254547119,7.4431328773498535,0.0,2.939883232116699,4.2818827629089355
0.0,0.0,0.0,5.513483047485352,4.326243877410889,4.472776412963867,0.0,3.6697378158569336,0.0,2.0652856826782227,1.888435959815979,10.205445289611816,5.297749996185303,1.7899364233016968,0.0,3.639108657836914,5.37502384185791,0.0,0.940269947052002,0.0,0.0,11.294800758361816,7.210261821746826,0.5354369878768921,0.0,3.4304847717285156,0.0,3.865872621536255,4.459738254547119,7.4431328773498535,0.0,2.939883232116699,4.2818827629089355
0.0,0.0,0.0,5.513483047485352,4.326243877410889,4.472776412963867,0.0,3.6697378158569336,0.0,2.0652856826782227,1.888435959815979,10.205445289611816,5.297749996185303,1.7899364233016968,0.0,3.639108657836914,5.37502384185791,0.0,0.940269947052002,0.0,0.0,11.294800758361816,7.210261821746826,0.5354369878768921,0.0,3.4304847717285156,0.0,3.865872621536255,4.459738254547119,7.4431328773498535,0.0,2.939883232116699,4.2818827629089355
0.0,0.0,0.0,5.513483047485352,4.326243877410889,4.472776412963867,0.0,3.6697378158569336,0.0,2.0652856826782227,1.888435959815979,10.205445289611816,5.297749996185303,1.7899364233016968,0.0,3.639108657836914,5.37502384185791,0.0,0.940269947052002,0.0,0.0,11.294800758361816,7.210261821746826,0.5354369878768921,0.0,3.4304847717285156,0.0,3.865872621536255,4.459738254547119,7.4431328773498535,0.0,2.939883232116699,4.2818827629089355
0.0,0.0,0.0,5.513483047485352,4.326243877410889,4.472776412963867,0.0,3.6697378158569336,0.0,2.0652856826782227,1.888435959815979,10.205445289611816,5.297749996185303,1.7899364233016968,0.0,3.639108657836914,5.37502384185791,0.0,0.940269947052002,0.0,0.0,11.294800758361816,7.210261821746826,0.5354369878768921,0.0,3.4304847717285156,0.0,3.865872621536255,4.459738254547119,7.4431328773498535,0.0,2.939883232116699,4.2818827629089355
0.0,0.0,0.0,5.513483047485352,4.326243877410889,4.472776412963867,0.0,3.6697378158569336,0.0,2.0652856826782227,1.888435959815979,10.205445289611816,5.297749996185303,1.7899364233016968,0.0,3.639108657836914,5.37502384185791,0.0,0.940269947052002,0.0,0.0,11.294800758361816,7.210261821746826,0.5354369878768921,0.0,3.4304847717285156,0.0,3.865872621536255,4.459738254547119,7.4431328773498535,0.0,2.939883232116699,4.2818827629089355
0.0,0.0,0.0,5.513483047485352,4.326243877410889,4.472776412963867,0.0,3.6697378158569336,0.0,2.0652856826782227,1.888435959815979,10.205445289611816,5.297749996185303,1.7899364233016968,0.0,3.639108657836914,5.37502384185791,0.0,0.940269947052002,0.0,0.0,11.294800758361816,7.210261821746826,0.5354369878768921,0.0,3.4304847717285156,0.0,3.865872621536255,4.459738254547119,7.4431328773498535,0.0,2.939883232116699,4.2818827629089355
0.0,0.0,0.0,5.513483047485352,4.326243877410889,4.472776412963867,0.0,3.6697378158569336,0.0,2.0652856826782227,1.888435959815979,10.205445289611816,5.297749996185303,1.7899364233016968,0.0,3.639108657836914,5.37502384185791,0.0,0.940269947052002,0.0,0.0,11.294800758361816,7.210261821746826,0.5354369878768921,0.0,3.4304847717285156,0.0,3.865872621536255,4.459738254547119,7.4431328773498535,0.0,2.939883232116699,4.2818827629089355
0.0,0.0,0.0,5.513483047485352,4.326243877410889,4.472776412963867,0.0,3.6697378158569336,0.0,2.0652856826782227,1.888435959815979,10.205445289611816,5.297749996185303,1.7899364233016968,0.0,3.639108657836914,5.37502384185791,0.0,0.940269947052002,0.0,0.0,11.294800758361816,7.210261821746826,0.5354369878768921,0.0,3.4304847717285156,0.0,3.865872621536255,4.459738254547119,7.4431328773498535,0.0,2.939883232116699,4.2818827629089355
0.0,0.0,0.0,5.513483047485352,4.326243877410889,4.472776412963867,0.0,3.6697378158569336,0.0,2.0652856826782227,1.888435959815979,10.205445289611816,5.297749996185303,1.7899364233016968,0.0,3.639108657836914,5.37502384185791,0.0,0.940269947052002,0.0,0.0,11.294800758361816,7.210261821746826,0.5354369878768921,0.0,3.4304847717285156,0.0,3.865872621536255,4.459738254547119,7.4431328773498535,0.0,2.939883232116699,4.2818827629089355
0.0,0.0,0.0,5.513483047485352,4.326243877410889,4.472776412963867,0.0,3.6697378158569336,0.0,2.0652856826782227,1.888435959815979,10.205445289611816,5.297749996185303,1.7899364233016968,0.0,3.639108657836914,5.37502384185791,0.0,0.940269947052002,0.0,0.0,11.294800758361816,7.210261821746826,0.5354369878768921,0.0,3.4304847717285156,0.0,3.865872621536255,4.459738254547119,7.4431328773498535,0.0,2.939883232116699,4.2818827629089355
0.0,0.0,0.0,5.513483047485352,4.326243877410889,4.472776412963867,0.0,3.6697378158569336,0.0,2.0652856826782227,1.888435959815979,10.205445289611816,5.297749996185303,1.7899364233016968,0.0,3.639108657836914,5.37502384185791,0.0,0.940269947052002,0.0,0.0,11.294800758361816,7.210261821746826,0.5354369878768921,0.0,3.4304847717285156,0.0,3.865872621536255,4.459738254547119,7.4431328773498535,0.0,2.939883232116699,4.2818827629089355
0.0,0.0,0.0,5.513483047485352,4.326243877410889,4.472776412963867,0.0,3.6697378158569336,0.0,2.0652856826782227,1.888435959815979,10.205445289611816,5.297749996185303,1.7899364233016968,0.0,3.639108657836914,5.37502384185791,0.0,0.940269947052002,0.0,0.0,11.294800758361816,7.210261821746826,0.5354369878768921,0.0,3.4304847717285156,0.0,3.865872621536255,4.459738254547119,7.4431328773498535,0.0,2.939883232116699,4.2818827629089355
0.0,0.0,0.0,5.513483047485352,4.326243877410889,4.472776412963867,0.0,3.6697378158569336,0.0,2.0652856826782227,1.888435959815979,10.205445289611816,5.297749996185303,1.7899364233016968,0.0,3.639108657836914,5.37502384185791,0.0,0.940269947052002,0.0,0.0,11.294800758361816,7.210261821746826,0.5354369878768921,0.0,3.4304847717285156,0.0,3.865872621536255,4.459738254547119,7.4431328773498535,0.0,2.939883232116699,4.2818827629089355
0.0,0.0,0.0,5.513483047485352,4.326243877410889,4.472776412963867,0.0,3.6697378158569336,0.0,2.0652856826782227,1.888435959815979,10.205445289611816,5.297749996185303,1.7899364233016968,0.0,3.639108657836914,5.37502384185791,0.0,0.940269947052002,0.0,0.0,11.294800758361816,7.210261821746826,0.5354369878768921,0.0,3.4304847717285156,0.0,3.865872621536255,4.459738254547119,7.4431328773498535,0.0,2.939883232116699,4.2818827629089355
0.0,0.0,0.0,5.513483047485352,4.326243877410889,4.472776412963867,0.0,3.6697378158569336,0.0,2.0652856826782227,1.888435959815979,10.205445289611816,5.297749996185303,1.7899364233016968,0.0,3.639108657836914,5.37502384185791,0.0,0.940269947052002,0.0,0.0,11.294800758361816,7.210261821746826,0.5354369878768921,0.0,3.4304847717285156,0.0,3.865872621536255,4.459738254547119,7.4431328773498535,0.0,2.939883232116699,4.2818827629089355
0.0,0.0,0.0,5.513483047485352,4.326243877410889,4.472776412963867,0.0,3.6697378158569336,0.0,2.0652856826782227,1.888435959815979,10.205445289611816,5.297749996185303,1.7899364233016968,0.0,3.639108657836914,5.37502384185791,0.0,0.940269947052002,0.0,0.0,11.294800758361816,7.210261821746826,0.5354369878768921,0.0,3.4304847717285156,0.0,3.865872621536255,4.459738254547119,7.4431328773498535,0.0,2.939883232116699,4.2818827629089355
0.0,0.0,0.0,5.513483047485352,4.326243877410889,4.472776412963867,0.0,3.6697378158569336,0.0,2.0652856826782227,1.888435959815979,10.205445289611816,5.297749996185303,1.7899364233016968,0.0,3.639108657836914,5.37502384185791,0.0,0.940269947052002,0.0,0.0,11.294800758361816,7.210261821746826,0.5354369878768921,0.0,3.4304847717285156,0.0,3.865872621536255,4.459738254547119,7.4431328773498535,0.0,2.939883232116699,4.2818827629089355
0.0,0.0,0.0,5.513483047485352,4.326243877410889,4.472776412963867,0.0,3.6697378158569336,0.0,2.0652856826782227,1.888435959815979,10.205445289611816,5.297749996185303,1.7899364233016968,0.0,3.639108657836914,5.37502384185791,0.0,0.940269947052002,0.0,0.0,11.294800758361816,7.210261821746826,0.5354369878768921,0.0,3.4304847717285156,0.0,3.865872621536255,4.459738254547119,7.4431328773498535,0.0,2.939883232116699,4.2818827629089355
0.0,0.0,0.0,5.513483047485352,4.326243877410889,4.472776412963867,0.0,3.6697378158569336,0.0,2.0652856826782227,1.888435959815979,10.205445289611816,5.297749996185303,1.7899364233016968,0.0,3.639108657836914,5.37502384185791,0.0,0.940269947052002,0.0,0.0,11.294800758361816,7.210261821746826,0.5354369878768921,0.0,3.4304847717285156,0.0,3.865872621536255,4.459738254547119,7.4431328773498535,0.0,2.939883232116699,4.2818827629089355
0.0,6.300291061401367,0.0,7.586051940917969,9.669724464416504,1.2706243991851807,0.0,11.508881568908691,0.0,4.1231794357299805,4.1584320068359375,15.389122009277344,4.568564414978027,2.106041669845581,5.716714382171631,3.3127291202545166,2.8833656311035156,4.261504173278809,9.142731666564941,1.16335129737854,5.113801956176758,16.563289642333984,8.821124076843262,9.320429801940918,6.373198509216309,4.908369541168213,5.59716796875,2.6569302082061768,3.885239362716675,13.198257446289062,0.0,5.838011264801025,9.785847663879395
0.0,6.300291061401367,0.0,7.586051940917969,9.669724464416504,1.2706243991851807,0.0,11.508881568908691,0.0,4.1231794357299805,4.1584320068359375,15.389122009277344,4.568564414978027,2.106041669845581,5.716714382171631,3.3127291202545166,2.8833656311035156,4.261504173278809,9.142731666564941,1.16335129737854,5.113801956176758,16.563289642333984,8.821124076843262,9.320429801940918,6.373198509216309,4.908369541168213,5.59716796875,2.6569302082061768,3.885239362716675,13.198257446289062,0.0,5.838011264801025,9.785847663879395
0.0,6.300291061401367,0.0,7.586051940917969,9.669724464416504,1.2706243991851807,0.0,11.508881568908691,0.0,4.1231794357299805,4.1584320068359375,15.389122009277344,4.568564414978027,2.106041669845581,5.716714382171631,3.3127291202545166,2.8833656311035156,4.261504173278809,9.142731666564941,1.16335129737854,5.113801956176758,16.563289642333984,8.821124076843262,9.320429801940918,6.373198509216309,4.908369541168213,5.59716796875,2.6569302082061768,3.885239362716675,13.198257446289062,0.0,5.838011264801025,9.785847663879395
0.0,6.300291061401367,0.0,7.586051940917969,9.669724464416504,1.2706243991851807,0.0,11.508881568908691,0.0,4.1231794357299805,4.1584320068359375,15.389122009277344,4.568564414978027,2.106041669845581,5.716714382171631,3.3127291202545166,2.8833656311035156,4.261504173278809,9.142731666564941,1.16335129737854,5.113801956176758,16.563289642333984,8.821124076843262,9.320429801940918,6.373198509216309,4.908369541168213,5.59716796875,2.6569302082061768,3.885239362716675,13.198257446289062,0.0,5.838011264801025,9.785847663879395
0.0,6.300291061401367,0.0,7.586051940917969,9.669724464416504,1.2706243991851807,0.0,11.508881568908691,0.0,4.1231794357299805,4.1584320068359375,15.389122009277344,4.568564414978027,2.106041669845581,5.716714382171631,3.3127291202545166,2.8833656311035156,4.261504173278809,9.142731666564941,1.16335129737854,5.113801956176758,16.563289642333984,8.821124076843262,9.320429801940918,6.373198509216309,4.908369541168213,5.59716796875,2.6569302082061768,3.885239362716675,13.198257446289062,0.0,5.838011264801025,9.785847663879395
0.0,6.300291061401367,0.0,7.586051940917969,9.669724464416504,1.2706243991851807,0.0,11.508881568908691,0.0,4.1231794357299805,4.1584320068359375,15.389122009277344,4.568564414978027,2.106041669845581,5.716714382171631,3.3127291202545166,2.8833656311035156,4.261504173278809,9.142731666564941,1.16335129737854,5.113801956176758,16.563289642333984,8.821124076843262,9.320429801940918,6.373198509216309,4.908369541168213,5.59716796875,2.6569302082061768,3.885239362716675,13.198257446289062,0.0,5.838011264801025,9.785847663879395
0.0,6.300291061401367,0.0,7.586051940917969,9.669724464416504,1.2706243991851807,0.0,11.508881568908691,0.0,4.1231794357299805,4.1584320068359375,15.389122009277344,4.568564414978027,2.106041669845581,5.716714382171631,3.3127291202545166,2.8833656311035156,4.261504173278809,9.142731666564941,1.16335129737854,5.113801956176758,16.563289642333984,8.821124076843262,9.320429801940918,6.373198509216309,4.908369541168213,5.59716796875,2.6569302082061768,3.885239362716675,13.198257446289062,0.0,5.838011264801025,9.785847663879395
0.0,6.300291061401367,0.0,7.586051940917969,9.669724464416504,1.2706243991851807,0.0,11.508881568908691,0.0,4.1231794357299805,4.1584320068359375,15.389122009277344,4.568564414978027,2.106041669845581,5.716714382171631,3.3127291202545166,2.8833656311035156,4.261504173278809,9.142731666564941,1.16335129737854,5.113801956176758,16.563289642333984,8.821124076843262,9.320429801940918,6.373198509216309,4.908369541168213,5.59716796875,2.6569302082061768,3.885239362716675,13.198257446289062,0.0,5.838011264801025,9.785847663879395
0.0,6.300291061401367,0.0,7.586051940917969,9.669724464416504,1.2706243991851807,0.0,11.508881568908691,0.0,4.1231794357299805,4.1584320068359375,15.389122009277344,4.568564414978027,2.106041669845581,5.716714382171631,3.3127291202545166,2.8833656311035156,4.261504173278809,9.142731666564941,1.16335129737854,5.113801956176758,16.563289642333984,8.821124076843262,9.320429801940918,6.373198509216309,4.908369541168213,5.59716796875,2.6569302082061768,3.885239362716675,13.198257446289062,0.0,5.838011264801025,9.785847663879395
0.0,6.300291061401367,0.0,7.586051940917969,9.669724464416504,1.2706243991851807,0.0,11.508881568908691,0.0,4.1231794357299805,4.1584320068359375,15.389122009277344,4.568564414978027,2.106041669845581,5.716714382171631,3.3127291202545166,2.8833656311035156,4.261504173278809,9.142731666564941,1.16335129737854,5.113801956176758,16.563289642333984,8.821124076843262,9.320429801940918,6.373198509216309,4.908369541168213,5.59716796875,2.6569302082061768,3.885239362716675,13.198257446289062,0.0,5.838011264801025,9.785847663879395
0.0,6.300291061401367,0.0,7.586051940917969,9.669724464416504,1.2706243991851807,0.0,11.508881568908691,0.0,4.1231794357299805,4.1584320068359375,15.389122009277344,4.568564414978027,2.106041669845581,5.716714382171631,3.3127291202545166,2.8833656311035156,4.261504173278809,9.142731666564941,1.16335129737854,5.113801956176758,16.563289642333984,8.821124076843262,9.320429801940918,6.373198509216309,4.908369541168213,5.59716796875,2.6569302082061768,3.885239362716675,13.198257446289062,0.0,5.838011264801025,9.785847663879395
0.0,6.300291061401367,0.0,7.586051940917969,9.669724464416504,1.2706243991851807,0.0,11.508881568908691,0.0,4.1231794357299805,4.1584320068359375,15.389122009277344,4.568564414978027,2.106041669845581,5.716714382171631,3.3127291202545166,2.8833656311035156,4.261504173278809,9.142731666564941,1.16335129737854,5.113801956176758,16.563289642333984,8.821124076843262,9.320429801940918,6.373198509216309,4.908369541168213,5.59716796875,2.6569302082061768,3.885239362716675,13.198257446289062,0.0,5.838011264801025,9.785847663879395
0.0,6.300291061401367,0.0,7.586051940917969,9.669724464416504,1.2706243991851807,0.0,11.508881568908691,0.0,4.1231794357299805,4.1584320068359375,15.389122009277344,4.568564414978027,2.106041669845581,5.716714382171631,3.3127291202545166,2.8833656311035156,4.261504173278809,9.142731666564941,1.16335129737854,5.113801956176758,16.563289642333984,8.821124076843262,9.320429801940918,6.373198509216309,4.908369541168213,5.59716796875,2.6569302082061768,3.885239362716675,13.198257446289062,0.0,5.838011264801025,9.785847663879395
0.0,6.300291061401367,0.0,7.586051940917969,9.669724464416504,1.2706243991851807,0.0,11.508881568908691,0.0,4.1231794357299805,4.1584320068359375,15.389122009277344,4.568564414978027,2.106041669845581,5.716714382171631,3.3127291202545166,2.8833656311035156,4.261504173278809,9.142731666564941,1.16335129737854,5.113801956176758,16.563289642333984,8.821124076843262,9.320429801940918,6.373198509216309,4.908369541168213,5.59716796875,2.6569302082061768,3.885239362716675,13.198257446289062,0.0,5.838011264801025,9.785847663879395
0.0,6.300291061401367,0.0,7.586051940917969,9.669724464416504,1.2706243991851807,0.0,11.508881568908691,0.0,4.1231794357299805,4.1584320068359375,15.389122009277344,4.568564414978027,2.106041669845581,5.716714382171631,3.3127291202545166,2.8833656311035156,4.261504173278809,9.142731666564941,1.16335129737854,5.113801956176758,16.563289642333984,8.821124076843262,9.320429801940918,6.373198509216309,4.908369541168213,5.59716796875,2.6569302082061768,3.885239362716675,13.198257446289062,0.0,5.838011264801025,9.785847663879395
0.0,6.300291061401367,0.0,7.586051940917969,9.669724464416504,1.2706243991851807,0.0,11.508881568908691,0.0,4.1231794357299805,4.1584320068359375,15.389122009277344,4.568564414978027,2.106041669845581,5.716714382171631,3.3127291202545166,2.8833656311035156,4.261504173278809,9.142731666564941,1.16335129737854,5.113801956176758,16.563289642333984,8.821124076843262,9.320429801940918,6.373198509216309,4.908369541168213,5.59716796875,2.6569302082061768,3.885239362716675,13.198257446289062,0.0,5.838011264801025,9.785847663879395
0.0,6.300291061401367,0.0,7.586051940917969,9.669724464416504,1.2706243991851807,0.0,11.508881568908691,0.0,4.1231794357299805,4.1584320068359375,15.389122009277344,4.568564414978027,2.106041669845581,5.716714382171631,3.3127291202545166,2.8833656311035156,4.261504173278809,9.142731666564941,1.16335129737854,5.113801956176758,16.563289642333984,8.821124076843262,9.320429801940918,6.373198509216309,4.908369541168213,5.59716796875,2.6569302082061768,3.885239362716675,13.198257446289062,0.0,5.838011264801025,9.785847663879395
0.0,6.300291061401367,0.0,7.586051940917969,9.669724464416504,1.2706243991851807,0.0,11.508881568908691,0.0,4.1231794357299805,4.1584320068359375,15.389122009277344,4.568564414978027,2.106041669845581,5.716714382171631,3.3127291202545166,2.8833656311035156,4.261504173278809,9.142731666564941,1.16335129737854,5.113801956176758,16.563289642333984,8.821124076843262,9.320429801940918,6.373198509216309,4.908369541168213,5.59716796875,2.6569302082061768,3.885239362716675,13.198257446289062,0.0,5.838011264801025,9.785847663879395
0.0,6.300291061401367,0.0,7.586051940917969,9.669724464416504,1.2706243991851807,0.0,11.508881568908691,0.0,4.1231794357299805,4.1584320068359375,15.389122009277344,4.568564414978027,2.106041669845581,5.716714382171631,3.3127291202545166,2.8833656311035156,4.261504173278809,9.142731666564941,1.16335129737854,5.113801956176758,16.563289642333984,8.821124076843262,9.320429801940918,6.373198509216309,4.908369541168213,5.59716796875,2.6569302082061768,3.885239362716675,13.198257446289062,0.0,5.838011264801025,9.785847663879395
0.0,6.300291061401367,0.0,7.586051940917969,9.669724464416504,1.2706243991851807,0.0,11.508881568908691,0.0,4.1231794357299805,4.1584320068359375,15.389122009277344,4.568564414978027,2.106041669845581,5.716714382171631,3.3127291202545166,2.8833656311035156,4.261504173278809,9.142731666564941,1.16335129737854,5.113801956176758,16.563289642333984,8.821124076843262,9.320429801940918,6.373198509216309,4.908369541168213,5.59716796875,2.6569302082061768,3.885239362716675,13.198257446289062,0.0,5.838011264801025,9.785847663879395
