0.5,0.5,0.5,0.5,0.5,0.5,0.18519,0.4,0.26667,0.0,0.5,0.0,0.0,0.68,0.12,0.96651,0.0,1.0,1.0,1.0,1.0,0.5,1.0,0.76666,1.0,0.25,0.83861,0.72207,0.0,0.0,0.93087,1.0,0.5,0.8,1.0,1.0,0.5,0.5,0.5,1.0,1.0,0.5,0.5,0.5,0.0,0.0,1.0,1.0,1.0,1.0,1.0,0.2,0.4,1.0,1.0,1.0,1.0,0.0,0.5
0.0,0.5,0.0,0.5,0.2,0.5,0.14368,0.2,0.3,0.0,0.5,0.0,1.0,0.72,0.12,0.0,0.8779,1.0,0.4,1.0,1.0,1.0,0.0,0.76437,1.0,0.25,0.67409,0.5084,0.0,0.0,0.7836,1.0,1.0,0.8,1.0,1.0,0.5,0.5,0.5,1.0,1.0,0.5,0.5,0.5,0.0,0.0,1.0,1.0,1.0,1.0,1.0,0.2,0.4,1.0,0.0,1.0,1.0,1.0,1.0
0.0,0.5,0.0,0.5,0.2,0.5,0.10411,0.2,0.33333,0.0,0.5,0.0,1.0,0.64,0.12,0.0,0.90602,1.0,0.4,1.0,1.0,1.0,0.0,0.6357,0.90815,0.25,0.81332,0.68537,0.0,1.0,1.0,1.0,0.5,0.8,1.0,1.0,0.5,0.5,0.5,1.0,1.0,0.5,0.5,0.5,0.0,0.0,1.0,1.0,1.0,1.0,1.0,0.2,0.4,1.0,1.0,1.0,1.0,0.0,1.0
0.5,0.5,0.5,0.5,0.5,0.5,0.2,0.6,0.03333,0.0,0.5,0.0,0.0,0.2,0.0,0.5,0.5,0.5,0.5,0.5,0.5,0.5,0.5,0.0,0.0,0.75,1.0,1.0,1.0,0.0,0.0,0.5,0.5,0.8,1.0,1.0,0.5,0.5,0.5,1.0,1.0,0.5,0.5,0.5,0.5,0.5,1.0,0.5,0.5,0.5,0.5,0.2,0.6,0.66667,1.0,1.0,1.0,0.5,0.5
0.0,0.0,0.0,0.0,0.2,0.2,0.0,0.2,0.33333,0.0,0.5,0.0,0.0,0.16,0.16,0.0,0.98944,1.0,1.0,0.9,1.0,0.8,1.0,0.78777,1.0,0.25,0.0,0.0,0.0,0.0,0.54373,1.0,0.75,1.0,1.0,1.0,0.5,0.5,0.5,1.0,1.0,0.5,0.5,0.5,0.0,0.0,1.0,1.0,1.0,0.5,0.5,1.0,0.0,0.0,1.0,1.0,1.0,0.0,1.0
0.5,0.5,0.5,0.5,0.5,0.5,0.0,0.2,0.96667,0.0,0.5,0.0,0.0,0.08,0.24,0.0,0.9987,1.0,1.0,0.9,1.0,0.5,0.0,0.8389,1.0,0.25,0.0,0.0,0.0,0.0,0.71141,1.0,0.5,0.0,1.0,1.0,0.5,0.5,0.5,1.0,1.0,0.5,0.5,0.5,0.0,0.0,1.0,1.0,1.0,0.5,0.5,1.0,0.2,0.0,1.0,1.0,1.0,0.0,0.5
0.5,0.5,0.5,0.5,0.5,0.5,0.0,0.4,0.43333,0.0,0.5,0.0,0.0,0.08,0.24,0.0,0.98638,1.0,1.0,0.9,1.0,0.5,1.0,0.81732,1.0,0.25,0.0,0.0,0.33333,0.0,0.72901,1.0,0.5,0.0,1.0,1.0,0.5,0.5,0.5,1.0,1.0,0.5,0.5,0.5,0.0,0.0,1.0,1.0,1.0,0.5,0.5,1.0,0.2,0.0,1.0,1.0,1.0,0.0,0.5
0.0,1.0,1.0,1.0,0.4,0.4,0.0,0.4,0.5,0.0,0.5,0.0,0.0,0.08,0.24,0.0,0.98993,1.0,1.0,0.9,1.0,1.0,1.0,0.81732,1.0,0.25,0.0,0.0,0.33333,0.0,0.73003,1.0,1.0,0.0,1.0,1.0,0.5,0.5,0.5,1.0,1.0,0.5,0.5,0.5,0.0,0.0,1.0,1.0,1.0,0.5,0.5,1.0,0.2,0.0,1.0,1.0,1.0,0.0,1.0
0.0,0.0,0.0,0.0,0.4,0.4,0.0,0.4,0.8,0.0,0.5,0.0,0.0,0.08,0.24,0.0,0.99822,1.0,1.0,0.9,0.9,1.0,1.0,0.81733,1.0,0.25,0.0,0.0,0.33333,0.0,0.73152,0.5,1.0,0.0,1.0,1.0,0.5,0.5,0.5,1.0,1.0,0.5,0.5,0.5,0.0,0.0,1.0,1.0,1.0,0.5,0.5,1.0,0.2,0.0,1.0,1.0,1.0,0.0,1.0
0.0,1.0,0.0,1.0,0.4,0.4,0.0,0.4,0.86667,0.0,0.5,0.0,0.0,0.08,0.24,0.0,0.99883,1.0,1.0,0.9,0.9,1.0,1.0,0.81733,1.0,0.25,0.0,0.0,0.33333,0.0,0.7316,0.5,1.0,0.0,1.0,1.0,0.5,0.5,0.5,1.0,1.0,0.5,0.5,0.5,0.0,0.0,1.0,1.0,1.0,0.5,0.5,1.0,0.2,0.0,1.0,1.0,1.0,0.0,1.0
1.0,0.5,1.0,0.5,0.4,0.5,0.0,0.4,0.9,0.0,0.5,0.0,1.0,0.08,0.24,0.0,0.99905,1.0,1.0,0.9,1.0,1.0,1.0,0.81733,1.0,0.25,0.0,0.0,0.33333,0.0,0.73162,1.0,1.0,0.0,1.0,1.0,0.5,0.5,0.5,1.0,1.0,0.5,0.5,0.5,0.0,0.0,1.0,1.0,1.0,0.5,0.5,1.0,0.2,0.0,1.0,1.0,1.0,0.0,1.0
0.0,0.5,1.0,0.5,0.4,0.5,0.0,0.4,0.93333,0.0,0.5,0.0,1.0,0.08,0.24,0.0,0.99923,1.0,1.0,0.9,1.0,1.0,1.0,0.81733,1.0,0.25,0.0,0.0,0.33333,0.0,0.73165,1.0,1.0,0.0,1.0,1.0,0.5,0.5,0.5,1.0,1.0,0.5,0.5,0.5,0.0,0.0,1.0,1.0,1.0,0.5,0.5,1.0,0.2,0.0,1.0,1.0,1.0,0.0,1.0
0.0,0.0,0.0,0.0,0.4,0.4,0.0,0.4,1.0,0.0,0.5,0.0,0.0,0.08,0.24,0.0,0.99949,1.0,1.0,0.9,1.0,1.0,1.0,0.81733,1.0,0.25,0.0,0.0,0.33333,0.0,0.73168,1.0,1.0,0.0,1.0,1.0,0.5,0.5,0.5,1.0,1.0,0.5,0.5,0.5,0.0,0.0,1.0,1.0,1.0,0.5,0.5,1.0,0.2,0.0,1.0,1.0,1.0,0.0,1.0
0.5,0.5,0.5,0.5,0.5,0.5,0.2,0.6,0.03333,0.0,0.5,0.0,0.0,0.2,0.0,0.5,0.5,0.5,0.5,0.5,0.5,0.5,0.5,0.0,0.0,0.75,1.0,1.0,1.0,0.0,0.0,0.5,0.5,0.8,1.0,1.0,0.5,0.5,0.5,1.0,1.0,0.5,0.5,0.5,0.5,0.5,1.0,0.5,0.5,0.5,0.5,0.2,0.6,0.66667,1.0,1.0,1.0,0.5,0.5
0.5,0.5,0.5,0.5,0.5,0.5,0.2,0.6,0.03333,0.0,0.5,0.0,0.0,0.2,0.0,0.5,0.5,0.5,0.5,0.5,0.5,0.5,0.5,0.0,0.0,0.75,1.0,1.0,1.0,0.0,0.0,0.5,0.5,0.8,1.0,1.0,0.5,0.5,0.5,1.0,1.0,0.5,0.5,0.5,0.5,0.5,1.0,0.5,0.5,0.5,0.5,0.2,0.6,0.66667,1.0,1.0,1.0,0.5,0.5
0.0,0.0,0.0,0.0,0.4,0.4,0.17589,0.4,0.1,0.0,0.5,0.0,0.0,0.52,0.08,0.37509,0.0,0.4,1.0,0.9,1.0,0.6,0.0,0.44409,0.63442,0.0,1.0,0.93573,0.5,0.0,0.90418,0.75,0.25,0.8,1.0,1.0,0.5,0.5,0.5,1.0,1.0,0.5,0.5,0.5,0.0,0.0,1.0,1.0,1.0,0.5,0.5,0.4,0.4,0.5,0.0,1.0,1.0,0.5,1.0
0.5,0.5,0.5,0.5,0.5,0.5,0.17081,0.2,0.1,0.0,0.5,0.0,0.0,0.36,0.08,0.42319,0.0,0.8,1.0,0.9,1.0,0.5,1.0,0.8599,1.0,0.25,0.89841,0.80913,0.0,0.0,1.0,1.0,0.5,0.0,0.6,0.57038,0.48321,0.5,0.09664,1.0,1.0,0.5,0.5,0.5,0.0,0.0,1.0,1.0,1.0,0.5,0.5,1.0,0.2,0.0,1.0,1.0,1.0,0.0,0.5
1.0,0.5,1.0,0.5,0.4,0.5,0.18495,0.4,0.13333,0.0,0.5,0.0,1.0,0.4,0.08,0.79613,0.0,1.0,0.8,0.9,1.0,1.0,0.0,0.85563,1.0,0.25,0.97274,0.89478,0.5,0.0,1.0,1.0,1.0,0.4,1.0,1.0,0.5,0.5,0.5,1.0,1.0,0.5,0.5,0.5,0.0,0.0,1.0,1.0,1.0,0.5,0.5,0.6,0.6,1.0,1.0,1.0,1.0,0.0,1.0
0.0,0.5,0.0,0.5,0.2,0.5,0.17726,0.2,0.16667,0.0,0.5,0.0,1.0,0.44,0.08,0.88697,0.0,0.8,1.0,0.9,1.0,0.8,0.0,0.67874,0.96963,0.0,0.92209,0.85147,0.0,0.0,1.0,1.0,1.0,0.7,1.0,1.0,0.5,0.5,0.5,1.0,1.0,0.5,0.5,0.5,0.0,0.0,1.0,1.0,1.0,0.5,0.5,0.3,0.6,1.0,1.0,1.0,1.0,1.0,1.0
0.0,0.5,0.0,0.5,0.2,0.5,0.1484,0.2,0.2,0.0,0.5,0.0,1.0,0.52,0.08,0.96303,0.0,1.0,1.0,0.9,1.0,1.0,0.0,0.6397,0.91385,0.0,0.79519,0.68244,0.0,0.0,1.0,1.0,1.0,0.8,1.0,1.0,0.5,0.5,0.5,1.0,1.0,0.5,0.5,0.5,0.0,0.0,1.0,1.0,1.0,0.5,0.5,0.2,0.6,1.0,0.0,1.0,1.0,1.0,1.0
0.0,0.0,0.0,0.0,0.2,0.2,0.10093,0.2,0.43333,0.0,0.5,0.0,0.0,0.44,0.08,0.99512,0.0,1.0,1.0,0.9,1.0,1.0,1.0,0.74538,1.0,0.0,0.50103,0.38478,0.0,0.0,0.96845,1.0,1.0,0.8,1.0,1.0,0.5,0.5,0.5,1.0,1.0,0.5,0.5,0.5,0.0,0.0,1.0,1.0,1.0,0.5,0.5,1.0,0.2,0.0,1.0,1.0,1.0,1.0,1.0
0.5,0.5,0.5,0.5,0.5,0.5,0.17081,0.2,0.1,0.0,0.5,0.0,0.0,0.36,0.08,0.42319,0.0,0.8,1.0,0.9,1.0,0.5,1.0,0.8599,1.0,0.25,0.89841,0.80913,0.0,0.0,1.0,1.0,0.5,0.0,0.6,0.57038,0.48321,0.5,0.09664,1.0,1.0,0.5,0.5,0.5,0.0,0.0,1.0,1.0,1.0,0.5,0.5,1.0,0.2,0.0,1.0,1.0,1.0,0.0,0.5
0.0,0.0,0.0,0.0,0.2,0.2,0.0034,0.4,0.4,0.0,0.5,0.0,0.0,0.16,0.16,0.0,0.99898,1.0,1.0,0.9,1.0,1.0,1.0,0.79502,1.0,0.5,0.01639,0.00826,0.0,0.0,1.0,1.0,0.75,0.0,1.0,1.0,0.5,0.5,0.5,1.0,1.0,0.5,0.5,0.5,0.0,0.0,1.0,1.0,1.0,0.5,0.5,1.0,0.2,0.0,1.0,1.0,1.0,0.0,1.0
0.5,0.5,0.5,0.5,0.5,0.5,0.11933,0.2,0.3,0.0,0.5,0.0,0.0,0.72,0.08,0.7927,0.0,0.4,1.0,0.6,1.0,0.5,0.0,0.7162,1.0,0.25,0.66193,0.49469,0.0,0.0,0.98252,0.5,0.5,0.8,1.0,1.0,0.5,0.5,0.5,1.0,1.0,0.5,0.5,0.5,0.0,0.0,1.0,1.0,1.0,0.34824,0.55333,1.0,0.2,0.0,1.0,0.0,1.0,1.0,0.5
0.0,0.0,0.0,0.0,0.2,0.2,0.02591,0.2,0.73333,0.0,0.5,0.0,0.0,0.32,0.12,0.0,0.998,1.0,1.0,0.7,1.0,1.0,0.0,0.72486,1.0,0.25,0.15774,0.08562,0.0,0.0,0.91989,0.5,1.0,0.8,1.0,1.0,0.5,1.0,0.5,1.0,1.0,0.5,0.5,0.5,0.0,0.0,1.0,1.0,1.0,0.0,0.152,1.0,0.2,0.0,1.0,0.0,1.0,0.0,0.5
0.0,0.5,0.0,0.5,0.2,0.5,0.02361,0.2,0.76667,0.0,0.5,0.0,1.0,0.32,0.12,0.0,0.9978,1.0,1.0,0.7,1.0,1.0,1.0,0.72884,1.0,0.25,0.14191,0.07638,0.0,0.0,0.91997,1.0,1.0,0.8,1.0,1.0,0.5,1.0,0.5,1.0,1.0,0.5,0.5,0.5,0.0,0.0,1.0,1.0,1.0,0.0,0.152,1.0,0.2,0.0,1.0,0.0,1.0,0.0,0.5
0.0,0.0,0.0,0.0,0.2,0.2,0.01796,0.2,0.86667,0.0,0.5,0.0,0.0,0.36,0.12,0.0,0.99746,1.0,1.0,0.7,1.0,1.0,0.0,0.71835,1.0,0.25,0.11381,0.06034,0.0,0.0,0.92025,1.0,1.0,0.8,1.0,1.0,0.5,1.0,0.5,1.0,1.0,0.5,0.5,0.5,0.0,0.0,1.0,1.0,1.0,0.0,0.152,1.0,0.2,0.0,1.0,0.0,1.0,0.0,0.75
0.0,0.0,0.0,0.0,0.2,0.2,0.01485,0.2,0.93333,0.0,0.5,0.0,0.0,0.32,0.12,0.0,0.998,1.0,1.0,0.7,1.0,1.0,1.0,0.72955,1.0,0.25,0.0902,0.04723,0.0,0.0,0.92035,0.5,1.0,0.8,1.0,1.0,0.5,1.0,0.5,1.0,1.0,0.5,0.5,0.5,0.0,0.0,1.0,1.0,1.0,0.0,0.152,1.0,0.2,0.0,1.0,0.0,1.0,0.0,0.75
0.0,0.0,0.0,0.0,0.2,0.2,0.01117,0.2,0.0,0.96774,0.5,0.0,0.0,0.28,0.12,0.0,0.99839,1.0,1.0,0.7,1.0,1.0,0.0,0.6873,0.98186,0.25,0.08304,0.04332,0.0,0.0,0.92044,0.5,1.0,0.8,1.0,1.0,0.5,1.0,0.5,1.0,1.0,0.5,0.5,0.5,0.0,0.0,1.0,1.0,1.0,0.0,0.152,1.0,0.2,0.0,1.0,0.0,1.0,0.0,0.75
0.0,0.5,0.0,0.5,0.2,0.5,0.01014,0.2,0.0,0.9375,0.5,0.0,1.0,0.28,0.12,0.0,0.99861,1.0,1.0,0.7,1.0,1.0,1.0,0.68755,0.98221,0.25,0.07544,0.0392,0.0,0.0,0.92045,1.0,1.0,0.8,1.0,1.0,0.5,1.0,0.5,1.0,1.0,0.5,0.5,0.5,0.0,0.0,1.0,1.0,1.0,0.0,0.152,1.0,0.2,0.0,1.0,0.0,1.0,0.0,0.5
0.0,0.5,0.0,0.5,0.2,0.5,0.00919,0.2,0.0,0.90909,0.5,0.0,1.0,0.28,0.12,0.0,0.99868,1.0,1.0,0.7,1.0,1.0,0.0,0.68186,0.97409,0.25,0.07062,0.0366,0.0,0.0,0.92046,1.0,1.0,0.8,1.0,1.0,0.5,1.0,0.5,1.0,1.0,0.5,0.5,0.5,0.0,0.0,1.0,1.0,1.0,0.0,0.152,1.0,0.2,0.0,1.0,0.0,1.0,0.0,0.5
0.0,0.5,0.0,0.5,0.2,0.5,0.00839,0.2,0.0,0.88235,0.5,0.0,1.0,0.28,0.12,0.0,0.99877,1.0,1.0,0.7,1.0,1.0,0.0,0.67385,0.96265,0.25,0.06741,0.03488,0.0,0.0,0.92046,1.0,1.0,0.8,1.0,1.0,0.5,1.0,0.5,1.0,1.0,0.5,0.5,0.5,0.0,0.0,1.0,1.0,1.0,0.0,0.152,1.0,0.2,0.0,1.0,0.0,1.0,0.0,0.5
0.0,0.5,0.0,0.5,0.2,0.5,0.00792,0.2,0.0,0.85714,0.5,0.0,1.0,0.4,0.12,0.0,0.99898,1.0,1.0,0.7,1.0,1.0,1.0,0.70852,1.0,0.25,0.05344,0.02746,0.0,0.0,0.92046,1.0,1.0,0.8,1.0,1.0,0.5,1.0,0.5,1.0,1.0,0.5,0.5,0.5,0.0,0.0,1.0,1.0,1.0,0.0,0.152,1.0,0.2,0.0,1.0,0.0,1.0,0.0,0.5
0.0,0.5,0.0,0.5,0.2,0.5,0.00729,0.2,0.0,0.83333,0.5,0.0,1.0,0.36,0.12,0.0,0.99914,1.0,1.0,0.7,1.0,1.0,0.0,0.68382,0.97688,0.25,0.05564,0.02862,0.0,0.0,0.92047,1.0,1.0,0.8,1.0,1.0,0.5,1.0,0.5,1.0,1.0,0.5,0.5,0.5,0.0,0.0,1.0,1.0,1.0,0.0,0.152,1.0,0.2,0.0,1.0,0.0,1.0,0.0,0.75
0.0,0.5,0.0,0.5,0.2,0.5,0.00666,0.2,0.0,0.81081,0.5,0.0,1.0,0.32,0.12,0.0,0.99921,1.0,1.0,0.7,1.0,1.0,0.0,0.68034,0.97191,0.25,0.05192,0.02665,0.0,0.0,0.92047,1.0,1.0,0.8,1.0,1.0,0.5,1.0,0.5,1.0,1.0,0.5,0.5,0.5,0.0,0.0,1.0,1.0,1.0,0.0,0.152,1.0,0.2,0.0,1.0,0.0,1.0,0.0,0.5
0.0,0.5,0.0,0.5,0.2,0.5,0.00609,0.2,0.0,0.78947,0.5,0.0,1.0,0.28,0.12,0.0,0.99918,1.0,1.0,0.7,1.0,1.0,1.0,0.86269,1.0,0.25,0.02391,0.0121,0.0,0.0,0.8797,1.0,0.5,0.8,1.0,1.0,0.5,1.0,0.5,1.0,1.0,0.5,0.5,0.5,0.0,0.0,1.0,1.0,1.0,0.0,0.152,1.0,0.2,0.0,1.0,0.0,1.0,0.0,0.5
0.0,0.0,0.0,0.0,0.2,0.2,0.00528,0.2,0.0,0.75,0.5,0.0,0.0,0.28,0.08,0.0,0.99939,1.0,1.0,0.7,1.0,1.0,0.0,0.68452,0.97789,0.25,0.04039,0.02061,0.0,0.0,0.92048,1.0,0.5,0.8,1.0,1.0,0.5,1.0,0.5,1.0,1.0,0.5,0.5,0.5,0.0,0.0,1.0,1.0,1.0,0.0,0.152,1.0,0.2,0.0,1.0,0.0,1.0,0.0,0.5
0.5,0.5,0.5,0.5,0.5,0.5,0.28399,1.0,0.23333,0.0,0.5,0.0,0.0,0.64,0.0,0.92886,0.0,1.0,1.0,1.0,1.0,0.5,1.0,0.99215,1.0,0.0,1.0,1.0,1.0,0.0,1.0,0.75,0.5,0.8,1.0,1.0,0.5,0.5,0.5,1.0,1.0,0.5,0.5,0.5,0.0,0.0,1.0,1.0,1.0,0.5,0.5,0.2,0.6,1.0,0.5,1.0,1.0,0.5,0.5
0.0,0.5,0.0,0.5,0.8,0.5,0.24864,0.8,0.26667,0.0,0.5,0.0,1.0,0.64,0.0,0.92258,0.0,1.0,1.0,1.0,1.0,1.0,1.0,0.99264,1.0,0.0,1.0,0.95423,0.5,0.0,0.99202,1.0,1.0,0.8,1.0,1.0,0.5,0.5,0.5,1.0,1.0,0.5,0.5,0.5,0.0,0.0,1.0,1.0,1.0,0.5,0.5,0.2,0.6,1.0,0.0,1.0,1.0,1.0,1.0
0.0,0.5,0.0,0.5,0.8,0.5,0.22374,0.8,0.3,0.0,0.5,0.0,1.0,0.6,0.0,0.95232,0.0,1.0,1.0,1.0,1.0,1.0,0.0,0.967,1.0,0.0,0.94319,0.76061,0.5,0.0,0.95791,1.0,1.0,0.8,1.0,1.0,0.5,0.5,0.5,1.0,1.0,0.5,0.5,0.5,0.0,0.0,1.0,1.0,1.0,0.5,0.5,0.2,0.4,0.5,0.0,1.0,1.0,1.0,1.0
0.0,0.5,0.0,0.5,0.6,0.5,0.18575,0.6,0.33333,0.0,0.5,0.0,1.0,0.52,0.0,0.96249,0.0,1.0,1.0,1.0,1.0,1.0,0.0,0.95877,1.0,0.0,0.77983,0.63736,0.0,0.0,0.94563,1.0,1.0,0.8,1.0,1.0,0.5,0.5,0.5,1.0,1.0,0.5,0.5,0.5,0.0,0.0,1.0,1.0,1.0,0.5,0.5,0.2,0.4,0.5,0.0,1.0,1.0,0.5,1.0
0.0,0.0,0.0,0.0,0.4,0.4,0.10409,0.2,0.5,0.0,0.5,0.0,0.0,0.56,0.0,0.9953,0.0,1.0,1.0,1.0,1.0,0.8,0.0,0.72589,1.0,0.75,0.69605,0.53033,0.0,0.0,0.99901,1.0,0.0,0.8,1.0,1.0,0.5,0.5,0.5,1.0,1.0,0.5,0.5,0.5,0.0,0.0,1.0,1.0,1.0,0.5,0.5,0.2,0.6,1.0,0.0,1.0,1.0,1.0,1.0
0.0,0.0,0.0,0.0,0.2,0.2,0.00175,0.2,0.0,0.9375,0.5,0.0,0.0,0.16,0.08,0.0,0.99791,1.0,1.0,0.9,1.0,0.6,1.0,0.79956,1.0,0.25,0.011,0.00597,0.0,0.0,0.82954,1.0,0.5,0.8,1.0,1.0,0.5,0.5,0.5,1.0,1.0,0.5,0.5,0.5,0.0,0.3923,1.0,1.0,1.0,0.0,0.0,1.0,0.2,0.0,1.0,1.0,1.0,0.0,1.0
0.5,0.5,0.5,0.5,0.5,0.5,0.21255,0.6,0.33333,0.0,0.5,0.0,0.0,0.48,0.0,0.99598,0.0,1.0,1.0,1.0,1.0,0.5,1.0,0.92267,1.0,0.0,0.94835,0.89175,0.0,0.0,1.0,1.0,0.5,0.8,1.0,1.0,0.5,0.5,0.5,1.0,1.0,0.5,0.5,0.5,0.0,0.0,1.0,1.0,1.0,0.5,0.5,0.2,0.6,1.0,0.5,1.0,1.0,1.0,0.5
0.0,1.0,0.0,1.0,0.6,0.6,0.22808,0.6,0.53333,0.0,0.5,0.0,0.0,0.44,0.0,0.0,0.98164,1.0,1.0,1.0,1.0,1.0,0.0,0.85202,1.0,0.0,0.90766,0.80224,0.0,0.0,1.0,1.0,1.0,0.8,1.0,1.0,0.5,0.5,0.5,1.0,1.0,0.5,0.5,0.5,0.0,0.0,1.0,1.0,1.0,0.5,0.5,0.2,0.6,1.0,1.0,1.0,1.0,0.0,1.0
1.0,1.0,1.0,1.0,0.6,0.6,0.23683,0.6,0.6,0.0,0.5,0.0,0.0,0.44,0.0,0.0,0.97568,1.0,1.0,1.0,1.0,1.0,0.0,0.77843,1.0,0.0,0.90808,0.78082,0.0,0.0,1.0,1.0,1.0,0.8,1.0,1.0,0.5,0.5,0.5,1.0,1.0,0.5,0.5,0.5,0.0,0.0,1.0,1.0,1.0,0.5,0.5,0.2,0.6,1.0,1.0,1.0,1.0,0.0,1.0
0.0,0.5,0.0,0.5,0.6,0.5,0.20604,0.6,0.63333,0.0,0.5,0.0,1.0,0.44,0.0,0.0,0.97649,1.0,1.0,1.0,1.0,1.0,0.0,0.74572,1.0,0.0,0.777,0.62774,0.0,1.0,0.9976,1.0,1.0,0.8,1.0,1.0,0.5,0.5,0.5,1.0,1.0,0.5,0.5,0.5,0.0,0.0,1.0,1.0,1.0,0.5,0.5,0.2,0.6,1.0,0.5,1.0,1.0,1.0,1.0
0.5,0.5,0.5,0.5,0.5,0.5,0.11819,0.9,0.2,0.0,1.0,0.0,0.0,0.3,0.0,0.96432,0.0,1.0,1.0,1.0,1.0,0.5,1.0,0.78457,1.0,0.11111,1.0,0.99243,0.75,0.0,0.86182,0.88889,0.5,0.8,1.0,1.0,0.5,0.5,0.5,1.0,1.0,0.5,0.5,0.5,0.0,0.0,1.0,1.0,1.0,0.5,0.5,0.2,0.4,0.75,0.66667,1.0,1.0,0.75,0.5
0.0,0.5,0.0,0.5,1.0,0.5,0.11322,1.0,0.23333,0.0,1.0,0.0,1.0,0.35,0.0,0.97203,0.0,1.0,1.0,1.0,1.0,1.0,1.0,0.79168,1.0,0.11111,1.0,1.0,1.0,0.0,0.83336,1.0,1.0,0.8,1.0,1.0,0.5,0.5,0.5,1.0,1.0,0.5,0.5,0.5,0.0,0.0,1.0,1.0,1.0,0.5,0.5,0.2,0.5,1.0,0.5,1.0,1.0,0.75,1.0
0.0,0.5,0.0,0.5,0.9,0.5,0.10965,0.9,0.26667,0.0,1.0,0.0,1.0,0.36,0.0,0.98021,0.0,1.0,1.0,1.0,1.0,1.0,1.0,0.79599,1.0,0.11111,1.0,1.0,1.0,0.0,0.8244,1.0,1.0,0.8,1.0,1.0,0.5,0.5,0.5,1.0,1.0,0.5,0.5,0.5,0.0,0.0,1.0,1.0,1.0,0.5,0.5,0.2,0.3,0.5,0.5,1.0,1.0,1.0,1.0
0.5,0.5,0.5,0.5,0.5,0.5,0.09363,0.3,0.06667,0.0,1.0,0.0,0.0,0.61,0.0,0.5,0.5,0.53333,0.46667,1.0,1.0,0.5,1.0,0.72363,1.0,0.0,0.94342,0.85119,0.2,0.0,0.80999,1.0,0.5,0.8,1.0,1.0,0.5,0.5,0.5,1.0,1.0,0.5,0.5,0.5,0.5,0.5,1.0,1.0,1.0,0.5,0.5,0.2,0.6,1.0,0.6,1.0,1.0,0.4,0.5
1.0,0.5,1.0,0.5,0.4,0.5,0.09836,0.4,0.1,0.0,1.0,0.0,1.0,0.81,0.0,1.0,0.0,1.0,0.46667,1.0,1.0,1.0,0.0,0.70252,1.0,0.0,1.0,0.94186,0.4,0.0,0.92968,1.0,1.0,0.8,1.0,1.0,0.5,0.5,0.5,1.0,1.0,0.5,0.5,0.5,0.0,0.0,1.0,1.0,1.0,0.5,0.5,0.2,0.5,0.8,0.25,1.0,1.0,1.0,1.0
1.0,1.0,1.0,1.0,0.3,1.0,0.11582,1.0,0.16667,0.0,1.0,0.0,0.0,0.72,0.0,0.88413,0.0,1.0,1.0,1.0,1.0,1.0,1.0,0.74506,1.0,0.0,1.0,1.0,1.0,0.0,0.97839,1.0,1.0,0.8,1.0,1.0,0.5,0.5,0.5,1.0,1.0,0.5,0.5,0.5,0.0,0.0,1.0,1.0,1.0,0.5,0.5,0.2,0.6,1.0,1.0,1.0,1.0,0.0,1.0
0.0,0.0,0.0,0.0,0.9,0.2,0.08416,0.2,0.56667,0.0,1.0,0.0,0.0,0.53,0.05,0.99926,0.0,1.0,1.0,1.0,1.0,1.0,1.0,0.85596,1.0,0.0,0.77974,0.71605,0.0,0.0,0.9963,0.88889,1.0,0.8,1.0,1.0,0.5,0.5,0.5,1.0,1.0,0.5,0.5,0.5,0.0,0.0,1.0,1.0,1.0,0.52742,0.55333,0.2,0.5,0.8,1.0,0.5,1.0,0.8,1.0
0.0,0.5,0.0,0.5,0.2,0.5,0.07743,0.2,0.6,0.0,1.0,0.0,1.0,0.5,0.05,0.99879,0.0,1.0,1.0,1.0,1.0,1.0,0.0,0.85495,1.0,0.0,0.71777,0.6566,0.0,0.0,0.99602,1.0,1.0,0.8,1.0,1.0,0.5,0.5,0.5,1.0,1.0,0.5,0.5,0.5,0.0,0.0,1.0,1.0,1.0,0.52742,0.55333,0.2,0.5,0.8,0.75,0.5,1.0,0.8,1.0
1.0,0.5,0.0,0.5,0.2,0.5,0.07337,0.2,0.63333,0.0,1.0,0.0,1.0,0.51,0.05,0.99873,0.0,1.0,1.0,1.0,1.0,1.0,1.0,0.85845,1.0,0.0,0.67876,0.62076,0.0,0.0,0.99571,1.0,1.0,0.8,1.0,1.0,0.5,0.5,0.5,1.0,1.0,0.5,0.5,0.5,0.0,0.0,1.0,1.0,1.0,0.52742,0.55333,0.2,0.5,0.8,0.75,0.5,1.0,0.8,1.0
1.0,0.5,0.0,0.5,0.2,0.5,0.07064,0.2,0.66667,0.0,1.0,0.0,1.0,0.51,0.05,0.99923,0.0,1.0,1.0,1.0,1.0,1.0,1.0,0.86362,1.0,0.0,0.65155,0.59412,0.0,0.0,0.99544,1.0,1.0,0.8,1.0,1.0,0.5,0.5,0.5,1.0,1.0,0.5,0.5,0.5,0.0,0.0,1.0,1.0,1.0,0.52742,0.55333,0.2,0.5,0.8,1.0,0.5,1.0,0.8,1.0
0.5,0.5,0.5,0.5,0.5,0.5,0.05095,0.2,0.36667,0.0,1.0,0.0,0.0,0.36,0.07,0.97606,0.0,1.0,1.0,0.82222,1.0,0.5,1.0,0.56574,0.8082,0.11111,0.7645,0.61878,0.0,0.0,1.0,0.77778,0.5,0.8,1.0,1.0,0.5,0.5,0.5,1.0,1.0,0.5,0.5,0.5,0.0,0.0,1.0,1.0,1.0,0.03228,0.14992,0.2,0.2,1.0,1.0,1.0,1.0,0.0,0.5
0.5,0.5,0.5,0.5,0.5,0.5,0.03172,0.1,1.0,0.0,1.0,0.0,0.0,0.21,0.03,0.0,0.9548,1.0,1.0,0.82222,0.82222,0.5,0.0,0.65263,0.93232,0.11111,0.39276,0.26142,0.0,0.0,0.94719,0.66667,0.5,0.0,0.9,0.87146,1.0,0.5,1.0,1.0,1.0,0.5,0.5,0.5,0.0,0.0,1.0,1.0,1.0,0.0,0.21612,1.0,0.1,0.0,1.0,0.0,1.0,0.0,0.5
0.5,0.5,0.5,0.5,0.5,0.5,0.09207,0.4,0.2,0.0,1.0,0.0,0.0,0.64,0.0,0.92556,0.0,1.0,1.0,1.0,1.0,0.5,0.0,0.75681,1.0,0.11111,0.96507,0.85068,0.25,0.0,0.96377,1.0,0.5,0.8,1.0,1.0,0.5,0.5,0.5,1.0,1.0,0.5,0.5,0.5,0.0,0.0,1.0,1.0,1.0,0.5,0.5,0.2,0.5,1.0,0.25,1.0,1.0,0.75,0.5
1.0,0.5,0.0,0.5,0.3,0.5,0.0894,0.3,0.23333,0.0,1.0,0.0,1.0,0.61,0.0,0.91759,0.0,1.0,1.0,1.0,1.0,1.0,1.0,0.76066,1.0,0.11111,0.92918,0.8144,0.0,0.0,0.97059,1.0,1.0,0.8,1.0,1.0,0.5,0.5,0.5,1.0,1.0,0.5,0.5,0.5,0.0,0.0,1.0,1.0,1.0,0.5,0.5,0.2,0.5,1.0,0.5,1.0,1.0,1.0,1.0
1.0,0.5,0.0,0.5,0.2,0.5,0.08678,0.2,0.26667,0.0,1.0,0.0,1.0,0.6,0.0,0.93312,0.0,1.0,1.0,1.0,1.0,1.0,0.0,0.76042,1.0,0.11111,0.90547,0.74972,0.0,0.0,0.96797,1.0,1.0,0.8,1.0,1.0,0.5,0.5,0.5,1.0,1.0,0.5,0.5,0.5,0.0,0.0,1.0,1.0,1.0,0.5,0.5,0.2,0.4,0.75,0.66667,1.0,1.0,1.0,1.0
1.0,0.5,0.0,0.5,0.2,0.5,0.08544,0.2,0.3,0.0,1.0,0.0,1.0,0.59,0.0,0.94825,0.0,1.0,0.8,1.0,1.0,1.0,0.0,0.75909,1.0,0.11111,0.89465,0.73354,0.0,0.0,0.96804,1.0,1.0,0.8,1.0,1.0,0.5,0.5,0.5,1.0,1.0,0.5,0.5,0.5,0.0,0.0,1.0,1.0,1.0,0.5,0.5,0.2,0.4,0.75,1.0,1.0,1.0,0.75,1.0
1.0,1.0,1.0,1.0,0.2,0.2,0.08983,0.4,0.43333,0.0,1.0,0.0,0.0,0.58,0.0,0.97298,0.0,1.0,1.0,1.0,1.0,1.0,0.0,0.74601,1.0,0.11111,0.96863,0.81433,0.5,0.0,0.97526,0.88889,1.0,0.8,1.0,1.0,0.5,0.5,0.5,1.0,1.0,0.5,0.5,0.5,0.0,0.0,1.0,1.0,1.0,0.5,0.5,0.2,0.4,0.75,0.66667,1.0,1.0,0.75,1.0
0.0,1.0,0.0,1.0,0.1,0.4,0.09894,0.5,0.53333,0.0,1.0,0.0,0.0,0.55,0.0,0.99241,0.0,1.0,1.0,1.0,1.0,1.0,0.0,0.74293,1.0,0.11111,1.0,0.93651,0.5,0.0,0.98381,1.0,1.0,0.8,1.0,1.0,0.5,0.5,0.5,1.0,1.0,0.5,0.5,0.5,0.0,0.0,1.0,1.0,1.0,0.5,0.5,0.2,0.5,1.0,1.0,1.0,1.0,0.0,1.0
0.0,0.5,0.0,0.5,0.3,0.5,0.08065,0.3,0.56667,0.0,1.0,0.0,1.0,0.56,0.0,0.99433,0.0,1.0,1.0,1.0,1.0,1.0,0.0,0.72993,1.0,0.11111,0.90488,0.76703,0.5,0.0,0.98083,1.0,1.0,0.8,1.0,1.0,0.5,0.5,0.5,1.0,1.0,0.5,0.5,0.5,0.0,0.0,1.0,1.0,1.0,0.5,0.5,0.2,0.5,1.0,0.75,1.0,1.0,1.0,1.0
0.0,0.5,0.0,0.5,0.1,0.5,0.06707,0.1,0.6,0.0,1.0,0.0,1.0,0.55,0.0,0.99014,0.0,1.0,1.0,1.0,1.0,1.0,0.0,0.72959,1.0,0.11111,0.75412,0.62401,0.0,0.0,0.98039,1.0,1.0,0.8,1.0,1.0,0.5,0.5,0.5,1.0,1.0,0.5,0.5,0.5,0.0,0.0,1.0,1.0,1.0,0.5,0.5,0.2,0.4,0.75,0.66667,1.0,1.0,1.0,1.0
1.0,0.5,1.0,0.5,0.1,0.5,0.06841,0.1,0.63333,0.0,1.0,0.0,1.0,0.56,0.0,0.0,0.98996,0.8,1.0,1.0,1.0,0.8,0.0,0.4272,0.61028,0.0,0.7476,0.59121,0.0,0.0,0.98576,1.0,1.0,0.8,1.0,1.0,0.5,0.5,0.5,1.0,1.0,0.5,0.5,0.5,0.0,0.0,1.0,1.0,1.0,0.5,0.5,0.2,0.4,0.75,0.66667,1.0,1.0,0.75,1.0
1.0,1.0,1.0,1.0,0.1,0.1,0.0764,0.1,0.7,0.0,1.0,0.0,0.0,0.57,0.0,0.0,0.9815,0.8,0.8,1.0,1.0,0.8,1.0,0.73051,1.0,0.11111,0.85875,0.69532,0.0,0.0,0.98811,1.0,1.0,0.8,1.0,1.0,0.5,0.5,0.5,1.0,1.0,0.5,0.5,0.5,0.0,0.0,1.0,1.0,1.0,0.5,0.5,0.2,0.5,1.0,1.0,1.0,1.0,0.0,1.0
0.5,0.5,0.5,0.5,0.5,0.5,0.06664,0.1,0.23333,0.0,1.0,0.0,0.0,0.16,0.0,0.96933,0.0,1.0,1.0,1.0,1.0,0.5,1.0,0.17973,0.25675,0.0,0.67364,0.55865,0.0,0.0,0.65463,1.0,0.5,0.8,1.0,1.0,0.5,0.5,0.5,1.0,1.0,0.5,0.5,0.5,0.0,0.0,1.0,1.0,1.0,0.5,0.5,1.0,0.1,0.0,1.0,1.0,1.0,0.0,0.5
1.0,1.0,1.0,1.0,0.1,0.1,0.07345,0.1,0.3,0.0,1.0,0.0,0.0,0.16,0.0,0.98922,0.0,1.0,1.0,1.0,1.0,1.0,1.0,0.18402,0.26289,0.0,0.73378,0.62629,0.0,0.0,0.70626,1.0,1.0,0.8,1.0,1.0,0.5,0.5,0.5,1.0,1.0,0.5,0.5,0.5,0.0,0.0,1.0,1.0,1.0,0.5,0.5,1.0,0.1,0.0,1.0,1.0,1.0,0.0,0.33333
1.0,1.0,1.0,1.0,0.1,0.1,0.08096,0.1,0.36667,0.0,1.0,0.0,0.0,0.16,0.0,0.99496,0.0,1.0,1.0,1.0,1.0,1.0,1.0,0.18821,0.26887,0.0,0.79982,0.70473,0.0,0.0,0.7593,1.0,1.0,0.8,1.0,1.0,0.5,0.5,0.5,1.0,1.0,0.5,0.5,0.5,0.0,0.0,1.0,1.0,1.0,0.5,0.5,1.0,0.1,0.0,1.0,1.0,1.0,0.0,0.55556
1.0,1.0,1.0,1.0,0.1,0.1,0.08881,0.1,0.43333,0.0,1.0,0.0,0.0,0.14,0.0,0.99796,0.0,1.0,1.0,1.0,1.0,1.0,1.0,0.19243,0.2749,0.0,0.8677,0.7906,0.0,0.0,0.81027,1.0,1.0,0.8,1.0,1.0,0.5,0.5,0.5,1.0,1.0,0.5,0.5,0.5,0.0,0.0,1.0,1.0,1.0,0.5,0.5,1.0,0.1,0.0,1.0,1.0,1.0,0.0,0.55556
1.0,1.0,1.0,1.0,0.1,0.4,0.09684,0.4,0.5,0.0,1.0,0.0,0.0,0.14,0.0,0.99924,0.0,1.0,0.95556,1.0,1.0,0.95556,0.0,0.68324,0.97606,0.22222,0.93588,0.88273,0.0,0.0,0.85801,1.0,1.0,0.8,1.0,1.0,0.5,0.5,0.5,1.0,1.0,0.5,0.5,0.5,0.0,0.0,1.0,1.0,1.0,0.5,0.5,1.0,0.1,0.0,1.0,1.0,1.0,0.0,0.55556
1.0,0.5,1.0,0.5,0.7,0.5,0.10088,0.7,0.53333,0.0,1.0,0.0,1.0,0.14,0.0,0.99959,0.0,1.0,0.95556,1.0,1.0,1.0,0.0,0.02077,0.02967,0.0,1.0,1.0,1.0,0.0,1.0,1.0,0.77778,0.8,1.0,1.0,0.5,0.5,0.5,1.0,1.0,0.5,0.5,0.5,0.0,0.0,1.0,1.0,1.0,0.5,0.5,1.0,0.1,1.0,1.0,1.0,1.0,1.0,0.55556
1.0,0.5,1.0,0.5,0.9,0.5,0.10492,0.9,0.56667,0.0,1.0,0.0,1.0,0.14,0.0,0.99984,0.0,1.0,0.95556,1.0,1.0,1.0,1.0,0.02247,0.0321,0.0,1.0,1.0,1.0,0.0,1.0,1.0,1.0,0.8,1.0,1.0,0.5,0.5,0.5,1.0,1.0,0.5,0.5,0.5,0.0,0.0,1.0,1.0,1.0,0.5,0.5,1.0,0.1,1.0,1.0,1.0,1.0,1.0,0.55556
1.0,0.5,1.0,0.5,1.0,0.5,0.10895,1.0,0.6,0.0,1.0,0.0,1.0,0.14,0.0,0.0,0.99996,1.0,0.95556,1.0,1.0,1.0,1.0,0.02423,0.03461,0.0,1.0,1.0,1.0,0.0,1.0,1.0,1.0,0.8,1.0,1.0,0.5,0.5,0.5,1.0,1.0,0.5,0.5,0.5,0.0,0.0,1.0,1.0,1.0,0.5,0.5,1.0,0.1,1.0,1.0,1.0,1.0,1.0,0.55556
1.0,0.5,1.0,0.5,1.0,0.5,0.11297,1.0,0.63333,0.0,1.0,0.0,1.0,0.14,0.0,0.99928,0.0,1.0,1.0,1.0,1.0,1.0,1.0,0.02604,0.03721,0.0,1.0,1.0,1.0,0.0,1.0,1.0,1.0,0.8,1.0,1.0,0.5,0.5,0.5,1.0,1.0,0.5,0.5,0.5,0.0,0.0,1.0,1.0,1.0,0.5,0.5,1.0,0.1,1.0,1.0,1.0,1.0,1.0,0.55556
1.0,0.5,1.0,0.5,1.0,0.5,0.11563,1.0,0.66667,0.0,1.0,0.0,1.0,0.14,0.0,0.99645,0.0,1.0,1.0,1.0,1.0,1.0,1.0,0.02729,0.03898,0.0,1.0,1.0,1.0,0.0,1.0,1.0,1.0,0.8,1.0,1.0,0.5,0.5,0.5,1.0,1.0,0.5,0.5,0.5,0.0,0.0,1.0,1.0,1.0,0.5,0.5,1.0,0.1,1.0,1.0,1.0,1.0,1.0,0.55556
1.0,0.5,1.0,0.5,1.0,0.5,0.11779,1.0,0.7,0.0,1.0,0.0,1.0,0.13,0.0,0.99539,0.0,1.0,1.0,1.0,1.0,1.0,1.0,0.02832,0.04045,0.0,1.0,1.0,1.0,0.0,1.0,1.0,1.0,0.8,1.0,1.0,0.5,0.5,0.5,1.0,1.0,0.5,0.5,0.5,0.0,0.0,1.0,1.0,1.0,0.5,0.5,1.0,0.1,1.0,1.0,1.0,1.0,1.0,0.55556
0.0,0.0,1.0,1.0,1.0,1.0,0.07769,0.1,0.83333,0.0,1.0,0.0,0.0,0.13,0.0,0.0,0.99177,1.0,1.0,1.0,1.0,0.97778,0.0,0.60065,0.85807,0.33333,0.84162,0.75659,0.0,1.0,0.99305,0.66667,0.77778,0.8,1.0,1.0,0.5,0.5,0.5,1.0,1.0,0.5,0.5,0.5,0.0,0.0,1.0,1.0,1.0,0.5,0.5,0.2,0.3,1.0,1.0,1.0,1.0,0.0,0.55556
0.0,0.5,0.0,0.5,0.1,0.5,0.0588,0.1,0.86667,0.0,1.0,0.0,1.0,0.15,0.0,0.0,0.97389,1.0,1.0,1.0,1.0,1.0,0.0,0.60061,0.85801,0.33333,0.64867,0.53977,0.0,0.0,0.98865,1.0,1.0,0.8,1.0,1.0,0.5,0.5,0.5,1.0,1.0,0.5,0.5,0.5,0.0,0.0,1.0,1.0,1.0,0.5,0.5,0.2,0.3,1.0,0.0,1.0,1.0,1.0,1.0
0.0,0.0,0.0,0.0,0.1,0.1,0.03954,0.1,1.0,0.0,1.0,0.0,0.0,0.14,0.0,0.99158,0.0,1.0,1.0,1.0,1.0,0.93333,1.0,0.16477,0.23538,0.0,0.41743,0.31329,0.0,0.0,0.93811,1.0,1.0,0.8,1.0,1.0,0.5,0.5,0.5,1.0,1.0,0.5,0.5,0.5,0.0,0.0,1.0,1.0,1.0,0.5,0.5,1.0,0.1,0.0,1.0,1.0,1.0,0.0,1.0
0.5,0.5,0.5,0.5,0.5,0.5,0.0979,0.6,0.2,0.0,1.0,0.0,0.0,0.33,0.04,0.78417,0.0,1.0,1.0,1.0,1.0,0.5,0.0,0.95092,1.0,0.11111,1.0,0.76558,0.66667,0.0,0.83184,0.44444,0.5,0.8,1.0,1.0,0.5,0.5,0.5,1.0,1.0,0.5,0.5,0.5,0.0,1.0,1.0,1.0,1.0,0.5,0.5,0.2,0.5,0.66667,0.5,1.0,1.0,0.66667,0.5
0.0,0.5,0.0,0.5,0.4,0.5,0.08751,0.4,0.23333,0.0,1.0,0.0,1.0,0.33,0.05,0.86152,0.0,1.0,1.0,1.0,1.0,1.0,0.0,0.94132,1.0,0.11111,0.93769,0.65201,0.5,0.0,0.82165,1.0,1.0,0.8,1.0,1.0,0.5,0.5,0.5,1.0,1.0,0.5,0.5,0.5,0.0,0.0,1.0,1.0,1.0,0.5,0.5,0.2,0.5,0.66667,0.25,1.0,1.0,0.66667,1.0
0.0,0.5,1.0,0.5,0.5,0.5,0.09038,0.5,0.26667,0.0,1.0,0.0,1.0,0.29,0.06,0.0,0.86762,0.97778,1.0,0.97778,1.0,0.97778,0.0,0.93842,1.0,0.22222,0.8331,0.65017,0.4,0.0,0.79992,1.0,0.88889,0.8,1.0,1.0,0.5,0.5,0.5,1.0,1.0,0.5,0.5,0.5,0.97608,0.0,0.5,1.0,1.0,0.5,0.5,0.7,0.3,0.4,0.5,1.0,1.0,0.8,1.0
0.0,0.5,0.0,0.5,0.4,0.5,0.08929,0.4,0.3,0.0,1.0,0.0,1.0,0.29,0.1,0.0,0.89775,1.0,1.0,0.97778,1.0,1.0,0.0,0.93484,1.0,0.22222,0.82764,0.64839,0.2,0.0,0.80806,1.0,1.0,0.8,0.9,0.96166,0.21914,0.21914,0.21914,1.0,1.0,0.87654,0.70714,0.5,0.0,1.0,1.0,1.0,1.0,0.87654,0.70714,0.2,0.3,0.4,1.0,1.0,1.0,0.4,1.0
1.0,0.5,1.0,0.5,0.4,0.5,0.08999,0.4,0.33333,0.0,1.0,0.0,1.0,0.2,0.1,0.0,0.95511,1.0,1.0,0.97778,1.0,1.0,0.0,0.91412,1.0,0.22222,0.85605,0.69165,0.2,0.0,0.7854,1.0,0.77778,0.8,1.0,1.0,0.5,0.21914,0.5,1.0,1.0,0.87654,0.70714,0.93617,0.0,0.0,1.0,1.0,1.0,0.87654,0.70714,0.2,0.4,0.6,0.33333,1.0,1.0,0.4,1.0
0.0,0.0,0.0,0.0,0.3,0.3,0.00095,0.3,0.56667,0.0,1.0,0.0,0.0,0.07,0.09,0.98638,0.0,1.0,1.0,0.95556,1.0,0.86667,1.0,0.64298,0.91855,0.11111,0.02625,0.0049,0.2,0.0,0.91778,1.0,0.77778,0.0,1.0,1.0,0.5,0.08324,0.5,1.0,1.0,0.87654,0.70714,0.93617,0.0,0.0,1.0,1.0,1.0,0.87654,0.70714,1.0,0.1,0.0,1.0,0.0,1.0,0.0,1.0
1.0,1.0,1.0,1.0,0.3,0.5,0.00116,0.6,0.66667,0.0,1.0,0.0,0.0,0.04,0.08,0.99712,0.0,1.0,0.97778,0.97778,1.0,0.97778,1.0,0.64196,0.91708,0.11111,0.03471,0.00589,0.8,0.0,0.91989,0.55556,1.0,0.3,0.9,1.0,1.0,0.08324,1.0,1.0,1.0,0.87654,0.70714,0.93617,0.0,0.01683,1.0,1.0,1.0,1.0,0.15712,0.7,0.2,0.2,1.0,1.0,1.0,0.0,1.0
1.0,0.5,1.0,0.5,0.6,0.5,0.00118,0.6,0.7,0.0,1.0,0.0,1.0,0.04,0.09,0.99846,0.0,1.0,0.97778,0.97778,1.0,1.0,1.0,0.64209,0.91727,0.11111,0.03525,0.00598,0.8,0.0,0.91997,1.0,1.0,0.65,1.0,1.0,0.5,0.08324,0.5,1.0,1.0,0.87654,0.70714,0.93617,0.0,0.0,1.0,1.0,1.0,1.0,0.15712,0.35,0.2,0.2,1.0,1.0,1.0,0.2,1.0
0.5,0.5,0.5,0.5,0.5,0.5,0.1,0.55,0.03333,0.0,1.0,0.0,0.0,0.1,0.0,0.5,0.5,0.5,0.5,0.5,0.5,0.5,0.5,0.0,0.0,0.66667,1.0,1.0,1.0,0.0,0.0,0.5,0.5,0.8,1.0,1.0,0.5,0.5,0.5,1.0,1.0,0.5,0.5,0.5,0.5,0.5,1.0,0.5,0.5,0.5,0.5,0.2,0.6,0.83333,1.0,1.0,1.0,0.5,0.5
0.0,1.0,0.0,1.0,0.1,0.9,0.12294,0.9,0.23333,0.0,1.0,0.0,0.0,0.49,0.01,0.78169,0.0,0.86667,1.0,1.0,1.0,0.55556,1.0,0.88473,1.0,0.11111,1.0,0.82138,0.8,0.0,0.96181,1.0,0.88889,0.8,1.0,1.0,0.5,0.5,0.5,1.0,1.0,0.5,0.5,0.5,0.77722,1.0,0.35,1.0,1.0,0.5,0.5,0.85,0.3,0.4,0.0,1.0,1.0,0.6,1.0
1.0,0.5,1.0,0.5,0.9,0.5,0.12443,0.9,0.26667,0.0,1.0,0.0,1.0,0.5,0.02,0.87234,0.0,1.0,1.0,1.0,1.0,1.0,0.0,0.83392,1.0,0.11111,1.0,1.0,1.0,0.0,0.98648,1.0,0.77778,0.8,1.0,1.0,0.5,0.5,0.5,1.0,1.0,0.76931,0.63503,0.5,0.0,0.54865,1.0,1.0,1.0,0.76931,0.63503,0.2,0.6,1.0,1.0,1.0,1.0,0.4,1.0
0.5,0.5,0.5,0.5,0.5,0.5,0.05106,0.2,0.3,0.0,1.0,0.0,0.0,0.44,0.09,0.97633,0.0,1.0,1.0,1.0,1.0,0.5,0.0,0.5513,0.78757,0.22222,0.70878,0.54892,0.0,0.0,1.0,0.77778,0.5,0.35,1.0,1.0,0.5,0.5,0.5,1.0,1.0,0.5,0.5,0.5,0.0,0.0,1.0,1.0,1.0,0.53489,1.0,0.65,0.2,1.0,1.0,1.0,1.0,0.0,0.5
0.0,0.0,0.0,0.0,0.1,0.1,0.00243,0.1,0.7,0.0,1.0,0.0,0.0,0.34,0.1,0.0,0.98905,1.0,0.95556,1.0,1.0,1.0,0.0,0.52449,0.74927,0.22222,0.11747,0.0624,0.0,0.0,1.0,1.0,1.0,0.8,1.0,1.0,0.5,0.26279,0.5,1.0,1.0,0.5,0.5,0.5,0.0,0.0,1.0,1.0,1.0,0.53489,1.0,1.0,0.1,0.0,1.0,0.0,1.0,0.0,1.0
0.0,0.0,0.0,0.0,0.1,0.1,0.00188,0.1,0.76667,0.0,1.0,0.0,0.0,0.34,0.08,0.0,0.99444,1.0,1.0,1.0,1.0,0.88889,1.0,0.65107,0.93011,0.11111,0.03577,0.01043,0.0,0.0,0.80322,0.77778,0.66667,0.8,1.0,1.0,0.5,0.26279,0.5,1.0,1.0,0.5,0.5,0.5,0.0,0.06291,1.0,1.0,1.0,0.0,0.228,0.2,0.2,0.25,1.0,1.0,1.0,0.0,0.22222
0.5,0.5,0.5,0.5,0.5,0.5,0.11021,0.6,0.0,0.85714,1.0,0.0,0.0,0.24,0.02,0.99647,0.0,1.0,1.0,1.0,1.0,0.5,1.0,0.69579,0.99399,0.22222,0.86034,0.7845,0.0,0.0,1.0,0.88889,0.5,0.8,1.0,1.0,0.5,0.5,0.5,1.0,1.0,0.5,0.5,0.5,0.0,0.0,1.0,1.0,1.0,0.0,0.0,0.2,0.3,1.0,0.5,1.0,1.0,0.5,0.5
1.0,0.5,1.0,0.5,0.7,0.5,0.11583,0.7,0.0,0.83333,1.0,0.0,1.0,0.23,0.02,0.0,0.98594,1.0,1.0,0.93333,1.0,1.0,1.0,0.89102,1.0,0.66667,0.9833,0.80093,0.5,0.0,0.96129,1.0,0.55556,0.8,1.0,1.0,0.5,0.5,0.5,1.0,1.0,0.5,0.5,0.5,0.0,0.0,1.0,1.0,1.0,0.0,0.0,0.2,0.4,0.75,0.66667,0.33333,1.0,0.25,1.0
0.5,0.5,0.5,0.5,0.5,0.5,0.00312,0.1,0.86667,0.0,1.0,0.0,0.0,0.4,0.03,0.0,0.99965,0.93333,0.93333,1.0,1.0,0.5,0.0,0.56269,0.80385,0.11111,0.06908,0.03578,0.0,0.0,1.0,0.88889,0.5,0.8,1.0,1.0,0.5,0.5,0.5,1.0,1.0,0.5,0.5,0.5,0.0,0.0741,1.0,1.0,1.0,0.034,1.0,0.2,0.2,1.0,0.0,1.0,1.0,1.0,0.5
0.0,0.0,0.0,0.0,0.1,0.1,0.00027,0.1,0.0,0.96774,1.0,0.0,0.0,0.4,0.03,0.0,0.99989,0.93333,0.93333,1.0,1.0,1.0,0.0,0.55563,0.79376,0.11111,0.007,0.00351,0.0,0.0,1.0,0.88889,0.77778,0.55,1.0,1.0,0.5,0.1261,0.5,1.0,1.0,0.5,0.5,0.5,0.0,0.0,1.0,1.0,1.0,0.034,1.0,0.45,0.2,1.0,1.0,1.0,1.0,0.0,1.0
0.0,0.0,0.0,0.0,0.1,0.1,0.00019,0.1,0.0,0.90909,1.0,0.0,0.0,0.4,0.03,0.99943,0.0,1.0,0.93333,1.0,1.0,1.0,0.0,0.55518,0.79311,0.11111,0.00502,0.00251,0.0,0.0,1.0,1.0,1.0,0.8,1.0,1.0,0.5,0.1261,0.5,1.0,1.0,0.5,0.5,0.5,0.0,0.0,1.0,1.0,1.0,0.034,1.0,0.2,0.2,1.0,0.0,1.0,1.0,0.0,1.0
0.0,0.0,0.0,0.0,0.1,0.1,0.00011,0.1,0.0,0.83333,1.0,0.0,0.0,0.4,0.03,0.99994,0.0,1.0,0.93333,1.0,1.0,1.0,0.0,0.55528,0.79326,0.11111,0.00291,0.00146,0.0,0.0,1.0,0.88889,1.0,0.8,1.0,1.0,0.5,0.1261,0.5,1.0,1.0,0.5,0.5,0.5,0.0,0.0,1.0,1.0,1.0,0.034,1.0,0.2,0.2,1.0,0.0,1.0,1.0,0.0,1.0
0.0,0.5,0.0,0.5,0.1,0.5,9e-05,0.1,0.0,0.81081,1.0,0.0,1.0,0.4,0.03,0.99948,0.0,1.0,0.93333,1.0,1.0,1.0,1.0,0.55538,0.7934,0.11111,0.00221,0.00111,0.0,0.0,1.0,1.0,1.0,0.8,1.0,1.0,0.5,0.1261,0.5,1.0,1.0,0.5,0.5,0.5,0.0,0.0,1.0,1.0,1.0,0.034,1.0,0.2,0.2,1.0,0.0,1.0,1.0,1.0,1.0
0.0,0.0,0.0,0.0,0.1,0.1,6e-05,0.1,0.0,0.76923,1.0,0.0,0.0,0.4,0.03,0.0,0.9997,1.0,1.0,1.0,1.0,1.0,0.0,0.5553,0.79329,0.11111,0.00143,0.00072,0.0,0.0,1.0,1.0,1.0,0.8,1.0,1.0,0.5,0.1261,0.5,1.0,1.0,0.5,0.5,0.5,0.0,0.0,1.0,1.0,1.0,0.034,1.0,0.2,0.2,1.0,0.0,1.0,1.0,0.0,1.0
0.5,0.5,0.5,0.5,0.5,0.5,0.08148,0.2,0.73333,0.0,1.0,0.0,0.0,0.44,0.0,0.0,0.99266,1.0,1.0,1.0,1.0,0.5,0.0,0.6403,0.91471,0.0,0.87277,0.72974,0.2,0.0,0.9997,1.0,0.5,0.8,1.0,1.0,0.5,0.5,0.5,1.0,1.0,0.5,0.5,0.5,0.0,0.0,1.0,1.0,1.0,0.5,0.5,0.2,0.6,1.0,0.8,1.0,1.0,0.0,0.5
0.0,0.5,0.0,0.5,0.2,0.5,0.06979,0.2,0.76667,0.0,1.0,0.0,1.0,0.44,0.0,0.99922,0.0,1.0,1.0,1.0,1.0,1.0,1.0,0.64098,0.91569,0.0,0.74716,0.60922,0.2,0.0,0.9993,1.0,1.0,0.8,1.0,1.0,0.5,0.5,0.5,1.0,1.0,0.5,0.5,0.5,0.0,0.0,1.0,1.0,1.0,0.5,0.5,0.2,0.6,1.0,0.8,1.0,1.0,1.0,1.0
0.0,0.5,0.0,0.5,0.2,0.5,0.06416,0.2,0.8,0.0,1.0,0.0,1.0,0.43,0.0,0.99623,0.0,1.0,1.0,1.0,1.0,1.0,0.0,0.63855,0.91222,0.0,0.68826,0.56362,0.2,0.0,0.99902,1.0,1.0,0.8,1.0,1.0,0.5,0.5,0.5,1.0,1.0,0.5,0.5,0.5,0.0,0.0,1.0,1.0,1.0,0.5,0.5,0.2,0.6,1.0,0.2,1.0,1.0,1.0,1.0
1.0,0.5,0.0,0.5,0.2,0.5,0.06331,0.2,0.83333,0.0,1.0,0.0,1.0,0.43,0.0,0.99803,0.0,1.0,1.0,1.0,1.0,1.0,1.0,0.63929,0.91326,0.0,0.67867,0.55285,0.2,0.0,0.99893,1.0,1.0,0.8,1.0,1.0,0.5,0.5,0.5,1.0,1.0,0.5,0.5,0.5,0.0,0.0,1.0,1.0,1.0,0.5,0.5,0.2,0.5,0.8,0.75,1.0,1.0,1.0,1.0
1.0,0.5,0.0,0.5,0.2,0.5,0.0624,0.2,0.86667,0.0,1.0,0.0,1.0,0.44,0.0,0.0,0.9996,1.0,1.0,1.0,1.0,1.0,1.0,0.64663,0.92376,0.0,0.66513,0.52886,0.2,0.0,0.99899,1.0,1.0,0.8,1.0,1.0,0.5,0.5,0.5,1.0,1.0,0.5,0.5,0.5,0.0,0.0,1.0,1.0,1.0,0.5,0.5,0.2,0.6,1.0,0.8,1.0,1.0,0.8,1.0
1.0,0.5,1.0,0.5,0.2,0.5,0.06264,0.2,0.9,0.0,1.0,0.0,1.0,0.45,0.0,0.99747,0.0,1.0,1.0,1.0,1.0,1.0,1.0,0.64891,0.92702,0.0,0.66648,0.53162,0.2,0.0,0.999,1.0,1.0,0.8,1.0,1.0,0.5,0.5,0.5,1.0,1.0,0.5,0.5,0.5,0.0,0.0,1.0,1.0,1.0,0.5,0.5,0.2,0.6,1.0,1.0,1.0,1.0,1.0,1.0
1.0,0.5,0.0,0.5,0.2,0.5,0.06149,0.2,0.93333,0.0,1.0,0.0,1.0,0.42,0.0,0.995,0.0,1.0,1.0,1.0,1.0,1.0,1.0,0.64983,0.92833,0.0,0.65378,0.52755,0.2,0.0,0.99895,1.0,1.0,0.8,1.0,1.0,0.5,0.5,0.5,1.0,1.0,0.5,0.5,0.5,0.0,0.0,1.0,1.0,1.0,0.5,0.5,0.2,0.6,1.0,1.0,1.0,1.0,1.0,1.0
1.0,0.5,0.0,0.5,0.2,0.5,0.06049,0.2,0.96667,0.0,1.0,0.0,1.0,0.42,0.0,0.9958,0.0,1.0,1.0,1.0,1.0,1.0,1.0,0.65399,0.93426,0.0,0.64113,0.51279,0.2,0.0,0.99882,1.0,1.0,0.8,1.0,1.0,0.5,0.5,0.5,1.0,1.0,0.5,0.5,0.5,0.0,0.0,1.0,1.0,1.0,0.5,0.5,0.2,0.6,1.0,1.0,1.0,1.0,1.0,1.0
1.0,0.5,1.0,0.5,0.2,0.5,0.06115,0.2,1.0,0.0,1.0,0.0,1.0,0.42,0.0,0.99752,0.0,1.0,1.0,1.0,1.0,1.0,1.0,0.658,0.94,0.0,0.64621,0.51445,0.2,0.0,0.99867,1.0,1.0,0.8,1.0,1.0,0.5,0.5,0.5,1.0,1.0,0.5,0.5,0.5,0.0,0.0,1.0,1.0,1.0,0.5,0.5,0.2,0.6,1.0,1.0,1.0,1.0,1.0,1.0
1.0,1.0,0.0,0.0,0.1,0.2,0.07082,0.2,0.0,0.81081,1.0,0.0,0.0,0.44,0.01,0.88854,0.0,1.0,1.0,1.0,1.0,1.0,0.0,0.99485,1.0,0.11111,0.7043,0.56873,0.16667,0.0,0.99566,1.0,0.88889,0.8,1.0,1.0,0.5,0.5,0.5,1.0,1.0,0.5,0.5,0.5,0.0,0.0,1.0,1.0,1.0,0.34622,0.51107,0.2,0.7,1.0,1.0,1.0,1.0,0.0,1.0
0.0,0.5,0.0,0.5,0.1,0.5,0.05578,0.1,0.0,0.78947,1.0,0.0,1.0,0.43,0.01,0.98925,0.0,0.8,0.64444,1.0,1.0,0.8,0.0,0.96935,1.0,0.0,0.54933,0.42992,0.0,0.0,0.99544,1.0,1.0,0.8,1.0,1.0,0.5,0.5,0.5,1.0,1.0,0.5,0.5,0.5,0.0,0.0,1.0,1.0,1.0,0.34622,0.51107,0.2,0.7,1.0,0.16667,1.0,1.0,1.0,1.0
0.5,0.5,0.5,0.5,0.5,0.5,0.06716,0.2,0.53333,0.0,1.0,0.0,0.0,0.19,0.0,0.94879,0.0,0.95556,0.95556,1.0,1.0,0.5,1.0,0.77885,1.0,0.11111,0.54056,0.34703,0.0,0.0,0.95585,1.0,0.5,0.8,1.0,1.0,0.5,0.5,0.5,1.0,1.0,0.5,0.5,0.5,0.0,0.0,1.0,1.0,1.0,0.5,0.5,1.0,0.1,0.0,1.0,1.0,1.0,0.0,0.5
1.0,1.0,1.0,1.0,0.6,0.3,0.06267,0.2,0.7,0.0,1.0,0.0,0.0,0.13,0.0,0.97651,0.0,0.91111,0.91111,1.0,1.0,0.91111,0.0,0.65055,0.92936,0.11111,0.58036,0.42349,0.0,0.0,0.88544,1.0,0.88889,0.8,1.0,1.0,0.5,0.5,0.5,1.0,1.0,0.5,0.5,0.5,0.0,0.0,1.0,1.0,1.0,0.5,0.5,1.0,0.1,0.0,1.0,1.0,1.0,0.0,0.55556
1.0,1.0,1.0,1.0,0.4,0.5,0.08107,0.5,0.76667,0.0,1.0,0.0,0.0,0.14,0.0,0.97795,0.0,0.93333,0.97778,1.0,1.0,0.93333,0.0,0.62182,0.88832,0.11111,0.82276,0.59893,0.5,0.0,0.92043,1.0,0.77778,0.8,1.0,1.0,0.5,0.5,0.5,1.0,1.0,0.5,0.5,0.5,0.0,0.0,1.0,1.0,1.0,0.5,0.5,0.2,0.2,0.5,1.0,1.0,1.0,0.0,0.66667
0.5,0.5,0.5,0.5,0.5,0.5,0.00633,0.06667,0.53333,0.0,0.0,0.66667,0.0,0.50222,0.03111,0.0,0.95367,1.0,0.65714,0.57143,1.0,0.5,1.0,0.7204,1.0,0.07143,0.1001,0.07985,0.0,0.0,0.98887,1.0,0.5,0.8,1.0,1.0,0.5,0.5,0.5,1.0,1.0,0.5,0.5,0.5,0.0,0.0,1.0,1.0,1.0,0.06933,0.484,0.2,0.26667,0.5,1.0,1.0,1.0,0.0,0.5
0.0,0.5,0.0,0.5,0.06667,0.5,0.00491,0.06667,0.56667,0.0,0.0,0.66667,1.0,0.48444,0.03111,0.0,0.9682,0.52381,0.46667,0.57143,1.0,0.52381,0.0,0.55081,0.78686,0.07143,0.13016,0.06961,0.0,0.0,1.0,1.0,0.64286,0.8,1.0,1.0,0.5,0.5,0.5,1.0,1.0,0.5,0.5,0.5,0.0,0.0,1.0,1.0,1.0,0.06933,0.484,0.2,0.13333,1.0,0.0,1.0,1.0,1.0,1.0
0.0,0.5,0.0,0.5,0.06667,0.5,0.00356,0.06667,0.6,0.0,0.0,0.66667,1.0,0.50222,0.03556,0.93699,0.0,1.0,1.0,0.48571,1.0,1.0,0.0,0.54946,0.78494,0.07143,0.09832,0.0517,0.0,0.0,1.0,1.0,0.85714,0.8,1.0,1.0,0.5,0.5,0.5,1.0,1.0,0.5,0.5,0.5,0.0,0.0,1.0,1.0,1.0,0.06933,0.484,0.2,0.13333,1.0,0.0,1.0,1.0,0.0,1.0
0.0,0.0,0.0,0.0,0.06667,0.06667,0.00199,0.06667,0.66667,0.0,0.0,0.66667,0.0,0.50222,0.03556,0.9723,0.0,1.0,1.0,0.48571,1.0,1.0,0.0,0.55095,0.78708,0.07143,0.05438,0.02795,0.0,0.0,1.0,1.0,1.0,0.8,1.0,1.0,0.5,0.5,0.5,1.0,1.0,0.5,0.5,0.5,0.0,0.0,1.0,1.0,1.0,0.06933,0.484,0.2,0.13333,1.0,0.0,1.0,1.0,1.0,1.0
0.5,0.5,0.5,0.5,0.5,0.5,0.06667,0.53333,0.03333,0.0,0.0,0.66667,0.0,0.06667,0.0,0.5,0.5,0.5,0.5,0.5,0.5,0.5,0.5,0.0,0.0,0.71429,1.0,1.0,1.0,0.0,0.0,0.5,0.5,0.8,1.0,1.0,0.5,0.5,0.5,1.0,1.0,0.5,0.5,0.5,0.5,0.5,1.0,0.5,0.5,0.5,0.5,0.2,0.73333,1.0,1.0,1.0,1.0,0.5,0.5
0.5,0.5,0.5,0.5,0.5,0.5,0.02096,0.06667,0.53333,0.0,0.0,0.66667,0.0,0.80889,0.0,0.0,0.98981,1.0,1.0,1.0,1.0,0.5,1.0,0.7793,1.0,1.0,0.31445,0.28488,0.0,0.0,0.99453,1.0,0.5,0.8,1.0,1.0,0.5,0.5,0.5,1.0,1.0,0.5,0.5,0.5,0.0,0.0,1.0,1.0,1.0,0.5,0.5,0.2,0.8,0.78571,0.81818,1.0,1.0,0.0,0.5
0.0,0.5,0.0,0.5,0.06667,0.5,0.01765,0.06667,0.56667,0.0,0.0,0.66667,1.0,0.81333,0.0,0.0,0.98533,1.0,1.0,1.0,1.0,1.0,1.0,0.78031,1.0,1.0,0.26472,0.23542,0.0,0.0,0.99491,1.0,1.0,0.8,1.0,1.0,0.5,0.5,0.5,1.0,1.0,0.5,0.5,0.5,0.0,0.0,1.0,1.0,1.0,0.5,0.5,0.2,0.8,0.78571,0.0,1.0,1.0,0.78571,1.0
0.0,0.5,0.0,0.5,0.06667,0.5,0.01336,0.06667,0.6,0.0,0.0,0.66667,1.0,0.82222,0.0,0.0,0.98593,1.0,1.0,1.0,1.0,1.0,1.0,0.78163,1.0,1.0,0.20035,0.17319,0.0,0.0,0.99479,1.0,1.0,0.8,1.0,1.0,0.5,0.5,0.5,1.0,1.0,0.5,0.5,0.5,0.0,0.0,1.0,1.0,1.0,0.5,0.5,0.2,0.6,0.57143,0.0,1.0,1.0,0.78571,1.0
0.0,0.0,0.0,0.0,0.06667,0.06667,0.00892,0.06667,0.66667,0.0,0.0,0.66667,0.0,0.81778,0.0,0.0,0.99781,1.0,1.0,1.0,1.0,1.0,1.0,0.78298,1.0,1.0,0.13377,0.11798,0.0,0.0,0.99488,1.0,1.0,0.8,1.0,1.0,0.5,0.5,0.5,1.0,1.0,0.5,0.5,0.5,0.0,0.0,1.0,1.0,1.0,0.5,0.5,1.0,0.06667,0.0,1.0,1.0,1.0,0.0,1.0
0.5,0.5,0.5,0.5,0.5,0.5,0.04614,0.06667,0.13333,0.0,0.0,0.66667,0.0,0.07556,0.0,0.9791,0.0,1.0,0.98095,1.0,1.0,0.5,1.0,0.57872,0.82674,0.07143,0.69694,0.59703,0.0,0.0,0.44444,1.0,0.5,0.8,1.0,1.0,0.5,0.5,0.5,1.0,1.0,0.5,0.5,0.5,0.0,0.0,1.0,1.0,1.0,0.5,0.5,1.0,0.06667,0.0,1.0,1.0,1.0,1.0,0.5
0.0,0.5,0.0,0.5,0.06667,0.5,0.04571,0.06667,0.16667,0.0,0.0,0.66667,1.0,0.07556,0.0,0.98342,0.0,1.0,0.98095,1.0,1.0,1.0,0.0,0.00426,0.00609,0.07143,1.0,1.0,1.0,1.0,1.0,1.0,0.85714,0.8,1.0,1.0,0.5,0.5,0.5,1.0,1.0,0.5,0.5,0.5,0.0,0.0,1.0,1.0,1.0,0.5,0.5,1.0,0.06667,1.0,1.0,1.0,1.0,1.0,0.28571
1.0,0.5,1.0,0.5,0.06667,0.5,0.04622,0.06667,0.2,0.0,0.0,0.66667,1.0,0.07556,0.0,0.987,0.0,1.0,0.98095,1.0,1.0,1.0,1.0,0.00436,0.00623,0.07143,1.0,1.0,1.0,1.0,1.0,1.0,1.0,0.8,1.0,1.0,0.5,0.5,0.5,1.0,1.0,0.5,0.5,0.5,0.0,0.0,1.0,1.0,1.0,0.5,0.5,1.0,0.06667,1.0,1.0,1.0,1.0,1.0,0.35714
1.0,0.5,1.0,0.5,0.06667,0.5,0.04689,0.06667,0.23333,0.0,0.0,0.66667,1.0,0.07556,0.0,0.98812,0.0,0.99048,0.99048,1.0,1.0,0.99048,1.0,0.55194,0.78849,0.07143,0.83653,0.719,0.0,1.0,0.79974,1.0,0.92857,0.8,1.0,1.0,0.5,0.5,0.5,1.0,1.0,0.5,0.5,0.5,0.0,0.0,1.0,1.0,1.0,0.5,0.5,0.2,0.13333,1.0,1.0,1.0,1.0,0.0,0.35714
0.0,0.5,0.0,0.5,0.06667,0.5,0.0403,0.06667,0.26667,0.0,0.0,0.66667,1.0,0.08,0.0,0.9977,0.0,0.99048,0.98095,1.0,1.0,0.99048,0.0,0.02679,0.03827,0.0,0.70341,0.54251,0.0,0.0,0.66201,1.0,1.0,0.8,1.0,1.0,0.5,0.5,0.5,1.0,1.0,0.5,0.5,0.5,0.0,0.0,1.0,1.0,1.0,0.5,0.5,0.2,0.13333,1.0,0.0,1.0,1.0,1.0,1.0
0.0,0.0,0.0,0.0,0.06667,0.06667,0.02595,0.06667,0.4,0.0,0.0,0.66667,0.0,0.07111,0.0,0.99332,0.0,1.0,1.0,1.0,1.0,1.0,0.0,0.00137,0.00196,0.07143,1.0,1.0,1.0,1.0,1.0,0.92857,0.92857,0.8,1.0,1.0,0.5,0.5,0.5,1.0,1.0,0.5,0.5,0.5,0.0,0.0,1.0,1.0,1.0,0.5,0.5,1.0,0.06667,1.0,1.0,1.0,1.0,1.0,1.0
0.0,0.0,0.0,0.0,0.06667,0.06667,0.02589,0.06667,0.46667,0.0,0.0,0.66667,0.0,0.07111,0.0,0.99412,0.0,1.0,1.0,1.0,1.0,1.0,0.0,0.00137,0.00195,0.07143,1.0,1.0,1.0,1.0,1.0,1.0,1.0,0.8,1.0,1.0,0.5,0.5,0.5,1.0,1.0,0.5,0.5,0.5,0.0,0.0,1.0,1.0,1.0,0.5,0.5,1.0,0.06667,1.0,1.0,1.0,1.0,1.0,0.21429
0.0,0.0,0.0,0.0,0.06667,0.06667,0.02588,0.06667,0.6,0.0,0.0,0.66667,0.0,0.06667,0.0,0.99776,0.0,1.0,0.99048,1.0,1.0,0.99048,0.0,0.00137,0.00195,0.0,1.0,1.0,1.0,0.0,1.0,1.0,1.0,0.8,1.0,1.0,0.5,0.5,0.5,1.0,1.0,0.5,0.5,0.5,0.0,0.0,1.0,1.0,1.0,0.5,0.5,1.0,0.06667,1.0,1.0,1.0,1.0,1.0,0.21429
0.0,0.0,0.0,0.0,0.06667,0.06667,0.02588,0.06667,0.66667,0.0,0.0,0.66667,0.0,0.06667,0.0,0.99827,0.0,1.0,1.0,1.0,1.0,1.0,0.0,0.00137,0.00195,0.0,1.0,1.0,1.0,0.0,1.0,1.0,1.0,0.8,1.0,1.0,0.5,0.5,0.5,1.0,1.0,0.5,0.5,0.5,0.0,0.0,1.0,1.0,1.0,0.5,0.5,1.0,0.06667,1.0,1.0,1.0,1.0,1.0,0.21429
0.0,0.0,0.0,0.0,0.06667,0.06667,0.02588,0.06667,0.73333,0.0,0.0,0.66667,0.0,0.06667,0.0,0.99842,0.0,1.0,1.0,1.0,1.0,1.0,0.0,0.00137,0.00195,0.0,1.0,1.0,1.0,0.0,1.0,1.0,1.0,0.8,1.0,1.0,0.5,0.5,0.5,1.0,1.0,0.5,0.5,0.5,0.0,0.0,1.0,1.0,1.0,0.5,0.5,1.0,0.06667,1.0,1.0,1.0,1.0,1.0,0.21429
0.0,0.0,0.0,0.0,0.06667,0.06667,0.02588,0.06667,0.9,0.0,0.0,0.66667,0.0,0.06667,0.0,0.99939,0.0,1.0,1.0,1.0,1.0,1.0,0.0,0.00137,0.00195,0.0,1.0,1.0,1.0,0.0,1.0,1.0,1.0,0.8,1.0,1.0,0.5,0.5,0.5,1.0,1.0,0.5,0.5,0.5,0.0,0.0,1.0,1.0,1.0,0.5,0.5,1.0,0.06667,1.0,1.0,1.0,1.0,1.0,0.21429
0.0,0.0,0.0,0.0,0.06667,0.06667,0.02588,0.06667,0.96667,0.0,0.0,0.66667,0.0,0.06667,0.0,0.9996,0.0,1.0,1.0,1.0,1.0,1.0,0.0,0.00137,0.00195,0.0,1.0,1.0,1.0,0.0,1.0,1.0,1.0,0.8,1.0,1.0,0.5,0.5,0.5,1.0,1.0,0.5,0.5,0.5,0.0,0.0,1.0,1.0,1.0,0.5,0.5,1.0,0.06667,1.0,1.0,1.0,1.0,1.0,0.21429
0.5,0.5,0.5,0.5,0.5,0.5,0.00673,0.53333,0.86667,0.0,0.0,0.66667,0.0,0.09333,0.07556,0.0,0.99928,0.89524,1.0,0.70476,0.82857,0.5,0.0,0.61328,0.87612,0.07143,0.26269,0.05457,0.625,0.0,0.82133,0.85714,0.5,0.0,0.93333,0.99761,1.0,0.5,1.0,0.88889,0.875,0.5,0.5,0.5,0.0,0.0,1.0,1.0,1.0,1.0,0.09362,1.0,0.06667,0.0,1.0,0.0,1.0,0.0,0.5
0.0,0.5,0.0,0.5,0.6,0.5,0.00458,0.6,0.9,0.0,0.0,0.66667,1.0,0.08444,0.07111,0.98722,0.0,0.98095,1.0,0.72381,1.0,0.98095,1.0,0.76818,1.0,0.07143,0.09918,0.01446,0.75,0.0,0.81777,1.0,0.85714,0.0,0.93333,0.99808,1.0,1.0,1.0,0.88889,0.875,0.5,0.5,0.5,0.0,0.0,1.0,1.0,1.0,1.0,0.09362,1.0,0.06667,0.0,1.0,0.0,1.0,0.0,1.0
0.5,0.5,0.5,0.5,0.5,0.5,0.03724,0.06667,0.8,0.0,0.0,0.66667,0.0,0.06667,0.0,0.98316,0.0,0.99048,0.98095,1.0,1.0,0.5,1.0,0.56872,0.81245,0.07143,0.60192,0.44099,0.0,0.0,0.89502,0.85714,0.5,0.8,1.0,1.0,0.5,0.5,0.5,1.0,1.0,0.5,0.5,0.5,0.0,0.0,1.0,1.0,1.0,0.5,0.5,1.0,0.06667,0.0,1.0,1.0,1.0,0.0,0.5
1.0,1.0,1.0,1.0,0.06667,0.06667,0.03862,0.06667,0.93333,0.0,0.0,0.66667,0.0,0.07111,0.0,0.98943,0.0,1.0,0.99048,1.0,1.0,0.99048,0.0,0.54705,0.78151,0.07143,0.77989,0.6392,0.0,1.0,1.0,0.92857,0.78571,0.8,1.0,1.0,0.5,0.5,0.5,1.0,1.0,0.5,0.5,0.5,0.0,0.0,1.0,1.0,1.0,0.5,0.5,0.2,0.13333,1.0,1.0,1.0,1.0,0.0,0.35714
0.5,0.5,0.5,0.5,0.5,0.5,0.06667,0.53333,0.03333,0.0,0.0,0.66667,0.0,0.06667,0.0,0.5,0.5,0.5,0.5,0.5,0.5,0.5,0.5,0.0,0.0,0.71429,1.0,1.0,1.0,0.0,0.0,0.5,0.5,0.8,1.0,1.0,0.5,0.5,0.5,1.0,1.0,0.5,0.5,0.5,0.5,0.5,1.0,0.5,0.5,0.5,0.5,0.2,0.73333,1.0,1.0,1.0,1.0,0.5,0.5
0.5,0.5,0.5,0.5,0.5,0.5,0.04558,0.06667,0.13333,0.0,0.0,0.66667,0.0,0.07556,0.0,0.97345,0.0,1.0,0.98095,1.0,1.0,0.5,1.0,0.5779,0.82557,0.07143,0.69446,0.5946,0.0,0.0,0.44444,1.0,0.5,0.8,1.0,1.0,0.5,0.5,0.5,1.0,1.0,0.5,0.5,0.5,0.0,0.0,1.0,1.0,1.0,0.5,0.5,1.0,0.06667,0.0,1.0,1.0,1.0,1.0,0.5
0.0,0.5,0.0,0.5,0.06667,0.5,0.04517,0.06667,0.16667,0.0,0.0,0.66667,1.0,0.07556,0.0,0.97903,0.0,1.0,0.98095,1.0,1.0,1.0,0.0,0.00416,0.00595,0.07143,1.0,1.0,1.0,1.0,1.0,1.0,0.85714,0.8,1.0,1.0,0.5,0.5,0.5,1.0,1.0,0.5,0.5,0.5,0.0,0.0,1.0,1.0,1.0,0.5,0.5,1.0,0.06667,1.0,1.0,1.0,1.0,1.0,0.21429
0.0,0.0,0.0,0.0,0.06667,0.06667,0.0451,0.06667,0.23333,0.0,0.0,0.66667,0.0,0.07556,0.0,0.98566,0.0,0.99048,0.99048,1.0,1.0,0.99048,0.0,0.00415,0.00593,0.0,1.0,1.0,1.0,0.0,1.0,1.0,1.0,0.8,1.0,1.0,0.5,0.5,0.5,1.0,1.0,0.5,0.5,0.5,0.0,0.0,1.0,1.0,1.0,0.5,0.5,1.0,0.06667,1.0,1.0,1.0,1.0,1.0,0.21429
0.0,0.5,0.0,0.5,0.06667,0.5,0.04509,0.06667,0.26667,0.0,0.0,0.66667,1.0,0.07556,0.0,0.99004,0.0,1.0,0.99048,1.0,1.0,1.0,0.0,0.00415,0.00593,0.0,1.0,1.0,1.0,0.0,1.0,1.0,1.0,0.8,1.0,1.0,0.5,0.5,0.5,1.0,1.0,0.5,0.5,0.5,0.0,0.0,1.0,1.0,1.0,0.5,0.5,1.0,0.06667,1.0,1.0,1.0,1.0,1.0,0.21429
0.0,0.5,0.0,0.5,0.06667,0.5,0.04509,0.06667,0.3,0.0,0.0,0.66667,1.0,0.06667,0.0,0.9925,0.0,1.0,0.99048,1.0,1.0,1.0,0.0,0.00415,0.00593,0.0,1.0,1.0,1.0,0.0,1.0,1.0,1.0,0.8,1.0,1.0,0.5,0.5,0.5,1.0,1.0,0.5,0.5,0.5,0.0,0.0,1.0,1.0,1.0,0.5,0.5,1.0,0.06667,1.0,1.0,1.0,1.0,1.0,0.21429
0.0,0.5,0.0,0.5,0.06667,0.5,0.04509,0.06667,0.33333,0.0,0.0,0.66667,1.0,0.06667,0.0,0.99425,0.0,1.0,0.99048,1.0,1.0,1.0,0.0,0.00415,0.00593,0.0,1.0,1.0,1.0,0.0,1.0,1.0,1.0,0.8,1.0,1.0,0.5,0.5,0.5,1.0,1.0,0.5,0.5,0.5,0.0,0.0,1.0,1.0,1.0,0.5,0.5,1.0,0.06667,1.0,1.0,1.0,1.0,1.0,0.21429
0.0,0.5,0.0,0.5,0.06667,0.5,0.04509,0.06667,0.36667,0.0,0.0,0.66667,1.0,0.06667,0.0,0.99486,0.0,1.0,1.0,1.0,1.0,1.0,0.0,0.00415,0.00593,0.0,1.0,1.0,1.0,0.0,1.0,1.0,1.0,0.8,1.0,1.0,0.5,0.5,0.5,1.0,1.0,0.5,0.5,0.5,0.0,0.0,1.0,1.0,1.0,0.5,0.5,1.0,0.06667,1.0,1.0,1.0,1.0,1.0,0.21429
0.0,0.5,0.0,0.5,0.06667,0.5,0.04509,0.06667,0.4,0.0,0.0,0.66667,1.0,0.06667,0.0,0.99565,0.0,1.0,1.0,1.0,1.0,1.0,0.0,0.00415,0.00593,0.0,1.0,1.0,1.0,0.0,1.0,1.0,1.0,0.8,1.0,1.0,0.5,0.5,0.5,1.0,1.0,0.5,0.5,0.5,0.0,0.0,1.0,1.0,1.0,0.5,0.5,1.0,0.06667,1.0,1.0,1.0,1.0,1.0,0.21429
0.0,0.5,0.0,0.5,0.06667,0.5,0.04509,0.06667,0.43333,0.0,0.0,0.66667,1.0,0.06667,0.0,0.99641,0.0,1.0,1.0,1.0,1.0,1.0,0.0,0.00415,0.00593,0.0,1.0,1.0,1.0,0.0,1.0,1.0,1.0,0.8,1.0,1.0,0.5,0.5,0.5,1.0,1.0,0.5,0.5,0.5,0.0,0.0,1.0,1.0,1.0,0.5,0.5,1.0,0.06667,1.0,1.0,1.0,1.0,1.0,0.21429
0.0,0.0,0.0,0.0,0.06667,0.06667,0.04509,0.06667,0.5,0.0,0.0,0.66667,0.0,0.06667,0.0,0.99768,0.0,1.0,1.0,1.0,1.0,1.0,0.0,0.00415,0.00593,0.0,1.0,1.0,1.0,0.0,1.0,1.0,1.0,0.8,1.0,1.0,0.5,0.5,0.5,1.0,1.0,0.5,0.5,0.5,0.0,0.0,1.0,1.0,1.0,0.5,0.5,1.0,0.06667,1.0,1.0,1.0,1.0,1.0,0.21429
0.0,0.0,0.0,0.0,0.06667,0.06667,0.04509,0.06667,0.56667,0.0,0.0,0.66667,0.0,0.06667,0.0,0.99857,0.0,1.0,1.0,1.0,1.0,1.0,0.0,0.00415,0.00593,0.0,1.0,1.0,1.0,0.0,1.0,1.0,1.0,0.8,1.0,1.0,0.5,0.5,0.5,1.0,1.0,0.5,0.5,0.5,0.0,0.0,1.0,1.0,1.0,0.5,0.5,1.0,0.06667,1.0,1.0,1.0,1.0,1.0,0.21429
0.0,0.0,0.0,0.0,0.06667,0.06667,0.04509,0.06667,0.63333,0.0,0.0,0.66667,0.0,0.06667,0.0,0.9991,0.0,1.0,1.0,1.0,1.0,1.0,0.0,0.00415,0.00593,0.0,1.0,1.0,1.0,0.0,1.0,1.0,1.0,0.8,1.0,1.0,0.5,0.5,0.5,1.0,1.0,0.5,0.5,0.5,0.0,0.0,1.0,1.0,1.0,0.5,0.5,1.0,0.06667,1.0,1.0,1.0,1.0,1.0,0.21429
0.0,0.0,0.0,0.0,0.06667,0.06667,0.04509,0.06667,0.7,0.0,0.0,0.66667,0.0,0.06667,0.0,0.99942,0.0,1.0,1.0,1.0,1.0,1.0,0.0,0.00415,0.00593,0.0,1.0,1.0,1.0,0.0,1.0,1.0,1.0,0.8,1.0,1.0,0.5,0.5,0.5,1.0,1.0,0.5,0.5,0.5,0.0,0.0,1.0,1.0,1.0,0.5,0.5,1.0,0.06667,1.0,1.0,1.0,1.0,1.0,0.21429
0.0,0.0,0.0,0.0,0.06667,0.06667,0.04509,0.06667,0.76667,0.0,0.0,0.66667,0.0,0.06667,0.0,0.99963,0.0,1.0,1.0,1.0,1.0,1.0,0.0,0.00415,0.00593,0.0,1.0,1.0,1.0,0.0,1.0,1.0,1.0,0.8,1.0,1.0,0.5,0.5,0.5,1.0,1.0,0.5,0.5,0.5,0.0,0.0,1.0,1.0,1.0,0.5,0.5,1.0,0.06667,1.0,1.0,1.0,1.0,1.0,0.21429
0.0,0.0,0.0,0.0,0.06667,0.06667,0.04509,0.06667,0.83333,0.0,0.0,0.66667,0.0,0.06667,0.0,0.99976,0.0,1.0,1.0,1.0,1.0,1.0,0.0,0.00415,0.00593,0.0,1.0,1.0,1.0,0.0,1.0,1.0,1.0,0.8,1.0,1.0,0.5,0.5,0.5,1.0,1.0,0.5,0.5,0.5,0.0,0.0,1.0,1.0,1.0,0.5,0.5,1.0,0.06667,1.0,1.0,1.0,1.0,1.0,0.21429
0.0,0.0,0.0,0.0,0.06667,0.06667,0.04509,0.06667,0.9,0.0,0.0,0.66667,0.0,0.06667,0.0,0.99984,0.0,1.0,1.0,1.0,1.0,1.0,0.0,0.00415,0.00593,0.0,1.0,1.0,1.0,0.0,1.0,1.0,1.0,0.8,1.0,1.0,0.5,0.5,0.5,1.0,1.0,0.5,0.5,0.5,0.0,0.0,1.0,1.0,1.0,0.5,0.5,1.0,0.06667,1.0,1.0,1.0,1.0,1.0,0.21429
0.0,0.0,0.0,0.0,0.06667,0.06667,0.04509,0.06667,0.96667,0.0,0.0,0.66667,0.0,0.06667,0.0,0.9999,0.0,1.0,1.0,1.0,1.0,1.0,0.0,0.00415,0.00593,0.0,1.0,1.0,1.0,0.0,1.0,1.0,1.0,0.8,1.0,1.0,0.5,0.5,0.5,1.0,1.0,0.5,0.5,0.5,0.0,0.0,1.0,1.0,1.0,0.5,0.5,1.0,0.06667,1.0,1.0,1.0,1.0,1.0,0.21429
0.0,0.0,0.0,0.0,0.06667,0.06667,0.04509,0.06667,0.0,0.96774,0.0,0.66667,0.0,0.06667,0.0,0.99993,0.0,1.0,1.0,1.0,1.0,1.0,0.0,0.00415,0.00593,0.0,1.0,1.0,1.0,0.0,1.0,1.0,1.0,0.8,1.0,1.0,0.5,0.5,0.5,1.0,1.0,0.5,0.5,0.5,0.0,0.0,1.0,1.0,1.0,0.5,0.5,1.0,0.06667,1.0,1.0,1.0,1.0,1.0,0.21429
0.0,0.0,0.0,0.0,0.06667,0.06667,0.04509,0.06667,0.0,0.90909,0.0,0.66667,0.0,0.06667,0.0,0.99996,0.0,1.0,1.0,1.0,1.0,1.0,0.0,0.00415,0.00593,0.0,1.0,1.0,1.0,0.0,1.0,1.0,1.0,0.8,1.0,1.0,0.5,0.5,0.5,1.0,1.0,0.5,0.5,0.5,0.0,0.0,1.0,1.0,1.0,0.5,0.5,1.0,0.06667,1.0,1.0,1.0,1.0,1.0,0.21429
0.0,0.0,0.0,0.0,0.06667,0.06667,0.04509,0.06667,0.0,0.85714,0.0,0.66667,0.0,0.06667,0.0,0.99997,0.0,1.0,1.0,1.0,1.0,1.0,0.0,0.00415,0.00593,0.0,1.0,1.0,1.0,0.0,1.0,1.0,1.0,0.8,1.0,1.0,0.5,0.5,0.5,1.0,1.0,0.5,0.5,0.5,0.0,0.0,1.0,1.0,1.0,0.5,0.5,1.0,0.06667,1.0,1.0,1.0,1.0,1.0,0.21429
0.0,0.5,0.0,0.5,0.06667,0.5,0.04509,0.06667,0.0,0.83333,0.0,0.66667,1.0,0.06667,0.0,0.99998,0.0,1.0,1.0,1.0,1.0,1.0,0.0,0.00415,0.00593,0.0,1.0,1.0,1.0,0.0,1.0,1.0,1.0,0.8,1.0,1.0,0.5,0.5,0.5,1.0,1.0,0.5,0.5,0.5,0.0,0.0,1.0,1.0,1.0,0.5,0.5,1.0,0.06667,1.0,1.0,1.0,1.0,1.0,0.21429
0.0,0.5,0.0,0.5,0.06667,0.5,0.04509,0.06667,0.0,0.81081,0.0,0.66667,1.0,0.06667,0.0,0.99998,0.0,1.0,1.0,1.0,1.0,1.0,0.0,0.00415,0.00593,0.0,1.0,1.0,1.0,0.0,1.0,1.0,1.0,0.8,1.0,1.0,0.5,0.5,0.5,1.0,1.0,0.5,0.5,0.5,0.0,0.0,1.0,1.0,1.0,0.5,0.5,1.0,0.06667,1.0,1.0,1.0,1.0,1.0,0.21429
0.0,0.5,1.0,0.5,0.06667,0.5,0.04509,0.06667,0.0,0.78947,0.0,0.66667,1.0,0.06667,0.0,0.99999,0.0,1.0,1.0,1.0,1.0,1.0,0.0,0.00415,0.00593,0.0,1.0,1.0,1.0,0.0,1.0,1.0,1.0,0.8,1.0,1.0,0.5,0.5,0.5,1.0,1.0,0.5,0.5,0.5,0.0,0.0,1.0,1.0,1.0,0.5,0.5,1.0,0.06667,1.0,1.0,1.0,1.0,1.0,0.21429
0.0,0.5,0.0,0.5,0.06667,0.5,0.04509,0.06667,0.0,0.76923,0.0,0.66667,1.0,0.06667,0.0,0.99999,0.0,1.0,1.0,1.0,1.0,1.0,0.0,0.00415,0.00593,0.0,1.0,1.0,1.0,0.0,1.0,1.0,1.0,0.8,1.0,1.0,0.5,0.5,0.5,1.0,1.0,0.5,0.5,0.5,0.0,0.0,1.0,1.0,1.0,0.5,0.5,1.0,0.06667,1.0,1.0,1.0,1.0,1.0,0.21429
0.0,0.5,0.0,0.5,0.06667,0.5,0.04509,0.06667,0.0,0.75,0.0,0.66667,1.0,0.06667,0.0,0.99999,0.0,1.0,1.0,1.0,1.0,1.0,0.0,0.00415,0.00593,0.0,1.0,1.0,1.0,0.0,1.0,1.0,1.0,0.8,1.0,1.0,0.5,0.5,0.5,1.0,1.0,0.5,0.5,0.5,0.0,0.0,1.0,1.0,1.0,0.5,0.5,1.0,0.06667,1.0,1.0,1.0,1.0,1.0,0.21429
0.5,0.5,0.5,0.5,0.5,0.5,0.02683,0.2,0.36667,0.0,0.0,0.66667,0.0,0.20889,0.05778,0.0,0.9348,0.53333,0.75238,0.49524,1.0,0.5,0.0,0.66353,0.9479,0.07143,0.44488,0.19188,0.4,0.0,0.94979,0.85714,0.5,0.8,1.0,1.0,0.5,0.5,0.5,1.0,1.0,0.5,0.5,0.5,0.0,0.0,1.0,1.0,1.0,0.0,0.228,0.2,0.26667,0.6,0.66667,0.0,1.0,0.2,0.5
0.0,0.0,0.0,0.0,0.2,0.2,0.02068,0.2,0.43333,0.0,0.0,0.66667,0.0,0.12889,0.07111,0.97556,0.0,1.0,1.0,0.61905,1.0,0.53333,1.0,0.87376,1.0,0.07143,0.27589,0.13799,0.14286,0.0,0.93931,0.85714,0.71429,0.8,1.0,1.0,0.5,0.5,0.5,1.0,1.0,0.5,0.5,0.5,0.0,0.0,1.0,1.0,1.0,0.0,0.228,1.0,0.06667,0.0,1.0,1.0,1.0,0.0,1.0
0.0,0.0,0.0,0.0,0.2,0.2,0.00947,0.2,0.0,0.78947,0.0,0.66667,0.0,0.07111,0.07556,0.0,0.98433,1.0,1.0,0.66667,1.0,0.73333,1.0,0.86402,1.0,0.78571,0.11652,0.06426,0.0,0.0,0.95308,1.0,0.21429,0.8,1.0,1.0,0.5,0.5,0.5,1.0,1.0,0.5,0.5,0.5,0.0,0.0,1.0,1.0,1.0,0.0,0.228,1.0,0.06667,0.0,1.0,1.0,1.0,0.0,0.07143
0.5,0.5,0.5,0.5,0.5,0.5,0.37779,1.0,0.43333,0.0,0.5,0.0,0.0,0.2,0.04,0.97363,0.0,1.0,1.0,1.0,1.0,0.5,1.0,0.99894,1.0,0.25,1.0,1.0,1.0,0.0,0.5,0.5,0.5,0.8,1.0,1.0,0.5,0.5,0.5,1.0,1.0,0.5,0.5,0.5,0.0,0.0,1.0,1.0,1.0,1.0,1.0,0.2,0.4,1.0,0.0,1.0,1.0,1.0,0.5
0.0,0.0,0.0,0.0,0.8,0.6,0.24814,0.6,0.53333,0.0,0.5,0.0,0.0,0.16,0.08,0.0,0.98408,1.0,1.0,0.8,1.0,0.8,0.0,0.98261,1.0,0.25,0.69121,0.52813,0.0,0.0,0.5,1.0,1.0,0.8,1.0,1.0,0.5,0.5,0.5,1.0,1.0,0.5,0.5,0.5,0.0,0.0,1.0,1.0,1.0,1.0,0.09807,1.0,0.2,0.0,1.0,0.0,1.0,0.0,1.0
0.0,0.0,0.0,0.0,0.6,0.6,0.24126,0.6,0.63333,0.0,0.5,0.0,0.0,0.16,0.08,0.98005,0.0,1.0,1.0,0.8,1.0,1.0,1.0,0.98375,1.0,0.25,0.67304,0.50721,0.0,0.0,0.5,1.0,1.0,0.8,1.0,1.0,0.5,0.5,0.5,1.0,1.0,0.5,0.5,0.5,0.0,0.0,1.0,1.0,1.0,1.0,0.09807,1.0,0.2,0.0,1.0,0.0,1.0,0.0,0.75
0.5,0.5,0.5,0.5,0.5,0.5,0.12008,0.4,0.4,0.0,0.5,0.0,0.0,0.28,0.0,0.0,0.99849,1.0,1.0,1.0,1.0,0.5,1.0,0.37146,0.53065,0.0,0.56291,0.3917,0.0,0.0,0.89305,1.0,0.5,0.8,1.0,1.0,0.5,0.5,0.5,1.0,1.0,0.5,0.5,0.5,0.0,0.0,1.0,1.0,1.0,0.5,0.5,0.2,0.4,1.0,0.0,1.0,1.0,1.0,0.5
0.0,0.0,0.0,0.0,0.4,0.4,0.08816,0.2,0.6,0.0,0.5,0.0,0.0,0.28,0.0,0.0,0.99789,1.0,1.0,1.0,1.0,1.0,1.0,0.43183,0.6169,0.0,0.38329,0.23708,0.0,0.0,0.84568,1.0,1.0,0.8,1.0,1.0,0.5,0.5,0.5,1.0,1.0,0.5,0.5,0.5,0.0,0.0,1.0,1.0,1.0,0.5,0.5,1.0,0.2,0.0,1.0,1.0,1.0,0.0,1.0
0.0,0.5,1.0,0.5,0.2,0.5,0.08819,0.2,0.63333,0.0,0.5,0.0,1.0,0.28,0.0,0.0,0.99917,1.0,1.0,1.0,1.0,1.0,1.0,0.43352,0.61931,0.0,0.38268,0.23661,0.0,0.0,0.84325,1.0,1.0,0.8,1.0,1.0,0.5,0.5,0.5,1.0,1.0,0.5,0.5,0.5,0.0,0.0,1.0,1.0,1.0,0.5,0.5,1.0,0.2,0.0,1.0,1.0,1.0,0.0,0.25
0.5,0.5,0.5,0.5,0.5,0.5,0.01166,0.2,0.13333,0.0,0.5,0.0,0.0,0.4,0.0,0.89983,0.0,0.9,0.9,1.0,1.0,0.5,1.0,0.81239,1.0,0.5,0.07923,0.04742,0.0,0.0,0.83775,1.0,0.5,0.8,1.0,1.0,0.5,0.5,0.5,1.0,1.0,0.5,0.5,0.5,0.0,0.0,1.0,1.0,1.0,0.5,0.5,0.2,0.6,1.0,1.0,1.0,1.0,0.0,0.5
0.0,0.0,0.0,0.0,0.2,0.2,0.0092,0.2,0.2,0.0,0.5,0.0,0.0,0.32,0.0,0.98684,0.0,1.0,1.0,1.0,1.0,1.0,1.0,0.82595,1.0,0.5,0.06009,0.03526,0.0,0.0,0.87419,1.0,1.0,0.8,1.0,1.0,0.5,0.5,0.5,1.0,1.0,0.5,0.5,0.5,0.0,0.0,1.0,1.0,1.0,0.5,0.5,1.0,0.2,0.0,1.0,1.0,1.0,0.0,1.0
0.0,0.0,0.0,0.0,0.2,0.2,0.00874,0.2,0.26667,0.0,0.5,0.0,0.0,0.32,0.0,0.99814,0.0,1.0,1.0,1.0,1.0,0.8,0.0,0.97766,1.0,0.75,0.04784,0.03148,0.0,0.0,0.89089,1.0,0.75,0.8,1.0,1.0,0.5,0.5,0.5,1.0,1.0,0.5,0.5,0.5,0.0,0.0,1.0,1.0,1.0,0.5,0.5,0.2,0.4,0.33333,0.0,1.0,1.0,0.0,0.0
0.5,0.5,0.5,0.5,0.5,0.5,0.08967,0.2,0.13333,0.0,0.5,0.0,0.0,0.24,0.0,0.96828,0.0,1.0,1.0,1.0,1.0,0.5,0.0,0.62069,0.88671,0.25,0.78222,0.64234,0.0,1.0,1.0,1.0,0.5,0.8,1.0,1.0,0.5,0.5,0.5,1.0,1.0,0.5,0.5,0.5,0.0,0.0,1.0,1.0,1.0,0.5,0.5,0.2,0.4,1.0,1.0,1.0,1.0,0.0,0.5
0.5,0.5,0.5,0.5,0.5,0.5,0.39825,1.0,0.03333,0.0,0.5,0.0,0.0,0.2,0.0,0.5,0.5,0.5,0.5,0.5,0.5,0.5,0.5,0.0,0.0,0.75,1.0,1.0,1.0,0.0,0.0,0.5,0.5,0.8,1.0,1.0,0.5,0.5,0.5,1.0,1.0,0.5,0.5,0.5,0.5,0.5,1.0,0.5,0.5,0.5,0.5,0.4,0.6,0.66667,1.0,1.0,1.0,0.5,0.5
0.0,1.0,0.0,1.0,1.0,1.0,0.43207,1.0,0.1,0.0,0.5,0.0,0.0,0.32,0.04,0.3875,0.0,0.8,0.7,1.0,1.0,0.8,0.0,0.90953,1.0,0.0,1.0,1.0,1.0,0.0,0.8139,0.5,0.5,0.8,1.0,1.0,0.5,0.5,0.5,1.0,1.0,0.5,0.5,0.5,0.0,0.0,1.0,1.0,1.0,0.5,0.5,0.3,0.4,1.0,1.0,1.0,1.0,1.0,1.0
1.0,1.0,1.0,1.0,1.0,1.0,0.58322,1.0,0.3,0.0,0.5,0.0,0.0,0.28,0.12,0.0,0.99973,1.0,1.0,0.6,1.0,0.6,0.0,0.79433,1.0,0.5,1.0,1.0,1.0,1.0,1.0,1.0,1.0,0.8,1.0,1.0,0.5,0.5,0.5,1.0,1.0,0.5,0.5,0.5,0.0,0.0,1.0,1.0,1.0,0.5,0.5,0.5,0.4,1.0,1.0,0.0,1.0,0.0,1.0
0.0,0.0,0.0,0.0,1.0,1.0,0.47815,1.0,0.4,0.0,0.5,0.0,0.0,0.24,0.12,0.0,0.9999,1.0,1.0,0.5,1.0,1.0,0.0,0.78831,1.0,0.5,1.0,1.0,1.0,0.0,1.0,1.0,1.0,0.8,1.0,1.0,0.5,0.5,0.5,1.0,1.0,0.5,0.5,0.5,0.0,0.0,1.0,1.0,1.0,0.5,0.5,0.2,0.4,1.0,0.0,0.0,1.0,0.0,1.0
0.5,0.5,0.5,0.5,0.5,0.5,0.00033,0.2,0.1,0.0,0.5,0.0,0.0,0.4,0.08,0.39896,0.0,0.8,1.0,0.9,1.0,0.5,0.0,0.74145,1.0,0.25,0.00196,0.00098,0.0,1.0,1.0,1.0,0.5,0.0,0.6,0.47847,0.23007,0.5,0.04601,1.0,1.0,0.5,0.5,0.5,0.0,0.0,1.0,1.0,1.0,0.5,0.5,1.0,0.2,0.0,1.0,1.0,1.0,0.0,0.5
0.5,0.5,0.5,0.5,0.5,0.5,0.00448,0.6,0.46667,0.0,0.5,0.0,0.0,0.08,0.2,0.0,0.98879,1.0,1.0,0.8,1.0,0.5,0.0,0.71284,1.0,0.25,0.05966,0.01514,0.66667,0.0,0.92724,1.0,0.5,0.8,1.0,1.0,0.5,0.5,0.5,1.0,1.0,0.5,0.5,0.5,0.0,0.0,1.0,1.0,1.0,0.5,0.5,1.0,0.2,0.0,1.0,1.0,1.0,0.0,0.5
0.0,0.0,1.0,1.0,0.6,0.6,0.00448,0.6,0.53333,0.0,0.5,0.0,0.0,0.08,0.2,0.0,0.99466,1.0,1.0,0.8,1.0,1.0,0.0,0.71282,1.0,0.25,0.05967,0.01514,0.66667,0.0,0.92727,1.0,1.0,0.8,1.0,1.0,0.5,0.5,0.5,1.0,1.0,0.5,0.5,0.5,0.0,0.0,1.0,1.0,1.0,0.5,0.5,1.0,0.2,0.0,1.0,1.0,1.0,0.0,0.5
0.0,0.0,1.0,1.0,0.6,0.6,0.00448,0.6,0.6,0.0,0.5,0.0,0.0,0.08,0.2,0.0,0.99694,1.0,1.0,0.8,1.0,1.0,0.0,0.71282,1.0,0.25,0.05967,0.01514,0.66667,0.0,0.92729,1.0,1.0,0.8,1.0,1.0,0.5,0.5,0.5,1.0,1.0,0.5,0.5,0.5,0.0,0.0,1.0,1.0,1.0,0.5,0.5,1.0,0.2,0.0,1.0,1.0,1.0,0.0,0.5
0.0,0.0,1.0,1.0,0.6,0.6,0.00448,0.6,0.66667,0.0,0.5,0.0,0.0,0.08,0.2,0.0,0.99788,1.0,1.0,0.8,1.0,1.0,0.0,0.71282,1.0,0.25,0.05967,0.01514,0.66667,0.0,0.9273,1.0,1.0,0.8,1.0,1.0,0.5,0.5,0.5,1.0,1.0,0.5,0.5,0.5,0.0,0.0,1.0,1.0,1.0,0.5,0.5,1.0,0.2,0.0,1.0,1.0,1.0,0.0,0.5
0.0,0.0,1.0,1.0,0.6,0.6,0.00448,0.6,0.9,0.0,0.5,0.0,0.0,0.08,0.2,0.0,0.99948,1.0,1.0,0.8,1.0,1.0,0.0,0.71282,1.0,0.25,0.05967,0.01514,0.66667,0.0,0.92731,1.0,1.0,0.8,1.0,1.0,0.5,0.5,0.5,1.0,1.0,0.5,0.5,0.5,0.0,0.0,1.0,1.0,1.0,0.5,0.5,1.0,0.2,0.0,1.0,1.0,1.0,0.0,0.5
0.0,0.0,1.0,1.0,0.6,0.6,0.00448,0.6,0.96667,0.0,0.5,0.0,0.0,0.08,0.2,0.0,0.99966,1.0,1.0,0.8,1.0,1.0,0.0,0.71282,1.0,0.25,0.05967,0.01514,0.66667,0.0,0.92731,1.0,1.0,0.8,1.0,1.0,0.5,0.5,0.5,1.0,1.0,0.5,0.5,0.5,0.0,0.0,1.0,1.0,1.0,0.5,0.5,1.0,0.2,0.0,1.0,1.0,1.0,0.0,0.5
0.0,0.0,1.0,1.0,0.6,0.6,0.00448,0.6,0.0,0.96774,0.5,0.0,0.0,0.08,0.2,0.0,0.99978,1.0,1.0,0.8,1.0,1.0,0.0,0.71282,1.0,0.25,0.05967,0.01514,0.66667,0.0,0.92731,1.0,1.0,0.8,1.0,1.0,0.5,0.5,0.5,1.0,1.0,0.5,0.5,0.5,0.0,0.0,1.0,1.0,1.0,0.5,0.5,1.0,0.2,0.0,1.0,1.0,1.0,0.0,0.5
0.0,0.5,1.0,0.5,0.6,0.5,0.00448,0.6,0.0,0.9375,0.5,0.0,1.0,0.08,0.2,0.0,0.99982,1.0,1.0,0.8,1.0,1.0,0.0,0.71282,1.0,0.25,0.05967,0.01514,0.66667,0.0,0.92731,1.0,1.0,0.8,1.0,1.0,0.5,0.5,0.5,1.0,1.0,0.5,0.5,0.5,0.0,0.0,1.0,1.0,1.0,0.5,0.5,1.0,0.2,0.0,1.0,1.0,1.0,0.0,0.5
0.0,0.5,1.0,0.5,0.6,0.5,0.00448,0.6,0.0,0.90909,0.5,0.0,1.0,0.08,0.2,0.0,0.99985,1.0,1.0,0.8,1.0,1.0,0.0,0.71282,1.0,0.25,0.05967,0.01514,0.66667,0.0,0.92731,1.0,1.0,0.8,1.0,1.0,0.5,0.5,0.5,1.0,1.0,0.5,0.5,0.5,0.0,0.0,1.0,1.0,1.0,0.5,0.5,1.0,0.2,0.0,1.0,1.0,1.0,0.0,0.5
0.0,0.5,1.0,0.5,0.6,0.5,0.00448,0.6,0.0,0.88235,0.5,0.0,1.0,0.08,0.2,0.0,0.99988,1.0,1.0,0.8,1.0,1.0,0.0,0.71282,1.0,0.25,0.05967,0.01514,0.66667,0.0,0.92731,1.0,1.0,0.8,1.0,1.0,0.5,0.5,0.5,1.0,1.0,0.5,0.5,0.5,0.0,0.0,1.0,1.0,1.0,0.5,0.5,1.0,0.2,0.0,1.0,1.0,1.0,0.0,0.5
0.0,0.5,1.0,0.5,0.6,0.5,0.00448,0.6,0.0,0.85714,0.5,0.0,1.0,0.08,0.2,0.0,0.9999,1.0,1.0,0.8,1.0,1.0,0.0,0.71282,1.0,0.25,0.05967,0.01514,0.66667,0.0,0.92731,1.0,1.0,0.8,1.0,1.0,0.5,0.5,0.5,1.0,1.0,0.5,0.5,0.5,0.0,0.0,1.0,1.0,1.0,0.5,0.5,1.0,0.2,0.0,1.0,1.0,1.0,0.0,0.5
0.0,0.5,1.0,0.5,0.6,0.5,0.00448,0.6,0.0,0.83333,0.5,0.0,1.0,0.08,0.2,0.0,0.99992,1.0,1.0,0.8,1.0,1.0,0.0,0.71282,1.0,0.25,0.05967,0.01514,0.66667,0.0,0.92731,1.0,1.0,0.8,1.0,1.0,0.5,0.5,0.5,1.0,1.0,0.5,0.5,0.5,0.0,0.0,1.0,1.0,1.0,0.5,0.5,1.0,0.2,0.0,1.0,1.0,1.0,0.0,0.5
0.0,0.5,1.0,0.5,0.6,0.5,0.00448,0.6,0.0,0.81081,0.5,0.0,1.0,0.08,0.2,0.0,0.99994,1.0,1.0,0.8,1.0,1.0,0.0,0.71282,1.0,0.25,0.05967,0.01514,0.66667,0.0,0.92731,1.0,1.0,0.8,1.0,1.0,0.5,0.5,0.5,1.0,1.0,0.5,0.5,0.5,0.0,0.0,1.0,1.0,1.0,0.5,0.5,1.0,0.2,0.0,1.0,1.0,1.0,0.0,0.5
0.0,0.5,1.0,0.5,0.6,0.5,0.00448,0.6,0.0,0.78947,0.5,0.0,1.0,0.08,0.2,0.0,0.99995,1.0,1.0,0.8,1.0,1.0,0.0,0.71282,1.0,0.25,0.05967,0.01514,0.66667,0.0,0.92731,1.0,1.0,0.8,1.0,1.0,0.5,0.5,0.5,1.0,1.0,0.5,0.5,0.5,0.0,0.0,1.0,1.0,1.0,0.5,0.5,1.0,0.2,0.0,1.0,1.0,1.0,0.0,0.5
0.0,0.5,1.0,0.5,0.6,0.5,0.00448,0.6,0.0,0.76923,0.5,0.0,1.0,0.08,0.2,0.0,0.99996,1.0,1.0,0.8,1.0,1.0,0.0,0.71282,1.0,0.25,0.05967,0.01514,0.66667,0.0,0.92731,1.0,1.0,0.8,1.0,1.0,0.5,0.5,0.5,1.0,1.0,0.5,0.5,0.5,0.0,0.0,1.0,1.0,1.0,0.5,0.5,1.0,0.2,0.0,1.0,1.0,1.0,0.0,0.5
0.0,0.5,1.0,0.5,0.6,0.5,0.00448,0.6,0.0,0.75,0.5,0.0,1.0,0.08,0.2,0.0,0.99997,1.0,1.0,0.8,1.0,1.0,0.0,0.71282,1.0,0.25,0.05967,0.01514,0.66667,0.0,0.92731,1.0,1.0,0.8,1.0,1.0,0.5,0.5,0.5,1.0,1.0,0.5,0.5,0.5,0.0,0.0,1.0,1.0,1.0,0.5,0.5,1.0,0.2,0.0,1.0,1.0,1.0,0.0,0.5
0.5,0.5,0.5,0.5,0.5,0.5,0.05704,0.4,0.13333,0.0,0.5,0.0,0.0,0.32,0.08,0.74122,0.0,1.0,1.0,0.9,1.0,0.5,0.0,0.34904,0.49863,0.25,0.29371,0.17213,0.0,1.0,1.0,1.0,0.5,0.0,1.0,1.0,0.5,0.5,0.5,1.0,1.0,0.5,0.5,0.5,0.0,0.0,1.0,1.0,1.0,0.5,0.5,1.0,0.2,0.0,1.0,1.0,1.0,0.0,0.5
0.5,0.5,0.5,0.5,0.5,0.5,0.02961,0.1,0.26667,0.0,1.0,0.0,0.0,0.44,0.01,0.58701,0.0,1.0,1.0,1.0,1.0,0.5,0.0,0.91997,1.0,0.11111,0.23456,0.15317,0.0,0.0,0.96234,0.88889,0.5,0.8,1.0,1.0,0.5,0.5,0.5,1.0,1.0,0.5,0.5,0.5,0.0,0.0,1.0,1.0,1.0,0.28359,0.45945,0.2,0.5,1.0,0.5,1.0,1.0,0.75,0.5
0.0,0.5,0.0,0.5,0.1,0.5,0.02575,0.1,0.3,0.0,1.0,0.0,1.0,0.44,0.01,0.75177,0.0,1.0,1.0,1.0,1.0,1.0,0.0,0.91521,1.0,0.11111,0.20532,0.13614,0.0,0.0,0.96633,1.0,1.0,0.8,1.0,1.0,0.5,0.5,0.5,1.0,1.0,0.5,0.5,0.5,0.0,0.0,1.0,1.0,1.0,0.28359,0.45945,0.2,0.5,1.0,0.25,1.0,1.0,1.0,1.0
1.0,0.5,0.0,0.5,0.1,0.5,0.02487,0.1,0.33333,0.0,1.0,0.0,1.0,0.4,0.01,0.86318,0.0,1.0,1.0,1.0,1.0,1.0,0.0,0.84718,1.0,0.11111,0.21877,0.16974,0.0,0.0,0.97686,1.0,0.77778,0.8,1.0,1.0,0.5,0.5,0.5,1.0,1.0,0.5,0.5,0.5,0.0,0.0,1.0,1.0,1.0,0.28359,0.45945,0.2,0.4,0.75,0.66667,1.0,1.0,0.75,1.0
1.0,0.5,0.0,0.5,0.1,0.5,0.02454,0.1,0.36667,0.0,1.0,0.0,1.0,0.39,0.01,0.93719,0.0,1.0,1.0,1.0,1.0,1.0,1.0,0.84971,1.0,0.11111,0.21503,0.16874,0.0,0.0,0.97935,1.0,1.0,0.8,1.0,1.0,0.5,0.5,0.5,1.0,1.0,0.5,0.5,0.5,0.0,0.0,1.0,1.0,1.0,0.28359,0.45945,0.2,0.4,0.75,0.66667,1.0,1.0,0.75,1.0
0.0,1.0,0.0,1.0,0.1,0.1,0.02456,0.1,0.43333,0.0,1.0,0.0,0.0,0.37,0.01,0.98951,0.0,1.0,1.0,1.0,1.0,1.0,1.0,0.76329,1.0,0.11111,0.24736,0.1661,0.0,0.0,0.95736,1.0,0.77778,0.8,1.0,1.0,0.5,0.5,0.5,1.0,1.0,0.5,0.5,0.5,0.0,0.0,1.0,1.0,1.0,0.28359,0.45945,0.2,0.4,0.75,1.0,1.0,1.0,0.0,1.0
0.0,0.5,0.0,0.5,0.1,0.5,0.02295,0.1,0.46667,0.0,1.0,0.0,1.0,0.37,0.01,0.9927,0.0,1.0,1.0,1.0,1.0,1.0,1.0,0.76673,1.0,0.11111,0.22975,0.15545,0.0,0.0,0.95544,1.0,1.0,0.8,1.0,1.0,0.5,0.5,0.5,1.0,1.0,0.5,0.5,0.5,0.0,0.0,1.0,1.0,1.0,0.28359,0.45945,0.2,0.4,0.75,0.66667,1.0,1.0,0.75,1.0
0.0,0.5,0.0,0.5,0.1,0.5,0.01971,0.1,0.5,0.0,1.0,0.0,1.0,0.37,0.01,0.99485,0.0,1.0,1.0,1.0,1.0,1.0,0.0,0.75768,1.0,0.11111,0.20043,0.13281,0.0,0.0,0.95226,1.0,0.77778,0.8,1.0,1.0,0.5,0.5,0.5,1.0,1.0,0.5,0.5,0.5,0.0,0.0,1.0,1.0,1.0,0.28359,0.45945,0.2,0.4,0.75,0.66667,1.0,1.0,0.5,1.0
1.0,0.5,1.0,0.5,0.1,0.5,0.02031,0.1,0.53333,0.0,1.0,0.0,1.0,0.37,0.01,0.99603,0.0,1.0,1.0,1.0,1.0,1.0,1.0,0.76255,1.0,0.11111,0.20486,0.13759,0.0,0.0,0.94747,1.0,1.0,0.8,1.0,1.0,0.5,0.5,0.5,1.0,1.0,0.5,0.5,0.5,0.0,0.0,1.0,1.0,1.0,0.28359,0.45945,0.2,0.4,0.75,0.66667,1.0,1.0,0.75,1.0
1.0,0.5,1.0,0.5,0.1,0.5,0.02115,0.1,0.56667,0.0,1.0,0.0,1.0,0.37,0.01,0.9971,0.0,1.0,1.0,1.0,1.0,1.0,1.0,0.76488,1.0,0.11111,0.21241,0.14411,0.0,0.0,0.93828,1.0,1.0,0.8,1.0,1.0,0.5,0.5,0.5,1.0,1.0,0.5,0.5,0.5,0.0,0.0,1.0,1.0,1.0,0.28359,0.45945,0.2,0.4,0.75,0.66667,1.0,1.0,0.75,1.0
0.0,0.5,0.0,0.5,0.1,0.5,0.01848,0.1,0.6,0.0,1.0,0.0,1.0,0.37,0.01,0.99799,0.0,1.0,1.0,1.0,1.0,1.0,1.0,0.78835,1.0,0.11111,0.17839,0.12517,0.0,0.0,0.92005,1.0,0.77778,0.8,1.0,1.0,0.5,0.5,0.5,1.0,1.0,0.5,0.5,0.5,0.0,0.0,1.0,1.0,1.0,0.28359,0.45945,0.2,0.4,0.75,0.66667,1.0,1.0,0.5,1.0
0.0,0.5,0.0,0.5,0.1,0.5,0.01446,0.1,0.63333,0.0,1.0,0.0,1.0,0.35,0.01,0.99816,0.0,1.0,1.0,1.0,1.0,1.0,1.0,0.90023,1.0,0.11111,0.11773,0.08266,0.0,0.0,0.98963,1.0,0.77778,0.8,1.0,1.0,0.5,0.5,0.5,1.0,1.0,0.5,0.5,0.5,0.0,0.0,1.0,1.0,1.0,0.28359,0.45945,0.2,0.3,0.5,0.5,1.0,1.0,0.5,1.0
0.5,0.5,0.5,0.5,0.5,0.5,0.19341,0.9,0.03333,0.0,1.0,0.0,0.0,0.1,0.0,0.5,0.5,0.5,0.5,0.5,0.5,0.5,0.5,0.0,0.0,0.77778,1.0,1.0,1.0,0.0,0.0,0.5,0.5,0.8,1.0,1.0,0.5,0.5,0.5,1.0,1.0,0.5,0.5,0.5,0.5,0.5,1.0,0.5,0.5,0.5,0.5,0.2,0.7,0.85714,1.0,1.0,1.0,0.5,0.5
0.0,0.5,0.0,0.5,0.8,0.5,0.16194,0.8,0.06667,0.0,1.0,0.0,1.0,0.16,0.0,0.5,0.5,0.86667,0.91111,1.0,1.0,0.86667,1.0,0.6414,0.91629,0.11111,1.0,1.0,1.0,0.0,0.4096,1.0,0.66667,0.8,1.0,1.0,0.5,0.5,0.5,1.0,1.0,0.5,0.5,0.5,0.5,0.5,1.0,1.0,1.0,0.5,0.5,0.2,0.5,1.0,0.0,1.0,1.0,1.0,1.0
0.0,0.0,0.0,0.0,0.8,0.8,0.09563,0.6,0.4,0.0,1.0,0.0,0.0,0.1,0.01,0.99086,0.0,0.97778,0.97778,1.0,1.0,0.86667,1.0,0.67763,0.96805,0.11111,0.63135,0.46129,0.0,0.0,1.0,0.88889,0.44444,0.8,1.0,1.0,0.5,0.5,0.5,1.0,1.0,0.5,0.5,0.5,0.0,0.0,1.0,1.0,1.0,1.0,0.048,0.2,0.2,1.0,1.0,1.0,1.0,0.0,1.0
0.5,0.5,0.5,0.5,0.5,0.5,0.11291,0.6,0.1,0.0,1.0,0.0,0.0,0.51,0.0,0.91083,0.0,0.6,0.82222,1.0,1.0,0.5,0.0,0.56748,0.81069,0.0,1.0,0.85161,0.8,0.0,0.71725,0.88889,0.5,0.8,1.0,1.0,0.5,0.5,0.5,1.0,1.0,0.5,0.5,0.5,0.0,0.0,1.0,1.0,1.0,0.5,0.5,0.2,0.4,0.6,0.0,1.0,1.0,0.8,0.5
1.0,0.5,1.0,0.5,0.9,0.5,0.14211,0.9,0.13333,0.0,1.0,0.0,1.0,0.43,0.0,0.87796,0.0,1.0,1.0,1.0,1.0,1.0,1.0,0.60926,0.87037,0.0,1.0,1.0,1.0,0.0,0.8083,1.0,1.0,0.8,1.0,1.0,0.5,0.5,0.5,1.0,1.0,0.5,0.5,0.5,0.0,0.0,1.0,1.0,1.0,0.5,0.5,0.2,0.6,1.0,0.8,1.0,1.0,0.6,1.0
1.0,0.5,1.0,0.5,1.0,0.5,0.16152,1.0,0.16667,0.0,1.0,0.0,1.0,0.38,0.01,0.3406,0.0,1.0,1.0,1.0,1.0,1.0,1.0,0.93162,1.0,0.11111,1.0,1.0,1.0,0.0,0.88588,1.0,0.88889,0.8,1.0,1.0,0.5,0.5,0.5,1.0,1.0,0.5,0.5,0.5,0.0,0.0,1.0,1.0,1.0,0.5,0.5,0.2,0.6,0.83333,1.0,1.0,1.0,0.83333,1.0
0.5,0.5,0.5,0.5,0.5,0.5,0.08966,0.4,0.6,0.0,1.0,0.0,0.0,0.12,0.15,0.99449,0.0,0.93333,0.93333,0.71111,1.0,0.5,1.0,0.99902,1.0,0.33333,0.63978,0.45827,0.0,0.0,0.97823,1.0,0.5,0.8,0.9,0.97279,1.0,0.5,0.56251,1.0,1.0,0.5,0.5,0.5,0.0,0.0,1.0,1.0,1.0,0.36621,0.14694,0.2,0.2,0.25,0.0,0.0,1.0,0.0,0.5
0.0,0.5,0.0,0.5,0.4,0.5,0.08478,0.4,0.63333,0.0,1.0,0.0,1.0,0.13,0.15,0.0,0.98898,1.0,1.0,0.75556,1.0,1.0,0.0,0.99298,1.0,0.33333,0.60096,0.45768,0.0,0.0,0.97633,1.0,1.0,0.8,1.0,1.0,0.5,0.5,0.5,1.0,1.0,0.5,0.5,0.5,0.0,0.0,1.0,1.0,1.0,0.36621,0.14694,0.2,0.3,0.5,0.0,0.0,1.0,0.25,1.0
0.0,0.5,0.0,0.5,0.4,0.5,0.07013,0.4,0.66667,0.0,1.0,0.0,1.0,0.12,0.15,0.0,0.99579,1.0,1.0,0.75556,1.0,1.0,0.0,0.98993,1.0,0.33333,0.49548,0.36933,0.0,0.0,0.96936,1.0,1.0,0.8,1.0,1.0,0.5,0.5,0.5,1.0,1.0,0.5,0.5,0.5,0.0,0.0,1.0,1.0,1.0,0.36621,0.14694,0.2,0.3,0.5,0.0,0.0,1.0,0.5,1.0
0.5,0.5,0.5,0.5,0.5,0.5,0.00026,0.1,0.7,0.0,1.0,0.0,0.0,0.24,0.02,0.0,0.99507,1.0,0.97778,1.0,1.0,0.5,1.0,0.69445,0.99208,0.11111,0.00258,0.0017,0.0,0.0,1.0,0.88889,0.5,0.0,1.0,1.0,0.5,0.5,0.5,1.0,1.0,0.5,0.5,0.5,0.0,0.0,1.0,1.0,1.0,0.5,0.5,1.0,0.1,0.0,1.0,1.0,1.0,0.0,0.5
0.0,0.0,0.0,0.0,0.1,0.1,0.00018,0.1,1.0,0.0,1.0,0.0,0.0,0.21,0.02,0.99346,0.0,1.0,1.0,1.0,1.0,0.93333,0.0,0.60769,0.86813,0.11111,0.00225,0.00127,0.0,0.0,1.0,0.88889,0.88889,0.8,1.0,1.0,0.5,0.5,0.5,1.0,1.0,0.5,0.5,0.5,0.0,0.0,1.0,1.0,1.0,0.5,0.5,0.2,0.3,1.0,0.5,1.0,1.0,0.5,1.0
0.5,0.5,0.5,0.5,0.5,0.5,0.07943,0.5,0.23333,0.0,1.0,0.0,0.0,0.4,0.0,0.91168,0.0,1.0,1.0,1.0,1.0,0.5,0.0,0.60309,0.86156,0.11111,1.0,0.92457,0.75,0.0,0.82542,1.0,0.5,0.8,1.0,1.0,0.5,0.5,0.5,1.0,1.0,0.5,0.5,0.5,0.0,0.0,1.0,1.0,1.0,0.5,0.5,0.2,0.5,1.0,0.5,1.0,1.0,0.75,0.5
0.0,1.0,0.0,1.0,0.5,0.6,0.08459,0.6,0.3,0.0,1.0,0.0,0.0,0.38,0.0,0.94316,0.0,1.0,1.0,1.0,1.0,1.0,0.0,0.59982,0.85688,0.11111,1.0,1.0,1.0,0.0,0.82396,1.0,1.0,0.8,1.0,1.0,0.5,0.5,0.5,1.0,1.0,0.5,0.5,0.5,0.0,0.0,1.0,1.0,1.0,0.5,0.5,0.2,0.5,1.0,0.75,1.0,1.0,0.0,1.0
1.0,0.5,1.0,0.5,0.7,0.5,0.08587,0.7,0.33333,0.0,1.0,0.0,1.0,0.38,0.0,0.96399,0.0,1.0,1.0,1.0,1.0,1.0,1.0,0.60121,0.85887,0.11111,1.0,1.0,1.0,0.0,0.88793,1.0,0.77778,0.8,1.0,1.0,0.5,0.5,0.5,1.0,1.0,0.5,0.5,0.5,0.0,0.0,1.0,1.0,1.0,0.5,0.5,0.2,0.5,1.0,0.5,1.0,1.0,0.75,1.0
0.0,0.0,0.0,0.0,0.5,0.6,0.06187,0.4,0.46667,0.0,1.0,0.0,0.0,0.38,0.0,0.99749,0.0,1.0,1.0,1.0,1.0,1.0,0.0,0.59259,0.84655,0.11111,1.0,0.8518,0.75,0.0,0.82649,1.0,0.77778,0.8,1.0,1.0,0.5,0.5,0.5,1.0,1.0,0.5,0.5,0.5,0.0,0.0,1.0,1.0,1.0,0.5,0.5,0.2,0.4,0.75,0.66667,1.0,1.0,0.75,1.0
0.0,1.0,0.0,0.0,0.3,0.4,0.06165,0.4,0.6,0.0,1.0,0.0,0.0,0.38,0.0,0.0,0.99482,1.0,1.0,1.0,1.0,1.0,0.0,0.58932,0.84189,0.11111,1.0,0.99107,0.75,0.0,0.89559,1.0,0.77778,0.8,1.0,1.0,0.5,0.5,0.5,1.0,1.0,0.5,0.5,0.5,0.0,0.0,1.0,1.0,1.0,0.5,0.5,0.2,0.4,0.75,1.0,1.0,1.0,0.0,1.0
0.0,0.5,0.0,0.5,0.3,0.5,0.04912,0.3,0.63333,0.0,1.0,0.0,1.0,0.38,0.0,0.0,0.9922,1.0,1.0,1.0,1.0,1.0,1.0,0.5924,0.84628,0.11111,1.0,0.72641,0.5,0.0,0.89307,1.0,1.0,0.8,1.0,1.0,0.5,0.5,0.5,1.0,1.0,0.5,0.5,0.5,0.0,0.0,1.0,1.0,1.0,0.5,0.5,0.2,0.4,0.75,0.0,1.0,1.0,0.75,1.0
0.0,0.5,0.0,0.5,0.2,0.5,0.04438,0.2,0.66667,0.0,1.0,0.0,1.0,0.38,0.0,0.0,0.99379,1.0,1.0,1.0,1.0,1.0,0.0,0.57751,0.82502,0.11111,0.98012,0.70203,0.25,0.0,0.83356,1.0,0.77778,0.8,1.0,1.0,0.5,0.5,0.5,1.0,1.0,0.5,0.5,0.5,0.0,0.0,1.0,1.0,1.0,0.5,0.5,0.2,0.4,0.75,0.66667,1.0,1.0,0.75,1.0
1.0,0.5,1.0,0.5,0.2,0.5,0.04568,0.2,0.7,0.0,1.0,0.0,1.0,0.38,0.0,0.0,0.99367,1.0,1.0,1.0,1.0,1.0,1.0,0.58876,0.84108,0.11111,0.95911,0.69699,0.25,0.0,0.89557,1.0,0.77778,0.8,1.0,1.0,0.5,0.5,0.5,1.0,1.0,0.5,0.5,0.5,0.0,0.0,1.0,1.0,1.0,0.5,0.5,0.2,0.3,0.5,1.0,1.0,1.0,0.75,1.0
1.0,0.5,1.0,0.5,0.3,0.5,0.04926,0.3,0.73333,0.0,1.0,0.0,1.0,0.38,0.0,0.0,0.99969,1.0,1.0,1.0,1.0,1.0,1.0,0.58964,0.84235,0.11111,1.0,0.73254,0.5,0.0,0.89458,1.0,1.0,0.8,1.0,1.0,0.5,0.5,0.5,1.0,1.0,0.5,0.5,0.5,0.0,0.0,1.0,1.0,1.0,0.5,0.5,0.2,0.4,0.75,1.0,1.0,1.0,0.5,1.0
0.0,0.5,0.0,0.5,0.2,0.5,0.04556,0.2,0.76667,0.0,1.0,0.0,1.0,0.38,0.0,0.0,0.99283,1.0,1.0,1.0,1.0,1.0,1.0,0.59396,0.84851,0.11111,0.93977,0.62578,0.25,0.0,0.89486,1.0,1.0,0.8,1.0,1.0,0.5,0.5,0.5,1.0,1.0,0.5,0.5,0.5,0.0,0.0,1.0,1.0,1.0,0.5,0.5,0.2,0.4,0.75,0.66667,1.0,1.0,0.75,1.0
0.0,0.5,0.0,0.5,0.2,0.5,0.04237,0.2,0.8,0.0,1.0,0.0,1.0,0.38,0.0,0.0,0.99902,1.0,1.0,1.0,1.0,1.0,0.0,0.5885,0.84072,0.11111,0.90031,0.62786,0.25,0.0,0.89524,1.0,1.0,0.8,1.0,1.0,0.5,0.5,0.5,1.0,1.0,0.5,0.5,0.5,0.0,0.0,1.0,1.0,1.0,0.5,0.5,0.2,0.4,0.75,0.33333,1.0,1.0,0.75,1.0
1.0,0.5,1.0,0.5,0.3,0.5,0.04686,0.3,0.83333,0.0,1.0,0.0,1.0,0.38,0.0,0.0,0.99605,1.0,1.0,1.0,1.0,1.0,1.0,0.59321,0.84744,0.11111,0.97635,0.63846,0.5,0.0,0.89644,1.0,1.0,0.8,1.0,1.0,0.5,0.5,0.5,1.0,1.0,0.5,0.5,0.5,0.0,0.0,1.0,1.0,1.0,0.5,0.5,0.2,0.3,0.5,1.0,1.0,1.0,0.75,1.0
1.0,0.5,1.0,0.5,0.3,0.5,0.05066,0.3,0.86667,0.0,1.0,0.0,1.0,0.38,0.0,0.0,0.99983,1.0,1.0,1.0,1.0,1.0,0.0,0.58394,0.8342,0.11111,1.0,0.79683,0.5,0.0,0.83594,1.0,0.77778,0.8,1.0,1.0,0.5,0.5,0.5,1.0,1.0,0.5,0.5,0.5,0.0,0.0,1.0,1.0,1.0,0.5,0.5,0.2,0.4,0.75,1.0,1.0,1.0,0.5,1.0
1.0,0.5,1.0,0.5,0.3,0.5,0.05474,0.3,0.9,0.0,1.0,0.0,1.0,0.41,0.0,0.0,0.95137,1.0,1.0,1.0,1.0,1.0,1.0,0.58999,0.84284,0.11111,1.0,0.8831,0.5,0.0,0.83474,1.0,1.0,0.8,1.0,1.0,0.5,0.5,0.5,1.0,1.0,0.5,0.5,0.5,0.0,0.0,1.0,1.0,1.0,0.5,0.5,0.2,0.4,0.75,0.66667,1.0,1.0,0.75,1.0
0.0,1.0,0.0,1.0,0.2,0.3,0.06913,0.5,1.0,0.0,1.0,0.0,0.0,0.4,0.0,0.9808,0.0,1.0,1.0,1.0,1.0,1.0,0.0,0.59562,0.85088,0.11111,1.0,1.0,1.0,0.0,0.83051,1.0,1.0,0.8,1.0,1.0,0.5,0.5,0.5,1.0,1.0,0.5,0.5,0.5,0.0,0.0,1.0,1.0,1.0,0.5,0.5,0.2,0.3,0.5,1.0,1.0,1.0,0.0,1.0
0.5,0.5,0.5,0.5,0.5,0.5,0.01483,0.2,0.8,0.0,1.0,0.0,0.0,0.36,0.01,0.0,0.99452,1.0,1.0,1.0,1.0,0.5,0.0,0.61482,0.87832,0.11111,0.24362,0.1272,0.0,0.0,0.97285,0.77778,0.5,0.8,1.0,1.0,0.5,0.5,0.5,1.0,1.0,0.5,0.5,0.5,0.0,0.0,1.0,1.0,1.0,1.0,0.32,0.2,0.4,1.0,0.33333,1.0,1.0,0.66667,0.5
0.5,0.5,0.5,0.5,0.5,0.5,0.15957,0.9,0.03333,0.0,1.0,0.0,0.0,0.1,0.0,0.5,0.5,0.5,0.5,0.5,0.5,0.5,0.5,0.0,0.0,0.66667,1.0,1.0,1.0,0.0,0.0,0.5,0.5,0.8,1.0,1.0,0.5,0.5,0.5,1.0,1.0,0.5,0.5,0.5,0.5,0.5,1.0,0.5,0.5,0.5,0.5,0.2,0.7,1.0,1.0,1.0,1.0,0.5,0.5
0.0,1.0,0.0,1.0,0.9,1.0,0.20373,1.0,0.43333,0.0,1.0,0.0,0.0,0.3,0.02,0.0,0.9985,1.0,1.0,1.0,1.0,0.64444,1.0,0.98554,1.0,0.0,1.0,1.0,1.0,0.0,0.99744,0.88889,0.77778,0.8,1.0,1.0,0.5,0.5,0.5,1.0,1.0,0.5,0.5,0.5,0.0,0.0,1.0,1.0,1.0,0.5,0.5,0.2,0.5,1.0,0.75,0.75,1.0,1.0,1.0
1.0,0.5,0.0,0.5,1.0,0.5,0.20333,1.0,0.46667,0.0,1.0,0.0,1.0,0.31,0.02,0.0,0.99881,1.0,1.0,0.93333,1.0,1.0,1.0,0.9977,1.0,0.0,1.0,1.0,1.0,0.0,0.99076,1.0,1.0,0.8,1.0,1.0,0.5,0.5,0.5,1.0,1.0,0.5,0.5,0.5,0.0,0.0,1.0,1.0,1.0,0.5,0.5,0.2,0.5,1.0,0.75,0.75,1.0,1.0,1.0
1.0,0.5,1.0,0.5,1.0,0.5,0.20429,1.0,0.5,0.0,1.0,0.0,1.0,0.28,0.02,0.0,0.99789,1.0,1.0,0.93333,1.0,1.0,0.0,0.97994,1.0,0.0,1.0,1.0,1.0,0.0,0.98559,1.0,1.0,0.8,1.0,1.0,0.5,0.5,0.5,1.0,1.0,0.5,0.5,0.5,0.0,0.0,1.0,1.0,1.0,0.5,0.5,0.2,0.5,1.0,0.5,0.75,1.0,1.0,1.0
1.0,0.5,1.0,0.5,1.0,0.5,0.20982,1.0,0.53333,0.0,1.0,0.0,1.0,0.28,0.02,0.0,0.99709,1.0,1.0,0.93333,1.0,1.0,0.0,0.96225,1.0,0.0,1.0,1.0,1.0,0.0,0.98315,1.0,1.0,0.8,1.0,1.0,0.5,0.5,0.5,1.0,1.0,0.5,0.5,0.5,0.0,0.0,1.0,1.0,1.0,0.5,0.5,0.2,0.5,1.0,0.5,0.75,1.0,1.0,1.0
1.0,0.5,1.0,0.5,1.0,0.5,0.21973,1.0,0.56667,0.0,1.0,0.0,1.0,0.28,0.02,0.0,0.9963,1.0,1.0,0.93333,1.0,1.0,0.0,0.88352,1.0,0.11111,1.0,1.0,1.0,0.0,0.98558,1.0,0.88889,0.8,1.0,1.0,0.5,0.5,0.5,1.0,1.0,0.5,0.5,0.5,0.0,0.0,1.0,1.0,1.0,0.5,0.5,0.2,0.4,1.0,0.66667,0.66667,1.0,1.0,1.0
0.0,1.0,0.0,1.0,1.0,1.0,0.22205,1.0,0.63333,0.0,1.0,0.0,0.0,0.28,0.02,0.0,0.99679,1.0,1.0,0.93333,1.0,1.0,0.0,0.91447,1.0,0.0,1.0,1.0,1.0,0.0,0.98528,1.0,0.88889,0.8,1.0,1.0,0.5,0.5,0.5,1.0,1.0,0.5,0.5,0.5,0.0,0.0,1.0,1.0,1.0,0.5,0.5,0.2,0.5,1.0,1.0,0.75,1.0,1.0,1.0
1.0,1.0,1.0,1.0,1.0,1.0,0.22655,1.0,0.73333,0.0,1.0,0.0,0.0,0.28,0.02,0.0,0.99605,1.0,1.0,0.93333,1.0,1.0,0.0,0.86996,1.0,0.0,1.0,1.0,1.0,0.0,0.98628,1.0,1.0,0.8,1.0,1.0,0.5,0.5,0.5,1.0,1.0,0.5,0.5,0.5,0.0,0.0,1.0,1.0,1.0,0.5,0.5,0.2,0.5,1.0,0.75,0.75,1.0,1.0,1.0
1.0,1.0,1.0,1.0,1.0,1.0,0.25106,1.0,0.8,0.0,1.0,0.0,0.0,0.28,0.02,0.0,0.99585,1.0,1.0,0.93333,1.0,1.0,1.0,0.9914,1.0,0.11111,1.0,1.0,1.0,0.0,0.98798,0.88889,0.88889,0.8,1.0,1.0,0.5,0.5,0.5,1.0,1.0,0.5,0.5,0.5,0.0,0.0,1.0,1.0,1.0,0.5,0.5,0.2,0.4,1.0,1.0,0.66667,1.0,1.0,1.0
0.0,0.5,0.0,0.5,1.0,0.5,0.22902,1.0,0.83333,0.0,1.0,0.0,1.0,0.28,0.02,0.0,0.99556,1.0,1.0,0.93333,1.0,1.0,1.0,0.99357,1.0,0.11111,1.0,1.0,1.0,0.0,0.9852,1.0,1.0,0.8,1.0,1.0,0.5,0.5,0.5,1.0,1.0,0.5,0.5,0.5,0.0,0.0,1.0,1.0,1.0,0.5,0.5,0.2,0.4,1.0,0.0,0.66667,1.0,1.0,1.0
1.0,0.5,1.0,0.5,1.0,0.5,0.23471,1.0,0.86667,0.0,1.0,0.0,1.0,0.27,0.02,0.0,0.99599,1.0,1.0,0.93333,1.0,1.0,0.0,0.91954,1.0,0.11111,1.0,1.0,1.0,0.0,0.99197,1.0,0.77778,0.8,1.0,1.0,0.5,0.5,0.5,1.0,1.0,0.5,0.5,0.5,0.0,0.0,1.0,1.0,1.0,0.5,0.5,0.2,0.4,1.0,1.0,0.66667,1.0,0.66667,1.0
1.0,0.5,1.0,0.5,1.0,0.5,0.24126,1.0,0.9,0.0,1.0,0.0,1.0,0.28,0.02,0.0,0.99643,1.0,1.0,0.93333,1.0,1.0,1.0,0.98291,1.0,0.11111,1.0,1.0,1.0,0.0,0.98549,1.0,0.77778,0.8,1.0,1.0,0.5,0.5,0.5,1.0,1.0,0.5,0.5,0.5,0.0,0.0,1.0,1.0,1.0,0.5,0.5,0.2,0.4,1.0,1.0,0.66667,1.0,0.66667,1.0
1.0,0.5,0.0,0.5,1.0,0.5,0.23725,1.0,0.93333,0.0,1.0,0.0,1.0,0.27,0.02,0.0,0.99623,1.0,1.0,0.93333,1.0,1.0,0.0,0.97225,1.0,0.11111,1.0,1.0,1.0,0.0,0.98433,1.0,1.0,0.8,1.0,1.0,0.5,0.5,0.5,1.0,1.0,0.5,0.5,0.5,0.0,0.0,1.0,1.0,1.0,0.5,0.5,0.2,0.4,1.0,0.66667,0.66667,1.0,1.0,1.0
1.0,0.5,1.0,0.5,1.0,0.5,0.2409,1.0,0.96667,0.0,1.0,0.0,1.0,0.27,0.02,0.0,0.99613,1.0,1.0,0.93333,1.0,1.0,0.0,0.94197,1.0,0.11111,1.0,1.0,1.0,0.0,0.99217,1.0,0.77778,0.8,1.0,1.0,0.5,0.5,0.5,1.0,1.0,0.5,0.5,0.5,0.0,0.0,1.0,1.0,1.0,0.5,0.5,0.2,0.4,1.0,1.0,0.66667,1.0,0.66667,1.0
1.0,0.5,1.0,0.5,1.0,0.5,0.25025,1.0,1.0,0.0,1.0,0.0,1.0,0.26,0.02,0.0,0.99578,1.0,1.0,0.93333,1.0,1.0,1.0,0.96717,1.0,0.11111,1.0,1.0,1.0,0.0,0.98606,1.0,0.77778,0.8,1.0,1.0,0.5,0.5,0.5,1.0,1.0,0.5,0.5,0.5,0.0,0.0,1.0,1.0,1.0,0.5,0.5,0.2,0.4,1.0,1.0,0.66667,1.0,0.66667,1.0
0.5,0.5,0.5,0.5,0.5,0.5,0.08208,0.6,0.06667,0.0,1.0,0.0,0.0,0.12,0.0,0.5,0.5,0.97778,0.93333,1.0,1.0,0.5,1.0,0.57376,0.81965,0.11111,1.0,0.76667,0.5,0.0,0.66667,1.0,0.5,0.8,1.0,1.0,0.5,0.5,0.5,1.0,1.0,0.5,0.5,0.5,0.5,0.5,1.0,1.0,1.0,0.5,0.5,0.2,0.3,1.0,0.5,1.0,1.0,0.5,0.5
1.0,0.5,1.0,0.5,0.7,0.5,0.12358,0.7,0.1,0.0,1.0,0.0,1.0,0.2,0.0,0.0,0.82345,0.8,0.75556,1.0,1.0,0.8,1.0,0.81742,1.0,0.11111,0.92702,0.77059,0.33333,1.0,1.0,1.0,0.66667,0.8,1.0,1.0,0.5,0.5,0.5,1.0,1.0,0.5,0.5,0.5,0.0,0.0,1.0,1.0,1.0,0.5,0.5,0.2,0.4,1.0,1.0,1.0,1.0,0.33333,1.0
1.0,0.5,1.0,0.5,0.9,0.5,0.16076,0.9,0.13333,0.0,1.0,0.0,1.0,0.29,0.01,0.44157,0.0,0.73333,1.0,0.91111,1.0,0.73333,1.0,0.89352,1.0,0.22222,1.0,1.0,1.0,0.0,0.8,1.0,0.88889,0.8,1.0,1.0,0.5,0.5,0.5,1.0,1.0,0.5,0.5,0.5,0.0,0.0,1.0,1.0,1.0,0.5,0.5,0.2,0.5,1.0,0.75,0.5,1.0,0.75,1.0
1.0,0.5,1.0,0.5,0.9,0.5,0.16287,0.9,0.16667,0.0,1.0,0.0,1.0,0.38,0.01,0.74595,0.0,1.0,1.0,0.91111,1.0,1.0,1.0,0.95544,1.0,0.22222,1.0,0.82815,0.75,0.0,0.98039,1.0,0.77778,0.8,1.0,1.0,0.5,0.5,0.5,1.0,1.0,0.5,0.5,0.5,0.0,0.0,1.0,1.0,1.0,0.5,0.5,0.2,0.5,1.0,1.0,0.75,1.0,0.75,1.0
1.0,0.5,1.0,0.5,0.9,0.5,0.16692,0.9,0.2,0.0,1.0,0.0,1.0,0.39,0.01,0.83186,0.0,1.0,1.0,0.91111,1.0,1.0,0.0,0.9524,1.0,0.22222,1.0,0.82866,0.75,0.0,0.96362,1.0,1.0,0.8,1.0,1.0,0.5,0.5,0.5,1.0,1.0,0.5,0.5,0.5,0.0,0.0,1.0,1.0,1.0,0.5,0.5,0.2,0.5,1.0,0.75,0.75,1.0,1.0,1.0
0.0,0.5,0.0,0.5,0.8,0.5,0.14577,0.8,0.23333,0.0,1.0,0.0,1.0,0.3,0.04,0.0,0.97412,0.64444,0.51111,0.6,1.0,0.64444,0.0,0.84891,1.0,0.22222,1.0,0.8576,0.75,0.0,1.0,1.0,0.77778,0.8,1.0,1.0,0.5,0.5,0.5,1.0,1.0,0.5,0.5,0.5,0.0,0.0,1.0,1.0,1.0,0.5,0.5,0.2,0.5,1.0,0.5,0.0,1.0,0.75,1.0
0.0,1.0,0.0,1.0,0.8,0.9,0.16615,0.9,0.3,0.0,1.0,0.0,0.0,0.21,0.06,0.94466,0.0,1.0,1.0,0.91111,1.0,0.64444,0.0,0.87115,1.0,0.22222,1.0,1.0,1.0,0.0,0.84226,1.0,0.77778,0.8,1.0,1.0,0.5,1.0,0.5,1.0,1.0,0.5,0.5,0.5,0.0,0.0,1.0,1.0,1.0,0.5,0.5,0.2,0.5,1.0,0.25,0.0,1.0,0.0,1.0
0.0,0.5,0.0,0.5,0.8,0.5,0.14106,0.8,0.33333,0.0,1.0,0.0,1.0,0.17,0.06,0.96197,0.0,1.0,1.0,0.91111,1.0,1.0,0.0,0.85486,1.0,0.22222,1.0,0.86063,0.75,0.0,0.82874,1.0,1.0,0.8,1.0,1.0,0.5,1.0,0.5,1.0,1.0,0.5,0.5,0.5,0.0,0.0,1.0,1.0,1.0,0.5,0.5,0.2,0.5,1.0,0.0,0.0,1.0,1.0,1.0
1.0,0.5,1.0,0.5,0.8,0.5,0.14783,0.8,0.36667,0.0,1.0,0.0,1.0,0.15,0.06,0.97443,0.0,1.0,1.0,0.77778,1.0,1.0,1.0,0.8832,1.0,0.22222,1.0,0.98488,0.75,0.0,0.8104,1.0,0.77778,0.8,1.0,1.0,0.5,1.0,0.5,1.0,1.0,0.5,0.5,0.5,0.0,0.0,1.0,1.0,1.0,0.5,0.5,0.2,0.3,0.5,0.5,0.0,1.0,0.75,1.0
0.0,0.0,0.0,0.0,0.7,0.7,0.07941,0.6,0.63333,0.0,1.0,0.0,0.0,0.08,0.08,0.99296,0.0,1.0,1.0,0.66667,0.91111,0.91111,1.0,0.91647,1.0,0.22222,0.625,0.35881,0.25,0.0,0.77747,0.88889,1.0,0.8,1.0,1.0,0.5,1.0,0.5,1.0,1.0,0.5,0.5,0.5,0.0,0.0,1.0,1.0,1.0,1.0,0.55913,1.0,0.1,0.0,1.0,0.0,1.0,0.0,1.0
0.0,0.5,0.0,0.5,0.6,0.5,0.07868,0.6,0.66667,0.0,1.0,0.0,1.0,0.08,0.08,0.99259,0.0,1.0,1.0,0.73333,1.0,1.0,0.0,0.91553,1.0,0.22222,0.62,0.35531,0.25,0.0,0.7768,1.0,1.0,0.8,1.0,1.0,0.5,1.0,0.5,1.0,1.0,0.5,0.5,0.5,0.0,0.0,1.0,1.0,1.0,1.0,0.55913,1.0,0.1,0.0,1.0,0.0,1.0,0.0,0.33333
0.0,0.0,0.0,0.0,0.6,0.6,0.0025,0.4,0.93333,0.0,1.0,0.0,0.0,0.07,0.02,0.0,0.99922,1.0,0.93333,0.82222,0.82222,0.57778,1.0,0.70704,1.0,0.44444,0.02096,0.00704,0.5,0.0,0.91681,0.44444,0.33333,0.0,1.0,1.0,0.5,1.0,0.5,1.0,1.0,0.5,0.5,0.5,0.0,0.0,1.0,1.0,1.0,1.0,0.19346,1.0,0.1,0.0,1.0,0.0,1.0,0.0,0.33333
0.5,0.5,0.5,0.5,0.5,0.5,0.04467,0.4,0.26667,0.0,1.0,0.0,0.0,0.16,0.03,0.97158,0.0,0.75556,1.0,0.68889,1.0,0.5,1.0,0.67098,0.95854,0.44444,0.48697,0.38478,0.0,0.0,0.92014,0.88889,0.5,0.8,1.0,1.0,0.5,0.5,0.5,1.0,1.0,0.5,0.5,0.5,0.0,0.0,1.0,1.0,0.0,0.07835,0.15702,0.2,0.4,1.0,0.33333,1.0,1.0,0.0,0.5
0.0,0.0,0.0,0.0,0.4,0.4,0.0,0.1,0.56667,0.0,1.0,0.0,0.0,0.08,0.05,0.98198,0.0,1.0,1.0,0.68889,1.0,0.57778,1.0,0.81732,1.0,0.11111,0.0,0.0,0.0,0.0,0.90095,1.0,0.77778,0.0,1.0,1.0,0.5,0.5,0.5,1.0,1.0,0.5,0.5,0.5,0.0,0.0,1.0,1.0,1.0,0.66902,0.0463,1.0,0.1,0.0,1.0,0.0,1.0,0.0,1.0
0.0,1.0,0.0,1.0,0.1,0.1,0.0,0.2,1.0,0.0,1.0,0.0,0.0,0.05,0.05,0.99475,0.0,1.0,1.0,0.68889,1.0,0.91111,1.0,0.84498,1.0,0.11111,0.0,0.0,0.33333,0.0,0.90494,0.88889,1.0,0.0,1.0,1.0,0.5,0.5,0.5,1.0,1.0,0.5,0.5,0.5,0.0,0.0,1.0,1.0,1.0,0.66902,0.0463,1.0,0.1,0.0,1.0,0.0,1.0,0.0,1.0
0.5,0.5,0.5,0.5,0.5,0.5,0.14308,0.9,0.03333,0.0,1.0,0.0,0.0,0.1,0.0,0.5,0.5,0.5,0.5,0.5,0.5,0.5,0.5,0.0,0.0,0.77778,1.0,0.96296,0.85714,0.0,0.0,0.5,0.5,0.8,1.0,1.0,0.5,0.5,0.5,1.0,1.0,0.5,0.5,0.5,0.5,0.5,1.0,0.5,0.5,0.5,0.5,0.3,0.7,0.85714,1.0,1.0,1.0,0.5,0.5
0.5,0.5,0.5,0.5,0.5,0.5,0.19486,1.0,0.03333,0.0,1.0,0.0,0.0,0.1,0.0,0.5,0.5,0.5,0.5,0.5,0.5,0.5,0.5,0.0,0.0,0.77778,1.0,1.0,1.0,0.0,0.0,0.5,0.5,0.8,1.0,1.0,0.5,0.5,0.5,1.0,1.0,0.5,0.5,0.5,0.5,0.5,1.0,0.5,0.5,0.5,0.5,0.2,0.7,0.85714,1.0,1.0,1.0,0.5,0.5
1.0,1.0,0.0,1.0,1.0,1.0,0.17017,0.9,0.16667,0.0,1.0,0.0,0.0,0.6,0.0,0.91582,0.0,1.0,1.0,1.0,1.0,0.53333,0.0,0.78921,1.0,0.0,1.0,0.96403,0.8,0.0,0.9199,1.0,0.55556,0.8,1.0,1.0,0.5,0.5,0.5,1.0,1.0,0.5,0.5,0.5,0.0,0.0,1.0,1.0,1.0,0.5,0.5,0.2,0.6,1.0,0.2,1.0,1.0,0.8,1.0
0.0,1.0,0.0,0.0,0.9,0.9,0.15679,0.9,0.26667,0.0,1.0,0.0,0.0,0.48,0.0,0.92028,0.0,1.0,1.0,1.0,1.0,1.0,0.0,0.76942,1.0,0.0,1.0,0.82193,0.8,0.0,0.96148,0.88889,1.0,0.8,1.0,1.0,0.5,0.5,0.5,1.0,1.0,0.5,0.5,0.5,0.0,0.0,1.0,1.0,1.0,0.5,0.5,0.2,0.5,0.8,0.5,1.0,1.0,0.4,1.0
1.0,1.0,0.0,0.0,0.9,0.9,0.15274,0.9,0.33333,0.0,1.0,0.0,0.0,0.43,0.0,0.9555,0.0,1.0,1.0,1.0,1.0,1.0,0.0,0.76594,1.0,0.0,1.0,0.77761,0.8,0.0,0.97505,0.88889,1.0,0.8,1.0,1.0,0.5,0.5,0.5,1.0,1.0,0.5,0.5,0.5,0.0,0.0,1.0,1.0,1.0,0.5,0.5,0.2,0.5,0.8,0.75,1.0,1.0,0.6,1.0
1.0,0.5,0.0,0.5,0.8,0.5,0.15203,0.8,0.36667,0.0,1.0,0.0,1.0,0.42,0.0,0.97151,0.0,1.0,1.0,1.0,1.0,1.0,0.0,0.76355,1.0,0.0,1.0,0.77343,0.6,0.0,0.98022,1.0,1.0,0.8,1.0,1.0,0.5,0.5,0.5,1.0,1.0,0.5,0.5,0.5,0.0,0.0,1.0,1.0,1.0,0.5,0.5,0.2,0.5,0.8,1.0,1.0,1.0,0.8,1.0
1.0,0.5,0.0,0.5,0.9,0.5,0.14916,0.9,0.4,0.0,1.0,0.0,1.0,0.4,0.0,0.98309,0.0,1.0,1.0,1.0,1.0,1.0,0.0,0.75729,1.0,0.0,1.0,0.74466,0.8,0.0,0.98507,1.0,1.0,0.8,1.0,1.0,0.5,0.5,0.5,1.0,1.0,0.5,0.5,0.5,0.0,0.0,1.0,1.0,1.0,0.5,0.5,0.2,0.5,0.8,1.0,1.0,1.0,0.8,1.0
1.0,0.5,1.0,0.5,0.8,0.5,0.15043,0.8,0.43333,0.0,1.0,0.0,1.0,0.41,0.0,0.99189,0.0,1.0,1.0,1.0,1.0,1.0,0.0,0.74915,1.0,0.0,1.0,0.74868,0.6,0.0,0.98799,1.0,1.0,0.8,1.0,1.0,0.5,0.5,0.5,1.0,1.0,0.5,0.5,0.5,0.0,0.0,1.0,1.0,1.0,0.5,0.5,0.2,0.5,0.8,1.0,1.0,1.0,0.8,1.0
1.0,0.5,0.0,0.5,0.8,0.5,0.14669,0.8,0.46667,0.0,1.0,0.0,1.0,0.39,0.0,0.99185,0.0,1.0,1.0,1.0,1.0,1.0,0.0,0.74499,1.0,0.0,1.0,0.73156,0.6,0.0,0.98814,1.0,1.0,0.8,1.0,1.0,0.5,0.5,0.5,1.0,1.0,0.5,0.5,0.5,0.0,0.0,1.0,1.0,1.0,0.5,0.5,0.2,0.5,0.8,1.0,1.0,1.0,0.8,1.0
1.0,0.5,1.0,0.5,0.8,0.5,0.14863,0.8,0.5,0.0,1.0,0.0,1.0,0.37,0.0,0.99401,0.0,1.0,1.0,1.0,1.0,1.0,0.0,0.74257,1.0,0.0,1.0,0.74605,0.6,0.0,0.98905,1.0,1.0,0.8,1.0,1.0,0.5,0.5,0.5,1.0,1.0,0.5,0.5,0.5,0.0,0.0,1.0,1.0,1.0,0.5,0.5,0.2,0.5,0.8,1.0,1.0,1.0,0.8,1.0
1.0,0.5,1.0,0.5,0.8,0.5,0.15263,0.8,0.53333,0.0,1.0,0.0,1.0,0.36,0.0,0.99361,0.0,1.0,1.0,1.0,1.0,1.0,0.0,0.73992,1.0,0.0,1.0,0.7625,0.6,0.0,0.99038,1.0,1.0,0.8,1.0,1.0,0.5,0.5,0.5,1.0,1.0,0.5,0.5,0.5,0.0,0.0,1.0,1.0,1.0,0.5,0.5,0.2,0.5,0.8,1.0,1.0,1.0,0.8,1.0
1.0,0.5,1.0,0.5,0.9,0.5,0.15419,0.9,0.56667,0.0,1.0,0.0,1.0,0.36,0.0,0.99265,0.0,1.0,1.0,1.0,1.0,1.0,0.0,0.73878,1.0,0.0,1.0,0.77016,0.8,0.0,0.99124,1.0,1.0,0.8,1.0,1.0,0.5,0.5,0.5,1.0,1.0,0.5,0.5,0.5,0.0,0.0,1.0,1.0,1.0,0.5,0.5,0.2,0.5,0.8,1.0,1.0,1.0,0.8,1.0
0.0,0.5,0.0,0.5,0.8,0.5,0.14192,0.8,0.6,0.0,1.0,0.0,1.0,0.36,0.0,0.99606,0.0,1.0,1.0,1.0,1.0,1.0,0.0,0.7386,1.0,0.0,1.0,0.70187,0.6,0.0,0.99026,1.0,1.0,0.8,1.0,1.0,0.5,0.5,0.5,1.0,1.0,0.5,0.5,0.5,0.0,0.0,1.0,1.0,1.0,0.5,0.5,0.2,0.5,0.8,0.75,1.0,1.0,0.8,1.0
1.0,0.5,1.0,0.5,0.8,0.5,0.14467,0.8,0.63333,0.0,1.0,0.0,1.0,0.37,0.0,0.99266,0.0,1.0,1.0,1.0,1.0,1.0,0.0,0.73726,1.0,0.0,1.0,0.71629,0.6,0.0,0.99104,1.0,1.0,0.8,1.0,1.0,0.5,0.5,0.5,1.0,1.0,0.5,0.5,0.5,0.0,0.0,1.0,1.0,1.0,0.5,0.5,0.2,0.5,0.8,1.0,1.0,1.0,0.8,1.0
1.0,0.5,1.0,0.5,0.8,0.5,0.14833,0.8,0.66667,0.0,1.0,0.0,1.0,0.37,0.0,0.99983,0.0,1.0,1.0,1.0,1.0,1.0,0.0,0.73654,1.0,0.0,1.0,0.73348,0.6,0.0,0.99213,1.0,1.0,0.8,1.0,1.0,0.5,0.5,0.5,1.0,1.0,0.5,0.5,0.5,0.0,0.0,1.0,1.0,1.0,0.5,0.5,0.2,0.5,0.8,1.0,1.0,1.0,0.8,1.0
1.0,0.5,1.0,0.5,0.8,0.5,0.15347,0.8,0.7,0.0,1.0,0.0,1.0,0.36,0.0,0.99752,0.0,1.0,1.0,1.0,1.0,1.0,0.0,0.73457,1.0,0.0,1.0,0.75841,0.6,0.0,0.99303,1.0,1.0,0.8,1.0,1.0,0.5,0.5,0.5,1.0,1.0,0.5,0.5,0.5,0.0,0.0,1.0,1.0,1.0,0.5,0.5,0.2,0.5,0.8,1.0,1.0,1.0,0.8,1.0
1.0,0.5,1.0,0.5,0.9,0.5,0.15612,0.9,0.73333,0.0,1.0,0.0,1.0,0.36,0.0,0.0,0.9992,1.0,1.0,1.0,1.0,1.0,0.0,0.73411,1.0,0.0,1.0,0.7711,0.8,0.0,0.99385,1.0,1.0,0.8,1.0,1.0,0.5,0.5,0.5,1.0,1.0,0.5,0.5,0.5,0.0,0.0,1.0,1.0,1.0,0.5,0.5,0.2,0.5,0.8,1.0,1.0,1.0,0.8,1.0
0.0,0.5,0.0,0.5,0.8,0.5,0.14385,0.8,0.76667,0.0,1.0,0.0,1.0,0.37,0.0,0.99935,0.0,1.0,1.0,1.0,1.0,1.0,0.0,0.73376,1.0,0.0,1.0,0.71573,0.6,0.0,0.99283,1.0,1.0,0.8,1.0,1.0,0.5,0.5,0.5,1.0,1.0,0.5,0.5,0.5,0.0,0.0,1.0,1.0,1.0,0.5,0.5,0.2,0.5,0.8,0.75,1.0,1.0,0.8,1.0
1.0,0.5,1.0,0.5,0.8,0.5,0.14411,0.8,0.8,0.0,1.0,0.0,1.0,0.36,0.0,0.0,0.99802,1.0,1.0,1.0,1.0,1.0,0.0,0.73316,1.0,0.0,1.0,0.70084,0.6,0.0,0.9932,1.0,1.0,0.8,1.0,1.0,0.5,0.5,0.5,1.0,1.0,0.5,0.5,0.5,0.0,0.0,1.0,1.0,1.0,0.5,0.5,0.2,0.5,0.8,1.0,1.0,1.0,0.8,1.0
1.0,0.5,1.0,0.5,0.8,0.5,0.14595,0.8,0.83333,0.0,1.0,0.0,1.0,0.35,0.0,0.99927,0.0,1.0,1.0,1.0,1.0,1.0,0.0,0.73,1.0,0.0,1.0,0.71575,0.6,0.0,0.99326,1.0,1.0,0.8,1.0,1.0,0.5,0.5,0.5,1.0,1.0,0.5,0.5,0.5,0.0,0.0,1.0,1.0,1.0,0.5,0.5,0.2,0.5,0.8,1.0,1.0,1.0,0.8,1.0
1.0,0.5,1.0,0.5,0.8,0.5,0.14726,0.8,0.86667,0.0,1.0,0.0,1.0,0.35,0.0,0.0,0.99875,1.0,1.0,1.0,1.0,1.0,0.0,0.72862,1.0,0.0,1.0,0.7183,0.6,0.0,0.99372,1.0,1.0,0.8,1.0,1.0,0.5,0.5,0.5,1.0,1.0,0.5,0.5,0.5,0.0,0.0,1.0,1.0,1.0,0.5,0.5,0.2,0.5,0.8,1.0,1.0,1.0,0.8,1.0
0.0,1.0,0.0,1.0,0.7,0.9,0.15928,0.9,0.93333,0.0,1.0,0.0,0.0,0.35,0.0,0.0,0.99996,1.0,1.0,1.0,1.0,1.0,1.0,0.73283,1.0,0.0,1.0,0.7888,0.8,0.0,0.99511,1.0,1.0,0.8,1.0,1.0,0.5,0.5,0.5,1.0,1.0,0.5,0.5,0.5,0.0,0.0,1.0,1.0,1.0,0.5,0.5,0.2,0.5,0.8,1.0,1.0,1.0,0.0,1.0
0.0,0.5,0.0,0.5,0.9,0.5,0.14827,0.9,0.96667,0.0,1.0,0.0,1.0,0.34,0.0,0.99829,0.0,1.0,1.0,1.0,1.0,1.0,1.0,0.73377,1.0,0.0,1.0,0.7182,0.8,0.0,0.99559,1.0,1.0,0.8,1.0,1.0,0.5,0.5,0.5,1.0,1.0,0.5,0.5,0.5,0.0,0.0,1.0,1.0,1.0,0.5,0.5,0.2,0.5,0.8,0.75,1.0,1.0,0.8,1.0
0.0,0.5,0.0,0.5,0.7,0.5,0.13082,0.7,1.0,0.0,1.0,0.0,1.0,0.35,0.0,0.99977,0.0,1.0,1.0,1.0,1.0,1.0,0.0,0.73262,1.0,0.0,0.98012,0.63304,0.4,0.0,0.99546,1.0,1.0,0.8,1.0,1.0,0.5,0.5,0.5,1.0,1.0,0.5,0.5,0.5,0.0,0.0,1.0,1.0,1.0,0.5,0.5,0.2,0.5,0.8,0.75,1.0,1.0,0.8,1.0
1.0,0.5,1.0,0.5,0.7,0.5,0.13528,0.7,0.0,0.96774,1.0,0.0,1.0,0.35,0.0,0.99877,0.0,1.0,1.0,1.0,1.0,1.0,0.0,0.73169,1.0,0.0,1.0,0.63987,0.4,0.0,0.99545,1.0,1.0,0.8,1.0,1.0,0.5,0.5,0.5,1.0,1.0,0.5,0.5,0.5,0.0,0.0,1.0,1.0,1.0,0.5,0.5,0.2,0.5,0.8,1.0,1.0,1.0,0.8,1.0
1.0,0.5,0.0,0.5,0.8,0.5,0.13413,0.8,0.0,0.9375,1.0,0.0,1.0,0.35,0.0,0.0,0.99997,1.0,1.0,1.0,1.0,1.0,0.0,0.73157,1.0,0.0,1.0,0.63405,0.6,0.0,0.99593,1.0,1.0,0.8,1.0,1.0,0.5,0.5,0.5,1.0,1.0,0.5,0.5,0.5,0.0,0.0,1.0,1.0,1.0,0.5,0.5,0.2,0.5,0.8,1.0,1.0,1.0,0.8,1.0
0.5,0.5,0.5,0.5,0.5,0.5,0.13165,0.8,0.2,0.0,1.0,0.0,0.0,0.38,0.0,0.8793,0.0,1.0,1.0,1.0,1.0,0.5,1.0,0.95872,1.0,0.0,1.0,0.99664,0.8,0.0,0.99478,1.0,0.5,0.8,1.0,1.0,0.5,0.5,0.5,1.0,1.0,0.5,0.5,0.5,0.0,0.0,1.0,1.0,1.0,0.5,0.5,0.2,0.6,1.0,0.4,1.0,1.0,1.0,0.5
0.0,0.5,0.0,0.5,0.4,0.5,0.11294,0.4,0.23333,0.0,1.0,0.0,1.0,0.39,0.0,0.90208,0.0,1.0,1.0,1.0,1.0,1.0,0.0,0.95712,1.0,0.0,0.98948,0.83849,0.2,0.0,0.98792,1.0,1.0,0.8,1.0,1.0,0.5,0.5,0.5,1.0,1.0,0.5,0.5,0.5,0.0,0.0,1.0,1.0,1.0,0.5,0.5,0.2,0.4,0.6,0.33333,1.0,1.0,1.0,1.0
1.0,0.5,0.0,0.5,0.4,0.5,0.11054,0.4,0.26667,0.0,1.0,0.0,1.0,0.38,0.0,0.93146,0.0,1.0,1.0,1.0,1.0,1.0,0.0,0.95458,1.0,0.0,0.96974,0.80334,0.2,0.0,0.98753,1.0,1.0,0.8,1.0,1.0,0.5,0.5,0.5,1.0,1.0,0.5,0.5,0.5,0.0,0.0,1.0,1.0,1.0,0.5,0.5,0.2,0.5,0.8,0.75,1.0,1.0,0.6,1.0
1.0,0.5,0.0,0.5,0.4,0.5,0.10854,0.4,0.3,0.0,1.0,0.0,1.0,0.36,0.0,0.95631,0.0,1.0,1.0,1.0,1.0,1.0,0.0,0.9505,1.0,0.0,0.95422,0.78796,0.2,0.0,0.9875,1.0,1.0,0.8,1.0,1.0,0.5,0.5,0.5,1.0,1.0,0.5,0.5,0.5,0.0,0.0,1.0,1.0,1.0,0.5,0.5,0.2,0.4,0.6,0.33333,1.0,1.0,0.8,1.0
1.0,0.5,0.0,0.5,0.4,0.5,0.1049,0.4,0.33333,0.0,1.0,0.0,1.0,0.36,0.0,0.9681,0.0,1.0,1.0,1.0,1.0,1.0,0.0,0.95016,1.0,0.0,0.92243,0.74948,0.2,0.0,0.9868,1.0,1.0,0.8,1.0,1.0,0.5,0.5,0.5,1.0,1.0,0.5,0.5,0.5,0.0,0.0,1.0,1.0,1.0,0.5,0.5,0.2,0.4,0.6,0.66667,1.0,1.0,0.6,1.0
1.0,0.5,1.0,0.5,0.4,0.5,0.10515,0.4,0.36667,0.0,1.0,0.0,1.0,0.35,0.0,0.97581,0.0,0.93333,0.93333,1.0,1.0,0.93333,1.0,0.95024,1.0,0.0,0.9246,0.73759,0.2,0.0,0.98677,1.0,1.0,0.8,1.0,1.0,0.5,0.5,0.5,1.0,1.0,0.5,0.5,0.5,0.0,0.0,1.0,1.0,1.0,0.5,0.5,0.2,0.5,0.8,0.5,1.0,1.0,0.6,1.0
1.0,0.5,0.0,0.5,0.4,0.5,0.10491,0.4,0.4,0.0,1.0,0.0,1.0,0.35,0.0,0.9809,0.0,1.0,0.93333,1.0,1.0,1.0,0.0,0.94941,1.0,0.0,0.92288,0.75978,0.2,0.0,0.98721,1.0,1.0,0.8,1.0,1.0,0.5,0.5,0.5,1.0,1.0,0.5,0.5,0.5,0.0,0.0,1.0,1.0,1.0,0.5,0.5,0.2,0.5,0.8,0.75,1.0,1.0,0.8,1.0
1.0,0.5,0.0,0.5,0.4,0.5,0.10213,0.4,0.43333,0.0,1.0,0.0,1.0,0.35,0.0,0.98838,0.0,1.0,0.93333,1.0,1.0,1.0,0.0,0.94455,1.0,0.0,0.90076,0.71782,0.2,0.0,0.98816,1.0,1.0,0.8,1.0,1.0,0.5,0.5,0.5,1.0,1.0,0.5,0.5,0.5,0.0,0.0,1.0,1.0,1.0,0.5,0.5,0.2,0.4,0.6,1.0,1.0,1.0,0.8,1.0
1.0,0.5,1.0,0.5,0.4,0.5,0.10226,0.4,0.46667,0.0,1.0,0.0,1.0,0.34,0.0,0.99251,0.0,1.0,1.0,1.0,1.0,1.0,0.0,0.93828,1.0,0.0,0.90492,0.71415,0.2,0.0,0.98916,1.0,1.0,0.8,1.0,1.0,0.5,0.5,0.5,1.0,1.0,0.5,0.5,0.5,0.0,0.0,1.0,1.0,1.0,0.5,0.5,0.2,0.5,0.8,1.0,1.0,1.0,0.6,1.0
1.0,0.5,1.0,0.5,0.4,0.5,0.10254,0.4,0.5,0.0,1.0,0.0,1.0,0.33,0.0,0.99452,0.0,1.0,1.0,1.0,1.0,1.0,0.0,0.9314,1.0,0.0,0.91069,0.71428,0.2,0.0,0.99019,1.0,1.0,0.8,1.0,1.0,0.5,0.5,0.5,1.0,1.0,0.5,0.5,0.5,0.0,0.0,1.0,1.0,1.0,0.5,0.5,0.2,0.5,0.8,0.75,1.0,1.0,0.8,1.0
1.0,0.5,0.0,0.5,0.4,0.5,0.10213,0.4,0.53333,0.0,1.0,0.0,1.0,0.33,0.0,0.99582,0.0,1.0,1.0,1.0,1.0,1.0,0.0,0.9246,1.0,0.0,0.91042,0.71325,0.2,0.0,0.99118,1.0,1.0,0.8,1.0,1.0,0.5,0.5,0.5,1.0,1.0,0.5,0.5,0.5,0.0,0.0,1.0,1.0,1.0,0.5,0.5,0.2,0.4,0.6,1.0,1.0,1.0,0.8,1.0
1.0,0.5,0.0,0.5,0.4,0.5,0.10007,0.4,0.56667,0.0,1.0,0.0,1.0,0.33,0.0,0.99664,0.0,1.0,1.0,1.0,1.0,1.0,0.0,0.91777,1.0,0.0,0.89532,0.70108,0.2,0.0,0.99204,1.0,1.0,0.8,1.0,1.0,0.5,0.5,0.5,1.0,1.0,0.5,0.5,0.5,0.0,0.0,1.0,1.0,1.0,0.5,0.5,0.2,0.5,0.8,1.0,1.0,1.0,0.6,1.0
1.0,0.5,1.0,0.5,0.4,0.5,0.10027,0.4,0.6,0.0,1.0,0.0,1.0,0.33,0.0,0.99664,0.0,1.0,1.0,1.0,1.0,1.0,0.0,0.91094,1.0,0.0,0.90052,0.70124,0.2,0.0,0.99265,1.0,1.0,0.8,1.0,1.0,0.5,0.5,0.5,1.0,1.0,0.5,0.5,0.5,0.0,0.0,1.0,1.0,1.0,0.5,0.5,0.2,0.6,1.0,0.8,1.0,1.0,0.8,1.0
1.0,0.5,1.0,0.5,0.4,0.5,0.10044,0.4,0.63333,0.0,1.0,0.0,1.0,0.33,0.0,0.9971,0.0,1.0,1.0,1.0,1.0,1.0,0.0,0.9041,1.0,0.0,0.90545,0.71182,0.2,0.0,0.99348,1.0,1.0,0.8,1.0,1.0,0.5,0.5,0.5,1.0,1.0,0.5,0.5,0.5,0.0,0.0,1.0,1.0,1.0,0.5,0.5,0.2,0.6,1.0,0.8,1.0,1.0,1.0,1.0
1.0,0.5,0.0,0.5,0.4,0.5,0.09723,0.4,0.66667,0.0,1.0,0.0,1.0,0.33,0.0,0.99727,0.0,1.0,1.0,1.0,1.0,1.0,0.0,0.89744,1.0,0.0,0.8797,0.68835,0.2,0.0,0.99396,1.0,1.0,0.8,1.0,1.0,0.5,0.5,0.5,1.0,1.0,0.5,0.5,0.5,0.0,0.0,1.0,1.0,1.0,0.5,0.5,0.2,0.5,0.8,0.75,1.0,1.0,1.0,1.0
1.0,0.5,0.0,0.5,0.4,0.5,0.09407,0.4,0.7,0.0,1.0,0.0,1.0,0.33,0.0,0.99748,0.0,1.0,1.0,1.0,1.0,1.0,0.0,0.89097,1.0,0.0,0.85421,0.67257,0.2,0.0,0.99382,1.0,1.0,0.8,1.0,1.0,0.5,0.5,0.5,1.0,1.0,0.5,0.5,0.5,0.0,0.0,1.0,1.0,1.0,0.5,0.5,0.2,0.4,0.6,1.0,1.0,1.0,0.8,1.0
1.0,0.5,0.0,0.5,0.4,0.5,0.09165,0.4,0.73333,0.0,1.0,0.0,1.0,0.33,0.0,0.99692,0.0,1.0,1.0,1.0,1.0,1.0,0.0,0.88456,1.0,0.0,0.83527,0.65546,0.2,0.0,0.99411,1.0,1.0,0.8,1.0,1.0,0.5,0.5,0.5,1.0,1.0,0.5,0.5,0.5,0.0,0.0,1.0,1.0,1.0,0.5,0.5,0.2,0.5,0.8,1.0,1.0,1.0,0.6,1.0
1.0,0.5,0.0,0.5,0.4,0.5,0.09152,0.4,0.76667,0.0,1.0,0.0,1.0,0.33,0.0,0.99742,0.0,1.0,1.0,1.0,1.0,1.0,0.0,0.87809,1.0,0.0,0.8371,0.65244,0.2,0.0,0.99449,1.0,1.0,0.8,1.0,1.0,0.5,0.5,0.5,1.0,1.0,0.5,0.5,0.5,0.0,0.0,1.0,1.0,1.0,0.5,0.5,0.2,0.5,0.8,1.0,1.0,1.0,0.8,1.0
1.0,0.5,0.0,0.5,0.4,0.5,0.09118,0.4,0.8,0.0,1.0,0.0,1.0,0.33,0.0,0.99714,0.0,1.0,1.0,1.0,1.0,1.0,0.0,0.87181,1.0,0.0,0.83707,0.65897,0.2,0.0,0.99448,1.0,1.0,0.8,1.0,1.0,0.5,0.5,0.5,1.0,1.0,0.5,0.5,0.5,0.0,0.0,1.0,1.0,1.0,0.5,0.5,0.2,0.5,0.8,1.0,1.0,1.0,0.8,1.0
1.0,0.5,0.0,0.5,0.4,0.5,0.08931,0.4,0.83333,0.0,1.0,0.0,1.0,0.33,0.0,0.99725,0.0,1.0,1.0,1.0,1.0,1.0,0.0,0.86547,1.0,0.0,0.82282,0.65093,0.2,0.0,0.99442,1.0,1.0,0.8,1.0,1.0,0.5,0.5,0.5,1.0,1.0,0.5,0.5,0.5,0.0,0.0,1.0,1.0,1.0,0.5,0.5,0.2,0.4,0.6,1.0,1.0,1.0,0.8,1.0
1.0,0.5,0.0,0.5,0.4,0.5,0.086,0.4,0.86667,0.0,1.0,0.0,1.0,0.33,0.0,0.99741,0.0,1.0,1.0,1.0,1.0,1.0,0.0,0.85932,1.0,0.0,0.79523,0.61899,0.2,0.0,0.99481,1.0,1.0,0.8,1.0,1.0,0.5,0.5,0.5,1.0,1.0,0.5,0.5,0.5,0.0,0.0,1.0,1.0,1.0,0.5,0.5,0.2,0.5,0.8,1.0,1.0,1.0,0.6,1.0
1.0,0.5,0.0,0.5,0.4,0.5,0.08583,0.4,0.9,0.0,1.0,0.0,1.0,0.33,0.0,0.99772,0.0,1.0,1.0,1.0,1.0,1.0,0.0,0.85334,1.0,0.0,0.7964,0.62454,0.2,0.0,0.99489,1.0,1.0,0.8,1.0,1.0,0.5,0.5,0.5,1.0,1.0,0.5,0.5,0.5,0.0,0.0,1.0,1.0,1.0,0.5,0.5,0.2,0.5,0.8,0.75,1.0,1.0,0.8,1.0
1.0,0.5,1.0,0.5,0.4,0.5,0.08646,0.4,0.93333,0.0,1.0,0.0,1.0,0.33,0.0,0.99772,0.0,1.0,1.0,1.0,1.0,1.0,0.0,0.8474,1.0,0.0,0.80503,0.63602,0.2,0.0,0.99512,1.0,1.0,0.8,1.0,1.0,0.5,0.5,0.5,1.0,1.0,0.5,0.5,0.5,0.0,0.0,1.0,1.0,1.0,0.5,0.5,0.2,0.4,0.6,1.0,1.0,1.0,0.8,1.0
1.0,0.5,0.0,0.5,0.4,0.5,0.08515,0.4,0.96667,0.0,1.0,0.0,1.0,0.33,0.0,0.99757,0.0,1.0,1.0,1.0,1.0,1.0,0.0,0.84159,1.0,0.0,0.79558,0.61839,0.2,0.0,0.99542,1.0,1.0,0.8,1.0,1.0,0.5,0.5,0.5,1.0,1.0,0.5,0.5,0.5,0.0,0.0,1.0,1.0,1.0,0.5,0.5,0.2,0.5,0.8,1.0,1.0,1.0,0.6,1.0
1.0,0.5,1.0,0.5,0.4,0.5,0.08611,0.4,1.0,0.0,1.0,0.0,1.0,0.33,0.0,0.99795,0.0,1.0,1.0,1.0,1.0,1.0,0.0,0.83581,1.0,0.0,0.80737,0.6256,0.2,0.0,0.99572,1.0,1.0,0.8,1.0,1.0,0.5,0.5,0.5,1.0,1.0,0.5,0.5,0.5,0.0,0.0,1.0,1.0,1.0,0.5,0.5,0.2,0.5,0.8,1.0,1.0,1.0,0.8,1.0
1.0,0.5,1.0,0.5,0.4,0.5,0.08663,0.4,0.0,0.96774,1.0,0.0,1.0,0.33,0.0,0.99797,0.0,1.0,1.0,1.0,1.0,1.0,0.0,0.83014,1.0,0.0,0.81495,0.63077,0.2,0.0,0.9961,1.0,1.0,0.8,1.0,1.0,0.5,0.5,0.5,1.0,1.0,0.5,0.5,0.5,0.0,0.0,1.0,1.0,1.0,0.5,0.5,0.2,0.5,0.8,0.75,1.0,1.0,0.8,1.0
1.0,0.5,0.0,0.5,0.4,0.5,0.08326,0.4,0.0,0.9375,1.0,0.0,1.0,0.33,0.0,0.99744,0.0,1.0,1.0,1.0,1.0,1.0,0.0,0.82488,1.0,0.0,0.78578,0.6097,0.2,0.0,0.9961,1.0,1.0,0.8,1.0,1.0,0.5,0.5,0.5,1.0,1.0,0.5,0.5,0.5,0.0,0.0,1.0,1.0,1.0,0.5,0.5,0.2,0.4,0.6,1.0,1.0,1.0,0.8,1.0
1.0,0.5,1.0,0.5,0.4,0.5,0.0842,0.4,0.0,0.90909,1.0,0.0,1.0,0.33,0.0,0.99728,0.0,1.0,1.0,1.0,1.0,1.0,0.0,0.81951,1.0,0.0,0.79723,0.61186,0.2,0.0,0.99638,1.0,1.0,0.8,1.0,1.0,0.5,0.5,0.5,1.0,1.0,0.5,0.5,0.5,0.0,0.0,1.0,1.0,1.0,0.5,0.5,0.2,0.5,0.8,1.0,1.0,1.0,0.6,1.0
1.0,0.5,1.0,0.5,0.4,0.5,0.08501,0.4,0.0,0.88235,1.0,0.0,1.0,0.33,0.0,0.99789,0.0,1.0,1.0,1.0,1.0,1.0,0.0,0.81411,1.0,0.0,0.8076,0.61961,0.2,0.0,0.99661,1.0,1.0,0.8,1.0,1.0,0.5,0.5,0.5,1.0,1.0,0.5,0.5,0.5,0.0,0.0,1.0,1.0,1.0,0.5,0.5,0.2,0.5,0.8,1.0,1.0,1.0,0.8,1.0
1.0,0.5,0.0,0.5,0.4,0.5,0.08259,0.4,0.0,0.85714,1.0,0.0,1.0,0.33,0.0,0.99792,0.0,1.0,1.0,1.0,1.0,1.0,0.0,0.80879,1.0,0.0,0.78712,0.60014,0.2,0.0,0.99664,1.0,1.0,0.8,1.0,1.0,0.5,0.5,0.5,1.0,1.0,0.5,0.5,0.5,0.0,0.0,1.0,1.0,1.0,0.5,0.5,0.2,0.5,0.8,0.75,1.0,1.0,0.8,1.0
1.0,0.5,0.0,0.5,0.4,0.5,0.07901,0.4,0.0,0.83333,1.0,0.0,1.0,0.33,0.0,0.99835,0.0,1.0,1.0,1.0,1.0,1.0,0.0,0.80362,1.0,0.0,0.75547,0.56919,0.2,0.0,0.99668,1.0,1.0,0.8,1.0,1.0,0.5,0.5,0.5,1.0,1.0,0.5,0.5,0.5,0.0,0.0,1.0,1.0,1.0,0.5,0.5,0.2,0.4,0.6,1.0,1.0,1.0,0.8,1.0
1.0,0.5,0.0,0.5,0.4,0.5,0.07616,0.4,0.0,0.81081,1.0,0.0,1.0,0.33,0.0,0.99809,0.0,1.0,1.0,1.0,1.0,1.0,0.0,0.79858,1.0,0.0,0.73054,0.53924,0.2,0.0,0.99652,1.0,1.0,0.8,1.0,1.0,0.5,0.5,0.5,1.0,1.0,0.5,0.5,0.5,0.0,0.0,1.0,1.0,1.0,0.5,0.5,0.2,0.5,0.8,1.0,1.0,1.0,0.6,1.0
1.0,0.5,1.0,0.5,0.4,0.5,0.07697,0.4,0.0,0.78947,1.0,0.0,1.0,0.33,0.0,0.99784,0.0,1.0,1.0,1.0,1.0,1.0,0.0,0.79357,1.0,0.0,0.74061,0.55661,0.2,0.0,0.99646,1.0,1.0,0.8,1.0,1.0,0.5,0.5,0.5,1.0,1.0,0.5,0.5,0.5,0.0,0.0,1.0,1.0,1.0,0.5,0.5,0.2,0.5,0.8,1.0,1.0,1.0,0.8,1.0
1.0,0.5,1.0,0.5,0.4,0.5,0.07741,0.4,0.0,0.76923,1.0,0.0,1.0,0.33,0.0,0.9982,0.0,1.0,1.0,1.0,1.0,1.0,0.0,0.78859,1.0,0.0,0.74719,0.56423,0.2,0.0,0.99649,1.0,1.0,0.8,1.0,1.0,0.5,0.5,0.5,1.0,1.0,0.5,0.5,0.5,0.0,0.0,1.0,1.0,1.0,0.5,0.5,0.2,0.5,0.8,0.75,1.0,1.0,0.8,1.0
1.0,0.5,0.0,0.5,0.3,0.5,0.07321,0.3,0.0,0.75,1.0,0.0,1.0,0.33,0.0,0.99844,0.0,1.0,1.0,1.0,1.0,1.0,0.0,0.7836,1.0,0.0,0.70893,0.52753,0.0,0.0,0.99644,1.0,1.0,0.8,1.0,1.0,0.5,0.5,0.5,1.0,1.0,0.5,0.5,0.5,0.0,0.0,1.0,1.0,1.0,0.5,0.5,0.2,0.4,0.6,1.0,1.0,1.0,0.8,1.0
0.5,0.5,0.5,0.5,0.5,0.5,0.05033,0.3,0.33333,0.0,1.0,0.0,0.0,0.32,0.01,0.95521,0.0,0.97778,0.97778,1.0,1.0,0.5,1.0,0.95821,1.0,0.11111,0.37675,0.25846,0.0,0.0,0.96453,1.0,0.5,0.8,1.0,1.0,0.5,0.5,0.5,1.0,1.0,0.5,0.5,0.5,0.0,0.0,1.0,1.0,1.0,0.07977,0.18747,0.2,0.5,1.0,0.5,0.75,1.0,0.75,0.5
1.0,1.0,1.0,1.0,0.3,0.3,0.07172,0.5,0.5,0.0,1.0,0.0,0.0,0.29,0.01,0.0,0.9949,1.0,0.97778,1.0,1.0,1.0,0.0,0.96882,1.0,0.11111,0.49598,0.37778,0.0,0.0,0.98141,0.88889,1.0,0.8,1.0,1.0,0.5,0.5,0.5,1.0,1.0,0.5,0.5,0.5,0.0,0.0,1.0,1.0,1.0,0.0,0.0,0.2,0.5,1.0,0.25,0.75,1.0,0.75,1.0
1.0,1.0,1.0,1.0,0.5,0.5,0.07354,0.5,0.73333,0.0,1.0,0.0,0.0,0.26,0.01,0.0,0.99559,1.0,1.0,1.0,1.0,1.0,0.0,0.88645,1.0,0.0,0.44631,0.34139,0.0,0.0,0.98471,1.0,0.88889,0.8,1.0,1.0,0.5,0.5,0.5,1.0,1.0,0.5,0.5,0.5,0.0,0.0,1.0,1.0,1.0,0.0,0.0,0.2,0.3,0.66667,0.5,0.5,1.0,0.33333,1.0
1.0,0.5,1.0,0.5,0.5,0.5,0.07654,0.5,0.76667,0.0,1.0,0.0,1.0,0.26,0.01,0.0,0.99646,1.0,1.0,1.0,1.0,1.0,1.0,0.89056,1.0,0.0,0.46346,0.36315,0.0,0.0,0.98486,1.0,1.0,0.8,1.0,1.0,0.5,0.5,0.5,1.0,1.0,0.5,0.5,0.5,0.0,0.0,1.0,1.0,1.0,0.0,0.0,0.2,0.4,1.0,0.66667,0.66667,1.0,0.66667,1.0
1.0,1.0,1.0,1.0,0.5,0.5,0.09766,0.5,0.83333,0.0,1.0,0.0,0.0,0.26,0.01,0.0,0.99788,1.0,1.0,1.0,1.0,1.0,1.0,0.89504,1.0,0.0,0.58988,0.47745,0.0,0.0,0.98668,1.0,1.0,0.8,1.0,1.0,0.5,0.5,0.5,1.0,1.0,0.5,0.5,0.5,0.0,0.0,1.0,1.0,1.0,0.0,0.0,0.2,0.4,1.0,1.0,0.66667,1.0,0.0,1.0
1.0,1.0,1.0,1.0,0.5,0.6,0.11378,0.6,0.9,0.0,1.0,0.0,0.0,0.26,0.01,0.0,0.9974,0.84444,0.84444,1.0,1.0,0.84444,1.0,0.95612,1.0,0.11111,0.68257,0.55604,0.0,0.0,0.98968,1.0,1.0,0.8,1.0,1.0,0.5,0.5,0.5,1.0,1.0,0.5,0.5,0.5,0.0,0.0,1.0,1.0,1.0,0.0,0.0,0.2,0.4,1.0,1.0,0.66667,1.0,0.0,1.0
1.0,0.5,0.0,0.5,0.6,0.5,0.11173,0.6,0.93333,0.0,1.0,0.0,1.0,0.26,0.01,0.0,0.9979,0.84444,1.0,1.0,1.0,0.84444,0.0,0.91183,1.0,0.0,0.6686,0.54038,0.0,0.0,0.99035,1.0,1.0,0.8,1.0,1.0,0.5,0.5,0.5,1.0,1.0,0.5,0.5,0.5,0.0,0.0,1.0,1.0,1.0,0.0,0.0,0.2,0.4,1.0,0.66667,0.66667,1.0,1.0,1.0
0.5,0.5,0.5,0.5,0.5,0.5,0.19457,0.8,0.03333,0.0,1.0,0.0,0.0,0.1,0.0,0.5,0.5,0.5,0.5,0.5,0.5,0.5,0.5,0.0,0.0,0.77778,1.0,0.95722,0.85714,0.0,0.0,0.5,0.5,0.8,1.0,1.0,0.5,0.5,0.5,1.0,1.0,0.5,0.5,0.5,0.5,0.5,1.0,0.5,0.5,0.5,0.5,0.2,0.8,1.0,1.0,1.0,1.0,0.5,0.5
0.5,0.5,0.5,0.5,0.5,0.5,0.00585,0.2,0.7,0.0,1.0,0.0,0.0,0.2,0.05,0.0,0.97976,1.0,1.0,0.71111,0.84444,0.5,1.0,0.72942,1.0,0.11111,0.07839,0.0223,0.25,0.0,0.93747,0.66667,0.5,0.0,1.0,1.0,0.5,0.5,0.5,1.0,1.0,0.5,0.5,0.5,0.0,0.0,1.0,1.0,1.0,0.14513,0.39122,1.0,0.1,0.0,1.0,0.0,1.0,0.0,0.5
0.0,0.0,0.0,0.0,0.2,0.2,0.00021,0.2,0.0,0.90909,1.0,0.0,0.0,0.14,0.07,0.99205,0.0,0.75556,0.97778,0.73333,0.75556,0.93333,1.0,0.5864,0.83772,0.11111,0.00351,0.00176,0.0,0.0,1.0,0.88889,0.44444,0.75,1.0,1.0,0.5,0.5,0.5,1.0,1.0,0.5,0.5,0.5,0.01697,0.04941,0.9,1.0,1.0,0.00074,0.484,0.35,0.2,1.0,1.0,1.0,1.0,0.0,1.0
0.5,0.5,0.5,0.5,0.5,0.5,0.00267,0.06667,0.2,0.0,0.0,0.66667,0.0,0.13333,0.0,0.0,0.97659,0.9619,1.0,1.0,1.0,0.5,1.0,0.64489,0.92127,0.07143,0.03984,0.02434,0.0,0.0,0.77497,0.92857,0.5,0.8,1.0,1.0,0.5,0.5,0.5,1.0,1.0,0.5,0.5,0.5,0.0,0.0,1.0,1.0,1.0,0.5,0.5,0.2,0.26667,0.75,0.66667,1.0,1.0,0.25,0.5
1.0,0.5,1.0,0.5,0.06667,0.5,0.00272,0.06667,0.23333,0.0,0.0,0.66667,1.0,0.13778,0.0,0.0,0.96885,1.0,0.93333,1.0,1.0,1.0,0.0,0.64226,0.91752,0.07143,0.04122,0.02445,0.0,0.0,0.77359,1.0,0.85714,0.8,1.0,1.0,0.5,0.5,0.5,1.0,1.0,0.5,0.5,0.5,0.0,0.0,1.0,1.0,1.0,0.5,0.5,0.2,0.2,0.5,0.5,1.0,1.0,0.5,1.0
0.0,0.0,0.0,0.0,0.06667,0.06667,0.00156,0.26667,0.63333,0.0,0.0,0.66667,0.0,0.11556,0.01778,0.0,0.99361,0.94286,0.90476,0.80952,1.0,0.79048,1.0,0.66508,0.95012,0.35714,0.03346,0.01231,0.5,0.0,0.931,1.0,0.42857,0.8,1.0,1.0,0.5,0.5,0.5,1.0,1.0,0.5,0.5,0.5,0.0,0.0,1.0,1.0,1.0,0.5,0.5,0.5,0.33333,0.66667,0.5,0.75,1.0,0.0,1.0
0.5,0.5,0.5,0.5,0.5,0.5,0.03998,0.33333,0.1,0.0,0.0,0.66667,0.0,0.52889,0.0,0.0,1.0,0.75238,0.75238,1.0,1.0,0.5,0.0,0.56073,0.80104,0.07143,0.69969,0.53703,0.0,0.0,0.9042,1.0,0.5,0.8,1.0,1.0,0.5,0.5,0.5,1.0,1.0,0.5,0.5,0.5,0.0,0.0,1.0,1.0,1.0,0.5,0.5,0.2,0.2,1.0,1.0,1.0,1.0,0.5,0.5
0.5,0.5,0.5,0.5,0.5,0.5,0.01832,0.26667,0.86667,0.0,0.0,0.66667,0.0,0.43556,0.01778,0.0,0.99434,1.0,1.0,0.89524,1.0,0.5,1.0,0.60063,0.85804,0.14286,0.29852,0.14414,0.0,0.0,1.0,1.0,0.5,0.73333,0.93333,0.8855,1.0,0.5,0.42048,1.0,1.0,0.5,0.5,0.5,0.0,0.0,1.0,1.0,1.0,0.07716,0.40122,0.26667,0.2,1.0,1.0,1.0,1.0,0.0,0.5
0.0,0.0,0.0,0.0,0.2,0.2,0.00722,0.2,0.96667,0.0,0.0,0.66667,0.0,0.40889,0.01778,0.0,0.99588,1.0,1.0,0.89524,1.0,1.0,0.0,0.56501,0.80716,0.14286,0.18106,0.08472,0.0,0.0,1.0,0.85714,0.85714,0.66667,1.0,1.0,0.5,0.32007,0.5,1.0,1.0,0.5,0.5,0.5,0.0,0.0,1.0,1.0,1.0,0.07716,0.40122,0.33333,0.2,1.0,0.5,1.0,1.0,0.5,1.0
0.0,0.5,0.0,0.5,0.2,0.5,0.00542,0.2,1.0,0.0,0.0,0.66667,1.0,0.4,0.01778,0.0,0.99729,1.0,1.0,0.89524,1.0,1.0,1.0,0.58294,0.83277,0.14286,0.11531,0.04934,0.0,0.0,1.0,1.0,0.85714,0.8,1.0,1.0,0.5,0.32007,0.5,1.0,1.0,0.5,0.5,0.5,0.0,0.0,1.0,1.0,1.0,0.07716,0.40122,0.2,0.2,1.0,0.5,1.0,1.0,0.5,1.0
0.5,0.5,0.5,0.5,0.5,0.5,0.00292,0.06667,0.2,0.0,0.0,0.66667,0.0,0.05778,0.0,0.0,0.99933,1.0,1.0,1.0,1.0,0.5,0.0,0.52663,0.75234,0.14286,0.12555,0.06698,0.0,1.0,1.0,0.85714,0.5,0.8,1.0,1.0,0.5,0.5,0.5,1.0,1.0,0.5,0.5,0.5,0.0,0.0,1.0,1.0,1.0,0.5,0.5,0.2,0.13333,1.0,1.0,1.0,1.0,0.0,0.5
0.5,0.5,0.5,0.5,0.5,0.5,0.0,0.13333,0.4,0.0,0.0,0.66667,0.0,0.16889,0.02222,0.0,0.99654,1.0,1.0,0.78095,1.0,0.5,0.0,0.77582,1.0,0.35714,0.0,0.0,0.0,0.0,0.8318,0.64286,0.5,1.0,1.0,1.0,0.5,0.5,0.5,1.0,1.0,0.5,0.5,0.5,0.0,0.0,1.0,1.0,1.0,0.5,0.5,0.0,0.26667,0.57143,1.0,0.0,1.0,0.57143,0.5
0.0,0.0,0.0,0.0,0.06667,0.06667,0.0,0.06667,0.73333,0.0,0.0,0.66667,0.0,0.12889,0.02222,0.0,0.98881,1.0,1.0,0.78095,0.88571,1.0,1.0,0.84814,1.0,0.35714,0.0,0.0,0.0,0.0,0.8397,0.64286,1.0,0.0,1.0,1.0,0.5,0.5,0.5,1.0,1.0,0.5,0.5,0.5,0.0,0.0,1.0,1.0,1.0,0.5,0.5,1.0,0.06667,0.0,1.0,1.0,1.0,0.28571,1.0
0.0,0.0,0.0,0.0,0.06667,0.06667,0.0,0.13333,0.86667,0.0,0.0,0.66667,0.0,0.12889,0.02222,0.0,0.98869,1.0,1.0,0.82857,1.0,1.0,1.0,0.88,1.0,0.35714,0.0,0.0,0.0,0.0,0.83867,0.71429,1.0,0.0,1.0,1.0,0.5,0.5,0.5,1.0,1.0,0.5,0.5,0.5,0.0,0.0,1.0,1.0,1.0,0.5,0.5,1.0,0.06667,0.0,1.0,1.0,1.0,0.0,1.0
0.0,0.0,0.0,0.0,0.06667,0.06667,0.0,0.06667,0.93333,0.0,0.0,0.66667,0.0,0.12889,0.02222,0.0,0.99101,1.0,1.0,0.82857,1.0,1.0,1.0,0.88846,1.0,0.35714,0.0,0.0,0.0,0.0,0.83957,0.71429,1.0,0.0,1.0,1.0,0.5,0.5,0.5,1.0,1.0,0.5,0.5,0.5,0.0,0.0,1.0,1.0,1.0,0.5,0.5,1.0,0.06667,0.0,1.0,1.0,1.0,0.0,1.0
0.5,0.5,0.5,0.5,0.5,0.5,0.04238,0.46667,0.96667,0.0,0.0,0.66667,0.0,0.26222,0.01778,0.97287,0.0,0.71429,0.98095,0.7619,1.0,0.5,1.0,0.99442,1.0,0.35714,0.42138,0.25633,0.16667,0.0,0.98146,0.85714,0.5,0.8,1.0,1.0,0.5,0.5,0.5,1.0,1.0,0.5,0.5,0.5,0.36673,0.0,0.3,1.0,1.0,0.0,0.1995,0.9,0.26667,0.5,0.66667,1.0,1.0,0.16667,0.5
0.5,0.5,0.5,0.5,0.5,0.5,0.00031,0.13333,0.6,0.0,0.0,0.66667,0.0,0.08,0.04,0.0,0.96217,1.0,0.99048,0.91429,0.93333,0.5,0.0,0.65611,0.9373,0.07143,0.00721,0.00324,0.14286,0.0,0.94517,0.92857,0.5,0.0,1.0,1.0,0.5,0.5,0.5,1.0,1.0,0.5,0.5,0.5,0.0,0.03849,1.0,1.0,1.0,0.02237,0.13716,1.0,0.06667,0.0,1.0,0.0,1.0,0.0,0.5
0.5,0.5,0.5,0.5,0.5,0.5,0.01502,0.2,0.7,0.0,0.0,0.66667,0.0,0.05778,0.00889,0.99881,0.0,0.98095,0.98095,0.99048,1.0,0.5,1.0,0.59379,0.84827,0.14286,0.18589,0.10247,0.0,0.0,0.69978,1.0,0.5,0.8,1.0,1.0,0.5,0.5,0.5,1.0,1.0,0.5,0.5,0.5,0.0,0.0,1.0,1.0,1.0,1.0,0.83059,1.0,0.06667,0.0,1.0,0.0,1.0,0.0,0.5
0.5,0.5,0.5,0.5,0.5,0.5,0.00034,0.13333,0.33333,0.0,0.0,0.66667,0.0,0.26667,0.04444,0.0,0.9902,0.77143,0.92381,0.73333,0.88571,0.5,0.0,0.79902,1.0,0.14286,0.00571,0.00283,0.0,0.0,0.95537,0.85714,0.5,0.46667,1.0,1.0,0.5,0.5,0.5,1.0,1.0,0.5,0.5,0.5,0.23746,0.0,0.53333,1.0,1.0,0.0,0.23644,1.0,0.06667,0.0,1.0,1.0,1.0,0.0,0.5
0.0,0.0,0.0,0.0,0.13333,0.13333,3e-05,0.13333,0.56667,0.0,0.0,0.66667,0.0,0.07111,0.04,0.0,0.96781,1.0,1.0,0.8,0.91429,0.70476,1.0,0.89828,1.0,0.14286,0.00046,0.00029,0.14286,0.0,0.85778,0.85714,0.21429,0.0,1.0,1.0,0.5,0.5,0.5,1.0,1.0,0.0,0.23644,0.73507,0.0,0.02651,1.0,1.0,1.0,0.0,0.23644,1.0,0.06667,0.0,1.0,1.0,1.0,0.0,1.0
0.0,0.0,0.0,0.0,0.13333,0.13333,1e-05,0.13333,0.66667,0.0,0.0,0.66667,0.0,0.05333,0.04,0.98492,0.0,1.0,1.0,0.80952,1.0,0.99048,1.0,0.78604,1.0,0.07143,0.00018,0.00011,0.16667,0.0,0.87763,1.0,0.78571,0.0,1.0,1.0,0.5,0.5,0.5,1.0,1.0,0.0,0.23644,0.73507,0.0,0.0,1.0,1.0,1.0,0.0,0.23644,1.0,0.06667,0.0,1.0,1.0,1.0,0.0,1.0
0.0,0.0,0.0,0.0,0.13333,0.13333,1e-05,0.13333,0.86667,0.0,0.0,0.66667,0.0,0.05778,0.04,0.0,0.99664,0.97143,0.9619,0.8381,1.0,0.98095,1.0,0.80353,1.0,0.07143,0.00017,0.0001,0.16667,0.0,0.86864,0.85714,0.85714,0.8,1.0,1.0,0.5,0.5,0.5,1.0,1.0,0.0,0.23644,0.73507,0.0,0.0,1.0,1.0,1.0,0.0,0.23644,1.0,0.06667,0.0,1.0,1.0,1.0,0.0,1.0
0.5,0.5,0.5,0.5,0.5,0.5,0.03332,0.4,0.33333,0.0,0.0,0.66667,0.0,0.07556,0.02222,0.0,0.97704,0.8,1.0,0.77143,1.0,0.5,0.0,0.7511,1.0,0.14286,0.35131,0.19237,0.25,0.0,0.8297,1.0,0.5,0.8,1.0,1.0,0.5,0.5,0.5,1.0,1.0,0.5,0.5,0.5,0.0,0.0,1.0,1.0,1.0,0.5,0.5,0.2,0.33333,1.0,1.0,0.25,1.0,0.0,0.5
0.0,0.5,0.0,0.5,0.33333,0.5,0.02772,0.33333,0.36667,0.0,0.0,0.66667,1.0,0.08444,0.02222,0.99235,0.0,1.0,1.0,0.77143,1.0,1.0,0.0,0.74041,1.0,0.14286,0.29822,0.15749,0.0,0.0,0.83021,1.0,1.0,0.8,1.0,1.0,0.5,0.5,0.5,1.0,1.0,0.5,0.5,0.5,0.0,0.0,1.0,1.0,1.0,0.5,0.5,0.2,0.33333,1.0,0.0,0.25,1.0,1.0,1.0
0.0,0.0,0.0,0.0,0.2,0.2,0.00663,0.13333,0.56667,0.0,0.0,0.66667,0.0,0.06667,0.02222,0.0,0.98378,0.90476,0.90476,0.75238,1.0,0.81905,1.0,0.79397,1.0,0.07143,0.10478,0.04056,0.0,0.0,0.95477,1.0,0.5,0.0,1.0,1.0,0.5,0.5,0.5,1.0,1.0,0.5,0.5,0.5,0.0,0.0,1.0,1.0,1.0,0.5,0.5,1.0,0.06667,0.0,1.0,1.0,1.0,0.0,1.0
0.0,0.0,0.0,0.0,0.13333,0.13333,0.00383,0.13333,0.63333,0.0,0.0,0.66667,0.0,0.05778,0.02667,0.96424,0.0,1.0,1.0,0.79048,1.0,0.79048,1.0,0.69503,0.9929,0.07143,0.06813,0.03164,0.0,0.0,0.93706,1.0,0.78571,0.0,1.0,1.0,0.5,0.5,0.5,1.0,1.0,0.5,0.5,0.5,0.0,0.0,1.0,1.0,1.0,0.5,0.5,1.0,0.06667,0.0,1.0,1.0,1.0,0.0,1.0
0.0,0.0,0.0,0.0,0.13333,0.13333,6e-05,0.13333,0.8,0.0,0.0,0.66667,0.0,0.06667,0.01778,0.0,0.99414,1.0,1.0,0.93333,0.81905,0.8381,0.0,0.62089,0.88699,0.14286,0.00174,0.00058,0.14286,0.0,0.94321,0.71429,0.78571,0.0,1.0,1.0,0.5,0.30417,0.5,1.0,1.0,0.5,0.5,0.5,0.0,0.0,1.0,1.0,1.0,0.5,0.5,1.0,0.06667,0.0,1.0,1.0,1.0,0.0,1.0
0.0,0.0,0.0,0.0,0.13333,0.2,3e-05,0.13333,0.0,0.81081,0.0,0.66667,0.0,0.05333,0.00889,0.99725,0.0,1.0,0.99048,0.94286,1.0,0.99048,0.0,0.61902,0.88432,0.07143,0.0007,0.00025,0.16667,0.0,0.91586,1.0,0.92857,0.8,1.0,1.0,0.5,0.30417,0.5,1.0,1.0,0.5,0.5,0.5,0.0,0.0,1.0,1.0,1.0,0.5,0.5,0.3,0.33333,0.66667,0.25,0.5,1.0,0.0,1.0
0.5,0.5,0.5,0.5,0.5,0.5,0.2,0.6,0.03333,0.0,0.5,0.0,0.0,0.2,0.0,0.5,0.5,0.5,0.5,0.5,0.5,0.5,0.5,0.0,0.0,0.75,1.0,1.0,1.0,0.0,0.0,0.5,0.5,0.8,1.0,1.0,0.5,0.5,0.5,1.0,1.0,0.5,0.5,0.5,0.5,0.5,1.0,0.5,0.5,0.5,0.5,0.2,0.6,0.66667,1.0,1.0,1.0,0.5,0.5
0.0,1.0,0.0,1.0,0.4,0.6,0.06267,0.2,0.2,0.0,0.5,0.0,0.0,0.48,0.16,0.87378,0.0,1.0,0.9,1.0,1.0,0.7,1.0,0.63965,0.91378,0.25,0.52895,0.35957,0.0,0.0,1.0,0.75,0.0,0.0,0.6,0.61471,0.87454,0.5,0.87454,0.5,1.0,0.5,0.5,0.5,0.0,0.0,1.0,1.0,1.0,1.0,1.0,1.0,0.2,0.0,1.0,0.0,1.0,0.0,1.0
0.5,0.5,0.5,0.5,0.5,0.5,0.29898,1.0,0.1,0.0,0.5,0.0,0.0,0.44,0.0,0.0,0.8443,0.7,0.7,1.0,1.0,0.5,1.0,0.83964,1.0,0.0,1.0,1.0,1.0,0.0,1.0,1.0,0.5,0.8,1.0,1.0,0.5,0.5,0.5,1.0,1.0,0.5,0.5,0.5,0.0,0.0,1.0,1.0,1.0,0.5,0.5,0.2,0.6,1.0,1.0,1.0,1.0,0.0,0.5
1.0,0.5,1.0,0.5,1.0,0.5,0.31264,1.0,0.13333,0.0,0.5,0.0,1.0,0.52,0.0,0.0,0.94123,0.9,1.0,1.0,1.0,0.9,1.0,0.85383,1.0,0.0,1.0,1.0,1.0,0.0,1.0,1.0,1.0,0.8,1.0,1.0,0.5,0.5,0.5,1.0,1.0,0.5,0.5,0.5,0.0,0.0,1.0,1.0,1.0,0.5,0.5,0.2,0.6,1.0,1.0,1.0,1.0,1.0,1.0
0.0,0.0,0.0,0.0,1.0,1.0,0.17297,0.4,0.5,0.0,0.5,0.0,0.0,0.48,0.0,0.95743,0.0,1.0,1.0,1.0,1.0,0.8,1.0,0.99627,1.0,0.25,0.73797,0.61784,0.0,0.0,0.93017,0.5,1.0,0.8,1.0,1.0,0.5,0.5,0.5,1.0,1.0,0.5,0.5,0.5,0.0,0.0,1.0,1.0,1.0,0.5,0.5,1.0,0.2,0.0,1.0,1.0,1.0,0.0,1.0
0.0,0.0,0.0,0.0,0.4,0.4,0.15876,0.4,0.6,0.0,0.5,0.0,0.0,0.36,0.0,0.96548,0.0,0.9,0.9,1.0,1.0,0.9,0.0,0.62506,0.89294,0.25,1.0,1.0,1.0,0.0,1.0,1.0,0.25,0.8,1.0,1.0,0.5,0.5,0.5,1.0,1.0,0.5,0.5,0.5,0.0,0.0,1.0,1.0,1.0,0.5,0.5,0.3,0.4,1.0,0.0,1.0,1.0,0.0,0.5
0.5,0.5,0.5,0.5,0.5,0.5,0.29079,1.0,0.23333,0.0,0.5,0.0,0.0,0.6,0.12,0.93185,0.0,1.0,1.0,0.6,0.6,0.5,1.0,0.99788,1.0,0.25,1.0,1.0,1.0,0.0,0.94001,0.75,0.5,0.5,0.8,0.75157,0.79881,0.5,0.22823,0.66667,1.0,0.5,0.5,0.5,0.0,0.39093,1.0,1.0,1.0,1.0,1.0,0.5,0.4,0.5,0.0,1.0,1.0,0.5,0.5
1.0,0.5,1.0,0.5,1.0,0.5,0.30253,1.0,0.26667,0.0,0.5,0.0,1.0,0.64,0.12,0.0,0.98482,1.0,1.0,0.6,1.0,1.0,0.0,0.97608,1.0,0.25,1.0,1.0,1.0,0.0,0.86562,1.0,0.5,0.8,1.0,1.0,0.5,0.5,0.5,1.0,1.0,0.5,0.5,0.5,0.0,0.0,1.0,1.0,1.0,1.0,1.0,0.2,0.6,1.0,0.5,0.5,1.0,0.5,1.0
0.0,0.5,0.0,0.5,1.0,0.5,0.27836,1.0,0.3,0.0,0.5,0.0,1.0,0.68,0.08,0.0,0.99039,0.4,1.0,0.4,1.0,0.4,0.0,0.60459,0.8637,0.0,1.0,1.0,1.0,0.0,1.0,1.0,0.75,0.8,1.0,1.0,0.5,0.5,0.5,1.0,1.0,0.5,0.5,0.5,0.0,0.0,1.0,1.0,1.0,1.0,1.0,0.2,0.4,1.0,0.0,0.0,1.0,1.0,1.0
0.5,0.5,0.5,0.5,0.5,0.5,0.22612,0.8,0.16667,0.0,0.5,0.0,0.0,0.36,0.04,0.84604,0.0,1.0,1.0,1.0,1.0,0.5,1.0,0.87478,1.0,0.25,1.0,0.97186,0.5,0.0,0.8281,1.0,0.5,0.8,1.0,1.0,0.5,0.5,0.5,1.0,1.0,0.5,0.5,0.5,0.0,0.0,1.0,1.0,1.0,0.5,0.5,0.2,0.6,1.0,0.5,1.0,1.0,0.5,0.5
0.0,0.5,0.0,0.5,0.4,0.5,0.20857,0.4,0.2,0.0,0.5,0.0,1.0,0.4,0.04,0.90863,0.0,1.0,0.8,1.0,1.0,1.0,0.0,0.8715,1.0,0.25,1.0,0.84326,0.5,0.0,0.82857,1.0,1.0,0.8,1.0,1.0,0.5,0.5,0.5,1.0,1.0,0.5,0.5,0.5,0.0,0.0,1.0,1.0,1.0,0.5,0.5,0.2,0.6,1.0,0.0,1.0,1.0,1.0,1.0
0.5,0.5,0.5,0.5,0.5,0.5,0.1325,0.2,0.2,0.0,0.5,0.0,0.0,0.92,0.0,0.0,1.0,1.0,1.0,1.0,1.0,0.5,0.0,0.32653,0.46647,0.0,0.6625,0.5944,0.0,0.0,0.9638,0.75,0.5,0.8,1.0,1.0,0.5,0.5,0.5,1.0,1.0,0.5,0.5,0.5,0.0,0.0,1.0,1.0,1.0,0.5,0.5,0.2,0.6,0.5,0.5,1.0,1.0,0.25,0.5
0.0,0.5,0.0,0.5,0.2,0.5,0.1048,0.2,0.23333,0.0,0.5,0.0,1.0,0.92,0.0,1.0,0.0,1.0,1.0,1.0,1.0,1.0,0.0,0.32653,0.46647,0.0,0.52398,0.45184,0.0,0.0,0.95926,1.0,1.0,0.8,1.0,1.0,0.5,0.5,0.5,1.0,1.0,0.5,0.5,0.5,0.0,0.0,1.0,1.0,1.0,0.5,0.5,0.2,0.4,0.25,0.0,1.0,1.0,0.5,1.0
0.0,0.0,0.0,0.0,0.2,0.2,0.06726,0.2,0.5,0.0,0.5,0.0,0.0,0.64,0.0,0.97343,0.0,1.0,1.0,1.0,1.0,0.6,1.0,0.76513,1.0,1.0,0.33629,0.2261,0.0,0.0,0.97881,1.0,1.0,0.8,1.0,1.0,0.5,0.5,0.5,1.0,1.0,0.5,0.5,0.5,0.0,0.0,1.0,1.0,1.0,0.5,0.5,0.2,0.4,0.25,1.0,1.0,1.0,0.0,1.0
0.0,0.5,0.0,0.5,0.2,0.5,0.05182,0.2,0.53333,0.0,0.5,0.0,1.0,0.64,0.0,0.0,0.98963,1.0,0.6,1.0,1.0,1.0,0.0,0.64648,0.92354,0.25,0.43332,0.27658,0.0,1.0,0.99708,1.0,0.25,0.8,1.0,1.0,0.5,0.5,0.5,1.0,1.0,0.5,0.5,0.5,0.0,0.0,1.0,1.0,1.0,0.5,0.5,0.2,0.4,1.0,0.0,1.0,1.0,1.0,1.0
0.0,0.0,0.0,0.0,0.2,0.2,0.03085,0.2,0.63333,0.0,0.5,0.0,0.0,0.6,0.0,0.98838,0.0,1.0,1.0,1.0,1.0,1.0,1.0,0.77627,1.0,1.0,0.15426,0.09837,0.0,0.0,0.97872,1.0,0.25,0.8,1.0,1.0,0.5,0.5,0.5,1.0,1.0,0.5,0.5,0.5,0.0,0.0,1.0,1.0,1.0,0.5,0.5,1.0,0.2,0.0,1.0,1.0,1.0,0.0,1.0
0.5,0.5,0.5,0.5,0.5,0.5,0.21005,0.6,0.16667,0.0,0.5,0.0,0.0,0.88,0.0,0.92189,0.0,0.4,1.0,1.0,1.0,0.5,0.0,0.40096,0.57279,0.0,0.94779,0.90076,0.0,0.0,0.96766,1.0,0.5,0.8,1.0,1.0,0.5,0.5,0.5,1.0,1.0,0.5,0.5,0.5,0.0,0.0,1.0,1.0,1.0,0.5,0.5,0.2,0.4,1.0,0.0,1.0,1.0,1.0,0.5
0.0,1.0,0.0,1.0,0.6,1.0,0.22472,1.0,0.23333,0.0,0.5,0.0,0.0,0.8,0.0,0.86826,0.0,1.0,1.0,1.0,1.0,1.0,0.0,0.3999,0.57129,0.0,1.0,1.0,1.0,0.0,0.9807,1.0,1.0,0.8,1.0,1.0,0.5,0.5,0.5,1.0,1.0,0.5,0.5,0.5,0.0,0.0,1.0,1.0,1.0,0.5,0.5,0.2,0.4,1.0,1.0,1.0,1.0,0.0,1.0
0.0,0.5,0.0,0.5,0.8,0.5,0.21265,0.8,0.26667,0.0,0.5,0.0,1.0,0.76,0.0,0.88162,0.0,1.0,1.0,1.0,1.0,1.0,0.0,0.39917,0.57024,0.0,0.96163,0.9261,0.0,0.0,0.97859,1.0,1.0,0.8,1.0,1.0,0.5,0.5,0.5,1.0,1.0,0.5,0.5,0.5,0.0,0.0,1.0,1.0,1.0,0.5,0.5,0.2,0.4,1.0,1.0,1.0,1.0,1.0,1.0
0.0,0.5,0.0,0.5,0.8,0.5,0.20122,0.8,0.3,0.0,0.5,0.0,1.0,0.68,0.0,0.90485,0.0,1.0,1.0,1.0,1.0,1.0,0.0,0.39614,0.56592,0.0,0.91341,0.84062,0.0,0.0,0.97091,1.0,1.0,0.8,1.0,1.0,0.5,0.5,0.5,1.0,1.0,0.5,0.5,0.5,0.0,0.0,1.0,1.0,1.0,0.5,0.5,0.2,0.4,1.0,0.0,1.0,1.0,1.0,1.0
0.0,0.5,0.0,0.5,0.6,0.5,0.19318,0.6,0.33333,0.0,0.5,0.0,1.0,0.52,0.0,0.93034,0.0,1.0,1.0,1.0,1.0,1.0,0.0,0.39217,0.56024,0.0,0.88135,0.78787,0.0,0.0,0.96433,1.0,1.0,0.8,1.0,1.0,0.5,0.5,0.5,1.0,1.0,0.5,0.5,0.5,0.0,0.0,1.0,1.0,1.0,0.5,0.5,0.2,0.4,1.0,0.0,1.0,1.0,1.0,1.0
0.0,0.5,0.0,0.5,0.4,0.5,0.18127,0.4,0.36667,0.0,0.5,0.0,1.0,0.52,0.0,0.95027,0.0,1.0,1.0,1.0,1.0,1.0,0.0,0.38619,0.5517,0.0,0.83342,0.71442,0.0,0.0,0.95563,1.0,1.0,0.8,1.0,1.0,0.5,0.5,0.5,1.0,1.0,0.5,0.5,0.5,0.0,0.0,1.0,1.0,1.0,0.5,0.5,0.2,0.4,1.0,0.0,1.0,1.0,1.0,1.0
0.5,0.5,0.5,0.5,0.5,0.5,0.2605,1.0,0.1,0.0,0.5,0.0,0.0,0.4,0.0,0.0,0.99029,0.7,1.0,1.0,1.0,0.5,1.0,0.75146,1.0,0.0,1.0,1.0,1.0,0.0,1.0,1.0,0.5,0.8,1.0,1.0,0.5,0.5,0.5,1.0,1.0,0.5,0.5,0.5,0.0,0.0,1.0,1.0,1.0,0.5,0.5,0.2,0.6,1.0,1.0,1.0,1.0,0.0,0.5
0.0,0.5,0.0,0.5,1.0,0.5,0.24908,1.0,0.13333,0.0,0.5,0.0,1.0,0.48,0.0,0.0,0.88673,0.9,1.0,1.0,1.0,0.9,1.0,0.81064,1.0,0.0,1.0,1.0,1.0,0.0,1.0,1.0,1.0,0.8,1.0,1.0,0.5,0.5,0.5,1.0,1.0,0.5,0.5,0.5,0.0,0.0,1.0,1.0,1.0,0.5,0.5,0.2,0.6,1.0,1.0,1.0,1.0,1.0,1.0
0.0,1.0,0.0,1.0,0.6,1.0,0.28185,1.0,0.2,0.0,0.5,0.0,0.0,0.68,0.0,0.0,0.90354,1.0,1.0,1.0,1.0,1.0,1.0,0.84406,1.0,0.0,1.0,1.0,1.0,0.0,1.0,1.0,1.0,0.8,1.0,1.0,0.5,0.5,0.5,1.0,1.0,0.5,0.5,0.5,0.0,0.0,1.0,1.0,1.0,0.5,0.5,0.2,0.6,1.0,1.0,1.0,1.0,0.0,1.0
0.0,0.5,0.0,0.5,1.0,0.5,0.26609,1.0,0.23333,0.0,0.5,0.0,1.0,0.72,0.0,0.0,0.98558,1.0,1.0,1.0,1.0,1.0,1.0,0.8604,1.0,0.0,1.0,1.0,1.0,0.0,1.0,1.0,1.0,0.8,1.0,1.0,0.5,0.5,0.5,1.0,1.0,0.5,0.5,0.5,0.0,0.0,1.0,1.0,1.0,0.5,0.5,0.2,0.6,1.0,1.0,1.0,1.0,1.0,1.0
0.0,1.0,0.0,0.0,1.0,1.0,0.22399,0.8,0.33333,0.0,0.5,0.0,0.0,0.68,0.0,0.95942,0.0,1.0,1.0,1.0,1.0,1.0,1.0,0.90004,1.0,0.0,1.0,0.99852,0.5,0.0,1.0,1.0,1.0,0.8,1.0,1.0,0.5,0.5,0.5,1.0,1.0,0.5,0.5,0.5,0.0,0.0,1.0,1.0,1.0,0.5,0.5,0.2,0.6,1.0,0.0,1.0,1.0,1.0,1.0
0.5,0.5,0.5,0.5,0.5,0.5,0.32068,0.8,0.86667,0.0,0.5,0.0,0.0,0.24,0.28,0.0,0.94056,1.0,1.0,0.6,0.8,0.5,0.0,0.84126,1.0,0.25,0.84616,0.73334,0.0,0.0,1.0,1.0,0.5,0.8,1.0,1.0,0.5,0.5,0.5,1.0,1.0,0.5,0.5,0.5,0.0,0.0,1.0,1.0,1.0,1.0,0.55333,0.2,0.4,1.0,0.0,1.0,1.0,1.0,0.5
0.0,0.5,0.0,0.5,0.8,0.5,0.25681,0.8,0.9,0.0,0.5,0.0,1.0,0.24,0.28,0.0,0.97457,1.0,1.0,0.6,1.0,1.0,0.0,0.79499,1.0,0.25,0.662,0.49477,0.0,0.0,0.98269,1.0,1.0,0.8,1.0,1.0,0.5,0.5,0.5,1.0,1.0,0.5,0.5,0.5,0.0,0.0,1.0,1.0,1.0,1.0,0.55333,0.2,0.4,1.0,0.0,1.0,1.0,1.0,1.0
0.5,0.5,0.5,0.5,0.5,0.5,0.17093,0.2,0.2,0.0,0.5,0.0,0.0,0.28,0.0,0.97086,0.0,1.0,1.0,1.0,1.0,0.5,1.0,0.3429,0.48985,0.0,0.83403,0.71531,0.0,0.0,0.77527,1.0,0.5,0.8,1.0,1.0,0.5,0.5,0.5,1.0,1.0,0.5,0.5,0.5,0.0,0.0,1.0,1.0,1.0,0.5,0.5,1.0,0.2,0.0,1.0,1.0,1.0,0.0,0.5
1.0,1.0,1.0,1.0,0.2,0.6,0.15383,0.2,0.33333,0.0,0.5,0.0,0.0,0.28,0.0,0.0,0.99803,1.0,1.0,1.0,1.0,1.0,1.0,0.38982,0.55688,0.0,0.70395,0.54315,0.0,0.0,0.8327,1.0,1.0,0.8,1.0,1.0,0.5,0.5,0.5,1.0,1.0,0.5,0.5,0.5,0.0,0.0,1.0,1.0,1.0,0.5,0.5,1.0,0.2,0.0,1.0,1.0,1.0,1.0,0.5
1.0,1.0,1.0,1.0,0.2,0.2,0.17581,0.2,0.4,0.0,0.5,0.0,0.0,0.28,0.0,0.99835,0.0,1.0,1.0,1.0,1.0,1.0,1.0,0.40519,0.57885,0.0,0.78913,0.65171,0.0,0.0,0.8523,1.0,1.0,0.8,1.0,1.0,0.5,0.5,0.5,1.0,1.0,0.5,0.5,0.5,0.0,0.0,1.0,1.0,1.0,0.5,0.5,1.0,0.2,0.0,1.0,1.0,1.0,0.0,0.25
1.0,1.0,1.0,1.0,0.8,0.8,0.20815,0.8,0.46667,0.0,0.5,0.0,0.0,0.28,0.0,0.0,0.99898,1.0,1.0,1.0,1.0,1.0,1.0,0.418,0.59714,0.0,0.91985,0.8516,0.0,0.0,0.89352,1.0,1.0,0.8,1.0,1.0,0.5,0.5,0.5,1.0,1.0,0.5,0.5,0.5,0.0,0.0,1.0,1.0,1.0,0.5,0.5,1.0,0.2,0.0,1.0,1.0,1.0,0.0,0.5
1.0,1.0,1.0,1.0,0.8,1.0,0.23908,1.0,0.53333,0.0,0.5,0.0,0.0,0.28,0.0,0.0,0.99784,1.0,1.0,1.0,1.0,1.0,1.0,0.42924,0.6132,0.0,1.0,1.0,1.0,1.0,0.94011,1.0,1.0,0.8,1.0,1.0,0.5,0.5,0.5,1.0,1.0,0.5,0.5,0.5,0.0,0.0,1.0,1.0,1.0,0.5,0.5,0.2,0.4,1.0,1.0,1.0,1.0,0.0,0.5
0.0,0.0,0.0,0.0,0.8,0.8,0.24139,1.0,0.9,0.0,0.5,0.0,0.0,0.28,0.0,0.99493,0.0,1.0,1.0,1.0,1.0,1.0,1.0,0.43215,0.61736,0.0,1.0,1.0,1.0,0.0,0.97418,1.0,1.0,0.8,1.0,1.0,0.5,0.5,0.5,1.0,1.0,0.5,0.5,0.5,0.0,0.0,1.0,1.0,1.0,0.5,0.5,1.0,0.2,0.0,1.0,1.0,1.0,0.0,1.0
1.0,0.5,1.0,0.5,1.0,0.5,0.25416,1.0,0.93333,0.0,0.5,0.0,1.0,0.28,0.0,0.9937,0.0,1.0,1.0,1.0,1.0,1.0,1.0,0.43732,0.62474,0.0,1.0,1.0,1.0,0.0,0.97958,1.0,1.0,0.8,1.0,1.0,0.5,0.5,0.5,1.0,1.0,0.5,0.5,0.5,0.0,0.0,1.0,1.0,1.0,0.5,0.5,0.2,0.4,1.0,1.0,1.0,1.0,0.0,0.5
0.0,0.5,0.0,0.5,0.8,0.5,0.22577,0.8,0.96667,0.0,0.5,0.0,1.0,0.28,0.0,0.99715,0.0,1.0,1.0,1.0,1.0,1.0,1.0,0.45709,0.65298,0.0,0.95412,0.91226,0.0,0.0,0.96889,1.0,1.0,0.8,1.0,1.0,0.5,0.5,0.5,1.0,1.0,0.5,0.5,0.5,0.0,0.0,1.0,1.0,1.0,0.5,0.5,0.2,0.4,1.0,0.0,1.0,1.0,1.0,1.0
0.0,0.0,0.0,0.0,0.8,0.8,0.20707,0.8,0.0,0.96774,0.5,0.0,0.0,0.28,0.0,0.99954,0.0,1.0,1.0,1.0,1.0,1.0,1.0,0.49227,0.70325,0.0,0.84325,0.72898,0.0,0.0,0.95004,1.0,1.0,0.8,1.0,1.0,0.5,0.5,0.5,1.0,1.0,0.5,0.5,0.5,0.0,0.0,1.0,1.0,1.0,0.5,0.5,1.0,0.2,0.0,1.0,1.0,1.0,0.0,1.0
1.0,1.0,1.0,1.0,0.8,0.8,0.24066,0.8,0.0,0.90909,0.5,0.0,0.0,0.28,0.0,0.99891,0.0,1.0,1.0,1.0,1.0,1.0,1.0,0.50932,0.7276,0.0,0.96349,0.92956,0.0,0.0,0.95572,1.0,1.0,0.8,1.0,1.0,0.5,0.5,0.5,1.0,1.0,0.5,0.5,0.5,0.0,0.0,1.0,1.0,1.0,0.5,0.5,1.0,0.2,0.0,1.0,1.0,1.0,0.0,0.5
1.0,0.5,1.0,0.5,1.0,0.5,0.25742,1.0,0.0,0.88235,0.5,0.0,1.0,0.28,0.0,0.99988,0.0,1.0,1.0,1.0,1.0,1.0,1.0,0.51638,0.73768,0.0,1.0,1.0,1.0,0.0,0.96193,1.0,1.0,0.8,1.0,1.0,0.5,0.5,0.5,1.0,1.0,0.5,0.5,0.5,0.0,0.0,1.0,1.0,1.0,0.5,0.5,1.0,0.2,0.0,1.0,1.0,1.0,0.0,0.5
1.0,1.0,1.0,1.0,1.0,1.0,0.27697,1.0,0.0,0.83333,0.5,0.0,0.0,0.32,0.0,0.0,0.9807,1.0,1.0,1.0,1.0,1.0,0.0,0.50369,0.71956,0.0,1.0,1.0,1.0,0.0,0.97463,1.0,1.0,0.8,1.0,1.0,0.5,0.5,0.5,1.0,1.0,0.5,0.5,0.5,0.0,0.0,1.0,1.0,1.0,0.5,0.5,0.2,0.4,1.0,1.0,1.0,1.0,0.0,0.5
0.5,0.5,0.5,0.5,0.5,0.5,0.17882,0.2,0.23333,0.0,0.5,0.0,0.0,0.8,0.04,0.92594,0.0,1.0,1.0,1.0,1.0,0.5,1.0,0.70083,1.0,0.25,0.97612,0.95335,0.0,0.0,1.0,1.0,0.5,0.8,1.0,1.0,0.5,0.5,0.5,1.0,1.0,0.5,0.5,0.5,0.0,0.0,1.0,1.0,1.0,0.97652,1.0,0.2,0.4,1.0,1.0,1.0,1.0,0.0,0.5
0.0,0.5,0.0,0.5,0.2,0.5,0.13909,0.2,0.26667,0.0,0.5,0.0,1.0,0.84,0.04,0.0,0.98981,1.0,1.0,1.0,1.0,1.0,1.0,0.70829,1.0,0.25,0.77424,0.63164,0.0,0.0,0.89627,1.0,1.0,0.8,1.0,1.0,0.5,0.5,0.5,1.0,1.0,0.5,0.5,0.5,0.0,0.0,1.0,1.0,1.0,0.97652,1.0,0.2,0.4,1.0,0.0,1.0,1.0,1.0,1.0
0.0,0.0,0.0,0.0,0.2,0.2,0.11509,0.2,0.36667,0.0,0.5,0.0,0.0,0.76,0.04,0.98802,0.0,1.0,1.0,1.0,1.0,1.0,1.0,0.68329,0.97613,0.25,0.72109,0.56383,0.0,0.0,1.0,0.5,0.5,0.8,1.0,1.0,0.5,0.5,0.5,1.0,1.0,0.5,0.5,0.5,0.0,0.0,1.0,1.0,1.0,0.97652,1.0,1.0,0.2,0.0,1.0,0.0,1.0,0.0,1.0
0.0,0.0,0.0,0.0,0.2,0.2,0.01969,0.2,0.0,0.96774,0.5,0.0,0.0,0.52,0.08,0.0,0.99722,1.0,1.0,1.0,1.0,1.0,1.0,0.69913,0.99876,0.25,0.13567,0.07277,0.0,0.0,0.82565,1.0,0.5,0.8,1.0,1.0,0.5,0.5,0.5,1.0,1.0,0.5,0.5,0.5,0.0,0.0,1.0,1.0,1.0,0.97652,1.0,1.0,0.2,0.0,1.0,0.0,1.0,0.0,0.5
0.0,0.0,0.0,0.0,0.2,0.2,0.01631,0.2,0.0,0.90909,0.5,0.0,0.0,0.52,0.08,0.0,0.99755,1.0,1.0,1.0,1.0,1.0,1.0,0.69444,0.99206,0.25,0.11566,0.06138,0.0,0.0,0.82596,1.0,1.0,0.8,1.0,1.0,0.5,0.5,0.5,1.0,1.0,0.5,0.5,0.5,0.0,0.0,1.0,1.0,1.0,0.97652,1.0,1.0,0.2,0.0,1.0,0.0,1.0,0.0,0.5
0.0,0.0,0.0,0.0,0.2,0.2,0.01349,0.2,0.0,0.85714,0.5,0.0,0.0,0.52,0.08,0.0,0.99795,1.0,1.0,1.0,1.0,1.0,0.0,0.69094,0.98705,0.25,0.09797,0.05151,0.0,0.0,0.82617,1.0,1.0,0.8,1.0,1.0,0.5,0.5,0.5,1.0,1.0,0.5,0.5,0.5,0.0,0.0,1.0,1.0,1.0,0.97652,1.0,1.0,0.2,0.0,1.0,0.0,1.0,0.0,0.5
0.0,0.0,0.0,0.0,0.2,0.2,0.01116,0.2,0.0,0.81081,0.5,0.0,0.0,0.52,0.08,0.0,0.99831,1.0,1.0,1.0,1.0,1.0,0.0,0.6891,0.98443,0.25,0.08221,0.04287,0.0,0.0,0.8263,1.0,1.0,0.8,1.0,1.0,0.5,0.5,0.5,1.0,1.0,0.5,0.5,0.5,0.0,0.0,1.0,1.0,1.0,0.97652,1.0,1.0,0.2,0.0,1.0,0.0,1.0,0.0,0.5
0.0,0.0,0.0,0.0,0.2,0.2,0.00923,0.2,0.0,0.76923,0.5,0.0,0.0,0.52,0.08,0.0,0.99855,1.0,1.0,1.0,1.0,1.0,0.0,0.68777,0.98253,0.25,0.06874,0.0356,0.0,0.0,0.82638,1.0,1.0,0.8,1.0,1.0,0.5,0.5,0.5,1.0,1.0,0.5,0.5,0.5,0.0,0.0,1.0,1.0,1.0,0.97652,1.0,1.0,0.2,0.0,1.0,0.0,1.0,0.0,0.5
0.5,0.5,0.5,0.5,0.5,0.5,0.2,0.6,0.03333,0.0,0.5,0.0,0.0,0.2,0.0,0.5,0.5,0.5,0.5,0.5,0.5,0.5,0.5,0.0,0.0,0.75,1.0,1.0,1.0,0.0,0.0,0.5,0.5,0.8,1.0,1.0,0.5,0.5,0.5,1.0,1.0,0.5,0.5,0.5,0.5,0.5,1.0,0.5,0.5,0.5,0.5,0.2,0.6,0.66667,1.0,1.0,1.0,0.5,0.5
1.0,1.0,1.0,1.0,0.8,1.0,0.27384,0.8,0.23333,0.0,0.5,0.0,0.0,0.56,0.08,0.93542,0.0,1.0,1.0,1.0,1.0,0.6,0.0,0.95441,1.0,0.0,1.0,0.98667,0.5,0.0,0.97755,1.0,0.25,0.8,1.0,1.0,0.5,0.5,0.5,1.0,1.0,0.5,0.5,0.5,0.0,0.0,1.0,1.0,1.0,1.0,1.0,0.2,0.6,1.0,0.5,1.0,1.0,1.0,1.0
0.0,1.0,0.0,1.0,0.8,1.0,0.29935,1.0,0.3,0.0,0.5,0.0,0.0,0.52,0.08,0.99986,0.0,1.0,1.0,1.0,1.0,1.0,0.0,0.82436,1.0,0.0,1.0,1.0,1.0,0.0,0.96504,1.0,1.0,0.8,1.0,1.0,0.5,0.5,0.5,1.0,1.0,0.5,0.5,0.5,0.0,0.0,1.0,1.0,1.0,1.0,1.0,0.2,0.6,1.0,1.0,1.0,1.0,0.0,1.0
0.0,0.5,0.0,0.5,1.0,0.5,0.28902,1.0,0.33333,0.0,0.5,0.0,1.0,0.52,0.08,0.0,0.99764,1.0,1.0,1.0,1.0,1.0,0.0,0.75196,1.0,0.0,1.0,1.0,1.0,0.0,0.97248,1.0,1.0,0.8,1.0,1.0,0.5,0.5,0.5,1.0,1.0,0.5,0.5,0.5,0.0,0.0,1.0,1.0,1.0,1.0,1.0,0.2,0.6,1.0,0.5,1.0,1.0,1.0,1.0
1.0,0.5,1.0,0.5,1.0,0.5,0.31488,1.0,0.36667,0.0,0.5,0.0,1.0,0.52,0.08,0.0,0.98959,1.0,1.0,1.0,1.0,1.0,0.0,0.72159,1.0,0.0,1.0,1.0,1.0,1.0,0.98062,1.0,1.0,0.8,1.0,1.0,0.5,0.5,0.5,1.0,1.0,0.5,0.5,0.5,0.0,0.0,1.0,1.0,1.0,1.0,1.0,0.2,0.6,1.0,1.0,1.0,1.0,1.0,1.0
1.0,0.5,1.0,0.5,1.0,0.5,0.31825,1.0,0.4,0.0,0.5,0.0,1.0,0.52,0.08,0.0,0.98644,1.0,1.0,1.0,1.0,1.0,0.0,0.68843,0.98347,0.0,1.0,1.0,1.0,0.0,0.98487,1.0,1.0,0.8,1.0,1.0,0.5,0.5,0.5,1.0,1.0,0.5,0.5,0.5,0.0,0.0,1.0,1.0,1.0,1.0,1.0,0.2,0.6,1.0,1.0,1.0,1.0,1.0,1.0
1.0,0.5,1.0,0.5,1.0,0.5,0.32045,1.0,0.43333,0.0,0.5,0.0,1.0,0.52,0.08,0.0,0.98741,1.0,1.0,1.0,1.0,1.0,0.0,0.66056,0.94365,0.0,1.0,1.0,1.0,0.0,0.98801,1.0,1.0,0.8,1.0,1.0,0.5,0.5,0.5,1.0,1.0,0.5,0.5,0.5,0.0,0.0,1.0,1.0,1.0,1.0,1.0,0.2,0.6,1.0,1.0,1.0,1.0,1.0,1.0
1.0,0.5,1.0,0.5,1.0,0.5,0.32285,1.0,0.46667,0.0,0.5,0.0,1.0,0.52,0.08,0.0,0.98824,1.0,1.0,1.0,1.0,1.0,0.0,0.63547,0.90781,0.0,1.0,1.0,1.0,0.0,0.99032,1.0,1.0,0.8,1.0,1.0,0.5,0.5,0.5,1.0,1.0,0.5,0.5,0.5,0.0,0.0,1.0,1.0,1.0,1.0,1.0,0.2,0.6,1.0,1.0,1.0,1.0,1.0,1.0
1.0,0.5,1.0,0.5,1.0,0.5,0.32549,1.0,0.5,0.0,0.5,0.0,1.0,0.52,0.08,0.0,0.98878,1.0,1.0,1.0,1.0,1.0,0.0,0.61206,0.87437,0.0,1.0,1.0,1.0,0.0,0.99206,1.0,1.0,0.8,1.0,1.0,0.5,0.5,0.5,1.0,1.0,0.5,0.5,0.5,0.0,0.0,1.0,1.0,1.0,1.0,1.0,0.2,0.6,1.0,1.0,1.0,1.0,1.0,1.0
1.0,0.5,1.0,0.5,1.0,0.5,0.32725,1.0,0.53333,0.0,0.5,0.0,1.0,0.52,0.08,0.0,0.98807,1.0,1.0,1.0,1.0,1.0,0.0,0.59607,0.85153,0.0,1.0,1.0,1.0,0.0,0.99339,1.0,1.0,0.8,1.0,1.0,0.5,0.5,0.5,1.0,1.0,0.5,0.5,0.5,0.0,0.0,1.0,1.0,1.0,1.0,1.0,0.2,0.6,1.0,1.0,1.0,1.0,1.0,1.0
1.0,0.5,1.0,0.5,1.0,0.5,0.32813,1.0,0.56667,0.0,0.5,0.0,1.0,0.52,0.08,0.0,0.98997,1.0,1.0,1.0,1.0,1.0,0.0,0.58631,0.83758,0.0,1.0,1.0,1.0,0.0,0.99443,1.0,1.0,0.8,1.0,1.0,0.5,0.5,0.5,1.0,1.0,0.5,0.5,0.5,0.0,0.0,1.0,1.0,1.0,1.0,1.0,0.2,0.6,1.0,1.0,1.0,1.0,1.0,1.0
1.0,0.5,1.0,0.5,1.0,0.5,0.33615,1.0,0.6,0.0,0.5,0.0,1.0,0.52,0.08,0.0,0.9931,1.0,1.0,1.0,1.0,1.0,0.0,0.57276,0.81823,0.0,1.0,1.0,1.0,0.0,0.99616,1.0,1.0,0.8,1.0,1.0,0.5,0.5,0.5,1.0,1.0,0.5,0.5,0.5,0.0,0.0,1.0,1.0,1.0,1.0,1.0,0.2,0.6,1.0,1.0,1.0,1.0,1.0,1.0
1.0,0.5,1.0,0.5,1.0,0.5,0.34129,1.0,0.63333,0.0,0.5,0.0,1.0,0.48,0.08,0.0,0.99206,1.0,1.0,1.0,1.0,1.0,0.0,0.56207,0.80296,0.0,1.0,1.0,1.0,0.0,0.99754,1.0,1.0,0.8,1.0,1.0,0.5,0.5,0.5,1.0,1.0,0.5,0.5,0.5,0.0,0.0,1.0,1.0,1.0,1.0,1.0,0.2,0.6,1.0,1.0,1.0,1.0,1.0,1.0
1.0,0.5,0.0,0.5,1.0,0.5,0.33865,1.0,0.66667,0.0,0.5,0.0,1.0,0.48,0.08,0.0,0.99348,1.0,1.0,1.0,1.0,1.0,0.0,0.55508,0.79297,0.0,1.0,1.0,1.0,0.0,0.99787,1.0,1.0,0.8,1.0,1.0,0.5,0.5,0.5,1.0,1.0,0.5,0.5,0.5,0.0,0.0,1.0,1.0,1.0,1.0,1.0,0.2,0.6,1.0,1.0,1.0,1.0,1.0,1.0
1.0,0.5,0.0,0.5,1.0,0.5,0.33781,1.0,0.7,0.0,0.5,0.0,1.0,0.48,0.08,0.0,0.99478,1.0,1.0,1.0,1.0,1.0,0.0,0.54965,0.78522,0.0,1.0,1.0,1.0,0.0,0.99813,1.0,1.0,0.8,1.0,1.0,0.5,0.5,0.5,1.0,1.0,0.5,0.5,0.5,0.0,0.0,1.0,1.0,1.0,1.0,1.0,0.2,0.6,1.0,1.0,1.0,1.0,1.0,1.0
1.0,0.5,1.0,0.5,1.0,0.5,0.34341,1.0,0.73333,0.0,0.5,0.0,1.0,0.48,0.08,0.0,0.9962,1.0,1.0,1.0,1.0,1.0,0.0,0.54562,0.77946,0.0,1.0,1.0,1.0,0.0,0.99903,1.0,1.0,0.8,1.0,1.0,0.5,0.5,0.5,1.0,1.0,0.5,0.5,0.5,0.0,0.0,1.0,1.0,1.0,1.0,1.0,0.2,0.6,1.0,1.0,1.0,1.0,1.0,1.0
1.0,0.5,1.0,0.5,1.0,0.5,0.34652,1.0,0.76667,0.0,0.5,0.0,1.0,0.48,0.08,0.0,0.99701,1.0,1.0,1.0,1.0,1.0,0.0,0.54211,0.77444,0.0,1.0,1.0,1.0,0.0,0.99974,1.0,1.0,0.8,1.0,1.0,0.5,0.5,0.5,1.0,1.0,0.5,0.5,0.5,0.0,0.0,1.0,1.0,1.0,1.0,1.0,0.2,0.6,1.0,1.0,1.0,1.0,1.0,1.0
1.0,0.5,0.0,0.5,1.0,0.5,0.34235,1.0,0.8,0.0,0.5,0.0,1.0,0.48,0.08,0.0,0.99796,1.0,1.0,1.0,1.0,1.0,0.0,0.54086,0.77265,0.0,1.0,1.0,1.0,0.0,0.99966,1.0,1.0,0.8,1.0,1.0,0.5,0.5,0.5,1.0,1.0,0.5,0.5,0.5,0.0,0.0,1.0,1.0,1.0,1.0,1.0,0.2,0.6,1.0,1.0,1.0,1.0,1.0,1.0
1.0,0.5,0.0,0.5,1.0,0.5,0.34034,1.0,0.83333,0.0,0.5,0.0,1.0,0.44,0.08,0.0,0.9986,1.0,1.0,1.0,1.0,1.0,1.0,0.9097,1.0,0.25,1.0,1.0,1.0,0.0,1.0,1.0,0.75,0.8,1.0,1.0,0.5,0.5,0.5,1.0,1.0,0.5,0.5,0.5,0.0,0.0,1.0,1.0,1.0,1.0,1.0,0.2,0.4,1.0,1.0,1.0,1.0,1.0,1.0
1.0,0.5,0.0,0.5,1.0,0.5,0.33865,1.0,0.86667,0.0,0.5,0.0,1.0,0.44,0.08,0.0,0.99766,1.0,1.0,1.0,1.0,1.0,1.0,0.95141,1.0,0.25,1.0,1.0,1.0,0.0,1.0,1.0,1.0,0.8,1.0,1.0,0.5,0.5,0.5,1.0,1.0,0.5,0.5,0.5,0.0,0.0,1.0,1.0,1.0,1.0,1.0,0.2,0.4,1.0,0.0,1.0,1.0,1.0,1.0
1.0,0.5,0.0,0.5,0.8,0.5,0.33803,0.8,0.9,0.0,0.5,0.0,1.0,0.44,0.08,0.0,0.99824,1.0,1.0,1.0,1.0,1.0,0.0,0.79988,1.0,0.25,1.0,1.0,1.0,0.0,1.0,1.0,0.5,0.8,1.0,1.0,0.5,0.5,0.5,1.0,1.0,0.5,0.5,0.5,0.0,0.0,1.0,1.0,1.0,1.0,1.0,0.4,0.4,1.0,1.0,1.0,1.0,0.0,1.0
1.0,0.5,1.0,0.5,1.0,0.5,0.33861,1.0,0.93333,0.0,0.5,0.0,1.0,0.44,0.08,0.99839,0.0,1.0,1.0,1.0,1.0,1.0,1.0,0.93781,1.0,0.25,1.0,1.0,1.0,0.0,1.0,1.0,0.5,0.8,1.0,1.0,0.5,0.5,0.5,1.0,1.0,0.5,0.5,0.5,0.0,0.0,1.0,1.0,1.0,1.0,1.0,0.2,0.4,1.0,1.0,1.0,1.0,0.0,1.0
1.0,1.0,0.0,1.0,0.8,1.0,0.40969,1.0,0.0,0.9375,0.5,0.0,0.0,0.44,0.08,0.0,0.98948,1.0,1.0,1.0,1.0,1.0,0.0,0.91183,1.0,0.25,1.0,1.0,1.0,0.0,1.0,0.75,1.0,0.8,1.0,1.0,0.5,0.5,0.5,1.0,1.0,0.5,0.5,0.5,0.0,0.0,1.0,1.0,1.0,1.0,0.70033,0.2,0.4,1.0,1.0,1.0,1.0,1.0,1.0
0.0,1.0,0.0,1.0,0.8,1.0,0.44047,1.0,0.0,0.76923,0.5,0.0,0.0,0.36,0.08,0.99331,0.0,1.0,1.0,1.0,1.0,1.0,1.0,0.90763,1.0,0.25,1.0,1.0,1.0,0.0,1.0,0.75,1.0,0.8,1.0,1.0,0.5,0.5,0.5,1.0,1.0,0.5,0.5,0.5,0.0,0.0,1.0,1.0,1.0,1.0,0.6375,0.2,0.4,1.0,1.0,1.0,1.0,1.0,1.0
0.0,0.5,0.0,0.5,1.0,0.5,0.40436,1.0,0.0,0.75,0.5,0.0,1.0,0.36,0.08,0.0,0.99551,1.0,1.0,1.0,1.0,1.0,0.0,0.88797,1.0,0.25,1.0,1.0,1.0,0.0,1.0,1.0,1.0,0.8,1.0,1.0,0.5,0.5,0.5,1.0,1.0,0.5,0.5,0.5,0.0,0.0,1.0,1.0,1.0,1.0,0.6375,0.2,0.4,1.0,1.0,1.0,1.0,1.0,1.0
0.5,0.5,0.5,0.5,0.5,0.5,0.2,0.6,0.03333,0.0,0.5,0.0,0.0,0.2,0.0,0.5,0.5,0.5,0.5,0.5,0.5,0.5,0.5,0.0,0.0,0.75,1.0,1.0,1.0,0.0,0.0,0.5,0.5,0.8,1.0,1.0,0.5,0.5,0.5,1.0,1.0,0.5,0.5,0.5,0.5,0.5,1.0,0.5,0.5,0.5,0.5,0.2,0.6,0.66667,1.0,1.0,1.0,0.5,0.5
0.5,0.5,0.5,0.5,0.5,0.5,0.21493,0.9,0.06667,0.0,0.5,0.0,0.0,0.56,0.0,0.5,0.5,0.6,0.4,1.0,1.0,0.5,1.0,0.88313,1.0,0.25,1.0,1.0,1.0,0.0,0.66667,1.0,0.5,0.8,1.0,1.0,0.5,0.5,0.5,1.0,1.0,0.5,0.5,0.5,0.5,0.5,1.0,1.0,1.0,0.5,0.5,0.2,0.6,1.0,0.5,1.0,1.0,1.0,0.5
0.0,1.0,0.0,1.0,0.8,1.0,0.20807,0.8,0.2,0.0,0.5,0.0,0.0,0.64,0.0,0.87702,0.0,1.0,1.0,1.0,1.0,0.6,0.0,0.80014,1.0,0.0,0.9969,0.9354,0.5,0.0,0.94865,1.0,1.0,0.8,1.0,1.0,0.5,0.5,0.5,1.0,1.0,0.5,0.5,0.5,0.0,0.0,1.0,1.0,1.0,0.5,0.5,0.2,0.6,1.0,0.5,1.0,1.0,1.0,1.0
1.0,1.0,0.0,1.0,0.8,0.8,0.21021,0.8,0.26667,0.0,0.5,0.0,0.0,0.56,0.0,0.92832,0.0,1.0,1.0,1.0,1.0,1.0,0.0,0.78919,1.0,0.0,1.0,0.98675,0.5,0.0,0.96261,1.0,1.0,0.8,1.0,1.0,0.5,0.5,0.5,1.0,1.0,0.5,0.5,0.5,0.0,0.0,1.0,1.0,1.0,0.5,0.5,0.2,0.6,1.0,0.5,1.0,1.0,0.5,1.0
1.0,0.5,0.0,0.5,0.8,0.5,0.20642,0.8,0.3,0.0,0.5,0.0,1.0,0.56,0.0,0.95171,0.0,1.0,1.0,1.0,1.0,1.0,0.0,0.78528,1.0,0.0,0.99831,0.97432,0.5,0.0,0.96447,1.0,1.0,0.8,1.0,1.0,0.5,0.5,0.5,1.0,1.0,0.5,0.5,0.5,0.0,0.0,1.0,1.0,1.0,0.5,0.5,0.2,0.6,1.0,1.0,1.0,1.0,1.0,1.0
1.0,0.5,0.0,0.5,0.6,0.5,0.20334,0.6,0.33333,0.0,0.5,0.0,1.0,0.52,0.0,0.96743,0.0,1.0,1.0,1.0,1.0,1.0,0.0,0.78121,1.0,0.0,0.98599,0.97062,0.0,0.0,0.96484,1.0,1.0,0.8,1.0,1.0,0.5,0.5,0.5,1.0,1.0,0.5,0.5,0.5,0.0,0.0,1.0,1.0,1.0,0.5,0.5,0.2,0.6,1.0,0.5,1.0,1.0,1.0,1.0
1.0,0.5,0.0,0.5,0.6,0.5,0.20085,0.6,0.36667,0.0,0.5,0.0,1.0,0.52,0.0,0.97696,0.0,1.0,1.0,1.0,1.0,1.0,0.0,0.77698,1.0,0.0,0.97655,0.96211,0.0,0.0,0.96481,1.0,1.0,0.8,1.0,1.0,0.5,0.5,0.5,1.0,1.0,0.5,0.5,0.5,0.0,0.0,1.0,1.0,1.0,0.5,0.5,0.2,0.6,1.0,0.5,1.0,1.0,1.0,1.0
1.0,0.5,0.0,0.5,0.6,0.5,0.19884,0.6,0.4,0.0,0.5,0.0,1.0,0.52,0.0,0.98321,0.0,1.0,1.0,1.0,1.0,1.0,0.0,0.77264,1.0,0.0,0.96949,0.92194,0.0,0.0,0.96553,1.0,1.0,0.8,1.0,1.0,0.5,0.5,0.5,1.0,1.0,0.5,0.5,0.5,0.0,0.0,1.0,1.0,1.0,0.5,0.5,0.2,0.6,1.0,0.5,1.0,1.0,1.0,1.0
1.0,0.5,0.0,0.5,0.8,0.5,0.19784,0.8,0.43333,0.0,0.5,0.0,1.0,0.52,0.0,0.98785,0.0,1.0,1.0,1.0,1.0,1.0,0.0,0.76848,1.0,0.0,0.96721,0.88988,0.5,0.0,0.96658,1.0,1.0,0.8,1.0,1.0,0.5,0.5,0.5,1.0,1.0,0.5,0.5,0.5,0.0,0.0,1.0,1.0,1.0,0.5,0.5,0.2,0.6,1.0,0.5,1.0,1.0,1.0,1.0
1.0,0.5,0.0,0.5,0.2,0.5,0.19173,0.2,0.46667,0.0,0.5,0.0,1.0,0.52,0.0,0.99049,0.0,1.0,1.0,1.0,1.0,1.0,0.0,0.76293,1.0,0.0,0.94074,0.88373,0.0,0.0,0.96493,1.0,1.0,0.8,1.0,1.0,0.5,0.5,0.5,1.0,1.0,0.5,0.5,0.5,0.0,0.0,1.0,1.0,1.0,0.5,0.5,0.2,0.4,0.5,0.0,1.0,1.0,1.0,1.0
1.0,0.5,0.0,0.5,0.2,0.5,0.18689,0.2,0.5,0.0,0.5,0.0,1.0,0.52,0.0,0.99342,0.0,1.0,1.0,1.0,1.0,1.0,0.0,0.75639,1.0,0.0,0.92096,0.83052,0.0,0.0,0.9625,1.0,1.0,0.8,1.0,1.0,0.5,0.5,0.5,1.0,1.0,0.5,0.5,0.5,0.0,0.0,1.0,1.0,1.0,0.5,0.5,0.2,0.6,1.0,0.5,1.0,1.0,0.5,1.0
1.0,0.5,1.0,0.5,0.2,0.5,0.1874,0.2,0.53333,0.0,0.5,0.0,1.0,0.52,0.0,0.99333,0.0,1.0,1.0,1.0,1.0,1.0,0.0,0.75059,1.0,0.0,0.92703,0.85456,0.0,0.0,0.96271,1.0,1.0,0.8,1.0,1.0,0.5,0.5,0.5,1.0,1.0,0.5,0.5,0.5,0.0,0.0,1.0,1.0,1.0,0.5,0.5,0.2,0.4,0.5,1.0,1.0,1.0,1.0,1.0
1.0,1.0,1.0,1.0,0.2,0.4,0.18502,0.2,0.63333,0.0,0.5,0.0,0.0,0.52,0.0,0.99785,0.0,1.0,1.0,1.0,1.0,1.0,0.0,0.73231,1.0,0.0,0.92661,0.82618,0.0,0.0,0.96505,1.0,1.0,0.8,1.0,1.0,0.5,0.5,0.5,1.0,1.0,0.5,0.5,0.5,0.0,0.0,1.0,1.0,1.0,0.5,0.5,0.2,0.6,1.0,0.5,1.0,1.0,0.5,1.0
1.0,1.0,1.0,0.0,0.2,0.2,0.18849,0.4,0.8,0.0,0.5,0.0,0.0,0.52,0.0,0.99704,0.0,1.0,1.0,1.0,1.0,1.0,0.0,0.6983,0.99757,0.0,0.96667,0.9011,0.5,0.0,0.96906,1.0,1.0,0.8,1.0,1.0,0.5,0.5,0.5,1.0,1.0,0.5,0.5,0.5,0.0,0.0,1.0,1.0,1.0,0.5,0.5,1.0,0.2,0.0,1.0,1.0,1.0,1.0,1.0
1.0,0.5,1.0,0.5,1.0,0.5,0.21639,1.0,0.83333,0.0,0.5,0.0,1.0,0.52,0.0,0.99758,0.0,1.0,1.0,1.0,1.0,1.0,0.0,0.6815,0.97357,0.0,1.0,1.0,1.0,0.0,0.97625,1.0,1.0,0.8,1.0,1.0,0.5,0.5,0.5,1.0,1.0,0.5,0.5,0.5,0.0,0.0,1.0,1.0,1.0,0.5,0.5,0.2,0.6,1.0,1.0,1.0,1.0,0.0,0.75
0.0,1.0,0.0,0.0,0.6,0.6,0.19507,0.4,0.0,0.76923,0.5,0.0,0.0,0.52,0.0,0.99899,0.0,1.0,1.0,1.0,1.0,1.0,0.0,0.56219,0.80313,0.0,1.0,0.98596,0.5,0.0,0.99134,1.0,1.0,0.8,1.0,1.0,0.5,0.5,0.5,1.0,1.0,0.5,0.5,0.5,0.0,0.0,1.0,1.0,1.0,0.5,0.5,0.3,0.4,0.5,1.0,1.0,1.0,1.0,1.0
0.5,0.5,0.5,0.5,0.5,0.5,0.22121,1.0,0.26667,0.0,0.5,0.0,0.0,0.68,0.0,0.94891,0.0,1.0,1.0,1.0,1.0,0.5,1.0,0.78868,1.0,0.0,1.0,1.0,1.0,0.0,1.0,1.0,0.5,0.8,1.0,1.0,0.5,0.5,0.5,1.0,1.0,0.5,0.5,0.5,0.0,0.0,1.0,1.0,1.0,0.5,0.5,0.2,0.6,1.0,0.0,1.0,1.0,1.0,0.5
1.0,0.0,1.0,0.0,1.0,0.6,0.19059,0.6,0.33333,0.0,0.5,0.0,0.0,0.64,0.0,0.93146,0.0,1.0,1.0,1.0,1.0,1.0,1.0,0.85708,1.0,0.0,0.88228,0.80467,0.0,0.0,0.98031,0.75,1.0,0.8,1.0,1.0,0.5,0.5,0.5,1.0,1.0,0.5,0.5,0.5,0.0,0.0,1.0,1.0,1.0,0.5,0.5,0.2,0.6,1.0,0.0,1.0,1.0,1.0,1.0
0.0,0.0,0.0,0.0,0.2,0.2,0.11692,0.2,0.5,0.0,0.5,0.0,0.0,0.6,0.0,0.0,0.97175,0.7,0.8,1.0,1.0,0.7,1.0,0.90965,1.0,0.25,0.57056,0.42352,0.0,0.0,0.91298,0.5,1.0,0.8,1.0,1.0,0.5,0.5,0.5,1.0,1.0,0.5,0.5,0.5,0.0,0.0,1.0,1.0,1.0,0.5,0.5,1.0,0.2,0.0,1.0,1.0,1.0,0.0,1.0
0.0,0.0,0.0,0.0,0.2,0.2,0.11454,0.2,0.83333,0.0,0.5,0.0,0.0,0.2,0.0,0.97233,0.0,1.0,1.0,1.0,1.0,0.9,0.0,0.02678,0.03825,0.0,1.0,1.0,1.0,0.0,1.0,1.0,0.5,0.8,1.0,1.0,0.5,0.5,0.5,1.0,1.0,0.5,0.5,0.5,0.0,0.0,1.0,1.0,1.0,0.5,0.5,1.0,0.2,1.0,1.0,1.0,1.0,1.0,0.25
0.0,0.0,0.0,0.0,0.2,0.2,0.11454,0.2,0.9,0.0,0.5,0.0,0.0,0.2,0.0,0.98219,0.0,1.0,1.0,1.0,1.0,1.0,0.0,0.02678,0.03825,0.0,1.0,1.0,1.0,0.0,1.0,1.0,1.0,0.8,1.0,1.0,0.5,0.5,0.5,1.0,1.0,0.5,0.5,0.5,0.0,0.0,1.0,1.0,1.0,0.5,0.5,1.0,0.2,1.0,1.0,1.0,1.0,1.0,0.25
0.0,0.0,0.0,0.0,0.2,0.2,0.11454,0.2,0.96667,0.0,0.5,0.0,0.0,0.2,0.0,0.98848,0.0,1.0,1.0,1.0,1.0,1.0,0.0,0.02678,0.03825,0.0,1.0,1.0,1.0,0.0,1.0,1.0,1.0,0.8,1.0,1.0,0.5,0.5,0.5,1.0,1.0,0.5,0.5,0.5,0.0,0.0,1.0,1.0,1.0,0.5,0.5,1.0,0.2,1.0,1.0,1.0,1.0,1.0,0.25
0.0,1.0,0.0,1.0,0.2,0.2,0.10862,0.2,0.0,0.81081,0.5,0.0,0.0,0.24,0.0,0.99284,0.0,0.9,0.9,1.0,1.0,1.0,1.0,0.67984,0.9712,0.25,0.69634,0.53414,0.0,0.0,0.77145,1.0,0.75,0.8,1.0,1.0,0.5,0.5,0.5,1.0,1.0,0.5,0.5,0.5,0.0,0.0,1.0,1.0,1.0,0.5,0.5,1.0,0.2,0.0,1.0,1.0,1.0,0.0,0.5
0.5,0.5,0.5,0.5,0.5,0.5,0.14994,0.4,0.4,0.0,0.5,0.0,0.0,0.48,0.16,0.0,0.97802,1.0,1.0,1.0,1.0,0.5,0.0,0.78434,1.0,0.5,0.66015,0.49271,0.0,0.0,1.0,1.0,0.5,0.8,1.0,1.0,0.5,0.5,0.5,1.0,1.0,0.5,0.5,0.5,0.0,0.0,1.0,1.0,1.0,0.5,0.5,0.2,0.4,1.0,1.0,1.0,1.0,0.0,0.5
0.0,0.5,0.0,0.5,0.4,0.5,0.11925,0.4,0.43333,0.0,0.5,0.0,1.0,0.52,0.16,0.0,0.9522,1.0,1.0,1.0,1.0,1.0,1.0,0.8021,1.0,0.5,0.51209,0.34417,0.0,0.0,0.5,1.0,1.0,0.8,1.0,1.0,0.5,0.5,0.5,1.0,1.0,0.5,0.5,0.5,0.0,0.0,1.0,1.0,1.0,0.5,0.5,0.2,0.4,1.0,0.0,1.0,1.0,1.0,1.0
0.0,0.0,0.0,0.0,0.4,0.4,0.08251,0.4,0.5,0.0,0.5,0.0,0.0,0.48,0.12,0.0,0.96985,1.0,1.0,0.8,1.0,1.0,1.0,0.82117,1.0,0.5,0.34517,0.20858,0.0,0.0,0.5,0.75,1.0,0.8,1.0,1.0,0.5,0.5,0.5,1.0,1.0,0.5,0.5,0.5,0.0,0.0,1.0,1.0,1.0,0.5,0.5,1.0,0.2,0.0,1.0,1.0,1.0,0.0,1.0
0.0,0.0,0.0,0.0,0.4,0.4,0.0,0.2,0.0,0.75,0.5,0.0,0.0,0.2,0.04,0.0,0.99288,1.0,1.0,0.8,1.0,0.8,0.0,0.87489,1.0,0.75,0.0,0.0,0.0,0.0,0.97602,0.5,0.75,1.0,1.0,1.0,0.5,0.5,0.5,1.0,1.0,0.5,0.5,0.5,0.0,0.37217,1.0,1.0,1.0,0.0,0.0,1.0,0.0,0.0,1.0,1.0,1.0,0.0,0.0
0.5,0.5,0.5,0.5,0.5,0.5,0.11609,1.0,0.13333,0.0,1.0,0.0,0.0,0.44,0.0,0.97852,0.0,0.91111,0.91111,1.0,1.0,0.5,1.0,0.78031,1.0,0.11111,1.0,1.0,1.0,0.0,0.95793,0.77778,0.5,0.8,1.0,1.0,0.5,0.5,0.5,1.0,1.0,0.5,0.5,0.5,0.0,0.0,1.0,1.0,1.0,0.5,0.5,0.2,0.5,1.0,0.5,1.0,1.0,0.75,0.5
0.0,1.0,0.0,0.0,1.0,1.0,0.10562,0.7,0.36667,0.0,1.0,0.0,0.0,0.4,0.0,0.98282,0.0,1.0,1.0,1.0,1.0,0.97778,0.0,0.76018,1.0,0.11111,1.0,0.9981,0.75,0.0,0.96127,0.88889,0.77778,0.8,1.0,1.0,0.5,0.5,0.5,1.0,1.0,0.5,0.5,0.5,0.0,0.0,1.0,1.0,1.0,0.5,0.5,0.2,0.5,1.0,0.75,1.0,1.0,0.75,1.0
1.0,0.5,0.0,0.5,0.7,0.5,0.10439,0.7,0.4,0.0,1.0,0.0,1.0,0.4,0.0,0.98493,0.0,1.0,1.0,1.0,1.0,1.0,0.0,0.75928,1.0,0.11111,1.0,0.98756,0.75,0.0,0.90679,1.0,1.0,0.8,1.0,1.0,0.5,0.5,0.5,1.0,1.0,0.5,0.5,0.5,0.0,0.0,1.0,1.0,1.0,0.5,0.5,0.2,0.5,1.0,0.75,1.0,1.0,1.0,1.0
1.0,1.0,0.0,0.0,0.6,0.6,0.09803,0.5,0.56667,0.0,1.0,0.0,0.0,0.37,0.01,0.43315,0.0,1.0,1.0,1.0,1.0,1.0,0.0,0.73429,1.0,0.11111,1.0,0.97809,0.75,0.0,0.87278,0.88889,0.77778,0.8,1.0,1.0,0.5,0.5,0.5,1.0,1.0,0.5,0.5,0.5,0.0,0.0,1.0,1.0,1.0,0.5,0.5,0.2,0.5,1.0,0.5,0.75,1.0,0.75,1.0
1.0,0.5,0.0,0.5,0.5,0.5,0.0979,0.5,0.6,0.0,1.0,0.0,1.0,0.37,0.01,0.65263,0.0,1.0,1.0,1.0,1.0,1.0,1.0,0.81247,1.0,0.22222,1.0,0.95121,0.8,0.0,0.88571,1.0,0.88889,0.8,1.0,1.0,0.5,0.5,0.5,1.0,1.0,0.5,0.5,0.5,0.0,0.0,1.0,1.0,1.0,0.5,0.5,0.2,0.6,1.0,0.4,0.8,1.0,0.8,1.0
1.0,0.5,1.0,0.5,0.5,0.5,0.09917,0.5,0.63333,0.0,1.0,0.0,1.0,0.38,0.02,0.79835,0.0,1.0,1.0,1.0,1.0,1.0,0.0,0.78555,1.0,0.11111,0.97866,0.82925,0.5,0.0,0.98291,1.0,0.66667,0.8,1.0,1.0,0.5,0.5,0.5,1.0,1.0,0.5,0.5,0.5,0.0,0.0,1.0,1.0,1.0,0.5,0.5,0.2,0.5,1.0,1.0,0.75,1.0,0.75,1.0
1.0,0.5,0.0,0.5,0.5,0.5,0.09893,0.5,0.66667,0.0,1.0,0.0,1.0,0.38,0.02,0.89689,0.0,1.0,1.0,1.0,1.0,1.0,1.0,0.79025,1.0,0.11111,0.96775,0.80593,0.5,0.0,0.97987,1.0,1.0,0.8,1.0,1.0,0.5,0.5,0.5,1.0,1.0,0.5,0.5,0.5,0.0,0.0,1.0,1.0,1.0,0.5,0.5,0.2,0.5,1.0,0.5,0.75,1.0,1.0,1.0
0.5,0.5,0.5,0.5,0.5,0.5,0.0724,0.1,0.23333,0.0,1.0,0.0,0.0,0.67,0.0,0.93883,0.0,1.0,1.0,1.0,1.0,0.5,0.0,0.05711,0.08158,0.0,0.86564,0.7631,0.0,0.0,1.0,1.0,0.5,0.8,1.0,1.0,0.5,0.5,0.5,1.0,1.0,0.5,0.5,0.5,0.0,0.0,1.0,1.0,1.0,0.5,0.5,0.2,0.2,1.0,0.0,1.0,1.0,1.0,0.5
1.0,0.5,0.0,0.5,0.1,0.5,0.07109,0.1,0.26667,0.0,1.0,0.0,1.0,0.67,0.0,0.95744,0.0,1.0,1.0,1.0,1.0,1.0,0.0,0.05432,0.07759,0.0,0.87148,0.77223,0.0,0.0,1.0,1.0,1.0,0.8,1.0,1.0,0.5,0.5,0.5,1.0,1.0,0.5,0.5,0.5,0.0,0.0,1.0,1.0,1.0,0.5,0.5,0.2,0.2,1.0,0.0,1.0,1.0,1.0,1.0
1.0,0.5,0.0,0.5,0.1,0.5,0.06965,0.1,0.3,0.0,1.0,0.0,1.0,0.65,0.0,0.97183,0.0,1.0,1.0,1.0,1.0,1.0,0.0,0.05196,0.07423,0.0,0.87309,0.77476,0.0,0.0,1.0,1.0,1.0,0.8,1.0,1.0,0.5,0.5,0.5,1.0,1.0,0.5,0.5,0.5,0.0,0.0,1.0,1.0,1.0,0.5,0.5,0.2,0.2,1.0,0.0,1.0,1.0,1.0,1.0
1.0,0.5,0.0,0.5,0.1,0.5,0.06825,0.1,0.33333,0.0,1.0,0.0,1.0,0.63,0.0,0.98134,0.0,1.0,1.0,1.0,1.0,1.0,0.0,0.04973,0.07105,0.0,0.87435,0.77675,0.0,0.0,1.0,1.0,1.0,0.8,1.0,1.0,0.5,0.5,0.5,1.0,1.0,0.5,0.5,0.5,0.0,0.0,1.0,1.0,1.0,0.5,0.5,0.2,0.2,1.0,1.0,1.0,1.0,1.0,1.0
1.0,0.5,0.0,0.5,0.1,0.5,0.0668,0.1,0.36667,0.0,1.0,0.0,1.0,0.63,0.0,0.98793,0.0,1.0,1.0,1.0,1.0,1.0,0.0,0.04758,0.06797,0.0,0.87495,0.77771,0.0,0.0,0.99935,1.0,1.0,0.8,1.0,1.0,0.5,0.5,0.5,1.0,1.0,0.5,0.5,0.5,0.0,0.0,1.0,1.0,1.0,0.5,0.5,0.2,0.2,1.0,1.0,1.0,1.0,1.0,1.0
1.0,0.5,0.0,0.5,0.1,0.5,0.06533,0.1,0.4,0.0,1.0,0.0,1.0,0.63,0.0,0.99392,0.0,1.0,1.0,1.0,1.0,1.0,0.0,0.04547,0.06495,0.0,0.87537,0.77836,0.0,0.0,0.99406,1.0,1.0,0.8,1.0,1.0,0.5,0.5,0.5,1.0,1.0,0.5,0.5,0.5,0.0,0.0,1.0,1.0,1.0,0.5,0.5,0.2,0.2,1.0,1.0,1.0,1.0,1.0,1.0
1.0,0.5,0.0,0.5,0.1,0.5,0.06384,0.1,0.43333,0.0,1.0,0.0,1.0,0.63,0.0,0.99764,0.0,1.0,1.0,1.0,1.0,1.0,0.0,0.04339,0.06199,0.0,0.87569,0.77887,0.0,0.0,0.99059,1.0,1.0,0.8,1.0,1.0,0.5,0.5,0.5,1.0,1.0,0.5,0.5,0.5,0.0,0.0,1.0,1.0,1.0,0.5,0.5,0.2,0.2,1.0,1.0,1.0,1.0,1.0,1.0
1.0,0.5,0.0,0.5,0.1,0.5,0.06235,0.1,0.46667,0.0,1.0,0.0,1.0,0.62,0.0,0.0,0.99922,1.0,1.0,1.0,1.0,1.0,0.0,0.04137,0.0591,0.0,0.87587,0.77915,0.0,0.0,0.98824,1.0,1.0,0.8,1.0,1.0,0.5,0.5,0.5,1.0,1.0,0.5,0.5,0.5,0.0,0.0,1.0,1.0,1.0,0.5,0.5,0.2,0.2,1.0,1.0,1.0,1.0,1.0,1.0
1.0,0.5,0.0,0.5,0.1,0.5,0.06086,0.1,0.5,0.0,1.0,0.0,1.0,0.62,0.0,0.0,0.9968,1.0,1.0,1.0,1.0,1.0,0.0,0.03941,0.05629,0.0,0.87596,0.7793,0.0,0.0,0.98661,1.0,1.0,0.8,1.0,1.0,0.5,0.5,0.5,1.0,1.0,0.5,0.5,0.5,0.0,0.0,1.0,1.0,1.0,0.5,0.5,0.2,0.2,1.0,1.0,1.0,1.0,1.0,1.0
1.0,0.5,0.0,0.5,0.1,0.5,0.05939,0.1,0.53333,0.0,1.0,0.0,1.0,0.62,0.0,0.0,0.99607,1.0,1.0,1.0,1.0,1.0,0.0,0.03752,0.0536,0.0,0.87607,0.77946,0.0,0.0,0.98545,1.0,1.0,0.8,1.0,1.0,0.5,0.5,0.5,1.0,1.0,0.5,0.5,0.5,0.0,0.0,1.0,1.0,1.0,0.5,0.5,0.2,0.2,1.0,1.0,1.0,1.0,1.0,1.0
1.0,0.5,0.0,0.5,0.1,0.5,0.05794,0.1,0.56667,0.0,1.0,0.0,1.0,0.62,0.0,0.0,0.99467,1.0,1.0,1.0,1.0,1.0,0.0,0.03571,0.05101,0.0,0.87609,0.7795,0.0,0.0,0.98461,1.0,1.0,0.8,1.0,1.0,0.5,0.5,0.5,1.0,1.0,0.5,0.5,0.5,0.0,0.0,1.0,1.0,1.0,0.5,0.5,0.2,0.2,1.0,1.0,1.0,1.0,1.0,1.0
1.0,0.5,0.0,0.5,0.1,0.5,0.05651,0.1,0.6,0.0,1.0,0.0,1.0,0.62,0.0,0.0,0.99386,1.0,1.0,1.0,1.0,1.0,0.0,0.03397,0.04853,0.0,0.87611,0.77953,0.0,0.0,0.98399,1.0,1.0,0.8,1.0,1.0,0.5,0.5,0.5,1.0,1.0,0.5,0.5,0.5,0.0,0.0,1.0,1.0,1.0,0.5,0.5,0.2,0.2,1.0,1.0,1.0,1.0,1.0,1.0
1.0,0.5,0.0,0.5,0.1,0.5,0.05511,0.1,0.63333,0.0,1.0,0.0,1.0,0.62,0.0,0.0,0.99329,1.0,1.0,1.0,1.0,1.0,0.0,0.0323,0.04615,0.0,0.87612,0.77955,0.0,0.0,0.98352,1.0,1.0,0.8,1.0,1.0,0.5,0.5,0.5,1.0,1.0,0.5,0.5,0.5,0.0,0.0,1.0,1.0,1.0,0.5,0.5,0.2,0.2,1.0,1.0,1.0,1.0,1.0,1.0
1.0,0.5,0.0,0.5,0.1,0.5,0.05373,0.1,0.66667,0.0,1.0,0.0,1.0,0.62,0.0,0.0,0.99293,1.0,1.0,1.0,1.0,1.0,0.0,0.0307,0.04386,0.0,0.87612,0.77954,0.0,0.0,0.98316,1.0,1.0,0.8,1.0,1.0,0.5,0.5,0.5,1.0,1.0,0.5,0.5,0.5,0.0,0.0,1.0,1.0,1.0,0.5,0.5,0.2,0.2,1.0,1.0,1.0,1.0,1.0,1.0
0.5,0.5,0.5,0.5,0.5,0.5,0.1,0.55,0.03333,0.0,1.0,0.0,0.0,0.1,0.0,0.5,0.5,0.5,0.5,0.5,0.5,0.5,0.5,0.0,0.0,0.66667,1.0,1.0,1.0,0.0,0.0,0.5,0.5,0.8,1.0,1.0,0.5,0.5,0.5,1.0,1.0,0.5,0.5,0.5,0.5,0.5,1.0,0.5,0.5,0.5,0.5,0.2,0.6,0.83333,1.0,1.0,1.0,0.5,0.5
0.0,1.0,0.0,1.0,0.3,0.8,0.10932,0.6,0.43333,0.0,1.0,0.0,0.0,0.37,0.13,0.0,0.97542,1.0,0.86667,0.86667,1.0,0.6,0.0,0.60034,0.85763,0.11111,1.0,1.0,1.0,0.0,1.0,1.0,0.22222,0.8,0.9,0.98109,1.0,0.5,0.79104,1.0,1.0,0.5,0.5,0.5,0.0,0.0,1.0,1.0,1.0,0.37129,0.484,0.2,0.2,1.0,1.0,0.0,1.0,0.0,1.0
0.0,1.0,0.0,1.0,0.5,0.7,0.13375,0.7,0.5,0.0,1.0,0.0,0.0,0.28,0.15,0.0,0.99999,0.91111,0.73333,0.77778,1.0,0.64444,1.0,0.84242,1.0,0.33333,1.0,0.79115,0.75,0.0,0.95019,1.0,0.66667,0.8,0.9,0.9215,1.0,0.5,0.35249,1.0,1.0,0.5,0.5,0.5,0.0,0.0,1.0,1.0,1.0,0.37129,0.484,0.2,0.4,0.75,1.0,0.0,1.0,0.0,1.0
0.5,0.5,0.5,0.5,0.5,0.5,0.07708,0.2,0.2,0.0,1.0,0.0,0.0,0.29,0.03,0.88714,0.0,1.0,1.0,1.0,1.0,0.5,1.0,0.61673,0.88105,0.11111,0.86628,0.7736,0.0,0.0,0.99733,1.0,0.5,0.65,0.9,0.93289,1.0,0.5,1.0,1.0,1.0,0.5,0.5,0.5,0.0,0.0,1.0,1.0,1.0,1.0,1.0,0.35,0.3,1.0,1.0,1.0,1.0,0.0,0.5
0.0,0.0,0.0,0.0,0.1,0.1,0.05079,0.1,0.3,0.0,1.0,0.0,0.0,0.32,0.03,0.98662,0.0,1.0,1.0,1.0,1.0,1.0,1.0,0.60856,0.86938,0.11111,0.61218,0.51004,0.0,0.0,0.95814,0.88889,0.77778,0.45,0.9,0.94252,0.75264,0.66999,0.9408,1.0,1.0,0.5,0.5,0.5,0.0,0.0,1.0,1.0,1.0,1.0,1.0,0.55,0.3,1.0,0.5,1.0,1.0,0.5,1.0
0.0,0.5,0.0,0.5,0.1,0.5,0.04333,0.1,0.33333,0.0,1.0,0.0,1.0,0.31,0.03,0.99599,0.0,1.0,1.0,1.0,1.0,1.0,1.0,0.61339,0.87627,0.11111,0.51932,0.40201,0.0,0.0,0.94916,1.0,1.0,0.15,0.9,0.84947,0.65773,0.65773,0.65773,1.0,1.0,0.5,0.5,0.5,0.0,0.0,1.0,1.0,1.0,1.0,1.0,0.85,0.2,0.5,0.0,1.0,1.0,1.0,1.0
0.0,0.0,0.0,0.0,0.1,0.1,0.00485,0.1,0.66667,0.0,1.0,0.0,0.0,0.3,0.03,0.0,0.98714,1.0,1.0,1.0,1.0,1.0,0.0,0.6396,0.91372,0.11111,0.06297,0.02725,0.0,0.0,1.0,0.88889,0.77778,0.0,0.9,0.80301,0.31495,0.65773,0.05905,1.0,1.0,0.5,0.5,0.5,0.0,0.83616,1.0,1.0,1.0,0.08096,0.484,1.0,0.1,0.0,1.0,0.0,1.0,0.5,1.0
0.5,0.5,0.5,0.5,0.5,0.5,0.07387,0.2,0.33333,0.0,1.0,0.0,0.0,0.2,0.02,0.99059,0.0,0.97778,1.0,0.97778,1.0,0.5,1.0,0.73829,1.0,0.11111,0.80685,0.52628,0.25,0.0,0.86632,0.88889,0.5,0.8,1.0,1.0,0.5,0.5,0.5,1.0,1.0,0.5,0.5,0.5,0.0,0.0,1.0,0.0,0.0,0.0,0.0,0.2,0.4,0.75,0.33333,1.0,1.0,0.5,0.5
0.0,0.5,0.0,0.5,0.2,0.5,0.07166,0.2,0.36667,0.0,1.0,0.0,1.0,0.21,0.02,0.99584,0.0,1.0,1.0,0.97778,1.0,1.0,1.0,0.84061,1.0,0.22222,0.77695,0.51151,0.2,0.0,0.84654,1.0,0.88889,0.8,1.0,1.0,0.5,0.5,0.5,1.0,1.0,0.5,0.5,0.5,0.0,0.0,1.0,1.0,1.0,0.0,0.0,0.2,0.3,0.4,0.5,1.0,1.0,0.6,1.0
1.0,0.5,1.0,0.5,0.2,0.5,0.07274,0.2,0.4,0.0,1.0,0.0,1.0,0.23,0.02,0.99518,0.0,1.0,1.0,0.97778,1.0,1.0,0.0,0.75628,1.0,0.11111,0.7627,0.55491,0.25,0.0,0.88016,1.0,0.88889,0.8,1.0,1.0,0.5,0.5,0.5,1.0,1.0,0.5,0.5,0.5,0.0,0.0,1.0,1.0,1.0,0.0,0.0,0.2,0.3,0.5,0.5,1.0,1.0,0.25,1.0
1.0,0.5,1.0,0.5,0.2,0.5,0.07455,0.2,0.43333,0.0,1.0,0.0,1.0,0.22,0.02,0.99944,0.0,1.0,1.0,0.97778,1.0,1.0,1.0,0.76798,1.0,0.11111,0.75983,0.57946,0.25,0.0,0.88013,1.0,1.0,0.8,1.0,1.0,0.5,0.5,0.5,1.0,1.0,0.5,0.5,0.5,0.0,0.0,1.0,1.0,1.0,0.0,0.0,0.2,0.3,0.5,0.5,1.0,1.0,0.5,1.0
1.0,1.0,1.0,1.0,0.3,0.6,0.0987,0.6,0.5,0.0,1.0,0.0,0.0,0.26,0.02,0.0,0.99885,0.97778,0.97778,0.97778,1.0,0.97778,1.0,0.78856,1.0,0.11111,0.95908,0.73256,0.5,0.0,0.87833,1.0,1.0,0.8,1.0,1.0,0.5,0.5,0.5,1.0,1.0,0.5,0.5,0.5,0.0,0.0,1.0,1.0,1.0,0.0,0.0,0.2,0.3,0.5,1.0,1.0,1.0,0.0,1.0
1.0,1.0,1.0,1.0,0.6,0.7,0.12071,0.8,0.63333,0.0,1.0,0.0,0.0,0.25,0.02,0.0,0.99685,1.0,1.0,0.88889,1.0,0.97778,0.0,0.83176,1.0,0.11111,1.0,0.85399,0.5,0.0,0.87573,1.0,1.0,0.8,1.0,1.0,0.5,0.5,0.5,1.0,1.0,0.5,0.5,0.5,0.0,0.0,1.0,1.0,1.0,0.0,0.0,0.2,0.5,1.0,1.0,1.0,1.0,0.0,1.0
0.5,0.5,0.5,0.5,0.5,0.5,0.05685,0.1,0.7,0.0,1.0,0.0,0.0,0.51,0.02,0.98589,0.0,1.0,1.0,1.0,1.0,0.5,0.0,0.95423,1.0,0.0,0.58199,0.47466,0.0,0.0,0.99121,0.88889,0.5,0.8,1.0,1.0,0.5,0.5,0.5,1.0,1.0,0.5,0.5,0.5,0.0,0.0,1.0,1.0,1.0,0.18486,0.35538,0.2,0.5,0.66667,0.75,1.0,1.0,0.66667,0.5
1.0,0.5,1.0,0.5,0.1,0.5,0.05745,0.1,0.73333,0.0,1.0,0.0,1.0,0.49,0.02,0.98831,0.0,1.0,1.0,1.0,1.0,1.0,0.0,0.95214,1.0,0.0,0.5888,0.50561,0.0,0.0,0.99231,1.0,1.0,0.8,1.0,1.0,0.5,0.5,0.5,1.0,1.0,0.5,0.5,0.5,0.0,0.0,1.0,1.0,1.0,0.18486,0.35538,0.2,0.5,0.66667,1.0,1.0,1.0,0.66667,1.0
1.0,0.5,1.0,0.5,0.1,0.5,0.05842,0.1,0.76667,0.0,1.0,0.0,1.0,0.49,0.02,0.99171,0.0,1.0,1.0,1.0,1.0,1.0,0.0,0.95008,1.0,0.0,0.59932,0.50348,0.0,0.0,0.99284,1.0,1.0,0.8,1.0,1.0,0.5,0.5,0.5,1.0,1.0,0.5,0.5,0.5,0.0,0.0,1.0,1.0,1.0,0.18486,0.35538,0.2,0.5,0.66667,1.0,1.0,1.0,0.66667,1.0
1.0,0.5,0.0,0.5,0.1,0.5,0.05781,0.1,0.8,0.0,1.0,0.0,1.0,0.49,0.02,0.9933,0.0,1.0,1.0,1.0,1.0,1.0,0.0,0.94772,1.0,0.0,0.59384,0.50017,0.0,0.0,0.99326,1.0,1.0,0.8,1.0,1.0,0.5,0.5,0.5,1.0,1.0,0.5,0.5,0.5,0.0,0.0,1.0,1.0,1.0,0.18486,0.35538,0.2,0.5,0.66667,1.0,1.0,1.0,0.66667,1.0
1.0,0.5,0.0,0.5,0.1,0.5,0.05721,0.1,0.83333,0.0,1.0,0.0,1.0,0.49,0.02,0.99471,0.0,1.0,1.0,1.0,1.0,1.0,0.0,0.94519,1.0,0.0,0.58842,0.50021,0.0,0.0,0.99358,1.0,1.0,0.8,1.0,1.0,0.5,0.5,0.5,1.0,1.0,0.5,0.5,0.5,0.0,0.0,1.0,1.0,1.0,0.18486,0.35538,0.2,0.5,0.66667,1.0,1.0,1.0,0.66667,1.0
1.0,0.5,0.0,0.5,0.1,0.5,0.05677,0.1,0.86667,0.0,1.0,0.0,1.0,0.49,0.02,0.99593,0.0,1.0,1.0,1.0,1.0,1.0,0.0,0.94272,1.0,0.0,0.58471,0.49823,0.0,0.0,0.99395,1.0,1.0,0.8,1.0,1.0,0.5,0.5,0.5,1.0,1.0,0.5,0.5,0.5,0.0,0.0,1.0,1.0,1.0,0.18486,0.35538,0.2,0.5,0.66667,1.0,1.0,1.0,0.66667,1.0
1.0,0.5,0.0,0.5,0.1,0.5,0.0565,0.1,0.9,0.0,1.0,0.0,1.0,0.49,0.02,0.99709,0.0,1.0,1.0,1.0,1.0,1.0,0.0,0.94033,1.0,0.0,0.5827,0.48755,0.0,0.0,0.99428,1.0,1.0,0.8,1.0,1.0,0.5,0.5,0.5,1.0,1.0,0.5,0.5,0.5,0.0,0.0,1.0,1.0,1.0,0.18486,0.35538,0.2,0.5,0.66667,1.0,1.0,1.0,0.66667,1.0
1.0,0.5,0.0,0.5,0.1,0.5,0.05623,0.1,0.93333,0.0,1.0,0.0,1.0,0.49,0.02,0.99745,0.0,1.0,1.0,1.0,1.0,1.0,0.0,0.93789,1.0,0.0,0.58057,0.47436,0.0,0.0,0.99458,1.0,1.0,0.8,1.0,1.0,0.5,0.5,0.5,1.0,1.0,0.5,0.5,0.5,0.0,0.0,1.0,1.0,1.0,0.18486,0.35538,0.2,0.5,0.66667,1.0,1.0,1.0,0.66667,1.0
1.0,0.5,0.0,0.5,0.1,0.5,0.05581,0.1,0.96667,0.0,1.0,0.0,1.0,0.49,0.02,0.998,0.0,1.0,1.0,1.0,1.0,1.0,0.0,0.93545,1.0,0.0,0.57707,0.47955,0.0,0.0,0.99486,1.0,1.0,0.8,1.0,1.0,0.5,0.5,0.5,1.0,1.0,0.5,0.5,0.5,0.0,0.0,1.0,1.0,1.0,0.18486,0.35538,0.2,0.5,0.66667,1.0,1.0,1.0,0.66667,1.0
1.0,0.5,1.0,0.5,0.1,0.5,0.05674,0.1,1.0,0.0,1.0,0.0,1.0,0.49,0.02,0.99841,0.0,1.0,1.0,1.0,1.0,1.0,0.0,0.93305,1.0,0.0,0.58741,0.49252,0.0,0.0,0.99513,1.0,1.0,0.8,1.0,1.0,0.5,0.5,0.5,1.0,1.0,0.5,0.5,0.5,0.0,0.0,1.0,1.0,1.0,0.18486,0.35538,0.2,0.6,0.83333,0.8,1.0,1.0,0.66667,1.0
0.5,0.5,0.5,0.5,0.5,0.5,0.06721,0.2,0.83333,0.0,1.0,0.0,0.0,0.39,0.05,0.92164,0.0,1.0,1.0,1.0,1.0,0.5,0.0,0.84247,1.0,0.11111,0.70889,0.5217,0.2,0.0,0.90821,0.88889,0.5,0.8,1.0,1.0,0.5,0.5,0.5,1.0,1.0,0.5,0.5,0.5,0.0,0.0,1.0,1.0,1.0,0.20379,0.30514,0.2,0.6,1.0,0.6,0.8,1.0,0.8,0.5
1.0,0.5,0.0,0.5,0.2,0.5,0.06566,0.2,0.86667,0.0,1.0,0.0,1.0,0.39,0.02,0.92789,0.0,1.0,1.0,1.0,1.0,1.0,1.0,0.85804,1.0,0.11111,0.67979,0.50818,0.2,0.0,0.9584,1.0,0.77778,0.8,1.0,1.0,0.5,0.5,0.5,1.0,1.0,0.5,0.5,0.5,0.0,0.0,1.0,1.0,1.0,0.20379,0.30514,0.2,0.5,0.8,0.5,0.75,1.0,0.8,1.0
0.0,0.5,0.0,0.5,0.2,0.5,0.06184,0.2,0.9,0.0,1.0,0.0,1.0,0.4,0.03,0.93632,0.0,1.0,1.0,1.0,1.0,1.0,0.0,0.84926,1.0,0.11111,0.65071,0.45298,0.2,0.0,0.95587,1.0,1.0,0.8,1.0,1.0,0.5,0.5,0.5,1.0,1.0,0.5,0.5,0.5,0.0,0.0,1.0,1.0,1.0,0.20379,0.30514,0.2,0.5,0.8,0.5,0.5,1.0,0.8,1.0
1.0,0.5,1.0,0.5,0.2,0.5,0.06333,0.2,0.93333,0.0,1.0,0.0,1.0,0.4,0.03,0.96223,0.0,1.0,1.0,1.0,1.0,1.0,1.0,0.85088,1.0,0.11111,0.66431,0.48101,0.2,0.0,0.95242,1.0,1.0,0.8,1.0,1.0,0.5,0.5,0.5,1.0,1.0,0.5,0.5,0.5,0.0,0.0,1.0,1.0,1.0,0.20379,0.30514,0.2,0.4,0.6,0.66667,0.66667,1.0,0.8,1.0
1.0,0.5,1.0,0.5,0.2,0.5,0.0675,0.2,0.96667,0.0,1.0,0.0,1.0,0.4,0.03,0.9818,0.0,1.0,1.0,1.0,1.0,1.0,1.0,0.8583,1.0,0.11111,0.69997,0.50225,0.2,0.0,0.94964,1.0,1.0,0.8,1.0,1.0,0.5,0.5,0.5,1.0,1.0,0.5,0.5,0.5,0.0,0.0,1.0,1.0,1.0,0.20379,0.30514,0.2,0.4,0.6,1.0,0.66667,1.0,0.6,1.0
1.0,0.5,1.0,0.5,0.2,0.5,0.07308,0.2,1.0,0.0,1.0,0.0,1.0,0.38,0.03,0.98219,0.0,1.0,1.0,1.0,1.0,1.0,1.0,0.87628,1.0,0.11111,0.73933,0.45838,0.2,0.0,0.94751,1.0,1.0,0.8,1.0,1.0,0.5,0.5,0.5,1.0,1.0,0.5,0.5,0.5,0.0,0.0,1.0,1.0,1.0,0.20379,0.30514,0.2,0.4,0.6,1.0,0.66667,1.0,0.6,1.0
0.5,0.5,0.5,0.5,0.5,0.5,0.10178,0.8,0.16667,0.0,1.0,0.0,0.0,0.38,0.04,0.65167,0.0,0.68889,1.0,0.66667,1.0,0.5,0.0,0.87252,1.0,0.11111,1.0,0.81518,0.8,0.0,0.94702,0.77778,0.5,0.8,1.0,1.0,0.5,0.5,0.5,1.0,1.0,0.5,0.5,0.5,0.0,0.6821,1.0,1.0,1.0,0.0,0.16286,0.2,0.6,1.0,0.6,0.8,1.0,0.4,0.5
0.5,0.5,0.5,0.5,0.5,0.5,0.04612,0.3,0.7,0.0,1.0,0.0,0.0,0.14,0.06,0.98241,0.0,0.97778,0.91111,0.86667,0.93333,0.5,1.0,0.67319,0.9617,0.11111,0.54723,0.29834,0.33333,0.0,0.94168,0.77778,0.5,0.8,1.0,1.0,0.5,0.5,0.5,1.0,1.0,0.5,0.5,0.5,0.0,0.0,1.0,1.0,1.0,1.0,0.54908,0.2,0.3,0.66667,0.5,0.5,1.0,0.33333,0.5
0.0,0.5,0.0,0.5,0.3,0.5,0.03728,0.3,0.73333,0.0,1.0,0.0,1.0,0.12,0.06,0.98041,0.0,1.0,0.91111,0.86667,1.0,1.0,0.0,0.65952,0.94216,0.11111,0.46679,0.2615,0.33333,0.0,0.94258,1.0,0.77778,0.8,1.0,1.0,0.5,0.5,0.5,1.0,1.0,0.5,0.5,0.5,0.0,0.0,1.0,1.0,1.0,1.0,0.54908,0.2,0.2,0.33333,0.0,0.0,1.0,0.33333,1.0
0.5,0.5,0.5,0.5,0.5,0.5,0.07894,0.2,0.2,0.0,1.0,0.0,0.0,0.31,0.0,0.93224,0.0,0.95556,1.0,1.0,1.0,0.5,1.0,0.65418,0.93455,0.11111,0.92073,0.84125,0.33333,0.0,0.70523,1.0,0.5,0.8,1.0,1.0,0.5,0.5,0.5,1.0,1.0,0.5,0.5,0.5,0.0,0.0,1.0,1.0,1.0,0.5,0.5,0.2,0.4,1.0,0.33333,1.0,1.0,0.66667,0.5
0.0,0.5,0.0,0.5,0.1,0.5,0.07095,0.1,0.23333,0.0,1.0,0.0,1.0,0.29,0.0,0.94228,0.0,1.0,1.0,1.0,1.0,1.0,0.0,0.64753,0.92505,0.11111,0.85059,0.7505,0.0,0.0,0.67377,1.0,1.0,0.8,1.0,1.0,0.5,0.5,0.5,1.0,1.0,0.5,0.5,0.5,0.0,0.0,1.0,1.0,1.0,0.5,0.5,0.2,0.4,1.0,0.0,1.0,1.0,1.0,1.0
0.0,0.5,0.0,0.5,0.1,0.5,0.06742,0.1,0.26667,0.0,1.0,0.0,1.0,0.3,0.0,0.96598,0.0,1.0,1.0,1.0,1.0,1.0,0.0,0.64064,0.91519,0.11111,0.83274,0.73759,0.0,0.0,0.67255,1.0,1.0,0.8,1.0,1.0,0.5,0.5,0.5,1.0,1.0,0.5,0.5,0.5,0.0,0.0,1.0,1.0,1.0,0.5,0.5,0.2,0.3,0.66667,0.5,1.0,1.0,1.0,1.0
0.0,0.5,0.0,0.5,0.1,0.5,0.05562,0.1,0.3,0.0,1.0,0.0,1.0,0.29,0.0,0.97616,0.0,1.0,1.0,1.0,1.0,1.0,0.0,0.63313,0.90446,0.11111,0.70978,0.62594,0.0,0.0,0.67483,1.0,1.0,0.8,1.0,1.0,0.5,0.5,0.5,1.0,1.0,0.5,0.5,0.5,0.0,0.0,1.0,1.0,1.0,0.5,0.5,0.2,0.2,0.33333,0.0,1.0,1.0,0.66667,1.0
0.0,0.0,0.0,0.0,0.1,0.1,0.05204,0.1,0.46667,0.0,1.0,0.0,0.0,0.24,0.01,0.64353,0.0,1.0,1.0,1.0,1.0,0.91111,1.0,0.66672,0.95245,0.11111,0.61957,0.37526,0.0,0.0,0.85203,1.0,0.77778,0.75,0.9,0.90629,1.0,0.5,0.47064,1.0,1.0,0.5,0.5,0.5,0.0,0.0,1.0,1.0,1.0,0.71622,1.0,0.25,0.3,0.66667,1.0,1.0,1.0,0.0,1.0
0.0,0.0,0.0,0.0,0.1,0.1,0.02839,0.1,0.56667,0.0,1.0,0.0,0.0,0.22,0.02,0.95874,0.0,1.0,1.0,1.0,1.0,1.0,0.0,0.68793,0.98276,0.11111,0.32931,0.1545,0.0,0.0,0.90847,0.88889,0.77778,0.55,1.0,1.0,0.5,0.5,0.5,1.0,1.0,0.5,0.5,0.5,0.0,0.01558,1.0,1.0,1.0,0.33307,1.0,1.0,0.1,0.0,1.0,0.0,1.0,0.0,1.0
1.0,0.5,1.0,0.5,0.1,0.5,0.02925,0.1,0.6,0.0,1.0,0.0,1.0,0.22,0.02,0.0,0.99517,1.0,1.0,1.0,1.0,1.0,0.0,0.6836,0.97657,0.11111,0.34824,0.15877,0.0,0.0,0.91308,1.0,1.0,0.5,0.9,0.88954,1.0,1.0,0.81499,1.0,1.0,0.5,0.5,0.5,0.0,0.0,1.0,1.0,1.0,0.33307,1.0,1.0,0.1,0.0,1.0,0.0,1.0,0.0,0.44444
0.5,0.5,0.5,0.5,0.5,0.5,0.09522,0.4,0.06667,0.0,1.0,0.0,0.0,0.41,0.0,0.5,0.5,0.66667,0.97778,1.0,1.0,0.5,1.0,0.71695,1.0,0.0,0.9639,0.82278,0.4,0.0,0.80802,1.0,0.5,0.8,1.0,1.0,0.5,0.5,0.5,1.0,1.0,0.5,0.5,0.5,0.5,0.5,1.0,1.0,1.0,0.5,0.5,0.2,0.6,1.0,0.6,1.0,1.0,0.4,0.5
1.0,1.0,0.0,1.0,0.2,1.0,0.11402,1.0,0.13333,0.0,1.0,0.0,0.0,0.43,0.0,0.90778,0.0,1.0,1.0,1.0,1.0,0.97778,1.0,0.76113,1.0,0.0,1.0,1.0,1.0,0.0,0.9054,1.0,1.0,0.8,1.0,1.0,0.5,0.5,0.5,1.0,1.0,0.5,0.5,0.5,0.0,0.0,1.0,1.0,1.0,0.5,0.5,0.2,0.5,0.8,1.0,1.0,1.0,0.0,1.0
0.0,0.0,0.0,0.0,0.9,0.2,0.13042,0.7,0.0,0.96774,1.0,0.0,0.0,0.3,0.0,0.0,0.97861,1.0,1.0,1.0,1.0,0.68889,1.0,0.95176,1.0,0.11111,0.70669,0.59095,0.0,0.0,0.98437,0.88889,0.77778,0.8,1.0,1.0,0.5,0.5,0.5,1.0,1.0,0.5,0.5,0.5,0.0,0.0,1.0,1.0,1.0,0.5,0.5,0.2,0.3,0.66667,1.0,1.0,1.0,1.0,1.0
0.0,0.5,0.0,0.5,0.6,0.5,0.11764,0.6,0.0,0.9375,1.0,0.0,1.0,0.29,0.0,0.0,0.97266,1.0,1.0,1.0,1.0,1.0,0.0,0.95164,1.0,0.11111,0.63711,0.48777,0.0,1.0,0.98731,1.0,1.0,0.8,1.0,1.0,0.5,0.5,0.5,1.0,1.0,0.5,0.5,0.5,0.0,0.0,1.0,1.0,1.0,0.5,0.5,0.2,0.4,1.0,0.33333,1.0,1.0,0.66667,1.0
1.0,0.5,1.0,0.5,0.7,0.5,0.13985,0.7,0.0,0.90909,1.0,0.0,1.0,0.28,0.0,0.0,0.97199,1.0,1.0,1.0,1.0,1.0,0.0,0.91994,1.0,0.11111,0.7318,0.62026,0.0,0.0,0.98681,1.0,1.0,0.8,1.0,1.0,0.5,0.5,0.5,1.0,1.0,0.5,0.5,0.5,0.0,0.0,1.0,1.0,1.0,0.5,0.5,0.2,0.4,1.0,1.0,1.0,1.0,1.0,1.0
1.0,0.5,1.0,0.5,0.7,0.5,0.15548,0.7,0.0,0.88235,1.0,0.0,1.0,0.28,0.0,0.0,0.96971,1.0,1.0,1.0,1.0,1.0,0.0,0.88559,1.0,0.11111,0.78447,0.68744,0.0,0.0,0.98626,1.0,1.0,0.8,1.0,1.0,0.5,0.5,0.5,1.0,1.0,0.5,0.5,0.5,0.0,0.0,1.0,1.0,1.0,0.5,0.5,0.2,0.4,1.0,1.0,1.0,1.0,1.0,1.0
1.0,0.5,0.0,0.5,0.7,0.5,0.1503,0.7,0.0,0.85714,1.0,0.0,1.0,0.28,0.0,0.0,0.9692,1.0,1.0,1.0,1.0,1.0,1.0,0.88567,1.0,0.11111,0.7577,0.60385,0.0,0.0,0.98913,1.0,1.0,0.8,1.0,1.0,0.5,0.5,0.5,1.0,1.0,0.5,0.5,0.5,0.0,0.0,1.0,1.0,1.0,0.5,0.5,0.2,0.4,1.0,0.66667,1.0,1.0,1.0,1.0
0.0,0.5,0.0,0.5,0.7,0.5,0.14394,0.7,0.0,0.83333,1.0,0.0,1.0,0.27,0.0,0.0,0.97491,1.0,1.0,1.0,1.0,1.0,0.0,0.88076,1.0,0.11111,0.72143,0.56778,0.0,0.0,0.99016,1.0,1.0,0.8,1.0,1.0,0.5,0.5,0.5,1.0,1.0,0.5,0.5,0.5,0.0,0.0,1.0,1.0,1.0,0.5,0.5,0.2,0.4,1.0,0.66667,1.0,1.0,1.0,1.0
1.0,0.5,1.0,0.5,0.7,0.5,0.16543,0.7,0.0,0.81081,1.0,0.0,1.0,0.28,0.0,0.0,0.97823,1.0,1.0,1.0,1.0,1.0,0.0,0.85529,1.0,0.11111,0.80723,0.71739,0.0,1.0,0.98915,1.0,1.0,0.8,1.0,1.0,0.5,0.5,0.5,1.0,1.0,0.5,0.5,0.5,0.0,0.0,1.0,1.0,1.0,0.5,0.5,0.2,0.4,1.0,1.0,1.0,1.0,1.0,1.0
1.0,0.5,0.0,0.5,0.7,0.5,0.16415,0.7,0.0,0.78947,1.0,0.0,1.0,0.27,0.0,0.0,0.98245,1.0,1.0,1.0,1.0,1.0,0.0,0.82893,1.0,0.11111,0.77956,0.67739,0.0,1.0,0.9881,1.0,1.0,0.8,1.0,1.0,0.5,0.5,0.5,1.0,1.0,0.5,0.5,0.5,0.0,0.0,1.0,1.0,1.0,0.5,0.5,0.2,0.4,1.0,1.0,1.0,1.0,1.0,1.0
1.0,0.5,0.0,0.5,0.7,0.5,0.1587,0.7,0.0,0.76923,1.0,0.0,1.0,0.26,0.0,0.0,0.98287,1.0,1.0,1.0,1.0,1.0,0.0,0.80792,1.0,0.11111,0.73776,0.57614,0.0,0.0,0.98931,1.0,1.0,0.8,1.0,1.0,0.5,0.5,0.5,1.0,1.0,0.5,0.5,0.5,0.0,0.0,1.0,1.0,1.0,0.5,0.5,0.2,0.4,1.0,0.66667,1.0,1.0,1.0,1.0
1.0,0.5,1.0,0.5,0.7,0.5,0.17839,0.7,0.0,0.75,1.0,0.0,1.0,0.26,0.0,0.0,0.98741,1.0,1.0,1.0,1.0,1.0,0.0,0.80325,1.0,0.11111,0.82501,0.65844,0.0,1.0,0.991,1.0,1.0,0.8,1.0,1.0,0.5,0.5,0.5,1.0,1.0,0.5,0.5,0.5,0.0,0.0,1.0,1.0,1.0,0.5,0.5,0.2,0.4,1.0,1.0,1.0,1.0,1.0,1.0
0.5,0.5,0.5,0.5,0.5,0.5,0.04516,0.1,0.6,0.0,1.0,0.0,0.0,0.53,0.07,0.0,0.97637,1.0,1.0,1.0,0.88889,0.5,0.0,0.89806,1.0,0.11111,0.43803,0.35264,0.0,0.0,0.98981,1.0,0.5,0.75,0.9,0.90806,0.88349,0.5,0.3534,0.83333,1.0,0.5,0.5,0.5,0.25402,0.0,0.85,1.0,1.0,0.06939,0.20877,0.4,0.4,0.6,1.0,0.66667,0.66667,0.6,0.5
0.5,0.5,0.5,0.5,0.5,0.5,0.01255,0.1,0.13333,0.0,1.0,0.0,0.0,0.4,0.02,0.79244,0.0,0.88889,0.93333,0.91111,1.0,0.5,0.0,0.97059,1.0,0.77778,0.13206,0.06689,0.0,0.0,0.88809,0.33333,0.5,0.55,1.0,1.0,0.5,0.5,0.5,1.0,1.0,0.5,0.5,0.5,0.91761,1.0,0.45,1.0,1.0,0.5,0.5,1.0,0.1,0.0,1.0,1.0,1.0,0.0,0.5
0.0,0.0,0.0,0.0,0.1,0.1,0.00453,0.2,0.96667,0.0,1.0,0.0,0.0,0.1,0.09,0.0,0.98232,1.0,1.0,0.75556,0.91111,0.64444,1.0,0.85057,1.0,0.11111,0.04733,0.02482,0.2,0.0,0.94319,0.88889,0.88889,0.8,1.0,1.0,0.5,0.50758,0.5,1.0,1.0,0.0,0.23513,0.73737,0.0,0.0,1.0,1.0,1.0,0.0,0.19,0.2,0.4,0.6,0.66667,0.0,1.0,0.0,1.0
0.0,0.0,0.0,0.0,0.2,0.2,0.0033,0.2,0.0,0.96774,1.0,0.0,0.0,0.08,0.09,0.0,0.99811,1.0,1.0,0.75556,0.91111,1.0,1.0,0.8596,1.0,0.11111,0.034,0.01763,0.2,0.0,0.95467,0.88889,0.77778,0.8,1.0,1.0,0.5,0.50758,0.5,1.0,1.0,0.0,0.23513,0.73737,0.0,0.0,1.0,1.0,1.0,0.0,0.19,1.0,0.1,0.0,1.0,0.0,1.0,0.2,1.0
0.0,0.0,0.0,0.0,0.1,0.1,0.00307,0.1,0.0,0.90909,1.0,0.0,0.0,0.09,0.09,0.0,0.98842,1.0,1.0,0.75556,0.97778,1.0,1.0,0.87549,1.0,0.11111,0.03088,0.01644,0.0,0.0,0.95315,1.0,1.0,0.8,1.0,1.0,0.5,0.50758,0.5,1.0,1.0,0.0,0.23513,0.73737,0.0,0.0,1.0,1.0,1.0,0.0,0.19,1.0,0.1,0.0,1.0,0.0,1.0,0.0,0.11111
0.5,0.5,0.5,0.5,0.5,0.5,0.07314,0.3,0.6,0.0,1.0,0.0,0.0,0.19,0.05,0.0,0.99483,1.0,1.0,0.73333,1.0,0.5,0.0,0.60802,0.8686,0.22222,0.72013,0.56266,0.0,0.0,0.99304,1.0,0.5,0.8,1.0,1.0,0.5,0.5,0.5,1.0,1.0,0.5,0.5,0.5,0.0,0.0,1.0,1.0,1.0,0.0,0.0,0.2,0.2,1.0,1.0,1.0,1.0,1.0,0.5
0.0,0.0,0.0,0.0,0.2,0.2,0.07232,0.3,0.73333,0.0,1.0,0.0,0.0,0.19,0.05,0.0,0.98535,1.0,1.0,0.73333,1.0,1.0,1.0,0.62319,0.89027,0.22222,0.65196,0.48363,0.0,0.0,1.0,1.0,1.0,0.8,1.0,1.0,0.5,0.5,0.5,1.0,1.0,0.5,0.5,0.5,0.0,0.0,1.0,1.0,1.0,0.0,0.0,0.2,0.2,1.0,1.0,1.0,1.0,1.0,1.0
0.0,1.0,0.0,0.0,0.2,0.2,0.08229,0.2,0.83333,0.0,1.0,0.0,0.0,0.2,0.05,0.0,0.99545,1.0,1.0,0.73333,1.0,1.0,1.0,0.64069,0.91527,0.22222,0.65865,0.49103,0.0,0.0,1.0,1.0,1.0,0.8,1.0,1.0,0.5,0.5,0.5,1.0,1.0,0.5,0.5,0.5,0.0,0.0,1.0,1.0,1.0,0.0,0.0,0.2,0.2,1.0,1.0,1.0,1.0,0.0,1.0
0.0,0.5,0.0,0.5,0.2,0.5,0.08021,0.2,0.86667,0.0,1.0,0.0,1.0,0.2,0.05,0.0,0.99348,1.0,1.0,0.73333,1.0,1.0,0.0,0.63788,0.91125,0.22222,0.65435,0.48627,0.0,0.0,1.0,1.0,1.0,0.8,1.0,1.0,0.5,0.5,0.5,1.0,1.0,0.5,0.5,0.5,0.0,0.0,1.0,1.0,1.0,0.0,0.0,0.2,0.2,1.0,1.0,1.0,1.0,1.0,1.0
0.0,0.5,0.0,0.5,0.2,0.5,0.0761,0.2,0.9,0.0,1.0,0.0,1.0,0.19,0.05,0.0,0.99122,1.0,1.0,0.73333,1.0,1.0,1.0,0.65077,0.92967,0.22222,0.58758,0.41601,0.0,0.0,1.0,1.0,1.0,0.8,1.0,1.0,0.5,0.5,0.5,1.0,1.0,0.5,0.5,0.5,0.0,0.0,1.0,1.0,1.0,0.0,0.0,0.2,0.2,1.0,1.0,1.0,1.0,1.0,1.0
0.0,0.0,0.0,0.0,0.2,0.2,0.0,0.2,0.0,0.9375,1.0,0.0,0.0,0.17,0.01,0.96204,0.0,1.0,1.0,0.88889,1.0,0.84444,1.0,0.65238,0.93197,0.11111,0.0,0.0,0.5,0.0,0.98785,1.0,0.88889,0.0,0.9,0.86696,0.28975,0.16116,0.28975,1.0,1.0,0.5,0.5,0.5,0.0,0.0,1.0,1.0,1.0,0.0,0.0,1.0,0.1,0.0,1.0,0.0,1.0,0.0,1.0
0.0,0.5,0.0,0.5,0.2,0.5,0.0,0.2,0.0,0.90909,1.0,0.0,1.0,0.17,0.01,0.97681,0.0,1.0,1.0,0.88889,1.0,1.0,1.0,0.66273,0.94675,0.11111,0.0,0.0,0.5,0.0,0.98801,1.0,1.0,0.0,1.0,1.0,0.5,0.16116,0.5,1.0,1.0,0.5,0.5,0.5,0.0,0.0,1.0,1.0,1.0,0.0,0.0,1.0,0.1,0.0,1.0,0.0,1.0,0.0,1.0
0.0,0.0,0.0,0.0,0.1,0.1,0.0,0.1,0.0,0.83333,1.0,0.0,0.0,0.16,0.01,0.0,0.9978,1.0,1.0,0.88889,0.84444,1.0,1.0,0.68545,0.97921,0.11111,0.0,0.0,0.0,0.0,0.98831,0.88889,1.0,1.0,1.0,1.0,0.5,0.16116,0.5,1.0,1.0,0.5,0.5,0.5,0.0,0.0,1.0,1.0,1.0,0.0,0.0,0.0,0.1,0.5,1.0,0.0,1.0,0.5,1.0
0.0,0.0,0.0,0.0,0.1,0.15,0.0,0.15,0.0,0.78947,1.0,0.0,0.0,0.16,0.01,0.0,0.99162,1.0,1.0,0.88889,1.0,1.0,1.0,0.702,1.0,0.11111,0.0,0.0,0.5,0.0,0.98842,0.66667,1.0,1.0,1.0,1.0,0.5,0.16116,0.5,1.0,1.0,0.5,0.5,0.5,0.0,0.0,1.0,1.0,1.0,0.0,0.0,0.0,0.1,0.5,1.0,0.0,1.0,0.0,1.0
0.5,0.5,0.5,0.5,0.5,0.5,0.06667,0.53333,0.03333,0.0,0.0,0.66667,0.0,0.06667,0.0,0.5,0.5,0.5,0.5,0.5,0.5,0.5,0.5,0.0,0.0,0.71429,1.0,1.0,1.0,0.0,0.0,0.5,0.5,0.8,1.0,1.0,0.5,0.5,0.5,1.0,1.0,0.5,0.5,0.5,0.5,0.5,1.0,0.5,0.5,0.5,0.5,0.2,0.73333,1.0,1.0,1.0,1.0,0.5,0.5
0.5,0.5,0.5,0.5,0.5,0.5,0.05651,0.33333,0.6,0.0,0.0,0.66667,0.0,0.18222,0.05778,0.0,0.94253,1.0,1.0,0.78095,1.0,0.5,0.0,0.7959,1.0,0.07143,0.86674,0.56219,0.28571,0.0,0.95928,1.0,0.5,0.8,1.0,1.0,0.5,0.5,0.5,1.0,1.0,0.5,0.5,0.5,0.0,0.0,1.0,1.0,1.0,0.0,0.2375,0.2,0.46667,0.85714,1.0,0.33333,1.0,0.0,0.5
0.5,0.5,0.5,0.5,0.5,0.5,0.03737,0.06667,0.86667,0.0,0.0,0.66667,0.0,0.50222,0.0,0.0,0.9975,1.0,1.0,1.0,1.0,0.5,0.0,0.65984,0.94263,0.07143,0.61205,0.49465,0.0,1.0,0.97351,1.0,0.5,0.8,1.0,1.0,0.5,0.5,0.5,1.0,1.0,0.5,0.5,0.5,0.0,0.0,1.0,1.0,1.0,0.5,0.5,0.2,0.4,1.0,1.0,1.0,1.0,0.0,0.5
0.5,0.5,0.5,0.5,0.5,0.5,0.02303,0.26667,0.73333,0.0,0.0,0.66667,0.0,0.07111,0.08444,0.99661,0.0,0.99048,0.93333,0.8,0.8,0.5,1.0,0.83381,1.0,0.21429,0.33621,0.19595,0.14286,0.0,0.93765,0.71429,0.5,0.8,1.0,1.0,0.5,0.5,0.5,1.0,1.0,0.5,0.5,0.5,0.0,0.0,1.0,1.0,1.0,0.64928,0.34117,0.2,0.2,0.28571,1.0,1.0,1.0,0.0,0.5
0.0,0.0,0.0,0.0,0.26667,0.26667,0.01434,0.26667,1.0,0.0,0.0,0.66667,0.0,0.05778,0.05333,0.0,0.92469,1.0,0.95238,0.80952,0.78095,0.79048,0.0,0.66368,0.94812,0.14286,0.20775,0.12238,0.0,0.0,0.9365,0.64286,0.35714,0.8,1.0,1.0,0.5,0.5,0.5,1.0,1.0,0.5,0.5,0.5,0.0,0.0,1.0,1.0,1.0,1.0,0.24205,1.0,0.06667,0.0,1.0,0.0,1.0,0.25,1.0
0.5,0.5,0.5,0.5,0.5,0.5,0.04766,0.06667,1.0,0.0,0.0,0.66667,0.0,0.41333,0.0,0.0,0.99784,1.0,1.0,1.0,1.0,0.5,0.0,0.68797,0.98281,0.07143,0.82502,0.68154,0.0,0.0,0.98662,1.0,0.5,0.8,1.0,1.0,0.5,0.5,0.5,1.0,1.0,0.5,0.5,0.5,0.0,0.0,1.0,1.0,1.0,0.5,0.5,0.2,0.46667,1.0,0.83333,1.0,1.0,0.0,0.5
0.0,1.0,0.0,0.0,0.06667,0.06667,0.04053,0.06667,0.0,0.83333,0.0,0.66667,0.0,0.40444,0.0,0.0,0.99835,1.0,1.0,1.0,1.0,1.0,1.0,0.68531,0.97902,0.07143,0.71027,0.55263,0.0,1.0,0.9897,1.0,1.0,0.8,1.0,1.0,0.5,0.5,0.5,1.0,1.0,0.5,0.5,0.5,0.0,0.0,1.0,1.0,1.0,0.5,0.5,0.2,0.4,0.83333,0.8,1.0,1.0,0.0,1.0
1.0,1.0,0.0,0.0,0.06667,0.06667,0.04021,0.06667,0.0,0.76923,0.0,0.66667,0.0,0.42667,0.00444,0.41617,0.0,0.95238,1.0,0.95238,1.0,0.95238,0.0,0.54188,0.77411,0.07143,0.86044,0.75506,0.0,0.0,1.0,1.0,0.64286,0.8,1.0,1.0,0.5,0.5,0.5,1.0,1.0,0.5,0.5,0.5,0.0,0.0,1.0,1.0,1.0,0.51266,0.59981,0.2,0.13333,1.0,1.0,1.0,1.0,0.0,1.0
0.5,0.5,0.5,0.5,0.5,0.5,0.03501,0.06667,0.36667,0.0,0.0,0.66667,0.0,0.07556,0.0,0.99884,0.0,0.98095,0.98095,1.0,1.0,0.5,1.0,0.02239,0.03198,0.0,0.66845,0.50201,0.0,0.0,0.75081,1.0,0.5,0.8,1.0,1.0,0.5,0.5,0.5,1.0,1.0,0.5,0.5,0.5,0.0,0.0,1.0,1.0,1.0,0.5,0.5,1.0,0.06667,0.0,1.0,1.0,1.0,0.0,0.5
1.0,0.5,1.0,0.5,0.06667,0.5,0.03557,0.06667,0.4,0.0,0.0,0.66667,1.0,0.07111,0.0,0.99923,0.0,1.0,0.98095,1.0,1.0,1.0,1.0,0.0224,0.032,0.0,0.67897,0.51397,0.0,0.0,0.76627,1.0,1.0,0.8,1.0,1.0,0.5,0.5,0.5,1.0,1.0,0.5,0.5,0.5,0.0,0.0,1.0,1.0,1.0,0.5,0.5,1.0,0.06667,0.0,1.0,1.0,1.0,0.0,0.28571
1.0,0.5,1.0,0.5,0.06667,0.5,0.03632,0.06667,0.43333,0.0,0.0,0.66667,1.0,0.06667,0.0,0.99388,0.0,1.0,1.0,1.0,1.0,1.0,0.0,0.02227,0.03181,0.0,0.69536,0.53299,0.0,0.0,0.78578,1.0,1.0,0.8,1.0,1.0,0.5,0.5,0.5,1.0,1.0,0.5,0.5,0.5,0.0,0.0,1.0,1.0,1.0,0.5,0.5,1.0,0.06667,0.0,1.0,1.0,1.0,0.0,0.28571
1.0,1.0,1.0,1.0,0.06667,0.06667,0.03794,0.06667,0.5,0.0,0.0,0.66667,0.0,0.06667,0.0,0.99533,0.0,1.0,1.0,1.0,1.0,1.0,1.0,0.00294,0.0042,0.07143,1.0,1.0,1.0,1.0,1.0,1.0,0.92857,0.8,1.0,1.0,0.5,0.5,0.5,1.0,1.0,0.5,0.5,0.5,0.0,0.0,1.0,1.0,1.0,0.5,0.5,1.0,0.06667,1.0,1.0,1.0,1.0,1.0,0.35714
1.0,0.5,1.0,0.5,0.06667,0.5,0.03935,0.06667,0.53333,0.0,0.0,0.66667,1.0,0.06667,0.0,0.99605,0.0,1.0,1.0,1.0,1.0,1.0,1.0,0.00316,0.00452,0.07143,1.0,1.0,1.0,1.0,1.0,1.0,1.0,0.8,1.0,1.0,0.5,0.5,0.5,1.0,1.0,0.5,0.5,0.5,0.0,0.0,1.0,1.0,1.0,0.5,0.5,1.0,0.06667,1.0,1.0,1.0,1.0,1.0,0.35714
1.0,0.0,1.0,0.0,0.06667,0.06667,0.02086,0.06667,0.7,0.0,0.0,0.66667,0.0,0.07556,0.0,0.0,0.99561,1.0,0.98095,1.0,1.0,1.0,1.0,0.57559,0.82227,0.07143,0.34823,0.25969,0.0,0.0,0.58839,1.0,0.85714,0.8,1.0,1.0,0.5,0.5,0.5,1.0,1.0,0.5,0.5,0.5,0.0,0.0,1.0,1.0,1.0,0.5,0.5,1.0,0.06667,0.0,1.0,1.0,1.0,0.5,0.35714
0.0,0.0,0.0,1.0,0.06667,0.06667,0.02117,0.06667,0.76667,0.0,0.0,0.66667,0.0,0.07556,0.0,0.0,0.99822,1.0,0.98095,1.0,1.0,1.0,1.0,0.5771,0.82442,0.07143,0.35388,0.25411,0.0,0.0,0.59221,1.0,1.0,0.8,1.0,1.0,0.5,0.5,0.5,1.0,1.0,0.5,0.5,0.5,0.0,0.0,1.0,1.0,1.0,0.5,0.5,1.0,0.06667,0.0,1.0,1.0,1.0,0.0,0.21429
1.0,0.5,1.0,0.5,0.06667,0.5,0.02193,0.06667,0.8,0.0,0.0,0.66667,1.0,0.07111,0.0,0.0,0.99986,1.0,1.0,1.0,1.0,1.0,0.0,0.01854,0.02648,0.0,0.46023,0.2989,0.0,0.0,0.80857,1.0,0.92857,0.8,1.0,1.0,0.5,0.5,0.5,1.0,1.0,0.5,0.5,0.5,0.0,0.0,1.0,1.0,1.0,0.5,0.5,1.0,0.06667,0.0,1.0,1.0,1.0,0.0,0.28571
1.0,1.0,1.0,1.0,0.06667,0.06667,0.03414,0.06667,0.0,0.78947,0.0,0.66667,0.0,0.06667,0.0,0.99935,0.0,1.0,0.99048,1.0,1.0,0.99048,0.0,0.54641,0.78059,0.07143,0.72254,0.5656,0.0,0.0,0.94905,1.0,1.0,0.8,1.0,1.0,0.5,0.5,0.5,1.0,1.0,0.5,0.5,0.5,0.0,0.0,1.0,1.0,1.0,0.5,0.5,1.0,0.06667,0.0,1.0,1.0,1.0,0.0,0.28571
0.5,0.5,0.5,0.5,0.5,0.5,0.06667,0.53333,0.03333,0.0,0.0,0.66667,0.0,0.06667,0.0,0.5,0.5,0.5,0.5,0.5,0.5,0.5,0.5,0.0,0.0,0.71429,1.0,1.0,1.0,0.0,0.0,0.5,0.5,0.8,1.0,1.0,0.5,0.5,0.5,1.0,1.0,0.5,0.5,0.5,0.5,0.5,1.0,0.5,0.5,0.5,0.5,0.2,0.73333,1.0,1.0,1.0,1.0,0.5,0.5
0.0,1.0,0.0,1.0,0.36667,0.8,0.05067,0.53333,0.0,0.81081,0.0,0.66667,0.0,0.24,0.04444,0.0,0.99994,1.0,1.0,0.91429,1.0,0.6,0.0,0.79729,1.0,0.64286,0.52529,0.29888,0.22222,0.0,0.99181,1.0,0.5,0.8,1.0,1.0,0.5,0.5,0.5,1.0,1.0,0.5,0.5,0.5,0.0,0.0,1.0,1.0,1.0,0.5,0.5,0.2,0.53333,0.77778,0.85714,0.28571,1.0,0.0,1.0
0.5,0.5,0.5,0.5,0.5,0.5,0.10432,0.2,0.2,0.0,0.5,0.0,0.0,0.52,0.0,0.0,0.96867,1.0,1.0,1.0,1.0,0.5,1.0,0.84555,1.0,0.25,0.57553,0.37951,0.0,1.0,0.97547,0.75,0.5,0.8,1.0,1.0,0.5,0.5,0.5,1.0,1.0,0.5,0.5,0.5,0.0,0.0,1.0,1.0,1.0,0.5,0.5,0.2,0.6,1.0,1.0,1.0,1.0,0.5,0.5
1.0,0.5,0.0,0.5,0.2,0.5,0.10188,0.2,0.23333,0.0,0.5,0.0,1.0,0.48,0.0,0.0,0.96629,1.0,1.0,1.0,1.0,1.0,0.0,0.70561,1.0,0.75,0.5094,0.35982,0.0,0.0,0.98817,1.0,0.5,0.8,1.0,1.0,0.5,0.5,0.5,1.0,1.0,0.5,0.5,0.5,0.0,0.0,1.0,1.0,1.0,0.5,0.5,0.2,1.0,1.0,0.75,1.0,1.0,0.5,1.0
1.0,0.5,0.0,0.5,0.2,0.5,0.09944,0.2,0.26667,0.0,0.5,0.0,1.0,0.48,0.0,0.0,0.96826,1.0,1.0,1.0,1.0,1.0,1.0,0.70801,1.0,0.75,0.49718,0.34782,0.0,0.0,0.98991,1.0,1.0,0.8,1.0,1.0,0.5,0.5,0.5,1.0,1.0,0.5,0.5,0.5,0.0,0.0,1.0,1.0,1.0,0.5,0.5,0.2,0.8,0.75,0.66667,1.0,1.0,1.0,1.0
0.5,0.5,0.5,0.5,0.5,0.5,0.17776,0.6,0.06667,0.0,0.5,0.0,0.0,0.36,0.0,0.5,0.5,0.9,0.9,1.0,1.0,0.5,1.0,0.85522,1.0,0.25,0.92268,0.62423,0.5,0.0,0.44444,0.5,0.5,0.8,1.0,1.0,0.5,0.5,0.5,1.0,1.0,0.5,0.5,0.5,0.5,0.5,1.0,1.0,1.0,0.5,0.5,0.2,0.6,1.0,0.0,1.0,1.0,1.0,0.5
0.5,0.5,0.5,0.5,0.5,0.5,0.15847,0.2,0.2,0.0,0.5,0.0,0.0,0.56,0.0,0.99731,0.0,1.0,1.0,1.0,1.0,0.5,0.0,0.73913,1.0,0.0,0.79413,0.68853,0.0,0.0,1.0,1.0,0.5,0.8,1.0,1.0,0.5,0.5,0.5,1.0,1.0,0.5,0.5,0.5,0.0,0.0,1.0,1.0,1.0,0.5,0.5,0.2,0.8,1.0,1.0,1.0,1.0,0.0,0.5
0.0,0.5,0.0,0.5,0.2,0.5,0.12996,0.2,0.23333,0.0,0.5,0.0,1.0,0.56,0.0,0.99997,0.0,1.0,1.0,1.0,1.0,1.0,0.0,0.71263,1.0,0.0,0.6425,0.51919,0.0,0.0,0.98712,1.0,1.0,0.8,1.0,1.0,0.5,0.5,0.5,1.0,1.0,0.5,0.5,0.5,0.0,0.0,1.0,1.0,1.0,0.5,0.5,0.2,0.8,1.0,0.33333,1.0,1.0,1.0,1.0
0.0,0.5,0.0,0.5,0.2,0.5,0.11312,0.2,0.26667,0.0,0.5,0.0,1.0,0.56,0.0,0.0,0.99365,1.0,1.0,1.0,1.0,1.0,0.0,0.68546,0.97923,0.0,0.55149,0.459,0.0,0.0,0.98605,1.0,1.0,0.8,1.0,1.0,0.5,0.5,0.5,1.0,1.0,0.5,0.5,0.5,0.0,0.0,1.0,1.0,1.0,0.5,0.5,0.2,0.8,1.0,0.33333,1.0,1.0,1.0,1.0
0.5,0.5,0.5,0.5,0.5,0.5,0.0613,0.2,0.43333,0.0,0.5,0.0,0.0,0.8,0.04,0.33859,0.0,0.6,1.0,0.6,1.0,0.5,0.0,0.68304,0.97577,0.25,0.41991,0.26575,0.0,0.0,1.0,1.0,0.5,0.8,1.0,1.0,0.5,0.5,0.5,1.0,1.0,0.5,0.5,0.5,0.0,0.0,1.0,1.0,1.0,0.23682,0.3813,0.2,0.4,1.0,0.0,1.0,1.0,1.0,0.5
0.0,0.0,0.0,0.0,0.2,0.2,0.01185,0.2,0.5,0.0,0.5,0.0,0.0,0.76,0.08,0.75834,0.0,1.0,1.0,1.0,1.0,1.0,0.0,0.68566,0.97952,0.25,0.08871,0.04641,0.0,0.0,1.0,0.75,1.0,0.0,0.6,0.45559,0.13795,0.24539,0.48282,0.5,1.0,0.5,0.5,0.5,0.0,0.0,1.0,1.0,1.0,0.23682,0.3813,1.0,0.2,0.0,1.0,0.0,1.0,1.0,1.0
0.5,0.5,0.5,0.5,0.5,0.5,0.33165,1.0,0.03333,0.0,0.5,0.0,0.0,0.2,0.0,0.5,0.5,0.5,0.5,0.5,0.5,0.5,0.5,0.0,0.0,0.75,1.0,1.0,1.0,0.0,0.0,0.5,0.5,0.8,1.0,1.0,0.5,0.5,0.5,1.0,1.0,0.5,0.5,0.5,0.5,0.5,1.0,0.5,0.5,0.5,0.5,0.3,0.8,1.0,1.0,1.0,1.0,0.5,0.5
0.0,0.5,0.0,0.5,1.0,0.5,0.28246,1.0,0.06667,0.0,0.5,0.0,1.0,0.32,0.0,0.5,0.5,0.7,0.7,1.0,1.0,0.7,1.0,0.63736,0.91052,0.0,1.0,1.0,1.0,0.0,0.44444,1.0,0.75,0.8,1.0,1.0,0.5,0.5,0.5,1.0,1.0,0.5,0.5,0.5,0.5,0.5,1.0,1.0,1.0,0.5,0.5,0.3,0.6,1.0,0.0,1.0,1.0,1.0,0.25
0.0,0.0,0.0,0.0,1.0,1.0,0.22111,0.8,0.23333,0.0,0.5,0.0,0.0,0.28,0.0,0.93637,0.0,0.9,0.9,1.0,1.0,0.7,1.0,0.67158,0.95939,0.25,1.0,1.0,1.0,0.0,0.5,1.0,0.75,0.8,1.0,1.0,0.5,0.5,0.5,1.0,1.0,0.5,0.5,0.5,0.0,0.0,1.0,1.0,1.0,0.5,0.5,1.0,0.2,0.0,1.0,1.0,1.0,0.0,0.25
0.0,0.0,0.0,0.0,0.8,0.8,0.22034,0.8,0.3,0.0,0.5,0.0,0.0,0.28,0.0,0.96618,0.0,1.0,0.9,1.0,1.0,1.0,0.0,0.09908,0.14155,0.0,1.0,1.0,1.0,0.0,1.0,1.0,0.75,0.8,1.0,1.0,0.5,0.5,0.5,1.0,1.0,0.5,0.5,0.5,0.0,0.0,1.0,1.0,1.0,0.5,0.5,1.0,0.2,1.0,1.0,1.0,1.0,1.0,0.25
0.0,0.5,0.0,0.5,0.8,0.5,0.2203,0.8,0.33333,0.0,0.5,0.0,1.0,0.24,0.0,0.97004,0.0,1.0,1.0,1.0,1.0,1.0,0.0,0.09904,0.14149,0.0,1.0,1.0,1.0,0.0,1.0,1.0,1.0,0.8,1.0,1.0,0.5,0.5,0.5,1.0,1.0,0.5,0.5,0.5,0.0,0.0,1.0,1.0,1.0,0.5,0.5,1.0,0.2,1.0,1.0,1.0,1.0,1.0,0.25
0.0,0.5,0.0,0.5,0.8,0.5,0.22028,0.8,0.36667,0.0,0.5,0.0,1.0,0.24,0.0,0.97315,0.0,1.0,1.0,1.0,1.0,1.0,0.0,0.09903,0.14147,0.0,1.0,1.0,1.0,0.0,1.0,1.0,1.0,0.8,1.0,1.0,0.5,0.5,0.5,1.0,1.0,0.5,0.5,0.5,0.0,0.0,1.0,1.0,1.0,0.5,0.5,1.0,0.2,1.0,1.0,1.0,1.0,1.0,0.25
0.0,0.0,0.0,0.0,0.8,0.8,0.22027,0.8,0.43333,0.0,0.5,0.0,0.0,0.2,0.0,0.98082,0.0,1.0,1.0,1.0,1.0,1.0,0.0,0.09902,0.14146,0.0,1.0,1.0,1.0,0.0,1.0,1.0,1.0,0.8,1.0,1.0,0.5,0.5,0.5,1.0,1.0,0.5,0.5,0.5,0.0,0.0,1.0,1.0,1.0,0.5,0.5,1.0,0.2,1.0,1.0,1.0,1.0,1.0,0.25
0.0,0.0,0.0,0.0,0.8,0.8,0.22027,0.8,0.5,0.0,0.5,0.0,0.0,0.2,0.0,0.98782,0.0,1.0,1.0,1.0,1.0,1.0,0.0,0.09902,0.14146,0.0,1.0,1.0,1.0,0.0,1.0,1.0,1.0,0.8,1.0,1.0,0.5,0.5,0.5,1.0,1.0,0.5,0.5,0.5,0.0,0.0,1.0,1.0,1.0,0.5,0.5,1.0,0.2,1.0,1.0,1.0,1.0,1.0,0.25
0.0,0.0,0.0,0.0,0.8,0.8,0.22027,0.8,0.56667,0.0,0.5,0.0,0.0,0.2,0.0,0.99249,0.0,1.0,1.0,1.0,1.0,1.0,0.0,0.09902,0.14146,0.0,1.0,1.0,1.0,0.0,1.0,1.0,1.0,0.8,1.0,1.0,0.5,0.5,0.5,1.0,1.0,0.5,0.5,0.5,0.0,0.0,1.0,1.0,1.0,0.5,0.5,1.0,0.2,1.0,1.0,1.0,1.0,1.0,0.25
0.0,0.0,0.0,0.0,0.8,0.8,0.22027,0.8,0.63333,0.0,0.5,0.0,0.0,0.2,0.0,0.99527,0.0,1.0,1.0,1.0,1.0,1.0,0.0,0.09902,0.14146,0.0,1.0,1.0,1.0,0.0,1.0,1.0,1.0,0.8,1.0,1.0,0.5,0.5,0.5,1.0,1.0,0.5,0.5,0.5,0.0,0.0,1.0,1.0,1.0,0.5,0.5,1.0,0.2,1.0,1.0,1.0,1.0,1.0,0.25
0.0,0.0,0.0,0.0,0.8,0.8,0.22027,0.8,0.7,0.0,0.5,0.0,0.0,0.2,0.0,0.99698,0.0,1.0,1.0,1.0,1.0,1.0,0.0,0.09902,0.14146,0.0,1.0,1.0,1.0,0.0,1.0,1.0,1.0,0.8,1.0,1.0,0.5,0.5,0.5,1.0,1.0,0.5,0.5,0.5,0.0,0.0,1.0,1.0,1.0,0.5,0.5,1.0,0.2,1.0,1.0,1.0,1.0,1.0,0.25
0.0,0.0,0.0,0.0,0.8,0.8,0.22027,0.8,0.76667,0.0,0.5,0.0,0.0,0.2,0.0,0.99806,0.0,1.0,1.0,1.0,1.0,1.0,0.0,0.09902,0.14146,0.0,1.0,1.0,1.0,0.0,1.0,1.0,1.0,0.8,1.0,1.0,0.5,0.5,0.5,1.0,1.0,0.5,0.5,0.5,0.0,0.0,1.0,1.0,1.0,0.5,0.5,1.0,0.2,1.0,1.0,1.0,1.0,1.0,0.25
0.0,0.0,0.0,0.0,0.8,0.8,0.22027,0.8,0.83333,0.0,0.5,0.0,0.0,0.2,0.0,0.99874,0.0,1.0,1.0,1.0,1.0,1.0,0.0,0.09902,0.14146,0.0,1.0,1.0,1.0,0.0,1.0,1.0,1.0,0.8,1.0,1.0,0.5,0.5,0.5,1.0,1.0,0.5,0.5,0.5,0.0,0.0,1.0,1.0,1.0,0.5,0.5,1.0,0.2,1.0,1.0,1.0,1.0,1.0,0.25
0.0,0.0,0.0,0.0,0.8,0.8,0.22027,0.8,0.9,0.0,0.5,0.0,0.0,0.2,0.0,0.99918,0.0,1.0,1.0,1.0,1.0,1.0,0.0,0.09902,0.14146,0.0,1.0,1.0,1.0,0.0,1.0,1.0,1.0,0.8,1.0,1.0,0.5,0.5,0.5,1.0,1.0,0.5,0.5,0.5,0.0,0.0,1.0,1.0,1.0,0.5,0.5,1.0,0.2,1.0,1.0,1.0,1.0,1.0,0.25
0.0,0.0,0.0,0.0,0.8,0.8,0.22027,0.8,0.96667,0.0,0.5,0.0,0.0,0.2,0.0,0.99947,0.0,1.0,1.0,1.0,1.0,1.0,0.0,0.09902,0.14146,0.0,1.0,1.0,1.0,0.0,1.0,1.0,1.0,0.8,1.0,1.0,0.5,0.5,0.5,1.0,1.0,0.5,0.5,0.5,0.0,0.0,1.0,1.0,1.0,0.5,0.5,1.0,0.2,1.0,1.0,1.0,1.0,1.0,0.25
0.5,0.5,0.5,0.5,0.5,0.5,0.19811,0.6,0.1,0.0,0.5,0.0,0.0,0.32,0.0,0.93852,0.0,0.8,1.0,1.0,1.0,0.5,0.0,0.32667,0.46667,0.0,0.99035,0.98088,0.0,0.0,0.68897,1.0,0.5,0.8,1.0,1.0,0.5,0.5,0.5,1.0,1.0,0.5,0.5,0.5,0.0,0.0,1.0,1.0,1.0,0.5,0.5,0.2,0.4,1.0,0.0,1.0,1.0,1.0,0.5
0.0,0.0,0.0,0.0,0.4,0.6,0.22668,0.8,0.43333,0.0,0.5,0.0,0.0,0.28,0.0,0.9869,0.0,0.9,1.0,1.0,1.0,0.9,1.0,0.75286,1.0,0.25,1.0,1.0,1.0,0.0,0.81287,1.0,1.0,0.8,1.0,1.0,0.5,0.5,0.5,1.0,1.0,0.5,0.5,0.5,0.0,0.0,1.0,1.0,1.0,0.5,0.5,1.0,0.2,0.0,1.0,1.0,1.0,0.0,1.0
0.5,0.5,0.5,0.5,0.5,0.5,0.01262,0.2,0.3,0.0,0.5,0.0,0.0,0.4,0.04,0.58815,0.0,1.0,0.6,1.0,1.0,0.5,0.0,0.68541,0.97916,0.25,0.13342,0.05191,0.0,0.0,0.76583,1.0,0.5,0.8,1.0,1.0,0.5,0.5,0.5,1.0,1.0,0.5,0.5,0.5,0.0,0.0,1.0,1.0,1.0,0.06831,1.0,0.2,0.6,1.0,0.0,1.0,1.0,0.0,0.5
0.0,0.5,0.0,0.5,0.2,0.5,0.00977,0.2,0.33333,0.0,0.5,0.0,1.0,0.36,0.04,0.75646,0.0,1.0,1.0,1.0,1.0,1.0,0.0,0.64545,0.92208,0.25,0.12813,0.05107,0.0,0.0,0.75354,1.0,1.0,0.8,1.0,1.0,0.5,0.5,0.5,1.0,1.0,0.5,0.5,0.5,0.0,0.0,1.0,1.0,1.0,0.06831,1.0,0.2,0.6,1.0,0.0,1.0,1.0,1.0,1.0
0.0,0.5,0.0,0.5,0.2,0.5,0.00724,0.2,0.36667,0.0,0.5,0.0,1.0,0.36,0.04,0.8694,0.0,1.0,1.0,1.0,1.0,1.0,0.0,0.61524,0.87891,0.25,0.11649,0.04756,0.0,0.0,0.74531,1.0,1.0,0.8,1.0,1.0,0.5,0.5,0.5,1.0,1.0,0.5,0.5,0.5,0.0,0.0,1.0,1.0,1.0,0.06831,1.0,0.2,0.6,1.0,0.0,1.0,1.0,1.0,1.0
0.0,0.0,0.0,0.0,0.2,0.2,0.00125,0.2,0.0,0.83333,0.5,0.0,0.0,0.2,0.04,0.0,0.99841,1.0,0.9,1.0,1.0,0.7,1.0,0.75013,1.0,0.25,0.00712,0.00357,0.0,0.0,0.94558,1.0,0.75,0.8,1.0,1.0,0.5,0.5,0.5,1.0,1.0,0.5,0.5,0.5,0.0,0.0,1.0,1.0,1.0,0.06831,1.0,1.0,0.2,0.0,1.0,0.0,1.0,0.0,1.0
0.0,0.5,0.0,0.5,0.2,0.5,0.00116,0.2,0.0,0.81081,0.5,0.0,1.0,0.16,0.04,0.0,0.99578,1.0,0.9,1.0,1.0,1.0,1.0,0.75913,1.0,0.25,0.0064,0.00321,0.0,0.0,0.9455,1.0,1.0,0.8,1.0,1.0,0.5,0.5,0.5,1.0,1.0,0.5,0.5,0.5,0.0,0.0,1.0,1.0,1.0,0.06831,1.0,1.0,0.2,0.0,1.0,0.0,1.0,0.0,0.25
0.0,0.5,0.0,0.5,0.2,0.5,0.00108,0.2,0.0,0.78947,0.5,0.0,1.0,0.16,0.04,0.0,0.99361,1.0,1.0,1.0,1.0,1.0,1.0,0.76781,1.0,0.25,0.00576,0.00289,0.0,0.0,0.94543,1.0,1.0,0.8,1.0,1.0,0.5,0.5,0.5,1.0,1.0,0.5,0.5,0.5,0.0,0.0,1.0,1.0,1.0,0.06831,1.0,1.0,0.2,0.0,1.0,0.0,1.0,0.0,0.25
0.0,0.5,0.0,0.5,0.2,0.5,0.001,0.2,0.0,0.76923,0.5,0.0,1.0,0.16,0.04,0.0,0.99191,1.0,1.0,1.0,1.0,1.0,1.0,0.77572,1.0,0.25,0.00519,0.0026,0.0,0.0,0.94537,1.0,1.0,0.8,1.0,1.0,0.5,0.5,0.5,1.0,1.0,0.5,0.5,0.5,0.0,0.0,1.0,1.0,1.0,0.06831,1.0,1.0,0.2,0.0,1.0,0.0,1.0,0.0,0.25
0.0,0.5,0.0,0.5,0.2,0.5,0.00093,0.2,0.0,0.75,0.5,0.0,1.0,0.16,0.04,0.0,0.99057,1.0,1.0,1.0,1.0,1.0,1.0,0.78318,1.0,0.25,0.00469,0.00235,0.0,0.0,0.94533,1.0,1.0,0.8,1.0,1.0,0.5,0.5,0.5,1.0,1.0,0.5,0.5,0.5,0.0,0.0,1.0,1.0,1.0,0.06831,1.0,1.0,0.2,0.0,1.0,0.0,1.0,0.0,0.25
0.5,0.5,0.5,0.5,0.5,0.5,0.08516,0.4,0.6,0.0,0.5,0.0,0.0,0.48,0.0,0.92946,0.0,1.0,1.0,1.0,1.0,0.5,0.0,0.16911,0.24159,0.0,0.88755,0.49514,0.5,0.0,0.98343,1.0,0.5,0.8,1.0,1.0,0.5,0.5,0.5,1.0,1.0,0.5,0.5,0.5,0.0,0.0,1.0,1.0,1.0,0.5,0.5,0.2,0.6,1.0,0.5,1.0,1.0,1.0,0.5
1.0,0.5,1.0,0.5,0.4,0.5,0.09751,0.4,0.63333,0.0,0.5,0.0,1.0,0.44,0.0,0.0,0.97472,1.0,1.0,1.0,1.0,1.0,1.0,0.22903,0.32718,0.0,0.87318,0.48469,0.5,0.0,0.98449,1.0,1.0,0.8,1.0,1.0,0.5,0.5,0.5,1.0,1.0,0.5,0.5,0.5,0.0,0.0,1.0,1.0,1.0,0.5,0.5,0.2,0.6,1.0,1.0,1.0,1.0,1.0,1.0
1.0,0.5,1.0,0.5,0.4,0.5,0.11354,0.4,0.66667,0.0,0.5,0.0,1.0,0.4,0.0,0.96321,0.0,1.0,1.0,1.0,1.0,1.0,1.0,0.25075,0.35822,0.0,0.97174,0.57092,0.5,0.0,0.98744,1.0,1.0,0.8,1.0,1.0,0.5,0.5,0.5,1.0,1.0,0.5,0.5,0.5,0.0,0.0,1.0,1.0,1.0,0.5,0.5,0.2,0.6,1.0,1.0,1.0,1.0,1.0,1.0
0.0,1.0,0.0,1.0,0.4,0.4,0.13425,0.4,0.76667,0.0,0.5,0.0,0.0,0.4,0.0,0.94898,0.0,1.0,1.0,1.0,1.0,1.0,1.0,0.25831,0.36901,0.0,1.0,0.75252,0.5,0.0,0.9912,1.0,1.0,0.8,1.0,1.0,0.5,0.5,0.5,1.0,1.0,0.5,0.5,0.5,0.0,0.0,1.0,1.0,1.0,0.5,0.5,0.2,0.6,1.0,1.0,1.0,1.0,1.0,1.0
0.0,0.0,0.0,0.0,0.4,0.4,0.12913,0.4,0.0,0.9375,0.5,0.0,0.0,0.48,0.0,0.99786,0.0,1.0,1.0,1.0,1.0,1.0,0.0,0.26809,0.38299,0.0,1.0,0.75943,0.5,0.0,0.99635,1.0,1.0,0.8,1.0,1.0,0.5,0.5,0.5,1.0,1.0,0.5,0.5,0.5,0.0,0.0,1.0,1.0,1.0,0.5,0.5,0.2,0.6,1.0,1.0,1.0,1.0,0.0,1.0
0.0,1.0,0.0,1.0,0.4,0.4,0.15698,0.6,0.0,0.85714,0.5,0.0,0.0,0.48,0.0,0.99473,0.0,1.0,1.0,1.0,1.0,1.0,1.0,0.28253,0.40361,0.0,1.0,1.0,1.0,0.0,1.0,1.0,1.0,0.8,1.0,1.0,0.5,0.5,0.5,1.0,1.0,0.5,0.5,0.5,0.0,0.0,1.0,1.0,1.0,0.5,0.5,0.2,0.6,1.0,1.0,1.0,1.0,1.0,1.0
0.5,0.5,0.5,0.5,0.5,0.5,0.1866,0.4,0.36667,0.0,0.5,0.0,0.0,0.32,0.08,0.0,0.94699,1.0,1.0,0.6,1.0,0.5,0.0,0.81166,1.0,0.5,0.75865,0.61115,0.0,0.0,1.0,0.75,0.5,0.8,1.0,1.0,0.5,0.5,0.5,1.0,1.0,0.5,0.5,0.5,0.0,0.0,1.0,1.0,1.0,0.0,0.2375,0.2,0.4,1.0,1.0,1.0,1.0,0.0,0.5
0.0,0.0,0.0,0.0,0.4,0.4,0.00073,0.4,0.0,0.88235,0.5,0.0,0.0,0.2,0.04,0.9877,0.0,1.0,1.0,0.9,1.0,0.9,0.0,0.64925,0.92751,0.25,0.01048,0.00351,0.5,0.0,1.0,0.75,0.75,0.8,1.0,1.0,0.5,0.1871,0.5,1.0,1.0,0.5,0.5,0.5,0.0,0.0,1.0,1.0,1.0,0.0,0.2375,0.2,0.6,1.0,0.5,1.0,1.0,0.0,1.0
0.0,0.0,0.0,0.0,0.4,0.4,0.00041,0.2,0.0,0.81081,0.5,0.0,0.0,0.2,0.04,0.97683,0.0,1.0,1.0,1.0,1.0,1.0,0.0,0.64892,0.92702,0.5,0.00396,0.00198,0.0,0.0,1.0,0.5,0.75,0.8,1.0,1.0,0.5,0.1871,0.5,1.0,1.0,0.5,0.5,0.5,0.0,0.0,1.0,1.0,1.0,0.0,0.2375,0.2,0.4,1.0,0.0,1.0,1.0,0.0,1.0
0.0,0.0,0.0,0.0,0.2,0.2,0.00024,0.2,0.0,0.76923,0.5,0.0,0.0,0.12,0.04,0.9834,0.0,1.0,0.8,1.0,1.0,1.0,0.0,0.64889,0.92698,0.5,0.00228,0.00114,0.0,0.0,1.0,0.5,1.0,0.8,1.0,1.0,0.5,0.1871,0.5,1.0,1.0,0.5,0.5,0.5,0.0,0.0,1.0,1.0,1.0,0.0,0.2375,0.2,0.4,1.0,0.0,1.0,1.0,0.0,1.0
0.5,0.5,0.5,0.5,0.5,0.5,0.0,0.2,0.13333,0.0,0.5,0.0,0.0,0.4,0.08,0.45309,0.0,0.8,0.9,0.8,1.0,0.5,1.0,0.65331,0.9333,0.25,0.0,0.0,0.0,0.0,1.0,1.0,0.5,0.0,0.6,0.47549,0.15894,0.5,0.03179,1.0,1.0,0.5,0.5,0.5,0.0,0.0,1.0,1.0,1.0,0.5,0.5,1.0,0.2,0.0,1.0,1.0,1.0,0.0,0.5
0.0,0.0,0.0,0.0,0.2,0.2,0.0,0.2,0.5,0.0,0.5,0.0,0.0,0.24,0.08,0.97599,0.0,1.0,1.0,0.9,1.0,0.8,1.0,0.65412,0.93446,0.25,0.0,0.0,0.0,0.0,0.5,1.0,1.0,1.0,1.0,1.0,0.5,0.5,0.5,1.0,1.0,0.5,0.5,0.5,0.0,0.0,1.0,1.0,1.0,0.5,0.5,0.0,0.2,1.0,1.0,1.0,1.0,1.0,1.0
1.0,0.5,1.0,0.5,0.2,0.5,0.0,0.2,0.53333,0.0,0.5,0.0,1.0,0.28,0.08,0.98026,0.0,1.0,1.0,0.9,1.0,1.0,0.0,0.65208,0.93154,0.25,0.0,0.0,0.0,0.0,0.5,1.0,1.0,0.0,1.0,1.0,0.5,0.5,0.5,1.0,1.0,0.5,0.5,0.5,0.0,0.0,1.0,1.0,1.0,0.5,0.5,1.0,0.2,0.0,1.0,1.0,1.0,1.0,1.0
1.0,0.5,1.0,0.5,0.2,0.5,0.0,0.2,0.56667,0.0,0.5,0.0,1.0,0.24,0.08,0.98387,0.0,1.0,1.0,0.9,1.0,1.0,0.0,0.65198,0.9314,0.25,0.0,0.0,0.0,0.0,0.5,1.0,1.0,0.0,1.0,1.0,0.5,0.5,0.5,1.0,1.0,0.5,0.5,0.5,0.0,0.0,1.0,1.0,1.0,0.5,0.5,1.0,0.2,0.0,1.0,1.0,1.0,0.0,1.0
0.0,0.5,0.0,0.5,0.2,0.5,0.0,0.2,0.6,0.0,0.5,0.0,1.0,0.2,0.08,0.9868,0.0,1.0,1.0,0.9,1.0,1.0,1.0,0.65208,0.93154,0.25,0.0,0.0,0.0,0.0,0.5,1.0,1.0,0.0,1.0,1.0,0.5,0.5,0.5,1.0,1.0,0.5,0.5,0.5,0.0,0.0,1.0,1.0,1.0,0.5,0.5,1.0,0.2,0.0,1.0,1.0,1.0,0.0,1.0
1.0,0.5,1.0,0.5,0.2,0.5,0.0,0.2,0.63333,0.0,0.5,0.0,1.0,0.2,0.08,0.98908,0.0,1.0,1.0,0.9,1.0,1.0,1.0,0.65215,0.93164,0.25,0.0,0.0,0.0,0.0,0.5,1.0,1.0,0.0,1.0,1.0,0.5,0.5,0.5,1.0,1.0,0.5,0.5,0.5,0.0,0.0,1.0,1.0,1.0,0.5,0.5,1.0,0.2,0.0,1.0,1.0,1.0,0.0,1.0
0.0,0.5,0.0,0.5,0.2,0.5,0.0,0.2,0.66667,0.0,0.5,0.0,1.0,0.2,0.08,0.99095,0.0,1.0,1.0,0.9,1.0,1.0,1.0,0.65218,0.93169,0.25,0.0,0.0,0.0,0.0,0.5,1.0,1.0,0.0,1.0,1.0,0.5,0.5,0.5,1.0,1.0,0.5,0.5,0.5,0.0,0.0,1.0,1.0,1.0,0.5,0.5,1.0,0.2,0.0,1.0,1.0,1.0,0.0,1.0
0.5,0.5,0.5,0.5,0.5,0.5,0.03424,0.1,0.13333,0.0,1.0,0.0,0.0,0.25,0.0,0.98677,0.0,0.93333,0.86667,1.0,1.0,0.5,0.0,0.64212,0.91732,0.11111,0.49344,0.21864,0.0,0.0,0.67021,0.88889,0.5,0.8,1.0,1.0,0.5,0.5,0.5,1.0,1.0,0.5,0.5,0.5,0.0,0.0,1.0,1.0,1.0,0.5,0.5,0.2,0.5,1.0,0.5,1.0,1.0,0.75,0.5
0.0,1.0,0.0,1.0,0.1,0.1,0.04708,0.2,0.5,0.0,1.0,0.0,0.0,0.2,0.02,0.99148,0.0,0.97778,0.82222,0.82222,1.0,0.75556,1.0,0.87361,1.0,0.22222,0.47342,0.25414,0.0,0.0,0.9472,0.77778,0.66667,0.6,1.0,1.0,0.5,0.5,0.5,1.0,1.0,0.5,0.5,0.5,0.0,0.0,1.0,1.0,1.0,0.5,0.5,0.4,0.6,1.0,0.6,1.0,1.0,0.6,1.0
0.0,0.5,0.0,0.5,0.2,0.5,0.04158,0.2,0.53333,0.0,1.0,0.0,1.0,0.23,0.02,0.99188,0.0,0.82222,1.0,0.84444,1.0,0.82222,0.0,0.81199,1.0,0.22222,0.39112,0.21945,0.0,0.0,0.95202,1.0,0.66667,0.8,1.0,1.0,0.5,0.5,0.5,1.0,1.0,0.5,0.5,0.5,0.0,0.0,1.0,1.0,1.0,0.5,0.5,0.2,0.4,0.75,1.0,1.0,1.0,0.75,1.0
0.0,0.0,0.0,0.0,0.1,0.1,0.0,0.1,0.66667,0.0,1.0,0.0,0.0,0.21,0.02,0.0,0.9836,1.0,0.84444,0.86667,1.0,0.95556,1.0,0.91276,1.0,0.22222,0.0,0.0,0.0,0.0,0.89274,0.66667,0.55556,0.0,1.0,1.0,0.5,0.05992,0.5,1.0,1.0,0.5,0.5,0.5,0.0,0.0,1.0,1.0,1.0,0.5,0.5,1.0,0.1,0.0,1.0,1.0,1.0,0.33333,1.0
0.5,0.5,0.5,0.5,0.5,0.5,0.09624,0.6,0.13333,0.0,1.0,0.0,0.0,0.55,0.01,0.32481,0.0,0.31111,0.66667,1.0,1.0,0.5,1.0,0.99047,1.0,0.55556,1.0,0.81382,0.71429,0.0,0.87606,1.0,0.5,0.8,1.0,1.0,0.5,0.5,0.5,1.0,1.0,0.5,0.5,0.5,0.4447,0.0,0.85,1.0,1.0,0.5,0.5,0.35,0.8,1.0,0.71429,1.0,1.0,0.0,0.5
0.5,0.5,0.5,0.5,0.5,0.5,0.08432,0.4,0.06667,0.0,1.0,0.0,0.0,0.24,0.0,0.5,0.5,0.66667,0.86667,1.0,1.0,0.5,1.0,0.44663,0.63804,0.0,1.0,0.72856,0.4,0.0,0.75949,0.88889,0.5,0.8,1.0,1.0,0.5,0.5,0.5,1.0,1.0,0.5,0.5,0.5,0.5,0.5,1.0,1.0,1.0,0.5,0.5,0.2,0.6,1.0,0.4,1.0,1.0,0.8,0.5
1.0,1.0,1.0,1.0,0.4,0.4,0.11789,0.5,0.23333,0.0,1.0,0.0,0.0,0.27,0.0,0.96596,0.0,1.0,1.0,1.0,1.0,1.0,1.0,0.59227,0.84611,0.0,1.0,0.93203,0.6,0.0,0.937,1.0,1.0,0.8,1.0,1.0,0.5,0.5,0.5,1.0,1.0,0.5,0.5,0.5,0.0,0.0,1.0,1.0,1.0,0.5,0.5,0.2,0.5,0.8,1.0,1.0,1.0,0.0,1.0
0.5,0.5,0.5,0.5,0.5,0.5,0.14342,0.8,0.06667,0.0,1.0,0.0,0.0,0.2,0.0,0.5,0.5,0.91111,0.84444,1.0,1.0,0.5,1.0,0.58658,0.83797,0.11111,1.0,1.0,1.0,0.0,0.44444,1.0,0.5,0.8,1.0,1.0,0.5,0.5,0.5,1.0,1.0,0.5,0.5,0.5,0.5,0.5,1.0,1.0,1.0,0.5,0.5,0.35,0.3,1.0,0.0,1.0,1.0,1.0,0.5
1.0,0.5,1.0,0.5,0.9,0.5,0.14462,0.9,0.1,0.0,1.0,0.0,1.0,0.25,0.02,0.41743,0.0,0.8,0.91111,1.0,1.0,0.8,1.0,0.68446,0.97781,0.11111,1.0,1.0,1.0,0.0,0.83044,1.0,0.77778,0.8,1.0,1.0,0.5,0.5,0.5,1.0,1.0,0.5,0.5,0.5,0.0,0.0,1.0,1.0,1.0,0.5,0.5,0.2,0.3,1.0,0.5,1.0,1.0,0.5,0.55556
0.0,1.0,0.0,1.0,0.8,1.0,0.14036,0.7,0.23333,0.0,1.0,0.0,0.0,0.28,0.06,0.0,0.98382,0.82222,0.82222,0.75556,1.0,0.82222,0.0,0.80705,1.0,0.55556,1.0,1.0,1.0,0.0,0.90693,0.66667,0.55556,0.6,0.8,0.67127,0.36563,0.5,0.24375,1.0,1.0,0.5,0.5,0.5,0.52729,0.0,0.4,1.0,1.0,0.5,0.5,1.0,0.1,0.0,1.0,1.0,1.0,0.5,1.0
1.0,0.5,1.0,0.5,0.7,0.5,0.14147,0.7,0.26667,0.0,1.0,0.0,1.0,0.29,0.07,0.0,0.99036,1.0,1.0,0.75556,1.0,1.0,0.0,0.79659,1.0,0.55556,1.0,1.0,1.0,0.0,0.93395,1.0,1.0,0.55,0.9,0.90946,1.0,1.0,1.0,0.8,1.0,0.44815,0.50612,0.5,0.0,0.57661,1.0,1.0,1.0,0.44815,0.50612,0.45,0.5,1.0,1.0,0.75,1.0,0.0,1.0
0.5,0.5,0.5,0.5,0.5,0.5,0.00624,0.2,0.33333,0.0,1.0,0.0,0.0,0.25,0.01,0.7636,0.0,1.0,1.0,1.0,1.0,0.5,1.0,0.93345,1.0,0.11111,0.04856,0.03108,0.0,0.0,0.98252,1.0,0.5,0.8,1.0,1.0,0.5,0.5,0.5,1.0,1.0,0.5,0.5,0.5,0.0,0.0,1.0,1.0,1.0,1.0,0.18087,0.2,0.2,0.25,0.0,1.0,1.0,0.0,0.5
0.0,0.5,0.0,0.5,0.2,0.5,0.00487,0.2,0.36667,0.0,1.0,0.0,1.0,0.25,0.01,0.87297,0.0,1.0,1.0,1.0,1.0,1.0,0.0,0.93185,1.0,0.11111,0.03797,0.02422,0.0,0.0,0.98396,1.0,1.0,0.8,1.0,1.0,0.5,0.5,0.5,1.0,1.0,0.5,0.5,0.5,0.0,0.0,1.0,1.0,1.0,1.0,0.18087,0.2,0.2,0.25,0.0,1.0,1.0,0.25,1.0
0.0,0.0,0.0,0.0,0.2,0.2,0.00152,0.2,0.66667,0.0,1.0,0.0,0.0,0.26,0.01,0.9987,0.0,1.0,1.0,1.0,1.0,0.93333,1.0,0.52712,0.75303,0.11111,0.07721,0.04015,0.0,0.0,1.0,1.0,0.44444,0.8,1.0,1.0,0.5,0.5,0.5,1.0,1.0,0.5,0.5,0.5,0.0,0.0,1.0,1.0,1.0,1.0,0.18087,0.2,0.2,1.0,1.0,1.0,1.0,0.0,1.0
0.5,0.5,0.5,0.5,0.5,0.5,0.04497,0.2,0.1,0.0,1.0,0.0,0.0,0.09,0.0,0.98609,0.0,1.0,1.0,1.0,1.0,0.5,0.0,0.54744,0.78205,0.22222,0.6456,0.47667,0.0,1.0,1.0,1.0,0.5,0.8,1.0,1.0,0.5,0.5,0.5,1.0,1.0,0.5,0.5,0.5,0.0,0.0,1.0,1.0,1.0,0.5,0.5,0.2,0.2,1.0,1.0,1.0,1.0,0.0,0.5
0.5,0.5,0.5,0.5,0.5,0.5,0.0,0.1,0.83333,0.0,1.0,0.0,0.0,0.17,0.03,0.0,0.98327,1.0,1.0,0.91111,1.0,0.5,1.0,0.99952,1.0,0.11111,2e-05,1e-05,0.0,0.0,0.83587,0.77778,0.5,0.0,1.0,1.0,0.5,0.5,0.5,1.0,1.0,0.5,0.5,0.5,0.0,0.0,1.0,1.0,1.0,0.0,0.17812,1.0,0.1,0.0,1.0,1.0,1.0,0.2,0.5
1.0,0.5,1.0,0.5,0.1,0.5,2e-05,0.1,0.86667,0.0,1.0,0.0,1.0,0.17,0.03,0.0,0.97827,1.0,0.91111,0.91111,1.0,1.0,0.0,0.97605,1.0,0.11111,0.00018,7e-05,0.0,0.0,0.83539,1.0,1.0,0.05,1.0,1.0,0.5,0.5,0.5,1.0,1.0,0.5,0.5,0.5,0.0,0.0,1.0,1.0,1.0,0.0,0.17812,0.95,0.2,0.2,1.0,0.0,1.0,0.0,1.0
0.0,0.0,0.0,0.0,0.1,0.2,2e-05,0.2,0.93333,0.0,1.0,0.0,0.0,0.16,0.03,0.0,0.98381,1.0,0.91111,0.86667,1.0,1.0,1.0,0.9768,1.0,0.11111,0.00016,6e-05,0.2,0.0,0.835,1.0,1.0,0.05,1.0,1.0,0.5,0.36002,0.5,1.0,1.0,0.5,0.5,0.5,0.0,0.0,1.0,1.0,1.0,0.0,0.17812,0.95,0.2,0.2,1.0,0.0,1.0,0.0,1.0
0.5,0.5,0.5,0.5,0.5,0.5,0.0955,0.5,0.06667,0.0,1.0,0.0,0.0,0.17,0.0,0.5,0.5,0.93333,0.77778,1.0,1.0,0.5,1.0,0.63886,0.91266,0.11111,1.0,0.66822,0.66667,0.0,0.5625,0.77778,0.5,0.8,1.0,1.0,0.5,0.5,0.5,1.0,1.0,0.5,0.5,0.5,0.5,0.5,1.0,1.0,1.0,0.5,0.5,0.2,0.4,1.0,0.33333,1.0,1.0,0.66667,0.5
1.0,1.0,1.0,1.0,0.5,0.7,0.11982,0.7,0.13333,0.0,1.0,0.0,0.0,0.28,0.01,0.8223,0.0,0.93333,0.8,1.0,1.0,0.86667,0.0,0.7049,1.0,0.11111,1.0,1.0,1.0,0.0,0.65813,1.0,0.77778,0.8,1.0,1.0,0.5,0.5,0.5,1.0,1.0,0.5,0.5,0.5,0.0,0.0,1.0,1.0,1.0,0.5,0.5,0.2,0.3,0.66667,1.0,1.0,1.0,0.0,1.0
0.0,0.5,0.0,0.5,0.5,0.5,0.10707,0.5,0.16667,0.0,1.0,0.0,1.0,0.33,0.01,0.90327,0.0,0.86667,0.8,1.0,1.0,0.86667,1.0,0.94858,1.0,0.44444,0.99801,0.74391,0.5,0.0,0.8746,1.0,0.66667,0.8,1.0,1.0,0.5,0.5,0.5,1.0,1.0,0.5,0.5,0.5,0.0,0.0,1.0,1.0,1.0,0.5,0.5,0.2,0.6,0.83333,0.6,0.8,1.0,0.33333,1.0
1.0,0.5,1.0,0.5,0.5,0.5,0.10887,0.5,0.2,0.0,1.0,0.0,1.0,0.4,0.01,0.96316,0.0,0.91111,0.88889,1.0,1.0,0.91111,0.0,0.73696,1.0,0.11111,0.98928,0.73567,0.33333,0.0,0.94783,1.0,0.66667,0.8,1.0,1.0,0.5,0.5,0.5,1.0,1.0,0.5,0.5,0.5,0.0,0.0,1.0,1.0,1.0,0.5,0.5,0.2,0.4,1.0,0.66667,0.66667,1.0,1.0,1.0
1.0,0.5,0.0,0.5,0.5,0.5,0.10845,0.5,0.23333,0.0,1.0,0.0,1.0,0.45,0.01,0.98137,0.0,0.88889,0.68889,1.0,1.0,0.88889,1.0,0.83209,1.0,0.22222,1.0,0.83798,0.25,0.0,0.88315,1.0,0.66667,0.8,1.0,1.0,0.5,0.5,0.5,1.0,1.0,0.5,0.5,0.5,0.0,0.0,1.0,1.0,1.0,0.5,0.5,0.2,0.5,1.0,1.0,0.75,1.0,0.5,1.0
0.0,0.5,0.0,0.5,0.5,0.5,0.1045,0.5,0.26667,0.0,1.0,0.0,1.0,0.44,0.01,0.99077,0.0,1.0,0.91111,1.0,1.0,1.0,1.0,0.83489,1.0,0.22222,0.97562,0.78464,0.25,0.0,0.92555,1.0,1.0,0.8,1.0,1.0,0.5,0.5,0.5,1.0,1.0,0.5,0.5,0.5,0.0,0.0,1.0,1.0,1.0,0.5,0.5,0.2,0.5,1.0,0.5,0.75,1.0,1.0,1.0
0.0,0.0,0.0,0.0,0.2,0.2,0.03896,0.2,0.4,0.0,1.0,0.0,0.0,0.26,0.02,0.97605,0.0,1.0,1.0,0.91111,1.0,0.91111,0.0,0.80091,1.0,0.22222,0.39913,0.27103,0.0,0.0,0.95093,0.77778,1.0,0.75,1.0,1.0,0.5,0.15792,0.5,1.0,1.0,0.5,0.5,0.5,0.0,0.0,1.0,1.0,1.0,0.5,0.5,0.25,0.2,0.25,0.0,1.0,1.0,0.25,1.0
0.0,0.5,0.0,0.5,0.2,0.5,0.03152,0.2,0.43333,0.0,1.0,0.0,1.0,0.2,0.02,0.97928,0.0,0.86667,1.0,0.91111,1.0,0.86667,0.0,0.80035,1.0,0.22222,0.32331,0.21936,0.0,0.0,0.9537,1.0,1.0,0.8,1.0,1.0,0.5,0.15792,0.5,1.0,1.0,0.5,0.5,0.5,0.0,0.0,1.0,1.0,1.0,0.5,0.5,0.2,0.2,0.25,0.0,1.0,1.0,0.25,1.0
0.0,0.0,0.0,0.0,0.2,0.2,0.0,0.15,0.86667,0.0,1.0,0.0,0.0,0.08,0.03,0.0,0.99996,1.0,1.0,0.84444,1.0,0.8,1.0,0.67561,0.96516,0.11111,0.0,0.0,0.0,0.0,0.84039,1.0,0.66667,1.0,1.0,1.0,0.5,0.15792,0.5,1.0,1.0,0.5,0.5,0.5,0.0,0.0,1.0,1.0,1.0,0.0,0.12112,1.0,0.0,0.0,1.0,1.0,1.0,0.0,1.0
1.0,0.0,1.0,0.0,0.2,0.1,0.0,0.1,0.93333,0.0,1.0,0.0,0.0,0.08,0.03,0.99583,0.0,1.0,1.0,0.84444,1.0,1.0,1.0,0.67601,0.96573,0.11111,0.0,0.0,0.0,0.0,0.84056,1.0,1.0,1.0,1.0,1.0,0.5,0.15792,0.5,1.0,1.0,0.5,0.5,0.5,0.0,0.0,1.0,1.0,1.0,0.0,0.12112,1.0,0.0,0.0,1.0,1.0,1.0,0.0,0.33333
0.0,1.0,0.0,1.0,0.15,0.2,0.0,0.2,1.0,0.0,1.0,0.0,0.0,0.08,0.03,0.99524,0.0,1.0,1.0,0.84444,1.0,1.0,1.0,0.67607,0.96581,0.11111,0.0,0.0,0.0,0.0,0.84066,1.0,1.0,0.0,1.0,1.0,0.5,0.15792,0.5,1.0,1.0,0.5,0.5,0.5,0.0,0.0,1.0,1.0,1.0,0.0,0.12112,1.0,0.1,0.0,1.0,1.0,1.0,0.0,0.33333
0.5,0.5,0.5,0.5,0.5,0.5,0.0688,0.5,0.06667,0.0,1.0,0.0,0.0,0.31,0.0,0.5,0.5,0.64444,0.73333,1.0,1.0,0.5,1.0,0.95609,1.0,0.11111,0.72474,0.45492,0.5,0.0,0.75326,1.0,0.5,0.8,1.0,1.0,0.5,0.5,0.5,1.0,1.0,0.5,0.5,0.5,0.5,0.5,1.0,1.0,1.0,0.5,0.5,0.2,0.7,1.0,0.5,1.0,1.0,0.66667,0.5
1.0,0.5,1.0,0.5,0.4,0.5,0.08134,0.4,0.1,0.0,1.0,0.0,1.0,0.39,0.0,0.90263,0.0,0.84444,0.84444,1.0,1.0,0.84444,0.0,0.94774,1.0,0.0,0.83548,0.55989,0.33333,0.0,0.83874,1.0,1.0,0.8,1.0,1.0,0.5,0.5,0.5,1.0,1.0,0.5,0.5,0.5,0.0,0.0,1.0,1.0,1.0,0.5,0.5,0.2,0.6,0.83333,1.0,1.0,1.0,1.0,1.0
1.0,0.5,1.0,0.5,0.4,0.5,0.08762,0.4,0.13333,0.0,1.0,0.0,1.0,0.42,0.0,0.93311,0.0,0.84444,1.0,1.0,1.0,0.84444,0.0,0.92374,1.0,0.11111,0.87545,0.59797,0.33333,0.0,0.88756,1.0,1.0,0.8,1.0,1.0,0.5,0.5,0.5,1.0,1.0,0.5,0.5,0.5,0.0,0.0,1.0,1.0,1.0,0.5,0.5,0.2,0.7,1.0,0.83333,1.0,1.0,0.83333,1.0
1.0,0.5,0.0,0.5,0.5,0.5,0.08732,0.5,0.16667,0.0,1.0,0.0,1.0,0.46,0.0,0.95473,0.0,1.0,1.0,1.0,1.0,1.0,0.0,0.89028,1.0,0.0,0.94458,0.62312,0.57143,0.0,0.90088,1.0,0.88889,0.8,1.0,1.0,0.5,0.5,0.5,1.0,1.0,0.5,0.5,0.5,0.0,0.0,1.0,1.0,1.0,0.5,0.5,0.2,0.8,1.0,0.85714,1.0,1.0,0.85714,1.0
1.0,1.0,0.0,1.0,0.4,0.5,0.09533,0.4,0.3,0.0,1.0,0.0,0.0,0.39,0.0,0.98996,0.0,1.0,1.0,1.0,1.0,0.84444,1.0,0.90687,1.0,0.0,1.0,0.66899,0.5,0.0,0.95836,0.88889,0.88889,0.8,1.0,1.0,0.5,0.5,0.5,1.0,1.0,0.5,0.5,0.5,0.0,0.0,1.0,1.0,1.0,0.5,0.5,0.2,0.6,0.83333,0.6,1.0,1.0,0.83333,1.0
0.5,0.5,0.5,0.5,0.5,0.5,0.07216,0.4,0.43333,0.0,1.0,0.0,0.0,0.15,0.01,0.65353,0.0,1.0,0.91111,1.0,1.0,0.5,1.0,0.67486,0.96408,0.22222,0.91727,0.49902,0.5,0.0,0.9108,1.0,0.5,0.8,1.0,1.0,0.5,0.5,0.5,1.0,1.0,0.5,0.5,0.5,0.0,0.0,1.0,1.0,1.0,0.5,0.5,0.2,0.5,1.0,1.0,1.0,1.0,0.0,0.5
0.0,1.0,0.0,1.0,0.4,0.4,0.07704,0.4,0.5,0.0,1.0,0.0,0.0,0.15,0.01,0.89076,0.0,1.0,1.0,1.0,1.0,1.0,1.0,0.68905,0.98436,0.22222,0.94475,0.54875,0.5,0.0,0.89132,1.0,1.0,0.8,1.0,1.0,0.5,0.5,0.5,1.0,1.0,0.5,0.5,0.5,0.0,0.0,1.0,1.0,1.0,0.5,0.5,0.2,0.4,0.75,0.66667,1.0,1.0,0.0,1.0
1.0,0.5,0.0,0.5,0.4,0.5,0.07702,0.4,0.53333,0.0,1.0,0.0,1.0,0.15,0.01,0.9536,0.0,1.0,1.0,1.0,1.0,1.0,1.0,0.69816,0.99737,0.22222,0.9232,0.5472,0.5,0.0,0.87444,1.0,1.0,0.8,1.0,1.0,0.5,0.5,0.5,1.0,1.0,0.5,0.5,0.5,0.0,0.0,1.0,1.0,1.0,0.5,0.5,0.2,0.4,0.75,0.66667,1.0,1.0,0.75,1.0
0.0,1.0,0.0,1.0,0.4,0.4,0.08376,0.4,0.63333,0.0,1.0,0.0,0.0,0.16,0.01,0.9986,0.0,1.0,0.93333,1.0,1.0,1.0,1.0,0.73498,1.0,0.22222,0.92054,0.58509,0.5,0.0,0.83773,1.0,1.0,0.8,1.0,1.0,0.5,0.5,0.5,1.0,1.0,0.5,0.5,0.5,0.0,0.0,1.0,1.0,1.0,0.5,0.5,0.2,0.3,0.5,1.0,1.0,1.0,0.75,1.0
0.0,1.0,0.0,1.0,0.4,0.4,0.09331,0.4,0.76667,0.0,1.0,0.0,0.0,0.17,0.01,0.9986,0.0,1.0,1.0,1.0,1.0,0.82222,1.0,0.77927,1.0,0.22222,0.91393,0.60906,0.5,0.0,0.84717,0.88889,1.0,0.8,1.0,1.0,0.5,0.5,0.5,1.0,1.0,0.5,0.5,0.5,0.0,0.0,1.0,1.0,1.0,0.5,0.5,0.2,0.5,1.0,0.5,1.0,1.0,0.75,1.0
0.5,0.5,0.5,0.5,0.5,0.5,0.03593,0.3,0.43333,0.0,1.0,0.0,0.0,0.34,0.0,0.99818,0.0,1.0,1.0,1.0,1.0,0.5,0.0,0.61802,0.88289,0.11111,0.44673,0.24714,0.33333,0.0,0.82508,1.0,0.5,0.8,1.0,1.0,0.5,0.5,0.5,1.0,1.0,0.5,0.5,0.5,0.0,0.0,1.0,1.0,1.0,0.5,0.5,0.2,0.3,0.66667,0.0,1.0,1.0,0.66667,0.5
1.0,1.0,0.0,1.0,0.2,0.3,0.03965,0.3,0.5,0.0,1.0,0.0,0.0,0.33,0.0,0.99687,0.0,1.0,0.8,1.0,1.0,1.0,0.0,0.61538,0.87911,0.11111,0.50233,0.2877,0.33333,0.0,0.81967,1.0,1.0,0.8,1.0,1.0,0.5,0.5,0.5,1.0,1.0,0.5,0.5,0.5,0.0,0.0,1.0,1.0,1.0,0.5,0.5,0.2,0.4,1.0,0.66667,1.0,1.0,0.0,1.0
0.5,0.5,0.5,0.5,0.5,0.5,0.04966,0.2,0.6,0.0,1.0,0.0,0.0,0.6,0.01,0.0,0.96632,1.0,1.0,0.44444,1.0,0.5,0.0,0.96146,1.0,0.11111,0.44561,0.30722,0.0,0.0,0.98786,1.0,0.5,0.8,1.0,1.0,0.5,0.5,0.5,1.0,1.0,0.5,0.5,0.5,0.0,0.0,1.0,1.0,1.0,1.0,0.11667,0.2,0.6,1.0,0.8,1.0,1.0,1.0,0.5
1.0,0.5,0.0,0.5,0.2,0.5,0.04759,0.2,0.63333,0.0,1.0,0.0,1.0,0.58,0.01,0.98989,0.0,1.0,1.0,0.44444,1.0,1.0,0.0,0.96088,1.0,0.11111,0.42741,0.28139,0.0,0.0,0.98996,1.0,1.0,0.8,1.0,1.0,0.5,0.5,0.5,1.0,1.0,0.5,0.5,0.5,0.0,0.0,1.0,1.0,1.0,1.0,0.11667,0.2,0.6,1.0,0.6,1.0,1.0,1.0,1.0
1.0,0.5,0.0,0.5,0.2,0.5,0.0463,0.2,0.66667,0.0,1.0,0.0,1.0,0.59,0.01,0.96672,0.0,1.0,1.0,0.44444,1.0,1.0,0.0,0.94106,1.0,0.11111,0.42639,0.29108,0.0,0.0,0.99242,1.0,1.0,0.8,1.0,1.0,0.5,0.5,0.5,1.0,1.0,0.5,0.5,0.5,0.0,0.0,1.0,1.0,1.0,1.0,0.11667,0.2,0.6,1.0,0.6,1.0,1.0,1.0,1.0
0.5,0.5,0.5,0.5,0.5,0.5,0.0,0.15,0.36667,0.0,1.0,0.0,0.0,0.17,0.15,0.98949,0.0,1.0,1.0,0.73333,1.0,0.5,1.0,0.9301,1.0,0.88889,0.0,0.0,0.0,0.0,0.96279,0.11111,0.5,1.0,1.0,1.0,0.5,0.5,0.5,1.0,1.0,0.5,0.5,0.5,0.0,0.0179,1.0,1.0,0.0,0.0,0.74464,1.0,0.0,0.0,1.0,1.0,1.0,0.0,0.5
0.5,0.5,0.5,0.5,0.5,0.5,0.03077,0.3,0.9,0.0,1.0,0.0,0.0,0.09,0.02,0.99488,0.0,0.95556,0.91111,0.93333,1.0,0.5,1.0,0.55815,0.79736,0.22222,0.35712,0.21738,0.0,0.0,1.0,1.0,0.5,0.8,1.0,1.0,0.5,0.5,0.5,1.0,1.0,0.5,0.5,0.5,0.0,0.0,1.0,1.0,1.0,0.5,0.5,0.2,0.2,1.0,0.0,1.0,1.0,0.0,0.5
0.0,0.0,0.0,0.0,0.1,0.1,0.0,0.1,0.0,0.9375,1.0,0.0,0.0,0.07,0.01,0.99282,0.0,1.0,1.0,0.86667,1.0,0.88889,1.0,0.55282,0.78974,0.44444,0.0,0.0,0.0,0.0,1.0,1.0,0.77778,1.0,1.0,1.0,0.5,0.05579,0.5,1.0,1.0,0.5,0.5,0.5,0.0,0.0,1.0,1.0,1.0,0.5,0.5,0.0,0.1,1.0,1.0,0.0,1.0,0.0,1.0
1.0,0.5,1.0,0.5,0.1,0.5,0.0,0.1,0.0,0.90909,1.0,0.0,1.0,0.08,0.01,0.0,0.99959,1.0,0.84444,0.86667,1.0,1.0,0.0,0.5401,0.77158,0.44444,0.0,0.0,0.0,0.0,1.0,1.0,1.0,0.0,1.0,1.0,0.5,0.05579,0.5,1.0,1.0,0.5,0.5,0.5,0.0,0.0,1.0,1.0,1.0,0.5,0.5,1.0,0.1,0.0,1.0,1.0,1.0,1.0,1.0
0.5,0.5,0.5,0.5,0.5,0.5,0.13064,0.8,0.03333,0.0,1.0,0.0,0.0,0.1,0.0,0.5,0.5,0.5,0.5,0.5,0.5,0.5,0.5,0.0,0.0,0.77778,1.0,0.49123,0.85714,0.0,0.0,0.5,0.5,0.8,1.0,1.0,0.5,0.5,0.5,1.0,1.0,0.5,0.5,0.5,0.5,0.5,1.0,0.5,0.5,0.5,0.5,0.2,0.8,1.0,1.0,1.0,1.0,0.5,0.5
0.0,0.5,0.0,0.5,0.8,0.5,0.12257,0.8,0.06667,0.0,1.0,0.0,1.0,0.26,0.0,0.5,0.5,0.51111,1.0,1.0,1.0,0.51111,1.0,0.90494,1.0,0.11111,1.0,0.77152,0.85714,0.0,0.67528,1.0,0.55556,0.8,1.0,1.0,0.5,0.5,0.5,1.0,1.0,0.5,0.5,0.5,0.5,0.5,1.0,1.0,1.0,0.5,0.5,0.2,0.8,1.0,0.42857,1.0,1.0,0.71429,1.0
1.0,0.5,1.0,0.5,0.8,0.5,0.1289,0.8,0.1,0.0,1.0,0.0,1.0,0.21,0.0,0.91622,0.0,0.71111,0.71111,1.0,1.0,0.71111,0.0,0.62708,0.89583,0.0,1.0,0.80589,0.83333,0.0,0.77596,1.0,0.88889,0.8,1.0,1.0,0.5,0.5,0.5,1.0,1.0,0.5,0.5,0.5,0.0,0.0,1.0,1.0,1.0,0.5,0.5,0.2,0.6,0.83333,0.6,1.0,1.0,1.0,1.0
1.0,1.0,0.0,1.0,0.8,0.8,0.14474,0.8,0.16667,0.0,1.0,0.0,0.0,0.19,0.0,0.93064,0.0,1.0,1.0,1.0,1.0,1.0,1.0,0.66279,0.94685,0.11111,1.0,0.86481,0.8,0.0,0.8961,1.0,0.88889,0.8,1.0,1.0,0.5,0.5,0.5,1.0,1.0,0.5,0.5,0.5,0.0,0.0,1.0,1.0,1.0,0.5,0.5,0.2,0.6,1.0,1.0,1.0,1.0,0.0,1.0
0.5,0.5,0.5,0.5,0.5,0.5,0.00089,0.13333,0.4,0.0,0.0,0.66667,0.0,0.30667,0.02667,0.99907,0.0,1.0,1.0,0.68571,1.0,0.5,0.0,0.83335,1.0,0.35714,0.00958,0.00712,0.0,0.0,0.99298,1.0,0.5,0.0,1.0,1.0,0.5,0.5,0.5,1.0,1.0,0.5,0.5,0.5,0.0,0.0,1.0,1.0,1.0,0.48707,0.9228,1.0,0.06667,0.0,1.0,0.0,1.0,0.0,0.5
0.0,0.0,0.0,0.0,0.13333,0.06667,0.00488,0.4,0.66667,0.0,0.0,0.66667,0.0,0.33333,0.03556,0.0,0.99114,1.0,1.0,1.0,1.0,1.0,0.0,0.82263,1.0,0.07143,0.074,0.03213,0.33333,0.0,0.92366,1.0,0.57143,0.8,1.0,1.0,0.5,0.5,0.5,1.0,1.0,0.5,0.5,0.5,0.0,0.0,1.0,1.0,1.0,0.48707,0.9228,0.2,0.86667,1.0,1.0,0.5,1.0,0.0,1.0
0.5,0.5,0.5,0.5,0.5,0.5,0.01148,0.26667,0.36667,0.0,0.0,0.66667,0.0,0.05778,0.00444,0.99226,0.0,1.0,1.0,0.94286,1.0,0.5,0.0,0.59805,0.85436,0.07143,0.14965,0.09045,0.0,0.0,0.66667,0.85714,0.5,0.0,0.93333,0.94035,0.46132,0.5,0.46132,1.0,1.0,0.5,0.5,0.5,0.0,0.0,1.0,1.0,1.0,1.0,0.1153,1.0,0.06667,0.0,1.0,0.0,1.0,0.0,0.5
0.0,0.0,0.0,0.0,0.1,0.06667,0.0,0.06667,0.6,0.0,0.0,0.66667,0.0,0.04889,0.00444,0.99986,0.0,1.0,0.9619,0.95238,1.0,0.95238,1.0,0.5953,0.85043,0.07143,0.0,0.0,0.0,0.0,0.5625,1.0,0.92857,0.0,1.0,1.0,0.5,0.27501,0.5,1.0,1.0,0.5,0.5,0.5,0.0,0.0,1.0,1.0,1.0,1.0,0.1153,1.0,0.06667,0.0,1.0,0.0,1.0,0.0,1.0
0.0,0.5,0.0,0.5,0.06667,0.5,0.0,0.06667,0.63333,0.0,0.0,0.66667,1.0,0.04889,0.00444,0.99891,0.0,1.0,0.9619,0.95238,1.0,1.0,0.0,0.5953,0.85043,0.07143,0.0,0.0,0.0,0.0,0.5625,1.0,1.0,1.0,1.0,1.0,0.5,0.27501,0.5,1.0,1.0,0.5,0.5,0.5,0.0,0.0,1.0,1.0,1.0,1.0,0.1153,0.0,0.13333,0.66667,0.5,1.0,1.0,0.0,1.0
0.5,0.5,0.5,0.5,0.5,0.5,0.05888,0.4,0.26667,0.0,0.0,0.66667,0.0,0.11556,0.04889,0.0,0.91485,1.0,0.97143,0.77143,0.73333,0.5,1.0,0.59028,0.84326,0.21429,0.68232,0.51782,0.0,0.0,1.0,0.78571,0.5,0.76667,1.0,1.0,0.5,0.5,0.5,1.0,1.0,0.5,0.5,0.5,0.0,0.0,1.0,1.0,1.0,1.0,0.06391,0.23333,0.13333,1.0,1.0,1.0,1.0,1.0,0.5
0.5,0.5,0.5,0.5,0.5,0.5,0.00015,0.26667,0.53333,0.0,0.0,0.66667,0.0,0.12889,0.07556,0.0,0.96586,0.9619,1.0,0.84762,1.0,0.5,1.0,0.96089,1.0,0.07143,0.00159,0.00069,0.0,0.0,0.91178,0.85714,0.5,0.0,1.0,1.0,0.5,0.5,0.5,1.0,1.0,0.5,0.5,0.5,0.0,0.04674,1.0,1.0,1.0,0.0,0.22061,1.0,0.06667,0.0,1.0,1.0,1.0,0.0,0.5
1.0,0.5,1.0,0.5,0.33333,0.5,0.00022,0.33333,0.56667,0.0,0.0,0.66667,1.0,0.11111,0.07111,0.0,0.98018,0.88571,1.0,0.7619,1.0,0.88571,1.0,0.99132,1.0,0.14286,0.00227,0.00107,0.0,0.0,0.92341,1.0,0.71429,0.23333,0.93333,0.99985,0.59113,0.59113,0.59113,1.0,1.0,0.5,0.5,0.5,0.0,0.0,1.0,1.0,1.0,0.0,0.22061,0.76667,0.2,0.33333,0.0,0.5,1.0,0.0,1.0
1.0,0.5,1.0,0.5,0.33333,0.5,0.00029,0.33333,0.6,0.0,0.0,0.66667,1.0,0.09333,0.07556,0.99001,0.0,1.0,1.0,0.79048,1.0,1.0,1.0,0.99302,1.0,0.14286,0.00292,0.00128,0.0,0.0,0.91484,1.0,1.0,0.7,1.0,1.0,0.5,0.59113,0.5,1.0,1.0,0.5,0.5,0.5,0.0,0.0,1.0,1.0,1.0,0.0,0.22061,0.3,0.2,0.33333,0.0,0.5,1.0,0.33333,1.0
0.5,0.5,0.5,0.5,0.5,0.5,0.0,0.4,0.46667,0.0,0.0,0.66667,0.0,0.15111,0.07111,0.0,0.99751,1.0,1.0,0.87619,1.0,0.5,1.0,0.96261,1.0,0.57143,0.0,0.0,0.0,0.0,0.9849,1.0,0.5,0.43333,1.0,1.0,0.5,0.5,0.5,1.0,1.0,0.5,0.5,0.5,0.0,0.0,0.56667,1.0,1.0,0.5,0.5,1.0,0.06667,0.0,1.0,1.0,1.0,0.75,0.5
0.0,0.0,0.0,0.0,0.16667,0.4,0.0,0.5,0.6,0.0,0.0,0.66667,0.0,0.09333,0.04444,0.98985,0.0,1.0,1.0,0.87619,1.0,1.0,1.0,0.86172,1.0,0.64286,0.0,0.0,0.0,0.0,0.98418,0.28571,0.92857,0.0,1.0,1.0,0.5,0.5,0.5,1.0,1.0,0.0,0.23328,0.30769,0.0,1.0,1.0,1.0,1.0,0.0,0.22061,1.0,0.06667,0.0,1.0,1.0,1.0,0.0,1.0
0.0,0.5,0.0,0.5,0.33333,0.5,0.0,0.33333,0.63333,0.0,0.0,0.66667,1.0,0.08889,0.05333,0.98773,0.0,1.0,1.0,0.87619,1.0,1.0,0.0,0.73441,1.0,0.07143,0.0,0.0,0.36364,0.0,0.8752,1.0,0.42857,0.0,1.0,1.0,0.5,0.5,0.5,1.0,1.0,0.0,0.23328,0.30769,0.0,0.0,1.0,1.0,1.0,0.0,0.22061,1.0,0.06667,0.0,1.0,1.0,1.0,0.0,1.0
1.0,0.5,1.0,0.5,0.46667,0.5,0.0,0.46667,0.66667,0.0,0.0,0.66667,1.0,0.08,0.04444,0.98801,0.0,1.0,1.0,0.87619,1.0,1.0,0.0,0.61641,0.88058,0.07143,0.0,0.0,0.45455,0.0,0.87907,1.0,0.85714,0.0,1.0,1.0,0.5,0.5,0.5,1.0,1.0,0.0,0.23328,0.30769,0.0,0.0,1.0,1.0,1.0,0.0,0.22061,1.0,0.06667,0.0,1.0,1.0,1.0,0.0,1.0
0.0,0.0,0.0,0.0,0.1,0.26667,0.0,0.4,0.93333,0.0,0.0,0.66667,0.0,0.03556,0.04444,0.0,0.98446,1.0,1.0,0.78095,1.0,1.0,1.0,0.79741,1.0,1.0,0.0,0.0,0.0,0.0,0.44444,1.0,0.07143,0.0,1.0,1.0,0.5,0.5,0.5,1.0,1.0,0.0,0.23328,0.30769,0.0,0.0,1.0,1.0,1.0,0.0,0.22061,1.0,0.06667,0.0,1.0,1.0,1.0,0.0,1.0
1.0,0.5,1.0,0.5,0.4,0.5,0.0,0.4,0.96667,0.0,0.0,0.66667,1.0,0.02667,0.04444,0.0,0.98078,1.0,1.0,0.87619,1.0,1.0,1.0,0.79817,1.0,1.0,0.0,0.0,0.0,0.0,0.44444,1.0,1.0,0.0,1.0,1.0,0.5,0.5,0.5,1.0,1.0,0.0,0.23328,0.30769,0.0,0.0,1.0,1.0,1.0,0.0,0.22061,1.0,0.06667,0.0,1.0,1.0,1.0,0.0,1.0
0.5,0.5,0.5,0.5,0.5,0.5,0.0,0.06667,0.56667,0.0,0.0,0.66667,0.0,0.19556,0.04889,0.0,0.99679,1.0,1.0,1.0,1.0,0.5,0.0,0.88742,1.0,0.5,4e-05,3e-05,0.0,0.0,0.99463,1.0,0.5,0.0,1.0,1.0,0.5,0.5,0.5,1.0,1.0,0.5,0.5,0.5,0.0,0.0,1.0,1.0,1.0,0.0,0.05911,1.0,0.06667,0.0,1.0,1.0,1.0,0.0,0.5
0.5,0.5,0.5,0.5,0.5,0.5,0.08744,0.66667,0.16667,0.0,0.0,0.66667,0.0,0.07111,0.01778,0.87322,0.0,0.99048,0.97143,0.9619,1.0,0.5,1.0,0.57874,0.82677,0.21429,0.79847,0.66454,0.0,0.0,1.0,1.0,0.5,0.8,1.0,1.0,0.5,0.5,0.5,1.0,1.0,0.5,0.5,0.5,0.0,0.0,1.0,1.0,1.0,0.5,0.5,0.2,0.13333,1.0,1.0,1.0,1.0,0.0,0.5
0.0,0.0,0.0,0.0,0.6,0.4,0.0,0.2,0.33333,0.0,0.0,0.66667,0.0,0.05778,0.03556,0.99241,0.0,1.0,1.0,0.93333,1.0,0.87619,1.0,0.64857,0.92653,0.07143,0.0,0.0,0.4,0.0,0.54154,1.0,0.71429,0.0,1.0,1.0,0.5,0.5,0.5,1.0,1.0,0.5,0.5,0.5,0.0,0.0,1.0,1.0,1.0,0.5,0.5,1.0,0.06667,0.0,1.0,1.0,1.0,0.4,1.0
0.5,0.5,0.5,0.5,0.5,0.5,0.0,0.16667,0.63333,0.0,0.0,0.66667,0.0,0.01778,0.03556,0.91771,0.0,0.89524,1.0,0.64762,1.0,0.5,1.0,0.75213,1.0,0.21429,0.0,0.0,0.0,0.0,1.0,1.0,0.5,0.2,1.0,1.0,0.5,0.5,0.5,1.0,1.0,0.5,0.5,0.5,0.0,0.00708,0.8,1.0,1.0,0.0,0.11874,1.0,0.06667,0.0,1.0,0.0,1.0,0.0,0.5
0.5,0.5,0.5,0.5,0.5,0.5,0.0,0.13333,0.83333,0.0,0.0,0.66667,0.0,0.04,0.00444,0.97096,0.0,0.94286,1.0,0.74286,0.88571,0.5,1.0,0.74947,1.0,0.07143,0.0,0.0,0.0,0.0,0.77415,0.85714,0.5,0.0,1.0,1.0,0.5,0.5,0.5,1.0,1.0,0.5,0.5,0.5,0.0,0.0,1.0,1.0,1.0,0.48284,0.06058,1.0,0.06667,0.0,1.0,0.0,1.0,0.0,0.5
0.0,0.0,0.0,0.0,0.1,0.2,0.0,0.06667,0.93333,0.0,0.0,0.66667,0.0,0.04444,0.00889,0.0,0.99466,1.0,1.0,0.68571,1.0,0.90476,1.0,0.75601,1.0,0.07143,0.0,0.0,0.0,0.0,0.72094,0.85714,0.78571,0.0,1.0,1.0,0.5,0.5,0.5,1.0,1.0,0.5,0.5,0.5,0.0,0.0,1.0,1.0,1.0,0.48284,0.06058,1.0,0.06667,0.0,1.0,0.0,1.0,0.0,1.0
0.5,0.5,0.5,0.5,0.5,0.5,0.01654,0.06667,0.5,0.0,0.0,0.66667,0.0,0.66667,0.0,0.99206,0.0,1.0,1.0,1.0,1.0,0.5,1.0,0.78065,1.0,1.0,0.24814,0.1309,0.0,0.0,0.96162,1.0,0.5,0.8,1.0,1.0,0.5,0.5,0.5,1.0,1.0,0.5,0.5,0.5,0.0,0.0,1.0,1.0,1.0,0.5,0.5,0.2,0.26667,0.21429,0.33333,1.0,1.0,0.0,0.5
0.0,0.5,0.0,0.5,0.06667,0.5,0.01285,0.06667,0.53333,0.0,0.0,0.66667,1.0,0.65333,0.0,0.0,0.99745,1.0,1.0,1.0,1.0,1.0,1.0,0.78178,1.0,1.0,0.19279,0.10033,0.0,0.0,0.96487,1.0,1.0,0.8,1.0,1.0,0.5,0.5,0.5,1.0,1.0,0.5,0.5,0.5,0.0,0.0,1.0,1.0,1.0,0.5,0.5,0.2,0.2,0.14286,0.0,1.0,1.0,0.21429,1.0
0.0,0.0,0.0,0.0,0.06667,0.06667,0.00283,0.06667,0.93333,0.0,0.0,0.66667,0.0,0.65333,0.0,0.0,0.99955,1.0,1.0,1.0,1.0,1.0,1.0,0.78486,1.0,1.0,0.04252,0.02315,0.0,0.0,0.98356,1.0,1.0,0.8,1.0,1.0,0.5,0.5,0.5,1.0,1.0,0.5,0.5,0.5,0.0,0.0,1.0,1.0,1.0,0.5,0.5,1.0,0.06667,0.0,1.0,1.0,1.0,0.0,1.0
0.0,0.0,0.0,0.0,0.06667,0.06667,0.00234,0.06667,1.0,0.0,0.0,0.66667,0.0,0.62667,0.0,0.0,0.99938,1.0,1.0,1.0,1.0,1.0,1.0,0.78502,1.0,1.0,0.03505,0.01875,0.0,0.0,0.98505,0.07143,1.0,0.8,1.0,1.0,0.5,0.5,0.5,1.0,1.0,0.5,0.5,0.5,0.0,0.0,1.0,1.0,1.0,0.5,0.5,1.0,0.06667,0.0,1.0,1.0,1.0,0.0,0.35714
0.5,0.5,0.5,0.5,0.5,0.5,0.00492,0.73333,0.56667,0.0,0.0,0.66667,0.0,0.03111,0.04444,0.98225,0.0,0.69524,1.0,0.65714,0.69524,0.5,1.0,0.80871,1.0,0.07143,0.12554,0.02185,0.75,0.0,0.8237,0.21429,0.5,0.13333,0.93333,0.99875,1.0,0.5,1.0,1.0,1.0,0.5,0.5,0.5,0.0,0.0,1.0,1.0,1.0,0.0,0.23644,0.93333,0.2,0.16667,0.5,1.0,1.0,0.0,0.5
0.0,0.0,1.0,1.0,0.73333,0.8,0.0,0.1,0.96667,0.0,0.0,0.66667,0.0,0.00889,0.04444,0.0,0.99599,1.0,1.0,0.64762,1.0,1.0,1.0,0.79556,1.0,0.85714,0.0,0.0,0.0,0.0,1.0,1.0,0.21429,1.0,1.0,1.0,0.5,1.0,0.5,1.0,1.0,0.5,0.5,0.5,0.0,0.0,1.0,1.0,1.0,0.0,0.23644,0.0,0.06667,1.0,1.0,1.0,1.0,1.0,0.42857
0.0,0.5,0.0,0.5,0.1,0.5,0.0,0.1,1.0,0.0,0.0,0.66667,1.0,0.00889,0.04444,0.0,0.99647,1.0,1.0,0.64762,1.0,1.0,1.0,0.79559,1.0,0.85714,0.0,0.0,0.0,0.0,1.0,1.0,1.0,1.0,1.0,1.0,0.5,1.0,0.5,1.0,1.0,0.5,0.5,0.5,0.0,0.0,1.0,1.0,1.0,0.0,0.23644,0.0,0.06667,1.0,1.0,1.0,1.0,1.0,1.0
0.5,0.5,0.5,0.5,0.5,0.5,0.0,0.06667,0.0,0.90909,0.0,0.66667,0.0,0.04889,0.02222,0.99695,0.0,1.0,1.0,0.86667,1.0,0.5,0.0,0.61673,0.88105,0.07143,0.0,0.0,0.0,0.0,0.85426,1.0,0.5,0.0,1.0,1.0,0.5,0.5,0.5,1.0,1.0,0.5,0.5,0.5,0.0,0.0,1.0,1.0,1.0,1.0,0.03277,1.0,0.06667,0.0,1.0,0.0,1.0,0.0,0.5
0.0,0.0,0.0,0.0,0.06667,0.06667,0.0,0.06667,0.0,0.85714,0.0,0.66667,0.0,0.04889,0.02222,0.99625,0.0,1.0,1.0,0.85714,1.0,1.0,0.0,0.6167,0.881,0.07143,0.0,0.0,0.0,0.0,0.85448,1.0,1.0,0.0,1.0,1.0,0.5,0.5,0.5,1.0,1.0,0.5,0.5,0.5,0.0,0.0,1.0,1.0,1.0,1.0,0.03277,1.0,0.06667,0.0,1.0,0.0,1.0,0.0,1.0
0.0,0.0,0.0,0.0,0.06667,0.06667,0.0,0.06667,0.0,0.81081,0.0,0.66667,0.0,0.05778,0.02222,0.99913,0.0,1.0,1.0,0.85714,0.99048,1.0,0.0,0.61558,0.87941,0.07143,0.0,0.0,0.0,0.0,0.85462,1.0,1.0,0.0,1.0,1.0,0.5,0.5,0.5,1.0,1.0,0.5,0.5,0.5,0.0,0.0,1.0,1.0,1.0,1.0,0.03277,1.0,0.06667,0.0,1.0,0.0,1.0,0.0,1.0
0.0,0.0,1.0,0.0,0.06667,0.06667,0.0,0.06667,0.0,0.76923,0.0,0.66667,0.0,0.05333,0.02222,0.99993,0.0,1.0,0.99048,0.84762,0.99048,0.99048,0.0,0.61466,0.87809,0.07143,0.0,0.0,0.0,0.0,0.85471,1.0,1.0,0.0,1.0,1.0,0.5,0.5,0.5,1.0,1.0,0.5,0.5,0.5,0.0,0.0,1.0,1.0,1.0,1.0,0.03277,1.0,0.06667,0.0,1.0,0.0,1.0,0.0,1.0
0.5,0.5,0.5,0.5,0.5,0.5,0.1811,0.2,0.2,0.0,0.5,0.0,0.0,0.32,0.0,0.89672,0.0,1.0,1.0,1.0,1.0,0.5,1.0,0.30628,0.43755,0.0,0.93494,0.87782,0.0,0.0,0.82991,1.0,0.5,0.8,1.0,1.0,0.5,0.5,0.5,1.0,1.0,0.5,0.5,0.5,0.0,0.0,1.0,1.0,1.0,0.5,0.5,1.0,0.2,0.0,1.0,1.0,1.0,0.0,0.5
1.0,0.5,1.0,0.5,0.4,0.5,0.19274,0.4,0.23333,0.0,0.5,0.0,1.0,0.32,0.0,0.91582,0.0,1.0,1.0,1.0,1.0,1.0,1.0,0.31048,0.44355,0.0,0.98828,0.97683,0.0,0.0,0.87677,1.0,1.0,0.8,1.0,1.0,0.5,0.5,0.5,1.0,1.0,0.5,0.5,0.5,0.0,0.0,1.0,1.0,1.0,0.5,0.5,0.2,0.4,1.0,1.0,1.0,1.0,0.0,0.5
0.5,0.5,0.5,0.5,0.5,0.5,0.06491,0.2,0.56667,0.0,0.5,0.0,0.0,0.4,0.08,0.0,0.97241,1.0,1.0,0.6,1.0,0.5,1.0,0.66802,0.95432,0.25,0.47263,0.30944,0.0,0.0,1.0,1.0,0.5,0.8,1.0,1.0,0.5,0.5,0.5,1.0,1.0,0.5,0.5,0.5,0.0,0.0,1.0,1.0,1.0,0.0,0.0,0.2,0.4,1.0,0.0,1.0,1.0,1.0,0.5
0.0,0.5,0.0,0.5,0.2,0.5,0.04471,0.2,0.6,0.0,0.5,0.0,1.0,0.36,0.08,0.0,0.97429,0.6,1.0,1.0,1.0,0.6,0.0,0.59022,0.84318,0.25,0.55626,0.3853,0.0,0.0,1.0,1.0,0.5,0.8,1.0,1.0,0.5,0.5,0.5,1.0,1.0,0.5,0.5,0.5,0.0,0.0,1.0,1.0,1.0,0.0,0.0,0.2,0.4,1.0,0.0,1.0,1.0,0.0,1.0
0.5,0.5,0.5,0.5,0.5,0.5,0.15867,0.2,0.2,0.0,0.5,0.0,0.0,0.28,0.0,0.97076,0.0,1.0,1.0,1.0,1.0,0.5,1.0,0.33921,0.48459,0.0,0.7784,0.6372,0.0,0.0,0.72686,1.0,0.5,0.8,1.0,1.0,0.5,0.5,0.5,1.0,1.0,0.5,0.5,0.5,0.0,0.0,1.0,1.0,1.0,0.5,0.5,1.0,0.2,0.0,1.0,1.0,1.0,0.0,0.5
1.0,1.0,1.0,1.0,0.2,0.2,0.173,0.2,0.26667,0.0,0.5,0.0,0.0,0.28,0.0,0.9873,0.0,1.0,1.0,1.0,1.0,1.0,1.0,0.34476,0.49251,0.0,0.84184,0.72688,0.0,0.0,0.77231,1.0,1.0,0.8,1.0,1.0,0.5,0.5,0.5,1.0,1.0,0.5,0.5,0.5,0.0,0.0,1.0,1.0,1.0,0.5,0.5,1.0,0.2,0.0,1.0,1.0,1.0,0.0,0.25
1.0,1.0,1.0,1.0,0.2,0.2,0.18803,0.2,0.33333,0.0,0.5,0.0,0.0,0.28,0.0,0.99508,0.0,1.0,1.0,1.0,1.0,1.0,1.0,0.34959,0.49942,0.0,0.90863,0.83256,0.0,0.0,0.82392,1.0,1.0,0.8,1.0,1.0,0.5,0.5,0.5,1.0,1.0,0.5,0.5,0.5,0.0,0.0,1.0,1.0,1.0,0.5,0.5,1.0,0.2,0.0,1.0,1.0,1.0,0.0,0.5
1.0,0.0,1.0,0.0,0.8,0.2,0.1766,0.2,0.43333,0.0,0.5,0.0,0.0,0.28,0.0,0.0,0.99952,1.0,1.0,1.0,1.0,1.0,1.0,0.38012,0.54303,0.0,0.81841,0.69263,0.0,0.0,0.85251,1.0,1.0,0.8,1.0,1.0,0.5,0.5,0.5,1.0,1.0,0.5,0.5,0.5,0.0,0.0,1.0,1.0,1.0,0.5,0.5,1.0,0.2,0.0,1.0,1.0,1.0,0.0,0.5
1.0,1.0,1.0,1.0,0.4,0.6,0.19185,0.6,0.5,0.0,0.5,0.0,0.0,0.28,0.0,0.0,0.99988,1.0,1.0,1.0,1.0,1.0,1.0,0.38876,0.55537,0.0,0.87913,0.78434,0.0,0.0,0.8761,1.0,1.0,0.8,1.0,1.0,0.5,0.5,0.5,1.0,1.0,0.5,0.5,0.5,0.0,0.0,1.0,1.0,1.0,0.5,0.5,1.0,0.2,0.0,1.0,1.0,1.0,0.0,0.5
1.0,1.0,1.0,1.0,0.8,0.8,0.21436,0.8,0.56667,0.0,0.5,0.0,0.0,0.28,0.0,0.0,0.99849,1.0,1.0,1.0,1.0,1.0,1.0,0.39652,0.56645,0.0,0.97262,0.94671,0.0,0.0,0.91093,1.0,1.0,0.8,1.0,1.0,0.5,0.5,0.5,1.0,1.0,0.5,0.5,0.5,0.0,0.0,1.0,1.0,1.0,0.5,0.5,1.0,0.2,0.0,1.0,1.0,1.0,0.0,0.5
1.0,1.0,1.0,1.0,1.0,1.0,0.23422,1.0,0.63333,0.0,0.5,0.0,0.0,0.28,0.0,0.0,0.99919,0.9,0.9,1.0,1.0,0.9,1.0,0.75643,1.0,0.25,1.0,1.0,1.0,0.0,0.95194,1.0,1.0,0.8,1.0,1.0,0.5,0.5,0.5,1.0,1.0,0.5,0.5,0.5,0.0,0.0,1.0,1.0,1.0,0.5,0.5,0.2,0.4,1.0,1.0,1.0,1.0,0.0,0.5
0.5,0.5,0.5,0.5,0.5,0.5,0.2,0.6,0.03333,0.0,0.5,0.0,0.0,0.2,0.0,0.5,0.5,0.5,0.5,0.5,0.5,0.5,0.5,0.0,0.0,0.75,1.0,1.0,1.0,0.0,0.0,0.5,0.5,0.8,1.0,1.0,0.5,0.5,0.5,1.0,1.0,0.5,0.5,0.5,0.5,0.5,1.0,0.5,0.5,0.5,0.5,0.2,0.6,0.66667,1.0,1.0,1.0,0.5,0.5
0.0,1.0,0.0,1.0,0.2,1.0,0.22786,1.0,0.16667,0.0,0.5,0.0,0.0,0.56,0.0,0.0,0.9849,1.0,1.0,1.0,1.0,0.6,1.0,0.77958,1.0,0.0,1.0,1.0,1.0,0.0,0.9628,1.0,0.75,0.8,1.0,1.0,0.5,0.5,0.5,1.0,1.0,0.5,0.5,0.5,0.0,0.0,1.0,1.0,1.0,0.5,0.5,0.2,0.6,1.0,1.0,1.0,1.0,1.0,1.0
0.0,0.5,0.0,0.5,0.8,0.5,0.2069,0.8,0.2,0.0,0.5,0.0,1.0,0.56,0.0,0.0,0.99971,1.0,1.0,1.0,1.0,1.0,1.0,0.7816,1.0,0.0,1.0,0.99173,0.5,0.0,0.97666,1.0,1.0,0.8,1.0,1.0,0.5,0.5,0.5,1.0,1.0,0.5,0.5,0.5,0.0,0.0,1.0,1.0,1.0,0.5,0.5,0.2,0.6,1.0,0.5,1.0,1.0,1.0,1.0
1.0,1.0,0.0,1.0,0.8,1.0,0.23051,1.0,0.26667,0.0,0.5,0.0,0.0,0.52,0.0,0.99139,0.0,1.0,1.0,1.0,1.0,1.0,0.0,0.78807,1.0,0.0,1.0,1.0,1.0,0.0,0.99062,1.0,1.0,0.8,1.0,1.0,0.5,0.5,0.5,1.0,1.0,0.5,0.5,0.5,0.0,0.0,1.0,1.0,1.0,0.5,0.5,0.2,0.6,1.0,1.0,1.0,1.0,0.0,1.0
0.0,0.0,0.0,0.0,0.6,0.2,0.13263,0.2,0.4,0.0,0.5,0.0,0.0,0.52,0.0,0.99741,0.0,1.0,1.0,1.0,1.0,1.0,1.0,0.81731,1.0,0.0,0.62875,0.53021,0.0,0.0,0.93893,1.0,1.0,0.8,1.0,1.0,0.5,0.5,0.5,1.0,1.0,0.5,0.5,0.5,0.0,0.0,1.0,1.0,1.0,0.5,0.5,1.0,0.2,0.0,1.0,1.0,1.0,0.0,1.0
0.5,0.5,0.5,0.5,0.5,0.5,0.2,0.6,0.03333,0.0,0.5,0.0,0.0,0.2,0.0,0.5,0.5,0.5,0.5,0.5,0.5,0.5,0.5,0.0,0.0,0.75,1.0,1.0,1.0,0.0,0.0,0.5,0.5,0.8,1.0,1.0,0.5,0.5,0.5,1.0,1.0,0.5,0.5,0.5,0.5,0.5,1.0,0.5,0.5,0.5,0.5,0.2,0.6,0.66667,1.0,1.0,1.0,0.5,0.5
0.5,0.5,0.5,0.5,0.5,0.5,0.18785,0.5,0.06667,0.0,0.5,0.0,0.0,0.56,0.0,0.5,0.5,0.6,0.4,1.0,1.0,0.5,1.0,0.83915,1.0,0.25,1.0,1.0,1.0,1.0,0.88889,1.0,0.5,0.8,1.0,1.0,0.5,0.5,0.5,1.0,1.0,0.5,0.5,0.5,0.5,0.5,1.0,1.0,1.0,0.5,0.5,0.2,0.6,1.0,0.5,1.0,1.0,0.5,0.5
1.0,1.0,1.0,1.0,0.8,0.8,0.232,0.8,0.13333,0.0,0.5,0.0,0.0,0.68,0.0,0.88759,0.0,1.0,1.0,1.0,1.0,0.4,0.0,0.83366,1.0,0.0,1.0,1.0,1.0,0.0,0.98823,1.0,0.75,0.8,1.0,1.0,0.5,0.5,0.5,1.0,1.0,0.5,0.5,0.5,0.0,0.0,1.0,1.0,1.0,0.5,0.5,0.2,0.8,1.0,1.0,1.0,1.0,0.0,1.0
0.0,0.0,0.0,0.0,0.8,0.6,0.2489,0.8,0.63333,0.0,0.5,0.0,0.0,0.52,0.0,0.0,0.9826,1.0,1.0,1.0,1.0,1.0,0.0,0.92878,1.0,0.25,0.98509,0.83467,0.5,0.0,1.0,1.0,0.75,0.8,1.0,1.0,0.5,0.5,0.5,1.0,1.0,0.5,0.5,0.5,0.0,0.0,1.0,1.0,1.0,0.5,0.5,0.2,0.6,1.0,0.5,1.0,1.0,0.0,1.0
0.0,0.0,0.0,0.0,0.6,0.6,0.12459,0.4,1.0,0.0,0.5,0.0,0.0,0.52,0.0,0.96485,0.0,1.0,1.0,1.0,1.0,0.7,0.0,0.55799,0.79713,0.25,1.0,1.0,1.0,0.0,0.5,1.0,0.25,0.8,1.0,1.0,0.5,0.5,0.5,1.0,1.0,0.5,0.5,0.5,0.0,0.0,1.0,1.0,1.0,0.5,0.5,0.6,0.4,1.0,0.0,1.0,1.0,0.0,1.0
0.5,0.5,0.5,0.5,0.5,0.5,0.18727,0.4,0.33333,0.0,0.5,0.0,0.0,0.52,0.0,0.9885,0.0,1.0,1.0,1.0,1.0,0.5,1.0,0.82825,1.0,0.25,1.0,0.85587,0.5,1.0,0.9849,1.0,0.5,0.8,1.0,1.0,0.5,0.5,0.5,1.0,1.0,0.5,0.5,0.5,0.0,0.0,1.0,1.0,1.0,0.5,0.5,0.2,0.6,1.0,0.5,1.0,1.0,1.0,0.5
0.0,0.0,0.0,0.0,0.4,0.2,0.11158,0.2,0.6,0.0,0.5,0.0,0.0,0.36,0.0,0.96811,0.0,0.9,0.9,1.0,1.0,0.6,1.0,0.70784,1.0,0.25,0.64274,0.47355,0.0,0.0,0.91665,1.0,0.75,0.8,1.0,1.0,0.5,0.5,0.5,1.0,1.0,0.5,0.5,0.5,0.0,0.0,1.0,1.0,1.0,0.5,0.5,1.0,0.2,0.0,1.0,1.0,1.0,0.0,1.0
0.0,1.0,0.0,1.0,0.2,0.2,0.12203,0.2,0.9,0.0,0.5,0.0,0.0,0.24,0.0,0.96948,0.0,1.0,1.0,1.0,1.0,1.0,1.0,0.68138,0.97339,0.25,0.76236,0.61597,0.0,0.0,0.85457,1.0,0.5,0.8,1.0,1.0,0.5,0.5,0.5,1.0,1.0,0.5,0.5,0.5,0.0,0.0,1.0,1.0,1.0,0.5,0.5,1.0,0.2,0.0,1.0,1.0,1.0,0.0,0.5
1.0,0.5,1.0,0.5,0.2,0.5,0.13347,0.2,0.93333,0.0,0.5,0.0,1.0,0.24,0.0,0.98224,0.0,1.0,1.0,1.0,1.0,1.0,0.0,0.65399,0.93428,0.25,0.91055,0.83578,0.0,1.0,1.0,1.0,0.5,0.8,1.0,1.0,0.5,0.5,0.5,1.0,1.0,0.5,0.5,0.5,0.0,0.0,1.0,1.0,1.0,0.5,0.5,0.2,0.4,1.0,1.0,1.0,1.0,0.0,0.5
0.0,0.0,0.0,0.0,0.2,0.2,0.11083,0.2,1.0,0.0,0.5,0.0,0.0,0.24,0.0,0.98382,0.0,1.0,0.9,1.0,1.0,1.0,1.0,0.67319,0.9617,0.25,0.72674,0.57078,0.0,0.0,0.85,1.0,1.0,0.8,1.0,1.0,0.5,0.5,0.5,1.0,1.0,0.5,0.5,0.5,0.0,0.0,1.0,1.0,1.0,0.5,0.5,1.0,0.2,0.0,1.0,1.0,1.0,0.0,1.0
0.5,0.5,0.5,0.5,0.5,0.5,0.20219,0.6,0.23333,0.0,0.5,0.0,0.0,0.68,0.0,0.93993,0.0,1.0,1.0,1.0,1.0,0.5,1.0,0.82709,1.0,0.0,0.9528,0.79078,0.5,0.0,0.91923,1.0,0.5,0.8,1.0,1.0,0.5,0.5,0.5,1.0,1.0,0.5,0.5,0.5,0.0,0.0,1.0,1.0,1.0,0.5,0.5,0.2,0.6,1.0,0.5,1.0,1.0,1.0,0.5
0.0,0.5,0.0,0.5,0.6,0.5,0.1908,0.6,0.26667,0.0,0.5,0.0,1.0,0.68,0.0,0.91008,0.0,1.0,1.0,1.0,1.0,1.0,1.0,0.83103,1.0,0.0,0.89698,0.72106,0.5,0.0,0.90788,1.0,1.0,0.8,1.0,1.0,0.5,0.5,0.5,1.0,1.0,0.5,0.5,0.5,0.0,0.0,1.0,1.0,1.0,0.5,0.5,0.2,0.4,0.5,1.0,1.0,1.0,1.0,1.0
1.0,0.5,1.0,0.5,0.4,0.5,0.19975,0.4,0.3,0.0,0.5,0.0,1.0,0.68,0.0,0.90785,0.0,1.0,1.0,1.0,1.0,1.0,1.0,0.84537,1.0,0.0,0.93106,0.82361,0.0,0.0,0.92069,1.0,1.0,0.8,1.0,1.0,0.5,0.5,0.5,1.0,1.0,0.5,0.5,0.5,0.0,0.0,1.0,1.0,1.0,0.5,0.5,0.2,0.4,0.5,1.0,1.0,1.0,0.5,1.0
1.0,1.0,1.0,1.0,0.4,0.6,0.22225,0.6,0.36667,0.0,0.5,0.0,0.0,0.6,0.0,0.94265,0.0,1.0,1.0,1.0,1.0,1.0,1.0,0.89519,1.0,0.0,1.0,0.97495,0.5,0.0,0.95066,0.75,1.0,0.8,1.0,1.0,0.5,0.5,0.5,1.0,1.0,0.5,0.5,0.5,0.0,0.0,1.0,1.0,1.0,0.5,0.5,0.2,0.6,1.0,1.0,1.0,1.0,0.5,1.0
1.0,0.5,0.0,0.5,0.4,0.5,0.21946,0.4,0.4,0.0,0.5,0.0,1.0,0.56,0.0,0.96558,0.0,1.0,1.0,1.0,1.0,1.0,1.0,0.93261,1.0,0.0,0.97394,0.93696,0.0,0.0,0.95133,1.0,1.0,0.8,1.0,1.0,0.5,0.5,0.5,1.0,1.0,0.5,0.5,0.5,0.0,0.0,1.0,1.0,1.0,0.5,0.5,0.2,0.6,1.0,0.5,1.0,1.0,1.0,1.0
1.0,0.5,0.0,0.5,0.6,0.5,0.21724,0.6,0.43333,0.0,0.5,0.0,1.0,0.52,0.0,0.98289,0.0,1.0,1.0,1.0,1.0,1.0,1.0,0.97156,1.0,0.0,0.94454,0.91347,0.0,0.0,0.94799,1.0,1.0,0.8,1.0,1.0,0.5,0.5,0.5,1.0,1.0,0.5,0.5,0.5,0.0,0.0,1.0,1.0,1.0,0.5,0.5,0.2,0.4,0.5,1.0,1.0,1.0,1.0,1.0
1.0,0.5,1.0,0.5,0.6,0.5,0.22175,0.6,0.46667,0.0,0.5,0.0,1.0,0.52,0.0,0.99334,0.0,1.0,1.0,1.0,1.0,1.0,1.0,0.98931,1.0,0.0,0.9453,0.8793,0.0,0.0,0.95031,1.0,1.0,0.8,1.0,1.0,0.5,0.5,0.5,1.0,1.0,0.5,0.5,0.5,0.0,0.0,1.0,1.0,1.0,0.5,0.5,0.2,0.6,1.0,1.0,1.0,1.0,0.5,1.0
1.0,0.5,1.0,0.5,0.8,0.5,0.2424,0.8,0.5,0.0,0.5,0.0,1.0,0.52,0.0,0.0,0.99928,1.0,1.0,1.0,1.0,1.0,0.0,0.94999,1.0,0.0,1.0,0.95434,0.5,0.0,0.95437,1.0,1.0,0.8,1.0,1.0,0.5,0.5,0.5,1.0,1.0,0.5,0.5,0.5,0.0,0.0,1.0,1.0,1.0,0.5,0.5,0.2,0.6,1.0,0.5,1.0,1.0,1.0,1.0
1.0,0.5,0.0,0.5,0.8,0.5,0.23795,0.8,0.53333,0.0,0.5,0.0,1.0,0.52,0.0,0.0,0.99357,1.0,1.0,1.0,1.0,1.0,0.0,0.91167,1.0,0.0,0.9757,0.91132,0.5,0.0,0.95191,1.0,1.0,0.8,1.0,1.0,0.5,0.5,0.5,1.0,1.0,0.5,0.5,0.5,0.0,0.0,1.0,1.0,1.0,0.5,0.5,0.2,0.4,0.5,1.0,1.0,1.0,1.0,1.0
1.0,0.5,0.0,0.5,0.8,0.5,0.23587,0.8,0.56667,0.0,0.5,0.0,1.0,0.48,0.0,0.0,0.98926,1.0,1.0,1.0,1.0,1.0,0.0,0.87577,1.0,0.0,0.94992,0.86014,0.5,0.0,0.95102,1.0,1.0,0.8,1.0,1.0,0.5,0.5,0.5,1.0,1.0,0.5,0.5,0.5,0.0,0.0,1.0,1.0,1.0,0.5,0.5,0.2,0.4,0.5,1.0,1.0,1.0,0.5,1.0
1.0,1.0,1.0,1.0,0.8,1.0,0.29998,1.0,0.63333,0.0,0.5,0.0,0.0,0.44,0.0,0.0,0.98443,0.9,0.9,1.0,1.0,0.9,0.0,0.81635,1.0,0.0,1.0,1.0,1.0,0.0,0.95816,1.0,1.0,0.8,1.0,1.0,0.5,0.5,0.5,1.0,1.0,0.5,0.5,0.5,0.0,0.0,1.0,1.0,1.0,0.5,0.5,0.2,0.6,1.0,1.0,1.0,1.0,0.0,1.0
0.0,0.5,0.0,0.5,0.8,0.5,0.276,0.8,0.66667,0.0,0.5,0.0,1.0,0.44,0.0,0.0,0.98656,1.0,0.9,1.0,1.0,1.0,0.0,0.78727,1.0,0.0,1.0,0.98346,0.5,0.0,0.9573,1.0,1.0,0.8,1.0,1.0,0.5,0.5,0.5,1.0,1.0,0.5,0.5,0.5,0.0,0.0,1.0,1.0,1.0,0.5,0.5,0.2,0.6,1.0,0.5,1.0,1.0,1.0,1.0
0.0,0.5,0.0,0.5,0.8,0.5,0.26493,0.8,0.7,0.0,0.5,0.0,1.0,0.44,0.0,0.0,0.9844,1.0,1.0,1.0,1.0,1.0,0.0,0.75793,1.0,0.0,1.0,0.93047,0.5,0.0,0.9529,1.0,1.0,0.8,1.0,1.0,0.5,0.5,0.5,1.0,1.0,0.5,0.5,0.5,0.0,0.0,1.0,1.0,1.0,0.5,0.5,0.2,0.4,0.5,1.0,1.0,1.0,1.0,1.0
0.0,1.0,0.0,1.0,0.8,1.0,0.28342,1.0,0.86667,0.0,0.5,0.0,0.0,0.4,0.0,0.0,0.9865,1.0,1.0,1.0,1.0,1.0,0.0,0.62975,0.89964,0.25,1.0,1.0,1.0,1.0,1.0,1.0,0.75,0.8,1.0,1.0,0.5,0.5,0.5,1.0,1.0,0.5,0.5,0.5,0.0,0.0,1.0,1.0,1.0,0.5,0.5,0.2,0.4,1.0,1.0,1.0,1.0,1.0,1.0
1.0,1.0,1.0,1.0,0.8,1.0,0.33209,1.0,0.96667,0.0,0.5,0.0,0.0,0.36,0.0,0.0,0.97857,1.0,1.0,1.0,1.0,1.0,1.0,0.9366,1.0,0.25,1.0,1.0,1.0,0.0,1.0,1.0,1.0,0.8,1.0,1.0,0.5,0.5,0.5,1.0,1.0,0.5,0.5,0.5,0.0,0.0,1.0,1.0,1.0,0.5,0.5,0.2,0.4,1.0,1.0,1.0,1.0,1.0,1.0
0.5,0.5,0.5,0.5,0.5,0.5,0.2,0.6,0.03333,0.0,0.5,0.0,0.0,0.2,0.0,0.5,0.5,0.5,0.5,0.5,0.5,0.5,0.5,0.0,0.0,0.75,1.0,1.0,1.0,0.0,0.0,0.5,0.5,0.8,1.0,1.0,0.5,0.5,0.5,1.0,1.0,0.5,0.5,0.5,0.5,0.5,1.0,0.5,0.5,0.5,0.5,0.2,0.6,0.66667,1.0,1.0,1.0,0.5,0.5
0.0,1.0,0.0,1.0,0.2,0.8,0.17879,0.4,0.16667,0.0,0.5,0.0,0.0,0.84,0.04,0.85637,0.0,1.0,1.0,1.0,1.0,0.4,1.0,0.72344,1.0,0.25,0.91316,0.84019,0.0,0.0,1.0,1.0,0.0,0.8,1.0,1.0,0.5,0.5,0.5,1.0,1.0,0.5,0.5,0.5,0.0,0.0,1.0,1.0,1.0,1.0,1.0,0.2,0.4,1.0,0.0,1.0,1.0,1.0,1.0
0.0,0.5,0.0,0.5,0.2,0.5,0.13755,0.2,0.2,0.0,0.5,0.0,1.0,0.76,0.04,0.94634,0.0,1.0,1.0,1.0,1.0,1.0,0.0,0.67958,0.97083,0.25,0.84627,0.73351,0.0,0.0,1.0,1.0,0.5,0.8,1.0,1.0,0.5,0.5,0.5,1.0,1.0,0.5,0.5,0.5,0.0,0.0,1.0,1.0,1.0,1.0,1.0,0.2,0.4,1.0,1.0,1.0,1.0,0.0,1.0
0.5,0.5,0.5,0.5,0.5,0.5,0.18261,0.4,0.76667,0.0,0.5,0.0,0.0,0.52,0.0,0.0,0.9957,1.0,1.0,1.0,1.0,0.5,1.0,0.90707,1.0,0.0,0.82174,0.73941,0.0,0.0,1.0,1.0,0.5,0.8,1.0,1.0,0.5,0.5,0.5,1.0,1.0,0.5,0.5,0.5,0.0,0.0,1.0,1.0,1.0,0.5,0.5,0.2,0.6,1.0,0.0,1.0,1.0,1.0,0.5
1.0,0.5,1.0,0.5,0.4,0.5,0.18709,0.4,0.8,0.0,0.5,0.0,1.0,0.52,0.0,0.0,0.99688,1.0,1.0,1.0,1.0,1.0,1.0,0.92526,1.0,0.0,0.83358,0.74942,0.0,0.0,1.0,1.0,1.0,0.8,1.0,1.0,0.5,0.5,0.5,1.0,1.0,0.5,0.5,0.5,0.0,0.0,1.0,1.0,1.0,0.5,0.5,0.2,0.6,1.0,0.5,1.0,1.0,1.0,1.0
1.0,1.0,1.0,1.0,0.6,0.6,0.19698,0.6,0.93333,0.0,0.5,0.0,0.0,0.52,0.0,0.0,0.99307,1.0,1.0,1.0,1.0,1.0,1.0,0.99503,1.0,0.0,0.84212,0.76546,0.0,0.0,1.0,1.0,1.0,0.8,1.0,1.0,0.5,0.5,0.5,1.0,1.0,0.5,0.5,0.5,0.0,0.0,1.0,1.0,1.0,0.5,0.5,0.2,0.6,1.0,1.0,1.0,1.0,1.0,1.0
1.0,0.5,0.0,0.5,0.6,0.5,0.19686,0.6,0.96667,0.0,0.5,0.0,1.0,0.52,0.0,0.0,0.99372,1.0,1.0,1.0,1.0,1.0,0.0,0.98104,1.0,0.0,0.83573,0.74676,0.0,0.0,1.0,1.0,1.0,0.8,1.0,1.0,0.5,0.5,0.5,1.0,1.0,0.5,0.5,0.5,0.0,0.0,1.0,1.0,1.0,0.5,0.5,0.2,0.6,1.0,1.0,1.0,1.0,1.0,1.0
0.5,0.5,0.5,0.5,0.5,0.5,0.21338,0.8,0.3,0.0,0.5,0.0,0.0,0.64,0.0,0.92526,0.0,1.0,1.0,1.0,1.0,0.5,1.0,0.68091,0.97272,0.0,1.0,1.0,1.0,0.0,1.0,1.0,0.5,0.8,1.0,1.0,0.5,0.5,0.5,1.0,1.0,0.5,0.5,0.5,0.0,0.0,1.0,1.0,1.0,0.5,0.5,0.2,0.6,1.0,0.5,1.0,1.0,1.0,0.5
0.0,0.0,0.0,0.0,0.2,0.2,0.07575,0.2,0.56667,0.0,0.5,0.0,0.0,0.4,0.0,0.99617,0.0,0.8,0.8,1.0,1.0,0.8,1.0,0.89461,1.0,0.25,0.37694,0.26334,0.0,0.0,0.90101,0.5,1.0,0.8,1.0,1.0,0.5,0.5,0.5,1.0,1.0,0.5,0.5,0.5,0.0,0.0,1.0,1.0,1.0,0.5,0.5,1.0,0.2,0.0,1.0,1.0,1.0,0.5,1.0
0.0,0.0,0.0,0.0,0.2,0.2,0.00035,0.2,0.0,0.81081,0.5,0.0,0.0,0.16,0.08,0.0,0.96922,0.9,1.0,0.9,1.0,0.9,0.0,0.675,0.96428,0.25,0.00282,0.00141,0.0,0.0,0.89157,0.5,0.75,0.0,0.8,0.77641,0.25017,0.45515,0.05003,1.0,1.0,0.5,0.5,0.5,0.0,0.0,1.0,1.0,1.0,0.5,0.5,1.0,0.2,0.0,1.0,1.0,1.0,0.0,0.25
0.0,0.5,0.0,0.5,0.2,0.5,7e-05,0.2,0.0,0.78947,0.5,0.0,1.0,0.16,0.08,0.0,0.97996,1.0,1.0,0.9,1.0,1.0,1.0,0.67553,0.96504,0.25,0.00054,0.00027,0.0,0.0,0.89152,1.0,1.0,0.0,1.0,1.0,0.5,0.45515,0.5,1.0,1.0,0.5,0.5,0.5,0.0,0.0,1.0,1.0,1.0,0.5,0.5,1.0,0.2,0.0,1.0,1.0,1.0,0.0,1.0
0.0,0.5,0.0,0.5,0.2,0.5,4e-05,0.2,0.0,0.76923,0.5,0.0,1.0,0.16,0.08,0.0,0.98824,1.0,1.0,0.9,1.0,1.0,1.0,0.67576,0.96537,0.25,0.00036,0.00018,0.0,0.0,0.89149,1.0,1.0,0.0,1.0,1.0,0.5,0.45515,0.5,1.0,1.0,0.5,0.5,0.5,0.0,0.0,1.0,1.0,1.0,0.5,0.5,1.0,0.2,0.0,1.0,1.0,1.0,0.0,1.0
0.0,0.5,0.0,0.5,0.2,0.5,4e-05,0.2,0.0,0.75,0.5,0.0,1.0,0.16,0.08,0.0,0.99386,1.0,1.0,0.9,1.0,1.0,1.0,0.67586,0.96551,0.25,0.00034,0.00017,0.0,0.0,0.89146,1.0,1.0,0.0,1.0,1.0,0.5,0.45515,0.5,1.0,1.0,0.5,0.5,0.5,0.0,0.0,1.0,1.0,1.0,0.5,0.5,1.0,0.2,0.0,1.0,1.0,1.0,0.0,1.0
0.5,0.5,0.5,0.5,0.5,0.5,0.22989,0.8,0.2,0.0,0.5,0.0,0.0,0.52,0.0,0.98751,0.0,1.0,1.0,1.0,1.0,0.5,1.0,0.83191,1.0,0.0,1.0,0.93997,0.5,0.0,1.0,1.0,0.5,0.8,1.0,1.0,0.5,0.5,0.5,1.0,1.0,0.5,0.5,0.5,0.0,0.0,1.0,1.0,1.0,0.5,0.5,0.2,0.6,1.0,0.5,1.0,1.0,1.0,0.5
0.0,0.5,0.0,0.5,0.6,0.5,0.19633,0.6,0.23333,0.0,0.5,0.0,1.0,0.52,0.0,0.98897,0.0,1.0,1.0,1.0,1.0,1.0,1.0,0.87816,1.0,0.0,0.8979,0.79645,0.0,0.0,0.98503,1.0,1.0,0.8,1.0,1.0,0.5,0.5,0.5,1.0,1.0,0.5,0.5,0.5,0.0,0.0,1.0,1.0,1.0,0.5,0.5,0.2,0.6,1.0,0.0,1.0,1.0,1.0,1.0
1.0,0.5,1.0,0.5,0.8,0.5,0.21797,0.8,0.26667,0.0,0.5,0.0,1.0,0.56,0.0,0.98744,0.0,1.0,1.0,1.0,1.0,1.0,1.0,0.91486,1.0,0.0,0.97666,0.91362,0.5,0.0,0.98644,1.0,1.0,0.8,1.0,1.0,0.5,0.5,0.5,1.0,1.0,0.5,0.5,0.5,0.0,0.0,1.0,1.0,1.0,0.5,0.5,0.2,0.6,1.0,0.5,1.0,1.0,1.0,1.0
1.0,0.5,1.0,0.5,0.8,0.5,0.2245,0.8,0.3,0.0,0.5,0.0,1.0,0.56,0.0,0.98341,0.0,1.0,0.9,1.0,1.0,1.0,1.0,0.9512,1.0,0.0,0.9865,0.91181,0.5,0.0,0.98013,1.0,1.0,0.8,1.0,1.0,0.5,0.5,0.5,1.0,1.0,0.5,0.5,0.5,0.0,0.0,1.0,1.0,1.0,0.5,0.5,0.2,0.6,1.0,0.5,1.0,1.0,1.0,1.0
0.0,0.5,0.0,0.5,0.6,0.5,0.21408,0.6,0.33333,0.0,0.5,0.0,1.0,0.56,0.0,0.9838,0.0,1.0,1.0,1.0,1.0,1.0,1.0,0.99102,1.0,0.0,0.92163,0.80765,0.0,0.0,0.96927,1.0,1.0,0.8,1.0,1.0,0.5,0.5,0.5,1.0,1.0,0.5,0.5,0.5,0.0,0.0,1.0,1.0,1.0,0.5,0.5,0.2,0.6,1.0,0.5,1.0,1.0,1.0,1.0
1.0,0.5,1.0,0.5,0.8,0.5,0.2288,0.8,0.36667,0.0,0.5,0.0,1.0,0.56,0.0,0.98183,0.0,1.0,1.0,1.0,1.0,1.0,0.0,0.96851,1.0,0.0,0.96524,0.85857,0.5,0.0,0.96743,1.0,1.0,0.8,1.0,1.0,0.5,0.5,0.5,1.0,1.0,0.5,0.5,0.5,0.0,0.0,1.0,1.0,1.0,0.5,0.5,0.2,0.6,1.0,1.0,1.0,1.0,1.0,1.0
1.0,0.5,1.0,0.5,0.8,0.5,0.25037,0.8,0.4,0.0,0.5,0.0,1.0,0.52,0.0,0.99049,0.0,1.0,1.0,1.0,1.0,1.0,0.0,0.92804,1.0,0.0,1.0,0.99681,0.5,0.0,0.97331,1.0,1.0,0.8,1.0,1.0,0.5,0.5,0.5,1.0,1.0,0.5,0.5,0.5,0.0,0.0,1.0,1.0,1.0,0.5,0.5,0.2,0.6,1.0,0.5,1.0,1.0,1.0,1.0
1.0,0.5,1.0,0.5,0.8,0.5,0.25354,0.8,0.43333,0.0,0.5,0.0,1.0,0.44,0.0,0.99615,0.0,1.0,1.0,1.0,1.0,1.0,0.0,0.88757,1.0,0.0,1.0,0.97056,0.5,0.0,0.97215,1.0,1.0,0.8,1.0,1.0,0.5,0.5,0.5,1.0,1.0,0.5,0.5,0.5,0.0,0.0,1.0,1.0,1.0,0.5,0.5,0.2,0.6,1.0,0.5,1.0,1.0,1.0,1.0
0.0,1.0,0.0,1.0,0.6,1.0,0.29417,1.0,0.5,0.0,0.5,0.0,0.0,0.44,0.0,0.0,0.99102,1.0,1.0,1.0,1.0,1.0,0.0,0.82259,1.0,0.0,1.0,1.0,1.0,0.0,0.97186,1.0,1.0,0.8,1.0,1.0,0.5,0.5,0.5,1.0,1.0,0.5,0.5,0.5,0.0,0.0,1.0,1.0,1.0,0.5,0.5,0.2,0.6,1.0,1.0,1.0,1.0,0.0,1.0
1.0,0.5,1.0,0.5,1.0,0.5,0.29984,1.0,0.53333,0.0,0.5,0.0,1.0,0.44,0.0,0.0,0.98995,1.0,1.0,1.0,1.0,1.0,0.0,0.79092,1.0,0.0,1.0,1.0,1.0,0.0,0.97775,1.0,1.0,0.8,1.0,1.0,0.5,0.5,0.5,1.0,1.0,0.5,0.5,0.5,0.0,0.0,1.0,1.0,1.0,0.5,0.5,0.2,0.6,1.0,1.0,1.0,1.0,1.0,1.0
0.0,0.5,0.0,0.5,0.8,0.5,0.26714,0.8,0.56667,0.0,0.5,0.0,1.0,0.44,0.0,0.0,0.98334,1.0,1.0,1.0,1.0,1.0,0.0,0.75827,1.0,0.0,1.0,0.92002,0.5,0.0,0.97132,1.0,1.0,0.8,1.0,1.0,0.5,0.5,0.5,1.0,1.0,0.5,0.5,0.5,0.0,0.0,1.0,1.0,1.0,0.5,0.5,0.2,0.6,1.0,0.5,1.0,1.0,1.0,1.0
1.0,0.5,0.0,0.5,0.8,0.5,0.26326,0.8,0.6,0.0,0.5,0.0,1.0,0.44,0.0,0.0,0.98265,1.0,1.0,1.0,1.0,1.0,0.0,0.72833,1.0,0.0,0.98402,0.87789,0.5,0.0,0.9691,1.0,1.0,0.8,1.0,1.0,0.5,0.5,0.5,1.0,1.0,0.5,0.5,0.5,0.0,0.0,1.0,1.0,1.0,0.5,0.5,0.2,0.6,1.0,1.0,1.0,1.0,1.0,1.0
1.0,0.5,1.0,0.5,1.0,0.5,0.28537,1.0,0.63333,0.0,0.5,0.0,1.0,0.44,0.0,0.0,0.98108,1.0,1.0,1.0,1.0,1.0,0.0,0.69997,0.99996,0.0,1.0,1.0,1.0,0.0,0.97179,1.0,1.0,0.8,1.0,1.0,0.5,0.5,0.5,1.0,1.0,0.5,0.5,0.5,0.0,0.0,1.0,1.0,1.0,0.5,0.5,0.2,0.6,1.0,1.0,1.0,1.0,1.0,1.0
1.0,0.5,1.0,0.5,1.0,0.5,0.30355,1.0,0.66667,0.0,0.5,0.0,1.0,0.44,0.0,0.0,0.97462,1.0,1.0,1.0,1.0,1.0,0.0,0.67275,0.96107,0.0,1.0,1.0,1.0,0.0,0.9752,1.0,1.0,0.8,1.0,1.0,0.5,0.5,0.5,1.0,1.0,0.5,0.5,0.5,0.0,0.0,1.0,1.0,1.0,0.5,0.5,0.2,0.6,1.0,0.5,1.0,1.0,1.0,1.0
0.0,0.5,0.0,0.5,0.8,0.5,0.2686,0.8,0.7,0.0,0.5,0.0,1.0,0.44,0.0,0.0,0.97451,1.0,1.0,1.0,1.0,1.0,0.0,0.64701,0.9243,0.0,0.96279,0.88149,0.5,0.0,0.97053,1.0,1.0,0.8,1.0,1.0,0.5,0.5,0.5,1.0,1.0,0.5,0.5,0.5,0.0,0.0,1.0,1.0,1.0,0.5,0.5,0.2,0.6,1.0,0.0,1.0,1.0,1.0,1.0
1.0,0.5,1.0,0.5,0.8,0.5,0.27625,0.8,0.73333,0.0,0.5,0.0,1.0,0.44,0.0,0.0,0.97811,1.0,1.0,1.0,1.0,1.0,0.0,0.62387,0.89125,0.0,0.97834,0.91743,0.5,0.0,0.97043,1.0,1.0,0.8,1.0,1.0,0.5,0.5,0.5,1.0,1.0,0.5,0.5,0.5,0.0,0.0,1.0,1.0,1.0,0.5,0.5,0.2,0.6,1.0,1.0,1.0,1.0,1.0,1.0
1.0,0.5,1.0,0.5,1.0,0.5,0.30163,1.0,0.76667,0.0,0.5,0.0,1.0,0.44,0.0,0.0,0.97782,1.0,1.0,1.0,1.0,1.0,0.0,0.60208,0.86011,0.0,1.0,1.0,1.0,0.0,0.9739,1.0,1.0,0.8,1.0,1.0,0.5,0.5,0.5,1.0,1.0,0.5,0.5,0.5,0.0,0.0,1.0,1.0,1.0,0.5,0.5,0.2,0.6,1.0,1.0,1.0,1.0,1.0,1.0
1.0,0.5,1.0,0.5,1.0,0.5,0.32288,1.0,0.8,0.0,0.5,0.0,1.0,0.44,0.0,0.0,0.97425,1.0,1.0,1.0,1.0,1.0,0.0,0.58131,0.83044,0.0,1.0,1.0,1.0,0.0,0.97808,1.0,1.0,0.8,1.0,1.0,0.5,0.5,0.5,1.0,1.0,0.5,0.5,0.5,0.0,0.0,1.0,1.0,1.0,0.5,0.5,0.2,0.6,1.0,1.0,1.0,1.0,1.0,1.0
1.0,0.5,0.0,0.5,1.0,0.5,0.31883,1.0,0.83333,0.0,0.5,0.0,1.0,0.44,0.0,0.0,0.97782,1.0,1.0,1.0,1.0,1.0,0.0,0.56178,0.80255,0.0,1.0,1.0,1.0,0.0,0.97832,1.0,1.0,0.8,1.0,1.0,0.5,0.5,0.5,1.0,1.0,0.5,0.5,0.5,0.0,0.0,1.0,1.0,1.0,0.5,0.5,0.2,0.6,1.0,1.0,1.0,1.0,1.0,1.0
0.0,1.0,0.0,1.0,1.0,1.0,0.3638,1.0,0.9,0.0,0.5,0.0,0.0,0.44,0.0,0.0,0.97612,1.0,1.0,1.0,1.0,1.0,0.0,0.5315,0.75929,0.0,1.0,1.0,1.0,0.0,0.97879,1.0,1.0,0.8,1.0,1.0,0.5,0.5,0.5,1.0,1.0,0.5,0.5,0.5,0.0,0.0,1.0,1.0,1.0,0.5,0.5,0.2,0.6,1.0,1.0,1.0,1.0,0.0,1.0
1.0,0.5,0.0,0.5,1.0,0.5,0.36243,1.0,0.93333,0.0,0.5,0.0,1.0,0.44,0.0,0.0,0.97876,1.0,1.0,1.0,1.0,1.0,0.0,0.51757,0.73939,0.0,1.0,1.0,1.0,0.0,0.98098,1.0,1.0,0.8,1.0,1.0,0.5,0.5,0.5,1.0,1.0,0.5,0.5,0.5,0.0,0.0,1.0,1.0,1.0,0.5,0.5,0.2,0.6,1.0,0.5,1.0,1.0,1.0,1.0
0.0,0.5,0.0,0.5,1.0,0.5,0.31669,1.0,0.96667,0.0,0.5,0.0,1.0,0.44,0.0,0.0,0.97853,1.0,1.0,1.0,1.0,1.0,0.0,0.50379,0.7197,0.0,1.0,1.0,1.0,0.0,0.97607,1.0,1.0,0.8,1.0,1.0,0.5,0.5,0.5,1.0,1.0,0.5,0.5,0.5,0.0,0.0,1.0,1.0,1.0,0.5,0.5,0.2,0.6,1.0,0.5,1.0,1.0,1.0,1.0
0.0,1.0,0.0,1.0,0.8,1.0,0.37346,1.0,0.0,0.9375,0.5,0.0,0.0,0.44,0.0,0.0,0.98123,1.0,1.0,1.0,1.0,1.0,0.0,0.47122,0.67317,0.0,1.0,1.0,1.0,0.0,0.97635,1.0,1.0,0.8,1.0,1.0,0.5,0.5,0.5,1.0,1.0,0.5,0.5,0.5,0.0,0.0,1.0,1.0,1.0,0.5,0.5,0.2,0.6,1.0,0.5,1.0,1.0,1.0,1.0
0.0,0.5,0.0,0.5,0.8,0.5,0.32536,0.8,0.0,0.90909,0.5,0.0,1.0,0.44,0.0,0.0,0.98295,1.0,1.0,1.0,1.0,1.0,1.0,0.87344,1.0,0.25,1.0,1.0,1.0,1.0,1.0,1.0,0.75,0.8,1.0,1.0,0.5,0.5,0.5,1.0,1.0,0.5,0.5,0.5,0.0,0.0,1.0,1.0,1.0,0.5,0.5,0.2,0.4,1.0,1.0,1.0,1.0,1.0,1.0
0.0,1.0,0.0,1.0,0.6,1.0,0.37548,1.0,0.0,0.81081,0.5,0.0,0.0,0.44,0.0,0.0,0.97875,1.0,1.0,1.0,1.0,1.0,1.0,0.44549,0.63641,0.0,1.0,1.0,1.0,0.0,0.97749,1.0,0.75,0.8,1.0,1.0,0.5,0.5,0.5,1.0,1.0,0.5,0.5,0.5,0.0,0.0,1.0,1.0,1.0,0.5,0.5,0.2,0.6,1.0,1.0,1.0,1.0,0.0,1.0
0.5,0.5,0.5,0.5,0.5,0.5,0.08756,0.1,0.13333,0.0,1.0,0.0,0.0,0.29,0.0,0.91087,0.0,0.93333,1.0,1.0,1.0,0.5,0.0,0.62891,0.89844,0.33333,0.89325,0.8063,0.0,0.0,0.83852,1.0,0.5,0.8,1.0,1.0,0.5,0.5,0.5,1.0,1.0,0.5,0.5,0.5,0.0,0.0,1.0,1.0,1.0,0.5,0.5,0.2,0.2,0.5,1.0,1.0,1.0,0.0,0.5
0.5,0.5,0.5,0.5,0.5,0.5,0.08237,0.2,0.53333,0.0,1.0,0.0,0.0,0.47,0.05,0.0,0.98377,1.0,1.0,0.53333,1.0,0.5,0.0,0.57901,0.82716,0.11111,0.95406,0.91216,0.0,0.0,1.0,0.77778,0.5,0.8,1.0,1.0,0.5,0.5,0.5,1.0,1.0,0.5,0.5,0.5,0.0,0.0,1.0,1.0,1.0,1.0,1.0,0.2,0.2,1.0,1.0,1.0,1.0,0.0,0.5
0.5,0.5,0.5,0.5,0.5,0.5,0.08279,0.1,0.7,0.0,1.0,0.0,0.0,0.47,0.01,0.99904,0.0,1.0,1.0,1.0,1.0,0.5,1.0,0.85686,1.0,0.11111,0.85412,0.75622,0.0,0.0,1.0,0.88889,0.5,0.8,1.0,1.0,0.5,0.5,0.5,1.0,1.0,0.5,0.5,0.5,0.0,0.0,1.0,1.0,1.0,0.47727,0.6375,0.2,0.5,0.8,0.75,1.0,1.0,0.0,0.5
0.5,0.5,0.5,0.5,0.5,0.5,0.09378,0.3,0.06667,0.0,1.0,0.0,0.0,0.44,0.0,0.5,0.5,0.66667,0.84444,1.0,1.0,0.5,1.0,0.69377,0.9911,0.0,0.96505,0.87816,0.4,0.0,0.88889,1.0,0.5,0.8,1.0,1.0,0.5,0.5,0.5,1.0,1.0,0.5,0.5,0.5,0.5,0.5,1.0,1.0,1.0,0.5,0.5,0.2,0.6,1.0,0.6,1.0,1.0,0.6,0.5
0.5,0.5,0.5,0.5,0.5,0.5,0.1,0.55,0.03333,0.0,1.0,0.0,0.0,0.1,0.0,0.5,0.5,0.5,0.5,0.5,0.5,0.5,0.5,0.0,0.0,0.66667,1.0,1.0,1.0,0.0,0.0,0.5,0.5,0.8,1.0,1.0,0.5,0.5,0.5,1.0,1.0,0.5,0.5,0.5,0.5,0.5,1.0,0.5,0.5,0.5,0.5,0.2,0.6,0.83333,1.0,1.0,1.0,0.5,0.5
0.0,1.0,0.0,1.0,0.1,0.9,0.17442,0.9,0.26667,0.0,1.0,0.0,0.0,0.42,0.03,0.67484,0.0,1.0,1.0,1.0,1.0,0.55556,1.0,0.8484,1.0,0.11111,1.0,1.0,1.0,0.0,0.94052,0.88889,0.66667,0.8,1.0,1.0,0.5,0.5,0.5,1.0,1.0,0.5,0.5,0.5,0.0,0.0,1.0,1.0,1.0,1.0,1.0,0.2,0.5,0.8,1.0,1.0,1.0,0.0,1.0
0.5,0.5,0.5,0.5,0.5,0.5,0.0548,0.5,0.8,0.0,1.0,0.0,0.0,0.19,0.03,0.0,0.99988,0.82222,0.93333,0.6,1.0,0.5,1.0,0.91228,1.0,0.33333,0.26934,0.14552,0.0,0.0,0.97573,0.55556,0.5,0.8,1.0,1.0,0.5,0.5,0.5,1.0,1.0,0.5,0.5,0.5,0.0,0.0,1.0,1.0,1.0,1.0,0.67048,1.0,0.1,0.0,1.0,0.0,1.0,0.0,0.5
0.5,0.5,0.5,0.5,0.5,0.5,0.08943,0.15,0.06667,0.0,1.0,0.0,0.0,0.53,0.0,0.5,0.5,0.6,0.6,1.0,1.0,0.5,1.0,0.9753,1.0,0.11111,0.91889,0.82079,0.16667,0.0,0.81548,0.88889,0.5,0.8,1.0,1.0,0.5,0.5,0.5,1.0,1.0,0.5,0.5,0.5,0.5,0.5,1.0,1.0,1.0,0.5,0.5,0.2,0.7,1.0,0.5,1.0,1.0,0.5,0.5
1.0,1.0,1.0,1.0,0.5,1.0,0.11898,1.0,0.13333,0.0,1.0,0.0,0.0,0.56,0.01,0.34492,0.0,1.0,1.0,1.0,1.0,0.82222,0.0,0.95612,1.0,0.0,1.0,1.0,1.0,0.0,0.91801,1.0,1.0,0.6,0.9,0.90415,0.96602,0.5,0.1932,1.0,1.0,0.5,0.5,0.5,0.0,0.0,1.0,1.0,1.0,0.5,0.5,0.4,0.7,1.0,0.83333,1.0,1.0,0.0,1.0
0.0,0.5,0.0,0.5,1.0,0.5,0.11317,1.0,0.16667,0.0,1.0,0.0,1.0,0.56,0.0,0.0,0.61562,1.0,1.0,1.0,1.0,1.0,0.0,0.94093,1.0,0.0,1.0,1.0,1.0,0.0,0.92988,1.0,1.0,0.8,1.0,1.0,0.5,0.5,0.5,1.0,1.0,0.5,0.5,0.5,0.0,0.0,1.0,1.0,1.0,0.5,0.5,0.2,0.7,1.0,0.66667,1.0,1.0,1.0,1.0
0.0,0.0,0.0,0.0,0.5,0.9,0.12927,0.7,0.53333,0.0,1.0,0.0,0.0,0.46,0.03,0.0,0.99679,1.0,0.95556,1.0,1.0,0.77778,0.0,0.67218,0.96026,0.11111,1.0,1.0,1.0,0.0,1.0,1.0,0.55556,0.8,1.0,1.0,0.5,0.5,0.5,1.0,1.0,0.5,0.5,0.5,0.0,0.0,1.0,1.0,1.0,0.5,0.5,0.2,0.3,1.0,1.0,1.0,1.0,0.0,1.0
0.0,0.5,0.0,0.5,0.4,0.5,0.10467,0.4,0.56667,0.0,1.0,0.0,1.0,0.46,0.03,0.0,0.99407,1.0,0.95556,1.0,1.0,1.0,1.0,0.67458,0.96369,0.11111,0.88196,0.8122,0.0,0.0,0.98737,1.0,1.0,0.8,1.0,1.0,0.5,0.5,0.5,1.0,1.0,0.5,0.5,0.5,0.0,0.0,1.0,1.0,1.0,0.5,0.5,0.2,0.3,1.0,0.0,1.0,1.0,1.0,1.0
0.0,0.0,0.0,0.0,0.4,0.4,0.00852,0.3,0.0,0.9375,1.0,0.0,0.0,0.29,0.05,0.0,0.98721,1.0,0.93333,0.88889,1.0,0.82222,0.0,0.64495,0.92135,0.22222,0.10605,0.04657,0.0,1.0,0.99739,0.88889,0.77778,0.0,0.7,0.64456,0.60892,0.5,0.0,0.66667,0.66667,0.5,0.5,0.5,0.0,0.0,1.0,1.0,1.0,0.59934,1.0,1.0,0.1,0.0,1.0,0.0,1.0,0.5,1.0
0.5,0.5,0.5,0.5,0.5,0.5,0.05907,0.2,0.4,0.0,1.0,0.0,0.0,0.34,0.03,0.99029,0.0,1.0,1.0,0.86667,1.0,0.5,1.0,0.94702,1.0,0.11111,0.53897,0.42009,0.0,0.0,0.95562,1.0,0.5,0.8,1.0,1.0,0.5,0.5,0.5,1.0,1.0,0.5,0.5,0.5,0.0,0.03031,1.0,1.0,1.0,0.0,0.228,0.2,0.5,0.8,0.5,0.75,1.0,0.0,0.5
0.0,0.5,0.0,0.5,0.2,0.5,0.05001,0.2,0.43333,0.0,1.0,0.0,1.0,0.27,0.03,0.97971,0.0,0.91111,1.0,0.86667,1.0,0.91111,1.0,0.99331,1.0,0.22222,0.43222,0.35268,0.0,0.0,0.97543,1.0,0.77778,0.8,1.0,1.0,0.5,0.5,0.5,1.0,1.0,0.5,0.5,0.5,0.0,0.0,1.0,1.0,1.0,0.0,0.228,0.2,0.4,0.6,0.0,0.66667,1.0,0.6,1.0
0.0,0.0,0.0,0.0,0.2,0.2,0.02332,0.2,0.9,0.0,1.0,0.0,0.0,0.14,0.03,0.99877,0.0,1.0,1.0,0.95556,1.0,0.77778,1.0,0.58198,0.8314,0.11111,0.4787,0.21901,0.5,0.0,0.94786,0.55556,0.22222,0.8,1.0,1.0,0.5,0.5,0.5,1.0,1.0,0.5,0.5,0.5,0.0,0.0,1.0,1.0,1.0,0.0,0.228,1.0,0.1,0.0,1.0,1.0,1.0,0.0,1.0
0.0,0.0,1.0,1.0,0.2,0.2,0.02358,0.2,0.0,0.81081,1.0,0.0,0.0,0.1,0.03,0.99565,0.0,1.0,1.0,0.95556,1.0,0.95556,1.0,0.58319,0.83313,0.11111,0.47835,0.21821,0.5,0.0,0.94844,0.88889,1.0,0.8,1.0,1.0,0.5,0.5,0.5,1.0,1.0,0.5,0.5,0.5,0.0,0.0,1.0,1.0,1.0,0.0,0.228,1.0,0.1,0.0,1.0,1.0,1.0,0.0,0.33333
0.5,0.5,0.5,0.5,0.5,0.5,0.04558,0.06667,0.13333,0.0,0.0,0.66667,0.0,0.07556,0.0,0.97349,0.0,1.0,0.98095,1.0,1.0,0.5,1.0,0.57847,0.82638,0.07143,0.6908,0.59017,0.0,0.0,0.44444,1.0,0.5,0.8,1.0,1.0,0.5,0.5,0.5,1.0,1.0,0.5,0.5,0.5,0.0,0.0,1.0,1.0,1.0,0.5,0.5,1.0,0.06667,0.0,1.0,1.0,1.0,1.0,0.5
0.0,0.5,0.0,0.5,0.06667,0.5,0.04516,0.06667,0.16667,0.0,0.0,0.66667,1.0,0.07556,0.0,0.979,0.0,1.0,0.98095,1.0,1.0,1.0,0.0,0.00416,0.00595,0.07143,1.0,1.0,1.0,1.0,1.0,1.0,0.85714,0.8,1.0,1.0,0.5,0.5,0.5,1.0,1.0,0.5,0.5,0.5,0.0,0.0,1.0,1.0,1.0,0.5,0.5,1.0,0.06667,1.0,1.0,1.0,1.0,1.0,0.21429
0.0,0.0,0.0,1.0,0.06667,0.06667,0.04811,0.06667,0.36667,0.0,0.0,0.66667,0.0,0.06667,0.0,0.99502,0.0,1.0,1.0,1.0,1.0,0.99048,0.0,0.00472,0.00675,0.0,1.0,1.0,1.0,0.0,1.0,1.0,1.0,0.8,1.0,1.0,0.5,0.5,0.5,1.0,1.0,0.5,0.5,0.5,0.0,0.0,1.0,1.0,1.0,0.5,0.5,1.0,0.06667,1.0,1.0,1.0,1.0,1.0,0.28571
0.5,0.5,0.5,0.5,0.5,0.5,0.04742,0.26667,0.53333,0.0,0.0,0.66667,0.0,0.08,0.08444,0.0,0.99529,1.0,1.0,0.73333,0.7619,0.5,0.0,0.88948,1.0,0.57143,0.56884,0.30039,0.0,0.0,0.98161,0.5,0.5,0.8,1.0,1.0,0.5,0.5,0.5,1.0,1.0,0.5,0.5,0.5,0.0,0.0,1.0,1.0,1.0,0.5,0.5,0.2,0.4,0.83333,0.8,0.0,1.0,0.0,0.5
0.5,0.5,0.5,0.5,0.5,0.5,0.00202,0.06667,0.46667,0.0,0.0,0.66667,0.0,0.06667,0.00444,0.99971,0.0,1.0,0.99048,1.0,1.0,0.5,1.0,0.5532,0.79029,0.07143,0.05292,0.02718,0.0,0.0,1.0,1.0,0.5,0.0,1.0,1.0,0.5,0.5,0.5,1.0,1.0,0.5,0.5,0.5,0.0,0.0,1.0,1.0,1.0,0.5,0.5,1.0,0.06667,0.0,1.0,1.0,1.0,0.0,0.5
0.5,0.5,0.5,0.5,0.5,0.5,0.05785,0.6,0.46667,0.0,0.0,0.66667,0.0,0.06222,0.13778,0.0,0.79672,0.72381,1.0,0.67619,1.0,0.5,0.0,0.6778,0.96829,0.57143,0.69216,0.39069,0.33333,0.0,0.98409,1.0,0.5,0.8,1.0,1.0,0.5,0.5,0.5,1.0,1.0,0.5,0.5,0.5,0.0,0.0,1.0,1.0,1.0,0.80092,0.71811,0.2,0.26667,1.0,1.0,0.0,1.0,0.0,0.5
0.0,0.0,0.0,0.0,0.53333,0.53333,0.01086,0.53333,0.63333,0.0,0.0,0.66667,0.0,0.04,0.07556,0.9472,0.0,0.84762,1.0,0.54286,0.85714,0.7619,1.0,0.93653,1.0,0.07143,0.1002,0.03036,0.4,0.0,0.9764,0.78571,0.57143,0.0,0.93333,0.84968,0.35879,0.5,0.07176,1.0,1.0,0.5,0.5,0.5,0.0,0.0,1.0,1.0,1.0,0.80092,0.71811,1.0,0.06667,0.0,1.0,0.0,1.0,0.0,1.0
0.0,0.0,0.0,0.0,0.46667,0.4,0.00311,0.53333,0.86667,0.0,0.0,0.66667,0.0,0.02667,0.09333,0.98757,0.0,1.0,1.0,0.70476,1.0,0.67619,1.0,0.73428,1.0,0.07143,0.06074,0.01461,0.42857,0.0,0.95656,0.21429,0.28571,0.0,0.93333,0.97451,0.36893,0.5,0.07379,1.0,1.0,0.5,0.5,0.5,0.0,0.0,1.0,1.0,1.0,0.80092,0.71811,1.0,0.06667,0.0,1.0,0.0,1.0,0.0,1.0
0.5,0.5,0.5,0.5,0.5,0.5,0.06667,0.53333,0.03333,0.0,0.0,0.66667,0.0,0.06667,0.0,0.5,0.5,0.5,0.5,0.5,0.5,0.5,0.5,0.0,0.0,0.71429,1.0,1.0,1.0,0.0,0.0,0.5,0.5,0.8,1.0,1.0,0.5,0.5,0.5,1.0,1.0,0.5,0.5,0.5,0.5,0.5,1.0,0.5,0.5,0.5,0.5,0.2,0.73333,1.0,1.0,1.0,1.0,0.5,0.5
1.0,1.0,1.0,1.0,0.86667,1.0,0.06458,0.33333,0.3,0.0,0.0,0.66667,0.0,0.61333,0.01778,0.97084,0.0,1.0,1.0,1.0,1.0,0.41905,0.0,0.97596,1.0,0.07143,0.89942,0.8051,0.0,0.0,0.98846,0.85714,0.64286,0.8,1.0,1.0,0.5,0.5,0.5,1.0,1.0,0.5,0.5,0.5,0.0,0.0,1.0,1.0,1.0,0.25144,0.14199,0.2,0.66667,1.0,0.22222,0.88889,1.0,0.88889,1.0
0.5,0.5,0.5,0.5,0.5,0.5,0.05539,0.13333,0.13333,0.0,0.0,0.66667,0.0,0.54667,0.0,0.0,0.95416,1.0,0.86667,1.0,1.0,0.5,0.0,0.53871,0.76959,0.07143,1.0,1.0,1.0,1.0,1.0,0.92857,0.5,0.8,1.0,1.0,0.5,0.5,0.5,1.0,1.0,0.5,0.5,0.5,0.0,0.0,1.0,1.0,1.0,0.5,0.5,0.2,0.13333,1.0,1.0,1.0,1.0,0.0,0.5
0.0,0.5,0.0,0.5,0.06667,0.5,0.04266,0.06667,0.16667,0.0,0.0,0.66667,1.0,0.59111,0.0,0.96117,0.0,0.57143,0.95238,1.0,1.0,0.57143,1.0,0.75953,1.0,0.35714,0.66881,0.55491,0.0,0.0,0.93102,1.0,0.71429,0.8,1.0,1.0,0.5,0.5,0.5,1.0,1.0,0.5,0.5,0.5,0.0,0.0,1.0,1.0,1.0,0.5,0.5,0.2,0.4,1.0,0.8,1.0,1.0,0.2,1.0
0.5,0.5,0.5,0.5,0.5,0.5,0.06667,0.53333,0.03333,0.0,0.0,0.66667,0.0,0.06667,0.0,0.5,0.5,0.5,0.5,0.5,0.5,0.5,0.5,0.0,0.0,0.71429,1.0,1.0,1.0,0.0,0.0,0.5,0.5,0.8,1.0,1.0,0.5,0.5,0.5,1.0,1.0,0.5,0.5,0.5,0.5,0.5,1.0,0.5,0.5,0.5,0.5,0.2,0.73333,1.0,1.0,1.0,1.0,0.5,0.5
0.0,0.0,0.0,0.0,0.13333,0.06667,0.0,0.06667,1.0,0.0,0.0,0.66667,0.0,0.06667,0.00889,0.99154,0.0,1.0,1.0,0.81905,0.8,0.82857,1.0,0.65288,0.93268,0.07143,0.0,0.0,0.0,0.0,0.82777,0.92857,0.57143,0.0,1.0,1.0,0.5,0.5,0.5,1.0,1.0,0.5,0.5,0.5,0.0,0.0,1.0,1.0,1.0,0.5,0.5,1.0,0.06667,0.0,1.0,1.0,1.0,0.0,1.0
0.5,0.5,0.5,0.5,0.5,0.5,0.2328,0.8,0.56667,0.0,0.5,0.0,0.0,0.12,0.08,0.99697,0.0,1.0,1.0,1.0,1.0,0.5,1.0,0.68521,0.97887,0.25,1.0,1.0,1.0,0.0,0.5,0.75,0.5,0.8,1.0,1.0,0.5,0.5,0.5,1.0,1.0,0.5,0.5,0.5,0.0,0.0,1.0,1.0,1.0,1.0,0.42813,1.0,0.2,0.0,1.0,0.0,1.0,0.0,0.5
0.0,0.0,0.0,0.0,0.8,0.8,0.2328,0.8,0.63333,0.0,0.5,0.0,0.0,0.12,0.08,0.99808,0.0,1.0,1.0,1.0,1.0,1.0,1.0,0.68521,0.97887,0.25,1.0,1.0,1.0,0.0,0.5,0.75,1.0,0.8,1.0,1.0,0.5,0.5,0.5,1.0,1.0,0.5,0.5,0.5,0.0,0.0,1.0,1.0,1.0,1.0,0.42813,1.0,0.2,0.0,1.0,0.0,1.0,0.0,0.5
0.5,0.5,0.5,0.5,0.5,0.5,0.01847,0.2,0.5,0.0,0.5,0.0,0.0,0.56,0.0,1.0,0.0,1.0,1.0,1.0,1.0,0.5,0.0,0.79296,1.0,0.25,0.08353,0.06102,0.0,0.0,0.99098,1.0,0.5,0.8,1.0,1.0,0.5,0.5,0.5,1.0,1.0,0.5,0.5,0.5,0.0,0.0,1.0,1.0,1.0,0.5,0.5,0.2,0.4,0.33333,1.0,1.0,1.0,0.66667,0.5
0.5,0.5,0.5,0.5,0.5,0.5,0.26783,0.8,0.06667,0.0,0.5,0.0,0.0,0.36,0.0,0.5,0.5,0.0,1.0,1.0,1.0,0.5,1.0,0.70912,1.0,0.25,1.0,0.6887,0.66667,0.0,0.86431,0.5,0.5,0.8,1.0,1.0,0.5,0.5,0.5,1.0,1.0,0.5,0.5,0.5,0.5,0.5,1.0,1.0,1.0,0.5,0.5,0.2,0.8,1.0,0.66667,1.0,1.0,1.0,0.5
1.0,0.5,1.0,0.5,0.8,0.5,0.30694,0.8,0.1,0.0,0.5,0.0,1.0,0.56,0.0,1.0,0.0,1.0,1.0,1.0,1.0,1.0,0.0,0.70392,1.0,0.25,1.0,0.84114,0.66667,0.0,0.92494,1.0,1.0,0.8,1.0,1.0,0.5,0.5,0.5,1.0,1.0,0.5,0.5,0.5,0.0,0.0,1.0,1.0,1.0,0.5,0.5,0.2,0.8,1.0,1.0,1.0,1.0,1.0,1.0
0.5,0.5,0.5,0.5,0.5,0.5,0.09434,0.2,0.1,0.0,0.5,0.0,0.0,0.2,0.0,0.0,1.0,1.0,1.0,1.0,1.0,0.5,0.0,0.6104,0.872,0.25,0.86022,0.75472,0.0,1.0,1.0,1.0,0.5,0.8,1.0,1.0,0.5,0.5,0.5,1.0,1.0,0.5,0.5,0.5,0.0,0.0,1.0,1.0,1.0,0.5,0.5,0.2,0.4,1.0,1.0,1.0,1.0,0.0,0.5
0.0,0.0,0.0,0.0,0.2,0.2,0.0557,0.2,0.43333,0.0,0.5,0.0,0.0,0.2,0.0,0.0,0.99988,1.0,0.9,1.0,1.0,1.0,0.0,0.00633,0.00904,0.0,1.0,1.0,1.0,0.0,1.0,1.0,0.75,0.8,1.0,1.0,0.5,0.5,0.5,1.0,1.0,0.5,0.5,0.5,0.0,0.0,1.0,1.0,1.0,0.5,0.5,1.0,0.2,1.0,1.0,1.0,1.0,1.0,1.0
0.5,0.5,0.5,0.5,0.5,0.5,0.11491,0.2,0.63333,0.0,0.5,0.0,0.0,0.28,0.04,0.9854,0.0,0.9,0.9,1.0,1.0,0.5,0.0,0.75864,1.0,0.25,0.56087,0.38973,0.0,0.0,0.83785,0.75,0.5,0.8,1.0,1.0,0.5,0.5,0.5,1.0,1.0,0.5,0.5,0.5,0.0,0.0,1.0,1.0,1.0,0.5,0.5,1.0,0.2,0.0,1.0,1.0,1.0,0.0,0.5
0.5,0.5,0.5,0.5,0.5,0.5,0.00078,0.2,0.6,0.0,0.5,0.0,0.0,0.56,0.04,0.0,0.96057,1.0,1.0,1.0,1.0,0.5,1.0,0.85791,1.0,0.25,0.00453,0.00173,0.0,0.0,0.84372,0.75,0.5,0.0,1.0,1.0,0.5,0.5,0.5,1.0,1.0,0.5,0.5,0.5,0.0,0.0,1.0,1.0,1.0,0.5,0.5,1.0,0.2,0.0,1.0,1.0,1.0,0.0,0.5
0.0,0.5,0.0,0.5,0.2,0.5,0.00051,0.2,0.63333,0.0,0.5,0.0,1.0,0.44,0.04,0.0,0.97366,1.0,1.0,1.0,1.0,1.0,1.0,0.87523,1.0,0.25,0.00285,0.00107,0.0,0.0,0.8007,1.0,1.0,0.0,1.0,1.0,0.5,0.5,0.5,1.0,1.0,0.5,0.5,0.5,0.0,0.0,1.0,1.0,1.0,0.5,0.5,1.0,0.2,0.0,1.0,1.0,1.0,0.0,1.0
0.0,0.0,0.0,0.0,0.2,0.2,0.00047,0.2,0.7,0.0,0.5,0.0,0.0,0.32,0.08,0.0,0.99134,0.6,1.0,1.0,1.0,0.6,1.0,0.89308,1.0,0.25,0.0033,0.00099,0.0,0.0,0.96058,1.0,0.75,0.0,1.0,1.0,0.5,0.5,0.5,1.0,1.0,0.5,0.5,0.5,0.0,0.0,1.0,1.0,1.0,0.5,0.5,1.0,0.2,0.0,1.0,1.0,1.0,0.0,1.0
0.5,0.5,0.5,0.5,0.5,0.5,0.00085,0.4,0.86667,0.0,0.5,0.0,0.0,0.08,0.12,0.99655,0.0,1.0,1.0,1.0,1.0,0.5,1.0,0.72254,1.0,0.25,0.01078,0.00273,0.33333,0.0,0.86409,0.5,0.5,0.8,1.0,1.0,0.5,0.5,0.5,1.0,1.0,0.5,0.5,0.5,0.0,0.0,1.0,1.0,1.0,0.0,0.0,0.2,0.4,0.33333,1.0,1.0,1.0,0.0,0.5
0.0,0.0,0.0,0.0,0.4,0.4,0.00065,0.4,1.0,0.0,0.5,0.0,0.0,0.08,0.12,0.99853,0.0,1.0,1.0,1.0,1.0,1.0,1.0,0.99068,1.0,0.75,0.0019,0.00095,0.0,0.0,0.87428,0.5,0.0,0.8,1.0,1.0,0.5,0.5,0.5,1.0,1.0,0.5,0.5,0.5,0.0,0.0,1.0,1.0,1.0,0.0,0.0,1.0,0.2,0.0,1.0,1.0,1.0,0.0,1.0
0.5,0.5,0.5,0.5,0.5,0.5,0.11284,0.4,0.13333,0.0,0.5,0.0,0.0,0.24,0.0,0.9223,0.0,1.0,1.0,1.0,1.0,0.5,1.0,0.61901,0.88429,0.25,1.0,0.96425,0.5,0.0,0.44444,1.0,0.5,0.8,1.0,1.0,0.5,0.5,0.5,1.0,1.0,0.5,0.5,0.5,0.0,0.0,1.0,1.0,1.0,0.5,0.5,0.4,0.4,0.5,0.0,1.0,1.0,0.0,0.5
0.5,0.5,0.5,0.5,0.5,0.5,0.1335,0.4,0.33333,0.0,0.5,0.0,0.0,0.64,0.0,0.0,0.99937,1.0,1.0,1.0,1.0,0.5,1.0,0.77565,1.0,0.25,0.59341,0.41958,0.0,0.0,0.97413,1.0,0.5,0.8,1.0,1.0,0.5,0.5,0.5,1.0,1.0,0.5,0.5,0.5,0.0,0.0,1.0,1.0,1.0,0.5,0.5,0.2,0.8,1.0,1.0,1.0,1.0,0.0,0.5
0.0,0.0,0.0,0.0,0.2,0.2,0.0402,0.2,0.63333,0.0,0.5,0.0,0.0,0.72,0.0,0.0,1.0,1.0,0.6,1.0,1.0,0.6,1.0,0.77341,1.0,1.0,0.20098,0.13702,0.0,0.0,0.98423,1.0,0.75,0.8,1.0,1.0,0.5,0.5,0.5,1.0,1.0,0.5,0.5,0.5,0.0,0.0,1.0,1.0,1.0,0.5,0.5,1.0,0.2,0.0,1.0,1.0,1.0,0.0,1.0
1.0,0.5,1.0,0.5,0.2,0.5,0.04558,0.2,0.66667,0.0,0.5,0.0,1.0,0.76,0.0,0.99479,0.0,1.0,1.0,1.0,1.0,1.0,0.0,0.77176,1.0,1.0,0.22792,0.15788,0.0,0.0,0.98503,1.0,1.0,0.8,1.0,1.0,0.5,0.5,0.5,1.0,1.0,0.5,0.5,0.5,0.0,0.0,1.0,1.0,1.0,0.5,0.5,1.0,0.2,0.0,1.0,1.0,1.0,0.0,0.5
1.0,0.5,0.0,0.5,0.2,0.5,0.04396,0.2,0.7,0.0,0.5,0.0,1.0,0.6,0.0,0.98156,0.0,1.0,1.0,1.0,1.0,1.0,1.0,0.77226,1.0,1.0,0.21979,0.14827,0.0,0.0,0.98735,1.0,1.0,0.8,1.0,1.0,0.5,0.5,0.5,1.0,1.0,0.5,0.5,0.5,0.0,0.0,1.0,1.0,1.0,0.5,0.5,1.0,0.2,0.0,1.0,1.0,1.0,0.0,0.5
0.5,0.5,0.5,0.5,0.5,0.5,0.1826,0.4,0.0,0.9375,0.5,0.0,0.0,0.16,0.04,0.9999,0.0,1.0,1.0,1.0,1.0,0.5,1.0,0.73028,1.0,0.25,0.91182,0.83792,0.0,0.0,0.5,1.0,0.5,0.8,1.0,1.0,0.5,0.5,0.5,1.0,1.0,0.5,0.5,0.5,0.0,0.0,1.0,1.0,1.0,1.0,0.97787,1.0,0.2,0.0,1.0,0.0,1.0,0.0,0.5
0.0,0.0,1.0,1.0,0.4,0.4,0.1826,0.4,0.0,0.88235,0.5,0.0,0.0,0.16,0.04,0.99993,0.0,1.0,1.0,1.0,1.0,1.0,1.0,0.73028,1.0,0.25,0.91182,0.83792,0.0,0.0,0.5,0.75,1.0,0.8,1.0,1.0,0.5,0.5,0.5,1.0,1.0,0.5,0.5,0.5,0.0,0.0,1.0,1.0,1.0,1.0,0.97787,1.0,0.2,0.0,1.0,0.0,1.0,0.0,0.25
0.0,0.0,1.0,1.0,0.4,0.4,0.1826,0.4,0.0,0.83333,0.5,0.0,0.0,0.16,0.04,0.99996,0.0,1.0,1.0,1.0,1.0,1.0,1.0,0.73028,1.0,0.25,0.91182,0.83792,0.0,0.0,0.5,0.75,1.0,0.8,1.0,1.0,0.5,0.5,0.5,1.0,1.0,0.5,0.5,0.5,0.0,0.0,1.0,1.0,1.0,1.0,0.97787,1.0,0.2,0.0,1.0,0.0,1.0,0.0,0.25
0.5,0.5,0.5,0.5,0.5,0.5,0.2601,0.8,1.0,0.0,0.5,0.0,0.0,0.36,0.04,0.98961,0.0,1.0,1.0,1.0,1.0,0.5,1.0,0.89513,1.0,0.5,0.99727,0.90752,0.5,0.0,1.0,0.5,0.5,0.8,1.0,1.0,0.5,0.5,0.5,1.0,1.0,0.5,0.5,0.5,0.0,0.0,1.0,1.0,1.0,0.5,0.5,0.2,0.4,0.5,0.0,1.0,1.0,0.5,0.5
0.0,0.5,0.0,0.5,0.6,0.5,0.21195,0.6,0.0,0.96774,0.5,0.0,1.0,0.32,0.04,0.99159,0.0,1.0,1.0,1.0,1.0,1.0,0.0,0.60018,0.8574,0.25,0.78168,0.64161,0.0,0.0,1.0,1.0,0.75,0.8,1.0,1.0,0.5,0.5,0.5,1.0,1.0,0.5,0.5,0.5,0.0,0.0,1.0,1.0,1.0,0.5,0.5,0.2,0.4,1.0,0.0,1.0,1.0,1.0,1.0
1.0,0.5,1.0,0.5,0.6,0.5,0.22028,0.6,0.0,0.9375,0.5,0.0,1.0,0.32,0.04,0.99293,0.0,1.0,1.0,1.0,1.0,1.0,1.0,0.60271,0.86102,0.25,0.8107,0.68166,0.0,0.0,1.0,1.0,1.0,0.8,1.0,1.0,0.5,0.5,0.5,1.0,1.0,0.5,0.5,0.5,0.0,0.0,1.0,1.0,1.0,0.5,0.5,0.2,0.4,1.0,0.0,1.0,1.0,1.0,1.0
1.0,1.0,1.0,1.0,0.6,0.8,0.2411,0.8,0.0,0.85714,0.5,0.0,0.0,0.32,0.04,0.99764,0.0,1.0,1.0,1.0,1.0,1.0,0.0,0.65442,0.93489,0.25,0.85151,0.74142,0.0,0.0,1.0,1.0,1.0,0.8,1.0,1.0,0.5,0.5,0.5,1.0,1.0,0.5,0.5,0.5,0.0,0.0,1.0,1.0,1.0,0.5,0.5,0.2,0.4,1.0,1.0,1.0,1.0,0.0,1.0
0.0,0.5,0.0,0.5,0.4,0.5,0.19761,0.4,0.0,0.83333,0.5,0.0,1.0,0.32,0.04,0.99813,0.0,1.0,1.0,1.0,1.0,1.0,0.0,0.64421,0.92031,0.25,0.70345,0.54256,0.0,0.0,1.0,1.0,1.0,0.8,1.0,1.0,0.5,0.5,0.5,1.0,1.0,0.5,0.5,0.5,0.0,0.0,1.0,1.0,1.0,0.5,0.5,0.2,0.4,1.0,0.0,1.0,1.0,1.0,1.0
0.5,0.5,0.5,0.5,0.5,0.5,0.2258,0.6,0.36667,0.0,0.5,0.0,0.0,0.32,0.04,0.75394,0.0,0.9,1.0,1.0,1.0,0.5,0.0,0.82984,1.0,0.25,1.0,0.92907,0.5,0.0,0.92537,0.75,0.5,0.8,1.0,1.0,0.5,0.5,0.5,1.0,1.0,0.5,0.5,0.5,0.0,0.0,1.0,1.0,1.0,0.5,0.5,0.7,0.4,0.5,0.0,1.0,1.0,0.5,0.5
0.0,0.0,0.0,0.0,0.6,0.6,0.20709,0.6,0.5,0.0,0.5,0.0,0.0,0.2,0.04,0.99457,0.0,1.0,1.0,1.0,1.0,1.0,1.0,0.80888,1.0,0.5,0.83814,0.72137,0.0,0.0,0.89678,1.0,0.75,0.8,1.0,1.0,0.5,0.5,0.5,1.0,1.0,0.5,0.5,0.5,0.0,0.0,1.0,1.0,1.0,0.5,0.5,1.0,0.2,0.0,1.0,1.0,1.0,0.0,0.25
0.0,0.0,0.0,0.0,0.6,0.6,0.20574,0.6,0.56667,0.0,0.5,0.0,0.0,0.2,0.04,0.98436,0.0,1.0,1.0,1.0,1.0,1.0,1.0,0.81785,1.0,0.5,0.81723,0.69094,0.0,0.0,0.89113,1.0,1.0,0.8,1.0,1.0,0.5,0.5,0.5,1.0,1.0,0.5,0.5,0.5,0.0,0.0,1.0,1.0,1.0,0.5,0.5,1.0,0.2,0.0,1.0,1.0,1.0,0.0,0.25
0.0,0.0,0.0,0.0,0.6,0.6,0.20043,0.6,0.0,0.78947,0.5,0.0,0.0,0.12,0.04,0.99723,0.0,1.0,1.0,1.0,1.0,0.9,1.0,0.08198,0.11712,0.0,1.0,1.0,1.0,0.0,1.0,1.0,0.75,0.8,1.0,1.0,0.5,0.5,0.5,1.0,1.0,0.5,0.5,0.5,0.0,0.0,1.0,1.0,1.0,0.5,0.5,1.0,0.2,1.0,1.0,1.0,1.0,1.0,0.25
0.0,0.5,1.0,0.5,0.6,0.5,0.2008,0.6,0.0,0.76923,0.5,0.0,1.0,0.12,0.04,0.99638,0.0,1.0,1.0,1.0,1.0,1.0,1.0,0.08229,0.11756,0.0,1.0,1.0,1.0,0.0,1.0,1.0,1.0,0.8,1.0,1.0,0.5,0.5,0.5,1.0,1.0,0.5,0.5,0.5,0.0,0.0,1.0,1.0,1.0,0.5,0.5,1.0,0.2,1.0,1.0,1.0,1.0,1.0,0.5
0.0,0.5,1.0,0.5,0.6,0.5,0.20095,0.6,0.0,0.75,0.5,0.0,1.0,0.12,0.04,0.9962,0.0,1.0,1.0,1.0,1.0,1.0,1.0,0.08241,0.11773,0.0,1.0,1.0,1.0,0.0,1.0,1.0,1.0,0.8,1.0,1.0,0.5,0.5,0.5,1.0,1.0,0.5,0.5,0.5,0.0,0.0,1.0,1.0,1.0,0.5,0.5,1.0,0.2,1.0,1.0,1.0,1.0,1.0,0.5
0.5,0.5,0.5,0.5,0.5,0.5,0.31575,1.0,0.06667,0.0,0.5,0.0,0.0,0.44,0.0,0.5,0.5,0.8,0.8,1.0,1.0,0.5,1.0,0.86905,1.0,0.25,1.0,1.0,1.0,0.0,0.66325,1.0,0.5,0.8,1.0,1.0,0.5,0.5,0.5,1.0,1.0,0.5,0.5,0.5,0.5,0.5,1.0,1.0,1.0,0.5,0.5,0.5,0.6,1.0,0.5,1.0,1.0,1.0,0.5
0.0,0.0,0.0,0.0,1.0,1.0,0.18699,0.6,0.76667,0.0,0.5,0.0,0.0,0.2,0.08,0.99578,0.0,1.0,1.0,0.8,1.0,0.7,1.0,0.92889,1.0,0.25,0.74366,0.47237,0.5,0.0,0.44444,0.75,0.5,0.8,1.0,1.0,0.5,0.5,0.5,1.0,1.0,0.5,0.5,0.5,0.0,0.0,1.0,1.0,1.0,1.0,0.89017,1.0,0.2,0.0,1.0,0.0,1.0,0.0,0.75
0.5,0.5,0.5,0.5,0.5,0.5,0.05662,0.2,0.3,0.0,1.0,0.0,0.0,0.42,0.0,0.96483,0.0,1.0,1.0,1.0,1.0,0.5,0.0,0.23772,0.33959,0.0,0.66361,0.49083,0.0,0.0,0.97775,1.0,0.5,0.8,1.0,1.0,0.5,0.5,0.5,1.0,1.0,0.5,0.5,0.5,0.0,0.0,1.0,1.0,1.0,0.5,0.5,0.2,0.4,1.0,1.0,1.0,1.0,1.0,0.5
0.0,1.0,0.0,1.0,0.2,0.2,0.05826,0.2,0.4,0.0,1.0,0.0,0.0,0.45,0.03,0.78624,0.0,1.0,1.0,1.0,1.0,1.0,0.0,0.7614,1.0,0.11111,0.61728,0.39688,0.0,0.0,0.9395,0.88889,0.88889,0.8,1.0,1.0,0.5,0.5,0.5,1.0,1.0,0.5,0.5,0.5,0.20302,0.0,0.75,1.0,1.0,0.2417,0.41212,0.45,0.5,1.0,0.75,0.75,1.0,0.75,1.0
0.0,0.0,0.0,0.0,0.2,0.2,0.05728,0.2,0.5,0.0,1.0,0.0,0.0,0.45,0.03,0.0,0.9993,1.0,1.0,1.0,1.0,1.0,0.0,0.76193,1.0,0.11111,0.61075,0.35966,0.0,0.0,0.93508,1.0,1.0,0.8,0.9,0.89546,1.0,0.5,0.98948,1.0,1.0,0.14304,0.2659,0.98471,0.10412,0.0,0.65,1.0,1.0,0.0239,0.12837,0.55,0.5,1.0,0.75,0.75,1.0,0.0,1.0
0.5,0.5,0.5,0.5,0.5,0.5,0.20143,0.9,0.03333,0.0,1.0,0.0,0.0,0.1,0.0,0.5,0.5,0.5,0.5,0.5,0.5,0.5,0.5,0.0,0.0,0.66667,1.0,0.99495,0.83333,0.0,0.0,0.5,0.5,0.8,1.0,1.0,0.5,0.5,0.5,1.0,1.0,0.5,0.5,0.5,0.5,0.5,1.0,0.5,0.5,0.5,0.5,0.5,0.6,0.83333,1.0,1.0,1.0,0.5,0.5
0.0,0.5,0.0,0.5,0.9,0.5,0.18081,0.9,0.06667,0.0,1.0,0.0,1.0,0.14,0.0,0.5,0.5,0.91111,0.91111,1.0,1.0,0.91111,1.0,0.65155,0.93078,0.22222,1.0,1.0,1.0,0.0,0.44444,1.0,0.55556,0.8,1.0,1.0,0.5,0.5,0.5,1.0,1.0,0.5,0.5,0.5,0.5,0.5,1.0,1.0,1.0,0.5,0.5,0.3,0.3,1.0,0.0,1.0,1.0,1.0,0.44444
0.5,0.5,0.5,0.5,0.5,0.5,0.0537,0.3,0.1,0.0,1.0,0.0,0.0,0.38,0.01,0.33412,0.0,0.82222,1.0,1.0,1.0,0.5,0.0,0.88788,1.0,0.0,0.50773,0.30101,0.16667,0.0,0.89725,1.0,0.5,0.8,1.0,1.0,0.5,0.5,0.5,1.0,1.0,0.5,0.5,0.5,0.0,0.0,1.0,1.0,1.0,0.5,0.5,0.2,0.7,1.0,0.83333,1.0,1.0,0.0,0.5
0.5,0.5,0.5,0.5,0.5,0.5,0.0,0.15,0.33333,0.0,1.0,0.0,0.0,0.18,0.07,0.99539,0.0,0.8,1.0,0.6,1.0,0.5,1.0,0.75101,1.0,0.11111,0.0,0.0,0.2,0.0,0.87732,1.0,0.5,0.0,1.0,1.0,0.5,0.5,0.5,1.0,1.0,0.5,0.5,0.5,0.0,0.0,1.0,1.0,1.0,0.5,0.5,1.0,0.1,0.0,1.0,1.0,1.0,0.0,0.5
1.0,0.5,1.0,0.5,0.2,0.5,0.0,0.2,0.36667,0.0,1.0,0.0,1.0,0.15,0.07,0.9809,0.0,0.44444,0.44444,0.53333,1.0,0.44444,1.0,0.92873,1.0,0.11111,0.0,0.0,0.0,0.0,0.83255,1.0,0.44444,0.0,1.0,1.0,0.5,0.5,0.5,1.0,1.0,0.5,0.5,0.5,0.0,0.0,1.0,1.0,1.0,0.5,0.5,1.0,0.1,0.0,1.0,1.0,1.0,0.0,1.0
0.0,0.5,0.0,0.5,0.1,0.5,0.0,0.1,0.4,0.0,1.0,0.0,1.0,0.14,0.07,0.93423,0.0,1.0,1.0,0.53333,1.0,1.0,1.0,0.92923,1.0,0.11111,0.0,0.0,0.0,0.0,0.83558,1.0,1.0,1.0,1.0,1.0,0.5,0.5,0.5,1.0,1.0,0.5,0.5,0.5,0.0,0.0,1.0,1.0,1.0,0.5,0.5,0.0,0.4,0.66667,0.75,0.75,1.0,0.0,1.0
0.5,0.5,0.5,0.5,0.5,0.5,0.12584,0.8,0.03333,0.0,1.0,0.0,0.0,0.1,0.0,0.5,0.5,0.5,0.5,0.5,0.5,0.5,0.5,0.0,0.0,0.66667,1.0,0.87047,0.83333,0.0,0.0,0.5,0.5,0.8,1.0,1.0,0.5,0.5,0.5,1.0,1.0,0.5,0.5,0.5,0.5,0.5,1.0,0.5,0.5,0.5,0.5,0.2,0.7,1.0,1.0,1.0,1.0,0.5,0.5
0.0,0.5,0.0,0.5,0.8,0.5,0.12294,0.8,0.06667,0.0,1.0,0.0,1.0,0.3,0.0,0.5,0.5,0.66667,0.75556,1.0,1.0,0.66667,1.0,0.86784,1.0,0.11111,1.0,1.0,1.0,0.0,0.73186,1.0,0.55556,0.8,1.0,1.0,0.5,0.5,0.5,1.0,1.0,0.5,0.5,0.5,0.5,0.5,1.0,1.0,1.0,0.5,0.5,0.2,0.7,1.0,0.66667,1.0,1.0,0.66667,1.0
1.0,1.0,0.0,1.0,0.7,0.9,0.1613,1.0,0.63333,0.0,1.0,0.0,0.0,0.3,0.03,0.0,0.98865,1.0,1.0,0.86667,0.86667,0.77778,1.0,0.84991,1.0,0.11111,1.0,1.0,1.0,0.0,0.98859,1.0,0.77778,0.8,1.0,1.0,0.5,0.5,0.5,1.0,1.0,0.5,0.5,0.5,1.0,0.51237,0.4,1.0,1.0,0.5,0.5,0.8,0.3,0.5,1.0,1.0,1.0,1.0,1.0
1.0,0.5,1.0,0.5,1.0,0.5,0.18352,1.0,0.66667,0.0,1.0,0.0,1.0,0.32,0.06,0.99475,0.0,0.86667,1.0,1.0,1.0,0.86667,1.0,0.93688,1.0,0.0,1.0,1.0,1.0,0.0,0.99041,1.0,1.0,0.8,1.0,1.0,0.5,0.5,0.5,1.0,1.0,0.94261,0.51826,0.5,0.0,0.35417,1.0,1.0,1.0,0.94261,0.51826,0.2,0.4,0.75,1.0,0.33333,1.0,0.5,1.0
0.5,0.5,0.5,0.5,0.5,0.5,0.12328,0.6,0.06667,0.0,1.0,0.0,0.0,0.26,0.0,0.5,0.5,0.75556,0.71111,1.0,1.0,0.5,1.0,0.79089,1.0,0.11111,1.0,0.86122,0.6,0.0,0.6393,1.0,0.5,0.8,1.0,1.0,0.5,0.5,0.5,1.0,1.0,0.5,0.5,0.5,0.5,0.5,1.0,1.0,1.0,0.5,0.5,0.2,0.5,0.8,0.5,1.0,1.0,0.6,0.5
1.0,1.0,0.0,1.0,0.7,0.8,0.13925,0.8,0.13333,0.0,1.0,0.0,0.0,0.27,0.0,0.95881,0.0,0.95556,1.0,1.0,1.0,0.91111,1.0,0.80898,1.0,0.11111,1.0,1.0,1.0,0.0,0.75926,1.0,1.0,0.8,1.0,1.0,0.5,0.5,0.5,1.0,1.0,0.5,0.5,0.5,0.0,0.0,1.0,1.0,1.0,0.5,0.5,0.2,0.3,0.4,1.0,1.0,1.0,0.0,1.0
0.5,0.5,0.5,0.5,0.5,0.5,0.0143,0.1,0.53333,0.0,1.0,0.0,0.0,0.3,0.03,0.99718,0.0,1.0,1.0,1.0,1.0,0.5,1.0,0.89228,1.0,0.11111,0.16394,0.08671,0.0,0.0,0.9682,0.77778,0.5,0.75,1.0,1.0,0.5,0.5,0.5,1.0,1.0,0.5,0.5,0.5,0.0,0.03057,1.0,1.0,1.0,0.24362,0.4104,0.25,0.4,0.5,0.66667,1.0,1.0,0.66667,0.5
0.0,0.0,0.0,0.0,0.1,0.1,0.00664,0.1,0.6,0.0,1.0,0.0,0.0,0.31,0.03,0.99851,0.0,1.0,1.0,1.0,1.0,1.0,0.0,0.94514,1.0,0.11111,0.07104,0.03792,0.0,0.0,0.98732,0.11111,0.77778,0.4,1.0,1.0,0.5,0.35179,0.5,1.0,1.0,0.5,0.5,0.5,0.0,0.0,1.0,1.0,1.0,0.24362,0.4104,0.6,0.2,0.16667,0.0,1.0,1.0,0.0,1.0
0.0,0.5,0.0,0.5,0.1,0.5,0.00482,0.1,0.63333,0.0,1.0,0.0,1.0,0.31,0.03,0.99879,0.0,1.0,1.0,1.0,1.0,1.0,1.0,0.94547,1.0,0.11111,0.05151,0.02749,0.0,0.0,0.98736,1.0,1.0,0.6,1.0,1.0,0.5,0.35179,0.5,1.0,1.0,0.5,0.5,0.5,0.0,0.0,1.0,1.0,1.0,0.24362,0.4104,0.4,0.2,0.16667,0.0,1.0,1.0,0.16667,1.0
0.0,0.0,0.0,0.0,0.1,0.1,0.00284,0.1,0.8,0.0,1.0,0.0,0.0,0.3,0.03,0.99965,0.0,0.88889,0.88889,1.0,1.0,0.88889,0.0,0.84444,1.0,0.55556,0.0353,0.01691,0.0,0.0,0.98794,0.44444,0.88889,0.8,1.0,1.0,0.5,0.35179,0.5,1.0,1.0,0.5,0.5,0.5,0.0,0.0,1.0,1.0,1.0,0.24362,0.4104,1.0,0.1,0.0,1.0,0.0,1.0,0.0,1.0
0.0,0.5,0.0,0.5,0.1,0.5,0.00256,0.1,0.83333,0.0,1.0,0.0,1.0,0.3,0.03,0.0,0.99956,1.0,1.0,1.0,1.0,1.0,1.0,0.84577,1.0,0.55556,0.03165,0.01512,0.0,0.0,0.98793,1.0,1.0,0.8,1.0,1.0,0.5,0.35179,0.5,1.0,1.0,0.5,0.5,0.5,0.0,0.0,1.0,1.0,1.0,0.24362,0.4104,1.0,0.1,0.0,1.0,0.0,1.0,0.0,0.11111
0.5,0.5,0.5,0.5,0.5,0.5,0.17009,1.0,0.03333,0.0,1.0,0.0,0.0,0.1,0.0,0.5,0.5,0.5,0.5,0.5,0.5,0.5,0.5,0.0,0.0,0.66667,1.0,1.0,1.0,0.0,0.0,0.5,0.5,0.8,1.0,1.0,0.5,0.5,0.5,1.0,1.0,0.5,0.5,0.5,0.5,0.5,1.0,0.5,0.5,0.5,0.5,0.2,0.7,1.0,1.0,1.0,1.0,0.5,0.5
0.0,1.0,0.0,1.0,0.7,1.0,0.0,0.5,0.6,0.0,1.0,0.0,0.0,0.1,0.1,0.91158,0.0,1.0,1.0,0.64444,1.0,0.68889,1.0,0.67386,0.96265,0.11111,0.0,0.0,0.5,0.0,0.58434,0.77778,0.33333,0.0,0.8,0.24369,0.20253,0.5,0.17215,1.0,1.0,0.5,0.5,0.5,0.0,0.0,1.0,1.0,1.0,1.0,0.42863,1.0,0.1,0.0,1.0,0.0,1.0,0.0,1.0
1.0,1.0,1.0,1.0,0.5,0.5,0.0,0.5,0.83333,0.0,1.0,0.0,0.0,0.08,0.09,0.99137,0.0,1.0,1.0,0.64444,1.0,0.84444,0.0,0.59132,0.84474,0.55556,0.0,0.0,0.5,0.0,0.77204,1.0,0.55556,0.0,1.0,1.0,0.5,0.5,0.5,1.0,1.0,0.5,0.5,0.5,0.0,0.0,1.0,1.0,1.0,1.0,0.42863,1.0,0.1,0.0,1.0,0.0,1.0,0.0,1.0
0.5,0.5,0.5,0.5,0.5,0.5,0.0,0.1,0.66667,0.0,1.0,0.0,0.0,0.08,0.05,0.98896,0.0,0.97778,1.0,0.75556,0.84444,0.5,1.0,0.8066,1.0,0.22222,0.0,0.0,0.0,0.0,0.88241,0.55556,0.5,0.0,1.0,1.0,0.5,0.5,0.5,1.0,1.0,0.5,0.5,0.5,0.0,0.0,1.0,1.0,1.0,0.5,0.5,1.0,0.1,0.0,1.0,1.0,1.0,0.0,0.5
1.0,0.5,1.0,0.5,0.15,0.5,0.0,0.15,0.7,0.0,1.0,0.0,1.0,0.09,0.05,0.99865,0.0,1.0,1.0,0.75556,1.0,1.0,0.0,0.70705,1.0,0.11111,0.0,0.0,0.25,0.0,0.93746,1.0,0.88889,0.0,1.0,1.0,0.5,0.5,0.5,1.0,1.0,0.5,0.5,0.5,0.0,0.0,1.0,1.0,1.0,0.5,0.5,1.0,0.1,0.0,1.0,1.0,1.0,0.0,1.0
1.0,0.5,1.0,0.5,0.1,0.5,0.0,0.1,0.73333,0.0,1.0,0.0,1.0,0.09,0.05,0.99276,0.0,0.77778,1.0,0.75556,1.0,0.77778,1.0,0.71233,1.0,0.11111,0.0,0.0,0.0,0.0,0.86572,1.0,0.55556,0.0,1.0,1.0,0.5,0.5,0.5,1.0,1.0,0.5,0.5,0.5,0.0,0.0,1.0,1.0,1.0,0.5,0.5,1.0,0.1,0.0,1.0,1.0,1.0,0.0,1.0
1.0,0.5,1.0,0.5,0.2,0.5,0.0,0.2,0.76667,0.0,1.0,0.0,1.0,0.08,0.05,0.99069,0.0,1.0,1.0,0.75556,1.0,1.0,0.0,0.71077,1.0,0.11111,0.0,0.0,0.25,0.0,0.86632,1.0,1.0,0.0,1.0,1.0,0.5,0.5,0.5,1.0,1.0,0.5,0.5,0.5,0.0,0.0,1.0,1.0,1.0,0.5,0.5,1.0,0.1,0.0,1.0,1.0,1.0,0.0,1.0
0.5,0.5,0.5,0.5,0.5,0.5,0.16652,0.9,0.03333,0.0,1.0,0.0,0.0,0.1,0.0,0.5,0.5,0.5,0.5,0.5,0.5,0.5,0.5,0.0,0.0,0.66667,1.0,0.9898,0.83333,0.0,0.0,0.5,0.5,0.8,1.0,1.0,0.5,0.5,0.5,1.0,1.0,0.5,0.5,0.5,0.5,0.5,1.0,0.5,0.5,0.5,0.5,0.2,0.7,1.0,1.0,1.0,1.0,0.5,0.5
0.0,0.5,0.0,0.5,0.8,0.5,0.13941,0.8,0.06667,0.0,1.0,0.0,1.0,0.25,0.0,0.5,0.5,0.84444,0.75556,1.0,1.0,0.84444,1.0,0.84426,1.0,0.11111,1.0,0.99063,0.75,0.0,0.82728,1.0,0.55556,0.8,1.0,1.0,0.5,0.5,0.5,1.0,1.0,0.5,0.5,0.5,0.5,0.5,1.0,1.0,1.0,0.5,0.5,0.2,0.5,1.0,0.25,1.0,1.0,0.75,1.0
0.0,1.0,0.0,1.0,0.8,0.9,0.23789,0.9,0.3,0.0,1.0,0.0,0.0,0.11,0.1,0.0,0.88742,0.86667,0.73333,0.97778,1.0,0.66667,0.0,0.72441,1.0,0.11111,1.0,1.0,1.0,0.0,1.0,0.88889,0.44444,0.8,1.0,1.0,0.5,0.5,0.5,1.0,1.0,0.5,0.5,0.5,0.0,1.0,1.0,1.0,1.0,1.0,0.78189,0.25,0.2,1.0,1.0,1.0,1.0,0.0,1.0
0.0,0.0,0.0,0.0,0.7,0.7,0.00125,0.5,0.0,0.96774,1.0,0.0,0.0,0.02,0.12,0.0,0.99567,0.77778,1.0,0.86667,1.0,0.73333,1.0,0.90411,1.0,0.11111,0.01322,0.00224,0.4,0.0,0.72187,1.0,0.55556,1.0,0.9,0.99588,0.40469,0.5,0.0,1.0,1.0,0.5,0.5,0.5,0.23943,0.06092,0.0,1.0,1.0,0.0,0.11875,1.0,0.0,0.0,1.0,0.0,1.0,0.2,0.44444
0.0,0.0,0.0,0.0,0.1,0.1,0.0,0.1,0.0,0.83333,1.0,0.0,0.0,0.02,0.13,0.0,0.97001,0.93333,1.0,0.84444,1.0,0.93333,1.0,0.90487,1.0,0.11111,0.0,0.0,0.0,0.0,0.72283,1.0,1.0,1.0,1.0,1.0,0.5,0.0,0.5,1.0,1.0,0.455,0.3883,0.0,0.0,0.0,1.0,1.0,1.0,0.455,0.3883,0.0,0.1,0.2,1.0,1.0,1.0,0.4,1.0
0.0,0.0,0.0,0.0,0.1,0.1,0.0,0.2,0.0,0.76923,1.0,0.0,0.0,0.02,0.13,0.0,0.99847,1.0,1.0,0.84444,0.93333,1.0,1.0,0.90519,1.0,0.11111,0.0,0.0,0.2,0.0,0.72286,0.77778,1.0,0.0,1.0,1.0,0.5,0.0,0.5,1.0,1.0,0.455,0.3883,0.0,0.0,0.0,1.0,1.0,1.0,0.455,0.3883,1.0,0.1,0.0,1.0,0.0,1.0,0.4,1.0
1.0,0.5,1.0,0.5,0.2,0.5,0.0,0.2,0.0,0.75,1.0,0.0,1.0,0.02,0.13,0.0,0.99999,1.0,1.0,0.84444,1.0,1.0,1.0,0.90521,1.0,0.11111,0.0,0.0,0.2,0.0,0.72276,1.0,1.0,0.0,1.0,1.0,0.5,0.0,0.5,1.0,1.0,0.455,0.3883,0.0,0.0,0.0,1.0,1.0,1.0,0.455,0.3883,1.0,0.1,0.0,1.0,0.0,1.0,0.0,1.0
0.5,0.5,0.5,0.5,0.5,0.5,0.07144,0.4,0.06667,0.0,1.0,0.0,0.0,0.31,0.0,0.5,0.5,0.71111,0.82222,1.0,1.0,0.5,1.0,0.80953,1.0,0.55556,0.93583,0.46339,0.6,0.0,0.83694,0.33333,0.5,0.8,1.0,1.0,0.5,0.5,0.5,1.0,1.0,0.5,0.5,0.5,0.5,0.5,1.0,1.0,1.0,0.5,0.5,0.2,0.6,1.0,1.0,1.0,1.0,0.0,0.5
0.0,1.0,0.0,1.0,0.2,0.4,0.0728,0.3,0.56667,0.0,1.0,0.0,0.0,0.3,0.03,0.98259,0.0,1.0,1.0,0.88889,0.88889,0.82222,0.0,0.79302,1.0,0.11111,0.58413,0.39062,0.0,0.0,0.99234,1.0,0.88889,0.8,1.0,1.0,0.5,0.5,0.5,1.0,1.0,0.5,0.5,0.5,0.0,0.0,1.0,1.0,1.0,0.29346,0.46194,0.2,0.5,1.0,0.75,1.0,1.0,1.0,1.0
1.0,0.5,1.0,0.5,0.4,0.5,0.08283,0.4,0.6,0.0,1.0,0.0,1.0,0.31,0.03,0.9868,0.0,1.0,1.0,0.88889,1.0,1.0,1.0,0.83543,1.0,0.11111,0.64751,0.42601,0.0,0.0,0.99396,1.0,1.0,0.8,1.0,1.0,0.5,0.5,0.5,1.0,1.0,0.5,0.5,0.5,0.0,0.0,1.0,1.0,1.0,0.29346,0.46194,0.2,0.5,1.0,1.0,1.0,1.0,1.0,1.0
1.0,0.5,1.0,0.5,0.4,0.5,0.08986,0.4,0.63333,0.0,1.0,0.0,1.0,0.3,0.03,0.99211,0.0,1.0,1.0,0.88889,1.0,1.0,1.0,0.87175,1.0,0.11111,0.68763,0.45862,0.0,0.0,0.99527,1.0,1.0,0.8,1.0,1.0,0.5,0.5,0.5,1.0,1.0,0.5,0.5,0.5,0.0,0.0,1.0,1.0,1.0,0.29346,0.46194,0.2,0.5,1.0,1.0,1.0,1.0,1.0,1.0
0.0,0.5,0.0,0.5,0.4,0.5,0.08181,0.4,0.66667,0.0,1.0,0.0,1.0,0.29,0.03,0.99473,0.0,1.0,1.0,0.88889,1.0,1.0,1.0,0.90369,1.0,0.11111,0.61485,0.41206,0.0,0.0,0.99452,1.0,1.0,0.8,1.0,1.0,0.5,0.5,0.5,1.0,1.0,0.5,0.5,0.5,0.0,0.0,1.0,1.0,1.0,0.29346,0.46194,0.2,0.5,1.0,0.75,1.0,1.0,1.0,1.0
0.0,0.5,0.0,0.5,0.4,0.5,0.07632,0.4,0.7,0.0,1.0,0.0,1.0,0.29,0.03,0.99683,0.0,1.0,1.0,0.88889,1.0,1.0,1.0,0.93434,1.0,0.11111,0.56405,0.38651,0.0,0.0,0.99474,1.0,1.0,0.8,1.0,1.0,0.5,0.5,0.5,1.0,1.0,0.5,0.5,0.5,0.0,0.0,1.0,1.0,1.0,0.29346,0.46194,0.2,0.5,1.0,0.5,1.0,1.0,1.0,1.0
1.0,0.5,1.0,0.5,0.5,0.5,0.0872,0.5,0.73333,0.0,1.0,0.0,1.0,0.28,0.03,0.9987,0.0,1.0,1.0,0.88889,1.0,1.0,1.0,0.9651,1.0,0.11111,0.63414,0.43204,0.0,0.0,0.99781,1.0,1.0,0.8,1.0,1.0,0.5,0.5,0.5,1.0,1.0,0.5,0.5,0.5,0.0,0.0,1.0,1.0,1.0,0.29346,0.46194,0.2,0.5,1.0,1.0,1.0,1.0,1.0,1.0
1.0,1.0,1.0,1.0,0.5,0.5,0.10535,0.5,0.8,0.0,1.0,0.0,0.0,0.28,0.03,0.0,0.99768,1.0,1.0,0.88889,1.0,1.0,0.0,0.96769,1.0,0.11111,0.74053,0.52102,0.0,0.0,0.99726,1.0,1.0,0.8,1.0,1.0,0.5,0.5,0.5,1.0,1.0,0.5,0.5,0.5,0.0,0.0,1.0,1.0,1.0,0.29346,0.46194,0.2,0.5,1.0,1.0,1.0,1.0,0.0,1.0
0.0,0.0,0.0,0.0,0.5,0.5,0.08038,0.4,0.96667,0.0,1.0,0.0,0.0,0.22,0.01,0.0,0.99361,1.0,1.0,0.88889,1.0,0.71111,0.0,0.6011,0.85872,0.22222,0.80747,0.67711,0.0,0.0,1.0,1.0,0.66667,0.7,0.8,0.94572,1.0,0.5,0.27796,1.0,1.0,0.5,0.5,0.5,0.0,0.0,1.0,1.0,1.0,0.37056,0.6375,0.3,0.2,1.0,1.0,1.0,1.0,0.0,1.0
0.5,0.5,0.5,0.5,0.5,0.5,0.05778,0.3,0.16667,0.0,1.0,0.0,0.0,0.28,0.08,0.84862,0.0,1.0,1.0,0.66667,0.86667,0.5,1.0,0.78425,1.0,0.11111,0.46456,0.37662,0.0,0.0,0.75,0.77778,0.5,0.0,0.9,0.86694,1.0,0.5,1.0,1.0,1.0,0.5,0.5,0.5,0.0,0.0,1.0,1.0,1.0,1.0,1.0,1.0,0.1,0.0,1.0,0.0,1.0,0.0,0.5
1.0,0.5,1.0,0.5,0.3,0.5,0.05843,0.3,0.2,0.0,1.0,0.0,1.0,0.27,0.09,0.90174,0.0,1.0,1.0,0.53333,1.0,1.0,0.0,0.78188,1.0,0.11111,0.4714,0.39214,0.0,0.0,0.75,1.0,1.0,0.0,0.9,0.85523,0.96492,0.96492,0.96492,1.0,1.0,0.5,0.5,0.5,0.0,0.0,1.0,1.0,1.0,1.0,1.0,1.0,0.1,0.0,1.0,0.0,1.0,0.0,1.0
0.5,0.5,0.5,0.5,0.5,0.5,0.2046,0.9,0.03333,0.0,1.0,0.0,0.0,0.1,0.0,0.5,0.5,0.5,0.5,0.5,0.5,0.5,0.5,0.0,0.0,0.55556,1.0,0.96891,0.8,0.0,0.0,0.5,0.5,0.8,1.0,1.0,0.5,0.5,0.5,1.0,1.0,0.5,0.5,0.5,0.5,0.5,1.0,0.5,0.5,0.5,0.5,0.2,0.6,1.0,1.0,1.0,1.0,0.5,0.5
0.0,0.5,0.0,0.5,0.9,0.5,0.1712,0.9,0.06667,0.0,1.0,0.0,1.0,0.14,0.0,0.5,0.5,0.91111,0.91111,1.0,1.0,0.91111,1.0,0.74137,1.0,0.11111,1.0,1.0,1.0,0.0,0.42188,1.0,0.77778,0.8,1.0,1.0,0.5,0.5,0.5,1.0,1.0,0.5,0.5,0.5,0.5,0.5,1.0,1.0,1.0,0.5,0.5,0.2,0.4,1.0,0.0,1.0,1.0,1.0,1.0
0.0,0.0,0.0,0.0,0.6,0.6,0.11002,0.6,0.13333,0.0,1.0,0.0,0.0,0.12,0.02,0.75998,0.0,0.93333,0.95556,0.97778,1.0,0.93333,1.0,0.67227,0.96039,0.22222,0.66451,0.49758,0.0,0.0,0.5,0.77778,0.55556,1.0,0.8,0.86502,0.87173,0.27058,0.0,1.0,1.0,0.5,0.5,0.5,0.36701,0.02642,0.0,1.0,1.0,0.5,0.5,1.0,0.0,0.0,1.0,1.0,1.0,0.0,1.0
0.0,0.0,0.0,0.0,0.6,0.6,0.0891,0.6,0.23333,0.0,1.0,0.0,0.0,0.09,0.04,0.93974,0.0,1.0,0.95556,0.95556,1.0,0.93333,1.0,0.5597,0.79957,0.22222,1.0,1.0,1.0,0.0,0.5,0.77778,0.77778,1.0,0.8,0.91258,0.92701,0.0,0.0,1.0,1.0,1.0,1.0,0.73137,0.25762,0.02152,0.0,1.0,1.0,1.0,1.0,1.0,0.0,0.0,1.0,0.0,1.0,0.0,1.0
0.5,0.5,0.5,0.5,0.5,0.5,0.0,0.4,0.36667,0.0,1.0,0.0,0.0,0.1,0.14,0.97685,0.0,1.0,1.0,0.97778,0.97778,0.5,0.0,0.69533,0.99333,0.11111,0.0,0.0,0.42857,0.0,0.80938,0.11111,0.5,0.0,1.0,1.0,0.5,0.5,0.5,1.0,1.0,0.5,0.5,0.5,0.0,0.0,1.0,1.0,1.0,1.0,1.0,1.0,0.1,0.0,1.0,0.0,1.0,0.0,0.5
0.0,0.0,0.0,0.0,0.1,0.25,0.0,0.3,0.0,0.88235,1.0,0.0,0.0,0.03,0.14,0.0,0.99901,1.0,1.0,0.97778,1.0,1.0,0.0,0.96945,1.0,0.88889,0.0,0.0,0.0,0.0,0.66667,0.66667,0.0,0.0,1.0,1.0,0.5,0.5,0.5,1.0,1.0,0.5,0.5,0.5,0.0,0.0,1.0,1.0,1.0,1.0,1.0,1.0,0.1,0.0,1.0,0.0,1.0,0.0,1.0
0.0,1.0,1.0,1.0,0.3,0.3,0.0,0.3,0.0,0.76923,1.0,0.0,0.0,0.03,0.14,0.0,0.99994,1.0,1.0,0.97778,1.0,1.0,0.0,0.96928,1.0,0.88889,0.0,0.0,0.0,0.0,0.66667,1.0,1.0,0.0,1.0,1.0,0.5,0.5,0.5,1.0,1.0,0.5,0.5,0.5,0.0,0.0,1.0,1.0,1.0,1.0,1.0,1.0,0.1,0.0,1.0,0.0,1.0,0.0,1.0
0.5,0.5,0.5,0.5,0.5,0.5,0.06999,0.3,0.23333,0.0,1.0,0.0,0.0,0.23,0.08,0.99233,0.0,0.8,0.95556,0.44444,1.0,0.5,0.0,0.588,0.83999,0.11111,0.79706,0.66259,0.0,0.0,1.0,1.0,0.5,0.8,1.0,1.0,0.5,0.5,0.5,1.0,1.0,0.5,0.5,0.5,0.0,0.0,1.0,1.0,1.0,0.5,0.5,0.2,0.2,1.0,1.0,1.0,1.0,0.0,0.5
0.0,0.0,0.0,0.0,0.3,0.3,0.02662,0.3,0.3,0.0,1.0,0.0,0.0,0.18,0.1,0.0,0.99619,1.0,1.0,0.42222,1.0,0.95556,1.0,0.62504,0.89291,0.22222,0.28987,0.19484,0.0,0.0,0.90161,0.88889,0.88889,0.0,0.9,0.80417,0.0,0.5,0.13462,1.0,1.0,0.5,0.5,0.5,0.0,0.0,1.0,0.0,1.0,1.0,0.07192,1.0,0.1,0.0,1.0,1.0,1.0,0.5,1.0
0.5,0.5,0.5,0.5,0.5,0.5,0.00396,0.2,0.46667,0.0,1.0,0.0,0.0,0.18,0.02,0.97633,0.0,1.0,0.95556,0.91111,1.0,0.5,1.0,0.92078,1.0,0.44444,0.02661,0.01593,0.0,0.0,0.9873,1.0,0.5,0.8,1.0,1.0,0.5,0.5,0.5,1.0,1.0,0.5,0.5,0.5,0.0,0.0,1.0,1.0,1.0,0.5,0.5,1.0,0.1,0.0,1.0,1.0,1.0,0.0,0.5
0.5,0.5,0.5,0.5,0.5,0.5,0.00914,0.4,0.26667,0.0,0.0,0.66667,0.0,0.26667,0.00889,0.0,0.99952,1.0,1.0,1.0,1.0,0.5,1.0,0.91316,1.0,0.35714,0.11636,0.06483,0.14286,0.0,0.93327,1.0,0.5,0.8,1.0,1.0,0.5,0.5,0.5,1.0,1.0,0.5,0.5,0.5,0.0,0.0,1.0,1.0,1.0,0.5,0.5,0.2,0.46667,0.85714,1.0,1.0,1.0,0.0,0.5
0.0,0.0,0.0,0.0,0.4,0.4,0.00378,0.33333,0.46667,0.0,0.0,0.66667,0.0,0.20444,0.02222,0.0,0.98954,0.80952,0.79048,0.97143,0.88571,0.67619,0.0,0.52738,0.75339,0.21429,0.25706,0.09386,0.5,0.0,0.66667,0.57143,0.35714,0.8,1.0,1.0,0.5,0.5,0.5,1.0,1.0,0.5,0.5,0.5,0.0,0.0,1.0,1.0,1.0,1.0,0.02858,0.66667,0.13333,0.5,0.0,0.0,1.0,0.0,1.0
0.0,0.5,0.0,0.5,0.33333,0.5,0.00352,0.33333,0.5,0.0,0.0,0.66667,1.0,0.18667,0.03111,0.0,0.99063,1.0,0.84762,0.97143,1.0,1.0,0.0,0.52369,0.74813,0.14286,0.36886,0.10742,0.66667,0.0,0.73376,1.0,0.92857,0.8,1.0,1.0,0.5,0.5,0.5,1.0,1.0,0.5,0.5,0.5,0.0,0.0,1.0,1.0,1.0,1.0,0.02858,0.33333,0.2,0.66667,0.5,0.5,1.0,0.33333,0.28571
0.0,0.0,0.0,0.0,0.33333,0.33333,0.00052,0.33333,0.8,0.0,0.0,0.66667,0.0,0.16889,0.04444,0.0,0.99769,1.0,1.0,0.60952,1.0,0.69524,0.0,0.88618,1.0,0.07143,0.00778,0.00281,0.27273,0.0,0.88042,0.5,0.14286,0.0,0.93333,0.99178,0.29345,0.5,0.07336,1.0,1.0,0.5,0.5,0.5,0.0,0.66706,1.0,1.0,1.0,1.0,0.07846,1.0,0.06667,0.0,1.0,0.0,1.0,0.09091,0.28571
0.0,0.0,0.0,0.0,0.33333,0.33333,0.0001,0.33333,0.86667,0.0,0.0,0.66667,0.0,0.16,0.04444,0.0,0.99747,1.0,1.0,0.58095,1.0,1.0,0.0,0.88219,1.0,0.07143,0.00151,0.00054,0.27273,0.0,0.88134,0.64286,1.0,0.0,1.0,1.0,0.5,0.5,0.5,1.0,1.0,0.5,0.5,0.5,0.0,0.0,1.0,1.0,1.0,1.0,0.07846,1.0,0.06667,0.0,1.0,0.0,1.0,0.0,1.0
0.5,0.5,0.5,0.5,0.5,0.5,0.06542,0.53333,0.63333,0.0,0.0,0.66667,0.0,0.06222,0.00444,0.0,0.99775,1.0,0.97143,1.0,1.0,0.5,0.0,0.57695,0.82421,0.07143,0.82623,0.70392,0.0,0.0,1.0,1.0,0.5,0.8,1.0,1.0,0.5,0.5,0.5,1.0,1.0,0.5,0.5,0.5,0.0,0.0,1.0,1.0,1.0,0.5,0.5,0.2,0.13333,1.0,1.0,1.0,1.0,0.0,0.5
0.0,0.5,0.0,0.5,0.4,0.5,0.05666,0.4,0.66667,0.0,0.0,0.66667,1.0,0.06222,0.00444,0.0,0.99693,0.99048,0.97143,1.0,1.0,0.99048,1.0,0.62018,0.88597,0.07143,0.63287,0.53394,0.0,0.0,0.66667,1.0,0.92857,0.8,1.0,1.0,0.5,0.5,0.5,1.0,1.0,0.5,0.5,0.5,0.0,0.0,1.0,1.0,1.0,0.5,0.5,0.2,0.2,1.0,0.5,1.0,1.0,0.5,1.0
0.0,0.5,0.0,0.5,0.33333,0.5,0.04713,0.33333,0.7,0.0,0.0,0.66667,1.0,0.06222,0.00444,0.0,0.99638,1.0,0.97143,1.0,1.0,1.0,0.0,0.55781,0.79687,0.21429,0.71418,0.52019,0.0,0.0,0.79549,1.0,0.71429,0.8,0.93333,0.99874,1.0,1.0,1.0,1.0,1.0,0.5,0.5,0.5,0.0,0.0,1.0,1.0,1.0,0.5,0.5,1.0,0.06667,0.0,1.0,1.0,1.0,0.0,1.0
0.5,0.5,0.5,0.5,0.5,0.5,0.0,0.2,0.7,0.0,0.0,0.66667,0.0,0.03111,0.03556,0.0,0.99721,0.81905,1.0,0.54286,1.0,0.5,1.0,0.82517,1.0,0.07143,0.0,0.0,0.2,0.0,0.82191,1.0,0.5,0.0,1.0,1.0,0.5,0.5,0.5,1.0,1.0,0.5,0.5,0.5,0.0,0.0,1.0,1.0,1.0,0.5,0.5,1.0,0.06667,0.0,1.0,1.0,1.0,0.0,0.5
0.5,0.5,0.5,0.5,0.5,0.5,0.03104,0.26667,0.6,0.0,0.0,0.66667,0.0,0.25333,0.01778,0.0,0.97497,1.0,1.0,0.57143,1.0,0.5,0.0,0.941,1.0,0.14286,0.47347,0.28213,0.11111,0.0,0.98023,1.0,0.5,0.8,1.0,1.0,0.5,0.5,0.5,1.0,1.0,0.5,0.5,0.5,0.0,0.0,1.0,1.0,1.0,0.03663,0.25213,0.2,0.66667,1.0,0.44444,1.0,1.0,0.0,0.5
0.0,0.5,0.0,0.5,0.33333,0.5,0.02606,0.33333,0.63333,0.0,0.0,0.66667,1.0,0.22222,0.01778,0.0,0.99026,1.0,1.0,0.57143,1.0,1.0,0.0,0.91297,1.0,0.14286,0.41009,0.22568,0.22222,0.0,0.9811,1.0,1.0,0.8,1.0,1.0,0.5,0.5,0.5,1.0,1.0,0.5,0.5,0.5,0.0,0.0,1.0,1.0,1.0,0.03663,0.25213,0.2,0.66667,1.0,0.11111,1.0,1.0,1.0,1.0
0.0,0.5,0.0,0.5,0.33333,0.5,0.02201,0.33333,0.66667,0.0,0.0,0.66667,1.0,0.21333,0.01778,0.0,0.98829,1.0,1.0,0.54286,1.0,1.0,1.0,0.98727,1.0,0.14286,0.31021,0.14902,0.22222,0.0,0.97755,1.0,0.85714,0.8,1.0,1.0,0.5,0.5,0.5,1.0,1.0,0.5,0.5,0.5,0.0,0.0,1.0,1.0,1.0,0.03663,0.25213,0.2,0.53333,0.77778,0.0,1.0,1.0,0.88889,1.0
0.5,0.5,0.5,0.5,0.5,0.5,0.00591,0.46667,0.0,0.96774,0.0,0.66667,0.0,0.03556,0.02667,0.99415,0.0,1.0,1.0,0.84762,0.88571,0.5,1.0,0.80228,1.0,0.07143,0.06894,0.02914,0.4,0.0,0.82495,0.64286,0.5,0.8,1.0,1.0,0.5,0.5,0.5,1.0,1.0,0.5,0.5,0.5,0.0,0.0,1.0,1.0,1.0,0.14804,0.75497,1.0,0.06667,0.0,1.0,0.0,1.0,0.0,0.5
0.0,0.5,0.0,0.5,0.46667,0.5,0.00588,0.46667,0.0,0.9375,0.0,0.66667,1.0,0.03556,0.02667,0.99472,0.0,1.0,1.0,0.84762,1.0,1.0,1.0,0.80243,1.0,0.07143,0.06858,0.02899,0.4,0.0,0.82478,1.0,1.0,0.8,1.0,1.0,0.5,0.5,0.5,1.0,1.0,0.5,0.5,0.5,0.0,0.0,1.0,1.0,1.0,0.14804,0.75497,1.0,0.06667,0.0,1.0,0.0,1.0,0.0,0.21429
0.0,0.5,0.0,0.5,0.46667,0.5,0.00587,0.46667,0.0,0.90909,0.0,0.66667,1.0,0.03556,0.02667,0.99554,0.0,1.0,1.0,0.84762,1.0,1.0,1.0,0.80249,1.0,0.07143,0.06847,0.02894,0.4,0.0,0.82464,1.0,1.0,0.8,1.0,1.0,0.5,0.5,0.5,1.0,1.0,0.5,0.5,0.5,0.0,0.0,1.0,1.0,1.0,0.14804,0.75497,1.0,0.06667,0.0,1.0,0.0,1.0,0.0,0.21429
0.0,0.5,0.0,0.5,0.46667,0.5,0.00587,0.46667,0.0,0.88235,0.0,0.66667,1.0,0.03556,0.02667,0.99614,0.0,1.0,1.0,0.84762,1.0,1.0,1.0,0.80251,1.0,0.07143,0.06842,0.02892,0.4,0.0,0.82453,1.0,1.0,0.8,1.0,1.0,0.5,0.5,0.5,1.0,1.0,0.5,0.5,0.5,0.0,0.0,1.0,1.0,1.0,0.14804,0.75497,1.0,0.06667,0.0,1.0,0.0,1.0,0.0,0.21429
0.0,0.5,0.0,0.5,0.46667,0.5,0.00587,0.46667,0.0,0.85714,0.0,0.66667,1.0,0.03556,0.02667,0.99671,0.0,1.0,1.0,0.84762,1.0,1.0,1.0,0.80252,1.0,0.07143,0.06841,0.02892,0.4,0.0,0.82444,1.0,1.0,0.8,1.0,1.0,0.5,0.5,0.5,1.0,1.0,0.5,0.5,0.5,0.0,0.0,1.0,1.0,1.0,0.14804,0.75497,1.0,0.06667,0.0,1.0,0.0,1.0,0.0,0.21429
0.0,0.5,0.0,0.5,0.46667,0.5,0.00587,0.46667,0.0,0.83333,0.0,0.66667,1.0,0.03556,0.02667,0.99721,0.0,1.0,1.0,0.82857,1.0,1.0,1.0,0.80252,1.0,0.07143,0.0684,0.02891,0.4,0.0,0.82438,1.0,1.0,0.8,1.0,1.0,0.5,0.5,0.5,1.0,1.0,0.5,0.5,0.5,0.0,0.0,1.0,1.0,1.0,0.14804,0.75497,1.0,0.06667,0.0,1.0,0.0,1.0,0.0,0.21429
0.5,0.5,0.5,0.5,0.5,0.5,0.16355,0.2,0.16667,0.0,0.5,0.0,0.0,0.84,0.0,1.0,0.0,1.0,1.0,1.0,1.0,0.5,0.0,0.32653,0.46647,0.0,0.81775,0.70103,0.0,0.0,0.96325,1.0,0.5,0.8,1.0,1.0,0.5,0.5,0.5,1.0,1.0,0.5,0.5,0.5,0.0,0.0,1.0,1.0,1.0,0.5,0.5,0.2,0.8,0.75,0.33333,1.0,1.0,0.0,0.5
0.0,0.5,0.0,0.5,0.2,0.5,0.1305,0.2,0.2,0.0,0.5,0.0,1.0,0.8,0.0,1.0,0.0,1.0,1.0,1.0,1.0,1.0,0.0,0.32653,0.46647,0.0,0.65249,0.54387,0.0,0.0,0.96852,1.0,1.0,0.8,1.0,1.0,0.5,0.5,0.5,1.0,1.0,0.5,0.5,0.5,0.0,0.0,1.0,1.0,1.0,0.5,0.5,0.2,0.8,0.75,0.0,1.0,1.0,0.75,1.0
0.5,0.5,0.5,0.5,0.5,0.5,0.2,0.6,0.03333,0.0,0.5,0.0,0.0,0.2,0.0,0.5,0.5,0.5,0.5,0.5,0.5,0.5,0.5,0.0,0.0,0.75,1.0,1.0,1.0,0.0,0.0,0.5,0.5,0.8,1.0,1.0,0.5,0.5,0.5,1.0,1.0,0.5,0.5,0.5,0.5,0.5,1.0,0.5,0.5,0.5,0.5,0.2,0.6,0.66667,1.0,1.0,1.0,0.5,0.5
1.0,0.5,0.0,0.5,0.6,0.5,0.1992,0.6,0.06667,0.0,0.5,0.0,1.0,0.48,0.0,0.5,0.5,0.6,0.4,1.0,1.0,0.6,1.0,0.77794,1.0,0.0,0.96792,0.86161,0.5,0.0,1.0,1.0,0.25,0.8,1.0,1.0,0.5,0.5,0.5,1.0,1.0,0.5,0.5,0.5,0.5,0.5,1.0,1.0,1.0,0.5,0.5,0.2,0.6,1.0,1.0,1.0,1.0,0.5,1.0
1.0,1.0,1.0,1.0,0.6,0.8,0.23743,0.8,0.13333,0.0,0.5,0.0,0.0,0.64,0.0,0.89268,0.0,0.4,1.0,1.0,1.0,1.0,0.0,0.7195,1.0,0.0,1.0,1.0,1.0,0.0,0.99074,1.0,1.0,0.8,1.0,1.0,0.5,0.5,0.5,1.0,1.0,0.5,0.5,0.5,0.0,0.0,1.0,1.0,1.0,0.5,0.5,0.2,0.6,1.0,1.0,1.0,1.0,0.0,1.0
0.5,0.5,0.5,0.5,0.5,0.5,0.2,0.6,0.03333,0.0,0.5,0.0,0.0,0.2,0.0,0.5,0.5,0.5,0.5,0.5,0.5,0.5,0.5,0.0,0.0,0.75,1.0,1.0,1.0,0.0,0.0,0.5,0.5,0.8,1.0,1.0,0.5,0.5,0.5,1.0,1.0,0.5,0.5,0.5,0.5,0.5,1.0,0.5,0.5,0.5,0.5,0.2,0.6,0.66667,1.0,1.0,1.0,0.5,0.5
0.5,0.5,0.5,0.5,0.5,0.5,0.2,0.6,0.03333,0.0,0.5,0.0,0.0,0.2,0.0,0.5,0.5,0.5,0.5,0.5,0.5,0.5,0.5,0.0,0.0,0.75,1.0,1.0,1.0,0.0,0.0,0.5,0.5,0.8,1.0,1.0,0.5,0.5,0.5,1.0,1.0,0.5,0.5,0.5,0.5,0.5,1.0,0.5,0.5,0.5,0.5,0.2,0.6,0.66667,1.0,1.0,1.0,0.5,0.5
0.5,0.5,0.5,0.5,0.5,0.5,0.2,0.6,0.03333,0.0,0.5,0.0,0.0,0.2,0.0,0.5,0.5,0.5,0.5,0.5,0.5,0.5,0.5,0.0,0.0,0.75,1.0,1.0,1.0,0.0,0.0,0.5,0.5,0.8,1.0,1.0,0.5,0.5,0.5,1.0,1.0,0.5,0.5,0.5,0.5,0.5,1.0,0.5,0.5,0.5,0.5,0.2,0.6,0.66667,1.0,1.0,1.0,0.5,0.5
0.0,1.0,0.0,1.0,0.2,1.0,0.22593,0.8,0.3,0.0,0.5,0.0,0.0,0.52,0.0,0.0,0.99873,1.0,1.0,1.0,1.0,0.6,1.0,0.76357,1.0,0.0,1.0,0.9881,0.5,0.0,0.98872,1.0,0.75,0.8,1.0,1.0,0.5,0.5,0.5,1.0,1.0,0.5,0.5,0.5,0.0,0.0,1.0,1.0,1.0,0.5,0.5,0.2,0.6,1.0,0.5,1.0,1.0,1.0,1.0
0.5,0.5,0.5,0.5,0.5,0.5,0.27022,0.6,0.46667,0.0,0.5,0.0,0.0,0.32,0.04,0.99255,0.0,1.0,1.0,1.0,1.0,0.5,1.0,0.85274,1.0,0.25,0.98036,0.96147,0.0,0.0,0.5,1.0,0.5,0.8,1.0,1.0,0.5,0.5,0.5,1.0,1.0,0.5,0.5,0.5,0.0,0.0,1.0,1.0,1.0,1.0,0.53573,1.0,0.2,0.0,1.0,0.0,1.0,0.0,0.5
0.5,0.5,0.5,0.5,0.5,0.5,0.12527,0.2,0.13333,0.0,0.5,0.0,0.0,0.4,0.04,0.75218,0.0,0.8,0.7,1.0,1.0,0.5,0.0,0.69135,0.98764,0.25,0.7513,0.60167,0.0,0.0,0.7051,1.0,0.5,0.6,1.0,1.0,0.5,0.5,0.5,1.0,1.0,0.5,0.5,0.5,0.0,0.0,1.0,1.0,1.0,0.5,0.5,0.4,0.4,1.0,0.0,1.0,1.0,0.0,0.5
0.5,0.5,0.5,0.5,0.5,0.5,0.43749,1.0,0.66667,0.0,0.5,0.0,0.0,0.32,0.2,0.93537,0.0,1.0,1.0,1.0,0.6,0.5,1.0,0.8838,1.0,0.0,1.0,1.0,1.0,0.0,1.0,0.75,0.5,0.8,1.0,1.0,0.5,0.5,0.5,1.0,1.0,0.5,0.5,0.5,0.0,0.0,1.0,1.0,1.0,1.0,0.61468,0.5,0.4,1.0,0.0,0.0,1.0,1.0,0.5
0.0,0.5,0.0,0.5,1.0,0.5,0.38422,1.0,0.7,0.0,0.5,0.0,1.0,0.36,0.24,0.0,0.99458,1.0,1.0,1.0,1.0,1.0,0.0,0.78793,1.0,0.0,1.0,1.0,1.0,0.0,1.0,1.0,1.0,0.8,1.0,1.0,0.5,0.5,0.5,1.0,1.0,0.5,0.5,0.5,0.0,0.0,1.0,1.0,1.0,1.0,0.61468,0.4,0.4,1.0,0.0,0.0,1.0,1.0,0.5
1.0,0.5,0.0,0.5,1.0,0.5,0.37177,1.0,0.73333,0.0,0.5,0.0,1.0,0.4,0.24,0.0,0.98673,1.0,1.0,1.0,1.0,1.0,1.0,0.87443,1.0,0.0,1.0,1.0,1.0,0.0,1.0,1.0,1.0,0.8,1.0,1.0,0.5,0.5,0.5,1.0,1.0,0.5,0.5,0.5,0.0,0.0,1.0,1.0,1.0,1.0,0.61468,0.2,0.4,1.0,0.0,0.0,1.0,1.0,0.5
1.0,0.5,1.0,0.5,1.0,0.5,0.3788,1.0,0.76667,0.0,0.5,0.0,1.0,0.4,0.24,0.0,0.99959,1.0,1.0,1.0,1.0,1.0,1.0,0.92976,1.0,0.0,1.0,1.0,1.0,0.0,1.0,1.0,1.0,0.8,1.0,1.0,0.5,0.5,0.5,1.0,1.0,0.5,0.5,0.5,0.0,0.0,1.0,1.0,1.0,1.0,0.61468,0.2,0.4,1.0,0.0,0.0,1.0,1.0,1.0
1.0,0.5,1.0,0.5,1.0,0.5,0.38666,1.0,0.8,0.0,0.5,0.0,1.0,0.4,0.24,0.99199,0.0,1.0,1.0,1.0,1.0,1.0,1.0,0.98371,1.0,0.0,1.0,1.0,1.0,0.0,1.0,1.0,1.0,0.8,1.0,1.0,0.5,0.5,0.5,1.0,1.0,0.5,0.5,0.5,0.0,0.0,1.0,1.0,1.0,1.0,0.61468,0.2,0.4,1.0,1.0,0.0,1.0,1.0,1.0
1.0,0.5,1.0,0.5,1.0,0.5,0.39529,1.0,0.83333,0.0,0.5,0.0,1.0,0.36,0.24,0.98955,0.0,1.0,1.0,1.0,1.0,1.0,0.0,0.96289,1.0,0.0,1.0,1.0,1.0,0.0,1.0,1.0,1.0,0.8,1.0,1.0,0.5,0.5,0.5,1.0,1.0,0.5,0.5,0.5,0.0,0.0,1.0,1.0,1.0,1.0,0.61468,0.2,0.4,1.0,1.0,0.0,1.0,1.0,1.0
1.0,0.5,1.0,0.5,1.0,0.5,0.40418,1.0,0.86667,0.0,0.5,0.0,1.0,0.28,0.24,0.98776,0.0,1.0,1.0,1.0,1.0,1.0,0.0,0.91212,1.0,0.0,1.0,1.0,1.0,0.0,1.0,1.0,1.0,0.8,1.0,1.0,0.5,0.5,0.5,1.0,1.0,0.5,0.5,0.5,0.0,0.0,1.0,1.0,1.0,1.0,0.61468,0.2,0.4,1.0,1.0,0.0,1.0,1.0,1.0
1.0,0.5,1.0,0.5,1.0,0.5,0.4131,1.0,0.9,0.0,0.5,0.0,1.0,0.24,0.24,0.99104,0.0,1.0,1.0,1.0,1.0,1.0,0.0,0.8643,1.0,0.0,1.0,1.0,1.0,0.0,1.0,1.0,1.0,0.8,1.0,1.0,0.5,0.5,0.5,1.0,1.0,0.5,0.5,0.5,0.0,0.0,1.0,1.0,1.0,1.0,0.61468,0.2,0.4,1.0,1.0,0.0,1.0,1.0,1.0
1.0,0.5,1.0,0.5,1.0,0.5,0.42185,1.0,0.93333,0.0,0.5,0.0,1.0,0.2,0.24,0.99531,0.0,1.0,1.0,1.0,1.0,1.0,0.0,0.81956,1.0,0.0,1.0,1.0,1.0,0.0,1.0,1.0,1.0,0.8,1.0,1.0,0.5,0.5,0.5,1.0,1.0,0.5,0.5,0.5,0.0,0.0,1.0,1.0,1.0,1.0,0.61468,0.2,0.4,1.0,1.0,0.0,1.0,1.0,1.0
1.0,0.5,1.0,0.5,1.0,0.5,0.43034,1.0,0.96667,0.0,0.5,0.0,1.0,0.16,0.24,0.99905,0.0,1.0,1.0,1.0,1.0,1.0,0.0,0.77794,1.0,0.0,1.0,1.0,1.0,0.0,1.0,1.0,1.0,0.8,1.0,1.0,0.5,0.5,0.5,1.0,1.0,0.5,0.5,0.5,0.0,0.0,1.0,1.0,1.0,1.0,0.61468,0.2,0.4,1.0,1.0,0.0,1.0,1.0,1.0
1.0,0.5,1.0,0.5,1.0,0.5,0.4385,1.0,1.0,0.0,0.5,0.0,1.0,0.16,0.24,0.0,0.99792,1.0,1.0,1.0,1.0,1.0,0.0,0.7394,1.0,0.0,1.0,1.0,1.0,0.0,1.0,1.0,1.0,0.8,1.0,1.0,0.5,0.5,0.5,1.0,1.0,0.5,0.5,0.5,0.0,0.0,1.0,1.0,1.0,1.0,0.61468,0.2,0.4,1.0,1.0,0.0,1.0,1.0,1.0
0.5,0.5,0.5,0.5,0.5,0.5,0.02047,0.4,0.33333,0.0,0.5,0.0,0.0,0.28,0.12,0.0,0.97637,1.0,1.0,1.0,1.0,0.5,1.0,0.8576,1.0,0.0,0.09475,0.06273,0.0,0.0,1.0,1.0,0.5,0.3,0.8,0.65069,0.4367,0.5,0.4367,1.0,1.0,0.5,0.5,0.5,0.00423,0.02022,0.7,1.0,1.0,0.0,0.1995,1.0,0.2,0.0,1.0,1.0,1.0,0.0,0.5
0.5,0.5,0.5,0.5,0.5,0.5,0.18914,0.4,0.33333,0.0,0.5,0.0,0.0,0.44,0.04,0.78075,0.0,1.0,1.0,1.0,1.0,0.5,1.0,0.94347,1.0,0.5,0.99465,0.59499,0.33333,0.0,0.96732,1.0,0.5,0.8,1.0,1.0,0.5,0.5,0.5,1.0,1.0,0.5,0.5,0.5,0.29306,0.0,0.4,1.0,1.0,0.5,0.5,0.9,0.4,0.33333,0.0,1.0,1.0,0.33333,0.5
0.0,0.0,0.0,0.0,0.4,0.4,0.10278,0.4,0.4,0.0,0.5,0.0,0.0,0.36,0.12,0.95049,0.0,1.0,1.0,1.0,1.0,1.0,0.0,0.81518,1.0,0.5,0.43101,0.27471,0.0,0.0,1.0,1.0,0.5,0.0,0.8,0.75542,0.64771,0.26339,0.51817,1.0,1.0,0.59857,0.69501,0.47585,0.0,0.0,1.0,1.0,1.0,0.59857,0.69501,1.0,0.2,0.0,1.0,0.0,1.0,0.0,0.5
0.0,0.0,0.0,0.0,0.4,0.2,0.0,0.2,0.5,0.0,0.5,0.0,0.0,0.28,0.12,0.0,0.96826,1.0,1.0,1.0,1.0,1.0,0.0,0.93977,1.0,0.5,0.0,0.0,0.0,0.0,0.97182,0.75,0.5,0.0,1.0,1.0,0.5,0.46691,0.5,1.0,1.0,0.59857,0.69501,0.47585,0.0,0.0,1.0,1.0,1.0,0.59857,0.69501,1.0,0.2,0.0,1.0,0.0,1.0,0.0,1.0
0.0,0.0,0.0,0.0,0.2,0.2,0.0,0.2,0.6,0.0,0.5,0.0,0.0,0.24,0.12,0.99811,0.0,1.0,1.0,1.0,1.0,0.9,1.0,0.80086,1.0,0.5,0.0,0.0,0.0,0.0,1.0,1.0,0.5,1.0,1.0,1.0,0.5,0.46691,0.5,1.0,1.0,0.59857,0.69501,0.47585,0.0,0.0,1.0,1.0,1.0,0.59857,0.69501,0.0,0.2,1.0,1.0,1.0,1.0,1.0,1.0
0.5,0.5,0.5,0.5,0.5,0.5,0.19591,0.4,0.1,0.0,0.5,0.0,0.0,0.8,0.0,0.0,1.0,0.4,0.4,1.0,1.0,0.5,0.0,0.78922,1.0,0.0,0.94512,0.85231,0.0,0.0,0.92022,1.0,0.5,0.8,1.0,1.0,0.5,0.5,0.5,1.0,1.0,0.5,0.5,0.5,0.0,0.0,1.0,1.0,1.0,0.5,0.5,0.2,0.6,1.0,1.0,1.0,1.0,1.0,0.5
1.0,1.0,1.0,1.0,0.4,1.0,0.25711,1.0,0.16667,0.0,0.5,0.0,0.0,0.68,0.0,0.90231,0.0,1.0,1.0,1.0,1.0,1.0,1.0,0.87448,1.0,0.0,1.0,1.0,1.0,0.0,0.98742,1.0,1.0,0.8,1.0,1.0,0.5,0.5,0.5,1.0,1.0,0.5,0.5,0.5,0.0,0.0,1.0,1.0,1.0,0.5,0.5,0.2,0.6,1.0,1.0,1.0,1.0,0.0,1.0
0.0,1.0,0.0,1.0,1.0,1.0,0.25417,0.8,0.3,0.0,0.5,0.0,0.0,0.56,0.0,0.0,0.98754,1.0,1.0,1.0,1.0,1.0,0.0,0.86707,1.0,0.0,1.0,0.96101,0.5,0.0,0.98937,1.0,1.0,0.8,1.0,1.0,0.5,0.5,0.5,1.0,1.0,0.5,0.5,0.5,0.0,0.0,1.0,1.0,1.0,0.5,0.5,0.2,0.6,1.0,1.0,1.0,1.0,1.0,1.0
1.0,0.5,0.0,0.5,0.6,0.5,0.24931,0.6,0.33333,0.0,0.5,0.0,1.0,0.56,0.0,0.98676,0.0,1.0,1.0,1.0,1.0,1.0,0.0,0.83027,1.0,0.0,0.98132,0.94986,0.0,0.0,0.98846,1.0,1.0,0.8,1.0,1.0,0.5,0.5,0.5,1.0,1.0,0.5,0.5,0.5,0.0,0.0,1.0,1.0,1.0,0.5,0.5,0.2,0.6,1.0,0.5,1.0,1.0,1.0,1.0
1.0,0.5,0.0,0.5,0.6,0.5,0.2445,0.6,0.36667,0.0,0.5,0.0,1.0,0.52,0.0,0.96287,0.0,1.0,1.0,1.0,1.0,1.0,0.0,0.81551,1.0,0.0,0.95524,0.90234,0.0,0.0,0.98822,1.0,1.0,0.8,1.0,1.0,0.5,0.5,0.5,1.0,1.0,0.5,0.5,0.5,0.0,0.0,1.0,1.0,1.0,0.5,0.5,0.2,0.6,1.0,1.0,1.0,1.0,1.0,1.0
1.0,0.5,1.0,0.5,0.8,0.5,0.24831,0.8,0.4,0.0,0.5,0.0,1.0,0.52,0.0,0.95435,0.0,1.0,1.0,1.0,1.0,1.0,0.0,0.80514,1.0,0.0,0.96507,0.88785,0.5,0.0,0.99009,1.0,1.0,0.8,1.0,1.0,0.5,0.5,0.5,1.0,1.0,0.5,0.5,0.5,0.0,0.0,1.0,1.0,1.0,0.5,0.5,0.2,0.6,1.0,1.0,1.0,1.0,1.0,1.0
1.0,0.5,1.0,0.5,0.8,0.5,0.25322,0.8,0.43333,0.0,0.5,0.0,1.0,0.52,0.0,0.96096,0.0,1.0,1.0,1.0,1.0,1.0,0.0,0.7825,1.0,0.0,0.97294,0.90272,0.5,0.0,0.99157,1.0,1.0,0.8,1.0,1.0,0.5,0.5,0.5,1.0,1.0,0.5,0.5,0.5,0.0,0.0,1.0,1.0,1.0,0.5,0.5,0.2,0.6,1.0,1.0,1.0,1.0,1.0,1.0
1.0,0.5,1.0,0.5,0.8,0.5,0.25562,0.8,0.46667,0.0,0.5,0.0,1.0,0.52,0.0,0.97361,0.0,1.0,1.0,1.0,1.0,1.0,0.0,0.77068,1.0,0.0,0.97631,0.90254,0.5,0.0,0.99257,1.0,1.0,0.8,1.0,1.0,0.5,0.5,0.5,1.0,1.0,0.5,0.5,0.5,0.0,0.0,1.0,1.0,1.0,0.5,0.5,0.2,0.6,1.0,1.0,1.0,1.0,1.0,1.0
1.0,0.5,0.0,0.5,0.6,0.5,0.2508,0.6,0.5,0.0,0.5,0.0,1.0,0.48,0.0,0.979,0.0,1.0,1.0,1.0,1.0,1.0,0.0,0.76151,1.0,0.0,0.95343,0.88265,0.0,0.0,0.99216,1.0,1.0,0.8,1.0,1.0,0.5,0.5,0.5,1.0,1.0,0.5,0.5,0.5,0.0,0.0,1.0,1.0,1.0,0.5,0.5,0.2,0.6,1.0,1.0,1.0,1.0,1.0,1.0
1.0,0.5,1.0,0.5,0.8,0.5,0.25483,0.8,0.53333,0.0,0.5,0.0,1.0,0.44,0.0,0.98484,0.0,1.0,1.0,1.0,1.0,1.0,0.0,0.75267,1.0,0.0,0.96439,0.89102,0.5,0.0,0.99309,1.0,1.0,0.8,1.0,1.0,0.5,0.5,0.5,1.0,1.0,0.5,0.5,0.5,0.0,0.0,1.0,1.0,1.0,0.5,0.5,0.2,0.6,1.0,1.0,1.0,1.0,1.0,1.0
1.0,0.5,1.0,0.5,0.8,0.5,0.25932,0.8,0.56667,0.0,0.5,0.0,1.0,0.48,0.0,0.99386,0.0,1.0,1.0,1.0,1.0,1.0,0.0,0.73178,1.0,0.0,0.97101,0.89806,0.5,0.0,0.99387,1.0,1.0,0.8,1.0,1.0,0.5,0.5,0.5,1.0,1.0,0.5,0.5,0.5,0.0,0.0,1.0,1.0,1.0,0.5,0.5,0.2,0.6,1.0,1.0,1.0,1.0,1.0,1.0
1.0,0.5,1.0,0.5,0.8,0.5,0.26195,0.8,0.6,0.0,0.5,0.0,1.0,0.48,0.0,0.99996,0.0,1.0,1.0,1.0,1.0,1.0,0.0,0.72138,1.0,0.0,0.97567,0.90201,0.5,0.0,0.99463,1.0,1.0,0.8,1.0,1.0,0.5,0.5,0.5,1.0,1.0,0.5,0.5,0.5,0.0,0.0,1.0,1.0,1.0,0.5,0.5,0.2,0.6,1.0,1.0,1.0,1.0,1.0,1.0
1.0,0.5,0.0,0.5,0.6,0.5,0.25692,0.6,0.63333,0.0,0.5,0.0,1.0,0.48,0.0,0.99941,0.0,1.0,1.0,1.0,1.0,1.0,0.0,0.71274,1.0,0.0,0.95271,0.88114,0.0,0.0,0.99431,1.0,1.0,0.8,1.0,1.0,0.5,0.5,0.5,1.0,1.0,0.5,0.5,0.5,0.0,0.0,1.0,1.0,1.0,0.5,0.5,0.2,0.6,1.0,1.0,1.0,1.0,1.0,1.0
1.0,0.5,0.0,0.5,0.6,0.5,0.2539,0.6,0.66667,0.0,0.5,0.0,1.0,0.48,0.0,0.0,0.9996,1.0,1.0,1.0,1.0,1.0,0.0,0.70442,1.0,0.0,0.9375,0.86583,0.0,0.0,0.99406,1.0,1.0,0.8,1.0,1.0,0.5,0.5,0.5,1.0,1.0,0.5,0.5,0.5,0.0,0.0,1.0,1.0,1.0,0.5,0.5,0.2,0.6,1.0,1.0,1.0,1.0,1.0,1.0
1.0,1.0,1.0,1.0,0.6,1.0,0.30799,1.0,0.73333,0.0,0.5,0.0,0.0,0.48,0.0,0.0,0.9602,1.0,1.0,1.0,1.0,1.0,0.0,0.6333,0.90471,0.0,1.0,1.0,1.0,0.0,0.99891,1.0,1.0,0.8,1.0,1.0,0.5,0.5,0.5,1.0,1.0,0.5,0.5,0.5,0.0,0.0,1.0,1.0,1.0,0.5,0.5,0.2,0.6,1.0,1.0,1.0,1.0,0.0,1.0
0.0,0.0,0.0,0.0,0.8,0.6,0.26938,0.6,0.8,0.0,0.5,0.0,0.0,0.44,0.0,0.0,0.99513,1.0,1.0,1.0,1.0,1.0,0.0,0.61882,0.88403,0.0,0.95149,0.915,0.0,0.0,0.99968,1.0,1.0,0.8,1.0,1.0,0.5,0.5,0.5,1.0,1.0,0.5,0.5,0.5,0.0,0.0,1.0,1.0,1.0,0.5,0.5,0.2,0.6,1.0,1.0,1.0,1.0,0.0,1.0
0.5,0.5,0.5,0.5,0.5,0.5,0.10471,0.2,0.33333,0.0,0.5,0.0,0.0,0.56,0.0,0.0,0.99359,1.0,1.0,1.0,1.0,0.5,0.0,0.53327,0.76182,0.0,0.47124,0.38959,0.0,0.0,0.97792,0.75,0.5,0.8,1.0,1.0,0.5,0.5,0.5,1.0,1.0,0.5,0.5,0.5,0.0,0.0,1.0,1.0,1.0,0.5,0.5,0.2,0.4,0.33333,0.0,1.0,1.0,0.33333,0.5
0.0,0.0,0.0,0.0,0.2,0.2,0.02715,0.4,0.0,0.96774,0.5,0.0,0.0,0.48,0.0,0.0,0.99491,0.7,1.0,1.0,1.0,0.7,1.0,0.79046,1.0,0.75,0.11054,0.08034,0.0,0.0,0.98619,1.0,1.0,0.8,1.0,1.0,0.5,0.5,0.5,1.0,1.0,0.5,0.5,0.5,0.0,0.0,1.0,1.0,1.0,0.1493,1.0,1.0,0.2,0.0,1.0,1.0,1.0,0.0,1.0
0.0,0.0,0.0,0.0,0.4,0.4,0.02338,0.4,0.0,0.90909,0.5,0.0,0.0,0.4,0.0,0.99472,0.0,1.0,1.0,1.0,1.0,1.0,0.0,0.78941,1.0,0.75,0.09492,0.06858,0.0,0.0,0.9866,1.0,1.0,0.8,1.0,1.0,0.5,0.5,0.5,1.0,1.0,0.5,0.5,0.5,0.0,0.0,1.0,1.0,1.0,0.1493,1.0,1.0,0.2,0.0,1.0,1.0,1.0,0.0,0.5
0.0,0.0,0.0,0.0,0.4,0.4,0.01979,0.4,0.0,0.85714,0.5,0.0,0.0,0.4,0.0,0.99745,0.0,1.0,1.0,1.0,1.0,1.0,0.0,0.78866,1.0,0.75,0.08014,0.05762,0.0,0.0,0.98725,1.0,1.0,0.8,1.0,1.0,0.5,0.5,0.5,1.0,1.0,0.5,0.5,0.5,0.0,0.0,1.0,1.0,1.0,0.1493,1.0,1.0,0.2,0.0,1.0,1.0,1.0,0.0,0.5
0.0,0.0,0.0,0.0,0.4,0.4,0.01664,0.4,0.0,0.81081,0.5,0.0,0.0,0.4,0.0,0.0,0.99808,1.0,1.0,1.0,1.0,1.0,0.0,0.78808,1.0,0.75,0.06724,0.04816,0.0,0.0,0.98798,1.0,1.0,0.8,1.0,1.0,0.5,0.5,0.5,1.0,1.0,0.5,0.5,0.5,0.0,0.0,1.0,1.0,1.0,0.1493,1.0,1.0,0.2,0.0,1.0,1.0,1.0,0.0,0.5
0.0,0.5,0.0,0.5,0.4,0.5,0.01523,0.4,0.0,0.78947,0.5,0.0,1.0,0.4,0.0,0.0,0.99664,1.0,1.0,1.0,1.0,1.0,0.0,0.78785,1.0,0.75,0.06149,0.04398,0.0,0.0,0.98836,1.0,1.0,0.8,1.0,1.0,0.5,0.5,0.5,1.0,1.0,0.5,0.5,0.5,0.0,0.0,1.0,1.0,1.0,0.1493,1.0,1.0,0.2,0.0,1.0,1.0,1.0,0.0,0.5
0.0,0.5,0.0,0.5,0.4,0.5,0.01393,0.4,0.0,0.76923,0.5,0.0,1.0,0.36,0.0,0.0,0.99572,1.0,1.0,1.0,1.0,1.0,0.0,0.78764,1.0,0.75,0.05619,0.04013,0.0,0.0,0.98874,1.0,1.0,0.8,1.0,1.0,0.5,0.5,0.5,1.0,1.0,0.5,0.5,0.5,0.0,0.0,1.0,1.0,1.0,0.1493,1.0,1.0,0.2,0.0,1.0,1.0,1.0,0.0,0.5
0.0,0.5,0.0,0.5,0.4,0.5,0.01273,0.4,0.0,0.75,0.5,0.0,1.0,0.36,0.0,0.0,0.99517,1.0,1.0,1.0,1.0,1.0,0.0,0.78745,1.0,0.75,0.05132,0.0366,0.0,0.0,0.98911,1.0,1.0,0.8,1.0,1.0,0.5,0.5,0.5,1.0,1.0,0.5,0.5,0.5,0.0,0.0,1.0,1.0,1.0,0.1493,1.0,1.0,0.2,0.0,1.0,1.0,1.0,0.0,0.5
0.5,0.5,0.5,0.5,0.5,0.5,0.2,0.6,0.03333,0.0,0.5,0.0,0.0,0.2,0.0,0.5,0.5,0.5,0.5,0.5,0.5,0.5,0.5,0.0,0.0,0.75,1.0,1.0,1.0,0.0,0.0,0.5,0.5,0.8,1.0,1.0,0.5,0.5,0.5,1.0,1.0,0.5,0.5,0.5,0.5,0.5,1.0,0.5,0.5,0.5,0.5,0.2,0.6,0.66667,1.0,1.0,1.0,0.5,0.5
0.0,0.0,0.0,0.0,0.2,0.2,0.17694,0.2,0.2,0.0,0.5,0.0,0.0,0.32,0.0,0.97977,0.0,0.9,1.0,1.0,1.0,0.9,0.0,0.30318,0.43312,0.0,0.91816,0.8487,0.0,0.0,0.93129,1.0,0.5,0.8,1.0,1.0,0.5,0.5,0.5,1.0,1.0,0.5,0.5,0.5,0.0,0.0,1.0,1.0,1.0,0.5,0.5,0.2,0.4,1.0,0.0,1.0,1.0,1.0,1.0
0.5,0.5,0.5,0.5,0.5,0.5,0.0,0.2,0.43333,0.0,0.5,0.0,0.0,0.44,0.2,0.99233,0.0,1.0,1.0,0.9,1.0,0.5,0.0,0.85793,1.0,0.25,0.0,0.0,0.0,0.0,0.89348,1.0,0.5,0.0,1.0,1.0,0.5,0.5,0.5,1.0,1.0,0.5,0.5,0.5,0.0,0.0,1.0,1.0,1.0,1.0,1.0,1.0,0.2,0.0,1.0,0.0,1.0,0.5,0.5
0.5,0.5,0.5,0.5,0.5,0.5,0.39633,1.0,0.2,0.0,0.5,0.0,0.0,0.6,0.0,0.0,0.99517,1.0,1.0,1.0,1.0,0.5,1.0,0.97202,1.0,0.0,1.0,1.0,1.0,0.0,1.0,1.0,0.5,0.8,1.0,1.0,0.5,0.5,0.5,1.0,1.0,0.5,0.5,0.5,0.0,0.0,1.0,1.0,1.0,0.5,0.5,0.3,0.6,1.0,1.0,1.0,1.0,0.0,0.5
0.0,0.0,0.0,0.0,1.0,1.0,0.29156,1.0,0.3,0.0,0.5,0.0,0.0,0.68,0.0,0.90871,0.0,1.0,1.0,1.0,1.0,1.0,1.0,0.99863,1.0,0.0,1.0,1.0,1.0,0.0,1.0,1.0,1.0,0.8,1.0,1.0,0.5,0.5,0.5,1.0,1.0,0.5,0.5,0.5,0.0,0.0,1.0,1.0,1.0,0.5,0.5,0.2,0.6,1.0,0.0,1.0,1.0,1.0,1.0
0.0,0.5,0.0,0.5,0.8,0.5,0.23979,0.8,0.33333,0.0,0.5,0.0,1.0,0.68,0.0,0.93258,0.0,1.0,1.0,1.0,1.0,1.0,0.0,0.98641,1.0,0.0,1.0,0.99005,0.5,0.0,0.98839,1.0,1.0,0.8,1.0,1.0,0.5,0.5,0.5,1.0,1.0,0.5,0.5,0.5,0.0,0.0,1.0,1.0,1.0,0.5,0.5,0.2,0.6,1.0,0.0,1.0,1.0,1.0,1.0
0.0,0.5,0.0,0.5,0.6,0.5,0.22607,0.6,0.36667,0.0,0.5,0.0,1.0,0.64,0.0,0.99473,0.0,1.0,1.0,1.0,1.0,1.0,0.0,0.92413,1.0,0.0,0.93281,0.82582,0.0,0.0,0.95535,1.0,1.0,0.8,1.0,1.0,0.5,0.5,0.5,1.0,1.0,0.5,0.5,0.5,0.0,0.0,1.0,1.0,1.0,0.5,0.5,1.0,0.2,0.0,1.0,1.0,1.0,1.0,1.0
1.0,0.5,1.0,0.5,1.0,0.5,0.25845,1.0,0.4,0.0,0.5,0.0,1.0,0.64,0.0,0.98231,0.0,1.0,1.0,1.0,1.0,1.0,0.0,0.89742,1.0,0.0,1.0,1.0,1.0,0.0,0.96305,1.0,1.0,0.8,1.0,1.0,0.5,0.5,0.5,1.0,1.0,0.5,0.5,0.5,0.0,0.0,1.0,1.0,1.0,0.5,0.5,1.0,0.2,0.0,1.0,1.0,1.0,0.0,0.75
1.0,0.5,1.0,0.5,1.0,0.5,0.26217,1.0,0.43333,0.0,0.5,0.0,1.0,0.56,0.0,0.97868,0.0,1.0,1.0,1.0,1.0,1.0,0.0,0.88928,1.0,0.0,1.0,1.0,1.0,0.0,0.96423,1.0,1.0,0.8,1.0,1.0,0.5,0.5,0.5,1.0,1.0,0.5,0.5,0.5,0.0,0.0,1.0,1.0,1.0,0.5,0.5,1.0,0.2,0.0,1.0,1.0,1.0,0.0,0.5
0.0,0.0,1.0,1.0,1.0,1.0,0.29654,1.0,0.6,0.0,0.5,0.0,0.0,0.36,0.04,0.76448,0.0,1.0,1.0,1.0,1.0,0.7,1.0,0.85607,1.0,0.25,1.0,1.0,1.0,0.0,0.95769,1.0,0.75,0.8,1.0,1.0,0.5,0.5,0.5,1.0,1.0,0.5,0.5,0.5,0.0,0.0,1.0,1.0,1.0,1.0,1.0,1.0,0.2,0.0,1.0,0.0,1.0,0.0,0.5
0.0,0.0,0.0,0.0,1.0,1.0,0.32391,1.0,0.0,0.96774,0.5,0.0,0.0,0.24,0.04,0.0,0.98818,0.9,1.0,1.0,1.0,0.8,0.0,0.8419,1.0,0.25,1.0,1.0,1.0,0.0,1.0,0.75,1.0,0.8,1.0,1.0,0.5,0.5,0.5,1.0,1.0,0.5,0.5,0.5,0.0,0.0,1.0,1.0,1.0,1.0,1.0,0.3,0.4,1.0,1.0,1.0,1.0,0.0,0.5
0.0,0.0,0.0,0.0,0.8,0.6,0.23,0.6,0.0,0.90909,0.5,0.0,0.0,0.32,0.04,0.0,0.95741,1.0,1.0,1.0,1.0,0.9,0.0,0.78776,1.0,0.25,0.96569,0.93366,0.0,0.0,1.0,0.5,0.5,0.8,1.0,1.0,0.5,0.5,0.5,1.0,1.0,0.5,0.5,0.5,0.0,0.0,1.0,1.0,1.0,1.0,1.0,0.2,0.4,1.0,0.0,1.0,1.0,1.0,0.5
0.0,0.5,0.0,0.5,0.4,0.5,0.17897,0.4,0.0,0.88235,0.5,0.0,1.0,0.28,0.04,0.0,0.98217,1.0,0.9,1.0,1.0,1.0,1.0,0.80233,1.0,0.25,0.74634,0.59533,0.0,0.0,1.0,1.0,1.0,0.8,1.0,1.0,0.5,0.5,0.5,1.0,1.0,0.5,0.5,0.5,0.0,0.0,1.0,1.0,1.0,1.0,1.0,0.2,0.4,1.0,0.0,1.0,1.0,1.0,1.0
0.5,0.5,0.5,0.5,0.5,0.5,0.24264,0.6,1.0,0.0,0.5,0.0,0.0,0.44,0.08,0.0,0.99161,0.9,1.0,0.9,1.0,0.5,0.0,0.8387,1.0,0.25,0.85869,0.75237,0.0,0.0,1.0,0.75,0.5,0.8,1.0,1.0,0.5,0.5,0.5,1.0,1.0,0.5,0.5,0.5,0.94519,0.14646,0.3,1.0,1.0,1.0,0.83342,0.9,0.4,1.0,1.0,1.0,1.0,1.0,0.5
1.0,0.5,1.0,0.5,0.6,0.5,0.25274,0.6,0.0,0.96774,0.5,0.0,1.0,0.44,0.12,0.0,0.98372,1.0,1.0,0.9,1.0,1.0,1.0,0.87616,1.0,0.25,0.852,0.74216,0.0,0.0,1.0,1.0,1.0,0.8,1.0,1.0,0.5,0.5,0.5,1.0,1.0,1.0,0.65639,0.5,0.0,0.30501,1.0,1.0,1.0,1.0,0.65639,0.2,0.4,1.0,1.0,1.0,1.0,1.0,1.0
0.0,0.5,0.0,0.5,0.6,0.5,0.20977,0.6,0.0,0.9375,0.5,0.0,1.0,0.4,0.12,0.0,0.97787,1.0,1.0,0.9,1.0,1.0,1.0,0.89069,1.0,0.25,0.69436,0.53182,0.0,0.0,1.0,1.0,1.0,0.8,1.0,1.0,0.5,0.5,0.5,1.0,1.0,1.0,0.65639,0.90781,0.0,0.0,1.0,1.0,1.0,1.0,0.65639,0.2,0.4,1.0,0.0,1.0,1.0,1.0,1.0
0.0,0.5,0.0,0.5,0.6,0.5,0.19348,0.6,0.0,0.90909,0.5,0.0,1.0,0.4,0.12,0.0,0.97747,1.0,1.0,0.9,1.0,1.0,1.0,0.91265,1.0,0.25,0.62115,0.45049,0.0,0.0,1.0,1.0,1.0,0.8,1.0,1.0,0.5,0.5,0.5,1.0,1.0,1.0,0.65639,0.90781,0.0,0.0,1.0,1.0,1.0,1.0,0.65639,0.2,0.4,1.0,0.0,1.0,1.0,1.0,1.0
1.0,0.5,0.0,0.5,0.6,0.5,0.18672,0.6,0.0,0.88235,0.5,0.0,1.0,0.4,0.08,0.0,0.98036,1.0,1.0,0.9,1.0,1.0,1.0,0.92729,1.0,0.25,0.58751,0.41594,0.0,0.0,1.0,1.0,1.0,0.8,0.8,0.99321,1.0,1.0,1.0,1.0,1.0,1.0,0.65639,0.90781,0.0,0.0,1.0,1.0,1.0,1.0,0.65639,1.0,0.2,0.0,1.0,0.0,1.0,1.0,1.0
1.0,0.5,1.0,0.5,0.6,0.5,0.21197,0.6,0.0,0.85714,0.5,0.0,1.0,0.32,0.08,0.0,0.98517,1.0,1.0,0.9,1.0,1.0,1.0,0.93417,1.0,0.25,0.66071,0.49333,0.0,1.0,1.0,1.0,1.0,0.8,1.0,1.0,0.5,1.0,0.5,1.0,1.0,1.0,0.65639,0.90781,0.0,0.0,1.0,1.0,1.0,1.0,0.65639,0.2,0.4,1.0,1.0,1.0,1.0,0.0,0.75
1.0,0.5,0.0,0.5,0.6,0.5,0.20326,0.6,0.0,0.83333,0.5,0.0,1.0,0.28,0.08,0.0,0.98953,1.0,1.0,0.9,1.0,1.0,1.0,0.95639,1.0,0.25,0.61473,0.44376,0.0,1.0,1.0,1.0,1.0,0.8,1.0,1.0,0.5,1.0,0.5,1.0,1.0,1.0,0.65639,0.90781,0.0,0.0,1.0,1.0,1.0,1.0,0.65639,0.2,0.4,1.0,1.0,1.0,1.0,1.0,1.0
1.0,0.5,0.0,0.5,0.6,0.5,0.1974,0.6,0.0,0.81081,0.5,0.0,1.0,0.28,0.08,0.0,0.99251,1.0,1.0,0.9,1.0,1.0,1.0,0.95656,1.0,0.25,0.59688,0.4254,0.0,0.0,1.0,1.0,1.0,0.8,1.0,1.0,0.5,1.0,0.5,1.0,1.0,1.0,0.65639,0.90781,0.0,0.0,1.0,1.0,1.0,1.0,0.65639,0.2,0.4,1.0,1.0,1.0,1.0,1.0,1.0
1.0,0.5,0.0,0.5,0.6,0.5,0.19169,0.6,0.0,0.78947,0.5,0.0,1.0,0.28,0.08,0.0,0.99453,1.0,1.0,0.9,1.0,1.0,1.0,0.9612,1.0,0.25,0.57604,0.40453,0.0,0.0,1.0,1.0,1.0,0.8,1.0,1.0,0.5,1.0,0.5,1.0,1.0,1.0,0.65639,0.90781,0.0,0.0,1.0,1.0,1.0,1.0,0.65639,0.2,0.4,1.0,1.0,1.0,1.0,1.0,1.0
1.0,0.5,0.0,0.5,0.6,0.5,0.18849,0.6,0.0,0.76923,0.5,0.0,1.0,0.28,0.08,0.0,0.99551,1.0,1.0,0.9,1.0,1.0,1.0,0.96277,1.0,0.25,0.56526,0.39398,0.0,0.0,1.0,1.0,1.0,0.8,0.8,0.99753,1.0,1.0,1.0,1.0,1.0,1.0,0.65639,0.90781,0.0,0.0,1.0,1.0,1.0,1.0,0.65639,0.2,0.4,1.0,1.0,1.0,1.0,1.0,1.0
1.0,0.5,1.0,0.5,0.6,0.5,0.21036,0.6,0.0,0.75,0.5,0.0,1.0,0.32,0.08,0.0,0.99648,1.0,1.0,0.9,1.0,1.0,1.0,0.96436,1.0,0.25,0.62953,0.45935,0.0,0.0,1.0,1.0,1.0,0.8,1.0,1.0,0.5,1.0,0.5,1.0,1.0,1.0,0.65639,0.90781,0.0,0.0,1.0,1.0,1.0,1.0,0.65639,0.2,0.4,1.0,1.0,1.0,1.0,1.0,1.0
0.5,0.5,0.5,0.5,0.5,0.5,0.07059,0.2,0.5,0.0,1.0,0.0,0.0,0.4,0.03,0.0,0.98521,1.0,1.0,0.75556,1.0,0.5,1.0,0.82505,1.0,0.77778,0.64507,0.5577,0.0,0.0,0.99719,1.0,0.5,0.8,1.0,1.0,0.5,0.5,0.5,1.0,1.0,0.5,0.5,0.5,0.0,0.0,1.0,1.0,1.0,0.60032,0.59046,0.2,0.5,1.0,1.0,1.0,1.0,0.0,0.5
0.0,0.0,0.0,0.0,0.2,0.2,0.04095,0.2,0.56667,0.0,1.0,0.0,0.0,0.39,0.03,0.94312,0.0,1.0,0.91111,0.82222,1.0,0.8,0.0,0.58729,0.83899,0.11111,0.53137,0.36182,0.0,0.0,1.0,0.66667,0.66667,0.8,1.0,1.0,0.5,0.5,0.5,1.0,1.0,0.5,0.5,0.5,0.0,0.0,1.0,1.0,1.0,0.60032,0.59046,0.2,0.2,1.0,0.0,1.0,1.0,1.0,1.0
0.5,0.5,0.5,0.5,0.5,0.5,0.07195,0.1,0.13333,0.0,1.0,0.0,0.0,0.11,0.0,0.95417,0.0,1.0,1.0,1.0,1.0,0.5,0.0,0.07883,0.11262,0.0,0.7322,0.57754,0.0,0.0,0.5,1.0,0.5,0.8,1.0,1.0,0.5,0.5,0.5,1.0,1.0,0.5,0.5,0.5,0.0,0.0,1.0,1.0,1.0,0.5,0.5,1.0,0.1,0.0,1.0,1.0,1.0,0.0,0.5
0.5,0.5,0.5,0.5,0.5,0.5,0.1,0.55,0.03333,0.0,1.0,0.0,0.0,0.1,0.0,0.5,0.5,0.5,0.5,0.5,0.5,0.5,0.5,0.0,0.0,0.66667,1.0,1.0,1.0,0.0,0.0,0.5,0.5,0.8,1.0,1.0,0.5,0.5,0.5,1.0,1.0,0.5,0.5,0.5,0.5,0.5,1.0,0.5,0.5,0.5,0.5,0.2,0.6,0.83333,1.0,1.0,1.0,0.5,0.5
0.0,1.0,0.0,1.0,0.2,1.0,0.18116,1.0,0.13333,0.0,1.0,0.0,0.0,0.37,0.0,0.0,0.52792,1.0,1.0,1.0,1.0,0.73333,0.0,0.81109,1.0,0.11111,1.0,1.0,1.0,0.0,0.95876,0.88889,0.77778,0.8,1.0,1.0,0.5,0.5,0.5,1.0,1.0,0.5,0.5,0.5,0.0,0.0,1.0,1.0,1.0,0.5,0.5,0.2,0.5,1.0,0.75,1.0,1.0,1.0,1.0
0.0,0.5,0.0,0.5,1.0,0.5,0.16822,1.0,0.16667,0.0,1.0,0.0,1.0,0.49,0.0,0.0,0.62604,0.73333,1.0,1.0,1.0,0.73333,1.0,0.92389,1.0,0.11111,1.0,1.0,1.0,1.0,0.98254,1.0,0.88889,0.8,1.0,1.0,0.5,0.5,0.5,1.0,1.0,0.5,0.5,0.5,0.0,0.0,1.0,1.0,1.0,0.5,0.5,0.2,0.6,1.0,1.0,1.0,1.0,0.8,1.0
0.0,0.0,0.0,0.0,1.0,1.0,0.09416,0.3,0.36667,0.0,1.0,0.0,0.0,0.46,0.0,0.96553,0.0,0.86667,1.0,1.0,1.0,0.86667,1.0,0.58052,0.82931,0.0,0.8827,0.76405,0.0,0.0,0.98364,1.0,0.88889,0.8,1.0,1.0,0.5,0.5,0.5,1.0,1.0,0.5,0.5,0.5,0.0,0.0,1.0,1.0,1.0,0.5,0.5,0.2,0.3,0.5,0.0,1.0,1.0,1.0,1.0
0.0,0.0,0.0,0.0,0.2,0.2,0.08394,0.4,0.66667,0.0,1.0,0.0,0.0,0.15,0.0,0.95859,0.0,0.97778,0.93333,1.0,1.0,0.73333,0.0,0.59225,0.84607,0.11111,0.97642,0.69989,0.5,0.0,0.93811,1.0,0.55556,0.8,1.0,1.0,0.5,0.5,0.5,1.0,1.0,0.5,0.5,0.5,0.0,0.0,1.0,1.0,1.0,0.5,0.5,1.0,0.1,0.0,1.0,1.0,1.0,0.0,1.0
0.5,0.5,0.5,0.5,0.5,0.5,0.11998,0.9,0.33333,0.0,1.0,0.0,0.0,0.33,0.0,0.99474,0.0,1.0,0.97778,1.0,1.0,0.5,1.0,0.9175,1.0,0.0,1.0,0.97194,0.8,0.0,0.97847,1.0,0.5,0.8,1.0,1.0,0.5,0.5,0.5,1.0,1.0,0.5,0.5,0.5,0.0,0.0,1.0,1.0,1.0,0.5,0.5,0.2,0.6,1.0,0.4,1.0,1.0,1.0,0.5
1.0,0.5,0.0,0.5,0.8,0.5,0.11976,0.8,0.36667,0.0,1.0,0.0,1.0,0.31,0.0,0.0,0.99779,0.77778,0.8,1.0,1.0,0.77778,1.0,0.981,1.0,0.33333,1.0,0.92418,0.6,0.0,0.95728,1.0,1.0,0.8,1.0,1.0,0.5,0.5,0.5,1.0,1.0,0.5,0.5,0.5,0.0,0.0,1.0,1.0,1.0,0.5,0.5,0.2,0.4,0.6,0.66667,1.0,1.0,1.0,1.0
1.0,0.5,1.0,0.5,0.8,0.5,0.1248,0.8,0.4,0.0,1.0,0.0,1.0,0.29,0.01,0.41767,0.0,0.77778,1.0,1.0,1.0,0.77778,0.0,0.96322,1.0,0.0,1.0,0.95677,0.6,0.0,0.94359,1.0,1.0,0.8,1.0,1.0,0.5,0.5,0.5,1.0,1.0,0.5,0.5,0.5,1.0,0.0,0.5,1.0,1.0,0.5,0.5,0.7,0.4,0.6,0.66667,1.0,1.0,0.6,1.0
1.0,0.5,1.0,0.5,1.0,0.5,0.13861,1.0,0.43333,0.0,1.0,0.0,1.0,0.27,0.05,0.64025,0.0,0.97778,1.0,0.88889,1.0,0.97778,0.0,0.90414,1.0,0.0,1.0,1.0,1.0,0.0,0.93875,1.0,1.0,0.8,1.0,1.0,0.5,0.5,0.5,1.0,1.0,0.76612,0.52023,0.5,0.0,0.17372,1.0,1.0,1.0,0.76612,0.52023,0.2,0.4,0.6,1.0,0.66667,1.0,0.6,1.0
0.0,1.0,0.0,1.0,0.8,0.9,0.14393,0.8,0.56667,0.0,1.0,0.0,0.0,0.26,0.05,0.0,0.98635,1.0,1.0,0.8,1.0,1.0,1.0,0.97581,1.0,0.11111,1.0,0.93728,0.5,0.0,0.94213,0.77778,0.88889,0.8,1.0,1.0,0.5,0.5,0.5,1.0,1.0,0.76612,0.52023,1.0,0.0,0.0,1.0,1.0,1.0,0.76612,0.52023,0.2,0.4,0.75,0.66667,0.66667,1.0,0.75,1.0
1.0,0.5,1.0,0.5,1.0,0.5,0.15931,1.0,0.6,0.0,1.0,0.0,1.0,0.26,0.05,0.0,0.99086,1.0,1.0,0.8,1.0,1.0,1.0,0.99625,1.0,0.11111,1.0,1.0,1.0,0.0,0.94208,1.0,1.0,0.8,1.0,1.0,0.5,0.5,0.5,1.0,1.0,0.76612,0.52023,1.0,0.0,0.0,1.0,1.0,1.0,0.76612,0.52023,0.2,0.4,0.75,1.0,0.66667,1.0,0.75,1.0
1.0,0.5,1.0,0.5,1.0,0.5,0.16475,1.0,0.63333,0.0,1.0,0.0,1.0,0.25,0.05,0.0,0.99352,1.0,1.0,0.8,1.0,1.0,0.0,0.98263,1.0,0.11111,1.0,1.0,1.0,0.0,0.94035,1.0,1.0,0.8,1.0,1.0,0.5,0.5,0.5,1.0,1.0,0.76612,0.52023,1.0,0.0,0.0,1.0,1.0,1.0,0.76612,0.52023,0.2,0.4,0.75,0.66667,0.66667,1.0,0.75,1.0
0.5,0.5,0.5,0.5,0.5,0.5,0.08111,0.2,0.53333,0.0,1.0,0.0,0.0,0.29,0.04,0.99676,0.0,1.0,1.0,1.0,1.0,0.5,0.0,0.69876,0.99823,0.11111,0.80158,0.73868,0.0,0.0,0.99028,1.0,0.5,0.8,1.0,1.0,0.5,0.5,0.5,1.0,1.0,0.5,0.5,0.5,0.50221,0.77636,0.55,1.0,1.0,0.48746,0.36102,0.65,0.3,0.66667,0.5,1.0,1.0,0.33333,0.5
0.0,0.5,0.0,0.5,0.2,0.5,0.07788,0.2,0.56667,0.0,1.0,0.0,1.0,0.29,0.05,0.0,0.9914,1.0,1.0,1.0,1.0,1.0,1.0,0.70404,1.0,0.11111,0.75962,0.68094,0.0,0.0,0.98711,1.0,1.0,0.8,1.0,1.0,0.5,0.5,0.5,1.0,1.0,0.42662,0.4999,0.5,0.0,0.64741,1.0,1.0,1.0,0.42662,0.4999,0.2,0.3,0.66667,0.0,0.5,1.0,0.66667,1.0
0.0,1.0,0.0,1.0,0.1,0.1,0.10226,0.5,0.8,0.0,1.0,0.0,0.0,0.34,0.07,0.99653,0.0,1.0,1.0,0.91111,1.0,1.0,1.0,0.68428,0.97754,0.11111,1.0,0.95177,0.66667,0.0,0.98256,0.77778,0.77778,0.8,1.0,1.0,0.5,0.4087,0.5,1.0,1.0,0.42662,0.4999,0.93983,0.0,0.0,1.0,1.0,1.0,0.42662,0.4999,0.2,0.2,0.33333,1.0,1.0,1.0,0.66667,1.0
0.0,0.5,0.0,0.5,0.4,0.5,0.09442,0.4,0.83333,0.0,1.0,0.0,1.0,0.33,0.08,0.0,0.99215,1.0,0.97778,0.91111,1.0,1.0,0.0,0.6797,0.971,0.11111,0.97948,0.82695,0.66667,0.0,0.98252,1.0,1.0,0.8,1.0,1.0,0.5,0.4087,0.5,1.0,1.0,0.42662,0.4999,0.93983,0.0,0.0,1.0,1.0,1.0,0.42662,0.4999,0.2,0.3,0.66667,0.5,0.5,1.0,0.33333,1.0
0.0,0.5,0.0,0.5,0.2,0.5,0.08816,0.2,0.86667,0.0,1.0,0.0,1.0,0.34,0.08,0.99377,0.0,1.0,1.0,1.0,1.0,1.0,1.0,0.70642,1.0,0.11111,0.84907,0.78884,0.0,0.0,0.92403,1.0,0.77778,0.8,1.0,1.0,0.5,0.4087,0.5,1.0,1.0,0.42662,0.4999,0.93983,0.0,0.0,1.0,1.0,1.0,0.42662,0.4999,0.2,0.3,0.66667,1.0,0.5,1.0,0.66667,1.0
0.5,0.5,0.5,0.5,0.5,0.5,0.08033,0.2,0.46667,0.0,1.0,0.0,0.0,0.42,0.04,0.0,0.99875,1.0,1.0,1.0,1.0,0.5,0.0,0.726,1.0,0.22222,0.82406,0.71475,0.0,0.0,1.0,1.0,0.5,0.75,0.9,0.97844,1.0,0.5,0.91664,1.0,1.0,0.5,0.5,0.5,0.0,0.0,1.0,1.0,1.0,1.0,1.0,0.25,0.4,1.0,1.0,1.0,1.0,1.0,0.5
0.0,1.0,0.0,0.0,0.2,0.2,0.07822,0.2,0.53333,0.0,1.0,0.0,0.0,0.41,0.04,0.0,0.99619,1.0,1.0,1.0,1.0,1.0,0.0,0.72206,1.0,0.22222,0.81307,0.7077,0.0,0.0,1.0,1.0,1.0,0.8,1.0,1.0,0.5,1.0,0.5,1.0,1.0,0.5,0.5,0.5,0.0,0.0,1.0,1.0,1.0,1.0,1.0,0.2,0.4,1.0,1.0,1.0,1.0,1.0,1.0
0.5,0.5,0.5,0.5,0.5,0.5,0.00141,0.1,0.3,0.0,1.0,0.0,0.0,0.41,0.06,0.992,0.0,1.0,1.0,0.71111,1.0,0.5,0.0,0.63438,0.90626,0.11111,0.02394,0.01284,0.0,0.0,0.8,1.0,0.5,0.0,1.0,1.0,0.5,0.5,0.5,1.0,1.0,0.5,0.5,0.5,0.0,0.0,1.0,1.0,1.0,0.70463,1.0,1.0,0.1,0.0,1.0,0.0,1.0,0.0,0.5
0.0,0.0,0.0,0.0,0.1,0.1,0.00127,0.1,0.43333,0.0,1.0,0.0,0.0,0.21,0.06,0.98421,0.0,1.0,1.0,0.75556,1.0,1.0,0.0,0.64345,0.91921,0.11111,0.02048,0.01098,0.0,0.0,0.8,0.88889,0.77778,0.75,1.0,1.0,0.5,0.5,0.5,1.0,1.0,0.5,0.5,0.5,0.0,0.0,1.0,1.0,1.0,0.70463,1.0,0.25,0.4,0.75,1.0,1.0,1.0,0.75,1.0
0.0,0.5,0.0,0.5,0.1,0.5,0.00103,0.1,0.46667,0.0,1.0,0.0,1.0,0.19,0.06,0.0,0.99945,0.93333,0.93333,0.73333,1.0,0.93333,0.0,0.56028,0.8004,0.11111,0.02243,0.01395,0.0,1.0,1.0,1.0,0.88889,0.8,1.0,1.0,0.5,0.5,0.5,1.0,1.0,0.5,0.5,0.5,0.0,0.0,1.0,1.0,1.0,0.70463,1.0,0.2,0.4,1.0,1.0,1.0,1.0,1.0,1.0
0.0,0.0,0.0,0.0,0.1,0.1,0.00047,0.1,0.6,0.0,1.0,0.0,0.0,0.11,0.06,0.99459,0.0,1.0,1.0,0.68889,1.0,0.93333,1.0,0.66324,0.94749,0.11111,0.00722,0.0033,0.0,0.0,0.8,0.77778,0.88889,0.8,1.0,1.0,0.5,0.5,0.5,1.0,1.0,0.5,0.5,0.5,0.0,0.0,1.0,1.0,1.0,0.70463,1.0,0.2,0.4,0.75,1.0,1.0,1.0,0.75,1.0
0.5,0.5,0.5,0.5,0.5,0.5,0.08222,0.1,0.1,0.0,1.0,0.0,0.0,0.34,0.01,0.35599,0.0,0.95556,0.93333,1.0,1.0,0.5,1.0,0.79361,1.0,0.55556,0.86816,0.77536,0.0,0.0,0.8726,1.0,0.5,0.55,0.9,0.91301,0.83965,0.5,0.16793,1.0,1.0,0.5,0.5,0.5,0.57796,0.0,0.45,1.0,1.0,0.5,0.5,1.0,0.1,0.0,1.0,1.0,1.0,0.0,0.5
1.0,0.5,1.0,0.5,0.3,0.5,0.0909,0.3,0.13333,0.0,1.0,0.0,1.0,0.26,0.03,0.74062,0.0,0.88889,0.88889,0.88889,1.0,0.88889,1.0,0.86864,1.0,0.11111,0.92281,0.8083,0.2,0.0,0.85638,1.0,0.88889,0.75,1.0,1.0,0.5,0.5,0.5,1.0,1.0,0.83178,0.71913,0.5,0.74441,0.48328,0.35,1.0,1.0,0.83178,0.71913,0.9,0.3,0.4,1.0,1.0,1.0,0.0,1.0
0.0,0.5,0.0,0.5,0.2,0.5,0.08476,0.2,0.16667,0.0,1.0,0.0,1.0,0.22,0.04,0.83583,0.0,1.0,1.0,1.0,1.0,1.0,1.0,0.90072,1.0,0.11111,0.82117,0.72127,0.0,0.0,0.87534,1.0,1.0,0.6,0.9,0.9567,0.28384,0.28384,0.28384,1.0,1.0,1.0,0.92264,0.5,0.0,1.0,1.0,1.0,1.0,1.0,0.92264,0.4,0.6,1.0,1.0,0.8,1.0,0.4,1.0
0.0,0.5,0.0,0.5,0.2,0.5,0.07909,0.2,0.2,0.0,1.0,0.0,1.0,0.22,0.05,0.90481,0.0,1.0,1.0,1.0,1.0,1.0,1.0,0.93275,1.0,0.11111,0.73407,0.60132,0.0,0.0,0.87515,1.0,1.0,0.8,1.0,1.0,0.5,0.28384,0.5,1.0,1.0,1.0,0.92264,0.84221,0.0,0.0,1.0,1.0,1.0,1.0,0.92264,0.2,0.6,1.0,0.0,0.8,1.0,1.0,1.0
0.5,0.5,0.5,0.5,0.5,0.5,0.06785,0.2,0.66667,0.0,1.0,0.0,0.0,0.24,0.01,0.88796,0.0,1.0,1.0,1.0,1.0,0.5,0.0,0.66895,0.95564,0.11111,0.89908,0.73932,0.25,0.0,0.88917,1.0,0.5,0.8,1.0,1.0,0.5,0.5,0.5,1.0,1.0,0.5,0.5,0.5,0.0,0.0,1.0,1.0,1.0,0.5,0.5,0.2,0.4,0.75,0.66667,1.0,1.0,0.25,0.5
1.0,0.5,1.0,0.5,0.2,0.5,0.07001,0.2,0.7,0.0,1.0,0.0,1.0,0.22,0.01,0.9508,0.0,1.0,1.0,1.0,1.0,1.0,0.0,0.66732,0.95331,0.11111,0.93199,0.77519,0.25,0.0,0.88859,1.0,1.0,0.8,1.0,1.0,0.5,0.5,0.5,1.0,1.0,0.5,0.5,0.5,0.0,0.0,1.0,1.0,1.0,0.5,0.5,0.2,0.4,0.75,0.66667,1.0,1.0,0.75,1.0
1.0,0.5,1.0,0.5,0.5,0.5,0.07626,0.5,0.73333,0.0,1.0,0.0,1.0,0.22,0.01,0.9953,0.0,1.0,1.0,1.0,1.0,1.0,1.0,0.66734,0.95334,0.11111,1.0,0.90436,0.5,0.0,0.89005,1.0,1.0,0.8,1.0,1.0,0.5,0.5,0.5,1.0,1.0,0.5,0.5,0.5,0.0,0.0,1.0,1.0,1.0,0.5,0.5,0.2,0.3,0.5,0.5,1.0,1.0,0.75,1.0
1.0,0.5,1.0,0.5,0.7,0.5,0.08247,0.7,0.76667,0.0,1.0,0.0,1.0,0.24,0.01,0.0,0.99667,0.91111,0.86667,1.0,1.0,0.91111,0.0,0.62123,0.88748,0.11111,1.0,1.0,1.0,0.0,0.90083,1.0,0.88889,0.8,1.0,1.0,0.5,0.5,0.5,1.0,1.0,0.5,0.5,0.5,0.0,0.0,1.0,1.0,1.0,0.5,0.5,0.2,0.3,0.66667,0.5,1.0,1.0,0.66667,1.0
0.0,0.5,0.0,0.5,0.7,0.5,0.08058,0.7,0.8,0.0,1.0,0.0,1.0,0.24,0.01,0.0,0.99437,1.0,0.86667,1.0,1.0,1.0,1.0,0.69462,0.99232,0.22222,1.0,1.0,1.0,0.0,0.89312,1.0,0.88889,0.8,1.0,1.0,0.5,0.5,0.5,1.0,1.0,0.5,0.5,0.5,0.0,0.0,1.0,1.0,1.0,0.5,0.5,0.2,0.3,0.5,0.5,1.0,1.0,0.5,1.0
0.0,0.5,0.0,0.5,0.5,0.5,0.07888,0.5,0.83333,0.0,1.0,0.0,1.0,0.24,0.01,0.0,0.99525,1.0,0.86667,1.0,1.0,1.0,1.0,0.69641,0.99487,0.22222,1.0,0.94654,0.75,0.0,0.89302,1.0,1.0,0.8,1.0,1.0,0.5,0.5,0.5,1.0,1.0,0.5,0.5,0.5,0.0,0.0,1.0,1.0,1.0,0.5,0.5,0.2,0.3,0.5,0.5,1.0,1.0,0.5,1.0
1.0,0.5,1.0,0.5,0.6,0.5,0.08659,0.6,0.86667,0.0,1.0,0.0,1.0,0.23,0.01,0.99599,0.0,1.0,0.86667,1.0,1.0,1.0,1.0,0.69973,0.99962,0.22222,1.0,1.0,1.0,0.0,0.89569,1.0,1.0,0.8,1.0,1.0,0.5,0.5,0.5,1.0,1.0,0.5,0.5,0.5,0.0,0.0,1.0,1.0,1.0,0.5,0.5,0.2,0.2,0.25,1.0,1.0,1.0,0.5,1.0
1.0,0.5,1.0,0.5,0.8,0.5,0.09452,0.8,0.9,0.0,1.0,0.0,1.0,0.26,0.01,0.0,0.99109,1.0,1.0,1.0,1.0,1.0,0.0,0.63334,0.90477,0.11111,1.0,1.0,1.0,0.0,0.908,1.0,0.88889,0.8,1.0,1.0,0.5,0.5,0.5,1.0,1.0,0.5,0.5,0.5,0.0,0.0,1.0,1.0,1.0,0.5,0.5,0.2,0.3,0.66667,1.0,1.0,1.0,0.33333,1.0
1.0,0.5,1.0,0.5,0.7,0.5,0.10308,0.7,0.93333,0.0,1.0,0.0,1.0,0.27,0.01,0.99743,0.0,1.0,1.0,1.0,1.0,1.0,1.0,0.64112,0.91588,0.11111,1.0,1.0,1.0,0.0,0.91076,1.0,1.0,0.8,1.0,1.0,0.5,0.5,0.5,1.0,1.0,0.5,0.5,0.5,0.0,0.0,1.0,1.0,1.0,0.5,0.5,0.2,0.3,0.66667,0.5,1.0,1.0,0.66667,1.0
1.0,0.5,0.0,0.5,0.7,0.5,0.10168,0.7,0.96667,0.0,1.0,0.0,1.0,0.28,0.01,0.99336,0.0,1.0,0.86667,1.0,1.0,1.0,1.0,0.72786,1.0,0.22222,1.0,1.0,1.0,0.0,0.90465,1.0,0.88889,0.8,1.0,1.0,0.5,0.5,0.5,1.0,1.0,0.5,0.5,0.5,0.0,0.0,1.0,1.0,1.0,0.5,0.5,0.2,0.2,0.25,1.0,1.0,1.0,0.5,1.0
1.0,0.5,1.0,0.5,0.8,0.5,0.10706,0.8,1.0,0.0,1.0,0.0,1.0,0.23,0.01,0.99493,0.0,1.0,1.0,1.0,1.0,1.0,1.0,0.73575,1.0,0.22222,1.0,1.0,1.0,0.0,0.90613,1.0,1.0,0.8,1.0,1.0,0.5,0.5,0.5,1.0,1.0,0.5,0.5,0.5,0.0,0.0,1.0,1.0,1.0,0.5,0.5,0.2,0.2,0.25,1.0,1.0,1.0,0.25,1.0
1.0,0.5,1.0,0.5,0.9,0.5,0.12098,0.9,0.0,0.96774,1.0,0.0,1.0,0.23,0.01,0.99689,0.0,1.0,1.0,1.0,1.0,1.0,1.0,0.74125,1.0,0.22222,1.0,1.0,1.0,0.0,0.90832,1.0,1.0,0.8,1.0,1.0,0.5,0.5,0.5,1.0,1.0,0.5,0.5,0.5,0.0,0.0,1.0,1.0,1.0,0.5,0.5,0.2,0.2,0.25,1.0,1.0,1.0,0.25,1.0
1.0,0.5,1.0,0.5,0.9,0.5,0.12834,0.9,0.0,0.9375,1.0,0.0,1.0,0.24,0.01,0.99516,0.0,1.0,1.0,1.0,1.0,1.0,0.0,0.67148,0.95925,0.11111,1.0,1.0,1.0,0.0,0.90684,1.0,0.88889,0.8,1.0,1.0,0.5,0.5,0.5,1.0,1.0,0.5,0.5,0.5,0.0,0.0,1.0,1.0,1.0,0.5,0.5,0.2,0.4,1.0,0.66667,0.66667,1.0,0.33333,1.0
1.0,0.5,1.0,0.5,0.9,0.5,0.13683,0.9,0.0,0.90909,1.0,0.0,1.0,0.25,0.01,0.99796,0.0,1.0,1.0,1.0,1.0,1.0,1.0,0.67451,0.96358,0.11111,1.0,1.0,1.0,0.0,0.90396,1.0,1.0,0.8,1.0,1.0,0.5,0.5,0.5,1.0,1.0,0.5,0.5,0.5,0.0,0.0,1.0,1.0,1.0,0.5,0.5,0.2,0.4,1.0,0.66667,0.66667,1.0,1.0,1.0
1.0,0.5,1.0,0.5,0.9,0.5,0.13929,0.9,0.0,0.88235,1.0,0.0,1.0,0.27,0.01,0.0,0.99948,1.0,0.86667,1.0,1.0,1.0,1.0,0.7512,1.0,0.22222,1.0,1.0,1.0,0.0,0.9058,1.0,0.88889,0.8,1.0,1.0,0.5,0.5,0.5,1.0,1.0,0.5,0.5,0.5,0.0,0.0,1.0,1.0,1.0,0.5,0.5,0.2,0.3,0.5,0.5,1.0,1.0,0.75,1.0
1.0,0.5,1.0,0.5,0.9,0.5,0.14154,0.9,0.0,0.85714,1.0,0.0,1.0,0.24,0.01,0.99948,0.0,1.0,0.91111,1.0,1.0,1.0,1.0,0.78387,1.0,0.11111,1.0,0.82529,0.66667,0.0,0.92684,1.0,0.66667,0.8,1.0,1.0,0.5,0.5,0.5,1.0,1.0,0.5,0.5,0.5,0.0,0.0,1.0,1.0,1.0,0.5,0.5,0.2,0.3,0.66667,0.5,1.0,1.0,0.33333,1.0
1.0,0.5,1.0,0.5,0.9,0.5,0.14455,0.9,0.0,0.83333,1.0,0.0,1.0,0.26,0.01,0.0,0.9838,1.0,0.93333,1.0,1.0,1.0,1.0,0.78533,1.0,0.11111,1.0,0.84161,0.66667,0.0,0.91406,1.0,1.0,0.8,1.0,1.0,0.5,0.5,0.5,1.0,1.0,0.5,0.5,0.5,0.0,0.0,1.0,1.0,1.0,0.5,0.5,0.2,0.3,0.66667,0.5,1.0,1.0,0.66667,1.0
1.0,0.5,1.0,0.5,0.9,0.5,0.1453,0.9,0.0,0.81081,1.0,0.0,1.0,0.23,0.01,0.0,0.97946,0.91111,0.93333,1.0,1.0,0.91111,0.0,0.62853,0.89791,0.11111,1.0,1.0,1.0,0.0,0.93271,1.0,0.88889,0.8,1.0,1.0,0.5,0.5,0.5,1.0,1.0,0.5,0.5,0.5,0.0,0.0,1.0,1.0,1.0,0.5,0.5,0.2,0.2,0.5,1.0,1.0,1.0,0.5,1.0
0.0,0.5,0.0,0.5,0.8,0.5,0.12425,0.8,0.0,0.78947,1.0,0.0,1.0,0.25,0.01,0.0,0.99996,1.0,1.0,1.0,1.0,1.0,1.0,0.63614,0.90877,0.11111,1.0,0.85561,0.5,0.0,0.91316,1.0,0.77778,0.8,1.0,1.0,0.5,0.5,0.5,1.0,1.0,0.5,0.5,0.5,0.0,0.0,1.0,1.0,1.0,0.5,0.5,0.2,0.3,1.0,0.5,1.0,1.0,0.5,1.0
1.0,0.5,1.0,0.5,0.8,0.5,0.13808,0.8,0.0,0.76923,1.0,0.0,1.0,0.27,0.01,0.99593,0.0,1.0,1.0,1.0,1.0,1.0,1.0,0.6488,0.92686,0.11111,1.0,0.97378,0.5,0.0,0.90834,1.0,1.0,0.8,1.0,1.0,0.5,0.5,0.5,1.0,1.0,0.5,0.5,0.5,0.0,0.0,1.0,1.0,1.0,0.5,0.5,0.2,0.3,1.0,0.5,1.0,1.0,1.0,1.0
1.0,0.5,1.0,0.5,0.9,0.5,0.14631,0.9,0.0,0.75,1.0,0.0,1.0,0.21,0.01,0.99609,0.0,1.0,1.0,1.0,1.0,1.0,0.0,0.6374,0.91058,0.11111,1.0,1.0,1.0,0.0,0.93167,1.0,0.77778,0.8,1.0,1.0,0.5,0.5,0.5,1.0,1.0,0.5,0.5,0.5,0.0,0.0,1.0,1.0,1.0,0.5,0.5,0.2,0.2,0.5,1.0,1.0,1.0,0.5,1.0
0.5,0.5,0.5,0.5,0.5,0.5,0.09598,0.4,0.16667,0.0,1.0,0.0,0.0,0.76,0.03,0.83689,0.0,1.0,1.0,1.0,1.0,0.5,0.0,0.62405,0.8915,0.11111,1.0,1.0,1.0,0.0,1.0,1.0,0.5,0.4,0.9,0.91249,0.85084,0.5,0.7563,1.0,1.0,0.5,0.5,0.5,0.0,0.0,1.0,1.0,1.0,1.0,1.0,0.6,0.3,1.0,0.0,1.0,1.0,1.0,0.5
1.0,0.5,1.0,0.5,0.4,0.5,0.09671,0.4,0.2,0.0,1.0,0.0,1.0,0.71,0.03,0.89692,0.0,1.0,1.0,1.0,1.0,1.0,0.0,0.61845,0.8835,0.11111,1.0,1.0,1.0,0.0,1.0,1.0,1.0,0.35,0.9,0.91169,0.82253,0.82253,0.82253,1.0,1.0,0.5,0.5,0.5,0.0,0.0,1.0,1.0,1.0,1.0,1.0,0.65,0.3,1.0,0.5,1.0,1.0,1.0,1.0
1.0,0.5,1.0,0.5,0.4,0.5,0.10004,0.4,0.23333,0.0,1.0,0.0,1.0,0.71,0.03,0.93203,0.0,1.0,1.0,1.0,1.0,1.0,0.0,0.61567,0.87953,0.11111,1.0,1.0,1.0,0.0,0.9272,1.0,0.77778,0.7,1.0,1.0,0.5,0.82253,0.5,1.0,1.0,0.5,0.5,0.5,0.0,0.0,1.0,1.0,1.0,1.0,1.0,0.3,0.3,1.0,1.0,1.0,1.0,0.5,1.0
0.0,0.0,0.0,0.0,0.3,0.3,0.00854,0.2,0.0,0.96774,1.0,0.0,0.0,0.64,0.03,0.0,0.99661,1.0,1.0,1.0,1.0,1.0,0.0,0.61083,0.87262,0.11111,0.15557,0.05608,0.5,0.0,0.98678,0.77778,0.77778,0.8,1.0,1.0,0.5,0.82253,0.5,1.0,1.0,0.5,0.5,0.5,0.0,0.0,1.0,1.0,1.0,0.84349,1.0,1.0,0.1,0.0,1.0,0.0,1.0,0.0,1.0
0.5,0.5,0.5,0.5,0.5,0.5,0.04575,0.1,0.9,0.0,1.0,0.0,0.0,0.46,0.07,0.92121,0.0,1.0,1.0,1.0,1.0,0.5,0.0,0.96261,1.0,0.11111,0.47692,0.33972,0.0,0.0,0.99238,0.77778,0.5,0.8,1.0,1.0,0.5,0.5,0.5,1.0,1.0,0.5,0.5,0.5,0.0,0.0,1.0,1.0,1.0,0.26071,0.44752,0.2,0.4,0.5,0.33333,0.66667,1.0,0.33333,0.5
0.0,0.5,0.0,0.5,0.1,0.5,0.0425,0.1,0.93333,0.0,1.0,0.0,1.0,0.46,0.04,0.92424,0.0,1.0,1.0,1.0,1.0,1.0,1.0,0.9649,1.0,0.11111,0.44186,0.31728,0.0,0.0,0.99121,1.0,1.0,0.8,1.0,1.0,0.5,0.5,0.5,1.0,1.0,0.5,0.5,0.5,0.0,0.0,1.0,1.0,1.0,0.26071,0.44752,0.2,0.3,0.33333,1.0,1.0,1.0,0.5,1.0
1.0,0.5,1.0,0.5,0.2,0.5,0.04321,0.2,0.96667,0.0,1.0,0.0,1.0,0.44,0.04,0.99695,0.0,0.66667,1.0,0.66667,1.0,0.66667,0.0,0.93887,1.0,0.66667,0.41652,0.25508,0.0,0.0,0.9951,1.0,0.66667,0.8,1.0,1.0,0.5,0.5,0.5,1.0,1.0,0.5,0.5,0.5,0.0,0.0,1.0,1.0,1.0,0.26071,0.44752,0.2,0.4,0.6,0.33333,0.66667,1.0,0.4,1.0
0.5,0.5,0.5,0.5,0.5,0.5,0.01003,0.2,0.3,0.0,1.0,0.0,0.0,0.24,0.14,0.97557,0.0,1.0,1.0,1.0,0.95556,0.5,0.0,0.95826,1.0,0.11111,0.10542,0.06574,0.0,0.0,0.83772,0.77778,0.5,0.0,0.9,0.81288,0.21747,0.5,0.0,1.0,1.0,0.5,0.5,0.5,0.0,0.07067,1.0,1.0,1.0,0.0,0.228,1.0,0.1,0.0,1.0,0.0,1.0,0.0,0.5
0.5,0.5,0.5,0.5,0.5,0.5,0.03596,0.1,0.26667,0.0,1.0,0.0,0.0,0.5,0.02,0.97067,0.0,1.0,1.0,1.0,1.0,0.5,0.0,0.59842,0.85488,0.11111,0.43523,0.27815,0.0,0.0,1.0,1.0,0.5,0.8,1.0,1.0,0.5,0.5,0.5,1.0,1.0,0.5,0.5,0.5,0.0,0.0,1.0,1.0,1.0,0.5,0.5,0.2,0.2,1.0,1.0,1.0,1.0,0.0,0.5
0.0,0.5,0.0,0.5,0.1,0.5,0.0292,0.1,0.3,0.0,1.0,0.0,1.0,0.45,0.02,0.98443,0.0,1.0,1.0,1.0,1.0,1.0,0.0,0.59514,0.85021,0.11111,0.37462,0.23048,0.0,0.0,1.0,1.0,1.0,0.8,1.0,1.0,0.5,0.5,0.5,1.0,1.0,0.5,0.5,0.5,0.0,0.0,1.0,1.0,1.0,0.5,0.5,0.2,0.2,1.0,0.0,1.0,1.0,1.0,1.0
0.0,0.0,0.0,0.0,0.1,0.1,0.02168,0.1,0.36667,0.0,1.0,0.0,0.0,0.42,0.02,0.99296,0.0,1.0,1.0,1.0,1.0,1.0,0.0,0.58764,0.83948,0.11111,0.30967,0.1832,0.0,0.0,1.0,1.0,0.77778,0.8,1.0,1.0,0.5,0.5,0.5,1.0,1.0,0.5,0.5,0.5,0.0,0.0,1.0,1.0,1.0,0.5,0.5,0.2,0.2,1.0,1.0,1.0,1.0,0.0,1.0
0.0,0.0,0.0,0.0,0.1,0.1,0.00015,0.1,0.0,0.78947,1.0,0.0,0.0,0.11,0.02,0.0,0.99532,0.97778,0.97778,0.97778,1.0,0.66667,1.0,0.60736,0.86765,0.11111,0.00195,0.00098,0.0,0.0,0.82074,0.88889,0.77778,0.8,1.0,1.0,0.5,0.5,0.5,1.0,1.0,0.5,0.5,0.5,0.0,0.0,1.0,1.0,1.0,0.5,0.5,1.0,0.1,0.0,1.0,1.0,1.0,0.0,1.0
0.0,0.5,0.0,0.5,0.1,0.5,0.00014,0.1,0.0,0.76923,1.0,0.0,1.0,0.12,0.02,0.0,0.98818,1.0,0.95556,0.97778,1.0,1.0,1.0,0.61719,0.88171,0.11111,0.00176,0.00088,0.0,0.0,0.8207,1.0,1.0,0.8,1.0,1.0,0.5,0.5,0.5,1.0,1.0,0.5,0.5,0.5,0.0,0.0,1.0,1.0,1.0,0.5,0.5,1.0,0.1,0.0,1.0,1.0,1.0,0.0,0.11111
0.0,0.5,0.0,0.5,0.1,0.5,0.00014,0.1,0.0,0.75,1.0,0.0,1.0,0.11,0.02,0.0,0.99782,1.0,0.95556,0.97778,1.0,1.0,1.0,0.62056,0.88652,0.11111,0.0017,0.00085,0.0,0.0,0.82067,1.0,1.0,0.8,1.0,1.0,0.5,0.5,0.5,1.0,1.0,0.5,0.5,0.5,0.0,0.0,1.0,1.0,1.0,0.5,0.5,1.0,0.1,0.0,1.0,1.0,1.0,0.0,0.11111
0.5,0.5,0.5,0.5,0.5,0.5,0.06667,0.53333,0.03333,0.0,0.0,0.66667,0.0,0.06667,0.0,0.5,0.5,0.5,0.5,0.5,0.5,0.5,0.5,0.0,0.0,0.71429,1.0,1.0,1.0,0.0,0.0,0.5,0.5,0.8,1.0,1.0,0.5,0.5,0.5,1.0,1.0,0.5,0.5,0.5,0.5,0.5,1.0,0.5,0.5,0.5,0.5,0.2,0.73333,1.0,1.0,1.0,1.0,0.5,0.5
0.0,0.0,0.0,0.0,0.06667,0.06667,0.00172,0.06667,0.66667,0.0,0.0,0.66667,0.0,0.06222,0.01333,0.98085,0.0,1.0,1.0,0.95238,0.95238,0.89524,1.0,0.55108,0.78726,0.28571,0.03208,0.01933,0.0,0.0,0.99103,0.78571,0.28571,0.0,1.0,1.0,0.5,0.5,0.5,1.0,1.0,0.5,0.5,0.5,0.0,0.0,1.0,1.0,1.0,0.5,0.5,1.0,0.06667,0.0,1.0,1.0,1.0,0.0,1.0
0.5,0.5,0.5,0.5,0.5,0.5,0.06667,0.53333,0.03333,0.0,0.0,0.66667,0.0,0.06667,0.0,0.5,0.5,0.5,0.5,0.5,0.5,0.5,0.5,0.0,0.0,0.71429,1.0,1.0,1.0,0.0,0.0,0.5,0.5,0.8,1.0,1.0,0.5,0.5,0.5,1.0,1.0,0.5,0.5,0.5,0.5,0.5,1.0,0.5,0.5,0.5,0.5,0.2,0.73333,1.0,1.0,1.0,1.0,0.5,0.5
0.0,0.0,0.0,0.0,0.06667,0.06667,0.0396,0.06667,0.16667,0.0,0.0,0.66667,0.0,0.07556,0.0,0.98382,0.0,0.98095,1.0,1.0,1.0,0.97143,0.0,0.02658,0.03797,0.07143,0.69395,0.53134,0.0,0.0,0.5,1.0,0.21429,0.8,1.0,1.0,0.5,0.5,0.5,1.0,1.0,0.5,0.5,0.5,0.0,0.0,1.0,1.0,1.0,0.5,0.5,0.2,0.13333,1.0,0.0,1.0,1.0,1.0,1.0
0.0,0.0,0.0,0.0,0.06667,0.06667,0.03212,0.06667,0.43333,0.0,0.0,0.66667,0.0,0.06667,0.0,0.99674,0.0,1.0,0.99048,1.0,1.0,0.97143,0.0,0.00211,0.00301,0.0,1.0,1.0,1.0,0.0,1.0,1.0,0.92857,0.8,1.0,1.0,0.5,0.5,0.5,1.0,1.0,0.5,0.5,0.5,0.0,0.0,1.0,1.0,1.0,0.5,0.5,1.0,0.06667,1.0,1.0,1.0,1.0,1.0,1.0
0.0,0.0,0.0,0.0,0.06667,0.06667,0.03212,0.06667,0.5,0.0,0.0,0.66667,0.0,0.06667,0.0,0.99806,0.0,1.0,0.99048,1.0,1.0,1.0,0.0,0.00211,0.00301,0.0,1.0,1.0,1.0,0.0,1.0,1.0,1.0,0.8,1.0,1.0,0.5,0.5,0.5,1.0,1.0,0.5,0.5,0.5,0.0,0.0,1.0,1.0,1.0,0.5,0.5,1.0,0.06667,1.0,1.0,1.0,1.0,1.0,0.21429
0.0,0.0,0.0,0.0,0.06667,0.06667,0.03212,0.06667,0.56667,0.0,0.0,0.66667,0.0,0.06667,0.0,0.99807,0.0,1.0,1.0,1.0,1.0,1.0,0.0,0.00211,0.00301,0.0,1.0,1.0,1.0,0.0,1.0,1.0,1.0,0.8,1.0,1.0,0.5,0.5,0.5,1.0,1.0,0.5,0.5,0.5,0.0,0.0,1.0,1.0,1.0,0.5,0.5,1.0,0.06667,1.0,1.0,1.0,1.0,1.0,0.21429
0.0,0.0,0.0,0.0,0.06667,0.06667,0.03212,0.06667,0.63333,0.0,0.0,0.66667,0.0,0.06667,0.0,0.99844,0.0,1.0,1.0,1.0,1.0,1.0,0.0,0.00211,0.00301,0.0,1.0,1.0,1.0,0.0,1.0,1.0,1.0,0.8,1.0,1.0,0.5,0.5,0.5,1.0,1.0,0.5,0.5,0.5,0.0,0.0,1.0,1.0,1.0,0.5,0.5,1.0,0.06667,1.0,1.0,1.0,1.0,1.0,0.21429
0.0,0.0,0.0,0.0,0.06667,0.06667,0.03212,0.06667,0.73333,0.0,0.0,0.66667,0.0,0.06667,0.0,0.99915,0.0,1.0,1.0,1.0,1.0,1.0,0.0,0.00211,0.00301,0.0,1.0,1.0,1.0,0.0,1.0,1.0,1.0,0.8,1.0,1.0,0.5,0.5,0.5,1.0,1.0,0.5,0.5,0.5,0.0,0.0,1.0,1.0,1.0,0.5,0.5,1.0,0.06667,1.0,1.0,1.0,1.0,1.0,0.21429
0.0,0.0,0.0,0.0,0.06667,0.06667,0.03212,0.06667,0.83333,0.0,0.0,0.66667,0.0,0.06667,0.0,0.99956,0.0,1.0,1.0,1.0,1.0,1.0,0.0,0.00211,0.00301,0.0,1.0,1.0,1.0,0.0,1.0,1.0,1.0,0.8,1.0,1.0,0.5,0.5,0.5,1.0,1.0,0.5,0.5,0.5,0.0,0.0,1.0,1.0,1.0,0.5,0.5,1.0,0.06667,1.0,1.0,1.0,1.0,1.0,0.21429
0.0,0.0,0.0,0.0,0.06667,0.06667,0.03212,0.06667,0.9,0.0,0.0,0.66667,0.0,0.06667,0.0,0.99971,0.0,1.0,1.0,1.0,1.0,1.0,0.0,0.00211,0.00301,0.0,1.0,1.0,1.0,0.0,1.0,1.0,1.0,0.8,1.0,1.0,0.5,0.5,0.5,1.0,1.0,0.5,0.5,0.5,0.0,0.0,1.0,1.0,1.0,0.5,0.5,1.0,0.06667,1.0,1.0,1.0,1.0,1.0,0.21429
0.0,0.0,0.0,0.0,0.06667,0.06667,0.03212,0.06667,0.96667,0.0,0.0,0.66667,0.0,0.06667,0.0,0.99981,0.0,1.0,1.0,1.0,1.0,1.0,0.0,0.00211,0.00301,0.0,1.0,1.0,1.0,0.0,1.0,1.0,1.0,0.8,1.0,1.0,0.5,0.5,0.5,1.0,1.0,0.5,0.5,0.5,0.0,0.0,1.0,1.0,1.0,0.5,0.5,1.0,0.06667,1.0,1.0,1.0,1.0,1.0,0.21429
0.5,0.5,0.5,0.5,0.5,0.5,0.059,0.4,0.5,0.0,0.0,0.66667,0.0,0.12889,0.12,0.0,0.97592,1.0,1.0,0.60952,0.74286,0.5,1.0,0.97413,1.0,0.07143,0.69355,0.47623,0.14286,0.0,0.9851,0.35714,0.5,0.8,1.0,1.0,0.5,0.5,0.5,1.0,1.0,0.5,0.5,0.5,0.31942,0.0,0.73333,1.0,1.0,0.0,0.16286,0.46667,0.13333,0.14286,0.0,1.0,1.0,0.28571,0.5
1.0,0.5,1.0,0.5,0.4,0.5,0.06219,0.4,0.53333,0.0,0.0,0.66667,1.0,0.09778,0.14222,0.0,0.95487,0.95238,0.95238,0.64762,1.0,0.95238,1.0,0.9979,1.0,0.07143,0.70911,0.47821,0.14286,0.0,0.98396,1.0,1.0,0.8,1.0,1.0,0.5,0.5,0.5,1.0,1.0,0.70043,0.29119,0.5,0.0,0.75486,1.0,1.0,1.0,0.70043,0.29119,0.2,0.2,0.28571,0.5,0.0,1.0,0.14286,1.0
0.0,0.0,0.0,0.0,0.4,0.4,0.03938,0.4,0.73333,0.0,0.0,0.66667,0.0,0.05778,0.14222,0.0,0.99402,0.9619,1.0,0.71429,0.89524,0.92381,1.0,0.91403,1.0,0.07143,0.43661,0.28431,0.16667,0.0,0.95685,0.85714,0.78571,0.8,1.0,1.0,0.5,0.5,0.5,1.0,1.0,0.70043,0.29119,0.8522,0.0,0.0,1.0,1.0,1.0,0.0,0.228,0.2,0.13333,0.16667,1.0,0.0,1.0,0.16667,1.0
0.5,0.5,0.5,0.5,0.5,0.5,0.04983,0.06667,0.26667,0.0,0.0,0.66667,0.0,0.21333,0.0,0.0,0.98884,1.0,1.0,1.0,1.0,0.5,1.0,0.70057,1.0,0.07143,0.71113,0.59157,0.0,0.0,0.7993,0.85714,0.5,0.8,1.0,1.0,0.5,0.5,0.5,1.0,1.0,0.5,0.5,0.5,0.0,0.0,1.0,1.0,1.0,0.5,0.5,0.2,0.2,0.4,0.5,1.0,1.0,0.6,0.5
1.0,0.5,1.0,0.5,0.06667,0.5,0.04993,0.06667,0.3,0.0,0.0,0.66667,1.0,0.22667,0.0,0.0,0.99221,1.0,1.0,1.0,1.0,1.0,1.0,0.70159,1.0,0.07143,0.71217,0.58998,0.0,0.0,0.79123,1.0,1.0,0.8,1.0,1.0,0.5,0.5,0.5,1.0,1.0,0.5,0.5,0.5,0.0,0.0,1.0,1.0,1.0,0.5,0.5,0.2,0.26667,0.6,0.33333,1.0,1.0,0.4,1.0
0.0,0.5,0.0,0.5,0.06667,0.5,0.04843,0.06667,0.33333,0.0,0.0,0.66667,1.0,0.21778,0.0,0.0,0.99801,1.0,1.0,1.0,1.0,1.0,0.0,0.70118,1.0,0.07143,0.69234,0.57386,0.0,0.0,0.79046,1.0,1.0,0.8,1.0,1.0,0.5,0.5,0.5,1.0,1.0,0.5,0.5,0.5,0.0,0.0,1.0,1.0,1.0,0.5,0.5,0.2,0.13333,0.2,0.0,1.0,1.0,0.6,1.0
1.0,0.5,1.0,0.5,0.06667,0.5,0.04925,0.06667,0.36667,0.0,0.0,0.66667,1.0,0.21778,0.0,0.0,0.9884,1.0,1.0,1.0,1.0,1.0,0.0,0.69797,0.9971,0.07143,0.70623,0.5964,0.0,0.0,0.84323,1.0,0.85714,0.8,1.0,1.0,0.5,0.5,0.5,1.0,1.0,0.5,0.5,0.5,0.0,0.0,1.0,1.0,1.0,0.5,0.5,0.2,0.2,0.4,0.0,1.0,1.0,0.2,1.0
1.0,0.5,1.0,0.5,0.06667,0.5,0.05008,0.06667,0.4,0.0,0.0,0.66667,1.0,0.22222,0.0,0.0,0.99908,1.0,1.0,1.0,1.0,1.0,1.0,0.70339,1.0,0.07143,0.70898,0.62359,0.0,0.0,0.84275,1.0,1.0,0.8,1.0,1.0,0.5,0.5,0.5,1.0,1.0,0.5,0.5,0.5,0.0,0.0,1.0,1.0,1.0,0.5,0.5,0.2,0.13333,0.2,0.0,1.0,1.0,0.4,1.0
0.0,1.0,0.0,1.0,0.06667,0.26667,0.05515,0.33333,0.76667,0.0,0.0,0.66667,0.0,0.21333,0.0,0.0,0.98988,1.0,1.0,1.0,1.0,0.9619,1.0,0.7269,1.0,0.07143,0.73086,0.57499,0.0,0.0,0.8835,1.0,1.0,0.8,1.0,1.0,0.5,0.5,0.5,1.0,1.0,0.5,0.5,0.5,0.0,0.0,1.0,1.0,1.0,0.5,0.5,1.0,0.06667,0.0,1.0,1.0,1.0,0.0,1.0
1.0,1.0,1.0,1.0,0.46667,0.6,0.09319,0.93333,0.0,0.78947,0.0,0.66667,0.0,0.18222,0.0,0.0,0.99876,1.0,1.0,1.0,1.0,0.95238,0.0,0.67797,0.96853,0.07143,1.0,0.98272,0.75,0.0,0.78837,1.0,0.78571,0.8,1.0,1.0,0.5,0.5,0.5,1.0,1.0,0.5,0.5,0.5,0.0,0.0,1.0,1.0,1.0,0.5,0.5,0.2,0.2,0.5,0.5,1.0,1.0,0.0,0.71429
0.5,0.5,0.5,0.5,0.5,0.5,0.02172,0.2,0.0,0.76923,0.0,0.66667,0.0,0.41778,0.03111,0.0,0.99775,1.0,1.0,1.0,1.0,0.5,0.0,0.9943,1.0,0.07143,0.27753,0.19728,0.0,0.0,0.99365,1.0,0.5,0.8,1.0,1.0,0.5,0.5,0.5,1.0,1.0,0.5,0.5,0.5,0.0,0.0,1.0,1.0,1.0,0.25359,0.48262,0.2,0.46667,0.75,1.0,0.5,1.0,0.0,0.5
0.5,0.5,0.5,0.5,0.5,0.5,0.06667,0.53333,0.03333,0.0,0.0,0.66667,0.0,0.06667,0.0,0.5,0.5,0.5,0.5,0.5,0.5,0.5,0.5,0.0,0.0,0.71429,1.0,1.0,1.0,0.0,0.0,0.5,0.5,0.8,1.0,1.0,0.5,0.5,0.5,1.0,1.0,0.5,0.5,0.5,0.5,0.5,1.0,0.5,0.5,0.5,0.5,0.2,0.73333,1.0,1.0,1.0,1.0,0.5,0.5
0.0,0.0,0.0,0.0,0.06667,0.06667,0.05283,0.06667,0.1,0.0,0.0,0.66667,0.0,0.08444,0.0,0.95586,0.0,0.98095,0.9619,1.0,1.0,0.97143,0.0,0.0331,0.04729,0.07143,0.82966,0.7089,0.0,0.0,0.5,1.0,0.35714,0.8,1.0,1.0,0.5,0.5,0.5,1.0,1.0,0.5,0.5,0.5,0.0,0.0,1.0,1.0,1.0,0.5,0.5,0.2,0.13333,1.0,0.0,1.0,1.0,1.0,1.0
0.0,0.0,0.0,0.0,0.06667,0.06667,0.04888,0.06667,0.96667,0.0,0.0,0.66667,0.0,0.06667,0.0,0.0,0.99986,1.0,0.99048,1.0,1.0,0.9619,0.0,0.55178,0.78826,0.07143,0.86165,0.75692,0.0,1.0,1.0,1.0,0.85714,0.8,1.0,1.0,0.5,0.5,0.5,1.0,1.0,0.5,0.5,0.5,0.0,0.0,1.0,1.0,1.0,0.5,0.5,0.2,0.13333,1.0,1.0,1.0,1.0,0.0,1.0
0.0,0.5,0.0,0.5,0.06667,0.5,0.04227,0.06667,1.0,0.0,0.0,0.66667,1.0,0.07111,0.0,0.0,0.99462,0.99048,1.0,1.0,1.0,0.99048,1.0,0.56776,0.81109,0.07143,0.69911,0.56717,0.0,1.0,0.66667,1.0,0.92857,0.8,1.0,1.0,0.5,0.5,0.5,1.0,1.0,0.5,0.5,0.5,0.0,0.0,1.0,1.0,1.0,0.5,0.5,0.2,0.2,1.0,0.5,1.0,1.0,0.5,1.0
0.0,0.0,0.0,0.0,0.06667,0.06667,0.0211,0.06667,0.0,0.88235,0.0,0.66667,0.0,0.07556,0.0,0.0,0.99824,1.0,0.98095,1.0,1.0,0.98095,0.0,0.5609,0.80129,0.21429,0.39101,0.29721,0.0,0.0,0.98543,1.0,0.71429,0.8,1.0,1.0,0.5,0.5,0.5,1.0,1.0,0.5,0.5,0.5,0.0,0.0,1.0,1.0,1.0,0.5,0.5,1.0,0.06667,0.0,1.0,1.0,1.0,0.0,1.0
0.0,0.0,0.0,0.0,0.06667,0.06667,0.02065,0.06667,0.0,0.83333,0.0,0.66667,0.0,0.06667,0.0,0.99487,0.0,0.99048,0.97143,1.0,1.0,0.99048,0.0,0.55012,0.78589,0.07143,0.46816,0.30562,0.0,1.0,1.0,1.0,0.78571,0.8,1.0,1.0,0.5,0.5,0.5,1.0,1.0,0.5,0.5,0.5,0.0,0.0,1.0,1.0,1.0,0.5,0.5,0.2,0.13333,1.0,1.0,1.0,1.0,0.0,0.21429
0.5,0.5,0.5,0.5,0.5,0.5,0.06667,0.53333,0.03333,0.0,0.0,0.66667,0.0,0.06667,0.0,0.5,0.5,0.5,0.5,0.5,0.5,0.5,0.5,0.0,0.0,0.71429,1.0,1.0,1.0,0.0,0.0,0.5,0.5,0.8,1.0,1.0,0.5,0.5,0.5,1.0,1.0,0.5,0.5,0.5,0.5,0.5,1.0,0.5,0.5,0.5,0.5,0.2,0.73333,1.0,1.0,1.0,1.0,0.5,0.5
0.0,1.0,0.0,1.0,0.06667,1.0,0.07969,1.0,0.36667,0.0,0.0,0.66667,0.0,0.32889,0.0,0.96775,0.0,1.0,1.0,1.0,1.0,0.68571,1.0,0.51874,0.74106,0.0,1.0,1.0,1.0,0.0,0.98821,0.85714,0.71429,0.8,1.0,1.0,0.5,0.5,0.5,1.0,1.0,0.5,0.5,0.5,0.0,0.0,1.0,1.0,1.0,0.5,0.5,0.2,0.4,0.83333,0.0,1.0,1.0,0.66667,1.0
0.0,0.0,0.0,0.0,0.4,0.2,0.00021,0.06667,0.0,0.76923,0.0,0.66667,0.0,0.07111,0.00889,0.0,0.99641,1.0,0.9619,0.95238,1.0,0.68571,0.0,0.58075,0.82965,0.07143,0.00362,0.00228,0.0,0.0,0.89965,1.0,0.57143,0.8,1.0,1.0,0.5,0.5,0.5,1.0,1.0,0.5,0.5,0.5,0.0,0.0,1.0,1.0,1.0,0.5,0.5,0.2,0.13333,0.5,0.0,1.0,1.0,0.0,1.0
0.5,0.5,0.5,0.5,0.5,0.5,0.0708,0.2,0.1,0.0,0.5,0.0,0.0,0.36,0.0,0.0,0.97793,0.9,0.8,1.0,1.0,0.5,1.0,0.82855,1.0,0.25,0.38607,0.2019,0.0,1.0,0.76784,1.0,0.5,0.8,1.0,1.0,0.5,0.5,0.5,1.0,1.0,0.5,0.5,0.5,0.0,0.0,1.0,1.0,1.0,0.5,0.5,0.2,0.6,1.0,1.0,1.0,1.0,0.0,0.5
1.0,1.0,1.0,1.0,0.2,0.2,0.08191,0.2,0.2,0.0,0.5,0.0,0.0,0.4,0.0,0.0,0.96391,1.0,0.9,1.0,1.0,0.9,0.0,0.45796,0.65423,0.0,0.34583,0.20907,0.0,0.0,1.0,1.0,0.75,0.8,1.0,1.0,0.5,0.5,0.5,1.0,1.0,0.5,0.5,0.5,0.0,0.0,1.0,1.0,1.0,0.5,0.5,0.2,0.4,1.0,1.0,1.0,1.0,1.0,1.0
0.5,0.5,0.5,0.5,0.5,0.5,0.16837,0.2,0.3,0.0,0.5,0.0,0.0,0.88,0.0,1.0,0.0,1.0,1.0,1.0,1.0,0.5,0.0,0.32653,0.46647,0.0,0.84183,0.68584,0.0,0.0,0.97508,0.75,0.5,0.8,1.0,1.0,0.5,0.5,0.5,1.0,1.0,0.5,0.5,0.5,0.0,0.0,1.0,1.0,1.0,0.5,0.5,0.2,1.0,1.0,0.0,1.0,1.0,0.5,0.5
1.0,0.5,0.0,0.5,0.2,0.5,0.16094,0.2,0.33333,0.0,0.5,0.0,1.0,0.88,0.0,0.0,1.0,1.0,1.0,1.0,1.0,1.0,0.0,0.32653,0.46647,0.0,0.80472,0.65441,0.0,0.0,0.97742,1.0,1.0,0.8,1.0,1.0,0.5,0.5,0.5,1.0,1.0,0.5,0.5,0.5,0.0,0.0,1.0,1.0,1.0,0.5,0.5,0.2,1.0,1.0,0.5,1.0,1.0,1.0,1.0
1.0,0.5,0.0,0.5,0.2,0.5,0.1591,0.2,0.36667,0.0,0.5,0.0,1.0,0.88,0.0,0.0,1.0,1.0,1.0,1.0,1.0,1.0,0.0,0.32653,0.46647,0.0,0.79548,0.63145,0.0,0.0,0.98163,1.0,1.0,0.8,1.0,1.0,0.5,0.5,0.5,1.0,1.0,0.5,0.5,0.5,0.0,0.0,1.0,1.0,1.0,0.5,0.5,0.2,1.0,1.0,0.75,1.0,1.0,1.0,1.0
1.0,0.5,0.0,0.5,0.2,0.5,0.15438,0.2,0.4,0.0,0.5,0.0,1.0,0.84,0.0,1.0,0.0,1.0,1.0,1.0,1.0,1.0,0.0,0.32653,0.46647,0.0,0.77191,0.60553,0.0,0.0,0.98439,1.0,1.0,0.8,1.0,1.0,0.5,0.5,0.5,1.0,1.0,0.5,0.5,0.5,0.0,0.0,1.0,1.0,1.0,0.5,0.5,0.2,0.8,0.75,1.0,1.0,1.0,1.0,1.0
1.0,0.5,1.0,0.5,0.2,0.5,0.15513,0.2,0.43333,0.0,0.5,0.0,1.0,0.84,0.0,0.0,1.0,1.0,1.0,1.0,1.0,1.0,0.0,0.32653,0.46647,0.0,0.77565,0.61389,0.0,0.0,0.98623,1.0,1.0,0.8,1.0,1.0,0.5,0.5,0.5,1.0,1.0,0.5,0.5,0.5,0.0,0.0,1.0,1.0,1.0,0.5,0.5,0.2,0.8,0.75,1.0,1.0,1.0,0.75,1.0
1.0,0.5,0.0,0.5,0.2,0.5,0.14932,0.2,0.46667,0.0,0.5,0.0,1.0,0.84,0.0,0.0,1.0,1.0,1.0,1.0,1.0,1.0,0.0,0.32653,0.46647,0.0,0.74659,0.59443,0.0,0.0,0.98703,1.0,1.0,0.8,1.0,1.0,0.5,0.5,0.5,1.0,1.0,0.5,0.5,0.5,0.0,0.0,1.0,1.0,1.0,0.5,0.5,0.2,0.8,0.75,0.66667,1.0,1.0,0.75,1.0
0.0,0.5,0.0,0.5,0.2,0.5,0.13964,0.2,0.5,0.0,0.5,0.0,1.0,0.84,0.0,0.0,1.0,1.0,1.0,1.0,1.0,1.0,0.0,0.32653,0.46647,0.0,0.69822,0.53785,0.0,0.0,0.988,1.0,1.0,0.8,1.0,1.0,0.5,0.5,0.5,1.0,1.0,0.5,0.5,0.5,0.0,0.0,1.0,1.0,1.0,0.5,0.5,0.2,0.8,0.75,0.33333,1.0,1.0,0.75,1.0
1.0,0.5,0.0,0.5,0.2,0.5,0.13856,0.2,0.53333,0.0,0.5,0.0,1.0,0.8,0.0,1.0,0.0,1.0,1.0,1.0,1.0,1.0,0.0,0.32653,0.46647,0.0,0.69279,0.5242,0.0,0.0,0.98979,1.0,1.0,0.8,1.0,1.0,0.5,0.5,0.5,1.0,1.0,0.5,0.5,0.5,0.0,0.0,1.0,1.0,1.0,0.5,0.5,0.2,0.8,0.75,1.0,1.0,1.0,0.75,1.0
1.0,0.5,1.0,0.5,0.2,0.5,0.13863,0.2,0.56667,0.0,0.5,0.0,1.0,0.8,0.0,0.0,1.0,1.0,1.0,1.0,1.0,1.0,0.0,0.32653,0.46647,0.0,0.69315,0.52658,0.0,0.0,0.99066,1.0,1.0,0.8,1.0,1.0,0.5,0.5,0.5,1.0,1.0,0.5,0.5,0.5,0.0,0.0,1.0,1.0,1.0,0.5,0.5,0.2,0.8,0.75,1.0,1.0,1.0,0.75,1.0
1.0,0.5,0.0,0.5,0.2,0.5,0.13158,0.2,0.6,0.0,0.5,0.0,1.0,0.8,0.0,1.0,0.0,1.0,1.0,1.0,1.0,1.0,0.0,0.32653,0.46647,0.0,0.65789,0.49952,0.0,0.0,0.99079,1.0,1.0,0.8,1.0,1.0,0.5,0.5,0.5,1.0,1.0,0.5,0.5,0.5,0.0,0.0,1.0,1.0,1.0,0.5,0.5,0.2,0.8,0.75,0.66667,1.0,1.0,0.75,1.0
1.0,0.5,0.0,0.5,0.2,0.5,0.12601,0.2,0.63333,0.0,0.5,0.0,1.0,0.8,0.0,0.0,1.0,1.0,1.0,1.0,1.0,1.0,0.0,0.32653,0.46647,0.0,0.63003,0.4785,0.0,0.0,0.99072,1.0,1.0,0.8,1.0,1.0,0.5,0.5,0.5,1.0,1.0,0.5,0.5,0.5,0.0,0.0,1.0,1.0,1.0,0.5,0.5,0.2,0.6,0.5,1.0,1.0,1.0,0.75,1.0
1.0,0.5,1.0,0.5,0.2,0.5,0.12812,0.2,0.66667,0.0,0.5,0.0,1.0,0.8,0.0,1.0,0.0,1.0,1.0,1.0,1.0,1.0,0.0,0.32653,0.46647,0.0,0.6406,0.47281,0.0,0.0,0.99215,1.0,1.0,0.8,1.0,1.0,0.5,0.5,0.5,1.0,1.0,0.5,0.5,0.5,0.0,0.0,1.0,1.0,1.0,0.5,0.5,0.2,0.8,0.75,1.0,1.0,1.0,0.5,1.0
0.5,0.5,0.5,0.5,0.5,0.5,0.00268,0.2,0.26667,0.0,0.5,0.0,0.0,0.24,0.0,0.97572,0.0,0.8,0.8,1.0,1.0,0.5,1.0,0.87961,1.0,0.5,0.00927,0.00517,0.0,0.0,0.9665,0.25,0.5,0.8,1.0,1.0,0.5,0.5,0.5,1.0,1.0,0.5,0.5,0.5,0.0,0.0,1.0,1.0,1.0,0.5,0.5,0.2,0.4,0.5,1.0,1.0,1.0,0.0,0.5
0.0,0.5,0.0,0.5,0.2,0.5,0.00214,0.2,0.3,0.0,0.5,0.0,1.0,0.24,0.0,0.97793,0.0,1.0,0.8,1.0,1.0,1.0,0.0,0.87712,1.0,0.5,0.00736,0.00401,0.0,0.0,0.96572,1.0,1.0,0.8,1.0,1.0,0.5,0.5,0.5,1.0,1.0,0.5,0.5,0.5,0.0,0.0,1.0,1.0,1.0,0.5,0.5,0.2,0.4,0.5,0.0,1.0,1.0,0.5,1.0
0.0,0.0,0.0,0.0,0.2,0.2,0.00152,0.2,0.36667,0.0,0.5,0.0,0.0,0.24,0.0,0.99897,0.0,1.0,0.8,1.0,1.0,1.0,1.0,0.8758,1.0,0.5,0.00523,0.00302,0.0,0.0,0.97175,0.0,1.0,0.8,1.0,1.0,0.5,0.5,0.5,1.0,1.0,0.5,0.5,0.5,0.0,0.0,1.0,1.0,1.0,0.5,0.5,1.0,0.2,0.0,1.0,1.0,1.0,0.0,1.0
0.5,0.5,0.5,0.5,0.5,0.5,0.35318,0.8,0.06667,0.0,0.5,0.0,0.0,0.28,0.0,0.5,0.5,0.9,0.6,1.0,1.0,0.5,1.0,0.84386,1.0,0.25,1.0,1.0,1.0,0.0,0.66667,0.75,0.5,0.8,1.0,1.0,0.5,0.5,0.5,1.0,1.0,0.5,0.5,0.5,0.5,0.5,1.0,1.0,1.0,0.5,0.5,0.6,0.6,1.0,0.5,1.0,1.0,0.5,0.5
0.0,1.0,0.0,1.0,0.8,0.8,0.44785,0.8,0.6,0.0,0.5,0.0,0.0,0.12,0.08,0.0,0.99048,0.7,1.0,0.8,1.0,0.8,0.0,0.41238,0.58911,0.25,1.0,1.0,1.0,0.0,1.0,1.0,0.5,0.8,1.0,1.0,0.5,0.5,0.5,1.0,1.0,0.5,0.5,0.5,0.0,0.0,1.0,1.0,1.0,1.0,0.5436,1.0,0.2,1.0,1.0,0.0,1.0,0.0,0.5
1.0,0.5,1.0,0.5,0.8,0.5,0.46154,0.8,0.63333,0.0,0.5,0.0,1.0,0.12,0.04,0.0,0.99531,1.0,1.0,0.8,1.0,1.0,1.0,0.43842,0.62631,0.25,1.0,1.0,1.0,0.0,1.0,1.0,1.0,0.8,1.0,1.0,0.5,0.5,0.5,1.0,1.0,0.5,0.5,0.5,0.0,0.0,1.0,1.0,1.0,1.0,0.5436,1.0,0.2,1.0,1.0,0.0,1.0,1.0,0.75
1.0,0.5,1.0,0.5,0.8,0.5,0.47028,0.8,0.66667,0.0,0.5,0.0,1.0,0.12,0.04,0.0,0.99671,1.0,1.0,0.8,1.0,1.0,1.0,0.45526,0.65038,0.25,1.0,1.0,1.0,0.0,1.0,1.0,1.0,0.8,1.0,1.0,0.5,0.5,0.5,1.0,1.0,0.5,0.5,0.5,0.0,0.0,1.0,1.0,1.0,1.0,0.5436,1.0,0.2,1.0,1.0,0.0,1.0,1.0,0.75
0.5,0.5,0.5,0.5,0.5,0.5,0.3202,1.0,0.03333,0.0,0.5,0.0,0.0,0.2,0.0,0.5,0.5,0.5,0.5,0.5,0.5,0.5,0.5,0.0,0.0,0.75,1.0,1.0,1.0,0.0,0.0,0.5,0.5,0.8,1.0,1.0,0.5,0.5,0.5,1.0,1.0,0.5,0.5,0.5,0.5,0.5,1.0,0.5,0.5,0.5,0.5,0.3,0.8,1.0,1.0,1.0,1.0,0.5,0.5
0.0,0.5,0.0,0.5,0.8,0.5,0.27286,0.8,0.06667,0.0,0.5,0.0,1.0,0.32,0.0,0.5,0.5,0.9,0.8,1.0,1.0,0.9,1.0,0.87431,1.0,0.25,1.0,0.96192,0.5,0.0,0.44444,1.0,0.75,0.8,1.0,1.0,0.5,0.5,0.5,1.0,1.0,0.5,0.5,0.5,0.5,0.5,1.0,1.0,1.0,0.5,0.5,0.4,0.6,1.0,0.0,1.0,1.0,1.0,0.25
1.0,0.5,1.0,0.5,1.0,0.5,0.29676,1.0,0.1,0.0,0.5,0.0,1.0,0.48,0.0,0.0,0.96785,0.8,1.0,1.0,1.0,0.8,0.0,0.81085,1.0,0.0,1.0,1.0,1.0,0.0,0.69077,1.0,1.0,0.8,1.0,1.0,0.5,0.5,0.5,1.0,1.0,0.5,0.5,0.5,0.0,0.0,1.0,1.0,1.0,0.5,0.5,0.2,0.6,1.0,0.5,1.0,1.0,1.0,0.5
1.0,0.5,1.0,0.5,1.0,0.5,0.30332,1.0,0.13333,0.0,0.5,0.0,1.0,0.48,0.0,0.0,0.96471,1.0,1.0,1.0,1.0,1.0,1.0,0.89165,1.0,0.0,1.0,1.0,1.0,0.0,0.80808,1.0,1.0,0.8,1.0,1.0,0.5,0.5,0.5,1.0,1.0,0.5,0.5,0.5,0.0,0.0,1.0,1.0,1.0,0.5,0.5,0.2,0.4,0.5,1.0,1.0,1.0,1.0,1.0
1.0,0.5,1.0,0.5,1.0,0.5,0.31043,1.0,0.16667,0.0,0.5,0.0,1.0,0.56,0.0,0.0,0.93294,1.0,0.5,1.0,1.0,1.0,1.0,0.96386,1.0,0.0,1.0,1.0,1.0,0.0,0.86079,1.0,1.0,0.8,1.0,1.0,0.5,0.5,0.5,1.0,1.0,0.5,0.5,0.5,0.0,0.0,1.0,1.0,1.0,0.5,0.5,0.2,0.6,1.0,0.5,1.0,1.0,0.5,1.0
1.0,0.5,0.0,0.5,1.0,0.5,0.3041,1.0,0.2,0.0,0.5,0.0,1.0,0.6,0.0,0.0,0.99219,0.9,1.0,1.0,1.0,0.9,0.0,0.94043,1.0,0.0,1.0,1.0,1.0,0.0,0.84565,1.0,1.0,0.8,1.0,1.0,0.5,0.5,0.5,1.0,1.0,0.5,0.5,0.5,0.0,0.0,1.0,1.0,1.0,0.5,0.5,0.2,0.6,1.0,0.5,1.0,1.0,1.0,1.0
0.0,1.0,0.0,1.0,1.0,1.0,0.34114,1.0,0.26667,0.0,0.5,0.0,0.0,0.6,0.0,0.95637,0.0,1.0,1.0,1.0,1.0,1.0,0.0,0.96927,1.0,0.0,1.0,1.0,1.0,0.0,0.88829,1.0,1.0,0.8,1.0,1.0,0.5,0.5,0.5,1.0,1.0,0.5,0.5,0.5,0.0,0.0,1.0,1.0,1.0,0.5,0.5,0.3,0.4,0.5,1.0,1.0,1.0,0.0,1.0
0.5,0.5,0.5,0.5,0.5,0.5,0.3585,0.8,0.46667,0.0,0.5,0.0,0.0,0.16,0.04,0.0,0.98779,1.0,1.0,1.0,1.0,0.5,1.0,0.95034,1.0,0.75,0.96116,0.92523,0.0,0.0,0.5,1.0,0.5,0.8,1.0,1.0,0.5,0.5,0.5,1.0,1.0,0.5,0.5,0.5,0.0,0.0,1.0,1.0,1.0,0.5,0.5,0.2,0.4,1.0,0.0,1.0,1.0,0.0,0.5
0.0,0.5,0.0,0.5,0.8,0.5,0.29051,0.8,0.5,0.0,0.5,0.0,1.0,0.2,0.04,0.0,0.94089,1.0,1.0,0.8,1.0,1.0,1.0,0.95568,1.0,0.75,0.78111,0.64084,0.0,0.0,0.5,1.0,1.0,0.8,1.0,1.0,0.5,0.5,0.5,1.0,1.0,0.5,0.5,0.5,0.0,0.0,1.0,1.0,1.0,0.5,0.5,0.2,0.4,1.0,0.0,1.0,1.0,1.0,1.0
0.5,0.5,0.5,0.5,0.5,0.5,0.13669,0.2,0.3,0.0,0.5,0.0,0.0,0.68,0.0,0.94924,0.0,1.0,1.0,1.0,1.0,0.5,0.0,0.64889,0.92699,0.25,0.94674,0.89886,0.0,0.0,0.94526,1.0,0.5,0.8,1.0,1.0,0.5,0.5,0.5,1.0,1.0,0.5,0.5,0.5,0.0,0.0,1.0,1.0,1.0,0.5,0.5,0.2,0.4,1.0,1.0,1.0,1.0,0.0,0.5
0.0,0.0,0.0,0.0,0.2,0.2,0.10793,0.2,0.36667,0.0,0.5,0.0,0.0,0.68,0.0,0.0,0.9831,1.0,1.0,1.0,1.0,1.0,0.0,0.65169,0.93099,0.25,0.77786,0.63647,0.0,0.0,0.88862,1.0,1.0,0.8,1.0,1.0,0.5,0.5,0.5,1.0,1.0,0.5,0.5,0.5,0.0,0.0,1.0,1.0,1.0,0.5,0.5,1.0,0.2,0.0,1.0,1.0,1.0,0.0,1.0
0.5,0.5,0.5,0.5,0.5,0.5,0.13646,0.4,0.96667,0.0,0.5,0.0,0.0,0.2,0.04,0.0,0.99576,1.0,0.9,1.0,1.0,0.5,1.0,0.71914,1.0,0.25,0.73574,0.58195,0.0,1.0,0.64732,1.0,0.5,0.8,1.0,1.0,0.5,0.5,0.5,1.0,1.0,0.5,0.5,0.5,0.0,0.0,1.0,1.0,1.0,0.5,0.5,0.2,0.4,1.0,1.0,1.0,1.0,0.0,0.5
0.5,0.5,0.5,0.5,0.5,0.5,0.01509,0.2,0.13333,0.0,0.5,0.0,0.0,0.32,0.0,0.92216,0.0,0.8,0.8,1.0,1.0,0.5,1.0,0.74871,1.0,0.5,0.12728,0.05893,0.0,0.0,0.80085,1.0,0.5,0.8,1.0,1.0,0.5,0.5,0.5,1.0,1.0,0.5,0.5,0.5,0.0,0.0,1.0,1.0,1.0,0.5,0.5,0.2,0.4,0.5,1.0,1.0,1.0,0.0,0.5
0.5,0.5,0.5,0.5,0.5,0.5,0.0124,0.2,0.36667,0.0,0.5,0.0,0.0,0.28,0.04,0.33194,0.0,1.0,1.0,1.0,1.0,0.5,1.0,0.77479,1.0,0.25,0.09199,0.03468,0.0,0.0,0.88897,0.75,0.5,0.8,1.0,1.0,0.5,0.5,0.5,1.0,1.0,0.5,0.5,0.5,0.0,0.0,1.0,1.0,1.0,0.06228,1.0,0.2,0.4,0.5,1.0,1.0,1.0,0.0,0.5
0.0,0.5,0.0,0.5,0.2,0.5,0.00993,0.2,0.4,0.0,0.5,0.0,1.0,0.28,0.04,0.58531,0.0,1.0,1.0,1.0,1.0,1.0,0.0,0.77402,1.0,0.25,0.07401,0.02772,0.0,0.0,0.88991,1.0,1.0,0.8,1.0,1.0,0.5,0.5,0.5,1.0,1.0,0.5,0.5,0.5,0.0,0.0,1.0,1.0,1.0,0.06228,1.0,0.2,0.4,0.5,0.0,1.0,1.0,0.5,1.0
0.0,0.5,0.0,0.5,0.2,0.5,0.00909,0.2,0.43333,0.0,0.5,0.0,1.0,0.28,0.04,0.75512,0.0,1.0,1.0,1.0,1.0,1.0,0.0,0.77366,1.0,0.25,0.068,0.02529,0.0,0.0,0.89064,1.0,1.0,0.8,1.0,1.0,0.5,0.5,0.5,1.0,1.0,0.5,0.5,0.5,0.0,0.0,1.0,1.0,1.0,0.06228,1.0,0.2,0.4,0.5,0.0,1.0,1.0,0.5,1.0
1.0,0.5,0.0,0.5,0.2,0.5,0.0086,0.2,0.46667,0.0,0.5,0.0,1.0,0.28,0.04,0.86886,0.0,1.0,1.0,1.0,1.0,1.0,0.0,0.77327,1.0,0.25,0.06461,0.02388,0.0,0.0,0.89126,1.0,1.0,0.8,1.0,1.0,0.5,0.5,0.5,1.0,1.0,0.5,0.5,0.5,0.0,0.0,1.0,1.0,1.0,0.06228,1.0,0.2,0.4,0.5,0.0,1.0,1.0,0.5,1.0
1.0,0.5,0.0,0.5,0.2,0.5,0.00816,0.2,0.5,0.0,0.5,0.0,1.0,0.28,0.04,0.94533,0.0,1.0,1.0,1.0,1.0,1.0,0.0,0.77292,1.0,0.25,0.06153,0.02261,0.0,0.0,0.8918,1.0,1.0,0.8,1.0,1.0,0.5,0.5,0.5,1.0,1.0,0.5,0.5,0.5,0.0,0.0,1.0,1.0,1.0,0.06228,1.0,0.2,0.4,0.5,0.0,1.0,1.0,0.5,1.0
1.0,0.5,0.0,0.5,0.2,0.5,0.00773,0.2,0.53333,0.0,0.5,0.0,1.0,0.28,0.04,0.99688,0.0,1.0,1.0,1.0,1.0,1.0,0.0,0.77258,1.0,0.25,0.05845,0.02135,0.0,0.0,0.89225,1.0,1.0,0.8,1.0,1.0,0.5,0.5,0.5,1.0,1.0,0.5,0.5,0.5,0.0,0.0,1.0,1.0,1.0,0.06228,1.0,0.2,0.4,0.5,0.0,1.0,1.0,0.5,1.0
0.0,0.5,0.0,0.5,0.2,0.5,0.0073,0.2,0.56667,0.0,0.5,0.0,1.0,0.28,0.04,0.99834,0.0,1.0,1.0,1.0,1.0,1.0,0.0,0.77226,1.0,0.25,0.05538,0.02012,0.0,0.0,0.89263,1.0,1.0,0.8,1.0,1.0,0.5,0.5,0.5,1.0,1.0,0.5,0.5,0.5,0.0,0.0,1.0,1.0,1.0,0.06228,1.0,0.2,0.4,0.5,0.0,1.0,1.0,0.5,1.0
0.0,0.5,0.0,0.5,0.2,0.5,0.00688,0.2,0.6,0.0,0.5,0.0,1.0,0.28,0.04,0.99938,0.0,1.0,1.0,1.0,1.0,1.0,0.0,0.77196,1.0,0.25,0.05236,0.01892,0.0,0.0,0.89295,1.0,1.0,0.8,1.0,1.0,0.5,0.5,0.5,1.0,1.0,0.5,0.5,0.5,0.0,0.0,1.0,1.0,1.0,0.06228,1.0,0.2,0.4,0.5,0.0,1.0,1.0,0.5,1.0
0.0,1.0,0.0,0.0,0.2,0.2,0.00612,0.2,0.86667,0.0,0.5,0.0,0.0,0.24,0.04,0.0,0.99841,1.0,1.0,1.0,1.0,1.0,0.0,0.77016,1.0,0.25,0.04752,0.01662,0.0,0.0,0.89421,1.0,1.0,0.8,1.0,1.0,0.5,0.5,0.5,1.0,1.0,0.5,0.5,0.5,0.0,0.0,1.0,1.0,1.0,0.06228,1.0,0.2,0.4,0.5,1.0,1.0,1.0,0.0,1.0
1.0,0.5,0.0,0.5,0.2,0.5,0.00592,0.2,0.9,0.0,0.5,0.0,1.0,0.24,0.04,0.0,0.99841,1.0,1.0,1.0,1.0,1.0,0.0,0.77002,1.0,0.25,0.04606,0.01607,0.0,0.0,0.89427,1.0,1.0,0.8,1.0,1.0,0.5,0.5,0.5,1.0,1.0,0.5,0.5,0.5,0.0,0.0,1.0,1.0,1.0,0.06228,1.0,0.2,0.4,0.5,1.0,1.0,1.0,0.5,1.0
0.0,0.0,0.0,0.0,0.2,0.2,0.00557,0.2,1.0,0.0,0.5,0.0,0.0,0.24,0.04,0.0,0.99866,1.0,1.0,1.0,1.0,1.0,0.0,0.76957,1.0,0.25,0.04352,0.01505,0.0,0.0,0.89439,1.0,1.0,0.8,1.0,1.0,0.5,0.5,0.5,1.0,1.0,0.5,0.5,0.5,0.0,0.0,1.0,1.0,1.0,0.06228,1.0,0.2,0.4,0.5,1.0,1.0,1.0,0.0,1.0
0.0,0.0,0.0,0.0,0.2,0.2,0.00389,0.2,0.0,0.9375,0.5,0.0,0.0,0.24,0.04,0.0,0.99834,1.0,1.0,1.0,1.0,1.0,0.0,0.76929,1.0,0.25,0.03054,0.0105,0.0,0.0,0.89444,1.0,1.0,0.8,1.0,1.0,0.5,0.5,0.5,1.0,1.0,0.5,0.5,0.5,0.0,0.0,1.0,1.0,1.0,0.06228,1.0,0.2,0.4,0.5,1.0,1.0,1.0,0.0,1.0
0.0,0.0,0.0,0.0,0.2,0.2,0.00288,0.2,0.0,0.88235,0.5,0.0,0.0,0.24,0.04,0.0,0.99868,1.0,1.0,1.0,1.0,1.0,0.0,0.76908,1.0,0.25,0.0227,0.00777,0.0,0.0,0.89448,1.0,1.0,0.8,1.0,1.0,0.5,0.5,0.5,1.0,1.0,0.5,0.5,0.5,0.0,0.0,1.0,1.0,1.0,0.06228,1.0,0.2,0.4,0.5,0.0,1.0,1.0,0.5,1.0
0.5,0.5,0.5,0.5,0.5,0.5,0.00246,0.2,0.0,0.81081,0.5,0.0,0.0,0.36,0.12,0.99964,0.0,1.0,1.0,1.0,1.0,0.5,1.0,0.97676,1.0,0.5,0.01006,0.00503,0.0,0.0,0.97026,0.5,0.5,0.0,1.0,1.0,0.5,0.5,0.5,1.0,1.0,0.5,0.5,0.5,0.0,0.0,1.0,1.0,1.0,0.3032,0.484,1.0,0.2,0.0,1.0,0.0,1.0,0.0,0.5
0.0,0.5,0.0,0.5,0.2,0.5,0.00159,0.2,0.0,0.78947,0.5,0.0,1.0,0.36,0.12,0.99807,0.0,1.0,0.8,1.0,1.0,1.0,1.0,0.97945,1.0,0.5,0.00653,0.0032,0.0,0.0,0.96826,1.0,1.0,0.0,1.0,1.0,0.5,0.5,0.5,1.0,1.0,0.5,0.5,0.5,0.0,0.0,1.0,1.0,1.0,0.3032,0.484,1.0,0.2,0.0,1.0,0.0,1.0,0.0,1.0
0.0,0.5,0.0,0.5,0.2,0.5,0.00142,0.2,0.0,0.76923,0.5,0.0,1.0,0.28,0.12,0.9972,0.0,1.0,0.8,1.0,1.0,1.0,1.0,0.9824,1.0,0.5,0.00586,0.00283,0.0,0.0,0.96647,1.0,1.0,0.0,1.0,1.0,0.5,0.5,0.5,1.0,1.0,0.5,0.5,0.5,0.0,0.0,1.0,1.0,1.0,0.3032,0.484,1.0,0.2,0.0,1.0,0.0,1.0,0.0,1.0
0.5,0.5,0.5,0.5,0.5,0.5,0.09426,0.4,0.86667,0.0,0.5,0.0,0.0,0.28,0.0,0.0,0.99746,1.0,1.0,1.0,1.0,0.5,1.0,0.47042,0.67203,0.0,0.39266,0.24429,0.0,0.0,0.87193,1.0,0.5,0.8,1.0,1.0,0.5,0.5,0.5,1.0,1.0,0.5,0.5,0.5,0.0,0.0,1.0,1.0,1.0,0.5,0.5,1.0,0.2,0.0,1.0,1.0,1.0,0.0,0.5
0.0,0.0,1.0,1.0,0.4,0.4,0.09434,0.4,0.96667,0.0,0.5,0.0,0.0,0.28,0.0,0.99933,0.0,1.0,1.0,1.0,1.0,1.0,1.0,0.47345,0.67635,0.0,0.39175,0.24359,0.0,0.0,0.86,1.0,1.0,0.8,1.0,1.0,0.5,0.5,0.5,1.0,1.0,0.5,0.5,0.5,0.0,0.0,1.0,1.0,1.0,0.5,0.5,1.0,0.2,0.0,1.0,1.0,1.0,0.0,0.0
0.0,0.0,1.0,1.0,0.4,0.4,0.09436,0.4,0.0,0.90909,0.5,0.0,0.0,0.2,0.0,0.98859,0.0,1.0,1.0,1.0,1.0,0.9,1.0,0.01817,0.02596,0.0,1.0,1.0,1.0,0.0,1.0,1.0,0.75,0.8,1.0,1.0,0.5,0.5,0.5,1.0,1.0,0.5,0.5,0.5,0.0,0.0,1.0,1.0,1.0,0.5,0.5,1.0,0.2,1.0,1.0,1.0,1.0,1.0,0.0
0.0,0.0,1.0,1.0,0.4,0.4,0.09436,0.4,0.0,0.85714,0.5,0.0,0.0,0.2,0.0,0.98784,0.0,1.0,1.0,1.0,1.0,1.0,1.0,0.01817,0.02596,0.0,1.0,1.0,1.0,0.0,1.0,1.0,1.0,0.8,1.0,1.0,0.5,0.5,0.5,1.0,1.0,0.5,0.5,0.5,0.0,0.0,1.0,1.0,1.0,0.5,0.5,1.0,0.2,1.0,1.0,1.0,1.0,1.0,0.0
0.0,0.0,1.0,1.0,0.4,0.4,0.09436,0.4,0.0,0.81081,0.5,0.0,0.0,0.2,0.0,0.99124,0.0,1.0,1.0,1.0,1.0,1.0,1.0,0.01817,0.02596,0.0,1.0,1.0,1.0,0.0,1.0,1.0,1.0,0.8,1.0,1.0,0.5,0.5,0.5,1.0,1.0,0.5,0.5,0.5,0.0,0.0,1.0,1.0,1.0,0.5,0.5,1.0,0.2,1.0,1.0,1.0,1.0,1.0,0.0
0.5,0.5,0.5,0.5,0.5,0.5,0.06468,0.4,0.46667,0.0,0.5,0.0,0.0,0.32,0.04,0.0,0.98379,1.0,1.0,1.0,1.0,0.5,1.0,0.97775,1.0,1.0,0.28539,0.13451,0.0,0.0,0.9533,1.0,0.5,0.8,1.0,1.0,0.5,0.5,0.5,1.0,1.0,0.5,0.5,0.5,0.0,0.0,1.0,1.0,1.0,0.5,0.5,0.2,0.4,0.5,0.0,1.0,1.0,1.0,0.5
0.0,0.0,0.0,0.0,0.4,0.4,0.01003,0.2,0.0,0.96774,0.5,0.0,0.0,0.24,0.12,0.0,0.9979,1.0,1.0,0.8,1.0,0.8,1.0,0.96866,1.0,0.25,0.041,0.0188,0.0,0.0,0.59144,0.5,0.5,0.8,1.0,1.0,0.5,0.5,0.5,1.0,1.0,0.5,0.5,0.5,0.0,0.0,1.0,1.0,1.0,0.05802,0.10819,1.0,0.2,0.0,1.0,0.0,1.0,0.0,1.0
0.0,0.0,0.0,0.0,0.2,0.2,0.00855,0.2,0.0,0.88235,0.5,0.0,0.0,0.24,0.12,0.0,0.98921,1.0,1.0,0.8,1.0,1.0,0.0,0.97397,1.0,0.25,0.03513,0.01477,0.0,0.0,0.61363,0.75,1.0,0.8,1.0,1.0,0.5,0.5,0.5,1.0,1.0,0.5,0.5,0.5,0.0,0.0,1.0,1.0,1.0,0.05802,0.10819,1.0,0.2,0.0,1.0,0.0,1.0,0.0,0.25
0.5,0.5,0.5,0.5,0.5,0.5,0.13444,0.9,0.03333,0.0,1.0,0.0,0.0,0.1,0.0,0.5,0.5,0.5,0.5,0.5,0.5,0.5,0.5,0.0,0.0,0.66667,1.0,0.65054,0.83333,0.0,0.0,0.5,0.5,0.8,1.0,1.0,0.5,0.5,0.5,1.0,1.0,0.5,0.5,0.5,0.5,0.5,1.0,0.5,0.5,0.5,0.5,0.2,0.7,1.0,1.0,1.0,1.0,0.5,0.5
0.5,0.5,0.5,0.5,0.5,0.5,0.04113,0.3,0.06667,0.0,1.0,0.0,0.0,0.45,0.0,0.5,0.5,0.35556,0.64444,1.0,1.0,0.5,1.0,0.52538,0.75055,0.22222,1.0,1.0,1.0,0.0,1.0,1.0,0.5,0.8,1.0,1.0,0.5,0.5,0.5,1.0,1.0,0.5,0.5,0.5,0.5,0.5,1.0,1.0,1.0,0.5,0.5,0.2,0.2,1.0,1.0,1.0,1.0,0.0,0.5
0.0,0.0,0.0,0.0,0.2,0.2,0.03146,0.3,0.2,0.0,1.0,0.0,0.0,0.57,0.01,0.60736,0.0,1.0,1.0,1.0,1.0,0.97778,1.0,0.61152,0.87361,0.11111,0.35048,0.21248,0.0,0.0,1.0,1.0,0.77778,0.8,1.0,1.0,0.5,0.5,0.5,1.0,1.0,0.5,0.5,0.5,0.0,0.0,1.0,1.0,1.0,1.0,0.25146,0.2,0.2,1.0,1.0,1.0,1.0,0.0,1.0
0.0,0.5,0.0,0.5,0.3,0.5,0.02437,0.3,0.23333,0.0,1.0,0.0,1.0,0.55,0.01,0.76168,0.0,1.0,1.0,1.0,1.0,1.0,1.0,0.61588,0.87983,0.11111,0.27033,0.15629,0.0,0.0,1.0,1.0,1.0,0.8,1.0,1.0,0.5,0.5,0.5,1.0,1.0,0.5,0.5,0.5,0.0,0.0,1.0,1.0,1.0,1.0,0.25146,0.2,0.2,1.0,0.0,1.0,1.0,1.0,1.0
0.0,0.5,0.0,0.5,0.2,0.5,0.01831,0.2,0.26667,0.0,1.0,0.0,1.0,0.53,0.01,0.87775,0.0,1.0,0.82222,1.0,1.0,1.0,1.0,0.61968,0.88526,0.11111,0.20214,0.11243,0.0,0.0,1.0,1.0,1.0,0.8,1.0,1.0,0.5,0.5,0.5,1.0,1.0,0.5,0.5,0.5,0.0,0.0,1.0,1.0,1.0,1.0,0.25146,0.2,0.2,1.0,0.0,1.0,1.0,1.0,1.0
0.0,0.0,0.0,0.0,0.2,0.2,0.01243,0.2,0.33333,0.0,1.0,0.0,0.0,0.5,0.01,0.0,0.99811,1.0,0.82222,1.0,1.0,1.0,0.0,0.57492,0.82131,0.11111,0.2157,0.12089,0.0,0.0,1.0,1.0,0.77778,0.8,1.0,1.0,0.5,0.5,0.5,1.0,1.0,0.5,0.5,0.5,0.0,0.0,1.0,1.0,1.0,1.0,0.25146,0.2,0.2,1.0,1.0,1.0,1.0,0.0,1.0
0.0,0.0,0.0,0.0,0.2,0.2,0.00865,0.2,0.4,0.0,1.0,0.0,0.0,0.5,0.01,0.99932,0.0,1.0,1.0,1.0,1.0,1.0,1.0,0.57994,0.82848,0.11111,0.14534,0.07836,0.0,0.0,1.0,1.0,1.0,0.8,1.0,1.0,0.5,0.5,0.5,1.0,1.0,0.5,0.5,0.5,0.0,0.0,1.0,1.0,1.0,1.0,0.25146,0.2,0.2,1.0,0.0,1.0,1.0,0.0,1.0
0.0,0.5,0.0,0.5,0.2,0.5,0.0067,0.2,0.43333,0.0,1.0,0.0,1.0,0.51,0.01,0.0,0.99961,1.0,0.82222,1.0,1.0,1.0,0.0,0.57746,0.82494,0.11111,0.11755,0.06245,0.0,0.0,1.0,1.0,1.0,0.8,1.0,1.0,0.5,0.5,0.5,1.0,1.0,0.5,0.5,0.5,0.0,0.0,1.0,1.0,1.0,1.0,0.25146,0.2,0.2,1.0,0.0,1.0,1.0,1.0,1.0
0.5,0.5,0.5,0.5,0.5,0.5,0.05917,0.4,0.63333,0.0,1.0,0.0,0.0,0.38,0.02,0.99998,0.0,1.0,0.88889,1.0,1.0,0.5,1.0,0.54378,0.77683,0.11111,1.0,1.0,1.0,0.0,1.0,1.0,0.5,0.75,0.9,0.87947,1.0,0.5,0.45638,1.0,1.0,0.5,0.5,0.5,0.0,0.0,1.0,1.0,1.0,0.35889,0.51416,0.25,0.2,1.0,0.0,1.0,1.0,1.0,0.5
0.5,0.5,0.5,0.5,0.5,0.5,0.11499,0.6,0.06667,0.0,1.0,0.0,0.0,0.15,0.0,0.5,0.5,0.93333,0.93333,1.0,1.0,0.5,1.0,0.63074,0.90105,0.11111,1.0,0.90694,0.66667,0.0,0.42188,1.0,0.5,0.8,1.0,1.0,0.5,0.5,0.5,1.0,1.0,0.5,0.5,0.5,0.5,0.5,1.0,1.0,1.0,0.5,0.5,0.25,0.4,1.0,0.0,1.0,1.0,1.0,0.5
0.0,0.0,0.0,0.0,0.6,0.6,0.09707,0.6,0.13333,0.0,1.0,0.0,0.0,0.14,0.0,0.94974,0.0,1.0,0.93333,1.0,1.0,1.0,1.0,0.63649,0.90928,0.11111,1.0,0.71633,0.66667,0.0,0.42188,1.0,1.0,0.8,1.0,1.0,0.5,0.5,0.5,1.0,1.0,0.5,0.5,0.5,0.0,0.0,1.0,1.0,1.0,0.5,0.5,1.0,0.1,0.0,1.0,1.0,1.0,0.0,0.44444
0.0,1.0,0.0,1.0,0.6,0.6,0.103,0.6,0.2,0.0,1.0,0.0,0.0,0.11,0.01,0.45509,0.0,1.0,0.95556,1.0,1.0,0.95556,1.0,0.57405,0.82007,0.22222,1.0,1.0,1.0,0.0,1.0,0.77778,0.55556,0.8,1.0,1.0,0.5,0.5,0.5,1.0,1.0,0.5,0.5,0.5,0.0,0.0,1.0,1.0,1.0,1.0,1.0,0.2,0.2,1.0,1.0,1.0,1.0,0.0,0.44444
0.5,0.5,0.5,0.5,0.5,0.5,0.16364,0.9,0.03333,0.0,1.0,0.0,0.0,0.1,0.0,0.5,0.5,0.5,0.5,0.5,0.5,0.5,0.5,0.0,0.0,0.55556,1.0,0.9,0.8,0.0,0.0,0.5,0.5,0.8,1.0,1.0,0.5,0.5,0.5,1.0,1.0,0.5,0.5,0.5,0.5,0.5,1.0,0.5,0.5,0.5,0.5,0.3,0.6,1.0,1.0,1.0,1.0,0.5,0.5
0.5,0.5,0.5,0.5,0.5,0.5,0.30958,1.0,0.56667,0.0,1.0,0.0,0.0,0.08,0.07,0.0,0.97073,1.0,0.97778,0.77778,0.86667,0.5,1.0,0.87673,1.0,0.33333,1.0,1.0,1.0,0.0,0.93051,0.66667,0.5,0.8,1.0,1.0,0.5,0.5,0.5,1.0,1.0,0.5,0.5,0.5,0.0,0.0,1.0,1.0,1.0,1.0,0.804,0.5,0.3,1.0,0.5,0.5,1.0,1.0,0.5
0.0,0.5,0.0,0.5,1.0,0.5,0.28941,1.0,0.6,0.0,1.0,0.0,1.0,0.09,0.07,0.0,0.96944,1.0,0.97778,0.77778,1.0,1.0,1.0,0.88911,1.0,0.33333,1.0,1.0,1.0,0.0,0.93402,1.0,1.0,0.8,1.0,1.0,0.5,0.5,0.5,1.0,1.0,0.5,0.5,0.5,0.0,0.0,1.0,1.0,1.0,1.0,0.804,0.5,0.3,1.0,0.5,0.5,1.0,1.0,0.77778
0.0,0.5,0.0,0.5,1.0,0.5,0.27603,1.0,0.63333,0.0,1.0,0.0,1.0,0.09,0.07,0.0,0.96285,1.0,0.8,0.77778,1.0,1.0,0.0,0.83557,1.0,0.33333,1.0,1.0,1.0,0.0,0.95187,1.0,0.77778,0.8,1.0,1.0,0.5,0.5,0.5,1.0,1.0,0.5,0.5,0.5,0.0,0.0,1.0,1.0,1.0,1.0,0.804,0.45,0.3,1.0,1.0,0.5,1.0,0.5,0.77778
0.0,0.5,0.0,0.5,1.0,0.5,0.26647,1.0,0.66667,0.0,1.0,0.0,1.0,0.1,0.07,0.0,0.97264,1.0,0.8,0.77778,1.0,1.0,1.0,0.84637,1.0,0.33333,1.0,1.0,1.0,0.0,0.95186,1.0,1.0,0.8,1.0,1.0,0.5,0.5,0.5,1.0,1.0,0.5,0.5,0.5,0.0,0.0,1.0,1.0,1.0,1.0,0.804,0.35,0.3,1.0,0.5,0.5,1.0,1.0,0.66667
0.5,0.5,0.5,0.5,0.5,0.5,0.09259,0.4,0.9,0.0,1.0,0.0,0.0,0.32,0.01,0.98981,0.0,1.0,1.0,1.0,1.0,0.5,0.0,0.68676,0.98109,0.11111,0.93199,0.76509,0.33333,0.0,0.9829,0.88889,0.5,0.8,1.0,1.0,0.5,0.5,0.5,1.0,1.0,0.5,0.5,0.5,0.0,0.0,1.0,1.0,1.0,0.41441,0.39686,0.2,0.4,1.0,0.33333,1.0,1.0,0.66667,0.5
0.0,0.5,0.0,0.5,0.1,0.5,0.07693,0.1,0.93333,0.0,1.0,0.0,1.0,0.32,0.01,0.99403,0.0,1.0,1.0,1.0,1.0,1.0,1.0,0.69128,0.98754,0.11111,0.76926,0.61621,0.0,0.0,0.9781,1.0,1.0,0.8,1.0,1.0,0.5,0.5,0.5,1.0,1.0,0.5,0.5,0.5,0.0,0.0,1.0,1.0,1.0,0.41441,0.39686,0.2,0.3,0.66667,0.0,1.0,1.0,1.0,1.0
0.0,0.5,0.0,0.5,0.1,0.5,0.06745,0.1,0.96667,0.0,1.0,0.0,1.0,0.31,0.01,0.99615,0.0,1.0,1.0,1.0,1.0,1.0,1.0,0.70336,1.0,0.11111,0.65906,0.5599,0.0,0.0,0.97524,1.0,1.0,0.8,1.0,1.0,0.5,0.5,0.5,1.0,1.0,0.5,0.5,0.5,0.0,0.0,1.0,1.0,1.0,0.41441,0.39686,0.2,0.3,0.66667,0.0,1.0,1.0,0.66667,1.0
0.0,0.5,0.0,0.5,0.1,0.5,0.0616,0.1,1.0,0.0,1.0,0.0,1.0,0.32,0.01,0.99938,0.0,1.0,1.0,1.0,1.0,1.0,1.0,0.85077,1.0,0.33333,0.66913,0.53605,0.0,0.0,0.94419,1.0,0.55556,0.8,1.0,1.0,0.5,0.5,0.5,1.0,1.0,0.5,0.5,0.5,0.0,0.0,1.0,1.0,1.0,0.41441,0.39686,0.2,0.2,0.2,1.0,1.0,1.0,0.2,1.0
0.5,0.5,0.5,0.5,0.5,0.5,0.02047,0.2,0.2,0.0,1.0,0.0,0.0,0.1,0.0,0.99616,0.0,0.93333,0.91111,1.0,1.0,0.5,1.0,0.56108,0.80155,0.11111,0.54112,0.30375,0.33333,0.0,0.5625,1.0,0.5,0.8,1.0,1.0,0.5,0.5,0.5,1.0,1.0,0.5,0.5,0.5,0.0,0.0,1.0,1.0,1.0,0.5,0.5,0.25,0.2,0.33333,1.0,1.0,1.0,0.66667,0.5
0.0,0.0,0.0,0.0,0.1,0.1,0.01674,0.1,0.26667,0.0,1.0,0.0,0.0,0.1,0.0,0.0,0.99936,1.0,0.93333,1.0,1.0,0.91111,0.0,0.61589,0.87984,0.33333,0.14402,0.0776,0.0,1.0,0.5,1.0,0.55556,0.8,1.0,1.0,0.5,0.5,0.5,1.0,1.0,0.5,0.5,0.5,0.0,0.0,1.0,1.0,1.0,0.5,0.5,0.2,0.2,1.0,0.0,1.0,1.0,0.0,0.22222
0.5,0.5,0.5,0.5,0.5,0.5,0.1423,0.8,0.06667,0.0,1.0,0.0,0.0,0.3,0.0,0.5,0.5,0.64444,0.86667,1.0,1.0,0.5,1.0,0.84196,1.0,0.55556,1.0,1.0,1.0,0.0,0.88039,0.44444,0.5,0.8,1.0,1.0,0.5,0.5,0.5,1.0,1.0,0.5,0.5,0.5,0.5,0.5,1.0,1.0,1.0,0.5,0.5,0.2,0.6,1.0,1.0,1.0,1.0,0.0,0.5
0.0,0.0,0.0,0.0,0.5,0.7,0.11824,0.6,0.23333,0.0,1.0,0.0,0.0,0.21,0.07,0.93568,0.0,1.0,1.0,1.0,1.0,0.68889,0.0,0.82522,1.0,0.33333,0.94345,0.67584,0.5,0.0,0.92794,1.0,0.66667,0.8,1.0,1.0,0.5,0.5,0.5,1.0,1.0,0.5,0.5,0.5,0.34572,1.0,0.25,1.0,1.0,0.28362,0.4977,0.95,0.2,0.25,1.0,1.0,1.0,0.0,1.0
0.0,0.0,0.0,0.0,0.5,0.6,0.05813,0.6,0.9,0.0,1.0,0.0,0.0,0.13,0.1,0.0,0.9934,1.0,0.91111,0.84444,1.0,0.55556,1.0,0.73026,1.0,0.44444,0.32904,0.19692,0.0,1.0,1.0,1.0,0.66667,0.8,1.0,1.0,0.5,0.14286,0.5,1.0,1.0,0.85716,1.0,0.89694,0.0,0.0,1.0,1.0,1.0,0.49114,0.484,0.2,0.2,1.0,0.0,1.0,1.0,1.0,1.0
0.5,0.5,0.5,0.5,0.5,0.5,0.15166,1.0,0.03333,0.0,1.0,0.0,0.0,0.1,0.0,0.5,0.5,0.5,0.5,0.5,0.5,0.5,0.5,0.0,0.0,0.66667,1.0,1.0,1.0,0.0,0.0,0.5,0.5,0.8,1.0,1.0,0.5,0.5,0.5,1.0,1.0,0.5,0.5,0.5,0.5,0.5,1.0,0.5,0.5,0.5,0.5,0.2,0.7,1.0,1.0,1.0,1.0,0.5,0.5
0.0,0.5,0.0,0.5,0.6,0.5,0.12682,0.6,0.06667,0.0,1.0,0.0,1.0,0.18,0.0,0.5,0.5,0.91111,0.86667,1.0,1.0,0.91111,1.0,0.73158,1.0,0.11111,1.0,0.91001,0.33333,0.0,0.42188,1.0,0.66667,0.8,1.0,1.0,0.5,0.5,0.5,1.0,1.0,0.5,0.5,0.5,0.5,0.5,1.0,1.0,1.0,0.5,0.5,0.2,0.4,1.0,0.0,1.0,1.0,1.0,1.0
1.0,1.0,1.0,1.0,0.8,1.0,0.14662,0.9,0.23333,0.0,1.0,0.0,0.0,0.36,0.05,0.95871,0.0,1.0,1.0,1.0,1.0,0.73333,1.0,0.77494,1.0,0.0,1.0,0.98119,0.75,0.0,0.94309,1.0,0.88889,0.8,1.0,1.0,0.5,0.26813,0.5,1.0,1.0,0.5,0.5,0.5,0.51712,0.0034,0.55,1.0,1.0,1.0,1.0,0.65,0.5,1.0,1.0,1.0,1.0,1.0,1.0
0.0,0.5,0.0,0.5,0.8,0.5,0.14343,0.8,0.26667,0.0,1.0,0.0,1.0,0.38,0.06,0.0,0.98779,0.73333,1.0,0.73333,1.0,0.73333,1.0,0.88924,1.0,0.22222,1.0,0.97479,0.5,0.0,0.95141,1.0,1.0,0.8,1.0,1.0,0.5,0.26813,0.5,1.0,1.0,0.11095,0.19225,0.5,0.30763,0.43558,0.55,1.0,1.0,0.11095,0.19225,0.65,0.5,1.0,1.0,0.75,1.0,1.0,1.0
0.0,0.5,0.0,0.5,0.8,0.5,0.14167,0.8,0.3,0.0,1.0,0.0,1.0,0.33,0.1,0.99833,0.0,0.91111,1.0,0.82222,1.0,0.91111,1.0,0.92133,1.0,0.22222,1.0,0.90419,0.5,0.0,0.9584,1.0,1.0,0.8,1.0,1.0,0.5,0.26813,0.5,1.0,1.0,0.9931,0.53257,0.5,0.45824,0.4501,0.7,1.0,1.0,0.9931,0.53257,0.5,0.5,1.0,1.0,0.0,1.0,1.0,1.0
0.0,0.0,0.0,0.0,0.5,0.6,0.07785,0.6,0.6,0.0,1.0,0.0,0.0,0.08,0.18,0.0,0.97615,1.0,1.0,0.71111,1.0,0.91111,0.0,0.98956,1.0,0.22222,0.33781,0.20044,0.0,0.0,0.92762,1.0,0.77778,0.8,1.0,1.0,0.5,0.26339,0.5,1.0,1.0,0.30033,0.22207,0.67698,0.0,0.0,1.0,1.0,1.0,0.58175,0.26037,0.2,0.2,0.5,1.0,0.0,1.0,0.0,1.0
0.0,0.5,0.0,0.5,0.6,0.5,0.06437,0.6,0.63333,0.0,1.0,0.0,1.0,0.08,0.18,0.0,0.98453,1.0,1.0,0.68889,1.0,1.0,1.0,0.98968,1.0,0.22222,0.27925,0.16553,0.0,0.0,0.92008,1.0,1.0,0.8,1.0,1.0,0.5,0.26339,0.5,1.0,1.0,0.30033,0.22207,0.67698,0.0,0.0,1.0,1.0,1.0,0.58175,0.26037,0.2,0.2,0.5,0.0,0.0,1.0,0.5,1.0
0.5,0.5,0.5,0.5,0.5,0.5,0.0477,0.4,0.83333,0.0,1.0,0.0,0.0,0.14,0.03,0.98951,0.0,1.0,0.97778,0.91111,1.0,0.5,1.0,0.53964,0.77091,0.11111,0.98754,0.97538,0.0,0.0,0.70777,1.0,0.5,0.1,1.0,1.0,0.5,0.5,0.5,1.0,1.0,0.5,0.5,0.5,0.0,0.0,1.0,1.0,1.0,1.0,0.51982,1.0,0.1,0.0,1.0,0.0,1.0,1.0,0.5
0.5,0.5,0.5,0.5,0.5,0.5,0.17363,0.9,0.03333,0.0,1.0,0.0,0.0,0.1,0.0,0.5,0.5,0.5,0.5,0.5,0.5,0.5,0.5,0.0,0.0,0.55556,1.0,0.80606,0.8,0.0,0.0,0.5,0.5,0.8,1.0,1.0,0.5,0.5,0.5,1.0,1.0,0.5,0.5,0.5,0.5,0.5,1.0,0.5,0.5,0.5,0.5,0.35,0.5,0.8,1.0,1.0,1.0,0.5,0.5
0.0,0.5,0.0,0.5,0.9,0.5,0.15685,0.9,0.06667,0.0,1.0,0.0,1.0,0.21,0.0,0.5,0.5,0.84444,0.8,1.0,1.0,0.84444,1.0,0.79996,1.0,0.11111,1.0,1.0,1.0,0.0,0.5938,1.0,0.66667,0.8,1.0,1.0,0.5,0.5,0.5,1.0,1.0,0.5,0.5,0.5,0.5,0.5,1.0,1.0,1.0,0.5,0.5,0.55,0.5,1.0,0.25,1.0,1.0,0.75,0.55556
0.0,1.0,0.0,1.0,0.8,0.9,0.16668,0.8,0.46667,0.0,1.0,0.0,0.0,0.13,0.06,0.0,0.92353,0.75556,0.86667,0.84444,0.8,0.71111,1.0,0.81608,1.0,0.11111,0.92885,0.6714,0.5,0.0,0.94621,0.88889,0.55556,0.45,0.9,0.8238,0.47149,0.5,0.23574,1.0,1.0,0.5,0.5,0.5,0.0,0.0,1.0,1.0,1.0,1.0,1.0,0.55,0.3,1.0,0.5,1.0,1.0,0.5,0.55556
0.0,0.5,0.0,0.5,0.7,0.5,0.15037,0.7,0.5,0.0,1.0,0.0,1.0,0.11,0.06,0.0,0.96713,1.0,1.0,0.84444,1.0,1.0,0.0,0.81547,1.0,0.11111,0.83979,0.57771,0.5,0.0,0.92447,1.0,1.0,0.7,0.9,0.99959,1.0,1.0,1.0,1.0,1.0,0.5,0.5,0.5,0.0,0.0,1.0,1.0,1.0,1.0,1.0,0.3,0.2,0.5,0.0,1.0,1.0,1.0,1.0
0.0,0.0,0.0,0.0,0.6,0.6,0.15552,0.9,0.0,0.78947,1.0,0.0,0.0,0.08,0.07,0.0,0.98457,1.0,0.82222,0.77778,1.0,0.75556,1.0,0.88764,1.0,0.11111,0.76549,0.43057,0.5,0.0,0.81226,1.0,0.77778,0.8,1.0,1.0,0.5,1.0,0.5,1.0,1.0,0.5,0.5,0.5,0.0,0.0,1.0,1.0,1.0,1.0,1.0,0.4,0.2,0.5,1.0,1.0,1.0,0.0,1.0
1.0,0.5,1.0,0.5,0.9,0.5,0.15746,0.9,0.0,0.76923,1.0,0.0,1.0,0.09,0.07,0.0,0.95814,1.0,0.82222,0.77778,1.0,1.0,1.0,0.89868,1.0,0.11111,0.76448,0.44734,0.5,0.0,0.86111,1.0,0.77778,0.8,1.0,1.0,0.5,1.0,0.5,1.0,1.0,0.5,0.5,0.5,0.0,0.0,1.0,1.0,1.0,1.0,1.0,1.0,0.1,0.0,1.0,0.0,1.0,0.0,0.66667
1.0,0.5,1.0,0.5,0.9,0.5,0.17349,0.9,0.0,0.75,1.0,0.0,1.0,0.1,0.07,0.0,0.97064,1.0,0.88889,0.77778,1.0,1.0,1.0,0.90273,1.0,0.11111,0.83784,0.51565,0.5,0.0,0.87606,1.0,1.0,0.8,1.0,1.0,0.5,1.0,0.5,1.0,1.0,0.5,0.5,0.5,0.0,0.0,1.0,1.0,1.0,1.0,1.0,1.0,0.1,0.0,1.0,0.0,1.0,0.0,0.66667
0.5,0.5,0.5,0.5,0.5,0.5,0.00029,0.2,0.9,0.0,1.0,0.0,0.0,0.2,0.03,0.0,0.9948,1.0,1.0,0.66667,1.0,0.5,1.0,0.91313,1.0,0.11111,0.00226,0.00093,0.2,0.0,0.95335,1.0,0.5,0.8,1.0,1.0,0.5,0.5,0.5,1.0,1.0,0.5,0.5,0.5,0.0,0.0,1.0,1.0,1.0,0.0,0.20118,0.2,0.3,0.4,1.0,0.5,1.0,0.0,0.5
0.0,0.0,0.0,0.0,0.2,0.2,0.00013,0.2,0.0,0.88235,1.0,0.0,0.0,0.14,0.04,0.0,0.99799,1.0,1.0,0.93333,0.91111,0.8,0.0,0.9587,1.0,0.11111,0.00089,0.00037,0.25,0.0,0.93997,0.77778,0.88889,0.8,1.0,1.0,0.5,0.5,0.5,1.0,1.0,0.5,0.5,0.5,0.65575,0.05302,0.9,1.0,1.0,0.0,0.20118,0.3,0.2,0.25,0.0,1.0,1.0,0.0,1.0
0.0,0.0,0.0,0.0,0.2,0.2,8e-05,0.2,0.0,0.78947,1.0,0.0,0.0,0.12,0.04,0.0,0.99614,1.0,1.0,0.93333,1.0,1.0,0.0,0.93799,1.0,0.11111,0.00052,0.00021,0.25,0.0,0.93952,1.0,1.0,0.8,1.0,1.0,0.5,0.5,0.5,1.0,1.0,0.00074,0.08919,0.77707,0.0,0.0,1.0,1.0,1.0,0.00074,0.08919,0.2,0.2,0.25,0.0,1.0,1.0,0.0,1.0
0.0,0.0,0.0,0.0,0.2,0.2,5e-05,0.2,0.0,0.75,1.0,0.0,0.0,0.12,0.04,0.0,0.99582,1.0,1.0,0.93333,0.91111,1.0,0.0,0.93376,1.0,0.11111,0.00035,0.00014,0.25,0.0,0.93931,1.0,1.0,0.8,1.0,1.0,0.5,0.5,0.5,1.0,1.0,0.00074,0.08919,0.77707,0.0,0.0,1.0,1.0,1.0,0.00074,0.08919,0.2,0.2,0.25,0.0,1.0,1.0,0.0,1.0
0.5,0.5,0.5,0.5,0.5,0.5,0.0007,0.1,0.6,0.0,1.0,0.0,0.0,0.25,0.0,0.0,0.99532,0.91111,0.91111,1.0,1.0,0.5,1.0,0.99198,1.0,0.55556,0.00509,0.00317,0.0,0.0,0.99854,0.33333,0.5,0.8,1.0,1.0,0.5,0.5,0.5,1.0,1.0,0.5,0.5,0.5,0.0,0.0,1.0,1.0,1.0,0.5,0.5,1.0,0.1,0.0,1.0,1.0,1.0,0.0,0.5
0.0,0.5,0.0,0.5,0.1,0.5,0.00064,0.1,0.63333,0.0,1.0,0.0,1.0,0.25,0.0,0.0,0.99517,1.0,1.0,1.0,1.0,1.0,1.0,0.99407,1.0,0.55556,0.00463,0.00291,0.0,0.0,0.9984,1.0,1.0,0.8,1.0,1.0,0.5,0.5,0.5,1.0,1.0,0.5,0.5,0.5,0.0,0.0,1.0,1.0,1.0,0.5,0.5,1.0,0.1,0.0,1.0,1.0,1.0,0.0,0.0
0.0,0.5,0.0,0.5,0.1,0.5,0.00059,0.1,0.66667,0.0,1.0,0.0,1.0,0.25,0.0,0.0,0.99504,1.0,1.0,1.0,1.0,1.0,1.0,0.99594,1.0,0.55556,0.00424,0.00265,0.0,0.0,0.99845,1.0,1.0,0.8,1.0,1.0,0.5,0.5,0.5,1.0,1.0,0.5,0.5,0.5,0.0,0.0,1.0,1.0,1.0,0.5,0.5,1.0,0.1,0.0,1.0,1.0,1.0,0.0,0.0
0.0,0.5,0.0,0.5,0.1,0.5,0.00054,0.1,0.7,0.0,1.0,0.0,1.0,0.23,0.0,0.0,0.99266,0.97778,0.97778,1.0,1.0,0.97778,1.0,0.99764,1.0,0.44444,0.00389,0.00242,0.0,0.0,0.99853,1.0,1.0,0.8,1.0,1.0,0.5,0.5,0.5,1.0,1.0,0.5,0.5,0.5,0.0,0.0,1.0,1.0,1.0,0.5,0.5,1.0,0.1,0.0,1.0,1.0,1.0,0.0,0.0
0.0,0.5,0.0,0.5,0.1,0.5,0.0005,0.1,0.73333,0.0,1.0,0.0,1.0,0.23,0.0,0.0,0.99232,1.0,1.0,1.0,1.0,1.0,1.0,0.99907,1.0,0.44444,0.00355,0.00223,0.0,0.0,0.99664,1.0,1.0,0.8,1.0,1.0,0.5,0.5,0.5,1.0,1.0,0.5,0.5,0.5,0.0,0.0,1.0,1.0,1.0,0.5,0.5,1.0,0.1,0.0,1.0,1.0,1.0,0.0,0.0
0.0,0.5,0.0,0.5,0.1,0.5,0.00045,0.1,0.76667,0.0,1.0,0.0,1.0,0.23,0.0,0.0,0.99409,1.0,1.0,1.0,1.0,1.0,1.0,0.99967,1.0,0.44444,0.00325,0.00211,0.0,0.0,0.99386,1.0,1.0,0.8,1.0,1.0,0.5,0.5,0.5,1.0,1.0,0.5,0.5,0.5,0.0,0.0,1.0,1.0,1.0,0.5,0.5,1.0,0.1,0.0,1.0,1.0,1.0,0.0,0.0
0.0,0.0,0.0,0.0,0.1,0.1,0.00032,0.1,0.9,0.0,1.0,0.0,0.0,0.25,0.0,0.99703,0.0,1.0,1.0,1.0,1.0,1.0,0.0,0.9912,1.0,0.44444,0.00231,0.00146,0.0,0.0,0.99178,0.22222,1.0,0.8,1.0,1.0,0.5,0.5,0.5,1.0,1.0,0.5,0.5,0.5,0.0,0.0,1.0,1.0,1.0,0.5,0.5,1.0,0.1,0.0,1.0,1.0,1.0,0.0,0.0
0.0,0.0,0.0,0.0,0.1,0.1,0.00027,0.1,0.96667,0.0,1.0,0.0,0.0,0.23,0.0,0.99404,0.0,1.0,1.0,1.0,1.0,1.0,0.0,0.98972,1.0,0.44444,0.00194,0.00125,0.0,0.0,0.99274,0.22222,1.0,0.8,1.0,1.0,0.5,0.5,0.5,1.0,1.0,0.5,0.5,0.5,0.0,0.0,1.0,1.0,1.0,0.5,0.5,1.0,0.1,0.0,1.0,1.0,1.0,0.0,0.0
0.5,0.5,0.5,0.5,0.5,0.5,0.16848,0.9,0.03333,0.0,1.0,0.0,0.0,0.1,0.0,0.5,0.5,0.5,0.5,0.5,0.5,0.5,0.5,0.0,0.0,0.66667,1.0,0.98936,0.83333,0.0,0.0,0.5,0.5,0.8,1.0,1.0,0.5,0.5,0.5,1.0,1.0,0.5,0.5,0.5,0.5,0.5,1.0,0.5,0.5,0.5,0.5,0.2,0.6,0.83333,1.0,1.0,1.0,0.5,0.5
0.0,0.5,0.0,0.5,0.9,0.5,0.14126,0.9,0.06667,0.0,1.0,0.0,1.0,0.15,0.0,0.5,0.5,0.93333,0.93333,1.0,1.0,0.93333,1.0,0.69145,0.98778,0.11111,1.0,1.0,1.0,0.0,0.42188,1.0,0.66667,0.8,1.0,1.0,0.5,0.5,0.5,1.0,1.0,0.5,0.5,0.5,0.5,0.5,1.0,1.0,1.0,0.5,0.5,0.2,0.4,1.0,0.0,1.0,1.0,1.0,1.0
0.5,0.5,0.5,0.5,0.5,0.5,0.00317,0.7,0.96667,0.0,1.0,0.0,0.0,0.02,0.04,0.0,0.99773,0.88889,1.0,0.75556,0.6,0.5,0.0,0.75942,1.0,0.11111,0.01563,0.00524,0.5,0.0,0.94245,0.55556,0.5,0.8,1.0,1.0,0.5,0.5,0.5,1.0,1.0,0.5,0.5,0.5,0.00139,0.0,0.35,1.0,1.0,1.0,0.29366,0.85,0.2,0.5,0.0,1.0,1.0,0.5,0.5
0.0,0.0,0.0,0.0,0.6,0.6,0.0001,0.3,0.0,0.85714,1.0,0.0,0.0,0.02,0.06,0.0,0.98824,1.0,1.0,0.55556,1.0,0.88889,1.0,0.75279,1.0,0.11111,0.00067,0.00017,0.33333,0.0,0.97414,0.55556,0.88889,0.0,1.0,1.0,0.5,0.23613,0.5,1.0,1.0,1.0,0.54137,0.53573,0.0,0.0,1.0,1.0,1.0,1.0,0.54137,1.0,0.1,0.0,1.0,0.0,1.0,0.0,1.0
0.0,0.0,0.0,0.0,0.3,0.3,8e-05,0.3,0.0,0.81081,1.0,0.0,0.0,0.02,0.07,0.0,0.99389,1.0,1.0,0.55556,1.0,1.0,0.0,0.75277,1.0,0.11111,0.00052,0.00013,0.33333,0.0,0.97404,0.55556,1.0,0.0,0.9,0.99692,0.63686,1.0,0.63686,1.0,1.0,1.0,0.54137,0.53573,0.0,0.0,1.0,1.0,1.0,1.0,0.54137,1.0,0.1,0.0,1.0,0.0,1.0,0.0,1.0
0.5,0.5,0.5,0.5,0.5,0.5,0.09432,0.5,0.06667,0.0,1.0,0.0,0.0,0.23,0.0,0.5,0.5,0.8,0.48889,1.0,1.0,0.5,1.0,0.68589,0.97984,0.11111,0.90921,0.47184,0.66667,0.0,0.89593,0.88889,0.5,0.8,1.0,1.0,0.5,0.5,0.5,1.0,1.0,0.5,0.5,0.5,0.5,0.5,1.0,1.0,1.0,0.5,0.5,0.2,0.4,1.0,1.0,1.0,1.0,0.0,0.5
0.0,0.0,0.0,0.0,0.4,0.4,0.12126,0.7,0.76667,0.0,1.0,0.0,0.0,0.19,0.03,0.99469,0.0,1.0,1.0,0.73333,1.0,0.86667,1.0,0.85154,1.0,0.0,0.7509,0.49695,0.33333,0.0,0.99492,1.0,0.77778,0.8,1.0,1.0,0.5,0.5,0.5,1.0,1.0,0.5,0.5,0.5,0.0,0.0,1.0,1.0,1.0,0.5,0.5,0.2,0.4,1.0,0.33333,0.66667,1.0,1.0,1.0
1.0,0.5,1.0,0.5,0.7,0.5,0.12709,0.7,0.8,0.0,1.0,0.0,1.0,0.19,0.03,0.99779,0.0,1.0,1.0,0.73333,1.0,1.0,1.0,0.90136,1.0,0.0,0.76491,0.51021,0.33333,0.0,0.99553,1.0,1.0,0.8,1.0,1.0,0.5,0.5,0.5,1.0,1.0,0.5,0.5,0.5,0.0,0.0,1.0,1.0,1.0,0.5,0.5,0.2,0.4,1.0,1.0,0.66667,1.0,1.0,1.0
1.0,0.5,1.0,0.5,0.7,0.5,0.13245,0.7,0.83333,0.0,1.0,0.0,1.0,0.19,0.03,0.0,0.99895,1.0,1.0,0.73333,1.0,1.0,1.0,0.95135,1.0,0.0,0.77598,0.52467,0.33333,0.0,0.99548,1.0,1.0,0.8,1.0,1.0,0.5,0.5,0.5,1.0,1.0,0.5,0.5,0.5,0.0,0.0,1.0,1.0,1.0,0.5,0.5,0.2,0.4,1.0,1.0,0.66667,1.0,1.0,1.0
1.0,0.5,1.0,0.5,0.7,0.5,0.13912,0.7,0.86667,0.0,1.0,0.0,1.0,0.18,0.03,0.0,0.99647,1.0,1.0,0.73333,1.0,1.0,1.0,0.99878,1.0,0.0,0.79452,0.53983,0.33333,0.0,0.99661,1.0,1.0,0.8,1.0,1.0,0.5,0.5,0.5,1.0,1.0,0.5,0.5,0.5,0.0,0.0,1.0,1.0,1.0,0.5,0.5,0.2,0.4,1.0,1.0,0.66667,1.0,1.0,1.0
1.0,0.5,1.0,0.5,0.8,0.5,0.14329,0.8,0.9,0.0,1.0,0.0,1.0,0.18,0.03,0.0,0.99419,1.0,1.0,0.73333,1.0,1.0,0.0,0.95039,1.0,0.0,0.79875,0.54589,0.33333,0.0,0.99686,1.0,1.0,0.8,1.0,1.0,0.5,0.5,0.5,1.0,1.0,0.5,0.5,0.5,0.0,0.0,1.0,1.0,1.0,0.5,0.5,0.2,0.4,1.0,1.0,0.66667,1.0,1.0,1.0
1.0,0.5,1.0,0.5,0.8,0.5,0.14478,0.8,0.93333,0.0,1.0,0.0,1.0,0.17,0.03,0.0,0.99256,1.0,1.0,0.73333,1.0,1.0,0.0,0.9048,1.0,0.0,0.78884,0.53729,0.33333,0.0,0.99612,1.0,1.0,0.8,1.0,1.0,0.5,0.5,0.5,1.0,1.0,0.5,0.5,0.5,0.0,0.0,1.0,1.0,1.0,0.5,0.5,0.2,0.4,1.0,1.0,0.66667,1.0,1.0,1.0
1.0,0.5,1.0,0.5,0.8,0.5,0.14925,0.8,0.96667,0.0,1.0,0.0,1.0,0.17,0.03,0.0,0.99116,1.0,1.0,0.73333,1.0,1.0,0.0,0.86209,1.0,0.0,0.79592,0.53564,0.33333,0.0,0.99667,1.0,1.0,0.8,1.0,1.0,0.5,0.5,0.5,1.0,1.0,0.5,0.5,0.5,0.0,0.0,1.0,1.0,1.0,0.5,0.5,0.2,0.4,1.0,1.0,0.66667,1.0,1.0,1.0
1.0,0.5,1.0,0.5,0.8,0.5,0.14981,0.8,1.0,0.0,1.0,0.0,1.0,0.17,0.03,0.0,0.99038,1.0,1.0,0.73333,1.0,1.0,0.0,0.82203,1.0,0.0,0.78296,0.5306,0.33333,0.0,0.99541,1.0,1.0,0.8,1.0,1.0,0.5,0.5,0.5,1.0,1.0,0.5,0.5,0.5,0.0,0.0,1.0,1.0,1.0,0.5,0.5,0.2,0.4,1.0,1.0,0.66667,1.0,1.0,1.0
1.0,0.5,0.0,0.5,0.8,0.5,0.14864,0.8,0.0,0.96774,1.0,0.0,1.0,0.17,0.03,0.0,0.98953,1.0,1.0,0.73333,1.0,1.0,0.0,0.78471,1.0,0.0,0.76237,0.51543,0.33333,0.0,0.99359,1.0,1.0,0.8,1.0,1.0,0.5,0.5,0.5,1.0,1.0,0.5,0.5,0.5,0.0,0.0,1.0,1.0,1.0,0.5,0.5,0.2,0.4,1.0,1.0,0.66667,1.0,1.0,1.0
1.0,0.5,1.0,0.5,0.8,0.5,0.1558,0.8,0.0,0.9375,1.0,0.0,1.0,0.17,0.03,0.0,0.98938,1.0,1.0,0.73333,1.0,1.0,0.0,0.75007,1.0,0.0,0.78513,0.53106,0.33333,0.0,0.99366,1.0,1.0,0.8,1.0,1.0,0.5,0.5,0.5,1.0,1.0,0.5,0.5,0.5,0.0,0.0,1.0,1.0,1.0,0.5,0.5,0.2,0.4,1.0,1.0,0.66667,1.0,1.0,1.0
1.0,0.5,1.0,0.5,0.8,0.5,0.16226,0.8,0.0,0.90909,1.0,0.0,1.0,0.17,0.03,0.0,0.98859,1.0,1.0,0.73333,1.0,1.0,1.0,0.99238,1.0,0.11111,0.6897,0.54059,0.0,0.0,1.0,1.0,0.88889,0.8,1.0,1.0,0.5,0.5,0.5,1.0,1.0,0.5,0.5,0.5,0.0,0.0,1.0,1.0,1.0,0.5,0.5,0.2,0.3,1.0,1.0,1.0,1.0,1.0,1.0
1.0,0.5,0.0,0.5,0.8,0.5,0.16139,0.8,0.0,0.88235,1.0,0.0,1.0,0.17,0.03,0.0,0.98875,1.0,1.0,0.73333,1.0,1.0,0.0,0.97032,1.0,0.11111,0.66991,0.52521,0.0,0.0,1.0,1.0,1.0,0.8,1.0,1.0,0.5,0.5,0.5,1.0,1.0,0.5,0.5,0.5,0.0,0.0,1.0,1.0,1.0,0.5,0.5,0.2,0.3,1.0,0.5,1.0,1.0,1.0,1.0
1.0,0.5,1.0,0.5,0.8,0.5,0.16348,0.8,0.0,0.85714,1.0,0.0,1.0,0.17,0.03,0.0,0.98803,1.0,1.0,0.73333,1.0,1.0,0.0,0.94995,1.0,0.11111,0.66393,0.51806,0.0,0.0,1.0,1.0,1.0,0.8,1.0,1.0,0.5,0.5,0.5,1.0,1.0,0.5,0.5,0.5,0.0,0.0,1.0,1.0,1.0,0.5,0.5,0.2,0.3,1.0,0.5,1.0,1.0,1.0,1.0
1.0,0.5,1.0,0.5,0.8,0.5,0.17278,0.8,0.0,0.83333,1.0,0.0,1.0,0.17,0.03,0.0,0.98876,1.0,1.0,0.73333,1.0,1.0,0.0,0.9193,1.0,0.11111,0.67944,0.53599,0.0,0.0,1.0,1.0,1.0,0.8,1.0,1.0,0.5,0.5,0.5,1.0,1.0,0.5,0.5,0.5,0.0,0.0,1.0,1.0,1.0,0.5,0.5,0.2,0.3,1.0,1.0,1.0,1.0,1.0,1.0
1.0,0.5,1.0,0.5,0.8,0.5,0.17562,0.8,0.0,0.81081,1.0,0.0,1.0,0.17,0.03,0.0,0.98894,1.0,1.0,0.73333,1.0,1.0,0.0,0.90346,1.0,0.11111,0.67901,0.54434,0.0,0.0,0.99963,1.0,1.0,0.8,1.0,1.0,0.5,0.5,0.5,1.0,1.0,0.5,0.5,0.5,0.0,0.0,1.0,1.0,1.0,0.5,0.5,0.2,0.3,1.0,1.0,1.0,1.0,1.0,1.0
1.0,0.5,1.0,0.5,0.8,0.5,0.17714,0.8,0.0,0.78947,1.0,0.0,1.0,0.17,0.03,0.0,0.98919,1.0,1.0,0.73333,1.0,1.0,0.0,0.89127,1.0,0.11111,0.67594,0.54817,0.0,0.0,0.9992,1.0,1.0,0.8,1.0,1.0,0.5,0.5,0.5,1.0,1.0,0.5,0.5,0.5,0.0,0.0,1.0,1.0,1.0,0.5,0.5,0.2,0.3,1.0,1.0,1.0,1.0,1.0,1.0
1.0,0.5,1.0,0.5,0.8,0.5,0.18506,0.8,0.0,0.76923,1.0,0.0,1.0,0.17,0.03,0.0,0.98941,1.0,1.0,0.73333,1.0,1.0,0.0,0.86725,1.0,0.11111,0.68876,0.56117,0.0,0.0,0.99834,1.0,1.0,0.8,1.0,1.0,0.5,0.5,0.5,1.0,1.0,0.5,0.5,0.5,0.0,0.0,1.0,1.0,1.0,0.5,0.5,0.2,0.3,1.0,1.0,1.0,1.0,1.0,1.0
1.0,0.5,0.0,0.5,0.8,0.5,0.18474,0.8,0.0,0.75,1.0,0.0,1.0,0.16,0.03,0.0,0.99013,1.0,1.0,0.73333,1.0,1.0,0.0,0.862,1.0,0.11111,0.68334,0.56376,0.0,0.0,0.99816,1.0,1.0,0.8,1.0,1.0,0.5,0.5,0.5,1.0,1.0,0.5,0.5,0.5,0.0,0.0,1.0,1.0,1.0,0.5,0.5,0.2,0.3,1.0,1.0,1.0,1.0,1.0,1.0
0.5,0.5,0.5,0.5,0.5,0.5,0.00403,0.06667,0.43333,0.0,0.0,0.66667,0.0,0.15111,0.01333,0.0,0.9661,0.81905,0.98095,0.80952,1.0,0.5,0.0,0.57676,0.82394,0.07143,0.10172,0.03832,0.0,0.0,1.0,1.0,0.5,0.36667,0.93333,0.92457,0.37181,0.5,0.24788,1.0,1.0,0.5,0.5,0.5,0.0,0.0,1.0,1.0,1.0,0.0,0.18635,0.63333,0.2,1.0,0.5,1.0,1.0,0.5,0.5
0.0,0.0,0.0,0.0,0.06667,0.06667,0.00293,0.06667,0.5,0.0,0.0,0.66667,0.0,0.15111,0.01778,0.0,0.99197,1.0,1.0,0.80952,1.0,1.0,0.0,0.57257,0.81796,0.07143,0.0788,0.0294,0.0,0.0,1.0,0.85714,0.85714,1.0,1.0,1.0,0.5,0.7939,0.5,1.0,1.0,0.5,0.5,0.5,0.00381,0.0,0.0,1.0,1.0,0.0,0.18635,1.0,0.0,0.0,1.0,1.0,1.0,0.0,1.0
0.5,0.5,0.5,0.5,0.5,0.5,0.0,0.1,0.5,0.0,0.0,0.66667,0.0,0.04889,0.07556,0.98796,0.0,1.0,1.0,0.99048,1.0,0.5,1.0,0.89612,1.0,1.0,0.0,0.0,0.0,0.0,1.0,0.0,0.5,1.0,1.0,1.0,0.5,0.5,0.5,1.0,1.0,0.5,0.5,0.5,0.0,0.0,1.0,1.0,1.0,0.0,0.152,1.0,0.0,0.0,1.0,1.0,1.0,0.0,0.5
1.0,1.0,1.0,1.0,0.33333,0.4,0.0,0.33333,0.6,0.0,0.0,0.66667,0.0,0.04,0.08,0.99514,0.0,1.0,1.0,0.78095,1.0,1.0,0.0,0.95193,1.0,1.0,0.0,0.0,0.0,0.0,1.0,0.07143,1.0,0.0,1.0,1.0,0.5,0.5,0.5,1.0,1.0,0.5,0.5,0.5,0.0,0.0,1.0,1.0,1.0,0.0,0.152,1.0,0.06667,0.0,1.0,1.0,1.0,0.0,0.78571
0.5,0.5,0.5,0.5,0.5,0.5,0.00464,0.13333,0.3,0.0,0.0,0.66667,0.0,0.05778,0.01778,0.9994,0.0,0.99048,0.98095,0.98095,1.0,0.5,1.0,0.60674,0.86678,0.07143,0.0607,0.0313,0.0,0.0,1.0,0.92857,0.5,0.8,1.0,1.0,0.5,0.5,0.5,1.0,1.0,0.5,0.5,0.5,0.0,0.0,1.0,1.0,1.0,0.5,0.5,0.2,0.13333,1.0,1.0,1.0,1.0,0.0,0.5
0.0,0.0,0.0,0.0,0.2,0.2,0.00383,0.2,0.36667,0.0,0.0,0.66667,0.0,0.05778,0.01778,0.0,0.99933,1.0,0.97143,0.97143,1.0,0.98095,0.0,0.57509,0.82156,0.21429,0.07078,0.03669,0.0,0.0,1.0,0.71429,0.85714,0.8,1.0,1.0,0.5,0.5,0.5,1.0,1.0,0.5,0.5,0.5,0.0,0.0,1.0,1.0,1.0,0.5,0.5,0.2,0.13333,1.0,1.0,1.0,1.0,0.0,1.0
0.0,0.0,0.0,0.0,0.26667,0.26667,6e-05,0.26667,0.46667,0.0,0.0,0.66667,0.0,0.05333,0.02667,0.0,0.99537,1.0,1.0,0.93333,1.0,0.95238,1.0,0.54634,0.78049,0.28571,0.00186,0.00093,0.0,0.0,1.0,0.78571,0.85714,0.0,1.0,1.0,0.5,0.5,0.5,1.0,1.0,0.5,0.5,0.5,0.0,0.0,1.0,1.0,1.0,0.5,0.5,1.0,0.06667,0.0,1.0,1.0,1.0,0.0,1.0
0.0,0.5,0.0,0.5,0.26667,0.5,4e-05,0.26667,0.5,0.0,0.0,0.66667,1.0,0.05333,0.02667,0.0,0.99742,1.0,1.0,0.93333,1.0,1.0,1.0,0.54638,0.78055,0.28571,0.00125,0.00063,0.0,0.0,1.0,1.0,1.0,0.0,1.0,1.0,0.5,0.5,0.5,1.0,1.0,0.5,0.5,0.5,0.0,0.0,1.0,1.0,1.0,0.5,0.5,1.0,0.06667,0.0,1.0,1.0,1.0,0.0,1.0
0.0,0.5,0.0,0.5,0.26667,0.5,4e-05,0.26667,0.53333,0.0,0.0,0.66667,1.0,0.05333,0.02667,0.0,0.99875,1.0,1.0,0.93333,1.0,1.0,1.0,0.5464,0.78057,0.28571,0.00117,0.00058,0.0,0.0,1.0,1.0,1.0,0.0,1.0,1.0,0.5,0.5,0.5,1.0,1.0,0.5,0.5,0.5,0.0,0.0,1.0,1.0,1.0,0.5,0.5,1.0,0.06667,0.0,1.0,1.0,1.0,0.0,1.0
0.0,0.5,0.0,0.5,0.26667,0.5,4e-05,0.26667,0.56667,0.0,0.0,0.66667,1.0,0.04889,0.02667,0.0,0.99966,1.0,1.0,0.93333,1.0,1.0,1.0,0.54641,0.78058,0.28571,0.00115,0.00058,0.0,0.0,1.0,1.0,1.0,0.0,1.0,1.0,0.5,0.5,0.5,1.0,1.0,0.5,0.5,0.5,0.0,0.0,1.0,1.0,1.0,0.5,0.5,1.0,0.06667,0.0,1.0,1.0,1.0,0.0,1.0
0.0,0.5,0.0,0.5,0.26667,0.5,4e-05,0.26667,0.6,0.0,0.0,0.66667,1.0,0.04889,0.02667,0.0,0.99969,1.0,1.0,0.93333,1.0,1.0,1.0,0.54641,0.78058,0.28571,0.00115,0.00057,0.0,0.0,1.0,1.0,1.0,0.0,1.0,1.0,0.5,0.5,0.5,1.0,1.0,0.5,0.5,0.5,0.0,0.0,1.0,1.0,1.0,0.5,0.5,1.0,0.06667,0.0,1.0,1.0,1.0,0.0,1.0
0.0,0.5,0.0,0.5,0.26667,0.5,4e-05,0.26667,0.63333,0.0,0.0,0.66667,1.0,0.04889,0.02667,0.0,0.99972,1.0,1.0,0.93333,1.0,1.0,1.0,0.54641,0.78058,0.28571,0.00115,0.00057,0.0,0.0,1.0,1.0,1.0,0.0,1.0,1.0,0.5,0.5,0.5,1.0,1.0,0.5,0.5,0.5,0.0,0.0,1.0,1.0,1.0,0.5,0.5,1.0,0.06667,0.0,1.0,1.0,1.0,0.0,1.0
0.0,0.5,0.0,0.5,0.26667,0.5,4e-05,0.26667,0.66667,0.0,0.0,0.66667,1.0,0.04889,0.02667,0.0,0.99976,1.0,1.0,0.93333,1.0,1.0,1.0,0.54641,0.78059,0.28571,0.00115,0.00057,0.0,0.0,1.0,1.0,1.0,0.0,1.0,1.0,0.5,0.5,0.5,1.0,1.0,0.5,0.5,0.5,0.0,0.0,1.0,1.0,1.0,0.5,0.5,1.0,0.06667,0.0,1.0,1.0,1.0,0.0,1.0
0.5,0.5,0.5,0.5,0.5,0.5,0.0393,0.33333,0.26667,0.0,0.0,0.66667,0.0,0.08,0.0,0.0,0.99129,0.97143,0.97143,1.0,1.0,0.5,0.0,0.55654,0.79506,0.07143,0.81824,0.63064,0.0,0.0,0.44444,0.78571,0.5,0.8,1.0,1.0,0.5,0.5,0.5,1.0,1.0,0.5,0.5,0.5,0.0,0.0,1.0,1.0,1.0,0.5,0.5,1.0,0.06667,0.0,1.0,1.0,1.0,0.5,0.5
0.0,0.0,0.0,0.0,0.33333,0.33333,0.03811,0.33333,0.43333,0.0,0.0,0.66667,0.0,0.06222,0.0,0.99107,0.0,0.99048,0.99048,1.0,1.0,0.99048,0.0,0.53391,0.76273,0.07143,0.93913,0.88525,0.0,0.0,0.5,0.92857,0.92857,0.8,1.0,1.0,0.5,0.5,0.5,1.0,1.0,0.5,0.5,0.5,0.0,0.0,1.0,1.0,1.0,0.5,0.5,1.0,0.06667,0.0,1.0,1.0,1.0,0.0,0.42857
0.0,0.0,0.0,0.0,0.33333,0.33333,0.03811,0.33333,0.5,0.0,0.0,0.66667,0.0,0.06222,0.0,0.99426,0.0,1.0,0.99048,1.0,1.0,1.0,0.0,0.00296,0.00423,0.0,1.0,1.0,1.0,0.0,1.0,1.0,0.92857,0.8,1.0,1.0,0.5,0.5,0.5,1.0,1.0,0.5,0.5,0.5,0.0,0.0,1.0,1.0,1.0,0.5,0.5,1.0,0.06667,1.0,1.0,1.0,1.0,1.0,0.42857
0.0,0.0,0.0,0.0,0.33333,0.33333,0.03811,0.33333,0.56667,0.0,0.0,0.66667,0.0,0.06222,0.0,0.99623,0.0,1.0,1.0,1.0,1.0,1.0,0.0,0.00296,0.00423,0.0,1.0,1.0,1.0,0.0,1.0,1.0,1.0,0.8,1.0,1.0,0.5,0.5,0.5,1.0,1.0,0.5,0.5,0.5,0.0,0.0,1.0,1.0,1.0,0.5,0.5,1.0,0.06667,1.0,1.0,1.0,1.0,1.0,0.42857
0.0,0.0,0.0,0.0,0.33333,0.33333,0.03811,0.33333,0.63333,0.0,0.0,0.66667,0.0,0.06222,0.0,0.99724,0.0,1.0,1.0,1.0,1.0,1.0,0.0,0.00296,0.00423,0.0,1.0,1.0,1.0,0.0,1.0,1.0,1.0,0.8,1.0,1.0,0.5,0.5,0.5,1.0,1.0,0.5,0.5,0.5,0.0,0.0,1.0,1.0,1.0,0.5,0.5,1.0,0.06667,1.0,1.0,1.0,1.0,1.0,0.42857
0.0,0.0,0.0,0.0,0.33333,0.33333,0.03811,0.33333,0.7,0.0,0.0,0.66667,0.0,0.06222,0.0,0.99811,0.0,1.0,1.0,1.0,1.0,1.0,0.0,0.00296,0.00423,0.0,1.0,1.0,1.0,0.0,1.0,1.0,1.0,0.8,1.0,1.0,0.5,0.5,0.5,1.0,1.0,0.5,0.5,0.5,0.0,0.0,1.0,1.0,1.0,0.5,0.5,1.0,0.06667,1.0,1.0,1.0,1.0,1.0,0.42857
0.0,0.0,0.0,0.0,0.33333,0.33333,0.03811,0.33333,0.76667,0.0,0.0,0.66667,0.0,0.06222,0.0,0.99878,0.0,1.0,1.0,1.0,1.0,1.0,0.0,0.00296,0.00423,0.0,1.0,1.0,1.0,0.0,1.0,1.0,1.0,0.8,1.0,1.0,0.5,0.5,0.5,1.0,1.0,0.5,0.5,0.5,0.0,0.0,1.0,1.0,1.0,0.5,0.5,1.0,0.06667,1.0,1.0,1.0,1.0,1.0,0.42857
0.0,0.0,0.0,0.0,0.33333,0.33333,0.03811,0.33333,0.83333,0.0,0.0,0.66667,0.0,0.06222,0.0,0.99921,0.0,1.0,1.0,1.0,1.0,1.0,0.0,0.00296,0.00423,0.0,1.0,1.0,1.0,0.0,1.0,1.0,1.0,0.8,1.0,1.0,0.5,0.5,0.5,1.0,1.0,0.5,0.5,0.5,0.0,0.0,1.0,1.0,1.0,0.5,0.5,1.0,0.06667,1.0,1.0,1.0,1.0,1.0,0.42857
0.0,0.0,0.0,0.0,0.33333,0.33333,0.03811,0.33333,0.9,0.0,0.0,0.66667,0.0,0.06222,0.0,0.99949,0.0,1.0,1.0,1.0,1.0,1.0,0.0,0.00296,0.00423,0.0,1.0,1.0,1.0,0.0,1.0,1.0,1.0,0.8,1.0,1.0,0.5,0.5,0.5,1.0,1.0,0.5,0.5,0.5,0.0,0.0,1.0,1.0,1.0,0.5,0.5,1.0,0.06667,1.0,1.0,1.0,1.0,1.0,0.42857
0.0,0.0,0.0,0.0,0.33333,0.33333,0.03811,0.33333,0.96667,0.0,0.0,0.66667,0.0,0.06222,0.0,0.99967,0.0,1.0,1.0,1.0,1.0,1.0,0.0,0.00296,0.00423,0.0,1.0,1.0,1.0,0.0,1.0,1.0,1.0,0.8,1.0,1.0,0.5,0.5,0.5,1.0,1.0,0.5,0.5,0.5,0.0,0.0,1.0,1.0,1.0,0.5,0.5,1.0,0.06667,1.0,1.0,1.0,1.0,1.0,0.42857
0.5,0.5,0.5,0.5,0.5,0.5,0.01461,0.13333,0.7,0.0,0.0,0.66667,0.0,0.06667,0.0,0.99878,0.0,1.0,0.98095,1.0,1.0,0.5,1.0,0.53183,0.75976,0.14286,0.28093,0.16342,0.0,1.0,1.0,0.92857,0.5,0.8,1.0,1.0,0.5,0.5,0.5,1.0,1.0,0.5,0.5,0.5,0.0,0.0,1.0,1.0,1.0,0.5,0.5,0.2,0.13333,1.0,1.0,1.0,1.0,0.0,0.5
0.5,0.5,0.5,0.5,0.5,0.5,0.0,0.46667,0.0,0.81081,0.0,0.66667,0.0,0.02222,0.00444,0.95919,0.0,0.92381,0.92381,0.53333,0.73333,0.5,0.0,0.30718,0.43883,0.07143,0.0,0.0,0.42857,0.0,0.90629,0.57143,0.5,0.0,1.0,1.0,0.5,0.5,0.5,1.0,1.0,0.5,0.5,0.5,0.0,0.0,1.0,1.0,1.0,1.0,0.55711,1.0,0.06667,0.0,1.0,0.0,1.0,0.0,0.5
0.5,0.5,0.5,0.5,0.5,0.5,0.00305,0.33333,0.66667,0.0,0.0,0.66667,0.0,0.04889,0.08889,0.99305,0.0,1.0,0.94286,0.77143,0.94286,0.5,0.0,0.72047,1.0,0.07143,0.04327,0.02262,0.2,0.0,0.9326,0.85714,0.5,0.0,0.93333,0.98551,0.18916,0.5,0.18916,1.0,1.0,0.5,0.5,0.5,0.0,0.0,1.0,1.0,1.0,1.0,0.06346,1.0,0.06667,0.0,1.0,0.0,1.0,0.2,0.5
0.0,0.0,0.0,0.0,0.33333,0.33333,0.00141,0.33333,0.73333,0.0,0.0,0.66667,0.0,0.06222,0.08889,0.0,0.99545,1.0,1.0,0.77143,0.94286,1.0,1.0,0.72324,1.0,0.07143,0.0196,0.00976,0.2,0.0,0.93482,0.85714,1.0,0.0,1.0,1.0,0.5,0.92918,0.5,1.0,1.0,0.5,0.5,0.5,0.0,0.0,1.0,1.0,1.0,1.0,0.06324,1.0,0.06667,0.0,1.0,0.0,1.0,0.0,1.0
0.0,0.0,0.0,0.0,0.33333,0.4,0.00079,0.4,1.0,0.0,0.0,0.66667,0.0,0.04,0.06222,0.0,0.99576,0.92381,0.87619,0.77143,0.87619,0.90476,0.0,0.71595,1.0,0.07143,0.01197,0.00449,0.2,0.0,0.92003,0.21429,0.85714,0.8,0.93333,0.99999,1.0,1.0,1.0,1.0,1.0,0.5,0.5,0.5,0.0,0.0,1.0,1.0,1.0,1.0,0.0319,1.0,0.06667,0.0,1.0,0.0,1.0,0.0,1.0
0.5,0.5,0.5,0.5,0.5,0.5,0.16461,0.2,0.43333,0.0,0.5,0.0,0.0,0.36,0.0,0.99434,0.0,0.9,1.0,1.0,1.0,0.5,1.0,0.40444,0.57777,0.0,0.73952,0.5867,0.0,0.0,0.86253,1.0,0.5,0.8,1.0,1.0,0.5,0.5,0.5,1.0,1.0,0.5,0.5,0.5,0.0,0.0,1.0,1.0,1.0,0.5,0.5,1.0,0.2,0.0,1.0,1.0,1.0,0.0,0.5
1.0,1.0,1.0,1.0,0.6,0.6,0.1956,0.6,0.6,0.0,0.5,0.0,0.0,0.32,0.0,0.0,0.99741,0.9,0.9,1.0,1.0,1.0,1.0,0.47105,0.67292,0.0,0.81429,0.68675,0.0,0.0,0.92425,1.0,1.0,0.8,1.0,1.0,0.5,0.5,0.5,1.0,1.0,0.5,0.5,0.5,0.0,0.0,1.0,1.0,1.0,0.5,0.5,1.0,0.2,0.0,1.0,1.0,1.0,0.0,0.75
1.0,0.5,1.0,0.5,0.8,0.5,0.21204,0.8,0.63333,0.0,0.5,0.0,1.0,0.36,0.0,0.99855,0.0,0.9,1.0,1.0,1.0,0.9,1.0,0.48086,0.68694,0.0,0.87364,0.77564,0.0,0.0,0.93705,1.0,1.0,0.8,1.0,1.0,0.5,0.5,0.5,1.0,1.0,0.5,0.5,0.5,0.0,0.0,1.0,1.0,1.0,0.5,0.5,1.0,0.2,0.0,1.0,1.0,1.0,0.0,0.75
1.0,0.5,1.0,0.5,0.8,0.5,0.22883,0.8,0.66667,0.0,0.5,0.0,1.0,0.36,0.0,0.99662,0.0,1.0,1.0,1.0,1.0,1.0,1.0,0.48749,0.69642,0.0,0.9364,0.8804,0.0,0.0,0.95202,1.0,1.0,0.8,1.0,1.0,0.5,0.5,0.5,1.0,1.0,0.5,0.5,0.5,0.0,0.0,1.0,1.0,1.0,0.5,0.5,0.2,0.4,1.0,1.0,1.0,1.0,0.0,0.75
0.5,0.5,0.5,0.5,0.5,0.5,0.2,0.6,0.03333,0.0,0.5,0.0,0.0,0.2,0.0,0.5,0.5,0.5,0.5,0.5,0.5,0.5,0.5,0.0,0.0,0.75,1.0,1.0,1.0,0.0,0.0,0.5,0.5,0.8,1.0,1.0,0.5,0.5,0.5,1.0,1.0,0.5,0.5,0.5,0.5,0.5,1.0,0.5,0.5,0.5,0.5,0.2,0.6,0.66667,1.0,1.0,1.0,0.5,0.5
1.0,0.5,1.0,0.5,0.8,0.5,0.20361,0.8,0.06667,0.0,0.5,0.0,1.0,0.6,0.0,0.5,0.5,0.6,0.4,1.0,1.0,0.6,1.0,0.75577,1.0,0.0,1.0,0.92653,0.5,0.0,0.79487,1.0,0.75,0.8,1.0,1.0,0.5,0.5,0.5,1.0,1.0,0.5,0.5,0.5,0.5,0.5,1.0,1.0,1.0,0.5,0.5,0.2,0.6,1.0,0.5,1.0,1.0,1.0,1.0
1.0,0.5,1.0,0.5,0.6,0.5,0.20731,0.6,0.1,0.0,0.5,0.0,1.0,0.72,0.0,0.93657,0.0,1.0,1.0,1.0,1.0,1.0,0.0,0.75471,1.0,0.0,1.0,0.96578,0.5,0.0,0.89556,1.0,1.0,0.8,1.0,1.0,0.5,0.5,0.5,1.0,1.0,0.5,0.5,0.5,0.0,0.0,1.0,1.0,1.0,0.5,0.5,0.2,0.6,1.0,1.0,1.0,1.0,1.0,1.0
1.0,1.0,1.0,1.0,0.8,1.0,0.25661,1.0,0.16667,0.0,0.5,0.0,0.0,0.68,0.0,0.8923,0.0,1.0,1.0,1.0,1.0,1.0,1.0,0.82339,1.0,0.0,1.0,1.0,1.0,0.0,0.99107,1.0,1.0,0.8,1.0,1.0,0.5,0.5,0.5,1.0,1.0,0.5,0.5,0.5,0.0,0.0,1.0,1.0,1.0,0.5,0.5,0.2,0.6,1.0,1.0,1.0,1.0,0.0,1.0
0.0,0.0,0.0,0.0,1.0,0.8,0.21622,0.8,0.23333,0.0,0.5,0.0,0.0,0.56,0.0,0.90159,0.0,1.0,1.0,1.0,1.0,1.0,1.0,0.84821,1.0,0.0,1.0,0.97609,0.5,0.0,0.99906,1.0,1.0,0.8,1.0,1.0,0.5,0.5,0.5,1.0,1.0,0.5,0.5,0.5,0.0,0.0,1.0,1.0,1.0,0.5,0.5,0.2,0.6,1.0,0.5,1.0,1.0,1.0,1.0
1.0,0.5,1.0,0.5,1.0,0.5,0.22347,1.0,0.26667,0.0,0.5,0.0,1.0,0.6,0.0,0.94233,0.0,1.0,1.0,1.0,1.0,1.0,1.0,0.88675,1.0,0.0,1.0,1.0,1.0,0.0,1.0,1.0,1.0,0.8,1.0,1.0,0.5,0.5,0.5,1.0,1.0,0.5,0.5,0.5,0.0,0.0,1.0,1.0,1.0,0.5,0.5,0.2,0.6,1.0,1.0,1.0,1.0,1.0,1.0
1.0,0.5,1.0,0.5,1.0,0.5,0.22688,1.0,0.3,0.0,0.5,0.0,1.0,0.64,0.0,0.96035,0.0,1.0,1.0,1.0,1.0,1.0,1.0,0.90855,1.0,0.0,1.0,1.0,1.0,0.0,1.0,1.0,1.0,0.8,1.0,1.0,0.5,0.5,0.5,1.0,1.0,0.5,0.5,0.5,0.0,0.0,1.0,1.0,1.0,0.5,0.5,0.2,0.6,1.0,1.0,1.0,1.0,1.0,1.0
1.0,0.5,1.0,0.5,1.0,0.5,0.22931,1.0,0.33333,0.0,0.5,0.0,1.0,0.56,0.0,0.97643,0.0,1.0,1.0,1.0,1.0,1.0,1.0,0.92844,1.0,0.0,1.0,1.0,1.0,0.0,1.0,1.0,1.0,0.8,1.0,1.0,0.5,0.5,0.5,1.0,1.0,0.5,0.5,0.5,0.0,0.0,1.0,1.0,1.0,0.5,0.5,0.2,0.6,1.0,1.0,1.0,1.0,1.0,1.0
1.0,0.5,0.0,0.5,0.8,0.5,0.22225,0.8,0.36667,0.0,0.5,0.0,1.0,0.52,0.0,0.97578,0.0,1.0,1.0,1.0,1.0,1.0,1.0,0.93978,1.0,0.0,0.98253,0.94283,0.5,0.0,1.0,1.0,1.0,0.8,1.0,1.0,0.5,0.5,0.5,1.0,1.0,0.5,0.5,0.5,0.0,0.0,1.0,1.0,1.0,0.5,0.5,0.2,0.6,1.0,1.0,1.0,1.0,1.0,1.0
1.0,0.5,1.0,0.5,0.8,0.5,0.22364,0.8,0.4,0.0,0.5,0.0,1.0,0.48,0.0,0.97893,0.0,1.0,1.0,1.0,1.0,1.0,1.0,0.94953,1.0,0.0,0.98358,0.93977,0.5,0.0,1.0,1.0,1.0,0.8,1.0,1.0,0.5,0.5,0.5,1.0,1.0,0.5,0.5,0.5,0.0,0.0,1.0,1.0,1.0,0.5,0.5,0.2,0.6,1.0,1.0,1.0,1.0,1.0,1.0
1.0,0.5,1.0,0.5,0.8,0.5,0.23212,0.8,0.43333,0.0,0.5,0.0,1.0,0.48,0.0,0.98662,0.0,1.0,1.0,1.0,1.0,1.0,1.0,0.97833,1.0,0.0,1.0,0.97641,0.5,0.0,1.0,1.0,1.0,0.8,1.0,1.0,0.5,0.5,0.5,1.0,1.0,0.5,0.5,0.5,0.0,0.0,1.0,1.0,1.0,0.5,0.5,0.2,0.6,1.0,1.0,1.0,1.0,1.0,1.0
0.5,0.5,0.5,0.5,0.5,0.5,0.09964,0.4,0.5,0.0,0.5,0.0,0.0,0.36,0.04,0.99255,0.0,0.9,1.0,1.0,1.0,0.5,1.0,0.99866,1.0,0.25,0.42774,0.27121,0.0,0.0,0.8911,1.0,0.5,0.8,1.0,1.0,0.5,0.5,0.5,1.0,1.0,0.5,0.5,0.5,0.0,0.0,1.0,1.0,1.0,0.76364,0.54137,0.2,0.4,0.5,1.0,1.0,1.0,0.0,0.5
0.0,0.0,0.0,0.0,0.4,0.4,0.0702,0.4,0.6,0.0,0.5,0.0,0.0,0.24,0.04,0.99686,0.0,1.0,1.0,1.0,1.0,1.0,0.0,0.97113,1.0,0.25,0.31203,0.19507,0.0,0.0,0.58589,0.5,0.5,0.8,1.0,1.0,0.5,0.5,0.5,1.0,1.0,0.5,0.5,0.5,0.0,0.0,1.0,1.0,1.0,0.76364,0.54137,0.2,0.4,0.5,0.0,1.0,1.0,0.5,1.0
0.5,0.5,0.5,0.5,0.5,0.5,0.2,0.6,0.03333,0.0,0.5,0.0,0.0,0.2,0.0,0.5,0.5,0.5,0.5,0.5,0.5,0.5,0.5,0.0,0.0,0.75,1.0,1.0,1.0,0.0,0.0,0.5,0.5,0.8,1.0,1.0,0.5,0.5,0.5,1.0,1.0,0.5,0.5,0.5,0.5,0.5,1.0,0.5,0.5,0.5,0.5,0.2,0.6,0.66667,1.0,1.0,1.0,0.5,0.5
0.5,0.5,0.5,0.5,0.5,0.5,0.2,0.6,0.03333,0.0,0.5,0.0,0.0,0.2,0.0,0.5,0.5,0.5,0.5,0.5,0.5,0.5,0.5,0.0,0.0,0.75,1.0,1.0,1.0,0.0,0.0,0.5,0.5,0.8,1.0,1.0,0.5,0.5,0.5,1.0,1.0,0.5,0.5,0.5,0.5,0.5,1.0,0.5,0.5,0.5,0.5,0.2,0.6,0.66667,1.0,1.0,1.0,0.5,0.5
1.0,0.5,1.0,0.5,1.0,0.5,0.22277,1.0,0.06667,0.0,0.5,0.0,1.0,0.56,0.0,0.5,0.5,0.0,1.0,1.0,1.0,0.0,1.0,0.32653,0.46647,0.0,1.0,1.0,1.0,0.0,0.98182,1.0,0.75,0.8,1.0,1.0,0.5,0.5,0.5,1.0,1.0,0.5,0.5,0.5,0.5,0.5,1.0,1.0,1.0,0.5,0.5,0.2,1.0,1.0,0.75,1.0,1.0,0.5,1.0
1.0,0.5,0.0,0.5,1.0,0.5,0.21113,1.0,0.1,0.0,0.5,0.0,1.0,0.76,0.0,0.0,1.0,1.0,1.0,1.0,1.0,1.0,0.0,0.32653,0.46647,0.0,1.0,1.0,1.0,0.0,0.97894,1.0,1.0,0.8,1.0,1.0,0.5,0.5,0.5,1.0,1.0,0.5,0.5,0.5,0.0,0.0,1.0,1.0,1.0,0.5,0.5,0.2,1.0,1.0,0.75,1.0,1.0,1.0,1.0
1.0,0.5,0.0,0.5,0.6,0.5,0.20264,0.6,0.13333,0.0,0.5,0.0,1.0,0.76,0.0,0.0,1.0,1.0,1.0,1.0,1.0,1.0,1.0,0.89519,1.0,0.5,1.0,0.95111,0.5,1.0,0.9757,1.0,0.5,0.8,1.0,1.0,0.5,0.5,0.5,1.0,1.0,0.5,0.5,0.5,0.0,0.0,1.0,1.0,1.0,0.5,0.5,0.2,0.6,1.0,1.0,1.0,1.0,1.0,1.0
1.0,0.5,1.0,0.5,0.8,0.5,0.20672,0.8,0.16667,0.0,0.5,0.0,1.0,0.76,0.0,1.0,0.0,1.0,1.0,1.0,1.0,1.0,0.0,0.8762,1.0,0.25,1.0,0.94984,0.66667,0.0,0.99277,1.0,0.75,0.8,1.0,1.0,0.5,0.5,0.5,1.0,1.0,0.5,0.5,0.5,0.0,0.0,1.0,1.0,1.0,0.5,0.5,0.2,0.6,0.66667,1.0,1.0,1.0,0.66667,1.0
1.0,0.5,0.0,0.5,0.4,0.5,0.19704,0.4,0.2,0.0,0.5,0.0,1.0,0.76,0.0,0.0,1.0,1.0,1.0,1.0,1.0,1.0,1.0,0.9044,1.0,0.5,0.96145,0.92367,0.0,0.0,0.99074,1.0,0.75,0.8,1.0,1.0,0.5,0.5,0.5,1.0,1.0,0.5,0.5,0.5,0.0,0.0,1.0,1.0,1.0,0.5,0.5,0.2,0.6,1.0,1.0,1.0,1.0,1.0,1.0
1.0,0.5,1.0,0.5,0.8,0.5,0.20667,0.8,0.23333,0.0,0.5,0.0,1.0,0.68,0.0,0.0,1.0,0.4,0.4,1.0,1.0,0.4,0.0,0.83193,1.0,0.0,0.9711,0.90061,0.5,0.0,0.99949,1.0,1.0,0.8,1.0,1.0,0.5,0.5,0.5,1.0,1.0,0.5,0.5,0.5,0.0,0.0,1.0,1.0,1.0,0.5,0.5,0.2,0.6,1.0,1.0,1.0,1.0,1.0,1.0
1.0,0.5,1.0,0.5,0.8,0.5,0.20807,0.8,0.26667,0.0,0.5,0.0,1.0,0.68,0.0,0.96468,0.0,1.0,1.0,1.0,1.0,1.0,0.0,0.83183,1.0,0.0,0.9777,0.89434,0.5,0.0,1.0,1.0,1.0,0.8,1.0,1.0,0.5,0.5,0.5,1.0,1.0,0.5,0.5,0.5,0.0,0.0,1.0,1.0,1.0,0.5,0.5,0.2,0.6,1.0,1.0,1.0,1.0,1.0,1.0
1.0,0.5,0.0,0.5,0.6,0.5,0.20722,0.6,0.3,0.0,0.5,0.0,1.0,0.64,0.0,0.91368,0.0,1.0,1.0,1.0,1.0,1.0,0.0,0.79452,1.0,0.0,0.99634,0.93376,0.5,0.0,1.0,1.0,1.0,0.8,1.0,1.0,0.5,0.5,0.5,1.0,1.0,0.5,0.5,0.5,0.0,0.0,1.0,1.0,1.0,0.5,0.5,0.2,0.6,1.0,1.0,1.0,1.0,1.0,1.0
1.0,1.0,1.0,1.0,0.8,1.0,0.25804,1.0,0.36667,0.0,0.5,0.0,0.0,0.6,0.0,0.88354,0.0,1.0,1.0,1.0,1.0,1.0,1.0,0.82957,1.0,0.0,1.0,1.0,1.0,0.0,1.0,1.0,1.0,0.8,1.0,1.0,0.5,0.5,0.5,1.0,1.0,0.5,0.5,0.5,0.0,0.0,1.0,1.0,1.0,0.5,0.5,0.2,0.6,1.0,1.0,1.0,1.0,0.0,1.0
0.0,0.0,0.0,0.0,1.0,0.4,0.20053,0.6,0.6,0.0,0.5,0.0,0.0,0.48,0.0,0.98003,0.0,1.0,1.0,1.0,1.0,1.0,1.0,0.86753,1.0,0.0,0.92268,0.87769,0.0,0.0,1.0,1.0,1.0,0.8,1.0,1.0,0.5,0.5,0.5,1.0,1.0,0.5,0.5,0.5,0.0,0.0,1.0,1.0,1.0,0.5,0.5,0.2,0.6,1.0,0.5,1.0,1.0,1.0,1.0
1.0,0.5,1.0,0.5,0.6,0.5,0.21146,0.6,0.63333,0.0,0.5,0.0,1.0,0.48,0.0,0.9858,0.0,1.0,1.0,1.0,1.0,1.0,1.0,0.87542,1.0,0.0,0.96861,0.9332,0.0,0.0,1.0,1.0,1.0,0.8,1.0,1.0,0.5,0.5,0.5,1.0,1.0,0.5,0.5,0.5,0.0,0.0,1.0,1.0,1.0,0.5,0.5,0.2,0.6,1.0,1.0,1.0,1.0,1.0,1.0
1.0,0.5,1.0,0.5,0.6,0.5,0.21207,0.6,0.66667,0.0,0.5,0.0,1.0,0.48,0.0,0.99046,0.0,1.0,1.0,1.0,1.0,1.0,1.0,0.88413,1.0,0.0,0.96659,0.91796,0.0,0.0,1.0,1.0,1.0,0.8,1.0,1.0,0.5,0.5,0.5,1.0,1.0,0.5,0.5,0.5,0.0,0.0,1.0,1.0,1.0,0.5,0.5,0.2,0.6,1.0,1.0,1.0,1.0,1.0,1.0
1.0,0.5,1.0,0.5,0.8,0.5,0.2192,0.8,0.7,0.0,0.5,0.0,1.0,0.48,0.0,0.99413,0.0,1.0,1.0,1.0,1.0,1.0,1.0,0.89326,1.0,0.0,0.99398,0.96023,0.5,0.0,1.0,1.0,1.0,0.8,1.0,1.0,0.5,0.5,0.5,1.0,1.0,0.5,0.5,0.5,0.0,0.0,1.0,1.0,1.0,0.5,0.5,0.2,0.6,1.0,1.0,1.0,1.0,1.0,1.0
1.0,0.5,1.0,0.5,1.0,0.5,0.23444,1.0,0.73333,0.0,0.5,0.0,1.0,0.44,0.0,0.99648,0.0,1.0,1.0,1.0,1.0,1.0,1.0,0.9024,1.0,0.0,1.0,1.0,1.0,0.0,1.0,1.0,1.0,0.8,1.0,1.0,0.5,0.5,0.5,1.0,1.0,0.5,0.5,0.5,0.0,0.0,1.0,1.0,1.0,0.5,0.5,0.2,0.6,1.0,1.0,1.0,1.0,1.0,1.0
0.0,0.5,0.0,0.5,0.6,0.5,0.213,0.6,0.76667,0.0,0.5,0.0,1.0,0.48,0.0,0.99793,0.0,1.0,1.0,1.0,1.0,1.0,1.0,0.90731,1.0,0.0,0.95834,0.92737,0.0,0.0,1.0,1.0,1.0,0.8,1.0,1.0,0.5,0.5,0.5,1.0,1.0,0.5,0.5,0.5,0.0,0.0,1.0,1.0,1.0,0.5,0.5,0.2,0.6,1.0,0.5,1.0,1.0,1.0,1.0
1.0,0.5,0.0,0.5,0.6,0.5,0.21129,0.6,0.8,0.0,0.5,0.0,1.0,0.48,0.0,0.99762,0.0,1.0,1.0,1.0,1.0,1.0,1.0,0.91534,1.0,0.0,0.9465,0.88318,0.0,0.0,1.0,1.0,1.0,0.8,1.0,1.0,0.5,0.5,0.5,1.0,1.0,0.5,0.5,0.5,0.0,0.0,1.0,1.0,1.0,0.5,0.5,0.2,0.6,1.0,1.0,1.0,1.0,1.0,1.0
1.0,1.0,1.0,1.0,0.6,1.0,0.26724,1.0,0.86667,0.0,0.5,0.0,0.0,0.48,0.0,0.0,0.99735,1.0,1.0,1.0,1.0,1.0,0.0,0.92327,1.0,0.0,1.0,1.0,1.0,0.0,1.0,1.0,1.0,0.8,1.0,1.0,0.5,0.5,0.5,1.0,1.0,0.5,0.5,0.5,0.0,0.0,1.0,1.0,1.0,0.5,0.5,0.2,0.6,1.0,1.0,1.0,1.0,0.0,1.0
1.0,0.5,0.0,0.5,1.0,0.5,0.26073,1.0,0.9,0.0,0.5,0.0,1.0,0.44,0.0,0.99864,0.0,1.0,1.0,1.0,1.0,1.0,1.0,0.92637,1.0,0.0,1.0,1.0,1.0,0.0,1.0,1.0,1.0,0.8,1.0,1.0,0.5,0.5,0.5,1.0,1.0,0.5,0.5,0.5,0.0,0.0,1.0,1.0,1.0,0.5,0.5,0.2,0.6,1.0,1.0,1.0,1.0,1.0,1.0
0.0,0.5,0.0,0.5,0.6,0.5,0.20986,0.6,0.93333,0.0,0.5,0.0,1.0,0.52,0.0,0.99928,0.0,1.0,1.0,1.0,1.0,1.0,1.0,0.92694,1.0,0.0,0.93417,0.87895,0.0,0.0,1.0,1.0,1.0,0.8,1.0,1.0,0.5,0.5,0.5,1.0,1.0,0.5,0.5,0.5,0.0,0.0,1.0,1.0,1.0,0.5,0.5,0.2,0.6,1.0,0.0,1.0,1.0,1.0,1.0
0.0,0.5,0.0,0.5,0.6,0.5,0.19789,0.6,0.96667,0.0,0.5,0.0,1.0,0.48,0.0,0.99972,0.0,1.0,1.0,1.0,1.0,1.0,1.0,0.93,1.0,0.0,0.87944,0.81379,0.0,0.0,1.0,1.0,1.0,0.8,1.0,1.0,0.5,0.5,0.5,1.0,1.0,0.5,0.5,0.5,0.0,0.0,1.0,1.0,1.0,0.5,0.5,0.2,0.6,1.0,0.5,1.0,1.0,1.0,1.0
1.0,0.5,1.0,0.5,0.6,0.5,0.21142,0.6,1.0,0.0,0.5,0.0,1.0,0.48,0.0,0.99928,0.0,1.0,1.0,1.0,1.0,1.0,1.0,0.93753,1.0,0.0,0.93579,0.88266,0.0,0.0,1.0,1.0,1.0,0.8,1.0,1.0,0.5,0.5,0.5,1.0,1.0,0.5,0.5,0.5,0.0,0.0,1.0,1.0,1.0,0.5,0.5,0.2,0.6,1.0,1.0,1.0,1.0,1.0,1.0
0.5,0.5,0.5,0.5,0.5,0.5,0.16773,0.4,0.66667,0.0,0.5,0.0,0.0,0.52,0.12,0.0,0.99561,1.0,1.0,1.0,1.0,0.5,0.0,0.85761,1.0,0.25,0.89258,0.6998,0.5,0.0,1.0,1.0,0.5,0.8,1.0,1.0,0.5,0.5,0.5,1.0,1.0,0.5,0.5,0.5,0.0,0.0,1.0,1.0,1.0,0.89607,1.0,0.2,0.4,0.5,1.0,1.0,1.0,0.0,0.5
1.0,0.5,0.0,0.5,0.4,0.5,0.1639,0.4,0.7,0.0,0.5,0.0,1.0,0.52,0.12,0.0,0.99553,1.0,1.0,1.0,1.0,1.0,0.0,0.85086,1.0,0.25,0.88385,0.68534,0.5,0.0,1.0,1.0,1.0,0.8,1.0,1.0,0.5,0.5,0.5,1.0,1.0,0.5,0.5,0.5,0.0,0.0,1.0,1.0,1.0,0.89607,1.0,0.2,0.4,0.5,1.0,1.0,1.0,0.5,1.0
1.0,0.5,0.0,0.5,0.4,0.5,0.1596,0.4,0.73333,0.0,0.5,0.0,1.0,0.52,0.12,0.0,0.99687,1.0,1.0,1.0,1.0,1.0,0.0,0.84594,1.0,0.25,0.86901,0.67076,0.5,0.0,1.0,1.0,1.0,0.8,1.0,1.0,0.5,0.5,0.5,1.0,1.0,0.5,0.5,0.5,0.0,0.0,1.0,1.0,1.0,0.89607,1.0,0.2,0.4,0.5,1.0,1.0,1.0,0.5,1.0
0.5,0.5,0.5,0.5,0.5,0.5,0.23674,0.8,0.83333,0.0,0.5,0.0,0.0,0.28,0.0,0.0,0.99277,1.0,1.0,1.0,1.0,0.5,1.0,0.77445,1.0,0.0,0.7686,0.62417,0.0,0.0,0.97691,1.0,0.5,0.8,1.0,1.0,0.5,0.5,0.5,1.0,1.0,0.5,0.5,0.5,0.0,0.0,1.0,1.0,1.0,0.5,0.5,1.0,0.2,0.0,1.0,1.0,1.0,1.0,0.5
0.0,0.0,0.0,0.0,0.8,0.8,0.23119,0.8,1.0,0.0,0.5,0.0,0.0,0.28,0.0,0.97214,0.0,1.0,1.0,1.0,1.0,0.9,0.0,0.10907,0.15582,0.0,1.0,1.0,1.0,0.0,1.0,1.0,0.75,0.8,1.0,1.0,0.5,0.5,0.5,1.0,1.0,0.5,0.5,0.5,0.0,0.0,1.0,1.0,1.0,0.5,0.5,1.0,0.2,1.0,1.0,1.0,1.0,1.0,0.25
0.5,0.5,0.5,0.5,0.5,0.5,0.16503,0.6,0.56667,0.0,0.5,0.0,0.0,0.48,0.04,0.0,0.99235,1.0,1.0,1.0,1.0,0.5,0.0,0.51357,0.73367,0.25,0.65794,0.49024,0.0,0.0,1.0,0.75,0.5,0.8,1.0,1.0,0.5,0.5,0.5,1.0,1.0,0.5,0.5,0.5,0.0,0.0,1.0,1.0,1.0,0.39589,0.43053,0.2,0.4,1.0,1.0,1.0,1.0,1.0,0.5
0.0,0.0,0.0,0.0,0.6,0.6,0.0224,0.4,0.0,0.9375,0.5,0.0,0.0,0.2,0.12,0.0,0.99925,1.0,1.0,0.6,1.0,0.4,0.0,0.82943,1.0,0.25,0.14061,0.05264,0.0,0.0,0.95168,1.0,0.25,0.1,1.0,1.0,0.5,0.5,0.5,1.0,1.0,0.5,0.5,0.5,0.0,0.0,1.0,1.0,1.0,1.0,0.38581,0.9,0.4,0.5,1.0,1.0,1.0,0.0,1.0
0.0,0.0,0.0,0.0,0.4,0.4,0.01545,0.4,0.0,0.88235,0.5,0.0,0.0,0.16,0.12,0.0,0.99574,1.0,1.0,0.6,1.0,1.0,0.0,0.82661,1.0,0.25,0.09854,0.03588,0.0,0.0,0.95245,1.0,1.0,0.7,1.0,1.0,0.5,0.5,0.5,1.0,1.0,0.5,0.5,0.5,0.0,0.0,1.0,1.0,1.0,1.0,0.38581,0.3,0.4,0.5,1.0,1.0,1.0,0.0,1.0
0.0,0.0,0.0,0.0,0.4,0.4,0.00966,0.4,0.0,0.83333,0.5,0.0,0.0,0.12,0.12,0.0,0.99491,1.0,1.0,0.6,1.0,1.0,0.0,0.82443,1.0,0.25,0.0624,0.02228,0.0,0.0,0.95294,1.0,1.0,0.8,1.0,1.0,0.5,0.5,0.5,1.0,1.0,0.5,0.5,0.5,0.0,0.0,1.0,1.0,1.0,1.0,0.38581,0.2,0.4,0.5,0.0,1.0,1.0,0.0,1.0
0.0,0.5,0.0,0.5,0.2,0.5,0.00711,0.2,0.0,0.81081,0.5,0.0,1.0,0.12,0.08,0.0,0.99565,1.0,1.0,0.6,1.0,1.0,0.0,0.82366,1.0,0.25,0.04612,0.01634,0.0,0.0,0.95312,1.0,1.0,0.8,1.0,1.0,0.5,0.5,0.5,1.0,1.0,0.5,0.5,0.5,0.0,0.0,1.0,1.0,1.0,1.0,0.38581,0.2,0.4,0.5,0.0,1.0,1.0,0.5,1.0
0.0,0.5,0.0,0.5,0.2,0.5,0.00504,0.2,0.0,0.78947,0.5,0.0,1.0,0.12,0.04,0.0,0.99544,1.0,1.0,0.6,1.0,1.0,0.0,0.82272,1.0,0.25,0.03288,0.01157,0.0,0.0,0.95326,1.0,1.0,0.8,1.0,1.0,0.5,0.5,0.5,1.0,1.0,0.5,0.5,0.5,0.0,0.0,1.0,1.0,1.0,1.0,0.38581,0.2,0.4,0.5,0.0,1.0,1.0,0.5,1.0
0.0,0.5,0.0,0.5,0.2,0.5,0.0036,0.2,0.0,0.76923,0.5,0.0,1.0,0.12,0.04,0.0,0.99533,1.0,1.0,0.6,1.0,1.0,0.0,0.82188,1.0,0.25,0.02357,0.00823,0.0,0.0,0.95338,1.0,1.0,0.8,1.0,1.0,0.5,0.5,0.5,1.0,1.0,0.5,0.5,0.5,0.0,0.0,1.0,1.0,1.0,1.0,0.38581,0.2,0.4,0.5,0.0,1.0,1.0,0.5,1.0
0.5,0.5,0.5,0.5,0.5,0.5,0.11922,0.2,0.43333,0.0,0.5,0.0,0.0,0.64,0.04,0.36938,0.0,0.4,1.0,0.4,1.0,0.5,1.0,0.90354,1.0,0.25,0.61609,0.50956,0.0,0.0,0.99239,0.75,0.5,0.8,1.0,1.0,0.5,0.5,0.5,1.0,1.0,0.5,0.5,0.5,0.0,0.0,1.0,1.0,1.0,0.38892,0.6375,0.2,0.6,0.66667,1.0,1.0,1.0,0.0,0.5
0.0,0.0,0.0,0.0,0.2,0.2,0.0804,0.2,0.73333,0.0,0.5,0.0,0.0,0.64,0.08,0.96127,0.0,1.0,1.0,1.0,1.0,1.0,0.0,0.64251,0.91788,0.0,0.42988,0.29524,0.0,0.0,0.97527,1.0,0.75,0.8,1.0,1.0,0.5,0.35172,0.5,1.0,1.0,0.5,0.5,0.5,0.0,0.0,1.0,1.0,1.0,0.07249,0.2597,0.2,0.6,1.0,0.0,1.0,1.0,1.0,1.0
1.0,0.5,1.0,0.5,0.2,0.5,0.08574,0.2,0.76667,0.0,0.5,0.0,1.0,0.64,0.08,0.9605,0.0,1.0,1.0,1.0,1.0,1.0,0.0,0.62649,0.89499,0.0,0.46426,0.34871,0.0,0.0,0.97941,1.0,1.0,0.8,1.0,1.0,0.5,0.35172,0.5,1.0,1.0,0.5,0.5,0.5,0.0,0.0,1.0,1.0,1.0,0.07249,0.2597,0.2,0.4,0.5,1.0,1.0,1.0,1.0,1.0
1.0,0.5,1.0,0.5,0.2,0.5,0.09869,0.2,0.8,0.0,0.5,0.0,1.0,0.6,0.08,0.96398,0.0,1.0,1.0,1.0,1.0,1.0,0.0,0.62499,0.89284,0.0,0.53501,0.42005,0.0,0.0,0.98285,1.0,1.0,0.8,1.0,1.0,0.5,0.35172,0.5,1.0,1.0,0.5,0.5,0.5,0.0,0.0,1.0,1.0,1.0,0.07249,0.2597,0.2,0.6,1.0,1.0,1.0,1.0,0.5,1.0
1.0,0.5,1.0,0.5,0.2,0.5,0.10275,0.2,0.83333,0.0,0.5,0.0,1.0,0.56,0.08,0.96996,0.0,1.0,1.0,1.0,1.0,1.0,1.0,0.63021,0.9003,0.0,0.55472,0.40969,0.0,0.0,0.9824,1.0,1.0,0.8,1.0,1.0,0.5,0.35172,0.5,1.0,1.0,0.5,0.5,0.5,0.0,0.0,1.0,1.0,1.0,0.07249,0.2597,0.2,0.6,1.0,1.0,1.0,1.0,1.0,1.0
1.0,0.5,1.0,0.5,0.2,0.5,0.10544,0.2,0.86667,0.0,0.5,0.0,1.0,0.56,0.08,0.98049,0.0,1.0,1.0,1.0,1.0,1.0,1.0,0.64704,0.92434,0.0,0.56177,0.39757,0.0,0.0,0.98148,1.0,1.0,0.8,1.0,1.0,0.5,0.35172,0.5,1.0,1.0,0.5,0.5,0.5,0.0,0.0,1.0,1.0,1.0,0.07249,0.2597,0.2,0.6,1.0,1.0,1.0,1.0,1.0,1.0
1.0,0.5,1.0,0.5,0.2,0.5,0.11737,0.2,0.9,0.0,0.5,0.0,1.0,0.6,0.08,0.0,0.98074,1.0,1.0,1.0,1.0,1.0,1.0,0.74308,1.0,0.0,0.58355,0.41071,0.0,0.0,0.98396,1.0,1.0,0.8,1.0,1.0,0.5,0.35172,0.5,1.0,1.0,0.5,0.5,0.5,0.0,0.0,1.0,1.0,1.0,0.07249,0.2597,0.2,0.6,1.0,1.0,1.0,1.0,1.0,1.0
1.0,0.5,1.0,0.5,0.2,0.5,0.13793,0.2,0.93333,0.0,0.5,0.0,1.0,0.6,0.08,0.0,0.99656,1.0,1.0,1.0,1.0,1.0,1.0,0.77181,1.0,0.0,0.67284,0.52195,0.0,0.0,0.98941,1.0,1.0,0.8,1.0,1.0,0.5,0.35172,0.5,1.0,1.0,0.5,0.5,0.5,0.0,0.0,1.0,1.0,1.0,0.07249,0.2597,0.2,0.6,1.0,1.0,1.0,1.0,1.0,1.0
0.0,0.5,0.0,0.5,0.2,0.5,0.12622,0.2,0.96667,0.0,0.5,0.0,1.0,0.56,0.08,0.99261,0.0,1.0,1.0,1.0,1.0,1.0,1.0,0.78929,1.0,0.0,0.6089,0.4349,0.0,0.0,0.98858,1.0,1.0,0.8,1.0,1.0,0.5,0.35172,0.5,1.0,1.0,0.5,0.5,0.5,0.0,0.0,1.0,1.0,1.0,0.07249,0.2597,0.2,0.6,1.0,1.0,1.0,1.0,1.0,1.0
0.0,0.5,0.0,0.5,0.2,0.5,0.11674,0.2,1.0,0.0,0.5,0.0,1.0,0.52,0.08,0.98899,0.0,1.0,1.0,1.0,1.0,1.0,1.0,0.79868,1.0,0.0,0.55981,0.37115,0.0,0.0,0.98583,1.0,1.0,0.8,1.0,1.0,0.5,0.35172,0.5,1.0,1.0,0.5,0.5,0.5,0.0,0.0,1.0,1.0,1.0,0.07249,0.2597,0.2,0.6,1.0,0.5,1.0,1.0,1.0,1.0
1.0,0.5,1.0,0.5,0.2,0.5,0.13631,0.2,0.0,0.96774,0.5,0.0,1.0,0.56,0.08,0.988,0.0,1.0,1.0,1.0,1.0,1.0,1.0,0.81673,1.0,0.0,0.64641,0.45387,0.0,0.0,0.98693,1.0,1.0,0.8,1.0,1.0,0.5,0.35172,0.5,1.0,1.0,0.5,0.5,0.5,0.0,0.0,1.0,1.0,1.0,0.07249,0.2597,0.2,0.6,1.0,1.0,1.0,1.0,1.0,1.0
0.5,0.5,0.5,0.5,0.5,0.5,0.17138,0.4,0.1,0.0,0.5,0.0,0.0,0.48,0.04,0.36912,0.0,1.0,1.0,1.0,1.0,0.5,0.0,0.58944,0.84206,0.0,0.95667,0.70149,0.5,0.0,0.86351,1.0,0.5,0.8,1.0,1.0,0.5,0.5,0.5,1.0,1.0,0.5,0.5,0.5,0.0,0.0,1.0,1.0,1.0,0.5,0.5,0.2,0.6,1.0,0.5,1.0,1.0,0.5,0.5
0.0,0.5,0.0,0.5,0.4,0.5,0.1635,0.4,0.13333,0.0,0.5,0.0,1.0,0.48,0.04,0.7241,0.0,1.0,1.0,1.0,1.0,1.0,0.0,0.57958,0.82798,0.0,0.92042,0.63879,0.5,0.0,0.8883,1.0,1.0,0.8,1.0,1.0,0.5,0.5,0.5,1.0,1.0,0.5,0.5,0.5,0.0,0.0,1.0,1.0,1.0,0.5,0.5,0.2,0.6,1.0,0.0,1.0,1.0,1.0,1.0
0.0,0.0,0.0,0.0,0.2,0.2,0.00121,0.4,0.83333,0.0,0.5,0.0,0.0,0.12,0.16,0.0,0.99996,1.0,1.0,1.0,1.0,1.0,1.0,0.95772,1.0,0.25,0.00651,0.00271,0.33333,0.0,0.69865,1.0,0.75,0.8,1.0,1.0,0.5,0.15479,0.5,1.0,1.0,0.5,0.5,0.5,0.0,0.0,1.0,1.0,1.0,0.5,0.5,1.0,0.2,0.0,1.0,1.0,1.0,0.0,1.0
0.0,0.0,0.0,0.0,0.4,0.4,0.00121,0.4,0.0,0.90909,0.5,0.0,0.0,0.12,0.16,0.0,0.99999,1.0,1.0,0.8,1.0,1.0,1.0,0.95772,1.0,0.25,0.00651,0.00271,0.33333,0.0,0.69771,0.5,1.0,0.8,1.0,1.0,0.5,0.15479,0.5,1.0,1.0,0.5,0.5,0.5,0.0,0.0,1.0,1.0,1.0,0.5,0.5,1.0,0.2,0.0,1.0,1.0,1.0,0.0,0.25
0.0,0.5,0.0,0.5,0.4,0.5,0.00121,0.4,0.0,0.88235,0.5,0.0,1.0,0.12,0.16,0.0,0.99999,1.0,1.0,0.8,1.0,1.0,1.0,0.95772,1.0,0.25,0.00651,0.00271,0.33333,0.0,0.69767,1.0,1.0,0.8,1.0,1.0,0.5,0.15479,0.5,1.0,1.0,0.5,0.5,0.5,0.0,0.0,1.0,1.0,1.0,0.5,0.5,1.0,0.2,0.0,1.0,1.0,1.0,0.0,0.25
0.0,0.5,0.0,0.5,0.4,0.5,0.00121,0.4,0.0,0.85714,0.5,0.0,1.0,0.12,0.16,0.0,0.99999,1.0,1.0,0.8,1.0,1.0,1.0,0.95772,1.0,0.25,0.00651,0.00271,0.33333,0.0,0.69765,1.0,1.0,0.8,1.0,1.0,0.5,0.15479,0.5,1.0,1.0,0.5,0.5,0.5,0.0,0.0,1.0,1.0,1.0,0.5,0.5,1.0,0.2,0.0,1.0,1.0,1.0,0.0,0.25
0.0,0.5,0.0,0.5,0.4,0.5,0.00121,0.4,0.0,0.83333,0.5,0.0,1.0,0.12,0.16,0.0,0.99999,1.0,1.0,0.8,1.0,1.0,1.0,0.95772,1.0,0.25,0.00651,0.00271,0.33333,0.0,0.69762,1.0,1.0,0.8,1.0,1.0,0.5,0.15479,0.5,1.0,1.0,0.5,0.5,0.5,0.0,0.0,1.0,1.0,1.0,0.5,0.5,1.0,0.2,0.0,1.0,1.0,1.0,0.0,0.25
0.0,0.5,0.0,0.5,0.4,0.5,0.00121,0.4,0.0,0.81081,0.5,0.0,1.0,0.12,0.16,0.0,0.99999,1.0,1.0,0.8,1.0,1.0,1.0,0.95772,1.0,0.25,0.00651,0.00271,0.33333,0.0,0.6976,1.0,1.0,0.8,1.0,1.0,0.5,0.15479,0.5,1.0,1.0,0.5,0.5,0.5,0.0,0.0,1.0,1.0,1.0,0.5,0.5,1.0,0.2,0.0,1.0,1.0,1.0,0.0,0.25
0.0,0.5,0.0,0.5,0.4,0.5,0.00121,0.4,0.0,0.78947,0.5,0.0,1.0,0.12,0.16,0.0,1.0,1.0,1.0,0.8,1.0,1.0,1.0,0.95772,1.0,0.25,0.00651,0.00271,0.33333,0.0,0.69759,1.0,1.0,0.8,1.0,1.0,0.5,0.15479,0.5,1.0,1.0,0.5,0.5,0.5,0.0,0.0,1.0,1.0,1.0,0.5,0.5,1.0,0.2,0.0,1.0,1.0,1.0,0.0,0.25
0.0,0.5,0.0,0.5,0.4,0.5,0.00121,0.4,0.0,0.76923,0.5,0.0,1.0,0.12,0.16,0.0,1.0,1.0,1.0,0.8,1.0,1.0,1.0,0.95772,1.0,0.25,0.00651,0.00271,0.33333,0.0,0.69757,1.0,1.0,0.8,1.0,1.0,0.5,0.15479,0.5,1.0,1.0,0.5,0.5,0.5,0.0,0.0,1.0,1.0,1.0,0.5,0.5,1.0,0.2,0.0,1.0,1.0,1.0,0.0,0.25
0.0,0.5,0.0,0.5,0.4,0.5,0.00121,0.4,0.0,0.75,0.5,0.0,1.0,0.12,0.16,0.0,1.0,1.0,1.0,0.8,1.0,1.0,1.0,0.95772,1.0,0.25,0.00651,0.00271,0.33333,0.0,0.69756,1.0,1.0,0.8,1.0,1.0,0.5,0.15479,0.5,1.0,1.0,0.5,0.5,0.5,0.0,0.0,1.0,1.0,1.0,0.5,0.5,1.0,0.2,0.0,1.0,1.0,1.0,0.0,0.25
0.5,0.5,0.5,0.5,0.5,0.5,0.27092,1.0,0.1,0.0,0.5,0.0,0.0,0.52,0.0,0.0,0.93041,0.7,1.0,1.0,1.0,0.5,1.0,0.74552,1.0,0.0,1.0,1.0,1.0,0.0,1.0,1.0,0.5,0.8,1.0,1.0,0.5,0.5,0.5,1.0,1.0,0.5,0.5,0.5,0.0,0.0,1.0,1.0,1.0,0.5,0.5,0.2,0.6,1.0,1.0,1.0,1.0,0.0,0.5
1.0,0.5,1.0,0.5,1.0,0.5,0.28736,1.0,0.13333,0.0,0.5,0.0,1.0,0.56,0.0,0.0,0.97802,1.0,1.0,1.0,1.0,1.0,1.0,0.77477,1.0,0.0,1.0,1.0,1.0,0.0,1.0,1.0,1.0,0.8,1.0,1.0,0.5,0.5,0.5,1.0,1.0,0.5,0.5,0.5,0.0,0.0,1.0,1.0,1.0,0.5,0.5,0.2,0.6,1.0,1.0,1.0,1.0,1.0,1.0
0.0,0.5,0.0,0.5,1.0,0.5,0.23533,1.0,0.16667,0.0,0.5,0.0,1.0,0.64,0.0,0.0,0.91071,1.0,1.0,1.0,1.0,1.0,1.0,0.81082,1.0,0.0,1.0,1.0,1.0,0.0,1.0,1.0,1.0,0.8,1.0,1.0,0.5,0.5,0.5,1.0,1.0,0.5,0.5,0.5,0.0,0.0,1.0,1.0,1.0,0.5,0.5,0.2,0.6,1.0,0.0,1.0,1.0,1.0,1.0
1.0,0.5,1.0,0.5,1.0,0.5,0.25373,1.0,0.2,0.0,0.5,0.0,1.0,0.6,0.0,0.0,0.9996,1.0,1.0,1.0,1.0,1.0,1.0,0.8204,1.0,0.0,1.0,1.0,1.0,0.0,1.0,1.0,1.0,0.8,1.0,1.0,0.5,0.5,0.5,1.0,1.0,0.5,0.5,0.5,0.0,0.0,1.0,1.0,1.0,0.5,0.5,0.2,0.6,1.0,1.0,1.0,1.0,1.0,1.0
1.0,0.5,1.0,0.5,1.0,0.5,0.25524,1.0,0.23333,0.0,0.5,0.0,1.0,0.68,0.0,0.99305,0.0,1.0,1.0,1.0,1.0,1.0,1.0,0.84881,1.0,0.0,1.0,1.0,1.0,0.0,1.0,1.0,1.0,0.8,1.0,1.0,0.5,0.5,0.5,1.0,1.0,0.5,0.5,0.5,0.0,0.0,1.0,1.0,1.0,0.5,0.5,0.2,0.6,1.0,1.0,1.0,1.0,1.0,1.0
1.0,0.5,0.0,0.5,1.0,0.5,0.25374,1.0,0.26667,0.0,0.5,0.0,1.0,0.64,0.0,0.96324,0.0,1.0,1.0,1.0,1.0,1.0,1.0,0.87679,1.0,0.0,1.0,1.0,1.0,0.0,1.0,1.0,1.0,0.8,1.0,1.0,0.5,0.5,0.5,1.0,1.0,0.5,0.5,0.5,0.0,0.0,1.0,1.0,1.0,0.5,0.5,0.2,0.6,1.0,1.0,1.0,1.0,1.0,1.0
0.0,0.0,0.0,0.0,0.8,0.4,0.19059,0.4,0.0,0.90909,0.5,0.0,0.0,0.2,0.04,0.0,0.99079,1.0,1.0,1.0,1.0,0.6,1.0,0.83861,1.0,0.25,0.72967,0.5744,0.0,0.0,1.0,0.75,0.75,0.8,1.0,1.0,0.5,0.36129,0.5,1.0,1.0,0.5,0.5,0.5,0.0,0.0,1.0,1.0,1.0,1.0,0.53251,1.0,0.2,0.0,1.0,0.0,1.0,0.0,1.0
0.0,0.0,0.0,0.0,0.4,0.4,0.1893,0.4,0.0,0.85714,0.5,0.0,0.0,0.16,0.04,0.0,0.99652,1.0,1.0,1.0,1.0,1.0,1.0,0.83903,1.0,0.25,0.72444,0.56794,0.0,0.0,1.0,1.0,1.0,0.8,1.0,1.0,0.5,0.36129,0.5,1.0,1.0,0.5,0.5,0.5,0.0,0.0,1.0,1.0,1.0,1.0,0.53251,1.0,0.2,0.0,1.0,0.0,1.0,0.0,0.5
0.0,0.5,0.0,0.5,0.4,0.5,0.18916,0.4,0.0,0.83333,0.5,0.0,1.0,0.16,0.04,0.0,0.99817,1.0,1.0,1.0,1.0,1.0,1.0,0.83908,1.0,0.25,0.72386,0.56723,0.0,0.0,1.0,1.0,1.0,0.8,1.0,1.0,0.5,0.36129,0.5,1.0,1.0,0.5,0.5,0.5,0.0,0.0,1.0,1.0,1.0,1.0,0.53251,1.0,0.2,0.0,1.0,0.0,1.0,0.0,0.5
0.5,0.5,0.5,0.5,0.5,0.5,0.17754,0.4,0.06667,0.0,0.5,0.0,0.0,0.36,0.0,0.5,0.5,0.9,0.9,1.0,1.0,0.5,1.0,0.90768,1.0,0.5,0.89232,0.73121,0.5,0.0,0.66667,0.25,0.5,0.8,1.0,1.0,0.5,0.5,0.5,1.0,1.0,0.5,0.5,0.5,0.5,0.5,1.0,1.0,1.0,0.5,0.5,0.2,0.6,1.0,0.0,1.0,1.0,1.0,0.5
1.0,0.5,1.0,0.5,0.8,0.5,0.22994,0.8,0.1,0.0,0.5,0.0,1.0,0.44,0.04,0.43318,0.0,0.6,0.7,1.0,1.0,0.6,0.0,0.53165,0.75951,0.0,1.0,1.0,1.0,0.0,1.0,1.0,0.5,0.8,1.0,1.0,0.5,0.5,0.5,1.0,1.0,0.5,0.5,0.5,0.0,0.0,1.0,1.0,1.0,0.5,0.5,0.2,0.6,1.0,1.0,1.0,1.0,0.5,1.0
0.0,0.5,0.0,0.5,0.4,0.5,0.19561,0.4,0.13333,0.0,0.5,0.0,1.0,0.48,0.04,0.75544,0.0,1.0,1.0,1.0,1.0,1.0,0.0,0.49638,0.70912,0.0,1.0,0.9985,0.5,0.0,0.90777,1.0,1.0,0.8,1.0,1.0,0.5,0.5,0.5,1.0,1.0,0.5,0.5,0.5,0.0,0.0,1.0,1.0,1.0,0.5,0.5,0.2,0.6,1.0,0.5,1.0,1.0,1.0,1.0
0.0,0.0,0.0,0.0,0.2,0.2,0.0005,0.2,0.3,0.0,0.5,0.0,0.0,0.28,0.08,0.98831,0.0,1.0,1.0,1.0,1.0,1.0,1.0,0.90797,1.0,0.25,0.00332,0.0012,0.0,0.0,0.75,0.5,0.75,0.0,1.0,1.0,0.5,0.16919,0.5,1.0,1.0,0.5,0.5,0.5,0.0,0.0,1.0,1.0,1.0,0.5,0.5,1.0,0.2,0.0,1.0,1.0,1.0,0.0,1.0
0.5,0.5,0.5,0.5,0.5,0.5,0.00129,0.1,0.56667,0.0,1.0,0.0,0.0,0.47,0.06,0.0,0.98922,1.0,1.0,1.0,1.0,0.5,0.0,0.5945,0.84929,0.11111,0.0194,0.00979,0.0,0.0,1.0,1.0,0.5,0.0,1.0,1.0,0.5,0.5,0.5,1.0,1.0,0.5,0.5,0.5,0.0,0.0,1.0,1.0,1.0,0.99924,0.60785,1.0,0.1,0.0,1.0,0.0,1.0,0.0,0.5
0.0,0.0,0.0,0.0,0.1,0.1,0.00094,0.1,0.66667,0.0,1.0,0.0,0.0,0.42,0.06,0.0,0.99592,1.0,1.0,1.0,1.0,1.0,1.0,0.5943,0.849,0.11111,0.01415,0.00712,0.0,0.0,1.0,0.77778,1.0,0.0,1.0,1.0,0.5,0.5,0.5,1.0,1.0,0.5,0.5,0.5,0.0,0.0,1.0,1.0,1.0,0.99924,0.60785,1.0,0.1,0.0,1.0,0.0,1.0,0.0,1.0
0.5,0.5,0.5,0.5,0.5,0.5,0.10819,0.8,0.06667,0.0,1.0,0.0,0.0,0.6,0.0,0.5,0.5,0.0,1.0,1.0,1.0,0.5,1.0,0.76046,1.0,0.11111,1.0,0.95546,0.75,0.0,0.91088,0.55556,0.5,0.8,1.0,1.0,0.5,0.5,0.5,1.0,1.0,0.5,0.5,0.5,0.5,0.5,1.0,1.0,1.0,0.5,0.5,0.2,0.9,1.0,0.75,1.0,1.0,0.625,0.5
0.0,1.0,0.0,0.0,0.5,0.8,0.07303,0.1,0.4,0.0,1.0,0.0,0.0,0.64,0.02,0.0,0.99,0.8,1.0,0.8,0.73333,0.44444,0.0,0.8747,1.0,0.11111,0.73259,0.63083,0.0,0.0,0.98865,0.55556,0.66667,0.8,1.0,1.0,0.5,0.5,0.5,1.0,1.0,0.5,0.5,0.5,0.0,0.0,1.0,1.0,1.0,0.47999,0.6375,0.2,0.4,0.6,1.0,1.0,1.0,0.0,1.0
0.0,0.0,0.0,0.0,0.1,0.1,0.04427,0.1,0.46667,0.0,1.0,0.0,0.0,0.53,0.02,0.99229,0.0,1.0,1.0,0.8,0.73333,1.0,0.0,0.86974,1.0,0.11111,0.44818,0.37988,0.0,0.0,0.99081,0.44444,1.0,0.8,1.0,1.0,0.5,0.5,0.5,1.0,1.0,0.5,0.5,0.5,0.0,0.0,1.0,1.0,1.0,0.47999,0.6375,0.2,0.3,0.4,0.0,1.0,1.0,0.2,1.0
0.0,0.5,0.0,0.5,0.1,0.5,0.03291,0.1,0.5,0.0,1.0,0.0,1.0,0.52,0.02,0.98696,0.0,1.0,1.0,0.8,1.0,1.0,1.0,0.8736,1.0,0.11111,0.33164,0.27563,0.0,0.0,0.986,1.0,0.77778,0.8,1.0,1.0,0.5,0.5,0.5,1.0,1.0,0.5,0.5,0.5,0.0,0.0,1.0,1.0,1.0,0.47999,0.6375,0.2,0.2,0.2,1.0,1.0,1.0,0.2,1.0
0.0,0.5,0.0,0.5,0.1,0.5,0.02467,0.1,0.53333,0.0,1.0,0.0,1.0,0.49,0.02,0.99267,0.0,1.0,1.0,0.8,1.0,1.0,0.0,0.86888,1.0,0.11111,0.25061,0.20567,0.0,0.0,0.97923,1.0,1.0,0.8,1.0,1.0,0.5,0.5,0.5,1.0,1.0,0.5,0.5,0.5,0.0,0.0,1.0,1.0,1.0,0.47999,0.6375,0.2,0.2,0.2,0.0,1.0,1.0,0.2,1.0
0.5,0.5,0.5,0.5,0.5,0.5,0.07115,0.1,0.13333,0.0,1.0,0.0,0.0,0.12,0.0,0.97981,0.0,0.97778,0.97778,1.0,1.0,0.5,0.0,0.08007,0.11438,0.0,0.71844,0.5606,0.0,0.0,0.5,1.0,0.5,0.8,1.0,1.0,0.5,0.5,0.5,1.0,1.0,0.5,0.5,0.5,0.0,0.0,1.0,1.0,1.0,0.5,0.5,1.0,0.1,0.0,1.0,1.0,1.0,0.0,0.5
0.5,0.5,0.5,0.5,0.5,0.5,0.0401,0.5,0.43333,0.0,1.0,0.0,0.0,0.16,0.2,0.0,0.96316,0.71111,0.68889,0.95556,0.64444,0.5,1.0,0.78845,1.0,0.11111,0.25043,0.16951,0.0,0.0,0.97442,0.88889,0.5,0.75,0.9,0.98743,0.84862,0.5,0.47146,1.0,1.0,0.5,0.5,0.5,0.0,0.0,1.0,1.0,1.0,0.27768,0.15712,0.25,0.3,1.0,1.0,0.0,1.0,1.0,0.5
0.0,0.5,0.0,0.5,0.5,0.5,0.0146,0.5,0.46667,0.0,1.0,0.0,1.0,0.16,0.21,0.0,0.89081,0.66667,1.0,0.48889,1.0,0.66667,0.0,0.76853,1.0,0.55556,0.22899,0.06165,0.6,0.0,0.92592,1.0,0.44444,0.0,0.9,0.7645,0.09843,0.09843,0.09843,1.0,1.0,0.5,0.5,0.5,0.0,0.0,1.0,1.0,1.0,0.27768,0.15712,1.0,0.1,0.0,1.0,0.0,1.0,0.2,1.0
0.5,0.5,0.5,0.5,0.5,0.5,0.09905,0.4,0.23333,0.0,1.0,0.0,0.0,0.32,0.0,0.95766,0.0,1.0,1.0,1.0,1.0,0.5,1.0,0.71103,1.0,0.11111,0.93244,0.82549,0.33333,0.0,0.90385,0.88889,0.5,0.8,1.0,1.0,0.5,0.5,0.5,1.0,1.0,0.5,0.5,0.5,0.0,0.0,1.0,1.0,1.0,0.5,0.5,0.2,0.4,1.0,0.33333,1.0,1.0,0.66667,0.5
0.0,1.0,0.0,1.0,0.3,0.8,0.0991,0.6,0.33333,0.0,1.0,0.0,0.0,0.32,0.0,0.97623,0.0,1.0,1.0,1.0,1.0,1.0,1.0,0.71103,1.0,0.11111,0.93386,0.82464,0.33333,0.0,0.88639,0.88889,1.0,0.8,1.0,1.0,0.5,0.5,0.5,1.0,1.0,0.5,0.5,0.5,0.0,0.0,1.0,1.0,1.0,0.5,0.5,0.2,0.3,0.66667,0.0,1.0,1.0,0.66667,1.0
0.0,1.0,0.0,1.0,0.3,0.4,0.09731,0.4,0.43333,0.0,1.0,0.0,0.0,0.29,0.0,0.97305,0.0,1.0,1.0,1.0,1.0,1.0,1.0,0.70596,1.0,0.11111,0.92806,0.83693,0.33333,0.0,0.90936,0.88889,0.77778,0.8,1.0,1.0,0.5,0.5,0.5,1.0,1.0,0.5,0.5,0.5,0.0,0.0,1.0,1.0,1.0,0.5,0.5,0.2,0.2,0.33333,0.0,1.0,1.0,0.66667,1.0
0.0,1.0,0.0,1.0,0.4,0.4,0.09801,0.4,0.5,0.0,1.0,0.0,0.0,0.28,0.0,0.97993,0.0,1.0,1.0,1.0,1.0,1.0,0.0,0.69733,0.99619,0.11111,0.9543,0.77711,0.33333,0.0,0.91824,1.0,1.0,0.8,1.0,1.0,0.5,0.5,0.5,1.0,1.0,0.5,0.5,0.5,0.0,0.0,1.0,1.0,1.0,0.5,0.5,0.2,0.2,0.33333,1.0,1.0,1.0,0.0,1.0
0.0,1.0,0.0,1.0,0.4,0.6,0.10199,0.6,0.56667,0.0,1.0,0.0,0.0,0.28,0.0,0.98912,0.0,1.0,1.0,1.0,1.0,1.0,1.0,0.71247,1.0,0.11111,0.95796,0.87451,0.33333,0.0,0.70991,1.0,0.77778,0.8,1.0,1.0,0.5,0.5,0.5,1.0,1.0,0.5,0.5,0.5,0.0,0.0,1.0,1.0,1.0,0.5,0.5,0.2,0.2,0.33333,1.0,1.0,1.0,0.0,1.0
0.0,1.0,0.0,1.0,0.4,0.6,0.09275,0.4,0.73333,0.0,1.0,0.0,0.0,0.28,0.0,0.98904,0.0,1.0,1.0,1.0,1.0,1.0,0.0,0.75503,1.0,0.22222,1.0,0.85314,0.5,0.0,0.95109,1.0,0.66667,0.8,1.0,1.0,0.5,0.5,0.5,1.0,1.0,0.5,0.5,0.5,0.0,0.0,1.0,1.0,1.0,0.5,0.5,0.2,0.3,0.5,0.5,1.0,1.0,0.5,1.0
0.0,1.0,0.0,1.0,0.4,0.3,0.08842,0.3,0.83333,0.0,1.0,0.0,0.0,0.3,0.0,0.99922,0.0,1.0,1.0,1.0,1.0,1.0,1.0,0.77892,1.0,0.22222,0.91298,0.81555,0.25,0.0,0.9509,0.77778,1.0,0.8,1.0,1.0,0.5,0.5,0.5,1.0,1.0,0.5,0.5,0.5,0.0,0.0,1.0,1.0,1.0,0.5,0.5,0.2,0.2,0.25,1.0,1.0,1.0,0.5,1.0
0.0,1.0,0.0,1.0,0.2,0.4,0.09874,0.6,0.93333,0.0,1.0,0.0,0.0,0.3,0.0,0.98743,0.0,1.0,1.0,1.0,1.0,1.0,0.0,0.67317,0.96167,0.11111,1.0,0.90384,0.66667,0.0,0.96709,1.0,0.88889,0.8,1.0,1.0,0.5,0.5,0.5,1.0,1.0,0.5,0.5,0.5,0.0,0.0,1.0,1.0,1.0,0.5,0.5,0.2,0.2,0.33333,1.0,1.0,1.0,0.0,1.0
0.0,1.0,0.0,0.0,0.4,0.6,0.09609,0.6,1.0,0.0,1.0,0.0,0.0,0.29,0.0,0.99382,0.0,1.0,1.0,1.0,1.0,1.0,1.0,0.75509,1.0,0.22222,1.0,0.94513,0.75,0.0,0.96135,1.0,0.88889,0.8,1.0,1.0,0.5,0.5,0.5,1.0,1.0,0.5,0.5,0.5,0.0,0.0,1.0,1.0,1.0,0.5,0.5,0.2,0.2,0.25,1.0,1.0,1.0,0.0,1.0
0.5,0.5,0.5,0.5,0.5,0.5,0.1,0.55,0.03333,0.0,1.0,0.0,0.0,0.1,0.0,0.5,0.5,0.5,0.5,0.5,0.5,0.5,0.5,0.0,0.0,0.66667,1.0,1.0,1.0,0.0,0.0,0.5,0.5,0.8,1.0,1.0,0.5,0.5,0.5,1.0,1.0,0.5,0.5,0.5,0.5,0.5,1.0,0.5,0.5,0.5,0.5,0.2,0.6,0.83333,1.0,1.0,1.0,0.5,0.5
0.5,0.5,0.5,0.5,0.5,0.5,0.1,0.55,0.03333,0.0,1.0,0.0,0.0,0.1,0.0,0.5,0.5,0.5,0.5,0.5,0.5,0.5,0.5,0.0,0.0,0.66667,1.0,1.0,1.0,0.0,0.0,0.5,0.5,0.8,1.0,1.0,0.5,0.5,0.5,1.0,1.0,0.5,0.5,0.5,0.5,0.5,1.0,0.5,0.5,0.5,0.5,0.2,0.6,0.83333,1.0,1.0,1.0,0.5,0.5
0.0,1.0,0.0,1.0,0.1,1.0,0.15878,1.0,0.1,0.0,1.0,0.0,0.0,0.23,0.0,0.0,0.92491,0.66667,1.0,1.0,1.0,0.64444,1.0,0.85581,1.0,0.11111,1.0,1.0,1.0,1.0,1.0,1.0,0.88889,0.8,1.0,1.0,0.5,0.5,0.5,1.0,1.0,0.5,0.5,0.5,0.0,0.0,1.0,1.0,1.0,0.5,0.5,0.2,0.6,1.0,1.0,1.0,1.0,0.0,1.0
1.0,0.5,1.0,0.5,1.0,0.5,0.17726,1.0,0.13333,0.0,1.0,0.0,1.0,0.35,0.0,0.0,0.92448,1.0,0.91111,1.0,1.0,1.0,1.0,0.866,1.0,0.11111,1.0,1.0,1.0,1.0,0.83333,1.0,0.77778,0.8,1.0,1.0,0.5,0.5,0.5,1.0,1.0,0.5,0.5,0.5,0.0,0.0,1.0,1.0,1.0,0.5,0.5,0.2,0.6,1.0,0.8,1.0,1.0,0.8,1.0
0.0,0.5,0.0,0.5,1.0,0.5,0.14783,1.0,0.16667,0.0,1.0,0.0,1.0,0.39,0.0,0.0,0.92378,0.91111,1.0,1.0,1.0,0.91111,1.0,0.87093,1.0,0.11111,1.0,1.0,1.0,1.0,0.83333,1.0,1.0,0.8,1.0,1.0,0.5,0.5,0.5,1.0,1.0,0.5,0.5,0.5,0.0,0.0,1.0,1.0,1.0,0.5,0.5,0.2,0.6,1.0,0.8,1.0,1.0,1.0,1.0
0.0,1.0,0.0,0.0,1.0,1.0,0.14176,1.0,0.23333,0.0,1.0,0.0,0.0,0.42,0.0,0.0,0.98684,1.0,1.0,1.0,1.0,1.0,0.0,0.49303,0.70434,0.0,1.0,1.0,1.0,0.0,0.99824,1.0,0.88889,0.8,1.0,1.0,0.5,0.5,0.5,1.0,1.0,0.5,0.5,0.5,0.0,0.0,1.0,1.0,1.0,0.5,0.5,0.2,0.5,1.0,1.0,1.0,1.0,0.0,1.0
0.0,0.0,0.0,0.0,1.0,0.9,0.0988,0.5,0.33333,0.0,1.0,0.0,0.0,0.45,0.0,0.98744,0.0,1.0,1.0,1.0,1.0,1.0,1.0,0.50726,0.72465,0.0,0.99086,0.83381,0.5,0.0,0.99137,1.0,1.0,0.8,1.0,1.0,0.5,0.5,0.5,1.0,1.0,0.5,0.5,0.5,0.0,0.0,1.0,1.0,1.0,0.5,0.5,0.2,0.5,1.0,0.0,1.0,1.0,1.0,1.0
0.0,0.0,0.0,0.0,0.2,0.1,0.04705,0.1,0.73333,0.0,1.0,0.0,0.0,0.15,0.0,0.97808,0.0,1.0,0.97778,1.0,1.0,0.6,1.0,0.61552,0.87932,0.11111,0.53949,0.41839,0.0,0.0,0.86441,1.0,0.77778,0.8,1.0,1.0,0.5,0.5,0.5,1.0,1.0,0.5,0.5,0.5,0.0,0.0,1.0,1.0,1.0,0.5,0.5,1.0,0.1,0.0,1.0,1.0,1.0,0.0,1.0
1.0,1.0,1.0,1.0,0.1,0.1,0.05042,0.1,0.8,0.0,1.0,0.0,0.0,0.12,0.0,0.9759,0.0,1.0,1.0,1.0,1.0,1.0,0.0,0.59894,0.85563,0.33333,0.62496,0.51116,0.0,1.0,0.98867,1.0,0.55556,0.8,1.0,1.0,0.5,0.5,0.5,1.0,1.0,0.5,0.5,0.5,0.0,0.0,1.0,1.0,1.0,0.5,0.5,0.2,0.3,1.0,1.0,1.0,1.0,0.0,0.55556
0.5,0.5,0.5,0.5,0.5,0.5,0.09393,0.2,0.06667,0.0,1.0,0.0,0.0,0.45,0.0,0.5,0.5,0.73333,0.62222,1.0,1.0,0.5,1.0,0.8533,1.0,0.11111,0.97401,0.90299,0.2,0.0,0.83292,1.0,0.5,0.8,1.0,1.0,0.5,0.5,0.5,1.0,1.0,0.5,0.5,0.5,0.5,0.5,1.0,1.0,1.0,0.5,0.5,0.2,0.6,1.0,0.4,1.0,1.0,0.6,0.5
0.0,0.5,0.0,0.5,0.1,0.5,0.08936,0.1,0.1,0.0,1.0,0.0,1.0,0.56,0.0,0.92332,0.0,0.8,1.0,1.0,1.0,0.8,0.0,0.77178,1.0,0.11111,0.90707,0.78177,0.0,0.0,0.91375,1.0,0.88889,0.8,1.0,1.0,0.5,0.5,0.5,1.0,1.0,0.5,0.5,0.5,0.0,0.0,1.0,1.0,1.0,0.5,0.5,0.2,0.5,1.0,1.0,1.0,1.0,1.0,1.0
1.0,0.5,1.0,0.5,0.4,0.5,0.09414,0.4,0.13333,0.0,1.0,0.0,1.0,0.55,0.0,0.87606,0.0,1.0,1.0,1.0,1.0,1.0,0.0,0.76529,1.0,0.11111,0.96263,0.86708,0.25,1.0,0.97456,1.0,0.77778,0.8,1.0,1.0,0.5,0.5,0.5,1.0,1.0,0.5,0.5,0.5,0.0,0.0,1.0,1.0,1.0,0.5,0.5,0.2,0.5,1.0,1.0,1.0,1.0,0.75,1.0
1.0,0.5,1.0,0.5,0.7,0.5,0.10281,0.7,0.16667,0.0,1.0,0.0,1.0,0.53,0.0,0.90223,0.0,1.0,1.0,1.0,1.0,1.0,1.0,0.78315,1.0,0.11111,1.0,0.92735,0.75,1.0,0.98173,1.0,1.0,0.8,1.0,1.0,0.5,0.5,0.5,1.0,1.0,0.5,0.5,0.5,0.0,0.0,1.0,1.0,1.0,0.5,0.5,0.2,0.5,1.0,1.0,1.0,1.0,1.0,1.0
1.0,0.5,1.0,0.5,0.7,0.5,0.1093,0.7,0.2,0.0,1.0,0.0,1.0,0.48,0.0,0.90135,0.0,1.0,1.0,1.0,1.0,1.0,1.0,0.7917,1.0,0.11111,1.0,0.97067,0.75,1.0,0.98584,1.0,1.0,0.8,1.0,1.0,0.5,0.5,0.5,1.0,1.0,0.5,0.5,0.5,0.0,0.0,1.0,1.0,1.0,0.5,0.5,0.2,0.5,1.0,0.75,1.0,1.0,1.0,1.0
1.0,0.5,1.0,0.5,0.7,0.5,0.111,0.7,0.23333,0.0,1.0,0.0,1.0,0.43,0.0,0.91124,0.0,1.0,1.0,1.0,1.0,1.0,0.0,0.79027,1.0,0.11111,1.0,0.97945,0.75,1.0,0.98911,1.0,1.0,0.8,1.0,1.0,0.5,0.5,0.5,1.0,1.0,0.5,0.5,0.5,0.0,0.0,1.0,1.0,1.0,0.5,0.5,0.2,0.5,1.0,0.75,1.0,1.0,1.0,1.0
1.0,0.5,1.0,0.5,0.8,0.5,0.11318,0.8,0.26667,0.0,1.0,0.0,1.0,0.41,0.0,0.94076,0.0,1.0,1.0,1.0,1.0,1.0,1.0,0.79117,1.0,0.11111,1.0,0.9969,0.75,0.0,0.9922,1.0,1.0,0.8,1.0,1.0,0.5,0.5,0.5,1.0,1.0,0.5,0.5,0.5,0.0,0.0,1.0,1.0,1.0,0.5,0.5,0.2,0.4,0.75,1.0,1.0,1.0,1.0,1.0
1.0,0.5,1.0,0.5,0.7,0.5,0.11463,0.7,0.3,0.0,1.0,0.0,1.0,0.37,0.0,0.94312,0.0,1.0,1.0,1.0,1.0,1.0,0.0,0.78955,1.0,0.11111,1.0,0.99695,0.75,0.0,0.99394,1.0,1.0,0.8,1.0,1.0,0.5,0.5,0.5,1.0,1.0,0.5,0.5,0.5,0.0,0.0,1.0,1.0,1.0,0.5,0.5,0.2,0.4,0.75,1.0,1.0,1.0,0.75,1.0
1.0,0.5,1.0,0.5,0.9,0.5,0.11694,0.9,0.33333,0.0,1.0,0.0,1.0,0.38,0.0,0.95285,0.0,1.0,1.0,1.0,1.0,1.0,0.0,0.41624,0.59463,0.0,1.0,0.99791,0.66667,0.0,0.99907,1.0,0.88889,0.8,1.0,1.0,0.5,0.5,0.5,1.0,1.0,0.5,0.5,0.5,0.0,0.0,1.0,1.0,1.0,0.5,0.5,0.2,0.4,1.0,1.0,1.0,1.0,1.0,1.0
1.0,0.5,1.0,0.5,0.9,0.5,0.11956,0.9,0.36667,0.0,1.0,0.0,1.0,0.38,0.0,0.96365,0.0,1.0,1.0,1.0,1.0,1.0,1.0,0.43762,0.62518,0.0,1.0,0.9977,0.66667,0.0,0.9993,1.0,1.0,0.8,1.0,1.0,0.5,0.5,0.5,1.0,1.0,0.5,0.5,0.5,0.0,0.0,1.0,1.0,1.0,0.5,0.5,0.2,0.4,1.0,1.0,1.0,1.0,1.0,1.0
1.0,0.5,1.0,0.5,0.9,0.5,0.12288,0.9,0.4,0.0,1.0,0.0,1.0,0.36,0.0,0.97706,0.0,1.0,1.0,1.0,1.0,1.0,1.0,0.46422,0.66317,0.0,1.0,0.99767,0.66667,0.0,0.99928,1.0,1.0,0.8,1.0,1.0,0.5,0.5,0.5,1.0,1.0,0.5,0.5,0.5,0.0,0.0,1.0,1.0,1.0,0.5,0.5,0.2,0.4,1.0,1.0,1.0,1.0,1.0,1.0
1.0,0.5,1.0,0.5,0.9,0.5,0.12583,0.9,0.43333,0.0,1.0,0.0,1.0,0.36,0.0,0.99193,0.0,1.0,1.0,1.0,1.0,1.0,1.0,0.48792,0.69702,0.0,1.0,0.99827,0.66667,0.0,0.99912,1.0,1.0,0.8,1.0,1.0,0.5,0.5,0.5,1.0,1.0,0.5,0.5,0.5,0.0,0.0,1.0,1.0,1.0,0.5,0.5,0.2,0.4,1.0,1.0,1.0,1.0,1.0,1.0
1.0,0.5,1.0,0.5,0.9,0.5,0.1295,0.9,0.46667,0.0,1.0,0.0,1.0,0.36,0.0,0.99982,0.0,1.0,1.0,1.0,1.0,1.0,1.0,0.51763,0.73947,0.0,1.0,0.98689,0.66667,0.0,0.99839,1.0,1.0,0.8,1.0,1.0,0.5,0.5,0.5,1.0,1.0,0.5,0.5,0.5,0.0,0.0,1.0,1.0,1.0,0.5,0.5,0.2,0.4,1.0,1.0,1.0,1.0,1.0,1.0
1.0,0.5,1.0,0.5,1.0,0.5,0.13496,1.0,0.5,0.0,1.0,0.0,1.0,0.37,0.0,0.0,0.98279,1.0,1.0,1.0,1.0,1.0,1.0,0.54997,0.78567,0.0,1.0,1.0,1.0,0.0,0.99815,1.0,1.0,0.8,1.0,1.0,0.5,0.5,0.5,1.0,1.0,0.5,0.5,0.5,0.0,0.0,1.0,1.0,1.0,0.5,0.5,0.2,0.4,1.0,1.0,1.0,1.0,1.0,1.0
1.0,0.5,1.0,0.5,1.0,0.5,0.14014,1.0,0.53333,0.0,1.0,0.0,1.0,0.36,0.0,0.0,0.9796,1.0,1.0,1.0,1.0,1.0,1.0,0.58416,0.83452,0.0,1.0,1.0,1.0,0.0,0.99792,1.0,1.0,0.8,1.0,1.0,0.5,0.5,0.5,1.0,1.0,0.5,0.5,0.5,0.0,0.0,1.0,1.0,1.0,0.5,0.5,0.2,0.4,1.0,1.0,1.0,1.0,1.0,1.0
1.0,0.5,1.0,0.5,1.0,0.5,0.14342,1.0,0.56667,0.0,1.0,0.0,1.0,0.36,0.0,0.0,0.99543,1.0,1.0,1.0,1.0,1.0,1.0,0.61949,0.88499,0.0,1.0,1.0,1.0,0.0,0.99771,1.0,1.0,0.8,1.0,1.0,0.5,0.5,0.5,1.0,1.0,0.5,0.5,0.5,0.0,0.0,1.0,1.0,1.0,0.5,0.5,0.2,0.4,1.0,1.0,1.0,1.0,1.0,1.0
1.0,0.5,1.0,0.5,1.0,0.5,0.14707,1.0,0.6,0.0,1.0,0.0,1.0,0.35,0.0,0.99775,0.0,1.0,1.0,1.0,1.0,1.0,1.0,0.65625,0.9375,0.0,1.0,1.0,1.0,0.0,0.99749,1.0,1.0,0.8,1.0,1.0,0.5,0.5,0.5,1.0,1.0,0.5,0.5,0.5,0.0,0.0,1.0,1.0,1.0,0.5,0.5,0.2,0.4,1.0,1.0,1.0,1.0,1.0,1.0
1.0,0.5,1.0,0.5,0.9,0.5,0.15088,0.9,0.63333,0.0,1.0,0.0,1.0,0.34,0.0,0.99837,0.0,1.0,1.0,1.0,1.0,1.0,1.0,0.69457,0.99224,0.0,1.0,0.99332,0.66667,0.0,0.99692,1.0,1.0,0.8,1.0,1.0,0.5,0.5,0.5,1.0,1.0,0.5,0.5,0.5,0.0,0.0,1.0,1.0,1.0,0.5,0.5,0.2,0.4,1.0,1.0,1.0,1.0,1.0,1.0
1.0,0.5,1.0,0.5,0.9,0.5,0.15461,0.9,0.66667,0.0,1.0,0.0,1.0,0.33,0.0,0.99887,0.0,1.0,1.0,1.0,1.0,1.0,1.0,0.73283,1.0,0.0,1.0,0.98385,0.66667,0.0,0.99639,1.0,1.0,0.8,1.0,1.0,0.5,0.5,0.5,1.0,1.0,0.5,0.5,0.5,0.0,0.0,1.0,1.0,1.0,0.5,0.5,0.2,0.4,1.0,1.0,1.0,1.0,1.0,1.0
1.0,0.5,1.0,0.5,0.9,0.5,0.15825,0.9,0.7,0.0,1.0,0.0,1.0,0.34,0.0,0.0,0.99912,1.0,1.0,1.0,1.0,1.0,1.0,0.77055,1.0,0.0,1.0,0.98839,0.66667,0.0,0.99625,1.0,1.0,0.8,1.0,1.0,0.5,0.5,0.5,1.0,1.0,0.5,0.5,0.5,0.0,0.0,1.0,1.0,1.0,0.5,0.5,0.2,0.4,1.0,1.0,1.0,1.0,1.0,1.0
1.0,0.5,1.0,0.5,0.9,0.5,0.16198,0.9,0.73333,0.0,1.0,0.0,1.0,0.33,0.0,0.0,0.99281,1.0,1.0,1.0,1.0,1.0,1.0,0.80904,1.0,0.0,1.0,0.99118,0.66667,0.0,0.99615,1.0,1.0,0.8,1.0,1.0,0.5,0.5,0.5,1.0,1.0,0.5,0.5,0.5,0.0,0.0,1.0,1.0,1.0,0.5,0.5,0.2,0.4,1.0,1.0,1.0,1.0,1.0,1.0
1.0,0.5,1.0,0.5,1.0,0.5,0.16777,1.0,0.76667,0.0,1.0,0.0,1.0,0.32,0.0,0.0,0.98903,1.0,1.0,1.0,1.0,1.0,1.0,0.84867,1.0,0.0,1.0,1.0,1.0,0.0,0.99607,1.0,1.0,0.8,1.0,1.0,0.5,0.5,0.5,1.0,1.0,0.5,0.5,0.5,0.0,0.0,1.0,1.0,1.0,0.5,0.5,0.2,0.4,1.0,1.0,1.0,1.0,1.0,1.0
1.0,0.5,1.0,0.5,1.0,0.5,0.17289,1.0,0.8,0.0,1.0,0.0,1.0,0.32,0.0,0.0,0.98714,0.97778,0.97778,1.0,1.0,0.97778,1.0,0.88808,1.0,0.0,1.0,1.0,1.0,0.0,0.99601,1.0,1.0,0.8,1.0,1.0,0.5,0.5,0.5,1.0,1.0,0.5,0.5,0.5,0.0,0.0,1.0,1.0,1.0,0.5,0.5,0.2,0.4,1.0,1.0,1.0,1.0,1.0,1.0
1.0,0.5,1.0,0.5,1.0,0.5,0.17726,1.0,0.83333,0.0,1.0,0.0,1.0,0.33,0.01,0.43254,0.0,1.0,0.91111,1.0,1.0,1.0,1.0,0.89579,1.0,0.0,1.0,1.0,1.0,0.0,0.99596,1.0,1.0,0.8,1.0,1.0,0.5,0.5,0.5,1.0,1.0,0.5,0.5,0.5,1.0,0.0,0.5,1.0,1.0,0.5,0.5,0.7,0.4,1.0,1.0,1.0,1.0,1.0,1.0
1.0,0.5,1.0,0.5,1.0,0.5,0.18507,1.0,0.86667,0.0,1.0,0.0,1.0,0.34,0.03,0.64963,0.0,1.0,0.91111,1.0,1.0,1.0,1.0,0.94834,1.0,0.0,1.0,1.0,1.0,0.0,0.99908,1.0,1.0,0.8,1.0,1.0,0.5,0.5,0.5,1.0,1.0,1.0,0.44864,0.5,0.0,0.16171,1.0,1.0,1.0,1.0,0.44864,0.2,0.4,1.0,1.0,0.66667,1.0,1.0,1.0
1.0,0.5,1.0,0.5,0.9,0.5,0.18531,0.9,0.9,0.0,1.0,0.0,1.0,0.35,0.06,0.81495,0.0,0.91111,1.0,0.82222,1.0,0.91111,1.0,0.98741,1.0,0.11111,1.0,0.991,0.66667,1.0,0.99948,1.0,1.0,0.8,1.0,1.0,0.5,0.5,0.5,1.0,1.0,1.0,0.44864,1.0,0.0,0.0,1.0,1.0,1.0,1.0,0.44864,0.2,0.4,1.0,1.0,0.33333,1.0,1.0,1.0
1.0,0.5,1.0,0.5,1.0,0.5,0.19358,1.0,0.93333,0.0,1.0,0.0,1.0,0.35,0.06,0.92401,0.0,0.82222,1.0,1.0,1.0,0.82222,0.0,0.90144,1.0,0.0,1.0,1.0,1.0,0.0,0.99926,1.0,1.0,0.8,1.0,1.0,0.5,0.5,0.5,1.0,1.0,1.0,0.44864,1.0,1.0,0.0,0.85,1.0,1.0,1.0,0.44864,0.35,0.4,1.0,1.0,0.33333,1.0,1.0,1.0
1.0,0.5,1.0,0.5,1.0,0.5,0.20531,1.0,0.96667,0.0,1.0,0.0,1.0,0.34,0.05,0.96124,0.0,0.88889,0.82222,0.88889,1.0,0.88889,0.0,0.83147,1.0,0.0,1.0,1.0,1.0,0.0,0.99947,1.0,1.0,0.8,1.0,1.0,0.5,0.5,0.5,1.0,1.0,1.0,0.15436,1.0,0.0,0.0,1.0,1.0,1.0,1.0,0.15436,0.2,0.4,1.0,1.0,0.33333,1.0,1.0,1.0
1.0,0.5,1.0,0.5,1.0,0.5,0.20945,1.0,1.0,0.0,1.0,0.0,1.0,0.32,0.05,0.0,0.98215,1.0,0.82222,0.88889,1.0,1.0,0.0,0.76039,1.0,0.0,1.0,1.0,1.0,0.0,0.99907,1.0,1.0,0.8,1.0,1.0,0.5,0.5,0.5,1.0,1.0,1.0,0.15436,1.0,0.0,0.0,1.0,1.0,1.0,1.0,0.15436,0.2,0.4,1.0,1.0,0.33333,1.0,1.0,1.0
0.5,0.5,0.5,0.5,0.5,0.5,0.08169,0.2,0.43333,0.0,1.0,0.0,0.0,0.4,0.0,0.992,0.0,1.0,1.0,1.0,1.0,0.5,0.0,0.72689,1.0,0.11111,0.90888,0.80439,0.25,0.0,0.73928,1.0,0.5,0.8,1.0,1.0,0.5,0.5,0.5,1.0,1.0,0.5,0.5,0.5,0.0,0.0,1.0,1.0,1.0,0.5,0.5,0.2,0.2,0.25,0.0,1.0,1.0,0.5,0.5
0.0,1.0,0.0,1.0,0.1,0.3,0.08883,0.4,0.6,0.0,1.0,0.0,0.0,0.39,0.0,0.99267,0.0,1.0,1.0,1.0,1.0,1.0,0.0,0.69839,0.9977,0.11111,1.0,0.99343,0.75,0.0,0.76351,1.0,1.0,0.8,1.0,1.0,0.5,0.5,0.5,1.0,1.0,0.5,0.5,0.5,0.0,0.0,1.0,1.0,1.0,0.5,0.5,0.2,0.3,0.5,1.0,1.0,1.0,0.0,1.0
0.0,0.5,0.0,0.5,0.4,0.5,0.08302,0.4,0.63333,0.0,1.0,0.0,1.0,0.4,0.0,0.995,0.0,1.0,1.0,1.0,1.0,1.0,1.0,0.71852,1.0,0.11111,0.96593,0.76077,0.75,0.0,0.95843,1.0,0.77778,0.8,1.0,1.0,0.5,0.5,0.5,1.0,1.0,0.5,0.5,0.5,0.0,0.0,1.0,1.0,1.0,0.5,0.5,0.2,0.5,1.0,0.75,1.0,1.0,0.5,1.0
0.0,1.0,0.0,1.0,0.2,0.5,0.08655,0.5,0.8,0.0,1.0,0.0,0.0,0.4,0.0,0.0,0.99279,1.0,1.0,1.0,1.0,1.0,0.0,0.65602,0.93717,0.11111,1.0,1.0,1.0,0.0,0.77581,1.0,0.77778,0.8,1.0,1.0,0.5,0.5,0.5,1.0,1.0,0.5,0.5,0.5,0.0,0.0,1.0,1.0,1.0,0.5,0.5,0.2,0.3,0.5,1.0,1.0,1.0,0.0,1.0
0.0,0.5,0.0,0.5,0.2,0.5,0.07095,0.2,0.83333,0.0,1.0,0.0,1.0,0.39,0.0,0.0,0.99487,1.0,1.0,1.0,1.0,1.0,0.0,0.65022,0.92889,0.11111,1.0,0.94998,0.25,0.0,0.77393,1.0,1.0,0.8,1.0,1.0,0.5,0.5,0.5,1.0,1.0,0.5,0.5,0.5,0.0,0.0,1.0,1.0,1.0,0.5,0.5,0.2,0.3,0.5,0.0,1.0,1.0,0.5,1.0
0.0,0.5,0.0,0.5,0.2,0.5,0.06432,0.2,0.86667,0.0,1.0,0.0,1.0,0.39,0.0,0.0,0.99432,1.0,1.0,1.0,1.0,1.0,0.0,0.6449,0.92129,0.11111,0.92646,0.79395,0.25,0.0,0.77365,1.0,1.0,0.8,1.0,1.0,0.5,0.5,0.5,1.0,1.0,0.5,0.5,0.5,0.0,0.0,1.0,1.0,1.0,0.5,0.5,0.2,0.3,0.5,0.5,1.0,1.0,0.5,1.0
0.0,0.5,0.0,0.5,0.2,0.5,0.05996,0.2,0.9,0.0,1.0,0.0,1.0,0.4,0.01,0.42803,0.0,1.0,1.0,1.0,1.0,1.0,1.0,0.71419,1.0,0.11111,0.72247,0.45323,0.0,0.0,0.96305,1.0,0.77778,0.8,1.0,1.0,0.5,0.5,0.5,1.0,1.0,0.5,0.5,0.5,0.0,0.0,1.0,1.0,1.0,0.5,0.5,0.2,0.3,0.5,0.5,1.0,1.0,0.5,1.0
0.0,0.0,0.0,0.0,0.2,0.2,3e-05,0.1,0.0,0.9375,1.0,0.0,0.0,0.34,0.01,0.0,0.99004,0.91111,0.91111,1.0,1.0,0.91111,1.0,0.9269,1.0,0.44444,0.00031,0.00018,0.0,0.0,0.94808,0.44444,0.66667,0.0,0.9,0.82753,0.30359,0.5,0.30359,1.0,1.0,0.5,0.5,0.5,0.0,0.0,1.0,1.0,1.0,0.5,0.5,1.0,0.1,0.0,1.0,1.0,1.0,0.0,1.0
0.5,0.5,0.5,0.5,0.5,0.5,0.06685,0.1,0.0,0.96774,1.0,0.0,0.0,0.51,0.0,0.0,0.99789,1.0,1.0,1.0,1.0,0.5,0.0,0.21684,0.30978,0.0,0.82036,0.71673,0.0,0.0,0.99843,1.0,0.5,0.8,1.0,1.0,0.5,0.5,0.5,1.0,1.0,0.5,0.5,0.5,0.0,0.0,1.0,1.0,1.0,0.5,0.5,0.2,0.4,1.0,0.66667,1.0,1.0,1.0,0.5
1.0,0.5,0.0,0.5,0.1,0.5,0.06414,0.1,0.0,0.9375,1.0,0.0,1.0,0.51,0.0,0.0,0.99827,1.0,1.0,1.0,1.0,1.0,0.0,0.21594,0.30849,0.0,0.78869,0.69161,0.0,0.0,0.99808,1.0,1.0,0.8,1.0,1.0,0.5,0.5,0.5,1.0,1.0,0.5,0.5,0.5,0.0,0.0,1.0,1.0,1.0,0.5,0.5,0.2,0.4,1.0,1.0,1.0,1.0,1.0,1.0
1.0,0.5,0.0,0.5,0.1,0.5,0.0624,0.1,0.0,0.90909,1.0,0.0,1.0,0.51,0.0,0.9995,0.0,1.0,1.0,1.0,1.0,1.0,0.0,0.21307,0.30439,0.0,0.77245,0.6747,0.0,0.0,0.99778,1.0,1.0,0.8,1.0,1.0,0.5,0.5,0.5,1.0,1.0,0.5,0.5,0.5,0.0,0.0,1.0,1.0,1.0,0.5,0.5,0.2,0.4,1.0,1.0,1.0,1.0,1.0,1.0
1.0,0.5,0.0,0.5,0.1,0.5,0.06097,0.1,0.0,0.88235,1.0,0.0,1.0,0.51,0.0,0.99953,0.0,1.0,1.0,1.0,1.0,1.0,0.0,0.20963,0.29947,0.0,0.76095,0.65255,0.0,0.0,0.99768,1.0,1.0,0.8,1.0,1.0,0.5,0.5,0.5,1.0,1.0,0.5,0.5,0.5,0.0,0.0,1.0,1.0,1.0,0.5,0.5,0.2,0.4,1.0,1.0,1.0,1.0,1.0,1.0
1.0,0.5,0.0,0.5,0.1,0.5,0.0598,0.1,0.0,0.85714,1.0,0.0,1.0,0.51,0.0,0.0,0.99948,1.0,1.0,1.0,1.0,1.0,0.0,0.20797,0.29711,0.0,0.74929,0.63276,0.0,0.0,0.99786,1.0,1.0,0.8,1.0,1.0,0.5,0.5,0.5,1.0,1.0,0.5,0.5,0.5,0.0,0.0,1.0,1.0,1.0,0.5,0.5,0.2,0.4,1.0,1.0,1.0,1.0,1.0,1.0
1.0,0.5,0.0,0.5,0.1,0.5,0.05896,0.1,0.0,0.83333,1.0,0.0,1.0,0.51,0.0,0.0,0.9986,1.0,1.0,1.0,1.0,1.0,0.0,0.20727,0.29609,0.0,0.74,0.61913,0.0,0.0,0.99796,1.0,1.0,0.8,1.0,1.0,0.5,0.5,0.5,1.0,1.0,0.5,0.5,0.5,0.0,0.0,1.0,1.0,1.0,0.5,0.5,0.2,0.4,1.0,1.0,1.0,1.0,1.0,1.0
1.0,0.5,0.0,0.5,0.1,0.5,0.05839,0.1,0.0,0.81081,1.0,0.0,1.0,0.51,0.0,0.0,0.99785,1.0,1.0,1.0,1.0,1.0,0.0,0.20673,0.29533,0.0,0.73379,0.61533,0.0,0.0,0.99814,1.0,1.0,0.8,1.0,1.0,0.5,0.5,0.5,1.0,1.0,0.5,0.5,0.5,0.0,0.0,1.0,1.0,1.0,0.5,0.5,0.2,0.4,1.0,1.0,1.0,1.0,1.0,1.0
1.0,0.5,0.0,0.5,0.1,0.5,0.05793,0.1,0.0,0.78947,1.0,0.0,1.0,0.51,0.0,0.0,0.99976,1.0,1.0,1.0,1.0,1.0,0.0,0.20462,0.29231,0.0,0.73181,0.61061,0.0,0.0,0.99839,1.0,1.0,0.8,1.0,1.0,0.5,0.5,0.5,1.0,1.0,0.5,0.5,0.5,0.0,0.0,1.0,1.0,1.0,0.5,0.5,0.2,0.4,1.0,1.0,1.0,1.0,1.0,1.0
1.0,0.5,0.0,0.5,0.1,0.5,0.05743,0.1,0.0,0.76923,1.0,0.0,1.0,0.51,0.0,0.99977,0.0,1.0,1.0,1.0,1.0,1.0,0.0,0.20219,0.28884,0.0,0.72983,0.6073,0.0,0.0,0.99855,1.0,1.0,0.8,1.0,1.0,0.5,0.5,0.5,1.0,1.0,0.5,0.5,0.5,0.0,0.0,1.0,1.0,1.0,0.5,0.5,0.2,0.4,1.0,1.0,1.0,1.0,1.0,1.0
1.0,0.5,0.0,0.5,0.1,0.5,0.05695,0.1,0.0,0.75,1.0,0.0,1.0,0.51,0.0,0.0,0.99911,1.0,1.0,1.0,1.0,1.0,1.0,0.70724,1.0,0.11111,0.68282,0.55232,0.0,1.0,0.99825,1.0,0.88889,0.8,1.0,1.0,0.5,0.5,0.5,1.0,1.0,0.5,0.5,0.5,0.0,0.0,1.0,1.0,1.0,0.5,0.5,0.2,0.5,1.0,1.0,1.0,1.0,0.75,1.0
0.5,0.5,0.5,0.5,0.5,0.5,0.11314,0.7,0.23333,0.0,1.0,0.0,0.0,0.62,0.01,0.93094,0.0,1.0,1.0,1.0,1.0,0.5,1.0,0.63106,0.90152,0.11111,1.0,1.0,1.0,0.0,1.0,1.0,0.5,0.7,0.9,0.91329,1.0,0.5,0.46544,1.0,1.0,0.5,0.5,0.5,0.0,0.0,1.0,1.0,1.0,1.0,1.0,0.3,0.3,1.0,0.5,1.0,1.0,1.0,0.5
1.0,0.5,0.0,0.5,0.6,0.5,0.10866,0.6,0.26667,0.0,1.0,0.0,1.0,0.66,0.01,0.98185,0.0,1.0,1.0,1.0,1.0,1.0,0.0,0.62432,0.89188,0.11111,1.0,1.0,1.0,0.0,1.0,1.0,0.77778,0.8,1.0,1.0,0.5,0.5,0.5,1.0,1.0,0.5,0.5,0.5,0.0,0.0,1.0,1.0,1.0,1.0,1.0,0.2,0.3,1.0,1.0,1.0,1.0,0.5,1.0
0.0,0.5,0.0,0.5,0.5,0.5,0.10152,0.5,0.3,0.0,1.0,0.0,1.0,0.67,0.01,0.98737,0.0,1.0,1.0,1.0,1.0,1.0,1.0,0.62544,0.89349,0.11111,1.0,1.0,1.0,0.0,1.0,1.0,1.0,0.8,1.0,1.0,0.5,0.5,0.5,1.0,1.0,0.5,0.5,0.5,0.0,0.0,1.0,1.0,1.0,1.0,1.0,0.2,0.3,1.0,0.5,1.0,1.0,1.0,1.0
0.0,0.0,0.0,0.0,0.2,0.3,0.00263,0.1,0.0,0.96774,1.0,0.0,0.0,0.48,0.02,0.0,0.97436,1.0,1.0,0.64444,0.86667,0.57778,0.0,0.5501,0.78586,0.11111,0.07265,0.03769,0.0,1.0,1.0,0.77778,0.88889,0.8,1.0,1.0,0.5,0.24054,0.5,1.0,1.0,0.5,0.5,0.5,0.00396,0.06126,0.35,1.0,1.0,0.01147,0.484,0.85,0.2,1.0,0.0,1.0,1.0,0.0,1.0
1.0,0.5,0.0,0.5,0.1,0.5,0.00256,0.1,0.0,0.9375,1.0,0.0,1.0,0.48,0.03,0.96229,0.0,0.75556,1.0,0.8,1.0,0.75556,1.0,0.6637,0.94814,0.11111,0.03967,0.01704,0.0,0.0,0.98725,1.0,0.66667,0.8,1.0,1.0,0.5,0.24054,0.5,1.0,1.0,0.02305,0.94059,0.5,0.15394,0.04273,0.7,1.0,1.0,0.02305,0.94059,0.5,0.3,0.5,0.5,1.0,1.0,0.25,1.0
0.0,0.0,0.0,0.0,0.1,0.1,0.00072,0.1,0.0,0.83333,1.0,0.0,0.0,0.41,0.03,0.0,0.98092,0.75556,1.0,0.64444,0.91111,0.75556,1.0,0.93347,1.0,0.55556,0.00542,0.00409,0.0,0.0,0.99561,1.0,0.22222,0.75,1.0,1.0,0.5,0.17746,0.5,1.0,1.0,0.00704,0.402,0.45784,0.0,0.87416,1.0,1.0,1.0,0.00704,0.402,0.25,0.3,0.4,1.0,0.5,1.0,0.0,1.0
0.5,0.5,0.5,0.5,0.5,0.5,0.08393,0.1,0.66667,0.0,1.0,0.0,0.0,0.1,0.0,0.99953,0.0,1.0,1.0,1.0,1.0,0.5,0.0,0.01438,0.02054,0.0,1.0,1.0,1.0,0.0,1.0,1.0,0.5,0.8,1.0,1.0,0.5,0.5,0.5,1.0,1.0,0.5,0.5,0.5,0.0,0.0,1.0,1.0,1.0,0.5,0.5,1.0,0.1,1.0,1.0,1.0,1.0,1.0,0.5
0.5,0.5,0.5,0.5,0.5,0.5,0.12153,1.0,0.3,0.0,1.0,0.0,0.0,0.39,0.0,0.96865,0.0,1.0,1.0,1.0,1.0,0.5,1.0,0.79262,1.0,0.11111,1.0,1.0,1.0,1.0,1.0,1.0,0.5,0.8,1.0,1.0,0.5,0.5,0.5,1.0,1.0,0.5,0.5,0.5,0.0,0.0,1.0,1.0,1.0,0.5,0.5,0.2,0.5,1.0,0.0,1.0,1.0,1.0,0.5
0.0,0.5,0.0,0.5,0.7,0.5,0.10041,0.7,0.33333,0.0,1.0,0.0,1.0,0.39,0.0,0.98074,0.0,1.0,1.0,1.0,1.0,1.0,1.0,0.79933,1.0,0.11111,0.95967,0.82833,0.5,1.0,0.99676,1.0,1.0,0.8,1.0,1.0,0.5,0.5,0.5,1.0,1.0,0.5,0.5,0.5,0.0,0.0,1.0,1.0,1.0,0.5,0.5,0.2,0.5,1.0,0.0,1.0,1.0,1.0,1.0
0.0,0.0,0.0,0.0,0.2,0.2,0.07233,0.2,0.53333,0.0,1.0,0.0,0.0,0.24,0.03,0.0,0.97924,0.73333,1.0,0.73333,1.0,0.71111,1.0,0.74519,1.0,0.11111,0.77194,0.57744,0.0,0.0,0.97238,1.0,0.33333,0.8,1.0,1.0,0.5,0.5,0.5,1.0,1.0,0.5,0.5,0.5,0.0,0.0,1.0,1.0,1.0,0.5,0.5,0.2,0.4,0.75,0.66667,0.66667,1.0,0.0,1.0
0.0,0.0,0.0,0.0,0.2,0.2,0.06779,0.2,0.7,0.0,1.0,0.0,0.0,0.14,0.03,0.98155,0.0,1.0,0.95556,0.88889,1.0,0.86667,1.0,0.67326,0.96179,0.11111,0.73286,0.66465,0.0,0.0,0.97949,0.88889,0.66667,0.8,1.0,1.0,0.5,0.5,0.5,1.0,1.0,0.5,0.5,0.5,0.0,0.0,1.0,1.0,1.0,0.5,0.5,1.0,0.1,0.0,1.0,1.0,1.0,0.0,1.0
1.0,0.0,1.0,0.0,0.2,0.2,0.05792,0.2,0.8,0.0,1.0,0.0,0.0,0.12,0.03,0.98284,0.0,1.0,0.95556,0.93333,1.0,0.86667,1.0,0.61159,0.8737,0.11111,0.75701,0.48085,0.5,0.0,0.97433,0.88889,0.44444,0.8,1.0,1.0,0.5,0.5,0.5,1.0,1.0,0.5,0.5,0.5,0.0,0.0,1.0,1.0,1.0,0.5,0.5,1.0,0.1,0.0,1.0,1.0,1.0,0.5,0.33333
0.5,0.5,0.5,0.5,0.5,0.5,0.04753,0.06667,0.13333,0.0,0.0,0.66667,0.0,0.07556,0.0,0.98217,0.0,1.0,1.0,1.0,1.0,0.5,0.0,0.57318,0.81883,0.07143,0.72807,0.57858,0.0,1.0,0.67573,0.85714,0.5,0.8,1.0,1.0,0.5,0.5,0.5,1.0,1.0,0.5,0.5,0.5,0.0,0.0,1.0,1.0,1.0,0.5,0.5,0.2,0.13333,0.5,1.0,1.0,1.0,0.5,0.5
0.0,0.0,0.0,0.0,0.06667,0.06667,0.04603,0.06667,0.53333,0.0,0.0,0.66667,0.0,0.06667,0.0,0.99738,0.0,1.0,1.0,1.0,1.0,0.99048,0.0,0.00432,0.00618,0.0,1.0,1.0,1.0,0.0,1.0,1.0,0.85714,0.8,1.0,1.0,0.5,0.5,0.5,1.0,1.0,0.5,0.5,0.5,0.0,0.0,1.0,1.0,1.0,0.5,0.5,1.0,0.06667,1.0,1.0,1.0,1.0,1.0,1.0
0.5,0.5,0.5,0.5,0.5,0.5,0.06667,0.53333,0.03333,0.0,0.0,0.66667,0.0,0.06667,0.0,0.5,0.5,0.5,0.5,0.5,0.5,0.5,0.5,0.0,0.0,0.71429,1.0,1.0,1.0,0.0,0.0,0.5,0.5,0.8,1.0,1.0,0.5,0.5,0.5,1.0,1.0,0.5,0.5,0.5,0.5,0.5,1.0,0.5,0.5,0.5,0.5,0.2,0.73333,1.0,1.0,1.0,1.0,0.5,0.5
0.0,1.0,0.0,0.0,0.2,0.33333,0.11296,0.8,0.83333,0.0,0.0,0.66667,0.0,0.25333,0.07111,0.0,0.93559,1.0,0.99048,1.0,1.0,0.69524,0.0,0.71672,1.0,0.07143,1.0,0.87451,0.66667,0.0,0.92916,1.0,0.5,0.8,1.0,1.0,0.5,0.5,0.5,1.0,1.0,0.5,0.5,0.5,0.0,0.0,1.0,1.0,1.0,0.5,0.5,0.2,0.26667,1.0,1.0,0.66667,1.0,0.0,1.0
0.0,1.0,0.0,1.0,0.73333,0.8,0.11336,0.8,0.9,0.0,0.0,0.66667,0.0,0.25333,0.07111,0.0,0.99996,1.0,1.0,1.0,1.0,1.0,0.0,0.65624,0.93748,0.07143,1.0,0.89473,0.66667,0.0,0.74371,1.0,0.85714,0.8,1.0,1.0,0.5,0.5,0.5,1.0,1.0,0.5,0.5,0.5,0.0,0.0,1.0,1.0,1.0,0.5,0.5,0.2,0.26667,1.0,0.66667,0.66667,1.0,0.0,1.0
0.5,0.5,0.5,0.5,0.5,0.5,0.05925,0.33333,0.53333,0.0,0.0,0.66667,0.0,0.09333,0.07556,0.96501,0.0,1.0,1.0,0.7619,1.0,0.5,1.0,0.75055,1.0,0.21429,0.76912,0.52618,0.2,0.0,0.98273,1.0,0.5,0.0,0.73333,0.68901,0.58668,0.5,0.11734,1.0,1.0,0.5,0.5,0.5,0.0,0.0,1.0,1.0,1.0,0.99157,0.61218,1.0,0.06667,0.0,1.0,0.0,1.0,0.0,0.5
0.0,0.0,0.0,0.0,0.26667,0.33333,0.04046,0.26667,0.76667,0.0,0.0,0.66667,0.0,0.06667,0.07111,0.0,0.9999,0.99048,0.99048,0.74286,0.70476,0.94286,0.0,0.75809,1.0,0.14286,0.49679,0.3383,0.0,0.0,0.96337,0.78571,0.85714,0.8,1.0,1.0,0.5,1.0,0.5,1.0,1.0,0.5,0.5,0.5,0.0,0.0,1.0,1.0,1.0,0.99157,0.61218,0.2,0.13333,0.2,1.0,1.0,1.0,0.2,1.0
0.5,0.5,0.5,0.5,0.5,0.5,0.00931,0.4,0.36667,0.0,0.5,0.0,0.0,0.2,0.04,0.99627,0.0,1.0,1.0,1.0,1.0,0.5,0.0,0.99601,1.0,0.75,0.03957,0.02588,0.0,0.0,0.99408,1.0,0.5,0.8,1.0,1.0,0.5,0.5,0.5,1.0,1.0,0.5,0.5,0.5,0.0,0.0,1.0,1.0,1.0,0.5,0.5,0.2,0.4,0.5,0.0,1.0,1.0,0.0,0.5
0.0,0.5,0.0,0.5,0.4,0.5,0.00764,0.4,0.4,0.0,0.5,0.0,1.0,0.2,0.04,0.0,0.9995,1.0,1.0,1.0,1.0,1.0,0.0,0.99251,1.0,0.75,0.03228,0.02059,0.0,0.0,0.98988,1.0,1.0,0.8,1.0,1.0,0.5,0.5,0.5,1.0,1.0,0.5,0.5,0.5,0.0,0.0,1.0,1.0,1.0,0.5,0.5,0.2,0.4,0.5,0.0,1.0,1.0,0.5,1.0
0.0,0.0,0.0,0.0,0.4,0.4,0.00468,0.4,0.56667,0.0,0.5,0.0,0.0,0.2,0.04,0.0,0.9991,1.0,1.0,1.0,1.0,1.0,0.0,0.97723,1.0,0.75,0.01919,0.01267,0.0,0.0,0.99479,1.0,1.0,0.8,1.0,1.0,0.5,0.5,0.5,1.0,1.0,0.5,0.5,0.5,0.0,0.0,1.0,1.0,1.0,0.5,0.5,1.0,0.2,0.0,1.0,1.0,1.0,0.0,1.0
0.0,0.0,0.0,0.0,0.4,0.4,0.00447,0.4,0.63333,0.0,0.5,0.0,0.0,0.2,0.04,0.0,0.99788,1.0,1.0,1.0,1.0,1.0,0.0,0.96974,1.0,0.75,0.01807,0.01143,0.0,0.0,0.99322,1.0,1.0,0.8,1.0,1.0,0.5,0.5,0.5,1.0,1.0,0.5,0.5,0.5,0.0,0.0,1.0,1.0,1.0,0.5,0.5,1.0,0.2,0.0,1.0,1.0,1.0,0.0,0.0
0.5,0.5,0.5,0.5,0.5,0.5,0.13434,0.4,0.2,0.0,0.5,0.0,0.0,0.64,0.0,0.0,1.0,1.0,1.0,1.0,1.0,0.5,0.0,0.32653,0.46647,0.0,0.67171,0.46863,0.25,0.0,0.97902,0.75,0.5,0.8,1.0,1.0,0.5,0.5,0.5,1.0,1.0,0.5,0.5,0.5,0.0,0.0,1.0,1.0,1.0,0.5,0.5,0.2,0.8,0.75,1.0,1.0,1.0,0.75,0.5
0.0,0.5,0.0,0.5,0.4,0.5,0.11384,0.4,0.23333,0.0,0.5,0.0,1.0,0.64,0.0,0.0,1.0,1.0,1.0,1.0,1.0,1.0,0.0,0.32653,0.46647,0.0,0.56921,0.39026,0.25,0.0,0.9794,1.0,1.0,0.8,1.0,1.0,0.5,0.5,0.5,1.0,1.0,0.5,0.5,0.5,0.0,0.0,1.0,1.0,1.0,0.5,0.5,0.2,0.8,0.75,0.0,1.0,1.0,0.75,1.0
0.0,0.5,0.0,0.5,0.4,0.5,0.10003,0.4,0.26667,0.0,0.5,0.0,1.0,0.6,0.0,0.0,1.0,1.0,1.0,1.0,1.0,1.0,0.0,0.32653,0.46647,0.0,0.50013,0.34029,0.25,0.0,0.9806,1.0,1.0,0.8,1.0,1.0,0.5,0.5,0.5,1.0,1.0,0.5,0.5,0.5,0.0,0.0,1.0,1.0,1.0,0.5,0.5,0.2,0.8,0.75,0.0,1.0,1.0,0.75,1.0
0.0,0.5,0.0,0.5,0.4,0.5,0.08362,0.4,0.3,0.0,0.5,0.0,1.0,0.64,0.0,1.0,0.0,1.0,1.0,1.0,1.0,1.0,0.0,0.32653,0.46647,0.0,0.41809,0.27434,0.25,0.0,0.98121,1.0,1.0,0.8,1.0,1.0,0.5,0.5,0.5,1.0,1.0,0.5,0.5,0.5,0.0,0.0,1.0,1.0,1.0,0.5,0.5,0.6,0.6,0.5,1.0,1.0,1.0,0.75,1.0
0.0,0.0,0.0,0.0,0.4,0.4,0.04722,0.4,0.53333,0.0,0.5,0.0,0.0,0.36,0.0,0.98236,0.0,1.0,1.0,1.0,1.0,0.4,1.0,0.77775,1.0,1.0,0.19151,0.14871,0.0,0.0,0.99075,1.0,0.75,0.8,1.0,1.0,0.5,0.5,0.5,1.0,1.0,0.5,0.5,0.5,0.0,0.0,1.0,1.0,1.0,0.5,0.5,1.0,0.2,0.0,1.0,1.0,1.0,0.0,0.25
0.5,0.5,0.5,0.5,0.5,0.5,0.15152,0.4,0.33333,0.0,0.5,0.0,0.0,0.2,0.04,0.0,0.99204,1.0,0.9,1.0,1.0,0.5,1.0,0.72425,1.0,0.25,0.79197,0.65559,0.0,0.0,0.5,1.0,0.5,0.8,1.0,1.0,0.5,0.5,0.5,1.0,1.0,0.5,0.5,0.5,0.0,0.0,1.0,1.0,1.0,1.0,1.0,0.2,0.4,1.0,0.0,1.0,1.0,1.0,0.5
0.0,0.5,0.0,0.5,0.4,0.5,0.12265,0.4,0.36667,0.0,0.5,0.0,1.0,0.2,0.04,0.0,0.99627,1.0,0.9,1.0,1.0,1.0,0.0,0.71137,1.0,0.25,0.68872,0.52522,0.0,0.0,0.5,1.0,0.5,0.8,1.0,1.0,0.5,0.5,0.5,1.0,1.0,0.5,0.5,0.5,0.0,0.0,1.0,1.0,1.0,1.0,1.0,0.2,0.4,1.0,0.0,1.0,1.0,0.0,1.0
0.0,0.5,0.0,0.5,0.4,0.5,0.09659,0.4,0.4,0.0,0.5,0.0,1.0,0.24,0.04,0.0,0.97838,1.0,0.9,1.0,1.0,1.0,1.0,0.71823,1.0,0.25,0.54668,0.37616,0.0,0.0,0.5,1.0,1.0,0.8,1.0,1.0,0.5,0.5,0.5,1.0,1.0,0.5,0.5,0.5,0.0,0.0,1.0,1.0,1.0,1.0,1.0,0.2,0.4,1.0,0.0,1.0,1.0,1.0,1.0
0.5,0.5,0.5,0.5,0.5,0.5,0.24201,0.8,0.06667,0.0,0.5,0.0,0.0,0.2,0.0,0.5,0.5,1.0,1.0,1.0,1.0,0.5,1.0,0.6651,0.95015,0.25,1.0,1.0,1.0,1.0,1.0,0.75,0.5,0.8,1.0,1.0,0.5,0.5,0.5,1.0,1.0,0.5,0.5,0.5,0.5,0.5,1.0,1.0,1.0,0.5,0.5,0.5,0.4,1.0,1.0,1.0,1.0,0.0,0.5
0.0,0.5,0.0,0.5,0.8,0.5,0.21693,0.8,0.1,0.0,0.5,0.0,1.0,0.24,0.0,0.0,0.96376,0.9,1.0,1.0,1.0,0.9,1.0,0.78884,1.0,0.25,1.0,1.0,1.0,1.0,0.66667,1.0,0.75,0.8,1.0,1.0,0.5,0.5,0.5,1.0,1.0,0.5,0.5,0.5,0.0,0.0,1.0,1.0,1.0,0.5,0.5,0.2,0.6,1.0,0.5,1.0,1.0,0.5,0.75
0.0,0.5,0.0,0.5,0.8,0.5,0.17897,0.8,0.13333,0.0,0.5,0.0,1.0,0.28,0.0,0.0,0.91498,1.0,0.8,1.0,1.0,1.0,1.0,0.79851,1.0,0.25,1.0,1.0,1.0,0.0,0.44444,1.0,1.0,0.8,1.0,1.0,0.5,0.5,0.5,1.0,1.0,0.5,0.5,0.5,0.0,0.0,1.0,1.0,1.0,0.5,0.5,0.2,0.4,0.5,0.0,1.0,1.0,1.0,1.0
0.0,0.0,0.0,0.0,0.2,0.2,0.14382,0.2,0.2,0.0,0.5,0.0,0.0,0.28,0.0,0.0,0.97566,1.0,0.8,1.0,1.0,0.8,0.0,0.75773,1.0,0.5,0.60566,0.43437,0.0,1.0,1.0,1.0,0.25,0.8,1.0,1.0,0.5,0.5,0.5,1.0,1.0,0.5,0.5,0.5,0.0,0.0,1.0,1.0,1.0,0.5,0.5,0.2,0.4,1.0,1.0,1.0,1.0,0.0,1.0
0.5,0.5,0.5,0.5,0.5,0.5,0.17076,0.6,0.6,0.0,0.5,0.0,0.0,0.4,0.0,0.0,0.99429,1.0,1.0,1.0,1.0,0.5,1.0,0.86008,1.0,0.0,0.78911,0.50476,0.5,0.0,1.0,1.0,0.5,0.8,1.0,1.0,0.5,0.5,0.5,1.0,1.0,0.5,0.5,0.5,0.0,0.0,1.0,1.0,1.0,0.5,0.5,0.2,0.6,1.0,0.5,1.0,1.0,0.0,0.5
0.0,1.0,0.0,1.0,0.4,0.6,0.27748,0.8,0.7,0.0,0.5,0.0,0.0,0.4,0.0,0.0,0.98529,1.0,1.0,1.0,1.0,1.0,1.0,0.96556,1.0,0.0,1.0,1.0,1.0,0.0,1.0,1.0,1.0,0.8,1.0,1.0,0.5,0.5,0.5,1.0,1.0,0.5,0.5,0.5,0.0,0.0,1.0,1.0,1.0,0.5,0.5,0.2,0.6,1.0,1.0,1.0,1.0,0.0,1.0
0.0,0.0,0.0,0.0,0.6,0.6,0.2619,0.6,0.76667,0.0,0.5,0.0,0.0,0.4,0.0,0.0,0.98951,1.0,1.0,1.0,1.0,1.0,0.0,0.97434,1.0,0.0,1.0,0.92454,0.5,0.0,1.0,1.0,1.0,0.8,1.0,1.0,0.5,0.5,0.5,1.0,1.0,0.5,0.5,0.5,0.0,0.0,1.0,1.0,1.0,0.5,0.5,0.2,0.6,1.0,1.0,1.0,1.0,0.0,1.0
0.0,0.5,0.0,0.5,0.6,0.5,0.23388,0.6,0.8,0.0,0.5,0.0,1.0,0.4,0.0,0.0,0.98522,1.0,1.0,1.0,1.0,1.0,0.0,0.93575,1.0,0.0,0.97066,0.81987,0.5,0.0,1.0,1.0,1.0,0.8,1.0,1.0,0.5,0.5,0.5,1.0,1.0,0.5,0.5,0.5,0.0,0.0,1.0,1.0,1.0,0.5,0.5,0.2,0.6,1.0,0.5,1.0,1.0,1.0,1.0
0.0,0.5,0.0,0.5,0.4,0.5,0.19492,0.4,0.83333,0.0,0.5,0.0,1.0,0.4,0.0,0.0,0.98329,1.0,1.0,1.0,1.0,1.0,0.0,0.90245,1.0,0.0,0.79558,0.56936,0.0,0.0,1.0,1.0,1.0,0.8,1.0,1.0,0.5,0.5,0.5,1.0,1.0,0.5,0.5,0.5,0.0,0.0,1.0,1.0,1.0,0.5,0.5,0.2,0.6,1.0,0.0,1.0,1.0,1.0,1.0
1.0,0.5,1.0,0.5,0.4,0.5,0.19983,0.4,0.86667,0.0,0.5,0.0,1.0,0.4,0.0,0.0,0.9842,1.0,1.0,1.0,1.0,1.0,0.0,0.86347,1.0,0.0,0.79982,0.62375,0.0,0.0,1.0,1.0,1.0,0.8,1.0,1.0,0.5,0.5,0.5,1.0,1.0,0.5,0.5,0.5,0.0,0.0,1.0,1.0,1.0,0.5,0.5,0.2,0.6,1.0,0.5,1.0,1.0,1.0,1.0
1.0,1.0,1.0,1.0,0.4,0.8,0.23848,0.8,0.93333,0.0,0.5,0.0,0.0,0.4,0.0,0.0,0.97935,1.0,1.0,1.0,1.0,1.0,0.0,0.79957,1.0,0.0,0.92425,0.72377,0.5,0.0,1.0,1.0,1.0,0.8,1.0,1.0,0.5,0.5,0.5,1.0,1.0,0.5,0.5,0.5,0.0,0.0,1.0,1.0,1.0,0.5,0.5,0.2,0.6,1.0,1.0,1.0,1.0,0.0,1.0
0.0,0.5,0.0,0.5,0.8,0.5,0.21754,0.8,0.96667,0.0,0.5,0.0,1.0,0.4,0.0,0.0,0.98177,1.0,1.0,1.0,1.0,1.0,0.0,0.77847,1.0,0.0,0.83413,0.60349,0.5,0.0,1.0,1.0,1.0,0.8,1.0,1.0,0.5,0.5,0.5,1.0,1.0,0.5,0.5,0.5,0.0,0.0,1.0,1.0,1.0,0.5,0.5,0.2,0.6,1.0,0.5,1.0,1.0,1.0,1.0
0.5,0.5,0.5,0.5,0.5,0.5,0.10326,0.6,0.5,0.0,0.5,0.0,0.0,0.24,0.04,0.0,0.9941,1.0,0.6,1.0,1.0,0.5,1.0,0.77393,1.0,0.25,0.60517,0.27577,0.5,0.0,0.60153,1.0,0.5,0.8,1.0,1.0,0.5,0.5,0.5,1.0,1.0,0.5,0.5,0.5,0.0,0.0,1.0,1.0,1.0,0.5,0.5,0.7,0.4,0.5,0.0,1.0,1.0,0.5,0.5
0.5,0.5,0.5,0.5,0.5,0.5,0.2373,0.8,0.4,0.0,0.5,0.0,0.0,0.52,0.04,0.78343,0.0,1.0,1.0,1.0,1.0,0.5,1.0,0.83538,1.0,0.0,1.0,1.0,1.0,0.0,0.99042,1.0,0.5,0.8,1.0,1.0,0.5,0.5,0.5,1.0,1.0,0.5,0.5,0.5,0.0,0.0,1.0,1.0,1.0,0.5,0.5,0.2,0.6,1.0,0.0,1.0,1.0,1.0,0.5
0.0,1.0,0.0,1.0,0.6,0.6,0.28694,1.0,0.73333,0.0,0.5,0.0,0.0,0.52,0.04,0.0,0.99678,0.9,1.0,1.0,1.0,0.9,0.0,0.85088,1.0,0.0,1.0,1.0,1.0,0.0,0.98933,1.0,1.0,0.8,1.0,1.0,0.5,0.5,0.5,1.0,1.0,0.5,0.5,0.5,0.0,0.0,1.0,1.0,1.0,0.5,0.5,0.2,0.6,1.0,1.0,1.0,1.0,1.0,1.0
0.0,0.5,0.0,0.5,0.8,0.5,0.27011,0.8,0.76667,0.0,0.5,0.0,1.0,0.52,0.04,0.0,0.99341,1.0,1.0,1.0,1.0,1.0,0.0,0.82125,1.0,0.0,1.0,0.95983,0.5,0.0,0.98729,1.0,1.0,0.8,1.0,1.0,0.5,0.5,0.5,1.0,1.0,0.5,0.5,0.5,0.0,0.0,1.0,1.0,1.0,0.5,0.5,0.2,0.6,1.0,0.5,1.0,1.0,1.0,1.0
0.0,0.5,0.0,0.5,0.8,0.5,0.25836,0.8,0.8,0.0,0.5,0.0,1.0,0.52,0.04,0.0,0.99198,1.0,1.0,1.0,1.0,1.0,0.0,0.79034,1.0,0.0,0.99662,0.87289,0.5,0.0,0.98474,1.0,1.0,0.8,1.0,1.0,0.5,0.5,0.5,1.0,1.0,0.5,0.5,0.5,0.0,0.0,1.0,1.0,1.0,0.5,0.5,0.2,0.6,1.0,0.5,1.0,1.0,1.0,1.0
0.0,0.5,0.0,0.5,0.8,0.5,0.24914,0.8,0.83333,0.0,0.5,0.0,1.0,0.52,0.04,0.0,0.99248,1.0,1.0,1.0,1.0,1.0,0.0,0.49719,0.71027,0.25,1.0,1.0,1.0,0.0,0.99674,1.0,0.75,0.8,1.0,1.0,0.5,0.5,0.5,1.0,1.0,0.5,0.5,0.5,0.0,0.0,1.0,1.0,1.0,0.5,0.5,0.2,0.4,1.0,0.0,1.0,1.0,1.0,1.0
1.0,1.0,0.0,1.0,0.6,1.0,0.28377,1.0,0.9,0.0,0.5,0.0,0.0,0.52,0.04,0.0,0.99365,1.0,1.0,1.0,1.0,1.0,0.0,0.71365,1.0,0.0,1.0,1.0,1.0,0.0,0.98585,1.0,0.75,0.8,1.0,1.0,0.5,0.5,0.5,1.0,1.0,0.5,0.5,0.5,0.0,0.0,1.0,1.0,1.0,0.5,0.5,0.2,0.6,1.0,1.0,1.0,1.0,0.0,1.0
0.0,0.5,0.0,0.5,0.8,0.5,0.27023,0.8,0.93333,0.0,0.5,0.0,1.0,0.52,0.04,0.0,0.99234,1.0,1.0,1.0,1.0,1.0,0.0,0.6905,0.98644,0.0,0.99066,0.91425,0.5,0.0,0.98476,1.0,1.0,0.8,1.0,1.0,0.5,0.5,0.5,1.0,1.0,0.5,0.5,0.5,0.0,0.0,1.0,1.0,1.0,0.5,0.5,0.2,0.6,1.0,1.0,1.0,1.0,1.0,1.0
0.0,1.0,0.0,1.0,0.8,0.8,0.30608,1.0,0.0,0.96774,0.5,0.0,0.0,0.52,0.04,0.0,0.99461,1.0,1.0,1.0,1.0,1.0,1.0,0.63523,0.90747,0.0,1.0,1.0,1.0,0.0,0.9852,1.0,1.0,0.8,1.0,1.0,0.5,0.5,0.5,1.0,1.0,0.5,0.5,0.5,0.0,0.0,1.0,1.0,1.0,0.5,0.5,0.2,0.6,1.0,1.0,1.0,1.0,1.0,1.0
0.5,0.5,0.5,0.5,0.5,0.5,0.06425,0.2,0.33333,0.0,0.5,0.0,0.0,0.56,0.0,0.0,0.98158,1.0,1.0,1.0,1.0,0.5,1.0,0.88371,1.0,0.25,0.43181,0.30944,0.0,0.0,0.95448,1.0,0.5,0.8,1.0,1.0,0.5,0.5,0.5,1.0,1.0,0.5,0.5,0.5,0.0,0.0,1.0,1.0,1.0,0.5,0.5,0.2,0.8,1.0,1.0,1.0,1.0,0.0,0.5
1.0,0.5,1.0,0.5,0.2,0.5,0.07106,0.2,0.36667,0.0,0.5,0.0,1.0,0.64,0.0,0.96958,0.0,1.0,1.0,1.0,1.0,1.0,1.0,0.90618,1.0,0.25,0.46071,0.33883,0.0,1.0,0.9619,1.0,1.0,0.8,1.0,1.0,0.5,0.5,0.5,1.0,1.0,0.5,0.5,0.5,0.0,0.0,1.0,1.0,1.0,0.5,0.5,0.2,0.8,1.0,0.66667,1.0,1.0,1.0,1.0
0.0,0.0,0.0,0.0,0.2,0.2,0.05445,0.2,0.46667,0.0,0.5,0.0,0.0,0.64,0.0,0.99427,0.0,1.0,1.0,1.0,1.0,1.0,0.0,0.36693,0.52419,0.0,0.38526,0.24477,0.0,0.0,0.98701,1.0,0.75,0.8,1.0,1.0,0.5,0.5,0.5,1.0,1.0,0.5,0.5,0.5,0.0,0.0,1.0,1.0,1.0,0.5,0.5,0.2,0.6,1.0,0.5,1.0,1.0,1.0,1.0
1.0,0.5,1.0,0.5,0.2,0.5,0.05742,0.2,0.5,0.0,0.5,0.0,1.0,0.64,0.0,0.97796,0.0,1.0,1.0,1.0,1.0,1.0,1.0,0.3968,0.56686,0.0,0.39065,0.24841,0.0,1.0,0.98873,1.0,1.0,0.8,1.0,1.0,0.5,0.5,0.5,1.0,1.0,0.5,0.5,0.5,0.0,0.0,1.0,1.0,1.0,0.5,0.5,0.2,0.6,1.0,1.0,1.0,1.0,1.0,1.0
1.0,0.5,1.0,0.5,0.2,0.5,0.062,0.2,0.53333,0.0,0.5,0.0,1.0,0.64,0.0,0.98697,0.0,1.0,1.0,1.0,1.0,1.0,1.0,0.408,0.58285,0.0,0.41602,0.27354,0.0,0.0,0.99,1.0,1.0,0.8,1.0,1.0,0.5,0.5,0.5,1.0,1.0,0.5,0.5,0.5,0.0,0.0,1.0,1.0,1.0,0.5,0.5,0.2,0.6,1.0,0.5,1.0,1.0,1.0,1.0
0.0,1.0,0.0,0.0,0.2,0.2,0.05042,0.2,0.0,0.75,0.5,0.0,0.0,0.68,0.0,1.0,0.0,1.0,1.0,1.0,1.0,0.4,0.0,0.32653,0.46647,0.0,0.25211,0.17038,0.0,0.0,0.99806,1.0,0.5,0.8,1.0,1.0,0.5,0.5,0.5,1.0,1.0,0.5,0.5,0.5,0.0,0.0,1.0,1.0,1.0,0.5,0.5,0.2,0.6,0.5,1.0,1.0,1.0,0.0,1.0
0.5,0.5,0.5,0.5,0.5,0.5,0.29872,1.0,0.03333,0.0,0.5,0.0,0.0,0.2,0.0,0.5,0.5,0.5,0.5,0.5,0.5,0.5,0.5,0.0,0.0,0.75,1.0,1.0,1.0,0.0,0.0,0.5,0.5,0.8,1.0,1.0,0.5,0.5,0.5,1.0,1.0,0.5,0.5,0.5,0.5,0.5,1.0,0.5,0.5,0.5,0.5,0.3,0.8,1.0,1.0,1.0,1.0,0.5,0.5
0.5,0.5,0.5,0.5,0.5,0.5,0.30823,1.0,0.03333,0.0,0.5,0.0,0.0,0.2,0.0,0.5,0.5,0.5,0.5,0.5,0.5,0.5,0.5,0.0,0.0,0.75,1.0,1.0,1.0,0.0,0.0,0.5,0.5,0.8,1.0,1.0,0.5,0.5,0.5,1.0,1.0,0.5,0.5,0.5,0.5,0.5,1.0,0.5,0.5,0.5,0.5,0.3,0.8,1.0,1.0,1.0,1.0,0.5,0.5
0.0,0.0,0.0,0.0,1.0,1.0,0.45356,1.0,0.5,0.0,0.5,0.0,0.0,0.4,0.04,0.45334,0.0,0.8,0.8,0.8,1.0,0.9,1.0,0.96204,1.0,0.25,1.0,1.0,1.0,0.0,0.5,0.75,0.5,0.8,1.0,1.0,0.5,0.5,0.5,1.0,1.0,0.5,0.5,0.5,0.0,0.0,1.0,1.0,1.0,1.0,1.0,0.5,0.4,1.0,0.0,1.0,1.0,0.0,0.5
0.0,0.0,0.0,0.0,1.0,1.0,0.37792,1.0,0.63333,0.0,0.5,0.0,0.0,0.32,0.08,0.91841,0.0,0.8,1.0,1.0,1.0,1.0,0.0,0.95506,1.0,0.25,1.0,1.0,1.0,0.0,0.5,0.75,1.0,0.8,1.0,1.0,0.5,0.5,0.5,1.0,1.0,0.5,0.5,0.5,0.0,0.0,1.0,1.0,1.0,1.0,1.0,1.0,0.2,0.0,1.0,0.0,1.0,0.0,0.5
1.0,0.0,1.0,1.0,1.0,1.0,0.33538,0.8,0.0,0.96774,0.5,0.0,0.0,0.16,0.12,0.0,0.99968,1.0,1.0,0.9,1.0,0.9,1.0,0.79025,1.0,0.0,1.0,1.0,1.0,0.0,0.5,1.0,0.5,0.8,1.0,1.0,0.5,0.5,0.5,1.0,1.0,0.5,0.5,0.5,0.0,0.0,1.0,1.0,1.0,1.0,1.0,0.2,0.4,1.0,0.0,0.0,1.0,1.0,0.5
0.5,0.5,0.5,0.5,0.5,0.5,0.0377,0.2,0.46667,0.0,1.0,0.0,0.0,0.47,0.02,0.93949,0.0,1.0,1.0,1.0,1.0,0.5,0.0,0.72631,1.0,0.11111,0.43888,0.27306,0.25,0.0,0.96032,0.77778,0.5,0.8,1.0,1.0,0.5,0.5,0.5,1.0,1.0,0.5,0.5,0.5,0.0,0.0,1.0,1.0,1.0,0.19359,0.42857,0.2,0.5,1.0,0.25,1.0,1.0,1.0,0.5
0.0,0.5,0.0,0.5,0.2,0.5,0.03422,0.2,0.5,0.0,1.0,0.0,1.0,0.48,0.02,0.98322,0.0,1.0,1.0,1.0,1.0,1.0,0.0,0.72067,1.0,0.11111,0.4061,0.24619,0.25,0.0,0.95819,1.0,1.0,0.8,1.0,1.0,0.5,0.5,0.5,1.0,1.0,0.5,0.5,0.5,0.0,0.0,1.0,1.0,1.0,0.19359,0.42857,0.2,0.4,0.75,0.33333,1.0,1.0,1.0,1.0
0.0,0.5,0.0,0.5,0.2,0.5,0.0319,0.2,0.53333,0.0,1.0,0.0,1.0,0.45,0.04,0.98136,0.0,1.0,1.0,1.0,1.0,1.0,0.0,0.70942,1.0,0.11111,0.39083,0.2408,0.25,0.0,0.97312,1.0,0.77778,0.8,0.8,0.74797,0.54467,0.54467,0.54467,1.0,1.0,0.5,0.5,0.5,0.0,0.0,1.0,1.0,1.0,0.19359,0.42857,0.2,0.5,1.0,0.75,1.0,1.0,0.5,1.0
0.5,0.5,0.5,0.5,0.5,0.5,0.12755,0.9,0.03333,0.0,1.0,0.0,0.0,0.1,0.0,0.5,0.5,0.5,0.5,0.5,0.5,0.5,0.5,0.0,0.0,0.77778,1.0,0.91414,0.85714,0.0,0.0,0.5,0.5,0.8,1.0,1.0,0.5,0.5,0.5,1.0,1.0,0.5,0.5,0.5,0.5,0.5,1.0,0.5,0.5,0.5,0.5,0.2,0.8,1.0,1.0,1.0,1.0,0.5,0.5
0.5,0.5,0.5,0.5,0.5,0.5,0.1158,0.7,0.53333,0.0,1.0,0.0,0.0,0.15,0.04,0.95041,0.0,0.88889,1.0,0.62222,1.0,0.5,0.0,0.72098,1.0,0.55556,0.6235,0.45296,0.0,0.0,1.0,1.0,0.5,0.8,1.0,1.0,0.5,0.5,0.5,1.0,1.0,0.5,0.5,0.5,0.0,0.0,1.0,1.0,1.0,0.5,0.5,0.2,0.2,1.0,0.0,1.0,1.0,1.0,0.5
0.0,0.5,0.0,0.5,0.7,0.5,0.0893,0.7,0.56667,0.0,1.0,0.0,1.0,0.15,0.04,0.98854,0.0,1.0,1.0,0.62222,1.0,1.0,1.0,0.75375,1.0,0.55556,0.4461,0.28709,0.0,0.0,0.96757,1.0,1.0,0.8,1.0,1.0,0.5,0.5,0.5,1.0,1.0,0.5,0.5,0.5,0.0,0.0,1.0,1.0,1.0,0.5,0.5,0.2,0.2,1.0,0.0,1.0,1.0,1.0,1.0
0.0,0.5,0.0,0.5,0.6,0.5,0.06746,0.6,0.6,0.0,1.0,0.0,1.0,0.15,0.04,0.0,0.99397,1.0,1.0,0.82222,1.0,1.0,0.0,0.67023,0.95747,0.44444,0.70366,0.31786,0.5,0.0,0.93899,1.0,0.66667,0.8,1.0,1.0,0.5,0.5,0.5,1.0,1.0,0.5,0.5,0.5,0.0,0.0,1.0,1.0,1.0,0.5,0.5,0.3,0.3,1.0,0.5,0.0,1.0,0.0,1.0
0.5,0.5,0.5,0.5,0.5,0.5,0.09156,0.6,0.53333,0.0,1.0,0.0,0.0,0.1,0.07,0.98524,0.0,1.0,1.0,0.57778,1.0,0.5,1.0,0.9433,1.0,0.11111,0.55808,0.29177,0.33333,0.0,0.89437,1.0,0.5,0.8,1.0,1.0,0.5,0.5,0.5,1.0,1.0,0.5,0.5,0.5,0.0,0.0,1.0,1.0,1.0,1.0,0.25731,1.0,0.1,0.0,1.0,0.0,1.0,0.0,0.5
0.5,0.5,0.5,0.5,0.5,0.5,0.15517,0.9,0.03333,0.0,1.0,0.0,0.0,0.1,0.0,0.5,0.5,0.5,0.5,0.5,0.5,0.5,0.5,0.0,0.0,0.66667,1.0,1.0,1.0,0.0,0.0,0.5,0.5,0.8,1.0,1.0,0.5,0.5,0.5,1.0,1.0,0.5,0.5,0.5,0.5,0.5,1.0,0.5,0.5,0.5,0.5,0.4,0.6,0.83333,1.0,1.0,1.0,0.5,0.5
0.0,1.0,0.0,1.0,0.8,1.0,0.18075,0.9,0.46667,0.0,1.0,0.0,0.0,0.15,0.04,0.0,0.95575,1.0,0.71111,0.73333,1.0,0.66667,0.0,0.65731,0.93902,0.11111,1.0,1.0,1.0,0.0,1.0,1.0,0.44444,0.8,1.0,1.0,0.5,0.5,0.5,1.0,1.0,0.5,0.5,0.5,0.0,0.0,1.0,1.0,1.0,1.0,0.24032,0.25,0.2,1.0,1.0,1.0,1.0,0.0,0.66667
0.0,0.5,0.0,0.5,0.7,0.5,0.14782,0.7,0.5,0.0,1.0,0.0,1.0,0.15,0.04,0.0,0.97396,1.0,0.68889,0.73333,1.0,1.0,1.0,0.67135,0.95907,0.11111,0.92355,0.85796,0.0,0.0,0.86534,1.0,0.77778,0.8,1.0,1.0,0.5,0.5,0.5,1.0,1.0,0.5,0.5,0.5,0.0,0.0,1.0,1.0,1.0,1.0,0.24032,0.2,0.2,1.0,1.0,1.0,1.0,0.0,0.55556
0.0,0.0,0.0,0.0,0.5,0.5,0.07951,0.5,0.56667,0.0,1.0,0.0,0.0,0.16,0.05,0.98099,0.0,1.0,1.0,0.8,1.0,0.97778,1.0,0.78504,1.0,0.11111,0.48759,0.36184,0.0,0.0,0.64527,0.77778,0.88889,0.05,0.9,0.80117,0.20812,0.5,0.20812,1.0,1.0,0.5,0.5,0.5,0.0,0.0,1.0,1.0,1.0,1.0,0.24032,1.0,0.1,0.0,1.0,0.0,1.0,0.5,1.0
0.0,0.5,0.0,0.5,0.5,0.5,0.07211,0.5,0.6,0.0,1.0,0.0,1.0,0.15,0.05,0.97826,0.0,1.0,1.0,0.8,1.0,1.0,1.0,0.78945,1.0,0.11111,0.44055,0.33478,0.0,0.0,0.64245,1.0,1.0,0.25,0.8,0.94748,1.0,1.0,1.0,1.0,1.0,0.5,0.5,0.5,0.0,0.0,1.0,1.0,1.0,1.0,0.24032,1.0,0.1,0.0,1.0,0.0,1.0,0.0,0.44444
0.5,0.5,0.5,0.5,0.5,0.5,0.15147,0.9,0.06667,0.0,1.0,0.0,0.0,0.34,0.0,0.5,0.5,0.2,0.8,1.0,1.0,0.5,1.0,0.66025,0.94322,0.11111,0.98051,0.96177,0.0,0.0,1.0,1.0,0.5,0.8,1.0,1.0,0.5,0.5,0.5,1.0,1.0,0.5,0.5,0.5,0.5,0.5,1.0,1.0,1.0,0.5,0.5,0.2,0.2,1.0,1.0,1.0,1.0,0.0,0.5
1.0,0.5,0.0,0.5,0.9,0.5,0.14796,0.9,0.1,0.0,1.0,0.0,1.0,0.5,0.0,0.0,1.0,0.8,1.0,1.0,1.0,0.8,1.0,0.70082,1.0,0.22222,1.0,0.93313,0.85714,0.0,0.93797,1.0,0.33333,0.8,1.0,1.0,0.5,0.5,0.5,1.0,1.0,0.5,0.5,0.5,0.0,0.0,1.0,1.0,1.0,0.5,0.5,0.2,0.8,1.0,0.85714,1.0,1.0,0.14286,1.0
0.0,1.0,0.0,0.0,0.8,0.8,0.1089,0.5,0.36667,0.0,1.0,0.0,0.0,0.63,0.0,0.0,1.0,1.0,1.0,1.0,1.0,1.0,0.0,0.32653,0.46647,0.0,1.0,0.66299,0.44444,0.0,0.96017,0.88889,0.77778,0.8,1.0,1.0,0.5,0.5,0.5,1.0,1.0,0.5,0.5,0.5,0.0,0.0,1.0,1.0,1.0,0.5,0.5,0.2,1.0,1.0,0.66667,1.0,1.0,0.33333,1.0
0.0,0.5,0.0,0.5,0.5,0.5,0.10046,0.5,0.4,0.0,1.0,0.0,1.0,0.64,0.0,0.0,1.0,1.0,1.0,1.0,1.0,1.0,0.0,0.32653,0.46647,0.0,1.0,0.63871,0.44444,0.0,0.96139,1.0,1.0,0.8,1.0,1.0,0.5,0.5,0.5,1.0,1.0,0.5,0.5,0.5,0.0,0.0,1.0,1.0,1.0,0.5,0.5,0.2,0.9,0.88889,0.25,1.0,1.0,1.0,1.0
0.0,0.5,0.0,0.5,0.5,0.5,0.09394,0.5,0.43333,0.0,1.0,0.0,1.0,0.69,0.0,1.0,0.0,1.0,1.0,1.0,1.0,1.0,0.0,0.32653,0.46647,0.0,0.9394,0.6089,0.44444,0.0,0.96467,1.0,1.0,0.8,1.0,1.0,0.5,0.5,0.5,1.0,1.0,0.5,0.5,0.5,0.0,0.0,1.0,1.0,1.0,0.5,0.5,0.2,1.0,1.0,0.11111,1.0,1.0,0.88889,1.0
1.0,0.5,0.0,0.5,0.4,0.5,0.08912,0.4,0.46667,0.0,1.0,0.0,1.0,0.69,0.0,1.0,0.0,1.0,1.0,1.0,1.0,1.0,0.0,0.32653,0.46647,0.0,0.89121,0.57037,0.33333,0.0,0.9672,1.0,1.0,0.8,1.0,1.0,0.5,0.5,0.5,1.0,1.0,0.5,0.5,0.5,0.0,0.0,1.0,1.0,1.0,0.5,0.5,0.2,0.9,0.88889,0.375,1.0,1.0,1.0,1.0
0.5,0.5,0.5,0.5,0.5,0.5,0.10806,0.6,0.06667,0.0,1.0,0.0,0.0,0.14,0.0,0.5,0.5,0.93333,0.93333,1.0,1.0,0.5,1.0,0.59535,0.8505,0.11111,1.0,1.0,1.0,1.0,0.5625,0.77778,0.5,0.8,1.0,1.0,0.5,0.5,0.5,1.0,1.0,0.5,0.5,0.5,0.5,0.5,1.0,1.0,1.0,0.5,0.5,0.3,0.4,1.0,0.33333,1.0,1.0,0.66667,0.5
0.0,0.0,0.0,0.0,0.5,0.5,0.07002,0.3,0.26667,0.0,1.0,0.0,0.0,0.11,0.01,0.90746,0.0,0.95556,1.0,1.0,1.0,0.91111,1.0,0.68962,0.98517,0.11111,0.55499,0.39757,0.0,0.0,0.66667,0.88889,0.44444,0.8,1.0,1.0,0.5,0.5,0.5,1.0,1.0,0.5,0.5,0.5,0.0,0.0,1.0,1.0,1.0,1.0,0.91697,0.2,0.3,1.0,0.5,1.0,1.0,0.5,0.44444
0.5,0.5,0.5,0.5,0.5,0.5,0.07591,0.3,0.2,0.0,1.0,0.0,0.0,0.56,0.0,0.92021,0.0,1.0,1.0,1.0,1.0,0.5,0.0,0.61271,0.8753,0.11111,1.0,0.95443,0.33333,0.0,0.97563,1.0,0.5,0.8,1.0,1.0,0.5,0.5,0.5,1.0,1.0,0.5,0.5,0.5,0.0,0.0,1.0,1.0,1.0,0.5,0.5,0.2,0.4,1.0,0.0,1.0,1.0,1.0,0.5
0.0,0.5,0.0,0.5,0.3,0.5,0.0649,0.3,0.23333,0.0,1.0,0.0,1.0,0.55,0.0,0.93038,0.0,1.0,1.0,1.0,1.0,1.0,0.0,0.60861,0.86945,0.11111,0.96056,0.78998,0.33333,0.0,0.95372,1.0,1.0,0.8,1.0,1.0,0.5,0.5,0.5,1.0,1.0,0.5,0.5,0.5,0.0,0.0,1.0,1.0,1.0,0.5,0.5,0.2,0.3,0.66667,0.0,1.0,1.0,1.0,1.0
0.0,0.5,0.0,0.5,0.3,0.5,0.05742,0.3,0.26667,0.0,1.0,0.0,1.0,0.56,0.0,0.96155,0.0,1.0,1.0,1.0,1.0,1.0,0.0,0.60379,0.86256,0.11111,0.87965,0.7451,0.33333,0.0,0.84864,1.0,1.0,0.8,1.0,1.0,0.5,0.5,0.5,1.0,1.0,0.5,0.5,0.5,0.0,0.0,1.0,1.0,1.0,0.5,0.5,0.2,0.2,0.33333,0.0,1.0,1.0,0.66667,1.0
0.0,1.0,0.0,1.0,0.2,0.3,0.05753,0.3,0.33333,0.0,1.0,0.0,0.0,0.5,0.0,0.97659,0.0,1.0,1.0,1.0,1.0,1.0,0.0,0.5891,0.84157,0.11111,0.95432,0.86701,0.33333,0.0,0.80708,1.0,1.0,0.8,1.0,1.0,0.5,0.5,0.5,1.0,1.0,0.5,0.5,0.5,0.0,0.0,1.0,1.0,1.0,0.5,0.5,0.2,0.2,0.33333,1.0,1.0,1.0,0.0,1.0
0.5,0.5,0.5,0.5,0.5,0.5,0.08164,0.3,0.26667,0.0,1.0,0.0,0.0,0.47,0.0,0.98552,0.0,1.0,0.86667,1.0,1.0,0.5,0.0,0.85249,1.0,0.22222,0.73711,0.54616,0.25,0.0,0.98519,0.77778,0.5,0.8,1.0,1.0,0.5,0.5,0.5,1.0,1.0,0.5,0.5,0.5,0.0,0.0,1.0,1.0,1.0,0.5,0.5,0.2,0.5,1.0,0.5,1.0,1.0,0.5,0.5
0.0,0.0,0.0,0.0,0.2,0.1,0.04353,0.1,0.43333,0.0,1.0,0.0,0.0,0.24,0.0,0.98049,0.0,1.0,1.0,1.0,1.0,1.0,0.0,0.65756,0.93938,0.44444,0.37323,0.23454,0.0,0.0,0.97094,1.0,0.77778,0.8,1.0,1.0,0.5,0.5,0.5,1.0,1.0,0.5,0.5,0.5,0.0,0.0,1.0,1.0,1.0,0.5,0.5,0.2,0.3,1.0,0.0,1.0,1.0,1.0,1.0
0.0,0.0,0.0,0.0,0.1,0.1,0.00311,0.2,0.96667,0.0,1.0,0.0,0.0,0.1,0.02,0.0,0.9917,0.93333,1.0,0.93333,1.0,0.64444,1.0,0.61462,0.87803,0.11111,0.04934,0.02237,0.33333,0.0,0.91851,1.0,0.44444,0.0,0.9,0.80854,0.27628,0.5,0.05526,1.0,1.0,0.5,0.5,0.5,0.0,0.0,1.0,1.0,1.0,0.0,0.04513,1.0,0.1,0.0,1.0,1.0,1.0,0.0,1.0
0.5,0.5,0.5,0.5,0.5,0.5,0.00087,0.2,0.8,0.0,1.0,0.0,0.0,0.17,0.01,0.0,0.9858,1.0,0.95556,1.0,1.0,0.5,1.0,0.69914,0.99878,0.11111,0.00839,0.0034,0.0,0.0,0.89859,1.0,0.5,0.0,1.0,1.0,0.5,0.5,0.5,1.0,1.0,0.5,0.5,0.5,0.0,0.0,1.0,1.0,1.0,0.5,0.5,1.0,0.1,0.0,1.0,1.0,1.0,0.0,0.5
0.0,0.0,0.0,0.0,0.2,0.2,0.00058,0.2,0.96667,0.0,1.0,0.0,0.0,0.16,0.01,0.0,0.98713,0.95556,0.97778,0.95556,1.0,0.95556,1.0,0.74494,1.0,0.11111,0.00458,0.00192,0.0,0.0,0.88371,1.0,0.77778,0.65,1.0,1.0,0.5,0.5,0.5,1.0,1.0,0.5,0.5,0.5,0.0,0.0,1.0,1.0,1.0,0.5,0.5,0.35,0.2,0.5,1.0,1.0,1.0,0.0,1.0
0.5,0.5,0.5,0.5,0.5,0.5,0.1878,1.0,0.03333,0.0,1.0,0.0,0.0,0.1,0.0,0.5,0.5,0.5,0.5,0.5,0.5,0.5,0.5,0.0,0.0,0.66667,1.0,1.0,1.0,0.0,0.0,0.5,0.5,0.8,1.0,1.0,0.5,0.5,0.5,1.0,1.0,0.5,0.5,0.5,0.5,0.5,1.0,0.5,0.5,0.5,0.5,0.2,0.7,1.0,1.0,1.0,1.0,0.5,0.5
0.0,0.0,0.0,0.0,0.9,0.9,0.25568,1.0,0.96667,0.0,1.0,0.0,0.0,0.13,0.02,0.0,0.98749,1.0,1.0,1.0,1.0,0.82222,0.0,0.75588,1.0,0.11111,1.0,1.0,1.0,0.0,0.97476,0.88889,0.55556,0.8,1.0,1.0,0.5,0.5,0.5,1.0,1.0,0.5,0.5,0.5,0.0,0.0,1.0,1.0,1.0,1.0,0.60488,0.2,0.3,1.0,0.0,1.0,1.0,0.5,1.0
0.0,0.5,0.0,0.5,1.0,0.5,0.22759,1.0,1.0,0.0,1.0,0.0,1.0,0.14,0.02,0.0,0.98677,1.0,1.0,1.0,1.0,1.0,0.0,0.75485,1.0,0.11111,1.0,1.0,1.0,0.0,0.96774,1.0,1.0,0.8,1.0,1.0,0.5,0.5,0.5,1.0,1.0,0.5,0.5,0.5,0.0,0.0,1.0,1.0,1.0,1.0,0.60488,0.2,0.3,1.0,0.0,1.0,1.0,1.0,1.0
0.0,0.5,0.0,0.5,1.0,0.5,0.20596,1.0,0.0,0.96774,1.0,0.0,1.0,0.14,0.02,0.0,0.98961,1.0,0.95556,1.0,1.0,1.0,1.0,0.9409,1.0,0.22222,1.0,1.0,1.0,0.0,0.9802,1.0,0.66667,0.8,1.0,1.0,0.5,0.5,0.5,1.0,1.0,0.5,0.5,0.5,0.0,0.0,1.0,1.0,1.0,1.0,0.60488,0.2,0.3,0.66667,0.0,1.0,1.0,0.33333,1.0
0.0,0.5,0.0,0.5,0.9,0.5,0.19336,0.9,0.0,0.9375,1.0,0.0,1.0,0.16,0.02,0.0,0.98569,1.0,1.0,1.0,1.0,1.0,0.0,0.93845,1.0,0.22222,1.0,0.99881,0.66667,0.0,0.97785,1.0,1.0,0.8,1.0,1.0,0.5,0.5,0.5,1.0,1.0,0.5,0.5,0.5,0.0,0.0,1.0,1.0,1.0,1.0,0.60488,0.2,0.3,0.66667,0.0,1.0,1.0,0.66667,1.0
0.5,0.5,0.5,0.5,0.5,0.5,0.1773,0.9,0.03333,0.0,1.0,0.0,0.0,0.1,0.0,0.5,0.5,0.5,0.5,0.5,0.5,0.5,0.5,0.0,0.0,0.55556,1.0,0.99474,0.8,0.0,0.0,0.5,0.5,0.8,1.0,1.0,0.5,0.5,0.5,1.0,1.0,0.5,0.5,0.5,0.5,0.5,1.0,0.5,0.5,0.5,0.5,0.2,0.6,1.0,1.0,1.0,1.0,0.5,0.5
1.0,1.0,1.0,1.0,1.0,1.0,0.25939,1.0,0.16667,0.0,1.0,0.0,0.0,0.46,0.01,0.57782,0.0,1.0,1.0,1.0,1.0,0.53333,0.0,0.96398,1.0,0.11111,1.0,1.0,1.0,0.0,1.0,1.0,0.66667,0.8,1.0,1.0,0.5,0.5,0.5,1.0,1.0,0.5,0.5,0.5,0.0,0.0,1.0,1.0,1.0,1.0,0.53071,0.2,0.5,1.0,1.0,1.0,1.0,0.0,1.0
0.0,0.0,0.0,0.0,1.0,1.0,0.20101,1.0,0.43333,0.0,1.0,0.0,0.0,0.31,0.03,0.0,0.95756,1.0,1.0,0.77778,1.0,0.8,0.0,0.89257,1.0,0.11111,1.0,1.0,1.0,0.0,1.0,1.0,0.88889,0.8,1.0,1.0,0.5,0.5,0.5,1.0,1.0,0.5,0.5,0.5,0.0,0.0,1.0,1.0,1.0,1.0,0.6375,0.2,0.3,0.66667,0.5,1.0,1.0,0.0,1.0
0.0,0.5,0.0,0.5,0.8,0.5,0.15682,0.8,0.46667,0.0,1.0,0.0,1.0,0.37,0.03,0.0,0.96248,1.0,1.0,0.8,1.0,1.0,0.0,0.87524,1.0,0.11111,1.0,0.83887,0.33333,0.0,1.0,1.0,1.0,0.8,1.0,1.0,0.5,0.5,0.5,1.0,1.0,0.5,0.5,0.5,0.0,0.0,1.0,1.0,1.0,1.0,0.6375,0.2,0.3,0.66667,0.0,1.0,1.0,0.66667,1.0
0.0,0.0,0.0,0.0,0.6,0.7,0.11299,0.6,0.56667,0.0,1.0,0.0,0.0,0.37,0.03,0.96841,0.0,1.0,1.0,0.68889,1.0,0.64444,0.0,0.55676,0.79537,0.11111,1.0,1.0,1.0,0.0,1.0,0.77778,0.55556,0.8,1.0,1.0,0.5,0.5,0.5,1.0,1.0,0.5,0.5,0.5,0.0,0.0,1.0,1.0,1.0,1.0,0.6375,0.55,0.2,1.0,1.0,1.0,1.0,0.0,1.0
0.0,0.0,0.0,0.0,0.6,0.6,0.09572,0.6,0.63333,0.0,1.0,0.0,0.0,0.37,0.02,0.97295,0.0,0.73333,1.0,0.77778,1.0,0.73333,1.0,0.85007,1.0,0.11111,1.0,0.721,0.6,0.0,0.98385,0.33333,0.55556,0.8,1.0,1.0,0.5,0.5,0.5,1.0,1.0,0.5,0.5,0.5,0.0,0.0,1.0,1.0,1.0,1.0,0.6375,0.2,0.3,0.4,0.5,1.0,1.0,0.2,0.66667
0.5,0.5,0.5,0.5,0.5,0.5,0.00125,0.1,0.33333,0.0,1.0,0.0,0.0,0.33,0.0,0.97702,0.0,0.53333,1.0,1.0,1.0,0.5,1.0,0.93978,1.0,0.0,0.01293,0.0054,0.0,0.0,0.9568,1.0,0.5,0.8,1.0,1.0,0.5,0.5,0.5,1.0,1.0,0.5,0.5,0.5,0.0,0.0,1.0,1.0,1.0,0.5,0.5,1.0,0.1,0.0,1.0,1.0,1.0,0.0,0.5
0.0,0.0,0.0,0.0,0.1,0.1,0.00106,0.1,0.4,0.0,1.0,0.0,0.0,0.33,0.0,0.99574,0.0,0.6,0.6,1.0,1.0,0.46667,0.0,0.78541,1.0,1.0,0.01059,0.00417,0.0,0.0,0.97929,1.0,0.66667,0.8,1.0,1.0,0.5,0.5,0.5,1.0,1.0,0.5,0.5,0.5,0.0,0.0,1.0,1.0,1.0,0.5,0.5,0.2,0.3,0.22222,0.5,1.0,1.0,0.0,0.11111
0.0,0.5,0.0,0.5,0.1,0.5,0.00083,0.1,0.43333,0.0,1.0,0.0,1.0,0.35,0.0,0.9896,0.0,0.6,0.93333,1.0,1.0,0.6,0.0,0.72854,1.0,0.33333,0.01038,0.00455,0.0,0.0,0.97744,1.0,0.33333,0.8,1.0,1.0,0.5,0.5,0.5,1.0,1.0,0.5,0.5,0.5,0.0,0.0,1.0,1.0,1.0,0.5,0.5,0.2,0.3,0.66667,0.0,1.0,1.0,0.66667,1.0
0.0,0.0,0.0,0.0,0.1,0.1,0.00055,0.1,0.5,0.0,1.0,0.0,0.0,0.33,0.0,0.0,0.97103,1.0,0.93333,1.0,1.0,1.0,1.0,0.99418,1.0,0.66667,0.00547,0.00207,0.0,0.0,0.97006,1.0,0.0,0.8,1.0,1.0,0.5,0.5,0.5,1.0,1.0,0.5,0.5,0.5,0.0,0.0,1.0,1.0,1.0,0.5,0.5,1.0,0.1,0.0,1.0,1.0,1.0,0.0,1.0
0.0,0.0,0.0,0.0,0.1,0.1,0.0004,0.1,0.63333,0.0,1.0,0.0,0.0,0.36,0.0,0.0,0.9861,1.0,1.0,1.0,1.0,1.0,1.0,0.99399,1.0,0.66667,0.00394,0.00146,0.0,0.0,0.97344,1.0,1.0,0.8,1.0,1.0,0.5,0.5,0.5,1.0,1.0,0.5,0.5,0.5,0.0,0.0,1.0,1.0,1.0,0.5,0.5,1.0,0.1,0.0,1.0,1.0,1.0,0.0,0.11111
0.0,0.0,0.0,0.0,0.1,0.1,0.00034,0.1,0.7,0.0,1.0,0.0,0.0,0.39,0.0,0.96659,0.0,1.0,1.0,1.0,1.0,1.0,0.0,0.99262,1.0,0.66667,0.0034,0.00153,0.0,0.0,0.97337,1.0,1.0,0.8,1.0,1.0,0.5,0.5,0.5,1.0,1.0,0.5,0.5,0.5,0.0,0.0,1.0,1.0,1.0,0.5,0.5,1.0,0.1,0.0,1.0,1.0,1.0,0.0,0.11111
0.0,0.0,0.0,0.0,0.1,0.1,0.00028,0.1,0.76667,0.0,1.0,0.0,0.0,0.36,0.0,0.98742,0.0,1.0,1.0,1.0,1.0,1.0,0.0,0.99511,1.0,0.66667,0.00276,0.00104,0.0,0.0,0.97725,1.0,1.0,0.8,1.0,1.0,0.5,0.5,0.5,1.0,1.0,0.5,0.5,0.5,0.0,0.0,1.0,1.0,1.0,0.5,0.5,1.0,0.1,0.0,1.0,1.0,1.0,0.0,0.11111
0.0,0.0,0.0,0.0,0.1,0.1,0.00023,0.1,0.83333,0.0,1.0,0.0,0.0,0.38,0.0,0.98146,0.0,1.0,1.0,1.0,1.0,1.0,0.0,0.9955,1.0,0.66667,0.0023,0.00102,0.0,0.0,0.97672,1.0,1.0,0.8,1.0,1.0,0.5,0.5,0.5,1.0,1.0,0.5,0.5,0.5,0.0,0.0,1.0,1.0,1.0,0.5,0.5,1.0,0.1,0.0,1.0,1.0,1.0,0.0,0.11111
0.0,0.0,0.0,0.0,0.1,0.1,0.00019,0.1,0.9,0.0,1.0,0.0,0.0,0.38,0.0,0.9962,0.0,1.0,1.0,1.0,1.0,1.0,0.0,0.98763,1.0,0.66667,0.00187,0.00073,0.0,0.0,0.97888,1.0,1.0,0.8,1.0,1.0,0.5,0.5,0.5,1.0,1.0,0.5,0.5,0.5,0.0,0.0,1.0,1.0,1.0,0.5,0.5,1.0,0.1,0.0,1.0,1.0,1.0,0.0,0.11111
0.0,0.0,0.0,0.0,0.1,0.1,0.00011,0.1,0.0,0.90909,1.0,0.0,0.0,0.38,0.0,0.0,0.99903,1.0,1.0,1.0,1.0,1.0,0.0,0.98733,1.0,0.66667,0.00104,0.00047,0.0,0.0,0.98495,1.0,1.0,0.8,1.0,1.0,0.5,0.5,0.5,1.0,1.0,0.5,0.5,0.5,0.0,0.0,1.0,1.0,1.0,0.5,0.5,1.0,0.1,0.0,1.0,1.0,1.0,0.0,0.22222
0.0,0.5,0.0,0.5,0.1,0.5,0.0001,0.1,0.0,0.88235,1.0,0.0,1.0,0.38,0.0,0.0,0.99925,1.0,1.0,1.0,1.0,1.0,0.0,0.9824,1.0,0.66667,0.00094,0.0004,0.0,0.0,0.98568,1.0,1.0,0.8,1.0,1.0,0.5,0.5,0.5,1.0,1.0,0.5,0.5,0.5,0.0,0.0,1.0,1.0,1.0,0.5,0.5,1.0,0.1,0.0,1.0,1.0,1.0,0.0,0.22222
0.0,0.5,0.0,0.5,0.1,0.5,9e-05,0.1,0.0,0.85714,1.0,0.0,1.0,0.38,0.0,0.0,0.99873,1.0,1.0,1.0,1.0,1.0,0.0,0.98184,1.0,0.66667,0.00085,0.00034,0.0,0.0,0.98665,1.0,1.0,0.8,1.0,1.0,0.5,0.5,0.5,1.0,1.0,0.5,0.5,0.5,0.0,0.0,1.0,1.0,1.0,0.5,0.5,1.0,0.1,0.0,1.0,1.0,1.0,0.0,0.22222
0.0,0.0,0.0,0.0,0.1,0.1,7e-05,0.1,0.0,0.78947,1.0,0.0,0.0,0.38,0.0,0.0,0.99808,1.0,1.0,1.0,1.0,1.0,0.0,0.98098,1.0,0.66667,0.00063,0.00027,0.0,0.0,0.98681,1.0,1.0,0.8,1.0,1.0,0.5,0.5,0.5,1.0,1.0,0.5,0.5,0.5,0.0,0.0,1.0,1.0,1.0,0.5,0.5,1.0,0.1,0.0,1.0,1.0,1.0,0.0,0.22222
0.0,0.5,0.0,0.5,0.1,0.5,6e-05,0.1,0.0,0.76923,1.0,0.0,1.0,0.37,0.0,0.0,0.99615,1.0,1.0,1.0,1.0,1.0,0.0,0.9806,1.0,0.66667,0.00057,0.00023,0.0,0.0,0.98801,1.0,1.0,0.8,1.0,1.0,0.5,0.5,0.5,1.0,1.0,0.5,0.5,0.5,0.0,0.0,1.0,1.0,1.0,0.5,0.5,1.0,0.1,0.0,1.0,1.0,1.0,0.0,0.22222
0.5,0.5,0.5,0.5,0.5,0.5,0.01341,0.1,0.13333,0.0,1.0,0.0,0.0,0.09,0.0,0.96291,0.0,0.91111,0.91111,1.0,1.0,0.5,1.0,0.59078,0.84397,0.33333,0.15453,0.08374,0.0,1.0,1.0,1.0,0.5,0.8,1.0,1.0,0.5,0.5,0.5,1.0,1.0,0.5,0.5,0.5,0.0,0.0,1.0,1.0,1.0,0.5,0.5,0.2,0.2,1.0,1.0,1.0,1.0,0.0,0.5
0.5,0.5,0.5,0.5,0.5,0.5,0.00104,0.1,0.1,0.0,1.0,0.0,0.0,0.15,0.01,0.52061,0.0,0.68889,1.0,1.0,1.0,0.5,1.0,0.89291,1.0,0.55556,0.01421,0.00462,0.0,0.0,0.87091,0.33333,0.5,0.0,0.9,0.78892,0.19892,0.5,0.07957,1.0,1.0,0.5,0.5,0.5,0.0,0.0,1.0,1.0,1.0,0.5,0.5,1.0,0.1,0.0,1.0,1.0,1.0,0.14286,0.5
0.5,0.5,0.5,0.5,0.5,0.5,0.03417,0.2,0.26667,0.0,1.0,0.0,0.0,0.32,0.01,0.75363,0.0,0.86667,0.86667,0.95556,1.0,0.5,0.0,0.89173,1.0,0.0,0.27744,0.21014,0.0,0.0,0.95909,1.0,0.5,0.8,1.0,1.0,0.5,0.5,0.5,1.0,1.0,0.5,0.5,0.5,0.0,0.0,1.0,1.0,1.0,0.5,0.5,0.2,0.6,1.0,0.0,1.0,1.0,1.0,0.5
0.0,0.5,0.0,0.5,0.2,0.5,0.02659,0.2,0.3,0.0,1.0,0.0,1.0,0.33,0.01,0.86732,0.0,1.0,1.0,0.95556,1.0,1.0,0.0,0.85221,1.0,0.11111,0.24521,0.14885,0.16667,0.0,0.93949,1.0,0.88889,0.8,1.0,1.0,0.5,0.5,0.5,1.0,1.0,0.5,0.5,0.5,0.0,0.0,1.0,1.0,1.0,0.5,0.5,0.25,0.5,0.66667,0.25,1.0,1.0,0.83333,1.0
1.0,0.5,0.0,0.5,0.2,0.5,0.02593,0.2,0.33333,0.0,1.0,0.0,1.0,0.34,0.01,0.94441,0.0,1.0,1.0,0.95556,1.0,1.0,0.0,0.8168,1.0,0.11111,0.23514,0.14671,0.16667,0.0,0.93789,1.0,1.0,0.8,1.0,1.0,0.5,0.5,0.5,1.0,1.0,0.5,0.5,0.5,0.0,0.0,1.0,1.0,1.0,0.5,0.5,0.35,0.3,0.33333,0.5,1.0,1.0,0.66667,0.33333
1.0,0.5,1.0,0.5,0.2,0.5,0.02695,0.2,0.36667,0.0,1.0,0.0,1.0,0.34,0.01,0.99537,0.0,1.0,0.86667,0.95556,1.0,1.0,0.0,0.78729,1.0,0.0,0.20763,0.15501,0.0,0.0,0.96333,1.0,0.88889,0.8,1.0,1.0,0.5,0.5,0.5,1.0,1.0,0.5,0.5,0.5,0.0,0.0,1.0,1.0,1.0,0.5,0.5,0.2,0.3,0.4,0.5,1.0,1.0,0.2,0.33333
0.0,1.0,0.0,1.0,0.2,0.2,0.02886,0.3,0.83333,0.0,1.0,0.0,0.0,0.2,0.06,0.9342,0.0,1.0,1.0,0.68889,0.8,0.55556,1.0,0.99915,1.0,0.22222,0.20591,0.11027,0.0,0.0,0.98332,0.77778,0.66667,0.8,1.0,1.0,0.5,0.5,0.5,1.0,1.0,0.5,0.5,0.5,0.0,0.0,1.0,1.0,1.0,0.5,0.5,0.2,0.2,0.25,1.0,1.0,1.0,0.75,1.0
1.0,0.5,1.0,0.5,0.3,0.5,0.02918,0.3,0.86667,0.0,1.0,0.0,1.0,0.2,0.05,0.93536,0.0,0.8,1.0,0.82222,1.0,0.8,0.0,0.96074,1.0,0.22222,0.17455,0.10842,0.0,0.0,0.99046,1.0,0.88889,0.8,1.0,1.0,0.5,0.5,0.5,1.0,1.0,0.5,0.5,0.5,0.0,0.0,1.0,1.0,1.0,0.5,0.5,1.0,0.1,0.0,1.0,1.0,1.0,0.0,1.0
1.0,0.5,0.0,0.5,0.3,0.5,0.02882,0.3,0.9,0.0,1.0,0.0,1.0,0.2,0.05,0.96,0.0,1.0,1.0,0.82222,1.0,1.0,0.0,0.87772,1.0,0.22222,0.19147,0.10948,0.0,0.0,0.99599,1.0,0.77778,0.8,1.0,1.0,0.5,0.5,0.5,1.0,1.0,0.5,0.5,0.5,0.0,0.0,1.0,1.0,1.0,0.5,0.5,0.2,0.3,0.66667,1.0,1.0,1.0,0.0,0.66667
1.0,1.0,1.0,1.0,0.3,0.4,0.02989,0.4,0.96667,0.0,1.0,0.0,0.0,0.21,0.02,0.99622,0.0,1.0,1.0,0.82222,1.0,1.0,1.0,0.97383,1.0,0.22222,0.17613,0.10904,0.0,0.0,0.99416,0.22222,0.77778,0.8,1.0,1.0,0.5,0.5,0.5,1.0,1.0,0.5,0.5,0.5,0.0,0.20984,1.0,1.0,1.0,0.5,0.5,0.2,0.2,0.33333,0.0,1.0,1.0,0.33333,1.0
1.0,0.5,1.0,0.5,0.5,0.5,0.03143,0.5,1.0,0.0,1.0,0.0,1.0,0.21,0.02,0.0,0.99952,1.0,1.0,0.82222,1.0,1.0,0.0,0.89782,1.0,0.22222,0.16054,0.11387,0.0,0.0,0.9921,1.0,0.77778,0.8,1.0,1.0,0.5,0.5,0.5,1.0,1.0,0.5,0.5,0.5,0.0,0.0,1.0,1.0,1.0,0.5,0.5,0.2,0.3,0.66667,0.5,1.0,1.0,0.0,1.0
0.5,0.5,0.5,0.5,0.5,0.5,0.00016,0.06667,0.33333,0.0,0.0,0.66667,0.0,0.15556,0.00889,0.96147,0.0,1.0,1.0,1.0,1.0,0.5,1.0,0.75321,1.0,0.21429,0.00306,0.00151,0.0,0.0,0.97084,0.78571,0.5,0.0,1.0,1.0,0.5,0.5,0.5,1.0,1.0,0.5,0.5,0.5,0.0,0.0,1.0,0.0,0.0,0.00749,1.0,1.0,0.06667,0.0,1.0,0.0,1.0,0.0,0.5
0.0,0.5,0.0,0.5,0.06667,0.5,0.00016,0.06667,0.36667,0.0,0.0,0.66667,1.0,0.14222,0.00889,0.9983,0.0,1.0,1.0,1.0,1.0,1.0,1.0,0.75689,1.0,0.21429,0.003,0.00145,0.0,0.0,0.9683,1.0,1.0,0.0,1.0,1.0,0.5,0.5,0.5,1.0,1.0,0.5,0.5,0.5,0.0,0.0,1.0,1.0,1.0,0.00749,1.0,1.0,0.06667,0.0,1.0,0.0,1.0,0.0,1.0
0.0,0.0,0.0,0.0,0.06667,0.06667,0.00015,0.06667,0.43333,0.0,0.0,0.66667,0.0,0.13778,0.00889,0.0,0.99377,1.0,1.0,1.0,1.0,1.0,1.0,0.77512,1.0,0.21429,0.00278,0.00135,0.0,0.0,0.96143,0.57143,1.0,0.0,1.0,1.0,0.5,0.5,0.5,1.0,1.0,0.5,0.5,0.5,0.0,0.0,1.0,1.0,1.0,0.00749,1.0,1.0,0.06667,0.0,1.0,0.0,1.0,0.0,1.0
0.5,0.5,0.5,0.5,0.5,0.5,0.0288,0.26667,0.86667,0.0,0.0,0.66667,0.0,0.40444,0.02222,0.98669,0.0,0.86667,0.86667,0.98095,0.86667,0.5,1.0,0.5663,0.80901,0.07143,0.77722,0.3695,0.33333,0.0,0.91917,0.78571,0.5,0.8,1.0,1.0,0.5,0.5,0.5,1.0,1.0,0.5,0.5,0.5,0.0,0.0,1.0,1.0,1.0,0.635,0.52027,0.2,0.2,0.66667,0.5,1.0,1.0,0.0,0.5
0.0,0.0,0.0,0.0,0.2,0.2,0.0235,0.2,0.93333,0.0,0.0,0.66667,0.0,0.39556,0.02222,0.99068,0.0,1.0,1.0,1.0,1.0,1.0,0.0,0.52728,0.75325,0.07143,1.0,0.77113,0.33333,0.0,0.92677,1.0,0.85714,0.8,1.0,1.0,0.5,0.5,0.5,1.0,1.0,0.5,0.5,0.5,0.0,0.0,1.0,1.0,1.0,0.635,0.52027,0.4,0.2,0.66667,1.0,1.0,1.0,0.0,1.0
1.0,1.0,1.0,1.0,0.26667,0.26667,0.02639,0.26667,1.0,0.0,0.0,0.66667,0.0,0.37333,0.02222,0.99153,0.0,1.0,1.0,1.0,1.0,1.0,1.0,0.53529,0.7647,0.07143,1.0,0.6272,0.66667,0.0,0.97213,1.0,0.85714,0.8,1.0,1.0,0.5,0.5,0.5,1.0,1.0,0.5,0.5,0.5,0.0,0.0,1.0,1.0,1.0,0.635,0.52027,0.2,0.2,0.66667,1.0,0.5,1.0,0.0,0.57143
0.5,0.5,0.5,0.5,0.5,0.5,0.03137,0.2,0.03333,0.0,0.0,0.66667,0.0,0.06667,0.0,0.5,0.5,0.5,0.5,0.5,0.5,0.5,0.5,0.0,0.0,0.64286,0.44633,0.22703,0.11111,0.0,0.0,0.5,0.5,0.8,1.0,1.0,0.5,0.5,0.5,1.0,1.0,0.5,0.5,0.5,0.5,0.5,1.0,0.5,0.5,0.5,0.5,0.2,0.66667,1.0,1.0,1.0,1.0,0.5,0.5
1.0,1.0,1.0,1.0,0.33333,0.4,0.04624,0.33333,0.2,0.0,0.0,0.66667,0.0,0.39111,0.0,0.8741,0.0,1.0,1.0,1.0,1.0,0.51429,1.0,0.73096,1.0,0.07143,0.69483,0.36232,0.5,1.0,0.92672,0.92857,0.64286,0.8,1.0,1.0,0.5,0.5,0.5,1.0,1.0,0.5,0.5,0.5,0.0,0.0,1.0,1.0,1.0,0.5,0.5,0.2,0.46667,1.0,0.66667,1.0,1.0,0.83333,1.0
0.5,0.5,0.5,0.5,0.5,0.5,0.05045,0.53333,0.93333,0.0,0.0,0.66667,0.0,0.21778,0.00889,0.0,0.97338,1.0,1.0,0.6381,1.0,0.5,0.0,0.58795,0.83992,0.35714,0.62142,0.45076,0.0,0.0,1.0,1.0,0.5,0.8,1.0,1.0,0.5,0.5,0.5,1.0,1.0,0.5,0.5,0.5,0.0,0.0,1.0,1.0,1.0,1.0,0.6375,0.2,0.13333,1.0,1.0,1.0,1.0,0.0,0.5
0.5,0.5,0.5,0.5,0.5,0.5,0.03521,0.26667,0.46667,0.0,0.0,0.66667,0.0,0.10667,0.02222,0.0,0.99949,0.81905,0.99048,0.77143,1.0,0.5,0.0,0.63996,0.91423,0.07143,0.46482,0.30822,0.0,0.0,0.94766,1.0,0.5,0.8,1.0,1.0,0.5,0.5,0.5,1.0,1.0,0.5,0.5,0.5,0.0,0.0,1.0,1.0,1.0,0.15125,0.05527,0.2,0.2,0.66667,0.5,0.5,1.0,0.0,0.5
0.0,0.0,0.0,0.0,0.26667,0.1,0.0,0.2,0.93333,0.0,0.0,0.66667,0.0,0.05778,0.02667,0.0,0.99407,1.0,0.99048,0.71429,0.93333,0.7619,1.0,0.90319,1.0,0.14286,0.0,0.0,0.125,0.0,0.9635,0.71429,0.64286,0.0,1.0,1.0,0.5,0.5,0.5,1.0,1.0,0.5,0.5,0.5,0.0,0.0,1.0,1.0,1.0,0.15125,0.05527,1.0,0.06667,0.0,1.0,0.0,1.0,0.375,1.0
0.5,0.5,0.5,0.5,0.5,0.5,0.05248,0.33333,0.4,0.0,0.0,0.66667,0.0,0.05778,0.01333,0.99634,0.0,0.99048,0.99048,0.97143,1.0,0.5,0.0,0.55993,0.7999,0.07143,0.82735,0.70554,0.0,0.0,1.0,0.85714,0.5,0.8,1.0,1.0,0.5,0.5,0.5,1.0,1.0,0.5,0.5,0.5,0.0,0.0,1.0,1.0,1.0,1.0,0.03175,0.2,0.13333,1.0,1.0,1.0,1.0,0.0,0.5
0.0,0.5,0.0,0.5,0.26667,0.5,0.04427,0.26667,0.43333,0.0,0.0,0.66667,1.0,0.05778,0.01333,0.9996,0.0,0.99048,1.0,0.97143,1.0,0.99048,1.0,0.58425,0.83464,0.07143,0.6362,0.51989,0.0,0.0,0.44444,1.0,0.92857,0.8,1.0,1.0,0.5,0.5,0.5,1.0,1.0,0.5,0.5,0.5,0.0,0.0,1.0,1.0,1.0,1.0,0.03175,0.2,0.13333,0.5,0.0,1.0,1.0,0.5,1.0
0.5,0.5,0.5,0.5,0.5,0.5,0.00641,0.4,0.0,0.83333,0.0,0.66667,0.0,0.05333,0.00444,0.89811,0.0,0.62857,0.85714,0.90476,0.90476,0.5,0.0,0.60907,0.8701,0.07143,0.08191,0.05476,0.0,0.0,0.84702,0.71429,0.5,0.0,0.93333,0.82822,0.27979,0.5,0.05596,1.0,1.0,0.5,0.5,0.5,0.0,0.0,1.0,1.0,1.0,1.0,0.48342,1.0,0.06667,0.0,1.0,0.0,1.0,0.0,0.5
0.0,0.0,0.0,0.0,0.4,0.4,0.00075,0.4,0.0,0.75,0.0,0.66667,0.0,0.05778,0.00444,0.0,0.9962,0.99048,0.85714,0.88571,1.0,0.9619,1.0,0.73064,1.0,0.14286,0.01004,0.00507,0.25,0.0,0.85436,1.0,0.85714,0.0,1.0,1.0,0.5,0.5,0.5,1.0,1.0,0.5,0.5,0.5,0.0,0.0,1.0,1.0,1.0,1.0,0.48342,1.0,0.06667,0.0,1.0,0.0,1.0,0.0,1.0
