0.5,0.5,0.5,0.5,0.5,0.5,0.2,0.6,0.03333,0.0,0.5,0.0,0.0,0.2,0.0,0.5,0.5,0.5,0.5,0.5,0.5,0.5,0.5,0.0,0.0,0.5,1.0,1.0,1.0,0.0,0.0,0.5,0.5,0.8,1.0,1.0,0.5,0.5,0.5,1.0,1.0,0.5,0.5,0.5,0.5,0.5,1.0,0.5,0.5,0.5,0.5,0.2,0.6,1.0,1.0,1.0,1.0,0.5,0.5
0.5,0.5,0.5,0.5,0.5,0.5,0.2,0.6,0.03333,0.0,0.5,0.0,0.0,0.2,0.0,0.5,0.5,0.5,0.5,0.5,0.5,0.5,0.5,0.0,0.0,0.5,1.0,1.0,1.0,0.0,0.0,0.5,0.5,0.8,1.0,1.0,0.5,0.5,0.5,1.0,1.0,0.5,0.5,0.5,0.5,0.5,1.0,0.5,0.5,0.5,0.5,0.2,0.6,1.0,1.0,1.0,1.0,0.5,0.5
0.0,1.0,0.0,1.0,0.2,0.6,0.20636,0.6,0.1,0.0,0.5,0.0,0.0,0.72,0.04,0.65999,0.0,0.6,1.0,1.0,1.0,0.4,1.0,0.80238,1.0,0.25,1.0,1.0,1.0,0.0,1.0,0.75,0.25,0.8,1.0,1.0,0.5,0.5,0.5,1.0,1.0,0.5,0.5,0.5,0.0,0.0,1.0,1.0,1.0,1.0,1.0,0.5,0.4,1.0,1.0,1.0,1.0,0.0,1.0
0.0,0.0,0.0,0.0,0.4,0.6,0.03751,0.2,0.4,0.0,0.5,0.0,0.0,0.68,0.08,0.93972,0.0,1.0,1.0,1.0,1.0,1.0,0.0,0.00465,0.00846,0.0,1.0,1.0,1.0,0.0,1.0,1.0,0.75,0.3,1.0,1.0,0.5,0.7307,0.5,1.0,1.0,0.5,0.5,0.5,0.00821,0.0,0.7,1.0,1.0,1.0,1.0,1.0,0.2,1.0,1.0,0.0,1.0,1.0,0.5
0.0,1.0,0.0,0.0,0.2,0.2,0.02313,0.2,0.53333,0.0,0.5,0.0,0.0,0.56,0.08,0.99307,0.0,1.0,1.0,1.0,1.0,1.0,0.0,0.00177,0.00321,0.0,1.0,1.0,1.0,0.0,1.0,1.0,1.0,0.0,0.8,0.77622,0.53201,0.7307,0.2128,1.0,1.0,0.07787,0.3435,1.0,0.0,0.0,1.0,1.0,1.0,0.23309,1.0,1.0,0.2,1.0,1.0,0.0,1.0,1.0,1.0
0.5,0.5,0.5,0.5,0.5,0.5,0.21674,0.8,0.06667,0.0,0.5,0.0,0.0,0.64,0.0,0.5,0.5,0.0,1.0,1.0,1.0,0.5,1.0,0.98555,1.0,0.5,1.0,1.0,1.0,0.0,0.88889,0.5,0.5,0.8,1.0,1.0,0.5,0.5,0.5,1.0,1.0,0.5,0.5,0.5,0.5,0.5,1.0,1.0,1.0,0.5,0.5,0.3,0.6,1.0,0.5,1.0,1.0,0.5,0.5
0.0,0.0,0.0,0.0,0.6,0.8,0.26857,0.8,0.43333,0.0,0.5,0.0,0.0,0.52,0.08,0.96941,0.0,1.0,1.0,1.0,1.0,0.4,1.0,0.96358,1.0,0.25,1.0,1.0,1.0,0.0,1.0,1.0,1.0,0.8,1.0,1.0,0.5,0.5,0.5,1.0,1.0,0.5,0.5,0.5,0.0,0.0,1.0,1.0,1.0,1.0,1.0,0.5,0.6,1.0,1.0,0.5,1.0,0.0,0.75
0.5,0.5,0.5,0.5,0.5,0.5,0.2,0.6,0.03333,0.0,0.5,0.0,0.0,0.2,0.0,0.5,0.5,0.5,0.5,0.5,0.5,0.5,0.5,0.0,0.0,0.5,1.0,1.0,1.0,0.0,0.0,0.5,0.5,0.8,1.0,1.0,0.5,0.5,0.5,1.0,1.0,0.5,0.5,0.5,0.5,0.5,1.0,0.5,0.5,0.5,0.5,0.2,0.6,1.0,1.0,1.0,1.0,0.5,0.5
0.5,0.5,0.5,0.5,0.5,0.5,0.2,0.6,0.03333,0.0,0.5,0.0,0.0,0.2,0.0,0.5,0.5,0.5,0.5,0.5,0.5,0.5,0.5,0.0,0.0,0.5,1.0,1.0,1.0,0.0,0.0,0.5,0.5,0.8,1.0,1.0,0.5,0.5,0.5,1.0,1.0,0.5,0.5,0.5,0.5,0.5,1.0,0.5,0.5,0.5,0.5,0.2,0.6,1.0,1.0,1.0,1.0,0.5,0.5
0.0,1.0,0.0,1.0,0.2,1.0,0.19014,0.4,0.63333,0.0,0.5,0.0,0.0,0.32,0.08,0.99377,0.0,1.0,1.0,0.7,1.0,0.8,0.0,0.11951,0.21729,0.0,1.0,1.0,1.0,0.0,1.0,0.5,0.5,0.8,1.0,1.0,0.5,0.5,0.5,1.0,1.0,0.5,0.5,0.5,0.0,0.0,1.0,1.0,1.0,1.0,1.0,1.0,0.2,1.0,1.0,0.0,1.0,1.0,1.0
0.5,0.5,0.5,0.5,0.5,0.5,0.1909,0.6,0.06667,0.0,0.5,0.0,0.0,0.48,0.0,0.5,0.5,0.8,0.8,1.0,1.0,0.5,1.0,0.94666,1.0,0.25,0.97855,0.86875,0.5,0.0,0.66667,1.0,0.5,0.8,1.0,1.0,0.5,0.5,0.5,1.0,1.0,0.5,0.5,0.5,0.5,0.5,1.0,1.0,1.0,0.5,0.5,0.5,0.4,0.5,1.0,1.0,1.0,1.0,0.5
1.0,0.5,1.0,0.5,0.8,0.5,0.21098,0.8,0.1,0.0,0.5,0.0,1.0,0.48,0.0,0.9429,0.0,0.8,1.0,1.0,1.0,0.8,0.0,0.84129,1.0,0.0,1.0,1.0,1.0,0.0,1.0,1.0,1.0,0.8,1.0,1.0,0.5,0.5,0.5,1.0,1.0,0.5,0.5,0.5,0.0,0.0,1.0,1.0,1.0,0.5,0.5,0.2,0.6,1.0,1.0,1.0,1.0,0.5,0.75
0.5,0.5,0.5,0.5,0.5,0.5,0.20563,0.6,0.06667,0.0,0.5,0.0,0.0,0.48,0.0,0.5,0.5,0.4,1.0,1.0,1.0,0.5,1.0,0.97612,1.0,0.25,1.0,1.0,1.0,0.0,0.80952,1.0,0.5,0.8,1.0,1.0,0.5,0.5,0.5,1.0,1.0,0.5,0.5,0.5,0.5,0.5,1.0,1.0,1.0,0.5,0.5,0.2,0.6,1.0,1.0,1.0,1.0,1.0,0.5
1.0,0.0,1.0,1.0,0.6,0.6,0.0,0.2,0.76667,0.0,0.5,0.0,0.0,0.08,0.24,0.0,0.99677,1.0,1.0,1.0,0.9,0.7,0.0,0.93132,1.0,0.75,0.0,0.0,0.0,0.0,0.5,0.5,0.25,1.0,1.0,1.0,0.5,0.5,0.5,1.0,1.0,0.5,0.5,0.5,0.0,0.0,1.0,1.0,1.0,0.5,0.5,1.0,0.0,0.0,1.0,1.0,1.0,0.0,1.0
0.5,0.5,0.5,0.5,0.5,0.5,0.2,0.6,0.03333,0.0,0.5,0.0,0.0,0.2,0.0,0.5,0.5,0.5,0.5,0.5,0.5,0.5,0.5,0.0,0.0,0.5,1.0,1.0,1.0,0.0,0.0,0.5,0.5,0.8,1.0,1.0,0.5,0.5,0.5,1.0,1.0,0.5,0.5,0.5,0.5,0.5,1.0,0.5,0.5,0.5,0.5,0.2,0.6,1.0,1.0,1.0,1.0,0.5,0.5
0.5,0.5,0.5,0.5,0.5,0.5,0.1693,0.4,0.13333,0.0,0.5,0.0,0.0,0.44,0.08,0.78858,0.0,1.0,1.0,1.0,0.9,0.5,1.0,0.86413,1.0,0.75,0.73436,0.58022,0.0,0.0,1.0,0.75,0.5,0.8,1.0,1.0,0.5,0.5,0.5,1.0,1.0,0.5,0.5,0.5,0.0,0.0,1.0,1.0,1.0,0.5,0.5,0.2,0.4,1.0,1.0,0.0,1.0,0.0,0.5
0.5,0.5,0.5,0.5,0.5,0.5,0.11963,0.2,0.9,0.0,0.5,0.0,0.0,0.2,0.08,0.99113,0.0,1.0,1.0,0.9,1.0,0.5,1.0,0.7893,1.0,0.25,0.6653,0.49846,0.0,0.0,0.8649,0.5,0.5,0.8,1.0,1.0,0.5,0.5,0.5,1.0,1.0,0.5,0.5,0.5,0.0,0.0,1.0,1.0,1.0,0.5,0.5,1.0,0.2,0.0,1.0,1.0,1.0,0.0,0.5
1.0,0.5,1.0,0.5,0.2,0.5,0.15109,0.2,0.93333,0.0,0.5,0.0,1.0,0.24,0.08,0.0,0.99078,1.0,0.9,0.9,1.0,1.0,1.0,0.79468,1.0,0.25,0.81053,0.68142,0.0,1.0,1.0,1.0,0.5,0.8,1.0,1.0,0.5,0.5,0.5,1.0,1.0,0.5,0.5,0.5,0.0,0.0,1.0,1.0,1.0,0.5,0.5,0.2,0.4,1.0,1.0,1.0,1.0,0.0,0.25
0.5,0.5,0.5,0.5,0.5,0.5,0.16494,0.2,0.13333,0.0,0.5,0.0,0.0,0.32,0.08,0.8746,0.0,1.0,1.0,0.9,1.0,0.5,1.0,0.97726,1.0,0.25,0.87541,0.77307,0.0,0.0,1.0,1.0,0.5,0.4,1.0,1.0,0.5,0.5,0.5,1.0,1.0,0.5,0.5,0.5,0.0,0.0,1.0,1.0,1.0,0.5,0.5,0.6,0.4,0.5,1.0,1.0,1.0,0.0,0.5
0.0,0.0,0.0,0.0,0.2,0.2,0.02196,0.2,0.2,0.0,0.5,0.0,0.0,0.32,0.08,0.0,0.995,1.0,0.8,0.9,1.0,1.0,0.0,0.94397,1.0,0.25,0.13021,0.0765,0.0,0.0,0.66667,0.75,1.0,0.0,0.6,0.50591,0.15272,0.5,0.15272,1.0,1.0,0.5,0.5,0.5,0.0,0.0,1.0,1.0,1.0,0.5,0.5,1.0,0.2,0.0,1.0,1.0,1.0,0.5,1.0
0.0,0.0,0.0,0.0,0.2,0.4,0.00356,0.4,0.26667,0.0,0.5,0.0,0.0,0.32,0.16,0.99168,0.0,0.9,0.9,1.0,0.9,0.9,1.0,0.85317,1.0,0.25,0.02742,0.00922,0.5,0.0,0.66667,0.75,1.0,0.0,1.0,1.0,0.5,0.5,0.5,1.0,1.0,0.5,0.5,0.5,0.0,0.0,1.0,1.0,1.0,0.5,0.5,1.0,0.2,0.0,1.0,1.0,1.0,0.0,1.0
0.0,0.0,0.0,0.0,0.4,0.4,0.00341,0.4,0.33333,0.0,0.5,0.0,0.0,0.2,0.16,0.98706,0.0,1.0,1.0,1.0,0.9,1.0,1.0,0.87368,1.0,0.25,0.02486,0.00835,0.5,0.0,0.66667,0.75,1.0,0.0,1.0,1.0,0.5,0.5,0.5,1.0,1.0,0.5,0.5,0.5,0.0,0.0,1.0,1.0,1.0,0.5,0.5,1.0,0.2,0.0,1.0,1.0,1.0,0.0,1.0
0.0,0.0,0.0,0.0,0.4,0.4,0.0034,0.4,0.43333,0.0,0.5,0.0,0.0,0.16,0.16,0.99866,0.0,1.0,1.0,1.0,0.9,1.0,1.0,0.87618,1.0,0.25,0.02457,0.00826,0.5,0.0,0.66667,0.75,1.0,0.0,1.0,1.0,0.5,0.5,0.5,1.0,1.0,0.5,0.5,0.5,0.0,0.0,1.0,1.0,1.0,0.5,0.5,1.0,0.2,0.0,1.0,1.0,1.0,0.0,1.0
0.0,0.0,0.0,0.0,0.4,0.4,0.00339,0.4,0.53333,0.0,0.5,0.0,0.0,0.12,0.16,0.0,0.99959,1.0,1.0,1.0,1.0,1.0,1.0,0.8763,1.0,0.25,0.02455,0.00825,0.5,0.0,0.66667,1.0,1.0,0.0,1.0,1.0,0.5,0.5,0.5,1.0,1.0,0.5,0.5,0.5,0.0,0.0,1.0,1.0,1.0,0.5,0.5,1.0,0.2,0.0,1.0,1.0,1.0,0.0,1.0
0.0,0.5,0.0,0.5,0.4,0.5,0.00339,0.4,0.56667,0.0,0.5,0.0,1.0,0.12,0.16,0.0,0.99951,1.0,1.0,1.0,1.0,1.0,1.0,0.87631,1.0,0.25,0.02455,0.00825,0.5,0.0,0.66667,1.0,1.0,0.0,1.0,1.0,0.5,0.5,0.5,1.0,1.0,0.5,0.5,0.5,0.0,0.0,1.0,1.0,1.0,0.5,0.5,1.0,0.2,0.0,1.0,1.0,1.0,0.0,1.0
0.0,0.0,0.0,0.0,0.4,0.4,0.00339,0.4,0.63333,0.0,0.5,0.0,0.0,0.12,0.16,0.0,0.99953,1.0,1.0,1.0,1.0,1.0,1.0,0.87631,1.0,0.25,0.02455,0.00825,0.5,0.0,0.66667,0.75,1.0,0.0,1.0,1.0,0.5,0.5,0.5,1.0,1.0,0.5,0.5,0.5,0.0,0.0,1.0,1.0,1.0,0.5,0.5,1.0,0.2,0.0,1.0,1.0,1.0,0.0,1.0
0.0,0.0,0.0,0.0,0.4,0.4,0.00339,0.4,0.7,0.0,0.5,0.0,0.0,0.12,0.16,0.0,0.99963,1.0,1.0,1.0,1.0,1.0,1.0,0.87631,1.0,0.25,0.02455,0.00825,0.5,0.0,0.66667,0.75,1.0,0.0,1.0,1.0,0.5,0.5,0.5,1.0,1.0,0.5,0.5,0.5,0.0,0.0,1.0,1.0,1.0,0.5,0.5,1.0,0.2,0.0,1.0,1.0,1.0,0.0,1.0
0.0,0.0,0.0,0.0,0.4,0.4,0.00339,0.4,0.76667,0.0,0.5,0.0,0.0,0.12,0.16,0.0,0.99973,1.0,1.0,1.0,1.0,1.0,1.0,0.87631,1.0,0.25,0.02455,0.00825,0.5,0.0,0.66667,0.75,1.0,0.0,1.0,1.0,0.5,0.5,0.5,1.0,1.0,0.5,0.5,0.5,0.0,0.0,1.0,1.0,1.0,0.5,0.5,1.0,0.2,0.0,1.0,1.0,1.0,0.0,1.0
0.0,0.0,0.0,0.0,0.4,0.4,0.00339,0.4,0.83333,0.0,0.5,0.0,0.0,0.12,0.16,0.0,0.99981,1.0,1.0,1.0,1.0,1.0,1.0,0.87631,1.0,0.25,0.02455,0.00825,0.5,0.0,0.66667,0.75,1.0,0.2,1.0,1.0,0.5,0.5,0.5,1.0,1.0,0.5,0.5,0.5,0.0,0.0,1.0,1.0,1.0,0.5,0.5,0.8,0.4,0.5,1.0,1.0,1.0,0.0,1.0
0.0,0.0,0.0,0.0,0.4,0.4,0.00284,0.4,0.9,0.0,0.5,0.0,0.0,0.12,0.16,0.0,0.99895,1.0,1.0,1.0,0.9,1.0,1.0,0.87655,1.0,0.25,0.02052,0.00689,0.5,0.0,0.66667,0.75,1.0,0.3,1.0,1.0,0.5,0.5,0.5,1.0,1.0,0.5,0.5,0.5,0.0,0.0,1.0,1.0,1.0,0.5,0.5,1.0,0.2,0.0,1.0,1.0,1.0,0.5,1.0
0.0,0.0,0.0,0.0,0.4,0.4,0.00262,0.4,1.0,0.0,0.5,0.0,0.0,0.12,0.16,0.0,0.99996,1.0,1.0,1.0,0.9,1.0,1.0,0.87664,1.0,0.25,0.01896,0.00636,0.5,0.0,0.66667,1.0,1.0,0.6,1.0,1.0,0.5,0.5,0.5,1.0,1.0,0.5,0.5,0.5,0.0,0.0,1.0,1.0,1.0,0.5,0.5,1.0,0.2,0.0,1.0,1.0,1.0,0.0,0.0
0.5,0.5,0.5,0.5,0.5,0.5,0.18529,0.4,0.06667,0.0,0.5,0.0,0.0,0.6,0.0,0.5,0.5,0.4,1.0,1.0,1.0,0.5,1.0,0.96046,1.0,0.25,0.96175,0.87362,0.5,0.0,0.88889,1.0,0.5,0.8,1.0,1.0,0.5,0.5,0.5,1.0,1.0,0.5,0.5,0.5,0.5,0.5,1.0,1.0,1.0,0.5,0.5,0.3,0.4,0.5,1.0,1.0,1.0,1.0,0.5
1.0,1.0,0.0,1.0,0.4,0.4,0.23161,0.8,0.5,0.0,0.5,0.0,0.0,0.44,0.04,0.84023,0.0,1.0,1.0,1.0,1.0,0.7,1.0,0.56494,1.0,0.25,1.0,1.0,1.0,0.0,1.0,0.75,0.75,0.8,1.0,1.0,0.5,0.5,0.5,1.0,1.0,0.5,0.5,0.5,0.0,0.0,1.0,1.0,1.0,0.5,0.5,0.5,0.4,1.0,1.0,1.0,1.0,1.0,0.5
0.5,0.5,0.5,0.5,0.5,0.5,0.22431,1.0,0.06667,0.0,0.5,0.0,0.0,0.64,0.0,0.5,0.5,0.0,1.0,1.0,1.0,0.5,1.0,0.70631,1.0,0.25,1.0,1.0,1.0,1.0,0.97727,0.75,0.5,0.8,1.0,1.0,0.5,0.5,0.5,1.0,1.0,0.5,0.5,0.5,0.5,0.5,1.0,1.0,1.0,0.5,0.5,0.2,0.6,0.66667,1.0,1.0,1.0,0.66667,0.5
0.0,0.0,0.0,0.0,0.4,0.4,0.19282,0.4,0.16667,0.0,0.5,0.0,0.0,0.76,0.0,1.0,0.0,1.0,1.0,1.0,1.0,1.0,1.0,0.68232,1.0,0.25,0.912,0.84779,0.0,0.0,0.97441,0.75,1.0,0.8,1.0,1.0,0.5,0.5,0.5,1.0,1.0,0.5,0.5,0.5,0.16911,0.01876,0.6,1.0,1.0,0.5,0.5,0.6,0.6,0.66667,1.0,1.0,1.0,1.0,1.0
0.0,0.0,0.0,0.0,0.4,0.4,0.13288,0.2,0.26667,0.0,0.5,0.0,0.0,0.76,0.04,0.94272,0.0,1.0,1.0,0.6,1.0,0.6,1.0,0.92434,1.0,0.25,0.6564,0.53025,0.0,0.0,0.97416,1.0,0.75,0.8,1.0,1.0,0.5,0.5,0.5,1.0,1.0,0.7997,0.55333,0.95559,0.07568,0.22446,0.6,1.0,1.0,0.7997,0.55333,0.6,0.4,0.5,0.0,1.0,1.0,1.0,1.0
0.0,0.0,0.0,0.0,0.2,0.2,0.11279,0.2,0.33333,0.0,0.5,0.0,0.0,0.72,0.08,0.83812,0.0,1.0,1.0,1.0,1.0,0.4,1.0,0.70119,1.0,0.25,0.81361,0.68579,0.0,0.0,1.0,0.5,0.25,0.8,0.8,0.83554,1.0,0.5,0.50349,0.5,1.0,0.34824,0.55333,0.9178,0.0,0.0,1.0,1.0,1.0,0.34824,0.55333,0.2,0.4,1.0,1.0,1.0,1.0,0.0,1.0
0.0,0.5,0.0,0.5,0.2,0.5,0.0761,0.2,0.36667,0.0,0.5,0.0,1.0,0.76,0.08,0.925,0.0,1.0,1.0,1.0,1.0,1.0,0.0,0.01915,0.03481,0.0,1.0,1.0,1.0,0.0,1.0,1.0,0.75,0.4,0.8,0.81854,0.3429,0.3429,0.3429,1.0,1.0,0.34824,0.55333,0.9178,0.0,0.0,1.0,1.0,1.0,0.34824,0.55333,1.0,0.2,1.0,1.0,0.0,1.0,1.0,1.0
0.0,0.5,0.0,0.5,0.2,0.5,0.06434,0.2,0.4,0.0,0.5,0.0,1.0,0.72,0.08,0.94363,0.0,1.0,1.0,1.0,1.0,1.0,0.0,0.01369,0.02488,0.0,1.0,1.0,1.0,0.0,1.0,1.0,1.0,0.6,1.0,1.0,0.5,0.3429,0.5,1.0,1.0,0.34824,0.55333,0.9178,0.04284,0.0,0.4,1.0,1.0,0.34824,0.55333,1.0,0.2,1.0,1.0,0.0,1.0,1.0,0.25
1.0,0.5,0.0,0.5,0.2,0.5,0.06412,0.2,0.43333,0.0,0.5,0.0,1.0,0.6,0.12,0.94929,0.0,1.0,1.0,1.0,1.0,1.0,0.0,0.01359,0.02471,0.0,1.0,1.0,1.0,0.0,1.0,1.0,1.0,0.8,1.0,1.0,0.5,0.3429,0.5,1.0,1.0,0.40013,0.804,0.9178,0.09497,0.00037,0.2,1.0,1.0,0.40013,0.804,1.0,0.2,1.0,1.0,0.0,1.0,1.0,1.0
0.5,0.5,0.5,0.5,0.5,0.5,0.2,0.6,0.03333,0.0,0.5,0.0,0.0,0.2,0.0,0.5,0.5,0.5,0.5,0.5,0.5,0.5,0.5,0.0,0.0,0.5,1.0,1.0,1.0,0.0,0.0,0.5,0.5,0.8,1.0,1.0,0.5,0.5,0.5,1.0,1.0,0.5,0.5,0.5,0.5,0.5,1.0,0.5,0.5,0.5,0.5,0.3,0.6,1.0,1.0,1.0,1.0,0.5,0.5
0.0,0.0,0.0,0.0,0.2,0.2,0.17082,0.2,0.13333,0.0,0.5,0.0,0.0,0.24,0.0,0.97645,0.0,1.0,0.9,1.0,1.0,1.0,0.0,0.09646,0.17538,0.0,1.0,1.0,1.0,0.0,1.0,1.0,0.5,0.8,1.0,1.0,0.5,0.5,0.5,1.0,1.0,0.5,0.5,0.5,0.0,0.0,1.0,1.0,1.0,0.5,0.5,1.0,0.2,1.0,1.0,1.0,1.0,1.0,0.5
0.0,0.0,0.0,0.0,0.2,0.2,0.17081,0.2,0.2,0.0,0.5,0.0,0.0,0.24,0.0,0.97334,0.0,1.0,1.0,1.0,1.0,1.0,0.0,0.09645,0.17536,0.0,1.0,1.0,1.0,0.0,1.0,1.0,1.0,0.8,1.0,1.0,0.5,0.5,0.5,1.0,1.0,0.5,0.5,0.5,0.0,0.0,1.0,1.0,1.0,0.5,0.5,1.0,0.2,1.0,1.0,1.0,1.0,1.0,0.5
0.0,0.0,0.0,0.0,0.2,0.2,0.17081,0.2,0.26667,0.0,0.5,0.0,0.0,0.2,0.0,0.97971,0.0,1.0,1.0,1.0,1.0,1.0,0.0,0.09645,0.17536,0.0,1.0,1.0,1.0,0.0,1.0,1.0,1.0,0.8,1.0,1.0,0.5,0.5,0.5,1.0,1.0,0.5,0.5,0.5,0.0,0.0,1.0,1.0,1.0,0.5,0.5,1.0,0.2,1.0,1.0,1.0,1.0,1.0,0.5
0.0,0.0,0.0,0.0,0.2,0.2,0.17081,0.2,0.4,0.0,0.5,0.0,0.0,0.2,0.0,0.9937,0.0,1.0,1.0,1.0,1.0,1.0,0.0,0.09645,0.17536,0.0,1.0,1.0,1.0,0.0,1.0,1.0,1.0,0.8,1.0,1.0,0.5,0.5,0.5,1.0,1.0,0.5,0.5,0.5,0.0,0.0,1.0,1.0,1.0,0.5,0.5,1.0,0.2,1.0,1.0,1.0,1.0,1.0,0.5
0.5,0.5,0.5,0.5,0.5,0.5,0.2,0.6,0.03333,0.0,0.5,0.0,0.0,0.2,0.0,0.5,0.5,0.5,0.5,0.5,0.5,0.5,0.5,0.0,0.0,0.5,1.0,1.0,1.0,0.0,0.0,0.5,0.5,0.8,1.0,1.0,0.5,0.5,0.5,1.0,1.0,0.5,0.5,0.5,0.5,0.5,1.0,0.5,0.5,0.5,0.5,0.2,0.6,1.0,1.0,1.0,1.0,0.5,0.5
0.0,0.0,0.0,0.0,0.2,0.6,0.09867,0.8,0.36667,0.0,0.5,0.0,0.0,0.12,0.36,0.99396,0.0,1.0,1.0,1.0,1.0,0.7,0.0,0.04137,0.07522,0.25,1.0,1.0,1.0,0.0,0.96224,0.75,0.75,0.0,0.8,0.11187,0.4378,0.5,0.4378,1.0,1.0,0.5,0.5,0.5,0.0,0.0,1.0,1.0,1.0,0.79326,0.216,1.0,0.2,0.0,1.0,0.0,1.0,0.0,1.0
0.0,0.0,0.0,0.0,0.6,0.6,0.00216,0.6,0.43333,0.0,0.5,0.0,0.0,0.08,0.32,0.0,0.94288,1.0,1.0,1.0,1.0,1.0,0.0,0.00074,0.00135,0.25,1.0,1.0,1.0,0.0,1.0,1.0,0.5,0.0,1.0,1.0,0.5,0.55548,0.5,1.0,1.0,0.5,0.5,0.5,0.0,0.0,1.0,1.0,1.0,0.79326,0.216,1.0,0.2,0.0,1.0,0.0,1.0,0.0,1.0
0.0,0.5,0.0,0.5,0.6,0.5,0.00146,0.6,0.46667,0.0,0.5,0.0,1.0,0.08,0.36,0.0,0.93809,1.0,1.0,1.0,1.0,1.0,0.0,0.00068,0.00123,0.25,1.0,1.0,1.0,0.0,1.0,1.0,1.0,0.0,1.0,1.0,0.5,0.55548,0.5,1.0,1.0,0.5,0.5,0.5,0.0,0.0,1.0,1.0,1.0,0.79326,0.216,1.0,0.2,0.0,1.0,0.0,1.0,0.0,1.0
0.0,0.0,0.0,0.0,0.6,0.6,0.00134,0.6,0.53333,0.0,0.5,0.0,0.0,0.04,0.36,0.0,0.9505,1.0,1.0,1.0,1.0,1.0,0.0,0.00066,0.00121,0.25,1.0,1.0,1.0,0.0,1.0,0.75,1.0,0.0,1.0,1.0,0.5,0.55548,0.5,1.0,1.0,0.5,0.5,0.5,0.0,0.0,1.0,1.0,1.0,0.79326,0.216,1.0,0.2,0.0,1.0,0.0,1.0,0.0,1.0
0.0,0.5,0.0,0.5,0.6,0.5,0.00134,0.6,0.56667,0.0,0.5,0.0,1.0,0.04,0.36,0.0,0.95758,1.0,1.0,1.0,1.0,1.0,0.0,0.00066,0.00121,0.25,1.0,1.0,1.0,0.0,1.0,1.0,1.0,0.0,0.8,1.0,1.0,1.0,1.0,0.5,0.66667,0.5,0.5,0.5,0.0,0.0,1.0,1.0,1.0,0.79326,0.216,1.0,0.2,0.0,1.0,0.0,1.0,0.0,1.0
0.0,0.0,0.0,0.0,0.6,0.6,0.00133,0.6,0.63333,0.0,0.5,0.0,0.0,0.04,0.36,0.0,0.96838,1.0,1.0,1.0,1.0,1.0,0.0,0.00066,0.00121,0.25,1.0,1.0,1.0,0.0,1.0,0.75,1.0,0.0,1.0,1.0,0.5,1.0,0.5,1.0,1.0,0.5,0.5,0.5,0.0,0.0,1.0,1.0,1.0,0.79326,0.216,1.0,0.2,0.0,1.0,0.0,1.0,0.0,1.0
0.0,0.5,0.0,0.5,0.6,0.5,0.00133,0.6,0.66667,0.0,0.5,0.0,1.0,0.04,0.36,0.0,0.97252,1.0,1.0,1.0,1.0,1.0,0.0,0.00066,0.00121,0.25,1.0,1.0,1.0,0.0,1.0,1.0,1.0,0.0,1.0,1.0,0.5,1.0,0.5,1.0,1.0,0.5,0.5,0.5,0.0,0.0,1.0,1.0,1.0,0.79326,0.216,1.0,0.2,0.0,1.0,0.0,1.0,0.0,1.0
0.5,0.5,0.5,0.5,0.5,0.5,0.15284,0.4,0.4,0.0,0.5,0.0,0.0,0.52,0.0,0.98276,0.0,1.0,1.0,1.0,1.0,0.5,1.0,0.81986,1.0,1.0,1.0,0.93342,0.5,0.0,1.0,0.0,0.5,0.8,1.0,1.0,0.5,0.5,0.5,1.0,1.0,0.5,0.5,0.5,0.0,0.0,1.0,1.0,1.0,0.5,0.5,0.2,0.6,1.0,1.0,1.0,1.0,0.0,0.5
0.0,0.0,0.0,0.0,0.2,0.2,0.12474,0.2,0.46667,0.0,0.5,0.0,0.0,0.6,0.0,0.97843,0.0,1.0,1.0,1.0,1.0,0.8,1.0,0.83246,1.0,0.75,0.84572,0.6823,0.0,0.0,1.0,0.0,1.0,0.8,1.0,1.0,0.5,0.5,0.5,1.0,1.0,0.5,0.5,0.5,0.0,0.0,1.0,1.0,1.0,0.5,0.5,0.2,0.6,1.0,0.0,1.0,1.0,0.0,1.0
0.5,0.5,0.5,0.5,0.5,0.5,0.2,0.6,0.03333,0.0,0.5,0.0,0.0,0.2,0.0,0.5,0.5,0.5,0.5,0.5,0.5,0.5,0.5,0.0,0.0,0.5,1.0,1.0,1.0,0.0,0.0,0.5,0.5,0.8,1.0,1.0,0.5,0.5,0.5,1.0,1.0,0.5,0.5,0.5,0.5,0.5,1.0,0.5,0.5,0.5,0.5,0.2,0.6,1.0,1.0,1.0,1.0,0.5,0.5
0.5,0.5,0.5,0.5,0.5,0.5,0.1,0.55,0.03333,0.0,1.0,0.0,0.0,0.1,0.0,0.5,0.5,0.5,0.5,0.5,0.5,0.5,0.5,0.0,0.0,0.55556,1.0,1.0,1.0,0.0,0.0,0.5,0.5,0.8,1.0,1.0,0.5,0.5,0.5,1.0,1.0,0.5,0.5,0.5,0.5,0.5,1.0,0.5,0.5,0.5,0.5,0.2,0.6,1.0,1.0,1.0,1.0,0.5,0.5
1.0,1.0,1.0,1.0,0.6,1.0,0.08173,0.3,0.4,0.0,1.0,0.0,0.0,0.58,0.04,0.96344,0.0,1.0,1.0,1.0,1.0,0.53333,1.0,0.94815,1.0,0.11111,0.78872,0.63979,0.0,0.0,0.99342,0.88889,0.66667,0.45,0.8,0.83192,0.24634,0.5,0.24634,1.0,1.0,0.5,0.5,0.5,0.0,0.0,1.0,1.0,1.0,0.40952,0.36815,0.55,0.4,0.75,1.0,1.0,1.0,0.75,1.0
0.5,0.5,0.5,0.5,0.5,0.5,0.1,0.55,0.03333,0.0,1.0,0.0,0.0,0.1,0.0,0.5,0.5,0.5,0.5,0.5,0.5,0.5,0.5,0.0,0.0,0.55556,1.0,1.0,1.0,0.0,0.0,0.5,0.5,0.8,1.0,1.0,0.5,0.5,0.5,1.0,1.0,0.5,0.5,0.5,0.5,0.5,1.0,0.5,0.5,0.5,0.5,0.2,0.6,1.0,1.0,1.0,1.0,0.5,0.5
0.0,1.0,0.0,0.0,0.3,0.4,0.10712,1.0,0.26667,0.0,1.0,0.0,0.0,0.54,0.0,0.91019,0.0,1.0,1.0,1.0,1.0,0.53333,1.0,0.81223,1.0,0.0,1.0,1.0,1.0,0.0,0.99336,1.0,0.33333,0.8,1.0,1.0,0.5,0.5,0.5,1.0,1.0,0.5,0.5,0.5,0.12846,0.15647,0.6,1.0,1.0,0.5,0.5,0.6,0.5,0.8,1.0,1.0,1.0,0.0,1.0
0.5,0.5,0.5,0.5,0.5,0.5,0.1,0.55,0.03333,0.0,1.0,0.0,0.0,0.1,0.0,0.5,0.5,0.5,0.5,0.5,0.5,0.5,0.5,0.0,0.0,0.55556,1.0,1.0,1.0,0.0,0.0,0.5,0.5,0.8,1.0,1.0,0.5,0.5,0.5,1.0,1.0,0.5,0.5,0.5,0.5,0.5,1.0,0.5,0.5,0.5,0.5,0.2,0.6,1.0,1.0,1.0,1.0,0.5,0.5
0.0,0.0,0.0,0.0,0.1,0.1,0.07518,0.1,0.26667,0.0,1.0,0.0,0.0,0.11,0.0,0.98996,0.0,1.0,0.97778,1.0,1.0,1.0,0.0,0.01868,0.03397,0.0,1.0,1.0,1.0,0.0,1.0,1.0,0.44444,0.8,1.0,1.0,0.5,0.5,0.5,1.0,1.0,0.5,0.5,0.5,0.0,0.0,1.0,1.0,1.0,0.5,0.5,1.0,0.1,1.0,1.0,1.0,1.0,1.0,1.0
0.0,0.0,0.0,0.0,0.1,0.1,0.07518,0.1,0.46667,0.0,1.0,0.0,0.0,0.1,0.0,0.99683,0.0,1.0,1.0,1.0,1.0,1.0,0.0,0.01868,0.03397,0.0,1.0,1.0,1.0,0.0,1.0,1.0,1.0,0.8,1.0,1.0,0.5,0.5,0.5,1.0,1.0,0.5,0.5,0.5,0.0,0.0,1.0,1.0,1.0,0.5,0.5,1.0,0.1,1.0,1.0,1.0,1.0,1.0,0.44444
0.0,0.0,0.0,0.0,0.1,0.1,0.07518,0.1,0.66667,0.0,1.0,0.0,0.0,0.1,0.0,0.99924,0.0,1.0,1.0,1.0,1.0,1.0,0.0,0.01868,0.03397,0.0,1.0,1.0,1.0,0.0,1.0,1.0,1.0,0.8,1.0,1.0,0.5,0.5,0.5,1.0,1.0,0.5,0.5,0.5,0.0,0.0,1.0,1.0,1.0,0.5,0.5,1.0,0.1,1.0,1.0,1.0,1.0,1.0,0.44444
0.5,0.5,0.5,0.5,0.5,0.5,0.1,0.55,0.03333,0.0,1.0,0.0,0.0,0.1,0.0,0.5,0.5,0.5,0.5,0.5,0.5,0.5,0.5,0.0,0.0,0.55556,1.0,1.0,1.0,0.0,0.0,0.5,0.5,0.8,1.0,1.0,0.5,0.5,0.5,1.0,1.0,0.5,0.5,0.5,0.5,0.5,1.0,0.5,0.5,0.5,0.5,0.2,0.6,1.0,1.0,1.0,1.0,0.5,0.5
0.5,0.5,0.5,0.5,0.5,0.5,0.1,0.55,0.03333,0.0,1.0,0.0,0.0,0.1,0.0,0.5,0.5,0.5,0.5,0.5,0.5,0.5,0.5,0.0,0.0,0.55556,1.0,1.0,1.0,0.0,0.0,0.5,0.5,0.8,1.0,1.0,0.5,0.5,0.5,1.0,1.0,0.5,0.5,0.5,0.5,0.5,1.0,0.5,0.5,0.5,0.5,0.2,0.6,1.0,1.0,1.0,1.0,0.5,0.5
0.0,0.0,0.0,0.0,0.1,0.1,0.05577,0.1,0.3,0.0,1.0,0.0,0.0,0.48,0.03,0.98084,0.0,1.0,1.0,0.8,1.0,0.46667,1.0,0.83809,1.0,0.22222,0.6197,0.46507,0.0,0.0,0.96089,0.77778,0.44444,0.8,1.0,1.0,0.5,0.5,0.5,1.0,1.0,0.5,0.5,0.5,0.03857,0.0,0.6,1.0,1.0,0.0,0.12667,0.6,0.2,0.25,1.0,1.0,1.0,0.0,1.0
0.5,0.5,0.5,0.5,0.5,0.5,0.1,0.55,0.03333,0.0,1.0,0.0,0.0,0.1,0.0,0.5,0.5,0.5,0.5,0.5,0.5,0.5,0.5,0.0,0.0,0.55556,1.0,1.0,1.0,0.0,0.0,0.5,0.5,0.8,1.0,1.0,0.5,0.5,0.5,1.0,1.0,0.5,0.5,0.5,0.5,0.5,1.0,0.5,0.5,0.5,0.5,0.2,0.6,1.0,1.0,1.0,1.0,0.5,0.5
1.0,1.0,1.0,1.0,0.5,1.0,0.06668,0.2,0.23333,0.0,1.0,0.0,0.0,0.36,0.03,0.91173,0.0,0.97778,1.0,1.0,1.0,0.64444,1.0,0.66103,1.0,0.11111,0.77115,0.64333,0.0,0.0,0.83933,0.66667,0.44444,0.2,0.9,0.93586,1.0,0.5,1.0,1.0,1.0,0.5,0.5,0.5,0.0,0.0,1.0,1.0,1.0,1.0,1.0,0.8,0.3,1.0,1.0,1.0,1.0,0.5,1.0
1.0,0.0,1.0,0.0,0.2,0.2,0.022,0.1,0.5,0.0,1.0,0.0,0.0,0.39,0.04,0.0,0.98477,0.95556,1.0,1.0,1.0,0.95556,1.0,0.63251,1.0,0.11111,0.36912,0.26287,0.0,0.0,0.5625,0.77778,0.66667,0.8,1.0,1.0,0.5,1.0,0.5,1.0,1.0,0.5,0.5,0.5,0.17739,0.08149,0.2,1.0,1.0,1.0,1.0,1.0,0.1,0.0,1.0,0.0,1.0,0.33333,1.0
1.0,0.5,1.0,0.5,0.1,0.5,0.02286,0.1,0.53333,0.0,1.0,0.0,1.0,0.38,0.04,0.0,0.98798,0.95556,0.95556,1.0,1.0,0.95556,0.0,0.58173,1.0,0.11111,0.47452,0.32462,0.0,0.0,0.66667,1.0,0.88889,0.8,1.0,1.0,0.5,1.0,0.5,1.0,1.0,0.94722,1.0,0.5,0.0,0.07809,1.0,1.0,1.0,0.94722,1.0,1.0,0.1,0.0,1.0,0.0,1.0,0.0,1.0
1.0,0.5,0.0,0.5,0.1,0.5,0.02277,0.1,0.56667,0.0,1.0,0.0,1.0,0.35,0.04,0.0,0.98779,1.0,0.95556,1.0,1.0,1.0,0.0,0.57585,1.0,0.11111,0.50232,0.34421,0.0,0.0,0.66667,1.0,1.0,0.55,0.9,0.97673,1.0,1.0,0.20316,1.0,1.0,0.94722,1.0,1.0,0.0,0.0,1.0,1.0,1.0,0.94722,1.0,1.0,0.1,0.0,1.0,0.0,1.0,0.0,0.44444
1.0,0.5,0.0,0.5,0.2,0.5,0.02235,0.2,0.6,0.0,1.0,0.0,1.0,0.33,0.04,0.0,0.98592,1.0,0.95556,1.0,1.0,1.0,0.0,0.57037,1.0,0.11111,0.52387,0.36006,0.0,0.0,0.66667,1.0,1.0,0.3,0.9,0.97789,1.0,1.0,0.48932,1.0,1.0,0.94722,1.0,1.0,0.0,0.0,1.0,1.0,1.0,0.94722,1.0,1.0,0.1,0.0,1.0,0.0,1.0,0.0,0.44444
1.0,0.5,0.0,0.5,0.2,0.5,0.02177,0.2,0.63333,0.0,1.0,0.0,1.0,0.31,0.04,0.0,0.98402,1.0,0.95556,1.0,1.0,1.0,0.0,0.56519,1.0,0.11111,0.54313,0.37441,0.0,0.0,0.66667,1.0,1.0,0.25,0.9,0.97894,1.0,1.0,0.78624,1.0,1.0,0.94722,1.0,1.0,0.0,0.0,1.0,1.0,1.0,0.94722,1.0,1.0,0.1,0.0,1.0,0.0,1.0,0.0,0.44444
1.0,0.5,0.0,0.5,0.2,0.5,0.0216,0.2,0.66667,0.0,1.0,0.0,1.0,0.3,0.04,0.0,0.98304,1.0,0.95556,1.0,1.0,1.0,0.0,0.56033,1.0,0.11111,0.57424,0.39741,0.0,0.0,0.66667,1.0,1.0,0.2,0.9,0.97972,1.0,1.0,0.86132,1.0,1.0,0.94722,1.0,1.0,0.0,0.0,1.0,1.0,1.0,0.94722,1.0,1.0,0.1,0.0,1.0,0.0,1.0,0.0,0.44444
0.5,0.5,0.5,0.5,0.5,0.5,0.03585,0.1,0.96667,0.0,1.0,0.0,0.0,0.21,0.03,0.0,0.88576,0.88889,0.8,0.97778,0.8,0.5,0.0,0.75868,1.0,0.22222,0.41317,0.26817,0.0,0.0,0.55329,0.55556,0.5,0.0,0.9,0.85071,0.20569,0.5,0.32323,1.0,1.0,0.5,0.5,0.5,0.0,0.0,1.0,1.0,1.0,0.0,0.21612,1.0,0.1,0.0,1.0,0.0,1.0,0.0,0.5
0.5,0.5,0.5,0.5,0.5,0.5,0.10568,0.6,0.16667,0.0,1.0,0.0,0.0,0.67,0.0,0.9521,0.0,1.0,1.0,1.0,1.0,0.5,1.0,0.90288,1.0,0.11111,1.0,0.92584,0.75,0.0,0.94984,1.0,0.5,0.8,1.0,1.0,0.5,0.5,0.5,1.0,1.0,0.5,0.5,0.5,0.0,0.0,1.0,1.0,1.0,0.5,0.5,0.2,0.4,0.75,1.0,1.0,1.0,0.75,0.5
0.5,0.5,0.5,0.5,0.5,0.5,0.1,0.55,0.03333,0.0,1.0,0.0,0.0,0.1,0.0,0.5,0.5,0.5,0.5,0.5,0.5,0.5,0.5,0.0,0.0,0.55556,1.0,1.0,1.0,0.0,0.0,0.5,0.5,0.8,1.0,1.0,0.5,0.5,0.5,1.0,1.0,0.5,0.5,0.5,0.5,0.5,1.0,0.5,0.5,0.5,0.5,0.2,0.6,1.0,1.0,1.0,1.0,0.5,0.5
1.0,0.5,0.0,0.5,0.5,0.5,0.09719,0.5,0.06667,0.0,1.0,0.0,1.0,0.61,0.0,0.5,0.5,0.0,1.0,1.0,1.0,0.0,1.0,0.93963,1.0,0.55556,0.98408,0.90828,0.5,0.0,0.9,1.0,0.66667,0.8,1.0,1.0,0.5,0.5,0.5,1.0,1.0,0.5,0.5,0.5,0.5,0.5,1.0,1.0,1.0,0.5,0.5,0.2,0.5,1.0,0.5,1.0,1.0,0.75,1.0
1.0,0.5,1.0,0.5,0.3,0.5,0.09884,0.3,0.1,0.0,1.0,0.0,1.0,0.8,0.0,0.0,1.0,1.0,1.0,1.0,1.0,1.0,0.0,0.93206,1.0,0.55556,1.0,0.97629,0.5,1.0,0.96273,1.0,1.0,0.8,1.0,1.0,0.5,0.5,0.5,1.0,1.0,0.5,0.5,0.5,0.13234,0.0,0.6,1.0,1.0,0.5,0.5,0.6,0.5,1.0,0.75,1.0,1.0,1.0,1.0
1.0,1.0,1.0,1.0,1.0,1.0,0.0972,0.4,0.23333,0.0,1.0,0.0,0.0,0.68,0.01,0.88692,0.0,1.0,1.0,1.0,1.0,0.44444,1.0,0.88955,1.0,0.0,0.93685,0.84119,0.25,0.0,0.98761,1.0,1.0,0.8,1.0,1.0,0.5,0.5,0.5,1.0,1.0,0.62634,0.55333,1.0,0.10738,0.13536,0.6,1.0,1.0,0.62634,0.55333,0.6,0.4,0.75,0.33333,1.0,1.0,1.0,1.0
1.0,1.0,1.0,0.0,0.6,0.4,0.06679,0.2,0.53333,0.0,1.0,0.0,0.0,0.51,0.05,0.99965,0.0,1.0,1.0,1.0,1.0,1.0,0.0,0.9738,1.0,0.0,0.59931,0.48644,0.0,0.0,0.99205,1.0,1.0,0.8,1.0,1.0,0.5,0.97645,0.5,1.0,1.0,0.51189,0.49566,1.0,0.1789,0.05599,0.3,1.0,1.0,0.37117,0.6375,0.9,0.3,0.5,1.0,1.0,1.0,0.0,1.0
0.5,0.5,0.5,0.5,0.5,0.5,0.1,0.55,0.03333,0.0,1.0,0.0,0.0,0.1,0.0,0.5,0.5,0.5,0.5,0.5,0.5,0.5,0.5,0.0,0.0,0.55556,1.0,1.0,1.0,0.0,0.0,0.5,0.5,0.8,1.0,1.0,0.5,0.5,0.5,1.0,1.0,0.5,0.5,0.5,0.5,0.5,1.0,0.5,0.5,0.5,0.5,0.2,0.6,1.0,1.0,1.0,1.0,0.5,0.5
0.5,0.5,0.5,0.5,0.5,0.5,0.1,0.55,0.03333,0.0,1.0,0.0,0.0,0.1,0.0,0.5,0.5,0.5,0.5,0.5,0.5,0.5,0.5,0.0,0.0,0.55556,1.0,1.0,1.0,0.0,0.0,0.5,0.5,0.8,1.0,1.0,0.5,0.5,0.5,1.0,1.0,0.5,0.5,0.5,0.5,0.5,1.0,0.5,0.5,0.5,0.5,0.2,0.6,1.0,1.0,1.0,1.0,0.5,0.5
0.0,1.0,0.0,1.0,0.2,0.8,0.00098,0.3,0.6,0.0,1.0,0.0,0.0,0.06,0.09,0.98685,0.0,0.97778,1.0,0.97778,1.0,0.77778,0.0,0.00063,0.00115,0.55556,1.0,1.0,1.0,0.0,0.76931,0.33333,0.55556,0.0,1.0,1.0,0.5,0.5,0.5,1.0,1.0,0.5,0.5,0.5,0.0,0.0,1.0,1.0,1.0,0.87654,0.70714,1.0,0.1,0.0,1.0,0.0,1.0,0.0,1.0
0.5,0.5,0.5,0.5,0.5,0.5,0.00972,0.3,0.43333,0.0,1.0,0.0,0.0,0.28,0.17,0.0,0.9954,0.91111,0.91111,0.75556,1.0,0.5,0.0,0.00046,0.00084,0.11111,1.0,1.0,1.0,0.0,0.74933,0.77778,0.5,0.0,1.0,1.0,0.5,0.5,0.5,1.0,1.0,0.5,0.5,0.5,0.0,0.0,1.0,1.0,1.0,0.97989,0.58703,1.0,0.1,0.0,1.0,0.0,1.0,0.0,0.5
0.0,0.0,0.0,0.0,0.3,0.3,0.00811,0.3,0.53333,0.0,1.0,0.0,0.0,0.12,0.17,0.0,0.99675,0.91111,0.91111,0.73333,0.91111,0.91111,0.0,0.00034,0.00061,0.11111,1.0,1.0,1.0,0.0,0.74763,0.77778,1.0,0.0,0.9,0.92814,1.0,0.5,1.0,1.0,1.0,0.5,0.5,0.5,0.0,0.0,1.0,1.0,1.0,0.97989,0.58703,1.0,0.1,0.0,1.0,0.0,1.0,0.0,1.0
0.0,0.0,0.0,0.0,0.3,0.3,0.00794,0.3,0.66667,0.0,1.0,0.0,0.0,0.1,0.17,0.0,0.99927,0.91111,0.88889,0.82222,0.95556,0.91111,0.0,0.00032,0.00059,0.11111,1.0,1.0,1.0,0.0,0.745,0.66667,1.0,0.3,1.0,1.0,0.5,1.0,0.5,1.0,1.0,0.5,0.5,0.5,0.0,0.0,1.0,1.0,1.0,0.97989,0.58703,1.0,0.1,0.0,1.0,0.0,1.0,0.0,1.0
0.0,0.0,0.0,0.0,0.3,0.3,0.0078,0.3,0.73333,0.0,1.0,0.0,0.0,0.1,0.18,0.0,0.98589,0.97778,0.93333,0.84444,0.62222,0.97778,0.0,0.00027,0.00049,0.11111,1.0,1.0,1.0,0.0,0.74447,1.0,1.0,0.45,1.0,1.0,0.5,1.0,0.5,1.0,1.0,0.5,0.5,0.5,0.0,0.0,1.0,0.0,0.0,1.0,0.5007,1.0,0.1,0.0,1.0,0.0,1.0,0.0,0.33333
0.5,0.5,0.5,0.5,0.5,0.5,0.1,0.55,0.03333,0.0,1.0,0.0,0.0,0.1,0.0,0.5,0.5,0.5,0.5,0.5,0.5,0.5,0.5,0.0,0.0,0.55556,1.0,1.0,1.0,0.0,0.0,0.5,0.5,0.8,1.0,1.0,0.5,0.5,0.5,1.0,1.0,0.5,0.5,0.5,0.5,0.5,1.0,0.5,0.5,0.5,0.5,0.2,0.6,1.0,1.0,1.0,1.0,0.5,0.5
0.5,0.5,0.5,0.5,0.5,0.5,0.1,0.55,0.03333,0.0,1.0,0.0,0.0,0.1,0.0,0.5,0.5,0.5,0.5,0.5,0.5,0.5,0.5,0.0,0.0,0.55556,1.0,1.0,1.0,0.0,0.0,0.5,0.5,0.8,1.0,1.0,0.5,0.5,0.5,1.0,1.0,0.5,0.5,0.5,0.5,0.5,1.0,0.5,0.5,0.5,0.5,0.2,0.6,1.0,1.0,1.0,1.0,0.5,0.5
0.5,0.5,0.5,0.5,0.5,0.5,0.1,0.55,0.03333,0.0,1.0,0.0,0.0,0.1,0.0,0.5,0.5,0.5,0.5,0.5,0.5,0.5,0.5,0.0,0.0,0.55556,1.0,1.0,1.0,0.0,0.0,0.5,0.5,0.8,1.0,1.0,0.5,0.5,0.5,1.0,1.0,0.5,0.5,0.5,0.5,0.5,1.0,0.5,0.5,0.5,0.5,0.2,0.6,1.0,1.0,1.0,1.0,0.5,0.5
1.0,0.5,1.0,0.5,0.9,0.5,0.11375,0.9,0.06667,0.0,1.0,0.0,1.0,0.56,0.0,0.5,0.5,0.0,1.0,1.0,1.0,0.0,1.0,0.73882,1.0,0.77778,1.0,1.0,1.0,0.0,1.0,1.0,0.66667,0.8,1.0,1.0,0.5,0.5,0.5,1.0,1.0,0.5,0.5,0.5,0.5,0.5,1.0,1.0,1.0,0.5,0.5,0.4,0.3,1.0,1.0,1.0,1.0,1.0,1.0
1.0,0.5,1.0,0.5,1.0,0.5,0.12483,1.0,0.1,0.0,1.0,0.0,1.0,0.67,0.0,0.0,1.0,1.0,1.0,1.0,1.0,1.0,0.0,0.73471,1.0,0.77778,1.0,1.0,1.0,0.0,0.98933,1.0,1.0,0.8,1.0,1.0,0.5,0.5,0.5,1.0,1.0,0.5,0.5,0.5,0.0,0.0,1.0,1.0,1.0,0.5,0.5,0.35,0.3,1.0,1.0,1.0,1.0,1.0,1.0
0.0,0.0,0.0,0.0,1.0,1.0,0.0682,0.2,0.0,0.90909,1.0,0.0,0.0,0.43,0.0,0.0,0.99648,1.0,1.0,1.0,1.0,0.46667,0.0,0.92625,1.0,0.0,0.717,0.57204,0.2,0.0,0.9991,1.0,0.66667,0.8,1.0,1.0,0.5,0.5,0.5,1.0,1.0,0.5,0.5,0.5,0.08026,0.18675,0.6,1.0,1.0,0.5,0.5,0.6,0.6,1.0,1.0,1.0,1.0,0.0,1.0
0.5,0.5,0.5,0.5,0.5,0.5,0.1,0.55,0.03333,0.0,1.0,0.0,0.0,0.1,0.0,0.5,0.5,0.5,0.5,0.5,0.5,0.5,0.5,0.0,0.0,0.55556,1.0,1.0,1.0,0.0,0.0,0.5,0.5,0.8,1.0,1.0,0.5,0.5,0.5,1.0,1.0,0.5,0.5,0.5,0.5,0.5,1.0,0.5,0.5,0.5,0.5,0.2,0.6,1.0,1.0,1.0,1.0,0.5,0.5
0.5,0.5,0.5,0.5,0.5,0.5,0.1,0.55,0.03333,0.0,1.0,0.0,0.0,0.1,0.0,0.5,0.5,0.5,0.5,0.5,0.5,0.5,0.5,0.0,0.0,0.55556,1.0,1.0,1.0,0.0,0.0,0.5,0.5,0.8,1.0,1.0,0.5,0.5,0.5,1.0,1.0,0.5,0.5,0.5,0.5,0.5,1.0,0.5,0.5,0.5,0.5,0.2,0.6,1.0,1.0,1.0,1.0,0.5,0.5
1.0,1.0,1.0,1.0,0.9,1.0,0.10126,0.5,0.2,0.0,1.0,0.0,0.0,0.37,0.02,0.89966,0.0,1.0,1.0,1.0,0.75556,0.64444,1.0,0.92657,1.0,0.11111,1.0,0.81795,0.25,0.0,0.95136,0.88889,0.66667,0.45,0.9,0.88512,0.32939,0.5,0.2196,1.0,1.0,0.5,0.5,0.5,0.0,0.06936,1.0,1.0,1.0,0.5,0.5,0.55,0.4,0.75,1.0,1.0,1.0,0.75,1.0
1.0,1.0,1.0,1.0,0.8,0.8,0.1483,0.9,0.33333,0.0,1.0,0.0,0.0,0.38,0.09,0.0,0.96363,1.0,1.0,0.91111,1.0,1.0,0.0,0.87478,1.0,0.0,1.0,0.96028,0.66667,0.0,0.98706,0.88889,0.88889,0.8,1.0,1.0,0.5,1.0,0.5,1.0,1.0,0.5,0.5,0.5,0.0,1.0,1.0,1.0,1.0,0.5,0.5,0.2,0.4,1.0,1.0,0.33333,1.0,0.0,1.0
1.0,0.5,1.0,0.5,1.0,0.5,0.15318,1.0,0.36667,0.0,1.0,0.0,1.0,0.42,0.08,0.0,0.98762,1.0,1.0,1.0,1.0,1.0,0.0,0.84957,1.0,0.0,1.0,1.0,1.0,0.0,0.98922,1.0,1.0,0.8,1.0,1.0,0.5,1.0,0.5,1.0,1.0,0.5,0.5,0.5,0.0,0.0,1.0,1.0,1.0,0.5,0.5,0.2,0.4,1.0,1.0,0.33333,1.0,1.0,1.0
1.0,1.0,1.0,1.0,1.0,1.0,0.21329,1.0,0.46667,0.0,1.0,0.0,0.0,0.39,0.02,0.0,0.99195,0.91111,1.0,0.91111,0.53333,0.91111,1.0,0.90455,1.0,0.22222,1.0,1.0,1.0,0.0,1.0,0.77778,0.88889,0.8,1.0,1.0,0.5,1.0,0.5,1.0,1.0,0.5,0.5,0.5,0.03409,0.0,0.95,1.0,1.0,1.0,1.0,0.3,0.3,1.0,1.0,0.5,1.0,0.0,1.0
0.0,0.0,0.0,0.0,1.0,0.9,0.11831,0.7,0.0,0.83333,1.0,0.0,0.0,0.11,0.05,0.0,0.99758,1.0,1.0,0.64444,1.0,0.46667,1.0,0.86221,1.0,0.55556,0.55526,0.38433,0.0,0.0,1.0,1.0,0.88889,0.8,1.0,1.0,0.5,1.0,0.5,1.0,1.0,1.0,0.0497,0.82748,0.89468,0.00356,0.85,1.0,1.0,1.0,1.0,0.35,0.2,1.0,1.0,1.0,1.0,0.0,0.66667
0.5,0.5,0.5,0.5,0.5,0.5,0.1,0.55,0.03333,0.0,1.0,0.0,0.0,0.1,0.0,0.5,0.5,0.5,0.5,0.5,0.5,0.5,0.5,0.0,0.0,0.55556,1.0,1.0,1.0,0.0,0.0,0.5,0.5,0.8,1.0,1.0,0.5,0.5,0.5,1.0,1.0,0.5,0.5,0.5,0.5,0.5,1.0,0.5,0.5,0.5,0.5,0.2,0.6,1.0,1.0,1.0,1.0,0.5,0.5
0.0,1.0,0.0,1.0,0.1,0.9,0.13416,0.9,0.36667,0.0,1.0,0.0,0.0,0.36,0.0,0.94446,0.0,1.0,1.0,1.0,1.0,0.68889,1.0,0.915,1.0,0.11111,1.0,0.79704,0.66667,0.0,1.0,0.88889,0.55556,0.8,1.0,1.0,0.5,0.5,0.5,1.0,1.0,0.5,0.5,0.5,0.0,0.0,1.0,1.0,1.0,0.5,0.5,0.2,0.4,1.0,0.33333,1.0,1.0,0.0,1.0
0.5,0.5,0.5,0.5,0.5,0.5,0.1,0.55,0.03333,0.0,1.0,0.0,0.0,0.1,0.0,0.5,0.5,0.5,0.5,0.5,0.5,0.5,0.5,0.0,0.0,0.55556,1.0,1.0,1.0,0.0,0.0,0.5,0.5,0.8,1.0,1.0,0.5,0.5,0.5,1.0,1.0,0.5,0.5,0.5,0.5,0.5,1.0,0.5,0.5,0.5,0.5,0.2,0.6,1.0,1.0,1.0,1.0,0.5,0.5
0.0,1.0,0.0,1.0,0.2,0.9,0.11552,0.9,0.1,0.0,1.0,0.0,0.0,0.39,0.0,0.90979,0.0,0.75556,1.0,1.0,1.0,0.66667,1.0,0.93691,1.0,0.11111,1.0,0.96648,0.75,0.0,0.95077,0.88889,0.66667,0.8,1.0,1.0,0.5,0.5,0.5,1.0,1.0,0.5,0.5,0.5,0.0,0.0,1.0,1.0,1.0,0.5,0.5,0.2,0.4,0.75,1.0,1.0,1.0,0.0,1.0
1.0,0.0,0.0,0.0,0.9,0.8,0.1288,0.8,0.5,0.0,1.0,0.0,0.0,0.28,0.0,0.97741,0.0,0.88889,0.88889,1.0,1.0,0.75556,1.0,0.99597,1.0,0.11111,1.0,1.0,1.0,0.0,0.8,0.88889,0.77778,0.8,1.0,1.0,0.5,0.5,0.5,1.0,1.0,0.5,0.5,0.5,0.0,0.0,1.0,1.0,1.0,0.5,0.5,0.2,0.4,0.75,1.0,1.0,1.0,0.75,1.0
0.5,0.5,0.5,0.5,0.5,0.5,0.06578,0.4,0.16667,0.0,0.0,0.66667,0.0,0.25333,0.0,0.93799,0.0,0.93333,1.0,1.0,1.0,0.5,1.0,0.67133,1.0,0.28571,1.0,0.89861,0.33333,0.0,0.93868,1.0,0.5,0.8,1.0,1.0,0.5,0.5,0.5,1.0,1.0,0.5,0.5,0.5,0.0,0.0,1.0,1.0,1.0,0.5,0.5,0.33333,0.2,0.66667,1.0,1.0,1.0,0.0,0.5
0.5,0.5,0.5,0.5,0.5,0.5,0.07515,1.0,0.06667,0.0,0.0,0.66667,0.0,0.56889,0.0,0.5,0.5,0.0,1.0,1.0,1.0,0.5,1.0,0.59351,1.0,0.07143,1.0,1.0,1.0,0.0,0.91846,1.0,0.5,0.8,1.0,1.0,0.5,0.5,0.5,1.0,1.0,0.5,0.5,0.5,0.5,0.5,1.0,1.0,1.0,0.5,0.5,0.2,0.53333,0.53846,1.0,1.0,1.0,0.69231,0.5
0.0,0.0,0.0,0.0,1.0,0.4,0.06698,0.4,0.13333,0.0,0.0,0.66667,0.0,0.78222,0.0,0.0,1.0,1.0,1.0,1.0,1.0,1.0,1.0,0.81127,1.0,0.28571,1.0,0.94961,0.4,0.0,0.9632,1.0,0.78571,0.8,1.0,1.0,0.5,0.5,0.5,1.0,1.0,0.5,0.5,0.5,0.11668,0.0,0.6,1.0,1.0,0.5,0.5,0.6,0.53333,0.7,0.85714,1.0,1.0,1.0,1.0
1.0,0.5,1.0,0.5,0.93333,0.5,0.07434,0.93333,0.16667,0.0,0.0,0.66667,1.0,0.70222,0.00444,0.64571,0.0,0.58095,1.0,1.0,1.0,0.58095,1.0,0.84321,1.0,0.07143,1.0,1.0,1.0,0.0,0.97758,1.0,0.92857,0.8,1.0,1.0,0.5,0.5,0.5,1.0,1.0,0.6179,0.55333,0.5,0.13238,0.01513,0.6,1.0,1.0,0.6179,0.55333,0.6,0.6,0.88889,1.0,1.0,1.0,0.77778,1.0
0.5,0.5,0.5,0.5,0.5,0.5,0.06587,0.6,0.06667,0.0,0.0,0.66667,0.0,0.52444,0.0,0.5,0.5,0.0,1.0,1.0,1.0,0.5,1.0,0.87064,1.0,0.35714,0.98251,0.86893,0.55556,0.0,0.92001,1.0,0.5,0.8,1.0,1.0,0.5,0.5,0.5,1.0,1.0,0.5,0.5,0.5,0.5,0.5,1.0,1.0,1.0,0.5,0.5,0.2,0.33333,0.44444,1.0,1.0,1.0,0.77778,0.5
0.0,1.0,0.0,1.0,0.13333,0.8,0.04581,0.06667,0.3,0.0,0.0,0.66667,0.0,0.82222,0.0,0.98879,0.0,1.0,1.0,1.0,1.0,0.86667,0.0,0.00694,0.01261,0.0,1.0,1.0,1.0,0.0,1.0,0.0,0.35714,0.8,1.0,1.0,0.5,0.5,0.5,1.0,1.0,0.5,0.5,0.5,0.0,0.0,1.0,1.0,1.0,0.5,0.5,1.0,0.06667,1.0,1.0,1.0,1.0,1.0,1.0
0.0,0.5,0.0,0.5,0.06667,0.5,0.04261,0.06667,0.33333,0.0,0.0,0.66667,1.0,0.81778,0.0,0.98207,0.0,1.0,1.0,1.0,1.0,1.0,0.0,0.006,0.01091,0.0,1.0,1.0,1.0,0.0,1.0,1.0,1.0,0.8,1.0,1.0,0.5,0.5,0.5,1.0,1.0,0.5,0.5,0.5,0.0,0.0,1.0,1.0,1.0,0.5,0.5,1.0,0.06667,1.0,1.0,1.0,1.0,1.0,0.64286
0.0,0.5,0.0,0.5,0.06667,0.5,0.03928,0.06667,0.36667,0.0,0.0,0.66667,1.0,0.80889,0.0,0.98321,0.0,1.0,1.0,1.0,1.0,1.0,0.0,0.0051,0.00928,0.0,1.0,1.0,1.0,0.0,1.0,1.0,1.0,0.8,1.0,1.0,0.5,0.5,0.5,1.0,1.0,0.5,0.5,0.5,0.0,0.0,1.0,1.0,1.0,0.5,0.5,1.0,0.06667,1.0,1.0,1.0,1.0,1.0,0.64286
0.5,0.5,0.5,0.5,0.5,0.5,0.06771,0.6,0.06667,0.0,0.0,0.66667,0.0,0.54667,0.0,0.5,0.5,0.0,1.0,1.0,1.0,0.5,1.0,0.82129,1.0,0.64286,1.0,0.98912,0.8,0.0,0.9096,0.71429,0.5,0.8,1.0,1.0,0.5,0.5,0.5,1.0,1.0,0.5,0.5,0.5,0.5,0.5,1.0,1.0,1.0,0.5,0.5,0.2,0.4,1.0,1.0,1.0,1.0,0.6,0.5
1.0,1.0,0.0,0.0,0.4,0.6,0.06769,0.6,0.13333,0.0,0.0,0.66667,0.0,0.71111,0.0,0.97157,0.0,0.48571,1.0,1.0,1.0,0.48571,1.0,0.8769,1.0,0.07143,1.0,0.8891,0.5,0.0,0.96956,1.0,0.92857,0.8,1.0,1.0,0.5,0.5,0.5,1.0,1.0,0.5,0.5,0.5,0.0,0.03112,1.0,1.0,1.0,0.5,0.5,0.2,0.4,0.83333,0.8,1.0,1.0,1.0,1.0
1.0,0.5,1.0,0.5,0.73333,0.5,0.06849,0.73333,0.16667,0.0,0.0,0.66667,1.0,0.65778,0.0,0.87634,0.0,1.0,1.0,1.0,1.0,1.0,0.0,0.54956,0.9992,0.0,1.0,0.85354,0.6,0.0,0.98801,1.0,0.92857,0.8,1.0,1.0,0.5,0.5,0.5,1.0,1.0,0.5,0.5,0.5,0.0,0.0,1.0,1.0,1.0,0.5,0.5,0.2,0.4,1.0,1.0,1.0,1.0,0.8,1.0
1.0,1.0,1.0,0.0,0.73333,0.66667,0.06796,0.66667,0.23333,0.0,0.0,0.66667,0.0,0.59111,0.0,0.8661,0.0,1.0,1.0,1.0,1.0,1.0,0.0,0.54078,0.98323,0.0,1.0,0.84448,0.6,0.0,0.99551,1.0,1.0,0.8,1.0,1.0,0.5,0.5,0.5,1.0,1.0,0.5,0.5,0.5,0.0,0.0,1.0,1.0,1.0,0.5,0.5,0.2,0.4,1.0,1.0,1.0,1.0,1.0,1.0
1.0,1.0,0.0,0.0,0.53333,0.6,0.06562,0.6,0.3,0.0,0.0,0.66667,0.0,0.53778,0.0,0.92192,0.0,1.0,1.0,1.0,1.0,1.0,0.0,0.53503,0.97279,0.0,0.97865,0.82982,0.6,0.0,0.99323,1.0,1.0,0.8,1.0,1.0,0.5,0.5,0.5,1.0,1.0,0.5,0.5,0.5,0.0,0.0,1.0,1.0,1.0,0.5,0.5,0.2,0.4,1.0,1.0,1.0,1.0,1.0,1.0
0.5,0.5,0.5,0.5,0.5,0.5,0.02588,0.06667,0.63333,0.0,0.0,0.66667,0.0,0.06667,0.0,0.99822,0.0,1.0,0.99048,1.0,1.0,0.5,0.0,0.00221,0.00403,0.0,1.0,1.0,1.0,0.0,1.0,1.0,0.5,0.8,1.0,1.0,0.5,0.5,0.5,1.0,1.0,0.5,0.5,0.5,0.0,0.0,1.0,1.0,1.0,0.5,0.5,1.0,0.06667,1.0,1.0,1.0,1.0,1.0,0.5
0.0,0.0,0.0,0.0,0.06667,0.06667,0.02588,0.06667,0.8,0.0,0.0,0.66667,0.0,0.06667,0.0,0.99884,0.0,1.0,1.0,1.0,1.0,1.0,0.0,0.00221,0.00403,0.0,1.0,1.0,1.0,0.0,1.0,1.0,1.0,0.8,1.0,1.0,0.5,0.5,0.5,1.0,1.0,0.5,0.5,0.5,0.0,0.0,1.0,1.0,1.0,0.5,0.5,1.0,0.06667,1.0,1.0,1.0,1.0,1.0,0.21429
0.0,0.5,0.0,0.5,0.06667,0.5,0.02588,0.06667,0.83333,0.0,0.0,0.66667,1.0,0.06667,0.0,0.99906,0.0,1.0,1.0,1.0,1.0,1.0,0.0,0.00221,0.00403,0.0,1.0,1.0,1.0,0.0,1.0,1.0,1.0,0.8,1.0,1.0,0.5,0.5,0.5,1.0,1.0,0.5,0.5,0.5,0.0,0.0,1.0,1.0,1.0,0.5,0.5,1.0,0.06667,1.0,1.0,1.0,1.0,1.0,0.21429
0.0,0.5,0.0,0.5,0.06667,0.5,0.02588,0.06667,0.86667,0.0,0.0,0.66667,1.0,0.06667,0.0,0.99924,0.0,1.0,1.0,1.0,1.0,1.0,0.0,0.00221,0.00403,0.0,1.0,1.0,1.0,0.0,1.0,1.0,1.0,0.8,1.0,1.0,0.5,0.5,0.5,1.0,1.0,0.5,0.5,0.5,0.0,0.0,1.0,1.0,1.0,0.5,0.5,1.0,0.06667,1.0,1.0,1.0,1.0,1.0,0.21429
0.5,0.5,0.5,0.5,0.5,0.5,0.05748,0.66667,0.66667,0.0,0.0,0.66667,0.0,0.16444,0.08889,0.0,0.99169,0.91429,1.0,0.7619,0.92381,0.5,1.0,0.80598,1.0,0.07143,0.41677,0.25185,0.25,0.0,0.94242,0.85714,0.5,0.8,1.0,1.0,0.5,0.5,0.5,1.0,1.0,0.5,0.5,0.5,0.07614,0.01671,0.9,1.0,1.0,0.4257,0.3743,0.3,0.13333,0.25,0.0,0.0,1.0,0.5,0.5
0.5,0.5,0.5,0.5,0.5,0.5,0.11267,1.0,0.23333,0.0,0.0,0.66667,0.0,0.32444,0.0,0.9866,0.0,1.0,1.0,1.0,1.0,0.5,0.0,0.83984,1.0,0.0,1.0,1.0,1.0,0.0,0.9888,0.85714,0.5,0.8,1.0,1.0,0.5,0.5,0.5,1.0,1.0,0.5,0.5,0.5,0.0,0.0,1.0,1.0,1.0,0.5,0.5,0.2,0.46667,1.0,1.0,1.0,1.0,1.0,0.5
0.0,0.0,0.0,0.0,1.0,1.0,0.03324,0.06667,0.6,0.0,0.0,0.66667,0.0,0.08889,0.0,0.95584,0.0,0.95238,0.9619,1.0,1.0,0.79048,0.0,0.64774,1.0,0.07143,0.50083,0.38797,0.0,0.0,0.91379,0.85714,0.78571,0.8,1.0,1.0,0.5,0.5,0.5,1.0,1.0,0.5,0.5,0.5,0.0,0.0,1.0,1.0,1.0,0.5,0.5,1.0,0.06667,0.0,1.0,1.0,1.0,0.0,1.0
1.0,0.5,1.0,0.5,0.06667,0.5,0.03372,0.06667,0.63333,0.0,0.0,0.66667,1.0,0.08444,0.0,0.96135,0.0,0.95238,0.97143,1.0,1.0,0.95238,1.0,0.65503,1.0,0.07143,0.5069,0.39702,0.0,0.0,0.90637,1.0,1.0,0.8,1.0,1.0,0.5,0.5,0.5,1.0,1.0,0.5,0.5,0.5,0.0,0.0,1.0,1.0,1.0,0.5,0.5,1.0,0.06667,0.0,1.0,1.0,1.0,0.0,0.28571
0.5,0.5,0.5,0.5,0.5,0.5,0.08684,0.93333,0.3,0.0,0.0,0.66667,0.0,0.24889,0.04,0.0,0.98165,1.0,0.98095,0.81905,0.77143,0.5,1.0,0.9865,1.0,0.07143,1.0,1.0,1.0,0.0,0.92405,0.85714,0.5,0.8,1.0,1.0,0.5,0.5,0.5,1.0,1.0,0.5,0.5,0.5,0.78366,0.0,0.46667,1.0,1.0,1.0,1.0,0.73333,0.46667,0.85714,0.16667,0.5,1.0,0.0,0.5
1.0,0.5,1.0,0.5,0.93333,0.5,0.09016,0.93333,0.33333,0.0,0.0,0.66667,1.0,0.24444,0.04889,0.0,0.99953,0.8381,0.89524,0.98095,1.0,0.8381,0.0,0.98393,1.0,0.64286,1.0,1.0,1.0,0.0,0.92785,1.0,1.0,0.66667,1.0,1.0,0.5,0.5,0.5,1.0,1.0,0.94413,0.74694,0.5,0.12421,0.72751,0.6,1.0,1.0,0.94413,0.74694,0.73333,0.4,0.71429,0.0,0.6,1.0,0.85714,1.0
1.0,1.0,1.0,1.0,0.93333,0.93333,0.0923,0.93333,0.4,0.0,0.0,0.66667,0.0,0.2,0.04889,0.96459,0.0,1.0,0.98095,0.87619,0.84762,0.91429,0.0,0.96496,1.0,0.07143,1.0,1.0,1.0,0.0,0.92754,0.71429,0.92857,0.73333,1.0,1.0,0.5,0.5,0.5,1.0,1.0,1.0,0.50872,1.0,0.52284,0.45276,0.83333,1.0,1.0,1.0,0.50872,0.43333,0.2,0.33333,0.5,0.5,1.0,0.0,1.0
0.0,1.0,0.0,0.0,0.8,0.86667,0.0909,0.86667,0.46667,0.0,0.0,0.66667,0.0,0.19556,0.04889,0.99802,0.0,0.98095,1.0,0.94286,0.78095,0.93333,1.0,0.98428,1.0,0.0,1.0,0.88663,0.66667,0.0,0.94715,0.71429,0.85714,0.8,1.0,1.0,0.5,0.5,0.5,1.0,1.0,1.0,0.18497,1.0,0.0,0.0,1.0,1.0,1.0,1.0,0.18497,0.2,0.26667,0.5,1.0,0.66667,1.0,0.0,1.0
0.0,1.0,0.0,0.0,0.8,0.86667,0.1176,0.86667,0.83333,0.0,0.0,0.66667,0.0,0.21778,0.02222,0.0,0.91733,0.7619,1.0,0.90476,0.68571,0.91429,0.0,0.58342,1.0,0.21429,1.0,1.0,1.0,0.0,0.95297,0.42857,0.42857,0.8,1.0,1.0,0.5,0.5,0.5,1.0,1.0,1.0,0.18497,1.0,0.0,0.0,1.0,1.0,1.0,1.0,1.0,0.76667,0.2,1.0,0.5,0.0,1.0,0.0,1.0
1.0,0.5,0.0,0.5,0.86667,0.5,0.1175,0.86667,0.86667,0.0,0.0,0.66667,1.0,0.22222,0.02222,0.0,0.96231,1.0,1.0,0.90476,1.0,1.0,0.0,0.58269,1.0,0.21429,1.0,1.0,1.0,0.0,0.95101,1.0,1.0,0.73333,0.86667,0.91384,1.0,1.0,0.33243,0.66667,1.0,1.0,0.18497,1.0,0.0,0.0,1.0,1.0,1.0,1.0,1.0,0.76667,0.2,1.0,0.0,0.0,1.0,1.0,0.5
0.5,0.5,0.5,0.5,0.5,0.5,0.07482,0.73333,0.0,0.88235,0.0,0.66667,0.0,0.20444,0.02667,0.99319,0.0,1.0,1.0,0.82857,1.0,0.5,0.0,0.89525,1.0,0.35714,1.0,0.98944,0.85714,0.0,0.96161,1.0,0.5,0.8,1.0,1.0,0.5,0.5,0.5,1.0,1.0,0.5,0.5,0.5,0.0,0.0,1.0,1.0,1.0,0.0,0.16994,0.23333,0.2,0.28571,0.5,1.0,1.0,0.42857,0.5
0.5,0.5,0.5,0.5,0.5,0.5,0.02147,0.2,0.7,0.0,0.0,0.66667,0.0,0.05778,0.06222,0.0,0.99189,0.91429,0.99048,0.87619,0.70476,0.5,1.0,0.72346,1.0,0.42857,0.28758,0.14934,0.0,0.0,0.98488,0.78571,0.5,0.8,1.0,1.0,0.5,0.5,0.5,1.0,1.0,0.5,0.5,0.5,0.02956,0.06675,0.63333,1.0,1.0,0.0,0.228,0.56667,0.13333,0.33333,1.0,0.0,1.0,0.0,0.5
0.0,0.0,0.0,0.0,0.2,0.2,0.00956,0.2,0.9,0.0,0.0,0.66667,0.0,0.06222,0.07111,0.97489,0.0,0.93333,0.91429,0.80952,0.80952,0.88571,1.0,0.71793,1.0,0.14286,0.14312,0.08799,0.0,0.0,0.82314,0.92857,0.5,0.8,1.0,1.0,0.5,0.5,0.5,1.0,1.0,0.0,0.12294,0.66959,0.01384,0.13614,0.6,1.0,1.0,0.0,0.12294,1.0,0.06667,0.0,1.0,1.0,1.0,0.25,1.0
0.5,0.5,0.5,0.5,0.5,0.5,0.31478,1.0,0.06667,0.0,0.5,0.0,0.0,0.56,0.0,0.5,0.5,0.0,1.0,1.0,1.0,0.5,1.0,0.97987,1.0,0.75,1.0,1.0,1.0,0.0,0.81304,0.5,0.5,0.8,1.0,1.0,0.5,0.5,0.5,1.0,1.0,0.5,0.5,0.5,0.5,0.5,1.0,1.0,1.0,0.5,0.5,0.6,0.4,1.0,0.0,1.0,1.0,1.0,0.5
1.0,0.5,1.0,0.5,1.0,0.5,0.32998,1.0,0.1,0.0,0.5,0.0,1.0,0.64,0.0,0.0,1.0,0.4,0.4,1.0,1.0,0.4,0.0,0.93989,1.0,0.0,1.0,1.0,1.0,0.0,0.96167,1.0,1.0,0.8,1.0,1.0,0.5,0.5,0.5,1.0,1.0,0.5,0.5,0.5,0.0,0.0,1.0,1.0,1.0,0.5,0.5,0.6,0.4,1.0,1.0,1.0,1.0,1.0,1.0
1.0,1.0,0.0,1.0,1.0,1.0,0.30312,1.0,0.23333,0.0,0.5,0.0,0.0,0.64,0.0,0.92182,0.0,1.0,0.6,1.0,1.0,0.6,0.0,0.92567,1.0,0.25,1.0,1.0,1.0,1.0,1.0,1.0,1.0,0.8,1.0,1.0,0.5,0.5,0.5,1.0,1.0,0.5,0.5,0.5,0.26638,0.01908,0.6,1.0,1.0,0.5,0.5,0.6,0.4,1.0,1.0,1.0,1.0,1.0,1.0
0.5,0.5,0.5,0.5,0.5,0.5,0.21861,0.6,0.03333,0.0,0.5,0.0,0.0,0.2,0.0,0.5,0.5,0.5,0.5,0.5,0.5,0.5,0.5,0.0,0.0,0.5,0.9569,0.93082,0.0,0.0,0.0,0.5,0.5,0.8,1.0,1.0,0.5,0.5,0.5,1.0,1.0,0.5,0.5,0.5,0.5,0.5,1.0,0.5,0.5,0.5,0.5,0.2,0.6,1.0,1.0,1.0,1.0,0.5,0.5
1.0,0.5,1.0,0.5,1.0,0.5,0.29607,1.0,0.06667,0.0,0.5,0.0,1.0,0.52,0.0,0.5,0.5,0.4,0.6,1.0,1.0,0.4,1.0,0.76013,1.0,0.25,1.0,1.0,1.0,0.0,0.98131,1.0,1.0,0.8,1.0,1.0,0.5,0.5,0.5,1.0,1.0,0.5,0.5,0.5,0.5,0.5,1.0,1.0,1.0,0.5,0.5,0.2,0.6,1.0,1.0,1.0,1.0,1.0,1.0
1.0,0.5,1.0,0.5,1.0,0.5,0.29733,1.0,0.1,0.0,0.5,0.0,1.0,0.6,0.0,0.99145,0.0,0.6,1.0,1.0,1.0,0.6,0.0,0.46163,0.83933,0.0,1.0,1.0,1.0,0.0,1.0,1.0,1.0,0.8,1.0,1.0,0.5,0.5,0.5,1.0,1.0,0.5,0.5,0.5,0.0,0.0,1.0,1.0,1.0,0.5,0.5,0.2,0.6,1.0,1.0,1.0,1.0,1.0,1.0
0.5,0.5,0.5,0.5,0.5,0.5,0.37336,0.8,0.03333,0.0,0.5,0.0,0.0,0.2,0.0,0.5,0.5,0.5,0.5,0.5,0.5,0.5,0.5,0.0,0.0,0.5,1.0,0.99419,0.5,0.0,0.0,0.5,0.5,0.8,1.0,1.0,0.5,0.5,0.5,1.0,1.0,0.5,0.5,0.5,0.5,0.5,1.0,0.5,0.5,0.5,0.5,0.4,0.6,1.0,1.0,1.0,1.0,0.5,0.5
0.5,0.5,0.5,0.5,0.5,0.5,0.20816,0.6,0.1,0.0,0.5,0.0,0.0,0.48,0.0,0.86876,0.0,1.0,1.0,1.0,1.0,0.5,1.0,0.95658,1.0,0.0,1.0,0.99231,0.5,0.0,0.94252,0.75,0.5,0.8,1.0,1.0,0.5,0.5,0.5,1.0,1.0,0.5,0.5,0.5,0.0,0.0,1.0,1.0,1.0,0.5,0.5,0.2,0.6,1.0,1.0,1.0,1.0,1.0,0.5
0.0,1.0,0.0,1.0,0.6,0.8,0.28901,1.0,0.53333,0.0,0.5,0.0,0.0,0.44,0.0,0.0,0.98073,1.0,1.0,1.0,1.0,1.0,0.0,0.47626,0.86592,0.0,1.0,1.0,1.0,0.0,1.0,1.0,1.0,0.8,1.0,1.0,0.5,0.5,0.5,1.0,1.0,0.5,0.5,0.5,0.0,0.0,1.0,1.0,1.0,0.5,0.5,0.2,0.6,1.0,1.0,1.0,1.0,0.0,1.0
0.0,1.0,0.0,1.0,0.8,1.0,0.32475,1.0,0.6,0.0,0.5,0.0,0.0,0.44,0.0,0.0,0.97799,1.0,1.0,1.0,1.0,1.0,0.0,0.42158,0.76652,0.0,1.0,1.0,1.0,0.0,1.0,1.0,1.0,0.8,1.0,1.0,0.5,0.5,0.5,1.0,1.0,0.5,0.5,0.5,0.0,0.0,1.0,1.0,1.0,0.5,0.5,0.3,0.6,1.0,1.0,1.0,1.0,0.0,1.0
1.0,1.0,0.0,1.0,1.0,1.0,0.33577,1.0,0.66667,0.0,0.5,0.0,0.0,0.44,0.0,0.0,0.97973,1.0,1.0,1.0,1.0,1.0,0.0,0.36858,0.67015,0.0,1.0,1.0,1.0,0.0,1.0,1.0,1.0,0.8,1.0,1.0,0.5,0.5,0.5,1.0,1.0,0.5,0.5,0.5,0.0,0.0,1.0,1.0,1.0,0.5,0.5,0.2,0.6,1.0,1.0,1.0,1.0,0.0,0.5
0.5,0.5,0.5,0.5,0.5,0.5,0.11179,0.4,0.4,0.0,0.5,0.0,0.0,0.44,0.0,0.96322,0.0,1.0,1.0,1.0,1.0,0.5,1.0,0.37908,0.68923,0.0,0.99041,0.71343,0.5,0.0,0.98707,1.0,0.5,0.8,1.0,1.0,0.5,0.5,0.5,1.0,1.0,0.5,0.5,0.5,0.0,0.0,1.0,1.0,1.0,0.5,0.5,0.2,0.6,1.0,0.5,1.0,1.0,0.5,0.5
0.5,0.5,0.5,0.5,0.5,0.5,0.22201,0.6,0.06667,0.0,0.5,0.0,0.0,0.72,0.0,0.5,0.5,0.6,1.0,1.0,1.0,0.5,1.0,0.63484,1.0,0.0,1.0,1.0,1.0,0.0,1.0,0.75,0.5,0.8,1.0,1.0,0.5,0.5,0.5,1.0,1.0,0.5,0.5,0.5,0.5,0.5,1.0,1.0,1.0,0.5,0.5,0.4,0.4,1.0,1.0,1.0,1.0,1.0,0.5
1.0,0.5,0.0,0.5,0.6,0.5,0.21916,0.6,0.1,0.0,0.5,0.0,1.0,0.8,0.0,0.0,0.95758,1.0,0.4,1.0,1.0,1.0,0.0,0.58715,1.0,0.0,1.0,1.0,1.0,0.0,1.0,1.0,1.0,0.8,1.0,1.0,0.5,0.5,0.5,1.0,1.0,0.5,0.5,0.5,0.0,0.0,1.0,1.0,1.0,0.5,0.5,0.4,0.4,1.0,1.0,1.0,1.0,1.0,0.75
1.0,1.0,1.0,1.0,0.6,1.0,0.19884,0.6,0.5,0.0,0.5,0.0,0.0,0.48,0.08,0.0,0.99953,1.0,1.0,1.0,1.0,1.0,0.0,0.78027,1.0,0.25,1.0,1.0,1.0,0.0,1.0,0.75,0.75,0.8,1.0,1.0,0.5,0.5,0.5,1.0,1.0,0.5,0.5,0.5,0.0,0.0,1.0,1.0,1.0,0.79369,0.99703,0.7,0.4,0.5,0.0,1.0,1.0,0.5,0.75
0.0,0.0,0.0,0.0,0.6,0.6,0.17299,0.6,0.56667,0.0,0.5,0.0,0.0,0.44,0.08,0.0,0.99539,1.0,1.0,1.0,1.0,1.0,1.0,0.76052,1.0,0.25,1.0,1.0,1.0,0.0,1.0,0.75,1.0,0.8,1.0,1.0,0.5,0.5,0.5,1.0,1.0,0.5,0.5,0.5,0.0,0.0,1.0,1.0,1.0,0.7376,1.0,0.6,0.4,0.5,0.0,1.0,1.0,0.0,0.75
0.0,0.0,0.0,0.0,0.6,0.4,0.10099,0.6,0.96667,0.0,0.5,0.0,0.0,0.36,0.12,0.0,0.98597,1.0,1.0,1.0,1.0,1.0,0.0,0.64895,1.0,0.25,1.0,1.0,1.0,0.0,1.0,0.5,1.0,0.8,1.0,1.0,0.5,0.5,0.5,1.0,1.0,0.5,0.5,0.5,0.0,0.0,1.0,1.0,1.0,0.7376,1.0,0.5,0.4,0.5,1.0,1.0,1.0,0.5,0.75
0.5,0.5,0.5,0.5,0.5,0.5,0.10687,0.2,0.03333,0.0,0.5,0.0,0.0,0.2,0.0,0.5,0.5,0.5,0.5,0.5,0.5,0.5,0.5,0.0,0.0,0.5,0.54404,0.38251,0.0,0.0,0.0,0.5,0.5,0.8,1.0,1.0,0.5,0.5,0.5,1.0,1.0,0.5,0.5,0.5,0.5,0.5,1.0,0.5,0.5,0.5,0.5,0.2,0.6,1.0,1.0,1.0,1.0,0.5,0.5
0.5,0.5,0.5,0.5,0.5,0.5,0.19596,0.6,0.1,0.0,0.5,0.0,0.0,0.56,0.0,0.95506,0.0,0.9,1.0,1.0,1.0,0.5,1.0,0.90628,1.0,0.25,1.0,1.0,1.0,0.0,0.66667,0.75,0.5,0.8,1.0,1.0,0.5,0.5,0.5,1.0,1.0,0.5,0.5,0.5,0.0,0.0,1.0,1.0,1.0,0.5,0.5,0.2,0.6,1.0,0.5,1.0,1.0,0.5,0.5
1.0,1.0,1.0,1.0,0.8,0.8,0.30137,0.8,0.33333,0.0,0.5,0.0,0.0,0.48,0.24,0.97431,0.0,1.0,1.0,1.0,1.0,0.6,1.0,0.88675,1.0,0.25,1.0,1.0,1.0,0.0,0.84171,0.75,0.75,0.8,1.0,1.0,0.5,0.5,0.5,1.0,1.0,0.5,0.5,0.5,0.0,0.0,1.0,1.0,1.0,1.0,0.6375,1.0,0.2,0.0,1.0,0.0,1.0,1.0,1.0
1.0,1.0,1.0,1.0,0.8,0.8,0.33474,0.8,0.4,0.0,0.5,0.0,0.0,0.44,0.28,0.0,0.97255,1.0,1.0,0.8,1.0,0.8,1.0,0.95498,1.0,0.0,1.0,1.0,1.0,0.0,0.82847,1.0,1.0,0.8,1.0,1.0,0.5,0.5,0.5,1.0,1.0,0.5,0.5,0.5,0.07619,0.00384,0.9,1.0,1.0,1.0,0.6375,1.0,0.2,0.0,1.0,0.0,1.0,0.0,0.25
1.0,1.0,1.0,1.0,0.8,0.8,0.41166,0.8,0.46667,0.0,0.5,0.0,0.0,0.32,0.24,0.0,0.99725,1.0,1.0,0.8,0.8,1.0,1.0,0.91873,1.0,0.0,1.0,1.0,1.0,0.0,0.85533,1.0,1.0,0.8,1.0,1.0,0.5,0.5,0.5,1.0,1.0,0.57775,0.09647,1.0,0.0,0.0,1.0,1.0,1.0,0.57775,0.09647,1.0,0.2,0.0,1.0,0.0,1.0,0.0,0.5
1.0,1.0,1.0,1.0,1.0,1.0,0.49995,1.0,0.6,0.0,0.5,0.0,0.0,0.2,0.24,0.9952,0.0,1.0,1.0,0.8,0.8,1.0,0.0,0.85301,1.0,0.0,1.0,1.0,1.0,0.0,0.96163,1.0,1.0,0.8,1.0,1.0,0.5,0.5,0.5,1.0,1.0,0.57775,0.09647,1.0,0.0,0.0,1.0,1.0,1.0,0.57775,0.09647,0.9,0.4,1.0,1.0,0.0,1.0,0.0,0.75
0.5,0.5,0.5,0.5,0.5,0.5,0.00115,0.6,0.9,0.0,0.5,0.0,0.0,0.08,0.2,0.0,0.99701,1.0,1.0,1.0,0.9,0.5,0.0,0.0001,0.00018,0.25,1.0,1.0,1.0,0.0,1.0,0.75,0.5,0.0,1.0,1.0,0.5,0.5,0.5,1.0,1.0,0.5,0.5,0.5,0.0,0.0,1.0,1.0,1.0,1.0,0.45303,1.0,0.2,0.0,1.0,0.0,1.0,0.0,0.5
0.5,0.5,0.5,0.5,0.5,0.5,0.35367,1.0,0.5,0.0,0.5,0.0,0.0,0.24,0.12,0.99201,0.0,1.0,1.0,0.9,1.0,0.5,1.0,0.84208,1.0,0.0,1.0,1.0,1.0,0.0,1.0,1.0,0.5,0.8,1.0,1.0,0.5,0.5,0.5,1.0,1.0,0.5,0.5,0.5,0.0,0.0,1.0,1.0,1.0,1.0,1.0,0.7,0.4,1.0,1.0,1.0,1.0,1.0,0.5
0.5,0.5,0.5,0.5,0.5,0.5,0.49869,1.0,0.7,0.0,0.5,0.0,0.0,0.12,0.04,0.95612,0.0,1.0,1.0,1.0,1.0,0.5,0.0,0.82212,1.0,0.0,1.0,1.0,1.0,0.0,1.0,1.0,0.5,0.8,1.0,1.0,0.5,0.5,0.5,1.0,1.0,0.5,0.5,0.5,0.0,0.0,1.0,1.0,1.0,1.0,0.21424,1.0,0.2,1.0,1.0,0.0,1.0,1.0,0.5
0.0,0.0,0.0,0.0,1.0,1.0,0.49867,1.0,0.76667,0.0,0.5,0.0,0.0,0.12,0.04,0.0,0.99934,1.0,1.0,1.0,1.0,1.0,0.0,0.82207,1.0,0.0,1.0,1.0,1.0,0.0,1.0,0.75,1.0,0.8,1.0,1.0,0.5,0.5,0.5,1.0,1.0,0.5,0.5,0.5,0.0,0.0,1.0,1.0,1.0,1.0,0.21424,1.0,0.2,1.0,1.0,0.0,1.0,1.0,1.0
0.0,0.5,0.0,0.5,1.0,0.5,0.49867,1.0,0.8,0.0,0.5,0.0,1.0,0.12,0.04,0.0,0.99952,1.0,1.0,1.0,1.0,1.0,0.0,0.82206,1.0,0.0,1.0,1.0,1.0,0.0,1.0,1.0,1.0,0.8,1.0,1.0,0.5,0.5,0.5,1.0,1.0,0.5,0.5,0.5,0.0,0.0,1.0,1.0,1.0,1.0,0.21424,1.0,0.2,1.0,1.0,0.0,1.0,1.0,1.0
0.0,0.5,0.0,0.5,1.0,0.5,0.49867,1.0,0.83333,0.0,0.5,0.0,1.0,0.12,0.04,0.0,0.99962,1.0,1.0,1.0,1.0,1.0,0.0,0.82206,1.0,0.0,1.0,1.0,1.0,0.0,1.0,1.0,1.0,0.8,1.0,1.0,0.5,0.5,0.5,1.0,1.0,0.5,0.5,0.5,0.0,0.0,1.0,1.0,1.0,1.0,0.21424,1.0,0.2,1.0,1.0,0.0,1.0,1.0,1.0
0.0,0.5,0.0,0.5,1.0,0.5,0.49867,1.0,0.86667,0.0,0.5,0.0,1.0,0.12,0.04,0.0,0.99969,1.0,1.0,1.0,1.0,1.0,0.0,0.82206,1.0,0.0,1.0,1.0,1.0,0.0,1.0,1.0,1.0,0.8,1.0,1.0,0.5,0.5,0.5,1.0,1.0,0.5,0.5,0.5,0.0,0.0,1.0,1.0,1.0,1.0,0.21424,1.0,0.2,1.0,1.0,0.0,1.0,1.0,1.0
0.0,0.0,0.0,0.0,1.0,1.0,0.49867,1.0,1.0,0.0,0.5,0.0,0.0,0.12,0.04,0.0,0.99987,1.0,1.0,1.0,1.0,1.0,0.0,0.82206,1.0,0.0,1.0,1.0,1.0,0.0,1.0,1.0,1.0,0.8,1.0,1.0,0.5,0.5,0.5,1.0,1.0,0.5,0.5,0.5,0.0,0.0,1.0,1.0,1.0,1.0,0.21424,1.0,0.2,1.0,1.0,0.0,1.0,0.0,1.0
0.0,0.5,0.0,0.5,1.0,0.5,0.49867,1.0,0.0,0.96774,0.5,0.0,1.0,0.12,0.04,0.0,0.99989,1.0,1.0,1.0,1.0,1.0,0.0,0.82206,1.0,0.0,1.0,1.0,1.0,0.0,1.0,1.0,1.0,0.8,1.0,1.0,0.5,0.5,0.5,1.0,1.0,0.5,0.5,0.5,0.0,0.0,1.0,1.0,1.0,1.0,0.21424,1.0,0.2,1.0,1.0,0.0,1.0,1.0,1.0
0.0,0.5,0.0,0.5,1.0,0.5,0.49867,1.0,0.0,0.9375,0.5,0.0,1.0,0.12,0.04,0.0,0.99991,1.0,1.0,1.0,1.0,1.0,0.0,0.82206,1.0,0.0,1.0,1.0,1.0,0.0,1.0,1.0,1.0,0.8,1.0,1.0,0.5,0.5,0.5,1.0,1.0,0.5,0.5,0.5,0.0,0.0,1.0,1.0,1.0,1.0,0.21424,1.0,0.2,1.0,1.0,0.0,1.0,1.0,1.0
0.0,0.5,0.0,0.5,1.0,0.5,0.49867,1.0,0.0,0.90909,0.5,0.0,1.0,0.12,0.04,0.0,0.99993,1.0,1.0,1.0,1.0,1.0,0.0,0.82206,1.0,0.0,1.0,1.0,1.0,0.0,1.0,1.0,1.0,0.8,1.0,1.0,0.5,0.5,0.5,1.0,1.0,0.5,0.5,0.5,0.0,0.0,1.0,1.0,1.0,1.0,0.21424,1.0,0.2,1.0,1.0,0.0,1.0,1.0,1.0
0.0,0.5,0.0,0.5,1.0,0.5,0.49867,1.0,0.0,0.88235,0.5,0.0,1.0,0.12,0.04,0.0,0.99994,1.0,1.0,1.0,1.0,1.0,0.0,0.82206,1.0,0.0,1.0,1.0,1.0,0.0,1.0,1.0,1.0,0.8,1.0,1.0,0.5,0.5,0.5,1.0,1.0,0.5,0.5,0.5,0.0,0.0,1.0,1.0,1.0,1.0,0.21424,1.0,0.2,1.0,1.0,0.0,1.0,1.0,1.0
0.0,0.5,0.0,0.5,1.0,0.5,0.49867,1.0,0.0,0.85714,0.5,0.0,1.0,0.12,0.04,0.0,0.99995,1.0,1.0,1.0,1.0,1.0,0.0,0.82206,1.0,0.0,1.0,1.0,1.0,0.0,1.0,1.0,1.0,0.8,1.0,1.0,0.5,0.5,0.5,1.0,1.0,0.5,0.5,0.5,0.0,0.0,1.0,1.0,1.0,1.0,0.21424,1.0,0.2,1.0,1.0,0.0,1.0,1.0,1.0
0.0,0.5,0.0,0.5,1.0,0.5,0.49867,1.0,0.0,0.83333,0.5,0.0,1.0,0.12,0.04,0.0,0.99996,1.0,1.0,1.0,1.0,1.0,0.0,0.82206,1.0,0.0,1.0,1.0,1.0,0.0,1.0,1.0,1.0,0.8,1.0,1.0,0.5,0.5,0.5,1.0,1.0,0.5,0.5,0.5,0.0,0.0,1.0,1.0,1.0,1.0,0.21424,1.0,0.2,1.0,1.0,0.0,1.0,1.0,1.0
0.0,0.5,0.0,0.5,1.0,0.5,0.49867,1.0,0.0,0.81081,0.5,0.0,1.0,0.12,0.04,0.0,0.99997,1.0,1.0,1.0,1.0,1.0,0.0,0.82206,1.0,0.0,1.0,1.0,1.0,0.0,1.0,1.0,1.0,0.8,1.0,1.0,0.5,0.5,0.5,1.0,1.0,0.5,0.5,0.5,0.0,0.0,1.0,1.0,1.0,1.0,0.21424,1.0,0.2,1.0,1.0,0.0,1.0,1.0,1.0
0.0,0.5,0.0,0.5,1.0,0.5,0.49867,1.0,0.0,0.78947,0.5,0.0,1.0,0.12,0.04,0.0,0.99998,1.0,1.0,1.0,1.0,1.0,0.0,0.82206,1.0,0.0,1.0,1.0,1.0,0.0,1.0,1.0,1.0,0.8,1.0,1.0,0.5,0.5,0.5,1.0,1.0,0.5,0.5,0.5,0.0,0.0,1.0,1.0,1.0,1.0,0.21424,1.0,0.2,1.0,1.0,0.0,1.0,1.0,1.0
0.0,0.5,0.0,0.5,1.0,0.5,0.49867,1.0,0.0,0.76923,0.5,0.0,1.0,0.12,0.04,0.0,0.99998,1.0,1.0,1.0,1.0,1.0,0.0,0.82206,1.0,0.0,1.0,1.0,1.0,0.0,1.0,1.0,1.0,0.8,1.0,1.0,0.5,0.5,0.5,1.0,1.0,0.5,0.5,0.5,0.0,0.0,1.0,1.0,1.0,1.0,0.21424,1.0,0.2,1.0,1.0,0.0,1.0,1.0,1.0
0.0,0.5,0.0,0.5,1.0,0.5,0.49867,1.0,0.0,0.75,0.5,0.0,1.0,0.12,0.04,0.0,0.99998,1.0,1.0,1.0,1.0,1.0,0.0,0.82206,1.0,0.0,1.0,1.0,1.0,0.0,1.0,1.0,1.0,0.8,1.0,1.0,0.5,0.5,0.5,1.0,1.0,0.5,0.5,0.5,0.0,0.0,1.0,1.0,1.0,1.0,0.21424,1.0,0.2,1.0,1.0,0.0,1.0,1.0,1.0
0.5,0.5,0.5,0.5,0.5,0.5,0.16178,0.6,0.06667,0.0,0.5,0.0,0.0,0.36,0.0,0.5,0.5,0.7,0.7,1.0,1.0,0.5,1.0,0.98806,1.0,0.25,1.0,0.7965,0.66667,0.0,0.54361,0.0,0.5,0.8,1.0,1.0,0.5,0.5,0.5,1.0,1.0,0.5,0.5,0.5,0.5,0.5,1.0,1.0,1.0,0.5,0.5,0.2,0.8,1.0,0.33333,1.0,1.0,0.66667,0.5
0.5,0.5,0.5,0.5,0.5,0.5,0.15556,0.6,0.03333,0.0,0.5,0.0,0.0,0.2,0.0,0.5,0.5,0.5,0.5,0.5,0.5,0.5,0.5,0.0,0.0,0.5,0.76238,0.45294,0.5,0.0,0.0,0.5,0.5,0.8,1.0,1.0,0.5,0.5,0.5,1.0,1.0,0.5,0.5,0.5,0.5,0.5,1.0,0.5,0.5,0.5,0.5,0.2,0.6,1.0,1.0,1.0,1.0,0.5,0.5
0.0,0.0,0.0,0.0,0.4,0.4,0.00453,0.2,0.23333,0.0,0.5,0.0,0.0,0.24,0.2,0.94481,0.0,1.0,1.0,0.8,1.0,0.7,1.0,0.95264,1.0,0.75,0.01763,0.00889,0.0,0.0,0.5,0.5,0.75,0.0,1.0,1.0,0.5,0.5,0.5,1.0,1.0,0.5,0.5,0.5,0.0,0.0,1.0,1.0,1.0,0.5,0.5,1.0,0.2,0.0,1.0,1.0,1.0,0.0,1.0
0.0,0.0,0.0,0.0,0.4,0.4,0.00373,0.4,0.0,0.88235,0.5,0.0,0.0,0.08,0.2,0.0,0.99984,1.0,1.0,0.8,0.9,1.0,0.0,0.00165,0.003,0.25,1.0,1.0,1.0,0.0,1.0,0.75,0.5,0.7,1.0,1.0,0.5,0.5,0.5,1.0,1.0,0.5,0.5,0.5,0.0,0.0,1.0,1.0,1.0,0.5,0.5,1.0,0.2,0.0,1.0,1.0,1.0,0.0,1.0
0.0,0.0,1.0,1.0,0.4,0.4,0.00373,0.4,0.0,0.83333,0.5,0.0,0.0,0.08,0.2,0.0,0.99989,1.0,1.0,0.8,1.0,1.0,0.0,0.00165,0.003,0.25,1.0,1.0,1.0,0.0,1.0,0.5,1.0,0.8,1.0,1.0,0.5,0.5,0.5,1.0,1.0,0.5,0.5,0.5,0.0,0.0,1.0,1.0,1.0,0.5,0.5,1.0,0.2,0.0,1.0,1.0,1.0,0.0,0.25
0.0,0.0,1.0,1.0,0.4,0.4,0.00373,0.4,0.0,0.78947,0.5,0.0,0.0,0.08,0.2,0.0,0.99993,1.0,1.0,0.8,1.0,1.0,0.0,0.00165,0.003,0.25,1.0,1.0,1.0,0.0,1.0,0.5,1.0,0.8,1.0,1.0,0.5,0.5,0.5,1.0,1.0,0.5,0.5,0.5,0.0,0.0,1.0,1.0,1.0,0.5,0.5,1.0,0.2,0.0,1.0,1.0,1.0,0.0,0.25
0.0,0.0,1.0,1.0,0.4,0.4,0.00373,0.4,0.0,0.75,0.5,0.0,0.0,0.08,0.2,0.0,0.99995,1.0,1.0,0.8,1.0,1.0,0.0,0.00165,0.003,0.25,1.0,1.0,1.0,0.0,1.0,0.5,1.0,0.8,1.0,1.0,0.5,0.5,0.5,1.0,1.0,0.5,0.5,0.5,0.0,0.0,1.0,1.0,1.0,0.5,0.5,1.0,0.2,0.0,1.0,1.0,1.0,0.0,0.25
0.5,0.5,0.5,0.5,0.5,0.5,0.13403,0.6,0.03333,0.0,1.0,0.0,0.0,0.1,0.0,0.5,0.5,0.5,0.5,0.5,0.5,0.5,0.5,0.0,0.0,0.33333,0.92138,0.8392,0.0,0.0,0.0,0.5,0.5,0.8,1.0,1.0,0.5,0.5,0.5,1.0,1.0,0.5,0.5,0.5,0.5,0.5,1.0,0.5,0.5,0.5,0.5,0.2,0.4,1.0,1.0,1.0,1.0,0.5,0.5
0.0,1.0,0.0,1.0,0.6,0.9,0.1524,0.9,0.1,0.0,1.0,0.0,0.0,0.25,0.01,0.64016,0.0,0.86667,0.97778,1.0,1.0,0.8,0.0,0.95394,1.0,0.11111,1.0,1.0,1.0,0.0,0.85958,0.88889,0.55556,0.8,1.0,1.0,0.5,0.5,0.5,1.0,1.0,0.5,0.5,0.5,0.0,0.0,1.0,1.0,1.0,1.0,0.68892,0.25,0.4,1.0,1.0,1.0,1.0,0.0,1.0
0.5,0.5,0.5,0.5,0.5,0.5,0.10938,0.6,0.3,0.0,1.0,0.0,0.0,0.59,0.02,0.95583,0.0,1.0,1.0,0.86667,1.0,0.5,1.0,0.75955,1.0,0.11111,1.0,0.90939,0.66667,0.0,0.96729,0.77778,0.5,0.8,1.0,1.0,0.5,0.5,0.5,1.0,1.0,0.5,0.5,0.5,0.0,0.0,1.0,1.0,1.0,0.8695,0.624,0.35,0.2,0.33333,1.0,1.0,1.0,0.66667,0.5
1.0,0.0,0.0,0.0,0.6,0.5,0.13959,0.8,0.53333,0.0,1.0,0.0,0.0,0.46,0.01,0.99222,0.0,1.0,1.0,1.0,1.0,1.0,1.0,0.68509,1.0,0.11111,1.0,1.0,1.0,0.0,1.0,0.88889,0.77778,0.8,1.0,1.0,0.5,0.5,0.5,1.0,1.0,0.5,0.5,0.5,0.0,0.0,1.0,1.0,1.0,1.0,1.0,0.45,0.3,0.66667,1.0,1.0,1.0,0.0,1.0
0.0,1.0,0.0,1.0,0.8,0.8,0.14518,0.8,0.6,0.0,1.0,0.0,0.0,0.43,0.02,0.9906,0.0,1.0,1.0,0.86667,1.0,1.0,1.0,0.69937,1.0,0.11111,1.0,1.0,1.0,0.0,0.99871,0.88889,1.0,0.8,1.0,1.0,0.5,0.5,0.5,1.0,1.0,0.5,0.5,0.5,0.0,0.0,1.0,1.0,1.0,1.0,1.0,0.45,0.3,0.66667,1.0,1.0,1.0,0.0,0.88889
0.5,0.5,0.5,0.5,0.5,0.5,0.03571,0.1,0.2,0.0,1.0,0.0,0.0,0.48,0.0,0.8588,0.0,0.8,1.0,1.0,1.0,0.5,1.0,0.91918,1.0,0.11111,0.35664,0.24694,0.0,0.0,0.92854,1.0,0.5,0.8,1.0,1.0,0.5,0.5,0.5,1.0,1.0,0.5,0.5,0.5,0.06345,0.12056,0.6,1.0,1.0,0.5,0.5,0.6,0.4,0.75,1.0,1.0,1.0,0.0,0.5
0.5,0.5,0.5,0.5,0.5,0.5,0.11024,0.7,0.3,0.0,1.0,0.0,0.0,0.11,0.01,0.97564,0.0,1.0,0.97778,1.0,1.0,0.5,1.0,0.6132,1.0,0.11111,1.0,1.0,1.0,0.0,0.5,1.0,0.5,0.8,1.0,1.0,0.5,0.5,0.5,1.0,1.0,0.5,0.5,0.5,0.0,0.0,1.0,1.0,1.0,1.0,1.0,0.55,0.2,1.0,0.0,1.0,1.0,1.0,0.5
0.0,0.5,0.0,0.5,0.6,0.5,0.09854,0.6,0.33333,0.0,1.0,0.0,1.0,0.1,0.01,0.98538,0.0,0.97778,1.0,1.0,1.0,0.97778,1.0,0.62246,1.0,0.11111,1.0,0.97379,0.5,0.0,0.44444,1.0,0.88889,0.8,1.0,1.0,0.5,0.5,0.5,1.0,1.0,0.5,0.5,0.5,0.02023,0.0,0.95,1.0,1.0,1.0,1.0,1.0,0.1,0.0,1.0,0.0,1.0,0.5,0.22222
0.5,0.5,0.5,0.5,0.5,0.5,0.13653,0.8,0.03333,0.0,1.0,0.0,0.0,0.1,0.0,0.5,0.5,0.5,0.5,0.5,0.5,0.5,0.5,0.0,0.0,0.66667,1.0,1.0,1.0,0.0,0.0,0.5,0.5,0.8,1.0,1.0,0.5,0.5,0.5,1.0,1.0,0.5,0.5,0.5,0.5,0.5,1.0,0.5,0.5,0.5,0.5,0.25,0.7,1.0,1.0,1.0,1.0,0.5,0.5
0.5,0.5,0.5,0.5,0.5,0.5,0.16155,0.9,0.46667,0.0,1.0,0.0,0.0,0.27,0.15,0.98197,0.0,0.88889,0.88889,0.93333,0.88889,0.5,1.0,0.97517,1.0,0.33333,1.0,1.0,1.0,0.0,1.0,0.88889,0.5,0.8,1.0,1.0,0.5,0.5,0.5,1.0,1.0,0.5,0.5,0.5,0.37302,0.01342,0.75,1.0,1.0,0.20154,0.30403,0.45,0.3,0.66667,0.5,0.0,1.0,0.66667,0.5
0.5,0.5,0.5,0.5,0.5,0.5,0.10486,0.5,0.03333,0.0,1.0,0.0,0.0,0.1,0.0,0.5,0.5,0.5,0.5,0.5,0.5,0.5,0.5,0.0,0.0,0.66667,1.0,0.70408,0.66667,0.0,0.0,0.5,0.5,0.8,1.0,1.0,0.5,0.5,0.5,1.0,1.0,0.5,0.5,0.5,0.5,0.5,1.0,0.5,0.5,0.5,0.5,0.25,0.6,0.83333,1.0,1.0,1.0,0.5,0.5
0.5,0.5,0.5,0.5,0.5,0.5,0.08394,0.4,0.23333,0.0,1.0,0.0,0.0,0.24,0.0,0.95309,0.0,1.0,0.93333,1.0,1.0,0.5,1.0,0.76798,1.0,0.11111,0.86917,0.69346,0.33333,0.0,0.86764,1.0,0.5,0.8,1.0,1.0,0.5,0.5,0.5,1.0,1.0,0.5,0.5,0.5,0.0,0.0,1.0,1.0,1.0,0.5,0.5,0.2,0.4,1.0,1.0,1.0,1.0,0.0,0.5
0.5,0.5,0.5,0.5,0.5,0.5,0.10619,0.6,0.03333,0.0,1.0,0.0,0.0,0.1,0.0,0.5,0.5,0.5,0.5,0.5,0.5,0.5,0.5,0.0,0.0,0.44444,0.93995,0.38095,0.5,0.0,0.0,0.5,0.5,0.8,1.0,1.0,0.5,0.5,0.5,1.0,1.0,0.5,0.5,0.5,0.5,0.5,1.0,0.5,0.5,0.5,0.5,0.4,0.5,1.0,1.0,1.0,1.0,0.5,0.5
1.0,0.5,0.0,0.5,0.7,0.5,0.10532,0.7,0.06667,0.0,1.0,0.0,1.0,0.48,0.0,0.5,0.5,0.0,1.0,1.0,1.0,0.0,1.0,0.76706,1.0,0.55556,1.0,1.0,1.0,0.0,0.76522,1.0,0.55556,0.8,1.0,1.0,0.5,0.5,0.5,1.0,1.0,0.5,0.5,0.5,0.5,0.5,1.0,1.0,1.0,0.5,0.5,0.45,0.4,0.75,0.66667,1.0,1.0,0.5,0.77778
1.0,0.0,0.0,0.0,0.7,0.7,0.07542,0.6,0.43333,0.0,1.0,0.0,0.0,0.38,0.0,0.99159,0.0,1.0,1.0,1.0,1.0,0.46667,1.0,0.64059,1.0,0.11111,1.0,1.0,1.0,0.0,0.82834,0.77778,0.77778,0.8,1.0,1.0,0.5,0.5,0.5,1.0,1.0,0.5,0.5,0.5,0.0,0.0,1.0,1.0,1.0,0.5,0.5,0.3,0.4,0.75,1.0,1.0,1.0,0.0,0.77778
0.5,0.5,0.5,0.5,0.5,0.5,0.01436,0.2,0.03333,0.0,1.0,0.0,0.0,0.1,0.0,0.5,0.5,0.5,0.5,0.5,0.5,0.5,0.5,0.0,0.0,0.55556,0.12074,0.06701,0.0,0.0,0.0,0.5,0.5,0.8,1.0,1.0,0.5,0.5,0.5,1.0,1.0,0.5,0.5,0.5,0.5,0.5,1.0,0.5,0.5,0.5,0.5,0.2,0.6,1.0,1.0,1.0,1.0,0.5,0.5
1.0,1.0,1.0,1.0,0.2,0.2,0.01576,0.2,0.26667,0.0,1.0,0.0,0.0,0.32,0.0,0.96424,0.0,1.0,1.0,1.0,1.0,0.46667,0.0,0.69163,1.0,0.11111,0.19382,0.07738,0.0,0.0,0.73727,0.22222,0.55556,0.8,1.0,1.0,0.5,0.5,0.5,1.0,1.0,0.5,0.5,0.5,0.0,0.0,1.0,1.0,1.0,0.5,0.5,0.2,0.2,0.33333,1.0,1.0,1.0,0.0,1.0
1.0,1.0,0.0,1.0,0.2,0.2,0.01696,0.2,0.4,0.0,1.0,0.0,0.0,0.34,0.01,0.83646,0.0,1.0,1.0,1.0,1.0,1.0,0.0,0.64892,1.0,0.11111,0.2449,0.11454,0.0,0.0,0.76418,0.88889,1.0,0.8,1.0,1.0,0.5,0.5,0.5,1.0,1.0,0.5,0.5,0.5,0.0,0.0,1.0,1.0,1.0,1.0,0.32,0.2,0.3,0.66667,0.5,1.0,1.0,0.66667,1.0
0.0,0.0,0.0,0.0,0.2,0.2,0.01884,0.2,0.6,0.0,1.0,0.0,0.0,0.35,0.01,0.0,0.99094,1.0,1.0,1.0,1.0,1.0,0.0,0.61962,1.0,0.11111,0.32687,0.18225,0.0,0.0,0.78504,0.77778,1.0,0.8,1.0,1.0,0.5,0.5,0.5,1.0,1.0,0.5,0.5,0.5,0.0,0.0,1.0,1.0,1.0,1.0,0.32,0.2,0.3,0.66667,1.0,1.0,1.0,0.0,1.0
0.0,0.0,0.0,0.0,0.2,0.2,0.01334,0.2,0.83333,0.0,1.0,0.0,0.0,0.34,0.01,0.0,0.99114,1.0,1.0,1.0,1.0,1.0,0.0,0.59924,1.0,0.11111,0.28264,0.17508,0.0,0.0,0.7894,0.77778,1.0,0.8,1.0,1.0,0.5,0.5,0.5,1.0,1.0,0.5,0.5,0.5,0.0,0.0,1.0,1.0,1.0,1.0,0.32,0.2,0.3,0.66667,0.5,1.0,1.0,0.66667,1.0
1.0,0.5,0.0,0.5,0.2,0.5,0.0127,0.2,0.86667,0.0,1.0,0.0,1.0,0.33,0.01,0.0,0.98578,1.0,1.0,1.0,1.0,1.0,0.0,0.59773,1.0,0.11111,0.27648,0.18315,0.0,1.0,0.78973,1.0,1.0,0.8,1.0,1.0,0.5,0.5,0.5,1.0,1.0,0.5,0.5,0.5,0.0,0.0,1.0,1.0,1.0,1.0,0.32,0.2,0.3,0.66667,0.5,1.0,1.0,0.66667,1.0
1.0,0.5,1.0,0.5,0.2,0.5,0.01402,0.2,0.9,0.0,1.0,0.0,1.0,0.34,0.01,0.0,0.98634,1.0,1.0,1.0,1.0,1.0,0.0,0.59613,1.0,0.11111,0.31409,0.19832,0.0,1.0,0.79135,1.0,1.0,0.8,1.0,1.0,0.5,0.5,0.5,1.0,1.0,0.5,0.5,0.5,0.0,0.0,1.0,1.0,1.0,1.0,0.32,0.2,0.3,0.66667,1.0,1.0,1.0,0.66667,1.0
1.0,0.5,1.0,0.5,0.2,0.5,0.01498,0.2,0.93333,0.0,1.0,0.0,1.0,0.35,0.01,0.0,0.98848,1.0,1.0,1.0,1.0,1.0,0.0,0.59493,1.0,0.11111,0.34407,0.20776,0.0,1.0,0.79388,1.0,1.0,0.8,1.0,1.0,0.5,0.5,0.5,1.0,1.0,0.5,0.5,0.5,0.0,0.0,1.0,1.0,1.0,1.0,0.32,0.2,0.3,0.66667,1.0,1.0,1.0,0.66667,1.0
1.0,0.5,1.0,0.5,0.2,0.5,0.0167,0.2,0.96667,0.0,1.0,0.0,1.0,0.35,0.01,0.0,0.99035,1.0,1.0,1.0,1.0,1.0,0.0,0.59397,1.0,0.11111,0.392,0.22779,0.0,1.0,0.79738,1.0,1.0,0.8,1.0,1.0,0.5,0.5,0.5,1.0,1.0,0.5,0.5,0.5,0.0,0.0,1.0,1.0,1.0,1.0,0.32,0.2,0.3,0.66667,1.0,1.0,1.0,0.66667,1.0
0.5,0.5,0.5,0.5,0.5,0.5,0.02026,0.1,0.03333,0.0,1.0,0.0,0.0,0.1,0.0,0.5,0.5,0.5,0.5,0.5,0.5,0.5,0.5,0.0,0.0,0.66667,0.24286,0.10692,0.0,0.0,0.0,0.5,0.5,0.8,1.0,1.0,0.5,0.5,0.5,1.0,1.0,0.5,0.5,0.5,0.5,0.5,1.0,0.5,0.5,0.5,0.5,0.2,0.7,1.0,1.0,1.0,1.0,0.5,0.5
0.5,0.5,0.5,0.5,0.5,0.5,0.12169,0.6,0.46667,0.0,1.0,0.0,0.0,0.11,0.06,0.98063,0.0,1.0,1.0,0.71111,1.0,0.5,0.0,0.94659,1.0,0.22222,1.0,0.69421,0.25,0.0,0.93886,0.55556,0.5,0.75,1.0,1.0,0.5,0.5,0.5,1.0,1.0,0.5,0.5,0.5,0.51335,0.01274,0.85,1.0,1.0,0.5,0.5,0.4,0.2,0.25,0.0,0.0,1.0,0.0,0.5
0.0,0.0,0.0,0.0,0.6,0.6,0.00246,0.4,1.0,0.0,1.0,0.0,0.0,0.06,0.02,0.0,0.9862,1.0,0.93333,0.84444,0.88889,0.68889,0.0,0.0001,0.00018,0.11111,1.0,1.0,1.0,0.0,1.0,0.88889,0.44444,0.0,0.8,0.99987,1.0,0.5,1.0,1.0,1.0,1.0,0.17906,0.75809,0.0,0.0,1.0,1.0,1.0,1.0,0.19346,1.0,0.1,0.0,1.0,0.0,1.0,0.0,1.0
0.5,0.5,0.5,0.5,0.5,0.5,0.06308,0.4,0.16667,0.0,1.0,0.0,0.0,0.14,0.01,0.87092,0.0,0.77778,0.97778,0.91111,1.0,0.5,1.0,0.71544,1.0,0.44444,0.93534,0.66407,0.33333,0.0,0.88385,0.55556,0.5,0.8,1.0,1.0,0.5,0.5,0.5,1.0,1.0,0.5,0.5,0.5,0.0,0.0,1.0,1.0,1.0,0.5,0.5,0.6,0.3,0.66667,1.0,1.0,1.0,0.0,0.5
0.0,0.0,0.0,0.0,0.4,0.4,0.02356,0.4,0.43333,0.0,1.0,0.0,0.0,0.12,0.03,0.0,0.96505,1.0,1.0,0.86667,1.0,0.88889,0.0,0.56258,1.0,0.22222,0.5291,0.35971,0.0,0.0,1.0,0.77778,0.55556,0.8,1.0,1.0,0.5,0.5,0.5,1.0,1.0,0.5,0.5,0.5,0.0,0.00077,1.0,1.0,1.0,0.66902,0.0463,0.2,0.2,1.0,1.0,1.0,1.0,0.0,0.44444
0.0,0.0,0.0,0.0,0.4,0.1,0.0,0.2,0.86667,0.0,1.0,0.0,0.0,0.06,0.05,0.98358,0.0,1.0,1.0,0.68889,0.93333,0.66667,0.0,0.0001,0.00018,0.11111,1.0,1.0,1.0,0.0,0.74743,0.77778,0.77778,0.0,1.0,1.0,0.5,0.5,0.5,1.0,1.0,0.5,0.5,0.5,0.0,0.0,1.0,1.0,1.0,0.66902,0.0463,1.0,0.1,0.0,1.0,0.0,1.0,0.0,1.0
0.5,0.5,0.5,0.5,0.5,0.5,0.1599,1.0,0.03333,0.0,1.0,0.0,0.0,0.1,0.0,0.5,0.5,0.5,0.5,0.5,0.5,0.5,0.5,0.0,0.0,0.55556,1.0,1.0,1.0,0.0,0.0,0.5,0.5,0.8,1.0,1.0,0.5,0.5,0.5,1.0,1.0,0.5,0.5,0.5,0.5,0.5,1.0,0.5,0.5,0.5,0.5,0.25,0.5,0.8,1.0,1.0,1.0,0.5,0.5
0.5,0.5,0.5,0.5,0.5,0.5,0.13383,0.8,0.03333,0.0,1.0,0.0,0.0,0.1,0.0,0.5,0.5,0.5,0.5,0.5,0.5,0.5,0.5,0.0,0.0,0.66667,1.0,1.0,1.0,0.0,0.0,0.5,0.5,0.8,1.0,1.0,0.5,0.5,0.5,1.0,1.0,0.5,0.5,0.5,0.5,0.5,1.0,0.5,0.5,0.5,0.5,0.3,0.7,1.0,1.0,1.0,1.0,0.5,0.5
0.5,0.5,0.5,0.5,0.5,0.5,0.07015,0.2,0.23333,0.0,1.0,0.0,0.0,0.32,0.01,0.78891,0.0,1.0,1.0,1.0,1.0,0.5,1.0,0.97154,1.0,0.0,0.51759,0.39392,0.0,0.0,0.95718,0.88889,0.5,0.8,1.0,1.0,0.5,0.5,0.5,1.0,1.0,0.5,0.5,0.5,0.07869,0.14399,0.6,1.0,1.0,0.5,0.5,0.6,0.4,1.0,1.0,0.66667,1.0,0.0,0.5
0.5,0.5,0.5,0.5,0.5,0.5,0.15815,0.7,0.83333,0.0,1.0,0.0,0.0,0.09,0.05,0.0,0.99829,1.0,1.0,0.75556,0.71111,0.5,0.0,0.98438,1.0,0.11111,0.84756,0.61149,0.5,0.0,0.78983,0.88889,0.5,0.8,1.0,1.0,0.5,0.5,0.5,1.0,1.0,0.5,0.5,0.5,0.7916,0.0205,0.6,1.0,1.0,0.0,0.07917,1.0,0.1,0.0,1.0,0.0,1.0,0.0,0.5
0.0,0.0,1.0,1.0,0.7,0.7,0.21793,0.9,0.0,0.96774,1.0,0.0,0.0,0.08,0.04,0.99055,0.0,1.0,0.91111,0.66667,0.91111,0.66667,1.0,0.94878,1.0,0.33333,1.0,1.0,1.0,0.0,0.78241,1.0,0.77778,0.8,1.0,1.0,0.5,0.5,0.5,1.0,1.0,1.0,0.40747,0.97557,0.0,0.0,1.0,1.0,1.0,1.0,0.40747,0.55,0.2,0.5,1.0,0.0,1.0,0.0,0.66667
0.0,0.0,0.0,0.0,0.9,0.7,0.12057,0.6,0.0,0.81081,1.0,0.0,0.0,0.08,0.04,0.0,0.99621,1.0,0.91111,0.66667,0.91111,1.0,1.0,0.98049,1.0,0.33333,0.67271,0.41807,0.0,0.0,0.74778,0.88889,1.0,0.8,0.9,0.99935,1.0,0.5,1.0,1.0,1.0,1.0,0.40747,0.97557,0.0,0.0,1.0,1.0,1.0,1.0,0.40747,1.0,0.1,0.0,1.0,0.0,1.0,0.0,0.22222
0.0,0.5,1.0,0.5,0.6,0.5,0.12091,0.6,0.0,0.78947,1.0,0.0,1.0,0.08,0.04,0.0,0.99995,1.0,1.0,0.66667,1.0,1.0,1.0,0.98059,1.0,0.33333,0.67449,0.41923,0.0,0.0,0.74526,1.0,1.0,0.8,0.9,0.99941,1.0,1.0,1.0,1.0,1.0,1.0,0.40747,0.97557,0.0,0.0,1.0,1.0,1.0,1.0,0.40747,1.0,0.1,0.0,1.0,0.0,1.0,0.0,0.55556
0.5,0.5,0.5,0.5,0.5,0.5,0.00478,0.2,0.73333,0.0,1.0,0.0,0.0,0.19,0.05,0.0,0.96928,1.0,0.93333,0.86667,0.84444,0.5,0.0,0.00146,0.00265,0.11111,1.0,1.0,1.0,0.0,1.0,0.66667,0.5,0.0,1.0,1.0,0.5,0.5,0.5,1.0,1.0,0.5,0.5,0.5,0.0,0.0,1.0,1.0,1.0,0.14513,0.39122,1.0,0.1,0.0,1.0,0.0,1.0,0.0,0.5
1.0,0.5,1.0,0.5,0.2,0.5,0.00514,0.2,0.76667,0.0,1.0,0.0,1.0,0.19,0.06,0.0,0.9722,0.93333,1.0,0.8,1.0,0.93333,1.0,0.60043,1.0,0.11111,0.14798,0.06326,0.25,0.0,0.75425,1.0,0.66667,0.25,1.0,1.0,0.5,0.5,0.5,1.0,1.0,0.5,0.5,0.5,0.0,0.0,1.0,1.0,1.0,0.14513,0.39122,1.0,0.1,0.0,1.0,0.0,1.0,0.0,1.0
1.0,0.5,1.0,0.5,0.2,0.5,0.00568,0.2,0.8,0.0,1.0,0.0,1.0,0.19,0.06,0.0,0.96667,1.0,0.97778,0.8,1.0,1.0,0.0,0.5905,1.0,0.11111,0.17783,0.07569,0.25,0.0,0.75418,1.0,1.0,0.35,1.0,1.0,0.5,0.5,0.5,1.0,1.0,0.5,0.5,0.5,0.0,0.0,1.0,1.0,1.0,0.14513,0.39122,1.0,0.1,0.0,1.0,0.0,1.0,0.0,0.55556
1.0,0.5,1.0,0.5,0.2,0.5,0.0062,0.2,0.83333,0.0,1.0,0.0,1.0,0.2,0.06,0.0,0.9735,0.97778,1.0,0.8,1.0,0.97778,1.0,0.59297,1.0,0.11111,0.19627,0.07759,0.25,0.0,0.75412,1.0,1.0,0.45,1.0,1.0,0.5,0.5,0.5,1.0,1.0,0.5,0.5,0.5,0.0,0.0,1.0,1.0,1.0,0.14513,0.39122,1.0,0.1,0.0,1.0,0.0,1.0,0.0,0.55556
0.0,0.0,0.0,0.0,0.2,0.2,0.00018,0.2,0.0,0.88235,1.0,0.0,0.0,0.15,0.04,0.97885,0.0,1.0,0.95556,0.93333,1.0,0.75556,0.0,0.00172,0.00313,0.11111,1.0,1.0,1.0,0.0,1.0,0.44444,0.55556,0.1,1.0,1.0,0.5,0.28491,0.5,1.0,1.0,0.5,0.5,0.5,0.00012,0.0,0.9,1.0,1.0,0.00017,0.11357,1.0,0.1,1.0,1.0,0.0,1.0,1.0,0.55556
1.0,0.5,1.0,0.5,0.2,0.5,0.0002,0.2,0.0,0.85714,1.0,0.0,1.0,0.15,0.04,0.98908,0.0,1.0,0.95556,0.93333,1.0,1.0,0.0,0.00146,0.00266,0.11111,1.0,1.0,1.0,0.0,1.0,1.0,1.0,0.2,1.0,1.0,0.5,0.28491,0.5,1.0,1.0,0.00149,0.1015,0.5,0.00024,0.0,0.8,1.0,1.0,0.00149,0.1015,1.0,0.1,1.0,1.0,0.0,1.0,1.0,1.0
1.0,0.5,1.0,0.5,0.2,0.5,0.00022,0.2,0.0,0.83333,1.0,0.0,1.0,0.15,0.03,0.0,0.99613,1.0,1.0,0.93333,1.0,1.0,0.0,0.00124,0.00225,0.11111,1.0,1.0,1.0,0.0,1.0,1.0,1.0,0.25,1.0,1.0,0.5,0.28491,0.5,1.0,1.0,0.00463,0.216,0.5,0.0,0.0,1.0,1.0,1.0,0.00463,0.216,1.0,0.1,1.0,1.0,0.0,1.0,1.0,1.0
1.0,0.5,1.0,0.5,0.2,0.5,0.00023,0.2,0.0,0.81081,1.0,0.0,1.0,0.15,0.03,0.0,0.98727,1.0,1.0,0.93333,1.0,1.0,0.0,0.00104,0.00188,0.11111,1.0,1.0,1.0,0.0,1.0,1.0,1.0,0.35,1.0,1.0,0.5,0.28491,0.5,1.0,1.0,0.00463,0.216,1.0,0.0007,0.0,0.65,1.0,1.0,0.00463,0.216,1.0,0.1,1.0,1.0,0.0,1.0,1.0,0.44444
0.0,0.0,0.0,0.0,0.2,0.2,0.00019,0.2,0.0,0.76923,1.0,0.0,0.0,0.14,0.03,0.0,0.98489,1.0,1.0,0.77778,1.0,1.0,0.0,0.00071,0.0013,0.11111,1.0,1.0,1.0,0.0,1.0,1.0,1.0,0.45,1.0,1.0,0.5,0.28491,0.5,1.0,1.0,0.0,0.21612,0.95112,0.0,0.0,1.0,1.0,1.0,0.0,0.21612,1.0,0.1,1.0,1.0,0.0,1.0,1.0,1.0
0.5,0.5,0.5,0.5,0.5,0.5,0.00246,0.06667,0.36667,0.0,0.0,0.66667,0.0,0.13333,0.00889,0.8699,0.0,0.84762,0.90476,0.84762,1.0,0.5,0.0,0.67506,1.0,0.07143,0.05246,0.02495,0.0,0.0,0.90415,1.0,0.5,0.8,1.0,1.0,0.5,0.5,0.5,1.0,1.0,0.5,0.5,0.5,0.0,0.0,1.0,1.0,1.0,0.5,0.5,0.2,0.2,0.4,1.0,1.0,1.0,0.0,0.5
0.0,0.0,0.0,0.0,0.06667,0.06667,0.00201,0.06667,0.43333,0.0,0.0,0.66667,0.0,0.14222,0.01333,0.99446,0.0,0.86667,0.80952,0.90476,0.90476,0.80952,0.0,0.87528,1.0,0.42857,0.03937,0.01971,0.0,0.0,0.93023,0.85714,0.64286,0.0,1.0,1.0,0.5,0.5,0.5,1.0,1.0,0.5,0.5,0.5,0.0,0.0,1.0,1.0,1.0,0.5,0.5,1.0,0.06667,0.0,1.0,1.0,1.0,0.0,1.0
0.0,0.0,0.0,0.0,0.06667,0.13333,0.00177,0.13333,0.5,0.0,0.0,0.66667,0.0,0.11111,0.01778,0.97667,0.0,0.90476,0.90476,0.80952,1.0,0.90476,0.0,0.71132,1.0,0.5,0.03575,0.01567,0.16667,0.0,0.94071,0.57143,0.85714,0.0,1.0,1.0,0.5,0.5,0.5,1.0,1.0,0.5,0.5,0.5,0.0,0.0,1.0,1.0,1.0,0.5,0.5,1.0,0.06667,0.0,1.0,1.0,1.0,0.0,1.0
0.0,0.0,0.0,0.0,0.13333,0.2,0.00162,0.2,0.56667,0.0,0.0,0.66667,0.0,0.11556,0.01778,0.99515,0.0,0.88571,0.79048,0.80952,1.0,0.88571,0.0,0.0001,0.00018,0.21429,1.0,1.0,1.0,0.0,0.99703,0.64286,0.71429,0.0,1.0,1.0,0.5,0.5,0.5,1.0,1.0,0.5,0.5,0.5,0.0,0.0,1.0,1.0,1.0,0.5,0.5,1.0,0.06667,0.0,1.0,1.0,1.0,0.0,1.0
0.5,0.5,0.5,0.5,0.5,0.5,0.0463,0.33333,0.16667,0.0,0.0,0.66667,0.0,0.42222,0.0,0.87631,0.0,1.0,1.0,1.0,1.0,0.5,0.0,0.7411,1.0,0.07143,1.0,0.68462,0.5,0.0,0.89437,1.0,0.5,0.8,1.0,1.0,0.5,0.5,0.5,1.0,1.0,0.5,0.5,0.5,0.0,0.0,1.0,1.0,1.0,0.5,0.5,0.2,0.26667,0.375,1.0,1.0,1.0,0.0,0.5
0.5,0.5,0.5,0.5,0.5,0.5,0.1004,0.8,0.23333,0.0,0.0,0.66667,0.0,0.34667,0.0,0.90557,0.0,1.0,1.0,1.0,1.0,0.5,0.0,0.84429,1.0,0.14286,1.0,0.81077,0.8,0.0,0.9621,1.0,0.5,0.8,1.0,1.0,0.5,0.5,0.5,1.0,1.0,0.5,0.5,0.5,0.85943,0.00905,0.9,1.0,1.0,0.5,0.5,0.3,0.26667,0.6,0.66667,1.0,1.0,1.0,0.5
0.5,0.5,0.5,0.5,0.5,0.5,0.03688,0.2,0.1,0.0,0.0,0.66667,0.0,0.06222,0.00444,0.77874,0.0,0.97143,0.99048,1.0,1.0,0.5,0.0,0.54111,0.98384,0.07143,0.95864,0.92057,0.0,0.0,1.0,0.92857,0.5,0.8,1.0,1.0,0.5,0.5,0.5,1.0,1.0,0.5,0.5,0.5,0.0,0.0,1.0,1.0,1.0,1.0,0.3842,0.33333,0.13333,1.0,1.0,1.0,1.0,0.0,0.5
0.0,0.5,0.0,0.5,0.2,0.5,0.03178,0.2,0.13333,0.0,0.0,0.66667,1.0,0.06667,0.00444,0.90962,0.0,0.99048,0.99048,1.0,1.0,0.99048,1.0,0.5572,1.0,0.07143,0.77148,0.68409,0.0,0.0,0.66667,1.0,0.92857,0.8,1.0,1.0,0.5,0.5,0.5,1.0,1.0,0.5,0.5,0.5,0.0,0.0,1.0,1.0,1.0,1.0,0.3842,0.2,0.2,1.0,0.5,1.0,1.0,0.5,0.57143
0.0,0.5,0.0,0.5,0.13333,0.5,0.02637,0.13333,0.16667,0.0,0.0,0.66667,1.0,0.06667,0.00444,0.95251,0.0,1.0,0.98095,1.0,1.0,1.0,1.0,0.56013,1.0,0.07143,0.63037,0.52163,0.0,0.0,0.44444,1.0,1.0,0.8,1.0,1.0,0.5,0.5,0.5,1.0,1.0,0.5,0.5,0.5,0.0,0.0,1.0,1.0,1.0,1.0,0.3842,0.2,0.13333,0.5,0.0,1.0,1.0,1.0,1.0
0.0,0.5,0.0,0.5,0.13333,0.5,0.02181,0.13333,0.2,0.0,0.0,0.66667,1.0,0.07111,0.00444,0.97051,0.0,0.98095,1.0,1.0,1.0,0.98095,1.0,0.60486,1.0,0.07143,0.44283,0.31276,0.0,0.0,0.5625,1.0,0.92857,0.8,1.0,1.0,0.5,0.5,0.5,1.0,1.0,0.5,0.5,0.5,0.0,0.0,1.0,1.0,1.0,1.0,0.3842,0.2,0.13333,0.33333,1.0,1.0,1.0,0.33333,1.0
0.0,0.5,0.0,0.5,0.13333,0.5,0.01805,0.13333,0.23333,0.0,0.0,0.66667,1.0,0.07556,0.00444,0.98824,0.0,0.97143,0.97143,1.0,1.0,0.97143,0.0,0.54193,0.98533,0.14286,0.34182,0.20614,0.0,0.0,1.0,1.0,0.71429,0.8,1.0,1.0,0.5,0.5,0.5,1.0,1.0,0.5,0.5,0.5,0.0,0.0,1.0,1.0,1.0,1.0,0.3842,0.2,0.13333,1.0,1.0,1.0,1.0,0.0,1.0
0.5,0.5,0.5,0.5,0.5,0.5,0.07603,0.6,0.3,0.0,0.0,0.66667,0.0,0.12444,0.00889,0.99375,0.0,0.93333,0.9619,0.9619,1.0,0.5,0.0,0.90177,1.0,0.07143,1.0,0.69558,0.71429,0.0,0.75883,0.85714,0.5,0.8,1.0,1.0,0.5,0.5,0.5,1.0,1.0,0.5,0.5,0.5,0.27636,0.00736,0.6,1.0,1.0,1.0,0.07136,0.6,0.2,0.28571,1.0,1.0,1.0,0.0,0.5
1.0,0.5,1.0,0.5,0.6,0.5,0.07744,0.6,0.33333,0.0,0.0,0.66667,1.0,0.13778,0.00889,0.9982,0.0,1.0,0.9619,0.9619,1.0,1.0,1.0,0.93026,1.0,0.07143,1.0,0.71833,0.71429,0.0,0.77087,1.0,1.0,0.8,1.0,1.0,0.5,0.5,0.5,1.0,1.0,1.0,0.43805,0.5,0.36535,0.00787,0.6,1.0,1.0,1.0,0.43805,0.6,0.2,0.28571,0.0,1.0,1.0,0.28571,1.0
1.0,1.0,1.0,1.0,0.66667,0.73333,0.12833,1.0,0.53333,0.0,0.0,0.66667,0.0,0.13778,0.00889,0.0,0.97009,0.7619,0.9619,0.74286,0.99048,0.74286,0.0,0.69478,1.0,0.07143,1.0,1.0,1.0,0.0,0.94967,0.92857,0.64286,0.8,1.0,1.0,0.5,0.5,0.5,1.0,1.0,1.0,0.50574,1.0,0.12093,0.0,0.6,1.0,1.0,1.0,1.0,0.6,0.2,1.0,1.0,0.5,1.0,0.0,1.0
0.5,0.5,0.5,0.5,0.5,0.5,0.04192,0.33333,0.13333,0.0,0.0,0.66667,0.0,0.68444,0.0,1.0,0.0,1.0,1.0,1.0,1.0,0.5,0.0,0.5533,1.0,0.07143,0.60762,0.36904,0.23077,0.0,0.91429,0.85714,0.5,0.8,1.0,1.0,0.5,0.5,0.5,1.0,1.0,0.5,0.5,0.5,0.1394,0.00698,0.6,1.0,1.0,0.5,0.5,0.6,0.53333,0.53846,0.71429,1.0,1.0,0.84615,0.5
1.0,0.0,0.0,0.0,0.33333,0.26667,0.01903,0.26667,0.8,0.0,0.0,0.66667,0.0,0.44889,0.02667,0.9969,0.0,1.0,1.0,0.89524,1.0,0.65714,0.0,0.54231,0.98601,0.07143,0.70333,0.48542,0.33333,0.0,0.99214,0.85714,0.28571,0.4,1.0,1.0,0.5,0.5,0.5,1.0,1.0,0.67704,0.49526,0.94579,0.0,0.0,1.0,1.0,1.0,0.07716,0.40122,0.6,0.2,0.66667,0.5,0.5,1.0,0.0,1.0
0.0,1.0,0.0,0.0,0.26667,0.26667,0.00948,0.2,0.93333,0.0,0.0,0.66667,0.0,0.41333,0.01778,0.0,0.98752,1.0,1.0,0.89524,1.0,0.89524,0.0,0.61968,1.0,0.14286,0.17885,0.0786,0.0,1.0,1.0,1.0,0.78571,0.5,1.0,1.0,0.5,1.0,0.5,1.0,1.0,0.67704,0.49526,0.94579,0.0,0.0,1.0,1.0,1.0,0.07716,0.40122,0.5,0.2,1.0,0.5,1.0,1.0,1.0,1.0
0.5,0.5,0.5,0.5,0.5,0.5,0.00558,0.06667,0.86667,0.0,0.0,0.66667,0.0,0.30222,0.02222,0.0,0.98768,0.85714,1.0,0.8,0.66667,0.5,0.0,0.71634,1.0,0.07143,0.09483,0.0405,0.0,0.0,0.98882,1.0,0.5,0.7,1.0,1.0,0.5,0.5,0.5,1.0,1.0,0.5,0.5,0.5,0.00827,0.08559,0.3,1.0,1.0,0.02071,0.25706,1.0,0.06667,0.0,1.0,0.0,1.0,0.0,0.5
1.0,0.5,1.0,0.5,0.06667,0.5,0.00592,0.06667,0.9,0.0,0.0,0.66667,1.0,0.29333,0.02667,0.0,0.97882,0.89524,1.0,0.69524,1.0,0.89524,0.0,0.66997,1.0,0.07143,0.11157,0.05303,0.0,0.0,0.9919,1.0,0.35714,0.76667,1.0,1.0,0.5,0.5,0.5,1.0,1.0,0.06736,0.9835,0.5,0.00473,0.0,0.6,1.0,1.0,0.06736,0.9835,0.63333,0.26667,0.375,1.0,1.0,1.0,0.0,1.0
0.5,0.5,0.5,0.5,0.5,0.5,0.0,0.06667,0.46667,0.0,0.0,0.66667,0.0,0.17333,0.02667,0.98791,0.0,0.94286,1.0,0.8381,0.94286,0.5,0.0,0.7312,1.0,0.07143,0.0,0.0,0.0,0.0,0.78817,0.85714,0.5,1.0,1.0,1.0,0.5,0.5,0.5,1.0,1.0,0.5,0.5,0.5,0.0,0.0,1.0,1.0,1.0,0.5,0.5,0.0,0.26667,0.66667,1.0,0.25,1.0,0.5,0.5
0.5,0.5,0.5,0.5,0.5,0.5,0.07525,0.6,0.26667,0.0,0.0,0.66667,0.0,0.26667,0.0,0.98372,0.0,1.0,1.0,1.0,1.0,0.5,0.0,0.73622,1.0,0.0,1.0,0.69698,0.66667,0.0,0.93795,1.0,0.5,0.8,1.0,1.0,0.5,0.5,0.5,1.0,1.0,0.5,0.5,0.5,0.0,0.0,1.0,1.0,1.0,0.5,0.5,0.2,0.53333,0.77778,0.85714,1.0,1.0,0.0,0.5
0.5,0.5,0.5,0.5,0.5,0.5,0.03164,0.06667,0.26667,0.0,0.0,0.66667,0.0,0.21778,0.01333,0.83665,0.0,1.0,1.0,1.0,1.0,0.5,0.0,0.83913,1.0,0.07143,0.49848,0.38565,0.0,0.0,0.95214,1.0,0.5,0.8,1.0,1.0,0.5,0.5,0.5,1.0,1.0,0.5,0.5,0.5,0.4745,0.01128,0.7,1.0,1.0,0.5,0.5,0.5,0.46667,1.0,0.83333,0.66667,1.0,0.83333,0.5
0.0,0.0,1.0,0.0,0.06667,0.06667,0.01978,0.06667,0.33333,0.0,0.0,0.66667,0.0,0.2,0.02667,0.9394,0.0,1.0,0.99048,0.9619,1.0,1.0,0.0,0.80441,1.0,0.07143,0.33236,0.22112,0.0,0.0,0.95663,1.0,1.0,0.0,0.93333,0.88479,0.37837,0.5,0.25225,1.0,1.0,0.02237,0.13716,0.59722,0.0,0.0,1.0,1.0,1.0,0.02237,0.13716,1.0,0.06667,0.0,1.0,0.0,1.0,0.0,1.0
0.0,0.0,0.0,0.0,0.06667,0.06667,0.00045,0.46667,0.93333,0.0,0.0,0.66667,0.0,0.03111,0.04444,0.98818,0.0,1.0,1.0,0.84762,0.99048,0.8,1.0,0.62108,1.0,0.07143,0.03297,0.00337,0.66667,0.0,0.92722,0.42857,0.78571,0.0,1.0,1.0,0.5,0.25121,0.5,1.0,1.0,0.02237,0.13716,0.59722,0.0,0.0,1.0,1.0,1.0,0.02237,0.13716,1.0,0.06667,0.0,1.0,0.0,1.0,0.11111,1.0
0.0,0.0,0.0,0.0,0.4,0.4,0.00038,0.46667,0.0,0.85714,0.0,0.66667,0.0,0.02667,0.04444,0.0,0.99332,1.0,1.0,0.8381,0.82857,0.8381,1.0,0.7007,1.0,0.07143,0.01358,0.00245,0.55556,0.0,0.81727,0.78571,0.71429,0.0,1.0,1.0,0.5,0.25121,0.5,1.0,1.0,0.02237,0.13716,0.59722,0.0,0.0,1.0,1.0,1.0,0.5127,0.50242,1.0,0.06667,0.0,1.0,0.0,1.0,0.33333,1.0
0.5,0.5,0.5,0.5,0.5,0.5,0.09894,0.86667,0.06667,0.0,0.0,0.66667,0.0,0.36,0.0,0.5,0.5,0.34286,0.65714,1.0,1.0,0.5,1.0,0.86035,1.0,0.42857,1.0,1.0,1.0,0.0,0.75508,0.5,0.5,0.8,1.0,1.0,0.5,0.5,0.5,1.0,1.0,0.5,0.5,0.5,0.5,0.5,1.0,1.0,1.0,0.5,0.5,0.23333,0.26667,0.6,0.66667,1.0,1.0,1.0,0.5
0.5,0.5,0.5,0.5,0.5,0.5,0.02338,0.26667,0.43333,0.0,0.0,0.66667,0.0,0.05778,0.00889,0.99938,0.0,0.98095,1.0,0.99048,1.0,0.5,1.0,0.54452,0.99003,0.07143,0.68418,0.55079,0.0,0.0,0.66468,0.78571,0.5,0.8,1.0,1.0,0.5,0.5,0.5,1.0,1.0,0.5,0.5,0.5,0.0,0.0,1.0,1.0,1.0,1.0,0.83059,0.2,0.13333,0.5,0.0,1.0,1.0,0.5,0.5
0.0,0.0,0.0,0.0,0.2,0.2,0.01523,0.2,0.56667,0.0,0.0,0.66667,0.0,0.05778,0.00889,0.99807,0.0,0.98095,0.98095,0.99048,1.0,1.0,0.0,0.55106,1.0,0.07143,0.41093,0.28359,0.0,0.0,0.53129,0.78571,1.0,0.8,1.0,1.0,0.5,0.5,0.5,1.0,1.0,0.5,0.5,0.5,0.0,0.0,1.0,1.0,1.0,1.0,0.83059,1.0,0.06667,0.0,1.0,0.0,1.0,0.0,1.0
0.0,0.0,0.0,0.0,0.2,0.2,0.01505,0.2,0.63333,0.0,0.0,0.66667,0.0,0.05778,0.00889,0.99794,0.0,1.0,0.98095,0.99048,1.0,1.0,1.0,0.55401,1.0,0.07143,0.39677,0.28109,0.0,0.0,0.53086,0.78571,1.0,0.8,1.0,1.0,0.5,0.5,0.5,1.0,1.0,0.5,0.5,0.5,0.0,0.0,1.0,1.0,1.0,1.0,0.83059,1.0,0.06667,0.0,1.0,0.0,1.0,0.0,0.14286
0.0,0.0,0.0,0.0,0.2,0.2,0.01501,0.2,0.76667,0.0,0.0,0.66667,0.0,0.05778,0.00889,0.99653,0.0,0.99048,0.99048,0.99048,1.0,0.99048,0.0,0.00075,0.00135,0.0,1.0,1.0,1.0,0.0,1.0,0.92857,0.85714,0.8,1.0,1.0,0.5,0.5,0.5,1.0,1.0,0.5,0.5,0.5,0.0,0.0,1.0,1.0,1.0,1.0,0.83059,1.0,0.06667,1.0,1.0,0.0,1.0,1.0,0.14286
0.5,0.5,0.5,0.5,0.5,0.5,0.00025,0.13333,0.4,0.0,0.0,0.66667,0.0,0.19556,0.03556,0.96826,0.0,0.77143,0.73333,0.78095,0.85714,0.5,0.0,0.92216,1.0,0.14286,0.00456,0.0021,0.0,0.0,0.95023,0.78571,0.5,0.0,1.0,1.0,0.5,0.5,0.5,1.0,1.0,0.5,0.5,0.5,0.0,0.0,1.0,1.0,1.0,0.0,0.23644,1.0,0.06667,0.0,1.0,1.0,1.0,0.0,0.5
0.0,0.0,0.0,0.0,0.13333,0.13333,0.00025,0.13333,0.46667,0.0,0.0,0.66667,0.0,0.11556,0.03556,0.97406,0.0,0.9619,0.90476,0.80952,0.86667,0.81905,1.0,0.83641,1.0,0.57143,0.00376,0.00216,0.2,0.0,0.87051,0.21429,0.07143,0.0,1.0,1.0,0.5,0.5,0.5,1.0,1.0,0.5,0.5,0.5,0.0,0.0,1.0,1.0,1.0,0.0,0.23644,1.0,0.06667,0.0,1.0,1.0,1.0,0.0,1.0
0.0,0.0,1.0,0.0,0.13333,0.13333,9e-05,0.13333,0.53333,0.0,0.0,0.66667,0.0,0.08,0.04,0.99435,0.0,0.92381,1.0,0.81905,0.92381,0.82857,0.0,0.78113,1.0,0.07143,0.00134,0.00075,0.2,0.0,0.86316,0.92857,1.0,0.0,0.93333,0.99776,0.29835,0.5,0.37294,1.0,1.0,0.5,0.5,0.5,0.0,0.0,1.0,1.0,1.0,0.0,0.23644,1.0,0.06667,0.0,1.0,1.0,1.0,0.2,1.0
0.0,0.0,0.0,0.0,0.13333,0.13333,1e-05,0.13333,0.8,0.0,0.0,0.66667,0.0,0.05333,0.04,0.98677,0.0,1.0,1.0,0.86667,0.91429,0.92381,1.0,0.799,1.0,0.07143,0.00019,0.00011,0.2,0.0,0.86595,0.78571,0.85714,0.0,1.0,1.0,0.5,0.5,0.5,1.0,1.0,0.5,0.5,0.5,0.0,0.0,1.0,1.0,1.0,0.0,0.23644,1.0,0.06667,0.0,1.0,1.0,1.0,0.0,1.0
0.0,0.0,0.0,0.0,0.13333,0.13333,1e-05,0.13333,0.0,0.88235,0.0,0.66667,0.0,0.06222,0.04444,0.99615,0.0,0.99048,1.0,0.89524,0.8381,0.88571,0.0,0.65958,1.0,0.35714,0.00024,0.00011,0.33333,0.0,0.79014,0.78571,0.85714,0.26667,1.0,1.0,0.5,0.5,0.5,1.0,1.0,0.5,0.5,0.5,1e-05,0.0,0.73333,1.0,1.0,0.0,0.23644,1.0,0.06667,0.0,1.0,1.0,1.0,0.0,1.0
0.0,0.0,0.0,0.0,0.13333,0.13333,1e-05,0.13333,0.0,0.83333,0.0,0.66667,0.0,0.05778,0.04444,0.9947,0.0,1.0,1.0,0.89524,0.8381,1.0,0.0,0.65906,1.0,0.35714,0.00022,0.0001,0.33333,0.0,0.79069,0.78571,1.0,0.43333,1.0,1.0,0.5,0.5,0.5,1.0,1.0,0.0,0.18578,0.9027,0.01846,0.10139,0.7,1.0,1.0,0.0,0.18578,1.0,0.06667,0.0,1.0,1.0,1.0,0.0,1.0
0.5,0.5,0.5,0.5,0.5,0.5,0.20249,0.6,0.06667,0.0,0.5,0.0,0.0,0.56,0.0,0.5,0.5,0.7,1.0,1.0,1.0,0.5,1.0,0.84035,1.0,0.0,1.0,0.94123,0.5,0.0,0.72222,1.0,0.5,0.8,1.0,1.0,0.5,0.5,0.5,1.0,1.0,0.5,0.5,0.5,0.5,0.5,1.0,1.0,1.0,0.5,0.5,0.3,0.6,1.0,0.5,1.0,1.0,1.0,0.5
1.0,1.0,1.0,1.0,0.8,1.0,0.23859,1.0,0.2,0.0,0.5,0.0,0.0,0.44,0.0,0.96873,0.0,1.0,1.0,1.0,1.0,1.0,0.0,0.71586,1.0,0.0,1.0,1.0,1.0,0.0,0.88309,1.0,1.0,0.8,1.0,1.0,0.5,0.5,0.5,1.0,1.0,0.5,0.5,0.5,0.0,0.0,1.0,1.0,1.0,0.5,0.5,0.6,0.4,0.5,1.0,1.0,1.0,1.0,0.75
1.0,0.5,1.0,0.5,1.0,0.5,0.25329,1.0,0.23333,0.0,0.5,0.0,1.0,0.44,0.0,0.97814,0.0,1.0,1.0,1.0,1.0,1.0,0.0,0.68214,1.0,0.0,1.0,1.0,1.0,0.0,0.89446,1.0,1.0,0.8,1.0,1.0,0.5,0.5,0.5,1.0,1.0,0.5,0.5,0.5,0.0,0.0,1.0,1.0,1.0,0.5,0.5,0.6,0.4,0.5,1.0,1.0,1.0,0.5,0.5
1.0,0.5,1.0,0.5,1.0,0.5,0.26156,1.0,0.26667,0.0,0.5,0.0,1.0,0.44,0.0,0.99263,0.0,1.0,1.0,1.0,1.0,1.0,0.0,0.64979,1.0,0.0,1.0,1.0,1.0,0.0,0.9073,1.0,1.0,0.8,1.0,1.0,0.5,0.5,0.5,1.0,1.0,0.5,0.5,0.5,0.0,0.0,1.0,1.0,1.0,0.5,0.5,0.6,0.4,0.5,1.0,1.0,1.0,0.5,0.75
1.0,1.0,1.0,1.0,1.0,1.0,0.35502,1.0,0.56667,0.0,0.5,0.0,0.0,0.44,0.0,0.0,0.98288,1.0,1.0,1.0,1.0,1.0,1.0,0.95101,1.0,0.25,1.0,1.0,1.0,1.0,1.0,0.75,0.75,0.8,1.0,1.0,0.5,0.5,0.5,1.0,1.0,0.5,0.5,0.5,0.0,0.0,1.0,1.0,1.0,0.5,0.5,0.7,0.4,1.0,1.0,1.0,1.0,0.0,0.75
1.0,1.0,1.0,1.0,1.0,1.0,0.39912,1.0,0.63333,0.0,0.5,0.0,0.0,0.44,0.0,0.0,0.98373,1.0,1.0,1.0,1.0,1.0,1.0,0.997,1.0,0.25,1.0,1.0,1.0,1.0,1.0,0.75,1.0,0.8,1.0,1.0,0.5,0.5,0.5,1.0,1.0,0.5,0.5,0.5,0.0,0.0,1.0,1.0,1.0,0.5,0.5,0.8,0.4,1.0,1.0,1.0,1.0,0.0,0.75
1.0,0.5,1.0,0.5,1.0,0.5,0.41695,1.0,0.66667,0.0,0.5,0.0,1.0,0.44,0.0,0.0,0.98489,1.0,1.0,1.0,1.0,1.0,0.0,0.95613,1.0,0.25,1.0,1.0,1.0,0.0,1.0,1.0,1.0,0.8,1.0,1.0,0.5,0.5,0.5,1.0,1.0,0.5,0.5,0.5,0.0,0.0,1.0,1.0,1.0,0.5,0.5,0.8,0.4,1.0,1.0,1.0,1.0,1.0,0.75
0.5,0.5,0.5,0.5,0.5,0.5,0.16397,0.4,0.13333,0.0,0.5,0.0,0.0,0.56,0.08,0.72915,0.0,1.0,0.9,1.0,1.0,0.5,0.0,0.75106,1.0,0.25,0.96719,0.93647,0.0,0.0,1.0,0.5,0.5,0.1,0.6,0.6424,0.40746,0.5,0.16298,1.0,1.0,0.5,0.5,0.5,0.0,0.0,1.0,1.0,1.0,1.0,1.0,0.9,0.4,1.0,1.0,1.0,1.0,0.0,0.5
0.0,0.0,0.0,0.0,0.2,0.2,0.00254,0.6,0.63333,0.0,0.5,0.0,0.0,0.08,0.2,0.0,0.99718,1.0,1.0,0.8,1.0,1.0,0.0,0.0001,0.00018,0.0,1.0,1.0,1.0,0.0,1.0,1.0,0.75,0.0,1.0,1.0,0.5,0.47128,0.5,1.0,1.0,0.5,0.5,0.5,0.0,0.0,1.0,1.0,1.0,1.0,1.0,1.0,0.2,1.0,1.0,0.0,1.0,1.0,1.0
0.0,0.5,0.0,0.5,0.6,0.5,0.00253,0.6,0.66667,0.0,0.5,0.0,1.0,0.08,0.2,0.0,0.99824,1.0,1.0,0.8,1.0,1.0,0.0,0.0001,0.00018,0.0,1.0,1.0,1.0,0.0,1.0,1.0,1.0,0.0,1.0,1.0,0.5,0.47128,0.5,1.0,1.0,0.5,0.5,0.5,0.0,0.0,1.0,1.0,1.0,1.0,1.0,1.0,0.2,1.0,1.0,0.0,1.0,1.0,1.0
0.5,0.5,0.5,0.5,0.5,0.5,0.17238,0.4,0.53333,0.0,0.5,0.0,0.0,0.48,0.0,0.95032,0.0,1.0,1.0,1.0,1.0,0.5,1.0,0.99869,1.0,0.25,0.94162,0.61762,0.5,0.0,0.92491,0.75,0.5,0.8,1.0,1.0,0.5,0.5,0.5,1.0,1.0,0.5,0.5,0.5,0.0,0.0,1.0,1.0,1.0,0.5,0.5,0.7,0.4,0.5,1.0,1.0,1.0,0.0,0.5
0.0,0.0,0.0,0.0,0.4,0.4,0.10991,0.2,0.66667,0.0,0.5,0.0,0.0,0.36,0.0,0.98951,0.0,1.0,1.0,1.0,1.0,0.7,1.0,0.9149,1.0,0.25,0.67333,0.56702,0.0,0.0,0.96534,0.75,0.5,0.8,1.0,1.0,0.5,0.5,0.5,1.0,1.0,0.5,0.5,0.5,0.0,0.0,1.0,1.0,1.0,0.5,0.5,0.2,0.4,0.5,1.0,1.0,1.0,0.5,0.25
0.5,0.5,0.5,0.5,0.5,0.5,0.23584,0.6,0.5,0.0,0.5,0.0,0.0,0.32,0.04,0.98461,0.0,1.0,1.0,1.0,1.0,0.5,1.0,0.89037,1.0,0.5,1.0,1.0,1.0,0.0,0.5,0.5,0.5,0.8,1.0,1.0,0.5,0.5,0.5,1.0,1.0,0.5,0.5,0.5,0.0,0.0,1.0,1.0,1.0,0.5,0.5,1.0,0.2,0.0,1.0,1.0,1.0,0.0,0.5
1.0,0.5,1.0,0.5,0.6,0.5,0.24141,0.6,0.53333,0.0,0.5,0.0,1.0,0.32,0.04,0.98915,0.0,1.0,1.0,1.0,1.0,1.0,1.0,0.89912,1.0,0.5,1.0,1.0,1.0,0.0,0.5,1.0,1.0,0.8,1.0,1.0,0.5,0.5,0.5,1.0,1.0,0.5,0.5,0.5,0.0,0.0,1.0,1.0,1.0,0.5,0.5,1.0,0.2,0.0,1.0,1.0,1.0,0.0,0.5
1.0,0.5,1.0,0.5,0.8,0.5,0.24917,0.8,0.56667,0.0,0.5,0.0,1.0,0.32,0.04,0.99233,0.0,1.0,1.0,1.0,1.0,1.0,1.0,0.91775,1.0,0.5,1.0,1.0,1.0,0.0,0.78278,1.0,0.5,0.8,1.0,1.0,0.5,0.5,0.5,1.0,1.0,0.5,0.5,0.5,0.0,0.0,1.0,1.0,1.0,0.5,0.5,0.4,0.4,1.0,1.0,1.0,1.0,0.0,0.5
0.0,0.0,0.0,0.0,0.4,0.4,0.21371,0.4,0.7,0.0,0.5,0.0,0.0,0.28,0.04,0.0,0.99888,1.0,1.0,1.0,1.0,0.8,1.0,0.85281,1.0,0.75,0.8849,0.79356,0.0,0.0,1.0,1.0,0.5,0.8,1.0,1.0,0.5,0.5,0.5,1.0,1.0,0.5,0.5,0.5,0.0,0.0,1.0,1.0,1.0,0.5,0.5,0.2,0.4,1.0,1.0,0.0,1.0,0.0,0.25
0.5,0.5,0.5,0.5,0.5,0.5,0.2,0.6,0.03333,0.0,0.5,0.0,0.0,0.2,0.0,0.5,0.5,0.5,0.5,0.5,0.5,0.5,0.5,0.0,0.0,0.5,1.0,1.0,1.0,0.0,0.0,0.5,0.5,0.8,1.0,1.0,0.5,0.5,0.5,1.0,1.0,0.5,0.5,0.5,0.5,0.5,1.0,0.5,0.5,0.5,0.5,0.2,0.6,1.0,1.0,1.0,1.0,0.5,0.5
0.5,0.5,0.5,0.5,0.5,0.5,0.2,0.6,0.03333,0.0,0.5,0.0,0.0,0.2,0.0,0.5,0.5,0.5,0.5,0.5,0.5,0.5,0.5,0.0,0.0,0.5,1.0,1.0,1.0,0.0,0.0,0.5,0.5,0.8,1.0,1.0,0.5,0.5,0.5,1.0,1.0,0.5,0.5,0.5,0.5,0.5,1.0,0.5,0.5,0.5,0.5,0.2,0.6,1.0,1.0,1.0,1.0,0.5,0.5
0.5,0.5,0.5,0.5,0.5,0.5,0.2,0.6,0.03333,0.0,0.5,0.0,0.0,0.2,0.0,0.5,0.5,0.5,0.5,0.5,0.5,0.5,0.5,0.0,0.0,0.5,1.0,1.0,1.0,0.0,0.0,0.5,0.5,0.8,1.0,1.0,0.5,0.5,0.5,1.0,1.0,0.5,0.5,0.5,0.5,0.5,1.0,0.5,0.5,0.5,0.5,0.2,0.6,1.0,1.0,1.0,1.0,0.5,0.5
0.0,0.0,0.0,0.0,0.2,0.2,0.16702,0.2,0.1,0.0,0.5,0.0,0.0,0.28,0.0,0.93048,0.0,0.9,0.9,1.0,1.0,1.0,1.0,0.81159,1.0,0.25,0.85427,0.74562,0.0,0.0,0.5,0.75,0.75,0.8,1.0,1.0,0.5,0.5,0.5,1.0,1.0,0.5,0.5,0.5,0.0,0.0,1.0,1.0,1.0,0.5,0.5,1.0,0.2,0.0,1.0,1.0,1.0,0.0,1.0
0.0,0.5,0.0,0.5,0.2,0.5,0.16699,0.2,0.13333,0.0,0.5,0.0,1.0,0.28,0.0,0.94877,0.0,1.0,0.9,1.0,1.0,1.0,0.0,0.09218,0.16761,0.0,1.0,1.0,1.0,0.0,1.0,1.0,0.75,0.8,1.0,1.0,0.5,0.5,0.5,1.0,1.0,0.5,0.5,0.5,0.0,0.0,1.0,1.0,1.0,0.5,0.5,1.0,0.2,1.0,1.0,1.0,1.0,1.0,0.5
0.0,0.5,0.0,0.5,0.2,0.5,0.16698,0.2,0.16667,0.0,0.5,0.0,1.0,0.28,0.0,0.95403,0.0,1.0,1.0,1.0,1.0,1.0,0.0,0.09218,0.1676,0.0,1.0,1.0,1.0,0.0,1.0,1.0,1.0,0.8,1.0,1.0,0.5,0.5,0.5,1.0,1.0,0.5,0.5,0.5,0.0,0.0,1.0,1.0,1.0,0.5,0.5,1.0,0.2,1.0,1.0,1.0,1.0,1.0,0.5
0.0,0.5,0.0,0.5,0.2,0.5,0.16698,0.2,0.2,0.0,0.5,0.0,1.0,0.24,0.0,0.95633,0.0,1.0,1.0,1.0,1.0,1.0,0.0,0.09218,0.16759,0.0,1.0,1.0,1.0,0.0,1.0,1.0,1.0,0.8,1.0,1.0,0.5,0.5,0.5,1.0,1.0,0.5,0.5,0.5,0.0,0.0,1.0,1.0,1.0,0.5,0.5,1.0,0.2,1.0,1.0,1.0,1.0,1.0,0.5
0.0,0.5,0.0,0.5,0.2,0.5,0.16698,0.2,0.23333,0.0,0.5,0.0,1.0,0.24,0.0,0.9623,0.0,1.0,1.0,1.0,1.0,1.0,0.0,0.09218,0.16759,0.0,1.0,1.0,1.0,0.0,1.0,1.0,1.0,0.8,1.0,1.0,0.5,0.5,0.5,1.0,1.0,0.5,0.5,0.5,0.0,0.0,1.0,1.0,1.0,0.5,0.5,1.0,0.2,1.0,1.0,1.0,1.0,1.0,0.5
0.0,0.5,0.0,0.5,0.2,0.5,0.16698,0.2,0.26667,0.0,0.5,0.0,1.0,0.2,0.0,0.97424,0.0,1.0,1.0,1.0,1.0,1.0,0.0,0.09218,0.16759,0.0,1.0,1.0,1.0,0.0,1.0,1.0,1.0,0.8,1.0,1.0,0.5,0.5,0.5,1.0,1.0,0.5,0.5,0.5,0.0,0.0,1.0,1.0,1.0,0.5,0.5,1.0,0.2,1.0,1.0,1.0,1.0,1.0,0.5
0.0,0.5,0.0,0.5,0.2,0.5,0.16698,0.2,0.3,0.0,0.5,0.0,1.0,0.2,0.0,0.9814,0.0,1.0,1.0,1.0,1.0,1.0,0.0,0.09218,0.16759,0.0,1.0,1.0,1.0,0.0,1.0,1.0,1.0,0.8,1.0,1.0,0.5,0.5,0.5,1.0,1.0,0.5,0.5,0.5,0.0,0.0,1.0,1.0,1.0,0.5,0.5,1.0,0.2,1.0,1.0,1.0,1.0,1.0,0.5
0.0,0.5,0.0,0.5,0.2,0.5,0.16698,0.2,0.33333,0.0,0.5,0.0,1.0,0.2,0.0,0.98668,0.0,1.0,1.0,1.0,1.0,1.0,0.0,0.09218,0.16759,0.0,1.0,1.0,1.0,0.0,1.0,1.0,1.0,0.8,1.0,1.0,0.5,0.5,0.5,1.0,1.0,0.5,0.5,0.5,0.0,0.0,1.0,1.0,1.0,0.5,0.5,1.0,0.2,1.0,1.0,1.0,1.0,1.0,0.5
0.0,0.5,0.0,0.5,0.2,0.5,0.16698,0.2,0.36667,0.0,0.5,0.0,1.0,0.2,0.0,0.99042,0.0,1.0,1.0,1.0,1.0,1.0,0.0,0.09218,0.16759,0.0,1.0,1.0,1.0,0.0,1.0,1.0,1.0,0.8,1.0,1.0,0.5,0.5,0.5,1.0,1.0,0.5,0.5,0.5,0.0,0.0,1.0,1.0,1.0,0.5,0.5,1.0,0.2,1.0,1.0,1.0,1.0,1.0,0.5
0.0,0.5,0.0,0.5,0.2,0.5,0.16698,0.2,0.4,0.0,0.5,0.0,1.0,0.2,0.0,0.99291,0.0,1.0,1.0,1.0,1.0,1.0,0.0,0.09218,0.16759,0.0,1.0,1.0,1.0,0.0,1.0,1.0,1.0,0.8,1.0,1.0,0.5,0.5,0.5,1.0,1.0,0.5,0.5,0.5,0.0,0.0,1.0,1.0,1.0,0.5,0.5,1.0,0.2,1.0,1.0,1.0,1.0,1.0,0.5
0.5,0.5,0.5,0.5,0.5,0.5,0.2,0.6,0.03333,0.0,0.5,0.0,0.0,0.2,0.0,0.5,0.5,0.5,0.5,0.5,0.5,0.5,0.5,0.0,0.0,0.5,1.0,1.0,1.0,0.0,0.0,0.5,0.5,0.8,1.0,1.0,0.5,0.5,0.5,1.0,1.0,0.5,0.5,0.5,0.5,0.5,1.0,0.5,0.5,0.5,0.5,0.2,0.6,1.0,1.0,1.0,1.0,0.5,0.5
1.0,0.5,1.0,0.5,0.6,0.5,0.20552,0.6,0.06667,0.0,0.5,0.0,1.0,0.76,0.0,0.5,0.5,0.0,1.0,1.0,1.0,0.0,1.0,0.84,1.0,0.75,1.0,1.0,1.0,0.0,1.0,1.0,0.75,0.8,1.0,1.0,0.5,0.5,0.5,1.0,1.0,0.5,0.5,0.5,0.5,0.5,1.0,1.0,1.0,0.5,0.5,0.4,0.4,1.0,1.0,1.0,1.0,1.0,1.0
1.0,1.0,1.0,1.0,0.6,0.8,0.21067,0.8,0.53333,0.0,0.5,0.0,0.0,0.52,0.0,0.99174,0.0,1.0,1.0,1.0,1.0,0.4,0.0,0.52764,0.95934,0.0,1.0,1.0,1.0,0.0,0.98497,0.75,1.0,0.8,1.0,1.0,0.5,0.5,0.5,1.0,1.0,0.5,0.5,0.5,0.0,0.0,1.0,1.0,1.0,0.5,0.5,0.5,0.4,1.0,1.0,1.0,1.0,1.0,1.0
1.0,0.5,0.0,0.5,0.6,0.5,0.20888,0.6,0.56667,0.0,0.5,0.0,1.0,0.52,0.0,0.99509,0.0,1.0,1.0,1.0,1.0,1.0,0.0,0.51336,0.93339,0.0,1.0,1.0,1.0,0.0,0.99159,1.0,1.0,0.8,1.0,1.0,0.5,0.5,0.5,1.0,1.0,0.5,0.5,0.5,0.0,0.0,1.0,1.0,1.0,0.5,0.5,0.5,0.4,1.0,1.0,1.0,1.0,1.0,1.0
1.0,1.0,0.0,1.0,0.6,0.8,0.21346,0.8,0.63333,0.0,0.5,0.0,0.0,0.52,0.0,0.998,0.0,1.0,1.0,1.0,1.0,1.0,0.0,0.48355,0.87918,0.0,1.0,1.0,1.0,0.0,1.0,0.75,1.0,0.8,1.0,1.0,0.5,0.5,0.5,1.0,1.0,0.5,0.5,0.5,0.0,0.0,1.0,1.0,1.0,0.5,0.5,0.5,0.4,1.0,1.0,1.0,1.0,1.0,1.0
1.0,1.0,0.0,1.0,0.8,0.8,0.25283,1.0,0.8,0.0,0.5,0.0,0.0,0.52,0.0,0.0,0.99651,1.0,1.0,1.0,1.0,1.0,0.0,0.39009,0.70926,0.0,1.0,1.0,1.0,0.0,1.0,1.0,1.0,0.8,1.0,1.0,0.5,0.5,0.5,1.0,1.0,0.5,0.5,0.5,0.0,0.0,1.0,1.0,1.0,0.5,0.5,0.8,0.4,1.0,1.0,1.0,1.0,0.0,1.0
1.0,0.0,0.0,0.0,1.0,0.6,0.23632,0.6,0.86667,0.0,0.5,0.0,0.0,0.52,0.0,0.0,0.98788,1.0,1.0,1.0,1.0,1.0,0.0,0.33435,0.6079,0.0,1.0,1.0,1.0,0.0,1.0,1.0,1.0,0.8,1.0,1.0,0.5,0.5,0.5,1.0,1.0,0.5,0.5,0.5,0.0,0.0,1.0,1.0,1.0,0.5,0.5,0.8,0.4,1.0,1.0,1.0,1.0,0.0,1.0
0.5,0.5,0.5,0.5,0.5,0.5,0.19319,0.4,0.43333,0.0,0.5,0.0,0.0,0.52,0.12,0.90302,0.0,1.0,1.0,1.0,1.0,0.5,1.0,0.84079,1.0,1.0,1.0,0.95219,0.5,0.0,1.0,0.0,0.5,0.6,1.0,1.0,0.5,0.5,0.5,1.0,1.0,0.5,0.5,0.5,0.02429,0.0,0.9,1.0,1.0,0.5,0.5,0.5,0.4,0.5,1.0,1.0,1.0,0.0,0.5
1.0,1.0,1.0,1.0,0.4,0.6,0.24093,0.6,0.5,0.0,0.5,0.0,0.0,0.56,0.12,0.0,0.99876,1.0,1.0,0.8,1.0,1.0,1.0,0.91664,1.0,0.25,0.97616,0.95344,0.0,0.0,1.0,0.75,0.25,0.8,1.0,1.0,0.5,0.5,0.5,1.0,1.0,0.0,0.076,1.0,0.0529,0.0,0.8,1.0,1.0,0.0,0.076,0.4,0.4,1.0,1.0,0.0,1.0,0.0,1.0
0.5,0.5,0.5,0.5,0.5,0.5,0.2,0.6,0.03333,0.0,0.5,0.0,0.0,0.2,0.0,0.5,0.5,0.5,0.5,0.5,0.5,0.5,0.5,0.0,0.0,0.5,1.0,1.0,1.0,0.0,0.0,0.5,0.5,0.8,1.0,1.0,0.5,0.5,0.5,1.0,1.0,0.5,0.5,0.5,0.5,0.5,1.0,0.5,0.5,0.5,0.5,0.2,0.6,1.0,1.0,1.0,1.0,0.5,0.5
0.0,1.0,0.0,0.0,0.4,0.4,0.28,1.0,0.26667,0.0,0.5,0.0,0.0,0.56,0.2,0.94318,0.0,1.0,1.0,1.0,1.0,0.6,1.0,0.72187,1.0,0.0,1.0,1.0,1.0,0.0,0.95318,1.0,1.0,0.4,1.0,1.0,0.5,0.5,0.5,1.0,1.0,0.5,0.5,0.5,0.22611,0.0,0.6,1.0,1.0,0.5,0.5,1.0,0.2,0.0,1.0,1.0,1.0,1.0,1.0
1.0,1.0,1.0,1.0,1.0,1.0,0.33282,1.0,0.36667,0.0,0.5,0.0,0.0,0.48,0.28,0.0,0.917,0.9,1.0,0.9,1.0,0.9,1.0,0.98176,1.0,0.25,1.0,1.0,1.0,0.0,0.98016,1.0,0.75,0.8,1.0,1.0,0.5,0.5,0.5,1.0,1.0,0.79459,0.484,1.0,0.2608,0.01082,0.6,1.0,1.0,0.79459,0.484,0.6,0.4,1.0,0.0,1.0,1.0,1.0,1.0
1.0,0.5,1.0,0.5,1.0,0.5,0.37758,1.0,0.4,0.0,0.5,0.0,1.0,0.44,0.28,0.0,0.918,1.0,1.0,0.8,1.0,1.0,0.0,0.92637,1.0,0.25,1.0,1.0,1.0,0.0,0.96774,1.0,1.0,0.8,1.0,1.0,0.5,0.5,0.5,1.0,1.0,1.0,0.55333,1.0,0.0,0.02608,1.0,1.0,1.0,1.0,0.55333,0.6,0.4,1.0,0.0,1.0,1.0,1.0,1.0
1.0,0.5,0.0,0.5,0.8,0.5,0.35817,0.8,0.43333,0.0,0.5,0.0,1.0,0.4,0.28,0.0,0.90824,0.7,1.0,1.0,1.0,0.7,0.0,0.77845,1.0,0.0,1.0,1.0,1.0,0.0,0.96568,1.0,1.0,0.8,1.0,1.0,0.5,0.5,0.5,1.0,1.0,1.0,0.55333,1.0,0.0,0.0,1.0,1.0,1.0,1.0,0.55333,0.6,0.4,1.0,1.0,1.0,1.0,1.0,0.75
1.0,0.5,1.0,0.5,0.8,0.5,0.37062,0.8,0.46667,0.0,0.5,0.0,1.0,0.4,0.28,0.0,0.99005,1.0,1.0,1.0,1.0,1.0,0.0,0.7715,1.0,0.0,1.0,1.0,1.0,0.0,0.97775,1.0,1.0,0.8,1.0,1.0,0.5,0.5,0.5,1.0,1.0,1.0,0.55333,1.0,0.0,0.0,1.0,1.0,1.0,1.0,0.55333,0.6,0.4,1.0,1.0,1.0,1.0,1.0,0.75
1.0,1.0,1.0,1.0,1.0,1.0,0.45586,1.0,0.7,0.0,0.5,0.0,0.0,0.2,0.28,0.9894,0.0,1.0,1.0,0.7,0.5,0.7,1.0,0.84385,1.0,0.5,1.0,1.0,1.0,0.0,1.0,1.0,0.75,0.8,1.0,1.0,0.5,0.5,0.5,1.0,1.0,1.0,0.55333,1.0,0.0,0.0,1.0,1.0,1.0,1.0,0.55333,1.0,0.2,1.0,1.0,0.0,1.0,1.0,0.75
0.0,0.5,1.0,0.5,1.0,0.5,0.45589,1.0,0.73333,0.0,0.5,0.0,1.0,0.2,0.28,0.98952,0.0,0.6,0.6,1.0,1.0,0.6,0.0,0.67978,1.0,0.25,1.0,1.0,1.0,0.0,1.0,1.0,0.75,0.8,1.0,1.0,0.5,0.5,0.5,1.0,1.0,1.0,0.55333,1.0,0.0,0.0,1.0,1.0,1.0,1.0,0.55333,0.7,0.4,1.0,1.0,1.0,1.0,0.0,0.75
0.5,0.5,0.5,0.5,0.5,0.5,0.23669,1.0,0.66667,0.0,0.5,0.0,0.0,0.28,0.0,0.99852,0.0,1.0,1.0,1.0,1.0,0.5,1.0,0.70761,1.0,0.0,1.0,1.0,1.0,0.0,0.953,1.0,0.5,0.8,1.0,1.0,0.5,0.5,0.5,1.0,1.0,0.5,0.5,0.5,0.0,0.0,1.0,1.0,1.0,0.5,0.5,1.0,0.2,0.0,1.0,1.0,1.0,0.0,0.5
1.0,0.5,1.0,0.5,1.0,0.5,0.2517,1.0,0.7,0.0,0.5,0.0,1.0,0.28,0.0,0.99711,0.0,1.0,1.0,1.0,1.0,1.0,1.0,0.71644,1.0,0.0,1.0,1.0,1.0,0.0,0.96704,1.0,1.0,0.8,1.0,1.0,0.5,0.5,0.5,1.0,1.0,0.5,0.5,0.5,0.0,0.0,1.0,1.0,1.0,0.5,0.5,0.5,0.4,1.0,1.0,1.0,1.0,0.0,0.5
0.0,0.0,0.0,0.0,0.8,1.0,0.23464,1.0,0.76667,0.0,0.5,0.0,0.0,0.32,0.0,0.0,0.99611,1.0,1.0,1.0,1.0,1.0,0.0,0.70461,1.0,0.0,1.0,1.0,1.0,0.0,0.96517,1.0,1.0,0.8,1.0,1.0,0.5,0.5,0.5,1.0,1.0,0.5,0.5,0.5,0.0,0.0,1.0,1.0,1.0,0.5,0.5,1.0,0.2,0.0,1.0,1.0,1.0,0.0,0.25
1.0,1.0,1.0,1.0,1.0,1.0,0.24984,1.0,0.83333,0.0,0.5,0.0,0.0,0.32,0.0,0.0,0.98669,1.0,1.0,1.0,1.0,1.0,0.0,0.68306,1.0,0.0,1.0,1.0,1.0,0.0,0.97728,1.0,1.0,0.8,1.0,1.0,0.5,0.5,0.5,1.0,1.0,0.5,0.5,0.5,0.0,0.0,1.0,1.0,1.0,0.5,0.5,0.5,0.4,1.0,1.0,1.0,1.0,0.0,0.5
0.0,0.0,0.0,0.0,1.0,1.0,0.23211,0.8,0.0,0.78947,0.5,0.0,0.0,0.32,0.0,0.0,0.99127,1.0,1.0,1.0,1.0,1.0,0.0,0.79104,1.0,0.0,0.94899,0.90292,0.0,0.0,0.9621,1.0,1.0,0.8,1.0,1.0,0.5,0.5,0.5,1.0,1.0,0.5,0.5,0.5,0.0,0.0,1.0,1.0,1.0,0.5,0.5,1.0,0.2,0.0,1.0,1.0,1.0,0.0,0.25
0.5,0.5,0.5,0.5,0.5,0.5,0.11868,0.2,0.33333,0.0,0.5,0.0,0.0,0.84,0.04,0.0,0.99403,1.0,1.0,1.0,1.0,0.5,1.0,0.80791,1.0,0.25,0.63092,0.46083,0.0,0.0,0.7549,0.5,0.5,0.8,1.0,1.0,0.5,0.5,0.5,1.0,1.0,0.5,0.5,0.5,0.0,0.0,1.0,1.0,1.0,0.97652,1.0,1.0,0.2,0.0,1.0,0.0,1.0,0.0,0.5
1.0,0.0,0.0,0.0,0.2,0.2,0.09159,0.2,0.46667,0.0,0.5,0.0,0.0,0.72,0.04,0.97436,0.0,1.0,1.0,1.0,1.0,1.0,0.0,0.02773,0.05042,0.0,1.0,1.0,1.0,0.0,1.0,0.75,0.75,0.8,1.0,1.0,0.5,0.5,0.5,1.0,1.0,0.5,0.5,0.5,0.0,0.0,1.0,1.0,1.0,0.97652,1.0,1.0,0.2,1.0,1.0,0.0,1.0,1.0,0.5
0.5,0.5,0.5,0.5,0.5,0.5,0.16702,0.2,0.1,0.0,0.5,0.0,0.0,0.28,0.0,0.93048,0.0,0.9,0.9,1.0,1.0,0.5,1.0,0.81159,1.0,0.25,0.85427,0.74562,0.0,0.0,0.5,0.75,0.5,0.8,1.0,1.0,0.5,0.5,0.5,1.0,1.0,0.5,0.5,0.5,0.0,0.0,1.0,1.0,1.0,0.5,0.5,1.0,0.2,0.0,1.0,1.0,1.0,0.0,0.5
0.0,0.5,0.0,0.5,0.2,0.5,0.16699,0.2,0.13333,0.0,0.5,0.0,1.0,0.28,0.0,0.94877,0.0,1.0,0.9,1.0,1.0,1.0,0.0,0.09218,0.16761,0.0,1.0,1.0,1.0,0.0,1.0,1.0,0.75,0.8,1.0,1.0,0.5,0.5,0.5,1.0,1.0,0.5,0.5,0.5,0.0,0.0,1.0,1.0,1.0,0.5,0.5,1.0,0.2,1.0,1.0,1.0,1.0,1.0,0.5
0.0,0.5,0.0,0.5,0.2,0.5,0.16698,0.2,0.16667,0.0,0.5,0.0,1.0,0.28,0.0,0.95403,0.0,1.0,1.0,1.0,1.0,1.0,0.0,0.09218,0.1676,0.0,1.0,1.0,1.0,0.0,1.0,1.0,1.0,0.8,1.0,1.0,0.5,0.5,0.5,1.0,1.0,0.5,0.5,0.5,0.0,0.0,1.0,1.0,1.0,0.5,0.5,1.0,0.2,1.0,1.0,1.0,1.0,1.0,0.5
0.0,0.5,0.0,0.5,0.2,0.5,0.16698,0.2,0.2,0.0,0.5,0.0,1.0,0.24,0.0,0.95633,0.0,1.0,1.0,1.0,1.0,1.0,0.0,0.09218,0.16759,0.0,1.0,1.0,1.0,0.0,1.0,1.0,1.0,0.8,1.0,1.0,0.5,0.5,0.5,1.0,1.0,0.5,0.5,0.5,0.0,0.0,1.0,1.0,1.0,0.5,0.5,1.0,0.2,1.0,1.0,1.0,1.0,1.0,0.5
0.0,0.5,0.0,0.5,0.2,0.5,0.16698,0.2,0.23333,0.0,0.5,0.0,1.0,0.24,0.0,0.9623,0.0,1.0,1.0,1.0,1.0,1.0,0.0,0.09218,0.16759,0.0,1.0,1.0,1.0,0.0,1.0,1.0,1.0,0.8,1.0,1.0,0.5,0.5,0.5,1.0,1.0,0.5,0.5,0.5,0.0,0.0,1.0,1.0,1.0,0.5,0.5,1.0,0.2,1.0,1.0,1.0,1.0,1.0,0.5
0.0,0.5,0.0,0.5,0.2,0.5,0.16698,0.2,0.26667,0.0,0.5,0.0,1.0,0.2,0.0,0.97424,0.0,1.0,1.0,1.0,1.0,1.0,0.0,0.09218,0.16759,0.0,1.0,1.0,1.0,0.0,1.0,1.0,1.0,0.8,1.0,1.0,0.5,0.5,0.5,1.0,1.0,0.5,0.5,0.5,0.0,0.0,1.0,1.0,1.0,0.5,0.5,1.0,0.2,1.0,1.0,1.0,1.0,1.0,0.5
0.0,0.5,0.0,0.5,0.2,0.5,0.16698,0.2,0.3,0.0,0.5,0.0,1.0,0.2,0.0,0.9814,0.0,1.0,1.0,1.0,1.0,1.0,0.0,0.09218,0.16759,0.0,1.0,1.0,1.0,0.0,1.0,1.0,1.0,0.8,1.0,1.0,0.5,0.5,0.5,1.0,1.0,0.5,0.5,0.5,0.0,0.0,1.0,1.0,1.0,0.5,0.5,1.0,0.2,1.0,1.0,1.0,1.0,1.0,0.5
0.0,0.5,0.0,0.5,0.2,0.5,0.16698,0.2,0.33333,0.0,0.5,0.0,1.0,0.2,0.0,0.98668,0.0,1.0,1.0,1.0,1.0,1.0,0.0,0.09218,0.16759,0.0,1.0,1.0,1.0,0.0,1.0,1.0,1.0,0.8,1.0,1.0,0.5,0.5,0.5,1.0,1.0,0.5,0.5,0.5,0.0,0.0,1.0,1.0,1.0,0.5,0.5,1.0,0.2,1.0,1.0,1.0,1.0,1.0,0.5
0.0,0.5,0.0,0.5,0.2,0.5,0.16698,0.2,0.36667,0.0,0.5,0.0,1.0,0.2,0.0,0.99042,0.0,1.0,1.0,1.0,1.0,1.0,0.0,0.09218,0.16759,0.0,1.0,1.0,1.0,0.0,1.0,1.0,1.0,0.8,1.0,1.0,0.5,0.5,0.5,1.0,1.0,0.5,0.5,0.5,0.0,0.0,1.0,1.0,1.0,0.5,0.5,1.0,0.2,1.0,1.0,1.0,1.0,1.0,0.5
0.0,0.5,0.0,0.5,0.2,0.5,0.16698,0.2,0.4,0.0,0.5,0.0,1.0,0.2,0.0,0.99291,0.0,1.0,1.0,1.0,1.0,1.0,0.0,0.09218,0.16759,0.0,1.0,1.0,1.0,0.0,1.0,1.0,1.0,0.8,1.0,1.0,0.5,0.5,0.5,1.0,1.0,0.5,0.5,0.5,0.0,0.0,1.0,1.0,1.0,0.5,0.5,1.0,0.2,1.0,1.0,1.0,1.0,1.0,0.5
0.0,0.0,0.0,0.0,0.2,0.2,0.16698,0.2,0.0,0.76923,0.5,0.0,0.0,0.2,0.0,0.99998,0.0,1.0,1.0,1.0,1.0,1.0,1.0,0.09218,0.16759,0.0,1.0,1.0,1.0,0.0,1.0,1.0,1.0,0.8,1.0,1.0,0.5,0.5,0.5,1.0,1.0,0.5,0.5,0.5,0.0,0.0,1.0,1.0,1.0,0.5,0.5,1.0,0.2,1.0,1.0,1.0,1.0,1.0,0.5
0.0,0.5,0.0,0.5,0.2,0.5,0.16698,0.2,0.0,0.75,0.5,0.0,1.0,0.2,0.0,0.99999,0.0,1.0,1.0,1.0,1.0,1.0,0.0,0.09218,0.16759,0.0,1.0,1.0,1.0,0.0,1.0,1.0,1.0,0.8,1.0,1.0,0.5,0.5,0.5,1.0,1.0,0.5,0.5,0.5,0.0,0.0,1.0,1.0,1.0,0.5,0.5,1.0,0.2,1.0,1.0,1.0,1.0,1.0,0.5
0.5,0.5,0.5,0.5,0.5,0.5,0.21215,1.0,0.16667,0.0,0.5,0.0,0.0,0.68,0.0,0.85801,0.0,1.0,1.0,1.0,1.0,0.5,1.0,0.73822,1.0,0.0,1.0,1.0,1.0,0.0,0.94756,1.0,0.5,0.8,1.0,1.0,0.5,0.5,0.5,1.0,1.0,0.5,0.5,0.5,0.0,0.0,1.0,1.0,1.0,0.5,0.5,0.2,0.6,1.0,1.0,1.0,1.0,1.0,0.5
1.0,1.0,0.0,0.0,0.8,0.8,0.20418,0.8,0.23333,0.0,0.5,0.0,0.0,0.6,0.0,0.89872,0.0,1.0,1.0,1.0,1.0,1.0,1.0,0.74764,1.0,0.0,0.98095,0.93588,0.5,0.0,0.95195,1.0,1.0,0.8,1.0,1.0,0.5,0.5,0.5,1.0,1.0,0.5,0.5,0.5,0.0,0.0,1.0,1.0,1.0,0.5,0.5,0.4,0.4,0.5,1.0,1.0,1.0,1.0,1.0
1.0,1.0,1.0,1.0,0.8,0.8,0.20576,0.6,0.86667,0.0,0.5,0.0,0.0,0.52,0.0,0.9964,0.0,1.0,1.0,1.0,1.0,1.0,1.0,0.9138,1.0,0.0,1.0,1.0,1.0,0.0,0.97776,1.0,1.0,0.8,1.0,1.0,0.5,0.5,0.5,1.0,1.0,0.5,0.5,0.5,0.0,0.0,1.0,1.0,1.0,0.5,0.5,0.4,0.6,1.0,1.0,1.0,1.0,1.0,0.75
1.0,1.0,1.0,1.0,0.6,0.6,0.20981,0.6,0.0,0.96774,0.5,0.0,0.0,0.52,0.0,0.99818,0.0,1.0,1.0,1.0,1.0,1.0,1.0,0.97899,1.0,0.0,1.0,1.0,1.0,0.0,0.98664,1.0,1.0,0.8,1.0,1.0,0.5,0.5,0.5,1.0,1.0,0.5,0.5,0.5,0.0,0.0,1.0,1.0,1.0,0.5,0.5,0.5,0.4,0.5,1.0,1.0,1.0,1.0,0.75
1.0,0.5,1.0,0.5,0.6,0.5,0.21218,0.6,0.0,0.9375,0.5,0.0,1.0,0.52,0.0,0.99861,0.0,1.0,1.0,1.0,1.0,1.0,1.0,0.99702,1.0,0.0,1.0,1.0,1.0,0.0,0.98828,1.0,1.0,0.8,1.0,1.0,0.5,0.5,0.5,1.0,1.0,0.5,0.5,0.5,0.0,0.0,1.0,1.0,1.0,0.5,0.5,0.2,0.6,1.0,0.5,1.0,1.0,0.5,0.5
0.5,0.5,0.5,0.5,0.5,0.5,0.13185,0.2,0.43333,0.0,0.5,0.0,0.0,0.56,0.0,0.96452,0.0,1.0,1.0,1.0,1.0,0.5,1.0,0.86917,1.0,1.0,0.84181,0.76518,0.0,0.0,1.0,0.0,0.5,0.8,1.0,1.0,0.5,0.5,0.5,1.0,1.0,0.5,0.5,0.5,0.0,0.0,1.0,1.0,1.0,0.5,0.5,0.2,0.4,0.5,1.0,1.0,1.0,0.0,0.5
0.0,0.0,0.0,0.0,0.2,0.2,0.14065,0.2,0.0,0.96774,0.5,0.0,0.0,0.28,0.0,0.0,0.97074,1.0,0.9,1.0,1.0,0.6,1.0,0.7107,1.0,0.25,0.94849,0.90203,0.0,0.0,0.71145,1.0,0.75,0.8,1.0,1.0,0.5,0.5,0.5,1.0,1.0,0.5,0.5,0.5,0.0,0.0,1.0,1.0,1.0,0.5,0.5,0.3,0.4,1.0,1.0,1.0,1.0,0.0,1.0
0.5,0.5,0.5,0.5,0.5,0.5,0.19126,0.6,0.2,0.0,0.5,0.0,0.0,0.6,0.04,0.68317,0.0,1.0,1.0,1.0,1.0,0.5,1.0,0.41722,0.75858,0.0,1.0,1.0,1.0,0.0,1.0,0.75,0.5,0.8,1.0,1.0,0.5,0.5,0.5,1.0,1.0,0.5,0.5,0.5,0.0,0.0,1.0,1.0,1.0,0.5,0.5,0.5,0.4,1.0,1.0,0.0,1.0,1.0,0.5
0.5,0.5,0.5,0.5,0.5,0.5,0.1,0.55,0.03333,0.0,1.0,0.0,0.0,0.1,0.0,0.5,0.5,0.5,0.5,0.5,0.5,0.5,0.5,0.0,0.0,0.55556,1.0,1.0,1.0,0.0,0.0,0.5,0.5,0.8,1.0,1.0,0.5,0.5,0.5,1.0,1.0,0.5,0.5,0.5,0.5,0.5,1.0,0.5,0.5,0.5,0.5,0.2,0.6,1.0,1.0,1.0,1.0,0.5,0.5
0.5,0.5,0.5,0.5,0.5,0.5,0.1,0.55,0.03333,0.0,1.0,0.0,0.0,0.1,0.0,0.5,0.5,0.5,0.5,0.5,0.5,0.5,0.5,0.0,0.0,0.55556,1.0,1.0,1.0,0.0,0.0,0.5,0.5,0.8,1.0,1.0,0.5,0.5,0.5,1.0,1.0,0.5,0.5,0.5,0.5,0.5,1.0,0.5,0.5,0.5,0.5,0.2,0.6,1.0,1.0,1.0,1.0,0.5,0.5
1.0,0.5,1.0,0.5,1.0,0.5,0.11146,1.0,0.06667,0.0,1.0,0.0,1.0,0.57,0.0,0.5,0.5,0.0,1.0,1.0,1.0,0.0,1.0,0.81813,1.0,0.66667,1.0,1.0,1.0,0.0,0.92308,1.0,0.55556,0.8,1.0,1.0,0.5,0.5,0.5,1.0,1.0,0.5,0.5,0.5,0.5,0.5,1.0,1.0,1.0,0.5,0.5,0.2,0.4,1.0,1.0,1.0,1.0,0.66667,1.0
1.0,1.0,0.0,1.0,1.0,1.0,0.11268,1.0,0.13333,0.0,1.0,0.0,0.0,0.73,0.0,0.0,1.0,0.53333,0.53333,1.0,1.0,0.53333,1.0,0.79826,1.0,0.11111,1.0,1.0,1.0,0.0,0.97443,0.88889,1.0,0.8,1.0,1.0,0.5,0.5,0.5,1.0,1.0,0.5,0.5,0.5,0.0,0.0,1.0,1.0,1.0,0.5,0.5,0.2,0.4,1.0,1.0,1.0,1.0,0.66667,1.0
1.0,1.0,1.0,1.0,1.0,1.0,0.10478,0.5,0.6,0.0,1.0,0.0,0.0,0.47,0.0,0.0,0.99839,1.0,1.0,1.0,1.0,1.0,0.0,0.23445,0.42627,0.0,1.0,1.0,1.0,0.0,0.9868,1.0,0.88889,0.8,1.0,1.0,0.5,0.5,0.5,1.0,1.0,0.5,0.5,0.5,0.0,0.0,1.0,1.0,1.0,0.5,0.5,0.2,0.3,1.0,1.0,1.0,1.0,1.0,1.0
0.5,0.5,0.5,0.5,0.5,0.5,0.1,0.55,0.03333,0.0,1.0,0.0,0.0,0.1,0.0,0.5,0.5,0.5,0.5,0.5,0.5,0.5,0.5,0.0,0.0,0.55556,1.0,1.0,1.0,0.0,0.0,0.5,0.5,0.8,1.0,1.0,0.5,0.5,0.5,1.0,1.0,0.5,0.5,0.5,0.5,0.5,1.0,0.5,0.5,0.5,0.5,0.2,0.6,1.0,1.0,1.0,1.0,0.5,0.5
0.5,0.5,0.5,0.5,0.5,0.5,0.1,0.55,0.03333,0.0,1.0,0.0,0.0,0.1,0.0,0.5,0.5,0.5,0.5,0.5,0.5,0.5,0.5,0.0,0.0,0.55556,1.0,1.0,1.0,0.0,0.0,0.5,0.5,0.8,1.0,1.0,0.5,0.5,0.5,1.0,1.0,0.5,0.5,0.5,0.5,0.5,1.0,0.5,0.5,0.5,0.5,0.2,0.6,1.0,1.0,1.0,1.0,0.5,0.5
0.0,0.0,0.0,0.0,0.1,0.1,0.07518,0.1,0.26667,0.0,1.0,0.0,0.0,0.11,0.0,0.98996,0.0,1.0,0.97778,1.0,1.0,1.0,0.0,0.01868,0.03397,0.0,1.0,1.0,1.0,0.0,1.0,1.0,0.44444,0.8,1.0,1.0,0.5,0.5,0.5,1.0,1.0,0.5,0.5,0.5,0.0,0.0,1.0,1.0,1.0,0.5,0.5,1.0,0.1,1.0,1.0,1.0,1.0,1.0,1.0
0.0,0.0,0.0,0.0,0.1,0.1,0.07518,0.1,0.46667,0.0,1.0,0.0,0.0,0.1,0.0,0.99683,0.0,1.0,1.0,1.0,1.0,1.0,0.0,0.01868,0.03397,0.0,1.0,1.0,1.0,0.0,1.0,1.0,1.0,0.8,1.0,1.0,0.5,0.5,0.5,1.0,1.0,0.5,0.5,0.5,0.0,0.0,1.0,1.0,1.0,0.5,0.5,1.0,0.1,1.0,1.0,1.0,1.0,1.0,0.44444
0.0,0.0,0.0,0.0,0.1,0.1,0.07518,0.1,0.66667,0.0,1.0,0.0,0.0,0.1,0.0,0.99924,0.0,1.0,1.0,1.0,1.0,1.0,0.0,0.01868,0.03397,0.0,1.0,1.0,1.0,0.0,1.0,1.0,1.0,0.8,1.0,1.0,0.5,0.5,0.5,1.0,1.0,0.5,0.5,0.5,0.0,0.0,1.0,1.0,1.0,0.5,0.5,1.0,0.1,1.0,1.0,1.0,1.0,1.0,0.44444
0.5,0.5,0.5,0.5,0.5,0.5,0.1,0.55,0.03333,0.0,1.0,0.0,0.0,0.1,0.0,0.5,0.5,0.5,0.5,0.5,0.5,0.5,0.5,0.0,0.0,0.55556,1.0,1.0,1.0,0.0,0.0,0.5,0.5,0.8,1.0,1.0,0.5,0.5,0.5,1.0,1.0,0.5,0.5,0.5,0.5,0.5,1.0,0.5,0.5,0.5,0.5,0.2,0.6,1.0,1.0,1.0,1.0,0.5,0.5
0.0,1.0,0.0,1.0,0.2,0.9,0.0416,0.2,0.36667,0.0,1.0,0.0,0.0,0.28,0.1,0.99523,0.0,0.93333,0.93333,0.73333,0.86667,0.6,0.0,0.71497,1.0,0.11111,0.51306,0.36821,0.0,0.0,1.0,1.0,0.55556,0.6,1.0,1.0,0.5,0.5,0.5,1.0,1.0,0.5,0.5,0.5,0.0,0.0,1.0,1.0,1.0,0.75917,0.484,0.4,0.4,1.0,0.33333,0.66667,1.0,0.0,1.0
0.0,0.0,0.0,0.0,0.2,0.2,0.0,0.1,0.6,0.0,1.0,0.0,0.0,0.14,0.1,0.0,0.99827,0.75556,0.8,0.77778,0.75556,0.57778,1.0,0.82492,1.0,0.11111,0.0,0.0,0.0,0.0,0.72132,1.0,0.77778,0.0,1.0,1.0,0.5,0.82936,0.5,1.0,1.0,0.5,0.5,0.5,0.0,0.0,1.0,1.0,1.0,0.75917,0.484,1.0,0.1,0.0,1.0,0.0,1.0,0.66667,1.0
0.5,0.5,0.5,0.5,0.5,0.5,0.1,0.55,0.03333,0.0,1.0,0.0,0.0,0.1,0.0,0.5,0.5,0.5,0.5,0.5,0.5,0.5,0.5,0.0,0.0,0.55556,1.0,1.0,1.0,0.0,0.0,0.5,0.5,0.8,1.0,1.0,0.5,0.5,0.5,1.0,1.0,0.5,0.5,0.5,0.5,0.5,1.0,0.5,0.5,0.5,0.5,0.2,0.6,1.0,1.0,1.0,1.0,0.5,0.5
0.0,1.0,0.0,1.0,0.2,0.5,0.10267,0.5,0.1,0.0,1.0,0.0,0.0,0.43,0.01,0.58743,0.0,0.8,0.95556,1.0,1.0,0.75556,0.0,0.70606,1.0,0.11111,0.9839,0.91258,0.5,0.0,0.76083,0.88889,0.66667,0.8,1.0,1.0,0.5,0.5,0.5,1.0,1.0,0.5,0.5,0.5,0.0,0.0,1.0,1.0,1.0,1.0,1.0,0.2,0.3,1.0,1.0,1.0,1.0,0.0,1.0
0.0,0.0,0.0,0.0,0.2,0.2,0.01862,0.1,0.46667,0.0,1.0,0.0,0.0,0.35,0.03,0.0,0.98665,1.0,1.0,1.0,1.0,1.0,0.0,0.00115,0.00208,0.11111,1.0,1.0,1.0,0.0,1.0,0.88889,0.77778,0.0,0.9,0.82158,0.27935,1.0,0.13968,1.0,1.0,0.5,0.5,0.5,0.0,0.0247,1.0,1.0,1.0,1.0,1.0,1.0,0.1,1.0,1.0,0.0,1.0,1.0,1.0
0.5,0.5,0.5,0.5,0.5,0.5,0.1,0.55,0.03333,0.0,1.0,0.0,0.0,0.1,0.0,0.5,0.5,0.5,0.5,0.5,0.5,0.5,0.5,0.0,0.0,0.55556,1.0,1.0,1.0,0.0,0.0,0.5,0.5,0.8,1.0,1.0,0.5,0.5,0.5,1.0,1.0,0.5,0.5,0.5,0.5,0.5,1.0,0.5,0.5,0.5,0.5,0.2,0.6,1.0,1.0,1.0,1.0,0.5,0.5
0.5,0.5,0.5,0.5,0.5,0.5,0.1,0.55,0.03333,0.0,1.0,0.0,0.0,0.1,0.0,0.5,0.5,0.5,0.5,0.5,0.5,0.5,0.5,0.0,0.0,0.55556,1.0,1.0,1.0,0.0,0.0,0.5,0.5,0.8,1.0,1.0,0.5,0.5,0.5,1.0,1.0,0.5,0.5,0.5,0.5,0.5,1.0,0.5,0.5,0.5,0.5,0.2,0.6,1.0,1.0,1.0,1.0,0.5,0.5
1.0,1.0,1.0,1.0,1.0,1.0,0.06482,0.1,0.33333,0.0,1.0,0.0,0.0,0.72,0.0,0.0,1.0,1.0,1.0,1.0,1.0,0.0,1.0,0.98175,1.0,0.44444,0.68593,0.60379,0.0,0.0,0.9797,0.88889,0.55556,0.8,1.0,1.0,0.5,0.5,0.5,1.0,1.0,0.5,0.5,0.5,0.06084,0.20202,0.6,1.0,1.0,0.5,0.5,0.6,0.3,0.4,1.0,1.0,1.0,0.0,1.0
0.0,1.0,0.0,0.0,0.1,0.1,0.05338,0.1,0.43333,0.0,1.0,0.0,0.0,0.65,0.01,0.84126,0.0,1.0,1.0,1.0,1.0,0.53333,1.0,0.98131,1.0,0.11111,0.57047,0.48092,0.0,0.0,0.98129,1.0,1.0,0.8,1.0,1.0,0.5,0.5,0.5,1.0,1.0,0.31823,0.46762,1.0,0.04776,0.1468,0.6,1.0,1.0,0.31823,0.46762,0.6,0.3,0.4,0.5,1.0,1.0,0.8,1.0
1.0,0.5,1.0,0.5,0.1,0.5,0.05366,0.1,0.46667,0.0,1.0,0.0,1.0,0.66,0.01,0.86373,0.0,1.0,1.0,1.0,1.0,1.0,0.0,0.97255,1.0,0.11111,0.56794,0.46185,0.0,0.0,0.98307,1.0,1.0,0.8,1.0,1.0,0.5,0.5,0.5,1.0,1.0,0.20486,0.43351,1.0,0.04307,0.10697,0.6,1.0,1.0,0.20486,0.43351,0.6,0.3,0.4,0.0,1.0,1.0,0.4,1.0
1.0,1.0,1.0,1.0,0.1,0.1,0.05588,0.1,0.56667,0.0,1.0,0.0,0.0,0.57,0.01,0.93389,0.0,1.0,1.0,1.0,1.0,1.0,0.0,0.98024,1.0,0.11111,0.59623,0.51899,0.0,0.0,0.99189,0.77778,0.77778,0.8,1.0,1.0,0.5,0.5,0.5,1.0,1.0,0.26114,0.45328,1.0,0.05201,0.02136,0.6,1.0,1.0,0.26114,0.45328,0.6,0.4,0.6,0.66667,1.0,1.0,0.6,1.0
0.5,0.5,0.5,0.5,0.5,0.5,0.1,0.55,0.03333,0.0,1.0,0.0,0.0,0.1,0.0,0.5,0.5,0.5,0.5,0.5,0.5,0.5,0.5,0.0,0.0,0.55556,1.0,1.0,1.0,0.0,0.0,0.5,0.5,0.8,1.0,1.0,0.5,0.5,0.5,1.0,1.0,0.5,0.5,0.5,0.5,0.5,1.0,0.5,0.5,0.5,0.5,0.2,0.6,1.0,1.0,1.0,1.0,0.5,0.5
0.0,1.0,0.0,1.0,0.4,1.0,0.08017,0.3,0.33333,0.0,1.0,0.0,0.0,0.55,0.05,0.9868,0.0,1.0,1.0,1.0,1.0,0.55556,0.0,0.9276,1.0,0.0,0.75676,0.63435,0.0,0.0,0.99061,1.0,0.66667,0.75,0.9,0.90763,1.0,0.5,0.61234,1.0,1.0,0.5,0.5,0.5,0.47412,0.92978,0.65,1.0,1.0,1.0,1.0,0.6,0.3,0.5,0.5,0.5,1.0,1.0,1.0
1.0,1.0,1.0,1.0,0.2,0.3,0.0777,0.1,0.56667,0.0,1.0,0.0,0.0,0.44,0.09,0.0,0.94082,0.91111,1.0,0.91111,0.86667,0.91111,0.0,0.69899,1.0,0.0,0.84486,0.74019,0.0,0.0,0.98998,0.88889,1.0,0.5,1.0,1.0,0.5,0.5,0.5,1.0,1.0,0.15675,0.27423,1.0,0.07231,0.11553,0.6,1.0,1.0,0.0,0.228,0.9,0.3,0.5,0.0,1.0,1.0,1.0,1.0
1.0,1.0,1.0,1.0,0.2,0.3,0.08681,0.2,0.7,0.0,1.0,0.0,0.0,0.42,0.08,0.0,0.99208,1.0,1.0,1.0,1.0,1.0,0.0,0.76025,1.0,0.0,0.90508,0.71227,0.25,0.0,0.98554,0.88889,1.0,0.7,1.0,1.0,0.5,0.5,0.5,1.0,1.0,0.0,0.21111,1.0,0.06776,0.08035,0.6,1.0,1.0,0.0,0.21111,0.7,0.4,0.75,1.0,1.0,1.0,0.0,1.0
0.0,1.0,0.0,0.0,0.2,0.3,0.0845,0.3,0.76667,0.0,1.0,0.0,0.0,0.4,0.09,0.99093,0.0,1.0,1.0,1.0,1.0,1.0,1.0,0.83054,1.0,0.0,0.84296,0.68839,0.25,0.0,0.98448,0.88889,1.0,0.8,1.0,1.0,0.5,0.5,0.5,1.0,1.0,0.20379,0.30514,1.0,0.0,0.04853,1.0,1.0,1.0,0.20379,0.30514,0.2,0.5,1.0,1.0,0.75,1.0,0.0,1.0
0.5,0.5,0.5,0.5,0.5,0.5,0.09352,0.2,0.4,0.0,1.0,0.0,0.0,0.11,0.0,0.99567,0.0,1.0,0.97778,1.0,1.0,0.5,0.0,0.62456,1.0,0.11111,0.94929,0.90347,0.0,0.0,0.81975,1.0,0.5,0.8,1.0,1.0,0.5,0.5,0.5,1.0,1.0,0.5,0.5,0.5,0.0,0.0,1.0,1.0,1.0,0.5,0.5,1.0,0.1,0.0,1.0,1.0,1.0,0.0,0.5
0.5,0.5,0.5,0.5,0.5,0.5,0.1,0.55,0.03333,0.0,1.0,0.0,0.0,0.1,0.0,0.5,0.5,0.5,0.5,0.5,0.5,0.5,0.5,0.0,0.0,0.55556,1.0,1.0,1.0,0.0,0.0,0.5,0.5,0.8,1.0,1.0,0.5,0.5,0.5,1.0,1.0,0.5,0.5,0.5,0.5,0.5,1.0,0.5,0.5,0.5,0.5,0.2,0.6,1.0,1.0,1.0,1.0,0.5,0.5
0.0,1.0,0.0,0.0,0.4,0.3,0.10302,0.3,0.23333,0.0,1.0,0.0,0.0,0.36,0.09,0.91277,0.0,1.0,1.0,1.0,0.66667,0.71111,1.0,0.81146,1.0,0.11111,0.98972,0.91381,0.33333,0.0,0.89883,0.77778,0.55556,0.45,1.0,1.0,0.5,0.5,0.5,1.0,1.0,0.5,0.5,0.5,0.0,0.02252,1.0,1.0,1.0,1.0,1.0,0.55,0.2,0.33333,1.0,0.0,1.0,0.0,1.0
0.0,0.5,0.0,0.5,0.2,0.5,0.08854,0.2,0.26667,0.0,1.0,0.0,1.0,0.38,0.11,0.0,0.94838,0.66667,1.0,0.86667,1.0,0.66667,1.0,0.9868,1.0,0.0,0.81026,0.67868,0.0,0.0,0.93455,1.0,0.88889,0.65,1.0,1.0,0.5,0.5,0.5,1.0,1.0,0.5,0.5,0.5,0.05035,0.0,0.6,1.0,1.0,1.0,1.0,0.75,0.2,0.25,0.0,0.0,1.0,0.25,1.0
1.0,1.0,1.0,1.0,0.3,0.3,0.11901,0.7,0.66667,0.0,1.0,0.0,0.0,0.25,0.08,0.0,0.9008,0.91111,1.0,0.91111,0.71111,0.71111,1.0,0.69303,1.0,0.22222,1.0,1.0,1.0,0.0,1.0,0.77778,0.77778,0.8,1.0,1.0,0.5,0.5,0.5,1.0,1.0,0.40189,0.44496,1.0,0.0,0.0,1.0,1.0,1.0,0.40189,0.44496,0.7,0.2,0.5,1.0,0.0,1.0,0.5,1.0
0.5,0.5,0.5,0.5,0.5,0.5,0.1,0.55,0.03333,0.0,1.0,0.0,0.0,0.1,0.0,0.5,0.5,0.5,0.5,0.5,0.5,0.5,0.5,0.0,0.0,0.55556,1.0,1.0,1.0,0.0,0.0,0.5,0.5,0.8,1.0,1.0,0.5,0.5,0.5,1.0,1.0,0.5,0.5,0.5,0.5,0.5,1.0,0.5,0.5,0.5,0.5,0.2,0.6,1.0,1.0,1.0,1.0,0.5,0.5
0.0,1.0,0.0,1.0,0.1,0.9,0.14839,1.0,0.26667,0.0,1.0,0.0,0.0,0.5,0.01,0.67848,0.0,1.0,1.0,1.0,1.0,0.62222,1.0,0.72248,1.0,0.11111,1.0,1.0,1.0,1.0,1.0,1.0,0.66667,0.8,1.0,1.0,0.5,0.5,0.5,1.0,1.0,0.5,0.5,0.5,0.0,0.0,1.0,1.0,1.0,0.5,0.5,0.45,0.3,1.0,1.0,1.0,1.0,1.0,1.0
0.0,0.0,0.0,0.0,1.0,0.6,0.08305,0.4,0.56667,0.0,1.0,0.0,0.0,0.18,0.05,0.0,0.99894,0.95556,0.93333,0.84444,1.0,0.62222,0.0,0.83651,1.0,0.11111,0.94115,0.54412,0.5,0.0,0.96823,0.88889,0.55556,0.8,1.0,1.0,0.5,0.5,0.5,1.0,1.0,0.5,0.5,0.5,0.0,0.0,1.0,1.0,1.0,1.0,0.54908,0.2,0.3,0.5,1.0,0.5,1.0,0.0,0.77778
0.5,0.5,0.5,0.5,0.5,0.5,0.1,0.55,0.03333,0.0,1.0,0.0,0.0,0.1,0.0,0.5,0.5,0.5,0.5,0.5,0.5,0.5,0.5,0.0,0.0,0.55556,1.0,1.0,1.0,0.0,0.0,0.5,0.5,0.8,1.0,1.0,0.5,0.5,0.5,1.0,1.0,0.5,0.5,0.5,0.5,0.5,1.0,0.5,0.5,0.5,0.5,0.2,0.6,1.0,1.0,1.0,1.0,0.5,0.5
0.0,0.0,0.0,0.0,0.1,0.2,0.01285,0.1,0.86667,0.0,1.0,0.0,0.0,0.21,0.02,0.0,0.9791,0.97778,1.0,1.0,1.0,0.77778,1.0,0.55522,1.0,0.11111,0.40421,0.31163,0.0,0.0,0.70816,0.77778,0.33333,0.5,0.9,0.87424,0.30418,0.5,0.30418,1.0,1.0,0.5,0.5,0.5,0.00419,0.0,0.5,1.0,1.0,0.08992,0.52857,1.0,0.1,0.0,1.0,0.0,1.0,0.33333,1.0
0.5,0.5,0.5,0.5,0.5,0.5,0.1,0.55,0.03333,0.0,1.0,0.0,0.0,0.1,0.0,0.5,0.5,0.5,0.5,0.5,0.5,0.5,0.5,0.0,0.0,0.55556,1.0,1.0,1.0,0.0,0.0,0.5,0.5,0.8,1.0,1.0,0.5,0.5,0.5,1.0,1.0,0.5,0.5,0.5,0.5,0.5,1.0,0.5,0.5,0.5,0.5,0.2,0.6,1.0,1.0,1.0,1.0,0.5,0.5
0.5,0.5,0.5,0.5,0.5,0.5,0.1,0.55,0.03333,0.0,1.0,0.0,0.0,0.1,0.0,0.5,0.5,0.5,0.5,0.5,0.5,0.5,0.5,0.0,0.0,0.55556,1.0,1.0,1.0,0.0,0.0,0.5,0.5,0.8,1.0,1.0,0.5,0.5,0.5,1.0,1.0,0.5,0.5,0.5,0.5,0.5,1.0,0.5,0.5,0.5,0.5,0.2,0.6,1.0,1.0,1.0,1.0,0.5,0.5
1.0,1.0,0.0,1.0,0.4,1.0,0.04045,0.1,0.53333,0.0,1.0,0.0,0.0,0.54,0.05,0.98562,0.0,1.0,1.0,1.0,1.0,0.53333,1.0,0.9515,1.0,0.11111,0.388,0.30991,0.0,0.0,0.987,0.77778,0.44444,0.8,1.0,1.0,0.5,0.5,0.5,1.0,1.0,0.5,0.5,0.5,0.27398,0.04754,0.75,1.0,1.0,0.17922,0.44883,0.45,0.3,0.5,0.0,1.0,1.0,0.5,1.0
0.5,0.5,0.5,0.5,0.5,0.5,0.1,0.55,0.03333,0.0,1.0,0.0,0.0,0.1,0.0,0.5,0.5,0.5,0.5,0.5,0.5,0.5,0.5,0.0,0.0,0.55556,1.0,1.0,1.0,0.0,0.0,0.5,0.5,0.8,1.0,1.0,0.5,0.5,0.5,1.0,1.0,0.5,0.5,0.5,0.5,0.5,1.0,0.5,0.5,0.5,0.5,0.2,0.6,1.0,1.0,1.0,1.0,0.5,0.5
1.0,1.0,1.0,1.0,0.6,1.0,0.10723,0.5,0.73333,0.0,1.0,0.0,0.0,0.41,0.06,0.99491,0.0,1.0,1.0,1.0,1.0,0.53333,1.0,0.99703,1.0,0.11111,0.97799,0.79296,0.5,0.0,0.96095,0.77778,0.22222,0.8,1.0,1.0,0.5,0.5,0.5,1.0,1.0,0.5,0.5,0.5,0.18967,0.07657,0.9,1.0,1.0,0.0,0.21111,0.3,0.3,0.5,1.0,1.0,1.0,0.0,1.0
0.0,0.0,0.0,0.0,0.4,0.4,0.10695,0.6,0.83333,0.0,1.0,0.0,0.0,0.39,0.06,0.99669,0.0,1.0,1.0,1.0,1.0,1.0,1.0,0.98461,1.0,0.11111,0.98915,0.76522,0.75,0.0,0.95883,1.0,1.0,0.8,0.9,0.96971,1.0,0.5,0.62715,1.0,1.0,0.15158,0.11667,0.96206,0.51725,0.06893,0.85,1.0,1.0,0.15158,0.11667,0.35,0.3,0.5,1.0,1.0,1.0,0.0,1.0
1.0,0.0,0.0,0.0,0.4,0.3,0.0985,0.4,0.0,0.96774,1.0,0.0,0.0,0.37,0.07,0.0,0.99949,1.0,1.0,1.0,1.0,1.0,1.0,0.99177,1.0,0.11111,0.90365,0.6756,0.25,0.0,0.96012,0.77778,1.0,0.8,1.0,1.0,0.5,0.5,0.5,1.0,1.0,0.4474,0.17054,0.9794,0.08644,0.13762,0.6,1.0,1.0,0.4474,0.17054,0.6,0.3,0.5,0.5,1.0,1.0,0.5,1.0
1.0,0.5,0.0,0.5,0.3,0.5,0.0956,0.3,0.0,0.9375,1.0,0.0,1.0,0.36,0.04,0.0,0.99922,1.0,1.0,1.0,1.0,1.0,1.0,0.99989,1.0,0.11111,0.86895,0.6634,0.0,0.0,0.96007,1.0,1.0,0.8,1.0,1.0,0.5,0.5,0.5,1.0,1.0,1.0,0.51392,0.9794,0.3671,0.12898,0.6,1.0,1.0,1.0,0.51392,0.6,0.3,0.5,1.0,1.0,1.0,0.5,1.0
0.5,0.5,0.5,0.5,0.5,0.5,0.1,0.55,0.03333,0.0,1.0,0.0,0.0,0.1,0.0,0.5,0.5,0.5,0.5,0.5,0.5,0.5,0.5,0.0,0.0,0.55556,1.0,1.0,1.0,0.0,0.0,0.5,0.5,0.8,1.0,1.0,0.5,0.5,0.5,1.0,1.0,0.5,0.5,0.5,0.5,0.5,1.0,0.5,0.5,0.5,0.5,0.2,0.6,1.0,1.0,1.0,1.0,0.5,0.5
0.0,0.0,0.0,0.0,0.1,0.1,0.07518,0.1,0.26667,0.0,1.0,0.0,0.0,0.11,0.0,0.99078,0.0,1.0,0.97778,1.0,1.0,1.0,0.0,0.01868,0.03397,0.0,1.0,1.0,1.0,0.0,1.0,1.0,0.44444,0.8,1.0,1.0,0.5,0.5,0.5,1.0,1.0,0.5,0.5,0.5,0.0,0.0,1.0,1.0,1.0,0.5,0.5,1.0,0.1,1.0,1.0,1.0,1.0,1.0,1.0
0.0,0.0,0.0,0.0,0.1,0.1,0.07518,0.1,0.46667,0.0,1.0,0.0,0.0,0.1,0.0,0.99683,0.0,1.0,1.0,1.0,1.0,1.0,0.0,0.01868,0.03397,0.0,1.0,1.0,1.0,0.0,1.0,1.0,1.0,0.8,1.0,1.0,0.5,0.5,0.5,1.0,1.0,0.5,0.5,0.5,0.0,0.0,1.0,1.0,1.0,0.5,0.5,1.0,0.1,1.0,1.0,1.0,1.0,1.0,0.44444
0.0,0.0,0.0,0.0,0.1,0.1,0.07518,0.1,0.66667,0.0,1.0,0.0,0.0,0.1,0.0,0.99924,0.0,1.0,1.0,1.0,1.0,1.0,0.0,0.01868,0.03397,0.0,1.0,1.0,1.0,0.0,1.0,1.0,1.0,0.8,1.0,1.0,0.5,0.5,0.5,1.0,1.0,0.5,0.5,0.5,0.0,0.0,1.0,1.0,1.0,0.5,0.5,1.0,0.1,1.0,1.0,1.0,1.0,1.0,0.44444
0.0,0.0,0.0,0.0,0.1,0.1,0.07518,0.1,0.76667,0.0,1.0,0.0,0.0,0.1,0.0,0.99961,0.0,1.0,1.0,1.0,1.0,1.0,0.0,0.01868,0.03397,0.0,1.0,1.0,1.0,0.0,1.0,1.0,1.0,0.8,1.0,1.0,0.5,0.5,0.5,1.0,1.0,0.5,0.5,0.5,0.0,0.0,1.0,1.0,1.0,0.5,0.5,1.0,0.1,1.0,1.0,1.0,1.0,1.0,0.44444
0.0,0.5,0.0,0.5,0.1,0.5,0.07518,0.1,0.8,0.0,1.0,0.0,1.0,0.1,0.0,0.99969,0.0,1.0,1.0,1.0,1.0,1.0,0.0,0.01868,0.03397,0.0,1.0,1.0,1.0,0.0,1.0,1.0,1.0,0.8,1.0,1.0,0.5,0.5,0.5,1.0,1.0,0.5,0.5,0.5,0.0,0.0,1.0,1.0,1.0,0.5,0.5,1.0,0.1,1.0,1.0,1.0,1.0,1.0,0.44444
0.5,0.5,0.5,0.5,0.5,0.5,0.1,0.55,0.03333,0.0,1.0,0.0,0.0,0.1,0.0,0.5,0.5,0.5,0.5,0.5,0.5,0.5,0.5,0.0,0.0,0.55556,1.0,1.0,1.0,0.0,0.0,0.5,0.5,0.8,1.0,1.0,0.5,0.5,0.5,1.0,1.0,0.5,0.5,0.5,0.5,0.5,1.0,0.5,0.5,0.5,0.5,0.2,0.6,1.0,1.0,1.0,1.0,0.5,0.5
0.0,1.0,0.0,0.0,0.25,0.6,0.11174,0.7,0.13333,0.0,1.0,0.0,0.0,0.37,0.02,0.64117,0.0,1.0,1.0,1.0,1.0,0.8,1.0,0.95975,1.0,0.33333,1.0,0.97135,0.8,0.0,0.97281,1.0,0.55556,0.55,1.0,1.0,0.5,0.5,0.5,1.0,1.0,0.5,0.5,0.5,0.0,0.0,1.0,1.0,1.0,0.5,0.5,0.45,0.4,0.6,1.0,0.66667,1.0,0.0,1.0
0.0,0.0,0.0,0.0,0.7,0.2,0.11304,0.7,0.96667,0.0,1.0,0.0,0.0,0.2,0.07,0.0,0.99675,1.0,1.0,0.91111,1.0,0.8,1.0,0.97795,1.0,0.22222,1.0,0.97842,0.8,0.0,0.96115,1.0,0.55556,0.8,1.0,1.0,0.5,0.5,0.5,1.0,1.0,0.5,0.5,0.5,0.20688,0.12465,0.45,1.0,1.0,0.5,0.5,0.75,0.4,0.6,1.0,0.0,1.0,0.0,1.0
0.0,0.0,0.0,0.0,0.6,0.6,0.07353,0.5,0.0,0.88235,1.0,0.0,0.0,0.22,0.07,0.0,0.99677,1.0,1.0,0.91111,1.0,1.0,1.0,0.9549,1.0,0.22222,0.84768,0.57204,0.4,0.0,0.97245,0.77778,1.0,0.8,1.0,1.0,0.5,0.5,0.5,1.0,1.0,0.0,0.13933,0.94043,0.0,0.0,1.0,1.0,1.0,0.0,0.13933,0.2,0.3,0.4,1.0,0.0,1.0,0.6,1.0
1.0,0.5,0.0,0.5,0.5,0.5,0.07198,0.5,0.0,0.85714,1.0,0.0,1.0,0.23,0.07,0.0,0.99288,1.0,1.0,0.91111,1.0,1.0,1.0,0.95663,1.0,0.22222,0.82798,0.5303,0.4,0.0,0.97393,1.0,1.0,0.8,1.0,1.0,0.5,0.5,0.5,1.0,1.0,0.0,0.13933,0.94043,0.0,0.0,1.0,1.0,1.0,0.0,0.13933,0.2,0.3,0.4,0.5,0.0,1.0,0.4,1.0
1.0,0.5,0.0,0.5,0.5,0.5,0.07162,0.5,0.0,0.83333,1.0,0.0,1.0,0.21,0.07,0.0,0.99197,1.0,1.0,0.91111,1.0,1.0,1.0,0.95847,1.0,0.22222,0.822,0.51917,0.4,0.0,0.97496,1.0,1.0,0.8,1.0,1.0,0.5,0.5,0.5,1.0,1.0,0.0,0.13933,0.94043,0.0,0.0,1.0,1.0,1.0,0.0,0.13933,0.2,0.2,0.2,1.0,0.0,1.0,0.4,1.0
1.0,0.5,1.0,0.5,0.5,0.5,0.07241,0.5,0.0,0.81081,1.0,0.0,1.0,0.21,0.07,0.0,0.99629,1.0,1.0,0.91111,1.0,1.0,0.0,0.83262,1.0,0.11111,0.82183,0.54766,0.5,0.0,0.92704,1.0,0.88889,0.8,1.0,1.0,0.5,0.5,0.5,1.0,1.0,0.0,0.13933,0.94043,0.0,0.0,1.0,1.0,1.0,0.0,0.13933,0.2,0.4,0.75,0.66667,0.0,1.0,0.25,1.0
1.0,0.5,1.0,0.5,0.5,0.5,0.07462,0.5,0.0,0.78947,1.0,0.0,1.0,0.21,0.07,0.0,0.99852,1.0,1.0,0.91111,1.0,1.0,1.0,0.96167,1.0,0.22222,0.85276,0.54537,0.4,0.0,0.97634,1.0,0.88889,0.8,1.0,1.0,0.5,0.5,0.5,1.0,1.0,0.0,0.13933,0.94043,0.0,0.0,1.0,1.0,1.0,0.0,0.13933,0.2,0.3,0.4,1.0,0.0,1.0,0.6,1.0
1.0,0.5,1.0,0.5,0.5,0.5,0.07666,0.5,0.0,0.76923,1.0,0.0,1.0,0.21,0.07,0.0,0.99504,1.0,1.0,0.91111,1.0,1.0,1.0,0.96359,1.0,0.22222,0.87394,0.54584,0.4,0.0,0.97667,1.0,1.0,0.8,1.0,1.0,0.5,0.5,0.5,1.0,1.0,0.0,0.13933,0.94043,0.0,0.0,1.0,1.0,1.0,0.0,0.13933,0.2,0.3,0.4,0.5,0.0,1.0,0.4,1.0
1.0,0.5,1.0,0.5,0.5,0.5,0.07705,0.5,0.0,0.75,1.0,0.0,1.0,0.21,0.07,0.0,0.99335,1.0,1.0,0.91111,1.0,1.0,1.0,0.96546,1.0,0.22222,0.87634,0.55406,0.4,0.0,0.9774,1.0,1.0,0.8,1.0,1.0,0.5,0.5,0.5,1.0,1.0,0.0,0.13933,0.94043,0.0,0.0,1.0,1.0,1.0,0.0,0.13933,0.2,0.3,0.4,1.0,0.0,1.0,0.4,1.0
0.5,0.5,0.5,0.5,0.5,0.5,0.1,0.55,0.03333,0.0,1.0,0.0,0.0,0.1,0.0,0.5,0.5,0.5,0.5,0.5,0.5,0.5,0.5,0.0,0.0,0.55556,1.0,1.0,1.0,0.0,0.0,0.5,0.5,0.8,1.0,1.0,0.5,0.5,0.5,1.0,1.0,0.5,0.5,0.5,0.5,0.5,1.0,0.5,0.5,0.5,0.5,0.2,0.6,1.0,1.0,1.0,1.0,0.5,0.5
0.0,0.0,0.0,0.0,0.1,0.1,0.00382,0.2,1.0,0.0,1.0,0.0,0.0,0.08,0.09,0.0,0.98993,1.0,1.0,0.84444,0.91111,0.8,1.0,0.88466,1.0,0.11111,0.04078,0.02056,0.25,0.0,0.95709,0.88889,0.22222,0.7,1.0,1.0,0.5,0.5,0.5,1.0,1.0,0.5,0.5,0.5,0.0,0.02024,1.0,1.0,1.0,0.0,0.19,0.6,0.2,0.25,0.0,0.0,1.0,0.5,1.0
0.5,0.5,0.5,0.5,0.5,0.5,0.06496,0.4,0.33333,0.0,0.0,0.66667,0.0,0.57333,0.0,0.85553,0.0,1.0,1.0,1.0,1.0,0.5,0.0,0.67788,1.0,0.0,1.0,0.84123,0.66667,0.0,0.99288,1.0,0.5,0.8,1.0,1.0,0.5,0.5,0.5,1.0,1.0,0.5,0.5,0.5,0.14839,0.14792,0.6,1.0,1.0,0.5,0.5,0.6,0.46667,1.0,1.0,1.0,1.0,0.0,0.5
0.5,0.5,0.5,0.5,0.5,0.5,0.06813,0.73333,0.23333,0.0,0.0,0.66667,0.0,0.54667,0.0,0.87962,0.0,1.0,1.0,1.0,1.0,0.5,0.0,0.88212,1.0,0.0,1.0,1.0,1.0,0.0,0.98985,1.0,0.5,0.8,1.0,1.0,0.5,0.5,0.5,1.0,1.0,0.5,0.5,0.5,0.13925,0.15437,0.6,1.0,1.0,0.5,0.5,0.6,0.46667,0.85714,1.0,1.0,1.0,0.0,0.5
1.0,0.5,0.0,0.5,0.46667,0.5,0.06748,0.46667,0.26667,0.0,0.0,0.66667,1.0,0.52,0.00444,0.66129,0.0,1.0,1.0,1.0,1.0,1.0,1.0,0.94295,1.0,0.0,1.0,0.95761,0.42857,0.0,0.99064,1.0,1.0,0.8,1.0,1.0,0.5,0.5,0.5,1.0,1.0,0.66466,0.55333,0.5,0.0894,0.1768,0.6,1.0,1.0,0.66466,0.55333,0.6,0.46667,0.85714,1.0,1.0,1.0,0.85714,1.0
0.0,0.0,0.0,0.0,0.06667,0.06667,0.03434,0.06667,0.33333,0.0,0.0,0.66667,0.0,0.52444,0.03556,0.86846,0.0,1.0,1.0,1.0,1.0,1.0,0.0,0.89492,1.0,0.0,0.52797,0.45173,0.0,0.0,0.9934,1.0,1.0,0.0,0.86667,0.86606,0.55846,0.15526,1.0,1.0,1.0,0.51313,0.45192,0.53894,0.0,0.0,1.0,1.0,1.0,0.36238,0.51498,1.0,0.06667,0.0,1.0,0.0,1.0,0.0,1.0
1.0,1.0,0.0,0.0,0.06667,0.06667,0.02367,0.06667,0.46667,0.0,0.0,0.66667,0.0,0.52,0.03556,0.98435,0.0,1.0,1.0,1.0,1.0,1.0,1.0,0.89854,1.0,0.0,0.36328,0.30184,0.0,0.0,0.99512,0.92857,1.0,0.3,0.93333,0.95053,0.96552,1.0,1.0,1.0,1.0,0.51313,0.45192,0.53894,0.14782,0.0,0.93333,1.0,1.0,0.36238,0.51498,0.76667,0.4,0.71429,0.4,1.0,1.0,0.85714,1.0
0.5,0.5,0.5,0.5,0.5,0.5,0.03154,0.13333,0.53333,0.0,0.0,0.66667,0.0,0.10222,0.03556,0.9719,0.0,0.99048,0.98095,0.82857,0.88571,0.5,0.0,0.93865,1.0,0.07143,0.4924,0.35364,0.0,0.0,0.90665,0.42857,0.5,0.8,1.0,1.0,0.5,0.5,0.5,1.0,1.0,0.5,0.5,0.5,0.40351,0.0231,0.6,1.0,1.0,0.5,0.5,0.6,0.26667,0.42857,0.66667,0.33333,1.0,0.14286,0.5
0.0,0.0,0.0,0.0,0.13333,0.13333,0.02374,0.13333,0.6,0.0,0.0,0.66667,0.0,0.08889,0.04889,0.97887,0.0,0.98095,0.98095,0.82857,0.88571,1.0,1.0,0.95605,1.0,0.07143,0.36321,0.25584,0.0,0.0,0.8316,0.42857,0.85714,0.8,1.0,1.0,0.5,0.5,0.5,1.0,1.0,1.0,0.35127,0.73952,0.52551,0.01901,0.66667,1.0,1.0,1.0,0.35127,0.53333,0.13333,0.14286,0.0,1.0,1.0,0.14286,1.0
0.5,0.5,0.5,0.5,0.5,0.5,0.07198,0.93333,0.06667,0.0,0.0,0.66667,0.0,0.55556,0.0,0.5,0.5,0.0,1.0,1.0,1.0,0.5,1.0,0.58014,1.0,0.07143,1.0,0.98529,0.92308,0.0,0.94918,1.0,0.5,0.8,1.0,1.0,0.5,0.5,0.5,1.0,1.0,0.5,0.5,0.5,0.5,0.5,1.0,1.0,1.0,0.5,0.5,0.2,0.53333,0.53846,1.0,1.0,1.0,0.76923,0.5
0.5,0.5,0.5,0.5,0.5,0.5,0.06903,0.73333,0.06667,0.0,0.0,0.66667,0.0,0.57778,0.0,0.5,0.5,0.0,1.0,1.0,1.0,0.5,1.0,0.97301,1.0,0.5,1.0,0.87908,0.85714,1.0,0.91021,0.71429,0.5,0.8,1.0,1.0,0.5,0.5,0.5,1.0,1.0,0.5,0.5,0.5,0.5,0.5,1.0,1.0,1.0,0.5,0.5,0.2,0.53333,1.0,0.85714,1.0,1.0,0.42857,0.5
0.5,0.5,0.5,0.5,0.5,0.5,0.06667,0.53333,0.03333,0.0,0.0,0.66667,0.0,0.06667,0.0,0.5,0.5,0.5,0.5,0.5,0.5,0.5,0.5,0.0,0.0,0.57143,1.0,1.0,1.0,0.0,0.0,0.5,0.5,0.8,1.0,1.0,0.5,0.5,0.5,1.0,1.0,0.5,0.5,0.5,0.5,0.5,1.0,0.5,0.5,0.5,0.5,0.2,0.46667,0.75,1.0,1.0,1.0,0.5,0.5
0.5,0.5,0.5,0.5,0.5,0.5,0.03521,0.26667,0.56667,0.0,0.0,0.66667,0.0,0.07556,0.07111,0.96845,0.0,0.97143,1.0,1.0,1.0,0.5,0.0,0.63054,1.0,0.14286,0.7085,0.41648,0.25,0.0,0.96737,0.78571,0.5,0.63333,1.0,1.0,0.5,0.5,0.5,1.0,1.0,0.5,0.5,0.5,0.10988,0.03975,0.6,1.0,1.0,0.6197,0.60785,0.76667,0.13333,0.25,0.0,1.0,1.0,0.5,0.5
0.0,0.0,0.0,0.0,0.26667,0.26667,0.01825,0.26667,0.93333,0.0,0.0,0.66667,0.0,0.05778,0.05333,0.99032,0.0,0.99048,0.9619,0.98095,0.88571,0.95238,0.0,0.63354,1.0,0.21429,0.32055,0.20022,0.0,0.0,0.98326,0.92857,0.78571,0.76667,1.0,1.0,0.5,0.5,0.5,1.0,1.0,0.64928,0.34117,0.76271,0.80297,0.00929,0.76667,1.0,1.0,0.64928,0.34117,0.46667,0.13333,0.33333,1.0,0.0,1.0,0.0,1.0
0.5,0.5,0.5,0.5,0.5,0.5,0.03712,0.06667,0.46667,0.0,0.0,0.66667,0.0,0.06667,0.0,0.99521,0.0,1.0,1.0,1.0,1.0,0.5,1.0,0.00455,0.00828,0.07143,1.0,1.0,1.0,1.0,1.0,1.0,0.5,0.8,1.0,1.0,0.5,0.5,0.5,1.0,1.0,0.5,0.5,0.5,0.0,0.0,1.0,1.0,1.0,0.5,0.5,1.0,0.06667,1.0,1.0,1.0,1.0,1.0,0.5
1.0,1.0,1.0,1.0,0.06667,0.06667,0.03032,0.06667,0.63333,0.0,0.0,0.66667,0.0,0.07556,0.0,0.99915,0.0,1.0,1.0,1.0,1.0,1.0,1.0,0.59273,1.0,0.07143,0.51578,0.3833,0.0,0.0,0.59706,0.92857,0.85714,0.8,1.0,1.0,0.5,0.5,0.5,1.0,1.0,0.5,0.5,0.5,0.0,0.0,1.0,1.0,1.0,0.5,0.5,0.2,0.13333,0.5,1.0,1.0,1.0,0.5,0.35714
0.0,0.5,0.0,0.5,0.06667,0.5,0.02526,0.06667,0.66667,0.0,0.0,0.66667,1.0,0.08,0.0,0.0,0.99221,1.0,0.98095,1.0,1.0,1.0,1.0,0.59729,1.0,0.07143,0.42593,0.31752,0.0,0.0,0.58988,1.0,1.0,0.8,1.0,1.0,0.5,0.5,0.5,1.0,1.0,0.5,0.5,0.5,0.0,0.0,1.0,1.0,1.0,0.5,0.5,0.2,0.13333,0.5,0.0,1.0,1.0,0.5,1.0
0.5,0.5,0.5,0.5,0.5,0.5,0.05462,0.33333,0.3,0.0,0.0,0.66667,0.0,0.2,0.07111,0.0,0.94505,0.84762,0.7619,0.8,0.95238,0.5,0.0,0.80892,1.0,0.42857,0.66887,0.52116,0.0,0.0,0.96329,0.71429,0.5,0.8,1.0,1.0,0.5,0.5,0.5,1.0,1.0,0.5,0.5,0.5,0.39694,0.0,0.6,1.0,1.0,0.5,0.5,0.6,0.13333,0.25,0.0,1.0,1.0,0.75,0.5
1.0,0.5,1.0,0.5,0.53333,0.5,0.07572,0.53333,0.33333,0.0,0.0,0.66667,1.0,0.21778,0.07556,0.0,0.95777,0.8,0.9619,0.85714,1.0,0.8,1.0,0.99234,1.0,0.21429,0.97154,0.65016,0.33333,0.0,0.95064,1.0,0.85714,0.46667,1.0,1.0,0.5,0.5,0.5,1.0,1.0,0.50025,0.55333,0.5,0.50602,0.14229,0.73333,1.0,1.0,0.50025,0.55333,0.8,0.13333,0.16667,1.0,0.0,1.0,0.16667,1.0
1.0,0.5,1.0,0.5,0.86667,0.5,0.10917,0.86667,0.36667,0.0,0.0,0.66667,1.0,0.22667,0.08889,0.0,0.97862,1.0,0.9619,0.78095,1.0,1.0,0.0,0.97239,1.0,0.14286,1.0,0.90058,0.8,0.0,0.95732,1.0,0.92857,0.73333,0.93333,0.97987,0.83649,0.83649,0.83649,1.0,1.0,0.74584,0.31111,0.5,1.0,0.57642,0.46667,1.0,1.0,0.74584,0.31111,0.8,0.2,0.4,1.0,0.5,1.0,0.2,1.0
1.0,0.5,1.0,0.5,1.0,0.5,0.13577,1.0,0.4,0.0,0.0,0.66667,1.0,0.22222,0.09333,0.99605,0.0,1.0,0.9619,0.82857,1.0,1.0,1.0,0.99878,1.0,0.21429,1.0,1.0,1.0,0.0,0.95741,1.0,0.92857,0.8,1.0,1.0,0.5,0.83649,0.5,1.0,1.0,1.0,0.73778,0.5,0.0,0.44666,1.0,1.0,1.0,1.0,0.73778,0.2,0.26667,0.75,0.66667,0.66667,1.0,0.5,1.0
0.0,1.0,0.0,1.0,0.93333,1.0,0.18724,1.0,0.7,0.0,0.0,0.66667,0.0,0.16444,0.08,0.99904,0.0,1.0,1.0,0.80952,1.0,0.9619,0.0,0.96463,1.0,0.28571,1.0,1.0,1.0,1.0,1.0,0.92857,0.92857,0.8,1.0,1.0,0.5,0.83649,0.5,1.0,1.0,1.0,0.73778,1.0,1.0,0.00148,0.6,1.0,1.0,0.61916,0.13822,0.6,0.26667,1.0,1.0,0.33333,1.0,0.0,1.0
1.0,0.5,1.0,0.5,1.0,0.5,0.19019,1.0,0.73333,0.0,0.0,0.66667,1.0,0.16444,0.04,0.0,0.99926,0.88571,0.87619,0.75238,1.0,0.88571,1.0,0.98757,1.0,0.28571,1.0,1.0,1.0,0.0,1.0,1.0,1.0,0.8,1.0,1.0,0.5,0.83649,0.5,1.0,1.0,1.0,0.42454,1.0,0.28335,0.0037,0.6,1.0,1.0,1.0,0.42454,0.6,0.26667,1.0,1.0,0.33333,1.0,1.0,1.0
1.0,0.5,0.0,0.5,1.0,0.5,0.18989,1.0,0.76667,0.0,0.0,0.66667,1.0,0.16,0.02667,0.0,0.99212,0.87619,1.0,0.8381,1.0,0.87619,0.0,0.98715,1.0,0.21429,1.0,1.0,1.0,0.0,1.0,1.0,1.0,0.8,1.0,1.0,0.5,0.83649,0.5,1.0,1.0,1.0,0.3638,1.0,0.21475,0.00662,0.73333,1.0,1.0,1.0,0.3638,0.46667,0.26667,1.0,1.0,0.33333,1.0,1.0,1.0
1.0,0.5,0.0,0.5,1.0,0.5,0.18751,1.0,0.8,0.0,0.0,0.66667,1.0,0.16,0.03556,0.0,0.99561,0.94286,1.0,0.68571,1.0,0.94286,0.0,0.95832,1.0,0.21429,1.0,1.0,1.0,0.0,1.0,1.0,1.0,0.8,1.0,1.0,0.5,0.83649,0.5,1.0,1.0,1.0,0.26287,1.0,0.22464,0.00062,0.9,1.0,1.0,1.0,0.26287,0.3,0.26667,1.0,1.0,0.33333,1.0,1.0,1.0
0.0,0.0,0.0,0.0,1.0,1.0,0.16178,1.0,0.9,0.0,0.0,0.66667,0.0,0.16,0.04,0.0,0.99613,0.94286,1.0,0.68571,0.88571,0.94286,1.0,0.93605,1.0,0.21429,1.0,1.0,1.0,1.0,1.0,0.92857,1.0,0.8,1.0,1.0,0.5,0.83649,0.5,1.0,1.0,1.0,0.10826,0.98005,0.25666,0.00852,0.6,1.0,1.0,1.0,0.10826,0.6,0.26667,1.0,0.33333,0.33333,1.0,1.0,1.0
1.0,1.0,1.0,1.0,1.0,1.0,0.18431,1.0,0.96667,0.0,0.0,0.66667,0.0,0.15556,0.01333,0.98719,0.0,1.0,1.0,0.68571,0.93333,1.0,0.0,0.91066,1.0,0.21429,1.0,1.0,1.0,1.0,1.0,0.92857,1.0,0.8,1.0,1.0,0.5,0.83649,0.5,1.0,1.0,1.0,0.43029,1.0,0.3796,0.01514,0.6,1.0,1.0,1.0,0.43029,0.6,0.26667,1.0,1.0,0.33333,1.0,0.0,1.0
1.0,1.0,1.0,1.0,1.0,1.0,0.18398,1.0,0.0,0.88235,0.0,0.66667,0.0,0.14222,0.00889,0.0,0.9878,1.0,1.0,0.81905,1.0,1.0,1.0,0.86531,1.0,0.21429,1.0,1.0,1.0,0.0,0.98759,0.85714,0.85714,0.8,1.0,1.0,0.5,0.83649,0.5,1.0,1.0,1.0,0.45368,1.0,0.5594,0.01353,0.66667,1.0,1.0,1.0,0.45368,0.53333,0.2,0.66667,1.0,0.0,1.0,0.66667,1.0
1.0,0.5,1.0,0.5,1.0,0.5,0.18913,1.0,0.0,0.85714,0.0,0.66667,1.0,0.14222,0.00444,0.0,0.99542,1.0,1.0,0.81905,1.0,1.0,0.0,0.84048,1.0,0.21429,1.0,1.0,1.0,0.0,0.9876,1.0,1.0,0.8,1.0,1.0,0.5,0.83649,0.5,1.0,1.0,1.0,0.41214,1.0,0.12631,0.02028,0.93333,1.0,1.0,1.0,0.41214,0.26667,0.2,0.66667,1.0,0.0,1.0,0.66667,1.0
0.0,1.0,0.0,1.0,0.93333,1.0,0.17662,0.93333,0.0,0.76923,0.0,0.66667,0.0,0.12444,0.00889,0.0,0.9882,1.0,1.0,0.81905,1.0,1.0,1.0,0.82093,1.0,0.21429,1.0,0.97026,0.66667,0.0,0.98628,0.85714,1.0,0.8,1.0,1.0,0.5,0.83649,0.5,1.0,1.0,1.0,0.06569,1.0,0.0,0.0,1.0,1.0,1.0,1.0,0.06569,0.2,0.2,0.66667,1.0,0.0,1.0,0.66667,1.0
0.5,0.5,0.5,0.5,0.5,0.5,0.07469,0.8,0.26667,0.0,0.0,0.66667,0.0,0.30667,0.00889,0.87131,0.0,1.0,1.0,1.0,1.0,0.5,0.0,0.83623,1.0,0.07143,1.0,0.91919,0.83333,1.0,0.96646,1.0,0.5,0.43333,0.93333,0.90045,0.83456,0.5,0.72328,1.0,1.0,0.5,0.5,0.5,0.66677,0.0,0.56667,1.0,1.0,0.5,0.5,1.0,0.06667,0.0,1.0,1.0,1.0,0.83333,0.5
1.0,0.5,1.0,0.5,0.86667,0.5,0.07612,0.86667,0.3,0.0,0.0,0.66667,1.0,0.31111,0.01333,0.92254,0.0,1.0,1.0,1.0,1.0,1.0,1.0,0.84981,1.0,0.07143,1.0,1.0,1.0,1.0,0.99697,1.0,0.85714,0.73333,1.0,1.0,0.5,0.5,0.5,1.0,1.0,0.16302,0.29861,0.5,0.16632,1.0,0.26667,1.0,1.0,0.16302,0.29861,1.0,0.06667,0.0,1.0,0.0,1.0,0.0,1.0
1.0,0.5,1.0,0.5,0.93333,0.5,0.08447,0.93333,0.33333,0.0,0.0,0.66667,1.0,0.29333,0.03111,0.92264,0.0,1.0,1.0,1.0,1.0,1.0,1.0,0.89153,1.0,0.07143,1.0,1.0,1.0,1.0,0.99834,1.0,0.85714,0.8,1.0,1.0,0.5,0.5,0.5,1.0,1.0,1.0,0.87644,0.5,0.08059,0.01141,0.6,1.0,1.0,1.0,0.87644,0.6,0.4,0.83333,1.0,0.0,1.0,0.0,1.0
0.0,0.0,0.0,0.0,0.93333,0.8,0.07151,0.73333,0.43333,0.0,0.0,0.66667,0.0,0.21333,0.02667,0.0,0.9925,1.0,1.0,1.0,0.89524,1.0,0.0,0.91455,1.0,0.07143,1.0,0.72459,0.66667,0.0,0.99583,1.0,0.85714,0.8,1.0,1.0,0.5,0.5,0.5,1.0,1.0,0.0,0.12667,0.92196,0.0,0.0,1.0,1.0,1.0,0.0,0.12667,0.2,0.46667,1.0,0.16667,0.16667,1.0,0.83333,1.0
0.0,0.5,0.0,0.5,0.26667,0.5,0.05856,0.26667,0.46667,0.0,0.0,0.66667,1.0,0.15556,0.03111,0.0,0.99557,0.94286,0.94286,0.92381,1.0,0.94286,1.0,0.91863,1.0,0.07143,0.8184,0.5553,0.16667,0.0,0.98747,1.0,1.0,0.8,1.0,1.0,0.5,0.5,0.5,1.0,1.0,0.0,0.12667,0.92196,0.00582,0.0,0.96667,1.0,1.0,0.0,0.12667,0.23333,0.4,0.83333,0.0,0.2,1.0,1.0,1.0
1.0,0.5,1.0,0.5,0.33333,0.5,0.06102,0.33333,0.5,0.0,0.0,0.66667,1.0,0.16444,0.03556,0.0,0.99718,1.0,1.0,0.92381,1.0,1.0,1.0,0.92363,1.0,0.07143,0.84741,0.55422,0.16667,0.0,0.98521,1.0,1.0,0.8,1.0,1.0,0.5,0.5,0.5,1.0,1.0,0.37769,0.0286,0.92196,0.29282,0.00207,0.96667,1.0,1.0,0.37769,0.0286,0.23333,0.33333,0.66667,0.25,0.0,1.0,0.83333,1.0
0.0,0.0,0.0,0.0,0.2,0.13333,0.02007,0.2,0.66667,0.0,0.0,0.66667,0.0,0.10222,0.04889,0.98576,0.0,1.0,0.97143,0.90476,0.90476,0.89524,1.0,0.99705,1.0,0.07143,0.25457,0.19278,0.0,0.0,0.85053,0.71429,0.85714,0.6,0.93333,0.99876,1.0,0.5,1.0,1.0,1.0,0.65295,0.02935,0.46397,0.00604,0.0,0.9,1.0,1.0,0.65295,0.02935,0.5,0.13333,0.16667,1.0,0.0,1.0,0.0,1.0
1.0,0.0,1.0,0.0,0.2,0.2,0.017,0.2,0.76667,0.0,0.0,0.66667,0.0,0.08889,0.04889,0.9859,0.0,0.97143,1.0,0.84762,0.91429,0.97143,1.0,0.99724,1.0,0.07143,0.21701,0.15959,0.0,0.0,0.95346,0.64286,0.85714,0.73333,1.0,1.0,0.5,0.5,0.5,1.0,1.0,0.98466,0.08819,0.9314,0.13446,0.00028,0.96667,1.0,1.0,0.98466,0.08819,0.3,0.13333,0.16667,1.0,1.0,1.0,0.33333,1.0
0.5,0.5,0.5,0.5,0.5,0.5,0.27227,1.0,0.33333,0.0,0.5,0.0,0.0,0.36,0.0,0.99653,0.0,1.0,1.0,1.0,1.0,0.5,1.0,0.83281,1.0,0.25,1.0,1.0,1.0,0.0,0.97429,1.0,0.5,0.8,1.0,1.0,0.5,0.5,0.5,1.0,1.0,0.5,0.5,0.5,0.0,0.0,1.0,1.0,1.0,0.5,0.5,1.0,0.2,0.0,1.0,1.0,1.0,1.0,0.5
1.0,0.5,1.0,0.5,1.0,0.5,0.28777,1.0,0.36667,0.0,0.5,0.0,1.0,0.36,0.0,0.0,0.9983,1.0,1.0,1.0,1.0,1.0,1.0,0.84107,1.0,0.25,1.0,1.0,1.0,1.0,1.0,1.0,1.0,0.8,1.0,1.0,0.5,0.5,0.5,1.0,1.0,0.5,0.5,0.5,0.0,0.0,1.0,1.0,1.0,0.5,0.5,0.7,0.4,1.0,1.0,1.0,1.0,0.0,1.0
0.0,1.0,0.0,1.0,1.0,1.0,0.31739,1.0,0.6,0.0,0.5,0.0,0.0,0.36,0.0,0.99403,0.0,1.0,1.0,1.0,1.0,0.8,0.0,0.88213,1.0,0.25,1.0,1.0,1.0,1.0,1.0,0.75,1.0,0.8,1.0,1.0,0.5,0.5,0.5,1.0,1.0,0.5,0.5,0.5,0.0,0.0,1.0,1.0,1.0,0.5,0.5,0.7,0.4,1.0,1.0,1.0,1.0,0.0,1.0
0.5,0.5,0.5,0.5,0.5,0.5,0.12248,0.2,0.06667,0.0,0.5,0.0,0.0,0.48,0.0,0.5,0.5,0.6,0.4,1.0,1.0,0.5,1.0,0.96968,1.0,0.25,0.69641,0.47406,0.0,0.0,0.66667,0.75,0.5,0.8,1.0,1.0,0.5,0.5,0.5,1.0,1.0,0.5,0.5,0.5,0.5,0.5,1.0,1.0,1.0,0.5,0.5,0.3,0.4,0.5,1.0,1.0,1.0,0.0,0.5
1.0,1.0,1.0,1.0,0.2,0.2,0.08711,0.2,0.33333,0.0,0.5,0.0,0.0,0.44,0.0,0.0,0.9857,1.0,1.0,1.0,1.0,0.4,0.0,0.66584,1.0,0.75,0.72905,0.57362,0.0,0.0,1.0,1.0,0.75,0.8,1.0,1.0,0.5,0.5,0.5,1.0,1.0,0.5,0.5,0.5,0.04511,0.1836,0.6,1.0,1.0,0.5,0.5,0.6,0.4,1.0,1.0,1.0,1.0,1.0,1.0
1.0,1.0,1.0,0.0,0.2,0.2,0.06982,0.2,0.56667,0.0,0.5,0.0,0.0,0.44,0.08,0.0,0.98985,1.0,1.0,0.4,1.0,0.4,0.0,0.85359,1.0,0.25,0.48268,0.31641,0.0,1.0,1.0,1.0,0.75,0.8,1.0,1.0,0.5,0.5,0.5,1.0,1.0,0.19022,0.55333,1.0,0.06261,0.07918,0.3,1.0,1.0,0.19022,0.55333,0.9,0.4,0.5,1.0,1.0,1.0,0.5,1.0
1.0,0.5,1.0,0.5,0.2,0.5,0.08092,0.2,0.6,0.0,0.5,0.0,1.0,0.44,0.12,0.0,0.99419,0.6,0.6,1.0,1.0,0.6,0.0,0.65121,1.0,0.25,0.75087,0.60111,0.0,1.0,1.0,1.0,0.75,0.8,1.0,1.0,0.5,0.5,0.5,1.0,1.0,0.3049,1.0,1.0,0.0,0.06618,1.0,1.0,1.0,0.3049,1.0,0.2,0.4,1.0,1.0,1.0,1.0,1.0,1.0
0.5,0.5,0.5,0.5,0.5,0.5,0.13338,0.4,0.56667,0.0,0.5,0.0,0.0,0.16,0.04,0.97631,0.0,1.0,1.0,1.0,1.0,0.5,0.0,0.77699,1.0,0.25,0.75662,0.60852,0.0,0.0,0.5,0.5,0.5,0.8,1.0,1.0,0.5,0.5,0.5,1.0,1.0,0.5,0.5,0.5,0.97167,0.00518,0.9,1.0,1.0,1.0,0.09518,1.0,0.2,0.0,1.0,0.0,1.0,0.0,0.5
0.5,0.5,0.5,0.5,0.5,0.5,0.1595,0.6,0.13333,0.0,0.5,0.0,0.0,0.44,0.04,0.91522,0.0,1.0,0.9,1.0,1.0,0.5,1.0,0.99031,1.0,0.0,0.86581,0.58063,0.5,0.0,0.98803,0.75,0.5,0.4,1.0,1.0,0.5,0.5,0.5,1.0,1.0,0.5,0.5,0.5,0.0,0.0,1.0,1.0,1.0,0.5,0.5,0.6,0.6,1.0,1.0,1.0,1.0,0.0,0.5
0.0,0.0,0.0,0.0,0.6,0.6,0.1287,0.4,0.43333,0.0,0.5,0.0,0.0,0.44,0.04,0.97467,0.0,1.0,1.0,1.0,1.0,0.9,1.0,0.8971,1.0,0.0,0.66676,0.41664,0.0,0.0,0.93686,0.75,1.0,0.8,1.0,1.0,0.5,0.5,0.5,1.0,1.0,0.5,0.5,0.5,0.0,0.0,1.0,1.0,1.0,0.5,0.5,1.0,0.2,0.0,1.0,1.0,1.0,0.0,1.0
0.5,0.5,0.5,0.5,0.5,0.5,0.2276,0.6,0.26667,0.0,0.5,0.0,0.0,0.28,0.04,0.73781,0.0,1.0,1.0,1.0,1.0,0.5,0.0,0.92199,1.0,0.0,0.79595,0.66106,0.0,0.0,0.77193,1.0,0.5,0.8,1.0,1.0,0.5,0.5,0.5,1.0,1.0,0.5,0.5,0.5,0.0,0.0,1.0,1.0,1.0,0.5,0.5,1.0,0.2,0.0,1.0,1.0,1.0,0.0,0.5
1.0,1.0,1.0,1.0,0.6,0.6,0.28081,0.8,0.4,0.0,0.5,0.0,0.0,0.24,0.04,0.97549,0.0,1.0,1.0,1.0,1.0,0.9,1.0,0.81183,1.0,0.25,1.0,1.0,1.0,0.0,0.5,0.75,0.5,0.8,1.0,1.0,0.5,0.5,0.5,1.0,1.0,0.5,0.5,0.5,0.0,0.0,1.0,1.0,1.0,0.5,0.5,1.0,0.2,0.0,1.0,1.0,1.0,0.0,0.75
1.0,0.5,1.0,0.5,0.8,0.5,0.29201,0.8,0.43333,0.0,0.5,0.0,1.0,0.2,0.04,0.99283,0.0,1.0,1.0,1.0,1.0,1.0,0.0,0.28189,0.51253,0.0,1.0,1.0,1.0,0.0,1.0,1.0,0.75,0.8,1.0,1.0,0.5,0.5,0.5,1.0,1.0,0.5,0.5,0.5,0.0,0.0,1.0,1.0,1.0,0.5,0.5,1.0,0.2,1.0,1.0,1.0,1.0,1.0,0.75
1.0,0.5,1.0,0.5,1.0,0.5,0.30296,1.0,0.46667,0.0,0.5,0.0,1.0,0.2,0.04,0.99255,0.0,1.0,1.0,1.0,1.0,1.0,1.0,0.30342,0.55168,0.0,1.0,1.0,1.0,0.0,1.0,1.0,1.0,0.8,1.0,1.0,0.5,0.5,0.5,1.0,1.0,0.5,0.5,0.5,0.0,0.0,1.0,1.0,1.0,0.5,0.5,1.0,0.2,1.0,1.0,1.0,1.0,1.0,0.75
1.0,0.5,1.0,0.5,1.0,0.5,0.3065,1.0,0.5,0.0,0.5,0.0,1.0,0.2,0.04,0.98218,0.0,1.0,1.0,1.0,1.0,1.0,1.0,0.31056,0.56465,0.0,1.0,1.0,1.0,0.0,1.0,1.0,1.0,0.8,1.0,1.0,0.5,0.5,0.5,1.0,1.0,0.5,0.5,0.5,0.0,0.0,1.0,1.0,1.0,0.5,0.5,1.0,0.2,1.0,1.0,1.0,1.0,1.0,0.75
0.5,0.5,0.5,0.5,0.5,0.5,0.13589,0.4,0.03333,0.0,0.5,0.0,0.0,0.2,0.0,0.5,0.5,0.5,0.5,0.5,0.5,0.5,0.5,0.0,0.0,0.5,0.67241,0.52703,0.0,0.0,0.0,0.5,0.5,0.8,1.0,1.0,0.5,0.5,0.5,1.0,1.0,0.5,0.5,0.5,0.5,0.5,1.0,0.5,0.5,0.5,0.5,0.2,0.6,1.0,1.0,1.0,1.0,0.5,0.5
1.0,1.0,1.0,1.0,0.4,0.4,0.15826,0.4,0.13333,0.0,0.5,0.0,0.0,0.96,0.0,1.0,0.0,1.0,1.0,1.0,1.0,0.0,0.0,0.63522,1.0,0.25,0.71166,0.52848,0.0,1.0,0.94773,0.75,0.75,0.8,1.0,1.0,0.5,0.5,0.5,1.0,1.0,0.5,0.5,0.5,0.0,0.0,1.0,1.0,1.0,0.5,0.5,0.2,0.6,0.66667,1.0,1.0,1.0,1.0,1.0
0.0,0.0,0.0,0.0,0.4,0.4,0.07288,0.2,0.4,0.0,0.5,0.0,0.0,0.8,0.0,0.0,1.0,1.0,1.0,1.0,1.0,1.0,1.0,0.64281,1.0,0.25,0.33033,0.22804,0.0,0.0,0.9933,1.0,1.0,0.8,1.0,1.0,0.5,0.5,0.5,1.0,1.0,0.5,0.5,0.5,0.05355,0.11997,0.6,1.0,1.0,0.5,0.5,0.6,0.4,0.33333,1.0,1.0,1.0,1.0,1.0
0.0,0.0,0.0,0.0,0.2,0.2,0.00737,0.2,0.53333,0.0,0.5,0.0,0.0,0.72,0.12,0.92518,0.0,1.0,1.0,1.0,1.0,0.6,0.0,0.00018,0.00033,0.0,1.0,1.0,1.0,0.0,1.0,0.75,0.25,0.0,1.0,1.0,0.5,0.5,0.5,1.0,1.0,0.23682,0.3813,0.54641,0.0,0.0,1.0,1.0,1.0,0.23682,0.3813,1.0,0.2,1.0,1.0,0.0,1.0,1.0,1.0
0.5,0.5,0.5,0.5,0.5,0.5,0.22383,0.8,0.2,0.0,0.5,0.0,0.0,0.28,0.0,0.93065,0.0,0.9,1.0,1.0,1.0,0.5,1.0,0.84024,1.0,0.5,1.0,1.0,1.0,0.0,0.5,0.5,0.5,0.8,1.0,1.0,0.5,0.5,0.5,1.0,1.0,0.5,0.5,0.5,0.0,0.0,1.0,1.0,1.0,0.5,0.5,1.0,0.2,0.0,1.0,1.0,1.0,0.0,0.5
0.5,0.5,0.5,0.5,0.5,0.5,0.21809,0.6,0.03333,0.0,0.5,0.0,0.0,0.2,0.0,0.5,0.5,0.5,0.5,0.5,0.5,0.5,0.5,0.0,0.0,0.5,1.0,0.76636,0.5,0.0,0.0,0.5,0.5,0.8,1.0,1.0,0.5,0.5,0.5,1.0,1.0,0.5,0.5,0.5,0.5,0.5,1.0,0.5,0.5,0.5,0.5,0.4,0.6,1.0,1.0,1.0,1.0,0.5,0.5
0.0,1.0,0.0,1.0,0.6,0.6,0.20584,0.6,0.6,0.0,0.5,0.0,0.0,0.16,0.12,0.0,0.96092,1.0,0.9,0.8,0.9,0.9,0.0,0.89275,1.0,0.25,0.64744,0.47868,0.0,0.0,1.0,0.75,0.75,0.8,1.0,1.0,0.5,0.5,0.5,1.0,1.0,0.5,0.5,0.5,0.67962,0.00625,0.8,1.0,1.0,1.0,0.78161,0.4,0.4,1.0,1.0,0.0,1.0,0.0,1.0
0.5,0.5,0.5,0.5,0.5,0.5,0.49957,1.0,0.5,0.0,0.5,0.0,0.0,0.12,0.12,0.0,0.98996,1.0,1.0,1.0,1.0,0.5,0.0,0.82503,1.0,0.0,1.0,1.0,1.0,0.0,1.0,1.0,0.5,0.8,1.0,1.0,0.5,0.5,0.5,1.0,1.0,0.5,0.5,0.5,0.0,0.0,1.0,1.0,1.0,1.0,0.78079,1.0,0.2,1.0,1.0,0.0,1.0,1.0,0.5
0.0,0.5,0.0,0.5,1.0,0.5,0.49883,1.0,0.53333,0.0,0.5,0.0,1.0,0.12,0.12,0.0,0.99157,1.0,1.0,1.0,1.0,1.0,0.0,0.82259,1.0,0.0,1.0,1.0,1.0,0.0,1.0,1.0,1.0,0.8,1.0,1.0,0.5,0.5,0.5,1.0,1.0,0.5,0.5,0.5,0.0,0.0,1.0,1.0,1.0,1.0,0.78079,1.0,0.2,1.0,1.0,0.0,1.0,1.0,1.0
0.0,0.5,0.0,0.5,1.0,0.5,0.49855,1.0,0.56667,0.0,0.5,0.0,1.0,0.08,0.12,0.0,0.99319,1.0,1.0,1.0,1.0,1.0,0.0,0.82166,1.0,0.0,1.0,1.0,1.0,0.0,1.0,1.0,1.0,0.8,1.0,1.0,0.5,0.5,0.5,1.0,1.0,0.5,0.5,0.5,0.0,0.0,1.0,1.0,1.0,1.0,0.78079,1.0,0.2,1.0,1.0,0.0,1.0,1.0,1.0
0.0,0.5,0.0,0.5,1.0,0.5,0.49844,1.0,0.6,0.0,0.5,0.0,1.0,0.08,0.12,0.0,0.99472,1.0,1.0,1.0,1.0,1.0,0.0,0.8213,1.0,0.0,1.0,1.0,1.0,0.0,1.0,1.0,1.0,0.8,1.0,1.0,0.5,0.5,0.5,1.0,1.0,0.5,0.5,0.5,0.0,0.0,1.0,1.0,1.0,1.0,0.78079,1.0,0.2,1.0,1.0,0.0,1.0,1.0,1.0
0.0,0.5,0.0,0.5,1.0,0.5,0.4984,1.0,0.63333,0.0,0.5,0.0,1.0,0.08,0.12,0.0,0.99555,1.0,1.0,1.0,1.0,1.0,0.0,0.82117,1.0,0.0,1.0,1.0,1.0,0.0,1.0,1.0,1.0,0.8,1.0,1.0,0.5,0.5,0.5,1.0,1.0,0.5,0.5,0.5,0.0,0.0,1.0,1.0,1.0,1.0,0.78079,1.0,0.2,1.0,1.0,0.0,1.0,1.0,1.0
0.0,0.5,0.0,0.5,1.0,0.5,0.49823,1.0,0.66667,0.0,0.5,0.0,1.0,0.08,0.12,0.0,0.99463,1.0,1.0,1.0,1.0,1.0,0.0,0.82062,1.0,0.0,1.0,1.0,1.0,0.0,1.0,1.0,1.0,0.8,1.0,1.0,0.5,0.5,0.5,1.0,1.0,0.5,0.5,0.5,0.0,0.0,1.0,1.0,1.0,1.0,0.78079,1.0,0.2,1.0,1.0,0.0,1.0,1.0,1.0
0.0,0.5,0.0,0.5,1.0,0.5,0.49817,1.0,0.7,0.0,0.5,0.0,1.0,0.08,0.12,0.0,0.99607,1.0,1.0,1.0,1.0,1.0,0.0,0.82041,1.0,0.0,1.0,1.0,1.0,0.0,1.0,1.0,1.0,0.8,1.0,1.0,0.5,0.5,0.5,1.0,1.0,0.5,0.5,0.5,0.0,0.0,1.0,1.0,1.0,1.0,0.78079,1.0,0.2,1.0,1.0,0.0,1.0,1.0,1.0
0.0,0.5,0.0,0.5,1.0,0.5,0.49815,1.0,0.73333,0.0,0.5,0.0,1.0,0.08,0.12,0.0,0.99711,1.0,1.0,1.0,1.0,1.0,0.0,0.82034,1.0,0.0,1.0,1.0,1.0,0.0,1.0,1.0,1.0,0.8,1.0,1.0,0.5,0.5,0.5,1.0,1.0,0.5,0.5,0.5,0.0,0.0,1.0,1.0,1.0,1.0,0.78079,1.0,0.2,1.0,1.0,0.0,1.0,1.0,1.0
0.0,0.5,0.0,0.5,1.0,0.5,0.49814,1.0,0.76667,0.0,0.5,0.0,1.0,0.08,0.12,0.0,0.99787,1.0,1.0,1.0,1.0,1.0,0.0,0.82031,1.0,0.0,1.0,1.0,1.0,0.0,1.0,1.0,1.0,0.8,1.0,1.0,0.5,0.5,0.5,1.0,1.0,0.5,0.5,0.5,0.0,0.0,1.0,1.0,1.0,1.0,0.78079,1.0,0.2,1.0,1.0,0.0,1.0,1.0,1.0
0.0,0.5,0.0,0.5,1.0,0.5,0.49814,1.0,0.8,0.0,0.5,0.0,1.0,0.08,0.12,0.0,0.99842,1.0,1.0,1.0,1.0,1.0,0.0,0.8203,1.0,0.0,1.0,1.0,1.0,0.0,1.0,1.0,1.0,0.8,1.0,1.0,0.5,0.5,0.5,1.0,1.0,0.5,0.5,0.5,0.0,0.0,1.0,1.0,1.0,1.0,0.78079,1.0,0.2,1.0,1.0,0.0,1.0,1.0,1.0
0.0,0.5,0.0,0.5,1.0,0.5,0.49813,1.0,0.83333,0.0,0.5,0.0,1.0,0.08,0.12,0.0,0.99883,1.0,1.0,1.0,1.0,1.0,0.0,0.82029,1.0,0.0,1.0,1.0,1.0,0.0,1.0,1.0,1.0,0.8,1.0,1.0,0.5,0.5,0.5,1.0,1.0,0.5,0.5,0.5,0.0,0.0,1.0,1.0,1.0,1.0,0.78079,1.0,0.2,1.0,1.0,0.0,1.0,1.0,1.0
0.0,0.5,0.0,0.5,1.0,0.5,0.49813,1.0,0.86667,0.0,0.5,0.0,1.0,0.08,0.12,0.0,0.99905,1.0,1.0,1.0,1.0,1.0,0.0,0.82029,1.0,0.0,1.0,1.0,1.0,0.0,1.0,1.0,1.0,0.8,1.0,1.0,0.5,0.5,0.5,1.0,1.0,0.5,0.5,0.5,0.0,0.0,1.0,1.0,1.0,1.0,0.78079,1.0,0.2,1.0,1.0,0.0,1.0,1.0,1.0
0.0,0.5,0.0,0.5,1.0,0.5,0.49813,1.0,0.9,0.0,0.5,0.0,1.0,0.08,0.12,0.0,0.99923,1.0,1.0,1.0,1.0,1.0,0.0,0.82029,1.0,0.0,1.0,1.0,1.0,0.0,1.0,1.0,1.0,0.8,1.0,1.0,0.5,0.5,0.5,1.0,1.0,0.5,0.5,0.5,0.0,0.0,1.0,1.0,1.0,1.0,0.78079,1.0,0.2,1.0,1.0,0.0,1.0,1.0,1.0
0.0,0.5,0.0,0.5,1.0,0.5,0.49813,1.0,0.93333,0.0,0.5,0.0,1.0,0.08,0.12,0.0,0.99937,1.0,1.0,1.0,1.0,1.0,0.0,0.82029,1.0,0.0,1.0,1.0,1.0,0.0,1.0,1.0,1.0,0.8,1.0,1.0,0.5,0.5,0.5,1.0,1.0,0.5,0.5,0.5,0.0,0.0,1.0,1.0,1.0,1.0,0.78079,1.0,0.2,1.0,1.0,0.0,1.0,1.0,1.0
0.0,0.5,0.0,0.5,1.0,0.5,0.49813,1.0,0.96667,0.0,0.5,0.0,1.0,0.08,0.12,0.0,0.99949,1.0,1.0,1.0,1.0,1.0,0.0,0.82029,1.0,0.0,1.0,1.0,1.0,0.0,1.0,1.0,1.0,0.8,1.0,1.0,0.5,0.5,0.5,1.0,1.0,0.5,0.5,0.5,0.0,0.0,1.0,1.0,1.0,1.0,0.78079,1.0,0.2,1.0,1.0,0.0,1.0,1.0,1.0
0.0,0.5,0.0,0.5,1.0,0.5,0.49813,1.0,1.0,0.0,0.5,0.0,1.0,0.08,0.12,0.0,0.99959,1.0,1.0,1.0,1.0,1.0,0.0,0.82029,1.0,0.0,1.0,1.0,1.0,0.0,1.0,1.0,1.0,0.8,1.0,1.0,0.5,0.5,0.5,1.0,1.0,0.5,0.5,0.5,0.0,0.0,1.0,1.0,1.0,1.0,0.78079,1.0,0.2,1.0,1.0,0.0,1.0,1.0,1.0
0.5,0.5,0.5,0.5,0.5,0.5,0.18802,0.6,0.23333,0.0,0.5,0.0,0.0,0.28,0.0,0.97432,0.0,1.0,1.0,1.0,1.0,0.5,0.0,0.61142,1.0,0.0,0.87438,0.7768,0.0,0.0,0.68963,1.0,0.5,0.8,1.0,1.0,0.5,0.5,0.5,1.0,1.0,0.5,0.5,0.5,0.0,0.0,1.0,1.0,1.0,0.5,0.5,1.0,0.2,0.0,1.0,1.0,1.0,0.0,0.5
0.5,0.5,0.5,0.5,0.5,0.5,0.02401,0.2,0.1,0.0,0.5,0.0,0.0,0.68,0.0,1.0,0.0,0.6,0.6,1.0,1.0,0.5,0.0,0.58631,1.0,0.25,0.42134,0.2669,0.0,0.0,1.0,0.25,0.5,0.8,1.0,1.0,0.5,0.5,0.5,1.0,1.0,0.5,0.5,0.5,0.0,0.0,1.0,1.0,1.0,0.5,0.5,0.2,0.4,1.0,1.0,1.0,1.0,0.0,0.5
0.5,0.5,0.5,0.5,0.5,0.5,0.06866,0.4,0.03333,0.0,0.5,0.0,0.0,0.2,0.0,0.5,0.5,0.5,0.5,0.5,0.5,0.5,0.5,0.0,0.0,0.75,0.41379,0.2,0.33333,0.0,0.0,0.5,0.5,0.8,1.0,1.0,0.5,0.5,0.5,1.0,1.0,0.5,0.5,0.5,0.5,0.5,1.0,0.5,0.5,0.5,0.5,0.2,0.8,1.0,1.0,1.0,1.0,0.5,0.5
0.0,0.0,0.0,0.0,0.4,0.4,0.14579,0.4,0.0,0.88235,0.5,0.0,0.0,0.48,0.0,0.9947,0.0,1.0,1.0,1.0,1.0,0.6,1.0,0.45436,0.82611,0.0,1.0,0.89226,0.5,0.0,1.0,1.0,0.75,0.8,1.0,1.0,0.5,0.5,0.5,1.0,1.0,0.5,0.5,0.5,0.0,0.0,1.0,1.0,1.0,0.5,0.5,0.3,0.6,1.0,1.0,1.0,1.0,0.0,1.0
1.0,0.0,1.0,0.0,0.6,0.4,0.13968,0.4,0.0,0.81081,0.5,0.0,0.0,0.48,0.0,0.0,0.99925,1.0,1.0,1.0,1.0,1.0,0.0,0.44105,0.80191,0.0,1.0,0.89046,0.5,0.0,1.0,1.0,1.0,0.8,1.0,1.0,0.5,0.5,0.5,1.0,1.0,0.5,0.5,0.5,0.0,0.0,1.0,1.0,1.0,0.5,0.5,0.3,0.6,1.0,1.0,1.0,1.0,0.0,0.75
0.5,0.5,0.5,0.5,0.5,0.5,0.12069,0.6,0.06667,0.0,0.5,0.0,0.0,0.48,0.0,0.5,0.5,0.7,1.0,1.0,1.0,0.5,1.0,0.82054,1.0,0.0,0.72675,0.39957,0.5,0.0,0.86928,1.0,0.5,0.8,1.0,1.0,0.5,0.5,0.5,1.0,1.0,0.5,0.5,0.5,0.5,0.5,1.0,1.0,1.0,0.5,0.5,0.2,0.6,1.0,1.0,1.0,1.0,0.5,0.5
1.0,0.5,1.0,0.5,0.6,0.5,0.12076,0.6,0.1,0.0,0.5,0.0,1.0,0.48,0.0,0.99179,0.0,0.6,0.7,1.0,1.0,0.6,1.0,0.92175,1.0,0.75,0.48724,0.32209,0.0,0.0,1.0,1.0,0.25,0.8,1.0,1.0,0.5,0.5,0.5,1.0,1.0,0.5,0.5,0.5,0.0,0.0,1.0,1.0,1.0,0.5,0.5,0.2,0.4,1.0,1.0,1.0,1.0,0.0,1.0
1.0,1.0,1.0,1.0,0.6,0.6,0.4118,1.0,0.96667,0.0,0.5,0.0,0.0,0.24,0.04,0.0,0.98691,1.0,1.0,1.0,1.0,0.5,1.0,0.94871,1.0,0.5,1.0,1.0,1.0,0.0,1.0,0.5,0.5,0.8,1.0,1.0,0.5,0.5,0.5,1.0,1.0,0.5,0.5,0.5,0.0,0.0,1.0,1.0,1.0,0.5,0.5,0.9,0.4,1.0,1.0,1.0,1.0,0.0,1.0
1.0,1.0,1.0,1.0,1.0,1.0,0.48994,1.0,0.0,0.96774,0.5,0.0,0.0,0.24,0.04,0.0,0.98847,1.0,1.0,1.0,1.0,1.0,0.0,0.91675,1.0,0.25,1.0,1.0,1.0,0.0,1.0,0.75,0.75,0.8,1.0,1.0,0.5,0.5,0.5,1.0,1.0,0.5,0.5,0.5,0.0,0.0,1.0,1.0,1.0,0.5,0.5,1.0,0.2,1.0,1.0,1.0,1.0,1.0,0.25
1.0,0.5,1.0,0.5,1.0,0.5,0.52765,1.0,0.0,0.9375,0.5,0.0,1.0,0.24,0.04,0.0,0.99498,1.0,1.0,1.0,1.0,1.0,1.0,0.96908,1.0,0.25,1.0,1.0,1.0,0.0,1.0,1.0,1.0,0.8,1.0,1.0,0.5,0.5,0.5,1.0,1.0,0.5,0.5,0.5,0.0,0.0,1.0,1.0,1.0,0.5,0.5,1.0,0.2,1.0,1.0,1.0,1.0,1.0,0.25
0.0,0.0,1.0,1.0,1.0,1.0,0.53065,1.0,0.0,0.88235,0.5,0.0,0.0,0.24,0.04,0.99447,0.0,1.0,1.0,1.0,1.0,0.9,1.0,0.97323,1.0,0.25,1.0,1.0,1.0,0.0,1.0,0.75,1.0,0.8,1.0,1.0,0.5,0.5,0.5,1.0,1.0,0.5,0.5,0.5,0.0,0.0,1.0,1.0,1.0,0.5,0.5,1.0,0.2,1.0,1.0,1.0,1.0,1.0,0.25
0.5,0.5,0.5,0.5,0.5,0.5,0.10202,0.5,0.03333,0.0,1.0,0.0,0.0,0.1,0.0,0.5,0.5,0.5,0.5,0.5,0.5,0.5,0.5,0.0,0.0,0.44444,0.89922,0.74839,0.25,0.0,0.0,0.5,0.5,0.8,1.0,1.0,0.5,0.5,0.5,1.0,1.0,0.5,0.5,0.5,0.5,0.5,1.0,0.5,0.5,0.5,0.5,0.2,0.5,1.0,1.0,1.0,1.0,0.5,0.5
1.0,1.0,0.0,1.0,0.5,0.8,0.07918,0.3,0.23333,0.0,1.0,0.0,0.0,0.41,0.03,0.87149,0.0,1.0,1.0,1.0,1.0,0.53333,1.0,0.99982,1.0,0.22222,0.86362,0.56823,0.2,0.0,0.95732,1.0,0.66667,0.8,1.0,1.0,0.5,0.5,0.5,1.0,1.0,0.5,0.5,0.5,0.03116,0.02102,0.8,1.0,1.0,0.39605,0.57028,0.4,0.2,0.2,1.0,1.0,1.0,0.0,1.0
0.5,0.5,0.5,0.5,0.5,0.5,0.08017,0.2,0.26667,0.0,1.0,0.0,0.0,0.4,0.06,0.91414,0.0,1.0,1.0,1.0,0.66667,0.5,1.0,0.66115,1.0,0.11111,1.0,0.85708,0.33333,0.0,0.87054,0.55556,0.5,0.8,1.0,1.0,0.5,0.5,0.5,1.0,1.0,0.5,0.5,0.5,0.06272,0.0,0.6,1.0,1.0,0.1499,0.18429,0.6,0.3,0.66667,1.0,1.0,1.0,0.0,0.5
0.0,0.0,0.0,0.0,0.2,0.2,0.05022,0.2,0.46667,0.0,1.0,0.0,0.0,0.32,0.08,0.98313,0.0,1.0,1.0,1.0,1.0,1.0,1.0,0.65892,1.0,0.11111,0.69225,0.46961,0.33333,0.0,0.86359,0.88889,1.0,0.8,1.0,1.0,0.5,0.5,0.5,1.0,1.0,0.21885,0.37314,0.94921,0.13837,0.07007,0.7,1.0,1.0,0.21885,0.37314,0.5,0.2,0.33333,1.0,1.0,1.0,0.66667,1.0
0.5,0.5,0.5,0.5,0.5,0.5,0.01687,0.1,0.53333,0.0,1.0,0.0,0.0,0.1,0.0,0.99936,0.0,1.0,1.0,1.0,1.0,0.5,0.0,0.00094,0.00171,0.0,1.0,1.0,1.0,0.0,1.0,1.0,0.5,0.8,1.0,1.0,0.5,0.5,0.5,1.0,1.0,0.5,0.5,0.5,0.0,0.0,1.0,1.0,1.0,0.5,0.5,1.0,0.1,1.0,1.0,1.0,1.0,0.0,0.5
0.0,0.0,0.0,0.0,0.1,0.1,0.01687,0.1,0.66667,0.0,1.0,0.0,0.0,0.1,0.0,0.9997,0.0,1.0,1.0,1.0,1.0,1.0,0.0,0.00094,0.00171,0.0,1.0,1.0,1.0,0.0,1.0,1.0,1.0,0.8,1.0,1.0,0.5,0.5,0.5,1.0,1.0,0.5,0.5,0.5,0.0,0.0,1.0,1.0,1.0,0.5,0.5,1.0,0.1,1.0,1.0,1.0,1.0,0.0,0.22222
0.5,0.5,0.5,0.5,0.5,0.5,0.06409,0.5,0.43333,0.0,1.0,0.0,0.0,0.17,0.14,0.0,0.98767,0.75556,0.86667,0.73333,0.86667,0.5,0.0,0.65606,1.0,0.22222,0.82847,0.50233,0.5,0.0,0.88427,0.66667,0.5,0.5,1.0,1.0,0.5,0.5,0.5,1.0,1.0,0.5,0.5,0.5,0.0,0.0,1.0,1.0,1.0,0.44815,0.50612,1.0,0.1,0.0,1.0,0.0,1.0,0.0,0.5
1.0,0.5,1.0,0.5,0.5,0.5,0.06642,0.5,0.46667,0.0,1.0,0.0,1.0,0.17,0.12,0.0,0.99263,0.86667,1.0,0.84444,1.0,0.86667,1.0,0.81634,1.0,0.22222,0.65578,0.35303,0.33333,0.0,0.76759,1.0,0.88889,0.65,1.0,1.0,0.5,0.5,0.5,1.0,1.0,0.5,0.5,0.5,0.0,0.0,1.0,1.0,1.0,0.44815,0.50612,1.0,0.1,0.0,1.0,0.0,1.0,0.0,0.44444
1.0,1.0,1.0,1.0,0.5,0.5,0.09066,0.6,0.6,0.0,1.0,0.0,0.0,0.12,0.11,0.98646,0.0,1.0,1.0,0.91111,0.82222,0.93333,1.0,0.81995,1.0,0.22222,0.88539,0.49259,0.33333,0.0,0.80149,0.55556,1.0,0.8,1.0,1.0,0.5,0.5,0.5,1.0,1.0,0.5,0.5,0.5,0.0,0.0,1.0,1.0,1.0,0.44815,0.50612,0.3,0.2,0.33333,1.0,1.0,1.0,0.0,0.44444
0.5,0.5,0.5,0.5,0.5,0.5,0.17308,1.0,0.03333,0.0,1.0,0.0,0.0,0.1,0.0,0.5,0.5,0.5,0.5,0.5,0.5,0.5,0.5,0.0,0.0,0.55556,1.0,1.0,1.0,0.0,0.0,0.5,0.5,0.8,1.0,1.0,0.5,0.5,0.5,1.0,1.0,0.5,0.5,0.5,0.5,0.5,1.0,0.5,0.5,0.5,0.5,0.2,0.6,1.0,1.0,1.0,1.0,0.5,0.5
0.0,0.0,0.0,0.0,0.9,0.8,0.15491,1.0,0.43333,0.0,1.0,0.0,0.0,0.15,0.02,0.0,0.99917,1.0,1.0,1.0,1.0,0.88889,0.0,0.82885,1.0,0.11111,1.0,1.0,1.0,0.0,0.6299,0.55556,0.44444,0.8,1.0,1.0,0.5,0.5,0.5,1.0,1.0,0.5,0.5,0.5,0.81901,0.00192,0.95,1.0,1.0,1.0,0.0458,0.45,0.2,0.5,1.0,1.0,1.0,0.0,1.0
0.5,0.5,0.5,0.5,0.5,0.5,0.00983,0.2,0.23333,0.0,1.0,0.0,0.0,0.32,0.0,0.85243,0.0,1.0,1.0,1.0,1.0,0.5,0.0,0.89177,1.0,0.11111,0.10154,0.05544,0.0,0.0,0.93465,0.22222,0.5,0.8,1.0,1.0,0.5,0.5,0.5,1.0,1.0,0.5,0.5,0.5,0.77218,0.08356,0.85,1.0,1.0,0.5,0.5,0.35,0.3,0.5,1.0,1.0,1.0,0.0,0.5
0.0,0.0,0.0,0.0,0.2,0.2,0.00085,0.2,0.8,0.0,1.0,0.0,0.0,0.26,0.01,0.99939,0.0,1.0,0.88889,1.0,1.0,0.82222,0.0,0.0001,0.00018,0.0,1.0,1.0,1.0,0.0,1.0,0.44444,0.55556,0.8,1.0,1.0,0.5,0.5,0.5,1.0,1.0,1.0,0.18087,0.776,0.0,0.0,1.0,1.0,1.0,1.0,0.18087,1.0,0.1,1.0,1.0,0.0,1.0,1.0,1.0
0.0,0.0,0.0,0.0,0.2,0.2,0.0007,0.2,0.86667,0.0,1.0,0.0,0.0,0.26,0.01,0.99957,0.0,1.0,1.0,1.0,1.0,1.0,0.0,0.0001,0.00018,0.0,1.0,1.0,1.0,0.0,1.0,0.44444,1.0,0.8,1.0,1.0,0.5,0.5,0.5,1.0,1.0,1.0,0.18087,0.776,0.0,0.0,1.0,1.0,1.0,1.0,0.18087,1.0,0.1,1.0,1.0,0.0,1.0,1.0,0.22222
0.0,0.0,0.0,0.0,0.2,0.2,0.00058,0.2,0.93333,0.0,1.0,0.0,0.0,0.26,0.01,0.99989,0.0,1.0,1.0,1.0,1.0,1.0,0.0,0.0001,0.00018,0.0,1.0,1.0,1.0,0.0,1.0,0.44444,1.0,0.8,1.0,1.0,0.5,0.5,0.5,1.0,1.0,1.0,0.18087,0.776,0.0,0.0,1.0,1.0,1.0,1.0,0.18087,1.0,0.1,1.0,1.0,0.0,1.0,1.0,0.22222
0.5,0.5,0.5,0.5,0.5,0.5,0.19414,0.9,0.03333,0.0,1.0,0.0,0.0,0.1,0.0,0.5,0.5,0.5,0.5,0.5,0.5,0.5,0.5,0.0,0.0,0.55556,1.0,0.91327,0.8,0.0,0.0,0.5,0.5,0.8,1.0,1.0,0.5,0.5,0.5,1.0,1.0,0.5,0.5,0.5,0.5,0.5,1.0,0.5,0.5,0.5,0.5,0.5,0.5,0.8,1.0,1.0,1.0,0.5,0.5
1.0,1.0,1.0,1.0,1.0,1.0,0.16397,0.9,0.43333,0.0,1.0,0.0,0.0,0.33,0.0,0.98342,0.0,1.0,1.0,1.0,1.0,0.46667,1.0,0.99094,1.0,0.0,0.89036,0.70465,0.5,0.0,0.99924,1.0,0.44444,0.8,1.0,1.0,0.5,0.5,0.5,1.0,1.0,0.5,0.5,0.5,0.19636,0.12892,0.6,1.0,1.0,0.5,0.5,0.6,0.3,1.0,0.5,1.0,1.0,1.0,0.77778
0.5,0.5,0.5,0.5,0.5,0.5,0.03336,0.2,0.16667,0.0,1.0,0.0,0.0,0.1,0.01,0.78011,0.0,1.0,0.97778,1.0,1.0,0.5,0.0,0.5718,1.0,0.22222,0.37751,0.23267,0.0,0.0,1.0,0.77778,0.5,0.8,1.0,1.0,0.5,0.5,0.5,1.0,1.0,0.5,0.5,0.5,0.0,0.01344,1.0,1.0,1.0,1.0,0.27914,0.2,0.2,1.0,1.0,1.0,1.0,0.0,0.5
0.5,0.5,0.5,0.5,0.5,0.5,0.0,0.1,0.8,0.0,1.0,0.0,0.0,0.17,0.02,0.0,0.97642,1.0,1.0,0.91111,1.0,0.5,0.0,0.96912,1.0,0.11111,0.0,0.0,0.0,0.0,0.97357,0.77778,0.5,1.0,1.0,1.0,0.5,0.5,0.5,1.0,1.0,0.5,0.5,0.5,0.0,0.0,1.0,1.0,1.0,0.0,0.17812,0.0,0.1,0.33333,1.0,0.0,1.0,0.33333,0.5
0.5,0.5,0.5,0.5,0.5,0.5,0.0422,0.3,0.4,0.0,1.0,0.0,0.0,0.34,0.0,0.99247,0.0,1.0,1.0,1.0,1.0,0.5,0.0,0.69581,1.0,0.11111,0.50793,0.28911,0.33333,0.0,0.82882,1.0,0.5,0.8,1.0,1.0,0.5,0.5,0.5,1.0,1.0,0.5,0.5,0.5,0.0,0.0,1.0,1.0,1.0,0.5,0.5,0.2,0.3,0.66667,1.0,1.0,1.0,0.0,0.5
0.0,0.0,0.0,0.0,0.3,0.2,0.02123,0.2,0.0,0.76923,1.0,0.0,0.0,0.33,0.05,0.0,0.99025,1.0,1.0,1.0,1.0,0.86667,0.0,0.64974,1.0,0.11111,0.3282,0.26117,0.0,1.0,0.81849,0.88889,0.77778,0.8,1.0,1.0,0.5,0.5,0.5,1.0,1.0,0.5,0.5,0.5,0.00112,0.0,0.95,1.0,1.0,0.12329,0.38543,0.25,0.3,0.66667,0.5,0.5,1.0,0.66667,1.0
0.5,0.5,0.5,0.5,0.5,0.5,0.06038,0.3,0.3,0.0,1.0,0.0,0.0,0.65,0.0,1.0,0.0,1.0,1.0,1.0,1.0,0.5,1.0,0.5965,1.0,0.22222,0.52185,0.37797,0.14286,0.0,0.96506,1.0,0.5,0.8,1.0,1.0,0.5,0.5,0.5,1.0,1.0,0.5,0.5,0.5,0.76309,0.00342,0.9,1.0,1.0,0.5,0.5,0.3,0.6,0.71429,1.0,1.0,1.0,0.0,0.5
0.5,0.5,0.5,0.5,0.5,0.5,0.06081,0.3,0.13333,0.0,1.0,0.0,0.0,0.1,0.0,0.97948,0.0,0.95556,0.93333,1.0,1.0,0.5,0.0,0.59998,1.0,0.11111,1.0,0.78677,0.5,0.0,0.44444,0.66667,0.5,0.8,1.0,1.0,0.5,0.5,0.5,1.0,1.0,0.5,0.5,0.5,0.55416,0.00226,0.95,1.0,1.0,0.5,0.5,1.0,0.1,0.0,1.0,1.0,1.0,0.0,0.5
0.0,0.0,1.0,1.0,0.3,0.3,0.06094,0.3,0.23333,0.0,1.0,0.0,0.0,0.09,0.01,0.91456,0.0,1.0,0.97778,1.0,1.0,0.97778,1.0,0.54671,0.99402,0.11111,1.0,1.0,1.0,0.0,0.5,0.88889,0.88889,0.8,1.0,1.0,0.5,0.5,0.5,1.0,1.0,1.0,0.04759,0.98099,0.0,0.0,1.0,1.0,1.0,1.0,0.04759,1.0,0.1,0.0,1.0,0.0,1.0,0.0,0.44444
0.0,0.0,1.0,1.0,0.3,0.3,0.06097,0.3,0.3,0.0,1.0,0.0,0.0,0.09,0.01,0.97939,0.0,1.0,1.0,1.0,1.0,1.0,1.0,0.54672,0.99404,0.11111,1.0,1.0,1.0,0.0,0.5,0.77778,1.0,0.8,1.0,1.0,0.5,0.5,0.5,1.0,1.0,1.0,0.04759,0.98099,0.0,0.0,1.0,1.0,1.0,1.0,0.04759,1.0,0.1,0.0,1.0,0.0,1.0,0.0,0.44444
0.0,0.0,1.0,1.0,0.3,0.3,0.06097,0.3,0.36667,0.0,1.0,0.0,0.0,0.09,0.01,0.99677,0.0,1.0,1.0,1.0,1.0,1.0,1.0,0.54672,0.99404,0.11111,1.0,1.0,1.0,0.0,0.5,0.77778,1.0,0.8,1.0,1.0,0.5,0.5,0.5,1.0,1.0,1.0,0.04759,0.98099,0.0,0.0,1.0,1.0,1.0,1.0,0.04759,1.0,0.1,0.0,1.0,0.0,1.0,0.0,0.44444
0.0,0.0,1.0,1.0,0.3,0.3,0.06097,0.3,0.43333,0.0,1.0,0.0,0.0,0.09,0.01,0.99797,0.0,1.0,1.0,1.0,1.0,1.0,1.0,0.54672,0.99404,0.11111,1.0,1.0,1.0,0.0,0.5,0.77778,1.0,0.8,1.0,1.0,0.5,0.5,0.5,1.0,1.0,1.0,0.04759,0.98099,0.0,0.0,1.0,1.0,1.0,1.0,0.04759,1.0,0.1,0.0,1.0,0.0,1.0,0.0,0.44444
0.0,0.0,1.0,1.0,0.3,0.3,0.06097,0.3,0.5,0.0,1.0,0.0,0.0,0.09,0.01,0.99877,0.0,1.0,1.0,1.0,1.0,1.0,1.0,0.54672,0.99404,0.11111,1.0,1.0,1.0,0.0,0.5,0.77778,1.0,0.8,1.0,1.0,0.5,0.5,0.5,1.0,1.0,1.0,0.04759,0.98099,0.0,0.0,1.0,1.0,1.0,1.0,0.04759,1.0,0.1,0.0,1.0,0.0,1.0,0.0,0.44444
0.0,0.0,1.0,1.0,0.3,0.3,0.06097,0.3,0.56667,0.0,1.0,0.0,0.0,0.09,0.01,0.99924,0.0,1.0,1.0,1.0,1.0,1.0,1.0,0.54672,0.99404,0.11111,1.0,1.0,1.0,0.0,0.5,0.77778,1.0,0.8,1.0,1.0,0.5,0.5,0.5,1.0,1.0,1.0,0.04759,0.98099,0.0,0.0,1.0,1.0,1.0,1.0,0.04759,1.0,0.1,0.0,1.0,0.0,1.0,0.0,0.44444
0.0,0.0,1.0,1.0,0.3,0.3,0.06097,0.3,0.63333,0.0,1.0,0.0,0.0,0.09,0.01,0.99952,0.0,1.0,1.0,1.0,1.0,1.0,1.0,0.54672,0.99404,0.11111,1.0,1.0,1.0,0.0,0.5,0.77778,1.0,0.8,1.0,1.0,0.5,0.5,0.5,1.0,1.0,1.0,0.04759,0.98099,0.0,0.0,1.0,1.0,1.0,1.0,0.04759,1.0,0.1,0.0,1.0,0.0,1.0,0.0,0.44444
0.0,0.0,1.0,1.0,0.3,0.3,0.06097,0.3,0.7,0.0,1.0,0.0,0.0,0.09,0.01,0.9997,0.0,1.0,1.0,1.0,1.0,1.0,1.0,0.54672,0.99404,0.11111,1.0,1.0,1.0,0.0,0.5,0.77778,1.0,0.8,1.0,1.0,0.5,0.5,0.5,1.0,1.0,1.0,0.04759,0.98099,0.0,0.0,1.0,1.0,1.0,1.0,0.04759,1.0,0.1,0.0,1.0,0.0,1.0,0.0,0.44444
0.0,0.0,1.0,1.0,0.3,0.3,0.06097,0.3,0.76667,0.0,1.0,0.0,0.0,0.09,0.01,0.9998,0.0,1.0,1.0,1.0,1.0,1.0,1.0,0.54672,0.99404,0.11111,1.0,1.0,1.0,0.0,0.5,0.77778,1.0,0.8,1.0,1.0,0.5,0.5,0.5,1.0,1.0,1.0,0.04759,0.98099,0.0,0.0,1.0,1.0,1.0,1.0,0.04759,1.0,0.1,0.0,1.0,0.0,1.0,0.0,0.44444
0.0,0.0,1.0,1.0,0.3,0.3,0.06097,0.3,0.83333,0.0,1.0,0.0,0.0,0.09,0.01,0.99987,0.0,1.0,1.0,1.0,1.0,1.0,1.0,0.54672,0.99404,0.11111,1.0,1.0,1.0,0.0,0.5,0.77778,1.0,0.8,1.0,1.0,0.5,0.5,0.5,1.0,1.0,1.0,0.04759,0.98099,0.0,0.0,1.0,1.0,1.0,1.0,0.04759,1.0,0.1,0.0,1.0,0.0,1.0,0.0,0.44444
0.0,0.0,1.0,1.0,0.3,0.3,0.06097,0.3,0.9,0.0,1.0,0.0,0.0,0.09,0.01,0.99992,0.0,1.0,1.0,1.0,1.0,1.0,1.0,0.54672,0.99404,0.11111,1.0,1.0,1.0,0.0,0.5,0.77778,1.0,0.8,1.0,1.0,0.5,0.5,0.5,1.0,1.0,1.0,0.04759,0.98099,0.0,0.0,1.0,1.0,1.0,1.0,0.04759,1.0,0.1,0.0,1.0,0.0,1.0,0.0,0.44444
0.0,0.0,1.0,1.0,0.3,0.3,0.06097,0.3,0.96667,0.0,1.0,0.0,0.0,0.09,0.01,0.99995,0.0,1.0,1.0,1.0,1.0,1.0,1.0,0.54672,0.99404,0.11111,1.0,1.0,1.0,0.0,0.5,0.77778,1.0,0.8,1.0,1.0,0.5,0.5,0.5,1.0,1.0,1.0,0.04759,0.98099,0.0,0.0,1.0,1.0,1.0,1.0,0.04759,1.0,0.1,0.0,1.0,0.0,1.0,0.0,0.44444
0.0,0.0,1.0,1.0,0.3,0.3,0.06097,0.3,0.0,0.96774,1.0,0.0,0.0,0.09,0.01,0.99997,0.0,1.0,1.0,1.0,1.0,1.0,1.0,0.54672,0.99404,0.11111,1.0,1.0,1.0,0.0,0.5,0.77778,1.0,0.8,1.0,1.0,0.5,0.5,0.5,1.0,1.0,1.0,0.04759,0.98099,0.0,0.0,1.0,1.0,1.0,1.0,0.04759,1.0,0.1,0.0,1.0,0.0,1.0,0.0,0.44444
0.5,0.5,0.5,0.5,0.5,0.5,0.00397,0.1,0.03333,0.0,1.0,0.0,0.0,0.1,0.0,0.5,0.5,0.5,0.5,0.5,0.5,0.5,0.5,0.0,0.0,0.66667,0.04447,0.02632,0.0,0.0,0.0,0.5,0.5,0.8,1.0,1.0,0.5,0.5,0.5,1.0,1.0,0.5,0.5,0.5,0.5,0.5,1.0,0.5,0.5,0.5,0.5,0.2,0.7,1.0,1.0,1.0,1.0,0.5,0.5
0.5,0.5,0.5,0.5,0.5,0.5,0.04276,0.3,0.5,0.0,1.0,0.0,0.0,0.15,0.02,0.94722,0.0,1.0,0.95556,0.93333,1.0,0.5,0.0,0.63631,1.0,0.11111,0.497,0.26559,0.0,0.0,0.93392,0.77778,0.5,0.8,1.0,1.0,0.5,0.5,0.5,1.0,1.0,0.5,0.5,0.5,0.0,0.0,1.0,1.0,1.0,0.5,0.5,0.25,0.2,0.5,1.0,1.0,1.0,0.5,0.5
0.5,0.5,0.5,0.5,0.5,0.5,0.0587,0.4,0.33333,0.0,0.0,0.66667,0.0,0.16444,0.01333,0.99396,0.0,1.0,0.97143,0.91429,1.0,0.5,0.0,0.83013,1.0,0.07143,0.93141,0.72078,0.5,1.0,0.89131,0.92857,0.5,0.8,1.0,1.0,0.5,0.5,0.5,1.0,1.0,0.5,0.5,0.5,0.0,0.0,1.0,1.0,1.0,0.5,0.5,0.2,0.46667,1.0,1.0,0.83333,1.0,0.0,0.5
0.5,0.5,0.5,0.5,0.5,0.5,0.06729,0.4,0.23333,0.0,0.0,0.66667,0.0,0.30667,0.01778,0.95157,0.0,1.0,1.0,0.77143,1.0,0.5,0.0,0.57363,1.0,0.78571,0.97949,0.5848,0.5,0.0,0.95762,0.5,0.5,0.53333,1.0,1.0,0.5,0.5,0.5,1.0,1.0,0.5,0.5,0.5,0.0,0.0,1.0,1.0,1.0,0.41343,0.61488,0.46667,0.13333,0.5,1.0,0.0,1.0,0.0,0.5
0.0,0.0,0.0,0.0,0.33333,0.33333,0.02668,0.33333,0.33333,0.0,0.0,0.66667,0.0,0.28889,0.02222,0.99735,0.0,1.0,1.0,0.77143,1.0,1.0,0.0,0.00303,0.00552,0.85714,1.0,1.0,1.0,0.0,1.0,0.92857,0.92857,0.0,0.93333,0.90601,0.11234,0.5,0.50553,1.0,1.0,0.5,0.5,0.5,0.0,0.00189,1.0,1.0,1.0,0.48707,0.9228,1.0,0.06667,0.0,1.0,0.0,1.0,0.0,1.0
0.0,0.0,0.0,0.0,0.33333,0.13333,0.00054,0.06667,0.46667,0.0,0.0,0.66667,0.0,0.30667,0.03111,0.0,0.98966,1.0,1.0,1.0,1.0,0.87619,1.0,0.72681,1.0,0.42857,0.01189,0.00398,0.0,0.0,0.91807,0.85714,0.64286,0.0,1.0,1.0,0.5,0.37022,0.5,1.0,1.0,0.5,0.5,0.5,0.0,0.0,1.0,1.0,1.0,0.48707,0.9228,1.0,0.06667,0.0,1.0,0.0,1.0,0.0,1.0
1.0,0.5,1.0,0.5,0.2,0.5,0.00135,0.2,0.5,0.0,0.0,0.66667,1.0,0.30667,0.02667,0.0,0.9775,0.87619,1.0,0.87619,1.0,0.87619,0.0,0.56608,1.0,0.57143,0.04864,0.01221,0.4,0.0,0.96544,1.0,0.78571,0.0,1.0,1.0,0.5,0.37022,0.5,1.0,1.0,0.5,0.5,0.5,0.0,0.0,1.0,1.0,1.0,0.48707,0.9228,1.0,0.06667,0.0,1.0,0.0,1.0,0.0,1.0
0.5,0.5,0.5,0.5,0.5,0.5,0.0637,0.46667,0.13333,0.0,0.0,0.66667,0.0,0.05778,0.00444,0.90173,0.0,1.0,0.99048,1.0,1.0,0.5,0.0,0.63323,1.0,0.07143,0.75483,0.4759,0.5,0.0,0.66667,1.0,0.5,0.8,1.0,1.0,0.5,0.5,0.5,1.0,1.0,0.5,0.5,0.5,1.0,0.00162,0.93333,1.0,1.0,1.0,0.09738,0.46667,0.13333,0.5,1.0,1.0,1.0,0.0,0.5
0.0,0.0,0.0,0.0,0.4,0.4,0.04845,0.4,0.2,0.0,0.0,0.66667,0.0,0.06667,0.00889,0.98011,0.0,1.0,0.98095,0.99048,1.0,0.97143,0.0,0.60137,1.0,0.07143,0.77947,0.66332,0.0,0.0,0.48247,0.78571,0.85714,0.8,1.0,1.0,0.5,0.5,0.5,1.0,1.0,1.0,0.0645,0.74888,1.0,0.00169,0.9,1.0,1.0,1.0,0.0645,0.3,0.13333,0.5,1.0,1.0,1.0,0.0,0.71429
0.0,0.0,0.0,0.0,0.4,0.4,0.03437,0.4,0.26667,0.0,0.0,0.66667,0.0,0.06667,0.01333,0.0,0.99159,1.0,0.95238,0.97143,1.0,0.98095,1.0,0.56925,1.0,0.14286,0.4656,0.30344,0.0,0.0,0.5,0.85714,0.78571,0.8,1.0,1.0,0.5,0.5,0.5,1.0,1.0,1.0,0.1153,0.69769,0.0,0.0,1.0,1.0,1.0,1.0,0.1153,0.2,0.13333,1.0,0.0,1.0,1.0,1.0,1.0
0.0,0.0,0.0,0.0,0.33333,0.33333,0.02127,0.33333,0.33333,0.0,0.0,0.66667,0.0,0.05778,0.00889,0.98863,0.0,0.97143,1.0,0.94286,1.0,0.95238,0.0,0.0045,0.00819,0.14286,1.0,1.0,1.0,0.0,1.0,0.78571,0.85714,0.0,0.93333,0.93987,0.5866,0.5,0.11732,1.0,1.0,1.0,0.1153,0.69769,0.0,0.0008,1.0,1.0,1.0,1.0,0.1153,1.0,0.06667,0.0,1.0,0.0,1.0,0.0,1.0
0.5,0.5,0.5,0.5,0.5,0.5,0.00388,0.4,0.56667,0.0,0.0,0.66667,0.0,0.07111,0.04,0.99862,0.0,0.98095,1.0,0.93333,0.93333,0.5,0.0,0.0001,0.00018,0.57143,1.0,1.0,1.0,0.0,1.0,0.85714,0.5,0.16667,1.0,1.0,0.5,0.5,0.5,1.0,1.0,0.5,0.5,0.5,0.00137,0.0,0.83333,1.0,1.0,1.0,0.06391,1.0,0.06667,0.0,1.0,0.0,1.0,0.0,0.5
1.0,0.5,1.0,0.5,0.4,0.5,0.00519,0.4,0.6,0.0,0.0,0.66667,1.0,0.06667,0.02222,0.0,0.99636,1.0,1.0,0.86667,1.0,1.0,1.0,0.89202,1.0,0.07143,0.07115,0.02476,0.5,0.0,0.85479,1.0,0.5,0.0,1.0,1.0,0.5,0.5,0.5,1.0,1.0,0.01166,0.17326,0.5,0.0,0.01232,1.0,1.0,1.0,0.01166,0.17326,1.0,0.06667,0.0,1.0,0.0,1.0,0.0,1.0
1.0,0.5,1.0,0.5,0.46667,0.5,0.00745,0.46667,0.63333,0.0,0.0,0.66667,1.0,0.06667,0.02667,0.0,0.99093,0.98095,0.97143,0.84762,1.0,0.98095,1.0,0.97052,1.0,0.07143,0.09785,0.04226,0.5,0.0,0.85379,1.0,1.0,0.0,1.0,1.0,0.5,0.5,0.5,1.0,1.0,0.01166,0.17326,1.0,0.0,0.0,1.0,1.0,1.0,0.01166,0.17326,1.0,0.06667,0.0,1.0,0.0,1.0,0.0,1.0
1.0,0.5,1.0,0.5,0.46667,0.5,0.00828,0.46667,0.66667,0.0,0.0,0.66667,1.0,0.07111,0.03111,0.0,0.98819,1.0,0.97143,0.8,1.0,1.0,0.0,0.00033,0.0006,0.71429,1.0,1.0,1.0,0.0,0.5625,1.0,0.35714,0.0,1.0,1.0,0.5,0.5,0.5,1.0,1.0,0.01166,0.17326,1.0,0.0,0.0,1.0,1.0,1.0,0.01166,0.17326,1.0,0.06667,0.0,1.0,0.0,1.0,0.0,1.0
0.5,0.5,0.5,0.5,0.5,0.5,0.00026,0.4,0.9,0.0,0.0,0.66667,0.0,0.08,0.02667,0.0,0.9962,1.0,1.0,0.79048,1.0,0.5,0.0,0.94137,1.0,0.07143,0.00307,0.00127,0.2,0.0,0.71368,0.85714,0.5,0.0,1.0,1.0,0.5,0.5,0.5,1.0,1.0,0.5,0.5,0.5,0.0,0.0,1.0,1.0,1.0,0.0,0.03061,1.0,0.06667,0.0,1.0,0.0,1.0,0.0,0.5
0.5,0.5,0.5,0.5,0.5,0.5,0.0,0.13333,0.66667,0.0,0.0,0.66667,0.0,0.01333,0.04,0.0,0.99732,1.0,1.0,0.6,1.0,0.5,0.0,0.81185,1.0,0.07143,0.0,0.0,0.25,0.0,0.75011,0.85714,0.5,0.0,1.0,1.0,0.5,0.5,0.5,1.0,1.0,0.5,0.5,0.5,0.5008,0.0,1.0,1.0,1.0,0.0,0.19523,1.0,0.06667,0.0,1.0,0.0,1.0,0.0,0.5
0.0,0.5,1.0,0.5,0.06667,0.5,0.0,0.06667,0.7,0.0,0.0,0.66667,1.0,0.01333,0.06222,0.0,0.98051,1.0,1.0,0.60952,1.0,1.0,1.0,0.83168,1.0,0.07143,0.0,0.0,0.0,0.0,0.65937,1.0,0.85714,0.0,1.0,1.0,0.5,0.5,0.5,1.0,1.0,0.5,0.5,0.5,0.0,0.0,1.0,1.0,1.0,0.0,0.19523,1.0,0.06667,0.0,1.0,0.0,1.0,0.0,1.0
1.0,0.5,1.0,0.5,0.13333,0.5,0.0,0.13333,0.73333,0.0,0.0,0.66667,1.0,0.01333,0.05778,0.0,0.98065,1.0,1.0,0.60952,1.0,1.0,1.0,0.84648,1.0,0.07143,0.0,0.0,0.0,0.0,0.66228,1.0,1.0,0.0,1.0,1.0,0.5,0.5,0.5,1.0,1.0,0.5,0.5,0.5,0.0,0.0,1.0,1.0,1.0,0.0,0.19523,1.0,0.06667,0.0,1.0,0.0,1.0,0.0,1.0
1.0,0.5,1.0,0.5,0.06667,0.5,0.0,0.06667,0.76667,0.0,0.0,0.66667,1.0,0.01333,0.05778,0.0,0.9795,1.0,1.0,0.60952,1.0,1.0,1.0,0.85246,1.0,0.07143,0.0,0.0,0.0,0.0,0.66418,1.0,1.0,0.0,1.0,1.0,0.5,0.5,0.5,1.0,1.0,0.5,0.5,0.5,0.0,0.0,1.0,1.0,1.0,0.0,0.19523,1.0,0.06667,0.0,1.0,0.0,1.0,0.0,1.0
0.0,0.5,1.0,0.5,0.2,0.5,0.0,0.2,0.8,0.0,0.0,0.66667,1.0,0.01333,0.05778,0.0,0.98123,0.93333,1.0,0.6,1.0,0.93333,1.0,0.85421,1.0,0.07143,0.0,0.0,0.25,0.0,0.75291,1.0,0.85714,0.0,1.0,1.0,0.5,0.5,0.5,1.0,1.0,0.5,0.5,0.5,0.0,0.0,1.0,1.0,1.0,0.0,0.19523,1.0,0.06667,0.0,1.0,0.0,1.0,0.0,1.0
0.0,0.0,0.0,1.0,0.13333,0.2,0.0,0.26667,0.9,0.0,0.0,0.66667,0.0,0.00889,0.06222,0.0,0.99111,0.84762,1.0,0.6,1.0,1.0,0.0,0.0001,0.00018,0.28571,1.0,1.0,1.0,0.0,1.0,0.64286,0.64286,0.0,1.0,1.0,0.5,0.5,0.5,1.0,1.0,0.5,0.5,0.5,0.0,0.0,1.0,1.0,1.0,0.0,0.19523,1.0,0.06667,0.0,1.0,0.0,1.0,0.0,1.0
0.5,0.5,0.5,0.5,0.5,0.5,0.06566,0.53333,0.43333,0.0,0.0,0.66667,0.0,0.12889,0.06667,0.0,0.99706,0.97143,0.94286,0.8,0.9619,0.5,0.0,0.68266,1.0,0.35714,0.67833,0.55053,0.0,0.0,0.94047,0.78571,0.5,0.8,0.93333,0.99014,1.0,0.5,1.0,1.0,1.0,0.5,0.5,0.5,1.0,0.00149,0.76667,1.0,1.0,1.0,1.0,0.43333,0.13333,0.5,1.0,1.0,1.0,0.5,0.5
0.0,0.5,0.0,0.5,0.53333,0.5,0.05571,0.53333,0.46667,0.0,0.0,0.66667,1.0,0.08444,0.06667,0.97215,0.0,0.91429,0.93333,0.85714,1.0,0.91429,1.0,0.92686,1.0,0.35714,0.44457,0.31709,0.0,0.0,0.93427,1.0,0.78571,0.8,1.0,1.0,0.5,0.5,0.5,1.0,1.0,1.0,0.25874,0.5,0.17172,0.01143,0.86667,1.0,1.0,1.0,0.25874,0.33333,0.13333,0.33333,1.0,1.0,1.0,0.0,1.0
0.0,0.0,0.0,0.0,0.53333,0.53333,0.03983,0.53333,0.56667,0.0,0.0,0.66667,0.0,0.04444,0.06667,0.93768,0.0,1.0,1.0,0.86667,1.0,1.0,1.0,0.85995,1.0,0.28571,0.43741,0.22358,0.25,0.0,0.874,1.0,0.78571,0.8,1.0,1.0,0.5,0.5,0.5,1.0,1.0,1.0,0.13519,0.79517,0.15032,0.00442,0.93333,1.0,1.0,1.0,0.13519,0.93333,0.13333,0.25,1.0,0.0,1.0,0.5,1.0
0.5,0.5,0.5,0.5,0.5,0.5,0.02377,0.06667,0.36667,0.0,0.0,0.66667,0.0,0.67556,0.0,0.997,0.0,1.0,1.0,1.0,1.0,0.5,1.0,0.53702,0.97641,0.07143,0.76887,0.62452,0.0,0.0,1.0,1.0,0.5,0.8,1.0,1.0,0.5,0.5,0.5,1.0,1.0,0.5,0.5,0.5,0.0,0.0,1.0,1.0,1.0,0.5,0.5,0.2,0.13333,1.0,1.0,1.0,1.0,0.0,0.5
0.5,0.5,0.5,0.5,0.5,0.5,0.0112,0.06667,0.26667,0.0,0.0,0.66667,0.0,0.36444,0.0,0.9152,0.0,0.91429,1.0,1.0,1.0,0.5,0.0,0.84473,1.0,0.35714,0.17556,0.09913,0.0,0.0,0.94007,0.0,0.5,0.8,1.0,1.0,0.5,0.5,0.5,1.0,1.0,0.5,0.5,0.5,0.0,0.12643,1.0,1.0,1.0,0.5,0.5,0.2,0.13333,0.2,1.0,1.0,1.0,0.0,0.5
1.0,0.5,0.0,0.5,0.06667,0.5,0.01102,0.06667,0.3,0.0,0.0,0.66667,1.0,0.35111,0.0,0.93079,0.0,0.95238,1.0,1.0,1.0,0.95238,0.0,0.79644,1.0,0.07143,0.18467,0.09923,0.0,0.0,0.9263,1.0,0.92857,0.8,1.0,1.0,0.5,0.5,0.5,1.0,1.0,0.5,0.5,0.5,0.0,0.0,1.0,1.0,1.0,0.5,0.5,0.2,0.26667,0.5,0.33333,1.0,1.0,0.16667,1.0
1.0,0.5,0.0,0.5,0.06667,0.5,0.01042,0.06667,0.33333,0.0,0.0,0.66667,1.0,0.36,0.0,0.94174,0.0,1.0,1.0,1.0,1.0,1.0,0.0,0.79375,1.0,0.07143,0.17564,0.09901,0.0,0.0,0.92607,1.0,1.0,0.8,1.0,1.0,0.5,0.5,0.5,1.0,1.0,0.5,0.5,0.5,0.0,0.0,1.0,1.0,1.0,0.5,0.5,0.2,0.2,0.33333,1.0,1.0,1.0,0.5,1.0
1.0,0.5,0.0,0.5,0.06667,0.5,0.0102,0.06667,0.36667,0.0,0.0,0.66667,1.0,0.35556,0.0,0.95669,0.0,1.0,1.0,1.0,1.0,1.0,0.0,0.79216,1.0,0.07143,0.17236,0.09245,0.0,0.0,0.93307,1.0,1.0,0.8,1.0,1.0,0.5,0.5,0.5,1.0,1.0,0.5,0.5,0.5,0.0,0.0,1.0,1.0,1.0,0.5,0.5,0.2,0.2,0.33333,0.5,1.0,1.0,0.33333,1.0
1.0,0.5,1.0,0.5,0.06667,0.5,0.01067,0.06667,0.4,0.0,0.0,0.66667,1.0,0.35556,0.0,0.96799,0.0,1.0,1.0,1.0,1.0,1.0,0.0,0.79073,1.0,0.07143,0.18081,0.0957,0.0,0.0,0.93877,1.0,1.0,0.8,1.0,1.0,0.5,0.5,0.5,1.0,1.0,0.5,0.5,0.5,0.0,0.0,1.0,1.0,1.0,0.5,0.5,0.2,0.2,0.33333,1.0,1.0,1.0,0.33333,1.0
1.0,0.5,1.0,0.5,0.06667,0.5,0.01156,0.06667,0.43333,0.0,0.0,0.66667,1.0,0.35111,0.0,0.97679,0.0,1.0,1.0,1.0,1.0,1.0,0.0,0.78544,1.0,0.07143,0.19785,0.10869,0.0,0.0,0.94453,1.0,1.0,0.8,1.0,1.0,0.5,0.5,0.5,1.0,1.0,0.5,0.5,0.5,0.0,0.0,1.0,1.0,1.0,0.5,0.5,0.2,0.2,0.33333,1.0,1.0,1.0,0.33333,1.0
1.0,0.5,0.0,0.5,0.06667,0.5,0.01103,0.06667,0.46667,0.0,0.0,0.66667,1.0,0.35556,0.0,0.98533,0.0,1.0,1.0,1.0,1.0,1.0,0.0,0.7816,1.0,0.07143,0.19018,0.10324,0.0,0.0,0.94788,1.0,1.0,0.8,1.0,1.0,0.5,0.5,0.5,1.0,1.0,0.5,0.5,0.5,0.0,0.0,1.0,1.0,1.0,0.5,0.5,0.2,0.2,0.33333,1.0,1.0,1.0,0.33333,1.0
1.0,1.0,1.0,1.0,0.06667,0.06667,0.0158,0.06667,0.53333,0.0,0.0,0.66667,0.0,0.36,0.0,0.99078,0.0,1.0,1.0,1.0,1.0,1.0,0.0,0.77797,1.0,0.07143,0.27424,0.14961,0.0,0.0,0.95315,1.0,1.0,0.8,1.0,1.0,0.5,0.5,0.5,1.0,1.0,0.5,0.5,0.5,0.0,0.0,1.0,1.0,1.0,0.5,0.5,0.2,0.26667,0.5,1.0,1.0,1.0,0.0,1.0
1.0,0.5,0.0,0.5,0.06667,0.5,0.01533,0.06667,0.56667,0.0,0.0,0.66667,1.0,0.37778,0.0,0.99344,0.0,1.0,1.0,1.0,1.0,1.0,1.0,0.77807,1.0,0.07143,0.26633,0.15331,0.0,0.0,0.95387,1.0,1.0,0.8,1.0,1.0,0.5,0.5,0.5,1.0,1.0,0.5,0.5,0.5,0.0,0.0,1.0,1.0,1.0,0.5,0.5,0.2,0.26667,0.5,1.0,1.0,1.0,0.5,1.0
0.0,1.0,0.0,1.0,0.06667,0.06667,0.01069,0.06667,0.83333,0.0,0.0,0.66667,0.0,0.36889,0.00444,0.74456,0.0,1.0,1.0,1.0,1.0,1.0,1.0,0.76692,1.0,0.07143,0.19031,0.11156,0.0,0.0,0.96215,0.92857,1.0,0.8,1.0,1.0,0.5,0.5,0.5,1.0,1.0,0.5,0.5,0.5,0.0,0.0,1.0,1.0,1.0,0.1351,1.0,0.2,0.26667,0.5,1.0,1.0,1.0,0.0,1.0
0.5,0.5,0.5,0.5,0.5,0.5,0.05858,0.4,0.36667,0.0,0.0,0.66667,0.0,0.06222,0.00889,0.98446,0.0,0.98095,0.99048,0.99048,1.0,0.5,0.0,0.61531,1.0,0.07143,0.69916,0.53747,0.0,0.0,1.0,0.92857,0.5,0.8,1.0,1.0,0.5,0.5,0.5,1.0,1.0,0.5,0.5,0.5,0.0,0.00757,1.0,1.0,1.0,1.0,0.16464,0.2,0.13333,1.0,1.0,1.0,1.0,0.0,0.5
0.0,0.5,0.0,0.5,0.4,0.5,0.04837,0.4,0.4,0.0,0.0,0.66667,1.0,0.06667,0.00889,0.0,0.98913,0.99048,1.0,0.99048,1.0,0.99048,1.0,0.62214,1.0,0.07143,0.62496,0.39996,0.0,0.0,0.44444,1.0,0.92857,0.8,1.0,1.0,0.5,0.5,0.5,1.0,1.0,0.5,0.5,0.5,0.0,0.0,1.0,1.0,1.0,1.0,0.16464,0.2,0.13333,0.5,0.0,1.0,1.0,0.5,1.0
0.0,0.0,0.0,0.0,0.4,0.4,0.03675,0.4,0.46667,0.0,0.0,0.66667,0.0,0.06222,0.00889,0.99539,0.0,1.0,1.0,0.99048,1.0,1.0,0.0,0.01057,0.01921,0.14286,1.0,1.0,1.0,0.0,1.0,0.85714,0.78571,0.8,1.0,1.0,0.5,0.5,0.5,1.0,1.0,0.5,0.5,0.5,0.0,0.0,1.0,1.0,1.0,1.0,0.16464,0.66667,0.13333,1.0,1.0,1.0,1.0,0.0,1.0
0.5,0.5,0.5,0.5,0.5,0.5,0.01003,0.26667,0.13333,0.0,0.0,0.66667,0.0,0.15556,0.01778,0.0,0.92859,0.82857,0.8,0.86667,1.0,0.5,1.0,0.94821,1.0,0.28571,0.15336,0.10667,0.125,0.0,0.81705,1.0,0.5,0.0,1.0,1.0,0.5,0.5,0.5,1.0,1.0,0.5,0.5,0.5,0.0,0.0,1.0,1.0,1.0,1.0,0.06733,1.0,0.06667,0.0,1.0,0.0,1.0,0.0,0.5
1.0,1.0,1.0,1.0,0.26667,0.26667,0.0,0.1,0.33333,0.0,0.0,0.66667,0.0,0.25778,0.02222,0.96567,0.0,0.71429,1.0,0.6,0.62857,0.59048,1.0,0.65399,1.0,0.07143,0.0,0.0,0.2,0.0,0.75919,0.71429,0.64286,1.0,1.0,1.0,0.5,0.5,0.5,1.0,1.0,0.5,0.5,0.5,0.0,0.0,1.0,1.0,1.0,1.0,0.03277,0.0,0.13333,0.4,1.0,1.0,1.0,0.0,1.0
1.0,1.0,1.0,1.0,0.13333,0.06667,0.0,0.06667,0.43333,0.0,0.0,0.66667,0.0,0.13333,0.02222,0.92213,0.0,0.80952,0.8381,0.82857,0.85714,0.6,0.0,0.66657,1.0,0.07143,0.0,0.0,0.0,0.0,0.86349,0.71429,0.64286,1.0,1.0,1.0,0.5,0.5,0.5,1.0,1.0,0.5,0.5,0.5,0.0,0.0,1.0,1.0,1.0,1.0,0.03277,0.0,0.06667,0.25,1.0,1.0,1.0,0.0,1.0
0.0,0.0,0.0,0.0,0.06667,0.06667,0.0,0.06667,0.0,0.83333,0.0,0.66667,0.0,0.04889,0.02222,0.99416,0.0,1.0,1.0,0.85714,1.0,0.97143,0.0,0.66638,1.0,0.07143,0.0,0.0,0.0,0.0,0.85456,1.0,1.0,0.0,1.0,1.0,0.5,0.5,0.5,1.0,1.0,0.5,0.5,0.5,0.0,0.0,1.0,1.0,1.0,1.0,0.03277,1.0,0.06667,0.0,1.0,0.0,1.0,0.0,1.0
1.0,1.0,1.0,1.0,0.06667,0.06667,0.0,0.06667,0.0,0.78947,0.0,0.66667,0.0,0.05778,0.02222,0.0,0.99842,0.99048,0.98095,0.85714,0.99048,1.0,0.0,0.66372,1.0,0.07143,0.0,0.0,0.0,0.0,0.85467,1.0,1.0,0.0,1.0,1.0,0.5,0.5,0.5,1.0,1.0,0.5,0.5,0.5,0.0,0.0,1.0,1.0,1.0,1.0,0.03277,1.0,0.06667,0.0,1.0,0.0,1.0,0.0,1.0
0.0,0.0,0.0,0.0,0.06667,0.06667,0.0,0.06667,0.0,0.75,0.0,0.66667,0.0,0.05333,0.02222,0.99884,0.0,1.0,0.98095,0.85714,0.99048,1.0,0.0,0.66324,1.0,0.07143,0.0,0.0,0.0,0.0,0.85474,1.0,1.0,0.0,1.0,1.0,0.5,0.5,0.5,1.0,1.0,0.5,0.5,0.5,0.0,0.0,1.0,1.0,1.0,1.0,0.03277,1.0,0.06667,0.0,1.0,0.0,1.0,0.0,1.0
0.5,0.5,0.5,0.5,0.5,0.5,0.01922,0.26667,0.06667,0.0,0.0,0.66667,0.0,0.12,0.0,0.5,0.5,0.79048,0.6381,1.0,1.0,0.5,1.0,0.73755,1.0,0.07143,0.38304,0.18722,0.33333,0.0,0.56007,1.0,0.5,0.8,1.0,1.0,0.5,0.5,0.5,1.0,1.0,0.5,0.5,0.5,0.5,0.5,1.0,1.0,1.0,0.5,0.5,0.53333,0.2,0.33333,0.5,1.0,1.0,0.33333,0.5
1.0,0.5,1.0,0.5,0.33333,0.5,0.02421,0.33333,0.1,0.0,0.0,0.66667,1.0,0.14667,0.00444,0.70817,0.0,0.86667,0.71429,1.0,1.0,0.86667,1.0,0.77685,1.0,0.07143,0.38797,0.15555,0.2,0.0,0.83964,1.0,0.78571,0.0,1.0,1.0,0.5,0.5,0.5,1.0,1.0,0.5,0.5,0.5,0.0,0.0,1.0,1.0,1.0,0.5,0.5,1.0,0.06667,0.0,1.0,1.0,1.0,0.4,0.5
1.0,1.0,1.0,0.0,0.4,0.26667,0.02634,0.4,0.46667,0.0,0.0,0.66667,0.0,0.08889,0.03111,0.95737,0.0,0.84762,0.81905,0.80952,0.86667,0.70476,1.0,0.93451,1.0,0.14286,0.22036,0.11702,0.0,0.0,0.93821,0.92857,0.64286,0.8,1.0,1.0,0.5,0.5,0.5,1.0,1.0,0.5,0.5,0.5,0.0,0.0,1.0,1.0,1.0,0.5,0.5,0.2,0.26667,0.75,0.33333,0.33333,1.0,0.0,1.0
0.5,0.5,0.5,0.5,0.5,0.5,0.18194,0.3,0.06667,0.0,0.5,0.0,0.0,0.48,0.0,0.5,0.5,0.9,0.7,1.0,1.0,0.5,1.0,0.77484,1.0,0.25,1.0,1.0,1.0,0.0,0.5,0.75,0.5,0.8,1.0,1.0,0.5,0.5,0.5,1.0,1.0,0.5,0.5,0.5,0.5,0.5,1.0,1.0,1.0,0.5,0.5,0.4,0.4,1.0,0.0,1.0,1.0,1.0,0.5
0.5,0.5,0.5,0.5,0.5,0.5,0.17859,0.6,0.46667,0.0,0.5,0.0,0.0,0.4,0.12,0.99723,0.0,1.0,1.0,1.0,0.6,0.5,0.0,0.66286,1.0,0.25,1.0,1.0,1.0,0.0,1.0,0.75,0.5,0.5,1.0,1.0,0.5,0.5,0.5,1.0,1.0,0.5,0.5,0.5,0.0,0.0,1.0,1.0,1.0,0.0,0.0,0.7,0.4,1.0,1.0,1.0,1.0,0.0,0.5
0.0,0.0,0.0,0.0,0.6,0.2,0.02811,0.2,0.66667,0.0,0.5,0.0,0.0,0.32,0.08,0.97142,0.0,1.0,1.0,1.0,0.6,1.0,0.0,0.00261,0.00475,0.0,1.0,1.0,1.0,0.0,1.0,0.75,0.75,0.7,1.0,1.0,0.5,0.5,0.5,1.0,1.0,0.5,0.5,0.5,0.0,0.0,1.0,1.0,1.0,0.0,0.0,1.0,0.2,1.0,1.0,0.0,1.0,1.0,0.5
0.5,0.5,0.5,0.5,0.5,0.5,0.24636,1.0,0.06667,0.0,0.5,0.0,0.0,0.68,0.0,0.5,0.5,0.0,1.0,1.0,1.0,0.5,1.0,0.93672,1.0,0.5,1.0,1.0,1.0,0.0,1.0,0.5,0.5,0.8,1.0,1.0,0.5,0.5,0.5,1.0,1.0,0.5,0.5,0.5,0.5,0.5,1.0,1.0,1.0,0.5,0.5,0.2,0.6,1.0,1.0,1.0,1.0,1.0,0.5
0.0,1.0,0.0,1.0,1.0,1.0,0.2558,1.0,0.26667,0.0,0.5,0.0,0.0,0.48,0.04,0.84276,0.0,1.0,1.0,1.0,1.0,0.4,1.0,0.80059,1.0,0.0,1.0,1.0,1.0,0.0,1.0,1.0,1.0,0.8,1.0,1.0,0.5,0.5,0.5,1.0,1.0,0.5,0.5,0.5,0.20777,0.00275,0.8,1.0,1.0,0.5,0.5,0.4,0.6,1.0,1.0,1.0,1.0,1.0,1.0
0.5,0.5,0.5,0.5,0.5,0.5,0.22919,1.0,0.06667,0.0,0.5,0.0,0.0,0.64,0.0,0.5,0.5,0.6,1.0,1.0,1.0,0.5,1.0,0.91541,1.0,0.25,1.0,1.0,1.0,0.0,1.0,1.0,0.5,0.8,1.0,1.0,0.5,0.5,0.5,1.0,1.0,0.5,0.5,0.5,0.5,0.5,1.0,1.0,1.0,0.5,0.5,0.2,0.6,1.0,1.0,1.0,1.0,1.0,0.5
1.0,0.5,0.0,0.5,1.0,0.5,0.22624,1.0,0.1,0.0,0.5,0.0,1.0,0.64,0.0,0.90675,0.0,1.0,1.0,1.0,1.0,1.0,1.0,0.92293,1.0,0.25,1.0,1.0,1.0,0.0,1.0,1.0,1.0,0.8,1.0,1.0,0.5,0.5,0.5,1.0,1.0,0.5,0.5,0.5,0.0,0.0,1.0,1.0,1.0,0.5,0.5,0.3,0.6,1.0,1.0,1.0,1.0,1.0,1.0
1.0,0.5,1.0,0.5,1.0,0.5,0.22759,1.0,0.13333,0.0,0.5,0.0,1.0,0.64,0.0,0.9274,0.0,1.0,1.0,1.0,1.0,1.0,1.0,0.92982,1.0,0.25,1.0,1.0,1.0,0.0,1.0,1.0,1.0,0.8,1.0,1.0,0.5,0.5,0.5,1.0,1.0,0.5,0.5,0.5,0.0,0.0,1.0,1.0,1.0,0.5,0.5,0.3,0.6,1.0,1.0,1.0,1.0,1.0,1.0
1.0,1.0,1.0,1.0,1.0,1.0,0.24061,1.0,0.2,0.0,0.5,0.0,0.0,0.56,0.0,0.95794,0.0,1.0,1.0,1.0,1.0,1.0,1.0,0.9345,1.0,0.25,1.0,1.0,1.0,0.0,1.0,1.0,1.0,0.8,1.0,1.0,0.5,0.5,0.5,1.0,1.0,0.5,0.5,0.5,0.0,0.0,1.0,1.0,1.0,0.5,0.5,0.4,0.6,1.0,1.0,1.0,1.0,1.0,1.0
1.0,1.0,0.0,1.0,1.0,1.0,0.24301,1.0,0.26667,0.0,0.5,0.0,0.0,0.52,0.0,0.96983,0.0,1.0,1.0,1.0,1.0,1.0,1.0,0.9491,1.0,0.25,1.0,1.0,1.0,0.0,1.0,1.0,1.0,0.8,1.0,1.0,0.5,0.5,0.5,1.0,1.0,0.5,0.5,0.5,0.0,0.0,1.0,1.0,1.0,0.5,0.5,0.4,0.6,1.0,1.0,1.0,1.0,1.0,1.0
1.0,1.0,0.0,1.0,0.8,0.8,0.24318,0.8,0.33333,0.0,0.5,0.0,0.0,0.52,0.0,0.98086,0.0,1.0,1.0,1.0,1.0,1.0,1.0,0.96053,1.0,0.25,1.0,1.0,1.0,0.0,1.0,1.0,1.0,0.8,1.0,1.0,0.5,0.5,0.5,1.0,1.0,0.5,0.5,0.5,0.0,0.0,1.0,1.0,1.0,0.5,0.5,0.4,0.6,1.0,1.0,1.0,1.0,1.0,1.0
1.0,1.0,0.0,1.0,0.8,0.8,0.21093,0.8,0.5,0.0,0.5,0.0,0.0,0.52,0.0,0.0,0.99435,1.0,1.0,1.0,1.0,1.0,1.0,0.99442,1.0,0.25,1.0,1.0,1.0,0.0,0.98746,1.0,1.0,0.8,1.0,1.0,0.5,0.5,0.5,1.0,1.0,0.5,0.5,0.5,0.0,0.0,1.0,1.0,1.0,0.5,0.5,0.4,0.6,1.0,0.5,1.0,1.0,1.0,1.0
0.5,0.5,0.5,0.5,0.5,0.5,0.13251,0.2,0.46667,0.0,0.5,0.0,0.0,0.52,0.0,0.99259,0.0,0.8,1.0,1.0,1.0,0.5,0.0,0.87227,1.0,0.25,0.62816,0.52959,0.0,0.0,0.92506,1.0,0.5,0.8,1.0,1.0,0.5,0.5,0.5,1.0,1.0,0.5,0.5,0.5,0.0,0.0,1.0,1.0,1.0,0.5,0.5,1.0,0.2,0.0,1.0,1.0,1.0,0.0,0.5
0.0,1.0,0.0,1.0,0.2,0.2,0.15142,0.2,0.53333,0.0,0.5,0.0,0.0,0.52,0.0,0.96762,0.0,0.8,1.0,1.0,1.0,0.8,1.0,0.94835,1.0,0.75,0.87929,0.771,0.0,0.0,0.99522,0.0,0.0,0.8,1.0,1.0,0.5,0.5,0.5,1.0,1.0,0.5,0.5,0.5,0.0,0.0,1.0,1.0,1.0,0.5,0.5,0.2,0.6,1.0,1.0,1.0,1.0,0.0,0.75
0.5,0.5,0.5,0.5,0.5,0.5,0.14602,0.2,0.13333,0.0,0.5,0.0,0.0,0.48,0.0,0.89383,0.0,0.9,1.0,1.0,1.0,0.5,1.0,0.97555,1.0,0.75,0.81967,0.69843,0.0,0.0,0.86872,0.5,0.5,0.8,1.0,1.0,0.5,0.5,0.5,1.0,1.0,0.5,0.5,0.5,0.0,0.0,1.0,1.0,1.0,0.5,0.5,0.3,0.4,0.5,1.0,1.0,1.0,0.0,0.5
0.5,0.5,0.5,0.5,0.5,0.5,0.24504,1.0,0.06667,0.0,0.5,0.0,0.0,0.68,0.0,0.5,0.5,0.0,1.0,1.0,1.0,0.5,1.0,0.92813,1.0,0.5,1.0,1.0,1.0,0.0,1.0,1.0,0.5,0.8,1.0,1.0,0.5,0.5,0.5,1.0,1.0,0.5,0.5,0.5,0.5,0.5,1.0,1.0,1.0,0.5,0.5,0.2,0.6,1.0,1.0,1.0,1.0,0.5,0.5
0.0,1.0,0.0,0.0,1.0,1.0,0.19018,0.4,0.96667,0.0,0.5,0.0,0.0,0.48,0.0,0.99855,0.0,1.0,1.0,1.0,1.0,0.4,1.0,0.95738,1.0,0.0,1.0,0.96668,0.5,0.0,1.0,1.0,1.0,0.8,1.0,1.0,0.5,0.5,0.5,1.0,1.0,0.5,0.5,0.5,0.12331,0.18691,0.6,1.0,1.0,0.5,0.5,0.6,0.6,1.0,1.0,1.0,1.0,1.0,1.0
0.5,0.5,0.5,0.5,0.5,0.5,0.2,0.6,0.03333,0.0,0.5,0.0,0.0,0.2,0.0,0.5,0.5,0.5,0.5,0.5,0.5,0.5,0.5,0.0,0.0,0.5,1.0,1.0,1.0,0.0,0.0,0.5,0.5,0.8,1.0,1.0,0.5,0.5,0.5,1.0,1.0,0.5,0.5,0.5,0.5,0.5,1.0,0.5,0.5,0.5,0.5,0.2,0.6,1.0,1.0,1.0,1.0,0.5,0.5
0.0,1.0,0.0,0.0,0.5,0.8,0.14243,0.4,0.93333,0.0,0.5,0.0,0.0,0.56,0.0,0.98272,0.0,0.7,1.0,1.0,1.0,0.7,0.0,0.59902,1.0,0.25,1.0,1.0,1.0,0.0,0.5,0.0,0.75,0.8,1.0,1.0,0.5,0.5,0.5,1.0,1.0,0.5,0.5,0.5,0.0,0.0,1.0,1.0,1.0,0.5,0.5,1.0,0.2,0.0,1.0,1.0,1.0,0.0,1.0
0.5,0.5,0.5,0.5,0.5,0.5,0.2,0.6,0.03333,0.0,0.5,0.0,0.0,0.2,0.0,0.5,0.5,0.5,0.5,0.5,0.5,0.5,0.5,0.0,0.0,0.5,1.0,1.0,1.0,0.0,0.0,0.5,0.5,0.8,1.0,1.0,0.5,0.5,0.5,1.0,1.0,0.5,0.5,0.5,0.5,0.5,1.0,0.5,0.5,0.5,0.5,0.3,0.6,1.0,1.0,1.0,1.0,0.5,0.5
0.0,1.0,0.0,1.0,0.2,0.8,0.13595,0.2,0.53333,0.0,0.5,0.0,0.0,0.44,0.0,0.95456,0.0,1.0,1.0,1.0,1.0,0.8,0.0,0.97954,1.0,0.25,0.76001,0.56824,0.0,0.0,0.94646,0.75,0.5,0.8,1.0,1.0,0.5,0.5,0.5,1.0,1.0,0.5,0.5,0.5,0.0,0.0,1.0,1.0,1.0,0.5,0.5,0.3,0.4,0.5,1.0,1.0,1.0,0.0,0.75
0.5,0.5,0.5,0.5,0.5,0.5,0.19493,0.6,0.06667,0.0,0.5,0.0,0.0,0.6,0.0,0.5,0.5,0.6,0.4,1.0,1.0,0.5,1.0,0.83875,1.0,0.0,0.98069,0.87555,0.5,0.0,0.91667,1.0,0.5,0.8,1.0,1.0,0.5,0.5,0.5,1.0,1.0,0.5,0.5,0.5,0.5,0.5,1.0,1.0,1.0,0.5,0.5,0.2,0.6,1.0,1.0,1.0,1.0,1.0,0.5
1.0,1.0,0.0,1.0,0.6,1.0,0.2138,0.4,0.33333,0.0,0.5,0.0,0.0,0.68,0.0,0.91882,0.0,1.0,1.0,1.0,1.0,1.0,0.0,0.62072,1.0,0.25,0.98681,0.97396,0.0,0.0,1.0,0.75,0.75,0.8,1.0,1.0,0.5,0.5,0.5,1.0,1.0,0.5,0.5,0.5,0.0,0.0,1.0,1.0,1.0,0.5,0.5,0.4,0.4,1.0,1.0,1.0,1.0,1.0,1.0
1.0,1.0,1.0,1.0,0.6,0.4,0.29763,1.0,0.76667,0.0,0.5,0.0,0.0,0.4,0.0,0.0,0.98238,1.0,1.0,1.0,1.0,0.9,0.0,0.97717,1.0,0.25,1.0,1.0,1.0,1.0,1.0,1.0,1.0,0.8,1.0,1.0,0.5,0.5,0.5,1.0,1.0,0.5,0.5,0.5,0.0,0.0,1.0,1.0,1.0,0.5,0.5,0.5,0.4,1.0,1.0,1.0,1.0,0.0,0.75
1.0,1.0,0.0,1.0,1.0,1.0,0.28453,0.8,0.9,0.0,0.5,0.0,0.0,0.4,0.0,0.0,0.98688,1.0,1.0,1.0,1.0,1.0,0.0,0.95591,1.0,0.25,0.97613,0.95337,0.0,1.0,1.0,1.0,1.0,0.8,1.0,1.0,0.5,0.5,0.5,1.0,1.0,0.5,0.5,0.5,0.0,0.0,1.0,1.0,1.0,0.5,0.5,0.4,0.4,1.0,1.0,1.0,1.0,1.0,0.25
1.0,0.5,1.0,0.5,1.0,0.5,0.30968,1.0,0.93333,0.0,0.5,0.0,1.0,0.36,0.0,0.0,0.98096,1.0,1.0,1.0,1.0,1.0,0.0,0.91292,1.0,0.25,1.0,1.0,1.0,1.0,1.0,1.0,1.0,0.8,1.0,1.0,0.5,0.5,0.5,1.0,1.0,0.5,0.5,0.5,0.0,0.0,1.0,1.0,1.0,0.5,0.5,0.4,0.4,1.0,1.0,1.0,1.0,1.0,0.25
0.5,0.5,0.5,0.5,0.5,0.5,0.2,0.6,0.03333,0.0,0.5,0.0,0.0,0.2,0.0,0.5,0.5,0.5,0.5,0.5,0.5,0.5,0.5,0.0,0.0,0.5,1.0,1.0,1.0,0.0,0.0,0.5,0.5,0.8,1.0,1.0,0.5,0.5,0.5,1.0,1.0,0.5,0.5,0.5,0.5,0.5,1.0,0.5,0.5,0.5,0.5,0.2,0.6,1.0,1.0,1.0,1.0,0.5,0.5
0.5,0.5,0.5,0.5,0.5,0.5,0.08916,0.2,0.26667,0.0,0.5,0.0,0.0,0.84,0.12,0.0,0.99659,0.4,1.0,0.4,1.0,0.5,0.0,0.02628,0.04778,0.0,1.0,1.0,1.0,0.0,1.0,1.0,0.5,0.6,1.0,1.0,0.5,0.5,0.5,1.0,1.0,0.5,0.5,0.5,0.0,0.0,1.0,1.0,1.0,0.31868,0.79834,1.0,0.2,1.0,1.0,0.0,1.0,0.0,0.5
0.0,0.5,0.0,0.5,0.2,0.5,0.08555,0.2,0.3,0.0,0.5,0.0,1.0,0.8,0.12,0.98158,0.0,1.0,1.0,1.0,1.0,1.0,0.0,0.0242,0.04399,0.0,1.0,1.0,1.0,0.0,1.0,1.0,1.0,0.3,0.8,0.71684,1.0,1.0,0.43135,1.0,1.0,0.5,0.5,0.5,0.0,0.0,1.0,1.0,1.0,0.31868,0.79834,1.0,0.2,1.0,1.0,0.0,1.0,1.0,0.25
1.0,0.5,0.0,0.5,0.2,0.5,0.08161,0.2,0.33333,0.0,0.5,0.0,1.0,0.8,0.12,0.97116,0.0,1.0,1.0,1.0,1.0,1.0,0.0,0.02202,0.04003,0.0,1.0,1.0,1.0,0.0,1.0,1.0,1.0,0.6,1.0,1.0,0.5,1.0,0.5,1.0,1.0,0.5,0.5,0.5,0.04883,0.0,0.4,1.0,1.0,0.31868,0.79834,1.0,0.2,1.0,1.0,0.0,1.0,1.0,0.25
0.0,0.0,0.0,0.0,0.2,0.2,0.04982,0.2,0.4,0.0,0.5,0.0,0.0,0.64,0.16,0.98229,0.0,1.0,1.0,1.0,1.0,1.0,0.0,0.0082,0.01492,0.0,1.0,1.0,1.0,0.0,1.0,0.75,1.0,0.0,0.8,0.70589,0.62911,1.0,0.12582,1.0,1.0,0.0,0.228,0.64469,0.0,0.0,1.0,1.0,1.0,0.0,0.228,1.0,0.2,1.0,1.0,0.0,1.0,1.0,1.0
0.0,0.0,0.0,0.0,0.2,0.2,0.00677,0.2,0.83333,0.0,0.5,0.0,0.0,0.32,0.08,0.98359,0.0,1.0,1.0,1.0,1.0,0.7,0.0,0.00015,0.00028,0.0,1.0,1.0,1.0,0.0,1.0,0.75,1.0,0.0,0.8,0.67891,0.41511,1.0,0.08302,1.0,1.0,0.0,0.228,0.64469,0.0,0.0,1.0,1.0,1.0,0.06403,1.0,1.0,0.2,1.0,1.0,0.0,1.0,1.0,1.0
0.0,0.0,0.0,0.0,0.2,0.2,0.002,0.2,0.9,0.0,0.5,0.0,0.0,0.28,0.08,0.0,0.99556,1.0,1.0,1.0,1.0,1.0,0.0,0.0001,0.00018,0.0,1.0,1.0,1.0,0.0,1.0,0.75,1.0,0.0,1.0,1.0,0.5,1.0,0.5,1.0,1.0,0.0,0.228,0.64469,0.0,0.0,1.0,1.0,1.0,0.06403,1.0,1.0,0.2,1.0,1.0,0.0,1.0,1.0,1.0
0.0,0.0,0.0,0.0,0.2,0.2,0.00083,0.2,0.0,0.96774,0.5,0.0,0.0,0.28,0.08,0.0,0.99123,1.0,1.0,1.0,1.0,1.0,0.0,0.0001,0.00018,0.0,1.0,1.0,1.0,0.0,1.0,0.75,1.0,0.3,1.0,1.0,0.5,1.0,0.5,1.0,1.0,0.0,0.228,0.64469,0.0,0.0,1.0,1.0,1.0,0.06403,1.0,1.0,0.2,1.0,1.0,0.0,1.0,1.0,1.0
0.0,0.5,0.0,0.5,0.2,0.5,0.00075,0.2,0.0,0.9375,0.5,0.0,1.0,0.28,0.08,0.0,0.9922,1.0,1.0,1.0,1.0,1.0,0.0,0.0001,0.00018,0.0,1.0,1.0,1.0,0.0,1.0,1.0,1.0,0.4,1.0,1.0,0.5,1.0,0.5,1.0,1.0,0.0,0.228,0.64469,0.00145,0.0,0.6,1.0,1.0,0.06403,1.0,1.0,0.2,1.0,1.0,0.0,1.0,1.0,0.5
1.0,0.5,0.0,0.5,0.2,0.5,0.00072,0.2,0.0,0.90909,0.5,0.0,1.0,0.28,0.08,0.0,0.99303,1.0,1.0,1.0,1.0,1.0,0.0,0.0001,0.00018,0.0,1.0,1.0,1.0,0.0,1.0,1.0,1.0,0.4,1.0,1.0,0.5,1.0,0.5,1.0,1.0,0.00148,0.484,0.64469,0.0,0.0,1.0,1.0,1.0,0.00148,0.484,1.0,0.2,1.0,1.0,0.0,1.0,1.0,1.0
0.0,0.5,0.0,0.5,0.2,0.5,0.00067,0.2,0.0,0.88235,0.5,0.0,1.0,0.28,0.08,0.0,0.99371,1.0,1.0,1.0,1.0,1.0,0.0,0.0001,0.00018,0.0,1.0,1.0,1.0,0.0,1.0,1.0,1.0,0.5,1.0,1.0,0.5,1.0,0.5,1.0,1.0,0.00148,0.484,0.99584,0.00249,0.0,0.5,1.0,1.0,0.00148,0.484,1.0,0.2,1.0,1.0,0.0,1.0,1.0,0.5
1.0,0.5,0.0,0.5,0.2,0.5,0.00065,0.2,0.0,0.85714,0.5,0.0,1.0,0.28,0.08,0.0,0.99434,1.0,1.0,1.0,1.0,1.0,0.0,0.0001,0.00018,0.0,1.0,1.0,1.0,0.0,1.0,1.0,1.0,0.6,1.0,1.0,0.5,1.0,0.5,1.0,1.0,0.00164,0.6375,0.99584,0.00016,0.0,0.4,1.0,1.0,0.00164,0.6375,1.0,0.2,1.0,1.0,0.0,1.0,1.0,1.0
1.0,0.5,1.0,0.5,0.2,0.5,0.00065,0.2,0.0,0.83333,0.5,0.0,1.0,0.28,0.08,0.0,0.99492,1.0,1.0,1.0,1.0,1.0,0.0,0.0001,0.00018,0.0,1.0,1.0,1.0,0.0,1.0,1.0,1.0,0.6,1.0,1.0,0.5,1.0,0.5,1.0,1.0,0.00191,0.804,0.99584,0.0,0.0,1.0,1.0,1.0,0.00191,0.804,1.0,0.2,1.0,1.0,0.0,1.0,1.0,1.0
0.0,0.5,0.0,0.5,0.2,0.5,0.00061,0.2,0.0,0.81081,0.5,0.0,1.0,0.28,0.08,0.0,0.99537,1.0,1.0,1.0,1.0,1.0,0.0,0.0001,0.00018,0.0,1.0,1.0,1.0,0.0,1.0,1.0,1.0,0.7,1.0,1.0,0.5,1.0,0.5,1.0,1.0,0.00191,0.804,1.0,0.0046,0.0,0.3,1.0,1.0,0.00191,0.804,1.0,0.2,1.0,1.0,0.0,1.0,1.0,0.5
1.0,1.0,0.0,0.0,0.2,0.2,0.00057,0.2,0.0,0.76923,0.5,0.0,0.0,0.28,0.08,0.0,0.99697,1.0,1.0,1.0,1.0,1.0,0.0,0.0001,0.00018,0.0,1.0,1.0,1.0,0.0,1.0,0.75,1.0,0.8,1.0,1.0,0.5,1.0,0.5,1.0,1.0,0.00208,0.9835,1.0,0.0,0.0,1.0,1.0,1.0,0.00208,0.9835,1.0,0.2,1.0,1.0,0.0,1.0,1.0,1.0
0.0,0.5,0.0,0.5,0.2,0.5,0.00052,0.2,0.0,0.75,0.5,0.0,1.0,0.28,0.08,0.0,0.99685,1.0,1.0,1.0,1.0,1.0,0.0,0.0001,0.00018,0.0,1.0,1.0,1.0,0.0,1.0,1.0,1.0,0.8,1.0,1.0,0.5,1.0,0.5,1.0,1.0,0.00208,0.9835,1.0,0.0,0.0,1.0,1.0,1.0,0.00208,0.9835,1.0,0.2,1.0,1.0,0.0,1.0,1.0,0.75
0.5,0.5,0.5,0.5,0.5,0.5,0.20872,0.6,0.06667,0.0,0.5,0.0,0.0,0.6,0.0,0.5,0.5,0.0,1.0,1.0,1.0,0.5,1.0,0.94378,1.0,0.5,1.0,0.95989,0.5,0.0,1.0,1.0,0.5,0.8,1.0,1.0,0.5,0.5,0.5,1.0,1.0,0.5,0.5,0.5,0.5,0.5,1.0,1.0,1.0,0.5,0.5,0.4,0.4,0.5,1.0,1.0,1.0,1.0,0.5
1.0,1.0,1.0,1.0,1.0,0.8,0.20938,0.8,0.16667,0.0,0.5,0.0,0.0,0.76,0.0,0.0,1.0,1.0,1.0,1.0,1.0,1.0,1.0,0.94118,1.0,0.5,1.0,0.98277,0.5,1.0,0.98026,1.0,1.0,0.8,1.0,1.0,0.5,0.5,0.5,1.0,1.0,0.5,0.5,0.5,0.13662,0.00589,0.6,1.0,1.0,0.5,0.5,0.6,0.6,1.0,1.0,1.0,1.0,1.0,1.0
1.0,0.5,1.0,0.5,1.0,0.5,0.22014,1.0,0.2,0.0,0.5,0.0,1.0,0.72,0.04,0.73029,0.0,0.4,1.0,0.4,1.0,0.4,0.0,0.7597,1.0,0.0,1.0,1.0,1.0,0.0,0.99467,1.0,1.0,0.8,1.0,1.0,0.5,0.5,0.5,1.0,1.0,0.6908,0.55333,0.5,0.0,0.01813,1.0,1.0,1.0,0.6908,0.55333,0.2,0.6,1.0,1.0,1.0,1.0,1.0,1.0
0.0,0.0,0.0,0.0,0.6,0.2,0.18272,0.2,0.26667,0.0,0.5,0.0,0.0,0.68,0.08,0.89212,0.0,1.0,1.0,1.0,1.0,1.0,1.0,0.79514,1.0,0.0,0.89925,0.84791,0.0,0.0,0.98961,1.0,1.0,0.7,0.8,0.80307,0.52348,0.66483,0.52348,1.0,1.0,0.6908,0.55333,1.0,0.12271,0.00935,0.5,1.0,1.0,0.6908,0.55333,0.8,0.6,1.0,1.0,1.0,1.0,1.0,1.0
1.0,1.0,1.0,1.0,0.8,0.4,0.17217,0.4,0.46667,0.0,0.5,0.0,0.0,0.68,0.12,0.97998,0.0,1.0,1.0,1.0,1.0,0.6,1.0,0.55195,1.0,0.0,0.8427,0.72816,0.0,0.0,1.0,1.0,0.75,0.8,1.0,1.0,0.5,0.66483,0.5,1.0,1.0,0.58225,0.57034,1.0,0.0,0.0,1.0,1.0,1.0,0.58225,0.57034,0.2,0.4,1.0,1.0,1.0,1.0,1.0,1.0
1.0,1.0,0.0,0.0,0.4,0.4,0.16036,0.4,0.53333,0.0,0.5,0.0,0.0,0.68,0.12,0.99488,0.0,1.0,1.0,1.0,1.0,1.0,0.0,0.57232,1.0,0.0,0.7708,0.62708,0.0,0.0,1.0,1.0,1.0,0.8,1.0,1.0,0.5,0.66483,0.5,1.0,1.0,0.58225,0.57034,1.0,0.0,0.0,1.0,1.0,1.0,0.58225,0.57034,0.2,0.4,1.0,1.0,1.0,1.0,1.0,1.0
0.0,0.5,0.0,0.5,0.4,0.5,0.15167,0.4,0.56667,0.0,0.5,0.0,1.0,0.64,0.12,0.98556,0.0,1.0,1.0,1.0,1.0,1.0,0.0,0.54845,0.99718,0.0,0.74475,0.59331,0.0,0.0,1.0,1.0,1.0,0.8,1.0,1.0,0.5,0.66483,0.5,1.0,1.0,0.58225,0.57034,1.0,0.0,0.0,1.0,1.0,1.0,0.58225,0.57034,0.2,0.4,1.0,1.0,1.0,1.0,1.0,1.0
1.0,0.5,0.0,0.5,0.4,0.5,0.15071,0.4,0.6,0.0,0.5,0.0,1.0,0.68,0.12,0.97503,0.0,1.0,1.0,1.0,1.0,1.0,0.0,0.54652,0.99368,0.0,0.74133,0.58898,0.0,0.0,1.0,1.0,1.0,0.8,1.0,1.0,0.5,0.66483,0.5,1.0,1.0,0.58225,0.57034,1.0,0.0,0.0,1.0,1.0,1.0,0.58225,0.57034,0.2,0.4,1.0,1.0,1.0,1.0,1.0,1.0
1.0,1.0,1.0,1.0,0.4,0.4,0.15293,0.4,0.76667,0.0,0.5,0.0,0.0,0.52,0.12,0.99109,0.0,1.0,1.0,1.0,1.0,1.0,0.0,0.53126,0.96593,0.0,0.76298,0.61679,0.0,0.0,1.0,1.0,1.0,0.8,1.0,1.0,0.5,0.66483,0.5,1.0,1.0,0.58225,0.57034,1.0,0.0,0.0,1.0,1.0,1.0,0.58225,0.57034,0.2,0.4,1.0,1.0,1.0,1.0,1.0,1.0
1.0,1.0,0.0,0.0,0.4,0.4,0.13188,0.4,0.0,0.96774,0.5,0.0,0.0,0.52,0.12,0.0,0.99503,1.0,1.0,1.0,1.0,1.0,0.0,0.45149,0.8209,0.0,0.71369,0.55483,0.0,0.0,1.0,1.0,1.0,0.8,1.0,1.0,0.5,0.66483,0.5,1.0,1.0,0.58225,0.57034,1.0,0.0,0.0,1.0,1.0,1.0,0.58225,0.57034,0.2,0.4,1.0,1.0,1.0,1.0,1.0,1.0
1.0,1.0,0.0,0.0,0.4,0.4,0.12653,0.4,0.0,0.83333,0.5,0.0,0.0,0.48,0.12,0.0,0.99282,1.0,1.0,1.0,1.0,1.0,0.0,0.41368,0.75214,0.0,0.71537,0.55687,0.0,0.0,1.0,1.0,1.0,0.8,1.0,1.0,0.5,0.66483,0.5,1.0,1.0,0.58225,0.57034,1.0,0.0,0.0,1.0,1.0,1.0,0.58225,0.57034,0.2,0.4,1.0,1.0,1.0,1.0,1.0,1.0
1.0,0.5,0.0,0.5,0.4,0.5,0.12159,0.4,0.0,0.81081,0.5,0.0,1.0,0.48,0.12,0.0,0.99096,1.0,1.0,1.0,1.0,1.0,0.0,0.41344,0.7517,0.0,0.68765,0.52398,0.0,0.0,1.0,1.0,1.0,0.8,1.0,1.0,0.5,0.66483,0.5,1.0,1.0,0.58225,0.57034,1.0,0.0,0.0,1.0,1.0,1.0,0.58225,0.57034,0.2,0.4,1.0,1.0,1.0,1.0,1.0,1.0
1.0,0.5,0.0,0.5,0.4,0.5,0.1197,0.4,0.0,0.78947,0.5,0.0,1.0,0.48,0.12,0.0,0.99505,1.0,1.0,1.0,1.0,1.0,0.0,0.41167,0.74849,0.0,0.67838,0.5133,0.0,0.0,1.0,1.0,1.0,0.8,1.0,1.0,0.5,0.66483,0.5,1.0,1.0,0.58225,0.57034,1.0,0.0,0.0,1.0,1.0,1.0,0.58225,0.57034,0.2,0.4,1.0,1.0,1.0,1.0,1.0,1.0
0.5,0.5,0.5,0.5,0.5,0.5,0.2,0.6,0.03333,0.0,0.5,0.0,0.0,0.2,0.0,0.5,0.5,0.5,0.5,0.5,0.5,0.5,0.5,0.0,0.0,0.5,1.0,1.0,1.0,0.0,0.0,0.5,0.5,0.8,1.0,1.0,0.5,0.5,0.5,1.0,1.0,0.5,0.5,0.5,0.5,0.5,1.0,0.5,0.5,0.5,0.5,0.2,0.6,1.0,1.0,1.0,1.0,0.5,0.5
1.0,0.5,1.0,0.5,0.6,0.5,0.20081,0.6,0.06667,0.0,0.5,0.0,1.0,0.64,0.0,0.5,0.5,0.0,1.0,1.0,1.0,0.0,1.0,0.74403,1.0,0.25,1.0,0.90957,0.66667,0.0,0.86786,1.0,0.75,0.8,1.0,1.0,0.5,0.5,0.5,1.0,1.0,0.5,0.5,0.5,0.5,0.5,1.0,1.0,1.0,0.5,0.5,0.2,0.6,0.66667,1.0,1.0,1.0,0.66667,1.0
1.0,0.5,1.0,0.5,0.8,0.5,0.20533,0.8,0.1,0.0,0.5,0.0,1.0,0.8,0.0,0.0,1.0,1.0,1.0,1.0,1.0,1.0,0.0,0.72137,1.0,0.25,1.0,0.92337,0.66667,0.0,0.91903,1.0,1.0,0.8,1.0,1.0,0.5,0.5,0.5,1.0,1.0,0.5,0.5,0.5,0.0,0.0,1.0,1.0,1.0,0.5,0.5,0.2,0.8,1.0,0.66667,1.0,1.0,0.66667,1.0
1.0,1.0,1.0,0.0,0.6,0.6,0.19869,0.6,0.26667,0.0,0.5,0.0,0.0,0.72,0.0,0.8957,0.0,1.0,1.0,1.0,1.0,0.4,0.0,0.82593,1.0,0.0,0.9932,0.95859,0.5,0.0,1.0,1.0,0.75,0.8,1.0,1.0,0.5,0.5,0.5,1.0,1.0,0.5,0.5,0.5,0.0,0.0,1.0,1.0,1.0,0.5,0.5,0.2,0.6,1.0,1.0,1.0,1.0,1.0,1.0
0.5,0.5,0.5,0.5,0.5,0.5,0.17635,0.2,0.36667,0.0,0.5,0.0,0.0,0.6,0.0,0.9434,0.0,1.0,1.0,1.0,1.0,0.5,1.0,0.89565,1.0,0.0,0.91298,0.80375,0.0,0.0,0.99196,1.0,0.5,0.8,1.0,1.0,0.5,0.5,0.5,1.0,1.0,0.5,0.5,0.5,0.0,0.0,1.0,1.0,1.0,0.5,0.5,0.4,0.4,0.5,0.0,1.0,1.0,0.0,0.5
0.5,0.5,0.5,0.5,0.5,0.5,0.2,0.6,0.03333,0.0,0.5,0.0,0.0,0.2,0.0,0.5,0.5,0.5,0.5,0.5,0.5,0.5,0.5,0.0,0.0,0.5,1.0,1.0,1.0,0.0,0.0,0.5,0.5,0.8,1.0,1.0,0.5,0.5,0.5,1.0,1.0,0.5,0.5,0.5,0.5,0.5,1.0,0.5,0.5,0.5,0.5,0.2,0.6,1.0,1.0,1.0,1.0,0.5,0.5
1.0,0.5,1.0,0.5,1.0,0.5,0.21962,1.0,0.06667,0.0,0.5,0.0,1.0,0.44,0.0,0.5,0.5,0.8,1.0,1.0,1.0,0.8,1.0,0.94447,1.0,0.25,1.0,1.0,1.0,0.0,1.0,1.0,0.5,0.8,1.0,1.0,0.5,0.5,0.5,1.0,1.0,0.5,0.5,0.5,0.5,0.5,1.0,1.0,1.0,0.5,0.5,0.4,0.6,1.0,1.0,1.0,1.0,0.5,1.0
1.0,1.0,1.0,1.0,1.0,1.0,0.2587,1.0,0.16667,0.0,0.5,0.0,0.0,0.56,0.0,0.0,0.99967,0.7,1.0,1.0,1.0,0.7,0.0,0.7538,1.0,0.0,1.0,1.0,1.0,0.0,1.0,1.0,1.0,0.8,1.0,1.0,0.5,0.5,0.5,1.0,1.0,0.5,0.5,0.5,0.0,0.0,1.0,1.0,1.0,0.5,0.5,0.4,0.6,1.0,1.0,1.0,1.0,1.0,0.75
0.5,0.5,0.5,0.5,0.5,0.5,0.1,0.55,0.03333,0.0,1.0,0.0,0.0,0.1,0.0,0.5,0.5,0.5,0.5,0.5,0.5,0.5,0.5,0.0,0.0,0.55556,1.0,1.0,1.0,0.0,0.0,0.5,0.5,0.8,1.0,1.0,0.5,0.5,0.5,1.0,1.0,0.5,0.5,0.5,0.5,0.5,1.0,0.5,0.5,0.5,0.5,0.2,0.6,1.0,1.0,1.0,1.0,0.5,0.5
0.5,0.5,0.5,0.5,0.5,0.5,0.1,0.55,0.03333,0.0,1.0,0.0,0.0,0.1,0.0,0.5,0.5,0.5,0.5,0.5,0.5,0.5,0.5,0.0,0.0,0.55556,1.0,1.0,1.0,0.0,0.0,0.5,0.5,0.8,1.0,1.0,0.5,0.5,0.5,1.0,1.0,0.5,0.5,0.5,0.5,0.5,1.0,0.5,0.5,0.5,0.5,0.2,0.6,1.0,1.0,1.0,1.0,0.5,0.5
0.0,1.0,0.0,1.0,0.1,0.8,0.10126,0.8,0.1,0.0,1.0,0.0,0.0,0.8,0.01,0.75349,0.0,0.46667,1.0,0.46667,1.0,0.53333,0.0,0.92797,1.0,0.11111,1.0,0.95609,0.75,0.0,0.92124,0.88889,0.88889,0.8,1.0,1.0,0.5,0.5,0.5,1.0,1.0,0.5,0.5,0.5,0.0,0.0,1.0,1.0,1.0,1.0,1.0,0.2,0.3,0.5,1.0,1.0,1.0,0.0,1.0
0.0,0.0,0.0,0.0,0.1,0.2,0.02017,0.1,0.23333,0.0,1.0,0.0,0.0,0.55,0.05,0.90546,0.0,0.91111,1.0,1.0,1.0,0.75556,0.0,0.00135,0.00245,0.0,1.0,1.0,1.0,0.0,1.0,0.88889,0.55556,0.0,1.0,1.0,0.5,0.5,0.5,1.0,1.0,0.5,0.5,0.5,0.0,0.0,1.0,1.0,1.0,1.0,1.0,1.0,0.1,1.0,1.0,0.0,1.0,1.0,1.0
0.0,0.5,0.0,0.5,0.1,0.5,0.01722,0.1,0.26667,0.0,1.0,0.0,1.0,0.52,0.05,0.94511,0.0,1.0,1.0,1.0,1.0,1.0,0.0,0.00098,0.00178,0.0,1.0,1.0,1.0,0.0,1.0,1.0,1.0,0.0,0.9,0.90863,1.0,1.0,1.0,1.0,1.0,0.5,0.5,0.5,0.0,0.0,1.0,1.0,1.0,1.0,1.0,1.0,0.1,1.0,1.0,0.0,1.0,1.0,1.0
0.0,0.5,0.0,0.5,0.1,0.5,0.01536,0.1,0.3,0.0,1.0,0.0,1.0,0.46,0.05,0.9479,0.0,0.82222,1.0,0.82222,1.0,0.82222,0.0,0.00078,0.00142,0.0,1.0,1.0,1.0,0.0,1.0,1.0,1.0,0.0,0.9,0.90464,1.0,1.0,1.0,1.0,1.0,0.5,0.5,0.5,0.0,0.0,1.0,1.0,1.0,1.0,1.0,1.0,0.1,1.0,1.0,0.0,1.0,1.0,1.0
0.0,0.5,0.0,0.5,0.1,0.5,0.01382,0.1,0.33333,0.0,1.0,0.0,1.0,0.45,0.05,0.95413,0.0,1.0,1.0,1.0,1.0,1.0,0.0,0.00063,0.00115,0.0,1.0,1.0,1.0,0.0,1.0,1.0,1.0,0.2,1.0,1.0,0.5,1.0,0.5,1.0,1.0,0.5,0.5,0.5,0.0,0.0,1.0,1.0,1.0,1.0,1.0,1.0,0.1,1.0,1.0,0.0,1.0,1.0,1.0
0.0,0.5,0.0,0.5,0.1,0.5,0.0125,0.1,0.36667,0.0,1.0,0.0,1.0,0.45,0.05,0.96246,0.0,1.0,1.0,1.0,1.0,1.0,0.0,0.00052,0.00094,0.0,1.0,1.0,1.0,0.0,1.0,1.0,1.0,0.3,1.0,1.0,0.5,1.0,0.5,1.0,1.0,0.5,0.5,0.5,0.0,0.0,1.0,1.0,1.0,1.0,1.0,1.0,0.1,1.0,1.0,0.0,1.0,1.0,0.55556
0.5,0.5,0.5,0.5,0.5,0.5,0.1,0.55,0.03333,0.0,1.0,0.0,0.0,0.1,0.0,0.5,0.5,0.5,0.5,0.5,0.5,0.5,0.5,0.0,0.0,0.55556,1.0,1.0,1.0,0.0,0.0,0.5,0.5,0.8,1.0,1.0,0.5,0.5,0.5,1.0,1.0,0.5,0.5,0.5,0.5,0.5,1.0,0.5,0.5,0.5,0.5,0.2,0.6,1.0,1.0,1.0,1.0,0.5,0.5
0.0,1.0,0.0,1.0,0.1,0.8,0.0838,0.1,0.13333,0.0,1.0,0.0,0.0,0.67,0.03,0.86046,0.0,1.0,1.0,0.64444,1.0,0.2,0.0,0.62083,1.0,0.11111,0.89124,0.80382,0.0,0.0,0.98435,1.0,0.55556,0.35,0.8,0.77784,0.56547,0.5,0.22619,1.0,1.0,0.5,0.5,0.5,0.0,0.0,1.0,1.0,1.0,1.0,1.0,0.65,0.2,1.0,1.0,1.0,1.0,0.0,1.0
1.0,1.0,1.0,1.0,0.2,0.2,0.04429,0.1,0.36667,0.0,1.0,0.0,0.0,0.51,0.05,0.95124,0.0,1.0,1.0,1.0,1.0,0.46667,0.0,0.59742,1.0,0.11111,0.75628,0.59061,0.0,0.0,0.94959,0.77778,0.66667,0.4,0.9,0.90388,0.43717,1.0,0.65576,1.0,1.0,0.5,0.5,0.5,0.0,0.00092,1.0,1.0,1.0,0.0,0.14778,0.6,0.3,1.0,0.5,0.5,0.5,0.5,1.0
0.5,0.5,0.5,0.5,0.5,0.5,0.1,0.55,0.03333,0.0,1.0,0.0,0.0,0.1,0.0,0.5,0.5,0.5,0.5,0.5,0.5,0.5,0.5,0.0,0.0,0.55556,1.0,1.0,1.0,0.0,0.0,0.5,0.5,0.8,1.0,1.0,0.5,0.5,0.5,1.0,1.0,0.5,0.5,0.5,0.5,0.5,1.0,0.5,0.5,0.5,0.5,0.2,0.6,1.0,1.0,1.0,1.0,0.5,0.5
0.0,0.0,0.0,0.0,0.1,0.1,0.07518,0.1,0.26667,0.0,1.0,0.0,0.0,0.11,0.0,0.98996,0.0,1.0,0.97778,1.0,1.0,1.0,0.0,0.01868,0.03397,0.0,1.0,1.0,1.0,0.0,1.0,1.0,0.44444,0.8,1.0,1.0,0.5,0.5,0.5,1.0,1.0,0.5,0.5,0.5,0.0,0.0,1.0,1.0,1.0,0.5,0.5,1.0,0.1,1.0,1.0,1.0,1.0,1.0,1.0
0.0,0.0,0.0,0.0,0.1,0.1,0.07518,0.1,0.46667,0.0,1.0,0.0,0.0,0.1,0.0,0.99683,0.0,1.0,1.0,1.0,1.0,1.0,0.0,0.01868,0.03397,0.0,1.0,1.0,1.0,0.0,1.0,1.0,1.0,0.8,1.0,1.0,0.5,0.5,0.5,1.0,1.0,0.5,0.5,0.5,0.0,0.0,1.0,1.0,1.0,0.5,0.5,1.0,0.1,1.0,1.0,1.0,1.0,1.0,0.44444
0.0,0.0,0.0,0.0,0.1,0.1,0.07518,0.1,0.66667,0.0,1.0,0.0,0.0,0.1,0.0,0.99924,0.0,1.0,1.0,1.0,1.0,1.0,0.0,0.01868,0.03397,0.0,1.0,1.0,1.0,0.0,1.0,1.0,1.0,0.8,1.0,1.0,0.5,0.5,0.5,1.0,1.0,0.5,0.5,0.5,0.0,0.0,1.0,1.0,1.0,0.5,0.5,1.0,0.1,1.0,1.0,1.0,1.0,1.0,0.44444
0.5,0.5,0.5,0.5,0.5,0.5,0.1,0.55,0.03333,0.0,1.0,0.0,0.0,0.1,0.0,0.5,0.5,0.5,0.5,0.5,0.5,0.5,0.5,0.0,0.0,0.55556,1.0,1.0,1.0,0.0,0.0,0.5,0.5,0.8,1.0,1.0,0.5,0.5,0.5,1.0,1.0,0.5,0.5,0.5,0.5,0.5,1.0,0.5,0.5,0.5,0.5,0.2,0.6,1.0,1.0,1.0,1.0,0.5,0.5
0.5,0.5,0.5,0.5,0.5,0.5,0.1,0.55,0.03333,0.0,1.0,0.0,0.0,0.1,0.0,0.5,0.5,0.5,0.5,0.5,0.5,0.5,0.5,0.0,0.0,0.55556,1.0,1.0,1.0,0.0,0.0,0.5,0.5,0.8,1.0,1.0,0.5,0.5,0.5,1.0,1.0,0.5,0.5,0.5,0.5,0.5,1.0,0.5,0.5,0.5,0.5,0.2,0.6,1.0,1.0,1.0,1.0,0.5,0.5
0.0,0.0,0.0,0.0,0.1,0.8,0.13312,0.9,0.2,0.0,1.0,0.0,0.0,0.42,0.02,0.98818,0.0,0.73333,1.0,1.0,1.0,0.46667,1.0,0.79281,1.0,0.11111,1.0,1.0,1.0,0.0,0.98378,0.88889,0.77778,0.8,1.0,1.0,0.5,0.5,0.5,1.0,1.0,0.5,0.5,0.5,0.0,0.0,1.0,1.0,1.0,1.0,1.0,0.45,0.4,1.0,1.0,1.0,1.0,0.0,1.0
0.5,0.5,0.5,0.5,0.5,0.5,0.1,0.55,0.03333,0.0,1.0,0.0,0.0,0.1,0.0,0.5,0.5,0.5,0.5,0.5,0.5,0.5,0.5,0.0,0.0,0.55556,1.0,1.0,1.0,0.0,0.0,0.5,0.5,0.8,1.0,1.0,0.5,0.5,0.5,1.0,1.0,0.5,0.5,0.5,0.5,0.5,1.0,0.5,0.5,0.5,0.5,0.2,0.6,1.0,1.0,1.0,1.0,0.5,0.5
0.0,1.0,0.0,1.0,0.1,1.0,0.127,1.0,0.23333,0.0,1.0,0.0,0.0,0.56,0.01,0.65981,0.0,1.0,1.0,1.0,1.0,0.51111,1.0,0.67115,1.0,0.11111,1.0,1.0,1.0,0.0,0.68511,0.88889,0.22222,0.8,1.0,1.0,0.5,0.5,0.5,1.0,1.0,0.5,0.5,0.5,0.0,0.0,1.0,1.0,1.0,1.0,1.0,0.7,0.2,0.5,1.0,1.0,1.0,0.0,1.0
0.0,0.0,0.0,0.0,0.8,0.2,0.01645,0.1,0.43333,0.0,1.0,0.0,0.0,0.49,0.11,0.0,0.96317,1.0,1.0,0.95556,1.0,0.95556,0.0,0.67283,1.0,0.11111,0.25888,0.12185,0.0,0.0,0.84889,0.77778,0.88889,0.25,1.0,1.0,0.5,0.57346,0.5,1.0,1.0,0.5,0.5,0.5,0.0,0.0,1.0,1.0,1.0,1.0,1.0,0.75,0.2,0.33333,1.0,1.0,1.0,0.0,0.66667
0.0,0.0,0.0,0.0,0.1,0.1,0.00601,0.1,0.6,0.0,1.0,0.0,0.0,0.39,0.11,0.99341,0.0,1.0,1.0,1.0,0.86667,0.86667,0.0,0.62795,1.0,0.11111,0.12294,0.05433,0.0,0.0,0.84721,0.88889,0.77778,0.45,1.0,1.0,0.5,0.57346,0.5,1.0,1.0,0.5,0.5,0.5,0.0,0.0,1.0,1.0,1.0,1.0,1.0,0.55,0.2,0.33333,0.0,1.0,1.0,0.66667,1.0
0.5,0.5,0.5,0.5,0.5,0.5,0.1,0.55,0.03333,0.0,1.0,0.0,0.0,0.1,0.0,0.5,0.5,0.5,0.5,0.5,0.5,0.5,0.5,0.0,0.0,0.55556,1.0,1.0,1.0,0.0,0.0,0.5,0.5,0.8,1.0,1.0,0.5,0.5,0.5,1.0,1.0,0.5,0.5,0.5,0.5,0.5,1.0,0.5,0.5,0.5,0.5,0.2,0.6,1.0,1.0,1.0,1.0,0.5,0.5
0.5,0.5,0.5,0.5,0.5,0.5,0.1,0.55,0.03333,0.0,1.0,0.0,0.0,0.1,0.0,0.5,0.5,0.5,0.5,0.5,0.5,0.5,0.5,0.0,0.0,0.55556,1.0,1.0,1.0,0.0,0.0,0.5,0.5,0.8,1.0,1.0,0.5,0.5,0.5,1.0,1.0,0.5,0.5,0.5,0.5,0.5,1.0,0.5,0.5,0.5,0.5,0.2,0.6,1.0,1.0,1.0,1.0,0.5,0.5
1.0,1.0,0.0,1.0,0.5,1.0,0.0529,0.1,0.6,0.0,1.0,0.0,0.0,0.47,0.05,0.99069,0.0,1.0,1.0,0.93333,0.6,0.6,0.0,0.58996,1.0,0.11111,0.76373,0.61776,0.0,0.0,1.0,0.77778,0.33333,0.8,1.0,1.0,0.5,0.5,0.5,1.0,1.0,0.5,0.5,0.5,0.0,0.0,1.0,1.0,1.0,1.0,1.0,0.2,0.2,1.0,1.0,1.0,1.0,0.0,1.0
0.0,0.0,0.0,0.0,0.1,0.1,0.03186,0.1,0.83333,0.0,1.0,0.0,0.0,0.42,0.03,0.0,0.99616,1.0,1.0,1.0,1.0,1.0,1.0,0.61314,1.0,0.11111,0.4312,0.27486,0.0,0.0,0.5,1.0,0.77778,0.8,1.0,1.0,0.5,0.29193,0.5,1.0,1.0,0.5,0.5,0.5,0.0,0.0,1.0,1.0,1.0,0.53339,1.0,0.2,0.2,1.0,0.0,1.0,1.0,1.0,1.0
0.0,0.5,0.0,0.5,0.1,0.5,0.01614,0.1,0.86667,0.0,1.0,0.0,1.0,0.43,0.03,0.98329,0.0,1.0,1.0,1.0,1.0,1.0,0.0,0.00086,0.00156,0.0,1.0,1.0,1.0,0.0,1.0,1.0,0.88889,0.0,0.9,0.90612,0.19488,0.19488,0.19488,1.0,1.0,0.5,0.5,0.5,0.0,0.0,1.0,1.0,1.0,0.53339,1.0,1.0,0.1,1.0,1.0,0.0,1.0,1.0,1.0
0.0,0.5,0.0,0.5,0.1,0.5,0.0111,0.1,0.9,0.0,1.0,0.0,1.0,0.42,0.02,0.98075,0.0,1.0,1.0,1.0,1.0,1.0,0.0,0.00041,0.00074,0.0,1.0,1.0,1.0,0.0,1.0,1.0,1.0,0.2,1.0,1.0,0.5,0.19488,0.5,1.0,1.0,0.5,0.5,0.5,0.00247,0.0,0.8,1.0,1.0,0.53339,1.0,1.0,0.1,1.0,1.0,0.0,1.0,1.0,1.0
0.0,0.0,0.0,0.0,0.1,0.1,0.00784,0.1,0.96667,0.0,1.0,0.0,0.0,0.4,0.02,0.98056,0.0,1.0,1.0,1.0,1.0,1.0,0.0,0.0002,0.00037,0.0,1.0,1.0,1.0,0.0,1.0,0.88889,1.0,0.65,1.0,1.0,0.5,0.19488,0.5,1.0,1.0,0.03898,0.216,0.78952,0.01578,0.01888,0.35,1.0,1.0,0.03898,0.216,1.0,0.1,1.0,1.0,0.0,1.0,1.0,1.0
1.0,0.5,0.0,0.5,0.1,0.5,0.00756,0.1,1.0,0.0,1.0,0.0,1.0,0.38,0.02,0.98668,0.0,1.0,1.0,1.0,1.0,1.0,0.0,0.00019,0.00034,0.0,1.0,1.0,1.0,0.0,1.0,1.0,1.0,0.7,1.0,1.0,0.5,0.19488,0.5,1.0,1.0,0.09379,0.89212,0.78952,0.01172,0.04137,0.3,1.0,1.0,0.09379,0.89212,1.0,0.1,1.0,1.0,0.0,1.0,1.0,1.0
0.5,0.5,0.5,0.5,0.5,0.5,0.1,0.55,0.03333,0.0,1.0,0.0,0.0,0.1,0.0,0.5,0.5,0.5,0.5,0.5,0.5,0.5,0.5,0.0,0.0,0.55556,1.0,1.0,1.0,0.0,0.0,0.5,0.5,0.8,1.0,1.0,0.5,0.5,0.5,1.0,1.0,0.5,0.5,0.5,0.5,0.5,1.0,0.5,0.5,0.5,0.5,0.2,0.6,1.0,1.0,1.0,1.0,0.5,0.5
1.0,0.5,0.0,0.5,0.6,0.5,0.09977,0.6,0.06667,0.0,1.0,0.0,1.0,0.56,0.0,0.5,0.5,0.0,1.0,1.0,1.0,0.0,1.0,0.70508,1.0,0.77778,1.0,1.0,1.0,0.0,1.0,1.0,0.44444,0.8,1.0,1.0,0.5,0.5,0.5,1.0,1.0,0.5,0.5,0.5,0.5,0.5,1.0,1.0,1.0,0.5,0.5,0.2,0.3,1.0,1.0,1.0,1.0,0.5,1.0
1.0,0.5,1.0,0.5,0.6,0.5,0.10256,0.6,0.1,0.0,1.0,0.0,1.0,0.8,0.0,0.0,1.0,1.0,1.0,1.0,1.0,1.0,1.0,0.94914,1.0,0.55556,1.0,0.95654,0.75,0.0,0.96008,1.0,0.77778,0.8,1.0,1.0,0.5,0.5,0.5,1.0,1.0,0.5,0.5,0.5,0.13213,0.0,0.6,1.0,1.0,0.5,0.5,0.6,0.4,0.75,0.33333,1.0,1.0,0.5,1.0
1.0,0.5,1.0,0.5,1.0,0.5,0.12492,1.0,0.13333,0.0,1.0,0.0,1.0,0.8,0.01,0.67348,0.0,0.44444,1.0,1.0,1.0,0.44444,1.0,0.98819,1.0,0.0,1.0,1.0,1.0,0.0,0.98813,1.0,1.0,0.8,1.0,1.0,0.5,0.5,0.5,1.0,1.0,0.6474,0.50641,0.5,0.0,0.00669,1.0,1.0,1.0,0.6474,0.50641,0.2,0.5,1.0,1.0,1.0,1.0,0.75,1.0
0.0,0.0,0.0,0.0,0.2,0.2,0.02978,0.1,0.73333,0.0,1.0,0.0,0.0,0.48,0.05,0.0,0.99796,1.0,1.0,1.0,1.0,1.0,1.0,0.99344,1.0,0.11111,0.32723,0.26193,0.0,0.0,1.0,0.77778,0.88889,0.0,0.6,0.56135,0.10311,0.20441,0.10311,0.83333,1.0,0.6474,0.50641,0.91836,0.58605,0.0,1.0,1.0,1.0,0.47727,0.6375,1.0,0.1,0.0,1.0,0.0,1.0,0.6,1.0
0.5,0.5,0.5,0.5,0.5,0.5,0.1,0.55,0.03333,0.0,1.0,0.0,0.0,0.1,0.0,0.5,0.5,0.5,0.5,0.5,0.5,0.5,0.5,0.0,0.0,0.55556,1.0,1.0,1.0,0.0,0.0,0.5,0.5,0.8,1.0,1.0,0.5,0.5,0.5,1.0,1.0,0.5,0.5,0.5,0.5,0.5,1.0,0.5,0.5,0.5,0.5,0.2,0.6,1.0,1.0,1.0,1.0,0.5,0.5
0.5,0.5,0.5,0.5,0.5,0.5,0.1,0.55,0.03333,0.0,1.0,0.0,0.0,0.1,0.0,0.5,0.5,0.5,0.5,0.5,0.5,0.5,0.5,0.0,0.0,0.55556,1.0,1.0,1.0,0.0,0.0,0.5,0.5,0.8,1.0,1.0,0.5,0.5,0.5,1.0,1.0,0.5,0.5,0.5,0.5,0.5,1.0,0.5,0.5,0.5,0.5,0.2,0.6,1.0,1.0,1.0,1.0,0.5,0.5
0.0,0.0,0.0,0.0,0.3,0.1,0.0,0.2,0.63333,0.0,1.0,0.0,0.0,0.15,0.05,0.98541,0.0,0.97778,1.0,0.93333,1.0,0.77778,0.0,0.0001,0.00018,0.22222,1.0,1.0,1.0,0.0,1.0,0.66667,0.55556,0.0,1.0,1.0,0.5,0.5,0.5,1.0,1.0,0.5,0.5,0.5,0.0,0.0,1.0,1.0,1.0,0.95239,1.0,1.0,0.1,0.0,1.0,0.0,1.0,0.0,1.0
0.0,0.0,0.0,0.0,0.15,0.1,0.0,0.2,0.9,0.0,1.0,0.0,0.0,0.1,0.05,0.0,0.99954,1.0,1.0,0.86667,0.88889,0.88889,0.0,0.0001,0.00018,0.44444,1.0,1.0,1.0,0.0,1.0,0.66667,0.88889,0.0,1.0,1.0,0.5,0.5,0.5,1.0,1.0,0.5,0.5,0.5,0.0,0.0,1.0,1.0,1.0,0.95239,1.0,1.0,0.1,1.0,1.0,0.0,1.0,1.0,1.0
0.5,0.5,0.5,0.5,0.5,0.5,0.1,0.55,0.03333,0.0,1.0,0.0,0.0,0.1,0.0,0.5,0.5,0.5,0.5,0.5,0.5,0.5,0.5,0.0,0.0,0.55556,1.0,1.0,1.0,0.0,0.0,0.5,0.5,0.8,1.0,1.0,0.5,0.5,0.5,1.0,1.0,0.5,0.5,0.5,0.5,0.5,1.0,0.5,0.5,0.5,0.5,0.2,0.6,1.0,1.0,1.0,1.0,0.5,0.5
1.0,1.0,0.0,1.0,0.5,1.0,0.09234,0.6,0.63333,0.0,1.0,0.0,0.0,0.33,0.09,0.9974,0.0,1.0,1.0,1.0,1.0,0.8,1.0,0.99766,1.0,0.11111,0.8415,0.46504,0.5,0.0,0.98538,1.0,0.88889,0.6,0.9,0.93499,1.0,0.5,1.0,1.0,1.0,0.5,0.5,0.5,0.07447,0.09381,0.6,1.0,1.0,1.0,1.0,0.8,0.2,0.25,1.0,1.0,1.0,0.25,1.0
1.0,1.0,1.0,1.0,0.6,0.7,0.12266,0.7,0.86667,0.0,1.0,0.0,0.0,0.25,0.07,0.0,0.98307,1.0,1.0,0.82222,1.0,1.0,0.0,0.85566,1.0,0.0,0.82983,0.48324,0.33333,0.0,0.97556,0.88889,0.88889,0.8,1.0,1.0,0.5,0.71014,0.5,1.0,1.0,0.55124,0.51,1.0,0.08244,0.07238,0.6,1.0,1.0,0.55124,0.51,0.6,0.2,0.33333,1.0,1.0,1.0,0.0,1.0
1.0,0.5,1.0,0.5,0.8,0.5,0.13444,0.8,0.9,0.0,1.0,0.0,1.0,0.25,0.06,0.0,0.98706,1.0,1.0,0.97778,1.0,1.0,0.0,0.82227,1.0,0.0,0.8944,0.50212,0.33333,0.0,0.97777,1.0,1.0,0.8,1.0,1.0,0.5,0.71014,0.5,1.0,1.0,0.59795,0.55333,1.0,0.17804,0.08544,0.8,1.0,1.0,0.59795,0.55333,0.4,0.2,0.33333,1.0,1.0,1.0,0.33333,1.0
0.5,0.5,0.5,0.5,0.5,0.5,0.1,0.55,0.03333,0.0,1.0,0.0,0.0,0.1,0.0,0.5,0.5,0.5,0.5,0.5,0.5,0.5,0.5,0.0,0.0,0.55556,1.0,1.0,1.0,0.0,0.0,0.5,0.5,0.8,1.0,1.0,0.5,0.5,0.5,1.0,1.0,0.5,0.5,0.5,0.5,0.5,1.0,0.5,0.5,0.5,0.5,0.2,0.6,1.0,1.0,1.0,1.0,0.5,0.5
0.0,1.0,0.0,0.0,0.1,0.6,0.09987,0.6,0.1,0.0,1.0,0.0,0.0,0.34,0.0,0.86794,0.0,1.0,1.0,1.0,1.0,0.75556,1.0,0.83218,1.0,0.0,0.99526,0.92444,0.5,0.0,0.84373,1.0,0.66667,0.8,1.0,1.0,0.5,0.5,0.5,1.0,1.0,0.5,0.5,0.5,0.0,0.0,1.0,1.0,1.0,0.5,0.5,0.2,0.4,0.75,1.0,1.0,1.0,0.0,1.0
0.0,1.0,0.0,1.0,0.2,0.6,0.10097,0.6,0.16667,0.0,1.0,0.0,0.0,0.29,0.0,0.94468,0.0,0.91111,0.97778,1.0,1.0,0.91111,1.0,0.94157,1.0,0.11111,0.98397,0.91733,0.25,0.0,0.88368,1.0,1.0,0.8,1.0,1.0,0.5,0.5,0.5,1.0,1.0,0.5,0.5,0.5,0.0,0.0,1.0,1.0,1.0,0.5,0.5,0.2,0.4,0.75,1.0,1.0,1.0,0.0,1.0
0.5,0.5,0.5,0.5,0.5,0.5,0.1,0.55,0.03333,0.0,1.0,0.0,0.0,0.1,0.0,0.5,0.5,0.5,0.5,0.5,0.5,0.5,0.5,0.0,0.0,0.55556,1.0,1.0,1.0,0.0,0.0,0.5,0.5,0.8,1.0,1.0,0.5,0.5,0.5,1.0,1.0,0.5,0.5,0.5,0.5,0.5,1.0,0.5,0.5,0.5,0.5,0.2,0.6,1.0,1.0,1.0,1.0,0.5,0.5
1.0,1.0,0.0,1.0,0.6,1.0,0.18836,1.0,0.46667,0.0,1.0,0.0,0.0,0.32,0.05,0.98416,0.0,1.0,1.0,0.91111,1.0,0.64444,0.0,0.63941,1.0,0.11111,1.0,1.0,1.0,1.0,1.0,1.0,0.55556,0.8,1.0,1.0,0.5,0.5,0.5,1.0,1.0,0.5,0.5,0.5,0.0,0.0,1.0,1.0,1.0,1.0,0.94399,0.8,0.2,1.0,1.0,1.0,1.0,1.0,1.0
0.0,0.0,0.0,0.0,0.9,0.9,0.05917,0.5,0.83333,0.0,1.0,0.0,0.0,0.18,0.03,0.0,0.99866,0.86667,0.86667,0.64444,0.73333,0.55556,1.0,0.74762,1.0,0.44444,0.83578,0.46252,0.25,0.0,0.98057,0.44444,0.44444,0.7,1.0,1.0,0.5,0.5,0.5,1.0,1.0,0.5,0.5,0.5,1.0,0.0,0.85,1.0,1.0,1.0,0.67048,0.9,0.2,0.25,1.0,1.0,1.0,0.0,0.77778
0.5,0.5,0.5,0.5,0.5,0.5,0.1,0.55,0.03333,0.0,1.0,0.0,0.0,0.1,0.0,0.5,0.5,0.5,0.5,0.5,0.5,0.5,0.5,0.0,0.0,0.55556,1.0,1.0,1.0,0.0,0.0,0.5,0.5,0.8,1.0,1.0,0.5,0.5,0.5,1.0,1.0,0.5,0.5,0.5,0.5,0.5,1.0,0.5,0.5,0.5,0.5,0.2,0.6,1.0,1.0,1.0,1.0,0.5,0.5
1.0,0.5,1.0,0.5,1.0,0.5,0.1122,1.0,0.06667,0.0,1.0,0.0,1.0,0.56,0.0,0.5,0.5,0.55556,0.44444,1.0,1.0,0.55556,1.0,0.91016,1.0,0.0,1.0,1.0,1.0,0.0,0.9,1.0,0.66667,0.8,1.0,1.0,0.5,0.5,0.5,1.0,1.0,0.5,0.5,0.5,0.5,0.5,1.0,1.0,1.0,0.5,0.5,0.2,0.5,1.0,0.75,1.0,1.0,0.75,1.0
1.0,1.0,0.0,1.0,0.8,0.9,0.10969,0.8,0.3,0.0,1.0,0.0,0.0,0.45,0.04,0.86891,0.0,1.0,1.0,1.0,1.0,1.0,1.0,0.8593,1.0,0.0,1.0,0.98411,0.75,0.0,0.98983,1.0,1.0,0.8,1.0,1.0,0.5,0.5,0.5,1.0,1.0,0.5,0.5,0.5,0.22963,0.0,0.7,1.0,1.0,0.16122,0.14519,0.5,0.5,1.0,0.5,0.75,1.0,1.0,1.0
1.0,1.0,0.0,0.0,0.8,0.7,0.09729,0.4,0.6,0.0,1.0,0.0,0.0,0.42,0.06,0.95848,0.0,1.0,1.0,0.91111,1.0,0.86667,0.0,0.74294,1.0,0.11111,1.0,0.99222,0.33333,0.0,0.98693,1.0,0.88889,0.8,1.0,1.0,0.5,0.5,0.5,1.0,1.0,0.28974,0.28118,1.0,0.0,0.0,1.0,1.0,1.0,0.43579,0.34528,0.2,0.3,0.66667,0.5,0.5,1.0,1.0,1.0
1.0,1.0,1.0,1.0,0.7,0.7,0.12098,0.9,0.76667,0.0,1.0,0.0,0.0,0.43,0.07,0.97736,0.0,1.0,1.0,1.0,1.0,0.91111,1.0,0.45685,0.83063,0.0,1.0,1.0,1.0,0.0,0.98895,1.0,1.0,0.8,1.0,1.0,0.5,0.5,0.5,1.0,1.0,0.28974,0.28118,1.0,0.0,0.0,1.0,1.0,1.0,0.43579,0.34528,0.35,0.3,0.66667,1.0,0.5,1.0,1.0,1.0
1.0,1.0,1.0,1.0,0.9,1.0,0.12977,1.0,0.83333,0.0,1.0,0.0,0.0,0.42,0.07,0.98543,0.0,1.0,1.0,1.0,1.0,1.0,1.0,0.86926,1.0,0.11111,1.0,1.0,1.0,1.0,0.98042,0.88889,0.88889,0.8,1.0,1.0,0.5,0.5,0.5,1.0,1.0,0.28974,0.28118,1.0,0.0,0.0,1.0,1.0,1.0,0.43579,0.34528,0.2,0.4,0.75,1.0,0.33333,1.0,0.75,0.77778
0.0,1.0,0.0,0.0,0.8,0.8,0.13822,0.9,0.0,0.88235,1.0,0.0,0.0,0.38,0.06,0.99445,0.0,1.0,1.0,1.0,0.82222,1.0,0.0,0.50629,0.92053,0.0,1.0,1.0,1.0,0.0,0.99887,1.0,0.88889,0.8,1.0,1.0,0.5,0.5,0.5,1.0,1.0,0.28974,0.28118,1.0,0.0,0.0,1.0,1.0,1.0,0.43579,0.34528,0.2,0.4,1.0,1.0,0.33333,1.0,0.0,1.0
0.5,0.5,0.5,0.5,0.5,0.5,0.1,0.55,0.03333,0.0,1.0,0.0,0.0,0.1,0.0,0.5,0.5,0.5,0.5,0.5,0.5,0.5,0.5,0.0,0.0,0.55556,1.0,1.0,1.0,0.0,0.0,0.5,0.5,0.8,1.0,1.0,0.5,0.5,0.5,1.0,1.0,0.5,0.5,0.5,0.5,0.5,1.0,0.5,0.5,0.5,0.5,0.2,0.6,1.0,1.0,1.0,1.0,0.5,0.5
0.5,0.5,0.5,0.5,0.5,0.5,0.00104,0.3,0.0,0.88235,1.0,0.0,0.0,0.24,0.07,0.0,0.89855,1.0,0.93333,0.93333,1.0,0.5,0.0,0.0001,0.00018,0.11111,1.0,1.0,1.0,0.0,0.51422,0.77778,0.5,0.0,1.0,1.0,0.5,0.5,0.5,1.0,1.0,0.5,0.5,0.5,0.0,0.0,1.0,1.0,1.0,0.0023,0.285,1.0,0.1,0.0,1.0,0.0,1.0,0.0,0.5
0.0,0.0,0.0,1.0,0.3,0.3,0.00106,0.3,0.0,0.83333,1.0,0.0,0.0,0.21,0.04,0.91769,0.0,1.0,1.0,0.77778,1.0,0.86667,0.0,0.0001,0.00018,0.44444,1.0,1.0,1.0,0.0,1.0,1.0,0.88889,0.0,1.0,1.0,0.5,0.5,0.5,1.0,1.0,0.5,0.5,0.5,0.0,0.0,1.0,1.0,1.0,0.0023,0.285,1.0,0.1,1.0,1.0,0.0,1.0,1.0,1.0
0.5,0.5,0.5,0.5,0.5,0.5,0.1,0.55,0.03333,0.0,1.0,0.0,0.0,0.1,0.0,0.5,0.5,0.5,0.5,0.5,0.5,0.5,0.5,0.0,0.0,0.55556,1.0,1.0,1.0,0.0,0.0,0.5,0.5,0.8,1.0,1.0,0.5,0.5,0.5,1.0,1.0,0.5,0.5,0.5,0.5,0.5,1.0,0.5,0.5,0.5,0.5,0.2,0.6,1.0,1.0,1.0,1.0,0.5,0.5
0.5,0.5,0.5,0.5,0.5,0.5,0.1,0.55,0.03333,0.0,1.0,0.0,0.0,0.1,0.0,0.5,0.5,0.5,0.5,0.5,0.5,0.5,0.5,0.0,0.0,0.55556,1.0,1.0,1.0,0.0,0.0,0.5,0.5,0.8,1.0,1.0,0.5,0.5,0.5,1.0,1.0,0.5,0.5,0.5,0.5,0.5,1.0,0.5,0.5,0.5,0.5,0.2,0.6,1.0,1.0,1.0,1.0,0.5,0.5
0.0,1.0,0.0,1.0,0.4,1.0,0.12229,1.0,0.1,0.0,1.0,0.0,0.0,0.6,0.01,0.73374,0.0,0.46667,0.42222,0.66667,1.0,0.68889,1.0,0.97592,1.0,0.22222,1.0,1.0,1.0,0.0,0.82756,0.77778,0.66667,0.8,1.0,1.0,0.5,0.5,0.5,1.0,1.0,0.5,0.5,0.5,0.0,0.0,1.0,1.0,1.0,1.0,1.0,0.25,0.4,0.75,1.0,1.0,1.0,0.0,1.0
0.5,0.5,0.5,0.5,0.5,0.5,0.06782,0.73333,0.06667,0.0,0.0,0.66667,0.0,0.55556,0.0,0.5,0.5,0.0,1.0,1.0,1.0,0.5,1.0,0.8461,1.0,0.64286,1.0,0.92903,0.6,1.0,0.92708,0.42857,0.5,0.8,1.0,1.0,0.5,0.5,0.5,1.0,1.0,0.5,0.5,0.5,0.5,0.5,1.0,1.0,1.0,0.5,0.5,0.2,0.4,1.0,1.0,1.0,1.0,0.8,0.5
0.5,0.5,0.5,0.5,0.5,0.5,0.06667,0.53333,0.03333,0.0,0.0,0.66667,0.0,0.06667,0.0,0.5,0.5,0.5,0.5,0.5,0.5,0.5,0.5,0.0,0.0,0.57143,1.0,1.0,1.0,0.0,0.0,0.5,0.5,0.8,1.0,1.0,0.5,0.5,0.5,1.0,1.0,0.5,0.5,0.5,0.5,0.5,1.0,0.5,0.5,0.5,0.5,0.2,0.46667,0.75,1.0,1.0,1.0,0.5,0.5
0.0,1.0,0.0,1.0,0.3,0.6,0.0668,0.53333,0.16667,0.0,0.0,0.66667,0.0,0.29333,0.01333,0.78428,0.0,0.82857,1.0,1.0,1.0,0.64762,0.0,0.7995,1.0,0.64286,1.0,0.85325,0.6,0.0,0.96269,1.0,0.42857,0.6,1.0,1.0,0.5,0.5,0.5,1.0,1.0,0.5,0.5,0.5,0.69743,0.0,0.73333,1.0,1.0,0.5,0.5,0.66667,0.46667,0.6,1.0,0.83333,1.0,0.0,1.0
0.5,0.5,0.5,0.5,0.5,0.5,0.06674,0.6,0.06667,0.0,0.0,0.66667,0.0,0.47111,0.0,0.5,0.5,0.0,1.0,1.0,1.0,0.5,1.0,0.60353,1.0,0.07143,1.0,0.8986,0.61538,0.0,0.92239,0.71429,0.5,0.8,1.0,1.0,0.5,0.5,0.5,1.0,1.0,0.5,0.5,0.5,0.5,0.5,1.0,1.0,1.0,0.5,0.5,0.2,0.53333,0.53846,0.71429,1.0,1.0,0.61538,0.5
0.5,0.5,0.5,0.5,0.5,0.5,0.07,0.66667,0.13333,0.0,0.0,0.66667,0.0,0.40889,0.00444,0.85803,0.0,0.61905,0.61905,1.0,1.0,0.5,0.0,0.71123,1.0,0.07143,1.0,1.0,1.0,0.0,0.92462,0.92857,0.5,0.8,1.0,1.0,0.5,0.5,0.5,1.0,1.0,0.5,0.5,0.5,0.0,0.0,1.0,1.0,1.0,0.5,0.5,0.2,0.26667,0.75,1.0,1.0,1.0,0.75,0.5
1.0,0.5,1.0,0.5,0.66667,0.5,0.07148,0.66667,0.16667,0.0,0.0,0.66667,1.0,0.31556,0.00444,0.88294,0.0,0.8,0.8,1.0,1.0,0.8,1.0,0.72121,1.0,0.07143,1.0,0.99618,0.75,0.0,0.94356,1.0,1.0,0.8,1.0,1.0,0.5,0.5,0.5,1.0,1.0,0.5,0.5,0.5,0.0,0.0,1.0,1.0,1.0,0.5,0.5,0.2,0.26667,0.75,1.0,1.0,1.0,0.75,1.0
0.5,0.5,0.5,0.5,0.5,0.5,0.01254,0.46667,0.8,0.0,0.0,0.66667,0.0,0.04889,0.10667,0.0,0.98461,0.90476,0.78095,0.8381,1.0,0.5,0.0,0.55395,1.0,0.21429,0.6365,0.17721,0.5,0.0,0.93705,0.85714,0.5,0.6,1.0,1.0,0.5,0.5,0.5,1.0,1.0,0.5,0.5,0.5,0.04906,0.0,0.4,1.0,1.0,0.26912,1.0,1.0,0.06667,0.0,1.0,0.0,1.0,0.0,0.5
1.0,0.5,1.0,0.5,0.46667,0.5,0.01439,0.46667,0.83333,0.0,0.0,0.66667,1.0,0.04444,0.11111,0.0,0.99871,0.8,0.98095,0.88571,1.0,0.8,1.0,0.75399,1.0,0.71429,0.17205,0.0864,0.33333,0.0,0.83773,1.0,0.35714,0.36667,1.0,1.0,0.5,0.5,0.5,1.0,1.0,0.0,0.228,0.5,0.60053,0.02707,0.76667,0.0,1.0,0.0,0.228,1.0,0.06667,0.0,1.0,0.0,1.0,0.0,1.0
0.0,0.0,0.0,0.0,0.46667,0.46667,0.01012,0.46667,0.93333,0.0,0.0,0.66667,0.0,0.05333,0.09333,0.0,0.99979,1.0,1.0,0.82857,0.9619,0.69524,1.0,0.78585,1.0,0.5,0.13918,0.05717,0.5,0.0,0.95693,0.57143,0.78571,0.8,1.0,1.0,0.5,0.5,0.5,1.0,1.0,0.0,0.16994,0.86995,0.04163,0.02139,0.6,1.0,1.0,0.0,0.16994,1.0,0.06667,0.0,1.0,0.0,1.0,0.0,0.5
0.0,0.0,0.0,0.0,0.46667,0.46667,0.00677,0.46667,1.0,0.0,0.0,0.66667,0.0,0.06222,0.09778,0.99956,0.0,0.75238,1.0,0.75238,0.7619,0.73333,0.0,0.00016,0.00028,0.28571,1.0,1.0,1.0,0.0,0.5001,0.57143,0.64286,0.03333,0.93333,0.96752,0.71979,0.5,0.14396,1.0,1.0,0.0,0.228,0.67642,0.0,0.0,1.0,1.0,1.0,0.0,0.228,1.0,0.06667,0.0,1.0,0.0,1.0,0.0,0.42857
0.5,0.5,0.5,0.5,0.5,0.5,0.06667,0.53333,0.03333,0.0,0.0,0.66667,0.0,0.06667,0.0,0.5,0.5,0.5,0.5,0.5,0.5,0.5,0.5,0.0,0.0,0.57143,1.0,1.0,1.0,0.0,0.0,0.5,0.5,0.8,1.0,1.0,0.5,0.5,0.5,1.0,1.0,0.5,0.5,0.5,0.5,0.5,1.0,0.5,0.5,0.5,0.5,0.2,0.46667,0.75,1.0,1.0,1.0,0.5,0.5
0.0,1.0,0.0,0.0,0.06667,0.86667,0.04284,0.13333,0.23333,0.0,0.0,0.66667,0.0,0.26222,0.03556,0.0,0.98285,0.85714,0.84762,0.85714,0.89524,0.78095,1.0,0.85443,1.0,0.14286,0.57075,0.25008,0.0,0.0,0.9561,0.85714,0.64286,0.66667,1.0,1.0,0.5,0.5,0.5,1.0,1.0,0.5,0.5,0.5,0.05052,0.0,0.33333,1.0,1.0,0.0,0.23328,1.0,0.06667,0.0,1.0,1.0,1.0,0.6,1.0
1.0,0.0,1.0,0.0,0.2,0.2,0.00384,0.6,0.8,0.0,0.0,0.66667,0.0,0.02667,0.09333,0.0,0.99404,0.70476,1.0,0.70476,0.70476,0.60952,1.0,0.90526,1.0,0.71429,0.04055,0.00894,0.5,0.0,0.74348,0.78571,0.64286,0.0,1.0,1.0,0.5,0.5,0.5,1.0,1.0,0.80092,0.71811,0.90413,0.0,0.0,1.0,1.0,1.0,0.80092,0.71811,1.0,0.06667,0.0,1.0,0.0,1.0,0.0,1.0
1.0,0.5,1.0,0.5,0.6,0.5,0.0051,0.6,0.83333,0.0,0.0,0.66667,1.0,0.02667,0.09333,0.0,0.99901,1.0,1.0,0.70476,1.0,1.0,0.0,0.89692,1.0,0.71429,0.05467,0.01178,0.5,0.0,0.74346,1.0,1.0,0.0,1.0,1.0,0.5,0.5,0.5,1.0,1.0,0.80092,0.71811,0.90413,0.0,0.0,1.0,1.0,1.0,0.80092,0.71811,1.0,0.06667,0.0,1.0,0.0,1.0,0.0,1.0
0.0,0.0,0.0,0.0,0.53333,0.46667,0.00199,0.53333,0.93333,0.0,0.0,0.66667,0.0,0.02667,0.10667,0.0,0.97974,0.97143,1.0,0.64762,0.9619,1.0,0.0,0.85055,1.0,0.71429,0.02323,0.00493,0.5,0.0,0.74342,0.21429,1.0,0.0,1.0,1.0,0.5,0.36893,0.5,1.0,1.0,0.80092,0.71811,0.90413,0.0,0.0,1.0,1.0,1.0,0.80092,0.71811,1.0,0.06667,0.0,1.0,0.0,1.0,0.0,1.0
0.5,0.5,0.5,0.5,0.5,0.5,0.08063,0.66667,0.36667,0.0,0.0,0.66667,0.0,0.35556,0.05778,0.97533,0.0,1.0,1.0,1.0,1.0,0.5,1.0,0.9898,1.0,0.21429,1.0,0.85204,0.5,0.0,0.96875,0.71429,0.5,0.8,1.0,1.0,0.5,0.5,0.5,1.0,1.0,0.5,0.5,0.5,1.0,0.0,0.66667,1.0,1.0,0.2384,0.30747,0.53333,0.33333,0.66667,0.75,0.0,1.0,0.83333,0.5
0.0,0.5,0.0,0.5,0.6,0.5,0.07473,0.6,0.4,0.0,0.0,0.66667,1.0,0.36444,0.05778,0.0,0.93903,0.79048,1.0,0.79048,1.0,0.79048,0.0,0.98932,1.0,0.07143,0.94013,0.79523,0.33333,0.0,0.97652,1.0,0.85714,0.8,1.0,1.0,0.5,0.5,0.5,1.0,1.0,1.0,0.29877,0.5,1.0,0.64029,0.4,1.0,1.0,1.0,0.29877,0.8,0.26667,0.5,0.66667,0.0,1.0,0.66667,1.0
1.0,0.5,1.0,0.5,0.6,0.5,0.08042,0.6,0.43333,0.0,0.0,0.66667,1.0,0.33778,0.07111,0.0,0.92121,0.74286,1.0,0.91429,1.0,0.74286,0.0,0.87003,1.0,0.07143,1.0,0.81082,0.42857,0.0,0.9828,1.0,0.92857,0.8,1.0,1.0,0.5,0.5,0.5,1.0,1.0,1.0,0.63109,0.5,0.0,0.39205,1.0,1.0,1.0,1.0,0.63109,0.2,0.4,0.71429,1.0,0.2,1.0,0.42857,1.0
0.5,0.5,0.5,0.5,0.5,0.5,0.07052,0.86667,0.06667,0.0,0.0,0.66667,0.0,0.56889,0.0,0.5,0.5,0.0,1.0,1.0,1.0,0.5,1.0,0.9979,1.0,0.5,1.0,0.95165,0.71429,0.0,0.87288,0.57143,0.5,0.8,1.0,1.0,0.5,0.5,0.5,1.0,1.0,0.5,0.5,0.5,0.5,0.5,1.0,1.0,1.0,0.5,0.5,0.2,0.33333,0.57143,0.75,1.0,1.0,0.85714,0.5
1.0,0.5,1.0,0.5,1.0,0.5,0.07294,1.0,0.1,0.0,0.0,0.66667,1.0,0.85778,0.0,1.0,0.0,1.0,1.0,1.0,1.0,1.0,0.0,0.78386,1.0,0.28571,1.0,1.0,1.0,0.0,0.96292,1.0,0.78571,0.8,1.0,1.0,0.5,0.5,0.5,1.0,1.0,0.5,0.5,0.5,0.15261,0.0,0.6,1.0,1.0,0.5,0.5,0.6,0.53333,0.7,0.57143,1.0,1.0,0.4,1.0
1.0,0.5,1.0,0.5,1.0,0.5,0.08523,1.0,0.13333,0.0,0.0,0.66667,1.0,0.83111,0.00444,0.7255,0.0,0.58095,1.0,0.58095,1.0,0.58095,1.0,0.79929,1.0,0.07143,1.0,1.0,1.0,0.0,0.97595,1.0,0.92857,0.8,1.0,1.0,0.5,0.5,0.5,1.0,1.0,0.76742,0.55333,0.5,0.0,0.00609,1.0,1.0,1.0,0.76742,0.55333,0.2,0.66667,1.0,1.0,1.0,1.0,0.77778,1.0
0.0,1.0,0.0,1.0,1.0,1.0,0.08703,1.0,0.2,0.0,0.0,0.66667,0.0,0.66222,0.01333,0.82911,0.0,1.0,1.0,1.0,1.0,1.0,0.0,0.78024,1.0,0.07143,1.0,1.0,1.0,0.0,0.98712,1.0,1.0,0.76667,0.93333,0.94157,1.0,0.58969,0.57726,1.0,1.0,0.76742,0.55333,1.0,0.14544,0.12944,0.86667,1.0,1.0,0.76742,0.55333,0.36667,0.66667,1.0,1.0,0.88889,1.0,0.0,1.0
0.0,1.0,0.0,0.0,1.0,1.0,0.05848,0.26667,0.33333,0.0,0.0,0.66667,0.0,0.62222,0.01778,0.96531,0.0,1.0,1.0,1.0,1.0,1.0,1.0,0.76837,1.0,0.07143,0.81884,0.76975,0.0,0.0,0.98849,1.0,0.85714,0.8,1.0,1.0,0.5,0.58969,0.5,1.0,1.0,0.25144,0.14199,1.0,0.08825,0.13678,0.6,1.0,1.0,0.25144,0.14199,0.6,0.46667,0.66667,0.66667,0.83333,1.0,0.88889,1.0
1.0,0.5,1.0,0.5,0.26667,0.5,0.06391,0.26667,0.36667,0.0,0.0,0.66667,1.0,0.61778,0.01778,0.9734,0.0,1.0,1.0,1.0,1.0,1.0,0.0,0.75689,1.0,0.07143,0.88246,0.81911,0.0,0.0,0.99102,1.0,1.0,0.8,1.0,1.0,0.5,0.58969,0.5,1.0,1.0,0.80286,0.5033,1.0,0.13171,0.03036,0.6,1.0,1.0,0.80286,0.5033,0.6,0.46667,0.66667,1.0,0.83333,1.0,0.66667,1.0
1.0,0.5,0.0,0.5,0.33333,0.5,0.06232,0.33333,0.4,0.0,0.0,0.66667,1.0,0.62667,0.02222,0.98464,0.0,1.0,1.0,1.0,1.0,1.0,0.0,0.74957,1.0,0.07143,0.85239,0.79706,0.0,0.0,0.99303,1.0,1.0,0.8,1.0,1.0,0.5,0.58969,0.5,1.0,1.0,0.1852,0.25581,1.0,0.09607,0.07477,0.6,1.0,1.0,0.1852,0.25581,0.6,0.46667,0.66667,1.0,0.83333,1.0,0.66667,1.0
1.0,1.0,1.0,0.0,0.33333,0.33333,0.04615,0.33333,0.76667,0.0,0.0,0.66667,0.0,0.59111,0.01778,0.0,0.99762,1.0,1.0,1.0,1.0,1.0,0.0,0.69144,1.0,0.07143,0.58385,0.52023,0.0,0.0,0.99682,1.0,0.85714,0.8,1.0,1.0,0.5,0.58969,0.5,1.0,1.0,0.74205,0.49971,1.0,0.13672,0.04856,0.5,1.0,1.0,0.61983,0.61649,0.7,0.53333,0.77778,1.0,0.71429,1.0,0.0,1.0
1.0,0.5,1.0,0.5,0.33333,0.5,0.05322,0.33333,0.8,0.0,0.0,0.66667,1.0,0.57778,0.02222,0.0,0.98942,1.0,1.0,1.0,1.0,1.0,0.0,0.67957,1.0,0.07143,0.66134,0.58883,0.0,0.0,0.99729,1.0,1.0,0.8,1.0,1.0,0.5,0.58969,0.5,1.0,1.0,1.0,0.6821,1.0,0.0,0.01401,1.0,1.0,1.0,1.0,0.6821,0.2,0.53333,0.77778,1.0,0.71429,1.0,0.77778,1.0
0.5,0.5,0.5,0.5,0.5,0.5,0.04662,0.06667,0.6,0.0,0.0,0.66667,0.0,0.06667,0.0,0.99889,0.0,1.0,1.0,1.0,1.0,0.5,0.0,0.00719,0.01306,0.0,1.0,1.0,1.0,0.0,1.0,1.0,0.5,0.8,1.0,1.0,0.5,0.5,0.5,1.0,1.0,0.5,0.5,0.5,0.0,0.0,1.0,1.0,1.0,0.5,0.5,1.0,0.06667,1.0,1.0,1.0,1.0,1.0,0.5
0.0,0.0,0.0,0.0,0.06667,0.06667,0.04662,0.06667,0.66667,0.0,0.0,0.66667,0.0,0.06667,0.0,0.9993,0.0,1.0,1.0,1.0,1.0,1.0,0.0,0.00719,0.01306,0.0,1.0,1.0,1.0,0.0,1.0,1.0,1.0,0.8,1.0,1.0,0.5,0.5,0.5,1.0,1.0,0.5,0.5,0.5,0.0,0.0,1.0,1.0,1.0,0.5,0.5,1.0,0.06667,1.0,1.0,1.0,1.0,1.0,0.5
0.0,0.0,0.0,0.0,0.06667,0.06667,0.04662,0.06667,0.73333,0.0,0.0,0.66667,0.0,0.06667,0.0,0.99955,0.0,1.0,1.0,1.0,1.0,1.0,0.0,0.00719,0.01306,0.0,1.0,1.0,1.0,0.0,1.0,1.0,1.0,0.8,1.0,1.0,0.5,0.5,0.5,1.0,1.0,0.5,0.5,0.5,0.0,0.0,1.0,1.0,1.0,0.5,0.5,1.0,0.06667,1.0,1.0,1.0,1.0,1.0,0.5
0.0,0.0,0.0,0.0,0.06667,0.06667,0.04662,0.06667,0.8,0.0,0.0,0.66667,0.0,0.06667,0.0,0.99971,0.0,1.0,1.0,1.0,1.0,1.0,0.0,0.00719,0.01306,0.0,1.0,1.0,1.0,0.0,1.0,1.0,1.0,0.8,1.0,1.0,0.5,0.5,0.5,1.0,1.0,0.5,0.5,0.5,0.0,0.0,1.0,1.0,1.0,0.5,0.5,1.0,0.06667,1.0,1.0,1.0,1.0,1.0,0.5
0.5,0.5,0.5,0.5,0.5,0.5,0.07257,0.73333,0.0,0.88235,0.0,0.66667,0.0,0.15111,0.00889,0.99483,0.0,1.0,0.93333,0.92381,0.93333,0.5,0.0,0.758,1.0,0.14286,1.0,0.54898,0.8,1.0,0.94132,0.92857,0.5,0.8,1.0,1.0,0.5,0.5,0.5,1.0,1.0,0.5,0.5,0.5,0.0,0.42703,1.0,1.0,1.0,0.5,0.5,0.3,0.26667,0.6,1.0,0.66667,1.0,0.0,0.5
0.0,0.0,0.0,0.0,0.73333,0.73333,0.05585,0.73333,0.0,0.81081,0.0,0.66667,0.0,0.15556,0.00889,0.0,0.98029,1.0,1.0,0.87619,0.79048,0.93333,1.0,0.75112,1.0,0.14286,1.0,0.38804,0.83333,0.0,0.81933,0.85714,0.92857,0.8,1.0,1.0,0.5,0.5,0.5,1.0,1.0,0.5,0.5,0.5,0.61851,0.0,0.4,1.0,1.0,0.5,0.5,0.8,0.26667,0.5,0.66667,0.66667,1.0,0.16667,0.28571
0.0,0.5,0.0,0.5,0.73333,0.5,0.0506,0.73333,0.0,0.78947,0.0,0.66667,1.0,0.14667,0.00889,0.0,0.97237,1.0,1.0,0.87619,1.0,1.0,0.0,0.74875,1.0,0.14286,1.0,0.33178,0.83333,1.0,0.82131,1.0,1.0,0.8,1.0,1.0,0.5,0.5,0.5,1.0,1.0,0.0,0.1425,0.5,0.0,0.48643,1.0,1.0,1.0,0.0,0.1425,0.2,0.26667,0.5,1.0,0.66667,1.0,0.5,1.0
0.0,0.5,0.0,0.5,0.66667,0.5,0.04409,0.66667,0.0,0.76923,0.0,0.66667,1.0,0.14667,0.00889,0.0,0.97546,1.0,1.0,0.87619,1.0,1.0,0.0,0.74513,1.0,0.14286,0.90829,0.28207,0.66667,1.0,0.8221,1.0,1.0,0.8,1.0,1.0,0.5,0.5,0.5,1.0,1.0,0.0,0.1425,0.86132,0.0,0.0,1.0,1.0,1.0,0.0,0.1425,0.2,0.26667,0.5,0.33333,0.66667,1.0,0.5,1.0
0.0,0.5,0.0,0.5,0.66667,0.5,0.04029,0.66667,0.0,0.75,0.0,0.66667,1.0,0.14222,0.00889,0.0,0.97441,1.0,1.0,0.87619,1.0,1.0,0.0,0.73102,1.0,0.14286,0.86561,0.26885,0.66667,0.0,0.82248,1.0,1.0,0.8,1.0,1.0,0.5,0.5,0.5,1.0,1.0,0.0,0.1425,0.86132,0.0,0.0,1.0,1.0,1.0,0.0,0.1425,0.26667,0.2,0.33333,0.5,0.5,1.0,0.5,1.0
0.5,0.5,0.5,0.5,0.5,0.5,0.26745,0.8,0.2,0.0,0.5,0.0,0.0,0.24,0.08,0.92137,0.0,1.0,1.0,1.0,1.0,0.5,1.0,0.7443,1.0,0.25,1.0,1.0,1.0,0.0,1.0,0.75,0.5,0.8,1.0,1.0,0.5,0.5,0.5,1.0,1.0,0.5,0.5,0.5,0.25322,0.0,0.6,1.0,1.0,1.0,1.0,0.8,0.4,1.0,1.0,1.0,1.0,0.0,0.5
0.5,0.5,0.5,0.5,0.5,0.5,0.0557,0.2,0.33333,0.0,0.5,0.0,0.0,0.2,0.0,0.0,0.99979,0.9,0.9,1.0,1.0,0.5,0.0,0.01026,0.01865,0.0,1.0,1.0,1.0,0.0,1.0,1.0,0.5,0.8,1.0,1.0,0.5,0.5,0.5,1.0,1.0,0.5,0.5,0.5,0.0,0.0,1.0,1.0,1.0,0.5,0.5,1.0,0.2,1.0,1.0,1.0,1.0,0.0,0.5
0.0,0.0,0.0,0.0,0.2,0.2,0.0557,0.2,0.4,0.0,0.5,0.0,0.0,0.2,0.0,0.0,0.99985,1.0,0.9,1.0,1.0,1.0,0.0,0.01025,0.01865,0.0,1.0,1.0,1.0,0.0,1.0,1.0,1.0,0.8,1.0,1.0,0.5,0.5,0.5,1.0,1.0,0.5,0.5,0.5,0.0,0.0,1.0,1.0,1.0,0.5,0.5,1.0,0.2,1.0,1.0,1.0,1.0,0.0,0.75
0.5,0.5,0.5,0.5,0.5,0.5,0.14892,0.6,0.5,0.0,0.5,0.0,0.0,0.28,0.04,0.97328,0.0,1.0,1.0,1.0,1.0,0.5,1.0,0.99925,1.0,0.25,0.81165,0.49249,0.5,0.0,0.82944,0.5,0.5,0.8,1.0,1.0,0.5,0.5,0.5,1.0,1.0,0.5,0.5,0.5,0.0,0.0,1.0,1.0,1.0,0.5,0.5,0.6,0.4,0.5,0.0,1.0,1.0,0.0,0.5
0.5,0.5,0.5,0.5,0.5,0.5,0.24766,0.8,0.16667,0.0,0.5,0.0,0.0,0.36,0.04,0.67553,0.0,1.0,1.0,1.0,1.0,0.5,1.0,0.97664,1.0,0.25,1.0,1.0,1.0,0.0,0.73642,0.75,0.5,0.8,1.0,1.0,0.5,0.5,0.5,1.0,1.0,0.5,0.5,0.5,0.0,0.00918,1.0,1.0,1.0,1.0,0.1992,0.5,0.4,0.5,1.0,1.0,1.0,0.5,0.5
0.0,0.0,0.0,0.0,0.8,0.8,0.46589,0.8,0.93333,0.0,0.5,0.0,0.0,0.08,0.08,0.9991,0.0,1.0,1.0,0.5,1.0,0.4,1.0,0.71752,1.0,0.0,1.0,1.0,1.0,0.0,1.0,1.0,0.5,0.8,1.0,1.0,0.5,0.5,0.5,1.0,1.0,0.5,0.5,0.5,0.0,0.0,1.0,1.0,1.0,1.0,1.0,1.0,0.2,1.0,1.0,0.0,1.0,1.0,0.75
0.5,0.5,0.5,0.5,0.5,0.5,0.33174,0.8,0.03333,0.0,0.5,0.0,0.0,0.2,0.0,0.5,0.5,0.5,0.5,0.5,0.5,0.5,0.5,0.0,0.0,0.5,1.0,1.0,1.0,0.0,0.0,0.5,0.5,0.8,1.0,1.0,0.5,0.5,0.5,1.0,1.0,0.5,0.5,0.5,0.5,0.5,1.0,0.5,0.5,0.5,0.5,0.5,0.6,1.0,1.0,1.0,1.0,0.5,0.5
0.5,0.5,0.5,0.5,0.5,0.5,0.11401,0.4,0.3,0.0,0.5,0.0,0.0,0.52,0.04,0.81311,0.0,1.0,1.0,1.0,1.0,0.5,0.0,0.758,1.0,0.25,0.95087,0.81231,0.5,0.0,0.66667,0.5,0.5,0.7,1.0,1.0,0.5,0.5,0.5,1.0,1.0,0.5,0.5,0.5,0.0,0.0,1.0,1.0,1.0,0.5,0.5,0.4,0.4,0.5,1.0,1.0,1.0,0.0,0.5
0.5,0.5,0.5,0.5,0.5,0.5,0.33725,1.0,0.9,0.0,0.5,0.0,0.0,0.24,0.04,0.0,0.96454,1.0,0.9,1.0,1.0,0.5,1.0,0.9029,1.0,0.25,1.0,1.0,1.0,0.0,1.0,0.75,0.5,0.8,1.0,1.0,0.5,0.5,0.5,1.0,1.0,0.5,0.5,0.5,0.0,0.0,1.0,1.0,1.0,1.0,0.8786,0.5,0.4,1.0,1.0,0.0,1.0,0.0,0.5
0.5,0.5,0.5,0.5,0.5,0.5,0.23465,0.6,0.0,0.88235,0.5,0.0,0.0,0.28,0.0,0.99985,0.0,1.0,1.0,1.0,1.0,0.5,1.0,0.839,1.0,0.25,1.0,1.0,1.0,0.0,0.66667,0.75,0.5,0.8,1.0,1.0,0.5,0.5,0.5,1.0,1.0,0.5,0.5,0.5,0.0,0.0,1.0,1.0,1.0,0.5,0.5,0.7,0.4,0.5,1.0,1.0,1.0,0.5,0.5
0.5,0.5,0.5,0.5,0.5,0.5,0.07277,0.2,0.53333,0.0,0.5,0.0,0.0,0.76,0.0,1.0,0.0,0.6,0.6,1.0,1.0,0.5,1.0,0.64541,1.0,0.25,0.7081,0.54811,0.0,0.0,1.0,0.25,0.5,0.8,1.0,1.0,0.5,0.5,0.5,1.0,1.0,0.5,0.5,0.5,0.0,0.0902,1.0,1.0,1.0,0.5,0.5,0.2,0.4,1.0,1.0,1.0,1.0,0.0,0.5
0.5,0.5,0.5,0.5,0.5,0.5,0.21407,0.6,0.43333,0.0,0.5,0.0,0.0,0.44,0.0,0.99285,0.0,1.0,1.0,1.0,1.0,0.5,1.0,0.85707,1.0,0.0,1.0,0.93347,0.5,0.0,1.0,1.0,0.5,0.8,1.0,1.0,0.5,0.5,0.5,1.0,1.0,0.5,0.5,0.5,0.1579,0.02352,0.6,1.0,1.0,0.5,0.5,0.6,0.6,1.0,1.0,1.0,1.0,0.0,0.5
0.5,0.5,0.5,0.5,0.5,0.5,0.25472,0.8,0.03333,0.0,0.5,0.0,0.0,0.2,0.0,0.5,0.5,0.5,0.5,0.5,0.5,0.5,0.5,0.0,0.0,0.5,1.0,0.93103,0.5,0.0,0.0,0.5,0.5,0.8,1.0,1.0,0.5,0.5,0.5,1.0,1.0,0.5,0.5,0.5,0.5,0.5,1.0,0.5,0.5,0.5,0.5,0.2,0.6,1.0,1.0,1.0,1.0,0.5,0.5
0.5,0.5,0.5,0.5,0.5,0.5,0.19799,0.4,0.23333,0.0,0.5,0.0,0.0,0.88,0.08,0.9025,0.0,0.6,0.6,1.0,1.0,0.5,1.0,0.88719,1.0,0.25,1.0,0.88422,0.5,0.0,0.97013,1.0,0.5,0.8,1.0,1.0,0.5,0.5,0.5,1.0,1.0,0.5,0.5,0.5,0.0,0.07913,1.0,1.0,1.0,0.5,0.5,0.2,0.6,1.0,0.5,0.5,1.0,0.0,0.5
0.5,0.5,0.5,0.5,0.5,0.5,0.21275,0.6,0.43333,0.0,0.5,0.0,0.0,0.32,0.04,0.9236,0.0,1.0,1.0,1.0,1.0,0.5,0.0,0.90028,1.0,0.5,0.90269,0.82265,0.0,0.0,0.90817,1.0,0.5,0.8,1.0,1.0,0.5,0.5,0.5,1.0,1.0,0.5,0.5,0.5,0.0,0.0,1.0,1.0,1.0,0.5,0.5,1.0,0.2,0.0,1.0,1.0,1.0,0.0,0.5
0.0,0.0,0.0,0.0,0.6,0.6,0.18447,0.6,0.66667,0.0,0.5,0.0,0.0,0.16,0.04,0.0,0.98643,1.0,1.0,1.0,1.0,1.0,1.0,0.94908,1.0,0.5,0.72596,0.56981,0.0,0.0,0.85101,1.0,1.0,0.8,1.0,1.0,0.5,0.5,0.5,1.0,1.0,0.5,0.5,0.5,0.0,0.0,1.0,1.0,1.0,0.5,0.5,1.0,0.2,0.0,1.0,1.0,1.0,1.0,0.25
0.5,0.5,0.5,0.5,0.5,0.5,0.33333,1.0,0.03333,0.0,0.5,0.0,0.0,0.2,0.0,0.5,0.5,0.5,0.5,0.5,0.5,0.5,0.5,0.0,0.0,0.5,1.0,1.0,1.0,0.0,0.0,0.5,0.5,0.8,1.0,1.0,0.5,0.5,0.5,1.0,1.0,0.5,0.5,0.5,0.5,0.5,1.0,0.5,0.5,0.5,0.5,0.6,0.6,1.0,1.0,1.0,1.0,0.5,0.5
0.0,0.0,0.0,0.0,1.0,1.0,0.22285,0.8,0.66667,0.0,0.5,0.0,0.0,0.2,0.08,0.0,0.99086,0.9,0.9,1.0,0.9,1.0,1.0,0.84304,1.0,0.25,1.0,1.0,1.0,0.0,1.0,0.5,0.25,0.8,1.0,1.0,0.5,0.5,0.5,1.0,1.0,0.5,0.5,0.5,0.0,0.0,1.0,1.0,1.0,1.0,0.89017,0.5,0.4,1.0,1.0,1.0,1.0,0.0,0.75
0.5,0.5,0.5,0.5,0.5,0.5,0.09969,0.5,0.4,0.0,1.0,0.0,0.0,0.22,0.0,0.99463,0.0,1.0,0.95556,1.0,1.0,0.5,1.0,0.82875,1.0,0.11111,1.0,0.86988,0.5,0.0,0.87502,1.0,0.5,0.8,1.0,1.0,0.5,0.5,0.5,1.0,1.0,0.5,0.5,0.5,0.0,0.0,1.0,1.0,1.0,0.5,0.5,0.3,0.2,0.25,1.0,1.0,1.0,0.0,0.5
0.5,0.5,0.5,0.5,0.5,0.5,0.14166,0.8,0.03333,0.0,1.0,0.0,0.0,0.1,0.0,0.5,0.5,0.5,0.5,0.5,0.5,0.5,0.5,0.0,0.0,0.66667,1.0,0.70238,0.83333,0.0,0.0,0.5,0.5,0.8,1.0,1.0,0.5,0.5,0.5,1.0,1.0,0.5,0.5,0.5,0.5,0.5,1.0,0.5,0.5,0.5,0.5,0.25,0.7,1.0,1.0,1.0,1.0,0.5,0.5
0.5,0.5,0.5,0.5,0.5,0.5,0.05696,0.2,0.16667,0.0,1.0,0.0,0.0,0.48,0.0,0.87707,0.0,1.0,1.0,1.0,1.0,0.5,0.0,0.40597,0.73813,0.0,0.65014,0.49485,0.0,0.0,0.9322,1.0,0.5,0.8,1.0,1.0,0.5,0.5,0.5,1.0,1.0,0.5,0.5,0.5,0.0,0.0,1.0,1.0,1.0,0.5,0.5,0.2,0.4,1.0,0.66667,1.0,1.0,1.0,0.5
1.0,1.0,0.0,0.0,0.2,0.2,0.05094,0.2,0.53333,0.0,1.0,0.0,0.0,0.45,0.04,0.0,0.99616,1.0,1.0,1.0,1.0,1.0,0.0,0.77603,1.0,0.11111,0.65248,0.53808,0.0,0.0,0.79703,0.77778,0.88889,0.7,0.9,0.89441,0.43832,0.5,0.65748,1.0,1.0,0.5,0.5,0.5,0.1081,0.0,0.3,1.0,1.0,0.0,0.12091,1.0,0.1,0.0,1.0,0.0,1.0,0.75,1.0
1.0,0.5,0.0,0.5,0.2,0.5,0.05028,0.2,0.56667,0.0,1.0,0.0,1.0,0.45,0.04,0.0,0.99477,1.0,1.0,1.0,1.0,1.0,0.0,0.76238,1.0,0.11111,0.66536,0.53906,0.0,0.0,0.79677,1.0,1.0,0.6,1.0,1.0,0.5,0.5,0.5,1.0,1.0,0.30029,0.63525,0.5,0.0,0.04383,1.0,1.0,1.0,0.30029,0.63525,0.4,0.4,0.75,1.0,0.66667,1.0,0.0,1.0
0.0,0.0,0.0,0.0,0.2,0.2,0.02633,0.1,0.66667,0.0,1.0,0.0,0.0,0.42,0.05,0.0,0.93048,1.0,1.0,0.88889,0.73333,0.88889,1.0,0.74259,1.0,0.11111,0.36636,0.28519,0.0,0.0,0.79815,0.88889,1.0,0.7,1.0,1.0,0.5,0.53686,0.5,1.0,1.0,0.30029,0.63525,0.81146,0.0,0.0,1.0,1.0,1.0,0.30029,0.63525,0.3,0.3,0.5,0.5,0.5,1.0,0.75,1.0
0.5,0.5,0.5,0.5,0.5,0.5,0.1303,0.7,0.23333,0.0,1.0,0.0,0.0,0.12,0.01,0.92996,0.0,1.0,0.93333,1.0,1.0,0.5,1.0,0.6233,1.0,0.11111,1.0,1.0,1.0,0.0,0.5,0.77778,0.5,0.8,1.0,1.0,0.5,0.5,0.5,1.0,1.0,0.5,0.5,0.5,0.91125,0.00157,0.85,1.0,1.0,1.0,0.30383,0.6,0.2,1.0,0.0,1.0,1.0,1.0,0.5
0.0,0.0,0.0,0.0,0.6,0.5,0.10396,0.5,0.3,0.0,1.0,0.0,0.0,0.11,0.02,0.98373,0.0,1.0,0.95556,0.97778,1.0,0.95556,1.0,0.683,1.0,0.11111,1.0,0.94647,0.5,0.0,0.44444,0.66667,0.88889,0.8,1.0,1.0,0.5,0.5,0.5,1.0,1.0,1.0,0.15141,0.78496,0.0,0.0,1.0,1.0,1.0,1.0,0.15141,0.5,0.2,0.5,0.0,1.0,1.0,1.0,0.44444
0.5,0.5,0.5,0.5,0.5,0.5,0.01232,0.5,0.46667,0.0,1.0,0.0,0.0,0.25,0.14,0.0,0.96295,1.0,1.0,1.0,1.0,0.5,0.0,0.00222,0.00404,0.88889,1.0,1.0,1.0,0.0,0.5631,0.22222,0.5,0.0,1.0,1.0,0.5,0.5,0.5,1.0,1.0,0.5,0.5,0.5,0.0,0.0,1.0,1.0,0.0,0.44509,0.27812,1.0,0.1,0.0,1.0,0.0,1.0,0.0,0.5
0.0,0.0,0.0,0.0,0.5,0.5,0.00407,0.3,0.63333,0.0,1.0,0.0,0.0,0.22,0.14,0.0,0.99162,1.0,1.0,1.0,1.0,1.0,0.0,0.00035,0.00063,1.0,1.0,0.94894,0.66667,0.0,0.75,0.0,0.88889,0.0,1.0,1.0,0.5,0.5,0.5,1.0,1.0,0.5,0.5,0.5,0.0,0.0,1.0,1.0,0.0,0.0,0.0,1.0,0.1,0.0,1.0,0.0,1.0,0.0,1.0
0.0,0.5,0.0,0.5,0.3,0.5,0.00357,0.3,0.66667,0.0,1.0,0.0,1.0,0.21,0.13,0.0,0.99333,1.0,1.0,1.0,1.0,1.0,0.0,0.00027,0.00049,1.0,1.0,0.96628,0.66667,0.0,0.75,1.0,1.0,0.0,1.0,1.0,0.5,0.5,0.5,1.0,1.0,0.5,0.5,0.5,0.0,0.0,1.0,1.0,1.0,0.0,0.0,1.0,0.1,0.0,1.0,0.0,1.0,0.0,1.0
0.5,0.5,0.5,0.5,0.5,0.5,0.07117,0.6,0.03333,0.0,1.0,0.0,0.0,0.1,0.0,0.5,0.5,0.5,0.5,0.5,0.5,0.5,0.5,0.0,0.0,0.55556,0.75789,0.34091,0.6,0.0,0.0,0.5,0.5,0.8,1.0,1.0,0.5,0.5,0.5,1.0,1.0,0.5,0.5,0.5,0.5,0.5,1.0,0.5,0.5,0.5,0.5,0.35,0.5,0.8,1.0,1.0,1.0,0.5,0.5
0.5,0.5,0.5,0.5,0.5,0.5,0.13994,0.7,0.03333,0.0,1.0,0.0,0.0,0.1,0.0,0.5,0.5,0.5,0.5,0.5,0.5,0.5,0.5,0.0,0.0,0.55556,1.0,0.80588,0.6,0.0,0.0,0.5,0.5,0.8,1.0,1.0,0.5,0.5,0.5,1.0,1.0,0.5,0.5,0.5,0.5,0.5,1.0,0.5,0.5,0.5,0.5,0.2,0.5,0.8,1.0,1.0,1.0,0.5,0.5
0.5,0.5,0.5,0.5,0.5,0.5,0.13048,0.8,0.03333,0.0,1.0,0.0,0.0,0.1,0.0,0.5,0.5,0.5,0.5,0.5,0.5,0.5,0.5,0.0,0.0,0.55556,1.0,0.68085,0.6,0.0,0.0,0.5,0.5,0.8,1.0,1.0,0.5,0.5,0.5,1.0,1.0,0.5,0.5,0.5,0.5,0.5,1.0,0.5,0.5,0.5,0.5,0.35,0.6,1.0,1.0,1.0,1.0,0.5,0.5
1.0,0.5,1.0,0.5,0.8,0.5,0.14242,0.8,0.06667,0.0,1.0,0.0,1.0,0.56,0.0,0.5,0.5,0.0,1.0,1.0,1.0,0.0,1.0,0.90562,1.0,0.66667,1.0,0.81184,0.66667,0.0,0.92881,1.0,0.77778,0.8,1.0,1.0,0.5,0.5,0.5,1.0,1.0,0.5,0.5,0.5,0.5,0.5,1.0,1.0,1.0,0.5,0.5,0.2,0.4,1.0,0.66667,1.0,1.0,1.0,0.66667
1.0,1.0,0.0,1.0,0.8,1.0,0.16429,1.0,0.16667,0.0,1.0,0.0,0.0,0.49,0.01,0.63332,0.0,1.0,1.0,1.0,1.0,0.46667,1.0,0.93381,1.0,0.11111,1.0,1.0,1.0,0.0,0.97237,0.88889,0.88889,0.8,1.0,1.0,0.5,0.5,0.5,1.0,1.0,0.5,0.5,0.5,0.06917,0.14175,0.85,1.0,1.0,1.0,0.825,0.35,0.4,0.75,1.0,1.0,1.0,0.75,1.0
0.5,0.5,0.5,0.5,0.5,0.5,0.05583,0.4,0.33333,0.0,1.0,0.0,0.0,0.34,0.0,0.95368,0.0,1.0,1.0,1.0,1.0,0.5,0.0,0.76071,1.0,0.0,0.69831,0.36722,0.4,0.0,0.97657,0.88889,0.5,0.8,1.0,1.0,0.5,0.5,0.5,1.0,1.0,0.5,0.5,0.5,0.15877,0.16179,0.6,1.0,1.0,0.5,0.5,0.6,0.5,0.8,1.0,1.0,1.0,0.0,0.5
0.5,0.5,0.5,0.5,0.5,0.5,0.01601,0.2,0.53333,0.0,1.0,0.0,0.0,0.09,0.01,0.9917,0.0,0.95556,0.95556,1.0,1.0,0.5,0.0,0.57349,1.0,0.11111,0.33015,0.22281,0.0,0.0,0.66667,0.77778,0.5,0.8,1.0,1.0,0.5,0.5,0.5,1.0,1.0,0.5,0.5,0.5,1.0,0.00406,0.85,1.0,1.0,1.0,0.35007,0.35,0.2,0.5,1.0,1.0,1.0,0.0,0.5
0.5,0.5,0.5,0.5,0.5,0.5,0.13574,0.7,0.26667,0.0,1.0,0.0,0.0,0.2,0.1,0.0,0.99746,1.0,1.0,0.64444,1.0,0.5,1.0,0.83469,1.0,0.33333,0.95796,0.76348,0.5,0.0,0.64342,1.0,0.5,0.45,0.9,0.98677,1.0,0.5,1.0,1.0,1.0,0.5,0.5,0.5,0.043,0.01911,0.85,1.0,1.0,1.0,1.0,0.7,0.2,0.5,0.0,0.0,1.0,0.5,0.5
0.0,0.0,0.0,0.0,0.7,0.7,0.09749,0.7,0.4,0.0,1.0,0.0,0.0,0.13,0.14,0.0,0.99437,0.64444,1.0,0.62222,1.0,0.64444,0.0,0.72797,1.0,0.33333,0.65195,0.48362,0.0,0.0,0.57944,0.88889,0.88889,0.8,0.9,1.0,1.0,0.5,1.0,1.0,1.0,0.86315,0.12999,0.75443,0.6883,0.00281,0.75,1.0,1.0,1.0,0.47447,1.0,0.1,0.0,1.0,0.0,1.0,0.0,1.0
0.0,0.0,0.0,0.0,0.7,0.7,0.08138,0.7,0.5,0.0,1.0,0.0,0.0,0.13,0.18,0.0,0.96641,0.95556,1.0,0.64444,1.0,0.64444,0.0,0.02189,0.0398,0.11111,1.0,1.0,1.0,0.0,1.0,1.0,0.88889,0.8,1.0,1.0,0.5,0.5,0.5,1.0,1.0,1.0,0.24376,0.90479,0.62643,0.00824,0.6,1.0,1.0,1.0,0.50172,1.0,0.1,1.0,1.0,0.0,1.0,0.0,0.55556
0.0,0.0,0.0,0.0,0.7,0.7,0.0637,0.7,0.56667,0.0,1.0,0.0,0.0,0.12,0.18,0.0,0.97569,1.0,1.0,0.64444,1.0,1.0,0.0,0.01341,0.02439,0.11111,1.0,1.0,1.0,0.0,1.0,1.0,1.0,0.15,0.9,0.73634,0.75014,0.5,0.15003,1.0,1.0,1.0,0.42863,0.79917,0.0,0.0,1.0,1.0,1.0,1.0,0.42863,1.0,0.1,1.0,1.0,0.0,1.0,0.0,0.55556
0.0,0.0,0.0,0.0,0.5,0.5,0.0,0.5,0.63333,0.0,1.0,0.0,0.0,0.1,0.11,0.0,0.95515,0.95556,1.0,0.64444,1.0,0.95556,0.0,0.0001,0.00018,0.33333,1.0,1.0,1.0,0.0,1.0,1.0,0.77778,0.0,1.0,1.0,0.5,0.20253,0.5,1.0,1.0,1.0,0.42863,0.79917,0.0,0.0,1.0,1.0,1.0,1.0,0.42863,1.0,0.1,0.0,1.0,0.0,1.0,0.0,0.55556
0.0,0.5,0.0,0.5,0.5,0.5,0.0,0.5,0.66667,0.0,1.0,0.0,1.0,0.1,0.1,0.0,0.96014,0.95556,1.0,0.64444,1.0,0.95556,0.0,0.0001,0.00018,0.11111,1.0,1.0,1.0,0.0,0.75217,1.0,0.77778,0.0,1.0,1.0,0.5,0.20253,0.5,1.0,1.0,1.0,0.42863,0.79917,0.0,0.0,1.0,1.0,1.0,1.0,0.42863,1.0,0.1,0.0,1.0,0.0,1.0,0.0,1.0
0.0,0.0,0.0,0.0,0.2,0.2,0.0,0.4,0.76667,0.0,1.0,0.0,0.0,0.1,0.08,0.0,0.97822,1.0,1.0,0.64444,1.0,1.0,0.0,0.0001,0.00018,0.11111,1.0,1.0,1.0,0.0,0.75199,0.88889,1.0,0.0,1.0,1.0,0.5,0.20253,0.5,1.0,1.0,1.0,0.42863,0.79917,0.0,0.0,1.0,1.0,1.0,1.0,0.42863,1.0,0.1,0.0,1.0,0.0,1.0,0.0,1.0
0.5,0.5,0.5,0.5,0.5,0.5,0.0,0.1,0.13333,0.0,1.0,0.0,0.0,0.3,0.05,0.92808,0.0,0.71111,0.91111,0.77778,0.64444,0.5,0.0,0.0001,0.00018,0.11111,1.0,1.0,1.0,1.0,1.0,1.0,0.5,1.0,0.5,0.4198,0.06908,0.5,0.01382,1.0,1.0,0.5,0.5,0.5,0.0,0.0,1.0,1.0,1.0,0.5,0.5,1.0,0.0,0.0,1.0,1.0,1.0,1.0,0.5
1.0,1.0,1.0,1.0,0.1,0.1,0.0,0.2,0.86667,0.0,1.0,0.0,0.0,0.1,0.05,0.0,0.98446,1.0,1.0,0.77778,1.0,0.57778,0.0,0.79328,1.0,0.11111,0.0,0.0,0.25,0.0,0.89068,0.22222,0.55556,0.0,1.0,1.0,0.5,0.5,0.5,1.0,1.0,0.5,0.5,0.5,0.0,0.0,1.0,1.0,1.0,0.5,0.5,1.0,0.1,0.0,1.0,1.0,1.0,0.0,0.22222
0.5,0.5,0.5,0.5,0.5,0.5,0.11063,0.6,0.1,0.0,1.0,0.0,0.0,0.37,0.0,0.99762,0.0,0.77778,0.6,1.0,1.0,0.5,1.0,0.9117,1.0,0.66667,1.0,0.66895,0.66667,0.0,0.8374,1.0,0.5,0.8,1.0,1.0,0.5,0.5,0.5,1.0,1.0,0.5,0.5,0.5,0.0,0.0,1.0,1.0,1.0,0.5,0.5,0.2,0.5,0.66667,1.0,1.0,1.0,0.0,0.5
0.5,0.5,0.5,0.5,0.5,0.5,0.00249,0.5,0.9,0.0,1.0,0.0,0.0,0.02,0.11,0.0,0.99186,0.77778,0.77778,0.73333,0.77778,0.5,0.0,0.88703,1.0,0.66667,0.02906,0.00587,0.75,0.0,0.77723,0.44444,0.5,0.45,1.0,1.0,0.5,0.5,0.5,1.0,1.0,0.5,0.5,0.5,0.32822,0.0,0.55,1.0,1.0,0.33691,0.12739,1.0,0.1,0.0,1.0,0.0,1.0,0.0,0.5
0.0,0.0,0.0,0.0,0.5,0.5,0.002,0.5,0.96667,0.0,1.0,0.0,0.0,0.02,0.11,0.0,0.99398,0.77778,1.0,0.86667,1.0,0.77778,1.0,0.98288,1.0,0.11111,0.02114,0.00359,0.4,0.0,0.7212,1.0,0.44444,0.0,0.9,0.99592,0.5978,0.5,0.32879,1.0,1.0,0.09803,0.25383,0.7868,0.0,0.38028,1.0,1.0,1.0,0.09803,0.25383,1.0,0.1,0.0,1.0,0.0,1.0,0.0,1.0
0.0,0.5,0.0,0.5,0.5,0.5,0.00197,0.5,1.0,0.0,1.0,0.0,1.0,0.02,0.12,0.0,0.9949,0.77778,0.77778,0.73333,1.0,0.77778,0.0,0.88845,1.0,0.66667,0.02294,0.00462,0.75,0.0,0.77753,1.0,0.44444,0.45,1.0,1.0,0.5,0.5,0.5,1.0,1.0,0.09803,0.25383,0.7868,1.0,0.0,0.85,1.0,1.0,0.09803,0.25383,0.9,0.2,0.25,1.0,1.0,1.0,0.0,1.0
0.5,0.5,0.5,0.5,0.5,0.5,0.06967,0.2,0.33333,0.0,1.0,0.0,0.0,0.34,0.02,0.98889,0.0,1.0,1.0,0.97778,1.0,0.5,1.0,0.81871,1.0,0.11111,0.69997,0.45198,0.0,0.0,0.97277,0.88889,0.5,0.8,1.0,1.0,0.5,0.5,0.5,1.0,1.0,0.5,0.5,0.5,0.0559,0.07121,0.6,1.0,1.0,0.5,0.5,0.6,0.4,0.75,0.66667,1.0,1.0,0.0,0.5
1.0,0.0,0.0,0.0,0.2,0.2,0.0931,0.5,0.9,0.0,1.0,0.0,0.0,0.27,0.01,0.0,0.97688,0.71111,1.0,0.82222,1.0,0.8,0.0,0.55379,1.0,0.22222,1.0,1.0,1.0,0.0,1.0,1.0,0.44444,0.8,1.0,1.0,0.5,0.5,0.5,1.0,1.0,0.29346,0.46194,0.9609,0.0,0.12357,1.0,1.0,1.0,0.37056,0.6375,0.75,0.2,1.0,1.0,0.0,1.0,0.0,1.0
0.0,0.0,0.0,0.0,0.4,0.4,0.02169,0.4,0.0,0.81081,1.0,0.0,0.0,0.2,0.04,0.0,0.98716,1.0,1.0,0.86667,0.82222,0.8,1.0,0.86712,1.0,0.22222,0.13411,0.08044,0.0,1.0,1.0,0.77778,0.55556,0.35,0.8,0.98989,0.89515,0.5,1.0,1.0,1.0,0.29346,0.46194,0.9609,0.32779,0.0,0.9,1.0,1.0,1.0,0.37829,0.75,0.3,0.66667,1.0,0.5,1.0,0.0,0.88889
1.0,0.5,0.0,0.5,0.4,0.5,0.02077,0.4,0.0,0.78947,1.0,0.0,1.0,0.18,0.04,0.0,0.98545,1.0,1.0,0.88889,1.0,1.0,0.0,0.84387,1.0,0.22222,0.12484,0.07338,0.0,1.0,0.99912,1.0,1.0,0.55,0.9,0.99442,1.0,1.0,1.0,1.0,1.0,0.19693,0.0941,0.9609,0.30764,0.20434,0.45,1.0,1.0,0.19693,0.0941,1.0,0.1,0.0,1.0,0.0,1.0,0.66667,1.0
1.0,0.5,1.0,0.5,0.4,0.5,0.02131,0.4,0.0,0.76923,1.0,0.0,1.0,0.18,0.05,0.0,0.98427,1.0,1.0,0.88889,1.0,1.0,0.0,0.83567,1.0,0.22222,0.12664,0.07705,0.0,1.0,0.99929,1.0,1.0,0.8,0.9,0.99979,1.0,1.0,1.0,1.0,1.0,1.0,0.69549,0.9609,0.34809,0.03277,0.6,1.0,1.0,1.0,0.69549,0.6,0.4,1.0,1.0,0.66667,1.0,0.0,1.0
0.5,0.5,0.5,0.5,0.5,0.5,0.09255,0.4,0.1,0.0,1.0,0.0,0.0,0.38,0.03,0.68284,0.0,0.66667,1.0,0.93333,1.0,0.5,1.0,0.80642,1.0,0.11111,0.88966,0.78294,0.33333,0.0,0.5625,0.88889,0.5,0.8,1.0,1.0,0.5,0.5,0.5,1.0,1.0,0.5,0.5,0.5,0.0,0.0,1.0,1.0,1.0,1.0,1.0,0.4,0.2,0.33333,1.0,1.0,1.0,0.0,0.5
0.0,0.0,0.0,0.0,0.3,0.3,0.04492,0.3,0.36667,0.0,1.0,0.0,0.0,0.24,0.08,0.0,0.99146,0.77778,1.0,0.6,1.0,1.0,0.0,0.79398,1.0,0.11111,0.44734,0.35704,0.0,0.0,0.5625,1.0,0.77778,0.7,1.0,1.0,0.5,0.31562,0.5,1.0,1.0,0.5,0.5,0.5,0.0,0.0,1.0,1.0,1.0,1.0,1.0,1.0,0.1,0.0,1.0,0.0,1.0,0.33333,0.55556
0.0,0.5,0.0,0.5,0.2,0.5,0.0,0.2,0.4,0.0,1.0,0.0,1.0,0.22,0.11,0.0,0.93944,0.62222,1.0,0.71111,1.0,0.62222,0.0,0.0001,0.00018,0.44444,1.0,1.0,1.0,0.0,1.0,1.0,0.55556,0.0,0.8,0.76356,0.20909,0.20909,0.06273,1.0,1.0,0.5,0.5,0.5,0.0,0.0,1.0,1.0,1.0,1.0,1.0,1.0,0.1,0.0,1.0,0.0,1.0,0.0,0.44444
0.5,0.5,0.5,0.5,0.5,0.5,0.10186,0.6,0.03333,0.0,1.0,0.0,0.0,0.1,0.0,0.5,0.5,0.5,0.5,0.5,0.5,0.5,0.5,0.0,0.0,0.55556,1.0,0.75904,0.6,0.0,0.0,0.5,0.5,0.8,1.0,1.0,0.5,0.5,0.5,1.0,1.0,0.5,0.5,0.5,0.5,0.5,1.0,0.5,0.5,0.5,0.5,0.2,0.6,1.0,1.0,1.0,1.0,0.5,0.5
0.5,0.5,0.5,0.5,0.5,0.5,0.00511,0.7,1.0,0.0,1.0,0.0,0.0,0.04,0.11,0.0,0.9439,1.0,1.0,0.77778,1.0,0.5,0.0,0.00013,0.00024,0.11111,1.0,1.0,1.0,0.0,0.89699,0.22222,0.5,0.0,0.9,0.94786,0.3629,0.5,0.3629,1.0,1.0,0.5,0.5,0.5,0.0,0.0,1.0,1.0,1.0,0.02064,0.45203,1.0,0.1,0.0,1.0,0.0,1.0,0.0,0.5
0.0,0.5,0.0,0.5,0.7,0.5,0.0023,0.7,0.0,0.96774,1.0,0.0,1.0,0.03,0.11,0.0,0.94361,1.0,1.0,0.77778,1.0,1.0,0.0,0.0001,0.00018,0.11111,1.0,1.0,1.0,0.0,0.89388,1.0,0.77778,0.0,0.9,0.99993,1.0,1.0,1.0,0.8,0.83333,0.5,0.5,0.5,0.0,0.0,1.0,1.0,1.0,0.02064,0.45203,1.0,0.1,0.0,1.0,0.0,1.0,0.0,1.0
0.0,0.5,0.0,0.5,0.7,0.5,0.00103,0.7,0.0,0.9375,1.0,0.0,1.0,0.03,0.11,0.0,0.94314,1.0,1.0,0.77778,1.0,1.0,0.0,0.0001,0.00018,0.11111,1.0,1.0,1.0,0.0,0.89391,1.0,1.0,0.0,1.0,1.0,0.5,1.0,0.5,1.0,1.0,0.5,0.5,0.5,0.0,0.0,1.0,1.0,1.0,0.02064,0.45203,1.0,0.1,0.0,1.0,0.0,1.0,0.0,1.0
0.0,0.5,0.0,0.5,0.6,0.5,0.00086,0.6,0.0,0.90909,1.0,0.0,1.0,0.01,0.11,0.0,0.94468,1.0,1.0,0.71111,1.0,1.0,0.0,0.0001,0.00018,0.11111,1.0,1.0,1.0,0.0,0.89394,1.0,1.0,0.0,1.0,1.0,0.5,1.0,0.5,1.0,1.0,0.5,0.5,0.5,0.0,0.0,1.0,1.0,1.0,0.02064,0.45203,1.0,0.1,0.0,1.0,0.0,1.0,0.0,1.0
1.0,0.5,1.0,0.5,0.7,0.5,0.00093,0.7,0.0,0.88235,1.0,0.0,1.0,0.01,0.11,0.0,0.9484,1.0,1.0,0.71111,1.0,1.0,0.0,0.0001,0.00018,0.11111,1.0,1.0,1.0,0.0,0.89396,1.0,1.0,0.0,0.9,0.99995,1.0,1.0,1.0,0.8,0.83333,0.5,0.5,0.5,0.0,0.0,1.0,1.0,1.0,0.02064,0.45203,1.0,0.1,0.0,1.0,0.0,1.0,0.0,1.0
1.0,0.5,1.0,0.5,0.7,0.5,0.00119,0.7,0.0,0.85714,1.0,0.0,1.0,0.01,0.11,0.0,0.95302,1.0,1.0,0.71111,1.0,1.0,0.0,0.0001,0.00018,0.11111,1.0,1.0,1.0,0.0,0.89397,1.0,1.0,0.0,1.0,1.0,0.5,1.0,0.5,1.0,1.0,0.5,0.5,0.5,0.0,0.0,1.0,1.0,1.0,0.02064,0.45203,1.0,0.1,0.0,1.0,0.0,1.0,0.0,1.0
1.0,1.0,1.0,1.0,0.7,0.7,0.00125,0.7,0.0,0.81081,1.0,0.0,0.0,0.01,0.12,0.0,0.9435,1.0,1.0,0.57778,0.55556,0.55556,0.0,0.0001,0.00018,0.11111,1.0,1.0,1.0,0.0,0.9406,0.33333,0.66667,0.0,0.9,0.99365,0.50316,1.0,0.50316,1.0,1.0,0.5,0.5,0.5,0.0,0.0,1.0,1.0,1.0,0.02064,0.45203,1.0,0.1,0.0,1.0,0.0,1.0,0.0,1.0
0.0,0.5,1.0,0.5,0.7,0.5,0.00126,0.7,0.0,0.78947,1.0,0.0,1.0,0.01,0.11,0.0,0.96251,1.0,1.0,0.57778,1.0,1.0,0.0,0.0001,0.00018,0.11111,1.0,1.0,1.0,0.0,0.9406,1.0,1.0,0.0,1.0,1.0,0.5,1.0,0.5,1.0,1.0,0.5,0.5,0.5,0.0,0.0,1.0,1.0,1.0,0.02064,0.45203,1.0,0.1,0.0,1.0,0.0,1.0,0.0,1.0
0.0,0.5,0.0,0.5,0.7,0.5,0.00068,0.7,0.0,0.76923,1.0,0.0,1.0,0.01,0.12,0.0,0.9753,1.0,1.0,0.66667,1.0,1.0,0.0,0.0001,0.00018,0.11111,1.0,1.0,1.0,0.0,0.94059,1.0,1.0,0.0,0.9,0.99374,0.39386,0.39386,0.39386,1.0,1.0,0.5,0.5,0.5,0.0,0.0,1.0,1.0,1.0,0.02064,0.45203,1.0,0.1,0.0,1.0,0.0,1.0,0.0,1.0
0.0,0.5,0.0,0.5,0.7,0.5,0.00033,0.7,0.0,0.75,1.0,0.0,1.0,0.01,0.12,0.0,0.98292,1.0,1.0,0.66667,1.0,1.0,0.0,0.0001,0.00018,0.11111,1.0,1.0,1.0,0.0,0.94059,1.0,1.0,0.0,1.0,1.0,0.5,0.39386,0.5,1.0,1.0,0.5,0.5,0.5,0.0,0.0,1.0,1.0,1.0,0.02064,0.45203,1.0,0.1,0.0,1.0,0.0,1.0,0.0,1.0
0.5,0.5,0.5,0.5,0.5,0.5,0.0112,0.2,0.03333,0.0,1.0,0.0,0.0,0.1,0.0,0.5,0.5,0.5,0.5,0.5,0.5,0.5,0.5,0.0,0.0,0.55556,0.10076,0.05584,0.2,0.0,0.0,0.5,0.5,0.8,1.0,1.0,0.5,0.5,0.5,1.0,1.0,0.5,0.5,0.5,0.5,0.5,1.0,0.5,0.5,0.5,0.5,0.2,0.6,1.0,1.0,1.0,1.0,0.5,0.5
1.0,1.0,1.0,1.0,0.2,0.2,0.016,0.2,0.16667,0.0,1.0,0.0,0.0,0.24,0.02,0.94709,0.0,1.0,0.91111,0.97778,0.86667,0.82222,1.0,0.92819,1.0,0.0,0.12076,0.07795,0.0,0.0,0.95396,0.77778,0.77778,0.8,1.0,1.0,0.5,0.5,0.5,1.0,1.0,0.5,0.5,0.5,0.0,0.0,1.0,1.0,1.0,0.5,0.5,0.2,0.4,1.0,1.0,0.66667,1.0,0.0,1.0
0.0,0.0,0.0,0.0,0.2,0.2,8e-05,0.2,0.0,0.88235,1.0,0.0,0.0,0.07,0.02,0.0,0.98505,1.0,1.0,0.93333,1.0,0.75556,0.0,0.0001,0.00018,0.11111,1.0,1.0,1.0,0.0,0.5,0.55556,0.55556,0.0,1.0,1.0,0.5,0.5,0.5,1.0,1.0,0.5,0.5,0.5,0.0,0.0,1.0,1.0,1.0,0.5,0.5,1.0,0.1,0.0,1.0,1.0,1.0,0.0,1.0
0.0,0.0,0.0,0.0,0.2,0.3,6e-05,0.3,0.0,0.81081,1.0,0.0,0.0,0.07,0.03,0.0,0.98744,1.0,1.0,0.84444,1.0,0.91111,0.0,0.0001,0.00018,0.11111,1.0,1.0,1.0,0.0,1.0,0.77778,0.77778,0.0,1.0,1.0,0.5,0.5,0.5,1.0,1.0,0.5,0.5,0.5,0.0,0.0,1.0,1.0,1.0,0.00039,1.0,1.0,0.1,0.0,1.0,0.0,1.0,0.0,1.0
1.0,0.5,1.0,0.5,0.4,0.5,7e-05,0.4,0.0,0.78947,1.0,0.0,1.0,0.07,0.03,0.0,0.9799,0.82222,1.0,0.75556,1.0,0.82222,1.0,0.00102,0.00185,0.11111,1.0,1.0,1.0,0.0,1.0,1.0,1.0,0.15,1.0,1.0,0.5,0.5,0.5,1.0,1.0,0.5,0.5,0.5,0.0,0.0,1.0,1.0,1.0,0.00039,1.0,0.85,0.2,1.0,1.0,1.0,1.0,0.0,1.0
1.0,0.5,1.0,0.5,0.3,0.5,8e-05,0.3,0.0,0.76923,1.0,0.0,1.0,0.07,0.03,0.0,0.98506,1.0,1.0,0.75556,1.0,1.0,0.0,0.00079,0.00143,0.11111,0.97957,0.95996,0.0,0.0,0.5,1.0,1.0,0.4,1.0,1.0,0.5,0.5,0.5,1.0,1.0,0.5,0.5,0.5,0.0,0.0,1.0,1.0,1.0,0.00039,1.0,0.6,0.2,1.0,0.0,1.0,1.0,1.0,1.0
0.5,0.5,0.5,0.5,0.5,0.5,0.02032,0.06667,0.23333,0.0,0.0,0.66667,0.0,0.41778,0.0,0.89752,0.0,1.0,1.0,1.0,1.0,0.5,0.0,0.99138,1.0,0.0,0.2969,0.20824,0.0,0.0,0.96033,1.0,0.5,0.8,1.0,1.0,0.5,0.5,0.5,1.0,1.0,0.5,0.5,0.5,0.04282,0.13979,0.6,1.0,1.0,0.5,0.5,0.6,0.33333,0.57143,1.0,1.0,1.0,0.0,0.5
0.0,0.5,0.0,0.5,0.06667,0.5,0.01921,0.06667,0.26667,0.0,0.0,0.66667,1.0,0.42222,0.00444,0.67687,0.0,1.0,1.0,1.0,1.0,1.0,1.0,0.99664,1.0,0.0,0.27983,0.21574,0.0,0.0,0.96735,1.0,1.0,0.8,1.0,1.0,0.5,0.5,0.5,1.0,1.0,0.15628,0.55333,0.5,0.01944,0.1164,0.6,1.0,1.0,0.15628,0.55333,0.6,0.33333,0.57143,1.0,1.0,1.0,0.57143,1.0
0.0,0.0,0.0,0.0,0.06667,0.06667,0.00374,0.06667,0.56667,0.0,0.0,0.66667,0.0,0.4,0.03111,0.99776,0.0,1.0,1.0,1.0,1.0,1.0,1.0,0.99158,1.0,0.0,0.05466,0.04191,0.0,0.0,0.9911,0.78571,1.0,0.0,0.8,0.84836,0.5041,0.15334,0.5041,1.0,1.0,0.15946,0.44639,0.51175,0.01621,0.03595,1.0,1.0,1.0,0.07183,0.86789,1.0,0.06667,0.0,1.0,0.0,1.0,0.42857,1.0
0.5,0.5,0.5,0.5,0.5,0.5,0.09584,1.0,0.06667,0.0,0.0,0.66667,0.0,0.51111,0.0,0.5,0.5,0.13333,0.86667,1.0,1.0,0.5,1.0,0.97547,1.0,0.42857,1.0,1.0,1.0,1.0,0.86578,0.78571,0.5,0.8,1.0,1.0,0.5,0.5,0.5,1.0,1.0,0.5,0.5,0.5,0.5,0.5,1.0,1.0,1.0,0.5,0.5,0.2,0.4,0.71429,0.8,1.0,1.0,1.0,0.5
0.5,0.5,0.5,0.5,0.5,0.5,0.00013,0.33333,0.83333,0.0,0.0,0.66667,0.0,0.16889,0.04444,0.0,0.99517,1.0,1.0,0.60952,1.0,0.5,1.0,0.75885,1.0,0.28571,0.00354,0.00096,0.375,0.0,0.83197,0.78571,0.5,0.0,1.0,1.0,0.5,0.5,0.5,1.0,1.0,0.5,0.5,0.5,0.0,0.0,1.0,1.0,1.0,1.0,0.07846,1.0,0.06667,0.0,1.0,0.0,1.0,0.0,0.5
0.0,1.0,0.0,1.0,0.33333,0.33333,0.00015,0.33333,0.9,0.0,0.0,0.66667,0.0,0.16,0.04889,0.0,0.99539,1.0,1.0,0.58095,1.0,1.0,0.0,0.0001,0.00018,0.57143,1.0,0.53883,0.75,0.0,0.77325,0.35714,0.71429,0.0,1.0,1.0,0.5,0.5,0.5,1.0,1.0,0.5,0.5,0.5,0.0,0.0,1.0,1.0,1.0,1.0,0.07846,1.0,0.06667,0.0,1.0,0.0,1.0,0.0,1.0
1.0,0.5,1.0,0.5,0.33333,0.5,0.00023,0.33333,0.93333,0.0,0.0,0.66667,1.0,0.15556,0.04889,0.0,0.99606,1.0,1.0,0.58095,1.0,1.0,0.0,0.0001,0.00018,0.57143,1.0,0.98986,0.75,0.0,0.77417,1.0,1.0,0.36667,0.93333,1.0,1.0,1.0,1.0,1.0,1.0,0.5,0.5,0.5,0.0,0.0,1.0,1.0,1.0,1.0,0.07846,0.76667,0.2,0.5,1.0,0.0,1.0,0.0,1.0
1.0,0.5,1.0,0.5,0.46667,0.5,0.00028,0.46667,0.96667,0.0,0.0,0.66667,1.0,0.15556,0.04889,0.0,0.99748,1.0,1.0,0.58095,1.0,1.0,0.0,0.0001,0.00018,0.57143,1.0,1.0,1.0,0.0,0.90256,1.0,0.85714,0.23333,1.0,1.0,0.5,1.0,0.5,1.0,1.0,0.5,0.5,0.5,0.0,0.0,1.0,1.0,1.0,1.0,0.07846,0.83333,0.2,0.5,0.5,0.0,1.0,0.5,0.35714
0.0,0.5,0.0,0.5,0.46667,0.5,0.00025,0.46667,1.0,0.0,0.0,0.66667,1.0,0.16,0.04889,0.0,0.99807,1.0,1.0,0.58095,1.0,1.0,0.0,0.0001,0.00018,0.57143,1.0,1.0,1.0,0.0,0.90419,1.0,1.0,0.26667,1.0,1.0,0.5,1.0,0.5,1.0,1.0,0.5,0.5,0.5,0.0,0.0,1.0,1.0,1.0,1.0,0.07846,0.76667,0.2,0.5,0.5,0.0,1.0,0.5,0.35714
0.5,0.5,0.5,0.5,0.5,0.5,0.02248,0.26667,0.16667,0.0,0.0,0.66667,0.0,0.17778,0.01333,0.0,0.96208,0.88571,0.89524,0.85714,1.0,0.5,1.0,0.92294,1.0,0.14286,0.31536,0.15269,0.0,0.0,0.94585,0.64286,0.5,0.8,1.0,1.0,0.5,0.5,0.5,1.0,1.0,0.5,0.5,0.5,1.0,0.00125,0.73333,1.0,1.0,0.5,0.5,0.46667,0.33333,0.66667,1.0,1.0,1.0,0.0,0.5
0.0,0.0,0.0,0.0,0.26667,0.26667,0.0125,0.26667,0.73333,0.0,0.0,0.66667,0.0,0.08889,0.00444,0.98201,0.0,1.0,1.0,0.87619,1.0,0.90476,0.0,0.98337,1.0,0.07143,0.15618,0.05942,0.16667,0.0,0.8362,0.85714,0.71429,0.0,1.0,1.0,0.5,0.5,0.5,1.0,1.0,1.0,0.30571,0.97776,0.0,0.0,1.0,1.0,1.0,0.0,0.152,1.0,0.06667,0.0,1.0,0.0,1.0,0.0,1.0
0.0,0.0,0.0,0.0,0.26667,0.26667,0.01285,0.33333,0.83333,0.0,0.0,0.66667,0.0,0.08444,0.00889,0.9853,0.0,0.85714,0.97143,0.89524,1.0,0.78095,0.0,0.55068,1.0,0.14286,0.64898,0.27798,0.5,0.0,0.79627,0.85714,0.71429,0.0,1.0,1.0,0.5,0.5,0.5,1.0,1.0,1.0,0.30571,0.97776,0.0,0.0,1.0,1.0,1.0,0.0,0.152,1.0,0.06667,0.0,1.0,0.0,1.0,0.0,1.0
1.0,1.0,1.0,0.0,0.33333,0.33333,0.01277,0.33333,0.9,0.0,0.0,0.66667,0.0,0.08444,0.00889,0.98258,0.0,1.0,1.0,0.89524,0.97143,1.0,1.0,0.55315,1.0,0.14286,0.65038,0.25614,0.5,0.0,0.8,1.0,1.0,0.2,1.0,1.0,0.5,0.5,0.5,1.0,1.0,1.0,0.30571,0.97776,0.0,0.0,1.0,1.0,1.0,0.0,0.152,0.8,0.2,0.5,0.5,1.0,1.0,0.0,1.0
0.5,0.5,0.5,0.5,0.5,0.5,0.03481,0.2,0.4,0.0,0.0,0.66667,0.0,0.32444,0.00889,0.0,0.9875,1.0,0.86667,0.52381,0.65714,0.5,0.0,0.79125,1.0,0.71429,0.44171,0.28307,0.0,0.0,0.96461,0.35714,0.5,0.5,1.0,1.0,0.5,0.5,0.5,1.0,1.0,0.5,0.5,0.5,0.0,0.0,1.0,1.0,1.0,0.03663,0.25213,0.5,0.2,0.5,1.0,1.0,1.0,0.5,0.5
1.0,1.0,1.0,1.0,0.2,0.2,0.03741,0.2,0.46667,0.0,0.0,0.66667,0.0,0.30222,0.01333,0.0,0.99955,0.88571,0.98095,0.57143,0.77143,0.88571,1.0,0.98173,1.0,0.5,0.48808,0.28045,0.0,0.0,0.97784,0.5,0.85714,0.46667,1.0,1.0,0.5,0.5,0.5,1.0,1.0,0.5,0.5,0.5,0.0,0.0673,1.0,1.0,1.0,0.03663,0.25213,0.53333,0.2,0.33333,1.0,1.0,1.0,0.0,1.0
0.0,1.0,0.0,1.0,0.26667,0.26667,0.00086,0.26667,0.9,0.0,0.0,0.66667,0.0,0.16,0.02222,0.0,0.91131,1.0,0.9619,0.84762,1.0,0.61905,0.0,0.0001,0.00018,0.64286,1.0,1.0,1.0,0.0,0.97148,0.28571,0.42857,0.0,1.0,1.0,0.5,0.5,0.5,1.0,1.0,0.5,0.5,0.5,0.0,0.0,1.0,1.0,1.0,0.03663,0.25213,1.0,0.06667,0.0,1.0,0.0,1.0,0.0,1.0
0.0,0.0,0.0,0.0,0.26667,0.33333,0.00076,0.33333,0.96667,0.0,0.0,0.66667,0.0,0.13778,0.01778,0.9263,0.0,0.78095,1.0,0.79048,0.78095,0.86667,0.0,0.0001,0.00018,0.71429,1.0,1.0,1.0,0.0,0.97258,0.57143,1.0,0.0,1.0,1.0,0.5,0.5,0.5,1.0,1.0,0.5,0.5,0.5,0.0,0.0,1.0,1.0,1.0,0.03663,0.25213,1.0,0.06667,0.0,1.0,0.0,1.0,0.0,1.0
0.0,0.0,0.0,0.0,0.33333,0.4,0.00065,0.4,0.0,0.9375,0.0,0.66667,0.0,0.12,0.01778,0.0,0.90007,0.6381,0.80952,0.69524,1.0,0.6381,0.0,0.0001,0.00018,0.64286,1.0,1.0,1.0,0.0,0.97095,0.07143,1.0,0.16667,1.0,1.0,0.5,0.5,0.5,1.0,1.0,0.5,0.5,0.5,0.00416,0.0,0.83333,1.0,1.0,0.03663,0.25213,1.0,0.06667,0.0,1.0,0.0,1.0,0.0,1.0
0.0,0.0,0.0,0.0,0.4,0.4,0.00059,0.4,0.0,0.88235,0.0,0.66667,0.0,0.10667,0.01778,0.0,0.97418,0.74286,0.90476,0.95238,0.72381,0.74286,0.0,0.0001,0.00018,0.42857,1.0,1.0,1.0,0.0,0.97627,0.64286,1.0,0.26667,1.0,1.0,0.5,0.5,0.5,1.0,1.0,0.0,0.13194,0.92076,0.02143,0.0,0.73333,1.0,1.0,0.0,0.13194,1.0,0.06667,0.0,1.0,0.0,1.0,0.0,1.0
0.5,0.5,0.5,0.5,0.5,0.5,0.03646,0.4,0.0,0.96774,0.0,0.66667,0.0,0.23111,0.0,0.99994,0.0,1.0,1.0,1.0,1.0,0.5,0.0,0.75714,1.0,0.07143,0.68716,0.36776,0.5,0.0,0.98766,1.0,0.5,0.8,1.0,1.0,0.5,0.5,0.5,1.0,1.0,0.5,0.5,0.5,1.0,0.00882,0.6,1.0,1.0,0.5,0.5,0.6,0.4,0.625,1.0,1.0,1.0,0.0,0.5
0.5,0.5,0.5,0.5,0.5,0.5,0.03551,0.33333,0.1,0.0,0.0,0.66667,0.0,0.08,0.0,0.98469,0.0,0.9619,0.97143,1.0,1.0,0.5,0.0,0.56289,1.0,0.07143,1.0,0.77155,0.33333,0.0,0.5625,0.71429,0.5,0.8,1.0,1.0,0.5,0.5,0.5,1.0,1.0,0.5,0.5,0.5,0.0,0.0,1.0,1.0,1.0,0.5,0.5,0.2,0.2,0.66667,0.5,1.0,1.0,0.66667,0.5
0.0,0.0,0.0,0.0,0.33333,0.26667,0.02614,0.26667,0.2,0.0,0.0,0.66667,0.0,0.07111,0.0,0.98946,0.0,0.98095,0.95238,1.0,1.0,0.98095,0.0,0.56383,1.0,0.07143,0.6037,0.50285,0.0,0.0,0.44444,0.78571,0.92857,0.8,1.0,1.0,0.5,0.5,0.5,1.0,1.0,0.5,0.5,0.5,0.0,0.0,1.0,1.0,1.0,0.5,0.5,1.0,0.06667,0.0,1.0,1.0,1.0,0.0,1.0
0.0,0.0,0.0,0.0,0.26667,0.26667,0.02608,0.26667,0.26667,0.0,0.0,0.66667,0.0,0.06667,0.0,0.99416,0.0,1.0,0.98095,1.0,1.0,1.0,0.0,0.00569,0.01035,0.14286,1.0,1.0,1.0,1.0,1.0,0.92857,0.78571,0.8,1.0,1.0,0.5,0.5,0.5,1.0,1.0,0.5,0.5,0.5,0.0,0.0,1.0,1.0,1.0,0.5,0.5,0.63333,0.13333,1.0,1.0,1.0,1.0,0.0,0.5
0.0,0.0,0.0,0.0,0.26667,0.13333,0.02034,0.13333,0.33333,0.0,0.0,0.66667,0.0,0.07111,0.0,0.99642,0.0,0.9619,0.9619,1.0,1.0,0.9619,0.0,0.55062,1.0,0.07143,0.79715,0.45101,0.33333,0.0,0.5625,0.85714,0.85714,0.8,1.0,1.0,0.5,0.5,0.5,1.0,1.0,0.5,0.5,0.5,0.0,0.0,1.0,1.0,1.0,0.5,0.5,0.2,0.13333,0.33333,1.0,1.0,1.0,0.33333,0.42857
0.0,0.5,0.0,0.5,0.13333,0.5,0.01636,0.13333,0.36667,0.0,0.0,0.66667,1.0,0.06667,0.0,0.99889,0.0,0.9619,0.99048,1.0,1.0,0.9619,1.0,0.56819,1.0,0.07143,0.46074,0.31664,0.0,0.0,0.42188,1.0,0.85714,0.8,1.0,1.0,0.5,0.5,0.5,1.0,1.0,0.5,0.5,0.5,0.0,0.0,1.0,1.0,1.0,0.5,0.5,0.2,0.13333,0.33333,0.0,1.0,1.0,0.33333,1.0
0.5,0.5,0.5,0.5,0.5,0.5,0.0,0.13333,0.3,0.0,0.0,0.66667,0.0,0.10667,0.07111,0.0,0.98789,0.98095,1.0,0.98095,0.73333,0.5,1.0,0.98502,1.0,0.07143,0.0,0.0,0.125,0.0,0.86965,0.78571,0.5,0.0,1.0,1.0,0.5,0.5,0.5,1.0,1.0,0.5,0.5,0.5,0.0,0.0,1.0,1.0,1.0,0.0,0.484,1.0,0.06667,0.0,1.0,1.0,1.0,0.0,0.5
1.0,1.0,1.0,1.0,0.2,0.2,0.00314,0.66667,0.76667,0.0,0.0,0.66667,0.0,0.04444,0.02222,0.93823,0.0,0.99048,0.88571,0.72381,0.99048,0.88571,1.0,0.9584,1.0,0.07143,0.07277,0.01148,0.63636,0.0,0.73279,1.0,0.78571,0.0,1.0,1.0,0.5,0.5,0.5,1.0,1.0,0.5,0.5,0.5,1.0,0.0,1.0,1.0,1.0,0.0,0.484,1.0,0.06667,0.0,1.0,0.0,1.0,0.0,1.0
1.0,1.0,1.0,1.0,0.66667,0.73333,0.00423,0.73333,0.93333,0.0,0.0,0.66667,0.0,0.01778,0.03111,0.0,0.99738,1.0,1.0,0.8,1.0,0.99048,1.0,0.97789,1.0,0.07143,0.09641,0.00832,0.72727,0.0,0.73402,0.28571,1.0,0.0,1.0,1.0,0.5,0.5,0.5,1.0,1.0,0.5,0.5,0.5,1.0,0.0,1.0,1.0,1.0,0.0,0.484,1.0,0.06667,0.0,1.0,0.0,1.0,0.0,1.0
0.0,0.0,0.0,0.0,0.8,0.8,0.00419,0.8,1.0,0.0,0.0,0.66667,0.0,0.01333,0.03111,0.0,0.98904,1.0,1.0,0.88571,1.0,1.0,1.0,0.98095,1.0,0.07143,0.09498,0.00811,0.81818,0.0,0.73418,0.14286,1.0,0.0,1.0,1.0,0.5,0.5,0.5,1.0,1.0,0.5,0.5,0.5,0.0,0.0,1.0,1.0,1.0,0.0,0.484,1.0,0.06667,0.0,1.0,0.0,1.0,0.0,1.0
0.0,0.0,0.0,0.0,0.8,0.8,0.00418,0.8,0.0,0.9375,0.0,0.66667,0.0,0.00889,0.03111,0.0,0.98908,1.0,1.0,0.88571,1.0,1.0,1.0,0.98229,1.0,0.07143,0.09451,0.00807,0.81818,0.0,0.73429,1.0,1.0,0.0,1.0,1.0,0.5,0.5,0.5,1.0,1.0,0.5,0.5,0.5,0.0,0.0,1.0,1.0,1.0,0.0,0.484,1.0,0.06667,0.0,1.0,0.0,1.0,0.0,1.0
0.0,0.5,0.0,0.5,0.8,0.5,0.00418,0.8,0.0,0.90909,0.0,0.66667,1.0,0.00889,0.03111,0.0,0.98982,1.0,1.0,0.88571,1.0,1.0,1.0,0.98244,1.0,0.07143,0.09445,0.00806,0.81818,0.0,0.73433,1.0,1.0,0.0,1.0,1.0,0.5,0.5,0.5,1.0,1.0,0.5,0.5,0.5,0.0,0.0,1.0,1.0,1.0,0.0,0.484,1.0,0.06667,0.0,1.0,0.0,1.0,0.0,1.0
0.5,0.5,0.5,0.5,0.5,0.5,0.00623,0.46667,0.93333,0.0,0.0,0.66667,0.0,0.04,0.02667,0.0,0.99992,0.92381,0.98095,0.84762,0.94286,0.5,0.0,0.00017,0.0003,0.07143,1.0,1.0,1.0,0.0,1.0,0.64286,0.5,0.8,1.0,1.0,0.5,0.5,0.5,1.0,1.0,0.5,0.5,0.5,0.0,0.00398,1.0,1.0,1.0,0.14804,0.75497,0.93333,0.13333,0.5,0.0,0.0,1.0,0.0,0.5
0.0,0.0,0.0,0.0,0.46667,0.46667,0.006,0.46667,1.0,0.0,0.0,0.66667,0.0,0.03556,0.02667,0.99205,0.0,0.98095,0.98095,0.88571,0.88571,1.0,0.0,0.00015,0.00028,0.07143,1.0,1.0,1.0,0.0,1.0,0.64286,1.0,0.8,1.0,1.0,0.5,0.5,0.5,1.0,1.0,0.5,0.5,0.5,0.0,0.00323,1.0,1.0,1.0,0.14804,0.75497,0.93333,0.13333,0.5,0.0,0.0,1.0,0.0,0.21429
0.0,0.0,0.0,0.0,0.46667,0.46667,0.00583,0.46667,0.0,0.81081,0.0,0.66667,0.0,0.04,0.00889,0.0,0.99488,0.97143,0.99048,0.89524,0.97143,0.97143,0.0,0.00015,0.00027,0.07143,1.0,1.0,1.0,0.0,1.0,0.85714,1.0,0.8,1.0,1.0,0.5,0.5,0.5,1.0,1.0,0.5,0.5,0.5,0.00196,0.0,0.93333,1.0,1.0,0.14804,0.75497,0.9,0.13333,0.5,0.0,0.0,1.0,0.0,0.21429
0.5,0.5,0.5,0.5,0.5,0.5,0.18555,0.4,0.06667,0.0,0.5,0.0,0.0,0.68,0.0,0.5,0.5,0.4,0.6,1.0,1.0,0.5,1.0,0.77854,1.0,0.25,1.0,1.0,1.0,0.0,0.75,0.25,0.5,0.8,1.0,1.0,0.5,0.5,0.5,1.0,1.0,0.5,0.5,0.5,0.5,0.5,1.0,1.0,1.0,0.5,0.5,0.4,0.4,1.0,0.0,1.0,1.0,1.0,0.5
0.0,0.0,0.0,0.0,0.2,0.2,0.05629,0.2,0.43333,0.0,0.5,0.0,0.0,0.68,0.04,0.66515,0.0,0.6,1.0,1.0,1.0,1.0,0.0,0.01048,0.01905,0.0,1.0,1.0,1.0,0.0,1.0,1.0,0.75,0.8,1.0,1.0,0.5,0.5,0.5,1.0,1.0,0.5,0.5,0.5,0.0,0.0,1.0,1.0,1.0,0.18284,0.6375,1.0,0.2,1.0,1.0,0.0,1.0,1.0,0.25
0.0,0.5,0.0,0.5,0.2,0.5,0.05263,0.2,0.46667,0.0,0.5,0.0,1.0,0.68,0.04,0.78392,0.0,1.0,1.0,0.6,1.0,1.0,0.0,0.00916,0.01665,0.0,1.0,1.0,1.0,0.0,1.0,1.0,1.0,0.8,1.0,1.0,0.5,0.5,0.5,1.0,1.0,0.5,0.5,0.5,0.0,0.0,1.0,1.0,1.0,0.18284,0.6375,1.0,0.2,1.0,1.0,0.0,1.0,1.0,0.25
0.0,0.5,0.0,0.5,0.2,0.5,0.04876,0.2,0.5,0.0,0.5,0.0,1.0,0.68,0.04,0.86635,0.0,1.0,1.0,1.0,1.0,1.0,0.0,0.00786,0.01429,0.0,1.0,1.0,1.0,0.0,1.0,1.0,1.0,0.8,1.0,1.0,0.5,0.5,0.5,1.0,1.0,0.5,0.5,0.5,0.0,0.0,1.0,1.0,1.0,0.18284,0.6375,1.0,0.2,1.0,1.0,0.0,1.0,1.0,0.25
0.0,0.0,0.0,0.0,0.2,0.2,0.03477,0.2,0.63333,0.0,0.5,0.0,0.0,0.52,0.04,0.99655,0.0,1.0,1.0,1.0,1.0,1.0,0.0,0.004,0.00727,0.0,1.0,1.0,1.0,0.0,1.0,0.75,1.0,0.8,1.0,1.0,0.5,0.5,0.5,1.0,1.0,0.5,0.5,0.5,0.0,0.0,1.0,1.0,1.0,0.18284,0.6375,1.0,0.2,1.0,1.0,0.0,1.0,1.0,0.25
0.5,0.5,0.5,0.5,0.5,0.5,0.21917,0.8,0.16667,0.0,0.5,0.0,0.0,0.64,0.0,0.89523,0.0,1.0,1.0,1.0,1.0,0.5,1.0,0.89137,1.0,0.0,1.0,1.0,1.0,0.0,0.99037,1.0,0.5,0.8,1.0,1.0,0.5,0.5,0.5,1.0,1.0,0.5,0.5,0.5,0.0,0.0,1.0,1.0,1.0,0.5,0.5,0.3,0.6,1.0,1.0,1.0,1.0,1.0,0.5
0.5,0.5,0.5,0.5,0.5,0.5,0.16702,0.2,0.1,0.0,0.5,0.0,0.0,0.28,0.0,0.93048,0.0,0.9,0.9,1.0,1.0,0.5,1.0,0.81159,1.0,0.25,0.85427,0.74562,0.0,0.0,0.5,0.75,0.5,0.8,1.0,1.0,0.5,0.5,0.5,1.0,1.0,0.5,0.5,0.5,0.0,0.0,1.0,1.0,1.0,0.5,0.5,1.0,0.2,0.0,1.0,1.0,1.0,0.0,0.5
0.0,0.5,0.0,0.5,0.2,0.5,0.16699,0.2,0.13333,0.0,0.5,0.0,1.0,0.28,0.0,0.94877,0.0,1.0,0.9,1.0,1.0,1.0,0.0,0.09218,0.16761,0.0,1.0,1.0,1.0,0.0,1.0,1.0,0.75,0.8,1.0,1.0,0.5,0.5,0.5,1.0,1.0,0.5,0.5,0.5,0.0,0.0,1.0,1.0,1.0,0.5,0.5,1.0,0.2,1.0,1.0,1.0,1.0,1.0,0.5
0.0,0.5,0.0,0.5,0.2,0.5,0.16698,0.2,0.16667,0.0,0.5,0.0,1.0,0.28,0.0,0.95403,0.0,1.0,1.0,1.0,1.0,1.0,0.0,0.09218,0.1676,0.0,1.0,1.0,1.0,0.0,1.0,1.0,1.0,0.8,1.0,1.0,0.5,0.5,0.5,1.0,1.0,0.5,0.5,0.5,0.0,0.0,1.0,1.0,1.0,0.5,0.5,1.0,0.2,1.0,1.0,1.0,1.0,1.0,0.5
0.0,0.5,0.0,0.5,0.2,0.5,0.16698,0.2,0.2,0.0,0.5,0.0,1.0,0.24,0.0,0.95633,0.0,1.0,1.0,1.0,1.0,1.0,0.0,0.09218,0.16759,0.0,1.0,1.0,1.0,0.0,1.0,1.0,1.0,0.8,1.0,1.0,0.5,0.5,0.5,1.0,1.0,0.5,0.5,0.5,0.0,0.0,1.0,1.0,1.0,0.5,0.5,1.0,0.2,1.0,1.0,1.0,1.0,1.0,0.5
0.0,0.5,0.0,0.5,0.2,0.5,0.16698,0.2,0.23333,0.0,0.5,0.0,1.0,0.24,0.0,0.9623,0.0,1.0,1.0,1.0,1.0,1.0,0.0,0.09218,0.16759,0.0,1.0,1.0,1.0,0.0,1.0,1.0,1.0,0.8,1.0,1.0,0.5,0.5,0.5,1.0,1.0,0.5,0.5,0.5,0.0,0.0,1.0,1.0,1.0,0.5,0.5,1.0,0.2,1.0,1.0,1.0,1.0,1.0,0.5
0.0,0.5,0.0,0.5,0.2,0.5,0.16698,0.2,0.26667,0.0,0.5,0.0,1.0,0.2,0.0,0.97424,0.0,1.0,1.0,1.0,1.0,1.0,0.0,0.09218,0.16759,0.0,1.0,1.0,1.0,0.0,1.0,1.0,1.0,0.8,1.0,1.0,0.5,0.5,0.5,1.0,1.0,0.5,0.5,0.5,0.0,0.0,1.0,1.0,1.0,0.5,0.5,1.0,0.2,1.0,1.0,1.0,1.0,1.0,0.5
0.0,0.5,0.0,0.5,0.2,0.5,0.16698,0.2,0.3,0.0,0.5,0.0,1.0,0.2,0.0,0.9814,0.0,1.0,1.0,1.0,1.0,1.0,0.0,0.09218,0.16759,0.0,1.0,1.0,1.0,0.0,1.0,1.0,1.0,0.8,1.0,1.0,0.5,0.5,0.5,1.0,1.0,0.5,0.5,0.5,0.0,0.0,1.0,1.0,1.0,0.5,0.5,1.0,0.2,1.0,1.0,1.0,1.0,1.0,0.5
0.0,0.5,0.0,0.5,0.2,0.5,0.16698,0.2,0.33333,0.0,0.5,0.0,1.0,0.2,0.0,0.98668,0.0,1.0,1.0,1.0,1.0,1.0,0.0,0.09218,0.16759,0.0,1.0,1.0,1.0,0.0,1.0,1.0,1.0,0.8,1.0,1.0,0.5,0.5,0.5,1.0,1.0,0.5,0.5,0.5,0.0,0.0,1.0,1.0,1.0,0.5,0.5,1.0,0.2,1.0,1.0,1.0,1.0,1.0,0.5
0.0,0.5,0.0,0.5,0.2,0.5,0.16698,0.2,0.36667,0.0,0.5,0.0,1.0,0.2,0.0,0.99042,0.0,1.0,1.0,1.0,1.0,1.0,0.0,0.09218,0.16759,0.0,1.0,1.0,1.0,0.0,1.0,1.0,1.0,0.8,1.0,1.0,0.5,0.5,0.5,1.0,1.0,0.5,0.5,0.5,0.0,0.0,1.0,1.0,1.0,0.5,0.5,1.0,0.2,1.0,1.0,1.0,1.0,1.0,0.5
0.0,0.5,0.0,0.5,0.2,0.5,0.16698,0.2,0.4,0.0,0.5,0.0,1.0,0.2,0.0,0.99291,0.0,1.0,1.0,1.0,1.0,1.0,0.0,0.09218,0.16759,0.0,1.0,1.0,1.0,0.0,1.0,1.0,1.0,0.8,1.0,1.0,0.5,0.5,0.5,1.0,1.0,0.5,0.5,0.5,0.0,0.0,1.0,1.0,1.0,0.5,0.5,1.0,0.2,1.0,1.0,1.0,1.0,1.0,0.5
0.5,0.5,0.5,0.5,0.5,0.5,0.22051,0.8,0.16667,0.0,0.5,0.0,0.0,0.4,0.04,0.87882,0.0,1.0,0.9,1.0,1.0,0.5,0.0,0.81359,1.0,0.25,1.0,1.0,1.0,0.0,1.0,1.0,0.5,0.8,1.0,1.0,0.5,0.5,0.5,1.0,1.0,0.5,0.5,0.5,0.0,0.0,1.0,1.0,1.0,1.0,1.0,0.5,0.4,1.0,1.0,1.0,1.0,0.0,0.5
0.5,0.5,0.5,0.5,0.5,0.5,0.10469,0.2,0.36667,0.0,0.5,0.0,0.0,0.24,0.04,0.98166,0.0,0.9,0.9,1.0,1.0,0.5,0.0,0.77511,1.0,0.25,0.61192,0.44084,0.0,0.0,0.76148,1.0,0.5,0.8,1.0,1.0,0.5,0.5,0.5,1.0,1.0,0.5,0.5,0.5,0.0,0.0,1.0,1.0,1.0,0.5,0.5,1.0,0.2,0.0,1.0,1.0,1.0,0.0,0.5
1.0,1.0,1.0,1.0,0.2,0.2,0.14773,0.2,0.53333,0.0,0.5,0.0,0.0,0.24,0.04,0.99701,0.0,1.0,0.9,1.0,1.0,1.0,0.0,0.7698,1.0,0.25,0.84321,0.72892,0.0,0.0,0.91941,1.0,1.0,0.8,1.0,1.0,0.5,0.5,0.5,1.0,1.0,0.5,0.5,0.5,0.0,0.0,1.0,1.0,1.0,0.5,0.5,0.2,0.4,1.0,1.0,1.0,1.0,0.0,0.25
0.5,0.5,0.5,0.5,0.5,0.5,0.22733,1.0,0.06667,0.0,0.5,0.0,0.0,0.48,0.0,0.5,0.5,0.4,1.0,1.0,1.0,0.5,1.0,0.89398,1.0,0.25,1.0,1.0,1.0,0.0,0.95238,0.75,0.5,0.8,1.0,1.0,0.5,0.5,0.5,1.0,1.0,0.5,0.5,0.5,0.5,0.5,1.0,1.0,1.0,0.5,0.5,0.2,0.6,1.0,1.0,1.0,1.0,1.0,0.5
0.5,0.5,0.5,0.5,0.5,0.5,0.18602,0.4,0.1,0.0,0.5,0.0,0.0,0.6,0.08,0.66629,0.0,0.7,1.0,1.0,0.7,0.5,1.0,0.8075,1.0,0.25,0.94963,0.90409,0.0,0.0,0.91171,0.75,0.5,0.3,0.8,0.74737,0.0,0.5,0.19306,1.0,1.0,0.5,0.5,0.5,0.0,0.0,1.0,1.0,1.0,1.0,1.0,0.7,0.4,1.0,1.0,1.0,1.0,0.0,0.5
0.0,0.5,0.0,0.5,0.4,0.5,0.17513,0.4,0.13333,0.0,0.5,0.0,1.0,0.64,0.12,0.83921,0.0,1.0,1.0,1.0,1.0,1.0,0.0,0.79703,1.0,0.25,0.92016,0.85212,0.0,1.0,0.85592,1.0,1.0,0.4,0.8,0.77941,1.0,1.0,1.0,1.0,1.0,0.5,0.5,0.5,0.0,0.0,1.0,1.0,1.0,1.0,1.0,0.6,0.4,1.0,0.0,1.0,1.0,1.0,1.0
0.5,0.5,0.5,0.5,0.5,0.5,0.22791,0.4,0.33333,0.0,0.5,0.0,0.0,0.2,0.08,0.76585,0.0,1.0,1.0,1.0,1.0,0.5,1.0,0.90467,1.0,0.25,0.95788,0.91917,0.0,0.0,1.0,0.75,0.5,0.8,0.8,1.0,0.0,0.5,1.0,1.0,1.0,0.5,0.5,0.5,0.0,0.0,1.0,1.0,1.0,1.0,1.0,0.3,0.4,1.0,1.0,1.0,1.0,0.0,0.5
0.5,0.5,0.5,0.5,0.5,0.5,0.2,0.6,0.03333,0.0,0.5,0.0,0.0,0.2,0.0,0.5,0.5,0.5,0.5,0.5,0.5,0.5,0.5,0.0,0.0,0.5,1.0,1.0,1.0,0.0,0.0,0.5,0.5,0.8,1.0,1.0,0.5,0.5,0.5,1.0,1.0,0.5,0.5,0.5,0.5,0.5,1.0,0.5,0.5,0.5,0.5,0.2,0.6,1.0,1.0,1.0,1.0,0.5,0.5
0.0,0.0,0.0,1.0,0.2,0.6,0.20662,0.6,0.2,0.0,0.5,0.0,0.0,0.48,0.0,0.0,0.87095,1.0,1.0,1.0,1.0,0.8,0.0,0.96596,1.0,0.25,1.0,1.0,1.0,0.0,0.66667,1.0,1.0,0.8,1.0,1.0,0.5,0.5,0.5,1.0,1.0,0.5,0.5,0.5,0.0,0.0,1.0,1.0,1.0,0.5,0.5,0.6,0.4,0.5,1.0,1.0,1.0,0.0,1.0
0.5,0.5,0.5,0.5,0.5,0.5,0.2,0.6,0.03333,0.0,0.5,0.0,0.0,0.2,0.0,0.5,0.5,0.5,0.5,0.5,0.5,0.5,0.5,0.0,0.0,0.5,1.0,1.0,1.0,0.0,0.0,0.5,0.5,0.8,1.0,1.0,0.5,0.5,0.5,1.0,1.0,0.5,0.5,0.5,0.5,0.5,1.0,0.5,0.5,0.5,0.5,0.2,0.6,1.0,1.0,1.0,1.0,0.5,0.5
0.5,0.5,0.5,0.5,0.5,0.5,0.2,0.6,0.03333,0.0,0.5,0.0,0.0,0.2,0.0,0.5,0.5,0.5,0.5,0.5,0.5,0.5,0.5,0.0,0.0,0.5,1.0,1.0,1.0,0.0,0.0,0.5,0.5,0.8,1.0,1.0,0.5,0.5,0.5,1.0,1.0,0.5,0.5,0.5,0.5,0.5,1.0,0.5,0.5,0.5,0.5,0.3,0.6,1.0,1.0,1.0,1.0,0.5,0.5
1.0,1.0,0.0,1.0,0.6,0.8,0.26862,1.0,0.3,0.0,0.5,0.0,0.0,0.6,0.04,0.971,0.0,1.0,1.0,1.0,1.0,0.6,1.0,0.76736,1.0,0.0,1.0,1.0,1.0,0.0,0.94174,1.0,0.75,0.8,1.0,1.0,0.5,0.5,0.5,1.0,1.0,0.5,0.5,0.5,0.21028,0.03283,0.6,1.0,1.0,1.0,0.54775,0.6,0.4,1.0,1.0,1.0,1.0,1.0,0.5
0.5,0.5,0.5,0.5,0.5,0.5,0.2,0.6,0.03333,0.0,0.5,0.0,0.0,0.2,0.0,0.5,0.5,0.5,0.5,0.5,0.5,0.5,0.5,0.0,0.0,0.5,1.0,1.0,1.0,0.0,0.0,0.5,0.5,0.8,1.0,1.0,0.5,0.5,0.5,1.0,1.0,0.5,0.5,0.5,0.5,0.5,1.0,0.5,0.5,0.5,0.5,0.2,0.6,1.0,1.0,1.0,1.0,0.5,0.5
1.0,0.5,1.0,0.5,0.6,0.5,0.20415,0.6,0.06667,0.0,0.5,0.0,1.0,0.72,0.0,0.5,0.5,0.0,1.0,1.0,1.0,0.0,1.0,0.68942,1.0,0.25,0.97322,0.81645,0.33333,0.0,0.9,1.0,0.75,0.8,1.0,1.0,0.5,0.5,0.5,1.0,1.0,0.5,0.5,0.5,0.5,0.5,1.0,1.0,1.0,0.5,0.5,0.2,0.8,1.0,0.66667,1.0,1.0,0.66667,1.0
0.5,0.5,0.5,0.5,0.5,0.5,0.18871,0.2,0.16667,0.0,0.5,0.0,0.0,0.28,0.0,0.98472,0.0,1.0,0.9,1.0,1.0,0.5,0.0,0.79098,1.0,0.25,0.99635,0.99272,0.0,0.0,1.0,1.0,0.5,0.8,1.0,1.0,0.5,0.5,0.5,1.0,1.0,0.5,0.5,0.5,0.0,0.0,1.0,1.0,1.0,0.5,0.5,0.4,0.4,1.0,1.0,1.0,1.0,0.0,0.5
0.0,0.0,0.0,0.0,0.2,0.2,0.11561,0.2,0.0,0.88235,0.5,0.0,0.0,0.28,0.0,0.0,0.99312,1.0,1.0,1.0,1.0,0.9,1.0,0.6963,1.0,0.0,0.5038,0.33672,0.0,0.0,0.91999,0.75,1.0,0.8,1.0,1.0,0.5,0.5,0.5,1.0,1.0,0.5,0.5,0.5,0.0,0.0,1.0,1.0,1.0,0.5,0.5,1.0,0.2,0.0,1.0,1.0,1.0,1.0,0.75
1.0,0.5,1.0,0.5,0.2,0.5,0.12276,0.2,0.0,0.85714,0.5,0.0,1.0,0.28,0.0,0.0,0.997,1.0,1.0,1.0,1.0,1.0,1.0,0.70926,1.0,0.0,0.53007,0.36061,0.0,0.0,0.91464,1.0,1.0,0.8,1.0,1.0,0.5,0.5,0.5,1.0,1.0,0.5,0.5,0.5,0.0,0.0,1.0,1.0,1.0,0.5,0.5,1.0,0.2,0.0,1.0,1.0,1.0,0.0,0.0
1.0,0.5,1.0,0.5,0.2,0.5,0.13286,0.2,0.0,0.83333,0.5,0.0,1.0,0.28,0.0,0.0,0.99875,1.0,1.0,1.0,1.0,1.0,1.0,0.71889,1.0,0.0,0.56979,0.3984,0.0,0.0,0.91332,1.0,1.0,0.8,1.0,1.0,0.5,0.5,0.5,1.0,1.0,0.5,0.5,0.5,0.0,0.0,1.0,1.0,1.0,0.5,0.5,1.0,0.2,0.0,1.0,1.0,1.0,0.0,0.0
1.0,0.5,1.0,0.5,0.2,0.5,0.14352,0.2,0.0,0.81081,0.5,0.0,1.0,0.28,0.0,0.0,0.99969,1.0,1.0,1.0,1.0,1.0,1.0,0.72712,1.0,0.0,0.61204,0.44097,0.0,0.0,0.91463,1.0,1.0,0.8,1.0,1.0,0.5,0.5,0.5,1.0,1.0,0.5,0.5,0.5,0.0,0.0,1.0,1.0,1.0,0.5,0.5,1.0,0.2,0.0,1.0,1.0,1.0,0.0,0.25
1.0,0.5,1.0,0.5,0.2,0.5,0.15434,0.2,0.0,0.78947,0.5,0.0,1.0,0.28,0.0,0.0,0.99946,1.0,1.0,1.0,1.0,1.0,1.0,0.73458,1.0,0.0,0.65482,0.48679,0.0,0.0,0.9178,1.0,1.0,0.8,1.0,1.0,0.5,0.5,0.5,1.0,1.0,0.5,0.5,0.5,0.0,0.0,1.0,1.0,1.0,0.5,0.5,1.0,0.2,0.0,1.0,1.0,1.0,0.0,0.25
1.0,0.5,1.0,0.5,0.2,0.5,0.16518,0.2,0.0,0.76923,0.5,0.0,1.0,0.28,0.0,0.0,0.99847,1.0,1.0,1.0,1.0,1.0,1.0,0.74152,1.0,0.0,0.69751,0.53552,0.0,0.0,0.92234,1.0,1.0,0.8,1.0,1.0,0.5,0.5,0.5,1.0,1.0,0.5,0.5,0.5,0.0,0.0,1.0,1.0,1.0,0.5,0.5,1.0,0.2,0.0,1.0,1.0,1.0,0.0,0.25
1.0,0.5,1.0,0.5,0.8,0.5,0.17596,0.8,0.0,0.75,0.5,0.0,1.0,0.28,0.0,0.0,0.99787,1.0,1.0,1.0,1.0,1.0,1.0,0.74807,1.0,0.0,0.7398,0.58704,0.0,0.0,0.92788,1.0,1.0,0.8,1.0,1.0,0.5,0.5,0.5,1.0,1.0,0.5,0.5,0.5,0.0,0.0,1.0,1.0,1.0,0.5,0.5,1.0,0.2,0.0,1.0,1.0,1.0,0.0,0.25
0.5,0.5,0.5,0.5,0.5,0.5,0.2,0.6,0.03333,0.0,0.5,0.0,0.0,0.2,0.0,0.5,0.5,0.5,0.5,0.5,0.5,0.5,0.5,0.0,0.0,0.5,1.0,1.0,1.0,0.0,0.0,0.5,0.5,0.8,1.0,1.0,0.5,0.5,0.5,1.0,1.0,0.5,0.5,0.5,0.5,0.5,1.0,0.5,0.5,0.5,0.5,0.2,0.6,1.0,1.0,1.0,1.0,0.5,0.5
0.0,1.0,0.0,1.0,0.6,0.8,0.23781,1.0,0.13333,0.0,0.5,0.0,0.0,0.64,0.04,0.81954,0.0,1.0,1.0,1.0,1.0,0.7,1.0,0.86915,1.0,0.25,1.0,1.0,1.0,0.0,1.0,1.0,0.75,0.6,0.8,0.80573,0.97308,0.5,0.19462,1.0,1.0,0.5,0.5,0.5,0.0,0.0,1.0,1.0,1.0,1.0,0.97719,0.5,0.4,1.0,1.0,1.0,1.0,0.0,1.0
0.5,0.5,0.5,0.5,0.5,0.5,0.26291,1.0,0.46667,0.0,0.5,0.0,0.0,0.52,0.0,0.97628,0.0,1.0,1.0,1.0,1.0,0.5,1.0,0.92337,1.0,0.25,1.0,1.0,1.0,0.0,0.95815,0.75,0.5,0.8,1.0,1.0,0.5,0.5,0.5,1.0,1.0,0.5,0.5,0.5,0.0,0.0,1.0,1.0,1.0,0.5,0.5,1.0,0.2,0.0,1.0,1.0,1.0,0.0,0.5
0.0,1.0,1.0,1.0,1.0,1.0,0.29526,1.0,0.63333,0.0,0.5,0.0,0.0,0.32,0.04,0.9052,0.0,1.0,1.0,1.0,1.0,0.7,1.0,0.99474,1.0,0.25,1.0,1.0,1.0,0.0,0.95223,0.5,1.0,0.8,1.0,1.0,0.5,0.5,0.5,1.0,1.0,0.5,0.5,0.5,0.0,0.0,1.0,1.0,1.0,1.0,1.0,1.0,0.2,0.0,1.0,0.0,1.0,0.0,0.5
0.0,1.0,0.0,1.0,1.0,1.0,0.2746,0.8,0.0,0.9375,0.5,0.0,0.0,0.28,0.04,0.0,0.92567,0.9,0.8,1.0,1.0,0.9,0.0,0.91631,1.0,0.25,1.0,1.0,1.0,0.0,1.0,1.0,0.5,0.8,1.0,1.0,0.5,0.5,0.5,1.0,1.0,0.5,0.5,0.5,0.0,0.0,1.0,1.0,1.0,1.0,1.0,0.5,0.4,1.0,1.0,1.0,1.0,0.0,0.75
0.0,0.0,0.0,0.0,0.6,0.4,0.1142,0.4,0.0,0.83333,0.5,0.0,0.0,0.24,0.04,0.98204,0.0,1.0,0.9,1.0,1.0,1.0,0.0,0.76427,1.0,0.25,0.6812,0.51652,0.0,0.0,0.94874,1.0,0.5,0.8,1.0,1.0,0.5,0.5,0.5,1.0,1.0,0.5,0.5,0.5,0.55964,0.0035,0.9,1.0,1.0,1.0,1.0,1.0,0.2,0.0,1.0,0.0,1.0,0.0,0.25
0.5,0.5,0.5,0.5,0.5,0.5,0.2,0.6,0.03333,0.0,0.5,0.0,0.0,0.2,0.0,0.5,0.5,0.5,0.5,0.5,0.5,0.5,0.5,0.0,0.0,0.5,1.0,1.0,1.0,0.0,0.0,0.5,0.5,0.8,1.0,1.0,0.5,0.5,0.5,1.0,1.0,0.5,0.5,0.5,0.5,0.5,1.0,0.5,0.5,0.5,0.5,0.2,0.6,1.0,1.0,1.0,1.0,0.5,0.5
1.0,0.5,1.0,0.5,0.8,0.5,0.22287,0.8,0.06667,0.0,0.5,0.0,1.0,0.52,0.0,0.5,0.5,0.7,0.3,1.0,1.0,0.7,1.0,0.89175,1.0,0.0,1.0,1.0,1.0,0.0,1.0,1.0,0.5,0.8,1.0,1.0,0.5,0.5,0.5,1.0,1.0,0.5,0.5,0.5,0.5,0.5,1.0,1.0,1.0,0.5,0.5,0.2,0.6,1.0,1.0,1.0,1.0,0.5,1.0
1.0,0.5,1.0,0.5,1.0,0.5,0.24434,1.0,0.1,0.0,0.5,0.0,1.0,0.72,0.0,0.88154,0.0,0.7,1.0,1.0,1.0,0.7,0.0,0.88769,1.0,0.25,1.0,1.0,1.0,0.0,1.0,1.0,1.0,0.8,1.0,1.0,0.5,0.5,0.5,1.0,1.0,0.5,0.5,0.5,0.0,0.0,1.0,1.0,1.0,0.5,0.5,0.3,0.6,1.0,1.0,1.0,1.0,1.0,1.0
0.0,1.0,0.0,0.0,1.0,1.0,0.23263,0.8,0.23333,0.0,0.5,0.0,0.0,0.6,0.04,0.95393,0.0,1.0,1.0,0.7,1.0,0.7,0.0,0.58377,1.0,0.0,1.0,0.88956,0.5,0.0,1.0,1.0,1.0,0.8,1.0,1.0,0.5,0.5,0.5,1.0,1.0,0.5,0.5,0.5,0.0,0.0,1.0,1.0,1.0,0.15862,0.27036,0.2,0.6,1.0,1.0,1.0,1.0,1.0,0.75
0.5,0.5,0.5,0.5,0.5,0.5,0.1,0.55,0.03333,0.0,1.0,0.0,0.0,0.1,0.0,0.5,0.5,0.5,0.5,0.5,0.5,0.5,0.5,0.0,0.0,0.55556,1.0,1.0,1.0,0.0,0.0,0.5,0.5,0.8,1.0,1.0,0.5,0.5,0.5,1.0,1.0,0.5,0.5,0.5,0.5,0.5,1.0,0.5,0.5,0.5,0.5,0.2,0.6,1.0,1.0,1.0,1.0,0.5,0.5
0.5,0.5,0.5,0.5,0.5,0.5,0.1,0.55,0.03333,0.0,1.0,0.0,0.0,0.1,0.0,0.5,0.5,0.5,0.5,0.5,0.5,0.5,0.5,0.0,0.0,0.55556,1.0,1.0,1.0,0.0,0.0,0.5,0.5,0.8,1.0,1.0,0.5,0.5,0.5,1.0,1.0,0.5,0.5,0.5,0.5,0.5,1.0,0.5,0.5,0.5,0.5,0.2,0.6,1.0,1.0,1.0,1.0,0.5,0.5
1.0,0.5,1.0,0.5,0.8,0.5,0.10297,0.8,0.06667,0.0,1.0,0.0,1.0,0.64,0.0,0.5,0.5,0.0,1.0,1.0,1.0,0.0,1.0,0.95466,1.0,0.44444,1.0,0.90719,0.8,0.0,0.93056,1.0,0.77778,0.8,1.0,1.0,0.5,0.5,0.5,1.0,1.0,0.5,0.5,0.5,0.5,0.5,1.0,1.0,1.0,0.5,0.5,0.2,0.6,1.0,0.8,1.0,1.0,0.8,1.0
1.0,0.5,1.0,0.5,0.8,0.5,0.10454,0.8,0.1,0.0,1.0,0.0,1.0,0.8,0.0,0.0,1.0,1.0,1.0,1.0,1.0,1.0,0.0,0.94472,1.0,0.55556,1.0,0.90653,0.75,0.0,0.93017,1.0,0.88889,0.8,1.0,1.0,0.5,0.5,0.5,1.0,1.0,0.5,0.5,0.5,0.13344,0.0,0.6,1.0,1.0,0.5,0.5,0.6,0.5,1.0,0.75,1.0,1.0,1.0,1.0
1.0,1.0,1.0,1.0,1.0,1.0,0.07959,0.2,0.26667,0.0,1.0,0.0,0.0,0.57,0.02,0.90977,0.0,1.0,1.0,1.0,1.0,0.44444,1.0,0.80936,1.0,0.0,0.80424,0.70781,0.0,0.0,0.98211,0.88889,1.0,0.8,1.0,1.0,0.5,0.5,0.5,1.0,1.0,0.62079,0.50463,1.0,0.23614,0.06057,0.2,1.0,1.0,0.62079,0.50463,1.0,0.1,0.0,1.0,0.0,1.0,0.75,1.0
1.0,1.0,1.0,1.0,0.3,0.3,0.09811,0.3,0.36667,0.0,1.0,0.0,0.0,0.48,0.02,0.97316,0.0,1.0,1.0,1.0,1.0,1.0,1.0,0.83767,1.0,0.0,0.9745,0.91636,0.25,0.0,0.99316,1.0,1.0,0.8,1.0,1.0,0.5,0.5,0.5,1.0,1.0,1.0,1.0,1.0,0.06548,0.05623,0.6,1.0,1.0,1.0,0.61583,0.6,0.5,1.0,1.0,1.0,1.0,0.0,1.0
0.0,1.0,0.0,0.0,0.2,0.2,0.09124,0.2,0.43333,0.0,1.0,0.0,0.0,0.44,0.03,0.9985,0.0,0.73333,1.0,0.82222,1.0,0.73333,0.0,0.61523,1.0,0.11111,0.97596,0.95305,0.0,0.0,1.0,0.44444,0.66667,0.8,1.0,1.0,0.5,0.5,0.5,1.0,1.0,1.0,0.51409,1.0,0.0,0.09587,1.0,1.0,1.0,0.60032,0.59046,0.35,0.2,1.0,1.0,1.0,1.0,0.0,1.0
0.0,0.0,0.0,0.0,0.2,0.2,0.05421,0.2,0.53333,0.0,1.0,0.0,0.0,0.39,0.03,0.99963,0.0,1.0,1.0,0.82222,1.0,1.0,0.0,0.99584,1.0,0.44444,0.49656,0.41537,0.0,0.0,0.99571,1.0,0.44444,0.8,1.0,1.0,0.5,0.5,0.5,1.0,1.0,1.0,0.51409,1.0,0.0,0.0,1.0,1.0,1.0,0.60032,0.59046,0.2,0.3,0.5,0.0,1.0,1.0,1.0,0.77778
0.5,0.5,0.5,0.5,0.5,0.5,0.1,0.55,0.03333,0.0,1.0,0.0,0.0,0.1,0.0,0.5,0.5,0.5,0.5,0.5,0.5,0.5,0.5,0.0,0.0,0.55556,1.0,1.0,1.0,0.0,0.0,0.5,0.5,0.8,1.0,1.0,0.5,0.5,0.5,1.0,1.0,0.5,0.5,0.5,0.5,0.5,1.0,0.5,0.5,0.5,0.5,0.2,0.6,1.0,1.0,1.0,1.0,0.5,0.5
1.0,1.0,1.0,1.0,0.8,1.0,0.08555,0.3,0.3,0.0,1.0,0.0,0.0,0.51,0.05,0.89305,0.0,1.0,1.0,1.0,1.0,0.53333,1.0,0.99932,1.0,0.11111,0.77827,0.57121,0.25,0.0,0.96383,0.77778,0.66667,0.6,0.9,0.90965,0.33272,0.5,0.33272,1.0,1.0,0.5,0.5,0.5,0.14277,0.12716,0.85,1.0,1.0,1.0,1.0,0.55,0.2,0.25,1.0,1.0,1.0,0.5,1.0
0.5,0.5,0.5,0.5,0.5,0.5,0.1,0.55,0.03333,0.0,1.0,0.0,0.0,0.1,0.0,0.5,0.5,0.5,0.5,0.5,0.5,0.5,0.5,0.0,0.0,0.55556,1.0,1.0,1.0,0.0,0.0,0.5,0.5,0.8,1.0,1.0,0.5,0.5,0.5,1.0,1.0,0.5,0.5,0.5,0.5,0.5,1.0,0.5,0.5,0.5,0.5,0.2,0.6,1.0,1.0,1.0,1.0,0.5,0.5
0.0,0.0,0.0,0.0,0.1,0.1,0.07191,0.1,0.26667,0.0,1.0,0.0,0.0,0.11,0.0,0.99088,0.0,1.0,0.97778,1.0,1.0,1.0,0.0,0.01709,0.03108,0.0,1.0,1.0,1.0,0.0,1.0,1.0,0.44444,0.8,1.0,1.0,0.5,0.5,0.5,1.0,1.0,0.5,0.5,0.5,0.0,0.0,1.0,1.0,1.0,0.5,0.5,1.0,0.1,1.0,1.0,1.0,1.0,1.0,1.0
0.0,0.0,0.0,0.0,0.1,0.1,0.07191,0.1,0.46667,0.0,1.0,0.0,0.0,0.1,0.0,0.99647,0.0,1.0,1.0,1.0,1.0,1.0,0.0,0.01709,0.03108,0.0,1.0,1.0,1.0,0.0,1.0,1.0,1.0,0.8,1.0,1.0,0.5,0.5,0.5,1.0,1.0,0.5,0.5,0.5,0.0,0.0,1.0,1.0,1.0,0.5,0.5,1.0,0.1,1.0,1.0,1.0,1.0,1.0,0.44444
0.0,0.0,0.0,0.0,0.1,0.1,0.07191,0.1,0.53333,0.0,1.0,0.0,0.0,0.1,0.0,0.9978,0.0,1.0,1.0,1.0,1.0,1.0,0.0,0.01709,0.03108,0.0,1.0,1.0,1.0,0.0,1.0,1.0,1.0,0.8,1.0,1.0,0.5,0.5,0.5,1.0,1.0,0.5,0.5,0.5,0.0,0.0,1.0,1.0,1.0,0.5,0.5,1.0,0.1,1.0,1.0,1.0,1.0,1.0,0.44444
0.0,0.5,0.0,0.5,0.1,0.5,0.07191,0.1,0.56667,0.0,1.0,0.0,1.0,0.1,0.0,0.99827,0.0,1.0,1.0,1.0,1.0,1.0,0.0,0.01709,0.03108,0.0,1.0,1.0,1.0,0.0,1.0,1.0,1.0,0.8,1.0,1.0,0.5,0.5,0.5,1.0,1.0,0.5,0.5,0.5,0.0,0.0,1.0,1.0,1.0,0.5,0.5,1.0,0.1,1.0,1.0,1.0,1.0,1.0,0.44444
0.0,0.0,0.0,0.0,0.1,0.1,0.07191,0.1,0.66667,0.0,1.0,0.0,0.0,0.1,0.0,0.99913,0.0,1.0,1.0,1.0,1.0,1.0,0.0,0.01709,0.03108,0.0,1.0,1.0,1.0,0.0,1.0,1.0,1.0,0.8,1.0,1.0,0.5,0.5,0.5,1.0,1.0,0.5,0.5,0.5,0.0,0.0,1.0,1.0,1.0,0.5,0.5,1.0,0.1,1.0,1.0,1.0,1.0,1.0,0.44444
0.5,0.5,0.5,0.5,0.5,0.5,0.1,0.55,0.03333,0.0,1.0,0.0,0.0,0.1,0.0,0.5,0.5,0.5,0.5,0.5,0.5,0.5,0.5,0.0,0.0,0.55556,1.0,1.0,1.0,0.0,0.0,0.5,0.5,0.8,1.0,1.0,0.5,0.5,0.5,1.0,1.0,0.5,0.5,0.5,0.5,0.5,1.0,0.5,0.5,0.5,0.5,0.2,0.6,1.0,1.0,1.0,1.0,0.5,0.5
0.0,1.0,0.0,1.0,0.2,0.7,0.11628,0.7,0.13333,0.0,1.0,0.0,0.0,0.53,0.01,0.78384,0.0,0.91111,0.91111,1.0,1.0,0.64444,1.0,0.97899,1.0,0.44444,1.0,0.97122,0.75,0.0,0.93762,1.0,0.44444,0.7,0.9,0.93753,1.0,0.5,0.33197,1.0,1.0,0.5,0.5,0.5,0.0,0.0,1.0,1.0,1.0,1.0,1.0,0.3,0.3,0.5,1.0,1.0,1.0,0.0,1.0
0.5,0.5,0.5,0.5,0.5,0.5,0.0768,0.2,0.43333,0.0,1.0,0.0,0.0,0.31,0.0,0.97985,0.0,1.0,1.0,1.0,1.0,0.5,0.0,0.9317,1.0,0.0,0.72336,0.63229,0.0,0.0,0.96324,1.0,0.5,0.8,1.0,1.0,0.5,0.5,0.5,1.0,1.0,0.5,0.5,0.5,0.0,0.0,1.0,1.0,1.0,0.5,0.5,1.0,0.1,0.0,1.0,1.0,1.0,0.0,0.5
0.5,0.5,0.5,0.5,0.5,0.5,0.1,0.55,0.03333,0.0,1.0,0.0,0.0,0.1,0.0,0.5,0.5,0.5,0.5,0.5,0.5,0.5,0.5,0.0,0.0,0.55556,1.0,1.0,1.0,0.0,0.0,0.5,0.5,0.8,1.0,1.0,0.5,0.5,0.5,1.0,1.0,0.5,0.5,0.5,0.5,0.5,1.0,0.5,0.5,0.5,0.5,0.2,0.6,1.0,1.0,1.0,1.0,0.5,0.5
0.0,1.0,0.0,1.0,0.2,1.0,0.13302,1.0,0.23333,0.0,1.0,0.0,0.0,0.31,0.0,0.96573,0.0,1.0,1.0,1.0,1.0,0.66667,1.0,0.9925,1.0,0.11111,1.0,1.0,1.0,1.0,0.98543,0.88889,0.66667,0.8,1.0,1.0,0.5,0.5,0.5,1.0,1.0,0.5,0.5,0.5,0.0,0.0,1.0,1.0,1.0,0.5,0.5,0.3,0.4,0.75,1.0,1.0,1.0,0.0,1.0
0.5,0.5,0.5,0.5,0.5,0.5,0.1,0.55,0.03333,0.0,1.0,0.0,0.0,0.1,0.0,0.5,0.5,0.5,0.5,0.5,0.5,0.5,0.5,0.0,0.0,0.55556,1.0,1.0,1.0,0.0,0.0,0.5,0.5,0.8,1.0,1.0,0.5,0.5,0.5,1.0,1.0,0.5,0.5,0.5,0.5,0.5,1.0,0.5,0.5,0.5,0.5,0.2,0.6,1.0,1.0,1.0,1.0,0.5,0.5
0.0,1.0,0.0,1.0,0.1,0.9,0.10787,0.7,0.23333,0.0,1.0,0.0,0.0,0.3,0.0,0.95081,0.0,1.0,0.91111,1.0,1.0,0.8,1.0,0.84027,1.0,0.11111,0.9767,0.9004,0.33333,0.0,0.9976,1.0,0.55556,0.8,1.0,1.0,0.5,0.5,0.5,1.0,1.0,0.5,0.5,0.5,0.09632,0.02616,0.6,1.0,1.0,0.5,0.5,0.6,0.2,0.33333,1.0,1.0,1.0,0.0,1.0
0.5,0.5,0.5,0.5,0.5,0.5,0.1,0.55,0.03333,0.0,1.0,0.0,0.0,0.1,0.0,0.5,0.5,0.5,0.5,0.5,0.5,0.5,0.5,0.0,0.0,0.55556,1.0,1.0,1.0,0.0,0.0,0.5,0.5,0.8,1.0,1.0,0.5,0.5,0.5,1.0,1.0,0.5,0.5,0.5,0.5,0.5,1.0,0.5,0.5,0.5,0.5,0.2,0.6,1.0,1.0,1.0,1.0,0.5,0.5
1.0,1.0,1.0,1.0,0.8,1.0,0.06223,0.2,0.36667,0.0,1.0,0.0,0.0,0.49,0.03,0.95631,0.0,1.0,1.0,1.0,1.0,0.55556,1.0,0.99718,1.0,0.0,0.56495,0.44997,0.0,0.0,0.97423,1.0,0.44444,0.45,0.9,0.94809,0.42848,0.5,0.74985,1.0,1.0,0.5,0.5,0.5,0.03185,0.0,0.55,1.0,1.0,1.0,1.0,1.0,0.1,0.0,1.0,0.0,1.0,1.0,1.0
1.0,1.0,1.0,1.0,0.2,0.2,0.00808,0.1,0.86667,0.0,1.0,0.0,0.0,0.38,0.04,0.0,0.98853,1.0,1.0,1.0,1.0,1.0,1.0,0.88119,1.0,0.0,0.06918,0.04765,0.0,0.0,0.99478,0.88889,1.0,0.7,1.0,1.0,0.5,0.5,0.5,1.0,1.0,0.32502,0.49513,1.0,0.12336,0.0,0.95,1.0,1.0,0.25571,0.39235,0.35,0.2,0.25,0.0,1.0,1.0,0.25,1.0
0.5,0.5,0.5,0.5,0.5,0.5,0.1,0.55,0.03333,0.0,1.0,0.0,0.0,0.1,0.0,0.5,0.5,0.5,0.5,0.5,0.5,0.5,0.5,0.0,0.0,0.55556,1.0,1.0,1.0,0.0,0.0,0.5,0.5,0.8,1.0,1.0,0.5,0.5,0.5,1.0,1.0,0.5,0.5,0.5,0.5,0.5,1.0,0.5,0.5,0.5,0.5,0.2,0.6,1.0,1.0,1.0,1.0,0.5,0.5
0.0,1.0,0.0,1.0,0.2,1.0,0.11066,0.7,0.16667,0.0,1.0,0.0,0.0,0.56,0.01,0.85494,0.0,0.55556,0.91111,1.0,1.0,0.64444,1.0,0.99853,1.0,0.44444,1.0,0.93166,0.25,0.0,0.99936,1.0,0.44444,0.8,0.9,0.92543,1.0,0.5,0.73437,1.0,1.0,0.5,0.5,0.5,0.0,0.0,1.0,1.0,1.0,1.0,1.0,0.2,0.5,1.0,0.75,1.0,1.0,0.25,1.0
0.0,0.0,0.0,0.0,0.4,0.6,0.04706,0.2,0.7,0.0,1.0,0.0,0.0,0.34,0.09,0.0,0.93022,0.75556,1.0,0.91111,0.91111,0.91111,0.0,0.91035,1.0,0.44444,0.39294,0.25287,0.0,0.0,0.99123,1.0,0.88889,0.35,1.0,1.0,0.5,0.5,0.5,1.0,1.0,0.5,0.5,0.5,0.0,0.01235,1.0,1.0,1.0,0.10985,0.30287,0.65,0.2,0.33333,1.0,1.0,1.0,0.33333,1.0
1.0,0.5,1.0,0.5,0.2,0.5,0.04818,0.2,0.73333,0.0,1.0,0.0,1.0,0.35,0.09,0.0,0.98296,0.91111,0.91111,0.66667,1.0,0.91111,0.0,0.89103,1.0,0.44444,0.41489,0.26253,0.0,0.0,0.98884,1.0,1.0,0.4,1.0,1.0,0.5,0.5,0.5,1.0,1.0,0.5,0.5,0.5,0.0,0.0,1.0,1.0,1.0,0.10985,0.30287,0.6,0.2,0.33333,1.0,1.0,1.0,0.33333,1.0
0.5,0.5,0.5,0.5,0.5,0.5,0.08396,0.1,0.1,0.0,1.0,0.0,0.0,0.15,0.0,0.93331,0.0,0.97778,0.97778,1.0,1.0,0.5,0.0,0.62139,1.0,0.11111,0.88994,0.8017,0.0,0.0,0.5,0.88889,0.5,0.8,1.0,1.0,0.5,0.5,0.5,1.0,1.0,0.5,0.5,0.5,0.0,0.0,1.0,1.0,1.0,0.5,0.5,1.0,0.1,0.0,1.0,1.0,1.0,0.0,0.5
0.0,0.5,0.0,0.5,0.1,0.5,0.08394,0.1,0.13333,0.0,1.0,0.0,1.0,0.12,0.0,0.95225,0.0,1.0,0.97778,1.0,1.0,1.0,0.0,0.02329,0.04235,0.0,1.0,1.0,1.0,0.0,1.0,1.0,0.88889,0.8,1.0,1.0,0.5,0.5,0.5,1.0,1.0,0.5,0.5,0.5,0.0,0.0,1.0,1.0,1.0,0.5,0.5,1.0,0.1,1.0,1.0,1.0,1.0,1.0,0.33333
0.0,0.5,0.0,0.5,0.1,0.5,0.08393,0.1,0.16667,0.0,1.0,0.0,1.0,0.1,0.0,0.96196,0.0,1.0,1.0,1.0,1.0,1.0,0.0,0.02329,0.04234,0.0,1.0,1.0,1.0,0.0,1.0,1.0,1.0,0.8,1.0,1.0,0.5,0.5,0.5,1.0,1.0,0.5,0.5,0.5,0.0,0.0,1.0,1.0,1.0,0.5,0.5,1.0,0.1,1.0,1.0,1.0,1.0,1.0,0.33333
0.0,0.5,0.0,0.5,0.1,0.5,0.08393,0.1,0.2,0.0,1.0,0.0,1.0,0.1,0.0,0.96978,0.0,1.0,1.0,1.0,1.0,1.0,0.0,0.02329,0.04234,0.0,1.0,1.0,1.0,0.0,1.0,1.0,1.0,0.8,1.0,1.0,0.5,0.5,0.5,1.0,1.0,0.5,0.5,0.5,0.0,0.0,1.0,1.0,1.0,0.5,0.5,1.0,0.1,1.0,1.0,1.0,1.0,1.0,0.33333
0.0,0.5,0.0,0.5,0.1,0.5,0.08393,0.1,0.23333,0.0,1.0,0.0,1.0,0.1,0.0,0.97623,0.0,1.0,1.0,1.0,1.0,1.0,0.0,0.02329,0.04234,0.0,1.0,1.0,1.0,0.0,1.0,1.0,1.0,0.8,1.0,1.0,0.5,0.5,0.5,1.0,1.0,0.5,0.5,0.5,0.0,0.0,1.0,1.0,1.0,0.5,0.5,1.0,0.1,1.0,1.0,1.0,1.0,1.0,0.33333
0.0,0.5,0.0,0.5,0.1,0.5,0.08393,0.1,0.26667,0.0,1.0,0.0,1.0,0.1,0.0,0.98621,0.0,1.0,1.0,1.0,1.0,1.0,0.0,0.02329,0.04234,0.0,1.0,1.0,1.0,0.0,1.0,1.0,1.0,0.8,1.0,1.0,0.5,0.5,0.5,1.0,1.0,0.5,0.5,0.5,0.0,0.0,1.0,1.0,1.0,0.5,0.5,1.0,0.1,1.0,1.0,1.0,1.0,1.0,0.33333
0.0,0.5,0.0,0.5,0.1,0.5,0.08393,0.1,0.3,0.0,1.0,0.0,1.0,0.1,0.0,0.99084,0.0,1.0,1.0,1.0,1.0,1.0,0.0,0.02329,0.04234,0.0,1.0,1.0,1.0,0.0,1.0,1.0,1.0,0.8,1.0,1.0,0.5,0.5,0.5,1.0,1.0,0.5,0.5,0.5,0.0,0.0,1.0,1.0,1.0,0.5,0.5,1.0,0.1,1.0,1.0,1.0,1.0,1.0,0.33333
0.0,0.5,0.0,0.5,0.1,0.5,0.08393,0.1,0.33333,0.0,1.0,0.0,1.0,0.1,0.0,0.99366,0.0,1.0,1.0,1.0,1.0,1.0,0.0,0.02329,0.04234,0.0,1.0,1.0,1.0,0.0,1.0,1.0,1.0,0.8,1.0,1.0,0.5,0.5,0.5,1.0,1.0,0.5,0.5,0.5,0.0,0.0,1.0,1.0,1.0,0.5,0.5,1.0,0.1,1.0,1.0,1.0,1.0,1.0,0.33333
0.0,0.5,0.0,0.5,0.1,0.5,0.08393,0.1,0.36667,0.0,1.0,0.0,1.0,0.1,0.0,0.99545,0.0,1.0,1.0,1.0,1.0,1.0,0.0,0.02329,0.04234,0.0,1.0,1.0,1.0,0.0,1.0,1.0,1.0,0.8,1.0,1.0,0.5,0.5,0.5,1.0,1.0,0.5,0.5,0.5,0.0,0.0,1.0,1.0,1.0,0.5,0.5,1.0,0.1,1.0,1.0,1.0,1.0,1.0,0.33333
0.0,0.5,0.0,0.5,0.1,0.5,0.08393,0.1,0.4,0.0,1.0,0.0,1.0,0.1,0.0,0.99663,0.0,1.0,1.0,1.0,1.0,1.0,0.0,0.02329,0.04234,0.0,1.0,1.0,1.0,0.0,1.0,1.0,1.0,0.8,1.0,1.0,0.5,0.5,0.5,1.0,1.0,0.5,0.5,0.5,0.0,0.0,1.0,1.0,1.0,0.5,0.5,1.0,0.1,1.0,1.0,1.0,1.0,1.0,0.33333
0.0,0.5,0.0,0.5,0.1,0.5,0.08393,0.1,0.43333,0.0,1.0,0.0,1.0,0.1,0.0,0.99745,0.0,1.0,1.0,1.0,1.0,1.0,0.0,0.02329,0.04234,0.0,1.0,1.0,1.0,0.0,1.0,1.0,1.0,0.8,1.0,1.0,0.5,0.5,0.5,1.0,1.0,0.5,0.5,0.5,0.0,0.0,1.0,1.0,1.0,0.5,0.5,1.0,0.1,1.0,1.0,1.0,1.0,1.0,0.33333
0.5,0.5,0.5,0.5,0.5,0.5,0.1,0.55,0.03333,0.0,1.0,0.0,0.0,0.1,0.0,0.5,0.5,0.5,0.5,0.5,0.5,0.5,0.5,0.0,0.0,0.55556,1.0,1.0,1.0,0.0,0.0,0.5,0.5,0.8,1.0,1.0,0.5,0.5,0.5,1.0,1.0,0.5,0.5,0.5,0.5,0.5,1.0,0.5,0.5,0.5,0.5,0.2,0.6,1.0,1.0,1.0,1.0,0.5,0.5
0.0,1.0,0.0,1.0,0.3,1.0,0.06802,0.1,0.2,0.0,1.0,0.0,0.0,0.48,0.04,0.90165,0.0,1.0,1.0,1.0,1.0,0.62222,1.0,0.70057,1.0,0.33333,0.67712,0.57147,0.0,0.0,1.0,0.55556,0.22222,0.3,0.9,0.9256,1.0,0.5,1.0,1.0,1.0,0.5,0.5,0.5,0.0,0.0,1.0,1.0,1.0,1.0,1.0,0.7,0.3,1.0,1.0,1.0,1.0,0.0,1.0
1.0,1.0,1.0,1.0,0.2,0.2,0.0938,0.3,1.0,0.0,1.0,0.0,0.0,0.34,0.03,0.99084,0.0,1.0,1.0,1.0,1.0,0.84444,1.0,0.93055,1.0,0.22222,0.93837,0.87301,0.25,0.0,0.99625,1.0,0.77778,0.8,1.0,1.0,0.5,1.0,0.5,1.0,1.0,0.5,0.5,0.5,0.0,0.0,1.0,1.0,1.0,1.0,1.0,0.2,0.4,0.75,1.0,0.66667,1.0,1.0,1.0
0.5,0.5,0.5,0.5,0.5,0.5,0.1,0.55,0.03333,0.0,1.0,0.0,0.0,0.1,0.0,0.5,0.5,0.5,0.5,0.5,0.5,0.5,0.5,0.0,0.0,0.55556,1.0,1.0,1.0,0.0,0.0,0.5,0.5,0.8,1.0,1.0,0.5,0.5,0.5,1.0,1.0,0.5,0.5,0.5,0.5,0.5,1.0,0.5,0.5,0.5,0.5,0.2,0.6,1.0,1.0,1.0,1.0,0.5,0.5
0.0,0.0,0.0,0.0,0.1,0.1,0.00155,0.1,0.23333,0.0,1.0,0.0,0.0,0.4,0.06,0.0,0.97513,1.0,1.0,0.73333,0.8,0.46667,0.0,0.60052,1.0,0.11111,0.03292,0.02195,0.0,0.0,0.96272,0.88889,0.77778,0.0,1.0,1.0,0.5,0.5,0.5,1.0,1.0,0.5,0.5,0.5,0.0,0.0,1.0,1.0,1.0,0.70463,1.0,1.0,0.1,0.0,1.0,0.0,1.0,0.0,1.0
0.5,0.5,0.5,0.5,0.5,0.5,0.1,0.55,0.03333,0.0,1.0,0.0,0.0,0.1,0.0,0.5,0.5,0.5,0.5,0.5,0.5,0.5,0.5,0.0,0.0,0.55556,1.0,1.0,1.0,0.0,0.0,0.5,0.5,0.8,1.0,1.0,0.5,0.5,0.5,1.0,1.0,0.5,0.5,0.5,0.5,0.5,1.0,0.5,0.5,0.5,0.5,0.2,0.6,1.0,1.0,1.0,1.0,0.5,0.5
0.5,0.5,0.5,0.5,0.5,0.5,0.1,0.55,0.03333,0.0,1.0,0.0,0.0,0.1,0.0,0.5,0.5,0.5,0.5,0.5,0.5,0.5,0.5,0.0,0.0,0.55556,1.0,1.0,1.0,0.0,0.0,0.5,0.5,0.8,1.0,1.0,0.5,0.5,0.5,1.0,1.0,0.5,0.5,0.5,0.5,0.5,1.0,0.5,0.5,0.5,0.5,0.2,0.6,1.0,1.0,1.0,1.0,0.5,0.5
0.5,0.5,0.5,0.5,0.5,0.5,0.1,0.55,0.03333,0.0,1.0,0.0,0.0,0.1,0.0,0.5,0.5,0.5,0.5,0.5,0.5,0.5,0.5,0.0,0.0,0.55556,1.0,1.0,1.0,0.0,0.0,0.5,0.5,0.8,1.0,1.0,0.5,0.5,0.5,1.0,1.0,0.5,0.5,0.5,0.5,0.5,1.0,0.5,0.5,0.5,0.5,0.2,0.6,1.0,1.0,1.0,1.0,0.5,0.5
0.0,1.0,0.0,1.0,0.1,1.0,0.07832,0.3,0.3,0.0,1.0,0.0,0.0,0.7,0.03,0.98854,0.0,1.0,1.0,1.0,1.0,0.35556,1.0,0.66302,1.0,0.11111,0.90158,0.73798,0.5,0.0,1.0,1.0,0.66667,0.65,0.9,0.94322,1.0,0.5,0.38114,1.0,1.0,0.5,0.5,0.5,0.0,0.0,1.0,1.0,1.0,1.0,1.0,0.4,0.2,0.5,1.0,1.0,1.0,0.0,1.0
0.5,0.5,0.5,0.5,0.5,0.5,0.1,0.55,0.03333,0.0,1.0,0.0,0.0,0.1,0.0,0.5,0.5,0.5,0.5,0.5,0.5,0.5,0.5,0.0,0.0,0.55556,1.0,1.0,1.0,0.0,0.0,0.5,0.5,0.8,1.0,1.0,0.5,0.5,0.5,1.0,1.0,0.5,0.5,0.5,0.5,0.5,1.0,0.5,0.5,0.5,0.5,0.2,0.6,1.0,1.0,1.0,1.0,0.5,0.5
1.0,0.5,1.0,0.5,0.7,0.5,0.10621,0.7,0.06667,0.0,1.0,0.0,1.0,0.6,0.0,0.5,0.5,0.0,1.0,1.0,1.0,0.0,1.0,0.74928,1.0,0.22222,1.0,0.9197,0.71429,0.0,0.8945,1.0,0.55556,0.8,1.0,1.0,0.5,0.5,0.5,1.0,1.0,0.5,0.5,0.5,0.5,0.5,1.0,1.0,1.0,0.5,0.5,0.2,0.6,0.71429,0.8,1.0,1.0,0.57143,1.0
1.0,0.5,1.0,0.5,0.7,0.5,0.10775,0.7,0.1,0.0,1.0,0.0,1.0,0.8,0.0,0.0,1.0,1.0,1.0,1.0,1.0,1.0,1.0,0.83796,1.0,0.33333,1.0,0.97109,0.66667,0.0,0.90961,1.0,0.44444,0.8,1.0,1.0,0.5,0.5,0.5,1.0,1.0,0.5,0.5,0.5,0.0,0.0,1.0,1.0,1.0,0.5,0.5,0.2,0.7,1.0,1.0,1.0,1.0,0.66667,1.0
1.0,1.0,0.0,1.0,0.7,1.0,0.10832,0.7,0.23333,0.0,1.0,0.0,0.0,0.64,0.0,0.88689,0.0,1.0,1.0,1.0,1.0,0.53333,1.0,0.91885,1.0,0.22222,1.0,0.9497,0.75,1.0,0.99728,0.77778,0.77778,0.8,1.0,1.0,0.5,0.5,0.5,1.0,1.0,0.5,0.5,0.5,0.1303,0.01304,0.6,1.0,1.0,0.5,0.5,0.6,0.5,1.0,0.75,1.0,1.0,1.0,1.0
1.0,1.0,1.0,0.0,1.0,0.7,0.10357,0.6,0.36667,0.0,1.0,0.0,0.0,0.55,0.05,0.0,0.92433,0.8,1.0,0.8,0.64444,0.8,1.0,0.94196,1.0,0.11111,1.0,0.86489,0.75,0.0,1.0,0.77778,1.0,0.8,1.0,1.0,0.5,0.5,0.5,1.0,1.0,0.61833,0.55333,1.0,0.12952,0.0189,0.45,1.0,1.0,0.61833,0.55333,0.75,0.5,1.0,1.0,0.5,1.0,1.0,1.0
1.0,0.5,1.0,0.5,0.9,0.5,0.10714,0.9,0.4,0.0,1.0,0.0,1.0,0.55,0.06,0.0,0.96439,1.0,1.0,1.0,1.0,1.0,0.0,0.93637,1.0,0.11111,1.0,0.93871,0.75,0.0,1.0,1.0,1.0,0.8,1.0,1.0,0.5,0.5,0.5,1.0,1.0,0.38491,0.42652,1.0,0.17726,0.02272,0.85,1.0,1.0,0.38491,0.42652,0.35,0.5,1.0,1.0,0.5,1.0,1.0,1.0
0.0,0.0,0.0,0.0,0.5,0.3,0.05086,0.1,0.83333,0.0,1.0,0.0,0.0,0.42,0.07,0.91736,0.0,0.66667,1.0,1.0,1.0,1.0,1.0,0.82854,1.0,0.0,0.50918,0.35479,0.0,0.0,0.99509,1.0,0.88889,0.75,0.9,0.89555,0.60269,0.38073,0.60269,0.83333,0.83333,0.20064,0.15061,0.9281,0.04272,0.0,0.6,1.0,1.0,0.63491,0.55699,0.65,0.4,0.6,0.0,0.66667,1.0,1.0,1.0
1.0,0.0,0.0,0.0,0.1,0.1,0.04369,0.2,0.0,0.96774,1.0,0.0,0.0,0.42,0.05,0.0,0.95279,1.0,0.66667,0.64444,0.66667,0.64444,0.0,0.95001,1.0,0.11111,0.41926,0.29831,0.0,0.0,0.99576,0.66667,0.88889,0.8,1.0,1.0,0.5,0.38073,0.5,1.0,1.0,0.26071,0.44752,0.97591,0.05134,0.49485,0.2,1.0,1.0,0.26071,0.44752,1.0,0.1,0.0,1.0,0.0,1.0,0.0,1.0
0.5,0.5,0.5,0.5,0.5,0.5,0.08396,0.1,0.1,0.0,1.0,0.0,0.0,0.15,0.0,0.93692,0.0,0.97778,0.97778,1.0,1.0,0.5,0.0,0.62139,1.0,0.11111,0.88994,0.8017,0.0,0.0,0.5,0.88889,0.5,0.8,1.0,1.0,0.5,0.5,0.5,1.0,1.0,0.5,0.5,0.5,0.0,0.0,1.0,1.0,1.0,0.5,0.5,1.0,0.1,0.0,1.0,1.0,1.0,0.0,0.5
0.0,0.5,0.0,0.5,0.1,0.5,0.08394,0.1,0.13333,0.0,1.0,0.0,1.0,0.12,0.0,0.95367,0.0,1.0,0.97778,1.0,1.0,1.0,0.0,0.02329,0.04235,0.0,1.0,1.0,1.0,0.0,1.0,1.0,0.88889,0.8,1.0,1.0,0.5,0.5,0.5,1.0,1.0,0.5,0.5,0.5,0.0,0.0,1.0,1.0,1.0,0.5,0.5,1.0,0.1,1.0,1.0,1.0,1.0,1.0,0.33333
0.0,0.5,0.0,0.5,0.1,0.5,0.08393,0.1,0.16667,0.0,1.0,0.0,1.0,0.1,0.0,0.9627,0.0,1.0,1.0,1.0,1.0,1.0,0.0,0.02329,0.04234,0.0,1.0,1.0,1.0,0.0,1.0,1.0,1.0,0.8,1.0,1.0,0.5,0.5,0.5,1.0,1.0,0.5,0.5,0.5,0.0,0.0,1.0,1.0,1.0,0.5,0.5,1.0,0.1,1.0,1.0,1.0,1.0,1.0,0.33333
0.0,0.5,0.0,0.5,0.1,0.5,0.08393,0.1,0.2,0.0,1.0,0.0,1.0,0.1,0.0,0.9702,0.0,1.0,1.0,1.0,1.0,1.0,0.0,0.02329,0.04234,0.0,1.0,1.0,1.0,0.0,1.0,1.0,1.0,0.8,1.0,1.0,0.5,0.5,0.5,1.0,1.0,0.5,0.5,0.5,0.0,0.0,1.0,1.0,1.0,0.5,0.5,1.0,0.1,1.0,1.0,1.0,1.0,1.0,0.33333
0.0,0.5,0.0,0.5,0.1,0.5,0.08393,0.1,0.23333,0.0,1.0,0.0,1.0,0.1,0.0,0.97649,0.0,1.0,1.0,1.0,1.0,1.0,0.0,0.02329,0.04234,0.0,1.0,1.0,1.0,0.0,1.0,1.0,1.0,0.8,1.0,1.0,0.5,0.5,0.5,1.0,1.0,0.5,0.5,0.5,0.0,0.0,1.0,1.0,1.0,0.5,0.5,1.0,0.1,1.0,1.0,1.0,1.0,1.0,0.33333
0.0,0.5,0.0,0.5,0.1,0.5,0.08393,0.1,0.26667,0.0,1.0,0.0,1.0,0.1,0.0,0.98621,0.0,1.0,1.0,1.0,1.0,1.0,0.0,0.02329,0.04234,0.0,1.0,1.0,1.0,0.0,1.0,1.0,1.0,0.8,1.0,1.0,0.5,0.5,0.5,1.0,1.0,0.5,0.5,0.5,0.0,0.0,1.0,1.0,1.0,0.5,0.5,1.0,0.1,1.0,1.0,1.0,1.0,1.0,0.33333
0.0,0.5,0.0,0.5,0.1,0.5,0.08393,0.1,0.3,0.0,1.0,0.0,1.0,0.1,0.0,0.99084,0.0,1.0,1.0,1.0,1.0,1.0,0.0,0.02329,0.04234,0.0,1.0,1.0,1.0,0.0,1.0,1.0,1.0,0.8,1.0,1.0,0.5,0.5,0.5,1.0,1.0,0.5,0.5,0.5,0.0,0.0,1.0,1.0,1.0,0.5,0.5,1.0,0.1,1.0,1.0,1.0,1.0,1.0,0.33333
0.0,0.5,0.0,0.5,0.1,0.5,0.08393,0.1,0.33333,0.0,1.0,0.0,1.0,0.1,0.0,0.99366,0.0,1.0,1.0,1.0,1.0,1.0,0.0,0.02329,0.04234,0.0,1.0,1.0,1.0,0.0,1.0,1.0,1.0,0.8,1.0,1.0,0.5,0.5,0.5,1.0,1.0,0.5,0.5,0.5,0.0,0.0,1.0,1.0,1.0,0.5,0.5,1.0,0.1,1.0,1.0,1.0,1.0,1.0,0.33333
0.0,0.5,0.0,0.5,0.1,0.5,0.08393,0.1,0.36667,0.0,1.0,0.0,1.0,0.1,0.0,0.99545,0.0,1.0,1.0,1.0,1.0,1.0,0.0,0.02329,0.04234,0.0,1.0,1.0,1.0,0.0,1.0,1.0,1.0,0.8,1.0,1.0,0.5,0.5,0.5,1.0,1.0,0.5,0.5,0.5,0.0,0.0,1.0,1.0,1.0,0.5,0.5,1.0,0.1,1.0,1.0,1.0,1.0,1.0,0.33333
0.0,0.5,0.0,0.5,0.1,0.5,0.08393,0.1,0.4,0.0,1.0,0.0,1.0,0.1,0.0,0.99663,0.0,1.0,1.0,1.0,1.0,1.0,0.0,0.02329,0.04234,0.0,1.0,1.0,1.0,0.0,1.0,1.0,1.0,0.8,1.0,1.0,0.5,0.5,0.5,1.0,1.0,0.5,0.5,0.5,0.0,0.0,1.0,1.0,1.0,0.5,0.5,1.0,0.1,1.0,1.0,1.0,1.0,1.0,0.33333
0.0,0.5,0.0,0.5,0.1,0.5,0.08393,0.1,0.43333,0.0,1.0,0.0,1.0,0.1,0.0,0.99745,0.0,1.0,1.0,1.0,1.0,1.0,0.0,0.02329,0.04234,0.0,1.0,1.0,1.0,0.0,1.0,1.0,1.0,0.8,1.0,1.0,0.5,0.5,0.5,1.0,1.0,0.5,0.5,0.5,0.0,0.0,1.0,1.0,1.0,0.5,0.5,1.0,0.1,1.0,1.0,1.0,1.0,1.0,0.33333
0.5,0.5,0.5,0.5,0.5,0.5,0.1,0.55,0.03333,0.0,1.0,0.0,0.0,0.1,0.0,0.5,0.5,0.5,0.5,0.5,0.5,0.5,0.5,0.0,0.0,0.55556,1.0,1.0,1.0,0.0,0.0,0.5,0.5,0.8,1.0,1.0,0.5,0.5,0.5,1.0,1.0,0.5,0.5,0.5,0.5,0.5,1.0,0.5,0.5,0.5,0.5,0.2,0.6,1.0,1.0,1.0,1.0,0.5,0.5
0.0,0.0,0.0,0.0,0.1,0.1,0.00143,0.2,0.36667,0.0,1.0,0.0,0.0,0.2,0.16,0.0,0.98211,0.86667,1.0,0.82222,0.84444,0.51111,0.0,0.0001,0.00018,0.55556,1.0,1.0,1.0,0.0,1.0,0.44444,0.55556,0.0,1.0,1.0,0.5,0.5,0.5,1.0,1.0,0.5,0.5,0.5,0.0,0.0,1.0,1.0,1.0,0.0,0.228,1.0,0.1,0.0,1.0,0.0,1.0,0.0,1.0
0.0,0.5,0.0,0.5,0.2,0.5,0.00139,0.2,0.4,0.0,1.0,0.0,1.0,0.19,0.19,0.0,0.92081,0.97778,0.97778,0.57778,1.0,0.97778,0.0,0.0001,0.00018,0.55556,1.0,1.0,1.0,0.0,1.0,1.0,1.0,0.0,1.0,1.0,0.5,0.5,0.5,1.0,1.0,0.5,0.5,0.5,0.0,0.0,1.0,1.0,1.0,0.0,0.228,1.0,0.1,0.0,1.0,0.0,1.0,0.0,1.0
0.0,1.0,1.0,1.0,0.2,0.3,0.00238,0.6,0.73333,0.0,1.0,0.0,0.0,0.02,0.13,0.0,0.98759,0.97778,1.0,0.93333,0.62222,0.86667,0.0,0.00025,0.00046,0.11111,1.0,1.0,1.0,0.0,0.9196,0.66667,0.66667,0.0,1.0,1.0,0.5,0.5,0.5,1.0,1.0,0.5,0.5,0.5,0.0,0.0,1.0,1.0,1.0,0.23141,0.484,1.0,0.1,0.0,1.0,0.0,1.0,0.0,1.0
0.0,0.5,0.0,0.5,0.6,0.5,0.00231,0.6,0.76667,0.0,1.0,0.0,1.0,0.03,0.13,0.0,0.82205,1.0,1.0,0.93333,1.0,1.0,0.0,0.0001,0.00019,0.11111,1.0,1.0,1.0,0.0,0.91961,1.0,1.0,0.0,1.0,1.0,0.5,0.5,0.5,1.0,1.0,0.5,0.5,0.5,0.0,0.0,1.0,1.0,1.0,0.23141,0.484,1.0,0.1,0.0,1.0,0.0,1.0,0.0,1.0
0.0,0.5,0.0,0.5,0.6,0.5,0.00222,0.6,0.8,0.0,1.0,0.0,1.0,0.03,0.12,0.0,0.80794,1.0,0.62222,0.97778,1.0,1.0,0.0,0.0001,0.00018,0.11111,1.0,1.0,1.0,0.0,0.91962,1.0,1.0,0.0,1.0,1.0,0.5,0.5,0.5,1.0,1.0,0.5,0.5,0.5,0.0,0.0,1.0,1.0,1.0,0.23141,0.484,1.0,0.1,0.0,1.0,0.0,1.0,0.0,1.0
0.0,0.5,0.0,0.5,0.6,0.5,0.00221,0.6,0.83333,0.0,1.0,0.0,1.0,0.03,0.12,0.0,0.88371,1.0,1.0,0.97778,1.0,1.0,0.0,0.0001,0.00018,0.11111,1.0,1.0,1.0,0.0,0.91962,1.0,1.0,0.0,1.0,1.0,0.5,0.5,0.5,1.0,1.0,0.5,0.5,0.5,0.0,0.0,1.0,1.0,1.0,0.23141,0.484,1.0,0.1,0.0,1.0,0.0,1.0,0.0,1.0
1.0,0.5,1.0,0.5,0.7,0.5,0.00227,0.7,0.86667,0.0,1.0,0.0,1.0,0.03,0.12,0.0,0.97937,1.0,1.0,0.97778,1.0,1.0,1.0,0.00011,0.0002,0.11111,1.0,1.0,1.0,0.0,0.91962,1.0,1.0,0.0,1.0,1.0,0.5,0.5,0.5,1.0,1.0,0.5,0.5,0.5,0.0,0.0,1.0,1.0,1.0,0.23141,0.484,1.0,0.1,0.0,1.0,0.0,1.0,0.0,1.0
0.5,0.5,0.5,0.5,0.5,0.5,0.1,0.55,0.03333,0.0,1.0,0.0,0.0,0.1,0.0,0.5,0.5,0.5,0.5,0.5,0.5,0.5,0.5,0.0,0.0,0.55556,1.0,1.0,1.0,0.0,0.0,0.5,0.5,0.8,1.0,1.0,0.5,0.5,0.5,1.0,1.0,0.5,0.5,0.5,0.5,0.5,1.0,0.5,0.5,0.5,0.5,0.2,0.6,1.0,1.0,1.0,1.0,0.5,0.5
0.5,0.5,0.5,0.5,0.5,0.5,0.1,0.55,0.03333,0.0,1.0,0.0,0.0,0.1,0.0,0.5,0.5,0.5,0.5,0.5,0.5,0.5,0.5,0.0,0.0,0.55556,1.0,1.0,1.0,0.0,0.0,0.5,0.5,0.8,1.0,1.0,0.5,0.5,0.5,1.0,1.0,0.5,0.5,0.5,0.5,0.5,1.0,0.5,0.5,0.5,0.5,0.2,0.6,1.0,1.0,1.0,1.0,0.5,0.5
0.0,0.0,0.0,0.0,0.2,0.3,0.16571,0.9,0.4,0.0,1.0,0.0,0.0,0.21,0.01,0.76438,0.0,1.0,1.0,1.0,1.0,0.84444,1.0,0.71671,1.0,0.11111,1.0,1.0,1.0,0.0,0.66667,0.88889,0.44444,0.8,1.0,1.0,0.5,0.5,0.5,1.0,1.0,0.5,0.5,0.5,0.0,0.0,1.0,1.0,1.0,1.0,1.0,0.7,0.2,0.5,1.0,1.0,1.0,0.0,1.0
0.0,0.0,0.0,0.0,0.9,0.9,0.25087,1.0,0.86667,0.0,1.0,0.0,0.0,0.12,0.02,0.0,0.97298,1.0,0.95556,1.0,1.0,0.93333,1.0,0.94032,1.0,0.11111,1.0,1.0,1.0,0.0,0.86703,1.0,0.77778,0.8,1.0,1.0,0.5,0.5,0.5,1.0,1.0,0.5,0.5,0.5,0.0,0.0,1.0,1.0,1.0,1.0,1.0,0.75,0.2,0.5,1.0,1.0,1.0,0.0,0.77778
0.5,0.5,0.5,0.5,0.5,0.5,0.08464,0.73333,0.53333,0.0,0.0,0.66667,0.0,0.26222,0.04444,0.0,0.97422,0.94286,0.79048,0.9619,0.87619,0.5,1.0,0.72985,1.0,0.35714,1.0,1.0,1.0,0.0,0.97243,0.78571,0.5,0.8,1.0,1.0,0.5,0.5,0.5,1.0,1.0,0.5,0.5,0.5,0.51949,0.00056,0.8,1.0,1.0,0.55948,0.56427,0.43333,0.13333,0.33333,0.0,0.0,1.0,0.33333,0.5
0.0,0.0,0.0,0.0,0.53333,0.6,0.07809,0.53333,0.96667,0.0,0.0,0.66667,0.0,0.16444,0.04,0.99735,0.0,0.93333,0.93333,0.87619,0.93333,0.88571,0.0,0.7601,1.0,0.14286,1.0,0.72835,0.5,0.0,0.95088,0.92857,0.78571,0.8,1.0,1.0,0.5,0.5,0.5,1.0,1.0,1.0,0.16458,0.93513,0.0479,0.42536,0.7,1.0,1.0,1.0,0.35414,0.5,0.2,0.5,1.0,0.5,1.0,0.0,0.78571
0.0,0.5,0.0,0.5,0.46667,0.5,0.06799,0.46667,1.0,0.0,0.0,0.66667,1.0,0.16444,0.03556,0.0,0.98956,0.92381,1.0,0.84762,1.0,0.92381,1.0,0.86781,1.0,0.21429,0.89301,0.57238,0.4,0.0,0.86899,1.0,0.92857,0.8,1.0,1.0,0.5,0.5,0.5,1.0,1.0,0.95115,0.22138,0.93513,0.0,0.01535,1.0,1.0,1.0,0.95115,0.22138,0.2,0.26667,0.6,0.33333,0.66667,1.0,0.4,1.0
0.5,0.5,0.5,0.5,0.5,0.5,0.10504,0.73333,0.5,0.0,0.0,0.66667,0.0,0.16,0.08889,0.94995,0.0,0.9619,0.90476,0.89524,0.90476,0.5,0.0,0.93395,1.0,0.14286,1.0,0.9017,0.5,0.0,0.77072,0.92857,0.5,0.5,1.0,1.0,0.5,0.5,0.5,1.0,1.0,0.5,0.5,0.5,0.14316,0.12794,0.6,1.0,1.0,0.81249,0.69156,0.9,0.13333,0.25,1.0,0.0,1.0,0.75,0.5
0.0,0.0,0.0,0.0,0.73333,0.73333,0.15635,1.0,0.83333,0.0,0.0,0.66667,0.0,0.12889,0.09778,0.0,0.99521,0.88571,0.88571,0.86667,0.88571,0.82857,0.0,0.81002,1.0,0.07143,1.0,1.0,1.0,0.0,0.98857,1.0,0.78571,0.8,1.0,1.0,0.5,0.5,0.5,1.0,1.0,0.0,0.21111,0.97742,0.47625,0.00285,0.76667,1.0,1.0,0.0,0.21111,0.46667,0.2,0.66667,1.0,0.0,1.0,0.0,1.0
0.0,1.0,0.0,0.0,1.0,1.0,0.1457,1.0,1.0,0.0,0.0,0.66667,0.0,0.11111,0.04,0.98419,0.0,1.0,0.9619,0.88571,1.0,0.82857,1.0,0.85207,1.0,0.14286,1.0,1.0,1.0,0.0,0.99096,1.0,1.0,0.8,1.0,1.0,0.5,0.5,0.5,1.0,1.0,0.03283,0.12278,1.0,0.15458,0.01531,0.63333,1.0,1.0,0.03283,0.12278,0.56667,0.2,0.66667,0.5,0.0,1.0,0.66667,0.42857
0.5,0.5,0.5,0.5,0.5,0.5,0.05174,0.4,0.56667,0.0,0.0,0.66667,0.0,0.09333,0.14222,0.0,0.99919,0.8381,0.8381,0.84762,0.87619,0.5,1.0,0.9308,1.0,0.21429,0.62273,0.39486,0.2,0.0,0.9865,0.92857,0.5,0.8,1.0,1.0,0.5,0.5,0.5,1.0,1.0,0.5,0.5,0.5,0.02997,0.04944,0.6,1.0,1.0,0.70043,0.29119,0.6,0.13333,0.2,0.0,0.0,1.0,0.4,0.5
1.0,0.5,1.0,0.5,0.4,0.5,0.05624,0.4,0.6,0.0,0.0,0.66667,1.0,0.09778,0.14222,0.0,0.99208,0.88571,0.81905,0.73333,1.0,0.88571,1.0,0.94427,1.0,0.07143,0.65588,0.45193,0.2,0.0,0.97236,1.0,0.85714,0.8,1.0,1.0,0.5,0.5,0.5,1.0,1.0,0.0,0.12667,0.5,0.04502,0.00776,0.6,1.0,1.0,0.0,0.12667,1.0,0.06667,0.0,1.0,0.0,1.0,0.2,1.0
0.5,0.5,0.5,0.5,0.5,0.5,0.03283,0.06667,0.5,0.0,0.0,0.66667,0.0,0.53333,0.02222,0.96964,0.0,1.0,1.0,1.0,1.0,0.5,0.0,0.92043,1.0,0.07143,0.49285,0.40857,0.0,0.0,0.99003,1.0,0.5,0.8,1.0,1.0,0.5,0.5,0.5,1.0,1.0,0.5,0.5,0.5,0.04779,0.10167,0.6,1.0,1.0,0.65083,0.58117,0.6,0.2,0.25,1.0,1.0,1.0,0.875,0.5
1.0,0.5,0.0,0.5,0.06667,0.5,0.03267,0.06667,0.53333,0.0,0.0,0.66667,1.0,0.52444,0.03111,0.9777,0.0,1.0,1.0,1.0,1.0,1.0,1.0,0.92104,1.0,0.07143,0.49061,0.39984,0.0,0.0,0.98987,1.0,1.0,0.73333,1.0,1.0,0.5,0.5,0.5,1.0,1.0,0.26484,0.50528,0.5,0.03805,0.14309,0.6,1.0,1.0,0.26484,0.50528,0.66667,0.2,0.25,0.5,0.5,1.0,0.25,1.0
0.5,0.5,0.5,0.5,0.5,0.5,0.0665,0.53333,0.6,0.0,0.0,0.66667,0.0,0.34222,0.06667,0.99776,0.0,1.0,1.0,0.91429,0.82857,0.5,0.0,0.84218,1.0,0.07143,0.8068,0.65548,0.14286,0.0,0.97971,0.85714,0.5,0.8,1.0,1.0,0.5,0.5,0.5,1.0,1.0,0.5,0.5,0.5,0.82254,0.28965,0.66667,1.0,1.0,0.5,0.5,0.53333,0.33333,0.57143,1.0,0.5,1.0,0.0,0.5
1.0,0.5,1.0,0.5,0.53333,0.5,0.06747,0.53333,0.63333,0.0,0.0,0.66667,1.0,0.34667,0.06667,0.0,0.93051,0.80952,1.0,0.7619,1.0,0.80952,1.0,0.98596,1.0,0.07143,0.84565,0.61111,0.16667,0.0,0.97818,1.0,0.92857,0.5,1.0,1.0,0.5,0.5,0.5,1.0,1.0,0.3633,0.31098,0.5,0.0616,0.01742,0.8,1.0,1.0,0.3633,0.31098,0.7,0.33333,0.66667,0.75,0.5,1.0,0.66667,1.0
0.0,0.0,0.0,0.0,0.53333,0.53333,0.03793,0.53333,0.0,0.75,0.0,0.66667,0.0,0.22222,0.05778,0.0,0.99725,1.0,1.0,1.0,1.0,0.80952,1.0,0.68196,1.0,0.14286,0.3204,0.23955,0.0,0.0,0.9925,1.0,0.71429,0.8,1.0,1.0,0.5,0.6151,0.5,1.0,1.0,1.0,0.18015,0.83959,0.53435,0.01019,0.83333,1.0,1.0,0.45426,0.23468,0.36667,0.26667,0.5,1.0,0.33333,1.0,0.0,1.0
0.5,0.5,0.5,0.5,0.5,0.5,0.18784,0.6,0.03333,0.0,0.5,0.0,0.0,0.2,0.0,0.5,0.5,0.5,0.5,0.5,0.5,0.5,0.5,0.0,0.0,0.75,0.92359,0.70918,0.33333,0.0,0.0,0.5,0.5,0.8,1.0,1.0,0.5,0.5,0.5,1.0,1.0,0.5,0.5,0.5,0.5,0.5,1.0,0.5,0.5,0.5,0.5,0.2,0.8,1.0,1.0,1.0,1.0,0.5,0.5
1.0,0.5,1.0,0.5,0.6,0.5,0.20376,0.6,0.06667,0.0,0.5,0.0,1.0,0.56,0.0,0.5,0.5,0.0,1.0,1.0,1.0,0.0,1.0,0.9036,1.0,0.5,0.95552,0.79975,0.5,0.0,1.0,1.0,0.75,0.8,1.0,1.0,0.5,0.5,0.5,1.0,1.0,0.5,0.5,0.5,0.5,0.5,1.0,1.0,1.0,0.5,0.5,0.2,0.6,1.0,1.0,1.0,1.0,1.0,1.0
1.0,1.0,1.0,1.0,0.6,0.8,0.22167,0.8,0.13333,0.0,0.5,0.0,0.0,0.84,0.0,0.0,1.0,1.0,1.0,1.0,1.0,1.0,0.0,0.90755,1.0,0.5,1.0,0.94231,0.5,1.0,1.0,1.0,1.0,0.8,1.0,1.0,0.5,0.5,0.5,1.0,1.0,0.5,0.5,0.5,0.0,0.0,1.0,1.0,1.0,0.5,0.5,0.2,0.6,1.0,1.0,1.0,1.0,1.0,1.0
0.5,0.5,0.5,0.5,0.5,0.5,0.42683,1.0,0.03333,0.0,0.5,0.0,0.0,0.2,0.0,0.5,0.5,0.5,0.5,0.5,0.5,0.5,0.5,0.0,0.0,0.25,1.0,1.0,1.0,0.0,0.0,0.5,0.5,0.8,1.0,1.0,0.5,0.5,0.5,1.0,1.0,0.5,0.5,0.5,0.5,0.5,1.0,0.5,0.5,0.5,0.5,0.8,0.4,1.0,1.0,1.0,1.0,0.5,0.5
0.0,1.0,0.0,1.0,1.0,1.0,0.42786,1.0,0.16667,0.0,0.5,0.0,0.0,0.28,0.0,0.94919,0.0,1.0,1.0,1.0,1.0,0.7,0.0,0.60517,1.0,0.0,1.0,1.0,1.0,0.0,1.0,1.0,0.75,0.8,1.0,1.0,0.5,0.5,0.5,1.0,1.0,0.5,0.5,0.5,0.62721,0.01552,0.6,1.0,1.0,0.5,0.5,1.0,0.2,1.0,1.0,1.0,1.0,1.0,0.75
1.0,0.5,1.0,0.5,1.0,0.5,0.4543,1.0,0.2,0.0,0.5,0.0,1.0,0.2,0.04,0.71294,0.0,1.0,1.0,1.0,1.0,1.0,1.0,0.68229,1.0,0.0,1.0,1.0,1.0,0.0,1.0,1.0,1.0,0.8,1.0,1.0,0.5,0.5,0.5,1.0,1.0,1.0,0.45439,0.5,0.31128,0.02051,0.8,1.0,1.0,1.0,0.45439,1.0,0.2,1.0,1.0,0.0,1.0,1.0,0.75
1.0,1.0,1.0,1.0,1.0,1.0,0.57964,1.0,0.36667,0.0,0.5,0.0,0.0,0.12,0.12,0.0,0.98662,1.0,1.0,1.0,1.0,1.0,1.0,0.89512,1.0,0.0,1.0,1.0,1.0,0.0,1.0,1.0,1.0,0.8,1.0,1.0,0.5,0.5,0.5,1.0,1.0,1.0,0.19887,1.0,0.0,0.0,1.0,1.0,1.0,1.0,1.0,1.0,0.2,1.0,1.0,0.0,1.0,1.0,0.75
0.0,0.5,0.0,0.5,1.0,0.5,0.57877,1.0,0.4,0.0,0.5,0.0,1.0,0.12,0.12,0.0,0.98723,1.0,1.0,1.0,1.0,1.0,1.0,0.89811,1.0,0.0,1.0,1.0,1.0,0.0,1.0,1.0,1.0,0.8,1.0,1.0,0.5,0.5,0.5,1.0,1.0,1.0,0.19887,1.0,0.0,0.0,1.0,1.0,1.0,1.0,1.0,1.0,0.2,1.0,1.0,0.0,1.0,1.0,1.0
0.0,0.5,0.0,0.5,1.0,0.5,0.57841,1.0,0.43333,0.0,0.5,0.0,1.0,0.12,0.12,0.0,0.98937,1.0,1.0,1.0,1.0,1.0,1.0,0.89936,1.0,0.0,1.0,1.0,1.0,0.0,1.0,1.0,1.0,0.8,1.0,1.0,0.5,0.5,0.5,1.0,1.0,1.0,0.19887,1.0,0.0,0.0,1.0,1.0,1.0,1.0,1.0,1.0,0.2,1.0,1.0,0.0,1.0,1.0,1.0
0.0,0.5,0.0,0.5,1.0,0.5,0.57827,1.0,0.46667,0.0,0.5,0.0,1.0,0.12,0.12,0.0,0.9922,1.0,1.0,1.0,1.0,1.0,1.0,0.89985,1.0,0.0,1.0,1.0,1.0,0.0,1.0,1.0,1.0,0.8,1.0,1.0,0.5,0.5,0.5,1.0,1.0,1.0,0.19887,1.0,0.0,0.0,1.0,1.0,1.0,1.0,1.0,1.0,0.2,1.0,1.0,0.0,1.0,1.0,1.0
0.0,0.5,0.0,0.5,1.0,0.5,0.57821,1.0,0.5,0.0,0.5,0.0,1.0,0.08,0.12,0.0,0.99395,1.0,1.0,1.0,1.0,1.0,1.0,0.90004,1.0,0.0,1.0,1.0,1.0,0.0,1.0,1.0,1.0,0.8,1.0,1.0,0.5,0.5,0.5,1.0,1.0,1.0,0.19887,1.0,0.0,0.0,1.0,1.0,1.0,1.0,1.0,1.0,0.2,1.0,1.0,0.0,1.0,1.0,1.0
0.0,0.5,0.0,0.5,1.0,0.5,0.57819,1.0,0.53333,0.0,0.5,0.0,1.0,0.08,0.12,0.0,0.99504,1.0,1.0,1.0,1.0,1.0,1.0,0.90012,1.0,0.0,1.0,1.0,1.0,0.0,1.0,1.0,1.0,0.8,1.0,1.0,0.5,0.5,0.5,1.0,1.0,1.0,0.19887,1.0,0.0,0.0,1.0,1.0,1.0,1.0,1.0,1.0,0.2,1.0,1.0,0.0,1.0,1.0,1.0
0.0,0.5,0.0,0.5,1.0,0.5,0.57818,1.0,0.56667,0.0,0.5,0.0,1.0,0.08,0.12,0.0,0.99591,1.0,1.0,1.0,1.0,1.0,1.0,0.90015,1.0,0.0,1.0,1.0,1.0,0.0,1.0,1.0,1.0,0.8,1.0,1.0,0.5,0.5,0.5,1.0,1.0,1.0,0.19887,1.0,0.0,0.0,1.0,1.0,1.0,1.0,1.0,1.0,0.2,1.0,1.0,0.0,1.0,1.0,1.0
0.0,0.5,0.0,0.5,1.0,0.5,0.57818,1.0,0.6,0.0,0.5,0.0,1.0,0.08,0.12,0.0,0.99663,1.0,1.0,1.0,1.0,1.0,1.0,0.90016,1.0,0.0,1.0,1.0,1.0,0.0,1.0,1.0,1.0,0.8,1.0,1.0,0.5,0.5,0.5,1.0,1.0,1.0,0.19887,1.0,0.0,0.0,1.0,1.0,1.0,1.0,1.0,1.0,0.2,1.0,1.0,0.0,1.0,1.0,1.0
0.0,0.5,0.0,0.5,1.0,0.5,0.57818,1.0,0.63333,0.0,0.5,0.0,1.0,0.08,0.12,0.0,0.99724,1.0,1.0,1.0,1.0,1.0,1.0,0.90016,1.0,0.0,1.0,1.0,1.0,0.0,1.0,1.0,1.0,0.8,1.0,1.0,0.5,0.5,0.5,1.0,1.0,1.0,0.19887,1.0,0.0,0.0,1.0,1.0,1.0,1.0,1.0,1.0,0.2,1.0,1.0,0.0,1.0,1.0,1.0
0.0,0.5,0.0,0.5,1.0,0.5,0.57818,1.0,0.66667,0.0,0.5,0.0,1.0,0.08,0.12,0.0,0.99775,1.0,1.0,1.0,1.0,1.0,1.0,0.90017,1.0,0.0,1.0,1.0,1.0,0.0,1.0,1.0,1.0,0.8,1.0,1.0,0.5,0.5,0.5,1.0,1.0,1.0,0.19887,1.0,0.0,0.0,1.0,1.0,1.0,1.0,1.0,1.0,0.2,1.0,1.0,0.0,1.0,1.0,1.0
0.0,0.5,0.0,0.5,1.0,0.5,0.57818,1.0,0.7,0.0,0.5,0.0,1.0,0.08,0.12,0.0,0.99816,1.0,1.0,1.0,1.0,1.0,1.0,0.90017,1.0,0.0,1.0,1.0,1.0,0.0,1.0,1.0,1.0,0.8,1.0,1.0,0.5,0.5,0.5,1.0,1.0,1.0,0.19887,1.0,0.0,0.0,1.0,1.0,1.0,1.0,1.0,1.0,0.2,1.0,1.0,0.0,1.0,1.0,1.0
0.0,0.5,0.0,0.5,1.0,0.5,0.57814,1.0,0.73333,0.0,0.5,0.0,1.0,0.08,0.12,0.0,0.99856,1.0,1.0,1.0,1.0,1.0,1.0,0.90031,1.0,0.0,1.0,1.0,1.0,0.0,1.0,1.0,1.0,0.8,1.0,1.0,0.5,0.5,0.5,1.0,1.0,1.0,0.19887,1.0,0.0,0.0,1.0,1.0,1.0,1.0,1.0,1.0,0.2,1.0,1.0,0.0,1.0,1.0,1.0
0.0,0.5,0.0,0.5,1.0,0.5,0.578,1.0,0.76667,0.0,0.5,0.0,1.0,0.08,0.12,0.0,0.9991,1.0,1.0,1.0,1.0,1.0,1.0,0.90077,1.0,0.0,1.0,1.0,1.0,0.0,1.0,1.0,1.0,0.8,1.0,1.0,0.5,0.5,0.5,1.0,1.0,1.0,0.19887,1.0,0.0,0.0,1.0,1.0,1.0,1.0,1.0,1.0,0.2,1.0,1.0,0.0,1.0,1.0,1.0
0.0,0.5,0.0,0.5,1.0,0.5,0.57784,1.0,0.8,0.0,0.5,0.0,1.0,0.08,0.12,0.0,0.99946,1.0,1.0,1.0,1.0,1.0,1.0,0.90133,1.0,0.0,1.0,1.0,1.0,0.0,1.0,1.0,1.0,0.8,1.0,1.0,0.5,0.5,0.5,1.0,1.0,1.0,0.19887,1.0,0.0,0.0,1.0,1.0,1.0,1.0,1.0,1.0,0.2,1.0,1.0,0.0,1.0,1.0,1.0
0.0,0.5,0.0,0.5,1.0,0.5,0.5776,1.0,0.83333,0.0,0.5,0.0,1.0,0.08,0.12,0.0,0.99962,1.0,1.0,1.0,1.0,1.0,1.0,0.90215,1.0,0.0,1.0,1.0,1.0,0.0,1.0,1.0,1.0,0.8,1.0,1.0,0.5,0.5,0.5,1.0,1.0,1.0,0.19887,1.0,0.0,0.0,1.0,1.0,1.0,1.0,1.0,1.0,0.2,1.0,1.0,0.0,1.0,1.0,1.0
0.0,0.5,0.0,0.5,1.0,0.5,0.57729,1.0,0.86667,0.0,0.5,0.0,1.0,0.08,0.12,0.0,0.99976,1.0,1.0,1.0,1.0,1.0,1.0,0.90322,1.0,0.0,1.0,1.0,1.0,0.0,1.0,1.0,1.0,0.8,1.0,1.0,0.5,0.5,0.5,1.0,1.0,1.0,0.19887,1.0,0.0,0.0,1.0,1.0,1.0,1.0,1.0,1.0,0.2,1.0,1.0,0.0,1.0,1.0,1.0
0.0,0.5,0.0,0.5,1.0,0.5,0.57688,1.0,0.9,0.0,0.5,0.0,1.0,0.08,0.12,0.0,0.99989,1.0,1.0,1.0,1.0,1.0,1.0,0.90463,1.0,0.0,1.0,1.0,1.0,0.0,1.0,1.0,1.0,0.8,1.0,1.0,0.5,0.5,0.5,1.0,1.0,1.0,0.19887,1.0,0.0,0.0,1.0,1.0,1.0,1.0,1.0,1.0,0.2,1.0,1.0,0.0,1.0,1.0,1.0
0.5,0.5,0.5,0.5,0.5,0.5,0.18771,0.4,0.06667,0.0,0.5,0.0,0.0,0.72,0.0,0.5,0.5,0.0,1.0,1.0,1.0,0.5,1.0,0.74608,1.0,0.25,0.95487,0.81643,0.33333,0.0,0.84132,0.5,0.5,0.8,1.0,1.0,0.5,0.5,0.5,1.0,1.0,0.5,0.5,0.5,0.5,0.5,1.0,1.0,1.0,0.5,0.5,0.5,0.4,0.33333,1.0,1.0,1.0,1.0,0.5
0.0,1.0,0.0,0.0,0.4,0.4,0.17997,0.4,0.13333,0.0,0.5,0.0,0.0,0.84,0.0,0.99864,0.0,0.6,1.0,1.0,1.0,0.6,1.0,0.75249,1.0,0.25,1.0,1.0,1.0,0.0,0.83702,1.0,0.5,0.8,1.0,1.0,0.5,0.5,0.5,1.0,1.0,0.5,0.5,0.5,0.0,0.0,1.0,1.0,1.0,0.5,0.5,1.0,0.2,0.0,1.0,1.0,1.0,0.0,0.5
1.0,0.5,1.0,0.5,0.4,0.5,0.18021,0.4,0.16667,0.0,0.5,0.0,1.0,0.8,0.0,0.94128,0.0,1.0,1.0,1.0,1.0,1.0,0.0,0.73534,1.0,0.25,1.0,1.0,1.0,1.0,0.94534,1.0,1.0,0.8,1.0,1.0,0.5,0.5,0.5,1.0,1.0,0.5,0.5,0.5,0.0,0.0,1.0,1.0,1.0,0.5,0.5,0.5,0.4,1.0,1.0,1.0,1.0,0.0,0.75
0.0,0.0,0.0,0.0,0.2,0.2,0.15472,0.2,0.23333,0.0,0.5,0.0,0.0,0.68,0.0,0.96162,0.0,1.0,1.0,1.0,1.0,1.0,0.0,0.72613,1.0,0.25,0.98269,0.96597,0.0,0.0,0.9168,1.0,1.0,0.8,1.0,1.0,0.5,0.5,0.5,1.0,1.0,0.5,0.5,0.5,0.0,0.0,1.0,1.0,1.0,0.5,0.5,1.0,0.2,0.0,1.0,1.0,1.0,0.0,0.5
0.0,0.0,0.0,0.0,0.2,0.2,0.09471,0.2,0.43333,0.0,0.5,0.0,0.0,0.64,0.0,0.98562,0.0,1.0,1.0,1.0,1.0,1.0,0.0,0.02966,0.05392,0.0,1.0,1.0,1.0,0.0,1.0,0.0,0.75,0.8,1.0,1.0,0.5,0.5,0.5,1.0,1.0,0.5,0.5,0.5,0.0,0.0,1.0,1.0,1.0,0.5,0.5,1.0,0.2,1.0,1.0,1.0,1.0,1.0,0.75
0.0,0.0,0.0,0.0,0.2,0.2,0.08071,0.2,0.5,0.0,0.5,0.0,0.0,0.64,0.0,0.98693,0.0,1.0,1.0,1.0,1.0,1.0,0.0,0.02153,0.03915,0.0,1.0,1.0,1.0,0.0,1.0,0.0,1.0,0.8,1.0,1.0,0.5,0.5,0.5,1.0,1.0,0.5,0.5,0.5,0.0,0.0,1.0,1.0,1.0,0.5,0.5,1.0,0.2,1.0,1.0,1.0,1.0,1.0,0.5
0.5,0.5,0.5,0.5,0.5,0.5,0.11148,0.4,0.66667,0.0,0.5,0.0,0.0,0.2,0.08,0.0,0.99178,1.0,1.0,0.9,1.0,0.5,0.0,0.90366,1.0,0.25,0.54462,0.43784,0.0,0.0,0.44444,1.0,0.5,0.8,1.0,1.0,0.5,0.5,0.5,1.0,1.0,0.5,0.5,0.5,0.0,0.0,1.0,1.0,1.0,1.0,1.0,1.0,0.2,0.0,1.0,0.0,1.0,1.0,0.5
0.5,0.5,0.5,0.5,0.5,0.5,0.15829,0.4,0.03333,0.0,0.5,0.0,0.0,0.2,0.0,0.5,0.5,0.5,0.5,0.5,0.5,0.5,0.5,0.0,0.0,0.75,0.96591,0.48295,0.33333,0.0,0.0,0.5,0.5,0.8,1.0,1.0,0.5,0.5,0.5,1.0,1.0,0.5,0.5,0.5,0.5,0.5,1.0,0.5,0.5,0.5,0.5,0.5,0.6,0.66667,1.0,1.0,1.0,0.5,0.5
0.5,0.5,0.5,0.5,0.5,0.5,0.45035,1.0,0.03333,0.0,0.5,0.0,0.0,0.2,0.0,0.5,0.5,0.5,0.5,0.5,0.5,0.5,0.5,0.0,0.0,0.75,1.0,1.0,1.0,0.0,0.0,0.5,0.5,0.8,1.0,1.0,0.5,0.5,0.5,1.0,1.0,0.5,0.5,0.5,0.5,0.5,1.0,0.5,0.5,0.5,0.5,0.9,0.4,0.33333,1.0,1.0,1.0,0.5,0.5
0.0,0.0,0.0,0.0,0.8,0.8,0.50218,1.0,0.53333,0.0,0.5,0.0,0.0,0.08,0.12,0.0,0.98861,1.0,1.0,1.0,1.0,0.7,0.0,0.83366,1.0,0.0,1.0,1.0,1.0,0.0,1.0,1.0,0.25,0.8,1.0,1.0,0.5,0.5,0.5,1.0,1.0,0.5,0.5,0.5,0.0,0.0,1.0,1.0,1.0,1.0,0.09607,1.0,0.2,1.0,1.0,0.0,1.0,1.0,0.75
0.0,0.5,0.0,0.5,1.0,0.5,0.50148,1.0,0.56667,0.0,0.5,0.0,1.0,0.08,0.12,0.0,0.99159,1.0,1.0,1.0,1.0,1.0,0.0,0.83134,1.0,0.0,1.0,1.0,1.0,0.0,1.0,1.0,1.0,0.8,1.0,1.0,0.5,0.5,0.5,1.0,1.0,0.5,0.5,0.5,0.0,0.0,1.0,1.0,1.0,1.0,0.09607,1.0,0.2,1.0,1.0,0.0,1.0,1.0,1.0
0.0,0.5,0.0,0.5,1.0,0.5,0.50119,1.0,0.6,0.0,0.5,0.0,1.0,0.08,0.12,0.0,0.99386,1.0,1.0,1.0,1.0,1.0,0.0,0.83039,1.0,0.0,1.0,1.0,1.0,0.0,1.0,1.0,1.0,0.8,1.0,1.0,0.5,0.5,0.5,1.0,1.0,0.5,0.5,0.5,0.0,0.0,1.0,1.0,1.0,1.0,0.09607,1.0,0.2,1.0,1.0,0.0,1.0,1.0,1.0
0.0,0.5,0.0,0.5,1.0,0.5,0.50108,1.0,0.63333,0.0,0.5,0.0,1.0,0.08,0.12,0.0,0.99567,1.0,1.0,1.0,1.0,1.0,0.0,0.83001,1.0,0.0,1.0,1.0,1.0,0.0,1.0,1.0,1.0,0.8,1.0,1.0,0.5,0.5,0.5,1.0,1.0,0.5,0.5,0.5,0.0,0.0,1.0,1.0,1.0,1.0,0.09607,1.0,0.2,1.0,1.0,0.0,1.0,1.0,1.0
0.0,0.5,0.0,0.5,1.0,0.5,0.50103,1.0,0.66667,0.0,0.5,0.0,1.0,0.08,0.12,0.0,0.99678,1.0,1.0,1.0,1.0,1.0,0.0,0.82986,1.0,0.0,1.0,1.0,1.0,0.0,1.0,1.0,1.0,0.8,1.0,1.0,0.5,0.5,0.5,1.0,1.0,0.5,0.5,0.5,0.0,0.0,1.0,1.0,1.0,1.0,0.09607,1.0,0.2,1.0,1.0,0.0,1.0,1.0,1.0
0.0,0.5,0.0,0.5,1.0,0.5,0.50101,1.0,0.7,0.0,0.5,0.0,1.0,0.08,0.12,0.0,0.99744,1.0,1.0,1.0,1.0,1.0,0.0,0.8298,1.0,0.0,1.0,1.0,1.0,0.0,1.0,1.0,1.0,0.8,1.0,1.0,0.5,0.5,0.5,1.0,1.0,0.5,0.5,0.5,0.0,0.0,1.0,1.0,1.0,1.0,0.09607,1.0,0.2,1.0,1.0,0.0,1.0,1.0,1.0
0.0,0.5,0.0,0.5,1.0,0.5,0.50101,1.0,0.73333,0.0,0.5,0.0,1.0,0.08,0.12,0.0,0.99792,1.0,1.0,1.0,1.0,1.0,0.0,0.82978,1.0,0.0,1.0,1.0,1.0,0.0,1.0,1.0,1.0,0.8,1.0,1.0,0.5,0.5,0.5,1.0,1.0,0.5,0.5,0.5,0.0,0.0,1.0,1.0,1.0,1.0,0.09607,1.0,0.2,1.0,1.0,0.0,1.0,1.0,1.0
0.0,0.5,0.0,0.5,1.0,0.5,0.501,1.0,0.76667,0.0,0.5,0.0,1.0,0.08,0.12,0.0,0.99831,1.0,1.0,1.0,1.0,1.0,0.0,0.82977,1.0,0.0,1.0,1.0,1.0,0.0,1.0,1.0,1.0,0.8,1.0,1.0,0.5,0.5,0.5,1.0,1.0,0.5,0.5,0.5,0.0,0.0,1.0,1.0,1.0,1.0,0.09607,1.0,0.2,1.0,1.0,0.0,1.0,1.0,1.0
0.0,0.5,0.0,0.5,1.0,0.5,0.501,1.0,0.8,0.0,0.5,0.0,1.0,0.08,0.12,0.0,0.99862,1.0,1.0,1.0,1.0,1.0,0.0,0.82976,1.0,0.0,1.0,1.0,1.0,0.0,1.0,1.0,1.0,0.8,1.0,1.0,0.5,0.5,0.5,1.0,1.0,0.5,0.5,0.5,0.0,0.0,1.0,1.0,1.0,1.0,0.09607,1.0,0.2,1.0,1.0,0.0,1.0,1.0,1.0
0.0,0.5,0.0,0.5,1.0,0.5,0.501,1.0,0.83333,0.0,0.5,0.0,1.0,0.08,0.12,0.0,0.99888,1.0,1.0,1.0,1.0,1.0,0.0,0.82976,1.0,0.0,1.0,1.0,1.0,0.0,1.0,1.0,1.0,0.8,1.0,1.0,0.5,0.5,0.5,1.0,1.0,0.5,0.5,0.5,0.0,0.0,1.0,1.0,1.0,1.0,0.09607,1.0,0.2,1.0,1.0,0.0,1.0,1.0,1.0
0.0,0.5,0.0,0.5,1.0,0.5,0.501,1.0,0.86667,0.0,0.5,0.0,1.0,0.08,0.12,0.0,0.99909,1.0,1.0,1.0,1.0,1.0,0.0,0.82976,1.0,0.0,1.0,1.0,1.0,0.0,1.0,1.0,1.0,0.8,1.0,1.0,0.5,0.5,0.5,1.0,1.0,0.5,0.5,0.5,0.0,0.0,1.0,1.0,1.0,1.0,0.09607,1.0,0.2,1.0,1.0,0.0,1.0,1.0,1.0
0.0,0.5,0.0,0.5,1.0,0.5,0.501,1.0,0.9,0.0,0.5,0.0,1.0,0.08,0.12,0.0,0.99926,1.0,1.0,1.0,1.0,1.0,0.0,0.82976,1.0,0.0,1.0,1.0,1.0,0.0,1.0,1.0,1.0,0.8,1.0,1.0,0.5,0.5,0.5,1.0,1.0,0.5,0.5,0.5,0.0,0.0,1.0,1.0,1.0,1.0,0.09607,1.0,0.2,1.0,1.0,0.0,1.0,1.0,1.0
0.0,0.5,0.0,0.5,1.0,0.5,0.501,1.0,0.93333,0.0,0.5,0.0,1.0,0.08,0.12,0.0,0.9994,1.0,1.0,1.0,1.0,1.0,0.0,0.82976,1.0,0.0,1.0,1.0,1.0,0.0,1.0,1.0,1.0,0.8,1.0,1.0,0.5,0.5,0.5,1.0,1.0,0.5,0.5,0.5,0.0,0.0,1.0,1.0,1.0,1.0,0.09607,1.0,0.2,1.0,1.0,0.0,1.0,1.0,1.0
0.0,0.5,0.0,0.5,1.0,0.5,0.501,1.0,0.96667,0.0,0.5,0.0,1.0,0.08,0.12,0.0,0.99952,1.0,1.0,1.0,1.0,1.0,0.0,0.82975,1.0,0.0,1.0,1.0,1.0,0.0,1.0,1.0,1.0,0.8,1.0,1.0,0.5,0.5,0.5,1.0,1.0,0.5,0.5,0.5,0.0,0.0,1.0,1.0,1.0,1.0,0.09607,1.0,0.2,1.0,1.0,0.0,1.0,1.0,1.0
0.0,0.5,0.0,0.5,1.0,0.5,0.50099,1.0,1.0,0.0,0.5,0.0,1.0,0.08,0.12,0.0,0.99963,1.0,1.0,1.0,1.0,1.0,0.0,0.82973,1.0,0.0,1.0,1.0,1.0,0.0,1.0,1.0,1.0,0.8,1.0,1.0,0.5,0.5,0.5,1.0,1.0,0.5,0.5,0.5,0.0,0.0,1.0,1.0,1.0,1.0,0.09607,1.0,0.2,1.0,1.0,0.0,1.0,1.0,1.0
0.0,0.5,0.0,0.5,1.0,0.5,0.50099,1.0,0.0,0.96774,0.5,0.0,1.0,0.08,0.12,0.0,0.9997,1.0,1.0,1.0,1.0,1.0,0.0,0.82971,1.0,0.0,1.0,1.0,1.0,0.0,1.0,1.0,1.0,0.8,1.0,1.0,0.5,0.5,0.5,1.0,1.0,0.5,0.5,0.5,0.0,0.0,1.0,1.0,1.0,1.0,0.09607,1.0,0.2,1.0,1.0,0.0,1.0,1.0,1.0
0.0,0.5,0.0,0.5,1.0,0.5,0.50098,1.0,0.0,0.9375,0.5,0.0,1.0,0.08,0.12,0.0,0.99977,1.0,1.0,1.0,1.0,1.0,0.0,0.82969,1.0,0.0,1.0,1.0,1.0,0.0,1.0,1.0,1.0,0.8,1.0,1.0,0.5,0.5,0.5,1.0,1.0,0.5,0.5,0.5,0.0,0.0,1.0,1.0,1.0,1.0,0.09607,1.0,0.2,1.0,1.0,0.0,1.0,1.0,1.0
0.0,0.5,0.0,0.5,1.0,0.5,0.50098,1.0,0.0,0.90909,0.5,0.0,1.0,0.08,0.12,0.0,0.99981,1.0,1.0,1.0,1.0,1.0,0.0,0.82967,1.0,0.0,1.0,1.0,1.0,0.0,1.0,1.0,1.0,0.8,1.0,1.0,0.5,0.5,0.5,1.0,1.0,0.5,0.5,0.5,0.0,0.0,1.0,1.0,1.0,1.0,0.09607,1.0,0.2,1.0,1.0,0.0,1.0,1.0,1.0
0.0,0.5,0.0,0.5,1.0,0.5,0.50097,1.0,0.0,0.88235,0.5,0.0,1.0,0.08,0.12,0.0,0.99985,1.0,1.0,1.0,1.0,1.0,0.0,0.82966,1.0,0.0,1.0,1.0,1.0,0.0,1.0,1.0,1.0,0.8,1.0,1.0,0.5,0.5,0.5,1.0,1.0,0.5,0.5,0.5,0.0,0.0,1.0,1.0,1.0,1.0,0.09607,1.0,0.2,1.0,1.0,0.0,1.0,1.0,1.0
0.0,0.5,0.0,0.5,1.0,0.5,0.50097,1.0,0.0,0.85714,0.5,0.0,1.0,0.08,0.12,0.0,0.99988,1.0,1.0,1.0,1.0,1.0,0.0,0.82964,1.0,0.0,1.0,1.0,1.0,0.0,1.0,1.0,1.0,0.8,1.0,1.0,0.5,0.5,0.5,1.0,1.0,0.5,0.5,0.5,0.0,0.0,1.0,1.0,1.0,1.0,0.09607,1.0,0.2,1.0,1.0,0.0,1.0,1.0,1.0
0.0,0.5,0.0,0.5,1.0,0.5,0.50096,1.0,0.0,0.83333,0.5,0.0,1.0,0.08,0.12,0.0,0.9999,1.0,1.0,1.0,1.0,1.0,0.0,0.82963,1.0,0.0,1.0,1.0,1.0,0.0,1.0,1.0,1.0,0.8,1.0,1.0,0.5,0.5,0.5,1.0,1.0,0.5,0.5,0.5,0.0,0.0,1.0,1.0,1.0,1.0,0.09607,1.0,0.2,1.0,1.0,0.0,1.0,1.0,1.0
0.0,0.5,0.0,0.5,1.0,0.5,0.50096,1.0,0.0,0.81081,0.5,0.0,1.0,0.08,0.12,0.0,0.99992,1.0,1.0,1.0,1.0,1.0,0.0,0.82961,1.0,0.0,1.0,1.0,1.0,0.0,1.0,1.0,1.0,0.8,1.0,1.0,0.5,0.5,0.5,1.0,1.0,0.5,0.5,0.5,0.0,0.0,1.0,1.0,1.0,1.0,0.09607,1.0,0.2,1.0,1.0,0.0,1.0,1.0,1.0
0.0,0.5,0.0,0.5,1.0,0.5,0.50095,1.0,0.0,0.78947,0.5,0.0,1.0,0.08,0.12,0.0,0.99994,1.0,1.0,1.0,1.0,1.0,0.0,0.8296,1.0,0.0,1.0,1.0,1.0,0.0,1.0,1.0,1.0,0.8,1.0,1.0,0.5,0.5,0.5,1.0,1.0,0.5,0.5,0.5,0.0,0.0,1.0,1.0,1.0,1.0,0.09607,1.0,0.2,1.0,1.0,0.0,1.0,1.0,1.0
0.0,0.5,0.0,0.5,1.0,0.5,0.50095,1.0,0.0,0.76923,0.5,0.0,1.0,0.08,0.12,0.0,0.99995,1.0,1.0,1.0,1.0,1.0,0.0,0.82959,1.0,0.0,1.0,1.0,1.0,0.0,1.0,1.0,1.0,0.8,1.0,1.0,0.5,0.5,0.5,1.0,1.0,0.5,0.5,0.5,0.0,0.0,1.0,1.0,1.0,1.0,0.09607,1.0,0.2,1.0,1.0,0.0,1.0,1.0,1.0
0.0,0.5,0.0,0.5,1.0,0.5,0.50095,1.0,0.0,0.75,0.5,0.0,1.0,0.08,0.12,0.0,0.99996,1.0,1.0,1.0,1.0,1.0,0.0,0.82958,1.0,0.0,1.0,1.0,1.0,0.0,1.0,1.0,1.0,0.8,1.0,1.0,0.5,0.5,0.5,1.0,1.0,0.5,0.5,0.5,0.0,0.0,1.0,1.0,1.0,1.0,0.09607,1.0,0.2,1.0,1.0,0.0,1.0,1.0,1.0
0.5,0.5,0.5,0.5,0.5,0.5,0.18306,0.8,0.03333,0.0,0.5,0.0,0.0,0.2,0.0,0.5,0.5,0.5,0.5,0.5,0.5,0.5,0.5,0.0,0.0,0.5,0.80723,0.5678,0.5,0.0,0.0,0.5,0.5,0.8,1.0,1.0,0.5,0.5,0.5,1.0,1.0,0.5,0.5,0.5,0.5,0.5,1.0,0.5,0.5,0.5,0.5,0.2,0.6,1.0,1.0,1.0,1.0,0.5,0.5
1.0,0.5,0.0,0.5,0.8,0.5,0.17869,0.8,0.06667,0.0,0.5,0.0,1.0,0.64,0.0,0.5,0.5,0.6,0.4,1.0,1.0,0.6,1.0,0.63285,1.0,0.0,0.80921,0.52743,0.5,0.0,0.8869,1.0,0.5,0.8,1.0,1.0,0.5,0.5,0.5,1.0,1.0,0.5,0.5,0.5,0.5,0.5,1.0,1.0,1.0,0.5,0.5,0.2,0.4,0.5,1.0,1.0,1.0,0.5,1.0
1.0,1.0,1.0,1.0,0.8,0.8,0.22434,0.8,0.13333,0.0,0.5,0.0,0.0,0.68,0.0,0.85435,0.0,1.0,1.0,1.0,1.0,1.0,1.0,0.59229,1.0,0.0,0.99455,0.70973,0.5,0.0,0.96083,1.0,1.0,0.8,1.0,1.0,0.5,0.5,0.5,1.0,1.0,0.5,0.5,0.5,0.0,0.0,1.0,1.0,1.0,0.5,0.5,0.2,0.6,1.0,1.0,1.0,1.0,0.0,1.0
0.0,1.0,0.0,0.0,0.8,0.8,0.22857,0.8,0.7,0.0,0.5,0.0,0.0,0.48,0.0,0.0,0.99873,1.0,1.0,1.0,1.0,1.0,1.0,0.54734,0.99517,0.0,0.98934,0.93275,0.5,0.0,1.0,1.0,1.0,0.8,1.0,1.0,0.5,0.5,0.5,1.0,1.0,0.5,0.5,0.5,0.29012,0.03226,0.6,1.0,1.0,0.5,0.5,0.6,0.6,1.0,1.0,1.0,1.0,0.0,1.0
1.0,0.0,1.0,0.0,0.8,0.6,0.19265,0.6,0.83333,0.0,0.5,0.0,0.0,0.52,0.04,0.95922,0.0,1.0,1.0,1.0,1.0,1.0,1.0,0.88865,1.0,0.25,0.81132,0.68254,0.0,0.0,1.0,0.75,0.75,0.8,1.0,1.0,0.5,0.5,0.5,1.0,1.0,1.0,0.55333,0.88177,0.05237,0.03466,0.6,1.0,1.0,1.0,0.55333,0.6,0.4,1.0,0.0,1.0,1.0,0.0,1.0
1.0,1.0,1.0,0.0,0.6,0.6,0.18798,0.6,0.9,0.0,0.5,0.0,0.0,0.52,0.04,0.0,0.99525,1.0,1.0,1.0,1.0,1.0,0.0,0.83056,1.0,0.25,0.86122,0.75627,0.0,1.0,1.0,0.75,0.5,0.8,1.0,1.0,0.5,0.5,0.5,1.0,1.0,0.2833,0.39934,1.0,0.0,0.0,1.0,1.0,1.0,0.2833,0.39934,0.2,0.4,1.0,1.0,1.0,1.0,0.0,1.0
0.0,0.0,0.0,0.0,0.6,0.4,0.04739,0.2,0.0,0.90909,0.5,0.0,0.0,0.44,0.04,0.99752,0.0,1.0,1.0,1.0,1.0,1.0,1.0,0.8854,1.0,0.25,0.19994,0.11107,0.0,0.0,0.9461,1.0,0.5,0.8,1.0,1.0,0.5,0.5,0.5,1.0,1.0,0.2833,0.39934,1.0,0.03443,0.02205,0.6,1.0,1.0,0.2833,0.39934,1.0,0.2,0.0,1.0,0.0,1.0,0.0,1.0
0.5,0.5,0.5,0.5,0.5,0.5,0.16258,0.6,0.06667,0.0,0.5,0.0,0.0,0.36,0.0,0.5,0.5,0.9,1.0,1.0,1.0,0.5,1.0,0.33375,0.60683,0.5,1.0,1.0,1.0,0.0,0.5,0.75,0.5,0.8,1.0,1.0,0.5,0.5,0.5,1.0,1.0,0.5,0.5,0.5,0.5,0.5,1.0,1.0,1.0,0.5,0.5,0.4,0.4,1.0,0.0,1.0,1.0,1.0,0.5
0.5,0.5,0.5,0.5,0.5,0.5,0.32452,0.8,0.03333,0.0,0.5,0.0,0.0,0.2,0.0,0.5,0.5,0.5,0.5,0.5,0.5,0.5,0.5,0.0,0.0,0.25,0.98901,0.97826,0.0,0.0,0.0,0.5,0.5,0.8,1.0,1.0,0.5,0.5,0.5,1.0,1.0,0.5,0.5,0.5,0.5,0.5,1.0,0.5,0.5,0.5,0.5,0.4,0.4,1.0,1.0,1.0,1.0,0.5,0.5
0.5,0.5,0.5,0.5,0.5,0.5,0.16785,0.6,0.03333,0.0,0.5,0.0,0.0,0.2,0.0,0.5,0.5,0.5,0.5,0.5,0.5,0.5,0.5,0.0,0.0,1.0,0.83924,0.36788,0.5,0.0,0.0,0.5,0.5,0.8,1.0,1.0,0.5,0.5,0.5,1.0,1.0,0.5,0.5,0.5,0.5,0.5,1.0,0.5,0.5,0.5,0.5,0.2,1.0,1.0,1.0,1.0,1.0,0.5,0.5
0.0,0.0,0.0,0.0,0.4,0.6,0.13852,0.6,0.46667,0.0,0.5,0.0,0.0,0.32,0.08,0.0,0.9698,1.0,1.0,1.0,0.6,0.8,0.0,0.90875,1.0,0.5,0.45657,0.29581,0.0,0.0,1.0,1.0,0.25,0.8,1.0,1.0,0.5,0.5,0.5,1.0,1.0,0.5,0.5,0.5,0.0,0.00079,1.0,1.0,1.0,1.0,0.09636,0.2,0.4,1.0,1.0,0.0,1.0,0.0,1.0
0.0,0.0,0.0,0.0,0.6,0.6,0.10664,0.6,0.73333,0.0,0.5,0.0,0.0,0.16,0.08,0.0,0.99867,1.0,1.0,0.9,1.0,0.8,0.0,0.11122,0.20222,0.5,1.0,1.0,1.0,0.0,1.0,0.5,0.5,0.8,1.0,1.0,0.5,0.5,0.5,1.0,1.0,0.5,0.5,0.5,0.0,0.0,1.0,1.0,1.0,1.0,0.09636,0.6,0.4,1.0,1.0,1.0,1.0,0.0,1.0
0.5,0.5,0.5,0.5,0.5,0.5,0.13528,0.4,0.1,0.0,0.5,0.0,0.0,0.56,0.0,0.98131,0.0,0.9,1.0,1.0,1.0,0.5,1.0,0.78494,1.0,0.25,1.0,0.95865,0.5,0.0,0.81213,1.0,0.5,0.8,1.0,1.0,0.5,0.5,0.5,1.0,1.0,0.5,0.5,0.5,0.0,0.0,1.0,1.0,1.0,0.5,0.5,0.4,0.4,0.5,1.0,1.0,1.0,0.5,0.5
0.0,0.0,0.0,0.0,0.4,0.2,0.10905,0.2,0.16667,0.0,0.5,0.0,0.0,0.56,0.0,0.91458,0.0,0.6,1.0,1.0,1.0,0.6,0.0,0.46061,0.83747,0.0,0.87646,0.7717,0.0,0.0,0.75372,1.0,1.0,0.8,1.0,1.0,0.5,0.5,0.5,1.0,1.0,0.5,0.5,0.5,0.0,0.0,1.0,1.0,1.0,0.5,0.5,0.2,0.4,0.5,0.0,1.0,1.0,0.5,0.25
0.0,0.0,0.0,0.0,0.2,0.2,0.01211,0.2,0.76667,0.0,0.5,0.0,0.0,0.24,0.12,0.9996,0.0,1.0,1.0,1.0,1.0,1.0,1.0,0.65242,1.0,0.25,0.06038,0.02332,0.0,0.0,0.77466,0.75,0.75,0.5,1.0,1.0,0.5,0.5,0.5,1.0,1.0,0.5,0.5,0.5,0.0,0.0,1.0,1.0,1.0,0.05802,0.10819,1.0,0.2,0.0,1.0,0.0,1.0,0.33333,1.0
0.5,0.5,0.5,0.5,0.5,0.5,0.0377,0.3,0.03333,0.0,1.0,0.0,0.0,0.1,0.0,0.5,0.5,0.5,0.5,0.5,0.5,0.5,0.5,0.0,0.0,0.66667,0.46422,0.26027,0.33333,0.0,0.0,0.5,0.5,0.8,1.0,1.0,0.5,0.5,0.5,1.0,1.0,0.5,0.5,0.5,0.5,0.5,1.0,0.5,0.5,0.5,0.5,0.55,0.6,0.83333,1.0,1.0,1.0,0.5,0.5
1.0,1.0,1.0,0.0,0.3,0.2,0.03613,0.2,0.13333,0.0,1.0,0.0,0.0,0.64,0.0,0.0,1.0,0.8,0.64444,1.0,1.0,0.35556,1.0,0.53833,0.97879,0.22222,0.95807,0.91952,0.0,0.0,0.66028,0.22222,0.44444,0.8,1.0,1.0,0.5,0.5,0.5,1.0,1.0,0.5,0.5,0.5,0.94082,0.00755,0.75,1.0,1.0,0.5,0.5,1.0,0.1,0.0,1.0,1.0,1.0,0.0,0.44444
0.0,0.0,0.0,0.0,0.3,0.3,0.00414,0.2,0.53333,0.0,1.0,0.0,0.0,0.49,0.01,0.99897,0.0,1.0,1.0,1.0,1.0,0.97778,0.0,0.0001,0.00018,0.0,1.0,1.0,1.0,0.0,1.0,0.88889,0.88889,0.8,1.0,1.0,0.5,0.5,0.5,1.0,1.0,1.0,0.25146,0.96883,0.53072,0.00094,0.95,1.0,1.0,1.0,0.25146,1.0,0.1,1.0,1.0,0.0,1.0,1.0,0.44444
0.0,0.0,0.0,0.0,0.2,0.2,0.00321,0.2,0.63333,0.0,1.0,0.0,0.0,0.49,0.01,0.99923,0.0,1.0,1.0,1.0,1.0,1.0,0.0,0.0001,0.00018,0.0,1.0,1.0,1.0,0.0,1.0,0.88889,1.0,0.8,1.0,1.0,0.5,0.5,0.5,1.0,1.0,1.0,0.04759,0.9453,0.0,0.0,1.0,1.0,1.0,1.0,0.04759,1.0,0.1,1.0,1.0,0.0,1.0,1.0,0.22222
0.5,0.5,0.5,0.5,0.5,0.5,0.09436,0.5,0.03333,0.0,1.0,0.0,0.0,0.1,0.0,0.5,0.5,0.5,0.5,0.5,0.5,0.5,0.5,0.0,0.0,0.55556,0.97699,0.54762,0.4,0.0,0.0,0.5,0.5,0.8,1.0,1.0,0.5,0.5,0.5,1.0,1.0,0.5,0.5,0.5,0.5,0.5,1.0,0.5,0.5,0.5,0.5,0.2,0.6,1.0,1.0,1.0,1.0,0.5,0.5
1.0,0.5,1.0,0.5,0.5,0.5,0.10373,0.5,0.06667,0.0,1.0,0.0,1.0,0.41,0.0,0.5,0.5,0.0,1.0,1.0,1.0,0.0,1.0,0.96222,1.0,0.55556,1.0,0.63816,0.5,0.0,0.75998,1.0,0.66667,0.8,1.0,1.0,0.5,0.5,0.5,1.0,1.0,0.5,0.5,0.5,0.5,0.5,1.0,1.0,1.0,0.5,0.5,0.2,0.4,0.75,0.66667,1.0,1.0,0.75,1.0
0.0,1.0,0.0,0.0,0.4,0.4,0.09515,0.5,0.23333,0.0,1.0,0.0,0.0,0.42,0.0,0.88272,0.0,1.0,1.0,1.0,1.0,0.46667,1.0,0.86008,1.0,0.0,0.9677,0.54096,0.6,0.0,0.96294,0.88889,0.88889,0.8,1.0,1.0,0.5,0.5,0.5,1.0,1.0,0.5,0.5,0.5,0.10442,0.17356,0.6,1.0,1.0,0.5,0.5,0.6,0.5,0.8,1.0,1.0,1.0,0.6,1.0
0.5,0.5,0.5,0.5,0.5,0.5,0.1369,0.8,0.03333,0.0,1.0,0.0,0.0,0.1,0.0,0.5,0.5,0.5,0.5,0.5,0.5,0.5,0.5,0.0,0.0,0.55556,1.0,0.78238,0.8,0.0,0.0,0.5,0.5,0.8,1.0,1.0,0.5,0.5,0.5,1.0,1.0,0.5,0.5,0.5,0.5,0.5,1.0,0.5,0.5,0.5,0.5,0.2,0.6,1.0,1.0,1.0,1.0,0.5,0.5
0.0,0.0,0.0,0.0,0.6,0.6,0.08483,0.5,0.23333,0.0,1.0,0.0,0.0,0.11,0.01,0.85048,0.0,0.95556,0.95556,1.0,1.0,0.97778,1.0,0.66885,1.0,0.11111,0.89638,0.71865,0.5,0.0,0.66667,0.66667,0.22222,0.8,1.0,1.0,0.5,0.5,0.5,1.0,1.0,0.5,0.5,0.5,0.0,0.00644,1.0,1.0,1.0,1.0,1.0,0.2,0.3,1.0,0.5,1.0,1.0,0.5,1.0
0.5,0.5,0.5,0.5,0.5,0.5,0.11144,0.5,0.03333,0.0,1.0,0.0,0.0,0.1,0.0,0.5,0.5,0.5,0.5,0.5,0.5,0.5,0.5,0.0,0.0,0.66667,1.0,0.80319,0.5,0.0,0.0,0.5,0.5,0.8,1.0,1.0,0.5,0.5,0.5,1.0,1.0,0.5,0.5,0.5,0.5,0.5,1.0,0.5,0.5,0.5,0.5,0.45,0.5,0.66667,1.0,1.0,1.0,0.5,0.5
0.0,1.0,0.0,1.0,0.4,0.6,0.12398,0.6,0.2,0.0,1.0,0.0,0.0,0.25,0.02,0.98912,0.0,1.0,0.73333,0.93333,1.0,0.73333,0.0,0.77374,1.0,0.33333,0.98813,0.89859,0.5,0.0,0.66667,0.66667,0.33333,0.8,1.0,1.0,0.5,0.5,0.5,1.0,1.0,0.5,0.5,0.5,0.0,0.0,1.0,1.0,1.0,0.5,0.5,0.45,0.2,0.5,1.0,1.0,1.0,0.0,0.88889
1.0,1.0,0.0,1.0,0.6,0.8,0.22715,1.0,0.6,0.0,1.0,0.0,0.0,0.13,0.07,0.0,0.9982,1.0,1.0,0.91111,1.0,0.93333,0.0,0.90988,1.0,0.33333,1.0,1.0,1.0,0.0,0.66667,1.0,1.0,0.8,1.0,1.0,0.5,0.5,0.5,1.0,1.0,0.5,0.5,0.5,0.71041,0.07246,0.8,1.0,1.0,1.0,0.30521,0.7,0.2,0.5,1.0,1.0,1.0,0.0,0.77778
0.5,0.5,0.5,0.5,0.5,0.5,0.16489,0.8,0.43333,0.0,1.0,0.0,0.0,0.16,0.1,0.93691,0.0,0.73333,0.91111,0.64444,0.77778,0.5,0.0,0.87083,1.0,0.22222,1.0,0.91571,0.5,0.0,0.80548,0.33333,0.5,0.65,1.0,1.0,0.5,0.5,0.5,1.0,1.0,0.5,0.5,0.5,0.60724,0.03751,0.6,1.0,1.0,0.0,0.21612,0.75,0.2,0.5,1.0,0.0,1.0,0.0,0.5
0.0,0.0,1.0,1.0,0.9,0.8,0.15827,0.8,0.56667,0.0,1.0,0.0,0.0,0.13,0.08,0.0,0.99686,0.86667,1.0,0.75556,0.82222,0.77778,1.0,0.92942,1.0,0.22222,1.0,0.81703,0.66667,0.0,0.82588,0.88889,0.88889,0.8,1.0,1.0,0.5,0.5,0.5,1.0,1.0,1.0,0.51867,0.95561,0.10234,0.0,0.6,1.0,1.0,1.0,0.43964,0.6,0.2,0.33333,0.0,0.0,1.0,0.33333,1.0
0.0,0.0,1.0,0.0,0.7,0.6,0.15084,0.6,0.66667,0.0,1.0,0.0,0.0,0.1,0.09,0.0,0.98836,0.84444,1.0,0.82222,0.66667,0.8,1.0,0.97566,1.0,0.11111,0.8479,0.74849,0.0,0.0,0.77206,0.88889,0.88889,0.8,1.0,1.0,0.5,1.0,0.5,1.0,1.0,1.0,0.55333,0.91379,0.0,0.0,1.0,1.0,1.0,1.0,0.81307,1.0,0.1,0.0,1.0,0.0,1.0,0.0,1.0
0.5,0.5,0.5,0.5,0.5,0.5,0.1079,0.6,0.03333,0.0,1.0,0.0,0.0,0.1,0.0,0.5,0.5,0.5,0.5,0.5,0.5,0.5,0.5,0.0,0.0,0.77778,1.0,0.61878,0.71429,0.0,0.0,0.5,0.5,0.8,1.0,1.0,0.5,0.5,0.5,1.0,1.0,0.5,0.5,0.5,0.5,0.5,1.0,0.5,0.5,0.5,0.5,0.2,0.7,0.85714,1.0,1.0,1.0,0.5,0.5
0.0,0.0,0.0,0.0,0.6,0.5,0.11267,0.8,0.46667,0.0,1.0,0.0,0.0,0.36,0.0,0.99106,0.0,1.0,1.0,1.0,1.0,0.73333,1.0,0.83142,1.0,0.11111,1.0,0.85948,0.66667,0.0,0.84115,1.0,0.55556,0.8,1.0,1.0,0.5,0.5,0.5,1.0,1.0,0.5,0.5,0.5,0.07984,0.02885,0.6,1.0,1.0,0.5,0.5,0.6,0.3,0.66667,1.0,1.0,1.0,0.0,1.0
0.0,0.0,0.0,0.0,0.8,0.8,0.09374,0.6,0.63333,0.0,1.0,0.0,0.0,0.33,0.01,0.95857,0.0,1.0,1.0,1.0,1.0,1.0,1.0,0.78009,1.0,0.11111,0.94621,0.69868,0.66667,0.0,0.74658,0.77778,0.77778,0.5,0.9,0.89712,1.0,0.5,0.20089,1.0,1.0,0.41441,0.39686,0.93836,0.0,0.0,1.0,1.0,1.0,0.41441,0.39686,0.5,0.2,0.33333,1.0,1.0,1.0,0.0,1.0
0.5,0.5,0.5,0.5,0.5,0.5,0.11814,0.7,0.03333,0.0,1.0,0.0,0.0,0.1,0.0,0.5,0.5,0.5,0.5,0.5,0.5,0.5,0.5,0.0,0.0,0.55556,1.0,0.83529,0.8,0.0,0.0,0.5,0.5,0.8,1.0,1.0,0.5,0.5,0.5,1.0,1.0,0.5,0.5,0.5,0.5,0.5,1.0,0.5,0.5,0.5,0.5,0.2,0.6,1.0,1.0,1.0,1.0,0.5,0.5
1.0,0.5,1.0,0.5,0.9,0.5,0.12601,0.9,0.06667,0.0,1.0,0.0,1.0,0.56,0.0,0.5,0.5,0.0,1.0,1.0,1.0,0.0,1.0,0.95207,1.0,0.44444,1.0,1.0,1.0,0.0,0.7909,1.0,0.55556,0.8,1.0,1.0,0.5,0.5,0.5,1.0,1.0,0.5,0.5,0.5,0.5,0.5,1.0,1.0,1.0,0.5,0.5,0.2,0.5,0.8,1.0,1.0,1.0,0.6,1.0
0.5,0.5,0.5,0.5,0.5,0.5,0.1503,0.8,0.03333,0.0,1.0,0.0,0.0,0.1,0.0,0.5,0.5,0.5,0.5,0.5,0.5,0.5,0.5,0.0,0.0,0.55556,1.0,0.7697,0.8,0.0,0.0,0.5,0.5,0.8,1.0,1.0,0.5,0.5,0.5,1.0,1.0,0.5,0.5,0.5,0.5,0.5,1.0,0.5,0.5,0.5,0.5,0.3,0.5,0.8,1.0,1.0,1.0,0.5,0.5
0.0,1.0,0.0,1.0,0.8,0.9,0.15256,0.6,0.6,0.0,1.0,0.0,0.0,0.25,0.11,0.99312,0.0,1.0,1.0,1.0,1.0,0.6,0.0,0.71533,1.0,0.0,0.98392,0.96818,0.0,0.0,0.99914,1.0,0.44444,0.8,1.0,1.0,0.5,0.5,0.5,1.0,1.0,0.5,0.5,0.5,0.05279,0.01727,0.9,1.0,1.0,1.0,1.0,0.3,0.3,1.0,1.0,0.0,1.0,1.0,0.88889
1.0,1.0,1.0,1.0,0.6,0.7,0.15038,0.7,1.0,0.0,1.0,0.0,0.0,0.24,0.12,0.0,0.99961,1.0,1.0,1.0,1.0,1.0,0.0,0.63674,1.0,0.0,1.0,0.97403,0.5,0.0,0.99872,1.0,1.0,0.8,1.0,1.0,0.5,0.5,0.5,1.0,1.0,0.05705,0.08553,1.0,0.00433,0.0,1.0,1.0,1.0,0.05705,0.08553,0.2,0.3,1.0,1.0,0.0,1.0,1.0,1.0
0.5,0.5,0.5,0.5,0.5,0.5,0.03168,0.2,0.1,0.0,1.0,0.0,0.0,0.1,0.0,0.9835,0.0,0.97778,0.97778,1.0,1.0,0.5,1.0,0.5376,0.97746,0.11111,0.9174,0.84741,0.0,1.0,1.0,1.0,0.5,0.8,1.0,1.0,0.5,0.5,0.5,1.0,1.0,0.5,0.5,0.5,0.0,0.0,1.0,1.0,1.0,0.5,0.5,0.3,0.2,1.0,1.0,1.0,1.0,0.0,0.5
0.0,0.0,0.0,0.0,0.2,0.2,0.01192,0.1,0.5,0.0,1.0,0.0,0.0,0.09,0.0,0.99491,0.0,1.0,1.0,1.0,1.0,0.97778,0.0,0.00341,0.00621,0.11111,1.0,1.0,1.0,1.0,1.0,1.0,0.88889,0.8,1.0,1.0,0.5,0.5,0.5,1.0,1.0,0.5,0.5,0.5,0.0,0.0,1.0,1.0,1.0,0.5,0.5,1.0,0.1,1.0,1.0,1.0,1.0,1.0,0.33333
0.0,0.0,0.0,0.0,0.1,0.1,0.01192,0.1,0.63333,0.0,1.0,0.0,0.0,0.1,0.0,0.99815,0.0,1.0,0.97778,1.0,1.0,0.97778,0.0,0.00047,0.00085,0.0,1.0,1.0,1.0,0.0,1.0,1.0,1.0,0.8,1.0,1.0,0.5,0.5,0.5,1.0,1.0,0.5,0.5,0.5,0.0,0.0,1.0,1.0,1.0,0.5,0.5,1.0,0.1,1.0,1.0,1.0,1.0,1.0,0.22222
0.0,0.0,0.0,0.0,0.1,0.1,0.01192,0.1,0.7,0.0,1.0,0.0,0.0,0.1,0.0,0.99881,0.0,1.0,1.0,1.0,1.0,1.0,0.0,0.00047,0.00085,0.0,1.0,1.0,1.0,0.0,1.0,1.0,1.0,0.8,1.0,1.0,0.5,0.5,0.5,1.0,1.0,0.5,0.5,0.5,0.0,0.0,1.0,1.0,1.0,0.5,0.5,1.0,0.1,1.0,1.0,1.0,1.0,1.0,0.22222
0.0,0.0,0.0,0.0,0.1,0.1,0.01192,0.1,0.76667,0.0,1.0,0.0,0.0,0.1,0.0,0.99917,0.0,1.0,1.0,1.0,1.0,1.0,0.0,0.00047,0.00085,0.0,1.0,1.0,1.0,0.0,1.0,1.0,1.0,0.8,1.0,1.0,0.5,0.5,0.5,1.0,1.0,0.5,0.5,0.5,0.0,0.0,1.0,1.0,1.0,0.5,0.5,1.0,0.1,1.0,1.0,1.0,1.0,1.0,0.22222
0.0,0.0,0.0,0.0,0.1,0.1,0.01192,0.1,0.83333,0.0,1.0,0.0,0.0,0.1,0.0,0.99944,0.0,1.0,1.0,1.0,1.0,1.0,0.0,0.00047,0.00085,0.0,1.0,1.0,1.0,0.0,1.0,1.0,1.0,0.8,1.0,1.0,0.5,0.5,0.5,1.0,1.0,0.5,0.5,0.5,0.0,0.0,1.0,1.0,1.0,0.5,0.5,1.0,0.1,1.0,1.0,1.0,1.0,1.0,0.22222
0.0,0.0,0.0,0.0,0.1,0.1,0.01192,0.1,0.9,0.0,1.0,0.0,0.0,0.1,0.0,0.99963,0.0,1.0,1.0,1.0,1.0,1.0,0.0,0.00047,0.00085,0.0,1.0,1.0,1.0,0.0,1.0,1.0,1.0,0.8,1.0,1.0,0.5,0.5,0.5,1.0,1.0,0.5,0.5,0.5,0.0,0.0,1.0,1.0,1.0,0.5,0.5,1.0,0.1,1.0,1.0,1.0,1.0,1.0,0.22222
0.0,0.0,0.0,0.0,0.1,0.1,0.01192,0.1,0.96667,0.0,1.0,0.0,0.0,0.1,0.0,0.99976,0.0,1.0,1.0,1.0,1.0,1.0,0.0,0.00047,0.00085,0.0,1.0,1.0,1.0,0.0,1.0,1.0,1.0,0.8,1.0,1.0,0.5,0.5,0.5,1.0,1.0,0.5,0.5,0.5,0.0,0.0,1.0,1.0,1.0,0.5,0.5,1.0,0.1,1.0,1.0,1.0,1.0,1.0,0.22222
0.5,0.5,0.5,0.5,0.5,0.5,0.06013,0.6,0.73333,0.0,1.0,0.0,0.0,0.06,0.18,0.97745,0.0,1.0,1.0,0.88889,0.62222,0.5,0.0,0.93889,1.0,0.11111,0.35207,0.16144,0.0,0.0,0.88345,0.55556,0.5,0.8,1.0,1.0,0.5,0.5,0.5,1.0,1.0,0.5,0.5,0.5,0.50639,0.02367,0.75,1.0,1.0,1.0,0.047,1.0,0.1,0.0,1.0,0.0,1.0,0.0,0.5
0.0,0.0,0.0,0.0,0.6,0.6,0.05972,0.6,0.86667,0.0,1.0,0.0,0.0,0.05,0.17,0.98362,0.0,1.0,1.0,0.84444,0.57778,0.77778,1.0,0.94154,1.0,0.22222,0.34853,0.15967,0.0,0.0,0.88172,0.77778,1.0,0.8,1.0,1.0,0.5,0.5,0.5,1.0,1.0,1.0,0.22749,0.97647,0.24202,0.00125,0.95,1.0,1.0,0.11796,0.0454,1.0,0.1,0.0,1.0,0.0,1.0,0.0,0.66667
0.0,0.0,1.0,1.0,0.6,0.6,0.06007,0.6,0.96667,0.0,1.0,0.0,0.0,0.05,0.15,0.9911,0.0,1.0,1.0,0.84444,0.57778,1.0,1.0,0.94316,1.0,0.22222,0.34985,0.16036,0.0,0.0,0.88122,0.77778,1.0,0.8,1.0,1.0,0.5,0.5,0.5,1.0,1.0,0.87302,0.04654,0.98611,0.0,0.0,1.0,1.0,1.0,0.87302,0.04654,1.0,0.1,0.0,1.0,0.0,1.0,0.0,0.66667
0.5,0.5,0.5,0.5,0.5,0.5,0.17998,0.9,0.03333,0.0,1.0,0.0,0.0,0.1,0.0,0.5,0.5,0.5,0.5,0.5,0.5,0.5,0.5,0.0,0.0,0.55556,1.0,1.0,1.0,0.0,0.0,0.5,0.5,0.8,1.0,1.0,0.5,0.5,0.5,1.0,1.0,0.5,0.5,0.5,0.5,0.5,1.0,0.5,0.5,0.5,0.5,0.3,0.6,1.0,1.0,1.0,1.0,0.5,0.5
0.0,1.0,0.0,1.0,0.7,0.9,0.03557,0.4,0.9,0.0,1.0,0.0,0.0,0.14,0.03,0.0,0.99435,0.97778,1.0,0.91111,1.0,0.73333,1.0,0.56503,1.0,0.11111,0.74705,0.58561,0.0,0.0,0.50603,0.77778,0.44444,0.75,1.0,1.0,0.5,0.5,0.5,1.0,1.0,0.5,0.5,0.5,1.0,0.00194,0.85,1.0,1.0,1.0,0.51982,1.0,0.1,0.0,1.0,0.0,1.0,0.5,0.77778
0.0,0.0,0.0,0.0,0.4,0.4,0.02918,0.4,0.96667,0.0,1.0,0.0,0.0,0.14,0.04,0.0,0.98775,0.97778,0.97778,0.77778,1.0,0.84444,0.0,0.54484,0.99062,0.11111,0.78285,0.64318,0.0,0.0,0.6161,0.77778,0.88889,0.8,1.0,1.0,0.5,0.5,0.5,1.0,1.0,1.0,0.14818,0.89521,0.54356,0.00119,0.95,1.0,1.0,1.0,0.14818,1.0,0.1,0.0,1.0,0.0,1.0,0.0,0.33333
0.5,0.5,0.5,0.5,0.5,0.5,0.05722,0.4,0.06667,0.0,1.0,0.0,0.0,0.45,0.0,0.5,0.5,0.0,1.0,1.0,1.0,0.5,1.0,0.65929,1.0,0.77778,0.73718,0.38794,0.5,0.0,0.80238,0.22222,0.5,0.8,1.0,1.0,0.5,0.5,0.5,1.0,1.0,0.5,0.5,0.5,0.5,0.5,1.0,1.0,1.0,0.5,0.5,0.2,0.2,0.5,1.0,1.0,1.0,1.0,0.5
0.0,0.0,0.0,0.0,0.4,0.4,0.01256,0.2,0.4,0.0,1.0,0.0,0.0,0.37,0.05,0.92391,0.0,0.53333,1.0,1.0,1.0,0.64444,1.0,0.78937,1.0,0.22222,0.10613,0.05293,0.0,0.0,0.95106,0.66667,0.44444,0.55,1.0,1.0,0.5,0.5,0.5,1.0,1.0,0.5,0.5,0.5,0.00906,0.0,0.6,1.0,1.0,0.0,0.12667,0.85,0.3,0.4,0.5,0.5,1.0,0.4,1.0
0.0,0.0,0.0,0.0,0.2,0.2,0.00031,0.2,0.8,0.0,1.0,0.0,0.0,0.23,0.03,0.0,0.98309,1.0,1.0,1.0,1.0,0.8,1.0,0.72504,1.0,0.11111,0.00235,0.001,0.2,0.0,0.95218,0.33333,0.77778,0.0,1.0,1.0,0.5,0.5,0.5,1.0,1.0,0.0,0.20118,0.41703,0.0,0.0,1.0,1.0,1.0,0.0,0.20118,1.0,0.1,0.0,1.0,0.0,1.0,0.0,1.0
1.0,0.5,1.0,0.5,0.2,0.5,0.00032,0.2,0.83333,0.0,1.0,0.0,1.0,0.22,0.03,0.0,0.98425,1.0,0.95556,0.84444,1.0,1.0,1.0,0.72663,1.0,0.11111,0.00243,0.00103,0.2,0.0,0.95329,1.0,1.0,0.0,1.0,1.0,0.5,0.5,0.5,1.0,1.0,0.0,0.20118,0.41703,0.0,0.0,1.0,1.0,1.0,0.0,0.20118,1.0,0.1,0.0,1.0,0.0,1.0,0.0,1.0
1.0,0.5,0.0,0.5,0.2,0.5,0.00031,0.2,0.86667,0.0,1.0,0.0,1.0,0.21,0.03,0.0,0.98691,1.0,0.95556,0.66667,1.0,1.0,1.0,0.73029,1.0,0.11111,0.00237,0.00099,0.2,0.0,0.95357,1.0,1.0,0.0,1.0,1.0,0.5,0.5,0.5,1.0,1.0,0.0,0.20118,0.41703,0.0,0.0,1.0,1.0,1.0,0.0,0.20118,1.0,0.1,0.0,1.0,0.0,1.0,0.0,1.0
0.0,0.0,0.0,0.0,0.2,0.2,6e-05,0.2,0.0,0.76923,1.0,0.0,0.0,0.12,0.04,0.0,0.98998,1.0,1.0,0.93333,0.91111,0.75556,0.0,0.76524,1.0,0.11111,0.0004,0.00016,0.25,0.0,0.93938,1.0,0.88889,0.0,1.0,1.0,0.5,0.5,0.5,1.0,1.0,0.0,0.20118,0.41703,0.85061,0.0,1.0,1.0,1.0,0.00074,0.08919,1.0,0.1,0.0,1.0,0.0,1.0,0.25,1.0
0.5,0.5,0.5,0.5,0.5,0.5,0.00301,0.1,0.26667,0.0,1.0,0.0,0.0,0.27,0.0,0.94098,0.0,1.0,0.97778,1.0,1.0,0.5,0.0,0.64353,1.0,0.11111,0.05493,0.03077,0.0,0.0,0.81957,0.77778,0.5,0.8,1.0,1.0,0.5,0.5,0.5,1.0,1.0,0.5,0.5,0.5,0.0,0.0,1.0,1.0,1.0,0.5,0.5,0.2,0.3,0.5,0.5,1.0,1.0,0.5,0.5
0.5,0.5,0.5,0.5,0.5,0.5,0.09994,0.5,0.3,0.0,1.0,0.0,0.0,0.11,0.01,0.97336,0.0,0.97778,1.0,1.0,1.0,0.5,1.0,0.65293,1.0,0.11111,1.0,0.86038,0.5,0.0,0.66667,1.0,0.5,0.8,1.0,1.0,0.5,0.5,0.5,1.0,1.0,0.5,0.5,0.5,0.0,0.0,1.0,1.0,1.0,1.0,0.41046,0.25,0.3,1.0,0.5,1.0,1.0,0.5,0.5
0.0,0.0,0.0,0.0,0.3,0.2,0.06748,0.2,0.0,0.90909,1.0,0.0,0.0,0.09,0.02,0.99748,0.0,1.0,1.0,0.97778,1.0,0.95556,1.0,0.63767,1.0,0.11111,0.86024,0.76074,0.0,0.0,0.44444,0.77778,0.77778,0.8,1.0,1.0,0.5,0.5,0.5,1.0,1.0,0.5,0.5,0.5,0.0,0.0,1.0,1.0,1.0,1.0,0.41046,1.0,0.1,0.0,1.0,0.0,1.0,0.0,0.11111
0.0,0.0,1.0,1.0,0.2,0.2,0.06749,0.2,0.0,0.85714,1.0,0.0,0.0,0.09,0.02,0.99836,0.0,1.0,1.0,0.97778,1.0,1.0,1.0,0.63768,1.0,0.11111,0.86034,0.76086,0.0,0.0,0.44444,0.77778,1.0,0.8,1.0,1.0,0.5,0.5,0.5,1.0,1.0,0.5,0.5,0.5,0.0,0.0,1.0,1.0,1.0,1.0,0.41046,1.0,0.1,0.0,1.0,0.0,1.0,0.0,0.22222
0.0,0.0,1.0,1.0,0.2,0.2,0.06749,0.2,0.0,0.81081,1.0,0.0,0.0,0.09,0.02,0.99893,0.0,1.0,1.0,0.97778,1.0,1.0,1.0,0.63768,1.0,0.11111,0.86035,0.76087,0.0,0.0,0.44444,0.77778,1.0,0.8,1.0,1.0,0.5,0.5,0.5,1.0,1.0,0.5,0.5,0.5,0.0,0.0,1.0,1.0,1.0,1.0,0.41046,1.0,0.1,0.0,1.0,0.0,1.0,0.0,0.22222
0.0,0.0,1.0,1.0,0.2,0.2,0.06749,0.2,0.0,0.76923,1.0,0.0,0.0,0.09,0.02,0.9993,0.0,1.0,1.0,0.97778,1.0,1.0,1.0,0.63768,1.0,0.11111,0.86035,0.76088,0.0,0.0,0.44444,0.77778,1.0,0.8,1.0,1.0,0.5,0.5,0.5,1.0,1.0,0.5,0.5,0.5,0.0,0.0,1.0,1.0,1.0,1.0,0.41046,1.0,0.1,0.0,1.0,0.0,1.0,0.0,0.22222
0.5,0.5,0.5,0.5,0.5,0.5,0.11915,0.6,0.03333,0.0,1.0,0.0,0.0,0.1,0.0,0.5,0.5,0.5,0.5,0.5,0.5,0.5,0.5,0.0,0.0,0.55556,1.0,0.85789,0.4,0.0,0.0,0.5,0.5,0.8,1.0,1.0,0.5,0.5,0.5,1.0,1.0,0.5,0.5,0.5,0.5,0.5,1.0,0.5,0.5,0.5,0.5,0.35,0.6,1.0,1.0,1.0,1.0,0.5,0.5
0.0,1.0,0.0,1.0,0.5,1.0,0.00363,0.7,0.9,0.0,1.0,0.0,0.0,0.03,0.04,0.96813,0.0,0.64444,1.0,0.66667,1.0,0.64444,0.0,0.93873,1.0,0.88889,0.02949,0.00594,0.75,0.0,0.89912,1.0,0.22222,0.35,1.0,1.0,0.5,0.5,0.5,1.0,1.0,0.5,0.5,0.5,1.0,0.01359,1.0,1.0,1.0,0.15448,0.27812,0.95,0.2,0.25,1.0,1.0,1.0,0.0,0.77778
0.5,0.5,0.5,0.5,0.5,0.5,0.0,0.1,0.83333,0.0,1.0,0.0,0.0,0.08,0.06,0.0,0.99769,1.0,0.88889,0.82222,0.95556,0.5,0.0,0.67904,1.0,0.11111,0.0,0.0,0.0,0.0,0.87292,0.77778,0.5,0.0,1.0,1.0,0.5,0.5,0.5,1.0,1.0,0.5,0.5,0.5,0.0,0.0,1.0,1.0,1.0,0.5,0.5,1.0,0.1,0.0,1.0,1.0,1.0,0.0,0.5
1.0,0.5,1.0,0.5,0.1,0.5,0.0,0.1,0.86667,0.0,1.0,0.0,1.0,0.1,0.02,0.0,0.99922,0.77778,0.97778,0.86667,1.0,0.77778,0.0,0.56908,1.0,0.44444,0.0,0.0,0.0,0.0,1.0,1.0,0.77778,0.0,1.0,1.0,0.5,0.5,0.5,1.0,1.0,0.5,0.5,0.5,0.0,0.0,1.0,1.0,1.0,0.5,0.5,1.0,0.1,0.0,1.0,1.0,1.0,0.0,1.0
0.0,0.5,1.0,0.5,0.1,0.5,0.0,0.1,0.9,0.0,1.0,0.0,1.0,0.09,0.02,0.98221,0.0,1.0,1.0,0.86667,1.0,1.0,1.0,0.57738,1.0,0.44444,0.0,0.0,0.0,0.0,1.0,1.0,1.0,0.0,1.0,1.0,0.5,0.5,0.5,1.0,1.0,0.5,0.5,0.5,0.0,0.0,1.0,1.0,1.0,0.5,0.5,1.0,0.1,0.0,1.0,1.0,1.0,0.0,1.0
0.0,0.5,1.0,0.5,0.1,0.5,0.0,0.1,0.93333,0.0,1.0,0.0,1.0,0.08,0.02,0.97332,0.0,1.0,1.0,0.86667,1.0,1.0,1.0,0.58082,1.0,0.44444,0.0,0.0,0.0,0.0,1.0,1.0,1.0,0.0,1.0,1.0,0.5,0.5,0.5,1.0,1.0,0.5,0.5,0.5,0.0,0.0,1.0,1.0,1.0,0.5,0.5,1.0,0.1,0.0,1.0,1.0,1.0,0.0,1.0
0.5,0.5,0.5,0.5,0.5,0.5,0.10879,0.5,0.3,0.0,1.0,0.0,0.0,0.21,0.02,0.96373,0.0,0.84444,1.0,0.73333,1.0,0.5,1.0,0.95895,1.0,0.11111,0.94703,0.61584,0.5,0.0,0.86799,1.0,0.5,0.8,1.0,1.0,0.5,0.5,0.5,1.0,1.0,0.5,0.5,0.5,0.0,0.0,1.0,1.0,1.0,0.5,0.5,0.2,0.3,0.5,1.0,1.0,1.0,0.0,0.5
0.5,0.5,0.5,0.5,0.5,0.5,0.0072,0.13333,0.36667,0.0,0.0,0.66667,0.0,0.14222,0.00889,0.99885,0.0,0.85714,0.85714,0.87619,1.0,0.5,0.0,0.89229,1.0,0.35714,0.13209,0.06964,0.14286,0.0,0.8251,0.85714,0.5,0.7,1.0,1.0,0.5,0.5,0.5,1.0,1.0,0.5,0.5,0.5,0.0,0.0,1.0,1.0,1.0,0.0,0.18635,0.3,0.4,0.71429,0.4,1.0,1.0,0.0,0.5
0.5,0.5,0.5,0.5,0.5,0.5,0.00486,0.06667,0.1,0.0,0.0,0.66667,0.0,0.06222,0.0,0.99874,0.0,0.97143,1.0,1.0,1.0,0.5,1.0,0.5426,0.98654,0.21429,0.09525,0.05001,0.0,1.0,1.0,0.85714,0.5,0.8,1.0,1.0,0.5,0.5,0.5,1.0,1.0,0.5,0.5,0.5,0.0,0.0,1.0,1.0,1.0,0.5,0.5,0.2,0.13333,1.0,1.0,1.0,1.0,0.0,0.5
0.0,0.0,0.0,0.0,0.13333,0.13333,0.00414,0.13333,0.16667,0.0,0.0,0.66667,0.0,0.06222,0.00889,0.89446,0.0,1.0,0.97143,0.99048,1.0,0.94286,0.0,0.0001,0.00018,0.14286,1.0,1.0,1.0,0.0,1.0,0.78571,0.85714,0.0,1.0,1.0,0.5,0.5,0.5,1.0,1.0,0.5,0.5,0.5,0.0,0.0,1.0,1.0,1.0,0.5,0.5,1.0,0.06667,0.0,1.0,1.0,1.0,0.0,1.0
0.0,0.0,1.0,1.0,0.13333,0.13333,0.00401,0.2,0.33333,0.0,0.0,0.66667,0.0,0.05778,0.01778,0.0,0.99915,0.98095,0.97143,0.97143,1.0,0.98095,1.0,0.53491,0.97256,0.07143,0.38111,0.10531,0.66667,0.0,0.68168,0.64286,0.85714,0.0,1.0,1.0,0.5,0.5,0.5,1.0,1.0,0.5,0.5,0.5,0.0,0.0,1.0,1.0,1.0,0.5,0.5,1.0,0.06667,0.0,1.0,1.0,1.0,0.0,1.0
0.0,0.0,0.0,0.0,0.2,0.26667,0.00321,0.26667,0.4,0.0,0.0,0.66667,0.0,0.05778,0.02222,0.0,0.98019,0.93333,1.0,0.94286,1.0,0.93333,0.0,0.0001,0.00018,0.28571,1.0,1.0,1.0,0.0,0.5625,0.57143,0.85714,0.0,1.0,1.0,0.5,0.5,0.5,1.0,1.0,0.5,0.5,0.5,0.0,0.0,1.0,1.0,1.0,0.5,0.5,1.0,0.06667,0.0,1.0,1.0,1.0,0.0,1.0
0.0,0.5,0.0,0.5,0.26667,0.5,0.00031,0.26667,0.43333,0.0,0.0,0.66667,1.0,0.05333,0.02667,0.0,0.98675,0.9619,1.0,0.93333,1.0,0.9619,0.0,0.0001,0.00018,0.0,1.0,1.0,1.0,0.0,0.5625,1.0,1.0,0.0,0.93333,0.82582,0.27476,0.27476,0.27476,1.0,1.0,0.5,0.5,0.5,0.0,0.0,1.0,1.0,1.0,0.5,0.5,1.0,0.06667,0.0,1.0,1.0,1.0,0.0,1.0
0.5,0.5,0.5,0.5,0.5,0.5,0.00829,0.2,0.13333,0.0,0.0,0.66667,0.0,0.11111,0.02667,0.84022,0.0,1.0,1.0,0.87619,1.0,0.5,1.0,0.84415,1.0,0.14286,0.13107,0.072,0.0,0.0,0.7687,0.85714,0.5,0.0,0.93333,0.9999,0.0,0.5,1.0,1.0,1.0,0.5,0.5,0.5,0.0,0.0,1.0,1.0,1.0,0.14423,1.0,1.0,0.06667,0.0,1.0,0.0,1.0,0.0,0.5
1.0,0.0,1.0,0.0,0.2,0.2,0.00543,0.2,0.23333,0.0,0.0,0.66667,0.0,0.11556,0.02222,0.0,0.98217,0.80952,1.0,0.8381,1.0,0.80952,0.0,0.78501,1.0,0.07143,0.09712,0.04506,0.16667,0.0,0.67202,0.85714,0.85714,0.0,1.0,1.0,0.5,0.5,0.5,1.0,1.0,0.5,0.5,0.5,0.0,0.0,1.0,1.0,1.0,0.14423,1.0,1.0,0.06667,0.0,1.0,0.0,1.0,0.0,1.0
1.0,1.0,1.0,1.0,0.2,0.2,0.00578,0.26667,0.33333,0.0,0.0,0.66667,0.0,0.10222,0.02222,0.0,0.99939,1.0,1.0,0.81905,0.9619,0.86667,0.0,0.63549,1.0,0.07143,0.15217,0.04541,0.5,0.0,0.61851,0.35714,0.71429,0.0,1.0,1.0,0.5,0.5,0.5,1.0,1.0,0.5,0.5,0.5,0.0,0.0,1.0,1.0,1.0,0.14423,1.0,1.0,0.06667,0.0,1.0,0.0,1.0,0.0,1.0
0.0,0.0,1.0,0.0,0.26667,0.33333,0.00562,0.33333,0.4,0.0,0.0,0.66667,0.0,0.08889,0.02667,0.97946,0.0,1.0,1.0,0.8381,0.9619,1.0,0.0,0.00012,0.00021,0.07143,1.0,1.0,1.0,0.0,0.75383,0.5,0.85714,0.0,1.0,1.0,0.5,0.5,0.5,1.0,1.0,0.5,0.5,0.5,0.0,0.0,1.0,1.0,1.0,0.14423,1.0,1.0,0.06667,0.0,1.0,0.0,1.0,0.0,1.0
0.5,0.5,0.5,0.5,0.5,0.5,0.06936,0.6,0.1,0.0,0.0,0.66667,0.0,0.56,0.0,0.0,1.0,1.0,1.0,1.0,1.0,0.5,0.0,0.55871,1.0,0.14286,0.93858,0.55986,0.5,0.0,0.83573,1.0,0.5,0.8,1.0,1.0,0.5,0.5,0.5,1.0,1.0,0.5,0.5,0.5,1.0,0.0,0.6,1.0,1.0,0.5,0.5,0.6,0.4,0.41667,0.4,1.0,1.0,0.25,0.5
1.0,1.0,0.0,1.0,0.53333,0.6,0.06127,0.53333,0.3,0.0,0.0,0.66667,0.0,0.44889,0.00889,0.94519,0.0,0.86667,1.0,1.0,1.0,0.58095,0.0,0.59846,1.0,0.14286,1.0,0.94004,0.66667,0.0,0.95471,1.0,0.35714,0.8,0.93333,0.92764,0.61401,0.5,0.61401,1.0,1.0,1.0,0.55333,1.0,0.95803,0.0,0.76667,1.0,1.0,1.0,0.55333,0.43333,0.2,0.66667,1.0,1.0,1.0,1.0,1.0
1.0,1.0,1.0,0.0,0.6,0.6,0.05979,0.6,0.36667,0.0,0.0,0.66667,0.0,0.39556,0.01333,0.95892,0.0,1.0,1.0,1.0,1.0,0.86667,0.0,0.60529,1.0,0.07143,1.0,1.0,1.0,0.0,0.9925,0.85714,0.85714,0.8,1.0,1.0,0.5,0.5,0.5,1.0,1.0,1.0,0.26041,1.0,0.0,0.0,1.0,1.0,1.0,1.0,0.26041,0.2,0.2,0.66667,1.0,1.0,1.0,0.66667,1.0
0.5,0.5,0.5,0.5,0.5,0.5,0.00906,0.13333,0.16667,0.0,0.0,0.66667,0.0,0.34222,0.0,0.85161,0.0,1.0,1.0,1.0,1.0,0.5,0.0,0.80068,1.0,0.0,0.14905,0.08422,0.0,0.0,0.95135,1.0,0.5,0.8,1.0,1.0,0.5,0.5,0.5,1.0,1.0,0.5,0.5,0.5,0.68247,0.00198,0.9,1.0,1.0,0.5,0.5,0.3,0.26667,0.33333,0.66667,1.0,1.0,0.0,0.5
0.0,0.0,0.0,0.0,0.13333,0.13333,0.00502,0.13333,0.3,0.0,0.0,0.66667,0.0,0.33333,0.00444,0.92593,0.0,1.0,1.0,1.0,1.0,1.0,0.0,0.9683,1.0,0.07143,0.07948,0.04839,0.0,0.0,0.97521,0.85714,0.92857,0.8,1.0,1.0,0.5,0.5,0.5,1.0,1.0,1.0,0.11667,0.82693,0.00464,0.01162,0.6,1.0,1.0,1.0,0.11667,1.0,0.06667,0.0,1.0,0.0,1.0,0.0,1.0
1.0,1.0,0.0,0.0,0.13333,0.13333,0.00135,0.13333,0.56667,0.0,0.0,0.66667,0.0,0.31111,0.00889,0.99933,0.0,1.0,1.0,0.95238,1.0,0.91429,0.0,0.0001,0.00018,0.07143,1.0,1.0,1.0,0.0,1.0,1.0,0.35714,0.3,1.0,1.0,0.5,0.5,0.5,1.0,1.0,0.03985,0.484,1.0,0.0,0.0,1.0,1.0,1.0,0.05439,1.0,1.0,0.06667,0.0,1.0,0.0,1.0,0.0,0.35714
0.0,0.5,0.0,0.5,0.13333,0.5,0.00111,0.13333,0.6,0.0,0.0,0.66667,1.0,0.31556,0.00889,0.9997,0.0,1.0,1.0,0.95238,1.0,1.0,0.0,0.0001,0.00018,0.07143,1.0,1.0,1.0,0.0,1.0,1.0,1.0,0.6,1.0,1.0,0.5,0.5,0.5,1.0,1.0,0.03985,0.484,1.0,0.00126,0.0,0.4,1.0,1.0,0.05439,1.0,1.0,0.06667,0.0,1.0,0.0,1.0,0.0,0.21429
0.0,1.0,0.0,0.0,0.13333,0.13333,0.001,0.13333,0.66667,0.0,0.0,0.66667,0.0,0.31556,0.00889,0.0,0.99951,1.0,1.0,0.95238,1.0,1.0,0.0,0.0001,0.00018,0.07143,1.0,1.0,1.0,0.0,1.0,0.85714,1.0,0.73333,1.0,1.0,0.5,0.5,0.5,1.0,1.0,0.0154,0.804,1.0,0.0,0.0,1.0,1.0,1.0,0.01061,0.53372,1.0,0.06667,0.0,1.0,0.0,1.0,0.0,1.0
0.0,0.0,0.0,0.0,0.13333,0.13333,0.00026,0.13333,0.73333,0.0,0.0,0.66667,0.0,0.31111,0.00889,0.99959,0.0,1.0,1.0,0.95238,1.0,1.0,0.0,0.0001,0.00018,0.07143,1.0,1.0,1.0,0.0,1.0,0.85714,1.0,0.0,1.0,1.0,0.5,0.43576,0.5,1.0,1.0,0.0154,0.804,1.0,0.0,0.0,1.0,1.0,1.0,0.01061,0.53372,1.0,0.06667,0.0,1.0,0.0,1.0,0.0,0.21429
0.0,0.0,0.0,0.0,0.13333,0.13333,9e-05,0.13333,0.8,0.0,0.0,0.66667,0.0,0.31556,0.00889,0.0,0.9992,1.0,1.0,0.95238,1.0,1.0,0.0,0.0001,0.00018,0.07143,1.0,1.0,1.0,0.0,1.0,0.85714,1.0,0.0,1.0,1.0,0.5,0.43576,0.5,1.0,1.0,0.0154,0.804,1.0,0.0,0.0,1.0,1.0,1.0,0.01061,0.53372,1.0,0.06667,0.0,1.0,0.0,1.0,0.0,1.0
0.5,0.5,0.5,0.5,0.5,0.5,0.05701,0.2,0.4,0.0,0.0,0.66667,0.0,0.18222,0.01778,0.96653,0.0,1.0,0.9619,1.0,1.0,0.5,0.0,0.75798,1.0,0.14286,0.79613,0.58346,0.0,0.0,0.96588,0.64286,0.5,0.8,1.0,1.0,0.5,0.5,0.5,1.0,1.0,0.5,0.5,0.5,0.0,0.0,1.0,1.0,1.0,1.0,0.1417,0.2,0.2,0.5,0.5,1.0,1.0,0.0,0.5
0.0,0.0,0.0,0.0,0.2,0.2,0.04273,0.2,0.46667,0.0,0.0,0.66667,0.0,0.12444,0.01778,0.97033,0.0,1.0,1.0,0.92381,1.0,1.0,1.0,0.77204,1.0,0.14286,0.57873,0.42314,0.0,0.0,0.93385,0.78571,1.0,0.8,1.0,1.0,0.5,0.5,0.5,1.0,1.0,0.5,0.5,0.5,0.0,0.0,1.0,1.0,1.0,1.0,0.1417,0.2,0.13333,0.25,0.0,1.0,1.0,0.75,1.0
0.0,0.0,0.0,0.0,0.2,0.2,0.01333,0.2,0.96667,0.0,0.0,0.66667,0.0,0.06222,0.01778,0.0,0.991,0.87619,0.97143,0.88571,0.95238,0.77143,1.0,0.77242,1.0,0.07143,0.20328,0.12723,0.0,0.0,0.96746,0.85714,0.35714,0.8,1.0,1.0,0.5,0.5,0.5,1.0,1.0,0.5,0.5,0.5,0.0,0.0,1.0,1.0,1.0,1.0,0.1417,0.2,0.26667,0.6,0.0,0.33333,1.0,0.8,1.0
0.0,0.5,0.0,0.5,0.2,0.5,0.01045,0.2,1.0,0.0,0.0,0.66667,1.0,0.06667,0.02222,0.0,0.99654,0.97143,1.0,0.87619,1.0,0.97143,0.0,0.77129,1.0,0.07143,0.15976,0.09972,0.0,0.0,0.96854,1.0,1.0,0.8,1.0,1.0,0.5,0.5,0.5,1.0,1.0,0.5,0.5,0.5,0.0,0.0,1.0,1.0,1.0,1.0,0.1417,0.2,0.2,0.4,0.0,0.5,1.0,0.6,1.0
0.5,0.5,0.5,0.5,0.5,0.5,0.01359,0.53333,0.73333,0.0,0.0,0.66667,0.0,0.08889,0.04444,0.0,0.99198,1.0,1.0,0.71429,0.7619,0.5,0.0,0.5635,1.0,0.5,0.47086,0.22965,0.33333,0.0,0.63988,0.42857,0.5,0.8,1.0,1.0,0.5,0.5,0.5,1.0,1.0,0.5,0.5,0.5,1.0,0.0,1.0,1.0,1.0,0.5,0.5,0.9,0.13333,0.33333,1.0,1.0,1.0,0.0,0.5
0.0,0.5,0.0,0.5,0.53333,0.5,0.01225,0.53333,0.76667,0.0,0.0,0.66667,1.0,0.08,0.04444,0.0,0.98971,1.0,1.0,0.71429,1.0,1.0,0.0,0.55844,1.0,0.5,0.4571,0.22182,0.33333,0.0,0.63482,1.0,1.0,0.8,1.0,1.0,0.5,0.5,0.5,1.0,1.0,0.5,0.5,0.5,1.0,0.0,1.0,1.0,1.0,0.5,0.5,0.9,0.13333,0.33333,0.0,1.0,1.0,0.33333,0.42857
0.5,0.5,0.5,0.5,0.5,0.5,0.00067,0.46667,0.0,0.83333,0.0,0.66667,0.0,0.02222,0.01778,0.99805,0.0,0.9619,1.0,0.82857,1.0,0.5,0.0,0.0001,0.00018,0.42857,1.0,1.0,1.0,0.0,1.0,0.5,0.5,0.8,1.0,1.0,0.5,0.5,0.5,1.0,1.0,0.5,0.5,0.5,0.00035,0.07303,0.6,1.0,1.0,0.0,0.0,0.66667,0.13333,1.0,0.0,1.0,1.0,0.0,0.5
0.5,0.5,0.5,0.5,0.5,0.5,0.04278,0.33333,0.73333,0.0,0.0,0.66667,0.0,0.36889,0.0,0.99414,0.0,1.0,0.86667,1.0,1.0,0.5,0.0,0.52971,0.96311,0.07143,0.85532,0.42014,0.42857,0.0,0.96794,1.0,0.5,0.8,1.0,1.0,0.5,0.5,0.5,1.0,1.0,0.5,0.5,0.5,0.0,0.0,1.0,1.0,1.0,0.5,0.5,0.2,0.4,0.71429,0.6,1.0,1.0,0.71429,0.5
1.0,0.5,0.0,0.5,0.26667,0.5,0.04102,0.26667,0.76667,0.0,0.0,0.66667,1.0,0.35556,0.0,0.99751,0.0,1.0,0.86667,1.0,1.0,1.0,0.0,0.52454,0.95371,0.07143,0.8242,0.40263,0.28571,0.0,0.97017,1.0,1.0,0.8,1.0,1.0,0.5,0.5,0.5,1.0,1.0,0.5,0.5,0.5,0.0,0.0,1.0,1.0,1.0,0.5,0.5,0.2,0.46667,0.85714,0.66667,1.0,1.0,0.71429,1.0
0.5,0.5,0.5,0.5,0.5,0.5,0.03335,0.13333,0.3,0.0,0.0,0.66667,0.0,0.07111,0.0,0.99567,0.0,1.0,0.98095,1.0,1.0,0.5,0.0,0.53649,0.97544,0.14286,0.83281,0.71352,0.0,1.0,1.0,1.0,0.5,0.8,1.0,1.0,0.5,0.5,0.5,1.0,1.0,0.5,0.5,0.5,0.0,0.0,1.0,1.0,1.0,0.5,0.5,0.2,0.13333,1.0,1.0,1.0,1.0,0.0,0.5
0.0,0.5,0.0,0.5,0.13333,0.5,0.02866,0.13333,0.33333,0.0,0.0,0.66667,1.0,0.07111,0.0,0.99657,0.0,0.98095,0.98095,1.0,1.0,0.98095,1.0,0.55635,1.0,0.07143,0.6866,0.53863,0.0,1.0,0.61105,1.0,0.92857,0.8,1.0,1.0,0.5,0.5,0.5,1.0,1.0,0.5,0.5,0.5,0.0,0.0,1.0,1.0,1.0,0.5,0.5,0.2,0.13333,0.5,0.0,1.0,1.0,0.5,1.0
0.0,0.5,0.0,0.5,0.13333,0.5,0.0237,0.13333,0.36667,0.0,0.0,0.66667,1.0,0.07111,0.0,0.99541,0.0,1.0,1.0,1.0,1.0,1.0,1.0,0.55695,1.0,0.07143,0.55922,0.39378,0.0,0.0,0.53784,1.0,1.0,0.8,1.0,1.0,0.5,0.5,0.5,1.0,1.0,0.5,0.5,0.5,0.0,0.0,1.0,1.0,1.0,0.5,0.5,0.2,0.13333,0.5,1.0,1.0,1.0,0.5,1.0
0.0,0.5,0.0,0.5,0.13333,0.5,0.01915,0.13333,0.4,0.0,0.0,0.66667,1.0,0.07556,0.0,0.99937,0.0,0.99048,0.97143,1.0,1.0,0.99048,1.0,0.57466,1.0,0.14286,0.53994,0.31221,0.33333,0.0,0.47131,1.0,0.92857,0.8,1.0,1.0,0.5,0.5,0.5,1.0,1.0,0.5,0.5,0.5,0.0,0.0,1.0,1.0,1.0,0.5,0.5,0.2,0.13333,0.33333,0.0,1.0,1.0,0.33333,1.0
0.5,0.5,0.5,0.5,0.5,0.5,0.31013,0.93333,0.7,0.0,0.0,0.66667,0.0,0.05333,0.03556,0.0,0.9783,0.92381,1.0,0.69524,1.0,0.5,0.0,0.7723,1.0,0.07143,1.0,1.0,1.0,0.0,0.5,0.78571,0.5,0.8,1.0,1.0,0.5,0.5,0.5,1.0,1.0,0.5,0.5,0.5,0.51894,0.00204,0.9,1.0,1.0,0.80676,0.21326,1.0,0.06667,0.0,1.0,0.0,1.0,0.0,0.5
0.0,0.0,0.0,0.0,0.93333,0.93333,0.30844,0.93333,0.8,0.0,0.0,0.66667,0.0,0.04444,0.02667,0.98388,0.0,0.9619,1.0,0.66667,1.0,0.85714,1.0,0.94706,1.0,0.14286,1.0,1.0,1.0,1.0,1.0,0.92857,0.85714,0.8,1.0,1.0,0.5,0.5,0.5,1.0,1.0,1.0,0.09836,0.94631,0.0,0.0076,1.0,1.0,1.0,1.0,0.55711,0.6,0.13333,1.0,1.0,1.0,1.0,0.0,0.71429
0.0,0.5,0.0,0.5,0.93333,0.5,0.27048,0.93333,0.83333,0.0,0.0,0.66667,1.0,0.04,0.03111,0.0,0.95252,0.94286,1.0,0.64762,1.0,0.94286,0.0,0.94392,1.0,0.28571,1.0,1.0,1.0,1.0,1.0,1.0,1.0,0.8,1.0,1.0,0.5,0.5,0.5,1.0,1.0,1.0,0.09836,0.94631,0.0,0.0,1.0,1.0,1.0,1.0,0.55711,0.46667,0.13333,1.0,0.0,1.0,1.0,1.0,0.71429
0.0,0.5,0.0,0.5,0.86667,0.5,0.22481,0.86667,0.86667,0.0,0.0,0.66667,1.0,0.03556,0.03111,0.0,0.93979,1.0,0.92381,0.6381,1.0,1.0,0.0,0.92712,1.0,0.28571,0.91179,0.83788,0.0,1.0,1.0,1.0,1.0,0.8,1.0,1.0,0.5,0.5,0.5,1.0,1.0,1.0,0.09836,0.94631,0.0,0.0,1.0,1.0,1.0,1.0,0.55711,0.3,0.13333,1.0,0.0,1.0,1.0,1.0,0.71429
0.5,0.5,0.5,0.5,0.5,0.5,0.00055,0.4,0.93333,0.0,0.0,0.66667,0.0,0.04889,0.06222,0.0,0.98664,0.94286,0.99048,0.86667,1.0,0.5,0.0,0.67845,1.0,0.64286,0.01389,0.00393,0.5,0.0,0.80699,0.28571,0.5,0.0,0.93333,0.99998,1.0,0.5,1.0,0.85714,1.0,0.5,0.5,0.5,0.0,0.0,1.0,1.0,1.0,1.0,0.0319,1.0,0.06667,0.0,1.0,0.0,1.0,0.0,0.5
1.0,0.5,1.0,0.5,0.4,0.5,0.00066,0.4,0.96667,0.0,0.0,0.66667,1.0,0.04889,0.04444,0.0,0.99863,1.0,0.99048,0.86667,1.0,1.0,0.0,0.6717,1.0,0.64286,0.01716,0.00476,0.5,0.0,0.80694,1.0,1.0,0.0,0.93333,0.99998,1.0,1.0,1.0,0.85714,1.0,0.5,0.5,0.5,0.0,0.0,1.0,1.0,1.0,1.0,0.0319,1.0,0.06667,0.0,1.0,0.0,1.0,0.0,1.0
1.0,1.0,1.0,1.0,0.4,0.46667,0.00109,0.46667,0.0,0.76923,0.0,0.66667,0.0,0.03556,0.06222,0.99251,0.0,1.0,1.0,0.82857,0.88571,0.94286,1.0,0.68551,1.0,0.64286,0.02853,0.00787,0.66667,0.0,0.80609,0.21429,1.0,0.26667,1.0,1.0,0.5,1.0,0.5,1.0,1.0,0.5,0.5,0.5,0.0,0.0,1.0,1.0,1.0,1.0,0.484,1.0,0.06667,0.0,1.0,0.0,1.0,0.0,1.0
0.5,0.5,0.5,0.5,0.5,0.5,0.06173,0.53333,0.23333,0.0,0.0,0.66667,0.0,0.15111,0.03556,0.94084,0.0,0.88571,0.97143,0.93333,1.0,0.5,1.0,0.92551,1.0,0.07143,0.93643,0.54317,0.5,0.0,0.92036,0.85714,0.5,0.4,1.0,1.0,0.5,0.5,0.5,1.0,1.0,0.5,0.5,0.5,1.0,0.00187,0.66667,1.0,1.0,0.30645,0.29956,0.93333,0.2,0.25,0.5,0.5,1.0,0.0,0.5
1.0,1.0,1.0,1.0,0.6,0.53333,0.06039,0.46667,0.33333,0.0,0.0,0.66667,0.0,0.16,0.04444,0.0,0.92262,0.86667,0.90476,0.70476,0.81905,0.80952,1.0,0.90279,1.0,0.21429,0.98466,0.5533,0.42857,0.0,0.83869,0.78571,0.78571,0.76667,1.0,1.0,0.5,0.5,0.5,1.0,1.0,0.54291,0.39405,1.0,1.0,0.0,0.4,1.0,1.0,0.54291,0.39405,0.83333,0.2,0.28571,0.5,0.5,1.0,0.57143,1.0
1.0,0.5,1.0,0.5,0.53333,0.5,0.0652,0.53333,0.36667,0.0,0.0,0.66667,1.0,0.16,0.06222,0.0,0.96629,0.70476,0.87619,0.73333,1.0,0.70476,1.0,0.91998,1.0,0.14286,0.91438,0.4583,0.5,0.0,0.80047,1.0,0.78571,0.8,1.0,1.0,0.5,0.5,0.5,1.0,1.0,0.46065,0.83761,1.0,0.03832,1.0,0.6,1.0,1.0,0.46065,0.83761,0.6,0.2,0.33333,0.5,0.5,1.0,0.33333,1.0
0.0,0.5,0.0,0.5,0.53333,0.5,0.06401,0.53333,0.4,0.0,0.0,0.66667,1.0,0.15111,0.05778,0.0,0.99832,0.77143,0.99048,0.92381,1.0,0.77143,1.0,0.95455,1.0,0.14286,0.90298,0.45852,0.42857,0.0,0.85793,1.0,0.78571,0.8,1.0,1.0,0.5,0.5,0.5,1.0,1.0,0.0,0.12667,1.0,0.05938,0.0699,0.6,0.0,0.0,0.0,0.12667,0.6,0.2,0.28571,0.5,0.5,1.0,0.28571,1.0
1.0,0.5,1.0,0.5,0.6,0.5,0.06819,0.6,0.43333,0.0,0.0,0.66667,1.0,0.16444,0.06222,0.0,0.99181,1.0,0.89524,0.92381,1.0,1.0,1.0,0.96756,1.0,0.07143,0.85431,0.48716,0.33333,0.0,0.9524,1.0,0.92857,0.8,1.0,1.0,0.5,0.5,0.5,1.0,1.0,0.21862,0.29985,1.0,0.09078,0.08472,0.6,1.0,1.0,0.21862,0.29985,0.6,0.26667,0.5,1.0,0.33333,1.0,0.33333,1.0
0.0,0.0,0.0,0.0,0.53333,0.53333,0.08176,0.73333,0.93333,0.0,0.0,0.66667,0.0,0.18222,0.04,0.0,0.98894,1.0,1.0,0.86667,0.93333,0.86667,1.0,0.82964,1.0,0.14286,0.60565,0.36796,0.25,1.0,0.95721,0.92857,0.85714,0.8,1.0,1.0,0.5,0.5,0.5,1.0,1.0,0.0,0.12667,0.96431,0.07499,0.17126,0.6,1.0,1.0,0.0,0.12667,0.6,0.26667,0.75,0.66667,0.33333,1.0,0.75,1.0
1.0,0.5,1.0,0.5,0.73333,0.5,0.08857,0.73333,0.96667,0.0,0.0,0.66667,1.0,0.16889,0.03111,0.0,0.92652,0.85714,1.0,0.85714,1.0,0.85714,0.0,0.55926,1.0,0.28571,1.0,1.0,1.0,0.0,0.70544,1.0,0.5,0.8,1.0,1.0,0.5,0.5,0.5,1.0,1.0,0.29515,0.48803,0.96431,0.0,0.18244,1.0,1.0,1.0,0.29515,0.48803,0.6,0.26667,1.0,1.0,0.33333,1.0,0.0,1.0
0.5,0.5,0.5,0.5,0.5,0.5,0.2,0.6,0.03333,0.0,0.5,0.0,0.0,0.2,0.0,0.5,0.5,0.5,0.5,0.5,0.5,0.5,0.5,0.0,0.0,0.5,1.0,1.0,1.0,0.0,0.0,0.5,0.5,0.8,1.0,1.0,0.5,0.5,0.5,1.0,1.0,0.5,0.5,0.5,0.5,0.5,1.0,0.5,0.5,0.5,0.5,0.2,0.6,1.0,1.0,1.0,1.0,0.5,0.5
0.0,1.0,0.0,1.0,0.2,0.8,0.20117,0.8,0.1,0.0,0.5,0.0,0.0,0.44,0.0,0.9136,0.0,0.8,0.8,1.0,1.0,0.9,1.0,0.94234,1.0,0.25,1.0,1.0,1.0,0.0,0.85241,1.0,0.5,0.8,1.0,1.0,0.5,0.5,0.5,1.0,1.0,0.5,0.5,0.5,0.0,0.0,1.0,1.0,1.0,0.5,0.5,0.4,0.4,0.5,1.0,1.0,1.0,0.0,1.0
0.5,0.5,0.5,0.5,0.5,0.5,0.2,0.6,0.03333,0.0,0.5,0.0,0.0,0.2,0.0,0.5,0.5,0.5,0.5,0.5,0.5,0.5,0.5,0.0,0.0,0.5,1.0,1.0,1.0,0.0,0.0,0.5,0.5,0.8,1.0,1.0,0.5,0.5,0.5,1.0,1.0,0.5,0.5,0.5,0.5,0.5,1.0,0.5,0.5,0.5,0.5,0.2,0.6,1.0,1.0,1.0,1.0,0.5,0.5
0.0,1.0,0.0,0.0,0.2,0.6,0.22286,1.0,0.43333,0.0,0.5,0.0,0.0,0.52,0.0,0.99448,0.0,1.0,1.0,1.0,1.0,0.6,1.0,0.81621,1.0,0.0,1.0,1.0,1.0,0.0,0.9936,1.0,1.0,0.8,1.0,1.0,0.5,0.5,0.5,1.0,1.0,0.5,0.5,0.5,0.0,0.0,1.0,1.0,1.0,0.5,0.5,0.2,0.6,1.0,1.0,1.0,1.0,1.0,1.0
0.0,1.0,0.0,0.0,1.0,1.0,0.22998,1.0,0.66667,0.0,0.5,0.0,0.0,0.48,0.0,0.0,0.9986,1.0,1.0,1.0,1.0,1.0,1.0,0.80169,1.0,0.0,1.0,1.0,1.0,0.0,1.0,1.0,1.0,0.8,1.0,1.0,0.5,0.5,0.5,1.0,1.0,0.5,0.5,0.5,0.0,0.0,1.0,1.0,1.0,0.5,0.5,0.2,0.6,1.0,1.0,1.0,1.0,0.0,1.0
0.5,0.5,0.5,0.5,0.5,0.5,0.2,0.6,0.03333,0.0,0.5,0.0,0.0,0.2,0.0,0.5,0.5,0.5,0.5,0.5,0.5,0.5,0.5,0.0,0.0,0.5,1.0,1.0,1.0,0.0,0.0,0.5,0.5,0.8,1.0,1.0,0.5,0.5,0.5,1.0,1.0,0.5,0.5,0.5,0.5,0.5,1.0,0.5,0.5,0.5,0.5,0.2,0.6,1.0,1.0,1.0,1.0,0.5,0.5
0.5,0.5,0.5,0.5,0.5,0.5,0.21551,0.8,0.06667,0.0,0.5,0.0,0.0,0.6,0.0,0.5,0.5,0.6,0.4,1.0,1.0,0.5,1.0,0.89995,1.0,0.25,1.0,1.0,1.0,0.0,0.94444,1.0,0.5,0.8,1.0,1.0,0.5,0.5,0.5,1.0,1.0,0.5,0.5,0.5,0.5,0.5,1.0,1.0,1.0,0.5,0.5,0.4,0.4,0.5,1.0,1.0,1.0,1.0,0.5
1.0,0.5,1.0,0.5,1.0,0.5,0.23279,1.0,0.1,0.0,0.5,0.0,1.0,0.72,0.0,0.8962,0.0,1.0,1.0,1.0,1.0,1.0,0.0,0.62674,1.0,0.0,1.0,1.0,1.0,0.0,1.0,1.0,0.75,0.8,1.0,1.0,0.5,0.5,0.5,1.0,1.0,0.5,0.5,0.5,0.0,0.0,1.0,1.0,1.0,0.5,0.5,0.5,0.4,1.0,1.0,1.0,1.0,1.0,0.75
1.0,1.0,1.0,1.0,1.0,1.0,0.27065,1.0,0.16667,0.0,0.5,0.0,0.0,0.56,0.04,0.75846,0.0,1.0,1.0,0.8,1.0,0.8,1.0,0.78575,1.0,0.0,1.0,1.0,1.0,0.0,1.0,1.0,1.0,0.8,1.0,1.0,0.5,0.5,0.5,1.0,1.0,0.5,0.5,0.5,0.0,0.0,1.0,1.0,1.0,0.5,0.5,0.5,0.4,1.0,1.0,1.0,1.0,1.0,0.75
1.0,1.0,1.0,1.0,1.0,1.0,0.322,1.0,0.23333,0.0,0.5,0.0,0.0,0.44,0.08,0.92501,0.0,1.0,1.0,1.0,1.0,1.0,0.0,0.85852,1.0,0.0,1.0,1.0,1.0,0.0,1.0,0.75,1.0,0.8,1.0,1.0,0.5,0.5,0.5,1.0,1.0,0.5,0.5,0.5,0.0,0.0,1.0,1.0,1.0,0.5,0.5,0.7,0.4,1.0,1.0,1.0,1.0,1.0,0.75
0.0,0.0,0.0,0.0,0.8,0.8,0.46419,0.8,0.66667,0.0,0.5,0.0,0.0,0.12,0.12,0.99657,0.0,1.0,1.0,0.6,1.0,0.6,1.0,0.71715,1.0,0.75,1.0,1.0,1.0,0.0,1.0,1.0,0.75,0.8,1.0,1.0,0.5,0.5,0.5,1.0,1.0,0.5,0.5,0.5,0.0,0.0,1.0,1.0,1.0,0.5,0.5,1.0,0.2,1.0,1.0,1.0,1.0,1.0,0.75
0.5,0.5,0.5,0.5,0.5,0.5,0.2,0.6,0.03333,0.0,0.5,0.0,0.0,0.2,0.0,0.5,0.5,0.5,0.5,0.5,0.5,0.5,0.5,0.0,0.0,0.5,1.0,1.0,1.0,0.0,0.0,0.5,0.5,0.8,1.0,1.0,0.5,0.5,0.5,1.0,1.0,0.5,0.5,0.5,0.5,0.5,1.0,0.5,0.5,0.5,0.5,0.2,0.6,1.0,1.0,1.0,1.0,0.5,0.5
0.5,0.5,0.5,0.5,0.5,0.5,0.2,0.6,0.03333,0.0,0.5,0.0,0.0,0.2,0.0,0.5,0.5,0.5,0.5,0.5,0.5,0.5,0.5,0.0,0.0,0.5,1.0,1.0,1.0,0.0,0.0,0.5,0.5,0.8,1.0,1.0,0.5,0.5,0.5,1.0,1.0,0.5,0.5,0.5,0.5,0.5,1.0,0.5,0.5,0.5,0.5,0.2,0.6,1.0,1.0,1.0,1.0,0.5,0.5
0.5,0.5,0.5,0.5,0.5,0.5,0.2,0.6,0.03333,0.0,0.5,0.0,0.0,0.2,0.0,0.5,0.5,0.5,0.5,0.5,0.5,0.5,0.5,0.0,0.0,0.5,1.0,1.0,1.0,0.0,0.0,0.5,0.5,0.8,1.0,1.0,0.5,0.5,0.5,1.0,1.0,0.5,0.5,0.5,0.5,0.5,1.0,0.5,0.5,0.5,0.5,0.2,0.6,1.0,1.0,1.0,1.0,0.5,0.5
1.0,0.5,0.0,0.5,0.6,0.5,0.19451,0.6,0.06667,0.0,0.5,0.0,1.0,0.6,0.0,0.5,0.5,0.6,0.4,1.0,1.0,0.6,1.0,0.90675,1.0,0.25,0.95925,0.87254,0.5,0.0,0.95833,1.0,1.0,0.8,1.0,1.0,0.5,0.5,0.5,1.0,1.0,0.5,0.5,0.5,0.5,0.5,1.0,1.0,1.0,0.5,0.5,0.3,0.4,0.5,1.0,1.0,1.0,1.0,1.0
1.0,0.5,0.0,0.5,0.6,0.5,0.19415,0.6,0.1,0.0,0.5,0.0,1.0,0.64,0.0,0.81073,0.0,1.0,1.0,1.0,1.0,1.0,0.0,0.57028,1.0,0.0,0.93488,0.87773,0.0,0.0,1.0,1.0,0.75,0.8,1.0,1.0,0.5,0.5,0.5,1.0,1.0,0.5,0.5,0.5,0.0,0.0,1.0,1.0,1.0,0.5,0.5,0.3,0.4,1.0,1.0,1.0,1.0,1.0,0.75
1.0,1.0,0.0,1.0,0.4,1.0,0.24941,1.0,0.33333,0.0,0.5,0.0,0.0,0.52,0.08,0.97297,0.0,1.0,1.0,1.0,1.0,1.0,0.0,0.57704,1.0,0.0,1.0,1.0,1.0,0.0,1.0,0.75,1.0,0.8,1.0,1.0,0.5,0.5,0.5,1.0,1.0,0.5,0.5,0.5,0.0,0.0,1.0,1.0,1.0,0.96042,0.60016,0.6,0.4,1.0,1.0,1.0,1.0,1.0,0.75
0.0,0.0,0.0,0.0,0.8,0.2,0.15646,0.2,0.4,0.0,0.5,0.0,0.0,0.52,0.12,0.99773,0.0,1.0,1.0,1.0,1.0,1.0,0.0,0.45945,0.83536,0.0,0.83937,0.7232,0.0,0.0,1.0,1.0,1.0,0.4,0.8,0.75649,0.56957,0.5,0.22783,1.0,1.0,0.5,0.5,0.5,0.0,0.0,1.0,1.0,1.0,0.96042,0.60016,0.6,0.4,1.0,0.0,1.0,1.0,1.0,0.75
0.0,1.0,0.0,0.0,0.2,0.2,0.21953,0.8,0.56667,0.0,0.5,0.0,0.0,0.52,0.12,0.9998,0.0,1.0,1.0,1.0,1.0,1.0,1.0,0.43219,0.78581,0.0,1.0,1.0,1.0,0.0,1.0,1.0,1.0,0.8,1.0,1.0,0.5,0.5,0.5,1.0,1.0,0.5,0.5,0.5,0.0,0.0,1.0,1.0,1.0,0.89607,1.0,0.6,0.4,1.0,1.0,1.0,1.0,1.0,1.0
0.0,0.0,0.0,0.0,0.6,0.2,0.06856,0.2,1.0,0.0,0.5,0.0,0.0,0.52,0.08,0.0,0.98107,1.0,1.0,1.0,1.0,1.0,0.0,0.92629,1.0,0.25,0.42043,0.22429,0.0,1.0,1.0,1.0,0.75,0.8,1.0,1.0,0.5,0.5,0.5,1.0,1.0,0.5,0.5,0.5,0.04334,0.0086,0.2,1.0,1.0,0.10869,0.29926,1.0,0.2,0.0,1.0,0.0,1.0,0.5,0.75
0.5,0.5,0.5,0.5,0.5,0.5,0.2,0.6,0.03333,0.0,0.5,0.0,0.0,0.2,0.0,0.5,0.5,0.5,0.5,0.5,0.5,0.5,0.5,0.0,0.0,0.5,1.0,1.0,1.0,0.0,0.0,0.5,0.5,0.8,1.0,1.0,0.5,0.5,0.5,1.0,1.0,0.5,0.5,0.5,0.5,0.5,1.0,0.5,0.5,0.5,0.5,0.2,0.6,1.0,1.0,1.0,1.0,0.5,0.5
0.5,0.5,0.5,0.5,0.5,0.5,0.2,0.6,0.03333,0.0,0.5,0.0,0.0,0.2,0.0,0.5,0.5,0.5,0.5,0.5,0.5,0.5,0.5,0.0,0.0,0.5,1.0,1.0,1.0,0.0,0.0,0.5,0.5,0.8,1.0,1.0,0.5,0.5,0.5,1.0,1.0,0.5,0.5,0.5,0.5,0.5,1.0,0.5,0.5,0.5,0.5,0.3,0.6,1.0,1.0,1.0,1.0,0.5,0.5
0.0,1.0,0.0,0.0,0.4,0.8,0.24503,0.8,0.43333,0.0,0.5,0.0,0.0,0.56,0.04,0.7254,0.0,1.0,1.0,1.0,1.0,0.6,1.0,0.92979,1.0,0.25,1.0,1.0,1.0,1.0,1.0,0.75,0.5,0.8,1.0,1.0,0.5,0.5,0.5,1.0,1.0,0.5,0.5,0.5,0.0,0.0,1.0,1.0,1.0,1.0,1.0,0.7,0.4,0.5,1.0,1.0,1.0,0.0,0.75
1.0,0.0,1.0,0.0,1.0,0.8,0.22282,0.4,0.83333,0.0,0.5,0.0,0.0,0.44,0.12,0.99622,0.0,1.0,1.0,1.0,1.0,1.0,0.0,0.82882,1.0,0.0,0.89,0.8018,0.0,0.0,0.96942,1.0,0.75,0.8,1.0,1.0,0.5,0.5,0.5,1.0,1.0,0.5,0.5,0.5,0.0,0.0,1.0,1.0,1.0,0.53282,0.57107,1.0,0.2,0.0,1.0,0.0,1.0,1.0,0.75
0.5,0.5,0.5,0.5,0.5,0.5,0.2,0.6,0.03333,0.0,0.5,0.0,0.0,0.2,0.0,0.5,0.5,0.5,0.5,0.5,0.5,0.5,0.5,0.0,0.0,0.5,1.0,1.0,1.0,0.0,0.0,0.5,0.5,0.8,1.0,1.0,0.5,0.5,0.5,1.0,1.0,0.5,0.5,0.5,0.5,0.5,1.0,0.5,0.5,0.5,0.5,0.2,0.6,1.0,1.0,1.0,1.0,0.5,0.5
0.0,1.0,0.0,1.0,0.2,1.0,0.18046,0.4,0.43333,0.0,0.5,0.0,0.0,0.44,0.0,0.97402,0.0,1.0,1.0,1.0,1.0,0.8,1.0,0.96566,1.0,0.25,0.94872,0.65411,0.5,0.0,0.92732,1.0,1.0,0.8,1.0,1.0,0.5,0.5,0.5,1.0,1.0,0.5,0.5,0.5,0.0,0.0,1.0,1.0,1.0,0.5,0.5,0.6,0.4,0.5,0.0,1.0,1.0,0.0,1.0
0.5,0.5,0.5,0.5,0.5,0.5,0.20305,0.8,0.06667,0.0,0.5,0.0,0.0,0.4,0.0,0.5,0.5,0.7,1.0,1.0,1.0,0.5,1.0,0.81782,1.0,0.0,1.0,0.89442,0.5,0.0,0.66667,1.0,0.5,0.8,1.0,1.0,0.5,0.5,0.5,1.0,1.0,0.5,0.5,0.5,0.5,0.5,1.0,1.0,1.0,0.5,0.5,0.5,0.4,0.5,1.0,1.0,1.0,1.0,0.5
1.0,1.0,1.0,1.0,0.8,1.0,0.23781,1.0,0.2,0.0,0.5,0.0,0.0,0.52,0.0,0.0,0.93014,1.0,0.9,1.0,1.0,1.0,0.0,0.63172,1.0,0.0,1.0,1.0,1.0,0.0,1.0,1.0,1.0,0.8,1.0,1.0,0.5,0.5,0.5,1.0,1.0,0.5,0.5,0.5,0.0,0.0,1.0,1.0,1.0,0.5,0.5,0.3,0.6,1.0,0.5,1.0,1.0,1.0,0.75
1.0,0.5,1.0,0.5,1.0,0.5,0.2477,1.0,0.23333,0.0,0.5,0.0,1.0,0.52,0.0,0.0,0.90575,1.0,0.9,1.0,1.0,1.0,0.0,0.53037,0.96431,0.0,1.0,1.0,1.0,0.0,0.98466,1.0,1.0,0.8,1.0,1.0,0.5,0.5,0.5,1.0,1.0,0.5,0.5,0.5,0.0,0.0,1.0,1.0,1.0,0.5,0.5,0.5,0.4,0.5,0.0,1.0,1.0,1.0,0.25
1.0,0.5,1.0,0.5,1.0,0.5,0.26176,1.0,0.26667,0.0,0.5,0.0,1.0,0.52,0.0,0.0,0.96357,1.0,1.0,1.0,1.0,1.0,0.0,0.48345,0.879,0.0,1.0,1.0,1.0,0.0,0.98993,1.0,1.0,0.8,1.0,1.0,0.5,0.5,0.5,1.0,1.0,0.5,0.5,0.5,0.0,0.0,1.0,1.0,1.0,0.5,0.5,0.2,0.6,1.0,0.5,1.0,1.0,0.5,0.5
1.0,0.5,1.0,0.5,1.0,0.5,0.2666,1.0,0.3,0.0,0.5,0.0,1.0,0.48,0.0,0.0,0.99149,1.0,1.0,1.0,1.0,1.0,0.0,0.44339,0.80617,0.0,1.0,1.0,1.0,0.0,0.99074,1.0,1.0,0.8,1.0,1.0,0.5,0.5,0.5,1.0,1.0,0.5,0.5,0.5,0.0,0.0,1.0,1.0,1.0,0.5,0.5,0.2,0.6,1.0,0.5,1.0,1.0,1.0,1.0
0.5,0.5,0.5,0.5,0.5,0.5,0.2,0.6,0.03333,0.0,0.5,0.0,0.0,0.2,0.0,0.5,0.5,0.5,0.5,0.5,0.5,0.5,0.5,0.0,0.0,0.5,1.0,1.0,1.0,0.0,0.0,0.5,0.5,0.8,1.0,1.0,0.5,0.5,0.5,1.0,1.0,0.5,0.5,0.5,0.5,0.5,1.0,0.5,0.5,0.5,0.5,0.2,0.6,1.0,1.0,1.0,1.0,0.5,0.5
1.0,1.0,1.0,1.0,1.0,1.0,0.22986,1.0,0.13333,0.0,0.5,0.0,0.0,0.72,0.0,0.98165,0.0,1.0,1.0,1.0,1.0,0.6,0.0,0.63862,1.0,0.0,1.0,1.0,1.0,0.0,0.96199,1.0,1.0,0.8,1.0,1.0,0.5,0.5,0.5,1.0,1.0,0.5,0.5,0.5,0.0,0.0,1.0,1.0,1.0,0.5,0.5,0.4,0.6,1.0,1.0,1.0,1.0,1.0,1.0
1.0,1.0,0.0,1.0,1.0,1.0,0.23613,1.0,0.2,0.0,0.5,0.0,0.0,0.72,0.0,0.95023,0.0,1.0,1.0,1.0,1.0,1.0,0.0,0.56565,1.0,0.0,1.0,1.0,1.0,0.0,0.97975,1.0,1.0,0.8,1.0,1.0,0.5,0.5,0.5,1.0,1.0,0.5,0.5,0.5,0.21984,0.0,0.6,1.0,1.0,0.5,0.5,0.6,0.6,1.0,1.0,1.0,1.0,1.0,1.0
1.0,1.0,1.0,1.0,1.0,1.0,0.25554,0.8,0.3,0.0,0.5,0.0,0.0,0.6,0.04,0.86407,0.0,1.0,1.0,1.0,1.0,1.0,0.0,0.90996,1.0,0.25,1.0,1.0,1.0,1.0,1.0,0.75,0.75,0.8,1.0,1.0,0.5,0.5,0.5,1.0,1.0,1.0,0.5002,1.0,0.0,0.0,1.0,1.0,1.0,1.0,0.5002,0.5,0.4,1.0,1.0,1.0,1.0,1.0,1.0
1.0,1.0,0.0,0.0,0.6,0.6,0.24896,0.6,0.36667,0.0,0.5,0.0,0.0,0.6,0.04,0.93713,0.0,1.0,1.0,1.0,1.0,1.0,1.0,0.95152,1.0,0.25,0.96492,0.93222,0.0,1.0,1.0,0.75,1.0,0.8,1.0,1.0,0.5,0.5,0.5,1.0,1.0,1.0,0.5002,1.0,0.28247,0.0,0.6,1.0,1.0,1.0,0.5002,0.6,0.4,1.0,1.0,1.0,1.0,1.0,1.0
1.0,1.0,1.0,1.0,0.8,0.8,0.2428,0.6,0.46667,0.0,0.5,0.0,0.0,0.56,0.04,0.0,0.99325,1.0,1.0,1.0,1.0,1.0,1.0,0.99919,1.0,0.25,0.88197,0.78886,0.0,1.0,1.0,0.75,1.0,0.8,1.0,1.0,0.5,0.5,0.5,1.0,1.0,0.4287,0.43737,1.0,0.42627,0.01107,0.6,1.0,1.0,0.4287,0.43737,0.6,0.4,1.0,1.0,1.0,1.0,1.0,1.0
0.0,0.0,0.0,0.0,0.6,0.6,0.05919,0.6,0.9,0.0,0.5,0.0,0.0,0.28,0.04,0.0,0.9894,1.0,1.0,1.0,1.0,1.0,1.0,0.99725,1.0,0.25,0.21432,0.12002,0.0,0.0,1.0,0.75,0.5,0.8,1.0,1.0,0.5,0.5,0.5,1.0,1.0,0.39589,0.43053,0.90661,0.01858,0.18819,0.6,1.0,1.0,0.39589,0.43053,1.0,0.2,0.0,1.0,0.0,1.0,1.0,1.0
1.0,0.5,0.0,0.5,0.6,0.5,0.05761,0.6,0.93333,0.0,0.5,0.0,1.0,0.28,0.04,0.0,0.97,0.8,1.0,1.0,1.0,0.8,0.0,0.54779,0.99599,0.25,1.0,1.0,1.0,0.0,1.0,1.0,0.5,0.8,1.0,1.0,0.5,0.5,0.5,1.0,1.0,0.09657,0.484,0.90661,0.01295,0.18808,0.6,1.0,1.0,0.09657,0.484,0.6,0.4,1.0,1.0,1.0,1.0,0.0,0.75
0.0,0.0,0.0,0.0,0.4,0.4,0.03555,0.4,1.0,0.0,0.5,0.0,0.0,0.24,0.12,0.99545,0.0,1.0,1.0,0.6,1.0,0.6,0.0,0.00418,0.0076,0.25,1.0,1.0,1.0,0.0,1.0,0.5,0.75,0.0,0.8,0.49487,0.77282,0.23248,0.46369,1.0,1.0,1.0,0.38581,0.66427,0.0,0.0,1.0,1.0,1.0,1.0,0.38581,1.0,0.2,1.0,1.0,0.0,1.0,1.0,1.0
0.5,0.5,0.5,0.5,0.5,0.5,0.19598,0.8,0.06667,0.0,0.5,0.0,0.0,0.56,0.0,0.5,0.5,0.0,1.0,1.0,1.0,0.5,1.0,0.7086,1.0,0.25,0.9546,0.75092,0.66667,0.0,0.91071,1.0,0.5,0.8,1.0,1.0,0.5,0.5,0.5,1.0,1.0,0.5,0.5,0.5,0.5,0.5,1.0,1.0,1.0,0.5,0.5,0.2,0.4,0.33333,1.0,1.0,1.0,1.0,0.5
0.5,0.5,0.5,0.5,0.5,0.5,0.2,0.6,0.03333,0.0,0.5,0.0,0.0,0.2,0.0,0.5,0.5,0.5,0.5,0.5,0.5,0.5,0.5,0.0,0.0,0.5,1.0,1.0,1.0,0.0,0.0,0.5,0.5,0.8,1.0,1.0,0.5,0.5,0.5,1.0,1.0,0.5,0.5,0.5,0.5,0.5,1.0,0.5,0.5,0.5,0.5,0.2,0.6,1.0,1.0,1.0,1.0,0.5,0.5
0.5,0.5,0.5,0.5,0.5,0.5,0.2,0.6,0.03333,0.0,0.5,0.0,0.0,0.2,0.0,0.5,0.5,0.5,0.5,0.5,0.5,0.5,0.5,0.0,0.0,0.5,1.0,1.0,1.0,0.0,0.0,0.5,0.5,0.8,1.0,1.0,0.5,0.5,0.5,1.0,1.0,0.5,0.5,0.5,0.5,0.5,1.0,0.5,0.5,0.5,0.5,0.2,0.6,1.0,1.0,1.0,1.0,0.5,0.5
0.0,0.0,0.0,0.0,0.3,0.4,0.00121,0.4,0.0,0.96774,0.5,0.0,0.0,0.12,0.16,0.0,0.99997,1.0,1.0,1.0,1.0,0.7,0.0,0.0001,0.00018,0.25,1.0,1.0,1.0,0.0,0.82266,0.5,0.25,0.0,1.0,1.0,0.5,0.5,0.5,1.0,1.0,0.5,0.5,0.5,0.0,0.0,1.0,1.0,1.0,0.5,0.5,1.0,0.2,0.0,1.0,1.0,1.0,0.0,1.0
0.0,0.5,0.0,0.5,0.4,0.5,0.00121,0.4,0.0,0.9375,0.5,0.0,1.0,0.12,0.16,0.0,0.99998,1.0,1.0,0.8,1.0,1.0,0.0,0.0001,0.00018,0.25,1.0,1.0,1.0,0.0,0.82268,1.0,1.0,0.0,1.0,1.0,0.5,0.5,0.5,1.0,1.0,0.5,0.5,0.5,0.0,0.0,1.0,1.0,1.0,0.5,0.5,1.0,0.2,0.0,1.0,1.0,1.0,0.0,1.0
0.5,0.5,0.5,0.5,0.5,0.5,0.2012,0.4,0.36667,0.0,0.5,0.0,0.0,0.56,0.12,0.89817,0.0,1.0,1.0,1.0,1.0,0.5,1.0,0.85739,1.0,1.0,1.0,0.94803,0.5,0.0,0.9615,0.0,0.5,0.6,1.0,1.0,0.5,0.5,0.5,1.0,1.0,0.5,0.5,0.5,0.0,0.0,1.0,1.0,1.0,0.5,0.5,0.4,0.4,0.5,1.0,1.0,1.0,0.0,0.5
0.0,1.0,0.0,1.0,0.4,0.4,0.19227,0.4,0.5,0.0,0.5,0.0,0.0,0.52,0.12,0.99384,0.0,1.0,1.0,1.0,1.0,1.0,0.0,0.85152,1.0,1.0,1.0,0.8255,0.5,0.0,0.93593,0.0,1.0,0.8,1.0,1.0,0.5,0.5,0.5,1.0,1.0,0.5,0.5,0.5,0.0,0.02889,1.0,1.0,1.0,0.5,0.5,1.0,0.2,0.0,1.0,1.0,1.0,0.0,1.0
0.0,0.0,0.0,0.0,0.4,0.4,0.19211,0.4,0.6,0.0,0.5,0.0,0.0,0.36,0.12,0.97835,0.0,1.0,1.0,0.9,0.8,0.8,1.0,0.73695,1.0,0.75,1.0,0.8271,0.5,0.0,0.93067,0.0,1.0,0.8,1.0,1.0,0.5,0.5,0.5,1.0,1.0,0.5,0.5,0.5,0.0,0.19644,1.0,1.0,1.0,0.5,0.5,1.0,0.2,0.0,1.0,1.0,1.0,0.0,0.25
0.5,0.5,0.5,0.5,0.5,0.5,0.1,0.55,0.03333,0.0,1.0,0.0,0.0,0.1,0.0,0.5,0.5,0.5,0.5,0.5,0.5,0.5,0.5,0.0,0.0,0.55556,1.0,1.0,1.0,0.0,0.0,0.5,0.5,0.8,1.0,1.0,0.5,0.5,0.5,1.0,1.0,0.5,0.5,0.5,0.5,0.5,1.0,0.5,0.5,0.5,0.5,0.2,0.6,1.0,1.0,1.0,1.0,0.5,0.5
0.5,0.5,0.5,0.5,0.5,0.5,0.1,0.55,0.03333,0.0,1.0,0.0,0.0,0.1,0.0,0.5,0.5,0.5,0.5,0.5,0.5,0.5,0.5,0.0,0.0,0.55556,1.0,1.0,1.0,0.0,0.0,0.5,0.5,0.8,1.0,1.0,0.5,0.5,0.5,1.0,1.0,0.5,0.5,0.5,0.5,0.5,1.0,0.5,0.5,0.5,0.5,0.2,0.6,1.0,1.0,1.0,1.0,0.5,0.5
1.0,1.0,1.0,1.0,0.7,1.0,0.1272,1.0,0.36667,0.0,1.0,0.0,0.0,0.44,0.05,0.0,0.99214,0.77778,1.0,1.0,1.0,0.6,0.0,0.65992,1.0,0.11111,1.0,1.0,1.0,0.0,1.0,1.0,0.55556,0.6,0.9,0.89001,0.68459,0.5,0.27384,1.0,1.0,0.5,0.5,0.5,0.0,0.0,1.0,1.0,1.0,0.99924,0.60785,0.45,0.2,1.0,1.0,1.0,1.0,0.0,1.0
0.5,0.5,0.5,0.5,0.5,0.5,0.1,0.55,0.03333,0.0,1.0,0.0,0.0,0.1,0.0,0.5,0.5,0.5,0.5,0.5,0.5,0.5,0.5,0.0,0.0,0.55556,1.0,1.0,1.0,0.0,0.0,0.5,0.5,0.8,1.0,1.0,0.5,0.5,0.5,1.0,1.0,0.5,0.5,0.5,0.5,0.5,1.0,0.5,0.5,0.5,0.5,0.2,0.6,1.0,1.0,1.0,1.0,0.5,0.5
1.0,1.0,1.0,1.0,0.8,0.5,0.09287,0.3,0.2,0.0,1.0,0.0,0.0,0.82,0.0,1.0,0.0,1.0,1.0,1.0,1.0,0.0,1.0,0.95913,1.0,0.44444,0.94763,0.86368,0.2,0.0,0.98176,0.66667,0.55556,0.8,1.0,1.0,0.5,0.5,0.5,1.0,1.0,0.5,0.5,0.5,0.11875,0.0,0.6,1.0,1.0,0.5,0.5,0.6,0.3,0.4,1.0,1.0,1.0,0.0,1.0
0.5,0.5,0.5,0.5,0.5,0.5,0.1,0.55,0.03333,0.0,1.0,0.0,0.0,0.1,0.0,0.5,0.5,0.5,0.5,0.5,0.5,0.5,0.5,0.0,0.0,0.55556,1.0,1.0,1.0,0.0,0.0,0.5,0.5,0.8,1.0,1.0,0.5,0.5,0.5,1.0,1.0,0.5,0.5,0.5,0.5,0.5,1.0,0.5,0.5,0.5,0.5,0.2,0.6,1.0,1.0,1.0,1.0,0.5,0.5
0.0,0.0,0.0,0.0,0.1,0.1,0.07111,0.1,0.26667,0.0,1.0,0.0,0.0,0.11,0.0,0.99081,0.0,1.0,0.97778,1.0,1.0,1.0,0.0,0.01671,0.03039,0.0,1.0,1.0,1.0,0.0,1.0,1.0,0.44444,0.8,1.0,1.0,0.5,0.5,0.5,1.0,1.0,0.5,0.5,0.5,0.0,0.0,1.0,1.0,1.0,0.5,0.5,1.0,0.1,1.0,1.0,1.0,1.0,1.0,1.0
0.0,0.0,0.0,0.0,0.1,0.1,0.07111,0.1,0.46667,0.0,1.0,0.0,0.0,0.1,0.0,0.99642,0.0,1.0,1.0,1.0,1.0,1.0,0.0,0.01671,0.03039,0.0,1.0,1.0,1.0,0.0,1.0,1.0,1.0,0.8,1.0,1.0,0.5,0.5,0.5,1.0,1.0,0.5,0.5,0.5,0.0,0.0,1.0,1.0,1.0,0.5,0.5,1.0,0.1,1.0,1.0,1.0,1.0,1.0,0.44444
0.0,0.0,0.0,0.0,0.1,0.1,0.07111,0.1,0.66667,0.0,1.0,0.0,0.0,0.1,0.0,0.9991,0.0,1.0,1.0,1.0,1.0,1.0,0.0,0.01671,0.03039,0.0,1.0,1.0,1.0,0.0,1.0,1.0,1.0,0.8,1.0,1.0,0.5,0.5,0.5,1.0,1.0,0.5,0.5,0.5,0.0,0.0,1.0,1.0,1.0,0.5,0.5,1.0,0.1,1.0,1.0,1.0,1.0,1.0,0.44444
0.5,0.5,0.5,0.5,0.5,0.5,0.1,0.55,0.03333,0.0,1.0,0.0,0.0,0.1,0.0,0.5,0.5,0.5,0.5,0.5,0.5,0.5,0.5,0.0,0.0,0.55556,1.0,1.0,1.0,0.0,0.0,0.5,0.5,0.8,1.0,1.0,0.5,0.5,0.5,1.0,1.0,0.5,0.5,0.5,0.5,0.5,1.0,0.5,0.5,0.5,0.5,0.2,0.6,1.0,1.0,1.0,1.0,0.5,0.5
0.5,0.5,0.5,0.5,0.5,0.5,0.1,0.55,0.03333,0.0,1.0,0.0,0.0,0.1,0.0,0.5,0.5,0.5,0.5,0.5,0.5,0.5,0.5,0.0,0.0,0.55556,1.0,1.0,1.0,0.0,0.0,0.5,0.5,0.8,1.0,1.0,0.5,0.5,0.5,1.0,1.0,0.5,0.5,0.5,0.5,0.5,1.0,0.5,0.5,0.5,0.5,0.2,0.6,1.0,1.0,1.0,1.0,0.5,0.5
0.0,1.0,0.0,1.0,0.15,0.8,0.10404,0.7,0.16667,0.0,1.0,0.0,0.0,0.39,0.06,0.96592,0.0,1.0,1.0,1.0,0.86667,0.73333,1.0,0.81005,1.0,0.11111,0.99222,0.85001,0.66667,0.0,1.0,0.88889,0.77778,0.7,1.0,1.0,0.5,0.5,0.5,1.0,1.0,0.5,0.5,0.5,0.28068,0.01487,0.3,1.0,1.0,0.5,0.5,1.0,0.1,0.0,1.0,1.0,1.0,0.0,1.0
1.0,0.5,1.0,0.5,1.0,0.5,0.13943,1.0,0.2,0.0,1.0,0.0,1.0,0.36,0.08,0.0,0.99069,1.0,1.0,1.0,1.0,1.0,1.0,0.8565,1.0,0.11111,1.0,1.0,1.0,1.0,1.0,1.0,1.0,0.8,1.0,1.0,0.5,0.5,0.5,1.0,1.0,1.0,0.7565,0.5,0.90744,0.0239,0.6,1.0,1.0,1.0,0.7565,0.6,0.4,1.0,1.0,0.0,1.0,0.0,1.0
0.0,0.0,0.0,0.0,0.8,0.7,0.01569,0.4,0.63333,0.0,1.0,0.0,0.0,0.12,0.13,0.0,0.98728,1.0,1.0,0.84444,0.6,0.73333,0.0,0.96758,1.0,0.11111,0.13693,0.05933,0.25,0.0,0.96836,0.44444,0.66667,0.6,1.0,1.0,0.5,0.28371,0.5,1.0,1.0,0.06861,0.16037,0.8167,0.0,0.0,1.0,1.0,1.0,1.0,0.201,0.4,0.2,0.25,0.0,0.0,1.0,0.0,1.0
0.5,0.5,0.5,0.5,0.5,0.5,0.1,0.55,0.03333,0.0,1.0,0.0,0.0,0.1,0.0,0.5,0.5,0.5,0.5,0.5,0.5,0.5,0.5,0.0,0.0,0.55556,1.0,1.0,1.0,0.0,0.0,0.5,0.5,0.8,1.0,1.0,0.5,0.5,0.5,1.0,1.0,0.5,0.5,0.5,0.5,0.5,1.0,0.5,0.5,0.5,0.5,0.2,0.6,1.0,1.0,1.0,1.0,0.5,0.5
0.5,0.5,0.5,0.5,0.5,0.5,0.1,0.55,0.03333,0.0,1.0,0.0,0.0,0.1,0.0,0.5,0.5,0.5,0.5,0.5,0.5,0.5,0.5,0.0,0.0,0.55556,1.0,1.0,1.0,0.0,0.0,0.5,0.5,0.8,1.0,1.0,0.5,0.5,0.5,1.0,1.0,0.5,0.5,0.5,0.5,0.5,1.0,0.5,0.5,0.5,0.5,0.2,0.6,1.0,1.0,1.0,1.0,0.5,0.5
0.0,0.0,0.0,0.0,0.1,0.1,0.10237,0.6,0.63333,0.0,1.0,0.0,0.0,0.29,0.0,0.0,0.98889,1.0,1.0,1.0,1.0,0.77778,0.0,0.81853,1.0,0.11111,0.97231,0.85922,0.66667,0.0,0.72501,0.77778,0.33333,0.8,1.0,1.0,0.5,0.5,0.5,1.0,1.0,0.5,0.5,0.5,0.0,0.0,1.0,1.0,1.0,0.5,0.5,0.2,0.3,0.66667,1.0,1.0,1.0,0.0,1.0
0.0,1.0,0.0,0.0,0.4,0.5,0.10169,0.5,0.7,0.0,1.0,0.0,0.0,0.3,0.0,0.99153,0.0,1.0,1.0,1.0,1.0,1.0,1.0,0.87833,1.0,0.22222,1.0,0.98919,0.75,0.0,0.94986,1.0,0.66667,0.8,1.0,1.0,0.5,0.5,0.5,1.0,1.0,0.5,0.5,0.5,0.0,0.0,1.0,1.0,1.0,0.5,0.5,0.2,0.3,0.5,1.0,1.0,1.0,0.0,1.0
0.5,0.5,0.5,0.5,0.5,0.5,0.1,0.55,0.03333,0.0,1.0,0.0,0.0,0.1,0.0,0.5,0.5,0.5,0.5,0.5,0.5,0.5,0.5,0.0,0.0,0.55556,1.0,1.0,1.0,0.0,0.0,0.5,0.5,0.8,1.0,1.0,0.5,0.5,0.5,1.0,1.0,0.5,0.5,0.5,0.5,0.5,1.0,0.5,0.5,0.5,0.5,0.2,0.6,1.0,1.0,1.0,1.0,0.5,0.5
1.0,0.5,1.0,0.5,0.9,0.5,0.11023,0.9,0.06667,0.0,1.0,0.0,1.0,0.56,0.0,0.5,0.5,0.0,1.0,1.0,1.0,0.0,1.0,0.82471,1.0,0.33333,1.0,0.98811,0.83333,0.0,0.90872,1.0,0.66667,0.8,1.0,1.0,0.5,0.5,0.5,1.0,1.0,0.5,0.5,0.5,0.5,0.5,1.0,1.0,1.0,0.5,0.5,0.2,0.6,0.83333,0.8,1.0,1.0,0.66667,1.0
1.0,1.0,0.0,1.0,0.9,1.0,0.1026,0.7,0.2,0.0,1.0,0.0,0.0,0.66,0.0,0.94198,0.0,1.0,1.0,1.0,1.0,0.53333,1.0,0.91985,1.0,0.11111,1.0,0.89988,0.6,0.0,0.98811,1.0,0.88889,0.8,1.0,1.0,0.5,0.5,0.5,1.0,1.0,0.5,0.5,0.5,0.11484,0.0,0.6,1.0,1.0,0.5,0.5,0.6,0.6,1.0,0.6,1.0,1.0,1.0,1.0
1.0,1.0,0.0,1.0,0.6,0.7,0.10261,0.6,0.36667,0.0,1.0,0.0,0.0,0.41,0.02,0.93882,0.0,0.88889,0.88889,1.0,1.0,0.68889,1.0,0.94132,1.0,0.55556,1.0,0.86082,0.6,0.0,0.99622,1.0,1.0,0.8,1.0,1.0,0.5,0.5,0.5,1.0,1.0,0.59769,0.50297,1.0,0.0,0.0667,1.0,1.0,1.0,0.56584,0.54933,0.2,0.6,1.0,1.0,1.0,1.0,0.0,1.0
0.5,0.5,0.5,0.5,0.5,0.5,0.1,0.55,0.03333,0.0,1.0,0.0,0.0,0.1,0.0,0.5,0.5,0.5,0.5,0.5,0.5,0.5,0.5,0.0,0.0,0.55556,1.0,1.0,1.0,0.0,0.0,0.5,0.5,0.8,1.0,1.0,0.5,0.5,0.5,1.0,1.0,0.5,0.5,0.5,0.5,0.5,1.0,0.5,0.5,0.5,0.5,0.2,0.6,1.0,1.0,1.0,1.0,0.5,0.5
1.0,1.0,0.0,1.0,0.45,1.0,0.13607,0.8,0.4,0.0,1.0,0.0,0.0,0.37,0.03,0.95785,0.0,1.0,1.0,1.0,1.0,0.64444,1.0,0.95816,1.0,0.44444,1.0,0.9108,0.75,0.0,0.9868,1.0,0.22222,0.8,1.0,1.0,0.5,0.5,0.5,1.0,1.0,0.5,0.5,0.5,0.0,0.0,1.0,1.0,1.0,1.0,1.0,0.4,0.3,0.5,0.5,1.0,1.0,0.5,1.0
0.0,0.0,0.0,0.0,0.5,0.5,0.09171,0.4,0.7,0.0,1.0,0.0,0.0,0.33,0.03,0.99745,0.0,0.91111,0.91111,1.0,1.0,1.0,1.0,0.95618,1.0,0.44444,0.77547,0.56048,0.25,0.0,0.99244,1.0,1.0,0.8,1.0,1.0,0.5,0.5,0.5,1.0,1.0,0.5,0.5,0.5,0.0,0.17512,1.0,1.0,1.0,1.0,1.0,0.2,0.4,0.75,1.0,1.0,1.0,0.0,0.66667
0.5,0.5,0.5,0.5,0.5,0.5,0.08091,0.1,0.53333,0.0,1.0,0.0,0.0,0.12,0.0,0.99879,0.0,1.0,1.0,1.0,1.0,0.5,0.0,0.02164,0.03935,0.11111,1.0,1.0,1.0,1.0,1.0,1.0,0.5,0.8,1.0,1.0,0.5,0.5,0.5,1.0,1.0,0.5,0.5,0.5,0.0,0.0,1.0,1.0,1.0,0.5,0.5,1.0,0.1,1.0,1.0,1.0,1.0,1.0,0.5
1.0,1.0,1.0,1.0,0.1,0.1,0.08417,0.1,0.6,0.0,1.0,0.0,0.0,0.12,0.0,0.99918,0.0,1.0,1.0,1.0,1.0,1.0,1.0,0.02342,0.04258,0.11111,1.0,1.0,1.0,1.0,1.0,1.0,1.0,0.8,1.0,1.0,0.5,0.5,0.5,1.0,1.0,0.5,0.5,0.5,0.0,0.0,1.0,1.0,1.0,0.5,0.5,1.0,0.1,1.0,1.0,1.0,1.0,1.0,0.33333
1.0,1.0,1.0,1.0,0.1,0.1,0.09515,0.1,0.96667,0.0,1.0,0.0,0.0,0.11,0.0,0.0,0.99986,0.97778,0.97778,1.0,1.0,0.97778,1.0,0.6341,1.0,0.11111,0.91986,0.85162,0.0,0.0,0.9028,1.0,0.88889,0.8,1.0,1.0,0.5,0.5,0.5,1.0,1.0,0.5,0.5,0.5,0.0,0.0,1.0,1.0,1.0,0.5,0.5,1.0,0.1,0.0,1.0,1.0,1.0,0.0,0.44444
0.5,0.5,0.5,0.5,0.5,0.5,0.1,0.55,0.03333,0.0,1.0,0.0,0.0,0.1,0.0,0.5,0.5,0.5,0.5,0.5,0.5,0.5,0.5,0.0,0.0,0.55556,1.0,1.0,1.0,0.0,0.0,0.5,0.5,0.8,1.0,1.0,0.5,0.5,0.5,1.0,1.0,0.5,0.5,0.5,0.5,0.5,1.0,0.5,0.5,0.5,0.5,0.2,0.6,1.0,1.0,1.0,1.0,0.5,0.5
0.0,1.0,0.0,1.0,0.1,1.0,0.11938,1.0,0.1,0.0,1.0,0.0,0.0,0.47,0.01,0.63859,0.0,0.82222,1.0,1.0,1.0,0.6,0.0,0.82953,1.0,0.11111,1.0,1.0,1.0,0.0,0.75,0.0,0.33333,0.8,1.0,1.0,0.5,0.5,0.5,1.0,1.0,0.5,0.5,0.5,0.0,0.0,1.0,1.0,1.0,0.5,0.5,0.45,0.2,0.33333,1.0,1.0,1.0,0.0,1.0
0.0,0.0,0.0,1.0,1.0,0.9,0.12628,0.9,0.2,0.0,1.0,0.0,0.0,0.4,0.11,0.91806,0.0,0.93333,1.0,0.8,1.0,0.93333,1.0,0.90501,1.0,0.22222,1.0,0.92145,0.66667,0.0,0.90937,0.77778,0.77778,0.75,1.0,1.0,0.5,0.5,0.5,1.0,1.0,0.5,0.5,0.5,0.0,0.0,1.0,1.0,1.0,0.5,0.5,0.3,0.3,0.66667,1.0,1.0,1.0,0.66667,1.0
0.5,0.5,0.5,0.5,0.5,0.5,0.1,0.55,0.03333,0.0,1.0,0.0,0.0,0.1,0.0,0.5,0.5,0.5,0.5,0.5,0.5,0.5,0.5,0.0,0.0,0.55556,1.0,1.0,1.0,0.0,0.0,0.5,0.5,0.8,1.0,1.0,0.5,0.5,0.5,1.0,1.0,0.5,0.5,0.5,0.5,0.5,1.0,0.5,0.5,0.5,0.5,0.2,0.6,1.0,1.0,1.0,1.0,0.5,0.5
0.5,0.5,0.5,0.5,0.5,0.5,0.1,0.55,0.03333,0.0,1.0,0.0,0.0,0.1,0.0,0.5,0.5,0.5,0.5,0.5,0.5,0.5,0.5,0.0,0.0,0.55556,1.0,1.0,1.0,0.0,0.0,0.5,0.5,0.8,1.0,1.0,0.5,0.5,0.5,1.0,1.0,0.5,0.5,0.5,0.5,0.5,1.0,0.5,0.5,0.5,0.5,0.2,0.6,1.0,1.0,1.0,1.0,0.5,0.5
0.5,0.5,0.5,0.5,0.5,0.5,0.1,0.55,0.03333,0.0,1.0,0.0,0.0,0.1,0.0,0.5,0.5,0.5,0.5,0.5,0.5,0.5,0.5,0.0,0.0,0.55556,1.0,1.0,1.0,0.0,0.0,0.5,0.5,0.8,1.0,1.0,0.5,0.5,0.5,1.0,1.0,0.5,0.5,0.5,0.5,0.5,1.0,0.5,0.5,0.5,0.5,0.2,0.6,1.0,1.0,1.0,1.0,0.5,0.5
1.0,0.5,1.0,0.5,0.9,0.5,0.10889,0.9,0.06667,0.0,1.0,0.0,1.0,0.6,0.0,0.5,0.5,0.0,1.0,1.0,1.0,0.0,1.0,0.83924,1.0,0.66667,1.0,1.0,1.0,0.0,0.96429,1.0,0.55556,0.8,1.0,1.0,0.5,0.5,0.5,1.0,1.0,0.5,0.5,0.5,0.5,0.5,1.0,1.0,1.0,0.5,0.5,0.2,0.4,1.0,0.33333,1.0,1.0,0.66667,1.0
1.0,0.5,1.0,0.5,1.0,0.5,0.11292,1.0,0.1,0.0,1.0,0.0,1.0,0.78,0.0,0.0,1.0,0.46667,0.46667,1.0,1.0,0.46667,1.0,0.92513,1.0,0.11111,1.0,1.0,1.0,0.0,0.92032,1.0,0.88889,0.8,1.0,1.0,0.5,0.5,0.5,1.0,1.0,0.5,0.5,0.5,0.0,0.0,1.0,1.0,1.0,0.5,0.5,0.25,0.4,0.75,0.66667,1.0,1.0,0.75,1.0
1.0,1.0,1.0,1.0,1.0,1.0,0.12371,1.0,0.2,0.0,1.0,0.0,0.0,0.7,0.0,0.92367,0.0,1.0,1.0,1.0,1.0,1.0,0.0,0.91644,1.0,0.11111,1.0,1.0,1.0,0.0,0.95602,0.88889,1.0,0.8,1.0,1.0,0.5,0.5,0.5,1.0,1.0,0.5,0.5,0.5,0.0,0.0,1.0,1.0,1.0,0.5,0.5,0.25,0.5,1.0,0.5,1.0,1.0,1.0,1.0
0.5,0.5,0.5,0.5,0.5,0.5,0.1,0.55,0.03333,0.0,1.0,0.0,0.0,0.1,0.0,0.5,0.5,0.5,0.5,0.5,0.5,0.5,0.5,0.0,0.0,0.55556,1.0,1.0,1.0,0.0,0.0,0.5,0.5,0.8,1.0,1.0,0.5,0.5,0.5,1.0,1.0,0.5,0.5,0.5,0.5,0.5,1.0,0.5,0.5,0.5,0.5,0.2,0.6,1.0,1.0,1.0,1.0,0.5,0.5
1.0,1.0,0.0,1.0,0.5,1.0,0.02468,0.1,0.6,0.0,1.0,0.0,0.0,0.57,0.05,0.98931,0.0,1.0,1.0,1.0,1.0,0.46667,0.0,0.69652,1.0,0.11111,0.33574,0.19458,0.0,0.0,1.0,0.77778,0.55556,0.35,0.9,0.898,1.0,0.5,1.0,1.0,1.0,0.5,0.5,0.5,0.0,0.0,1.0,1.0,1.0,0.52348,1.0,0.65,0.2,0.33333,1.0,1.0,1.0,0.33333,1.0
0.0,0.0,0.0,0.0,0.1,0.1,0.01503,0.1,0.7,0.0,1.0,0.0,0.0,0.58,0.05,0.98878,0.0,1.0,1.0,1.0,1.0,1.0,0.0,0.68308,1.0,0.11111,0.21728,0.1201,0.0,0.0,1.0,0.88889,1.0,0.6,1.0,1.0,0.5,0.5,0.5,1.0,1.0,0.5,0.5,0.5,0.0,0.0,1.0,1.0,1.0,0.52348,1.0,0.4,0.2,0.33333,0.0,1.0,1.0,0.66667,1.0
0.0,0.0,0.0,0.0,0.1,0.1,0.0096,0.1,0.76667,0.0,1.0,0.0,0.0,0.57,0.05,0.9978,0.0,1.0,1.0,1.0,1.0,1.0,0.0,0.68036,1.0,0.11111,0.142,0.07471,0.0,0.0,1.0,0.88889,1.0,0.65,1.0,1.0,0.5,0.5,0.5,1.0,1.0,0.5,0.5,0.5,0.0,0.0,1.0,1.0,1.0,0.52348,1.0,0.35,0.2,0.33333,0.0,1.0,1.0,0.66667,1.0
0.0,0.0,0.0,0.0,0.1,0.1,0.00151,0.1,0.0,0.90909,1.0,0.0,0.0,0.47,0.05,0.0,0.98551,0.86667,1.0,0.77778,0.8,0.77778,0.0,0.58641,1.0,0.11111,0.0361,0.02398,0.0,0.0,0.98295,0.88889,0.77778,0.0,0.9,0.93491,0.17746,0.5,0.88731,1.0,1.0,0.5,0.5,0.5,0.0,0.0,1.0,1.0,1.0,0.00704,0.402,1.0,0.1,0.0,1.0,0.0,1.0,0.33333,1.0
0.5,0.5,0.5,0.5,0.5,0.5,0.1,0.55,0.03333,0.0,1.0,0.0,0.0,0.1,0.0,0.5,0.5,0.5,0.5,0.5,0.5,0.5,0.5,0.0,0.0,0.55556,1.0,1.0,1.0,0.0,0.0,0.5,0.5,0.8,1.0,1.0,0.5,0.5,0.5,1.0,1.0,0.5,0.5,0.5,0.5,0.5,1.0,0.5,0.5,0.5,0.5,0.2,0.6,1.0,1.0,1.0,1.0,0.5,0.5
0.0,0.0,0.0,0.0,0.1,0.1,0.08394,0.1,0.13333,0.0,1.0,0.0,0.0,0.12,0.0,0.96432,0.0,0.97778,0.97778,1.0,1.0,1.0,0.0,0.02329,0.04235,0.0,1.0,1.0,1.0,0.0,1.0,1.0,0.44444,0.8,1.0,1.0,0.5,0.5,0.5,1.0,1.0,0.5,0.5,0.5,0.0,0.0,1.0,1.0,1.0,0.5,0.5,1.0,0.1,1.0,1.0,1.0,1.0,1.0,1.0
0.0,0.0,0.0,0.0,0.1,0.1,0.08393,0.1,0.2,0.0,1.0,0.0,0.0,0.1,0.0,0.97638,0.0,1.0,1.0,1.0,1.0,1.0,0.0,0.02329,0.04234,0.0,1.0,1.0,1.0,0.0,1.0,1.0,1.0,0.8,1.0,1.0,0.5,0.5,0.5,1.0,1.0,0.5,0.5,0.5,0.0,0.0,1.0,1.0,1.0,0.5,0.5,1.0,0.1,1.0,1.0,1.0,1.0,1.0,0.44444
0.0,0.0,0.0,0.0,0.1,0.1,0.08393,0.1,0.26667,0.0,1.0,0.0,0.0,0.1,0.0,0.98745,0.0,1.0,1.0,1.0,1.0,1.0,0.0,0.02329,0.04234,0.0,1.0,1.0,1.0,0.0,1.0,1.0,1.0,0.8,1.0,1.0,0.5,0.5,0.5,1.0,1.0,0.5,0.5,0.5,0.0,0.0,1.0,1.0,1.0,0.5,0.5,1.0,0.1,1.0,1.0,1.0,1.0,1.0,0.44444
0.0,0.0,0.0,0.0,0.1,0.1,0.08393,0.1,0.33333,0.0,1.0,0.0,0.0,0.1,0.0,0.9937,0.0,1.0,1.0,1.0,1.0,1.0,0.0,0.02329,0.04234,0.0,1.0,1.0,1.0,0.0,1.0,1.0,1.0,0.8,1.0,1.0,0.5,0.5,0.5,1.0,1.0,0.5,0.5,0.5,0.0,0.0,1.0,1.0,1.0,0.5,0.5,1.0,0.1,1.0,1.0,1.0,1.0,1.0,0.44444
0.0,0.5,0.0,0.5,0.1,0.5,0.08393,0.1,0.36667,0.0,1.0,0.0,1.0,0.1,0.0,0.99544,0.0,1.0,1.0,1.0,1.0,1.0,0.0,0.02329,0.04234,0.0,1.0,1.0,1.0,0.0,1.0,1.0,1.0,0.8,1.0,1.0,0.5,0.5,0.5,1.0,1.0,0.5,0.5,0.5,0.0,0.0,1.0,1.0,1.0,0.5,0.5,1.0,0.1,1.0,1.0,1.0,1.0,1.0,0.44444
0.0,0.0,0.0,0.0,0.1,0.1,0.08393,0.1,0.43333,0.0,1.0,0.0,0.0,0.1,0.0,0.99745,0.0,1.0,1.0,1.0,1.0,1.0,0.0,0.02329,0.04234,0.0,1.0,1.0,1.0,0.0,1.0,1.0,1.0,0.8,1.0,1.0,0.5,0.5,0.5,1.0,1.0,0.5,0.5,0.5,0.0,0.0,1.0,1.0,1.0,0.5,0.5,1.0,0.1,1.0,1.0,1.0,1.0,1.0,0.44444
0.0,0.0,0.0,0.0,0.1,0.1,0.08393,0.1,0.5,0.0,1.0,0.0,0.0,0.1,0.0,0.99848,0.0,1.0,1.0,1.0,1.0,1.0,0.0,0.02329,0.04234,0.0,1.0,1.0,1.0,0.0,1.0,1.0,1.0,0.8,1.0,1.0,0.5,0.5,0.5,1.0,1.0,0.5,0.5,0.5,0.0,0.0,1.0,1.0,1.0,0.5,0.5,1.0,0.1,1.0,1.0,1.0,1.0,1.0,0.44444
0.0,0.5,0.0,0.5,0.1,0.5,0.08393,0.1,0.53333,0.0,1.0,0.0,1.0,0.1,0.0,0.99881,0.0,1.0,1.0,1.0,1.0,1.0,0.0,0.02329,0.04234,0.0,1.0,1.0,1.0,0.0,1.0,1.0,1.0,0.8,1.0,1.0,0.5,0.5,0.5,1.0,1.0,0.5,0.5,0.5,0.0,0.0,1.0,1.0,1.0,0.5,0.5,1.0,0.1,1.0,1.0,1.0,1.0,1.0,0.44444
0.0,0.5,0.0,0.5,0.1,0.5,0.08393,0.1,0.56667,0.0,1.0,0.0,1.0,0.1,0.0,0.99907,0.0,1.0,1.0,1.0,1.0,1.0,0.0,0.02329,0.04234,0.0,1.0,1.0,1.0,0.0,1.0,1.0,1.0,0.8,1.0,1.0,0.5,0.5,0.5,1.0,1.0,0.5,0.5,0.5,0.0,0.0,1.0,1.0,1.0,0.5,0.5,1.0,0.1,1.0,1.0,1.0,1.0,1.0,0.44444
0.0,0.5,0.0,0.5,0.1,0.5,0.08393,0.1,0.6,0.0,1.0,0.0,1.0,0.1,0.0,0.99926,0.0,1.0,1.0,1.0,1.0,1.0,0.0,0.02329,0.04234,0.0,1.0,1.0,1.0,0.0,1.0,1.0,1.0,0.8,1.0,1.0,0.5,0.5,0.5,1.0,1.0,0.5,0.5,0.5,0.0,0.0,1.0,1.0,1.0,0.5,0.5,1.0,0.1,1.0,1.0,1.0,1.0,1.0,0.44444
0.0,0.5,0.0,0.5,0.1,0.5,0.08393,0.1,0.63333,0.0,1.0,0.0,1.0,0.1,0.0,0.99941,0.0,1.0,1.0,1.0,1.0,1.0,0.0,0.02329,0.04234,0.0,1.0,1.0,1.0,0.0,1.0,1.0,1.0,0.8,1.0,1.0,0.5,0.5,0.5,1.0,1.0,0.5,0.5,0.5,0.0,0.0,1.0,1.0,1.0,0.5,0.5,1.0,0.1,1.0,1.0,1.0,1.0,1.0,0.44444
0.0,0.0,0.0,0.0,0.1,0.1,0.08393,0.1,0.7,0.0,1.0,0.0,0.0,0.1,0.0,0.99963,0.0,1.0,1.0,1.0,1.0,1.0,0.0,0.02329,0.04234,0.0,1.0,1.0,1.0,0.0,1.0,1.0,1.0,0.8,1.0,1.0,0.5,0.5,0.5,1.0,1.0,0.5,0.5,0.5,0.0,0.0,1.0,1.0,1.0,0.5,0.5,1.0,0.1,1.0,1.0,1.0,1.0,1.0,0.44444
0.0,0.5,0.0,0.5,0.1,0.5,0.08393,0.1,0.73333,0.0,1.0,0.0,1.0,0.1,0.0,0.9997,0.0,1.0,1.0,1.0,1.0,1.0,0.0,0.02329,0.04234,0.0,1.0,1.0,1.0,0.0,1.0,1.0,1.0,0.8,1.0,1.0,0.5,0.5,0.5,1.0,1.0,0.5,0.5,0.5,0.0,0.0,1.0,1.0,1.0,0.5,0.5,1.0,0.1,1.0,1.0,1.0,1.0,1.0,0.44444
0.0,0.5,0.0,0.5,0.1,0.5,0.08393,0.1,0.76667,0.0,1.0,0.0,1.0,0.1,0.0,0.99976,0.0,1.0,1.0,1.0,1.0,1.0,0.0,0.02329,0.04234,0.0,1.0,1.0,1.0,0.0,1.0,1.0,1.0,0.8,1.0,1.0,0.5,0.5,0.5,1.0,1.0,0.5,0.5,0.5,0.0,0.0,1.0,1.0,1.0,0.5,0.5,1.0,0.1,1.0,1.0,1.0,1.0,1.0,0.44444
0.0,0.5,0.0,0.5,0.1,0.5,0.08393,0.1,0.8,0.0,1.0,0.0,1.0,0.1,0.0,0.99981,0.0,1.0,1.0,1.0,1.0,1.0,0.0,0.02329,0.04234,0.0,1.0,1.0,1.0,0.0,1.0,1.0,1.0,0.8,1.0,1.0,0.5,0.5,0.5,1.0,1.0,0.5,0.5,0.5,0.0,0.0,1.0,1.0,1.0,0.5,0.5,1.0,0.1,1.0,1.0,1.0,1.0,1.0,0.44444
0.0,0.0,0.0,0.0,0.1,0.1,0.08393,0.1,0.86667,0.0,1.0,0.0,0.0,0.1,0.0,0.99987,0.0,1.0,1.0,1.0,1.0,1.0,0.0,0.02329,0.04234,0.0,1.0,1.0,1.0,0.0,1.0,1.0,1.0,0.8,1.0,1.0,0.5,0.5,0.5,1.0,1.0,0.5,0.5,0.5,0.0,0.0,1.0,1.0,1.0,0.5,0.5,1.0,0.1,1.0,1.0,1.0,1.0,1.0,0.44444
0.0,0.0,0.0,0.0,0.1,0.1,0.08393,0.1,0.0,0.83333,1.0,0.0,0.0,0.1,0.0,0.99999,0.0,1.0,1.0,1.0,1.0,1.0,0.0,0.02329,0.04234,0.0,1.0,1.0,1.0,0.0,1.0,1.0,1.0,0.8,1.0,1.0,0.5,0.5,0.5,1.0,1.0,0.5,0.5,0.5,0.0,0.0,1.0,1.0,1.0,0.5,0.5,1.0,0.1,1.0,1.0,1.0,1.0,1.0,0.44444
0.0,0.0,0.0,0.0,0.1,0.1,0.08393,0.1,0.0,0.76923,1.0,0.0,0.0,0.1,0.0,0.99999,0.0,1.0,1.0,1.0,1.0,1.0,0.0,0.02329,0.04234,0.0,1.0,1.0,1.0,0.0,1.0,1.0,1.0,0.8,1.0,1.0,0.5,0.5,0.5,1.0,1.0,0.5,0.5,0.5,0.0,0.0,1.0,1.0,1.0,0.5,0.5,1.0,0.1,1.0,1.0,1.0,1.0,1.0,0.44444
0.5,0.5,0.5,0.5,0.5,0.5,0.1,0.55,0.03333,0.0,1.0,0.0,0.0,0.1,0.0,0.5,0.5,0.5,0.5,0.5,0.5,0.5,0.5,0.0,0.0,0.55556,1.0,1.0,1.0,0.0,0.0,0.5,0.5,0.8,1.0,1.0,0.5,0.5,0.5,1.0,1.0,0.5,0.5,0.5,0.5,0.5,1.0,0.5,0.5,0.5,0.5,0.2,0.6,1.0,1.0,1.0,1.0,0.5,0.5
0.0,1.0,0.0,1.0,0.1,1.0,0.10146,0.6,0.13333,0.0,1.0,0.0,0.0,0.55,0.01,0.62561,0.0,1.0,1.0,1.0,1.0,0.6,1.0,0.84564,1.0,0.0,1.0,0.92091,0.6,0.0,0.96698,1.0,0.55556,0.5,1.0,1.0,0.5,0.5,0.5,1.0,1.0,0.5,0.5,0.5,0.0,0.0,1.0,1.0,1.0,0.5,0.5,0.5,0.4,0.6,0.33333,1.0,1.0,1.0,1.0
0.0,0.0,0.0,0.0,0.4,0.3,0.09143,0.3,0.2,0.0,1.0,0.0,0.0,0.5,0.03,0.82298,0.0,1.0,1.0,1.0,1.0,1.0,1.0,0.91646,1.0,0.11111,0.91181,0.81656,0.25,0.0,0.96309,0.77778,0.88889,0.6,0.9,0.93138,0.45593,0.5,0.40527,1.0,1.0,0.5,0.5,0.5,0.0,0.0,1.0,1.0,1.0,0.89159,0.71913,0.4,0.4,0.75,1.0,1.0,1.0,0.0,1.0
0.0,1.0,0.0,0.0,0.2,0.2,0.10078,0.4,0.33333,0.0,1.0,0.0,0.0,0.46,0.04,0.9762,0.0,1.0,1.0,1.0,1.0,1.0,1.0,0.94883,1.0,0.11111,0.96977,0.86852,0.5,0.0,0.97567,0.88889,0.77778,0.8,1.0,1.0,0.5,0.53301,0.5,1.0,1.0,0.5,0.5,0.5,0.0,0.0,1.0,1.0,1.0,0.89159,0.71913,0.2,0.5,1.0,1.0,0.75,1.0,1.0,1.0
1.0,1.0,0.0,0.0,0.4,0.4,0.09744,0.4,0.4,0.0,1.0,0.0,0.0,0.46,0.04,0.98964,0.0,1.0,1.0,1.0,1.0,1.0,1.0,0.94245,1.0,0.11111,0.94487,0.85266,0.5,0.0,0.9856,0.77778,0.77778,0.8,1.0,1.0,0.5,0.53301,0.5,1.0,1.0,0.5,0.5,0.5,0.0,0.0,1.0,1.0,1.0,0.89159,0.71913,0.2,0.4,0.75,0.66667,0.66667,1.0,0.75,1.0
0.0,1.0,0.0,0.0,0.2,0.2,0.09692,0.4,0.53333,0.0,1.0,0.0,0.0,0.46,0.04,0.99738,0.0,1.0,1.0,1.0,1.0,1.0,0.0,0.94798,1.0,0.11111,0.93425,0.78525,0.5,0.0,0.97614,0.88889,0.77778,0.8,1.0,1.0,0.5,0.53301,0.5,1.0,1.0,0.5,0.5,0.5,0.0,0.0,1.0,1.0,1.0,0.89159,0.71913,0.2,0.5,1.0,1.0,0.75,1.0,1.0,1.0
1.0,1.0,0.0,0.0,0.3,0.3,0.09546,0.3,0.63333,0.0,1.0,0.0,0.0,0.46,0.04,0.99992,0.0,1.0,1.0,1.0,1.0,1.0,1.0,0.95386,1.0,0.11111,0.91416,0.80104,0.25,0.0,0.98264,0.77778,0.77778,0.8,1.0,1.0,0.5,0.53301,0.5,1.0,1.0,0.5,0.5,0.5,0.0,0.0,1.0,1.0,1.0,0.89159,0.71913,0.2,0.4,0.75,1.0,0.66667,1.0,0.75,1.0
0.5,0.5,0.5,0.5,0.5,0.5,0.1,0.55,0.03333,0.0,1.0,0.0,0.0,0.1,0.0,0.5,0.5,0.5,0.5,0.5,0.5,0.5,0.5,0.0,0.0,0.55556,1.0,1.0,1.0,0.0,0.0,0.5,0.5,0.8,1.0,1.0,0.5,0.5,0.5,1.0,1.0,0.5,0.5,0.5,0.5,0.5,1.0,0.5,0.5,0.5,0.5,0.2,0.6,1.0,1.0,1.0,1.0,0.5,0.5
0.0,1.0,0.0,1.0,0.1,1.0,0.07028,0.2,0.73333,0.0,1.0,0.0,0.0,0.12,0.03,0.96908,0.0,0.82222,0.86667,0.88889,1.0,0.86667,0.0,0.71697,1.0,0.11111,0.85498,0.58934,0.33333,0.0,0.98016,0.77778,0.33333,0.8,1.0,1.0,0.5,0.5,0.5,1.0,1.0,0.5,0.5,0.5,0.0,0.0,1.0,1.0,1.0,0.5,0.5,0.7,0.2,0.33333,1.0,0.0,1.0,0.0,1.0
0.0,0.0,0.0,0.0,0.2,0.2,0.07346,0.2,0.0,0.75,1.0,0.0,0.0,0.12,0.03,0.0,0.99652,0.95556,0.95556,0.93333,0.95556,0.91111,0.0,0.62001,1.0,0.11111,1.0,0.86649,0.5,0.0,0.84722,0.77778,0.66667,0.8,1.0,1.0,0.5,0.5,0.5,1.0,1.0,0.5,0.5,0.5,0.0,0.0,1.0,1.0,1.0,0.5,0.5,0.6,0.2,0.5,1.0,0.0,1.0,0.0,0.22222
0.5,0.5,0.5,0.5,0.5,0.5,0.06718,0.66667,0.06667,0.0,0.0,0.66667,0.0,0.52,0.0,0.5,0.5,0.0,1.0,1.0,1.0,0.5,1.0,0.69052,1.0,0.78571,1.0,1.0,1.0,0.0,0.83929,0.28571,0.5,0.8,1.0,1.0,0.5,0.5,0.5,1.0,1.0,0.5,0.5,0.5,0.5,0.5,1.0,1.0,1.0,0.5,0.5,0.2,0.2,0.66667,1.0,1.0,1.0,1.0,0.5
0.5,0.5,0.5,0.5,0.5,0.5,0.0544,0.33333,0.36667,0.0,0.0,0.66667,0.0,0.58667,0.02667,0.90322,0.0,1.0,0.91429,1.0,1.0,0.5,0.0,0.72716,1.0,0.07143,0.9303,0.75558,0.6,0.0,0.98574,0.92857,0.5,0.8,1.0,1.0,0.5,0.5,0.5,1.0,1.0,0.5,0.5,0.5,0.34713,0.0,0.66667,1.0,1.0,0.5,0.5,0.53333,0.33333,0.8,1.0,0.25,1.0,0.8,0.5
1.0,0.5,1.0,0.5,0.33333,0.5,0.05617,0.33333,0.4,0.0,0.0,0.66667,1.0,0.52,0.03111,0.90203,0.0,1.0,1.0,1.0,1.0,1.0,1.0,0.73164,1.0,0.07143,0.95248,0.73707,0.6,0.0,0.98361,1.0,1.0,0.8,1.0,1.0,0.5,0.5,0.5,1.0,1.0,0.64479,0.43374,0.5,0.04798,0.22469,0.86667,1.0,1.0,0.64479,0.43374,0.33333,0.4,1.0,0.6,0.4,1.0,0.8,1.0
1.0,0.5,0.0,0.5,0.2,0.5,0.05557,0.2,0.43333,0.0,0.0,0.66667,1.0,0.52889,0.03111,0.92577,0.0,1.0,0.91429,1.0,1.0,1.0,1.0,0.73607,1.0,0.07143,0.93263,0.71313,0.2,1.0,0.98343,1.0,1.0,0.8,1.0,1.0,0.5,0.5,0.5,1.0,1.0,0.0,0.076,0.5,0.0,0.00418,1.0,1.0,1.0,0.0,0.076,0.2,0.33333,0.8,1.0,0.25,1.0,1.0,1.0
1.0,0.5,0.0,0.5,0.2,0.5,0.05418,0.2,0.46667,0.0,0.0,0.66667,1.0,0.49333,0.03111,0.94157,0.0,1.0,0.91429,1.0,1.0,1.0,1.0,0.73745,1.0,0.07143,0.90649,0.68908,0.2,1.0,0.98653,1.0,0.85714,0.8,1.0,1.0,0.5,0.5,0.5,1.0,1.0,0.0,0.076,1.0,0.0,0.0,1.0,1.0,1.0,0.0,0.076,0.2,0.33333,0.8,1.0,0.25,1.0,0.8,1.0
1.0,0.5,1.0,0.5,0.26667,0.5,0.05493,0.26667,0.5,0.0,0.0,0.66667,1.0,0.47111,0.03111,0.95452,0.0,1.0,0.91429,1.0,1.0,1.0,0.0,0.73624,1.0,0.07143,0.92197,0.69837,0.4,1.0,0.9853,1.0,1.0,0.8,1.0,1.0,0.5,0.5,0.5,1.0,1.0,0.0,0.076,1.0,0.0,0.0,1.0,1.0,1.0,0.0,0.076,0.2,0.33333,0.8,1.0,0.25,1.0,0.8,1.0
1.0,0.5,0.0,0.5,0.26667,0.5,0.05485,0.26667,0.53333,0.0,0.0,0.66667,1.0,0.46667,0.03111,0.96626,0.0,1.0,0.91429,1.0,1.0,1.0,0.0,0.73476,1.0,0.07143,0.92456,0.69477,0.4,1.0,0.98507,1.0,1.0,0.8,1.0,1.0,0.5,0.5,0.5,1.0,1.0,0.0,0.076,1.0,0.0,0.0,1.0,1.0,1.0,0.0,0.076,0.2,0.33333,0.8,1.0,0.25,1.0,0.8,1.0
1.0,0.5,0.0,0.5,0.26667,0.5,0.05478,0.26667,0.56667,0.0,0.0,0.66667,1.0,0.45778,0.03111,0.97443,0.0,1.0,0.91429,1.0,1.0,1.0,0.0,0.73253,1.0,0.07143,0.92854,0.69707,0.4,1.0,0.98531,1.0,1.0,0.8,1.0,1.0,0.5,0.5,0.5,1.0,1.0,0.0,0.076,1.0,0.0,0.0,1.0,1.0,1.0,0.0,0.076,0.2,0.33333,0.8,1.0,0.25,1.0,0.8,1.0
1.0,0.5,1.0,0.5,0.26667,0.5,0.05502,0.26667,0.6,0.0,0.0,0.66667,1.0,0.44444,0.03111,0.98048,0.0,0.91429,1.0,1.0,1.0,0.91429,0.0,0.72978,1.0,0.07143,0.93906,0.70767,0.4,1.0,0.98593,1.0,1.0,0.8,1.0,1.0,0.5,0.5,0.5,1.0,1.0,0.0,0.076,1.0,0.0,0.0,1.0,1.0,1.0,0.0,0.076,0.2,0.33333,0.8,1.0,0.25,1.0,0.8,1.0
1.0,0.5,1.0,0.5,0.26667,0.5,0.05513,0.26667,0.63333,0.0,0.0,0.66667,1.0,0.44889,0.03111,0.98529,0.0,1.0,1.0,1.0,1.0,1.0,0.0,0.72917,1.0,0.07143,0.94316,0.7029,0.4,1.0,0.98662,1.0,1.0,0.8,1.0,1.0,0.5,0.5,0.5,1.0,1.0,0.0,0.076,1.0,0.0,0.0,1.0,1.0,1.0,0.0,0.076,0.2,0.33333,0.8,1.0,0.25,1.0,0.8,1.0
1.0,0.5,0.0,0.5,0.26667,0.5,0.05472,0.26667,0.66667,0.0,0.0,0.66667,1.0,0.43556,0.03111,0.98973,0.0,1.0,1.0,1.0,1.0,1.0,0.0,0.72581,1.0,0.07143,0.94424,0.70511,0.4,1.0,0.98713,1.0,1.0,0.8,1.0,1.0,0.5,0.5,0.5,1.0,1.0,0.0,0.076,1.0,0.0,0.0,1.0,1.0,1.0,0.0,0.076,0.2,0.33333,0.8,1.0,0.25,1.0,0.8,1.0
0.5,0.5,0.5,0.5,0.5,0.5,0.01903,0.2,0.63333,0.0,0.0,0.66667,0.0,0.08444,0.08444,0.97102,0.0,1.0,1.0,0.9619,0.99048,0.5,1.0,0.67342,1.0,0.14286,0.32568,0.18895,0.25,0.0,0.83767,1.0,0.5,0.8,1.0,1.0,0.5,0.5,0.5,1.0,1.0,0.5,0.5,0.5,0.0,0.0,1.0,1.0,1.0,0.5,0.5,0.2,0.13333,0.25,0.0,1.0,1.0,0.25,0.5
0.5,0.5,0.5,0.5,0.5,0.5,0.07054,0.8,0.1,0.0,0.0,0.66667,0.0,0.23111,0.0,0.88271,0.0,0.90476,0.98095,1.0,1.0,0.5,0.0,0.57225,1.0,0.07143,1.0,1.0,1.0,0.0,1.0,1.0,0.5,0.8,1.0,1.0,0.5,0.5,0.5,1.0,1.0,0.5,0.5,0.5,0.0,0.0,1.0,1.0,1.0,0.5,0.5,0.46667,0.13333,1.0,1.0,1.0,1.0,0.0,0.5
0.5,0.5,0.5,0.5,0.5,0.5,0.06667,0.53333,0.03333,0.0,0.0,0.66667,0.0,0.06667,0.0,0.5,0.5,0.5,0.5,0.5,0.5,0.5,0.5,0.0,0.0,0.57143,1.0,1.0,1.0,0.0,0.0,0.5,0.5,0.8,1.0,1.0,0.5,0.5,0.5,1.0,1.0,0.5,0.5,0.5,0.5,0.5,1.0,0.5,0.5,0.5,0.5,0.2,0.46667,0.75,1.0,1.0,1.0,0.5,0.5
0.0,1.0,0.0,1.0,0.06667,0.8,0.05074,0.26667,0.56667,0.0,0.0,0.66667,0.0,0.08444,0.07556,0.0,0.9927,1.0,1.0,0.79048,1.0,0.69524,0.0,0.86047,1.0,0.21429,0.67266,0.44265,0.0,0.0,0.98584,1.0,0.64286,0.0,0.93333,0.95717,1.0,0.5,1.0,1.0,1.0,0.5,0.5,0.5,0.0,0.0,1.0,1.0,1.0,0.99157,0.61218,1.0,0.06667,0.0,1.0,0.0,1.0,0.0,1.0
1.0,0.5,1.0,0.5,0.33333,0.5,0.05901,0.33333,0.6,0.0,0.0,0.66667,1.0,0.08,0.07556,0.0,0.99821,0.9619,0.9619,0.77143,1.0,0.9619,0.0,0.66064,1.0,0.14286,0.82582,0.50814,0.33333,0.0,0.97716,1.0,0.71429,0.33333,0.93333,0.96296,1.0,1.0,1.0,1.0,1.0,0.5,0.5,0.5,0.0,0.0,1.0,1.0,1.0,0.99157,0.61218,0.66667,0.13333,0.33333,1.0,1.0,1.0,0.0,1.0
0.0,0.0,1.0,0.0,0.33333,0.33333,0.02682,0.26667,0.93333,0.0,0.0,0.66667,0.0,0.05333,0.07111,0.98085,0.0,0.98095,0.94286,0.85714,0.81905,0.8381,0.0,0.71639,1.0,0.21429,0.42065,0.24863,0.0,0.0,0.98045,0.78571,0.78571,0.8,1.0,1.0,0.5,1.0,0.5,1.0,1.0,0.5,0.5,0.5,0.90247,0.01951,0.63333,1.0,1.0,0.99157,0.61218,0.56667,0.13333,0.25,1.0,0.0,1.0,0.0,1.0
0.0,0.5,0.0,0.5,0.26667,0.5,0.02505,0.26667,0.96667,0.0,0.0,0.66667,1.0,0.05333,0.07556,0.0,0.97362,0.89524,1.0,0.86667,1.0,0.89524,0.0,0.60508,1.0,0.07143,0.47195,0.33882,0.0,0.0,0.98745,1.0,0.92857,0.8,1.0,1.0,0.5,1.0,0.5,1.0,1.0,1.0,0.40312,0.5,0.0,0.01887,1.0,1.0,1.0,1.0,0.40312,0.2,0.2,0.66667,0.5,0.0,1.0,0.33333,1.0
0.5,0.5,0.5,0.5,0.5,0.5,0.06667,0.53333,0.03333,0.0,0.0,0.66667,0.0,0.06667,0.0,0.5,0.5,0.5,0.5,0.5,0.5,0.5,0.5,0.0,0.0,0.57143,1.0,1.0,1.0,0.0,0.0,0.5,0.5,0.8,1.0,1.0,0.5,0.5,0.5,1.0,1.0,0.5,0.5,0.5,0.5,0.5,1.0,0.5,0.5,0.5,0.5,0.2,0.46667,0.75,1.0,1.0,1.0,0.5,0.5
1.0,0.5,1.0,0.5,0.86667,0.5,0.07226,0.86667,0.06667,0.0,0.0,0.66667,1.0,0.26667,0.0,0.5,0.5,0.64762,0.69524,1.0,1.0,0.64762,1.0,0.84137,1.0,0.07143,1.0,1.0,1.0,0.0,0.92361,1.0,0.5,0.8,1.0,1.0,0.5,0.5,0.5,1.0,1.0,0.5,0.5,0.5,0.5,0.5,1.0,1.0,1.0,0.5,0.5,0.2,0.33333,0.57143,1.0,1.0,1.0,0.28571,1.0
1.0,0.5,0.0,0.5,0.86667,0.5,0.07203,0.86667,0.1,0.0,0.0,0.66667,1.0,0.32889,0.0,0.90602,0.0,0.82857,0.99048,1.0,1.0,0.82857,1.0,0.97255,1.0,0.07143,1.0,1.0,1.0,0.0,0.93939,1.0,0.85714,0.8,1.0,1.0,0.5,0.5,0.5,1.0,1.0,0.5,0.5,0.5,0.0,0.0,1.0,1.0,1.0,0.5,0.5,0.2,0.4,0.71429,0.8,1.0,1.0,0.57143,1.0
0.0,1.0,0.0,0.0,0.66667,0.8,0.07224,0.8,0.26667,0.0,0.0,0.66667,0.0,0.32889,0.0,0.97872,0.0,1.0,0.97143,1.0,1.0,0.98095,0.0,0.65748,1.0,0.0,0.99411,0.84129,0.625,0.0,0.98409,1.0,0.92857,0.8,1.0,1.0,0.5,0.5,0.5,1.0,1.0,0.5,0.5,0.5,0.0,0.0,1.0,1.0,1.0,0.5,0.5,0.2,0.4,0.625,1.0,1.0,1.0,0.875,1.0
1.0,1.0,0.0,1.0,0.66667,0.8,0.07624,0.8,0.33333,0.0,0.0,0.66667,0.0,0.34667,0.0,0.99039,0.0,1.0,0.97143,1.0,1.0,1.0,1.0,0.90777,1.0,0.07143,1.0,0.858,0.57143,0.0,0.98829,0.92857,0.92857,0.8,1.0,1.0,0.5,0.5,0.5,1.0,1.0,0.5,0.5,0.5,0.0,0.0,1.0,1.0,1.0,0.5,0.5,0.2,0.46667,0.85714,1.0,1.0,1.0,1.0,1.0
1.0,1.0,0.0,1.0,0.73333,0.73333,0.082,0.73333,0.46667,0.0,0.0,0.66667,0.0,0.34667,0.0,0.99738,0.0,1.0,0.99048,1.0,1.0,0.92381,0.0,0.61033,1.0,0.0,0.97864,0.7651,0.42857,0.0,0.9923,1.0,1.0,0.8,1.0,1.0,0.5,0.5,0.5,1.0,1.0,0.5,0.5,0.5,0.0,0.0,1.0,1.0,1.0,0.5,0.5,0.2,0.53333,1.0,1.0,1.0,1.0,1.0,1.0
0.0,1.0,0.0,0.0,0.66667,0.73333,0.04041,0.53333,0.83333,0.0,0.0,0.66667,0.0,0.26667,0.01778,0.0,0.98284,1.0,0.98095,1.0,1.0,0.90476,0.0,0.55517,1.0,0.14286,1.0,1.0,1.0,0.0,0.94232,0.28571,0.28571,0.8,1.0,1.0,0.5,0.5,0.5,1.0,1.0,0.5,0.5,0.5,0.09295,0.0,0.2,1.0,1.0,0.0,0.228,1.0,0.06667,0.0,1.0,0.0,1.0,0.0,1.0
0.5,0.5,0.5,0.5,0.5,0.5,0.07534,1.0,0.06667,0.0,0.0,0.66667,0.0,0.58222,0.0,0.5,0.5,0.0,1.0,1.0,1.0,0.5,1.0,0.58283,1.0,0.07143,1.0,1.0,1.0,0.0,0.92835,0.85714,0.5,0.8,1.0,1.0,0.5,0.5,0.5,1.0,1.0,0.5,0.5,0.5,0.5,0.5,1.0,1.0,1.0,0.5,0.5,0.2,0.73333,0.76923,0.9,1.0,1.0,0.61538,0.5
0.5,0.5,0.5,0.5,0.5,0.5,0.06814,0.73333,0.06667,0.0,0.0,0.66667,0.0,0.57333,0.0,0.5,0.5,0.0,1.0,1.0,1.0,0.5,1.0,0.86261,1.0,0.35714,1.0,0.89431,0.55556,0.0,0.87375,1.0,0.5,0.8,1.0,1.0,0.5,0.5,0.5,1.0,1.0,0.5,0.5,0.5,0.5,0.5,1.0,1.0,1.0,0.5,0.5,0.2,0.46667,0.66667,1.0,1.0,1.0,0.77778,0.5
0.5,0.5,0.5,0.5,0.5,0.5,0.10566,1.0,0.2,0.0,0.0,0.66667,0.0,0.33778,0.03556,0.99755,0.0,1.0,0.8,0.91429,0.8,0.5,0.0,0.89871,1.0,0.0,1.0,1.0,1.0,0.0,1.0,0.71429,0.5,0.8,1.0,1.0,0.5,0.5,0.5,1.0,1.0,0.5,0.5,0.5,0.0,0.0,1.0,1.0,1.0,0.5,0.5,0.2,0.4,0.83333,1.0,0.0,1.0,0.83333,0.5
1.0,0.5,0.0,0.5,1.0,0.5,0.10428,1.0,0.23333,0.0,0.0,0.66667,1.0,0.36444,0.03556,0.0,0.99123,1.0,1.0,1.0,1.0,1.0,1.0,0.96457,1.0,0.0,1.0,1.0,1.0,0.0,1.0,1.0,1.0,0.8,1.0,1.0,0.5,0.5,0.5,1.0,1.0,0.5,0.5,0.5,0.0,0.0,1.0,1.0,1.0,0.5,0.5,0.2,0.4,0.83333,0.0,0.0,1.0,0.83333,1.0
0.0,1.0,0.0,1.0,1.0,1.0,0.09121,0.8,0.36667,0.0,0.0,0.66667,0.0,0.24444,0.07111,0.0,0.9216,0.89524,0.81905,0.8,0.71429,0.79048,0.0,0.96671,1.0,0.07143,1.0,0.8638,0.83333,0.0,0.95481,0.64286,0.85714,0.63333,1.0,1.0,0.5,0.5,0.5,1.0,1.0,0.5,0.5,0.5,0.02733,0.0,0.9,1.0,1.0,0.5,0.5,0.6,0.2,0.33333,0.5,0.5,1.0,0.66667,1.0
0.0,0.0,0.0,0.0,0.53333,0.53333,0.07484,0.53333,0.46667,0.0,0.0,0.66667,0.0,0.12,0.06667,0.93303,0.0,1.0,0.98095,0.8,0.75238,0.80952,1.0,0.57707,1.0,0.07143,1.0,1.0,1.0,0.0,1.0,0.92857,0.57143,0.8,1.0,1.0,0.5,0.5,0.5,1.0,1.0,0.0,0.07917,0.85051,0.04337,0.00529,0.86667,1.0,1.0,0.0,0.07917,0.5,0.2,1.0,0.5,1.0,1.0,0.5,0.35714
1.0,0.5,1.0,0.5,0.6,0.5,0.08909,0.6,0.5,0.0,0.0,0.66667,1.0,0.09778,0.06667,0.96465,0.0,0.98095,0.94286,0.79048,1.0,0.98095,1.0,0.6382,1.0,0.07143,1.0,1.0,1.0,0.0,0.99415,1.0,0.85714,0.8,1.0,1.0,0.5,0.5,0.5,1.0,1.0,0.0,0.09289,0.85051,0.02363,0.00834,0.93333,1.0,1.0,0.0,0.09289,0.26667,0.2,1.0,0.5,0.5,1.0,0.5,0.42857
0.0,0.0,0.0,0.0,0.46667,0.4,0.01603,0.2,1.0,0.0,0.0,0.66667,0.0,0.06222,0.07556,0.99678,0.0,1.0,0.92381,0.87619,0.73333,0.92381,0.0,0.59998,1.0,0.28571,0.34456,0.15797,0.33333,0.0,0.76888,0.14286,0.64286,0.8,1.0,1.0,0.5,0.5,0.5,1.0,1.0,0.0,0.0475,0.69366,0.02111,0.10705,0.6,1.0,1.0,0.0,0.22054,0.6,0.2,0.66667,1.0,0.0,1.0,0.0,1.0
0.5,0.5,0.5,0.5,0.5,0.5,0.54012,1.0,0.46667,0.0,0.5,0.0,0.0,0.16,0.08,0.99221,0.0,1.0,1.0,1.0,1.0,0.5,1.0,0.96438,1.0,0.0,1.0,1.0,1.0,0.0,1.0,1.0,0.5,0.8,1.0,1.0,0.5,0.5,0.5,1.0,1.0,0.5,0.5,0.5,0.0,0.0,1.0,1.0,1.0,1.0,1.0,1.0,0.2,1.0,1.0,0.0,1.0,1.0,0.5
0.5,0.5,0.5,0.5,0.5,0.5,0.21057,0.4,0.1,0.0,0.5,0.0,0.0,0.2,0.04,0.72343,0.0,0.9,1.0,1.0,1.0,0.5,1.0,0.99578,1.0,0.25,0.7704,0.62655,0.0,0.0,1.0,0.75,0.5,0.8,1.0,1.0,0.5,0.5,0.5,1.0,1.0,0.5,0.5,0.5,0.0,0.0,1.0,1.0,1.0,1.0,1.0,0.2,0.4,1.0,1.0,1.0,1.0,0.0,0.5
0.5,0.5,0.5,0.5,0.5,0.5,0.2155,0.6,0.03333,0.0,0.5,0.0,0.0,0.2,0.0,0.5,0.5,0.5,0.5,0.5,0.5,0.5,0.5,0.0,0.0,0.5,0.94737,0.87692,0.0,0.0,0.0,0.5,0.5,0.8,1.0,1.0,0.5,0.5,0.5,1.0,1.0,0.5,0.5,0.5,0.5,0.5,1.0,0.5,0.5,0.5,0.5,0.2,0.6,1.0,1.0,1.0,1.0,0.5,0.5
0.0,1.0,0.0,1.0,0.4,0.8,0.28265,1.0,0.36667,0.0,0.5,0.0,0.0,0.6,0.04,0.69419,0.0,1.0,1.0,1.0,1.0,0.6,1.0,0.94834,1.0,0.25,1.0,1.0,1.0,0.0,1.0,0.75,0.75,0.8,1.0,1.0,0.5,0.5,0.5,1.0,1.0,0.5,0.5,0.5,0.0,0.0,1.0,1.0,1.0,1.0,0.93262,0.5,0.4,1.0,1.0,1.0,1.0,0.0,1.0
0.0,0.0,0.0,0.0,0.8,0.8,0.15209,0.4,0.6,0.0,0.5,0.0,0.0,0.2,0.04,0.97841,0.0,0.9,0.9,1.0,1.0,0.7,1.0,0.77593,1.0,0.25,0.85225,0.74255,0.0,0.0,1.0,1.0,0.5,0.8,1.0,1.0,0.5,0.5,0.5,1.0,1.0,0.5,0.5,0.5,0.0,0.0,1.0,1.0,1.0,1.0,0.71072,0.2,0.4,1.0,1.0,1.0,1.0,0.0,0.75
0.5,0.5,0.5,0.5,0.5,0.5,0.20996,0.6,0.26667,0.0,0.5,0.0,0.0,0.4,0.04,0.87925,0.0,1.0,1.0,0.7,1.0,0.5,1.0,0.76852,1.0,0.25,1.0,1.0,1.0,0.0,1.0,0.75,0.5,0.8,1.0,1.0,0.5,0.5,0.5,1.0,1.0,0.5,0.5,0.5,0.0,0.0,1.0,1.0,1.0,0.5,0.5,0.5,0.4,1.0,1.0,1.0,1.0,1.0,0.5
0.5,0.5,0.5,0.5,0.5,0.5,0.45763,0.8,0.03333,0.0,0.5,0.0,0.0,0.2,0.0,0.5,0.5,0.5,0.5,0.5,0.5,0.5,0.5,0.0,0.0,0.75,1.0,0.9854,0.66667,0.0,0.0,0.5,0.5,0.8,1.0,1.0,0.5,0.5,0.5,1.0,1.0,0.5,0.5,0.5,0.5,0.5,1.0,0.5,0.5,0.5,0.5,0.7,0.4,0.33333,1.0,1.0,1.0,0.5,0.5
0.5,0.5,0.5,0.5,0.5,0.5,0.54402,1.0,0.96667,0.0,0.5,0.0,0.0,0.24,0.12,0.0,0.99193,0.6,1.0,0.6,1.0,0.5,1.0,0.97839,1.0,0.0,1.0,1.0,1.0,0.0,1.0,1.0,0.5,0.8,1.0,1.0,0.5,0.5,0.5,1.0,1.0,0.5,0.5,0.5,0.0,0.0,1.0,1.0,1.0,1.0,0.63664,1.0,0.2,1.0,1.0,0.0,1.0,1.0,0.5
0.0,0.5,0.0,0.5,1.0,0.5,0.53596,1.0,1.0,0.0,0.5,0.0,1.0,0.16,0.12,0.0,0.99593,1.0,1.0,0.6,1.0,1.0,0.0,0.94958,1.0,0.0,1.0,1.0,1.0,0.0,1.0,1.0,1.0,0.8,1.0,1.0,0.5,0.5,0.5,1.0,1.0,0.5,0.5,0.5,0.0,0.0,1.0,1.0,1.0,1.0,0.63664,1.0,0.2,1.0,1.0,0.0,1.0,1.0,1.0
0.5,0.5,0.5,0.5,0.5,0.5,0.20437,0.8,0.06667,0.0,0.5,0.0,0.0,0.68,0.0,0.5,0.5,0.0,1.0,1.0,1.0,0.5,1.0,0.95905,1.0,0.5,1.0,1.0,1.0,1.0,0.91624,1.0,0.5,0.8,1.0,1.0,0.5,0.5,0.5,1.0,1.0,0.5,0.5,0.5,0.5,0.5,1.0,1.0,1.0,0.5,0.5,0.2,0.6,1.0,1.0,1.0,1.0,1.0,0.5
1.0,1.0,0.0,1.0,0.6,0.8,0.17473,0.4,0.2,0.0,0.5,0.0,0.0,0.72,0.0,0.93933,0.0,1.0,1.0,1.0,1.0,0.4,0.0,0.33625,0.61137,0.0,1.0,1.0,1.0,0.0,1.0,1.0,0.75,0.8,1.0,1.0,0.5,0.5,0.5,1.0,1.0,0.5,0.5,0.5,0.0,0.0,1.0,1.0,1.0,0.5,0.5,0.5,0.4,1.0,1.0,1.0,1.0,1.0,1.0
1.0,0.5,1.0,0.5,0.4,0.5,0.17534,0.4,0.23333,0.0,0.5,0.0,1.0,0.64,0.0,0.88735,0.0,1.0,1.0,1.0,1.0,1.0,0.0,0.31578,0.57414,0.0,1.0,1.0,1.0,0.0,1.0,1.0,1.0,0.8,1.0,1.0,0.5,0.5,0.5,1.0,1.0,0.5,0.5,0.5,0.0,0.0,1.0,1.0,1.0,0.5,0.5,0.5,0.4,1.0,1.0,1.0,1.0,1.0,0.75
1.0,0.5,1.0,0.5,0.4,0.5,0.17688,0.4,0.26667,0.0,0.5,0.0,1.0,0.6,0.0,0.88762,0.0,1.0,1.0,1.0,1.0,1.0,0.0,0.30252,0.55003,0.0,1.0,1.0,1.0,0.0,1.0,1.0,1.0,0.8,1.0,1.0,0.5,0.5,0.5,1.0,1.0,0.5,0.5,0.5,0.0,0.0,1.0,1.0,1.0,0.5,0.5,0.6,0.4,1.0,1.0,1.0,1.0,1.0,0.75
1.0,0.5,1.0,0.5,0.4,0.5,0.18323,0.4,0.3,0.0,0.5,0.0,1.0,0.6,0.0,0.90474,0.0,1.0,1.0,1.0,1.0,1.0,0.0,0.29045,0.52808,0.0,1.0,1.0,1.0,0.0,1.0,1.0,1.0,0.8,1.0,1.0,0.5,0.5,0.5,1.0,1.0,0.5,0.5,0.5,0.0,0.0,1.0,1.0,1.0,0.5,0.5,0.6,0.4,1.0,1.0,1.0,1.0,1.0,0.75
1.0,0.5,1.0,0.5,0.4,0.5,0.18492,0.4,0.33333,0.0,0.5,0.0,1.0,0.48,0.0,0.92789,0.0,1.0,1.0,1.0,1.0,1.0,0.0,0.27826,0.50593,0.0,1.0,1.0,1.0,0.0,1.0,1.0,1.0,0.8,1.0,1.0,0.5,0.5,0.5,1.0,1.0,0.5,0.5,0.5,0.0,0.0,1.0,1.0,1.0,0.5,0.5,0.7,0.4,1.0,1.0,1.0,1.0,1.0,0.75
1.0,0.5,1.0,0.5,0.4,0.5,0.18832,0.4,0.36667,0.0,0.5,0.0,1.0,0.48,0.0,0.94964,0.0,1.0,1.0,1.0,1.0,1.0,0.0,0.26377,0.47958,0.0,1.0,1.0,1.0,0.0,1.0,1.0,1.0,0.8,1.0,1.0,0.5,0.5,0.5,1.0,1.0,0.5,0.5,0.5,0.0,0.0,1.0,1.0,1.0,0.5,0.5,0.7,0.4,1.0,1.0,1.0,1.0,1.0,0.75
1.0,0.5,0.0,0.5,0.4,0.5,0.18779,0.4,0.4,0.0,0.5,0.0,1.0,0.44,0.0,0.96907,0.0,1.0,1.0,1.0,1.0,1.0,0.0,0.24823,0.45133,0.0,1.0,1.0,1.0,0.0,1.0,1.0,1.0,0.8,1.0,1.0,0.5,0.5,0.5,1.0,1.0,0.5,0.5,0.5,0.0,0.0,1.0,1.0,1.0,0.5,0.5,0.7,0.4,1.0,1.0,1.0,1.0,1.0,0.75
1.0,0.5,0.0,0.5,0.4,0.5,0.18562,0.4,0.43333,0.0,0.5,0.0,1.0,0.4,0.0,0.98242,0.0,1.0,1.0,1.0,1.0,1.0,0.0,0.23258,0.42287,0.0,1.0,1.0,1.0,0.0,1.0,1.0,1.0,0.8,1.0,1.0,0.5,0.5,0.5,1.0,1.0,0.5,0.5,0.5,0.0,0.0,1.0,1.0,1.0,0.5,0.5,0.7,0.4,1.0,1.0,1.0,1.0,1.0,0.75
1.0,1.0,0.0,1.0,0.4,0.4,0.20409,0.6,0.53333,0.0,0.5,0.0,0.0,0.44,0.04,0.72919,0.0,1.0,1.0,1.0,1.0,1.0,1.0,0.98865,1.0,0.25,1.0,0.72529,0.5,1.0,0.85254,0.75,0.75,0.8,1.0,1.0,0.5,0.5,0.5,1.0,1.0,0.5,0.5,0.5,0.0,0.0,1.0,1.0,1.0,1.0,1.0,0.8,0.4,0.5,1.0,1.0,1.0,0.0,0.75
0.0,0.0,0.0,0.0,0.4,0.2,0.02651,0.2,0.63333,0.0,0.5,0.0,0.0,0.48,0.12,0.98326,0.0,1.0,1.0,1.0,1.0,1.0,0.0,0.00232,0.00422,0.25,1.0,1.0,1.0,0.0,1.0,0.5,0.5,0.0,1.0,1.0,0.5,0.45613,0.5,1.0,1.0,0.5,0.5,0.5,0.0,0.0,1.0,1.0,1.0,1.0,1.0,1.0,0.2,1.0,1.0,0.0,1.0,1.0,0.75
0.0,0.5,0.0,0.5,0.2,0.5,0.01172,0.2,0.66667,0.0,0.5,0.0,1.0,0.52,0.12,0.0,0.96772,1.0,1.0,1.0,1.0,1.0,0.0,0.00045,0.00083,0.25,1.0,1.0,1.0,0.0,1.0,1.0,1.0,0.0,1.0,1.0,0.5,0.45613,0.5,1.0,1.0,0.5,0.5,0.5,0.0,0.0,1.0,1.0,1.0,1.0,1.0,1.0,0.2,1.0,1.0,0.0,1.0,1.0,1.0
0.5,0.5,0.5,0.5,0.5,0.5,0.11728,0.2,0.26667,0.0,0.5,0.0,0.0,0.32,0.0,0.99491,0.0,1.0,0.9,1.0,1.0,0.5,0.0,0.69753,1.0,0.25,0.85059,0.74002,0.0,0.0,0.5,0.75,0.5,0.8,1.0,1.0,0.5,0.5,0.5,1.0,1.0,0.5,0.5,0.5,0.0,0.0,1.0,1.0,1.0,0.5,0.5,1.0,0.2,0.0,1.0,1.0,1.0,0.0,0.5
0.5,0.5,0.5,0.5,0.5,0.5,0.05492,0.4,0.1,0.0,0.5,0.0,0.0,0.24,0.0,0.93394,0.0,0.7,0.7,1.0,1.0,0.5,1.0,0.86684,1.0,0.25,0.47354,0.16957,0.33333,0.0,0.86013,1.0,0.5,0.8,1.0,1.0,0.5,0.5,0.5,1.0,1.0,0.5,0.5,0.5,0.0,0.0,1.0,1.0,1.0,0.5,0.5,0.2,0.6,0.66667,1.0,1.0,1.0,0.0,0.5
1.0,1.0,1.0,1.0,0.4,0.4,0.16214,0.4,0.53333,0.0,0.5,0.0,0.0,0.4,0.0,0.0,0.99661,1.0,1.0,1.0,1.0,0.7,0.0,0.72494,1.0,0.25,0.77262,0.55137,0.0,0.0,0.98658,1.0,0.75,0.8,1.0,1.0,0.5,0.5,0.5,1.0,1.0,0.5,0.5,0.5,0.0,0.0,1.0,1.0,1.0,0.5,0.5,0.2,0.6,1.0,1.0,1.0,1.0,0.0,1.0
0.5,0.5,0.5,0.5,0.5,0.5,0.1075,0.6,0.46667,0.0,0.5,0.0,0.0,0.24,0.04,0.99168,0.0,1.0,1.0,1.0,1.0,0.5,1.0,0.76797,1.0,0.25,0.63157,0.28705,0.5,0.0,0.90592,1.0,0.5,0.8,1.0,1.0,0.5,0.5,0.5,1.0,1.0,0.5,0.5,0.5,0.0,0.0,1.0,1.0,1.0,0.5,0.5,0.8,0.4,0.5,1.0,1.0,1.0,0.0,0.5
0.5,0.5,0.5,0.5,0.5,0.5,0.37689,1.0,0.03333,0.0,0.5,0.0,0.0,0.2,0.0,0.5,0.5,0.5,0.5,0.5,0.5,0.5,0.5,0.0,0.0,0.5,1.0,1.0,1.0,0.0,0.0,0.5,0.5,0.8,1.0,1.0,0.5,0.5,0.5,1.0,1.0,0.5,0.5,0.5,0.5,0.5,1.0,0.5,0.5,0.5,0.5,0.4,0.4,0.5,1.0,1.0,1.0,0.5,0.5
0.0,1.0,0.0,0.0,0.8,0.8,0.42529,1.0,0.13333,0.0,0.5,0.0,0.0,0.32,0.04,0.89417,0.0,1.0,1.0,1.0,1.0,0.6,1.0,0.81821,1.0,0.5,1.0,1.0,1.0,0.0,1.0,0.75,0.5,0.8,1.0,1.0,0.5,0.5,0.5,1.0,1.0,0.5,0.5,0.5,0.0,0.0,1.0,1.0,1.0,0.5,0.5,1.0,0.2,1.0,1.0,1.0,1.0,1.0,1.0
1.0,0.5,1.0,0.5,1.0,0.5,0.45955,1.0,0.16667,0.0,0.5,0.0,1.0,0.32,0.04,0.93703,0.0,1.0,1.0,1.0,1.0,1.0,1.0,0.86732,1.0,0.5,1.0,1.0,1.0,0.0,1.0,1.0,1.0,0.8,1.0,1.0,0.5,0.5,0.5,1.0,1.0,0.5,0.5,0.5,0.0,0.0,1.0,1.0,1.0,0.5,0.5,1.0,0.2,1.0,1.0,1.0,1.0,1.0,1.0
0.0,0.0,0.0,0.0,1.0,1.0,0.41117,1.0,0.33333,0.0,0.5,0.0,0.0,0.32,0.08,0.0,0.99971,1.0,1.0,0.8,1.0,1.0,0.0,0.79557,1.0,0.5,1.0,1.0,1.0,0.0,1.0,0.75,1.0,0.8,1.0,1.0,0.5,0.5,0.5,1.0,1.0,0.5,0.5,0.5,0.3153,0.00105,0.6,1.0,1.0,0.5,0.5,1.0,0.2,1.0,1.0,1.0,1.0,1.0,1.0
0.5,0.5,0.5,0.5,0.5,0.5,0.2,0.8,0.03333,0.0,0.5,0.0,0.0,0.2,0.0,0.5,0.5,0.5,0.5,0.5,0.5,0.5,0.5,0.0,0.0,0.75,0.95238,0.67114,0.66667,0.0,0.0,0.5,0.5,0.8,1.0,1.0,0.5,0.5,0.5,1.0,1.0,0.5,0.5,0.5,0.5,0.5,1.0,0.5,0.5,0.5,0.5,0.2,0.8,1.0,1.0,1.0,1.0,0.5,0.5
0.5,0.5,0.5,0.5,0.5,0.5,0.06068,0.2,0.26667,0.0,0.5,0.0,0.0,0.56,0.0,0.93071,0.0,1.0,1.0,1.0,1.0,0.5,0.0,0.54334,0.9879,0.0,0.44905,0.28325,0.0,0.0,0.95319,0.75,0.5,0.8,1.0,1.0,0.5,0.5,0.5,1.0,1.0,0.5,0.5,0.5,0.0,0.0,1.0,1.0,1.0,0.5,0.5,0.2,0.6,1.0,1.0,1.0,1.0,0.0,0.5
0.0,1.0,0.0,1.0,0.2,0.2,0.06322,0.2,0.43333,0.0,0.5,0.0,0.0,0.64,0.0,0.97578,0.0,1.0,1.0,1.0,1.0,1.0,0.0,0.59831,1.0,0.0,0.44578,0.28849,0.0,1.0,0.9856,1.0,1.0,0.8,1.0,1.0,0.5,0.5,0.5,1.0,1.0,0.5,0.5,0.5,0.0,0.0,1.0,1.0,1.0,0.5,0.5,0.2,0.6,1.0,1.0,1.0,1.0,0.0,1.0
0.5,0.5,0.5,0.5,0.5,0.5,0.1277,0.4,0.03333,0.0,0.5,0.0,0.0,0.2,0.0,0.5,0.5,0.5,0.5,0.5,0.5,0.5,0.5,0.0,0.0,0.75,0.75936,0.47333,0.33333,0.0,0.0,0.5,0.5,0.8,1.0,1.0,0.5,0.5,0.5,1.0,1.0,0.5,0.5,0.5,0.5,0.5,1.0,0.5,0.5,0.5,0.5,0.2,0.8,1.0,1.0,1.0,1.0,0.5,0.5
0.0,1.0,0.0,1.0,0.2,0.4,0.15014,0.4,0.0,0.75,0.5,0.0,0.0,0.64,0.0,1.0,0.0,1.0,1.0,1.0,1.0,0.0,0.0,0.63263,1.0,0.25,0.67331,0.50643,0.0,0.0,0.99634,1.0,1.0,0.8,1.0,1.0,0.5,0.5,0.5,1.0,1.0,0.5,0.5,0.5,0.0,0.00471,1.0,1.0,1.0,0.5,0.5,0.2,0.6,0.66667,1.0,1.0,1.0,0.0,1.0
0.5,0.5,0.5,0.5,0.5,0.5,0.13798,0.4,0.03333,0.0,0.5,0.0,0.0,0.2,0.0,0.5,0.5,0.5,0.5,0.5,0.5,0.5,0.5,0.0,0.0,0.5,0.56809,0.44949,0.0,0.0,0.0,0.5,0.5,0.8,1.0,1.0,0.5,0.5,0.5,1.0,1.0,0.5,0.5,0.5,0.5,0.5,1.0,0.5,0.5,0.5,0.5,0.2,0.6,1.0,1.0,1.0,1.0,0.5,0.5
0.5,0.5,0.5,0.5,0.5,0.5,0.64799,1.0,0.56667,0.0,0.5,0.0,0.0,0.12,0.12,0.0,0.99553,1.0,1.0,1.0,1.0,0.5,1.0,0.67542,1.0,0.0,1.0,1.0,1.0,0.0,1.0,1.0,0.5,0.8,1.0,1.0,0.5,0.5,0.5,1.0,1.0,0.5,0.5,0.5,0.0,0.0,1.0,1.0,1.0,1.0,0.52351,1.0,0.2,1.0,1.0,0.0,1.0,1.0,0.5
0.0,0.5,0.0,0.5,1.0,0.5,0.64703,1.0,0.6,0.0,0.5,0.0,1.0,0.12,0.12,0.0,0.99406,1.0,1.0,1.0,1.0,1.0,1.0,0.6783,1.0,0.0,1.0,1.0,1.0,0.0,1.0,1.0,1.0,0.8,1.0,1.0,0.5,0.5,0.5,1.0,1.0,0.5,0.5,0.5,0.04634,0.0,0.9,1.0,1.0,1.0,0.52351,1.0,0.2,1.0,1.0,0.0,1.0,1.0,0.75
0.0,0.5,1.0,0.5,1.0,0.5,0.65813,1.0,0.63333,0.0,0.5,0.0,1.0,0.12,0.12,0.0,0.99305,1.0,1.0,1.0,1.0,1.0,0.0,0.64545,1.0,0.0,1.0,1.0,1.0,0.0,1.0,1.0,1.0,0.8,1.0,1.0,0.5,0.5,0.5,1.0,1.0,1.0,0.09754,0.5,0.0,0.00456,1.0,1.0,1.0,1.0,0.09754,1.0,0.2,1.0,1.0,0.0,1.0,1.0,0.75
0.5,0.5,0.5,0.5,0.5,0.5,0.0581,0.3,0.3,0.0,1.0,0.0,0.0,0.51,0.0,0.94584,0.0,1.0,1.0,1.0,1.0,0.5,1.0,0.83282,1.0,0.0,0.57876,0.39734,0.25,0.0,0.96007,0.88889,0.5,0.8,1.0,1.0,0.5,0.5,0.5,1.0,1.0,0.5,0.5,0.5,0.13309,0.14762,0.6,1.0,1.0,0.5,0.5,0.6,0.5,1.0,1.0,1.0,1.0,0.0,0.5
1.0,1.0,1.0,0.0,0.3,0.3,0.05488,0.3,0.36667,0.0,1.0,0.0,0.0,0.5,0.01,0.83054,0.0,1.0,1.0,1.0,1.0,1.0,1.0,0.99931,1.0,0.11111,0.59827,0.37896,0.2,0.0,0.96364,1.0,0.88889,0.8,1.0,1.0,0.5,0.5,0.5,1.0,1.0,0.63618,0.50567,1.0,0.11085,0.04707,0.6,1.0,1.0,0.63618,0.50567,0.6,0.5,0.8,0.75,1.0,1.0,0.8,1.0
0.5,0.5,0.5,0.5,0.5,0.5,0.11351,0.7,0.06667,0.0,1.0,0.0,0.0,0.54,0.0,0.5,0.5,0.46667,0.53333,1.0,1.0,0.5,1.0,0.95175,1.0,0.11111,1.0,0.95572,0.8,0.0,0.72434,0.77778,0.5,0.8,1.0,1.0,0.5,0.5,0.5,1.0,1.0,0.5,0.5,0.5,0.5,0.5,1.0,1.0,1.0,0.5,0.5,0.3,0.4,0.6,0.33333,1.0,1.0,1.0,0.5
0.0,1.0,0.0,0.0,0.5,0.5,0.10556,0.5,0.3,0.0,1.0,0.0,0.0,0.35,0.0,0.91944,0.0,1.0,1.0,1.0,1.0,0.53333,0.0,0.6991,1.0,0.22222,1.0,1.0,1.0,0.0,0.93848,1.0,0.77778,0.8,1.0,1.0,0.5,0.5,0.5,1.0,1.0,0.5,0.5,0.5,0.0,0.0,1.0,1.0,1.0,0.5,0.5,0.2,0.3,0.66667,0.5,1.0,1.0,0.66667,0.55556
1.0,1.0,0.0,1.0,0.5,0.5,0.09605,0.5,0.43333,0.0,1.0,0.0,0.0,0.28,0.0,0.98744,0.0,1.0,1.0,1.0,1.0,1.0,0.0,0.68608,1.0,0.22222,1.0,1.0,1.0,0.0,0.93615,0.77778,1.0,0.8,1.0,1.0,0.5,0.5,0.5,1.0,1.0,0.5,0.5,0.5,0.0,0.0,1.0,1.0,1.0,0.5,0.5,0.2,0.3,0.66667,0.5,1.0,1.0,0.66667,1.0
0.0,1.0,0.0,1.0,0.4,0.5,0.09639,0.5,0.5,0.0,1.0,0.0,0.0,0.28,0.0,0.99271,0.0,1.0,1.0,1.0,1.0,1.0,0.0,0.68564,1.0,0.22222,1.0,1.0,1.0,1.0,0.93611,1.0,1.0,0.8,1.0,1.0,0.5,0.5,0.5,1.0,1.0,0.5,0.5,0.5,0.0,0.00061,1.0,1.0,1.0,0.5,0.5,0.2,0.3,0.66667,1.0,1.0,1.0,0.0,1.0
0.0,1.0,0.0,0.0,0.5,0.5,0.09166,0.5,0.56667,0.0,1.0,0.0,0.0,0.29,0.0,0.97261,0.0,1.0,1.0,1.0,1.0,0.8,0.0,0.98682,1.0,0.44444,0.9816,0.62618,0.6,0.0,0.98785,1.0,0.77778,0.8,1.0,1.0,0.5,0.5,0.5,1.0,1.0,0.5,0.5,0.5,0.0,0.00057,1.0,1.0,1.0,0.5,0.5,0.2,0.3,0.4,1.0,1.0,1.0,0.0,1.0
0.0,1.0,0.0,0.0,0.4,0.5,0.08496,0.5,0.63333,0.0,1.0,0.0,0.0,0.28,0.0,0.97525,0.0,1.0,1.0,1.0,1.0,1.0,0.0,0.98346,1.0,0.44444,0.9054,0.54594,0.6,0.0,0.98971,1.0,1.0,0.8,1.0,1.0,0.5,0.5,0.5,1.0,1.0,0.5,0.5,0.5,0.96231,0.00115,0.95,1.0,1.0,0.5,0.5,0.25,0.3,0.4,1.0,1.0,1.0,0.0,1.0
0.5,0.5,0.5,0.5,0.5,0.5,0.1026,0.6,0.03333,0.0,1.0,0.0,0.0,0.1,0.0,0.5,0.5,0.5,0.5,0.5,0.5,0.5,0.5,0.0,0.0,0.55556,1.0,0.60584,0.6,0.0,0.0,0.5,0.5,0.8,1.0,1.0,0.5,0.5,0.5,1.0,1.0,0.5,0.5,0.5,0.5,0.5,1.0,0.5,0.5,0.5,0.5,0.45,0.6,1.0,1.0,1.0,1.0,0.5,0.5
1.0,1.0,1.0,1.0,0.6,0.6,0.10282,0.7,0.23333,0.0,1.0,0.0,0.0,0.32,0.06,0.85336,0.0,1.0,1.0,1.0,1.0,0.6,0.0,0.68472,1.0,0.22222,1.0,1.0,1.0,0.0,0.66667,0.88889,0.66667,0.6,1.0,1.0,0.5,0.5,0.5,1.0,1.0,0.5,0.5,0.5,0.0,0.0,1.0,1.0,1.0,0.5,0.5,0.4,0.2,0.5,1.0,0.0,1.0,0.5,0.77778
0.5,0.5,0.5,0.5,0.5,0.5,0.14301,0.6,0.4,0.0,1.0,0.0,0.0,0.15,0.07,0.98771,0.0,0.57778,0.57778,0.71111,0.68889,0.5,1.0,0.92146,1.0,0.44444,1.0,0.82801,0.33333,0.0,0.95441,0.77778,0.5,0.8,1.0,1.0,0.5,0.5,0.5,1.0,1.0,0.5,0.5,0.5,0.3091,0.09415,0.85,1.0,1.0,1.0,0.23318,0.4,0.2,0.33333,1.0,1.0,1.0,0.0,0.5
0.0,0.5,0.0,0.5,0.6,0.5,0.12648,0.6,0.43333,0.0,1.0,0.0,1.0,0.11,0.07,0.0,0.94173,0.82222,1.0,0.66667,1.0,0.82222,0.0,0.91438,1.0,0.44444,1.0,0.72828,0.33333,0.0,0.95042,1.0,0.77778,0.8,1.0,1.0,0.5,0.5,0.5,1.0,1.0,1.0,0.14614,0.5,0.96851,0.00198,0.75,1.0,1.0,1.0,0.14614,0.45,0.2,0.33333,0.0,0.0,1.0,0.0,0.33333
0.5,0.5,0.5,0.5,0.5,0.5,0.15344,0.8,0.03333,0.0,1.0,0.0,0.0,0.1,0.0,0.5,0.5,0.5,0.5,0.5,0.5,0.5,0.5,0.0,0.0,0.44444,1.0,0.98,0.75,0.0,0.0,0.5,0.5,0.8,1.0,1.0,0.5,0.5,0.5,1.0,1.0,0.5,0.5,0.5,0.5,0.5,1.0,0.5,0.5,0.5,0.5,0.2,0.5,1.0,1.0,1.0,1.0,0.5,0.5
0.5,0.5,0.5,0.5,0.5,0.5,0.05752,0.5,0.76667,0.0,1.0,0.0,0.0,0.18,0.04,0.0,0.97847,1.0,1.0,0.8,1.0,0.5,0.0,0.75033,1.0,0.11111,0.47903,0.30533,0.0,0.0,0.60697,0.77778,0.5,0.8,1.0,1.0,0.5,0.5,0.5,1.0,1.0,0.5,0.5,0.5,0.0,0.0,1.0,1.0,1.0,1.0,0.24032,1.0,0.1,0.0,1.0,0.0,1.0,0.0,0.5
0.5,0.5,0.5,0.5,0.5,0.5,0.16176,0.8,0.03333,0.0,1.0,0.0,0.0,0.1,0.0,0.5,0.5,0.5,0.5,0.5,0.5,0.5,0.5,0.0,0.0,0.44444,1.0,0.75862,0.75,0.0,0.0,0.5,0.5,0.8,1.0,1.0,0.5,0.5,0.5,1.0,1.0,0.5,0.5,0.5,0.5,0.5,1.0,0.5,0.5,0.5,0.5,0.3,0.5,1.0,1.0,1.0,1.0,0.5,0.5
1.0,0.5,1.0,0.5,0.9,0.5,0.1643,0.9,0.06667,0.0,1.0,0.0,1.0,0.38,0.0,0.5,0.5,0.0,1.0,1.0,1.0,0.0,1.0,0.9343,1.0,0.66667,1.0,0.72261,0.66667,0.0,0.77447,1.0,0.66667,0.8,1.0,1.0,0.5,0.5,0.5,1.0,1.0,0.5,0.5,0.5,0.5,0.5,1.0,1.0,1.0,0.5,0.5,0.2,0.2,0.33333,1.0,1.0,1.0,0.66667,0.66667
0.5,0.5,0.5,0.5,0.5,0.5,0.11027,0.6,0.86667,0.0,1.0,0.0,0.0,0.27,0.06,0.96776,0.0,1.0,1.0,1.0,1.0,0.5,1.0,0.93971,1.0,0.0,0.82732,0.59846,0.33333,0.0,1.0,1.0,0.5,0.8,1.0,1.0,0.5,0.5,0.5,1.0,1.0,0.5,0.5,0.5,0.0,0.10101,1.0,1.0,1.0,0.96878,1.0,0.2,0.3,0.66667,1.0,1.0,1.0,0.0,0.5
0.5,0.5,0.5,0.5,0.5,0.5,0.12416,0.6,0.03333,0.0,1.0,0.0,0.0,0.1,0.0,0.5,0.5,0.5,0.5,0.5,0.5,0.5,0.5,0.0,0.0,0.55556,1.0,0.84571,0.4,0.0,0.0,0.5,0.5,0.8,1.0,1.0,0.5,0.5,0.5,1.0,1.0,0.5,0.5,0.5,0.5,0.5,1.0,0.5,0.5,0.5,0.5,0.35,0.5,0.8,1.0,1.0,1.0,0.5,0.5
0.5,0.5,0.5,0.5,0.5,0.5,0.05102,0.4,0.56667,0.0,1.0,0.0,0.0,0.45,0.02,0.90337,0.0,1.0,1.0,1.0,1.0,0.5,1.0,0.5784,1.0,0.11111,1.0,0.95611,0.66667,0.0,0.81224,0.88889,0.5,0.55,1.0,1.0,0.5,0.5,0.5,1.0,1.0,0.5,0.5,0.5,0.0,0.0,1.0,1.0,1.0,1.0,1.0,0.45,0.3,0.66667,1.0,1.0,1.0,0.0,0.5
0.0,0.0,0.0,0.0,0.4,0.4,0.00056,0.4,1.0,0.0,1.0,0.0,0.0,0.28,0.05,0.0,0.9837,0.68889,1.0,0.64444,1.0,0.77778,0.0,0.0001,0.00018,0.11111,1.0,1.0,1.0,0.0,1.0,0.77778,0.77778,0.0,0.9,0.9035,0.11216,0.5,0.07477,1.0,1.0,0.5,0.5,0.5,0.0,0.0,1.0,1.0,1.0,1.0,0.04059,1.0,0.1,0.0,1.0,0.0,1.0,0.0,1.0
0.5,0.5,0.5,0.5,0.5,0.5,0.05194,0.1,0.4,0.0,1.0,0.0,0.0,0.31,0.0,0.96418,0.0,1.0,1.0,1.0,1.0,0.5,0.0,0.98455,1.0,0.22222,0.46261,0.31592,0.0,0.0,0.95225,1.0,0.5,0.8,1.0,1.0,0.5,0.5,0.5,1.0,1.0,0.5,0.5,0.5,0.0,0.0,1.0,1.0,1.0,0.5,0.5,0.2,0.3,0.5,0.0,1.0,1.0,0.0,0.5
0.5,0.5,0.5,0.5,0.5,0.5,0.05941,0.2,0.13333,0.0,1.0,0.0,0.0,0.21,0.01,0.7166,0.0,0.68889,1.0,0.86667,1.0,0.5,0.0,0.91635,1.0,0.66667,0.65693,0.45041,0.0,0.0,0.88798,1.0,0.5,0.8,1.0,1.0,0.5,0.5,0.5,1.0,1.0,0.5,0.5,0.5,0.0,0.00797,1.0,1.0,1.0,0.5,0.5,0.2,0.4,0.5,1.0,0.66667,1.0,0.0,0.5
0.5,0.5,0.5,0.5,0.5,0.5,0.18206,1.0,0.06667,0.0,1.0,0.0,0.0,0.53,0.0,0.5,0.5,0.0,1.0,1.0,1.0,0.5,1.0,0.961,1.0,0.66667,1.0,1.0,1.0,0.0,0.88902,0.88889,0.5,0.8,1.0,1.0,0.5,0.5,0.5,1.0,1.0,0.5,0.5,0.5,0.5,0.5,1.0,1.0,1.0,0.5,0.5,0.2,0.4,1.0,0.66667,1.0,1.0,1.0,0.5
1.0,0.5,0.0,0.5,1.0,0.5,0.18045,1.0,0.1,0.0,1.0,0.0,1.0,0.68,0.0,0.0,1.0,1.0,1.0,1.0,1.0,1.0,0.0,0.93476,1.0,0.66667,1.0,1.0,1.0,0.0,0.9611,1.0,1.0,0.8,1.0,1.0,0.5,0.5,0.5,1.0,1.0,0.5,0.5,0.5,0.17766,0.0,0.6,1.0,1.0,0.5,0.5,0.6,0.4,1.0,1.0,1.0,1.0,1.0,1.0
1.0,1.0,1.0,1.0,1.0,1.0,0.23254,1.0,0.3,0.0,1.0,0.0,0.0,0.33,0.01,0.92393,0.0,1.0,1.0,1.0,1.0,0.46667,0.0,0.96617,1.0,0.11111,1.0,1.0,1.0,1.0,1.0,1.0,0.88889,0.8,1.0,1.0,0.5,0.5,0.5,1.0,1.0,1.0,0.53071,1.0,0.13428,0.0,0.7,1.0,1.0,0.68511,0.53373,0.5,0.3,1.0,1.0,1.0,1.0,1.0,1.0
0.0,1.0,0.0,1.0,1.0,1.0,0.2382,1.0,0.36667,0.0,1.0,0.0,0.0,0.29,0.03,0.0,0.91956,0.75556,1.0,0.75556,1.0,0.75556,1.0,0.99302,1.0,0.55556,1.0,1.0,1.0,0.0,0.9723,0.55556,0.22222,0.8,1.0,1.0,0.5,0.5,0.5,1.0,1.0,1.0,0.3972,1.0,0.0,0.03262,1.0,1.0,1.0,1.0,0.6375,0.65,0.3,0.4,1.0,1.0,1.0,0.0,1.0
0.5,0.5,0.5,0.5,0.5,0.5,0.00369,0.1,0.03333,0.0,1.0,0.0,0.0,0.1,0.0,0.5,0.5,0.5,0.5,0.5,0.5,0.5,0.5,0.0,0.0,0.77778,0.03922,0.01657,0.0,0.0,0.0,0.5,0.5,0.8,1.0,1.0,0.5,0.5,0.5,1.0,1.0,0.5,0.5,0.5,0.5,0.5,1.0,0.5,0.5,0.5,0.5,0.2,0.8,1.0,1.0,1.0,1.0,0.5,0.5
1.0,1.0,1.0,1.0,0.1,0.1,0.00262,0.1,0.16667,0.0,1.0,0.0,0.0,0.39,0.0,1.0,0.0,1.0,1.0,1.0,1.0,0.0,1.0,0.91119,1.0,0.44444,0.03361,0.01163,0.0,0.0,0.88786,0.77778,0.55556,0.8,1.0,1.0,0.5,0.5,0.5,1.0,1.0,0.5,0.5,0.5,0.0,0.0,1.0,1.0,1.0,0.5,0.5,0.2,0.3,0.4,0.0,1.0,1.0,0.8,1.0
0.5,0.5,0.5,0.5,0.5,0.5,0.01778,0.2,0.03333,0.0,1.0,0.0,0.0,0.1,0.0,0.5,0.5,0.5,0.5,0.5,0.5,0.5,0.5,0.0,0.0,0.77778,0.22417,0.11429,0.14286,0.0,0.0,0.5,0.5,0.8,1.0,1.0,0.5,0.5,0.5,1.0,1.0,0.5,0.5,0.5,0.5,0.5,1.0,0.5,0.5,0.5,0.5,0.2,0.8,1.0,1.0,1.0,1.0,0.5,0.5
0.5,0.5,0.5,0.5,0.5,0.5,0.0,0.1,0.0,0.96774,1.0,0.0,0.0,0.27,0.03,0.0,0.97787,1.0,1.0,1.0,1.0,0.5,1.0,0.79003,1.0,0.11111,0.0,0.0,0.0,0.0,0.87089,1.0,0.5,1.0,1.0,1.0,0.5,0.5,0.5,1.0,1.0,0.5,0.5,0.5,0.0,0.0,1.0,1.0,1.0,0.41629,0.90462,0.0,0.2,0.66667,1.0,1.0,1.0,1.0,0.5
0.5,0.5,0.5,0.5,0.5,0.5,0.03093,0.3,0.93333,0.0,1.0,0.0,0.0,0.2,0.04,0.98261,0.0,1.0,1.0,0.82222,1.0,0.5,0.0,0.83829,1.0,0.22222,0.18271,0.11036,0.0,0.0,0.99476,1.0,0.5,0.8,1.0,1.0,0.5,0.5,0.5,1.0,1.0,0.5,0.5,0.5,0.0,0.41365,1.0,1.0,1.0,0.5,0.5,0.2,0.2,0.33333,1.0,1.0,1.0,0.33333,0.5
0.5,0.5,0.5,0.5,0.5,0.5,0.00014,0.13333,0.6,0.0,0.0,0.66667,0.0,0.14222,0.00444,0.0,0.99582,1.0,0.94286,0.94286,1.0,0.5,0.0,0.0001,0.00018,0.07143,1.0,1.0,1.0,0.0,1.0,0.78571,0.5,0.0,1.0,1.0,0.5,0.5,0.5,1.0,1.0,0.5,0.5,0.5,0.0,0.0,1.0,1.0,1.0,0.00749,1.0,1.0,0.06667,0.0,1.0,0.0,1.0,0.0,0.5
0.0,0.5,0.0,0.5,0.13333,0.5,0.00013,0.13333,0.63333,0.0,0.0,0.66667,1.0,0.15111,0.00444,0.0,0.99722,1.0,1.0,0.94286,1.0,1.0,0.0,0.0001,0.00018,0.07143,1.0,1.0,1.0,0.0,1.0,1.0,1.0,0.0,1.0,1.0,0.5,0.5,0.5,1.0,1.0,0.5,0.5,0.5,0.0,0.0,1.0,1.0,1.0,0.00749,1.0,1.0,0.06667,0.0,1.0,0.0,1.0,0.0,1.0
0.5,0.5,0.5,0.5,0.5,0.5,0.12751,1.0,0.06667,0.0,0.0,0.66667,0.0,0.43556,0.0,0.5,0.5,0.0,1.0,1.0,1.0,0.5,1.0,0.67102,1.0,0.78571,1.0,1.0,1.0,0.0,0.75405,0.35714,0.5,0.8,1.0,1.0,0.5,0.5,0.5,1.0,1.0,0.5,0.5,0.5,0.5,0.5,1.0,1.0,1.0,0.5,0.5,0.46667,0.26667,1.0,0.33333,1.0,1.0,0.66667,0.5
0.0,0.0,0.0,0.0,0.86667,0.86667,0.11138,0.86667,0.23333,0.0,0.0,0.66667,0.0,0.40889,0.0,0.91335,0.0,1.0,1.0,1.0,1.0,0.52381,0.0,0.65017,1.0,0.14286,1.0,1.0,1.0,0.0,0.96725,1.0,0.78571,0.8,1.0,1.0,0.5,0.5,0.5,1.0,1.0,0.5,0.5,0.5,0.0,0.0,1.0,1.0,1.0,0.5,0.5,0.56667,0.2,0.5,1.0,1.0,1.0,0.75,0.71429
0.0,1.0,0.0,0.0,0.8,0.86667,0.1038,0.86667,0.3,0.0,0.0,0.66667,0.0,0.40444,0.0,0.94301,0.0,0.86667,1.0,1.0,1.0,0.86667,0.0,0.6463,1.0,0.07143,1.0,1.0,1.0,1.0,0.97956,1.0,1.0,0.8,1.0,1.0,0.5,0.5,0.5,1.0,1.0,0.5,0.5,0.5,0.0,0.0,1.0,1.0,1.0,0.5,0.5,0.46667,0.26667,0.75,1.0,1.0,1.0,0.75,0.71429
0.0,1.0,0.0,0.0,0.8,0.8,0.09271,0.8,0.4,0.0,0.0,0.66667,0.0,0.40444,0.0,0.98027,0.0,1.0,1.0,1.0,1.0,1.0,0.0,0.60404,1.0,0.07143,1.0,1.0,1.0,1.0,0.96798,1.0,0.85714,0.8,1.0,1.0,0.5,0.5,0.5,1.0,1.0,0.5,0.5,0.5,0.0,0.0,1.0,1.0,1.0,0.5,0.5,0.33333,0.26667,0.75,1.0,1.0,1.0,0.75,0.78571
0.0,0.5,0.0,0.5,0.73333,0.5,0.08419,0.73333,0.43333,0.0,0.0,0.66667,1.0,0.40889,0.0,0.98645,0.0,0.86667,0.86667,1.0,1.0,0.86667,0.0,0.60075,1.0,0.14286,1.0,1.0,1.0,1.0,0.83516,1.0,0.85714,0.8,1.0,1.0,0.5,0.5,0.5,1.0,1.0,0.5,0.5,0.5,0.0,0.0,1.0,1.0,1.0,0.5,0.5,0.3,0.26667,0.75,1.0,1.0,1.0,0.75,0.78571
1.0,0.5,0.0,0.5,0.73333,0.5,0.08063,0.73333,0.46667,0.0,0.0,0.66667,1.0,0.41333,0.0,0.99098,0.0,1.0,0.86667,1.0,1.0,1.0,0.0,0.59972,1.0,0.14286,1.0,1.0,1.0,0.0,0.96596,1.0,0.85714,0.8,1.0,1.0,0.5,0.5,0.5,1.0,1.0,0.5,0.5,0.5,0.0,0.0,1.0,1.0,1.0,0.5,0.5,0.53333,0.2,0.5,1.0,1.0,1.0,0.75,0.85714
1.0,0.5,1.0,0.5,0.66667,0.5,0.08222,0.66667,0.5,0.0,0.0,0.66667,1.0,0.4,0.0,0.99361,0.0,1.0,1.0,1.0,1.0,1.0,1.0,0.63222,1.0,0.14286,1.0,1.0,1.0,1.0,0.98057,1.0,0.85714,0.8,1.0,1.0,0.5,0.5,0.5,1.0,1.0,0.5,0.5,0.5,0.0,0.0,1.0,1.0,1.0,0.5,0.5,0.3,0.26667,0.75,1.0,1.0,1.0,0.5,0.85714
0.0,1.0,0.0,0.0,0.66667,0.66667,0.07651,0.66667,0.6,0.0,0.0,0.66667,0.0,0.40889,0.0,0.99994,0.0,1.0,1.0,1.0,1.0,0.9619,0.0,0.59522,1.0,0.07143,1.0,1.0,1.0,0.0,0.83172,0.85714,0.85714,0.8,1.0,1.0,0.5,0.5,0.5,1.0,1.0,0.5,0.5,0.5,0.0,0.0,1.0,1.0,1.0,0.5,0.5,0.3,0.2,0.5,1.0,1.0,1.0,0.75,0.85714
0.0,0.5,0.0,0.5,0.6,0.5,0.07069,0.6,0.63333,0.0,0.0,0.66667,1.0,0.40889,0.0,0.0,0.99802,1.0,1.0,1.0,1.0,1.0,0.0,0.59201,1.0,0.07143,1.0,1.0,1.0,0.0,0.95249,1.0,0.85714,0.8,1.0,1.0,0.5,0.5,0.5,1.0,1.0,0.5,0.5,0.5,0.0,0.0,1.0,1.0,1.0,0.5,0.5,0.23333,0.2,0.5,1.0,1.0,1.0,0.5,0.85714
1.0,0.5,0.0,0.5,0.6,0.5,0.06773,0.6,0.66667,0.0,0.0,0.66667,1.0,0.40889,0.0,0.0,0.99952,1.0,1.0,1.0,1.0,1.0,0.0,0.59154,1.0,0.07143,1.0,1.0,1.0,0.0,0.82974,1.0,0.85714,0.8,1.0,1.0,0.5,0.5,0.5,1.0,1.0,0.5,0.5,0.5,0.0,0.0,1.0,1.0,1.0,0.5,0.5,0.36667,0.2,0.5,1.0,1.0,1.0,0.5,0.78571
0.5,0.5,0.5,0.5,0.5,0.5,0.02115,0.13333,0.13333,0.0,0.0,0.66667,0.0,0.53333,0.0,0.87168,0.0,0.86667,1.0,1.0,1.0,0.5,0.0,0.76324,1.0,1.0,0.32408,0.16921,0.1,0.0,0.92677,0.07143,0.5,0.8,1.0,1.0,0.5,0.5,0.5,1.0,1.0,0.5,0.5,0.5,0.0,0.0052,1.0,1.0,1.0,0.5,0.5,0.2,0.53333,0.7,1.0,1.0,1.0,0.0,0.5
1.0,1.0,1.0,1.0,0.13333,0.13333,0.02291,0.13333,0.2,0.0,0.0,0.66667,0.0,0.50222,0.0,0.89519,0.0,1.0,1.0,1.0,1.0,1.0,0.0,0.70057,1.0,0.07143,0.41008,0.265,0.0,0.0,0.92146,0.07143,0.07143,0.8,1.0,1.0,0.5,0.5,0.5,1.0,1.0,0.5,0.5,0.5,0.0,0.0,1.0,1.0,1.0,0.5,0.5,0.2,0.4,1.0,0.8,1.0,1.0,0.0,1.0
0.5,0.5,0.5,0.5,0.5,0.5,0.06849,0.6,0.06667,0.0,0.0,0.66667,0.0,0.43111,0.0,0.5,0.5,0.0,1.0,1.0,1.0,0.5,1.0,0.65879,1.0,0.07143,1.0,0.58064,0.61538,0.0,0.77198,0.85714,0.5,0.8,1.0,1.0,0.5,0.5,0.5,1.0,1.0,0.5,0.5,0.5,0.5,0.5,1.0,1.0,1.0,0.5,0.5,0.2,0.46667,0.46154,1.0,1.0,1.0,0.23077,0.5
1.0,0.5,0.0,0.5,0.53333,0.5,0.06504,0.53333,0.1,0.0,0.0,0.66667,1.0,0.55556,0.0,0.0,1.0,1.0,1.0,1.0,1.0,1.0,1.0,0.9744,1.0,0.5,0.90677,0.52108,0.42857,0.0,0.88635,1.0,0.42857,0.8,1.0,1.0,0.5,0.5,0.5,1.0,1.0,0.5,0.5,0.5,0.0,0.0,1.0,1.0,1.0,0.5,0.5,0.2,0.4,0.71429,1.0,1.0,1.0,0.57143,1.0
1.0,1.0,0.0,0.0,0.53333,0.53333,0.03324,0.33333,0.63333,0.0,0.0,0.66667,0.0,0.48889,0.0,0.0,1.0,1.0,1.0,1.0,1.0,1.0,1.0,0.54973,0.99951,0.07143,0.48017,0.21825,0.23077,0.0,0.98546,1.0,0.42857,0.8,1.0,1.0,0.5,0.5,0.5,1.0,1.0,0.5,0.5,0.5,0.13443,0.02863,0.6,1.0,1.0,0.5,0.5,0.6,0.53333,0.53846,0.71429,1.0,1.0,0.92308,1.0
1.0,1.0,1.0,1.0,0.33333,0.33333,0.03815,0.33333,0.7,0.0,0.0,0.66667,0.0,0.44889,0.00889,0.81918,0.0,0.65714,0.75238,0.75238,1.0,0.75238,0.0,0.55524,1.0,0.07143,0.95505,0.86101,0.5,0.0,0.82528,0.85714,0.21429,0.8,1.0,1.0,0.5,0.5,0.5,1.0,1.0,0.635,0.52027,1.0,0.0,0.19403,1.0,1.0,1.0,0.635,0.52027,0.3,0.13333,0.5,1.0,1.0,1.0,0.0,1.0
0.0,0.0,0.0,0.0,0.26667,0.26667,0.02919,0.26667,0.83333,0.0,0.0,0.66667,0.0,0.40889,0.01778,0.97756,0.0,1.0,1.0,1.0,1.0,1.0,0.0,0.55411,1.0,0.07143,0.8133,0.61061,0.0,0.0,0.81997,0.85714,1.0,0.8,1.0,1.0,0.5,0.5,0.5,1.0,1.0,0.635,0.52027,1.0,0.0,0.0,1.0,1.0,1.0,0.635,0.52027,1.0,0.06667,0.0,1.0,0.0,1.0,0.0,0.57143
0.5,0.5,0.5,0.5,0.5,0.5,0.03876,0.53333,0.96667,0.0,0.0,0.66667,0.0,0.22667,0.00889,0.0,0.95401,1.0,1.0,0.74286,0.59048,0.5,0.0,0.65531,1.0,0.21429,0.48779,0.32521,0.0,0.0,0.94836,0.78571,0.5,0.8,1.0,1.0,0.5,0.5,0.5,1.0,1.0,0.5,0.5,0.5,0.0,0.0,1.0,1.0,1.0,1.0,0.6375,0.2,0.13333,0.5,0.0,1.0,1.0,0.5,0.5
0.5,0.5,0.5,0.5,0.5,0.5,0.03642,0.26667,0.3,0.0,0.0,0.66667,0.0,0.27111,0.01778,0.97194,0.0,1.0,1.0,0.86667,0.88571,0.5,0.0,0.86823,1.0,0.28571,0.49547,0.35048,0.0,0.0,0.94686,0.85714,0.5,0.6,1.0,1.0,0.5,0.5,0.5,1.0,1.0,0.5,0.5,0.5,0.0,0.0,1.0,1.0,1.0,0.5,0.5,0.4,0.33333,0.8,0.5,0.5,1.0,0.8,0.5
0.0,0.0,0.0,0.0,0.2,0.26667,0.03373,0.26667,0.36667,0.0,0.0,0.66667,0.0,0.18667,0.02222,0.91977,0.0,0.86667,1.0,0.86667,1.0,1.0,0.0,0.62673,1.0,0.42857,0.55243,0.28583,0.33333,0.0,0.97789,1.0,0.85714,0.0,1.0,1.0,0.5,0.5,0.5,1.0,1.0,0.5,0.5,0.5,0.0,0.0,1.0,1.0,1.0,0.5,0.5,1.0,0.06667,0.0,1.0,1.0,1.0,0.0,1.0
1.0,1.0,1.0,1.0,0.33333,0.26667,0.0,0.06667,0.83333,0.0,0.0,0.66667,0.0,0.06222,0.03111,0.98643,0.0,0.93333,0.85714,0.84762,0.87619,0.71429,0.0,0.7287,1.0,0.07143,0.0,0.0,0.0,0.0,0.9189,0.85714,0.57143,1.0,1.0,1.0,0.5,0.5,0.5,1.0,1.0,0.5,0.5,0.5,0.0,0.0,1.0,1.0,1.0,0.15125,0.05527,0.0,0.2,0.6,1.0,0.0,1.0,0.6,1.0
0.0,0.0,0.0,0.0,0.06667,0.06667,0.0,0.06667,0.9,0.0,0.0,0.66667,0.0,0.05778,0.02667,0.0,0.99867,1.0,0.97143,0.8,0.7619,0.87619,1.0,0.95638,1.0,0.14286,0.0,0.0,0.0,0.0,0.95609,0.71429,0.57143,1.0,1.0,1.0,0.5,0.5,0.5,1.0,1.0,0.5,0.5,0.5,0.0,0.0,1.0,1.0,1.0,0.15125,0.05527,0.0,0.2,0.42857,1.0,0.0,1.0,0.57143,1.0
0.5,0.5,0.5,0.5,0.5,0.5,0.08422,0.6,0.06667,0.0,0.0,0.66667,0.0,0.39111,0.0,0.5,0.5,0.0,1.0,1.0,1.0,0.5,1.0,0.96613,1.0,0.57143,1.0,0.78418,0.5,0.0,0.78737,1.0,0.5,0.8,1.0,1.0,0.5,0.5,0.5,1.0,1.0,0.5,0.5,0.5,0.5,0.5,1.0,1.0,1.0,0.5,0.5,0.2,0.26667,0.5,1.0,1.0,1.0,0.83333,0.5
0.0,1.0,0.0,0.0,0.6,0.53333,0.07302,0.53333,0.93333,0.0,0.0,0.66667,0.0,0.25333,0.0,0.0,0.99811,1.0,1.0,1.0,1.0,0.32381,0.0,0.83208,1.0,0.0,0.8543,0.50948,0.33333,0.0,0.99783,0.92857,0.85714,0.8,1.0,1.0,0.5,0.5,0.5,1.0,1.0,0.5,0.5,0.5,0.08576,0.17369,0.6,1.0,1.0,0.5,0.5,0.6,0.26667,0.5,1.0,1.0,1.0,0.66667,1.0
1.0,0.5,1.0,0.5,0.6,0.5,0.08022,0.6,0.96667,0.0,0.0,0.66667,1.0,0.26222,0.00444,0.75045,0.0,1.0,0.93333,1.0,1.0,1.0,1.0,0.95233,1.0,0.07143,0.92144,0.56009,0.6,0.0,1.0,1.0,0.92857,0.8,1.0,1.0,0.5,0.5,0.5,1.0,1.0,0.49631,0.55333,0.5,0.08577,0.11445,0.6,1.0,1.0,0.49631,0.55333,0.6,0.26667,0.6,1.0,1.0,1.0,0.6,1.0
0.5,0.5,0.5,0.5,0.5,0.5,0.0527,0.33333,0.36667,0.0,0.0,0.66667,0.0,0.06222,0.01333,0.99775,0.0,1.0,0.97143,0.97143,1.0,0.5,1.0,0.57922,1.0,0.07143,0.89718,0.67255,0.5,0.0,0.44444,0.85714,0.5,0.8,1.0,1.0,0.5,0.5,0.5,1.0,1.0,0.5,0.5,0.5,0.56325,0.00069,0.96667,1.0,1.0,1.0,1.0,1.0,0.06667,0.0,1.0,0.0,1.0,0.0,0.5
0.5,0.5,0.5,0.5,0.5,0.5,0.09641,0.86667,0.1,0.0,0.0,0.66667,0.0,0.41333,0.0,0.90896,0.0,0.79048,1.0,1.0,1.0,0.5,0.0,0.76639,1.0,0.07143,1.0,0.89895,0.75,0.0,0.79218,1.0,0.5,0.8,1.0,1.0,0.5,0.5,0.5,1.0,1.0,0.5,0.5,0.5,0.0,0.0,1.0,1.0,1.0,0.5,0.5,0.2,0.26667,0.75,1.0,1.0,1.0,0.0,0.5
0.0,0.0,0.0,0.0,0.73333,0.8,0.09154,0.6,0.7,0.0,0.0,0.66667,0.0,0.14667,0.04444,0.0,0.9944,0.88571,1.0,0.81905,1.0,0.68571,1.0,0.76301,1.0,0.21429,0.96311,0.74788,0.66667,0.0,0.75,0.92857,0.78571,0.8,1.0,1.0,0.5,0.5,0.5,1.0,1.0,0.5,0.5,0.5,0.34619,0.00843,0.93333,1.0,1.0,1.0,0.83267,0.26667,0.13333,0.33333,0.0,1.0,1.0,0.66667,1.0
0.5,0.5,0.5,0.5,0.5,0.5,0.28704,0.93333,0.0,0.96774,0.0,0.66667,0.0,0.04889,0.05333,0.0,0.984,1.0,1.0,0.67619,0.88571,0.5,0.0,0.97206,1.0,0.42857,1.0,1.0,1.0,1.0,1.0,0.92857,0.5,0.8,1.0,1.0,0.5,0.5,0.5,1.0,1.0,0.5,0.5,0.5,1.0,0.0,0.93333,1.0,1.0,1.0,0.22007,0.5,0.13333,1.0,1.0,0.0,1.0,1.0,0.5
