0.5,0.5,0.5,0.5,0.5,0.5,0.17511,0.2,0.1,0.0,0.5,0.0,0.0,0.52,0.0,0.92903,0.0,1.0,1.0,1.0,1.0,0.5,1.0,0.72836,1.0,0.0,0.87936,0.79695,0.0,0.0,0.75201,0.25,0.5,0.0,1.0,1.0,0.5,0.5,0.5,1.0,1.0,0.5,0.5,0.5,0.0,0.0,1.0,1.0,1.0,0.5,0.5,1.0,0.2,0.0,1.0,1.0,1.0,1.0,0.5
1.0,1.0,1.0,1.0,0.4,0.2,0.15931,0.2,0.26667,0.0,0.5,0.0,0.0,0.44,0.0,0.0,0.99765,1.0,1.0,1.0,1.0,1.0,1.0,0.84329,1.0,0.0,0.74348,0.57473,0.0,0.0,0.86612,1.0,1.0,0.0,1.0,1.0,0.5,0.5,0.5,1.0,1.0,0.5,0.5,0.5,0.0,0.0,1.0,1.0,1.0,0.5,0.5,1.0,0.2,0.0,1.0,1.0,1.0,0.5,1.0
1.0,1.0,1.0,1.0,0.6,0.4,0.16983,0.4,0.33333,0.0,0.5,0.0,0.0,0.44,0.0,0.0,0.99529,1.0,1.0,1.0,1.0,1.0,1.0,0.89085,1.0,0.0,0.77115,0.64556,0.0,0.0,0.88939,1.0,1.0,0.0,1.0,1.0,0.5,0.5,0.5,1.0,1.0,0.5,0.5,0.5,0.0,0.0,1.0,1.0,1.0,0.5,0.5,1.0,0.2,0.0,1.0,1.0,1.0,0.5,1.0
1.0,1.0,1.0,1.0,0.6,0.8,0.23878,0.8,0.4,0.0,0.5,0.0,0.0,0.44,0.0,0.0,0.97881,1.0,1.0,1.0,1.0,1.0,1.0,0.9994,1.0,0.0,1.0,0.96983,0.5,0.0,0.93026,1.0,1.0,0.0,1.0,1.0,0.5,1.0,0.5,1.0,1.0,0.5,0.5,0.5,0.0,0.0,1.0,1.0,1.0,0.5,0.5,1.0,0.2,0.0,1.0,1.0,1.0,0.0,1.0
1.0,1.0,1.0,0.0,1.0,0.8,0.23861,0.8,0.46667,0.0,0.5,0.0,0.0,0.44,0.0,0.0,0.98716,1.0,1.0,1.0,1.0,1.0,0.0,0.95043,1.0,0.0,0.99756,0.95144,0.5,0.0,0.95013,1.0,1.0,0.0,1.0,1.0,0.5,1.0,0.5,1.0,1.0,0.5,0.5,0.5,0.0,0.0,1.0,1.0,1.0,0.5,0.5,1.0,0.2,0.0,1.0,1.0,1.0,1.0,1.0
1.0,1.0,1.0,0.0,1.0,0.6,0.23491,0.6,0.53333,0.0,0.5,0.0,0.0,0.44,0.0,0.0,0.98596,1.0,1.0,1.0,1.0,1.0,0.0,0.90297,1.0,0.0,0.95903,0.90718,0.0,0.0,0.95788,1.0,1.0,0.0,1.0,1.0,0.5,1.0,0.5,1.0,1.0,0.5,0.5,0.5,0.0,0.0,1.0,1.0,1.0,0.5,0.5,1.0,0.2,0.0,1.0,1.0,1.0,1.0,1.0
1.0,1.0,1.0,1.0,1.0,0.6,0.24019,0.6,0.6,0.0,0.5,0.0,0.0,0.44,0.0,0.0,0.98488,1.0,1.0,1.0,1.0,1.0,0.0,0.85769,1.0,0.0,0.95857,0.92197,0.0,0.0,0.96325,1.0,1.0,0.0,1.0,1.0,0.5,1.0,0.5,1.0,1.0,0.5,0.5,0.5,0.0,0.0,1.0,1.0,1.0,0.5,0.5,1.0,0.2,0.0,1.0,1.0,1.0,1.0,1.0
1.0,1.0,1.0,1.0,1.0,0.6,0.24609,0.6,0.66667,0.0,0.5,0.0,0.0,0.44,0.0,0.0,0.98351,1.0,1.0,1.0,1.0,1.0,0.0,0.81497,1.0,0.0,0.96122,0.94058,0.0,0.0,0.9667,1.0,1.0,0.0,1.0,1.0,0.5,1.0,0.5,1.0,1.0,0.5,0.5,0.5,0.0,0.0,1.0,1.0,1.0,0.5,0.5,1.0,0.2,0.0,1.0,1.0,1.0,1.0,1.0
0.5,0.5,0.5,0.5,0.5,0.5,0.2,0.6,0.03333,0.0,0.5,0.0,0.0,0.2,0.0,0.5,0.5,0.5,0.5,0.5,0.5,0.5,0.5,0.0,0.0,0.75,1.0,1.0,1.0,0.0,0.0,0.5,0.5,0.0,1.0,1.0,0.5,0.5,0.5,1.0,1.0,0.5,0.5,0.5,0.5,0.5,1.0,0.5,0.5,0.5,0.5,1.0,0.2,0.0,1.0,1.0,1.0,0.5,0.5
0.0,0.0,0.0,0.0,0.6,0.6,0.2,0.6,0.53333,0.0,0.5,0.0,0.0,0.2,0.0,1.0,0.0,1.0,1.0,1.0,1.0,1.0,0.0,0.08163,0.11662,0.0,1.0,1.0,1.0,0.0,1.0,1.0,0.25,0.0,1.0,1.0,0.5,0.5,0.5,1.0,1.0,0.5,0.5,0.5,0.0,0.0,1.0,1.0,1.0,0.5,0.5,1.0,0.2,1.0,1.0,1.0,1.0,0.0,1.0
0.0,0.0,0.0,0.0,0.6,0.6,0.2,0.6,0.6,0.0,0.5,0.0,0.0,0.2,0.0,0.0,1.0,1.0,1.0,1.0,1.0,1.0,0.0,0.08163,0.11662,0.0,1.0,1.0,1.0,0.0,1.0,1.0,1.0,0.0,1.0,1.0,0.5,0.5,0.5,1.0,1.0,0.5,0.5,0.5,0.0,0.0,1.0,1.0,1.0,0.5,0.5,1.0,0.2,1.0,1.0,1.0,1.0,1.0,1.0
0.5,0.5,0.5,0.5,0.5,0.5,0.25475,1.0,0.33333,0.0,0.5,0.0,0.0,0.44,0.0,0.98167,0.0,1.0,1.0,1.0,1.0,0.5,1.0,0.67103,0.95861,0.0,1.0,1.0,1.0,0.0,1.0,1.0,0.5,0.0,1.0,1.0,0.5,0.5,0.5,1.0,1.0,0.5,0.5,0.5,0.0,0.0,1.0,1.0,1.0,0.5,0.5,1.0,0.2,0.0,1.0,1.0,1.0,1.0,0.5
0.5,0.5,0.5,0.5,0.5,0.5,0.2715,1.0,0.23333,0.0,0.5,0.0,0.0,0.68,0.0,0.92095,0.0,1.0,1.0,1.0,1.0,0.5,0.0,0.82991,1.0,0.25,1.0,1.0,1.0,0.0,1.0,0.75,0.5,0.0,1.0,1.0,0.5,0.5,0.5,1.0,1.0,0.5,0.5,0.5,0.0,0.0,1.0,1.0,1.0,0.5,0.5,1.0,0.2,0.0,1.0,1.0,1.0,0.5,0.5
1.0,0.0,1.0,0.0,1.0,0.8,0.17646,0.6,0.4,0.0,0.5,0.0,0.0,0.52,0.0,0.96244,0.0,1.0,1.0,1.0,1.0,1.0,1.0,0.87727,1.0,0.25,0.89335,0.72571,0.5,0.0,0.9821,0.75,1.0,0.0,1.0,1.0,0.5,0.5,0.5,1.0,1.0,0.5,0.5,0.5,0.0,0.0,1.0,1.0,1.0,0.5,0.5,1.0,0.2,0.0,1.0,1.0,1.0,0.5,1.0
0.0,0.0,0.0,0.0,0.6,0.4,0.13784,0.2,0.5,0.0,0.5,0.0,0.0,0.44,0.0,0.98892,0.0,1.0,1.0,1.0,1.0,0.8,1.0,0.84892,1.0,0.25,0.72984,0.50713,0.0,0.0,0.94935,1.0,0.5,0.0,1.0,1.0,0.5,0.5,0.5,1.0,1.0,0.5,0.5,0.5,0.0,0.0,1.0,1.0,1.0,0.5,0.5,1.0,0.2,0.0,1.0,1.0,1.0,0.5,1.0
0.0,0.0,0.0,0.0,0.2,0.2,0.13218,0.2,0.56667,0.0,0.5,0.0,0.0,0.44,0.0,0.96797,0.0,0.9,0.9,1.0,1.0,0.9,0.0,0.32562,0.46518,0.0,0.66183,0.49458,0.0,0.0,0.87289,0.5,0.75,0.0,1.0,1.0,0.5,0.5,0.5,1.0,1.0,0.5,0.5,0.5,0.0,0.0,1.0,1.0,1.0,0.5,0.5,1.0,0.2,0.0,1.0,1.0,1.0,0.0,1.0
0.0,0.5,0.0,0.5,0.2,0.5,0.13182,0.2,0.6,0.0,0.5,0.0,1.0,0.36,0.0,0.9615,0.0,1.0,1.0,1.0,1.0,1.0,0.0,0.03546,0.05066,0.25,1.0,1.0,1.0,0.0,1.0,1.0,0.75,0.0,1.0,1.0,0.5,0.5,0.5,1.0,1.0,0.5,0.5,0.5,0.0,0.0,1.0,1.0,1.0,0.5,0.5,1.0,0.2,1.0,1.0,1.0,1.0,1.0,1.0
0.5,0.5,0.5,0.5,0.5,0.5,0.2,0.6,0.03333,0.0,0.5,0.0,0.0,0.2,0.0,0.5,0.5,0.5,0.5,0.5,0.5,0.5,0.5,0.0,0.0,0.75,1.0,1.0,1.0,0.0,0.0,0.5,0.5,0.0,1.0,1.0,0.5,0.5,0.5,1.0,1.0,0.5,0.5,0.5,0.5,0.5,1.0,0.5,0.5,0.5,0.5,1.0,0.2,0.0,1.0,1.0,1.0,0.5,0.5
0.0,0.0,0.0,0.0,0.6,0.6,0.2,0.6,0.53333,0.0,0.5,0.0,0.0,0.2,0.0,1.0,0.0,1.0,1.0,1.0,1.0,1.0,0.0,0.08163,0.11662,0.0,1.0,1.0,1.0,0.0,1.0,1.0,0.25,0.0,1.0,1.0,0.5,0.5,0.5,1.0,1.0,0.5,0.5,0.5,0.0,0.0,1.0,1.0,1.0,0.5,0.5,1.0,0.2,1.0,1.0,1.0,1.0,0.0,1.0
0.0,0.0,0.0,0.0,0.6,0.6,0.2,0.6,0.6,0.0,0.5,0.0,0.0,0.2,0.0,0.0,1.0,1.0,1.0,1.0,1.0,1.0,0.0,0.08163,0.11662,0.0,1.0,1.0,1.0,0.0,1.0,1.0,1.0,0.0,1.0,1.0,0.5,0.5,0.5,1.0,1.0,0.5,0.5,0.5,0.0,0.0,1.0,1.0,1.0,0.5,0.5,1.0,0.2,1.0,1.0,1.0,1.0,1.0,1.0
0.0,0.0,0.0,0.0,0.6,0.6,0.2,0.6,0.86667,0.0,0.5,0.0,0.0,0.2,0.0,1.0,0.0,1.0,1.0,1.0,1.0,1.0,0.0,0.08163,0.11662,0.0,1.0,1.0,1.0,0.0,1.0,1.0,1.0,0.0,1.0,1.0,0.5,0.5,0.5,1.0,1.0,0.5,0.5,0.5,0.0,0.0,1.0,1.0,1.0,0.5,0.5,1.0,0.2,1.0,1.0,1.0,1.0,1.0,1.0
0.0,0.5,0.0,0.5,0.6,0.5,0.2,0.6,0.9,0.0,0.5,0.0,1.0,0.2,0.0,1.0,0.0,1.0,1.0,1.0,1.0,1.0,0.0,0.08163,0.11662,0.0,1.0,1.0,1.0,0.0,1.0,1.0,1.0,0.0,1.0,1.0,0.5,0.5,0.5,1.0,1.0,0.5,0.5,0.5,0.0,0.0,1.0,1.0,1.0,0.5,0.5,1.0,0.2,1.0,1.0,1.0,1.0,1.0,1.0
0.5,0.5,0.5,0.5,0.5,0.5,0.2,0.6,0.03333,0.0,0.5,0.0,0.0,0.2,0.0,0.5,0.5,0.5,0.5,0.5,0.5,0.5,0.5,0.0,0.0,0.75,1.0,1.0,1.0,0.0,0.0,0.5,0.5,0.0,1.0,1.0,0.5,0.5,0.5,1.0,1.0,0.5,0.5,0.5,0.5,0.5,1.0,0.5,0.5,0.5,0.5,1.0,0.2,0.0,1.0,1.0,1.0,0.5,0.5
0.5,0.5,0.5,0.5,0.5,0.5,0.26481,0.6,0.13333,0.0,0.5,0.0,0.0,0.52,0.08,0.69318,0.0,1.0,1.0,0.9,0.9,0.5,0.0,0.37117,0.53025,0.25,1.0,1.0,1.0,0.0,1.0,1.0,0.5,0.0,1.0,1.0,0.5,0.5,0.5,1.0,1.0,0.5,0.5,0.5,0.0,0.0,1.0,1.0,1.0,0.5,0.5,1.0,0.2,0.0,1.0,1.0,1.0,0.0,0.5
1.0,0.0,1.0,1.0,1.0,0.6,0.0,0.4,0.5,0.0,0.5,0.0,0.0,0.12,0.24,0.0,0.98284,1.0,1.0,0.9,1.0,1.0,0.0,0.0001,0.00014,0.25,1.0,1.0,1.0,0.0,1.0,0.75,0.5,0.0,1.0,1.0,0.5,0.5,0.5,1.0,1.0,0.5,0.5,0.5,0.0,0.0,1.0,1.0,1.0,0.5,0.5,1.0,0.2,0.0,1.0,1.0,1.0,1.0,1.0
1.0,0.0,1.0,1.0,0.4,0.4,0.0,0.2,0.76667,0.0,0.5,0.0,0.0,0.08,0.24,0.0,0.99579,1.0,1.0,0.9,0.9,1.0,0.0,0.0001,0.00014,0.25,0.92308,0.85714,0.0,0.0,1.0,1.0,1.0,0.0,1.0,1.0,0.5,0.5,0.5,1.0,1.0,0.5,0.5,0.5,0.0,0.0,1.0,1.0,1.0,0.5,0.5,1.0,0.2,0.0,1.0,1.0,1.0,0.0,1.0
0.5,0.5,0.5,0.5,0.5,0.5,0.2,0.6,0.03333,0.0,0.5,0.0,0.0,0.2,0.0,0.5,0.5,0.5,0.5,0.5,0.5,0.5,0.5,0.0,0.0,0.75,1.0,1.0,1.0,0.0,0.0,0.5,0.5,0.0,1.0,1.0,0.5,0.5,0.5,1.0,1.0,0.5,0.5,0.5,0.5,0.5,1.0,0.5,0.5,0.5,0.5,1.0,0.2,0.0,1.0,1.0,1.0,0.5,0.5
0.0,0.0,0.0,0.0,0.6,0.6,0.2,0.6,0.53333,0.0,0.5,0.0,0.0,0.2,0.0,1.0,0.0,1.0,1.0,1.0,1.0,1.0,0.0,0.08163,0.11662,0.0,1.0,1.0,1.0,0.0,1.0,1.0,0.25,0.0,1.0,1.0,0.5,0.5,0.5,1.0,1.0,0.5,0.5,0.5,0.0,0.0,1.0,1.0,1.0,0.5,0.5,1.0,0.2,1.0,1.0,1.0,1.0,0.0,1.0
0.0,0.0,0.0,0.0,0.6,0.6,0.2,0.6,0.6,0.0,0.5,0.0,0.0,0.2,0.0,0.0,1.0,1.0,1.0,1.0,1.0,1.0,0.0,0.08163,0.11662,0.0,1.0,1.0,1.0,0.0,1.0,1.0,1.0,0.0,1.0,1.0,0.5,0.5,0.5,1.0,1.0,0.5,0.5,0.5,0.0,0.0,1.0,1.0,1.0,0.5,0.5,1.0,0.2,1.0,1.0,1.0,1.0,1.0,1.0
0.0,0.0,0.0,0.0,0.6,0.6,0.2,0.6,0.86667,0.0,0.5,0.0,0.0,0.2,0.0,1.0,0.0,1.0,1.0,1.0,1.0,1.0,0.0,0.08163,0.11662,0.0,1.0,1.0,1.0,0.0,1.0,1.0,1.0,0.0,1.0,1.0,0.5,0.5,0.5,1.0,1.0,0.5,0.5,0.5,0.0,0.0,1.0,1.0,1.0,0.5,0.5,1.0,0.2,1.0,1.0,1.0,1.0,1.0,1.0
0.0,0.5,0.0,0.5,0.6,0.5,0.2,0.6,0.9,0.0,0.5,0.0,1.0,0.2,0.0,1.0,0.0,1.0,1.0,1.0,1.0,1.0,0.0,0.08163,0.11662,0.0,1.0,1.0,1.0,0.0,1.0,1.0,1.0,0.0,1.0,1.0,0.5,0.5,0.5,1.0,1.0,0.5,0.5,0.5,0.0,0.0,1.0,1.0,1.0,0.5,0.5,1.0,0.2,1.0,1.0,1.0,1.0,1.0,1.0
0.5,0.5,0.5,0.5,0.5,0.5,0.2,0.6,0.03333,0.0,0.5,0.0,0.0,0.2,0.0,0.5,0.5,0.5,0.5,0.5,0.5,0.5,0.5,0.0,0.0,0.75,1.0,1.0,1.0,0.0,0.0,0.5,0.5,0.0,1.0,1.0,0.5,0.5,0.5,1.0,1.0,0.5,0.5,0.5,0.5,0.5,1.0,0.5,0.5,0.5,0.5,1.0,0.2,0.0,1.0,1.0,1.0,0.5,0.5
1.0,1.0,1.0,1.0,1.0,1.0,0.00597,0.4,0.2,0.0,0.5,0.0,0.0,0.32,0.24,0.0,0.98998,1.0,1.0,0.9,1.0,0.8,0.0,0.65713,0.93875,0.25,0.07934,0.02749,0.5,0.0,1.0,1.0,0.25,0.0,1.0,1.0,0.5,0.5,0.5,1.0,1.0,0.5,0.5,0.5,0.0,0.0,1.0,1.0,1.0,0.5,0.5,1.0,0.2,0.0,1.0,1.0,1.0,0.0,1.0
0.5,0.5,0.5,0.5,0.5,0.5,0.2,0.6,0.03333,0.0,0.5,0.0,0.0,0.2,0.0,0.5,0.5,0.5,0.5,0.5,0.5,0.5,0.5,0.0,0.0,0.75,1.0,1.0,1.0,0.0,0.0,0.5,0.5,0.0,1.0,1.0,0.5,0.5,0.5,1.0,1.0,0.5,0.5,0.5,0.5,0.5,1.0,0.5,0.5,0.5,0.5,1.0,0.2,0.0,1.0,1.0,1.0,0.5,0.5
0.0,0.0,0.0,0.0,0.6,0.6,0.1534,0.4,0.36667,0.0,0.5,0.0,0.0,0.32,0.16,0.0,0.97824,1.0,1.0,0.9,0.9,0.8,1.0,0.92365,1.0,0.5,0.58427,0.46938,0.0,0.0,0.66667,0.75,0.25,0.0,1.0,1.0,0.5,0.5,0.5,1.0,1.0,0.5,0.5,0.5,0.0,0.0,1.0,1.0,1.0,0.0,0.12667,1.0,0.2,0.0,1.0,1.0,1.0,0.5,1.0
0.5,0.5,0.5,0.5,0.5,0.5,0.16825,0.2,0.1,0.0,0.5,0.0,0.0,0.32,0.08,0.44588,0.0,0.7,1.0,0.9,0.9,0.5,1.0,0.85339,1.0,0.25,0.89584,0.79596,0.0,0.0,1.0,0.75,0.5,0.0,0.6,0.56343,0.47718,0.5,0.47718,1.0,1.0,0.5,0.5,0.5,0.0,0.0,1.0,1.0,1.0,0.5,0.5,1.0,0.2,0.0,1.0,1.0,1.0,0.0,0.5
0.0,0.0,0.0,0.0,0.2,0.2,0.02356,0.2,0.2,0.0,0.5,0.0,0.0,0.32,0.08,0.94645,0.0,1.0,0.8,0.9,1.0,1.0,0.0,0.81124,1.0,0.25,0.14257,0.08114,0.0,0.0,0.66667,0.75,1.0,0.0,0.6,0.49568,0.15285,0.5,0.38213,1.0,1.0,0.5,0.5,0.5,0.0,0.0,1.0,1.0,1.0,0.5,0.5,1.0,0.2,0.0,1.0,1.0,1.0,0.5,1.0
0.0,0.0,0.0,0.0,0.2,0.4,0.00368,0.4,0.3,0.0,0.5,0.0,0.0,0.24,0.16,0.99176,0.0,1.0,1.0,0.9,0.9,1.0,1.0,0.79041,1.0,0.25,0.02705,0.0091,0.5,0.0,0.66667,0.75,1.0,0.0,1.0,1.0,0.5,0.5,0.5,1.0,1.0,0.5,0.5,0.5,0.0,0.0,1.0,1.0,1.0,0.5,0.5,1.0,0.2,0.0,1.0,1.0,1.0,0.0,1.0
0.0,0.0,0.0,0.0,0.4,0.4,0.00362,0.4,0.5,0.0,0.5,0.0,0.0,0.12,0.16,0.0,0.99792,1.0,1.0,0.9,0.9,1.0,1.0,0.79591,1.0,0.5,0.01741,0.00878,0.0,0.0,1.0,0.5,0.75,0.0,1.0,1.0,0.5,0.5,0.5,1.0,1.0,0.5,0.5,0.5,0.0,0.0,1.0,1.0,1.0,0.5,0.5,1.0,0.2,0.0,1.0,1.0,1.0,0.0,1.0
0.0,0.0,0.0,0.0,0.4,0.4,0.00362,0.4,0.56667,0.0,0.5,0.0,0.0,0.12,0.16,0.0,0.99842,1.0,1.0,0.9,0.9,1.0,1.0,0.79592,1.0,0.5,0.01741,0.00878,0.0,0.0,1.0,0.5,1.0,0.0,1.0,1.0,0.5,0.5,0.5,1.0,1.0,0.5,0.5,0.5,0.0,0.0,1.0,1.0,1.0,0.5,0.5,1.0,0.2,0.0,1.0,1.0,1.0,0.0,1.0
0.0,0.0,0.0,0.0,0.4,0.4,0.00362,0.4,0.9,0.0,0.5,0.0,0.0,0.12,0.16,0.0,0.99977,1.0,1.0,0.9,0.9,1.0,1.0,0.79592,1.0,0.5,0.01741,0.00878,0.0,0.0,1.0,0.75,1.0,0.0,1.0,1.0,0.5,0.5,0.5,1.0,1.0,0.5,0.5,0.5,0.0,0.0,1.0,1.0,1.0,0.5,0.5,1.0,0.2,0.0,1.0,1.0,1.0,0.0,1.0
0.0,0.0,0.0,0.0,0.4,0.4,0.00362,0.4,0.96667,0.0,0.5,0.0,0.0,0.12,0.16,0.0,0.99985,1.0,1.0,0.9,0.9,1.0,1.0,0.79592,1.0,0.5,0.01741,0.00878,0.0,0.0,1.0,0.75,1.0,0.0,1.0,1.0,0.5,0.5,0.5,1.0,1.0,0.5,0.5,0.5,0.0,0.0,1.0,1.0,1.0,0.5,0.5,1.0,0.2,0.0,1.0,1.0,1.0,0.0,1.0
0.5,0.5,0.5,0.5,0.5,0.5,0.2,0.6,0.03333,0.0,0.5,0.0,0.0,0.2,0.0,0.5,0.5,0.5,0.5,0.5,0.5,0.5,0.5,0.0,0.0,0.75,1.0,1.0,1.0,0.0,0.0,0.5,0.5,0.0,1.0,1.0,0.5,0.5,0.5,1.0,1.0,0.5,0.5,0.5,0.5,0.5,1.0,0.5,0.5,0.5,0.5,1.0,0.2,0.0,1.0,1.0,1.0,0.5,0.5
0.0,0.0,0.0,0.0,0.6,0.6,0.1997,0.6,0.13333,0.0,0.5,0.0,0.0,0.2,0.0,0.98175,0.0,1.0,1.0,1.0,1.0,1.0,0.0,0.08138,0.11626,0.0,1.0,1.0,1.0,0.0,1.0,1.0,0.25,0.0,1.0,1.0,0.5,0.5,0.5,1.0,1.0,0.5,0.5,0.5,0.0,0.0,1.0,1.0,1.0,0.5,0.5,1.0,0.2,1.0,1.0,1.0,1.0,1.0,1.0
0.0,0.5,0.0,0.5,0.6,0.5,0.19969,0.6,0.16667,0.0,0.5,0.0,1.0,0.2,0.0,0.98643,0.0,1.0,1.0,1.0,1.0,1.0,0.0,0.08138,0.11626,0.0,1.0,1.0,1.0,0.0,1.0,1.0,1.0,0.0,1.0,1.0,0.5,0.5,0.5,1.0,1.0,0.5,0.5,0.5,0.0,0.0,1.0,1.0,1.0,0.5,0.5,1.0,0.2,1.0,1.0,1.0,1.0,1.0,1.0
0.0,0.5,0.0,0.5,0.6,0.5,0.19969,0.6,0.2,0.0,0.5,0.0,1.0,0.2,0.0,0.98975,0.0,1.0,1.0,1.0,1.0,1.0,0.0,0.08138,0.11626,0.0,1.0,1.0,1.0,0.0,1.0,1.0,1.0,0.0,1.0,1.0,0.5,0.5,0.5,1.0,1.0,0.5,0.5,0.5,0.0,0.0,1.0,1.0,1.0,0.5,0.5,1.0,0.2,1.0,1.0,1.0,1.0,1.0,1.0
0.0,0.5,0.0,0.5,0.6,0.5,0.19969,0.6,0.23333,0.0,0.5,0.0,1.0,0.2,0.0,0.99219,0.0,1.0,1.0,1.0,1.0,1.0,0.0,0.08138,0.11626,0.0,1.0,1.0,1.0,0.0,1.0,1.0,1.0,0.0,1.0,1.0,0.5,0.5,0.5,1.0,1.0,0.5,0.5,0.5,0.0,0.0,1.0,1.0,1.0,0.5,0.5,1.0,0.2,1.0,1.0,1.0,1.0,1.0,1.0
0.0,0.5,0.0,0.5,0.6,0.5,0.19969,0.6,0.26667,0.0,0.5,0.0,1.0,0.2,0.0,0.99584,0.0,1.0,1.0,1.0,1.0,1.0,0.0,0.08138,0.11626,0.0,1.0,1.0,1.0,0.0,1.0,1.0,1.0,0.0,1.0,1.0,0.5,0.5,0.5,1.0,1.0,0.5,0.5,0.5,0.0,0.0,1.0,1.0,1.0,0.5,0.5,1.0,0.2,1.0,1.0,1.0,1.0,1.0,1.0
0.0,0.5,0.0,0.5,0.6,0.5,0.19969,0.6,0.3,0.0,0.5,0.0,1.0,0.2,0.0,0.99736,0.0,1.0,1.0,1.0,1.0,1.0,0.0,0.08138,0.11626,0.0,1.0,1.0,1.0,0.0,1.0,1.0,1.0,0.0,1.0,1.0,0.5,0.5,0.5,1.0,1.0,0.5,0.5,0.5,0.0,0.0,1.0,1.0,1.0,0.5,0.5,1.0,0.2,1.0,1.0,1.0,1.0,1.0,1.0
0.0,0.5,0.0,0.5,0.6,0.5,0.19969,0.6,0.33333,0.0,0.5,0.0,1.0,0.2,0.0,0.99819,0.0,1.0,1.0,1.0,1.0,1.0,0.0,0.08138,0.11626,0.0,1.0,1.0,1.0,0.0,1.0,1.0,1.0,0.0,1.0,1.0,0.5,0.5,0.5,1.0,1.0,0.5,0.5,0.5,0.0,0.0,1.0,1.0,1.0,0.5,0.5,1.0,0.2,1.0,1.0,1.0,1.0,1.0,1.0
0.0,0.5,0.0,0.5,0.6,0.5,0.19969,0.6,0.36667,0.0,0.5,0.0,1.0,0.2,0.0,0.9987,0.0,1.0,1.0,1.0,1.0,1.0,0.0,0.08138,0.11626,0.0,1.0,1.0,1.0,0.0,1.0,1.0,1.0,0.0,1.0,1.0,0.5,0.5,0.5,1.0,1.0,0.5,0.5,0.5,0.0,0.0,1.0,1.0,1.0,0.5,0.5,1.0,0.2,1.0,1.0,1.0,1.0,1.0,1.0
0.0,0.5,0.0,0.5,0.6,0.5,0.19969,0.6,0.4,0.0,0.5,0.0,1.0,0.2,0.0,0.99904,0.0,1.0,1.0,1.0,1.0,1.0,0.0,0.08138,0.11626,0.0,1.0,1.0,1.0,0.0,1.0,1.0,1.0,0.0,1.0,1.0,0.5,0.5,0.5,1.0,1.0,0.5,0.5,0.5,0.0,0.0,1.0,1.0,1.0,0.5,0.5,1.0,0.2,1.0,1.0,1.0,1.0,1.0,1.0
0.0,0.5,0.0,0.5,0.6,0.5,0.19969,0.6,0.43333,0.0,0.5,0.0,1.0,0.2,0.0,0.99927,0.0,1.0,1.0,1.0,1.0,1.0,0.0,0.08138,0.11626,0.0,1.0,1.0,1.0,0.0,1.0,1.0,1.0,0.0,1.0,1.0,0.5,0.5,0.5,1.0,1.0,0.5,0.5,0.5,0.0,0.0,1.0,1.0,1.0,0.5,0.5,1.0,0.2,1.0,1.0,1.0,1.0,1.0,1.0
0.0,0.5,0.0,0.5,0.6,0.5,0.19969,0.6,0.46667,0.0,0.5,0.0,1.0,0.2,0.0,0.99944,0.0,1.0,1.0,1.0,1.0,1.0,0.0,0.08138,0.11626,0.0,1.0,1.0,1.0,0.0,1.0,1.0,1.0,0.0,1.0,1.0,0.5,0.5,0.5,1.0,1.0,0.5,0.5,0.5,0.0,0.0,1.0,1.0,1.0,0.5,0.5,1.0,0.2,1.0,1.0,1.0,1.0,1.0,1.0
0.0,0.5,0.0,0.5,0.6,0.5,0.19969,0.6,0.5,0.0,0.5,0.0,1.0,0.2,0.0,0.99957,0.0,1.0,1.0,1.0,1.0,1.0,0.0,0.08138,0.11626,0.0,1.0,1.0,1.0,0.0,1.0,1.0,1.0,0.0,1.0,1.0,0.5,0.5,0.5,1.0,1.0,0.5,0.5,0.5,0.0,0.0,1.0,1.0,1.0,0.5,0.5,1.0,0.2,1.0,1.0,1.0,1.0,1.0,1.0
0.0,0.5,0.0,0.5,0.6,0.5,0.19969,0.6,0.53333,0.0,0.5,0.0,1.0,0.2,0.0,0.99966,0.0,1.0,1.0,1.0,1.0,1.0,0.0,0.08138,0.11626,0.0,1.0,1.0,1.0,0.0,1.0,1.0,1.0,0.0,1.0,1.0,0.5,0.5,0.5,1.0,1.0,0.5,0.5,0.5,0.0,0.0,1.0,1.0,1.0,0.5,0.5,1.0,0.2,1.0,1.0,1.0,1.0,1.0,1.0
0.0,0.0,0.0,0.0,0.6,0.6,0.19969,0.6,0.6,0.0,0.5,0.0,0.0,0.2,0.0,0.99979,0.0,1.0,1.0,1.0,1.0,1.0,0.0,0.08138,0.11626,0.0,1.0,1.0,1.0,0.0,1.0,1.0,1.0,0.0,1.0,1.0,0.5,0.5,0.5,1.0,1.0,0.5,0.5,0.5,0.0,0.0,1.0,1.0,1.0,0.5,0.5,1.0,0.2,1.0,1.0,1.0,1.0,1.0,1.0
0.0,0.5,0.0,0.5,0.6,0.5,0.19969,0.6,0.63333,0.0,0.5,0.0,1.0,0.2,0.0,0.99983,0.0,1.0,1.0,1.0,1.0,1.0,0.0,0.08138,0.11626,0.0,1.0,1.0,1.0,0.0,1.0,1.0,1.0,0.0,1.0,1.0,0.5,0.5,0.5,1.0,1.0,0.5,0.5,0.5,0.0,0.0,1.0,1.0,1.0,0.5,0.5,1.0,0.2,1.0,1.0,1.0,1.0,1.0,1.0
0.0,0.5,0.0,0.5,0.6,0.5,0.19969,0.6,0.66667,0.0,0.5,0.0,1.0,0.2,0.0,0.99987,0.0,1.0,1.0,1.0,1.0,1.0,0.0,0.08138,0.11626,0.0,1.0,1.0,1.0,0.0,1.0,1.0,1.0,0.0,1.0,1.0,0.5,0.5,0.5,1.0,1.0,0.5,0.5,0.5,0.0,0.0,1.0,1.0,1.0,0.5,0.5,1.0,0.2,1.0,1.0,1.0,1.0,1.0,1.0
0.0,0.5,0.0,0.5,0.6,0.5,0.19969,0.6,0.7,0.0,0.5,0.0,1.0,0.2,0.0,0.99989,0.0,1.0,1.0,1.0,1.0,1.0,0.0,0.08138,0.11626,0.0,1.0,1.0,1.0,0.0,1.0,1.0,1.0,0.0,1.0,1.0,0.5,0.5,0.5,1.0,1.0,0.5,0.5,0.5,0.0,0.0,1.0,1.0,1.0,0.5,0.5,1.0,0.2,1.0,1.0,1.0,1.0,1.0,1.0
0.0,0.0,0.0,0.0,0.6,0.6,0.19969,0.6,0.76667,0.0,0.5,0.0,0.0,0.2,0.0,0.99993,0.0,1.0,1.0,1.0,1.0,1.0,0.0,0.08138,0.11626,0.0,1.0,1.0,1.0,0.0,1.0,1.0,1.0,0.0,1.0,1.0,0.5,0.5,0.5,1.0,1.0,0.5,0.5,0.5,0.0,0.0,1.0,1.0,1.0,0.5,0.5,1.0,0.2,1.0,1.0,1.0,1.0,1.0,1.0
0.0,0.0,0.0,0.0,0.6,0.6,0.19969,0.6,0.83333,0.0,0.5,0.0,0.0,0.2,0.0,0.99996,0.0,1.0,1.0,1.0,1.0,1.0,0.0,0.08138,0.11626,0.0,1.0,1.0,1.0,0.0,1.0,1.0,1.0,0.0,1.0,1.0,0.5,0.5,0.5,1.0,1.0,0.5,0.5,0.5,0.0,0.0,1.0,1.0,1.0,0.5,0.5,1.0,0.2,1.0,1.0,1.0,1.0,1.0,1.0
0.0,0.0,0.0,0.0,0.6,0.6,0.19969,0.6,0.9,0.0,0.5,0.0,0.0,0.2,0.0,0.99997,0.0,1.0,1.0,1.0,1.0,1.0,0.0,0.08138,0.11626,0.0,1.0,1.0,1.0,0.0,1.0,1.0,1.0,0.0,1.0,1.0,0.5,0.5,0.5,1.0,1.0,0.5,0.5,0.5,0.0,0.0,1.0,1.0,1.0,0.5,0.5,1.0,0.2,1.0,1.0,1.0,1.0,1.0,1.0
0.0,0.0,0.0,0.0,0.6,0.6,0.19969,0.6,0.96667,0.0,0.5,0.0,0.0,0.2,0.0,0.99998,0.0,1.0,1.0,1.0,1.0,1.0,0.0,0.08138,0.11626,0.0,1.0,1.0,1.0,0.0,1.0,1.0,1.0,0.0,1.0,1.0,0.5,0.5,0.5,1.0,1.0,0.5,0.5,0.5,0.0,0.0,1.0,1.0,1.0,0.5,0.5,1.0,0.2,1.0,1.0,1.0,1.0,1.0,1.0
0.0,0.0,0.0,0.0,0.6,0.6,0.19969,0.6,0.0,0.96774,0.5,0.0,0.0,0.2,0.0,0.99999,0.0,1.0,1.0,1.0,1.0,1.0,0.0,0.08138,0.11626,0.0,1.0,1.0,1.0,0.0,1.0,1.0,1.0,0.0,1.0,1.0,0.5,0.5,0.5,1.0,1.0,0.5,0.5,0.5,0.0,0.0,1.0,1.0,1.0,0.5,0.5,1.0,0.2,1.0,1.0,1.0,1.0,1.0,1.0
0.0,0.0,0.0,0.0,0.6,0.6,0.19969,0.6,0.0,0.90909,0.5,0.0,0.0,0.2,0.0,0.99999,0.0,1.0,1.0,1.0,1.0,1.0,0.0,0.08138,0.11626,0.0,1.0,1.0,1.0,0.0,1.0,1.0,1.0,0.0,1.0,1.0,0.5,0.5,0.5,1.0,1.0,0.5,0.5,0.5,0.0,0.0,1.0,1.0,1.0,0.5,0.5,1.0,0.2,1.0,1.0,1.0,1.0,1.0,1.0
0.0,0.5,0.0,0.5,0.6,0.5,0.19969,0.6,0.0,0.88235,0.5,0.0,1.0,0.2,0.0,0.99999,0.0,1.0,1.0,1.0,1.0,1.0,0.0,0.08138,0.11626,0.0,1.0,1.0,1.0,0.0,1.0,1.0,1.0,0.0,1.0,1.0,0.5,0.5,0.5,1.0,1.0,0.5,0.5,0.5,0.0,0.0,1.0,1.0,1.0,0.5,0.5,1.0,0.2,1.0,1.0,1.0,1.0,1.0,1.0
0.0,0.5,0.0,0.5,0.6,0.5,0.19969,0.6,0.0,0.85714,0.5,0.0,1.0,0.2,0.0,0.99999,0.0,1.0,1.0,1.0,1.0,1.0,0.0,0.08138,0.11626,0.0,1.0,1.0,1.0,0.0,1.0,1.0,1.0,0.0,1.0,1.0,0.5,0.5,0.5,1.0,1.0,0.5,0.5,0.5,0.0,0.0,1.0,1.0,1.0,0.5,0.5,1.0,0.2,1.0,1.0,1.0,1.0,1.0,1.0
0.0,0.5,0.0,0.5,0.6,0.5,0.19969,0.6,0.0,0.83333,0.5,0.0,1.0,0.2,0.0,1.0,0.0,1.0,1.0,1.0,1.0,1.0,0.0,0.08138,0.11626,0.0,1.0,1.0,1.0,0.0,1.0,1.0,1.0,0.0,1.0,1.0,0.5,0.5,0.5,1.0,1.0,0.5,0.5,0.5,0.0,0.0,1.0,1.0,1.0,0.5,0.5,1.0,0.2,1.0,1.0,1.0,1.0,1.0,1.0
0.0,0.5,0.0,0.5,0.6,0.5,0.19969,0.6,0.0,0.81081,0.5,0.0,1.0,0.2,0.0,1.0,0.0,1.0,1.0,1.0,1.0,1.0,0.0,0.08138,0.11626,0.0,1.0,1.0,1.0,0.0,1.0,1.0,1.0,0.0,1.0,1.0,0.5,0.5,0.5,1.0,1.0,0.5,0.5,0.5,0.0,0.0,1.0,1.0,1.0,0.5,0.5,1.0,0.2,1.0,1.0,1.0,1.0,1.0,1.0
0.0,0.5,1.0,0.5,0.6,0.5,0.19969,0.6,0.0,0.78947,0.5,0.0,1.0,0.2,0.0,1.0,0.0,1.0,1.0,1.0,1.0,1.0,0.0,0.08138,0.11626,0.0,1.0,1.0,1.0,0.0,1.0,1.0,1.0,0.0,1.0,1.0,0.5,0.5,0.5,1.0,1.0,0.5,0.5,0.5,0.0,0.0,1.0,1.0,1.0,0.5,0.5,1.0,0.2,1.0,1.0,1.0,1.0,1.0,1.0
0.0,0.5,0.0,0.5,0.6,0.5,0.19969,0.6,0.0,0.76923,0.5,0.0,1.0,0.2,0.0,1.0,0.0,1.0,1.0,1.0,1.0,1.0,0.0,0.08138,0.11626,0.0,1.0,1.0,1.0,0.0,1.0,1.0,1.0,0.0,1.0,1.0,0.5,0.5,0.5,1.0,1.0,0.5,0.5,0.5,0.0,0.0,1.0,1.0,1.0,0.5,0.5,1.0,0.2,1.0,1.0,1.0,1.0,1.0,1.0
0.0,0.5,1.0,0.5,0.6,0.5,0.19969,0.6,0.0,0.75,0.5,0.0,1.0,0.2,0.0,1.0,0.0,1.0,1.0,1.0,1.0,1.0,0.0,0.08138,0.11626,0.0,1.0,1.0,1.0,0.0,1.0,1.0,1.0,0.0,1.0,1.0,0.5,0.5,0.5,1.0,1.0,0.5,0.5,0.5,0.0,0.0,1.0,1.0,1.0,0.5,0.5,1.0,0.2,1.0,1.0,1.0,1.0,1.0,1.0
0.5,0.5,0.5,0.5,0.5,0.5,0.16646,0.2,0.13333,0.0,0.5,0.0,0.0,0.76,0.0,1.0,0.0,1.0,1.0,1.0,1.0,0.5,0.0,0.32653,0.46647,0.0,0.83229,0.74086,0.0,0.0,0.96376,1.0,0.5,0.0,1.0,1.0,0.5,0.5,0.5,1.0,1.0,0.5,0.5,0.5,0.0,0.0,1.0,1.0,1.0,0.5,0.5,1.0,0.2,0.0,1.0,1.0,1.0,0.75,0.5
0.0,0.0,0.0,0.0,0.2,0.2,0.05146,0.2,0.36667,0.0,0.5,0.0,0.0,0.68,0.0,0.0,1.0,0.6,0.6,1.0,1.0,0.6,1.0,0.76996,1.0,1.0,0.2573,0.19928,0.0,0.0,0.97327,0.0,1.0,0.0,1.0,1.0,0.5,0.5,0.5,1.0,1.0,0.5,0.5,0.5,0.0,0.0,1.0,1.0,0.0,0.15593,0.484,1.0,0.2,0.0,1.0,1.0,1.0,0.0,1.0
0.0,0.0,0.0,0.0,0.2,0.2,0.02365,0.2,0.66667,0.0,0.5,0.0,0.0,0.48,0.0,0.0,0.99687,1.0,1.0,1.0,1.0,1.0,1.0,0.77848,1.0,1.0,0.11823,0.08265,0.0,0.0,0.98625,0.0,1.0,0.0,1.0,1.0,0.5,0.5,0.5,1.0,1.0,0.5,0.5,0.5,0.0,0.0,1.0,1.0,1.0,0.15593,0.484,1.0,0.2,0.0,1.0,1.0,1.0,0.0,1.0
0.0,0.0,0.0,0.0,0.2,0.2,0.01949,0.2,0.73333,0.0,0.5,0.0,0.0,0.48,0.0,0.0,0.99505,1.0,1.0,1.0,1.0,1.0,1.0,0.77975,1.0,1.0,0.09743,0.06376,0.0,0.0,0.98872,0.0,1.0,0.0,1.0,1.0,0.5,0.5,0.5,1.0,1.0,0.5,0.5,0.5,0.0,0.0,1.0,1.0,1.0,0.15593,0.484,1.0,0.2,0.0,1.0,1.0,1.0,0.0,1.0
0.0,0.0,0.0,0.0,0.2,0.2,0.01605,0.2,0.8,0.0,0.5,0.0,0.0,0.48,0.0,0.0,0.99483,1.0,1.0,1.0,1.0,1.0,1.0,0.7808,1.0,1.0,0.08027,0.05765,0.0,0.0,0.99063,0.0,1.0,0.0,1.0,1.0,0.5,0.5,0.5,1.0,1.0,0.5,0.5,0.5,0.0,0.0,1.0,1.0,1.0,0.15593,0.484,1.0,0.2,0.0,1.0,1.0,1.0,0.0,1.0
0.0,0.0,0.0,0.0,0.2,0.2,0.01324,0.2,0.86667,0.0,0.5,0.0,0.0,0.48,0.0,0.0,0.99492,1.0,1.0,1.0,1.0,1.0,1.0,0.78166,1.0,1.0,0.06619,0.0419,0.0,0.0,0.99053,0.0,1.0,0.0,1.0,1.0,0.5,0.5,0.5,1.0,1.0,0.5,0.5,0.5,0.0,0.0,1.0,1.0,1.0,0.15593,0.484,1.0,0.2,0.0,1.0,1.0,1.0,0.0,1.0
0.5,0.5,0.5,0.5,0.5,0.5,0.2,0.6,0.03333,0.0,0.5,0.0,0.0,0.2,0.0,0.5,0.5,0.5,0.5,0.5,0.5,0.5,0.5,0.0,0.0,0.75,1.0,1.0,1.0,0.0,0.0,0.5,0.5,0.0,1.0,1.0,0.5,0.5,0.5,1.0,1.0,0.5,0.5,0.5,0.5,0.5,1.0,0.5,0.5,0.5,0.5,1.0,0.2,0.0,1.0,1.0,1.0,0.5,0.5
1.0,1.0,1.0,0.0,0.8,0.6,0.17704,0.4,0.3,0.0,0.5,0.0,0.0,0.64,0.0,0.0,0.99384,0.4,0.4,1.0,1.0,0.6,0.0,0.77012,1.0,0.0,0.86462,0.70102,0.0,0.0,0.95607,1.0,0.25,0.0,1.0,1.0,0.5,0.5,0.5,1.0,1.0,0.5,0.5,0.5,0.0,0.0,1.0,1.0,1.0,0.5,0.5,1.0,0.2,0.0,1.0,1.0,1.0,0.5,1.0
1.0,1.0,1.0,1.0,0.6,0.6,0.20721,0.6,0.0,0.96774,0.5,0.0,0.0,0.48,0.04,0.0,0.99868,1.0,1.0,1.0,1.0,1.0,0.0,0.92894,1.0,0.0,0.85704,0.78452,0.0,0.0,1.0,1.0,1.0,0.0,1.0,1.0,0.5,0.5,0.5,1.0,1.0,0.5,0.5,0.5,0.0,0.0,1.0,1.0,1.0,0.21316,0.36051,1.0,0.2,0.0,1.0,0.0,1.0,1.0,1.0
1.0,1.0,1.0,1.0,0.8,0.6,0.23089,0.6,0.0,0.90909,0.5,0.0,0.0,0.48,0.04,0.0,0.99919,1.0,1.0,1.0,1.0,1.0,0.0,0.9168,1.0,0.0,0.94917,0.91348,0.0,0.0,1.0,1.0,1.0,0.0,1.0,1.0,0.5,0.5,0.5,1.0,1.0,0.5,0.5,0.5,0.0,0.0,1.0,1.0,1.0,0.21316,0.36051,1.0,0.2,0.0,1.0,0.0,1.0,1.0,1.0
1.0,1.0,1.0,1.0,1.0,1.0,0.292,1.0,0.0,0.85714,0.5,0.0,0.0,0.48,0.04,0.0,0.99872,1.0,1.0,1.0,1.0,1.0,0.0,0.74658,1.0,0.0,1.0,1.0,1.0,0.0,1.0,1.0,1.0,0.0,1.0,1.0,0.5,0.5,0.5,1.0,1.0,0.5,0.5,0.5,0.0,0.0,1.0,1.0,1.0,1.0,1.0,1.0,0.2,0.0,1.0,0.0,1.0,0.0,1.0
1.0,0.0,1.0,0.0,1.0,0.6,0.20737,0.6,0.0,0.76923,0.5,0.0,0.0,0.52,0.04,0.0,0.98192,1.0,1.0,1.0,1.0,1.0,0.0,0.57296,0.81851,0.0,0.71495,0.58417,0.0,0.0,1.0,1.0,1.0,0.0,1.0,1.0,0.5,0.5,0.5,1.0,1.0,0.5,0.5,0.5,0.0,0.0,1.0,1.0,1.0,1.0,1.0,1.0,0.2,0.0,1.0,0.0,1.0,1.0,1.0
0.5,0.5,0.5,0.5,0.5,0.5,0.2,0.6,0.03333,0.0,0.5,0.0,0.0,0.2,0.0,0.5,0.5,0.5,0.5,0.5,0.5,0.5,0.5,0.0,0.0,0.75,1.0,1.0,1.0,0.0,0.0,0.5,0.5,0.0,1.0,1.0,0.5,0.5,0.5,1.0,1.0,0.5,0.5,0.5,0.5,0.5,1.0,0.5,0.5,0.5,0.5,1.0,0.2,0.0,1.0,1.0,1.0,0.5,0.5
0.0,0.0,0.0,0.0,0.6,0.6,0.2,0.6,0.53333,0.0,0.5,0.0,0.0,0.2,0.0,1.0,0.0,1.0,1.0,1.0,1.0,1.0,0.0,0.08163,0.11662,0.0,1.0,1.0,1.0,0.0,1.0,1.0,0.25,0.0,1.0,1.0,0.5,0.5,0.5,1.0,1.0,0.5,0.5,0.5,0.0,0.0,1.0,1.0,1.0,0.5,0.5,1.0,0.2,1.0,1.0,1.0,1.0,0.0,1.0
0.0,0.0,0.0,0.0,0.6,0.6,0.2,0.6,0.6,0.0,0.5,0.0,0.0,0.2,0.0,0.0,1.0,1.0,1.0,1.0,1.0,1.0,0.0,0.08163,0.11662,0.0,1.0,1.0,1.0,0.0,1.0,1.0,1.0,0.0,1.0,1.0,0.5,0.5,0.5,1.0,1.0,0.5,0.5,0.5,0.0,0.0,1.0,1.0,1.0,0.5,0.5,1.0,0.2,1.0,1.0,1.0,1.0,1.0,1.0
0.0,0.0,0.0,0.0,0.6,0.6,0.2,0.6,0.86667,0.0,0.5,0.0,0.0,0.2,0.0,1.0,0.0,1.0,1.0,1.0,1.0,1.0,0.0,0.08163,0.11662,0.0,1.0,1.0,1.0,0.0,1.0,1.0,1.0,0.0,1.0,1.0,0.5,0.5,0.5,1.0,1.0,0.5,0.5,0.5,0.0,0.0,1.0,1.0,1.0,0.5,0.5,1.0,0.2,1.0,1.0,1.0,1.0,1.0,1.0
0.0,0.5,0.0,0.5,0.6,0.5,0.2,0.6,0.9,0.0,0.5,0.0,1.0,0.2,0.0,1.0,0.0,1.0,1.0,1.0,1.0,1.0,0.0,0.08163,0.11662,0.0,1.0,1.0,1.0,0.0,1.0,1.0,1.0,0.0,1.0,1.0,0.5,0.5,0.5,1.0,1.0,0.5,0.5,0.5,0.0,0.0,1.0,1.0,1.0,0.5,0.5,1.0,0.2,1.0,1.0,1.0,1.0,1.0,1.0
0.0,0.0,1.0,1.0,0.6,0.6,0.2,0.6,0.0,0.96774,0.5,0.0,0.0,0.2,0.0,1.0,0.0,1.0,1.0,1.0,1.0,1.0,0.0,0.08163,0.11662,0.0,1.0,1.0,1.0,0.0,1.0,1.0,1.0,0.0,1.0,1.0,0.5,0.5,0.5,1.0,1.0,0.5,0.5,0.5,0.0,0.0,1.0,1.0,1.0,0.5,0.5,1.0,0.2,1.0,1.0,1.0,1.0,1.0,1.0
0.0,0.0,0.0,0.0,0.6,0.6,0.2,0.6,0.0,0.90909,0.5,0.0,0.0,0.2,0.0,1.0,0.0,1.0,1.0,1.0,1.0,1.0,0.0,0.08163,0.11662,0.0,1.0,1.0,1.0,0.0,1.0,1.0,1.0,0.0,1.0,1.0,0.5,0.5,0.5,1.0,1.0,0.5,0.5,0.5,0.0,0.0,1.0,1.0,1.0,0.5,0.5,1.0,0.2,1.0,1.0,1.0,1.0,1.0,1.0
0.0,0.5,0.0,0.5,0.6,0.5,0.2,0.6,0.0,0.88235,0.5,0.0,1.0,0.2,0.0,0.0,1.0,1.0,1.0,1.0,1.0,1.0,0.0,0.08163,0.11662,0.0,1.0,1.0,1.0,0.0,1.0,1.0,1.0,0.0,1.0,1.0,0.5,0.5,0.5,1.0,1.0,0.5,0.5,0.5,0.0,0.0,1.0,1.0,1.0,0.5,0.5,1.0,0.2,1.0,1.0,1.0,1.0,1.0,1.0
0.0,0.5,1.0,0.5,0.6,0.5,0.2,0.6,0.0,0.85714,0.5,0.0,1.0,0.2,0.0,1.0,0.0,1.0,1.0,1.0,1.0,1.0,0.0,0.08163,0.11662,0.0,1.0,1.0,1.0,0.0,1.0,1.0,1.0,0.0,1.0,1.0,0.5,0.5,0.5,1.0,1.0,0.5,0.5,0.5,0.0,0.0,1.0,1.0,1.0,0.5,0.5,1.0,0.2,1.0,1.0,1.0,1.0,1.0,1.0
0.5,0.5,0.5,0.5,0.5,0.5,0.19171,0.6,0.1,0.0,0.5,0.0,0.0,0.72,0.0,0.85902,0.0,1.0,1.0,1.0,1.0,0.5,1.0,0.77924,1.0,0.0,0.93075,0.88717,0.0,0.0,0.92342,1.0,0.5,0.0,1.0,1.0,0.5,0.5,0.5,1.0,1.0,0.5,0.5,0.5,0.0,0.0,1.0,1.0,1.0,0.5,0.5,1.0,0.2,0.0,1.0,1.0,1.0,1.0,0.5
1.0,1.0,1.0,1.0,1.0,0.4,0.19231,0.4,1.0,0.0,0.5,0.0,0.0,0.52,0.08,0.64592,0.0,1.0,1.0,1.0,1.0,1.0,0.0,0.57684,0.82406,0.0,1.0,0.8808,0.5,0.0,0.97923,0.75,1.0,0.0,1.0,1.0,0.5,0.5,0.5,1.0,1.0,0.5,0.5,0.5,0.0,0.0,1.0,1.0,1.0,0.5,0.5,1.0,0.2,0.0,1.0,1.0,1.0,0.5,1.0
1.0,1.0,1.0,1.0,0.8,0.4,0.17718,0.4,0.0,0.88235,0.5,0.0,0.0,0.68,0.08,0.0,0.95074,1.0,1.0,1.0,1.0,1.0,1.0,0.99989,1.0,0.25,1.0,0.71319,0.33333,0.0,0.74236,0.5,0.75,0.0,1.0,1.0,0.5,0.5,0.5,1.0,1.0,0.5,0.5,0.5,0.0,0.0,1.0,1.0,1.0,0.5,0.5,1.0,0.2,0.0,1.0,1.0,1.0,0.33333,1.0
0.5,0.5,0.5,0.5,0.5,0.5,0.27842,1.0,0.23333,0.0,0.5,0.0,0.0,0.64,0.0,0.91675,0.0,1.0,1.0,1.0,1.0,0.5,1.0,0.91986,1.0,0.0,1.0,1.0,1.0,0.0,1.0,1.0,0.5,0.0,1.0,1.0,0.5,0.5,0.5,1.0,1.0,0.5,0.5,0.5,0.0,0.0,1.0,1.0,1.0,0.5,0.5,1.0,0.2,0.0,1.0,1.0,1.0,1.0,0.5
1.0,0.0,1.0,0.0,1.0,1.0,0.24466,1.0,0.3,0.0,0.5,0.0,0.0,0.6,0.0,0.94962,0.0,1.0,1.0,1.0,1.0,1.0,1.0,0.93154,1.0,0.0,1.0,1.0,1.0,0.0,1.0,1.0,1.0,0.0,1.0,1.0,0.5,0.5,0.5,1.0,1.0,0.5,0.5,0.5,0.0,0.0,1.0,1.0,1.0,0.5,0.5,1.0,0.2,0.0,1.0,1.0,1.0,1.0,1.0
0.0,0.0,0.0,0.0,1.0,0.6,0.12197,0.2,0.6,0.0,0.5,0.0,0.0,0.36,0.0,0.94687,0.0,0.9,1.0,1.0,1.0,0.8,1.0,0.70621,1.0,0.5,0.55976,0.38866,0.0,0.0,0.84285,1.0,0.75,0.0,1.0,1.0,0.5,0.5,0.5,1.0,1.0,0.5,0.5,0.5,0.0,0.0,1.0,1.0,1.0,0.5,0.5,1.0,0.2,0.0,1.0,1.0,1.0,0.0,1.0
1.0,1.0,1.0,1.0,0.4,0.4,0.16237,0.4,0.66667,0.0,0.5,0.0,0.0,0.36,0.0,0.965,0.0,1.0,0.9,1.0,1.0,0.9,1.0,0.31936,0.45622,0.0,0.82092,0.69624,0.0,0.0,0.91294,1.0,0.5,0.0,1.0,1.0,0.5,0.5,0.5,1.0,1.0,0.5,0.5,0.5,0.0,0.0,1.0,1.0,1.0,0.5,0.5,1.0,0.2,0.0,1.0,1.0,1.0,0.0,1.0
1.0,0.0,1.0,1.0,0.4,0.6,0.00169,0.2,0.0,0.75,0.5,0.0,0.0,0.16,0.04,0.99952,0.0,0.9,0.9,1.0,1.0,0.9,0.0,0.6254,0.89343,0.25,0.01907,0.00963,0.0,0.0,1.0,0.75,0.5,0.0,1.0,1.0,0.5,0.5,0.5,1.0,1.0,0.5,0.5,0.5,0.0,0.0,1.0,1.0,1.0,0.5,0.5,1.0,0.2,0.0,1.0,1.0,1.0,0.0,1.0
0.5,0.5,0.5,0.5,0.5,0.5,0.2,0.6,0.03333,0.0,0.5,0.0,0.0,0.2,0.0,0.5,0.5,0.5,0.5,0.5,0.5,0.5,0.5,0.0,0.0,0.75,1.0,1.0,1.0,0.0,0.0,0.5,0.5,0.0,1.0,1.0,0.5,0.5,0.5,1.0,1.0,0.5,0.5,0.5,0.5,0.5,1.0,0.5,0.5,0.5,0.5,1.0,0.2,0.0,1.0,1.0,1.0,0.5,0.5
1.0,1.0,1.0,1.0,0.6,1.0,0.17527,0.4,0.3,0.0,0.5,0.0,0.0,0.4,0.08,0.99214,0.0,1.0,1.0,1.0,1.0,0.8,1.0,0.97593,1.0,0.25,0.77349,0.60056,0.0,0.0,0.86785,0.75,0.75,0.0,0.8,0.93206,0.0,0.5,1.0,1.0,1.0,0.5,0.5,0.5,0.0,0.0,1.0,1.0,1.0,1.0,1.0,1.0,0.2,0.0,1.0,0.0,1.0,0.0,1.0
1.0,0.5,1.0,0.5,0.4,0.5,0.19575,0.4,0.33333,0.0,0.5,0.0,1.0,0.4,0.08,0.99486,0.0,1.0,1.0,1.0,1.0,1.0,0.0,0.9703,1.0,0.25,0.81008,0.71736,0.0,0.0,0.63051,1.0,0.5,0.0,1.0,1.0,0.5,0.5,0.5,1.0,1.0,0.5,0.5,0.5,0.0,0.0,1.0,1.0,1.0,1.0,1.0,1.0,0.2,0.0,1.0,0.0,1.0,0.0,1.0
1.0,1.0,1.0,1.0,0.4,0.4,0.2159,0.4,0.4,0.0,0.5,0.0,0.0,0.48,0.08,0.0,0.98658,1.0,1.0,1.0,1.0,1.0,1.0,0.97547,1.0,0.25,0.95369,0.90895,0.0,0.0,0.61886,0.25,0.5,0.0,1.0,1.0,0.5,0.5,0.5,1.0,1.0,0.5,0.5,0.5,0.0,0.0,1.0,1.0,1.0,1.0,0.39731,1.0,0.2,0.0,1.0,0.0,1.0,0.0,1.0
1.0,0.5,1.0,0.5,0.6,0.5,0.22887,0.6,0.43333,0.0,0.5,0.0,1.0,0.44,0.08,0.0,0.99728,1.0,1.0,1.0,1.0,1.0,1.0,0.98085,1.0,0.25,1.0,0.96785,0.5,0.0,0.63424,1.0,1.0,0.0,1.0,1.0,0.5,0.5,0.5,1.0,1.0,0.5,0.5,0.5,0.0,0.0,1.0,1.0,1.0,1.0,0.39731,1.0,0.2,0.0,1.0,0.0,1.0,0.0,1.0
1.0,1.0,1.0,1.0,0.6,0.6,0.25454,0.8,0.6,0.0,0.5,0.0,0.0,0.28,0.08,0.99094,0.0,1.0,1.0,1.0,1.0,1.0,0.0,0.93728,1.0,0.25,1.0,0.9231,0.5,0.0,0.66667,0.75,0.5,0.0,1.0,1.0,0.5,0.5,0.5,1.0,1.0,0.5,0.5,0.5,0.0,0.0,1.0,1.0,1.0,1.0,0.33389,1.0,0.2,0.0,1.0,0.0,1.0,0.0,1.0
1.0,0.0,1.0,0.0,1.0,0.8,0.23456,0.6,0.73333,0.0,0.5,0.0,0.0,0.24,0.08,0.99755,0.0,1.0,1.0,1.0,1.0,1.0,0.0,0.9119,1.0,0.25,0.91267,0.83315,0.0,0.0,0.66369,0.75,1.0,0.0,1.0,1.0,0.5,0.5,0.5,1.0,1.0,0.5,0.5,0.5,0.0,0.0,1.0,1.0,1.0,1.0,0.33389,1.0,0.2,0.0,1.0,0.0,1.0,0.0,1.0
1.0,1.0,1.0,1.0,0.8,0.8,0.23917,0.6,0.83333,0.0,0.5,0.0,0.0,0.24,0.08,0.0,0.99875,1.0,1.0,1.0,1.0,1.0,0.0,0.604,0.86285,0.0,0.87928,0.78457,0.0,0.0,0.93572,1.0,0.75,0.0,1.0,1.0,0.5,0.5,0.5,1.0,1.0,0.5,0.5,0.5,0.0,0.0,1.0,1.0,1.0,1.0,0.33389,1.0,0.2,0.0,1.0,0.0,1.0,1.0,1.0
1.0,1.0,1.0,1.0,0.8,0.8,0.25401,0.8,0.9,0.0,0.5,0.0,0.0,0.24,0.08,0.0,0.99791,1.0,1.0,1.0,1.0,1.0,0.0,0.64422,0.92031,0.0,0.90419,0.82514,0.0,0.0,0.94117,1.0,1.0,0.0,1.0,1.0,0.5,0.5,0.5,1.0,1.0,0.5,0.5,0.5,0.0,0.0,1.0,1.0,1.0,1.0,0.33389,1.0,0.2,0.0,1.0,0.0,1.0,1.0,1.0
1.0,1.0,1.0,1.0,0.8,0.8,0.26706,0.8,0.96667,0.0,0.5,0.0,0.0,0.24,0.08,0.0,0.99726,1.0,1.0,1.0,1.0,1.0,1.0,0.68418,0.9774,0.0,0.92247,0.8561,0.0,0.0,0.94735,1.0,1.0,0.0,1.0,1.0,0.5,0.5,0.5,1.0,1.0,0.5,0.5,0.5,0.0,0.0,1.0,1.0,1.0,1.0,0.33389,1.0,0.2,0.0,1.0,0.0,1.0,1.0,1.0
1.0,1.0,1.0,1.0,0.8,0.8,0.27862,0.8,0.0,0.96774,0.5,0.0,0.0,0.24,0.08,0.0,0.99666,1.0,1.0,1.0,1.0,1.0,1.0,0.72471,1.0,0.0,0.93512,0.87815,0.0,0.0,0.95317,1.0,1.0,0.0,1.0,1.0,0.5,0.5,0.5,1.0,1.0,0.5,0.5,0.5,0.0,0.0,1.0,1.0,1.0,1.0,0.33389,1.0,0.2,0.0,1.0,0.0,1.0,1.0,1.0
1.0,1.0,1.0,1.0,1.0,1.0,0.3273,1.0,0.0,0.90909,0.5,0.0,0.0,0.24,0.08,0.0,0.99648,1.0,1.0,1.0,1.0,1.0,1.0,0.75353,1.0,0.0,1.0,1.0,1.0,0.0,0.96682,0.5,1.0,0.0,1.0,1.0,0.5,0.5,0.5,1.0,1.0,0.5,0.5,0.5,0.0,0.0,1.0,1.0,1.0,1.0,0.33389,1.0,0.2,0.0,1.0,0.0,1.0,0.0,1.0
1.0,1.0,1.0,1.0,1.0,1.0,0.34445,1.0,0.0,0.85714,0.5,0.0,0.0,0.24,0.08,0.0,0.99793,1.0,1.0,1.0,1.0,1.0,1.0,0.78269,1.0,0.0,1.0,1.0,1.0,0.0,0.97892,1.0,1.0,0.0,1.0,1.0,0.5,0.5,0.5,1.0,1.0,0.5,0.5,0.5,0.0,0.0,1.0,1.0,1.0,1.0,0.33389,1.0,0.2,0.0,1.0,0.0,1.0,1.0,1.0
1.0,0.0,1.0,0.0,1.0,1.0,0.33174,1.0,0.0,0.81081,0.5,0.0,0.0,0.24,0.08,0.0,0.99617,1.0,1.0,1.0,1.0,1.0,1.0,0.82287,1.0,0.0,1.0,1.0,1.0,0.0,0.98245,1.0,1.0,0.0,1.0,1.0,0.5,0.5,0.5,1.0,1.0,0.5,0.5,0.5,0.0,0.0,1.0,1.0,1.0,1.0,0.33389,1.0,0.2,0.0,1.0,0.0,1.0,1.0,1.0
1.0,0.0,1.0,0.0,1.0,0.8,0.29801,0.8,0.0,0.75,0.5,0.0,0.0,0.24,0.08,0.0,0.99327,1.0,1.0,1.0,1.0,0.9,1.0,0.90061,1.0,0.0,0.89722,0.8136,0.0,0.0,0.97465,1.0,1.0,0.0,1.0,1.0,0.5,0.5,0.5,1.0,1.0,0.5,0.5,0.5,0.0,0.0,1.0,1.0,1.0,1.0,0.33389,1.0,0.2,0.0,1.0,0.0,1.0,1.0,1.0
0.5,0.5,0.5,0.5,0.5,0.5,0.07719,0.1,0.16667,0.0,1.0,0.0,0.0,0.35,0.0,0.97912,0.0,0.95556,0.93333,1.0,1.0,0.5,1.0,0.70705,1.0,0.22222,0.82892,0.66435,0.0,0.0,0.83775,1.0,0.5,0.0,1.0,1.0,0.5,0.5,0.5,1.0,1.0,0.5,0.5,0.5,0.0,0.0,1.0,1.0,1.0,0.5,0.5,1.0,0.1,0.0,1.0,1.0,1.0,0.33333,0.5
1.0,1.0,1.0,1.0,0.5,0.3,0.08862,0.3,0.23333,0.0,1.0,0.0,0.0,0.34,0.0,0.0,0.98772,1.0,0.75556,1.0,1.0,0.95556,1.0,0.77545,1.0,0.22222,0.92928,0.8057,0.25,0.0,0.84504,1.0,0.88889,0.0,1.0,1.0,0.5,0.5,0.5,1.0,1.0,0.5,0.5,0.5,0.0,0.0,1.0,1.0,1.0,0.5,0.5,1.0,0.1,0.0,1.0,1.0,1.0,0.5,1.0
1.0,1.0,1.0,1.0,0.8,0.6,0.10831,0.6,0.43333,0.0,1.0,0.0,0.0,0.3,0.04,0.95472,0.0,0.88889,0.82222,0.82222,1.0,0.93333,1.0,0.73403,1.0,0.11111,1.0,0.96932,0.75,0.0,0.90489,1.0,0.77778,0.0,1.0,1.0,0.5,0.5,0.5,1.0,1.0,0.5,0.5,0.5,0.0,0.0,1.0,1.0,1.0,0.31713,0.35315,1.0,0.1,0.0,1.0,0.0,1.0,0.5,1.0
0.5,0.5,0.5,0.5,0.5,0.5,0.0868,0.1,0.1,0.0,1.0,0.0,0.0,0.82,0.0,1.0,0.0,1.0,1.0,1.0,1.0,0.5,0.0,0.99279,1.0,0.33333,0.87607,0.76388,0.0,0.0,0.94392,0.0,0.5,0.0,1.0,1.0,0.5,0.5,0.5,1.0,1.0,0.5,0.5,0.5,0.0,0.0,1.0,1.0,1.0,0.5,0.5,1.0,0.1,0.0,1.0,1.0,1.0,0.33333,0.5
1.0,1.0,1.0,1.0,0.1,0.7,0.01562,0.1,0.53333,0.0,1.0,0.0,0.0,0.48,0.07,0.99144,0.0,1.0,1.0,1.0,1.0,0.4,1.0,0.57819,0.82599,0.11111,0.25531,0.14634,0.0,0.0,1.0,1.0,0.44444,0.0,1.0,1.0,0.5,0.5,0.5,1.0,1.0,0.5,0.5,0.5,0.0,0.0,1.0,1.0,1.0,0.49191,0.77241,1.0,0.1,0.0,1.0,0.0,1.0,1.0,1.0
0.0,0.0,0.0,0.0,0.1,0.1,0.0078,0.1,0.63333,0.0,1.0,0.0,0.0,0.45,0.07,0.99703,0.0,1.0,1.0,1.0,1.0,1.0,1.0,0.7635,1.0,0.33333,0.08374,0.05903,0.0,0.0,0.99674,0.77778,0.55556,0.0,1.0,1.0,0.5,0.5,0.5,1.0,1.0,0.5,0.5,0.5,0.0,0.0,1.0,1.0,1.0,0.49191,0.77241,1.0,0.1,0.0,1.0,0.0,1.0,0.0,1.0
0.5,0.5,0.5,0.5,0.5,0.5,0.04862,0.1,0.2,0.0,1.0,0.0,0.0,0.12,0.0,0.99692,0.0,0.95556,0.95556,1.0,1.0,0.5,1.0,0.64711,0.92444,0.11111,0.47942,0.37286,0.0,0.0,0.44444,1.0,0.5,0.0,1.0,1.0,0.5,0.5,0.5,1.0,1.0,0.5,0.5,0.5,0.0,0.0,1.0,1.0,1.0,0.5,0.5,1.0,0.1,0.0,1.0,1.0,1.0,0.5,0.5
0.5,0.5,0.5,0.5,0.5,0.5,0.08617,0.1,0.1,0.0,1.0,0.0,0.0,0.65,0.0,0.91689,0.0,1.0,1.0,1.0,1.0,0.5,0.0,0.88912,1.0,0.11111,0.87303,0.73926,0.0,0.0,0.9067,0.77778,0.5,0.0,1.0,1.0,0.5,0.5,0.5,1.0,1.0,0.5,0.5,0.5,0.0,0.0,1.0,1.0,1.0,0.5,0.5,1.0,0.1,0.0,1.0,1.0,1.0,0.57143,0.5
0.5,0.5,0.5,0.5,0.5,0.5,0.18574,1.0,0.1,0.0,1.0,0.0,0.0,0.27,0.03,0.45582,0.0,0.71111,0.71111,0.66667,1.0,0.5,1.0,0.95332,1.0,0.11111,1.0,1.0,1.0,0.0,0.8974,0.88889,0.5,0.0,1.0,1.0,0.5,0.5,0.5,1.0,1.0,0.5,0.5,0.5,0.0,0.0,1.0,1.0,1.0,1.0,1.0,1.0,0.1,0.0,1.0,0.0,1.0,0.0,0.5
1.0,0.0,1.0,0.0,1.0,1.0,0.04807,0.3,0.33333,0.0,1.0,0.0,0.0,0.26,0.12,0.98229,0.0,1.0,1.0,0.82222,0.8,0.6,0.0,0.65392,0.93417,0.11111,0.67023,0.35747,0.25,0.0,0.89607,0.77778,0.66667,0.0,1.0,1.0,0.5,0.5,0.5,1.0,1.0,0.5,0.5,0.5,0.0,0.0,1.0,1.0,1.0,1.0,1.0,1.0,0.1,0.0,1.0,0.0,1.0,0.0,1.0
0.0,0.0,0.0,0.0,0.3,0.3,0.03306,0.3,0.43333,0.0,1.0,0.0,0.0,0.23,0.12,0.99541,0.0,1.0,1.0,0.75556,0.8,1.0,1.0,0.64395,0.91993,0.11111,0.48236,0.24625,0.25,0.0,0.89005,0.77778,1.0,0.0,0.9,0.99201,1.0,1.0,1.0,1.0,1.0,0.5,0.5,0.5,0.0,0.0,1.0,1.0,1.0,1.0,1.0,1.0,0.1,0.0,1.0,0.0,1.0,0.0,1.0
0.0,0.0,0.0,0.0,0.3,0.3,0.02475,0.3,0.6,0.0,1.0,0.0,0.0,0.12,0.12,0.0,0.99339,1.0,1.0,0.68889,1.0,0.88889,1.0,0.65109,0.93013,0.11111,0.36533,0.18163,0.25,0.0,0.88944,1.0,1.0,0.0,1.0,1.0,0.5,1.0,0.5,1.0,1.0,0.5,0.5,0.5,0.0,0.0,1.0,1.0,1.0,1.0,1.0,1.0,0.1,0.0,1.0,0.0,1.0,0.0,1.0
0.0,0.0,1.0,0.0,0.3,0.3,0.022,0.3,0.66667,0.0,1.0,0.0,0.0,0.14,0.13,0.0,0.98903,1.0,1.0,0.6,0.62222,0.88889,1.0,0.70768,1.0,0.22222,0.22514,0.13327,0.0,0.0,0.91404,0.66667,0.66667,0.0,1.0,1.0,0.5,1.0,0.5,1.0,1.0,0.5,0.5,0.5,0.0,0.0,1.0,1.0,1.0,1.0,1.0,1.0,0.1,0.0,1.0,0.0,1.0,0.33333,1.0
0.5,0.5,0.5,0.5,0.5,0.5,0.08375,0.2,0.26667,0.0,1.0,0.0,0.0,0.26,0.0,0.98212,0.0,0.95556,1.0,1.0,1.0,0.5,1.0,0.7865,1.0,0.11111,0.81352,0.72316,0.0,0.0,0.89085,0.88889,0.5,0.0,1.0,1.0,0.5,0.5,0.5,1.0,1.0,0.5,0.5,0.5,0.0,0.0,1.0,1.0,1.0,0.5,0.5,1.0,0.1,0.0,1.0,1.0,1.0,0.5,0.5
1.0,1.0,1.0,1.0,0.5,0.5,0.08384,0.2,0.43333,0.0,1.0,0.0,0.0,0.28,0.0,0.99352,0.0,1.0,1.0,1.0,1.0,0.91111,1.0,0.42795,0.61136,0.0,0.73238,0.6238,0.0,0.0,0.8879,1.0,0.88889,0.0,1.0,1.0,0.5,0.5,0.5,1.0,1.0,0.5,0.5,0.5,0.0,0.0,1.0,1.0,1.0,0.5,0.5,1.0,0.1,0.0,1.0,1.0,1.0,0.66667,1.0
1.0,1.0,1.0,1.0,0.6,0.6,0.0953,0.5,0.53333,0.0,1.0,0.0,0.0,0.28,0.0,0.0,0.99428,1.0,1.0,1.0,1.0,1.0,1.0,0.42834,0.61192,0.0,0.83207,0.70784,0.0,0.0,0.90659,1.0,1.0,0.0,1.0,1.0,0.5,0.5,0.5,1.0,1.0,0.5,0.5,0.5,0.0,0.0,1.0,1.0,1.0,0.5,0.5,1.0,0.1,0.0,1.0,1.0,1.0,0.33333,1.0
1.0,1.0,1.0,1.0,0.7,0.9,0.12247,0.9,0.6,0.0,1.0,0.0,0.0,0.33,0.0,0.99723,0.0,1.0,1.0,1.0,1.0,1.0,1.0,0.43106,0.6158,0.0,1.0,0.98087,0.66667,0.0,0.91659,1.0,1.0,0.0,1.0,1.0,0.5,0.5,0.5,1.0,1.0,0.5,0.5,0.5,0.0,0.0,1.0,1.0,1.0,0.5,0.5,1.0,0.1,0.0,1.0,1.0,1.0,0.0,1.0
1.0,1.0,1.0,1.0,1.0,1.0,0.11994,0.9,0.7,0.0,1.0,0.0,0.0,0.29,0.0,0.0,0.99819,0.93333,0.93333,1.0,1.0,0.93333,0.0,0.72709,1.0,0.11111,1.0,0.87611,0.66667,0.0,0.93383,0.88889,1.0,0.0,1.0,1.0,0.5,0.5,0.5,1.0,1.0,0.5,0.5,0.5,0.0,0.0,1.0,1.0,1.0,0.5,0.5,1.0,0.1,0.0,1.0,1.0,1.0,0.33333,1.0
1.0,1.0,1.0,0.0,0.9,0.8,0.10095,0.7,0.86667,0.0,1.0,0.0,0.0,0.26,0.0,0.98875,0.0,1.0,0.91111,1.0,1.0,0.93333,1.0,0.74248,1.0,0.11111,0.86723,0.6564,0.33333,0.0,0.91857,0.88889,0.77778,0.0,1.0,1.0,0.5,0.5,0.5,1.0,1.0,0.5,0.5,0.5,0.0,0.0,1.0,1.0,1.0,0.5,0.5,1.0,0.1,0.0,1.0,1.0,1.0,0.33333,1.0
1.0,1.0,1.0,1.0,0.8,0.8,0.11315,0.8,0.96667,0.0,1.0,0.0,0.0,0.24,0.0,0.0,0.99559,1.0,0.91111,1.0,1.0,1.0,0.0,0.72993,1.0,0.11111,0.99831,0.74414,0.66667,0.0,0.82702,0.77778,0.77778,0.0,1.0,1.0,0.5,0.5,0.5,1.0,1.0,0.5,0.5,0.5,0.0,0.0,1.0,1.0,1.0,0.5,0.5,1.0,0.1,0.0,1.0,1.0,1.0,0.0,1.0
0.5,0.5,0.5,0.5,0.5,0.5,0.11512,1.0,0.1,0.0,1.0,0.0,0.0,0.77,0.0,1.0,0.0,1.0,1.0,1.0,1.0,0.5,1.0,0.76717,1.0,0.11111,1.0,1.0,1.0,0.0,0.95084,1.0,0.5,0.0,1.0,1.0,0.5,0.5,0.5,1.0,1.0,0.5,0.5,0.5,0.0,0.0,1.0,1.0,1.0,0.5,0.5,1.0,0.1,0.0,1.0,1.0,1.0,0.75,0.5
1.0,1.0,0.0,1.0,1.0,1.0,0.08425,0.3,0.4,0.0,1.0,0.0,0.0,0.49,0.01,0.99315,0.0,1.0,1.0,1.0,1.0,0.64444,0.0,0.59079,0.84398,0.11111,1.0,0.9582,0.5,0.0,1.0,0.77778,0.33333,0.0,1.0,1.0,0.5,0.5,0.5,1.0,1.0,0.5,0.5,0.5,0.0,0.0,1.0,1.0,1.0,1.0,0.6375,1.0,0.1,0.0,1.0,0.0,1.0,0.5,1.0
0.5,0.5,0.5,0.5,0.5,0.5,0.11041,0.9,0.23333,0.0,1.0,0.0,0.0,0.55,0.04,0.72981,0.0,1.0,1.0,1.0,1.0,0.5,0.0,0.98192,1.0,0.11111,1.0,1.0,1.0,0.0,0.95404,0.88889,0.5,0.0,0.9,0.88134,0.69047,0.5,1.0,1.0,1.0,0.5,0.5,0.5,0.0,0.0,1.0,1.0,1.0,0.65448,0.59393,1.0,0.1,0.0,1.0,0.0,1.0,0.0,0.5
0.5,0.5,0.5,0.5,0.5,0.5,0.09067,0.2,0.33333,0.0,1.0,0.0,0.0,0.42,0.0,0.96899,0.0,1.0,1.0,1.0,1.0,0.5,1.0,0.79784,1.0,0.0,0.87007,0.77067,0.0,0.0,0.96369,1.0,0.5,0.0,1.0,1.0,0.5,0.5,0.5,1.0,1.0,0.5,0.5,0.5,0.0,0.0,1.0,1.0,1.0,0.5,0.5,1.0,0.1,0.0,1.0,1.0,1.0,0.8,0.5
0.5,0.5,0.5,0.5,0.5,0.5,0.05667,0.1,0.43333,0.0,1.0,0.0,0.0,0.4,0.0,0.98009,0.0,1.0,1.0,1.0,1.0,0.5,1.0,0.55431,0.79188,0.0,0.54371,0.42823,0.0,0.0,0.94213,0.88889,0.5,0.0,1.0,1.0,0.5,0.5,0.5,1.0,1.0,0.5,0.5,0.5,0.0,0.0,1.0,1.0,1.0,0.5,0.5,1.0,0.1,0.0,1.0,1.0,1.0,0.75,0.5
0.5,0.5,0.5,0.5,0.5,0.5,0.03691,0.1,0.9,0.0,1.0,0.0,0.0,0.43,0.03,0.98349,0.0,1.0,1.0,1.0,1.0,0.5,1.0,0.94806,1.0,0.11111,0.39184,0.3188,0.0,0.0,0.99272,1.0,0.5,0.0,1.0,1.0,0.5,0.5,0.5,1.0,1.0,0.5,0.5,0.5,0.0,0.0,1.0,1.0,1.0,0.02595,0.054,1.0,0.1,0.0,1.0,0.0,1.0,0.5,0.5
0.5,0.5,0.5,0.5,0.5,0.5,0.08542,0.1,0.2,0.0,1.0,0.0,0.0,0.55,0.0,0.89934,0.0,1.0,1.0,1.0,1.0,0.5,1.0,0.9819,1.0,0.0,0.86199,0.8046,0.0,0.0,0.97797,0.88889,0.5,0.0,1.0,1.0,0.5,0.5,0.5,1.0,1.0,0.5,0.5,0.5,0.0,0.0,1.0,1.0,1.0,0.5,0.5,1.0,0.1,0.0,1.0,1.0,1.0,0.5,0.5
1.0,1.0,1.0,1.0,0.3,0.1,0.07367,0.1,0.36667,0.0,1.0,0.0,0.0,0.49,0.0,0.9644,0.0,1.0,1.0,1.0,1.0,1.0,1.0,0.96294,1.0,0.0,0.75075,0.67009,0.0,0.0,0.98878,0.88889,1.0,0.0,1.0,1.0,0.5,0.5,0.5,1.0,1.0,0.5,0.5,0.5,0.0,0.0,1.0,1.0,1.0,0.5,0.5,1.0,0.1,0.0,1.0,1.0,1.0,0.5,1.0
1.0,1.0,1.0,0.0,0.1,0.1,0.06682,0.1,0.46667,0.0,1.0,0.0,0.0,0.46,0.0,0.98248,0.0,1.0,1.0,1.0,1.0,1.0,0.0,0.95291,1.0,0.0,0.6845,0.59449,0.0,0.0,0.99258,0.88889,1.0,0.0,1.0,1.0,0.5,0.5,0.5,1.0,1.0,0.5,0.5,0.5,0.0,0.0,1.0,1.0,1.0,0.5,0.5,1.0,0.1,0.0,1.0,1.0,1.0,0.5,1.0
1.0,1.0,1.0,1.0,0.1,0.1,0.06925,0.1,0.53333,0.0,1.0,0.0,0.0,0.46,0.0,0.98917,0.0,1.0,1.0,1.0,1.0,1.0,0.0,0.94495,1.0,0.0,0.71242,0.63813,0.0,0.0,0.99529,0.88889,1.0,0.0,1.0,1.0,0.5,0.5,0.5,1.0,1.0,0.5,0.5,0.5,0.0,0.0,1.0,1.0,1.0,0.5,0.5,1.0,0.1,0.0,1.0,1.0,1.0,0.5,1.0
0.5,0.5,0.5,0.5,0.5,0.5,0.17137,1.0,0.26667,0.0,1.0,0.0,0.0,0.38,0.07,0.9944,0.0,0.57778,1.0,0.84444,1.0,0.5,0.0,0.91038,1.0,0.22222,1.0,1.0,1.0,0.0,1.0,0.77778,0.5,0.0,1.0,1.0,0.5,0.5,0.5,1.0,1.0,0.5,0.5,0.5,0.0,0.0,1.0,1.0,1.0,1.0,0.58623,1.0,0.1,0.0,1.0,0.0,1.0,0.0,0.5
1.0,1.0,1.0,1.0,1.0,1.0,0.21097,1.0,0.33333,0.0,1.0,0.0,0.0,0.31,0.07,0.0,0.98197,1.0,1.0,1.0,1.0,1.0,1.0,0.99449,1.0,0.22222,1.0,1.0,1.0,0.0,1.0,0.88889,1.0,0.0,0.9,0.90594,0.99434,1.0,1.0,1.0,1.0,0.5,0.5,0.5,0.0,0.0,1.0,1.0,1.0,1.0,0.6375,1.0,0.1,0.0,1.0,0.0,1.0,0.0,1.0
1.0,0.0,1.0,0.0,1.0,1.0,0.17591,0.8,0.53333,0.0,1.0,0.0,0.0,0.27,0.1,0.99399,0.0,0.68889,1.0,0.6,1.0,0.6,0.0,0.77886,1.0,0.0,1.0,0.91805,0.33333,0.0,0.97266,1.0,0.66667,0.0,1.0,1.0,0.5,1.0,0.5,1.0,1.0,0.5,0.5,0.5,0.0,0.0,1.0,1.0,1.0,1.0,0.12661,1.0,0.1,0.0,1.0,0.0,1.0,0.66667,1.0
1.0,1.0,0.0,1.0,0.8,0.9,0.14551,0.8,0.0,0.96774,1.0,0.0,0.0,0.19,0.05,0.0,0.99221,1.0,1.0,0.91111,0.97778,0.64444,1.0,0.98079,1.0,0.11111,0.63692,0.49809,0.0,0.0,0.9648,1.0,0.88889,0.0,1.0,1.0,0.5,1.0,0.5,1.0,1.0,0.5,0.5,0.5,0.0,0.0,1.0,1.0,1.0,1.0,0.53552,1.0,0.1,0.0,1.0,0.0,1.0,1.0,1.0
1.0,1.0,1.0,1.0,0.8,0.8,0.16766,0.8,0.0,0.88235,1.0,0.0,0.0,0.19,0.02,0.0,0.99529,1.0,1.0,0.88889,1.0,0.97778,1.0,0.87849,1.0,0.11111,0.83313,0.54516,0.5,0.0,1.0,1.0,0.77778,0.0,1.0,1.0,0.5,1.0,0.5,1.0,1.0,0.5,0.5,0.5,0.0,0.0,1.0,1.0,1.0,1.0,0.53552,1.0,0.1,0.0,1.0,0.0,1.0,0.5,1.0
1.0,1.0,1.0,1.0,0.8,0.8,0.18412,0.8,0.0,0.83333,1.0,0.0,0.0,0.19,0.03,0.0,0.98978,0.97778,1.0,0.91111,1.0,0.97778,1.0,0.93363,1.0,0.11111,0.85523,0.56383,0.5,0.0,1.0,0.88889,1.0,0.0,1.0,1.0,0.5,1.0,0.5,1.0,1.0,0.5,0.5,0.5,0.0,0.0,1.0,1.0,1.0,1.0,0.4184,1.0,0.1,0.0,1.0,0.0,1.0,0.5,1.0
1.0,1.0,1.0,1.0,0.8,0.8,0.20024,0.8,0.0,0.78947,1.0,0.0,0.0,0.2,0.03,0.0,0.97014,0.91111,0.91111,0.82222,0.91111,0.91111,1.0,0.98524,1.0,0.11111,0.87383,0.61806,0.5,0.0,1.0,1.0,1.0,0.0,1.0,1.0,0.5,1.0,0.5,1.0,1.0,0.5,0.5,0.5,0.0,0.0,1.0,1.0,1.0,1.0,0.4184,1.0,0.1,0.0,1.0,0.0,1.0,1.0,1.0
1.0,1.0,1.0,1.0,0.8,0.8,0.21276,0.8,0.0,0.75,1.0,0.0,0.0,0.17,0.04,0.0,0.97398,1.0,1.0,1.0,1.0,0.91111,0.0,0.9703,1.0,0.22222,0.87869,0.60956,0.5,0.0,1.0,0.77778,1.0,0.0,1.0,1.0,0.5,1.0,0.5,1.0,1.0,0.5,0.5,0.5,0.0,0.0,1.0,1.0,1.0,1.0,0.4184,1.0,0.1,0.0,1.0,0.0,1.0,0.5,1.0
0.5,0.5,0.5,0.5,0.5,0.5,0.08953,0.4,0.36667,0.0,1.0,0.0,0.0,0.35,0.05,0.99831,0.0,1.0,1.0,1.0,1.0,0.5,1.0,0.89817,1.0,0.11111,0.868,0.68298,0.2,0.0,0.94956,0.88889,0.5,0.0,1.0,1.0,0.5,0.5,0.5,1.0,1.0,0.5,0.5,0.5,0.0,0.0,1.0,1.0,1.0,0.5,0.5,1.0,0.1,0.0,1.0,1.0,1.0,0.8,0.5
0.0,0.0,1.0,0.0,0.5,0.2,0.08148,0.2,0.43333,0.0,1.0,0.0,0.0,0.3,0.05,0.99622,0.0,1.0,1.0,0.86667,1.0,1.0,1.0,0.97639,1.0,0.11111,0.71757,0.56202,0.0,0.0,0.94131,0.77778,0.77778,0.0,1.0,1.0,0.5,0.5,0.5,1.0,1.0,0.5,0.5,0.5,0.0,0.0,1.0,1.0,1.0,0.5,0.5,1.0,0.1,0.0,1.0,1.0,1.0,0.4,1.0
0.0,0.0,0.0,0.0,0.2,0.2,0.03719,0.2,0.63333,0.0,1.0,0.0,0.0,0.13,0.05,0.99535,0.0,0.97778,0.97778,0.8,0.84444,0.97778,1.0,0.9088,1.0,0.11111,0.35559,0.26558,0.0,0.0,0.88744,0.33333,0.77778,0.0,1.0,1.0,0.5,0.5,0.5,1.0,1.0,0.5,0.5,0.5,0.0,0.0,1.0,1.0,1.0,0.5,0.5,1.0,0.1,0.0,1.0,1.0,1.0,0.2,1.0
0.0,0.0,0.0,0.0,0.2,0.2,0.03667,0.2,0.7,0.0,1.0,0.0,0.0,0.11,0.05,0.99289,0.0,1.0,1.0,0.8,1.0,0.95556,1.0,0.91102,1.0,0.11111,0.34955,0.25672,0.0,0.0,0.87653,0.88889,1.0,0.0,1.0,1.0,0.5,0.5,0.5,1.0,1.0,0.5,0.5,0.5,0.0,0.0,1.0,1.0,1.0,0.5,0.5,1.0,0.1,0.0,1.0,1.0,1.0,0.0,1.0
0.0,1.0,1.0,1.0,0.2,0.2,0.03282,0.2,0.0,0.9375,1.0,0.0,0.0,0.11,0.05,0.0,0.99849,1.0,0.91111,0.88889,1.0,0.88889,1.0,0.63194,0.90278,0.22222,0.45335,0.22481,0.33333,0.0,0.78766,1.0,0.11111,0.0,1.0,1.0,0.5,0.5,0.5,1.0,1.0,0.5,0.5,0.5,0.0,0.0,1.0,1.0,1.0,0.5,0.5,1.0,0.1,0.0,1.0,1.0,1.0,0.66667,1.0
0.5,0.5,0.5,0.5,0.5,0.5,0.13335,1.0,0.13333,0.0,1.0,0.0,0.0,0.39,0.01,0.35577,0.0,1.0,1.0,1.0,1.0,0.5,0.0,0.7687,1.0,0.11111,1.0,1.0,1.0,0.0,0.93443,0.88889,0.5,0.0,1.0,1.0,0.5,0.5,0.5,1.0,1.0,0.5,0.5,0.5,0.0,0.0,1.0,1.0,1.0,1.0,1.0,1.0,0.1,0.0,1.0,0.0,1.0,0.0,0.5
1.0,1.0,1.0,1.0,1.0,1.0,0.12668,0.6,0.36667,0.0,1.0,0.0,0.0,0.28,0.06,0.0,0.99489,0.91111,1.0,0.91111,1.0,0.91111,1.0,0.89503,1.0,0.11111,1.0,0.97967,0.25,0.0,0.96823,0.77778,0.77778,1.0,0.9,0.89835,0.5374,1.0,1.0,1.0,1.0,0.5,0.5,0.5,0.10292,0.0,0.0,1.0,1.0,1.0,1.0,1.0,0.0,0.0,1.0,0.0,1.0,0.5,1.0
0.5,0.5,0.5,0.5,0.5,0.5,0.05264,0.13333,0.13333,0.0,0.0,0.66667,0.0,0.19556,0.0,0.9851,0.0,0.92381,0.98095,1.0,1.0,0.5,0.0,0.64397,0.91996,0.07143,0.78168,0.68953,0.0,0.0,0.7597,1.0,0.5,0.0,1.0,1.0,0.5,0.5,0.5,1.0,1.0,0.5,0.5,0.5,0.0,0.0,1.0,1.0,1.0,0.5,0.5,1.0,0.06667,0.0,1.0,1.0,1.0,0.75,0.5
1.0,1.0,1.0,1.0,0.2,0.2,0.05799,0.2,0.2,0.0,0.0,0.66667,0.0,0.19556,0.0,0.99306,0.0,0.98095,0.91429,1.0,1.0,0.98095,1.0,0.71342,1.0,0.14286,0.84893,0.76388,0.0,0.0,0.8472,0.85714,0.78571,0.0,1.0,1.0,0.5,0.5,0.5,1.0,1.0,0.5,0.5,0.5,0.0,0.0,1.0,1.0,1.0,0.5,0.5,1.0,0.06667,0.0,1.0,1.0,1.0,0.6,1.0
1.0,0.5,1.0,0.5,0.2,0.5,0.0611,0.2,0.23333,0.0,0.0,0.66667,1.0,0.18222,0.0,0.97858,0.0,1.0,0.91429,1.0,1.0,1.0,0.0,0.71238,1.0,0.14286,0.8994,0.80848,0.0,0.0,0.87496,1.0,1.0,0.0,1.0,1.0,0.5,0.5,0.5,1.0,1.0,0.5,0.5,0.5,0.0,0.0,1.0,1.0,1.0,0.5,0.5,1.0,0.06667,0.0,1.0,1.0,1.0,0.0,1.0
1.0,0.5,1.0,0.5,0.4,0.5,0.06571,0.4,0.26667,0.0,0.0,0.66667,1.0,0.17333,0.0,0.9836,0.0,1.0,0.97143,1.0,1.0,1.0,0.0,0.71081,1.0,0.14286,0.9733,0.89269,0.4,1.0,0.89666,1.0,1.0,0.0,1.0,1.0,0.5,0.5,0.5,1.0,1.0,0.5,0.5,0.5,0.0,0.0,1.0,1.0,1.0,0.5,0.5,1.0,0.06667,0.0,1.0,1.0,1.0,0.0,1.0
1.0,0.0,1.0,0.0,0.53333,0.33333,0.06083,0.33333,0.33333,0.0,0.0,0.66667,0.0,0.19111,0.0,0.99879,0.0,1.0,1.0,1.0,1.0,1.0,1.0,0.71937,1.0,0.14286,0.88499,0.74673,0.0,1.0,0.92241,1.0,1.0,0.0,1.0,1.0,0.5,0.5,0.5,1.0,1.0,0.5,0.5,0.5,0.0,0.0,1.0,1.0,1.0,0.5,0.5,1.0,0.06667,0.0,1.0,1.0,1.0,0.8,1.0
1.0,0.5,1.0,0.5,0.4,0.5,0.06297,0.4,0.36667,0.0,0.0,0.66667,1.0,0.18222,0.0,0.0,0.99763,0.93333,0.98095,1.0,1.0,0.93333,0.0,0.62554,0.89363,0.07143,0.98754,0.87945,0.5,0.0,0.89351,1.0,0.78571,0.0,1.0,1.0,0.5,0.5,0.5,1.0,1.0,0.5,0.5,0.5,0.0,0.0,1.0,1.0,1.0,0.5,0.5,1.0,0.06667,0.0,1.0,1.0,1.0,0.0,1.0
1.0,1.0,1.0,1.0,0.53333,0.8,0.08049,0.8,0.5,0.0,0.0,0.66667,0.0,0.15556,0.00889,0.88172,0.0,0.99048,1.0,1.0,1.0,1.0,1.0,0.77061,1.0,0.14286,1.0,0.87707,0.6,0.0,0.94783,1.0,0.78571,0.0,1.0,1.0,0.5,0.5,0.5,1.0,1.0,0.5,0.5,0.5,0.0,0.0,1.0,1.0,1.0,1.0,0.55189,1.0,0.06667,0.0,1.0,0.0,1.0,0.8,1.0
1.0,0.5,1.0,0.5,0.8,0.5,0.08407,0.8,0.53333,0.0,0.0,0.66667,1.0,0.16,0.00889,0.94687,0.0,1.0,1.0,1.0,1.0,1.0,1.0,0.78013,1.0,0.14286,1.0,0.86863,0.6,0.0,0.95203,1.0,1.0,0.0,1.0,1.0,0.5,0.5,0.5,1.0,1.0,0.5,0.5,0.5,0.0,0.0,1.0,1.0,1.0,1.0,0.55189,1.0,0.06667,0.0,1.0,0.0,1.0,0.0,1.0
1.0,0.0,1.0,0.0,0.8,0.6,0.07202,0.6,0.6,0.0,0.0,0.66667,0.0,0.15556,0.00889,0.99409,0.0,1.0,1.0,1.0,1.0,1.0,1.0,0.8005,1.0,0.14286,0.85535,0.66406,0.0,0.0,0.95561,0.85714,1.0,0.0,1.0,1.0,0.5,0.5,0.5,1.0,1.0,0.5,0.5,0.5,0.0,0.0,1.0,1.0,1.0,1.0,0.11835,1.0,0.06667,0.0,1.0,0.0,1.0,0.6,1.0
1.0,0.0,1.0,0.0,0.6,0.53333,0.06608,0.53333,0.66667,0.0,0.0,0.66667,0.0,0.17778,0.00889,0.0,0.99529,1.0,1.0,1.0,1.0,1.0,1.0,0.81701,1.0,0.14286,0.7598,0.58958,0.0,0.0,0.95237,1.0,1.0,0.0,1.0,1.0,0.5,0.5,0.5,1.0,1.0,0.5,0.5,0.5,0.0,0.0,1.0,1.0,1.0,1.0,0.11835,1.0,0.06667,0.0,1.0,0.0,1.0,0.8,1.0
0.5,0.5,0.5,0.5,0.5,0.5,0.07159,1.0,0.13333,0.0,0.0,0.66667,0.0,0.75111,0.0,0.0,1.0,1.0,1.0,1.0,1.0,0.5,0.0,0.96753,1.0,0.28571,1.0,1.0,1.0,0.0,0.98107,1.0,0.5,0.0,1.0,1.0,0.5,0.5,0.5,1.0,1.0,0.5,0.5,0.5,0.0,0.0,1.0,1.0,1.0,0.5,0.5,1.0,0.06667,0.0,1.0,1.0,1.0,0.8,0.5
1.0,1.0,1.0,1.0,1.0,1.0,0.08471,1.0,0.2,0.0,0.0,0.66667,0.0,0.48,0.00444,0.32662,0.0,0.90476,1.0,1.0,1.0,0.48571,1.0,0.96029,1.0,0.71429,1.0,1.0,1.0,0.0,0.98997,0.28571,1.0,0.0,1.0,1.0,0.5,0.5,0.5,1.0,1.0,0.5,0.5,0.5,0.0,0.0,1.0,1.0,1.0,1.0,1.0,1.0,0.06667,0.0,1.0,0.0,1.0,0.0,1.0
1.0,1.0,0.0,1.0,1.0,1.0,0.09031,1.0,0.26667,0.0,0.0,0.66667,0.0,0.42222,0.00889,0.75988,0.0,0.87619,1.0,0.87619,1.0,0.87619,1.0,0.97725,1.0,0.64286,1.0,1.0,1.0,0.0,0.99254,0.35714,0.92857,0.0,1.0,1.0,0.5,0.5,0.5,1.0,1.0,0.5,0.5,0.5,0.0,0.0,1.0,1.0,1.0,1.0,1.0,1.0,0.06667,0.0,1.0,0.0,1.0,0.0,1.0
1.0,1.0,0.0,1.0,1.0,1.0,0.09804,1.0,0.33333,0.0,0.0,0.66667,0.0,0.39556,0.01333,0.94869,0.0,0.77143,1.0,0.87619,1.0,0.77143,0.0,0.56705,0.81008,0.07143,1.0,1.0,1.0,0.0,1.0,0.92857,0.42857,0.0,1.0,1.0,0.5,1.0,0.5,1.0,1.0,0.5,0.5,0.5,0.0,0.0,1.0,1.0,1.0,1.0,1.0,1.0,0.06667,0.0,1.0,0.0,1.0,0.0,1.0
1.0,0.5,1.0,0.5,1.0,0.5,0.09828,1.0,0.36667,0.0,0.0,0.66667,1.0,0.39111,0.01333,0.99622,0.0,1.0,1.0,0.87619,1.0,1.0,0.0,0.56566,0.80808,0.07143,1.0,1.0,1.0,0.0,1.0,1.0,1.0,0.0,1.0,1.0,0.5,1.0,0.5,1.0,1.0,0.5,0.5,0.5,0.0,0.0,1.0,1.0,1.0,1.0,1.0,1.0,0.06667,0.0,1.0,0.0,1.0,0.0,1.0
0.0,1.0,0.0,0.0,1.0,1.0,0.07208,0.73333,0.5,0.0,0.0,0.66667,0.0,0.45333,0.01778,0.0,0.9873,1.0,1.0,0.9619,1.0,0.87619,0.0,0.55492,0.79275,0.07143,1.0,1.0,1.0,0.0,1.0,0.85714,1.0,0.0,1.0,1.0,0.5,1.0,0.5,1.0,1.0,0.5,0.5,0.5,0.0,0.0,1.0,1.0,1.0,1.0,1.0,1.0,0.06667,0.0,1.0,0.0,1.0,0.0,1.0
1.0,0.0,0.0,0.0,0.8,0.46667,0.06451,0.46667,0.56667,0.0,0.0,0.66667,0.0,0.47111,0.01778,0.0,0.9941,1.0,1.0,0.9619,1.0,1.0,0.0,0.54934,0.78477,0.07143,1.0,1.0,1.0,0.0,1.0,0.85714,1.0,0.0,1.0,1.0,0.5,1.0,0.5,1.0,1.0,0.5,0.5,0.5,0.0,0.0,1.0,1.0,1.0,1.0,1.0,1.0,0.06667,0.0,1.0,0.0,1.0,0.0,1.0
1.0,0.5,0.0,0.5,0.46667,0.5,0.06439,0.46667,0.6,0.0,0.0,0.66667,1.0,0.47556,0.01778,0.0,0.99832,1.0,1.0,0.9619,1.0,1.0,1.0,0.5514,0.78772,0.07143,1.0,1.0,1.0,0.0,1.0,1.0,0.85714,0.0,1.0,1.0,0.5,1.0,0.5,1.0,1.0,0.5,0.5,0.5,0.0,0.0,1.0,1.0,1.0,1.0,1.0,1.0,0.06667,0.0,1.0,0.0,1.0,0.0,1.0
0.5,0.5,0.5,0.5,0.5,0.5,0.03535,0.06667,0.16667,0.0,0.0,0.66667,0.0,0.08,0.0,0.99932,0.0,0.9619,0.97143,1.0,1.0,0.5,0.0,0.02474,0.03534,0.07143,0.64215,0.47292,0.0,0.0,0.5,0.85714,0.5,0.0,1.0,1.0,0.5,0.5,0.5,1.0,1.0,0.5,0.5,0.5,0.0,0.0,1.0,1.0,1.0,0.5,0.5,1.0,0.06667,0.0,1.0,1.0,1.0,1.0,0.5
0.0,0.5,0.0,0.5,0.06667,0.5,0.03494,0.06667,0.2,0.0,0.0,0.66667,1.0,0.08,0.0,0.9934,0.0,0.98095,0.9619,1.0,1.0,0.98095,0.0,0.00249,0.00356,0.07143,1.0,1.0,1.0,1.0,1.0,1.0,0.92857,0.0,1.0,1.0,0.5,0.5,0.5,1.0,1.0,0.5,0.5,0.5,0.0,0.0,1.0,1.0,1.0,0.5,0.5,1.0,0.06667,1.0,1.0,1.0,1.0,1.0,1.0
0.0,0.5,0.0,0.5,0.06667,0.5,0.03489,0.06667,0.23333,0.0,0.0,0.66667,1.0,0.08,0.0,0.98918,0.0,1.0,0.9619,1.0,1.0,1.0,0.0,0.00248,0.00355,0.07143,1.0,1.0,1.0,1.0,1.0,1.0,1.0,0.0,1.0,1.0,0.5,0.5,0.5,1.0,1.0,0.5,0.5,0.5,0.0,0.0,1.0,1.0,1.0,0.5,0.5,1.0,0.06667,1.0,1.0,1.0,1.0,1.0,1.0
0.0,0.5,0.0,0.5,0.06667,0.5,0.03488,0.06667,0.26667,0.0,0.0,0.66667,1.0,0.08,0.0,0.9866,0.0,1.0,1.0,1.0,1.0,1.0,0.0,0.00248,0.00355,0.07143,1.0,1.0,1.0,1.0,1.0,1.0,1.0,0.0,1.0,1.0,0.5,0.5,0.5,1.0,1.0,0.5,0.5,0.5,0.0,0.0,1.0,1.0,1.0,0.5,0.5,1.0,0.06667,1.0,1.0,1.0,1.0,1.0,1.0
1.0,0.5,1.0,0.5,0.06667,0.5,0.03544,0.06667,0.3,0.0,0.0,0.66667,1.0,0.07111,0.0,0.98853,0.0,0.99048,0.99048,1.0,1.0,0.99048,1.0,0.00256,0.00366,0.0,1.0,1.0,1.0,0.0,1.0,1.0,1.0,0.0,1.0,1.0,0.5,0.5,0.5,1.0,1.0,0.5,0.5,0.5,0.0,0.0,1.0,1.0,1.0,0.5,0.5,1.0,0.06667,1.0,1.0,1.0,1.0,1.0,1.0
1.0,0.5,1.0,0.5,0.06667,0.5,0.03614,0.06667,0.33333,0.0,0.0,0.66667,1.0,0.06667,0.0,0.99066,0.0,1.0,0.99048,1.0,1.0,1.0,1.0,0.00267,0.00381,0.0,1.0,1.0,1.0,0.0,1.0,1.0,1.0,0.0,1.0,1.0,0.5,0.5,0.5,1.0,1.0,0.5,0.5,0.5,0.0,0.0,1.0,1.0,1.0,0.5,0.5,1.0,0.06667,1.0,1.0,1.0,1.0,1.0,1.0
1.0,1.0,1.0,1.0,0.06667,0.06667,0.03767,0.06667,0.4,0.0,0.0,0.66667,0.0,0.06667,0.0,0.9951,0.0,1.0,0.99048,1.0,1.0,1.0,0.0,0.5486,0.78371,0.07143,0.75101,0.60129,0.0,1.0,1.0,0.92857,0.92857,0.0,1.0,1.0,0.5,0.5,0.5,1.0,1.0,0.5,0.5,0.5,0.0,0.0,1.0,1.0,1.0,0.5,0.5,1.0,0.06667,0.0,1.0,1.0,1.0,0.0,1.0
0.0,0.5,1.0,0.5,0.06667,0.5,0.03791,0.06667,0.43333,0.0,0.0,0.66667,1.0,0.06667,0.0,0.99529,0.0,1.0,1.0,1.0,1.0,1.0,0.0,0.00293,0.00419,0.0,1.0,1.0,1.0,0.0,1.0,1.0,0.92857,0.0,1.0,1.0,0.5,0.5,0.5,1.0,1.0,0.5,0.5,0.5,0.0,0.0,1.0,1.0,1.0,0.5,0.5,1.0,0.06667,1.0,1.0,1.0,1.0,1.0,1.0
0.5,0.5,0.5,0.5,0.5,0.5,0.06379,0.26667,0.13333,0.0,0.0,0.66667,0.0,0.24,0.01778,0.71754,0.0,0.99048,1.0,0.99048,1.0,0.5,0.0,0.88032,1.0,0.0,0.97121,0.78753,0.22222,0.0,0.91906,0.92857,0.5,0.53333,1.0,1.0,0.5,0.5,0.5,1.0,1.0,0.5,0.5,0.5,1.0,1.0,0.46667,1.0,1.0,0.5,0.5,1.0,0.06667,0.0,1.0,1.0,1.0,0.55556,0.5
1.0,0.5,1.0,0.5,0.46667,0.5,0.07204,0.46667,0.16667,0.0,0.0,0.66667,1.0,0.17333,0.03556,0.84537,0.0,0.77143,0.77143,0.75238,1.0,0.77143,0.0,0.86573,1.0,0.14286,1.0,0.88223,0.625,0.0,0.90087,1.0,0.92857,0.0,1.0,1.0,0.5,0.5,0.5,1.0,1.0,0.68828,0.69156,0.5,0.0,1.0,1.0,1.0,1.0,0.68828,0.69156,1.0,0.06667,0.0,1.0,0.0,1.0,0.0,1.0
0.0,1.0,1.0,1.0,0.4,0.86667,0.04496,0.33333,0.36667,0.0,0.0,0.66667,0.0,0.16444,0.08889,0.0,0.99974,1.0,1.0,0.92381,1.0,0.80952,0.0,0.68071,0.97244,0.14286,0.67139,0.43839,0.2,0.0,0.92498,0.85714,0.78571,0.0,0.93333,0.87518,0.38567,0.92164,1.0,1.0,1.0,0.68828,0.69156,1.0,0.0,0.0,1.0,1.0,1.0,0.35683,0.03364,1.0,0.06667,0.0,1.0,0.0,1.0,0.0,1.0
0.5,0.5,0.5,0.5,0.5,0.5,0.01739,0.13333,0.56667,0.0,0.0,0.66667,0.0,0.08889,0.06222,0.0,0.9926,0.9619,0.9619,0.77143,1.0,0.5,1.0,0.66042,0.94346,0.14286,0.3451,0.15009,0.2,0.0,0.93606,0.85714,0.5,0.0,1.0,1.0,0.5,0.5,0.5,1.0,1.0,0.5,0.5,0.5,0.0,0.0,1.0,1.0,1.0,0.5,0.5,1.0,0.06667,0.0,1.0,1.0,1.0,0.4,0.5
0.0,0.0,0.0,0.0,0.13333,0.13333,0.01451,0.13333,0.63333,0.0,0.0,0.66667,0.0,0.07556,0.06222,0.99845,0.0,1.0,1.0,0.74286,1.0,1.0,1.0,0.6597,0.94243,0.14286,0.29066,0.1251,0.2,0.0,0.9335,1.0,1.0,0.0,1.0,1.0,0.5,0.5,0.5,1.0,1.0,0.5,0.5,0.5,0.0,0.0,1.0,1.0,1.0,0.5,0.5,1.0,0.06667,0.0,1.0,1.0,1.0,0.6,1.0
0.5,0.5,0.5,0.5,0.5,0.5,0.13344,1.0,0.76667,0.0,0.0,0.66667,0.0,0.16889,0.04,0.0,0.92027,0.77143,0.99048,0.77143,1.0,0.5,1.0,0.87467,1.0,0.07143,1.0,1.0,1.0,0.0,0.972,0.92857,0.5,0.0,1.0,1.0,0.5,0.5,0.5,1.0,1.0,0.5,0.5,0.5,0.0,0.0,1.0,1.0,1.0,1.0,1.0,1.0,0.06667,0.0,1.0,0.0,1.0,0.0,0.5
0.5,0.5,0.5,0.5,0.5,0.5,0.06857,0.66667,0.1,0.0,0.0,0.66667,0.0,0.78222,0.0,0.0,1.0,1.0,1.0,1.0,1.0,0.5,0.0,0.32653,0.46647,0.0,1.0,0.95568,0.64286,0.0,0.96002,1.0,0.5,0.0,1.0,1.0,0.5,0.5,0.5,1.0,1.0,0.5,0.5,0.5,0.0,0.0,1.0,1.0,1.0,0.5,0.5,1.0,0.06667,0.0,1.0,1.0,1.0,0.5,0.5
1.0,1.0,0.0,0.0,0.4,0.2,0.02985,0.06667,0.46667,0.0,0.0,0.66667,0.0,0.76444,0.00444,0.36407,0.0,0.87619,1.0,0.87619,1.0,0.74286,1.0,0.55255,0.78935,0.07143,0.60183,0.43044,0.0,0.0,1.0,1.0,0.07143,0.0,1.0,1.0,0.5,0.5,0.5,1.0,1.0,0.5,0.5,0.5,0.0,0.0,1.0,1.0,1.0,0.5,0.5,1.0,0.06667,0.0,1.0,1.0,1.0,0.0,1.0
0.0,0.0,0.0,0.0,0.06667,0.06667,0.0209,0.06667,0.6,0.0,0.0,0.66667,0.0,0.76889,0.00889,0.92998,0.0,1.0,1.0,0.86667,1.0,0.7619,1.0,0.55859,0.79799,0.07143,0.43691,0.31577,0.0,0.0,1.0,0.92857,0.92857,0.0,1.0,1.0,0.5,0.5,0.5,1.0,1.0,0.5,0.5,0.5,0.0,0.0,1.0,1.0,1.0,0.47819,1.0,1.0,0.06667,0.0,1.0,0.0,1.0,0.0,1.0
0.5,0.5,0.5,0.5,0.5,0.5,0.05806,0.2,0.5,0.0,0.0,0.66667,0.0,0.52,0.0,0.99074,0.0,1.0,1.0,1.0,1.0,0.5,0.0,0.93048,1.0,0.0,0.94582,0.82878,0.2,0.0,0.99399,0.92857,0.5,0.0,1.0,1.0,0.5,0.5,0.5,1.0,1.0,0.5,0.5,0.5,0.0,0.0,1.0,1.0,1.0,0.5,0.5,1.0,0.06667,0.0,1.0,1.0,1.0,0.8,0.5
1.0,1.0,1.0,1.0,0.46667,0.8,0.03256,0.06667,0.73333,0.0,0.0,0.66667,0.0,0.53333,0.01333,0.0,0.99988,1.0,1.0,1.0,1.0,1.0,0.0,0.97125,1.0,0.0,0.50429,0.41963,0.0,0.0,0.99587,0.92857,1.0,0.46667,1.0,1.0,0.5,0.5,0.5,1.0,1.0,0.5,0.5,0.5,0.04702,0.02041,0.53333,1.0,1.0,0.25919,0.47047,1.0,0.06667,0.0,1.0,0.0,1.0,0.9,1.0
1.0,1.0,1.0,1.0,0.06667,0.06667,0.0339,0.06667,0.8,0.0,0.0,0.66667,0.0,0.52444,0.04444,0.0,0.99961,1.0,1.0,1.0,1.0,1.0,0.0,0.97054,1.0,0.07143,0.49926,0.39394,0.0,0.0,0.99573,0.85714,0.92857,0.0,0.93333,0.94268,1.0,0.5,1.0,1.0,1.0,0.26545,0.52659,1.0,0.0,0.95048,1.0,1.0,1.0,0.26545,0.52659,1.0,0.06667,0.0,1.0,0.0,1.0,0.44444,1.0
0.5,0.5,0.5,0.5,0.5,0.5,0.03537,0.06667,0.16667,0.0,0.0,0.66667,0.0,0.08,0.0,0.99652,0.0,0.9619,0.95238,1.0,1.0,0.5,0.0,0.57754,0.82505,0.07143,0.56149,0.44876,0.0,0.0,0.44444,1.0,0.5,0.0,1.0,1.0,0.5,0.5,0.5,1.0,1.0,0.5,0.5,0.5,0.0,0.0,1.0,1.0,1.0,0.5,0.5,1.0,0.06667,0.0,1.0,1.0,1.0,0.5,0.5
0.0,0.0,0.0,1.0,0.06667,0.06667,0.03881,0.06667,0.33333,0.0,0.0,0.66667,0.0,0.06667,0.0,0.99274,0.0,1.0,0.99048,1.0,1.0,0.99048,0.0,0.54873,0.7839,0.07143,0.7654,0.61996,0.0,1.0,1.0,0.92857,0.78571,0.0,1.0,1.0,0.5,0.5,0.5,1.0,1.0,0.5,0.5,0.5,0.0,0.0,1.0,1.0,1.0,0.5,0.5,1.0,0.06667,0.0,1.0,1.0,1.0,0.0,1.0
0.5,0.5,0.5,0.5,0.5,0.5,0.07833,0.46667,0.23333,0.0,0.0,0.66667,0.0,0.14667,0.06667,0.90699,0.0,0.67619,0.94286,0.95238,0.74286,0.5,1.0,0.95241,1.0,0.07143,1.0,0.86214,0.44444,0.0,0.93581,0.92857,0.5,0.0,1.0,1.0,0.5,0.5,0.5,1.0,1.0,0.5,0.5,0.5,0.0,1.0,1.0,1.0,1.0,0.5,0.5,1.0,0.06667,0.0,1.0,1.0,1.0,0.44444,0.5
1.0,0.5,1.0,0.5,0.73333,0.5,0.08771,0.73333,0.26667,0.0,0.0,0.66667,1.0,0.12889,0.08444,0.0,0.87071,0.60952,1.0,0.69524,1.0,0.60952,0.0,0.68036,0.97195,0.14286,1.0,1.0,1.0,0.0,0.9215,1.0,0.78571,0.0,1.0,1.0,0.5,0.5,0.5,1.0,1.0,0.5,0.5,0.5,0.0,0.0,1.0,1.0,1.0,0.5,0.5,1.0,0.06667,0.0,1.0,1.0,1.0,0.0,1.0
1.0,1.0,1.0,1.0,0.8,0.6,0.12893,0.8,0.6,0.0,0.0,0.66667,0.0,0.13778,0.11556,0.0,0.99072,1.0,1.0,0.88571,1.0,0.64762,1.0,0.97434,1.0,0.14286,0.89724,0.65974,0.25,0.0,0.92875,0.92857,0.57143,0.0,1.0,1.0,0.5,0.5,0.5,1.0,1.0,0.5,0.5,0.5,0.0,0.0,1.0,1.0,1.0,1.0,0.11667,1.0,0.06667,0.0,1.0,0.0,1.0,0.5,1.0
0.5,0.5,0.5,0.5,0.5,0.5,0.05768,0.2,0.13333,0.0,0.0,0.66667,0.0,0.24889,0.01778,0.77279,0.0,0.94286,1.0,0.88571,1.0,0.5,0.0,0.81248,1.0,0.07143,0.84718,0.60478,0.0,0.0,0.88033,1.0,0.5,0.0,1.0,1.0,0.5,0.5,0.5,1.0,1.0,0.5,0.5,0.5,0.0,0.0,1.0,1.0,1.0,0.5,0.5,1.0,0.06667,0.0,1.0,1.0,1.0,0.42857,0.5
1.0,1.0,1.0,1.0,0.8,0.8,0.04921,0.2,0.36667,0.0,0.0,0.66667,0.0,0.21333,0.02222,0.98739,0.0,0.90476,0.90476,0.90476,1.0,0.8381,0.0,0.71701,1.0,0.64286,0.68089,0.48565,0.0,0.0,0.97822,1.0,0.14286,0.0,1.0,1.0,0.5,0.5,0.5,1.0,1.0,0.5,0.5,0.5,0.0,0.0,1.0,1.0,1.0,0.5,0.5,1.0,0.06667,0.0,1.0,1.0,1.0,0.0,1.0
1.0,1.0,1.0,1.0,0.26667,0.26667,0.05766,0.26667,0.43333,0.0,0.0,0.66667,0.0,0.16889,0.02222,0.99605,0.0,0.92381,0.9619,0.90476,1.0,0.80952,0.0,0.62459,0.89226,0.07143,1.0,0.89691,0.4,0.0,0.88972,0.85714,0.42857,0.0,1.0,1.0,0.5,0.5,0.5,1.0,1.0,0.5,0.5,0.5,0.0,0.0,1.0,1.0,1.0,0.5,0.5,1.0,0.06667,0.0,1.0,1.0,1.0,0.0,1.0
0.0,0.0,0.0,0.0,0.26667,0.2,0.04262,0.2,0.8,0.0,0.0,0.66667,0.0,0.08444,0.03111,0.99814,0.0,1.0,0.95238,0.89524,1.0,0.80952,1.0,0.62307,0.8901,0.14286,0.58096,0.4153,0.0,0.0,0.92006,1.0,0.42857,0.0,1.0,1.0,0.5,0.5,0.5,1.0,1.0,0.5,0.5,0.5,0.0,0.0,1.0,1.0,1.0,1.0,0.9138,1.0,0.06667,0.0,1.0,0.0,1.0,0.0,1.0
1.0,0.0,1.0,0.0,0.2,0.2,0.03771,0.2,0.86667,0.0,0.0,0.66667,0.0,0.07111,0.02667,0.98293,0.0,1.0,1.0,0.87619,1.0,1.0,1.0,0.62406,0.89152,0.14286,0.51544,0.35611,0.0,0.0,0.91791,0.85714,1.0,0.0,1.0,1.0,0.5,0.5,0.5,1.0,1.0,0.5,0.5,0.5,0.0,0.0,1.0,1.0,1.0,1.0,0.9138,1.0,0.06667,0.0,1.0,0.0,1.0,0.33333,1.0
0.5,0.5,0.5,0.5,0.5,0.5,0.05783,0.06667,0.13333,0.0,0.0,0.66667,0.0,0.76889,0.0,1.0,0.0,0.58095,0.58095,1.0,1.0,0.5,1.0,0.99955,1.0,0.0,0.90863,0.85549,0.0,0.0,0.94593,0.92857,0.5,0.0,1.0,1.0,0.5,0.5,0.5,1.0,1.0,0.5,0.5,0.5,0.0,0.0,1.0,1.0,1.0,0.5,0.5,1.0,0.06667,0.0,1.0,1.0,1.0,0.5,0.5
1.0,1.0,1.0,1.0,0.8,0.33333,0.05708,0.06667,0.23333,0.0,0.0,0.66667,0.0,0.69333,0.0,0.93725,0.0,1.0,1.0,1.0,1.0,1.0,0.0,0.90838,1.0,0.0,0.85671,0.81466,0.0,0.0,0.98228,0.92857,1.0,0.0,1.0,1.0,0.5,0.5,0.5,1.0,1.0,0.5,0.5,0.5,0.0,0.0,1.0,1.0,1.0,0.5,0.5,1.0,0.06667,0.0,1.0,1.0,1.0,0.8,1.0
1.0,0.5,1.0,0.5,0.2,0.5,0.06028,0.2,0.26667,0.0,0.0,0.66667,1.0,0.66667,0.0,0.95507,0.0,0.90476,0.90476,1.0,1.0,0.90476,0.0,0.69805,0.99722,0.28571,0.96981,0.87954,0.5,0.0,0.94647,1.0,0.0,0.0,1.0,1.0,0.5,0.5,0.5,1.0,1.0,0.5,0.5,0.5,0.0,0.0,1.0,1.0,1.0,0.5,0.5,1.0,0.06667,0.0,1.0,1.0,1.0,0.0,1.0
1.0,0.5,1.0,0.5,0.2,0.5,0.06309,0.2,0.3,0.0,0.0,0.66667,1.0,0.63111,0.0,0.95091,0.0,0.87619,0.97143,1.0,1.0,0.87619,0.0,0.65084,0.92977,0.21429,1.0,0.90561,0.33333,0.0,0.99908,1.0,0.92857,0.0,1.0,1.0,0.5,0.5,0.5,1.0,1.0,0.5,0.5,0.5,0.0,0.0,1.0,1.0,1.0,0.5,0.5,1.0,0.06667,0.0,1.0,1.0,1.0,0.0,1.0
1.0,0.5,1.0,0.5,0.26667,0.5,0.06431,0.26667,0.33333,0.0,0.0,0.66667,1.0,0.58667,0.0,0.93335,0.0,1.0,0.97143,1.0,1.0,1.0,0.0,0.64813,0.9259,0.21429,1.0,0.92442,0.66667,0.0,0.99991,1.0,1.0,0.0,1.0,1.0,0.5,0.5,0.5,1.0,1.0,0.5,0.5,0.5,0.0,0.0,1.0,1.0,1.0,0.5,0.5,1.0,0.06667,0.0,1.0,1.0,1.0,0.0,1.0
1.0,0.5,0.0,0.5,0.26667,0.5,0.06366,0.26667,0.36667,0.0,0.0,0.66667,1.0,0.55556,0.0,0.93534,0.0,1.0,0.97143,1.0,1.0,1.0,0.0,0.64615,0.92307,0.21429,1.0,0.91981,0.66667,0.0,1.0,1.0,1.0,0.0,1.0,1.0,0.5,0.5,0.5,1.0,1.0,0.5,0.5,0.5,0.0,0.0,1.0,1.0,1.0,0.5,0.5,1.0,0.06667,0.0,1.0,1.0,1.0,0.0,1.0
0.5,0.5,0.5,0.5,0.5,0.5,0.06259,0.2,0.13333,0.0,0.0,0.66667,0.0,0.71111,0.0,0.98846,0.0,0.52381,1.0,1.0,1.0,0.5,0.0,0.92098,1.0,0.0,0.93164,0.82727,0.11111,0.0,0.9594,0.92857,0.5,0.0,1.0,1.0,0.5,0.5,0.5,1.0,1.0,0.5,0.5,0.5,0.0,0.0,1.0,1.0,1.0,0.5,0.5,1.0,0.06667,0.0,1.0,1.0,1.0,0.44444,0.5
1.0,1.0,1.0,1.0,0.86667,0.86667,0.04083,0.06667,0.83333,0.0,0.0,0.66667,0.0,0.47111,0.0,0.0,0.99884,1.0,1.0,1.0,1.0,0.86667,0.0,0.75844,1.0,0.0,0.60281,0.53021,0.0,0.0,0.9993,1.0,0.92857,0.0,1.0,1.0,0.5,0.5,0.5,1.0,1.0,0.5,0.5,0.5,0.0,0.0,1.0,1.0,1.0,0.5,0.5,1.0,0.06667,0.0,1.0,1.0,1.0,1.0,1.0
0.5,0.5,0.5,0.5,0.5,0.5,0.03533,0.06667,0.16667,0.0,0.0,0.66667,0.0,0.07556,0.0,0.98734,0.0,0.97143,0.97143,1.0,1.0,0.5,0.0,0.57325,0.81893,0.07143,0.54519,0.38452,0.0,0.0,0.66667,1.0,0.5,0.0,1.0,1.0,0.5,0.5,0.5,1.0,1.0,0.5,0.5,0.5,0.0,0.0,1.0,1.0,1.0,0.5,0.5,1.0,0.06667,0.0,1.0,1.0,1.0,0.5,0.5
0.0,0.0,1.0,0.0,0.06667,0.06667,0.02772,0.06667,0.3,0.0,0.0,0.66667,0.0,0.07556,0.0,0.99502,0.0,1.0,0.99048,1.0,1.0,0.97143,1.0,0.02023,0.0289,0.07143,0.55675,0.38577,0.0,0.0,0.59366,1.0,0.78571,0.0,1.0,1.0,0.5,0.5,0.5,1.0,1.0,0.5,0.5,0.5,0.0,0.0,1.0,1.0,1.0,0.5,0.5,1.0,0.06667,0.0,1.0,1.0,1.0,0.0,1.0
1.0,1.0,1.0,1.0,0.06667,0.06667,0.02912,0.06667,0.36667,0.0,0.0,0.66667,0.0,0.07556,0.0,0.99023,0.0,1.0,0.98095,1.0,1.0,0.98095,1.0,0.02053,0.02933,0.0,0.58076,0.40921,0.0,0.0,0.62336,1.0,1.0,0.0,1.0,1.0,0.5,0.5,0.5,1.0,1.0,0.5,0.5,0.5,0.0,0.0,1.0,1.0,1.0,0.5,0.5,1.0,0.06667,0.0,1.0,1.0,1.0,0.0,1.0
1.0,1.0,1.0,1.0,0.06667,0.06667,0.0325,0.06667,0.5,0.0,0.0,0.66667,0.0,0.06667,0.0,0.99475,0.0,1.0,1.0,1.0,1.0,1.0,1.0,0.00216,0.00308,0.07143,1.0,1.0,1.0,1.0,1.0,1.0,0.92857,0.0,1.0,1.0,0.5,0.5,0.5,1.0,1.0,0.5,0.5,0.5,0.0,0.0,1.0,1.0,1.0,0.5,0.5,1.0,0.06667,1.0,1.0,1.0,1.0,1.0,1.0
1.0,1.0,1.0,1.0,0.06667,0.06667,0.03427,0.06667,0.56667,0.0,0.0,0.66667,0.0,0.06667,0.0,0.99708,0.0,1.0,1.0,1.0,1.0,1.0,1.0,0.0024,0.00342,0.07143,1.0,1.0,1.0,1.0,1.0,1.0,1.0,0.0,1.0,1.0,0.5,0.5,0.5,1.0,1.0,0.5,0.5,0.5,0.0,0.0,1.0,1.0,1.0,0.5,0.5,1.0,0.06667,1.0,1.0,1.0,1.0,1.0,1.0
1.0,1.0,1.0,1.0,0.06667,0.06667,0.03696,0.06667,0.66667,0.0,0.0,0.66667,0.0,0.06667,0.0,0.99861,0.0,1.0,1.0,1.0,1.0,1.0,1.0,0.00279,0.00398,0.07143,1.0,1.0,1.0,0.0,1.0,1.0,1.0,0.0,1.0,1.0,0.5,0.5,0.5,1.0,1.0,0.5,0.5,0.5,0.0,0.0,1.0,1.0,1.0,0.5,0.5,1.0,0.06667,1.0,1.0,1.0,1.0,1.0,1.0
1.0,1.0,1.0,1.0,0.06667,0.06667,0.03965,0.06667,0.76667,0.0,0.0,0.66667,0.0,0.06667,0.0,0.99928,0.0,1.0,0.99048,1.0,1.0,0.99048,0.0,0.54935,0.78479,0.07143,0.77049,0.62666,0.0,0.0,0.85325,1.0,0.92857,0.0,1.0,1.0,0.5,0.5,0.5,1.0,1.0,0.5,0.5,0.5,0.0,0.0,1.0,1.0,1.0,0.5,0.5,1.0,0.06667,0.0,1.0,1.0,1.0,0.0,1.0
1.0,0.5,1.0,0.5,0.06667,0.5,0.04053,0.06667,0.8,0.0,0.0,0.66667,1.0,0.06667,0.0,0.99942,0.0,1.0,0.99048,1.0,1.0,1.0,0.0,0.54898,0.78425,0.07143,0.78604,0.6475,0.0,0.0,0.87298,1.0,1.0,0.0,1.0,1.0,0.5,0.5,0.5,1.0,1.0,0.5,0.5,0.5,0.0,0.0,1.0,1.0,1.0,0.5,0.5,1.0,0.06667,0.0,1.0,1.0,1.0,0.0,1.0
1.0,1.0,1.0,1.0,0.06667,0.06667,0.04228,0.06667,0.86667,0.0,0.0,0.66667,0.0,0.06667,0.0,0.99962,0.0,1.0,0.99048,1.0,1.0,1.0,0.0,0.54823,0.78319,0.07143,0.81663,0.69008,0.0,0.0,0.91197,0.92857,1.0,0.0,1.0,1.0,0.5,0.5,0.5,1.0,1.0,0.5,0.5,0.5,0.0,0.0,1.0,1.0,1.0,0.5,0.5,1.0,0.06667,0.0,1.0,1.0,1.0,0.0,1.0
1.0,1.0,1.0,1.0,0.06667,0.06667,0.03852,0.06667,0.96667,0.0,0.0,0.66667,0.0,0.07111,0.0,0.99996,0.0,0.99048,1.0,1.0,1.0,0.99048,1.0,0.56501,0.80716,0.07143,0.67404,0.56645,0.0,1.0,0.94531,1.0,0.92857,0.0,1.0,1.0,0.5,0.5,0.5,1.0,1.0,0.5,0.5,0.5,0.0,0.0,1.0,1.0,1.0,0.5,0.5,1.0,0.06667,0.0,1.0,1.0,1.0,0.5,1.0
0.0,0.0,0.0,0.0,0.06667,0.06667,0.0393,0.06667,0.0,0.90909,0.0,0.66667,0.0,0.06667,0.0,0.99992,0.0,1.0,1.0,1.0,1.0,1.0,0.0,0.00315,0.0045,0.07143,1.0,1.0,1.0,1.0,1.0,0.92857,0.85714,0.0,1.0,1.0,0.5,0.5,0.5,1.0,1.0,0.5,0.5,0.5,0.0,0.0,1.0,1.0,1.0,0.5,0.5,1.0,0.06667,1.0,1.0,1.0,1.0,0.0,1.0
0.5,0.5,0.5,0.5,0.5,0.5,0.072,0.46667,0.73333,0.0,0.0,0.66667,0.0,0.42222,0.02667,0.99108,0.0,1.0,1.0,0.88571,1.0,0.5,0.0,0.90979,1.0,0.0,0.88483,0.69905,0.25,0.0,0.98298,0.92857,0.5,0.0,1.0,1.0,0.5,0.5,0.5,1.0,1.0,0.5,0.5,0.5,0.0,0.0,1.0,1.0,1.0,0.5,0.5,1.0,0.06667,0.0,1.0,1.0,1.0,1.0,0.5
1.0,1.0,1.0,1.0,0.6,0.53333,0.07337,0.46667,0.83333,0.0,0.0,0.66667,0.0,0.41778,0.02222,0.0,0.99885,0.70476,1.0,0.74286,0.70476,0.70476,0.0,0.78737,1.0,0.07143,0.91198,0.73876,0.3,0.0,0.98966,0.71429,0.71429,0.0,1.0,1.0,0.5,0.5,0.5,1.0,1.0,0.5,0.5,0.5,0.0,0.0,1.0,1.0,1.0,0.5,0.5,1.0,0.06667,0.0,1.0,1.0,1.0,0.7,1.0
1.0,1.0,1.0,1.0,0.53333,0.53333,0.0768,0.53333,0.9,0.0,0.0,0.66667,0.0,0.42222,0.02667,0.0,0.99968,1.0,1.0,0.73333,0.70476,1.0,0.0,0.81499,1.0,0.35714,0.99814,0.81437,0.5,0.0,0.98386,0.85714,0.57143,0.0,1.0,1.0,0.5,0.5,0.5,1.0,1.0,0.5,0.5,0.5,0.0,0.0,1.0,1.0,1.0,0.5,0.5,1.0,0.06667,0.0,1.0,1.0,1.0,0.83333,1.0
1.0,1.0,1.0,0.0,0.6,0.53333,0.04815,0.26667,0.0,0.83333,0.0,0.66667,0.0,0.36,0.01778,0.0,0.9973,1.0,1.0,0.84762,1.0,0.61905,1.0,0.97444,1.0,0.78571,0.59689,0.47754,0.0,0.0,0.98753,1.0,0.85714,0.0,1.0,1.0,0.5,0.5,0.5,1.0,1.0,0.5,0.5,0.5,0.0,0.0,1.0,1.0,1.0,0.22306,0.30192,1.0,0.06667,0.0,1.0,0.0,1.0,0.5,1.0
1.0,1.0,1.0,1.0,0.33333,0.33333,0.05094,0.33333,0.0,0.76923,0.0,0.66667,0.0,0.33333,0.01333,0.97645,0.0,1.0,1.0,0.92381,1.0,0.82857,1.0,0.92689,1.0,0.0,0.63138,0.52956,0.0,0.0,0.98962,1.0,1.0,0.0,0.93333,0.99998,1.0,0.5,1.0,1.0,1.0,0.5,0.5,0.5,0.0,0.0,1.0,1.0,1.0,1.0,0.75499,1.0,0.06667,0.0,1.0,0.0,1.0,0.625,1.0
0.5,0.5,0.5,0.5,0.5,0.5,0.15699,1.0,0.1,0.0,0.0,0.66667,0.0,0.15556,0.00889,0.48148,0.0,0.65714,0.92381,1.0,1.0,0.5,1.0,0.88518,1.0,0.07143,1.0,1.0,1.0,0.0,1.0,0.85714,0.5,0.0,0.93333,0.90055,0.0,0.5,0.98046,1.0,1.0,0.5,0.5,0.5,0.0,0.0,1.0,1.0,1.0,1.0,1.0,1.0,0.06667,0.0,1.0,0.0,1.0,0.0,0.5
1.0,0.0,1.0,0.0,1.0,1.0,0.13618,1.0,0.16667,0.0,0.0,0.66667,0.0,0.19111,0.00889,0.9015,0.0,0.95238,0.8381,1.0,1.0,0.75238,1.0,0.79884,1.0,0.14286,1.0,1.0,1.0,0.0,1.0,0.85714,0.85714,0.0,0.93333,0.93167,0.64354,0.5,1.0,0.85714,0.8,0.5,0.5,0.5,0.0,0.0,1.0,1.0,1.0,1.0,1.0,1.0,0.06667,0.0,1.0,0.0,1.0,0.5,1.0
1.0,0.5,1.0,0.5,1.0,0.5,0.14777,1.0,0.2,0.0,0.0,0.66667,1.0,0.21778,0.00889,0.96852,0.0,0.90476,0.90476,1.0,1.0,0.90476,1.0,0.86339,1.0,0.28571,1.0,1.0,1.0,0.0,1.0,1.0,1.0,0.0,1.0,1.0,0.5,0.5,0.5,1.0,1.0,0.5,0.5,0.5,0.0,0.0,1.0,1.0,1.0,1.0,1.0,1.0,0.06667,0.0,1.0,0.0,1.0,0.0,1.0
1.0,1.0,1.0,1.0,1.0,1.0,0.17893,1.0,0.3,0.0,0.0,0.66667,0.0,0.16889,0.00889,0.0,0.9814,0.82857,0.81905,0.8,0.82857,0.78095,1.0,0.90831,1.0,0.21429,1.0,1.0,1.0,0.0,1.0,0.71429,1.0,0.0,1.0,1.0,0.5,0.5,0.5,1.0,1.0,0.5,0.5,0.5,0.0,0.0,1.0,1.0,1.0,1.0,0.30725,1.0,0.06667,0.0,1.0,0.0,1.0,0.16667,1.0
0.0,1.0,0.0,1.0,1.0,1.0,0.02998,0.4,1.0,0.0,0.0,0.66667,0.0,0.06222,0.03111,0.0,0.98352,0.99048,0.98095,0.81905,0.8,0.64762,1.0,0.66136,0.9448,0.07143,0.2826,0.20144,0.0,0.0,0.94209,0.78571,0.71429,0.0,0.73333,0.99762,1.0,0.5,1.0,1.0,1.0,0.5,0.5,0.5,0.0,0.0,1.0,1.0,1.0,1.0,0.03321,1.0,0.06667,0.0,1.0,0.0,1.0,0.5,1.0
0.0,0.0,0.0,0.0,0.4,0.4,0.02872,0.4,0.0,0.9375,0.0,0.66667,0.0,0.04444,0.03111,0.99109,0.0,1.0,0.98095,0.80952,0.87619,0.95238,0.0,0.58541,0.8363,0.07143,0.40824,0.28082,0.0,0.0,0.9661,0.85714,0.71429,0.0,0.93333,1.0,1.0,1.0,1.0,1.0,1.0,0.5,0.5,0.5,0.0,0.0,1.0,1.0,1.0,1.0,0.03321,1.0,0.06667,0.0,1.0,0.0,1.0,0.0,1.0
0.0,0.0,0.0,0.0,0.4,0.4,0.02863,0.4,0.0,0.88235,0.0,0.66667,0.0,0.04444,0.03111,0.98867,0.0,1.0,0.98095,0.80952,0.87619,1.0,0.0,0.57181,0.81687,0.07143,0.44063,0.28018,0.0,0.0,0.96872,0.85714,0.85714,0.0,1.0,1.0,0.5,1.0,0.5,1.0,1.0,0.5,0.5,0.5,0.0,0.0,1.0,1.0,1.0,1.0,0.03321,1.0,0.06667,0.0,1.0,0.0,1.0,0.0,1.0
0.0,0.0,0.0,0.0,0.4,0.4,0.02862,0.4,0.0,0.83333,0.0,0.66667,0.0,0.04444,0.03111,0.99123,0.0,0.81905,0.81905,0.82857,0.93333,0.81905,1.0,0.64382,0.91974,0.07143,0.26592,0.14534,0.0,0.0,0.8003,0.92857,0.71429,0.0,1.0,1.0,0.5,1.0,0.5,1.0,1.0,0.5,0.5,0.5,0.0,0.0,1.0,1.0,1.0,1.0,0.03321,1.0,0.06667,0.0,1.0,0.0,1.0,0.0,1.0
0.0,0.5,0.0,0.5,0.4,0.5,0.02862,0.4,0.0,0.81081,0.0,0.66667,1.0,0.04444,0.03111,0.94551,0.0,1.0,0.93333,0.8381,1.0,1.0,1.0,0.64383,0.91975,0.07143,0.26591,0.14534,0.0,0.0,0.80014,1.0,1.0,0.0,1.0,1.0,0.5,1.0,0.5,1.0,1.0,0.5,0.5,0.5,0.0,0.0,1.0,1.0,1.0,1.0,0.03321,1.0,0.06667,0.0,1.0,0.0,1.0,0.0,1.0
0.5,0.5,0.5,0.5,0.5,0.5,0.06643,0.53333,0.1,0.0,0.0,0.66667,0.0,0.28444,0.0,0.86692,0.0,0.86667,0.82857,1.0,1.0,0.5,0.0,0.72788,1.0,0.07143,1.0,0.886,0.66667,0.0,0.76446,1.0,0.5,0.0,1.0,1.0,0.5,0.5,0.5,1.0,1.0,0.5,0.5,0.5,0.0,0.0,1.0,1.0,1.0,0.5,0.5,1.0,0.06667,0.0,1.0,1.0,1.0,0.5,0.5
1.0,1.0,1.0,1.0,0.93333,0.86667,0.0762,0.86667,0.16667,0.0,0.0,0.66667,0.0,0.27556,0.00889,0.42863,0.0,1.0,0.71429,1.0,1.0,0.88571,0.0,0.71202,1.0,0.07143,1.0,1.0,1.0,0.0,0.9301,0.92857,0.85714,0.73333,1.0,1.0,0.5,0.5,0.5,1.0,1.0,0.5,0.5,0.5,1.0,0.0,0.26667,1.0,1.0,0.5,0.5,1.0,0.06667,0.0,1.0,1.0,1.0,0.83333,1.0
1.0,0.5,1.0,0.5,1.0,0.5,0.08981,1.0,0.2,0.0,0.0,0.66667,1.0,0.26667,0.02222,0.61582,0.0,0.90476,0.94286,0.84762,1.0,0.90476,1.0,0.7183,1.0,0.07143,1.0,1.0,1.0,0.0,0.85451,1.0,0.85714,0.53333,1.0,1.0,0.5,0.5,0.5,1.0,1.0,0.99378,0.94976,0.5,0.45067,0.53687,0.46667,1.0,1.0,0.99378,0.94976,1.0,0.06667,0.0,1.0,0.0,1.0,0.0,1.0
0.5,0.5,0.5,0.5,0.5,0.5,0.06506,0.2,0.26667,0.0,0.5,0.0,0.0,0.24,0.0,0.0,0.99753,1.0,0.8,1.0,1.0,0.5,0.0,0.59431,0.84901,0.5,0.55032,0.37961,0.0,1.0,1.0,0.5,0.5,0.0,1.0,1.0,0.5,0.5,0.5,1.0,1.0,0.5,0.5,0.5,0.0,0.0,1.0,1.0,1.0,0.5,0.5,1.0,0.2,0.0,1.0,1.0,1.0,0.0,0.5
0.0,0.0,0.0,0.0,0.2,0.2,0.06335,0.2,0.33333,0.0,0.5,0.0,0.0,0.24,0.0,0.99186,0.0,1.0,0.8,1.0,1.0,1.0,1.0,0.59396,0.84852,0.5,0.54352,0.37317,0.0,0.0,1.0,0.75,1.0,0.0,1.0,1.0,0.5,0.5,0.5,1.0,1.0,0.5,0.5,0.5,0.0,0.0,1.0,1.0,1.0,0.5,0.5,1.0,0.2,0.0,1.0,1.0,1.0,0.0,1.0
0.0,0.5,0.0,0.5,0.2,0.5,0.0632,0.2,0.36667,0.0,0.5,0.0,1.0,0.24,0.0,0.98024,0.0,1.0,0.8,1.0,1.0,1.0,1.0,0.59485,0.84979,0.5,0.54315,0.37282,0.0,0.0,1.0,1.0,1.0,0.0,1.0,1.0,0.5,0.5,0.5,1.0,1.0,0.5,0.5,0.5,0.0,0.0,1.0,1.0,1.0,0.5,0.5,1.0,0.2,0.0,1.0,1.0,1.0,0.0,1.0
0.0,0.0,0.0,0.0,0.2,0.2,0.06301,0.2,0.43333,0.0,0.5,0.0,0.0,0.2,0.0,0.98404,0.0,1.0,1.0,1.0,1.0,0.9,0.0,0.56757,0.81082,0.25,0.8715,0.77227,0.0,0.0,0.63978,1.0,0.5,0.0,1.0,1.0,0.5,0.5,0.5,1.0,1.0,0.5,0.5,0.5,0.0,0.0,1.0,1.0,1.0,0.5,0.5,1.0,0.2,0.0,1.0,1.0,1.0,0.0,1.0
0.5,0.5,0.5,0.5,0.5,0.5,0.43518,1.0,0.16667,0.0,0.5,0.0,0.0,0.48,0.04,0.35471,0.0,1.0,1.0,1.0,1.0,0.5,1.0,0.90869,1.0,0.25,1.0,1.0,1.0,0.0,1.0,0.75,0.5,0.0,1.0,1.0,0.5,0.5,0.5,1.0,1.0,0.5,0.5,0.5,0.0,0.0,1.0,1.0,1.0,1.0,1.0,1.0,0.2,0.0,1.0,0.0,1.0,0.0,0.5
1.0,1.0,1.0,1.0,1.0,1.0,0.98698,1.0,0.46667,0.0,0.5,0.0,0.0,0.08,0.12,0.0,0.96971,1.0,1.0,1.0,1.0,1.0,1.0,0.34814,0.49734,0.0,1.0,1.0,1.0,0.0,1.0,1.0,0.75,0.0,1.0,1.0,0.5,0.5,0.5,1.0,1.0,0.5,0.5,0.5,0.0,0.0,1.0,1.0,1.0,1.0,0.52827,1.0,0.2,1.0,1.0,0.0,1.0,1.0,1.0
0.5,0.5,0.5,0.5,0.5,0.5,0.07628,0.2,0.2,0.0,0.5,0.0,0.0,0.28,0.0,0.0,0.95119,1.0,1.0,1.0,1.0,0.5,0.0,0.61688,0.88125,0.5,0.49121,0.32557,0.0,1.0,1.0,0.5,0.5,0.0,1.0,1.0,0.5,0.5,0.5,1.0,1.0,0.5,0.5,0.5,0.0,0.0,1.0,1.0,1.0,0.5,0.5,1.0,0.2,0.0,1.0,1.0,1.0,0.0,0.5
0.0,0.0,0.0,0.0,0.2,0.2,0.07406,0.2,0.4,0.0,0.5,0.0,0.0,0.2,0.0,0.99119,0.0,1.0,1.0,1.0,1.0,0.9,0.0,0.01119,0.01599,0.0,1.0,1.0,1.0,0.0,1.0,1.0,0.75,0.0,1.0,1.0,0.5,0.5,0.5,1.0,1.0,0.5,0.5,0.5,0.0,0.0,1.0,1.0,1.0,0.5,0.5,1.0,0.2,1.0,1.0,1.0,1.0,1.0,1.0
0.0,0.5,0.0,0.5,0.2,0.5,0.07406,0.2,0.43333,0.0,0.5,0.0,1.0,0.2,0.0,0.99079,0.0,1.0,1.0,1.0,1.0,1.0,0.0,0.01119,0.01599,0.0,1.0,1.0,1.0,0.0,1.0,1.0,1.0,0.0,1.0,1.0,0.5,0.5,0.5,1.0,1.0,0.5,0.5,0.5,0.0,0.0,1.0,1.0,1.0,0.5,0.5,1.0,0.2,1.0,1.0,1.0,1.0,1.0,1.0
0.0,0.5,0.0,0.5,0.2,0.5,0.07406,0.2,0.46667,0.0,0.5,0.0,1.0,0.2,0.0,0.99137,0.0,1.0,1.0,1.0,1.0,1.0,0.0,0.01119,0.01599,0.0,1.0,1.0,1.0,0.0,1.0,1.0,1.0,0.0,1.0,1.0,0.5,0.5,0.5,1.0,1.0,0.5,0.5,0.5,0.0,0.0,1.0,1.0,1.0,0.5,0.5,1.0,0.2,1.0,1.0,1.0,1.0,1.0,1.0
0.0,0.5,0.0,0.5,0.2,0.5,0.07406,0.2,0.5,0.0,0.5,0.0,1.0,0.2,0.0,0.99243,0.0,1.0,1.0,1.0,1.0,1.0,0.0,0.01119,0.01599,0.0,1.0,1.0,1.0,0.0,1.0,1.0,1.0,0.0,1.0,1.0,0.5,0.5,0.5,1.0,1.0,0.5,0.5,0.5,0.0,0.0,1.0,1.0,1.0,0.5,0.5,1.0,0.2,1.0,1.0,1.0,1.0,1.0,1.0
0.0,0.5,0.0,0.5,0.2,0.5,0.07406,0.2,0.53333,0.0,0.5,0.0,1.0,0.2,0.0,0.99367,0.0,1.0,1.0,1.0,1.0,1.0,0.0,0.01119,0.01599,0.0,1.0,1.0,1.0,0.0,1.0,1.0,1.0,0.0,1.0,1.0,0.5,0.5,0.5,1.0,1.0,0.5,0.5,0.5,0.0,0.0,1.0,1.0,1.0,0.5,0.5,1.0,0.2,1.0,1.0,1.0,1.0,1.0,1.0
0.0,0.5,0.0,0.5,0.2,0.5,0.07406,0.2,0.56667,0.0,0.5,0.0,1.0,0.2,0.0,0.99491,0.0,1.0,1.0,1.0,1.0,1.0,0.0,0.01119,0.01599,0.0,1.0,1.0,1.0,0.0,1.0,1.0,1.0,0.0,1.0,1.0,0.5,0.5,0.5,1.0,1.0,0.5,0.5,0.5,0.0,0.0,1.0,1.0,1.0,0.5,0.5,1.0,0.2,1.0,1.0,1.0,1.0,1.0,1.0
0.0,0.5,0.0,0.5,0.2,0.5,0.07406,0.2,0.6,0.0,0.5,0.0,1.0,0.2,0.0,0.99597,0.0,1.0,1.0,1.0,1.0,1.0,0.0,0.01119,0.01599,0.0,1.0,1.0,1.0,0.0,1.0,1.0,1.0,0.0,1.0,1.0,0.5,0.5,0.5,1.0,1.0,0.5,0.5,0.5,0.0,0.0,1.0,1.0,1.0,0.5,0.5,1.0,0.2,1.0,1.0,1.0,1.0,1.0,1.0
0.0,0.5,0.0,0.5,0.2,0.5,0.07406,0.2,0.63333,0.0,0.5,0.0,1.0,0.2,0.0,0.9968,0.0,1.0,1.0,1.0,1.0,1.0,0.0,0.01119,0.01599,0.0,1.0,1.0,1.0,0.0,1.0,1.0,1.0,0.0,1.0,1.0,0.5,0.5,0.5,1.0,1.0,0.5,0.5,0.5,0.0,0.0,1.0,1.0,1.0,0.5,0.5,1.0,0.2,1.0,1.0,1.0,1.0,1.0,1.0
0.0,0.5,0.0,0.5,0.2,0.5,0.07406,0.2,0.66667,0.0,0.5,0.0,1.0,0.2,0.0,0.99744,0.0,1.0,1.0,1.0,1.0,1.0,0.0,0.01119,0.01599,0.0,1.0,1.0,1.0,0.0,1.0,1.0,1.0,0.0,1.0,1.0,0.5,0.5,0.5,1.0,1.0,0.5,0.5,0.5,0.0,0.0,1.0,1.0,1.0,0.5,0.5,1.0,0.2,1.0,1.0,1.0,1.0,1.0,1.0
0.5,0.5,0.5,0.5,0.5,0.5,0.13497,0.2,0.3,0.0,0.5,0.0,0.0,0.52,0.0,0.97728,0.0,1.0,1.0,1.0,1.0,0.5,0.0,0.34586,0.49409,0.0,0.65573,0.4878,0.0,0.0,0.91539,1.0,0.5,0.0,1.0,1.0,0.5,0.5,0.5,1.0,1.0,0.5,0.5,0.5,0.0,0.0,1.0,1.0,1.0,0.5,0.5,1.0,0.2,0.0,1.0,1.0,1.0,1.0,0.5
1.0,1.0,1.0,1.0,0.2,0.2,0.13731,0.2,0.36667,0.0,0.5,0.0,0.0,0.52,0.0,0.99209,0.0,1.0,1.0,1.0,1.0,1.0,0.0,0.33788,0.48269,0.0,0.67492,0.50935,0.0,0.0,0.90187,0.75,1.0,0.0,1.0,1.0,0.5,0.5,0.5,1.0,1.0,0.5,0.5,0.5,0.0,0.0,1.0,1.0,1.0,0.5,0.5,1.0,0.2,0.0,1.0,1.0,1.0,0.0,1.0
0.5,0.5,0.5,0.5,0.5,0.5,0.10692,0.4,0.3,0.0,0.5,0.0,0.0,0.32,0.04,0.98577,0.0,1.0,0.8,1.0,1.0,0.5,1.0,0.844,1.0,0.25,0.38346,0.25683,0.0,0.0,0.66667,0.75,0.5,0.0,1.0,1.0,0.5,0.5,0.5,1.0,1.0,0.5,0.5,0.5,0.0,0.0,1.0,1.0,1.0,1.0,1.0,1.0,0.2,0.0,1.0,0.0,1.0,0.0,0.5
0.0,0.5,0.0,0.5,0.4,0.5,0.10635,0.4,0.33333,0.0,0.5,0.0,1.0,0.28,0.04,0.97513,0.0,1.0,0.9,1.0,1.0,1.0,1.0,0.85615,1.0,0.25,0.3858,0.25505,0.0,0.0,0.66667,1.0,1.0,0.0,1.0,1.0,0.5,0.5,0.5,1.0,1.0,0.5,0.5,0.5,0.0,0.0,1.0,1.0,1.0,1.0,1.0,1.0,0.2,0.0,1.0,0.0,1.0,0.0,1.0
0.0,0.0,0.0,0.0,0.4,0.4,0.09988,0.4,0.46667,0.0,0.5,0.0,0.0,0.2,0.04,0.98224,0.0,0.9,1.0,1.0,1.0,1.0,1.0,0.89501,1.0,0.25,0.37695,0.24343,0.0,0.0,0.66667,1.0,1.0,0.0,1.0,1.0,0.5,0.5,0.5,1.0,1.0,0.5,0.5,0.5,0.0,0.0,1.0,1.0,1.0,1.0,1.0,1.0,0.2,0.0,1.0,0.0,1.0,0.0,1.0
1.0,0.5,1.0,0.5,0.4,0.5,0.10077,0.4,0.5,0.0,0.5,0.0,1.0,0.2,0.04,0.99188,0.0,0.9,1.0,1.0,1.0,0.9,0.0,0.73198,1.0,0.25,0.5418,0.37155,0.0,0.0,0.85572,1.0,0.75,0.0,1.0,1.0,0.5,0.5,0.5,1.0,1.0,0.5,0.5,0.5,0.0,0.0,1.0,1.0,1.0,1.0,1.0,1.0,0.2,0.0,1.0,0.0,1.0,0.0,1.0
1.0,0.0,1.0,0.0,0.4,0.4,0.06015,0.4,0.63333,0.0,0.5,0.0,0.0,0.28,0.04,0.0,0.99818,0.6,1.0,0.8,1.0,0.8,1.0,0.91671,1.0,0.25,0.29237,0.18175,0.0,0.0,0.89662,0.75,0.75,0.0,1.0,1.0,0.5,0.5,0.5,1.0,1.0,0.5,0.5,0.5,0.0,0.0,1.0,1.0,1.0,1.0,1.0,1.0,0.2,0.0,1.0,0.0,1.0,0.5,1.0
0.5,0.5,0.5,0.5,0.5,0.5,0.37556,1.0,0.3,0.0,0.5,0.0,0.0,0.76,0.04,0.36608,0.0,0.6,1.0,0.6,1.0,0.5,1.0,0.94424,1.0,0.25,1.0,1.0,1.0,0.0,1.0,0.75,0.5,0.0,1.0,1.0,0.5,0.5,0.5,1.0,1.0,0.5,0.5,0.5,0.0,0.0,1.0,1.0,1.0,1.0,1.0,1.0,0.2,0.0,1.0,0.0,1.0,0.0,0.5
1.0,1.0,1.0,1.0,1.0,1.0,0.96015,1.0,0.6,0.0,0.5,0.0,0.0,0.08,0.16,0.0,0.98983,1.0,1.0,1.0,1.0,1.0,0.0,0.39483,0.56404,0.0,1.0,1.0,1.0,0.0,1.0,1.0,0.75,0.0,1.0,1.0,0.5,0.5,0.5,1.0,1.0,0.5,0.5,0.5,0.0,0.0,1.0,1.0,1.0,1.0,0.2923,1.0,0.2,1.0,1.0,0.0,1.0,0.0,1.0
0.5,0.5,0.5,0.5,0.5,0.5,0.35967,1.0,0.13333,0.0,0.5,0.0,0.0,0.92,0.04,0.3538,0.0,0.6,0.6,0.6,1.0,0.5,1.0,0.84804,1.0,0.25,1.0,1.0,1.0,0.0,1.0,0.75,0.5,0.0,1.0,1.0,0.5,0.5,0.5,1.0,1.0,0.5,0.5,0.5,0.0,0.0,1.0,1.0,1.0,1.0,1.0,1.0,0.2,0.0,1.0,0.0,1.0,0.0,0.5
1.0,1.0,1.0,0.0,1.0,1.0,0.98624,1.0,0.96667,0.0,0.5,0.0,0.0,0.04,0.16,0.0,0.98588,1.0,1.0,1.0,1.0,1.0,1.0,0.34937,0.49911,0.0,1.0,1.0,1.0,0.0,1.0,1.0,0.75,0.0,1.0,1.0,0.5,0.5,0.5,1.0,1.0,0.5,0.5,0.5,0.0,0.0,1.0,1.0,1.0,1.0,0.09549,1.0,0.2,1.0,1.0,0.0,1.0,1.0,1.0
0.5,0.5,0.5,0.5,0.5,0.5,0.00592,0.2,0.1,0.0,0.5,0.0,0.0,0.16,0.0,0.9969,0.0,0.9,0.9,1.0,1.0,0.5,1.0,0.56195,0.80278,0.25,0.12893,0.06891,0.0,1.0,1.0,0.75,0.5,0.0,1.0,1.0,0.5,0.5,0.5,1.0,1.0,0.5,0.5,0.5,0.0,0.0,1.0,1.0,1.0,0.5,0.5,1.0,0.2,0.0,1.0,1.0,1.0,0.0,0.5
0.0,0.0,0.0,0.0,0.2,0.2,0.00402,0.2,0.2,0.0,0.5,0.0,0.0,0.16,0.0,0.99777,0.0,1.0,1.0,1.0,1.0,0.9,0.0,0.65541,0.9363,0.5,0.02934,0.01489,0.0,0.0,1.0,0.5,0.5,0.0,1.0,1.0,0.5,0.5,0.5,1.0,1.0,0.5,0.5,0.5,0.0,0.0,1.0,1.0,1.0,0.5,0.5,1.0,0.2,0.0,1.0,1.0,1.0,0.0,1.0
0.0,0.0,0.0,0.0,0.2,0.2,0.00388,0.2,0.26667,0.0,0.5,0.0,0.0,0.16,0.0,0.999,0.0,1.0,1.0,1.0,1.0,1.0,0.0,0.65524,0.93606,0.5,0.02835,0.01438,0.0,0.0,1.0,0.5,1.0,0.0,1.0,1.0,0.5,0.5,0.5,1.0,1.0,0.5,0.5,0.5,0.0,0.0,1.0,1.0,1.0,0.5,0.5,1.0,0.2,0.0,1.0,1.0,1.0,0.0,1.0
0.0,0.5,0.0,0.5,0.2,0.5,0.00388,0.2,0.3,0.0,0.5,0.0,1.0,0.16,0.0,0.99939,0.0,1.0,1.0,1.0,1.0,1.0,0.0,0.65523,0.93605,0.5,0.02832,0.01436,0.0,0.0,1.0,1.0,1.0,0.0,1.0,1.0,0.5,0.5,0.5,1.0,1.0,0.5,0.5,0.5,0.0,0.0,1.0,1.0,1.0,0.5,0.5,1.0,0.2,0.0,1.0,1.0,1.0,0.0,1.0
0.0,0.5,0.0,0.5,0.2,0.5,0.00387,0.2,0.33333,0.0,0.5,0.0,1.0,0.16,0.0,0.99963,0.0,1.0,1.0,1.0,1.0,1.0,0.0,0.65523,0.93604,0.5,0.02831,0.01436,0.0,0.0,1.0,1.0,1.0,0.0,1.0,1.0,0.5,0.5,0.5,1.0,1.0,0.5,0.5,0.5,0.0,0.0,1.0,1.0,1.0,0.5,0.5,1.0,0.2,0.0,1.0,1.0,1.0,0.0,1.0
0.0,0.5,0.0,0.5,0.2,0.5,0.00387,0.2,0.36667,0.0,0.5,0.0,1.0,0.16,0.0,0.99978,0.0,1.0,1.0,1.0,1.0,1.0,0.0,0.65523,0.93604,0.5,0.02831,0.01436,0.0,0.0,1.0,1.0,1.0,0.0,1.0,1.0,0.5,0.5,0.5,1.0,1.0,0.5,0.5,0.5,0.0,0.0,1.0,1.0,1.0,0.5,0.5,1.0,0.2,0.0,1.0,1.0,1.0,0.0,1.0
0.0,0.0,0.0,0.0,0.2,0.2,0.00387,0.2,0.56667,0.0,0.5,0.0,0.0,0.16,0.0,0.99988,0.0,1.0,1.0,1.0,1.0,0.9,0.0,0.0001,0.00014,0.0,1.0,1.0,1.0,0.0,1.0,0.75,0.75,0.0,1.0,1.0,0.5,0.5,0.5,1.0,1.0,0.5,0.5,0.5,0.0,0.0,1.0,1.0,1.0,0.5,0.5,1.0,0.2,1.0,1.0,1.0,1.0,1.0,1.0
0.0,0.5,0.0,0.5,0.2,0.5,0.00387,0.2,0.6,0.0,0.5,0.0,1.0,0.16,0.0,0.99985,0.0,1.0,1.0,1.0,1.0,1.0,0.0,0.0001,0.00014,0.0,1.0,1.0,1.0,0.0,1.0,1.0,1.0,0.0,1.0,1.0,0.5,0.5,0.5,1.0,1.0,0.5,0.5,0.5,0.0,0.0,1.0,1.0,1.0,0.5,0.5,1.0,0.2,1.0,1.0,1.0,1.0,1.0,1.0
0.0,0.5,0.0,0.5,0.2,0.5,0.00387,0.2,0.63333,0.0,0.5,0.0,1.0,0.16,0.0,0.99986,0.0,1.0,1.0,1.0,1.0,1.0,0.0,0.0001,0.00014,0.0,1.0,1.0,1.0,0.0,1.0,1.0,1.0,0.0,1.0,1.0,0.5,0.5,0.5,1.0,1.0,0.5,0.5,0.5,0.0,0.0,1.0,1.0,1.0,0.5,0.5,1.0,0.2,1.0,1.0,1.0,1.0,1.0,1.0
0.0,0.5,0.0,0.5,0.2,0.5,0.00387,0.2,0.66667,0.0,0.5,0.0,1.0,0.16,0.0,0.99987,0.0,1.0,1.0,1.0,1.0,1.0,0.0,0.0001,0.00014,0.0,1.0,1.0,1.0,0.0,1.0,1.0,1.0,0.0,1.0,1.0,0.5,0.5,0.5,1.0,1.0,0.5,0.5,0.5,0.0,0.0,1.0,1.0,1.0,0.5,0.5,1.0,0.2,1.0,1.0,1.0,1.0,1.0,1.0
0.0,0.5,0.0,0.5,0.2,0.5,0.00387,0.2,0.7,0.0,0.5,0.0,1.0,0.16,0.0,0.99989,0.0,1.0,1.0,1.0,1.0,1.0,0.0,0.0001,0.00014,0.0,1.0,1.0,1.0,0.0,1.0,1.0,1.0,0.0,1.0,1.0,0.5,0.5,0.5,1.0,1.0,0.5,0.5,0.5,0.0,0.0,1.0,1.0,1.0,0.5,0.5,1.0,0.2,1.0,1.0,1.0,1.0,1.0,1.0
0.5,0.5,0.5,0.5,0.5,0.5,0.22374,0.8,0.06667,0.0,0.5,0.0,0.0,0.32,0.0,0.5,0.5,0.7,1.0,1.0,1.0,0.5,1.0,0.72068,1.0,0.0,1.0,0.72051,0.5,0.0,0.44444,1.0,0.5,0.0,1.0,1.0,0.5,0.5,0.5,1.0,1.0,0.5,0.5,0.5,0.5,0.5,1.0,1.0,1.0,0.5,0.5,1.0,0.2,0.0,1.0,1.0,1.0,1.0,0.5
1.0,1.0,1.0,1.0,1.0,0.8,0.13899,0.4,0.56667,0.0,0.5,0.0,0.0,0.32,0.08,0.0,0.9799,0.8,0.8,0.9,1.0,0.7,1.0,0.88869,1.0,0.25,0.53094,0.31655,0.0,0.0,0.72184,1.0,0.5,0.0,1.0,1.0,0.5,0.5,0.5,1.0,1.0,0.5,0.5,0.5,0.0,0.0,1.0,1.0,1.0,1.0,0.49384,1.0,0.2,0.0,1.0,0.0,1.0,0.5,1.0
0.0,0.0,0.0,0.0,0.4,0.4,0.13006,0.4,0.73333,0.0,0.5,0.0,0.0,0.16,0.08,0.98354,0.0,1.0,1.0,0.9,1.0,0.9,1.0,0.89998,1.0,0.25,0.50172,0.30112,0.0,0.0,0.80087,0.75,0.5,0.0,1.0,1.0,0.5,0.5,0.5,1.0,1.0,0.5,0.5,0.5,0.0,0.0,1.0,1.0,1.0,1.0,0.49384,1.0,0.2,0.0,1.0,0.0,1.0,0.0,1.0
0.0,0.0,0.0,0.0,0.4,0.4,0.12904,0.4,0.83333,0.0,0.5,0.0,0.0,0.2,0.08,0.0,0.99526,1.0,0.9,0.9,0.9,1.0,1.0,0.95722,1.0,0.25,0.52785,0.30241,0.0,0.0,0.6577,0.75,0.5,0.0,1.0,1.0,0.5,0.5,0.5,1.0,1.0,0.5,0.5,0.5,0.0,0.0,1.0,1.0,1.0,1.0,0.09692,1.0,0.2,0.0,1.0,0.0,1.0,0.0,1.0
0.0,0.0,0.0,0.0,0.4,0.4,0.12838,0.4,0.9,0.0,0.5,0.0,0.0,0.2,0.08,0.99363,0.0,1.0,1.0,0.9,1.0,1.0,1.0,0.96394,1.0,0.25,0.52893,0.30097,0.0,0.0,0.65553,1.0,1.0,0.0,1.0,1.0,0.5,0.5,0.5,1.0,1.0,0.5,0.5,0.5,0.0,0.0,1.0,1.0,1.0,1.0,0.09692,1.0,0.2,0.0,1.0,0.0,1.0,0.0,1.0
0.0,0.0,0.0,0.0,0.4,0.4,0.12821,0.4,0.96667,0.0,0.5,0.0,0.0,0.16,0.08,0.99112,0.0,1.0,1.0,0.9,1.0,1.0,1.0,0.96492,1.0,0.25,0.52878,0.30059,0.0,0.0,0.65423,1.0,1.0,0.0,1.0,1.0,0.5,0.5,0.5,1.0,1.0,0.5,0.5,0.5,0.0,0.0,1.0,1.0,1.0,1.0,0.09692,1.0,0.2,0.0,1.0,0.0,1.0,0.0,1.0
0.5,0.5,0.5,0.5,0.5,0.5,0.05916,0.4,0.23333,0.0,0.5,0.0,0.0,0.36,0.04,0.85503,0.0,1.0,1.0,1.0,1.0,0.5,1.0,0.78051,1.0,0.25,0.28396,0.16548,0.0,0.0,0.5,0.75,0.5,0.0,1.0,1.0,0.5,0.5,0.5,1.0,1.0,0.5,0.5,0.5,0.0,0.0,1.0,1.0,1.0,1.0,1.0,1.0,0.2,0.0,1.0,0.0,1.0,0.0,0.5
0.0,1.0,1.0,1.0,0.4,0.4,0.07644,0.4,0.4,0.0,0.5,0.0,0.0,0.16,0.04,0.98326,0.0,1.0,1.0,1.0,1.0,1.0,1.0,0.79468,1.0,0.25,0.34677,0.20975,0.0,0.0,0.5,0.75,1.0,0.0,1.0,1.0,0.5,0.5,0.5,1.0,1.0,0.5,0.5,0.5,0.0,0.0,1.0,1.0,1.0,1.0,0.3435,1.0,0.2,0.0,1.0,0.0,1.0,0.0,1.0
0.5,0.5,0.5,0.5,0.5,0.5,0.1871,0.6,0.1,0.0,0.5,0.0,0.0,0.16,0.04,0.41544,0.0,0.6,1.0,0.6,1.0,0.5,0.0,0.80874,1.0,0.5,0.88601,0.43923,0.5,0.0,0.66667,1.0,0.5,0.0,0.8,0.64995,0.2097,0.5,1.0,1.0,1.0,0.5,0.5,0.5,0.0,0.0,1.0,1.0,1.0,0.5,0.5,1.0,0.2,0.0,1.0,1.0,1.0,0.5,0.5
0.0,0.0,0.0,0.0,0.6,0.6,0.0842,0.6,0.16667,0.0,0.5,0.0,0.0,0.16,0.04,0.87071,0.0,1.0,0.8,0.7,0.7,0.8,0.0,0.90368,1.0,0.25,0.43365,0.17573,0.5,0.0,0.68068,0.5,0.5,0.0,0.8,0.5981,0.43479,0.59388,0.43479,1.0,1.0,0.5,0.5,0.5,0.0,0.0,1.0,1.0,1.0,0.5,0.5,1.0,0.2,0.0,1.0,1.0,1.0,0.0,1.0
0.0,0.0,0.0,0.0,0.6,0.6,0.03041,0.6,0.26667,0.0,0.5,0.0,0.0,0.16,0.04,0.98984,0.0,1.0,1.0,1.0,1.0,0.7,0.0,0.51252,0.73217,0.25,0.17478,0.0646,0.5,0.0,0.72459,0.5,1.0,0.0,1.0,1.0,0.5,0.59388,0.5,1.0,1.0,0.5,0.5,0.5,0.0,0.0,1.0,1.0,1.0,0.5,0.5,1.0,0.2,0.0,1.0,1.0,1.0,0.0,1.0
0.0,0.0,0.0,0.0,0.6,0.6,0.02893,0.6,0.33333,0.0,0.5,0.0,0.0,0.12,0.04,0.99635,0.0,0.9,0.9,1.0,1.0,0.9,1.0,0.85091,1.0,0.25,0.11581,0.06147,0.0,0.0,0.60519,0.5,0.75,0.0,1.0,1.0,0.5,0.59388,0.5,1.0,1.0,0.5,0.5,0.5,0.0,0.0,1.0,1.0,1.0,0.5,0.5,1.0,0.2,0.0,1.0,1.0,1.0,0.0,1.0
0.0,0.0,0.0,0.0,0.6,0.6,0.02883,0.6,0.4,0.0,0.5,0.0,0.0,0.12,0.04,0.99682,0.0,1.0,1.0,1.0,1.0,1.0,0.0,0.85085,1.0,0.25,0.11546,0.06127,0.0,0.0,0.61557,0.75,1.0,0.0,1.0,1.0,0.5,0.59388,0.5,1.0,1.0,0.5,0.5,0.5,0.0,0.0,1.0,1.0,1.0,0.5,0.5,1.0,0.2,0.0,1.0,1.0,1.0,0.0,1.0
0.0,0.0,0.0,0.0,0.6,0.6,0.02882,0.6,0.46667,0.0,0.5,0.0,0.0,0.12,0.04,0.99715,0.0,1.0,1.0,1.0,1.0,1.0,0.0,0.85084,1.0,0.25,0.11543,0.06125,0.0,0.0,0.62175,0.75,1.0,0.0,1.0,1.0,0.5,0.59388,0.5,1.0,1.0,0.5,0.5,0.5,0.0,0.0,1.0,1.0,1.0,0.5,0.5,1.0,0.2,0.0,1.0,1.0,1.0,0.0,1.0
0.0,0.0,0.0,0.0,0.6,0.6,0.02882,0.6,0.53333,0.0,0.5,0.0,0.0,0.12,0.04,0.99804,0.0,1.0,1.0,1.0,1.0,1.0,0.0,0.85084,1.0,0.25,0.11542,0.06125,0.0,0.0,0.62553,0.75,1.0,0.0,1.0,1.0,0.5,0.59388,0.5,1.0,1.0,0.5,0.5,0.5,0.0,0.0,1.0,1.0,1.0,0.5,0.5,1.0,0.2,0.0,1.0,1.0,1.0,0.0,1.0
0.0,0.0,0.0,0.0,0.6,0.6,0.02882,0.6,0.6,0.0,0.5,0.0,0.0,0.12,0.04,0.99877,0.0,1.0,1.0,1.0,1.0,1.0,0.0,0.85084,1.0,0.25,0.11542,0.06125,0.0,0.0,0.62788,0.5,1.0,0.0,1.0,1.0,0.5,0.59388,0.5,1.0,1.0,0.5,0.5,0.5,0.0,0.0,1.0,1.0,1.0,0.5,0.5,1.0,0.2,0.0,1.0,1.0,1.0,0.0,1.0
0.0,0.0,0.0,0.0,0.6,0.6,0.02882,0.6,0.66667,0.0,0.5,0.0,0.0,0.12,0.04,0.99922,0.0,1.0,1.0,1.0,1.0,1.0,0.0,0.85084,1.0,0.25,0.11542,0.06125,0.0,0.0,0.62936,0.5,1.0,0.0,1.0,1.0,0.5,0.59388,0.5,1.0,1.0,0.5,0.5,0.5,0.0,0.0,1.0,1.0,1.0,0.5,0.5,1.0,0.2,0.0,1.0,1.0,1.0,0.0,1.0
0.0,0.0,0.0,0.0,0.6,0.6,0.02882,0.6,0.73333,0.0,0.5,0.0,0.0,0.12,0.04,0.9995,0.0,1.0,1.0,1.0,1.0,1.0,0.0,0.85084,1.0,0.25,0.11542,0.06125,0.0,0.0,0.63029,0.5,1.0,0.0,1.0,1.0,0.5,0.59388,0.5,1.0,1.0,0.5,0.5,0.5,0.0,0.0,1.0,1.0,1.0,0.5,0.5,1.0,0.2,0.0,1.0,1.0,1.0,0.0,1.0
0.0,0.0,0.0,0.0,0.6,0.6,0.02882,0.6,0.8,0.0,0.5,0.0,0.0,0.12,0.04,0.99968,0.0,1.0,1.0,1.0,1.0,1.0,0.0,0.85084,1.0,0.25,0.11542,0.06125,0.0,0.0,0.63088,0.5,1.0,0.0,1.0,1.0,0.5,0.59388,0.5,1.0,1.0,0.5,0.5,0.5,0.0,0.0,1.0,1.0,1.0,0.5,0.5,1.0,0.2,0.0,1.0,1.0,1.0,0.0,1.0
0.0,0.0,0.0,0.0,0.6,0.6,0.02882,0.6,0.86667,0.0,0.5,0.0,0.0,0.12,0.04,0.99979,0.0,1.0,1.0,1.0,1.0,1.0,0.0,0.85084,1.0,0.25,0.11542,0.06125,0.0,0.0,0.63126,1.0,1.0,0.0,1.0,1.0,0.5,0.59388,0.5,1.0,1.0,0.5,0.5,0.5,0.0,0.0,1.0,1.0,1.0,0.5,0.5,1.0,0.2,0.0,1.0,1.0,1.0,0.0,1.0
0.0,0.0,0.0,0.0,0.6,0.6,0.02882,0.6,0.93333,0.0,0.5,0.0,0.0,0.12,0.04,0.99986,0.0,1.0,1.0,1.0,1.0,1.0,0.0,0.85084,1.0,0.25,0.11542,0.06125,0.0,0.0,0.6315,1.0,1.0,0.0,1.0,1.0,0.5,0.59388,0.5,1.0,1.0,0.5,0.5,0.5,0.0,0.0,1.0,1.0,1.0,0.5,0.5,1.0,0.2,0.0,1.0,1.0,1.0,0.0,1.0
0.0,0.0,0.0,0.0,0.6,0.6,0.02882,0.6,1.0,0.0,0.5,0.0,0.0,0.12,0.04,0.99991,0.0,1.0,1.0,1.0,1.0,1.0,0.0,0.85084,1.0,0.25,0.11542,0.06125,0.0,0.0,0.63166,1.0,1.0,0.0,1.0,1.0,0.5,0.59388,0.5,1.0,1.0,0.5,0.5,0.5,0.0,0.0,1.0,1.0,1.0,0.5,0.5,1.0,0.2,0.0,1.0,1.0,1.0,0.0,1.0
0.5,0.5,0.5,0.5,0.5,0.5,0.48359,0.8,0.26667,0.0,0.5,0.0,0.0,0.28,0.2,0.97852,0.0,1.0,1.0,0.9,1.0,0.5,0.0,0.47932,0.68474,0.5,1.0,1.0,1.0,0.0,1.0,1.0,0.5,0.0,1.0,1.0,0.5,0.5,0.5,1.0,1.0,0.5,0.5,0.5,0.0,0.0,1.0,1.0,1.0,1.0,0.47305,1.0,0.2,1.0,1.0,0.0,1.0,1.0,0.5
0.5,0.5,0.5,0.5,0.5,0.5,0.30914,1.0,0.1,0.0,0.5,0.0,0.0,0.52,0.08,0.32978,0.0,0.9,1.0,0.9,1.0,0.5,1.0,0.89225,1.0,0.25,1.0,1.0,1.0,0.0,1.0,1.0,0.5,0.0,1.0,1.0,0.5,0.5,0.5,1.0,1.0,0.5,0.5,0.5,0.0,0.0,1.0,1.0,1.0,0.5,0.5,1.0,0.2,0.0,1.0,1.0,1.0,1.0,0.5
1.0,1.0,1.0,1.0,1.0,1.0,0.59646,1.0,0.36667,0.0,0.5,0.0,0.0,0.28,0.2,0.0,0.87357,0.8,1.0,0.9,0.8,0.6,1.0,0.75141,1.0,0.25,1.0,1.0,1.0,0.0,1.0,1.0,0.75,0.0,1.0,1.0,0.5,0.5,0.5,1.0,1.0,0.5,0.5,0.5,0.0,0.0,1.0,1.0,1.0,1.0,0.33757,1.0,0.2,1.0,1.0,0.0,1.0,1.0,1.0
1.0,1.0,1.0,1.0,1.0,1.0,0.62438,1.0,0.43333,0.0,0.5,0.0,0.0,0.16,0.2,0.0,0.97153,1.0,1.0,0.9,1.0,1.0,1.0,0.81829,1.0,0.25,1.0,1.0,1.0,0.0,1.0,1.0,1.0,0.0,1.0,1.0,0.5,0.5,0.5,1.0,1.0,0.5,0.5,0.5,0.0,0.0,1.0,1.0,1.0,1.0,0.33757,1.0,0.2,1.0,1.0,0.0,1.0,0.0,1.0
0.0,0.0,1.0,1.0,1.0,1.0,0.62713,1.0,0.53333,0.0,0.5,0.0,0.0,0.12,0.2,0.9919,0.0,1.0,1.0,0.9,1.0,1.0,1.0,0.82251,1.0,0.25,1.0,1.0,1.0,0.0,1.0,1.0,1.0,0.0,1.0,1.0,0.5,0.5,0.5,1.0,1.0,0.5,0.5,0.5,0.0,0.0,1.0,1.0,1.0,1.0,0.33757,1.0,0.2,1.0,1.0,0.0,1.0,1.0,1.0
0.0,0.0,1.0,1.0,1.0,1.0,0.63142,1.0,0.8,0.0,0.5,0.0,0.0,0.08,0.2,0.99827,0.0,1.0,1.0,0.9,1.0,1.0,1.0,0.81805,1.0,0.25,1.0,1.0,1.0,0.0,1.0,1.0,1.0,0.0,1.0,1.0,0.5,0.5,0.5,1.0,1.0,0.5,0.5,0.5,0.0,0.0,1.0,1.0,1.0,1.0,0.33757,1.0,0.2,1.0,1.0,0.0,1.0,1.0,1.0
0.0,0.0,1.0,1.0,1.0,1.0,0.6317,1.0,0.9,0.0,0.5,0.0,0.0,0.08,0.2,0.99985,0.0,1.0,1.0,0.9,1.0,1.0,0.0,0.81801,1.0,0.25,1.0,1.0,1.0,0.0,1.0,1.0,1.0,0.0,1.0,1.0,0.5,0.5,0.5,1.0,1.0,0.5,0.5,0.5,0.0,0.0,1.0,1.0,1.0,1.0,0.33757,1.0,0.2,1.0,1.0,0.0,1.0,1.0,1.0
0.5,0.5,0.5,0.5,0.5,0.5,0.25238,0.8,0.1,0.0,0.5,0.0,0.0,0.2,0.0,0.97141,0.0,1.0,0.8,1.0,1.0,0.5,0.0,0.63261,0.90372,0.5,1.0,1.0,1.0,0.0,1.0,0.75,0.5,0.0,0.6,0.8256,1.0,0.5,1.0,0.5,1.0,0.5,0.5,0.5,0.0,0.0,1.0,1.0,1.0,0.5,0.5,1.0,0.2,0.0,1.0,1.0,1.0,0.0,0.5
1.0,1.0,1.0,1.0,0.8,0.8,0.26981,0.8,0.3,0.0,0.5,0.0,0.0,0.12,0.24,0.0,0.90105,1.0,0.8,1.0,0.8,0.9,1.0,0.70321,1.0,0.5,0.53967,0.36955,0.0,0.0,0.88066,1.0,0.5,0.0,1.0,1.0,0.5,0.5,0.5,1.0,1.0,0.5,0.5,0.5,0.0,0.0,1.0,1.0,1.0,1.0,1.0,1.0,0.2,0.0,1.0,0.0,1.0,1.0,1.0
0.5,0.5,0.5,0.5,0.5,0.5,0.0,0.2,0.1,0.0,0.5,0.0,0.0,0.56,0.08,0.39108,0.0,0.9,0.4,0.9,1.0,0.5,0.0,0.42463,0.60662,0.0,0.0,0.0,0.0,0.0,0.83261,1.0,0.5,0.0,0.6,0.45615,0.09526,0.5,0.23814,1.0,1.0,0.5,0.5,0.5,0.0,0.0,1.0,1.0,1.0,0.5,0.5,1.0,0.2,0.0,1.0,1.0,1.0,1.0,0.5
0.0,0.0,0.0,0.0,0.2,0.2,0.0,0.2,0.16667,0.0,0.5,0.0,0.0,0.32,0.24,0.83489,0.0,1.0,1.0,0.9,1.0,1.0,1.0,0.85859,1.0,0.25,0.0,0.0,0.0,1.0,0.70829,0.75,0.75,0.0,1.0,1.0,0.5,0.5,0.5,1.0,1.0,0.5,0.5,0.5,0.0,0.0,1.0,1.0,1.0,0.5,0.5,1.0,0.2,0.0,1.0,1.0,1.0,0.0,1.0
0.5,0.5,0.5,0.5,0.5,0.5,0.0677,0.2,0.2,0.0,1.0,0.0,0.0,0.13,0.0,0.99706,0.0,0.91111,0.93333,1.0,1.0,0.5,1.0,0.65231,0.93187,0.11111,0.83415,0.57913,0.33333,0.0,0.43215,1.0,0.5,0.0,1.0,1.0,0.5,0.5,0.5,1.0,1.0,0.5,0.5,0.5,0.0,0.0,1.0,1.0,1.0,0.5,0.5,1.0,0.1,0.0,1.0,1.0,1.0,0.33333,0.5
0.0,0.0,0.0,0.0,0.2,0.2,0.06609,0.2,0.26667,0.0,1.0,0.0,0.0,0.12,0.0,0.98375,0.0,1.0,0.95556,1.0,1.0,0.95556,0.0,0.56165,0.80236,0.22222,0.6616,0.49432,0.0,1.0,1.0,1.0,0.55556,0.0,1.0,1.0,0.5,0.5,0.5,1.0,1.0,0.5,0.5,0.5,0.0,0.0,1.0,1.0,1.0,0.5,0.5,1.0,0.1,0.0,1.0,1.0,1.0,0.0,1.0
0.5,0.5,0.5,0.5,0.5,0.5,0.20183,1.0,0.16667,0.0,1.0,0.0,0.0,0.56,0.02,0.35674,0.0,0.8,1.0,0.8,1.0,0.5,0.0,0.74206,1.0,0.11111,1.0,1.0,1.0,0.0,0.66667,0.88889,0.5,0.0,1.0,1.0,0.5,0.5,0.5,1.0,1.0,0.5,0.5,0.5,0.0,0.0,1.0,1.0,1.0,1.0,1.0,1.0,0.1,0.0,1.0,0.0,1.0,0.0,0.5
1.0,1.0,1.0,1.0,1.0,1.0,0.27085,1.0,0.23333,0.0,1.0,0.0,0.0,0.26,0.05,0.73515,0.0,0.68889,0.82222,0.82222,1.0,0.84444,0.0,0.81547,1.0,0.11111,1.0,1.0,1.0,0.0,0.66667,0.88889,1.0,0.0,1.0,1.0,0.5,1.0,0.5,1.0,1.0,0.5,0.5,0.5,0.0,0.91663,1.0,1.0,1.0,1.0,1.0,1.0,0.1,0.0,1.0,0.0,1.0,0.0,1.0
1.0,1.0,1.0,1.0,1.0,1.0,0.33582,1.0,0.3,0.0,1.0,0.0,0.0,0.17,0.09,0.0,0.95209,0.44444,1.0,0.46667,1.0,0.46667,1.0,0.94656,1.0,0.11111,1.0,1.0,1.0,0.0,0.98949,1.0,0.66667,0.0,1.0,1.0,0.5,1.0,0.5,1.0,1.0,0.5,0.5,0.5,0.0,0.0,1.0,1.0,1.0,1.0,0.77277,1.0,0.1,0.0,1.0,0.0,1.0,0.0,1.0
1.0,1.0,1.0,1.0,1.0,1.0,0.34161,1.0,0.36667,0.0,1.0,0.0,0.0,0.14,0.09,0.98992,0.0,1.0,1.0,0.75556,1.0,1.0,1.0,0.93472,1.0,0.22222,1.0,1.0,1.0,0.0,1.0,1.0,0.88889,0.0,1.0,1.0,0.5,1.0,0.5,1.0,1.0,0.5,0.5,0.5,0.0,0.0,1.0,1.0,1.0,1.0,0.77277,1.0,0.1,0.0,1.0,0.0,1.0,1.0,1.0
0.5,0.5,0.5,0.5,0.5,0.5,0.03807,0.3,0.13333,0.0,1.0,0.0,0.0,0.26,0.03,0.86831,0.0,0.62222,0.93333,0.57778,0.64444,0.5,1.0,0.91082,1.0,0.11111,0.42827,0.19304,0.16667,0.0,0.74234,0.66667,0.5,0.0,0.8,0.62232,0.27144,0.5,0.54288,1.0,1.0,0.5,0.5,0.5,0.0,0.0,1.0,1.0,1.0,1.0,1.0,1.0,0.1,0.0,1.0,0.0,1.0,0.33333,0.5
0.5,0.5,0.5,0.5,0.5,0.5,0.23073,1.0,0.1,0.0,1.0,0.0,0.0,0.19,0.01,0.39213,0.0,0.77778,1.0,1.0,1.0,0.5,1.0,0.85085,1.0,0.11111,1.0,1.0,1.0,0.0,1.0,0.88889,0.5,0.0,1.0,1.0,0.5,0.5,0.5,1.0,1.0,0.5,0.5,0.5,0.0,0.0,1.0,1.0,1.0,1.0,0.92326,1.0,0.1,0.0,1.0,0.0,1.0,0.0,0.5
1.0,1.0,1.0,1.0,1.0,1.0,0.25858,1.0,0.23333,0.0,1.0,0.0,0.0,0.15,0.04,0.95108,0.0,0.91111,1.0,0.82222,1.0,1.0,1.0,0.71741,1.0,0.11111,1.0,1.0,1.0,0.0,1.0,1.0,0.77778,0.0,1.0,1.0,0.5,0.5,0.5,1.0,1.0,0.5,0.5,0.5,0.0,0.0,1.0,1.0,1.0,1.0,0.38283,1.0,0.1,0.0,1.0,0.0,1.0,1.0,1.0
1.0,0.0,1.0,0.0,1.0,1.0,0.24629,1.0,0.3,0.0,1.0,0.0,0.0,0.09,0.04,0.99022,0.0,1.0,1.0,0.82222,1.0,1.0,1.0,0.72947,1.0,0.11111,1.0,1.0,1.0,0.0,1.0,0.88889,1.0,0.0,1.0,1.0,0.5,0.5,0.5,1.0,1.0,0.5,0.5,0.5,0.0,0.0,1.0,1.0,1.0,1.0,0.38283,1.0,0.1,0.0,1.0,0.0,1.0,0.5,1.0
0.0,0.0,0.0,0.0,1.0,0.9,0.16474,0.7,0.5,0.0,1.0,0.0,0.0,0.11,0.03,0.99928,0.0,0.95556,1.0,1.0,1.0,0.86667,1.0,0.83994,1.0,0.11111,1.0,0.6255,0.66667,0.0,0.84931,0.88889,0.88889,0.0,1.0,1.0,0.5,0.5,0.5,1.0,1.0,0.5,0.5,0.5,0.0,0.0,1.0,1.0,1.0,1.0,1.0,1.0,0.1,0.0,1.0,0.0,1.0,0.0,1.0
0.0,0.0,0.0,0.0,0.7,0.7,0.10795,0.7,0.63333,0.0,1.0,0.0,0.0,0.09,0.03,0.99951,0.0,1.0,0.77778,0.82222,1.0,0.77778,1.0,0.60394,0.86278,0.22222,1.0,1.0,1.0,0.0,0.9317,1.0,0.88889,0.0,1.0,1.0,0.5,0.5,0.5,1.0,1.0,0.5,0.5,0.5,0.0,0.0,1.0,1.0,1.0,1.0,1.0,1.0,0.1,0.0,1.0,0.0,1.0,0.5,1.0
0.5,0.5,0.5,0.5,0.5,0.5,0.15756,1.0,0.4,0.0,1.0,0.0,0.0,0.34,0.01,0.43179,0.0,0.6,1.0,0.8,1.0,0.5,0.0,0.77127,1.0,0.11111,1.0,1.0,1.0,0.0,0.98416,0.77778,0.5,0.0,1.0,1.0,0.5,0.5,0.5,1.0,1.0,0.5,0.5,0.5,0.0,0.0,1.0,1.0,1.0,0.97769,0.6375,1.0,0.1,0.0,1.0,0.0,1.0,0.0,0.5
1.0,1.0,1.0,1.0,1.0,1.0,0.13403,0.9,0.5,0.0,1.0,0.0,0.0,0.35,0.01,0.83553,0.0,0.53333,1.0,1.0,1.0,0.8,1.0,0.90844,1.0,0.0,1.0,0.94586,0.8,0.0,0.99067,1.0,0.77778,0.0,1.0,1.0,0.5,0.5,0.5,1.0,1.0,0.5,0.5,0.5,0.0,0.0,1.0,1.0,1.0,0.90211,0.60492,1.0,0.1,0.0,1.0,0.0,1.0,1.0,1.0
1.0,1.0,0.0,1.0,0.8,0.8,0.13405,0.8,0.56667,0.0,1.0,0.0,0.0,0.34,0.02,0.0,0.95948,0.64444,0.8,0.75556,0.75556,0.64444,1.0,0.92525,1.0,0.55556,1.0,0.93338,0.5,0.0,0.99744,0.66667,0.88889,0.0,1.0,1.0,0.5,0.5,0.5,1.0,1.0,0.5,0.5,0.5,0.0,0.0,1.0,1.0,1.0,1.0,0.59234,1.0,0.1,0.0,1.0,0.0,1.0,0.0,1.0
0.5,0.5,0.5,0.5,0.5,0.5,0.06125,0.3,0.53333,0.0,1.0,0.0,0.0,0.4,0.03,0.9968,0.0,1.0,1.0,1.0,1.0,0.5,1.0,0.97924,1.0,0.11111,0.68459,0.36151,0.28571,0.0,0.98907,0.77778,0.5,0.0,1.0,1.0,0.5,0.5,0.5,1.0,1.0,0.5,0.5,0.5,0.0,0.0,1.0,1.0,1.0,0.0,0.19,1.0,0.1,0.0,1.0,0.0,1.0,0.71429,0.5
0.5,0.5,0.5,0.5,0.5,0.5,0.02852,0.3,0.16667,0.0,1.0,0.0,0.0,0.11,0.0,0.98132,0.0,1.0,1.0,1.0,1.0,0.5,0.0,0.55784,0.79692,0.44444,0.35218,0.21373,0.0,1.0,1.0,0.55556,0.5,0.0,1.0,1.0,0.5,0.5,0.5,1.0,1.0,0.5,0.5,0.5,0.0,0.0,1.0,1.0,1.0,0.5,0.5,1.0,0.1,0.0,1.0,1.0,1.0,0.0,0.5
0.5,0.5,0.5,0.5,0.5,0.5,0.15803,0.9,0.26667,0.0,1.0,0.0,0.0,0.27,0.09,0.0,0.83216,0.95556,1.0,0.73333,0.68889,0.5,0.0,0.59345,0.84779,0.22222,1.0,1.0,1.0,0.0,1.0,0.88889,0.5,0.0,1.0,1.0,0.5,0.5,0.5,1.0,1.0,0.5,0.5,0.5,0.0,0.0,1.0,1.0,1.0,0.87268,0.92306,1.0,0.1,0.0,1.0,0.0,1.0,1.0,0.5
0.5,0.5,0.5,0.5,0.5,0.5,0.07105,0.4,0.26667,0.0,1.0,0.0,0.0,0.37,0.05,0.99433,0.0,0.8,1.0,0.73333,1.0,0.5,0.0,0.74339,1.0,0.11111,0.9351,0.5654,0.4,0.0,0.86407,1.0,0.5,0.0,0.9,0.98481,1.0,0.5,1.0,0.83333,0.8,0.5,0.5,0.5,0.0,0.0,1.0,1.0,1.0,0.5,0.5,1.0,0.1,0.0,1.0,1.0,1.0,0.6,0.5
0.0,0.0,0.0,0.0,0.4,0.4,0.00814,0.3,0.7,0.0,1.0,0.0,0.0,0.07,0.05,0.99747,0.0,1.0,0.95556,0.77778,0.82222,0.51111,1.0,0.77702,1.0,0.22222,0.08632,0.0327,0.25,0.0,0.89625,0.66667,0.66667,0.0,1.0,1.0,0.5,0.5,0.5,1.0,1.0,0.5,0.5,0.5,0.0,0.0,1.0,1.0,1.0,0.5,0.5,1.0,0.1,0.0,1.0,1.0,1.0,0.0,1.0
0.0,0.0,0.0,0.0,0.3,0.3,0.00632,0.3,0.96667,0.0,1.0,0.0,0.0,0.09,0.03,0.99621,0.0,1.0,0.84444,0.75556,0.86667,0.75556,1.0,0.64165,0.91664,0.44444,0.04948,0.02537,0.0,0.0,1.0,0.77778,0.66667,0.0,1.0,1.0,0.5,0.5,0.5,1.0,1.0,0.5,0.5,0.5,0.0,0.0,1.0,1.0,1.0,1.0,0.09583,1.0,0.1,0.0,1.0,0.0,1.0,0.0,1.0
0.5,0.5,0.5,0.5,0.5,0.5,0.18875,1.0,0.13333,0.0,1.0,0.0,0.0,0.39,0.02,0.356,0.0,0.82222,1.0,0.88889,1.0,0.5,0.0,0.74027,1.0,0.11111,1.0,1.0,1.0,0.0,0.95047,0.88889,0.5,0.0,1.0,1.0,0.5,0.5,0.5,1.0,1.0,0.5,0.5,0.5,0.0,0.0,1.0,1.0,1.0,1.0,1.0,1.0,0.1,0.0,1.0,0.0,1.0,0.0,0.5
1.0,1.0,1.0,1.0,1.0,1.0,0.2358,0.9,0.6,0.0,1.0,0.0,0.0,0.11,0.05,0.0,0.98936,0.55556,1.0,0.75556,1.0,0.82222,1.0,0.8811,1.0,0.44444,0.81936,0.69399,0.0,0.0,0.5,0.88889,0.77778,0.0,1.0,1.0,0.5,0.5,0.5,1.0,1.0,0.5,0.5,0.5,0.0,0.63082,1.0,1.0,1.0,1.0,0.0474,1.0,0.1,0.0,1.0,0.0,1.0,1.0,1.0
0.5,0.5,0.5,0.5,0.5,0.5,0.16416,0.8,0.13333,0.0,1.0,0.0,0.0,0.19,0.01,0.42733,0.0,1.0,0.97778,1.0,1.0,0.5,1.0,0.68514,0.97876,0.11111,1.0,1.0,1.0,0.0,0.86151,0.88889,0.5,0.0,1.0,1.0,0.5,0.5,0.5,1.0,1.0,0.5,0.5,0.5,0.0,0.0,1.0,1.0,1.0,1.0,0.27314,1.0,0.1,0.0,1.0,0.0,1.0,0.66667,0.5
1.0,1.0,1.0,1.0,0.9,0.8,0.1634,0.8,0.23333,0.0,1.0,0.0,0.0,0.19,0.01,0.89144,0.0,1.0,0.93333,1.0,1.0,1.0,1.0,0.69793,0.99705,0.11111,1.0,1.0,1.0,0.0,0.849,1.0,1.0,0.0,1.0,1.0,0.5,0.5,0.5,1.0,1.0,0.5,0.5,0.5,0.0,0.0,1.0,1.0,1.0,1.0,0.27314,1.0,0.1,0.0,1.0,0.0,1.0,0.66667,1.0
1.0,1.0,1.0,1.0,0.9,0.9,0.17905,0.9,0.3,0.0,1.0,0.0,0.0,0.17,0.01,0.0,0.99977,1.0,1.0,1.0,1.0,1.0,0.0,0.69729,0.99613,0.11111,1.0,1.0,1.0,0.0,0.93337,0.88889,0.77778,0.0,1.0,1.0,0.5,0.5,0.5,1.0,1.0,0.5,0.5,0.5,0.0,0.0,1.0,1.0,1.0,1.0,0.27314,1.0,0.1,0.0,1.0,0.0,1.0,0.66667,1.0
1.0,1.0,1.0,1.0,1.0,1.0,0.18654,1.0,0.36667,0.0,1.0,0.0,0.0,0.18,0.01,0.0,0.98852,1.0,0.93333,1.0,1.0,1.0,1.0,0.74901,1.0,0.11111,1.0,1.0,1.0,0.0,0.93447,0.88889,1.0,0.0,1.0,1.0,0.5,0.5,0.5,1.0,1.0,0.5,0.5,0.5,0.0,0.0,1.0,1.0,1.0,1.0,0.27314,1.0,0.1,0.0,1.0,0.0,1.0,0.66667,1.0
1.0,1.0,1.0,1.0,1.0,1.0,0.27478,1.0,0.43333,0.0,1.0,0.0,0.0,0.22,0.01,0.0,0.98781,1.0,1.0,1.0,1.0,0.93333,1.0,0.83445,1.0,0.11111,1.0,1.0,1.0,0.0,0.91427,0.88889,0.77778,0.0,1.0,1.0,0.5,0.5,0.5,1.0,1.0,0.5,0.5,0.5,0.0,0.0,1.0,1.0,1.0,1.0,1.0,1.0,0.1,0.0,1.0,0.0,1.0,0.0,1.0
1.0,0.0,1.0,0.0,1.0,1.0,0.23538,1.0,0.6,0.0,1.0,0.0,0.0,0.15,0.01,0.0,0.99989,1.0,0.91111,0.91111,1.0,1.0,1.0,0.89016,1.0,0.11111,1.0,1.0,1.0,0.0,0.92284,0.77778,1.0,0.0,1.0,1.0,0.5,0.5,0.5,1.0,1.0,0.5,0.5,0.5,0.0,0.0,1.0,1.0,1.0,1.0,1.0,1.0,0.1,0.0,1.0,0.0,1.0,0.33333,1.0
1.0,1.0,1.0,1.0,1.0,1.0,0.24713,1.0,0.66667,0.0,1.0,0.0,0.0,0.14,0.01,0.0,0.99707,0.93333,0.84444,0.95556,1.0,0.93333,1.0,0.96392,1.0,0.11111,1.0,1.0,1.0,0.0,0.73971,0.77778,0.77778,0.0,1.0,1.0,0.5,0.5,0.5,1.0,1.0,0.5,0.5,0.5,0.0,0.0,1.0,1.0,1.0,1.0,1.0,1.0,0.1,0.0,1.0,0.0,1.0,0.33333,1.0
1.0,1.0,1.0,1.0,1.0,1.0,0.30041,1.0,0.73333,0.0,1.0,0.0,0.0,0.14,0.02,0.0,0.99688,0.86667,1.0,0.93333,1.0,0.93333,0.0,0.83471,1.0,0.0,1.0,1.0,1.0,0.0,0.98302,1.0,0.88889,0.0,1.0,1.0,0.5,0.5,0.5,1.0,1.0,0.5,0.5,0.5,0.0,0.0,1.0,1.0,1.0,1.0,0.88112,1.0,0.1,0.0,1.0,0.0,1.0,0.5,1.0
1.0,1.0,1.0,1.0,1.0,1.0,0.33873,1.0,0.8,0.0,1.0,0.0,0.0,0.13,0.03,0.0,0.98959,0.91111,1.0,0.84444,1.0,0.91111,1.0,0.99507,1.0,0.0,1.0,1.0,1.0,0.0,0.98514,1.0,1.0,0.0,1.0,1.0,0.5,0.5,0.5,1.0,1.0,0.5,0.5,0.5,0.0,0.0,1.0,1.0,1.0,1.0,0.9633,1.0,0.1,0.0,1.0,0.0,1.0,0.5,1.0
1.0,0.0,0.0,0.0,1.0,1.0,0.29702,0.9,0.0,0.96774,1.0,0.0,0.0,0.1,0.04,0.0,0.97407,1.0,1.0,0.73333,0.88889,0.88889,0.0,0.96195,1.0,0.11111,0.8872,0.79726,0.0,0.0,1.0,1.0,0.88889,0.0,1.0,1.0,0.5,0.5,0.5,1.0,1.0,0.5,0.5,0.5,0.0,0.0,1.0,1.0,1.0,1.0,1.0,1.0,0.1,0.0,1.0,0.0,1.0,1.0,1.0
1.0,1.0,1.0,1.0,0.9,0.9,0.30684,0.9,0.0,0.90909,1.0,0.0,0.0,0.1,0.04,0.0,0.98301,1.0,1.0,0.8,1.0,1.0,1.0,0.97139,1.0,0.11111,0.9066,0.82916,0.0,0.0,1.0,1.0,1.0,0.0,1.0,1.0,0.5,0.5,0.5,1.0,1.0,0.5,0.5,0.5,0.0,0.0,1.0,1.0,1.0,1.0,1.0,1.0,0.1,0.0,1.0,0.0,1.0,1.0,1.0
1.0,1.0,1.0,1.0,0.9,0.9,0.31967,0.9,0.0,0.85714,1.0,0.0,0.0,0.08,0.04,0.0,0.98841,1.0,1.0,0.8,1.0,1.0,1.0,0.98148,1.0,0.11111,0.93347,0.87523,0.0,1.0,1.0,1.0,1.0,0.0,1.0,1.0,0.5,0.5,0.5,1.0,1.0,0.5,0.5,0.5,0.0,0.0,1.0,1.0,1.0,1.0,1.0,1.0,0.1,0.0,1.0,0.0,1.0,1.0,1.0
1.0,1.0,1.0,1.0,1.0,0.9,0.33,0.9,0.0,0.81081,1.0,0.0,0.0,0.08,0.04,0.0,0.99081,1.0,1.0,0.8,1.0,1.0,1.0,0.99197,1.0,0.11111,0.95183,0.90809,0.0,1.0,1.0,1.0,1.0,0.0,1.0,1.0,0.5,0.5,0.5,1.0,1.0,0.5,0.5,0.5,0.0,0.0,1.0,1.0,1.0,1.0,1.0,1.0,0.1,0.0,1.0,0.0,1.0,1.0,1.0
1.0,1.0,1.0,1.0,1.0,0.9,0.334,0.9,0.0,0.76923,1.0,0.0,0.0,0.08,0.04,0.0,0.9928,1.0,1.0,0.8,1.0,1.0,1.0,0.99656,1.0,0.11111,0.95819,0.91973,0.0,1.0,1.0,1.0,1.0,0.0,1.0,1.0,0.5,0.5,0.5,1.0,1.0,0.5,0.5,0.5,0.0,0.0,1.0,1.0,1.0,1.0,1.0,1.0,0.1,0.0,1.0,0.0,1.0,1.0,1.0
0.5,0.5,0.5,0.5,0.5,0.5,0.18475,1.0,0.4,0.0,1.0,0.0,0.0,0.52,0.02,0.9771,0.0,0.51111,1.0,0.53333,1.0,0.5,0.0,0.68609,0.98013,0.11111,1.0,1.0,1.0,0.0,0.9379,0.88889,0.5,0.0,1.0,1.0,0.5,0.5,0.5,1.0,1.0,0.5,0.5,0.5,0.0,0.0,1.0,1.0,1.0,1.0,1.0,1.0,0.1,0.0,1.0,0.0,1.0,0.0,0.5
1.0,1.0,1.0,1.0,1.0,1.0,0.16859,0.9,0.6,0.0,1.0,0.0,0.0,0.35,0.03,0.0,0.98172,0.64444,0.75556,0.6,0.6,0.33333,1.0,0.87548,1.0,0.22222,1.0,0.81644,0.75,0.0,0.92382,0.44444,0.66667,0.0,1.0,1.0,0.5,0.5,0.5,1.0,1.0,0.5,0.5,0.5,0.0,0.0,1.0,1.0,1.0,1.0,0.7957,1.0,0.1,0.0,1.0,0.0,1.0,0.0,1.0
1.0,1.0,1.0,1.0,0.9,0.9,0.29049,1.0,0.86667,0.0,1.0,0.0,0.0,0.15,0.04,0.0,0.99671,0.82222,0.57778,0.53333,1.0,0.46667,1.0,0.79089,1.0,0.11111,1.0,1.0,1.0,0.0,0.98348,0.88889,0.66667,0.0,1.0,1.0,0.5,0.5,0.5,1.0,1.0,0.5,0.5,0.5,0.0,0.0,1.0,1.0,1.0,1.0,1.0,1.0,0.1,0.0,1.0,0.0,1.0,0.0,1.0
1.0,1.0,1.0,1.0,1.0,1.0,0.55194,1.0,0.0,0.83333,1.0,0.0,0.0,0.09,0.05,0.0,0.99017,0.84444,1.0,0.66667,1.0,0.57778,0.0,0.73328,1.0,0.0,1.0,1.0,1.0,0.0,1.0,1.0,0.77778,0.0,1.0,1.0,0.5,0.5,0.5,1.0,1.0,0.5,0.5,0.5,0.0,0.0,1.0,1.0,1.0,1.0,0.50412,1.0,0.1,0.0,1.0,0.0,1.0,0.0,1.0
1.0,1.0,1.0,1.0,1.0,1.0,0.57277,1.0,0.0,0.78947,1.0,0.0,0.0,0.07,0.05,0.0,0.98635,1.0,1.0,0.66667,1.0,1.0,0.0,0.65453,0.93505,0.0,1.0,1.0,1.0,0.0,1.0,1.0,1.0,0.0,1.0,1.0,0.5,0.5,0.5,1.0,1.0,0.5,0.5,0.5,0.0,0.0,1.0,1.0,1.0,1.0,0.50412,1.0,0.1,0.0,1.0,0.0,1.0,1.0,1.0
0.5,0.5,0.5,0.5,0.5,0.5,0.00515,0.1,0.23333,0.0,1.0,0.0,0.0,0.43,0.0,1.0,0.0,1.0,1.0,1.0,1.0,0.5,0.0,0.32653,0.46647,0.0,0.05155,0.02579,0.0,0.0,0.9834,1.0,0.5,0.0,1.0,1.0,0.5,0.5,0.5,1.0,1.0,0.5,0.5,0.5,0.0,0.0,1.0,1.0,1.0,0.5,0.5,1.0,0.1,0.0,1.0,1.0,1.0,0.88889,0.5
1.0,1.0,1.0,1.0,0.1,0.2,0.00542,0.2,0.3,0.0,1.0,0.0,0.0,0.41,0.0,1.0,0.0,1.0,1.0,1.0,1.0,1.0,0.0,0.76178,1.0,0.11111,0.05343,0.02754,0.125,0.0,0.98901,0.77778,0.88889,0.0,1.0,1.0,0.5,0.5,0.5,1.0,1.0,0.5,0.5,0.5,0.0,0.0,1.0,1.0,1.0,0.5,0.5,1.0,0.1,0.0,1.0,1.0,1.0,0.375,1.0
0.5,0.5,0.5,0.5,0.5,0.5,0.12125,0.7,0.13333,0.0,1.0,0.0,0.0,0.11,0.0,0.96199,0.0,0.93333,0.84444,1.0,1.0,0.5,0.0,0.60938,0.87054,0.22222,1.0,1.0,1.0,0.0,0.4538,0.77778,0.5,0.0,1.0,1.0,0.5,0.5,0.5,1.0,1.0,0.5,0.5,0.5,0.0,0.0,1.0,1.0,1.0,0.5,0.5,1.0,0.1,0.0,1.0,1.0,1.0,0.5,0.5
0.0,0.0,0.0,0.0,0.7,0.7,0.09126,0.5,0.3,0.0,1.0,0.0,0.0,0.1,0.01,0.80559,0.0,0.97778,1.0,1.0,1.0,0.91111,1.0,0.65613,0.93732,0.11111,0.83541,0.7449,0.0,0.0,0.66667,0.77778,0.55556,0.0,1.0,1.0,0.5,0.5,0.5,1.0,1.0,0.5,0.5,0.5,0.0,0.0,1.0,1.0,1.0,1.0,0.19768,1.0,0.1,0.0,1.0,0.0,1.0,0.5,1.0
0.5,0.5,0.5,0.5,0.5,0.5,0.05801,0.3,0.36667,0.0,1.0,0.0,0.0,0.23,0.07,0.99188,0.0,1.0,1.0,0.71111,0.71111,0.5,0.0,0.73745,1.0,0.22222,0.50989,0.36925,0.0,0.0,0.96846,0.88889,0.5,0.0,1.0,1.0,0.5,0.5,0.5,1.0,1.0,0.5,0.5,0.5,0.0,0.0,1.0,1.0,1.0,0.5,0.5,1.0,0.1,0.0,1.0,1.0,1.0,0.66667,0.5
0.5,0.5,0.5,0.5,0.5,0.5,0.18411,0.9,0.56667,0.0,1.0,0.0,0.0,0.32,0.04,0.99785,0.0,1.0,1.0,1.0,1.0,0.5,0.0,0.63027,0.90038,0.22222,1.0,1.0,1.0,0.0,0.95644,0.88889,0.5,0.0,1.0,1.0,0.5,0.5,0.5,1.0,1.0,0.5,0.5,0.5,0.0,0.0,1.0,1.0,1.0,0.98892,0.60756,1.0,0.1,0.0,1.0,0.0,1.0,0.0,0.5
1.0,1.0,1.0,1.0,0.9,0.9,0.19428,0.9,0.63333,0.0,1.0,0.0,0.0,0.31,0.05,0.99856,0.0,1.0,1.0,1.0,1.0,1.0,0.0,0.59202,0.84575,0.22222,1.0,1.0,1.0,0.0,0.96267,1.0,1.0,0.6,1.0,1.0,0.5,0.5,0.5,1.0,1.0,0.5,0.5,0.5,0.65345,0.0,0.4,1.0,1.0,0.92763,0.48692,1.0,0.1,0.0,1.0,0.0,1.0,0.0,1.0
1.0,1.0,1.0,1.0,1.0,1.0,0.18531,1.0,0.73333,0.0,1.0,0.0,0.0,0.27,0.07,0.0,0.99916,1.0,1.0,1.0,1.0,1.0,1.0,0.66948,0.9564,0.22222,1.0,1.0,1.0,0.0,0.97475,1.0,1.0,0.65,1.0,1.0,0.5,0.5,0.5,1.0,1.0,0.7708,0.70896,1.0,0.44658,0.0,0.35,1.0,1.0,0.15072,0.29599,1.0,0.1,0.0,1.0,0.0,1.0,1.0,1.0
0.5,0.5,0.5,0.5,0.5,0.5,0.06625,0.46667,0.53333,0.0,0.0,0.66667,0.0,0.20444,0.00444,0.95881,0.0,0.98095,0.95238,1.0,1.0,0.5,1.0,0.85679,1.0,0.21429,0.92933,0.64328,0.28571,0.0,0.95973,0.71429,0.5,0.26667,1.0,1.0,0.5,0.5,0.5,1.0,1.0,0.5,0.5,0.5,0.52678,0.34034,0.73333,1.0,1.0,0.5,0.5,1.0,0.06667,0.0,1.0,1.0,1.0,0.57143,0.5
0.5,0.5,0.5,0.5,0.5,0.5,0.02596,0.2,0.13333,0.0,0.0,0.66667,0.0,0.53333,0.0,0.9552,0.0,0.52381,1.0,1.0,1.0,0.5,0.0,0.7241,1.0,0.07143,0.35322,0.2673,0.0,1.0,0.97775,0.92857,0.5,0.0,1.0,1.0,0.5,0.5,0.5,1.0,1.0,0.5,0.5,0.5,0.0,0.0,1.0,1.0,1.0,0.5,0.5,1.0,0.06667,0.0,1.0,1.0,1.0,0.8,0.5
1.0,0.5,0.0,0.5,0.2,0.5,0.0255,0.2,0.16667,0.0,0.0,0.66667,1.0,0.45333,0.0,0.94532,0.0,1.0,1.0,1.0,1.0,1.0,0.0,0.71889,1.0,0.07143,0.35201,0.2643,0.0,1.0,0.98071,1.0,1.0,0.0,1.0,1.0,0.5,0.5,0.5,1.0,1.0,0.5,0.5,0.5,0.0,0.0,1.0,1.0,1.0,0.5,0.5,1.0,0.06667,0.0,1.0,1.0,1.0,0.0,1.0
1.0,0.0,0.0,0.0,0.2,0.2,0.01352,0.13333,0.4,0.0,0.0,0.66667,0.0,0.25778,0.01333,0.99162,0.0,0.91429,0.91429,0.77143,1.0,0.53333,0.0,0.91208,1.0,0.57143,0.21003,0.13765,0.0,0.0,0.96916,0.5,0.78571,0.46667,1.0,1.0,0.5,0.5,0.5,1.0,1.0,0.5,0.5,0.5,0.76241,1.0,0.53333,1.0,1.0,0.5,0.5,1.0,0.06667,0.0,1.0,1.0,1.0,0.0,1.0
0.0,0.0,0.0,0.0,0.13333,0.13333,0.00103,0.13333,0.53333,0.0,0.0,0.66667,0.0,0.23556,0.01778,0.98102,0.0,0.91429,0.8,0.72381,0.77143,0.91429,1.0,0.91598,1.0,0.07143,0.01786,0.01053,0.1,0.0,0.9482,0.57143,0.85714,0.0,0.93333,0.89177,0.27111,0.5,0.27111,1.0,1.0,0.0,0.23644,0.85453,0.0,0.0,1.0,1.0,1.0,0.0,0.23644,1.0,0.06667,0.0,1.0,1.0,1.0,0.0,1.0
0.5,0.5,0.5,0.5,0.5,0.5,0.08254,0.66667,0.1,0.0,0.0,0.66667,0.0,0.69333,0.0,1.0,0.0,1.0,1.0,1.0,1.0,0.5,0.0,0.71337,1.0,0.71429,0.92819,0.71322,0.25,0.0,0.96315,1.0,0.5,0.0,1.0,1.0,0.5,0.5,0.5,1.0,1.0,0.5,0.5,0.5,0.0,0.0,1.0,1.0,1.0,0.5,0.5,1.0,0.06667,0.0,1.0,1.0,1.0,1.0,0.5
1.0,1.0,1.0,1.0,0.93333,0.73333,0.07803,0.6,0.33333,0.0,0.0,0.66667,0.0,0.46667,0.02222,0.93058,0.0,1.0,1.0,0.95238,1.0,0.48571,0.0,0.78554,1.0,0.14286,0.89994,0.62183,0.2,0.0,0.98992,0.85714,0.92857,0.0,1.0,1.0,0.5,0.5,0.5,1.0,1.0,0.5,0.5,0.5,0.0,0.0,1.0,1.0,1.0,0.0,0.2375,1.0,0.06667,0.0,1.0,1.0,1.0,0.8,1.0
1.0,1.0,1.0,1.0,0.73333,0.6,0.0729,0.53333,0.43333,0.0,0.0,0.66667,0.0,0.41333,0.01778,0.98837,0.0,1.0,1.0,0.95238,1.0,1.0,0.0,0.76352,1.0,0.14286,0.87649,0.60003,0.2,0.0,0.99693,0.85714,1.0,0.23333,1.0,1.0,0.5,0.5,0.5,1.0,1.0,0.5,0.5,0.5,0.3353,0.0,0.76667,1.0,1.0,0.0,0.2375,1.0,0.06667,0.0,1.0,1.0,1.0,0.8,1.0
0.5,0.5,0.5,0.5,0.5,0.5,0.00837,0.06667,0.03333,0.0,0.0,0.66667,0.0,0.06667,0.0,0.5,0.5,0.5,0.5,0.5,0.5,0.5,0.5,0.0,0.0,0.78571,0.13453,0.08333,0.0,0.0,0.0,0.5,0.5,0.0,1.0,1.0,0.5,0.5,0.5,1.0,1.0,0.5,0.5,0.5,0.5,0.5,1.0,0.5,0.5,0.5,0.5,1.0,0.06667,0.0,1.0,1.0,1.0,0.5,0.5
0.0,0.0,1.0,1.0,0.06667,0.06667,0.00708,0.06667,0.13333,0.0,0.0,0.66667,0.0,0.06667,0.0,0.0,0.99982,0.99048,1.0,1.0,1.0,0.99048,1.0,0.53275,0.76107,0.14286,0.16851,0.09201,0.0,1.0,1.0,1.0,0.28571,0.0,1.0,1.0,0.5,0.5,0.5,1.0,1.0,0.5,0.5,0.5,0.0,0.0,1.0,1.0,1.0,0.5,0.5,1.0,0.06667,0.0,1.0,1.0,1.0,0.0,1.0
0.0,0.5,0.0,0.5,0.06667,0.5,0.00692,0.06667,0.16667,0.0,0.0,0.66667,1.0,0.06667,0.0,0.0,0.99987,1.0,1.0,1.0,1.0,1.0,0.0,0.53258,0.76083,0.14286,0.1649,0.08986,0.0,1.0,1.0,1.0,1.0,0.0,1.0,1.0,0.5,0.5,0.5,1.0,1.0,0.5,0.5,0.5,0.0,0.0,1.0,1.0,1.0,0.5,0.5,1.0,0.06667,0.0,1.0,1.0,1.0,0.0,1.0
0.0,0.5,0.0,0.5,0.06667,0.5,0.00689,0.06667,0.2,0.0,0.0,0.66667,1.0,0.06667,0.0,0.0,0.99991,1.0,1.0,1.0,1.0,1.0,0.0,0.53255,0.76079,0.14286,0.16425,0.08947,0.0,1.0,1.0,1.0,1.0,0.0,1.0,1.0,0.5,0.5,0.5,1.0,1.0,0.5,0.5,0.5,0.0,0.0,1.0,1.0,1.0,0.5,0.5,1.0,0.06667,0.0,1.0,1.0,1.0,0.0,1.0
0.0,0.5,0.0,0.5,0.06667,0.5,0.00688,0.06667,0.23333,0.0,0.0,0.66667,1.0,0.06667,0.0,0.0,0.99993,1.0,1.0,1.0,1.0,1.0,0.0,0.53255,0.76078,0.14286,0.1641,0.08938,0.0,1.0,1.0,1.0,1.0,0.0,1.0,1.0,0.5,0.5,0.5,1.0,1.0,0.5,0.5,0.5,0.0,0.0,1.0,1.0,1.0,0.5,0.5,1.0,0.06667,0.0,1.0,1.0,1.0,0.0,1.0
0.0,0.5,0.0,0.5,0.06667,0.5,0.00688,0.06667,0.26667,0.0,0.0,0.66667,1.0,0.06667,0.0,0.0,0.99996,1.0,1.0,1.0,1.0,1.0,0.0,0.53254,0.76078,0.14286,0.16406,0.08936,0.0,1.0,1.0,1.0,1.0,0.0,1.0,1.0,0.5,0.5,0.5,1.0,1.0,0.5,0.5,0.5,0.0,0.0,1.0,1.0,1.0,0.5,0.5,1.0,0.06667,0.0,1.0,1.0,1.0,0.0,1.0
0.0,0.5,0.0,0.5,0.06667,0.5,0.00688,0.06667,0.3,0.0,0.0,0.66667,1.0,0.06667,0.0,0.0,0.99998,1.0,1.0,1.0,1.0,1.0,0.0,0.53254,0.76078,0.14286,0.16405,0.08935,0.0,1.0,1.0,1.0,1.0,0.0,1.0,1.0,0.5,0.5,0.5,1.0,1.0,0.5,0.5,0.5,0.0,0.0,1.0,1.0,1.0,0.5,0.5,1.0,0.06667,0.0,1.0,1.0,1.0,0.0,1.0
0.0,0.5,0.0,0.5,0.06667,0.5,0.00688,0.06667,0.33333,0.0,0.0,0.66667,1.0,0.06667,0.0,0.0,0.99999,1.0,1.0,1.0,1.0,1.0,0.0,0.53254,0.76078,0.14286,0.16405,0.08935,0.0,1.0,1.0,1.0,1.0,0.0,1.0,1.0,0.5,0.5,0.5,1.0,1.0,0.5,0.5,0.5,0.0,0.0,1.0,1.0,1.0,0.5,0.5,1.0,0.06667,0.0,1.0,1.0,1.0,0.0,1.0
0.0,0.0,0.0,0.0,0.06667,0.06667,0.00688,0.06667,0.4,0.0,0.0,0.66667,0.0,0.06667,0.0,0.0,0.99999,1.0,0.99048,1.0,1.0,0.99048,0.0,0.0001,0.00014,0.0,1.0,1.0,1.0,0.0,1.0,1.0,0.92857,0.0,1.0,1.0,0.5,0.5,0.5,1.0,1.0,0.5,0.5,0.5,0.0,0.0,1.0,1.0,1.0,0.5,0.5,1.0,0.06667,1.0,1.0,1.0,1.0,1.0,1.0
0.0,0.0,0.0,0.0,0.06667,0.06667,0.00688,0.06667,0.46667,0.0,0.0,0.66667,0.0,0.06667,0.0,0.0,1.0,1.0,0.99048,1.0,1.0,1.0,0.0,0.0001,0.00014,0.0,1.0,1.0,1.0,0.0,1.0,1.0,1.0,0.0,1.0,1.0,0.5,0.5,0.5,1.0,1.0,0.5,0.5,0.5,0.0,0.0,1.0,1.0,1.0,0.5,0.5,1.0,0.06667,1.0,1.0,1.0,1.0,1.0,1.0
0.0,0.5,0.0,0.5,0.06667,0.5,0.00688,0.06667,0.5,0.0,0.0,0.66667,1.0,0.06667,0.0,0.99999,0.0,1.0,1.0,1.0,1.0,1.0,0.0,0.0001,0.00014,0.0,1.0,1.0,1.0,0.0,1.0,1.0,1.0,0.0,1.0,1.0,0.5,0.5,0.5,1.0,1.0,0.5,0.5,0.5,0.0,0.0,1.0,1.0,1.0,0.5,0.5,1.0,0.06667,1.0,1.0,1.0,1.0,1.0,1.0
0.0,0.5,0.0,0.5,0.06667,0.5,0.00688,0.06667,0.53333,0.0,0.0,0.66667,1.0,0.06667,0.0,0.99995,0.0,1.0,1.0,1.0,1.0,1.0,0.0,0.0001,0.00014,0.0,1.0,1.0,1.0,0.0,1.0,1.0,1.0,0.0,1.0,1.0,0.5,0.5,0.5,1.0,1.0,0.5,0.5,0.5,0.0,0.0,1.0,1.0,1.0,0.5,0.5,1.0,0.06667,1.0,1.0,1.0,1.0,1.0,1.0
0.0,0.5,0.0,0.5,0.06667,0.5,0.00688,0.06667,0.56667,0.0,0.0,0.66667,1.0,0.06667,0.0,0.99993,0.0,1.0,1.0,1.0,1.0,1.0,0.0,0.0001,0.00014,0.0,1.0,1.0,1.0,0.0,1.0,1.0,1.0,0.0,1.0,1.0,0.5,0.5,0.5,1.0,1.0,0.5,0.5,0.5,0.0,0.0,1.0,1.0,1.0,0.5,0.5,1.0,0.06667,1.0,1.0,1.0,1.0,1.0,1.0
0.0,0.5,0.0,0.5,0.06667,0.5,0.00688,0.06667,0.6,0.0,0.0,0.66667,1.0,0.06667,0.0,0.99993,0.0,1.0,1.0,1.0,1.0,1.0,0.0,0.0001,0.00014,0.0,1.0,1.0,1.0,0.0,1.0,1.0,1.0,0.0,1.0,1.0,0.5,0.5,0.5,1.0,1.0,0.5,0.5,0.5,0.0,0.0,1.0,1.0,1.0,0.5,0.5,1.0,0.06667,1.0,1.0,1.0,1.0,1.0,1.0
0.0,0.5,0.0,0.5,0.06667,0.5,0.00688,0.06667,0.63333,0.0,0.0,0.66667,1.0,0.06667,0.0,0.99993,0.0,1.0,1.0,1.0,1.0,1.0,0.0,0.0001,0.00014,0.0,1.0,1.0,1.0,0.0,1.0,1.0,1.0,0.0,1.0,1.0,0.5,0.5,0.5,1.0,1.0,0.5,0.5,0.5,0.0,0.0,1.0,1.0,1.0,0.5,0.5,1.0,0.06667,1.0,1.0,1.0,1.0,1.0,1.0
0.5,0.5,0.5,0.5,0.5,0.5,0.01469,0.13333,0.1,0.0,0.0,0.66667,0.0,0.16444,0.00444,0.32964,0.0,0.47619,0.82857,1.0,1.0,0.5,0.0,0.67976,0.97109,0.07143,0.29583,0.14474,0.14286,0.0,0.78901,1.0,0.5,0.0,1.0,1.0,0.5,0.5,0.5,1.0,1.0,0.5,0.5,0.5,0.0,0.0,1.0,1.0,1.0,0.5,0.5,1.0,0.06667,0.0,1.0,1.0,1.0,0.28571,0.5
1.0,0.0,1.0,0.0,0.2,0.13333,0.00065,0.2,0.26667,0.0,0.0,0.66667,0.0,0.10667,0.02222,0.97334,0.0,1.0,1.0,0.74286,1.0,0.74286,0.0,0.81187,1.0,0.28571,0.0078,0.00287,0.0,0.0,0.74272,0.78571,0.71429,0.0,0.93333,0.9207,0.29821,0.5,0.0,1.0,1.0,0.5,0.5,0.5,0.0,0.0,1.0,1.0,1.0,0.5,0.5,1.0,0.06667,0.0,1.0,1.0,1.0,0.0,1.0
0.5,0.5,0.5,0.5,0.5,0.5,0.08773,0.66667,0.16667,0.0,0.0,0.66667,0.0,0.36889,0.01778,0.7493,0.0,0.84762,0.90476,1.0,1.0,0.5,0.0,0.62321,0.89029,0.14286,1.0,0.9257,0.66667,0.0,0.85893,1.0,0.5,0.0,1.0,1.0,0.5,0.5,0.5,1.0,1.0,0.5,0.5,0.5,0.0,0.0,1.0,1.0,1.0,0.5,0.5,1.0,0.06667,0.0,1.0,1.0,1.0,0.33333,0.5
0.5,0.5,0.5,0.5,0.5,0.5,0.06239,0.53333,0.36667,0.0,0.0,0.66667,0.0,0.37778,0.00889,0.95391,0.0,1.0,1.0,1.0,1.0,0.5,0.0,0.88754,1.0,0.0,0.84244,0.50735,0.44444,0.0,0.93801,0.92857,0.5,0.0,1.0,1.0,0.5,0.5,0.5,1.0,1.0,0.5,0.5,0.5,0.0,0.0,1.0,1.0,1.0,0.5,0.5,1.0,0.06667,0.0,1.0,1.0,1.0,0.66667,0.5
1.0,1.0,1.0,1.0,0.66667,0.66667,0.06945,0.66667,0.43333,0.0,0.0,0.66667,0.0,0.4,0.01333,0.0,0.99705,1.0,1.0,1.0,1.0,1.0,0.0,0.80947,1.0,0.0,0.90171,0.55241,0.44444,0.0,0.94901,0.92857,1.0,0.0,1.0,1.0,0.5,0.5,0.5,1.0,1.0,0.5,0.5,0.5,0.0,0.0,1.0,1.0,1.0,0.5,0.5,1.0,0.06667,0.0,1.0,1.0,1.0,0.88889,1.0
1.0,0.0,1.0,0.0,0.66667,0.6,0.06061,0.6,0.53333,0.0,0.0,0.66667,0.0,0.40889,0.00889,0.0,0.98974,1.0,1.0,1.0,1.0,1.0,1.0,0.9175,1.0,0.07143,0.71494,0.44688,0.25,0.0,0.96074,0.85714,0.92857,0.0,1.0,1.0,0.5,0.5,0.5,1.0,1.0,0.5,0.5,0.5,0.0,0.0,1.0,1.0,1.0,0.5,0.5,1.0,0.06667,0.0,1.0,1.0,1.0,0.75,1.0
0.5,0.5,0.5,0.5,0.5,0.5,0.0319,0.26667,0.1,0.0,0.0,0.66667,0.0,0.10667,0.00444,0.44243,0.0,0.85714,0.89524,1.0,1.0,0.5,0.0,0.59718,0.85312,0.07143,0.80388,0.38231,0.4,0.0,0.63052,1.0,0.5,1.0,0.93333,0.92689,0.17897,0.5,0.89483,1.0,1.0,0.5,0.5,0.5,0.06205,0.0,0.0,1.0,1.0,0.5,0.5,1.0,0.0,0.0,1.0,1.0,1.0,0.4,0.5
1.0,1.0,1.0,1.0,0.26667,0.26667,0.06276,0.33333,0.76667,0.0,0.0,0.66667,0.0,0.13333,0.01333,0.0,0.99861,1.0,0.98095,1.0,1.0,0.84762,1.0,0.78212,1.0,0.14286,0.74344,0.53012,0.0,0.0,0.87962,0.85714,0.71429,0.0,1.0,1.0,0.5,0.5,0.5,1.0,1.0,0.53819,1.0,1.0,0.0,0.0,1.0,1.0,1.0,0.56022,0.73329,1.0,0.06667,0.0,1.0,0.0,1.0,0.8,1.0
1.0,1.0,1.0,1.0,0.53333,0.4,0.09848,0.86667,0.93333,0.0,0.0,0.66667,0.0,0.15111,0.00889,0.0,0.99382,0.98095,0.98095,0.94286,1.0,0.98095,1.0,0.82592,1.0,0.14286,1.0,0.80795,0.6,0.0,0.87276,0.92857,1.0,0.0,1.0,1.0,0.5,0.5,0.5,1.0,1.0,0.53819,1.0,1.0,0.0,0.0,1.0,1.0,1.0,0.56022,0.73329,1.0,0.06667,0.0,1.0,0.0,1.0,0.8,1.0
1.0,1.0,1.0,1.0,1.0,0.93333,0.10725,0.93333,1.0,0.0,0.0,0.66667,0.0,0.16,0.00444,0.0,0.99403,0.98095,0.9619,0.94286,1.0,0.98095,1.0,0.86102,1.0,0.14286,1.0,0.83566,0.8,0.0,0.87811,0.92857,1.0,0.0,1.0,1.0,0.5,0.5,0.5,1.0,1.0,0.53819,1.0,1.0,0.0,0.0,1.0,1.0,1.0,0.56022,0.73329,1.0,0.06667,0.0,1.0,0.0,1.0,0.6,1.0
0.5,0.5,0.5,0.5,0.5,0.5,0.01637,0.06667,0.16667,0.0,0.0,0.66667,0.0,0.68889,0.0,1.0,0.0,1.0,1.0,1.0,1.0,0.5,0.0,0.70357,1.0,0.07143,0.23777,0.12387,0.0,0.0,0.92307,0.92857,0.5,0.0,1.0,1.0,0.5,0.5,0.5,1.0,1.0,0.5,0.5,0.5,0.0,0.0,1.0,1.0,1.0,0.5,0.5,1.0,0.06667,0.0,1.0,1.0,1.0,1.0,0.5
1.0,1.0,1.0,1.0,0.06667,0.06667,0.0,0.06667,0.26667,0.0,0.0,0.66667,0.0,0.65333,0.01778,0.61341,0.0,1.0,0.52381,1.0,1.0,0.86667,1.0,0.58075,0.82965,0.07143,0.0,0.0,0.0,0.0,1.0,0.92857,0.14286,1.0,0.8,0.7386,0.11715,0.5,0.23431,1.0,1.0,0.5,0.5,0.5,0.0,0.0,1.0,1.0,1.0,0.28078,1.0,0.0,0.06667,1.0,1.0,1.0,1.0,0.0,1.0
1.0,0.0,1.0,0.0,0.06667,0.06667,0.0,0.06667,0.33333,0.0,0.0,0.66667,0.0,0.63556,0.01778,0.87077,0.0,1.0,1.0,0.75238,1.0,0.52381,1.0,0.97124,1.0,0.07143,0.0,0.0,0.0,0.0,0.96559,0.85714,0.42857,1.0,1.0,1.0,0.5,0.5,0.5,1.0,1.0,0.5,0.5,0.5,0.0,0.0,1.0,1.0,1.0,0.28078,1.0,0.0,0.26667,0.44444,1.0,1.0,1.0,0.0,1.0
1.0,1.0,1.0,1.0,0.06667,0.06667,0.0,0.06667,0.53333,0.0,0.0,0.66667,0.0,0.47556,0.01778,0.99135,0.0,1.0,1.0,0.75238,1.0,1.0,1.0,0.99716,1.0,0.07143,0.0,0.0,0.0,0.0,0.98587,0.92857,0.85714,0.0,1.0,1.0,0.5,0.5,0.5,1.0,1.0,0.5,0.5,0.5,0.0,0.0,1.0,1.0,1.0,0.28078,1.0,1.0,0.06667,0.0,1.0,0.0,1.0,0.0,1.0
0.0,0.0,0.0,0.0,0.06667,0.06667,0.0,0.06667,0.9,0.0,0.0,0.66667,0.0,0.44,0.01778,0.97852,0.0,1.0,1.0,0.75238,1.0,1.0,0.0,0.95057,1.0,0.07143,0.0,0.0,0.0,0.0,0.99586,1.0,0.85714,0.0,1.0,1.0,0.5,0.5,0.5,1.0,1.0,0.5,0.5,0.5,0.0,0.0,1.0,1.0,1.0,0.28078,1.0,1.0,0.06667,0.0,1.0,0.0,1.0,0.0,1.0
0.0,0.0,0.0,0.0,0.06667,0.06667,0.0,0.06667,0.96667,0.0,0.0,0.66667,0.0,0.41778,0.01778,0.98949,0.0,1.0,1.0,0.9619,1.0,1.0,1.0,0.99227,1.0,0.07143,0.0,0.0,0.0,0.0,0.99652,0.85714,0.85714,0.0,1.0,1.0,0.5,0.5,0.5,1.0,1.0,0.5,0.5,0.5,0.0,0.0,1.0,1.0,1.0,0.28078,1.0,1.0,0.06667,0.0,1.0,0.0,1.0,0.0,1.0
0.5,0.5,0.5,0.5,0.5,0.5,0.07404,0.6,0.1,0.0,0.0,0.66667,0.0,0.53333,0.0,1.0,0.0,0.75238,0.52381,1.0,1.0,0.5,0.0,0.7007,1.0,0.0,1.0,0.69603,0.66667,0.0,0.86547,1.0,0.5,0.0,1.0,1.0,0.5,0.5,0.5,1.0,1.0,0.5,0.5,0.5,0.0,0.0,1.0,1.0,1.0,0.5,0.5,1.0,0.06667,0.0,1.0,1.0,1.0,0.66667,0.5
1.0,1.0,1.0,0.0,0.73333,0.6,0.05201,0.26667,0.43333,0.0,0.0,0.66667,0.0,0.39111,0.0,0.97428,0.0,1.0,1.0,1.0,1.0,0.75238,0.0,0.73117,1.0,0.07143,0.99983,0.54642,0.375,0.0,0.93639,0.85714,0.92857,0.0,1.0,1.0,0.5,0.5,0.5,1.0,1.0,0.5,0.5,0.5,0.0,0.0,1.0,1.0,1.0,0.5,0.5,1.0,0.06667,0.0,1.0,1.0,1.0,0.75,1.0
1.0,1.0,1.0,1.0,0.6,0.53333,0.0473,0.26667,0.8,0.0,0.0,0.66667,0.0,0.41333,0.0,0.99815,0.0,1.0,1.0,1.0,1.0,1.0,0.0,0.71445,1.0,0.07143,0.94735,0.49284,0.375,1.0,0.93544,1.0,1.0,0.0,1.0,1.0,0.5,0.5,0.5,1.0,1.0,0.5,0.5,0.5,0.0,0.0,1.0,1.0,1.0,0.5,0.5,1.0,0.06667,0.0,1.0,1.0,1.0,0.75,1.0
1.0,0.5,1.0,0.5,0.26667,0.5,0.05019,0.26667,0.83333,0.0,0.0,0.66667,1.0,0.41778,0.0,0.99846,0.0,1.0,1.0,1.0,1.0,1.0,0.0,0.70974,1.0,0.07143,1.0,0.53653,0.375,1.0,0.93498,1.0,1.0,0.0,1.0,1.0,0.5,0.5,0.5,1.0,1.0,0.5,0.5,0.5,0.0,0.0,1.0,1.0,1.0,0.5,0.5,1.0,0.06667,0.0,1.0,1.0,1.0,0.0,1.0
0.5,0.5,0.5,0.5,0.5,0.5,0.07139,0.66667,0.1,0.0,0.0,0.66667,0.0,0.08,0.0,0.96786,0.0,0.97143,1.0,1.0,1.0,0.5,1.0,0.57122,0.81603,0.07143,1.0,1.0,1.0,0.0,0.4096,1.0,0.5,0.0,1.0,1.0,0.5,0.5,0.5,1.0,1.0,0.5,0.5,0.5,0.0,0.0,1.0,1.0,1.0,0.5,0.5,1.0,0.06667,0.0,1.0,1.0,1.0,0.75,0.5
0.5,0.5,0.5,0.5,0.5,0.5,0.20169,0.86667,0.53333,0.0,0.0,0.66667,0.0,0.09778,0.11556,0.99518,0.0,0.90476,1.0,0.60952,0.90476,0.5,0.0,0.60598,0.86568,0.21429,1.0,1.0,1.0,0.0,1.0,0.85714,0.5,0.0,1.0,1.0,0.5,0.5,0.5,1.0,1.0,0.5,0.5,0.5,0.0,0.0,1.0,1.0,1.0,1.0,1.0,1.0,0.06667,0.0,1.0,0.0,1.0,0.5,0.5
0.0,0.0,0.0,0.0,0.86667,0.86667,0.18574,0.86667,0.6,0.0,0.0,0.66667,0.0,0.08,0.08444,0.0,0.88556,0.61905,0.8381,0.69524,0.90476,0.70476,0.0,0.85658,1.0,0.21429,1.0,0.58335,0.5,0.0,0.9641,1.0,0.85714,0.0,1.0,1.0,0.5,0.5,0.5,1.0,1.0,0.5,0.5,0.5,0.0,0.0,1.0,1.0,1.0,0.0,0.03061,1.0,0.06667,0.0,1.0,0.0,1.0,0.0,1.0
1.0,0.5,1.0,0.5,0.86667,0.5,0.21741,0.86667,0.63333,0.0,0.0,0.66667,1.0,0.08,0.08444,0.0,0.99097,0.90476,1.0,0.60952,1.0,0.90476,1.0,0.92768,1.0,0.64286,1.0,0.86828,0.66667,0.0,0.96299,1.0,0.64286,0.0,1.0,1.0,0.5,0.5,0.5,1.0,1.0,0.5,0.5,0.5,0.0,0.0,1.0,1.0,1.0,0.0,0.03061,1.0,0.06667,0.0,1.0,0.0,1.0,0.0,1.0
1.0,0.5,1.0,0.5,0.93333,0.5,0.26346,0.93333,0.66667,0.0,0.0,0.66667,1.0,0.07111,0.04444,0.9334,0.0,0.93333,1.0,0.5619,1.0,0.93333,1.0,0.97155,1.0,0.64286,1.0,1.0,1.0,0.0,0.95974,1.0,1.0,0.0,1.0,1.0,0.5,0.5,0.5,1.0,1.0,0.5,0.5,0.5,0.0,0.0,1.0,1.0,1.0,0.0,0.03061,1.0,0.06667,0.0,1.0,0.0,1.0,0.0,1.0
1.0,0.5,1.0,0.5,1.0,0.5,0.27408,1.0,0.7,0.0,0.0,0.66667,1.0,0.06667,0.04444,0.97613,0.0,0.8381,0.95238,0.62857,1.0,0.8381,0.0,0.82362,1.0,0.07143,1.0,1.0,1.0,1.0,1.0,1.0,0.71429,0.0,1.0,1.0,0.5,0.5,0.5,1.0,1.0,0.5,0.5,0.5,0.0,0.0,1.0,1.0,1.0,0.0,0.03061,1.0,0.06667,0.0,1.0,0.0,1.0,0.0,1.0
0.0,1.0,0.0,1.0,0.93333,0.93333,0.23976,0.86667,0.9,0.0,0.0,0.66667,0.0,0.05778,0.03556,0.95709,0.0,1.0,1.0,0.57143,0.93333,0.88571,1.0,0.94133,1.0,0.42857,0.96396,0.79606,0.5,0.0,0.99498,0.92857,0.92857,0.0,1.0,1.0,0.5,0.5,0.5,1.0,1.0,0.5,0.5,0.5,0.0,0.0,1.0,1.0,1.0,0.02777,0.14318,1.0,0.06667,0.0,1.0,0.0,1.0,0.5,1.0
1.0,0.5,1.0,0.5,0.93333,0.5,0.26986,0.93333,0.93333,0.0,0.0,0.66667,1.0,0.05778,0.03111,0.97623,0.0,1.0,1.0,0.55238,1.0,1.0,1.0,0.97662,1.0,0.42857,1.0,1.0,1.0,1.0,1.0,1.0,1.0,0.0,1.0,1.0,0.5,0.5,0.5,1.0,1.0,0.5,0.5,0.5,0.0,0.0,1.0,1.0,1.0,0.02777,0.14318,1.0,0.06667,0.0,1.0,0.0,1.0,0.0,1.0
1.0,0.0,1.0,0.0,1.0,0.93333,0.25316,0.93333,1.0,0.0,0.0,0.66667,0.0,0.04889,0.02222,0.9896,0.0,1.0,1.0,0.55238,1.0,1.0,1.0,0.93226,1.0,0.42857,1.0,0.92774,0.5,1.0,0.97412,0.92857,0.85714,0.0,1.0,1.0,0.5,0.5,0.5,1.0,1.0,0.5,0.5,0.5,0.0,0.0,1.0,1.0,1.0,0.02777,0.14318,1.0,0.06667,0.0,1.0,0.0,1.0,0.5,1.0
0.5,0.5,0.5,0.5,0.5,0.5,0.02253,0.13333,0.1,0.0,0.0,0.66667,0.0,0.16,0.00444,0.54439,0.0,0.8381,0.89524,1.0,1.0,0.5,1.0,0.58431,0.83473,0.07143,0.34388,0.25787,0.0,0.0,1.0,0.92857,0.5,0.0,1.0,1.0,0.5,0.5,0.5,1.0,1.0,0.5,0.5,0.5,0.0,0.0,1.0,1.0,1.0,0.71744,0.88022,1.0,0.06667,0.0,1.0,0.0,1.0,0.0,0.5
0.0,0.0,0.0,0.0,0.06667,0.06667,0.0,0.06667,0.26667,0.0,0.0,0.66667,0.0,0.35556,0.04889,0.0,0.86458,0.66667,1.0,0.59048,0.87619,0.66667,0.0,0.57791,0.82558,0.07143,0.0,0.0,0.0,0.0,1.0,0.92857,0.92857,1.0,1.0,1.0,0.5,0.13893,0.5,1.0,1.0,0.5,0.5,0.5,0.0,0.0,1.0,1.0,1.0,0.71744,0.88022,0.0,0.06667,1.0,1.0,1.0,1.0,0.0,1.0
0.0,0.5,0.0,0.5,0.06667,0.5,0.0,0.06667,0.3,0.0,0.0,0.66667,1.0,0.31556,0.06222,0.96374,0.0,0.68571,1.0,0.6381,1.0,0.68571,1.0,0.96698,1.0,0.57143,0.0,0.0,0.0,0.0,0.9308,1.0,0.5,1.0,1.0,1.0,0.5,0.13893,0.5,1.0,1.0,0.5,0.5,0.5,0.0,0.0,1.0,1.0,1.0,0.71744,0.88022,0.0,0.33333,0.625,1.0,0.4,1.0,0.125,1.0
0.0,0.0,0.0,0.0,0.1,0.1,0.0,0.06667,0.73333,0.0,0.0,0.66667,0.0,0.04889,0.06667,0.98573,0.0,1.0,1.0,0.74286,0.86667,0.64762,0.0,0.83936,1.0,0.5,0.0,0.0,0.0,0.0,0.91481,0.5,0.71429,0.0,1.0,1.0,0.5,0.13893,0.5,1.0,1.0,0.5,0.5,0.5,0.0,0.0,1.0,1.0,1.0,0.71744,0.88022,1.0,0.06667,0.0,1.0,0.0,1.0,0.0,1.0
0.0,0.0,0.0,0.0,0.06667,0.06667,0.0,0.06667,0.8,0.0,0.0,0.66667,0.0,0.06222,0.06667,0.99542,0.0,1.0,1.0,0.74286,0.86667,1.0,1.0,0.83795,1.0,0.5,0.0,0.0,0.0,0.0,0.91469,0.5,1.0,0.0,1.0,1.0,0.5,0.13893,0.5,1.0,1.0,0.5,0.5,0.5,0.0,0.0,1.0,1.0,1.0,0.71744,0.88022,1.0,0.06667,0.0,1.0,0.0,1.0,0.0,1.0
1.0,1.0,1.0,1.0,0.06667,0.06667,0.0,0.06667,0.86667,0.0,0.0,0.66667,0.0,0.06667,0.06667,0.0,0.99756,1.0,1.0,0.7619,0.81905,1.0,0.0,0.82825,1.0,0.5,0.0,0.0,0.0,0.0,0.92014,0.92857,1.0,0.0,1.0,1.0,0.5,0.13893,0.5,1.0,1.0,0.5,0.5,0.5,0.0,0.0,1.0,1.0,1.0,0.71744,0.88022,1.0,0.06667,0.0,1.0,0.0,1.0,0.0,1.0
0.0,0.0,0.0,1.0,0.06667,0.06667,0.0,0.06667,0.93333,0.0,0.0,0.66667,0.0,0.05333,0.06667,0.99247,0.0,1.0,1.0,0.74286,0.82857,1.0,0.0,0.82429,1.0,0.5,0.0,0.0,0.0,0.0,0.92175,0.78571,1.0,0.0,1.0,1.0,0.5,0.13893,0.5,1.0,1.0,0.5,0.5,0.5,0.0,0.0,1.0,1.0,1.0,0.71744,0.88022,1.0,0.06667,0.0,1.0,0.0,1.0,0.0,1.0
1.0,0.5,1.0,0.5,0.06667,0.5,0.0,0.06667,0.96667,0.0,0.0,0.66667,1.0,0.04889,0.06667,0.99193,0.0,1.0,1.0,0.74286,1.0,1.0,0.0,0.82388,1.0,0.5,0.0,0.0,0.0,0.0,0.92232,1.0,1.0,0.0,1.0,1.0,0.5,0.13893,0.5,1.0,1.0,0.5,0.5,0.5,0.0,0.0,1.0,1.0,1.0,0.71744,0.88022,1.0,0.06667,0.0,1.0,0.0,1.0,0.0,1.0
0.5,0.5,0.5,0.5,0.5,0.5,0.00548,0.13333,0.23333,0.0,0.0,0.66667,0.0,0.21333,0.00889,0.87854,0.0,1.0,1.0,0.89524,1.0,0.5,0.0,0.58898,0.84141,0.07143,0.10365,0.04765,0.33333,0.0,0.95304,0.85714,0.5,0.0,1.0,1.0,0.5,0.5,0.5,1.0,1.0,0.5,0.5,0.5,0.0,0.0,1.0,1.0,1.0,0.5,0.5,1.0,0.06667,0.0,1.0,1.0,1.0,0.0,0.5
0.0,0.0,0.0,0.0,0.2,0.2,4e-05,0.13333,0.76667,0.0,0.0,0.66667,0.0,0.17333,0.01778,0.0,0.99673,0.99048,0.9619,0.82857,1.0,0.66667,1.0,0.67186,0.9598,0.35714,0.00041,0.00025,0.0,0.0,0.96559,1.0,0.64286,0.0,1.0,1.0,0.5,0.5,0.5,1.0,1.0,0.5,0.5,0.5,0.0,0.0,1.0,1.0,1.0,0.5,0.5,1.0,0.06667,0.0,1.0,1.0,1.0,0.5,1.0
0.5,0.5,0.5,0.5,0.5,0.5,8e-05,0.06667,0.16667,0.0,0.0,0.66667,0.0,0.11111,0.00444,0.43498,0.0,1.0,0.94286,1.0,1.0,0.5,1.0,0.64008,0.9144,0.21429,0.00185,0.0009,0.0,0.0,0.6603,0.78571,0.5,0.0,0.93333,0.86003,0.07247,0.5,0.36234,1.0,1.0,0.5,0.5,0.5,0.0,0.0,1.0,1.0,1.0,0.5,0.5,1.0,0.06667,0.0,1.0,1.0,1.0,0.33333,0.5
0.5,0.5,0.5,0.5,0.5,0.5,0.0314,0.33333,0.83333,0.0,0.0,0.66667,0.0,0.35111,0.01778,0.98943,0.0,0.84762,1.0,0.77143,0.77143,0.5,1.0,0.97454,1.0,0.07143,0.3926,0.27358,0.125,0.0,0.98873,0.42857,0.5,0.0,1.0,1.0,0.5,0.5,0.5,1.0,1.0,0.5,0.5,0.5,0.0,0.0,1.0,1.0,1.0,0.0,0.12667,1.0,0.06667,0.0,1.0,0.0,1.0,0.125,0.5
1.0,1.0,1.0,0.0,0.26667,0.33333,0.02392,0.26667,0.96667,0.0,0.0,0.66667,0.0,0.33778,0.01333,0.99688,0.0,0.85714,0.80952,0.94286,1.0,0.80952,1.0,0.57167,0.81667,0.07143,0.50239,0.35878,0.0,1.0,0.99792,1.0,0.35714,0.0,1.0,1.0,0.5,0.5,0.5,1.0,1.0,0.5,0.5,0.5,0.0,0.0,1.0,1.0,1.0,0.0,0.12667,1.0,0.06667,0.0,1.0,0.0,1.0,0.33333,1.0
1.0,1.0,1.0,0.0,0.26667,0.26667,0.02331,0.26667,0.0,0.96774,0.0,0.66667,0.0,0.32889,0.00889,0.97669,0.0,1.0,1.0,0.94286,1.0,1.0,1.0,0.57391,0.81987,0.14286,0.5985,0.37951,0.25,0.0,0.95193,0.92857,0.92857,0.0,1.0,1.0,0.5,0.5,0.5,1.0,1.0,0.5,0.5,0.5,0.0,0.0,1.0,1.0,1.0,0.0,0.12667,1.0,0.06667,0.0,1.0,0.0,1.0,0.75,1.0
1.0,1.0,1.0,0.0,0.26667,0.26667,0.023,0.26667,0.0,0.90909,0.0,0.66667,0.0,0.32,0.00889,0.97915,0.0,0.94286,1.0,0.94286,0.79048,0.94286,1.0,0.61184,0.87405,0.07143,0.50482,0.2812,0.2,0.0,0.95596,0.35714,0.92857,0.0,1.0,1.0,0.5,0.5,0.5,1.0,1.0,0.5,0.5,0.5,0.0,0.0,1.0,1.0,1.0,0.0,0.12667,1.0,0.06667,0.0,1.0,0.0,1.0,0.4,1.0
1.0,1.0,1.0,1.0,0.26667,0.26667,0.02208,0.26667,0.0,0.83333,0.0,0.66667,0.0,0.32444,0.00444,0.98488,0.0,1.0,1.0,0.94286,0.94286,1.0,0.0,0.60944,0.87062,0.07143,0.49351,0.27093,0.2,0.0,0.95643,0.71429,1.0,0.0,1.0,1.0,0.5,0.5,0.5,1.0,1.0,0.5,0.5,0.5,0.0,0.0,1.0,1.0,1.0,0.0,0.12667,1.0,0.06667,0.0,1.0,0.0,1.0,0.4,1.0
0.5,0.5,0.5,0.5,0.5,0.5,0.06009,0.46667,0.1,0.0,0.0,0.66667,0.0,0.37333,0.0,0.9393,0.0,1.0,1.0,1.0,1.0,0.5,0.0,0.81034,1.0,0.0,1.0,0.57577,0.5,0.0,0.82664,0.78571,0.5,0.0,1.0,1.0,0.5,0.5,0.5,1.0,1.0,0.5,0.5,0.5,0.0,0.0,1.0,1.0,1.0,0.5,0.5,1.0,0.06667,0.0,1.0,1.0,1.0,0.2,0.5
1.0,1.0,1.0,1.0,0.6,0.53333,0.04268,0.33333,0.96667,0.0,0.0,0.66667,0.0,0.31111,0.0,0.0,0.9991,1.0,1.0,1.0,1.0,0.73333,0.0,0.91298,1.0,0.28571,0.75126,0.41647,0.4,0.0,0.98507,0.71429,1.0,0.0,1.0,1.0,0.5,0.5,0.5,1.0,1.0,0.5,0.5,0.5,0.0,0.0,1.0,1.0,1.0,0.5,0.5,1.0,0.06667,0.0,1.0,1.0,1.0,0.6,1.0
0.5,0.5,0.5,0.5,0.5,0.5,0.01438,0.26667,0.26667,0.0,0.0,0.66667,0.0,0.06222,0.00444,0.9014,0.0,0.99048,0.98095,1.0,1.0,0.5,1.0,0.56212,0.80303,0.14286,0.24611,0.14032,0.0,0.0,1.0,1.0,0.5,0.0,1.0,1.0,0.5,0.5,0.5,1.0,1.0,0.5,0.5,0.5,0.0,0.0,1.0,1.0,1.0,1.0,0.57124,1.0,0.06667,0.0,1.0,0.0,1.0,0.0,0.5
0.0,0.0,0.0,0.0,0.13333,0.13333,5e-05,0.06667,0.76667,0.0,0.0,0.66667,0.0,0.05333,0.01333,0.0,0.99963,1.0,0.9619,0.95238,1.0,0.95238,0.0,0.56376,0.80537,0.21429,0.00094,0.00047,0.0,0.0,1.0,0.78571,1.0,0.0,1.0,1.0,0.5,0.41249,0.5,1.0,1.0,0.5,0.5,0.5,0.0,0.0,1.0,1.0,1.0,1.0,0.57124,1.0,0.06667,0.0,1.0,0.0,1.0,0.0,1.0
0.0,0.0,0.0,0.0,0.06667,0.06667,4e-05,0.06667,0.0,0.9375,0.0,0.66667,0.0,0.05333,0.01333,0.0,0.99949,1.0,1.0,0.95238,1.0,1.0,0.0,0.56514,0.80735,0.21429,0.00084,0.00042,0.0,0.0,1.0,0.85714,1.0,0.0,1.0,1.0,0.5,0.41249,0.5,1.0,1.0,0.5,0.5,0.5,0.0,0.0,1.0,1.0,1.0,1.0,0.57124,1.0,0.06667,0.0,1.0,0.0,1.0,0.0,1.0
0.5,0.5,0.5,0.5,0.5,0.5,0.09069,0.8,0.13333,0.0,0.0,0.66667,0.0,0.17333,0.00889,0.72779,0.0,1.0,1.0,1.0,1.0,0.5,0.0,0.96685,1.0,0.21429,1.0,0.81572,0.8,0.0,0.87667,0.71429,0.5,0.0,1.0,1.0,0.5,0.5,0.5,1.0,1.0,0.5,0.5,0.5,0.0,0.0,1.0,1.0,1.0,0.5,0.5,1.0,0.06667,0.0,1.0,1.0,1.0,0.7,0.5
1.0,1.0,1.0,1.0,0.8,0.8,0.09753,0.8,0.2,0.0,0.0,0.66667,0.0,0.09778,0.01333,0.88999,0.0,1.0,1.0,1.0,1.0,0.53333,0.0,0.71794,1.0,0.14286,1.0,0.84844,0.83333,0.0,0.93313,1.0,0.71429,0.0,1.0,1.0,0.5,0.5,0.5,1.0,1.0,0.5,0.5,0.5,0.0,0.0,1.0,1.0,1.0,0.5,0.5,1.0,0.06667,0.0,1.0,1.0,1.0,0.0,1.0
1.0,0.5,1.0,0.5,0.8,0.5,0.10143,0.8,0.23333,0.0,0.0,0.66667,1.0,0.11556,0.01333,0.91418,0.0,0.94286,1.0,1.0,1.0,0.94286,1.0,0.92791,1.0,0.85714,1.0,0.87658,0.71429,0.0,0.92373,1.0,0.21429,0.0,1.0,1.0,0.5,0.5,0.5,1.0,1.0,0.5,0.5,0.5,0.0,0.0,1.0,1.0,1.0,0.5,0.5,1.0,0.06667,0.0,1.0,1.0,1.0,0.0,1.0
1.0,1.0,1.0,1.0,0.8,0.8,0.30658,0.93333,0.76667,0.0,0.0,0.66667,0.0,0.03556,0.01778,0.0,0.96642,1.0,1.0,1.0,1.0,0.49524,0.0,0.33968,0.48526,0.0,0.61809,0.44727,0.0,0.0,0.95736,1.0,0.42857,0.0,1.0,1.0,0.5,0.5,0.5,1.0,1.0,0.5,0.5,0.5,0.0,0.0,1.0,1.0,1.0,0.69197,0.03069,1.0,0.06667,0.0,1.0,1.0,1.0,1.0,1.0
1.0,1.0,1.0,1.0,0.93333,0.93333,0.46396,0.93333,0.0,0.85714,0.0,0.66667,0.0,0.01778,0.02667,0.0,0.99596,1.0,1.0,1.0,1.0,1.0,1.0,0.73417,1.0,0.07143,1.0,1.0,1.0,0.0,1.0,0.92857,0.92857,0.0,1.0,1.0,0.5,0.5,0.5,1.0,1.0,0.5,0.5,0.5,0.0,0.0,1.0,1.0,1.0,0.69197,0.03069,1.0,0.06667,1.0,1.0,0.0,1.0,1.0,1.0
1.0,0.0,1.0,1.0,0.93333,0.93333,0.47216,0.93333,0.0,0.81081,0.0,0.66667,0.0,0.01778,0.02667,0.0,0.99788,1.0,1.0,1.0,1.0,1.0,0.0,0.74341,1.0,0.07143,1.0,1.0,1.0,0.0,1.0,1.0,1.0,0.0,1.0,1.0,0.5,0.5,0.5,1.0,1.0,0.5,0.5,0.5,0.0,0.0,1.0,1.0,1.0,0.69197,0.03069,1.0,0.06667,1.0,1.0,0.0,1.0,1.0,1.0
0.5,0.5,0.5,0.5,0.5,0.5,0.05151,0.46667,0.36667,0.0,0.0,0.66667,0.0,0.14222,0.01778,0.97536,0.0,0.94286,1.0,0.79048,0.86667,0.5,1.0,0.90168,1.0,0.28571,0.59707,0.36395,0.16667,0.0,0.85717,0.78571,0.5,0.0,1.0,1.0,0.5,0.5,0.5,1.0,1.0,0.5,0.5,0.5,0.0,0.0,1.0,1.0,1.0,1.0,0.1091,1.0,0.06667,0.0,1.0,0.0,1.0,0.33333,0.5
0.0,0.0,0.0,1.0,0.46667,0.46667,0.05193,0.46667,0.43333,0.0,0.0,0.66667,0.0,0.12,0.01778,0.9815,0.0,0.94286,1.0,0.7619,0.66667,0.9619,1.0,0.80407,1.0,0.28571,0.65281,0.39097,0.2,0.0,0.85394,0.57143,0.92857,0.0,1.0,1.0,0.5,0.5,0.5,1.0,1.0,0.5,0.5,0.5,0.0,0.0,1.0,1.0,1.0,1.0,1.0,1.0,0.06667,0.0,1.0,0.0,1.0,0.0,1.0
0.0,0.5,1.0,0.5,0.46667,0.5,0.05245,0.46667,0.46667,0.0,0.0,0.66667,1.0,0.09778,0.01778,0.0,0.93937,0.91429,0.77143,0.75238,1.0,0.91429,0.0,0.71773,1.0,0.21429,0.66138,0.3866,0.25,0.0,0.8485,1.0,0.92857,0.0,0.66667,0.94466,1.0,1.0,1.0,1.0,0.75,0.5,0.5,0.5,0.0,0.0,1.0,1.0,1.0,1.0,1.0,1.0,0.06667,0.0,1.0,0.0,1.0,0.0,1.0
0.0,0.5,0.0,0.5,0.46667,0.5,0.05103,0.46667,0.5,0.0,0.0,0.66667,1.0,0.07556,0.01778,0.0,0.97464,0.87619,0.77143,0.8381,1.0,0.87619,0.0,0.60094,0.85848,0.35714,0.64565,0.53414,0.0,0.0,0.99729,1.0,0.85714,0.0,0.8,0.99973,1.0,1.0,1.0,1.0,0.75,0.5,0.5,0.5,0.0,0.0,1.0,1.0,1.0,1.0,1.0,1.0,0.06667,0.0,1.0,0.0,1.0,0.0,1.0
0.0,0.0,0.0,0.0,0.46667,0.46667,0.0439,0.46667,0.56667,0.0,0.0,0.66667,0.0,0.07556,0.01778,0.96564,0.0,0.99048,0.68571,0.81905,0.94286,0.72381,1.0,0.68535,0.97906,0.14286,0.45904,0.31977,0.0,0.0,0.96541,1.0,0.64286,0.0,0.93333,0.99996,1.0,1.0,1.0,1.0,1.0,0.5,0.5,0.5,0.0,0.0,1.0,1.0,1.0,1.0,1.0,1.0,0.06667,0.0,1.0,0.0,1.0,0.66667,1.0
1.0,0.5,1.0,0.5,0.46667,0.5,0.04992,0.46667,0.6,0.0,0.0,0.66667,1.0,0.06667,0.02222,0.0,0.966,1.0,0.8381,0.81905,1.0,1.0,0.0,0.66234,0.9462,0.14286,0.55677,0.35606,0.0,0.0,0.88204,1.0,0.85714,0.0,1.0,1.0,0.5,1.0,0.5,1.0,1.0,0.5,0.5,0.5,0.0,0.0,1.0,1.0,1.0,1.0,1.0,1.0,0.06667,0.0,1.0,0.0,1.0,0.0,1.0
1.0,0.0,1.0,0.0,0.46667,0.46667,0.0445,0.46667,0.66667,0.0,0.0,0.66667,0.0,0.06222,0.01333,0.96577,0.0,0.98095,1.0,0.84762,1.0,0.78095,1.0,0.73292,1.0,0.21429,0.52755,0.25713,0.25,0.0,0.67429,1.0,0.78571,0.0,1.0,1.0,0.5,1.0,0.5,1.0,1.0,0.5,0.5,0.5,0.0,0.0,1.0,1.0,1.0,1.0,1.0,1.0,0.06667,0.0,1.0,0.0,1.0,0.25,1.0
0.0,0.5,0.0,0.5,0.46667,0.5,0.0428,0.46667,0.7,0.0,0.0,0.66667,1.0,0.05778,0.01333,0.97336,0.0,1.0,1.0,0.84762,1.0,1.0,0.0,0.64266,0.91809,0.21429,0.65455,0.24747,0.5,0.0,0.80004,1.0,0.71429,0.0,1.0,1.0,0.5,1.0,0.5,1.0,1.0,0.5,0.5,0.5,0.0,0.0,1.0,1.0,1.0,1.0,1.0,1.0,0.06667,0.0,1.0,0.0,1.0,0.0,1.0
0.0,0.5,0.0,0.5,0.46667,0.5,0.04237,0.46667,0.73333,0.0,0.0,0.66667,1.0,0.05333,0.01333,0.97635,0.0,0.98095,0.98095,0.86667,1.0,0.98095,0.0,0.62377,0.8911,0.14286,0.55223,0.24556,0.33333,0.0,0.75242,1.0,0.92857,0.0,1.0,1.0,0.5,1.0,0.5,1.0,1.0,0.5,0.5,0.5,0.0,0.0,1.0,1.0,1.0,1.0,1.0,1.0,0.06667,0.0,1.0,0.0,1.0,0.0,1.0
1.0,1.0,1.0,1.0,0.46667,0.46667,0.04326,0.46667,0.83333,0.0,0.0,0.66667,0.0,0.05333,0.01778,0.0,0.97633,0.94286,0.81905,0.78095,0.94286,0.87619,0.0,0.7392,1.0,0.14286,0.48411,0.24899,0.25,0.0,0.78365,0.92857,0.92857,0.0,1.0,1.0,0.5,1.0,0.5,1.0,1.0,0.5,0.5,0.5,0.0,0.0,1.0,1.0,1.0,1.0,0.13021,1.0,0.06667,0.0,1.0,0.0,1.0,0.0,1.0
0.0,0.0,1.0,0.0,0.46667,0.46667,0.04325,0.46667,0.9,0.0,0.0,0.66667,0.0,0.05333,0.01778,0.0,0.97597,0.95238,0.85714,0.8381,0.82857,0.95238,0.0,0.70225,1.0,0.14286,0.52206,0.24335,0.25,0.0,0.81323,0.78571,0.85714,0.0,1.0,1.0,0.5,1.0,0.5,1.0,1.0,0.5,0.5,0.5,0.0,0.0,1.0,1.0,1.0,1.0,0.13021,1.0,0.06667,0.0,1.0,0.0,1.0,0.0,1.0
1.0,0.0,1.0,0.0,0.46667,0.46667,0.04225,0.46667,0.96667,0.0,0.0,0.66667,0.0,0.05333,0.02222,0.0,0.99211,0.72381,1.0,0.7619,0.77143,0.72381,1.0,0.72928,1.0,0.14286,0.47205,0.23176,0.25,0.0,0.83625,0.78571,0.85714,0.0,1.0,1.0,0.5,1.0,0.5,1.0,1.0,0.5,0.5,0.5,0.0,0.0,1.0,1.0,1.0,1.0,0.13021,1.0,0.06667,0.0,1.0,0.0,1.0,0.25,1.0
0.0,0.0,0.0,0.0,0.46667,0.46667,0.04561,0.53333,0.0,0.88235,0.0,0.66667,0.0,0.04889,0.01778,0.99745,0.0,1.0,1.0,0.8,0.86667,0.73333,0.0,0.59736,0.85336,0.14286,0.58039,0.43699,0.0,0.0,0.88158,1.0,0.71429,0.0,1.0,1.0,0.5,1.0,0.5,1.0,1.0,0.5,0.5,0.5,0.0,0.0,1.0,1.0,1.0,1.0,0.13021,1.0,0.06667,0.0,1.0,0.0,1.0,0.0,1.0
1.0,1.0,1.0,1.0,0.53333,0.53333,0.04851,0.53333,0.0,0.81081,0.0,0.66667,0.0,0.04889,0.02667,0.0,0.91629,0.82857,1.0,0.82857,0.82857,0.79048,1.0,0.72444,1.0,0.14286,0.44413,0.22589,0.0,0.0,0.77087,0.78571,0.78571,0.0,1.0,1.0,0.5,1.0,0.5,1.0,1.0,0.5,0.5,0.5,0.0,0.0,1.0,1.0,1.0,1.0,0.18136,1.0,0.06667,0.0,1.0,0.0,1.0,0.33333,1.0
0.5,0.5,0.5,0.5,0.5,0.5,0.06978,0.53333,0.23333,0.0,0.0,0.66667,0.0,0.15111,0.02222,0.93595,0.0,0.91429,0.90476,0.84762,1.0,0.5,0.0,0.96668,1.0,0.14286,0.93086,0.49268,0.375,0.0,0.75428,1.0,0.5,0.0,1.0,1.0,0.5,0.5,0.5,1.0,1.0,0.5,0.5,0.5,0.0,0.0,1.0,1.0,1.0,0.5,0.5,1.0,0.06667,0.0,1.0,1.0,1.0,0.5,0.5
1.0,0.5,1.0,0.5,0.66667,0.5,0.08562,0.66667,0.26667,0.0,0.0,0.66667,1.0,0.13333,0.02667,0.98187,0.0,0.92381,0.99048,0.90476,1.0,0.92381,0.0,0.90217,1.0,0.14286,1.0,0.60597,0.57143,0.0,0.77822,1.0,0.78571,0.0,1.0,1.0,0.5,0.5,0.5,1.0,1.0,0.5,0.5,0.5,0.0,0.0,1.0,1.0,1.0,0.5,0.5,1.0,0.06667,0.0,1.0,1.0,1.0,0.0,1.0
1.0,0.5,1.0,0.5,0.73333,0.5,0.1044,0.73333,0.3,0.0,0.0,0.66667,1.0,0.11111,0.03111,0.98306,0.0,1.0,0.99048,0.92381,1.0,1.0,0.0,0.8901,1.0,0.21429,1.0,0.8227,0.5,0.0,0.79078,1.0,0.78571,0.0,1.0,1.0,0.5,0.5,0.5,1.0,1.0,0.5,0.5,0.5,0.0,0.0,1.0,1.0,1.0,0.5,0.5,1.0,0.06667,0.0,1.0,1.0,1.0,0.0,1.0
0.0,0.0,1.0,0.0,0.73333,0.6,0.02725,0.53333,0.66667,0.0,0.0,0.66667,0.0,0.06667,0.03556,0.9824,0.0,1.0,1.0,0.70476,0.82857,0.68571,0.0,0.83311,1.0,0.42857,0.19943,0.14541,0.0,0.0,0.72907,1.0,0.78571,0.0,0.93333,0.84725,0.23392,0.5,0.0,1.0,1.0,0.5,0.5,0.5,0.0,0.0,1.0,1.0,1.0,1.0,0.07365,1.0,0.06667,0.0,1.0,0.0,1.0,0.66667,1.0
0.0,0.0,0.0,0.0,0.26667,0.13333,0.0,0.26667,0.76667,0.0,0.0,0.66667,0.0,0.06667,0.03111,0.98984,0.0,0.92381,0.91429,0.69524,0.86667,0.82857,0.0,0.66798,0.95426,0.07143,0.0,0.0,0.375,0.0,0.69047,0.85714,0.5,0.0,1.0,1.0,0.5,0.31483,0.5,1.0,1.0,0.5,0.5,0.5,0.0,0.0,1.0,1.0,1.0,1.0,0.07365,1.0,0.06667,0.0,1.0,0.0,1.0,0.75,1.0
0.0,0.5,0.0,0.5,0.1,0.5,0.0,0.1,0.8,0.0,0.0,0.66667,1.0,0.05333,0.03111,0.98457,0.0,1.0,0.92381,0.69524,1.0,1.0,0.0,0.66596,0.95137,0.07143,0.0,0.0,0.125,0.0,0.69521,1.0,0.85714,1.0,1.0,1.0,0.5,0.31483,0.5,1.0,1.0,0.5,0.5,0.5,0.0,0.0,1.0,1.0,1.0,1.0,0.07365,0.0,0.2,0.375,0.66667,0.33333,1.0,0.0,1.0
1.0,0.5,1.0,0.5,0.26667,0.5,0.0,0.26667,0.83333,0.0,0.0,0.66667,1.0,0.04,0.03111,0.98371,0.0,1.0,1.0,0.7619,1.0,1.0,0.0,0.66523,0.95034,0.07143,0.0,0.0,0.375,0.0,0.69534,1.0,1.0,0.0,1.0,1.0,0.5,0.31483,0.5,1.0,1.0,0.5,0.5,0.5,0.0,0.0,1.0,1.0,1.0,1.0,0.07365,1.0,0.06667,0.0,1.0,0.0,1.0,0.375,1.0
0.0,0.0,0.0,0.0,0.13333,0.06667,0.0,0.06667,0.9,0.0,0.0,0.66667,0.0,0.03556,0.03111,0.98339,0.0,1.0,1.0,0.78095,0.85714,0.98095,0.0,0.66483,0.94975,0.07143,0.0,0.0,0.0,0.0,0.69553,0.35714,1.0,1.0,1.0,1.0,0.5,0.31483,0.5,1.0,1.0,0.5,0.5,0.5,0.0,0.0,1.0,1.0,1.0,1.0,0.07365,0.0,0.06667,0.125,1.0,1.0,1.0,0.0,1.0
1.0,0.5,1.0,0.5,0.2,0.5,0.0,0.2,0.93333,0.0,0.0,0.66667,1.0,0.03111,0.03111,0.98548,0.0,1.0,1.0,0.78095,1.0,1.0,0.0,0.66478,0.94968,0.07143,0.0,0.0,0.25,0.0,0.6956,1.0,1.0,0.0,1.0,1.0,0.5,0.31483,0.5,1.0,1.0,0.5,0.5,0.5,0.0,0.0,1.0,1.0,1.0,1.0,0.07365,1.0,0.06667,0.0,1.0,0.0,1.0,0.125,1.0
0.5,0.5,0.5,0.5,0.5,0.5,0.2,0.6,0.03333,0.0,0.5,0.0,0.0,0.2,0.0,0.5,0.5,0.5,0.5,0.5,0.5,0.5,0.5,0.0,0.0,0.75,1.0,1.0,1.0,0.0,0.0,0.5,0.5,0.0,1.0,1.0,0.5,0.5,0.5,1.0,1.0,0.5,0.5,0.5,0.5,0.5,1.0,0.5,0.5,0.5,0.5,1.0,0.2,0.0,1.0,1.0,1.0,0.5,0.5
1.0,0.0,1.0,0.0,0.8,0.2,0.16667,0.2,0.1,0.0,0.5,0.0,0.0,0.44,0.0,0.0,0.95975,0.9,0.8,1.0,1.0,0.8,1.0,0.87551,1.0,0.25,0.85318,0.77397,0.0,0.0,0.62044,1.0,0.75,0.0,1.0,1.0,0.5,0.5,0.5,1.0,1.0,0.5,0.5,0.5,0.0,0.0,1.0,1.0,1.0,0.5,0.5,1.0,0.2,0.0,1.0,1.0,1.0,0.5,1.0
1.0,1.0,1.0,1.0,0.4,0.2,0.16522,0.2,0.2,0.0,0.5,0.0,0.0,0.4,0.0,0.95685,0.0,1.0,1.0,1.0,1.0,1.0,0.0,0.86631,1.0,0.25,0.8566,0.77076,0.0,0.0,0.65187,0.75,1.0,0.0,1.0,1.0,0.5,0.5,0.5,1.0,1.0,0.5,0.5,0.5,0.0,0.0,1.0,1.0,1.0,0.5,0.5,1.0,0.2,0.0,1.0,1.0,1.0,0.5,1.0
1.0,1.0,1.0,1.0,0.6,0.2,0.16438,0.2,0.3,0.0,0.5,0.0,0.0,0.36,0.0,0.98507,0.0,1.0,1.0,1.0,1.0,1.0,0.0,0.85741,1.0,0.25,0.86143,0.71079,0.0,0.0,0.65058,0.75,1.0,0.0,1.0,1.0,0.5,0.5,0.5,1.0,1.0,0.5,0.5,0.5,0.0,0.0,1.0,1.0,1.0,0.5,0.5,1.0,0.2,0.0,1.0,1.0,1.0,0.5,1.0
1.0,1.0,1.0,1.0,0.6,0.6,0.13165,0.2,0.43333,0.0,0.5,0.0,0.0,0.36,0.04,0.44501,0.0,1.0,1.0,1.0,1.0,1.0,1.0,0.86726,1.0,0.25,0.68024,0.51014,0.0,0.0,0.95126,0.75,0.5,0.0,0.8,0.74263,0.0,0.5,1.0,1.0,1.0,0.5,0.5,0.5,0.0,0.0,1.0,1.0,1.0,0.5,0.5,1.0,0.2,0.0,1.0,1.0,1.0,0.5,1.0
0.5,0.5,0.5,0.5,0.5,0.5,0.22103,0.8,0.13333,0.0,0.5,0.0,0.0,0.88,0.0,1.0,0.0,1.0,1.0,1.0,1.0,0.5,1.0,0.8344,1.0,0.25,1.0,0.95291,0.66667,0.0,0.95414,0.75,0.5,0.0,1.0,1.0,0.5,0.5,0.5,1.0,1.0,0.5,0.5,0.5,0.0,0.0,1.0,1.0,1.0,0.5,0.5,1.0,0.2,0.0,1.0,1.0,1.0,1.0,0.5
1.0,1.0,1.0,1.0,1.0,1.0,0.6669,1.0,0.63333,0.0,0.5,0.0,0.0,0.28,0.16,0.99413,0.0,1.0,1.0,1.0,1.0,0.6,1.0,0.90767,1.0,0.0,1.0,1.0,1.0,0.0,1.0,1.0,0.25,0.0,1.0,1.0,0.5,0.5,0.5,1.0,1.0,0.5,0.5,0.5,0.0,0.0,1.0,1.0,1.0,1.0,0.71839,1.0,0.2,1.0,1.0,0.0,1.0,1.0,1.0
0.5,0.5,0.5,0.5,0.5,0.5,0.2,0.6,0.03333,0.0,0.5,0.0,0.0,0.2,0.0,0.5,0.5,0.5,0.5,0.5,0.5,0.5,0.5,0.0,0.0,0.75,1.0,1.0,1.0,0.0,0.0,0.5,0.5,0.0,1.0,1.0,0.5,0.5,0.5,1.0,1.0,0.5,0.5,0.5,0.5,0.5,1.0,0.5,0.5,0.5,0.5,1.0,0.2,0.0,1.0,1.0,1.0,0.5,0.5
0.5,0.5,0.5,0.5,0.5,0.5,0.2,0.6,0.03333,0.0,0.5,0.0,0.0,0.2,0.0,0.5,0.5,0.5,0.5,0.5,0.5,0.5,0.5,0.0,0.0,0.75,1.0,1.0,1.0,0.0,0.0,0.5,0.5,0.0,1.0,1.0,0.5,0.5,0.5,1.0,1.0,0.5,0.5,0.5,0.5,0.5,1.0,0.5,0.5,0.5,0.5,1.0,0.2,0.0,1.0,1.0,1.0,0.5,0.5
0.0,0.0,0.0,0.0,0.6,0.6,0.2,0.6,0.53333,0.0,0.5,0.0,0.0,0.2,0.0,1.0,0.0,1.0,1.0,1.0,1.0,1.0,0.0,0.08163,0.11662,0.0,1.0,1.0,1.0,0.0,1.0,1.0,0.25,0.0,1.0,1.0,0.5,0.5,0.5,1.0,1.0,0.5,0.5,0.5,0.0,0.0,1.0,1.0,1.0,0.5,0.5,1.0,0.2,1.0,1.0,1.0,1.0,0.0,1.0
0.0,0.0,0.0,0.0,0.6,0.6,0.2,0.6,0.6,0.0,0.5,0.0,0.0,0.2,0.0,0.0,1.0,1.0,1.0,1.0,1.0,1.0,0.0,0.08163,0.11662,0.0,1.0,1.0,1.0,0.0,1.0,1.0,1.0,0.0,1.0,1.0,0.5,0.5,0.5,1.0,1.0,0.5,0.5,0.5,0.0,0.0,1.0,1.0,1.0,0.5,0.5,1.0,0.2,1.0,1.0,1.0,1.0,1.0,1.0
0.5,0.5,0.5,0.5,0.5,0.5,0.2,0.6,0.03333,0.0,0.5,0.0,0.0,0.2,0.0,0.5,0.5,0.5,0.5,0.5,0.5,0.5,0.5,0.0,0.0,0.75,1.0,1.0,1.0,0.0,0.0,0.5,0.5,0.0,1.0,1.0,0.5,0.5,0.5,1.0,1.0,0.5,0.5,0.5,0.5,0.5,1.0,0.5,0.5,0.5,0.5,1.0,0.2,0.0,1.0,1.0,1.0,0.5,0.5
0.5,0.5,0.5,0.5,0.5,0.5,0.16619,0.4,0.43333,0.0,0.5,0.0,0.0,0.44,0.04,0.39707,0.0,1.0,1.0,1.0,1.0,0.5,1.0,0.91927,1.0,0.25,0.79027,0.59658,0.0,0.0,0.93353,1.0,0.5,0.0,1.0,1.0,0.5,0.5,0.5,1.0,1.0,0.5,0.5,0.5,0.0,0.0,1.0,1.0,1.0,0.19036,0.28003,1.0,0.2,0.0,1.0,0.0,1.0,0.0,0.5
0.5,0.5,0.5,0.5,0.5,0.5,0.2,0.6,0.03333,0.0,0.5,0.0,0.0,0.2,0.0,0.5,0.5,0.5,0.5,0.5,0.5,0.5,0.5,0.0,0.0,0.75,1.0,1.0,1.0,0.0,0.0,0.5,0.5,0.0,1.0,1.0,0.5,0.5,0.5,1.0,1.0,0.5,0.5,0.5,0.5,0.5,1.0,0.5,0.5,0.5,0.5,1.0,0.2,0.0,1.0,1.0,1.0,0.5,0.5
1.0,1.0,1.0,1.0,1.0,0.8,0.16242,0.4,0.43333,0.0,0.5,0.0,0.0,0.48,0.0,0.0,0.9911,1.0,1.0,1.0,1.0,0.6,0.0,0.18087,0.25839,0.0,1.0,1.0,1.0,0.0,0.95388,1.0,0.5,0.0,1.0,1.0,0.5,0.5,0.5,1.0,1.0,0.5,0.5,0.5,0.0,0.0,1.0,1.0,1.0,0.5,0.5,1.0,0.2,0.0,1.0,1.0,1.0,1.0,1.0
1.0,1.0,1.0,1.0,0.4,0.6,0.16363,0.4,0.66667,0.0,0.5,0.0,0.0,0.56,0.04,0.0,0.98828,1.0,1.0,1.0,1.0,1.0,1.0,0.80524,1.0,0.25,0.98075,0.67149,0.5,0.0,1.0,1.0,0.75,0.0,1.0,1.0,0.5,0.5,0.5,1.0,1.0,0.5,0.5,0.5,0.0,0.0,1.0,1.0,1.0,0.76371,0.51696,1.0,0.2,0.0,1.0,0.0,1.0,0.5,1.0
0.5,0.5,0.5,0.5,0.5,0.5,0.2,0.6,0.03333,0.0,0.5,0.0,0.0,0.2,0.0,0.5,0.5,0.5,0.5,0.5,0.5,0.5,0.5,0.0,0.0,0.75,1.0,1.0,1.0,0.0,0.0,0.5,0.5,0.0,1.0,1.0,0.5,0.5,0.5,1.0,1.0,0.5,0.5,0.5,0.5,0.5,1.0,0.5,0.5,0.5,0.5,1.0,0.2,0.0,1.0,1.0,1.0,0.5,0.5
0.5,0.5,0.5,0.5,0.5,0.5,0.2,0.6,0.03333,0.0,0.5,0.0,0.0,0.2,0.0,0.5,0.5,0.5,0.5,0.5,0.5,0.5,0.5,0.0,0.0,0.75,1.0,1.0,1.0,0.0,0.0,0.5,0.5,0.0,1.0,1.0,0.5,0.5,0.5,1.0,1.0,0.5,0.5,0.5,0.5,0.5,1.0,0.5,0.5,0.5,0.5,1.0,0.2,0.0,1.0,1.0,1.0,0.5,0.5
1.0,1.0,1.0,0.0,1.0,0.6,0.17346,0.4,0.33333,0.0,0.5,0.0,0.0,0.52,0.0,0.0,0.97457,1.0,1.0,1.0,1.0,0.6,0.0,0.18442,0.26345,0.0,1.0,1.0,1.0,0.0,1.0,1.0,0.5,0.0,1.0,1.0,0.5,0.5,0.5,1.0,1.0,0.5,0.5,0.5,0.0,0.0,1.0,1.0,1.0,0.5,0.5,1.0,0.2,0.0,1.0,1.0,1.0,1.0,1.0
1.0,1.0,1.0,1.0,0.4,0.4,0.17455,0.4,0.4,0.0,0.5,0.0,0.0,0.48,0.0,0.98758,0.0,1.0,1.0,1.0,1.0,1.0,0.0,0.15085,0.21551,0.0,1.0,1.0,1.0,0.0,1.0,1.0,1.0,0.0,1.0,1.0,0.5,0.5,0.5,1.0,1.0,0.5,0.5,0.5,0.0,0.0,1.0,1.0,1.0,0.5,0.5,1.0,0.2,0.0,1.0,1.0,1.0,1.0,1.0
0.5,0.5,0.5,0.5,0.5,0.5,0.2,0.6,0.03333,0.0,0.5,0.0,0.0,0.2,0.0,0.5,0.5,0.5,0.5,0.5,0.5,0.5,0.5,0.0,0.0,0.75,1.0,1.0,1.0,0.0,0.0,0.5,0.5,0.0,1.0,1.0,0.5,0.5,0.5,1.0,1.0,0.5,0.5,0.5,0.5,0.5,1.0,0.5,0.5,0.5,0.5,1.0,0.2,0.0,1.0,1.0,1.0,0.5,0.5
0.0,0.0,0.0,0.0,0.6,0.6,0.2,0.6,0.53333,0.0,0.5,0.0,0.0,0.2,0.0,1.0,0.0,1.0,1.0,1.0,1.0,1.0,0.0,0.08163,0.11662,0.0,1.0,1.0,1.0,0.0,1.0,1.0,0.25,0.0,1.0,1.0,0.5,0.5,0.5,1.0,1.0,0.5,0.5,0.5,0.0,0.0,1.0,1.0,1.0,0.5,0.5,1.0,0.2,1.0,1.0,1.0,1.0,0.0,1.0
0.0,0.0,0.0,0.0,0.6,0.6,0.2,0.6,0.6,0.0,0.5,0.0,0.0,0.2,0.0,0.0,1.0,1.0,1.0,1.0,1.0,1.0,0.0,0.08163,0.11662,0.0,1.0,1.0,1.0,0.0,1.0,1.0,1.0,0.0,1.0,1.0,0.5,0.5,0.5,1.0,1.0,0.5,0.5,0.5,0.0,0.0,1.0,1.0,1.0,0.5,0.5,1.0,0.2,1.0,1.0,1.0,1.0,1.0,1.0
0.0,0.0,0.0,0.0,0.6,0.6,0.2,0.6,0.86667,0.0,0.5,0.0,0.0,0.2,0.0,1.0,0.0,1.0,1.0,1.0,1.0,1.0,0.0,0.08163,0.11662,0.0,1.0,1.0,1.0,0.0,1.0,1.0,1.0,0.0,1.0,1.0,0.5,0.5,0.5,1.0,1.0,0.5,0.5,0.5,0.0,0.0,1.0,1.0,1.0,0.5,0.5,1.0,0.2,1.0,1.0,1.0,1.0,1.0,1.0
0.0,0.5,0.0,0.5,0.6,0.5,0.2,0.6,0.9,0.0,0.5,0.0,1.0,0.2,0.0,1.0,0.0,1.0,1.0,1.0,1.0,1.0,0.0,0.08163,0.11662,0.0,1.0,1.0,1.0,0.0,1.0,1.0,1.0,0.0,1.0,1.0,0.5,0.5,0.5,1.0,1.0,0.5,0.5,0.5,0.0,0.0,1.0,1.0,1.0,0.5,0.5,1.0,0.2,1.0,1.0,1.0,1.0,1.0,1.0
0.5,0.5,0.5,0.5,0.5,0.5,0.2,0.6,0.03333,0.0,0.5,0.0,0.0,0.2,0.0,0.5,0.5,0.5,0.5,0.5,0.5,0.5,0.5,0.0,0.0,0.75,1.0,1.0,1.0,0.0,0.0,0.5,0.5,0.0,1.0,1.0,0.5,0.5,0.5,1.0,1.0,0.5,0.5,0.5,0.5,0.5,1.0,0.5,0.5,0.5,0.5,1.0,0.2,0.0,1.0,1.0,1.0,0.5,0.5
1.0,1.0,1.0,1.0,0.6,0.6,0.16988,0.2,0.13333,0.0,0.5,0.0,0.0,0.36,0.0,0.0,0.98062,0.8,0.8,1.0,1.0,0.8,1.0,0.88567,1.0,0.25,0.86017,0.67868,0.0,0.0,0.66667,0.75,0.75,0.0,1.0,1.0,0.5,0.5,0.5,1.0,1.0,0.5,0.5,0.5,0.0,0.0,1.0,1.0,1.0,0.5,0.5,1.0,0.2,0.0,1.0,1.0,1.0,0.5,1.0
1.0,0.5,1.0,0.5,0.4,0.5,0.18356,0.4,0.16667,0.0,0.5,0.0,1.0,0.4,0.0,0.99262,0.0,1.0,0.8,1.0,1.0,1.0,0.0,0.87581,1.0,0.25,0.94564,0.7401,0.5,0.0,0.66667,1.0,1.0,0.0,1.0,1.0,0.5,0.5,0.5,1.0,1.0,0.5,0.5,0.5,0.0,0.0,1.0,1.0,1.0,0.5,0.5,1.0,0.2,0.0,1.0,1.0,1.0,0.0,1.0
1.0,1.0,1.0,1.0,0.4,0.6,0.21338,0.6,0.4,0.0,0.5,0.0,0.0,0.36,0.16,0.99914,0.0,1.0,1.0,0.8,0.8,0.8,0.0,0.90754,1.0,1.0,1.0,0.79161,0.5,0.0,0.97828,0.25,0.0,0.0,1.0,1.0,0.5,0.5,0.5,1.0,1.0,0.5,0.5,0.5,0.0,0.0,1.0,1.0,1.0,1.0,0.6375,1.0,0.2,0.0,1.0,0.0,1.0,0.0,1.0
0.0,0.0,0.0,0.0,0.6,0.6,0.19466,0.6,0.46667,0.0,0.5,0.0,0.0,0.32,0.16,0.99751,0.0,1.0,1.0,0.8,1.0,1.0,1.0,0.91643,1.0,1.0,0.91967,0.64453,0.5,0.0,0.98712,0.5,1.0,0.0,1.0,1.0,0.5,0.5,0.5,1.0,1.0,0.5,0.5,0.5,0.0,0.0,1.0,1.0,1.0,1.0,0.6375,1.0,0.2,0.0,1.0,0.0,1.0,0.0,1.0
0.0,0.0,0.0,0.0,0.6,0.6,0.17921,0.6,0.6,0.0,0.5,0.0,0.0,0.24,0.16,0.99884,0.0,1.0,1.0,0.8,1.0,1.0,1.0,0.95417,1.0,1.0,0.81084,0.57883,0.5,0.0,0.9909,0.5,1.0,0.0,1.0,1.0,0.5,0.5,0.5,1.0,1.0,0.5,0.5,0.5,0.0,0.0,1.0,1.0,1.0,1.0,0.6375,1.0,0.2,0.0,1.0,0.0,1.0,0.0,1.0
0.0,0.0,0.0,0.0,0.6,0.6,0.16911,0.6,0.66667,0.0,0.5,0.0,0.0,0.24,0.16,0.99974,0.0,1.0,1.0,0.8,1.0,1.0,1.0,0.97908,1.0,1.0,0.74308,0.47664,0.5,0.0,1.0,0.5,1.0,0.0,1.0,1.0,0.5,0.5,0.5,1.0,1.0,0.5,0.5,0.5,0.0,0.0,1.0,1.0,1.0,1.0,0.6375,1.0,0.2,0.0,1.0,0.0,1.0,0.0,1.0
0.0,0.0,0.0,0.0,0.4,0.4,0.1283,0.4,0.83333,0.0,0.5,0.0,0.0,0.28,0.16,0.0,0.99825,1.0,1.0,0.8,0.8,1.0,1.0,0.99791,1.0,1.0,0.55128,0.3291,0.0,0.0,0.9969,0.25,1.0,0.0,1.0,1.0,0.5,0.5,0.5,1.0,1.0,0.5,0.5,0.5,0.0,0.0,1.0,1.0,1.0,1.0,0.6375,1.0,0.2,0.0,1.0,0.0,1.0,0.0,1.0
0.0,0.0,0.0,0.0,0.4,0.4,0.12151,0.4,0.9,0.0,0.5,0.0,0.0,0.24,0.16,0.0,0.99824,1.0,1.0,0.8,0.8,1.0,0.0,0.99199,1.0,1.0,0.51557,0.35132,0.0,0.0,1.0,0.25,1.0,0.0,1.0,1.0,0.5,0.5,0.5,1.0,1.0,0.5,0.5,0.5,0.0,0.0,1.0,1.0,1.0,1.0,0.6375,1.0,0.2,0.0,1.0,0.0,1.0,0.0,1.0
0.5,0.5,0.5,0.5,0.5,0.5,0.2,0.6,0.03333,0.0,0.5,0.0,0.0,0.2,0.0,0.5,0.5,0.5,0.5,0.5,0.5,0.5,0.5,0.0,0.0,0.75,1.0,1.0,1.0,0.0,0.0,0.5,0.5,0.0,1.0,1.0,0.5,0.5,0.5,1.0,1.0,0.5,0.5,0.5,0.5,0.5,1.0,0.5,0.5,0.5,0.5,1.0,0.2,0.0,1.0,1.0,1.0,0.5,0.5
0.0,0.0,0.0,0.0,0.6,0.6,0.19666,0.8,0.16667,0.0,0.5,0.0,0.0,0.32,0.0,0.0,0.83134,1.0,0.9,1.0,1.0,1.0,0.0,0.07893,0.11276,0.0,1.0,1.0,1.0,0.0,1.0,1.0,0.25,0.0,1.0,1.0,0.5,0.5,0.5,1.0,1.0,0.5,0.5,0.5,0.0,0.0,1.0,1.0,1.0,0.5,0.5,1.0,0.2,1.0,1.0,1.0,1.0,1.0,1.0
0.0,0.0,0.0,0.0,0.6,0.6,0.10777,0.2,0.53333,0.0,0.5,0.0,0.0,0.36,0.0,0.9876,0.0,0.8,0.9,1.0,1.0,0.9,0.0,0.62405,0.8915,0.5,0.6565,0.48865,0.0,1.0,1.0,1.0,0.75,0.0,1.0,1.0,0.5,0.5,0.5,1.0,1.0,0.5,0.5,0.5,0.0,0.0,1.0,1.0,1.0,0.5,0.5,1.0,0.2,0.0,1.0,1.0,1.0,0.0,1.0
0.5,0.5,0.5,0.5,0.5,0.5,0.16546,0.2,0.2,0.0,0.5,0.0,0.0,0.32,0.0,0.94964,0.0,1.0,1.0,1.0,1.0,0.5,1.0,0.89239,1.0,0.25,0.81906,0.64446,0.0,0.0,0.79701,0.75,0.5,0.0,1.0,1.0,0.5,0.5,0.5,1.0,1.0,0.5,0.5,0.5,0.0,0.0,1.0,1.0,1.0,0.5,0.5,1.0,0.2,0.0,1.0,1.0,1.0,0.5,0.5
1.0,1.0,1.0,1.0,0.6,0.2,0.16983,0.2,0.3,0.0,0.5,0.0,0.0,0.28,0.0,0.98779,0.0,1.0,1.0,1.0,1.0,1.0,1.0,0.91133,1.0,0.25,0.81597,0.60784,0.0,0.0,0.86424,0.75,1.0,0.0,1.0,1.0,0.5,0.5,0.5,1.0,1.0,0.5,0.5,0.5,0.0,0.0,1.0,1.0,1.0,0.5,0.5,1.0,0.2,0.0,1.0,1.0,1.0,0.5,1.0
1.0,1.0,1.0,1.0,0.6,0.8,0.21641,0.8,0.4,0.0,0.5,0.0,0.0,0.32,0.0,0.0,0.96275,1.0,1.0,1.0,1.0,1.0,0.0,0.40737,0.58196,0.0,0.96877,0.93944,0.0,0.0,0.90206,0.75,0.75,0.0,1.0,1.0,0.5,0.5,0.5,1.0,1.0,0.5,0.5,0.5,0.0,0.0,1.0,1.0,1.0,0.5,0.5,1.0,0.2,0.0,1.0,1.0,1.0,0.0,1.0
1.0,0.0,1.0,0.0,1.0,0.6,0.18725,0.6,0.53333,0.0,0.5,0.0,0.0,0.32,0.0,0.99028,0.0,1.0,1.0,1.0,1.0,1.0,1.0,0.8959,1.0,0.25,0.91954,0.72653,0.5,0.0,0.95235,0.75,0.75,0.0,1.0,1.0,0.5,0.5,0.5,1.0,1.0,0.5,0.5,0.5,0.0,0.0,1.0,1.0,1.0,0.5,0.5,1.0,0.2,0.0,1.0,1.0,1.0,0.5,1.0
1.0,1.0,1.0,1.0,0.6,0.6,0.19006,0.6,0.63333,0.0,0.5,0.0,0.0,0.28,0.0,0.99196,0.0,1.0,1.0,1.0,1.0,1.0,1.0,0.91705,1.0,0.25,0.90393,0.6689,0.5,0.0,0.95336,0.75,1.0,0.0,1.0,1.0,0.5,0.5,0.5,1.0,1.0,0.5,0.5,0.5,0.0,0.0,1.0,1.0,1.0,0.5,0.5,1.0,0.2,0.0,1.0,1.0,1.0,0.5,1.0
1.0,1.0,1.0,1.0,0.8,0.8,0.19788,0.8,0.73333,0.0,0.5,0.0,0.0,0.28,0.0,0.0,0.99797,1.0,1.0,1.0,1.0,1.0,1.0,0.94173,1.0,0.25,0.90963,0.64312,0.5,0.0,0.95513,0.75,1.0,0.0,1.0,1.0,0.5,0.5,0.5,1.0,1.0,0.5,0.5,0.5,0.0,0.0,1.0,1.0,1.0,0.5,0.5,1.0,0.2,0.0,1.0,1.0,1.0,0.5,1.0
0.5,0.5,0.5,0.5,0.5,0.5,0.18864,0.6,0.2,0.0,0.5,0.0,0.0,0.68,0.0,0.85676,0.0,1.0,1.0,1.0,1.0,0.5,1.0,0.67045,0.95779,0.0,0.98738,0.8775,0.5,0.0,0.95413,1.0,0.5,0.0,1.0,1.0,0.5,0.5,0.5,1.0,1.0,0.5,0.5,0.5,0.0,0.0,1.0,1.0,1.0,0.5,0.5,1.0,0.2,0.0,1.0,1.0,1.0,1.0,0.5
1.0,1.0,1.0,1.0,0.8,0.8,0.1465,0.4,0.7,0.0,0.5,0.0,0.0,0.44,0.04,0.0,0.99669,1.0,1.0,1.0,1.0,1.0,1.0,0.97329,1.0,0.0,0.6364,0.48068,0.0,0.0,0.99372,1.0,1.0,0.0,1.0,1.0,0.5,0.5,0.5,1.0,1.0,0.5,0.5,0.5,0.0,0.0,1.0,1.0,1.0,1.0,0.5961,1.0,0.2,0.0,1.0,0.0,1.0,1.0,1.0
1.0,1.0,1.0,0.0,0.4,0.4,0.16428,0.6,0.0,0.88235,0.5,0.0,0.0,0.36,0.04,0.0,0.99004,1.0,1.0,1.0,1.0,1.0,0.0,0.54929,0.7847,0.25,0.63331,0.46339,0.0,1.0,1.0,1.0,0.75,0.0,1.0,1.0,0.5,0.5,0.5,1.0,1.0,0.5,0.5,0.5,0.0,0.0,1.0,1.0,1.0,1.0,0.51881,1.0,0.2,0.0,1.0,0.0,1.0,1.0,1.0
1.0,1.0,1.0,1.0,0.6,0.6,0.16704,0.6,0.0,0.83333,0.5,0.0,0.0,0.36,0.04,0.0,0.98697,1.0,1.0,1.0,1.0,1.0,1.0,0.79335,1.0,0.25,0.62576,0.45535,0.0,1.0,1.0,1.0,1.0,0.0,1.0,1.0,0.5,0.5,0.5,1.0,1.0,0.5,0.5,0.5,0.0,0.0,1.0,1.0,1.0,1.0,0.51762,1.0,0.2,0.0,1.0,0.0,1.0,1.0,1.0
0.5,0.5,0.5,0.5,0.5,0.5,0.2,0.6,0.03333,0.0,0.5,0.0,0.0,0.2,0.0,0.5,0.5,0.5,0.5,0.5,0.5,0.5,0.5,0.0,0.0,0.75,1.0,1.0,1.0,0.0,0.0,0.5,0.5,0.0,1.0,1.0,0.5,0.5,0.5,1.0,1.0,0.5,0.5,0.5,0.5,0.5,1.0,0.5,0.5,0.5,0.5,1.0,0.2,0.0,1.0,1.0,1.0,0.5,0.5
0.0,0.0,0.0,0.0,0.6,0.6,0.2,0.6,0.53333,0.0,0.5,0.0,0.0,0.2,0.0,1.0,0.0,1.0,1.0,1.0,1.0,1.0,0.0,0.08163,0.11662,0.0,1.0,1.0,1.0,0.0,1.0,1.0,0.25,0.0,1.0,1.0,0.5,0.5,0.5,1.0,1.0,0.5,0.5,0.5,0.0,0.0,1.0,1.0,1.0,0.5,0.5,1.0,0.2,1.0,1.0,1.0,1.0,0.0,1.0
0.0,0.0,0.0,0.0,0.6,0.6,0.2,0.6,0.6,0.0,0.5,0.0,0.0,0.2,0.0,0.0,1.0,1.0,1.0,1.0,1.0,1.0,0.0,0.08163,0.11662,0.0,1.0,1.0,1.0,0.0,1.0,1.0,1.0,0.0,1.0,1.0,0.5,0.5,0.5,1.0,1.0,0.5,0.5,0.5,0.0,0.0,1.0,1.0,1.0,0.5,0.5,1.0,0.2,1.0,1.0,1.0,1.0,1.0,1.0
0.0,0.0,0.0,0.0,0.6,0.6,0.2,0.6,0.86667,0.0,0.5,0.0,0.0,0.2,0.0,1.0,0.0,1.0,1.0,1.0,1.0,1.0,0.0,0.08163,0.11662,0.0,1.0,1.0,1.0,0.0,1.0,1.0,1.0,0.0,1.0,1.0,0.5,0.5,0.5,1.0,1.0,0.5,0.5,0.5,0.0,0.0,1.0,1.0,1.0,0.5,0.5,1.0,0.2,1.0,1.0,1.0,1.0,1.0,1.0
0.0,0.5,0.0,0.5,0.6,0.5,0.2,0.6,0.9,0.0,0.5,0.0,1.0,0.2,0.0,1.0,0.0,1.0,1.0,1.0,1.0,1.0,0.0,0.08163,0.11662,0.0,1.0,1.0,1.0,0.0,1.0,1.0,1.0,0.0,1.0,1.0,0.5,0.5,0.5,1.0,1.0,0.5,0.5,0.5,0.0,0.0,1.0,1.0,1.0,0.5,0.5,1.0,0.2,1.0,1.0,1.0,1.0,1.0,1.0
0.0,0.0,1.0,1.0,0.6,0.6,0.2,0.6,0.0,0.96774,0.5,0.0,0.0,0.2,0.0,1.0,0.0,1.0,1.0,1.0,1.0,1.0,0.0,0.08163,0.11662,0.0,1.0,1.0,1.0,0.0,1.0,1.0,1.0,0.0,1.0,1.0,0.5,0.5,0.5,1.0,1.0,0.5,0.5,0.5,0.0,0.0,1.0,1.0,1.0,0.5,0.5,1.0,0.2,1.0,1.0,1.0,1.0,1.0,1.0
0.0,0.0,0.0,0.0,0.6,0.6,0.2,0.6,0.0,0.90909,0.5,0.0,0.0,0.2,0.0,1.0,0.0,1.0,1.0,1.0,1.0,1.0,0.0,0.08163,0.11662,0.0,1.0,1.0,1.0,0.0,1.0,1.0,1.0,0.0,1.0,1.0,0.5,0.5,0.5,1.0,1.0,0.5,0.5,0.5,0.0,0.0,1.0,1.0,1.0,0.5,0.5,1.0,0.2,1.0,1.0,1.0,1.0,1.0,1.0
0.0,0.5,0.0,0.5,0.6,0.5,0.2,0.6,0.0,0.88235,0.5,0.0,1.0,0.2,0.0,0.0,1.0,1.0,1.0,1.0,1.0,1.0,0.0,0.08163,0.11662,0.0,1.0,1.0,1.0,0.0,1.0,1.0,1.0,0.0,1.0,1.0,0.5,0.5,0.5,1.0,1.0,0.5,0.5,0.5,0.0,0.0,1.0,1.0,1.0,0.5,0.5,1.0,0.2,1.0,1.0,1.0,1.0,1.0,1.0
0.0,0.5,1.0,0.5,0.6,0.5,0.2,0.6,0.0,0.85714,0.5,0.0,1.0,0.2,0.0,1.0,0.0,1.0,1.0,1.0,1.0,1.0,0.0,0.08163,0.11662,0.0,1.0,1.0,1.0,0.0,1.0,1.0,1.0,0.0,1.0,1.0,0.5,0.5,0.5,1.0,1.0,0.5,0.5,0.5,0.0,0.0,1.0,1.0,1.0,0.5,0.5,1.0,0.2,1.0,1.0,1.0,1.0,1.0,1.0
0.5,0.5,0.5,0.5,0.5,0.5,0.2,0.6,0.03333,0.0,0.5,0.0,0.0,0.2,0.0,0.5,0.5,0.5,0.5,0.5,0.5,0.5,0.5,0.0,0.0,0.75,1.0,1.0,1.0,0.0,0.0,0.5,0.5,0.0,1.0,1.0,0.5,0.5,0.5,1.0,1.0,0.5,0.5,0.5,0.5,0.5,1.0,0.5,0.5,0.5,0.5,1.0,0.2,0.0,1.0,1.0,1.0,0.5,0.5
1.0,0.0,1.0,0.0,0.8,0.4,0.17282,0.6,0.3,0.0,0.5,0.0,0.0,0.36,0.2,0.0,0.84446,0.7,1.0,0.7,1.0,0.8,1.0,0.78406,1.0,0.75,0.56187,0.44251,0.0,0.0,0.91642,0.5,0.25,0.0,1.0,1.0,0.5,0.5,0.5,1.0,1.0,0.5,0.5,0.5,0.0,0.0,1.0,1.0,1.0,0.35028,0.3435,1.0,0.2,0.0,1.0,1.0,1.0,0.5,1.0
0.0,0.0,0.0,0.0,0.6,0.6,0.0,0.3,0.43333,0.0,0.5,0.0,0.0,0.24,0.24,0.95843,0.0,1.0,1.0,0.8,1.0,0.8,0.0,0.92919,1.0,0.25,0.0,0.0,0.5,0.0,0.44444,1.0,0.5,1.0,0.6,0.60085,0.03529,0.5,0.03529,0.66667,0.5,0.5,0.5,0.5,0.0,0.10074,1.0,1.0,1.0,0.4574,1.0,1.0,0.0,0.0,1.0,0.0,1.0,0.0,1.0
1.0,1.0,1.0,1.0,0.5,0.6,0.0,0.6,0.96667,0.0,0.5,0.0,0.0,0.08,0.28,0.99649,0.0,1.0,1.0,0.9,1.0,0.9,1.0,0.95078,1.0,0.25,0.0,0.0,0.5,0.0,0.44444,1.0,1.0,0.0,1.0,1.0,0.5,0.5,0.5,1.0,1.0,0.5,0.5,0.5,0.0,0.0,1.0,1.0,1.0,0.4574,1.0,1.0,0.2,0.0,1.0,0.0,1.0,0.0,0.0
1.0,0.0,1.0,0.0,0.6,0.6,0.0,0.6,0.0,0.96774,0.5,0.0,0.0,0.08,0.28,0.99771,0.0,1.0,1.0,0.9,1.0,1.0,1.0,0.95078,1.0,0.25,0.0,0.0,0.5,0.0,0.44444,1.0,1.0,0.0,1.0,1.0,0.5,0.5,0.5,1.0,1.0,0.5,0.5,0.5,0.0,0.0,1.0,1.0,1.0,0.4574,1.0,1.0,0.2,0.0,1.0,0.0,1.0,0.0,1.0
0.5,0.5,0.5,0.5,0.5,0.5,0.27092,1.0,0.1,0.0,0.5,0.0,0.0,0.48,0.0,0.0,0.89222,0.8,1.0,1.0,1.0,0.5,0.0,0.74552,1.0,0.0,1.0,1.0,1.0,0.0,1.0,1.0,0.5,0.0,1.0,1.0,0.5,0.5,0.5,1.0,1.0,0.5,0.5,0.5,0.0,0.0,1.0,1.0,1.0,0.5,0.5,1.0,0.2,0.0,1.0,1.0,1.0,0.0,0.5
1.0,1.0,1.0,0.0,1.0,1.0,0.09552,0.2,0.43333,0.0,0.5,0.0,0.0,0.48,0.0,0.0,0.99616,1.0,1.0,1.0,1.0,0.8,1.0,0.8658,1.0,0.25,0.49615,0.34268,0.0,0.0,0.89205,1.0,1.0,0.0,1.0,1.0,0.5,0.5,0.5,1.0,1.0,0.5,0.5,0.5,0.0,0.0,1.0,1.0,1.0,0.5,0.5,1.0,0.2,0.0,1.0,1.0,1.0,0.5,1.0
1.0,0.0,1.0,0.0,0.2,0.2,0.05515,0.2,0.56667,0.0,0.5,0.0,0.0,0.4,0.04,0.78418,0.0,1.0,0.9,1.0,1.0,0.9,1.0,0.83914,1.0,0.25,0.30384,0.21306,0.0,0.0,0.91401,1.0,0.5,0.0,1.0,1.0,0.5,0.5,0.5,1.0,1.0,0.5,0.5,0.5,0.0,0.0,1.0,1.0,1.0,0.5,0.5,1.0,0.2,0.0,1.0,1.0,1.0,0.0,1.0
0.0,0.0,0.0,0.0,0.2,0.2,0.0,0.2,0.83333,0.0,0.5,0.0,0.0,0.28,0.08,0.0,0.98477,1.0,1.0,0.9,0.9,0.9,1.0,0.79112,1.0,0.25,0.0,0.0,0.0,0.0,0.79311,0.5,0.5,1.0,1.0,1.0,0.5,0.5,0.5,1.0,1.0,0.5,0.5,0.5,0.0,0.0,1.0,1.0,1.0,0.5,0.5,1.0,0.0,0.0,1.0,1.0,1.0,0.0,1.0
1.0,1.0,1.0,1.0,0.2,0.2,0.0,0.2,0.9,0.0,0.5,0.0,0.0,0.24,0.08,0.99412,0.0,1.0,1.0,0.9,1.0,1.0,1.0,0.79863,1.0,0.25,0.0,0.0,0.0,0.0,0.79259,0.75,1.0,0.0,1.0,1.0,0.5,0.5,0.5,1.0,1.0,0.5,0.5,0.5,0.0,0.0,1.0,1.0,1.0,0.5,0.5,1.0,0.2,0.0,1.0,1.0,1.0,0.0,0.25
0.5,0.5,0.5,0.5,0.5,0.5,0.21731,0.8,0.2,0.0,0.5,0.0,0.0,0.72,0.04,0.33004,0.0,1.0,1.0,1.0,1.0,0.5,1.0,0.84618,1.0,0.0,1.0,0.90093,0.5,0.0,0.91439,1.0,0.5,0.0,1.0,1.0,0.5,0.5,0.5,1.0,1.0,0.5,0.5,0.5,0.0,0.0,1.0,1.0,1.0,0.67506,0.55333,1.0,0.2,0.0,1.0,0.0,1.0,0.5,0.5
0.5,0.5,0.5,0.5,0.5,0.5,0.11274,1.0,0.1,0.0,1.0,0.0,0.0,0.87,0.0,1.0,0.0,1.0,1.0,1.0,1.0,0.5,1.0,0.75337,1.0,0.11111,1.0,1.0,1.0,0.0,0.96429,0.77778,0.5,0.0,1.0,1.0,0.5,0.5,0.5,1.0,1.0,0.5,0.5,0.5,0.0,0.0,1.0,1.0,1.0,0.5,0.5,1.0,0.1,0.0,1.0,1.0,1.0,0.625,0.5
0.5,0.5,0.5,0.5,0.5,0.5,0.09224,0.3,0.33333,0.0,1.0,0.0,0.0,0.59,0.04,0.91714,0.0,1.0,1.0,1.0,1.0,0.5,1.0,0.76386,1.0,0.11111,0.95381,0.80594,0.25,0.0,0.97143,0.88889,0.5,0.0,1.0,1.0,0.5,0.5,0.5,1.0,1.0,0.5,0.5,0.5,0.0,0.0,1.0,1.0,1.0,0.39105,0.35419,1.0,0.1,0.0,1.0,0.0,1.0,0.75,0.5
0.5,0.5,0.5,0.5,0.5,0.5,0.06791,0.1,0.13333,0.0,1.0,0.0,0.0,0.14,0.0,0.96348,0.0,1.0,0.95556,1.0,1.0,0.5,1.0,0.63654,0.90934,0.11111,0.68087,0.56203,0.0,0.0,0.51809,0.88889,0.5,0.0,1.0,1.0,0.5,0.5,0.5,1.0,1.0,0.5,0.5,0.5,0.0,0.0,1.0,1.0,1.0,0.5,0.5,1.0,0.1,0.0,1.0,1.0,1.0,0.5,0.5
1.0,0.0,1.0,0.0,0.1,0.1,0.05219,0.1,0.23333,0.0,1.0,0.0,0.0,0.13,0.0,0.9891,0.0,1.0,0.95556,1.0,1.0,1.0,1.0,0.64096,0.91566,0.11111,0.53204,0.41071,0.0,0.0,0.50348,1.0,0.77778,0.0,1.0,1.0,0.5,0.5,0.5,1.0,1.0,0.5,0.5,0.5,0.0,0.0,1.0,1.0,1.0,0.5,0.5,1.0,0.1,0.0,1.0,1.0,1.0,0.5,1.0
0.0,1.0,1.0,1.0,0.1,0.1,0.05396,0.1,0.3,0.0,1.0,0.0,0.0,0.13,0.0,0.9916,0.0,1.0,0.95556,1.0,1.0,1.0,0.0,0.05348,0.0764,0.0,0.66673,0.50007,0.0,0.0,0.66186,0.88889,0.88889,0.0,1.0,1.0,0.5,0.5,0.5,1.0,1.0,0.5,0.5,0.5,0.0,0.0,1.0,1.0,1.0,0.5,0.5,1.0,0.1,0.0,1.0,1.0,1.0,0.0,1.0
1.0,1.0,1.0,1.0,0.1,0.1,0.05959,0.1,0.43333,0.0,1.0,0.0,0.0,0.11,0.0,0.99156,0.0,1.0,1.0,1.0,1.0,1.0,1.0,0.00725,0.01035,0.11111,1.0,1.0,1.0,1.0,1.0,1.0,0.88889,0.0,1.0,1.0,0.5,0.5,0.5,1.0,1.0,0.5,0.5,0.5,0.0,0.0,1.0,1.0,1.0,0.5,0.5,1.0,0.1,1.0,1.0,1.0,1.0,1.0,1.0
0.5,0.5,0.5,0.5,0.5,0.5,0.13985,1.0,0.2,0.0,1.0,0.0,0.0,0.35,0.04,0.79614,0.0,0.73333,1.0,1.0,1.0,0.5,0.0,0.95311,1.0,0.44444,1.0,1.0,1.0,0.0,0.98336,0.66667,0.5,0.0,1.0,1.0,0.5,0.5,0.5,1.0,1.0,0.5,0.5,0.5,0.0,0.23922,1.0,1.0,1.0,0.5,0.5,1.0,0.1,0.0,1.0,1.0,1.0,0.0,0.5
1.0,1.0,1.0,1.0,1.0,1.0,0.1812,1.0,0.36667,0.0,1.0,0.0,0.0,0.29,0.05,0.99083,0.0,1.0,1.0,0.93333,1.0,0.93333,1.0,0.81762,1.0,0.22222,1.0,1.0,1.0,0.0,1.0,0.77778,0.66667,0.0,1.0,1.0,0.5,0.5,0.5,1.0,1.0,0.5,0.5,0.5,0.0,0.0,1.0,1.0,1.0,1.0,0.41516,1.0,0.1,0.0,1.0,0.0,1.0,0.66667,1.0
1.0,1.0,1.0,1.0,1.0,1.0,0.16803,1.0,0.5,0.0,1.0,0.0,0.0,0.25,0.05,0.0,0.99538,1.0,1.0,0.93333,1.0,1.0,1.0,0.86565,1.0,0.22222,1.0,1.0,1.0,0.0,1.0,0.77778,1.0,0.0,1.0,1.0,0.5,0.5,0.5,1.0,1.0,0.5,0.5,0.5,0.0,0.0,1.0,1.0,1.0,1.0,0.9782,1.0,0.1,0.0,1.0,0.0,1.0,0.66667,1.0
0.5,0.5,0.5,0.5,0.5,0.5,0.01681,0.1,0.6,0.0,1.0,0.0,0.0,0.13,0.04,0.98418,0.0,0.93333,1.0,0.88889,1.0,0.5,1.0,0.76976,1.0,0.22222,0.1847,0.14291,0.0,0.0,0.89976,1.0,0.5,0.0,0.9,0.8895,0.16018,0.5,0.80089,1.0,1.0,0.5,0.5,0.5,0.0,0.0,1.0,1.0,1.0,0.5,0.5,1.0,0.1,0.0,1.0,1.0,1.0,0.0,0.5
0.5,0.5,0.5,0.5,0.5,0.5,0.12027,1.0,0.1,0.0,1.0,0.0,0.0,0.41,0.01,0.35678,0.0,0.75556,0.95556,1.0,1.0,0.5,0.0,0.60582,0.86545,0.11111,1.0,1.0,1.0,0.0,1.0,0.88889,0.5,0.0,1.0,1.0,0.5,0.5,0.5,1.0,1.0,0.5,0.5,0.5,0.0,0.0,1.0,1.0,1.0,1.0,1.0,1.0,0.1,0.0,1.0,0.0,1.0,0.0,0.5
1.0,1.0,1.0,1.0,1.0,1.0,0.11581,0.7,0.26667,0.0,1.0,0.0,0.0,0.29,0.05,0.0,0.92276,1.0,0.88889,1.0,1.0,0.95556,0.0,0.59254,0.84648,0.11111,1.0,1.0,1.0,0.0,0.9951,1.0,0.77778,0.0,0.8,0.91445,1.0,1.0,0.0,1.0,1.0,0.5,0.5,0.5,0.0,0.0,1.0,1.0,1.0,1.0,0.84058,1.0,0.1,0.0,1.0,0.0,1.0,0.0,1.0
0.0,0.0,0.0,0.0,0.6,0.6,0.00932,0.2,0.46667,0.0,1.0,0.0,0.0,0.17,0.1,0.98537,0.0,1.0,1.0,0.95556,1.0,0.95556,1.0,0.84921,1.0,0.44444,0.11992,0.04874,0.16667,0.0,0.89654,0.77778,0.44444,0.0,1.0,1.0,0.5,1.0,0.5,1.0,1.0,0.5,0.5,0.5,0.0,0.0,1.0,1.0,1.0,1.0,0.84058,1.0,0.1,0.0,1.0,0.0,1.0,0.0,1.0
0.0,0.0,0.0,0.0,0.2,0.2,0.00371,0.3,0.6,0.0,1.0,0.0,0.0,0.14,0.09,0.96196,0.0,1.0,1.0,0.93333,0.71111,1.0,1.0,0.78709,1.0,0.44444,0.05402,0.01961,0.33333,0.0,0.89981,0.22222,1.0,0.0,0.9,0.99897,1.0,1.0,1.0,0.85714,1.0,0.5,0.5,0.5,0.0,0.0,1.0,1.0,1.0,1.0,0.84058,1.0,0.1,0.0,1.0,0.0,1.0,0.16667,1.0
0.5,0.5,0.5,0.5,0.5,0.5,0.08673,0.1,0.1,0.0,1.0,0.0,0.0,0.77,0.0,1.0,0.0,1.0,1.0,1.0,1.0,0.5,0.0,0.76159,1.0,0.55556,0.88933,0.75562,0.0,0.0,0.91007,1.0,0.5,0.0,1.0,1.0,0.5,0.5,0.5,1.0,1.0,0.5,0.5,0.5,0.0,0.0,1.0,1.0,1.0,0.5,0.5,1.0,0.1,0.0,1.0,1.0,1.0,0.0,0.5
1.0,1.0,1.0,1.0,0.4,0.9,0.07716,0.2,0.4,0.0,1.0,0.0,0.0,0.39,0.01,0.0,0.99974,1.0,1.0,0.8,1.0,0.26667,0.0,0.71322,1.0,0.11111,0.72905,0.6394,0.0,0.0,0.98581,1.0,0.22222,0.0,1.0,1.0,0.5,0.5,0.5,1.0,1.0,0.5,0.5,0.5,0.0,0.0,1.0,1.0,1.0,1.0,1.0,1.0,0.1,0.0,1.0,0.0,1.0,0.66667,1.0
1.0,1.0,1.0,1.0,0.2,0.1,0.07755,0.2,0.63333,0.0,1.0,0.0,0.0,0.37,0.04,0.0,0.97708,1.0,1.0,0.53333,0.73333,0.73333,1.0,0.70962,1.0,0.11111,0.74102,0.65894,0.0,0.0,0.99915,1.0,1.0,0.0,1.0,1.0,0.5,0.5,0.5,1.0,1.0,0.5,0.5,0.5,0.0,0.0,1.0,1.0,1.0,0.33517,0.3753,1.0,0.1,0.0,1.0,0.0,1.0,0.66667,1.0
1.0,1.0,1.0,0.0,0.2,0.2,0.07265,0.2,0.7,0.0,1.0,0.0,0.0,0.36,0.04,0.0,0.9909,1.0,1.0,0.53333,1.0,1.0,1.0,0.71088,1.0,0.11111,0.69254,0.59945,0.0,0.0,1.0,1.0,1.0,0.0,1.0,1.0,0.5,0.5,0.5,1.0,1.0,0.5,0.5,0.5,0.0,0.0,1.0,1.0,1.0,0.33517,0.3753,1.0,0.1,0.0,1.0,0.0,1.0,1.0,1.0
1.0,0.0,1.0,0.0,0.2,0.1,0.06271,0.1,0.8,0.0,1.0,0.0,0.0,0.36,0.04,0.0,0.98826,1.0,1.0,0.53333,0.73333,1.0,1.0,0.71221,1.0,0.11111,0.59694,0.5014,0.0,0.0,1.0,0.77778,0.77778,0.0,1.0,1.0,0.5,0.5,0.5,1.0,1.0,0.5,0.5,0.5,0.0,0.0,1.0,1.0,1.0,0.49202,0.49366,1.0,0.1,0.0,1.0,0.0,1.0,0.66667,1.0
0.5,0.5,0.5,0.5,0.5,0.5,0.0957,0.3,0.1,0.0,1.0,0.0,0.0,0.43,0.0,0.96433,0.0,0.84444,0.82222,1.0,1.0,0.5,0.0,0.61478,0.87826,0.11111,1.0,1.0,1.0,0.0,1.0,0.77778,0.5,0.0,1.0,1.0,0.5,0.5,0.5,1.0,1.0,0.5,0.5,0.5,0.0,0.0,1.0,1.0,1.0,0.5,0.5,1.0,0.1,0.0,1.0,1.0,1.0,0.5,0.5
1.0,1.0,1.0,0.0,0.7,0.3,0.09241,0.3,0.16667,0.0,1.0,0.0,0.0,0.4,0.0,0.88194,0.0,1.0,1.0,1.0,1.0,0.84444,1.0,0.6819,0.97414,0.11111,0.97578,0.85387,0.66667,1.0,0.95791,1.0,0.88889,0.0,1.0,1.0,0.5,0.5,0.5,1.0,1.0,0.5,0.5,0.5,0.0,0.0,1.0,1.0,1.0,0.5,0.5,1.0,0.1,0.0,1.0,1.0,1.0,1.0,1.0
0.5,0.5,0.5,0.5,0.5,0.5,0.03031,0.1,0.56667,0.0,1.0,0.0,0.0,0.27,0.01,0.41671,0.0,0.82222,0.86667,1.0,1.0,0.5,0.0,0.80684,1.0,0.33333,0.36466,0.25762,0.0,0.0,0.96634,0.66667,0.5,0.0,0.9,0.84315,0.0,0.5,0.56418,1.0,1.0,0.5,0.5,0.5,0.0,0.0,1.0,1.0,1.0,0.5,0.5,1.0,0.1,0.0,1.0,1.0,1.0,0.2,0.5
0.5,0.5,0.5,0.5,0.5,0.5,0.07637,0.1,0.16667,0.0,1.0,0.0,0.0,0.88,0.0,1.0,0.0,1.0,1.0,1.0,1.0,0.5,0.0,0.32653,0.46647,0.0,0.76375,0.64531,0.0,0.0,0.96871,0.88889,0.5,0.0,1.0,1.0,0.5,0.5,0.5,1.0,1.0,0.5,0.5,0.5,0.0,0.0,1.0,1.0,1.0,0.5,0.5,1.0,0.1,0.0,1.0,1.0,1.0,0.22222,0.5
0.5,0.5,0.5,0.5,0.5,0.5,0.12207,1.0,0.1,0.0,1.0,0.0,0.0,0.26,0.03,0.4059,0.0,0.68889,0.75556,0.82222,1.0,0.5,1.0,0.73236,1.0,0.11111,1.0,1.0,1.0,0.0,0.75,0.88889,0.5,0.0,1.0,1.0,0.5,0.5,0.5,1.0,1.0,0.5,0.5,0.5,0.0,0.0,1.0,1.0,1.0,1.0,1.0,1.0,0.1,0.0,1.0,0.0,1.0,0.0,0.5
0.0,0.5,1.0,0.5,0.7,0.5,0.12982,0.7,0.13333,0.0,1.0,0.0,1.0,0.2,0.06,0.74564,0.0,0.84444,1.0,0.77778,1.0,0.84444,1.0,0.90525,1.0,0.11111,1.0,0.95539,0.5,0.0,0.8,1.0,0.66667,0.0,1.0,1.0,0.5,0.5,0.5,1.0,1.0,0.5,0.5,0.5,0.0,0.0,1.0,1.0,1.0,1.0,1.0,1.0,0.1,0.0,1.0,0.0,1.0,0.0,1.0
0.0,0.0,1.0,1.0,0.8,0.9,0.1548,0.9,0.2,0.0,1.0,0.0,0.0,0.14,0.12,0.0,0.97471,0.71111,0.86667,0.77778,0.64444,0.82222,1.0,0.77968,1.0,0.33333,1.0,0.80095,0.5,0.0,1.0,0.88889,0.77778,0.0,1.0,1.0,0.5,0.5,0.5,1.0,1.0,0.5,0.5,0.5,0.0,1.0,1.0,1.0,1.0,1.0,1.0,1.0,0.1,0.0,1.0,0.0,1.0,0.0,1.0
1.0,0.5,1.0,0.5,1.0,0.5,0.17668,1.0,0.23333,0.0,1.0,0.0,1.0,0.12,0.15,0.0,0.91055,0.66667,1.0,0.75556,1.0,0.66667,1.0,0.80817,1.0,0.11111,1.0,1.0,1.0,0.0,0.66667,1.0,0.77778,0.0,1.0,1.0,0.5,0.5,0.5,1.0,1.0,0.5,0.5,0.5,0.0,0.0,1.0,1.0,1.0,1.0,1.0,1.0,0.1,0.0,1.0,0.0,1.0,0.0,1.0
1.0,0.5,1.0,0.5,1.0,0.5,0.19349,1.0,0.26667,0.0,1.0,0.0,1.0,0.12,0.16,0.0,0.94276,0.93333,0.93333,0.77778,1.0,0.93333,1.0,0.82529,1.0,0.11111,1.0,1.0,1.0,0.0,0.66667,1.0,1.0,0.0,0.9,0.99923,1.0,1.0,1.0,1.0,1.0,0.5,0.5,0.5,0.0,0.0,1.0,1.0,1.0,1.0,1.0,1.0,0.1,0.0,1.0,0.0,1.0,0.0,1.0
1.0,0.0,1.0,1.0,1.0,0.8,0.1635,0.7,0.4,0.0,1.0,0.0,0.0,0.14,0.12,0.94688,0.0,0.8,0.73333,0.8,0.93333,0.77778,1.0,0.97067,1.0,0.11111,0.67692,0.53842,0.0,0.0,0.58213,0.88889,1.0,0.0,1.0,1.0,0.5,1.0,0.5,1.0,1.0,0.5,0.5,0.5,0.0,0.0,1.0,1.0,1.0,1.0,1.0,1.0,0.1,0.0,1.0,0.0,1.0,0.5,1.0
1.0,1.0,1.0,1.0,0.8,0.8,0.30589,1.0,0.66667,0.0,1.0,0.0,0.0,0.06,0.12,0.99634,0.0,1.0,1.0,0.88889,0.73333,0.73333,1.0,0.72937,1.0,0.0,1.0,1.0,1.0,0.0,1.0,1.0,0.88889,0.0,1.0,1.0,0.5,1.0,0.5,1.0,1.0,0.5,0.5,0.5,0.0,0.0,1.0,1.0,1.0,1.0,0.0502,1.0,0.1,0.0,1.0,0.0,1.0,1.0,1.0
1.0,1.0,1.0,1.0,1.0,1.0,0.39735,1.0,0.73333,0.0,1.0,0.0,0.0,0.06,0.12,0.0,0.99015,1.0,1.0,0.68889,1.0,1.0,1.0,0.80519,1.0,0.0,1.0,1.0,1.0,0.0,1.0,1.0,1.0,0.0,1.0,1.0,0.5,1.0,0.5,1.0,1.0,0.5,0.5,0.5,0.0,0.0,1.0,1.0,1.0,1.0,0.0502,1.0,0.1,0.0,1.0,0.0,1.0,1.0,1.0
0.0,0.0,1.0,0.0,1.0,1.0,0.38821,1.0,0.8,0.0,1.0,0.0,0.0,0.06,0.04,0.91452,0.0,0.62222,1.0,0.75556,0.97778,0.62222,1.0,0.86051,1.0,0.0,1.0,1.0,1.0,0.0,1.0,1.0,1.0,0.0,1.0,1.0,0.5,1.0,0.5,1.0,1.0,0.5,0.5,0.5,0.0,0.0,1.0,1.0,1.0,1.0,0.0502,1.0,0.1,0.0,1.0,0.0,1.0,1.0,1.0
0.0,0.0,1.0,1.0,1.0,1.0,0.42299,1.0,0.9,0.0,1.0,0.0,0.0,0.06,0.04,0.97329,0.0,1.0,1.0,0.66667,0.77778,0.84444,1.0,0.93158,1.0,0.0,1.0,1.0,1.0,0.0,1.0,1.0,1.0,0.0,1.0,1.0,0.5,1.0,0.5,1.0,1.0,0.5,0.5,0.5,0.0,0.0,1.0,1.0,1.0,1.0,0.0502,1.0,0.1,0.0,1.0,0.0,1.0,1.0,1.0
0.5,0.5,0.5,0.5,0.5,0.5,0.0551,0.1,0.5,0.0,1.0,0.0,0.0,0.27,0.02,0.99708,0.0,0.86667,0.91111,0.86667,0.86667,0.5,1.0,0.89866,1.0,0.22222,0.63141,0.48869,0.0,0.0,0.96131,0.66667,0.5,0.0,1.0,1.0,0.5,0.5,0.5,1.0,1.0,0.5,0.5,0.5,0.0,0.0,1.0,1.0,1.0,0.0,0.1425,1.0,0.1,0.0,1.0,1.0,1.0,0.33333,0.5
0.5,0.5,0.5,0.5,0.5,0.5,0.09643,0.6,0.63333,0.0,1.0,0.0,0.0,0.27,0.04,0.89913,0.0,1.0,1.0,1.0,1.0,0.5,0.0,0.65736,0.93909,0.11111,1.0,0.88049,0.66667,0.0,0.75,0.77778,0.5,0.0,1.0,1.0,0.5,0.5,0.5,1.0,1.0,0.5,0.5,0.5,0.0,0.0,1.0,1.0,1.0,0.5,0.5,1.0,0.1,0.0,1.0,1.0,1.0,0.66667,0.5
1.0,1.0,1.0,1.0,0.6,0.6,0.10334,0.6,0.7,0.0,1.0,0.0,0.0,0.24,0.06,0.0,0.92883,1.0,0.97778,1.0,1.0,0.93333,1.0,0.6637,0.94814,0.11111,1.0,0.98507,0.66667,0.0,0.75,0.77778,0.77778,0.0,1.0,1.0,0.5,0.5,0.5,1.0,1.0,0.5,0.5,0.5,0.0,0.0,1.0,1.0,1.0,0.5,0.5,1.0,0.1,0.0,1.0,1.0,1.0,0.66667,1.0
1.0,1.0,1.0,1.0,0.7,0.6,0.09123,0.5,0.8,0.0,1.0,0.0,0.0,0.24,0.08,0.0,0.99898,1.0,1.0,0.91111,1.0,0.97778,1.0,0.68666,0.98094,0.11111,0.9706,0.71122,0.33333,0.0,0.75,0.77778,1.0,0.0,1.0,1.0,0.5,0.5,0.5,1.0,1.0,0.5,0.5,0.5,0.0,0.0,1.0,1.0,1.0,0.32001,0.29422,1.0,0.1,0.0,1.0,0.0,1.0,0.33333,1.0
1.0,1.0,1.0,1.0,0.5,0.5,0.09523,0.5,0.96667,0.0,1.0,0.0,0.0,0.18,0.09,0.99934,0.0,0.8,0.8,0.71111,1.0,0.8,1.0,0.89519,1.0,0.11111,0.76781,0.42365,0.25,0.0,0.98846,1.0,0.44444,0.0,1.0,1.0,0.5,0.5,0.5,1.0,1.0,0.5,0.5,0.5,0.0,0.0,1.0,1.0,1.0,0.32001,0.29422,1.0,0.1,0.0,1.0,0.0,1.0,0.25,1.0
0.0,0.0,0.0,0.0,0.5,0.5,0.07594,0.5,0.0,0.9375,1.0,0.0,0.0,0.2,0.1,0.9936,0.0,1.0,1.0,0.73333,1.0,1.0,1.0,0.94899,1.0,0.11111,0.57323,0.33067,0.25,0.0,0.98905,1.0,1.0,0.0,1.0,1.0,0.5,0.5,0.5,1.0,1.0,0.5,0.5,0.5,0.0,0.0,1.0,1.0,1.0,0.32001,0.29422,1.0,0.1,0.0,1.0,0.0,1.0,0.25,1.0
1.0,1.0,1.0,0.0,0.5,0.5,0.07352,0.5,0.0,0.88235,1.0,0.0,0.0,0.2,0.07,0.97891,0.0,1.0,1.0,0.73333,1.0,1.0,1.0,0.94345,1.0,0.11111,0.52133,0.28424,0.25,0.0,0.98849,0.88889,1.0,0.0,1.0,1.0,0.5,0.5,0.5,1.0,1.0,0.5,0.5,0.5,0.0,0.0,1.0,1.0,1.0,0.94176,0.23713,1.0,0.1,0.0,1.0,0.0,1.0,0.5,1.0
0.0,0.0,0.0,0.0,0.5,0.5,0.06479,0.5,0.0,0.83333,1.0,0.0,0.0,0.19,0.05,0.9712,0.0,1.0,1.0,0.73333,1.0,1.0,0.0,0.93537,1.0,0.11111,0.43237,0.24652,0.25,0.0,0.98829,0.88889,1.0,0.0,1.0,1.0,0.5,0.5,0.5,1.0,1.0,0.5,0.5,0.5,0.0,0.0,1.0,1.0,1.0,1.0,0.3641,1.0,0.1,0.0,1.0,0.0,1.0,0.0,1.0
0.5,0.5,0.5,0.5,0.5,0.5,0.0176,0.2,0.5,0.0,0.0,0.66667,0.0,0.12444,0.02222,0.90116,0.0,0.79048,1.0,0.86667,1.0,0.5,0.0,0.63072,0.90102,0.14286,0.28262,0.2182,0.0,0.0,0.97815,1.0,0.5,0.0,0.86667,0.80958,0.25291,0.5,0.0,1.0,1.0,0.5,0.5,0.5,0.0,1.0,1.0,1.0,1.0,0.5,0.5,1.0,0.06667,0.0,1.0,1.0,1.0,1.0,0.5
0.5,0.5,0.5,0.5,0.5,0.5,0.03964,0.06667,0.53333,0.0,0.0,0.66667,0.0,0.56444,0.0,0.9662,0.0,1.0,1.0,1.0,1.0,0.5,0.0,0.73189,1.0,0.0,0.59372,0.51719,0.0,0.0,0.99423,1.0,0.5,0.0,1.0,1.0,0.5,0.5,0.5,1.0,1.0,0.5,0.5,0.5,0.0,0.0,1.0,1.0,1.0,0.5,0.5,1.0,0.06667,0.0,1.0,1.0,1.0,1.0,0.5
1.0,1.0,1.0,1.0,0.06667,0.06667,0.04467,0.06667,0.6,0.0,0.0,0.66667,0.0,0.55111,0.00444,0.38492,0.0,1.0,1.0,1.0,1.0,1.0,1.0,0.96621,1.0,0.07143,0.67728,0.60207,0.0,0.0,0.99481,0.85714,0.92857,0.0,1.0,1.0,0.5,0.5,0.5,1.0,1.0,0.5,0.5,0.5,0.0,0.0,1.0,1.0,1.0,0.45831,0.5958,1.0,0.06667,0.0,1.0,0.0,1.0,0.0,1.0
0.5,0.5,0.5,0.5,0.5,0.5,0.05781,0.06667,0.2,0.0,0.0,0.66667,0.0,0.80444,0.00444,0.36677,0.0,0.58095,0.58095,0.58095,1.0,0.5,0.0,0.63768,0.91098,0.07143,0.87647,0.80516,0.0,0.0,0.98813,1.0,0.5,0.0,1.0,1.0,0.5,0.5,0.5,1.0,1.0,0.5,0.5,0.5,0.0,0.0,1.0,1.0,1.0,0.5,0.5,1.0,0.06667,0.0,1.0,1.0,1.0,0.75,0.5
1.0,0.5,1.0,0.5,0.26667,0.5,0.06427,0.26667,0.23333,0.0,0.0,0.66667,1.0,0.72889,0.00444,0.56513,0.0,1.0,1.0,0.58095,1.0,1.0,0.0,0.62846,0.89781,0.07143,1.0,0.98462,0.75,0.0,0.99737,1.0,0.85714,0.0,1.0,1.0,0.5,0.5,0.5,1.0,1.0,0.5,0.5,0.5,0.0,0.0,1.0,1.0,1.0,0.5,0.5,1.0,0.06667,0.0,1.0,1.0,1.0,0.0,1.0
0.5,0.5,0.5,0.5,0.5,0.5,0.03619,0.06667,0.16667,0.0,0.0,0.66667,0.0,0.08,0.0,0.0,0.99861,0.98095,0.98095,1.0,1.0,0.5,0.0,0.57558,0.82225,0.07143,0.56777,0.44499,0.0,0.0,0.44444,1.0,0.5,0.0,1.0,1.0,0.5,0.5,0.5,1.0,1.0,0.5,0.5,0.5,0.0,0.0,1.0,1.0,1.0,0.5,0.5,1.0,0.06667,0.0,1.0,1.0,1.0,0.5,0.5
0.5,0.5,0.5,0.5,0.5,0.5,0.05757,0.4,0.46667,0.0,0.0,0.66667,0.0,0.16,0.14222,0.0,0.9721,0.8381,1.0,0.82857,1.0,0.5,1.0,0.83187,1.0,0.07143,0.73275,0.37998,0.16667,0.0,0.80238,1.0,0.5,0.0,1.0,1.0,0.5,0.5,0.5,1.0,1.0,0.5,0.5,0.5,0.0,0.0,1.0,1.0,1.0,0.08624,0.15786,1.0,0.06667,0.0,1.0,0.0,1.0,0.5,0.5
1.0,1.0,1.0,1.0,0.53333,0.53333,0.07619,0.6,0.6,0.0,0.0,0.66667,0.0,0.14222,0.14667,0.0,0.9704,1.0,1.0,0.79048,0.93333,1.0,1.0,0.86318,1.0,0.14286,0.78725,0.48479,0.4,0.0,0.8119,0.85714,0.92857,0.0,1.0,1.0,0.5,1.0,0.5,1.0,1.0,0.5,0.5,0.5,0.0,0.0,1.0,1.0,1.0,0.08624,0.15786,1.0,0.06667,0.0,1.0,0.0,1.0,0.4,1.0
0.5,0.5,0.5,0.5,0.5,0.5,0.01836,0.06667,0.6,0.0,0.0,0.66667,0.0,0.08889,0.00444,0.78655,0.0,0.98095,0.95238,1.0,1.0,0.5,1.0,0.71031,1.0,0.21429,0.29396,0.21997,0.0,0.0,0.91499,0.71429,0.5,0.0,1.0,1.0,0.5,0.5,0.5,1.0,1.0,0.5,0.5,0.5,0.0,0.0,1.0,1.0,1.0,0.5,0.5,1.0,0.06667,0.0,1.0,1.0,1.0,0.0,0.5
0.0,0.0,0.0,0.0,0.06667,0.06667,0.01573,0.06667,0.66667,0.0,0.0,0.66667,0.0,0.08,0.00444,0.94174,0.0,1.0,0.98095,1.0,1.0,0.97143,0.0,0.59004,0.84292,0.07143,0.26512,0.19056,0.0,0.0,0.94201,1.0,0.71429,0.0,1.0,1.0,0.5,0.5,0.5,1.0,1.0,0.5,0.5,0.5,0.0,0.0,1.0,1.0,1.0,0.5,0.5,1.0,0.06667,0.0,1.0,1.0,1.0,0.0,1.0
0.5,0.5,0.5,0.5,0.5,0.5,0.05676,0.06667,0.26667,0.0,0.0,0.66667,0.0,0.19111,0.0,0.96149,0.0,1.0,1.0,1.0,1.0,0.5,0.0,0.60131,0.85901,0.07143,0.84999,0.69027,0.0,0.0,0.87486,1.0,0.5,0.0,1.0,1.0,0.5,0.5,0.5,1.0,1.0,0.5,0.5,0.5,0.0,0.0,1.0,1.0,1.0,0.5,0.5,1.0,0.06667,0.0,1.0,1.0,1.0,0.33333,0.5
1.0,1.0,1.0,1.0,0.2,0.13333,0.05807,0.13333,0.33333,0.0,0.0,0.66667,0.0,0.18222,0.0,0.99437,0.0,1.0,1.0,1.0,1.0,1.0,1.0,0.66612,0.9516,0.14286,0.86471,0.73472,0.0,0.0,0.91714,1.0,0.92857,0.0,1.0,1.0,0.5,0.5,0.5,1.0,1.0,0.5,0.5,0.5,0.0,0.0,1.0,1.0,1.0,0.5,0.5,1.0,0.06667,0.0,1.0,1.0,1.0,0.75,1.0
1.0,0.5,1.0,0.5,0.73333,0.5,0.07214,0.73333,0.36667,0.0,0.0,0.66667,1.0,0.18222,0.0,0.98954,0.0,0.9619,1.0,1.0,1.0,0.9619,0.0,0.56636,0.80908,0.07143,1.0,0.98558,0.5,1.0,0.95888,1.0,0.71429,0.0,1.0,1.0,0.5,0.5,0.5,1.0,1.0,0.5,0.5,0.5,0.0,0.0,1.0,1.0,1.0,0.5,0.5,1.0,0.06667,0.0,1.0,1.0,1.0,0.0,1.0
1.0,0.0,1.0,0.0,1.0,0.73333,0.06788,0.73333,0.43333,0.0,0.0,0.66667,0.0,0.20444,0.0,0.97965,0.0,0.88571,0.97143,1.0,1.0,0.90476,1.0,0.59907,0.85581,0.07143,1.0,0.97585,0.66667,1.0,0.98397,0.92857,0.92857,0.0,1.0,1.0,0.5,0.5,0.5,1.0,1.0,0.5,0.5,0.5,0.0,0.0,1.0,1.0,1.0,0.5,0.5,1.0,0.06667,0.0,1.0,1.0,1.0,0.66667,1.0
0.0,1.0,0.0,0.0,0.53333,0.66667,0.05398,0.2,0.83333,0.0,0.0,0.66667,0.0,0.2,0.01778,0.99264,0.0,1.0,1.0,1.0,1.0,0.92381,1.0,0.59561,0.85087,0.07143,0.97621,0.77676,0.5,0.0,0.92264,1.0,0.92857,0.0,1.0,1.0,0.5,0.5,0.5,1.0,1.0,0.5,0.5,0.5,0.0,0.0,1.0,1.0,1.0,1.0,1.0,1.0,0.06667,0.0,1.0,0.0,1.0,0.75,1.0
0.5,0.5,0.5,0.5,0.5,0.5,0.06789,0.66667,0.1,0.0,0.0,0.66667,0.0,0.78667,0.0,0.0,1.0,1.0,1.0,1.0,1.0,0.5,0.0,0.32653,0.46647,0.0,1.0,0.91798,0.64286,0.0,0.9507,1.0,0.5,0.0,1.0,1.0,0.5,0.5,0.5,1.0,1.0,0.5,0.5,0.5,0.0,0.0,1.0,1.0,1.0,0.5,0.5,1.0,0.06667,0.0,1.0,1.0,1.0,0.42857,0.5
0.5,0.5,0.5,0.5,0.5,0.5,0.05845,0.13333,0.13333,0.0,0.0,0.66667,0.0,0.63111,0.0,0.91525,0.0,1.0,1.0,1.0,1.0,0.5,0.0,0.66437,0.9491,0.07143,0.94109,0.86165,0.2,1.0,0.95086,0.92857,0.5,0.0,1.0,1.0,0.5,0.5,0.5,1.0,1.0,0.5,0.5,0.5,0.0,0.0,1.0,1.0,1.0,0.5,0.5,1.0,0.06667,0.0,1.0,1.0,1.0,0.8,0.5
1.0,1.0,1.0,1.0,0.8,0.86667,0.04804,0.13333,0.66667,0.0,0.0,0.66667,0.0,0.30222,0.0,0.97167,0.0,1.0,1.0,1.0,1.0,0.7619,0.0,0.15532,0.22188,0.0,0.87065,0.7306,0.25,0.0,0.99255,1.0,0.92857,0.0,1.0,1.0,0.5,0.5,0.5,1.0,1.0,0.5,0.5,0.5,0.0,0.0,1.0,1.0,1.0,0.5,0.5,1.0,0.06667,0.0,1.0,1.0,1.0,1.0,1.0
1.0,1.0,1.0,1.0,0.33333,0.13333,0.04946,0.13333,0.73333,0.0,0.0,0.66667,0.0,0.29333,0.0,0.98398,0.0,1.0,1.0,1.0,1.0,1.0,0.0,0.15155,0.2165,0.0,0.90746,0.6624,0.25,0.0,0.99474,1.0,1.0,0.0,1.0,1.0,0.5,0.5,0.5,1.0,1.0,0.5,0.5,0.5,0.0,0.0,1.0,1.0,1.0,0.5,0.5,1.0,0.06667,0.0,1.0,1.0,1.0,1.0,1.0
0.5,0.5,0.5,0.5,0.5,0.5,0.05984,0.06667,0.13333,0.0,0.0,0.66667,0.0,0.06667,0.0,0.97887,0.0,1.0,0.99048,1.0,1.0,0.5,0.0,0.00731,0.01044,0.0,1.0,1.0,1.0,0.0,1.0,1.0,0.5,0.0,1.0,1.0,0.5,0.5,0.5,1.0,1.0,0.5,0.5,0.5,0.0,0.0,1.0,1.0,1.0,0.5,0.5,1.0,0.06667,1.0,1.0,1.0,1.0,1.0,0.5
0.0,0.5,0.0,0.5,0.06667,0.5,0.05984,0.06667,0.16667,0.0,0.0,0.66667,1.0,0.06667,0.0,0.9828,0.0,1.0,1.0,1.0,1.0,1.0,0.0,0.00731,0.01044,0.0,1.0,1.0,1.0,0.0,1.0,1.0,1.0,0.0,1.0,1.0,0.5,0.5,0.5,1.0,1.0,0.5,0.5,0.5,0.0,0.0,1.0,1.0,1.0,0.5,0.5,1.0,0.06667,1.0,1.0,1.0,1.0,1.0,1.0
0.0,0.5,0.0,0.5,0.06667,0.5,0.05984,0.06667,0.2,0.0,0.0,0.66667,1.0,0.06667,0.0,0.98622,0.0,1.0,1.0,1.0,1.0,1.0,0.0,0.00731,0.01044,0.0,1.0,1.0,1.0,0.0,1.0,1.0,1.0,0.0,1.0,1.0,0.5,0.5,0.5,1.0,1.0,0.5,0.5,0.5,0.0,0.0,1.0,1.0,1.0,0.5,0.5,1.0,0.06667,1.0,1.0,1.0,1.0,1.0,1.0
0.0,0.5,0.0,0.5,0.06667,0.5,0.05984,0.06667,0.23333,0.0,0.0,0.66667,1.0,0.06667,0.0,0.98912,0.0,1.0,1.0,1.0,1.0,1.0,0.0,0.00731,0.01044,0.0,1.0,1.0,1.0,0.0,1.0,1.0,1.0,0.0,1.0,1.0,0.5,0.5,0.5,1.0,1.0,0.5,0.5,0.5,0.0,0.0,1.0,1.0,1.0,0.5,0.5,1.0,0.06667,1.0,1.0,1.0,1.0,1.0,1.0
0.0,0.5,0.0,0.5,0.06667,0.5,0.05984,0.06667,0.26667,0.0,0.0,0.66667,1.0,0.06667,0.0,0.9936,0.0,1.0,1.0,1.0,1.0,1.0,0.0,0.00731,0.01044,0.0,1.0,1.0,1.0,0.0,1.0,1.0,1.0,0.0,1.0,1.0,0.5,0.5,0.5,1.0,1.0,0.5,0.5,0.5,0.0,0.0,1.0,1.0,1.0,0.5,0.5,1.0,0.06667,1.0,1.0,1.0,1.0,1.0,1.0
0.0,0.5,0.0,0.5,0.06667,0.5,0.05984,0.06667,0.3,0.0,0.0,0.66667,1.0,0.06667,0.0,0.99577,0.0,1.0,1.0,1.0,1.0,1.0,0.0,0.00731,0.01044,0.0,1.0,1.0,1.0,0.0,1.0,1.0,1.0,0.0,1.0,1.0,0.5,0.5,0.5,1.0,1.0,0.5,0.5,0.5,0.0,0.0,1.0,1.0,1.0,0.5,0.5,1.0,0.06667,1.0,1.0,1.0,1.0,1.0,1.0
0.0,0.5,0.0,0.5,0.06667,0.5,0.05984,0.06667,0.33333,0.0,0.0,0.66667,1.0,0.06667,0.0,0.99708,0.0,1.0,1.0,1.0,1.0,1.0,0.0,0.00731,0.01044,0.0,1.0,1.0,1.0,0.0,1.0,1.0,1.0,0.0,1.0,1.0,0.5,0.5,0.5,1.0,1.0,0.5,0.5,0.5,0.0,0.0,1.0,1.0,1.0,0.5,0.5,1.0,0.06667,1.0,1.0,1.0,1.0,1.0,1.0
0.0,0.5,0.0,0.5,0.06667,0.5,0.05984,0.06667,0.36667,0.0,0.0,0.66667,1.0,0.06667,0.0,0.9979,0.0,1.0,1.0,1.0,1.0,1.0,0.0,0.00731,0.01044,0.0,1.0,1.0,1.0,0.0,1.0,1.0,1.0,0.0,1.0,1.0,0.5,0.5,0.5,1.0,1.0,0.5,0.5,0.5,0.0,0.0,1.0,1.0,1.0,0.5,0.5,1.0,0.06667,1.0,1.0,1.0,1.0,1.0,1.0
0.0,0.5,0.0,0.5,0.06667,0.5,0.05984,0.06667,0.4,0.0,0.0,0.66667,1.0,0.06667,0.0,0.99845,0.0,1.0,1.0,1.0,1.0,1.0,0.0,0.00731,0.01044,0.0,1.0,1.0,1.0,0.0,1.0,1.0,1.0,0.0,1.0,1.0,0.5,0.5,0.5,1.0,1.0,0.5,0.5,0.5,0.0,0.0,1.0,1.0,1.0,0.5,0.5,1.0,0.06667,1.0,1.0,1.0,1.0,1.0,1.0
0.0,0.5,0.0,0.5,0.06667,0.5,0.05984,0.06667,0.43333,0.0,0.0,0.66667,1.0,0.06667,0.0,0.99883,0.0,1.0,1.0,1.0,1.0,1.0,0.0,0.00731,0.01044,0.0,1.0,1.0,1.0,0.0,1.0,1.0,1.0,0.0,1.0,1.0,0.5,0.5,0.5,1.0,1.0,0.5,0.5,0.5,0.0,0.0,1.0,1.0,1.0,0.5,0.5,1.0,0.06667,1.0,1.0,1.0,1.0,1.0,1.0
0.0,0.5,0.0,0.5,0.06667,0.5,0.05984,0.06667,0.46667,0.0,0.0,0.66667,1.0,0.06667,0.0,0.9991,0.0,1.0,1.0,1.0,1.0,1.0,0.0,0.00731,0.01044,0.0,1.0,1.0,1.0,0.0,1.0,1.0,1.0,0.0,1.0,1.0,0.5,0.5,0.5,1.0,1.0,0.5,0.5,0.5,0.0,0.0,1.0,1.0,1.0,0.5,0.5,1.0,0.06667,1.0,1.0,1.0,1.0,1.0,1.0
0.0,0.5,0.0,0.5,0.06667,0.5,0.05984,0.06667,0.5,0.0,0.0,0.66667,1.0,0.06667,0.0,0.9993,0.0,1.0,1.0,1.0,1.0,1.0,0.0,0.00731,0.01044,0.0,1.0,1.0,1.0,0.0,1.0,1.0,1.0,0.0,1.0,1.0,0.5,0.5,0.5,1.0,1.0,0.5,0.5,0.5,0.0,0.0,1.0,1.0,1.0,0.5,0.5,1.0,0.06667,1.0,1.0,1.0,1.0,1.0,1.0
0.0,0.5,0.0,0.5,0.06667,0.5,0.05984,0.06667,0.53333,0.0,0.0,0.66667,1.0,0.06667,0.0,0.99945,0.0,1.0,1.0,1.0,1.0,1.0,0.0,0.00731,0.01044,0.0,1.0,1.0,1.0,0.0,1.0,1.0,1.0,0.0,1.0,1.0,0.5,0.5,0.5,1.0,1.0,0.5,0.5,0.5,0.0,0.0,1.0,1.0,1.0,0.5,0.5,1.0,0.06667,1.0,1.0,1.0,1.0,1.0,1.0
0.0,0.5,0.0,0.5,0.06667,0.5,0.05984,0.06667,0.56667,0.0,0.0,0.66667,1.0,0.06667,0.0,0.99957,0.0,1.0,1.0,1.0,1.0,1.0,0.0,0.00731,0.01044,0.0,1.0,1.0,1.0,0.0,1.0,1.0,1.0,0.0,1.0,1.0,0.5,0.5,0.5,1.0,1.0,0.5,0.5,0.5,0.0,0.0,1.0,1.0,1.0,0.5,0.5,1.0,0.06667,1.0,1.0,1.0,1.0,1.0,1.0
0.0,0.5,0.0,0.5,0.06667,0.5,0.05984,0.06667,0.6,0.0,0.0,0.66667,1.0,0.06667,0.0,0.99966,0.0,1.0,1.0,1.0,1.0,1.0,0.0,0.00731,0.01044,0.0,1.0,1.0,1.0,0.0,1.0,1.0,1.0,0.0,1.0,1.0,0.5,0.5,0.5,1.0,1.0,0.5,0.5,0.5,0.0,0.0,1.0,1.0,1.0,0.5,0.5,1.0,0.06667,1.0,1.0,1.0,1.0,1.0,1.0
0.0,0.0,0.0,0.0,0.06667,0.06667,0.05984,0.06667,0.83333,0.0,0.0,0.66667,0.0,0.06667,0.0,0.99993,0.0,1.0,1.0,1.0,1.0,1.0,0.0,0.00731,0.01044,0.0,1.0,1.0,1.0,0.0,1.0,1.0,1.0,0.0,1.0,1.0,0.5,0.5,0.5,1.0,1.0,0.5,0.5,0.5,0.0,0.0,1.0,1.0,1.0,0.5,0.5,1.0,0.06667,1.0,1.0,1.0,1.0,1.0,1.0
0.0,0.5,0.0,0.5,0.06667,0.5,0.05984,0.06667,0.86667,0.0,0.0,0.66667,1.0,0.06667,0.0,0.99994,0.0,1.0,1.0,1.0,1.0,1.0,0.0,0.00731,0.01044,0.0,1.0,1.0,1.0,0.0,1.0,1.0,1.0,0.0,1.0,1.0,0.5,0.5,0.5,1.0,1.0,0.5,0.5,0.5,0.0,0.0,1.0,1.0,1.0,0.5,0.5,1.0,0.06667,1.0,1.0,1.0,1.0,1.0,1.0
0.0,0.5,0.0,0.5,0.06667,0.5,0.05984,0.06667,0.9,0.0,0.0,0.66667,1.0,0.06667,0.0,0.99995,0.0,1.0,1.0,1.0,1.0,1.0,0.0,0.00731,0.01044,0.0,1.0,1.0,1.0,0.0,1.0,1.0,1.0,0.0,1.0,1.0,0.5,0.5,0.5,1.0,1.0,0.5,0.5,0.5,0.0,0.0,1.0,1.0,1.0,0.5,0.5,1.0,0.06667,1.0,1.0,1.0,1.0,1.0,1.0
0.0,0.5,0.0,0.5,0.06667,0.5,0.05984,0.06667,0.93333,0.0,0.0,0.66667,1.0,0.06667,0.0,0.99996,0.0,1.0,1.0,1.0,1.0,1.0,0.0,0.00731,0.01044,0.0,1.0,1.0,1.0,0.0,1.0,1.0,1.0,0.0,1.0,1.0,0.5,0.5,0.5,1.0,1.0,0.5,0.5,0.5,0.0,0.0,1.0,1.0,1.0,0.5,0.5,1.0,0.06667,1.0,1.0,1.0,1.0,1.0,1.0
0.0,0.5,0.0,0.5,0.06667,0.5,0.05984,0.06667,0.96667,0.0,0.0,0.66667,1.0,0.06667,0.0,0.99997,0.0,1.0,1.0,1.0,1.0,1.0,0.0,0.00731,0.01044,0.0,1.0,1.0,1.0,0.0,1.0,1.0,1.0,0.0,1.0,1.0,0.5,0.5,0.5,1.0,1.0,0.5,0.5,0.5,0.0,0.0,1.0,1.0,1.0,0.5,0.5,1.0,0.06667,1.0,1.0,1.0,1.0,1.0,1.0
0.0,0.5,0.0,0.5,0.06667,0.5,0.05984,0.06667,1.0,0.0,0.0,0.66667,1.0,0.06667,0.0,0.99998,0.0,1.0,1.0,1.0,1.0,1.0,0.0,0.00731,0.01044,0.0,1.0,1.0,1.0,0.0,1.0,1.0,1.0,0.0,1.0,1.0,0.5,0.5,0.5,1.0,1.0,0.5,0.5,0.5,0.0,0.0,1.0,1.0,1.0,0.5,0.5,1.0,0.06667,1.0,1.0,1.0,1.0,1.0,1.0
0.5,0.5,0.5,0.5,0.5,0.5,0.09833,0.66667,0.76667,0.0,0.0,0.66667,0.0,0.24889,0.00889,0.95395,0.0,1.0,1.0,0.88571,1.0,0.5,1.0,0.98432,1.0,0.07143,1.0,0.86504,0.33333,0.0,0.94067,0.85714,0.5,0.0,1.0,1.0,0.5,0.5,0.5,1.0,1.0,0.5,0.5,0.5,0.0,0.0,1.0,1.0,1.0,0.0,0.2375,1.0,0.06667,0.0,1.0,0.0,1.0,0.0,0.5
1.0,0.5,1.0,0.5,0.8,0.5,0.10369,0.8,0.8,0.0,0.0,0.66667,1.0,0.24,0.00889,0.97034,0.0,1.0,1.0,0.88571,1.0,1.0,1.0,0.99099,1.0,0.07143,1.0,0.89408,0.66667,0.0,0.9416,1.0,1.0,0.0,1.0,1.0,0.5,0.5,0.5,1.0,1.0,0.5,0.5,0.5,0.0,0.0,1.0,1.0,1.0,0.0,0.2375,1.0,0.06667,0.0,1.0,0.0,1.0,0.0,1.0
1.0,0.0,0.0,0.0,0.73333,0.6,0.06329,0.4,1.0,0.0,0.0,0.66667,0.0,0.21333,0.00889,0.97512,0.0,0.81905,1.0,0.88571,1.0,1.0,1.0,0.98489,1.0,0.07143,0.62299,0.48973,0.0,0.0,0.94146,0.85714,0.85714,0.0,1.0,1.0,0.5,0.5,0.5,1.0,1.0,0.5,0.5,0.5,0.0,0.0,1.0,1.0,1.0,0.0,0.2375,1.0,0.06667,0.0,1.0,0.0,1.0,0.5,1.0
0.5,0.5,0.5,0.5,0.5,0.5,0.18386,1.0,0.2,0.0,0.0,0.66667,0.0,0.36889,0.0,0.93864,0.0,0.92381,0.80952,1.0,1.0,0.5,1.0,0.82611,1.0,0.07143,1.0,1.0,1.0,0.0,0.98082,1.0,0.5,0.0,1.0,1.0,0.5,0.5,0.5,1.0,1.0,0.5,0.5,0.5,0.0,0.0,1.0,1.0,1.0,0.5,0.5,1.0,0.06667,0.0,1.0,1.0,1.0,1.0,0.5
1.0,1.0,1.0,0.0,1.0,1.0,0.07538,0.53333,0.93333,0.0,0.0,0.66667,0.0,0.09333,0.00444,0.9968,0.0,0.98095,0.9619,1.0,1.0,0.71429,0.0,0.57113,0.8159,0.07143,1.0,0.96606,0.5,0.0,0.9973,0.71429,0.57143,0.0,1.0,1.0,0.5,0.5,0.5,1.0,1.0,0.5,0.5,0.5,0.0,0.0,1.0,1.0,1.0,0.5,0.5,1.0,0.06667,0.0,1.0,1.0,1.0,1.0,1.0
0.5,0.5,0.5,0.5,0.5,0.5,0.06866,0.6,0.6,0.0,0.0,0.66667,0.0,0.29778,0.03111,0.0,0.97431,0.8381,0.95238,0.57143,0.64762,0.5,0.0,0.92201,1.0,0.07143,1.0,0.82741,0.66667,0.0,0.93715,0.5,0.5,0.4,1.0,1.0,0.5,0.5,0.5,1.0,1.0,0.5,0.5,0.5,1.0,0.00118,0.6,1.0,1.0,0.5,0.5,1.0,0.06667,0.0,1.0,1.0,1.0,0.33333,0.5
1.0,1.0,1.0,1.0,0.6,0.53333,0.07667,0.6,0.73333,0.0,0.0,0.66667,0.0,0.27111,0.04,0.0,0.98977,0.8381,1.0,0.77143,0.8381,0.65714,1.0,0.77592,1.0,0.64286,0.9547,0.77385,0.4,0.0,0.98422,1.0,0.57143,0.0,0.93333,0.99576,1.0,0.5,1.0,1.0,1.0,0.08295,0.26967,1.0,0.0,0.0,1.0,1.0,1.0,1.0,0.83623,1.0,0.06667,0.0,1.0,0.0,1.0,1.0,1.0
1.0,0.5,1.0,0.5,0.73333,0.5,0.08171,0.73333,0.76667,0.0,0.0,0.66667,1.0,0.24889,0.04889,0.0,0.92275,0.93333,0.9619,0.78095,1.0,0.93333,0.0,0.69415,0.99165,0.07143,1.0,0.78302,0.5,0.0,0.93211,1.0,0.5,0.0,1.0,1.0,0.5,0.5,0.5,1.0,1.0,0.08295,0.26967,1.0,0.0,0.0,1.0,1.0,1.0,1.0,0.83623,1.0,0.06667,0.0,1.0,0.0,1.0,0.0,1.0
1.0,0.5,1.0,0.5,0.73333,0.5,0.08643,0.73333,0.8,0.0,0.0,0.66667,1.0,0.24444,0.05333,0.0,0.97394,0.8381,0.95238,0.92381,1.0,0.8381,1.0,0.85885,1.0,0.07143,1.0,0.82212,0.66667,0.0,0.88738,1.0,0.42857,0.0,1.0,1.0,0.5,0.5,0.5,1.0,1.0,0.08295,0.26967,1.0,0.0,0.0,1.0,1.0,1.0,1.0,0.83623,1.0,0.06667,0.0,1.0,0.0,1.0,0.0,1.0
1.0,1.0,1.0,1.0,0.86667,0.8,0.06207,0.4,0.0,0.85714,0.0,0.66667,0.0,0.23111,0.05333,0.0,0.82613,0.77143,1.0,0.92381,0.84762,0.68571,0.0,0.67891,0.96987,0.14286,0.70133,0.42956,0.0,0.0,0.99041,0.71429,0.5,0.0,0.86667,0.8511,0.20008,0.5,0.0,1.0,1.0,0.08295,0.26967,1.0,0.0,0.0,1.0,1.0,1.0,1.0,1.0,1.0,0.06667,0.0,1.0,0.0,1.0,0.33333,1.0
1.0,1.0,1.0,1.0,0.66667,0.53333,0.06271,0.53333,0.0,0.81081,0.0,0.66667,0.0,0.20889,0.03556,0.0,0.91807,0.79048,1.0,0.81905,1.0,0.87619,0.0,0.68497,0.97853,0.14286,0.69147,0.42583,0.33333,0.0,0.98916,0.85714,1.0,0.0,0.86667,0.85515,0.38682,1.0,0.77364,1.0,1.0,0.08295,0.26967,1.0,0.0,0.0,1.0,1.0,1.0,1.0,1.0,1.0,0.06667,0.0,1.0,0.0,1.0,0.66667,1.0
0.5,0.5,0.5,0.5,0.5,0.5,0.05937,0.13333,0.5,0.0,0.0,0.66667,0.0,0.78667,0.00889,0.83956,0.0,1.0,1.0,1.0,1.0,0.5,0.0,0.6275,0.89643,0.07143,0.92464,0.84758,0.25,0.0,0.99173,0.92857,0.5,0.26667,1.0,1.0,0.5,0.5,0.5,1.0,1.0,0.5,0.5,0.5,0.29855,0.0,0.73333,1.0,1.0,0.5,0.5,1.0,0.06667,0.0,1.0,1.0,1.0,0.75,0.5
1.0,1.0,1.0,1.0,0.6,1.0,0.04739,0.13333,0.0,0.96774,0.0,0.66667,0.0,0.56,0.01778,0.0,0.99661,1.0,1.0,1.0,1.0,1.0,0.0,0.59803,0.85433,0.07143,0.91127,0.73251,0.25,0.0,0.99413,1.0,1.0,0.53333,1.0,1.0,0.5,0.5,0.5,1.0,1.0,0.27593,0.26783,1.0,0.42194,1.0,0.46667,1.0,1.0,1.0,1.0,1.0,0.06667,0.0,1.0,0.0,1.0,0.75,1.0
1.0,1.0,1.0,1.0,0.26667,0.2,0.05049,0.2,0.0,0.90909,0.0,0.66667,0.0,0.56,0.01778,0.0,0.9962,1.0,1.0,1.0,1.0,1.0,0.0,0.5952,0.85029,0.07143,1.0,0.75893,0.5,0.0,0.99369,1.0,1.0,0.46667,1.0,1.0,0.5,0.5,0.5,1.0,1.0,0.53451,0.61906,1.0,0.25422,0.12899,0.53333,1.0,1.0,0.53451,0.61906,1.0,0.06667,0.0,1.0,0.0,1.0,0.75,1.0
1.0,0.5,1.0,0.5,0.26667,0.5,0.05214,0.26667,0.0,0.88235,0.0,0.66667,1.0,0.56,0.01778,0.0,0.99631,1.0,1.0,1.0,1.0,1.0,0.0,0.59366,0.84808,0.07143,1.0,0.77204,0.75,0.0,0.99386,1.0,1.0,0.0,1.0,1.0,0.5,0.5,0.5,1.0,1.0,0.51311,0.52738,1.0,0.0,0.65491,1.0,1.0,1.0,0.51311,0.52738,1.0,0.06667,0.0,1.0,0.0,1.0,0.0,1.0
0.5,0.5,0.5,0.5,0.5,0.5,0.05169,0.13333,0.3,0.0,0.0,0.66667,0.0,0.48,0.02667,0.0,0.99878,1.0,1.0,0.6,0.6,0.5,0.0,0.56006,0.80008,0.07143,1.0,0.78765,0.5,0.0,0.99652,0.85714,0.5,0.0,1.0,1.0,0.5,0.5,0.5,1.0,1.0,0.5,0.5,0.5,0.0,0.0,1.0,1.0,1.0,0.5,0.5,1.0,0.06667,0.0,1.0,1.0,1.0,0.5,0.5
1.0,1.0,1.0,1.0,0.33333,0.13333,0.05384,0.13333,0.36667,0.0,0.0,0.66667,0.0,0.43556,0.02667,0.98522,0.0,1.0,1.0,1.0,1.0,0.6,1.0,0.56727,0.81039,0.07143,1.0,0.71719,0.5,0.0,1.0,1.0,0.85714,0.0,1.0,1.0,0.5,0.5,0.5,1.0,1.0,0.5,0.5,0.5,0.0,0.0,1.0,1.0,1.0,0.5,0.5,1.0,0.06667,0.0,1.0,1.0,1.0,1.0,1.0
0.5,0.5,0.5,0.5,0.5,0.5,0.06256,0.46667,0.36667,0.0,0.0,0.66667,0.0,0.27556,0.0,0.98442,0.0,0.79048,0.88571,1.0,1.0,0.5,0.0,0.72715,1.0,0.07143,0.95477,0.8095,0.33333,0.0,0.94717,0.92857,0.5,0.0,1.0,1.0,0.5,0.5,0.5,1.0,1.0,0.5,0.5,0.5,0.0,0.0,1.0,1.0,1.0,0.5,0.5,1.0,0.06667,0.0,1.0,1.0,1.0,1.0,0.5
1.0,0.5,1.0,0.5,0.73333,0.5,0.06666,0.73333,0.4,0.0,0.0,0.66667,1.0,0.18667,0.0,0.95974,0.0,1.0,1.0,1.0,1.0,1.0,1.0,0.73029,1.0,0.07143,1.0,0.83983,0.66667,0.0,0.93271,1.0,1.0,0.0,1.0,1.0,0.5,0.5,0.5,1.0,1.0,0.5,0.5,0.5,0.0,0.0,1.0,1.0,1.0,0.5,0.5,1.0,0.06667,0.0,1.0,1.0,1.0,0.0,1.0
0.0,1.0,0.0,1.0,0.73333,0.66667,0.0413,0.13333,0.66667,0.0,0.0,0.66667,0.0,0.10222,0.0,0.96616,0.0,0.98095,1.0,1.0,1.0,0.80952,0.0,0.57696,0.82422,0.07143,0.68802,0.49415,0.33333,0.0,0.82676,1.0,0.78571,0.0,1.0,1.0,0.5,0.5,0.5,1.0,1.0,0.5,0.5,0.5,0.0,0.0,1.0,1.0,1.0,0.5,0.5,1.0,0.06667,0.0,1.0,1.0,1.0,0.33333,1.0
0.0,0.0,0.0,0.0,0.13333,0.06667,0.04032,0.06667,0.76667,0.0,0.0,0.66667,0.0,0.09333,0.0,0.9786,0.0,1.0,0.98095,1.0,1.0,0.9619,1.0,0.59213,0.84591,0.07143,0.63129,0.49114,0.0,0.0,0.9287,0.71429,0.85714,0.0,1.0,1.0,0.5,0.5,0.5,1.0,1.0,0.5,0.5,0.5,0.0,0.0,1.0,1.0,1.0,0.5,0.5,1.0,0.06667,0.0,1.0,1.0,1.0,0.0,1.0
0.0,0.0,0.0,0.0,0.06667,0.06667,0.04016,0.06667,0.83333,0.0,0.0,0.66667,0.0,0.08889,0.0,0.98093,0.0,0.9619,0.98095,1.0,1.0,0.97143,0.0,0.58205,0.8315,0.07143,0.60711,0.49107,0.0,0.0,0.90679,1.0,0.92857,0.0,1.0,1.0,0.5,0.5,0.5,1.0,1.0,0.5,0.5,0.5,0.0,0.0,1.0,1.0,1.0,0.5,0.5,1.0,0.06667,0.0,1.0,1.0,1.0,0.0,1.0
0.0,0.0,0.0,0.0,0.06667,0.06667,0.03988,0.06667,1.0,0.0,0.0,0.66667,0.0,0.06667,0.0,0.98765,0.0,1.0,0.99048,1.0,1.0,0.97143,0.0,0.00325,0.00464,0.07143,1.0,1.0,1.0,0.0,1.0,1.0,0.85714,0.0,1.0,1.0,0.5,0.5,0.5,1.0,1.0,0.5,0.5,0.5,0.0,0.0,1.0,1.0,1.0,0.5,0.5,1.0,0.06667,1.0,1.0,1.0,1.0,1.0,1.0
0.0,0.0,0.0,0.0,0.06667,0.06667,0.03978,0.06667,0.0,0.78947,0.0,0.66667,0.0,0.08,0.0,0.99861,0.0,0.99048,0.97143,1.0,1.0,0.98095,1.0,0.56381,0.80544,0.07143,0.62416,0.39636,0.0,1.0,0.83555,0.92857,0.85714,0.0,1.0,1.0,0.5,0.5,0.5,1.0,1.0,0.5,0.5,0.5,0.0,0.0,1.0,1.0,1.0,0.5,0.5,1.0,0.06667,0.0,1.0,1.0,1.0,0.0,1.0
0.5,0.5,0.5,0.5,0.5,0.5,0.06672,0.46667,0.3,0.0,0.0,0.66667,0.0,0.35556,0.0,0.98624,0.0,1.0,1.0,1.0,1.0,0.5,1.0,0.90758,1.0,0.0,0.90047,0.7579,0.125,0.0,0.97894,1.0,0.5,0.0,1.0,1.0,0.5,0.5,0.5,1.0,1.0,0.5,0.5,0.5,0.0,0.0,1.0,1.0,1.0,0.5,0.5,1.0,0.06667,0.0,1.0,1.0,1.0,0.75,0.5
1.0,1.0,1.0,1.0,0.66667,0.6,0.05869,0.4,0.43333,0.0,0.0,0.66667,0.0,0.35556,0.03111,0.79315,0.0,1.0,1.0,1.0,1.0,1.0,0.0,0.94778,1.0,0.0,0.73509,0.56829,0.0,0.0,0.9797,0.92857,1.0,0.0,1.0,1.0,0.5,0.5,0.5,1.0,1.0,0.5,0.5,0.5,0.0,0.0,1.0,1.0,1.0,0.5,0.5,1.0,0.06667,0.0,1.0,1.0,1.0,0.875,1.0
1.0,1.0,1.0,1.0,0.46667,0.46667,0.05668,0.4,0.53333,0.0,0.0,0.66667,0.0,0.29778,0.04444,0.0,0.98305,1.0,1.0,0.92381,0.92381,1.0,1.0,0.89444,1.0,0.07143,0.68489,0.53127,0.0,0.0,0.97723,0.85714,0.92857,0.0,1.0,1.0,0.5,0.5,0.5,1.0,1.0,0.5,0.5,0.5,0.0,0.0,1.0,1.0,1.0,0.5,0.5,1.0,0.06667,0.0,1.0,1.0,1.0,0.85714,1.0
1.0,0.5,1.0,0.5,0.46667,0.5,0.06322,0.46667,0.56667,0.0,0.0,0.66667,1.0,0.28444,0.04889,0.0,0.9908,1.0,1.0,0.92381,1.0,1.0,1.0,0.96293,1.0,0.07143,0.7513,0.57075,0.14286,0.0,0.97768,1.0,0.85714,0.0,1.0,1.0,0.5,0.5,0.5,1.0,1.0,0.5,0.5,0.5,0.0,0.0,1.0,1.0,1.0,0.5,0.5,1.0,0.06667,0.0,1.0,1.0,1.0,0.0,1.0
1.0,0.5,1.0,0.5,0.6,0.5,0.06983,0.6,0.6,0.0,0.0,0.66667,1.0,0.25778,0.04889,0.0,0.99225,1.0,1.0,0.92381,1.0,1.0,1.0,0.9761,1.0,0.07143,0.81833,0.5895,0.28571,0.0,0.97804,1.0,1.0,0.0,1.0,1.0,0.5,0.5,0.5,1.0,1.0,0.5,0.5,0.5,0.0,0.0,1.0,1.0,1.0,0.5,0.5,1.0,0.06667,0.0,1.0,1.0,1.0,0.0,1.0
1.0,1.0,1.0,0.0,0.6,0.6,0.06649,0.6,0.66667,0.0,0.0,0.66667,0.0,0.26222,0.04889,0.0,0.99567,0.87619,0.9619,0.92381,0.8381,0.9619,1.0,0.98974,1.0,0.07143,0.75174,0.52825,0.28571,0.0,0.97836,1.0,1.0,0.0,1.0,1.0,0.5,0.5,0.5,1.0,1.0,0.5,0.5,0.5,0.0,0.0,1.0,1.0,1.0,0.5,0.5,1.0,0.06667,0.0,1.0,1.0,1.0,0.85714,1.0
1.0,0.0,0.0,0.0,0.6,0.53333,0.00341,0.13333,0.0,0.96774,0.0,0.66667,0.0,0.19111,0.03556,0.0,0.99534,1.0,1.0,0.94286,1.0,0.75238,1.0,0.62402,0.89146,0.14286,0.05164,0.02076,0.0,0.0,1.0,0.85714,0.5,0.0,1.0,1.0,0.5,0.5,0.5,1.0,1.0,0.5,0.5,0.5,0.0,0.0,1.0,1.0,1.0,0.0062,0.17639,1.0,0.06667,0.0,1.0,0.0,1.0,0.0,1.0
0.0,0.0,0.0,0.0,0.13333,0.2,0.00178,0.2,0.0,0.78947,0.0,0.66667,0.0,0.16444,0.03111,0.0,0.99262,1.0,1.0,1.0,1.0,1.0,1.0,0.63295,0.90421,0.07143,0.03796,0.00958,0.66667,0.0,0.9747,0.85714,0.92857,0.0,1.0,1.0,0.5,0.5,0.5,1.0,1.0,0.5,0.5,0.5,0.0,0.0,1.0,1.0,1.0,0.0,0.228,1.0,0.06667,0.0,1.0,0.0,1.0,0.0,1.0
0.0,0.0,0.0,0.0,0.2,0.2,0.00149,0.2,0.0,0.75,0.0,0.66667,0.0,0.16,0.03111,0.0,0.98987,1.0,1.0,1.0,1.0,1.0,1.0,0.6352,0.90743,0.07143,0.03123,0.00787,0.66667,0.0,0.97472,0.85714,1.0,0.0,1.0,1.0,0.5,0.5,0.5,1.0,1.0,0.5,0.5,0.5,0.0,0.0,1.0,1.0,1.0,0.0,0.228,1.0,0.06667,0.0,1.0,0.0,1.0,0.0,1.0
0.5,0.5,0.5,0.5,0.5,0.5,0.40406,1.0,0.26667,0.0,0.5,0.0,0.0,0.6,0.0,0.96007,0.0,1.0,1.0,1.0,1.0,0.5,1.0,0.96807,1.0,0.0,1.0,1.0,1.0,0.0,1.0,1.0,0.5,0.0,1.0,1.0,0.5,0.5,0.5,1.0,1.0,0.5,0.5,0.5,0.0,0.0,1.0,1.0,1.0,0.5,0.5,1.0,0.2,0.0,1.0,1.0,1.0,1.0,0.5
0.5,0.5,0.5,0.5,0.5,0.5,0.10244,0.4,0.1,0.0,0.5,0.0,0.0,0.24,0.0,0.94617,0.0,0.9,0.9,1.0,1.0,0.5,0.0,0.58269,0.83242,0.25,1.0,1.0,1.0,0.0,0.5,0.75,0.5,0.0,1.0,1.0,0.5,0.5,0.5,1.0,1.0,0.5,0.5,0.5,0.0,0.0,1.0,1.0,1.0,0.5,0.5,1.0,0.2,0.0,1.0,1.0,1.0,0.0,0.5
0.0,0.0,0.0,0.0,0.4,0.2,0.09066,0.2,0.2,0.0,0.5,0.0,0.0,0.24,0.0,0.96872,0.0,1.0,1.0,1.0,1.0,0.9,1.0,0.7338,1.0,0.5,0.44417,0.28549,0.0,1.0,1.0,1.0,0.5,0.0,1.0,1.0,0.5,0.5,0.5,1.0,1.0,0.5,0.5,0.5,0.0,0.0,1.0,1.0,1.0,0.5,0.5,1.0,0.2,0.0,1.0,1.0,1.0,0.0,1.0
0.5,0.5,0.5,0.5,0.5,0.5,0.09535,0.4,0.63333,0.0,0.5,0.0,0.0,0.52,0.0,0.0,0.97918,0.6,0.6,1.0,1.0,0.5,1.0,0.94673,1.0,0.5,0.50132,0.30829,0.33333,0.0,0.99349,1.0,0.5,0.0,1.0,1.0,0.5,0.5,0.5,1.0,1.0,0.5,0.5,0.5,0.0,0.0,1.0,1.0,1.0,0.5,0.5,1.0,0.2,0.0,1.0,1.0,1.0,1.0,0.5
0.5,0.5,0.5,0.5,0.5,0.5,0.0,0.2,0.16667,0.0,0.5,0.0,0.0,0.52,0.12,0.73312,0.0,1.0,1.0,0.7,1.0,0.5,0.0,0.0001,0.00014,0.0,1.0,1.0,1.0,0.0,1.0,0.75,0.5,1.0,1.0,1.0,0.5,0.5,0.5,1.0,1.0,0.5,0.5,0.5,0.0,0.0,1.0,1.0,1.0,0.5,0.5,1.0,0.0,0.0,1.0,1.0,1.0,0.0,0.5
0.5,0.5,0.5,0.5,0.5,0.5,0.42615,1.0,0.2,0.0,0.5,0.0,0.0,0.16,0.04,0.79867,0.0,1.0,1.0,1.0,1.0,0.5,0.0,0.98197,1.0,0.25,1.0,1.0,1.0,0.0,1.0,0.75,0.5,0.0,1.0,1.0,0.5,0.5,0.5,1.0,1.0,0.5,0.5,0.5,0.0,0.0,1.0,1.0,1.0,1.0,0.09699,1.0,0.2,0.0,1.0,0.0,1.0,0.0,0.5
0.0,1.0,1.0,1.0,1.0,1.0,0.45932,1.0,0.3,0.0,0.5,0.0,0.0,0.16,0.08,0.99152,0.0,1.0,1.0,1.0,1.0,1.0,0.0,0.91633,1.0,0.25,1.0,1.0,1.0,0.0,1.0,0.75,1.0,0.0,1.0,1.0,0.5,0.5,0.5,1.0,1.0,0.5,0.5,0.5,0.0,0.0,1.0,1.0,1.0,1.0,0.65086,1.0,0.2,0.0,1.0,0.0,1.0,0.0,1.0
0.0,0.0,0.0,0.0,1.0,1.0,0.45636,1.0,0.83333,0.0,0.5,0.0,0.0,0.12,0.08,0.99986,0.0,0.8,0.8,0.8,1.0,0.8,1.0,0.98158,1.0,0.25,1.0,1.0,1.0,0.0,1.0,0.75,0.5,0.0,1.0,1.0,0.5,0.5,0.5,1.0,1.0,0.5,0.5,0.5,0.0,0.0,1.0,1.0,1.0,1.0,0.65086,1.0,0.2,0.0,1.0,0.0,1.0,0.0,1.0
0.5,0.5,0.5,0.5,0.5,0.5,0.18523,0.4,0.1,0.0,0.5,0.0,0.0,0.28,0.0,0.91102,0.0,0.9,0.9,1.0,1.0,0.5,0.0,0.07002,0.10003,0.0,1.0,1.0,1.0,0.0,1.0,1.0,0.5,0.0,1.0,1.0,0.5,0.5,0.5,1.0,1.0,0.5,0.5,0.5,0.0,0.0,1.0,1.0,1.0,0.5,0.5,1.0,0.2,1.0,1.0,1.0,1.0,1.0,0.5
0.0,0.0,0.0,0.0,0.4,0.4,0.18519,0.4,0.16667,0.0,0.5,0.0,0.0,0.24,0.0,0.93588,0.0,1.0,1.0,1.0,1.0,1.0,0.0,0.06999,0.09998,0.0,1.0,1.0,1.0,0.0,1.0,1.0,1.0,0.0,1.0,1.0,0.5,0.5,0.5,1.0,1.0,0.5,0.5,0.5,0.0,0.0,1.0,1.0,1.0,0.5,0.5,1.0,0.2,1.0,1.0,1.0,1.0,1.0,1.0
0.0,0.5,0.0,0.5,0.4,0.5,0.18518,0.4,0.2,0.0,0.5,0.0,1.0,0.24,0.0,0.94394,0.0,1.0,1.0,1.0,1.0,1.0,0.0,0.06999,0.09998,0.0,1.0,1.0,1.0,0.0,1.0,1.0,1.0,0.0,1.0,1.0,0.5,0.5,0.5,1.0,1.0,0.5,0.5,0.5,0.0,0.0,1.0,1.0,1.0,0.5,0.5,1.0,0.2,1.0,1.0,1.0,1.0,1.0,1.0
0.0,0.5,0.0,0.5,0.4,0.5,0.18518,0.4,0.23333,0.0,0.5,0.0,1.0,0.2,0.0,0.95349,0.0,1.0,1.0,1.0,1.0,1.0,0.0,0.06999,0.09998,0.0,1.0,1.0,1.0,0.0,1.0,1.0,1.0,0.0,1.0,1.0,0.5,0.5,0.5,1.0,1.0,0.5,0.5,0.5,0.0,0.0,1.0,1.0,1.0,0.5,0.5,1.0,0.2,1.0,1.0,1.0,1.0,1.0,1.0
0.0,0.5,0.0,0.5,0.4,0.5,0.18518,0.4,0.26667,0.0,0.5,0.0,1.0,0.2,0.0,0.96928,0.0,1.0,1.0,1.0,1.0,1.0,0.0,0.06999,0.09998,0.0,1.0,1.0,1.0,0.0,1.0,1.0,1.0,0.0,1.0,1.0,0.5,0.5,0.5,1.0,1.0,0.5,0.5,0.5,0.0,0.0,1.0,1.0,1.0,0.5,0.5,1.0,0.2,1.0,1.0,1.0,1.0,1.0,1.0
0.0,0.5,0.0,0.5,0.4,0.5,0.18518,0.4,0.3,0.0,0.5,0.0,1.0,0.2,0.0,0.97844,0.0,1.0,1.0,1.0,1.0,1.0,0.0,0.06999,0.09998,0.0,1.0,1.0,1.0,0.0,1.0,1.0,1.0,0.0,1.0,1.0,0.5,0.5,0.5,1.0,1.0,0.5,0.5,0.5,0.0,0.0,1.0,1.0,1.0,0.5,0.5,1.0,0.2,1.0,1.0,1.0,1.0,1.0,1.0
0.0,0.5,0.0,0.5,0.4,0.5,0.18518,0.4,0.33333,0.0,0.5,0.0,1.0,0.2,0.0,0.98512,0.0,1.0,1.0,1.0,1.0,1.0,0.0,0.06999,0.09998,0.0,1.0,1.0,1.0,0.0,1.0,1.0,1.0,0.0,1.0,1.0,0.5,0.5,0.5,1.0,1.0,0.5,0.5,0.5,0.0,0.0,1.0,1.0,1.0,0.5,0.5,1.0,0.2,1.0,1.0,1.0,1.0,1.0,1.0
0.0,0.5,0.0,0.5,0.4,0.5,0.18518,0.4,0.36667,0.0,0.5,0.0,1.0,0.2,0.0,0.98929,0.0,1.0,1.0,1.0,1.0,1.0,0.0,0.06999,0.09998,0.0,1.0,1.0,1.0,0.0,1.0,1.0,1.0,0.0,1.0,1.0,0.5,0.5,0.5,1.0,1.0,0.5,0.5,0.5,0.0,0.0,1.0,1.0,1.0,0.5,0.5,1.0,0.2,1.0,1.0,1.0,1.0,1.0,1.0
0.0,0.5,0.0,0.5,0.4,0.5,0.18518,0.4,0.4,0.0,0.5,0.0,1.0,0.2,0.0,0.99207,0.0,1.0,1.0,1.0,1.0,1.0,0.0,0.06999,0.09998,0.0,1.0,1.0,1.0,0.0,1.0,1.0,1.0,0.0,1.0,1.0,0.5,0.5,0.5,1.0,1.0,0.5,0.5,0.5,0.0,0.0,1.0,1.0,1.0,0.5,0.5,1.0,0.2,1.0,1.0,1.0,1.0,1.0,1.0
0.0,0.5,0.0,0.5,0.4,0.5,0.18518,0.4,0.43333,0.0,0.5,0.0,1.0,0.2,0.0,0.99401,0.0,1.0,1.0,1.0,1.0,1.0,0.0,0.06999,0.09998,0.0,1.0,1.0,1.0,0.0,1.0,1.0,1.0,0.0,1.0,1.0,0.5,0.5,0.5,1.0,1.0,0.5,0.5,0.5,0.0,0.0,1.0,1.0,1.0,0.5,0.5,1.0,0.2,1.0,1.0,1.0,1.0,1.0,1.0
0.0,0.5,0.0,0.5,0.4,0.5,0.18518,0.4,0.46667,0.0,0.5,0.0,1.0,0.2,0.0,0.9954,0.0,1.0,1.0,1.0,1.0,1.0,0.0,0.06999,0.09998,0.0,1.0,1.0,1.0,0.0,1.0,1.0,1.0,0.0,1.0,1.0,0.5,0.5,0.5,1.0,1.0,0.5,0.5,0.5,0.0,0.0,1.0,1.0,1.0,0.5,0.5,1.0,0.2,1.0,1.0,1.0,1.0,1.0,1.0
0.0,0.5,0.0,0.5,0.4,0.5,0.18518,0.4,0.5,0.0,0.5,0.0,1.0,0.2,0.0,0.99643,0.0,1.0,1.0,1.0,1.0,1.0,0.0,0.06999,0.09998,0.0,1.0,1.0,1.0,0.0,1.0,1.0,1.0,0.0,1.0,1.0,0.5,0.5,0.5,1.0,1.0,0.5,0.5,0.5,0.0,0.0,1.0,1.0,1.0,0.5,0.5,1.0,0.2,1.0,1.0,1.0,1.0,1.0,1.0
0.0,0.5,0.0,0.5,0.4,0.5,0.18518,0.4,0.53333,0.0,0.5,0.0,1.0,0.2,0.0,0.99721,0.0,1.0,1.0,1.0,1.0,1.0,0.0,0.06999,0.09998,0.0,1.0,1.0,1.0,0.0,1.0,1.0,1.0,0.0,1.0,1.0,0.5,0.5,0.5,1.0,1.0,0.5,0.5,0.5,0.0,0.0,1.0,1.0,1.0,0.5,0.5,1.0,0.2,1.0,1.0,1.0,1.0,1.0,1.0
0.0,0.5,0.0,0.5,0.4,0.5,0.18518,0.4,0.56667,0.0,0.5,0.0,1.0,0.2,0.0,0.9978,0.0,1.0,1.0,1.0,1.0,1.0,0.0,0.06999,0.09998,0.0,1.0,1.0,1.0,0.0,1.0,1.0,1.0,0.0,1.0,1.0,0.5,0.5,0.5,1.0,1.0,0.5,0.5,0.5,0.0,0.0,1.0,1.0,1.0,0.5,0.5,1.0,0.2,1.0,1.0,1.0,1.0,1.0,1.0
0.0,0.5,0.0,0.5,0.4,0.5,0.18518,0.4,0.6,0.0,0.5,0.0,1.0,0.2,0.0,0.99826,0.0,1.0,1.0,1.0,1.0,1.0,0.0,0.06999,0.09998,0.0,1.0,1.0,1.0,0.0,1.0,1.0,1.0,0.0,1.0,1.0,0.5,0.5,0.5,1.0,1.0,0.5,0.5,0.5,0.0,0.0,1.0,1.0,1.0,0.5,0.5,1.0,0.2,1.0,1.0,1.0,1.0,1.0,1.0
0.0,0.5,0.0,0.5,0.4,0.5,0.18518,0.4,0.63333,0.0,0.5,0.0,1.0,0.2,0.0,0.99862,0.0,1.0,1.0,1.0,1.0,1.0,0.0,0.06999,0.09998,0.0,1.0,1.0,1.0,0.0,1.0,1.0,1.0,0.0,1.0,1.0,0.5,0.5,0.5,1.0,1.0,0.5,0.5,0.5,0.0,0.0,1.0,1.0,1.0,0.5,0.5,1.0,0.2,1.0,1.0,1.0,1.0,1.0,1.0
0.0,0.5,0.0,0.5,0.4,0.5,0.18518,0.4,0.66667,0.0,0.5,0.0,1.0,0.2,0.0,0.9989,0.0,1.0,1.0,1.0,1.0,1.0,0.0,0.06999,0.09998,0.0,1.0,1.0,1.0,0.0,1.0,1.0,1.0,0.0,1.0,1.0,0.5,0.5,0.5,1.0,1.0,0.5,0.5,0.5,0.0,0.0,1.0,1.0,1.0,0.5,0.5,1.0,0.2,1.0,1.0,1.0,1.0,1.0,1.0
0.0,0.5,0.0,0.5,0.4,0.5,0.18518,0.4,0.7,0.0,0.5,0.0,1.0,0.2,0.0,0.99912,0.0,1.0,1.0,1.0,1.0,1.0,0.0,0.06999,0.09998,0.0,1.0,1.0,1.0,0.0,1.0,1.0,1.0,0.0,1.0,1.0,0.5,0.5,0.5,1.0,1.0,0.5,0.5,0.5,0.0,0.0,1.0,1.0,1.0,0.5,0.5,1.0,0.2,1.0,1.0,1.0,1.0,1.0,1.0
0.0,0.5,0.0,0.5,0.4,0.5,0.18518,0.4,0.73333,0.0,0.5,0.0,1.0,0.2,0.0,0.99929,0.0,1.0,1.0,1.0,1.0,1.0,0.0,0.06999,0.09998,0.0,1.0,1.0,1.0,0.0,1.0,1.0,1.0,0.0,1.0,1.0,0.5,0.5,0.5,1.0,1.0,0.5,0.5,0.5,0.0,0.0,1.0,1.0,1.0,0.5,0.5,1.0,0.2,1.0,1.0,1.0,1.0,1.0,1.0
0.0,0.5,0.0,0.5,0.4,0.5,0.18518,0.4,0.76667,0.0,0.5,0.0,1.0,0.2,0.0,0.99943,0.0,1.0,1.0,1.0,1.0,1.0,0.0,0.06999,0.09998,0.0,1.0,1.0,1.0,0.0,1.0,1.0,1.0,0.0,1.0,1.0,0.5,0.5,0.5,1.0,1.0,0.5,0.5,0.5,0.0,0.0,1.0,1.0,1.0,0.5,0.5,1.0,0.2,1.0,1.0,1.0,1.0,1.0,1.0
0.0,0.5,0.0,0.5,0.4,0.5,0.18518,0.4,0.8,0.0,0.5,0.0,1.0,0.2,0.0,0.99954,0.0,1.0,1.0,1.0,1.0,1.0,0.0,0.06999,0.09998,0.0,1.0,1.0,1.0,0.0,1.0,1.0,1.0,0.0,1.0,1.0,0.5,0.5,0.5,1.0,1.0,0.5,0.5,0.5,0.0,0.0,1.0,1.0,1.0,0.5,0.5,1.0,0.2,1.0,1.0,1.0,1.0,1.0,1.0
0.0,0.5,0.0,0.5,0.4,0.5,0.18518,0.4,0.83333,0.0,0.5,0.0,1.0,0.2,0.0,0.99963,0.0,1.0,1.0,1.0,1.0,1.0,0.0,0.06999,0.09998,0.0,1.0,1.0,1.0,0.0,1.0,1.0,1.0,0.0,1.0,1.0,0.5,0.5,0.5,1.0,1.0,0.5,0.5,0.5,0.0,0.0,1.0,1.0,1.0,0.5,0.5,1.0,0.2,1.0,1.0,1.0,1.0,1.0,1.0
0.0,0.5,0.0,0.5,0.4,0.5,0.18518,0.4,0.86667,0.0,0.5,0.0,1.0,0.2,0.0,0.9997,0.0,1.0,1.0,1.0,1.0,1.0,0.0,0.06999,0.09998,0.0,1.0,1.0,1.0,0.0,1.0,1.0,1.0,0.0,1.0,1.0,0.5,0.5,0.5,1.0,1.0,0.5,0.5,0.5,0.0,0.0,1.0,1.0,1.0,0.5,0.5,1.0,0.2,1.0,1.0,1.0,1.0,1.0,1.0
0.0,0.5,0.0,0.5,0.4,0.5,0.18518,0.4,0.9,0.0,0.5,0.0,1.0,0.2,0.0,0.99976,0.0,1.0,1.0,1.0,1.0,1.0,0.0,0.06999,0.09998,0.0,1.0,1.0,1.0,0.0,1.0,1.0,1.0,0.0,1.0,1.0,0.5,0.5,0.5,1.0,1.0,0.5,0.5,0.5,0.0,0.0,1.0,1.0,1.0,0.5,0.5,1.0,0.2,1.0,1.0,1.0,1.0,1.0,1.0
0.0,0.5,0.0,0.5,0.4,0.5,0.18518,0.4,0.93333,0.0,0.5,0.0,1.0,0.2,0.0,0.99981,0.0,1.0,1.0,1.0,1.0,1.0,0.0,0.06999,0.09998,0.0,1.0,1.0,1.0,0.0,1.0,1.0,1.0,0.0,1.0,1.0,0.5,0.5,0.5,1.0,1.0,0.5,0.5,0.5,0.0,0.0,1.0,1.0,1.0,0.5,0.5,1.0,0.2,1.0,1.0,1.0,1.0,1.0,1.0
0.0,0.5,0.0,0.5,0.4,0.5,0.18518,0.4,0.96667,0.0,0.5,0.0,1.0,0.2,0.0,0.99985,0.0,1.0,1.0,1.0,1.0,1.0,0.0,0.06999,0.09998,0.0,1.0,1.0,1.0,0.0,1.0,1.0,1.0,0.0,1.0,1.0,0.5,0.5,0.5,1.0,1.0,0.5,0.5,0.5,0.0,0.0,1.0,1.0,1.0,0.5,0.5,1.0,0.2,1.0,1.0,1.0,1.0,1.0,1.0
0.0,0.5,0.0,0.5,0.4,0.5,0.18518,0.4,1.0,0.0,0.5,0.0,1.0,0.2,0.0,0.99988,0.0,1.0,1.0,1.0,1.0,1.0,0.0,0.06999,0.09998,0.0,1.0,1.0,1.0,0.0,1.0,1.0,1.0,0.0,1.0,1.0,0.5,0.5,0.5,1.0,1.0,0.5,0.5,0.5,0.0,0.0,1.0,1.0,1.0,0.5,0.5,1.0,0.2,1.0,1.0,1.0,1.0,1.0,1.0
0.5,0.5,0.5,0.5,0.5,0.5,0.31617,0.8,0.06667,0.0,0.5,0.0,0.0,0.24,0.0,0.5,0.5,0.9,1.0,1.0,1.0,0.5,1.0,0.89168,1.0,0.0,0.95664,0.91688,0.0,0.0,0.5,0.5,0.5,0.0,1.0,1.0,0.5,0.5,0.5,1.0,1.0,0.5,0.5,0.5,0.5,0.5,1.0,1.0,1.0,0.5,0.5,1.0,0.2,0.0,1.0,1.0,1.0,1.0,0.5
0.5,0.5,0.5,0.5,0.5,0.5,0.00082,0.2,0.13333,0.0,0.5,0.0,0.0,0.24,0.04,0.4277,0.0,0.7,1.0,1.0,1.0,0.5,1.0,0.73256,1.0,0.25,0.0055,0.0024,0.0,1.0,1.0,1.0,0.5,0.0,0.8,0.454,0.0562,0.5,0.28099,1.0,1.0,0.5,0.5,0.5,0.0,0.0,1.0,1.0,1.0,0.5,0.5,1.0,0.2,0.0,1.0,1.0,1.0,1.0,0.5
0.0,0.0,0.0,0.0,0.2,0.2,0.0001,0.2,0.23333,0.0,0.5,0.0,0.0,0.16,0.08,0.8861,0.0,1.0,1.0,1.0,1.0,0.7,0.0,0.33503,0.47861,0.0,0.00076,0.00026,0.0,0.0,1.0,1.0,1.0,0.0,1.0,1.0,0.5,0.5,0.5,1.0,1.0,0.5,0.5,0.5,0.0,0.0,1.0,1.0,1.0,0.5,0.5,1.0,0.2,0.0,1.0,1.0,1.0,0.0,1.0
0.0,0.0,1.0,1.0,0.2,0.2,9e-05,0.2,0.53333,0.0,0.5,0.0,0.0,0.08,0.08,0.99674,0.0,1.0,1.0,1.0,1.0,1.0,1.0,0.32637,0.46624,0.0,0.00071,0.00024,0.0,0.0,0.9556,1.0,1.0,0.0,1.0,1.0,0.5,0.5,0.5,1.0,1.0,0.5,0.5,0.5,0.0,0.0,1.0,1.0,1.0,0.5,0.5,1.0,0.2,0.0,1.0,1.0,1.0,1.0,1.0
0.5,0.5,0.5,0.5,0.5,0.5,0.13727,0.4,0.13333,0.0,0.5,0.0,0.0,0.44,0.0,0.94625,0.0,1.0,0.8,1.0,1.0,0.5,1.0,0.77929,1.0,0.25,0.79993,0.41503,0.5,0.0,0.66667,0.75,0.5,0.0,1.0,1.0,0.5,0.5,0.5,1.0,1.0,0.5,0.5,0.5,0.0,0.0,1.0,1.0,1.0,0.5,0.5,1.0,0.2,0.0,1.0,1.0,1.0,0.5,0.5
1.0,1.0,1.0,1.0,0.4,0.4,0.16864,0.4,0.2,0.0,0.5,0.0,0.0,0.44,0.04,0.63669,0.0,1.0,0.8,1.0,1.0,1.0,1.0,0.47433,0.67761,0.0,0.6996,0.53799,0.0,1.0,1.0,1.0,0.75,0.0,1.0,1.0,0.5,0.5,0.5,1.0,1.0,0.5,0.5,0.5,0.0,0.0,1.0,1.0,1.0,0.5,0.5,1.0,0.2,0.0,1.0,1.0,1.0,1.0,1.0
0.0,1.0,0.0,1.0,0.4,0.4,0.0041,0.4,0.4,0.0,0.5,0.0,0.0,0.32,0.08,0.0,0.99476,1.0,1.0,0.8,1.0,0.8,1.0,0.89742,1.0,0.25,0.02737,0.01375,0.33333,0.0,0.5625,1.0,0.5,0.0,1.0,1.0,0.5,0.52173,0.5,1.0,1.0,0.5,0.5,0.5,0.0,0.0,1.0,1.0,1.0,0.5,0.5,1.0,0.2,0.0,1.0,1.0,1.0,0.0,1.0
0.5,0.5,0.5,0.5,0.5,0.5,0.00026,0.6,1.0,0.0,0.5,0.0,0.0,0.16,0.16,0.0,0.99977,1.0,1.0,1.0,1.0,0.5,0.0,0.0001,0.00014,0.25,1.0,1.0,1.0,0.0,1.0,1.0,0.5,0.0,1.0,1.0,0.5,0.5,0.5,1.0,1.0,0.5,0.5,0.5,0.0,0.0,1.0,1.0,1.0,0.5,0.5,1.0,0.2,0.0,1.0,1.0,1.0,0.0,0.5
0.5,0.5,0.5,0.5,0.5,0.5,0.10942,0.4,0.33333,0.0,0.5,0.0,0.0,0.72,0.04,0.92815,0.0,1.0,1.0,1.0,1.0,0.5,1.0,0.76336,1.0,0.25,0.52924,0.35984,0.0,0.0,1.0,0.5,0.5,0.0,1.0,1.0,0.5,0.5,0.5,1.0,1.0,0.5,0.5,0.5,0.0,0.0,1.0,1.0,1.0,1.0,0.50537,1.0,0.2,0.0,1.0,0.0,1.0,0.0,0.5
0.0,0.0,0.0,0.0,0.4,0.4,0.09817,0.4,0.4,0.0,0.5,0.0,0.0,0.64,0.04,0.97559,0.0,1.0,1.0,1.0,1.0,1.0,1.0,0.75291,1.0,0.25,0.49501,0.32891,0.0,0.0,1.0,0.5,1.0,0.0,1.0,1.0,0.5,1.0,0.5,1.0,1.0,0.5,0.5,0.5,0.0,0.0,1.0,1.0,1.0,1.0,0.50537,1.0,0.2,0.0,1.0,0.0,1.0,0.0,1.0
0.0,0.0,0.0,0.0,0.2,0.2,0.08507,0.2,0.46667,0.0,0.5,0.0,0.0,0.6,0.04,0.98697,0.0,1.0,1.0,1.0,1.0,1.0,1.0,0.78075,1.0,0.25,0.39908,0.24928,0.0,0.0,1.0,0.5,1.0,0.0,1.0,1.0,0.5,1.0,0.5,1.0,1.0,0.5,0.5,0.5,0.0,0.0,1.0,1.0,1.0,1.0,0.50537,1.0,0.2,0.0,1.0,0.0,1.0,0.0,1.0
0.0,0.0,0.0,0.0,0.2,0.2,0.07372,0.2,0.53333,0.0,0.5,0.0,0.0,0.56,0.04,0.99472,0.0,1.0,1.0,1.0,1.0,1.0,1.0,0.76833,1.0,0.25,0.36263,0.22147,0.0,0.0,1.0,0.5,1.0,0.0,1.0,1.0,0.5,1.0,0.5,1.0,1.0,0.5,0.5,0.5,0.0,0.0,1.0,1.0,1.0,1.0,0.50537,1.0,0.2,0.0,1.0,0.0,1.0,0.0,1.0
0.0,0.0,0.0,0.0,0.2,0.2,0.02911,0.2,0.83333,0.0,0.5,0.0,0.0,0.52,0.04,0.0,0.99791,1.0,1.0,1.0,1.0,1.0,1.0,0.76799,1.0,0.25,0.14998,0.08107,0.0,0.0,1.0,0.75,1.0,0.0,1.0,1.0,0.5,1.0,0.5,1.0,1.0,0.5,0.5,0.5,0.0,0.0,1.0,1.0,1.0,1.0,0.50537,1.0,0.2,0.0,1.0,0.0,1.0,0.0,1.0
0.0,0.0,0.0,0.0,0.2,0.2,0.01069,0.2,0.0,0.83333,0.5,0.0,0.0,0.52,0.08,0.0,0.99852,1.0,1.0,1.0,1.0,1.0,0.0,0.77522,1.0,0.25,0.0548,0.02817,0.0,0.0,1.0,1.0,1.0,0.0,1.0,1.0,0.5,1.0,0.5,1.0,1.0,0.5,0.5,0.5,0.0,0.0,1.0,1.0,1.0,1.0,0.50537,1.0,0.2,0.0,1.0,0.0,1.0,0.0,1.0
0.0,0.0,0.0,0.0,0.2,0.2,0.00888,0.2,0.0,0.78947,0.5,0.0,0.0,0.52,0.08,0.0,0.99864,1.0,1.0,1.0,1.0,1.0,0.0,0.77168,1.0,0.25,0.0462,0.02365,0.0,0.0,1.0,1.0,1.0,0.0,1.0,1.0,0.5,1.0,0.5,1.0,1.0,0.5,0.5,0.5,0.0,0.0,1.0,1.0,1.0,1.0,0.50537,1.0,0.2,0.0,1.0,0.0,1.0,0.0,1.0
0.5,0.5,0.5,0.5,0.5,0.5,0.51988,1.0,0.26667,0.0,0.5,0.0,0.0,0.32,0.08,0.76881,0.0,1.0,1.0,1.0,1.0,0.5,0.0,0.90742,1.0,0.25,1.0,1.0,1.0,0.0,0.99985,0.75,0.5,0.0,1.0,1.0,0.5,0.5,0.5,1.0,1.0,0.5,0.5,0.5,0.0,0.0,1.0,1.0,1.0,1.0,0.09134,1.0,0.2,0.0,1.0,0.0,1.0,1.0,0.5
1.0,1.0,1.0,0.0,1.0,1.0,0.6839,1.0,0.46667,0.0,0.5,0.0,0.0,0.24,0.08,0.0,0.85522,0.4,0.6,0.4,1.0,0.4,1.0,0.95452,1.0,0.0,1.0,1.0,1.0,0.0,1.0,1.0,0.75,0.0,1.0,1.0,0.5,0.5,0.5,1.0,1.0,0.5,0.5,0.5,0.0,0.0,1.0,1.0,1.0,1.0,1.0,1.0,0.2,1.0,1.0,0.0,1.0,0.0,1.0
0.0,0.5,1.0,0.5,1.0,0.5,0.70928,1.0,0.5,0.0,0.5,0.0,1.0,0.28,0.08,0.0,0.97151,0.6,1.0,0.6,1.0,0.6,0.0,0.41016,0.58595,0.0,1.0,1.0,1.0,0.0,1.0,1.0,0.75,0.0,1.0,1.0,0.5,0.5,0.5,1.0,1.0,0.5,0.5,0.5,0.0,0.0,1.0,1.0,1.0,1.0,1.0,1.0,0.2,0.0,1.0,0.0,1.0,0.0,1.0
0.0,0.0,1.0,1.0,1.0,1.0,0.71071,1.0,0.56667,0.0,0.5,0.0,0.0,0.28,0.08,0.95006,0.0,1.0,1.0,0.6,1.0,0.6,1.0,0.96964,1.0,0.0,1.0,1.0,1.0,0.0,1.0,1.0,0.75,0.0,1.0,1.0,0.5,0.5,0.5,1.0,1.0,0.5,0.5,0.5,0.0,0.0,1.0,1.0,1.0,1.0,1.0,1.0,0.2,1.0,1.0,0.0,1.0,0.0,1.0
0.5,0.5,0.5,0.5,0.5,0.5,0.19533,0.4,0.06667,0.0,0.5,0.0,0.0,0.32,0.0,0.5,0.5,0.7,1.0,1.0,1.0,0.5,1.0,0.53404,0.76292,0.0,1.0,0.95463,0.5,0.0,0.44444,1.0,0.5,0.0,1.0,1.0,0.5,0.5,0.5,1.0,1.0,0.5,0.5,0.5,0.5,0.5,1.0,1.0,1.0,0.5,0.5,1.0,0.2,0.0,1.0,1.0,1.0,1.0,0.5
0.0,0.0,0.0,0.0,0.4,0.4,0.1829,0.4,0.16667,0.0,0.5,0.0,0.0,0.28,0.0,0.94772,0.0,0.9,1.0,1.0,1.0,0.8,0.0,0.06827,0.09753,0.25,1.0,1.0,1.0,1.0,1.0,0.75,0.5,0.0,1.0,1.0,0.5,0.5,0.5,1.0,1.0,0.5,0.5,0.5,0.0,0.0,1.0,1.0,1.0,0.5,0.5,1.0,0.2,1.0,1.0,1.0,1.0,1.0,1.0
0.0,0.0,0.0,0.0,0.4,0.4,0.18024,0.4,0.0,0.96774,0.5,0.0,0.0,0.2,0.0,0.99984,0.0,1.0,1.0,1.0,1.0,0.9,0.0,0.0663,0.09472,0.0,1.0,1.0,1.0,0.0,1.0,1.0,1.0,0.0,1.0,1.0,0.5,0.5,0.5,1.0,1.0,0.5,0.5,0.5,0.0,0.0,1.0,1.0,1.0,0.5,0.5,1.0,0.2,1.0,1.0,1.0,1.0,1.0,1.0
0.0,0.5,0.0,0.5,0.4,0.5,0.18024,0.4,0.0,0.9375,0.5,0.0,1.0,0.2,0.0,0.99987,0.0,1.0,1.0,1.0,1.0,1.0,0.0,0.0663,0.09472,0.0,1.0,1.0,1.0,0.0,1.0,1.0,1.0,0.0,1.0,1.0,0.5,0.5,0.5,1.0,1.0,0.5,0.5,0.5,0.0,0.0,1.0,1.0,1.0,0.5,0.5,1.0,0.2,1.0,1.0,1.0,1.0,1.0,1.0
0.0,0.5,0.0,0.5,0.4,0.5,0.18024,0.4,0.0,0.90909,0.5,0.0,1.0,0.2,0.0,0.99989,0.0,1.0,1.0,1.0,1.0,1.0,0.0,0.0663,0.09472,0.0,1.0,1.0,1.0,0.0,1.0,1.0,1.0,0.0,1.0,1.0,0.5,0.5,0.5,1.0,1.0,0.5,0.5,0.5,0.0,0.0,1.0,1.0,1.0,0.5,0.5,1.0,0.2,1.0,1.0,1.0,1.0,1.0,1.0
0.0,0.5,0.0,0.5,0.4,0.5,0.18024,0.4,0.0,0.88235,0.5,0.0,1.0,0.2,0.0,0.99991,0.0,1.0,1.0,1.0,1.0,1.0,0.0,0.0663,0.09472,0.0,1.0,1.0,1.0,0.0,1.0,1.0,1.0,0.0,1.0,1.0,0.5,0.5,0.5,1.0,1.0,0.5,0.5,0.5,0.0,0.0,1.0,1.0,1.0,0.5,0.5,1.0,0.2,1.0,1.0,1.0,1.0,1.0,1.0
0.0,0.5,0.0,0.5,0.4,0.5,0.18024,0.4,0.0,0.85714,0.5,0.0,1.0,0.2,0.0,0.99993,0.0,1.0,1.0,1.0,1.0,1.0,0.0,0.0663,0.09472,0.0,1.0,1.0,1.0,0.0,1.0,1.0,1.0,0.0,1.0,1.0,0.5,0.5,0.5,1.0,1.0,0.5,0.5,0.5,0.0,0.0,1.0,1.0,1.0,0.5,0.5,1.0,0.2,1.0,1.0,1.0,1.0,1.0,1.0
0.0,0.5,0.0,0.5,0.4,0.5,0.18024,0.4,0.0,0.83333,0.5,0.0,1.0,0.2,0.0,0.99994,0.0,1.0,1.0,1.0,1.0,1.0,0.0,0.0663,0.09472,0.0,1.0,1.0,1.0,0.0,1.0,1.0,1.0,0.0,1.0,1.0,0.5,0.5,0.5,1.0,1.0,0.5,0.5,0.5,0.0,0.0,1.0,1.0,1.0,0.5,0.5,1.0,0.2,1.0,1.0,1.0,1.0,1.0,1.0
0.0,0.5,0.0,0.5,0.4,0.5,0.18024,0.4,0.0,0.81081,0.5,0.0,1.0,0.2,0.0,0.99995,0.0,1.0,1.0,1.0,1.0,1.0,0.0,0.0663,0.09472,0.0,1.0,1.0,1.0,0.0,1.0,1.0,1.0,0.0,1.0,1.0,0.5,0.5,0.5,1.0,1.0,0.5,0.5,0.5,0.0,0.0,1.0,1.0,1.0,0.5,0.5,1.0,0.2,1.0,1.0,1.0,1.0,1.0,1.0
0.0,0.5,0.0,0.5,0.4,0.5,0.18024,0.4,0.0,0.78947,0.5,0.0,1.0,0.2,0.0,0.99996,0.0,1.0,1.0,1.0,1.0,1.0,0.0,0.0663,0.09472,0.0,1.0,1.0,1.0,0.0,1.0,1.0,1.0,0.0,1.0,1.0,0.5,0.5,0.5,1.0,1.0,0.5,0.5,0.5,0.0,0.0,1.0,1.0,1.0,0.5,0.5,1.0,0.2,1.0,1.0,1.0,1.0,1.0,1.0
0.0,0.0,1.0,0.0,0.4,0.4,0.18024,0.4,0.0,0.75,0.5,0.0,0.0,0.2,0.0,0.99998,0.0,1.0,1.0,1.0,1.0,1.0,0.0,0.0663,0.09472,0.0,1.0,1.0,1.0,0.0,1.0,1.0,1.0,0.0,1.0,1.0,0.5,0.5,0.5,1.0,1.0,0.5,0.5,0.5,0.0,0.0,1.0,1.0,1.0,0.5,0.5,1.0,0.2,1.0,1.0,1.0,1.0,1.0,1.0
0.5,0.5,0.5,0.5,0.5,0.5,0.12011,0.6,0.5,0.0,0.5,0.0,0.0,0.28,0.04,0.99847,0.0,1.0,1.0,1.0,1.0,0.5,1.0,0.4797,0.68529,0.75,0.74322,0.48535,0.5,0.0,0.95216,1.0,0.5,0.0,1.0,1.0,0.5,0.5,0.5,1.0,1.0,0.5,0.5,0.5,0.0,0.0,1.0,1.0,1.0,1.0,0.5266,1.0,0.2,0.0,1.0,0.0,1.0,0.0,0.5
0.0,0.0,0.0,1.0,0.6,0.6,0.07491,0.4,0.0,0.96774,0.5,0.0,0.0,0.16,0.04,0.99344,0.0,1.0,0.9,1.0,1.0,0.8,0.0,0.92282,1.0,0.25,0.24872,0.14202,0.0,0.0,0.7972,0.5,0.25,0.0,1.0,1.0,0.5,0.5,0.5,1.0,1.0,0.5,0.5,0.5,0.0,0.0,1.0,1.0,1.0,1.0,0.19999,1.0,0.2,0.0,1.0,0.0,1.0,0.0,1.0
0.5,0.5,0.5,0.5,0.5,0.5,0.36641,1.0,0.13333,0.0,0.5,0.0,0.0,0.44,0.08,0.4239,0.0,0.7,1.0,0.7,1.0,0.5,1.0,0.72672,1.0,0.25,1.0,1.0,1.0,0.0,1.0,0.75,0.5,0.0,1.0,1.0,0.5,0.5,0.5,1.0,1.0,0.5,0.5,0.5,0.0,0.0,1.0,1.0,1.0,1.0,1.0,1.0,0.2,0.0,1.0,0.0,1.0,0.0,0.5
1.0,1.0,1.0,1.0,1.0,1.0,0.63524,1.0,0.36667,0.0,0.5,0.0,0.0,0.12,0.16,0.99495,0.0,1.0,1.0,0.8,1.0,0.8,1.0,0.82353,1.0,0.0,1.0,1.0,1.0,0.0,1.0,1.0,0.75,0.0,1.0,1.0,0.5,0.5,0.5,1.0,1.0,0.5,0.5,0.5,0.0,0.0,1.0,1.0,1.0,0.74449,0.09085,1.0,0.2,1.0,1.0,0.0,1.0,1.0,1.0
0.0,0.0,1.0,1.0,1.0,1.0,0.63836,1.0,0.0,0.75,0.5,0.0,0.0,0.08,0.16,0.0,0.99998,1.0,1.0,0.8,1.0,1.0,0.0,0.83165,1.0,0.0,1.0,1.0,1.0,0.0,1.0,1.0,1.0,0.0,1.0,1.0,0.5,0.5,0.5,1.0,1.0,0.5,0.5,0.5,0.0,0.0,1.0,1.0,1.0,0.74449,0.09085,1.0,0.2,1.0,1.0,0.0,1.0,1.0,1.0
0.5,0.5,0.5,0.5,0.5,0.5,0.02005,0.1,0.13333,0.0,1.0,0.0,0.0,0.33,0.01,0.37523,0.0,1.0,0.64444,1.0,1.0,0.5,0.0,0.74314,1.0,0.11111,0.21758,0.10192,0.0,0.0,0.94029,0.88889,0.5,0.0,0.9,0.84274,0.07966,0.5,0.39831,1.0,1.0,0.5,0.5,0.5,0.0,0.0,1.0,1.0,1.0,0.5,0.5,1.0,0.1,0.0,1.0,1.0,1.0,0.75,0.5
1.0,0.0,1.0,0.0,0.1,0.2,0.0,0.1,0.33333,0.0,1.0,0.0,0.0,0.15,0.06,0.0,0.97576,0.73333,1.0,0.66667,1.0,0.84444,1.0,0.73025,1.0,0.11111,0.0,0.0,0.0,1.0,0.86538,1.0,0.66667,1.0,1.0,1.0,0.5,0.5,0.5,1.0,1.0,0.5,0.5,0.5,0.0,0.1094,1.0,1.0,1.0,0.5,0.5,0.0,0.3,1.0,1.0,1.0,1.0,0.0,1.0
1.0,1.0,1.0,1.0,0.15,0.2,0.0,0.2,0.4,0.0,1.0,0.0,0.0,0.12,0.05,0.95315,0.0,1.0,0.66667,0.73333,1.0,1.0,0.0,0.76937,1.0,0.55556,0.0,0.0,0.14286,0.0,0.86245,1.0,0.55556,0.0,1.0,1.0,0.5,0.5,0.5,1.0,1.0,0.5,0.5,0.5,0.0,0.0,1.0,1.0,1.0,0.5,0.5,1.0,0.1,0.0,1.0,1.0,1.0,0.0,1.0
1.0,1.0,1.0,1.0,0.3,0.4,0.00167,0.4,0.46667,0.0,1.0,0.0,0.0,0.1,0.05,0.9657,0.0,1.0,0.66667,0.73333,1.0,1.0,1.0,0.76035,1.0,0.11111,0.014,0.00653,0.0,1.0,0.9049,0.88889,0.55556,0.0,1.0,1.0,0.5,0.5,0.5,1.0,1.0,0.5,0.5,0.5,0.0,0.0,1.0,1.0,1.0,0.5,0.5,1.0,0.1,0.0,1.0,1.0,1.0,0.0,1.0
0.5,0.5,0.5,0.5,0.5,0.5,0.17918,1.0,0.13333,0.0,1.0,0.0,0.0,0.53,0.01,0.31761,0.0,1.0,1.0,1.0,1.0,0.5,1.0,0.75441,1.0,0.11111,1.0,1.0,1.0,0.0,0.9421,0.88889,0.5,0.0,1.0,1.0,0.5,0.5,0.5,1.0,1.0,0.5,0.5,0.5,0.0,0.0,1.0,1.0,1.0,1.0,1.0,1.0,0.1,0.0,1.0,0.0,1.0,0.0,0.5
1.0,0.0,1.0,0.0,1.0,1.0,0.16896,1.0,0.2,0.0,1.0,0.0,0.0,0.43,0.01,0.7697,0.0,1.0,1.0,1.0,1.0,1.0,0.0,0.64503,0.92147,0.11111,1.0,1.0,1.0,0.0,1.0,0.88889,0.77778,0.0,1.0,1.0,0.5,0.5,0.5,1.0,1.0,0.5,0.5,0.5,0.0,0.0,1.0,1.0,1.0,1.0,1.0,1.0,0.1,0.0,1.0,0.0,1.0,0.66667,1.0
1.0,0.0,0.0,0.0,1.0,0.9,0.13177,0.8,0.46667,0.0,1.0,0.0,0.0,0.42,0.02,0.99643,0.0,1.0,1.0,1.0,1.0,1.0,1.0,0.67026,0.95751,0.11111,1.0,1.0,1.0,0.0,1.0,0.88889,0.77778,0.0,1.0,1.0,0.5,0.5,0.5,1.0,1.0,0.5,0.5,0.5,0.0,0.0,1.0,1.0,1.0,1.0,1.0,1.0,0.1,0.0,1.0,0.0,1.0,0.0,1.0
1.0,1.0,1.0,1.0,0.8,0.8,0.14477,0.9,0.6,0.0,1.0,0.0,0.0,0.41,0.03,0.99604,0.0,1.0,1.0,1.0,1.0,1.0,1.0,0.69672,0.99531,0.11111,1.0,1.0,1.0,0.0,1.0,0.88889,1.0,0.0,1.0,1.0,0.5,0.5,0.5,1.0,1.0,0.5,0.5,0.5,0.0,0.0,1.0,1.0,1.0,1.0,1.0,1.0,0.1,0.0,1.0,0.0,1.0,0.0,1.0
0.5,0.5,0.5,0.5,0.5,0.5,0.1848,1.0,0.33333,0.0,1.0,0.0,0.0,0.33,0.05,0.89429,0.0,0.55556,1.0,0.57778,0.66667,0.5,0.0,0.73282,1.0,0.11111,1.0,1.0,1.0,0.0,0.99102,0.55556,0.5,0.1,1.0,1.0,0.5,0.5,0.5,1.0,1.0,0.5,0.5,0.5,0.10918,0.08214,0.9,1.0,1.0,1.0,1.0,1.0,0.1,0.0,1.0,0.0,1.0,0.0,0.5
1.0,0.0,0.0,0.0,1.0,0.9,0.16133,0.9,0.43333,0.0,1.0,0.0,0.0,0.26,0.06,0.9658,0.0,0.68889,1.0,0.6,0.82222,0.62222,1.0,0.64372,0.91959,0.11111,1.0,1.0,1.0,0.0,1.0,0.77778,0.66667,0.0,0.9,0.87163,1.0,1.0,0.0,1.0,1.0,0.0,0.0855,0.86021,0.0,0.06373,1.0,1.0,1.0,1.0,0.87731,1.0,0.1,0.0,1.0,0.0,1.0,0.0,1.0
1.0,0.0,0.0,0.0,0.9,0.8,0.11067,0.6,0.53333,0.0,1.0,0.0,0.0,0.25,0.06,0.0,0.99196,1.0,1.0,0.6,1.0,0.82222,1.0,0.63965,0.91378,0.11111,0.83719,0.71997,0.0,0.0,1.0,0.77778,1.0,0.0,1.0,1.0,0.5,1.0,0.5,1.0,1.0,0.0,0.0855,0.86021,0.0,0.0,1.0,1.0,1.0,1.0,0.87731,1.0,0.1,0.0,1.0,0.0,1.0,0.0,1.0
0.5,0.5,0.5,0.5,0.5,0.5,0.1046,0.7,0.1,0.0,1.0,0.0,0.0,0.12,0.0,0.0,0.99767,0.66667,0.8,1.0,1.0,0.5,0.0,0.60471,0.86387,0.22222,1.0,1.0,1.0,0.0,0.42188,0.55556,0.5,0.0,1.0,1.0,0.5,0.5,0.5,1.0,1.0,0.5,0.5,0.5,0.0,0.0,1.0,1.0,1.0,0.5,0.5,1.0,0.1,0.0,1.0,1.0,1.0,0.33333,0.5
0.0,0.0,0.0,1.0,0.7,0.7,0.10846,0.7,0.23333,0.0,1.0,0.0,0.0,0.09,0.02,0.79866,0.0,0.95556,0.97778,0.97778,1.0,0.88889,1.0,0.65254,0.93221,0.11111,0.778,0.63667,0.0,0.0,1.0,0.88889,0.55556,0.0,1.0,1.0,0.5,0.5,0.5,1.0,1.0,0.5,0.5,0.5,0.0,0.0,1.0,1.0,1.0,1.0,1.0,1.0,0.1,0.0,1.0,0.0,1.0,0.0,1.0
0.0,0.0,0.0,0.0,0.7,0.7,0.10497,0.7,0.3,0.0,1.0,0.0,0.0,0.08,0.03,0.95327,0.0,0.95556,1.0,0.93333,1.0,0.95556,1.0,0.65509,0.93584,0.11111,0.74957,0.59945,0.0,0.0,1.0,0.88889,1.0,0.0,1.0,1.0,0.5,0.5,0.5,1.0,1.0,0.5,0.5,0.5,0.0,0.0,1.0,1.0,1.0,1.0,1.0,1.0,0.1,0.0,1.0,0.0,1.0,0.0,1.0
1.0,1.0,1.0,1.0,0.7,0.7,0.09763,0.6,0.4,0.0,1.0,0.0,0.0,0.08,0.03,0.0,0.99095,1.0,0.97778,0.93333,1.0,1.0,1.0,0.70975,1.0,0.11111,0.56861,0.39725,0.0,0.0,1.0,1.0,0.77778,0.0,1.0,1.0,0.5,0.5,0.5,1.0,1.0,0.5,0.5,0.5,0.0,0.0,1.0,1.0,1.0,1.0,0.13927,1.0,0.1,0.0,1.0,0.0,1.0,0.0,1.0
0.5,0.5,0.5,0.5,0.5,0.5,0.15117,0.8,0.33333,0.0,1.0,0.0,0.0,0.17,0.04,0.98878,0.0,0.73333,0.73333,1.0,1.0,0.5,0.0,0.77208,1.0,0.44444,1.0,1.0,1.0,0.0,0.94847,0.88889,0.5,0.55,1.0,1.0,0.5,0.5,0.5,1.0,1.0,0.5,0.5,0.5,0.23141,0.90897,0.45,1.0,1.0,0.12839,0.15712,1.0,0.1,0.0,1.0,0.0,1.0,0.2,0.5
0.5,0.5,0.5,0.5,0.5,0.5,0.08916,0.2,0.3,0.0,1.0,0.0,0.0,0.53,0.0,0.97133,0.0,1.0,1.0,1.0,1.0,0.5,1.0,0.73029,1.0,0.11111,0.98948,0.93655,0.25,0.0,0.97355,0.88889,0.5,0.0,1.0,1.0,0.5,0.5,0.5,1.0,1.0,0.5,0.5,0.5,0.0,0.0,1.0,1.0,1.0,0.5,0.5,1.0,0.1,0.0,1.0,1.0,1.0,0.75,0.5
1.0,0.0,1.0,0.0,0.6,0.2,0.07235,0.1,0.4,0.0,1.0,0.0,0.0,0.37,0.0,0.96761,0.0,1.0,1.0,1.0,1.0,0.82222,0.0,0.73553,1.0,0.11111,0.7915,0.68062,0.0,0.0,0.95408,0.33333,0.77778,0.0,1.0,1.0,0.5,0.5,0.5,1.0,1.0,0.5,0.5,0.5,0.0,0.0,1.0,1.0,1.0,0.5,0.5,1.0,0.1,0.0,1.0,1.0,1.0,0.25,1.0
0.5,0.5,0.5,0.5,0.5,0.5,0.10633,0.4,0.33333,0.0,1.0,0.0,0.0,0.18,0.03,0.98506,0.0,1.0,1.0,1.0,1.0,0.5,0.0,0.67022,0.95746,0.22222,1.0,0.90149,0.66667,0.0,0.91148,1.0,0.5,0.0,1.0,1.0,0.5,0.5,0.5,1.0,1.0,0.5,0.5,0.5,0.0,0.33328,1.0,1.0,1.0,0.5,0.5,1.0,0.1,0.0,1.0,1.0,1.0,0.66667,0.5
0.5,0.5,0.5,0.5,0.5,0.5,0.05681,0.1,0.1,0.0,1.0,0.0,0.0,0.11,0.0,0.95293,0.0,0.97778,0.97778,1.0,1.0,0.5,0.0,0.54854,0.78363,0.11111,0.98454,0.96956,0.0,0.0,0.5,0.88889,0.5,0.0,1.0,1.0,0.5,0.5,0.5,1.0,1.0,0.5,0.5,0.5,0.0,0.0,1.0,1.0,1.0,0.5,0.5,1.0,0.1,0.0,1.0,1.0,1.0,0.0,0.5
0.0,0.0,0.0,0.0,0.1,0.1,0.0,0.1,0.26667,0.0,1.0,0.0,0.0,0.11,0.01,0.67693,0.0,1.0,1.0,1.0,1.0,0.97778,1.0,0.57225,0.8175,0.22222,0.0,0.0,0.0,0.0,0.5,1.0,0.77778,1.0,0.9,0.87321,0.28427,0.5,0.28427,1.0,1.0,0.5,0.5,0.5,0.0,0.0,1.0,1.0,1.0,0.5,0.5,0.0,0.1,1.0,0.0,1.0,1.0,0.0,1.0
0.5,0.5,0.5,0.5,0.5,0.5,0.16405,0.9,0.1,0.0,1.0,0.0,0.0,0.28,0.02,0.3536,0.0,0.73333,1.0,0.73333,1.0,0.5,1.0,0.76985,1.0,0.11111,1.0,0.88752,0.66667,0.0,0.95214,0.88889,0.5,0.0,1.0,1.0,0.5,0.5,0.5,1.0,1.0,0.5,0.5,0.5,0.0,0.0,1.0,1.0,1.0,1.0,1.0,1.0,0.1,0.0,1.0,0.0,1.0,0.0,0.5
1.0,0.5,1.0,0.5,0.9,0.5,0.18526,0.9,0.13333,0.0,1.0,0.0,1.0,0.22,0.04,0.77405,0.0,0.57778,1.0,0.57778,1.0,0.57778,1.0,0.96683,1.0,0.11111,1.0,0.95642,0.8,0.0,0.7944,1.0,0.33333,0.0,1.0,1.0,0.5,0.5,0.5,1.0,1.0,0.5,0.5,0.5,0.0,0.0,1.0,1.0,1.0,1.0,1.0,1.0,0.1,0.0,1.0,0.0,1.0,0.0,1.0
0.0,0.0,1.0,1.0,0.9,0.9,0.21981,0.9,0.26667,0.0,1.0,0.0,0.0,0.18,0.09,0.0,0.92589,0.68889,1.0,0.62222,0.66667,0.64444,1.0,0.74444,1.0,0.33333,1.0,1.0,1.0,0.0,0.96438,0.88889,0.55556,0.0,0.9,0.88315,1.0,0.5,1.0,1.0,1.0,0.5,0.5,0.5,0.0,0.0,1.0,1.0,1.0,1.0,1.0,1.0,0.1,0.0,1.0,0.0,1.0,0.66667,1.0
0.5,0.5,0.5,0.5,0.5,0.5,0.22528,0.8,0.36667,0.0,1.0,0.0,0.0,0.21,0.05,0.0,0.99749,0.88889,1.0,0.8,0.55556,0.5,1.0,0.85973,1.0,0.11111,1.0,0.98283,0.5,0.0,0.99021,0.77778,0.5,0.0,1.0,1.0,0.5,0.5,0.5,1.0,1.0,0.5,0.5,0.5,0.0,0.0,1.0,1.0,1.0,1.0,1.0,1.0,0.1,0.0,1.0,0.0,1.0,0.0,0.5
0.0,0.0,0.0,0.0,0.8,0.8,0.11616,0.7,0.66667,0.0,1.0,0.0,0.0,0.12,0.05,0.99691,0.0,1.0,0.97778,0.77778,1.0,0.84444,1.0,0.98832,1.0,0.11111,0.65573,0.39263,0.33333,0.0,0.8265,0.77778,0.88889,0.0,1.0,1.0,0.5,0.5,0.5,1.0,1.0,0.5,0.5,0.5,0.0,0.0,1.0,1.0,1.0,1.0,0.10048,1.0,0.1,0.0,1.0,0.0,1.0,0.0,1.0
0.0,0.0,0.0,0.0,0.7,0.7,0.11424,0.7,0.73333,0.0,1.0,0.0,0.0,0.1,0.05,0.97332,0.0,1.0,0.97778,0.77778,1.0,1.0,1.0,0.99708,1.0,0.11111,0.65079,0.3884,0.33333,0.0,0.82392,1.0,1.0,0.0,1.0,1.0,0.5,0.5,0.5,1.0,1.0,0.5,0.5,0.5,0.0,0.0,1.0,1.0,1.0,1.0,0.10048,1.0,0.1,0.0,1.0,0.0,1.0,0.0,1.0
1.0,1.0,1.0,1.0,0.7,0.7,0.12701,0.7,0.83333,0.0,1.0,0.0,0.0,0.08,0.05,0.97865,0.0,0.91111,1.0,0.93333,1.0,0.91111,1.0,0.97697,1.0,0.11111,0.74414,0.43809,0.33333,0.0,0.82724,1.0,1.0,0.0,1.0,1.0,0.5,0.5,0.5,1.0,1.0,0.5,0.5,0.5,0.0,0.0,1.0,1.0,1.0,1.0,0.10048,1.0,0.1,0.0,1.0,0.0,1.0,0.0,1.0
0.0,0.0,1.0,1.0,0.7,0.7,0.13076,0.7,0.93333,0.0,1.0,0.0,0.0,0.06,0.04,0.9709,0.0,1.0,1.0,0.68889,0.77778,0.62222,1.0,0.7632,1.0,0.22222,1.0,0.68721,0.66667,0.0,0.88455,0.88889,0.77778,0.0,1.0,1.0,0.5,0.5,0.5,1.0,1.0,0.5,0.5,0.5,0.0,0.0,1.0,1.0,1.0,1.0,0.40039,1.0,0.1,0.0,1.0,0.0,1.0,0.0,1.0
0.5,0.5,0.5,0.5,0.5,0.5,0.16041,1.0,0.1,0.0,1.0,0.0,0.0,0.24,0.01,0.35883,0.0,0.88889,0.84444,1.0,1.0,0.5,1.0,0.61432,0.8776,0.22222,1.0,1.0,1.0,0.0,1.0,0.77778,0.5,0.0,1.0,1.0,0.5,0.5,0.5,1.0,1.0,0.5,0.5,0.5,0.0,0.0,1.0,1.0,1.0,1.0,1.0,1.0,0.1,0.0,1.0,0.0,1.0,0.0,0.5
1.0,1.0,1.0,1.0,1.0,1.0,0.19639,0.9,0.26667,0.0,1.0,0.0,0.0,0.21,0.04,0.0,0.9758,0.82222,0.88889,0.82222,1.0,0.86667,1.0,0.72446,1.0,0.11111,1.0,1.0,1.0,0.0,0.80383,0.88889,0.88889,0.0,1.0,1.0,0.5,0.5,0.5,1.0,1.0,0.5,0.5,0.5,0.0,0.0,1.0,1.0,1.0,1.0,1.0,1.0,0.1,0.0,1.0,0.0,1.0,0.5,1.0
1.0,1.0,1.0,1.0,0.9,1.0,0.2182,0.8,0.53333,0.0,1.0,0.0,0.0,0.13,0.05,0.0,0.99635,1.0,0.86667,1.0,1.0,0.88889,1.0,0.78594,1.0,0.11111,1.0,0.91825,0.5,0.0,0.87092,1.0,0.77778,0.0,1.0,1.0,0.5,0.5,0.5,1.0,1.0,0.5,0.5,0.5,0.0,0.0,1.0,1.0,1.0,1.0,0.08908,1.0,0.1,0.0,1.0,0.0,1.0,0.5,1.0
1.0,1.0,1.0,1.0,1.0,0.9,0.22061,0.9,0.6,0.0,1.0,0.0,0.0,0.13,0.05,0.0,0.98558,1.0,1.0,1.0,1.0,0.86667,0.0,0.77248,1.0,0.11111,1.0,1.0,1.0,0.0,0.89244,0.66667,1.0,0.0,1.0,1.0,0.5,0.5,0.5,1.0,1.0,0.5,0.5,0.5,0.0,0.0,1.0,1.0,1.0,1.0,0.08908,1.0,0.1,0.0,1.0,0.0,1.0,0.0,1.0
0.5,0.5,0.5,0.5,0.5,0.5,0.0238,0.1,0.06667,0.0,1.0,0.0,0.0,0.49,0.0,0.5,0.5,0.35556,0.64444,1.0,1.0,0.5,1.0,0.82468,1.0,0.11111,0.22513,0.13174,0.0,0.0,0.88577,1.0,0.5,0.0,1.0,1.0,0.5,0.5,0.5,1.0,1.0,0.5,0.5,0.5,0.5,0.5,1.0,1.0,1.0,0.5,0.5,1.0,0.1,0.0,1.0,1.0,1.0,0.33333,0.5
1.0,1.0,1.0,1.0,0.2,0.2,0.03047,0.2,0.26667,0.0,1.0,0.0,0.0,0.72,0.0,1.0,0.0,1.0,1.0,1.0,1.0,0.64444,1.0,0.72801,1.0,0.11111,0.29103,0.15713,0.125,0.0,0.93066,0.88889,0.77778,0.0,1.0,1.0,0.5,0.5,0.5,1.0,1.0,0.5,0.5,0.5,0.0,0.0,1.0,1.0,1.0,0.5,0.5,1.0,0.1,0.0,1.0,1.0,1.0,0.625,1.0
0.5,0.5,0.5,0.5,0.5,0.5,0.04369,0.1,0.3,0.0,1.0,0.0,0.0,0.47,0.04,0.91804,0.0,1.0,1.0,0.82222,1.0,0.5,1.0,0.96472,1.0,0.44444,0.47508,0.31309,0.0,0.0,0.95811,0.66667,0.5,0.0,1.0,1.0,0.5,0.5,0.5,1.0,1.0,0.5,0.5,0.5,0.0,0.0,1.0,1.0,1.0,0.27916,0.55333,1.0,0.1,0.0,1.0,0.0,1.0,0.28571,0.5
0.5,0.5,0.5,0.5,0.5,0.5,0.05051,0.2,0.13333,0.0,1.0,0.0,0.0,0.11,0.0,0.97128,0.0,0.95556,1.0,1.0,1.0,0.5,1.0,0.57255,0.81792,0.11111,0.7332,0.51214,0.0,0.0,0.51928,1.0,0.5,0.0,1.0,1.0,0.5,0.5,0.5,1.0,1.0,0.5,0.5,0.5,0.0,0.0,1.0,1.0,1.0,0.5,0.5,1.0,0.1,0.0,1.0,1.0,1.0,0.5,0.5
0.0,0.0,1.0,1.0,0.2,0.2,0.0299,0.2,0.3,0.0,1.0,0.0,0.0,0.11,0.0,0.0,0.99456,0.97778,0.95556,1.0,1.0,0.93333,1.0,0.6025,0.86071,0.11111,0.41076,0.27294,0.0,0.0,0.50753,1.0,0.77778,0.0,1.0,1.0,0.5,0.5,0.5,1.0,1.0,0.5,0.5,0.5,0.0,0.0,1.0,1.0,1.0,0.5,0.5,1.0,0.1,0.0,1.0,1.0,1.0,0.5,1.0
0.5,0.5,0.5,0.5,0.5,0.5,0.15002,0.8,0.13333,0.0,1.0,0.0,0.0,0.2,0.03,0.76119,0.0,0.82222,0.84444,0.71111,0.68889,0.5,0.0,0.97749,1.0,0.22222,1.0,0.89192,0.83333,0.0,0.72941,0.88889,0.5,0.0,1.0,1.0,0.5,0.5,0.5,1.0,1.0,0.5,0.5,0.5,0.0,0.0,1.0,1.0,1.0,0.5,0.5,1.0,0.1,0.0,1.0,1.0,1.0,0.5,0.5
1.0,1.0,1.0,1.0,0.9,0.9,0.05227,0.6,0.36667,0.0,1.0,0.0,0.0,0.09,0.06,0.98595,0.0,1.0,0.97778,0.95556,1.0,0.86667,0.0,0.66266,0.94666,0.44444,0.6228,0.38967,0.33333,0.0,0.7172,0.77778,0.66667,0.0,0.9,0.39499,0.23892,0.5,0.36757,1.0,1.0,0.5,0.5,0.5,0.0,0.0,1.0,1.0,1.0,1.0,0.09962,1.0,0.1,0.0,1.0,0.0,1.0,0.33333,1.0
0.5,0.5,0.5,0.5,0.5,0.5,0.14846,0.8,0.2,0.0,1.0,0.0,0.0,0.34,0.01,0.4292,0.0,0.82222,1.0,0.91111,1.0,0.5,1.0,0.92848,1.0,0.44444,1.0,1.0,1.0,0.0,0.90297,0.55556,0.5,0.0,1.0,1.0,0.5,0.5,0.5,1.0,1.0,0.5,0.5,0.5,0.0,0.0,1.0,1.0,1.0,1.0,1.0,1.0,0.1,0.0,1.0,0.0,1.0,0.0,0.5
1.0,0.0,1.0,0.0,0.9,0.9,0.10359,0.6,0.43333,0.0,1.0,0.0,0.0,0.13,0.07,0.0,0.98813,0.82222,1.0,0.71111,0.8,0.64444,1.0,0.94252,1.0,0.11111,0.69848,0.41128,0.25,0.0,0.89225,0.55556,0.44444,0.0,1.0,1.0,0.5,0.5,0.5,1.0,1.0,0.5,0.5,0.5,0.0,0.0,1.0,1.0,1.0,0.67765,0.41679,1.0,0.1,0.0,1.0,0.0,1.0,0.0,1.0
0.0,0.0,0.0,0.0,0.6,0.5,0.06454,0.4,0.56667,0.0,1.0,0.0,0.0,0.13,0.07,0.98888,0.0,1.0,0.88889,0.68889,0.88889,0.93333,1.0,0.96287,1.0,0.11111,0.44393,0.26864,0.0,0.0,0.85503,1.0,1.0,0.0,1.0,1.0,0.5,0.5,0.5,1.0,1.0,0.5,0.5,0.5,0.0,0.0,1.0,1.0,1.0,0.67765,0.41679,1.0,0.1,0.0,1.0,0.0,1.0,0.0,1.0
1.0,1.0,1.0,1.0,0.5,0.4,0.08153,0.4,0.8,0.0,1.0,0.0,0.0,0.16,0.05,0.0,0.99563,1.0,0.93333,0.95556,0.95556,0.91111,1.0,0.90846,1.0,0.11111,0.5234,0.40633,0.0,0.0,0.86231,0.77778,0.88889,0.0,1.0,1.0,0.5,0.5,0.5,1.0,1.0,0.5,0.5,0.5,0.0,0.0,1.0,1.0,1.0,1.0,0.84122,1.0,0.1,0.0,1.0,0.0,1.0,0.33333,1.0
0.0,0.0,0.0,0.0,0.4,0.4,0.07676,0.4,0.86667,0.0,1.0,0.0,0.0,0.11,0.05,0.99025,0.0,1.0,1.0,0.95556,0.95556,1.0,1.0,0.91242,1.0,0.11111,0.4896,0.30794,0.0,0.0,0.87943,0.66667,1.0,0.0,1.0,1.0,0.5,0.5,0.5,1.0,1.0,0.5,0.5,0.5,0.0,0.0,1.0,1.0,1.0,1.0,0.84122,1.0,0.1,0.0,1.0,0.0,1.0,0.0,1.0
0.0,0.0,0.0,0.0,0.4,0.4,0.07665,0.4,0.93333,0.0,1.0,0.0,0.0,0.09,0.05,0.98637,0.0,1.0,1.0,0.88889,1.0,1.0,1.0,0.91259,1.0,0.11111,0.48873,0.30251,0.0,0.0,0.89224,0.77778,1.0,0.0,1.0,1.0,0.5,0.5,0.5,1.0,1.0,0.5,0.5,0.5,0.0,0.0,1.0,1.0,1.0,1.0,0.84122,1.0,0.1,0.0,1.0,0.0,1.0,0.0,1.0
0.0,0.0,0.0,0.0,0.4,0.4,0.05254,0.4,0.0,0.83333,1.0,0.0,0.0,0.09,0.02,0.99798,0.0,1.0,1.0,0.95556,0.88889,0.93333,1.0,0.77831,1.0,0.11111,0.33928,0.21736,0.0,0.0,0.88328,0.77778,0.88889,0.0,1.0,1.0,0.5,0.5,0.5,1.0,1.0,0.5,0.5,0.5,0.0,0.0,1.0,1.0,1.0,1.0,0.84122,1.0,0.1,0.0,1.0,0.0,1.0,0.0,1.0
0.0,0.0,0.0,0.0,0.4,0.4,0.0515,0.4,0.0,0.78947,1.0,0.0,0.0,0.09,0.02,0.9932,0.0,1.0,1.0,1.0,0.88889,1.0,0.0,0.77639,1.0,0.11111,0.33432,0.21392,0.0,0.0,0.87775,0.77778,1.0,0.0,1.0,1.0,0.5,0.5,0.5,1.0,1.0,0.5,0.5,0.5,0.0,0.0,1.0,1.0,1.0,1.0,0.84122,1.0,0.1,0.0,1.0,0.0,1.0,0.0,1.0
0.5,0.5,0.5,0.5,0.5,0.5,0.00029,0.2,0.46667,0.0,0.0,0.66667,0.0,0.18667,0.02222,0.98823,0.0,1.0,1.0,0.92381,0.92381,0.5,1.0,0.99415,1.0,0.92857,0.00249,0.00165,0.0,0.0,0.99427,1.0,0.5,0.16667,1.0,1.0,0.5,0.5,0.5,1.0,1.0,0.5,0.5,0.5,1.0,0.832,0.83333,1.0,1.0,0.66867,1.0,1.0,0.06667,0.0,1.0,0.0,1.0,0.0,0.5
0.0,0.0,0.0,0.0,0.2,0.2,0.00126,0.33333,0.6,0.0,0.0,0.66667,0.0,0.17333,0.02667,0.0,0.99666,1.0,1.0,0.92381,1.0,0.92381,0.0,0.96467,1.0,0.85714,0.01026,0.00648,0.0,0.0,0.99686,1.0,1.0,0.1,1.0,1.0,0.5,0.5,0.5,1.0,1.0,0.00177,0.16566,0.89555,0.71582,0.0,0.9,1.0,1.0,0.00177,0.16566,1.0,0.06667,0.0,1.0,0.0,1.0,0.0,1.0
0.5,0.5,0.5,0.5,0.5,0.5,0.09141,0.73333,0.13333,0.0,0.0,0.66667,0.0,0.29778,0.00889,0.71801,0.0,1.0,1.0,1.0,1.0,0.5,0.0,0.92819,1.0,0.42857,1.0,0.85813,0.71429,0.0,0.93413,0.85714,0.5,0.0,1.0,1.0,0.5,0.5,0.5,1.0,1.0,0.5,0.5,0.5,0.0,0.0,1.0,1.0,1.0,0.5,0.5,1.0,0.06667,0.0,1.0,1.0,1.0,0.71429,0.5
1.0,1.0,1.0,1.0,0.86667,0.8,0.07951,0.53333,0.26667,0.0,0.0,0.66667,0.0,0.37778,0.03556,0.0,0.98722,1.0,1.0,0.59048,0.66667,1.0,1.0,0.99681,1.0,0.42857,0.90507,0.63738,0.28571,0.0,0.97161,0.5,0.57143,0.0,1.0,1.0,0.5,0.5,0.5,1.0,1.0,0.5,0.5,0.5,0.0,0.0,1.0,1.0,1.0,0.5,0.5,1.0,0.06667,0.0,1.0,1.0,1.0,0.0,1.0
1.0,0.5,1.0,0.5,0.53333,0.5,0.07966,0.53333,0.3,0.0,0.0,0.66667,1.0,0.37778,0.03556,0.0,0.98383,1.0,1.0,0.59048,1.0,1.0,0.0,0.97399,1.0,0.42857,0.88181,0.60835,0.28571,0.0,0.97351,1.0,1.0,0.0,1.0,1.0,0.5,0.5,0.5,1.0,1.0,0.5,0.5,0.5,0.0,0.0,1.0,1.0,1.0,0.5,0.5,1.0,0.06667,0.0,1.0,1.0,1.0,0.0,1.0
1.0,1.0,0.0,0.0,0.53333,0.53333,0.07263,0.53333,0.5,0.0,0.0,0.66667,0.0,0.34222,0.03111,0.0,0.84817,0.68571,1.0,0.77143,0.57143,0.68571,0.0,0.55758,0.79655,0.14286,1.0,1.0,1.0,0.0,0.99251,0.85714,0.5,0.0,1.0,1.0,0.5,0.5,0.5,1.0,1.0,0.5,0.5,0.5,0.0,0.0,1.0,1.0,1.0,1.0,1.0,1.0,0.06667,0.0,1.0,0.0,1.0,0.0,1.0
1.0,0.5,1.0,0.5,0.53333,0.5,0.07586,0.53333,0.53333,0.0,0.0,0.66667,1.0,0.33778,0.03111,0.0,0.90799,0.77143,1.0,0.9619,1.0,0.77143,1.0,0.56182,0.8026,0.28571,1.0,1.0,1.0,0.0,0.99828,1.0,0.85714,0.0,0.73333,0.64098,0.97,0.97,0.97,0.66667,1.0,0.5,0.5,0.5,0.0,0.0,1.0,1.0,1.0,1.0,1.0,1.0,0.06667,0.0,1.0,0.0,1.0,0.0,1.0
0.5,0.5,0.5,0.5,0.5,0.5,0.00477,0.06667,0.06667,0.0,0.0,0.66667,0.0,0.06222,0.0,0.5,0.5,0.99048,1.0,1.0,1.0,0.5,1.0,0.53048,0.75782,0.14286,0.14512,0.07823,0.0,1.0,1.0,0.85714,0.5,0.0,1.0,1.0,0.5,0.5,0.5,1.0,1.0,0.5,0.5,0.5,0.5,0.5,1.0,1.0,1.0,0.5,0.5,1.0,0.06667,0.0,1.0,1.0,1.0,0.0,0.5
0.0,0.0,1.0,0.0,0.06667,0.13333,0.00132,0.13333,0.23333,0.0,0.0,0.66667,0.0,0.06222,0.00889,0.96522,0.0,1.0,1.0,0.95238,1.0,0.95238,0.0,0.55705,0.79578,0.21429,0.02424,0.01227,0.0,0.0,1.0,1.0,0.85714,0.0,0.93333,0.88466,0.54754,0.5,0.54754,1.0,1.0,0.5,0.5,0.5,0.0,0.0,1.0,1.0,1.0,0.5,0.5,1.0,0.06667,0.0,1.0,1.0,1.0,0.0,1.0
0.5,0.5,0.5,0.5,0.5,0.5,0.08671,0.6,0.4,0.0,0.0,0.66667,0.0,0.15111,0.04889,0.0,0.9489,0.69524,1.0,0.77143,0.58095,0.5,0.0,0.69809,0.99728,0.14286,0.84709,0.74495,0.0,0.0,0.9282,0.64286,0.5,0.0,1.0,1.0,0.5,0.5,0.5,1.0,1.0,0.5,0.5,0.5,0.0,0.0,1.0,1.0,1.0,0.17307,0.19046,1.0,0.06667,0.0,1.0,0.0,1.0,0.33333,0.5
0.0,0.0,0.0,0.0,0.6,0.53333,0.06994,0.46667,0.5,0.0,0.0,0.66667,0.0,0.12444,0.04444,0.99851,0.0,1.0,1.0,0.67619,1.0,0.66667,1.0,0.96194,1.0,0.14286,0.73015,0.57485,0.16667,0.0,0.91733,1.0,0.64286,0.0,1.0,1.0,0.5,0.5,0.5,1.0,1.0,0.5,0.5,0.5,0.0,0.0,1.0,1.0,1.0,0.17307,0.19046,1.0,0.06667,0.0,1.0,0.0,1.0,0.33333,1.0
0.0,0.0,0.0,0.0,0.46667,0.4,0.04032,0.33333,0.63333,0.0,0.0,0.66667,0.0,0.06667,0.04444,0.97678,0.0,0.84762,1.0,0.65714,0.6381,0.77143,0.0,0.68206,0.97437,0.28571,0.48909,0.26288,0.0,0.0,0.87584,0.78571,0.35714,0.0,1.0,1.0,0.5,0.5,0.5,1.0,1.0,0.5,0.5,0.5,0.0,0.0,1.0,1.0,1.0,0.17307,0.19046,1.0,0.06667,0.0,1.0,0.0,1.0,0.33333,1.0
0.5,0.5,0.5,0.5,0.5,0.5,0.05797,0.53333,0.06667,0.0,0.0,0.66667,0.0,0.18667,0.0,0.5,0.5,0.77143,0.81905,1.0,1.0,0.5,1.0,0.84303,1.0,0.28571,0.95015,0.72675,0.625,0.0,0.70233,0.71429,0.5,0.0,1.0,1.0,0.5,0.5,0.5,1.0,1.0,0.5,0.5,0.5,0.5,0.5,1.0,1.0,1.0,0.5,0.5,1.0,0.06667,0.0,1.0,1.0,1.0,0.5,0.5
1.0,0.5,1.0,0.5,0.6,0.5,0.06821,0.6,0.1,0.0,0.0,0.66667,1.0,0.17333,0.00444,0.34918,0.0,0.80952,0.92381,1.0,1.0,0.80952,0.0,0.75042,1.0,0.35714,1.0,0.54028,0.8,0.0,0.8537,1.0,0.64286,0.0,1.0,1.0,0.5,0.5,0.5,1.0,1.0,0.5,0.5,0.5,0.0,0.0,1.0,1.0,1.0,0.5,0.5,1.0,0.06667,0.0,1.0,1.0,1.0,0.0,1.0
1.0,0.0,1.0,0.0,0.66667,0.53333,0.06291,0.53333,0.16667,0.0,0.0,0.66667,0.0,0.14667,0.01333,0.875,0.0,0.9619,0.95238,0.92381,1.0,0.84762,0.0,0.53969,0.77098,0.07143,1.0,1.0,1.0,0.0,1.0,0.85714,0.57143,0.0,1.0,1.0,0.5,0.5,0.5,1.0,1.0,0.5,0.5,0.5,0.0,0.0,1.0,1.0,1.0,0.5,0.5,1.0,0.06667,0.0,1.0,1.0,1.0,0.0,1.0
0.5,0.5,0.5,0.5,0.5,0.5,0.0034,0.06667,0.1,0.0,0.0,0.66667,0.0,0.12444,0.00889,0.41485,0.0,0.97143,0.88571,0.99048,1.0,0.5,1.0,0.76615,1.0,0.21429,0.05776,0.02562,0.0,0.0,0.69106,1.0,0.5,0.0,0.93333,0.9897,0.14097,0.5,0.70484,1.0,1.0,0.5,0.5,0.5,0.0,0.0,1.0,1.0,1.0,0.5,0.5,1.0,0.06667,0.0,1.0,1.0,1.0,0.57143,0.5
0.0,0.0,0.0,0.0,0.06667,0.06667,0.00063,0.13333,0.4,0.0,0.0,0.66667,0.0,0.12444,0.02667,0.98929,0.0,0.98095,0.97143,0.84762,1.0,0.71429,0.0,0.82304,1.0,0.21429,0.00848,0.00476,0.0,0.0,0.83151,0.71429,0.64286,0.13333,1.0,1.0,0.5,0.5,0.5,1.0,1.0,0.5,0.5,0.5,0.00111,0.00583,0.86667,1.0,1.0,0.0,0.133,1.0,0.06667,0.0,1.0,1.0,1.0,0.0,1.0
0.0,0.0,0.0,0.0,0.13333,0.13333,0.00043,0.13333,0.76667,0.0,0.0,0.66667,0.0,0.12,0.02667,0.99491,0.0,1.0,1.0,0.91429,1.0,0.98095,0.0,0.79127,1.0,0.21429,0.00632,0.00447,0.0,0.0,0.84046,0.71429,1.0,0.2,1.0,1.0,0.5,0.5,0.5,1.0,1.0,0.0,0.10978,0.9336,0.0012,0.00852,0.8,1.0,1.0,0.0,0.10978,1.0,0.06667,0.0,1.0,1.0,1.0,0.0,1.0
0.0,0.0,0.0,0.0,0.13333,0.13333,0.00038,0.13333,0.83333,0.0,0.0,0.66667,0.0,0.12444,0.02222,0.0,0.99382,1.0,0.99048,0.91429,1.0,0.99048,1.0,0.78934,1.0,0.21429,0.00565,0.00381,0.0,0.0,0.84193,0.78571,1.0,0.23333,1.0,1.0,0.5,0.5,0.5,1.0,1.0,0.0,0.152,0.91173,0.00139,0.0081,0.76667,1.0,1.0,0.0,0.152,1.0,0.06667,0.0,1.0,1.0,1.0,0.0,1.0
0.5,0.5,0.5,0.5,0.5,0.5,0.0405,0.33333,0.13333,0.0,0.0,0.66667,0.0,0.20444,0.01778,0.7265,0.0,1.0,1.0,0.99048,1.0,0.5,0.0,0.97283,1.0,0.28571,0.53635,0.31298,0.125,0.0,0.88108,0.78571,0.5,0.0,1.0,1.0,0.5,0.5,0.5,1.0,1.0,0.5,0.5,0.5,0.0,0.0,1.0,1.0,1.0,0.5,0.5,1.0,0.06667,0.0,1.0,1.0,1.0,0.625,0.5
0.0,0.0,0.0,0.0,0.33333,0.26667,0.00076,0.33333,0.26667,0.0,0.0,0.66667,0.0,0.15111,0.04444,0.98029,0.0,0.88571,0.88571,0.99048,1.0,0.88571,0.0,0.88269,1.0,0.07143,0.01121,0.00533,0.2,0.0,0.87221,1.0,0.85714,0.0,1.0,1.0,0.5,0.2343,0.5,1.0,1.0,0.5,0.5,0.5,0.0,0.0,1.0,1.0,1.0,0.5,0.5,1.0,0.06667,0.0,1.0,1.0,1.0,0.0,1.0
0.0,0.0,1.0,1.0,0.33333,0.4,0.00082,0.4,0.36667,0.0,0.0,0.66667,0.0,0.10222,0.05778,0.98335,0.0,1.0,1.0,0.99048,1.0,1.0,0.0,0.89021,1.0,0.5,0.00631,0.00423,0.0,0.0,0.98762,1.0,0.57143,0.33333,1.0,1.0,0.5,0.2343,0.5,1.0,1.0,0.5,0.5,0.5,0.32854,0.0,0.66667,1.0,1.0,0.5,0.5,1.0,0.06667,0.0,1.0,1.0,1.0,0.0,1.0
0.5,0.5,0.5,0.5,0.5,0.5,0.07665,0.53333,0.1,0.0,0.0,0.66667,0.0,0.24444,0.00889,0.32055,0.0,0.61905,1.0,0.87619,1.0,0.5,0.0,0.9829,1.0,0.14286,1.0,0.61599,0.375,0.0,0.85034,0.92857,0.5,0.0,1.0,1.0,0.5,0.5,0.5,1.0,1.0,0.5,0.5,0.5,0.0,0.0,1.0,1.0,1.0,0.5,0.5,1.0,0.06667,0.0,1.0,1.0,1.0,0.25,0.5
1.0,0.5,1.0,0.5,0.73333,0.5,0.08852,0.73333,0.13333,0.0,0.0,0.66667,1.0,0.19111,0.01778,0.70546,0.0,1.0,1.0,0.87619,1.0,1.0,0.0,0.95828,1.0,0.21429,1.0,0.66682,0.57143,0.0,0.93932,1.0,0.92857,0.0,1.0,1.0,0.5,0.5,0.5,1.0,1.0,0.5,0.5,0.5,0.0,0.0,1.0,1.0,1.0,0.5,0.5,1.0,0.06667,0.0,1.0,1.0,1.0,0.0,1.0
1.0,0.5,1.0,0.5,0.73333,0.5,0.09417,0.73333,0.16667,0.0,0.0,0.66667,1.0,0.16889,0.02667,0.82895,0.0,1.0,1.0,0.87619,1.0,1.0,0.0,0.93997,1.0,0.28571,0.97575,0.67194,0.5,0.0,0.98519,1.0,0.92857,0.0,1.0,1.0,0.5,0.5,0.5,1.0,1.0,0.5,0.5,0.5,0.0,0.0,1.0,1.0,1.0,0.5,0.5,1.0,0.06667,0.0,1.0,1.0,1.0,0.0,1.0
1.0,0.0,1.0,0.0,0.73333,0.6,0.09117,0.6,0.23333,0.0,0.0,0.66667,0.0,0.12444,0.04,0.95772,0.0,0.61905,1.0,0.59048,0.61905,0.61905,0.0,0.9428,1.0,0.71429,0.84203,0.63021,0.2,0.0,0.98471,0.64286,0.92857,0.0,1.0,1.0,0.5,0.5,0.5,1.0,1.0,0.5,0.5,0.5,0.0,0.49868,1.0,1.0,1.0,0.5,0.5,1.0,0.06667,0.0,1.0,1.0,1.0,0.6,1.0
0.5,0.5,0.5,0.5,0.5,0.5,0.00247,0.06667,0.06667,0.0,0.0,0.66667,0.0,0.06222,0.0,0.5,0.5,0.99048,0.98095,1.0,1.0,0.5,1.0,0.55503,0.7929,0.14286,0.03855,0.01965,0.0,0.0,1.0,1.0,0.5,0.0,1.0,1.0,0.5,0.5,0.5,1.0,1.0,0.5,0.5,0.5,0.5,0.5,1.0,1.0,1.0,0.5,0.5,1.0,0.06667,0.0,1.0,1.0,1.0,0.0,0.5
0.0,0.5,0.0,0.5,0.06667,0.5,0.00246,0.06667,0.1,0.0,0.0,0.66667,1.0,0.06222,0.0,0.99872,0.0,0.99048,0.99048,1.0,1.0,0.99048,0.0,0.0001,0.00014,0.0,1.0,1.0,1.0,0.0,1.0,1.0,0.92857,0.0,1.0,1.0,0.5,0.5,0.5,1.0,1.0,0.5,0.5,0.5,0.0,0.0,1.0,1.0,1.0,0.5,0.5,1.0,0.06667,1.0,1.0,1.0,1.0,1.0,1.0
0.0,0.5,0.0,0.5,0.06667,0.5,0.00246,0.06667,0.13333,0.0,0.0,0.66667,1.0,0.06222,0.0,0.99908,0.0,1.0,1.0,1.0,1.0,1.0,0.0,0.0001,0.00014,0.0,1.0,1.0,1.0,0.0,1.0,1.0,1.0,0.0,1.0,1.0,0.5,0.5,0.5,1.0,1.0,0.5,0.5,0.5,0.0,0.0,1.0,1.0,1.0,0.5,0.5,1.0,0.06667,1.0,1.0,1.0,1.0,1.0,1.0
0.0,0.5,0.0,0.5,0.06667,0.5,0.00246,0.06667,0.16667,0.0,0.0,0.66667,1.0,0.06222,0.0,0.99927,0.0,1.0,1.0,1.0,1.0,1.0,0.0,0.0001,0.00014,0.0,1.0,1.0,1.0,0.0,1.0,1.0,1.0,0.0,1.0,1.0,0.5,0.5,0.5,1.0,1.0,0.5,0.5,0.5,0.0,0.0,1.0,1.0,1.0,0.5,0.5,1.0,0.06667,1.0,1.0,1.0,1.0,1.0,1.0
0.0,0.5,0.0,0.5,0.06667,0.5,0.00246,0.06667,0.2,0.0,0.0,0.66667,1.0,0.06222,0.0,0.99943,0.0,1.0,1.0,1.0,1.0,1.0,0.0,0.0001,0.00014,0.0,1.0,1.0,1.0,0.0,1.0,1.0,1.0,0.0,1.0,1.0,0.5,0.5,0.5,1.0,1.0,0.5,0.5,0.5,0.0,0.0,1.0,1.0,1.0,0.5,0.5,1.0,0.06667,1.0,1.0,1.0,1.0,1.0,1.0
0.0,0.5,0.0,0.5,0.06667,0.5,0.00246,0.06667,0.23333,0.0,0.0,0.66667,1.0,0.06222,0.0,0.99956,0.0,1.0,1.0,1.0,1.0,1.0,0.0,0.0001,0.00014,0.0,1.0,1.0,1.0,0.0,1.0,1.0,1.0,0.0,1.0,1.0,0.5,0.5,0.5,1.0,1.0,0.5,0.5,0.5,0.0,0.0,1.0,1.0,1.0,0.5,0.5,1.0,0.06667,1.0,1.0,1.0,1.0,1.0,1.0
0.0,0.5,0.0,0.5,0.06667,0.5,0.00246,0.06667,0.26667,0.0,0.0,0.66667,1.0,0.06222,0.0,0.99975,0.0,1.0,1.0,1.0,1.0,1.0,0.0,0.0001,0.00014,0.0,1.0,1.0,1.0,0.0,1.0,1.0,1.0,0.0,1.0,1.0,0.5,0.5,0.5,1.0,1.0,0.5,0.5,0.5,0.0,0.0,1.0,1.0,1.0,0.5,0.5,1.0,0.06667,1.0,1.0,1.0,1.0,1.0,1.0
0.0,0.5,0.0,0.5,0.06667,0.5,0.00246,0.06667,0.3,0.0,0.0,0.66667,1.0,0.06222,0.0,0.99984,0.0,1.0,1.0,1.0,1.0,1.0,0.0,0.0001,0.00014,0.0,1.0,1.0,1.0,0.0,1.0,1.0,1.0,0.0,1.0,1.0,0.5,0.5,0.5,1.0,1.0,0.5,0.5,0.5,0.0,0.0,1.0,1.0,1.0,0.5,0.5,1.0,0.06667,1.0,1.0,1.0,1.0,1.0,1.0
0.0,0.5,0.0,0.5,0.06667,0.5,0.00246,0.06667,0.33333,0.0,0.0,0.66667,1.0,0.06222,0.0,0.99989,0.0,1.0,1.0,1.0,1.0,1.0,0.0,0.0001,0.00014,0.0,1.0,1.0,1.0,0.0,1.0,1.0,1.0,0.0,1.0,1.0,0.5,0.5,0.5,1.0,1.0,0.5,0.5,0.5,0.0,0.0,1.0,1.0,1.0,0.5,0.5,1.0,0.06667,1.0,1.0,1.0,1.0,1.0,1.0
0.0,0.5,0.0,0.5,0.06667,0.5,0.00246,0.06667,0.36667,0.0,0.0,0.66667,1.0,0.06222,0.0,0.99992,0.0,1.0,1.0,1.0,1.0,1.0,0.0,0.0001,0.00014,0.0,1.0,1.0,1.0,0.0,1.0,1.0,1.0,0.0,1.0,1.0,0.5,0.5,0.5,1.0,1.0,0.5,0.5,0.5,0.0,0.0,1.0,1.0,1.0,0.5,0.5,1.0,0.06667,1.0,1.0,1.0,1.0,1.0,1.0
0.0,0.5,0.0,0.5,0.06667,0.5,0.00246,0.06667,0.4,0.0,0.0,0.66667,1.0,0.06222,0.0,0.99994,0.0,1.0,1.0,1.0,1.0,1.0,0.0,0.0001,0.00014,0.0,1.0,1.0,1.0,0.0,1.0,1.0,1.0,0.0,1.0,1.0,0.5,0.5,0.5,1.0,1.0,0.5,0.5,0.5,0.0,0.0,1.0,1.0,1.0,0.5,0.5,1.0,0.06667,1.0,1.0,1.0,1.0,1.0,1.0
0.0,0.5,0.0,0.5,0.06667,0.5,0.00246,0.06667,0.43333,0.0,0.0,0.66667,1.0,0.06222,0.0,0.99996,0.0,1.0,1.0,1.0,1.0,1.0,0.0,0.0001,0.00014,0.0,1.0,1.0,1.0,0.0,1.0,1.0,1.0,0.0,1.0,1.0,0.5,0.5,0.5,1.0,1.0,0.5,0.5,0.5,0.0,0.0,1.0,1.0,1.0,0.5,0.5,1.0,0.06667,1.0,1.0,1.0,1.0,1.0,1.0
0.0,0.5,0.0,0.5,0.06667,0.5,0.00246,0.06667,0.46667,0.0,0.0,0.66667,1.0,0.06222,0.0,0.99997,0.0,1.0,1.0,1.0,1.0,1.0,0.0,0.0001,0.00014,0.0,1.0,1.0,1.0,0.0,1.0,1.0,1.0,0.0,1.0,1.0,0.5,0.5,0.5,1.0,1.0,0.5,0.5,0.5,0.0,0.0,1.0,1.0,1.0,0.5,0.5,1.0,0.06667,1.0,1.0,1.0,1.0,1.0,1.0
0.0,0.0,0.0,0.0,0.06667,0.06667,0.00246,0.06667,0.83333,0.0,0.0,0.66667,0.0,0.06222,0.0,1.0,0.0,1.0,1.0,1.0,1.0,1.0,0.0,0.0001,0.00014,0.0,1.0,1.0,1.0,0.0,1.0,1.0,1.0,0.0,1.0,1.0,0.5,0.5,0.5,1.0,1.0,0.5,0.5,0.5,0.0,0.0,1.0,1.0,1.0,0.5,0.5,1.0,0.06667,1.0,1.0,1.0,1.0,1.0,1.0
0.0,0.5,0.0,0.5,0.06667,0.5,0.00246,0.06667,0.86667,0.0,0.0,0.66667,1.0,0.06222,0.0,1.0,0.0,1.0,1.0,1.0,1.0,1.0,0.0,0.0001,0.00014,0.0,1.0,1.0,1.0,0.0,1.0,1.0,1.0,0.0,1.0,1.0,0.5,0.5,0.5,1.0,1.0,0.5,0.5,0.5,0.0,0.0,1.0,1.0,1.0,0.5,0.5,1.0,0.06667,1.0,1.0,1.0,1.0,1.0,1.0
0.0,0.5,0.0,0.5,0.06667,0.5,0.00246,0.06667,0.9,0.0,0.0,0.66667,1.0,0.06222,0.0,1.0,0.0,1.0,1.0,1.0,1.0,1.0,0.0,0.0001,0.00014,0.0,1.0,1.0,1.0,0.0,1.0,1.0,1.0,0.0,1.0,1.0,0.5,0.5,0.5,1.0,1.0,0.5,0.5,0.5,0.0,0.0,1.0,1.0,1.0,0.5,0.5,1.0,0.06667,1.0,1.0,1.0,1.0,1.0,1.0
0.0,0.5,0.0,0.5,0.06667,0.5,0.00246,0.06667,0.93333,0.0,0.0,0.66667,1.0,0.06222,0.0,1.0,0.0,1.0,1.0,1.0,1.0,1.0,0.0,0.0001,0.00014,0.0,1.0,1.0,1.0,0.0,1.0,1.0,1.0,0.0,1.0,1.0,0.5,0.5,0.5,1.0,1.0,0.5,0.5,0.5,0.0,0.0,1.0,1.0,1.0,0.5,0.5,1.0,0.06667,1.0,1.0,1.0,1.0,1.0,1.0
0.0,0.5,0.0,0.5,0.06667,0.5,0.00246,0.06667,0.96667,0.0,0.0,0.66667,1.0,0.06222,0.0,1.0,0.0,1.0,1.0,1.0,1.0,1.0,0.0,0.0001,0.00014,0.0,1.0,1.0,1.0,0.0,1.0,1.0,1.0,0.0,1.0,1.0,0.5,0.5,0.5,1.0,1.0,0.5,0.5,0.5,0.0,0.0,1.0,1.0,1.0,0.5,0.5,1.0,0.06667,1.0,1.0,1.0,1.0,1.0,1.0
0.0,0.5,0.0,0.5,0.06667,0.5,0.00246,0.06667,1.0,0.0,0.0,0.66667,1.0,0.06222,0.0,1.0,0.0,1.0,1.0,1.0,1.0,1.0,0.0,0.0001,0.00014,0.0,1.0,1.0,1.0,0.0,1.0,1.0,1.0,0.0,1.0,1.0,0.5,0.5,0.5,1.0,1.0,0.5,0.5,0.5,0.0,0.0,1.0,1.0,1.0,0.5,0.5,1.0,0.06667,1.0,1.0,1.0,1.0,1.0,1.0
0.5,0.5,0.5,0.5,0.5,0.5,0.07009,0.53333,0.2,0.0,0.0,0.66667,0.0,0.25778,0.02667,0.89608,0.0,1.0,1.0,0.88571,1.0,0.5,0.0,0.91245,1.0,0.28571,0.77719,0.47574,0.16667,0.0,0.94775,0.78571,0.5,0.0,1.0,1.0,0.5,0.5,0.5,1.0,1.0,0.5,0.5,0.5,0.0,0.6174,1.0,1.0,1.0,0.5,0.5,1.0,0.06667,0.0,1.0,1.0,1.0,0.5,0.5
1.0,1.0,1.0,1.0,0.66667,0.66667,0.06989,0.6,0.33333,0.0,0.0,0.66667,0.0,0.20889,0.04444,0.0,0.9939,0.69524,1.0,0.73333,1.0,0.69524,0.0,0.86704,1.0,0.07143,0.70657,0.45465,0.2,0.0,0.81902,0.85714,0.78571,0.0,1.0,1.0,0.5,0.5,0.5,1.0,1.0,0.5,0.5,0.5,0.0,0.0,1.0,1.0,1.0,0.5,0.5,1.0,0.06667,0.0,1.0,1.0,1.0,0.8,1.0
1.0,1.0,1.0,1.0,0.66667,0.6,0.05908,0.53333,0.43333,0.0,0.0,0.66667,0.0,0.16889,0.05778,0.0,0.96246,0.89524,1.0,0.68571,0.74286,0.89524,0.0,0.87368,1.0,0.78571,0.50764,0.33382,0.0,0.0,0.99038,1.0,0.92857,0.73333,0.86667,0.93971,0.2805,0.5,1.0,1.0,1.0,0.5,0.5,0.5,0.09274,0.0,0.26667,1.0,1.0,0.5,0.5,1.0,0.06667,0.0,1.0,1.0,1.0,1.0,1.0
0.0,0.0,0.0,0.0,0.53333,0.53333,0.052,0.53333,0.6,0.0,0.0,0.66667,0.0,0.13778,0.05778,0.99231,0.0,1.0,1.0,0.69524,0.89524,1.0,1.0,0.90767,1.0,0.78571,0.42253,0.28458,0.0,0.0,0.99589,1.0,1.0,0.23333,1.0,1.0,0.5,0.29036,0.5,1.0,1.0,1.0,1.0,0.95115,0.28241,0.03452,0.76667,1.0,1.0,0.59509,0.39158,1.0,0.06667,0.0,1.0,0.0,1.0,0.75,1.0
1.0,1.0,1.0,1.0,0.6,0.6,0.05671,0.6,0.66667,0.0,0.0,0.66667,0.0,0.11556,0.05333,0.99491,0.0,1.0,1.0,0.66667,1.0,1.0,1.0,0.92511,1.0,0.78571,0.44899,0.29808,0.0,0.0,0.9937,1.0,1.0,0.0,1.0,1.0,0.5,0.29036,0.5,1.0,1.0,1.0,0.2504,1.0,0.0,0.0,1.0,1.0,1.0,1.0,0.2504,1.0,0.06667,0.0,1.0,0.0,1.0,0.75,1.0
1.0,1.0,1.0,1.0,0.6,0.66667,0.04728,0.6,0.83333,0.0,0.0,0.66667,0.0,0.12,0.05778,0.99163,0.0,1.0,1.0,0.85714,1.0,0.92381,1.0,0.86846,1.0,0.71429,0.32589,0.22933,0.0,0.0,0.98557,1.0,0.92857,0.0,1.0,1.0,0.5,0.29036,0.5,1.0,1.0,1.0,0.2504,1.0,0.0,0.0,1.0,1.0,1.0,1.0,1.0,1.0,0.06667,0.0,1.0,0.0,1.0,0.0,1.0
0.5,0.5,0.5,0.5,0.5,0.5,0.09859,0.66667,0.46667,0.0,0.0,0.66667,0.0,0.09778,0.08,0.0,0.9728,0.91429,0.95238,0.75238,1.0,0.5,0.0,0.72289,1.0,0.28571,0.94801,0.72968,0.33333,0.0,0.98412,0.78571,0.5,0.43333,0.93333,0.99922,1.0,0.5,1.0,1.0,1.0,0.5,0.5,0.5,1.0,0.0,0.56667,1.0,1.0,0.42441,0.50369,1.0,0.06667,0.0,1.0,0.0,1.0,0.0,0.5
1.0,0.5,1.0,0.5,0.66667,0.5,0.11517,0.66667,0.5,0.0,0.0,0.66667,1.0,0.08,0.09778,0.0,0.98053,0.82857,1.0,0.70476,1.0,0.82857,1.0,0.8726,1.0,0.35714,0.97663,0.72737,0.25,0.0,0.9461,1.0,0.92857,0.0,1.0,1.0,0.5,0.5,0.5,1.0,1.0,1.0,0.52684,0.5,0.0,0.89833,1.0,1.0,1.0,1.0,0.52684,1.0,0.06667,0.0,1.0,0.0,1.0,0.0,1.0
1.0,1.0,1.0,1.0,0.8,0.86667,0.15478,0.73333,0.6,0.0,0.0,0.66667,0.0,0.07111,0.09778,0.0,0.97785,1.0,1.0,0.77143,0.8381,0.85714,1.0,0.79088,1.0,0.07143,0.93166,0.85113,0.0,0.0,0.93065,1.0,0.71429,0.0,0.6,0.87394,0.95564,0.5,1.0,1.0,1.0,1.0,0.52684,1.0,0.0,0.0,1.0,1.0,1.0,0.04453,0.25769,1.0,0.06667,0.0,1.0,0.0,1.0,1.0,1.0
0.0,0.0,0.0,0.0,0.73333,0.8,0.04635,0.66667,0.73333,0.0,0.0,0.66667,0.0,0.04889,0.07556,0.97627,0.0,0.90476,1.0,0.87619,0.87619,0.78095,1.0,0.77835,1.0,0.28571,0.29544,0.20454,0.0,0.0,0.9187,0.92857,0.85714,0.0,0.86667,0.99964,1.0,1.0,0.0,1.0,1.0,1.0,0.52684,1.0,0.0,0.00479,1.0,1.0,1.0,0.1555,0.02942,1.0,0.06667,0.0,1.0,0.0,1.0,0.5,1.0
0.0,0.0,0.0,0.0,0.66667,0.66667,0.02816,0.66667,0.8,0.0,0.0,0.66667,0.0,0.03556,0.06222,0.95474,0.0,1.0,1.0,0.8381,0.86667,1.0,0.0,0.77004,1.0,0.28571,0.18472,0.12309,0.0,0.0,0.91888,0.92857,1.0,0.0,0.86667,0.99994,1.0,1.0,1.0,1.0,1.0,1.0,0.52684,1.0,0.0,0.0,1.0,1.0,1.0,0.75444,0.17637,1.0,0.06667,0.0,1.0,0.0,1.0,0.0,1.0
0.5,0.5,0.5,0.5,0.5,0.5,0.06181,0.26667,0.16667,0.0,0.0,0.66667,0.0,0.19556,0.00889,0.85054,0.0,0.99048,0.95238,0.99048,1.0,0.5,0.0,0.90338,1.0,0.21429,0.89875,0.66771,0.125,0.0,0.91272,1.0,0.5,0.0,1.0,1.0,0.5,0.5,0.5,1.0,1.0,0.5,0.5,0.5,0.0,0.0,1.0,1.0,1.0,0.5,0.5,1.0,0.06667,0.0,1.0,1.0,1.0,0.75,0.5
1.0,1.0,1.0,1.0,0.46667,0.46667,0.06434,0.33333,0.3,0.0,0.0,0.66667,0.0,0.2,0.02222,0.0,0.96811,0.91429,0.99048,0.90476,1.0,0.91429,0.0,0.83341,1.0,0.28571,0.81601,0.71068,0.0,0.0,0.97882,1.0,0.85714,0.56667,1.0,1.0,0.5,0.5,0.5,1.0,1.0,0.5,0.5,0.5,1.0,0.0,0.43333,1.0,1.0,0.5,0.5,1.0,0.06667,0.0,1.0,1.0,1.0,0.66667,1.0
1.0,1.0,1.0,1.0,0.4,0.33333,0.07204,0.33333,0.36667,0.0,0.0,0.66667,0.0,0.17333,0.03111,0.0,0.99196,1.0,1.0,0.8381,0.80952,0.93333,0.0,0.87248,1.0,0.35714,0.8572,0.78986,0.0,0.0,0.96587,0.85714,1.0,0.0,1.0,1.0,0.5,0.5,0.5,1.0,1.0,0.03575,0.26413,1.0,0.0,0.0,1.0,1.0,1.0,0.03575,0.26413,1.0,0.06667,0.0,1.0,1.0,1.0,0.66667,1.0
0.0,0.0,0.0,0.0,0.33333,0.26667,0.00512,0.26667,0.43333,0.0,0.0,0.66667,0.0,0.16889,0.04,0.0,0.99977,1.0,1.0,0.73333,0.92381,0.71429,1.0,0.66021,0.94315,0.14286,0.1216,0.04384,0.5,0.0,0.8333,0.28571,0.42857,0.0,0.86667,0.84001,0.18646,0.48694,0.0,1.0,1.0,0.03575,0.26413,1.0,0.0,0.04676,1.0,1.0,1.0,0.03575,0.26413,1.0,0.06667,0.0,1.0,1.0,1.0,0.0,1.0
0.5,0.5,0.5,0.5,0.5,0.5,0.0182,0.2,0.13333,0.0,0.0,0.66667,0.0,0.12,0.0,0.94022,0.0,1.0,0.95238,1.0,1.0,0.5,0.0,0.62271,0.88959,0.07143,0.29616,0.12204,0.25,0.0,0.72345,0.85714,0.5,0.0,1.0,1.0,0.5,0.5,0.5,1.0,1.0,0.5,0.5,0.5,0.0,0.0,1.0,1.0,1.0,0.5,0.5,1.0,0.06667,0.0,1.0,1.0,1.0,0.5,0.5
1.0,1.0,1.0,1.0,0.2,0.2,0.01872,0.2,0.2,0.0,0.0,0.66667,0.0,0.12,0.0,0.97161,0.0,0.99048,0.91429,1.0,1.0,0.9619,0.0,0.60187,0.85982,0.07143,0.3331,0.14003,0.25,0.0,0.66663,1.0,0.85714,0.0,1.0,1.0,0.5,0.5,0.5,1.0,1.0,0.5,0.5,0.5,0.0,0.0,1.0,1.0,1.0,0.5,0.5,1.0,0.06667,0.0,1.0,1.0,1.0,0.75,1.0
1.0,0.0,1.0,0.0,0.13333,0.06667,0.01276,0.06667,0.3,0.0,0.0,0.66667,0.0,0.12,0.0,0.99283,0.0,0.9619,0.90476,1.0,1.0,0.9619,0.0,0.58388,0.83412,0.42857,0.20809,0.14339,0.0,0.0,0.96808,0.57143,0.5,0.0,1.0,1.0,0.5,0.5,0.5,1.0,1.0,0.5,0.5,0.5,0.0,0.0,1.0,1.0,1.0,0.5,0.5,1.0,0.06667,0.0,1.0,1.0,1.0,0.0,1.0
1.0,1.0,1.0,1.0,0.06667,0.06667,0.0144,0.06667,0.36667,0.0,0.0,0.66667,0.0,0.10222,0.0,0.99876,0.0,0.99048,0.97143,1.0,1.0,0.9619,0.0,0.59531,0.85044,0.07143,0.28092,0.13884,0.0,0.0,0.80416,0.92857,0.57143,0.0,1.0,1.0,0.5,0.5,0.5,1.0,1.0,0.5,0.5,0.5,0.0,0.0,1.0,1.0,1.0,0.5,0.5,1.0,0.06667,0.0,1.0,1.0,1.0,0.33333,1.0
0.5,0.5,0.5,0.5,0.5,0.5,0.01799,0.13333,0.86667,0.0,0.0,0.66667,0.0,0.38222,0.00889,0.998,0.0,1.0,1.0,1.0,1.0,0.5,0.0,0.71337,1.0,0.07143,0.29368,0.19333,0.0,0.0,0.98454,0.85714,0.5,0.0,1.0,1.0,0.5,0.5,0.5,1.0,1.0,0.5,0.5,0.5,0.0,0.0,1.0,1.0,1.0,0.28986,1.0,1.0,0.06667,0.0,1.0,0.0,1.0,0.83333,0.5
1.0,1.0,1.0,1.0,0.13333,0.13333,0.01892,0.13333,0.93333,0.0,0.0,0.66667,0.0,0.37778,0.00889,0.9966,0.0,1.0,1.0,1.0,1.0,1.0,1.0,0.716,1.0,0.07143,0.30778,0.19295,0.0,0.0,0.99802,1.0,0.85714,0.0,1.0,1.0,0.5,0.5,0.5,1.0,1.0,0.5,0.5,0.5,0.0,0.0,1.0,1.0,1.0,0.28986,1.0,1.0,0.06667,0.0,1.0,0.0,1.0,0.66667,1.0
0.5,0.5,0.5,0.5,0.5,0.5,0.03377,0.26667,0.13333,0.0,0.0,0.66667,0.0,0.08,0.0,0.0,0.99785,1.0,0.9619,1.0,1.0,0.5,1.0,0.57222,0.81746,0.07143,0.86951,0.51659,0.25,0.0,0.41178,0.64286,0.5,0.0,1.0,1.0,0.5,0.5,0.5,1.0,1.0,0.5,0.5,0.5,0.0,0.0,1.0,1.0,1.0,0.5,0.5,1.0,0.06667,0.0,1.0,1.0,1.0,0.75,0.5
0.0,0.0,0.0,0.0,0.26667,0.26667,0.03073,0.26667,0.26667,0.0,0.0,0.66667,0.0,0.07111,0.0,0.99844,0.0,0.9619,0.98095,1.0,1.0,0.93333,1.0,0.55291,0.78988,0.07143,0.52315,0.29056,0.0,0.0,0.66667,1.0,0.71429,0.0,1.0,1.0,0.5,0.5,0.5,1.0,1.0,0.5,0.5,0.5,0.0,0.0,1.0,1.0,1.0,0.5,0.5,1.0,0.06667,0.0,1.0,1.0,1.0,0.5,1.0
0.0,1.0,1.0,1.0,0.26667,0.26667,0.03194,0.26667,0.33333,0.0,0.0,0.66667,0.0,0.06667,0.0,0.99461,0.0,1.0,1.0,1.0,1.0,1.0,1.0,0.55335,0.7905,0.07143,0.53971,0.30171,0.0,0.0,0.66667,0.92857,1.0,0.0,1.0,1.0,0.5,0.5,0.5,1.0,1.0,0.5,0.5,0.5,0.0,0.0,1.0,1.0,1.0,0.5,0.5,1.0,0.06667,0.0,1.0,1.0,1.0,0.0,1.0
1.0,0.0,1.0,0.0,0.26667,0.26667,0.03116,0.26667,0.4,0.0,0.0,0.66667,0.0,0.07111,0.0,0.99551,0.0,1.0,1.0,1.0,1.0,1.0,1.0,0.55386,0.79122,0.07143,0.52178,0.2877,0.0,0.0,0.64348,0.92857,1.0,0.0,1.0,1.0,0.5,0.5,0.5,1.0,1.0,0.5,0.5,0.5,0.0,0.0,1.0,1.0,1.0,0.5,0.5,1.0,0.06667,0.0,1.0,1.0,1.0,0.5,1.0
1.0,0.5,1.0,0.5,0.26667,0.5,0.0316,0.26667,0.43333,0.0,0.0,0.66667,1.0,0.07111,0.0,0.99603,0.0,1.0,1.0,1.0,1.0,1.0,1.0,0.55406,0.79151,0.07143,0.52709,0.29097,0.0,0.0,0.63727,1.0,1.0,0.0,1.0,1.0,0.5,0.5,0.5,1.0,1.0,0.5,0.5,0.5,0.0,0.0,1.0,1.0,1.0,0.5,0.5,1.0,0.06667,0.0,1.0,1.0,1.0,0.0,1.0
1.0,0.5,1.0,0.5,0.26667,0.5,0.03267,0.26667,0.46667,0.0,0.0,0.66667,1.0,0.06667,0.0,0.99848,0.0,1.0,1.0,1.0,1.0,1.0,0.0,0.55395,0.79135,0.07143,0.54578,0.30452,0.0,0.0,0.63939,1.0,1.0,0.0,1.0,1.0,0.5,0.5,0.5,1.0,1.0,0.5,0.5,0.5,0.0,0.0,1.0,1.0,1.0,0.5,0.5,1.0,0.06667,0.0,1.0,1.0,1.0,0.0,1.0
1.0,0.5,1.0,0.5,0.26667,0.5,0.03392,0.26667,0.5,0.0,0.0,0.66667,1.0,0.06667,0.0,0.99974,0.0,1.0,1.0,1.0,1.0,1.0,0.0,0.55373,0.79104,0.07143,0.56861,0.32169,0.0,0.0,0.64554,1.0,1.0,0.0,1.0,1.0,0.5,0.5,0.5,1.0,1.0,0.5,0.5,0.5,0.0,0.0,1.0,1.0,1.0,0.5,0.5,1.0,0.06667,0.0,1.0,1.0,1.0,0.0,1.0
1.0,1.0,1.0,1.0,0.26667,0.26667,0.03792,0.26667,0.6,0.0,0.0,0.66667,0.0,0.06667,0.0,0.99834,0.0,1.0,1.0,1.0,1.0,1.0,1.0,0.55385,0.79122,0.07143,0.63418,0.3721,0.0,0.0,0.66667,1.0,1.0,0.0,1.0,1.0,0.5,0.5,0.5,1.0,1.0,0.5,0.5,0.5,0.0,0.0,1.0,1.0,1.0,0.5,0.5,1.0,0.06667,0.0,1.0,1.0,1.0,0.0,1.0
1.0,1.0,1.0,1.0,0.26667,0.33333,0.04066,0.33333,0.66667,0.0,0.0,0.66667,0.0,0.06667,0.0,0.99863,0.0,1.0,1.0,1.0,1.0,1.0,1.0,0.55404,0.79149,0.07143,0.67755,0.40728,0.5,0.0,0.66667,1.0,1.0,0.0,1.0,1.0,0.5,0.5,0.5,1.0,1.0,0.5,0.5,0.5,0.0,0.0,1.0,1.0,1.0,0.5,0.5,1.0,0.06667,0.0,1.0,1.0,1.0,0.0,1.0
1.0,0.0,1.0,0.0,0.33333,0.26667,0.03659,0.26667,0.76667,0.0,0.0,0.66667,0.0,0.07111,0.00444,0.48768,0.0,1.0,1.0,1.0,1.0,1.0,1.0,0.60896,0.86994,0.07143,0.44416,0.33374,0.0,0.0,0.95884,0.92857,0.85714,0.0,1.0,1.0,0.5,0.5,0.5,1.0,1.0,0.5,0.5,0.5,0.0,0.0,1.0,1.0,1.0,1.0,1.0,1.0,0.06667,0.0,1.0,0.0,1.0,0.0,1.0
0.0,0.0,0.0,0.0,0.26667,0.26667,0.03109,0.26667,0.83333,0.0,0.0,0.66667,0.0,0.06667,0.00444,0.82022,0.0,1.0,0.98095,1.0,1.0,1.0,0.0,0.60353,0.86218,0.07143,0.3942,0.28943,0.0,0.0,0.9551,1.0,0.85714,0.0,1.0,1.0,0.5,0.5,0.5,1.0,1.0,0.5,0.5,0.5,0.0,0.0,1.0,1.0,1.0,1.0,1.0,1.0,0.06667,0.0,1.0,0.0,1.0,0.0,1.0
0.0,0.0,0.0,1.0,0.26667,0.26667,0.0313,0.26667,0.9,0.0,0.0,0.66667,0.0,0.06222,0.00444,0.96242,0.0,1.0,1.0,1.0,1.0,1.0,0.0,0.60162,0.85945,0.07143,0.40496,0.30479,0.0,0.0,0.96653,0.92857,1.0,0.0,1.0,1.0,0.5,0.5,0.5,1.0,1.0,0.5,0.5,0.5,0.0,0.0,1.0,1.0,1.0,1.0,1.0,1.0,0.06667,0.0,1.0,0.0,1.0,0.0,1.0
1.0,0.5,1.0,0.5,0.26667,0.5,0.03236,0.26667,0.93333,0.0,0.0,0.66667,1.0,0.06222,0.00444,0.0,0.99975,1.0,1.0,1.0,1.0,1.0,0.0,0.60111,0.85873,0.07143,0.42096,0.32211,0.0,0.0,0.9745,1.0,1.0,0.0,1.0,1.0,0.5,0.5,0.5,1.0,1.0,0.5,0.5,0.5,0.0,0.0,1.0,1.0,1.0,1.0,1.0,1.0,0.06667,0.0,1.0,0.0,1.0,0.0,1.0
1.0,0.0,1.0,0.0,0.26667,0.26667,0.01419,0.13333,0.0,0.88235,0.0,0.66667,0.0,0.06667,0.00444,0.0,0.99875,1.0,1.0,1.0,1.0,1.0,1.0,0.60435,0.86335,0.07143,0.18296,0.12295,0.0,0.0,0.60973,1.0,1.0,0.0,1.0,1.0,0.5,0.5,0.5,1.0,1.0,0.5,0.5,0.5,0.0,0.0,1.0,1.0,1.0,1.0,0.03897,1.0,0.06667,0.0,1.0,0.0,1.0,0.5,1.0
0.5,0.5,0.5,0.5,0.5,0.5,0.04365,0.26667,0.2,0.0,0.0,0.66667,0.0,0.27556,0.03556,0.8733,0.0,0.86667,1.0,0.92381,1.0,0.5,0.0,0.68543,0.97918,0.14286,0.68258,0.40056,0.2,0.0,0.91822,1.0,0.5,0.0,1.0,1.0,0.5,0.5,0.5,1.0,1.0,0.5,0.5,0.5,0.0,0.0,1.0,1.0,1.0,0.5,0.5,1.0,0.06667,0.0,1.0,1.0,1.0,0.6,0.5
1.0,1.0,1.0,1.0,0.26667,0.26667,0.04777,0.4,0.33333,0.0,0.0,0.66667,0.0,0.28444,0.08,0.0,0.91424,0.58095,1.0,0.6381,1.0,1.0,0.0,0.66638,0.95196,0.14286,0.82125,0.40648,0.4,0.0,0.88353,1.0,1.0,0.0,1.0,1.0,0.5,0.5,0.5,1.0,1.0,0.5,0.5,0.5,0.0,1.0,1.0,1.0,1.0,1.0,0.51915,1.0,0.06667,0.0,1.0,0.0,1.0,0.4,1.0
0.5,0.5,0.5,0.5,0.5,0.5,0.11604,0.93333,0.16667,0.0,0.0,0.66667,0.0,0.24444,0.00889,0.96514,0.0,0.55238,0.9619,0.72381,1.0,0.5,0.0,0.66227,0.9461,0.14286,1.0,1.0,1.0,0.0,0.91108,1.0,0.5,0.0,1.0,1.0,0.5,0.5,0.5,1.0,1.0,0.5,0.5,0.5,0.0,0.0,1.0,1.0,1.0,0.5,0.5,1.0,0.06667,0.0,1.0,1.0,1.0,0.66667,0.5
1.0,0.5,1.0,0.5,1.0,0.5,0.14505,1.0,0.2,0.0,0.0,0.66667,1.0,0.24889,0.00889,0.96459,0.0,0.80952,1.0,0.77143,1.0,0.80952,1.0,0.69591,0.99416,0.14286,1.0,1.0,1.0,0.0,0.97396,1.0,0.92857,0.0,1.0,1.0,0.5,0.5,0.5,1.0,1.0,0.5,0.5,0.5,0.0,0.0,1.0,1.0,1.0,0.5,0.5,1.0,0.06667,0.0,1.0,1.0,1.0,0.0,1.0
1.0,0.5,1.0,0.5,1.0,0.5,0.17386,1.0,0.23333,0.0,0.0,0.66667,1.0,0.18222,0.03111,0.9956,0.0,0.58095,0.84762,0.68571,1.0,0.58095,1.0,0.75895,1.0,0.21429,1.0,1.0,1.0,0.0,0.98986,1.0,0.71429,0.0,1.0,1.0,0.5,0.5,0.5,1.0,1.0,0.5,0.5,0.5,0.0,0.0,1.0,1.0,1.0,0.5,0.5,1.0,0.06667,0.0,1.0,1.0,1.0,0.0,1.0
0.0,0.0,0.0,0.0,1.0,0.86667,0.13338,0.86667,0.36667,0.0,0.0,0.66667,0.0,0.12,0.08,0.99391,0.0,0.75238,1.0,0.50476,0.58095,0.67619,1.0,0.98594,1.0,0.14286,1.0,1.0,1.0,0.0,0.87533,0.57143,0.21429,0.0,1.0,1.0,0.5,0.5,0.5,1.0,1.0,0.5,0.5,0.5,0.0,0.0,1.0,1.0,1.0,0.55706,0.55333,1.0,0.06667,0.0,1.0,0.0,1.0,0.14286,1.0
0.0,0.0,1.0,1.0,0.86667,0.8,0.13679,0.8,0.43333,0.0,0.0,0.66667,0.0,0.10222,0.10667,0.0,0.96105,1.0,0.95238,0.67619,1.0,0.91429,0.0,0.59672,0.85246,0.07143,1.0,1.0,1.0,0.0,0.78446,0.92857,0.57143,0.0,1.0,1.0,0.5,0.95176,0.5,1.0,1.0,0.5,0.5,0.5,0.0,0.0,1.0,1.0,1.0,0.86068,0.69199,1.0,0.06667,0.0,1.0,0.0,1.0,0.0,1.0
0.0,0.0,0.0,0.0,0.8,0.73333,0.07876,0.66667,0.0,0.81081,0.0,0.66667,0.0,0.03556,0.08889,0.99335,0.0,0.88571,1.0,0.77143,0.84762,0.64762,1.0,0.97311,1.0,0.28571,0.54516,0.3326,0.0,0.0,0.90668,1.0,0.78571,0.0,1.0,1.0,0.5,0.62864,0.5,1.0,1.0,0.5,0.5,0.5,0.0,0.0,1.0,1.0,1.0,1.0,0.29824,1.0,0.06667,0.0,1.0,0.0,1.0,0.0,1.0
0.0,0.0,0.0,0.0,0.66667,0.66667,0.07817,0.66667,0.0,0.76923,0.0,0.66667,0.0,0.03556,0.08889,0.9939,0.0,1.0,0.89524,0.78095,0.8,0.89524,0.0,0.85164,1.0,0.35714,0.56153,0.33,0.0,0.0,0.9079,0.92857,0.92857,0.0,1.0,1.0,0.5,0.62864,0.5,1.0,1.0,0.5,0.5,0.5,0.0,0.0,1.0,1.0,1.0,1.0,0.29824,1.0,0.06667,0.0,1.0,0.0,1.0,0.0,1.0
0.5,0.5,0.5,0.5,0.5,0.5,0.2,0.6,0.03333,0.0,0.5,0.0,0.0,0.2,0.0,0.5,0.5,0.5,0.5,0.5,0.5,0.5,0.5,0.0,0.0,0.75,1.0,1.0,1.0,0.0,0.0,0.5,0.5,0.0,1.0,1.0,0.5,0.5,0.5,1.0,1.0,0.5,0.5,0.5,0.5,0.5,1.0,0.5,0.5,0.5,0.5,1.0,0.2,0.0,1.0,1.0,1.0,0.5,0.5
1.0,0.0,1.0,0.0,1.0,0.6,0.16869,0.2,0.13333,0.0,0.5,0.0,0.0,0.48,0.0,0.0,0.99304,1.0,1.0,1.0,1.0,0.9,1.0,0.90259,1.0,0.25,0.82456,0.70892,0.0,0.0,0.79635,0.75,0.25,0.0,1.0,1.0,0.5,0.5,0.5,1.0,1.0,0.5,0.5,0.5,0.0,0.0,1.0,1.0,1.0,0.5,0.5,1.0,0.2,0.0,1.0,1.0,1.0,0.5,1.0
1.0,0.5,1.0,0.5,0.2,0.5,0.18384,0.2,0.16667,0.0,0.5,0.0,1.0,0.52,0.0,0.99366,0.0,1.0,1.0,1.0,1.0,1.0,0.0,0.8896,1.0,0.25,0.91599,0.83069,0.0,0.0,0.81674,1.0,1.0,0.0,1.0,1.0,0.5,0.5,0.5,1.0,1.0,0.5,0.5,0.5,0.0,0.0,1.0,1.0,1.0,0.5,0.5,1.0,0.2,0.0,1.0,1.0,1.0,0.0,1.0
1.0,0.0,1.0,0.0,0.6,0.2,0.18125,0.2,0.23333,0.0,0.5,0.0,0.0,0.48,0.0,0.98702,0.0,0.9,1.0,1.0,1.0,0.9,1.0,0.87403,1.0,0.25,0.92619,0.85453,0.0,0.0,0.83969,0.75,1.0,0.0,1.0,1.0,0.5,0.5,0.5,1.0,1.0,0.5,0.5,0.5,0.0,0.0,1.0,1.0,1.0,0.5,0.5,1.0,0.2,0.0,1.0,1.0,1.0,0.5,1.0
1.0,0.5,1.0,0.5,0.4,0.5,0.19314,0.4,0.26667,0.0,0.5,0.0,1.0,0.4,0.0,0.96078,0.0,1.0,1.0,1.0,1.0,1.0,0.0,0.86584,1.0,0.25,0.99999,0.97926,0.5,0.0,0.8448,1.0,0.5,0.0,1.0,1.0,0.5,0.5,0.5,1.0,1.0,0.5,0.5,0.5,0.0,0.0,1.0,1.0,1.0,0.5,0.5,1.0,0.2,0.0,1.0,1.0,1.0,0.0,1.0
1.0,1.0,1.0,1.0,0.8,0.4,0.16409,0.2,0.4,0.0,0.5,0.0,0.0,0.36,0.0,0.9757,0.0,1.0,1.0,1.0,1.0,1.0,1.0,0.8984,1.0,0.25,0.80574,0.646,0.0,0.0,0.85517,0.75,0.5,0.0,1.0,1.0,0.5,0.5,0.5,1.0,1.0,0.5,0.5,0.5,0.0,0.0,1.0,1.0,1.0,0.5,0.5,1.0,0.2,0.0,1.0,1.0,1.0,0.5,1.0
1.0,1.0,1.0,1.0,0.2,0.2,0.16783,0.2,0.46667,0.0,0.5,0.0,0.0,0.36,0.0,0.9868,0.0,1.0,1.0,1.0,1.0,1.0,1.0,0.37959,0.54227,0.0,0.77829,0.63705,0.0,0.0,0.84732,1.0,0.75,0.0,1.0,1.0,0.5,0.5,0.5,1.0,1.0,0.5,0.5,0.5,0.0,0.0,1.0,1.0,1.0,0.5,0.5,1.0,0.2,0.0,1.0,1.0,1.0,1.0,1.0
1.0,1.0,1.0,1.0,0.2,0.8,0.20132,0.8,0.53333,0.0,0.5,0.0,0.0,0.36,0.0,0.99142,0.0,1.0,1.0,1.0,1.0,1.0,1.0,0.39329,0.56184,0.0,0.91718,0.84703,0.0,0.0,0.87391,1.0,1.0,0.0,1.0,1.0,0.5,0.5,0.5,1.0,1.0,0.5,0.5,0.5,0.0,0.0,1.0,1.0,1.0,0.5,0.5,1.0,0.2,0.0,1.0,1.0,1.0,0.0,1.0
1.0,1.0,1.0,1.0,1.0,1.0,0.22274,1.0,0.66667,0.0,0.5,0.0,0.0,0.4,0.0,0.0,0.97541,1.0,1.0,1.0,1.0,1.0,0.0,0.36926,0.52751,0.0,1.0,1.0,1.0,0.0,0.91808,0.5,1.0,0.0,1.0,1.0,0.5,0.5,0.5,1.0,1.0,0.5,0.5,0.5,0.0,0.0,1.0,1.0,1.0,0.5,0.5,1.0,0.2,0.0,1.0,1.0,1.0,0.0,1.0
0.5,0.5,0.5,0.5,0.5,0.5,0.2,0.6,0.03333,0.0,0.5,0.0,0.0,0.2,0.0,0.5,0.5,0.5,0.5,0.5,0.5,0.5,0.5,0.0,0.0,0.75,1.0,1.0,1.0,0.0,0.0,0.5,0.5,0.0,1.0,1.0,0.5,0.5,0.5,1.0,1.0,0.5,0.5,0.5,0.5,0.5,1.0,0.5,0.5,0.5,0.5,1.0,0.2,0.0,1.0,1.0,1.0,0.5,0.5
1.0,1.0,1.0,1.0,1.0,0.8,0.17761,0.4,0.13333,0.0,0.5,0.0,0.0,0.84,0.0,0.0,1.0,1.0,1.0,1.0,1.0,0.0,1.0,0.91006,1.0,0.5,0.85959,0.74434,0.0,0.0,0.96226,1.0,0.25,0.0,1.0,1.0,0.5,0.5,0.5,1.0,1.0,0.5,0.5,0.5,0.0,0.0,1.0,1.0,1.0,0.5,0.5,1.0,0.2,0.0,1.0,1.0,1.0,1.0,1.0
0.5,0.5,0.5,0.5,0.5,0.5,0.2,0.6,0.03333,0.0,0.5,0.0,0.0,0.2,0.0,0.5,0.5,0.5,0.5,0.5,0.5,0.5,0.5,0.0,0.0,0.75,1.0,1.0,1.0,0.0,0.0,0.5,0.5,0.0,1.0,1.0,0.5,0.5,0.5,1.0,1.0,0.5,0.5,0.5,0.5,0.5,1.0,0.5,0.5,0.5,0.5,1.0,0.2,0.0,1.0,1.0,1.0,0.5,0.5
0.5,0.5,0.5,0.5,0.5,0.5,0.2,0.6,0.03333,0.0,0.5,0.0,0.0,0.2,0.0,0.5,0.5,0.5,0.5,0.5,0.5,0.5,0.5,0.0,0.0,0.75,1.0,1.0,1.0,0.0,0.0,0.5,0.5,0.0,1.0,1.0,0.5,0.5,0.5,1.0,1.0,0.5,0.5,0.5,0.5,0.5,1.0,0.5,0.5,0.5,0.5,1.0,0.2,0.0,1.0,1.0,1.0,0.5,0.5
0.0,0.0,0.0,0.0,0.6,0.6,0.2,0.6,0.53333,0.0,0.5,0.0,0.0,0.2,0.0,1.0,0.0,1.0,1.0,1.0,1.0,1.0,0.0,0.08163,0.11662,0.0,1.0,1.0,1.0,0.0,1.0,1.0,0.25,0.0,1.0,1.0,0.5,0.5,0.5,1.0,1.0,0.5,0.5,0.5,0.0,0.0,1.0,1.0,1.0,0.5,0.5,1.0,0.2,1.0,1.0,1.0,1.0,0.0,1.0
0.0,0.0,0.0,0.0,0.6,0.6,0.2,0.6,0.6,0.0,0.5,0.0,0.0,0.2,0.0,0.0,1.0,1.0,1.0,1.0,1.0,1.0,0.0,0.08163,0.11662,0.0,1.0,1.0,1.0,0.0,1.0,1.0,1.0,0.0,1.0,1.0,0.5,0.5,0.5,1.0,1.0,0.5,0.5,0.5,0.0,0.0,1.0,1.0,1.0,0.5,0.5,1.0,0.2,1.0,1.0,1.0,1.0,1.0,1.0
0.5,0.5,0.5,0.5,0.5,0.5,0.2,0.6,0.03333,0.0,0.5,0.0,0.0,0.2,0.0,0.5,0.5,0.5,0.5,0.5,0.5,0.5,0.5,0.0,0.0,0.75,1.0,1.0,1.0,0.0,0.0,0.5,0.5,0.0,1.0,1.0,0.5,0.5,0.5,1.0,1.0,0.5,0.5,0.5,0.5,0.5,1.0,0.5,0.5,0.5,0.5,1.0,0.2,0.0,1.0,1.0,1.0,0.5,0.5
1.0,0.0,1.0,0.0,0.6,0.2,0.17675,0.4,0.23333,0.0,0.5,0.0,0.0,0.56,0.04,0.62154,0.0,1.0,1.0,1.0,1.0,0.6,1.0,0.83052,1.0,0.0,0.83122,0.73768,0.0,0.0,0.76236,1.0,0.75,0.0,1.0,1.0,0.5,0.5,0.5,1.0,1.0,0.5,0.5,0.5,0.0,0.0,1.0,1.0,1.0,0.5,0.5,1.0,0.2,0.0,1.0,1.0,1.0,0.5,1.0
1.0,1.0,1.0,1.0,0.4,0.4,0.2124,0.4,0.3,0.0,0.5,0.0,0.0,0.52,0.08,0.88168,0.0,1.0,1.0,1.0,1.0,1.0,1.0,0.98823,1.0,0.0,0.91568,0.81707,0.0,0.0,0.81297,1.0,1.0,0.0,1.0,1.0,0.5,0.5,0.5,1.0,1.0,0.5,0.5,0.5,0.0,0.0,1.0,1.0,1.0,0.5,0.5,1.0,0.2,0.0,1.0,1.0,1.0,1.0,1.0
1.0,1.0,1.0,1.0,0.8,1.0,0.32356,0.8,0.53333,0.0,0.5,0.0,0.0,0.52,0.16,0.0,0.98496,1.0,1.0,1.0,1.0,1.0,0.0,0.8172,1.0,0.25,1.0,1.0,1.0,0.0,0.9587,1.0,0.75,0.0,1.0,1.0,0.5,0.5,0.5,1.0,1.0,0.5,0.5,0.5,0.0,0.0,1.0,1.0,1.0,0.5,0.5,1.0,0.2,0.0,1.0,1.0,1.0,0.0,1.0
1.0,1.0,1.0,1.0,0.8,1.0,0.397,1.0,0.63333,0.0,0.5,0.0,0.0,0.4,0.16,0.0,0.98253,1.0,1.0,1.0,1.0,1.0,0.0,0.88601,1.0,0.25,1.0,1.0,1.0,0.0,1.0,1.0,1.0,0.0,1.0,1.0,0.5,0.5,0.5,1.0,1.0,0.5,0.5,0.5,0.0,0.0,1.0,1.0,1.0,0.5,0.5,1.0,0.2,0.0,1.0,1.0,1.0,0.0,1.0
0.5,0.5,0.5,0.5,0.5,0.5,0.2,0.6,0.03333,0.0,0.5,0.0,0.0,0.2,0.0,0.5,0.5,0.5,0.5,0.5,0.5,0.5,0.5,0.0,0.0,0.75,1.0,1.0,1.0,0.0,0.0,0.5,0.5,0.0,1.0,1.0,0.5,0.5,0.5,1.0,1.0,0.5,0.5,0.5,0.5,0.5,1.0,0.5,0.5,0.5,0.5,1.0,0.2,0.0,1.0,1.0,1.0,0.5,0.5
0.0,0.0,0.0,0.0,0.6,0.6,0.09965,0.2,0.56667,0.0,0.5,0.0,0.0,0.4,0.0,0.95103,0.0,1.0,1.0,1.0,1.0,0.9,0.0,0.19521,0.27888,0.0,0.6444,0.47536,0.0,0.0,0.69219,1.0,0.5,0.0,1.0,1.0,0.5,0.5,0.5,1.0,1.0,0.5,0.5,0.5,0.0,0.0,1.0,1.0,1.0,0.5,0.5,1.0,0.2,0.0,1.0,1.0,1.0,0.0,1.0
0.0,0.5,0.0,0.5,0.2,0.5,0.09887,0.2,0.6,0.0,0.5,0.0,1.0,0.4,0.0,0.94663,0.0,1.0,1.0,1.0,1.0,1.0,0.0,0.01995,0.0285,0.25,1.0,1.0,1.0,1.0,1.0,1.0,0.75,0.0,1.0,1.0,0.5,0.5,0.5,1.0,1.0,0.5,0.5,0.5,0.0,0.0,1.0,1.0,1.0,0.5,0.5,1.0,0.2,1.0,1.0,1.0,1.0,1.0,1.0
0.0,0.5,0.0,0.5,0.2,0.5,0.09869,0.2,0.63333,0.0,0.5,0.0,1.0,0.28,0.0,0.9509,0.0,1.0,1.0,1.0,1.0,1.0,0.0,0.01988,0.02839,0.25,1.0,1.0,1.0,1.0,1.0,1.0,1.0,0.0,1.0,1.0,0.5,0.5,0.5,1.0,1.0,0.5,0.5,0.5,0.0,0.0,1.0,1.0,1.0,0.5,0.5,1.0,0.2,1.0,1.0,1.0,1.0,1.0,1.0
0.5,0.5,0.5,0.5,0.5,0.5,0.2,0.6,0.03333,0.0,0.5,0.0,0.0,0.2,0.0,0.5,0.5,0.5,0.5,0.5,0.5,0.5,0.5,0.0,0.0,0.75,1.0,1.0,1.0,0.0,0.0,0.5,0.5,0.0,1.0,1.0,0.5,0.5,0.5,1.0,1.0,0.5,0.5,0.5,0.5,0.5,1.0,0.5,0.5,0.5,0.5,1.0,0.2,0.0,1.0,1.0,1.0,0.5,0.5
1.0,0.0,1.0,0.0,1.0,0.4,0.18033,0.6,0.2,0.0,0.5,0.0,0.0,0.52,0.0,0.0,0.96211,1.0,1.0,1.0,1.0,0.4,1.0,0.99088,1.0,0.25,0.78067,0.6197,0.0,0.0,0.96218,1.0,0.25,0.0,1.0,1.0,0.5,0.5,0.5,1.0,1.0,0.5,0.5,0.5,0.0,0.0,1.0,1.0,1.0,0.5,0.5,1.0,0.2,0.0,1.0,1.0,1.0,0.5,1.0
1.0,1.0,1.0,1.0,0.6,0.6,0.19686,0.6,0.26667,0.0,0.5,0.0,0.0,0.52,0.0,0.0,0.98041,1.0,1.0,1.0,1.0,1.0,0.0,0.93095,1.0,0.25,0.78348,0.59221,0.0,0.0,0.97154,1.0,1.0,0.0,1.0,1.0,0.5,0.5,0.5,1.0,1.0,0.5,0.5,0.5,0.0,0.0,1.0,1.0,1.0,0.5,0.5,1.0,0.2,0.0,1.0,1.0,1.0,0.5,1.0
0.5,0.5,0.5,0.5,0.5,0.5,0.2,0.6,0.03333,0.0,0.5,0.0,0.0,0.2,0.0,0.5,0.5,0.5,0.5,0.5,0.5,0.5,0.5,0.0,0.0,0.75,1.0,1.0,1.0,0.0,0.0,0.5,0.5,0.0,1.0,1.0,0.5,0.5,0.5,1.0,1.0,0.5,0.5,0.5,0.5,0.5,1.0,0.5,0.5,0.5,0.5,1.0,0.2,0.0,1.0,1.0,1.0,0.5,0.5
1.0,0.0,1.0,0.0,0.8,0.2,0.1045,0.2,0.26667,0.0,0.5,0.0,0.0,0.36,0.0,0.97525,0.0,1.0,1.0,1.0,1.0,0.8,1.0,0.84483,1.0,0.75,0.56808,0.35065,0.0,0.0,0.86792,1.0,0.75,0.0,1.0,1.0,0.5,0.5,0.5,1.0,1.0,0.5,0.5,0.5,0.0,0.0,1.0,1.0,1.0,0.5,0.5,1.0,0.2,0.0,1.0,1.0,1.0,0.0,1.0
0.0,0.0,0.0,0.0,0.2,0.2,0.11854,0.2,0.4,0.0,0.5,0.0,0.0,0.36,0.0,0.0,0.96537,1.0,0.9,1.0,1.0,0.9,1.0,0.91571,1.0,0.5,0.59361,0.37555,0.0,0.0,0.90644,1.0,1.0,0.0,1.0,1.0,0.5,0.5,0.5,1.0,1.0,0.5,0.5,0.5,0.0,0.0,1.0,1.0,1.0,0.5,0.5,1.0,0.2,0.0,1.0,1.0,1.0,0.0,1.0
0.5,0.5,0.5,0.5,0.5,0.5,0.2,0.6,0.03333,0.0,0.5,0.0,0.0,0.2,0.0,0.5,0.5,0.5,0.5,0.5,0.5,0.5,0.5,0.0,0.0,0.75,1.0,1.0,1.0,0.0,0.0,0.5,0.5,0.0,1.0,1.0,0.5,0.5,0.5,1.0,1.0,0.5,0.5,0.5,0.5,0.5,1.0,0.5,0.5,0.5,0.5,1.0,0.2,0.0,1.0,1.0,1.0,0.5,0.5
0.5,0.5,0.5,0.5,0.5,0.5,0.20416,0.6,0.1,0.0,0.5,0.0,0.0,0.48,0.0,0.93138,0.0,0.8,0.8,1.0,1.0,0.5,1.0,0.32335,0.46192,0.0,1.0,1.0,1.0,0.0,1.0,1.0,0.5,0.0,1.0,1.0,0.5,0.5,0.5,1.0,1.0,0.5,0.5,0.5,0.0,0.0,1.0,1.0,1.0,0.5,0.5,1.0,0.2,0.0,1.0,1.0,1.0,1.0,0.5
1.0,1.0,1.0,1.0,0.8,0.8,0.29927,0.8,0.3,0.0,0.5,0.0,0.0,0.28,0.12,0.0,0.94771,1.0,1.0,0.7,0.7,0.6,1.0,0.83393,1.0,0.0,0.93635,0.88031,0.0,0.0,1.0,0.5,0.5,0.0,1.0,1.0,0.5,0.5,0.5,1.0,1.0,0.5,0.5,0.5,0.0,0.0,1.0,1.0,1.0,1.0,1.0,1.0,0.2,0.0,1.0,0.0,1.0,0.0,1.0
1.0,1.0,1.0,1.0,0.8,1.0,0.46152,0.8,1.0,0.0,0.5,0.0,0.0,0.2,0.04,0.0,0.97028,1.0,1.0,0.6,1.0,0.8,1.0,0.73106,1.0,0.25,1.0,1.0,1.0,0.0,1.0,0.75,0.75,0.0,1.0,1.0,0.5,0.5,0.5,1.0,1.0,0.5,0.5,0.5,0.0,0.0,1.0,1.0,1.0,1.0,1.0,1.0,0.2,1.0,1.0,0.0,1.0,0.0,1.0
0.5,0.5,0.5,0.5,0.5,0.5,0.2,0.6,0.03333,0.0,0.5,0.0,0.0,0.2,0.0,0.5,0.5,0.5,0.5,0.5,0.5,0.5,0.5,0.0,0.0,0.75,1.0,1.0,1.0,0.0,0.0,0.5,0.5,0.0,1.0,1.0,0.5,0.5,0.5,1.0,1.0,0.5,0.5,0.5,0.5,0.5,1.0,0.5,0.5,0.5,0.5,1.0,0.2,0.0,1.0,1.0,1.0,0.5,0.5
1.0,1.0,1.0,1.0,1.0,1.0,0.10182,0.4,0.43333,0.0,0.5,0.0,0.0,0.44,0.04,0.0,0.99139,1.0,1.0,0.8,0.8,0.6,0.0,0.97706,1.0,1.0,0.56506,0.35114,0.33333,0.0,0.94093,0.25,0.5,0.0,1.0,1.0,0.5,0.5,0.5,1.0,1.0,0.5,0.5,0.5,0.0,0.0,1.0,1.0,1.0,0.5,0.5,1.0,0.2,0.0,1.0,1.0,1.0,0.33333,1.0
0.5,0.5,0.5,0.5,0.5,0.5,0.16709,0.4,0.3,0.0,0.5,0.0,0.0,0.48,0.08,0.95111,0.0,1.0,1.0,1.0,1.0,0.5,1.0,0.98983,1.0,0.25,0.70726,0.61633,0.0,0.0,0.66667,0.5,0.5,0.0,1.0,1.0,0.5,0.5,0.5,1.0,1.0,0.5,0.5,0.5,0.0,0.0,1.0,1.0,1.0,0.82239,0.55333,1.0,0.2,0.0,1.0,0.0,1.0,0.5,0.5
1.0,0.0,1.0,1.0,0.4,0.4,0.14854,0.4,0.5,0.0,0.5,0.0,0.0,0.28,0.08,0.98544,0.0,1.0,1.0,0.9,1.0,1.0,0.0,0.96293,1.0,0.25,0.609,0.50081,0.0,0.0,0.66667,0.75,1.0,0.0,1.0,1.0,0.5,0.5,0.5,1.0,1.0,0.5,0.5,0.5,0.0,0.0,1.0,1.0,1.0,0.82239,0.55333,1.0,0.2,0.0,1.0,0.0,1.0,0.0,1.0
0.5,0.5,0.5,0.5,0.5,0.5,0.2,0.6,0.03333,0.0,0.5,0.0,0.0,0.2,0.0,0.5,0.5,0.5,0.5,0.5,0.5,0.5,0.5,0.0,0.0,0.75,1.0,1.0,1.0,0.0,0.0,0.5,0.5,0.0,1.0,1.0,0.5,0.5,0.5,1.0,1.0,0.5,0.5,0.5,0.5,0.5,1.0,0.5,0.5,0.5,0.5,1.0,0.2,0.0,1.0,1.0,1.0,0.5,0.5
0.5,0.5,0.5,0.5,0.5,0.5,0.2,0.6,0.03333,0.0,0.5,0.0,0.0,0.2,0.0,0.5,0.5,0.5,0.5,0.5,0.5,0.5,0.5,0.0,0.0,0.75,1.0,1.0,1.0,0.0,0.0,0.5,0.5,0.0,1.0,1.0,0.5,0.5,0.5,1.0,1.0,0.5,0.5,0.5,0.5,0.5,1.0,0.5,0.5,0.5,0.5,1.0,0.2,0.0,1.0,1.0,1.0,0.5,0.5
1.0,1.0,1.0,1.0,1.0,0.8,0.20984,0.8,0.1,0.0,0.5,0.0,0.0,0.64,0.0,0.0,1.0,1.0,0.4,1.0,1.0,0.6,0.0,0.84889,1.0,0.25,1.0,1.0,1.0,1.0,1.0,0.75,0.75,0.0,1.0,1.0,0.5,0.5,0.5,1.0,1.0,0.5,0.5,0.5,0.0,0.0,1.0,1.0,1.0,0.5,0.5,1.0,0.2,0.0,1.0,1.0,1.0,0.5,1.0
1.0,1.0,1.0,0.0,0.8,0.6,0.16131,0.4,0.23333,0.0,0.5,0.0,0.0,0.68,0.0,0.0,0.99714,1.0,1.0,1.0,1.0,1.0,0.0,0.82239,1.0,0.25,0.91778,0.73473,0.5,0.0,0.97588,1.0,1.0,0.0,1.0,1.0,0.5,0.5,0.5,1.0,1.0,0.5,0.5,0.5,0.0,0.0,1.0,1.0,1.0,0.5,0.5,1.0,0.2,0.0,1.0,1.0,1.0,1.0,1.0
1.0,0.5,1.0,0.5,0.4,0.5,0.17107,0.4,0.26667,0.0,0.5,0.0,1.0,0.68,0.0,0.97244,0.0,1.0,1.0,1.0,1.0,1.0,0.0,0.80736,1.0,0.25,1.0,0.7892,0.5,1.0,0.99263,1.0,1.0,0.0,1.0,1.0,0.5,0.5,0.5,1.0,1.0,0.5,0.5,0.5,0.0,0.0,1.0,1.0,1.0,0.5,0.5,1.0,0.2,0.0,1.0,1.0,1.0,0.0,1.0
1.0,0.5,1.0,0.5,0.4,0.5,0.17499,0.4,0.3,0.0,0.5,0.0,1.0,0.64,0.0,0.97223,0.0,1.0,1.0,1.0,1.0,1.0,0.0,0.80314,1.0,0.25,1.0,0.80074,0.5,1.0,1.0,1.0,1.0,0.0,1.0,1.0,0.5,0.5,0.5,1.0,1.0,0.5,0.5,0.5,0.0,0.0,1.0,1.0,1.0,0.5,0.5,1.0,0.2,0.0,1.0,1.0,1.0,0.0,1.0
1.0,0.0,1.0,0.0,0.4,0.4,0.15788,0.4,0.36667,0.0,0.5,0.0,0.0,0.52,0.0,0.99312,0.0,1.0,1.0,1.0,1.0,1.0,1.0,0.80689,1.0,0.25,0.93471,0.69358,0.5,1.0,1.0,0.75,1.0,0.0,1.0,1.0,0.5,0.5,0.5,1.0,1.0,0.5,0.5,0.5,0.0,0.0,1.0,1.0,1.0,0.5,0.5,1.0,0.2,0.0,1.0,1.0,1.0,0.5,1.0
1.0,1.0,1.0,1.0,0.4,0.4,0.08421,0.2,0.0,0.9375,0.5,0.0,0.0,0.44,0.08,0.0,0.99354,1.0,1.0,1.0,1.0,0.6,0.0,0.61928,0.88469,0.25,0.75113,0.60145,0.0,0.0,1.0,1.0,0.75,0.0,1.0,1.0,0.5,0.5,0.5,1.0,1.0,0.5,0.5,0.5,0.0,0.0,1.0,1.0,1.0,1.0,1.0,1.0,0.2,0.0,1.0,0.0,1.0,1.0,1.0
1.0,1.0,1.0,1.0,0.2,0.2,0.08829,0.2,0.0,0.81081,0.5,0.0,0.0,0.4,0.08,0.99576,0.0,1.0,1.0,1.0,1.0,1.0,1.0,0.6333,0.90471,0.25,0.72333,0.56657,0.0,1.0,1.0,1.0,1.0,0.0,1.0,1.0,0.5,0.5,0.5,1.0,1.0,0.5,0.5,0.5,0.0,0.0,1.0,1.0,1.0,1.0,1.0,1.0,0.2,0.0,1.0,0.0,1.0,1.0,1.0
1.0,1.0,1.0,1.0,0.2,0.4,0.10956,0.2,0.0,0.75,0.5,0.0,0.0,0.4,0.08,0.98587,0.0,1.0,1.0,1.0,1.0,1.0,1.0,0.606,0.86571,0.25,0.9824,0.96541,0.0,1.0,1.0,1.0,1.0,0.0,1.0,1.0,0.5,0.5,0.5,1.0,1.0,0.5,0.5,0.5,0.0,0.0,1.0,1.0,1.0,1.0,1.0,1.0,0.2,0.0,1.0,0.0,1.0,1.0,1.0
0.5,0.5,0.5,0.5,0.5,0.5,0.22593,1.0,0.23333,0.0,0.5,0.0,0.0,0.84,0.04,0.58528,0.0,1.0,1.0,1.0,1.0,0.5,0.0,0.75364,1.0,0.25,1.0,1.0,1.0,0.0,0.99803,1.0,0.5,0.0,1.0,1.0,0.5,0.5,0.5,1.0,1.0,0.5,0.5,0.5,0.0,0.0,1.0,1.0,1.0,0.93475,0.6375,1.0,0.2,0.0,1.0,0.0,1.0,1.0,0.5
0.5,0.5,0.5,0.5,0.5,0.5,0.2,0.6,0.03333,0.0,0.5,0.0,0.0,0.2,0.0,0.5,0.5,0.5,0.5,0.5,0.5,0.5,0.5,0.0,0.0,0.75,1.0,1.0,1.0,0.0,0.0,0.5,0.5,0.0,1.0,1.0,0.5,0.5,0.5,1.0,1.0,0.5,0.5,0.5,0.5,0.5,1.0,0.5,0.5,0.5,0.5,1.0,0.2,0.0,1.0,1.0,1.0,0.5,0.5
0.0,0.0,0.0,0.0,0.6,0.6,0.2,0.6,0.53333,0.0,0.5,0.0,0.0,0.2,0.0,1.0,0.0,1.0,1.0,1.0,1.0,1.0,0.0,0.08163,0.11662,0.0,1.0,1.0,1.0,0.0,1.0,1.0,0.25,0.0,1.0,1.0,0.5,0.5,0.5,1.0,1.0,0.5,0.5,0.5,0.0,0.0,1.0,1.0,1.0,0.5,0.5,1.0,0.2,1.0,1.0,1.0,1.0,0.0,1.0
0.0,0.0,0.0,0.0,0.6,0.6,0.2,0.6,0.6,0.0,0.5,0.0,0.0,0.2,0.0,0.0,1.0,1.0,1.0,1.0,1.0,1.0,0.0,0.08163,0.11662,0.0,1.0,1.0,1.0,0.0,1.0,1.0,1.0,0.0,1.0,1.0,0.5,0.5,0.5,1.0,1.0,0.5,0.5,0.5,0.0,0.0,1.0,1.0,1.0,0.5,0.5,1.0,0.2,1.0,1.0,1.0,1.0,1.0,1.0
0.0,0.0,0.0,0.0,0.6,0.6,0.2,0.6,0.86667,0.0,0.5,0.0,0.0,0.2,0.0,1.0,0.0,1.0,1.0,1.0,1.0,1.0,0.0,0.08163,0.11662,0.0,1.0,1.0,1.0,0.0,1.0,1.0,1.0,0.0,1.0,1.0,0.5,0.5,0.5,1.0,1.0,0.5,0.5,0.5,0.0,0.0,1.0,1.0,1.0,0.5,0.5,1.0,0.2,1.0,1.0,1.0,1.0,1.0,1.0
0.0,0.5,0.0,0.5,0.6,0.5,0.2,0.6,0.9,0.0,0.5,0.0,1.0,0.2,0.0,1.0,0.0,1.0,1.0,1.0,1.0,1.0,0.0,0.08163,0.11662,0.0,1.0,1.0,1.0,0.0,1.0,1.0,1.0,0.0,1.0,1.0,0.5,0.5,0.5,1.0,1.0,0.5,0.5,0.5,0.0,0.0,1.0,1.0,1.0,0.5,0.5,1.0,0.2,1.0,1.0,1.0,1.0,1.0,1.0
0.0,0.0,1.0,1.0,0.6,0.6,0.2,0.6,0.0,0.96774,0.5,0.0,0.0,0.2,0.0,1.0,0.0,1.0,1.0,1.0,1.0,1.0,0.0,0.08163,0.11662,0.0,1.0,1.0,1.0,0.0,1.0,1.0,1.0,0.0,1.0,1.0,0.5,0.5,0.5,1.0,1.0,0.5,0.5,0.5,0.0,0.0,1.0,1.0,1.0,0.5,0.5,1.0,0.2,1.0,1.0,1.0,1.0,1.0,1.0
0.0,0.0,0.0,0.0,0.6,0.6,0.2,0.6,0.0,0.90909,0.5,0.0,0.0,0.2,0.0,1.0,0.0,1.0,1.0,1.0,1.0,1.0,0.0,0.08163,0.11662,0.0,1.0,1.0,1.0,0.0,1.0,1.0,1.0,0.0,1.0,1.0,0.5,0.5,0.5,1.0,1.0,0.5,0.5,0.5,0.0,0.0,1.0,1.0,1.0,0.5,0.5,1.0,0.2,1.0,1.0,1.0,1.0,1.0,1.0
0.0,0.5,0.0,0.5,0.6,0.5,0.2,0.6,0.0,0.88235,0.5,0.0,1.0,0.2,0.0,0.0,1.0,1.0,1.0,1.0,1.0,1.0,0.0,0.08163,0.11662,0.0,1.0,1.0,1.0,0.0,1.0,1.0,1.0,0.0,1.0,1.0,0.5,0.5,0.5,1.0,1.0,0.5,0.5,0.5,0.0,0.0,1.0,1.0,1.0,0.5,0.5,1.0,0.2,1.0,1.0,1.0,1.0,1.0,1.0
0.0,0.5,1.0,0.5,0.6,0.5,0.2,0.6,0.0,0.85714,0.5,0.0,1.0,0.2,0.0,1.0,0.0,1.0,1.0,1.0,1.0,1.0,0.0,0.08163,0.11662,0.0,1.0,1.0,1.0,0.0,1.0,1.0,1.0,0.0,1.0,1.0,0.5,0.5,0.5,1.0,1.0,0.5,0.5,0.5,0.0,0.0,1.0,1.0,1.0,0.5,0.5,1.0,0.2,1.0,1.0,1.0,1.0,1.0,1.0
0.5,0.5,0.5,0.5,0.5,0.5,0.2,0.6,0.03333,0.0,0.5,0.0,0.0,0.2,0.0,0.5,0.5,0.5,0.5,0.5,0.5,0.5,0.5,0.0,0.0,0.75,1.0,1.0,1.0,0.0,0.0,0.5,0.5,0.0,1.0,1.0,0.5,0.5,0.5,1.0,1.0,0.5,0.5,0.5,0.5,0.5,1.0,0.5,0.5,0.5,0.5,1.0,0.2,0.0,1.0,1.0,1.0,0.5,0.5
0.5,0.5,0.5,0.5,0.5,0.5,0.2,0.6,0.03333,0.0,0.5,0.0,0.0,0.2,0.0,0.5,0.5,0.5,0.5,0.5,0.5,0.5,0.5,0.0,0.0,0.75,1.0,1.0,1.0,0.0,0.0,0.5,0.5,0.0,1.0,1.0,0.5,0.5,0.5,1.0,1.0,0.5,0.5,0.5,0.5,0.5,1.0,0.5,0.5,0.5,0.5,1.0,0.2,0.0,1.0,1.0,1.0,0.5,0.5
0.0,0.0,0.0,0.0,0.6,0.6,0.09971,0.2,0.5,0.0,0.5,0.0,0.0,0.44,0.0,0.97688,0.0,1.0,1.0,1.0,1.0,0.9,0.0,0.02029,0.02898,0.0,1.0,1.0,1.0,0.0,1.0,1.0,0.25,0.0,1.0,1.0,0.5,0.5,0.5,1.0,1.0,0.5,0.5,0.5,0.0,0.0,1.0,1.0,1.0,0.5,0.5,1.0,0.2,1.0,1.0,1.0,1.0,1.0,1.0
0.0,0.5,0.0,0.5,0.2,0.5,0.09952,0.2,0.53333,0.0,0.5,0.0,1.0,0.36,0.0,0.9622,0.0,0.9,0.9,1.0,1.0,0.9,0.0,0.02021,0.02887,0.0,1.0,1.0,1.0,0.0,1.0,1.0,1.0,0.0,1.0,1.0,0.5,0.5,0.5,1.0,1.0,0.5,0.5,0.5,0.0,0.0,1.0,1.0,1.0,0.5,0.5,1.0,0.2,1.0,1.0,1.0,1.0,1.0,1.0
0.0,0.5,0.0,0.5,0.2,0.5,0.09945,0.2,0.56667,0.0,0.5,0.0,1.0,0.32,0.0,0.96127,0.0,1.0,0.9,1.0,1.0,1.0,0.0,0.02019,0.02884,0.0,1.0,1.0,1.0,0.0,1.0,1.0,1.0,0.0,1.0,1.0,0.5,0.5,0.5,1.0,1.0,0.5,0.5,0.5,0.0,0.0,1.0,1.0,1.0,0.5,0.5,1.0,0.2,1.0,1.0,1.0,1.0,1.0,1.0
0.0,0.5,0.0,0.5,0.2,0.5,0.09943,0.2,0.6,0.0,0.5,0.0,1.0,0.24,0.0,0.9564,0.0,1.0,1.0,1.0,1.0,1.0,0.0,0.02018,0.02882,0.0,1.0,1.0,1.0,0.0,1.0,1.0,1.0,0.0,1.0,1.0,0.5,0.5,0.5,1.0,1.0,0.5,0.5,0.5,0.0,0.0,1.0,1.0,1.0,0.5,0.5,1.0,0.2,1.0,1.0,1.0,1.0,1.0,1.0
0.0,0.5,0.0,0.5,0.2,0.5,0.09942,0.2,0.63333,0.0,0.5,0.0,1.0,0.24,0.0,0.95607,0.0,1.0,1.0,1.0,1.0,1.0,0.0,0.02017,0.02882,0.0,1.0,1.0,1.0,0.0,1.0,1.0,1.0,0.0,1.0,1.0,0.5,0.5,0.5,1.0,1.0,0.5,0.5,0.5,0.0,0.0,1.0,1.0,1.0,0.5,0.5,1.0,0.2,1.0,1.0,1.0,1.0,1.0,1.0
0.0,0.5,0.0,0.5,0.2,0.5,0.09942,0.2,0.66667,0.0,0.5,0.0,1.0,0.24,0.0,0.96033,0.0,1.0,1.0,1.0,1.0,1.0,0.0,0.02017,0.02882,0.0,1.0,1.0,1.0,0.0,1.0,1.0,1.0,0.0,1.0,1.0,0.5,0.5,0.5,1.0,1.0,0.5,0.5,0.5,0.0,0.0,1.0,1.0,1.0,0.5,0.5,1.0,0.2,1.0,1.0,1.0,1.0,1.0,1.0
0.0,0.5,0.0,0.5,0.2,0.5,0.09942,0.2,0.7,0.0,0.5,0.0,1.0,0.2,0.0,0.96592,0.0,1.0,1.0,1.0,1.0,1.0,0.0,0.02017,0.02882,0.0,1.0,1.0,1.0,0.0,1.0,1.0,1.0,0.0,1.0,1.0,0.5,0.5,0.5,1.0,1.0,0.5,0.5,0.5,0.0,0.0,1.0,1.0,1.0,0.5,0.5,1.0,0.2,1.0,1.0,1.0,1.0,1.0,1.0
0.0,0.5,0.0,0.5,0.2,0.5,0.09942,0.2,0.73333,0.0,0.5,0.0,1.0,0.2,0.0,0.9717,0.0,1.0,1.0,1.0,1.0,1.0,0.0,0.02017,0.02882,0.0,1.0,1.0,1.0,0.0,1.0,1.0,1.0,0.0,1.0,1.0,0.5,0.5,0.5,1.0,1.0,0.5,0.5,0.5,0.0,0.0,1.0,1.0,1.0,0.5,0.5,1.0,0.2,1.0,1.0,1.0,1.0,1.0,1.0
0.0,0.5,0.0,0.5,0.2,0.5,0.09942,0.2,0.76667,0.0,0.5,0.0,1.0,0.2,0.0,0.97717,0.0,1.0,1.0,1.0,1.0,1.0,0.0,0.02017,0.02882,0.0,1.0,1.0,1.0,0.0,1.0,1.0,1.0,0.0,1.0,1.0,0.5,0.5,0.5,1.0,1.0,0.5,0.5,0.5,0.0,0.0,1.0,1.0,1.0,0.5,0.5,1.0,0.2,1.0,1.0,1.0,1.0,1.0,1.0
0.0,0.5,0.0,0.5,0.2,0.5,0.09942,0.2,0.8,0.0,0.5,0.0,1.0,0.2,0.0,0.9817,0.0,1.0,1.0,1.0,1.0,1.0,0.0,0.02017,0.02882,0.0,1.0,1.0,1.0,0.0,1.0,1.0,1.0,0.0,1.0,1.0,0.5,0.5,0.5,1.0,1.0,0.5,0.5,0.5,0.0,0.0,1.0,1.0,1.0,0.5,0.5,1.0,0.2,1.0,1.0,1.0,1.0,1.0,1.0
0.0,0.5,0.0,0.5,0.2,0.5,0.09942,0.2,0.83333,0.0,0.5,0.0,1.0,0.2,0.0,0.98531,0.0,1.0,1.0,1.0,1.0,1.0,0.0,0.02017,0.02882,0.0,1.0,1.0,1.0,0.0,1.0,1.0,1.0,0.0,1.0,1.0,0.5,0.5,0.5,1.0,1.0,0.5,0.5,0.5,0.0,0.0,1.0,1.0,1.0,0.5,0.5,1.0,0.2,1.0,1.0,1.0,1.0,1.0,1.0
0.0,0.0,0.0,0.0,0.2,0.2,0.09875,0.2,0.93333,0.0,0.5,0.0,0.0,0.2,0.0,0.99399,0.0,1.0,1.0,1.0,1.0,1.0,0.0,0.0199,0.02843,0.0,1.0,1.0,1.0,0.0,1.0,1.0,1.0,0.0,1.0,1.0,0.5,0.5,0.5,1.0,1.0,0.5,0.5,0.5,0.0,0.0,1.0,1.0,1.0,0.5,0.5,1.0,0.2,1.0,1.0,1.0,1.0,1.0,1.0
0.0,0.5,0.0,0.5,0.2,0.5,0.09872,0.2,0.96667,0.0,0.5,0.0,1.0,0.2,0.0,0.99063,0.0,1.0,1.0,1.0,1.0,1.0,0.0,0.01989,0.02842,0.0,1.0,1.0,1.0,0.0,1.0,1.0,1.0,0.0,1.0,1.0,0.5,0.5,0.5,1.0,1.0,0.5,0.5,0.5,0.0,0.0,1.0,1.0,1.0,0.5,0.5,1.0,0.2,1.0,1.0,1.0,1.0,1.0,1.0
1.0,1.0,1.0,1.0,0.2,0.2,0.11879,0.2,0.0,0.96774,0.5,0.0,0.0,0.2,0.0,0.99748,0.0,1.0,1.0,1.0,1.0,1.0,1.0,0.0288,0.04114,0.0,1.0,1.0,1.0,0.0,1.0,1.0,1.0,0.0,1.0,1.0,0.5,0.5,0.5,1.0,1.0,0.5,0.5,0.5,0.0,0.0,1.0,1.0,1.0,0.5,0.5,1.0,0.2,1.0,1.0,1.0,1.0,1.0,1.0
1.0,1.0,1.0,1.0,0.2,0.4,0.16048,0.4,0.0,0.90909,0.5,0.0,0.0,0.24,0.0,0.0,0.99428,1.0,0.9,1.0,1.0,1.0,0.0,0.66563,0.9509,0.25,1.0,1.0,1.0,0.0,0.65576,1.0,0.75,0.0,1.0,1.0,0.5,0.5,0.5,1.0,1.0,0.5,0.5,0.5,0.0,0.0,1.0,1.0,1.0,0.5,0.5,1.0,0.2,0.0,1.0,1.0,1.0,0.0,1.0
1.0,1.0,1.0,1.0,0.4,0.4,0.16635,0.4,0.0,0.83333,0.5,0.0,0.0,0.2,0.0,0.98601,0.0,1.0,1.0,1.0,1.0,1.0,1.0,0.05647,0.08068,0.0,1.0,1.0,1.0,0.0,1.0,1.0,0.75,0.0,1.0,1.0,0.5,0.5,0.5,1.0,1.0,0.5,0.5,0.5,0.0,0.0,1.0,1.0,1.0,0.5,0.5,1.0,0.2,1.0,1.0,1.0,1.0,1.0,1.0
0.5,0.5,0.5,0.5,0.5,0.5,0.11909,0.2,0.23333,0.0,0.5,0.0,0.0,0.28,0.08,0.63375,0.0,1.0,1.0,1.0,1.0,0.5,0.0,0.84158,1.0,0.25,0.65068,0.53998,0.0,0.0,0.65546,0.75,0.5,0.0,0.8,0.75867,0.0,0.5,0.92345,1.0,1.0,0.5,0.5,0.5,0.0,0.0,1.0,1.0,1.0,0.5,0.5,1.0,0.2,0.0,1.0,1.0,1.0,0.5,0.5
0.0,0.0,0.0,1.0,0.2,0.4,0.00013,0.2,0.43333,0.0,0.5,0.0,0.0,0.28,0.08,0.0,0.99956,1.0,1.0,1.0,1.0,1.0,1.0,0.73983,1.0,0.25,0.00113,0.00038,0.0,0.0,0.66667,1.0,1.0,0.0,1.0,1.0,0.5,0.49346,0.5,1.0,1.0,0.5,0.5,0.5,0.0,0.0,1.0,1.0,1.0,0.5,0.5,1.0,0.2,0.0,1.0,1.0,1.0,0.0,1.0
0.0,0.0,0.0,0.0,0.2,0.2,4e-05,0.2,0.0,0.9375,0.5,0.0,0.0,0.12,0.08,0.0,0.99978,1.0,1.0,1.0,1.0,1.0,1.0,0.74148,1.0,0.25,0.00035,0.00012,0.0,0.0,0.66667,1.0,1.0,0.0,1.0,1.0,0.5,0.49346,0.5,1.0,1.0,0.5,0.5,0.5,0.0,0.0,1.0,1.0,1.0,0.5,0.5,1.0,0.2,0.0,1.0,1.0,1.0,0.0,1.0
0.0,0.0,0.0,0.0,0.2,0.2,4e-05,0.2,0.0,0.88235,0.5,0.0,0.0,0.12,0.08,0.0,0.99986,1.0,1.0,1.0,1.0,1.0,1.0,0.74148,1.0,0.25,0.00034,0.00011,0.0,0.0,0.66667,1.0,1.0,0.0,1.0,1.0,0.5,0.49346,0.5,1.0,1.0,0.5,0.5,0.5,0.0,0.0,1.0,1.0,1.0,0.5,0.5,1.0,0.2,0.0,1.0,1.0,1.0,0.0,1.0
0.5,0.5,0.5,0.5,0.5,0.5,0.04862,0.1,0.2,0.0,1.0,0.0,0.0,0.12,0.0,0.0,0.99939,0.95556,0.95556,1.0,1.0,0.5,1.0,0.6482,0.926,0.11111,0.4775,0.3694,0.0,0.0,0.44444,1.0,0.5,0.0,1.0,1.0,0.5,0.5,0.5,1.0,1.0,0.5,0.5,0.5,0.0,0.0,1.0,1.0,1.0,0.5,0.5,1.0,0.1,0.0,1.0,1.0,1.0,0.5,0.5
0.5,0.5,0.5,0.5,0.5,0.5,0.08793,0.2,0.1,0.0,1.0,0.0,0.0,0.6,0.0,0.94707,0.0,1.0,1.0,1.0,1.0,0.5,0.0,0.87469,1.0,0.11111,0.87703,0.80341,0.14286,0.0,0.92531,0.77778,0.5,0.0,1.0,1.0,0.5,0.5,0.5,1.0,1.0,0.5,0.5,0.5,0.0,0.0,1.0,1.0,1.0,0.5,0.5,1.0,0.1,0.0,1.0,1.0,1.0,0.28571,0.5
1.0,1.0,1.0,0.0,0.4,0.2,0.07188,0.1,0.2,0.0,1.0,0.0,0.0,0.58,0.0,0.98957,0.0,1.0,0.82222,1.0,1.0,0.82222,0.0,0.57435,0.8205,0.11111,0.90083,0.81955,0.0,0.0,1.0,1.0,0.11111,0.0,1.0,1.0,0.5,0.5,0.5,1.0,1.0,0.5,0.5,0.5,0.0,0.0,1.0,1.0,1.0,0.5,0.5,1.0,0.1,0.0,1.0,1.0,1.0,0.0,1.0
1.0,1.0,1.0,1.0,0.1,0.1,0.07886,0.1,0.26667,0.0,1.0,0.0,0.0,0.56,0.0,0.95002,0.0,1.0,0.95556,1.0,1.0,0.82222,0.0,0.60539,0.86485,0.11111,0.94801,0.86628,0.0,0.0,0.66667,1.0,0.88889,0.0,1.0,1.0,0.5,0.5,0.5,1.0,1.0,0.5,0.5,0.5,0.0,0.0,1.0,1.0,1.0,0.5,0.5,1.0,0.1,0.0,1.0,1.0,1.0,0.5,1.0
0.5,0.5,0.5,0.5,0.5,0.5,0.05098,0.4,0.53333,0.0,1.0,0.0,0.0,0.16,0.09,0.97914,0.0,1.0,1.0,0.64444,0.82222,0.5,0.0,0.97325,1.0,0.22222,0.35388,0.23587,0.0,0.0,0.92853,0.88889,0.5,0.0,1.0,1.0,0.5,0.5,0.5,1.0,1.0,0.5,0.5,0.5,0.0,0.0,1.0,1.0,1.0,0.5,0.5,1.0,0.1,0.0,1.0,1.0,1.0,0.25,0.5
0.5,0.5,0.5,0.5,0.5,0.5,0.11107,0.6,0.33333,0.0,1.0,0.0,0.0,0.29,0.03,0.64502,0.0,1.0,0.95556,1.0,1.0,0.5,0.0,0.9862,1.0,0.11111,0.96636,0.77764,0.4,0.0,0.95308,0.88889,0.5,0.0,1.0,1.0,0.5,0.5,0.5,1.0,1.0,0.5,0.5,0.5,0.0,0.58056,1.0,1.0,1.0,0.6713,0.62496,1.0,0.1,0.0,1.0,1.0,1.0,0.2,0.5
1.0,1.0,1.0,1.0,0.7,0.7,0.11576,0.7,0.43333,0.0,1.0,0.0,0.0,0.25,0.05,0.0,0.89856,0.91111,0.97778,0.97778,1.0,0.91111,0.0,0.92935,1.0,0.22222,1.0,0.82598,0.6,0.0,0.92785,0.66667,0.55556,0.0,1.0,1.0,0.5,0.5,0.5,1.0,1.0,0.5,0.5,0.5,0.0,0.0,1.0,1.0,1.0,0.6713,0.62496,1.0,0.1,0.0,1.0,0.0,1.0,0.6,1.0
1.0,0.0,1.0,0.0,0.7,0.7,0.11454,0.6,0.56667,0.0,1.0,0.0,0.0,0.19,0.06,0.0,0.95429,1.0,0.95556,0.86667,0.77778,0.77778,1.0,0.74218,1.0,0.44444,1.0,0.69454,0.33333,1.0,0.99768,0.88889,0.77778,0.0,1.0,1.0,0.5,0.5,0.5,1.0,1.0,0.5,0.5,0.5,0.0,0.0,1.0,1.0,1.0,0.75953,0.26579,1.0,0.1,0.0,1.0,0.0,1.0,0.66667,1.0
0.5,0.5,0.5,0.5,0.5,0.5,0.08459,0.1,0.13333,0.0,1.0,0.0,0.0,0.26,0.0,0.96222,0.0,0.91111,0.82222,1.0,1.0,0.5,1.0,0.69445,0.99207,0.11111,0.84925,0.79269,0.0,0.0,0.68722,0.77778,0.5,0.0,1.0,1.0,0.5,0.5,0.5,1.0,1.0,0.5,0.5,0.5,0.0,0.0,1.0,1.0,1.0,0.5,0.5,1.0,0.1,0.0,1.0,1.0,1.0,0.33333,0.5
1.0,0.0,1.0,0.0,0.1,0.1,0.05158,0.1,0.36667,0.0,1.0,0.0,0.0,0.29,0.0,0.0,0.99869,1.0,0.84444,1.0,1.0,0.91111,1.0,0.67611,0.96587,0.11111,0.56279,0.45036,0.0,0.0,0.68569,1.0,0.77778,0.0,1.0,1.0,0.5,0.5,0.5,1.0,1.0,0.5,0.5,0.5,0.0,0.0,1.0,1.0,1.0,0.5,0.5,1.0,0.1,0.0,1.0,1.0,1.0,0.33333,1.0
1.0,1.0,1.0,0.0,0.1,0.1,0.04733,0.1,0.46667,0.0,1.0,0.0,0.0,0.26,0.0,0.98701,0.0,1.0,1.0,1.0,1.0,0.91111,0.0,0.65691,0.93845,0.11111,0.55871,0.43907,0.0,0.0,0.74663,0.22222,0.77778,0.0,1.0,1.0,0.5,0.5,0.5,1.0,1.0,0.5,0.5,0.5,0.0,0.0,1.0,1.0,1.0,0.5,0.5,1.0,0.1,0.0,1.0,1.0,1.0,0.33333,1.0
1.0,1.0,1.0,1.0,0.1,0.1,0.05804,0.1,0.63333,0.0,1.0,0.0,0.0,0.28,0.0,0.0,0.99323,0.93333,0.93333,1.0,1.0,1.0,1.0,0.62513,0.89305,0.11111,0.77234,0.64709,0.0,0.0,0.76477,1.0,0.77778,0.0,1.0,1.0,0.5,0.5,0.5,1.0,1.0,0.5,0.5,0.5,0.0,0.0,1.0,1.0,1.0,0.5,0.5,1.0,0.1,0.0,1.0,1.0,1.0,0.33333,1.0
1.0,1.0,1.0,1.0,0.1,0.1,0.0468,0.1,0.76667,0.0,1.0,0.0,0.0,0.26,0.0,0.0,0.99857,0.95556,1.0,1.0,1.0,0.88889,0.0,0.61187,0.87409,0.11111,0.65805,0.48234,0.0,0.0,0.85124,0.88889,0.77778,0.0,1.0,1.0,0.5,0.5,0.5,1.0,1.0,0.5,0.5,0.5,0.0,0.0,1.0,1.0,1.0,0.5,0.5,1.0,0.1,0.0,1.0,1.0,1.0,0.33333,1.0
1.0,1.0,1.0,0.0,0.1,0.1,0.04011,0.1,0.86667,0.0,1.0,0.0,0.0,0.29,0.0,0.0,0.96086,1.0,1.0,1.0,1.0,0.95556,1.0,0.96634,1.0,0.66667,0.3025,0.22597,0.0,0.0,0.97892,0.33333,0.22222,0.0,1.0,1.0,0.5,0.5,0.5,1.0,1.0,0.5,0.5,0.5,0.0,0.0,1.0,1.0,1.0,0.5,0.5,1.0,0.1,0.0,1.0,1.0,1.0,1.0,1.0
1.0,1.0,1.0,1.0,0.1,0.1,0.04031,0.1,0.93333,0.0,1.0,0.0,0.0,0.28,0.0,0.0,0.97531,0.97778,0.93333,1.0,1.0,0.97778,1.0,0.98405,1.0,0.66667,0.29543,0.21523,0.0,0.0,0.98126,0.22222,1.0,0.0,1.0,1.0,0.5,0.5,0.5,1.0,1.0,0.5,0.5,0.5,0.0,0.0,1.0,1.0,1.0,0.5,0.5,1.0,0.1,0.0,1.0,1.0,1.0,0.0,1.0
0.5,0.5,0.5,0.5,0.5,0.5,0.11745,1.0,0.2,0.0,1.0,0.0,0.0,0.62,0.02,0.63113,0.0,0.8,1.0,0.8,1.0,0.5,1.0,0.89925,1.0,0.0,1.0,1.0,1.0,0.0,0.9773,1.0,0.5,0.0,1.0,1.0,0.5,0.5,0.5,1.0,1.0,0.5,0.5,0.5,0.0,0.0,1.0,1.0,1.0,0.86106,0.6375,1.0,0.1,0.0,1.0,0.0,1.0,0.0,0.5
0.5,0.5,0.5,0.5,0.5,0.5,0.06585,0.1,0.2,0.0,1.0,0.0,0.0,0.12,0.0,0.98166,0.0,1.0,1.0,1.0,1.0,0.5,1.0,0.63243,0.90347,0.11111,0.6566,0.48178,0.0,0.0,0.72527,1.0,0.5,0.0,1.0,1.0,0.5,0.5,0.5,1.0,1.0,0.5,0.5,0.5,0.0,0.0,1.0,1.0,1.0,0.5,0.5,1.0,0.1,0.0,1.0,1.0,1.0,0.5,0.5
0.0,0.0,0.0,0.0,0.1,0.1,0.0643,0.1,0.26667,0.0,1.0,0.0,0.0,0.11,0.0,0.99226,0.0,1.0,1.0,1.0,1.0,1.0,1.0,0.0848,0.12114,0.0,0.63083,0.46074,0.0,0.0,0.58404,1.0,0.88889,0.0,1.0,1.0,0.5,0.5,0.5,1.0,1.0,0.5,0.5,0.5,0.0,0.0,1.0,1.0,1.0,0.5,0.5,1.0,0.1,0.0,1.0,1.0,1.0,0.0,1.0
0.5,0.5,0.5,0.5,0.5,0.5,0.02383,0.2,0.43333,0.0,1.0,0.0,0.0,0.32,0.05,0.6465,0.0,1.0,1.0,0.91111,1.0,0.5,1.0,0.9882,1.0,0.11111,0.20696,0.14127,0.0,0.0,0.94401,0.88889,0.5,0.0,1.0,1.0,0.5,0.5,0.5,1.0,1.0,0.5,0.5,0.5,0.0,1.0,1.0,1.0,1.0,0.5,0.5,1.0,0.1,0.0,1.0,1.0,1.0,0.0,0.5
1.0,1.0,1.0,1.0,0.2,0.2,0.03639,0.2,0.5,0.0,1.0,0.0,0.0,0.22,0.05,0.89922,0.0,1.0,1.0,0.84444,1.0,1.0,1.0,0.9928,1.0,0.11111,0.31437,0.22358,0.0,0.0,0.94127,0.33333,1.0,0.0,1.0,1.0,0.5,0.5,0.5,1.0,1.0,0.5,0.5,0.5,0.0,0.0,1.0,1.0,1.0,0.5,0.5,1.0,0.1,0.0,1.0,1.0,1.0,0.2,1.0
0.0,0.0,0.0,0.0,0.2,0.2,0.0359,0.2,0.56667,0.0,1.0,0.0,0.0,0.12,0.05,0.99808,0.0,1.0,0.95556,0.8,1.0,0.95556,0.0,0.99205,1.0,0.11111,0.31043,0.22198,0.0,0.0,0.93927,0.88889,1.0,0.0,1.0,1.0,0.5,0.5,0.5,1.0,1.0,0.5,0.5,0.5,0.0,0.0,1.0,1.0,1.0,0.5,0.5,1.0,0.1,0.0,1.0,1.0,1.0,0.0,1.0
0.0,0.0,0.0,0.0,0.2,0.2,0.03573,0.2,0.63333,0.0,1.0,0.0,0.0,0.11,0.05,0.99709,0.0,1.0,0.95556,0.8,1.0,0.97778,0.0,0.98917,1.0,0.11111,0.30999,0.22182,0.0,0.0,0.93809,0.77778,1.0,0.05,1.0,1.0,0.5,0.5,0.5,1.0,1.0,0.5,0.5,0.5,0.42062,0.0022,0.95,1.0,1.0,0.5,0.5,1.0,0.1,0.0,1.0,1.0,1.0,0.0,1.0
0.5,0.5,0.5,0.5,0.5,0.5,0.10322,0.5,0.36667,0.0,1.0,0.0,0.0,0.21,0.07,0.98238,0.0,1.0,1.0,0.95556,1.0,0.5,0.0,0.79674,1.0,0.11111,1.0,0.63678,0.6,0.0,0.93686,0.77778,0.5,0.0,1.0,1.0,0.5,0.5,0.5,1.0,1.0,0.5,0.5,0.5,0.0,0.0,1.0,1.0,1.0,0.5,0.5,1.0,0.1,0.0,1.0,1.0,1.0,0.0,0.5
1.0,1.0,1.0,1.0,0.7,0.7,0.19299,1.0,0.6,0.0,1.0,0.0,0.0,0.18,0.09,0.0,0.99986,1.0,1.0,0.95556,1.0,1.0,1.0,0.82898,1.0,0.33333,1.0,1.0,1.0,0.0,0.73418,0.88889,0.55556,0.0,1.0,1.0,0.5,0.5,0.5,1.0,1.0,0.5,0.5,0.5,0.0,0.0,1.0,1.0,1.0,0.0,0.057,1.0,0.1,0.0,1.0,0.0,1.0,0.66667,1.0
1.0,1.0,1.0,1.0,1.0,1.0,0.22947,1.0,0.66667,0.0,1.0,0.0,0.0,0.16,0.09,0.0,0.99697,1.0,1.0,0.95556,1.0,1.0,1.0,0.84942,1.0,0.33333,1.0,1.0,1.0,0.0,0.74315,0.88889,1.0,0.0,1.0,1.0,0.5,0.5,0.5,1.0,1.0,0.5,0.5,0.5,0.0,0.0,1.0,1.0,1.0,0.0,0.057,1.0,0.1,0.0,1.0,0.0,1.0,0.66667,1.0
1.0,1.0,1.0,1.0,1.0,1.0,0.25707,1.0,0.73333,0.0,1.0,0.0,0.0,0.16,0.09,0.0,0.99062,1.0,1.0,0.95556,1.0,1.0,1.0,0.88077,1.0,0.33333,1.0,1.0,1.0,0.0,0.74694,0.88889,1.0,0.0,1.0,1.0,0.5,0.5,0.5,1.0,1.0,0.5,0.5,0.5,0.0,0.0,1.0,1.0,1.0,0.0,0.057,1.0,0.1,0.0,1.0,0.0,1.0,0.66667,1.0
1.0,1.0,1.0,1.0,1.0,1.0,0.26725,1.0,0.8,0.0,1.0,0.0,0.0,0.16,0.09,0.0,0.9946,1.0,1.0,0.95556,1.0,1.0,1.0,0.9135,1.0,0.33333,1.0,1.0,1.0,0.0,0.74544,0.88889,1.0,0.0,1.0,1.0,0.5,0.5,0.5,1.0,1.0,0.5,0.5,0.5,0.0,0.0,1.0,1.0,1.0,0.0,0.057,1.0,0.1,0.0,1.0,0.0,1.0,0.66667,1.0
1.0,1.0,1.0,1.0,1.0,1.0,0.27444,1.0,0.9,0.0,1.0,0.0,0.0,0.14,0.07,0.0,0.89548,1.0,1.0,0.88889,1.0,0.84444,1.0,0.96276,1.0,0.22222,1.0,1.0,1.0,0.0,0.94092,0.77778,0.77778,0.0,1.0,1.0,0.5,0.5,0.5,1.0,1.0,0.5,0.5,0.5,0.0,0.0,1.0,1.0,1.0,1.0,0.11899,1.0,0.1,0.0,1.0,0.0,1.0,0.33333,1.0
0.5,0.5,0.5,0.5,0.5,0.5,0.08156,0.1,0.1,0.0,1.0,0.0,0.0,0.77,0.0,1.0,0.0,1.0,1.0,1.0,1.0,0.5,1.0,0.87306,1.0,0.44444,0.83384,0.6877,0.0,0.0,0.89958,0.88889,0.5,0.0,1.0,1.0,0.5,0.5,0.5,1.0,1.0,0.5,0.5,0.5,0.0,0.0,1.0,1.0,1.0,0.5,0.5,1.0,0.1,0.0,1.0,1.0,1.0,0.6,0.5
0.5,0.5,0.5,0.5,0.5,0.5,0.07425,0.1,0.3,0.0,1.0,0.0,0.0,0.56,0.0,0.96918,0.0,1.0,1.0,1.0,1.0,0.5,1.0,0.65822,0.94031,0.11111,0.85716,0.74983,0.0,0.0,0.98179,1.0,0.5,0.0,1.0,1.0,0.5,0.5,0.5,1.0,1.0,0.5,0.5,0.5,0.0,0.0,1.0,1.0,1.0,0.5,0.5,1.0,0.1,0.0,1.0,1.0,1.0,0.66667,0.5
1.0,1.0,1.0,0.0,0.2,0.2,0.05739,0.1,0.4,0.0,1.0,0.0,0.0,0.54,0.02,0.60214,0.0,1.0,1.0,1.0,1.0,0.8,1.0,0.7201,1.0,0.11111,0.66263,0.54341,0.0,0.0,0.99057,1.0,0.88889,0.0,1.0,1.0,0.5,0.5,0.5,1.0,1.0,0.5,0.5,0.5,0.0,0.47093,1.0,1.0,1.0,0.5,0.5,1.0,0.1,0.0,1.0,1.0,1.0,0.5,1.0
1.0,1.0,1.0,1.0,0.1,0.1,0.06903,0.1,0.46667,0.0,1.0,0.0,0.0,0.55,0.02,0.86254,0.0,1.0,1.0,1.0,1.0,1.0,0.0,0.70717,1.0,0.11111,0.82818,0.66622,0.0,0.0,0.99398,1.0,1.0,0.1,1.0,1.0,0.5,0.5,0.5,1.0,1.0,0.5,0.5,0.5,0.07511,0.00423,0.9,1.0,1.0,0.5,0.5,1.0,0.1,0.0,1.0,1.0,1.0,0.5,1.0
0.5,0.5,0.5,0.5,0.5,0.5,0.09057,0.2,0.1,0.0,1.0,0.0,0.0,0.45,0.01,0.35497,0.0,1.0,1.0,1.0,1.0,0.5,0.0,0.92342,1.0,0.0,0.9425,0.84521,0.16667,0.0,0.9192,0.88889,0.5,0.6,1.0,1.0,0.5,0.5,0.5,1.0,1.0,0.5,0.5,0.5,0.93894,0.0,0.4,1.0,1.0,0.5,0.5,1.0,0.1,0.0,1.0,1.0,1.0,0.5,0.5
1.0,0.5,1.0,0.5,0.7,0.5,0.10382,0.7,0.13333,0.0,1.0,0.0,1.0,0.41,0.04,0.74245,0.0,0.97778,1.0,0.84444,1.0,0.97778,1.0,0.97692,1.0,0.0,1.0,0.90573,0.66667,0.0,0.934,1.0,1.0,0.8,1.0,1.0,0.5,0.5,0.5,1.0,1.0,0.83019,0.804,0.5,0.71346,1.0,0.2,1.0,1.0,0.83019,0.804,1.0,0.1,0.0,1.0,0.0,1.0,0.0,1.0
0.0,0.0,1.0,0.0,0.5,0.3,0.08583,0.3,0.2,0.0,1.0,0.0,0.0,0.36,0.09,0.0,0.96298,1.0,1.0,1.0,1.0,0.75556,1.0,0.99031,1.0,0.66667,0.74691,0.58996,0.0,0.0,0.95304,1.0,0.88889,0.0,0.9,0.94912,0.44897,0.27969,1.0,1.0,1.0,1.0,1.0,0.79805,0.0,0.0,1.0,1.0,1.0,1.0,1.0,1.0,0.1,0.0,1.0,0.0,1.0,0.4,1.0
1.0,1.0,1.0,1.0,0.3,0.6,0.11099,0.6,0.26667,0.0,1.0,0.0,0.0,0.34,0.09,0.0,0.97746,1.0,1.0,0.95556,1.0,1.0,1.0,0.64686,0.92409,0.11111,1.0,1.0,1.0,0.0,0.95363,1.0,0.44444,0.0,1.0,1.0,0.5,1.0,0.5,1.0,1.0,1.0,1.0,0.79805,0.0,0.0,1.0,1.0,1.0,1.0,0.455,1.0,0.1,0.0,1.0,0.0,1.0,0.5,1.0
1.0,0.5,1.0,0.5,0.7,0.5,0.12853,0.7,0.3,0.0,1.0,0.0,1.0,0.35,0.08,0.99983,0.0,1.0,1.0,0.95556,1.0,1.0,1.0,0.64807,0.92582,0.11111,1.0,1.0,1.0,0.0,1.0,1.0,1.0,0.0,1.0,1.0,0.5,1.0,0.5,1.0,1.0,1.0,1.0,0.79805,0.0,0.0,1.0,1.0,1.0,1.0,0.455,1.0,0.1,0.0,1.0,0.0,1.0,0.0,1.0
1.0,1.0,1.0,1.0,0.7,0.7,0.10766,0.5,0.43333,0.0,1.0,0.0,0.0,0.33,0.08,0.0,0.99582,1.0,1.0,0.95556,1.0,1.0,1.0,0.68162,0.97375,0.11111,0.91913,0.68841,0.5,0.0,1.0,1.0,0.77778,0.0,1.0,1.0,0.5,1.0,0.5,1.0,1.0,1.0,1.0,0.79805,0.0,0.0,1.0,1.0,1.0,1.0,0.406,1.0,0.1,0.0,1.0,0.0,1.0,1.0,1.0
1.0,1.0,1.0,1.0,0.5,0.5,0.10945,0.5,0.5,0.0,1.0,0.0,0.0,0.3,0.08,0.0,0.98856,1.0,1.0,0.95556,1.0,1.0,1.0,0.68668,0.98097,0.11111,0.93249,0.6458,0.5,1.0,1.0,1.0,1.0,0.0,1.0,1.0,0.5,1.0,0.5,1.0,1.0,1.0,1.0,0.79805,0.0,0.0,1.0,1.0,1.0,1.0,0.406,1.0,0.1,0.0,1.0,0.0,1.0,1.0,1.0
1.0,1.0,1.0,1.0,0.6,0.5,0.11292,0.5,0.56667,0.0,1.0,0.0,0.0,0.29,0.08,0.0,0.99609,1.0,1.0,0.95556,1.0,1.0,1.0,0.67703,0.96719,0.11111,1.0,0.69014,0.5,1.0,1.0,1.0,0.77778,0.0,1.0,1.0,0.5,1.0,0.5,1.0,1.0,1.0,1.0,0.79805,0.0,0.0,1.0,1.0,1.0,1.0,0.406,1.0,0.1,0.0,1.0,0.0,1.0,0.5,1.0
1.0,1.0,1.0,1.0,0.5,0.5,0.12082,0.5,0.63333,0.0,1.0,0.0,0.0,0.29,0.08,0.0,0.99666,1.0,1.0,0.95556,1.0,1.0,1.0,0.67687,0.96696,0.11111,1.0,0.71598,0.5,1.0,1.0,1.0,1.0,0.0,1.0,1.0,0.5,1.0,0.5,1.0,1.0,1.0,1.0,0.79805,0.0,0.0,1.0,1.0,1.0,1.0,0.406,1.0,0.1,0.0,1.0,0.0,1.0,0.5,1.0
0.5,0.5,0.5,0.5,0.5,0.5,0.03956,0.1,0.53333,0.0,1.0,0.0,0.0,0.19,0.03,0.97614,0.0,0.97778,1.0,0.84444,0.84444,0.5,0.0,0.73546,1.0,0.22222,0.45713,0.27816,0.0,0.0,0.92452,0.44444,0.5,0.0,1.0,1.0,0.5,0.5,0.5,1.0,1.0,0.5,0.5,0.5,0.0,0.0,1.0,1.0,1.0,0.5,0.5,1.0,0.1,0.0,1.0,1.0,1.0,0.0,0.5
0.0,0.0,0.0,0.0,0.1,0.1,0.0,0.1,0.73333,0.0,1.0,0.0,0.0,0.1,0.04,0.98232,0.0,1.0,1.0,0.88889,1.0,0.86667,1.0,0.5781,0.82586,0.11111,0.0,0.0,0.0,0.0,0.92129,0.66667,0.77778,1.0,1.0,1.0,0.5,0.5,0.5,1.0,1.0,0.5,0.5,0.5,0.0,0.0,1.0,1.0,1.0,0.5,0.5,1.0,0.0,0.0,1.0,1.0,1.0,0.0,1.0
0.5,0.5,0.5,0.5,0.5,0.5,0.15271,1.0,0.46667,0.0,1.0,0.0,0.0,0.42,0.02,0.87982,0.0,1.0,1.0,0.66667,1.0,0.5,0.0,0.78728,1.0,0.22222,1.0,1.0,1.0,0.0,1.0,0.77778,0.5,0.0,0.8,0.79115,0.92852,0.5,1.0,1.0,1.0,0.5,0.5,0.5,0.0,0.02706,1.0,1.0,1.0,0.93285,0.60591,1.0,0.1,0.0,1.0,0.0,1.0,0.0,0.5
1.0,0.0,1.0,0.0,1.0,0.8,0.15987,0.8,0.73333,0.0,1.0,0.0,0.0,0.29,0.05,0.99184,0.0,1.0,1.0,0.93333,1.0,1.0,1.0,0.90922,1.0,0.22222,1.0,0.91646,0.33333,0.0,0.98977,0.77778,1.0,0.0,1.0,1.0,0.5,1.0,0.5,1.0,1.0,0.5,0.5,0.5,0.0,0.0,1.0,1.0,1.0,1.0,0.54827,1.0,0.1,0.0,1.0,0.0,1.0,0.0,1.0
1.0,1.0,1.0,1.0,0.9,1.0,0.03004,0.3,0.0,0.96774,1.0,0.0,0.0,0.21,0.06,0.0,0.92009,0.93333,0.95556,0.75556,0.82222,0.73333,1.0,0.59932,0.85617,0.22222,0.37051,0.22738,0.0,0.0,1.0,0.77778,0.77778,0.0,0.7,0.8591,0.55872,1.0,1.0,1.0,1.0,0.5,0.5,0.5,0.0,0.0,1.0,1.0,1.0,1.0,1.0,1.0,0.1,0.0,1.0,0.0,1.0,0.0,1.0
0.5,0.5,0.5,0.5,0.5,0.5,0.05832,0.06667,0.2,0.0,0.0,0.66667,0.0,0.20444,0.00444,0.43414,0.0,0.99048,1.0,1.0,1.0,0.5,0.0,0.62893,0.89847,0.07143,0.90887,0.7943,0.0,0.0,0.91204,0.85714,0.5,0.0,1.0,1.0,0.5,0.5,0.5,1.0,1.0,0.5,0.5,0.5,0.0,0.0,1.0,1.0,1.0,0.5,0.5,1.0,0.06667,0.0,1.0,1.0,1.0,0.75,0.5
1.0,0.5,1.0,0.5,0.53333,0.5,0.06514,0.53333,0.23333,0.0,0.0,0.66667,1.0,0.20444,0.00444,0.65094,0.0,1.0,1.0,1.0,1.0,1.0,1.0,0.70295,1.0,0.14286,0.98703,0.84469,0.6,0.0,0.84347,1.0,0.78571,0.0,1.0,1.0,0.5,0.5,0.5,1.0,1.0,0.5,0.5,0.5,0.0,0.0,1.0,1.0,1.0,0.5,0.5,1.0,0.06667,0.0,1.0,1.0,1.0,0.0,1.0
1.0,0.5,1.0,0.5,0.86667,0.5,0.0723,0.86667,0.26667,0.0,0.0,0.66667,1.0,0.18667,0.00444,0.79609,0.0,1.0,1.0,1.0,1.0,1.0,0.0,0.62941,0.89916,0.07143,1.0,1.0,1.0,0.0,0.86391,1.0,0.78571,0.0,1.0,1.0,0.5,0.5,0.5,1.0,1.0,0.5,0.5,0.5,0.0,0.0,1.0,1.0,1.0,0.5,0.5,1.0,0.06667,0.0,1.0,1.0,1.0,0.0,1.0
1.0,0.5,1.0,0.5,0.93333,0.5,0.07807,0.93333,0.3,0.0,0.0,0.66667,1.0,0.19111,0.00444,0.89296,0.0,1.0,1.0,1.0,1.0,1.0,1.0,0.70595,1.0,0.14286,1.0,1.0,1.0,0.0,0.90122,1.0,0.78571,0.0,1.0,1.0,0.5,0.5,0.5,1.0,1.0,0.5,0.5,0.5,0.0,0.0,1.0,1.0,1.0,0.5,0.5,1.0,0.06667,0.0,1.0,1.0,1.0,0.0,1.0
1.0,0.5,1.0,0.5,1.0,0.5,0.08031,1.0,0.33333,0.0,0.0,0.66667,1.0,0.18222,0.01333,0.95905,0.0,1.0,1.0,1.0,1.0,1.0,0.0,0.70517,1.0,0.14286,1.0,1.0,1.0,0.0,0.91805,1.0,1.0,0.0,1.0,1.0,0.5,0.5,0.5,1.0,1.0,0.5,0.5,0.5,0.0,0.0,1.0,1.0,1.0,0.5,0.5,1.0,0.06667,0.0,1.0,1.0,1.0,0.0,1.0
1.0,0.0,1.0,0.0,0.93333,0.73333,0.0704,0.73333,0.4,0.0,0.0,0.66667,0.0,0.17778,0.01333,0.0,0.99848,0.92381,1.0,0.95238,1.0,0.92381,1.0,0.74116,1.0,0.07143,1.0,0.84344,0.66667,0.0,0.91548,1.0,0.92857,0.0,1.0,1.0,0.5,0.5,0.5,1.0,1.0,0.5,0.5,0.5,0.0,0.0,1.0,1.0,1.0,0.5,0.5,1.0,0.06667,0.0,1.0,1.0,1.0,0.83333,1.0
0.5,0.5,0.5,0.5,0.5,0.5,0.05489,0.13333,0.5,0.0,0.0,0.66667,0.0,0.57333,0.03111,0.0,0.8106,0.80952,1.0,0.80952,0.80952,0.5,0.0,0.93691,1.0,0.28571,0.77061,0.67311,0.0,0.0,0.98952,1.0,0.5,0.23333,1.0,1.0,0.5,0.5,0.5,1.0,1.0,0.5,0.5,0.5,0.35404,0.32276,0.76667,1.0,1.0,0.5,0.5,1.0,0.06667,0.0,1.0,1.0,1.0,1.0,0.5
1.0,1.0,1.0,1.0,0.33333,0.2,0.04733,0.13333,0.63333,0.0,0.0,0.66667,0.0,0.49778,0.03556,0.98556,0.0,1.0,1.0,0.75238,0.75238,0.75238,1.0,0.849,1.0,0.07143,0.655,0.57295,0.0,0.0,0.99395,0.78571,0.78571,0.33333,1.0,1.0,0.5,0.5,0.5,1.0,1.0,0.17134,0.21499,1.0,0.4077,0.74228,0.66667,1.0,1.0,0.17134,0.21499,1.0,0.06667,0.0,1.0,0.0,1.0,0.85714,1.0
0.5,0.5,0.5,0.5,0.5,0.5,0.04381,0.06667,0.13333,0.0,0.0,0.66667,0.0,0.08,0.0,0.9967,0.0,0.98095,0.95238,1.0,1.0,0.5,0.0,0.57828,0.82611,0.07143,0.67018,0.57364,0.0,0.0,0.44444,0.85714,0.5,0.0,1.0,1.0,0.5,0.5,0.5,1.0,1.0,0.5,0.5,0.5,0.0,0.0,1.0,1.0,1.0,0.5,0.5,1.0,0.06667,0.0,1.0,1.0,1.0,1.0,0.5
0.0,0.0,0.0,0.0,0.06667,0.06667,0.04331,0.06667,0.36667,0.0,0.0,0.66667,0.0,0.06667,0.0,0.99407,0.0,1.0,1.0,1.0,1.0,0.99048,0.0,0.00383,0.00547,0.0,1.0,1.0,1.0,0.0,1.0,1.0,0.85714,0.0,1.0,1.0,0.5,0.5,0.5,1.0,1.0,0.5,0.5,0.5,0.0,0.0,1.0,1.0,1.0,0.5,0.5,1.0,0.06667,1.0,1.0,1.0,1.0,1.0,1.0
0.0,0.5,0.0,0.5,0.06667,0.5,0.04331,0.06667,0.4,0.0,0.0,0.66667,1.0,0.06667,0.0,0.99515,0.0,1.0,1.0,1.0,1.0,1.0,0.0,0.00383,0.00547,0.0,1.0,1.0,1.0,0.0,1.0,1.0,1.0,0.0,1.0,1.0,0.5,0.5,0.5,1.0,1.0,0.5,0.5,0.5,0.0,0.0,1.0,1.0,1.0,0.5,0.5,1.0,0.06667,1.0,1.0,1.0,1.0,1.0,1.0
0.0,0.5,0.0,0.5,0.06667,0.5,0.04331,0.06667,0.43333,0.0,0.0,0.66667,1.0,0.06667,0.0,0.99606,0.0,1.0,1.0,1.0,1.0,1.0,0.0,0.00383,0.00547,0.0,1.0,1.0,1.0,0.0,1.0,1.0,1.0,0.0,1.0,1.0,0.5,0.5,0.5,1.0,1.0,0.5,0.5,0.5,0.0,0.0,1.0,1.0,1.0,0.5,0.5,1.0,0.06667,1.0,1.0,1.0,1.0,1.0,1.0
0.0,0.5,0.0,0.5,0.06667,0.5,0.04331,0.06667,0.46667,0.0,0.0,0.66667,1.0,0.06667,0.0,0.99683,0.0,1.0,1.0,1.0,1.0,1.0,0.0,0.00383,0.00547,0.0,1.0,1.0,1.0,0.0,1.0,1.0,1.0,0.0,1.0,1.0,0.5,0.5,0.5,1.0,1.0,0.5,0.5,0.5,0.0,0.0,1.0,1.0,1.0,0.5,0.5,1.0,0.06667,1.0,1.0,1.0,1.0,1.0,1.0
0.0,0.5,0.0,0.5,0.06667,0.5,0.04331,0.06667,0.5,0.0,0.0,0.66667,1.0,0.06667,0.0,0.99749,0.0,1.0,1.0,1.0,1.0,1.0,0.0,0.00383,0.00547,0.0,1.0,1.0,1.0,0.0,1.0,1.0,1.0,0.0,1.0,1.0,0.5,0.5,0.5,1.0,1.0,0.5,0.5,0.5,0.0,0.0,1.0,1.0,1.0,0.5,0.5,1.0,0.06667,1.0,1.0,1.0,1.0,1.0,1.0
0.0,0.5,0.0,0.5,0.06667,0.5,0.04331,0.06667,0.53333,0.0,0.0,0.66667,1.0,0.06667,0.0,0.99804,0.0,1.0,1.0,1.0,1.0,1.0,0.0,0.00383,0.00547,0.0,1.0,1.0,1.0,0.0,1.0,1.0,1.0,0.0,1.0,1.0,0.5,0.5,0.5,1.0,1.0,0.5,0.5,0.5,0.0,0.0,1.0,1.0,1.0,0.5,0.5,1.0,0.06667,1.0,1.0,1.0,1.0,1.0,1.0
0.0,0.5,0.0,0.5,0.06667,0.5,0.04331,0.06667,0.56667,0.0,0.0,0.66667,1.0,0.06667,0.0,0.99845,0.0,1.0,1.0,1.0,1.0,1.0,0.0,0.00383,0.00547,0.0,1.0,1.0,1.0,0.0,1.0,1.0,1.0,0.0,1.0,1.0,0.5,0.5,0.5,1.0,1.0,0.5,0.5,0.5,0.0,0.0,1.0,1.0,1.0,0.5,0.5,1.0,0.06667,1.0,1.0,1.0,1.0,1.0,1.0
0.5,0.5,0.5,0.5,0.5,0.5,0.11655,1.0,0.26667,0.0,0.0,0.66667,0.0,0.41333,0.0,0.99152,0.0,1.0,1.0,1.0,1.0,0.5,1.0,0.74905,1.0,0.0,1.0,1.0,1.0,0.0,0.989,1.0,0.5,0.0,1.0,1.0,0.5,0.5,0.5,1.0,1.0,0.5,0.5,0.5,0.0,0.0,1.0,1.0,1.0,0.5,0.5,1.0,0.06667,0.0,1.0,1.0,1.0,1.0,0.5
1.0,0.0,1.0,0.0,1.0,1.0,0.06726,0.66667,0.43333,0.0,0.0,0.66667,0.0,0.19556,0.0,0.98992,0.0,0.92381,0.92381,1.0,1.0,0.79048,0.0,0.82257,1.0,0.07143,0.97353,0.77367,0.57143,0.0,0.9708,0.92857,0.92857,0.0,1.0,1.0,0.5,0.5,0.5,1.0,1.0,0.5,0.5,0.5,0.0,0.0,1.0,1.0,1.0,0.5,0.5,1.0,0.06667,0.0,1.0,1.0,1.0,1.0,1.0
0.0,0.0,0.0,0.0,0.66667,0.33333,0.03493,0.06667,0.63333,0.0,0.0,0.66667,0.0,0.09778,0.0,0.95267,0.0,0.93333,0.95238,1.0,1.0,0.73333,0.0,0.57047,0.81496,0.07143,0.55777,0.40145,0.0,0.0,0.92262,0.64286,0.64286,0.0,1.0,1.0,0.5,0.5,0.5,1.0,1.0,0.5,0.5,0.5,0.0,0.0,1.0,1.0,1.0,0.5,0.5,1.0,0.06667,0.0,1.0,1.0,1.0,0.0,1.0
0.5,0.5,0.5,0.5,0.5,0.5,0.06413,0.26667,0.1,0.0,0.0,0.66667,0.0,0.26222,0.0,0.93248,0.0,0.69524,0.79048,1.0,1.0,0.5,0.0,0.6967,0.99529,0.0,0.98788,0.88356,0.375,0.0,0.88269,1.0,0.5,0.0,1.0,1.0,0.5,0.5,0.5,1.0,1.0,0.5,0.5,0.5,0.0,0.0,1.0,1.0,1.0,0.5,0.5,1.0,0.06667,0.0,1.0,1.0,1.0,0.625,0.5
0.5,0.5,0.5,0.5,0.5,0.5,0.10185,0.6,0.8,0.0,0.0,0.66667,0.0,0.06222,0.06667,0.97925,0.0,0.99048,0.98095,0.79048,1.0,0.5,1.0,0.57203,0.81718,0.07143,1.0,1.0,1.0,0.0,0.96421,0.92857,0.5,0.0,1.0,1.0,0.5,0.5,0.5,1.0,1.0,0.5,0.5,0.5,0.0,0.0,1.0,1.0,0.0,1.0,1.0,1.0,0.06667,0.0,1.0,0.0,1.0,0.0,0.5
1.0,0.5,1.0,0.5,0.6,0.5,0.10502,0.6,0.83333,0.0,0.0,0.66667,1.0,0.05778,0.06667,0.97276,0.0,1.0,0.99048,0.79048,1.0,1.0,0.0,0.5653,0.80757,0.07143,1.0,1.0,1.0,0.0,0.97828,1.0,1.0,0.0,1.0,1.0,0.5,0.5,0.5,1.0,1.0,0.5,0.5,0.5,0.0,0.0,1.0,1.0,1.0,1.0,1.0,1.0,0.06667,0.0,1.0,0.0,1.0,0.0,1.0
0.0,0.0,1.0,0.0,0.66667,0.6,0.0807,0.53333,1.0,0.0,0.0,0.66667,0.0,0.05333,0.04889,0.99802,0.0,1.0,1.0,0.7619,0.99048,0.99048,1.0,0.57293,0.81847,0.07143,0.98474,0.96993,0.0,0.0,1.0,0.85714,0.92857,0.0,1.0,1.0,0.5,0.5,0.5,1.0,1.0,0.5,0.5,0.5,0.0,0.0,1.0,1.0,1.0,1.0,1.0,1.0,0.06667,0.0,1.0,0.0,1.0,0.0,1.0
0.5,0.5,0.5,0.5,0.5,0.5,0.07152,0.6,0.13333,0.0,0.0,0.66667,0.0,0.39111,0.00889,0.69735,0.0,1.0,1.0,1.0,1.0,0.5,0.0,0.75517,1.0,0.07143,1.0,0.99701,0.85714,0.0,0.96326,1.0,0.5,0.83333,1.0,1.0,0.5,0.5,0.5,1.0,1.0,0.5,0.5,0.5,1.0,0.23211,0.16667,1.0,1.0,0.5,0.5,1.0,0.06667,0.0,1.0,1.0,1.0,0.42857,0.5
1.0,0.5,1.0,0.5,0.8,0.5,0.07904,0.8,0.16667,0.0,0.0,0.66667,1.0,0.32889,0.01778,0.81561,0.0,1.0,1.0,1.0,1.0,1.0,0.0,0.75201,1.0,0.14286,1.0,1.0,1.0,0.0,0.97749,1.0,0.92857,0.0,1.0,1.0,0.5,0.5,0.5,1.0,1.0,1.0,1.0,0.5,0.0,1.0,1.0,1.0,1.0,1.0,1.0,1.0,0.06667,0.0,1.0,0.0,1.0,0.0,1.0
1.0,1.0,1.0,0.0,0.8,0.53333,0.07475,0.53333,0.23333,0.0,0.0,0.66667,0.0,0.34667,0.02222,0.92381,0.0,1.0,1.0,1.0,1.0,1.0,0.0,0.74534,1.0,0.07143,1.0,0.89356,0.85714,0.0,0.95862,1.0,0.92857,0.0,1.0,1.0,0.5,0.5,0.5,1.0,1.0,1.0,1.0,1.0,0.0,0.0,1.0,1.0,1.0,1.0,1.0,1.0,0.06667,0.0,1.0,0.0,1.0,0.57143,1.0
0.5,0.5,0.5,0.5,0.5,0.5,0.05839,0.06667,0.06667,0.0,0.0,0.66667,0.0,0.08444,0.0,0.5,0.5,0.97143,0.99048,1.0,1.0,0.5,1.0,0.03362,0.04803,0.07143,0.90985,0.83461,0.0,0.0,0.5,0.85714,0.5,0.0,1.0,1.0,0.5,0.5,0.5,1.0,1.0,0.5,0.5,0.5,0.5,0.5,1.0,1.0,1.0,0.5,0.5,1.0,0.06667,0.0,1.0,1.0,1.0,1.0,0.5
0.0,0.0,0.0,0.0,0.13333,0.06667,0.04159,0.13333,0.2,0.0,0.0,0.66667,0.0,0.07111,0.00444,0.92947,0.0,0.99048,0.99048,1.0,1.0,0.97143,0.0,0.55413,0.79161,0.07143,0.75078,0.601,0.0,0.0,1.0,1.0,0.85714,1.0,0.93333,0.96179,0.98678,0.96759,0.98678,1.0,1.0,0.5,0.5,0.5,0.0665,0.0,0.0,1.0,1.0,0.5,0.5,1.0,0.0,0.0,1.0,1.0,1.0,0.0,1.0
0.5,0.5,0.5,0.5,0.5,0.5,0.06992,0.4,0.16667,0.0,0.0,0.66667,0.0,0.25333,0.04,0.84542,0.0,0.75238,0.7619,0.67619,1.0,0.5,0.0,0.82484,1.0,0.14286,1.0,0.81984,0.42857,0.0,0.92752,1.0,0.5,0.0,1.0,1.0,0.5,0.5,0.5,1.0,1.0,0.5,0.5,0.5,0.0,1.0,1.0,1.0,1.0,0.0,0.13818,1.0,0.06667,0.0,1.0,1.0,1.0,0.85714,0.5
1.0,1.0,1.0,1.0,0.6,0.6,0.09733,0.6,0.56667,0.0,0.0,0.66667,0.0,0.17778,0.04889,0.0,0.97211,1.0,1.0,0.68571,0.75238,0.65714,1.0,0.92087,1.0,0.14286,0.91433,0.61725,0.4,0.0,0.81711,0.78571,0.71429,0.0,1.0,1.0,0.5,0.5,0.5,1.0,1.0,0.5,0.5,0.5,0.0,0.0,1.0,1.0,1.0,0.90705,0.30333,1.0,0.06667,0.0,1.0,0.0,1.0,0.8,1.0
1.0,1.0,1.0,1.0,0.66667,0.6,0.10604,0.66667,0.76667,0.0,0.0,0.66667,0.0,0.17333,0.05778,0.0,0.97683,1.0,1.0,0.92381,0.73333,1.0,0.0,0.92875,1.0,0.14286,0.98471,0.65057,0.4,0.0,0.82315,0.78571,1.0,0.0,1.0,1.0,0.5,0.5,0.5,1.0,1.0,0.5,0.5,0.5,0.0,0.0,1.0,1.0,1.0,0.08577,0.19135,1.0,0.06667,0.0,1.0,0.0,1.0,0.6,1.0
1.0,0.5,1.0,0.5,0.93333,0.5,0.14046,0.93333,0.8,0.0,0.0,0.66667,1.0,0.16889,0.05778,0.0,0.9817,0.73333,1.0,0.75238,1.0,0.73333,1.0,0.99704,1.0,0.14286,1.0,0.9143,0.8,0.0,0.97531,1.0,0.85714,0.0,1.0,1.0,0.5,0.5,0.5,1.0,1.0,0.5,0.5,0.5,0.0,0.0,1.0,1.0,1.0,0.08577,0.19135,1.0,0.06667,0.0,1.0,0.0,1.0,0.0,1.0
1.0,0.5,1.0,0.5,1.0,0.5,0.15993,1.0,0.83333,0.0,0.0,0.66667,1.0,0.16444,0.06222,0.0,0.9873,1.0,1.0,0.75238,1.0,1.0,0.0,0.97995,1.0,0.14286,1.0,1.0,1.0,0.0,0.97508,1.0,1.0,0.0,1.0,1.0,0.5,0.5,0.5,1.0,1.0,0.5,0.5,0.5,0.0,0.0,1.0,1.0,1.0,0.08577,0.19135,1.0,0.06667,0.0,1.0,0.0,1.0,0.0,1.0
1.0,0.5,1.0,0.5,1.0,0.5,0.16411,1.0,0.86667,0.0,0.0,0.66667,1.0,0.16,0.05778,0.0,0.99803,1.0,1.0,0.72381,1.0,1.0,0.0,0.9653,1.0,0.14286,1.0,1.0,1.0,0.0,0.97347,1.0,1.0,0.0,1.0,1.0,0.5,0.5,0.5,1.0,1.0,0.5,0.5,0.5,0.0,0.0,1.0,1.0,1.0,0.08577,0.19135,1.0,0.06667,0.0,1.0,0.0,1.0,0.0,1.0
1.0,0.5,0.0,0.5,1.0,0.5,0.16261,1.0,0.9,0.0,0.0,0.66667,1.0,0.15556,0.05778,0.99846,0.0,1.0,1.0,0.72381,1.0,1.0,1.0,0.96666,1.0,0.14286,1.0,1.0,1.0,0.0,0.97461,1.0,1.0,0.0,1.0,1.0,0.5,0.5,0.5,1.0,1.0,0.5,0.5,0.5,0.0,0.0,1.0,1.0,1.0,0.08577,0.19135,1.0,0.06667,0.0,1.0,0.0,1.0,0.0,1.0
0.5,0.5,0.5,0.5,0.5,0.5,0.06472,0.73333,0.13333,0.0,0.0,0.66667,0.0,0.2,0.03111,0.82842,0.0,0.73333,0.86667,0.81905,0.88571,0.5,0.0,0.73778,1.0,0.07143,1.0,0.90922,0.85714,0.0,0.85224,0.78571,0.5,0.0,1.0,1.0,0.5,0.5,0.5,1.0,1.0,0.5,0.5,0.5,0.0,1.0,1.0,1.0,1.0,0.5,0.5,1.0,0.06667,0.0,1.0,1.0,1.0,0.42857,0.5
1.0,1.0,1.0,0.0,0.6,0.46667,0.03298,0.2,0.4,0.0,0.0,0.66667,0.0,0.17778,0.05333,0.99559,0.0,0.90476,1.0,1.0,1.0,0.68571,0.0,0.58188,0.83126,0.5,0.82684,0.5278,0.4,0.0,0.90091,0.5,0.85714,0.0,1.0,1.0,0.5,0.5,0.5,1.0,1.0,0.5,0.5,0.5,0.0,0.0,1.0,1.0,1.0,0.5,0.5,1.0,0.06667,0.0,1.0,1.0,1.0,0.0,1.0
1.0,0.5,1.0,0.5,0.26667,0.5,0.04089,0.26667,0.43333,0.0,0.0,0.66667,1.0,0.12889,0.04889,0.98136,0.0,1.0,1.0,0.9619,1.0,1.0,0.0,0.5805,0.82928,0.5,1.0,0.6777,0.4,0.0,0.90255,1.0,1.0,0.0,1.0,1.0,0.5,0.5,0.5,1.0,1.0,0.5,0.5,0.5,0.0,0.0,1.0,1.0,1.0,0.5,0.5,1.0,0.06667,0.0,1.0,1.0,1.0,0.0,1.0
1.0,1.0,1.0,1.0,0.26667,0.33333,0.02932,0.26667,0.53333,0.0,0.0,0.66667,0.0,0.07111,0.04444,0.98905,0.0,1.0,1.0,0.79048,1.0,0.88571,1.0,0.88745,1.0,0.14286,0.44666,0.16006,0.25,0.0,0.9102,0.85714,0.78571,0.0,0.93333,0.99144,0.0,0.5,1.0,1.0,1.0,0.5,0.5,0.5,0.0,0.0,1.0,1.0,1.0,0.0,0.0,1.0,0.06667,0.0,1.0,0.0,1.0,0.0,1.0
1.0,0.0,1.0,0.0,0.26667,0.26667,0.01865,0.26667,0.86667,0.0,0.0,0.66667,0.0,0.07556,0.02667,0.0,0.99691,0.92381,0.93333,0.88571,0.86667,0.82857,1.0,0.6842,0.97743,0.21429,0.35101,0.25205,0.16667,0.0,0.89307,0.64286,0.71429,0.0,1.0,1.0,0.5,0.5,0.5,1.0,1.0,0.5,0.5,0.5,0.0,0.0,1.0,1.0,1.0,0.0,0.0,1.0,0.06667,0.0,1.0,0.0,1.0,0.0,1.0
0.5,0.5,0.5,0.5,0.5,0.5,0.06091,0.33333,0.1,0.0,0.0,0.66667,0.0,0.27556,0.00444,0.33392,0.0,0.80952,1.0,1.0,1.0,0.5,1.0,0.82415,1.0,0.07143,0.987,0.8613,0.375,0.0,0.89466,1.0,0.5,0.6,1.0,1.0,0.5,0.5,0.5,1.0,1.0,0.5,0.5,0.5,1.0,0.0,0.4,1.0,1.0,0.5,0.5,1.0,0.06667,0.0,1.0,1.0,1.0,0.75,0.5
0.5,0.5,0.5,0.5,0.5,0.5,0.07901,0.93333,0.56667,0.0,0.0,0.66667,0.0,0.2,0.00889,0.0,0.97797,0.85714,1.0,0.93333,1.0,0.5,0.0,0.87455,1.0,0.35714,1.0,0.9116,0.85714,0.0,0.94645,0.71429,0.5,0.5,1.0,1.0,0.5,0.5,0.5,1.0,1.0,0.5,0.5,0.5,1.0,0.34884,0.5,1.0,1.0,0.5,0.5,1.0,0.06667,0.0,1.0,1.0,1.0,0.42857,0.5
1.0,0.0,1.0,0.0,0.93333,0.8,0.07441,0.8,0.63333,0.0,0.0,0.66667,0.0,0.19111,0.00889,0.99407,0.0,1.0,1.0,0.93333,1.0,1.0,0.0,0.60674,0.86677,0.07143,1.0,1.0,1.0,0.0,0.98015,0.85714,0.57143,0.0,1.0,1.0,0.5,0.5,0.5,1.0,1.0,0.0,0.2375,0.94348,0.0,0.0,1.0,1.0,1.0,0.0,0.2375,1.0,0.06667,0.0,1.0,1.0,1.0,1.0,1.0
1.0,1.0,1.0,1.0,0.93333,0.86667,0.07415,0.6,0.86667,0.0,0.0,0.66667,0.0,0.23111,0.00444,0.0,0.99367,1.0,0.97143,1.0,1.0,1.0,0.0,0.70418,1.0,0.21429,1.0,0.85247,0.6,0.0,0.94488,0.71429,0.85714,0.0,1.0,1.0,0.5,0.5,0.5,1.0,1.0,0.0,0.2375,0.94348,0.0,0.0,1.0,1.0,1.0,0.0,0.0,1.0,0.06667,0.0,1.0,1.0,1.0,0.4,1.0
1.0,1.0,1.0,1.0,1.0,0.93333,0.10351,1.0,0.0,0.85714,0.0,0.66667,0.0,0.21778,0.01333,0.0,0.99939,1.0,1.0,1.0,0.88571,1.0,0.0,0.62958,0.89939,0.07143,1.0,1.0,1.0,0.0,0.95469,0.57143,0.85714,0.0,1.0,1.0,0.5,0.5,0.5,1.0,1.0,0.0,0.2375,0.94348,0.0,0.0,1.0,1.0,1.0,0.0,0.0,1.0,0.06667,0.0,1.0,0.0,1.0,0.66667,1.0
1.0,1.0,1.0,0.0,1.0,1.0,0.10388,0.93333,0.0,0.75,0.0,0.66667,0.0,0.2,0.00889,0.0,0.99211,1.0,1.0,1.0,0.88571,1.0,0.0,0.63081,0.90116,0.07143,1.0,1.0,1.0,1.0,0.95898,0.57143,1.0,0.0,1.0,1.0,0.5,0.5,0.5,1.0,1.0,0.0,0.2375,0.94348,0.0,0.0,1.0,1.0,1.0,0.0,0.0,1.0,0.06667,0.0,1.0,0.0,1.0,0.66667,1.0
0.5,0.5,0.5,0.5,0.5,0.5,0.06141,0.2,0.26667,0.0,0.0,0.66667,0.0,0.83111,0.0,1.0,0.0,1.0,1.0,1.0,1.0,0.5,0.0,0.72698,1.0,0.07143,0.91148,0.83676,0.07692,0.0,0.98877,0.85714,0.5,0.0,1.0,1.0,0.5,0.5,0.5,1.0,1.0,0.5,0.5,0.5,0.0,0.0,1.0,1.0,1.0,0.5,0.5,1.0,0.06667,0.0,1.0,1.0,1.0,0.61538,0.5
1.0,1.0,1.0,0.0,0.46667,0.13333,0.00144,0.06667,0.0,0.78947,0.0,0.66667,0.0,0.64889,0.00444,0.0,0.99697,1.0,1.0,1.0,1.0,0.75238,1.0,0.55296,0.78994,0.07143,0.04996,0.01994,0.0,0.0,1.0,0.85714,0.07143,0.0,1.0,1.0,0.5,0.5,0.5,1.0,1.0,0.5,0.5,0.5,0.0,0.0,1.0,1.0,1.0,0.60975,1.0,1.0,0.06667,0.0,1.0,0.0,1.0,0.5,1.0
0.0,0.5,0.0,0.5,0.06667,0.5,0.00125,0.06667,0.0,0.76923,0.0,0.66667,1.0,0.64889,0.00444,0.0,0.99745,1.0,1.0,1.0,1.0,1.0,1.0,0.55339,0.79055,0.07143,0.04347,0.01706,0.0,0.0,1.0,1.0,1.0,0.0,1.0,1.0,0.5,0.5,0.5,1.0,1.0,0.5,0.5,0.5,0.0,0.0,1.0,1.0,1.0,0.60975,1.0,1.0,0.06667,0.0,1.0,0.0,1.0,0.0,1.0
0.5,0.5,0.5,0.5,0.5,0.5,0.03218,0.06667,0.2,0.0,0.0,0.66667,0.0,0.08,0.0,0.9964,0.0,0.9619,0.97143,1.0,1.0,0.5,1.0,0.60797,0.86853,0.07143,0.48373,0.39878,0.0,0.0,0.43581,1.0,0.5,0.0,1.0,1.0,0.5,0.5,0.5,1.0,1.0,0.5,0.5,0.5,0.0,0.0,1.0,1.0,1.0,0.5,0.5,1.0,0.06667,0.0,1.0,1.0,1.0,0.33333,0.5
0.0,0.0,0.0,0.0,0.06667,0.06667,0.03171,0.06667,0.36667,0.0,0.0,0.66667,0.0,0.06667,0.0,0.98952,0.0,0.99048,0.99048,1.0,1.0,0.97143,1.0,0.56059,0.80085,0.07143,0.56881,0.39744,0.0,0.0,0.56843,1.0,0.85714,0.0,1.0,1.0,0.5,0.5,0.5,1.0,1.0,0.5,0.5,0.5,0.0,0.0,1.0,1.0,1.0,0.5,0.5,1.0,0.06667,0.0,1.0,1.0,1.0,0.0,1.0
0.0,0.0,0.0,0.0,0.06667,0.06667,0.03171,0.06667,0.93333,0.0,0.0,0.66667,0.0,0.06667,0.0,0.99974,0.0,1.0,1.0,1.0,1.0,1.0,0.0,0.00205,0.00293,0.0,1.0,1.0,1.0,0.0,1.0,1.0,0.92857,0.0,1.0,1.0,0.5,0.5,0.5,1.0,1.0,0.5,0.5,0.5,0.0,0.0,1.0,1.0,1.0,0.5,0.5,1.0,0.06667,1.0,1.0,1.0,1.0,1.0,1.0
0.0,0.5,0.0,0.5,0.06667,0.5,0.03171,0.06667,0.96667,0.0,0.0,0.66667,1.0,0.06667,0.0,0.99979,0.0,1.0,1.0,1.0,1.0,1.0,0.0,0.00205,0.00293,0.0,1.0,1.0,1.0,0.0,1.0,1.0,1.0,0.0,1.0,1.0,0.5,0.5,0.5,1.0,1.0,0.5,0.5,0.5,0.0,0.0,1.0,1.0,1.0,0.5,0.5,1.0,0.06667,1.0,1.0,1.0,1.0,1.0,1.0
0.0,0.5,0.0,0.5,0.06667,0.5,0.03171,0.06667,1.0,0.0,0.0,0.66667,1.0,0.06667,0.0,0.99983,0.0,1.0,1.0,1.0,1.0,1.0,0.0,0.00205,0.00293,0.0,1.0,1.0,1.0,0.0,1.0,1.0,1.0,0.0,1.0,1.0,0.5,0.5,0.5,1.0,1.0,0.5,0.5,0.5,0.0,0.0,1.0,1.0,1.0,0.5,0.5,1.0,0.06667,1.0,1.0,1.0,1.0,1.0,1.0
0.0,0.5,0.0,0.5,0.06667,0.5,0.03171,0.06667,0.0,0.96774,0.0,0.66667,1.0,0.06667,0.0,0.99987,0.0,1.0,1.0,1.0,1.0,1.0,0.0,0.00205,0.00293,0.0,1.0,1.0,1.0,0.0,1.0,1.0,1.0,0.0,1.0,1.0,0.5,0.5,0.5,1.0,1.0,0.5,0.5,0.5,0.0,0.0,1.0,1.0,1.0,0.5,0.5,1.0,0.06667,1.0,1.0,1.0,1.0,1.0,1.0
0.0,0.5,0.0,0.5,0.06667,0.5,0.03171,0.06667,0.0,0.9375,0.0,0.66667,1.0,0.06667,0.0,0.99989,0.0,1.0,1.0,1.0,1.0,1.0,0.0,0.00205,0.00293,0.0,1.0,1.0,1.0,0.0,1.0,1.0,1.0,0.0,1.0,1.0,0.5,0.5,0.5,1.0,1.0,0.5,0.5,0.5,0.0,0.0,1.0,1.0,1.0,0.5,0.5,1.0,0.06667,1.0,1.0,1.0,1.0,1.0,1.0
0.0,0.5,0.0,0.5,0.06667,0.5,0.03171,0.06667,0.0,0.90909,0.0,0.66667,1.0,0.06667,0.0,0.99991,0.0,1.0,1.0,1.0,1.0,1.0,0.0,0.00205,0.00293,0.0,1.0,1.0,1.0,0.0,1.0,1.0,1.0,0.0,1.0,1.0,0.5,0.5,0.5,1.0,1.0,0.5,0.5,0.5,0.0,0.0,1.0,1.0,1.0,0.5,0.5,1.0,0.06667,1.0,1.0,1.0,1.0,1.0,1.0
0.0,0.5,0.0,0.5,0.06667,0.5,0.03171,0.06667,0.0,0.88235,0.0,0.66667,1.0,0.06667,0.0,0.99993,0.0,1.0,1.0,1.0,1.0,1.0,0.0,0.00205,0.00293,0.0,1.0,1.0,1.0,0.0,1.0,1.0,1.0,0.0,1.0,1.0,0.5,0.5,0.5,1.0,1.0,0.5,0.5,0.5,0.0,0.0,1.0,1.0,1.0,0.5,0.5,1.0,0.06667,1.0,1.0,1.0,1.0,1.0,1.0
0.0,0.5,0.0,0.5,0.06667,0.5,0.03171,0.06667,0.0,0.85714,0.0,0.66667,1.0,0.06667,0.0,0.99994,0.0,1.0,1.0,1.0,1.0,1.0,0.0,0.00205,0.00293,0.0,1.0,1.0,1.0,0.0,1.0,1.0,1.0,0.0,1.0,1.0,0.5,0.5,0.5,1.0,1.0,0.5,0.5,0.5,0.0,0.0,1.0,1.0,1.0,0.5,0.5,1.0,0.06667,1.0,1.0,1.0,1.0,1.0,1.0
0.0,0.5,0.0,0.5,0.06667,0.5,0.03171,0.06667,0.0,0.83333,0.0,0.66667,1.0,0.06667,0.0,0.99995,0.0,1.0,1.0,1.0,1.0,1.0,0.0,0.00205,0.00293,0.0,1.0,1.0,1.0,0.0,1.0,1.0,1.0,0.0,1.0,1.0,0.5,0.5,0.5,1.0,1.0,0.5,0.5,0.5,0.0,0.0,1.0,1.0,1.0,0.5,0.5,1.0,0.06667,1.0,1.0,1.0,1.0,1.0,1.0
0.0,0.5,0.0,0.5,0.06667,0.5,0.03171,0.06667,0.0,0.81081,0.0,0.66667,1.0,0.06667,0.0,0.99996,0.0,1.0,1.0,1.0,1.0,1.0,0.0,0.00205,0.00293,0.0,1.0,1.0,1.0,0.0,1.0,1.0,1.0,0.0,1.0,1.0,0.5,0.5,0.5,1.0,1.0,0.5,0.5,0.5,0.0,0.0,1.0,1.0,1.0,0.5,0.5,1.0,0.06667,1.0,1.0,1.0,1.0,1.0,1.0
0.0,0.5,0.0,0.5,0.06667,0.5,0.03171,0.06667,0.0,0.78947,0.0,0.66667,1.0,0.06667,0.0,0.99997,0.0,1.0,1.0,1.0,1.0,1.0,0.0,0.00205,0.00293,0.0,1.0,1.0,1.0,0.0,1.0,1.0,1.0,0.0,1.0,1.0,0.5,0.5,0.5,1.0,1.0,0.5,0.5,0.5,0.0,0.0,1.0,1.0,1.0,0.5,0.5,1.0,0.06667,1.0,1.0,1.0,1.0,1.0,1.0
0.0,0.5,0.0,0.5,0.06667,0.5,0.03171,0.06667,0.0,0.76923,0.0,0.66667,1.0,0.06667,0.0,0.99998,0.0,1.0,1.0,1.0,1.0,1.0,0.0,0.00205,0.00293,0.0,1.0,1.0,1.0,0.0,1.0,1.0,1.0,0.0,1.0,1.0,0.5,0.5,0.5,1.0,1.0,0.5,0.5,0.5,0.0,0.0,1.0,1.0,1.0,0.5,0.5,1.0,0.06667,1.0,1.0,1.0,1.0,1.0,1.0
0.0,0.5,0.0,0.5,0.06667,0.5,0.03171,0.06667,0.0,0.75,0.0,0.66667,1.0,0.06667,0.0,0.99998,0.0,1.0,1.0,1.0,1.0,1.0,0.0,0.00205,0.00293,0.0,1.0,1.0,1.0,0.0,1.0,1.0,1.0,0.0,1.0,1.0,0.5,0.5,0.5,1.0,1.0,0.5,0.5,0.5,0.0,0.0,1.0,1.0,1.0,0.5,0.5,1.0,0.06667,1.0,1.0,1.0,1.0,1.0,1.0
0.5,0.5,0.5,0.5,0.5,0.5,0.09279,0.6,0.9,0.0,0.0,0.66667,0.0,0.23111,0.04889,0.0,0.907,1.0,1.0,0.73333,0.88571,0.5,0.0,0.76886,1.0,0.28571,0.94522,0.85987,0.25,0.0,0.99387,0.85714,0.5,0.0,1.0,1.0,0.5,0.5,0.5,1.0,1.0,0.5,0.5,0.5,0.0,0.0,1.0,1.0,1.0,0.5,0.5,1.0,0.06667,0.0,1.0,1.0,1.0,0.5,0.5
1.0,0.5,1.0,0.5,0.8,0.5,0.10267,0.8,0.93333,0.0,0.0,0.66667,1.0,0.22667,0.04889,0.0,0.9491,1.0,1.0,0.73333,1.0,1.0,0.0,0.76421,1.0,0.28571,1.0,0.97128,0.75,0.0,0.99521,1.0,1.0,0.16667,1.0,1.0,0.5,0.5,0.5,1.0,1.0,0.5,0.5,0.5,0.11023,0.0,0.83333,1.0,1.0,0.5,0.5,1.0,0.06667,0.0,1.0,1.0,1.0,0.0,1.0
1.0,0.5,1.0,0.5,0.86667,0.5,0.108,0.86667,0.96667,0.0,0.0,0.66667,1.0,0.21778,0.04889,0.0,0.98678,0.71429,1.0,0.94286,1.0,0.71429,1.0,0.78902,1.0,0.07143,1.0,1.0,1.0,0.0,0.98132,1.0,0.78571,0.0,1.0,1.0,0.5,0.5,0.5,1.0,1.0,0.07287,0.14019,0.5,0.0,0.0,1.0,1.0,1.0,0.07287,0.14019,1.0,0.06667,0.0,1.0,0.0,1.0,0.0,1.0
1.0,0.0,1.0,0.0,0.8,0.6,0.07473,0.53333,0.0,0.88235,0.0,0.66667,0.0,0.18667,0.02667,0.92821,0.0,1.0,0.95238,0.90476,0.92381,0.73333,1.0,0.75706,1.0,0.28571,1.0,0.68374,0.5,0.0,0.8416,1.0,0.64286,0.0,1.0,1.0,0.5,0.5,0.5,1.0,1.0,0.07287,0.14019,1.0,0.0,0.0,1.0,1.0,1.0,0.07287,0.14019,1.0,0.06667,0.0,1.0,0.0,1.0,0.16667,1.0
1.0,1.0,1.0,1.0,0.53333,0.53333,0.0759,0.53333,0.0,0.81081,0.0,0.66667,0.0,0.18222,0.02222,0.97748,0.0,1.0,1.0,0.87619,1.0,0.73333,0.0,0.29889,0.42698,0.07143,0.79332,0.72405,0.0,0.0,0.99908,1.0,0.78571,0.0,1.0,1.0,0.5,0.5,0.5,1.0,1.0,0.07287,0.14019,1.0,0.0,0.0,1.0,1.0,1.0,0.07287,0.14019,1.0,0.06667,0.0,1.0,0.0,1.0,0.66667,1.0
1.0,1.0,1.0,1.0,0.53333,0.53333,0.08213,0.53333,0.0,0.76923,0.0,0.66667,0.0,0.17778,0.02222,0.9964,0.0,1.0,1.0,0.88571,0.90476,0.90476,1.0,0.80675,1.0,0.28571,0.78061,0.55341,0.0,0.0,0.99656,0.92857,0.92857,0.0,0.93333,0.94201,1.0,0.5,1.0,1.0,1.0,0.07287,0.14019,1.0,0.0,0.0,1.0,1.0,1.0,0.07287,0.14019,1.0,0.06667,0.0,1.0,0.0,1.0,0.5,1.0
0.5,0.5,0.5,0.5,0.5,0.5,0.05752,0.06667,0.06667,0.0,0.0,0.66667,0.0,0.16889,0.0,0.5,0.5,0.94286,0.90476,1.0,1.0,0.5,1.0,0.60297,0.86138,0.07143,0.87368,0.79607,0.0,0.0,0.5625,1.0,0.5,0.0,1.0,1.0,0.5,0.5,0.5,1.0,1.0,0.5,0.5,0.5,0.5,0.5,1.0,1.0,1.0,0.5,0.5,1.0,0.06667,0.0,1.0,1.0,1.0,1.0,0.5
0.0,0.0,0.0,0.0,0.13333,0.2,0.06379,0.46667,0.33333,0.0,0.0,0.66667,0.0,0.27556,0.08,0.97398,0.0,1.0,1.0,0.80952,0.86667,0.53333,1.0,0.95905,1.0,0.92857,0.8652,0.5415,0.375,0.0,0.97031,0.14286,0.35714,0.0,1.0,1.0,0.5,0.46669,0.5,1.0,1.0,0.5,0.5,0.5,0.0,0.0,1.0,1.0,1.0,1.0,0.26263,1.0,0.06667,0.0,1.0,0.0,1.0,0.125,1.0
0.0,1.0,1.0,1.0,0.46667,0.6,0.02503,0.33333,0.56667,0.0,0.0,0.66667,0.0,0.07556,0.08444,0.97913,0.0,0.92381,0.92381,0.69524,0.92381,0.87619,1.0,0.94699,1.0,0.85714,0.29461,0.13347,0.125,0.0,0.91336,0.21429,0.85714,0.0,0.93333,0.99664,1.0,0.46669,1.0,0.88889,1.0,0.5,0.5,0.5,0.0,0.0,1.0,1.0,1.0,0.0,0.02714,1.0,0.06667,0.0,1.0,0.0,1.0,0.0,1.0
0.0,0.0,0.0,1.0,0.33333,0.33333,0.02011,0.33333,0.83333,0.0,0.0,0.66667,0.0,0.06667,0.07556,0.96004,0.0,1.0,1.0,0.70476,0.8,0.77143,1.0,0.97877,1.0,0.07143,0.22486,0.10378,0.0,0.0,0.92394,0.64286,0.92857,0.0,1.0,1.0,0.5,0.46669,0.5,1.0,1.0,0.5,0.5,0.5,0.0,0.0,1.0,1.0,1.0,1.0,0.22346,1.0,0.06667,0.0,1.0,0.0,1.0,0.0,1.0
0.0,0.0,0.0,0.0,0.33333,0.33333,0.01883,0.33333,0.96667,0.0,0.0,0.66667,0.0,0.04889,0.08889,0.0,0.98313,0.88571,0.88571,0.70476,0.8381,1.0,0.0,0.95902,1.0,0.07143,0.20647,0.09893,0.0,0.0,0.91775,0.92857,0.85714,0.0,1.0,1.0,0.5,0.46669,0.5,1.0,1.0,0.5,0.5,0.5,0.0,0.0,1.0,1.0,1.0,1.0,0.22346,1.0,0.06667,0.0,1.0,0.0,1.0,0.0,1.0
0.5,0.5,0.5,0.5,0.5,0.5,0.48099,1.0,0.16667,0.0,0.5,0.0,0.0,0.52,0.0,0.953,0.0,1.0,1.0,1.0,1.0,0.5,1.0,0.98249,1.0,0.0,1.0,1.0,1.0,0.0,1.0,1.0,0.5,0.0,1.0,1.0,0.5,0.5,0.5,1.0,1.0,0.5,0.5,0.5,0.0,0.0,1.0,1.0,1.0,0.5,0.5,1.0,0.2,0.0,1.0,1.0,1.0,1.0,0.5
1.0,1.0,1.0,1.0,1.0,1.0,0.586,1.0,0.53333,0.0,0.5,0.0,0.0,0.2,0.08,0.0,0.9833,1.0,1.0,1.0,1.0,1.0,0.0,0.43045,0.61492,0.0,1.0,1.0,1.0,0.0,1.0,1.0,1.0,0.0,1.0,1.0,0.5,0.5,0.5,1.0,1.0,0.5,0.5,0.5,0.0,0.0,1.0,1.0,1.0,1.0,0.94882,1.0,0.2,0.0,1.0,0.0,1.0,1.0,1.0
1.0,1.0,1.0,1.0,1.0,1.0,0.68417,1.0,0.6,0.0,0.5,0.0,0.0,0.2,0.12,0.0,0.98929,1.0,1.0,1.0,1.0,1.0,0.0,0.34405,0.4915,0.0,1.0,1.0,1.0,0.0,1.0,1.0,1.0,0.0,1.0,1.0,0.5,0.5,0.5,1.0,1.0,0.5,0.5,0.5,0.0,0.0,1.0,1.0,1.0,1.0,0.31852,1.0,0.2,0.0,1.0,0.0,1.0,1.0,1.0
0.5,0.5,0.5,0.5,0.5,0.5,0.11727,0.2,0.43333,0.0,0.5,0.0,0.0,0.24,0.0,0.0,0.98434,1.0,0.9,1.0,1.0,0.5,1.0,0.6176,0.88228,0.25,0.97133,0.94427,0.0,0.0,0.5,1.0,0.5,0.0,1.0,1.0,0.5,0.5,0.5,1.0,1.0,0.5,0.5,0.5,0.0,0.0,1.0,1.0,1.0,0.5,0.5,1.0,0.2,0.0,1.0,1.0,1.0,1.0,0.5
0.0,0.0,0.0,0.0,0.2,0.2,0.11074,0.2,0.56667,0.0,0.5,0.0,0.0,0.2,0.0,0.99685,0.0,1.0,1.0,1.0,1.0,1.0,0.0,0.02503,0.03575,0.0,1.0,1.0,1.0,0.0,1.0,0.75,0.75,0.0,1.0,1.0,0.5,0.5,0.5,1.0,1.0,0.5,0.5,0.5,0.0,0.0,1.0,1.0,1.0,0.5,0.5,1.0,0.2,1.0,1.0,1.0,1.0,1.0,1.0
0.0,0.0,0.0,0.0,0.2,0.2,0.11064,0.2,0.63333,0.0,0.5,0.0,0.0,0.2,0.0,0.99536,0.0,1.0,1.0,1.0,1.0,1.0,0.0,0.02498,0.03569,0.0,1.0,1.0,1.0,0.0,1.0,1.0,1.0,0.0,1.0,1.0,0.5,0.5,0.5,1.0,1.0,0.5,0.5,0.5,0.0,0.0,1.0,1.0,1.0,0.5,0.5,1.0,0.2,1.0,1.0,1.0,1.0,1.0,1.0
0.0,0.5,0.0,0.5,0.2,0.5,0.11063,0.2,0.66667,0.0,0.5,0.0,1.0,0.2,0.0,0.99596,0.0,1.0,1.0,1.0,1.0,1.0,0.0,0.02498,0.03568,0.0,1.0,1.0,1.0,0.0,1.0,1.0,1.0,0.0,1.0,1.0,0.5,0.5,0.5,1.0,1.0,0.5,0.5,0.5,0.0,0.0,1.0,1.0,1.0,0.5,0.5,1.0,0.2,1.0,1.0,1.0,1.0,1.0,1.0
0.5,0.5,0.5,0.5,0.5,0.5,0.18799,0.6,0.3,0.0,0.5,0.0,0.0,0.32,0.12,0.96634,0.0,1.0,1.0,1.0,1.0,0.5,0.0,0.89568,1.0,0.75,0.64219,0.47296,0.0,0.0,0.5,1.0,0.5,0.0,1.0,1.0,0.5,0.5,0.5,1.0,1.0,0.5,0.5,0.5,0.0,0.0,1.0,1.0,1.0,0.23259,0.10373,1.0,0.2,0.0,1.0,1.0,1.0,0.0,0.5
0.0,0.0,0.0,0.0,0.6,0.2,0.0,0.2,0.4,0.0,0.5,0.0,0.0,0.12,0.16,0.0,0.99699,1.0,1.0,1.0,1.0,1.0,1.0,0.89351,1.0,0.75,0.0,0.0,0.0,0.0,0.5,1.0,1.0,1.0,1.0,1.0,0.5,0.45858,0.5,1.0,1.0,0.5,0.5,0.5,0.0,0.0,1.0,1.0,1.0,0.23259,0.10373,0.0,0.2,1.0,0.0,1.0,1.0,0.0,1.0
0.0,0.0,0.0,0.0,0.2,0.2,0.0,0.2,0.46667,0.0,0.5,0.0,0.0,0.12,0.16,0.0,0.99149,1.0,1.0,1.0,1.0,1.0,1.0,0.90994,1.0,0.25,0.0,0.0,0.0,0.0,0.6847,0.5,0.5,1.0,1.0,1.0,0.5,0.45858,0.5,1.0,1.0,0.5,0.5,0.5,0.0,0.0,1.0,1.0,1.0,0.23259,0.10373,1.0,0.0,0.0,1.0,1.0,1.0,0.0,1.0
0.0,1.0,0.0,1.0,0.2,0.2,0.0,0.2,0.56667,0.0,0.5,0.0,0.0,0.08,0.16,0.0,0.99384,1.0,1.0,1.0,1.0,1.0,1.0,0.91131,1.0,0.25,0.0,0.0,0.0,0.0,0.68434,0.75,1.0,1.0,1.0,1.0,0.5,0.45858,0.5,1.0,1.0,0.5,0.5,0.5,0.0,0.0,1.0,1.0,1.0,0.23259,0.10373,1.0,0.0,0.0,1.0,1.0,1.0,0.0,0.0
0.0,0.0,0.0,0.0,0.2,0.2,0.0,0.2,0.63333,0.0,0.5,0.0,0.0,0.08,0.16,0.0,0.99533,1.0,1.0,1.0,1.0,1.0,1.0,0.91137,1.0,0.25,0.0,0.0,0.0,0.0,0.6842,1.0,1.0,1.0,1.0,1.0,0.5,0.45858,0.5,1.0,1.0,0.5,0.5,0.5,0.0,0.0,1.0,1.0,1.0,0.23259,0.10373,1.0,0.0,0.0,1.0,1.0,1.0,0.0,0.0
0.5,0.5,0.5,0.5,0.5,0.5,0.36286,1.0,0.1,0.0,0.5,0.0,0.0,0.24,0.0,0.0,0.82911,0.7,0.7,1.0,1.0,0.5,1.0,0.84672,1.0,0.25,1.0,1.0,1.0,1.0,1.0,0.75,0.5,0.0,1.0,1.0,0.5,0.5,0.5,1.0,1.0,0.5,0.5,0.5,0.0,0.0,1.0,1.0,1.0,0.5,0.5,1.0,0.2,0.0,1.0,1.0,1.0,0.0,0.5
0.5,0.5,0.5,0.5,0.5,0.5,0.02745,0.2,0.06667,0.0,0.5,0.0,0.0,0.24,0.0,0.5,0.5,0.7,1.0,1.0,1.0,0.5,1.0,0.71615,1.0,0.0,0.13901,0.06356,0.0,0.0,0.66667,1.0,0.5,0.0,1.0,1.0,0.5,0.5,0.5,1.0,1.0,0.5,0.5,0.5,0.5,0.5,1.0,1.0,1.0,0.5,0.5,1.0,0.2,0.0,1.0,1.0,1.0,1.0,0.5
1.0,1.0,1.0,1.0,0.2,0.2,0.03588,0.2,0.13333,0.0,0.5,0.0,0.0,0.24,0.0,0.91273,0.0,1.0,1.0,1.0,1.0,0.8,1.0,0.60828,0.86897,0.25,0.42005,0.27773,0.0,1.0,1.0,0.75,0.5,0.0,1.0,1.0,0.5,0.5,0.5,1.0,1.0,0.5,0.5,0.5,0.0,0.0,1.0,1.0,1.0,0.5,0.5,1.0,0.2,0.0,1.0,1.0,1.0,0.5,1.0
1.0,1.0,1.0,1.0,0.2,0.2,0.04904,0.2,0.2,0.0,0.5,0.0,0.0,0.24,0.0,0.94063,0.0,1.0,1.0,1.0,1.0,1.0,1.0,0.61033,0.8719,0.25,0.56223,0.40152,0.0,1.0,1.0,0.75,1.0,0.0,1.0,1.0,0.5,0.5,0.5,1.0,1.0,0.5,0.5,0.5,0.0,0.0,1.0,1.0,1.0,0.5,0.5,1.0,0.2,0.0,1.0,1.0,1.0,0.5,1.0
1.0,1.0,1.0,1.0,0.2,0.2,0.06678,0.2,0.26667,0.0,0.5,0.0,0.0,0.28,0.0,0.96964,0.0,1.0,1.0,1.0,1.0,1.0,1.0,0.61339,0.87627,0.25,0.74372,0.59061,0.0,1.0,1.0,0.75,1.0,0.0,1.0,1.0,0.5,0.5,0.5,1.0,1.0,0.5,0.5,0.5,0.0,0.0,1.0,1.0,1.0,0.5,0.5,1.0,0.2,0.0,1.0,1.0,1.0,0.5,1.0
0.5,0.5,0.5,0.5,0.5,0.5,0.05616,0.2,0.1,0.0,0.5,0.0,0.0,0.24,0.0,0.95298,0.0,1.0,1.0,1.0,1.0,0.5,1.0,0.61087,0.87267,0.25,0.57397,0.40249,0.0,1.0,1.0,0.75,0.5,0.0,1.0,1.0,0.5,0.5,0.5,1.0,1.0,0.5,0.5,0.5,0.0,0.0,1.0,1.0,1.0,0.5,0.5,1.0,0.2,0.0,1.0,1.0,1.0,0.0,0.5
0.5,0.5,0.5,0.5,0.5,0.5,0.13841,0.4,0.2,0.0,0.5,0.0,0.0,0.44,0.0,0.0,0.99801,0.7,0.7,1.0,1.0,0.5,1.0,0.74472,1.0,0.75,0.55453,0.46177,0.0,0.0,0.96256,0.5,0.5,0.0,1.0,1.0,0.5,0.5,0.5,1.0,1.0,0.5,0.5,0.5,0.0,0.0,1.0,1.0,1.0,0.5,0.5,1.0,0.2,0.0,1.0,1.0,1.0,0.0,0.5
0.0,0.0,0.0,0.0,0.4,0.4,0.11076,0.4,0.3,0.0,0.5,0.0,0.0,0.36,0.0,0.94614,0.0,1.0,0.9,1.0,1.0,1.0,1.0,0.75287,1.0,0.75,0.44363,0.36932,0.0,0.0,0.97709,0.25,1.0,0.0,1.0,1.0,0.5,0.5,0.5,1.0,1.0,0.5,0.5,0.5,0.0,0.0,1.0,1.0,1.0,0.5,0.5,1.0,0.2,0.0,1.0,1.0,1.0,0.0,1.0
0.0,0.0,0.0,0.0,0.4,0.4,0.09415,0.4,0.36667,0.0,0.5,0.0,0.0,0.32,0.0,0.97197,0.0,1.0,1.0,1.0,1.0,1.0,1.0,0.75777,1.0,0.75,0.37701,0.30995,0.0,0.0,0.98255,0.25,1.0,0.0,1.0,1.0,0.5,0.5,0.5,1.0,1.0,0.5,0.5,0.5,0.0,0.0,1.0,1.0,1.0,0.5,0.5,1.0,0.2,0.0,1.0,1.0,1.0,0.0,1.0
0.0,0.5,0.0,0.5,0.4,0.5,0.08646,0.4,0.4,0.0,0.5,0.0,1.0,0.32,0.0,0.98549,0.0,1.0,1.0,1.0,1.0,1.0,1.0,0.76004,1.0,0.75,0.34619,0.28273,0.0,0.0,0.98471,1.0,1.0,0.0,1.0,1.0,0.5,0.5,0.5,1.0,1.0,0.5,0.5,0.5,0.0,0.0,1.0,1.0,1.0,0.5,0.5,1.0,0.2,0.0,1.0,1.0,1.0,0.0,1.0
0.0,0.5,0.0,0.5,0.4,0.5,0.07923,0.4,0.43333,0.0,0.5,0.0,1.0,0.28,0.0,0.99557,0.0,1.0,1.0,1.0,1.0,1.0,1.0,0.76218,1.0,0.75,0.3172,0.25737,0.0,0.0,0.98655,1.0,1.0,0.0,1.0,1.0,0.5,0.5,0.5,1.0,1.0,0.5,0.5,0.5,0.0,0.0,1.0,1.0,1.0,0.5,0.5,1.0,0.2,0.0,1.0,1.0,1.0,0.0,1.0
0.0,0.5,0.0,0.5,0.4,0.5,0.07246,0.4,0.46667,0.0,0.5,0.0,1.0,0.28,0.0,0.0,0.99771,1.0,1.0,1.0,1.0,1.0,1.0,0.76418,1.0,0.75,0.2901,0.2339,0.0,0.0,0.98811,1.0,1.0,0.0,1.0,1.0,0.5,0.5,0.5,1.0,1.0,0.5,0.5,0.5,0.0,0.0,1.0,1.0,1.0,0.5,0.5,1.0,0.2,0.0,1.0,1.0,1.0,0.0,1.0
0.0,0.5,0.0,0.5,0.4,0.5,0.06617,0.4,0.5,0.0,0.5,0.0,1.0,0.28,0.0,0.0,0.99328,1.0,1.0,1.0,1.0,1.0,1.0,0.76605,1.0,0.75,0.2649,0.2123,0.0,0.0,0.98944,1.0,1.0,0.0,1.0,1.0,0.5,0.5,0.5,1.0,1.0,0.5,0.5,0.5,0.0,0.0,1.0,1.0,1.0,0.5,0.5,1.0,0.2,0.0,1.0,1.0,1.0,0.0,1.0
0.0,0.5,0.0,0.5,0.4,0.5,0.06035,0.4,0.53333,0.0,0.5,0.0,1.0,0.28,0.0,0.0,0.99041,1.0,1.0,1.0,1.0,1.0,1.0,0.76777,1.0,0.75,0.24157,0.19251,0.0,0.0,0.99059,1.0,1.0,0.0,1.0,1.0,0.5,0.5,0.5,1.0,1.0,0.5,0.5,0.5,0.0,0.0,1.0,1.0,1.0,0.5,0.5,1.0,0.2,0.0,1.0,1.0,1.0,0.0,1.0
0.0,0.5,0.0,0.5,0.4,0.5,0.05498,0.4,0.56667,0.0,0.5,0.0,1.0,0.28,0.0,0.0,0.98864,1.0,1.0,1.0,1.0,1.0,1.0,0.76937,1.0,0.75,0.22006,0.17444,0.0,0.0,0.99157,1.0,1.0,0.0,1.0,1.0,0.5,0.5,0.5,1.0,1.0,0.5,0.5,0.5,0.0,0.0,1.0,1.0,1.0,0.5,0.5,1.0,0.2,0.0,1.0,1.0,1.0,0.0,1.0
0.0,0.5,0.0,0.5,0.4,0.5,0.05004,0.4,0.6,0.0,0.5,0.0,1.0,0.28,0.0,0.0,0.98764,1.0,1.0,1.0,1.0,1.0,1.0,0.77083,1.0,0.75,0.20028,0.15799,0.0,0.0,0.99242,1.0,1.0,0.0,1.0,1.0,0.5,0.5,0.5,1.0,1.0,0.5,0.5,0.5,0.0,0.0,1.0,1.0,1.0,0.5,0.5,1.0,0.2,0.0,1.0,1.0,1.0,0.0,1.0
0.0,0.5,0.0,0.5,0.4,0.5,0.04551,0.4,0.63333,0.0,0.5,0.0,1.0,0.28,0.0,0.0,0.98718,1.0,1.0,1.0,1.0,1.0,1.0,0.77218,1.0,0.75,0.18213,0.14303,0.0,0.0,0.99316,1.0,1.0,0.0,1.0,1.0,0.5,0.5,0.5,1.0,1.0,0.5,0.5,0.5,0.0,0.0,1.0,1.0,1.0,0.5,0.5,1.0,0.2,0.0,1.0,1.0,1.0,0.0,1.0
0.0,0.5,0.0,0.5,0.4,0.5,0.04136,0.4,0.66667,0.0,0.5,0.0,1.0,0.28,0.0,0.0,0.98712,1.0,1.0,1.0,1.0,1.0,1.0,0.77341,1.0,0.75,0.16553,0.12945,0.0,0.0,0.99381,1.0,1.0,0.0,1.0,1.0,0.5,0.5,0.5,1.0,1.0,0.5,0.5,0.5,0.0,0.0,1.0,1.0,1.0,0.5,0.5,1.0,0.2,0.0,1.0,1.0,1.0,0.0,1.0
0.0,0.5,0.0,0.5,0.4,0.5,0.03757,0.4,0.7,0.0,0.5,0.0,1.0,0.28,0.0,0.0,0.98733,1.0,1.0,1.0,1.0,1.0,1.0,0.77453,1.0,0.75,0.15036,0.11713,0.0,0.0,0.99437,1.0,1.0,0.0,1.0,1.0,0.5,0.5,0.5,1.0,1.0,0.5,0.5,0.5,0.0,0.0,1.0,1.0,1.0,0.5,0.5,1.0,0.2,0.0,1.0,1.0,1.0,0.0,1.0
0.0,0.5,0.0,0.5,0.4,0.5,0.03412,0.4,0.73333,0.0,0.5,0.0,1.0,0.28,0.0,0.0,0.98773,1.0,1.0,1.0,1.0,1.0,1.0,0.77556,1.0,0.75,0.13652,0.10598,0.0,0.0,0.99488,1.0,1.0,0.0,1.0,1.0,0.5,0.5,0.5,1.0,1.0,0.5,0.5,0.5,0.0,0.0,1.0,1.0,1.0,0.5,0.5,1.0,0.2,0.0,1.0,1.0,1.0,0.0,1.0
0.0,0.5,0.0,0.5,0.4,0.5,0.03096,0.4,0.76667,0.0,0.5,0.0,1.0,0.28,0.0,0.0,0.98825,1.0,1.0,1.0,1.0,1.0,1.0,0.7765,1.0,0.75,0.1239,0.09588,0.0,0.0,0.99532,1.0,1.0,0.0,1.0,1.0,0.5,0.5,0.5,1.0,1.0,0.5,0.5,0.5,0.0,0.0,1.0,1.0,1.0,0.5,0.5,1.0,0.2,0.0,1.0,1.0,1.0,0.0,1.0
0.0,0.5,0.0,0.5,0.4,0.5,0.02809,0.4,0.8,0.0,0.5,0.0,1.0,0.28,0.0,0.0,0.98886,1.0,1.0,1.0,1.0,1.0,1.0,0.77735,1.0,0.75,0.11241,0.08674,0.0,0.0,0.99571,1.0,1.0,0.0,1.0,1.0,0.5,0.5,0.5,1.0,1.0,0.5,0.5,0.5,0.0,0.0,1.0,1.0,1.0,0.5,0.5,1.0,0.2,0.0,1.0,1.0,1.0,0.0,1.0
0.0,0.5,0.0,0.5,0.4,0.5,0.02548,0.4,0.83333,0.0,0.5,0.0,1.0,0.28,0.0,0.0,0.98951,1.0,1.0,1.0,1.0,1.0,1.0,0.77813,1.0,0.75,0.10196,0.07847,0.0,0.0,0.99607,1.0,1.0,0.0,1.0,1.0,0.5,0.5,0.5,1.0,1.0,0.5,0.5,0.5,0.0,0.0,1.0,1.0,1.0,0.5,0.5,1.0,0.2,0.0,1.0,1.0,1.0,0.0,1.0
0.0,0.5,0.0,0.5,0.4,0.5,0.02311,0.4,0.86667,0.0,0.5,0.0,1.0,0.28,0.0,0.0,0.99018,1.0,1.0,1.0,1.0,1.0,1.0,0.77883,1.0,0.75,0.09246,0.07098,0.0,0.0,0.99638,1.0,1.0,0.0,1.0,1.0,0.5,0.5,0.5,1.0,1.0,0.5,0.5,0.5,0.0,0.0,1.0,1.0,1.0,0.5,0.5,1.0,0.2,0.0,1.0,1.0,1.0,0.0,1.0
0.0,0.5,0.0,0.5,0.4,0.5,0.02095,0.4,0.9,0.0,0.5,0.0,1.0,0.28,0.0,0.0,0.99085,1.0,1.0,1.0,1.0,1.0,1.0,0.77948,1.0,0.75,0.08383,0.06421,0.0,0.0,0.99667,1.0,1.0,0.0,1.0,1.0,0.5,0.5,0.5,1.0,1.0,0.5,0.5,0.5,0.0,0.0,1.0,1.0,1.0,0.5,0.5,1.0,0.2,0.0,1.0,1.0,1.0,0.0,1.0
0.0,0.0,0.0,0.0,0.4,0.4,0.01721,0.4,0.96667,0.0,0.5,0.0,0.0,0.28,0.0,0.0,0.99215,1.0,1.0,1.0,1.0,1.0,1.0,0.78059,1.0,0.75,0.06886,0.05255,0.0,0.0,0.99716,0.25,1.0,0.0,1.0,1.0,0.5,0.5,0.5,1.0,1.0,0.5,0.5,0.5,0.0,0.0,1.0,1.0,1.0,0.5,0.5,1.0,0.2,0.0,1.0,1.0,1.0,0.0,1.0
0.0,0.5,0.0,0.5,0.4,0.5,0.0156,0.4,1.0,0.0,0.5,0.0,1.0,0.28,0.0,0.0,0.99277,1.0,1.0,1.0,1.0,1.0,1.0,0.78107,1.0,0.75,0.0624,0.04754,0.0,0.0,0.99737,1.0,1.0,0.0,1.0,1.0,0.5,0.5,0.5,1.0,1.0,0.5,0.5,0.5,0.0,0.0,1.0,1.0,1.0,0.5,0.5,1.0,0.2,0.0,1.0,1.0,1.0,0.0,1.0
0.5,0.5,0.5,0.5,0.5,0.5,0.03063,0.2,0.1,0.0,0.5,0.0,0.0,0.2,0.0,0.98124,0.0,1.0,1.0,1.0,1.0,0.5,0.0,0.59782,0.85403,0.5,0.25998,0.14941,0.0,0.0,1.0,0.75,0.5,0.0,1.0,1.0,0.5,0.5,0.5,1.0,1.0,0.5,0.5,0.5,0.0,0.0,1.0,1.0,1.0,0.5,0.5,1.0,0.2,0.0,1.0,1.0,1.0,0.0,0.5
0.0,0.5,0.0,0.5,0.2,0.5,0.03063,0.2,0.13333,0.0,0.5,0.0,1.0,0.2,0.0,0.98705,0.0,0.9,0.9,1.0,1.0,0.9,0.0,0.00191,0.00273,0.0,1.0,1.0,1.0,0.0,1.0,1.0,0.75,0.0,1.0,1.0,0.5,0.5,0.5,1.0,1.0,0.5,0.5,0.5,0.0,0.0,1.0,1.0,1.0,0.5,0.5,1.0,0.2,1.0,1.0,1.0,1.0,1.0,1.0
0.0,0.5,0.0,0.5,0.2,0.5,0.03063,0.2,0.16667,0.0,0.5,0.0,1.0,0.2,0.0,0.99052,0.0,1.0,0.9,1.0,1.0,1.0,0.0,0.00191,0.00273,0.0,1.0,1.0,1.0,0.0,1.0,1.0,1.0,0.0,1.0,1.0,0.5,0.5,0.5,1.0,1.0,0.5,0.5,0.5,0.0,0.0,1.0,1.0,1.0,0.5,0.5,1.0,0.2,1.0,1.0,1.0,1.0,1.0,1.0
0.0,0.5,0.0,0.5,0.2,0.5,0.03063,0.2,0.2,0.0,0.5,0.0,1.0,0.2,0.0,0.99258,0.0,1.0,1.0,1.0,1.0,1.0,0.0,0.00191,0.00273,0.0,1.0,1.0,1.0,0.0,1.0,1.0,1.0,0.0,1.0,1.0,0.5,0.5,0.5,1.0,1.0,0.5,0.5,0.5,0.0,0.0,1.0,1.0,1.0,0.5,0.5,1.0,0.2,1.0,1.0,1.0,1.0,1.0,1.0
0.0,0.5,0.0,0.5,0.2,0.5,0.03063,0.2,0.23333,0.0,0.5,0.0,1.0,0.2,0.0,0.99341,0.0,1.0,1.0,1.0,1.0,1.0,0.0,0.00191,0.00273,0.0,1.0,1.0,1.0,0.0,1.0,1.0,1.0,0.0,1.0,1.0,0.5,0.5,0.5,1.0,1.0,0.5,0.5,0.5,0.0,0.0,1.0,1.0,1.0,0.5,0.5,1.0,0.2,1.0,1.0,1.0,1.0,1.0,1.0
0.0,0.5,0.0,0.5,0.2,0.5,0.03063,0.2,0.26667,0.0,0.5,0.0,1.0,0.2,0.0,0.99576,0.0,1.0,1.0,1.0,1.0,1.0,0.0,0.00191,0.00273,0.0,1.0,1.0,1.0,0.0,1.0,1.0,1.0,0.0,1.0,1.0,0.5,0.5,0.5,1.0,1.0,0.5,0.5,0.5,0.0,0.0,1.0,1.0,1.0,0.5,0.5,1.0,0.2,1.0,1.0,1.0,1.0,1.0,1.0
0.0,0.5,0.0,0.5,0.2,0.5,0.03063,0.2,0.3,0.0,0.5,0.0,1.0,0.2,0.0,0.99687,0.0,1.0,1.0,1.0,1.0,1.0,0.0,0.00191,0.00273,0.0,1.0,1.0,1.0,0.0,1.0,1.0,1.0,0.0,1.0,1.0,0.5,0.5,0.5,1.0,1.0,0.5,0.5,0.5,0.0,0.0,1.0,1.0,1.0,0.5,0.5,1.0,0.2,1.0,1.0,1.0,1.0,1.0,1.0
0.0,0.5,0.0,0.5,0.2,0.5,0.03063,0.2,0.33333,0.0,0.5,0.0,1.0,0.2,0.0,0.99764,0.0,1.0,1.0,1.0,1.0,1.0,0.0,0.00191,0.00273,0.0,1.0,1.0,1.0,0.0,1.0,1.0,1.0,0.0,1.0,1.0,0.5,0.5,0.5,1.0,1.0,0.5,0.5,0.5,0.0,0.0,1.0,1.0,1.0,0.5,0.5,1.0,0.2,1.0,1.0,1.0,1.0,1.0,1.0
0.0,0.5,0.0,0.5,0.2,0.5,0.03063,0.2,0.36667,0.0,0.5,0.0,1.0,0.2,0.0,0.99823,0.0,1.0,1.0,1.0,1.0,1.0,0.0,0.00191,0.00273,0.0,1.0,1.0,1.0,0.0,1.0,1.0,1.0,0.0,1.0,1.0,0.5,0.5,0.5,1.0,1.0,0.5,0.5,0.5,0.0,0.0,1.0,1.0,1.0,0.5,0.5,1.0,0.2,1.0,1.0,1.0,1.0,1.0,1.0
0.0,0.5,0.0,0.5,0.2,0.5,0.03063,0.2,0.4,0.0,0.5,0.0,1.0,0.2,0.0,0.99869,0.0,1.0,1.0,1.0,1.0,1.0,0.0,0.00191,0.00273,0.0,1.0,1.0,1.0,0.0,1.0,1.0,1.0,0.0,1.0,1.0,0.5,0.5,0.5,1.0,1.0,0.5,0.5,0.5,0.0,0.0,1.0,1.0,1.0,0.5,0.5,1.0,0.2,1.0,1.0,1.0,1.0,1.0,1.0
0.0,0.5,0.0,0.5,0.2,0.5,0.03063,0.2,0.43333,0.0,0.5,0.0,1.0,0.2,0.0,0.99901,0.0,1.0,1.0,1.0,1.0,1.0,0.0,0.00191,0.00273,0.0,1.0,1.0,1.0,0.0,1.0,1.0,1.0,0.0,1.0,1.0,0.5,0.5,0.5,1.0,1.0,0.5,0.5,0.5,0.0,0.0,1.0,1.0,1.0,0.5,0.5,1.0,0.2,1.0,1.0,1.0,1.0,1.0,1.0
0.0,0.5,0.0,0.5,0.2,0.5,0.03063,0.2,0.46667,0.0,0.5,0.0,1.0,0.2,0.0,0.99924,0.0,1.0,1.0,1.0,1.0,1.0,0.0,0.00191,0.00273,0.0,1.0,1.0,1.0,0.0,1.0,1.0,1.0,0.0,1.0,1.0,0.5,0.5,0.5,1.0,1.0,0.5,0.5,0.5,0.0,0.0,1.0,1.0,1.0,0.5,0.5,1.0,0.2,1.0,1.0,1.0,1.0,1.0,1.0
0.0,0.5,0.0,0.5,0.2,0.5,0.03063,0.2,0.5,0.0,0.5,0.0,1.0,0.2,0.0,0.99941,0.0,1.0,1.0,1.0,1.0,1.0,0.0,0.00191,0.00273,0.0,1.0,1.0,1.0,0.0,1.0,1.0,1.0,0.0,1.0,1.0,0.5,0.5,0.5,1.0,1.0,0.5,0.5,0.5,0.0,0.0,1.0,1.0,1.0,0.5,0.5,1.0,0.2,1.0,1.0,1.0,1.0,1.0,1.0
0.0,0.5,0.0,0.5,0.2,0.5,0.03063,0.2,0.53333,0.0,0.5,0.0,1.0,0.2,0.0,0.99954,0.0,1.0,1.0,1.0,1.0,1.0,0.0,0.00191,0.00273,0.0,1.0,1.0,1.0,0.0,1.0,1.0,1.0,0.0,1.0,1.0,0.5,0.5,0.5,1.0,1.0,0.5,0.5,0.5,0.0,0.0,1.0,1.0,1.0,0.5,0.5,1.0,0.2,1.0,1.0,1.0,1.0,1.0,1.0
0.0,0.5,0.0,0.5,0.2,0.5,0.03063,0.2,0.56667,0.0,0.5,0.0,1.0,0.2,0.0,0.99964,0.0,1.0,1.0,1.0,1.0,1.0,0.0,0.00191,0.00273,0.0,1.0,1.0,1.0,0.0,1.0,1.0,1.0,0.0,1.0,1.0,0.5,0.5,0.5,1.0,1.0,0.5,0.5,0.5,0.0,0.0,1.0,1.0,1.0,0.5,0.5,1.0,0.2,1.0,1.0,1.0,1.0,1.0,1.0
0.0,0.5,0.0,0.5,0.2,0.5,0.03063,0.2,0.6,0.0,0.5,0.0,1.0,0.2,0.0,0.99971,0.0,1.0,1.0,1.0,1.0,1.0,0.0,0.00191,0.00273,0.0,1.0,1.0,1.0,0.0,1.0,1.0,1.0,0.0,1.0,1.0,0.5,0.5,0.5,1.0,1.0,0.5,0.5,0.5,0.0,0.0,1.0,1.0,1.0,0.5,0.5,1.0,0.2,1.0,1.0,1.0,1.0,1.0,1.0
0.0,0.5,0.0,0.5,0.2,0.5,0.03063,0.2,0.63333,0.0,0.5,0.0,1.0,0.2,0.0,0.99977,0.0,1.0,1.0,1.0,1.0,1.0,0.0,0.00191,0.00273,0.0,1.0,1.0,1.0,0.0,1.0,1.0,1.0,0.0,1.0,1.0,0.5,0.5,0.5,1.0,1.0,0.5,0.5,0.5,0.0,0.0,1.0,1.0,1.0,0.5,0.5,1.0,0.2,1.0,1.0,1.0,1.0,1.0,1.0
0.0,0.5,0.0,0.5,0.2,0.5,0.03063,0.2,0.66667,0.0,0.5,0.0,1.0,0.2,0.0,0.99982,0.0,1.0,1.0,1.0,1.0,1.0,0.0,0.00191,0.00273,0.0,1.0,1.0,1.0,0.0,1.0,1.0,1.0,0.0,1.0,1.0,0.5,0.5,0.5,1.0,1.0,0.5,0.5,0.5,0.0,0.0,1.0,1.0,1.0,0.5,0.5,1.0,0.2,1.0,1.0,1.0,1.0,1.0,1.0
0.0,0.5,0.0,0.5,0.2,0.5,0.03063,0.2,0.7,0.0,0.5,0.0,1.0,0.2,0.0,0.99986,0.0,1.0,1.0,1.0,1.0,1.0,0.0,0.00191,0.00273,0.0,1.0,1.0,1.0,0.0,1.0,1.0,1.0,0.0,1.0,1.0,0.5,0.5,0.5,1.0,1.0,0.5,0.5,0.5,0.0,0.0,1.0,1.0,1.0,0.5,0.5,1.0,0.2,1.0,1.0,1.0,1.0,1.0,1.0
0.0,0.5,0.0,0.5,0.2,0.5,0.03063,0.2,0.73333,0.0,0.5,0.0,1.0,0.2,0.0,0.99988,0.0,1.0,1.0,1.0,1.0,1.0,0.0,0.00191,0.00273,0.0,1.0,1.0,1.0,0.0,1.0,1.0,1.0,0.0,1.0,1.0,0.5,0.5,0.5,1.0,1.0,0.5,0.5,0.5,0.0,0.0,1.0,1.0,1.0,0.5,0.5,1.0,0.2,1.0,1.0,1.0,1.0,1.0,1.0
0.0,0.5,0.0,0.5,0.2,0.5,0.03063,0.2,0.76667,0.0,0.5,0.0,1.0,0.2,0.0,0.99991,0.0,1.0,1.0,1.0,1.0,1.0,0.0,0.00191,0.00273,0.0,1.0,1.0,1.0,0.0,1.0,1.0,1.0,0.0,1.0,1.0,0.5,0.5,0.5,1.0,1.0,0.5,0.5,0.5,0.0,0.0,1.0,1.0,1.0,0.5,0.5,1.0,0.2,1.0,1.0,1.0,1.0,1.0,1.0
0.0,0.5,0.0,0.5,0.2,0.5,0.03063,0.2,0.8,0.0,0.5,0.0,1.0,0.2,0.0,0.99993,0.0,1.0,1.0,1.0,1.0,1.0,0.0,0.00191,0.00273,0.0,1.0,1.0,1.0,0.0,1.0,1.0,1.0,0.0,1.0,1.0,0.5,0.5,0.5,1.0,1.0,0.5,0.5,0.5,0.0,0.0,1.0,1.0,1.0,0.5,0.5,1.0,0.2,1.0,1.0,1.0,1.0,1.0,1.0
0.0,0.5,0.0,0.5,0.2,0.5,0.03063,0.2,0.83333,0.0,0.5,0.0,1.0,0.2,0.0,0.99994,0.0,1.0,1.0,1.0,1.0,1.0,0.0,0.00191,0.00273,0.0,1.0,1.0,1.0,0.0,1.0,1.0,1.0,0.0,1.0,1.0,0.5,0.5,0.5,1.0,1.0,0.5,0.5,0.5,0.0,0.0,1.0,1.0,1.0,0.5,0.5,1.0,0.2,1.0,1.0,1.0,1.0,1.0,1.0
0.0,0.5,0.0,0.5,0.2,0.5,0.03063,0.2,0.86667,0.0,0.5,0.0,1.0,0.2,0.0,0.99995,0.0,1.0,1.0,1.0,1.0,1.0,0.0,0.00191,0.00273,0.0,1.0,1.0,1.0,0.0,1.0,1.0,1.0,0.0,1.0,1.0,0.5,0.5,0.5,1.0,1.0,0.5,0.5,0.5,0.0,0.0,1.0,1.0,1.0,0.5,0.5,1.0,0.2,1.0,1.0,1.0,1.0,1.0,1.0
0.0,0.5,0.0,0.5,0.2,0.5,0.03063,0.2,0.9,0.0,0.5,0.0,1.0,0.2,0.0,0.99996,0.0,1.0,1.0,1.0,1.0,1.0,0.0,0.00191,0.00273,0.0,1.0,1.0,1.0,0.0,1.0,1.0,1.0,0.0,1.0,1.0,0.5,0.5,0.5,1.0,1.0,0.5,0.5,0.5,0.0,0.0,1.0,1.0,1.0,0.5,0.5,1.0,0.2,1.0,1.0,1.0,1.0,1.0,1.0
0.0,0.5,0.0,0.5,0.2,0.5,0.03063,0.2,0.93333,0.0,0.5,0.0,1.0,0.2,0.0,0.99997,0.0,1.0,1.0,1.0,1.0,1.0,0.0,0.00191,0.00273,0.0,1.0,1.0,1.0,0.0,1.0,1.0,1.0,0.0,1.0,1.0,0.5,0.5,0.5,1.0,1.0,0.5,0.5,0.5,0.0,0.0,1.0,1.0,1.0,0.5,0.5,1.0,0.2,1.0,1.0,1.0,1.0,1.0,1.0
0.0,0.5,0.0,0.5,0.2,0.5,0.03063,0.2,0.96667,0.0,0.5,0.0,1.0,0.2,0.0,0.99997,0.0,1.0,1.0,1.0,1.0,1.0,0.0,0.00191,0.00273,0.0,1.0,1.0,1.0,0.0,1.0,1.0,1.0,0.0,1.0,1.0,0.5,0.5,0.5,1.0,1.0,0.5,0.5,0.5,0.0,0.0,1.0,1.0,1.0,0.5,0.5,1.0,0.2,1.0,1.0,1.0,1.0,1.0,1.0
0.0,0.5,0.0,0.5,0.2,0.5,0.03063,0.2,1.0,0.0,0.5,0.0,1.0,0.2,0.0,0.99998,0.0,1.0,1.0,1.0,1.0,1.0,0.0,0.00191,0.00273,0.0,1.0,1.0,1.0,0.0,1.0,1.0,1.0,0.0,1.0,1.0,0.5,0.5,0.5,1.0,1.0,0.5,0.5,0.5,0.0,0.0,1.0,1.0,1.0,0.5,0.5,1.0,0.2,1.0,1.0,1.0,1.0,1.0,1.0
0.5,0.5,0.5,0.5,0.5,0.5,0.29385,1.0,0.33333,0.0,0.5,0.0,0.0,0.56,0.0,0.99754,0.0,1.0,1.0,1.0,1.0,0.5,1.0,0.98137,1.0,0.25,1.0,1.0,1.0,0.0,0.95757,1.0,0.5,0.0,1.0,1.0,0.5,0.5,0.5,1.0,1.0,0.5,0.5,0.5,0.0,0.0,1.0,1.0,1.0,0.5,0.5,1.0,0.2,0.0,1.0,1.0,1.0,1.0,0.5
1.0,1.0,1.0,1.0,1.0,1.0,0.31495,1.0,0.4,0.0,0.5,0.0,0.0,0.6,0.0,0.0,0.99732,1.0,1.0,1.0,1.0,1.0,0.0,0.98507,1.0,0.25,1.0,1.0,1.0,1.0,0.96726,0.75,1.0,0.0,1.0,1.0,0.5,0.5,0.5,1.0,1.0,0.5,0.5,0.5,0.0,0.0,1.0,1.0,1.0,0.5,0.5,1.0,0.2,0.0,1.0,1.0,1.0,1.0,1.0
0.5,0.5,0.5,0.5,0.5,0.5,0.0,0.2,0.2,0.0,0.5,0.0,0.0,0.48,0.08,0.83505,0.0,1.0,1.0,1.0,1.0,0.5,1.0,0.67287,0.96125,0.25,0.0,0.0,0.0,0.0,0.87401,1.0,0.5,0.0,1.0,1.0,0.5,0.5,0.5,1.0,1.0,0.5,0.5,0.5,0.0,0.0,1.0,1.0,1.0,0.5,0.5,1.0,0.2,0.0,1.0,1.0,1.0,1.0,0.5
0.0,0.0,0.0,0.0,0.2,0.2,0.0,0.2,0.33333,0.0,0.5,0.0,0.0,0.4,0.08,0.99068,0.0,1.0,1.0,1.0,1.0,1.0,0.0,0.65522,0.93602,0.25,0.0,0.0,0.0,0.0,0.86792,0.75,1.0,1.0,1.0,1.0,0.5,0.5,0.5,1.0,1.0,0.5,0.5,0.5,0.0,0.0,1.0,1.0,1.0,0.5,0.5,0.0,0.2,0.5,1.0,1.0,1.0,0.0,1.0
0.0,1.0,0.0,1.0,0.2,0.2,0.0,0.2,0.5,0.0,0.5,0.0,0.0,0.2,0.08,0.97684,0.0,1.0,0.8,0.9,1.0,0.6,0.0,0.62398,0.8914,0.25,0.0,0.0,0.0,0.0,0.86595,0.75,1.0,1.0,1.0,1.0,0.5,0.5,0.5,1.0,1.0,0.5,0.5,0.5,0.0,0.0,1.0,1.0,1.0,0.5,0.5,0.0,0.2,0.5,1.0,1.0,1.0,0.0,1.0
1.0,1.0,1.0,1.0,0.2,0.2,0.0,0.2,0.56667,0.0,0.5,0.0,0.0,0.16,0.08,0.98482,0.0,1.0,0.8,0.9,1.0,1.0,0.0,0.62398,0.8914,0.25,0.0,0.0,0.0,0.0,0.86566,0.75,1.0,0.0,1.0,1.0,0.5,0.5,0.5,1.0,1.0,0.5,0.5,0.5,0.0,0.0,1.0,1.0,1.0,0.5,0.5,1.0,0.2,0.0,1.0,1.0,1.0,0.0,1.0
1.0,1.0,1.0,1.0,0.2,0.2,0.0,0.2,0.63333,0.0,0.5,0.0,0.0,0.16,0.08,0.99038,0.0,1.0,0.8,0.9,1.0,1.0,0.0,0.62398,0.8914,0.25,0.0,0.0,0.0,0.0,0.86549,0.75,1.0,0.0,1.0,1.0,0.5,0.5,0.5,1.0,1.0,0.5,0.5,0.5,0.0,0.0,1.0,1.0,1.0,0.5,0.5,1.0,0.2,0.0,1.0,1.0,1.0,0.0,1.0
0.5,0.5,0.5,0.5,0.5,0.5,0.0,0.3,0.23333,0.0,0.5,0.0,0.0,0.16,0.24,0.99006,0.0,1.0,1.0,1.0,1.0,0.5,1.0,0.88282,1.0,0.5,0.0,0.0,0.0,0.0,1.0,0.75,0.5,1.0,1.0,1.0,0.5,0.5,0.5,1.0,1.0,0.5,0.5,0.5,0.0,0.0,1.0,1.0,1.0,0.0,0.484,0.0,0.2,1.0,1.0,1.0,1.0,0.0,0.5
0.5,0.5,0.5,0.5,0.5,0.5,0.34866,1.0,0.26667,0.0,0.5,0.0,0.0,0.6,0.04,0.73394,0.0,1.0,1.0,1.0,1.0,0.5,0.0,0.845,1.0,0.0,1.0,1.0,1.0,0.0,0.99867,1.0,0.5,0.0,1.0,1.0,0.5,0.5,0.5,1.0,1.0,0.5,0.5,0.5,0.0,0.0,1.0,1.0,1.0,1.0,0.60409,1.0,0.2,0.0,1.0,0.0,1.0,1.0,0.5
1.0,1.0,1.0,1.0,1.0,1.0,0.37335,1.0,0.36667,0.0,0.5,0.0,0.0,0.56,0.04,0.99235,0.0,1.0,1.0,1.0,1.0,1.0,1.0,0.92054,1.0,0.25,1.0,1.0,1.0,0.0,1.0,0.75,0.75,0.0,1.0,1.0,0.5,0.5,0.5,1.0,1.0,0.5,0.5,0.5,0.0,0.0,1.0,1.0,1.0,1.0,0.24555,1.0,0.2,0.0,1.0,0.0,1.0,1.0,1.0
1.0,0.0,1.0,0.0,1.0,1.0,0.18364,0.6,0.63333,0.0,0.5,0.0,0.0,0.36,0.04,0.0,0.99456,1.0,1.0,1.0,1.0,1.0,1.0,0.88238,1.0,0.25,0.61,0.43885,0.0,0.0,1.0,1.0,1.0,0.0,1.0,1.0,0.5,0.5,0.5,1.0,1.0,0.5,0.5,0.5,0.0,0.0,1.0,1.0,1.0,0.60086,0.6375,1.0,0.2,0.0,1.0,0.0,1.0,1.0,1.0
1.0,1.0,1.0,0.0,0.6,0.6,0.18088,0.6,0.7,0.0,0.5,0.0,0.0,0.4,0.04,0.0,0.97914,1.0,1.0,1.0,1.0,1.0,1.0,0.90886,1.0,0.25,0.58098,0.40942,0.0,0.0,1.0,1.0,1.0,0.0,1.0,1.0,0.5,0.5,0.5,1.0,1.0,0.5,0.5,0.5,0.0,0.0,1.0,1.0,1.0,0.60086,0.6375,1.0,0.2,0.0,1.0,0.0,1.0,1.0,1.0
1.0,1.0,1.0,1.0,0.6,0.6,0.20417,0.6,0.83333,0.0,0.5,0.0,0.0,0.32,0.08,0.97502,0.0,1.0,1.0,0.6,1.0,0.4,0.0,0.9858,1.0,0.25,0.89382,0.464,0.5,0.0,1.0,0.75,0.75,0.0,1.0,1.0,0.5,0.5,0.5,1.0,1.0,0.5,0.5,0.5,0.0,0.0,1.0,1.0,0.0,0.21574,0.40337,1.0,0.2,0.0,1.0,0.0,1.0,0.0,1.0
0.0,0.0,0.0,0.0,0.6,0.6,0.09653,0.6,0.0,0.83333,0.5,0.0,0.0,0.32,0.08,0.0,0.99635,1.0,1.0,0.6,1.0,1.0,0.0,0.9533,1.0,0.25,0.44852,0.19175,0.5,0.0,1.0,0.75,1.0,0.0,1.0,1.0,0.5,0.5,0.5,1.0,1.0,0.5,0.5,0.5,0.0,0.0,1.0,1.0,1.0,0.21574,0.40337,1.0,0.2,0.0,1.0,0.0,1.0,0.5,1.0
1.0,1.0,1.0,1.0,0.6,0.6,0.10042,0.6,0.0,0.78947,0.5,0.0,0.0,0.28,0.08,0.0,0.99718,1.0,1.0,0.6,1.0,1.0,0.0,0.95037,1.0,0.25,0.46957,0.19715,0.5,0.0,1.0,0.75,1.0,0.0,1.0,1.0,0.5,0.5,0.5,1.0,1.0,0.5,0.5,0.5,0.0,0.0,1.0,1.0,1.0,0.21574,0.40337,1.0,0.2,0.0,1.0,0.0,1.0,0.5,1.0
0.5,0.5,0.5,0.5,0.5,0.5,0.33631,0.8,0.03333,0.0,0.5,0.0,0.0,0.2,0.0,0.5,0.5,0.5,0.5,0.5,0.5,0.5,0.5,0.0,0.0,0.5,1.0,0.94949,0.5,0.0,0.0,0.5,0.5,0.0,1.0,1.0,0.5,0.5,0.5,1.0,1.0,0.5,0.5,0.5,0.5,0.5,1.0,0.5,0.5,0.5,0.5,1.0,0.2,0.0,1.0,1.0,1.0,0.5,0.5
1.0,1.0,1.0,0.0,1.0,0.8,0.32266,0.8,0.1,0.0,0.5,0.0,0.0,0.52,0.0,0.0,0.99673,0.4,0.4,1.0,1.0,0.6,0.0,0.53201,0.76002,0.0,1.0,0.90911,0.5,0.0,0.94928,1.0,1.0,0.0,1.0,1.0,0.5,0.5,0.5,1.0,1.0,0.5,0.5,0.5,0.0,0.0,1.0,1.0,1.0,0.5,0.5,1.0,0.2,0.0,1.0,1.0,1.0,0.5,1.0
1.0,1.0,1.0,0.0,1.0,0.8,0.37631,0.8,0.0,0.96774,0.5,0.0,0.0,0.24,0.12,0.0,0.99851,1.0,1.0,0.6,1.0,0.6,0.0,0.63997,0.91424,0.0,0.89596,0.81153,0.0,0.0,1.0,1.0,0.75,0.0,1.0,1.0,0.5,0.5,0.5,1.0,1.0,0.5,0.5,0.5,0.0,0.0,1.0,1.0,1.0,1.0,1.0,1.0,0.2,0.0,1.0,0.0,1.0,1.0,1.0
1.0,1.0,1.0,1.0,1.0,1.0,0.5608,1.0,0.0,0.90909,0.5,0.0,0.0,0.28,0.04,0.99283,0.0,0.5,0.5,0.5,0.7,0.5,0.0,0.64183,0.9169,0.0,1.0,1.0,1.0,0.0,1.0,1.0,0.75,0.0,1.0,1.0,0.5,0.5,0.5,1.0,1.0,0.5,0.5,0.5,0.0,0.0,1.0,1.0,1.0,1.0,1.0,1.0,0.2,1.0,1.0,0.0,1.0,0.0,1.0
0.5,0.5,0.5,0.5,0.5,0.5,0.1046,0.2,0.33333,0.0,0.5,0.0,0.0,0.24,0.0,0.98869,0.0,0.9,0.9,1.0,1.0,0.5,1.0,0.63016,0.90022,0.25,0.83836,0.72171,0.0,0.0,0.5,1.0,0.5,0.0,1.0,1.0,0.5,0.5,0.5,1.0,1.0,0.5,0.5,0.5,0.0,0.0,1.0,1.0,1.0,0.5,0.5,1.0,0.2,0.0,1.0,1.0,1.0,0.0,0.5
0.0,0.0,0.0,0.0,0.2,0.2,0.10459,0.2,0.0,0.96774,0.5,0.0,0.0,0.2,0.0,0.99969,0.0,1.0,1.0,1.0,1.0,1.0,0.0,0.02232,0.03189,0.0,1.0,1.0,1.0,0.0,1.0,1.0,0.75,0.0,1.0,1.0,0.5,0.5,0.5,1.0,1.0,0.5,0.5,0.5,0.0,0.0,1.0,1.0,1.0,0.5,0.5,1.0,0.2,1.0,1.0,1.0,1.0,0.0,1.0
0.0,0.0,0.0,0.0,0.2,0.2,0.10459,0.2,0.0,0.75,0.5,0.0,0.0,0.2,0.0,0.99996,0.0,1.0,1.0,1.0,1.0,1.0,1.0,0.02232,0.03189,0.0,1.0,1.0,1.0,0.0,1.0,1.0,1.0,0.0,1.0,1.0,0.5,0.5,0.5,1.0,1.0,0.5,0.5,0.5,0.0,0.0,1.0,1.0,1.0,0.5,0.5,1.0,0.2,1.0,1.0,1.0,1.0,0.0,1.0
0.5,0.5,0.5,0.5,0.5,0.5,0.27024,0.8,0.16667,0.0,0.5,0.0,0.0,0.48,0.08,0.35888,0.0,0.8,0.9,1.0,1.0,0.5,1.0,0.86572,1.0,0.25,1.0,0.88832,0.5,0.0,1.0,0.75,0.5,0.0,1.0,1.0,0.5,0.5,0.5,1.0,1.0,0.5,0.5,0.5,0.0,0.0,1.0,1.0,1.0,1.0,1.0,1.0,0.2,0.0,1.0,0.0,1.0,0.0,0.5
1.0,0.0,1.0,0.0,1.0,0.8,0.17733,0.8,0.73333,0.0,0.5,0.0,0.0,0.24,0.04,0.0,0.98426,1.0,1.0,0.8,1.0,0.9,0.0,0.70005,1.0,0.0,0.43553,0.27839,0.0,0.0,0.91051,0.75,0.75,0.0,1.0,1.0,0.5,0.5,0.5,1.0,1.0,0.5,0.5,0.5,0.0,0.0,1.0,1.0,1.0,1.0,1.0,1.0,0.2,0.0,1.0,0.0,1.0,1.0,1.0
1.0,1.0,1.0,1.0,0.8,0.8,0.21237,0.8,0.83333,0.0,0.5,0.0,0.0,0.28,0.04,0.0,0.96746,1.0,1.0,0.8,1.0,1.0,1.0,0.35378,0.50539,0.5,1.0,1.0,1.0,0.0,1.0,0.75,0.5,0.0,1.0,1.0,0.5,0.5,0.5,1.0,1.0,0.5,0.5,0.5,0.0,0.0,1.0,1.0,1.0,1.0,1.0,1.0,0.2,0.0,1.0,0.0,1.0,0.0,1.0
1.0,1.0,1.0,1.0,0.8,0.8,0.29103,0.8,1.0,0.0,0.5,0.0,0.0,0.2,0.04,0.97946,0.0,1.0,1.0,0.8,1.0,0.9,0.0,0.17285,0.24693,0.0,1.0,1.0,1.0,0.0,1.0,1.0,0.75,0.0,1.0,1.0,0.5,0.5,0.5,1.0,1.0,0.5,0.5,0.5,0.0,0.0,1.0,1.0,1.0,1.0,1.0,1.0,0.2,1.0,1.0,0.0,1.0,1.0,1.0
0.0,0.0,1.0,1.0,0.8,0.8,0.29127,0.8,0.0,0.81081,0.5,0.0,0.0,0.12,0.04,0.98876,0.0,1.0,1.0,0.8,0.9,1.0,1.0,0.80352,1.0,0.25,1.0,1.0,1.0,1.0,1.0,0.5,0.75,0.0,1.0,1.0,0.5,0.5,0.5,1.0,1.0,0.5,0.5,0.5,0.0,0.0,1.0,1.0,1.0,1.0,1.0,1.0,0.2,0.0,1.0,0.0,1.0,0.0,1.0
0.5,0.5,0.5,0.5,0.5,0.5,0.17538,0.6,0.06667,0.0,0.5,0.0,0.0,0.4,0.0,0.5,0.5,0.7,0.7,1.0,1.0,0.5,1.0,0.56359,0.80513,0.0,1.0,0.67612,0.5,0.0,0.66667,1.0,0.5,0.0,1.0,1.0,0.5,0.5,0.5,1.0,1.0,0.5,0.5,0.5,0.5,0.5,1.0,1.0,1.0,0.5,0.5,1.0,0.2,0.0,1.0,1.0,1.0,0.5,0.5
1.0,1.0,1.0,1.0,0.8,1.0,0.36341,1.0,0.23333,0.0,0.5,0.0,0.0,0.52,0.12,0.8667,0.0,1.0,1.0,0.9,1.0,0.5,1.0,0.9523,1.0,0.0,1.0,1.0,1.0,0.0,1.0,1.0,0.25,0.0,1.0,1.0,0.5,1.0,0.5,1.0,1.0,0.5,0.5,0.5,0.0,0.0,1.0,1.0,1.0,1.0,0.9576,1.0,0.2,0.0,1.0,0.0,1.0,1.0,1.0
1.0,1.0,1.0,1.0,1.0,1.0,0.39007,1.0,0.3,0.0,0.5,0.0,0.0,0.36,0.12,0.99191,0.0,1.0,1.0,1.0,1.0,1.0,0.0,0.82173,1.0,0.0,1.0,1.0,1.0,0.0,1.0,1.0,1.0,0.0,1.0,1.0,0.5,1.0,0.5,1.0,1.0,0.5,0.5,0.5,0.0,0.0,1.0,1.0,1.0,1.0,0.9576,1.0,0.2,0.0,1.0,0.0,1.0,1.0,1.0
1.0,0.0,1.0,0.0,1.0,0.8,0.19175,0.6,0.46667,0.0,0.5,0.0,0.0,0.2,0.12,0.0,0.99656,1.0,1.0,1.0,1.0,1.0,0.0,0.74915,1.0,0.0,0.48291,0.31831,0.0,0.0,0.86031,0.75,1.0,0.0,0.6,0.99022,1.0,1.0,1.0,1.0,1.0,0.5,0.5,0.5,0.0,0.0,1.0,1.0,1.0,1.0,0.9576,1.0,0.2,0.0,1.0,0.0,1.0,1.0,1.0
0.0,0.0,0.0,0.0,0.6,0.6,0.11313,0.6,0.0,0.9375,0.5,0.0,0.0,0.12,0.16,0.99673,0.0,1.0,1.0,0.9,1.0,0.8,0.0,0.82299,1.0,0.0,0.35631,0.21678,0.0,0.0,0.82237,1.0,1.0,0.0,1.0,1.0,0.5,1.0,0.5,1.0,1.0,0.5,0.5,0.5,0.0,0.0,1.0,1.0,1.0,1.0,0.9576,1.0,0.2,0.0,1.0,0.0,1.0,0.0,1.0
0.0,0.0,0.0,0.0,0.6,0.6,0.11313,0.6,0.0,0.83333,0.5,0.0,0.0,0.12,0.16,0.99883,0.0,1.0,1.0,0.9,0.8,1.0,0.0,0.82278,1.0,0.0,0.35633,0.21679,0.0,0.0,0.82244,0.75,1.0,0.0,1.0,1.0,0.5,1.0,0.5,1.0,1.0,0.5,0.5,0.5,0.0,0.0,1.0,1.0,1.0,1.0,0.9576,1.0,0.2,0.0,1.0,0.0,1.0,0.0,1.0
0.0,0.0,0.0,0.0,0.6,0.6,0.11313,0.6,0.0,0.78947,0.5,0.0,0.0,0.12,0.16,0.99913,0.0,1.0,1.0,0.9,0.8,1.0,0.0,0.82277,1.0,0.0,0.35633,0.21679,0.0,0.0,0.82245,0.75,1.0,0.0,1.0,1.0,0.5,1.0,0.5,1.0,1.0,0.5,0.5,0.5,0.0,0.0,1.0,1.0,1.0,1.0,0.9576,1.0,0.2,0.0,1.0,0.0,1.0,0.0,1.0
0.0,0.0,0.0,0.0,0.6,0.6,0.11313,0.6,0.0,0.75,0.5,0.0,0.0,0.12,0.16,0.99939,0.0,1.0,1.0,0.9,0.8,1.0,0.0,0.82277,1.0,0.0,0.35633,0.21679,0.0,0.0,0.82247,0.75,1.0,0.0,1.0,1.0,0.5,1.0,0.5,1.0,1.0,0.5,0.5,0.5,0.0,0.0,1.0,1.0,1.0,1.0,0.9576,1.0,0.2,0.0,1.0,0.0,1.0,0.0,1.0
0.5,0.5,0.5,0.5,0.5,0.5,0.50306,1.0,0.16667,0.0,0.5,0.0,0.0,0.32,0.04,0.37745,0.0,0.7,1.0,0.7,1.0,0.5,1.0,0.76786,1.0,0.25,1.0,1.0,1.0,0.0,1.0,0.75,0.5,0.0,1.0,1.0,0.5,0.5,0.5,1.0,1.0,0.5,0.5,0.5,0.0,0.0,1.0,1.0,1.0,1.0,1.0,1.0,0.2,1.0,1.0,0.0,1.0,0.0,0.5
1.0,1.0,1.0,1.0,1.0,1.0,0.37065,0.8,0.4,0.0,0.5,0.0,0.0,0.16,0.08,0.99731,0.0,1.0,1.0,0.5,1.0,0.8,0.0,0.35101,0.50144,0.0,0.75238,0.60305,0.0,0.0,0.96927,1.0,0.75,0.0,1.0,1.0,0.5,0.5,0.5,1.0,1.0,0.5,0.5,0.5,0.0,0.0,1.0,1.0,1.0,1.0,0.10024,1.0,0.2,0.0,1.0,0.0,1.0,1.0,1.0
1.0,1.0,1.0,1.0,0.8,0.8,0.40229,0.8,0.8,0.0,0.5,0.0,0.0,0.16,0.08,0.0,0.99987,1.0,1.0,1.0,1.0,1.0,0.0,0.33454,0.47792,0.0,0.80851,0.67858,0.0,0.0,0.97122,1.0,1.0,0.0,1.0,1.0,0.5,1.0,0.5,1.0,1.0,0.5,0.5,0.5,0.0,0.0,1.0,1.0,1.0,1.0,0.10024,1.0,0.2,0.0,1.0,0.0,1.0,1.0,1.0
1.0,1.0,1.0,1.0,0.8,0.8,0.40748,0.8,0.96667,0.0,0.5,0.0,0.0,0.16,0.08,0.0,0.99969,1.0,1.0,1.0,1.0,1.0,0.0,0.33212,0.47446,0.0,0.81774,0.69168,0.0,0.0,0.97491,1.0,1.0,0.0,1.0,1.0,0.5,1.0,0.5,1.0,1.0,0.5,0.5,0.5,0.0,0.0,1.0,1.0,1.0,1.0,0.10024,1.0,0.2,0.0,1.0,0.0,1.0,1.0,1.0
1.0,1.0,1.0,1.0,0.8,0.8,0.45935,0.8,0.0,0.96774,0.5,0.0,0.0,0.16,0.08,0.0,0.99976,1.0,1.0,1.0,1.0,1.0,0.0,0.33142,0.47345,0.0,0.92146,0.85435,0.0,0.0,0.98218,1.0,1.0,0.0,1.0,1.0,0.5,1.0,0.5,1.0,1.0,0.5,0.5,0.5,0.0,0.0,1.0,1.0,1.0,1.0,0.10024,1.0,0.2,0.0,1.0,0.0,1.0,1.0,1.0
1.0,1.0,1.0,1.0,1.0,1.0,0.57169,1.0,0.0,0.90909,0.5,0.0,0.0,0.16,0.08,0.0,0.99976,1.0,1.0,0.8,1.0,1.0,0.0,0.33085,0.47264,0.0,1.0,1.0,1.0,0.0,0.99795,1.0,1.0,0.0,1.0,1.0,0.5,1.0,0.5,1.0,1.0,0.5,0.5,0.5,0.0,0.0,1.0,1.0,1.0,1.0,0.10024,1.0,0.2,0.0,1.0,0.0,1.0,1.0,1.0
0.5,0.5,0.5,0.5,0.5,0.5,0.04962,0.1,0.1,0.0,1.0,0.0,0.0,0.22,0.0,0.96914,0.0,0.95556,0.82222,1.0,1.0,0.5,1.0,0.5864,0.83772,0.11111,0.59837,0.33382,0.0,0.0,0.93497,1.0,0.5,0.0,1.0,1.0,0.5,0.5,0.5,1.0,1.0,0.5,0.5,0.5,0.0,0.0,1.0,1.0,1.0,0.5,0.5,1.0,0.1,0.0,1.0,1.0,1.0,0.0,0.5
1.0,1.0,1.0,1.0,0.2,0.2,0.08358,0.2,0.36667,0.0,1.0,0.0,0.0,0.28,0.01,0.0,0.98796,1.0,0.93333,1.0,1.0,0.84444,1.0,0.81904,1.0,0.11111,0.76794,0.63528,0.0,0.0,0.88405,0.88889,0.55556,0.0,1.0,1.0,0.5,0.49526,0.5,1.0,1.0,0.5,0.5,0.5,0.0,0.0,1.0,1.0,1.0,0.0,0.12091,1.0,0.1,0.0,1.0,1.0,1.0,0.75,1.0
1.0,1.0,1.0,1.0,0.6,0.2,0.09185,0.2,0.43333,0.0,1.0,0.0,0.0,0.27,0.03,0.0,0.99261,1.0,0.97778,0.84444,1.0,0.84444,1.0,0.93161,1.0,0.11111,0.85378,0.75321,0.0,0.0,0.92651,0.88889,0.66667,0.0,1.0,1.0,0.5,0.49526,0.5,1.0,1.0,0.5,0.5,0.5,0.0,0.0,1.0,1.0,1.0,0.0,0.12091,1.0,0.1,0.0,1.0,1.0,1.0,0.6,1.0
1.0,1.0,1.0,1.0,0.2,0.3,0.09863,0.3,0.5,0.0,1.0,0.0,0.0,0.27,0.03,0.0,0.99814,1.0,1.0,0.84444,1.0,1.0,0.0,0.91778,1.0,0.11111,0.93188,0.82209,0.2,0.0,0.90809,1.0,0.77778,0.0,1.0,1.0,0.5,0.49526,0.5,1.0,1.0,0.5,0.5,0.5,0.0,0.0,1.0,1.0,1.0,0.0,0.12091,1.0,0.1,0.0,1.0,1.0,1.0,0.4,1.0
1.0,1.0,1.0,1.0,0.7,0.9,0.1151,0.9,0.56667,0.0,1.0,0.0,0.0,0.23,0.03,0.0,0.98682,1.0,1.0,0.84444,0.77778,1.0,0.0,0.90195,1.0,0.11111,1.0,1.0,1.0,0.0,0.91076,0.88889,1.0,0.0,1.0,1.0,0.5,0.49526,0.5,1.0,1.0,0.5,0.5,0.5,0.0,0.0,1.0,1.0,1.0,0.0,0.2375,1.0,0.1,0.0,1.0,1.0,1.0,0.0,1.0
0.5,0.5,0.5,0.5,0.5,0.5,0.11995,0.7,0.16667,0.0,1.0,0.0,0.0,0.63,0.01,0.62869,0.0,0.73333,0.68889,0.84444,1.0,0.5,1.0,0.99083,1.0,0.11111,1.0,0.74829,0.6,0.0,0.94629,1.0,0.5,0.0,1.0,1.0,0.5,0.5,0.5,1.0,1.0,0.5,0.5,0.5,0.0,0.0,1.0,1.0,1.0,1.0,0.054,1.0,0.1,0.0,1.0,0.0,1.0,0.0,0.5
1.0,1.0,1.0,1.0,0.7,0.7,0.13668,0.8,0.33333,0.0,1.0,0.0,0.0,0.47,0.01,0.97701,0.0,0.8,0.8,1.0,1.0,0.57778,1.0,0.7599,1.0,0.11111,1.0,1.0,1.0,0.0,0.95654,0.77778,0.22222,0.0,1.0,1.0,0.5,0.5,0.5,1.0,1.0,0.5,0.5,0.5,0.0,0.0,1.0,1.0,1.0,1.0,0.054,1.0,0.1,0.0,1.0,0.0,1.0,0.75,1.0
1.0,0.0,1.0,0.0,0.8,0.7,0.12209,0.7,0.4,0.0,1.0,0.0,0.0,0.41,0.01,0.97916,0.0,1.0,1.0,1.0,1.0,1.0,0.0,0.74437,1.0,0.11111,1.0,0.98069,0.75,0.0,0.97631,0.77778,1.0,0.0,1.0,1.0,0.5,0.5,0.5,1.0,1.0,0.5,0.5,0.5,0.0,0.0,1.0,1.0,1.0,1.0,0.054,1.0,0.1,0.0,1.0,0.0,1.0,0.75,1.0
0.5,0.5,0.5,0.5,0.5,0.5,0.04058,0.4,0.1,0.0,1.0,0.0,0.0,0.08,0.0,0.97456,0.0,0.97778,1.0,1.0,1.0,0.5,0.0,0.54126,0.77323,0.22222,1.0,0.83258,0.5,0.0,0.66667,0.77778,0.5,0.0,1.0,1.0,0.5,0.5,0.5,1.0,1.0,0.5,0.5,0.5,0.0,0.0,1.0,1.0,1.0,0.5,0.5,1.0,0.1,0.0,1.0,1.0,1.0,0.0,0.5
0.0,0.0,0.0,0.0,0.4,0.4,0.03437,0.4,0.2,0.0,1.0,0.0,0.0,0.09,0.02,0.68918,0.0,0.97778,1.0,0.97778,1.0,0.88889,0.0,0.65324,0.9332,0.22222,0.25287,0.14473,0.0,0.0,1.0,0.77778,0.66667,0.0,1.0,1.0,0.5,0.5,0.5,1.0,1.0,0.5,0.5,0.5,0.0,0.0,1.0,1.0,1.0,1.0,0.57584,1.0,0.1,0.0,1.0,0.0,1.0,0.0,1.0
0.0,0.0,0.0,0.0,0.4,0.4,0.01971,0.3,0.33333,0.0,1.0,0.0,0.0,0.09,0.02,0.0,0.99864,0.95556,1.0,0.97778,1.0,0.95556,1.0,0.78791,1.0,0.11111,0.12149,0.07731,0.0,0.0,0.44444,0.77778,0.88889,0.0,1.0,1.0,0.5,0.5,0.5,1.0,1.0,0.5,0.5,0.5,0.0,0.0,1.0,1.0,1.0,1.0,0.57584,1.0,0.1,0.0,1.0,0.0,1.0,0.5,1.0
0.5,0.5,0.5,0.5,0.5,0.5,0.05906,0.3,0.1,0.0,1.0,0.0,0.0,0.27,0.01,0.34596,0.0,0.82222,1.0,1.0,1.0,0.5,1.0,0.9756,1.0,0.11111,0.6928,0.35819,0.28571,0.0,0.89581,0.77778,0.5,0.0,1.0,1.0,0.5,0.5,0.5,1.0,1.0,0.5,0.5,0.5,0.0,0.0,1.0,1.0,1.0,0.5,0.5,1.0,0.1,0.0,1.0,1.0,1.0,0.14286,0.5
1.0,1.0,1.0,1.0,0.3,0.4,0.06232,0.4,0.16667,0.0,1.0,0.0,0.0,0.23,0.03,0.8484,0.0,0.82222,1.0,1.0,1.0,1.0,0.0,0.92252,1.0,0.22222,0.60127,0.33837,0.16667,0.0,0.92321,0.88889,0.66667,0.0,1.0,1.0,0.5,0.5,0.5,1.0,1.0,0.5,0.5,0.5,0.0,0.0,1.0,1.0,1.0,0.5,0.5,1.0,0.1,0.0,1.0,1.0,1.0,0.16667,1.0
1.0,1.0,1.0,1.0,0.4,0.5,0.08052,0.6,0.26667,0.0,1.0,0.0,0.0,0.11,0.05,0.9855,0.0,0.68889,0.68889,1.0,1.0,0.68889,1.0,0.92093,1.0,0.33333,0.64726,0.37884,0.25,0.0,0.96174,0.66667,0.77778,0.0,1.0,1.0,0.5,0.5,0.5,1.0,1.0,0.5,0.5,0.5,0.0,0.0,1.0,1.0,1.0,0.5,0.5,1.0,0.1,0.0,1.0,1.0,1.0,1.0,1.0
0.5,0.5,0.5,0.5,0.5,0.5,0.02917,0.2,0.13333,0.0,1.0,0.0,0.0,0.29,0.01,0.78217,0.0,0.95556,0.93333,1.0,1.0,0.5,1.0,0.89716,1.0,0.33333,0.34133,0.20861,0.16667,0.0,0.80964,0.55556,0.5,0.0,0.9,0.8843,1.0,0.5,1.0,1.0,1.0,0.5,0.5,0.5,0.0,0.0,1.0,1.0,1.0,0.5,0.5,1.0,0.1,0.0,1.0,1.0,1.0,0.0,0.5
1.0,1.0,1.0,1.0,0.2,0.2,0.01846,0.2,0.46667,0.0,1.0,0.0,0.0,0.18,0.07,0.98198,0.0,0.86667,1.0,0.68889,1.0,0.73333,0.0,0.92077,1.0,0.22222,0.17505,0.10362,0.0,0.0,0.92416,1.0,0.88889,0.0,1.0,1.0,0.5,0.5,0.5,1.0,1.0,0.5,0.5,0.5,0.0,0.0,1.0,1.0,1.0,0.0,0.152,1.0,0.1,0.0,1.0,0.0,1.0,0.6,1.0
0.5,0.5,0.5,0.5,0.5,0.5,0.04902,0.3,0.43333,0.0,1.0,0.0,0.0,0.14,0.03,0.0,0.99022,0.8,0.93333,0.88889,1.0,0.5,1.0,0.87805,1.0,0.11111,0.32886,0.23715,0.0,0.0,0.93718,0.77778,0.5,0.0,1.0,1.0,0.5,0.5,0.5,1.0,1.0,0.5,0.5,0.5,0.0,0.72395,1.0,1.0,1.0,0.5,0.5,1.0,0.1,0.0,1.0,1.0,1.0,0.66667,0.5
0.0,0.0,0.0,0.0,0.3,0.3,0.01248,0.3,0.63333,0.0,1.0,0.0,0.0,0.1,0.06,0.92829,0.0,0.88889,1.0,0.71111,1.0,0.75556,1.0,0.69436,0.99194,0.11111,0.13272,0.05883,0.33333,0.0,0.94451,0.77778,0.77778,0.0,0.9,0.84874,0.13642,0.45302,0.38976,1.0,1.0,0.5,0.5,0.5,0.0,0.0,1.0,1.0,1.0,0.5,0.5,1.0,0.1,0.0,1.0,1.0,1.0,0.33333,1.0
0.0,0.0,0.0,0.0,0.3,0.3,0.00161,0.3,0.9,0.0,1.0,0.0,0.0,0.07,0.05,0.99546,0.0,1.0,1.0,0.71111,1.0,0.91111,0.0,0.74702,1.0,0.11111,0.01468,0.00654,0.33333,0.0,0.94374,1.0,1.0,0.0,1.0,1.0,0.5,0.45302,0.5,1.0,1.0,0.5,0.5,0.5,0.0,0.0,1.0,1.0,1.0,0.5,0.5,1.0,0.1,0.0,1.0,1.0,1.0,0.0,1.0
0.0,0.0,0.0,0.0,0.3,0.3,0.0016,0.3,0.96667,0.0,1.0,0.0,0.0,0.07,0.05,0.99926,0.0,1.0,1.0,0.71111,1.0,1.0,0.0,0.73904,1.0,0.11111,0.01491,0.00655,0.33333,0.0,0.94374,1.0,1.0,0.0,1.0,1.0,0.5,0.45302,0.5,1.0,1.0,0.5,0.5,0.5,0.0,0.0,1.0,1.0,1.0,0.5,0.5,1.0,0.1,0.0,1.0,1.0,1.0,0.0,1.0
0.5,0.5,0.5,0.5,0.5,0.5,0.03685,0.2,0.1,0.0,1.0,0.0,0.0,0.1,0.0,0.97366,0.0,1.0,1.0,1.0,1.0,0.5,1.0,0.6003,0.85757,0.22222,0.33434,0.20072,0.0,1.0,1.0,0.88889,0.5,0.0,1.0,1.0,0.5,0.5,0.5,1.0,1.0,0.5,0.5,0.5,0.0,0.0,1.0,1.0,1.0,0.5,0.5,1.0,0.1,0.0,1.0,1.0,1.0,0.0,0.5
0.0,0.0,0.0,0.0,0.2,0.2,0.02232,0.2,0.23333,0.0,1.0,0.0,0.0,0.11,0.0,0.99014,0.0,1.0,1.0,1.0,1.0,0.95556,1.0,0.55006,0.7858,0.11111,0.49223,0.37496,0.0,0.0,0.44444,1.0,0.66667,0.0,1.0,1.0,0.5,0.5,0.5,1.0,1.0,0.5,0.5,0.5,0.0,0.0,1.0,1.0,1.0,0.5,0.5,1.0,0.1,0.0,1.0,1.0,1.0,0.5,1.0
0.0,0.0,0.0,0.0,0.2,0.1,0.01163,0.1,0.43333,0.0,1.0,0.0,0.0,0.09,0.0,0.99984,0.0,1.0,1.0,1.0,1.0,1.0,0.0,0.00028,0.00039,0.11111,1.0,1.0,1.0,1.0,1.0,0.88889,0.77778,0.0,1.0,1.0,0.5,0.5,0.5,1.0,1.0,0.5,0.5,0.5,0.0,0.0,1.0,1.0,1.0,0.5,0.5,1.0,0.1,1.0,1.0,1.0,1.0,0.0,1.0
0.0,0.0,0.0,0.0,0.1,0.1,0.0115,0.1,0.5,0.0,1.0,0.0,0.0,0.09,0.0,0.99653,0.0,1.0,1.0,1.0,1.0,1.0,0.0,0.00027,0.00039,0.11111,1.0,1.0,1.0,1.0,1.0,0.88889,1.0,0.0,1.0,1.0,0.5,0.5,0.5,1.0,1.0,0.5,0.5,0.5,0.0,0.0,1.0,1.0,1.0,0.5,0.5,1.0,0.1,1.0,1.0,1.0,1.0,0.0,1.0
0.0,0.5,0.0,0.5,0.1,0.5,0.0115,0.1,0.53333,0.0,1.0,0.0,1.0,0.09,0.0,0.99635,0.0,1.0,1.0,1.0,1.0,1.0,0.0,0.00027,0.00039,0.11111,1.0,1.0,1.0,1.0,1.0,1.0,1.0,0.0,1.0,1.0,0.5,0.5,0.5,1.0,1.0,0.5,0.5,0.5,0.0,0.0,1.0,1.0,1.0,0.5,0.5,1.0,0.1,1.0,1.0,1.0,1.0,1.0,1.0
0.5,0.5,0.5,0.5,0.5,0.5,0.00213,0.4,0.36667,0.0,1.0,0.0,0.0,0.08,0.06,0.99785,0.0,0.95556,0.82222,0.64444,0.84444,0.5,0.0,0.71647,1.0,0.11111,0.04471,0.00772,0.5,0.0,0.8277,0.88889,0.5,0.0,1.0,1.0,0.5,0.5,0.5,1.0,1.0,0.5,0.5,0.5,0.0,0.0,1.0,1.0,1.0,0.5,0.5,1.0,0.1,0.0,1.0,1.0,1.0,0.0,0.5
0.0,0.0,1.0,1.0,0.4,0.6,0.00246,0.8,0.93333,0.0,1.0,0.0,0.0,0.02,0.08,0.0,0.99995,1.0,0.82222,0.68889,1.0,0.68889,1.0,0.77293,1.0,0.11111,0.05745,0.00651,0.875,0.0,0.73556,0.22222,0.77778,0.0,1.0,1.0,0.5,0.5,0.5,1.0,1.0,0.5,0.5,0.5,0.0,0.0,1.0,1.0,1.0,0.77961,0.45636,1.0,0.1,0.0,1.0,0.0,1.0,0.0,1.0
0.0,0.0,1.0,1.0,0.8,0.8,0.00246,0.8,1.0,0.0,1.0,0.0,0.0,0.02,0.08,0.0,0.99995,1.0,0.82222,0.68889,1.0,1.0,1.0,0.77293,1.0,0.11111,0.05745,0.00651,0.875,0.0,0.73534,0.22222,1.0,0.0,1.0,1.0,0.5,0.5,0.5,1.0,1.0,0.5,0.5,0.5,0.0,0.0,1.0,1.0,1.0,0.77961,0.45636,1.0,0.1,0.0,1.0,0.0,1.0,0.0,1.0
0.5,0.5,0.5,0.5,0.5,0.5,0.24318,1.0,0.13333,0.0,1.0,0.0,0.0,0.25,0.05,0.48071,0.0,0.73333,0.68889,0.88889,0.91111,0.5,1.0,0.99781,1.0,0.11111,1.0,1.0,1.0,0.0,0.8,0.77778,0.5,0.0,1.0,1.0,0.5,0.5,0.5,1.0,1.0,0.5,0.5,0.5,0.0,0.0,1.0,1.0,1.0,1.0,1.0,1.0,0.1,0.0,1.0,0.0,1.0,0.0,0.5
1.0,1.0,1.0,1.0,1.0,1.0,0.18782,0.8,0.3,0.0,1.0,0.0,0.0,0.32,0.05,0.0,0.98842,1.0,1.0,0.88889,1.0,0.75556,0.0,0.82296,1.0,0.0,0.9821,0.83568,0.33333,0.0,0.95141,0.88889,0.66667,0.0,1.0,1.0,0.5,0.5,0.5,1.0,1.0,0.5,0.5,0.5,0.0,0.51075,1.0,1.0,1.0,1.0,0.17034,1.0,0.1,0.0,1.0,0.0,1.0,0.66667,1.0
1.0,0.0,1.0,0.0,0.9,0.8,0.0589,0.4,0.7,0.0,1.0,0.0,0.0,0.09,0.04,0.98471,0.0,0.91111,0.91111,0.8,1.0,0.8,1.0,0.8347,1.0,0.0,0.3098,0.19758,0.0,0.0,0.86063,1.0,1.0,0.0,1.0,1.0,0.5,1.0,0.5,1.0,1.0,0.5,0.5,0.5,0.0,0.0,1.0,1.0,1.0,1.0,0.04806,1.0,0.1,0.0,1.0,0.0,1.0,0.0,1.0
0.5,0.5,0.5,0.5,0.5,0.5,0.01279,0.1,0.26667,0.0,1.0,0.0,0.0,0.56,0.01,0.86524,0.0,1.0,1.0,1.0,1.0,0.5,0.0,0.66296,0.94709,0.11111,0.15987,0.08481,0.0,0.0,0.97769,1.0,0.5,0.0,0.9,0.81451,0.19007,0.5,0.02715,1.0,1.0,0.5,0.5,0.5,0.0,1.0,1.0,1.0,1.0,0.5,0.5,1.0,0.1,0.0,1.0,1.0,1.0,1.0,0.5
0.5,0.5,0.5,0.5,0.5,0.5,0.0,0.3,0.4,0.0,1.0,0.0,0.0,0.15,0.07,0.0,0.84548,0.86667,1.0,0.97778,1.0,0.5,1.0,0.73312,1.0,0.11111,0.0,0.0,0.2,0.0,0.92528,0.77778,0.5,0.0,1.0,1.0,0.5,0.5,0.5,1.0,1.0,0.5,0.5,0.5,0.0,0.0,1.0,1.0,1.0,1.0,0.4593,1.0,0.1,0.0,1.0,0.0,1.0,0.8,0.5
1.0,0.5,1.0,0.5,0.3,0.5,9e-05,0.3,0.43333,0.0,1.0,0.0,1.0,0.15,0.07,0.0,0.88103,0.73333,1.0,0.71111,1.0,0.73333,0.0,0.65671,0.93816,0.55556,0.0009,0.00024,0.2,0.0,0.77227,1.0,0.77778,0.0,1.0,1.0,0.5,0.5,0.5,1.0,1.0,0.5,0.5,0.5,0.0,0.0,1.0,1.0,1.0,1.0,0.4593,1.0,0.1,0.0,1.0,0.0,1.0,0.0,1.0
1.0,1.0,1.0,1.0,0.4,0.4,0.0057,0.5,0.56667,0.0,1.0,0.0,0.0,0.13,0.06,0.0,0.98264,0.73333,1.0,0.97778,1.0,0.64444,1.0,0.99971,1.0,0.22222,0.05695,0.01808,0.33333,0.0,0.93388,0.88889,0.66667,0.0,1.0,1.0,0.5,0.5,0.5,1.0,1.0,0.5,0.5,0.5,0.0,0.51707,1.0,1.0,1.0,1.0,0.04866,1.0,0.1,0.0,1.0,0.0,1.0,0.0,1.0
0.0,0.0,0.0,0.0,0.5,0.5,0.00392,0.7,0.8,0.0,1.0,0.0,0.0,0.08,0.06,0.99311,0.0,0.97778,1.0,0.73333,1.0,0.77778,0.0,0.78573,1.0,0.11111,0.02931,0.00987,0.5,0.0,0.66667,0.77778,0.55556,0.0,1.0,1.0,0.5,0.5,0.5,1.0,1.0,0.5,0.5,0.5,0.0,0.50695,1.0,1.0,1.0,1.0,0.04866,1.0,0.1,0.0,1.0,0.0,1.0,0.0,1.0
0.0,0.0,0.0,0.0,0.7,0.7,0.00299,0.7,0.0,0.78947,1.0,0.0,0.0,0.05,0.07,0.98657,0.0,1.0,1.0,0.8,1.0,0.75556,0.0,0.95017,1.0,0.33333,0.01194,0.00778,0.0,0.0,0.9969,0.55556,0.77778,0.0,1.0,1.0,0.5,0.5,0.5,1.0,1.0,0.5,0.5,0.5,0.0,0.0,1.0,1.0,1.0,1.0,1.0,1.0,0.1,0.0,1.0,0.0,1.0,0.0,1.0
0.5,0.5,0.5,0.5,0.5,0.5,0.0,0.4,0.26667,0.0,1.0,0.0,0.0,0.21,0.1,0.97395,0.0,1.0,1.0,0.97778,0.97778,0.5,0.0,0.63173,0.90247,0.11111,0.0,0.0,0.33333,0.0,0.93879,1.0,0.5,0.0,1.0,1.0,0.5,0.5,0.5,1.0,1.0,0.5,0.5,0.5,0.0,0.0,1.0,1.0,1.0,0.5,0.5,1.0,0.1,0.0,1.0,1.0,1.0,0.83333,0.5
1.0,0.0,1.0,0.0,0.3,0.25,0.0,0.6,0.4,0.0,1.0,0.0,0.0,0.09,0.12,0.99042,0.0,1.0,1.0,0.97778,0.97778,1.0,1.0,0.88489,1.0,0.11111,0.0,0.0,0.625,0.0,0.81175,0.77778,0.77778,0.0,1.0,1.0,0.5,0.5,0.5,1.0,1.0,0.5,0.5,0.5,0.0,0.0,1.0,1.0,1.0,0.0,0.17812,1.0,0.1,0.0,1.0,1.0,1.0,0.625,1.0
1.0,0.0,1.0,0.0,0.5,0.3,0.0,0.3,0.0,0.96774,1.0,0.0,0.0,0.02,0.13,0.0,0.99453,1.0,1.0,0.97778,0.97778,1.0,1.0,0.78722,1.0,0.11111,0.0,0.0,0.25,0.0,0.81401,0.77778,1.0,0.0,1.0,1.0,0.5,0.5,0.5,1.0,1.0,0.5,0.5,0.5,0.0,0.0,1.0,1.0,1.0,0.0,0.17812,1.0,0.1,0.0,1.0,1.0,1.0,0.0,1.0
1.0,0.0,1.0,0.0,0.2,0.3,0.0,0.3,0.0,0.88235,1.0,0.0,0.0,0.02,0.13,0.0,0.99697,1.0,1.0,0.97778,0.97778,1.0,1.0,0.78722,1.0,0.11111,0.0,0.0,0.25,0.0,0.81406,0.77778,1.0,0.0,1.0,1.0,0.5,0.5,0.5,1.0,1.0,0.5,0.5,0.5,0.0,0.0,1.0,1.0,1.0,0.0,0.17812,1.0,0.1,0.0,1.0,1.0,1.0,0.0,1.0
0.0,0.0,0.0,0.0,0.3,0.3,0.0,0.3,0.0,0.83333,1.0,0.0,0.0,0.02,0.13,0.0,0.99798,1.0,1.0,0.97778,0.97778,1.0,1.0,0.78722,1.0,0.11111,0.0,0.0,0.25,0.0,0.81408,0.77778,1.0,0.0,1.0,1.0,0.5,0.5,0.5,1.0,1.0,0.5,0.5,0.5,0.0,0.0,1.0,1.0,1.0,0.0,0.17812,1.0,0.1,0.0,1.0,1.0,1.0,0.0,1.0
0.0,0.0,0.0,0.0,0.3,0.3,0.0,0.3,0.0,0.78947,1.0,0.0,0.0,0.02,0.13,0.0,0.99867,1.0,1.0,0.97778,0.97778,1.0,1.0,0.78722,1.0,0.11111,0.0,0.0,0.25,0.0,0.81409,0.77778,1.0,0.0,1.0,1.0,0.5,0.5,0.5,1.0,1.0,0.5,0.5,0.5,0.0,0.0,1.0,1.0,1.0,0.0,0.17812,1.0,0.1,0.0,1.0,1.0,1.0,0.0,1.0
0.0,0.0,0.0,0.0,0.3,0.3,0.0,0.3,0.0,0.75,1.0,0.0,0.0,0.02,0.13,0.0,0.99912,1.0,1.0,0.97778,0.97778,1.0,1.0,0.78722,1.0,0.11111,0.0,0.0,0.25,0.0,0.8141,0.77778,1.0,0.0,1.0,1.0,0.5,0.5,0.5,1.0,1.0,0.5,0.5,0.5,0.0,0.0,1.0,1.0,1.0,0.0,0.17812,1.0,0.1,0.0,1.0,1.0,1.0,0.0,1.0
0.5,0.5,0.5,0.5,0.5,0.5,0.00274,0.1,0.1,0.0,1.0,0.0,0.0,0.35,0.02,0.31222,0.0,0.93333,0.91111,0.97778,1.0,0.5,1.0,0.99093,1.0,0.11111,0.02769,0.01251,0.0,0.0,0.82544,1.0,0.5,0.8,0.8,0.80688,0.05392,0.5,0.26959,1.0,1.0,0.5,0.5,0.5,1.0,0.0,0.2,1.0,1.0,0.5,0.5,1.0,0.1,0.0,1.0,1.0,1.0,0.83333,0.5
0.0,0.0,0.0,0.0,0.1,0.1,2e-05,0.2,0.0,0.90909,1.0,0.0,0.0,0.04,0.13,0.0,0.99525,1.0,1.0,0.73333,1.0,0.73333,0.0,0.75614,1.0,0.11111,0.00027,4e-05,0.16667,0.0,0.85737,0.77778,0.77778,1.0,1.0,1.0,0.5,0.5,0.5,1.0,1.0,0.0,0.152,0.023,0.01003,0.0,0.0,1.0,1.0,0.0,0.228,1.0,0.0,0.0,1.0,1.0,1.0,0.0,1.0
0.0,0.0,0.0,0.0,0.1,0.1,1e-05,0.1,0.0,0.85714,1.0,0.0,0.0,0.04,0.13,0.0,0.99569,1.0,1.0,0.73333,1.0,1.0,1.0,0.85802,1.0,0.11111,0.00016,2e-05,0.0,0.0,0.85958,0.77778,0.77778,1.0,1.0,1.0,0.5,0.5,0.5,1.0,1.0,0.0,0.0,0.76697,0.00146,0.06708,0.0,1.0,1.0,0.0,0.0,1.0,0.0,0.0,1.0,1.0,1.0,0.0,1.0
0.0,0.0,0.0,0.0,0.1,0.3,1e-05,0.3,0.0,0.78947,1.0,0.0,0.0,0.04,0.14,0.0,0.99818,1.0,1.0,0.73333,1.0,1.0,1.0,0.77141,1.0,0.11111,0.00013,2e-05,0.33333,0.0,0.85727,0.77778,0.77778,0.0,1.0,1.0,0.5,0.5,0.5,1.0,1.0,0.0,0.0,0.72709,0.0,0.0,1.0,1.0,1.0,0.0,0.0,1.0,0.1,0.0,1.0,1.0,1.0,0.0,1.0
0.5,0.5,0.5,0.5,0.5,0.5,0.06893,0.4,0.16667,0.0,1.0,0.0,0.0,0.12,0.05,0.87723,0.0,0.95556,0.88889,0.95556,1.0,0.5,1.0,0.57788,0.82554,0.22222,0.85094,0.74056,0.0,0.0,1.0,0.88889,0.5,0.0,0.8,0.6969,0.0,0.5,0.0,1.0,1.0,0.5,0.5,0.5,0.0,0.0,1.0,1.0,1.0,1.0,1.0,1.0,0.1,0.0,1.0,0.0,1.0,0.0,0.5
0.0,0.0,0.0,0.0,0.2,0.1,0.0,0.1,0.23333,0.0,1.0,0.0,0.0,0.08,0.05,0.94698,0.0,1.0,0.95556,0.95556,0.97778,1.0,1.0,0.57328,0.81898,0.11111,0.0,0.0,0.0,0.0,1.0,0.88889,0.88889,1.0,1.0,1.0,0.5,0.25267,0.5,1.0,1.0,0.5,0.5,0.5,0.0,0.0,1.0,1.0,1.0,1.0,1.0,0.0,0.2,1.0,1.0,1.0,1.0,0.0,1.0
0.0,1.0,0.0,1.0,0.15,0.2,0.0,0.1,0.33333,0.0,1.0,0.0,0.0,0.08,0.05,0.99753,0.0,1.0,0.95556,0.95556,0.97778,1.0,0.0,0.5698,0.81401,0.11111,0.0,0.0,0.0,0.0,0.66667,0.77778,0.77778,1.0,1.0,1.0,0.5,0.25267,0.5,1.0,1.0,0.5,0.5,0.5,0.0,0.0,1.0,1.0,1.0,1.0,1.0,0.0,0.1,0.5,0.0,1.0,1.0,0.0,1.0
0.0,0.0,0.0,0.0,0.15,0.15,0.0,0.2,0.76667,0.0,1.0,0.0,0.0,0.07,0.05,0.99998,0.0,1.0,0.95556,0.95556,1.0,1.0,1.0,0.66411,0.94872,0.11111,0.0,0.0,0.5,0.0,0.56162,0.77778,0.77778,0.0,1.0,1.0,0.5,0.25267,0.5,1.0,1.0,0.5,0.5,0.5,0.0,0.0,1.0,1.0,1.0,1.0,1.0,1.0,0.1,0.0,1.0,0.0,1.0,0.0,1.0
0.0,0.0,0.0,0.0,0.2,0.2,0.0,0.2,0.83333,0.0,1.0,0.0,0.0,0.07,0.05,0.99999,0.0,1.0,0.95556,0.95556,1.0,1.0,1.0,0.66411,0.94872,0.11111,0.0,0.0,0.5,0.0,0.56274,0.77778,1.0,0.0,1.0,1.0,0.5,0.25267,0.5,1.0,1.0,0.5,0.5,0.5,0.0,0.0,1.0,1.0,1.0,1.0,1.0,1.0,0.1,0.0,1.0,0.0,1.0,0.0,1.0
1.0,0.0,1.0,1.0,0.2,0.2,0.0,0.2,0.9,0.0,1.0,0.0,0.0,0.07,0.05,0.99999,0.0,1.0,0.95556,0.95556,1.0,1.0,1.0,0.66411,0.94872,0.11111,0.0,0.0,0.5,0.0,0.5632,0.77778,1.0,0.0,1.0,1.0,0.5,0.25267,0.5,1.0,1.0,0.5,0.5,0.5,0.0,0.0,1.0,1.0,1.0,1.0,1.0,1.0,0.1,0.0,1.0,0.0,1.0,0.0,1.0
0.0,1.0,1.0,1.0,0.2,0.2,0.0,0.2,0.0,0.9375,1.0,0.0,0.0,0.07,0.05,1.0,0.0,1.0,0.95556,0.95556,1.0,1.0,1.0,0.66411,0.94872,0.11111,0.0,0.0,0.5,0.0,0.56324,1.0,1.0,0.0,1.0,1.0,0.5,0.25267,0.5,1.0,1.0,0.5,0.5,0.5,0.0,0.0,1.0,1.0,1.0,1.0,1.0,1.0,0.1,0.0,1.0,0.0,1.0,0.0,1.0
1.0,1.0,1.0,1.0,0.2,0.2,0.0,0.2,0.0,0.88235,1.0,0.0,0.0,0.07,0.05,1.0,0.0,1.0,0.95556,0.95556,1.0,1.0,1.0,0.66411,0.94872,0.11111,0.0,0.0,0.5,0.0,0.56327,1.0,1.0,0.0,1.0,1.0,0.5,0.25267,0.5,1.0,1.0,0.5,0.5,0.5,0.0,0.0,1.0,1.0,1.0,1.0,1.0,1.0,0.1,0.0,1.0,0.0,1.0,0.0,1.0
0.0,0.0,0.0,0.0,0.2,0.2,0.0,0.2,0.0,0.83333,1.0,0.0,0.0,0.07,0.05,1.0,0.0,1.0,0.95556,0.95556,1.0,1.0,1.0,0.66411,0.94872,0.11111,0.0,0.0,0.5,0.0,0.56329,1.0,1.0,0.0,1.0,1.0,0.5,0.25267,0.5,1.0,1.0,0.5,0.5,0.5,0.0,0.0,1.0,1.0,1.0,1.0,1.0,1.0,0.1,0.0,1.0,0.0,1.0,0.0,1.0
0.0,0.0,0.0,0.0,0.2,0.2,0.0,0.2,0.0,0.78947,1.0,0.0,0.0,0.07,0.05,1.0,0.0,1.0,0.95556,0.95556,1.0,1.0,1.0,0.66411,0.94872,0.11111,0.0,0.0,0.5,0.0,0.5633,1.0,1.0,0.0,1.0,1.0,0.5,0.25267,0.5,1.0,1.0,0.5,0.5,0.5,0.0,0.0,1.0,1.0,1.0,1.0,1.0,1.0,0.1,0.0,1.0,0.0,1.0,0.0,1.0
0.5,0.5,0.5,0.5,0.5,0.5,0.0,0.2,0.4,0.0,1.0,0.0,0.0,0.04,0.1,0.0,0.98404,0.88889,1.0,0.71111,1.0,0.5,1.0,0.8454,1.0,0.11111,0.0,0.0,0.33333,0.0,0.72337,1.0,0.5,0.0,1.0,1.0,0.5,0.5,0.5,1.0,1.0,0.5,0.5,0.5,0.0,0.0,1.0,1.0,1.0,1.0,1.0,1.0,0.1,0.0,1.0,0.0,1.0,0.33333,0.5
0.0,0.0,1.0,0.0,0.1,0.15,0.0,0.2,0.83333,0.0,1.0,0.0,0.0,0.03,0.12,0.0,0.99871,1.0,1.0,0.6,0.95556,0.88889,1.0,0.85013,1.0,0.11111,0.0,0.0,0.0,0.0,0.72301,0.55556,1.0,0.0,1.0,1.0,0.5,0.5,0.5,1.0,1.0,0.5,0.5,0.5,0.0,0.0,1.0,1.0,1.0,1.0,1.0,1.0,0.1,0.0,1.0,0.0,1.0,0.0,1.0
0.0,0.0,0.0,0.0,0.2,0.2,0.0,0.2,0.0,0.96774,1.0,0.0,0.0,0.03,0.12,0.0,0.99962,1.0,1.0,0.6,0.95556,1.0,1.0,0.85014,1.0,0.11111,0.0,0.0,0.0,0.0,0.723,0.55556,1.0,0.0,1.0,1.0,0.5,0.5,0.5,1.0,1.0,0.5,0.5,0.5,0.0,0.0,1.0,1.0,1.0,1.0,1.0,1.0,0.1,0.0,1.0,0.0,1.0,0.0,1.0
1.0,0.0,1.0,1.0,0.2,0.2,0.0,0.2,0.0,0.90909,1.0,0.0,0.0,0.03,0.12,0.0,0.99975,1.0,1.0,0.6,0.95556,1.0,1.0,0.85014,1.0,0.11111,0.0,0.0,0.0,0.0,0.723,0.55556,1.0,0.0,1.0,1.0,0.5,0.5,0.5,1.0,1.0,0.5,0.5,0.5,0.0,0.0,1.0,1.0,1.0,1.0,1.0,1.0,0.1,0.0,1.0,0.0,1.0,0.0,1.0
0.0,0.0,0.0,0.0,0.2,0.2,0.0,0.2,0.0,0.85714,1.0,0.0,0.0,0.03,0.12,0.0,0.99984,1.0,1.0,0.6,1.0,1.0,1.0,0.85015,1.0,0.11111,0.0,0.0,0.0,0.0,0.723,1.0,1.0,0.0,1.0,1.0,0.5,0.5,0.5,1.0,1.0,0.5,0.5,0.5,0.0,0.0,1.0,1.0,1.0,1.0,1.0,1.0,0.1,0.0,1.0,0.0,1.0,0.0,1.0
0.5,0.5,0.5,0.5,0.5,0.5,0.0,0.3,1.0,0.0,1.0,0.0,0.0,0.01,0.08,0.0,0.99772,1.0,1.0,0.77778,1.0,0.5,1.0,0.79901,1.0,1.0,0.0,0.0,0.33333,0.0,0.75,0.0,0.5,0.0,1.0,1.0,0.5,0.5,0.5,1.0,1.0,0.5,0.5,0.5,0.0,0.0,1.0,1.0,1.0,1.0,1.0,1.0,0.1,0.0,1.0,0.0,1.0,0.0,0.5
1.0,0.0,1.0,0.0,0.3,0.3,0.0,0.3,0.0,0.9375,1.0,0.0,0.0,0.01,0.08,0.0,0.99849,1.0,1.0,0.77778,1.0,1.0,1.0,0.79901,1.0,1.0,0.0,0.0,0.33333,0.0,0.75,1.0,1.0,0.0,1.0,1.0,0.5,0.5,0.5,1.0,1.0,0.5,0.5,0.5,0.0,0.0,1.0,1.0,1.0,1.0,1.0,1.0,0.1,0.0,1.0,0.0,1.0,0.66667,1.0
0.5,0.5,0.5,0.5,0.5,0.5,0.01449,0.1,0.1,0.0,1.0,0.0,0.0,0.2,0.02,0.43048,0.0,0.82222,0.93333,0.88889,1.0,0.5,0.0,0.72164,1.0,0.22222,0.18574,0.09392,0.0,0.0,0.90554,1.0,0.5,0.0,0.9,0.95768,0.30458,0.5,0.60916,1.0,1.0,0.5,0.5,0.5,0.0,0.0,1.0,1.0,1.0,0.5,0.5,1.0,0.1,0.0,1.0,1.0,1.0,0.25,0.5
0.5,0.5,0.5,0.5,0.5,0.5,0.10185,0.93333,0.1,0.0,0.0,0.66667,0.0,0.51111,0.0,1.0,0.0,0.58095,0.58095,1.0,1.0,0.5,0.0,0.61299,0.8757,0.14286,1.0,1.0,1.0,0.0,0.91996,0.28571,0.5,0.0,1.0,1.0,0.5,0.5,0.5,1.0,1.0,0.5,0.5,0.5,0.0,0.0,1.0,1.0,1.0,0.5,0.5,1.0,0.06667,0.0,1.0,1.0,1.0,0.66667,0.5
1.0,1.0,1.0,0.0,1.0,0.93333,0.09659,0.93333,0.16667,0.0,0.0,0.66667,0.0,0.4,0.00444,0.3315,0.0,0.92381,1.0,0.92381,1.0,0.75238,0.0,0.57492,0.82131,0.07143,1.0,1.0,1.0,0.0,0.97683,1.0,0.92857,0.0,1.0,1.0,0.5,0.5,0.5,1.0,1.0,0.5,0.5,0.5,0.0,0.0,1.0,1.0,1.0,1.0,0.2,1.0,0.06667,0.0,1.0,0.0,1.0,1.0,1.0
1.0,0.5,1.0,0.5,0.93333,0.5,0.10041,0.93333,0.2,0.0,0.0,0.66667,1.0,0.37778,0.00444,0.59274,0.0,1.0,1.0,0.92381,1.0,1.0,0.0,0.57174,0.81677,0.07143,1.0,1.0,1.0,0.0,1.0,1.0,1.0,0.0,1.0,1.0,0.5,0.5,0.5,1.0,1.0,0.5,0.5,0.5,0.0,0.0,1.0,1.0,1.0,1.0,0.2,1.0,0.06667,0.0,1.0,0.0,1.0,0.0,1.0
1.0,0.5,1.0,0.5,0.93333,0.5,0.10051,0.93333,0.23333,0.0,0.0,0.66667,1.0,0.35556,0.00444,0.72554,0.0,0.91429,1.0,0.95238,1.0,0.91429,1.0,0.71166,1.0,0.07143,1.0,1.0,1.0,0.0,0.98153,1.0,0.78571,0.0,1.0,1.0,0.5,0.5,0.5,1.0,1.0,0.5,0.5,0.5,0.0,0.0,1.0,1.0,1.0,1.0,0.2,1.0,0.06667,0.0,1.0,0.0,1.0,0.0,1.0
0.0,0.0,0.0,0.0,0.93333,0.73333,0.08456,0.73333,0.3,0.0,0.0,0.66667,0.0,0.32,0.00444,0.93263,0.0,1.0,1.0,0.95238,1.0,0.92381,0.0,0.53307,0.76153,0.07143,1.0,1.0,1.0,0.0,1.0,1.0,0.71429,0.0,1.0,1.0,0.5,0.5,0.5,1.0,1.0,0.5,0.5,0.5,0.0,0.0,1.0,1.0,1.0,1.0,0.2,1.0,0.06667,0.0,1.0,0.0,1.0,1.0,1.0
0.0,0.0,0.0,0.0,0.6,0.4,0.06096,0.4,0.36667,0.0,0.0,0.66667,0.0,0.37333,0.00444,0.99742,0.0,1.0,1.0,1.0,1.0,1.0,0.0,0.53047,0.75781,0.07143,1.0,1.0,1.0,0.0,1.0,0.85714,0.85714,0.0,1.0,1.0,0.5,0.5,0.5,1.0,1.0,0.5,0.5,0.5,0.0,0.0,1.0,1.0,1.0,1.0,0.2,1.0,0.06667,0.0,1.0,0.0,1.0,0.0,1.0
0.0,0.0,0.0,0.0,0.4,0.33333,0.04901,0.33333,0.43333,0.0,0.0,0.66667,0.0,0.36889,0.00444,0.9965,0.0,1.0,1.0,1.0,1.0,1.0,1.0,0.53095,0.7585,0.07143,1.0,1.0,1.0,0.0,1.0,0.92857,1.0,0.0,1.0,1.0,0.5,0.5,0.5,1.0,1.0,0.5,0.5,0.5,0.0,0.0,1.0,1.0,1.0,1.0,0.2,1.0,0.06667,0.0,1.0,0.0,1.0,0.0,1.0
0.0,0.0,0.0,0.0,0.33333,0.33333,0.04097,0.33333,0.5,0.0,0.0,0.66667,0.0,0.36,0.00444,0.99123,0.0,1.0,1.0,1.0,1.0,1.0,0.0,0.5289,0.75557,0.07143,1.0,1.0,1.0,0.0,1.0,0.92857,1.0,0.0,1.0,1.0,0.5,0.5,0.5,1.0,1.0,0.5,0.5,0.5,0.0,0.0,1.0,1.0,1.0,1.0,0.2,1.0,0.06667,0.0,1.0,0.0,1.0,0.0,1.0
0.0,0.0,0.0,0.0,0.26667,0.26667,0.03078,0.26667,0.56667,0.0,0.0,0.66667,0.0,0.35556,0.00444,0.9914,0.0,1.0,1.0,1.0,1.0,1.0,1.0,0.54178,0.77398,0.07143,0.71991,0.56239,0.0,0.0,1.0,0.85714,0.85714,0.0,1.0,1.0,0.5,0.5,0.5,1.0,1.0,0.5,0.5,0.5,0.0,0.0,1.0,1.0,1.0,1.0,0.2,1.0,0.06667,0.0,1.0,0.0,1.0,0.0,1.0
0.5,0.5,0.5,0.5,0.5,0.5,0.11168,0.93333,0.1,0.0,0.0,0.66667,0.0,0.48444,0.0,0.95682,0.0,0.89524,1.0,1.0,1.0,0.5,0.0,0.60622,0.86603,0.07143,1.0,0.95443,0.66667,0.0,0.99616,1.0,0.5,0.0,1.0,1.0,0.5,0.5,0.5,1.0,1.0,0.5,0.5,0.5,0.0,0.0,1.0,1.0,1.0,0.5,0.5,1.0,0.06667,0.0,1.0,1.0,1.0,0.66667,0.5
1.0,1.0,1.0,0.0,1.0,1.0,0.08222,0.66667,0.6,0.0,0.0,0.66667,0.0,0.42222,0.03556,0.94055,0.0,1.0,1.0,1.0,1.0,0.86667,0.0,0.65333,0.93333,0.07143,1.0,0.78145,0.5,0.0,0.97987,0.92857,0.92857,0.0,1.0,1.0,0.5,0.5,0.5,1.0,1.0,0.5,0.5,0.5,0.0,0.0,1.0,1.0,1.0,0.85676,0.6375,1.0,0.06667,0.0,1.0,0.0,1.0,0.75,1.0
1.0,0.5,1.0,0.5,0.8,0.5,0.09298,0.8,0.63333,0.0,0.0,0.66667,1.0,0.41333,0.03556,0.96645,0.0,1.0,1.0,1.0,1.0,1.0,0.0,0.65012,0.92874,0.07143,1.0,0.96805,0.75,0.0,0.98227,1.0,1.0,0.0,1.0,1.0,0.5,0.5,0.5,1.0,1.0,0.5,0.5,0.5,0.0,0.0,1.0,1.0,1.0,0.85676,0.6375,1.0,0.06667,0.0,1.0,0.0,1.0,0.0,1.0
1.0,0.5,1.0,0.5,0.86667,0.5,0.09677,0.86667,0.66667,0.0,0.0,0.66667,1.0,0.42667,0.04,0.98369,0.0,1.0,1.0,1.0,1.0,1.0,0.0,0.64748,0.92497,0.07143,1.0,1.0,1.0,0.0,0.98404,1.0,1.0,0.0,1.0,1.0,0.5,0.5,0.5,1.0,1.0,0.5,0.5,0.5,0.0,0.0,1.0,1.0,1.0,0.85676,0.6375,1.0,0.06667,0.0,1.0,0.0,1.0,0.0,1.0
0.5,0.5,0.5,0.5,0.5,0.5,0.02332,0.13333,0.13333,0.0,0.0,0.66667,0.0,0.07111,0.0,0.99138,0.0,1.0,1.0,1.0,1.0,0.5,1.0,0.55185,0.78836,0.07143,0.59323,0.48508,0.0,0.0,0.5625,0.92857,0.5,0.0,1.0,1.0,0.5,0.5,0.5,1.0,1.0,0.5,0.5,0.5,0.0,0.0,1.0,1.0,1.0,0.5,0.5,1.0,0.06667,0.0,1.0,1.0,1.0,0.33333,0.5
0.0,0.0,0.0,0.0,0.13333,0.13333,0.01949,0.13333,0.23333,0.0,0.0,0.66667,0.0,0.06667,0.0,0.0,0.99871,0.97143,0.93333,1.0,1.0,0.94286,1.0,0.54137,0.77339,0.07143,0.69556,0.40937,0.33333,0.0,0.42188,1.0,0.71429,0.0,1.0,1.0,0.5,0.5,0.5,1.0,1.0,0.5,0.5,0.5,0.0,0.0,1.0,1.0,1.0,0.5,0.5,1.0,0.06667,0.0,1.0,1.0,1.0,0.66667,1.0
0.0,0.0,0.0,0.0,0.13333,0.06667,0.01237,0.06667,0.36667,0.0,0.0,0.66667,0.0,0.06667,0.0,0.9994,0.0,0.98095,0.98095,1.0,1.0,0.98095,0.0,0.53613,0.7659,0.14286,0.31925,0.18994,0.0,1.0,1.0,0.85714,0.71429,0.0,1.0,1.0,0.5,0.5,0.5,1.0,1.0,0.5,0.5,0.5,0.0,0.0,1.0,1.0,1.0,0.5,0.5,1.0,0.06667,0.0,1.0,1.0,1.0,0.0,1.0
0.0,0.0,0.0,0.0,0.06667,0.06667,0.01225,0.06667,0.43333,0.0,0.0,0.66667,0.0,0.06667,0.0,0.99616,0.0,1.0,0.98095,1.0,1.0,1.0,0.0,0.52328,0.74755,0.14286,0.40737,0.25579,0.0,1.0,1.0,0.92857,0.85714,0.0,1.0,1.0,0.5,0.5,0.5,1.0,1.0,0.5,0.5,0.5,0.0,0.0,1.0,1.0,1.0,0.5,0.5,1.0,0.06667,0.0,1.0,1.0,1.0,0.0,1.0
0.5,0.5,0.5,0.5,0.5,0.5,0.03446,0.26667,0.06667,0.0,0.0,0.66667,0.0,0.36889,0.0,0.5,0.5,0.67619,0.45714,1.0,1.0,0.5,1.0,0.78215,1.0,0.07143,0.60251,0.28122,0.375,0.0,0.77959,0.85714,0.5,0.0,1.0,1.0,0.5,0.5,0.5,1.0,1.0,0.5,0.5,0.5,0.5,0.5,1.0,1.0,1.0,0.5,0.5,1.0,0.06667,0.0,1.0,1.0,1.0,0.125,0.5
1.0,1.0,1.0,1.0,0.26667,0.26667,0.03575,0.2,0.16667,0.0,0.0,0.66667,0.0,0.32889,0.00889,0.64512,0.0,1.0,1.0,1.0,1.0,0.92381,1.0,0.88567,1.0,0.07143,0.58593,0.30981,0.22222,0.0,0.83593,0.92857,0.92857,0.0,1.0,1.0,0.5,0.5,0.5,1.0,1.0,0.5,0.5,0.5,0.0,0.0,1.0,1.0,1.0,0.5,0.5,1.0,0.06667,0.0,1.0,1.0,1.0,0.88889,1.0
1.0,0.0,1.0,0.0,0.26667,0.2,0.03064,0.2,0.26667,0.0,0.0,0.66667,0.0,0.24,0.03111,0.9381,0.0,1.0,1.0,0.88571,1.0,0.88571,1.0,0.93949,1.0,0.07143,0.42269,0.27573,0.125,0.0,0.89296,0.85714,0.78571,0.0,1.0,1.0,0.5,0.5,0.5,1.0,1.0,0.5,0.5,0.5,0.0,1.0,1.0,1.0,1.0,0.5,0.5,1.0,0.06667,0.0,1.0,1.0,1.0,0.625,1.0
1.0,1.0,1.0,1.0,0.33333,0.46667,0.04223,0.4,0.46667,0.0,0.0,0.66667,0.0,0.18667,0.04444,0.98898,0.0,1.0,0.85714,0.75238,1.0,0.74286,1.0,0.98149,1.0,0.07143,0.36951,0.28914,0.0,0.0,0.95029,1.0,0.78571,0.0,1.0,1.0,0.5,0.5,0.5,1.0,1.0,0.5,0.5,0.5,0.0,0.0,1.0,1.0,1.0,0.5,0.5,1.0,0.06667,0.0,1.0,1.0,1.0,0.6,1.0
1.0,1.0,1.0,1.0,0.46667,0.46667,0.05569,0.46667,0.56667,0.0,0.0,0.66667,0.0,0.17333,0.04889,0.96789,0.0,1.0,1.0,0.65714,1.0,0.85714,1.0,0.99679,1.0,0.07143,0.47899,0.33568,0.0,0.0,0.94326,0.85714,1.0,0.0,1.0,1.0,0.5,0.5,0.5,1.0,1.0,0.5,0.5,0.5,0.0,0.0,1.0,1.0,1.0,0.5,0.5,1.0,0.06667,0.0,1.0,1.0,1.0,0.6,1.0
0.5,0.5,0.5,0.5,0.5,0.5,0.12936,1.0,0.13333,0.0,0.0,0.66667,0.0,0.18667,0.03556,0.81107,0.0,0.7619,1.0,0.71429,0.90476,0.5,0.0,0.62251,0.8893,0.21429,1.0,1.0,1.0,0.0,0.93793,1.0,0.5,0.0,1.0,1.0,0.5,0.5,0.5,1.0,1.0,0.5,0.5,0.5,0.0,0.0,1.0,1.0,1.0,0.5,0.5,1.0,0.06667,0.0,1.0,1.0,1.0,0.5,0.5
1.0,0.5,1.0,0.5,1.0,0.5,0.13573,1.0,0.16667,0.0,0.0,0.66667,1.0,0.22222,0.04,0.94322,0.0,0.92381,1.0,0.66667,1.0,0.92381,1.0,0.92182,1.0,0.42857,1.0,1.0,1.0,0.0,0.89872,1.0,0.71429,0.36667,1.0,1.0,0.5,0.5,0.5,1.0,1.0,0.5,0.5,0.5,0.59676,0.0,0.63333,1.0,1.0,0.5,0.5,1.0,0.06667,0.0,1.0,1.0,1.0,0.0,1.0
1.0,0.0,1.0,0.0,1.0,1.0,0.07651,0.66667,0.36667,0.0,0.0,0.66667,0.0,0.15556,0.04444,0.96935,0.0,0.79048,1.0,0.68571,0.66667,0.79048,0.0,0.91693,1.0,0.21429,0.84874,0.47476,0.5,0.0,0.94513,0.71429,1.0,0.0,1.0,1.0,0.5,0.5,0.5,1.0,1.0,0.0,0.22061,0.99093,0.0,0.0,1.0,1.0,1.0,0.0,0.22061,1.0,0.06667,0.0,1.0,1.0,1.0,0.5,1.0
0.5,0.5,0.5,0.5,0.5,0.5,0.10786,0.93333,0.2,0.0,0.0,0.66667,0.0,0.2,0.04444,0.92134,0.0,0.88571,0.95238,0.79048,1.0,0.5,1.0,0.78132,1.0,0.07143,1.0,0.97935,0.8,0.0,0.78628,1.0,0.5,0.0,1.0,1.0,0.5,0.5,0.5,1.0,1.0,0.5,0.5,0.5,0.0,0.0,1.0,1.0,1.0,0.5,0.5,1.0,0.06667,0.0,1.0,1.0,1.0,0.4,0.5
1.0,0.5,1.0,0.5,1.0,0.5,0.13691,1.0,0.23333,0.0,0.0,0.66667,1.0,0.21333,0.05333,0.91072,0.0,0.92381,0.86667,0.82857,1.0,0.92381,0.0,0.76204,1.0,0.07143,1.0,1.0,1.0,0.0,0.80041,1.0,1.0,0.0,1.0,1.0,0.5,0.5,0.5,1.0,1.0,0.5,0.5,0.5,0.0,0.0,1.0,1.0,1.0,0.5,0.5,1.0,0.06667,0.0,1.0,1.0,1.0,0.0,1.0
1.0,1.0,1.0,1.0,1.0,1.0,0.12858,0.93333,0.36667,0.0,0.0,0.66667,0.0,0.18667,0.06222,0.99856,0.0,1.0,1.0,0.84762,1.0,0.74286,0.0,0.60495,0.86422,0.14286,1.0,1.0,1.0,0.0,1.0,0.92857,0.85714,0.0,1.0,1.0,0.5,0.5,0.5,1.0,1.0,0.5,0.5,0.5,0.0,0.0,1.0,1.0,1.0,0.63101,0.41428,1.0,0.06667,0.0,1.0,0.0,1.0,0.66667,1.0
0.5,0.5,0.5,0.5,0.5,0.5,0.11997,0.86667,0.16667,0.0,0.0,0.66667,0.0,0.29778,0.01333,0.83962,0.0,0.97143,0.97143,1.0,1.0,0.5,0.0,0.66853,0.95504,0.07143,1.0,0.99359,0.66667,0.0,0.92424,0.85714,0.5,0.0,1.0,1.0,0.5,0.5,0.5,1.0,1.0,0.5,0.5,0.5,0.0,0.0,1.0,1.0,1.0,0.5,0.5,1.0,0.06667,0.0,1.0,1.0,1.0,0.66667,0.5
1.0,1.0,1.0,1.0,0.93333,0.93333,0.14225,0.86667,0.5,0.0,0.0,0.66667,0.0,0.14222,0.02667,0.0,0.95793,1.0,1.0,0.86667,0.85714,0.85714,1.0,0.98122,1.0,0.5,1.0,0.75376,0.75,0.0,0.98142,0.5,0.5,0.0,1.0,1.0,0.5,0.5,0.5,1.0,1.0,0.5,0.5,0.5,0.0,0.0,1.0,1.0,1.0,1.0,0.61405,1.0,0.06667,0.0,1.0,0.0,1.0,0.0,1.0
1.0,0.0,0.0,0.0,0.8,0.73333,0.12568,0.73333,0.56667,0.0,0.0,0.66667,0.0,0.15556,0.02667,0.0,0.99199,1.0,1.0,0.58095,0.85714,1.0,1.0,0.95301,1.0,0.5,0.94501,0.59208,0.25,0.0,0.9776,0.64286,0.85714,0.0,1.0,1.0,0.5,0.5,0.5,1.0,1.0,0.5,0.5,0.5,0.0,0.0,1.0,1.0,1.0,1.0,0.61405,1.0,0.06667,0.0,1.0,0.0,1.0,0.0,1.0
1.0,0.5,0.0,0.5,0.73333,0.5,0.12434,0.73333,0.6,0.0,0.0,0.66667,1.0,0.15111,0.02667,0.99645,0.0,1.0,1.0,0.58095,1.0,1.0,1.0,0.97681,1.0,0.5,0.91086,0.57838,0.25,0.0,0.97936,1.0,1.0,0.0,1.0,1.0,0.5,0.5,0.5,1.0,1.0,0.5,0.5,0.5,0.0,0.0,1.0,1.0,1.0,1.0,0.61405,1.0,0.06667,0.0,1.0,0.0,1.0,0.0,1.0
1.0,0.5,1.0,0.5,0.8,0.5,0.1289,0.8,0.63333,0.0,0.0,0.66667,1.0,0.15111,0.01778,0.9689,0.0,0.89524,1.0,0.68571,1.0,0.89524,0.0,0.87463,1.0,0.35714,0.91182,0.44071,0.4,0.0,0.97607,1.0,0.92857,0.0,1.0,1.0,0.5,0.5,0.5,1.0,1.0,0.5,0.5,0.5,0.0,0.0,1.0,1.0,1.0,1.0,0.61405,1.0,0.06667,0.0,1.0,0.0,1.0,0.0,1.0
0.5,0.5,0.5,0.5,0.5,0.5,0.11668,0.93333,0.13333,0.0,0.0,0.66667,0.0,0.23556,0.00889,0.72474,0.0,1.0,0.77143,1.0,1.0,0.5,0.0,0.58405,0.83435,0.07143,1.0,1.0,1.0,0.0,1.0,0.92857,0.5,0.0,1.0,1.0,0.5,0.5,0.5,1.0,1.0,0.5,0.5,0.5,0.0,0.0,1.0,1.0,1.0,0.5,0.5,1.0,0.06667,0.0,1.0,1.0,1.0,0.0,0.5
0.0,0.0,0.0,0.0,0.8,0.73333,0.10124,0.66667,0.23333,0.0,0.0,0.66667,0.0,0.18667,0.02222,0.94024,0.0,0.88571,1.0,0.99048,1.0,0.99048,0.0,0.85688,1.0,0.71429,1.0,0.80613,0.55556,0.0,0.90442,0.35714,0.42857,0.0,1.0,1.0,0.5,0.5,0.5,1.0,1.0,0.5,0.5,0.5,0.0,0.0,1.0,1.0,1.0,1.0,0.09771,1.0,0.06667,0.0,1.0,0.0,1.0,0.11111,1.0
0.0,0.0,0.0,0.0,0.6,0.6,0.03684,0.53333,0.36667,0.0,0.0,0.66667,0.0,0.15556,0.02667,0.0,0.95663,0.42857,0.54286,0.61905,1.0,0.42857,0.0,0.57015,0.8145,0.21429,1.0,0.44979,0.75,0.0,0.85221,1.0,0.5,0.0,0.93333,0.85278,0.1127,0.5,0.31932,1.0,1.0,0.5,0.5,0.5,0.0,1.0,1.0,1.0,1.0,0.19162,0.38853,1.0,0.06667,0.0,1.0,0.0,1.0,0.5,1.0
0.5,0.5,0.5,0.5,0.5,0.5,0.09529,0.8,0.06667,0.0,0.0,0.66667,0.0,0.07111,0.0,0.5,0.5,0.9619,0.92381,1.0,1.0,0.5,1.0,0.55252,0.78932,0.21429,1.0,1.0,1.0,0.0,0.5625,0.78571,0.5,0.0,1.0,1.0,0.5,0.5,0.5,1.0,1.0,0.5,0.5,0.5,0.5,0.5,1.0,1.0,1.0,0.5,0.5,1.0,0.06667,0.0,1.0,1.0,1.0,0.66667,0.5
0.5,0.5,0.5,0.5,0.5,0.5,0.08741,0.86667,0.1,0.0,0.0,0.66667,0.0,0.22667,0.00889,0.36838,0.0,0.62857,0.69524,0.62857,1.0,0.5,0.0,0.85794,1.0,0.07143,1.0,0.92622,0.875,0.0,0.82984,0.92857,0.5,0.0,1.0,1.0,0.5,0.5,0.5,1.0,1.0,0.5,0.5,0.5,0.0,0.0,1.0,1.0,1.0,0.5,0.5,1.0,0.06667,0.0,1.0,1.0,1.0,0.25,0.5
1.0,1.0,1.0,1.0,0.93333,0.93333,0.13059,0.86667,0.46667,0.0,0.0,0.66667,0.0,0.18222,0.08889,0.0,0.96188,0.6381,0.82857,0.68571,1.0,0.74286,1.0,0.94791,1.0,0.21429,1.0,0.82719,0.6,0.0,0.958,0.85714,0.64286,0.0,1.0,1.0,0.5,0.5,0.5,1.0,1.0,0.5,0.5,0.5,0.0,0.0,1.0,1.0,1.0,1.0,0.5997,1.0,0.06667,0.0,1.0,0.0,1.0,0.6,1.0
1.0,1.0,1.0,1.0,0.86667,0.86667,0.13925,0.86667,0.53333,0.0,0.0,0.66667,0.0,0.17778,0.08889,0.0,0.99296,0.90476,1.0,0.5619,0.90476,0.90476,1.0,0.97781,1.0,0.28571,1.0,0.8704,0.6,0.0,0.97558,0.85714,0.85714,0.0,0.93333,0.94262,0.77385,0.5,1.0,1.0,1.0,0.5,0.5,0.5,0.0,0.0,1.0,1.0,1.0,1.0,0.14909,1.0,0.06667,0.0,1.0,0.0,1.0,0.8,1.0
1.0,0.5,1.0,0.5,0.93333,0.5,0.15556,0.93333,0.56667,0.0,0.0,0.66667,1.0,0.18222,0.08889,0.0,0.99701,0.90476,0.90476,0.68571,1.0,0.90476,0.0,0.97492,1.0,0.28571,1.0,0.98288,0.75,0.0,0.98752,1.0,0.92857,0.0,0.93333,0.94512,1.0,1.0,1.0,1.0,1.0,0.5,0.5,0.5,0.0,0.0,1.0,1.0,1.0,1.0,0.14909,1.0,0.06667,0.0,1.0,0.0,1.0,0.0,1.0
1.0,0.5,1.0,0.5,1.0,0.5,0.17276,1.0,0.6,0.0,0.0,0.66667,1.0,0.16889,0.08889,0.0,0.99807,1.0,1.0,0.68571,1.0,1.0,1.0,0.99315,1.0,0.28571,1.0,1.0,1.0,0.0,0.9894,1.0,1.0,0.0,0.93333,0.95089,1.0,1.0,1.0,1.0,1.0,0.5,0.5,0.5,0.0,0.0,1.0,1.0,1.0,1.0,0.14909,1.0,0.06667,0.0,1.0,0.0,1.0,0.0,1.0
0.5,0.5,0.5,0.5,0.5,0.5,0.08734,0.66667,0.1,0.0,0.0,0.66667,0.0,0.13778,0.02222,0.41702,0.0,0.79048,1.0,0.84762,1.0,0.5,1.0,0.81873,1.0,0.07143,1.0,0.9805,0.85714,0.0,0.86411,1.0,0.5,0.76667,1.0,1.0,0.5,0.5,0.5,1.0,1.0,0.5,0.5,0.5,0.83214,0.0,0.23333,1.0,1.0,0.5,0.5,1.0,0.06667,0.0,1.0,1.0,1.0,0.14286,0.5
1.0,0.5,1.0,0.5,0.93333,0.5,0.11674,0.93333,0.13333,0.0,0.0,0.66667,1.0,0.16444,0.04,0.81757,0.0,0.94286,0.94286,0.86667,1.0,0.94286,0.0,0.79563,1.0,0.07143,1.0,1.0,1.0,0.0,0.82052,1.0,0.92857,0.86667,1.0,1.0,0.5,0.5,0.5,1.0,1.0,0.76466,1.0,0.5,0.66229,0.30989,0.13333,1.0,1.0,0.76466,1.0,1.0,0.06667,0.0,1.0,0.0,1.0,0.0,1.0
0.0,0.0,0.0,0.0,0.86667,0.8,0.10601,0.8,0.43333,0.0,0.0,0.66667,0.0,0.07111,0.08444,0.99329,0.0,1.0,1.0,0.57143,1.0,0.62857,1.0,0.73115,1.0,0.28571,1.0,0.9499,0.75,0.0,0.95936,1.0,0.71429,0.0,1.0,1.0,0.5,0.5,0.5,1.0,1.0,0.23152,0.2617,0.75931,0.0,0.0,1.0,1.0,1.0,0.09296,0.27914,1.0,0.06667,0.0,1.0,0.0,1.0,0.75,1.0
0.0,0.0,0.0,0.0,0.8,0.73333,0.04975,0.53333,0.83333,0.0,0.0,0.66667,0.0,0.04444,0.06667,0.98981,0.0,0.95238,0.95238,0.70476,0.85714,0.71429,1.0,0.79386,1.0,0.28571,0.48028,0.29187,0.0,0.0,0.93503,0.92857,0.57143,0.0,1.0,1.0,0.5,0.5,0.5,1.0,1.0,0.23152,0.2617,0.75931,0.0,0.0429,1.0,1.0,1.0,0.73064,0.38417,1.0,0.06667,0.0,1.0,0.0,1.0,0.0,1.0
0.5,0.5,0.5,0.5,0.5,0.5,0.07905,0.66667,0.1,0.0,0.0,0.66667,0.0,0.17778,0.00444,0.39075,0.0,0.90476,0.89524,1.0,1.0,0.5,1.0,0.91708,1.0,0.14286,1.0,0.76548,0.8,0.0,0.8153,0.78571,0.5,0.23333,1.0,1.0,0.5,0.5,0.5,1.0,1.0,0.5,0.5,0.5,0.27554,0.0,0.76667,1.0,1.0,0.5,0.5,1.0,0.06667,0.0,1.0,1.0,1.0,0.0,0.5
1.0,1.0,1.0,1.0,0.86667,0.86667,0.09649,0.86667,0.16667,0.0,0.0,0.66667,0.0,0.17778,0.02667,0.87526,0.0,0.66667,0.94286,0.72381,1.0,0.6381,0.0,0.6503,0.92899,0.14286,1.0,1.0,1.0,0.0,0.89706,0.85714,0.5,0.0,1.0,1.0,0.5,0.5,0.5,1.0,1.0,0.38815,0.20345,1.0,0.0,0.0,1.0,1.0,1.0,0.38815,0.20345,1.0,0.06667,0.0,1.0,0.0,1.0,0.6,1.0
1.0,0.5,1.0,0.5,0.8,0.5,0.0968,0.8,0.2,0.0,0.0,0.66667,1.0,0.18667,0.02667,0.91349,0.0,0.84762,0.98095,0.78095,1.0,0.84762,0.0,0.61004,0.87148,0.14286,1.0,1.0,1.0,0.0,0.92334,1.0,0.92857,0.0,1.0,1.0,0.5,0.5,0.5,1.0,1.0,0.38815,0.20345,1.0,0.0,0.0,1.0,1.0,1.0,0.38815,0.20345,1.0,0.06667,0.0,1.0,0.0,1.0,0.0,1.0
0.5,0.5,0.5,0.5,0.5,0.5,0.11139,1.0,0.1,0.0,0.0,0.66667,0.0,0.18667,0.0,0.93756,0.0,0.80952,0.92381,1.0,1.0,0.5,0.0,0.73753,1.0,0.07143,1.0,1.0,1.0,0.0,0.73615,1.0,0.5,0.0,1.0,1.0,0.5,0.5,0.5,1.0,1.0,0.5,0.5,0.5,0.0,0.0,1.0,1.0,1.0,0.5,0.5,1.0,0.06667,0.0,1.0,1.0,1.0,0.33333,0.5
1.0,1.0,1.0,1.0,1.0,1.0,0.12663,1.0,0.26667,0.0,0.0,0.66667,0.0,0.18667,0.01778,0.8864,0.0,0.81905,1.0,0.84762,0.90476,0.77143,0.0,0.59979,0.85684,0.07143,1.0,1.0,1.0,0.0,0.93031,0.85714,0.71429,0.0,1.0,1.0,0.5,0.5,0.5,1.0,1.0,0.5,0.5,0.5,0.0,0.0,1.0,1.0,1.0,0.4129,0.40273,1.0,0.06667,0.0,1.0,0.0,1.0,0.0,1.0
1.0,1.0,1.0,1.0,1.0,1.0,0.00078,0.4,0.86667,0.0,0.0,0.66667,0.0,0.07111,0.03111,0.0,0.99725,1.0,0.93333,0.78095,1.0,0.72381,0.0,0.58945,0.84207,0.07143,0.02818,0.00778,0.5,0.0,0.87994,0.35714,0.71429,0.0,1.0,1.0,0.5,0.5,0.5,1.0,1.0,0.5,0.5,0.5,0.0,0.0,1.0,1.0,1.0,1.0,0.05774,1.0,0.06667,0.0,1.0,0.0,1.0,0.0,1.0
0.5,0.5,0.5,0.5,0.5,0.5,0.09166,0.8,0.26667,0.0,0.0,0.66667,0.0,0.40444,0.00444,0.73941,0.0,1.0,1.0,0.9619,1.0,0.5,0.0,0.55546,0.79351,0.07143,1.0,1.0,1.0,0.0,1.0,0.85714,0.5,0.0,1.0,1.0,0.5,0.5,0.5,1.0,1.0,0.5,0.5,0.5,0.0,0.0,1.0,1.0,1.0,0.81611,0.6375,1.0,0.06667,0.0,1.0,0.0,1.0,0.0,0.5
0.0,0.0,0.0,0.0,0.73333,0.66667,0.07455,0.66667,0.33333,0.0,0.0,0.66667,0.0,0.4,0.00444,0.92205,0.0,1.0,1.0,1.0,1.0,1.0,1.0,0.55362,0.79088,0.07143,1.0,1.0,1.0,0.0,1.0,0.85714,1.0,0.0,1.0,1.0,0.5,0.5,0.5,1.0,1.0,0.5,0.5,0.5,0.0,0.0,1.0,1.0,1.0,0.81611,0.6375,1.0,0.06667,0.0,1.0,0.0,1.0,0.0,1.0
0.0,0.0,0.0,0.0,0.6,0.4,0.0475,0.26667,0.43333,0.0,0.0,0.66667,0.0,0.4,0.00444,0.98928,0.0,0.99048,1.0,0.95238,1.0,0.90476,1.0,0.54956,0.78508,0.14286,0.86661,0.76462,0.0,0.0,1.0,1.0,1.0,0.0,1.0,1.0,0.5,0.5,0.5,1.0,1.0,0.5,0.5,0.5,0.0,0.0,1.0,1.0,1.0,0.81611,0.6375,1.0,0.06667,0.0,1.0,0.0,1.0,0.0,1.0
0.0,0.5,0.0,0.5,0.26667,0.5,0.04266,0.26667,0.46667,0.0,0.0,0.66667,1.0,0.39556,0.00444,0.99007,0.0,1.0,1.0,1.0,1.0,1.0,0.0,0.54952,0.78503,0.14286,0.80739,0.67699,0.0,0.0,1.0,1.0,1.0,0.0,1.0,1.0,0.5,0.5,0.5,1.0,1.0,0.5,0.5,0.5,0.0,0.0,1.0,1.0,1.0,0.81611,0.6375,1.0,0.06667,0.0,1.0,0.0,1.0,0.0,1.0
0.0,0.5,0.0,0.5,0.2,0.5,0.03896,0.2,0.5,0.0,0.0,0.66667,1.0,0.38667,0.00444,0.99157,0.0,1.0,1.0,1.0,1.0,1.0,0.0,0.54884,0.78405,0.14286,0.76558,0.6202,0.0,0.0,1.0,1.0,1.0,0.0,1.0,1.0,0.5,0.5,0.5,1.0,1.0,0.5,0.5,0.5,0.0,0.0,1.0,1.0,1.0,0.81611,0.6375,1.0,0.06667,0.0,1.0,0.0,1.0,0.0,1.0
0.0,0.0,0.0,0.0,0.13333,0.13333,0.02811,0.13333,0.56667,0.0,0.0,0.66667,0.0,0.38667,0.00444,0.0,0.9997,1.0,1.0,1.0,1.0,1.0,0.0,0.5475,0.78215,0.14286,0.61746,0.44661,0.0,0.0,1.0,0.85714,1.0,0.0,1.0,1.0,0.5,0.5,0.5,1.0,1.0,0.5,0.5,0.5,0.0,0.0,1.0,1.0,1.0,0.81611,0.6375,1.0,0.06667,0.0,1.0,0.0,1.0,0.0,1.0
0.0,0.0,0.0,0.0,0.13333,0.13333,0.01933,0.13333,0.63333,0.0,0.0,0.66667,0.0,0.37778,0.00444,0.0,0.99733,1.0,1.0,1.0,1.0,1.0,0.0,0.54542,0.77917,0.14286,0.47875,0.31471,0.0,0.0,1.0,0.85714,1.0,0.0,1.0,1.0,0.5,0.5,0.5,1.0,1.0,0.5,0.5,0.5,0.0,0.0,1.0,1.0,1.0,0.81611,0.6375,1.0,0.06667,0.0,1.0,0.0,1.0,0.0,1.0
0.0,0.5,0.0,0.5,0.13333,0.5,0.01708,0.13333,0.66667,0.0,0.0,0.66667,1.0,0.38222,0.00444,0.0,0.99897,1.0,1.0,1.0,1.0,1.0,0.0,0.54468,0.77811,0.14286,0.43905,0.28128,0.0,0.0,1.0,1.0,1.0,0.0,1.0,1.0,0.5,0.5,0.5,1.0,1.0,0.5,0.5,0.5,0.0,0.0,1.0,1.0,1.0,0.81611,0.6375,1.0,0.06667,0.0,1.0,0.0,1.0,0.0,1.0
0.0,0.0,0.0,0.0,0.13333,0.13333,0.00517,0.13333,0.0,0.96774,0.0,0.66667,0.0,0.36889,0.00444,0.0,0.99827,1.0,1.0,1.0,1.0,1.0,0.0,0.92043,1.0,0.71429,0.06373,0.04144,0.0,0.0,0.99351,0.35714,0.28571,0.0,1.0,1.0,0.5,0.5,0.5,1.0,1.0,0.5,0.5,0.5,0.0,0.0,1.0,1.0,1.0,0.81611,0.6375,1.0,0.06667,0.0,1.0,0.0,1.0,0.0,1.0
0.5,0.5,0.5,0.5,0.5,0.5,0.07657,0.53333,0.16667,0.0,0.0,0.66667,0.0,0.50667,0.0,0.87474,0.0,1.0,1.0,1.0,1.0,0.5,0.0,0.83485,1.0,0.07143,1.0,0.76002,0.42857,0.0,0.94962,0.92857,0.5,0.0,1.0,1.0,0.5,0.5,0.5,1.0,1.0,0.5,0.5,0.5,0.0,0.0,1.0,1.0,1.0,0.5,0.5,1.0,0.06667,0.0,1.0,1.0,1.0,0.85714,0.5
1.0,1.0,1.0,0.0,0.66667,0.53333,0.07322,0.53333,0.23333,0.0,0.0,0.66667,0.0,0.48889,0.0,0.90388,0.0,1.0,1.0,1.0,1.0,1.0,0.0,0.82879,1.0,0.07143,1.0,0.73541,0.42857,0.0,0.96243,0.92857,1.0,0.0,1.0,1.0,0.5,0.5,0.5,1.0,1.0,0.5,0.5,0.5,0.0,0.0,1.0,1.0,1.0,0.5,0.5,1.0,0.06667,0.0,1.0,1.0,1.0,0.85714,1.0
1.0,1.0,1.0,0.0,0.6,0.53333,0.04901,0.26667,1.0,0.0,0.0,0.66667,0.0,0.48444,0.0,0.0,0.99768,1.0,1.0,1.0,1.0,1.0,0.0,0.49545,0.70779,0.0,0.69622,0.53674,0.16667,0.0,0.99418,1.0,0.92857,0.0,1.0,1.0,0.5,0.5,0.5,1.0,1.0,0.5,0.5,0.5,0.0,0.0,1.0,1.0,1.0,0.5,0.5,1.0,0.06667,0.0,1.0,1.0,1.0,1.0,1.0
1.0,1.0,1.0,1.0,0.4,0.4,0.04348,0.13333,0.0,0.75,0.0,0.66667,0.0,0.48444,0.0,0.0,0.99955,1.0,1.0,1.0,1.0,1.0,0.0,0.77713,1.0,0.07143,0.67587,0.49329,0.14286,1.0,0.96391,0.92857,0.92857,0.0,1.0,1.0,0.5,0.5,0.5,1.0,1.0,0.5,0.5,0.5,0.0,0.0,1.0,1.0,1.0,0.5,0.5,1.0,0.06667,0.0,1.0,1.0,1.0,0.85714,1.0
0.5,0.5,0.5,0.5,0.5,0.5,0.01523,0.2,0.13333,0.0,0.0,0.66667,0.0,0.06222,0.0,0.99672,0.0,0.95238,0.97143,1.0,1.0,0.5,1.0,0.54161,0.77373,0.07143,0.53674,0.32019,0.33333,0.0,0.42188,1.0,0.5,0.0,1.0,1.0,0.5,0.5,0.5,1.0,1.0,0.5,0.5,0.5,0.0,0.0,1.0,1.0,1.0,0.5,0.5,1.0,0.06667,0.0,1.0,1.0,1.0,1.0,0.5
0.0,0.0,0.0,0.0,0.2,0.2,0.00979,0.2,0.4,0.0,0.0,0.66667,0.0,0.06222,0.0,0.99865,0.0,0.98095,0.98095,1.0,1.0,0.98095,1.0,0.54881,0.78401,0.14286,0.23989,0.13629,0.0,1.0,1.0,0.92857,0.71429,0.0,1.0,1.0,0.5,0.5,0.5,1.0,1.0,0.5,0.5,0.5,0.0,0.0,1.0,1.0,1.0,0.5,0.5,1.0,0.06667,0.0,1.0,1.0,1.0,0.0,1.0
0.0,0.0,0.0,0.0,0.2,0.2,0.00979,0.2,0.46667,0.0,0.0,0.66667,0.0,0.06222,0.0,0.99919,0.0,1.0,0.98095,1.0,1.0,1.0,1.0,0.54881,0.78401,0.14286,0.23988,0.13629,0.0,1.0,1.0,0.92857,1.0,0.0,1.0,1.0,0.5,0.5,0.5,1.0,1.0,0.5,0.5,0.5,0.0,0.0,1.0,1.0,1.0,0.5,0.5,1.0,0.06667,0.0,1.0,1.0,1.0,0.0,1.0
0.0,0.0,0.0,0.0,0.2,0.2,0.00979,0.2,0.53333,0.0,0.0,0.66667,0.0,0.06222,0.0,0.99947,0.0,1.0,1.0,1.0,1.0,1.0,1.0,0.54881,0.78401,0.14286,0.23988,0.13629,0.0,1.0,1.0,0.92857,1.0,0.0,1.0,1.0,0.5,0.5,0.5,1.0,1.0,0.5,0.5,0.5,0.0,0.0,1.0,1.0,1.0,0.5,0.5,1.0,0.06667,0.0,1.0,1.0,1.0,0.0,1.0
0.0,0.5,0.0,0.5,0.2,0.5,0.00979,0.2,0.56667,0.0,0.0,0.66667,1.0,0.06222,0.0,0.9994,0.0,0.99048,0.99048,1.0,1.0,0.99048,0.0,0.0002,0.00028,0.0,1.0,1.0,1.0,0.0,1.0,1.0,0.92857,0.0,1.0,1.0,0.5,0.5,0.5,1.0,1.0,0.5,0.5,0.5,0.0,0.0,1.0,1.0,1.0,0.5,0.5,1.0,0.06667,1.0,1.0,1.0,1.0,1.0,1.0
0.0,0.5,0.0,0.5,0.2,0.5,0.00979,0.2,0.6,0.0,0.0,0.66667,1.0,0.06222,0.0,0.99941,0.0,1.0,0.99048,1.0,1.0,1.0,0.0,0.0002,0.00028,0.0,1.0,1.0,1.0,0.0,1.0,1.0,1.0,0.0,1.0,1.0,0.5,0.5,0.5,1.0,1.0,0.5,0.5,0.5,0.0,0.0,1.0,1.0,1.0,0.5,0.5,1.0,0.06667,1.0,1.0,1.0,1.0,1.0,1.0
0.0,0.5,0.0,0.5,0.2,0.5,0.00979,0.2,0.63333,0.0,0.0,0.66667,1.0,0.06222,0.0,0.99946,0.0,1.0,0.99048,1.0,1.0,1.0,0.0,0.0002,0.00028,0.0,1.0,1.0,1.0,0.0,1.0,1.0,1.0,0.0,1.0,1.0,0.5,0.5,0.5,1.0,1.0,0.5,0.5,0.5,0.0,0.0,1.0,1.0,1.0,0.5,0.5,1.0,0.06667,1.0,1.0,1.0,1.0,1.0,1.0
0.0,0.5,0.0,0.5,0.2,0.5,0.00979,0.2,0.66667,0.0,0.0,0.66667,1.0,0.06222,0.0,0.99954,0.0,1.0,0.99048,1.0,1.0,1.0,0.0,0.0002,0.00028,0.0,1.0,1.0,1.0,0.0,1.0,1.0,1.0,0.0,1.0,1.0,0.5,0.5,0.5,1.0,1.0,0.5,0.5,0.5,0.0,0.0,1.0,1.0,1.0,0.5,0.5,1.0,0.06667,1.0,1.0,1.0,1.0,1.0,1.0
0.0,0.5,0.0,0.5,0.2,0.5,0.00979,0.2,0.7,0.0,0.0,0.66667,1.0,0.06222,0.0,0.99962,0.0,1.0,0.99048,1.0,1.0,1.0,0.0,0.0002,0.00028,0.0,1.0,1.0,1.0,0.0,1.0,1.0,1.0,0.0,1.0,1.0,0.5,0.5,0.5,1.0,1.0,0.5,0.5,0.5,0.0,0.0,1.0,1.0,1.0,0.5,0.5,1.0,0.06667,1.0,1.0,1.0,1.0,1.0,1.0
0.5,0.5,0.5,0.5,0.5,0.5,0.04269,0.33333,0.16667,0.0,0.0,0.66667,0.0,0.25778,0.02667,0.69256,0.0,0.54286,1.0,0.5619,1.0,0.5,0.0,0.91472,1.0,0.85714,0.55816,0.3979,0.14286,0.0,0.84003,0.78571,0.5,0.0,1.0,1.0,0.5,0.5,0.5,1.0,1.0,0.5,0.5,0.5,0.0,0.17191,1.0,1.0,1.0,0.5,0.5,1.0,0.06667,0.0,1.0,1.0,1.0,0.42857,0.5
1.0,1.0,1.0,1.0,0.4,0.4,0.04832,0.4,0.23333,0.0,0.0,0.66667,0.0,0.23556,0.04889,0.99775,0.0,0.71429,1.0,0.69524,1.0,0.67619,0.0,0.89996,1.0,0.71429,0.56487,0.36238,0.16667,0.0,0.93097,0.78571,0.78571,0.0,1.0,1.0,0.5,0.5,0.5,1.0,1.0,0.5,0.5,0.5,0.0,0.0,1.0,1.0,1.0,0.5,0.5,1.0,0.06667,0.0,1.0,1.0,1.0,0.33333,1.0
1.0,0.0,0.0,0.0,0.4,0.4,0.01418,0.26667,0.4,0.0,0.0,0.66667,0.0,0.19556,0.04,0.92843,0.0,0.77143,1.0,0.91429,1.0,0.82857,0.0,0.5836,0.83372,0.5,0.25464,0.13123,0.33333,0.0,0.94373,1.0,0.35714,0.0,0.93333,0.84626,0.25803,0.5,0.51606,1.0,1.0,0.5,0.5,0.5,0.0,0.0,1.0,1.0,1.0,1.0,0.26667,1.0,0.06667,0.0,1.0,0.0,1.0,0.66667,1.0
0.0,0.0,0.0,0.0,0.33333,0.33333,0.00621,0.33333,0.5,0.0,0.0,0.66667,0.0,0.16889,0.04889,0.97478,0.0,1.0,1.0,0.91429,1.0,1.0,1.0,0.60987,0.87124,0.5,0.11351,0.05882,0.33333,0.0,0.95056,0.5,1.0,0.0,0.86667,0.84484,0.47856,0.5,0.47856,1.0,1.0,0.5,0.5,0.5,0.0,0.0,1.0,1.0,1.0,1.0,0.26667,1.0,0.06667,0.0,1.0,0.0,1.0,0.0,1.0
0.0,0.0,0.0,0.0,0.33333,0.33333,0.00307,0.46667,0.7,0.0,0.0,0.66667,0.0,0.14667,0.03111,0.96052,0.0,0.92381,1.0,0.85714,1.0,0.92381,1.0,0.94449,1.0,0.78571,0.02765,0.01651,0.16667,0.0,0.95204,0.35714,0.35714,0.0,1.0,1.0,0.5,0.59339,0.5,1.0,1.0,0.5,0.5,0.5,0.0,0.0,1.0,1.0,1.0,0.0,0.16994,1.0,0.06667,0.0,1.0,0.0,1.0,0.0,1.0
0.0,0.0,0.0,0.0,0.53333,0.53333,0.00182,0.53333,0.9,0.0,0.0,0.66667,0.0,0.12,0.01333,0.98054,0.0,0.86667,1.0,0.78095,1.0,0.82857,0.0,0.88525,1.0,0.5,0.01481,0.0092,0.16667,0.0,0.95151,0.5,1.0,0.0,1.0,1.0,0.5,0.59339,0.5,1.0,1.0,0.5,0.5,0.5,0.0,0.0,1.0,1.0,1.0,1.0,0.94115,1.0,0.06667,0.0,1.0,0.0,1.0,0.0,1.0
1.0,0.0,0.0,0.0,0.53333,0.53333,0.00144,0.6,0.0,0.90909,0.0,0.66667,0.0,0.11111,0.01778,0.0,0.98425,1.0,0.86667,0.78095,1.0,1.0,0.0,0.80978,1.0,0.5,0.01045,0.00619,0.16667,0.0,0.95172,0.42857,1.0,0.0,1.0,1.0,0.5,0.59339,0.5,1.0,1.0,0.5,0.5,0.5,0.0,0.0,1.0,1.0,1.0,1.0,0.03218,1.0,0.06667,0.0,1.0,0.0,1.0,0.0,1.0
0.0,0.0,0.0,0.0,0.6,0.6,0.00119,0.6,0.0,0.81081,0.0,0.66667,0.0,0.08889,0.01778,0.0,0.99066,1.0,0.93333,0.86667,0.88571,0.88571,0.0,0.89722,1.0,0.21429,0.00974,0.00552,0.25,0.0,0.98134,0.57143,0.85714,0.0,1.0,1.0,0.5,0.59339,0.5,1.0,1.0,0.5,0.5,0.5,0.0,0.0,1.0,1.0,1.0,1.0,0.95859,1.0,0.06667,0.0,1.0,0.0,1.0,0.0,1.0
0.0,0.0,0.0,0.0,0.6,0.6,0.00106,0.6,0.0,0.76923,0.0,0.66667,0.0,0.08889,0.01778,0.0,0.99236,1.0,1.0,0.86667,0.86667,1.0,0.0,0.89468,1.0,0.21429,0.00872,0.00478,0.25,0.0,0.98091,0.14286,1.0,0.0,1.0,1.0,0.5,0.59339,0.5,1.0,1.0,0.5,0.5,0.5,0.0,0.0,1.0,1.0,1.0,1.0,0.95859,1.0,0.06667,0.0,1.0,0.0,1.0,0.0,1.0
0.5,0.5,0.5,0.5,0.5,0.5,0.01234,0.13333,0.06667,0.0,0.0,0.66667,0.0,0.06222,0.0,0.5,0.5,0.9619,0.98095,1.0,1.0,0.5,1.0,0.5446,0.77801,0.21429,0.2195,0.12328,0.0,1.0,1.0,0.85714,0.5,0.0,1.0,1.0,0.5,0.5,0.5,1.0,1.0,0.5,0.5,0.5,0.5,0.5,1.0,1.0,1.0,0.5,0.5,1.0,0.06667,0.0,1.0,1.0,1.0,0.0,0.5
0.0,0.0,0.0,0.0,0.13333,0.2,0.00935,0.2,0.13333,0.0,0.0,0.66667,0.0,0.15111,0.04444,0.83855,0.0,0.72381,0.91429,0.72381,0.80952,0.6,1.0,0.97543,1.0,0.07143,0.13011,0.0823,0.0,0.0,0.91499,0.92857,0.42857,0.5,0.8,0.83047,0.211,0.52712,0.0,1.0,1.0,0.5,0.5,0.5,1.0,0.0,0.5,1.0,1.0,0.5,0.5,1.0,0.06667,0.0,1.0,1.0,1.0,0.11111,1.0
1.0,1.0,1.0,1.0,0.2,0.2,0.01058,0.26667,0.23333,0.0,0.0,0.66667,0.0,0.16,0.05333,0.99816,0.0,0.93333,0.75238,0.67619,1.0,0.60952,0.0,0.92923,1.0,0.21429,0.13229,0.07646,0.0,0.0,0.94153,0.78571,0.85714,0.0,1.0,1.0,0.5,0.52712,0.5,1.0,1.0,0.0,0.2375,1.0,0.0,1.0,1.0,1.0,1.0,0.0,0.2375,1.0,0.06667,0.0,1.0,1.0,1.0,0.57143,1.0
0.0,0.0,0.0,0.0,0.26667,0.26667,0.00861,0.26667,0.3,0.0,0.0,0.66667,0.0,0.15111,0.05333,0.96788,0.0,0.67619,1.0,0.70476,1.0,1.0,1.0,0.94319,1.0,0.21429,0.10553,0.05651,0.0,0.0,0.93798,0.78571,1.0,0.0,1.0,1.0,0.5,0.52712,0.5,1.0,1.0,0.0,0.2375,1.0,0.0,0.0,1.0,1.0,1.0,0.0,0.2375,1.0,0.06667,0.0,1.0,1.0,1.0,0.57143,1.0
0.0,0.0,0.0,0.0,0.26667,0.26667,0.00828,0.26667,0.36667,0.0,0.0,0.66667,0.0,0.10667,0.06667,0.97519,0.0,0.85714,1.0,0.6381,0.70476,0.88571,1.0,0.87239,1.0,0.14286,0.09764,0.05167,0.0,0.0,0.91384,0.85714,0.78571,0.0,1.0,1.0,0.5,0.52712,0.5,1.0,1.0,0.0,0.2375,1.0,0.0,0.0,1.0,1.0,1.0,0.0,0.2375,1.0,0.06667,0.0,1.0,1.0,1.0,0.0,1.0
0.0,0.5,0.0,0.5,0.26667,0.5,0.0082,0.26667,0.4,0.0,0.0,0.66667,1.0,0.08444,0.07111,0.0,0.96122,1.0,1.0,0.6381,1.0,1.0,1.0,0.87723,1.0,0.14286,0.09597,0.05073,0.0,0.0,0.90916,1.0,1.0,0.0,1.0,1.0,0.5,0.52712,0.5,1.0,1.0,0.0,0.2375,1.0,0.0,0.0,1.0,1.0,1.0,0.0,0.2375,1.0,0.06667,0.0,1.0,1.0,1.0,0.0,1.0
0.0,0.5,0.0,0.5,0.26667,0.5,0.00815,0.26667,0.43333,0.0,0.0,0.66667,1.0,0.08,0.07111,0.0,0.97333,1.0,1.0,0.61905,1.0,1.0,1.0,0.87861,1.0,0.14286,0.09516,0.05033,0.0,0.0,0.90598,1.0,1.0,0.0,1.0,1.0,0.5,0.52712,0.5,1.0,1.0,0.0,0.2375,1.0,0.0,0.0,1.0,1.0,1.0,0.0,0.2375,1.0,0.06667,0.0,1.0,1.0,1.0,0.0,1.0
0.0,0.5,0.0,0.5,0.26667,0.5,0.00808,0.26667,0.46667,0.0,0.0,0.66667,1.0,0.07556,0.07111,0.0,0.99825,0.88571,1.0,0.65714,1.0,0.88571,1.0,0.88107,1.0,0.14286,0.09409,0.05434,0.0,0.0,0.91783,1.0,1.0,0.0,1.0,1.0,0.5,0.52712,0.5,1.0,1.0,0.0,0.2375,1.0,0.0,0.0,1.0,1.0,1.0,0.0,0.2375,1.0,0.06667,0.0,1.0,1.0,1.0,0.0,1.0
0.0,0.0,0.0,0.0,0.26667,0.26667,0.00223,0.26667,0.73333,0.0,0.0,0.66667,0.0,0.04889,0.06667,0.99576,0.0,1.0,1.0,0.71429,0.71429,0.87619,0.0,0.89338,1.0,0.07143,0.02915,0.01421,0.14286,0.0,0.81168,0.64286,0.92857,0.0,1.0,1.0,0.5,0.52712,0.5,1.0,1.0,0.0,0.2375,1.0,0.0,0.0,1.0,1.0,1.0,1.0,0.9349,1.0,0.06667,0.0,1.0,0.0,1.0,0.28571,1.0
0.0,0.0,0.0,0.0,0.26667,0.26667,0.00175,0.26667,0.8,0.0,0.0,0.66667,0.0,0.05333,0.07111,0.98914,0.0,1.0,0.94286,0.66667,0.81905,0.90476,0.0,0.85317,1.0,0.07143,0.02411,0.01115,0.14286,0.0,0.81544,0.85714,0.85714,0.0,1.0,1.0,0.5,0.52712,0.5,1.0,1.0,0.0,0.2375,1.0,0.0,0.0,1.0,1.0,1.0,1.0,0.06379,1.0,0.06667,0.0,1.0,0.0,1.0,0.42857,1.0
0.0,0.0,0.0,0.0,0.26667,0.26667,0.00142,0.26667,0.86667,0.0,0.0,0.66667,0.0,0.05778,0.07111,0.0,0.99888,0.88571,1.0,0.65714,1.0,0.92381,1.0,0.98251,1.0,0.07143,0.01869,0.00861,0.125,0.0,0.94471,0.85714,0.78571,0.0,1.0,1.0,0.5,0.52712,0.5,1.0,1.0,0.0,0.2375,1.0,0.0,0.0,1.0,1.0,1.0,1.0,0.06379,1.0,0.06667,0.0,1.0,0.0,1.0,0.375,1.0
0.0,0.0,0.0,0.0,0.26667,0.26667,0.00111,0.26667,0.93333,0.0,0.0,0.66667,0.0,0.04889,0.06667,0.99311,0.0,1.0,1.0,0.6381,0.89524,1.0,1.0,0.98631,1.0,0.07143,0.01447,0.00658,0.125,0.0,0.93721,0.92857,1.0,0.0,1.0,1.0,0.5,0.52712,0.5,1.0,1.0,0.0,0.2375,1.0,0.0,0.0,1.0,1.0,1.0,1.0,0.04795,1.0,0.06667,0.0,1.0,0.0,1.0,0.25,1.0
0.0,0.0,0.0,0.0,0.26667,0.26667,0.00083,0.26667,0.0,0.9375,0.0,0.66667,0.0,0.04889,0.07111,0.99556,0.0,1.0,1.0,0.65714,0.71429,1.0,1.0,0.97036,1.0,0.07143,0.01102,0.00483,0.125,0.0,0.9245,0.78571,1.0,0.0,1.0,1.0,0.5,0.52712,0.5,1.0,1.0,0.0,0.2375,1.0,0.0,0.0,1.0,1.0,1.0,1.0,0.08846,1.0,0.06667,0.0,1.0,0.0,1.0,0.0,1.0
0.0,0.0,0.0,0.0,0.26667,0.26667,0.00081,0.26667,0.0,0.88235,0.0,0.66667,0.0,0.05333,0.07111,1.0,0.0,1.0,1.0,0.65714,0.72381,1.0,1.0,0.97614,1.0,0.07143,0.01073,0.00475,0.125,0.0,0.9127,0.85714,1.0,0.0,1.0,1.0,0.5,0.52712,0.5,1.0,1.0,0.0,0.2375,1.0,0.0,0.0,1.0,1.0,1.0,1.0,0.08846,1.0,0.06667,0.0,1.0,0.0,1.0,0.0,1.0
0.5,0.5,0.5,0.5,0.5,0.5,0.09891,0.86667,0.16667,0.0,0.0,0.66667,0.0,0.11111,0.03111,0.86746,0.0,0.82857,0.58095,0.70476,1.0,0.5,0.0,0.92671,1.0,0.21429,1.0,0.89522,0.85714,0.0,0.8809,1.0,0.5,0.0,1.0,1.0,0.5,0.5,0.5,1.0,1.0,0.5,0.5,0.5,0.0,0.0,1.0,1.0,1.0,0.06796,0.2197,1.0,0.06667,0.0,1.0,0.0,1.0,0.0,0.5
0.0,0.0,0.0,0.0,0.66667,0.73333,0.11386,0.86667,0.5,0.0,0.0,0.66667,0.0,0.12444,0.03556,0.0,0.88557,0.82857,1.0,0.86667,0.87619,0.6381,0.0,0.88002,1.0,0.28571,1.0,0.97206,0.8,0.0,0.92828,0.71429,0.71429,0.0,1.0,1.0,0.5,0.68412,0.5,1.0,1.0,0.5,0.5,0.5,0.0,0.0,1.0,1.0,1.0,1.0,0.78225,1.0,0.06667,0.0,1.0,0.0,1.0,0.0,1.0
1.0,1.0,1.0,1.0,0.93333,0.8,0.10092,0.73333,0.63333,0.0,0.0,0.66667,0.0,0.14222,0.04444,0.0,0.98396,1.0,1.0,0.77143,0.80952,0.92381,0.0,0.80892,1.0,0.07143,0.93924,0.66866,0.5,0.0,0.93881,0.85714,0.78571,0.0,1.0,1.0,0.5,0.68412,0.5,1.0,1.0,0.5,0.5,0.5,0.0,0.0,1.0,1.0,1.0,1.0,0.03178,1.0,0.06667,0.0,1.0,0.0,1.0,0.75,1.0
1.0,0.5,1.0,0.5,0.73333,0.5,0.11211,0.73333,0.66667,0.0,0.0,0.66667,1.0,0.14667,0.04444,0.0,0.97514,0.79048,0.79048,0.82857,1.0,0.79048,0.0,0.7175,1.0,0.07143,1.0,0.81158,0.33333,0.0,0.94741,1.0,0.92857,0.0,0.93333,0.99895,1.0,1.0,1.0,1.0,1.0,0.5,0.5,0.5,0.0,0.0,1.0,1.0,1.0,1.0,0.03178,1.0,0.06667,0.0,1.0,0.0,1.0,0.0,1.0
1.0,1.0,1.0,1.0,0.86667,1.0,0.1532,1.0,0.73333,0.0,0.0,0.66667,0.0,0.13778,0.02222,0.89016,0.0,0.92381,0.98095,0.8381,0.92381,0.91429,0.0,0.69475,0.9925,0.14286,1.0,1.0,1.0,0.0,0.74727,0.85714,0.71429,0.0,1.0,1.0,0.5,1.0,0.5,1.0,1.0,0.5,0.5,0.5,0.0,0.0,1.0,1.0,1.0,1.0,1.0,1.0,0.06667,0.0,1.0,0.0,1.0,0.0,1.0
1.0,0.5,1.0,0.5,1.0,0.5,0.16004,1.0,0.76667,0.0,0.0,0.66667,1.0,0.12889,0.02222,0.93423,0.0,1.0,1.0,0.8381,1.0,1.0,0.0,0.68324,0.97606,0.14286,1.0,1.0,1.0,0.0,0.7481,1.0,1.0,0.0,1.0,1.0,0.5,1.0,0.5,1.0,1.0,0.5,0.5,0.5,0.0,0.0,1.0,1.0,1.0,1.0,1.0,1.0,0.06667,0.0,1.0,0.0,1.0,0.0,1.0
1.0,0.0,0.0,0.0,1.0,0.93333,0.04155,0.53333,0.0,0.96774,0.0,0.66667,0.0,0.13778,0.03556,0.0,0.9951,0.95238,0.98095,0.71429,1.0,0.77143,1.0,0.60085,0.85836,0.14286,0.69722,0.45173,0.33333,0.0,0.71617,1.0,0.85714,0.0,1.0,1.0,0.5,1.0,0.5,1.0,1.0,0.5,0.5,0.5,0.0,0.0,1.0,1.0,1.0,0.5115,0.38759,1.0,0.06667,0.0,1.0,0.0,1.0,0.33333,1.0
1.0,1.0,1.0,1.0,0.53333,0.53333,0.04676,0.53333,0.0,0.88235,0.0,0.66667,0.0,0.14222,0.03556,0.0,0.99766,1.0,1.0,0.72381,1.0,1.0,0.0,0.58945,0.84207,0.14286,0.84692,0.57587,0.33333,0.0,0.71619,0.5,1.0,0.0,1.0,1.0,0.5,1.0,0.5,1.0,1.0,0.5,0.5,0.5,0.0,0.0,1.0,1.0,1.0,0.5115,0.38759,1.0,0.06667,0.0,1.0,0.0,1.0,0.33333,1.0
0.5,0.5,0.5,0.5,0.5,0.5,0.2,0.6,0.03333,0.0,0.5,0.0,0.0,0.2,0.0,0.5,0.5,0.5,0.5,0.5,0.5,0.5,0.5,0.0,0.0,0.75,1.0,1.0,1.0,0.0,0.0,0.5,0.5,0.0,1.0,1.0,0.5,0.5,0.5,1.0,1.0,0.5,0.5,0.5,0.5,0.5,1.0,0.5,0.5,0.5,0.5,1.0,0.2,0.0,1.0,1.0,1.0,0.5,0.5
0.0,0.0,0.0,0.0,0.6,0.6,0.2,0.6,0.53333,0.0,0.5,0.0,0.0,0.2,0.0,1.0,0.0,1.0,1.0,1.0,1.0,1.0,0.0,0.08163,0.11662,0.0,1.0,1.0,1.0,0.0,1.0,1.0,0.25,0.0,1.0,1.0,0.5,0.5,0.5,1.0,1.0,0.5,0.5,0.5,0.0,0.0,1.0,1.0,1.0,0.5,0.5,1.0,0.2,1.0,1.0,1.0,1.0,0.0,1.0
0.0,0.0,0.0,0.0,0.6,0.6,0.2,0.6,0.6,0.0,0.5,0.0,0.0,0.2,0.0,0.0,1.0,1.0,1.0,1.0,1.0,1.0,0.0,0.08163,0.11662,0.0,1.0,1.0,1.0,0.0,1.0,1.0,1.0,0.0,1.0,1.0,0.5,0.5,0.5,1.0,1.0,0.5,0.5,0.5,0.0,0.0,1.0,1.0,1.0,0.5,0.5,1.0,0.2,1.0,1.0,1.0,1.0,1.0,1.0
0.5,0.5,0.5,0.5,0.5,0.5,0.2,0.6,0.03333,0.0,0.5,0.0,0.0,0.2,0.0,0.5,0.5,0.5,0.5,0.5,0.5,0.5,0.5,0.0,0.0,0.75,1.0,1.0,1.0,0.0,0.0,0.5,0.5,0.0,1.0,1.0,0.5,0.5,0.5,1.0,1.0,0.5,0.5,0.5,0.5,0.5,1.0,0.5,0.5,0.5,0.5,1.0,0.2,0.0,1.0,1.0,1.0,0.5,0.5
1.0,1.0,1.0,1.0,1.0,0.8,0.23428,0.8,0.13333,0.0,0.5,0.0,0.0,0.76,0.0,0.0,1.0,0.4,1.0,1.0,1.0,0.0,0.0,0.30441,0.43487,0.75,1.0,1.0,1.0,0.0,1.0,1.0,0.5,0.0,1.0,1.0,0.5,0.5,0.5,1.0,1.0,0.5,0.5,0.5,0.0,0.0,1.0,1.0,1.0,0.5,0.5,1.0,0.2,0.0,1.0,1.0,1.0,1.0,1.0
1.0,1.0,1.0,1.0,1.0,0.8,0.17522,0.4,0.63333,0.0,0.5,0.0,0.0,0.48,0.0,0.0,0.99938,1.0,1.0,1.0,1.0,0.4,0.0,0.14989,0.21413,0.0,1.0,1.0,1.0,0.0,1.0,1.0,1.0,0.0,1.0,1.0,0.5,0.5,0.5,1.0,1.0,0.5,0.5,0.5,0.0,0.0,1.0,1.0,1.0,0.5,0.5,1.0,0.2,0.0,1.0,1.0,1.0,1.0,1.0
0.5,0.5,0.5,0.5,0.5,0.5,0.2,0.6,0.03333,0.0,0.5,0.0,0.0,0.2,0.0,0.5,0.5,0.5,0.5,0.5,0.5,0.5,0.5,0.0,0.0,0.75,1.0,1.0,1.0,0.0,0.0,0.5,0.5,0.0,1.0,1.0,0.5,0.5,0.5,1.0,1.0,0.5,0.5,0.5,0.5,0.5,1.0,0.5,0.5,0.5,0.5,1.0,0.2,0.0,1.0,1.0,1.0,0.5,0.5
1.0,1.0,1.0,0.0,0.8,0.6,0.21293,0.8,0.13333,0.0,0.5,0.0,0.0,0.68,0.04,0.36547,0.0,1.0,1.0,1.0,1.0,0.4,1.0,0.73659,1.0,0.25,1.0,1.0,1.0,0.0,1.0,0.75,0.5,0.0,1.0,1.0,0.5,0.5,0.5,1.0,1.0,0.5,0.5,0.5,0.0,0.0,1.0,1.0,1.0,1.0,1.0,1.0,0.2,0.0,1.0,0.0,1.0,0.0,1.0
0.5,0.5,0.5,0.5,0.5,0.5,0.23763,1.0,0.16667,0.0,0.5,0.0,0.0,0.64,0.04,0.65699,0.0,1.0,1.0,1.0,1.0,0.5,1.0,0.92436,1.0,0.25,1.0,1.0,1.0,0.0,0.96762,0.75,0.5,0.0,1.0,1.0,0.5,0.5,0.5,1.0,1.0,0.5,0.5,0.5,0.0,0.0,1.0,1.0,1.0,0.5,0.5,1.0,0.2,0.0,1.0,1.0,1.0,0.5,0.5
1.0,1.0,1.0,1.0,1.0,0.8,0.24228,0.6,0.3,0.0,0.5,0.0,0.0,0.56,0.08,0.99876,0.0,0.6,1.0,0.9,1.0,0.6,1.0,0.98078,1.0,0.75,1.0,0.93632,0.5,0.0,1.0,0.25,1.0,0.0,1.0,1.0,0.5,0.5,0.5,1.0,1.0,0.5,0.5,0.5,0.0,0.0,1.0,1.0,1.0,1.0,1.0,1.0,0.2,0.0,1.0,0.0,1.0,0.0,1.0
0.5,0.5,0.5,0.5,0.5,0.5,0.2,0.6,0.03333,0.0,0.5,0.0,0.0,0.2,0.0,0.5,0.5,0.5,0.5,0.5,0.5,0.5,0.5,0.0,0.0,0.75,1.0,1.0,1.0,0.0,0.0,0.5,0.5,0.0,1.0,1.0,0.5,0.5,0.5,1.0,1.0,0.5,0.5,0.5,0.5,0.5,1.0,0.5,0.5,0.5,0.5,1.0,0.2,0.0,1.0,1.0,1.0,0.5,0.5
0.0,0.0,0.0,0.0,0.6,0.6,0.09604,0.2,0.4,0.0,0.5,0.0,0.0,0.48,0.0,0.99185,0.0,1.0,1.0,1.0,1.0,0.6,1.0,0.648,0.92571,0.0,0.5113,0.38224,0.0,0.0,0.83991,1.0,0.25,0.0,1.0,1.0,0.5,0.5,0.5,1.0,1.0,0.5,0.5,0.5,0.0,0.0,1.0,1.0,1.0,0.5,0.5,1.0,0.2,0.0,1.0,1.0,1.0,0.0,1.0
0.0,0.5,0.0,0.5,0.2,0.5,0.0955,0.2,0.43333,0.0,0.5,0.0,1.0,0.48,0.0,0.98793,0.0,1.0,1.0,1.0,1.0,1.0,1.0,0.64918,0.9274,0.0,0.50799,0.37924,0.0,0.0,0.83776,1.0,1.0,0.0,1.0,1.0,0.5,0.5,0.5,1.0,1.0,0.5,0.5,0.5,0.0,0.0,1.0,1.0,1.0,0.5,0.5,1.0,0.2,0.0,1.0,1.0,1.0,0.0,1.0
0.0,0.0,0.0,0.0,0.2,0.2,0.09451,0.2,0.53333,0.0,0.5,0.0,0.0,0.44,0.0,0.97169,0.0,0.8,1.0,1.0,1.0,0.7,0.0,0.01823,0.02604,0.0,1.0,1.0,1.0,0.0,1.0,0.75,0.5,0.0,1.0,1.0,0.5,0.5,0.5,1.0,1.0,0.5,0.5,0.5,0.0,0.0,1.0,1.0,1.0,0.5,0.5,1.0,0.2,1.0,1.0,1.0,1.0,1.0,1.0
0.0,0.5,1.0,0.5,0.2,0.5,0.09466,0.2,0.56667,0.0,0.5,0.0,1.0,0.36,0.0,0.96552,0.0,0.9,0.9,1.0,1.0,0.9,1.0,0.01829,0.02613,0.0,1.0,1.0,1.0,0.0,1.0,1.0,1.0,0.0,1.0,1.0,0.5,0.5,0.5,1.0,1.0,0.5,0.5,0.5,0.0,0.0,1.0,1.0,1.0,0.5,0.5,1.0,0.2,1.0,1.0,1.0,1.0,1.0,1.0
0.0,0.5,0.0,0.5,0.2,0.5,0.09396,0.2,0.6,0.0,0.5,0.0,1.0,0.28,0.0,0.96667,0.0,0.9,1.0,1.0,1.0,0.9,0.0,0.01802,0.02574,0.0,1.0,1.0,1.0,0.0,1.0,1.0,1.0,0.0,1.0,1.0,0.5,0.5,0.5,1.0,1.0,0.5,0.5,0.5,0.0,0.0,1.0,1.0,1.0,0.5,0.5,1.0,0.2,1.0,1.0,1.0,1.0,1.0,1.0
0.0,0.5,0.0,0.5,0.2,0.5,0.09352,0.2,0.63333,0.0,0.5,0.0,1.0,0.28,0.0,0.96993,0.0,1.0,1.0,1.0,1.0,1.0,0.0,0.01785,0.0255,0.0,1.0,1.0,1.0,0.0,1.0,1.0,1.0,0.0,1.0,1.0,0.5,0.5,0.5,1.0,1.0,0.5,0.5,0.5,0.0,0.0,1.0,1.0,1.0,0.5,0.5,1.0,0.2,1.0,1.0,1.0,1.0,1.0,1.0
0.0,0.5,0.0,0.5,0.2,0.5,0.09333,0.2,0.66667,0.0,0.5,0.0,1.0,0.28,0.0,0.96971,0.0,0.9,1.0,1.0,1.0,0.9,0.0,0.01778,0.02539,0.0,1.0,1.0,1.0,0.0,1.0,1.0,1.0,0.0,1.0,1.0,0.5,0.5,0.5,1.0,1.0,0.5,0.5,0.5,0.0,0.0,1.0,1.0,1.0,0.5,0.5,1.0,0.2,1.0,1.0,1.0,1.0,1.0,1.0
0.5,0.5,0.5,0.5,0.5,0.5,0.2,0.6,0.03333,0.0,0.5,0.0,0.0,0.2,0.0,0.5,0.5,0.5,0.5,0.5,0.5,0.5,0.5,0.0,0.0,0.75,1.0,1.0,1.0,0.0,0.0,0.5,0.5,0.0,1.0,1.0,0.5,0.5,0.5,1.0,1.0,0.5,0.5,0.5,0.5,0.5,1.0,0.5,0.5,0.5,0.5,1.0,0.2,0.0,1.0,1.0,1.0,0.5,0.5
0.5,0.5,0.5,0.5,0.5,0.5,0.2,0.6,0.03333,0.0,0.5,0.0,0.0,0.2,0.0,0.5,0.5,0.5,0.5,0.5,0.5,0.5,0.5,0.0,0.0,0.75,1.0,1.0,1.0,0.0,0.0,0.5,0.5,0.0,1.0,1.0,0.5,0.5,0.5,1.0,1.0,0.5,0.5,0.5,0.5,0.5,1.0,0.5,0.5,0.5,0.5,1.0,0.2,0.0,1.0,1.0,1.0,0.5,0.5
1.0,1.0,1.0,1.0,0.7,0.9,0.06662,0.2,0.2,0.0,0.5,0.0,0.0,0.32,0.04,0.6693,0.0,0.9,0.9,0.9,1.0,1.0,0.0,0.66139,0.94485,0.25,0.49875,0.33223,0.0,0.0,1.0,1.0,0.5,0.0,0.8,0.763,0.50951,0.5,0.56613,1.0,1.0,0.5,0.5,0.5,0.0,0.0,1.0,1.0,1.0,0.5,0.5,1.0,0.2,0.0,1.0,1.0,1.0,1.0,1.0
0.5,0.5,0.5,0.5,0.5,0.5,0.2,0.6,0.03333,0.0,0.5,0.0,0.0,0.2,0.0,0.5,0.5,0.5,0.5,0.5,0.5,0.5,0.5,0.0,0.0,0.75,1.0,1.0,1.0,0.0,0.0,0.5,0.5,0.0,1.0,1.0,0.5,0.5,0.5,1.0,1.0,0.5,0.5,0.5,0.5,0.5,1.0,0.5,0.5,0.5,0.5,1.0,0.2,0.0,1.0,1.0,1.0,0.5,0.5
1.0,0.0,1.0,0.0,0.6,0.4,0.17504,0.4,0.13333,0.0,0.5,0.0,0.0,0.56,0.04,0.7245,0.0,0.7,0.7,1.0,1.0,0.7,0.0,0.74026,1.0,0.25,0.85571,0.74781,0.0,0.0,1.0,1.0,0.0,0.0,1.0,1.0,0.5,0.5,0.5,1.0,1.0,0.5,0.5,0.5,0.0,0.0,1.0,1.0,1.0,0.5,0.5,1.0,0.2,0.0,1.0,1.0,1.0,0.0,1.0
1.0,1.0,1.0,1.0,0.4,0.4,0.18095,0.4,0.26667,0.0,0.5,0.0,0.0,0.52,0.08,0.0,0.98052,0.9,1.0,0.9,1.0,0.9,0.0,0.88898,1.0,0.25,0.90451,0.85983,0.0,0.0,1.0,0.75,0.75,0.0,1.0,1.0,0.5,0.5,0.5,1.0,1.0,0.5,0.5,0.5,0.0,0.0,1.0,1.0,1.0,1.0,1.0,1.0,0.2,0.0,1.0,0.0,1.0,0.0,1.0
1.0,0.0,1.0,0.0,0.4,0.4,0.01277,0.4,0.83333,0.0,0.5,0.0,0.0,0.16,0.12,0.9878,0.0,1.0,1.0,0.8,1.0,0.5,0.0,0.93762,1.0,0.75,0.03293,0.01674,0.0,0.0,0.94126,1.0,0.25,0.0,1.0,1.0,0.5,0.5,0.5,1.0,1.0,0.5,0.5,0.5,0.0,0.24243,1.0,1.0,1.0,1.0,1.0,1.0,0.2,0.0,1.0,0.0,1.0,0.0,1.0
0.5,0.5,0.5,0.5,0.5,0.5,0.2,0.6,0.03333,0.0,0.5,0.0,0.0,0.2,0.0,0.5,0.5,0.5,0.5,0.5,0.5,0.5,0.5,0.0,0.0,0.75,1.0,1.0,1.0,0.0,0.0,0.5,0.5,0.0,1.0,1.0,0.5,0.5,0.5,1.0,1.0,0.5,0.5,0.5,0.5,0.5,1.0,0.5,0.5,0.5,0.5,1.0,0.2,0.0,1.0,1.0,1.0,0.5,0.5
1.0,1.0,1.0,1.0,1.0,1.0,0.19111,0.6,0.33333,0.0,0.5,0.0,0.0,0.52,0.04,0.0,0.99742,1.0,1.0,1.0,1.0,0.4,0.0,0.83534,1.0,0.25,1.0,0.83592,0.5,0.0,1.0,0.75,0.75,0.0,1.0,1.0,0.5,0.5,0.5,1.0,1.0,0.5,0.5,0.5,0.0,0.0,1.0,1.0,1.0,0.5,0.5,1.0,0.2,0.0,1.0,1.0,1.0,0.5,1.0
1.0,1.0,1.0,1.0,0.6,0.6,0.19154,0.6,0.4,0.0,0.5,0.0,0.0,0.52,0.0,0.0,0.48571,1.0,1.0,1.0,1.0,1.0,0.0,0.53449,0.76356,0.0,0.86258,0.59271,0.33333,0.0,0.97988,0.75,0.75,0.0,1.0,1.0,0.5,0.5,0.5,1.0,1.0,0.5,0.5,0.5,0.0,0.0,1.0,1.0,1.0,0.5,0.5,1.0,0.2,0.0,1.0,1.0,1.0,0.33333,1.0
1.0,1.0,1.0,0.0,0.6,0.6,0.18727,0.6,0.46667,0.0,0.5,0.0,0.0,0.52,0.0,0.0,0.74693,1.0,1.0,1.0,1.0,1.0,0.0,0.50674,0.72391,0.0,0.83076,0.56333,0.33333,0.0,0.98156,0.75,1.0,0.0,1.0,1.0,0.5,0.5,0.5,1.0,1.0,0.5,0.5,0.5,0.0,0.0,1.0,1.0,1.0,0.5,0.5,1.0,0.2,0.0,1.0,1.0,1.0,0.33333,1.0
1.0,0.0,1.0,0.0,0.6,0.6,0.15538,0.6,0.56667,0.0,0.5,0.0,0.0,0.48,0.0,0.0,0.98442,1.0,1.0,1.0,1.0,1.0,1.0,0.87846,1.0,0.25,0.58196,0.41259,0.0,0.0,0.99236,1.0,0.75,0.0,1.0,1.0,0.5,0.5,0.5,1.0,1.0,0.5,0.5,0.5,0.0,0.0,1.0,1.0,1.0,0.5,0.5,1.0,0.2,0.0,1.0,1.0,1.0,0.5,1.0
1.0,1.0,1.0,0.0,0.6,0.6,0.14995,0.6,0.63333,0.0,0.5,0.0,0.0,0.48,0.0,0.0,0.98446,1.0,1.0,1.0,1.0,1.0,0.0,0.85112,1.0,0.25,0.54538,0.4194,0.0,0.0,0.99566,1.0,1.0,0.0,1.0,1.0,0.5,0.5,0.5,1.0,1.0,0.5,0.5,0.5,0.0,0.0,1.0,1.0,1.0,0.5,0.5,1.0,0.2,0.0,1.0,1.0,1.0,0.5,1.0
1.0,1.0,1.0,0.0,0.6,0.6,0.14351,0.6,0.73333,0.0,0.5,0.0,0.0,0.52,0.0,0.0,0.98624,1.0,1.0,1.0,1.0,1.0,0.0,0.85215,1.0,0.25,0.52153,0.42003,0.0,0.0,0.99341,0.75,1.0,0.0,1.0,1.0,0.5,0.5,0.5,1.0,1.0,0.5,0.5,0.5,0.0,0.0,1.0,1.0,1.0,0.5,0.5,1.0,0.2,0.0,1.0,1.0,1.0,0.5,1.0
1.0,1.0,1.0,1.0,0.6,0.6,0.19943,0.6,0.8,0.0,0.5,0.0,0.0,0.44,0.04,0.35796,0.0,0.7,1.0,1.0,1.0,0.7,1.0,0.83948,1.0,0.25,0.75959,0.61236,0.0,1.0,1.0,0.75,0.75,0.0,1.0,1.0,0.5,0.5,0.5,1.0,1.0,0.5,0.5,0.5,0.0,0.0,1.0,1.0,1.0,1.0,1.0,1.0,0.2,0.0,1.0,0.0,1.0,0.0,1.0
0.5,0.5,0.5,0.5,0.5,0.5,0.2,0.6,0.03333,0.0,0.5,0.0,0.0,0.2,0.0,0.5,0.5,0.5,0.5,0.5,0.5,0.5,0.5,0.0,0.0,0.75,1.0,1.0,1.0,0.0,0.0,0.5,0.5,0.0,1.0,1.0,0.5,0.5,0.5,1.0,1.0,0.5,0.5,0.5,0.5,0.5,1.0,0.5,0.5,0.5,0.5,1.0,0.2,0.0,1.0,1.0,1.0,0.5,0.5
0.0,0.0,0.0,0.0,0.6,0.6,0.2,0.6,0.53333,0.0,0.5,0.0,0.0,0.2,0.0,1.0,0.0,1.0,1.0,1.0,1.0,1.0,0.0,0.08163,0.11662,0.0,1.0,1.0,1.0,0.0,1.0,1.0,0.25,0.0,1.0,1.0,0.5,0.5,0.5,1.0,1.0,0.5,0.5,0.5,0.0,0.0,1.0,1.0,1.0,0.5,0.5,1.0,0.2,1.0,1.0,1.0,1.0,0.0,1.0
0.0,0.0,0.0,0.0,0.6,0.6,0.2,0.6,0.6,0.0,0.5,0.0,0.0,0.2,0.0,0.0,1.0,1.0,1.0,1.0,1.0,1.0,0.0,0.08163,0.11662,0.0,1.0,1.0,1.0,0.0,1.0,1.0,1.0,0.0,1.0,1.0,0.5,0.5,0.5,1.0,1.0,0.5,0.5,0.5,0.0,0.0,1.0,1.0,1.0,0.5,0.5,1.0,0.2,1.0,1.0,1.0,1.0,1.0,1.0
0.0,0.0,0.0,0.0,0.6,0.6,0.2,0.6,0.86667,0.0,0.5,0.0,0.0,0.2,0.0,1.0,0.0,1.0,1.0,1.0,1.0,1.0,0.0,0.08163,0.11662,0.0,1.0,1.0,1.0,0.0,1.0,1.0,1.0,0.0,1.0,1.0,0.5,0.5,0.5,1.0,1.0,0.5,0.5,0.5,0.0,0.0,1.0,1.0,1.0,0.5,0.5,1.0,0.2,1.0,1.0,1.0,1.0,1.0,1.0
0.0,0.5,0.0,0.5,0.6,0.5,0.2,0.6,0.9,0.0,0.5,0.0,1.0,0.2,0.0,1.0,0.0,1.0,1.0,1.0,1.0,1.0,0.0,0.08163,0.11662,0.0,1.0,1.0,1.0,0.0,1.0,1.0,1.0,0.0,1.0,1.0,0.5,0.5,0.5,1.0,1.0,0.5,0.5,0.5,0.0,0.0,1.0,1.0,1.0,0.5,0.5,1.0,0.2,1.0,1.0,1.0,1.0,1.0,1.0
0.5,0.5,0.5,0.5,0.5,0.5,0.2,0.6,0.03333,0.0,0.5,0.0,0.0,0.2,0.0,0.5,0.5,0.5,0.5,0.5,0.5,0.5,0.5,0.0,0.0,0.75,1.0,1.0,1.0,0.0,0.0,0.5,0.5,0.0,1.0,1.0,0.5,0.5,0.5,1.0,1.0,0.5,0.5,0.5,0.5,0.5,1.0,0.5,0.5,0.5,0.5,1.0,0.2,0.0,1.0,1.0,1.0,0.5,0.5
0.0,0.0,0.0,0.0,0.6,0.6,0.18046,0.4,0.3,0.0,0.5,0.0,0.0,0.32,0.08,0.9097,0.0,0.8,1.0,0.9,1.0,0.8,1.0,0.98881,1.0,0.75,0.76291,0.58788,0.0,0.0,0.97414,0.25,0.75,0.0,1.0,1.0,0.5,0.5,0.5,1.0,1.0,0.5,0.5,0.5,0.0,0.0,1.0,1.0,1.0,1.0,0.62805,1.0,0.2,0.0,1.0,0.0,1.0,0.0,1.0
1.0,0.0,1.0,1.0,0.4,0.6,0.18418,0.6,0.36667,0.0,0.5,0.0,0.0,0.32,0.12,0.0,0.98592,1.0,1.0,0.7,1.0,0.8,0.0,0.87879,1.0,0.25,0.947,0.6974,0.5,0.0,0.66667,0.75,0.5,0.0,1.0,1.0,0.5,0.5,0.5,1.0,1.0,0.5,0.5,0.5,0.0,0.0,1.0,1.0,1.0,1.0,0.17319,1.0,0.2,0.0,1.0,0.0,1.0,0.5,1.0
0.0,1.0,1.0,1.0,0.6,0.6,0.2139,0.6,0.43333,0.0,0.5,0.0,0.0,0.36,0.12,0.0,0.96078,0.8,1.0,0.7,1.0,0.8,0.0,0.79156,1.0,0.5,0.88381,0.79182,0.0,0.0,1.0,0.5,0.75,0.0,0.8,0.96805,1.0,1.0,1.0,1.0,0.5,0.5,0.5,0.5,0.0,0.0,1.0,0.0,1.0,0.49922,0.1918,1.0,0.2,0.0,1.0,0.0,1.0,0.0,1.0
1.0,1.0,1.0,1.0,0.6,0.6,0.23188,0.6,0.5,0.0,0.5,0.0,0.0,0.28,0.12,0.98761,0.0,1.0,1.0,0.7,1.0,1.0,1.0,0.80793,1.0,0.5,0.92755,0.86488,0.0,0.0,1.0,0.75,1.0,0.0,0.8,0.98729,1.0,1.0,1.0,1.0,1.0,0.5,0.5,0.5,0.0,0.0,1.0,0.0,1.0,1.0,0.09868,1.0,0.2,0.0,1.0,0.0,1.0,0.0,1.0
1.0,0.0,1.0,0.0,0.6,0.6,0.18664,0.6,0.56667,0.0,0.5,0.0,0.0,0.28,0.16,0.0,0.97964,1.0,1.0,0.5,1.0,0.8,0.0,0.7484,1.0,0.25,0.62377,0.45325,0.0,0.0,1.0,1.0,1.0,0.0,1.0,1.0,0.5,1.0,0.5,1.0,1.0,0.5,0.5,0.5,0.0,0.0,1.0,1.0,1.0,1.0,0.09868,1.0,0.2,0.0,1.0,0.0,1.0,1.0,1.0
0.0,0.0,0.0,0.0,0.6,0.6,0.14204,0.6,0.63333,0.0,0.5,0.0,0.0,0.28,0.16,0.98692,0.0,1.0,1.0,0.5,0.8,1.0,1.0,0.77288,1.0,0.25,0.46611,0.30387,0.0,0.0,0.856,0.75,1.0,0.0,0.8,0.99406,1.0,1.0,1.0,1.0,0.66667,0.5,0.5,0.5,0.0,0.0,1.0,1.0,1.0,1.0,0.09868,1.0,0.2,0.0,1.0,0.0,1.0,1.0,1.0
0.0,0.0,0.0,0.0,0.6,0.6,0.1305,0.6,0.76667,0.0,0.5,0.0,0.0,0.16,0.16,0.98638,0.0,1.0,1.0,0.5,1.0,1.0,1.0,0.54319,0.77599,0.75,0.5059,0.33859,0.0,0.0,1.0,0.5,0.5,0.0,0.8,0.99779,1.0,1.0,1.0,1.0,0.66667,0.5,0.5,0.5,0.0,0.0,1.0,1.0,1.0,1.0,0.09868,1.0,0.2,0.0,1.0,0.0,1.0,0.0,1.0
0.0,0.0,0.0,0.0,0.6,0.6,0.13047,0.6,0.83333,0.0,0.5,0.0,0.0,0.12,0.16,0.99089,0.0,1.0,1.0,0.5,1.0,1.0,1.0,0.54375,0.77679,0.75,0.50554,0.33827,0.0,0.0,1.0,0.5,1.0,0.0,0.8,0.9986,1.0,1.0,1.0,1.0,0.66667,0.5,0.5,0.5,0.0,0.0,1.0,1.0,1.0,1.0,0.09868,1.0,0.2,0.0,1.0,0.0,1.0,0.0,1.0
0.5,0.5,0.5,0.5,0.5,0.5,0.1979,0.8,0.06667,0.0,0.5,0.0,0.0,0.36,0.0,0.5,0.5,0.7,1.0,1.0,1.0,0.5,1.0,0.75383,1.0,0.0,0.97686,0.83389,0.5,0.0,0.66667,1.0,0.5,0.0,1.0,1.0,0.5,0.5,0.5,1.0,1.0,0.5,0.5,0.5,0.5,0.5,1.0,1.0,1.0,0.5,0.5,1.0,0.2,0.0,1.0,1.0,1.0,1.0,0.5
1.0,1.0,1.0,1.0,0.6,0.6,1e-05,0.2,0.5,0.0,0.5,0.0,0.0,0.04,0.24,0.0,0.98228,1.0,1.0,0.7,1.0,0.6,0.0,0.00067,0.00096,0.25,0.00653,0.00328,0.0,0.0,1.0,0.5,0.75,0.0,0.8,0.9972,0.69547,0.5,0.69547,1.0,1.0,0.5,0.5,0.5,0.0,0.0,1.0,1.0,1.0,1.0,1.0,1.0,0.2,0.0,1.0,0.0,1.0,0.0,1.0
0.5,0.5,0.5,0.5,0.5,0.5,0.2,0.6,0.03333,0.0,0.5,0.0,0.0,0.2,0.0,0.5,0.5,0.5,0.5,0.5,0.5,0.5,0.5,0.0,0.0,0.75,1.0,1.0,1.0,0.0,0.0,0.5,0.5,0.0,1.0,1.0,0.5,0.5,0.5,1.0,1.0,0.5,0.5,0.5,0.5,0.5,1.0,0.5,0.5,0.5,0.5,1.0,0.2,0.0,1.0,1.0,1.0,0.5,0.5
0.0,0.0,0.0,0.0,0.6,0.6,0.2,0.6,0.53333,0.0,0.5,0.0,0.0,0.2,0.0,1.0,0.0,1.0,1.0,1.0,1.0,1.0,0.0,0.08163,0.11662,0.0,1.0,1.0,1.0,0.0,1.0,1.0,0.25,0.0,1.0,1.0,0.5,0.5,0.5,1.0,1.0,0.5,0.5,0.5,0.0,0.0,1.0,1.0,1.0,0.5,0.5,1.0,0.2,1.0,1.0,1.0,1.0,0.0,1.0
0.0,0.0,0.0,0.0,0.6,0.6,0.2,0.6,0.6,0.0,0.5,0.0,0.0,0.2,0.0,0.0,1.0,1.0,1.0,1.0,1.0,1.0,0.0,0.08163,0.11662,0.0,1.0,1.0,1.0,0.0,1.0,1.0,1.0,0.0,1.0,1.0,0.5,0.5,0.5,1.0,1.0,0.5,0.5,0.5,0.0,0.0,1.0,1.0,1.0,0.5,0.5,1.0,0.2,1.0,1.0,1.0,1.0,1.0,1.0
0.0,0.0,0.0,0.0,0.6,0.6,0.2,0.6,0.86667,0.0,0.5,0.0,0.0,0.2,0.0,1.0,0.0,1.0,1.0,1.0,1.0,1.0,0.0,0.08163,0.11662,0.0,1.0,1.0,1.0,0.0,1.0,1.0,1.0,0.0,1.0,1.0,0.5,0.5,0.5,1.0,1.0,0.5,0.5,0.5,0.0,0.0,1.0,1.0,1.0,0.5,0.5,1.0,0.2,1.0,1.0,1.0,1.0,1.0,1.0
0.0,0.5,0.0,0.5,0.6,0.5,0.2,0.6,0.9,0.0,0.5,0.0,1.0,0.2,0.0,1.0,0.0,1.0,1.0,1.0,1.0,1.0,0.0,0.08163,0.11662,0.0,1.0,1.0,1.0,0.0,1.0,1.0,1.0,0.0,1.0,1.0,0.5,0.5,0.5,1.0,1.0,0.5,0.5,0.5,0.0,0.0,1.0,1.0,1.0,0.5,0.5,1.0,0.2,1.0,1.0,1.0,1.0,1.0,1.0
0.0,0.0,1.0,1.0,0.6,0.6,0.2,0.6,0.0,0.96774,0.5,0.0,0.0,0.2,0.0,1.0,0.0,1.0,1.0,1.0,1.0,1.0,0.0,0.08163,0.11662,0.0,1.0,1.0,1.0,0.0,1.0,1.0,1.0,0.0,1.0,1.0,0.5,0.5,0.5,1.0,1.0,0.5,0.5,0.5,0.0,0.0,1.0,1.0,1.0,0.5,0.5,1.0,0.2,1.0,1.0,1.0,1.0,1.0,1.0
0.0,0.0,0.0,0.0,0.6,0.6,0.2,0.6,0.0,0.90909,0.5,0.0,0.0,0.2,0.0,1.0,0.0,1.0,1.0,1.0,1.0,1.0,0.0,0.08163,0.11662,0.0,1.0,1.0,1.0,0.0,1.0,1.0,1.0,0.0,1.0,1.0,0.5,0.5,0.5,1.0,1.0,0.5,0.5,0.5,0.0,0.0,1.0,1.0,1.0,0.5,0.5,1.0,0.2,1.0,1.0,1.0,1.0,1.0,1.0
0.0,0.5,0.0,0.5,0.6,0.5,0.2,0.6,0.0,0.88235,0.5,0.0,1.0,0.2,0.0,0.0,1.0,1.0,1.0,1.0,1.0,1.0,0.0,0.08163,0.11662,0.0,1.0,1.0,1.0,0.0,1.0,1.0,1.0,0.0,1.0,1.0,0.5,0.5,0.5,1.0,1.0,0.5,0.5,0.5,0.0,0.0,1.0,1.0,1.0,0.5,0.5,1.0,0.2,1.0,1.0,1.0,1.0,1.0,1.0
0.0,0.5,1.0,0.5,0.6,0.5,0.2,0.6,0.0,0.85714,0.5,0.0,1.0,0.2,0.0,1.0,0.0,1.0,1.0,1.0,1.0,1.0,0.0,0.08163,0.11662,0.0,1.0,1.0,1.0,0.0,1.0,1.0,1.0,0.0,1.0,1.0,0.5,0.5,0.5,1.0,1.0,0.5,0.5,0.5,0.0,0.0,1.0,1.0,1.0,0.5,0.5,1.0,0.2,1.0,1.0,1.0,1.0,1.0,1.0
0.5,0.5,0.5,0.5,0.5,0.5,0.28185,1.0,0.26667,0.0,0.5,0.0,0.0,0.56,0.04,0.36204,0.0,1.0,1.0,1.0,1.0,0.5,1.0,0.88748,1.0,0.25,1.0,1.0,1.0,0.0,0.96924,0.75,0.5,0.0,1.0,1.0,0.5,0.5,0.5,1.0,1.0,0.5,0.5,0.5,0.0,0.0,1.0,1.0,1.0,1.0,1.0,1.0,0.2,0.0,1.0,0.0,1.0,0.0,0.5
1.0,1.0,1.0,1.0,1.0,1.0,0.96508,1.0,0.7,0.0,0.5,0.0,0.0,0.08,0.16,0.0,0.96946,1.0,1.0,0.7,1.0,0.6,1.0,0.38604,0.55148,0.0,1.0,1.0,1.0,0.0,1.0,1.0,0.5,0.0,1.0,1.0,0.5,1.0,0.5,1.0,1.0,0.5,0.5,0.5,0.0,0.0,1.0,1.0,1.0,1.0,0.40362,1.0,0.2,1.0,1.0,0.0,1.0,1.0,1.0
0.5,0.5,0.5,0.5,0.5,0.5,0.20846,0.8,0.13333,0.0,0.5,0.0,0.0,0.76,0.0,1.0,0.0,1.0,1.0,1.0,1.0,0.5,1.0,0.90102,1.0,0.5,1.0,0.87438,0.5,0.0,0.97558,1.0,0.5,0.0,1.0,1.0,0.5,0.5,0.5,1.0,1.0,0.5,0.5,0.5,0.0,0.0,1.0,1.0,1.0,0.5,0.5,1.0,0.2,0.0,1.0,1.0,1.0,1.0,0.5
1.0,1.0,1.0,1.0,1.0,0.8,0.1644,0.4,0.7,0.0,0.5,0.0,0.0,0.52,0.0,0.0,0.99947,1.0,1.0,1.0,1.0,0.4,0.0,0.21993,0.31419,0.0,1.0,1.0,1.0,0.0,1.0,1.0,0.75,0.0,1.0,1.0,0.5,0.5,0.5,1.0,1.0,0.5,0.5,0.5,0.0,0.0,1.0,1.0,1.0,0.5,0.5,1.0,0.2,0.0,1.0,1.0,1.0,1.0,1.0
1.0,1.0,1.0,1.0,0.4,0.4,0.17066,0.4,0.76667,0.0,0.5,0.0,0.0,0.52,0.0,0.0,0.99401,1.0,1.0,1.0,1.0,1.0,0.0,0.20383,0.29118,0.0,1.0,1.0,1.0,0.0,1.0,1.0,1.0,0.0,1.0,1.0,0.5,0.5,0.5,1.0,1.0,0.5,0.5,0.5,0.0,0.0,1.0,1.0,1.0,0.5,0.5,1.0,0.2,0.0,1.0,1.0,1.0,1.0,1.0
1.0,1.0,1.0,1.0,0.4,0.4,0.17527,0.4,0.83333,0.0,0.5,0.0,0.0,0.52,0.0,0.0,0.991,1.0,1.0,1.0,1.0,1.0,0.0,0.18542,0.26488,0.0,1.0,1.0,1.0,0.0,1.0,1.0,1.0,0.0,1.0,1.0,0.5,0.5,0.5,1.0,1.0,0.5,0.5,0.5,0.0,0.0,1.0,1.0,1.0,0.5,0.5,1.0,0.2,0.0,1.0,1.0,1.0,1.0,1.0
1.0,1.0,1.0,1.0,0.4,0.4,0.17701,0.4,0.9,0.0,0.5,0.0,0.0,0.52,0.0,0.0,0.98867,1.0,1.0,1.0,1.0,1.0,0.0,0.16575,0.23678,0.0,1.0,1.0,1.0,0.0,1.0,1.0,1.0,0.0,1.0,1.0,0.5,0.5,0.5,1.0,1.0,0.5,0.5,0.5,0.0,0.0,1.0,1.0,1.0,0.5,0.5,1.0,0.2,0.0,1.0,1.0,1.0,1.0,1.0
0.5,0.5,0.5,0.5,0.5,0.5,0.31226,1.0,0.23333,0.0,0.5,0.0,0.0,0.64,0.0,0.91902,0.0,1.0,1.0,1.0,1.0,0.5,1.0,0.90571,1.0,0.0,1.0,1.0,1.0,0.0,1.0,1.0,0.5,0.0,1.0,1.0,0.5,0.5,0.5,1.0,1.0,0.5,0.5,0.5,0.0,0.0,1.0,1.0,1.0,0.5,0.5,1.0,0.2,0.0,1.0,1.0,1.0,1.0,0.5
1.0,0.0,1.0,0.0,1.0,1.0,0.23272,1.0,0.33333,0.0,0.5,0.0,0.0,0.6,0.0,0.97203,0.0,1.0,1.0,1.0,1.0,1.0,1.0,0.93514,1.0,0.0,1.0,1.0,1.0,0.0,1.0,1.0,1.0,0.0,1.0,1.0,0.5,0.5,0.5,1.0,1.0,0.5,0.5,0.5,0.0,0.0,1.0,1.0,1.0,0.5,0.5,1.0,0.2,0.0,1.0,1.0,1.0,1.0,1.0
0.0,0.0,0.0,0.0,1.0,0.6,0.13116,0.2,0.6,0.0,0.5,0.0,0.0,0.32,0.0,0.93054,0.0,1.0,1.0,1.0,1.0,0.7,1.0,0.40667,0.58096,0.0,0.58762,0.41605,0.0,0.0,0.87498,0.75,0.75,0.0,1.0,1.0,0.5,0.5,0.5,1.0,1.0,0.5,0.5,0.5,0.0,0.0,1.0,1.0,1.0,0.5,0.5,1.0,0.2,0.0,1.0,1.0,1.0,0.0,1.0
1.0,1.0,1.0,1.0,0.4,0.6,0.18847,0.6,0.66667,0.0,0.5,0.0,0.0,0.32,0.0,0.95904,0.0,1.0,1.0,1.0,1.0,1.0,1.0,0.42345,0.60493,0.0,0.82751,0.70577,0.0,0.0,0.89751,1.0,1.0,0.0,1.0,1.0,0.5,0.5,0.5,1.0,1.0,0.5,0.5,0.5,0.0,0.0,1.0,1.0,1.0,0.5,0.5,1.0,0.2,0.0,1.0,1.0,1.0,0.0,1.0
1.0,1.0,1.0,1.0,0.6,0.6,0.19872,0.6,0.76667,0.0,0.5,0.0,0.0,0.32,0.0,0.99238,0.0,0.9,0.8,1.0,1.0,0.9,1.0,0.77357,1.0,0.25,0.87718,0.78123,0.0,0.0,0.92499,0.75,1.0,0.0,1.0,1.0,0.5,0.5,0.5,1.0,1.0,0.5,0.5,0.5,0.0,0.0,1.0,1.0,1.0,0.5,0.5,1.0,0.2,0.0,1.0,1.0,1.0,0.0,1.0
0.0,0.0,1.0,1.0,0.6,0.6,0.09835,0.2,0.0,0.9375,0.5,0.0,0.0,0.24,0.0,0.99063,0.0,0.9,0.9,1.0,1.0,1.0,1.0,0.70731,1.0,0.25,0.57731,0.40579,0.0,0.0,0.78764,1.0,0.5,0.0,1.0,1.0,0.5,0.5,0.5,1.0,1.0,0.5,0.5,0.5,0.0,0.0,1.0,1.0,1.0,0.5,0.5,1.0,0.2,0.0,1.0,1.0,1.0,0.0,1.0
0.0,0.0,0.0,0.0,0.2,0.2,0.09635,0.2,0.0,0.88235,0.5,0.0,0.0,0.24,0.0,0.9911,0.0,1.0,0.9,1.0,1.0,1.0,0.0,0.01894,0.02706,0.0,1.0,1.0,1.0,0.0,1.0,0.75,0.75,0.0,1.0,1.0,0.5,0.5,0.5,1.0,1.0,0.5,0.5,0.5,0.0,0.0,1.0,1.0,1.0,0.5,0.5,1.0,0.2,1.0,1.0,1.0,1.0,1.0,1.0
0.0,0.5,0.0,0.5,0.2,0.5,0.09619,0.2,0.0,0.85714,0.5,0.0,1.0,0.24,0.0,0.99242,0.0,1.0,0.9,1.0,1.0,1.0,0.0,0.01888,0.02698,0.0,1.0,1.0,1.0,0.0,1.0,1.0,1.0,0.0,1.0,1.0,0.5,0.5,0.5,1.0,1.0,0.5,0.5,0.5,0.0,0.0,1.0,1.0,1.0,0.5,0.5,1.0,0.2,1.0,1.0,1.0,1.0,1.0,1.0
0.0,0.5,0.0,0.5,0.2,0.5,0.09614,0.2,0.0,0.83333,0.5,0.0,1.0,0.24,0.0,0.9937,0.0,1.0,0.9,1.0,1.0,1.0,0.0,0.01886,0.02695,0.0,1.0,1.0,1.0,0.0,1.0,1.0,1.0,0.0,1.0,1.0,0.5,0.5,0.5,1.0,1.0,0.5,0.5,0.5,0.0,0.0,1.0,1.0,1.0,0.5,0.5,1.0,0.2,1.0,1.0,1.0,1.0,1.0,1.0
0.0,0.5,0.0,0.5,0.2,0.5,0.09612,0.2,0.0,0.81081,0.5,0.0,1.0,0.24,0.0,0.99143,0.0,1.0,1.0,1.0,1.0,1.0,0.0,0.01885,0.02694,0.0,1.0,1.0,1.0,0.0,1.0,1.0,1.0,0.0,1.0,1.0,0.5,0.5,0.5,1.0,1.0,0.5,0.5,0.5,0.0,0.0,1.0,1.0,1.0,0.5,0.5,1.0,0.2,1.0,1.0,1.0,1.0,1.0,1.0
0.0,0.5,0.0,0.5,0.2,0.5,0.09611,0.2,0.0,0.78947,0.5,0.0,1.0,0.24,0.0,0.98924,0.0,1.0,1.0,1.0,1.0,1.0,0.0,0.01885,0.02693,0.0,1.0,1.0,1.0,0.0,1.0,1.0,1.0,0.0,1.0,1.0,0.5,0.5,0.5,1.0,1.0,0.5,0.5,0.5,0.0,0.0,1.0,1.0,1.0,0.5,0.5,1.0,0.2,1.0,1.0,1.0,1.0,1.0,1.0
0.0,0.5,0.0,0.5,0.2,0.5,0.09611,0.2,0.0,0.76923,0.5,0.0,1.0,0.2,0.0,0.98903,0.0,1.0,1.0,1.0,1.0,1.0,0.0,0.01885,0.02693,0.0,1.0,1.0,1.0,0.0,1.0,1.0,1.0,0.0,1.0,1.0,0.5,0.5,0.5,1.0,1.0,0.5,0.5,0.5,0.0,0.0,1.0,1.0,1.0,0.5,0.5,1.0,0.2,1.0,1.0,1.0,1.0,1.0,1.0
0.0,0.5,0.0,0.5,0.2,0.5,0.09611,0.2,0.0,0.75,0.5,0.0,1.0,0.2,0.0,0.98989,0.0,1.0,1.0,1.0,1.0,1.0,0.0,0.01885,0.02693,0.0,1.0,1.0,1.0,0.0,1.0,1.0,1.0,0.0,1.0,1.0,0.5,0.5,0.5,1.0,1.0,0.5,0.5,0.5,0.0,0.0,1.0,1.0,1.0,0.5,0.5,1.0,0.2,1.0,1.0,1.0,1.0,1.0,1.0
0.5,0.5,0.5,0.5,0.5,0.5,0.2,0.6,0.03333,0.0,0.5,0.0,0.0,0.2,0.0,0.5,0.5,0.5,0.5,0.5,0.5,0.5,0.5,0.0,0.0,0.75,1.0,1.0,1.0,0.0,0.0,0.5,0.5,0.0,1.0,1.0,0.5,0.5,0.5,1.0,1.0,0.5,0.5,0.5,0.5,0.5,1.0,0.5,0.5,0.5,0.5,1.0,0.2,0.0,1.0,1.0,1.0,0.5,0.5
0.5,0.5,0.5,0.5,0.5,0.5,0.07372,0.1,0.13333,0.0,1.0,0.0,0.0,0.28,0.0,0.93639,0.0,1.0,1.0,1.0,1.0,0.5,0.0,0.6922,0.98886,0.11111,0.7406,0.63562,0.0,0.0,0.6921,0.88889,0.5,0.0,1.0,1.0,0.5,0.5,0.5,1.0,1.0,0.5,0.5,0.5,0.0,0.0,1.0,1.0,1.0,0.5,0.5,1.0,0.1,0.0,1.0,1.0,1.0,0.66667,0.5
1.0,0.0,1.0,0.0,0.1,0.1,0.07245,0.1,0.36667,0.0,1.0,0.0,0.0,0.21,0.0,0.97625,0.0,1.0,1.0,1.0,1.0,0.91111,1.0,0.6978,0.99686,0.11111,0.72057,0.54725,0.0,0.0,0.77592,1.0,0.77778,0.0,1.0,1.0,0.5,0.5,0.5,1.0,1.0,0.5,0.5,0.5,0.0,0.0,1.0,1.0,1.0,0.5,0.5,1.0,0.1,0.0,1.0,1.0,1.0,0.33333,1.0
1.0,1.0,1.0,1.0,0.1,0.1,0.08018,0.1,0.43333,0.0,1.0,0.0,0.0,0.23,0.0,0.99998,0.0,1.0,1.0,1.0,1.0,1.0,0.0,0.69561,0.99373,0.11111,0.80213,0.64353,0.0,0.0,0.78775,1.0,1.0,0.0,1.0,1.0,0.5,0.5,0.5,1.0,1.0,0.5,0.5,0.5,0.0,0.0,1.0,1.0,1.0,0.5,0.5,1.0,0.1,0.0,1.0,1.0,1.0,0.0,1.0
0.5,0.5,0.5,0.5,0.5,0.5,0.06303,0.1,0.16667,0.0,1.0,0.0,0.0,0.11,0.0,0.9792,0.0,1.0,1.0,1.0,1.0,0.5,1.0,0.08167,0.11667,0.0,0.63012,0.45999,0.0,0.0,0.5,1.0,0.5,0.0,1.0,1.0,0.5,0.5,0.5,1.0,1.0,0.5,0.5,0.5,0.0,0.0,1.0,1.0,1.0,0.5,0.5,1.0,0.1,0.0,1.0,1.0,1.0,1.0,0.5
0.5,0.5,0.5,0.5,0.5,0.5,0.07932,0.2,0.33333,0.0,1.0,0.0,0.0,0.5,0.0,0.97812,0.0,1.0,1.0,1.0,1.0,0.5,1.0,0.49456,0.70651,0.0,0.80568,0.63998,0.25,0.0,0.96336,1.0,0.5,0.0,1.0,1.0,0.5,0.5,0.5,1.0,1.0,0.5,0.5,0.5,0.0,0.0,1.0,1.0,1.0,0.5,0.5,1.0,0.1,0.0,1.0,1.0,1.0,1.0,0.5
1.0,1.0,1.0,1.0,0.3,0.3,0.04055,0.2,0.43333,0.0,1.0,0.0,0.0,0.36,0.06,0.64036,0.0,0.91111,0.91111,0.86667,1.0,0.91111,0.0,0.89309,1.0,0.11111,0.39696,0.29936,0.0,0.0,0.95199,0.77778,0.88889,0.0,0.9,0.85136,0.19353,0.5,0.35481,1.0,1.0,0.5,0.5,0.5,0.0,0.62837,1.0,1.0,1.0,0.5,0.5,1.0,0.1,0.0,1.0,1.0,1.0,0.8,1.0
0.5,0.5,0.5,0.5,0.5,0.5,0.15302,1.0,0.66667,0.0,1.0,0.0,0.0,0.14,0.01,0.98878,0.0,1.0,1.0,1.0,1.0,0.5,1.0,0.67575,0.96536,0.11111,1.0,1.0,1.0,0.0,0.94141,0.88889,0.5,0.0,1.0,1.0,0.5,0.5,0.5,1.0,1.0,0.5,0.5,0.5,0.0,0.0,1.0,1.0,1.0,1.0,0.76466,1.0,0.1,0.0,1.0,0.0,1.0,0.5,0.5
0.5,0.5,0.5,0.5,0.5,0.5,0.08311,0.4,0.56667,0.0,1.0,0.0,0.0,0.5,0.04,0.98524,0.0,0.68889,0.68889,0.68889,1.0,0.5,0.0,0.89167,1.0,0.77778,0.90705,0.62457,0.375,0.0,0.98117,0.11111,0.5,0.0,1.0,1.0,0.5,0.5,0.5,1.0,1.0,0.5,0.5,0.5,0.0,0.0,1.0,1.0,1.0,0.5,0.5,1.0,0.1,0.0,1.0,1.0,1.0,0.25,0.5
1.0,1.0,1.0,1.0,0.5,0.5,0.02329,0.5,0.9,0.0,1.0,0.0,0.0,0.22,0.06,0.98858,0.0,1.0,1.0,0.6,1.0,0.68889,1.0,0.9504,1.0,0.33333,0.19489,0.11567,0.2,0.0,0.99115,1.0,0.66667,0.0,0.9,0.71758,0.51975,0.5,0.0,1.0,1.0,0.5,0.5,0.5,0.0,0.0,1.0,1.0,1.0,0.5,0.5,1.0,0.1,0.0,1.0,1.0,1.0,0.4,1.0
0.5,0.5,0.5,0.5,0.5,0.5,0.09082,0.2,0.1,0.0,1.0,0.0,0.0,0.85,0.0,0.0,1.0,1.0,1.0,1.0,1.0,0.5,0.0,0.32653,0.46647,0.0,0.90823,0.80021,0.11111,0.0,0.93963,0.88889,0.5,0.0,1.0,1.0,0.5,0.5,0.5,1.0,1.0,0.5,0.5,0.5,0.0,0.0,1.0,1.0,1.0,0.5,0.5,1.0,0.1,0.0,1.0,1.0,1.0,0.44444,0.5
0.5,0.5,0.5,0.5,0.5,0.5,0.04996,0.1,0.2,0.0,1.0,0.0,0.0,0.12,0.0,0.99977,0.0,0.95556,1.0,1.0,1.0,0.5,0.0,0.06037,0.08624,0.11111,0.58092,0.40937,0.0,0.0,0.52077,1.0,0.5,0.0,1.0,1.0,0.5,0.5,0.5,1.0,1.0,0.5,0.5,0.5,0.0,0.0,1.0,1.0,1.0,0.5,0.5,1.0,0.1,0.0,1.0,1.0,1.0,1.0,0.5
0.5,0.5,0.5,0.5,0.5,0.5,0.0786,0.3,0.13333,0.0,1.0,0.0,0.0,0.49,0.02,0.34851,0.0,0.97778,1.0,0.97778,1.0,0.5,0.0,0.90588,1.0,0.0,0.82579,0.67944,0.33333,0.0,0.91598,0.88889,0.5,0.7,1.0,1.0,0.5,0.5,0.5,1.0,1.0,0.5,0.5,0.5,1.0,0.0,0.3,1.0,1.0,0.5,0.5,1.0,0.1,0.0,1.0,1.0,1.0,0.5,0.5
0.5,0.5,0.5,0.5,0.5,0.5,0.12335,0.9,0.1,0.0,1.0,0.0,0.0,0.45,0.01,0.34663,0.0,0.66667,0.73333,1.0,1.0,0.5,1.0,0.6411,0.91585,0.11111,1.0,1.0,1.0,0.0,1.0,0.88889,0.5,0.0,1.0,1.0,0.5,0.5,0.5,1.0,1.0,0.5,0.5,0.5,0.0,0.0,1.0,1.0,1.0,1.0,1.0,1.0,0.1,0.0,1.0,0.0,1.0,0.0,0.5
1.0,1.0,1.0,1.0,1.0,1.0,0.09625,0.5,0.43333,0.0,1.0,0.0,0.0,0.28,0.03,0.0,0.99092,1.0,0.95556,0.86667,0.86667,0.77778,0.0,0.74487,1.0,0.22222,0.86238,0.50697,0.33333,0.0,0.84453,0.66667,0.88889,0.0,1.0,1.0,0.5,0.5,0.5,1.0,1.0,0.5,0.5,0.5,0.0,0.0,1.0,1.0,1.0,1.0,0.89178,1.0,0.1,0.0,1.0,0.0,1.0,0.33333,1.0
0.0,0.0,0.0,0.0,0.5,0.2,0.05611,0.3,0.53333,0.0,1.0,0.0,0.0,0.24,0.05,0.99404,0.0,1.0,1.0,0.91111,1.0,1.0,1.0,0.73416,1.0,0.22222,0.52052,0.26329,0.0,0.0,0.84214,1.0,1.0,0.0,0.8,0.8596,0.80382,1.0,0.80382,1.0,1.0,0.5,0.5,0.5,0.0,0.0,1.0,1.0,1.0,1.0,0.89178,1.0,0.1,0.0,1.0,0.0,1.0,0.0,1.0
1.0,1.0,1.0,1.0,0.3,0.4,0.06179,0.4,0.93333,0.0,1.0,0.0,0.0,0.15,0.04,0.0,0.98092,1.0,1.0,0.75556,0.97778,0.64444,1.0,0.73997,1.0,0.22222,0.54244,0.38886,0.0,0.0,0.93843,0.77778,0.77778,0.0,1.0,1.0,0.5,1.0,0.5,1.0,1.0,0.5,0.5,0.5,0.0,0.0,1.0,1.0,1.0,0.77707,0.55333,1.0,0.1,0.0,1.0,0.0,1.0,0.66667,1.0
0.5,0.5,0.5,0.5,0.5,0.5,0.07711,0.1,0.13333,0.0,1.0,0.0,0.0,0.7,0.0,1.0,0.0,1.0,1.0,1.0,1.0,0.5,0.0,0.32653,0.46647,0.0,0.77111,0.61341,0.0,0.0,0.93269,1.0,0.5,0.0,1.0,1.0,0.5,0.5,0.5,1.0,1.0,0.5,0.5,0.5,0.0,0.0,1.0,1.0,1.0,0.5,0.5,1.0,0.1,0.0,1.0,1.0,1.0,0.22222,0.5
0.5,0.5,0.5,0.5,0.5,0.5,0.06303,0.1,0.16667,0.0,1.0,0.0,0.0,0.11,0.0,0.98119,0.0,1.0,1.0,1.0,1.0,0.5,1.0,0.08167,0.11667,0.0,0.63012,0.45999,0.0,0.0,0.5,1.0,0.5,0.0,1.0,1.0,0.5,0.5,0.5,1.0,1.0,0.5,0.5,0.5,0.0,0.0,1.0,1.0,1.0,0.5,0.5,1.0,0.1,0.0,1.0,1.0,1.0,1.0,0.5
0.0,0.0,0.0,0.0,0.1,0.1,0.06136,0.1,0.96667,0.0,1.0,0.0,0.0,0.1,0.0,0.99979,0.0,1.0,1.0,1.0,1.0,0.97778,0.0,0.00768,0.01098,0.0,1.0,1.0,1.0,0.0,1.0,1.0,0.88889,0.0,1.0,1.0,0.5,0.5,0.5,1.0,1.0,0.5,0.5,0.5,0.0,0.0,1.0,1.0,1.0,0.5,0.5,1.0,0.1,1.0,1.0,1.0,1.0,0.0,1.0
0.0,0.0,0.0,0.0,0.1,0.1,0.06136,0.1,0.0,0.96774,1.0,0.0,0.0,0.1,0.0,0.99986,0.0,1.0,1.0,1.0,1.0,1.0,0.0,0.00768,0.01098,0.0,1.0,1.0,1.0,0.0,1.0,1.0,1.0,0.0,1.0,1.0,0.5,0.5,0.5,1.0,1.0,0.5,0.5,0.5,0.0,0.0,1.0,1.0,1.0,0.5,0.5,1.0,0.1,1.0,1.0,1.0,1.0,0.0,1.0
0.0,0.0,0.0,0.0,0.1,0.1,0.06136,0.1,0.0,0.90909,1.0,0.0,0.0,0.1,0.0,0.99991,0.0,1.0,1.0,1.0,1.0,1.0,0.0,0.00768,0.01098,0.0,1.0,1.0,1.0,0.0,1.0,1.0,1.0,0.0,1.0,1.0,0.5,0.5,0.5,1.0,1.0,0.5,0.5,0.5,0.0,0.0,1.0,1.0,1.0,0.5,0.5,1.0,0.1,1.0,1.0,1.0,1.0,0.0,1.0
0.0,0.0,0.0,0.0,0.1,0.1,0.06136,0.1,0.0,0.85714,1.0,0.0,0.0,0.1,0.0,0.99994,0.0,1.0,1.0,1.0,1.0,1.0,0.0,0.00768,0.01098,0.0,1.0,1.0,1.0,0.0,1.0,1.0,1.0,0.0,1.0,1.0,0.5,0.5,0.5,1.0,1.0,0.5,0.5,0.5,0.0,0.0,1.0,1.0,1.0,0.5,0.5,1.0,0.1,1.0,1.0,1.0,1.0,0.0,1.0
0.0,0.0,0.0,0.0,0.1,0.1,0.06136,0.1,0.0,0.81081,1.0,0.0,0.0,0.1,0.0,0.99996,0.0,1.0,1.0,1.0,1.0,1.0,0.0,0.00768,0.01098,0.0,1.0,1.0,1.0,0.0,1.0,1.0,1.0,0.0,1.0,1.0,0.5,0.5,0.5,1.0,1.0,0.5,0.5,0.5,0.0,0.0,1.0,1.0,1.0,0.5,0.5,1.0,0.1,1.0,1.0,1.0,1.0,0.0,1.0
0.0,0.0,0.0,0.0,0.1,0.1,0.06136,0.1,0.0,0.76923,1.0,0.0,0.0,0.1,0.0,0.99998,0.0,1.0,1.0,1.0,1.0,1.0,0.0,0.00768,0.01098,0.0,1.0,1.0,1.0,0.0,1.0,1.0,1.0,0.0,1.0,1.0,0.5,0.5,0.5,1.0,1.0,0.5,0.5,0.5,0.0,0.0,1.0,1.0,1.0,0.5,0.5,1.0,0.1,1.0,1.0,1.0,1.0,0.0,1.0
0.5,0.5,0.5,0.5,0.5,0.5,0.09635,0.4,0.23333,0.0,1.0,0.0,0.0,0.31,0.05,0.85306,0.0,1.0,1.0,0.93333,1.0,0.5,1.0,0.76403,1.0,0.11111,0.98885,0.88056,0.5,0.0,0.76928,1.0,0.5,0.0,0.9,0.96125,0.48596,0.5,0.0,1.0,1.0,0.5,0.5,0.5,0.0,0.10095,1.0,1.0,1.0,1.0,0.89213,1.0,0.1,0.0,1.0,0.0,1.0,0.0,0.5
1.0,0.5,1.0,0.5,0.8,0.5,0.11929,0.8,0.26667,0.0,1.0,0.0,1.0,0.28,0.05,0.93162,0.0,1.0,1.0,0.93333,1.0,1.0,1.0,0.76858,1.0,0.11111,1.0,1.0,1.0,0.0,0.78883,1.0,1.0,0.0,1.0,1.0,0.5,0.5,0.5,1.0,1.0,0.5,0.5,0.5,0.0,0.0,1.0,1.0,1.0,1.0,0.89213,1.0,0.1,0.0,1.0,0.0,1.0,0.0,1.0
1.0,0.0,1.0,0.0,0.8,0.6,0.09057,0.4,0.36667,0.0,1.0,0.0,0.0,0.27,0.05,0.99353,0.0,1.0,1.0,0.93333,1.0,1.0,1.0,0.7724,1.0,0.11111,0.91727,0.80523,0.25,0.0,0.79997,0.77778,1.0,0.0,1.0,1.0,0.5,0.5,0.5,1.0,1.0,0.5,0.5,0.5,0.0,0.0,1.0,1.0,1.0,1.0,0.89213,1.0,0.1,0.0,1.0,0.0,1.0,0.5,1.0
1.0,1.0,1.0,1.0,0.6,0.7,0.10685,0.6,0.46667,0.0,1.0,0.0,0.0,0.27,0.04,0.0,0.89186,0.68889,1.0,0.62222,1.0,0.68889,1.0,0.98935,1.0,0.0,0.92073,0.63114,0.6,0.0,0.82689,0.88889,0.66667,0.0,0.9,0.88157,1.0,0.5,1.0,1.0,1.0,0.5,0.5,0.5,0.0,0.0,1.0,1.0,1.0,1.0,0.89213,1.0,0.1,0.0,1.0,0.0,1.0,0.4,1.0
1.0,1.0,1.0,1.0,0.7,0.6,0.10728,0.6,0.53333,0.0,1.0,0.0,0.0,0.23,0.05,0.0,0.92239,1.0,0.88889,0.82222,0.95556,0.8,0.0,0.69541,0.99344,0.11111,1.0,0.95351,0.66667,0.0,1.0,0.77778,0.55556,0.0,1.0,1.0,0.5,0.5,0.5,1.0,1.0,0.5,0.5,0.5,0.0,0.84052,1.0,1.0,1.0,1.0,0.89213,1.0,0.1,0.0,1.0,0.0,1.0,0.66667,1.0
1.0,0.0,1.0,0.0,0.6,0.5,0.01901,0.3,0.83333,0.0,1.0,0.0,0.0,0.19,0.03,0.98613,0.0,1.0,1.0,0.84444,0.84444,0.75556,0.0,0.65454,0.93506,0.33333,0.19653,0.11552,0.0,0.0,0.97125,0.88889,0.88889,0.0,0.8,0.76609,0.32208,0.5,0.46012,1.0,0.75,0.5,0.5,0.5,0.0,0.0,1.0,1.0,1.0,1.0,0.89213,1.0,0.1,0.0,1.0,0.0,1.0,0.5,1.0
0.0,0.0,0.0,0.0,0.3,0.3,0.00034,0.3,1.0,0.0,1.0,0.0,0.0,0.14,0.03,0.0,0.99777,0.91111,0.91111,0.88889,1.0,0.91111,1.0,0.7223,1.0,0.55556,0.00329,0.00164,0.0,0.0,0.99595,0.66667,0.77778,0.0,1.0,1.0,0.5,0.40629,0.5,1.0,1.0,0.5,0.5,0.5,0.0,0.0,1.0,1.0,1.0,1.0,0.89213,1.0,0.1,0.0,1.0,0.0,1.0,0.0,1.0
0.5,0.5,0.5,0.5,0.5,0.5,0.09793,0.3,0.33333,0.0,1.0,0.0,0.0,0.49,0.0,0.99045,0.0,1.0,1.0,1.0,1.0,0.5,1.0,0.5313,0.759,0.0,0.95965,0.8612,0.0,0.0,0.98405,1.0,0.5,0.0,1.0,1.0,0.5,0.5,0.5,1.0,1.0,0.5,0.5,0.5,0.0,0.0,1.0,1.0,1.0,0.5,0.5,1.0,0.1,0.0,1.0,1.0,1.0,1.0,0.5
0.0,0.0,1.0,0.0,0.3,0.2,0.06648,0.1,0.93333,0.0,1.0,0.0,0.0,0.14,0.0,0.99561,0.0,0.93333,1.0,1.0,1.0,0.57778,1.0,0.60591,0.86558,0.11111,0.74986,0.53888,0.0,0.0,0.95808,1.0,0.55556,0.0,1.0,1.0,0.5,0.5,0.5,1.0,1.0,0.5,0.5,0.5,0.0,0.0,1.0,1.0,1.0,0.5,0.5,1.0,0.1,0.0,1.0,1.0,1.0,0.0,1.0
0.0,0.0,0.0,0.0,0.1,0.1,0.04233,0.1,0.0,0.9375,1.0,0.0,0.0,0.14,0.0,0.98842,0.0,0.97778,0.95556,1.0,1.0,0.97778,0.0,0.00366,0.00522,0.11111,1.0,1.0,1.0,0.0,1.0,1.0,0.77778,0.0,1.0,1.0,0.5,0.5,0.5,1.0,1.0,0.5,0.5,0.5,0.0,0.0,1.0,1.0,1.0,0.5,0.5,1.0,0.1,1.0,1.0,1.0,1.0,1.0,1.0
0.5,0.5,0.5,0.5,0.5,0.5,0.04037,0.06667,0.16667,0.0,0.0,0.66667,0.0,0.8,0.0,1.0,0.0,1.0,1.0,1.0,1.0,0.5,0.0,0.73548,1.0,0.07143,0.60409,0.53148,0.0,0.0,0.96844,0.57143,0.5,0.0,1.0,1.0,0.5,0.5,0.5,1.0,1.0,0.5,0.5,0.5,0.0,0.0,1.0,1.0,1.0,0.5,0.5,1.0,0.06667,0.0,1.0,1.0,1.0,0.61538,0.5
0.5,0.5,0.5,0.5,0.5,0.5,0.04451,0.06667,0.13333,0.0,0.0,0.66667,0.0,0.07556,0.0,0.98176,0.0,0.97143,0.97143,1.0,1.0,0.5,0.0,0.57231,0.81758,0.07143,0.68883,0.5324,0.0,0.0,0.66667,0.92857,0.5,0.0,1.0,1.0,0.5,0.5,0.5,1.0,1.0,0.5,0.5,0.5,0.0,0.0,1.0,1.0,1.0,0.5,0.5,1.0,0.06667,0.0,1.0,1.0,1.0,0.5,0.5
0.0,0.5,0.0,0.5,0.06667,0.5,0.04408,0.06667,0.16667,0.0,0.0,0.66667,1.0,0.07556,0.0,0.98408,0.0,0.99048,0.98095,1.0,1.0,0.99048,1.0,0.57979,0.82826,0.07143,0.65123,0.521,0.0,0.0,0.44444,1.0,0.85714,0.0,1.0,1.0,0.5,0.5,0.5,1.0,1.0,0.5,0.5,0.5,0.0,0.0,1.0,1.0,1.0,0.5,0.5,1.0,0.06667,0.0,1.0,1.0,1.0,0.0,1.0
0.5,0.5,0.5,0.5,0.5,0.5,0.06629,0.46667,0.1,0.0,0.0,0.66667,0.0,0.61778,0.0,0.92671,0.0,1.0,1.0,1.0,1.0,0.5,1.0,0.88453,1.0,0.07143,0.97921,0.87008,0.375,0.0,0.91813,0.92857,0.5,0.0,1.0,1.0,0.5,0.5,0.5,1.0,1.0,0.5,0.5,0.5,0.0,0.0,1.0,1.0,1.0,0.5,0.5,1.0,0.06667,0.0,1.0,1.0,1.0,0.625,0.5
1.0,1.0,1.0,1.0,0.86667,0.66667,0.06819,0.66667,0.23333,0.0,0.0,0.66667,0.0,0.44,0.03556,0.85534,0.0,1.0,1.0,1.0,1.0,1.0,0.0,0.88037,1.0,0.07143,1.0,0.81915,0.625,0.0,0.95042,1.0,1.0,0.4,1.0,1.0,0.5,0.5,0.5,1.0,1.0,0.5,0.5,0.5,1.0,0.0,0.6,1.0,1.0,0.0,0.152,1.0,0.06667,0.0,1.0,1.0,1.0,0.75,1.0
1.0,0.5,1.0,0.5,0.8,0.5,0.07441,0.8,0.26667,0.0,0.0,0.66667,1.0,0.39556,0.04889,0.93438,0.0,1.0,1.0,1.0,1.0,1.0,1.0,0.88762,1.0,0.07143,1.0,0.83688,0.75,0.0,0.95361,1.0,1.0,0.76667,1.0,1.0,0.5,0.5,0.5,1.0,1.0,0.44263,0.43062,0.5,0.96834,0.72763,0.23333,1.0,1.0,0.44263,0.43062,1.0,0.06667,0.0,1.0,0.0,1.0,0.0,1.0
1.0,0.5,1.0,0.5,0.8,0.5,0.08121,0.8,0.3,0.0,0.0,0.66667,1.0,0.33333,0.06667,0.98927,0.0,1.0,1.0,1.0,1.0,1.0,1.0,0.93968,1.0,0.07143,1.0,0.75423,0.625,0.0,0.94976,1.0,1.0,0.3,0.93333,0.99546,0.55253,0.55253,0.55253,1.0,1.0,1.0,1.0,0.5,0.4425,1.0,0.7,1.0,1.0,1.0,1.0,1.0,0.06667,0.0,1.0,0.0,1.0,0.0,1.0
1.0,0.0,1.0,0.0,0.8,0.46667,0.07334,0.46667,0.36667,0.0,0.0,0.66667,0.0,0.31111,0.08,0.0,0.93169,1.0,1.0,0.80952,1.0,1.0,0.0,0.96084,1.0,0.07143,0.98392,0.71902,0.375,0.0,0.95665,0.85714,0.85714,0.0,1.0,1.0,0.5,1.0,0.5,1.0,1.0,0.53659,0.32588,0.89927,0.0,0.0,1.0,0.0,0.0,0.11878,0.22817,1.0,0.06667,0.0,1.0,0.0,1.0,0.75,1.0
0.5,0.5,0.5,0.5,0.5,0.5,0.0319,0.06667,0.16667,0.0,0.0,0.66667,0.0,0.18667,0.02667,0.91272,0.0,0.95238,0.95238,0.89524,1.0,0.5,1.0,0.81618,1.0,0.21429,0.49579,0.29762,0.0,0.0,0.96536,0.78571,0.5,0.0,0.8,0.74279,0.0,0.5,0.0,1.0,1.0,0.5,0.5,0.5,0.0,0.00208,1.0,1.0,1.0,0.71804,0.64373,1.0,0.06667,0.0,1.0,0.0,1.0,0.0,0.5
0.0,0.0,0.0,0.0,0.06667,0.06667,0.0,0.06667,0.5,0.0,0.0,0.66667,0.0,0.10222,0.02222,0.97859,0.0,1.0,0.97143,0.91429,1.0,0.90476,0.0,0.56069,0.80099,0.07143,0.0,0.0,0.0,0.0,0.95995,1.0,0.71429,1.0,1.0,1.0,0.5,0.5,0.5,1.0,1.0,0.5,0.5,0.5,0.0,0.0,1.0,1.0,1.0,0.71804,0.64373,0.0,0.2,1.0,1.0,1.0,1.0,0.0,1.0
1.0,0.5,1.0,0.5,0.06667,0.5,0.0,0.06667,0.53333,0.0,0.0,0.66667,1.0,0.08444,0.02222,0.98697,0.0,0.9619,0.93333,0.90476,1.0,0.9619,0.0,0.56003,0.80004,0.07143,0.0,0.0,0.0,0.0,0.95704,1.0,1.0,0.0,1.0,1.0,0.5,0.5,0.5,1.0,1.0,0.5,0.5,0.5,0.0,0.0,1.0,1.0,1.0,0.71804,0.64373,1.0,0.06667,0.0,1.0,0.0,1.0,1.0,1.0
0.5,0.5,0.5,0.5,0.5,0.5,0.05888,0.13333,0.2,0.0,0.0,0.66667,0.0,0.37778,0.00889,0.63112,0.0,0.77143,0.77143,0.8,1.0,0.5,0.0,0.82909,1.0,0.07143,0.84318,0.76122,0.0,0.0,0.96717,1.0,0.5,0.0,1.0,1.0,0.5,0.5,0.5,1.0,1.0,0.5,0.5,0.5,0.0,0.99011,1.0,1.0,1.0,0.5,0.5,1.0,0.06667,0.0,1.0,1.0,1.0,0.71429,0.5
0.5,0.5,0.5,0.5,0.5,0.5,0.07247,0.73333,0.73333,0.0,0.0,0.66667,0.0,0.24,0.04,0.0,0.99909,1.0,0.99048,0.92381,0.92381,0.5,0.0,0.71205,1.0,0.07143,0.99338,0.88792,0.4,0.0,0.90868,0.92857,0.5,0.0,1.0,1.0,0.5,0.5,0.5,1.0,1.0,0.5,0.5,0.5,0.0,0.00661,1.0,1.0,1.0,0.51761,0.40452,1.0,0.06667,0.0,1.0,0.0,1.0,0.8,0.5
1.0,0.5,1.0,0.5,0.93333,0.5,0.07998,0.93333,0.76667,0.0,0.0,0.66667,1.0,0.23556,0.04,0.0,0.99831,1.0,1.0,0.90476,1.0,1.0,1.0,0.71733,1.0,0.07143,1.0,1.0,1.0,0.0,0.90943,1.0,1.0,0.0,1.0,1.0,0.5,0.5,0.5,1.0,1.0,0.5,0.5,0.5,0.0,0.0,1.0,1.0,1.0,0.51761,0.40452,1.0,0.06667,0.0,1.0,0.0,1.0,0.0,1.0
1.0,1.0,1.0,0.0,1.0,0.8,0.07126,0.6,0.93333,0.0,0.0,0.66667,0.0,0.24444,0.01333,0.9941,0.0,1.0,1.0,1.0,1.0,0.99048,1.0,0.73449,1.0,0.07143,0.91703,0.72349,0.2,0.0,0.90561,1.0,1.0,0.0,1.0,1.0,0.5,0.5,0.5,1.0,1.0,0.5,0.5,0.5,0.0,0.0,1.0,1.0,1.0,0.51761,0.40452,1.0,0.06667,0.0,1.0,0.0,1.0,0.8,1.0
0.5,0.5,0.5,0.5,0.5,0.5,0.03286,0.06667,0.83333,0.0,0.0,0.66667,0.0,0.90667,0.00889,0.81339,0.0,0.65714,1.0,0.75238,1.0,0.5,1.0,0.88221,1.0,0.07143,0.49672,0.44272,0.0,0.0,0.99766,1.0,0.5,0.0,0.8,0.79974,0.79315,0.5,1.0,0.83333,0.84615,0.5,0.5,0.5,0.0,0.0,1.0,1.0,1.0,0.28921,0.40136,1.0,0.06667,0.0,1.0,0.0,1.0,0.0,0.5
0.5,0.5,0.5,0.5,0.5,0.5,0.04365,0.06667,0.13333,0.0,0.0,0.66667,0.0,0.08,0.0,0.97809,0.0,0.98095,0.97143,1.0,1.0,0.5,0.0,0.57827,0.8261,0.07143,0.67152,0.56991,0.0,0.0,0.46523,0.85714,0.5,0.0,1.0,1.0,0.5,0.5,0.5,1.0,1.0,0.5,0.5,0.5,0.0,0.0,1.0,1.0,1.0,0.5,0.5,1.0,0.06667,0.0,1.0,1.0,1.0,1.0,0.5
0.0,0.0,0.0,0.0,0.06667,0.06667,0.04308,0.06667,0.23333,0.0,0.0,0.66667,0.0,0.07556,0.0,0.97716,0.0,0.98095,0.99048,1.0,1.0,0.98095,1.0,0.55866,0.79808,0.07143,0.73054,0.57547,0.0,0.0,0.5,1.0,0.92857,0.0,1.0,1.0,0.5,0.5,0.5,1.0,1.0,0.5,0.5,0.5,0.0,0.0,1.0,1.0,1.0,0.5,0.5,1.0,0.06667,0.0,1.0,1.0,1.0,0.0,1.0
0.0,0.5,0.0,0.5,0.06667,0.5,0.04305,0.06667,0.26667,0.0,0.0,0.66667,1.0,0.07111,0.0,0.98372,0.0,0.99048,0.98095,1.0,1.0,0.99048,0.0,0.00378,0.0054,0.0,1.0,1.0,1.0,0.0,1.0,1.0,0.92857,0.0,1.0,1.0,0.5,0.5,0.5,1.0,1.0,0.5,0.5,0.5,0.0,0.0,1.0,1.0,1.0,0.5,0.5,1.0,0.06667,1.0,1.0,1.0,1.0,1.0,1.0
0.0,0.5,0.0,0.5,0.06667,0.5,0.04302,0.06667,0.3,0.0,0.0,0.66667,1.0,0.06667,0.0,0.98732,0.0,1.0,0.98095,1.0,1.0,1.0,0.0,0.00378,0.00539,0.0,1.0,1.0,1.0,0.0,1.0,1.0,1.0,0.0,1.0,1.0,0.5,0.5,0.5,1.0,1.0,0.5,0.5,0.5,0.0,0.0,1.0,1.0,1.0,0.5,0.5,1.0,0.06667,1.0,1.0,1.0,1.0,1.0,1.0
0.0,1.0,0.0,1.0,0.06667,0.06667,0.04881,0.06667,0.53333,0.0,0.0,0.66667,0.0,0.06667,0.0,0.99678,0.0,1.0,1.0,1.0,1.0,0.98095,1.0,0.55446,0.79208,0.07143,0.83509,0.71687,0.0,1.0,1.0,0.92857,0.92857,0.0,1.0,1.0,0.5,0.5,0.5,1.0,1.0,0.5,0.5,0.5,0.0,0.0,1.0,1.0,1.0,0.5,0.5,1.0,0.06667,0.0,1.0,1.0,1.0,0.0,1.0
0.0,0.0,1.0,1.0,0.06667,0.06667,0.04891,0.06667,0.6,0.0,0.0,0.66667,0.0,0.06667,0.0,0.99748,0.0,1.0,0.99048,1.0,1.0,0.99048,1.0,0.55532,0.79332,0.07143,0.82816,0.70672,0.0,1.0,1.0,0.92857,1.0,0.0,1.0,1.0,0.5,0.5,0.5,1.0,1.0,0.5,0.5,0.5,0.0,0.0,1.0,1.0,1.0,0.5,0.5,1.0,0.06667,0.0,1.0,1.0,1.0,0.0,1.0
0.5,0.5,0.5,0.5,0.5,0.5,0.0768,0.6,0.23333,0.0,0.0,0.66667,0.0,0.28444,0.08,0.85253,0.0,1.0,1.0,1.0,1.0,0.5,1.0,0.97862,1.0,0.0,1.0,0.86013,0.55556,0.0,0.9457,1.0,0.5,0.16667,1.0,1.0,0.5,0.5,0.5,1.0,1.0,0.5,0.5,0.5,0.27788,0.55051,0.83333,1.0,1.0,0.43885,0.35238,1.0,0.06667,0.0,1.0,0.0,1.0,0.88889,0.5
1.0,1.0,1.0,1.0,0.93333,1.0,0.0988,1.0,0.3,0.0,0.0,0.66667,0.0,0.25333,0.10222,0.0,0.99576,1.0,1.0,0.77143,1.0,1.0,1.0,0.98287,1.0,0.07143,1.0,1.0,1.0,0.0,0.94311,0.85714,0.92857,0.0,1.0,1.0,0.5,0.5,0.5,1.0,1.0,0.30003,0.17639,1.0,0.0,0.0,1.0,1.0,1.0,0.30003,0.17639,1.0,0.06667,0.0,1.0,0.0,1.0,0.625,1.0
1.0,0.5,1.0,0.5,1.0,0.5,0.11193,1.0,0.33333,0.0,0.0,0.66667,1.0,0.26667,0.09333,0.0,0.97935,1.0,1.0,0.77143,1.0,1.0,0.0,0.94857,1.0,0.07143,1.0,1.0,1.0,0.0,0.96243,1.0,0.85714,0.0,1.0,1.0,0.5,0.5,0.5,1.0,1.0,0.30003,0.17639,1.0,0.0,0.0,1.0,1.0,1.0,0.30003,0.17639,1.0,0.06667,0.0,1.0,0.0,1.0,0.0,1.0
1.0,0.5,1.0,0.5,1.0,0.5,0.12218,1.0,0.36667,0.0,0.0,0.66667,1.0,0.24889,0.09778,0.0,0.95623,0.71429,0.88571,0.67619,1.0,0.71429,0.0,0.92387,1.0,0.07143,1.0,1.0,1.0,0.0,0.9731,1.0,0.78571,0.0,1.0,1.0,0.5,0.5,0.5,1.0,1.0,0.30003,0.17639,1.0,0.0,0.0,1.0,1.0,1.0,0.30003,0.17639,1.0,0.06667,0.0,1.0,0.0,1.0,0.0,1.0
1.0,0.5,1.0,0.5,1.0,0.5,0.12602,1.0,0.4,0.0,0.0,0.66667,1.0,0.24444,0.10222,0.0,0.97647,1.0,1.0,0.67619,1.0,1.0,1.0,0.96576,1.0,0.07143,1.0,1.0,1.0,0.0,0.97674,1.0,0.85714,0.0,1.0,1.0,0.5,0.5,0.5,1.0,1.0,0.30003,0.17639,1.0,0.0,0.0,1.0,1.0,1.0,0.30003,0.17639,1.0,0.06667,0.0,1.0,0.0,1.0,0.0,1.0
0.0,0.0,0.0,0.0,1.0,0.8,0.10268,0.8,0.46667,0.0,0.0,0.66667,0.0,0.25778,0.11111,0.99569,0.0,1.0,1.0,0.85714,1.0,1.0,1.0,0.99286,1.0,0.07143,1.0,0.83115,0.57143,0.0,0.97789,1.0,1.0,0.0,1.0,1.0,0.5,0.5,0.5,1.0,1.0,0.30003,0.17639,1.0,0.0,0.0,1.0,1.0,1.0,0.30003,0.17639,1.0,0.06667,0.0,1.0,0.0,1.0,1.0,1.0
1.0,1.0,1.0,1.0,0.86667,0.86667,0.07289,0.6,0.63333,0.0,0.0,0.66667,0.0,0.21778,0.11111,0.0,0.93833,0.94286,1.0,0.88571,1.0,0.88571,1.0,0.63727,0.91039,0.07143,0.97976,0.6382,0.33333,0.0,0.92643,1.0,0.71429,0.0,1.0,1.0,0.5,0.5,0.5,1.0,1.0,0.30003,0.17639,1.0,0.0,0.0,1.0,1.0,1.0,0.41263,0.19117,1.0,0.06667,0.0,1.0,0.0,1.0,0.66667,1.0
0.5,0.5,0.5,0.5,0.5,0.5,0.04799,0.4,0.43333,0.0,0.0,0.66667,0.0,0.11111,0.15111,0.99732,0.0,1.0,1.0,0.7619,0.8,0.5,1.0,0.91682,1.0,1.0,0.55042,0.37437,0.125,0.0,0.93425,0.28571,0.5,0.0,0.93333,0.98272,0.63566,0.5,0.0,0.88889,1.0,0.5,0.5,0.5,0.0,0.0,1.0,1.0,1.0,1.0,0.26731,1.0,0.06667,0.0,1.0,0.0,1.0,0.0,0.5
1.0,1.0,1.0,1.0,0.4,0.4,0.04305,0.4,0.53333,0.0,0.0,0.66667,0.0,0.07111,0.14222,0.0,0.99932,1.0,1.0,0.69524,1.0,1.0,1.0,0.93181,1.0,0.92857,0.44812,0.33052,0.0,0.0,0.95095,1.0,0.92857,0.0,1.0,1.0,0.5,1.0,0.5,1.0,1.0,0.5,0.5,0.5,0.0,0.0,1.0,1.0,1.0,1.0,0.255,1.0,0.06667,0.0,1.0,0.0,1.0,0.0,1.0
1.0,0.0,1.0,1.0,0.4,0.4,0.04321,0.4,0.6,0.0,0.0,0.66667,0.0,0.05778,0.14667,0.0,0.91763,0.94286,1.0,0.62857,1.0,0.94286,0.0,0.92876,1.0,0.85714,0.44668,0.32934,0.0,0.0,0.95148,0.35714,1.0,0.0,1.0,1.0,0.5,1.0,0.5,1.0,1.0,0.5,0.5,0.5,0.0,0.0,1.0,1.0,1.0,0.94943,0.59585,1.0,0.06667,0.0,1.0,0.0,1.0,0.0,1.0
0.0,0.5,1.0,0.5,0.4,0.5,0.04385,0.4,0.63333,0.0,0.0,0.66667,1.0,0.05333,0.14667,0.0,0.94477,0.92381,1.0,0.70476,1.0,0.92381,1.0,0.96572,1.0,0.78571,0.46187,0.32954,0.0,0.0,0.94937,1.0,0.92857,0.0,0.93333,0.98322,1.0,1.0,1.0,1.0,1.0,0.5,0.5,0.5,0.0,0.0,1.0,1.0,1.0,0.94943,0.59585,1.0,0.06667,0.0,1.0,0.0,1.0,0.0,1.0
1.0,1.0,1.0,1.0,0.4,0.4,0.04029,0.4,0.76667,0.0,0.0,0.66667,0.0,0.06222,0.08889,0.0,0.99637,1.0,1.0,0.73333,1.0,0.82857,1.0,0.66083,0.94404,0.57143,0.46209,0.31702,0.0,0.0,0.87175,1.0,0.78571,0.0,0.93333,0.99711,1.0,1.0,1.0,1.0,1.0,0.5,0.5,0.5,0.0,0.0,1.0,1.0,1.0,1.0,0.63381,1.0,0.06667,0.0,1.0,0.0,1.0,0.0,1.0
0.0,0.0,0.0,0.0,0.4,0.4,0.02793,0.4,0.86667,0.0,0.0,0.66667,0.0,0.04889,0.11556,0.0,0.99538,1.0,0.82857,0.67619,0.92381,0.82857,0.0,0.63481,0.90687,0.28571,0.35356,0.23705,0.0,0.0,0.88771,0.85714,0.71429,0.0,0.93333,0.99829,1.0,1.0,1.0,1.0,1.0,0.5,0.5,0.5,0.0,0.0,1.0,1.0,1.0,1.0,0.63381,1.0,0.06667,0.0,1.0,0.0,1.0,0.0,1.0
0.5,0.5,0.5,0.5,0.5,0.5,0.09465,0.73333,0.3,0.0,0.0,0.66667,0.0,0.11111,0.09333,0.0,0.92685,0.62857,1.0,0.79048,0.78095,0.5,1.0,0.80856,1.0,0.14286,1.0,0.93651,0.66667,0.0,0.93077,0.85714,0.5,0.63333,0.93333,0.90702,0.44962,0.5,0.08992,1.0,1.0,0.5,0.5,0.5,1.0,1.0,0.36667,1.0,1.0,0.71939,0.6375,1.0,0.06667,0.0,1.0,0.0,1.0,0.0,0.5
0.5,0.5,0.5,0.5,0.5,0.5,0.06627,0.4,0.16667,0.0,0.0,0.66667,0.0,0.20444,0.00444,0.6789,0.0,0.85714,0.97143,1.0,1.0,0.5,0.0,0.59212,0.84589,0.07143,1.0,0.85477,0.66667,0.0,0.84463,1.0,0.5,0.0,1.0,1.0,0.5,0.5,0.5,1.0,1.0,0.5,0.5,0.5,0.0,0.90591,1.0,1.0,1.0,0.5,0.5,1.0,0.06667,0.0,1.0,1.0,1.0,0.66667,0.5
1.0,0.5,1.0,0.5,1.0,0.5,0.077,1.0,0.2,0.0,0.0,0.66667,1.0,0.20444,0.00889,0.80244,0.0,1.0,1.0,1.0,1.0,1.0,1.0,0.84495,1.0,0.35714,1.0,1.0,1.0,0.0,0.83602,1.0,0.57143,0.0,1.0,1.0,0.5,0.5,0.5,1.0,1.0,0.5,0.5,0.5,0.0,0.0,1.0,1.0,1.0,0.5,0.5,1.0,0.06667,0.0,1.0,1.0,1.0,0.0,1.0
1.0,0.5,1.0,0.5,1.0,0.5,0.08533,1.0,0.23333,0.0,0.0,0.66667,1.0,0.23111,0.00889,0.89283,0.0,1.0,0.97143,1.0,1.0,1.0,0.0,0.692,0.98858,0.42857,1.0,1.0,1.0,0.0,0.9391,1.0,0.21429,0.0,1.0,1.0,0.5,0.5,0.5,1.0,1.0,0.5,0.5,0.5,0.0,0.0,1.0,1.0,1.0,0.5,0.5,1.0,0.06667,0.0,1.0,1.0,1.0,0.0,1.0
1.0,0.0,1.0,0.0,1.0,0.86667,0.07469,0.86667,0.3,0.0,0.0,0.66667,0.0,0.24,0.00889,0.99526,0.0,1.0,0.99048,1.0,1.0,0.97143,1.0,0.6837,0.97671,0.5,1.0,0.96872,0.75,0.0,0.94902,0.57143,1.0,0.0,1.0,1.0,0.5,0.5,0.5,1.0,1.0,0.5,0.5,0.5,0.0,0.0,1.0,1.0,1.0,0.5,0.5,1.0,0.06667,0.0,1.0,1.0,1.0,0.0,1.0
0.5,0.5,0.5,0.5,0.5,0.5,0.05469,0.06667,0.16667,0.0,0.0,0.66667,0.0,0.58222,0.0,0.95874,0.0,1.0,1.0,1.0,1.0,0.5,0.0,0.56927,0.81324,0.07143,0.90956,0.80383,0.0,1.0,0.89201,0.92857,0.5,0.0,1.0,1.0,0.5,0.5,0.5,1.0,1.0,0.5,0.5,0.5,0.0,0.0,1.0,1.0,1.0,0.5,0.5,1.0,0.06667,0.0,1.0,1.0,1.0,0.5,0.5
1.0,1.0,1.0,1.0,0.13333,0.2,0.04165,0.26667,0.83333,0.0,0.0,0.66667,0.0,0.44444,0.04,0.0,0.99688,1.0,1.0,0.98095,0.86667,0.88571,0.0,0.53646,0.76637,0.07143,1.0,1.0,1.0,1.0,1.0,0.92857,0.85714,0.0,1.0,1.0,0.5,0.5,0.5,1.0,1.0,0.5,0.5,0.5,0.0,0.0,1.0,1.0,1.0,0.37898,0.52433,1.0,0.06667,0.0,1.0,0.0,1.0,0.5,1.0
0.0,0.0,0.0,0.0,0.2,0.2,0.01876,0.2,0.0,0.78947,0.0,0.66667,0.0,0.40889,0.00889,0.0,0.99561,1.0,1.0,0.75238,0.75238,0.75238,0.0,0.82707,1.0,0.07143,0.24329,0.18527,0.0,0.0,0.99447,0.28571,0.14286,0.0,0.93333,0.97325,1.0,0.5,1.0,1.0,1.0,0.5,0.5,0.5,0.0,0.0,1.0,1.0,1.0,0.41118,0.59157,1.0,0.06667,0.0,1.0,0.0,1.0,0.1,1.0
0.5,0.5,0.5,0.5,0.5,0.5,0.07822,1.0,0.1,0.0,0.0,0.66667,0.0,0.60889,0.0,0.97896,0.0,0.65714,1.0,1.0,1.0,0.5,1.0,0.75887,1.0,0.0,1.0,1.0,1.0,0.0,0.97573,1.0,0.5,0.0,1.0,1.0,0.5,0.5,0.5,1.0,1.0,0.5,0.5,0.5,0.0,0.0,1.0,1.0,1.0,0.5,0.5,1.0,0.06667,0.0,1.0,1.0,1.0,0.63636,0.5
1.0,1.0,1.0,1.0,1.0,1.0,0.0344,0.06667,0.9,0.0,0.0,0.66667,0.0,0.50667,0.02667,0.0,0.99968,1.0,1.0,1.0,1.0,0.86667,1.0,0.62098,0.88712,0.07143,0.57539,0.47213,0.0,0.0,0.98772,0.85714,0.07143,0.0,1.0,1.0,0.5,0.5,0.5,1.0,1.0,0.5,0.5,0.5,0.0,0.0,1.0,1.0,1.0,1.0,1.0,1.0,0.06667,0.0,1.0,0.0,1.0,0.75,1.0
1.0,0.5,1.0,0.5,0.06667,0.5,0.03869,0.06667,0.93333,0.0,0.0,0.66667,1.0,0.51111,0.02667,0.0,0.99917,1.0,1.0,1.0,1.0,1.0,0.0,0.61946,0.88494,0.07143,0.65412,0.52871,0.0,0.0,0.98512,1.0,1.0,0.0,1.0,1.0,0.5,0.5,0.5,1.0,1.0,0.5,0.5,0.5,0.0,0.0,1.0,1.0,1.0,1.0,1.0,1.0,0.06667,0.0,1.0,0.0,1.0,0.0,1.0
1.0,0.5,1.0,0.5,0.06667,0.5,0.04194,0.06667,0.96667,0.0,0.0,0.66667,1.0,0.50667,0.02667,0.0,0.99798,1.0,1.0,1.0,1.0,1.0,0.0,0.61515,0.87878,0.07143,0.72515,0.58936,0.0,0.0,0.98336,1.0,1.0,0.0,1.0,1.0,0.5,0.5,0.5,1.0,1.0,0.5,0.5,0.5,0.0,0.0,1.0,1.0,1.0,1.0,1.0,1.0,0.06667,0.0,1.0,0.0,1.0,0.0,1.0
0.5,0.5,0.5,0.5,0.5,0.5,0.05015,0.06667,0.1,0.0,0.0,0.66667,0.0,0.07556,0.0,0.96682,0.0,0.98095,1.0,1.0,1.0,0.5,1.0,0.60073,0.85819,0.07143,0.75616,0.66626,0.0,0.0,0.5625,1.0,0.5,0.0,1.0,1.0,0.5,0.5,0.5,1.0,1.0,0.5,0.5,0.5,0.0,0.0,1.0,1.0,1.0,0.5,0.5,1.0,0.06667,0.0,1.0,1.0,1.0,0.66667,0.5
1.0,0.5,1.0,0.5,0.06667,0.5,0.05097,0.06667,0.13333,0.0,0.0,0.66667,1.0,0.08,0.0,0.97653,0.0,0.98095,0.98095,1.0,1.0,0.98095,0.0,0.57046,0.81494,0.07143,0.80165,0.67388,0.0,1.0,0.66667,1.0,0.92857,0.0,1.0,1.0,0.5,0.5,0.5,1.0,1.0,0.5,0.5,0.5,0.0,0.0,1.0,1.0,1.0,0.5,0.5,1.0,0.06667,0.0,1.0,1.0,1.0,0.0,1.0
1.0,0.0,1.0,0.0,0.06667,0.06667,0.02994,0.06667,0.26667,0.0,0.0,0.66667,0.0,0.08,0.0,0.99875,0.0,1.0,0.99048,1.0,1.0,0.98095,0.0,0.56948,0.81355,0.07143,0.48387,0.33155,0.0,0.0,0.76584,0.85714,0.85714,0.0,1.0,1.0,0.5,0.5,0.5,1.0,1.0,0.5,0.5,0.5,0.0,0.0,1.0,1.0,1.0,0.5,0.5,1.0,0.06667,0.0,1.0,1.0,1.0,0.5,1.0
0.0,1.0,1.0,1.0,0.06667,0.06667,0.03103,0.06667,0.33333,0.0,0.0,0.66667,0.0,0.07556,0.0,0.99032,0.0,1.0,1.0,1.0,1.0,1.0,1.0,0.56963,0.81375,0.07143,0.50321,0.35299,0.0,0.0,0.513,0.92857,0.85714,0.0,1.0,1.0,0.5,0.5,0.5,1.0,1.0,0.5,0.5,0.5,0.0,0.0,1.0,1.0,1.0,0.5,0.5,1.0,0.06667,0.0,1.0,1.0,1.0,0.0,1.0
1.0,0.5,1.0,0.5,0.06667,0.5,0.03192,0.06667,0.36667,0.0,0.0,0.66667,1.0,0.07556,0.0,0.9922,0.0,1.0,1.0,1.0,1.0,1.0,1.0,0.57419,0.82027,0.07143,0.50391,0.36956,0.0,0.0,0.52068,1.0,0.85714,0.0,1.0,1.0,0.5,0.5,0.5,1.0,1.0,0.5,0.5,0.5,0.0,0.0,1.0,1.0,1.0,0.5,0.5,1.0,0.06667,0.0,1.0,1.0,1.0,0.0,1.0
1.0,1.0,1.0,1.0,0.06667,0.06667,0.02998,0.06667,1.0,0.0,0.0,0.66667,0.0,0.07111,0.0,0.0,0.99998,0.99048,0.99048,1.0,1.0,0.99048,1.0,0.54497,0.77853,0.07143,0.67273,0.50685,0.0,0.0,0.77062,0.92857,0.92857,0.0,1.0,1.0,0.5,0.5,0.5,1.0,1.0,0.5,0.5,0.5,0.0,0.0,1.0,1.0,1.0,0.5,0.5,1.0,0.06667,0.0,1.0,1.0,1.0,0.0,1.0
1.0,1.0,1.0,1.0,0.06667,0.06667,0.03148,0.06667,0.0,0.9375,0.0,0.66667,0.0,0.06667,0.0,0.99835,0.0,1.0,0.99048,1.0,1.0,1.0,0.0,0.54398,0.77712,0.07143,0.70706,0.54686,0.0,0.0,0.7867,0.92857,1.0,0.0,1.0,1.0,0.5,0.5,0.5,1.0,1.0,0.5,0.5,0.5,0.0,0.0,1.0,1.0,1.0,0.5,0.5,1.0,0.06667,0.0,1.0,1.0,1.0,0.0,1.0
1.0,1.0,1.0,1.0,0.06667,0.06667,0.03303,0.06667,0.0,0.88235,0.0,0.66667,0.0,0.06667,0.0,0.99747,0.0,1.0,0.99048,1.0,1.0,1.0,0.0,0.54323,0.77604,0.07143,0.73951,0.58668,0.0,0.0,0.80228,0.92857,1.0,0.0,1.0,1.0,0.5,0.5,0.5,1.0,1.0,0.5,0.5,0.5,0.0,0.0,1.0,1.0,1.0,0.5,0.5,1.0,0.06667,0.0,1.0,1.0,1.0,0.0,1.0
1.0,1.0,1.0,1.0,0.06667,0.06667,0.03458,0.06667,0.0,0.83333,0.0,0.66667,0.0,0.06667,0.0,0.99796,0.0,1.0,0.99048,1.0,1.0,1.0,0.0,0.54253,0.77504,0.07143,0.77121,0.62761,0.0,0.0,0.81733,0.92857,1.0,0.0,1.0,1.0,0.5,0.5,0.5,1.0,1.0,0.5,0.5,0.5,0.0,0.0,1.0,1.0,1.0,0.5,0.5,1.0,0.06667,0.0,1.0,1.0,1.0,0.0,1.0
1.0,1.0,1.0,1.0,0.06667,0.06667,0.03724,0.06667,0.0,0.78947,0.0,0.66667,0.0,0.06667,0.0,0.99865,0.0,1.0,0.99048,1.0,1.0,1.0,0.0,0.54135,0.77336,0.07143,0.82461,0.70156,0.0,0.0,0.83568,0.92857,1.0,0.0,1.0,1.0,0.5,0.5,0.5,1.0,1.0,0.5,0.5,0.5,0.0,0.0,1.0,1.0,1.0,0.5,0.5,1.0,0.06667,0.0,1.0,1.0,1.0,0.0,1.0
1.0,1.0,1.0,1.0,0.06667,0.06667,0.04014,0.06667,0.0,0.75,0.0,0.66667,0.0,0.06667,0.0,0.99912,0.0,1.0,0.99048,1.0,1.0,1.0,0.0,0.54007,0.77154,0.07143,0.88197,0.78886,0.0,0.0,0.8566,0.92857,1.0,0.0,1.0,1.0,0.5,0.5,0.5,1.0,1.0,0.5,0.5,0.5,0.0,0.0,1.0,1.0,1.0,0.5,0.5,1.0,0.06667,0.0,1.0,1.0,1.0,0.0,1.0
0.5,0.5,0.5,0.5,0.5,0.5,0.06196,0.13333,0.13333,0.0,0.0,0.66667,0.0,0.48,0.0,0.93439,0.0,1.0,1.0,1.0,1.0,0.5,0.0,0.57674,0.82392,0.07143,0.91627,0.8559,0.0,0.0,0.5447,1.0,0.5,0.0,1.0,1.0,0.5,0.5,0.5,1.0,1.0,0.5,0.5,0.5,0.0,0.0,1.0,1.0,1.0,0.5,0.5,1.0,0.06667,0.0,1.0,1.0,1.0,1.0,0.5
0.0,1.0,0.0,1.0,0.2,0.4,0.0,0.06667,0.33333,0.0,0.0,0.66667,0.0,0.31111,0.07111,0.0,0.84376,0.89524,0.99048,0.77143,1.0,0.8,1.0,0.56427,0.80609,0.07143,0.0,0.0,0.0,0.0,0.8211,0.85714,0.85714,1.0,1.0,1.0,0.5,0.5,0.5,1.0,1.0,0.5,0.5,0.5,0.0,0.0,1.0,1.0,1.0,1.0,1.0,0.0,0.06667,0.5,1.0,1.0,1.0,0.0,1.0
1.0,0.0,1.0,0.0,0.06667,0.06667,0.0,0.06667,0.56667,0.0,0.0,0.66667,0.0,0.2,0.09778,0.91681,0.0,0.7619,0.7619,0.92381,1.0,0.61905,1.0,0.72279,1.0,0.5,0.0,0.0,0.0,0.0,0.97158,1.0,0.57143,1.0,1.0,1.0,0.5,0.5,0.5,1.0,1.0,0.5,0.5,0.5,0.0,0.02203,1.0,1.0,1.0,1.0,1.0,0.0,0.2,0.75,1.0,0.33333,1.0,0.0,1.0
0.0,0.0,0.0,0.0,0.06667,0.06667,0.0,0.06667,0.63333,0.0,0.0,0.66667,0.0,0.16889,0.09778,0.97908,0.0,0.92381,1.0,1.0,0.86667,0.86667,1.0,0.73126,1.0,0.42857,0.0,0.0,0.0,0.0,0.98884,0.57143,0.92857,1.0,1.0,1.0,0.5,0.5,0.5,1.0,1.0,0.5,0.5,0.5,0.0,0.0,1.0,1.0,1.0,1.0,1.0,0.0,0.2,1.0,1.0,0.33333,1.0,0.66667,1.0
0.0,0.0,0.0,0.0,0.06667,0.06667,0.0,0.06667,0.7,0.0,0.0,0.66667,0.0,0.18222,0.09778,0.0,0.99609,1.0,1.0,0.88571,1.0,1.0,1.0,0.74358,1.0,0.42857,0.0,0.0,0.0,0.0,0.98564,1.0,1.0,1.0,1.0,1.0,0.5,0.5,0.5,1.0,1.0,0.5,0.5,0.5,0.0,0.0,1.0,1.0,1.0,1.0,1.0,0.0,0.2,1.0,1.0,0.33333,1.0,1.0,1.0
0.0,0.0,0.0,0.0,0.06667,0.06667,0.0,0.06667,0.9,0.0,0.0,0.66667,0.0,0.19111,0.04444,0.9906,0.0,1.0,1.0,0.88571,1.0,1.0,0.0,0.73784,1.0,0.42857,0.0,0.0,0.0,0.0,0.98431,1.0,1.0,1.0,1.0,1.0,0.5,0.5,0.5,1.0,1.0,0.5,0.5,0.5,0.0,0.0,1.0,1.0,1.0,1.0,1.0,0.0,0.2,1.0,1.0,0.33333,1.0,0.0,1.0
0.0,0.0,0.0,0.0,0.06667,0.06667,0.0,0.06667,0.96667,0.0,0.0,0.66667,0.0,0.17333,0.04,0.97866,0.0,1.0,1.0,1.0,1.0,1.0,1.0,0.75011,1.0,0.42857,0.0,0.0,0.0,0.0,0.98337,1.0,1.0,1.0,1.0,1.0,0.5,0.5,0.5,1.0,1.0,0.5,0.5,0.5,0.0,0.0,1.0,1.0,1.0,1.0,1.0,0.0,0.2,1.0,1.0,0.33333,1.0,1.0,1.0
0.0,0.0,0.0,0.0,0.06667,0.06667,0.0,0.06667,0.0,0.9375,0.0,0.66667,0.0,0.13778,0.04,0.0,0.99708,0.91429,0.91429,0.88571,0.91429,0.94286,1.0,0.80692,1.0,0.42857,0.0,0.0,0.0,0.0,0.97264,0.57143,0.57143,1.0,1.0,1.0,0.5,0.5,0.5,1.0,1.0,0.5,0.5,0.5,0.0,0.0,1.0,1.0,1.0,1.0,1.0,0.0,0.13333,0.66667,1.0,1.0,1.0,0.0,1.0
0.0,0.0,0.0,0.0,0.06667,0.06667,0.0,0.06667,0.0,0.85714,0.0,0.66667,0.0,0.16,0.03556,0.99327,0.0,1.0,1.0,0.88571,0.91429,1.0,0.0,0.79533,1.0,0.5,0.0,0.0,0.0,0.0,0.95628,0.5,0.5,1.0,1.0,1.0,0.5,0.5,0.5,1.0,1.0,0.5,0.5,0.5,0.0,0.0,1.0,1.0,1.0,1.0,1.0,0.0,0.2,0.75,1.0,0.33333,1.0,0.0,1.0
0.5,0.5,0.5,0.5,0.5,0.5,0.06019,0.33333,0.36667,0.0,0.0,0.66667,0.0,0.25333,0.02222,0.92495,0.0,1.0,1.0,1.0,1.0,0.5,0.0,0.797,1.0,0.21429,0.9548,0.78849,0.28571,0.0,0.96907,0.85714,0.5,0.0,1.0,1.0,0.5,0.5,0.5,1.0,1.0,0.5,0.5,0.5,0.0,0.0,1.0,1.0,1.0,0.5,0.5,1.0,0.06667,0.0,1.0,1.0,1.0,0.71429,0.5
0.0,1.0,0.0,1.0,0.33333,0.33333,0.04505,0.13333,0.5,0.0,0.0,0.66667,0.0,0.11556,0.02222,0.98529,0.0,0.92381,0.94286,0.90476,1.0,0.7619,0.0,0.59192,0.84561,0.07143,0.87764,0.64362,0.25,0.0,0.94922,0.78571,0.78571,0.0,1.0,1.0,0.5,0.5,0.5,1.0,1.0,0.5,0.5,0.5,0.0,0.0,1.0,1.0,1.0,0.5,0.5,1.0,0.06667,0.0,1.0,1.0,1.0,0.0,1.0
0.5,0.5,0.5,0.5,0.5,0.5,0.06686,0.4,0.06667,0.0,0.0,0.66667,0.0,0.16889,0.0,0.5,0.5,0.91429,0.86667,1.0,1.0,0.5,1.0,0.75719,1.0,0.21429,1.0,0.92844,0.5,0.0,0.66472,1.0,0.5,0.0,1.0,1.0,0.5,0.5,0.5,1.0,1.0,0.5,0.5,0.5,0.5,0.5,1.0,1.0,1.0,0.5,0.5,1.0,0.06667,0.0,1.0,1.0,1.0,0.66667,0.5
0.5,0.5,0.5,0.5,0.5,0.5,0.12955,0.4,0.4,0.0,0.5,0.0,0.0,0.28,0.04,0.99346,0.0,1.0,1.0,1.0,1.0,0.5,1.0,0.77998,1.0,0.25,0.58876,0.4172,0.0,0.0,1.0,0.75,0.5,0.0,1.0,1.0,0.5,0.5,0.5,1.0,1.0,0.5,0.5,0.5,0.0,0.0,1.0,1.0,1.0,1.0,1.0,1.0,0.2,0.0,1.0,0.0,1.0,0.0,0.5
0.0,0.0,0.0,0.0,0.4,0.4,0.1274,0.4,0.46667,0.0,0.5,0.0,0.0,0.24,0.04,0.99469,0.0,1.0,1.0,1.0,1.0,1.0,1.0,0.81186,1.0,0.25,0.534,0.36426,0.0,0.0,1.0,0.75,1.0,0.0,1.0,1.0,0.5,0.5,0.5,1.0,1.0,0.5,0.5,0.5,0.0,0.0,1.0,1.0,1.0,1.0,1.0,1.0,0.2,0.0,1.0,0.0,1.0,0.0,1.0
0.5,0.5,0.5,0.5,0.5,0.5,0.31427,1.0,0.36667,0.0,0.5,0.0,0.0,0.48,0.04,0.97953,0.0,1.0,1.0,1.0,1.0,0.5,1.0,0.93466,1.0,0.25,1.0,1.0,1.0,0.0,1.0,0.75,0.5,0.0,1.0,1.0,0.5,0.5,0.5,1.0,1.0,0.5,0.5,0.5,0.0,0.0,1.0,1.0,1.0,1.0,1.0,1.0,0.2,0.0,1.0,0.0,1.0,0.5,0.5
1.0,0.5,1.0,0.5,1.0,0.5,0.36309,1.0,0.4,0.0,0.5,0.0,1.0,0.48,0.04,0.98404,0.0,1.0,1.0,1.0,1.0,1.0,1.0,0.94247,1.0,0.25,1.0,1.0,1.0,0.0,1.0,1.0,1.0,0.0,1.0,1.0,0.5,0.5,0.5,1.0,1.0,0.5,0.5,0.5,0.0,0.0,1.0,1.0,1.0,1.0,1.0,1.0,0.2,0.0,1.0,0.0,1.0,0.0,1.0
1.0,1.0,1.0,1.0,1.0,1.0,0.22432,0.8,0.66667,0.0,0.5,0.0,0.0,0.48,0.04,0.0,0.99965,1.0,1.0,1.0,1.0,1.0,0.0,0.93329,1.0,0.25,1.0,1.0,1.0,0.0,1.0,0.75,1.0,0.0,1.0,1.0,0.5,0.5,0.5,1.0,1.0,0.5,0.5,0.5,0.0,0.0,1.0,1.0,1.0,1.0,1.0,1.0,0.2,0.0,1.0,0.0,1.0,0.5,1.0
0.5,0.5,0.5,0.5,0.5,0.5,0.15346,0.4,0.06667,0.0,0.5,0.0,0.0,0.32,0.0,0.5,0.5,0.7,1.0,1.0,1.0,0.5,1.0,0.41553,0.59362,0.0,1.0,0.55997,0.5,0.0,0.44444,1.0,0.5,0.0,1.0,1.0,0.5,0.5,0.5,1.0,1.0,0.5,0.5,0.5,0.5,0.5,1.0,1.0,1.0,0.5,0.5,1.0,0.2,0.0,1.0,1.0,1.0,1.0,0.5
0.0,0.0,0.0,0.0,0.4,0.4,0.11315,0.4,0.36667,0.0,0.5,0.0,0.0,0.2,0.04,0.95979,0.0,1.0,0.9,1.0,1.0,0.7,1.0,0.78079,1.0,0.25,0.51925,0.35067,0.0,0.0,0.5,0.75,0.25,0.0,1.0,1.0,0.5,0.5,0.5,1.0,1.0,0.5,0.5,0.5,0.0,0.0,1.0,1.0,1.0,1.0,0.65445,1.0,0.2,0.0,1.0,0.0,1.0,0.0,1.0
0.5,0.5,0.5,0.5,0.5,0.5,0.40509,1.0,0.1,0.0,0.5,0.0,0.0,0.48,0.0,0.9345,0.0,1.0,0.7,1.0,1.0,0.5,0.0,0.75016,1.0,0.25,1.0,1.0,1.0,1.0,1.0,0.75,0.5,0.0,1.0,1.0,0.5,0.5,0.5,1.0,1.0,0.5,0.5,0.5,0.0,0.0,1.0,1.0,1.0,0.5,0.5,1.0,0.2,0.0,1.0,1.0,1.0,0.0,0.5
0.0,1.0,0.0,1.0,1.0,1.0,0.67046,1.0,0.46667,0.0,0.5,0.0,0.0,0.12,0.12,0.0,0.99442,1.0,1.0,1.0,1.0,0.7,0.0,0.91739,1.0,0.0,1.0,1.0,1.0,0.0,1.0,1.0,0.75,0.0,1.0,1.0,0.5,0.5,0.5,1.0,1.0,0.5,0.5,0.5,0.0,0.0,1.0,1.0,1.0,1.0,1.0,1.0,0.2,1.0,1.0,0.0,1.0,0.0,1.0
0.5,0.5,0.5,0.5,0.5,0.5,0.24204,0.8,0.16667,0.0,0.5,0.0,0.0,0.72,0.0,0.93878,0.0,1.0,1.0,1.0,1.0,0.5,1.0,0.98006,1.0,0.0,1.0,0.99883,0.5,0.0,1.0,1.0,0.5,0.0,1.0,1.0,0.5,0.5,0.5,1.0,1.0,0.5,0.5,0.5,0.0,0.0,1.0,1.0,1.0,0.5,0.5,1.0,0.2,0.0,1.0,1.0,1.0,1.0,0.5
1.0,0.0,1.0,0.0,1.0,0.8,0.07271,0.2,0.4,0.0,0.5,0.0,0.0,0.52,0.04,0.39718,0.0,1.0,1.0,1.0,1.0,1.0,1.0,0.99265,1.0,0.0,0.31276,0.2139,0.0,0.0,0.9186,0.75,1.0,0.0,0.8,0.79766,0.15745,0.5,0.78727,1.0,1.0,0.5,0.5,0.5,0.0,0.0,1.0,1.0,1.0,0.5,0.5,1.0,0.2,0.0,1.0,1.0,1.0,1.0,1.0
0.0,0.0,0.0,0.0,0.2,0.2,0.05462,0.2,0.63333,0.0,0.5,0.0,0.0,0.2,0.04,0.97917,0.0,1.0,0.8,1.0,1.0,0.7,0.0,0.95894,1.0,0.25,0.24813,0.15916,0.0,0.0,0.90904,0.5,1.0,0.0,1.0,1.0,0.5,0.5,0.5,1.0,1.0,0.5,0.5,0.5,0.0,0.0,1.0,1.0,1.0,0.5,0.5,1.0,0.2,0.0,1.0,1.0,1.0,0.0,1.0
0.5,0.5,0.5,0.5,0.5,0.5,0.2812,0.8,0.03333,0.0,0.5,0.0,0.0,0.2,0.0,0.5,0.5,0.5,0.5,0.5,0.5,0.5,0.5,0.0,0.0,0.5,1.0,0.99468,0.5,0.0,0.0,0.5,0.5,0.0,1.0,1.0,0.5,0.5,0.5,1.0,1.0,0.5,0.5,0.5,0.5,0.5,1.0,0.5,0.5,0.5,0.5,1.0,0.2,0.0,1.0,1.0,1.0,0.5,0.5
0.0,0.0,0.0,0.0,0.8,1.0,0.29178,1.0,0.16667,0.0,0.5,0.0,0.0,0.4,0.04,0.40521,0.0,1.0,0.9,1.0,1.0,0.7,1.0,0.8209,1.0,0.25,1.0,1.0,1.0,0.0,1.0,0.75,0.75,0.0,1.0,1.0,0.5,0.5,0.5,1.0,1.0,0.5,0.5,0.5,0.0,0.0,1.0,1.0,1.0,1.0,1.0,1.0,0.2,0.0,1.0,0.0,1.0,0.0,1.0
1.0,1.0,1.0,1.0,1.0,1.0,0.26938,0.8,0.3,0.0,0.5,0.0,0.0,0.48,0.08,0.0,0.97629,1.0,1.0,0.7,1.0,0.7,0.0,0.80184,1.0,0.25,1.0,1.0,1.0,0.0,1.0,1.0,0.5,0.0,1.0,1.0,0.5,0.5,0.5,1.0,1.0,0.5,0.5,0.5,0.0,0.0,1.0,1.0,1.0,1.0,0.09875,1.0,0.2,0.0,1.0,0.0,1.0,0.0,1.0
1.0,1.0,1.0,1.0,1.0,1.0,0.30759,1.0,0.36667,0.0,0.5,0.0,0.0,0.52,0.08,0.0,0.97916,1.0,1.0,0.8,1.0,0.7,1.0,0.85951,1.0,0.25,1.0,1.0,1.0,0.0,1.0,1.0,1.0,0.0,1.0,1.0,0.5,1.0,0.5,1.0,1.0,0.5,0.5,0.5,0.0,0.0,1.0,1.0,1.0,1.0,0.09875,1.0,0.2,0.0,1.0,0.0,1.0,1.0,1.0
0.5,0.5,0.5,0.5,0.5,0.5,0.10704,0.6,0.6,0.0,0.5,0.0,0.0,0.28,0.0,0.98336,0.0,1.0,0.9,1.0,1.0,0.5,0.0,0.97336,1.0,0.25,0.47222,0.21376,0.5,0.0,0.93307,0.75,0.5,0.0,1.0,1.0,0.5,0.5,0.5,1.0,1.0,0.5,0.5,0.5,0.0,0.0,1.0,1.0,1.0,0.5,0.5,1.0,0.2,0.0,1.0,1.0,1.0,0.0,0.5
1.0,0.5,1.0,0.5,0.6,0.5,0.10875,0.6,0.63333,0.0,0.5,0.0,1.0,0.28,0.0,0.99138,0.0,1.0,0.9,1.0,1.0,1.0,0.0,0.9716,1.0,0.25,0.48067,0.21665,0.5,0.0,0.92905,1.0,1.0,0.0,1.0,1.0,0.5,0.5,0.5,1.0,1.0,0.5,0.5,0.5,0.0,0.0,1.0,1.0,1.0,0.5,0.5,1.0,0.2,0.0,1.0,1.0,1.0,0.0,1.0
1.0,0.5,1.0,0.5,0.6,0.5,0.11068,0.6,0.66667,0.0,0.5,0.0,1.0,0.28,0.0,0.9973,0.0,1.0,0.9,1.0,1.0,1.0,0.0,0.97158,1.0,0.25,0.48917,0.2196,0.5,0.0,0.92584,1.0,1.0,0.0,1.0,1.0,0.5,0.5,0.5,1.0,1.0,0.5,0.5,0.5,0.0,0.0,1.0,1.0,1.0,0.5,0.5,1.0,0.2,0.0,1.0,1.0,1.0,0.0,1.0
0.0,0.0,1.0,1.0,0.6,0.6,0.06049,0.2,0.93333,0.0,0.5,0.0,0.0,0.28,0.0,0.98495,0.0,1.0,0.8,1.0,1.0,0.8,1.0,0.62874,0.8982,0.25,0.63176,0.49997,0.0,0.0,0.66667,1.0,0.5,0.0,1.0,1.0,0.5,0.5,0.5,1.0,1.0,0.5,0.5,0.5,0.0,0.0,1.0,1.0,1.0,0.5,0.5,1.0,0.2,0.0,1.0,1.0,1.0,0.5,1.0
0.5,0.5,0.5,0.5,0.5,0.5,0.31259,1.0,0.13333,0.0,0.5,0.0,0.0,0.72,0.0,1.0,0.0,1.0,1.0,1.0,1.0,0.5,1.0,0.73272,1.0,0.25,1.0,1.0,1.0,0.0,0.95686,1.0,0.5,0.0,1.0,1.0,0.5,0.5,0.5,1.0,1.0,0.5,0.5,0.5,0.0,0.0,1.0,1.0,1.0,0.5,0.5,1.0,0.2,0.0,1.0,1.0,1.0,1.0,0.5
1.0,1.0,1.0,1.0,1.0,1.0,0.1635,0.6,0.43333,0.0,0.5,0.0,0.0,0.52,0.04,0.0,0.99493,1.0,1.0,1.0,1.0,0.6,1.0,0.85838,1.0,0.25,0.60638,0.43511,0.0,0.0,1.0,1.0,0.5,0.0,1.0,1.0,0.5,0.5,0.5,1.0,1.0,0.5,0.5,0.5,0.0,0.0,1.0,1.0,1.0,1.0,1.0,1.0,0.2,0.0,1.0,0.0,1.0,1.0,1.0
1.0,0.5,1.0,0.5,0.6,0.5,0.1761,0.6,0.46667,0.0,0.5,0.0,1.0,0.44,0.04,0.99117,0.0,1.0,1.0,1.0,1.0,1.0,0.0,0.84779,1.0,0.25,0.66487,0.49798,0.0,0.0,1.0,1.0,1.0,0.0,1.0,1.0,0.5,0.5,0.5,1.0,1.0,0.5,0.5,0.5,0.0,0.0,1.0,1.0,1.0,1.0,1.0,1.0,0.2,0.0,1.0,0.0,1.0,0.0,1.0
0.0,0.0,0.0,0.0,0.6,0.4,0.13888,0.4,0.53333,0.0,0.5,0.0,0.0,0.44,0.04,1.0,0.0,1.0,1.0,1.0,1.0,1.0,0.0,0.83408,1.0,0.25,0.54876,0.37813,0.0,0.0,1.0,1.0,1.0,0.0,1.0,1.0,0.5,0.5,0.5,1.0,1.0,0.5,0.5,0.5,0.0,0.0,1.0,1.0,1.0,1.0,1.0,1.0,0.2,0.0,1.0,0.0,1.0,1.0,1.0
0.0,0.0,0.0,0.0,0.4,0.4,0.11535,0.4,0.6,0.0,0.5,0.0,0.0,0.44,0.04,0.9853,0.0,1.0,1.0,1.0,1.0,1.0,1.0,0.79303,1.0,0.25,0.51128,0.34344,0.0,0.0,1.0,0.75,0.5,0.0,1.0,1.0,0.5,0.5,0.5,1.0,1.0,0.5,0.5,0.5,0.0,0.0,1.0,1.0,1.0,1.0,1.0,1.0,0.2,0.0,1.0,0.0,1.0,0.0,1.0
0.0,0.5,0.0,0.5,0.4,0.5,0.1072,0.4,0.63333,0.0,0.5,0.0,1.0,0.4,0.04,0.98793,0.0,1.0,1.0,1.0,1.0,1.0,1.0,0.80308,1.0,0.25,0.46514,0.30305,0.0,0.0,1.0,1.0,1.0,0.0,1.0,1.0,0.5,0.5,0.5,1.0,1.0,0.5,0.5,0.5,0.0,0.0,1.0,1.0,1.0,1.0,1.0,1.0,0.2,0.0,1.0,0.0,1.0,0.0,1.0
0.0,0.0,0.0,0.0,0.4,0.4,0.09085,0.4,0.7,0.0,0.5,0.0,0.0,0.36,0.04,0.99375,0.0,1.0,1.0,1.0,1.0,1.0,0.0,0.78494,1.0,0.25,0.41913,0.26513,0.0,0.0,1.0,0.75,1.0,0.0,1.0,1.0,0.5,0.5,0.5,1.0,1.0,0.5,0.5,0.5,0.0,0.0,1.0,1.0,1.0,1.0,1.0,1.0,0.2,0.0,1.0,0.0,1.0,0.0,1.0
0.0,0.5,0.0,0.5,0.4,0.5,0.08368,0.4,0.73333,0.0,0.5,0.0,1.0,0.36,0.04,0.99681,0.0,1.0,1.0,1.0,1.0,1.0,1.0,0.79185,1.0,0.25,0.38062,0.23504,0.0,0.0,1.0,1.0,1.0,0.0,1.0,1.0,0.5,0.5,0.5,1.0,1.0,0.5,0.5,0.5,0.0,0.0,1.0,1.0,1.0,1.0,1.0,1.0,0.2,0.0,1.0,0.0,1.0,0.0,1.0
0.0,0.0,0.0,0.0,0.4,0.4,0.02346,0.4,0.96667,0.0,0.5,0.0,0.0,0.36,0.04,0.0,0.99726,1.0,1.0,1.0,1.0,1.0,1.0,0.79035,1.0,0.25,0.11278,0.05976,0.0,0.0,0.96366,1.0,0.5,0.0,1.0,1.0,0.5,0.5,0.5,1.0,1.0,0.5,0.5,0.5,0.0,0.0,1.0,1.0,1.0,1.0,1.0,1.0,0.2,0.0,1.0,0.0,1.0,0.0,1.0
0.5,0.5,0.5,0.5,0.5,0.5,0.03893,0.2,0.56667,0.0,0.5,0.0,0.0,0.68,0.04,0.99658,0.0,1.0,1.0,0.6,1.0,0.5,1.0,0.69367,0.99095,0.25,0.26509,0.1528,0.0,0.0,0.99022,0.75,0.5,0.0,1.0,1.0,0.5,0.5,0.5,1.0,1.0,0.5,0.5,0.5,0.0,0.0,1.0,1.0,1.0,0.28834,0.55333,1.0,0.2,0.0,1.0,0.0,1.0,0.0,0.5
0.5,0.5,0.5,0.5,0.5,0.5,0.10931,0.8,0.16667,0.0,0.5,0.0,0.0,0.2,0.0,0.9925,0.0,1.0,0.9,1.0,1.0,0.5,1.0,0.57801,0.82573,0.25,1.0,1.0,1.0,1.0,1.0,1.0,0.5,0.0,1.0,1.0,0.5,0.5,0.5,1.0,1.0,0.5,0.5,0.5,0.0,0.0,1.0,1.0,1.0,0.5,0.5,1.0,0.2,0.0,1.0,1.0,1.0,0.0,0.5
0.0,0.0,0.0,1.0,0.8,0.8,0.11114,0.8,0.23333,0.0,0.5,0.0,0.0,0.2,0.04,0.39011,0.0,1.0,1.0,1.0,1.0,1.0,1.0,0.5946,0.84943,0.25,1.0,1.0,1.0,0.0,1.0,0.75,0.5,0.0,1.0,1.0,0.5,0.5,0.5,1.0,1.0,0.5,0.5,0.5,0.0,0.0,1.0,1.0,1.0,1.0,0.30228,1.0,0.2,0.0,1.0,0.0,1.0,0.0,1.0
0.0,0.0,0.0,0.0,0.8,0.6,0.07277,0.4,0.33333,0.0,0.5,0.0,0.0,0.2,0.04,0.87464,0.0,1.0,1.0,1.0,1.0,0.9,1.0,0.62445,0.89207,0.25,0.72661,0.49049,0.0,0.0,0.66667,0.75,0.75,0.0,1.0,1.0,0.5,0.5,0.5,1.0,1.0,0.5,0.5,0.5,0.0,0.0,1.0,1.0,1.0,1.0,0.30228,1.0,0.2,0.0,1.0,0.0,1.0,0.5,1.0
0.0,0.0,0.0,0.0,0.4,0.4,0.06806,0.4,0.4,0.0,0.5,0.0,0.0,0.16,0.04,0.99275,0.0,1.0,1.0,1.0,1.0,1.0,1.0,0.62622,0.8946,0.25,0.67192,0.43439,0.0,0.0,0.66667,0.25,1.0,0.0,1.0,1.0,0.5,0.5,0.5,1.0,1.0,0.5,0.5,0.5,0.0,0.0,1.0,1.0,1.0,1.0,0.30228,1.0,0.2,0.0,1.0,0.0,1.0,0.0,1.0
0.5,0.5,0.5,0.5,0.5,0.5,0.0978,0.2,0.1,0.0,0.5,0.0,0.0,0.56,0.0,0.9354,0.0,0.7,0.7,1.0,1.0,0.5,1.0,0.60482,0.86403,0.25,0.91159,0.83755,0.0,0.0,0.5,0.5,0.5,0.0,1.0,1.0,0.5,0.5,0.5,1.0,1.0,0.5,0.5,0.5,0.0,0.0,1.0,1.0,1.0,0.5,0.5,1.0,0.2,0.0,1.0,1.0,1.0,0.0,0.5
0.0,0.0,0.0,0.0,0.2,0.2,0.00074,0.2,0.86667,0.0,0.5,0.0,0.0,0.24,0.04,0.0,0.99853,1.0,1.0,1.0,1.0,0.7,1.0,0.84078,1.0,0.25,0.00426,0.00207,0.0,0.0,0.9155,1.0,0.25,0.0,1.0,1.0,0.5,1.0,0.5,1.0,1.0,0.5,0.5,0.5,0.0,0.0,1.0,1.0,1.0,0.5,0.5,1.0,0.2,0.0,1.0,1.0,1.0,0.0,1.0
0.5,0.5,0.5,0.5,0.5,0.5,0.26309,1.0,0.46667,0.0,0.5,0.0,0.0,0.52,0.08,0.9962,0.0,1.0,1.0,1.0,1.0,0.5,1.0,0.90322,1.0,0.25,1.0,1.0,1.0,0.0,0.94874,0.5,0.5,0.0,1.0,1.0,0.5,0.5,0.5,1.0,1.0,0.5,0.5,0.5,0.0,0.0,1.0,1.0,1.0,1.0,0.5045,1.0,0.2,0.0,1.0,0.0,1.0,1.0,0.5
0.0,0.0,0.0,0.0,0.6,0.6,0.19399,0.6,0.6,0.0,0.5,0.0,0.0,0.36,0.08,0.98913,0.0,1.0,1.0,0.9,1.0,1.0,1.0,0.85532,1.0,0.25,0.71147,0.61358,0.0,0.0,0.90309,0.5,1.0,0.0,1.0,1.0,0.5,0.5,0.5,1.0,1.0,0.5,0.5,0.5,0.0,0.0,1.0,1.0,1.0,1.0,0.19814,1.0,0.2,0.0,1.0,0.0,1.0,0.0,1.0
0.0,0.0,0.0,0.0,0.6,0.6,0.18779,0.6,0.66667,0.0,0.5,0.0,0.0,0.24,0.08,0.97858,0.0,1.0,1.0,0.9,1.0,1.0,1.0,0.8626,1.0,0.25,0.69337,0.59447,0.0,0.0,0.88556,0.5,1.0,0.0,1.0,1.0,0.5,1.0,0.5,1.0,1.0,0.5,0.5,0.5,0.0,0.0,1.0,1.0,1.0,1.0,0.19814,1.0,0.2,0.0,1.0,0.0,1.0,0.0,1.0
0.0,0.0,0.0,0.0,0.4,0.4,0.18731,0.4,0.73333,0.0,0.5,0.0,0.0,0.2,0.08,0.98157,0.0,1.0,1.0,0.9,1.0,1.0,1.0,0.8634,1.0,0.25,0.69208,0.59285,0.0,0.0,0.87571,0.5,1.0,0.0,1.0,1.0,0.5,1.0,0.5,1.0,1.0,0.5,0.5,0.5,0.0,0.0,1.0,1.0,1.0,1.0,0.19814,1.0,0.2,0.0,1.0,0.0,1.0,0.0,1.0
0.0,0.0,0.0,0.0,0.4,0.4,0.18726,0.4,0.8,0.0,0.5,0.0,0.0,0.2,0.08,0.98728,0.0,1.0,1.0,0.9,1.0,1.0,1.0,0.86351,1.0,0.25,0.69196,0.59267,0.0,0.0,0.86984,0.5,1.0,0.0,1.0,1.0,0.5,1.0,0.5,1.0,1.0,0.5,0.5,0.5,0.0,0.0,1.0,1.0,1.0,1.0,0.19814,1.0,0.2,0.0,1.0,0.0,1.0,0.0,1.0
0.0,0.0,0.0,0.0,0.4,0.4,0.18504,0.4,0.86667,0.0,0.5,0.0,0.0,0.2,0.08,0.99936,0.0,1.0,1.0,0.9,1.0,1.0,1.0,0.91521,1.0,0.25,0.72108,0.60698,0.0,0.0,0.86622,0.5,1.0,0.0,1.0,1.0,0.5,1.0,0.5,1.0,1.0,0.5,0.5,0.5,0.0,0.0,1.0,1.0,1.0,1.0,0.19814,1.0,0.2,0.0,1.0,0.0,1.0,0.0,1.0
0.0,0.0,0.0,0.0,0.4,0.4,0.18477,0.4,0.93333,0.0,0.5,0.0,0.0,0.2,0.08,0.991,0.0,1.0,1.0,0.9,1.0,1.0,1.0,0.92165,1.0,0.25,0.725,0.60726,0.0,0.0,0.86392,0.5,1.0,0.0,1.0,1.0,0.5,1.0,0.5,1.0,1.0,0.5,0.5,0.5,0.0,0.0,1.0,1.0,1.0,1.0,0.19814,1.0,0.2,0.0,1.0,0.0,1.0,0.0,1.0
0.0,0.0,0.0,0.0,0.4,0.4,0.18474,0.4,1.0,0.0,0.5,0.0,0.0,0.16,0.08,0.99074,0.0,1.0,1.0,0.9,1.0,1.0,1.0,0.92254,1.0,0.25,0.72555,0.60732,0.0,0.0,0.86247,0.5,1.0,0.0,1.0,1.0,0.5,1.0,0.5,1.0,1.0,0.5,0.5,0.5,0.0,0.0,1.0,1.0,1.0,1.0,0.19814,1.0,0.2,0.0,1.0,0.0,1.0,0.0,1.0
0.5,0.5,0.5,0.5,0.5,0.5,0.21127,0.6,0.3,0.0,0.5,0.0,0.0,0.52,0.12,0.85419,0.0,1.0,1.0,1.0,1.0,0.5,1.0,0.90473,1.0,0.0,0.95191,0.64731,0.5,0.0,0.95555,1.0,0.5,0.0,1.0,1.0,0.5,0.5,0.5,1.0,1.0,0.5,0.5,0.5,0.0,0.18188,1.0,1.0,1.0,1.0,0.6375,1.0,0.2,0.0,1.0,0.0,1.0,1.0,0.5
1.0,1.0,1.0,1.0,0.6,0.8,0.17635,0.6,0.53333,0.0,0.5,0.0,0.0,0.36,0.2,0.0,0.98395,1.0,1.0,1.0,1.0,0.7,1.0,0.8428,1.0,0.5,0.6725,0.50659,0.0,1.0,1.0,1.0,0.75,0.0,1.0,1.0,0.5,0.5,0.5,1.0,1.0,0.5,0.5,0.5,0.0,0.0,1.0,1.0,1.0,1.0,0.804,1.0,0.2,0.0,1.0,0.0,1.0,1.0,1.0
0.0,0.0,0.0,0.0,0.4,0.4,0.15728,0.4,0.6,0.0,0.5,0.0,0.0,0.32,0.2,0.99069,0.0,1.0,1.0,1.0,1.0,1.0,1.0,0.80622,1.0,0.5,0.65693,0.48912,0.0,0.0,0.5,1.0,0.5,0.0,0.8,0.7909,0.9562,1.0,0.9562,1.0,1.0,0.5,0.5,0.5,0.0,0.0,1.0,1.0,1.0,1.0,0.804,1.0,0.2,0.0,1.0,0.0,1.0,0.0,1.0
0.5,0.5,0.5,0.5,0.5,0.5,0.02908,0.2,0.13333,0.0,0.5,0.0,0.0,0.2,0.04,0.40791,0.0,0.8,1.0,1.0,1.0,0.5,0.0,0.69681,0.99544,0.25,0.27916,0.11837,0.0,0.0,0.66667,0.75,0.5,0.0,1.0,1.0,0.5,0.5,0.5,1.0,1.0,0.5,0.5,0.5,0.0,0.0,1.0,1.0,1.0,0.5,0.5,1.0,0.2,0.0,1.0,1.0,1.0,0.5,0.5
0.0,0.0,0.0,0.0,0.2,0.2,0.00167,0.2,0.2,0.0,0.5,0.0,0.0,0.16,0.08,0.80109,0.0,1.0,1.0,1.0,1.0,1.0,0.0,0.69142,0.98774,0.25,0.017,0.00669,0.0,0.0,0.63026,0.75,1.0,0.0,0.8,0.63498,0.04052,0.5,0.4052,1.0,1.0,0.5,0.5,0.5,0.0,0.0,1.0,1.0,1.0,0.5,0.5,1.0,0.2,0.0,1.0,1.0,1.0,0.5,1.0
0.0,0.0,0.0,0.0,0.2,0.2,0.00019,0.4,0.66667,0.0,0.5,0.0,0.0,0.2,0.12,0.0,0.97742,1.0,1.0,0.9,1.0,0.9,1.0,0.73598,1.0,0.25,0.00175,0.00058,0.5,0.0,0.58284,0.75,1.0,0.0,1.0,1.0,0.5,0.5,0.5,1.0,1.0,0.5,0.5,0.5,0.0,0.0,1.0,1.0,1.0,0.5,0.5,1.0,0.2,0.0,1.0,1.0,1.0,0.0,1.0
0.0,0.0,0.0,0.0,0.4,0.4,0.00019,0.4,0.76667,0.0,0.5,0.0,0.0,0.2,0.12,0.99492,0.0,1.0,1.0,0.9,1.0,1.0,0.0,0.72601,1.0,0.25,0.0018,0.0006,0.5,0.0,0.58185,0.5,1.0,0.0,1.0,1.0,0.5,0.5,0.5,1.0,1.0,0.5,0.5,0.5,0.0,0.0,1.0,1.0,1.0,0.5,0.5,1.0,0.2,0.0,1.0,1.0,1.0,0.0,1.0
0.0,0.0,0.0,0.0,0.4,0.4,0.00018,0.4,0.86667,0.0,0.5,0.0,0.0,0.2,0.12,0.99188,0.0,1.0,1.0,0.9,1.0,1.0,0.0,0.74196,1.0,0.25,0.00163,0.00054,0.5,0.0,0.58135,0.5,1.0,0.0,1.0,1.0,0.5,0.5,0.5,1.0,1.0,0.5,0.5,0.5,0.0,0.0,1.0,1.0,1.0,0.5,0.5,1.0,0.2,0.0,1.0,1.0,1.0,0.0,1.0
0.0,0.0,0.0,0.0,0.4,0.4,0.00018,0.4,0.93333,0.0,0.5,0.0,0.0,0.2,0.12,0.99458,0.0,1.0,1.0,0.9,1.0,1.0,0.0,0.72823,1.0,0.25,0.00171,0.00057,0.5,0.0,0.58116,0.75,1.0,0.0,1.0,1.0,0.5,0.5,0.5,1.0,1.0,0.5,0.5,0.5,0.0,0.0,1.0,1.0,1.0,0.5,0.5,1.0,0.2,0.0,1.0,1.0,1.0,0.0,1.0
0.5,0.5,0.5,0.5,0.5,0.5,0.12467,0.6,0.23333,0.0,0.5,0.0,0.0,0.36,0.0,0.92232,0.0,1.0,0.7,1.0,1.0,0.5,1.0,0.38259,0.54656,0.0,0.8638,0.66143,0.5,0.0,0.97806,1.0,0.5,0.0,1.0,1.0,0.5,0.5,0.5,1.0,1.0,0.5,0.5,0.5,0.0,0.0,1.0,1.0,1.0,0.5,0.5,1.0,0.2,0.0,1.0,1.0,1.0,1.0,0.5
1.0,1.0,1.0,1.0,0.6,0.6,0.16438,0.4,0.46667,0.0,0.5,0.0,0.0,0.36,0.0,0.0,0.9982,1.0,1.0,1.0,1.0,1.0,1.0,0.67626,0.96608,0.0,0.85666,0.7496,0.0,0.0,0.99307,1.0,1.0,0.0,1.0,1.0,0.5,0.5,0.5,1.0,1.0,0.5,0.5,0.5,0.0,0.0,1.0,1.0,1.0,0.5,0.5,1.0,0.2,0.0,1.0,1.0,1.0,1.0,1.0
1.0,1.0,1.0,1.0,0.8,0.6,0.18881,0.4,0.56667,0.0,0.5,0.0,0.0,0.36,0.0,0.0,0.98844,1.0,1.0,1.0,1.0,1.0,1.0,0.83574,1.0,0.0,0.88515,0.78309,0.0,0.0,1.0,1.0,1.0,0.0,1.0,1.0,0.5,0.5,0.5,1.0,1.0,0.5,0.5,0.5,0.0,0.0,1.0,1.0,1.0,0.5,0.5,1.0,0.2,0.0,1.0,1.0,1.0,1.0,1.0
1.0,1.0,1.0,1.0,0.8,0.4,0.19664,0.4,0.66667,0.0,0.5,0.0,0.0,0.36,0.0,0.0,0.98153,1.0,1.0,1.0,1.0,1.0,1.0,0.99768,1.0,0.0,0.84175,0.73466,0.0,0.0,1.0,1.0,1.0,0.0,1.0,1.0,0.5,0.5,0.5,1.0,1.0,0.5,0.5,0.5,0.0,0.0,1.0,1.0,1.0,0.5,0.5,1.0,0.2,0.0,1.0,1.0,1.0,1.0,1.0
1.0,1.0,1.0,1.0,0.6,0.4,0.21314,0.4,0.73333,0.0,0.5,0.0,0.0,0.36,0.0,0.0,0.97774,1.0,1.0,1.0,1.0,1.0,0.0,0.8981,1.0,0.0,0.86804,0.76972,0.0,0.0,1.0,1.0,1.0,0.0,1.0,1.0,0.5,0.5,0.5,1.0,1.0,0.5,0.5,0.5,0.0,0.0,1.0,1.0,1.0,0.5,0.5,1.0,0.2,0.0,1.0,1.0,1.0,1.0,1.0
0.0,1.0,0.0,1.0,0.4,0.4,0.26228,0.8,0.83333,0.0,0.5,0.0,0.0,0.36,0.0,0.0,0.90616,0.8,0.9,1.0,1.0,0.8,0.0,0.75912,1.0,0.25,1.0,1.0,1.0,0.0,1.0,1.0,0.25,0.0,1.0,1.0,0.5,0.5,0.5,1.0,1.0,0.5,0.5,0.5,0.0,0.0,1.0,1.0,1.0,0.67579,0.6375,1.0,0.2,0.0,1.0,1.0,1.0,0.0,1.0
1.0,0.0,1.0,0.0,0.8,0.6,0.21028,0.6,0.0,0.96774,0.5,0.0,0.0,0.28,0.0,0.9684,0.0,1.0,1.0,1.0,1.0,0.9,0.0,0.33286,0.47551,0.0,1.0,1.0,1.0,0.0,1.0,1.0,1.0,0.0,1.0,1.0,0.5,0.5,0.5,1.0,1.0,0.5,0.5,0.5,0.0,0.0,1.0,1.0,1.0,0.67579,0.6375,1.0,0.2,0.0,1.0,1.0,1.0,1.0,1.0
0.5,0.5,0.5,0.5,0.5,0.5,0.21373,0.8,0.1,0.0,0.5,0.0,0.0,0.24,0.0,0.95924,0.0,1.0,1.0,1.0,1.0,0.5,0.0,0.79519,1.0,0.25,1.0,1.0,1.0,0.0,0.66667,0.5,0.5,0.0,1.0,1.0,0.5,0.5,0.5,1.0,1.0,0.5,0.5,0.5,0.0,0.0,1.0,1.0,1.0,0.5,0.5,1.0,0.2,0.0,1.0,1.0,1.0,0.0,0.5
0.0,0.0,0.0,0.0,0.8,0.8,0.13271,0.2,0.33333,0.0,0.5,0.0,0.0,0.24,0.0,0.98788,0.0,0.9,0.9,1.0,1.0,0.9,1.0,0.7041,1.0,0.25,0.75456,0.60586,0.0,0.0,0.5,1.0,0.75,0.0,1.0,1.0,0.5,0.5,0.5,1.0,1.0,0.5,0.5,0.5,0.0,0.0,1.0,1.0,1.0,0.5,0.5,1.0,0.2,0.0,1.0,1.0,1.0,0.0,1.0
0.0,0.0,0.0,0.0,0.2,0.2,0.1323,0.2,0.0,0.96774,0.5,0.0,0.0,0.2,0.0,0.99942,0.0,1.0,1.0,1.0,1.0,1.0,0.0,0.03572,0.05103,0.0,1.0,1.0,1.0,0.0,1.0,1.0,0.75,0.0,1.0,1.0,0.5,0.5,0.5,1.0,1.0,0.5,0.5,0.5,0.0,0.0,1.0,1.0,1.0,0.5,0.5,1.0,0.2,1.0,1.0,1.0,1.0,1.0,1.0
0.0,0.5,0.0,0.5,0.2,0.5,0.1323,0.2,0.0,0.9375,0.5,0.0,1.0,0.2,0.0,0.99953,0.0,1.0,1.0,1.0,1.0,1.0,0.0,0.03572,0.05103,0.0,1.0,1.0,1.0,0.0,1.0,1.0,1.0,0.0,1.0,1.0,0.5,0.5,0.5,1.0,1.0,0.5,0.5,0.5,0.0,0.0,1.0,1.0,1.0,0.5,0.5,1.0,0.2,1.0,1.0,1.0,1.0,1.0,1.0
0.0,0.5,0.0,0.5,0.2,0.5,0.1323,0.2,0.0,0.90909,0.5,0.0,1.0,0.2,0.0,0.99962,0.0,1.0,1.0,1.0,1.0,1.0,0.0,0.03572,0.05103,0.0,1.0,1.0,1.0,0.0,1.0,1.0,1.0,0.0,1.0,1.0,0.5,0.5,0.5,1.0,1.0,0.5,0.5,0.5,0.0,0.0,1.0,1.0,1.0,0.5,0.5,1.0,0.2,1.0,1.0,1.0,1.0,1.0,1.0
0.0,0.5,0.0,0.5,0.2,0.5,0.1323,0.2,0.0,0.88235,0.5,0.0,1.0,0.2,0.0,0.99969,0.0,1.0,1.0,1.0,1.0,1.0,0.0,0.03572,0.05103,0.0,1.0,1.0,1.0,0.0,1.0,1.0,1.0,0.0,1.0,1.0,0.5,0.5,0.5,1.0,1.0,0.5,0.5,0.5,0.0,0.0,1.0,1.0,1.0,0.5,0.5,1.0,0.2,1.0,1.0,1.0,1.0,1.0,1.0
0.0,0.5,0.0,0.5,0.2,0.5,0.1323,0.2,0.0,0.85714,0.5,0.0,1.0,0.2,0.0,0.99975,0.0,1.0,1.0,1.0,1.0,1.0,0.0,0.03572,0.05103,0.0,1.0,1.0,1.0,0.0,1.0,1.0,1.0,0.0,1.0,1.0,0.5,0.5,0.5,1.0,1.0,0.5,0.5,0.5,0.0,0.0,1.0,1.0,1.0,0.5,0.5,1.0,0.2,1.0,1.0,1.0,1.0,1.0,1.0
0.0,0.5,0.0,0.5,0.2,0.5,0.1323,0.2,0.0,0.83333,0.5,0.0,1.0,0.2,0.0,0.9998,0.0,1.0,1.0,1.0,1.0,1.0,0.0,0.03572,0.05103,0.0,1.0,1.0,1.0,0.0,1.0,1.0,1.0,0.0,1.0,1.0,0.5,0.5,0.5,1.0,1.0,0.5,0.5,0.5,0.0,0.0,1.0,1.0,1.0,0.5,0.5,1.0,0.2,1.0,1.0,1.0,1.0,1.0,1.0
0.0,0.5,0.0,0.5,0.2,0.5,0.1323,0.2,0.0,0.81081,0.5,0.0,1.0,0.2,0.0,0.99984,0.0,1.0,1.0,1.0,1.0,1.0,0.0,0.03572,0.05103,0.0,1.0,1.0,1.0,0.0,1.0,1.0,1.0,0.0,1.0,1.0,0.5,0.5,0.5,1.0,1.0,0.5,0.5,0.5,0.0,0.0,1.0,1.0,1.0,0.5,0.5,1.0,0.2,1.0,1.0,1.0,1.0,1.0,1.0
0.0,0.5,0.0,0.5,0.2,0.5,0.1323,0.2,0.0,0.78947,0.5,0.0,1.0,0.2,0.0,0.99987,0.0,1.0,1.0,1.0,1.0,1.0,0.0,0.03572,0.05103,0.0,1.0,1.0,1.0,0.0,1.0,1.0,1.0,0.0,1.0,1.0,0.5,0.5,0.5,1.0,1.0,0.5,0.5,0.5,0.0,0.0,1.0,1.0,1.0,0.5,0.5,1.0,0.2,1.0,1.0,1.0,1.0,1.0,1.0
0.0,0.5,0.0,0.5,0.2,0.5,0.1323,0.2,0.0,0.76923,0.5,0.0,1.0,0.2,0.0,0.99989,0.0,1.0,1.0,1.0,1.0,1.0,0.0,0.03572,0.05103,0.0,1.0,1.0,1.0,0.0,1.0,1.0,1.0,0.0,1.0,1.0,0.5,0.5,0.5,1.0,1.0,0.5,0.5,0.5,0.0,0.0,1.0,1.0,1.0,0.5,0.5,1.0,0.2,1.0,1.0,1.0,1.0,1.0,1.0
0.0,0.5,0.0,0.5,0.2,0.5,0.1323,0.2,0.0,0.75,0.5,0.0,1.0,0.2,0.0,0.99991,0.0,1.0,1.0,1.0,1.0,1.0,0.0,0.03572,0.05103,0.0,1.0,1.0,1.0,0.0,1.0,1.0,1.0,0.0,1.0,1.0,0.5,0.5,0.5,1.0,1.0,0.5,0.5,0.5,0.0,0.0,1.0,1.0,1.0,0.5,0.5,1.0,0.2,1.0,1.0,1.0,1.0,1.0,1.0
0.5,0.5,0.5,0.5,0.5,0.5,0.63051,1.0,0.33333,0.0,0.5,0.0,0.0,0.16,0.08,0.97581,0.0,1.0,1.0,0.6,1.0,0.5,1.0,0.8113,1.0,0.25,1.0,1.0,1.0,0.0,1.0,1.0,0.5,0.0,1.0,1.0,0.5,0.5,0.5,1.0,1.0,0.5,0.5,0.5,0.0,0.0,1.0,1.0,1.0,1.0,1.0,1.0,0.2,1.0,1.0,0.0,1.0,1.0,0.5
0.0,0.0,1.0,1.0,1.0,1.0,0.63161,1.0,0.4,0.0,0.5,0.0,0.0,0.08,0.08,0.98925,0.0,1.0,1.0,0.6,1.0,1.0,1.0,0.81415,1.0,0.25,1.0,1.0,1.0,0.0,1.0,1.0,1.0,0.0,1.0,1.0,0.5,0.5,0.5,1.0,1.0,0.5,0.5,0.5,0.0,0.0,1.0,1.0,1.0,1.0,1.0,1.0,0.2,1.0,1.0,0.0,1.0,1.0,1.0
0.0,0.0,1.0,1.0,1.0,1.0,0.63172,1.0,0.5,0.0,0.5,0.0,0.0,0.08,0.08,0.99553,0.0,1.0,1.0,0.6,1.0,1.0,1.0,0.81443,1.0,0.25,1.0,1.0,1.0,0.0,1.0,1.0,1.0,0.0,1.0,1.0,0.5,0.5,0.5,1.0,1.0,0.5,0.5,0.5,0.0,0.0,1.0,1.0,1.0,1.0,1.0,1.0,0.2,1.0,1.0,0.0,1.0,1.0,1.0
0.5,0.5,0.5,0.5,0.5,0.5,0.10312,0.2,0.46667,0.0,0.5,0.0,0.0,0.44,0.0,0.99994,0.0,1.0,1.0,1.0,1.0,0.5,1.0,0.79361,1.0,0.0,0.49609,0.38031,0.0,0.0,0.9233,1.0,0.5,0.0,1.0,1.0,0.5,0.5,0.5,1.0,1.0,0.5,0.5,0.5,0.0,0.0,1.0,1.0,1.0,0.5,0.5,1.0,0.2,0.0,1.0,1.0,1.0,0.0,0.5
0.0,0.0,1.0,1.0,0.2,0.2,0.10335,0.2,0.56667,0.0,0.5,0.0,0.0,0.36,0.0,0.95489,0.0,1.0,1.0,1.0,1.0,0.8,1.0,0.25596,0.36566,0.0,0.58367,0.4121,0.0,0.0,0.8814,0.75,0.75,0.0,1.0,1.0,0.5,0.5,0.5,1.0,1.0,0.5,0.5,0.5,0.0,0.0,1.0,1.0,1.0,0.5,0.5,1.0,0.2,0.0,1.0,1.0,1.0,0.0,1.0
0.0,0.0,1.0,1.0,0.2,0.2,0.10336,0.2,0.63333,0.0,0.5,0.0,0.0,0.28,0.0,0.9688,0.0,1.0,1.0,1.0,1.0,1.0,1.0,0.0218,0.03115,0.25,1.0,1.0,1.0,0.0,1.0,1.0,0.75,0.0,1.0,1.0,0.5,0.5,0.5,1.0,1.0,0.5,0.5,0.5,0.0,0.0,1.0,1.0,1.0,0.5,0.5,1.0,0.2,1.0,1.0,1.0,1.0,1.0,1.0
0.0,0.0,1.0,1.0,0.2,0.2,0.10337,0.2,0.73333,0.0,0.5,0.0,0.0,0.2,0.0,0.97934,0.0,1.0,1.0,1.0,1.0,0.9,1.0,0.02181,0.03115,0.0,1.0,1.0,1.0,0.0,1.0,1.0,1.0,0.0,1.0,1.0,0.5,0.5,0.5,1.0,1.0,0.5,0.5,0.5,0.0,0.0,1.0,1.0,1.0,0.5,0.5,1.0,0.2,1.0,1.0,1.0,1.0,1.0,1.0
1.0,1.0,1.0,1.0,0.2,0.2,0.13956,0.2,0.8,0.0,0.5,0.0,0.0,0.24,0.0,0.0,0.99934,1.0,0.9,1.0,1.0,1.0,0.0,0.03975,0.05678,0.0,1.0,1.0,1.0,0.0,1.0,1.0,1.0,0.0,1.0,1.0,0.5,0.5,0.5,1.0,1.0,0.5,0.5,0.5,0.0,0.0,1.0,1.0,1.0,0.5,0.5,1.0,0.2,1.0,1.0,1.0,1.0,1.0,1.0
1.0,1.0,1.0,1.0,0.4,0.6,0.19267,0.6,0.86667,0.0,0.5,0.0,0.0,0.28,0.0,0.0,0.99321,1.0,0.9,1.0,1.0,1.0,0.0,0.72781,1.0,0.25,0.96052,0.92404,0.0,0.0,0.8929,1.0,0.75,0.0,1.0,1.0,0.5,0.5,0.5,1.0,1.0,0.5,0.5,0.5,0.0,0.0,1.0,1.0,1.0,0.5,0.5,1.0,0.2,0.0,1.0,1.0,1.0,0.0,1.0
1.0,1.0,1.0,1.0,0.6,0.6,0.19847,0.6,0.93333,0.0,0.5,0.0,0.0,0.24,0.0,0.98281,0.0,1.0,1.0,1.0,1.0,1.0,1.0,0.08039,0.11484,0.0,1.0,1.0,1.0,0.0,1.0,1.0,0.75,0.0,1.0,1.0,0.5,0.5,0.5,1.0,1.0,0.5,0.5,0.5,0.0,0.0,1.0,1.0,1.0,0.5,0.5,1.0,0.2,1.0,1.0,1.0,1.0,1.0,1.0
0.0,0.0,1.0,1.0,0.6,0.6,0.1992,0.6,1.0,0.0,0.5,0.0,0.0,0.24,0.0,0.97766,0.0,1.0,1.0,1.0,1.0,1.0,1.0,0.08098,0.11569,0.0,1.0,1.0,1.0,0.0,1.0,1.0,1.0,0.0,1.0,1.0,0.5,0.5,0.5,1.0,1.0,0.5,0.5,0.5,0.0,0.0,1.0,1.0,1.0,0.5,0.5,1.0,0.2,1.0,1.0,1.0,1.0,1.0,1.0
0.0,0.0,1.0,1.0,0.6,0.6,0.19931,0.6,0.0,0.9375,0.5,0.0,0.0,0.2,0.0,0.98375,0.0,1.0,1.0,1.0,1.0,1.0,1.0,0.08107,0.11581,0.0,1.0,1.0,1.0,0.0,1.0,1.0,1.0,0.0,1.0,1.0,0.5,0.5,0.5,1.0,1.0,0.5,0.5,0.5,0.0,0.0,1.0,1.0,1.0,0.5,0.5,1.0,0.2,1.0,1.0,1.0,1.0,0.0,1.0
0.0,0.5,1.0,0.5,0.6,0.5,0.19932,0.6,0.0,0.90909,0.5,0.0,1.0,0.2,0.0,0.98694,0.0,1.0,1.0,1.0,1.0,1.0,1.0,0.08108,0.11582,0.0,1.0,1.0,1.0,0.0,1.0,1.0,1.0,0.0,1.0,1.0,0.5,0.5,0.5,1.0,1.0,0.5,0.5,0.5,0.0,0.0,1.0,1.0,1.0,0.5,0.5,1.0,0.2,1.0,1.0,1.0,1.0,1.0,1.0
0.0,0.5,1.0,0.5,0.6,0.5,0.19932,0.6,0.0,0.88235,0.5,0.0,1.0,0.2,0.0,0.98948,0.0,1.0,1.0,1.0,1.0,1.0,1.0,0.08108,0.11583,0.0,1.0,1.0,1.0,0.0,1.0,1.0,1.0,0.0,1.0,1.0,0.5,0.5,0.5,1.0,1.0,0.5,0.5,0.5,0.0,0.0,1.0,1.0,1.0,0.5,0.5,1.0,0.2,1.0,1.0,1.0,1.0,1.0,1.0
0.0,0.5,1.0,0.5,0.6,0.5,0.19932,0.6,0.0,0.85714,0.5,0.0,1.0,0.2,0.0,0.99152,0.0,1.0,1.0,1.0,1.0,1.0,1.0,0.08108,0.11583,0.0,1.0,1.0,1.0,0.0,1.0,1.0,1.0,0.0,1.0,1.0,0.5,0.5,0.5,1.0,1.0,0.5,0.5,0.5,0.0,0.0,1.0,1.0,1.0,0.5,0.5,1.0,0.2,1.0,1.0,1.0,1.0,1.0,1.0
0.0,0.5,1.0,0.5,0.6,0.5,0.19933,0.6,0.0,0.83333,0.5,0.0,1.0,0.2,0.0,0.99316,0.0,1.0,1.0,1.0,1.0,1.0,1.0,0.08108,0.11583,0.0,1.0,1.0,1.0,0.0,1.0,1.0,1.0,0.0,1.0,1.0,0.5,0.5,0.5,1.0,1.0,0.5,0.5,0.5,0.0,0.0,1.0,1.0,1.0,0.5,0.5,1.0,0.2,1.0,1.0,1.0,1.0,1.0,1.0
0.0,0.5,1.0,0.5,0.6,0.5,0.19933,0.6,0.0,0.81081,0.5,0.0,1.0,0.2,0.0,0.99448,0.0,1.0,1.0,1.0,1.0,1.0,1.0,0.08108,0.11583,0.0,1.0,1.0,1.0,0.0,1.0,1.0,1.0,0.0,1.0,1.0,0.5,0.5,0.5,1.0,1.0,0.5,0.5,0.5,0.0,0.0,1.0,1.0,1.0,0.5,0.5,1.0,0.2,1.0,1.0,1.0,1.0,1.0,1.0
0.0,0.5,1.0,0.5,0.6,0.5,0.19933,0.6,0.0,0.78947,0.5,0.0,1.0,0.2,0.0,0.99554,0.0,1.0,1.0,1.0,1.0,1.0,1.0,0.08108,0.11583,0.0,1.0,1.0,1.0,0.0,1.0,1.0,1.0,0.0,1.0,1.0,0.5,0.5,0.5,1.0,1.0,0.5,0.5,0.5,0.0,0.0,1.0,1.0,1.0,0.5,0.5,1.0,0.2,1.0,1.0,1.0,1.0,1.0,1.0
0.0,0.5,1.0,0.5,0.6,0.5,0.19933,0.6,0.0,0.76923,0.5,0.0,1.0,0.2,0.0,0.9964,0.0,1.0,1.0,1.0,1.0,1.0,1.0,0.08108,0.11583,0.0,1.0,1.0,1.0,0.0,1.0,1.0,1.0,0.0,1.0,1.0,0.5,0.5,0.5,1.0,1.0,0.5,0.5,0.5,0.0,0.0,1.0,1.0,1.0,0.5,0.5,1.0,0.2,1.0,1.0,1.0,1.0,1.0,1.0
0.0,0.5,1.0,0.5,0.6,0.5,0.19933,0.6,0.0,0.75,0.5,0.0,1.0,0.2,0.0,0.99709,0.0,1.0,1.0,1.0,1.0,1.0,1.0,0.08108,0.11583,0.0,1.0,1.0,1.0,0.0,1.0,1.0,1.0,0.0,1.0,1.0,0.5,0.5,0.5,1.0,1.0,0.5,0.5,0.5,0.0,0.0,1.0,1.0,1.0,0.5,0.5,1.0,0.2,1.0,1.0,1.0,1.0,1.0,1.0
0.5,0.5,0.5,0.5,0.5,0.5,0.09204,0.4,0.13333,0.0,1.0,0.0,0.0,0.26,0.0,0.97506,0.0,1.0,0.93333,1.0,1.0,0.5,1.0,0.60037,0.85767,0.11111,1.0,0.76114,0.5,0.0,0.7415,1.0,0.5,0.0,1.0,1.0,0.5,0.5,0.5,1.0,1.0,0.5,0.5,0.5,0.0,0.0,1.0,1.0,1.0,0.5,0.5,1.0,0.1,0.0,1.0,1.0,1.0,0.5,0.5
1.0,1.0,1.0,1.0,0.4,0.4,0.10595,0.4,0.2,0.0,1.0,0.0,0.0,0.24,0.0,0.98611,0.0,1.0,0.86667,1.0,1.0,0.93333,1.0,0.63409,0.90585,0.33333,1.0,0.96622,0.75,0.0,0.704,0.55556,0.77778,0.0,1.0,1.0,0.5,0.5,0.5,1.0,1.0,0.5,0.5,0.5,0.0,0.0,1.0,1.0,1.0,0.5,0.5,1.0,0.1,0.0,1.0,1.0,1.0,0.0,1.0
0.5,0.5,0.5,0.5,0.5,0.5,0.08938,0.4,0.16667,0.0,1.0,0.0,0.0,0.36,0.0,0.92228,0.0,0.95556,1.0,1.0,1.0,0.5,0.0,0.63132,0.90189,0.11111,1.0,0.61101,0.5,0.0,0.80536,1.0,0.5,0.0,1.0,1.0,0.5,0.5,0.5,1.0,1.0,0.5,0.5,0.5,0.0,0.0,1.0,1.0,1.0,0.5,0.5,1.0,0.1,0.0,1.0,1.0,1.0,0.5,0.5
0.5,0.5,0.5,0.5,0.5,0.5,0.0375,0.1,0.06667,0.0,1.0,0.0,0.0,0.32,0.0,0.5,0.5,0.75556,0.57778,1.0,1.0,0.5,1.0,0.84968,1.0,0.11111,0.39511,0.26556,0.0,0.0,0.68991,1.0,0.5,0.0,1.0,1.0,0.5,0.5,0.5,1.0,1.0,0.5,0.5,0.5,0.5,0.5,1.0,1.0,1.0,0.5,0.5,1.0,0.1,0.0,1.0,1.0,1.0,0.8,0.5
1.0,1.0,1.0,1.0,0.1,0.1,0.04239,0.1,0.13333,0.0,1.0,0.0,0.0,0.27,0.0,0.91803,0.0,0.97778,1.0,1.0,1.0,0.86667,1.0,0.848,1.0,0.22222,0.4519,0.29624,0.0,0.0,0.86666,0.77778,0.77778,0.0,1.0,1.0,0.5,0.5,0.5,1.0,1.0,0.5,0.5,0.5,0.0,0.0,1.0,1.0,1.0,0.5,0.5,1.0,0.1,0.0,1.0,1.0,1.0,0.6,1.0
1.0,1.0,1.0,1.0,0.1,0.1,0.0433,0.1,0.2,0.0,1.0,0.0,0.0,0.29,0.0,0.99223,0.0,1.0,0.91111,1.0,1.0,1.0,1.0,0.76841,1.0,0.11111,0.4366,0.28116,0.0,0.0,0.981,0.88889,0.66667,0.0,1.0,1.0,0.5,0.5,0.5,1.0,1.0,0.5,0.5,0.5,0.0,0.0,1.0,1.0,1.0,0.5,0.5,1.0,0.1,0.0,1.0,1.0,1.0,0.75,1.0
1.0,1.0,1.0,1.0,0.1,0.1,0.04738,0.1,0.26667,0.0,1.0,0.0,0.0,0.32,0.0,0.0,0.97383,1.0,1.0,1.0,1.0,0.88889,1.0,0.77424,1.0,0.11111,0.4693,0.29332,0.0,0.0,0.93809,0.88889,0.77778,0.0,1.0,1.0,0.5,0.5,0.5,1.0,1.0,0.5,0.5,0.5,0.0,0.0,1.0,1.0,1.0,0.5,0.5,1.0,0.1,0.0,1.0,1.0,1.0,0.75,1.0
1.0,1.0,1.0,1.0,0.1,0.1,0.04852,0.1,0.33333,0.0,1.0,0.0,0.0,0.28,0.01,0.40913,0.0,1.0,1.0,1.0,1.0,1.0,1.0,0.81848,1.0,0.11111,0.44358,0.2846,0.0,0.0,0.95401,1.0,0.77778,0.0,1.0,1.0,0.5,0.5,0.5,1.0,1.0,0.5,0.5,0.5,0.0,0.0,1.0,1.0,1.0,0.5,0.5,1.0,0.1,0.0,1.0,1.0,1.0,0.5,1.0
1.0,1.0,1.0,1.0,0.1,0.1,0.05713,0.2,0.46667,0.0,1.0,0.0,0.0,0.27,0.02,0.96206,0.0,1.0,0.86667,0.91111,1.0,0.91111,1.0,0.8034,1.0,0.11111,0.53162,0.29923,0.25,0.0,0.93744,1.0,0.77778,0.6,1.0,1.0,0.5,0.5,0.5,1.0,1.0,0.5,0.5,0.5,0.84602,0.82767,0.4,1.0,1.0,0.5,0.5,1.0,0.1,0.0,1.0,1.0,1.0,0.5,1.0
1.0,0.0,1.0,0.0,0.4,0.3,0.05639,0.3,0.53333,0.0,1.0,0.0,0.0,0.26,0.07,0.0,0.96016,0.82222,1.0,0.73333,0.82222,0.82222,1.0,0.87364,1.0,0.0,0.45374,0.28276,0.0,0.0,0.96825,0.66667,0.66667,0.0,0.9,0.97569,0.54549,0.5,1.0,1.0,1.0,0.34235,0.54346,0.94628,0.0,0.0,1.0,0.0,0.0,0.0,0.2375,1.0,0.1,0.0,1.0,0.0,1.0,0.0,1.0
1.0,1.0,1.0,1.0,0.4,0.4,0.0581,0.4,0.6,0.0,1.0,0.0,0.0,0.24,0.07,0.0,0.91369,1.0,1.0,0.91111,1.0,0.82222,1.0,0.9048,1.0,0.11111,0.4632,0.25585,0.25,0.0,0.99515,0.77778,0.66667,0.0,1.0,1.0,0.5,0.5,0.5,1.0,1.0,0.34235,0.54346,0.94628,0.0,0.0,1.0,1.0,1.0,0.0,0.2375,1.0,0.1,0.0,1.0,0.0,1.0,0.5,1.0
0.5,0.5,0.5,0.5,0.5,0.5,0.07858,0.3,0.16667,0.0,1.0,0.0,0.0,0.24,0.01,0.86482,0.0,0.93333,1.0,1.0,1.0,0.5,0.0,0.71151,1.0,0.11111,0.74752,0.54401,0.0,0.0,0.84105,0.88889,0.5,0.0,1.0,1.0,0.5,0.5,0.5,1.0,1.0,0.5,0.5,0.5,0.0,0.0,1.0,1.0,1.0,0.5,0.5,1.0,0.1,0.0,1.0,1.0,1.0,0.66667,0.5
1.0,1.0,1.0,1.0,0.4,0.4,0.12697,0.8,0.7,0.0,1.0,0.0,0.0,0.23,0.02,0.0,0.99591,1.0,1.0,1.0,1.0,0.84444,1.0,0.95283,1.0,0.11111,0.95636,0.76945,0.5,0.0,0.95325,0.77778,0.66667,0.0,1.0,1.0,0.5,0.5,0.5,1.0,1.0,0.5,0.5,0.5,0.0,0.0,1.0,1.0,1.0,1.0,1.0,1.0,0.1,0.0,1.0,0.0,1.0,0.5,1.0
1.0,1.0,1.0,1.0,0.8,0.8,0.12927,0.8,0.76667,0.0,1.0,0.0,0.0,0.24,0.02,0.0,0.99191,1.0,0.93333,1.0,1.0,0.95556,1.0,0.95751,1.0,0.11111,0.96781,0.6968,0.5,0.0,0.95313,0.88889,1.0,0.0,1.0,1.0,0.5,0.5,0.5,1.0,1.0,0.5,0.5,0.5,0.0,0.0,1.0,1.0,1.0,1.0,1.0,1.0,0.1,0.0,1.0,0.0,1.0,0.5,1.0
1.0,1.0,1.0,1.0,0.8,0.8,0.13431,0.8,0.86667,0.0,1.0,0.0,0.0,0.23,0.02,0.0,0.99885,1.0,0.95556,1.0,1.0,0.97778,1.0,0.9975,1.0,0.11111,0.95685,0.68047,0.5,0.0,0.95329,0.88889,1.0,0.0,1.0,1.0,0.5,0.5,0.5,1.0,1.0,0.5,0.5,0.5,0.0,0.0,1.0,1.0,1.0,1.0,1.0,1.0,0.1,0.0,1.0,0.0,1.0,0.75,1.0
0.5,0.5,0.5,0.5,0.5,0.5,0.10629,0.5,0.06667,0.0,1.0,0.0,0.0,0.43,0.0,0.5,0.5,0.53333,0.46667,1.0,1.0,0.5,1.0,0.90112,1.0,0.11111,0.85158,0.5733,0.25,0.0,0.92275,0.88889,0.5,0.0,1.0,1.0,0.5,0.5,0.5,1.0,1.0,0.5,0.5,0.5,0.5,0.5,1.0,1.0,1.0,0.5,0.5,1.0,0.1,0.0,1.0,1.0,1.0,0.0,0.5
0.5,0.5,0.5,0.5,0.5,0.5,0.21632,0.9,0.13333,0.0,1.0,0.0,0.0,0.32,0.01,0.35311,0.0,0.91111,1.0,0.91111,1.0,0.5,1.0,0.72279,1.0,0.11111,1.0,1.0,1.0,0.0,1.0,0.88889,0.5,0.0,1.0,1.0,0.5,0.5,0.5,1.0,1.0,0.5,0.5,0.5,0.0,0.0,1.0,1.0,1.0,1.0,1.0,1.0,0.1,0.0,1.0,0.0,1.0,0.0,0.5
0.0,1.0,0.0,0.0,0.9,0.9,0.04652,0.6,0.56667,0.0,1.0,0.0,0.0,0.19,0.04,0.99998,0.0,1.0,1.0,0.64444,1.0,0.64444,1.0,0.68055,0.97221,0.11111,0.60306,0.22283,0.66667,0.0,0.74533,0.77778,0.55556,0.0,1.0,1.0,0.5,0.5,0.5,1.0,1.0,0.5,0.5,0.5,0.0,0.0,1.0,1.0,1.0,0.27661,0.85669,1.0,0.1,0.0,1.0,0.0,1.0,0.66667,1.0
1.0,1.0,1.0,1.0,0.6,0.6,0.03088,0.6,0.96667,0.0,1.0,0.0,0.0,0.18,0.05,0.0,0.99949,1.0,1.0,0.64444,1.0,0.8,0.0,0.68585,0.97979,0.11111,0.49457,0.14142,0.75,0.0,0.88611,0.88889,0.66667,0.0,1.0,1.0,0.5,0.5,0.5,1.0,1.0,0.5,0.5,0.5,0.0,0.0,1.0,1.0,1.0,1.0,0.10944,1.0,0.1,0.0,1.0,0.0,1.0,0.75,1.0
0.5,0.5,0.5,0.5,0.5,0.5,0.15145,0.8,0.13333,0.0,1.0,0.0,0.0,0.09,0.01,0.44968,0.0,1.0,1.0,1.0,1.0,0.5,1.0,0.61897,0.88425,0.11111,1.0,1.0,1.0,0.0,1.0,0.88889,0.5,0.0,1.0,1.0,0.5,0.5,0.5,1.0,1.0,0.5,0.5,0.5,0.0,0.0,1.0,1.0,1.0,1.0,1.0,1.0,0.1,0.0,1.0,0.0,1.0,0.0,0.5
1.0,1.0,1.0,1.0,0.9,0.9,0.10077,0.5,0.3,0.0,1.0,0.0,0.0,0.1,0.03,0.0,0.98846,1.0,0.93333,0.93333,1.0,0.91111,1.0,0.65867,0.94096,0.11111,0.82651,0.50377,0.5,0.0,0.44444,1.0,0.88889,0.0,1.0,1.0,0.5,0.5,0.5,1.0,1.0,0.5,0.5,0.5,0.0,0.0,1.0,1.0,1.0,1.0,0.05942,1.0,0.1,0.0,1.0,0.0,1.0,1.0,1.0
0.0,0.0,0.0,0.0,0.5,0.5,0.09625,0.5,0.43333,0.0,1.0,0.0,0.0,0.08,0.02,0.99655,0.0,1.0,0.97778,0.93333,1.0,0.97778,1.0,0.56563,0.80804,0.11111,1.0,1.0,1.0,0.0,0.5,0.88889,0.88889,0.0,1.0,1.0,0.5,0.5,0.5,1.0,1.0,0.5,0.5,0.5,0.0,0.0,1.0,1.0,1.0,1.0,0.14585,1.0,0.1,0.0,1.0,0.0,1.0,0.0,1.0
0.5,0.5,0.5,0.5,0.5,0.5,0.02911,0.5,0.5,0.0,1.0,0.0,0.0,0.17,0.06,0.99991,0.0,1.0,1.0,0.77778,0.84444,0.5,0.0,0.80115,1.0,0.22222,0.182,0.09872,0.0,0.0,0.857,0.88889,0.5,0.0,0.9,0.65048,0.43082,0.5,0.4535,1.0,1.0,0.5,0.5,0.5,0.0,0.0,1.0,1.0,1.0,0.28473,0.45343,1.0,0.1,0.0,1.0,0.0,1.0,0.5,0.5
0.0,0.0,0.0,0.0,0.5,0.5,0.01012,0.5,0.6,0.0,1.0,0.0,0.0,0.13,0.06,0.90536,0.0,0.8,1.0,1.0,1.0,0.68889,1.0,0.85754,1.0,0.11111,0.11167,0.02902,0.4,0.0,0.85855,0.77778,0.66667,0.0,0.9,1.0,1.0,0.5,1.0,1.0,1.0,0.5,0.5,0.5,0.0,0.0,1.0,1.0,1.0,0.28473,0.45343,1.0,0.1,0.0,1.0,0.0,1.0,0.0,1.0
0.0,0.0,0.0,0.0,0.5,0.5,0.00833,0.7,0.73333,0.0,1.0,0.0,0.0,0.09,0.06,0.94571,0.0,0.82222,0.91111,0.8,1.0,0.8,1.0,0.90771,1.0,0.55556,0.03019,0.01846,0.0,0.0,0.98181,0.55556,0.44444,0.0,1.0,1.0,0.5,0.5,0.5,1.0,1.0,0.5,0.5,0.5,0.0,0.0,1.0,1.0,1.0,0.28473,0.45343,1.0,0.1,0.0,1.0,0.0,1.0,0.0,1.0
0.0,0.0,0.0,0.0,0.7,0.5,0.00042,0.4,0.93333,0.0,1.0,0.0,0.0,0.05,0.07,0.99807,0.0,1.0,0.95556,0.86667,1.0,1.0,1.0,0.91449,1.0,0.55556,0.00155,0.0007,0.0,0.0,0.95364,0.55556,1.0,0.0,1.0,1.0,0.5,0.36921,0.5,1.0,1.0,0.5,0.5,0.5,0.0,0.0,1.0,1.0,1.0,0.28473,0.45343,1.0,0.1,0.0,1.0,0.0,1.0,0.0,1.0
0.5,0.5,0.5,0.5,0.5,0.5,0.04737,0.4,0.53333,0.0,1.0,0.0,0.0,0.13,0.05,0.99176,0.0,0.91111,0.97778,0.8,0.97778,0.5,0.0,0.85512,1.0,0.11111,0.32744,0.21411,0.0,0.0,0.92256,0.66667,0.5,0.0,1.0,1.0,0.5,0.5,0.5,1.0,1.0,0.5,0.5,0.5,0.0,0.0,1.0,1.0,1.0,0.5,0.5,1.0,0.1,0.0,1.0,1.0,1.0,0.33333,0.5
0.0,0.0,0.0,0.0,0.4,0.4,0.04693,0.4,0.6,0.0,1.0,0.0,0.0,0.11,0.05,0.97653,0.0,1.0,1.0,0.84444,0.88889,1.0,1.0,0.85775,1.0,0.11111,0.32307,0.21245,0.0,0.0,0.91076,0.66667,1.0,0.0,1.0,1.0,0.5,0.5,0.5,1.0,1.0,0.5,0.5,0.5,0.0,0.0,1.0,1.0,1.0,0.5,0.5,1.0,0.1,0.0,1.0,1.0,1.0,0.0,1.0
0.0,0.0,1.0,0.0,0.4,0.4,0.00156,0.2,0.7,0.0,1.0,0.0,0.0,0.09,0.02,0.92846,0.0,0.82222,0.82222,0.84444,0.66667,0.86667,1.0,0.67387,0.96267,0.11111,0.01317,0.00693,0.0,0.0,0.88117,0.77778,0.88889,0.0,0.9,0.87003,0.123,0.5,0.35143,1.0,1.0,0.5,0.5,0.5,0.0,0.0,1.0,1.0,1.0,0.5,0.5,1.0,0.1,0.0,1.0,1.0,1.0,0.5,1.0
0.0,0.0,0.0,0.0,0.2,0.2,0.00018,0.2,0.9,0.0,1.0,0.0,0.0,0.08,0.03,0.0,0.99518,1.0,1.0,0.77778,1.0,0.8,1.0,0.80138,1.0,0.11111,0.00111,0.00068,0.0,0.0,0.88344,1.0,0.77778,0.0,1.0,1.0,0.5,0.5,0.5,1.0,1.0,0.5,0.5,0.5,0.0,0.0,1.0,1.0,1.0,0.5,0.5,1.0,0.1,0.0,1.0,1.0,1.0,0.0,1.0
0.5,0.5,0.5,0.5,0.5,0.5,0.19735,1.0,0.2,0.0,1.0,0.0,0.0,0.29,0.07,0.79739,0.0,0.82222,0.97778,0.84444,1.0,0.5,1.0,0.90092,1.0,0.11111,1.0,1.0,1.0,0.0,0.91688,0.88889,0.5,0.0,1.0,1.0,0.5,0.5,0.5,1.0,1.0,0.5,0.5,0.5,0.0,0.0,1.0,1.0,1.0,1.0,1.0,1.0,0.1,0.0,1.0,0.0,1.0,0.0,0.5
1.0,0.0,1.0,0.0,1.0,1.0,0.19602,0.9,0.56667,0.0,1.0,0.0,0.0,0.15,0.05,0.0,0.98608,1.0,1.0,0.77778,1.0,0.73333,1.0,0.9746,1.0,0.11111,1.0,1.0,1.0,0.0,0.75142,0.88889,0.55556,0.0,1.0,1.0,0.5,0.5,0.5,1.0,1.0,0.5,0.5,0.5,0.0,0.0,1.0,1.0,1.0,1.0,1.0,1.0,0.1,0.0,1.0,0.0,1.0,0.0,1.0
1.0,1.0,1.0,1.0,0.9,0.9,0.19389,0.8,0.83333,0.0,1.0,0.0,0.0,0.11,0.04,0.0,0.94561,1.0,0.91111,0.82222,0.97778,0.68889,1.0,0.75449,1.0,0.11111,1.0,1.0,1.0,0.0,0.85703,0.77778,0.77778,0.0,1.0,1.0,0.5,1.0,0.5,1.0,1.0,0.5,0.5,0.5,0.0,0.0,1.0,1.0,1.0,0.65404,0.08421,1.0,0.1,0.0,1.0,0.0,1.0,0.5,1.0
1.0,1.0,1.0,1.0,0.9,0.9,0.20757,0.9,0.9,0.0,1.0,0.0,0.0,0.1,0.04,0.0,0.99364,1.0,1.0,0.82222,1.0,1.0,1.0,0.75986,1.0,0.11111,1.0,1.0,1.0,0.0,0.85113,1.0,1.0,0.0,1.0,1.0,0.5,1.0,0.5,1.0,1.0,0.5,0.5,0.5,0.0,0.0,1.0,1.0,1.0,0.65404,0.08421,1.0,0.1,0.0,1.0,0.0,1.0,0.5,1.0
0.5,0.5,0.5,0.5,0.5,0.5,0.00026,0.2,0.0,0.83333,1.0,0.0,0.0,0.15,0.04,0.0,0.9974,1.0,1.0,0.91111,1.0,0.5,1.0,0.96475,1.0,0.11111,0.00157,0.00087,0.0,0.0,0.98469,1.0,0.5,0.0,1.0,1.0,0.5,0.5,0.5,1.0,1.0,0.5,0.5,0.5,0.0,0.0,1.0,1.0,1.0,1.0,1.0,1.0,0.1,0.0,1.0,0.0,1.0,0.66667,0.5
0.5,0.5,0.5,0.5,0.5,0.5,0.11975,0.7,0.0,0.75,1.0,0.0,0.0,0.17,0.02,0.0,0.99188,1.0,1.0,0.82222,1.0,0.5,0.0,0.9695,1.0,0.11111,0.49493,0.37412,0.0,0.0,0.9863,1.0,0.5,0.0,1.0,1.0,0.5,0.5,0.5,1.0,1.0,0.5,0.5,0.5,0.0,0.0,1.0,1.0,1.0,0.29523,0.55222,1.0,0.1,0.0,1.0,0.0,1.0,0.5,0.5
0.5,0.5,0.5,0.5,0.5,0.5,0.18672,0.9,0.1,0.0,1.0,0.0,0.0,0.32,0.01,0.32598,0.0,0.71111,0.44444,1.0,1.0,0.5,1.0,0.98498,1.0,0.44444,1.0,0.92726,0.66667,0.0,0.92209,0.55556,0.5,0.0,1.0,1.0,0.5,0.5,0.5,1.0,1.0,0.5,0.5,0.5,0.0,0.0,1.0,1.0,1.0,1.0,1.0,1.0,0.1,0.0,1.0,0.0,1.0,0.0,0.5
1.0,1.0,0.0,1.0,0.9,0.9,0.13826,0.8,0.4,0.0,1.0,0.0,0.0,0.18,0.03,0.0,0.94937,0.57778,1.0,0.57778,0.64444,0.66667,0.0,0.72497,1.0,0.33333,0.72238,0.56541,0.0,0.0,1.0,0.77778,0.77778,0.0,1.0,1.0,0.5,1.0,0.5,1.0,1.0,0.5,0.5,0.5,0.0,0.0,1.0,1.0,1.0,0.47427,0.4457,1.0,0.1,0.0,1.0,0.0,1.0,1.0,1.0
0.0,0.0,0.0,0.0,0.8,0.6,0.01546,0.6,0.0,0.96774,1.0,0.0,0.0,0.1,0.01,0.99353,0.0,1.0,1.0,0.44444,1.0,0.77778,0.0,0.70777,1.0,0.33333,0.10315,0.05438,0.0,1.0,1.0,1.0,1.0,0.0,1.0,1.0,0.5,1.0,0.5,1.0,1.0,0.5,0.5,0.5,0.0,0.0,1.0,1.0,1.0,0.48713,0.5386,1.0,0.1,0.0,1.0,0.0,1.0,0.0,1.0
0.5,0.5,0.5,0.5,0.5,0.5,0.13805,0.7,0.16667,0.0,1.0,0.0,0.0,0.09,0.01,0.71332,0.0,0.97778,0.95556,1.0,1.0,0.5,1.0,0.62369,0.89099,0.11111,1.0,1.0,1.0,0.0,1.0,1.0,0.5,0.0,1.0,1.0,0.5,0.5,0.5,1.0,1.0,0.5,0.5,0.5,0.0,0.0,1.0,1.0,1.0,1.0,0.14638,1.0,0.1,0.0,1.0,0.0,1.0,0.0,0.5
0.0,0.0,0.0,1.0,0.7,0.7,0.11429,0.6,0.3,0.0,1.0,0.0,0.0,0.09,0.02,0.99871,0.0,0.97778,1.0,0.97778,1.0,0.95556,1.0,0.68591,0.97987,0.11111,0.8895,0.69569,0.5,0.0,0.44444,0.77778,0.88889,0.0,1.0,1.0,0.5,0.5,0.5,1.0,1.0,0.5,0.5,0.5,0.0,0.0,1.0,1.0,1.0,1.0,1.0,1.0,0.1,0.0,1.0,0.0,1.0,0.5,1.0
0.0,0.0,0.0,0.0,0.6,0.6,0.11001,0.6,0.0,0.96774,1.0,0.0,0.0,0.07,0.02,0.99982,0.0,1.0,1.0,0.97778,1.0,0.97778,0.0,0.54738,0.78198,0.11111,1.0,1.0,1.0,0.0,0.5,0.88889,0.66667,0.0,1.0,1.0,0.5,0.5,0.5,1.0,1.0,0.5,0.5,0.5,0.0,0.0,1.0,1.0,1.0,1.0,1.0,1.0,0.1,0.0,1.0,0.0,1.0,0.0,1.0
0.5,0.5,0.5,0.5,0.5,0.5,0.1861,0.8,0.13333,0.0,1.0,0.0,0.0,0.27,0.03,0.73255,0.0,0.95556,1.0,0.73333,1.0,0.5,1.0,0.78436,1.0,0.11111,1.0,0.9222,0.66667,0.0,0.70587,0.88889,0.5,0.0,1.0,1.0,0.5,0.5,0.5,1.0,1.0,0.5,0.5,0.5,0.0,0.0,1.0,1.0,1.0,1.0,1.0,1.0,0.1,0.0,1.0,0.0,1.0,0.0,0.5
0.0,1.0,1.0,1.0,0.8,0.9,0.24039,0.9,0.23333,0.0,1.0,0.0,0.0,0.19,0.1,0.0,0.97198,0.64444,0.66667,1.0,1.0,0.6,1.0,0.81227,1.0,0.33333,1.0,1.0,1.0,0.0,0.79625,0.88889,0.33333,0.45,0.9,0.82364,0.56024,0.5,1.0,1.0,1.0,0.5,0.5,0.5,0.61879,0.0,0.55,1.0,1.0,1.0,0.6375,1.0,0.1,0.0,1.0,0.0,1.0,0.0,1.0
0.0,1.0,1.0,1.0,0.9,0.9,0.61372,1.0,0.53333,0.0,1.0,0.0,0.0,0.04,0.1,0.99255,0.0,1.0,1.0,0.51111,1.0,0.55556,1.0,0.77376,1.0,0.11111,1.0,1.0,1.0,0.0,1.0,1.0,0.66667,0.0,1.0,1.0,0.5,0.5,0.5,1.0,1.0,0.49958,0.40005,1.0,0.0,0.0,1.0,1.0,1.0,1.0,0.09622,1.0,0.1,1.0,1.0,0.0,1.0,1.0,1.0
0.0,0.0,1.0,1.0,1.0,1.0,0.61614,1.0,0.63333,0.0,1.0,0.0,0.0,0.02,0.1,0.99464,0.0,1.0,1.0,0.6,0.51111,1.0,1.0,0.77662,1.0,0.11111,1.0,1.0,1.0,0.0,1.0,1.0,1.0,0.0,1.0,1.0,0.5,0.5,0.5,1.0,1.0,0.49958,0.40005,1.0,0.0,0.0,1.0,1.0,1.0,1.0,0.09622,1.0,0.1,1.0,1.0,0.0,1.0,1.0,1.0
0.0,0.0,1.0,1.0,1.0,1.0,0.61644,1.0,0.7,0.0,1.0,0.0,0.0,0.02,0.1,0.99485,0.0,1.0,0.91111,0.64444,0.64444,0.91111,1.0,0.77754,1.0,0.11111,1.0,1.0,1.0,0.0,1.0,1.0,1.0,0.0,1.0,1.0,0.5,0.5,0.5,1.0,1.0,0.49958,0.40005,1.0,0.0,0.0,1.0,1.0,1.0,1.0,0.09622,1.0,0.1,1.0,1.0,0.0,1.0,1.0,1.0
0.0,0.0,1.0,1.0,1.0,1.0,0.61684,1.0,0.76667,0.0,1.0,0.0,0.0,0.02,0.1,0.9947,0.0,1.0,0.91111,0.64444,1.0,1.0,1.0,0.77879,1.0,0.11111,1.0,1.0,1.0,0.0,1.0,1.0,1.0,0.0,1.0,1.0,0.5,0.5,0.5,1.0,1.0,0.49958,0.40005,1.0,0.0,0.0,1.0,1.0,1.0,1.0,0.09622,1.0,0.1,1.0,1.0,0.0,1.0,1.0,1.0
0.0,0.0,1.0,1.0,1.0,1.0,0.61693,1.0,0.83333,0.0,1.0,0.0,0.0,0.02,0.1,0.99691,0.0,1.0,0.91111,0.64444,1.0,1.0,1.0,0.77921,1.0,0.11111,1.0,1.0,1.0,0.0,1.0,1.0,1.0,0.0,1.0,1.0,0.5,0.5,0.5,1.0,1.0,0.49958,0.40005,1.0,0.0,0.0,1.0,1.0,1.0,1.0,0.09622,1.0,0.1,1.0,1.0,0.0,1.0,1.0,1.0
0.0,0.0,1.0,1.0,1.0,1.0,0.61701,1.0,0.9,0.0,1.0,0.0,0.0,0.02,0.1,0.99643,0.0,1.0,0.91111,0.64444,1.0,1.0,1.0,0.77953,1.0,0.11111,1.0,1.0,1.0,0.0,1.0,1.0,1.0,0.0,1.0,1.0,0.5,0.5,0.5,1.0,1.0,0.49958,0.40005,1.0,0.0,0.0,1.0,1.0,1.0,1.0,0.09622,1.0,0.1,1.0,1.0,0.0,1.0,1.0,1.0
0.5,0.5,0.5,0.5,0.5,0.5,0.03528,0.3,0.4,0.0,1.0,0.0,0.0,0.23,0.09,0.98907,0.0,0.91111,0.91111,1.0,1.0,0.5,1.0,0.93198,1.0,0.22222,0.22501,0.16606,0.0,0.0,0.96137,0.88889,0.5,0.0,0.5,0.62719,0.1437,0.5,0.0,1.0,1.0,0.5,0.5,0.5,0.0,0.06367,1.0,1.0,1.0,1.0,0.38373,1.0,0.1,0.0,1.0,0.0,1.0,0.66667,0.5
0.0,0.0,0.0,0.0,0.2,0.2,0.0041,0.2,0.7,0.0,1.0,0.0,0.0,0.09,0.07,0.99008,0.0,1.0,0.93333,0.66667,1.0,0.93333,1.0,0.86957,1.0,0.11111,0.02834,0.01831,0.0,0.0,0.95101,0.88889,1.0,0.0,1.0,1.0,0.5,0.5,0.5,1.0,1.0,0.5,0.5,0.5,0.0,0.0,1.0,1.0,1.0,1.0,0.38373,1.0,0.1,0.0,1.0,0.0,1.0,0.0,1.0
0.0,0.0,0.0,0.0,0.2,0.2,0.00407,0.2,0.8,0.0,1.0,0.0,0.0,0.08,0.06,0.0,0.99869,1.0,0.93333,0.66667,1.0,1.0,0.0,0.84767,1.0,0.11111,0.02932,0.01825,0.0,0.0,0.94613,0.77778,1.0,0.0,1.0,1.0,0.5,0.5,0.5,1.0,1.0,0.5,0.5,0.5,0.0,0.0,1.0,1.0,1.0,1.0,0.38373,1.0,0.1,0.0,1.0,0.0,1.0,0.0,1.0
0.0,0.0,0.0,0.0,0.2,0.2,0.0041,0.2,1.0,0.0,1.0,0.0,0.0,0.09,0.06,0.0,0.99464,1.0,1.0,0.62222,1.0,0.93333,1.0,0.88994,1.0,0.22222,0.02807,0.01808,0.0,0.0,0.95152,0.88889,1.0,0.0,1.0,1.0,0.5,0.5,0.5,1.0,1.0,0.5,0.5,0.5,0.0,0.0,1.0,1.0,1.0,1.0,0.38373,1.0,0.1,0.0,1.0,0.0,1.0,0.0,1.0
0.0,0.0,0.0,0.0,0.2,0.2,0.00407,0.2,0.0,0.88235,1.0,0.0,0.0,0.08,0.07,0.98008,0.0,1.0,1.0,0.66667,1.0,0.97778,0.0,0.74769,1.0,0.11111,0.02812,0.01805,0.0,0.0,0.99091,0.77778,0.88889,0.0,1.0,1.0,0.5,0.5,0.5,1.0,1.0,0.5,0.5,0.5,0.0,0.0,1.0,1.0,1.0,1.0,0.38373,1.0,0.1,0.0,1.0,0.0,1.0,0.0,1.0
0.5,0.5,0.5,0.5,0.5,0.5,0.07541,0.4,0.43333,0.0,0.0,0.66667,0.0,0.11556,0.02667,0.0,0.96172,0.71429,1.0,0.78095,1.0,0.5,1.0,0.75243,1.0,0.35714,0.95321,0.65847,0.2,0.0,0.86828,0.78571,0.5,0.0,1.0,1.0,0.5,0.5,0.5,1.0,1.0,0.5,0.5,0.5,0.0,0.0,1.0,1.0,1.0,0.5,0.5,1.0,0.06667,0.0,1.0,1.0,1.0,0.4,0.5
1.0,0.5,1.0,0.5,0.6,0.5,0.09338,0.6,0.46667,0.0,0.0,0.66667,1.0,0.09778,0.02667,0.0,0.89589,0.90476,0.98095,0.85714,1.0,0.90476,1.0,0.75568,1.0,0.35714,0.98026,0.80074,0.5,0.0,0.95486,1.0,0.78571,0.0,1.0,1.0,0.5,0.5,0.5,1.0,1.0,0.5,0.5,0.5,0.0,0.0,1.0,1.0,1.0,0.5,0.5,1.0,0.06667,0.0,1.0,1.0,1.0,0.0,1.0
1.0,0.0,1.0,0.0,0.66667,0.53333,0.0921,0.53333,0.53333,0.0,0.0,0.66667,0.0,0.09333,0.04,0.0,0.9501,0.84762,1.0,0.94286,0.97143,0.8381,1.0,0.76555,1.0,0.21429,0.93696,0.74393,0.25,0.0,0.92446,0.92857,0.85714,0.0,1.0,1.0,0.5,0.5,0.5,1.0,1.0,0.5,0.5,0.5,0.0,0.2842,1.0,1.0,1.0,0.5,0.5,1.0,0.06667,0.0,1.0,1.0,1.0,0.75,1.0
1.0,0.5,1.0,0.5,0.66667,0.5,0.1079,0.66667,0.56667,0.0,0.0,0.66667,1.0,0.09333,0.04,0.0,0.97893,0.91429,1.0,0.84762,1.0,0.91429,1.0,0.77755,1.0,0.14286,1.0,0.88266,0.5,0.0,0.93224,1.0,1.0,0.0,1.0,1.0,0.5,0.5,0.5,1.0,1.0,0.5,0.5,0.5,0.0,0.0,1.0,1.0,1.0,0.5,0.5,1.0,0.06667,0.0,1.0,1.0,1.0,0.0,1.0
1.0,0.5,1.0,0.5,0.73333,0.5,0.11643,0.73333,0.6,0.0,0.0,0.66667,1.0,0.08444,0.04,0.0,0.97147,0.84762,1.0,0.81905,1.0,0.84762,0.0,0.69663,0.99518,0.07143,1.0,0.98274,0.66667,0.0,0.93063,1.0,0.92857,0.0,1.0,1.0,0.5,0.5,0.5,1.0,1.0,0.5,0.5,0.5,0.0,0.0,1.0,1.0,1.0,0.5,0.5,1.0,0.06667,0.0,1.0,1.0,1.0,0.0,1.0
1.0,0.5,1.0,0.5,0.8,0.5,0.11921,0.8,0.63333,0.0,0.0,0.66667,1.0,0.08889,0.04,0.0,0.99332,0.91429,1.0,0.80952,1.0,0.91429,1.0,0.70383,1.0,0.14286,1.0,1.0,1.0,0.0,0.98047,1.0,0.85714,0.0,1.0,1.0,0.5,0.5,0.5,1.0,1.0,0.5,0.5,0.5,0.0,0.0,1.0,1.0,1.0,0.5,0.5,1.0,0.06667,0.0,1.0,1.0,1.0,0.0,1.0
0.5,0.5,0.5,0.5,0.5,0.5,0.00836,0.06667,0.03333,0.0,0.0,0.66667,0.0,0.06667,0.0,0.5,0.5,0.5,0.5,0.5,0.5,0.5,0.5,0.0,0.0,0.71429,0.1135,0.06122,0.0,0.0,0.0,0.5,0.5,0.0,1.0,1.0,0.5,0.5,0.5,1.0,1.0,0.5,0.5,0.5,0.5,0.5,1.0,0.5,0.5,0.5,0.5,1.0,0.06667,0.0,1.0,1.0,1.0,0.5,0.5
1.0,1.0,1.0,1.0,0.06667,0.13333,0.01446,0.13333,0.1,0.0,0.0,0.66667,0.0,0.42222,0.00889,0.33284,0.0,0.86667,0.86667,0.86667,1.0,0.24762,1.0,0.90409,1.0,0.14286,0.20522,0.12296,0.0,0.0,0.84347,0.78571,0.71429,0.0,1.0,1.0,0.5,0.5,0.5,1.0,1.0,0.5,0.5,0.5,0.0,0.0,1.0,1.0,1.0,0.5,0.5,1.0,0.06667,0.0,1.0,1.0,1.0,0.5,1.0
1.0,1.0,1.0,0.0,0.13333,0.13333,0.01144,0.13333,0.23333,0.0,0.0,0.66667,0.0,0.45333,0.00889,0.93838,0.0,1.0,1.0,0.99048,1.0,1.0,0.0,0.90502,1.0,0.14286,0.16199,0.09441,0.0,0.0,0.93609,0.85714,0.85714,0.0,1.0,1.0,0.5,0.5,0.5,1.0,1.0,0.5,0.5,0.5,0.0,0.0,1.0,1.0,1.0,0.5,0.5,1.0,0.06667,0.0,1.0,1.0,1.0,0.6,1.0
1.0,1.0,1.0,0.0,0.13333,0.13333,0.00248,0.13333,0.53333,0.0,0.0,0.66667,0.0,0.51111,0.00889,0.0,0.99854,0.86667,1.0,0.99048,1.0,1.0,1.0,0.89456,1.0,0.21429,0.03143,0.02069,0.0,0.0,0.98317,0.85714,0.78571,0.0,1.0,1.0,0.5,0.5,0.5,1.0,1.0,0.5,0.5,0.5,0.0,0.0,1.0,1.0,1.0,1.0,0.03223,1.0,0.06667,0.0,1.0,0.0,1.0,0.44444,1.0
0.0,0.0,0.0,0.0,0.13333,0.2,0.00204,0.2,0.63333,0.0,0.0,0.66667,0.0,0.44,0.02222,0.99603,0.0,1.0,1.0,0.87619,1.0,1.0,1.0,0.8933,1.0,0.07143,0.03097,0.0169,0.18182,0.0,0.92414,0.35714,0.85714,0.0,1.0,1.0,0.5,0.5,0.5,1.0,1.0,0.5,0.5,0.5,0.0,0.0,1.0,1.0,1.0,1.0,0.03223,1.0,0.06667,0.0,1.0,0.0,1.0,0.0,1.0
0.5,0.5,0.5,0.5,0.5,0.5,0.1412,0.8,0.33333,0.0,0.0,0.66667,0.0,0.10667,0.09333,0.96976,0.0,1.0,1.0,0.88571,1.0,0.5,0.0,0.96374,1.0,0.71429,1.0,0.94303,0.8,0.0,0.9678,1.0,0.5,0.53333,1.0,1.0,0.5,0.5,0.5,1.0,1.0,0.5,0.5,0.5,0.79179,0.0,0.46667,1.0,0.0,0.0,0.2375,1.0,0.06667,0.0,1.0,0.0,1.0,0.0,0.5
1.0,0.5,1.0,0.5,0.8,0.5,0.15344,0.8,0.36667,0.0,0.0,0.66667,1.0,0.08889,0.10222,0.98947,0.0,0.71429,1.0,0.65714,1.0,0.71429,0.0,0.89837,1.0,0.57143,1.0,0.89473,0.75,0.0,0.96303,1.0,0.92857,0.56667,1.0,1.0,0.5,0.5,0.5,1.0,1.0,0.5849,0.5938,0.5,0.33144,0.74564,0.43333,1.0,1.0,0.5849,0.5938,1.0,0.06667,0.0,1.0,0.0,1.0,0.0,1.0
1.0,0.5,1.0,0.5,0.86667,0.5,0.18077,0.86667,0.4,0.0,0.0,0.66667,1.0,0.08889,0.08889,0.99417,0.0,1.0,1.0,0.65714,1.0,1.0,1.0,0.92452,1.0,0.64286,1.0,0.99186,0.66667,0.0,0.9976,1.0,0.92857,0.0,1.0,1.0,0.5,0.5,0.5,1.0,1.0,0.72951,0.68701,0.5,0.0,0.63238,1.0,1.0,1.0,0.72951,0.68701,1.0,0.06667,0.0,1.0,0.0,1.0,0.0,1.0
1.0,0.5,1.0,0.5,0.93333,0.5,0.20238,0.93333,0.43333,0.0,0.0,0.66667,1.0,0.08,0.09333,0.99821,0.0,0.79048,0.79048,0.79048,1.0,0.79048,1.0,0.93381,1.0,0.78571,1.0,1.0,1.0,0.0,1.0,1.0,1.0,0.6,1.0,1.0,0.5,0.5,0.5,1.0,1.0,0.72951,0.68701,1.0,0.39482,0.0,0.4,1.0,1.0,0.72951,0.68701,1.0,0.06667,0.0,1.0,0.0,1.0,0.0,1.0
1.0,0.5,1.0,0.5,1.0,0.5,0.22889,1.0,0.46667,0.0,0.0,0.66667,1.0,0.06222,0.08,0.99123,0.0,1.0,1.0,0.79048,1.0,1.0,1.0,0.94778,1.0,0.85714,1.0,1.0,1.0,0.0,0.99105,1.0,0.92857,0.0,1.0,1.0,0.5,0.5,0.5,1.0,1.0,0.66708,0.6395,1.0,0.0,1.0,1.0,1.0,1.0,0.66708,0.6395,1.0,0.06667,0.0,1.0,0.0,1.0,0.0,1.0
1.0,1.0,1.0,1.0,1.0,1.0,0.28958,1.0,0.53333,0.0,0.0,0.66667,0.0,0.04889,0.08444,0.0,0.92292,0.88571,1.0,0.61905,0.77143,0.71429,1.0,0.89451,1.0,0.14286,1.0,1.0,1.0,0.0,0.97457,0.92857,1.0,0.0,1.0,1.0,0.5,1.0,0.5,1.0,1.0,0.66708,0.6395,1.0,0.0,1.0,1.0,1.0,0.0,0.88993,0.81679,1.0,0.06667,0.0,1.0,0.0,1.0,0.0,1.0
1.0,0.5,1.0,0.5,1.0,0.5,0.34939,1.0,0.56667,0.0,0.0,0.66667,1.0,0.04,0.07111,0.0,0.96642,1.0,1.0,0.61905,1.0,1.0,0.0,0.83704,1.0,0.14286,1.0,1.0,1.0,0.0,0.96408,1.0,1.0,0.0,1.0,1.0,0.5,1.0,0.5,1.0,1.0,0.66708,0.6395,1.0,0.0,0.0,1.0,1.0,1.0,0.88993,0.81679,1.0,0.06667,0.0,1.0,0.0,1.0,0.0,1.0
1.0,0.5,1.0,0.5,1.0,0.5,0.43419,1.0,0.6,0.0,0.0,0.66667,1.0,0.04,0.06667,0.0,0.97563,1.0,1.0,0.61905,1.0,1.0,0.0,0.38473,0.54962,0.0,1.0,1.0,1.0,0.0,1.0,1.0,0.85714,0.0,1.0,1.0,0.5,1.0,0.5,1.0,1.0,0.66708,0.6395,1.0,0.0,0.0,1.0,1.0,1.0,0.88993,0.81679,1.0,0.06667,1.0,1.0,0.0,1.0,1.0,1.0
1.0,0.5,1.0,0.5,1.0,0.5,0.53942,1.0,0.63333,0.0,0.0,0.66667,1.0,0.03111,0.08444,0.0,0.98597,1.0,1.0,0.61905,1.0,1.0,1.0,0.59383,0.84833,0.0,1.0,1.0,1.0,0.0,1.0,1.0,1.0,0.0,1.0,1.0,0.5,1.0,0.5,1.0,1.0,0.66708,0.6395,1.0,0.0,0.0,1.0,1.0,1.0,0.88993,0.81679,1.0,0.06667,1.0,1.0,0.0,1.0,1.0,1.0
1.0,0.5,1.0,0.5,1.0,0.5,0.68411,1.0,0.66667,0.0,0.0,0.66667,1.0,0.02667,0.08889,0.0,0.94422,1.0,1.0,0.61905,1.0,1.0,1.0,0.95511,1.0,0.0,1.0,1.0,1.0,0.0,1.0,1.0,1.0,0.0,0.86667,0.71944,1.0,1.0,1.0,1.0,1.0,0.66708,0.6395,1.0,0.0,0.0,1.0,1.0,1.0,0.88993,0.81679,1.0,0.06667,1.0,1.0,0.0,1.0,1.0,1.0
0.5,0.5,0.5,0.5,0.5,0.5,0.08889,0.6,0.13333,0.0,0.0,0.66667,0.0,0.07111,0.01333,0.77671,0.0,1.0,1.0,0.99048,1.0,0.5,0.0,0.55794,0.79706,0.21429,1.0,1.0,1.0,0.0,1.0,1.0,0.5,0.0,1.0,1.0,0.5,0.5,0.5,1.0,1.0,0.5,0.5,0.5,0.0,0.0,1.0,1.0,1.0,0.5,0.5,1.0,0.06667,0.0,1.0,1.0,1.0,0.0,0.5
0.0,0.0,0.0,0.0,0.46667,0.46667,0.0,0.06667,0.33333,0.0,0.0,0.66667,0.0,0.05778,0.01778,0.99888,0.0,1.0,0.98095,0.99048,1.0,0.98095,1.0,0.59263,0.84661,0.14286,0.0,0.0,0.0,0.0,1.0,1.0,0.85714,1.0,1.0,1.0,0.5,0.70201,0.5,1.0,1.0,0.5,0.5,0.5,0.0,0.0,1.0,1.0,1.0,0.5,0.5,0.0,0.06667,1.0,1.0,1.0,1.0,0.0,1.0
0.0,0.0,0.0,0.0,0.06667,0.06667,0.0,0.06667,0.5,0.0,0.0,0.66667,0.0,0.05333,0.01778,0.0,0.99996,1.0,0.98095,0.99048,1.0,1.0,0.0,0.56433,0.80619,0.14286,0.0,0.0,0.0,0.0,1.0,0.92857,0.85714,1.0,1.0,1.0,0.5,0.70201,0.5,1.0,1.0,0.5,0.5,0.5,0.0,0.0,1.0,1.0,1.0,0.5,0.5,0.0,0.06667,1.0,1.0,1.0,1.0,0.0,1.0
0.0,0.5,0.0,0.5,0.06667,0.5,0.0,0.06667,0.53333,0.0,0.0,0.66667,1.0,0.05333,0.01778,0.0,0.99996,1.0,0.98095,0.99048,1.0,1.0,1.0,0.56433,0.80619,0.14286,0.0,0.0,0.0,0.0,1.0,1.0,1.0,1.0,1.0,1.0,0.5,0.70201,0.5,1.0,1.0,0.5,0.5,0.5,0.0,0.0,1.0,1.0,1.0,0.5,0.5,0.0,0.06667,1.0,1.0,1.0,1.0,1.0,1.0
0.0,0.5,0.0,0.5,0.06667,0.5,0.0,0.06667,0.56667,0.0,0.0,0.66667,1.0,0.05333,0.01778,0.0,0.99996,1.0,0.98095,0.99048,1.0,1.0,1.0,0.56433,0.80619,0.14286,0.0,0.0,0.0,0.0,1.0,1.0,1.0,1.0,1.0,1.0,0.5,0.70201,0.5,1.0,1.0,0.5,0.5,0.5,0.0,0.0,1.0,1.0,1.0,0.5,0.5,0.0,0.06667,1.0,1.0,1.0,1.0,1.0,1.0
0.5,0.5,0.5,0.5,0.5,0.5,0.04035,0.26667,0.13333,0.0,0.0,0.66667,0.0,0.28,0.03111,0.87708,0.0,0.74286,1.0,0.7619,1.0,0.5,0.0,0.80883,1.0,0.64286,0.55079,0.40601,0.0,0.0,0.92349,1.0,0.5,0.7,0.93333,0.88888,0.25195,0.5,0.68713,1.0,1.0,0.5,0.5,0.5,1.0,0.0,0.3,1.0,1.0,0.5,0.5,1.0,0.06667,0.0,1.0,1.0,1.0,0.83333,0.5
1.0,1.0,1.0,1.0,0.33333,0.33333,0.0,0.13333,0.23333,0.0,0.0,0.66667,0.0,0.09778,0.07556,0.94236,0.0,0.81905,0.97143,0.79048,1.0,0.66667,0.0,0.89402,1.0,0.07143,0.0,0.0,0.2,0.0,0.87386,0.85714,0.71429,1.0,0.86667,0.78634,0.09386,0.5,0.0,1.0,1.0,0.40666,0.9835,1.0,0.0,0.01963,1.0,1.0,1.0,0.40666,0.9835,0.0,0.53333,0.8,0.625,1.0,1.0,0.5,1.0
0.0,1.0,0.0,1.0,0.16667,0.4,0.0,0.16667,0.33333,0.0,0.0,0.66667,0.0,0.12,0.07556,0.0,0.9536,0.65714,0.65714,0.60952,1.0,0.57143,0.0,0.72877,1.0,0.07143,0.0,0.0,0.33333,0.0,0.85276,0.64286,0.64286,1.0,1.0,1.0,0.5,0.5,0.5,1.0,1.0,0.40666,0.9835,1.0,0.0,1.0,1.0,1.0,1.0,0.40666,0.9835,0.0,0.33333,0.55556,0.6,0.8,1.0,0.0,1.0
0.5,0.5,0.5,0.5,0.5,0.5,0.05821,0.46667,0.33333,0.0,0.0,0.66667,0.0,0.14222,0.06222,0.98201,0.0,0.77143,0.94286,0.60952,0.60952,0.5,0.0,0.67716,0.96737,0.21429,1.0,0.67206,0.5,0.0,0.85535,0.71429,0.5,0.0,1.0,1.0,0.5,0.5,0.5,1.0,1.0,0.5,0.5,0.5,0.0,1.0,1.0,1.0,1.0,0.5,0.5,1.0,0.06667,0.0,1.0,1.0,1.0,0.0,0.5
1.0,0.0,1.0,1.0,0.53333,0.53333,0.05927,0.53333,0.4,0.0,0.0,0.66667,0.0,0.10667,0.07111,0.93607,0.0,0.7619,1.0,0.65714,0.77143,0.93333,0.0,0.61793,0.88276,0.35714,0.80786,0.55423,0.33333,0.0,0.92565,0.64286,0.78571,0.0,1.0,1.0,0.5,0.5,0.5,1.0,1.0,0.5,0.5,0.5,0.0,0.0,1.0,0.0,1.0,1.0,0.16133,1.0,0.06667,0.0,1.0,0.0,1.0,0.66667,1.0
0.0,0.5,0.0,0.5,0.6,0.5,0.05882,0.6,0.43333,0.0,0.0,0.66667,1.0,0.08,0.07111,0.95705,0.0,1.0,1.0,0.65714,1.0,1.0,1.0,0.69207,0.98868,0.35714,0.62794,0.399,0.33333,0.0,0.75,1.0,0.85714,0.0,1.0,1.0,0.5,0.5,0.5,1.0,1.0,0.5,0.5,0.5,0.0,0.0,1.0,1.0,1.0,1.0,0.16133,1.0,0.06667,0.0,1.0,0.0,1.0,0.0,1.0
0.0,0.0,0.0,0.0,0.53333,0.53333,0.05642,0.53333,0.5,0.0,0.0,0.66667,0.0,0.04889,0.08,0.96588,0.0,0.95238,1.0,0.70476,0.9619,0.95238,1.0,0.78322,1.0,0.71429,0.59967,0.34185,0.25,0.0,0.83849,0.92857,0.5,0.0,1.0,1.0,0.5,0.5,0.5,1.0,1.0,0.5,0.5,0.5,0.0,0.0,1.0,1.0,1.0,1.0,0.16133,1.0,0.06667,0.0,1.0,0.0,1.0,0.25,1.0
0.0,0.0,1.0,0.0,0.53333,0.53333,0.04018,0.46667,0.63333,0.0,0.0,0.66667,0.0,0.04444,0.08,0.97768,0.0,0.99048,1.0,0.70476,0.89524,1.0,1.0,0.6132,0.876,0.35714,0.59752,0.44711,0.0,0.0,0.88541,0.92857,0.64286,0.0,1.0,1.0,0.5,0.5,0.5,1.0,1.0,0.5,0.5,0.5,0.0,0.0,1.0,1.0,1.0,1.0,0.71309,1.0,0.06667,0.0,1.0,0.0,1.0,0.0,1.0
0.5,0.5,0.5,0.5,0.5,0.5,0.05711,0.4,0.26667,0.0,0.0,0.66667,0.0,0.19111,0.03111,0.0,0.99903,0.80952,1.0,0.78095,1.0,0.5,1.0,0.96413,1.0,0.07143,0.80135,0.49373,0.33333,0.0,0.9523,0.92857,0.5,0.1,1.0,1.0,0.5,0.5,0.5,1.0,1.0,0.5,0.5,0.5,1.0,0.0,0.9,1.0,1.0,0.5,0.5,1.0,0.06667,0.0,1.0,1.0,1.0,0.11111,0.5
1.0,1.0,1.0,1.0,0.53333,0.46667,0.02465,0.33333,0.63333,0.0,0.0,0.66667,0.0,0.14222,0.06667,0.99175,0.0,1.0,0.8,0.6,1.0,0.6381,0.0,0.8986,1.0,0.14286,0.28047,0.17204,0.0,0.0,0.91989,0.85714,0.78571,0.0,1.0,1.0,0.5,0.5,0.5,1.0,1.0,0.10249,0.1015,1.0,0.0,0.0,1.0,1.0,1.0,0.10249,0.1015,1.0,0.06667,0.0,1.0,0.0,1.0,0.16667,1.0
0.5,0.5,0.5,0.5,0.5,0.5,0.04514,0.4,0.4,0.0,0.0,0.66667,0.0,0.44,0.0,1.0,0.0,1.0,0.75238,1.0,1.0,0.5,0.0,0.80137,1.0,0.07143,0.70067,0.38727,0.36364,0.0,0.96788,0.92857,0.5,0.0,1.0,1.0,0.5,0.5,0.5,1.0,1.0,0.5,0.5,0.5,0.0,0.0,1.0,1.0,1.0,0.5,0.5,1.0,0.06667,0.0,1.0,1.0,1.0,0.81818,0.5
1.0,1.0,1.0,1.0,0.4,0.4,0.04179,0.33333,0.5,0.0,0.0,0.66667,0.0,0.44889,0.0,0.99351,0.0,1.0,0.86667,1.0,1.0,1.0,0.0,0.78913,1.0,0.07143,0.64465,0.36062,0.27273,0.0,0.97581,0.92857,1.0,0.0,1.0,1.0,0.5,0.5,0.5,1.0,1.0,0.5,0.5,0.5,0.0,0.0,1.0,1.0,1.0,0.5,0.5,1.0,0.06667,0.0,1.0,1.0,1.0,0.81818,1.0
1.0,1.0,1.0,1.0,0.4,0.4,0.04016,0.26667,0.6,0.0,0.0,0.66667,0.0,0.44,0.0,0.98703,0.0,1.0,0.98095,1.0,1.0,0.88571,0.0,0.78156,1.0,0.0,0.61694,0.34484,0.18182,0.0,0.98045,0.92857,1.0,0.0,1.0,1.0,0.5,0.5,0.5,1.0,1.0,0.5,0.5,0.5,0.0,0.0,1.0,1.0,1.0,0.5,0.5,1.0,0.06667,0.0,1.0,1.0,1.0,0.81818,1.0
1.0,1.0,1.0,1.0,0.33333,0.4,0.04876,0.4,0.66667,0.0,0.0,0.66667,0.0,0.42667,0.00444,0.33702,0.0,1.0,1.0,1.0,1.0,1.0,1.0,0.99563,1.0,0.07143,0.76983,0.42161,0.4,0.0,0.98079,0.85714,0.92857,0.0,1.0,1.0,0.5,0.5,0.5,1.0,1.0,0.5,0.5,0.5,0.0,0.0,1.0,1.0,1.0,0.22801,0.56167,1.0,0.06667,0.0,1.0,0.0,1.0,0.0,1.0
0.5,0.5,0.5,0.5,0.5,0.5,0.07426,0.6,0.1,0.0,0.0,0.66667,0.0,0.47111,0.0,0.96266,0.0,1.0,1.0,1.0,1.0,0.5,0.0,0.7541,1.0,0.07143,0.97819,0.70271,0.42857,0.0,0.87099,1.0,0.5,0.0,1.0,1.0,0.5,0.5,0.5,1.0,1.0,0.5,0.5,0.5,0.0,0.0,1.0,1.0,1.0,0.5,0.5,1.0,0.06667,0.0,1.0,1.0,1.0,0.71429,0.5
1.0,1.0,1.0,1.0,0.6,0.6,0.05052,0.33333,0.53333,0.0,0.0,0.66667,0.0,0.38667,0.01778,0.0,0.90766,0.77143,1.0,0.77143,1.0,0.69524,0.0,0.95456,1.0,0.07143,0.68209,0.43198,0.375,0.0,0.98362,0.85714,0.78571,0.0,1.0,1.0,0.5,0.5,0.5,1.0,1.0,0.5,0.5,0.5,0.0,0.02619,1.0,1.0,1.0,0.46136,0.55333,1.0,0.06667,0.0,1.0,0.0,1.0,0.625,1.0
0.5,0.5,0.5,0.5,0.5,0.5,0.10518,0.8,0.06667,0.0,0.0,0.66667,0.0,0.07111,0.0,0.5,0.5,0.90476,1.0,1.0,1.0,0.5,1.0,0.5669,0.80986,0.14286,1.0,1.0,1.0,0.0,0.512,0.85714,0.5,0.0,1.0,1.0,0.5,0.5,0.5,1.0,1.0,0.5,0.5,0.5,0.5,0.5,1.0,1.0,1.0,0.5,0.5,1.0,0.06667,0.0,1.0,1.0,1.0,0.75,0.5
0.0,0.0,0.0,0.0,0.8,0.8,0.09524,0.73333,0.23333,0.0,0.0,0.66667,0.0,0.06667,0.00889,0.81053,0.0,0.99048,1.0,0.99048,1.0,0.90476,1.0,0.56326,0.80466,0.14286,0.95728,0.91806,0.0,0.0,1.0,0.78571,0.64286,0.0,1.0,1.0,0.5,0.5,0.5,1.0,1.0,0.5,0.5,0.5,0.0,0.0,1.0,1.0,1.0,1.0,0.39755,1.0,0.06667,0.0,1.0,0.0,1.0,0.0,1.0
0.0,0.0,0.0,0.0,0.73333,0.66667,0.06895,0.6,0.36667,0.0,0.0,0.66667,0.0,0.06667,0.01333,0.0,0.997,0.97143,0.99048,0.97143,1.0,0.97143,0.0,0.53966,0.77094,0.07143,1.0,1.0,1.0,0.0,1.0,0.92857,0.85714,0.0,1.0,1.0,0.5,0.5,0.5,1.0,1.0,0.5,0.5,0.5,0.0,0.0,1.0,1.0,1.0,1.0,1.0,1.0,0.06667,0.0,1.0,0.0,1.0,0.0,1.0
0.0,0.0,0.0,0.0,0.6,0.6,0.06542,0.6,0.5,0.0,0.0,0.66667,0.0,0.05333,0.01333,0.99553,0.0,1.0,1.0,0.97143,1.0,1.0,0.0,0.53931,0.77044,0.07143,1.0,1.0,1.0,0.0,1.0,0.92857,1.0,0.0,1.0,1.0,0.5,0.5,0.5,1.0,1.0,0.5,0.5,0.5,0.0,0.0,1.0,1.0,1.0,1.0,0.09733,1.0,0.06667,0.0,1.0,0.0,1.0,0.0,1.0
0.0,0.0,0.0,0.0,0.6,0.6,0.06526,0.6,0.83333,0.0,0.0,0.66667,0.0,0.05333,0.01333,0.99935,0.0,1.0,1.0,0.97143,1.0,1.0,0.0,0.53931,0.77044,0.07143,1.0,1.0,1.0,0.0,1.0,0.92857,1.0,0.0,1.0,1.0,0.5,0.5,0.5,1.0,1.0,0.5,0.5,0.5,0.0,0.0,1.0,1.0,1.0,1.0,0.03188,1.0,0.06667,0.0,1.0,0.0,1.0,0.0,1.0
0.0,0.0,0.0,0.0,0.6,0.6,0.06526,0.6,0.9,0.0,0.0,0.66667,0.0,0.05333,0.01333,0.99958,0.0,1.0,1.0,0.97143,1.0,1.0,0.0,0.53931,0.77044,0.07143,1.0,1.0,1.0,0.0,1.0,0.92857,1.0,0.0,1.0,1.0,0.5,0.5,0.5,1.0,1.0,0.5,0.5,0.5,0.0,0.0,1.0,1.0,1.0,1.0,0.03188,1.0,0.06667,0.0,1.0,0.0,1.0,0.0,1.0
0.0,0.0,0.0,0.0,0.6,0.6,0.06526,0.6,0.96667,0.0,0.0,0.66667,0.0,0.05333,0.01333,0.99972,0.0,1.0,1.0,0.97143,1.0,1.0,0.0,0.53931,0.77044,0.07143,1.0,1.0,1.0,0.0,1.0,0.92857,1.0,0.0,1.0,1.0,0.5,0.5,0.5,1.0,1.0,0.5,0.5,0.5,0.0,0.0,1.0,1.0,1.0,1.0,0.03188,1.0,0.06667,0.0,1.0,0.0,1.0,0.0,1.0
0.5,0.5,0.5,0.5,0.5,0.5,0.0,0.1,0.3,0.0,0.0,0.66667,0.0,0.11111,0.03556,0.97992,0.0,0.61905,0.9619,0.78095,1.0,0.5,0.0,0.83128,1.0,0.07143,0.0,0.0,0.125,0.0,0.82203,0.28571,0.5,1.0,1.0,1.0,0.5,0.5,0.5,1.0,1.0,0.5,0.5,0.5,0.0,0.0,1.0,1.0,1.0,1.0,0.86875,0.0,0.46667,0.875,1.0,0.71429,1.0,0.0,0.5
0.0,0.0,0.0,0.0,0.06667,0.06667,0.0023,0.53333,0.63333,0.0,0.0,0.66667,0.0,0.07556,0.04,0.0,0.99431,1.0,1.0,0.60952,1.0,0.54286,1.0,0.90671,1.0,0.07143,0.03276,0.00721,0.5,0.0,0.83111,0.21429,0.57143,0.0,1.0,1.0,0.5,0.5,0.5,1.0,1.0,0.5,0.5,0.5,0.0,0.0,1.0,1.0,1.0,1.0,0.86875,1.0,0.06667,0.0,1.0,0.0,1.0,0.0,1.0
1.0,0.0,0.0,0.0,0.53333,0.53333,0.00191,0.46667,0.76667,0.0,0.0,0.66667,0.0,0.06222,0.03556,0.0,0.99501,1.0,1.0,0.58095,1.0,1.0,1.0,0.99935,1.0,0.07143,0.02458,0.00547,0.375,0.0,0.82672,0.28571,1.0,0.0,1.0,1.0,0.5,0.5,0.5,1.0,1.0,0.5,0.5,0.5,0.0,0.0,1.0,1.0,1.0,1.0,0.86875,1.0,0.06667,0.0,1.0,0.0,1.0,0.0,1.0
1.0,0.5,1.0,0.5,0.46667,0.5,0.00196,0.46667,0.8,0.0,0.0,0.66667,1.0,0.06222,0.03556,0.0,0.99122,1.0,0.89524,0.58095,1.0,1.0,0.0,0.96316,1.0,0.07143,0.02425,0.00542,0.375,0.0,0.82563,1.0,1.0,0.0,1.0,1.0,0.5,0.5,0.5,1.0,1.0,0.5,0.5,0.5,0.0,0.0,1.0,1.0,1.0,1.0,0.86875,1.0,0.06667,0.0,1.0,0.0,1.0,0.0,1.0
0.0,0.0,0.0,0.0,0.46667,0.46667,0.00132,0.46667,0.93333,0.0,0.0,0.66667,0.0,0.04889,0.03556,0.0,0.99692,1.0,1.0,0.58095,1.0,1.0,0.0,0.97199,1.0,0.07143,0.01648,0.00367,0.375,0.0,0.82631,1.0,1.0,0.0,1.0,1.0,0.5,0.5,0.5,1.0,1.0,0.5,0.5,0.5,0.0,0.0,1.0,1.0,1.0,1.0,0.86875,1.0,0.06667,0.0,1.0,0.0,1.0,0.375,1.0
0.5,0.5,0.5,0.5,0.5,0.5,0.03567,0.13333,0.16667,0.0,0.0,0.66667,0.0,0.27111,0.03111,0.94891,0.0,0.54286,0.73333,0.6381,0.5619,0.5,0.0,0.87125,1.0,0.07143,0.47663,0.26142,0.0,0.0,0.81664,0.64286,0.5,0.53333,0.93333,0.90059,0.50912,0.5,0.25456,1.0,1.0,0.5,0.5,0.5,0.7199,0.85088,0.46667,1.0,1.0,0.5,0.5,1.0,0.06667,0.0,1.0,1.0,1.0,0.28571,0.5
1.0,1.0,1.0,1.0,0.13333,0.2,0.04191,0.2,0.23333,0.0,0.0,0.66667,0.0,0.22222,0.04889,0.94373,0.0,0.97143,0.74286,0.71429,0.93333,0.87619,0.0,0.74027,1.0,0.07143,0.61825,0.32912,0.16667,0.0,0.8991,1.0,0.78571,0.63333,1.0,1.0,0.5,0.5,0.5,1.0,1.0,0.0,0.23644,1.0,0.07049,0.05433,0.36667,1.0,1.0,0.0,0.23644,1.0,0.06667,0.0,1.0,1.0,1.0,0.0,1.0
0.0,0.0,0.0,0.0,0.2,0.2,0.00017,0.06667,0.7,0.0,0.0,0.66667,0.0,0.05778,0.04,0.98789,0.0,0.98095,1.0,0.86667,0.90476,0.8,1.0,0.7522,1.0,0.14286,0.0023,0.00107,0.0,0.0,0.84492,0.85714,0.78571,0.0,1.0,1.0,0.5,0.5,0.5,1.0,1.0,0.0,0.22061,0.79905,0.0,0.0,1.0,1.0,1.0,0.0,0.0,1.0,0.06667,0.0,1.0,1.0,1.0,0.0,1.0
0.5,0.5,0.5,0.5,0.5,0.5,0.0014,0.06667,0.13333,0.0,0.0,0.66667,0.0,0.10667,0.00889,0.4252,0.0,0.82857,0.77143,0.82857,1.0,0.5,1.0,0.89057,1.0,0.5,0.02116,0.00923,0.0,0.0,0.72661,0.57143,0.5,0.0,1.0,1.0,0.5,0.5,0.5,1.0,1.0,0.5,0.5,0.5,0.0,0.0,1.0,1.0,1.0,0.5,0.5,1.0,0.06667,0.0,1.0,1.0,1.0,0.5,0.5
0.0,0.0,0.0,0.0,0.06667,0.06667,0.00138,0.06667,0.2,0.0,0.0,0.66667,0.0,0.08889,0.00889,0.82167,0.0,0.89524,0.89524,0.8,1.0,0.89524,0.0,0.81494,1.0,0.42857,0.01866,0.00955,0.0,0.0,0.79764,0.5,0.85714,0.0,1.0,1.0,0.5,0.5,0.5,1.0,1.0,0.5,0.5,0.5,0.0,0.0,1.0,1.0,1.0,0.5,0.5,1.0,0.06667,0.0,1.0,1.0,1.0,0.0,1.0
0.0,0.0,0.0,0.0,0.06667,0.13333,0.00055,0.13333,0.5,0.0,0.0,0.66667,0.0,0.09333,0.00889,0.99956,0.0,0.94286,0.94286,0.92381,1.0,0.87619,0.0,0.64916,0.92737,0.07143,0.00647,0.00323,0.0,0.0,0.96293,0.85714,0.64286,0.0,1.0,1.0,0.5,0.5,0.5,1.0,1.0,0.5,0.5,0.5,0.0,0.0,1.0,1.0,1.0,1.0,0.291,1.0,0.06667,0.0,1.0,0.0,1.0,0.0,1.0
0.0,0.0,0.0,0.0,0.13333,0.2,0.00051,0.2,0.56667,0.0,0.0,0.66667,0.0,0.10222,0.00444,0.0,0.99837,0.94286,0.90476,0.92381,0.94286,0.94286,1.0,0.73433,1.0,0.14286,0.00602,0.00334,0.0,0.0,0.97541,0.71429,0.78571,0.0,1.0,1.0,0.5,0.5,0.5,1.0,1.0,0.5,0.5,0.5,0.0,0.0,1.0,1.0,1.0,0.73451,0.24481,1.0,0.06667,0.0,1.0,0.0,1.0,0.0,1.0
0.0,0.5,0.0,0.5,0.2,0.5,0.0005,0.2,0.6,0.0,0.0,0.66667,1.0,0.11556,0.00444,0.0,0.99953,1.0,0.89524,0.92381,1.0,1.0,1.0,0.74073,1.0,0.14286,0.00575,0.00312,0.0,0.0,0.97685,1.0,1.0,0.0,1.0,1.0,0.5,0.5,0.5,1.0,1.0,0.5,0.5,0.5,0.0,0.0,1.0,1.0,1.0,0.73451,0.24481,1.0,0.06667,0.0,1.0,0.0,1.0,0.0,1.0
0.0,0.5,0.0,0.5,0.2,0.5,0.00048,0.2,0.63333,0.0,0.0,0.66667,1.0,0.11556,0.00444,0.9977,0.0,0.97143,0.97143,0.93333,1.0,0.97143,1.0,0.77473,1.0,0.21429,0.00619,0.00289,0.0,0.0,0.87987,1.0,0.64286,0.0,1.0,1.0,0.5,0.5,0.5,1.0,1.0,0.5,0.5,0.5,0.0,0.0,1.0,1.0,1.0,0.73451,0.24481,1.0,0.06667,0.0,1.0,0.0,1.0,0.0,1.0
0.0,0.5,0.0,0.5,0.2,0.5,0.00047,0.2,0.66667,0.0,0.0,0.66667,1.0,0.09778,0.00444,0.9999,0.0,1.0,0.97143,0.93333,1.0,1.0,1.0,0.7752,1.0,0.21429,0.00599,0.00267,0.0,0.0,0.88656,1.0,1.0,0.0,1.0,1.0,0.5,0.5,0.5,1.0,1.0,0.5,0.5,0.5,0.0,0.0,1.0,1.0,1.0,0.73451,0.24481,1.0,0.06667,0.0,1.0,0.0,1.0,0.0,1.0
0.0,0.5,0.0,0.5,0.2,0.5,0.00046,0.2,0.7,0.0,0.0,0.66667,1.0,0.09778,0.00444,0.0,0.99096,1.0,0.97143,0.93333,1.0,1.0,1.0,0.77687,1.0,0.21429,0.00582,0.00277,0.0,0.0,0.89464,1.0,1.0,0.0,1.0,1.0,0.5,0.5,0.5,1.0,1.0,0.5,0.5,0.5,0.0,0.0,1.0,1.0,1.0,0.73451,0.24481,1.0,0.06667,0.0,1.0,0.0,1.0,0.0,1.0
0.0,0.5,0.0,0.5,0.2,0.5,0.00045,0.2,0.73333,0.0,0.0,0.66667,1.0,0.10667,0.00444,0.0,0.99107,1.0,0.90476,0.93333,1.0,1.0,0.0,0.77398,1.0,0.21429,0.00572,0.00293,0.0,0.0,0.89974,1.0,1.0,0.0,1.0,1.0,0.5,0.5,0.5,1.0,1.0,0.5,0.5,0.5,0.0,0.0,1.0,1.0,1.0,0.73451,0.24481,1.0,0.06667,0.0,1.0,0.0,1.0,0.0,1.0
0.0,0.0,0.0,0.0,0.2,0.2,0.00021,0.2,0.9,0.0,0.0,0.66667,0.0,0.11556,0.00444,0.99427,0.0,1.0,0.94286,0.93333,1.0,0.89524,1.0,0.91376,1.0,0.28571,0.00238,0.00143,0.0,0.0,0.92284,0.78571,0.5,0.0,1.0,1.0,0.5,0.5,0.5,1.0,1.0,0.5,0.5,0.5,0.0,0.0,1.0,1.0,1.0,0.59249,0.33061,1.0,0.06667,0.0,1.0,0.0,1.0,0.16667,1.0
0.0,0.5,0.0,0.5,0.2,0.5,0.00019,0.2,0.93333,0.0,0.0,0.66667,1.0,0.10667,0.00444,0.99302,0.0,0.94286,1.0,0.92381,1.0,0.94286,1.0,0.91897,1.0,0.28571,0.00215,0.00124,0.0,0.0,0.92255,1.0,1.0,0.0,1.0,1.0,0.5,0.5,0.5,1.0,1.0,0.5,0.5,0.5,0.0,0.0,1.0,1.0,1.0,0.59249,0.33061,1.0,0.06667,0.0,1.0,0.0,1.0,0.0,1.0
0.0,0.5,0.0,0.5,0.2,0.5,0.00018,0.2,0.96667,0.0,0.0,0.66667,1.0,0.10667,0.00444,0.99567,0.0,1.0,1.0,0.92381,1.0,1.0,1.0,0.92476,1.0,0.28571,0.00202,0.00113,0.0,0.0,0.92399,1.0,1.0,0.0,1.0,1.0,0.5,0.5,0.5,1.0,1.0,0.5,0.5,0.5,0.0,0.0,1.0,1.0,1.0,0.59249,0.33061,1.0,0.06667,0.0,1.0,0.0,1.0,0.0,1.0
0.0,0.5,0.0,0.5,0.2,0.5,0.00017,0.2,1.0,0.0,0.0,0.66667,1.0,0.10222,0.00444,0.99798,0.0,1.0,1.0,0.92381,1.0,1.0,1.0,0.92819,1.0,0.28571,0.00195,0.00117,0.0,0.0,0.92861,1.0,1.0,0.0,1.0,1.0,0.5,0.5,0.5,1.0,1.0,0.5,0.5,0.5,0.0,0.0,1.0,1.0,1.0,0.59249,0.33061,1.0,0.06667,0.0,1.0,0.0,1.0,0.0,1.0
0.5,0.5,0.5,0.5,0.5,0.5,0.02687,0.06667,0.36667,0.0,0.0,0.66667,0.0,0.40444,0.0,0.96994,0.0,1.0,1.0,1.0,1.0,0.5,0.0,0.92195,1.0,0.0,0.43982,0.29282,0.0,0.0,0.98261,0.92857,0.5,0.0,1.0,1.0,0.5,0.5,0.5,1.0,1.0,0.5,0.5,0.5,0.0,0.0,1.0,1.0,1.0,0.5,0.5,1.0,0.06667,0.0,1.0,1.0,1.0,0.5,0.5
1.0,1.0,1.0,0.0,0.13333,0.06667,0.02191,0.06667,0.5,0.0,0.0,0.66667,0.0,0.40889,0.0,0.99015,0.0,1.0,1.0,1.0,1.0,1.0,0.0,0.91854,1.0,0.0,0.35916,0.23841,0.0,0.0,0.98594,0.92857,1.0,0.0,1.0,1.0,0.5,0.5,0.5,1.0,1.0,0.5,0.5,0.5,0.0,0.0,1.0,1.0,1.0,0.5,0.5,1.0,0.06667,0.0,1.0,1.0,1.0,0.9,1.0
1.0,1.0,1.0,0.0,0.06667,0.06667,0.00234,0.06667,0.0,0.88235,0.0,0.66667,0.0,0.40889,0.01333,0.0,0.99989,1.0,1.0,1.0,1.0,1.0,1.0,0.92097,1.0,0.0,0.03838,0.02454,0.0,0.0,0.99269,0.92857,1.0,0.06667,1.0,1.0,0.5,0.5,0.5,1.0,1.0,0.5,0.5,0.5,0.04183,0.13382,0.93333,1.0,1.0,0.0,0.09686,1.0,0.06667,0.0,1.0,0.0,1.0,0.5,1.0
0.5,0.5,0.5,0.5,0.5,0.5,0.09891,0.8,0.1,0.0,0.0,0.66667,0.0,0.06667,0.0,0.96616,0.0,1.0,1.0,1.0,1.0,0.5,0.0,0.5456,0.77943,0.07143,1.0,1.0,1.0,0.0,0.66667,0.85714,0.5,0.0,1.0,1.0,0.5,0.5,0.5,1.0,1.0,0.5,0.5,0.5,0.0,0.0,1.0,1.0,1.0,0.5,0.5,1.0,0.06667,0.0,1.0,1.0,1.0,0.0,0.5
0.0,1.0,0.0,1.0,0.8,0.8,0.0762,0.66667,0.23333,0.0,0.0,0.66667,0.0,0.07111,0.00889,0.82116,0.0,0.99048,1.0,0.99048,1.0,0.97143,0.0,0.62593,0.89418,0.07143,0.724,0.42854,0.5,0.0,0.66667,1.0,0.71429,0.0,1.0,1.0,0.5,0.5,0.5,1.0,1.0,0.5,0.5,0.5,0.0,0.0,1.0,1.0,1.0,1.0,0.10345,1.0,0.06667,0.0,1.0,0.0,1.0,0.5,1.0
0.0,0.0,0.0,0.0,0.66667,0.6,0.04779,0.46667,0.4,0.0,0.0,0.66667,0.0,0.05778,0.00889,0.99589,0.0,0.98095,0.98095,0.99048,1.0,0.98095,0.0,0.54248,0.77497,0.07143,1.0,1.0,1.0,0.0,0.44444,0.78571,0.71429,0.0,1.0,1.0,0.5,0.5,0.5,1.0,1.0,0.5,0.5,0.5,0.0,0.0,1.0,1.0,1.0,1.0,0.10345,1.0,0.06667,0.0,1.0,0.0,1.0,0.5,1.0
0.0,0.0,0.0,0.0,0.4,0.4,0.04426,0.4,0.0,0.85714,0.0,0.66667,0.0,0.05778,0.00889,0.99989,0.0,1.0,1.0,0.99048,1.0,0.99048,0.0,0.53429,0.76328,0.07143,1.0,1.0,1.0,0.0,0.5,0.92857,0.92857,0.0,1.0,1.0,0.5,0.5,0.5,1.0,1.0,0.5,0.5,0.5,0.0,0.0,1.0,1.0,1.0,1.0,0.10345,1.0,0.06667,0.0,1.0,0.0,1.0,0.0,1.0
0.5,0.5,0.5,0.5,0.5,0.5,0.03424,0.13333,0.1,0.0,0.0,0.66667,0.0,0.36889,0.0,0.88129,0.0,1.0,0.89524,1.0,1.0,0.5,0.0,0.96741,1.0,0.71429,0.50661,0.30524,0.0,0.0,0.85703,0.21429,0.5,0.0,1.0,1.0,0.5,0.5,0.5,1.0,1.0,0.5,0.5,0.5,0.0,0.0,1.0,1.0,1.0,0.5,0.5,1.0,0.06667,0.0,1.0,1.0,1.0,0.1,0.5
1.0,0.0,1.0,0.0,0.2,0.26667,0.05587,0.53333,0.7,0.0,0.0,0.66667,0.0,0.25778,0.08444,0.0,0.92951,0.71429,0.71429,0.71429,1.0,0.60952,0.0,0.72094,1.0,0.14286,0.68492,0.32504,0.25,0.0,0.98064,0.85714,0.57143,0.0,1.0,1.0,0.5,0.5,0.5,1.0,1.0,0.5,0.5,0.5,0.0,0.0,1.0,1.0,1.0,1.0,0.38682,1.0,0.06667,0.0,1.0,0.0,1.0,0.75,1.0
1.0,0.5,1.0,0.5,0.66667,0.5,0.06548,0.66667,0.73333,0.0,0.0,0.66667,1.0,0.23556,0.07556,0.0,0.96316,1.0,1.0,0.71429,1.0,1.0,0.0,0.71419,1.0,0.14286,0.82141,0.38655,0.75,1.0,0.98822,1.0,1.0,0.0,1.0,1.0,0.5,0.5,0.5,1.0,1.0,0.5,0.5,0.5,0.0,0.0,1.0,1.0,1.0,1.0,0.38682,1.0,0.06667,0.0,1.0,0.0,1.0,0.0,1.0
1.0,0.5,1.0,0.5,0.66667,0.5,0.07093,0.66667,0.76667,0.0,0.0,0.66667,1.0,0.22222,0.07111,0.0,0.9914,1.0,1.0,0.71429,1.0,1.0,0.0,0.71081,1.0,0.14286,0.90247,0.41712,0.75,0.0,0.99013,1.0,1.0,0.0,1.0,1.0,0.5,0.5,0.5,1.0,1.0,0.5,0.5,0.5,0.0,0.0,1.0,1.0,1.0,1.0,0.38682,1.0,0.06667,0.0,1.0,0.0,1.0,0.0,1.0
1.0,0.5,0.0,0.5,0.66667,0.5,0.06829,0.66667,0.8,0.0,0.0,0.66667,1.0,0.20889,0.07111,0.99327,0.0,1.0,1.0,0.73333,1.0,1.0,1.0,0.71238,1.0,0.14286,0.86971,0.38843,0.75,0.0,0.99215,1.0,1.0,0.0,1.0,1.0,0.5,0.5,0.5,1.0,1.0,0.5,0.5,0.5,0.0,0.0,1.0,1.0,1.0,1.0,0.38682,1.0,0.06667,0.0,1.0,0.0,1.0,0.0,1.0
0.5,0.5,0.5,0.5,0.5,0.5,0.07719,0.66667,0.1,0.0,0.0,0.66667,0.0,0.12444,0.00889,0.46916,0.0,0.78095,0.89524,0.89524,1.0,0.5,1.0,0.6135,0.87642,0.21429,1.0,0.71223,0.66667,0.0,0.9264,1.0,0.5,0.0,1.0,1.0,0.5,0.5,0.5,1.0,1.0,0.5,0.5,0.5,0.0,0.0,1.0,1.0,1.0,0.5,0.5,1.0,0.06667,0.0,1.0,1.0,1.0,0.33333,0.5
1.0,1.0,1.0,1.0,0.86667,0.86667,0.04462,0.4,0.5,0.0,0.0,0.66667,0.0,0.08,0.04444,0.95105,0.0,0.92381,1.0,0.89524,0.97143,0.8,1.0,0.62763,0.89662,0.14286,0.47354,0.34379,0.0,0.0,0.94809,0.85714,0.78571,0.0,0.86667,0.94517,0.0,0.5,0.0,1.0,1.0,0.5,0.5,0.5,0.0,0.0,1.0,1.0,1.0,0.17062,0.15418,1.0,0.06667,0.0,1.0,0.0,1.0,0.0,1.0
0.0,0.0,0.0,0.0,0.26667,0.26667,0.01574,0.26667,0.56667,0.0,0.0,0.66667,0.0,0.05778,0.03556,0.95635,0.0,1.0,1.0,0.78095,0.94286,0.91429,0.0,0.57185,0.81693,0.21429,0.22944,0.11816,0.0,0.0,0.94062,0.85714,0.85714,0.0,1.0,1.0,0.5,0.85649,0.5,1.0,1.0,0.5,0.5,0.5,0.0,0.0,1.0,1.0,1.0,0.17062,0.15418,1.0,0.06667,0.0,1.0,0.0,1.0,0.0,1.0
0.0,0.0,0.0,0.0,0.26667,0.26667,0.00498,0.26667,0.93333,0.0,0.0,0.66667,0.0,0.05778,0.04,0.0,0.98176,1.0,0.89524,0.81905,0.94286,0.78095,0.0,0.61417,0.87739,0.07143,0.09327,0.03658,0.33333,0.0,0.84726,0.85714,0.78571,0.0,0.93333,0.86382,1.0,0.85649,1.0,0.75,1.0,0.5,0.5,0.5,0.0,0.0,1.0,1.0,1.0,0.17062,0.15418,1.0,0.06667,0.0,1.0,0.0,1.0,0.33333,1.0
0.0,0.0,1.0,1.0,0.26667,0.26667,0.00461,0.26667,0.0,0.83333,0.0,0.66667,0.0,0.05778,0.04,0.0,0.99318,0.9619,0.87619,0.77143,0.88571,0.8,1.0,0.69012,0.98588,0.07143,0.0727,0.03571,0.2,0.0,0.87365,1.0,0.57143,0.0,1.0,1.0,0.5,0.85649,0.5,1.0,1.0,0.5,0.5,0.5,0.0,0.0,1.0,1.0,1.0,1.0,0.03189,1.0,0.06667,0.0,1.0,0.0,1.0,0.0,1.0
0.0,0.0,1.0,1.0,0.26667,0.26667,0.00287,0.26667,0.0,0.75,0.0,0.66667,0.0,0.05333,0.00889,0.97653,0.0,0.89524,0.77143,0.75238,0.92381,0.82857,1.0,0.59304,0.8472,0.07143,0.06208,0.02098,0.25,0.0,0.93696,0.78571,0.78571,0.0,1.0,1.0,0.5,0.85649,0.5,1.0,1.0,0.5,0.5,0.5,0.0,0.0,1.0,1.0,1.0,1.0,0.03189,1.0,0.06667,0.0,1.0,0.0,1.0,0.25,1.0
0.5,0.5,0.5,0.5,0.5,0.5,0.10312,0.86667,0.1,0.0,0.0,0.66667,0.0,0.18222,0.0,0.79499,0.0,0.87619,0.94286,1.0,1.0,0.5,1.0,0.73587,1.0,0.14286,1.0,0.67624,0.8,0.0,0.67104,1.0,0.5,0.0,1.0,1.0,0.5,0.5,0.5,1.0,1.0,0.5,0.5,0.5,0.0,0.0,1.0,1.0,1.0,0.5,0.5,1.0,0.06667,0.0,1.0,1.0,1.0,0.4,0.5
0.5,0.5,0.5,0.5,0.5,0.5,0.2,0.6,0.03333,0.0,0.5,0.0,0.0,0.2,0.0,0.5,0.5,0.5,0.5,0.5,0.5,0.5,0.5,0.0,0.0,0.75,1.0,1.0,1.0,0.0,0.0,0.5,0.5,0.0,1.0,1.0,0.5,0.5,0.5,1.0,1.0,0.5,0.5,0.5,0.5,0.5,1.0,0.5,0.5,0.5,0.5,1.0,0.2,0.0,1.0,1.0,1.0,0.5,0.5
1.0,0.0,1.0,0.0,0.7,0.4,0.18185,0.4,0.13333,0.0,0.5,0.0,0.0,0.48,0.0,0.96362,0.0,1.0,1.0,1.0,1.0,0.7,1.0,0.7074,1.0,0.0,0.92661,0.73818,0.5,0.0,0.83845,0.75,0.25,0.0,1.0,1.0,0.5,0.5,0.5,1.0,1.0,0.5,0.5,0.5,0.0,0.0,1.0,1.0,1.0,0.5,0.5,1.0,0.2,0.0,1.0,1.0,1.0,0.5,1.0
1.0,1.0,1.0,1.0,0.6,0.2,0.15051,0.2,0.4,0.0,0.5,0.0,0.0,0.44,0.08,0.78887,0.0,1.0,1.0,1.0,1.0,1.0,1.0,0.90795,1.0,0.0,0.67696,0.4495,0.0,0.0,0.89032,1.0,1.0,0.0,0.8,0.83469,0.39401,0.5,0.0,1.0,1.0,0.5,0.5,0.5,0.0,0.46259,1.0,1.0,1.0,0.5,0.5,1.0,0.2,0.0,1.0,1.0,1.0,1.0,1.0
1.0,1.0,1.0,1.0,0.8,0.8,0.2205,0.8,0.5,0.0,0.5,0.0,0.0,0.48,0.16,0.0,0.97855,1.0,1.0,0.9,1.0,0.9,0.0,0.97617,1.0,0.0,0.95645,0.71158,0.5,0.0,0.92476,1.0,1.0,1.0,1.0,1.0,0.5,0.75692,0.5,1.0,1.0,0.5,0.5,0.5,0.34913,0.0,0.0,1.0,1.0,0.5,0.5,1.0,0.0,0.0,1.0,1.0,1.0,1.0,1.0
0.5,0.5,0.5,0.5,0.5,0.5,0.2,0.6,0.03333,0.0,0.5,0.0,0.0,0.2,0.0,0.5,0.5,0.5,0.5,0.5,0.5,0.5,0.5,0.0,0.0,0.75,1.0,1.0,1.0,0.0,0.0,0.5,0.5,0.0,1.0,1.0,0.5,0.5,0.5,1.0,1.0,0.5,0.5,0.5,0.5,0.5,1.0,0.5,0.5,0.5,0.5,1.0,0.2,0.0,1.0,1.0,1.0,0.5,0.5
1.0,1.0,1.0,1.0,1.0,0.8,0.22038,0.8,0.1,0.0,0.5,0.0,0.0,0.96,0.0,0.0,1.0,1.0,1.0,1.0,1.0,0.0,0.0,0.32653,0.46647,0.0,1.0,0.99578,0.75,0.0,0.98058,1.0,0.75,0.0,1.0,1.0,0.5,0.5,0.5,1.0,1.0,0.5,0.5,0.5,0.0,0.0,1.0,1.0,1.0,0.5,0.5,1.0,0.2,0.0,1.0,1.0,1.0,1.0,1.0
0.0,0.0,0.0,0.0,0.6,0.2,0.04827,0.2,0.66667,0.0,0.5,0.0,0.0,0.68,0.04,0.99867,0.0,1.0,1.0,1.0,1.0,0.6,1.0,0.62939,0.89912,0.25,0.44982,0.29017,0.0,0.0,0.99652,1.0,0.25,0.0,1.0,1.0,0.5,0.5,0.5,1.0,1.0,0.5,0.5,0.5,0.0,0.0,1.0,1.0,1.0,0.11089,0.41177,1.0,0.2,0.0,1.0,0.0,1.0,0.0,1.0
0.5,0.5,0.5,0.5,0.5,0.5,0.22469,1.0,0.16667,0.0,0.5,0.0,0.0,0.76,0.0,0.86129,0.0,1.0,1.0,1.0,1.0,0.5,1.0,0.86425,1.0,0.0,1.0,1.0,1.0,0.0,0.97937,1.0,0.5,0.0,1.0,1.0,0.5,0.5,0.5,1.0,1.0,0.5,0.5,0.5,0.0,0.0,1.0,1.0,1.0,0.5,0.5,1.0,0.2,0.0,1.0,1.0,1.0,1.0,0.5
1.0,1.0,1.0,1.0,1.0,1.0,0.29638,1.0,0.26667,0.0,0.5,0.0,0.0,0.56,0.04,0.36409,0.0,1.0,1.0,1.0,1.0,1.0,0.0,0.89772,1.0,0.0,1.0,1.0,1.0,0.0,1.0,1.0,1.0,0.0,1.0,1.0,0.5,0.5,0.5,1.0,1.0,0.5,0.5,0.5,0.0,0.0,1.0,1.0,1.0,1.0,1.0,1.0,0.2,0.0,1.0,0.0,1.0,0.0,1.0
0.5,0.5,0.5,0.5,0.5,0.5,0.2,0.6,0.03333,0.0,0.5,0.0,0.0,0.2,0.0,0.5,0.5,0.5,0.5,0.5,0.5,0.5,0.5,0.0,0.0,0.75,1.0,1.0,1.0,0.0,0.0,0.5,0.5,0.0,1.0,1.0,0.5,0.5,0.5,1.0,1.0,0.5,0.5,0.5,0.5,0.5,1.0,0.5,0.5,0.5,0.5,1.0,0.2,0.0,1.0,1.0,1.0,0.5,0.5
0.0,0.0,0.0,0.0,0.6,0.6,0.2,0.6,0.53333,0.0,0.5,0.0,0.0,0.2,0.0,1.0,0.0,1.0,1.0,1.0,1.0,1.0,0.0,0.08163,0.11662,0.0,1.0,1.0,1.0,0.0,1.0,1.0,0.25,0.0,1.0,1.0,0.5,0.5,0.5,1.0,1.0,0.5,0.5,0.5,0.0,0.0,1.0,1.0,1.0,0.5,0.5,1.0,0.2,1.0,1.0,1.0,1.0,0.0,1.0
0.0,0.0,0.0,0.0,0.6,0.6,0.2,0.6,0.6,0.0,0.5,0.0,0.0,0.2,0.0,0.0,1.0,1.0,1.0,1.0,1.0,1.0,0.0,0.08163,0.11662,0.0,1.0,1.0,1.0,0.0,1.0,1.0,1.0,0.0,1.0,1.0,0.5,0.5,0.5,1.0,1.0,0.5,0.5,0.5,0.0,0.0,1.0,1.0,1.0,0.5,0.5,1.0,0.2,1.0,1.0,1.0,1.0,1.0,1.0
0.5,0.5,0.5,0.5,0.5,0.5,0.1543,0.2,0.13333,0.0,0.5,0.0,0.0,0.96,0.0,0.0,1.0,1.0,1.0,1.0,1.0,0.5,1.0,0.84232,1.0,0.25,0.73436,0.63633,0.0,0.0,0.91367,1.0,0.5,0.0,1.0,1.0,0.5,0.5,0.5,1.0,1.0,0.5,0.5,0.5,0.0,0.0,1.0,1.0,1.0,0.5,0.5,1.0,0.2,0.0,1.0,1.0,1.0,1.0,0.5
1.0,0.0,1.0,0.0,0.2,0.2,0.03001,0.2,0.36667,0.0,0.5,0.0,0.0,0.8,0.08,0.75698,0.0,1.0,1.0,1.0,1.0,0.6,1.0,0.68758,0.98226,0.25,0.21387,0.11974,0.0,0.0,0.87637,0.75,0.5,0.0,1.0,1.0,0.5,0.5,0.5,1.0,1.0,0.5,0.5,0.5,0.0,0.0,1.0,1.0,1.0,0.40259,0.89144,1.0,0.2,0.0,1.0,0.0,1.0,0.0,1.0
0.0,0.0,0.0,0.0,0.2,0.2,0.01049,0.2,0.63333,0.0,0.5,0.0,0.0,0.64,0.04,0.0,0.99883,1.0,1.0,1.0,1.0,1.0,1.0,0.70342,1.0,0.25,0.0721,0.0374,0.0,0.0,0.89854,0.75,1.0,0.0,1.0,1.0,0.5,0.5,0.5,1.0,1.0,0.5,0.5,0.5,0.0,0.33701,1.0,1.0,1.0,0.40259,0.89144,1.0,0.2,0.0,1.0,0.0,1.0,0.0,1.0
0.5,0.5,0.5,0.5,0.5,0.5,0.2,0.6,0.03333,0.0,0.5,0.0,0.0,0.2,0.0,0.5,0.5,0.5,0.5,0.5,0.5,0.5,0.5,0.0,0.0,0.75,1.0,1.0,1.0,0.0,0.0,0.5,0.5,0.0,1.0,1.0,0.5,0.5,0.5,1.0,1.0,0.5,0.5,0.5,0.5,0.5,1.0,0.5,0.5,0.5,0.5,1.0,0.2,0.0,1.0,1.0,1.0,0.5,0.5
0.5,0.5,0.5,0.5,0.5,0.5,0.2,0.6,0.03333,0.0,0.5,0.0,0.0,0.2,0.0,0.5,0.5,0.5,0.5,0.5,0.5,0.5,0.5,0.0,0.0,0.75,1.0,1.0,1.0,0.0,0.0,0.5,0.5,0.0,1.0,1.0,0.5,0.5,0.5,1.0,1.0,0.5,0.5,0.5,0.5,0.5,1.0,0.5,0.5,0.5,0.5,1.0,0.2,0.0,1.0,1.0,1.0,0.5,0.5
0.0,1.0,0.0,1.0,0.5,1.0,0.10266,0.4,0.43333,0.0,0.5,0.0,0.0,0.36,0.08,0.99133,0.0,1.0,1.0,1.0,1.0,0.8,0.0,0.9353,1.0,0.25,0.47785,0.30208,0.0,0.0,0.87922,1.0,0.75,0.0,1.0,1.0,0.5,0.5,0.5,1.0,1.0,0.5,0.5,0.5,0.0,0.0,1.0,1.0,1.0,1.0,1.0,1.0,0.2,0.0,1.0,0.0,1.0,0.0,1.0
0.0,0.0,0.0,0.0,0.4,0.4,0.10512,0.4,0.63333,0.0,0.5,0.0,0.0,0.28,0.08,0.0,0.98841,0.9,1.0,0.9,1.0,1.0,1.0,0.99673,1.0,0.25,0.4488,0.27042,0.0,0.0,0.87287,0.75,1.0,0.0,0.8,0.9872,1.0,0.5,1.0,1.0,1.0,0.5,0.5,0.5,0.0,0.0,1.0,1.0,1.0,1.0,1.0,1.0,0.2,0.0,1.0,0.0,1.0,0.0,1.0
1.0,0.5,1.0,0.5,0.4,0.5,0.10742,0.4,0.66667,0.0,0.5,0.0,1.0,0.2,0.08,0.0,0.99887,1.0,1.0,0.9,1.0,1.0,0.0,0.98374,1.0,0.25,0.4518,0.27281,0.0,0.0,0.87267,1.0,1.0,0.0,1.0,1.0,0.5,0.5,0.5,1.0,1.0,0.5,0.5,0.5,0.0,0.0,1.0,1.0,1.0,1.0,1.0,1.0,0.2,0.0,1.0,0.0,1.0,0.0,1.0
0.5,0.5,0.5,0.5,0.5,0.5,0.21361,1.0,0.13333,0.0,0.5,0.0,0.0,0.6,0.0,0.91977,0.0,1.0,1.0,1.0,1.0,0.5,1.0,0.72997,1.0,0.0,1.0,1.0,1.0,0.0,1.0,1.0,0.5,0.0,1.0,1.0,0.5,0.5,0.5,1.0,1.0,0.5,0.5,0.5,0.0,0.0,1.0,1.0,1.0,0.5,0.5,1.0,0.2,0.0,1.0,1.0,1.0,1.0,0.5
1.0,1.0,1.0,1.0,1.0,1.0,0.26136,0.6,0.86667,0.0,0.5,0.0,0.0,0.44,0.0,0.0,0.97812,1.0,1.0,1.0,1.0,1.0,0.0,0.58735,0.83907,0.0,0.90799,0.82717,0.0,0.0,0.98211,1.0,1.0,0.0,1.0,1.0,0.5,0.5,0.5,1.0,1.0,0.5,0.5,0.5,0.0,0.0,1.0,1.0,1.0,0.5,0.5,1.0,0.2,0.0,1.0,1.0,1.0,1.0,1.0
1.0,1.0,1.0,1.0,1.0,0.8,0.28658,0.6,1.0,0.0,0.5,0.0,0.0,0.44,0.0,0.0,0.98182,0.9,0.9,1.0,1.0,0.9,0.0,0.52669,0.75242,0.0,0.96386,0.93314,0.0,0.0,0.98842,1.0,1.0,0.0,1.0,1.0,0.5,0.5,0.5,1.0,1.0,0.5,0.5,0.5,0.0,0.0,1.0,1.0,1.0,0.5,0.5,1.0,0.2,0.0,1.0,1.0,1.0,1.0,1.0
0.5,0.5,0.5,0.5,0.5,0.5,0.2,0.6,0.03333,0.0,0.5,0.0,0.0,0.2,0.0,0.5,0.5,0.5,0.5,0.5,0.5,0.5,0.5,0.0,0.0,0.75,1.0,1.0,1.0,0.0,0.0,0.5,0.5,0.0,1.0,1.0,0.5,0.5,0.5,1.0,1.0,0.5,0.5,0.5,0.5,0.5,1.0,0.5,0.5,0.5,0.5,1.0,0.2,0.0,1.0,1.0,1.0,0.5,0.5
1.0,1.0,1.0,1.0,1.0,0.6,0.17662,0.4,0.13333,0.0,0.5,0.0,0.0,0.72,0.0,0.0,1.0,1.0,0.6,1.0,1.0,0.4,1.0,0.73165,1.0,1.0,0.88308,0.77374,0.25,0.0,0.96724,0.25,0.75,0.0,1.0,1.0,0.5,0.5,0.5,1.0,1.0,0.5,0.5,0.5,0.0,0.0,1.0,1.0,1.0,0.5,0.5,1.0,0.2,0.0,1.0,1.0,1.0,0.25,1.0
0.5,0.5,0.5,0.5,0.5,0.5,0.2,0.6,0.03333,0.0,0.5,0.0,0.0,0.2,0.0,0.5,0.5,0.5,0.5,0.5,0.5,0.5,0.5,0.0,0.0,0.75,1.0,1.0,1.0,0.0,0.0,0.5,0.5,0.0,1.0,1.0,0.5,0.5,0.5,1.0,1.0,0.5,0.5,0.5,0.5,0.5,1.0,0.5,0.5,0.5,0.5,1.0,0.2,0.0,1.0,1.0,1.0,0.5,0.5
1.0,1.0,1.0,0.0,1.0,0.4,0.07477,0.2,0.26667,0.0,0.5,0.0,0.0,0.76,0.08,0.69746,0.0,1.0,1.0,0.6,1.0,0.4,0.0,0.68916,0.98451,0.25,0.4874,0.32222,0.0,0.0,0.82357,1.0,0.5,0.0,0.6,0.53959,0.68794,0.5,1.0,0.5,1.0,0.5,0.5,0.5,0.0,0.0,1.0,1.0,1.0,0.32166,0.4116,1.0,0.2,0.0,1.0,0.0,1.0,1.0,1.0
0.5,0.5,0.5,0.5,0.5,0.5,0.129,0.2,0.2,0.0,0.5,0.0,0.0,0.28,0.0,0.98505,0.0,1.0,1.0,1.0,1.0,0.5,1.0,0.34544,0.49349,0.0,0.62711,0.45678,0.0,0.0,0.62143,1.0,0.5,0.0,1.0,1.0,0.5,0.5,0.5,1.0,1.0,0.5,0.5,0.5,0.0,0.0,1.0,1.0,1.0,0.5,0.5,1.0,0.2,0.0,1.0,1.0,1.0,1.0,0.5
0.0,0.0,0.0,0.0,0.2,0.2,0.12568,0.2,0.33333,0.0,0.5,0.0,0.0,0.24,0.0,0.99448,0.0,0.9,0.9,1.0,1.0,0.9,0.0,0.03224,0.04605,0.0,1.0,1.0,1.0,0.0,1.0,0.75,0.75,0.0,1.0,1.0,0.5,0.5,0.5,1.0,1.0,0.5,0.5,0.5,0.0,0.0,1.0,1.0,1.0,0.5,0.5,1.0,0.2,1.0,1.0,1.0,1.0,1.0,1.0
0.0,0.5,0.0,0.5,0.2,0.5,0.12568,0.2,0.36667,0.0,0.5,0.0,1.0,0.24,0.0,0.99573,0.0,1.0,0.9,1.0,1.0,1.0,0.0,0.03223,0.04605,0.0,1.0,1.0,1.0,0.0,1.0,1.0,1.0,0.0,1.0,1.0,0.5,0.5,0.5,1.0,1.0,0.5,0.5,0.5,0.0,0.0,1.0,1.0,1.0,0.5,0.5,1.0,0.2,1.0,1.0,1.0,1.0,1.0,1.0
0.0,0.5,0.0,0.5,0.2,0.5,0.12568,0.2,0.4,0.0,0.5,0.0,1.0,0.24,0.0,0.99147,0.0,1.0,1.0,1.0,1.0,1.0,0.0,0.03223,0.04605,0.0,1.0,1.0,1.0,0.0,1.0,1.0,1.0,0.0,1.0,1.0,0.5,0.5,0.5,1.0,1.0,0.5,0.5,0.5,0.0,0.0,1.0,1.0,1.0,0.5,0.5,1.0,0.2,1.0,1.0,1.0,1.0,1.0,1.0
0.0,0.5,0.0,0.5,0.2,0.5,0.12568,0.2,0.43333,0.0,0.5,0.0,1.0,0.24,0.0,0.98686,0.0,1.0,1.0,1.0,1.0,1.0,0.0,0.03223,0.04605,0.0,1.0,1.0,1.0,0.0,1.0,1.0,1.0,0.0,1.0,1.0,0.5,0.5,0.5,1.0,1.0,0.5,0.5,0.5,0.0,0.0,1.0,1.0,1.0,0.5,0.5,1.0,0.2,1.0,1.0,1.0,1.0,1.0,1.0
0.0,0.5,0.0,0.5,0.2,0.5,0.12568,0.2,0.46667,0.0,0.5,0.0,1.0,0.2,0.0,0.98588,0.0,1.0,1.0,1.0,1.0,1.0,0.0,0.03223,0.04605,0.0,1.0,1.0,1.0,0.0,1.0,1.0,1.0,0.0,1.0,1.0,0.5,0.5,0.5,1.0,1.0,0.5,0.5,0.5,0.0,0.0,1.0,1.0,1.0,0.5,0.5,1.0,0.2,1.0,1.0,1.0,1.0,1.0,1.0
0.0,0.5,0.0,0.5,0.2,0.5,0.12568,0.2,0.5,0.0,0.5,0.0,1.0,0.2,0.0,0.98681,0.0,1.0,1.0,1.0,1.0,1.0,0.0,0.03223,0.04605,0.0,1.0,1.0,1.0,0.0,1.0,1.0,1.0,0.0,1.0,1.0,0.5,0.5,0.5,1.0,1.0,0.5,0.5,0.5,0.0,0.0,1.0,1.0,1.0,0.5,0.5,1.0,0.2,1.0,1.0,1.0,1.0,1.0,1.0
0.0,0.5,0.0,0.5,0.2,0.5,0.12568,0.2,0.53333,0.0,0.5,0.0,1.0,0.2,0.0,0.98864,0.0,1.0,1.0,1.0,1.0,1.0,0.0,0.03223,0.04605,0.0,1.0,1.0,1.0,0.0,1.0,1.0,1.0,0.0,1.0,1.0,0.5,0.5,0.5,1.0,1.0,0.5,0.5,0.5,0.0,0.0,1.0,1.0,1.0,0.5,0.5,1.0,0.2,1.0,1.0,1.0,1.0,1.0,1.0
0.0,0.5,0.0,0.5,0.2,0.5,0.12568,0.2,0.56667,0.0,0.5,0.0,1.0,0.2,0.0,0.99081,0.0,1.0,1.0,1.0,1.0,1.0,0.0,0.03223,0.04605,0.0,1.0,1.0,1.0,0.0,1.0,1.0,1.0,0.0,1.0,1.0,0.5,0.5,0.5,1.0,1.0,0.5,0.5,0.5,0.0,0.0,1.0,1.0,1.0,0.5,0.5,1.0,0.2,1.0,1.0,1.0,1.0,1.0,1.0
0.0,0.5,0.0,0.5,0.2,0.5,0.12568,0.2,0.6,0.0,0.5,0.0,1.0,0.2,0.0,0.99272,0.0,1.0,1.0,1.0,1.0,1.0,0.0,0.03223,0.04605,0.0,1.0,1.0,1.0,0.0,1.0,1.0,1.0,0.0,1.0,1.0,0.5,0.5,0.5,1.0,1.0,0.5,0.5,0.5,0.0,0.0,1.0,1.0,1.0,0.5,0.5,1.0,0.2,1.0,1.0,1.0,1.0,1.0,1.0
0.0,0.5,0.0,0.5,0.2,0.5,0.12568,0.2,0.63333,0.0,0.5,0.0,1.0,0.2,0.0,0.99422,0.0,1.0,1.0,1.0,1.0,1.0,0.0,0.03223,0.04605,0.0,1.0,1.0,1.0,0.0,1.0,1.0,1.0,0.0,1.0,1.0,0.5,0.5,0.5,1.0,1.0,0.5,0.5,0.5,0.0,0.0,1.0,1.0,1.0,0.5,0.5,1.0,0.2,1.0,1.0,1.0,1.0,1.0,1.0
0.0,0.5,0.0,0.5,0.2,0.5,0.12568,0.2,0.66667,0.0,0.5,0.0,1.0,0.2,0.0,0.99539,0.0,1.0,1.0,1.0,1.0,1.0,0.0,0.03223,0.04605,0.0,1.0,1.0,1.0,0.0,1.0,1.0,1.0,0.0,1.0,1.0,0.5,0.5,0.5,1.0,1.0,0.5,0.5,0.5,0.0,0.0,1.0,1.0,1.0,0.5,0.5,1.0,0.2,1.0,1.0,1.0,1.0,1.0,1.0
0.0,0.5,0.0,0.5,0.2,0.5,0.12568,0.2,0.7,0.0,0.5,0.0,1.0,0.2,0.0,0.99631,0.0,1.0,1.0,1.0,1.0,1.0,0.0,0.03223,0.04605,0.0,1.0,1.0,1.0,0.0,1.0,1.0,1.0,0.0,1.0,1.0,0.5,0.5,0.5,1.0,1.0,0.5,0.5,0.5,0.0,0.0,1.0,1.0,1.0,0.5,0.5,1.0,0.2,1.0,1.0,1.0,1.0,1.0,1.0
0.0,0.5,0.0,0.5,0.2,0.5,0.12568,0.2,0.73333,0.0,0.5,0.0,1.0,0.2,0.0,0.99705,0.0,1.0,1.0,1.0,1.0,1.0,0.0,0.03223,0.04605,0.0,1.0,1.0,1.0,0.0,1.0,1.0,1.0,0.0,1.0,1.0,0.5,0.5,0.5,1.0,1.0,0.5,0.5,0.5,0.0,0.0,1.0,1.0,1.0,0.5,0.5,1.0,0.2,1.0,1.0,1.0,1.0,1.0,1.0
0.0,0.5,0.0,0.5,0.2,0.5,0.12568,0.2,0.76667,0.0,0.5,0.0,1.0,0.2,0.0,0.99763,0.0,1.0,1.0,1.0,1.0,1.0,0.0,0.03223,0.04605,0.0,1.0,1.0,1.0,0.0,1.0,1.0,1.0,0.0,1.0,1.0,0.5,0.5,0.5,1.0,1.0,0.5,0.5,0.5,0.0,0.0,1.0,1.0,1.0,0.5,0.5,1.0,0.2,1.0,1.0,1.0,1.0,1.0,1.0
0.0,0.5,0.0,0.5,0.2,0.5,0.12568,0.2,0.8,0.0,0.5,0.0,1.0,0.2,0.0,0.99809,0.0,1.0,1.0,1.0,1.0,1.0,0.0,0.03223,0.04605,0.0,1.0,1.0,1.0,0.0,1.0,1.0,1.0,0.0,1.0,1.0,0.5,0.5,0.5,1.0,1.0,0.5,0.5,0.5,0.0,0.0,1.0,1.0,1.0,0.5,0.5,1.0,0.2,1.0,1.0,1.0,1.0,1.0,1.0
0.0,0.5,0.0,0.5,0.2,0.5,0.12568,0.2,0.83333,0.0,0.5,0.0,1.0,0.2,0.0,0.99847,0.0,1.0,1.0,1.0,1.0,1.0,0.0,0.03223,0.04605,0.0,1.0,1.0,1.0,0.0,1.0,1.0,1.0,0.0,1.0,1.0,0.5,0.5,0.5,1.0,1.0,0.5,0.5,0.5,0.0,0.0,1.0,1.0,1.0,0.5,0.5,1.0,0.2,1.0,1.0,1.0,1.0,1.0,1.0
0.0,0.5,0.0,0.5,0.2,0.5,0.12568,0.2,0.86667,0.0,0.5,0.0,1.0,0.2,0.0,0.99877,0.0,1.0,1.0,1.0,1.0,1.0,0.0,0.03223,0.04605,0.0,1.0,1.0,1.0,0.0,1.0,1.0,1.0,0.0,1.0,1.0,0.5,0.5,0.5,1.0,1.0,0.5,0.5,0.5,0.0,0.0,1.0,1.0,1.0,0.5,0.5,1.0,0.2,1.0,1.0,1.0,1.0,1.0,1.0
0.0,0.5,0.0,0.5,0.2,0.5,0.12568,0.2,0.9,0.0,0.5,0.0,1.0,0.2,0.0,0.99901,0.0,1.0,1.0,1.0,1.0,1.0,0.0,0.03223,0.04605,0.0,1.0,1.0,1.0,0.0,1.0,1.0,1.0,0.0,1.0,1.0,0.5,0.5,0.5,1.0,1.0,0.5,0.5,0.5,0.0,0.0,1.0,1.0,1.0,0.5,0.5,1.0,0.2,1.0,1.0,1.0,1.0,1.0,1.0
0.0,0.5,0.0,0.5,0.2,0.5,0.12568,0.2,0.93333,0.0,0.5,0.0,1.0,0.2,0.0,0.9992,0.0,1.0,1.0,1.0,1.0,1.0,0.0,0.03223,0.04605,0.0,1.0,1.0,1.0,0.0,1.0,1.0,1.0,0.0,1.0,1.0,0.5,0.5,0.5,1.0,1.0,0.5,0.5,0.5,0.0,0.0,1.0,1.0,1.0,0.5,0.5,1.0,0.2,1.0,1.0,1.0,1.0,1.0,1.0
0.0,0.5,0.0,0.5,0.2,0.5,0.12568,0.2,0.96667,0.0,0.5,0.0,1.0,0.2,0.0,0.99935,0.0,1.0,1.0,1.0,1.0,1.0,0.0,0.03223,0.04605,0.0,1.0,1.0,1.0,0.0,1.0,1.0,1.0,0.0,1.0,1.0,0.5,0.5,0.5,1.0,1.0,0.5,0.5,0.5,0.0,0.0,1.0,1.0,1.0,0.5,0.5,1.0,0.2,1.0,1.0,1.0,1.0,1.0,1.0
0.0,0.5,0.0,0.5,0.2,0.5,0.12568,0.2,1.0,0.0,0.5,0.0,1.0,0.2,0.0,0.99948,0.0,1.0,1.0,1.0,1.0,1.0,0.0,0.03223,0.04605,0.0,1.0,1.0,1.0,0.0,1.0,1.0,1.0,0.0,1.0,1.0,0.5,0.5,0.5,1.0,1.0,0.5,0.5,0.5,0.0,0.0,1.0,1.0,1.0,0.5,0.5,1.0,0.2,1.0,1.0,1.0,1.0,1.0,1.0
0.5,0.5,0.5,0.5,0.5,0.5,0.2,0.6,0.03333,0.0,0.5,0.0,0.0,0.2,0.0,0.5,0.5,0.5,0.5,0.5,0.5,0.5,0.5,0.0,0.0,0.75,1.0,1.0,1.0,0.0,0.0,0.5,0.5,0.0,1.0,1.0,0.5,0.5,0.5,1.0,1.0,0.5,0.5,0.5,0.5,0.5,1.0,0.5,0.5,0.5,0.5,1.0,0.2,0.0,1.0,1.0,1.0,0.5,0.5
1.0,1.0,1.0,1.0,0.8,0.6,0.21975,0.6,0.36667,0.0,0.5,0.0,0.0,0.48,0.08,0.0,0.99023,1.0,1.0,1.0,1.0,0.6,1.0,0.82774,1.0,0.0,0.57591,0.4044,0.0,0.0,0.86921,1.0,0.5,0.0,1.0,1.0,0.5,0.5,0.5,1.0,1.0,0.5,0.5,0.5,0.0,0.0,1.0,1.0,1.0,0.0,0.12667,1.0,0.2,0.0,1.0,1.0,1.0,1.0,1.0
1.0,1.0,1.0,1.0,0.8,0.8,0.51379,1.0,0.76667,0.0,0.5,0.0,0.0,0.16,0.12,0.0,0.99084,1.0,1.0,1.0,1.0,1.0,1.0,0.78968,1.0,0.25,1.0,1.0,1.0,0.0,1.0,0.75,0.75,0.0,1.0,1.0,0.5,0.5,0.5,1.0,1.0,0.5,0.5,0.5,0.0,0.0,1.0,1.0,1.0,0.0,0.12667,1.0,0.2,1.0,1.0,0.0,1.0,1.0,1.0
1.0,0.0,1.0,1.0,1.0,1.0,0.52259,1.0,0.83333,0.0,0.5,0.0,0.0,0.16,0.12,0.0,0.99409,1.0,1.0,1.0,1.0,1.0,1.0,0.79978,1.0,0.25,1.0,1.0,1.0,0.0,1.0,1.0,1.0,0.0,1.0,1.0,0.5,0.5,0.5,1.0,1.0,0.5,0.5,0.5,0.0,0.0,1.0,1.0,1.0,0.0,0.12667,1.0,0.2,1.0,1.0,0.0,1.0,1.0,1.0
0.5,0.5,0.5,0.5,0.5,0.5,0.02352,0.2,0.93333,0.0,0.5,0.0,0.0,0.2,0.08,0.99628,0.0,1.0,0.9,0.9,1.0,0.5,1.0,0.61131,0.8733,0.25,0.27105,0.15677,0.0,0.0,1.0,0.75,0.5,0.0,1.0,1.0,0.5,0.5,0.5,1.0,1.0,0.5,0.5,0.5,0.0,0.0,1.0,1.0,1.0,1.0,0.67261,1.0,0.2,0.0,1.0,0.0,1.0,0.0,0.5
0.5,0.5,0.5,0.5,0.5,0.5,0.2,0.6,0.03333,0.0,0.5,0.0,0.0,0.2,0.0,0.5,0.5,0.5,0.5,0.5,0.5,0.5,0.5,0.0,0.0,0.75,1.0,1.0,1.0,0.0,0.0,0.5,0.5,0.0,1.0,1.0,0.5,0.5,0.5,1.0,1.0,0.5,0.5,0.5,0.5,0.5,1.0,0.5,0.5,0.5,0.5,1.0,0.2,0.0,1.0,1.0,1.0,0.5,0.5
0.0,0.0,0.0,0.0,0.6,0.4,0.17089,0.2,0.13333,0.0,0.5,0.0,0.0,0.32,0.0,0.0,0.97546,1.0,0.9,1.0,1.0,0.9,0.0,0.70255,1.0,0.25,0.93565,0.87908,0.0,0.0,1.0,0.5,0.5,0.0,1.0,1.0,0.5,0.5,0.5,1.0,1.0,0.5,0.5,0.5,0.0,0.0,1.0,1.0,1.0,0.5,0.5,1.0,0.2,0.0,1.0,1.0,1.0,0.0,1.0
0.5,0.5,0.5,0.5,0.5,0.5,0.21422,0.8,0.5,0.0,0.5,0.0,0.0,0.48,0.04,0.99274,0.0,0.9,1.0,1.0,1.0,0.5,1.0,0.94862,1.0,0.25,0.97765,0.80389,0.5,0.0,0.87776,0.5,0.5,0.0,1.0,1.0,0.5,0.5,0.5,1.0,1.0,0.5,0.5,0.5,0.0,0.0,1.0,1.0,1.0,0.5,0.5,1.0,0.2,0.0,1.0,1.0,1.0,0.5,0.5
1.0,1.0,1.0,1.0,0.8,0.8,0.20075,0.8,0.6,0.0,0.5,0.0,0.0,0.36,0.04,0.99111,0.0,1.0,1.0,1.0,1.0,1.0,1.0,0.53087,0.75839,0.0,0.7872,0.64908,0.0,0.0,0.94787,1.0,0.75,0.0,1.0,1.0,0.5,0.5,0.5,1.0,1.0,0.5,0.5,0.5,0.0,0.0,1.0,1.0,1.0,0.5,0.5,1.0,0.2,0.0,1.0,1.0,1.0,1.0,1.0
1.0,1.0,1.0,1.0,0.8,1.0,0.23064,0.8,0.76667,0.0,0.5,0.0,0.0,0.36,0.04,0.0,0.99984,1.0,1.0,1.0,1.0,1.0,1.0,0.6107,0.87243,0.0,0.84324,0.72897,0.0,0.0,0.96442,1.0,1.0,0.0,1.0,1.0,0.5,0.5,0.5,1.0,1.0,0.5,0.5,0.5,0.0,0.0,1.0,1.0,1.0,0.5,0.5,1.0,0.2,0.0,1.0,1.0,1.0,1.0,1.0
1.0,1.0,1.0,1.0,0.8,0.8,0.25878,0.8,0.83333,0.0,0.5,0.0,0.0,0.36,0.04,0.0,0.9996,1.0,1.0,1.0,1.0,1.0,1.0,0.64335,0.91907,0.0,0.9218,0.85494,0.0,0.0,0.97056,1.0,1.0,0.0,1.0,1.0,0.5,0.5,0.5,1.0,1.0,0.5,0.5,0.5,0.0,0.0,1.0,1.0,1.0,0.5,0.5,1.0,0.2,0.0,1.0,1.0,1.0,1.0,1.0
1.0,1.0,1.0,0.0,1.0,0.8,0.25551,0.8,0.9,0.0,0.5,0.0,0.0,0.36,0.04,0.0,0.99748,1.0,1.0,1.0,1.0,1.0,1.0,0.67902,0.97003,0.0,0.88591,0.79519,0.0,0.0,0.97263,1.0,1.0,0.0,1.0,1.0,0.5,0.5,0.5,1.0,1.0,0.5,0.5,0.5,0.0,0.0,1.0,1.0,1.0,0.5,0.5,1.0,0.2,0.0,1.0,1.0,1.0,1.0,1.0
1.0,1.0,1.0,1.0,0.8,0.8,0.26454,0.8,1.0,0.0,0.5,0.0,0.0,0.36,0.04,0.0,0.9973,1.0,1.0,1.0,1.0,1.0,1.0,0.74024,1.0,0.0,0.87848,0.78329,0.0,0.0,0.97261,0.75,1.0,0.0,1.0,1.0,0.5,0.5,0.5,1.0,1.0,0.5,0.5,0.5,0.0,0.0,1.0,1.0,1.0,0.5,0.5,1.0,0.2,0.0,1.0,1.0,1.0,1.0,1.0
0.5,0.5,0.5,0.5,0.5,0.5,0.2,0.6,0.03333,0.0,0.5,0.0,0.0,0.2,0.0,0.5,0.5,0.5,0.5,0.5,0.5,0.5,0.5,0.0,0.0,0.75,1.0,1.0,1.0,0.0,0.0,0.5,0.5,0.0,1.0,1.0,0.5,0.5,0.5,1.0,1.0,0.5,0.5,0.5,0.5,0.5,1.0,0.5,0.5,0.5,0.5,1.0,0.2,0.0,1.0,1.0,1.0,0.5,0.5
1.0,1.0,1.0,1.0,1.0,1.0,0.17947,0.4,0.13333,0.0,0.5,0.0,0.0,0.76,0.0,0.0,0.99927,1.0,1.0,1.0,1.0,0.6,0.0,0.69872,0.99818,0.0,0.92018,0.78158,0.5,1.0,0.98675,1.0,0.75,0.0,1.0,1.0,0.5,0.5,0.5,1.0,1.0,0.5,0.5,0.5,0.0,0.0,1.0,1.0,1.0,0.5,0.5,1.0,0.2,0.0,1.0,1.0,1.0,1.0,1.0
1.0,1.0,1.0,1.0,0.4,1.0,0.99214,1.0,0.73333,0.0,0.5,0.0,0.0,0.12,0.16,0.0,0.9723,1.0,1.0,1.0,1.0,0.4,1.0,0.33949,0.48498,0.0,1.0,1.0,1.0,0.0,1.0,1.0,0.5,0.0,1.0,1.0,0.5,0.5,0.5,1.0,1.0,0.5,0.5,0.5,0.0,0.0,1.0,1.0,1.0,1.0,0.28869,1.0,0.2,1.0,1.0,0.0,1.0,1.0,1.0
0.5,0.5,0.5,0.5,0.5,0.5,0.2,0.6,0.03333,0.0,0.5,0.0,0.0,0.2,0.0,0.5,0.5,0.5,0.5,0.5,0.5,0.5,0.5,0.0,0.0,0.75,1.0,1.0,1.0,0.0,0.0,0.5,0.5,0.0,1.0,1.0,0.5,0.5,0.5,1.0,1.0,0.5,0.5,0.5,0.5,0.5,1.0,0.5,0.5,0.5,0.5,1.0,0.2,0.0,1.0,1.0,1.0,0.5,0.5
1.0,0.0,1.0,0.0,0.8,0.4,0.10463,0.4,0.0,0.9375,0.5,0.0,0.0,0.36,0.0,0.0,0.9924,1.0,1.0,1.0,1.0,0.6,1.0,0.73555,1.0,0.75,0.52316,0.3336,0.25,0.0,0.99669,0.25,0.75,0.0,1.0,1.0,0.5,0.5,0.5,1.0,1.0,0.5,0.5,0.5,0.0,0.0,1.0,1.0,1.0,0.5,0.5,1.0,0.2,0.0,1.0,1.0,1.0,0.25,1.0
0.5,0.5,0.5,0.5,0.5,0.5,0.2,0.6,0.03333,0.0,0.5,0.0,0.0,0.2,0.0,0.5,0.5,0.5,0.5,0.5,0.5,0.5,0.5,0.0,0.0,0.75,1.0,1.0,1.0,0.0,0.0,0.5,0.5,0.0,1.0,1.0,0.5,0.5,0.5,1.0,1.0,0.5,0.5,0.5,0.5,0.5,1.0,0.5,0.5,0.5,0.5,1.0,0.2,0.0,1.0,1.0,1.0,0.5,0.5
1.0,1.0,1.0,1.0,0.9,0.8,0.5887,1.0,0.5,0.0,0.5,0.0,0.0,0.32,0.24,0.0,0.98497,0.8,0.8,0.9,0.8,0.8,1.0,0.9118,1.0,0.0,1.0,1.0,1.0,0.0,0.88352,0.75,0.5,0.0,1.0,1.0,0.5,0.5,0.5,1.0,1.0,0.5,0.5,0.5,0.0,0.0,1.0,1.0,1.0,1.0,0.74583,1.0,0.2,0.0,1.0,0.0,1.0,0.0,1.0
0.5,0.5,0.5,0.5,0.5,0.5,0.23213,1.0,0.26667,0.0,0.5,0.0,0.0,0.6,0.0,0.98419,0.0,1.0,1.0,1.0,1.0,0.5,1.0,0.74065,1.0,0.0,1.0,1.0,1.0,1.0,1.0,1.0,0.5,0.0,1.0,1.0,0.5,0.5,0.5,1.0,1.0,0.5,0.5,0.5,0.0,0.0,1.0,1.0,1.0,0.5,0.5,1.0,0.2,0.0,1.0,1.0,1.0,1.0,0.5
0.0,0.0,0.0,0.0,1.0,0.2,0.12502,0.2,0.53333,0.0,0.5,0.0,0.0,0.44,0.0,0.96559,0.0,1.0,1.0,1.0,1.0,0.8,1.0,0.90565,1.0,0.25,0.60942,0.46538,0.0,0.0,0.90381,1.0,1.0,0.0,1.0,1.0,0.5,0.5,0.5,1.0,1.0,0.5,0.5,0.5,0.0,0.0,1.0,1.0,1.0,0.5,0.5,1.0,0.2,0.0,1.0,1.0,1.0,0.0,1.0
1.0,1.0,1.0,1.0,0.2,0.2,0.14927,0.2,0.6,0.0,0.5,0.0,0.0,0.44,0.0,0.96543,0.0,0.9,1.0,1.0,1.0,0.9,0.0,0.31099,0.44428,0.0,0.76474,0.6191,0.0,0.0,0.90661,0.75,0.75,0.0,1.0,1.0,0.5,0.5,0.5,1.0,1.0,0.5,0.5,0.5,0.0,0.0,1.0,1.0,1.0,0.5,0.5,1.0,0.2,0.0,1.0,1.0,1.0,0.0,1.0
0.0,0.0,1.0,1.0,0.2,0.2,0.15054,0.2,0.66667,0.0,0.5,0.0,0.0,0.28,0.0,0.96322,0.0,1.0,1.0,1.0,1.0,1.0,0.0,0.31036,0.44338,0.0,0.77206,0.62874,0.0,0.0,0.91036,0.75,1.0,0.0,1.0,1.0,0.5,0.5,0.5,1.0,1.0,0.5,0.5,0.5,0.0,0.0,1.0,1.0,1.0,0.5,0.5,1.0,0.2,0.0,1.0,1.0,1.0,0.0,1.0
0.0,0.0,1.0,1.0,0.2,0.2,0.15066,0.2,0.76667,0.0,0.5,0.0,0.0,0.2,0.0,0.96595,0.0,1.0,1.0,1.0,1.0,0.9,0.0,0.04632,0.06618,0.0,1.0,1.0,1.0,0.0,1.0,1.0,0.75,0.0,1.0,1.0,0.5,0.5,0.5,1.0,1.0,0.5,0.5,0.5,0.0,0.0,1.0,1.0,1.0,0.5,0.5,1.0,0.2,1.0,1.0,1.0,1.0,1.0,1.0
0.0,0.5,1.0,0.5,0.2,0.5,0.15066,0.2,0.8,0.0,0.5,0.0,1.0,0.2,0.0,0.97042,0.0,1.0,1.0,1.0,1.0,1.0,1.0,0.04633,0.06618,0.0,1.0,1.0,1.0,0.0,1.0,1.0,1.0,0.0,1.0,1.0,0.5,0.5,0.5,1.0,1.0,0.5,0.5,0.5,0.0,0.0,1.0,1.0,1.0,0.5,0.5,1.0,0.2,1.0,1.0,1.0,1.0,1.0,1.0
0.0,0.5,1.0,0.5,0.2,0.5,0.15066,0.2,0.83333,0.0,0.5,0.0,1.0,0.2,0.0,0.97515,0.0,1.0,1.0,1.0,1.0,1.0,1.0,0.04633,0.06618,0.0,1.0,1.0,1.0,0.0,1.0,1.0,1.0,0.0,1.0,1.0,0.5,0.5,0.5,1.0,1.0,0.5,0.5,0.5,0.0,0.0,1.0,1.0,1.0,0.5,0.5,1.0,0.2,1.0,1.0,1.0,1.0,1.0,1.0
0.0,0.5,1.0,0.5,0.2,0.5,0.15066,0.2,0.86667,0.0,0.5,0.0,1.0,0.2,0.0,0.9797,0.0,1.0,1.0,1.0,1.0,1.0,1.0,0.04633,0.06618,0.0,1.0,1.0,1.0,0.0,1.0,1.0,1.0,0.0,1.0,1.0,0.5,0.5,0.5,1.0,1.0,0.5,0.5,0.5,0.0,0.0,1.0,1.0,1.0,0.5,0.5,1.0,0.2,1.0,1.0,1.0,1.0,1.0,1.0
0.0,0.5,1.0,0.5,0.2,0.5,0.15066,0.2,0.9,0.0,0.5,0.0,1.0,0.2,0.0,0.98371,0.0,1.0,1.0,1.0,1.0,1.0,1.0,0.04633,0.06618,0.0,1.0,1.0,1.0,0.0,1.0,1.0,1.0,0.0,1.0,1.0,0.5,0.5,0.5,1.0,1.0,0.5,0.5,0.5,0.0,0.0,1.0,1.0,1.0,0.5,0.5,1.0,0.2,1.0,1.0,1.0,1.0,1.0,1.0
0.0,0.5,1.0,0.5,0.2,0.5,0.15066,0.2,0.93333,0.0,0.5,0.0,1.0,0.2,0.0,0.98691,0.0,1.0,1.0,1.0,1.0,1.0,1.0,0.04633,0.06618,0.0,1.0,1.0,1.0,0.0,1.0,1.0,1.0,0.0,1.0,1.0,0.5,0.5,0.5,1.0,1.0,0.5,0.5,0.5,0.0,0.0,1.0,1.0,1.0,0.5,0.5,1.0,0.2,1.0,1.0,1.0,1.0,1.0,1.0
0.0,0.5,1.0,0.5,0.2,0.5,0.15066,0.2,0.96667,0.0,0.5,0.0,1.0,0.2,0.0,0.98947,0.0,1.0,1.0,1.0,1.0,1.0,1.0,0.04633,0.06618,0.0,1.0,1.0,1.0,0.0,1.0,1.0,1.0,0.0,1.0,1.0,0.5,0.5,0.5,1.0,1.0,0.5,0.5,0.5,0.0,0.0,1.0,1.0,1.0,0.5,0.5,1.0,0.2,1.0,1.0,1.0,1.0,1.0,1.0
0.0,0.5,1.0,0.5,0.2,0.5,0.15066,0.2,1.0,0.0,0.5,0.0,1.0,0.2,0.0,0.99152,0.0,1.0,1.0,1.0,1.0,1.0,1.0,0.04633,0.06618,0.0,1.0,1.0,1.0,0.0,1.0,1.0,1.0,0.0,1.0,1.0,0.5,0.5,0.5,1.0,1.0,0.5,0.5,0.5,0.0,0.0,1.0,1.0,1.0,0.5,0.5,1.0,0.2,1.0,1.0,1.0,1.0,1.0,1.0
0.0,1.0,1.0,1.0,0.2,0.2,0.17818,0.2,0.0,0.83333,0.5,0.0,0.0,0.2,0.0,0.9915,0.0,1.0,1.0,1.0,1.0,1.0,1.0,0.0648,0.09256,0.0,1.0,1.0,1.0,0.0,1.0,1.0,1.0,0.0,1.0,1.0,0.5,0.5,0.5,1.0,1.0,0.5,0.5,0.5,0.0,0.0,1.0,1.0,1.0,0.5,0.5,1.0,0.2,1.0,1.0,1.0,1.0,1.0,1.0
0.0,0.0,1.0,1.0,0.2,0.2,0.17838,0.2,0.0,0.78947,0.5,0.0,0.0,0.2,0.0,0.99294,0.0,1.0,1.0,1.0,1.0,1.0,1.0,0.06494,0.09277,0.0,1.0,1.0,1.0,0.0,1.0,1.0,1.0,0.0,1.0,1.0,0.5,0.5,0.5,1.0,1.0,0.5,0.5,0.5,0.0,0.0,1.0,1.0,1.0,0.5,0.5,1.0,0.2,1.0,1.0,1.0,1.0,1.0,1.0
0.0,0.0,1.0,1.0,0.2,0.2,0.17841,0.2,0.0,0.75,0.5,0.0,0.0,0.2,0.0,0.99544,0.0,1.0,1.0,1.0,1.0,1.0,1.0,0.06496,0.0928,0.0,1.0,1.0,1.0,0.0,1.0,1.0,1.0,0.0,1.0,1.0,0.5,0.5,0.5,1.0,1.0,0.5,0.5,0.5,0.0,0.0,1.0,1.0,1.0,0.5,0.5,1.0,0.2,1.0,1.0,1.0,1.0,1.0,1.0
0.5,0.5,0.5,0.5,0.5,0.5,0.24044,1.0,0.1,0.0,0.5,0.0,0.0,0.48,0.0,0.0,0.95204,0.7,1.0,1.0,1.0,0.5,0.0,0.6896,0.98514,0.0,1.0,1.0,1.0,0.0,0.95805,1.0,0.5,0.0,1.0,1.0,0.5,0.5,0.5,1.0,1.0,0.5,0.5,0.5,0.0,0.0,1.0,1.0,1.0,0.5,0.5,1.0,0.2,0.0,1.0,1.0,1.0,0.0,0.5
1.0,1.0,1.0,0.0,1.0,1.0,0.17792,0.6,0.3,0.0,0.5,0.0,0.0,0.44,0.0,0.0,0.9888,1.0,1.0,1.0,1.0,1.0,1.0,0.90324,1.0,0.0,0.80234,0.57354,0.5,0.0,0.94715,1.0,1.0,0.0,1.0,1.0,0.5,0.5,0.5,1.0,1.0,0.5,0.5,0.5,0.0,0.0,1.0,1.0,1.0,0.5,0.5,1.0,0.2,0.0,1.0,1.0,1.0,1.0,1.0
1.0,1.0,1.0,1.0,0.8,0.8,0.16658,0.6,0.4,0.0,0.5,0.0,0.0,0.44,0.0,0.0,0.99591,1.0,1.0,1.0,1.0,1.0,1.0,0.9666,1.0,0.0,0.72613,0.46387,0.5,0.0,0.91508,0.75,1.0,0.0,1.0,1.0,0.5,0.5,0.5,1.0,1.0,0.5,0.5,0.5,0.0,0.0,1.0,1.0,1.0,0.5,0.5,1.0,0.2,0.0,1.0,1.0,1.0,1.0,1.0
1.0,1.0,1.0,1.0,0.8,0.8,0.20672,0.8,0.46667,0.0,0.5,0.0,0.0,0.44,0.0,0.0,0.99796,0.8,0.8,1.0,1.0,0.8,1.0,0.99983,1.0,0.25,0.88576,0.58474,0.5,0.0,0.90523,0.75,1.0,0.0,1.0,1.0,0.5,0.5,0.5,1.0,1.0,0.5,0.5,0.5,0.0,0.0,1.0,1.0,1.0,0.5,0.5,1.0,0.2,0.0,1.0,1.0,1.0,0.5,1.0
0.5,0.5,0.5,0.5,0.5,0.5,0.08638,0.1,0.26667,0.0,1.0,0.0,0.0,0.3,0.0,0.9565,0.0,0.93333,0.97778,1.0,1.0,0.5,0.0,0.71189,1.0,0.11111,0.8117,0.67513,0.0,0.0,0.86237,0.88889,0.5,0.0,1.0,1.0,0.5,0.5,0.5,1.0,1.0,0.5,0.5,0.5,0.0,0.0,1.0,1.0,1.0,0.5,0.5,1.0,0.1,0.0,1.0,1.0,1.0,0.66667,0.5
1.0,1.0,1.0,1.0,0.6,0.7,0.08723,0.1,0.36667,0.0,1.0,0.0,0.0,0.27,0.0,0.97724,0.0,0.97778,1.0,1.0,1.0,0.97778,1.0,0.71516,1.0,0.11111,0.80992,0.65961,0.0,0.0,0.85352,0.88889,1.0,0.0,1.0,1.0,0.5,0.5,0.5,1.0,1.0,0.5,0.5,0.5,0.0,0.0,1.0,1.0,1.0,0.5,0.5,1.0,0.1,0.0,1.0,1.0,1.0,0.33333,1.0
1.0,1.0,1.0,1.0,0.7,0.7,0.08378,0.4,0.56667,0.0,1.0,0.0,0.0,0.22,0.0,0.99369,0.0,0.97778,1.0,1.0,1.0,0.97778,1.0,0.73649,1.0,0.11111,0.72879,0.55337,0.0,0.0,0.84709,0.88889,1.0,0.0,1.0,1.0,0.5,0.5,0.5,1.0,1.0,0.5,0.5,0.5,0.0,0.0,1.0,1.0,1.0,0.5,0.5,1.0,0.1,0.0,1.0,1.0,1.0,0.33333,1.0
1.0,1.0,1.0,1.0,0.6,0.6,0.10406,0.6,0.66667,0.0,1.0,0.0,0.0,0.25,0.0,0.0,0.99676,0.97778,1.0,1.0,1.0,0.97778,1.0,0.74659,1.0,0.11111,0.88426,0.71573,0.33333,0.0,0.85033,0.88889,1.0,0.0,1.0,1.0,0.5,0.5,0.5,1.0,1.0,0.5,0.5,0.5,0.0,0.0,1.0,1.0,1.0,0.5,0.5,1.0,0.1,0.0,1.0,1.0,1.0,0.66667,1.0
0.5,0.5,0.5,0.5,0.5,0.5,0.01528,0.1,0.66667,0.0,1.0,0.0,0.0,0.74,0.03,0.99675,0.0,1.0,1.0,1.0,1.0,0.5,1.0,0.5767,0.82386,0.11111,0.25453,0.14582,0.0,0.0,0.92947,1.0,0.5,0.0,1.0,1.0,0.5,0.5,0.5,1.0,1.0,0.5,0.5,0.5,0.0,0.0,1.0,1.0,1.0,0.04253,0.27476,1.0,0.1,0.0,1.0,0.0,1.0,0.0,0.5
0.5,0.5,0.5,0.5,0.5,0.5,0.06303,0.1,0.16667,0.0,1.0,0.0,0.0,0.11,0.0,0.98246,0.0,1.0,1.0,1.0,1.0,0.5,1.0,0.08167,0.11667,0.0,0.63012,0.45999,0.0,0.0,0.5,1.0,0.5,0.0,1.0,1.0,0.5,0.5,0.5,1.0,1.0,0.5,0.5,0.5,0.0,0.0,1.0,1.0,1.0,0.5,0.5,1.0,0.1,0.0,1.0,1.0,1.0,1.0,0.5
0.0,0.0,0.0,0.0,0.1,0.1,0.06136,0.1,0.9,0.0,1.0,0.0,0.0,0.1,0.0,0.99968,0.0,1.0,1.0,1.0,1.0,0.97778,0.0,0.00768,0.01098,0.0,1.0,1.0,1.0,0.0,1.0,1.0,0.88889,0.0,1.0,1.0,0.5,0.5,0.5,1.0,1.0,0.5,0.5,0.5,0.0,0.0,1.0,1.0,1.0,0.5,0.5,1.0,0.1,1.0,1.0,1.0,1.0,0.0,1.0
0.0,0.0,0.0,0.0,0.1,0.1,0.06136,0.1,0.96667,0.0,1.0,0.0,0.0,0.1,0.0,0.99979,0.0,1.0,1.0,1.0,1.0,1.0,0.0,0.00768,0.01098,0.0,1.0,1.0,1.0,0.0,1.0,1.0,1.0,0.0,1.0,1.0,0.5,0.5,0.5,1.0,1.0,0.5,0.5,0.5,0.0,0.0,1.0,1.0,1.0,0.5,0.5,1.0,0.1,1.0,1.0,1.0,1.0,0.0,1.0
0.5,0.5,0.5,0.5,0.5,0.5,0.09802,0.5,0.1,0.0,1.0,0.0,0.0,0.51,0.0,0.96619,0.0,0.73333,0.73333,1.0,1.0,0.5,0.0,0.6104,0.87201,0.11111,1.0,1.0,1.0,0.0,0.85685,1.0,0.5,0.0,1.0,1.0,0.5,0.5,0.5,1.0,1.0,0.5,0.5,0.5,0.0,0.0,1.0,1.0,1.0,0.5,0.5,1.0,0.1,0.0,1.0,1.0,1.0,0.0,0.5
1.0,1.0,1.0,1.0,1.0,0.9,0.13478,0.9,0.26667,0.0,1.0,0.0,0.0,0.31,0.08,0.0,0.91439,0.75556,0.97778,1.0,1.0,0.88889,0.0,0.65164,0.93091,0.11111,1.0,1.0,1.0,1.0,1.0,1.0,0.77778,0.0,1.0,1.0,0.5,0.5,0.5,1.0,1.0,0.5,0.5,0.5,0.0,0.0,1.0,1.0,1.0,0.44938,0.37587,1.0,0.1,0.0,1.0,0.0,1.0,1.0,1.0
0.5,0.5,0.5,0.5,0.5,0.5,0.07846,0.3,0.7,0.0,1.0,0.0,0.0,0.17,0.0,0.99144,0.0,0.93333,1.0,1.0,1.0,0.5,1.0,0.71107,1.0,0.11111,0.73497,0.47478,0.0,0.0,0.91123,1.0,0.5,0.0,1.0,1.0,0.5,0.5,0.5,1.0,1.0,0.5,0.5,0.5,0.0,0.0,1.0,1.0,1.0,0.5,0.5,1.0,0.1,0.0,1.0,1.0,1.0,0.33333,0.5
1.0,1.0,1.0,1.0,0.5,0.6,0.08744,0.6,0.76667,0.0,1.0,0.0,0.0,0.18,0.0,0.97903,0.0,1.0,1.0,1.0,1.0,1.0,0.0,0.68729,0.98184,0.11111,0.87272,0.57537,0.66667,0.0,0.93387,1.0,0.77778,0.0,1.0,1.0,0.5,0.5,0.5,1.0,1.0,0.5,0.5,0.5,0.0,0.0,1.0,1.0,1.0,0.5,0.5,1.0,0.1,0.0,1.0,1.0,1.0,0.0,1.0
0.5,0.5,0.5,0.5,0.5,0.5,0.11842,1.0,0.1,0.0,1.0,0.0,0.0,0.42,0.01,0.36527,0.0,0.53333,0.93333,0.66667,1.0,0.5,0.0,0.59118,0.84454,0.11111,1.0,1.0,1.0,0.0,1.0,1.0,0.5,0.0,1.0,1.0,0.5,0.5,0.5,1.0,1.0,0.5,0.5,0.5,0.0,0.0,1.0,1.0,1.0,1.0,1.0,1.0,0.1,0.0,1.0,0.0,1.0,0.0,0.5
1.0,1.0,1.0,1.0,1.0,1.0,0.12819,1.0,0.16667,0.0,1.0,0.0,0.0,0.34,0.05,0.86566,0.0,0.55556,1.0,0.62222,0.6,0.62222,0.0,0.70722,1.0,0.11111,1.0,1.0,1.0,0.0,1.0,0.55556,0.77778,0.0,1.0,1.0,0.5,0.5,0.5,1.0,1.0,0.5,0.5,0.5,0.0,0.0,1.0,1.0,1.0,1.0,1.0,1.0,0.1,0.0,1.0,0.0,1.0,0.0,1.0
1.0,1.0,1.0,1.0,1.0,1.0,0.12267,0.8,0.26667,0.0,1.0,0.0,0.0,0.34,0.05,0.0,0.99841,0.82222,0.82222,0.71111,0.71111,0.82222,1.0,0.72514,1.0,0.11111,1.0,0.98341,0.66667,0.0,0.97018,0.77778,1.0,0.0,1.0,1.0,0.5,0.5,0.5,1.0,1.0,0.5,0.5,0.5,0.0,0.0,1.0,1.0,1.0,1.0,1.0,1.0,0.1,0.0,1.0,0.0,1.0,0.33333,1.0
0.0,0.0,0.0,0.0,0.8,0.6,0.10074,0.6,0.33333,0.0,1.0,0.0,0.0,0.36,0.05,0.99538,0.0,1.0,1.0,0.71111,0.71111,1.0,1.0,0.90857,1.0,0.22222,0.82026,0.73725,0.0,0.0,0.98984,0.44444,0.88889,0.0,1.0,1.0,0.5,1.0,0.5,1.0,1.0,0.5,0.5,0.5,0.0,0.0,1.0,1.0,1.0,1.0,1.0,1.0,0.1,0.0,1.0,0.0,1.0,0.25,1.0
0.0,0.0,0.0,0.0,0.5,0.3,0.01423,0.1,0.5,0.0,1.0,0.0,0.0,0.26,0.07,0.99505,0.0,0.77778,1.0,0.82222,0.93333,0.77778,1.0,0.77825,1.0,0.22222,0.1594,0.09054,0.0,0.0,0.94558,0.66667,0.77778,0.0,0.8,0.84495,0.47529,1.0,0.47529,0.8,0.66667,0.5,0.5,0.5,0.0,0.0,1.0,1.0,1.0,1.0,1.0,1.0,0.1,0.0,1.0,0.0,1.0,0.0,1.0
0.5,0.5,0.5,0.5,0.5,0.5,0.10518,0.7,0.16667,0.0,1.0,0.0,0.0,0.71,0.0,0.90997,0.0,1.0,1.0,1.0,1.0,0.5,1.0,0.70021,1.0,0.0,1.0,0.94943,0.57143,0.0,0.9797,1.0,0.5,0.0,1.0,1.0,0.5,0.5,0.5,1.0,1.0,0.5,0.5,0.5,0.0,0.0,1.0,1.0,1.0,0.5,0.5,1.0,0.1,0.0,1.0,1.0,1.0,1.0,0.5
1.0,1.0,1.0,0.0,1.0,0.5,0.03216,0.1,0.0,0.83333,1.0,0.0,0.0,0.55,0.0,0.0,0.99311,1.0,1.0,1.0,1.0,1.0,0.0,0.55866,0.79809,0.0,0.29339,0.21644,0.0,0.0,0.99647,1.0,1.0,0.0,1.0,1.0,0.5,0.5,0.5,1.0,1.0,0.5,0.5,0.5,0.0,0.0,1.0,1.0,1.0,0.5,0.5,1.0,0.1,0.0,1.0,1.0,1.0,0.71429,1.0
0.5,0.5,0.5,0.5,0.5,0.5,0.11561,0.7,0.33333,0.0,1.0,0.0,0.0,0.36,0.03,0.94454,0.0,1.0,1.0,1.0,1.0,0.5,0.0,0.80445,1.0,0.22222,1.0,0.89644,0.75,0.0,0.92845,0.77778,0.5,0.0,1.0,1.0,0.5,0.5,0.5,1.0,1.0,0.5,0.5,0.5,0.0,0.0,1.0,1.0,1.0,0.5,0.5,1.0,0.1,0.0,1.0,1.0,1.0,0.0,0.5
0.5,0.5,0.5,0.5,0.5,0.5,0.12923,0.8,0.6,0.0,1.0,0.0,0.0,0.2,0.03,0.88869,0.0,0.91111,0.97778,0.93333,0.91111,0.5,0.0,0.94271,1.0,0.11111,0.9856,0.71151,0.5,0.0,0.91016,0.44444,0.5,0.0,1.0,1.0,0.5,0.5,0.5,1.0,1.0,0.5,0.5,0.5,0.0,0.0,1.0,1.0,1.0,0.5,0.5,1.0,0.1,0.0,1.0,1.0,1.0,0.25,0.5
1.0,1.0,1.0,1.0,0.8,0.8,0.10347,0.6,0.76667,0.0,1.0,0.0,0.0,0.16,0.04,0.0,0.99168,0.91111,1.0,0.82222,1.0,1.0,1.0,0.87333,1.0,0.11111,0.86519,0.53932,0.5,0.0,0.93023,0.77778,0.77778,0.0,1.0,1.0,0.5,0.5,0.5,1.0,1.0,0.5,0.5,0.5,0.0,0.0,1.0,1.0,1.0,1.0,0.15797,1.0,0.1,0.0,1.0,0.0,1.0,0.0,1.0
0.0,0.0,0.0,0.0,0.6,0.6,0.09338,0.5,0.86667,0.0,1.0,0.0,0.0,0.12,0.04,0.99159,0.0,0.97778,1.0,0.84444,1.0,0.97778,1.0,0.96873,1.0,0.22222,0.83071,0.49446,0.4,0.0,0.92969,0.88889,0.88889,0.0,1.0,1.0,0.5,0.5,0.5,1.0,1.0,0.5,0.5,0.5,0.0,0.0,1.0,1.0,1.0,1.0,0.15797,1.0,0.1,0.0,1.0,0.0,1.0,0.2,1.0
0.0,0.0,0.0,0.0,0.5,0.4,0.07285,0.3,0.96667,0.0,1.0,0.0,0.0,0.12,0.04,0.99813,0.0,1.0,0.97778,0.84444,1.0,0.97778,1.0,0.84712,1.0,0.11111,0.63627,0.39091,0.0,0.0,0.92714,0.44444,0.88889,0.0,1.0,1.0,0.5,0.5,0.5,1.0,1.0,0.5,0.5,0.5,0.0,0.0,1.0,1.0,1.0,1.0,0.15797,1.0,0.1,0.0,1.0,0.0,1.0,0.25,1.0
0.0,0.0,0.0,0.0,0.3,0.2,0.06275,0.2,0.0,0.96774,1.0,0.0,0.0,0.11,0.04,0.99077,0.0,1.0,1.0,0.88889,0.93333,1.0,1.0,0.86377,1.0,0.11111,0.53528,0.33864,0.0,0.0,0.91566,0.88889,0.77778,0.0,1.0,1.0,0.5,0.5,0.5,1.0,1.0,0.5,0.5,0.5,0.0,0.0,1.0,1.0,1.0,1.0,0.15797,1.0,0.1,0.0,1.0,0.0,1.0,0.25,1.0
0.0,0.0,0.0,0.0,0.2,0.2,0.06386,0.3,0.0,0.75,1.0,0.0,0.0,0.13,0.01,0.97785,0.0,0.91111,0.91111,0.93333,0.91111,0.82222,0.0,0.58883,0.84118,0.33333,0.74161,0.60141,0.0,0.0,0.97772,0.66667,0.33333,0.0,1.0,1.0,0.5,0.5,0.5,1.0,1.0,0.5,0.5,0.5,0.0,0.0,1.0,1.0,1.0,1.0,0.15797,1.0,0.1,0.0,1.0,0.0,1.0,0.0,1.0
0.5,0.5,0.5,0.5,0.5,0.5,0.14474,1.0,0.1,0.0,1.0,0.0,0.0,0.27,0.02,0.38102,0.0,0.71111,0.82222,0.93333,1.0,0.5,0.0,0.65085,0.92979,0.33333,1.0,1.0,1.0,0.0,0.97996,0.66667,0.5,0.0,1.0,1.0,0.5,0.5,0.5,1.0,1.0,0.5,0.5,0.5,0.0,0.0,1.0,1.0,1.0,1.0,1.0,1.0,0.1,0.0,1.0,0.0,1.0,0.0,0.5
1.0,0.5,1.0,0.5,1.0,0.5,0.16554,1.0,0.13333,0.0,1.0,0.0,1.0,0.25,0.02,0.71846,0.0,1.0,1.0,1.0,1.0,1.0,1.0,0.76963,1.0,0.22222,1.0,1.0,1.0,0.0,1.0,1.0,0.88889,0.0,1.0,1.0,0.5,0.5,0.5,1.0,1.0,0.5,0.5,0.5,0.0,0.0,1.0,1.0,1.0,1.0,1.0,1.0,0.1,0.0,1.0,0.0,1.0,0.0,1.0
1.0,0.0,1.0,0.0,1.0,1.0,0.07465,0.3,0.33333,0.0,1.0,0.0,0.0,0.25,0.09,0.0,0.99291,1.0,0.91111,1.0,1.0,1.0,1.0,0.75423,1.0,0.55556,0.93869,0.84383,0.25,0.0,0.96499,0.33333,0.22222,0.0,0.9,0.92805,1.0,0.5,1.0,0.8,1.0,0.5,0.5,0.5,0.0,0.44797,1.0,1.0,1.0,1.0,1.0,1.0,0.1,0.0,1.0,0.0,1.0,0.75,1.0
0.5,0.5,0.5,0.5,0.5,0.5,0.05726,0.06667,0.1,0.0,0.0,0.66667,0.0,0.84444,0.0,0.0,1.0,1.0,1.0,1.0,1.0,0.5,1.0,0.73405,1.0,0.07143,0.85565,0.78688,0.0,0.0,0.9576,0.85714,0.5,0.0,1.0,1.0,0.5,0.5,0.5,1.0,1.0,0.5,0.5,0.5,0.0,0.0,1.0,1.0,1.0,0.5,0.5,1.0,0.06667,0.0,1.0,1.0,1.0,0.30769,0.5
0.5,0.5,0.5,0.5,0.5,0.5,0.04381,0.06667,0.13333,0.0,0.0,0.66667,0.0,0.08,0.0,0.0,0.99758,0.98095,0.95238,1.0,1.0,0.5,0.0,0.57551,0.82216,0.07143,0.68234,0.57595,0.0,0.0,0.44444,0.85714,0.5,0.0,1.0,1.0,0.5,0.5,0.5,1.0,1.0,0.5,0.5,0.5,0.0,0.0,1.0,1.0,1.0,0.5,0.5,1.0,0.06667,0.0,1.0,1.0,1.0,1.0,0.5
0.0,0.0,0.0,0.0,0.06667,0.06667,0.04331,0.06667,0.23333,0.0,0.0,0.66667,0.0,0.08,0.0,0.98785,0.0,0.99048,0.99048,1.0,1.0,0.99048,0.0,0.00383,0.00547,0.0,1.0,1.0,1.0,0.0,1.0,1.0,0.85714,0.0,1.0,1.0,0.5,0.5,0.5,1.0,1.0,0.5,0.5,0.5,0.0,0.0,1.0,1.0,1.0,0.5,0.5,1.0,0.06667,1.0,1.0,1.0,1.0,1.0,1.0
0.0,0.5,0.0,0.5,0.06667,0.5,0.04331,0.06667,0.26667,0.0,0.0,0.66667,1.0,0.06667,0.0,0.9891,0.0,1.0,0.99048,1.0,1.0,1.0,0.0,0.00383,0.00547,0.0,1.0,1.0,1.0,0.0,1.0,1.0,1.0,0.0,1.0,1.0,0.5,0.5,0.5,1.0,1.0,0.5,0.5,0.5,0.0,0.0,1.0,1.0,1.0,0.5,0.5,1.0,0.06667,1.0,1.0,1.0,1.0,1.0,1.0
0.0,0.5,0.0,0.5,0.06667,0.5,0.04331,0.06667,0.3,0.0,0.0,0.66667,1.0,0.06667,0.0,0.99049,0.0,1.0,0.99048,1.0,1.0,1.0,0.0,0.00383,0.00547,0.0,1.0,1.0,1.0,0.0,1.0,1.0,1.0,0.0,1.0,1.0,0.5,0.5,0.5,1.0,1.0,0.5,0.5,0.5,0.0,0.0,1.0,1.0,1.0,0.5,0.5,1.0,0.06667,1.0,1.0,1.0,1.0,1.0,1.0
0.0,0.5,0.0,0.5,0.06667,0.5,0.04331,0.06667,0.33333,0.0,0.0,0.66667,1.0,0.06667,0.0,0.99254,0.0,1.0,1.0,1.0,1.0,1.0,0.0,0.00383,0.00547,0.0,1.0,1.0,1.0,0.0,1.0,1.0,1.0,0.0,1.0,1.0,0.5,0.5,0.5,1.0,1.0,0.5,0.5,0.5,0.0,0.0,1.0,1.0,1.0,0.5,0.5,1.0,0.06667,1.0,1.0,1.0,1.0,1.0,1.0
0.0,0.5,0.0,0.5,0.06667,0.5,0.04331,0.06667,0.36667,0.0,0.0,0.66667,1.0,0.06667,0.0,0.9938,0.0,1.0,1.0,1.0,1.0,1.0,0.0,0.00383,0.00547,0.0,1.0,1.0,1.0,0.0,1.0,1.0,1.0,0.0,1.0,1.0,0.5,0.5,0.5,1.0,1.0,0.5,0.5,0.5,0.0,0.0,1.0,1.0,1.0,0.5,0.5,1.0,0.06667,1.0,1.0,1.0,1.0,1.0,1.0
0.0,0.5,0.0,0.5,0.06667,0.5,0.04331,0.06667,0.4,0.0,0.0,0.66667,1.0,0.06667,0.0,0.995,0.0,1.0,1.0,1.0,1.0,1.0,0.0,0.00383,0.00547,0.0,1.0,1.0,1.0,0.0,1.0,1.0,1.0,0.0,1.0,1.0,0.5,0.5,0.5,1.0,1.0,0.5,0.5,0.5,0.0,0.0,1.0,1.0,1.0,0.5,0.5,1.0,0.06667,1.0,1.0,1.0,1.0,1.0,1.0
0.0,0.5,0.0,0.5,0.06667,0.5,0.04331,0.06667,0.43333,0.0,0.0,0.66667,1.0,0.06667,0.0,0.99599,0.0,1.0,1.0,1.0,1.0,1.0,0.0,0.00383,0.00547,0.0,1.0,1.0,1.0,0.0,1.0,1.0,1.0,0.0,1.0,1.0,0.5,0.5,0.5,1.0,1.0,0.5,0.5,0.5,0.0,0.0,1.0,1.0,1.0,0.5,0.5,1.0,0.06667,1.0,1.0,1.0,1.0,1.0,1.0
0.0,0.5,0.0,0.5,0.06667,0.5,0.04331,0.06667,0.46667,0.0,0.0,0.66667,1.0,0.06667,0.0,0.99681,0.0,1.0,1.0,1.0,1.0,1.0,0.0,0.00383,0.00547,0.0,1.0,1.0,1.0,0.0,1.0,1.0,1.0,0.0,1.0,1.0,0.5,0.5,0.5,1.0,1.0,0.5,0.5,0.5,0.0,0.0,1.0,1.0,1.0,0.5,0.5,1.0,0.06667,1.0,1.0,1.0,1.0,1.0,1.0
0.0,0.5,0.0,0.5,0.06667,0.5,0.04331,0.06667,0.5,0.0,0.0,0.66667,1.0,0.06667,0.0,0.99749,0.0,1.0,1.0,1.0,1.0,1.0,0.0,0.00383,0.00547,0.0,1.0,1.0,1.0,0.0,1.0,1.0,1.0,0.0,1.0,1.0,0.5,0.5,0.5,1.0,1.0,0.5,0.5,0.5,0.0,0.0,1.0,1.0,1.0,0.5,0.5,1.0,0.06667,1.0,1.0,1.0,1.0,1.0,1.0
0.0,0.5,0.0,0.5,0.06667,0.5,0.04331,0.06667,0.53333,0.0,0.0,0.66667,1.0,0.06667,0.0,0.99803,0.0,1.0,1.0,1.0,1.0,1.0,0.0,0.00383,0.00547,0.0,1.0,1.0,1.0,0.0,1.0,1.0,1.0,0.0,1.0,1.0,0.5,0.5,0.5,1.0,1.0,0.5,0.5,0.5,0.0,0.0,1.0,1.0,1.0,0.5,0.5,1.0,0.06667,1.0,1.0,1.0,1.0,1.0,1.0
0.0,0.5,0.0,0.5,0.06667,0.5,0.04331,0.06667,0.56667,0.0,0.0,0.66667,1.0,0.06667,0.0,0.99845,0.0,1.0,1.0,1.0,1.0,1.0,0.0,0.00383,0.00547,0.0,1.0,1.0,1.0,0.0,1.0,1.0,1.0,0.0,1.0,1.0,0.5,0.5,0.5,1.0,1.0,0.5,0.5,0.5,0.0,0.0,1.0,1.0,1.0,0.5,0.5,1.0,0.06667,1.0,1.0,1.0,1.0,1.0,1.0
0.0,0.5,0.0,0.5,0.06667,0.5,0.04331,0.06667,0.6,0.0,0.0,0.66667,1.0,0.06667,0.0,0.99877,0.0,1.0,1.0,1.0,1.0,1.0,0.0,0.00383,0.00547,0.0,1.0,1.0,1.0,0.0,1.0,1.0,1.0,0.0,1.0,1.0,0.5,0.5,0.5,1.0,1.0,0.5,0.5,0.5,0.0,0.0,1.0,1.0,1.0,0.5,0.5,1.0,0.06667,1.0,1.0,1.0,1.0,1.0,1.0
0.5,0.5,0.5,0.5,0.5,0.5,0.06191,0.13333,0.1,0.0,0.0,0.66667,0.0,0.25333,0.00444,0.35268,0.0,0.91429,1.0,1.0,1.0,0.5,1.0,0.95668,1.0,0.5,0.9485,0.85934,0.11111,0.0,0.93208,1.0,0.5,0.43333,1.0,1.0,0.5,0.5,0.5,1.0,1.0,0.5,0.5,0.5,1.0,0.0,0.56667,1.0,1.0,0.5,0.5,1.0,0.06667,0.0,1.0,1.0,1.0,0.22222,0.5
1.0,0.5,1.0,0.5,0.93333,0.5,0.07899,0.93333,0.13333,0.0,0.0,0.66667,1.0,0.25333,0.01778,0.76482,0.0,0.79048,0.80952,0.79048,1.0,0.79048,0.0,0.94686,1.0,0.0,1.0,0.95062,0.88889,0.0,0.93743,1.0,1.0,0.46667,1.0,1.0,0.5,0.5,0.5,1.0,1.0,0.59396,0.53372,0.5,0.69847,1.0,0.53333,1.0,1.0,0.59396,0.53372,1.0,0.06667,0.0,1.0,0.0,1.0,0.0,1.0
1.0,1.0,1.0,1.0,1.0,0.93333,0.0828,0.93333,0.2,0.0,0.0,0.66667,0.0,0.24889,0.05333,0.96741,0.0,1.0,0.91429,0.84762,0.84762,0.91429,1.0,0.96846,1.0,0.0,1.0,0.96073,0.875,0.0,0.94425,0.35714,0.92857,0.0,1.0,1.0,0.5,0.5,0.5,1.0,1.0,0.93094,0.58489,1.0,0.0,0.0,1.0,1.0,1.0,0.93094,0.58489,1.0,0.06667,0.0,1.0,0.0,1.0,0.125,1.0
0.5,0.5,0.5,0.5,0.5,0.5,0.03909,0.06667,0.4,0.0,0.0,0.66667,0.0,0.21778,0.0,0.98694,0.0,0.80952,0.92381,1.0,1.0,0.5,0.0,0.77696,1.0,0.07143,0.612,0.44751,0.0,0.0,0.88304,0.92857,0.5,0.0,1.0,1.0,0.5,0.5,0.5,1.0,1.0,0.5,0.5,0.5,0.0,0.0,1.0,1.0,1.0,0.5,0.5,1.0,0.06667,0.0,1.0,1.0,1.0,0.85714,0.5
0.5,0.5,0.5,0.5,0.5,0.5,0.06995,0.66667,0.16667,0.0,0.0,0.66667,0.0,0.15111,0.01778,0.84622,0.0,0.95238,1.0,1.0,1.0,0.5,0.0,0.6887,0.98385,0.07143,1.0,1.0,1.0,0.0,0.93545,1.0,0.5,0.73333,1.0,1.0,0.5,0.5,0.5,1.0,1.0,0.5,0.5,0.5,0.99464,1.0,0.26667,1.0,1.0,0.5,0.5,1.0,0.06667,0.0,1.0,1.0,1.0,0.0,0.5
0.0,0.0,0.0,0.0,0.46667,0.06667,0.02005,0.13333,0.26667,0.0,0.0,0.66667,0.0,0.13778,0.03111,0.98143,0.0,0.9619,1.0,1.0,1.0,0.85714,1.0,0.73206,1.0,0.21429,0.34483,0.2173,0.0,0.0,0.89981,0.71429,0.71429,0.0,0.86667,0.90351,0.72883,0.29608,0.0,1.0,1.0,1.0,1.0,0.41721,0.0,0.11523,1.0,1.0,1.0,0.19947,0.17736,1.0,0.06667,0.0,1.0,0.0,1.0,0.0,1.0
0.5,0.5,0.5,0.5,0.5,0.5,0.04998,0.06667,0.16667,0.0,0.0,0.66667,0.0,0.20444,0.0,0.99476,0.0,0.93333,0.95238,1.0,1.0,0.5,0.0,0.58848,0.84069,0.07143,0.81511,0.67672,0.0,0.0,0.8075,1.0,0.5,0.0,1.0,1.0,0.5,0.5,0.5,1.0,1.0,0.5,0.5,0.5,0.0,0.0,1.0,1.0,1.0,0.5,0.5,1.0,0.06667,0.0,1.0,1.0,1.0,0.66667,0.5
1.0,1.0,1.0,1.0,0.06667,0.13333,0.05333,0.13333,0.23333,0.0,0.0,0.66667,0.0,0.21333,0.0,0.96335,0.0,1.0,1.0,1.0,1.0,1.0,1.0,0.64444,0.92063,0.14286,0.87379,0.76208,0.0,0.0,0.83564,0.78571,0.78571,0.0,1.0,1.0,0.5,0.5,0.5,1.0,1.0,0.5,0.5,0.5,0.0,0.0,1.0,1.0,1.0,0.5,0.5,1.0,0.06667,0.0,1.0,1.0,1.0,0.5,1.0
1.0,0.5,1.0,0.5,0.2,0.5,0.05836,0.2,0.26667,0.0,0.0,0.66667,1.0,0.20889,0.0,0.96734,0.0,1.0,1.0,1.0,1.0,1.0,0.0,0.592,0.84571,0.07143,0.94846,0.89174,0.33333,0.0,0.69075,1.0,0.78571,0.0,1.0,1.0,0.5,0.5,0.5,1.0,1.0,0.5,0.5,0.5,0.0,0.0,1.0,1.0,1.0,0.5,0.5,1.0,0.06667,0.0,1.0,1.0,1.0,0.0,1.0
1.0,0.0,1.0,0.0,0.4,0.06667,0.05435,0.06667,0.33333,0.0,0.0,0.66667,0.0,0.20889,0.0,0.99788,0.0,1.0,1.0,1.0,1.0,1.0,1.0,0.64273,0.91818,0.14286,0.90778,0.83434,0.0,0.0,0.9078,1.0,0.78571,0.0,1.0,1.0,0.5,0.5,0.5,1.0,1.0,0.5,0.5,0.5,0.0,0.0,1.0,1.0,1.0,0.5,0.5,1.0,0.06667,0.0,1.0,1.0,1.0,0.75,1.0
1.0,1.0,1.0,1.0,0.46667,0.53333,0.06279,0.53333,0.4,0.0,0.0,0.66667,0.0,0.20889,0.0,0.0,0.98145,1.0,1.0,1.0,1.0,0.9619,1.0,0.58607,0.83724,0.07143,1.0,0.9405,0.33333,0.0,0.96547,1.0,0.78571,0.0,1.0,1.0,0.5,0.5,0.5,1.0,1.0,0.5,0.5,0.5,0.0,0.0,1.0,1.0,1.0,0.5,0.5,1.0,0.06667,0.0,1.0,1.0,1.0,0.66667,1.0
1.0,1.0,1.0,1.0,0.73333,0.46667,0.06553,0.46667,0.46667,0.0,0.0,0.66667,0.0,0.2,0.0,0.98645,0.0,1.0,1.0,1.0,1.0,0.97143,0.0,0.58603,0.83718,0.07143,1.0,0.92488,0.33333,0.0,0.96288,0.85714,1.0,0.0,1.0,1.0,0.5,0.5,0.5,1.0,1.0,0.5,0.5,0.5,0.0,0.0,1.0,1.0,1.0,0.5,0.5,1.0,0.06667,0.0,1.0,1.0,1.0,0.66667,1.0
1.0,0.5,1.0,0.5,0.8,0.5,0.06918,0.8,0.5,0.0,0.0,0.66667,1.0,0.18222,0.0,0.97866,0.0,1.0,1.0,1.0,1.0,1.0,1.0,0.58767,0.83953,0.07143,1.0,1.0,1.0,0.0,0.97011,1.0,1.0,0.0,1.0,1.0,0.5,0.5,0.5,1.0,1.0,0.5,0.5,0.5,0.0,0.0,1.0,1.0,1.0,0.5,0.5,1.0,0.06667,0.0,1.0,1.0,1.0,0.0,1.0
1.0,0.5,1.0,0.5,0.86667,0.5,0.07172,0.86667,0.53333,0.0,0.0,0.66667,1.0,0.17778,0.0,0.98151,0.0,0.97143,0.97143,1.0,1.0,0.97143,1.0,0.59446,0.84923,0.07143,1.0,1.0,1.0,0.0,0.93552,1.0,0.85714,0.0,1.0,1.0,0.5,0.5,0.5,1.0,1.0,0.5,0.5,0.5,0.0,0.0,1.0,1.0,1.0,0.5,0.5,1.0,0.06667,0.0,1.0,1.0,1.0,0.0,1.0
1.0,0.0,1.0,0.0,0.86667,0.6,0.06119,0.53333,0.66667,0.0,0.0,0.66667,0.0,0.16,0.02222,0.8933,0.0,1.0,0.99048,0.90476,1.0,0.90476,0.0,0.59669,0.85242,0.07143,0.90768,0.76288,0.33333,0.0,0.95011,0.85714,0.85714,0.0,1.0,1.0,0.5,0.5,0.5,1.0,1.0,0.5,0.5,0.5,0.0,0.0,1.0,1.0,1.0,0.5,0.5,1.0,0.06667,0.0,1.0,1.0,1.0,0.33333,1.0
1.0,1.0,1.0,1.0,0.66667,0.46667,0.0617,0.4,0.76667,0.0,0.0,0.66667,0.0,0.18222,0.02222,0.0,0.99756,0.98095,0.97143,0.90476,1.0,0.98095,0.0,0.81644,1.0,0.42857,1.0,0.63716,0.57143,0.0,0.92771,0.64286,0.57143,0.0,1.0,1.0,0.5,0.5,0.5,1.0,1.0,0.5,0.5,0.5,0.0,0.0,1.0,1.0,1.0,0.5,0.5,1.0,0.06667,0.0,1.0,1.0,1.0,0.14286,1.0
1.0,1.0,1.0,1.0,0.33333,0.33333,0.06198,0.33333,0.83333,0.0,0.0,0.66667,0.0,0.19111,0.02222,0.99989,0.0,1.0,0.95238,0.90476,0.94286,1.0,0.0,0.59429,0.84898,0.07143,0.78995,0.66098,0.0,0.0,0.92795,1.0,0.5,0.0,0.86667,0.90562,1.0,1.0,1.0,1.0,1.0,0.5,0.5,0.5,0.0,0.0,1.0,1.0,1.0,0.5,0.5,1.0,0.06667,0.0,1.0,1.0,1.0,1.0,1.0
0.5,0.5,0.5,0.5,0.5,0.5,0.06194,0.33333,0.23333,0.0,0.0,0.66667,0.0,0.62667,0.0,0.91822,0.0,1.0,1.0,1.0,1.0,0.5,0.0,0.81911,1.0,0.0,0.88887,0.75256,0.1,0.0,0.97936,1.0,0.5,0.0,1.0,1.0,0.5,0.5,0.5,1.0,1.0,0.5,0.5,0.5,0.0,0.0,1.0,1.0,1.0,0.5,0.5,1.0,0.06667,0.0,1.0,1.0,1.0,0.8,0.5
1.0,1.0,1.0,1.0,0.4,0.73333,0.02891,0.06667,0.8,0.0,0.0,0.66667,0.0,0.43111,0.00444,0.0,0.99962,1.0,1.0,1.0,1.0,0.86667,0.0,0.97595,1.0,0.0,0.40804,0.33203,0.0,0.0,0.99289,0.92857,0.92857,0.0,1.0,1.0,0.5,0.5,0.5,1.0,1.0,0.5,0.5,0.5,0.0,0.0,1.0,1.0,1.0,0.75702,0.6375,1.0,0.06667,0.0,1.0,0.0,1.0,0.77778,1.0
1.0,1.0,1.0,1.0,0.06667,0.06667,0.02679,0.06667,0.93333,0.0,0.0,0.66667,0.0,0.44444,0.00444,0.0,0.99975,1.0,1.0,1.0,1.0,1.0,1.0,0.98164,1.0,0.0,0.3792,0.30082,0.0,0.0,0.99491,0.92857,1.0,0.0,1.0,1.0,0.5,0.5,0.5,1.0,1.0,0.5,0.5,0.5,0.0,0.0,1.0,1.0,1.0,0.75702,0.6375,1.0,0.06667,0.0,1.0,0.0,1.0,0.77778,1.0
0.5,0.5,0.5,0.5,0.5,0.5,0.07237,0.93333,0.13333,0.0,0.0,0.66667,0.0,0.69333,0.0,1.0,0.0,1.0,1.0,1.0,1.0,0.5,0.0,0.72911,1.0,0.07143,1.0,0.96662,0.92308,0.0,0.97279,0.92857,0.5,0.0,1.0,1.0,0.5,0.5,0.5,1.0,1.0,0.5,0.5,0.5,0.0,0.0,1.0,1.0,1.0,0.5,0.5,1.0,0.06667,0.0,1.0,1.0,1.0,0.69231,0.5
1.0,0.0,1.0,0.0,1.0,0.33333,0.06468,0.33333,0.2,0.0,0.0,0.66667,0.0,0.66667,0.00444,0.34426,0.0,0.68571,0.89524,0.68571,1.0,0.55238,1.0,0.91249,1.0,0.78571,0.95574,0.83048,0.27273,0.0,0.98374,0.28571,0.71429,0.0,1.0,1.0,0.5,0.5,0.5,1.0,1.0,0.5,0.5,0.5,0.0,0.0,1.0,1.0,1.0,0.5,0.5,1.0,0.06667,0.0,1.0,1.0,1.0,0.63636,1.0
0.5,0.5,0.5,0.5,0.5,0.5,0.03652,0.06667,0.16667,0.0,0.0,0.66667,0.0,0.08,0.0,0.99839,0.0,1.0,0.97143,1.0,1.0,0.5,0.0,0.03054,0.04363,0.07143,0.59717,0.42569,0.0,0.0,0.5,1.0,0.5,0.0,1.0,1.0,0.5,0.5,0.5,1.0,1.0,0.5,0.5,0.5,0.0,0.0,1.0,1.0,1.0,0.5,0.5,1.0,0.06667,0.0,1.0,1.0,1.0,1.0,0.5
0.0,0.5,0.0,0.5,0.06667,0.5,0.03603,0.06667,0.2,0.0,0.0,0.66667,1.0,0.08,0.0,0.99317,0.0,0.98095,0.97143,1.0,1.0,0.98095,1.0,0.03086,0.04409,0.0,0.58601,0.41444,0.0,0.0,0.5,1.0,1.0,0.0,1.0,1.0,0.5,0.5,0.5,1.0,1.0,0.5,0.5,0.5,0.0,0.0,1.0,1.0,1.0,0.5,0.5,1.0,0.06667,0.0,1.0,1.0,1.0,0.0,1.0
0.0,0.5,0.0,0.5,0.06667,0.5,0.03596,0.06667,0.23333,0.0,0.0,0.66667,1.0,0.07111,0.0,0.98695,0.0,1.0,0.99048,1.0,1.0,1.0,0.0,0.00264,0.00377,0.07143,1.0,1.0,1.0,1.0,1.0,1.0,0.92857,0.0,1.0,1.0,0.5,0.5,0.5,1.0,1.0,0.5,0.5,0.5,0.0,0.0,1.0,1.0,1.0,0.5,0.5,1.0,0.06667,1.0,1.0,1.0,1.0,1.0,1.0
0.0,0.0,0.0,1.0,0.06667,0.06667,0.038,0.06667,0.36667,0.0,0.0,0.66667,0.0,0.07111,0.0,0.99265,0.0,1.0,0.99048,1.0,1.0,0.99048,1.0,0.00295,0.00421,0.0,1.0,1.0,1.0,0.0,1.0,1.0,1.0,0.0,1.0,1.0,0.5,0.5,0.5,1.0,1.0,0.5,0.5,0.5,0.0,0.0,1.0,1.0,1.0,0.5,0.5,1.0,0.06667,1.0,1.0,1.0,1.0,1.0,1.0
0.0,0.5,1.0,0.5,0.06667,0.5,0.03823,0.06667,0.4,0.0,0.0,0.66667,1.0,0.06667,0.0,0.99405,0.0,1.0,0.99048,1.0,1.0,1.0,1.0,0.00298,0.00426,0.0,1.0,1.0,1.0,0.0,1.0,1.0,1.0,0.0,1.0,1.0,0.5,0.5,0.5,1.0,1.0,0.5,0.5,0.5,0.0,0.0,1.0,1.0,1.0,0.5,0.5,1.0,0.06667,1.0,1.0,1.0,1.0,1.0,1.0
0.0,0.5,1.0,0.5,0.06667,0.5,0.03831,0.06667,0.43333,0.0,0.0,0.66667,1.0,0.06667,0.0,0.99513,0.0,1.0,0.99048,1.0,1.0,1.0,1.0,0.00299,0.00428,0.0,1.0,1.0,1.0,0.0,1.0,1.0,1.0,0.0,1.0,1.0,0.5,0.5,0.5,1.0,1.0,0.5,0.5,0.5,0.0,0.0,1.0,1.0,1.0,0.5,0.5,1.0,0.06667,1.0,1.0,1.0,1.0,1.0,1.0
0.0,0.5,1.0,0.5,0.06667,0.5,0.03833,0.06667,0.46667,0.0,0.0,0.66667,1.0,0.06667,0.0,0.99596,0.0,1.0,1.0,1.0,1.0,1.0,1.0,0.003,0.00428,0.0,1.0,1.0,1.0,0.0,1.0,1.0,1.0,0.0,1.0,1.0,0.5,0.5,0.5,1.0,1.0,0.5,0.5,0.5,0.0,0.0,1.0,1.0,1.0,0.5,0.5,1.0,0.06667,1.0,1.0,1.0,1.0,1.0,1.0
0.0,0.5,1.0,0.5,0.06667,0.5,0.03834,0.06667,0.5,0.0,0.0,0.66667,1.0,0.06667,0.0,0.99617,0.0,1.0,1.0,1.0,1.0,1.0,1.0,0.003,0.00429,0.0,1.0,1.0,1.0,0.0,1.0,1.0,1.0,0.0,1.0,1.0,0.5,0.5,0.5,1.0,1.0,0.5,0.5,0.5,0.0,0.0,1.0,1.0,1.0,0.5,0.5,1.0,0.06667,1.0,1.0,1.0,1.0,1.0,1.0
0.0,0.5,1.0,0.5,0.06667,0.5,0.03834,0.06667,0.53333,0.0,0.0,0.66667,1.0,0.06667,0.0,0.9965,0.0,1.0,1.0,1.0,1.0,1.0,1.0,0.003,0.00429,0.0,1.0,1.0,1.0,0.0,1.0,1.0,1.0,0.0,1.0,1.0,0.5,0.5,0.5,1.0,1.0,0.5,0.5,0.5,0.0,0.0,1.0,1.0,1.0,0.5,0.5,1.0,0.06667,1.0,1.0,1.0,1.0,1.0,1.0
0.0,0.5,1.0,0.5,0.06667,0.5,0.03835,0.06667,0.56667,0.0,0.0,0.66667,1.0,0.06667,0.0,0.997,0.0,1.0,1.0,1.0,1.0,1.0,1.0,0.003,0.00429,0.0,1.0,1.0,1.0,0.0,1.0,1.0,1.0,0.0,1.0,1.0,0.5,0.5,0.5,1.0,1.0,0.5,0.5,0.5,0.0,0.0,1.0,1.0,1.0,0.5,0.5,1.0,0.06667,1.0,1.0,1.0,1.0,1.0,1.0
0.0,0.5,1.0,0.5,0.06667,0.5,0.03835,0.06667,0.6,0.0,0.0,0.66667,1.0,0.06667,0.0,0.9975,0.0,1.0,1.0,1.0,1.0,1.0,1.0,0.003,0.00429,0.0,1.0,1.0,1.0,0.0,1.0,1.0,1.0,0.0,1.0,1.0,0.5,0.5,0.5,1.0,1.0,0.5,0.5,0.5,0.0,0.0,1.0,1.0,1.0,0.5,0.5,1.0,0.06667,1.0,1.0,1.0,1.0,1.0,1.0
0.0,0.5,1.0,0.5,0.06667,0.5,0.03835,0.06667,0.63333,0.0,0.0,0.66667,1.0,0.06667,0.0,0.99797,0.0,1.0,1.0,1.0,1.0,1.0,1.0,0.003,0.00429,0.0,1.0,1.0,1.0,0.0,1.0,1.0,1.0,0.0,1.0,1.0,0.5,0.5,0.5,1.0,1.0,0.5,0.5,0.5,0.0,0.0,1.0,1.0,1.0,0.5,0.5,1.0,0.06667,1.0,1.0,1.0,1.0,1.0,1.0
0.0,0.5,1.0,0.5,0.06667,0.5,0.03835,0.06667,0.66667,0.0,0.0,0.66667,1.0,0.06667,0.0,0.99838,0.0,1.0,1.0,1.0,1.0,1.0,1.0,0.003,0.00429,0.0,1.0,1.0,1.0,0.0,1.0,1.0,1.0,0.0,1.0,1.0,0.5,0.5,0.5,1.0,1.0,0.5,0.5,0.5,0.0,0.0,1.0,1.0,1.0,0.5,0.5,1.0,0.06667,1.0,1.0,1.0,1.0,1.0,1.0
0.0,0.0,1.0,1.0,0.06667,0.06667,0.03835,0.06667,0.73333,0.0,0.0,0.66667,0.0,0.06667,0.0,0.99896,0.0,1.0,1.0,1.0,1.0,1.0,1.0,0.003,0.00429,0.0,1.0,1.0,1.0,0.0,1.0,1.0,1.0,0.0,1.0,1.0,0.5,0.5,0.5,1.0,1.0,0.5,0.5,0.5,0.0,0.0,1.0,1.0,1.0,0.5,0.5,1.0,0.06667,1.0,1.0,1.0,1.0,1.0,1.0
0.0,0.5,1.0,0.5,0.06667,0.5,0.03835,0.06667,0.76667,0.0,0.0,0.66667,1.0,0.06667,0.0,0.99917,0.0,1.0,1.0,1.0,1.0,1.0,1.0,0.003,0.00429,0.0,1.0,1.0,1.0,0.0,1.0,1.0,1.0,0.0,1.0,1.0,0.5,0.5,0.5,1.0,1.0,0.5,0.5,0.5,0.0,0.0,1.0,1.0,1.0,0.5,0.5,1.0,0.06667,1.0,1.0,1.0,1.0,1.0,1.0
0.0,0.5,1.0,0.5,0.06667,0.5,0.03835,0.06667,0.8,0.0,0.0,0.66667,1.0,0.06667,0.0,0.99933,0.0,1.0,1.0,1.0,1.0,1.0,1.0,0.003,0.00429,0.0,1.0,1.0,1.0,0.0,1.0,1.0,1.0,0.0,1.0,1.0,0.5,0.5,0.5,1.0,1.0,0.5,0.5,0.5,0.0,0.0,1.0,1.0,1.0,0.5,0.5,1.0,0.06667,1.0,1.0,1.0,1.0,1.0,1.0
0.0,0.5,1.0,0.5,0.06667,0.5,0.03835,0.06667,0.83333,0.0,0.0,0.66667,1.0,0.06667,0.0,0.99946,0.0,1.0,1.0,1.0,1.0,1.0,1.0,0.003,0.00429,0.0,1.0,1.0,1.0,0.0,1.0,1.0,1.0,0.0,1.0,1.0,0.5,0.5,0.5,1.0,1.0,0.5,0.5,0.5,0.0,0.0,1.0,1.0,1.0,0.5,0.5,1.0,0.06667,1.0,1.0,1.0,1.0,1.0,1.0
0.0,0.5,1.0,0.5,0.06667,0.5,0.03835,0.06667,0.86667,0.0,0.0,0.66667,1.0,0.06667,0.0,0.99957,0.0,1.0,1.0,1.0,1.0,1.0,1.0,0.003,0.00429,0.0,1.0,1.0,1.0,0.0,1.0,1.0,1.0,0.0,1.0,1.0,0.5,0.5,0.5,1.0,1.0,0.5,0.5,0.5,0.0,0.0,1.0,1.0,1.0,0.5,0.5,1.0,0.06667,1.0,1.0,1.0,1.0,1.0,1.0
0.0,0.5,1.0,0.5,0.06667,0.5,0.03835,0.06667,0.9,0.0,0.0,0.66667,1.0,0.06667,0.0,0.99965,0.0,1.0,1.0,1.0,1.0,1.0,1.0,0.003,0.00429,0.0,1.0,1.0,1.0,0.0,1.0,1.0,1.0,0.0,1.0,1.0,0.5,0.5,0.5,1.0,1.0,0.5,0.5,0.5,0.0,0.0,1.0,1.0,1.0,0.5,0.5,1.0,0.06667,1.0,1.0,1.0,1.0,1.0,1.0
0.0,0.5,1.0,0.5,0.06667,0.5,0.03835,0.06667,0.93333,0.0,0.0,0.66667,1.0,0.06667,0.0,0.99972,0.0,1.0,1.0,1.0,1.0,1.0,1.0,0.003,0.00429,0.0,1.0,1.0,1.0,0.0,1.0,1.0,1.0,0.0,1.0,1.0,0.5,0.5,0.5,1.0,1.0,0.5,0.5,0.5,0.0,0.0,1.0,1.0,1.0,0.5,0.5,1.0,0.06667,1.0,1.0,1.0,1.0,1.0,1.0
0.0,0.5,1.0,0.5,0.06667,0.5,0.03835,0.06667,0.96667,0.0,0.0,0.66667,1.0,0.06667,0.0,0.99977,0.0,1.0,1.0,1.0,1.0,1.0,1.0,0.003,0.00429,0.0,1.0,1.0,1.0,0.0,1.0,1.0,1.0,0.0,1.0,1.0,0.5,0.5,0.5,1.0,1.0,0.5,0.5,0.5,0.0,0.0,1.0,1.0,1.0,0.5,0.5,1.0,0.06667,1.0,1.0,1.0,1.0,1.0,1.0
0.0,0.5,1.0,0.5,0.06667,0.5,0.03835,0.06667,1.0,0.0,0.0,0.66667,1.0,0.06667,0.0,0.99982,0.0,1.0,1.0,1.0,1.0,1.0,1.0,0.003,0.00429,0.0,1.0,1.0,1.0,0.0,1.0,1.0,1.0,0.0,1.0,1.0,0.5,0.5,0.5,1.0,1.0,0.5,0.5,0.5,0.0,0.0,1.0,1.0,1.0,0.5,0.5,1.0,0.06667,1.0,1.0,1.0,1.0,1.0,1.0
0.5,0.5,0.5,0.5,0.5,0.5,0.06103,0.2,0.2,0.0,0.0,0.66667,0.0,0.26222,0.03111,0.79516,0.0,0.93333,0.99048,0.93333,0.69524,0.5,0.0,0.6691,0.95585,0.07143,0.9517,0.87392,0.2,0.0,0.89863,0.57143,0.5,0.0,1.0,1.0,0.5,0.5,0.5,1.0,1.0,0.5,0.5,0.5,0.0,0.08501,1.0,1.0,1.0,0.5,0.5,1.0,0.06667,0.0,1.0,1.0,1.0,0.8,0.5
1.0,1.0,1.0,1.0,0.8,0.93333,0.09626,0.86667,0.66667,0.0,0.0,0.66667,0.0,0.25778,0.04,0.0,0.99144,1.0,0.99048,0.60952,0.65714,0.60952,1.0,0.99328,1.0,0.07143,1.0,0.90737,0.75,0.0,0.88522,0.35714,0.5,0.0,1.0,1.0,0.5,0.5,0.5,1.0,1.0,0.5,0.5,0.5,0.0,0.0,1.0,1.0,1.0,0.0,0.12667,1.0,0.06667,0.0,1.0,1.0,1.0,0.25,1.0
1.0,0.5,1.0,0.5,1.0,0.5,0.10923,1.0,0.7,0.0,0.0,0.66667,1.0,0.25778,0.04,0.0,0.99918,0.88571,0.87619,0.66667,1.0,0.88571,0.0,0.91433,1.0,0.85714,1.0,1.0,1.0,0.0,0.89287,1.0,0.92857,0.0,1.0,1.0,0.5,0.5,0.5,1.0,1.0,0.5,0.5,0.5,0.0,0.0,1.0,1.0,1.0,0.0,0.12667,1.0,0.06667,0.0,1.0,1.0,1.0,0.0,1.0
1.0,1.0,1.0,0.0,1.0,0.93333,0.10882,0.93333,0.76667,0.0,0.0,0.66667,0.0,0.25778,0.04889,0.99001,0.0,1.0,1.0,0.68571,0.6,1.0,0.0,0.90321,1.0,0.85714,1.0,0.95206,0.88889,0.0,0.89295,0.85714,1.0,0.0,1.0,1.0,0.5,0.5,0.5,1.0,1.0,0.5,0.5,0.5,0.0,0.0,1.0,1.0,1.0,0.0,0.12667,1.0,0.06667,0.0,1.0,0.0,1.0,0.33333,1.0
1.0,0.5,1.0,0.5,0.93333,0.5,0.1099,0.93333,0.8,0.0,0.0,0.66667,1.0,0.24889,0.04,0.99755,0.0,1.0,1.0,0.68571,1.0,1.0,1.0,0.90609,1.0,0.85714,1.0,0.94909,0.88889,0.0,0.89292,1.0,1.0,0.0,1.0,1.0,0.5,0.5,0.5,1.0,1.0,0.5,0.5,0.5,0.0,0.0,1.0,1.0,1.0,0.0,0.12667,1.0,0.06667,0.0,1.0,0.0,1.0,0.0,1.0
1.0,0.0,1.0,0.0,0.93333,0.86667,0.09876,0.86667,0.86667,0.0,0.0,0.66667,0.0,0.25333,0.00444,0.89957,0.0,0.66667,0.99048,0.80952,0.66667,0.66667,1.0,0.70668,1.0,0.07143,1.0,1.0,1.0,0.0,0.98719,0.78571,0.42857,0.0,1.0,1.0,0.5,0.5,0.5,1.0,1.0,0.5,0.5,0.5,0.0,0.0,1.0,1.0,1.0,0.91063,0.52387,1.0,0.06667,0.0,1.0,0.0,1.0,0.2,1.0
0.5,0.5,0.5,0.5,0.5,0.5,0.17343,1.0,0.23333,0.0,0.0,0.66667,0.0,0.41333,0.0,0.92205,0.0,1.0,1.0,1.0,1.0,0.5,1.0,0.91143,1.0,0.07143,1.0,1.0,1.0,0.0,0.97626,1.0,0.5,0.0,1.0,1.0,0.5,0.5,0.5,1.0,1.0,0.5,0.5,0.5,0.0,0.0,1.0,1.0,1.0,0.5,0.5,1.0,0.06667,0.0,1.0,1.0,1.0,1.0,0.5
1.0,0.0,1.0,0.0,1.0,1.0,0.15386,1.0,0.33333,0.0,0.0,0.66667,0.0,0.32444,0.00444,0.3733,0.0,1.0,1.0,1.0,1.0,0.88571,1.0,0.8636,1.0,0.14286,1.0,1.0,1.0,0.0,0.96951,1.0,0.92857,0.0,1.0,1.0,0.5,0.5,0.5,1.0,1.0,0.5,0.5,0.5,0.0,0.0,1.0,1.0,1.0,0.8188,0.37291,1.0,0.06667,0.0,1.0,0.0,1.0,0.0,1.0
1.0,1.0,1.0,1.0,1.0,1.0,0.21859,1.0,0.56667,0.0,0.0,0.66667,0.0,0.08,0.06667,0.98306,0.0,0.9619,1.0,0.75238,1.0,0.87619,1.0,0.84756,1.0,0.14286,1.0,1.0,1.0,0.0,0.96268,1.0,0.78571,0.0,0.93333,0.98302,1.0,0.80804,1.0,1.0,1.0,0.5,0.5,0.5,0.0,0.0,1.0,1.0,1.0,1.0,0.99285,1.0,0.06667,0.0,1.0,0.0,1.0,0.75,1.0
0.0,0.0,0.0,0.0,1.0,1.0,0.07323,0.53333,0.93333,0.0,0.0,0.66667,0.0,0.05333,0.09333,0.99885,0.0,1.0,0.97143,0.72381,1.0,0.85714,1.0,0.61879,0.88399,0.14286,0.80506,0.7226,0.0,0.0,0.9637,1.0,0.71429,0.0,1.0,1.0,0.5,1.0,0.5,1.0,1.0,0.5,0.5,0.5,0.0,0.0,1.0,1.0,1.0,1.0,0.40806,1.0,0.06667,0.0,1.0,0.0,1.0,0.5,1.0
0.0,0.0,0.0,0.0,0.53333,0.53333,0.07251,0.53333,1.0,0.0,0.0,0.66667,0.0,0.05333,0.09333,0.98538,0.0,1.0,1.0,0.85714,1.0,1.0,1.0,0.62065,0.88664,0.14286,0.78337,0.6731,0.0,0.0,0.94964,1.0,1.0,0.0,1.0,1.0,0.5,1.0,0.5,1.0,1.0,0.5,0.5,0.5,0.0,0.0,1.0,1.0,1.0,1.0,0.40806,1.0,0.06667,0.0,1.0,0.0,1.0,0.0,1.0
0.5,0.5,0.5,0.5,0.5,0.5,0.0563,0.06667,0.4,0.0,0.0,0.66667,0.0,0.55111,0.01333,0.8638,0.0,1.0,1.0,1.0,1.0,0.5,0.0,0.97034,1.0,0.07143,0.82979,0.77254,0.0,0.0,0.99311,1.0,0.5,0.0,1.0,1.0,0.5,0.5,0.5,1.0,1.0,0.5,0.5,0.5,0.0,0.0,1.0,1.0,1.0,0.5,0.5,1.0,0.06667,0.0,1.0,1.0,1.0,0.77778,0.5
1.0,1.0,1.0,1.0,0.26667,1.0,0.04013,0.06667,0.63333,0.0,0.0,0.66667,0.0,0.51556,0.04,0.99818,0.0,1.0,1.0,1.0,1.0,1.0,1.0,0.98151,1.0,0.07143,0.58464,0.50051,0.0,0.0,0.99398,0.85714,0.85714,0.26667,1.0,1.0,0.5,0.5,0.5,1.0,1.0,0.5,0.5,0.5,0.35923,0.03725,0.73333,1.0,1.0,0.21396,0.34753,1.0,0.06667,0.0,1.0,0.0,1.0,0.77778,1.0
0.5,0.5,0.5,0.5,0.5,0.5,0.0707,0.73333,0.2,0.0,0.0,0.66667,0.0,0.74667,0.0,0.99955,0.0,0.46667,1.0,1.0,1.0,0.5,1.0,0.80195,1.0,0.07143,1.0,0.97273,0.85714,0.0,0.98282,1.0,0.5,0.0,1.0,1.0,0.5,0.5,0.5,1.0,1.0,0.5,0.5,0.5,0.0,0.0,1.0,1.0,1.0,0.5,0.5,1.0,0.06667,0.0,1.0,1.0,1.0,0.85714,0.5
1.0,1.0,1.0,1.0,1.0,0.93333,0.07006,0.4,0.96667,0.0,0.0,0.66667,0.0,0.44889,0.03556,0.0,0.9999,1.0,1.0,1.0,1.0,1.0,0.0,0.78953,1.0,0.14286,0.94337,0.86055,0.16667,0.0,0.97814,0.85714,0.78571,0.0,1.0,1.0,0.5,0.5,0.5,1.0,1.0,0.5,0.5,0.5,0.0,0.0,1.0,1.0,1.0,0.5,0.5,1.0,0.06667,0.0,1.0,1.0,1.0,0.83333,1.0
1.0,1.0,1.0,1.0,0.53333,0.4,0.07437,0.4,0.0,0.96774,0.0,0.66667,0.0,0.43556,0.03556,0.0,0.99984,1.0,1.0,1.0,1.0,1.0,0.0,0.78769,1.0,0.14286,1.0,0.93347,0.16667,0.0,0.97956,0.85714,1.0,0.0,1.0,1.0,0.5,0.5,0.5,1.0,1.0,0.5,0.5,0.5,0.0,0.0,1.0,1.0,1.0,0.5,0.5,1.0,0.06667,0.0,1.0,1.0,1.0,0.83333,1.0
1.0,1.0,1.0,0.0,0.66667,0.4,0.07051,0.4,0.0,0.90909,0.0,0.66667,0.0,0.43111,0.04,0.0,0.99966,1.0,1.0,1.0,1.0,1.0,0.0,0.78495,1.0,0.14286,0.95878,0.88463,0.16667,0.0,0.98042,0.85714,1.0,0.0,1.0,1.0,0.5,0.5,0.5,1.0,1.0,0.5,0.5,0.5,0.0,0.0,1.0,1.0,1.0,0.5,0.5,1.0,0.06667,0.0,1.0,1.0,1.0,0.83333,1.0
1.0,0.0,1.0,0.0,0.4,0.33333,0.06045,0.33333,0.0,0.83333,0.0,0.66667,0.0,0.43556,0.04,0.0,0.95383,0.86667,1.0,0.86667,1.0,0.86667,0.0,0.60766,0.86809,0.64286,0.88628,0.7531,0.28571,0.0,0.99293,0.71429,0.64286,0.0,1.0,1.0,0.5,0.5,0.5,1.0,1.0,0.5,0.5,0.5,0.0,0.0,1.0,1.0,1.0,1.0,0.13791,1.0,0.06667,0.0,1.0,0.0,1.0,0.57143,1.0
1.0,0.0,0.0,0.0,0.33333,0.2,0.04245,0.13333,0.0,0.76923,0.0,0.66667,0.0,0.42667,0.04444,0.0,0.99716,1.0,1.0,0.86667,1.0,1.0,0.0,0.99225,1.0,0.07143,0.61143,0.50166,0.0,0.0,0.9879,0.14286,0.42857,0.0,1.0,1.0,0.5,0.5,0.5,1.0,1.0,0.5,0.5,0.5,0.0,0.0,1.0,1.0,1.0,1.0,0.13791,1.0,0.06667,0.0,1.0,0.0,1.0,0.11111,1.0
0.0,0.5,0.0,0.5,0.13333,0.5,0.04011,0.13333,0.0,0.75,0.0,0.66667,1.0,0.42222,0.04444,0.99231,0.0,1.0,1.0,0.86667,1.0,1.0,0.0,0.9883,1.0,0.07143,0.5802,0.47724,0.0,0.0,0.9883,1.0,1.0,0.0,1.0,1.0,0.5,0.5,0.5,1.0,1.0,0.5,0.5,0.5,0.0,0.0,1.0,1.0,1.0,1.0,0.13791,1.0,0.06667,0.0,1.0,0.0,1.0,0.0,1.0
0.5,0.5,0.5,0.5,0.5,0.5,0.0397,0.06667,0.16667,0.0,0.0,0.66667,0.0,0.08,0.0,0.97052,0.0,0.98095,1.0,1.0,1.0,0.5,0.0,0.59825,0.85464,0.07143,0.60844,0.49917,0.0,0.0,0.62574,0.71429,0.5,0.0,1.0,1.0,0.5,0.5,0.5,1.0,1.0,0.5,0.5,0.5,0.0,0.0,1.0,1.0,1.0,0.5,0.5,1.0,0.06667,0.0,1.0,1.0,1.0,0.66667,0.5
0.0,0.5,0.0,0.5,0.06667,0.5,0.03924,0.06667,0.2,0.0,0.0,0.66667,1.0,0.07556,0.0,0.97654,0.0,0.98095,0.98095,1.0,1.0,0.98095,1.0,0.60363,0.86233,0.07143,0.58748,0.48963,0.0,0.0,0.53322,1.0,0.85714,0.0,1.0,1.0,0.5,0.5,0.5,1.0,1.0,0.5,0.5,0.5,0.0,0.0,1.0,1.0,1.0,0.5,0.5,1.0,0.06667,0.0,1.0,1.0,1.0,0.0,1.0
1.0,0.0,1.0,1.0,0.06667,0.06667,0.02969,0.06667,0.33333,0.0,0.0,0.66667,0.0,0.08444,0.0,0.99806,0.0,0.98095,1.0,1.0,1.0,0.93333,1.0,0.02191,0.0313,0.07143,0.57313,0.40167,0.0,0.0,0.75309,1.0,0.85714,0.0,1.0,1.0,0.5,0.5,0.5,1.0,1.0,0.5,0.5,0.5,0.0,0.0,1.0,1.0,1.0,0.5,0.5,1.0,0.06667,0.0,1.0,1.0,1.0,1.0,1.0
0.0,0.0,0.0,1.0,0.06667,0.06667,0.03791,0.06667,0.6,0.0,0.0,0.66667,0.0,0.06667,0.0,0.99597,0.0,1.0,1.0,1.0,1.0,0.98095,1.0,0.00293,0.00419,0.07143,1.0,1.0,1.0,0.0,1.0,1.0,0.92857,0.0,1.0,1.0,0.5,0.5,0.5,1.0,1.0,0.5,0.5,0.5,0.0,0.0,1.0,1.0,1.0,0.5,0.5,1.0,0.06667,1.0,1.0,1.0,1.0,1.0,1.0
1.0,0.5,1.0,0.5,0.06667,0.5,0.03979,0.06667,0.63333,0.0,0.0,0.66667,1.0,0.06667,0.0,0.99723,0.0,1.0,1.0,1.0,1.0,1.0,1.0,0.00323,0.00462,0.07143,1.0,1.0,1.0,0.0,1.0,1.0,1.0,0.0,1.0,1.0,0.5,0.5,0.5,1.0,1.0,0.5,0.5,0.5,0.0,0.0,1.0,1.0,1.0,0.5,0.5,1.0,0.06667,1.0,1.0,1.0,1.0,1.0,1.0
1.0,0.5,1.0,0.5,0.06667,0.5,0.04228,0.06667,0.66667,0.0,0.0,0.66667,1.0,0.06667,0.0,0.99906,0.0,1.0,1.0,1.0,1.0,1.0,1.0,0.00365,0.00521,0.07143,1.0,1.0,1.0,0.0,1.0,1.0,1.0,0.0,1.0,1.0,0.5,0.5,0.5,1.0,1.0,0.5,0.5,0.5,0.0,0.0,1.0,1.0,1.0,0.5,0.5,1.0,0.06667,1.0,1.0,1.0,1.0,1.0,1.0
1.0,0.0,1.0,0.0,0.06667,0.06667,0.03328,0.06667,0.76667,0.0,0.0,0.66667,0.0,0.07111,0.0,0.0,0.9969,1.0,0.99048,1.0,1.0,1.0,1.0,0.56879,0.81255,0.07143,0.54178,0.38627,0.0,1.0,0.89259,1.0,0.85714,0.0,1.0,1.0,0.5,0.5,0.5,1.0,1.0,0.5,0.5,0.5,0.0,0.0,1.0,1.0,1.0,0.5,0.5,1.0,0.06667,0.0,1.0,1.0,1.0,0.5,1.0
0.0,0.5,0.0,0.5,0.06667,0.5,0.03243,0.06667,0.8,0.0,0.0,0.66667,1.0,0.07111,0.0,0.0,0.9977,1.0,0.99048,1.0,1.0,1.0,0.0,0.02972,0.04246,0.0,0.53745,0.36747,0.0,0.0,0.81691,1.0,0.92857,0.0,1.0,1.0,0.5,0.5,0.5,1.0,1.0,0.5,0.5,0.5,0.0,0.0,1.0,1.0,1.0,0.5,0.5,1.0,0.06667,0.0,1.0,1.0,1.0,0.0,1.0
1.0,1.0,1.0,1.0,0.06667,0.06667,0.03602,0.06667,0.93333,0.0,0.0,0.66667,0.0,0.07111,0.0,0.99834,0.0,1.0,1.0,1.0,1.0,1.0,1.0,0.03049,0.04356,0.0,0.5893,0.41773,0.0,0.0,0.80908,0.92857,1.0,0.0,1.0,1.0,0.5,0.5,0.5,1.0,1.0,0.5,0.5,0.5,0.0,0.0,1.0,1.0,1.0,0.5,0.5,1.0,0.06667,0.0,1.0,1.0,1.0,0.0,1.0
1.0,1.0,1.0,1.0,0.06667,0.06667,0.03826,0.06667,1.0,0.0,0.0,0.66667,0.0,0.06667,0.0,0.99898,0.0,1.0,1.0,1.0,1.0,1.0,1.0,0.00299,0.00427,0.07143,1.0,1.0,1.0,1.0,1.0,1.0,0.92857,0.0,1.0,1.0,0.5,0.5,0.5,1.0,1.0,0.5,0.5,0.5,0.0,0.0,1.0,1.0,1.0,0.5,0.5,1.0,0.06667,1.0,1.0,1.0,1.0,1.0,1.0
1.0,1.0,1.0,1.0,0.06667,0.06667,0.04388,0.06667,0.0,0.85714,0.0,0.66667,0.0,0.06667,0.0,0.99939,0.0,1.0,1.0,1.0,1.0,1.0,1.0,0.00393,0.00561,0.07143,1.0,1.0,1.0,0.0,1.0,1.0,1.0,0.0,1.0,1.0,0.5,0.5,0.5,1.0,1.0,0.5,0.5,0.5,0.0,0.0,1.0,1.0,1.0,0.5,0.5,1.0,0.06667,1.0,1.0,1.0,1.0,1.0,1.0
1.0,1.0,1.0,1.0,0.06667,0.06667,0.04607,0.06667,0.0,0.81081,0.0,0.66667,0.0,0.06667,0.0,0.9997,0.0,1.0,0.98095,1.0,1.0,0.99048,0.0,0.5618,0.80258,0.07143,0.74064,0.5881,0.0,0.0,0.88757,0.92857,0.92857,0.0,1.0,1.0,0.5,0.5,0.5,1.0,1.0,0.5,0.5,0.5,0.0,0.0,1.0,1.0,1.0,0.5,0.5,1.0,0.06667,0.0,1.0,1.0,1.0,0.0,1.0
1.0,1.0,1.0,1.0,0.06667,0.06667,0.04823,0.06667,0.0,0.76923,0.0,0.66667,0.0,0.06667,0.0,0.99952,0.0,0.99048,0.98095,1.0,1.0,1.0,0.0,0.56086,0.80123,0.07143,0.77263,0.62951,0.0,0.0,0.90823,0.92857,1.0,0.0,1.0,1.0,0.5,0.5,0.5,1.0,1.0,0.5,0.5,0.5,0.0,0.0,1.0,1.0,1.0,0.5,0.5,1.0,0.06667,0.0,1.0,1.0,1.0,0.0,1.0
0.5,0.5,0.5,0.5,0.5,0.5,0.01756,0.4,0.63333,0.0,0.0,0.66667,0.0,0.05333,0.14222,0.99271,0.0,0.93333,0.93333,0.77143,0.84762,0.5,1.0,0.9638,1.0,0.07143,0.2094,0.08719,0.14286,0.0,0.94474,0.85714,0.5,0.0,1.0,1.0,0.5,0.5,0.5,1.0,1.0,0.5,0.5,0.5,0.0,0.0,1.0,1.0,1.0,0.10192,0.11938,1.0,0.06667,0.0,1.0,0.0,1.0,0.14286,0.5
1.0,1.0,1.0,1.0,0.46667,0.4,0.01813,0.4,0.7,0.0,0.0,0.66667,0.0,0.04889,0.14222,0.9938,0.0,1.0,1.0,0.77143,0.84762,1.0,1.0,0.96337,1.0,0.07143,0.21633,0.08935,0.14286,0.0,0.94243,0.85714,1.0,0.0,1.0,1.0,0.5,0.5,0.5,1.0,1.0,0.5,0.5,0.5,0.0,0.0,1.0,1.0,1.0,0.10192,0.11938,1.0,0.06667,0.0,1.0,0.0,1.0,0.14286,1.0
1.0,1.0,1.0,1.0,0.46667,0.46667,0.0236,0.46667,0.76667,0.0,0.0,0.66667,0.0,0.04444,0.14667,0.9954,0.0,1.0,1.0,0.77143,1.0,1.0,1.0,0.96547,1.0,0.07143,0.28091,0.11678,0.28571,0.0,0.94099,1.0,1.0,0.0,1.0,1.0,0.5,0.5,0.5,1.0,1.0,0.5,0.5,0.5,0.0,0.0,1.0,1.0,1.0,0.10192,0.11938,1.0,0.06667,0.0,1.0,0.0,1.0,0.0,1.0
1.0,1.0,1.0,1.0,0.46667,0.46667,0.02434,0.46667,0.83333,0.0,0.0,0.66667,0.0,0.04444,0.14667,0.99492,0.0,1.0,1.0,0.77143,1.0,1.0,1.0,0.96553,1.0,0.07143,0.28973,0.12045,0.28571,0.0,0.94033,1.0,1.0,0.0,1.0,1.0,0.5,0.5,0.5,1.0,1.0,0.5,0.5,0.5,0.0,0.0,1.0,1.0,1.0,0.10192,0.11938,1.0,0.06667,0.0,1.0,0.0,1.0,0.0,1.0
1.0,1.0,1.0,1.0,0.46667,0.46667,0.0316,0.46667,0.9,0.0,0.0,0.66667,0.0,0.04444,0.14667,0.99717,0.0,1.0,1.0,0.77143,0.87619,1.0,1.0,0.96863,1.0,0.07143,0.37477,0.15683,0.28571,0.0,0.94207,0.85714,1.0,0.0,1.0,1.0,0.5,0.5,0.5,1.0,1.0,0.5,0.5,0.5,0.0,0.0,1.0,1.0,1.0,0.10192,0.11938,1.0,0.06667,0.0,1.0,0.0,1.0,0.0,1.0
1.0,0.0,1.0,0.0,0.46667,0.46667,0.03415,0.46667,0.0,0.85714,0.0,0.66667,0.0,0.04444,0.00444,0.0,0.99632,0.87619,0.99048,0.87619,0.8381,0.8381,1.0,0.84485,1.0,0.14286,0.36591,0.19532,0.2,0.0,0.93601,0.78571,0.71429,0.0,1.0,1.0,0.5,0.5,0.5,1.0,1.0,0.5,0.5,0.5,0.0,0.0,1.0,1.0,1.0,0.10192,0.11938,1.0,0.06667,0.0,1.0,0.0,1.0,0.0,1.0
1.0,1.0,1.0,1.0,0.46667,0.46667,0.0375,0.46667,0.0,0.75,0.0,0.66667,0.0,0.04889,0.00444,0.99246,0.0,0.97143,0.97143,0.8381,0.89524,0.79048,0.0,0.6107,0.87243,0.07143,0.45826,0.35338,0.0,0.0,0.93501,0.85714,0.78571,0.0,1.0,1.0,0.5,0.5,0.5,1.0,1.0,0.5,0.5,0.5,0.0,0.0,1.0,1.0,1.0,0.10192,0.11938,1.0,0.06667,0.0,1.0,0.0,1.0,0.0,1.0
0.5,0.5,0.5,0.5,0.5,0.5,0.08236,1.0,0.13333,0.0,0.0,0.66667,0.0,0.30667,0.02222,0.71802,0.0,0.92381,1.0,0.82857,1.0,0.5,1.0,0.95997,1.0,0.07143,1.0,1.0,1.0,0.0,0.89926,1.0,0.5,0.0,1.0,1.0,0.5,0.5,0.5,1.0,1.0,0.5,0.5,0.5,0.0,0.0,1.0,1.0,1.0,0.50043,0.43844,1.0,0.06667,0.0,1.0,0.0,1.0,0.77778,0.5
1.0,0.5,1.0,0.5,1.0,0.5,0.08906,1.0,0.16667,0.0,0.0,0.66667,1.0,0.31111,0.02222,0.83864,0.0,1.0,1.0,1.0,1.0,1.0,1.0,0.98804,1.0,0.07143,1.0,1.0,1.0,0.0,0.9458,1.0,0.85714,0.0,1.0,1.0,0.5,0.5,0.5,1.0,1.0,0.5,0.5,0.5,0.0,0.0,1.0,1.0,1.0,0.50043,0.43844,1.0,0.06667,0.0,1.0,0.0,1.0,0.0,1.0
1.0,0.5,1.0,0.5,1.0,0.5,0.09378,1.0,0.2,0.0,0.0,0.66667,1.0,0.29333,0.02667,0.9071,0.0,0.86667,1.0,1.0,1.0,0.86667,0.0,0.88572,1.0,0.14286,1.0,1.0,1.0,0.0,0.95105,1.0,0.92857,0.0,1.0,1.0,0.5,0.5,0.5,1.0,1.0,0.5,0.5,0.5,0.0,0.0,1.0,1.0,1.0,0.50043,0.43844,1.0,0.06667,0.0,1.0,0.0,1.0,0.0,1.0
1.0,0.5,1.0,0.5,1.0,0.5,0.09522,1.0,0.23333,0.0,0.0,0.66667,1.0,0.30667,0.03556,0.93976,0.0,1.0,0.92381,0.94286,1.0,1.0,1.0,0.91485,1.0,0.14286,1.0,1.0,1.0,0.0,0.95385,1.0,1.0,0.0,1.0,1.0,0.5,0.5,0.5,1.0,1.0,0.5,0.5,0.5,0.0,0.0,1.0,1.0,1.0,0.50043,0.43844,1.0,0.06667,0.0,1.0,0.0,1.0,0.0,1.0
1.0,0.5,1.0,0.5,1.0,0.5,0.09726,1.0,0.26667,0.0,0.0,0.66667,1.0,0.29333,0.04444,0.98874,0.0,0.92381,1.0,0.94286,1.0,0.92381,0.0,0.81095,1.0,0.07143,1.0,1.0,1.0,0.0,0.97004,1.0,0.92857,0.0,1.0,1.0,0.5,0.5,0.5,1.0,1.0,0.5,0.5,0.5,0.0,0.0,1.0,1.0,1.0,0.50043,0.43844,1.0,0.06667,0.0,1.0,0.0,1.0,0.0,1.0
0.5,0.5,0.5,0.5,0.5,0.5,0.00197,0.2,0.3,0.0,0.5,0.0,0.0,0.4,0.04,0.98388,0.0,1.0,1.0,1.0,1.0,0.5,0.0,0.76925,1.0,0.25,0.01419,0.00617,0.0,0.0,0.91074,1.0,0.5,0.0,1.0,1.0,0.5,0.5,0.5,1.0,1.0,0.5,0.5,0.5,0.0,0.0,1.0,1.0,1.0,0.5,0.5,1.0,0.2,0.0,1.0,1.0,1.0,0.5,0.5
0.5,0.5,0.5,0.5,0.5,0.5,0.08602,0.4,0.03333,0.0,0.5,0.0,0.0,0.2,0.0,0.5,0.5,0.5,0.5,0.5,0.5,0.5,0.5,0.0,0.0,0.5,0.36,0.19355,0.0,0.0,0.0,0.5,0.5,0.0,1.0,1.0,0.5,0.5,0.5,1.0,1.0,0.5,0.5,0.5,0.5,0.5,1.0,0.5,0.5,0.5,0.5,1.0,0.2,0.0,1.0,1.0,1.0,0.5,0.5
0.5,0.5,0.5,0.5,0.5,0.5,0.22853,0.6,0.06667,0.0,0.5,0.0,0.0,0.36,0.0,0.5,0.5,0.9,0.8,1.0,1.0,0.5,1.0,0.91004,1.0,0.25,1.0,0.85845,0.5,0.0,0.56349,1.0,0.5,0.0,1.0,1.0,0.5,0.5,0.5,1.0,1.0,0.5,0.5,0.5,0.5,0.5,1.0,1.0,1.0,0.5,0.5,1.0,0.2,0.0,1.0,1.0,1.0,1.0,0.5
1.0,1.0,1.0,1.0,0.8,0.6,0.35507,0.8,0.53333,0.0,0.5,0.0,0.0,0.28,0.08,0.0,0.99225,1.0,1.0,0.8,1.0,0.8,1.0,0.90008,1.0,0.75,1.0,1.0,1.0,0.0,0.5,1.0,0.75,0.0,1.0,1.0,0.5,0.5,0.5,1.0,1.0,0.5,0.5,0.5,0.0,0.0,1.0,1.0,1.0,0.5,0.5,1.0,0.2,0.0,1.0,1.0,1.0,1.0,1.0
0.5,0.5,0.5,0.5,0.5,0.5,0.09574,0.4,0.03333,0.0,0.5,0.0,0.0,0.2,0.0,0.5,0.5,0.5,0.5,0.5,0.5,0.5,0.5,0.0,0.0,0.5,0.35526,0.24828,0.0,0.0,0.0,0.5,0.5,0.0,1.0,1.0,0.5,0.5,0.5,1.0,1.0,0.5,0.5,0.5,0.5,0.5,1.0,0.5,0.5,0.5,0.5,1.0,0.2,0.0,1.0,1.0,1.0,0.5,0.5
0.5,0.5,0.5,0.5,0.5,0.5,0.45837,1.0,0.16667,0.0,0.5,0.0,0.0,0.4,0.08,0.75055,0.0,0.6,0.8,0.4,1.0,0.5,0.0,0.88184,1.0,0.5,1.0,1.0,1.0,0.0,1.0,0.5,0.5,0.0,1.0,1.0,0.5,0.5,0.5,1.0,1.0,0.5,0.5,0.5,0.0,0.0,1.0,1.0,1.0,1.0,1.0,1.0,0.2,0.0,1.0,0.0,1.0,0.0,0.5
1.0,1.0,1.0,1.0,1.0,1.0,0.43801,1.0,0.53333,0.0,0.5,0.0,0.0,0.2,0.08,0.0,0.95772,1.0,0.6,0.9,0.6,0.6,1.0,0.90252,1.0,0.5,1.0,1.0,1.0,0.0,1.0,0.5,1.0,0.0,1.0,1.0,0.5,0.5,0.5,1.0,1.0,0.5,0.5,0.5,0.0,0.0,1.0,1.0,1.0,1.0,0.09539,1.0,0.2,0.0,1.0,0.0,1.0,0.0,1.0
0.5,0.5,0.5,0.5,0.5,0.5,0.3649,1.0,0.13333,0.0,0.5,0.0,0.0,0.24,0.04,0.47431,0.0,1.0,0.9,1.0,1.0,0.5,1.0,0.91099,1.0,0.25,1.0,1.0,1.0,0.0,1.0,0.75,0.5,0.0,1.0,1.0,0.5,0.5,0.5,1.0,1.0,0.5,0.5,0.5,0.0,0.0,1.0,1.0,1.0,1.0,1.0,1.0,0.2,0.0,1.0,0.0,1.0,0.0,0.5
1.0,0.5,1.0,0.5,1.0,0.5,0.38125,1.0,0.16667,0.0,0.5,0.0,1.0,0.2,0.04,0.73457,0.0,1.0,0.9,1.0,1.0,1.0,1.0,0.9398,1.0,0.25,1.0,1.0,1.0,0.0,1.0,1.0,1.0,0.0,1.0,1.0,0.5,0.5,0.5,1.0,1.0,0.5,0.5,0.5,0.0,0.0,1.0,1.0,1.0,1.0,1.0,1.0,0.2,0.0,1.0,0.0,1.0,0.0,1.0
1.0,0.5,1.0,0.5,1.0,0.5,0.39571,1.0,0.2,0.0,0.5,0.0,1.0,0.2,0.04,0.84718,0.0,1.0,0.9,1.0,1.0,1.0,1.0,0.9577,1.0,0.25,1.0,1.0,1.0,0.0,1.0,1.0,1.0,0.0,1.0,1.0,0.5,0.5,0.5,1.0,1.0,0.5,0.5,0.5,0.0,0.0,1.0,1.0,1.0,1.0,1.0,1.0,0.2,0.0,1.0,0.0,1.0,0.0,1.0
1.0,0.0,1.0,1.0,1.0,1.0,0.54992,1.0,0.43333,0.0,0.5,0.0,0.0,0.16,0.16,0.97248,0.0,1.0,1.0,0.8,1.0,0.7,0.0,0.61718,0.88168,0.0,1.0,1.0,1.0,0.0,1.0,1.0,0.75,0.0,1.0,1.0,0.5,0.5,0.5,1.0,1.0,0.5,0.5,0.5,0.0,0.0,1.0,1.0,1.0,1.0,1.0,1.0,0.2,1.0,1.0,0.0,1.0,1.0,1.0
0.5,0.5,0.5,0.5,0.5,0.5,0.06788,0.2,0.66667,0.0,0.5,0.0,0.0,0.4,0.04,0.98796,0.0,1.0,1.0,1.0,1.0,0.5,0.0,0.56424,0.80605,0.25,0.94365,0.8933,0.0,0.0,1.0,0.75,0.5,0.0,1.0,1.0,0.5,0.5,0.5,1.0,1.0,0.5,0.5,0.5,0.0,0.0,1.0,1.0,1.0,1.0,0.6375,1.0,0.2,0.0,1.0,0.0,1.0,0.0,0.5
0.0,0.0,0.0,0.0,0.2,0.2,0.05938,0.2,0.73333,0.0,0.5,0.0,0.0,0.32,0.04,0.98956,0.0,1.0,1.0,1.0,1.0,1.0,0.0,0.56098,0.80141,0.25,0.88998,0.80177,0.0,0.0,1.0,0.75,1.0,0.0,1.0,1.0,0.5,0.5,0.5,1.0,1.0,0.5,0.5,0.5,0.0,0.0,1.0,1.0,1.0,1.0,0.6375,1.0,0.2,0.0,1.0,0.0,1.0,0.0,1.0
0.0,0.0,0.0,0.0,0.2,0.2,0.03328,0.2,0.86667,0.0,0.5,0.0,0.0,0.32,0.04,0.99902,0.0,1.0,1.0,1.0,1.0,1.0,1.0,0.92948,1.0,0.5,0.12569,0.0795,0.0,0.0,0.9881,0.75,0.25,0.0,1.0,1.0,0.5,0.5,0.5,1.0,1.0,0.5,0.5,0.5,0.0,0.0,1.0,1.0,1.0,1.0,0.6375,1.0,0.2,0.0,1.0,0.0,1.0,0.0,1.0
1.0,0.5,1.0,0.5,0.2,0.5,0.03848,0.2,0.9,0.0,0.5,0.0,1.0,0.36,0.04,0.0,0.99975,1.0,1.0,0.8,1.0,1.0,0.0,0.92215,1.0,0.5,0.1437,0.09289,0.0,0.0,0.98971,1.0,1.0,0.0,1.0,1.0,0.5,0.5,0.5,1.0,1.0,0.5,0.5,0.5,0.0,0.0,1.0,1.0,1.0,1.0,0.6375,1.0,0.2,0.0,1.0,0.0,1.0,0.0,1.0
1.0,0.5,1.0,0.5,0.2,0.5,0.04037,0.2,0.93333,0.0,0.5,0.0,1.0,0.36,0.04,0.0,0.99963,1.0,1.0,0.8,1.0,1.0,0.0,0.91816,1.0,0.5,0.14985,0.09982,0.0,0.0,0.99033,1.0,1.0,0.0,1.0,1.0,0.5,0.5,0.5,1.0,1.0,0.5,0.5,0.5,0.0,0.0,1.0,1.0,1.0,1.0,0.6375,1.0,0.2,0.0,1.0,0.0,1.0,0.0,1.0
0.5,0.5,0.5,0.5,0.5,0.5,0.13888,0.6,0.1,0.0,0.5,0.0,0.0,0.56,0.0,0.93559,0.0,1.0,1.0,1.0,1.0,0.5,1.0,0.3196,0.45657,0.0,1.0,1.0,1.0,0.0,0.82477,1.0,0.5,0.0,1.0,1.0,0.5,0.5,0.5,1.0,1.0,0.5,0.5,0.5,0.0,0.0,1.0,1.0,1.0,0.5,0.5,1.0,0.2,0.0,1.0,1.0,1.0,1.0,0.5
1.0,1.0,1.0,1.0,0.6,0.6,0.15141,0.6,0.16667,0.0,0.5,0.0,0.0,0.52,0.0,0.97153,0.0,1.0,1.0,1.0,1.0,1.0,1.0,0.32038,0.45768,0.0,1.0,1.0,1.0,0.0,0.92791,1.0,1.0,0.0,1.0,1.0,0.5,0.5,0.5,1.0,1.0,0.5,0.5,0.5,0.0,0.0,1.0,1.0,1.0,0.5,0.5,1.0,0.2,0.0,1.0,1.0,1.0,1.0,1.0
1.0,1.0,1.0,1.0,0.6,0.6,0.16222,0.6,0.23333,0.0,0.5,0.0,0.0,0.44,0.0,0.98464,0.0,1.0,1.0,1.0,1.0,1.0,1.0,0.31907,0.45582,0.0,1.0,1.0,1.0,0.0,0.97157,1.0,1.0,0.0,1.0,1.0,0.5,0.5,0.5,1.0,1.0,0.5,0.5,0.5,0.0,0.0,1.0,1.0,1.0,0.5,0.5,1.0,0.2,0.0,1.0,1.0,1.0,1.0,1.0
1.0,0.0,1.0,0.0,0.6,0.6,0.14495,0.6,0.3,0.0,0.5,0.0,0.0,0.4,0.0,0.99376,0.0,1.0,1.0,1.0,1.0,1.0,1.0,0.31653,0.45219,0.0,1.0,1.0,1.0,0.0,0.9773,1.0,1.0,0.0,1.0,1.0,0.5,0.5,0.5,1.0,1.0,0.5,0.5,0.5,0.0,0.0,1.0,1.0,1.0,0.5,0.5,1.0,0.2,0.0,1.0,1.0,1.0,1.0,1.0
1.0,1.0,1.0,1.0,0.6,0.6,0.1336,0.4,0.4,0.0,0.5,0.0,0.0,0.4,0.0,0.99682,0.0,1.0,1.0,1.0,1.0,1.0,1.0,0.3212,0.45886,0.0,1.0,0.98294,0.5,0.0,0.98898,1.0,1.0,0.0,1.0,1.0,0.5,0.5,0.5,1.0,1.0,0.5,0.5,0.5,0.0,0.0,1.0,1.0,1.0,0.5,0.5,1.0,0.2,0.0,1.0,1.0,1.0,1.0,1.0
1.0,1.0,1.0,1.0,0.6,0.6,0.14231,0.6,0.46667,0.0,0.5,0.0,0.0,0.4,0.0,0.9992,0.0,1.0,1.0,1.0,1.0,1.0,1.0,0.3254,0.46486,0.0,1.0,1.0,1.0,0.0,0.99629,1.0,1.0,0.0,1.0,1.0,0.5,0.5,0.5,1.0,1.0,0.5,0.5,0.5,0.0,0.0,1.0,1.0,1.0,0.5,0.5,1.0,0.2,0.0,1.0,1.0,1.0,1.0,1.0
1.0,1.0,1.0,0.0,0.6,0.4,0.10648,0.2,0.86667,0.0,0.5,0.0,0.0,0.44,0.0,0.0,0.99983,1.0,1.0,1.0,1.0,1.0,1.0,0.2865,0.40929,0.0,0.85257,0.76039,0.0,0.0,1.0,1.0,1.0,0.0,1.0,1.0,0.5,0.5,0.5,1.0,1.0,0.5,0.5,0.5,0.0,0.0,1.0,1.0,1.0,0.80989,0.6375,1.0,0.2,0.0,1.0,1.0,1.0,1.0,1.0
0.5,0.5,0.5,0.5,0.5,0.5,0.27464,0.6,0.06667,0.0,0.5,0.0,0.0,0.32,0.0,0.5,0.5,0.9,0.8,1.0,1.0,0.5,1.0,0.67403,0.9629,0.25,1.0,1.0,1.0,0.0,0.66667,0.75,0.5,0.0,1.0,1.0,0.5,0.5,0.5,1.0,1.0,0.5,0.5,0.5,0.5,0.5,1.0,1.0,1.0,0.5,0.5,1.0,0.2,0.0,1.0,1.0,1.0,0.5,0.5
0.0,0.0,0.0,0.0,0.6,0.6,0.28935,0.6,0.16667,0.0,0.5,0.0,0.0,0.24,0.04,0.42256,0.0,1.0,0.9,1.0,1.0,0.9,1.0,0.66176,0.94538,0.25,1.0,1.0,1.0,0.0,0.5,0.75,0.75,0.0,1.0,1.0,0.5,0.5,0.5,1.0,1.0,0.5,0.5,0.5,0.0,0.0,1.0,1.0,1.0,1.0,0.91889,1.0,0.2,0.0,1.0,0.0,1.0,0.0,1.0
0.5,0.5,0.5,0.5,0.5,0.5,0.05894,0.2,0.16667,0.0,0.5,0.0,0.0,0.24,0.0,0.92885,0.0,1.0,1.0,1.0,1.0,0.5,1.0,0.63591,0.90844,0.25,0.60576,0.50131,0.0,0.0,0.62518,1.0,0.5,0.0,1.0,1.0,0.5,0.5,0.5,1.0,1.0,0.5,0.5,0.5,0.0,0.0,1.0,1.0,1.0,0.11595,0.17243,1.0,0.2,0.0,1.0,1.0,1.0,0.5,0.5
1.0,1.0,1.0,1.0,0.2,0.2,0.06102,0.2,0.26667,0.0,0.5,0.0,0.0,0.24,0.0,0.96882,0.0,1.0,1.0,1.0,1.0,1.0,1.0,0.64205,0.91721,0.25,0.59727,0.46789,0.0,0.0,0.62686,0.75,1.0,0.0,1.0,1.0,0.5,0.5,0.5,1.0,1.0,0.5,0.5,0.5,0.0,0.0,1.0,1.0,1.0,0.11595,0.17243,1.0,0.2,0.0,1.0,1.0,1.0,0.5,1.0
1.0,1.0,1.0,1.0,0.2,0.2,0.07537,0.2,0.33333,0.0,0.5,0.0,0.0,0.28,0.0,0.98575,0.0,1.0,1.0,1.0,1.0,1.0,1.0,0.64599,0.92284,0.25,0.7172,0.59655,0.0,0.0,0.642,0.75,1.0,0.0,1.0,1.0,0.5,0.5,0.5,1.0,1.0,0.5,0.5,0.5,0.0,0.0,1.0,1.0,1.0,0.11595,0.17243,1.0,0.2,0.0,1.0,1.0,1.0,0.5,1.0
1.0,1.0,1.0,1.0,0.2,0.2,0.08169,0.2,0.5,0.0,0.5,0.0,0.0,0.28,0.0,0.995,0.0,1.0,1.0,1.0,1.0,1.0,1.0,0.66517,0.95025,0.25,0.69409,0.4977,0.0,0.0,0.64671,0.75,1.0,0.0,1.0,1.0,0.5,0.5,0.5,1.0,1.0,0.5,0.5,0.5,0.0,0.0,1.0,1.0,1.0,0.11595,0.17243,1.0,0.2,0.0,1.0,1.0,1.0,0.5,1.0
1.0,1.0,1.0,1.0,0.2,0.2,0.09961,0.2,0.6,0.0,0.5,0.0,0.0,0.28,0.0,0.99778,0.0,1.0,1.0,1.0,1.0,1.0,1.0,0.67742,0.96774,0.25,0.79844,0.58268,0.0,0.0,0.64978,1.0,1.0,0.0,1.0,1.0,0.5,0.5,0.5,1.0,1.0,0.5,0.5,0.5,0.0,0.0,1.0,1.0,1.0,0.11595,0.17243,1.0,0.2,0.0,1.0,1.0,1.0,0.5,1.0
1.0,1.0,1.0,1.0,0.4,0.4,0.12964,0.4,0.76667,0.0,0.5,0.0,0.0,0.28,0.0,0.0,0.99953,1.0,1.0,1.0,1.0,1.0,1.0,0.70757,1.0,0.25,0.92569,0.66687,0.5,0.0,0.65426,0.75,1.0,0.0,1.0,1.0,0.5,0.5,0.5,1.0,1.0,0.5,0.5,0.5,0.0,0.0,1.0,1.0,1.0,0.11595,0.17243,1.0,0.2,0.0,1.0,1.0,1.0,0.5,1.0
1.0,1.0,1.0,1.0,0.4,0.4,0.16042,0.4,0.83333,0.0,0.5,0.0,0.0,0.28,0.0,0.0,0.99845,1.0,1.0,1.0,1.0,1.0,1.0,0.7204,1.0,0.25,1.0,0.87167,0.5,0.0,0.6608,0.75,1.0,0.0,1.0,1.0,0.5,0.5,0.5,1.0,1.0,0.5,0.5,0.5,0.0,0.0,1.0,1.0,1.0,0.11595,0.17243,1.0,0.2,0.0,1.0,1.0,1.0,0.5,1.0
1.0,1.0,1.0,1.0,0.6,0.4,0.17017,0.4,0.93333,0.0,0.5,0.0,0.0,0.28,0.0,0.0,0.9951,1.0,1.0,1.0,1.0,1.0,1.0,0.75,1.0,0.25,1.0,0.78226,0.5,0.0,0.66379,0.75,1.0,0.0,1.0,1.0,0.5,0.5,0.5,1.0,1.0,0.5,0.5,0.5,0.0,0.0,1.0,1.0,1.0,0.11595,0.17243,1.0,0.2,0.0,1.0,1.0,1.0,0.5,1.0
0.5,0.5,0.5,0.5,0.5,0.5,0.20662,0.6,0.26667,0.0,0.5,0.0,0.0,0.64,0.0,0.93386,0.0,1.0,1.0,1.0,1.0,0.5,1.0,0.68101,0.97287,0.0,1.0,0.93498,0.5,0.0,0.97459,1.0,0.5,0.0,1.0,1.0,0.5,0.5,0.5,1.0,1.0,0.5,0.5,0.5,0.0,0.0,1.0,1.0,1.0,0.5,0.5,1.0,0.2,0.0,1.0,1.0,1.0,1.0,0.5
1.0,1.0,1.0,0.0,1.0,0.6,0.15668,0.4,0.4,0.0,0.5,0.0,0.0,0.56,0.0,0.99665,0.0,1.0,1.0,1.0,1.0,1.0,0.0,0.70942,1.0,0.0,0.79724,0.67102,0.0,0.0,0.93071,0.75,1.0,0.0,1.0,1.0,0.5,0.5,0.5,1.0,1.0,0.5,0.5,0.5,0.0,0.0,1.0,1.0,1.0,0.5,0.5,1.0,0.2,0.0,1.0,1.0,1.0,0.0,1.0
0.5,0.5,0.5,0.5,0.5,0.5,0.55892,1.0,0.3,0.0,0.5,0.0,0.0,0.24,0.08,0.96956,0.0,0.8,1.0,0.4,1.0,0.5,1.0,0.66487,0.94982,0.5,1.0,1.0,1.0,0.0,1.0,1.0,0.5,0.0,1.0,1.0,0.5,0.5,0.5,1.0,1.0,0.5,0.5,0.5,0.0,0.0,1.0,1.0,1.0,1.0,0.38513,1.0,0.2,1.0,1.0,0.0,1.0,1.0,0.5
1.0,0.0,1.0,1.0,1.0,1.0,0.57076,1.0,0.36667,0.0,0.5,0.0,0.0,0.2,0.08,0.96988,0.0,1.0,1.0,0.4,1.0,1.0,1.0,0.6903,0.98615,0.5,1.0,1.0,1.0,0.0,1.0,1.0,1.0,0.0,1.0,1.0,0.5,0.5,0.5,1.0,1.0,0.5,0.5,0.5,0.0,0.0,1.0,1.0,1.0,1.0,0.38513,1.0,0.2,1.0,1.0,0.0,1.0,1.0,1.0
0.0,1.0,1.0,1.0,1.0,1.0,0.6658,1.0,0.5,0.0,0.5,0.0,0.0,0.12,0.04,0.99306,0.0,1.0,1.0,0.8,1.0,1.0,0.0,0.93729,1.0,0.5,1.0,1.0,1.0,0.0,1.0,1.0,1.0,0.0,1.0,1.0,0.5,0.5,0.5,1.0,1.0,0.5,0.5,0.5,0.0,0.0,1.0,1.0,1.0,1.0,1.0,1.0,0.2,1.0,1.0,0.0,1.0,0.0,1.0
0.5,0.5,0.5,0.5,0.5,0.5,0.1165,0.4,0.1,0.0,0.5,0.0,0.0,0.44,0.0,0.92623,0.0,1.0,1.0,1.0,1.0,0.5,1.0,0.32022,0.45746,0.0,0.88228,0.53234,0.5,0.0,0.85634,1.0,0.5,0.0,1.0,1.0,0.5,0.5,0.5,1.0,1.0,0.5,0.5,0.5,0.0,0.0,1.0,1.0,1.0,0.5,0.5,1.0,0.2,0.0,1.0,1.0,1.0,1.0,0.5
1.0,1.0,1.0,1.0,0.4,0.4,0.12575,0.4,0.16667,0.0,0.5,0.0,0.0,0.36,0.0,0.96822,0.0,1.0,1.0,1.0,1.0,1.0,1.0,0.33734,0.48191,0.0,0.92792,0.58464,0.5,0.0,0.89264,1.0,1.0,0.0,1.0,1.0,0.5,0.5,0.5,1.0,1.0,0.5,0.5,0.5,0.0,0.0,1.0,1.0,1.0,0.5,0.5,1.0,0.2,0.0,1.0,1.0,1.0,1.0,1.0
1.0,1.0,1.0,1.0,0.4,0.4,0.12778,0.4,0.23333,0.0,0.5,0.0,0.0,0.4,0.0,0.98459,0.0,1.0,1.0,1.0,1.0,1.0,1.0,0.36506,0.52152,0.0,0.90639,0.59455,0.5,0.0,0.89722,1.0,1.0,0.0,1.0,1.0,0.5,0.5,0.5,1.0,1.0,0.5,0.5,0.5,0.0,0.0,1.0,1.0,1.0,0.5,0.5,1.0,0.2,0.0,1.0,1.0,1.0,1.0,1.0
1.0,1.0,1.0,1.0,0.4,0.4,0.11288,0.4,0.36667,0.0,0.5,0.0,0.0,0.44,0.0,0.0,0.99819,1.0,1.0,1.0,1.0,1.0,1.0,0.43667,0.62382,0.0,0.73212,0.44957,0.5,0.0,0.90403,1.0,1.0,0.0,1.0,1.0,0.5,0.5,0.5,1.0,1.0,0.5,0.5,0.5,0.0,0.0,1.0,1.0,1.0,0.5,0.5,1.0,0.2,0.0,1.0,1.0,1.0,1.0,1.0
1.0,1.0,1.0,1.0,0.4,0.4,0.12437,0.4,0.46667,0.0,0.5,0.0,0.0,0.44,0.0,0.0,0.99721,1.0,1.0,1.0,1.0,1.0,1.0,0.48091,0.68701,0.0,0.7686,0.52108,0.5,0.0,0.91261,1.0,1.0,0.0,1.0,1.0,0.5,0.5,0.5,1.0,1.0,0.5,0.5,0.5,0.0,0.0,1.0,1.0,1.0,0.5,0.5,1.0,0.2,0.0,1.0,1.0,1.0,1.0,1.0
1.0,1.0,1.0,1.0,0.4,0.4,0.15749,0.4,0.53333,0.0,0.5,0.0,0.0,0.4,0.0,0.0,0.99643,1.0,1.0,1.0,1.0,1.0,1.0,0.5039,0.71985,0.0,0.95085,0.7462,0.5,0.0,0.92203,1.0,1.0,0.0,1.0,1.0,0.5,0.5,0.5,1.0,1.0,0.5,0.5,0.5,0.0,0.0,1.0,1.0,1.0,0.5,0.5,1.0,0.2,0.0,1.0,1.0,1.0,0.0,1.0
1.0,1.0,1.0,1.0,0.6,0.4,0.14682,0.2,0.63333,0.0,0.5,0.0,0.0,0.4,0.0,0.0,0.9931,1.0,1.0,1.0,1.0,1.0,1.0,0.56181,0.80259,0.0,0.83947,0.68098,0.0,0.0,0.91525,1.0,1.0,0.0,1.0,1.0,0.5,0.5,0.5,1.0,1.0,0.5,0.5,0.5,0.0,0.0,1.0,1.0,1.0,0.5,0.5,1.0,0.2,0.0,1.0,1.0,1.0,1.0,1.0
1.0,1.0,1.0,1.0,0.4,0.6,0.18233,0.6,0.7,0.0,0.5,0.0,0.0,0.36,0.0,0.0,0.99573,1.0,1.0,1.0,1.0,1.0,1.0,0.58638,0.83768,0.0,1.0,0.91957,0.5,0.0,0.91765,1.0,1.0,0.0,1.0,1.0,0.5,0.5,0.5,1.0,1.0,0.5,0.5,0.5,0.0,0.0,1.0,1.0,1.0,0.5,0.5,1.0,0.2,0.0,1.0,1.0,1.0,0.0,1.0
1.0,1.0,1.0,1.0,0.8,0.6,0.19593,0.6,0.76667,0.0,0.5,0.0,0.0,0.36,0.0,0.0,0.99398,1.0,1.0,1.0,1.0,1.0,1.0,0.61787,0.88268,0.0,1.0,0.91132,0.5,0.0,0.9273,1.0,1.0,0.0,1.0,1.0,0.5,0.5,0.5,1.0,1.0,0.5,0.5,0.5,0.0,0.0,1.0,1.0,1.0,0.5,0.5,1.0,0.2,0.0,1.0,1.0,1.0,0.5,1.0
1.0,0.0,1.0,0.0,0.6,0.6,0.16924,0.6,0.86667,0.0,0.5,0.0,0.0,0.36,0.0,0.0,0.98241,1.0,1.0,1.0,1.0,1.0,1.0,0.64477,0.9211,0.0,0.90327,0.64515,0.5,0.0,0.93388,1.0,1.0,0.0,1.0,1.0,0.5,0.5,0.5,1.0,1.0,0.5,0.5,0.5,0.0,0.0,1.0,1.0,1.0,0.5,0.5,1.0,0.2,0.0,1.0,1.0,1.0,1.0,1.0
1.0,1.0,1.0,1.0,0.6,0.6,0.17553,0.6,0.93333,0.0,0.5,0.0,0.0,0.4,0.0,0.0,0.98508,1.0,1.0,1.0,1.0,1.0,1.0,0.65556,0.93652,0.0,0.92913,0.73898,0.5,0.0,0.92734,1.0,1.0,0.0,1.0,1.0,0.5,0.5,0.5,1.0,1.0,0.5,0.5,0.5,0.0,0.0,1.0,1.0,1.0,0.5,0.5,1.0,0.2,0.0,1.0,1.0,1.0,0.5,1.0
1.0,1.0,1.0,1.0,0.6,0.8,0.1984,0.6,0.0,0.90909,0.5,0.0,0.0,0.44,0.0,0.0,0.92471,0.7,1.0,1.0,1.0,0.7,1.0,0.8603,1.0,0.25,1.0,0.8183,0.5,0.0,0.93233,0.5,1.0,0.0,1.0,1.0,0.5,0.5,0.5,1.0,1.0,0.5,0.5,0.5,0.0,0.0,1.0,1.0,1.0,0.5,0.5,1.0,0.2,0.0,1.0,1.0,1.0,0.0,1.0
1.0,0.0,1.0,0.0,0.6,0.6,0.1781,0.6,0.0,0.85714,0.5,0.0,0.0,0.44,0.0,0.97479,0.0,0.9,1.0,1.0,1.0,0.9,1.0,0.86507,1.0,0.25,0.91411,0.66784,0.5,0.0,0.9359,0.75,1.0,0.0,1.0,1.0,0.5,0.5,0.5,1.0,1.0,0.5,0.5,0.5,0.0,0.0,1.0,1.0,1.0,0.5,0.5,1.0,0.2,0.0,1.0,1.0,1.0,0.5,1.0
1.0,1.0,1.0,1.0,0.6,0.6,0.13209,0.2,0.0,0.75,0.5,0.0,0.0,0.32,0.0,0.0,0.9888,1.0,0.9,1.0,1.0,1.0,0.0,0.48408,0.69155,0.0,0.54244,0.37216,0.0,0.0,0.93875,1.0,0.75,0.0,1.0,1.0,0.5,0.5,0.5,1.0,1.0,0.5,0.5,0.5,0.0,0.0,1.0,1.0,1.0,0.5,0.5,1.0,0.2,0.0,1.0,1.0,1.0,1.0,1.0
0.5,0.5,0.5,0.5,0.5,0.5,0.06717,0.4,0.1,0.0,0.5,0.0,0.0,0.56,0.0,1.0,0.0,1.0,1.0,1.0,1.0,0.5,0.0,0.32653,0.46647,0.25,0.27032,0.19583,0.0,0.0,0.95527,0.75,0.5,0.0,1.0,1.0,0.5,0.5,0.5,1.0,1.0,0.5,0.5,0.5,0.0,0.0,1.0,1.0,1.0,0.5,0.5,1.0,0.2,0.0,1.0,1.0,1.0,0.33333,0.5
0.0,0.0,0.0,0.0,0.4,0.4,0.04203,0.4,0.2,0.0,0.5,0.0,0.0,0.36,0.0,0.0,1.0,0.6,0.4,1.0,1.0,0.4,1.0,0.77437,1.0,1.0,0.1687,0.11088,0.0,0.0,0.97657,0.5,1.0,0.0,1.0,1.0,0.5,0.5,0.5,1.0,1.0,0.5,0.5,0.5,0.0,0.0,1.0,1.0,1.0,0.5,0.5,1.0,0.2,0.0,1.0,1.0,1.0,0.33333,1.0
0.0,0.0,0.0,0.0,0.4,0.4,0.01221,0.4,0.6,0.0,0.5,0.0,0.0,0.2,0.0,0.0,0.99935,1.0,1.0,1.0,1.0,1.0,1.0,0.78117,1.0,0.75,0.06104,0.02573,0.25,0.0,0.9934,1.0,0.75,0.0,1.0,1.0,0.5,0.5,0.5,1.0,1.0,0.5,0.5,0.5,0.0,0.0,1.0,1.0,1.0,0.5,0.5,1.0,0.2,0.0,1.0,1.0,1.0,0.25,1.0
1.0,0.0,0.0,0.0,0.4,0.4,0.00488,0.4,0.9,0.0,0.5,0.0,0.0,0.24,0.04,0.0,0.99954,1.0,1.0,1.0,1.0,1.0,1.0,0.915,1.0,0.25,0.02514,0.00849,0.5,0.0,0.66667,1.0,0.5,0.0,1.0,1.0,0.5,0.5,0.5,1.0,1.0,0.5,0.5,0.5,0.0,0.0,1.0,1.0,1.0,0.06259,1.0,1.0,0.2,0.0,1.0,0.0,1.0,0.5,1.0
0.5,0.5,0.5,0.5,0.5,0.5,0.26087,0.8,0.06667,0.0,0.5,0.0,0.0,0.24,0.0,0.5,0.5,0.9,0.9,1.0,1.0,0.5,1.0,0.30931,0.44187,0.0,1.0,1.0,1.0,0.0,0.5,1.0,0.5,0.0,1.0,1.0,0.5,0.5,0.5,1.0,1.0,0.5,0.5,0.5,0.5,0.5,1.0,1.0,1.0,0.5,0.5,1.0,0.2,0.0,1.0,1.0,1.0,1.0,0.5
0.0,0.5,0.0,0.5,0.8,0.5,0.2598,0.8,0.1,0.0,0.5,0.0,1.0,0.24,0.0,0.88161,0.0,0.9,0.9,1.0,1.0,0.9,0.0,0.13775,0.19679,0.0,1.0,1.0,1.0,0.0,1.0,1.0,0.75,0.0,1.0,1.0,0.5,0.5,0.5,1.0,1.0,0.5,0.5,0.5,0.0,0.0,1.0,1.0,1.0,0.5,0.5,1.0,0.2,1.0,1.0,1.0,1.0,1.0,1.0
0.5,0.5,0.5,0.5,0.5,0.5,0.50425,1.0,0.3,0.0,0.5,0.0,0.0,0.52,0.04,0.3463,0.0,1.0,1.0,1.0,1.0,0.5,0.0,0.6669,0.95272,0.0,1.0,1.0,1.0,0.0,1.0,1.0,0.5,0.0,1.0,1.0,0.5,0.5,0.5,1.0,1.0,0.5,0.5,0.5,0.0,0.0,1.0,1.0,1.0,1.0,1.0,1.0,0.2,0.0,1.0,0.0,1.0,0.0,0.5
1.0,1.0,1.0,1.0,1.0,1.0,0.56284,1.0,0.36667,0.0,0.5,0.0,0.0,0.28,0.04,0.76355,0.0,1.0,1.0,1.0,1.0,1.0,1.0,0.82578,1.0,0.25,1.0,1.0,1.0,0.0,1.0,1.0,0.75,0.0,1.0,1.0,0.5,0.5,0.5,1.0,1.0,0.5,0.5,0.5,0.0,0.0,1.0,1.0,1.0,1.0,1.0,1.0,0.2,1.0,1.0,0.0,1.0,1.0,1.0
0.5,0.5,0.5,0.5,0.5,0.5,0.17386,0.6,0.06667,0.0,0.5,0.0,0.0,0.2,0.0,0.5,0.5,0.8,1.0,1.0,1.0,0.5,1.0,0.96194,1.0,0.25,0.77595,0.372,0.5,0.0,0.66667,0.5,0.5,0.0,1.0,1.0,0.5,0.5,0.5,1.0,1.0,0.5,0.5,0.5,0.5,0.5,1.0,1.0,1.0,0.5,0.5,1.0,0.2,0.0,1.0,1.0,1.0,0.5,0.5
1.0,1.0,1.0,1.0,0.6,0.8,0.26777,0.8,0.3,0.0,0.5,0.0,0.0,0.28,0.08,0.0,0.99707,1.0,1.0,0.8,1.0,0.8,1.0,0.74582,1.0,0.25,1.0,1.0,1.0,0.0,1.0,1.0,0.25,0.0,1.0,1.0,0.5,0.5,0.5,1.0,1.0,0.5,0.5,0.5,0.0,0.0,1.0,1.0,1.0,0.5,0.5,1.0,0.2,0.0,1.0,1.0,1.0,1.0,1.0
0.0,0.0,0.0,0.0,0.8,0.8,0.0998,0.6,0.53333,0.0,0.5,0.0,0.0,0.24,0.08,0.0,0.99971,1.0,1.0,0.8,0.8,1.0,1.0,0.95831,1.0,0.25,0.27079,0.1566,0.0,0.0,0.84771,0.75,0.5,0.0,1.0,1.0,0.5,0.5,0.5,1.0,1.0,0.5,0.5,0.5,0.0,0.0,1.0,1.0,1.0,0.5,0.5,1.0,0.2,0.0,1.0,1.0,1.0,0.0,1.0
0.0,0.0,0.0,0.0,0.6,0.6,0.08171,0.6,0.7,0.0,0.5,0.0,0.0,0.16,0.08,0.99096,0.0,1.0,1.0,1.0,1.0,0.8,0.0,0.99678,1.0,0.5,0.23444,0.13278,0.0,0.0,0.83955,0.5,1.0,0.0,1.0,1.0,0.5,0.5,0.5,1.0,1.0,0.5,0.5,0.5,0.0,0.0,1.0,1.0,1.0,0.5,0.5,1.0,0.2,0.0,1.0,1.0,1.0,0.0,1.0
0.5,0.5,0.5,0.5,0.5,0.5,0.11952,0.4,0.13333,0.0,0.5,0.0,0.0,0.4,0.04,0.38091,0.0,1.0,1.0,1.0,1.0,0.5,0.0,0.81427,1.0,0.25,0.65574,0.3242,0.5,0.0,0.66667,1.0,0.5,0.0,0.8,0.73175,0.63149,0.5,1.0,1.0,1.0,0.5,0.5,0.5,0.0,0.0,1.0,1.0,1.0,0.5,0.5,1.0,0.2,0.0,1.0,1.0,1.0,0.5,0.5
1.0,1.0,1.0,1.0,0.4,0.4,0.13362,0.4,0.2,0.0,0.5,0.0,0.0,0.32,0.0,0.0,0.75681,1.0,0.9,1.0,1.0,0.9,1.0,0.56712,0.81017,0.25,1.0,1.0,1.0,0.0,1.0,0.75,0.75,0.0,1.0,1.0,0.5,0.5,0.5,1.0,1.0,0.5,0.5,0.5,0.0,0.0,1.0,1.0,1.0,0.5,0.5,1.0,0.2,0.0,1.0,1.0,1.0,0.0,1.0
1.0,1.0,1.0,1.0,0.4,0.4,0.14543,0.4,0.26667,0.0,0.5,0.0,0.0,0.32,0.0,0.0,0.90131,1.0,1.0,1.0,1.0,1.0,0.0,0.56953,0.81361,0.25,1.0,1.0,1.0,0.0,1.0,0.75,1.0,0.0,1.0,1.0,0.5,0.5,0.5,1.0,1.0,0.5,0.5,0.5,0.0,0.0,1.0,1.0,1.0,0.5,0.5,1.0,0.2,0.0,1.0,1.0,1.0,0.0,1.0
0.0,0.0,0.0,0.0,0.4,0.4,0.14568,0.4,0.36667,0.0,0.5,0.0,0.0,0.28,0.04,0.42369,0.0,1.0,1.0,1.0,1.0,1.0,1.0,0.674,0.96285,0.25,0.90423,0.82521,0.0,0.0,1.0,0.75,0.5,0.0,1.0,1.0,0.5,0.5,0.5,1.0,1.0,0.5,0.5,0.5,0.0,0.0,1.0,1.0,1.0,1.0,0.99428,1.0,0.2,0.0,1.0,0.0,1.0,0.0,1.0
1.0,1.0,1.0,1.0,0.4,0.6,0.10258,0.4,0.5,0.0,0.5,0.0,0.0,0.28,0.04,0.98608,0.0,1.0,1.0,1.0,1.0,1.0,1.0,0.97445,1.0,0.5,0.46014,0.25389,0.0,0.0,0.9721,0.75,0.75,0.0,1.0,1.0,0.5,0.5,0.5,1.0,1.0,0.5,0.5,0.5,0.0,0.0,1.0,1.0,1.0,0.55165,0.0896,1.0,0.2,0.0,1.0,0.0,1.0,0.5,1.0
1.0,1.0,1.0,1.0,0.4,0.6,0.13337,0.6,0.56667,0.0,0.5,0.0,0.0,0.32,0.04,0.0,0.99172,0.8,0.8,1.0,1.0,0.8,0.0,0.9768,1.0,0.25,0.59154,0.32194,0.5,0.0,0.94892,0.25,1.0,0.0,1.0,1.0,0.5,0.5,0.5,1.0,1.0,0.5,0.5,0.5,0.0,0.0,1.0,1.0,1.0,0.55165,0.0896,1.0,0.2,0.0,1.0,0.0,1.0,0.0,1.0
1.0,1.0,1.0,1.0,0.6,0.6,0.13812,0.4,0.7,0.0,0.5,0.0,0.0,0.28,0.04,0.98475,0.0,1.0,1.0,1.0,1.0,1.0,1.0,0.99848,1.0,0.25,0.59317,0.36799,0.0,0.0,0.93905,0.75,1.0,0.0,1.0,1.0,0.5,0.5,0.5,1.0,1.0,0.5,0.5,0.5,0.0,0.0,1.0,1.0,1.0,0.55165,0.0896,1.0,0.2,0.0,1.0,0.0,1.0,0.5,1.0
1.0,1.0,1.0,1.0,0.4,0.6,0.23195,0.6,0.0,0.96774,0.5,0.0,0.0,0.24,0.04,0.0,0.9998,1.0,1.0,1.0,1.0,1.0,0.0,0.93354,1.0,0.25,0.91962,0.75516,0.5,0.0,0.93196,0.75,1.0,0.0,1.0,1.0,0.5,0.5,0.5,1.0,1.0,0.5,0.5,0.5,0.0,0.0,1.0,1.0,1.0,0.55165,0.0896,1.0,0.2,0.0,1.0,0.0,1.0,0.0,1.0
1.0,1.0,1.0,1.0,0.8,0.8,0.27015,0.8,0.0,0.90909,0.5,0.0,0.0,0.24,0.04,0.0,0.99949,1.0,1.0,1.0,1.0,1.0,0.0,0.92287,1.0,0.25,1.0,0.91048,0.5,0.0,0.93158,1.0,1.0,0.0,1.0,1.0,0.5,0.5,0.5,1.0,1.0,0.5,0.5,0.5,0.0,0.0,1.0,1.0,1.0,0.55165,0.0896,1.0,0.2,0.0,1.0,0.0,1.0,0.5,1.0
1.0,1.0,1.0,1.0,1.0,1.0,0.30819,1.0,0.0,0.85714,0.5,0.0,0.0,0.24,0.04,0.0,0.99881,1.0,1.0,1.0,1.0,1.0,0.0,0.91336,1.0,0.25,1.0,1.0,1.0,0.0,0.93137,1.0,1.0,0.0,1.0,1.0,0.5,0.5,0.5,1.0,1.0,0.5,0.5,0.5,0.0,0.0,1.0,1.0,1.0,0.55165,0.0896,1.0,0.2,0.0,1.0,0.0,1.0,0.5,1.0
1.0,1.0,1.0,1.0,1.0,1.0,0.33928,1.0,0.0,0.81081,0.5,0.0,0.0,0.24,0.04,0.0,0.99869,1.0,1.0,1.0,1.0,1.0,0.0,0.90492,1.0,0.25,1.0,1.0,1.0,0.0,0.93125,0.75,1.0,0.0,1.0,1.0,0.5,0.5,0.5,1.0,1.0,0.5,0.5,0.5,0.0,0.0,1.0,1.0,1.0,0.55165,0.0896,1.0,0.2,0.0,1.0,0.0,1.0,0.5,1.0
1.0,1.0,1.0,1.0,1.0,1.0,0.36462,1.0,0.0,0.76923,0.5,0.0,0.0,0.24,0.04,0.0,0.99865,1.0,1.0,1.0,1.0,1.0,0.0,0.89704,1.0,0.25,1.0,1.0,1.0,0.0,0.93119,0.75,1.0,0.0,1.0,1.0,0.5,0.5,0.5,1.0,1.0,0.5,0.5,0.5,0.0,0.0,1.0,1.0,1.0,0.55165,0.0896,1.0,0.2,0.0,1.0,0.0,1.0,0.5,1.0
0.5,0.5,0.5,0.5,0.5,0.5,0.08036,0.2,0.06667,0.0,1.0,0.0,0.0,0.34,0.0,0.5,0.5,0.93333,0.88889,1.0,1.0,0.5,1.0,0.60458,0.86369,0.11111,0.79008,0.653,0.0,0.0,1.0,0.88889,0.5,0.0,1.0,1.0,0.5,0.5,0.5,1.0,1.0,0.5,0.5,0.5,0.5,0.5,1.0,1.0,1.0,0.5,0.5,1.0,0.1,0.0,1.0,1.0,1.0,0.0,0.5
1.0,0.0,1.0,0.0,0.2,0.2,0.06309,0.1,0.26667,0.0,1.0,0.0,0.0,0.24,0.0,0.97416,0.0,1.0,0.91111,1.0,1.0,0.91111,1.0,0.71373,1.0,0.22222,0.65681,0.50363,0.0,0.0,0.84364,1.0,0.55556,0.0,1.0,1.0,0.5,0.5,0.5,1.0,1.0,0.5,0.5,0.5,0.0,0.0,1.0,1.0,1.0,0.5,0.5,1.0,0.1,0.0,1.0,1.0,1.0,0.66667,1.0
1.0,1.0,1.0,1.0,0.1,0.1,0.10043,0.5,0.4,0.0,1.0,0.0,0.0,0.24,0.0,0.98743,0.0,1.0,1.0,1.0,1.0,0.91111,1.0,0.77047,1.0,0.11111,1.0,0.91221,0.5,1.0,0.92029,0.88889,0.88889,0.0,1.0,1.0,0.5,0.5,0.5,1.0,1.0,0.5,0.5,0.5,0.0,0.0,1.0,1.0,1.0,0.5,0.5,1.0,0.1,0.0,1.0,1.0,1.0,0.75,1.0
1.0,1.0,1.0,1.0,1.0,0.7,0.06349,0.1,0.56667,0.0,1.0,0.0,0.0,0.26,0.01,0.66615,0.0,1.0,1.0,1.0,1.0,1.0,0.0,0.76404,1.0,0.11111,0.65161,0.50516,0.0,0.0,0.95291,1.0,1.0,0.0,0.9,0.85557,0.49098,0.5,0.7014,1.0,1.0,0.5,0.5,0.5,0.0,0.0,1.0,1.0,1.0,0.5,0.5,1.0,0.1,0.0,1.0,1.0,1.0,0.75,1.0
1.0,1.0,1.0,1.0,0.1,0.1,0.07828,0.1,0.63333,0.0,1.0,0.0,0.0,0.27,0.01,0.89942,0.0,0.97778,1.0,1.0,1.0,0.97778,1.0,0.77662,1.0,0.11111,0.7846,0.64454,0.0,0.0,0.97782,1.0,1.0,0.0,0.9,0.86805,0.71532,0.62796,0.71532,1.0,1.0,0.5,0.5,0.5,0.0,0.0,1.0,1.0,1.0,0.5,0.5,1.0,0.1,0.0,1.0,1.0,1.0,0.0,1.0
1.0,0.5,1.0,0.5,0.3,0.5,0.09102,0.3,0.66667,0.0,1.0,0.0,1.0,0.29,0.01,0.96762,0.0,1.0,1.0,1.0,1.0,1.0,0.0,0.76735,1.0,0.11111,0.92278,0.77115,0.25,0.0,0.9961,1.0,0.77778,1.0,1.0,1.0,0.5,0.62796,0.5,1.0,1.0,0.5,0.5,0.5,0.11045,0.0,0.0,1.0,1.0,0.5,0.5,1.0,0.0,0.0,1.0,1.0,1.0,0.0,1.0
0.5,0.5,0.5,0.5,0.5,0.5,0.02644,0.1,0.4,0.0,1.0,0.0,0.0,0.51,0.0,0.96651,0.0,1.0,1.0,1.0,1.0,0.5,1.0,0.61382,0.87689,0.11111,0.37103,0.2836,0.0,1.0,0.94188,0.88889,0.5,0.0,1.0,1.0,0.5,0.5,0.5,1.0,1.0,0.5,0.5,0.5,0.0,0.0,1.0,1.0,1.0,0.5,0.5,1.0,0.1,0.0,1.0,1.0,1.0,0.66667,0.5
0.5,0.5,0.5,0.5,0.5,0.5,0.22379,1.0,0.3,0.0,1.0,0.0,0.0,0.41,0.02,0.8987,0.0,0.8,1.0,0.8,1.0,0.5,1.0,0.98842,1.0,0.11111,1.0,1.0,1.0,0.0,0.92456,0.88889,0.5,0.0,1.0,1.0,0.5,0.5,0.5,1.0,1.0,0.5,0.5,0.5,0.0,0.0,1.0,1.0,1.0,1.0,1.0,1.0,0.1,0.0,1.0,0.0,1.0,0.0,0.5
1.0,1.0,1.0,0.0,1.0,0.9,0.21087,0.9,0.36667,0.0,1.0,0.0,0.0,0.37,0.02,0.98193,0.0,1.0,1.0,0.8,1.0,1.0,0.0,0.93698,1.0,0.11111,1.0,0.95995,0.75,0.0,0.963,0.88889,0.77778,0.0,1.0,1.0,0.5,0.5,0.5,1.0,1.0,0.5,0.5,0.5,0.0,0.0,1.0,1.0,1.0,1.0,1.0,1.0,0.1,0.0,1.0,0.0,1.0,1.0,1.0
1.0,0.5,1.0,0.5,1.0,0.5,0.2217,1.0,0.4,0.0,1.0,0.0,1.0,0.36,0.02,0.98077,0.0,1.0,1.0,0.8,1.0,1.0,1.0,0.94289,1.0,0.11111,1.0,1.0,1.0,0.0,0.96516,1.0,1.0,0.0,1.0,1.0,0.5,0.5,0.5,1.0,1.0,0.5,0.5,0.5,0.0,0.0,1.0,1.0,1.0,1.0,1.0,1.0,0.1,0.0,1.0,0.0,1.0,0.0,1.0
1.0,0.5,1.0,0.5,1.0,0.5,0.23195,1.0,0.43333,0.0,1.0,0.0,1.0,0.33,0.02,0.98063,0.0,1.0,1.0,0.8,1.0,1.0,1.0,0.94734,1.0,0.11111,1.0,1.0,1.0,0.0,0.96852,1.0,1.0,0.0,1.0,1.0,0.5,0.5,0.5,1.0,1.0,0.5,0.5,0.5,0.0,0.0,1.0,1.0,1.0,1.0,1.0,1.0,0.1,0.0,1.0,0.0,1.0,0.0,1.0
1.0,0.0,1.0,0.0,1.0,1.0,0.19606,0.9,0.53333,0.0,1.0,0.0,0.0,0.3,0.02,0.0,0.99845,1.0,0.66667,0.82222,1.0,0.66667,1.0,0.75578,1.0,0.22222,1.0,1.0,1.0,0.0,0.96994,0.66667,0.33333,0.0,0.9,0.99966,1.0,0.5,1.0,1.0,1.0,0.5,0.5,0.5,0.0,0.0,1.0,1.0,1.0,1.0,1.0,1.0,0.1,0.0,1.0,0.0,1.0,0.0,1.0
0.5,0.5,0.5,0.5,0.5,0.5,0.13008,0.8,0.1,0.0,1.0,0.0,0.0,0.18,0.01,0.50742,0.0,0.68889,0.88889,0.82222,1.0,0.5,1.0,0.65963,0.94232,0.22222,1.0,1.0,1.0,0.0,1.0,0.88889,0.5,0.0,1.0,1.0,0.5,0.5,0.5,1.0,1.0,0.5,0.5,0.5,0.0,0.0,1.0,1.0,1.0,1.0,1.0,1.0,0.1,0.0,1.0,0.0,1.0,0.0,0.5
1.0,1.0,1.0,1.0,0.9,1.0,0.07339,0.3,0.36667,0.0,1.0,0.0,0.0,0.3,0.06,0.96898,0.0,0.91111,1.0,0.82222,0.86667,0.77778,1.0,0.6524,0.932,0.22222,0.68828,0.59325,0.0,0.0,0.92995,0.88889,0.77778,0.0,1.0,1.0,0.5,0.5,0.5,1.0,1.0,0.5,0.5,0.5,0.0,0.0,1.0,1.0,1.0,1.0,1.0,1.0,0.1,0.0,1.0,0.0,1.0,1.0,1.0
0.0,0.0,0.0,0.0,0.3,0.3,0.01541,0.3,0.6,0.0,1.0,0.0,0.0,0.09,0.04,0.9543,0.0,1.0,1.0,0.84444,1.0,0.82222,1.0,0.69089,0.98698,0.22222,0.13533,0.07842,0.0,0.0,0.91554,1.0,0.55556,0.0,0.9,0.99984,1.0,0.5,1.0,1.0,1.0,0.5,0.5,0.5,0.0,0.0,1.0,1.0,1.0,0.26681,0.52857,1.0,0.1,0.0,1.0,0.0,1.0,0.0,1.0
0.0,0.0,0.0,0.0,0.3,0.3,0.01451,0.3,0.66667,0.0,1.0,0.0,0.0,0.08,0.04,0.97161,0.0,1.0,1.0,0.82222,0.88889,1.0,1.0,0.69138,0.98769,0.22222,0.12722,0.07369,0.0,0.0,0.91275,0.77778,1.0,0.0,0.9,0.99983,1.0,1.0,1.0,1.0,1.0,0.5,0.5,0.5,0.0,0.0,1.0,1.0,1.0,0.26681,0.52857,1.0,0.1,0.0,1.0,0.0,1.0,0.0,1.0
0.5,0.5,0.5,0.5,0.5,0.5,0.12551,0.8,0.2,0.0,1.0,0.0,0.0,0.23,0.01,0.64308,0.0,0.86667,0.95556,0.88889,1.0,0.5,1.0,0.95019,1.0,0.11111,1.0,0.72699,0.8,0.0,0.71461,0.88889,0.5,0.0,1.0,1.0,0.5,0.5,0.5,1.0,1.0,0.5,0.5,0.5,0.0,0.0,1.0,1.0,1.0,1.0,0.10308,1.0,0.1,0.0,1.0,0.0,1.0,0.4,0.5
1.0,1.0,1.0,1.0,0.8,0.8,0.12626,0.8,0.6,0.0,1.0,0.0,0.0,0.28,0.01,0.0,0.996,0.95556,1.0,0.91111,1.0,0.84444,1.0,0.91795,1.0,0.11111,0.99248,0.70585,0.5,0.0,0.85068,0.88889,0.88889,0.0,1.0,1.0,0.5,0.5,0.5,1.0,1.0,0.5,0.5,0.5,0.0,0.0,1.0,1.0,1.0,1.0,0.10308,1.0,0.1,0.0,1.0,0.0,1.0,0.75,1.0
1.0,1.0,1.0,1.0,0.9,0.9,0.14253,0.9,0.66667,0.0,1.0,0.0,0.0,0.27,0.01,0.0,0.99826,0.95556,1.0,1.0,1.0,1.0,1.0,0.91873,1.0,0.11111,1.0,0.82912,0.75,0.0,0.85265,0.88889,1.0,0.0,1.0,1.0,0.5,0.5,0.5,1.0,1.0,0.5,0.5,0.5,0.0,0.0,1.0,1.0,1.0,1.0,0.10308,1.0,0.1,0.0,1.0,0.0,1.0,0.75,1.0
1.0,1.0,1.0,1.0,0.9,0.9,0.15336,0.9,0.73333,0.0,1.0,0.0,0.0,0.29,0.01,0.0,0.99975,0.93333,1.0,1.0,1.0,1.0,1.0,0.97562,1.0,0.11111,1.0,0.93894,0.75,0.0,0.79544,0.88889,0.77778,0.0,1.0,1.0,0.5,0.5,0.5,1.0,1.0,0.5,0.5,0.5,0.0,0.0,1.0,1.0,1.0,1.0,0.10308,1.0,0.1,0.0,1.0,0.0,1.0,0.75,1.0
1.0,1.0,1.0,1.0,1.0,1.0,0.14981,0.9,0.86667,0.0,1.0,0.0,0.0,0.28,0.01,0.0,0.99846,1.0,1.0,1.0,1.0,1.0,0.0,0.94989,1.0,0.11111,1.0,0.9419,0.75,0.0,0.85266,0.88889,0.77778,0.0,1.0,1.0,0.5,0.5,0.5,1.0,1.0,0.5,0.5,0.5,0.0,0.0,1.0,1.0,1.0,1.0,0.10308,1.0,0.1,0.0,1.0,0.0,1.0,0.75,1.0
1.0,1.0,1.0,1.0,1.0,1.0,0.15102,0.9,0.96667,0.0,1.0,0.0,0.0,0.3,0.01,0.0,0.99961,1.0,1.0,1.0,1.0,1.0,0.0,0.94511,1.0,0.11111,1.0,0.94534,0.75,0.0,0.85077,0.88889,1.0,0.0,1.0,1.0,0.5,0.5,0.5,1.0,1.0,0.5,0.5,0.5,0.0,0.0,1.0,1.0,1.0,1.0,0.10308,1.0,0.1,0.0,1.0,0.0,1.0,0.75,1.0
0.5,0.5,0.5,0.5,0.5,0.5,0.1305,0.8,0.13333,0.0,1.0,0.0,0.0,0.72,0.0,1.0,0.0,1.0,1.0,1.0,1.0,0.5,1.0,0.92275,1.0,0.33333,1.0,0.94662,0.66667,0.0,0.92715,1.0,0.5,0.0,1.0,1.0,0.5,0.5,0.5,1.0,1.0,0.5,0.5,0.5,0.0,0.0,1.0,1.0,1.0,0.5,0.5,1.0,0.1,0.0,1.0,1.0,1.0,0.83333,0.5
1.0,1.0,1.0,1.0,0.9,0.9,0.11809,0.7,0.3,0.0,1.0,0.0,0.0,0.72,0.0,0.0,1.0,1.0,1.0,1.0,1.0,1.0,0.0,0.91407,1.0,0.33333,1.0,0.81182,0.5,0.0,0.97611,1.0,1.0,0.0,1.0,1.0,0.5,0.5,0.5,1.0,1.0,0.5,0.5,0.5,0.0,0.0,1.0,1.0,1.0,0.5,0.5,1.0,0.1,0.0,1.0,1.0,1.0,0.83333,1.0
1.0,1.0,1.0,1.0,0.9,0.8,0.12168,0.8,0.36667,0.0,1.0,0.0,0.0,0.67,0.0,0.0,1.0,1.0,0.53333,1.0,1.0,0.53333,0.0,0.776,1.0,0.0,1.0,0.88157,0.66667,0.0,0.98406,1.0,1.0,0.0,1.0,1.0,0.5,0.5,0.5,1.0,1.0,0.5,0.5,0.5,0.0,0.0,1.0,1.0,1.0,0.5,0.5,1.0,0.1,0.0,1.0,1.0,1.0,0.83333,1.0
0.5,0.5,0.5,0.5,0.5,0.5,0.00032,0.1,0.5,0.0,1.0,0.0,0.0,0.29,0.0,0.99542,0.0,0.88889,1.0,1.0,1.0,0.5,1.0,0.96631,1.0,0.44444,0.00217,0.00148,0.0,0.0,0.99101,1.0,0.5,0.0,1.0,1.0,0.5,0.5,0.5,1.0,1.0,0.5,0.5,0.5,0.0,0.0,1.0,1.0,1.0,0.5,0.5,1.0,0.1,0.0,1.0,1.0,1.0,0.0,0.5
0.5,0.5,0.5,0.5,0.5,0.5,0.10452,0.7,0.2,0.0,1.0,0.0,0.0,0.13,0.0,0.97761,0.0,0.93333,0.91111,1.0,1.0,0.5,0.0,0.57924,0.82748,0.11111,1.0,1.0,1.0,0.0,0.44444,1.0,0.5,0.0,1.0,1.0,0.5,0.5,0.5,1.0,1.0,0.5,0.5,0.5,0.0,0.0,1.0,1.0,1.0,0.5,0.5,1.0,0.1,0.0,1.0,1.0,1.0,0.5,0.5
0.5,0.5,0.5,0.5,0.5,0.5,0.0536,0.4,0.2,0.0,1.0,0.0,0.0,0.28,0.06,0.9132,0.0,0.64444,1.0,1.0,1.0,0.5,0.0,0.6488,0.92685,0.22222,0.58516,0.26171,0.33333,0.0,0.80337,1.0,0.5,0.0,1.0,1.0,0.5,0.5,0.5,1.0,1.0,0.5,0.5,0.5,0.0,0.3531,1.0,1.0,1.0,0.5,0.5,1.0,0.1,0.0,1.0,1.0,1.0,0.66667,0.5
1.0,1.0,1.0,1.0,0.4,0.4,0.06251,0.4,0.26667,0.0,1.0,0.0,0.0,0.26,0.07,0.98906,0.0,1.0,1.0,1.0,1.0,1.0,0.0,0.6388,0.91257,0.22222,0.70783,0.36839,0.33333,0.0,0.79045,1.0,1.0,0.0,1.0,1.0,0.5,0.5,0.5,1.0,1.0,0.5,0.5,0.5,0.0,0.0,1.0,1.0,1.0,0.5,0.5,1.0,0.1,0.0,1.0,1.0,1.0,0.33333,1.0
1.0,0.0,1.0,0.0,0.4,0.4,0.03484,0.3,0.43333,0.0,1.0,0.0,0.0,0.18,0.07,0.99329,0.0,0.88889,1.0,0.77778,1.0,0.88889,1.0,0.97059,1.0,0.77778,0.2387,0.13553,0.0,0.0,0.9403,0.44444,0.22222,0.0,1.0,1.0,0.5,0.5,0.5,1.0,1.0,0.5,0.5,0.5,0.0,0.0,1.0,1.0,1.0,0.5,0.5,1.0,0.1,0.0,1.0,1.0,1.0,0.0,1.0
0.5,0.5,0.5,0.5,0.5,0.5,0.08319,0.3,1.0,0.0,1.0,0.0,0.0,0.88,0.01,0.86347,0.0,1.0,1.0,0.8,1.0,0.5,0.0,0.55326,0.79037,0.11111,1.0,1.0,1.0,0.0,0.96039,1.0,0.5,0.0,1.0,1.0,0.5,0.5,0.5,1.0,1.0,0.5,0.5,0.5,0.0,0.0,1.0,1.0,1.0,1.0,0.53627,1.0,0.1,0.0,1.0,0.0,1.0,0.0,0.5
1.0,0.0,0.0,0.0,0.3,0.2,0.04959,0.2,0.0,0.85714,1.0,0.0,0.0,0.8,0.01,0.0,0.99537,0.8,1.0,0.64444,1.0,0.8,1.0,0.61133,0.87334,0.11111,0.6326,0.42838,0.0,0.0,0.95433,1.0,0.88889,0.0,0.9,0.8631,0.74621,0.5,1.0,1.0,1.0,0.5,0.5,0.5,0.0,0.0,1.0,1.0,1.0,1.0,0.53627,1.0,0.1,0.0,1.0,0.0,1.0,0.5,1.0
0.5,0.5,0.5,0.5,0.5,0.5,0.10311,0.4,0.0,0.85714,1.0,0.0,0.0,0.28,0.01,0.0,0.99972,1.0,1.0,0.93333,1.0,0.5,1.0,0.88422,1.0,0.0,0.78324,0.60937,0.0,0.0,0.99697,1.0,0.5,0.0,1.0,1.0,0.5,0.5,0.5,1.0,1.0,0.5,0.5,0.5,0.0,0.0,1.0,1.0,1.0,0.37775,0.4821,1.0,0.1,0.0,1.0,0.0,1.0,1.0,0.5
1.0,1.0,1.0,0.0,0.5,0.4,0.09236,0.4,0.0,0.76923,1.0,0.0,0.0,0.29,0.03,0.0,0.85133,0.84444,1.0,0.77778,0.84444,0.84444,1.0,0.93904,1.0,0.11111,0.7093,0.50614,0.0,0.0,0.99582,0.88889,1.0,0.0,1.0,1.0,0.5,0.5,0.5,1.0,1.0,0.5,0.5,0.5,0.0,0.0,1.0,1.0,0.0,0.4006,0.55333,1.0,0.1,0.0,1.0,0.0,1.0,0.75,1.0
0.5,0.5,0.5,0.5,0.5,0.5,0.131,0.6,0.16667,0.0,1.0,0.0,0.0,0.12,0.01,0.44847,0.0,1.0,0.95556,1.0,1.0,0.5,1.0,0.60502,0.86432,0.11111,1.0,1.0,1.0,0.0,0.44444,0.88889,0.5,0.0,1.0,1.0,0.5,0.5,0.5,1.0,1.0,0.5,0.5,0.5,0.0,0.0,1.0,1.0,1.0,1.0,0.65965,1.0,0.1,0.0,1.0,0.0,1.0,0.0,0.5
0.0,0.0,0.0,1.0,0.6,0.6,0.13392,0.6,0.3,0.0,1.0,0.0,0.0,0.08,0.03,0.95351,0.0,0.95556,1.0,0.93333,1.0,0.91111,1.0,0.61716,0.88165,0.11111,1.0,1.0,1.0,0.0,0.5,0.88889,0.88889,0.0,1.0,1.0,0.5,0.5,0.5,1.0,1.0,0.5,0.5,0.5,0.0,0.0,1.0,1.0,1.0,1.0,0.65322,1.0,0.1,0.0,1.0,0.0,1.0,0.0,1.0
0.0,0.0,0.0,0.0,0.6,0.6,0.13475,0.6,0.6,0.0,1.0,0.0,0.0,0.06,0.04,0.99967,0.0,1.0,1.0,0.88889,1.0,0.93333,1.0,0.66786,0.95409,0.11111,0.86919,0.76864,0.0,0.0,0.5,0.88889,0.77778,0.0,1.0,1.0,0.5,0.5,0.5,1.0,1.0,0.5,0.5,0.5,0.0,0.0,1.0,1.0,1.0,1.0,0.23861,1.0,0.1,0.0,1.0,0.0,1.0,0.0,1.0
0.0,0.0,0.0,0.0,0.6,0.6,0.05481,0.5,0.0,0.96774,1.0,0.0,0.0,0.06,0.04,0.99608,0.0,1.0,1.0,0.88889,1.0,1.0,0.0,0.59533,0.85047,0.11111,0.62781,0.45752,0.0,0.0,0.5,0.77778,0.77778,0.0,1.0,1.0,0.5,0.5,0.5,1.0,1.0,0.5,0.5,0.5,0.0,0.0,1.0,1.0,1.0,1.0,0.23861,1.0,0.1,0.0,1.0,0.0,1.0,0.0,1.0
0.0,0.0,0.0,0.0,0.5,0.5,0.05479,0.5,0.0,0.90909,1.0,0.0,0.0,0.06,0.04,0.99634,0.0,1.0,1.0,0.88889,1.0,1.0,0.0,0.59533,0.85047,0.11111,0.62771,0.45741,0.0,0.0,0.5,1.0,1.0,0.0,1.0,1.0,0.5,0.5,0.5,1.0,1.0,0.5,0.5,0.5,0.0,0.0,1.0,1.0,1.0,1.0,0.23861,1.0,0.1,0.0,1.0,0.0,1.0,0.0,1.0
0.0,0.0,0.0,0.0,0.5,0.5,0.05479,0.5,0.0,0.85714,1.0,0.0,0.0,0.06,0.04,0.99727,0.0,1.0,1.0,0.88889,1.0,1.0,0.0,0.59533,0.85047,0.11111,0.62769,0.4574,0.0,0.0,0.5,0.88889,1.0,0.0,1.0,1.0,0.5,0.5,0.5,1.0,1.0,0.5,0.5,0.5,0.0,0.0,1.0,1.0,1.0,1.0,0.23861,1.0,0.1,0.0,1.0,0.0,1.0,0.0,1.0
0.5,0.5,0.5,0.5,0.5,0.5,0.00087,0.1,0.13333,0.0,1.0,0.0,0.0,0.35,0.03,0.7341,0.0,0.8,0.53333,0.8,0.53333,0.5,1.0,0.98674,1.0,0.22222,0.00757,0.00433,0.0,0.0,0.97132,1.0,0.5,0.65,1.0,1.0,0.5,0.5,0.5,1.0,1.0,0.5,0.5,0.5,0.85899,1.0,0.35,1.0,1.0,0.5,0.5,1.0,0.1,0.0,1.0,1.0,1.0,0.0,0.5
0.5,0.5,0.5,0.5,0.5,0.5,0.10674,0.6,0.1,0.0,1.0,0.0,0.0,0.18,0.01,0.51024,0.0,0.8,0.86667,0.88889,1.0,0.5,1.0,0.61104,0.87291,0.11111,1.0,1.0,1.0,0.0,1.0,0.88889,0.5,0.0,1.0,1.0,0.5,0.5,0.5,1.0,1.0,0.5,0.5,0.5,0.0,0.0,1.0,1.0,1.0,1.0,1.0,1.0,0.1,0.0,1.0,0.0,1.0,0.0,0.5
1.0,1.0,1.0,1.0,0.7,0.6,0.03344,0.2,0.26667,0.0,1.0,0.0,0.0,0.28,0.04,0.0,0.99547,1.0,1.0,0.75556,0.82222,0.66667,0.0,0.79181,1.0,0.11111,0.33183,0.2044,0.0,0.0,1.0,0.88889,0.66667,0.0,1.0,1.0,0.5,0.5,0.5,1.0,1.0,0.5,0.5,0.5,0.0,0.0,1.0,1.0,1.0,1.0,1.0,1.0,0.1,0.0,1.0,0.0,1.0,0.5,1.0
0.0,0.0,1.0,1.0,0.2,0.2,0.01397,0.3,0.53333,0.0,1.0,0.0,0.0,0.1,0.11,0.0,0.99985,1.0,1.0,0.8,1.0,0.8,1.0,0.60002,0.85718,0.11111,0.27203,0.12461,0.25,0.0,1.0,1.0,0.77778,0.0,1.0,1.0,0.5,0.5,0.5,1.0,1.0,0.5,0.5,0.5,0.0,0.0,1.0,1.0,1.0,1.0,1.0,1.0,0.1,0.0,1.0,0.0,1.0,0.25,1.0
0.0,0.0,0.0,0.0,0.3,0.3,0.01292,0.3,0.7,0.0,1.0,0.0,0.0,0.08,0.11,0.0,0.99149,1.0,0.88889,0.82222,1.0,0.93333,0.0,0.59249,0.84642,0.11111,0.28521,0.11591,0.33333,0.0,0.98325,1.0,0.88889,0.0,1.0,1.0,0.5,0.5,0.5,1.0,1.0,0.5,0.5,0.5,0.0,0.0,1.0,1.0,1.0,1.0,1.0,1.0,0.1,0.0,1.0,0.0,1.0,0.0,1.0
0.0,0.0,0.0,0.0,0.3,0.3,0.00386,0.2,0.0,0.96774,1.0,0.0,0.0,0.07,0.1,0.99452,0.0,1.0,0.91111,0.75556,0.75556,0.82222,0.0,0.82914,1.0,0.66667,0.04061,0.01718,0.25,0.0,0.93807,0.66667,0.22222,0.0,1.0,1.0,0.5,0.5,0.5,1.0,1.0,0.5,0.5,0.5,0.0,0.0,1.0,1.0,1.0,1.0,1.0,1.0,0.1,0.0,1.0,0.0,1.0,0.25,1.0
0.0,0.0,0.0,0.0,0.2,0.2,0.00255,0.2,0.0,0.88235,1.0,0.0,0.0,0.07,0.01,0.86363,0.0,0.71111,0.97778,0.86667,0.86667,0.71111,0.0,0.78056,1.0,0.11111,0.02163,0.01121,0.0,0.0,0.92304,0.44444,0.88889,0.0,1.0,1.0,0.5,0.5,0.5,1.0,1.0,0.5,0.5,0.5,0.0,0.0,1.0,1.0,1.0,1.0,1.0,1.0,0.1,0.0,1.0,0.0,1.0,0.33333,1.0
0.5,0.5,0.5,0.5,0.5,0.5,0.17674,0.9,0.13333,0.0,1.0,0.0,0.0,0.49,0.02,0.33419,0.0,1.0,1.0,0.8,1.0,0.5,1.0,0.98967,1.0,0.11111,1.0,0.90351,0.83333,0.0,0.91403,0.88889,0.5,0.0,1.0,1.0,0.5,0.5,0.5,1.0,1.0,0.5,0.5,0.5,0.0,0.0,1.0,1.0,1.0,1.0,1.0,1.0,0.1,0.0,1.0,0.0,1.0,0.0,0.5
1.0,0.0,1.0,0.0,0.9,0.9,0.15421,0.9,0.33333,0.0,1.0,0.0,0.0,0.28,0.04,0.99925,0.0,0.75556,0.75556,0.66667,1.0,0.66667,0.0,0.72879,1.0,0.11111,1.0,1.0,1.0,0.0,0.98597,1.0,0.44444,0.0,1.0,1.0,0.5,0.5,0.5,1.0,1.0,0.5,0.5,0.5,0.0,0.0,1.0,1.0,1.0,1.0,0.2726,1.0,0.1,0.0,1.0,0.0,1.0,0.33333,1.0
1.0,0.0,1.0,0.0,0.9,0.7,0.39864,1.0,0.0,0.76923,1.0,0.0,0.0,0.08,0.02,0.0,0.99844,0.88889,1.0,0.82222,1.0,0.82222,0.0,0.79452,1.0,0.0,1.0,1.0,1.0,0.0,1.0,1.0,0.77778,0.0,1.0,1.0,0.5,1.0,0.5,1.0,1.0,0.5,0.5,0.5,0.0,0.0,1.0,1.0,1.0,1.0,0.5095,1.0,0.1,0.0,1.0,0.0,1.0,1.0,1.0
0.5,0.5,0.5,0.5,0.5,0.5,0.08132,0.53333,0.23333,0.0,0.0,0.66667,0.0,0.34222,0.0,0.87771,0.0,1.0,1.0,1.0,1.0,0.5,0.0,0.55185,0.78836,0.07143,1.0,0.75351,0.57143,0.0,0.9127,0.92857,0.5,0.0,1.0,1.0,0.5,0.5,0.5,1.0,1.0,0.5,0.5,0.5,0.0,0.0,1.0,1.0,1.0,0.5,0.5,1.0,0.06667,0.0,1.0,1.0,1.0,0.85714,0.5
0.5,0.5,0.5,0.5,0.5,0.5,0.0865,0.53333,0.1,0.0,0.0,0.66667,0.0,0.07111,0.0,0.98655,0.0,0.9619,0.97143,1.0,1.0,0.5,0.0,0.58279,0.83256,0.07143,1.0,0.99384,0.66667,0.0,0.42188,1.0,0.5,0.0,1.0,1.0,0.5,0.5,0.5,1.0,1.0,0.5,0.5,0.5,0.0,0.0,1.0,1.0,1.0,0.5,0.5,1.0,0.06667,0.0,1.0,1.0,1.0,0.66667,0.5
0.0,0.0,0.0,0.0,0.53333,0.53333,0.0575,0.46667,0.26667,0.0,0.0,0.66667,0.0,0.07111,0.00444,0.47703,0.0,1.0,0.97143,1.0,1.0,0.9619,1.0,0.64177,0.91681,0.07143,0.57672,0.46609,0.0,0.0,0.66667,0.92857,0.64286,0.0,1.0,1.0,0.5,0.5,0.5,1.0,1.0,0.5,0.5,0.5,0.0,0.0,1.0,1.0,1.0,1.0,0.45573,1.0,0.06667,0.0,1.0,0.0,1.0,0.0,1.0
0.0,0.0,0.0,0.0,0.46667,0.46667,0.05694,0.46667,0.33333,0.0,0.0,0.66667,0.0,0.06222,0.00889,0.80889,0.0,0.98095,0.99048,0.99048,1.0,0.98095,0.0,0.57653,0.82362,0.07143,0.75052,0.60067,0.0,0.0,1.0,0.92857,0.78571,0.0,1.0,1.0,0.5,0.5,0.5,1.0,1.0,0.5,0.5,0.5,0.0,0.0,1.0,1.0,1.0,1.0,1.0,1.0,0.06667,0.0,1.0,0.0,1.0,0.0,1.0
1.0,1.0,1.0,1.0,0.46667,0.46667,0.05839,0.46667,0.4,0.0,0.0,0.66667,0.0,0.06222,0.00889,0.95759,0.0,1.0,0.99048,0.99048,1.0,1.0,1.0,0.5773,0.82472,0.07143,0.75941,0.61213,0.0,0.0,1.0,0.92857,1.0,0.0,1.0,1.0,0.5,0.5,0.5,1.0,1.0,0.5,0.5,0.5,0.0,0.0,1.0,1.0,1.0,0.17721,0.05982,1.0,0.06667,0.0,1.0,0.0,1.0,0.0,1.0
0.0,0.0,0.0,0.0,0.46667,0.46667,0.05814,0.46667,0.46667,0.0,0.0,0.66667,0.0,0.05333,0.01333,0.99742,0.0,0.98095,1.0,0.97143,1.0,0.98095,1.0,0.57738,0.82483,0.07143,0.75645,0.6083,0.0,0.0,1.0,0.92857,1.0,0.0,1.0,1.0,0.5,0.5,0.5,1.0,1.0,0.5,0.5,0.5,0.0,0.0,1.0,1.0,1.0,1.0,0.0639,1.0,0.06667,0.0,1.0,0.0,1.0,0.0,1.0
0.0,0.0,1.0,0.0,0.46667,0.46667,0.05807,0.46667,0.53333,0.0,0.0,0.66667,0.0,0.05333,0.01333,0.9976,0.0,1.0,1.0,0.97143,1.0,1.0,1.0,0.57744,0.82491,0.07143,0.7555,0.60707,0.0,0.0,1.0,0.92857,1.0,0.0,1.0,1.0,0.5,0.5,0.5,1.0,1.0,0.5,0.5,0.5,0.0,0.0,1.0,1.0,1.0,1.0,0.03167,1.0,0.06667,0.0,1.0,0.0,1.0,0.0,1.0
0.5,0.5,0.5,0.5,0.5,0.5,0.09499,0.93333,0.13333,0.0,0.0,0.66667,0.0,0.24,0.00444,0.79351,0.0,0.93333,0.95238,1.0,1.0,0.5,1.0,0.61862,0.88375,0.14286,1.0,1.0,1.0,0.0,1.0,1.0,0.5,0.0,1.0,1.0,0.5,0.5,0.5,1.0,1.0,0.5,0.5,0.5,0.0,0.0,1.0,1.0,1.0,0.5,0.5,1.0,0.06667,0.0,1.0,1.0,1.0,0.33333,0.5
1.0,1.0,1.0,1.0,0.93333,0.93333,0.05839,0.33333,0.36667,0.0,0.0,0.66667,0.0,0.19111,0.07111,0.98517,0.0,1.0,1.0,0.8381,0.90476,0.79048,0.0,0.72464,1.0,0.21429,0.84643,0.58276,0.2,0.0,0.93232,0.78571,0.71429,0.0,1.0,1.0,0.5,0.5,0.5,1.0,1.0,0.5,0.5,0.5,0.0,0.0,1.0,1.0,1.0,0.5,0.5,1.0,0.06667,0.0,1.0,1.0,1.0,0.4,1.0
0.0,1.0,1.0,1.0,0.4,0.46667,0.03411,0.4,0.53333,0.0,0.0,0.66667,0.0,0.05778,0.09778,0.99854,0.0,0.92381,0.92381,0.74286,0.80952,0.85714,1.0,0.98806,1.0,0.07143,0.3849,0.18603,0.14286,0.0,0.95063,0.5,0.28571,0.0,1.0,1.0,0.5,0.5,0.5,1.0,1.0,0.5,0.5,0.5,0.0,0.0,1.0,1.0,1.0,1.0,1.0,1.0,0.06667,0.0,1.0,0.0,1.0,0.71429,1.0
0.0,0.0,0.0,0.0,0.33333,0.33333,0.0327,0.33333,0.6,0.0,0.0,0.66667,0.0,0.05333,0.09778,0.98682,0.0,1.0,1.0,0.66667,1.0,1.0,1.0,0.98832,1.0,0.07143,0.37845,0.17738,0.0,0.0,0.93734,1.0,0.85714,0.0,1.0,1.0,0.5,0.5,0.5,1.0,1.0,0.5,0.5,0.5,0.0,0.0,1.0,1.0,1.0,1.0,1.0,1.0,0.06667,0.0,1.0,0.0,1.0,0.0,1.0
1.0,0.5,1.0,0.5,0.4,0.5,0.03768,0.4,0.63333,0.0,0.0,0.66667,1.0,0.05333,0.10667,0.0,0.9566,0.89524,0.89524,0.64762,1.0,0.89524,0.0,0.96098,1.0,0.0,0.4223,0.20374,0.14286,0.0,0.94865,1.0,0.85714,0.0,1.0,1.0,0.5,0.5,0.5,1.0,1.0,0.5,0.5,0.5,0.0,0.0,1.0,1.0,1.0,1.0,1.0,1.0,0.06667,0.0,1.0,0.0,1.0,0.0,1.0
0.5,0.5,0.5,0.5,0.5,0.5,0.00951,0.06667,0.1,0.0,0.0,0.66667,0.0,0.26222,0.00444,0.32716,0.0,0.66667,0.92381,0.95238,1.0,0.5,0.0,0.80194,1.0,0.07143,0.15908,0.07253,0.0,0.0,0.77378,0.85714,0.5,0.0,1.0,1.0,0.5,0.5,0.5,1.0,1.0,0.5,0.5,0.5,0.0,0.0,1.0,1.0,1.0,0.5,0.5,1.0,0.06667,0.0,1.0,1.0,1.0,0.625,0.5
1.0,1.0,1.0,0.0,0.06667,0.06667,0.00945,0.06667,0.16667,0.0,0.0,0.66667,0.0,0.21333,0.00444,0.82251,0.0,1.0,0.95238,0.88571,1.0,0.79048,0.0,0.82786,1.0,0.07143,0.15206,0.07029,0.0,0.0,0.8661,0.92857,0.71429,0.6,1.0,1.0,0.5,0.5,0.5,1.0,1.0,0.5,0.5,0.5,1.0,0.0,0.4,1.0,1.0,0.5,0.5,1.0,0.06667,0.0,1.0,1.0,1.0,0.625,1.0
0.0,0.0,0.0,0.0,0.06667,0.06667,0.00657,0.06667,0.33333,0.0,0.0,0.66667,0.0,0.2,0.01778,0.0,0.95093,0.71429,0.88571,0.73333,0.73333,0.61905,1.0,0.98967,1.0,0.21429,0.07423,0.04435,0.0,0.0,0.95383,0.92857,0.78571,0.0,1.0,1.0,0.5,0.5,0.5,1.0,1.0,0.0,0.228,0.83211,0.0,0.0,1.0,1.0,1.0,0.0,0.228,1.0,0.06667,0.0,1.0,1.0,1.0,0.57143,1.0
1.0,1.0,1.0,1.0,0.06667,0.06667,0.00746,0.06667,0.4,0.0,0.0,0.66667,0.0,0.18222,0.03556,0.0,0.97037,1.0,0.98095,0.73333,0.73333,1.0,0.0,0.95457,1.0,0.21429,0.08982,0.04879,0.0,0.0,0.96505,0.85714,0.85714,0.0,1.0,1.0,0.5,0.5,0.5,1.0,1.0,0.0,0.228,0.83211,0.0,0.0,1.0,1.0,1.0,0.0,0.228,1.0,0.06667,0.0,1.0,1.0,1.0,0.0,1.0
0.5,0.5,0.5,0.5,0.5,0.5,0.11999,0.93333,0.1,0.0,0.0,0.66667,0.0,0.12,0.00444,0.38107,0.0,0.84762,0.9619,1.0,1.0,0.5,0.0,0.6836,0.97657,0.07143,1.0,0.72482,0.75,0.0,0.71866,1.0,0.5,0.0,1.0,1.0,0.5,0.5,0.5,1.0,1.0,0.5,0.5,0.5,0.0,0.0,1.0,1.0,1.0,0.5,0.5,1.0,0.06667,0.0,1.0,1.0,1.0,0.25,0.5
1.0,0.5,1.0,0.5,0.93333,0.5,0.13624,0.93333,0.13333,0.0,0.0,0.66667,1.0,0.12444,0.00889,0.75223,0.0,0.94286,0.87619,0.95238,1.0,0.94286,1.0,0.69587,0.9941,0.07143,1.0,0.92317,0.75,0.0,0.73381,1.0,0.85714,0.0,1.0,1.0,0.5,0.5,0.5,1.0,1.0,0.5,0.5,0.5,0.0,0.0,1.0,1.0,1.0,0.5,0.5,1.0,0.06667,0.0,1.0,1.0,1.0,0.0,1.0
1.0,1.0,1.0,0.0,1.0,0.93333,0.18452,1.0,0.6,0.0,0.0,0.66667,0.0,0.14222,0.01333,0.0,0.99754,0.89524,0.94286,0.8381,0.91429,0.80952,1.0,0.9015,1.0,0.07143,1.0,1.0,1.0,0.0,0.7218,0.92857,0.64286,0.0,1.0,1.0,0.5,0.5,0.5,1.0,1.0,0.5,0.5,0.5,0.0,0.0,1.0,1.0,1.0,1.0,0.61496,1.0,0.06667,0.0,1.0,0.0,1.0,0.4,1.0
1.0,0.5,1.0,0.5,1.0,0.5,0.20044,1.0,0.63333,0.0,0.0,0.66667,1.0,0.13778,0.01333,0.0,0.99799,0.95238,0.94286,0.89524,1.0,0.95238,1.0,0.90252,1.0,0.07143,1.0,1.0,1.0,0.0,0.70455,1.0,1.0,0.0,1.0,1.0,0.5,0.5,0.5,1.0,1.0,0.5,0.5,0.5,0.0,0.0,1.0,1.0,1.0,1.0,0.61496,1.0,0.06667,0.0,1.0,0.0,1.0,0.0,1.0
1.0,1.0,1.0,1.0,1.0,1.0,0.24281,1.0,0.7,0.0,0.0,0.66667,0.0,0.12,0.00889,0.99793,0.0,0.89524,1.0,0.9619,0.88571,0.86667,0.0,0.88101,1.0,0.07143,1.0,1.0,1.0,0.0,0.69078,0.85714,0.78571,0.0,1.0,1.0,0.5,0.5,0.5,1.0,1.0,0.5,0.5,0.5,0.0,0.0,1.0,1.0,1.0,1.0,1.0,1.0,0.06667,0.0,1.0,0.0,1.0,0.0,1.0
1.0,0.0,1.0,0.0,1.0,1.0,0.18303,1.0,0.86667,0.0,0.0,0.66667,0.0,0.12,0.01333,0.0,0.99755,1.0,0.95238,0.95238,0.95238,0.99048,1.0,0.919,1.0,0.07143,1.0,1.0,1.0,0.0,0.68095,0.85714,1.0,0.0,1.0,1.0,0.5,0.5,0.5,1.0,1.0,0.5,0.5,0.5,0.0,0.0,1.0,1.0,1.0,1.0,0.34472,1.0,0.06667,0.0,1.0,0.0,1.0,0.5,1.0
1.0,0.5,1.0,0.5,1.0,0.5,0.20851,1.0,0.9,0.0,0.0,0.66667,1.0,0.09778,0.01333,0.0,0.99564,1.0,0.95238,0.95238,1.0,1.0,0.0,0.86268,1.0,0.07143,1.0,1.0,1.0,0.0,0.73255,1.0,0.85714,0.0,1.0,1.0,0.5,0.5,0.5,1.0,1.0,0.5,0.5,0.5,0.0,0.0,1.0,1.0,1.0,1.0,0.34472,1.0,0.06667,0.0,1.0,0.0,1.0,0.0,1.0
1.0,0.5,1.0,0.5,1.0,0.5,0.23549,1.0,0.93333,0.0,0.0,0.66667,1.0,0.08,0.01333,0.0,0.99487,0.99048,0.88571,0.94286,1.0,0.99048,1.0,0.93065,1.0,0.14286,1.0,1.0,1.0,0.0,0.69518,1.0,0.78571,0.0,1.0,1.0,0.5,0.5,0.5,1.0,1.0,0.5,0.5,0.5,0.0,0.0,1.0,1.0,1.0,1.0,0.34472,1.0,0.06667,0.0,1.0,0.0,1.0,0.0,1.0
1.0,0.5,1.0,0.5,1.0,0.5,0.2597,1.0,0.96667,0.0,0.0,0.66667,1.0,0.08444,0.01333,0.0,0.9963,0.85714,0.81905,0.8381,1.0,0.85714,0.0,0.88595,1.0,0.07143,1.0,1.0,1.0,0.0,0.77569,1.0,0.78571,0.0,1.0,1.0,0.5,0.5,0.5,1.0,1.0,0.5,0.5,0.5,0.0,0.0,1.0,1.0,1.0,1.0,0.34472,1.0,0.06667,0.0,1.0,0.0,1.0,0.0,1.0
0.5,0.5,0.5,0.5,0.5,0.5,0.0041,0.06667,0.1,0.0,0.0,0.66667,0.0,0.05778,0.0,0.99738,0.0,1.0,0.99048,1.0,1.0,0.5,0.0,0.54935,0.78479,0.14286,0.09185,0.04813,0.0,1.0,1.0,0.85714,0.5,0.0,1.0,1.0,0.5,0.5,0.5,1.0,1.0,0.5,0.5,0.5,0.0,0.0,1.0,1.0,1.0,0.5,0.5,1.0,0.06667,0.0,1.0,1.0,1.0,0.0,0.5
0.0,0.0,0.0,0.0,0.06667,0.06667,0.00407,0.06667,0.16667,0.0,0.0,0.66667,0.0,0.05778,0.0,0.99834,0.0,1.0,0.99048,1.0,1.0,1.0,0.0,0.54931,0.78473,0.14286,0.09113,0.04774,0.0,1.0,1.0,0.92857,1.0,0.0,1.0,1.0,0.5,0.5,0.5,1.0,1.0,0.5,0.5,0.5,0.0,0.0,1.0,1.0,1.0,0.5,0.5,1.0,0.06667,0.0,1.0,1.0,1.0,0.0,1.0
0.0,0.0,0.0,0.0,0.06667,0.06667,0.00407,0.06667,0.23333,0.0,0.0,0.66667,0.0,0.05778,0.0,0.99902,0.0,1.0,0.99048,1.0,1.0,1.0,0.0,0.5493,0.78472,0.14286,0.09111,0.04773,0.0,1.0,1.0,0.92857,1.0,0.0,1.0,1.0,0.5,0.5,0.5,1.0,1.0,0.5,0.5,0.5,0.0,0.0,1.0,1.0,1.0,0.5,0.5,1.0,0.06667,0.0,1.0,1.0,1.0,0.0,1.0
0.0,0.0,0.0,0.0,0.06667,0.06667,0.00216,0.06667,0.46667,0.0,0.0,0.66667,0.0,0.05778,0.0,0.99968,0.0,0.99048,1.0,1.0,1.0,0.98095,1.0,0.55159,0.78799,0.14286,0.03905,0.01992,0.0,1.0,1.0,1.0,0.85714,0.0,1.0,1.0,0.5,0.5,0.5,1.0,1.0,0.5,0.5,0.5,0.0,0.0,1.0,1.0,1.0,0.5,0.5,1.0,0.06667,0.0,1.0,1.0,1.0,0.0,1.0
0.5,0.5,0.5,0.5,0.5,0.5,0.00098,0.06667,0.06667,0.0,0.0,0.66667,0.0,0.08,0.0,0.5,0.5,0.98095,0.98095,1.0,1.0,0.5,1.0,0.56602,0.8086,0.21429,0.01708,0.01072,0.0,0.0,0.66667,1.0,0.5,0.0,1.0,1.0,0.5,0.5,0.5,1.0,1.0,0.5,0.5,0.5,0.5,0.5,1.0,1.0,1.0,0.5,0.5,1.0,0.06667,0.0,1.0,1.0,1.0,0.5,0.5
0.0,0.0,0.0,0.0,0.13333,0.13333,0.0,0.13333,0.13333,0.0,0.0,0.66667,0.0,0.17778,0.01333,0.85564,0.0,0.7619,0.89524,0.8,1.0,0.69524,0.0,0.56754,0.81077,0.07143,0.0,0.0,0.0,1.0,1.0,0.92857,0.78571,1.0,0.8,0.76566,0.1109,0.5,0.1109,1.0,1.0,0.5,0.5,0.5,0.0,0.0,1.0,1.0,1.0,0.5,0.5,0.0,0.06667,1.0,1.0,1.0,1.0,0.0,1.0
0.0,0.5,0.0,0.5,0.13333,0.5,0.0,0.13333,0.16667,0.0,0.0,0.66667,1.0,0.27556,0.01333,0.93604,0.0,0.89524,0.87619,0.8,1.0,0.89524,0.0,0.55783,0.79691,0.07143,0.0,0.0,0.0,1.0,1.0,1.0,0.85714,1.0,1.0,1.0,0.5,0.5,0.5,1.0,1.0,0.5,0.5,0.5,0.0,0.0,1.0,1.0,1.0,0.5,0.5,0.0,0.06667,1.0,1.0,0.0,1.0,0.0,1.0
0.0,0.5,0.0,0.5,0.13333,0.5,0.0,0.13333,0.2,0.0,0.0,0.66667,1.0,0.24889,0.02222,0.93335,0.0,1.0,0.92381,0.89524,1.0,1.0,1.0,0.61778,0.88254,0.14286,0.0,0.0,0.0,0.0,0.85775,1.0,0.78571,1.0,1.0,1.0,0.5,0.5,0.5,1.0,1.0,0.5,0.5,0.5,0.0,0.0,1.0,1.0,1.0,0.5,0.5,0.0,0.13333,1.0,1.0,1.0,1.0,0.0,1.0
1.0,0.0,1.0,0.0,0.13333,0.1,0.0,0.1,0.43333,0.0,0.0,0.66667,0.0,0.10667,0.05333,0.97404,0.0,0.94286,0.94286,0.72381,1.0,0.8381,1.0,0.81393,1.0,0.57143,0.0,0.0,0.14286,0.0,0.95667,0.14286,0.35714,1.0,1.0,1.0,0.5,0.5,0.5,1.0,1.0,0.5,0.5,0.5,0.0,0.0,1.0,1.0,1.0,0.5,0.5,0.0,0.2,0.42857,0.66667,0.0,1.0,0.0,1.0
0.0,0.0,0.0,0.0,0.1,0.06667,0.0,0.06667,0.5,0.0,0.0,0.66667,0.0,0.07556,0.05333,0.98276,0.0,1.0,1.0,0.73333,0.93333,1.0,0.0,0.73641,1.0,0.42857,0.0,0.0,0.0,0.0,0.96351,0.57143,0.14286,1.0,1.0,1.0,0.5,0.5,0.5,1.0,1.0,0.5,0.5,0.5,0.0,0.0,1.0,1.0,1.0,0.5,0.5,0.0,0.2,0.6,1.0,0.33333,1.0,0.0,1.0
0.0,0.0,0.0,0.0,0.1,0.1,0.0,0.1,0.6,0.0,0.0,0.66667,0.0,0.05778,0.05333,0.99348,0.0,1.0,1.0,0.71429,0.93333,1.0,0.0,0.72797,1.0,0.42857,0.0,0.0,0.0,0.0,0.96219,0.57143,1.0,1.0,1.0,1.0,0.5,0.5,0.5,1.0,1.0,0.5,0.5,0.5,0.0,0.0,1.0,1.0,1.0,0.5,0.5,0.0,0.2,0.6,1.0,0.33333,1.0,0.0,1.0
1.0,0.0,1.0,0.0,0.13333,0.1,0.0,0.1,0.66667,0.0,0.0,0.66667,0.0,0.05778,0.05333,0.99471,0.0,1.0,1.0,0.68571,0.93333,1.0,1.0,0.72658,1.0,0.42857,0.0,0.0,0.0,0.0,0.96278,0.57143,1.0,1.0,1.0,1.0,0.5,0.5,0.5,1.0,1.0,0.5,0.5,0.5,0.0,0.0,1.0,1.0,1.0,0.5,0.5,0.0,0.2,0.6,0.0,0.33333,1.0,0.0,1.0
0.0,1.0,0.0,1.0,0.1,0.13333,0.0,0.13333,0.73333,0.0,0.0,0.66667,0.0,0.04889,0.05333,0.99333,0.0,1.0,1.0,0.71429,0.75238,1.0,0.0,0.72567,1.0,0.42857,0.0,0.0,0.0,0.0,0.96306,0.92857,1.0,0.0,1.0,1.0,0.5,0.5,0.5,1.0,1.0,0.5,0.5,0.5,0.0,0.0,1.0,1.0,1.0,0.5,0.5,1.0,0.06667,0.0,1.0,1.0,1.0,0.6,1.0
0.0,0.0,0.0,0.0,0.06667,0.1,0.0,0.06667,0.83333,0.0,0.0,0.66667,0.0,0.06222,0.05333,0.99618,0.0,1.0,1.0,0.70476,0.93333,1.0,0.0,0.7233,1.0,0.42857,0.0,0.0,0.0,0.0,0.94897,0.57143,1.0,1.0,1.0,1.0,0.5,0.5,0.5,1.0,1.0,0.5,0.5,0.5,0.0,0.0,1.0,1.0,1.0,0.5,0.5,0.0,0.2,0.6,1.0,0.33333,1.0,0.0,1.0
1.0,1.0,1.0,1.0,0.13333,0.13333,0.0,0.2,0.96667,0.0,0.0,0.66667,0.0,0.06667,0.05333,0.99901,0.0,1.0,1.0,0.73333,0.7619,1.0,0.0,0.7096,1.0,0.42857,0.0,0.0,0.2,0.0,0.94207,0.5,1.0,0.0,1.0,1.0,0.5,0.5,0.5,1.0,1.0,0.5,0.5,0.5,0.0,0.0,1.0,1.0,1.0,0.5,0.5,1.0,0.06667,0.0,1.0,1.0,1.0,0.0,1.0
0.0,0.5,0.0,0.5,0.06667,0.5,0.0,0.06667,1.0,0.0,0.0,0.66667,1.0,0.05778,0.05333,0.99632,0.0,1.0,1.0,0.70476,1.0,1.0,0.0,0.70875,1.0,0.42857,0.0,0.0,0.0,0.0,0.94119,1.0,1.0,1.0,1.0,1.0,0.5,0.5,0.5,1.0,1.0,0.5,0.5,0.5,0.0,0.0,1.0,1.0,1.0,0.5,0.5,0.0,0.2,0.6,0.0,0.33333,1.0,0.0,1.0
0.5,0.5,0.5,0.5,0.5,0.5,0.08768,0.8,0.16667,0.0,0.0,0.66667,0.0,0.23556,0.01333,0.68106,0.0,0.91429,0.91429,0.91429,1.0,0.5,0.0,0.89404,1.0,0.07143,1.0,0.85014,0.88889,0.0,0.95364,0.85714,0.5,0.0,1.0,1.0,0.5,0.5,0.5,1.0,1.0,0.5,0.5,0.5,0.0,0.0,1.0,1.0,1.0,0.5,0.5,1.0,0.06667,0.0,1.0,1.0,1.0,0.66667,0.5
1.0,0.5,1.0,0.5,1.0,0.5,0.10138,1.0,0.2,0.0,0.0,0.66667,1.0,0.25333,0.01333,0.81098,0.0,1.0,0.78095,1.0,1.0,1.0,1.0,0.90065,1.0,0.07143,1.0,1.0,1.0,0.0,0.94582,1.0,1.0,0.0,1.0,1.0,0.5,0.5,0.5,1.0,1.0,0.5,0.5,0.5,0.0,0.0,1.0,1.0,1.0,0.5,0.5,1.0,0.06667,0.0,1.0,1.0,1.0,0.0,1.0
1.0,0.5,1.0,0.5,1.0,0.5,0.10869,1.0,0.23333,0.0,0.0,0.66667,1.0,0.24444,0.01333,0.87566,0.0,1.0,0.84762,1.0,1.0,1.0,1.0,0.92657,1.0,0.07143,1.0,1.0,1.0,0.0,0.94513,1.0,0.85714,0.0,1.0,1.0,0.5,0.5,0.5,1.0,1.0,0.5,0.5,0.5,0.0,0.0,1.0,1.0,1.0,0.5,0.5,1.0,0.06667,0.0,1.0,1.0,1.0,0.0,1.0
1.0,0.0,1.0,0.0,1.0,0.93333,0.08599,0.86667,0.33333,0.0,0.0,0.66667,0.0,0.22667,0.01778,0.9933,0.0,1.0,1.0,0.9619,1.0,0.9619,1.0,0.97852,1.0,0.07143,1.0,0.75328,0.88889,0.0,0.95445,0.85714,1.0,0.53333,1.0,1.0,0.5,0.5,0.5,1.0,1.0,0.5,0.5,0.5,0.85067,0.55253,0.46667,1.0,1.0,0.5,0.5,1.0,0.06667,0.0,1.0,1.0,1.0,0.77778,1.0
0.5,0.5,0.5,0.5,0.5,0.5,0.04235,0.2,0.13333,0.0,0.0,0.66667,0.0,0.44889,0.0,0.90467,0.0,1.0,1.0,1.0,1.0,0.5,0.0,0.74713,1.0,0.0,0.63925,0.44335,0.09091,0.0,0.92606,0.92857,0.5,0.0,1.0,1.0,0.5,0.5,0.5,1.0,1.0,0.5,0.5,0.5,0.0,0.0,1.0,1.0,1.0,0.5,0.5,1.0,0.06667,0.0,1.0,1.0,1.0,0.63636,0.5
1.0,0.5,1.0,0.5,0.2,0.5,0.04321,0.2,0.16667,0.0,0.0,0.66667,1.0,0.40889,0.0,0.89549,0.0,1.0,1.0,1.0,1.0,1.0,0.0,0.74156,1.0,0.0,0.6504,0.46424,0.09091,0.0,0.93874,1.0,1.0,0.0,1.0,1.0,0.5,0.5,0.5,1.0,1.0,0.5,0.5,0.5,0.0,0.0,1.0,1.0,1.0,0.5,0.5,1.0,0.06667,0.0,1.0,1.0,1.0,0.0,1.0
1.0,0.5,1.0,0.5,0.2,0.5,0.04554,0.2,0.2,0.0,0.0,0.66667,1.0,0.39556,0.0,0.91312,0.0,1.0,1.0,1.0,1.0,1.0,0.0,0.73184,1.0,0.0,0.68218,0.49491,0.09091,0.0,0.94834,1.0,1.0,0.0,1.0,1.0,0.5,0.5,0.5,1.0,1.0,0.5,0.5,0.5,0.0,0.0,1.0,1.0,1.0,0.5,0.5,1.0,0.06667,0.0,1.0,1.0,1.0,0.0,1.0
0.0,1.0,0.0,0.0,0.2,0.2,0.02407,0.13333,0.0,0.76923,0.0,0.66667,0.0,0.34667,0.00889,0.99976,0.0,1.0,1.0,0.77143,0.77143,0.86667,0.0,0.61595,0.87994,0.07143,0.4462,0.2533,0.0,0.0,0.92525,0.92857,0.07143,0.0,1.0,1.0,0.5,0.5,0.5,1.0,1.0,0.5,0.5,0.5,0.0,0.0,1.0,1.0,1.0,0.9397,1.0,1.0,0.06667,0.0,1.0,0.0,1.0,0.75,1.0
0.5,0.5,0.5,0.5,0.5,0.5,0.06142,0.46667,0.13333,0.0,0.0,0.66667,0.0,0.08,0.0,0.99586,0.0,0.9619,0.97143,1.0,1.0,0.5,0.0,0.56569,0.80812,0.07143,1.0,1.0,1.0,0.0,0.43876,0.85714,0.5,0.0,1.0,1.0,0.5,0.5,0.5,1.0,1.0,0.5,0.5,0.5,0.0,0.0,1.0,1.0,1.0,0.5,0.5,1.0,0.06667,0.0,1.0,1.0,1.0,0.66667,0.5
0.0,0.0,1.0,1.0,0.46667,0.46667,0.04383,0.26667,0.33333,0.0,0.0,0.66667,0.0,0.06667,0.00444,0.95766,0.0,1.0,0.98095,1.0,1.0,0.95238,1.0,0.55881,0.7983,0.07143,0.85429,0.7051,0.0,0.0,0.79403,0.85714,0.78571,0.0,1.0,1.0,0.5,0.5,0.5,1.0,1.0,0.5,0.5,0.5,0.0,0.0,1.0,1.0,1.0,1.0,0.12978,1.0,0.06667,0.0,1.0,0.0,1.0,0.0,1.0
1.0,1.0,1.0,1.0,0.26667,0.26667,0.03674,0.26667,0.63333,0.0,0.0,0.66667,0.0,0.06667,0.00444,0.9982,0.0,1.0,1.0,1.0,1.0,1.0,1.0,0.5611,0.80157,0.07143,0.67264,0.56072,0.0,0.0,0.83983,0.92857,1.0,0.0,1.0,1.0,0.5,0.5,0.5,1.0,1.0,0.5,0.5,0.5,0.0,0.0,1.0,1.0,1.0,1.0,0.12978,1.0,0.06667,0.0,1.0,0.0,1.0,0.5,1.0
0.0,0.0,0.0,0.0,0.26667,0.26667,0.03497,0.26667,0.7,0.0,0.0,0.66667,0.0,0.06667,0.00444,0.99869,0.0,1.0,1.0,1.0,1.0,1.0,1.0,0.5616,0.80229,0.07143,0.63219,0.5031,0.0,0.0,0.81052,0.85714,1.0,0.0,1.0,1.0,0.5,0.5,0.5,1.0,1.0,0.5,0.5,0.5,0.0,0.0,1.0,1.0,1.0,1.0,0.12978,1.0,0.06667,0.0,1.0,0.0,1.0,0.0,1.0
1.0,1.0,1.0,1.0,0.26667,0.26667,0.04537,0.26667,0.0,0.90909,0.0,0.66667,0.0,0.06222,0.00444,0.99992,0.0,1.0,1.0,1.0,1.0,1.0,1.0,0.56231,0.8033,0.07143,0.80574,0.72832,0.0,0.0,0.85635,0.85714,1.0,0.0,1.0,1.0,0.5,0.5,0.5,1.0,1.0,0.5,0.5,0.5,0.0,0.0,1.0,1.0,1.0,1.0,0.12978,1.0,0.06667,0.0,1.0,0.0,1.0,0.0,1.0
1.0,1.0,1.0,1.0,0.26667,0.33333,0.04812,0.33333,0.0,0.85714,0.0,0.66667,0.0,0.06222,0.00444,0.0,0.99958,1.0,0.99048,1.0,1.0,0.99048,1.0,0.54909,0.78441,0.07143,0.88027,0.78615,0.0,0.0,1.0,0.85714,0.92857,0.0,1.0,1.0,0.5,0.5,0.5,1.0,1.0,0.5,0.5,0.5,0.0,0.0,1.0,1.0,1.0,1.0,0.12978,1.0,0.06667,0.0,1.0,0.0,1.0,0.0,1.0
0.5,0.5,0.5,0.5,0.5,0.5,0.08158,0.66667,0.43333,0.0,0.0,0.66667,0.0,0.16444,0.00444,0.0,0.98496,0.82857,1.0,0.77143,1.0,0.5,0.0,0.92755,1.0,0.28571,1.0,0.74604,0.57143,0.0,0.92034,0.85714,0.5,0.0,1.0,1.0,0.5,0.5,0.5,1.0,1.0,0.5,0.5,0.5,0.0,0.0,1.0,1.0,1.0,0.0,0.114,1.0,0.06667,0.0,1.0,1.0,1.0,0.28571,0.5
1.0,0.0,1.0,1.0,0.8,0.66667,0.06108,0.33333,0.63333,0.0,0.0,0.66667,0.0,0.08889,0.00444,0.98227,0.0,1.0,0.99048,0.93333,1.0,0.8381,1.0,0.63014,0.9002,0.07143,0.75707,0.58247,0.0,0.0,0.90837,0.92857,0.57143,0.0,1.0,1.0,0.5,0.5,0.5,1.0,1.0,0.5,0.5,0.5,0.0,0.0,1.0,1.0,1.0,0.0,0.114,1.0,0.06667,0.0,1.0,1.0,1.0,0.66667,1.0
0.0,0.0,0.0,0.0,0.33333,0.2,0.01252,0.2,0.93333,0.0,0.0,0.66667,0.0,0.06667,0.00889,0.9891,0.0,0.9619,0.95238,0.91429,0.98095,0.87619,0.0,0.57179,0.81684,0.21429,0.23928,0.14857,0.0,0.0,0.97389,1.0,0.78571,0.0,1.0,1.0,0.5,0.5,0.5,1.0,1.0,0.5,0.5,0.5,0.0,0.0,1.0,1.0,1.0,0.0,0.114,1.0,0.06667,0.0,1.0,1.0,1.0,0.0,1.0
0.0,0.0,0.0,0.0,0.2,0.2,0.01193,0.2,1.0,0.0,0.0,0.66667,0.0,0.06667,0.00889,0.99301,0.0,0.93333,1.0,0.93333,1.0,0.93333,1.0,0.57741,0.82487,0.21429,0.19876,0.14106,0.0,0.0,0.9418,0.85714,0.85714,0.0,1.0,1.0,0.5,0.5,0.5,1.0,1.0,0.5,0.5,0.5,0.0,0.0,1.0,1.0,1.0,0.0,0.114,1.0,0.06667,0.0,1.0,1.0,1.0,0.0,1.0
0.0,0.0,0.0,0.0,0.2,0.2,0.01175,0.2,0.0,0.85714,0.0,0.66667,0.0,0.06667,0.00889,0.99522,0.0,0.91429,0.90476,0.93333,1.0,0.91429,1.0,0.58187,0.83125,0.21429,0.22224,0.14306,0.0,0.0,0.90226,0.85714,0.64286,0.0,1.0,1.0,0.5,0.5,0.5,1.0,1.0,0.5,0.5,0.5,0.0,0.0,1.0,1.0,1.0,0.0,0.114,1.0,0.06667,0.0,1.0,1.0,1.0,0.0,1.0
0.5,0.5,0.5,0.5,0.5,0.5,0.15099,1.0,0.33333,0.0,0.0,0.66667,0.0,0.24444,0.00889,0.99858,0.0,1.0,1.0,1.0,1.0,0.5,1.0,0.89651,1.0,0.07143,1.0,1.0,1.0,0.0,0.95499,1.0,0.5,0.0,1.0,1.0,0.5,0.5,0.5,1.0,1.0,0.5,0.5,0.5,0.0,0.0,1.0,1.0,1.0,0.5,0.5,1.0,0.06667,0.0,1.0,1.0,1.0,0.57143,0.5
1.0,1.0,1.0,1.0,1.0,1.0,0.19776,1.0,0.43333,0.0,0.0,0.66667,0.0,0.16889,0.00444,0.0,0.99842,1.0,0.92381,0.92381,1.0,0.92381,1.0,0.98359,1.0,0.0,1.0,1.0,1.0,0.0,0.96396,1.0,1.0,0.0,1.0,1.0,0.5,0.5,0.5,1.0,1.0,0.5,0.5,0.5,0.0,0.0,1.0,1.0,1.0,1.0,0.62703,1.0,0.06667,0.0,1.0,0.0,1.0,0.42857,1.0
1.0,0.0,0.0,0.0,1.0,1.0,0.15572,0.93333,0.53333,0.0,0.0,0.66667,0.0,0.17778,0.00444,0.0,0.99578,0.93333,1.0,1.0,0.93333,0.93333,0.0,0.9675,1.0,0.07143,1.0,0.95527,0.85714,0.0,0.97245,0.85714,0.85714,0.0,1.0,1.0,0.5,0.5,0.5,1.0,1.0,0.5,0.5,0.5,0.0,0.0,1.0,1.0,1.0,1.0,0.62703,1.0,0.06667,0.0,1.0,0.0,1.0,0.42857,1.0
1.0,0.5,1.0,0.5,1.0,0.5,0.17669,1.0,0.56667,0.0,0.0,0.66667,1.0,0.17333,0.00444,0.0,0.99865,1.0,1.0,1.0,1.0,1.0,0.0,0.90804,1.0,0.0,1.0,1.0,1.0,0.0,0.98492,1.0,0.92857,0.0,1.0,1.0,0.5,0.5,0.5,1.0,1.0,0.5,0.5,0.5,0.0,0.0,1.0,1.0,1.0,1.0,0.62703,1.0,0.06667,0.0,1.0,0.0,1.0,0.0,1.0
1.0,0.5,1.0,0.5,1.0,0.5,0.18519,1.0,0.6,0.0,0.0,0.66667,1.0,0.16444,0.00444,0.0,0.99698,0.93333,0.93333,0.93333,1.0,0.93333,1.0,0.97903,1.0,0.5,1.0,1.0,1.0,0.0,0.99165,1.0,1.0,0.0,1.0,1.0,0.5,0.5,0.5,1.0,1.0,0.5,0.5,0.5,0.0,0.0,1.0,1.0,1.0,1.0,0.62703,1.0,0.06667,0.0,1.0,0.0,1.0,0.0,1.0
1.0,0.5,1.0,0.5,1.0,0.5,0.18594,1.0,0.63333,0.0,0.0,0.66667,1.0,0.16444,0.00444,0.0,0.99873,1.0,1.0,0.99048,1.0,1.0,1.0,0.99757,1.0,0.5,1.0,1.0,1.0,0.0,0.99066,1.0,1.0,0.0,1.0,1.0,0.5,0.5,0.5,1.0,1.0,0.5,0.5,0.5,0.0,0.0,1.0,1.0,1.0,1.0,0.62703,1.0,0.06667,0.0,1.0,0.0,1.0,0.0,1.0
