0.5,0.5,0.5,0.5,0.5,0.5,0.31231,1.0,0.3,0.0,0.5,0.0,0.0,0.52,0.0,0.99625,0.0,1.0,1.0,1.0,1.0,0.5,1.0,0.90912,1.0,0.25,1.0,1.0,1.0,1.0,1.0,0.75,0.5,0.7,1.0,1.0,0.5,0.5,0.5,1.0,1.0,0.5,0.5,0.5,0.0,0.0,1.0,1.0,1.0,0.5,0.5,0.5,0.4,1.0,1.0,1.0,1.0,1.0,0.5
0.5,0.5,0.5,0.5,0.5,0.5,0.01668,0.2,0.56667,0.0,0.5,0.0,0.0,0.56,0.08,0.0,0.99898,1.0,1.0,1.0,1.0,0.5,0.0,0.86597,1.0,0.25,0.11233,0.05951,0.0,0.0,0.84093,0.75,0.5,0.0,1.0,1.0,0.5,0.5,0.5,1.0,1.0,0.5,0.5,0.5,0.0,0.0,1.0,1.0,1.0,0.23309,1.0,1.0,0.2,0.0,1.0,0.0,1.0,0.0,0.5
0.0,0.5,0.0,0.5,0.2,0.5,0.01333,0.2,0.6,0.0,0.5,0.0,1.0,0.56,0.08,0.0,0.99703,1.0,1.0,1.0,1.0,1.0,1.0,0.87862,1.0,0.25,0.0871,0.04553,0.0,0.0,0.84355,1.0,1.0,0.3,1.0,1.0,0.5,0.5,0.5,1.0,1.0,0.5,0.5,0.5,0.0,0.0,1.0,1.0,1.0,0.23309,1.0,1.0,0.2,0.0,1.0,0.0,1.0,0.0,1.0
0.0,0.5,0.0,0.5,0.2,0.5,0.01146,0.2,0.63333,0.0,0.5,0.0,1.0,0.52,0.08,0.0,0.99644,1.0,1.0,1.0,1.0,1.0,1.0,0.90376,1.0,0.25,0.0705,0.03654,0.0,0.0,0.84573,1.0,1.0,0.6,1.0,1.0,0.5,0.5,0.5,1.0,1.0,0.5,0.5,0.5,0.0,0.0,1.0,1.0,1.0,0.23309,1.0,1.0,0.2,0.0,1.0,0.0,1.0,0.0,0.25
0.0,0.5,0.0,0.5,0.2,0.5,0.01019,0.2,0.66667,0.0,0.5,0.0,1.0,0.44,0.08,0.0,0.99673,1.0,1.0,1.0,1.0,1.0,1.0,0.9096,1.0,0.25,0.06184,0.03191,0.0,0.0,0.8476,1.0,1.0,0.7,1.0,1.0,0.5,0.5,0.5,1.0,1.0,0.5,0.5,0.5,0.0,0.0,1.0,1.0,1.0,0.23309,1.0,1.0,0.2,0.0,1.0,0.0,1.0,0.0,0.25
0.5,0.5,0.5,0.5,0.5,0.5,0.1788,0.2,0.1,0.0,0.5,0.0,0.0,0.32,0.0,0.91608,0.0,1.0,1.0,1.0,1.0,0.5,0.0,0.19982,0.49954,0.0,1.0,1.0,1.0,0.0,1.0,1.0,0.5,0.7,1.0,1.0,0.5,0.5,0.5,1.0,1.0,0.5,0.5,0.5,0.0,0.0,1.0,1.0,1.0,0.5,0.5,1.0,0.2,1.0,1.0,1.0,1.0,1.0,0.5
0.0,0.0,0.0,0.0,0.2,0.2,0.17871,0.2,0.16667,0.0,0.5,0.0,0.0,0.2,0.0,0.94416,0.0,1.0,1.0,1.0,1.0,1.0,0.0,0.19961,0.49903,0.0,1.0,1.0,1.0,0.0,1.0,1.0,1.0,0.7,1.0,1.0,0.5,0.5,0.5,1.0,1.0,0.5,0.5,0.5,0.0,0.0,1.0,1.0,1.0,0.5,0.5,1.0,0.2,1.0,1.0,1.0,1.0,1.0,0.25
0.0,0.0,0.0,0.0,0.2,0.2,0.17871,0.2,0.23333,0.0,0.5,0.0,0.0,0.2,0.0,0.96632,0.0,1.0,1.0,1.0,1.0,1.0,0.0,0.1996,0.49901,0.0,1.0,1.0,1.0,0.0,1.0,1.0,1.0,0.7,1.0,1.0,0.5,0.5,0.5,1.0,1.0,0.5,0.5,0.5,0.0,0.0,1.0,1.0,1.0,0.5,0.5,1.0,0.2,1.0,1.0,1.0,1.0,1.0,0.25
0.0,0.0,0.0,0.0,0.2,0.2,0.17871,0.2,0.3,0.0,0.5,0.0,0.0,0.2,0.0,0.9875,0.0,1.0,1.0,1.0,1.0,1.0,0.0,0.1996,0.49901,0.0,1.0,1.0,1.0,0.0,1.0,1.0,1.0,0.7,1.0,1.0,0.5,0.5,0.5,1.0,1.0,0.5,0.5,0.5,0.0,0.0,1.0,1.0,1.0,0.5,0.5,1.0,0.2,1.0,1.0,1.0,1.0,1.0,0.25
0.5,0.5,0.5,0.5,0.5,0.5,0.28193,1.0,0.36667,0.0,0.5,0.0,0.0,0.48,0.12,0.99165,0.0,1.0,1.0,1.0,1.0,0.5,0.0,0.8193,1.0,0.25,1.0,1.0,1.0,0.0,1.0,0.5,0.5,0.7,1.0,1.0,0.5,0.5,0.5,1.0,1.0,0.5,0.5,0.5,0.0,0.0,1.0,1.0,1.0,0.5,0.5,0.3,0.4,1.0,0.0,1.0,1.0,1.0,0.5
0.0,0.0,0.0,0.0,0.8,0.8,0.1905,0.4,0.53333,0.0,0.5,0.0,0.0,0.32,0.08,0.98596,0.0,1.0,1.0,0.8,1.0,0.8,1.0,0.46084,1.0,0.0,0.72096,0.56367,0.0,0.0,0.93831,1.0,1.0,0.7,1.0,1.0,0.5,0.5,0.5,1.0,1.0,0.5,0.5,0.5,0.0,0.0,1.0,1.0,1.0,1.0,1.0,1.0,0.2,0.0,1.0,0.0,1.0,0.0,1.0
0.5,0.5,0.5,0.5,0.5,0.5,0.23203,0.6,0.1,0.0,0.5,0.0,0.0,0.48,0.08,0.34461,0.0,0.6,1.0,0.9,1.0,0.5,0.0,0.59199,1.0,0.0,1.0,1.0,1.0,0.0,0.92536,1.0,0.5,0.3,1.0,1.0,0.5,0.5,0.5,1.0,1.0,0.5,0.5,0.5,0.0,0.0,1.0,1.0,1.0,0.5,0.5,0.7,0.6,1.0,0.5,1.0,1.0,1.0,0.5
0.0,0.0,0.0,1.0,0.6,0.6,0.26154,0.6,0.2,0.0,0.5,0.0,0.0,0.36,0.16,0.90001,0.0,1.0,1.0,0.9,1.0,1.0,0.0,0.42752,1.0,0.5,1.0,1.0,1.0,0.0,1.0,0.75,0.5,0.7,1.0,1.0,0.5,0.5,0.5,1.0,1.0,0.5,0.5,0.5,0.0,0.0,1.0,1.0,1.0,0.5,0.5,1.0,0.2,1.0,1.0,1.0,1.0,1.0,1.0
0.0,0.0,0.0,0.0,0.6,0.5,0.0,0.3,0.33333,0.0,0.5,0.0,0.0,0.16,0.24,0.0,0.96899,1.0,1.0,0.9,1.0,1.0,1.0,0.90584,1.0,0.25,0.0,0.0,0.33333,0.0,0.70962,0.5,0.25,0.0,1.0,1.0,0.5,0.39352,0.5,1.0,1.0,0.5,0.5,0.5,0.0,0.0,1.0,1.0,1.0,0.5,0.5,1.0,0.2,0.0,1.0,1.0,1.0,0.0,0.0
0.0,0.0,0.0,0.0,0.3,0.3,0.0,0.6,0.6,0.0,0.5,0.0,0.0,0.08,0.24,0.0,0.98844,1.0,1.0,0.9,1.0,1.0,1.0,0.90696,1.0,0.25,0.0,0.0,0.66667,0.0,0.71116,0.75,1.0,0.0,1.0,1.0,0.5,0.39352,0.5,1.0,1.0,0.5,0.5,0.5,0.0,0.0,1.0,1.0,1.0,0.5,0.5,1.0,0.2,0.0,1.0,1.0,1.0,0.33333,1.0
0.0,0.0,0.0,0.0,0.5,0.3,0.0,0.2,0.9,0.0,0.5,0.0,0.0,0.08,0.24,0.0,0.99803,1.0,1.0,0.9,1.0,1.0,1.0,0.90696,1.0,0.25,0.0,0.0,0.0,0.0,0.71139,1.0,1.0,0.0,1.0,1.0,0.5,0.39352,0.5,1.0,1.0,0.5,0.5,0.5,0.0,0.0,1.0,1.0,1.0,0.5,0.5,1.0,0.2,0.0,1.0,1.0,1.0,0.33333,1.0
0.5,0.5,0.5,0.5,0.5,0.5,0.00294,0.2,0.16667,0.0,0.5,0.0,0.0,0.24,0.08,0.86808,0.0,1.0,0.9,0.9,0.9,0.5,0.0,0.83095,1.0,0.25,0.02215,0.0112,0.0,0.0,0.5,0.75,0.5,0.0,1.0,1.0,0.5,0.5,0.5,1.0,1.0,0.5,0.5,0.5,0.0,0.0,1.0,1.0,1.0,0.5,0.5,1.0,0.2,0.0,1.0,1.0,1.0,0.0,0.5
0.0,0.5,0.0,0.5,0.2,0.5,0.00199,0.2,0.2,0.0,0.5,0.0,1.0,0.2,0.08,0.9215,0.0,1.0,0.9,0.9,1.0,1.0,0.0,0.83083,1.0,0.25,0.01497,0.00754,0.0,0.0,0.5,1.0,1.0,0.0,1.0,1.0,0.5,0.5,0.5,1.0,1.0,0.5,0.5,0.5,0.0,0.0,1.0,1.0,1.0,0.5,0.5,1.0,0.2,0.0,1.0,1.0,1.0,0.0,1.0
0.0,0.5,0.0,0.5,0.2,0.5,0.00185,0.2,0.23333,0.0,0.5,0.0,1.0,0.2,0.08,0.95098,0.0,1.0,0.9,0.9,1.0,1.0,1.0,0.83086,1.0,0.25,0.01395,0.00703,0.0,0.0,0.5,1.0,1.0,0.0,1.0,1.0,0.5,0.5,0.5,1.0,1.0,0.5,0.5,0.5,0.0,0.0,1.0,1.0,1.0,0.5,0.5,1.0,0.2,0.0,1.0,1.0,1.0,0.0,1.0
0.0,0.5,0.0,0.5,0.2,0.5,0.00183,0.2,0.26667,0.0,0.5,0.0,1.0,0.2,0.08,0.99644,0.0,1.0,0.9,0.9,1.0,1.0,1.0,0.83087,1.0,0.25,0.01376,0.00693,0.0,0.0,0.5,1.0,1.0,0.0,1.0,1.0,0.5,0.5,0.5,1.0,1.0,0.5,0.5,0.5,0.0,0.0,1.0,1.0,1.0,0.5,0.5,1.0,0.2,0.0,1.0,1.0,1.0,0.0,1.0
0.0,0.5,0.0,0.5,0.2,0.5,0.00182,0.2,0.3,0.0,0.5,0.0,1.0,0.2,0.08,0.99845,0.0,1.0,0.9,0.9,1.0,1.0,1.0,0.83088,1.0,0.25,0.01371,0.0069,0.0,0.0,0.5,1.0,1.0,0.0,1.0,1.0,0.5,0.5,0.5,1.0,1.0,0.5,0.5,0.5,0.0,0.0,1.0,1.0,1.0,0.5,0.5,1.0,0.2,0.0,1.0,1.0,1.0,0.0,1.0
0.0,0.5,0.0,0.5,0.2,0.5,0.00182,0.2,0.33333,0.0,0.5,0.0,1.0,0.16,0.08,0.99924,0.0,1.0,0.9,0.9,1.0,1.0,1.0,0.83088,1.0,0.25,0.0137,0.0069,0.0,0.0,0.5,1.0,1.0,0.0,1.0,1.0,0.5,0.5,0.5,1.0,1.0,0.5,0.5,0.5,0.0,0.0,1.0,1.0,1.0,0.5,0.5,1.0,0.2,0.0,1.0,1.0,1.0,0.0,1.0
0.0,0.5,0.0,0.5,0.2,0.5,0.00182,0.2,0.36667,0.0,0.5,0.0,1.0,0.16,0.08,0.99951,0.0,1.0,0.9,0.9,1.0,1.0,1.0,0.83088,1.0,0.25,0.0137,0.0069,0.0,0.0,0.5,1.0,1.0,0.0,1.0,1.0,0.5,0.5,0.5,1.0,1.0,0.5,0.5,0.5,0.0,0.0,1.0,1.0,1.0,0.5,0.5,1.0,0.2,0.0,1.0,1.0,1.0,0.0,1.0
0.0,0.5,0.0,0.5,0.2,0.5,0.00182,0.2,0.4,0.0,0.5,0.0,1.0,0.16,0.08,0.99966,0.0,1.0,0.9,0.9,1.0,1.0,1.0,0.83088,1.0,0.25,0.0137,0.0069,0.0,0.0,0.5,1.0,1.0,0.0,1.0,1.0,0.5,0.5,0.5,1.0,1.0,0.5,0.5,0.5,0.0,0.0,1.0,1.0,1.0,0.5,0.5,1.0,0.2,0.0,1.0,1.0,1.0,0.0,1.0
0.0,0.5,0.0,0.5,0.2,0.5,0.00182,0.2,0.43333,0.0,0.5,0.0,1.0,0.16,0.08,0.99975,0.0,1.0,0.9,0.9,1.0,1.0,1.0,0.83088,1.0,0.25,0.0137,0.00689,0.0,0.0,0.5,1.0,1.0,0.0,1.0,1.0,0.5,0.5,0.5,1.0,1.0,0.5,0.5,0.5,0.0,0.0,1.0,1.0,1.0,0.5,0.5,1.0,0.2,0.0,1.0,1.0,1.0,0.0,1.0
0.0,0.5,0.0,0.5,0.2,0.5,0.00182,0.2,0.46667,0.0,0.5,0.0,1.0,0.16,0.08,0.9998,0.0,1.0,1.0,0.9,1.0,1.0,1.0,0.83088,1.0,0.25,0.0137,0.00689,0.0,0.0,0.5,1.0,1.0,0.0,1.0,1.0,0.5,0.5,0.5,1.0,1.0,0.5,0.5,0.5,0.0,0.0,1.0,1.0,1.0,0.5,0.5,1.0,0.2,0.0,1.0,1.0,1.0,0.0,1.0
0.0,0.5,0.0,0.5,0.2,0.5,0.00182,0.2,0.5,0.0,0.5,0.0,1.0,0.16,0.08,0.9998,0.0,1.0,1.0,0.9,1.0,1.0,1.0,0.83088,1.0,0.25,0.0137,0.00689,0.0,0.0,0.5,1.0,1.0,0.0,1.0,1.0,0.5,0.5,0.5,1.0,1.0,0.5,0.5,0.5,0.0,0.0,1.0,1.0,1.0,0.5,0.5,1.0,0.2,0.0,1.0,1.0,1.0,0.0,1.0
0.0,0.5,0.0,0.5,0.2,0.5,0.00182,0.2,0.53333,0.0,0.5,0.0,1.0,0.16,0.08,0.99982,0.0,1.0,1.0,0.9,1.0,1.0,1.0,0.83088,1.0,0.25,0.0137,0.00689,0.0,0.0,0.5,1.0,1.0,0.0,1.0,1.0,0.5,0.5,0.5,1.0,1.0,0.5,0.5,0.5,0.0,0.0,1.0,1.0,1.0,0.5,0.5,1.0,0.2,0.0,1.0,1.0,1.0,0.0,1.0
0.0,0.5,0.0,0.5,0.2,0.5,0.00182,0.2,0.56667,0.0,0.5,0.0,1.0,0.16,0.08,0.99984,0.0,1.0,1.0,0.9,1.0,1.0,1.0,0.83088,1.0,0.25,0.0137,0.00689,0.0,0.0,0.5,1.0,1.0,0.0,1.0,1.0,0.5,0.5,0.5,1.0,1.0,0.5,0.5,0.5,0.0,0.0,1.0,1.0,1.0,0.5,0.5,1.0,0.2,0.0,1.0,1.0,1.0,0.0,1.0
0.0,0.5,0.0,0.5,0.2,0.5,0.00182,0.2,0.6,0.0,0.5,0.0,1.0,0.16,0.08,0.99986,0.0,1.0,1.0,0.9,1.0,1.0,1.0,0.83088,1.0,0.25,0.0137,0.00689,0.0,0.0,0.5,1.0,1.0,0.0,1.0,1.0,0.5,0.5,0.5,1.0,1.0,0.5,0.5,0.5,0.0,0.0,1.0,1.0,1.0,0.5,0.5,1.0,0.2,0.0,1.0,1.0,1.0,0.0,1.0
0.0,0.5,0.0,0.5,0.2,0.5,0.00182,0.2,0.63333,0.0,0.5,0.0,1.0,0.16,0.08,0.99989,0.0,1.0,1.0,0.9,1.0,1.0,1.0,0.83088,1.0,0.25,0.0137,0.00689,0.0,0.0,0.5,1.0,1.0,0.0,1.0,1.0,0.5,0.5,0.5,1.0,1.0,0.5,0.5,0.5,0.0,0.0,1.0,1.0,1.0,0.5,0.5,1.0,0.2,0.0,1.0,1.0,1.0,0.0,1.0
0.0,0.0,0.0,0.0,0.2,0.2,0.00182,0.2,0.7,0.0,0.5,0.0,0.0,0.16,0.08,0.99993,0.0,1.0,1.0,0.9,1.0,1.0,1.0,0.83088,1.0,0.25,0.0137,0.00689,0.0,0.0,0.5,0.75,1.0,0.2,1.0,1.0,0.5,0.5,0.5,1.0,1.0,0.5,0.5,0.5,0.0,0.0,1.0,1.0,1.0,0.5,0.5,1.0,0.2,0.0,1.0,1.0,1.0,0.0,1.0
0.0,0.0,0.0,0.0,0.2,0.2,0.00182,0.2,0.76667,0.0,0.5,0.0,0.0,0.16,0.08,0.99995,0.0,1.0,1.0,0.9,1.0,1.0,1.0,0.83088,1.0,0.25,0.0137,0.00689,0.0,0.0,0.5,0.75,1.0,0.4,1.0,1.0,0.5,0.5,0.5,1.0,1.0,0.5,0.5,0.5,0.0,0.0,1.0,1.0,1.0,0.5,0.5,1.0,0.2,0.0,1.0,1.0,1.0,0.0,0.0
0.0,0.0,0.0,0.0,0.2,0.2,0.00182,0.2,0.83333,0.0,0.5,0.0,0.0,0.16,0.08,0.99997,0.0,1.0,1.0,0.9,1.0,1.0,1.0,0.83088,1.0,0.25,0.0137,0.00689,0.0,0.0,0.5,0.75,1.0,0.6,1.0,1.0,0.5,0.5,0.5,1.0,1.0,0.5,0.5,0.5,0.0,0.0,1.0,1.0,1.0,0.5,0.5,1.0,0.2,0.0,1.0,1.0,1.0,0.0,0.0
0.0,0.0,0.0,0.0,0.2,0.2,0.00182,0.2,0.9,0.0,0.5,0.0,0.0,0.16,0.08,0.99998,0.0,1.0,1.0,0.9,1.0,1.0,1.0,0.83088,1.0,0.25,0.0137,0.00689,0.0,0.0,0.5,0.75,1.0,0.7,1.0,1.0,0.5,0.5,0.5,1.0,1.0,0.5,0.5,0.5,0.0,0.0,1.0,1.0,1.0,0.5,0.5,1.0,0.2,0.0,1.0,1.0,1.0,0.0,0.0
0.0,0.0,0.0,0.0,0.2,0.2,0.00182,0.2,0.96667,0.0,0.5,0.0,0.0,0.16,0.08,0.99999,0.0,1.0,1.0,0.9,1.0,1.0,1.0,0.83088,1.0,0.25,0.0137,0.00689,0.0,0.0,0.5,0.75,1.0,0.7,1.0,1.0,0.5,0.5,0.5,1.0,1.0,0.5,0.5,0.5,0.0,0.0,1.0,1.0,1.0,0.5,0.5,1.0,0.2,0.0,1.0,1.0,1.0,0.0,0.0
0.5,0.5,0.5,0.5,0.5,0.5,0.0,0.4,0.23333,0.0,0.5,0.0,0.0,0.12,0.24,0.95017,0.0,1.0,1.0,0.9,1.0,0.5,0.0,0.00074,0.00186,0.25,0.0,0.0,0.0,0.0,1.0,0.75,0.5,0.0,1.0,1.0,0.5,0.5,0.5,1.0,1.0,0.5,0.5,0.5,0.0,0.0,1.0,1.0,1.0,0.5,0.5,1.0,0.2,0.0,1.0,1.0,1.0,1.0,0.5
0.0,0.5,1.0,0.5,0.4,0.5,0.0,0.4,0.26667,0.0,0.5,0.0,1.0,0.12,0.24,0.0,0.98768,1.0,1.0,0.9,1.0,1.0,0.0,0.00035,0.00088,0.25,0.0,0.0,0.0,0.0,1.0,1.0,1.0,0.0,1.0,1.0,0.5,0.5,0.5,1.0,1.0,0.5,0.5,0.5,0.0,0.0,1.0,1.0,1.0,0.5,0.5,1.0,0.2,0.0,1.0,1.0,1.0,0.0,1.0
0.0,0.0,1.0,0.0,0.4,0.4,0.0,0.4,0.8,0.0,0.5,0.0,0.0,0.08,0.24,0.0,0.99848,1.0,1.0,0.9,1.0,1.0,1.0,0.86827,1.0,0.25,0.0,0.0,0.33333,0.0,0.64034,0.75,0.5,0.0,1.0,1.0,0.5,0.5,0.5,1.0,1.0,0.5,0.5,0.5,0.0,0.0,1.0,1.0,1.0,0.5,0.5,1.0,0.2,0.0,1.0,1.0,1.0,0.0,1.0
0.5,0.5,0.5,0.5,0.5,0.5,0.18452,0.4,0.1,0.0,0.5,0.0,0.0,0.72,0.0,0.89505,0.0,0.7,1.0,1.0,1.0,0.5,0.0,0.30861,0.77152,0.0,0.95804,0.77616,0.5,0.0,0.84429,1.0,0.5,0.7,1.0,1.0,0.5,0.5,0.5,1.0,1.0,0.5,0.5,0.5,0.0,0.0,1.0,1.0,1.0,0.5,0.5,0.3,0.6,1.0,0.5,1.0,1.0,0.5,0.5
1.0,0.5,1.0,0.5,0.4,0.5,0.18774,0.4,0.13333,0.0,0.5,0.0,1.0,0.6,0.0,0.88121,0.0,1.0,1.0,1.0,1.0,1.0,0.0,0.29647,0.74118,0.0,0.96741,0.75666,0.5,0.0,0.84348,1.0,1.0,0.7,1.0,1.0,0.5,0.5,0.5,1.0,1.0,0.5,0.5,0.5,0.0,0.0,1.0,1.0,1.0,0.5,0.5,0.3,0.6,1.0,0.5,1.0,1.0,1.0,1.0
1.0,0.5,1.0,0.5,0.6,0.5,0.20738,0.6,0.16667,0.0,0.5,0.0,1.0,0.52,0.04,0.36307,0.0,1.0,1.0,1.0,1.0,1.0,1.0,0.89652,1.0,0.25,1.0,1.0,1.0,0.0,1.0,1.0,0.75,0.7,1.0,1.0,0.5,0.5,0.5,1.0,1.0,0.5,0.5,0.5,0.0,0.0,1.0,1.0,1.0,0.5,0.5,0.3,0.4,1.0,1.0,1.0,1.0,1.0,1.0
0.0,1.0,1.0,1.0,0.6,1.0,0.31134,1.0,0.63333,0.0,0.5,0.0,0.0,0.52,0.0,0.0,0.77762,1.0,1.0,1.0,1.0,0.9,1.0,0.87406,1.0,0.25,1.0,1.0,1.0,1.0,1.0,0.75,1.0,0.7,1.0,1.0,0.5,0.5,0.5,1.0,1.0,0.5,0.5,0.5,0.0,0.0,1.0,1.0,1.0,0.5,0.5,0.4,0.4,1.0,1.0,1.0,1.0,0.0,1.0
0.5,0.5,0.5,0.5,0.5,0.5,0.05298,0.2,0.46667,0.0,0.5,0.0,0.0,0.6,0.12,0.99199,0.0,1.0,1.0,1.0,1.0,0.5,1.0,0.95847,1.0,0.25,0.28585,0.16676,0.0,0.0,0.87333,0.75,0.5,0.7,1.0,1.0,0.5,0.5,0.5,1.0,1.0,0.5,0.5,0.5,0.0,0.0,1.0,1.0,1.0,0.0,0.152,1.0,0.2,0.0,1.0,0.0,1.0,0.0,0.5
0.0,0.5,0.0,0.5,0.2,0.5,0.04745,0.2,0.5,0.0,0.5,0.0,1.0,0.56,0.12,0.99552,0.0,1.0,1.0,1.0,1.0,1.0,0.0,0.9076,1.0,0.25,0.28422,0.16565,0.0,0.0,0.92075,1.0,0.5,0.7,1.0,1.0,0.5,0.5,0.5,1.0,1.0,0.5,0.5,0.5,0.0,0.0,1.0,1.0,1.0,0.0,0.152,1.0,0.2,0.0,1.0,0.0,1.0,0.0,0.25
0.0,0.0,0.0,0.0,0.2,0.2,0.0403,0.2,0.56667,0.0,0.5,0.0,0.0,0.52,0.12,0.99926,0.0,1.0,1.0,1.0,1.0,1.0,1.0,0.95664,1.0,0.25,0.21875,0.1228,0.0,0.0,0.87561,0.5,0.5,0.7,1.0,1.0,0.5,0.5,0.5,1.0,1.0,0.5,0.5,0.5,0.0,0.0,1.0,1.0,1.0,0.0,0.152,1.0,0.2,0.0,1.0,0.0,1.0,0.0,0.25
0.0,0.0,0.0,0.0,0.2,0.2,0.03108,0.2,0.66667,0.0,0.5,0.0,0.0,0.36,0.12,0.0,0.9987,1.0,1.0,0.7,1.0,1.0,1.0,0.94493,1.0,0.25,0.17311,0.09476,0.0,0.0,0.87723,0.5,1.0,0.7,1.0,1.0,0.5,0.5,0.5,1.0,1.0,0.5,0.5,0.5,0.0,0.0,1.0,1.0,1.0,0.0,0.152,1.0,0.2,0.0,1.0,0.0,1.0,0.0,0.25
0.0,0.5,0.0,0.5,0.2,0.5,0.0284,0.2,0.7,0.0,0.5,0.0,1.0,0.36,0.12,0.0,0.99829,1.0,1.0,0.7,1.0,1.0,0.0,0.91425,1.0,0.25,0.16909,0.09236,0.0,0.0,0.9198,1.0,0.5,0.7,1.0,1.0,0.5,0.5,0.5,1.0,1.0,0.5,0.5,0.5,0.0,0.0,1.0,1.0,1.0,0.0,0.152,1.0,0.2,0.0,1.0,0.0,1.0,0.0,0.5
0.0,0.0,0.0,0.0,0.2,0.2,0.02154,0.2,0.8,0.0,0.5,0.0,0.0,0.32,0.12,0.0,0.99745,1.0,1.0,0.7,1.0,1.0,1.0,0.96862,1.0,0.25,0.11453,0.06074,0.0,0.0,0.8784,0.5,0.5,0.7,1.0,1.0,0.5,0.5,0.5,1.0,1.0,0.5,0.5,0.5,0.0,0.0,1.0,1.0,1.0,0.0,0.152,1.0,0.2,0.0,1.0,0.0,1.0,0.0,0.5
0.0,0.5,0.0,0.5,0.2,0.5,0.01962,0.2,0.83333,0.0,0.5,0.0,1.0,0.32,0.12,0.0,0.99785,1.0,1.0,0.7,1.0,1.0,0.0,0.92044,1.0,0.25,0.11567,0.06138,0.0,0.0,0.92016,1.0,0.5,0.7,1.0,1.0,0.5,0.5,0.5,1.0,1.0,0.5,0.5,0.5,0.0,0.0,1.0,1.0,1.0,0.0,0.152,1.0,0.2,0.0,1.0,0.0,1.0,0.0,0.75
0.0,0.0,0.0,0.0,0.2,0.2,0.01634,0.2,0.9,0.0,0.5,0.0,0.0,0.36,0.12,0.0,0.99808,1.0,1.0,0.7,1.0,1.0,1.0,0.98047,1.0,0.25,0.08487,0.04431,0.0,0.0,0.87892,0.5,0.5,0.7,1.0,1.0,0.5,0.5,0.5,1.0,1.0,0.5,0.5,0.5,0.0,0.0,1.0,1.0,1.0,0.0,0.152,1.0,0.2,0.0,1.0,0.0,1.0,0.0,0.75
0.0,0.0,0.0,0.0,0.2,0.2,0.01228,0.2,1.0,0.0,0.5,0.0,0.0,0.36,0.12,0.0,0.99828,1.0,1.0,0.7,1.0,1.0,1.0,0.98444,1.0,0.25,0.06332,0.03269,0.0,0.0,0.87929,1.0,1.0,0.7,1.0,1.0,0.5,0.5,0.5,1.0,1.0,0.5,0.5,0.5,0.0,0.0,1.0,1.0,1.0,0.0,0.152,1.0,0.2,0.0,1.0,0.0,1.0,0.0,0.75
0.5,0.5,0.5,0.5,0.5,0.5,0.20355,0.8,0.3,0.0,0.5,0.0,0.0,0.6,0.04,0.99965,0.0,1.0,1.0,1.0,1.0,0.5,0.0,0.94504,1.0,0.0,1.0,1.0,1.0,0.0,1.0,1.0,0.5,0.7,1.0,1.0,0.5,0.5,0.5,1.0,1.0,0.5,0.5,0.5,0.0,0.0,1.0,1.0,1.0,1.0,1.0,0.3,0.4,1.0,1.0,1.0,1.0,1.0,0.5
0.0,1.0,0.0,0.0,0.4,0.6,0.11329,0.2,0.63333,0.0,0.5,0.0,0.0,0.6,0.04,0.0,0.98566,0.6,1.0,1.0,1.0,1.0,0.0,0.54504,1.0,0.0,0.76724,0.62238,0.0,0.0,1.0,1.0,1.0,0.7,1.0,1.0,0.5,0.5,0.5,1.0,1.0,0.5,0.5,0.5,0.0,0.0,1.0,1.0,1.0,1.0,1.0,0.3,0.4,1.0,0.0,1.0,1.0,1.0,1.0
0.0,0.5,0.0,0.5,0.2,0.5,0.10483,0.2,0.66667,0.0,0.5,0.0,1.0,0.56,0.04,0.0,0.99544,1.0,1.0,1.0,1.0,1.0,0.0,0.50414,1.0,0.0,0.7382,0.58503,0.0,0.0,1.0,1.0,1.0,0.7,1.0,1.0,0.5,0.5,0.5,1.0,1.0,0.5,0.5,0.5,0.0,0.0,1.0,1.0,1.0,1.0,1.0,0.3,0.4,1.0,0.0,1.0,1.0,1.0,1.0
0.0,0.5,0.0,0.5,0.2,0.5,0.09734,0.2,0.7,0.0,0.5,0.0,1.0,0.56,0.04,0.0,0.99697,1.0,1.0,1.0,1.0,1.0,0.0,0.48304,1.0,0.0,0.70025,0.53876,0.0,0.0,1.0,1.0,1.0,0.7,1.0,1.0,0.5,0.5,0.5,1.0,1.0,0.5,0.5,0.5,0.0,0.0,1.0,1.0,1.0,1.0,1.0,0.3,0.4,1.0,0.0,1.0,1.0,1.0,1.0
0.0,0.5,0.0,0.5,0.2,0.5,0.09158,0.2,0.73333,0.0,0.5,0.0,1.0,0.52,0.04,0.0,0.99792,1.0,1.0,1.0,1.0,1.0,0.0,0.45561,1.0,0.0,0.67835,0.51326,0.0,0.0,1.0,1.0,1.0,0.7,1.0,1.0,0.5,0.5,0.5,1.0,1.0,0.5,0.5,0.5,0.0,0.0,1.0,1.0,1.0,1.0,1.0,0.3,0.4,1.0,0.0,1.0,1.0,1.0,1.0
0.0,0.0,0.0,0.0,0.2,0.2,0.0488,0.2,0.0,0.83333,0.5,0.0,0.0,0.56,0.12,0.99533,0.0,0.6,0.6,1.0,1.0,0.6,0.0,0.72272,1.0,0.25,0.48247,0.31793,0.0,0.0,0.99025,1.0,1.0,0.0,0.6,0.48381,0.42247,0.5,0.12674,1.0,1.0,0.5,0.5,0.5,0.0,0.0,1.0,1.0,1.0,0.35896,1.0,1.0,0.2,0.0,1.0,0.0,1.0,0.0,1.0
0.0,0.5,0.0,0.5,0.2,0.5,0.04348,0.2,0.0,0.81081,0.5,0.0,1.0,0.6,0.12,0.99199,0.0,0.6,1.0,1.0,1.0,0.6,1.0,0.84366,1.0,0.25,0.26981,0.15297,0.0,0.0,0.98967,1.0,0.75,0.0,1.0,1.0,0.5,0.5,0.5,1.0,1.0,0.5,0.5,0.5,0.0,0.0,1.0,1.0,1.0,0.35896,1.0,1.0,0.2,0.0,1.0,0.0,1.0,0.0,1.0
1.0,0.5,1.0,0.5,0.2,0.5,0.04685,0.2,0.0,0.78947,0.5,0.0,1.0,0.6,0.12,0.0,0.9981,0.6,0.6,1.0,1.0,0.6,0.0,0.70902,1.0,0.25,0.48902,0.32365,0.0,1.0,1.0,1.0,0.75,0.6,1.0,1.0,0.5,0.5,0.5,1.0,1.0,0.5,0.5,0.5,0.0,0.0,1.0,1.0,1.0,0.35896,1.0,0.4,0.4,1.0,1.0,1.0,1.0,0.0,1.0
0.0,0.5,0.0,0.5,0.2,0.5,0.03947,0.2,0.0,0.76923,0.5,0.0,1.0,0.56,0.12,0.0,0.9961,1.0,1.0,1.0,1.0,1.0,0.0,0.67079,1.0,0.25,0.49254,0.32674,0.0,1.0,1.0,1.0,1.0,0.7,1.0,1.0,0.5,0.5,0.5,1.0,1.0,0.5,0.5,0.5,0.0,0.0,1.0,1.0,1.0,0.35896,1.0,0.3,0.4,1.0,1.0,1.0,1.0,1.0,1.0
0.5,0.5,0.5,0.5,0.5,0.5,0.17081,0.2,0.33333,0.0,0.5,0.0,0.0,0.2,0.0,0.98816,0.0,1.0,1.0,1.0,1.0,0.5,0.0,0.18235,0.45588,0.0,1.0,1.0,1.0,0.0,1.0,1.0,0.5,0.7,1.0,1.0,0.5,0.5,0.5,1.0,1.0,0.5,0.5,0.5,0.0,0.0,1.0,1.0,1.0,0.5,0.5,1.0,0.2,1.0,1.0,1.0,1.0,1.0,0.5
0.5,0.5,0.5,0.5,0.5,0.5,0.32052,1.0,0.2,0.0,0.5,0.0,0.0,0.64,0.0,0.93289,0.0,1.0,1.0,1.0,1.0,0.5,1.0,0.83208,1.0,0.25,1.0,1.0,1.0,1.0,1.0,0.75,0.5,0.7,1.0,1.0,0.5,0.5,0.5,1.0,1.0,0.5,0.5,0.5,0.0,0.0,1.0,1.0,1.0,0.5,0.5,0.4,0.4,1.0,1.0,1.0,1.0,1.0,0.5
0.0,0.0,0.0,0.0,1.0,0.8,0.08412,0.2,0.53333,0.0,0.5,0.0,0.0,0.48,0.0,0.95836,0.0,0.9,0.6,1.0,1.0,0.7,0.0,0.54085,1.0,0.5,0.57189,0.40045,0.0,0.0,1.0,0.75,0.5,0.7,1.0,1.0,0.5,0.5,0.5,1.0,1.0,0.5,0.5,0.5,0.0,0.0,1.0,1.0,1.0,0.5,0.5,0.3,0.4,1.0,0.0,1.0,1.0,1.0,0.75
0.0,0.0,0.0,1.0,0.2,0.2,0.07193,0.2,0.66667,0.0,0.5,0.0,0.0,0.32,0.04,0.41691,0.0,1.0,0.8,1.0,1.0,0.8,1.0,0.84526,1.0,0.25,0.45786,0.32294,0.0,0.0,0.95627,1.0,0.75,0.0,0.8,0.72607,0.53336,0.5,0.16001,1.0,1.0,0.5,0.5,0.5,0.0,0.0,1.0,1.0,1.0,0.5,0.5,1.0,0.2,0.0,1.0,1.0,1.0,0.0,1.0
0.0,0.0,0.0,0.0,0.2,0.2,0.07101,0.2,0.73333,0.0,0.5,0.0,0.0,0.24,0.04,0.78188,0.0,1.0,1.0,1.0,1.0,1.0,1.0,0.84962,1.0,0.25,0.45412,0.31505,0.0,0.0,0.95346,1.0,1.0,0.7,1.0,1.0,0.5,0.5,0.5,1.0,1.0,0.5,0.5,0.5,0.0,0.0,1.0,1.0,1.0,0.5,0.5,0.3,0.4,0.5,1.0,1.0,1.0,0.0,1.0
0.0,0.0,0.0,0.0,0.2,0.2,0.00246,0.2,0.86667,0.0,0.5,0.0,0.0,0.2,0.08,0.998,0.0,1.0,1.0,0.9,1.0,0.9,1.0,0.74889,1.0,0.5,0.018,0.00908,0.0,0.0,0.79856,0.75,0.25,0.0,1.0,1.0,0.5,0.5,0.5,1.0,1.0,0.5,0.5,0.5,0.0,0.0,1.0,1.0,1.0,0.5,0.5,1.0,0.2,0.0,1.0,1.0,1.0,0.0,1.0
0.0,0.0,0.0,0.0,0.2,0.2,0.00223,0.2,0.93333,0.0,0.5,0.0,0.0,0.2,0.08,0.99669,0.0,1.0,1.0,0.9,1.0,1.0,0.0,0.74209,1.0,0.5,0.01654,0.00834,0.0,0.0,0.79843,0.75,1.0,0.0,1.0,1.0,0.5,0.5,0.5,1.0,1.0,0.5,0.5,0.5,0.0,0.0,1.0,1.0,1.0,0.5,0.5,1.0,0.2,0.0,1.0,1.0,1.0,0.0,1.0
0.0,0.0,0.0,0.0,0.2,0.2,0.00219,0.2,1.0,0.0,0.5,0.0,0.0,0.24,0.08,0.0,0.98912,1.0,1.0,0.9,1.0,1.0,1.0,0.75063,1.0,0.5,0.01652,0.00833,0.0,0.0,0.79833,0.75,1.0,0.2,1.0,1.0,0.5,0.5,0.5,1.0,1.0,0.5,0.5,0.5,0.0,0.0,1.0,1.0,1.0,0.5,0.5,1.0,0.2,0.0,1.0,1.0,1.0,0.0,1.0
0.0,0.0,0.0,0.0,0.2,0.2,0.00165,0.2,0.0,0.90909,0.5,0.0,0.0,0.16,0.08,0.99344,0.0,1.0,1.0,0.9,1.0,1.0,1.0,0.81348,1.0,0.5,0.01107,0.00556,0.0,0.0,0.79827,0.75,1.0,0.6,1.0,1.0,0.5,0.5,0.5,1.0,1.0,0.5,0.5,0.5,0.0,0.0,1.0,1.0,1.0,0.0,0.0,1.0,0.2,0.0,1.0,1.0,1.0,0.0,0.0
0.0,0.0,0.0,0.0,0.2,0.2,0.00161,0.2,0.0,0.85714,0.5,0.0,0.0,0.16,0.08,0.98974,0.0,1.0,1.0,0.9,1.0,1.0,1.0,0.8161,1.0,0.5,0.01076,0.00541,0.0,0.0,0.79826,0.75,1.0,0.6,1.0,1.0,0.5,0.5,0.5,1.0,1.0,0.5,0.5,0.5,0.0,0.0,1.0,1.0,1.0,0.0,0.0,1.0,0.2,0.0,1.0,1.0,1.0,0.0,0.0
0.0,0.0,0.0,0.0,0.2,0.2,0.00161,0.2,0.0,0.81081,0.5,0.0,0.0,0.16,0.08,0.99258,0.0,0.9,0.9,0.9,1.0,0.9,1.0,0.8737,1.0,0.25,0.01073,0.00539,0.0,0.0,0.79825,1.0,1.0,0.7,1.0,1.0,0.5,0.5,0.5,1.0,1.0,0.5,0.5,0.5,0.0,0.0,1.0,1.0,1.0,0.0,0.0,1.0,0.2,0.0,1.0,1.0,1.0,0.0,0.0
0.0,0.0,0.0,0.0,0.2,0.2,0.00161,0.2,0.0,0.76923,0.5,0.0,0.0,0.16,0.08,0.99516,0.0,1.0,1.0,0.9,1.0,1.0,1.0,0.87374,1.0,0.25,0.01072,0.00539,0.0,0.0,0.79824,1.0,1.0,0.7,1.0,1.0,0.5,0.5,0.5,1.0,1.0,0.5,0.5,0.5,0.0,0.0,1.0,1.0,1.0,0.0,0.0,1.0,0.2,0.0,1.0,1.0,1.0,0.0,0.0
0.5,0.5,0.5,0.5,0.5,0.5,0.22335,0.8,0.16667,0.0,0.5,0.0,0.0,0.6,0.0,0.92673,0.0,1.0,1.0,1.0,1.0,0.5,0.0,0.21708,0.54271,0.0,1.0,1.0,1.0,0.0,1.0,0.75,0.5,0.7,1.0,1.0,0.5,0.5,0.5,1.0,1.0,0.5,0.5,0.5,0.0,0.0,1.0,1.0,1.0,0.5,0.5,0.3,0.6,1.0,1.0,1.0,1.0,1.0,0.5
0.5,0.5,0.5,0.5,0.5,0.5,0.08997,0.1,0.06667,0.0,1.0,0.0,0.0,0.34,0.0,0.5,0.5,0.88889,0.93333,1.0,1.0,0.5,1.0,0.83653,1.0,0.22222,0.92043,0.86476,0.0,1.0,0.7619,0.66667,0.5,0.7,1.0,1.0,0.5,0.5,0.5,1.0,1.0,0.5,0.5,0.5,0.5,0.5,1.0,1.0,1.0,0.5,0.5,0.3,0.2,0.5,1.0,1.0,1.0,0.5,0.5
1.0,0.5,1.0,0.5,1.0,0.5,0.11743,1.0,0.1,0.0,1.0,0.0,1.0,0.31,0.0,0.0,0.99309,0.75556,0.86667,1.0,1.0,0.75556,1.0,0.96733,1.0,0.11111,1.0,1.0,1.0,0.0,0.88409,1.0,0.88889,0.7,1.0,1.0,0.5,0.5,0.5,1.0,1.0,0.5,0.5,0.5,0.0,0.0,1.0,1.0,1.0,0.5,0.5,0.3,0.4,1.0,0.66667,1.0,1.0,0.33333,1.0
0.0,1.0,0.0,1.0,0.9,1.0,0.12589,1.0,0.16667,0.0,1.0,0.0,0.0,0.32,0.0,0.9424,0.0,1.0,1.0,1.0,1.0,0.86667,0.0,0.884,1.0,0.0,1.0,1.0,1.0,0.0,0.89173,0.88889,1.0,0.7,1.0,1.0,0.5,0.5,0.5,1.0,1.0,0.5,0.5,0.5,0.0,0.0,1.0,1.0,1.0,0.5,0.5,0.3,0.4,1.0,0.66667,1.0,1.0,0.0,1.0
0.5,0.5,0.5,0.5,0.5,0.5,0.07844,0.3,0.5,0.0,1.0,0.0,0.0,0.56,0.04,0.98739,0.0,1.0,1.0,1.0,1.0,0.5,0.0,0.84909,1.0,0.0,0.72729,0.61881,0.0,0.0,0.99549,0.88889,0.5,0.7,1.0,1.0,0.5,0.5,0.5,1.0,1.0,0.5,0.5,0.5,0.0,0.0,1.0,1.0,1.0,0.40952,0.36815,0.3,0.4,1.0,1.0,1.0,1.0,1.0,0.5
0.0,1.0,0.0,0.0,0.3,0.3,0.07046,0.2,0.6,0.0,1.0,0.0,0.0,0.55,0.04,0.99315,0.0,1.0,1.0,1.0,1.0,1.0,1.0,0.83961,1.0,0.0,0.65019,0.56758,0.0,0.0,0.99774,1.0,1.0,0.65,0.8,0.84507,0.34925,0.5,0.52388,1.0,1.0,0.5,0.5,0.5,0.0,0.0,1.0,1.0,1.0,0.38328,0.42768,0.35,0.4,1.0,1.0,1.0,1.0,1.0,1.0
1.0,0.5,1.0,0.5,0.3,0.5,0.0735,0.3,0.63333,0.0,1.0,0.0,1.0,0.54,0.04,0.99279,0.0,1.0,1.0,1.0,1.0,1.0,1.0,0.84781,1.0,0.0,0.68104,0.59365,0.0,0.0,0.99793,1.0,1.0,0.7,1.0,1.0,0.5,0.5,0.5,1.0,1.0,0.5,0.5,0.5,0.0,0.0,1.0,1.0,1.0,0.38328,0.42768,0.3,0.4,1.0,1.0,1.0,1.0,1.0,1.0
0.0,0.5,0.0,0.5,0.1,0.5,0.06736,0.1,0.66667,0.0,1.0,0.0,1.0,0.54,0.04,0.99495,0.0,1.0,1.0,1.0,1.0,1.0,0.0,0.84609,1.0,0.0,0.62363,0.54258,0.0,0.0,0.99714,1.0,1.0,0.7,1.0,1.0,0.5,0.5,0.5,1.0,1.0,0.5,0.5,0.5,0.0,0.0,1.0,1.0,1.0,0.38328,0.42768,0.3,0.4,1.0,1.0,1.0,1.0,1.0,1.0
0.5,0.5,0.5,0.5,0.5,0.5,0.08815,0.3,0.46667,0.0,1.0,0.0,0.0,0.55,0.05,0.99625,0.0,1.0,1.0,1.0,1.0,0.5,0.0,0.75883,1.0,0.11111,0.81703,0.75643,0.0,1.0,1.0,0.88889,0.5,0.7,1.0,1.0,0.5,0.5,0.5,1.0,1.0,0.5,0.5,0.5,0.0,0.0,1.0,1.0,1.0,0.52742,0.55333,0.3,0.5,1.0,1.0,0.5,1.0,1.0,0.5
0.0,1.0,0.0,1.0,0.2,0.3,0.08888,0.3,0.53333,0.0,1.0,0.0,0.0,0.54,0.05,0.99751,0.0,1.0,1.0,1.0,1.0,1.0,1.0,0.76424,1.0,0.11111,0.82836,0.773,0.0,1.0,1.0,0.88889,1.0,0.7,1.0,1.0,0.5,0.5,0.5,1.0,1.0,0.5,0.5,0.5,0.0,0.0,1.0,1.0,1.0,0.52742,0.55333,0.3,0.5,1.0,1.0,0.5,1.0,0.0,1.0
0.5,0.5,0.5,0.5,0.5,0.5,0.07518,0.1,0.33333,0.0,1.0,0.0,0.0,0.1,0.0,0.99293,0.0,1.0,1.0,1.0,1.0,0.5,0.0,0.03532,0.08831,0.0,1.0,1.0,1.0,0.0,1.0,1.0,0.5,0.7,1.0,1.0,0.5,0.5,0.5,1.0,1.0,0.5,0.5,0.5,0.0,0.0,1.0,1.0,1.0,0.5,0.5,1.0,0.1,1.0,1.0,1.0,1.0,1.0,0.5
0.0,0.0,0.0,0.0,0.1,0.1,0.07518,0.1,0.63333,0.0,1.0,0.0,0.0,0.1,0.0,0.99905,0.0,1.0,1.0,1.0,1.0,1.0,0.0,0.03532,0.08831,0.0,1.0,1.0,1.0,0.0,1.0,1.0,1.0,0.7,1.0,1.0,0.5,0.5,0.5,1.0,1.0,0.5,0.5,0.5,0.0,0.0,1.0,1.0,1.0,0.5,0.5,1.0,0.1,1.0,1.0,1.0,1.0,1.0,0.44444
0.5,0.5,0.5,0.5,0.5,0.5,0.12413,0.8,0.26667,0.0,1.0,0.0,0.0,0.38,0.03,0.99314,0.0,1.0,1.0,1.0,1.0,0.5,0.0,0.91273,1.0,0.11111,1.0,0.99931,0.66667,0.0,1.0,0.88889,0.5,0.7,1.0,1.0,0.5,0.5,0.5,1.0,1.0,0.5,0.5,0.5,0.0,0.0,1.0,1.0,1.0,1.0,1.0,0.3,0.3,0.66667,1.0,0.5,1.0,0.66667,0.5
0.0,0.0,0.0,0.0,0.7,0.8,0.13357,0.7,0.46667,0.0,1.0,0.0,0.0,0.33,0.07,0.99261,0.0,1.0,1.0,0.88889,0.88889,0.71111,0.0,0.46079,1.0,0.22222,0.98383,0.96818,0.0,0.0,1.0,0.77778,0.77778,0.7,1.0,1.0,0.5,0.5,0.5,1.0,1.0,0.5,0.5,0.5,0.0,0.0,1.0,1.0,1.0,0.65754,0.46402,0.3,0.2,1.0,1.0,1.0,1.0,1.0,1.0
1.0,0.5,1.0,0.5,0.7,0.5,0.13668,0.7,0.5,0.0,1.0,0.0,1.0,0.3,0.09,0.99792,0.0,1.0,1.0,0.88889,1.0,1.0,1.0,0.47053,1.0,0.22222,0.99624,0.99251,0.0,0.0,1.0,1.0,1.0,0.7,1.0,1.0,0.5,0.5,0.5,1.0,1.0,0.5,0.5,0.5,0.0,0.0,1.0,1.0,1.0,0.65754,0.46402,0.3,0.2,1.0,0.0,1.0,1.0,1.0,1.0
0.0,1.0,0.0,1.0,0.7,0.8,0.14396,0.8,0.56667,0.0,1.0,0.0,0.0,0.23,0.09,0.99088,0.0,1.0,1.0,0.82222,0.88889,1.0,1.0,0.99971,1.0,0.33333,1.0,1.0,1.0,0.0,0.99454,0.77778,0.88889,0.7,1.0,1.0,0.5,0.5,0.5,1.0,1.0,0.5,0.5,0.5,0.0,0.0,1.0,1.0,1.0,1.0,0.1418,0.3,0.2,0.5,1.0,1.0,1.0,0.5,1.0
1.0,0.5,1.0,0.5,0.8,0.5,0.15214,0.8,0.6,0.0,1.0,0.0,1.0,0.23,0.11,0.98888,0.0,1.0,1.0,0.82222,1.0,1.0,0.0,0.98307,1.0,0.33333,1.0,1.0,1.0,0.0,0.98412,1.0,0.77778,0.7,1.0,1.0,0.5,0.5,0.5,1.0,1.0,0.5,0.5,0.5,0.0,0.0,1.0,1.0,1.0,1.0,0.1418,0.3,0.3,1.0,0.5,1.0,1.0,0.5,1.0
1.0,0.5,1.0,0.5,0.7,0.5,0.15474,0.7,0.63333,0.0,1.0,0.0,1.0,0.2,0.11,0.99163,0.0,0.88889,0.88889,0.93333,1.0,0.88889,0.0,0.84754,1.0,0.22222,0.94823,0.90155,0.0,0.0,0.97902,1.0,0.88889,0.7,1.0,1.0,0.5,0.5,0.5,1.0,1.0,0.5,0.5,0.5,0.0,0.0,1.0,1.0,1.0,1.0,0.1418,0.3,0.2,1.0,0.0,1.0,1.0,1.0,1.0
0.5,0.5,0.5,0.5,0.5,0.5,0.12825,1.0,0.1,0.0,1.0,0.0,0.0,0.46,0.01,0.36948,0.0,0.57778,0.71111,0.73333,1.0,0.5,1.0,0.97749,1.0,0.11111,1.0,1.0,1.0,0.0,0.95627,0.55556,0.5,0.7,1.0,1.0,0.5,0.5,0.5,1.0,1.0,0.5,0.5,0.5,0.0,0.0,1.0,1.0,1.0,1.0,1.0,0.3,0.4,1.0,1.0,1.0,1.0,0.0,0.5
0.0,0.0,0.0,0.0,0.2,0.1,0.05838,0.1,0.16667,0.0,1.0,0.0,0.0,0.31,0.03,0.80811,0.0,0.77778,0.73333,0.73333,1.0,0.77778,0.0,0.87904,1.0,0.11111,0.67459,0.48302,0.0,0.0,0.93279,0.77778,0.77778,0.0,0.9,0.92821,1.0,0.19572,1.0,1.0,1.0,0.5,0.5,0.5,0.0,0.0,1.0,1.0,1.0,1.0,1.0,1.0,0.1,0.0,1.0,0.0,1.0,0.0,1.0
1.0,1.0,1.0,1.0,0.1,0.2,0.06717,0.2,0.26667,0.0,1.0,0.0,0.0,0.38,0.03,0.97748,0.0,1.0,1.0,1.0,1.0,0.71111,0.0,0.74785,1.0,0.11111,0.79466,0.65551,0.0,0.0,0.89578,1.0,0.66667,0.3,0.9,0.94502,1.0,1.0,1.0,1.0,1.0,0.5,0.5,0.5,0.0,0.0,1.0,1.0,1.0,1.0,1.0,0.7,0.3,1.0,0.5,1.0,1.0,1.0,1.0
0.0,0.0,0.0,0.0,0.2,0.1,0.04792,0.1,0.33333,0.0,1.0,0.0,0.0,0.38,0.03,0.99423,0.0,1.0,1.0,1.0,1.0,1.0,1.0,0.78053,1.0,0.11111,0.53769,0.34776,0.0,0.0,0.90782,0.88889,0.77778,0.05,0.9,0.9514,0.54888,0.95029,1.0,1.0,1.0,0.5,0.5,0.5,0.0,0.0,1.0,1.0,1.0,1.0,1.0,0.95,0.2,0.5,0.0,1.0,1.0,0.5,1.0
0.0,0.0,0.0,0.0,0.1,0.1,0.03692,0.1,0.4,0.0,1.0,0.0,0.0,0.39,0.03,0.0,0.98833,1.0,1.0,1.0,1.0,1.0,0.0,0.71044,1.0,0.11111,0.51242,0.32922,0.0,0.0,0.8958,1.0,0.77778,0.7,1.0,1.0,0.5,0.95029,0.5,1.0,1.0,0.5,0.5,0.5,0.0,0.0,1.0,1.0,1.0,1.0,1.0,0.3,0.3,1.0,0.5,1.0,1.0,0.5,1.0
0.5,0.5,0.5,0.5,0.5,0.5,0.11125,0.8,0.06667,0.0,1.0,0.0,0.0,0.56,0.0,0.5,0.5,0.0,1.0,1.0,1.0,0.5,1.0,0.91604,1.0,0.77778,1.0,1.0,1.0,0.0,1.0,0.33333,0.5,0.7,1.0,1.0,0.5,0.5,0.5,1.0,1.0,0.5,0.5,0.5,0.5,0.5,1.0,1.0,1.0,0.5,0.5,0.3,0.3,1.0,1.0,1.0,1.0,1.0,0.5
0.0,1.0,0.0,1.0,0.6,0.8,0.07556,0.1,0.76667,0.0,1.0,0.0,0.0,0.55,0.0,0.98593,0.0,0.8,1.0,1.0,1.0,0.44444,0.0,0.77074,1.0,0.0,0.84178,0.67665,0.0,0.0,0.99178,1.0,0.77778,0.7,1.0,1.0,0.5,0.5,0.5,1.0,1.0,0.5,0.5,0.5,0.0,0.0,1.0,1.0,1.0,0.5,0.5,0.3,0.5,1.0,1.0,1.0,1.0,0.0,1.0
0.5,0.5,0.5,0.5,0.5,0.5,0.10374,0.6,0.26667,0.0,1.0,0.0,0.0,0.65,0.02,0.94052,0.0,1.0,1.0,1.0,1.0,0.5,0.0,0.98527,1.0,0.11111,1.0,0.94969,0.66667,0.0,0.98775,0.88889,0.5,0.7,0.9,0.90918,0.97645,0.5,1.0,1.0,1.0,0.5,0.5,0.5,0.0,0.0,1.0,1.0,1.0,0.51189,0.49566,0.3,0.4,1.0,0.66667,1.0,1.0,1.0,0.5
0.0,0.0,0.0,0.0,0.4,0.3,0.06966,0.1,0.43333,0.0,1.0,0.0,0.0,0.57,0.05,0.98784,0.0,1.0,1.0,1.0,1.0,1.0,1.0,0.97819,1.0,0.11111,0.67851,0.54817,0.0,1.0,0.99416,0.88889,1.0,0.3,0.8,0.84876,0.27951,0.48956,0.41927,1.0,1.0,0.5,0.5,0.5,0.0,0.0,1.0,1.0,1.0,0.45981,0.46258,0.7,0.4,1.0,1.0,1.0,1.0,1.0,1.0
0.0,0.5,0.0,0.5,0.1,0.5,0.06421,0.1,0.46667,0.0,1.0,0.0,1.0,0.56,0.05,0.99333,0.0,1.0,1.0,1.0,1.0,1.0,0.0,0.97521,1.0,0.11111,0.62296,0.48134,0.0,1.0,1.0,1.0,1.0,0.65,1.0,1.0,0.5,0.48956,0.5,1.0,1.0,0.5,0.5,0.5,0.0,0.0,1.0,1.0,1.0,0.45981,0.46258,0.35,0.4,1.0,1.0,1.0,1.0,1.0,1.0
0.0,1.0,0.0,1.0,0.1,0.2,0.07333,0.3,0.56667,0.0,1.0,0.0,0.0,0.52,0.05,0.9936,0.0,1.0,1.0,1.0,1.0,1.0,0.0,0.94176,1.0,0.11111,0.68197,0.56134,0.0,1.0,1.0,0.88889,1.0,0.7,1.0,1.0,0.5,0.48956,0.5,1.0,1.0,0.5,0.5,0.5,0.0,0.0,1.0,1.0,1.0,0.94829,0.95112,0.3,0.4,1.0,1.0,1.0,1.0,0.66667,1.0
0.0,0.5,0.0,0.5,0.2,0.5,0.05493,0.2,0.6,0.0,1.0,0.0,1.0,0.51,0.06,0.98637,0.0,1.0,1.0,1.0,1.0,1.0,0.0,0.9051,1.0,0.11111,0.4873,0.38197,0.0,1.0,0.99877,1.0,1.0,0.5,0.7,0.77149,0.44297,0.44297,0.44297,1.0,1.0,0.5,0.5,0.5,0.0,0.0,1.0,1.0,1.0,0.94829,0.95112,0.5,0.4,1.0,0.33333,1.0,1.0,1.0,1.0
0.0,0.0,0.0,0.0,0.1,0.1,0.03113,0.1,0.66667,0.0,1.0,0.0,0.0,0.51,0.06,0.99423,0.0,1.0,1.0,1.0,1.0,1.0,1.0,0.95269,1.0,0.11111,0.29343,0.2127,0.0,1.0,1.0,0.88889,1.0,0.15,1.0,1.0,0.5,0.34309,0.5,1.0,1.0,0.5,0.5,0.5,0.0,0.0,1.0,1.0,1.0,0.94829,0.95112,0.85,0.4,1.0,1.0,1.0,1.0,1.0,1.0
1.0,0.5,1.0,0.5,0.1,0.5,0.03406,0.1,0.7,0.0,1.0,0.0,1.0,0.5,0.06,0.99258,0.0,1.0,1.0,1.0,1.0,1.0,0.0,0.93305,1.0,0.11111,0.31321,0.23876,0.0,1.0,1.0,1.0,1.0,0.65,1.0,1.0,0.5,0.34309,0.5,1.0,1.0,0.5,0.5,0.5,0.0,0.0,1.0,1.0,1.0,0.94829,0.95112,0.35,0.4,1.0,1.0,1.0,1.0,1.0,1.0
0.0,0.5,0.0,0.5,0.1,0.5,0.0294,0.1,0.73333,0.0,1.0,0.0,1.0,0.5,0.06,0.99115,0.0,1.0,1.0,1.0,1.0,1.0,0.0,0.91425,1.0,0.11111,0.26383,0.19809,0.0,1.0,1.0,1.0,1.0,0.7,1.0,1.0,0.5,0.34309,0.5,1.0,1.0,0.5,0.5,0.5,0.0,0.0,1.0,1.0,1.0,0.94829,0.95112,0.3,0.4,1.0,1.0,1.0,1.0,1.0,1.0
0.0,0.5,0.0,0.5,0.1,0.5,0.02332,0.1,0.76667,0.0,1.0,0.0,1.0,0.5,0.06,0.9891,0.0,1.0,1.0,1.0,1.0,1.0,0.0,0.90487,1.0,0.11111,0.2064,0.15398,0.0,0.0,0.99999,1.0,1.0,0.7,1.0,1.0,0.5,0.34309,0.5,1.0,1.0,0.5,0.5,0.5,0.0,0.0,1.0,1.0,1.0,0.94829,0.95112,0.3,0.4,1.0,0.66667,1.0,1.0,1.0,1.0
0.0,0.5,0.0,0.5,0.1,0.5,0.0199,0.1,0.8,0.0,1.0,0.0,1.0,0.49,0.06,0.98529,0.0,1.0,1.0,1.0,1.0,1.0,0.0,0.90477,1.0,0.11111,0.17612,0.13202,0.0,0.0,0.9988,1.0,1.0,0.7,1.0,1.0,0.5,0.34309,0.5,1.0,1.0,0.5,0.5,0.5,0.0,0.0,1.0,1.0,1.0,0.94829,0.95112,0.3,0.4,1.0,0.33333,1.0,1.0,1.0,1.0
1.0,0.5,0.0,0.5,0.1,0.5,0.01898,0.1,0.83333,0.0,1.0,0.0,1.0,0.48,0.06,0.98082,0.0,1.0,1.0,1.0,1.0,1.0,1.0,0.90805,1.0,0.11111,0.16871,0.12779,0.0,0.0,0.99867,1.0,1.0,0.7,1.0,1.0,0.5,0.34309,0.5,1.0,1.0,0.5,0.5,0.5,0.0,0.0,1.0,1.0,1.0,0.94829,0.95112,0.3,0.3,0.66667,0.5,1.0,1.0,1.0,1.0
1.0,0.5,0.0,0.5,0.1,0.5,0.01869,0.1,0.86667,0.0,1.0,0.0,1.0,0.47,0.06,0.98131,0.0,1.0,1.0,1.0,1.0,1.0,0.0,0.9067,1.0,0.11111,0.16584,0.12708,0.0,0.0,0.99807,1.0,1.0,0.7,1.0,1.0,0.5,0.34309,0.5,1.0,1.0,0.5,0.5,0.5,0.0,0.0,1.0,1.0,1.0,0.94829,0.95112,0.3,0.3,0.66667,0.5,1.0,1.0,0.66667,1.0
0.0,0.5,0.0,0.5,0.1,0.5,0.01512,0.1,0.9,0.0,1.0,0.0,1.0,0.46,0.06,0.98286,0.0,1.0,1.0,1.0,1.0,1.0,1.0,0.91006,1.0,0.11111,0.13479,0.10254,0.0,0.0,0.99613,1.0,1.0,0.7,1.0,1.0,0.5,0.34309,0.5,1.0,1.0,0.5,0.5,0.5,0.0,0.0,1.0,1.0,1.0,0.94829,0.95112,0.3,0.2,0.33333,1.0,1.0,1.0,0.66667,1.0
1.0,0.5,1.0,0.5,0.1,0.5,0.01536,0.1,0.93333,0.0,1.0,0.0,1.0,0.44,0.06,0.98679,0.0,1.0,1.0,1.0,1.0,1.0,0.0,0.90994,1.0,0.11111,0.13686,0.10353,0.0,0.0,0.99573,1.0,1.0,0.7,1.0,1.0,0.5,0.34309,0.5,1.0,1.0,0.5,0.5,0.5,0.0,0.0,1.0,1.0,1.0,0.94829,0.95112,0.3,0.2,0.33333,1.0,1.0,1.0,0.33333,1.0
1.0,0.5,1.0,0.5,0.1,0.5,0.01594,0.1,0.96667,0.0,1.0,0.0,1.0,0.42,0.06,0.98877,0.0,1.0,1.0,1.0,1.0,1.0,0.0,0.90294,1.0,0.11111,0.1409,0.10752,0.0,0.0,0.99541,1.0,1.0,0.7,1.0,1.0,0.5,0.34309,0.5,1.0,1.0,0.5,0.5,0.5,0.0,0.0,1.0,1.0,1.0,0.94829,0.95112,0.3,0.2,0.33333,1.0,1.0,1.0,0.33333,1.0
0.5,0.5,0.5,0.5,0.5,0.5,0.11874,1.0,0.76667,0.0,1.0,0.0,0.0,0.12,0.0,0.99286,0.0,1.0,1.0,1.0,1.0,0.5,0.0,0.69584,1.0,0.11111,1.0,1.0,1.0,1.0,1.0,1.0,0.5,0.7,1.0,1.0,0.5,0.5,0.5,1.0,1.0,0.5,0.5,0.5,0.0,0.0,1.0,1.0,1.0,0.5,0.5,0.3,0.2,1.0,1.0,1.0,1.0,0.0,0.5
0.0,0.0,0.0,0.0,0.8,0.1,0.04809,0.1,0.9,0.0,1.0,0.0,0.0,0.15,0.0,0.0,0.97233,0.93333,1.0,1.0,1.0,0.95556,0.0,0.47346,1.0,0.0,0.52421,0.41833,0.0,0.0,0.97431,1.0,0.66667,0.7,1.0,1.0,0.5,0.5,0.5,1.0,1.0,0.5,0.5,0.5,0.0,0.0,1.0,1.0,1.0,0.5,0.5,0.3,0.2,0.5,0.0,1.0,1.0,1.0,1.0
0.5,0.5,0.5,0.5,0.5,0.5,0.15731,0.9,0.16667,0.0,1.0,0.0,0.0,0.45,0.01,0.44113,0.0,1.0,1.0,1.0,1.0,0.5,0.0,0.98668,1.0,0.11111,1.0,1.0,1.0,0.0,1.0,0.77778,0.5,0.7,1.0,1.0,0.5,0.5,0.5,1.0,1.0,0.5,0.5,0.5,0.0,0.0,1.0,1.0,1.0,0.5,0.5,0.3,0.3,0.66667,1.0,1.0,1.0,0.66667,0.5
0.0,0.0,0.0,0.0,0.9,0.9,0.05203,0.3,0.36667,0.0,1.0,0.0,0.0,0.37,0.13,0.98053,0.0,1.0,1.0,1.0,1.0,0.86667,1.0,0.93146,1.0,0.11111,0.54332,0.42042,0.0,0.0,0.98526,1.0,0.77778,0.0,0.6,0.41808,0.32924,0.5,0.09877,1.0,1.0,0.5,0.5,0.5,0.0,0.0,1.0,1.0,1.0,0.97989,0.58703,1.0,0.1,0.0,1.0,0.0,1.0,0.0,1.0
0.5,0.5,0.5,0.5,0.5,0.5,0.12298,1.0,0.16667,0.0,1.0,0.0,0.0,0.47,0.02,0.81894,0.0,1.0,1.0,0.97778,1.0,0.5,0.0,0.81308,1.0,0.11111,1.0,1.0,1.0,0.0,1.0,1.0,0.5,0.7,0.9,0.89827,1.0,0.5,0.89616,1.0,1.0,0.5,0.5,0.5,0.0,0.0,1.0,1.0,1.0,1.0,1.0,0.3,0.3,1.0,0.5,0.5,1.0,0.0,0.5
0.0,0.0,0.0,0.0,0.6,0.3,0.00534,0.1,0.4,0.0,1.0,0.0,0.0,0.39,0.1,0.0,0.99425,1.0,1.0,1.0,1.0,0.95556,1.0,0.76979,1.0,0.11111,0.08464,0.03491,0.0,0.0,0.69233,0.77778,0.66667,0.0,1.0,1.0,0.5,0.5,0.5,1.0,1.0,0.5,0.5,0.5,0.0,0.0,1.0,1.0,1.0,0.53489,1.0,1.0,0.1,0.0,1.0,0.0,1.0,0.0,1.0
0.0,0.0,0.0,0.0,0.1,0.1,0.00143,0.1,0.8,0.0,1.0,0.0,0.0,0.34,0.04,0.0,0.9948,1.0,1.0,1.0,1.0,0.93333,1.0,0.79478,1.0,0.11111,0.02747,0.00759,0.0,0.0,0.80052,0.11111,0.88889,0.0,1.0,1.0,0.5,0.5,0.5,1.0,1.0,0.5,0.5,0.5,0.0,0.0,1.0,1.0,1.0,0.0,0.228,1.0,0.1,0.0,1.0,0.0,1.0,0.25,1.0
0.0,0.0,0.0,0.0,0.1,0.1,0.00095,0.1,0.93333,0.0,1.0,0.0,0.0,0.31,0.03,0.0,0.99156,1.0,1.0,1.0,1.0,1.0,1.0,0.79036,1.0,0.11111,0.01897,0.0047,0.0,0.0,0.79466,0.11111,1.0,0.0,1.0,1.0,0.5,0.5,0.5,1.0,1.0,0.5,0.5,0.5,0.0,0.0,1.0,1.0,1.0,0.0,0.228,1.0,0.1,0.0,1.0,0.0,1.0,0.0,1.0
0.5,0.5,0.5,0.5,0.5,0.5,0.14293,0.9,0.0,0.90909,1.0,0.0,0.0,0.23,0.02,0.99615,0.0,1.0,1.0,1.0,1.0,0.5,1.0,0.95637,1.0,0.22222,1.0,1.0,1.0,0.0,1.0,1.0,0.5,0.7,1.0,1.0,0.5,0.5,0.5,1.0,1.0,0.5,0.5,0.5,0.0,0.0,1.0,1.0,1.0,0.0,0.0,0.3,0.2,0.5,1.0,1.0,1.0,0.0,0.5
0.5,0.5,0.5,0.5,0.5,0.5,0.1141,0.9,0.26667,0.0,1.0,0.0,0.0,0.57,0.0,0.89194,0.0,1.0,1.0,1.0,1.0,0.5,0.0,0.77792,1.0,0.33333,1.0,1.0,1.0,1.0,1.0,0.66667,0.5,0.7,1.0,1.0,0.5,0.5,0.5,1.0,1.0,0.5,0.5,0.5,0.0,0.0,1.0,1.0,1.0,0.5,0.5,0.3,0.3,1.0,1.0,1.0,1.0,1.0,0.5
0.5,0.5,0.5,0.5,0.5,0.5,0.07566,0.1,0.13333,0.0,1.0,0.0,0.0,0.12,0.0,0.97058,0.0,0.97778,0.97778,1.0,1.0,0.5,0.0,0.23133,0.57833,0.0,0.7865,0.64812,0.0,0.0,0.5,1.0,0.5,0.7,1.0,1.0,0.5,0.5,0.5,1.0,1.0,0.5,0.5,0.5,0.0,0.0,1.0,1.0,1.0,0.5,0.5,0.3,0.2,1.0,0.0,1.0,1.0,1.0,0.5
0.5,0.5,0.5,0.5,0.5,0.5,0.10809,0.9,0.06667,0.0,1.0,0.0,0.0,0.56,0.0,0.5,0.5,0.6,0.53333,1.0,1.0,0.5,1.0,0.99386,1.0,0.88889,1.0,1.0,1.0,0.0,1.0,0.11111,0.5,0.7,1.0,1.0,0.5,0.5,0.5,1.0,1.0,0.5,0.5,0.5,0.5,0.5,1.0,1.0,1.0,0.5,0.5,0.3,0.4,1.0,0.66667,1.0,1.0,0.66667,0.5
1.0,0.5,1.0,0.5,1.0,0.5,0.11615,1.0,0.1,0.0,1.0,0.0,1.0,0.5,0.0,0.88391,0.0,0.82222,1.0,1.0,1.0,0.82222,0.0,0.88464,1.0,0.0,1.0,1.0,1.0,0.0,0.9907,1.0,1.0,0.7,1.0,1.0,0.5,0.5,0.5,1.0,1.0,0.5,0.5,0.5,0.0,0.0,1.0,1.0,1.0,0.5,0.5,0.3,0.4,1.0,0.33333,1.0,1.0,1.0,1.0
1.0,0.5,1.0,0.5,1.0,0.5,0.11625,1.0,0.13333,0.0,1.0,0.0,1.0,0.45,0.01,0.33725,0.0,1.0,1.0,1.0,1.0,1.0,0.0,0.82256,1.0,0.0,1.0,1.0,1.0,0.0,0.97044,1.0,1.0,0.7,1.0,1.0,0.5,0.5,0.5,1.0,1.0,0.5,0.5,0.5,0.0,0.0,1.0,1.0,1.0,0.5,0.5,0.3,0.4,1.0,0.33333,1.0,1.0,1.0,1.0
1.0,0.5,1.0,0.5,1.0,0.5,0.12144,1.0,0.16667,0.0,1.0,0.0,1.0,0.4,0.01,0.63707,0.0,1.0,1.0,1.0,1.0,1.0,0.0,0.73304,1.0,0.0,1.0,1.0,1.0,0.0,0.96666,1.0,1.0,0.7,1.0,1.0,0.5,0.5,0.5,1.0,1.0,0.5,0.5,0.5,0.0,0.0,1.0,1.0,1.0,0.5,0.5,0.3,0.4,1.0,1.0,1.0,1.0,1.0,1.0
0.0,0.0,0.0,0.0,0.5,0.8,0.11503,0.8,0.23333,0.0,1.0,0.0,0.0,0.31,0.04,0.88926,0.0,0.91111,0.91111,0.66667,0.88889,0.66667,1.0,0.95825,1.0,0.0,1.0,1.0,1.0,0.0,0.9861,0.77778,0.77778,0.5,0.7,0.705,1.0,0.32939,1.0,1.0,1.0,0.5,0.5,0.5,0.0,0.0,1.0,1.0,1.0,0.5,0.5,0.5,0.3,0.66667,1.0,1.0,1.0,1.0,1.0
1.0,0.5,1.0,0.5,0.8,0.5,0.12102,0.8,0.26667,0.0,1.0,0.0,1.0,0.34,0.05,0.97391,0.0,0.84444,1.0,0.82222,1.0,0.84444,0.0,0.80645,1.0,0.11111,0.97531,0.88452,0.33333,0.0,0.96501,1.0,0.77778,0.7,1.0,1.0,0.5,0.32939,0.5,1.0,1.0,0.5,0.5,0.5,0.0,0.0,1.0,1.0,1.0,0.5,0.5,0.3,0.4,1.0,0.66667,0.66667,1.0,0.66667,1.0
0.0,1.0,1.0,1.0,0.7,0.9,0.19257,1.0,0.5,0.0,1.0,0.0,0.0,0.38,0.03,0.98385,0.0,1.0,1.0,1.0,1.0,0.68889,0.0,0.80324,1.0,0.11111,1.0,1.0,1.0,0.0,1.0,1.0,0.88889,0.7,1.0,1.0,0.5,0.32939,0.5,1.0,1.0,0.5,0.5,0.5,0.0,0.0,1.0,1.0,1.0,1.0,0.0497,0.3,0.3,1.0,0.0,0.5,1.0,1.0,1.0
0.0,0.0,0.0,0.0,0.9,0.7,0.10817,0.7,0.9,0.0,1.0,0.0,0.0,0.19,0.04,0.0,0.88315,0.57778,0.86667,0.82222,0.6,0.77778,0.0,0.70642,1.0,0.44444,1.0,1.0,1.0,0.0,1.0,0.77778,0.77778,0.7,1.0,1.0,0.5,0.32939,0.5,1.0,1.0,0.5,0.5,0.5,0.0,0.0,1.0,1.0,1.0,1.0,1.0,1.0,0.1,1.0,1.0,0.0,1.0,1.0,1.0
1.0,1.0,1.0,1.0,0.7,0.7,0.1206,0.7,0.96667,0.0,1.0,0.0,0.0,0.16,0.04,0.0,0.97732,0.91111,1.0,0.84444,1.0,0.86667,1.0,0.73189,1.0,0.44444,1.0,1.0,1.0,0.0,1.0,0.77778,1.0,0.7,1.0,1.0,0.5,0.32939,0.5,1.0,1.0,0.5,0.5,0.5,0.0,0.0,1.0,1.0,1.0,1.0,1.0,1.0,0.1,1.0,1.0,0.0,1.0,1.0,0.66667
0.5,0.5,0.5,0.5,0.5,0.5,0.17383,0.9,0.2,0.0,1.0,0.0,0.0,0.38,0.0,0.96256,0.0,1.0,1.0,1.0,1.0,0.5,0.0,0.77458,1.0,0.11111,1.0,0.96275,0.66667,1.0,1.0,0.77778,0.5,0.7,1.0,1.0,0.5,0.5,0.5,1.0,1.0,0.5,0.5,0.5,0.0,0.0,1.0,1.0,1.0,0.5,0.5,0.3,0.4,1.0,1.0,1.0,1.0,1.0,0.5
0.5,0.5,0.5,0.5,0.5,0.5,0.10592,0.8,0.16667,0.0,1.0,0.0,0.0,0.36,0.0,0.94782,0.0,1.0,1.0,1.0,1.0,0.5,0.0,0.73755,1.0,0.11111,0.96673,0.82487,0.5,1.0,0.97356,0.88889,0.5,0.7,1.0,1.0,0.5,0.5,0.5,1.0,1.0,0.5,0.5,0.5,0.0,0.0,1.0,1.0,1.0,0.5,0.5,0.3,0.5,1.0,0.75,1.0,1.0,1.0,0.5
1.0,0.5,1.0,0.5,0.9,0.5,0.11416,0.9,0.2,0.0,1.0,0.0,1.0,0.36,0.0,0.96458,0.0,1.0,1.0,1.0,1.0,1.0,0.0,0.7183,1.0,0.11111,1.0,0.90522,0.75,1.0,0.97823,1.0,1.0,0.7,1.0,1.0,0.5,0.5,0.5,1.0,1.0,0.5,0.5,0.5,0.0,0.0,1.0,1.0,1.0,0.5,0.5,0.3,0.5,1.0,1.0,1.0,1.0,1.0,1.0
1.0,0.5,1.0,0.5,0.9,0.5,0.11606,0.9,0.23333,0.0,1.0,0.0,1.0,0.35,0.0,0.97406,0.0,1.0,1.0,1.0,1.0,1.0,0.0,0.70035,1.0,0.11111,1.0,0.87726,0.75,1.0,0.98189,1.0,1.0,0.7,1.0,1.0,0.5,0.5,0.5,1.0,1.0,0.5,0.5,0.5,0.0,0.0,1.0,1.0,1.0,0.5,0.5,0.3,0.5,1.0,0.75,1.0,1.0,1.0,1.0
1.0,0.5,1.0,0.5,0.9,0.5,0.11843,0.9,0.26667,0.0,1.0,0.0,1.0,0.37,0.0,0.99422,0.0,1.0,1.0,1.0,1.0,1.0,0.0,0.68905,1.0,0.11111,1.0,0.89522,0.75,1.0,0.98357,1.0,1.0,0.7,1.0,1.0,0.5,0.5,0.5,1.0,1.0,0.5,0.5,0.5,0.0,0.0,1.0,1.0,1.0,0.5,0.5,0.3,0.5,1.0,0.75,1.0,1.0,1.0,1.0
0.0,1.0,0.0,1.0,0.8,0.9,0.1351,0.9,0.46667,0.0,1.0,0.0,0.0,0.31,0.0,0.97954,0.0,1.0,1.0,1.0,1.0,0.86667,0.0,0.87532,1.0,0.11111,1.0,1.0,1.0,0.0,1.0,1.0,0.88889,0.7,1.0,1.0,0.5,0.5,0.5,1.0,1.0,0.5,0.5,0.5,0.0,0.0,1.0,1.0,1.0,0.5,0.5,0.3,0.4,1.0,1.0,1.0,1.0,1.0,1.0
0.5,0.5,0.5,0.5,0.5,0.5,0.06437,0.46667,0.06667,0.0,0.0,0.66667,0.0,0.57333,0.0,0.5,0.5,0.0,1.0,1.0,1.0,0.5,1.0,0.5526,1.0,0.07143,0.96181,0.86725,0.38462,0.0,0.90307,0.92857,0.5,0.7,1.0,1.0,0.5,0.5,0.5,1.0,1.0,0.5,0.5,0.5,0.5,0.5,1.0,1.0,1.0,0.5,0.5,0.3,0.46667,0.46154,1.0,1.0,1.0,0.69231,0.5
0.5,0.5,0.5,0.5,0.5,0.5,0.0533,0.06667,0.1,0.0,0.0,0.66667,0.0,0.08889,0.0,0.94133,0.0,1.0,1.0,1.0,1.0,0.5,0.0,0.09454,0.23634,0.07143,0.86673,0.7648,0.0,0.0,0.55728,1.0,0.5,0.7,1.0,1.0,0.5,0.5,0.5,1.0,1.0,0.5,0.5,0.5,0.0,0.0,1.0,1.0,1.0,0.5,0.5,0.3,0.13333,1.0,0.0,1.0,1.0,1.0,0.5
0.5,0.5,0.5,0.5,0.5,0.5,0.05969,0.2,0.06667,0.0,0.0,0.66667,0.0,0.16,0.0,0.5,0.5,0.90476,0.82857,1.0,1.0,0.5,1.0,0.62647,1.0,0.0,0.94261,0.8455,0.5,0.0,0.64,0.92857,0.5,0.7,1.0,1.0,0.5,0.5,0.5,1.0,1.0,0.5,0.5,0.5,0.5,0.5,1.0,1.0,1.0,0.5,0.5,0.3,0.13333,0.25,1.0,1.0,1.0,0.75,0.5
0.0,1.0,0.0,1.0,0.66667,0.86667,0.06753,0.86667,0.16667,0.0,0.0,0.66667,0.0,0.27111,0.04,0.89588,0.0,0.95238,0.97143,0.70476,0.75238,0.65714,0.0,0.83604,1.0,0.21429,0.93862,0.76333,0.66667,0.0,0.92496,0.92857,0.64286,0.7,1.0,1.0,0.5,0.5,0.5,1.0,1.0,0.5,0.5,0.5,0.0,0.0,1.0,1.0,1.0,0.5,0.5,0.3,0.26667,1.0,1.0,1.0,1.0,0.0,1.0
0.5,0.5,0.5,0.5,0.5,0.5,0.07902,0.8,0.2,0.0,0.0,0.66667,0.0,0.22222,0.03111,0.0,0.99797,0.8,1.0,0.99048,1.0,0.5,1.0,0.81893,1.0,0.07143,1.0,1.0,1.0,0.0,0.96209,0.78571,0.5,0.7,1.0,1.0,0.5,0.5,0.5,1.0,1.0,0.5,0.5,0.5,0.0,0.0,1.0,1.0,1.0,0.5,0.5,0.3,0.26667,0.75,1.0,0.66667,1.0,0.0,0.5
0.0,1.0,0.0,1.0,0.6,1.0,0.10482,0.93333,0.36667,0.0,0.0,0.66667,0.0,0.19111,0.06667,0.98916,0.0,1.0,0.9619,0.79048,1.0,0.79048,0.0,0.76713,1.0,0.14286,1.0,1.0,1.0,0.0,0.97928,0.92857,0.71429,0.7,1.0,1.0,0.5,0.5,0.5,1.0,1.0,0.5,0.5,0.5,0.63703,0.7726,0.6,1.0,1.0,0.98567,0.38889,0.7,0.26667,0.5,1.0,0.66667,1.0,0.0,1.0
0.0,1.0,0.0,1.0,0.86667,0.93333,0.11371,0.93333,0.43333,0.0,0.0,0.66667,0.0,0.17778,0.07111,0.98638,0.0,1.0,1.0,0.70476,1.0,1.0,0.0,0.73017,1.0,0.14286,1.0,1.0,1.0,0.0,0.97063,0.92857,1.0,0.7,1.0,1.0,0.5,0.5,0.5,1.0,1.0,0.50283,0.37817,1.0,0.0,0.0,1.0,1.0,1.0,0.50283,0.37817,0.3,0.4,0.83333,1.0,0.6,1.0,0.0,1.0
0.5,0.5,0.5,0.5,0.5,0.5,0.0592,0.13333,0.06667,0.0,0.0,0.66667,0.0,0.26667,0.0,0.5,0.5,0.84762,0.73333,1.0,1.0,0.5,1.0,0.96649,1.0,0.07143,0.92211,0.84281,0.2,0.0,0.83547,1.0,0.5,0.7,1.0,1.0,0.5,0.5,0.5,1.0,1.0,0.5,0.5,0.5,0.5,0.5,1.0,1.0,1.0,0.5,0.5,0.3,0.2,0.4,1.0,1.0,1.0,0.8,0.5
1.0,0.5,1.0,0.5,0.2,0.5,0.06081,0.2,0.1,0.0,0.0,0.66667,1.0,0.29778,0.0,0.94558,0.0,0.86667,0.89524,1.0,1.0,0.86667,1.0,0.98878,1.0,0.07143,0.92342,0.84632,0.4,0.0,0.87791,1.0,1.0,0.7,1.0,1.0,0.5,0.5,0.5,1.0,1.0,0.5,0.5,0.5,0.0,0.0,1.0,1.0,1.0,0.5,0.5,0.3,0.26667,0.6,0.33333,1.0,1.0,0.4,1.0
1.0,0.5,0.0,0.5,0.2,0.5,0.06059,0.2,0.13333,0.0,0.0,0.66667,1.0,0.26667,0.0,0.92346,0.0,0.85714,0.88571,1.0,1.0,0.85714,1.0,0.99438,1.0,0.07143,0.90344,0.79943,0.2,0.0,0.84939,1.0,0.85714,0.7,1.0,1.0,0.5,0.5,0.5,1.0,1.0,0.5,0.5,0.5,0.0,0.0,1.0,1.0,1.0,0.5,0.5,0.3,0.33333,0.8,0.75,1.0,1.0,0.4,1.0
1.0,0.5,1.0,0.5,0.26667,0.5,0.06323,0.26667,0.16667,0.0,0.0,0.66667,1.0,0.25778,0.0,0.93814,0.0,0.88571,0.97143,1.0,1.0,0.88571,0.0,0.96819,1.0,0.07143,0.91714,0.78353,0.2,0.0,0.93939,1.0,0.71429,0.7,1.0,1.0,0.5,0.5,0.5,1.0,1.0,0.5,0.5,0.5,0.0,0.0,1.0,1.0,1.0,0.5,0.5,0.3,0.4,1.0,0.6,1.0,1.0,0.6,1.0
1.0,0.5,1.0,0.5,0.46667,0.5,0.06397,0.46667,0.2,0.0,0.0,0.66667,1.0,0.26222,0.0,0.94384,0.0,0.97143,0.9619,1.0,1.0,0.97143,0.0,0.94224,1.0,0.07143,0.90389,0.75964,0.2,0.0,0.95669,1.0,1.0,0.7,1.0,1.0,0.5,0.5,0.5,1.0,1.0,0.5,0.5,0.5,0.0,0.0,1.0,1.0,1.0,0.5,0.5,0.3,0.4,1.0,0.8,1.0,1.0,1.0,1.0
1.0,0.5,1.0,0.5,0.46667,0.5,0.06681,0.46667,0.23333,0.0,0.0,0.66667,1.0,0.26222,0.0,0.9542,0.0,0.97143,0.93333,1.0,1.0,0.97143,0.0,0.81312,1.0,0.0,0.92607,0.79732,0.25,0.0,0.96883,1.0,0.92857,0.7,1.0,1.0,0.5,0.5,0.5,1.0,1.0,0.5,0.5,0.5,0.0,0.0,1.0,1.0,1.0,0.5,0.5,0.3,0.33333,1.0,0.75,1.0,1.0,1.0,1.0
1.0,0.5,1.0,0.5,0.66667,0.5,0.06783,0.66667,0.26667,0.0,0.0,0.66667,1.0,0.24,0.0,0.93973,0.0,1.0,0.93333,1.0,1.0,1.0,1.0,0.8581,1.0,0.0,0.91529,0.78853,0.25,0.0,0.97912,1.0,1.0,0.7,1.0,1.0,0.5,0.5,0.5,1.0,1.0,0.5,0.5,0.5,0.0,0.0,1.0,1.0,1.0,0.5,0.5,0.3,0.33333,1.0,1.0,1.0,1.0,1.0,1.0
1.0,0.5,1.0,0.5,0.66667,0.5,0.06949,0.66667,0.3,0.0,0.0,0.66667,1.0,0.25778,0.0,0.93711,0.0,1.0,0.97143,1.0,1.0,1.0,1.0,0.90403,1.0,0.0,0.91352,0.78722,0.25,0.0,0.97935,1.0,1.0,0.7,1.0,1.0,0.5,0.5,0.5,1.0,1.0,0.5,0.5,0.5,0.0,0.0,1.0,1.0,1.0,0.5,0.5,0.3,0.33333,1.0,1.0,1.0,1.0,1.0,1.0
1.0,0.5,1.0,0.5,0.66667,0.5,0.07124,0.66667,0.33333,0.0,0.0,0.66667,1.0,0.25333,0.0,0.94272,0.0,1.0,1.0,1.0,1.0,1.0,1.0,0.95219,1.0,0.0,0.91262,0.7914,0.25,0.0,0.97488,1.0,1.0,0.7,1.0,1.0,0.5,0.5,0.5,1.0,1.0,0.5,0.5,0.5,0.0,0.0,1.0,1.0,1.0,0.5,0.5,0.3,0.33333,1.0,1.0,1.0,1.0,1.0,1.0
1.0,0.5,1.0,0.5,0.73333,0.5,0.07332,0.73333,0.36667,0.0,0.0,0.66667,1.0,0.23111,0.0,0.95251,0.0,1.0,1.0,1.0,1.0,1.0,1.0,0.99555,1.0,0.0,0.91443,0.79629,0.25,0.0,0.97275,1.0,1.0,0.7,1.0,1.0,0.5,0.5,0.5,1.0,1.0,0.5,0.5,0.5,0.0,0.0,1.0,1.0,1.0,0.5,0.5,0.3,0.33333,1.0,1.0,1.0,1.0,1.0,1.0
1.0,0.5,1.0,0.5,0.8,0.5,0.07675,0.8,0.4,0.0,0.0,0.66667,1.0,0.22667,0.0,0.959,0.0,1.0,1.0,1.0,1.0,1.0,0.0,0.94241,1.0,0.0,0.93208,0.79786,0.25,0.0,0.97487,1.0,1.0,0.7,1.0,1.0,0.5,0.5,0.5,1.0,1.0,0.5,0.5,0.5,0.0,0.0,1.0,1.0,1.0,0.5,0.5,0.3,0.33333,1.0,0.75,1.0,1.0,1.0,1.0
1.0,0.5,1.0,0.5,0.8,0.5,0.07861,0.8,0.43333,0.0,0.0,0.66667,1.0,0.22667,0.0,0.96913,0.0,1.0,1.0,1.0,1.0,1.0,0.0,0.89148,1.0,0.0,0.93069,0.80795,0.25,0.0,0.97568,1.0,1.0,0.7,1.0,1.0,0.5,0.5,0.5,1.0,1.0,0.5,0.5,0.5,0.0,0.0,1.0,1.0,1.0,0.5,0.5,0.3,0.33333,1.0,1.0,1.0,1.0,1.0,1.0
1.0,0.5,1.0,0.5,0.8,0.5,0.08104,0.8,0.46667,0.0,0.0,0.66667,1.0,0.22667,0.00444,0.44254,0.0,1.0,1.0,1.0,1.0,1.0,0.0,0.84044,1.0,0.0,0.93518,0.81042,0.25,0.0,0.97616,1.0,1.0,0.7,1.0,1.0,0.5,0.5,0.5,1.0,1.0,0.5,0.5,0.5,0.78318,0.0,0.5,1.0,1.0,0.5,0.5,0.8,0.33333,1.0,1.0,1.0,1.0,1.0,1.0
1.0,0.5,1.0,0.5,0.93333,0.5,0.09003,0.93333,0.5,0.0,0.0,0.66667,1.0,0.22667,0.02222,0.66012,0.0,0.9619,1.0,0.9619,1.0,0.9619,1.0,0.91601,1.0,0.07143,0.98806,0.82556,0.66667,0.0,0.96939,1.0,0.92857,0.83333,1.0,1.0,0.5,0.5,0.5,1.0,1.0,0.47258,0.41888,0.5,0.71467,0.0,0.16667,1.0,1.0,0.47258,0.41888,1.0,0.06667,0.0,1.0,0.0,1.0,1.0,1.0
1.0,0.5,1.0,0.5,0.93333,0.5,0.10385,0.93333,0.53333,0.0,0.0,0.66667,1.0,0.22222,0.03556,0.80031,0.0,1.0,1.0,0.95238,1.0,1.0,1.0,0.98017,1.0,0.07143,1.0,0.84869,0.66667,0.0,0.97259,1.0,1.0,0.7,1.0,1.0,0.5,0.5,0.5,1.0,1.0,1.0,0.83782,0.5,0.0,0.0,1.0,1.0,1.0,1.0,0.83782,0.3,0.26667,1.0,1.0,0.33333,1.0,0.0,1.0
1.0,0.5,1.0,0.5,0.93333,0.5,0.10829,0.93333,0.56667,0.0,0.0,0.66667,1.0,0.21778,0.03556,0.89552,0.0,1.0,1.0,0.95238,1.0,1.0,0.0,0.96254,1.0,0.07143,1.0,0.86992,0.66667,0.0,0.97689,1.0,1.0,0.7,1.0,1.0,0.5,0.5,0.5,1.0,1.0,1.0,0.83782,1.0,0.0,0.0,1.0,1.0,1.0,1.0,0.83782,0.3,0.26667,1.0,1.0,0.33333,1.0,1.0,1.0
1.0,0.5,1.0,0.5,0.86667,0.5,0.11022,0.86667,0.6,0.0,0.0,0.66667,1.0,0.20889,0.03556,0.95976,0.0,1.0,1.0,0.95238,1.0,1.0,0.0,0.93107,1.0,0.07143,1.0,0.91647,0.33333,0.0,0.97913,1.0,1.0,0.7,1.0,1.0,0.5,0.5,0.5,1.0,1.0,1.0,0.83782,1.0,0.0,0.0,1.0,1.0,1.0,1.0,0.83782,0.3,0.26667,1.0,1.0,0.33333,1.0,1.0,1.0
1.0,0.5,1.0,0.5,0.86667,0.5,0.11105,0.86667,0.63333,0.0,0.0,0.66667,1.0,0.20444,0.03556,0.0,0.99438,1.0,1.0,0.9619,1.0,1.0,0.0,0.90666,1.0,0.07143,0.9988,0.93767,0.33333,0.0,0.98042,1.0,1.0,0.7,1.0,1.0,0.5,0.5,0.5,1.0,1.0,1.0,0.83782,1.0,0.0,0.0,1.0,1.0,1.0,1.0,0.83782,0.3,0.26667,1.0,1.0,0.33333,1.0,1.0,1.0
1.0,0.5,1.0,0.5,0.86667,0.5,0.11327,0.86667,0.66667,0.0,0.0,0.66667,1.0,0.21333,0.03556,0.0,0.98778,1.0,0.95238,0.9619,1.0,1.0,0.0,0.88519,1.0,0.07143,0.99352,0.91925,0.33333,0.0,0.98241,1.0,1.0,0.7,1.0,1.0,0.5,0.5,0.5,1.0,1.0,1.0,0.83782,1.0,0.0,0.0,1.0,1.0,1.0,1.0,0.83782,0.3,0.26667,1.0,1.0,0.33333,1.0,1.0,1.0
1.0,0.5,1.0,0.5,0.86667,0.5,0.11798,0.86667,0.7,0.0,0.0,0.66667,1.0,0.20889,0.03556,0.0,0.98206,1.0,0.92381,0.95238,1.0,1.0,0.0,0.86302,1.0,0.07143,1.0,0.9134,0.33333,0.0,0.98446,1.0,1.0,0.7,1.0,1.0,0.5,0.5,0.5,1.0,1.0,1.0,0.83782,1.0,0.0,0.0,1.0,1.0,1.0,1.0,0.83782,0.3,0.26667,1.0,1.0,0.33333,1.0,1.0,1.0
1.0,0.5,1.0,0.5,0.86667,0.5,0.12087,0.86667,0.73333,0.0,0.0,0.66667,1.0,0.20444,0.03556,0.0,0.9893,1.0,0.92381,0.95238,1.0,1.0,0.0,0.84217,1.0,0.07143,1.0,0.88571,0.33333,1.0,0.98573,1.0,1.0,0.7,1.0,1.0,0.5,0.5,0.5,1.0,1.0,1.0,0.83782,1.0,0.0,0.0,1.0,1.0,1.0,1.0,0.83782,0.3,0.26667,1.0,0.66667,0.33333,1.0,1.0,1.0
1.0,0.5,1.0,0.5,0.86667,0.5,0.12427,0.86667,0.76667,0.0,0.0,0.66667,1.0,0.20444,0.03556,0.0,0.99718,1.0,1.0,0.95238,1.0,1.0,0.0,0.82295,1.0,0.07143,1.0,0.86113,0.33333,1.0,0.98767,1.0,1.0,0.7,1.0,1.0,0.5,0.5,0.5,1.0,1.0,1.0,0.83782,1.0,0.0,0.0,1.0,1.0,1.0,1.0,0.83782,0.3,0.26667,1.0,1.0,0.33333,1.0,1.0,1.0
1.0,0.5,1.0,0.5,0.86667,0.5,0.12801,0.86667,0.8,0.0,0.0,0.66667,1.0,0.2,0.03556,0.0,0.99682,1.0,1.0,0.95238,1.0,1.0,0.0,0.80464,1.0,0.07143,1.0,0.84495,0.33333,1.0,0.98971,1.0,1.0,0.7,1.0,1.0,0.5,0.5,0.5,1.0,1.0,1.0,0.83782,1.0,0.0,0.0,1.0,1.0,1.0,1.0,0.83782,0.3,0.26667,1.0,1.0,0.33333,1.0,1.0,1.0
1.0,0.5,1.0,0.5,0.86667,0.5,0.13232,0.86667,0.83333,0.0,0.0,0.66667,1.0,0.19556,0.03556,0.0,0.99463,1.0,0.95238,0.95238,1.0,1.0,0.0,0.78746,1.0,0.07143,1.0,0.83655,0.33333,1.0,0.99195,1.0,1.0,0.7,0.93333,0.99755,1.0,1.0,1.0,1.0,1.0,1.0,0.83782,1.0,0.0,0.0,1.0,1.0,1.0,1.0,0.83782,0.3,0.26667,1.0,1.0,0.33333,1.0,1.0,1.0
1.0,0.5,1.0,0.5,0.86667,0.5,0.13632,0.86667,0.86667,0.0,0.0,0.66667,1.0,0.18222,0.03556,0.0,0.9974,1.0,1.0,0.95238,1.0,1.0,0.0,0.7733,1.0,0.07143,1.0,0.83392,0.33333,1.0,0.99391,1.0,1.0,0.7,1.0,1.0,0.5,1.0,0.5,1.0,1.0,1.0,0.83782,1.0,0.0,0.0,1.0,1.0,1.0,1.0,0.83782,0.3,0.26667,1.0,1.0,0.33333,1.0,1.0,1.0
1.0,0.5,1.0,0.5,0.86667,0.5,0.14011,0.86667,0.9,0.0,0.0,0.66667,1.0,0.18222,0.03556,0.0,0.99683,1.0,1.0,0.95238,1.0,1.0,0.0,0.75994,1.0,0.07143,1.0,0.83082,0.33333,1.0,0.99559,1.0,1.0,0.7,1.0,1.0,0.5,1.0,0.5,1.0,1.0,1.0,0.83782,1.0,0.0,0.0,1.0,1.0,1.0,1.0,0.83782,0.3,0.26667,1.0,1.0,0.33333,1.0,1.0,1.0
1.0,0.5,1.0,0.5,0.86667,0.5,0.14309,0.86667,0.93333,0.0,0.0,0.66667,1.0,0.17333,0.03556,0.0,0.99391,1.0,1.0,0.95238,1.0,1.0,0.0,0.74744,1.0,0.07143,1.0,0.82569,0.33333,1.0,0.99675,1.0,1.0,0.7,1.0,1.0,0.5,1.0,0.5,1.0,1.0,1.0,0.83782,1.0,0.0,0.0,1.0,1.0,1.0,1.0,0.83782,0.3,0.26667,1.0,1.0,0.33333,1.0,1.0,1.0
1.0,0.5,1.0,0.5,0.86667,0.5,0.14582,0.86667,0.96667,0.0,0.0,0.66667,1.0,0.16889,0.03556,0.0,0.99371,1.0,1.0,1.0,1.0,1.0,0.0,0.73655,1.0,0.07143,1.0,0.81928,0.33333,1.0,0.99797,1.0,1.0,0.7,1.0,1.0,0.5,1.0,0.5,1.0,1.0,1.0,0.83782,1.0,0.0,0.0,1.0,1.0,1.0,1.0,0.83782,0.3,0.26667,1.0,1.0,0.33333,1.0,1.0,1.0
1.0,0.5,1.0,0.5,0.86667,0.5,0.14796,0.86667,1.0,0.0,0.0,0.66667,1.0,0.17333,0.03556,0.0,0.991,1.0,1.0,1.0,1.0,1.0,0.0,0.72683,1.0,0.07143,1.0,0.80734,0.33333,1.0,0.99869,1.0,1.0,0.7,1.0,1.0,0.5,1.0,0.5,1.0,1.0,1.0,0.83782,1.0,0.0,0.0,1.0,1.0,1.0,1.0,0.83782,0.3,0.26667,1.0,1.0,0.33333,1.0,1.0,1.0
0.5,0.5,0.5,0.5,0.5,0.5,0.05868,0.06667,0.23333,0.0,0.0,0.66667,0.0,0.78222,0.0,0.9789,0.0,0.86667,1.0,1.0,1.0,0.5,0.0,0.60816,1.0,0.07143,0.92686,0.86368,0.0,1.0,1.0,0.07143,0.5,0.7,1.0,1.0,0.5,0.5,0.5,1.0,1.0,0.5,0.5,0.5,0.0,0.0,1.0,1.0,1.0,0.5,0.5,0.3,0.13333,1.0,1.0,1.0,1.0,0.0,0.5
0.0,0.0,0.0,0.0,0.06667,0.06667,0.0361,0.06667,0.4,0.0,0.0,0.66667,0.0,0.80889,0.0,0.98729,0.0,1.0,1.0,1.0,1.0,1.0,0.0,0.00814,0.02036,0.0,1.0,1.0,1.0,0.0,1.0,1.0,0.92857,0.7,1.0,1.0,0.5,0.5,0.5,1.0,1.0,0.5,0.5,0.5,0.0,0.0,1.0,1.0,1.0,0.5,0.5,1.0,0.06667,1.0,1.0,1.0,1.0,1.0,1.0
0.0,0.5,0.0,0.5,0.06667,0.5,0.03304,0.06667,0.43333,0.0,0.0,0.66667,1.0,0.80444,0.0,0.9913,0.0,1.0,1.0,1.0,1.0,1.0,1.0,0.59363,1.0,0.07143,0.66278,0.49564,0.0,1.0,1.0,1.0,0.92857,0.7,1.0,1.0,0.5,0.5,0.5,1.0,1.0,0.5,0.5,0.5,0.0,0.0,1.0,1.0,1.0,0.5,0.5,0.3,0.13333,1.0,1.0,1.0,1.0,0.0,0.64286
0.0,0.0,0.0,0.0,0.06667,0.06667,0.00752,0.06667,0.73333,0.0,0.0,0.66667,0.0,0.80444,0.0,0.99673,0.0,1.0,1.0,1.0,1.0,1.0,0.0,0.00035,0.00088,0.0,1.0,1.0,1.0,0.0,1.0,0.0,0.92857,0.7,1.0,1.0,0.5,0.5,0.5,1.0,1.0,0.5,0.5,0.5,0.0,0.0,1.0,1.0,1.0,0.5,0.5,1.0,0.06667,1.0,1.0,1.0,1.0,1.0,1.0
0.0,0.0,0.0,0.0,0.06667,0.06667,0.00633,0.06667,0.8,0.0,0.0,0.66667,0.0,0.8,0.0,0.99774,0.0,1.0,1.0,1.0,1.0,1.0,0.0,0.00025,0.00063,0.0,1.0,1.0,1.0,0.0,1.0,0.0,1.0,0.7,1.0,1.0,0.5,0.5,0.5,1.0,1.0,0.5,0.5,0.5,0.0,0.0,1.0,1.0,1.0,0.5,0.5,1.0,0.06667,1.0,1.0,1.0,1.0,1.0,0.21429
0.0,0.0,0.0,0.0,0.06667,0.06667,0.00528,0.06667,0.86667,0.0,0.0,0.66667,0.0,0.8,0.0,0.99954,0.0,1.0,1.0,1.0,1.0,1.0,0.0,0.00017,0.00044,0.0,1.0,1.0,1.0,0.0,1.0,0.0,1.0,0.7,1.0,1.0,0.5,0.5,0.5,1.0,1.0,0.5,0.5,0.5,0.0,0.0,1.0,1.0,1.0,0.5,0.5,1.0,0.06667,1.0,1.0,1.0,1.0,1.0,0.21429
0.5,0.5,0.5,0.5,0.5,0.5,0.03279,0.06667,0.3,0.0,0.0,0.66667,0.0,0.07111,0.0,0.99614,0.0,1.0,0.99048,1.0,1.0,0.5,1.0,0.64941,1.0,0.07143,0.53692,0.38701,0.0,1.0,0.73552,1.0,0.5,0.7,1.0,1.0,0.5,0.5,0.5,1.0,1.0,0.5,0.5,0.5,0.0,0.0,1.0,1.0,1.0,0.5,0.5,0.3,0.13333,0.5,1.0,1.0,1.0,0.5,0.5
0.0,0.0,0.0,0.0,0.06667,0.06667,0.02588,0.06667,0.53333,0.0,0.0,0.66667,0.0,0.06667,0.0,0.99639,0.0,0.99048,0.99048,1.0,1.0,0.99048,1.0,0.61741,1.0,0.07143,0.46001,0.29871,0.0,0.0,0.57553,0.92857,0.92857,0.7,1.0,1.0,0.5,0.5,0.5,1.0,1.0,0.5,0.5,0.5,0.0,0.0,1.0,1.0,1.0,0.5,0.5,1.0,0.06667,0.0,1.0,1.0,1.0,0.0,1.0
0.0,0.5,0.0,0.5,0.06667,0.5,0.02588,0.06667,0.56667,0.0,0.0,0.66667,1.0,0.06667,0.0,0.99717,0.0,1.0,0.99048,1.0,1.0,1.0,0.0,0.61741,1.0,0.07143,0.46001,0.29871,0.0,0.0,0.57498,1.0,1.0,0.7,1.0,1.0,0.5,0.5,0.5,1.0,1.0,0.5,0.5,0.5,0.0,0.0,1.0,1.0,1.0,0.5,0.5,1.0,0.06667,0.0,1.0,1.0,1.0,0.0,0.21429
0.0,0.0,0.0,0.0,0.06667,0.06667,0.02588,0.06667,0.7,0.0,0.0,0.66667,0.0,0.06667,0.0,0.99828,0.0,1.0,1.0,1.0,1.0,1.0,0.0,0.00419,0.01047,0.0,1.0,1.0,1.0,0.0,1.0,1.0,0.92857,0.7,1.0,1.0,0.5,0.5,0.5,1.0,1.0,0.5,0.5,0.5,0.0,0.0,1.0,1.0,1.0,0.5,0.5,1.0,0.06667,1.0,1.0,1.0,1.0,1.0,0.21429
0.5,0.5,0.5,0.5,0.5,0.5,0.07598,0.6,0.46667,0.0,0.0,0.66667,0.0,0.25778,0.12444,0.99033,0.0,0.92381,1.0,0.66667,1.0,0.5,0.0,0.74814,1.0,0.07143,1.0,0.81005,0.66667,0.0,0.93893,0.85714,0.5,0.7,0.93333,0.93934,1.0,0.5,0.87907,1.0,1.0,0.5,0.5,0.5,0.0,0.7173,1.0,1.0,1.0,0.49122,0.52977,0.3,0.26667,1.0,1.0,0.33333,1.0,0.33333,0.5
0.0,0.0,0.0,0.0,0.6,0.6,0.02511,0.66667,0.76667,0.0,0.0,0.66667,0.0,0.12889,0.06667,0.0,0.99346,0.82857,1.0,0.75238,0.94286,0.68571,0.0,0.58339,1.0,0.5,0.4566,0.29584,0.0,0.0,0.5,0.92857,0.71429,0.0,0.93333,0.79998,0.68502,0.46044,0.47951,1.0,1.0,0.5,0.5,0.5,0.0,0.0,1.0,1.0,1.0,1.0,0.09362,1.0,0.06667,0.0,1.0,0.0,1.0,0.0,1.0
0.5,0.5,0.5,0.5,0.5,0.5,0.14546,1.0,0.16667,0.0,0.0,0.66667,0.0,0.27111,0.0,0.0,0.88638,0.91429,1.0,1.0,1.0,0.5,1.0,0.991,1.0,0.07143,1.0,1.0,1.0,0.0,1.0,0.85714,0.5,0.7,1.0,1.0,0.5,0.5,0.5,1.0,1.0,0.5,0.5,0.5,0.0,0.0,1.0,1.0,1.0,0.5,0.5,0.3,0.4,1.0,1.0,1.0,1.0,1.0,0.5
0.0,0.0,0.0,0.0,1.0,1.0,0.03859,0.06667,0.86667,0.0,0.0,0.66667,0.0,0.07111,0.0,0.98595,0.0,0.99048,0.98095,1.0,1.0,0.72381,1.0,0.64935,1.0,0.07143,0.62439,0.45756,0.0,0.0,0.90012,0.85714,0.78571,0.7,1.0,1.0,0.5,0.5,0.5,1.0,1.0,0.5,0.5,0.5,0.0,0.0,1.0,1.0,1.0,0.5,0.5,1.0,0.06667,0.0,1.0,1.0,1.0,0.0,1.0
0.5,0.5,0.5,0.5,0.5,0.5,0.07129,0.73333,0.0,0.85714,0.0,0.66667,0.0,0.20889,0.02222,0.99811,0.0,1.0,1.0,0.82857,1.0,0.5,1.0,0.88011,1.0,0.35714,1.0,0.88869,0.85714,0.0,0.96427,1.0,0.5,0.7,1.0,1.0,0.5,0.5,0.5,1.0,1.0,0.5,0.5,0.5,0.0,0.0,1.0,1.0,1.0,0.0,0.16994,0.3,0.26667,0.42857,0.33333,0.66667,1.0,0.28571,0.5
0.5,0.5,0.5,0.5,0.5,0.5,0.07046,0.8,0.06667,0.0,0.0,0.66667,0.0,0.58667,0.0,0.5,0.5,0.0,1.0,1.0,1.0,0.5,1.0,0.55139,1.0,0.07143,1.0,0.9036,0.76923,0.0,0.91217,0.71429,0.5,0.7,1.0,1.0,0.5,0.5,0.5,1.0,1.0,0.5,0.5,0.5,0.5,0.5,1.0,1.0,1.0,0.5,0.5,0.3,0.6,0.61538,0.75,1.0,1.0,0.69231,0.5
0.5,0.5,0.5,0.5,0.5,0.5,0.0617,0.13333,0.06667,0.0,0.0,0.66667,0.0,0.10667,0.0,0.5,0.5,0.97143,0.97143,1.0,1.0,0.5,1.0,0.74233,1.0,0.07143,0.94708,0.87004,0.33333,1.0,0.5625,0.85714,0.5,0.7,1.0,1.0,0.5,0.5,0.5,1.0,1.0,0.5,0.5,0.5,0.5,0.5,1.0,1.0,1.0,0.5,0.5,0.3,0.13333,0.33333,1.0,1.0,1.0,1.0,0.5
0.0,0.0,0.0,0.0,0.06667,0.06667,0.04211,0.06667,0.13333,0.0,0.0,0.66667,0.0,0.20444,0.02222,0.83376,0.0,0.77143,0.74286,0.8,1.0,0.59048,0.0,0.8722,1.0,0.07143,0.51332,0.26473,0.0,0.0,1.0,1.0,0.85714,0.0,0.73333,0.7672,0.59461,0.3148,0.27748,1.0,1.0,0.5,0.5,0.5,0.0,1.0,1.0,1.0,1.0,0.5,0.5,1.0,0.06667,0.0,1.0,1.0,1.0,0.0,1.0
0.0,0.0,0.0,0.0,0.06667,0.06667,0.02176,0.2,0.4,0.0,0.0,0.66667,0.0,0.14667,0.07111,0.98642,0.0,0.53333,0.93333,0.61905,1.0,0.69524,1.0,0.95181,1.0,0.07143,0.30885,0.14812,0.2,0.0,0.93653,0.85714,0.71429,0.0,1.0,1.0,0.5,0.3148,0.5,1.0,1.0,0.5,0.5,0.5,0.0,0.0,1.0,1.0,1.0,0.0,0.228,1.0,0.06667,0.0,1.0,1.0,1.0,0.6,1.0
0.0,0.0,0.0,0.0,0.2,0.2,0.01113,0.2,0.86667,0.0,0.0,0.66667,0.0,0.06667,0.07556,0.99554,0.0,1.0,0.94286,0.65714,1.0,0.73333,0.0,0.9858,1.0,0.14286,0.16445,0.10343,0.0,0.0,0.90854,0.21429,0.57143,0.7,1.0,1.0,0.5,0.3148,0.5,1.0,1.0,0.5,0.5,0.5,0.0,0.0,1.0,1.0,1.0,0.0,0.12294,0.3,0.13333,0.2,1.0,0.0,1.0,0.0,1.0
0.0,0.0,0.0,0.0,0.2,0.2,0.00932,0.2,1.0,0.0,0.0,0.66667,0.0,0.05333,0.08,0.99559,0.0,1.0,1.0,0.66667,0.72381,1.0,0.0,0.96693,1.0,0.14286,0.14519,0.08663,0.0,0.0,0.90376,0.71429,1.0,0.7,1.0,1.0,0.5,0.3148,0.5,1.0,1.0,0.5,0.5,0.5,0.0,0.0,1.0,1.0,1.0,0.0,0.228,1.0,0.06667,0.0,1.0,1.0,1.0,0.0,1.0
1.0,0.5,1.0,0.5,0.2,0.5,0.00962,0.2,0.0,0.96774,0.0,0.66667,1.0,0.05778,0.08,0.9935,0.0,1.0,1.0,0.66667,1.0,1.0,0.0,0.96555,1.0,0.14286,0.15008,0.0895,0.0,0.0,0.90352,1.0,1.0,0.7,1.0,1.0,0.5,0.3148,0.5,1.0,1.0,0.5,0.5,0.5,0.0,0.0,1.0,1.0,1.0,0.0,0.228,1.0,0.06667,0.0,1.0,1.0,1.0,0.0,0.07143
0.0,0.5,1.0,0.5,0.2,0.5,0.0097,0.2,0.0,0.9375,0.0,0.66667,1.0,0.05778,0.08,0.99299,0.0,1.0,1.0,0.66667,1.0,1.0,0.0,0.96502,1.0,0.14286,0.15148,0.09031,0.0,0.0,0.90335,1.0,1.0,0.7,1.0,1.0,0.5,0.3148,0.5,1.0,1.0,0.5,0.5,0.5,0.0,0.0,1.0,1.0,1.0,0.0,0.228,1.0,0.06667,0.0,1.0,1.0,1.0,0.0,0.07143
0.0,0.5,1.0,0.5,0.2,0.5,0.00974,0.2,0.0,0.90909,0.0,0.66667,1.0,0.05778,0.08,0.99302,0.0,1.0,1.0,0.66667,1.0,1.0,0.0,0.96489,1.0,0.14286,0.15206,0.09066,0.0,0.0,0.90321,1.0,1.0,0.7,1.0,1.0,0.5,0.3148,0.5,1.0,1.0,0.5,0.5,0.5,0.0,0.0,1.0,1.0,1.0,0.0,0.228,1.0,0.06667,0.0,1.0,1.0,1.0,0.0,0.07143
1.0,0.5,1.0,0.5,0.2,0.5,0.01222,0.2,0.0,0.88235,0.0,0.66667,1.0,0.05778,0.08,0.99414,0.0,1.0,1.0,0.66667,1.0,1.0,1.0,0.96708,1.0,0.14286,0.19032,0.11396,0.0,0.0,0.90311,1.0,1.0,0.7,1.0,1.0,0.5,0.3148,0.5,1.0,1.0,0.5,0.5,0.5,0.0,0.0,1.0,1.0,1.0,0.0,0.228,0.3,0.13333,0.2,1.0,0.0,1.0,0.0,0.14286
0.0,0.0,0.0,0.0,0.2,0.2,0.00988,0.2,0.0,0.83333,0.0,0.66667,0.0,0.05778,0.08,0.99564,0.0,1.0,1.0,0.66667,1.0,1.0,1.0,0.9783,1.0,0.14286,0.1518,0.09882,0.0,0.0,0.91809,0.21429,1.0,0.7,1.0,1.0,0.5,0.3148,0.5,1.0,1.0,0.5,0.5,0.5,0.0,0.0,1.0,1.0,1.0,0.0,0.228,1.0,0.06667,0.0,1.0,1.0,1.0,0.2,1.0
0.0,0.0,0.0,0.0,0.2,0.2,0.00948,0.2,0.0,0.75,0.0,0.66667,0.0,0.05778,0.08,0.0,0.99876,1.0,1.0,0.66667,1.0,1.0,0.0,0.96785,1.0,0.14286,0.14751,0.0914,0.0,0.0,0.92667,0.21429,1.0,0.7,1.0,1.0,0.5,0.3148,0.5,1.0,1.0,0.5,0.5,0.5,0.0,0.0,1.0,1.0,1.0,0.0,0.228,1.0,0.06667,0.0,1.0,1.0,1.0,0.0,0.07143
0.5,0.5,0.5,0.5,0.5,0.5,0.26969,0.6,0.06667,0.0,0.5,0.0,0.0,0.28,0.0,0.5,0.5,0.9,0.8,1.0,1.0,0.5,1.0,0.45457,1.0,0.0,1.0,1.0,1.0,0.0,1.0,1.0,0.5,0.7,1.0,1.0,0.5,0.5,0.5,1.0,1.0,0.5,0.5,0.5,0.5,0.5,1.0,1.0,1.0,0.5,0.5,1.0,0.2,1.0,1.0,1.0,1.0,1.0,0.5
0.0,0.0,0.0,0.0,0.6,0.6,0.26581,0.6,0.13333,0.0,0.5,0.0,0.0,0.28,0.0,0.9587,0.0,1.0,0.8,1.0,1.0,1.0,0.0,0.44159,1.0,0.0,1.0,1.0,1.0,0.0,1.0,0.75,1.0,0.7,1.0,1.0,0.5,0.5,0.5,1.0,1.0,0.5,0.5,0.5,0.0,0.0,1.0,1.0,1.0,0.5,0.5,1.0,0.2,1.0,1.0,1.0,1.0,1.0,1.0
1.0,0.5,1.0,0.5,1.0,0.5,0.31504,1.0,0.16667,0.0,0.5,0.0,1.0,0.32,0.0,0.0,0.8855,1.0,0.8,1.0,1.0,1.0,1.0,0.6203,1.0,0.0,1.0,1.0,1.0,0.0,1.0,1.0,1.0,0.7,1.0,1.0,0.5,0.5,0.5,1.0,1.0,0.5,0.5,0.5,0.0,0.0,1.0,1.0,1.0,0.5,0.5,1.0,0.2,1.0,1.0,1.0,1.0,1.0,1.0
1.0,0.5,1.0,0.5,1.0,0.5,0.32976,1.0,0.2,0.0,0.5,0.0,1.0,0.28,0.0,0.0,0.97453,1.0,1.0,1.0,1.0,1.0,1.0,0.67965,1.0,0.0,1.0,1.0,1.0,0.0,1.0,1.0,1.0,0.7,1.0,1.0,0.5,0.5,0.5,1.0,1.0,0.5,0.5,0.5,0.0,0.0,1.0,1.0,1.0,0.5,0.5,1.0,0.2,1.0,1.0,1.0,1.0,1.0,1.0
0.0,0.5,0.0,0.5,1.0,0.5,0.32898,1.0,0.23333,0.0,0.5,0.0,1.0,0.28,0.0,0.96556,0.0,1.0,1.0,1.0,1.0,1.0,0.0,0.67644,1.0,0.0,1.0,1.0,1.0,0.0,1.0,1.0,1.0,0.7,1.0,1.0,0.5,0.5,0.5,1.0,1.0,0.5,0.5,0.5,0.0,0.0,1.0,1.0,1.0,0.5,0.5,1.0,0.2,1.0,1.0,1.0,1.0,1.0,1.0
0.0,1.0,0.0,1.0,1.0,1.0,0.3728,1.0,0.3,0.0,0.5,0.0,0.0,0.28,0.04,0.41378,0.0,1.0,1.0,1.0,1.0,1.0,1.0,0.86861,1.0,0.0,1.0,1.0,1.0,0.0,1.0,1.0,1.0,0.7,1.0,1.0,0.5,0.5,0.5,1.0,1.0,0.5,0.5,0.5,0.0,0.0,1.0,1.0,1.0,1.0,1.0,1.0,0.2,1.0,1.0,0.0,1.0,0.0,1.0
1.0,0.5,1.0,0.5,1.0,0.5,0.39893,1.0,0.33333,0.0,0.5,0.0,1.0,0.28,0.04,0.63326,0.0,1.0,1.0,1.0,1.0,1.0,1.0,0.99466,1.0,0.0,1.0,1.0,1.0,0.0,1.0,1.0,1.0,0.7,1.0,1.0,0.5,0.5,0.5,1.0,1.0,0.5,0.5,0.5,0.0,0.0,1.0,1.0,1.0,1.0,1.0,1.0,0.2,1.0,1.0,0.0,1.0,1.0,1.0
0.5,0.5,0.5,0.5,0.5,0.5,0.28221,1.0,0.03333,0.0,0.5,0.0,0.0,0.2,0.0,0.5,0.5,0.5,0.5,0.5,0.5,0.5,0.5,0.0,0.0,0.25,1.0,1.0,1.0,0.0,0.0,0.5,0.5,0.5,1.0,1.0,0.5,0.5,0.5,1.0,1.0,0.5,0.5,0.5,0.5,0.5,1.0,0.5,0.5,0.5,0.5,0.5,0.4,1.0,1.0,1.0,1.0,0.5,0.5
1.0,1.0,1.0,1.0,1.0,1.0,0.33917,1.0,0.2,0.0,0.5,0.0,0.0,0.64,0.0,0.94559,0.0,0.6,0.6,1.0,1.0,0.6,1.0,0.76434,1.0,0.25,1.0,1.0,1.0,0.0,1.0,0.75,1.0,0.7,1.0,1.0,0.5,0.5,0.5,1.0,1.0,0.5,0.5,0.5,0.0,0.0,1.0,1.0,1.0,0.5,0.5,0.4,0.4,1.0,1.0,1.0,1.0,1.0,1.0
0.0,1.0,0.0,0.0,1.0,1.0,0.32037,1.0,0.26667,0.0,0.5,0.0,0.0,0.56,0.04,0.34663,0.0,1.0,1.0,1.0,1.0,1.0,0.0,0.758,1.0,0.25,1.0,1.0,1.0,0.0,1.0,1.0,1.0,0.7,1.0,1.0,0.5,0.5,0.5,1.0,1.0,0.5,0.5,0.5,0.0,0.0,1.0,1.0,1.0,1.0,0.55333,0.3,0.4,1.0,1.0,1.0,1.0,1.0,1.0
0.0,1.0,0.0,1.0,1.0,1.0,0.33391,1.0,0.5,0.0,0.5,0.0,0.0,0.44,0.04,0.99107,0.0,1.0,1.0,1.0,1.0,1.0,1.0,0.66139,1.0,0.25,1.0,1.0,1.0,1.0,1.0,1.0,1.0,0.7,1.0,1.0,0.5,0.5,0.5,1.0,1.0,0.5,0.5,0.5,0.0,0.0,1.0,1.0,1.0,1.0,0.55333,0.3,0.4,1.0,1.0,1.0,1.0,1.0,1.0
0.0,1.0,0.0,0.0,1.0,1.0,0.30778,0.8,0.66667,0.0,0.5,0.0,0.0,0.36,0.04,0.99426,0.0,1.0,1.0,1.0,1.0,1.0,1.0,0.66892,1.0,0.25,0.97819,0.95731,0.0,1.0,1.0,1.0,1.0,0.7,1.0,1.0,0.5,0.5,0.5,1.0,1.0,0.5,0.5,0.5,0.0,0.0,1.0,1.0,1.0,1.0,0.55333,0.3,0.4,1.0,1.0,1.0,1.0,1.0,1.0
0.5,0.5,0.5,0.5,0.5,0.5,0.2845,1.0,0.26667,0.0,0.5,0.0,0.0,0.48,0.0,0.9317,0.0,1.0,1.0,1.0,1.0,0.5,0.0,0.02284,0.0571,0.0,1.0,1.0,1.0,0.0,1.0,1.0,0.5,0.7,1.0,1.0,0.5,0.5,0.5,1.0,1.0,0.5,0.5,0.5,0.0,0.0,1.0,1.0,1.0,0.5,0.5,0.3,0.6,1.0,0.5,1.0,1.0,1.0,0.5
0.0,0.5,0.0,0.5,1.0,0.5,0.26823,1.0,0.3,0.0,0.5,0.0,1.0,0.48,0.0,0.95163,0.0,1.0,1.0,1.0,1.0,1.0,0.0,0.01976,0.0494,0.0,1.0,1.0,1.0,0.0,1.0,1.0,1.0,0.7,1.0,1.0,0.5,0.5,0.5,1.0,1.0,0.5,0.5,0.5,0.0,0.0,1.0,1.0,1.0,0.5,0.5,0.3,0.6,1.0,1.0,1.0,1.0,1.0,1.0
1.0,0.5,0.0,0.5,0.8,0.5,0.26241,0.8,0.33333,0.0,0.5,0.0,1.0,0.44,0.0,0.96999,0.0,1.0,1.0,1.0,1.0,1.0,0.0,0.01637,0.04091,0.0,1.0,0.99833,0.5,0.0,1.0,1.0,1.0,0.7,1.0,1.0,0.5,0.5,0.5,1.0,1.0,0.5,0.5,0.5,0.0,0.0,1.0,1.0,1.0,0.5,0.5,0.3,0.6,1.0,1.0,1.0,1.0,1.0,1.0
1.0,0.5,0.0,0.5,0.8,0.5,0.25963,0.8,0.36667,0.0,0.5,0.0,1.0,0.44,0.0,0.98638,0.0,1.0,1.0,1.0,1.0,1.0,0.0,0.01075,0.02687,0.0,1.0,0.96785,0.5,0.0,1.0,1.0,1.0,0.7,1.0,1.0,0.5,0.5,0.5,1.0,1.0,0.5,0.5,0.5,0.0,0.0,1.0,1.0,1.0,0.5,0.5,0.3,0.6,1.0,1.0,1.0,1.0,1.0,1.0
1.0,0.5,1.0,0.5,0.8,0.5,0.26255,0.8,0.4,0.0,0.5,0.0,1.0,0.44,0.0,0.99413,0.0,1.0,1.0,1.0,1.0,1.0,0.0,0.00819,0.02047,0.0,1.0,0.9883,0.5,0.0,1.0,1.0,1.0,0.7,1.0,1.0,0.5,0.5,0.5,1.0,1.0,0.5,0.5,0.5,0.0,0.0,1.0,1.0,1.0,0.5,0.5,0.3,0.6,1.0,1.0,1.0,1.0,1.0,1.0
1.0,0.5,0.0,0.5,0.8,0.5,0.25873,0.8,0.43333,0.0,0.5,0.0,1.0,0.44,0.0,0.99642,0.0,1.0,1.0,1.0,1.0,1.0,0.0,0.00633,0.01583,0.0,1.0,0.95445,0.5,0.0,1.0,1.0,1.0,0.7,1.0,1.0,0.5,0.5,0.5,1.0,1.0,0.5,0.5,0.5,0.0,0.0,1.0,1.0,1.0,0.5,0.5,0.3,0.6,1.0,1.0,1.0,1.0,1.0,1.0
1.0,0.5,0.0,0.5,0.8,0.5,0.2569,0.8,0.46667,0.0,0.5,0.0,1.0,0.44,0.0,0.99803,0.0,1.0,1.0,1.0,1.0,1.0,0.0,0.00455,0.01137,0.0,0.997,0.93786,0.5,0.0,1.0,1.0,1.0,0.7,1.0,1.0,0.5,0.5,0.5,1.0,1.0,0.5,0.5,0.5,0.0,0.0,1.0,1.0,1.0,0.5,0.5,0.3,0.6,1.0,1.0,1.0,1.0,1.0,1.0
1.0,0.5,1.0,0.5,0.8,0.5,0.25731,0.8,0.5,0.0,0.5,0.0,1.0,0.44,0.0,0.0,0.99467,1.0,1.0,1.0,1.0,1.0,0.0,0.00192,0.00481,0.0,0.98653,0.92315,0.5,0.0,1.0,1.0,1.0,0.7,1.0,1.0,0.5,0.5,0.5,1.0,1.0,0.5,0.5,0.5,0.0,0.0,1.0,1.0,1.0,0.5,0.5,0.3,0.6,1.0,1.0,1.0,1.0,1.0,1.0
1.0,1.0,0.0,0.0,0.8,0.6,0.25178,0.6,0.56667,0.0,0.5,0.0,0.0,0.44,0.0,0.0,0.99251,1.0,1.0,1.0,1.0,1.0,0.0,0.00037,0.00092,0.0,0.9533,0.88877,0.0,0.0,1.0,1.0,1.0,0.7,1.0,1.0,0.5,0.5,0.5,1.0,1.0,0.5,0.5,0.5,0.0,0.0,1.0,1.0,1.0,0.5,0.5,0.3,0.6,1.0,1.0,1.0,1.0,1.0,1.0
1.0,0.5,1.0,0.5,0.8,0.5,0.25976,0.8,0.6,0.0,0.5,0.0,1.0,0.44,0.0,0.0,0.99394,1.0,1.0,1.0,1.0,1.0,0.0,0.0001,0.00025,0.0,0.97842,0.92691,0.5,0.0,1.0,1.0,1.0,0.7,1.0,1.0,0.5,0.5,0.5,1.0,1.0,0.5,0.5,0.5,0.0,0.0,1.0,1.0,1.0,0.5,0.5,0.3,0.6,1.0,1.0,1.0,1.0,1.0,1.0
1.0,0.5,1.0,0.5,0.8,0.5,0.26044,0.8,0.63333,0.0,0.5,0.0,1.0,0.44,0.0,0.0,0.99039,1.0,1.0,1.0,1.0,1.0,0.0,0.0001,0.00025,0.0,0.97056,0.90921,0.5,0.0,1.0,1.0,1.0,0.7,1.0,1.0,0.5,0.5,0.5,1.0,1.0,0.5,0.5,0.5,0.0,0.0,1.0,1.0,1.0,0.5,0.5,0.3,0.6,1.0,1.0,1.0,1.0,1.0,1.0
1.0,0.5,0.0,0.5,0.6,0.5,0.25377,0.6,0.66667,0.0,0.5,0.0,1.0,0.44,0.0,0.0,0.9902,1.0,1.0,1.0,1.0,1.0,0.0,0.0001,0.00025,0.0,0.94079,0.87881,0.0,0.0,1.0,1.0,1.0,0.7,1.0,1.0,0.5,0.5,0.5,1.0,1.0,0.5,0.5,0.5,0.0,0.0,1.0,1.0,1.0,0.5,0.5,0.3,0.6,1.0,1.0,1.0,1.0,1.0,1.0
0.5,0.5,0.5,0.5,0.5,0.5,0.19734,0.8,0.16667,0.0,0.5,0.0,0.0,0.44,0.0,0.91371,0.0,1.0,1.0,1.0,1.0,0.5,0.0,0.91966,1.0,0.0,1.0,1.0,1.0,0.0,1.0,0.75,0.5,0.7,1.0,1.0,0.5,0.5,0.5,1.0,1.0,0.5,0.5,0.5,0.0,0.0,1.0,1.0,1.0,0.5,0.5,0.3,0.4,1.0,1.0,1.0,1.0,1.0,0.5
0.0,0.0,0.0,0.0,0.4,0.6,0.22573,0.8,0.26667,0.0,0.5,0.0,0.0,0.44,0.0,0.90134,0.0,0.8,0.8,1.0,1.0,0.7,1.0,0.97584,1.0,0.25,1.0,1.0,1.0,0.0,1.0,0.75,1.0,0.7,1.0,1.0,0.5,0.5,0.5,1.0,1.0,0.5,0.5,0.5,0.0,0.0,1.0,1.0,1.0,0.5,0.5,0.3,0.4,1.0,1.0,1.0,1.0,0.0,1.0
0.5,0.5,0.5,0.5,0.5,0.5,0.22218,0.8,0.4,0.0,0.5,0.0,0.0,0.2,0.2,0.0,0.99486,1.0,1.0,1.0,1.0,0.5,1.0,0.81837,1.0,0.25,1.0,1.0,1.0,0.0,1.0,0.75,0.5,0.7,1.0,1.0,0.5,0.5,0.5,1.0,1.0,0.5,0.5,0.5,0.0,0.0,1.0,1.0,1.0,1.0,0.66677,1.0,0.2,1.0,1.0,0.0,1.0,0.0,0.5
1.0,0.5,1.0,0.5,0.8,0.5,0.23102,0.8,0.43333,0.0,0.5,0.0,1.0,0.2,0.2,0.0,0.98188,1.0,1.0,1.0,1.0,1.0,1.0,0.83805,1.0,0.25,1.0,1.0,1.0,0.0,1.0,1.0,1.0,0.7,0.6,0.92164,1.0,1.0,0.60816,1.0,1.0,0.5,0.5,0.5,0.0,0.0,1.0,1.0,1.0,1.0,0.66677,1.0,0.2,1.0,1.0,0.0,1.0,1.0,0.75
1.0,0.5,1.0,0.5,0.8,0.5,0.23999,0.8,0.46667,0.0,0.5,0.0,1.0,0.2,0.16,0.0,0.97627,1.0,1.0,0.6,1.0,1.0,1.0,0.85358,1.0,0.25,1.0,1.0,1.0,0.0,1.0,1.0,1.0,0.7,0.6,0.94959,1.0,1.0,1.0,1.0,1.0,0.5,0.5,0.5,0.0,0.0,1.0,1.0,1.0,1.0,0.66677,1.0,0.2,1.0,1.0,0.0,1.0,1.0,0.75
1.0,0.5,1.0,0.5,0.8,0.5,0.24468,0.8,0.5,0.0,0.5,0.0,1.0,0.2,0.16,0.0,0.97951,1.0,1.0,0.6,1.0,1.0,1.0,0.86028,1.0,0.25,1.0,1.0,1.0,0.0,1.0,1.0,1.0,0.7,1.0,1.0,0.5,1.0,0.5,1.0,1.0,0.5,0.5,0.5,0.0,0.0,1.0,1.0,1.0,1.0,0.66677,1.0,0.2,1.0,1.0,0.0,1.0,1.0,0.75
0.5,0.5,0.5,0.5,0.5,0.5,0.00674,0.2,0.33333,0.0,0.5,0.0,0.0,0.32,0.0,0.99974,0.0,1.0,0.9,1.0,1.0,0.5,0.0,0.82743,1.0,0.25,0.05105,0.02619,0.0,0.0,0.5,0.25,0.5,0.7,1.0,1.0,0.5,0.5,0.5,1.0,1.0,0.5,0.5,0.5,0.0,0.0,1.0,1.0,1.0,0.5,0.5,1.0,0.2,0.0,1.0,1.0,1.0,0.0,0.5
0.0,0.0,0.0,0.0,0.2,0.2,0.00011,0.2,0.4,0.0,0.5,0.0,0.0,0.32,0.04,0.63653,0.0,1.0,1.0,1.0,1.0,0.8,1.0,0.8519,1.0,0.25,0.00077,0.00039,0.0,0.0,0.5,0.5,1.0,0.0,1.0,1.0,0.5,0.265,0.5,1.0,1.0,0.5,0.5,0.5,0.0,0.0,1.0,1.0,1.0,0.5,0.5,1.0,0.2,0.0,1.0,1.0,1.0,0.0,0.0
0.0,0.0,0.0,0.0,0.2,0.2,6e-05,0.2,0.53333,0.0,0.5,0.0,0.0,0.32,0.04,0.0,0.99337,1.0,0.8,1.0,1.0,0.8,1.0,0.85943,1.0,0.25,0.00042,0.00021,0.0,0.0,0.5,0.75,0.5,0.0,1.0,1.0,0.5,0.265,0.5,1.0,1.0,0.5,0.5,0.5,0.0,0.0,1.0,1.0,1.0,0.5,0.5,1.0,0.2,0.0,1.0,1.0,1.0,0.0,1.0
0.0,0.0,0.0,0.0,0.2,0.2,4e-05,0.2,0.93333,0.0,0.5,0.0,0.0,0.32,0.04,0.98561,0.0,1.0,1.0,1.0,1.0,0.8,0.0,0.88635,1.0,0.25,0.00029,0.00015,0.0,0.0,0.5,0.25,1.0,0.6,1.0,1.0,0.5,0.265,0.5,1.0,1.0,0.5,0.5,0.5,0.0,0.0,1.0,1.0,1.0,0.5,0.5,1.0,0.2,0.0,1.0,1.0,1.0,0.0,1.0
0.0,0.0,0.0,0.0,0.2,0.2,4e-05,0.2,1.0,0.0,0.5,0.0,0.0,0.32,0.04,0.9761,0.0,1.0,1.0,1.0,1.0,1.0,0.0,0.87171,1.0,0.25,0.00029,0.00015,0.0,0.0,0.5,0.25,1.0,0.6,1.0,1.0,0.5,0.265,0.5,1.0,1.0,0.5,0.5,0.5,0.0,0.0,1.0,1.0,1.0,0.5,0.5,1.0,0.2,0.0,1.0,1.0,1.0,0.0,0.0
0.5,0.5,0.5,0.5,0.5,0.5,0.09237,0.4,0.13333,0.0,0.5,0.0,0.0,0.56,0.0,0.9657,0.0,0.6,1.0,1.0,1.0,0.5,0.0,0.79183,1.0,0.0,0.77854,0.49712,0.5,0.0,0.86935,1.0,0.5,0.7,1.0,1.0,0.5,0.5,0.5,1.0,1.0,0.5,0.5,0.5,0.0,0.0,1.0,1.0,1.0,0.5,0.5,0.3,0.4,0.5,1.0,1.0,1.0,0.5,0.5
1.0,0.5,1.0,0.5,0.4,0.5,0.09582,0.4,0.16667,0.0,0.5,0.0,1.0,0.56,0.0,0.94938,0.0,1.0,1.0,1.0,1.0,1.0,0.0,0.7427,1.0,0.0,0.83389,0.54942,0.5,0.0,0.88264,1.0,1.0,0.7,1.0,1.0,0.5,0.5,0.5,1.0,1.0,0.5,0.5,0.5,0.0,0.0,1.0,1.0,1.0,0.5,0.5,0.3,0.4,0.5,1.0,1.0,1.0,0.5,1.0
1.0,0.5,1.0,0.5,0.4,0.5,0.10301,0.4,0.2,0.0,0.5,0.0,1.0,0.52,0.0,0.93589,0.0,1.0,1.0,1.0,1.0,1.0,0.0,0.69999,1.0,0.0,0.92345,0.63861,0.5,0.0,0.8954,1.0,1.0,0.7,1.0,1.0,0.5,0.5,0.5,1.0,1.0,0.5,0.5,0.5,0.0,0.0,1.0,1.0,1.0,0.5,0.5,0.3,0.4,0.5,1.0,1.0,1.0,0.5,1.0
1.0,0.5,1.0,0.5,0.4,0.5,0.10849,0.4,0.23333,0.0,0.5,0.0,1.0,0.48,0.0,0.91885,0.0,1.0,1.0,1.0,1.0,1.0,0.0,0.69231,1.0,0.0,0.9779,0.68545,0.5,0.0,0.92217,1.0,1.0,0.7,1.0,1.0,0.5,0.5,0.5,1.0,1.0,0.5,0.5,0.5,0.0,0.0,1.0,1.0,1.0,0.5,0.5,0.3,0.6,1.0,1.0,1.0,1.0,0.5,1.0
1.0,0.5,1.0,0.5,0.4,0.5,0.11137,0.4,0.26667,0.0,0.5,0.0,1.0,0.4,0.0,0.92969,0.0,1.0,1.0,1.0,1.0,1.0,1.0,0.70707,1.0,0.0,0.99338,0.70333,0.5,0.0,0.94234,1.0,1.0,0.7,1.0,1.0,0.5,0.5,0.5,1.0,1.0,0.5,0.5,0.5,0.0,0.0,1.0,1.0,1.0,0.5,0.5,0.3,0.4,0.5,1.0,1.0,1.0,1.0,1.0
1.0,1.0,1.0,1.0,0.4,0.4,0.11614,0.4,0.36667,0.0,0.5,0.0,0.0,0.4,0.0,0.96378,0.0,1.0,1.0,1.0,1.0,1.0,0.0,0.70306,1.0,0.0,1.0,0.78651,0.5,0.0,0.97932,1.0,1.0,0.7,1.0,1.0,0.5,0.5,0.5,1.0,1.0,0.5,0.5,0.5,0.0,0.0,1.0,1.0,1.0,0.5,0.5,0.3,0.4,0.5,1.0,1.0,1.0,1.0,1.0
0.0,1.0,0.0,0.0,0.4,0.4,0.14464,0.4,0.56667,0.0,0.5,0.0,0.0,0.4,0.04,0.78097,0.0,1.0,1.0,0.8,1.0,0.8,0.0,0.55482,1.0,0.0,0.97092,0.94349,0.0,0.0,1.0,1.0,0.75,0.7,1.0,1.0,0.5,0.5,0.5,1.0,1.0,0.5,0.5,0.5,0.0,0.0,1.0,1.0,1.0,1.0,1.0,0.3,0.4,1.0,0.0,1.0,1.0,1.0,1.0
1.0,0.5,0.0,0.5,0.4,0.5,0.14234,0.4,0.6,0.0,0.5,0.0,1.0,0.44,0.04,0.88036,0.0,1.0,1.0,0.8,1.0,1.0,0.0,0.53652,1.0,0.0,0.97165,0.94487,0.0,0.0,1.0,1.0,1.0,0.7,1.0,1.0,0.5,0.5,0.5,1.0,1.0,0.5,0.5,0.5,0.0,0.0,1.0,1.0,1.0,1.0,1.0,0.3,0.4,1.0,0.0,1.0,1.0,1.0,1.0
1.0,0.5,1.0,0.5,0.4,0.5,0.14432,0.4,0.63333,0.0,0.5,0.0,1.0,0.44,0.04,0.94749,0.0,1.0,1.0,0.8,1.0,1.0,0.0,0.53309,1.0,0.0,0.98831,0.97689,0.0,0.0,1.0,1.0,1.0,0.7,1.0,1.0,0.5,0.5,0.5,1.0,1.0,0.5,0.5,0.5,0.0,0.0,1.0,1.0,1.0,1.0,1.0,0.3,0.4,1.0,1.0,1.0,1.0,1.0,1.0
1.0,0.5,1.0,0.5,0.4,0.5,0.14587,0.4,0.66667,0.0,0.5,0.0,1.0,0.44,0.04,0.99257,0.0,1.0,1.0,0.8,1.0,1.0,1.0,0.54707,1.0,0.0,0.98611,0.97261,0.0,0.0,1.0,1.0,1.0,0.7,1.0,1.0,0.5,0.5,0.5,1.0,1.0,0.5,0.5,0.5,0.0,0.0,1.0,1.0,1.0,1.0,1.0,0.3,0.4,1.0,1.0,1.0,1.0,1.0,1.0
1.0,0.5,1.0,0.5,0.4,0.5,0.15026,0.4,0.7,0.0,0.5,0.0,1.0,0.44,0.04,0.99524,0.0,1.0,1.0,0.8,1.0,1.0,1.0,0.5787,1.0,0.0,0.98764,0.97558,0.0,0.0,1.0,1.0,1.0,0.7,1.0,1.0,0.5,0.5,0.5,1.0,1.0,0.5,0.5,0.5,0.0,0.0,1.0,1.0,1.0,1.0,1.0,0.3,0.4,1.0,1.0,1.0,1.0,1.0,1.0
1.0,0.5,1.0,0.5,0.4,0.5,0.15692,0.4,0.73333,0.0,0.5,0.0,1.0,0.44,0.04,0.99574,0.0,1.0,1.0,0.8,1.0,1.0,1.0,0.62859,1.0,0.0,0.98964,0.97948,0.0,0.0,1.0,1.0,1.0,0.7,1.0,1.0,0.5,0.5,0.5,1.0,1.0,0.5,0.5,0.5,0.0,0.0,1.0,1.0,1.0,1.0,1.0,0.3,0.4,1.0,1.0,1.0,1.0,1.0,1.0
1.0,0.5,1.0,0.5,0.4,0.5,0.16478,0.4,0.76667,0.0,0.5,0.0,1.0,0.4,0.04,0.99492,0.0,1.0,1.0,0.8,1.0,1.0,1.0,0.67915,1.0,0.0,0.99974,0.99949,0.0,0.0,1.0,1.0,1.0,0.7,1.0,1.0,0.5,0.5,0.5,1.0,1.0,0.5,0.5,0.5,0.0,0.0,1.0,1.0,1.0,1.0,1.0,0.3,0.4,1.0,1.0,1.0,1.0,1.0,1.0
1.0,1.0,1.0,1.0,0.4,0.6,0.22082,0.8,0.86667,0.0,0.5,0.0,0.0,0.36,0.04,0.99887,0.0,1.0,1.0,0.8,1.0,1.0,1.0,0.815,1.0,0.0,1.0,1.0,1.0,0.0,1.0,1.0,1.0,0.7,1.0,1.0,0.5,0.5,0.5,1.0,1.0,0.5,0.5,0.5,0.0,0.0,1.0,1.0,1.0,1.0,1.0,0.4,0.4,1.0,1.0,1.0,1.0,1.0,1.0
1.0,0.5,1.0,0.5,0.6,0.5,0.22528,0.6,0.9,0.0,0.5,0.0,1.0,0.36,0.04,0.98513,0.0,1.0,1.0,0.8,1.0,1.0,0.0,0.80657,1.0,0.0,1.0,1.0,1.0,0.0,1.0,1.0,1.0,0.7,1.0,1.0,0.5,0.5,0.5,1.0,1.0,0.5,0.5,0.5,0.0,0.0,1.0,1.0,1.0,1.0,1.0,0.4,0.4,1.0,1.0,1.0,1.0,1.0,0.75
1.0,0.5,1.0,0.5,0.6,0.5,0.22547,0.6,0.93333,0.0,0.5,0.0,1.0,0.36,0.04,0.98365,0.0,1.0,1.0,0.8,1.0,1.0,1.0,0.83562,1.0,0.0,1.0,1.0,1.0,0.0,1.0,1.0,1.0,0.7,1.0,1.0,0.5,0.5,0.5,1.0,1.0,0.5,0.5,0.5,0.0,0.0,1.0,1.0,1.0,1.0,1.0,0.4,0.4,1.0,1.0,1.0,1.0,1.0,0.75
1.0,0.5,1.0,0.5,0.6,0.5,0.22797,0.6,0.96667,0.0,0.5,0.0,1.0,0.36,0.04,0.98376,0.0,1.0,1.0,0.8,1.0,1.0,1.0,0.85545,1.0,0.0,1.0,1.0,1.0,0.0,1.0,1.0,1.0,0.7,1.0,1.0,0.5,0.5,0.5,1.0,1.0,0.5,0.5,0.5,0.0,0.0,1.0,1.0,1.0,1.0,1.0,0.4,0.4,1.0,1.0,1.0,1.0,1.0,0.75
1.0,0.5,1.0,0.5,0.6,0.5,0.22879,0.6,1.0,0.0,0.5,0.0,1.0,0.32,0.04,0.98613,0.0,1.0,1.0,0.8,1.0,1.0,1.0,0.86922,1.0,0.0,1.0,1.0,1.0,0.0,1.0,1.0,1.0,0.7,1.0,1.0,0.5,0.5,0.5,1.0,1.0,0.5,0.5,0.5,0.0,0.0,1.0,1.0,1.0,1.0,1.0,0.4,0.4,1.0,1.0,1.0,1.0,1.0,0.75
0.5,0.5,0.5,0.5,0.5,0.5,0.22189,0.8,0.06667,0.0,0.5,0.0,0.0,0.44,0.0,0.5,0.5,0.7,0.7,1.0,1.0,0.5,1.0,0.86212,1.0,0.25,1.0,1.0,1.0,0.0,1.0,1.0,0.5,0.7,1.0,1.0,0.5,0.5,0.5,1.0,1.0,0.5,0.5,0.5,0.5,0.5,1.0,1.0,1.0,0.5,0.5,0.5,0.4,1.0,1.0,1.0,1.0,0.0,0.5
0.0,0.0,0.0,0.0,0.6,0.8,0.22347,0.8,0.2,0.0,0.5,0.0,0.0,0.64,0.04,0.61198,0.0,1.0,1.0,1.0,1.0,0.5,1.0,0.94147,1.0,0.25,1.0,1.0,1.0,0.0,0.8897,0.75,1.0,0.7,1.0,1.0,0.5,0.5,0.5,1.0,1.0,0.5,0.5,0.5,0.0,0.0,1.0,1.0,1.0,0.5,0.5,0.3,0.4,1.0,1.0,1.0,1.0,1.0,1.0
0.0,0.0,0.0,1.0,0.8,0.8,0.4869,1.0,0.66667,0.0,0.5,0.0,0.0,0.2,0.24,0.99021,0.0,1.0,1.0,0.6,1.0,0.6,1.0,0.83584,1.0,0.25,1.0,1.0,1.0,1.0,1.0,0.75,0.75,0.7,1.0,1.0,0.5,0.5,0.5,1.0,1.0,0.5,0.5,0.5,0.0,0.0,1.0,1.0,1.0,0.57775,0.09647,1.0,0.2,1.0,1.0,0.0,1.0,1.0,1.0
0.0,0.5,0.0,0.5,1.0,0.5,0.48644,1.0,0.7,0.0,0.5,0.0,1.0,0.16,0.24,0.99232,0.0,1.0,1.0,0.6,1.0,1.0,1.0,0.83686,1.0,0.25,1.0,1.0,1.0,1.0,1.0,1.0,1.0,0.7,1.0,1.0,0.5,0.5,0.5,1.0,1.0,0.5,0.5,0.5,0.0,0.0,1.0,1.0,1.0,0.57775,0.09647,1.0,0.2,1.0,1.0,0.0,1.0,1.0,0.75
0.0,0.5,0.0,0.5,1.0,0.5,0.48628,1.0,0.73333,0.0,0.5,0.0,1.0,0.16,0.24,0.99424,0.0,1.0,1.0,0.6,1.0,1.0,1.0,0.83721,1.0,0.25,1.0,1.0,1.0,1.0,1.0,1.0,1.0,0.7,1.0,1.0,0.5,0.5,0.5,1.0,1.0,0.5,0.5,0.5,0.0,0.0,1.0,1.0,1.0,0.57775,0.09647,1.0,0.2,1.0,1.0,0.0,1.0,1.0,0.75
0.0,0.5,0.0,0.5,1.0,0.5,0.48619,1.0,0.76667,0.0,0.5,0.0,1.0,0.12,0.24,0.99549,0.0,1.0,1.0,0.6,1.0,1.0,1.0,0.83738,1.0,0.25,1.0,1.0,1.0,1.0,1.0,1.0,1.0,0.7,1.0,1.0,0.5,0.5,0.5,1.0,1.0,0.5,0.5,0.5,0.0,0.0,1.0,1.0,1.0,0.57775,0.09647,1.0,0.2,1.0,1.0,0.0,1.0,1.0,0.75
0.0,0.5,0.0,0.5,1.0,0.5,0.48614,1.0,0.8,0.0,0.5,0.0,1.0,0.12,0.24,0.99648,0.0,1.0,1.0,0.6,1.0,1.0,1.0,0.83748,1.0,0.25,1.0,1.0,1.0,1.0,1.0,1.0,1.0,0.7,1.0,1.0,0.5,0.5,0.5,1.0,1.0,0.5,0.5,0.5,0.0,0.0,1.0,1.0,1.0,0.57775,0.09647,1.0,0.2,1.0,1.0,0.0,1.0,1.0,0.75
0.0,0.5,0.0,0.5,1.0,0.5,0.4861,1.0,0.83333,0.0,0.5,0.0,1.0,0.12,0.24,0.99723,0.0,1.0,1.0,0.6,1.0,1.0,1.0,0.83755,1.0,0.25,1.0,1.0,1.0,1.0,1.0,1.0,1.0,0.7,1.0,1.0,0.5,0.5,0.5,1.0,1.0,0.5,0.5,0.5,0.0,0.0,1.0,1.0,1.0,0.57775,0.09647,1.0,0.2,1.0,1.0,0.0,1.0,1.0,0.75
0.0,0.0,0.0,1.0,1.0,1.0,0.54034,1.0,0.93333,0.0,0.5,0.0,0.0,0.12,0.08,0.99903,0.0,1.0,1.0,1.0,0.7,0.6,0.0,0.42139,1.0,0.25,1.0,1.0,1.0,0.0,1.0,0.75,1.0,0.7,1.0,1.0,0.5,0.5,0.5,1.0,1.0,0.5,0.5,0.5,0.0,0.0,1.0,1.0,1.0,1.0,0.42371,1.0,0.2,1.0,1.0,0.0,1.0,0.0,0.75
0.5,0.5,0.5,0.5,0.5,0.5,0.43449,0.8,0.46667,0.0,0.5,0.0,0.0,0.2,0.04,0.96769,0.0,0.6,1.0,0.9,0.6,0.5,0.0,0.97048,1.0,0.25,1.0,1.0,1.0,0.0,1.0,1.0,0.5,0.7,1.0,1.0,0.5,0.5,0.5,1.0,1.0,0.5,0.5,0.5,0.0,0.0,1.0,1.0,1.0,1.0,1.0,1.0,0.2,1.0,1.0,0.0,1.0,0.0,0.5
1.0,0.5,1.0,0.5,0.8,0.5,0.47613,0.8,0.5,0.0,0.5,0.0,1.0,0.2,0.04,0.0,0.99895,0.6,1.0,0.8,1.0,0.6,0.0,0.93627,1.0,0.5,1.0,1.0,1.0,0.0,1.0,1.0,1.0,0.7,1.0,1.0,0.5,0.5,0.5,1.0,1.0,0.5,0.5,0.5,0.0,0.0,1.0,1.0,1.0,1.0,1.0,1.0,0.2,1.0,1.0,0.0,1.0,1.0,1.0
0.0,0.5,1.0,0.5,0.8,0.5,0.48014,0.8,0.53333,0.0,0.5,0.0,1.0,0.2,0.04,0.0,0.99149,1.0,1.0,0.7,1.0,1.0,0.0,0.93301,1.0,0.5,1.0,1.0,1.0,0.0,1.0,1.0,1.0,0.7,1.0,1.0,0.5,0.5,0.5,1.0,1.0,0.5,0.5,0.5,0.0,0.0,1.0,1.0,1.0,1.0,1.0,1.0,0.2,1.0,1.0,0.0,1.0,1.0,1.0
0.0,0.0,1.0,1.0,0.8,0.8,0.48097,0.8,0.86667,0.0,0.5,0.0,0.0,0.08,0.04,0.98929,0.0,1.0,1.0,0.5,1.0,0.4,1.0,0.63613,1.0,0.25,1.0,1.0,1.0,0.0,1.0,1.0,1.0,0.7,1.0,1.0,0.5,0.5,0.5,1.0,1.0,0.5,0.5,0.5,0.0,0.0,1.0,1.0,1.0,1.0,1.0,1.0,0.2,1.0,1.0,0.0,1.0,0.0,1.0
0.0,0.0,0.0,0.0,0.8,0.8,0.48097,0.8,0.96667,0.0,0.5,0.0,0.0,0.08,0.04,0.99437,0.0,1.0,1.0,0.5,1.0,1.0,1.0,0.63613,1.0,0.25,1.0,1.0,1.0,0.0,1.0,1.0,1.0,0.7,1.0,1.0,0.5,0.5,0.5,1.0,1.0,0.5,0.5,0.5,0.0,0.0,1.0,1.0,1.0,1.0,1.0,1.0,0.2,1.0,1.0,0.0,1.0,1.0,1.0
0.5,0.5,0.5,0.5,0.5,0.5,0.25989,0.8,0.03333,0.0,0.5,0.0,0.0,0.2,0.0,0.5,0.5,0.5,0.5,0.5,0.5,0.5,0.5,0.0,0.0,0.25,1.0,1.0,1.0,0.0,0.0,0.5,0.5,0.5,1.0,1.0,0.5,0.5,0.5,1.0,1.0,0.5,0.5,0.5,0.5,0.5,1.0,0.5,0.5,0.5,0.5,0.5,0.4,1.0,1.0,1.0,1.0,0.5,0.5
0.5,0.5,0.5,0.5,0.5,0.5,7e-05,0.4,0.3,0.0,0.5,0.0,0.0,0.16,0.24,0.0,0.97807,1.0,1.0,0.9,1.0,0.5,1.0,0.88131,1.0,0.25,0.00058,0.00015,0.33333,0.0,0.62303,0.75,0.5,0.0,1.0,1.0,0.5,0.5,0.5,1.0,1.0,0.5,0.5,0.5,0.0,0.0,1.0,0.0,0.0,0.0,0.0,1.0,0.2,0.0,1.0,1.0,1.0,0.0,0.5
0.0,0.0,0.0,0.0,0.4,0.4,7e-05,0.4,0.36667,0.0,0.5,0.0,0.0,0.12,0.24,0.0,0.98045,1.0,1.0,0.9,1.0,1.0,1.0,0.88229,1.0,0.25,0.00054,0.00014,0.33333,0.0,0.6239,0.75,1.0,0.0,1.0,1.0,0.5,0.5,0.5,1.0,1.0,0.5,0.5,0.5,0.0,0.0,1.0,1.0,1.0,0.0,0.0,1.0,0.2,0.0,1.0,1.0,1.0,0.0,1.0
0.0,0.0,0.0,0.0,0.4,0.4,7e-05,0.4,0.43333,0.0,0.5,0.0,0.0,0.12,0.24,0.0,0.98423,1.0,1.0,0.9,1.0,1.0,1.0,0.88244,1.0,0.25,0.00053,0.00014,0.33333,0.0,0.62441,0.75,1.0,0.0,1.0,1.0,0.5,0.5,0.5,1.0,1.0,0.5,0.5,0.5,0.0,0.0,1.0,1.0,1.0,0.0,0.0,1.0,0.2,0.0,1.0,1.0,1.0,0.0,1.0
0.0,0.0,0.0,0.0,0.4,0.4,7e-05,0.4,0.5,0.0,0.5,0.0,0.0,0.12,0.24,0.0,0.98822,1.0,1.0,0.9,1.0,1.0,1.0,0.88246,1.0,0.25,0.00053,0.00014,0.33333,0.0,0.62472,0.75,1.0,0.0,1.0,1.0,0.5,0.5,0.5,1.0,1.0,0.5,0.5,0.5,0.0,0.0,1.0,1.0,1.0,0.0,0.0,1.0,0.2,0.0,1.0,1.0,1.0,0.0,1.0
0.0,0.0,0.0,0.0,0.4,0.4,7e-05,0.4,0.56667,0.0,0.5,0.0,0.0,0.08,0.24,0.0,0.99166,1.0,1.0,0.9,1.0,1.0,1.0,0.88247,1.0,0.25,0.00053,0.00014,0.33333,0.0,0.62492,0.75,1.0,0.0,1.0,1.0,0.5,0.5,0.5,1.0,1.0,0.5,0.5,0.5,0.0,0.0,1.0,1.0,1.0,0.0,0.0,1.0,0.2,0.0,1.0,1.0,1.0,0.0,1.0
0.0,0.0,0.0,0.0,0.4,0.4,3e-05,0.4,0.0,0.90909,0.5,0.0,0.0,0.08,0.24,0.0,0.99968,1.0,1.0,0.9,1.0,1.0,0.0,0.88245,1.0,0.25,0.00022,6e-05,0.33333,0.0,0.6252,0.75,1.0,0.0,1.0,1.0,0.5,0.5,0.5,1.0,1.0,0.5,0.5,0.5,0.0,0.0,1.0,1.0,1.0,0.0,0.0,1.0,0.2,0.0,1.0,1.0,1.0,0.0,1.0
0.0,0.0,0.0,0.0,0.4,0.4,3e-05,0.4,0.0,0.85714,0.5,0.0,0.0,0.08,0.24,0.0,0.99979,1.0,1.0,0.9,1.0,1.0,0.0,0.88245,1.0,0.25,0.00022,6e-05,0.33333,0.0,0.62521,0.75,1.0,0.0,1.0,1.0,0.5,0.5,0.5,1.0,1.0,0.5,0.5,0.5,0.0,0.0,1.0,1.0,1.0,0.0,0.0,1.0,0.2,0.0,1.0,1.0,1.0,0.0,1.0
0.0,0.0,0.0,0.0,0.4,0.4,3e-05,0.4,0.0,0.76923,0.5,0.0,0.0,0.08,0.24,0.0,0.99991,1.0,1.0,0.9,1.0,1.0,0.0,0.88245,1.0,0.25,0.00022,6e-05,0.33333,0.0,0.62521,0.75,1.0,0.0,1.0,1.0,0.5,0.5,0.5,1.0,1.0,0.5,0.5,0.5,0.0,0.0,1.0,1.0,1.0,0.0,0.0,1.0,0.2,0.0,1.0,1.0,1.0,0.0,1.0
0.5,0.5,0.5,0.5,0.5,0.5,0.00125,0.6,0.33333,0.0,0.5,0.0,0.0,0.12,0.2,0.0,0.96968,1.0,1.0,0.9,0.9,0.5,0.0,0.62693,1.0,0.25,0.04865,0.01243,0.66667,0.0,0.69404,0.5,0.5,0.0,1.0,1.0,0.5,0.5,0.5,1.0,1.0,0.5,0.5,0.5,0.0,0.0,1.0,1.0,1.0,1.0,0.45303,1.0,0.2,0.0,1.0,0.0,1.0,0.0,0.5
0.5,0.5,0.5,0.5,0.5,0.5,0.27752,1.0,0.06667,0.0,0.5,0.0,0.0,0.4,0.0,0.5,0.5,0.8,0.8,1.0,1.0,0.5,1.0,0.94561,1.0,0.25,1.0,1.0,1.0,0.0,1.0,0.75,0.5,0.7,1.0,1.0,0.5,0.5,0.5,1.0,1.0,0.5,0.5,0.5,0.5,0.5,1.0,1.0,1.0,0.5,0.5,0.5,0.4,1.0,1.0,1.0,1.0,0.0,0.5
0.5,0.5,0.5,0.5,0.5,0.5,0.35366,1.0,0.06667,0.0,0.5,0.0,0.0,0.2,0.0,0.5,0.5,1.0,1.0,1.0,1.0,0.5,1.0,0.78171,1.0,0.0,1.0,1.0,1.0,0.0,1.0,1.0,0.5,0.7,1.0,1.0,0.5,0.5,0.5,1.0,1.0,0.5,0.5,0.5,0.5,0.5,1.0,1.0,1.0,0.5,0.5,1.0,0.2,1.0,1.0,1.0,1.0,1.0,0.5
0.0,0.0,0.0,0.0,1.0,1.0,0.34764,1.0,0.16667,0.0,0.5,0.0,0.0,0.24,0.0,0.0,0.97432,1.0,1.0,1.0,1.0,1.0,1.0,0.75534,1.0,0.0,1.0,1.0,1.0,0.0,1.0,1.0,1.0,0.6,0.6,0.69458,1.0,0.5,0.32208,1.0,1.0,0.5,0.5,0.5,0.0,0.0,1.0,1.0,1.0,0.5,0.5,1.0,0.2,1.0,1.0,1.0,1.0,1.0,1.0
1.0,0.5,1.0,0.5,1.0,0.5,0.36989,1.0,0.2,0.0,0.5,0.0,1.0,0.24,0.0,0.0,0.99534,1.0,1.0,1.0,1.0,1.0,1.0,0.8551,1.0,0.0,1.0,1.0,1.0,0.0,1.0,1.0,1.0,0.5,0.6,0.74023,1.0,1.0,0.50588,1.0,1.0,0.5,0.5,0.5,0.0,0.0,1.0,1.0,1.0,0.5,0.5,1.0,0.2,1.0,1.0,1.0,1.0,1.0,0.75
1.0,0.5,1.0,0.5,1.0,0.5,0.39102,1.0,0.23333,0.0,0.5,0.0,1.0,0.2,0.0,0.99988,0.0,1.0,1.0,1.0,1.0,1.0,1.0,0.95559,1.0,0.0,1.0,1.0,1.0,0.0,1.0,1.0,1.0,0.5,0.6,0.78325,1.0,1.0,0.79106,1.0,1.0,0.5,0.5,0.5,0.0,0.0,1.0,1.0,1.0,0.5,0.5,1.0,0.2,1.0,1.0,1.0,1.0,1.0,0.75
1.0,0.5,1.0,0.5,1.0,0.5,0.40956,1.0,0.26667,0.0,0.5,0.0,1.0,0.16,0.0,0.99664,0.0,1.0,1.0,1.0,1.0,1.0,0.0,0.95277,1.0,0.0,1.0,1.0,1.0,0.0,1.0,1.0,1.0,0.5,0.6,0.82094,1.0,1.0,1.0,1.0,1.0,0.5,0.5,0.5,0.0,0.0,1.0,1.0,1.0,0.5,0.5,1.0,0.2,1.0,1.0,1.0,1.0,1.0,0.75
1.0,0.5,1.0,0.5,1.0,0.5,0.4253,1.0,0.3,0.0,0.5,0.0,1.0,0.16,0.0,0.9954,0.0,1.0,1.0,1.0,1.0,1.0,0.0,0.8775,1.0,0.0,1.0,1.0,1.0,0.0,1.0,1.0,1.0,0.6,0.6,0.8529,1.0,1.0,1.0,1.0,1.0,0.5,0.5,0.5,0.0,0.0,1.0,1.0,1.0,0.5,0.5,1.0,0.2,1.0,1.0,1.0,1.0,1.0,0.75
1.0,0.5,1.0,0.5,1.0,0.5,0.43842,1.0,0.33333,0.0,0.5,0.0,1.0,0.16,0.0,0.0,0.99997,1.0,1.0,1.0,1.0,1.0,0.0,0.81711,1.0,0.0,1.0,1.0,1.0,0.0,1.0,1.0,1.0,0.7,0.6,0.87952,1.0,1.0,1.0,1.0,1.0,0.5,0.5,0.5,0.0,0.0,1.0,1.0,1.0,0.5,0.5,1.0,0.2,1.0,1.0,1.0,1.0,1.0,0.75
1.0,0.5,1.0,0.5,1.0,0.5,0.44926,1.0,0.36667,0.0,0.5,0.0,1.0,0.16,0.0,0.0,0.99852,1.0,1.0,1.0,1.0,1.0,0.0,0.76887,1.0,0.0,1.0,1.0,1.0,0.0,1.0,1.0,1.0,0.7,0.6,0.90148,1.0,1.0,1.0,1.0,1.0,0.5,0.5,0.5,0.0,0.0,1.0,1.0,1.0,0.5,0.5,1.0,0.2,1.0,1.0,1.0,1.0,1.0,0.75
0.0,0.5,1.0,0.5,1.0,0.5,0.45816,1.0,0.4,0.0,0.5,0.0,1.0,0.16,0.0,0.0,0.99828,1.0,1.0,1.0,1.0,1.0,0.0,0.73035,1.0,0.0,1.0,1.0,1.0,0.0,1.0,1.0,1.0,0.7,0.6,0.91949,1.0,1.0,1.0,1.0,1.0,0.5,0.5,0.5,0.0,0.0,1.0,1.0,1.0,0.5,0.5,1.0,0.2,1.0,1.0,1.0,1.0,1.0,0.75
0.0,0.5,1.0,0.5,1.0,0.5,0.46544,1.0,0.43333,0.0,0.5,0.0,1.0,0.16,0.0,0.0,0.99844,1.0,1.0,1.0,1.0,1.0,0.0,0.69955,1.0,0.0,1.0,1.0,1.0,0.0,1.0,1.0,1.0,0.7,0.6,0.93423,1.0,1.0,1.0,1.0,1.0,0.5,0.5,0.5,0.0,0.0,1.0,1.0,1.0,0.5,0.5,1.0,0.2,1.0,1.0,1.0,1.0,1.0,0.75
0.0,0.5,1.0,0.5,1.0,0.5,0.4714,1.0,0.46667,0.0,0.5,0.0,1.0,0.12,0.0,0.0,0.99869,1.0,1.0,1.0,1.0,1.0,0.0,0.67485,1.0,0.0,1.0,1.0,1.0,0.0,1.0,1.0,1.0,0.7,0.6,0.94626,1.0,1.0,1.0,1.0,1.0,0.5,0.5,0.5,0.0,0.0,1.0,1.0,1.0,0.5,0.5,1.0,0.2,1.0,1.0,1.0,1.0,1.0,0.75
0.0,0.5,1.0,0.5,1.0,0.5,0.47627,1.0,0.5,0.0,0.5,0.0,1.0,0.12,0.0,0.0,0.99893,1.0,1.0,1.0,1.0,1.0,0.0,0.655,1.0,0.0,1.0,1.0,1.0,0.0,1.0,1.0,1.0,0.7,0.6,0.95609,1.0,1.0,1.0,1.0,1.0,0.5,0.5,0.5,0.0,0.0,1.0,1.0,1.0,0.5,0.5,1.0,0.2,1.0,1.0,1.0,1.0,1.0,0.75
0.0,0.0,1.0,1.0,1.0,1.0,0.49867,1.0,0.93333,0.0,0.5,0.0,0.0,0.12,0.04,0.0,0.99988,1.0,1.0,1.0,1.0,1.0,1.0,0.5675,1.0,0.0,1.0,1.0,1.0,0.0,1.0,1.0,1.0,0.7,1.0,1.0,0.5,1.0,0.5,1.0,1.0,0.5,0.5,0.5,0.0,0.0,1.0,1.0,1.0,1.0,0.21424,1.0,0.2,1.0,1.0,0.0,1.0,0.0,0.75
0.5,0.5,0.5,0.5,0.5,0.5,0.16488,0.6,0.1,0.0,0.5,0.0,0.0,0.36,0.12,0.42581,0.0,0.5,0.6,0.5,0.8,0.5,0.0,0.66161,1.0,0.5,1.0,1.0,1.0,0.0,1.0,0.75,0.5,0.7,1.0,1.0,0.5,0.5,0.5,1.0,1.0,0.5,0.5,0.5,0.0,0.0,1.0,1.0,1.0,0.5,0.5,1.0,0.2,1.0,1.0,1.0,1.0,1.0,0.5
0.0,0.0,0.0,0.0,0.2,0.3,0.0,0.3,0.16667,0.0,0.5,0.0,0.0,0.12,0.24,0.94575,0.0,0.8,1.0,0.5,1.0,0.8,0.0,0.80844,1.0,0.5,0.0,0.0,0.5,0.0,0.44444,0.5,0.5,1.0,1.0,1.0,0.5,0.20654,0.5,1.0,1.0,0.5,0.5,0.5,0.0,0.0,1.0,1.0,1.0,0.5,0.5,1.0,0.0,0.0,1.0,1.0,1.0,0.0,0.0
1.0,0.5,1.0,0.5,0.4,0.5,0.0,0.4,0.2,0.0,0.5,0.0,1.0,0.08,0.2,0.93301,0.0,1.0,1.0,0.5,1.0,1.0,0.0,0.0001,0.00025,0.0,1.0,1.0,1.0,0.0,1.0,1.0,0.5,0.0,1.0,1.0,0.5,0.20654,0.5,1.0,1.0,0.5,0.5,0.5,0.0,0.0,1.0,1.0,1.0,0.5,0.5,1.0,0.2,1.0,1.0,1.0,1.0,0.0,0.0
1.0,0.5,1.0,0.5,0.6,0.5,0.0,0.6,0.23333,0.0,0.5,0.0,1.0,0.08,0.2,0.96596,0.0,0.8,1.0,0.5,1.0,0.8,0.0,0.0001,0.00025,0.25,1.0,1.0,1.0,0.0,0.5,1.0,0.75,0.0,1.0,1.0,0.5,0.20654,0.5,1.0,1.0,0.5,0.5,0.5,0.0,0.0,1.0,1.0,1.0,0.5,0.5,1.0,0.2,0.0,1.0,1.0,1.0,0.0,1.0
0.0,0.5,0.0,0.5,0.5,0.5,0.0,0.5,0.26667,0.0,0.5,0.0,1.0,0.08,0.2,0.0,0.97978,1.0,1.0,0.5,1.0,1.0,1.0,0.54693,1.0,0.25,0.0,0.0,0.66667,0.0,0.53206,1.0,0.5,0.0,1.0,1.0,0.5,0.20654,0.5,1.0,1.0,0.5,0.5,0.5,0.0,0.0,1.0,1.0,1.0,0.5,0.5,1.0,0.2,0.0,1.0,1.0,1.0,0.0,1.0
1.0,0.5,1.0,0.5,0.6,0.5,0.0,0.6,0.3,0.0,0.5,0.0,1.0,0.08,0.24,0.0,0.93084,0.9,1.0,0.6,1.0,0.9,0.0,0.0001,0.00025,0.75,0.0,0.0,0.0,0.0,0.70802,1.0,0.5,0.0,1.0,1.0,0.5,0.20654,0.5,1.0,1.0,0.5,0.5,0.5,0.0,0.0,1.0,1.0,1.0,0.5,0.5,1.0,0.2,0.0,1.0,1.0,1.0,0.0,1.0
0.0,0.5,0.0,0.5,0.6,0.5,0.0,0.6,0.33333,0.0,0.5,0.0,1.0,0.08,0.24,0.0,0.93948,1.0,1.0,0.6,1.0,1.0,0.0,0.0001,0.00025,0.75,0.0,0.0,0.0,0.0,0.71192,1.0,1.0,0.0,1.0,1.0,0.5,0.20654,0.5,1.0,1.0,0.5,0.5,0.5,0.0,0.0,1.0,1.0,1.0,0.5,0.5,1.0,0.2,0.0,1.0,1.0,1.0,0.0,1.0
0.0,0.5,1.0,0.5,0.6,0.5,0.0,0.6,0.36667,0.0,0.5,0.0,1.0,0.08,0.24,0.0,0.94829,1.0,1.0,0.7,1.0,1.0,0.0,0.0001,0.00025,0.75,0.0,0.0,0.0,0.0,0.7143,1.0,1.0,0.0,1.0,1.0,0.5,0.20654,0.5,1.0,1.0,0.5,0.5,0.5,0.0,0.0,1.0,1.0,1.0,0.5,0.5,1.0,0.2,0.0,1.0,1.0,1.0,0.0,1.0
0.0,0.5,0.0,0.5,0.6,0.5,0.0,0.6,0.4,0.0,0.5,0.0,1.0,0.04,0.24,0.0,0.95977,1.0,1.0,0.7,1.0,1.0,0.0,0.0001,0.00025,0.75,0.0,0.0,0.0,0.0,0.71589,1.0,1.0,0.0,1.0,1.0,0.5,0.20654,0.5,1.0,1.0,0.5,0.5,0.5,0.0,0.0,1.0,1.0,1.0,0.5,0.5,1.0,0.2,0.0,1.0,1.0,1.0,0.0,1.0
1.0,0.5,1.0,0.5,0.6,0.5,0.0,0.6,0.43333,0.0,0.5,0.0,1.0,0.04,0.24,0.0,0.97012,1.0,1.0,0.7,1.0,1.0,0.0,0.0001,0.00025,0.75,0.0,0.0,0.0,0.0,0.71702,1.0,1.0,0.0,1.0,1.0,0.5,0.20654,0.5,1.0,1.0,0.5,0.5,0.5,0.0,0.0,1.0,1.0,1.0,0.5,0.5,1.0,0.2,0.0,1.0,1.0,1.0,0.0,1.0
0.0,0.5,0.0,0.5,0.6,0.5,0.0,0.6,0.46667,0.0,0.5,0.0,1.0,0.04,0.24,0.0,0.9786,1.0,1.0,0.7,1.0,1.0,0.0,0.0001,0.00025,0.75,0.0,0.0,0.0,0.0,0.71786,1.0,1.0,0.0,1.0,1.0,0.5,0.20654,0.5,1.0,1.0,0.5,0.5,0.5,0.0,0.0,1.0,1.0,1.0,0.5,0.5,1.0,0.2,0.0,1.0,1.0,1.0,0.0,1.0
0.0,0.5,1.0,0.5,0.6,0.5,0.0,0.6,0.5,0.0,0.5,0.0,1.0,0.04,0.24,0.0,0.98275,1.0,1.0,0.7,1.0,1.0,0.0,0.0001,0.00025,0.75,0.0,0.0,0.0,0.0,0.71851,1.0,1.0,0.0,1.0,1.0,0.5,0.20654,0.5,1.0,1.0,0.5,0.5,0.5,0.0,0.0,1.0,1.0,1.0,0.5,0.5,1.0,0.2,0.0,1.0,1.0,1.0,0.0,1.0
1.0,0.5,1.0,0.5,0.6,0.5,0.0,0.6,0.53333,0.0,0.5,0.0,1.0,0.04,0.24,0.0,0.98606,1.0,1.0,0.7,1.0,1.0,0.0,0.0001,0.00025,0.75,0.0,0.0,0.0,0.0,0.71901,1.0,1.0,0.0,1.0,1.0,0.5,0.20654,0.5,1.0,1.0,0.5,0.5,0.5,0.0,0.0,1.0,1.0,1.0,0.5,0.5,1.0,0.2,0.0,1.0,1.0,1.0,0.0,1.0
0.0,0.5,0.0,0.5,0.6,0.5,0.0,0.6,0.56667,0.0,0.5,0.0,1.0,0.04,0.24,0.0,0.98869,1.0,1.0,0.7,1.0,1.0,0.0,0.0001,0.00025,0.75,0.0,0.0,0.0,0.0,0.71941,1.0,1.0,0.0,1.0,1.0,0.5,0.20654,0.5,1.0,1.0,0.5,0.5,0.5,0.0,0.0,1.0,1.0,1.0,0.5,0.5,1.0,0.2,0.0,1.0,1.0,1.0,0.0,1.0
0.0,0.5,0.0,0.5,0.6,0.5,0.0,0.6,0.6,0.0,0.5,0.0,1.0,0.04,0.24,0.0,0.9908,1.0,1.0,0.7,1.0,1.0,0.0,0.0001,0.00025,0.75,0.0,0.0,0.0,0.0,0.71972,1.0,1.0,0.0,1.0,1.0,0.5,0.20654,0.5,1.0,1.0,0.5,0.5,0.5,0.0,0.0,1.0,1.0,1.0,0.5,0.5,1.0,0.2,0.0,1.0,1.0,1.0,0.0,1.0
1.0,0.5,1.0,0.5,0.6,0.5,0.0,0.6,0.63333,0.0,0.5,0.0,1.0,0.04,0.24,0.0,0.99251,1.0,1.0,0.7,1.0,1.0,0.0,0.0001,0.00025,0.75,0.0,0.0,0.0,0.0,0.71997,1.0,1.0,0.0,1.0,1.0,0.5,0.20654,0.5,1.0,1.0,0.5,0.5,0.5,0.0,0.0,1.0,1.0,1.0,0.5,0.5,1.0,0.2,0.0,1.0,1.0,1.0,0.0,1.0
0.0,0.5,0.0,0.5,0.6,0.5,0.0,0.6,0.66667,0.0,0.5,0.0,1.0,0.04,0.24,0.0,0.99391,1.0,1.0,0.7,1.0,1.0,0.0,0.0001,0.00025,0.75,0.0,0.0,0.0,0.0,0.72016,1.0,1.0,0.0,1.0,1.0,0.5,0.20654,0.5,1.0,1.0,0.5,0.5,0.5,0.0,0.0,1.0,1.0,1.0,0.5,0.5,1.0,0.2,0.0,1.0,1.0,1.0,0.0,1.0
1.0,0.5,1.0,0.5,0.6,0.5,0.0,0.6,0.7,0.0,0.5,0.0,1.0,0.04,0.24,0.0,0.99504,1.0,1.0,0.7,1.0,1.0,0.0,0.0001,0.00025,0.75,0.0,0.0,0.0,0.0,0.72032,1.0,1.0,0.0,1.0,1.0,0.5,0.20654,0.5,1.0,1.0,0.5,0.5,0.5,0.0,0.0,1.0,1.0,1.0,0.5,0.5,1.0,0.2,0.0,1.0,1.0,1.0,0.0,1.0
0.0,0.5,1.0,0.5,0.6,0.5,0.0,0.6,0.73333,0.0,0.5,0.0,1.0,0.04,0.24,0.0,0.99597,1.0,1.0,0.7,1.0,1.0,0.0,0.0001,0.00025,0.75,0.0,0.0,0.0,0.0,0.72044,1.0,1.0,0.0,1.0,1.0,0.5,0.20654,0.5,1.0,1.0,0.5,0.5,0.5,0.0,0.0,1.0,1.0,1.0,0.5,0.5,1.0,0.2,0.0,1.0,1.0,1.0,0.0,1.0
0.0,0.5,1.0,0.5,0.6,0.5,0.0,0.6,0.76667,0.0,0.5,0.0,1.0,0.04,0.24,0.0,0.99672,1.0,1.0,0.7,1.0,1.0,0.0,0.0001,0.00025,0.75,0.0,0.0,0.0,0.0,0.72054,1.0,1.0,0.0,1.0,1.0,0.5,0.20654,0.5,1.0,1.0,0.5,0.5,0.5,0.0,0.0,1.0,1.0,1.0,0.5,0.5,1.0,0.2,0.0,1.0,1.0,1.0,0.0,1.0
0.0,0.5,1.0,0.5,0.6,0.5,0.0,0.6,0.8,0.0,0.5,0.0,1.0,0.04,0.24,0.0,0.99734,1.0,1.0,0.7,1.0,1.0,0.0,0.0001,0.00025,0.75,0.0,0.0,0.0,0.0,0.72062,1.0,1.0,0.0,1.0,1.0,0.5,0.20654,0.5,1.0,1.0,0.5,0.5,0.5,0.0,0.0,1.0,1.0,1.0,0.5,0.5,1.0,0.2,0.0,1.0,1.0,1.0,0.0,1.0
1.0,0.5,1.0,0.5,0.6,0.5,0.0,0.6,0.83333,0.0,0.5,0.0,1.0,0.04,0.24,0.0,0.99784,1.0,1.0,0.7,1.0,1.0,0.0,0.0001,0.00025,0.75,0.0,0.0,0.0,0.0,0.72068,1.0,1.0,0.0,1.0,1.0,0.5,0.20654,0.5,1.0,1.0,0.5,0.5,0.5,0.0,0.0,1.0,1.0,1.0,0.5,0.5,1.0,0.2,0.0,1.0,1.0,1.0,0.0,1.0
0.0,0.5,0.0,0.5,0.6,0.5,0.0,0.6,0.86667,0.0,0.5,0.0,1.0,0.04,0.24,0.0,0.99825,1.0,1.0,0.7,1.0,1.0,0.0,0.0001,0.00025,0.75,0.0,0.0,0.0,0.0,0.72074,1.0,1.0,0.0,1.0,1.0,0.5,0.20654,0.5,1.0,1.0,0.5,0.5,0.5,0.0,0.0,1.0,1.0,1.0,0.5,0.5,1.0,0.2,0.0,1.0,1.0,1.0,0.0,1.0
0.0,0.5,0.0,0.5,0.6,0.5,0.0,0.6,0.9,0.0,0.5,0.0,1.0,0.04,0.24,0.0,0.99858,1.0,1.0,0.7,1.0,1.0,0.0,0.0001,0.00025,0.75,0.0,0.0,0.0,0.0,0.72078,1.0,1.0,0.0,1.0,1.0,0.5,0.20654,0.5,1.0,1.0,0.5,0.5,0.5,0.0,0.0,1.0,1.0,1.0,0.5,0.5,1.0,0.2,0.0,1.0,1.0,1.0,0.0,1.0
1.0,0.5,1.0,0.5,0.6,0.5,0.0,0.6,0.93333,0.0,0.5,0.0,1.0,0.04,0.24,0.0,0.99885,1.0,1.0,0.7,1.0,1.0,0.0,0.0001,0.00025,0.75,0.0,0.0,0.0,0.0,0.72081,1.0,1.0,0.0,1.0,1.0,0.5,0.20654,0.5,1.0,1.0,0.5,0.5,0.5,0.0,0.0,1.0,1.0,1.0,0.5,0.5,1.0,0.2,0.0,1.0,1.0,1.0,0.0,1.0
1.0,0.5,1.0,0.5,0.6,0.5,0.0,0.6,0.96667,0.0,0.5,0.0,1.0,0.04,0.24,0.0,0.99907,1.0,1.0,0.7,1.0,1.0,0.0,0.0001,0.00025,0.75,0.0,0.0,0.0,0.0,0.72083,1.0,1.0,0.0,1.0,1.0,0.5,0.20654,0.5,1.0,1.0,0.5,0.5,0.5,0.0,0.0,1.0,1.0,1.0,0.5,0.5,1.0,0.2,0.0,1.0,1.0,1.0,0.0,1.0
0.0,0.5,0.0,0.5,0.6,0.5,0.0,0.6,1.0,0.0,0.5,0.0,1.0,0.04,0.24,0.0,0.99925,1.0,1.0,0.7,1.0,1.0,0.0,0.0001,0.00025,0.75,0.0,0.0,0.0,0.0,0.72085,1.0,1.0,0.0,1.0,1.0,0.5,0.20654,0.5,1.0,1.0,0.5,0.5,0.5,0.0,0.0,1.0,1.0,1.0,0.5,0.5,1.0,0.2,0.0,1.0,1.0,1.0,0.0,1.0
0.0,0.5,0.0,0.5,0.6,0.5,0.0,0.6,0.0,0.96774,0.5,0.0,1.0,0.04,0.24,0.0,0.99939,1.0,1.0,0.7,1.0,1.0,0.0,0.0001,0.00025,0.75,0.0,0.0,0.0,0.0,0.72087,1.0,1.0,0.0,1.0,1.0,0.5,0.20654,0.5,1.0,1.0,0.5,0.5,0.5,0.0,0.0,1.0,1.0,1.0,0.5,0.5,1.0,0.2,0.0,1.0,1.0,1.0,0.0,1.0
1.0,0.5,1.0,0.5,0.6,0.5,0.0,0.6,0.0,0.9375,0.5,0.0,1.0,0.04,0.24,0.0,0.99951,1.0,1.0,0.7,1.0,1.0,0.0,0.0001,0.00025,0.75,0.0,0.0,0.0,0.0,0.72088,1.0,1.0,0.0,1.0,1.0,0.5,0.20654,0.5,1.0,1.0,0.5,0.5,0.5,0.0,0.0,1.0,1.0,1.0,0.5,0.5,1.0,0.2,0.0,1.0,1.0,1.0,0.0,1.0
0.0,0.5,0.0,0.5,0.6,0.5,0.0,0.6,0.0,0.90909,0.5,0.0,1.0,0.04,0.24,0.0,0.9996,1.0,1.0,0.7,1.0,1.0,0.0,0.0001,0.00025,0.75,0.0,0.0,0.0,0.0,0.72089,1.0,1.0,0.0,1.0,1.0,0.5,0.20654,0.5,1.0,1.0,0.5,0.5,0.5,0.0,0.0,1.0,1.0,1.0,0.5,0.5,1.0,0.2,0.0,1.0,1.0,1.0,0.0,1.0
0.0,0.5,1.0,0.5,0.6,0.5,0.0,0.6,0.0,0.88235,0.5,0.0,1.0,0.04,0.24,0.0,0.99968,1.0,1.0,0.7,1.0,1.0,0.0,0.0001,0.00025,0.75,0.0,0.0,0.0,0.0,0.7209,1.0,1.0,0.0,1.0,1.0,0.5,0.20654,0.5,1.0,1.0,0.5,0.5,0.5,0.0,0.0,1.0,1.0,1.0,0.5,0.5,1.0,0.2,0.0,1.0,1.0,1.0,0.0,1.0
0.0,0.5,1.0,0.5,0.6,0.5,0.0,0.6,0.0,0.85714,0.5,0.0,1.0,0.04,0.24,0.0,0.99974,1.0,1.0,0.7,1.0,1.0,0.0,0.0001,0.00025,0.75,0.0,0.0,0.0,0.0,0.72091,1.0,1.0,0.0,1.0,1.0,0.5,0.20654,0.5,1.0,1.0,0.5,0.5,0.5,0.0,0.0,1.0,1.0,1.0,0.5,0.5,1.0,0.2,0.0,1.0,1.0,1.0,0.0,1.0
0.0,0.5,0.0,0.5,0.6,0.5,0.0,0.6,0.0,0.83333,0.5,0.0,1.0,0.04,0.24,0.0,0.99979,1.0,1.0,0.7,1.0,1.0,0.0,0.0001,0.00025,0.75,0.0,0.0,0.0,0.0,0.72092,1.0,1.0,0.0,1.0,1.0,0.5,0.20654,0.5,1.0,1.0,0.5,0.5,0.5,0.0,0.0,1.0,1.0,1.0,0.5,0.5,1.0,0.2,0.0,1.0,1.0,1.0,0.0,1.0
0.0,0.5,1.0,0.5,0.6,0.5,0.0,0.6,0.0,0.81081,0.5,0.0,1.0,0.04,0.24,0.0,0.99983,1.0,1.0,0.7,1.0,1.0,0.0,0.0001,0.00025,0.75,0.0,0.0,0.0,0.0,0.72092,1.0,1.0,0.0,1.0,1.0,0.5,0.20654,0.5,1.0,1.0,0.5,0.5,0.5,0.0,0.0,1.0,1.0,1.0,0.5,0.5,1.0,0.2,0.0,1.0,1.0,1.0,0.0,1.0
0.0,0.5,0.0,0.5,0.6,0.5,0.0,0.6,0.0,0.78947,0.5,0.0,1.0,0.04,0.24,0.0,0.99986,1.0,1.0,0.7,1.0,1.0,0.0,0.0001,0.00025,0.75,0.0,0.0,0.0,0.0,0.72092,1.0,1.0,0.0,1.0,1.0,0.5,0.20654,0.5,1.0,1.0,0.5,0.5,0.5,0.0,0.0,1.0,1.0,1.0,0.5,0.5,1.0,0.2,0.0,1.0,1.0,1.0,0.0,1.0
0.0,0.5,0.0,0.5,0.6,0.5,0.0,0.6,0.0,0.76923,0.5,0.0,1.0,0.04,0.24,0.0,0.99989,1.0,1.0,0.7,1.0,1.0,0.0,0.0001,0.00025,0.75,0.0,0.0,0.0,0.0,0.72093,1.0,1.0,0.0,1.0,1.0,0.5,0.20654,0.5,1.0,1.0,0.5,0.5,0.5,0.0,0.0,1.0,1.0,1.0,0.5,0.5,1.0,0.2,0.0,1.0,1.0,1.0,0.0,1.0
0.0,0.5,0.0,0.5,0.6,0.5,0.0,0.6,0.0,0.75,0.5,0.0,1.0,0.04,0.24,0.0,0.99991,1.0,1.0,0.7,1.0,1.0,0.0,0.0001,0.00025,0.75,0.0,0.0,0.0,0.0,0.72093,1.0,1.0,0.0,1.0,1.0,0.5,0.20654,0.5,1.0,1.0,0.5,0.5,0.5,0.0,0.0,1.0,1.0,1.0,0.5,0.5,1.0,0.2,0.0,1.0,1.0,1.0,0.0,1.0
0.5,0.5,0.5,0.5,0.5,0.5,0.28595,1.0,0.03333,0.0,0.5,0.0,0.0,0.2,0.0,0.5,0.5,0.5,0.5,0.5,0.5,0.5,0.5,0.0,0.0,0.25,1.0,1.0,1.0,0.0,0.0,0.5,0.5,0.5,1.0,1.0,0.5,0.5,0.5,1.0,1.0,0.5,0.5,0.5,0.5,0.5,1.0,0.5,0.5,0.5,0.5,0.5,0.4,1.0,1.0,1.0,1.0,0.5,0.5
0.0,0.0,0.0,0.0,0.8,0.2,0.02062,0.2,0.13333,0.0,0.5,0.0,0.0,0.32,0.08,0.75491,0.0,1.0,1.0,0.9,1.0,0.8,1.0,0.98564,1.0,0.5,0.15901,0.1087,0.0,0.0,0.97102,1.0,0.25,0.0,0.6,0.38907,0.31328,0.5,0.31328,1.0,1.0,0.5,0.5,0.5,0.0,0.0,1.0,1.0,1.0,0.5,0.5,1.0,0.2,0.0,1.0,1.0,1.0,0.0,1.0
0.0,0.0,0.0,0.0,0.2,0.4,0.00348,0.4,0.2,0.0,0.5,0.0,0.0,0.32,0.2,0.92163,0.0,1.0,1.0,0.7,1.0,0.8,1.0,0.92497,1.0,0.25,0.03139,0.01182,0.33333,0.0,0.94234,0.5,0.75,0.0,1.0,1.0,0.5,0.5,0.5,1.0,1.0,0.5,0.5,0.5,0.0,0.0,1.0,1.0,1.0,0.5,0.5,1.0,0.2,0.0,1.0,1.0,1.0,0.0,1.0
0.0,0.0,1.0,1.0,0.6,0.6,0.00432,0.6,0.26667,0.0,0.5,0.0,0.0,0.2,0.2,0.0,0.96789,1.0,1.0,0.7,1.0,1.0,0.0,0.88982,1.0,0.25,0.05528,0.01401,0.66667,0.0,0.92698,1.0,1.0,0.0,1.0,1.0,0.5,0.5,0.5,1.0,1.0,0.5,0.5,0.5,0.0,0.0,1.0,1.0,1.0,0.5,0.5,1.0,0.2,0.0,1.0,1.0,1.0,0.0,1.0
1.0,1.0,1.0,1.0,0.6,0.6,0.00446,0.6,0.33333,0.0,0.5,0.0,0.0,0.12,0.2,0.0,0.97075,1.0,1.0,0.7,1.0,1.0,0.0,0.87614,1.0,0.25,0.05913,0.01501,0.66667,0.0,0.92712,1.0,1.0,0.0,1.0,1.0,0.5,0.5,0.5,1.0,1.0,0.5,0.5,0.5,0.0,0.0,1.0,1.0,1.0,0.5,0.5,1.0,0.2,0.0,1.0,1.0,1.0,0.0,1.0
0.0,0.0,1.0,1.0,0.6,0.6,0.00448,0.6,0.4,0.0,0.5,0.0,0.0,0.08,0.2,0.0,0.97919,1.0,1.0,0.7,1.0,1.0,0.0,0.87447,1.0,0.25,0.0596,0.01513,0.66667,0.0,0.9272,1.0,1.0,0.0,1.0,1.0,0.5,0.5,0.5,1.0,1.0,0.5,0.5,0.5,0.0,0.0,1.0,1.0,1.0,0.5,0.5,1.0,0.2,0.0,1.0,1.0,1.0,0.0,1.0
0.5,0.5,0.5,0.5,0.5,0.5,0.00365,0.4,0.26667,0.0,0.5,0.0,0.0,0.12,0.2,0.9919,0.0,1.0,1.0,0.7,0.9,0.5,1.0,0.92033,1.0,0.25,0.04292,0.01171,0.33333,0.0,0.75,0.5,0.5,0.0,1.0,1.0,0.5,0.5,0.5,1.0,1.0,0.5,0.5,0.5,0.0,0.0,1.0,1.0,1.0,0.5,0.5,1.0,0.2,0.0,1.0,1.0,1.0,0.0,0.5
0.0,0.5,1.0,0.5,0.4,0.5,0.00372,0.4,0.3,0.0,0.5,0.0,1.0,0.12,0.2,0.0,0.98252,1.0,1.0,0.9,1.0,1.0,0.0,0.88488,1.0,0.25,0.04736,0.01301,0.33333,0.0,0.75,1.0,1.0,0.0,1.0,1.0,0.5,0.5,0.5,1.0,1.0,0.5,0.5,0.5,0.0,0.0,1.0,1.0,1.0,0.5,0.5,1.0,0.2,0.0,1.0,1.0,1.0,0.0,1.0
0.0,0.5,1.0,0.5,0.4,0.5,0.00373,0.4,0.33333,0.0,0.5,0.0,1.0,0.12,0.2,0.0,0.98176,1.0,1.0,0.9,1.0,1.0,0.0,0.87318,1.0,0.25,0.04893,0.01347,0.33333,0.0,0.75,1.0,1.0,0.0,1.0,1.0,0.5,0.5,0.5,1.0,1.0,0.5,0.5,0.5,0.0,0.0,1.0,1.0,1.0,0.5,0.5,1.0,0.2,0.0,1.0,1.0,1.0,0.0,1.0
0.0,0.5,1.0,0.5,0.4,0.5,0.00374,0.4,0.36667,0.0,0.5,0.0,1.0,0.12,0.2,0.0,0.97989,1.0,1.0,0.9,1.0,1.0,0.0,0.86917,1.0,0.25,0.04948,0.01363,0.33333,0.0,0.75,1.0,1.0,0.0,1.0,1.0,0.5,0.5,0.5,1.0,1.0,0.5,0.5,0.5,0.0,0.0,1.0,1.0,1.0,0.5,0.5,1.0,0.2,0.0,1.0,1.0,1.0,0.0,1.0
0.0,0.5,1.0,0.5,0.4,0.5,0.00374,0.4,0.4,0.0,0.5,0.0,1.0,0.12,0.2,0.0,0.98081,1.0,1.0,0.9,1.0,1.0,0.0,0.86775,1.0,0.25,0.04967,0.01369,0.33333,0.0,0.75,1.0,1.0,0.0,1.0,1.0,0.5,0.5,0.5,1.0,1.0,0.5,0.5,0.5,0.0,0.0,1.0,1.0,1.0,0.5,0.5,1.0,0.2,0.0,1.0,1.0,1.0,0.0,1.0
0.0,0.5,1.0,0.5,0.4,0.5,0.00374,0.4,0.43333,0.0,0.5,0.0,1.0,0.12,0.2,0.0,0.98327,1.0,1.0,0.9,1.0,1.0,0.0,0.86723,1.0,0.25,0.04974,0.01371,0.33333,0.0,0.75,1.0,1.0,0.0,1.0,1.0,0.5,0.5,0.5,1.0,1.0,0.5,0.5,0.5,0.0,0.0,1.0,1.0,1.0,0.5,0.5,1.0,0.2,0.0,1.0,1.0,1.0,0.0,1.0
0.0,0.5,0.0,0.5,0.4,0.5,0.00374,0.4,0.46667,0.0,0.5,0.0,1.0,0.12,0.2,0.0,0.98487,1.0,1.0,0.9,1.0,1.0,0.0,0.86596,1.0,0.25,0.04992,0.01371,0.33333,0.0,0.75,1.0,1.0,0.0,1.0,1.0,0.5,0.5,0.5,1.0,1.0,0.5,0.5,0.5,0.0,0.0,1.0,1.0,1.0,0.5,0.5,1.0,0.2,0.0,1.0,1.0,1.0,0.0,1.0
0.0,0.5,0.0,0.5,0.4,0.5,0.00374,0.4,0.5,0.0,0.5,0.0,1.0,0.08,0.2,0.0,0.98593,1.0,1.0,0.9,1.0,1.0,0.0,0.86444,1.0,0.25,0.05015,0.01372,0.33333,0.0,0.75,1.0,1.0,0.0,1.0,1.0,0.5,0.5,0.5,1.0,1.0,0.5,0.5,0.5,0.0,0.0,1.0,1.0,1.0,0.5,0.5,1.0,0.2,0.0,1.0,1.0,1.0,0.0,1.0
0.0,0.5,0.0,0.5,0.4,0.5,0.00373,0.4,0.53333,0.0,0.5,0.0,1.0,0.08,0.2,0.0,0.98622,1.0,1.0,0.9,1.0,1.0,0.0,0.86194,1.0,0.25,0.05052,0.01372,0.33333,0.0,0.75,1.0,1.0,0.0,1.0,1.0,0.5,0.5,0.5,1.0,1.0,0.5,0.5,0.5,0.0,0.0,1.0,1.0,1.0,0.5,0.5,1.0,0.2,0.0,1.0,1.0,1.0,0.0,1.0
0.0,0.5,0.0,0.5,0.4,0.5,0.00373,0.4,0.56667,0.0,0.5,0.0,1.0,0.08,0.2,0.0,0.98924,1.0,1.0,0.9,1.0,1.0,0.0,0.86107,1.0,0.25,0.05066,0.01373,0.33333,0.0,0.75,1.0,1.0,0.0,1.0,1.0,0.5,0.5,0.5,1.0,1.0,0.5,0.5,0.5,0.0,0.0,1.0,1.0,1.0,0.5,0.5,1.0,0.2,0.0,1.0,1.0,1.0,0.0,1.0
0.0,0.5,1.0,0.5,0.4,0.5,0.00373,0.4,0.6,0.0,0.5,0.0,1.0,0.08,0.2,0.0,0.99173,1.0,1.0,0.9,1.0,1.0,0.0,0.86076,1.0,0.25,0.05072,0.01373,0.33333,0.0,0.75,1.0,1.0,0.0,1.0,1.0,0.5,0.5,0.5,1.0,1.0,0.5,0.5,0.5,0.0,0.0,1.0,1.0,1.0,0.5,0.5,1.0,0.2,0.0,1.0,1.0,1.0,0.0,1.0
0.0,0.5,1.0,0.5,0.4,0.5,0.00373,0.4,0.63333,0.0,0.5,0.0,1.0,0.08,0.2,0.0,0.99371,0.9,1.0,1.0,1.0,0.9,0.0,0.83599,1.0,0.75,0.02709,0.01373,0.0,0.0,0.5,1.0,0.5,0.5,1.0,1.0,0.5,0.5,0.5,1.0,1.0,0.5,0.5,0.5,0.0,0.0,1.0,1.0,1.0,0.5,0.5,1.0,0.2,0.0,1.0,1.0,1.0,0.0,1.0
0.0,0.5,1.0,0.5,0.4,0.5,0.00373,0.4,0.66667,0.0,0.5,0.0,1.0,0.08,0.2,0.0,0.9962,1.0,1.0,1.0,1.0,1.0,1.0,0.83599,1.0,0.75,0.02709,0.01373,0.0,0.0,0.5,1.0,1.0,0.5,1.0,1.0,0.5,0.5,0.5,1.0,1.0,0.5,0.5,0.5,0.0,0.0,1.0,1.0,1.0,0.5,0.5,1.0,0.2,0.0,1.0,1.0,1.0,0.0,0.25
0.0,0.5,1.0,0.5,0.4,0.5,0.00373,0.4,0.7,0.0,0.5,0.0,1.0,0.08,0.2,0.0,0.9977,1.0,1.0,1.0,1.0,1.0,1.0,0.836,1.0,0.75,0.02709,0.01373,0.0,0.0,0.5,1.0,1.0,0.6,1.0,1.0,0.5,0.5,0.5,1.0,1.0,0.5,0.5,0.5,0.0,0.0,1.0,1.0,1.0,0.5,0.5,1.0,0.2,0.0,1.0,1.0,1.0,0.0,0.25
0.0,0.5,1.0,0.5,0.4,0.5,0.00373,0.4,0.73333,0.0,0.5,0.0,1.0,0.08,0.2,0.0,0.99851,1.0,1.0,1.0,1.0,1.0,1.0,0.836,1.0,0.75,0.02709,0.01373,0.0,0.0,0.5,1.0,1.0,0.6,1.0,1.0,0.5,0.5,0.5,1.0,1.0,0.5,0.5,0.5,0.0,0.0,1.0,1.0,1.0,0.5,0.5,1.0,0.2,0.0,1.0,1.0,1.0,0.0,0.25
0.0,0.5,1.0,0.5,0.4,0.5,0.00373,0.4,0.76667,0.0,0.5,0.0,1.0,0.08,0.2,0.0,0.99897,1.0,1.0,1.0,1.0,1.0,1.0,0.836,1.0,0.75,0.02709,0.01373,0.0,0.0,0.5,1.0,1.0,0.7,1.0,1.0,0.5,0.5,0.5,1.0,1.0,0.5,0.5,0.5,0.0,0.0,1.0,1.0,1.0,0.5,0.5,1.0,0.2,0.0,1.0,1.0,1.0,0.0,0.25
0.0,0.5,1.0,0.5,0.4,0.5,0.00373,0.4,0.8,0.0,0.5,0.0,1.0,0.08,0.2,0.0,0.99923,1.0,1.0,1.0,1.0,1.0,1.0,0.836,1.0,0.75,0.02709,0.01373,0.0,0.0,0.5,1.0,1.0,0.7,1.0,1.0,0.5,0.5,0.5,1.0,1.0,0.5,0.5,0.5,0.0,0.0,1.0,1.0,1.0,0.5,0.5,1.0,0.2,0.0,1.0,1.0,1.0,0.0,0.25
0.0,0.5,1.0,0.5,0.4,0.5,0.00373,0.4,0.83333,0.0,0.5,0.0,1.0,0.08,0.2,0.0,0.99937,1.0,1.0,1.0,1.0,1.0,1.0,0.836,1.0,0.75,0.02709,0.01373,0.0,0.0,0.5,1.0,1.0,0.7,1.0,1.0,0.5,0.5,0.5,1.0,1.0,0.5,0.5,0.5,0.0,0.0,1.0,1.0,1.0,0.5,0.5,1.0,0.2,0.0,1.0,1.0,1.0,0.0,0.25
0.0,0.5,1.0,0.5,0.4,0.5,0.00373,0.4,0.86667,0.0,0.5,0.0,1.0,0.08,0.2,0.0,0.99949,1.0,1.0,1.0,1.0,1.0,1.0,0.836,1.0,0.75,0.02709,0.01373,0.0,0.0,0.5,1.0,1.0,0.7,1.0,1.0,0.5,0.5,0.5,1.0,1.0,0.5,0.5,0.5,0.0,0.0,1.0,1.0,1.0,0.5,0.5,1.0,0.2,0.0,1.0,1.0,1.0,0.0,0.25
0.0,0.5,1.0,0.5,0.4,0.5,0.00373,0.4,0.9,0.0,0.5,0.0,1.0,0.08,0.2,0.0,0.99958,1.0,1.0,0.8,1.0,1.0,1.0,0.836,1.0,0.75,0.02709,0.01373,0.0,0.0,0.5,1.0,1.0,0.7,1.0,1.0,0.5,0.5,0.5,1.0,1.0,0.5,0.5,0.5,0.0,0.0,1.0,1.0,1.0,0.5,0.5,1.0,0.2,0.0,1.0,1.0,1.0,0.0,0.25
0.0,0.0,1.0,1.0,0.4,0.4,0.00373,0.4,0.96667,0.0,0.5,0.0,0.0,0.08,0.2,0.0,0.99972,1.0,1.0,0.8,0.9,1.0,1.0,0.836,1.0,0.75,0.02709,0.01373,0.0,0.0,0.5,0.25,1.0,0.7,1.0,1.0,0.5,0.5,0.5,1.0,1.0,0.5,0.5,0.5,0.0,0.0,1.0,1.0,1.0,0.5,0.5,1.0,0.2,0.0,1.0,1.0,1.0,0.0,0.25
0.0,0.5,1.0,0.5,0.4,0.5,0.00373,0.4,1.0,0.0,0.5,0.0,1.0,0.08,0.2,0.0,0.99977,1.0,1.0,0.8,1.0,1.0,1.0,0.836,1.0,0.75,0.02709,0.01373,0.0,0.0,0.5,1.0,1.0,0.7,1.0,1.0,0.5,0.5,0.5,1.0,1.0,0.5,0.5,0.5,0.0,0.0,1.0,1.0,1.0,0.5,0.5,1.0,0.2,0.0,1.0,1.0,1.0,0.0,0.25
0.0,0.5,1.0,0.5,0.4,0.5,0.00373,0.4,0.0,0.96774,0.5,0.0,1.0,0.08,0.2,0.0,0.99982,1.0,1.0,0.8,1.0,1.0,1.0,0.836,1.0,0.75,0.02709,0.01373,0.0,0.0,0.5,1.0,1.0,0.7,1.0,1.0,0.5,0.5,0.5,1.0,1.0,0.5,0.5,0.5,0.0,0.0,1.0,1.0,1.0,0.5,0.5,1.0,0.2,0.0,1.0,1.0,1.0,0.0,0.25
0.0,0.5,1.0,0.5,0.4,0.5,0.00373,0.4,0.0,0.9375,0.5,0.0,1.0,0.08,0.2,0.0,0.99985,1.0,1.0,0.8,1.0,1.0,1.0,0.836,1.0,0.75,0.02709,0.01373,0.0,0.0,0.5,1.0,1.0,0.7,1.0,1.0,0.5,0.5,0.5,1.0,1.0,0.5,0.5,0.5,0.0,0.0,1.0,1.0,1.0,0.5,0.5,1.0,0.2,0.0,1.0,1.0,1.0,0.0,0.25
0.0,0.0,1.0,1.0,0.4,0.4,0.00373,0.4,0.0,0.85714,0.5,0.0,0.0,0.08,0.2,0.0,0.99992,1.0,1.0,0.8,1.0,1.0,1.0,0.836,1.0,0.75,0.02709,0.01373,0.0,0.0,0.5,0.5,1.0,0.7,1.0,1.0,0.5,0.5,0.5,1.0,1.0,0.5,0.5,0.5,0.0,0.0,1.0,1.0,1.0,0.5,0.5,1.0,0.2,0.0,1.0,1.0,1.0,0.0,0.25
0.0,0.0,1.0,1.0,0.4,0.4,0.00373,0.4,0.0,0.81081,0.5,0.0,0.0,0.08,0.2,0.0,0.99995,1.0,1.0,0.8,1.0,1.0,1.0,0.836,1.0,0.75,0.02709,0.01373,0.0,0.0,0.5,0.5,1.0,0.7,1.0,1.0,0.5,0.5,0.5,1.0,1.0,0.5,0.5,0.5,0.0,0.0,1.0,1.0,1.0,0.5,0.5,1.0,0.2,0.0,1.0,1.0,1.0,0.0,0.25
0.0,0.0,1.0,1.0,0.4,0.4,0.00373,0.4,0.0,0.76923,0.5,0.0,0.0,0.08,0.2,0.0,0.99997,1.0,1.0,0.8,1.0,1.0,1.0,0.836,1.0,0.75,0.02709,0.01373,0.0,0.0,0.5,0.5,1.0,0.7,1.0,1.0,0.5,0.5,0.5,1.0,1.0,0.5,0.5,0.5,0.0,0.0,1.0,1.0,1.0,0.5,0.5,1.0,0.2,0.0,1.0,1.0,1.0,0.0,0.25
0.5,0.5,0.5,0.5,0.5,0.5,0.11484,0.6,0.2,0.0,1.0,0.0,0.0,0.56,0.02,0.91902,0.0,1.0,0.8,1.0,1.0,0.5,0.0,0.77685,1.0,0.11111,1.0,0.91562,0.5,0.0,1.0,1.0,0.5,0.7,1.0,1.0,0.5,0.5,0.5,1.0,1.0,0.5,0.5,0.5,0.0,0.0,1.0,1.0,1.0,0.8695,0.624,0.65,0.3,1.0,0.5,1.0,1.0,1.0,0.5
1.0,0.5,1.0,0.5,0.7,0.5,0.11526,0.7,0.23333,0.0,1.0,0.0,1.0,0.57,0.02,0.94362,0.0,0.8,1.0,0.86667,1.0,0.8,1.0,0.97472,1.0,0.11111,1.0,0.91334,0.66667,0.0,1.0,1.0,0.88889,0.7,1.0,1.0,0.5,0.5,0.5,1.0,1.0,0.5,0.5,0.5,0.0,0.0,1.0,1.0,1.0,0.8695,0.624,0.3,0.4,1.0,1.0,1.0,1.0,0.66667,1.0
1.0,0.5,0.0,0.5,0.6,0.5,0.1123,0.6,0.26667,0.0,1.0,0.0,1.0,0.56,0.02,0.98084,0.0,1.0,1.0,0.86667,1.0,1.0,0.0,0.97299,1.0,0.11111,1.0,0.90706,0.33333,0.0,0.99895,1.0,1.0,0.7,1.0,1.0,0.5,0.5,0.5,1.0,1.0,0.5,0.5,0.5,0.0,0.0,1.0,1.0,1.0,0.8695,0.624,0.3,0.3,0.66667,0.5,1.0,1.0,1.0,1.0
1.0,1.0,0.0,0.0,0.6,0.6,0.10809,0.6,0.33333,0.0,1.0,0.0,0.0,0.56,0.02,0.9766,0.0,1.0,1.0,1.0,1.0,1.0,0.0,0.9733,1.0,0.11111,1.0,0.88464,0.33333,0.0,0.99903,0.77778,1.0,0.7,1.0,1.0,0.5,0.5,0.5,1.0,1.0,0.5,0.5,0.5,0.0,0.0,1.0,1.0,1.0,0.8695,0.624,0.3,0.3,0.66667,0.5,1.0,1.0,0.33333,1.0
0.5,0.5,0.5,0.5,0.5,0.5,0.02829,0.1,0.03333,0.0,1.0,0.0,0.0,0.1,0.0,0.5,0.5,0.5,0.5,0.5,0.5,0.5,0.5,0.0,0.0,0.55556,0.36923,0.22727,0.0,0.0,0.0,0.5,0.5,0.5,1.0,1.0,0.5,0.5,0.5,1.0,1.0,0.5,0.5,0.5,0.5,0.5,1.0,0.5,0.5,0.5,0.5,0.5,0.6,1.0,1.0,1.0,1.0,0.5,0.5
1.0,1.0,1.0,1.0,0.1,0.1,0.03706,0.1,0.13333,0.0,1.0,0.0,0.0,0.6,0.0,1.0,0.0,0.8,0.46667,1.0,1.0,0.53333,0.0,0.80811,1.0,0.0,0.3366,0.24208,0.0,0.0,0.9628,1.0,0.55556,0.7,1.0,1.0,0.5,0.5,0.5,1.0,1.0,0.5,0.5,0.5,0.0,0.0,1.0,1.0,1.0,0.5,0.5,0.3,0.4,1.0,0.66667,1.0,1.0,1.0,1.0
0.5,0.5,0.5,0.5,0.5,0.5,0.06481,0.4,0.6,0.0,1.0,0.0,0.0,0.09,0.01,0.99436,0.0,1.0,1.0,1.0,1.0,0.5,1.0,0.87421,1.0,0.11111,0.41361,0.26072,0.0,0.0,0.5,0.88889,0.5,0.7,1.0,1.0,0.5,0.5,0.5,1.0,1.0,0.5,0.5,0.5,0.0,0.0,1.0,1.0,1.0,1.0,0.048,1.0,0.1,0.0,1.0,0.0,1.0,0.0,0.5
0.0,0.5,0.0,0.5,0.4,0.5,0.06478,0.4,0.63333,0.0,1.0,0.0,1.0,0.09,0.01,0.99454,0.0,1.0,1.0,1.0,1.0,1.0,1.0,0.87428,1.0,0.11111,0.41337,0.26053,0.0,0.0,0.5,1.0,1.0,0.7,1.0,1.0,0.5,0.5,0.5,1.0,1.0,0.5,0.5,0.5,0.0,0.0,1.0,1.0,1.0,1.0,0.048,1.0,0.1,0.0,1.0,0.0,1.0,0.0,0.11111
0.0,0.5,0.0,0.5,0.4,0.5,0.06477,0.4,0.66667,0.0,1.0,0.0,1.0,0.09,0.01,0.99505,0.0,1.0,1.0,1.0,1.0,1.0,1.0,0.87431,1.0,0.11111,0.41328,0.26046,0.0,0.0,0.5,1.0,1.0,0.7,1.0,1.0,0.5,0.5,0.5,1.0,1.0,0.5,0.5,0.5,0.0,0.0,1.0,1.0,1.0,1.0,0.048,1.0,0.1,0.0,1.0,0.0,1.0,0.0,0.11111
0.5,0.5,0.5,0.5,0.5,0.5,0.12575,0.8,0.06667,0.0,1.0,0.0,0.0,0.49,0.0,0.5,0.5,0.2,0.8,1.0,1.0,0.5,1.0,0.53803,1.0,0.11111,1.0,0.87053,0.85714,0.0,0.77391,0.55556,0.5,0.7,1.0,1.0,0.5,0.5,0.5,1.0,1.0,0.5,0.5,0.5,0.5,0.5,1.0,1.0,1.0,0.5,0.5,0.3,0.7,0.85714,0.5,1.0,1.0,0.57143,0.5
0.0,1.0,0.0,1.0,0.6,0.9,0.10517,0.6,0.23333,0.0,1.0,0.0,0.0,0.34,0.03,0.76061,0.0,1.0,1.0,0.86667,0.66667,0.46667,0.0,0.72161,1.0,0.11111,1.0,0.71359,0.66667,0.0,0.9289,0.66667,0.55556,0.2,0.9,0.83616,0.51457,0.5,0.34305,1.0,1.0,0.5,0.5,0.5,0.0,0.0,1.0,1.0,1.0,0.5,0.5,0.8,0.4,1.0,0.66667,1.0,1.0,0.66667,1.0
0.0,0.0,0.0,1.0,0.5,0.6,0.2146,0.9,0.56667,0.0,1.0,0.0,0.0,0.21,0.1,0.96903,0.0,0.75556,1.0,0.73333,1.0,0.73333,0.0,0.77799,1.0,0.22222,1.0,0.6939,0.5,0.0,0.96799,0.77778,0.88889,0.7,1.0,1.0,0.5,0.5,0.5,1.0,1.0,0.5,0.5,0.5,0.0,0.0,1.0,1.0,1.0,0.42853,0.51,0.3,0.2,0.5,1.0,0.0,1.0,1.0,1.0
0.0,1.0,0.0,1.0,0.9,0.9,0.24997,0.9,0.66667,0.0,1.0,0.0,0.0,0.17,0.07,0.96997,0.0,1.0,1.0,0.73333,1.0,1.0,0.0,0.97168,1.0,0.33333,1.0,1.0,1.0,0.0,0.96858,0.88889,0.66667,0.7,1.0,1.0,0.5,0.5,0.5,1.0,1.0,0.5,0.5,0.5,0.0,0.0,1.0,1.0,1.0,0.42853,0.51,0.3,0.2,1.0,1.0,1.0,1.0,1.0,1.0
0.5,0.5,0.5,0.5,0.5,0.5,0.18151,1.0,0.16667,0.0,1.0,0.0,0.0,0.4,0.02,0.742,0.0,0.88889,1.0,1.0,1.0,0.5,0.0,0.94577,1.0,0.22222,1.0,1.0,1.0,0.0,1.0,0.77778,0.5,0.7,1.0,1.0,0.5,0.5,0.5,1.0,1.0,0.5,0.5,0.5,0.0,0.0,1.0,1.0,1.0,0.5,0.5,0.3,0.4,1.0,1.0,1.0,1.0,1.0,0.5
0.0,1.0,0.0,1.0,1.0,1.0,0.21244,1.0,0.36667,0.0,1.0,0.0,0.0,0.31,0.16,0.99286,0.0,1.0,1.0,1.0,1.0,1.0,1.0,0.85483,1.0,0.22222,1.0,1.0,1.0,0.0,1.0,0.77778,1.0,0.7,1.0,1.0,0.5,0.5,0.5,1.0,1.0,0.5,0.5,0.5,0.0,0.0,1.0,1.0,1.0,0.20154,0.30403,0.3,0.4,1.0,0.33333,0.0,1.0,0.0,1.0
0.0,0.0,0.0,0.0,1.0,1.0,0.11334,0.5,0.53333,0.0,1.0,0.0,0.0,0.16,0.15,0.98569,0.0,1.0,1.0,0.77778,0.82222,1.0,1.0,0.97859,1.0,0.33333,0.82667,0.65159,0.0,0.0,1.0,0.88889,0.66667,0.7,1.0,1.0,0.5,0.5,0.5,1.0,1.0,0.5,0.5,0.5,0.0,0.0,1.0,1.0,1.0,0.36621,0.14694,0.3,0.3,1.0,0.0,0.0,1.0,1.0,1.0
0.5,0.5,0.5,0.5,0.5,0.5,0.1019,0.4,0.06667,0.0,1.0,0.0,0.0,0.31,0.0,0.5,0.5,0.64444,0.75556,1.0,1.0,0.5,1.0,0.88664,1.0,0.0,0.96278,0.7359,0.33333,0.0,0.5625,0.88889,0.5,0.7,1.0,1.0,0.5,0.5,0.5,1.0,1.0,0.5,0.5,0.5,0.5,0.5,1.0,1.0,1.0,0.5,0.5,0.3,0.2,0.33333,1.0,1.0,1.0,0.66667,0.5
0.5,0.5,0.5,0.5,0.5,0.5,0.09018,0.6,0.2,0.0,1.0,0.0,0.0,0.43,0.0,0.92325,0.0,1.0,1.0,1.0,1.0,0.5,0.0,0.79932,1.0,0.11111,1.0,1.0,1.0,0.0,0.86363,0.77778,0.5,0.7,1.0,1.0,0.5,0.5,0.5,1.0,1.0,0.5,0.5,0.5,0.0,0.0,1.0,1.0,1.0,0.5,0.5,0.3,0.4,0.75,1.0,1.0,1.0,0.5,0.5
0.5,0.5,0.5,0.5,0.5,0.5,0.01834,0.2,0.13333,0.0,1.0,0.0,0.0,0.37,0.0,0.86495,0.0,1.0,1.0,1.0,1.0,0.5,0.0,0.97676,1.0,0.11111,0.1882,0.08174,0.0,1.0,0.93337,0.88889,0.5,0.7,1.0,1.0,0.5,0.5,0.5,1.0,1.0,0.5,0.5,0.5,0.0,0.0,1.0,1.0,1.0,0.5,0.5,0.3,0.4,1.0,0.33333,1.0,1.0,0.66667,0.5
1.0,0.5,0.0,0.5,0.2,0.5,0.01802,0.2,0.16667,0.0,1.0,0.0,1.0,0.34,0.0,0.88771,0.0,1.0,1.0,1.0,1.0,1.0,0.0,0.96831,1.0,0.11111,0.18682,0.08171,0.0,1.0,0.92525,1.0,1.0,0.7,1.0,1.0,0.5,0.5,0.5,1.0,1.0,0.5,0.5,0.5,0.0,0.0,1.0,1.0,1.0,0.5,0.5,0.3,0.4,1.0,0.66667,1.0,1.0,1.0,1.0
1.0,0.0,0.0,0.0,0.2,0.2,0.01487,0.2,0.63333,0.0,1.0,0.0,0.0,0.35,0.01,0.0,0.99533,1.0,1.0,1.0,1.0,1.0,0.0,0.8733,1.0,0.11111,0.18135,0.09021,0.0,0.0,0.94986,0.77778,0.77778,0.7,1.0,1.0,0.5,0.5,0.5,1.0,1.0,0.5,0.5,0.5,0.0,0.0,1.0,1.0,1.0,1.0,0.32,0.3,0.3,0.66667,0.5,1.0,1.0,0.66667,1.0
1.0,1.0,1.0,1.0,0.2,0.2,0.01813,0.2,0.7,0.0,1.0,0.0,0.0,0.36,0.01,0.0,0.99279,1.0,1.0,1.0,1.0,1.0,0.0,0.85442,1.0,0.11111,0.23058,0.10719,0.0,0.0,0.9566,0.77778,1.0,0.7,1.0,1.0,0.5,0.5,0.5,1.0,1.0,0.5,0.5,0.5,0.0,0.0,1.0,1.0,1.0,1.0,0.32,0.3,0.3,0.66667,1.0,1.0,1.0,0.66667,1.0
0.5,0.5,0.5,0.5,0.5,0.5,0.13352,0.9,0.2,0.0,1.0,0.0,0.0,0.28,0.0,0.97666,0.0,1.0,1.0,1.0,1.0,0.5,0.0,0.91627,1.0,0.22222,1.0,1.0,1.0,0.0,0.9133,0.88889,0.5,0.7,1.0,1.0,0.5,0.5,0.5,1.0,1.0,0.5,0.5,0.5,0.0,0.0,1.0,1.0,1.0,0.5,0.5,0.3,0.4,1.0,0.33333,1.0,1.0,1.0,0.5
1.0,0.5,0.0,0.5,0.9,0.5,0.13249,0.9,0.23333,0.0,1.0,0.0,1.0,0.28,0.0,0.98447,0.0,1.0,1.0,1.0,1.0,1.0,0.0,0.89626,1.0,0.22222,1.0,0.96958,0.66667,0.0,0.91973,1.0,1.0,0.7,1.0,1.0,0.5,0.5,0.5,1.0,1.0,0.5,0.5,0.5,0.0,0.0,1.0,1.0,1.0,0.5,0.5,0.3,0.2,0.33333,0.0,1.0,1.0,1.0,1.0
1.0,0.5,1.0,0.5,0.9,0.5,0.13651,0.9,0.26667,0.0,1.0,0.0,1.0,0.28,0.0,0.99698,0.0,1.0,1.0,1.0,1.0,1.0,0.0,0.86391,1.0,0.22222,1.0,0.91691,0.66667,0.0,0.93134,1.0,1.0,0.7,1.0,1.0,0.5,0.5,0.5,1.0,1.0,0.5,0.5,0.5,0.0,0.0,1.0,1.0,1.0,0.5,0.5,0.3,0.4,1.0,0.66667,1.0,1.0,0.33333,1.0
1.0,0.5,1.0,0.5,0.9,0.5,0.14478,0.9,0.3,0.0,1.0,0.0,1.0,0.27,0.0,0.99958,0.0,0.86667,1.0,1.0,1.0,0.86667,0.0,0.82507,1.0,0.11111,1.0,0.9433,0.66667,0.0,0.93452,1.0,1.0,0.7,1.0,1.0,0.5,0.5,0.5,1.0,1.0,0.5,0.5,0.5,0.0,0.0,1.0,1.0,1.0,0.5,0.5,0.3,0.4,1.0,0.66667,1.0,1.0,1.0,1.0
1.0,1.0,1.0,1.0,0.9,1.0,0.17694,1.0,0.36667,0.0,1.0,0.0,0.0,0.26,0.01,0.43651,0.0,1.0,1.0,1.0,1.0,1.0,1.0,0.85404,1.0,0.11111,1.0,1.0,1.0,0.0,0.94355,0.77778,0.77778,0.7,1.0,1.0,0.5,0.5,0.5,1.0,1.0,0.5,0.5,0.5,0.0,0.0,1.0,1.0,1.0,0.5,0.5,0.3,0.4,1.0,1.0,1.0,1.0,0.0,1.0
1.0,0.5,1.0,0.5,1.0,0.5,0.17844,1.0,0.4,0.0,1.0,0.0,1.0,0.28,0.01,0.65999,0.0,1.0,1.0,1.0,1.0,1.0,0.0,0.83215,1.0,0.11111,1.0,1.0,1.0,0.0,0.9643,1.0,1.0,0.7,1.0,1.0,0.5,0.5,0.5,1.0,1.0,0.5,0.5,0.5,0.0,0.0,1.0,1.0,1.0,0.5,0.5,0.3,0.4,1.0,1.0,1.0,1.0,1.0,1.0
1.0,0.5,1.0,0.5,1.0,0.5,0.18225,1.0,0.43333,0.0,1.0,0.0,1.0,0.3,0.01,0.80925,0.0,1.0,1.0,1.0,1.0,1.0,0.0,0.79987,1.0,0.11111,1.0,1.0,1.0,0.0,0.97206,1.0,1.0,0.7,1.0,1.0,0.5,0.5,0.5,1.0,1.0,0.5,0.5,0.5,0.0,0.0,1.0,1.0,1.0,0.5,0.5,0.3,0.4,1.0,1.0,1.0,1.0,1.0,1.0
1.0,0.5,1.0,0.5,1.0,0.5,0.18733,1.0,0.46667,0.0,1.0,0.0,1.0,0.31,0.01,0.90753,0.0,1.0,1.0,1.0,1.0,1.0,0.0,0.72508,1.0,0.11111,1.0,1.0,1.0,0.0,0.98053,1.0,0.77778,0.7,1.0,1.0,0.5,0.5,0.5,1.0,1.0,0.5,0.5,0.5,0.0,0.0,1.0,1.0,1.0,0.5,0.5,0.3,0.4,1.0,1.0,0.66667,1.0,0.66667,1.0
1.0,0.5,1.0,0.5,1.0,0.5,0.19067,1.0,0.5,0.0,1.0,0.0,1.0,0.3,0.01,0.97382,0.0,1.0,1.0,1.0,1.0,1.0,1.0,0.76055,1.0,0.11111,1.0,1.0,1.0,0.0,0.9734,1.0,0.77778,0.7,1.0,1.0,0.5,0.5,0.5,1.0,1.0,0.5,0.5,0.5,0.0,0.0,1.0,1.0,1.0,0.5,0.5,0.3,0.4,1.0,0.66667,1.0,1.0,0.66667,1.0
1.0,1.0,0.0,1.0,0.9,1.0,0.26253,1.0,0.63333,0.0,1.0,0.0,0.0,0.29,0.01,0.0,0.96152,0.73333,0.97778,0.73333,1.0,0.73333,1.0,0.85145,1.0,0.22222,1.0,1.0,1.0,0.0,1.0,0.77778,0.88889,0.9,1.0,1.0,0.5,0.5,0.5,1.0,1.0,0.5,0.5,0.5,1.0,0.0,0.1,1.0,1.0,0.5,0.5,1.0,0.1,0.0,1.0,1.0,1.0,0.0,1.0
1.0,0.5,1.0,0.5,1.0,0.5,0.27354,1.0,0.66667,0.0,1.0,0.0,1.0,0.28,0.02,0.98511,0.0,0.73333,1.0,0.95556,1.0,0.73333,0.0,0.71621,1.0,0.11111,1.0,1.0,1.0,0.0,0.99324,1.0,0.88889,0.7,1.0,1.0,0.5,0.5,0.5,1.0,1.0,1.0,0.854,0.5,0.0,0.0,1.0,1.0,1.0,1.0,0.854,0.3,0.4,1.0,1.0,1.0,1.0,0.0,1.0
0.5,0.5,0.5,0.5,0.5,0.5,0.13841,0.6,0.0,0.78947,1.0,0.0,0.0,0.33,0.02,0.88294,0.0,1.0,1.0,1.0,1.0,0.5,0.0,0.98533,1.0,0.11111,1.0,0.57049,0.5,0.0,1.0,0.88889,0.5,0.7,1.0,1.0,0.5,0.5,0.5,1.0,1.0,0.5,0.5,0.5,0.0,0.0,1.0,1.0,1.0,1.0,0.71516,0.4,0.3,1.0,0.5,1.0,1.0,0.5,0.5
0.5,0.5,0.5,0.5,0.5,0.5,0.10209,0.7,0.1,0.0,1.0,0.0,0.0,0.15,0.0,0.98319,0.0,0.93333,0.91111,1.0,1.0,0.5,0.0,0.78293,1.0,0.11111,1.0,1.0,1.0,0.0,0.42188,0.55556,0.5,0.7,1.0,1.0,0.5,0.5,0.5,1.0,1.0,0.5,0.5,0.5,0.0,0.0,1.0,1.0,1.0,0.5,0.5,0.3,0.4,1.0,0.0,1.0,1.0,1.0,0.5
0.5,0.5,0.5,0.5,0.5,0.5,0.19715,0.9,0.26667,0.0,1.0,0.0,0.0,0.29,0.03,0.97197,0.0,1.0,1.0,0.73333,0.8,0.5,0.0,0.91709,1.0,0.11111,1.0,1.0,1.0,0.0,1.0,0.77778,0.5,0.7,1.0,1.0,0.5,0.5,0.5,1.0,1.0,0.5,0.5,0.5,0.0,0.0,1.0,1.0,1.0,0.5,0.5,0.4,0.3,1.0,1.0,0.5,1.0,0.5,0.5
0.0,0.0,0.0,0.0,0.8,0.9,0.19482,0.9,0.33333,0.0,1.0,0.0,0.0,0.18,0.03,0.98454,0.0,1.0,1.0,0.73333,1.0,1.0,1.0,0.93072,1.0,0.11111,1.0,1.0,1.0,0.0,1.0,1.0,1.0,0.7,1.0,1.0,0.5,0.5,0.5,1.0,1.0,0.5,0.5,0.5,0.0,0.0,1.0,1.0,1.0,0.5,0.5,0.35,0.3,1.0,0.5,0.5,1.0,0.0,0.22222
0.0,0.0,0.0,1.0,0.8,0.9,0.21253,0.9,0.43333,0.0,1.0,0.0,0.0,0.12,0.03,0.93932,0.0,0.68889,0.91111,0.73333,1.0,0.64444,0.0,0.8503,1.0,0.22222,1.0,1.0,1.0,0.0,1.0,0.88889,0.88889,0.7,1.0,1.0,0.5,0.5,0.5,1.0,1.0,0.5,0.5,0.5,0.0,0.0,1.0,1.0,1.0,1.0,1.0,0.4,0.2,1.0,1.0,0.0,1.0,0.0,0.22222
0.5,0.5,0.5,0.5,0.5,0.5,0.00033,0.2,0.93333,0.0,1.0,0.0,0.0,0.17,0.07,0.0,0.90914,1.0,0.95556,0.77778,0.86667,0.5,0.0,0.66307,1.0,0.11111,0.00643,0.00284,0.0,0.0,0.89563,0.77778,0.5,0.0,1.0,1.0,0.5,0.5,0.5,1.0,1.0,0.5,0.5,0.5,0.0,0.0,1.0,1.0,1.0,0.14513,0.39122,1.0,0.1,0.0,1.0,0.0,1.0,0.0,0.5
0.0,0.5,0.0,0.5,0.2,0.5,0.00026,0.2,0.96667,0.0,1.0,0.0,1.0,0.15,0.07,0.0,0.94049,0.86667,0.95556,0.93333,1.0,0.86667,1.0,0.66403,1.0,0.11111,0.00515,0.00221,0.0,0.0,0.89558,1.0,1.0,0.0,1.0,1.0,0.5,0.5,0.5,1.0,1.0,0.5,0.5,0.5,0.0,0.0,1.0,1.0,1.0,0.14513,0.39122,1.0,0.1,0.0,1.0,0.0,1.0,0.0,1.0
1.0,0.5,0.0,0.5,0.2,0.5,0.00025,0.2,1.0,0.0,1.0,0.0,1.0,0.15,0.07,0.99549,0.0,0.71111,1.0,0.73333,1.0,0.71111,1.0,0.91339,1.0,0.11111,0.00303,0.00078,0.33333,1.0,0.98285,1.0,0.44444,0.0,1.0,1.0,0.5,0.5,0.5,1.0,1.0,0.5,0.5,0.5,0.0,0.0,1.0,1.0,1.0,0.14513,0.39122,1.0,0.1,0.0,1.0,0.0,1.0,0.0,1.0
1.0,0.5,1.0,0.5,0.2,0.5,0.00029,0.2,0.0,0.96774,1.0,0.0,1.0,0.15,0.07,0.94816,0.0,1.0,1.0,0.73333,1.0,1.0,0.0,0.91171,1.0,0.11111,0.00351,0.00089,0.33333,0.0,0.98324,1.0,1.0,0.1,1.0,1.0,0.5,0.5,0.5,1.0,1.0,0.5,0.5,0.5,0.0,0.0,1.0,1.0,1.0,0.14513,0.39122,0.9,0.2,0.33333,1.0,0.0,1.0,0.0,1.0
0.5,0.5,0.5,0.5,0.5,0.5,0.0019,0.06667,0.46667,0.0,0.0,0.66667,0.0,0.12,0.01778,0.96167,0.0,1.0,0.99048,0.80952,0.90476,0.5,1.0,0.99038,1.0,0.07143,0.04318,0.01754,0.0,0.0,0.95862,0.85714,0.5,0.0,1.0,1.0,0.5,0.5,0.5,1.0,1.0,0.5,0.5,0.5,0.0,0.0,1.0,1.0,1.0,0.5,0.5,1.0,0.06667,0.0,1.0,1.0,1.0,0.0,0.5
0.0,0.0,0.0,0.0,0.13333,0.13333,0.00168,0.13333,0.53333,0.0,0.0,0.66667,0.0,0.11556,0.01778,0.9823,0.0,1.0,1.0,0.80952,1.0,1.0,1.0,0.99054,1.0,0.07143,0.0383,0.01686,0.125,0.0,0.93657,0.57143,1.0,0.0,1.0,1.0,0.5,0.5,0.5,1.0,1.0,0.5,0.5,0.5,0.0,0.0,1.0,1.0,1.0,0.5,0.5,1.0,0.06667,0.0,1.0,1.0,1.0,0.0,1.0
0.5,0.5,0.5,0.5,0.5,0.5,0.03471,0.33333,0.03333,0.0,0.0,0.66667,0.0,0.06667,0.0,0.5,0.5,0.5,0.5,0.5,0.5,0.5,0.5,0.0,0.0,0.5,0.66932,0.30435,0.42857,0.0,0.0,0.5,0.5,0.5,1.0,1.0,0.5,0.5,0.5,1.0,1.0,0.5,0.5,0.5,0.5,0.5,1.0,0.5,0.5,0.5,0.5,0.5,0.46667,0.85714,1.0,1.0,1.0,0.5,0.5
1.0,0.5,1.0,0.5,0.33333,0.5,0.04326,0.33333,0.06667,0.0,0.0,0.66667,1.0,0.46222,0.0,0.5,0.5,0.0,1.0,1.0,1.0,0.0,1.0,0.76469,1.0,0.92857,0.73572,0.58193,0.0,0.0,1.0,1.0,0.57143,0.7,1.0,1.0,0.5,0.5,0.5,1.0,1.0,0.5,0.5,0.5,0.5,0.5,1.0,1.0,1.0,0.5,0.5,0.3,0.13333,1.0,1.0,1.0,1.0,1.0,1.0
0.0,1.0,0.0,0.0,0.33333,0.33333,0.03367,0.33333,0.26667,0.0,0.0,0.66667,0.0,0.36444,0.0,0.90923,0.0,1.0,1.0,1.0,1.0,0.46667,0.0,0.6812,1.0,0.07143,0.73784,0.50728,0.33333,0.0,0.95907,1.0,0.64286,0.7,1.0,1.0,0.5,0.5,0.5,1.0,1.0,0.5,0.5,0.5,0.0,0.0,1.0,1.0,1.0,0.5,0.5,0.3,0.26667,0.5,0.66667,1.0,1.0,1.0,1.0
0.5,0.5,0.5,0.5,0.5,0.5,0.09403,0.73333,0.26667,0.0,0.0,0.66667,0.0,0.32889,0.00444,0.37062,0.0,0.94286,1.0,0.94286,1.0,0.5,0.0,0.75979,1.0,0.07143,1.0,0.93463,0.5,0.0,1.0,0.85714,0.5,0.7,1.0,1.0,0.5,0.5,0.5,1.0,1.0,0.5,0.5,0.5,0.0,0.0,1.0,1.0,1.0,1.0,0.11667,0.3,0.2,1.0,0.0,1.0,1.0,1.0,0.5
0.5,0.5,0.5,0.5,0.5,0.5,0.04069,0.26667,0.03333,0.0,0.0,0.66667,0.0,0.06667,0.0,0.5,0.5,0.5,0.5,0.5,0.5,0.5,0.5,0.0,0.0,0.57143,0.78317,0.47287,0.375,0.0,0.0,0.5,0.5,0.5,1.0,1.0,0.5,0.5,0.5,1.0,1.0,0.5,0.5,0.5,0.5,0.5,1.0,0.5,0.5,0.5,0.5,0.5,0.46667,0.75,1.0,1.0,1.0,0.5,0.5
0.5,0.5,0.5,0.5,0.5,0.5,0.1596,1.0,0.2,0.0,0.0,0.66667,0.0,0.27556,0.03111,0.94496,0.0,1.0,1.0,0.8381,0.85714,0.5,0.0,0.83273,1.0,0.14286,1.0,1.0,1.0,0.0,0.86228,0.92857,0.5,0.7,1.0,1.0,0.5,0.5,0.5,1.0,1.0,0.5,0.5,0.5,0.0,0.0,1.0,1.0,1.0,0.5,0.5,0.3,0.33333,0.8,0.75,0.75,1.0,1.0,0.5
0.0,0.0,0.0,1.0,1.0,1.0,0.09473,0.6,0.46667,0.0,0.0,0.66667,0.0,0.09333,0.08889,0.99628,0.0,1.0,0.88571,0.66667,0.70476,0.93333,0.0,0.95853,1.0,0.14286,1.0,0.96341,0.5,0.0,0.95057,0.85714,0.78571,0.7,0.93333,0.99977,1.0,0.5,1.0,1.0,1.0,0.5,0.5,0.5,0.0,0.0,1.0,1.0,1.0,1.0,0.40557,0.43333,0.13333,0.25,0.0,0.0,1.0,0.75,1.0
0.5,0.5,0.5,0.5,0.5,0.5,0.08927,0.73333,0.33333,0.0,0.0,0.66667,0.0,0.24444,0.02667,0.0,0.99752,0.77143,1.0,0.79048,1.0,0.5,1.0,0.92477,1.0,0.0,0.92834,0.68134,0.33333,0.0,0.91623,0.92857,0.5,0.7,1.0,1.0,0.5,0.5,0.5,1.0,1.0,0.5,0.5,0.5,0.0,0.92753,1.0,0.0,0.0,0.31864,0.29558,0.4,0.13333,0.33333,1.0,0.0,1.0,0.0,0.5
0.0,1.0,0.0,1.0,0.66667,0.73333,0.08789,0.66667,0.43333,0.0,0.0,0.66667,0.0,0.2,0.03111,0.97061,0.0,1.0,1.0,0.82857,0.93333,0.81905,0.0,0.89852,1.0,0.14286,0.9871,0.71513,0.25,0.0,0.94961,0.92857,0.5,0.7,1.0,1.0,0.5,0.5,0.5,1.0,1.0,0.5,0.5,0.5,0.0,0.0,1.0,1.0,1.0,1.0,0.98921,0.3,0.33333,1.0,0.25,0.5,1.0,1.0,0.71429
1.0,0.5,1.0,0.5,0.73333,0.5,0.0881,0.73333,0.46667,0.0,0.0,0.66667,1.0,0.17333,0.03111,0.96752,0.0,1.0,1.0,0.82857,1.0,1.0,0.0,0.86696,1.0,0.14286,0.95697,0.67664,0.5,0.0,0.9529,1.0,1.0,0.7,1.0,1.0,0.5,0.5,0.5,1.0,1.0,0.5,0.5,0.5,0.0,0.0,1.0,1.0,1.0,1.0,0.98921,0.3,0.26667,0.75,0.66667,0.33333,1.0,1.0,1.0
1.0,0.5,1.0,0.5,0.66667,0.5,0.08933,0.66667,0.5,0.0,0.0,0.66667,1.0,0.16,0.03111,0.97201,0.0,1.0,1.0,0.82857,1.0,1.0,0.0,0.83041,1.0,0.14286,0.93346,0.65504,0.25,0.0,0.95982,1.0,1.0,0.7,1.0,1.0,0.5,0.5,0.5,1.0,1.0,0.5,0.5,0.5,0.0,0.0,1.0,1.0,1.0,1.0,0.98921,0.3,0.33333,1.0,0.75,0.5,1.0,0.75,1.0
1.0,0.5,1.0,0.5,0.66667,0.5,0.09241,0.66667,0.53333,0.0,0.0,0.66667,1.0,0.15556,0.03111,0.97478,0.0,1.0,1.0,0.84762,1.0,1.0,1.0,0.99477,1.0,0.14286,1.0,0.6323,0.5,0.0,0.8869,1.0,0.85714,0.7,1.0,1.0,0.5,0.5,0.5,1.0,1.0,0.5,0.5,0.5,0.0,0.0,1.0,1.0,1.0,1.0,0.98921,0.3,0.26667,0.75,0.66667,0.66667,1.0,0.75,1.0
1.0,0.5,1.0,0.5,0.66667,0.5,0.09532,0.66667,0.56667,0.0,0.0,0.66667,1.0,0.16,0.03111,0.99583,0.0,1.0,1.0,0.80952,1.0,1.0,0.0,0.97476,1.0,0.14286,1.0,0.75328,0.5,0.0,0.96519,1.0,0.85714,0.7,1.0,1.0,0.5,0.5,0.5,1.0,1.0,0.5,0.5,0.5,0.0,0.0,1.0,1.0,1.0,1.0,0.98921,0.3,0.26667,0.75,0.66667,0.66667,1.0,0.5,1.0
1.0,0.5,1.0,0.5,0.66667,0.5,0.0987,0.66667,0.6,0.0,0.0,0.66667,1.0,0.15111,0.03111,0.99691,0.0,0.99048,0.9619,0.78095,1.0,0.99048,0.0,0.94466,1.0,0.14286,1.0,0.72859,0.5,0.0,0.97246,1.0,1.0,0.7,1.0,1.0,0.5,0.5,0.5,1.0,1.0,0.5,0.5,0.5,0.0,0.0,1.0,1.0,1.0,1.0,0.98921,0.3,0.26667,0.75,0.66667,0.66667,1.0,0.75,1.0
1.0,0.5,1.0,0.5,0.66667,0.5,0.09903,0.66667,0.63333,0.0,0.0,0.66667,1.0,0.15111,0.03111,0.99586,0.0,1.0,0.9619,0.82857,1.0,1.0,0.0,0.72282,1.0,0.14286,0.90169,0.615,0.25,0.0,0.95835,1.0,0.85714,0.7,1.0,1.0,0.5,0.5,0.5,1.0,1.0,0.5,0.5,0.5,0.0,0.0,1.0,1.0,1.0,1.0,0.98921,0.3,0.26667,0.75,0.33333,0.33333,1.0,0.5,1.0
1.0,0.5,1.0,0.5,0.73333,0.5,0.09941,0.73333,0.66667,0.0,0.0,0.66667,1.0,0.15556,0.03111,0.99669,0.0,1.0,0.9619,0.82857,1.0,1.0,1.0,0.85952,1.0,0.14286,1.0,0.59,0.5,0.0,0.93209,1.0,0.85714,0.7,1.0,1.0,0.5,0.5,0.5,1.0,1.0,0.5,0.5,0.5,0.0,0.0,1.0,1.0,1.0,1.0,0.98921,0.3,0.26667,0.75,0.66667,0.66667,1.0,0.5,1.0
0.5,0.5,0.5,0.5,0.5,0.5,0.10478,0.8,0.73333,0.0,0.0,0.66667,0.0,0.11556,0.00889,0.0,0.99841,1.0,0.7619,0.89524,0.84762,0.5,1.0,0.73107,1.0,0.07143,0.91302,0.83996,0.0,0.0,1.0,0.78571,0.5,0.7,1.0,1.0,0.5,0.5,0.5,1.0,1.0,0.5,0.5,0.5,0.0,0.0,1.0,1.0,1.0,1.0,1.0,0.3,0.13333,1.0,0.0,1.0,1.0,1.0,0.5
0.0,0.5,0.0,0.5,0.66667,0.5,0.09281,0.66667,0.76667,0.0,0.0,0.66667,1.0,0.11556,0.00889,0.99979,0.0,0.94286,0.92381,0.86667,1.0,0.94286,1.0,0.98068,1.0,0.07143,0.90926,0.638,0.33333,0.0,0.89161,1.0,0.85714,0.7,1.0,1.0,0.5,0.5,0.5,1.0,1.0,0.5,0.5,0.5,0.0,0.0,1.0,1.0,1.0,1.0,1.0,0.3,0.2,0.66667,0.5,1.0,1.0,0.33333,1.0
0.5,0.5,0.5,0.5,0.5,0.5,0.01648,0.06667,0.06667,0.0,0.0,0.66667,0.0,0.39111,0.0,0.5,0.5,0.13333,1.0,1.0,1.0,0.5,1.0,0.9598,1.0,0.64286,0.23172,0.15535,0.0,0.0,0.76566,0.42857,0.5,0.7,1.0,1.0,0.5,0.5,0.5,1.0,1.0,0.5,0.5,0.5,0.5,0.5,1.0,1.0,1.0,0.5,0.5,0.3,0.33333,1.0,1.0,1.0,1.0,0.0,0.5
1.0,1.0,1.0,1.0,0.06667,0.06667,0.01806,0.06667,0.13333,0.0,0.0,0.66667,0.0,0.55111,0.0,0.96859,0.0,1.0,1.0,1.0,1.0,0.75238,0.0,0.82897,1.0,1.0,0.25609,0.14116,0.0,0.0,0.85495,0.0,0.64286,0.7,1.0,1.0,0.5,0.5,0.5,1.0,1.0,0.5,0.5,0.5,0.0,0.0,1.0,1.0,1.0,0.5,0.5,0.3,0.2,0.66667,1.0,1.0,1.0,0.0,1.0
0.0,1.0,0.0,1.0,0.06667,0.06667,0.01839,0.06667,0.2,0.0,0.0,0.66667,0.0,0.56444,0.0,0.91813,0.0,1.0,1.0,1.0,1.0,0.86667,0.0,0.91425,1.0,0.07143,0.25614,0.16163,0.0,0.0,0.93276,0.07143,0.92857,0.7,1.0,1.0,0.5,0.5,0.5,1.0,1.0,0.5,0.5,0.5,0.0,0.0,1.0,1.0,1.0,0.5,0.5,0.3,0.26667,0.75,1.0,1.0,1.0,0.0,1.0
1.0,0.5,0.0,0.5,0.06667,0.5,0.01786,0.06667,0.23333,0.0,0.0,0.66667,1.0,0.51111,0.0,0.91709,0.0,1.0,1.0,1.0,1.0,1.0,0.0,0.91098,1.0,0.07143,0.24989,0.15565,0.0,0.0,0.94894,1.0,1.0,0.7,1.0,1.0,0.5,0.5,0.5,1.0,1.0,0.5,0.5,0.5,0.0,0.0,1.0,1.0,1.0,0.5,0.5,0.3,0.2,0.5,0.5,1.0,1.0,0.75,1.0
1.0,0.5,0.0,0.5,0.06667,0.5,0.01766,0.06667,0.26667,0.0,0.0,0.66667,1.0,0.48444,0.0,0.93196,0.0,1.0,1.0,1.0,1.0,1.0,0.0,0.90675,1.0,0.07143,0.24858,0.15363,0.0,0.0,0.96,1.0,1.0,0.7,1.0,1.0,0.5,0.5,0.5,1.0,1.0,0.5,0.5,0.5,0.0,0.0,1.0,1.0,1.0,0.5,0.5,0.3,0.2,0.5,1.0,1.0,1.0,0.5,1.0
1.0,0.5,0.0,0.5,0.06667,0.5,0.01763,0.06667,0.3,0.0,0.0,0.66667,1.0,0.46222,0.0,0.94865,0.0,1.0,1.0,1.0,1.0,1.0,0.0,0.90425,1.0,0.07143,0.24887,0.15321,0.0,0.0,0.96722,1.0,1.0,0.7,1.0,1.0,0.5,0.5,0.5,1.0,1.0,0.5,0.5,0.5,0.0,0.0,1.0,1.0,1.0,0.5,0.5,0.3,0.2,0.5,1.0,1.0,1.0,0.5,1.0
1.0,1.0,1.0,1.0,0.06667,0.06667,0.01991,0.06667,0.36667,0.0,0.0,0.66667,0.0,0.44,0.0,0.97374,0.0,1.0,1.0,1.0,1.0,1.0,1.0,0.90918,1.0,0.07143,0.27924,0.1745,0.0,0.0,0.97756,1.0,1.0,0.7,1.0,1.0,0.5,0.5,0.5,1.0,1.0,0.5,0.5,0.5,0.0,0.0,1.0,1.0,1.0,0.5,0.5,0.3,0.2,0.5,1.0,1.0,1.0,0.0,1.0
1.0,1.0,0.0,1.0,0.06667,0.06667,0.02126,0.06667,0.43333,0.0,0.0,0.66667,0.0,0.43556,0.0,0.98836,0.0,1.0,1.0,1.0,1.0,1.0,1.0,0.91465,1.0,0.07143,0.2959,0.18526,0.0,0.0,0.98364,1.0,1.0,0.7,1.0,1.0,0.5,0.5,0.5,1.0,1.0,0.5,0.5,0.5,0.0,0.0,1.0,1.0,1.0,0.5,0.5,0.3,0.2,0.5,1.0,1.0,1.0,0.0,1.0
0.0,1.0,0.0,1.0,0.06667,0.06667,0.02186,0.06667,0.53333,0.0,0.0,0.66667,0.0,0.44444,0.01333,0.77774,0.0,0.94286,1.0,0.86667,1.0,0.86667,1.0,0.97505,1.0,0.07143,0.31904,0.18784,0.0,0.0,0.96162,1.0,0.92857,0.6,0.86667,0.86087,1.0,0.5,0.38711,1.0,1.0,0.5,0.5,0.5,0.0,0.0,1.0,1.0,1.0,0.0689,0.27551,0.4,0.2,0.4,1.0,1.0,1.0,0.0,1.0
0.0,0.0,0.0,0.0,0.06667,0.06667,0.01726,0.06667,0.6,0.0,0.0,0.66667,0.0,0.44,0.01778,0.948,0.0,1.0,1.0,0.86667,1.0,1.0,1.0,0.99265,1.0,0.07143,0.25684,0.14265,0.0,0.0,0.9551,1.0,1.0,0.7,1.0,1.0,0.5,0.5,0.5,1.0,1.0,0.5,0.5,0.5,0.0,0.0,1.0,1.0,1.0,0.0,0.2375,0.3,0.2,0.4,1.0,0.5,1.0,0.0,1.0
0.0,0.5,0.0,0.5,0.06667,0.5,0.01168,0.06667,0.63333,0.0,0.0,0.66667,1.0,0.45778,0.02667,0.0,0.98993,0.86667,1.0,0.75238,1.0,0.86667,0.0,0.98339,1.0,0.07143,0.20816,0.09457,0.0,0.0,0.98676,1.0,0.78571,0.1,0.93333,0.90451,0.29011,0.29011,0.29011,1.0,1.0,0.5,0.5,0.5,0.0,0.0,1.0,1.0,1.0,0.0,0.2375,0.9,0.2,0.33333,1.0,0.5,1.0,0.33333,1.0
0.0,0.0,0.0,0.0,0.06667,0.06667,0.00583,0.06667,0.76667,0.0,0.0,0.66667,0.0,0.33333,0.01778,0.96878,0.0,0.65714,1.0,0.48571,0.52381,0.58095,1.0,0.9594,1.0,0.07143,0.09133,0.05336,0.0,0.0,0.99435,0.64286,0.35714,0.06667,1.0,1.0,0.5,0.29011,0.5,1.0,1.0,0.5,0.5,0.5,0.05646,0.0,0.93333,1.0,1.0,0.0,0.2375,1.0,0.06667,0.0,1.0,0.0,1.0,0.0,1.0
1.0,0.0,0.0,0.0,0.06667,0.06667,0.00524,0.06667,0.83333,0.0,0.0,0.66667,0.0,0.32,0.01778,0.95404,0.0,1.0,0.65714,0.58095,0.90476,1.0,1.0,0.96664,1.0,0.07143,0.0815,0.0468,0.0,0.0,0.99318,0.07143,1.0,0.23333,1.0,1.0,0.5,0.29011,0.5,1.0,1.0,0.0,0.05911,0.99573,0.04609,0.82422,0.76667,1.0,1.0,0.0,0.05911,1.0,0.06667,0.0,1.0,0.0,1.0,0.0,1.0
0.5,0.5,0.5,0.5,0.5,0.5,0.00257,0.06667,0.33333,0.0,0.0,0.66667,0.0,0.05778,0.0,0.99861,0.0,1.0,0.98095,1.0,1.0,0.5,1.0,0.66825,1.0,0.14286,0.03655,0.01862,0.0,1.0,1.0,0.85714,0.5,0.7,1.0,1.0,0.5,0.5,0.5,1.0,1.0,0.5,0.5,0.5,0.0,0.0,1.0,1.0,1.0,0.5,0.5,0.3,0.13333,1.0,1.0,1.0,1.0,0.0,0.5
0.5,0.5,0.5,0.5,0.5,0.5,0.00203,0.06667,0.03333,0.0,0.0,0.66667,0.0,0.06667,0.0,0.5,0.5,0.5,0.5,0.5,0.5,0.5,0.5,0.0,0.0,0.35714,0.02761,0.01734,0.0,0.0,0.0,0.5,0.5,0.5,1.0,1.0,0.5,0.5,0.5,1.0,1.0,0.5,0.5,0.5,0.5,0.5,1.0,0.5,0.5,0.5,0.5,0.5,0.4,1.0,1.0,1.0,1.0,0.5,0.5
1.0,0.0,1.0,0.0,0.06667,0.06667,0.0,0.06667,0.16667,0.0,0.0,0.66667,0.0,0.2,0.01333,0.64743,0.0,1.0,0.95238,0.9619,1.0,0.70476,1.0,0.99497,1.0,0.07143,0.0,0.0,0.0,0.0,0.91843,0.92857,0.42857,0.0,1.0,1.0,0.5,0.5,0.5,1.0,1.0,0.5,0.5,0.5,0.0,0.0,1.0,1.0,1.0,0.5,0.5,1.0,0.06667,0.0,1.0,1.0,1.0,0.0,1.0
0.0,0.0,0.0,0.0,0.06667,0.06667,0.0,0.13333,0.6,0.0,0.0,0.66667,0.0,0.12444,0.01778,0.99869,0.0,1.0,1.0,0.78095,1.0,0.60952,1.0,0.99529,1.0,0.07143,0.0,0.0,0.0,0.0,0.82797,0.92857,0.57143,0.0,1.0,1.0,0.5,0.5,0.5,1.0,1.0,0.5,0.5,0.5,0.0,0.0,1.0,1.0,1.0,0.5,0.5,1.0,0.06667,0.0,1.0,1.0,1.0,0.57143,1.0
0.0,0.0,0.0,0.0,0.06667,0.06667,0.0,0.06667,0.8,0.0,0.0,0.66667,0.0,0.12889,0.02222,0.0,0.9945,1.0,1.0,0.82857,1.0,1.0,1.0,0.97731,1.0,0.07143,0.0,0.0,0.0,0.0,0.82037,0.71429,1.0,0.0,1.0,1.0,0.5,0.5,0.5,1.0,1.0,0.5,0.5,0.5,0.0,0.0,1.0,1.0,1.0,0.5,0.5,1.0,0.06667,0.0,1.0,1.0,1.0,0.0,1.0
1.0,0.5,1.0,0.5,0.13333,0.5,0.0,0.13333,0.83333,0.0,0.0,0.66667,1.0,0.12889,0.02222,0.0,0.99519,1.0,1.0,0.82857,1.0,1.0,1.0,0.99069,1.0,0.07143,0.0,0.0,0.0,0.0,0.80776,1.0,0.85714,0.0,1.0,1.0,0.5,0.5,0.5,1.0,1.0,0.5,0.5,0.5,0.0,0.0,1.0,1.0,1.0,0.5,0.5,1.0,0.06667,0.0,1.0,1.0,1.0,0.0,1.0
0.0,0.0,0.0,0.0,0.13333,0.06667,0.0,0.06667,0.9,0.0,0.0,0.66667,0.0,0.12889,0.02222,0.0,0.9855,1.0,1.0,0.82857,1.0,1.0,0.0,0.99168,1.0,0.07143,0.0,0.0,0.0,0.0,0.81914,0.71429,0.85714,0.0,1.0,1.0,0.5,0.5,0.5,1.0,1.0,0.5,0.5,0.5,0.0,0.0,1.0,1.0,1.0,0.5,0.5,1.0,0.06667,0.0,1.0,1.0,1.0,0.0,1.0
0.5,0.5,0.5,0.5,0.5,0.5,0.03562,0.2,0.03333,0.0,0.0,0.66667,0.0,0.06667,0.0,0.5,0.5,0.5,0.5,0.5,0.5,0.5,0.5,0.0,0.0,0.5,0.63436,0.31214,0.28571,0.0,0.0,0.5,0.5,0.5,1.0,1.0,0.5,0.5,0.5,1.0,1.0,0.5,0.5,0.5,0.5,0.5,1.0,0.5,0.5,0.5,0.5,0.5,0.53333,1.0,1.0,1.0,1.0,0.5,0.5
0.0,0.0,0.0,0.0,0.13333,0.06667,0.01206,0.06667,0.1,0.0,0.0,0.66667,0.0,0.16444,0.00889,0.47294,0.0,0.8381,0.9619,0.93333,1.0,0.82857,1.0,0.72957,1.0,0.07143,0.24971,0.126,0.0,0.0,0.89104,0.92857,0.5,0.0,0.93333,0.88941,0.18519,0.5,0.09804,1.0,1.0,0.5,0.5,0.5,0.0,0.0,1.0,1.0,1.0,0.5,0.5,1.0,0.06667,0.0,1.0,1.0,1.0,0.25,1.0
0.0,0.0,0.0,0.0,0.06667,0.06667,0.00048,0.06667,0.3,0.0,0.0,0.66667,0.0,0.31556,0.02667,0.0,0.9931,1.0,0.80952,0.80952,1.0,0.73333,1.0,0.97041,1.0,0.07143,0.00931,0.00435,0.0,0.0,0.89608,0.85714,0.64286,0.0,1.0,1.0,0.5,0.27257,0.5,1.0,1.0,0.5,0.5,0.5,0.0,0.0,1.0,1.0,1.0,0.5,0.5,1.0,0.06667,0.0,1.0,1.0,1.0,0.0,1.0
1.0,0.5,1.0,0.5,0.06667,0.5,0.00071,0.06667,0.33333,0.0,0.0,0.66667,1.0,0.26667,0.02667,0.98647,0.0,1.0,1.0,0.80952,1.0,1.0,1.0,0.99571,1.0,0.07143,0.01425,0.00645,0.0,0.0,0.89669,1.0,1.0,0.0,1.0,1.0,0.5,0.27257,0.5,1.0,1.0,0.5,0.5,0.5,0.0,0.0,1.0,1.0,1.0,0.5,0.5,1.0,0.06667,0.0,1.0,1.0,1.0,0.0,1.0
0.0,0.0,0.0,0.0,0.06667,0.06667,0.00064,0.06667,0.4,0.0,0.0,0.66667,0.0,0.17778,0.02667,0.9691,0.0,1.0,1.0,0.84762,1.0,0.98095,0.0,0.97074,1.0,0.07143,0.01326,0.00557,0.0,0.0,0.89236,0.92857,1.0,0.0,1.0,1.0,0.5,0.27257,0.5,1.0,1.0,0.5,0.5,0.5,0.0,0.0,1.0,1.0,1.0,0.5,0.5,1.0,0.06667,0.0,1.0,1.0,1.0,0.0,1.0
0.0,0.0,0.0,0.0,0.06667,0.06667,0.00035,0.06667,0.46667,0.0,0.0,0.66667,0.0,0.12889,0.03111,0.976,0.0,1.0,0.88571,0.8,1.0,0.69524,0.0,0.99663,1.0,0.07143,0.00524,0.003,0.0,0.0,0.91355,0.85714,0.71429,0.0,1.0,1.0,0.5,0.27257,0.5,1.0,1.0,0.5,0.5,0.5,0.0,0.0,1.0,1.0,1.0,0.5,0.5,1.0,0.06667,0.0,1.0,1.0,1.0,0.0,1.0
0.0,0.0,0.0,0.0,0.06667,0.06667,0.00028,0.06667,0.53333,0.0,0.0,0.66667,0.0,0.09778,0.03111,0.9785,0.0,0.99048,0.99048,0.78095,1.0,0.92381,1.0,0.97821,1.0,0.07143,0.0036,0.00212,0.0,0.0,0.97101,0.92857,0.78571,0.0,1.0,1.0,0.5,0.27257,0.5,1.0,1.0,0.5,0.5,0.5,0.0,0.0,1.0,1.0,1.0,0.5,0.5,1.0,0.06667,0.0,1.0,1.0,1.0,0.75,1.0
0.0,0.0,0.0,0.0,0.06667,0.06667,0.00022,0.06667,0.6,0.0,0.0,0.66667,0.0,0.07556,0.03111,0.98204,0.0,1.0,1.0,0.81905,0.79048,0.78095,0.0,0.77728,1.0,0.07143,0.00483,0.00186,0.0,0.0,0.94443,0.71429,0.64286,0.0,1.0,1.0,0.5,0.27257,0.5,1.0,1.0,0.5,0.5,0.5,0.0,0.0,1.0,1.0,1.0,0.5,0.5,1.0,0.06667,0.0,1.0,1.0,1.0,0.4,1.0
0.0,0.0,0.0,0.0,0.06667,0.06667,0.00016,0.06667,0.7,0.0,0.0,0.66667,0.0,0.06222,0.01778,0.99369,0.0,0.90476,0.98095,0.8381,1.0,0.8381,1.0,0.9404,1.0,0.14286,0.0026,0.0011,0.0,0.0,0.98705,1.0,0.71429,0.0,1.0,1.0,0.5,0.27257,0.5,1.0,1.0,0.5,0.5,0.5,0.0,0.0,1.0,1.0,1.0,0.5,0.5,1.0,0.06667,0.0,1.0,1.0,1.0,0.0,1.0
0.0,0.0,0.0,0.0,0.06667,0.06667,0.00015,0.06667,0.76667,0.0,0.0,0.66667,0.0,0.05778,0.01778,0.99179,0.0,1.0,0.98095,0.8381,1.0,1.0,0.0,0.72446,1.0,0.07143,0.0034,0.00132,0.0,0.0,0.94168,0.78571,0.78571,0.0,1.0,1.0,0.5,0.27257,0.5,1.0,1.0,0.5,0.5,0.5,0.0,0.0,1.0,1.0,1.0,0.5,0.5,1.0,0.06667,0.0,1.0,1.0,1.0,0.0,1.0
0.0,0.0,0.0,0.0,0.06667,0.06667,0.00015,0.06667,0.83333,0.0,0.0,0.66667,0.0,0.05778,0.01778,0.99069,0.0,1.0,0.98095,0.81905,1.0,0.92381,1.0,0.96385,1.0,0.07143,0.00241,0.00099,0.0,0.0,0.92485,1.0,0.92857,0.0,1.0,1.0,0.5,0.27257,0.5,1.0,1.0,0.5,0.5,0.5,0.0,0.0,1.0,1.0,1.0,0.5,0.5,1.0,0.06667,0.0,1.0,1.0,1.0,0.0,1.0
0.0,0.0,0.0,0.0,0.06667,0.06667,0.00013,0.06667,0.9,0.0,0.0,0.66667,0.0,0.04889,0.01333,0.97657,0.0,0.79048,1.0,0.81905,0.78095,0.79048,1.0,0.99241,1.0,0.07143,0.00191,0.00083,0.0,0.0,0.93493,0.71429,0.71429,0.0,1.0,1.0,0.5,0.27257,0.5,1.0,1.0,0.5,0.5,0.5,0.0,0.0,1.0,1.0,1.0,0.5,0.5,1.0,0.06667,0.0,1.0,1.0,1.0,0.0,1.0
0.5,0.5,0.5,0.5,0.5,0.5,0.00035,0.13333,0.66667,0.0,0.0,0.66667,0.0,0.07556,0.04889,0.0,0.96038,1.0,0.99048,0.91429,0.93333,0.5,1.0,0.98099,1.0,0.07143,0.00763,0.00343,0.125,0.0,0.88353,0.92857,0.5,0.0,1.0,1.0,0.5,0.5,0.5,1.0,1.0,0.5,0.5,0.5,0.0,0.0,1.0,1.0,1.0,0.02237,0.13716,1.0,0.06667,0.0,1.0,0.0,1.0,0.0,0.5
1.0,0.5,1.0,0.5,0.13333,0.5,0.00036,0.13333,0.7,0.0,0.0,0.66667,1.0,0.06667,0.04889,0.99115,0.0,1.0,0.99048,0.91429,1.0,1.0,0.0,0.96565,1.0,0.07143,0.00853,0.00344,0.125,0.0,0.88944,1.0,1.0,0.0,1.0,1.0,0.5,0.5,0.5,1.0,1.0,0.5,0.5,0.5,0.0,0.0,1.0,1.0,1.0,0.02237,0.13716,1.0,0.06667,0.0,1.0,0.0,1.0,0.0,1.0
1.0,0.5,1.0,0.5,0.13333,0.5,0.00039,0.13333,0.73333,0.0,0.0,0.66667,1.0,0.05778,0.04889,0.96643,0.0,1.0,0.99048,0.91429,1.0,1.0,0.0,0.91334,1.0,0.07143,0.00971,0.00343,0.125,0.0,0.89449,1.0,1.0,0.0,1.0,1.0,0.5,0.5,0.5,1.0,1.0,0.5,0.5,0.5,0.0,0.0,1.0,1.0,1.0,0.02237,0.13716,1.0,0.06667,0.0,1.0,0.0,1.0,0.0,1.0
1.0,0.5,1.0,0.5,0.26667,0.5,0.00041,0.26667,0.76667,0.0,0.0,0.66667,1.0,0.05333,0.04,0.96196,0.0,1.0,0.99048,0.91429,1.0,1.0,0.0,0.84391,1.0,0.07143,0.01157,0.00354,0.375,0.0,0.89685,1.0,1.0,0.0,1.0,1.0,0.5,0.5,0.5,1.0,1.0,0.5,0.5,0.5,0.0,0.0,1.0,1.0,1.0,0.02237,0.13716,1.0,0.06667,0.0,1.0,0.0,1.0,0.0,1.0
1.0,0.5,1.0,0.5,0.33333,0.5,0.00044,0.33333,0.8,0.0,0.0,0.66667,1.0,0.04444,0.04444,0.98527,0.0,0.77143,1.0,0.8381,1.0,0.77143,0.0,0.70061,1.0,0.07143,0.02168,0.00369,0.44444,0.0,0.93178,1.0,0.78571,0.0,1.0,1.0,0.5,0.5,0.5,1.0,1.0,0.5,0.5,0.5,0.0,0.0,1.0,1.0,1.0,0.02237,0.13716,1.0,0.06667,0.0,1.0,0.0,1.0,0.0,1.0
1.0,0.5,1.0,0.5,0.4,0.5,0.00047,0.4,0.83333,0.0,0.0,0.66667,1.0,0.04,0.04444,0.9679,0.0,1.0,1.0,0.8381,1.0,1.0,0.0,0.67133,1.0,0.07143,0.03033,0.00373,0.55556,0.0,0.93006,1.0,1.0,0.0,1.0,1.0,0.5,0.5,0.5,1.0,1.0,0.5,0.5,0.5,0.0,0.0,1.0,1.0,1.0,0.02237,0.13716,1.0,0.06667,0.0,1.0,0.0,1.0,0.0,1.0
1.0,0.5,1.0,0.5,0.46667,0.5,0.00049,0.46667,0.86667,0.0,0.0,0.66667,1.0,0.04,0.03556,0.97901,0.0,1.0,1.0,0.8381,1.0,1.0,0.0,0.66409,1.0,0.07143,0.03702,0.0038,0.66667,0.0,0.92884,1.0,1.0,0.0,1.0,1.0,0.5,0.5,0.5,1.0,1.0,0.5,0.5,0.5,0.0,0.0,1.0,1.0,1.0,0.02237,0.13716,1.0,0.06667,0.0,1.0,0.0,1.0,0.0,1.0
1.0,0.5,1.0,0.5,0.46667,0.5,0.0005,0.46667,0.9,0.0,0.0,0.66667,1.0,0.03556,0.04444,0.98962,0.0,1.0,0.91429,0.8381,1.0,1.0,0.0,0.66289,1.0,0.64286,0.00762,0.00383,0.0,0.0,1.0,1.0,0.42857,0.63333,1.0,1.0,0.5,0.5,0.5,1.0,1.0,0.5,0.5,0.5,0.0,0.0,1.0,1.0,1.0,0.02237,0.13716,0.36667,0.13333,1.0,1.0,1.0,1.0,0.0,1.0
0.5,0.5,0.5,0.5,0.5,0.5,0.05033,0.4,0.23333,0.0,0.0,0.66667,0.0,0.06667,0.00889,0.95617,0.0,0.98095,0.99048,0.99048,1.0,0.5,0.0,0.71326,1.0,0.07143,0.51293,0.34493,0.0,0.0,1.0,0.92857,0.5,0.7,1.0,1.0,0.5,0.5,0.5,1.0,1.0,0.5,0.5,0.5,0.0,0.0,1.0,1.0,1.0,1.0,0.83059,0.3,0.13333,1.0,1.0,1.0,1.0,0.0,0.5
0.5,0.5,0.5,0.5,0.5,0.5,0.11906,1.0,0.06667,0.0,0.0,0.66667,0.0,0.27556,0.0,0.5,0.5,0.62857,0.5619,1.0,1.0,0.5,1.0,0.71084,1.0,0.35714,1.0,1.0,1.0,0.0,0.77784,0.57143,0.5,0.7,1.0,1.0,0.5,0.5,0.5,1.0,1.0,0.5,0.5,0.5,0.5,0.5,1.0,1.0,1.0,0.5,0.5,0.33333,0.2,0.66667,0.5,1.0,1.0,1.0,0.5
0.5,0.5,0.5,0.5,0.5,0.5,0.01238,0.13333,0.03333,0.0,0.0,0.66667,0.0,0.06667,0.0,0.5,0.5,0.5,0.5,0.5,0.5,0.5,0.5,0.0,0.0,0.57143,0.24205,0.125,0.125,0.0,0.0,0.5,0.5,0.5,1.0,1.0,0.5,0.5,0.5,1.0,1.0,0.5,0.5,0.5,0.5,0.5,1.0,0.5,0.5,0.5,0.5,0.5,0.6,1.0,1.0,1.0,1.0,0.5,0.5
0.0,0.0,0.0,0.0,0.13333,0.06667,0.00047,0.13333,0.13333,0.0,0.0,0.66667,0.0,0.20889,0.02222,0.88234,0.0,0.82857,0.8381,0.84762,1.0,0.7619,1.0,0.97956,1.0,0.07143,0.00687,0.00384,0.0,0.0,0.92222,0.85714,0.5,0.46667,1.0,1.0,0.5,0.5,0.5,1.0,1.0,0.5,0.5,0.5,0.63468,0.0,0.53333,1.0,1.0,0.5,0.5,1.0,0.06667,0.0,1.0,1.0,1.0,0.0,1.0
0.0,0.0,0.0,0.0,0.13333,0.13333,0.00029,0.13333,0.23333,0.0,0.0,0.66667,0.0,0.31556,0.02667,0.93685,0.0,0.70476,1.0,0.70476,1.0,0.61905,0.0,0.58349,1.0,0.07143,0.00469,0.00334,0.14286,0.0,0.88948,1.0,0.28571,0.0,1.0,1.0,0.5,0.5,0.5,1.0,1.0,0.0,0.23644,0.5259,0.0,1.0,1.0,1.0,1.0,0.0,0.23644,1.0,0.06667,0.0,1.0,1.0,1.0,0.0,1.0
0.0,1.0,0.0,1.0,0.13333,0.13333,0.00025,0.13333,0.43333,0.0,0.0,0.66667,0.0,0.15111,0.03556,0.97415,0.0,0.80952,0.86667,0.77143,1.0,0.66667,1.0,0.96152,1.0,0.14286,0.00417,0.00208,0.0,0.0,0.96037,0.21429,0.21429,0.0,1.0,1.0,0.5,0.5,0.5,1.0,1.0,0.0,0.23644,0.5259,0.0,0.0,1.0,1.0,1.0,0.0,0.23644,1.0,0.06667,0.0,1.0,1.0,1.0,0.0,1.0
0.0,0.0,0.0,1.0,0.13333,0.13333,0.00025,0.13333,0.5,0.0,0.0,0.66667,0.0,0.08,0.04,0.0,0.89241,0.73333,1.0,0.72381,0.94286,0.82857,1.0,0.9876,1.0,0.07143,0.0042,0.00214,0.16667,0.0,0.89807,0.85714,0.14286,0.2,1.0,1.0,0.5,0.5,0.5,1.0,1.0,0.0,0.23644,0.5259,0.0,0.0,1.0,1.0,1.0,0.0,0.23644,0.8,0.2,0.33333,1.0,0.5,1.0,0.0,1.0
0.0,0.0,0.0,0.0,0.13333,0.13333,2e-05,0.13333,0.6,0.0,0.0,0.66667,0.0,0.05333,0.04,0.0,0.99138,0.99048,1.0,0.80952,1.0,0.93333,1.0,0.98846,1.0,0.07143,0.00028,0.00014,0.16667,0.0,0.89225,0.85714,1.0,0.0,1.0,1.0,0.5,0.29835,0.5,1.0,1.0,0.0,0.23644,0.5259,0.0,0.0,1.0,1.0,1.0,0.0,0.23644,1.0,0.06667,0.0,1.0,1.0,1.0,0.0,1.0
0.0,0.0,0.0,0.0,0.13333,0.13333,1e-05,0.13333,0.7,0.0,0.0,0.66667,0.0,0.05333,0.04,0.98716,0.0,1.0,1.0,0.80952,1.0,1.0,1.0,0.98859,1.0,0.07143,0.00022,0.00011,0.16667,0.0,0.88973,0.85714,1.0,0.0,1.0,1.0,0.5,0.29835,0.5,1.0,1.0,0.0,0.23644,0.5259,0.0,0.0,1.0,1.0,1.0,0.0,0.23644,1.0,0.06667,0.0,1.0,1.0,1.0,0.0,1.0
0.0,0.0,0.0,0.0,0.13333,0.13333,1e-05,0.13333,0.76667,0.0,0.0,0.66667,0.0,0.05333,0.04,0.9915,0.0,1.0,1.0,0.8,0.82857,1.0,1.0,0.9886,1.0,0.07143,0.00022,0.00011,0.16667,0.0,0.88885,0.35714,1.0,0.0,1.0,1.0,0.5,0.29835,0.5,1.0,1.0,0.0,0.23644,0.5259,0.0,0.0,1.0,1.0,1.0,0.0,0.23644,1.0,0.06667,0.0,1.0,1.0,1.0,0.0,1.0
0.0,0.0,0.0,0.0,0.13333,0.13333,1e-05,0.13333,0.83333,0.0,0.0,0.66667,0.0,0.05333,0.04,0.99542,0.0,0.97143,1.0,0.82857,0.90476,0.95238,0.0,0.98549,1.0,0.07143,0.00022,0.00011,0.16667,0.0,0.8883,0.78571,1.0,0.0,1.0,1.0,0.5,0.29835,0.5,1.0,1.0,0.0,0.23644,0.5259,0.0,0.0,1.0,1.0,1.0,0.0,0.23644,1.0,0.06667,0.0,1.0,1.0,1.0,0.0,1.0
0.0,0.0,0.0,1.0,0.13333,0.13333,1e-05,0.13333,0.9,0.0,0.0,0.66667,0.0,0.06667,0.04,0.0,0.99198,1.0,0.99048,0.84762,1.0,0.97143,1.0,0.98002,1.0,0.07143,0.00022,0.00012,0.16667,0.0,0.89238,0.85714,1.0,0.1,1.0,1.0,0.5,0.29835,0.5,1.0,1.0,0.0,0.23644,0.5259,0.0,0.0,1.0,1.0,1.0,0.0,0.23644,0.9,0.13333,0.16667,1.0,1.0,1.0,0.0,1.0
0.0,0.0,0.0,0.0,0.13333,0.13333,1e-05,0.13333,0.0,0.90909,0.0,0.66667,0.0,0.05333,0.04444,0.99374,0.0,1.0,0.99048,0.82857,0.89524,0.87619,0.0,0.89889,1.0,0.07143,0.00019,0.00011,0.25,0.0,0.83649,0.64286,0.71429,0.56667,1.0,1.0,0.5,0.29835,0.5,1.0,1.0,0.0,0.23644,0.5259,0.0,0.0,1.0,1.0,1.0,0.0,0.23644,1.0,0.06667,0.0,1.0,1.0,1.0,0.0,1.0
0.0,0.0,0.0,0.0,0.13333,0.13333,1e-05,0.13333,0.0,0.85714,0.0,0.66667,0.0,0.05778,0.04444,0.99671,0.0,1.0,0.99048,0.82857,0.8381,0.99048,0.0,0.89281,1.0,0.07143,0.00018,0.0001,0.25,0.0,0.8365,0.78571,1.0,0.66667,1.0,1.0,0.5,0.29835,0.5,1.0,1.0,0.0,0.23644,0.5259,0.0,0.0,1.0,1.0,1.0,0.0,0.18578,1.0,0.06667,0.0,1.0,1.0,1.0,0.0,0.0
0.0,0.0,0.0,0.0,0.13333,0.13333,1e-05,0.13333,0.0,0.81081,0.0,0.66667,0.0,0.05333,0.04444,0.99665,0.0,1.0,1.0,0.82857,0.8381,1.0,0.0,0.89179,1.0,0.07143,0.00016,9e-05,0.25,0.0,0.83651,0.78571,1.0,0.7,1.0,1.0,0.5,0.29835,0.5,1.0,1.0,0.0,0.23644,0.5259,0.0,0.0,1.0,1.0,1.0,0.0,0.1995,1.0,0.06667,0.0,1.0,1.0,1.0,0.0,0.0
0.0,0.0,0.0,0.0,0.13333,0.13333,1e-05,0.13333,0.0,0.76923,0.0,0.66667,0.0,0.05333,0.04444,0.99654,0.0,1.0,1.0,0.82857,0.89524,0.99048,0.0,0.89163,1.0,0.07143,0.00016,9e-05,0.25,0.0,0.83651,0.78571,1.0,0.7,1.0,1.0,0.5,0.29835,0.5,1.0,1.0,0.0,0.23644,0.5259,0.0,0.0,1.0,1.0,1.0,0.0,0.1995,1.0,0.06667,0.0,1.0,1.0,1.0,0.0,0.0
0.0,0.5,0.0,0.5,0.13333,0.5,1e-05,0.13333,0.0,0.75,0.0,0.66667,1.0,0.05778,0.04444,0.0,0.99495,1.0,0.99048,0.82857,1.0,1.0,0.0,0.88645,1.0,0.07143,0.00016,9e-05,0.25,0.0,0.83651,1.0,1.0,0.7,1.0,1.0,0.5,0.29835,0.5,1.0,1.0,0.0,0.23644,0.5259,0.0,0.0,1.0,1.0,1.0,0.0,0.1995,1.0,0.06667,0.0,1.0,1.0,1.0,0.0,0.0
0.5,0.5,0.5,0.5,0.5,0.5,0.02098,0.33333,0.03333,0.0,0.0,0.66667,0.0,0.06667,0.0,0.5,0.5,0.5,0.5,0.5,0.5,0.5,0.5,0.0,0.0,0.42857,0.36111,0.1625,0.33333,0.0,0.0,0.5,0.5,0.5,1.0,1.0,0.5,0.5,0.5,1.0,1.0,0.5,0.5,0.5,0.5,0.5,1.0,0.5,0.5,0.5,0.5,0.5,0.46667,1.0,1.0,1.0,1.0,0.5,0.5
1.0,0.5,1.0,0.5,0.33333,0.5,0.02334,0.33333,0.06667,0.0,0.0,0.66667,1.0,0.13333,0.0,0.5,0.5,0.57143,0.81905,1.0,1.0,0.57143,1.0,0.98704,1.0,0.07143,0.51806,0.21461,0.5,0.0,0.7955,1.0,0.42857,0.7,1.0,1.0,0.5,0.5,0.5,1.0,1.0,0.5,0.5,0.5,0.5,0.5,1.0,1.0,1.0,0.5,0.5,0.3,0.4,0.625,0.6,1.0,1.0,0.375,1.0
0.0,1.0,0.0,1.0,0.26667,0.33333,0.02157,0.2,0.43333,0.0,0.0,0.66667,0.0,0.07111,0.02222,0.96215,0.0,0.95238,0.92381,0.78095,1.0,0.5619,0.0,0.58251,1.0,0.14286,0.4129,0.26016,0.0,0.0,1.0,0.57143,0.35714,0.7,1.0,1.0,0.5,0.5,0.5,1.0,1.0,0.5,0.5,0.5,0.0,0.0,1.0,1.0,1.0,0.5,0.5,0.3,0.13333,1.0,1.0,1.0,1.0,0.0,1.0
0.0,1.0,0.0,1.0,0.2,0.4,0.03057,0.4,0.5,0.0,0.0,0.66667,0.0,0.08,0.02222,0.97388,0.0,0.92381,1.0,0.78095,1.0,0.92381,0.0,0.85295,1.0,0.14286,0.36688,0.18352,0.33333,0.0,0.8934,0.85714,0.71429,0.7,1.0,1.0,0.5,0.5,0.5,1.0,1.0,0.5,0.5,0.5,0.0,0.0,1.0,1.0,1.0,0.5,0.5,0.3,0.26667,1.0,1.0,0.33333,1.0,0.0,1.0
0.0,0.0,0.0,0.0,0.13333,0.13333,0.00485,0.13333,0.6,0.0,0.0,0.66667,0.0,0.05778,0.02667,0.95434,0.0,0.79048,0.94286,0.79048,1.0,0.86667,1.0,0.98255,1.0,0.07143,0.08666,0.03992,0.0,0.0,0.9429,1.0,0.5,0.0,1.0,1.0,0.5,0.13764,0.5,1.0,1.0,0.5,0.5,0.5,0.0,0.0,1.0,1.0,1.0,0.5,0.5,1.0,0.06667,0.0,1.0,1.0,1.0,0.0,1.0
0.0,0.0,0.0,0.0,0.13333,0.13333,0.0005,0.13333,0.66667,0.0,0.0,0.66667,0.0,0.05333,0.02667,0.97068,0.0,0.94286,1.0,0.84762,1.0,0.94286,1.0,0.98722,1.0,0.14286,0.00978,0.00411,0.0,0.0,0.93583,1.0,0.92857,0.0,0.93333,0.81119,0.30417,0.13764,0.30417,1.0,1.0,0.5,0.5,0.5,0.0,0.0,1.0,1.0,1.0,0.5,0.5,1.0,0.06667,0.0,1.0,1.0,1.0,0.0,1.0
0.0,0.0,0.0,0.0,0.13333,0.13333,6e-05,0.13333,0.73333,0.0,0.0,0.66667,0.0,0.06667,0.01778,0.97658,0.0,1.0,1.0,0.93333,0.81905,0.89524,0.0,0.77699,1.0,0.14286,0.00191,0.00058,0.14286,0.0,0.94702,0.71429,0.85714,0.0,1.0,1.0,0.5,0.13764,0.5,1.0,1.0,0.5,0.5,0.5,0.0,0.0,1.0,1.0,1.0,0.5,0.5,1.0,0.06667,0.0,1.0,1.0,1.0,0.0,1.0
0.0,0.0,0.0,0.0,0.13333,0.13333,6e-05,0.13333,0.83333,0.0,0.0,0.66667,0.0,0.06667,0.01333,0.99728,0.0,1.0,1.0,0.93333,1.0,1.0,0.0,0.76798,1.0,0.14286,0.00171,0.00058,0.14286,0.0,0.94263,1.0,1.0,0.0,1.0,1.0,0.5,0.13764,0.5,1.0,1.0,0.5,0.5,0.5,0.0,0.0,1.0,1.0,1.0,0.5,0.5,1.0,0.06667,0.0,1.0,1.0,1.0,0.0,1.0
0.0,0.0,1.0,0.0,0.2,0.2,6e-05,0.2,0.9,0.0,0.0,0.66667,0.0,0.05778,0.01778,0.99417,0.0,0.84762,1.0,0.8381,0.8,0.84762,1.0,0.93642,1.0,0.07143,0.00124,0.00049,0.14286,0.0,0.93501,0.85714,0.85714,0.0,1.0,1.0,0.5,0.13764,0.5,1.0,1.0,0.5,0.5,0.5,0.0,0.0,1.0,1.0,1.0,0.5,0.5,1.0,0.06667,0.0,1.0,1.0,1.0,0.0,1.0
0.0,0.0,0.0,0.0,0.2,0.2,5e-05,0.2,0.96667,0.0,0.0,0.66667,0.0,0.05333,0.01778,0.99266,0.0,0.94286,0.89524,0.85714,0.87619,0.94286,1.0,0.94509,1.0,0.07143,0.00097,0.00046,0.16667,0.0,0.92353,0.92857,0.92857,0.0,1.0,1.0,0.5,0.13764,0.5,1.0,1.0,0.5,0.5,0.5,0.0,0.0,1.0,1.0,1.0,0.5,0.5,1.0,0.06667,0.0,1.0,1.0,1.0,0.66667,1.0
0.0,0.0,0.0,0.0,0.2,0.2,5e-05,0.2,0.0,0.96774,0.0,0.66667,0.0,0.05778,0.00889,0.99259,0.0,1.0,0.89524,0.85714,1.0,1.0,0.0,0.95179,1.0,0.07143,0.00092,0.00042,0.16667,0.0,0.92803,0.85714,1.0,0.0,1.0,1.0,0.5,0.13764,0.5,1.0,1.0,0.5,0.5,0.5,0.0,0.0,1.0,1.0,1.0,0.5,0.5,1.0,0.06667,0.0,1.0,1.0,1.0,0.0,1.0
0.0,0.5,1.0,0.5,0.2,0.5,5e-05,0.2,0.0,0.9375,0.0,0.66667,1.0,0.05333,0.01333,0.99249,0.0,0.89524,1.0,0.94286,1.0,0.89524,0.0,0.78379,1.0,0.07143,0.00126,0.00042,0.33333,0.0,0.91995,1.0,0.85714,0.0,1.0,1.0,0.5,0.13764,0.5,1.0,1.0,0.5,0.5,0.5,0.0,0.0,1.0,1.0,1.0,0.5,0.5,1.0,0.06667,0.0,1.0,1.0,1.0,0.0,1.0
0.0,0.0,0.0,0.0,0.2,0.2,4e-05,0.2,0.0,0.88235,0.0,0.66667,0.0,0.05333,0.01333,0.99534,0.0,1.0,1.0,0.94286,0.87619,1.0,1.0,0.79193,1.0,0.07143,0.00099,0.00034,0.33333,0.0,0.9178,0.78571,1.0,0.0,1.0,1.0,0.5,0.13764,0.5,1.0,1.0,0.5,0.5,0.5,0.0,0.0,1.0,1.0,1.0,0.5,0.5,1.0,0.06667,0.0,1.0,1.0,1.0,0.5,1.0
0.0,0.0,0.0,0.0,0.2,0.2,3e-05,0.2,0.0,0.83333,0.0,0.66667,0.0,0.05778,0.01778,0.99867,0.0,0.99048,0.99048,0.94286,0.87619,1.0,1.0,0.7838,1.0,0.07143,0.00073,0.00028,0.33333,0.0,0.9164,0.78571,1.0,0.0,1.0,1.0,0.5,0.13764,0.5,1.0,1.0,0.5,0.5,0.5,0.0,0.0,1.0,1.0,1.0,0.5,0.5,1.0,0.06667,0.0,1.0,1.0,1.0,0.5,1.0
0.0,0.0,0.0,0.0,0.13333,0.13333,2e-05,0.13333,0.0,0.76923,0.0,0.66667,0.0,0.05333,0.01333,0.0,0.99505,1.0,1.0,0.8381,1.0,0.87619,1.0,0.99768,1.0,0.07143,0.00039,0.00021,0.0,0.0,0.93205,1.0,0.85714,0.0,1.0,1.0,0.5,0.13764,0.5,1.0,1.0,0.5,0.5,0.5,0.0,0.0,1.0,1.0,1.0,0.5,0.5,1.0,0.06667,0.0,1.0,1.0,1.0,0.0,1.0
0.5,0.5,0.5,0.5,0.5,0.5,0.23688,1.0,0.1,0.0,0.5,0.0,0.0,0.84,0.04,0.32628,0.0,0.6,1.0,1.0,1.0,0.5,1.0,0.9088,1.0,0.25,1.0,1.0,1.0,0.0,1.0,0.75,0.5,0.7,1.0,1.0,0.5,0.5,0.5,1.0,1.0,0.5,0.5,0.5,0.0,0.0,1.0,1.0,1.0,1.0,1.0,0.3,0.4,1.0,1.0,1.0,1.0,0.0,0.5
0.0,0.5,0.0,0.5,0.6,0.5,0.20521,0.6,0.13333,0.0,0.5,0.0,1.0,0.88,0.04,0.78718,0.0,1.0,0.4,1.0,1.0,1.0,1.0,0.92451,1.0,0.25,0.93296,0.87435,0.0,0.0,1.0,1.0,0.5,0.7,1.0,1.0,0.5,0.5,0.5,1.0,1.0,0.5,0.5,0.5,0.0,0.0,1.0,1.0,1.0,1.0,1.0,0.3,0.4,1.0,1.0,1.0,1.0,0.0,1.0
1.0,1.0,0.0,1.0,0.6,1.0,0.34467,1.0,0.3,0.0,0.5,0.0,0.0,0.68,0.08,0.98932,0.0,1.0,1.0,0.7,1.0,1.0,0.0,0.74246,1.0,0.0,1.0,1.0,1.0,0.0,1.0,0.75,0.75,0.7,1.0,1.0,0.5,0.5,0.5,1.0,1.0,0.5,0.5,0.5,0.0,0.0,1.0,1.0,1.0,1.0,1.0,1.0,0.2,1.0,1.0,0.0,1.0,1.0,1.0
1.0,0.5,1.0,0.5,1.0,0.5,0.34579,1.0,0.33333,0.0,0.5,0.0,1.0,0.68,0.08,0.96092,0.0,1.0,1.0,0.7,1.0,1.0,1.0,0.7473,1.0,0.0,1.0,1.0,1.0,0.0,1.0,1.0,1.0,0.7,1.0,1.0,0.5,0.5,0.5,1.0,1.0,0.5,0.5,0.5,0.0,0.0,1.0,1.0,1.0,1.0,1.0,1.0,0.2,1.0,1.0,0.0,1.0,1.0,1.0
0.0,0.5,0.0,0.5,1.0,0.5,0.33372,1.0,0.36667,0.0,0.5,0.0,1.0,0.6,0.08,0.95186,0.0,1.0,1.0,0.7,1.0,1.0,0.0,0.69607,1.0,0.0,1.0,1.0,1.0,0.0,1.0,1.0,1.0,0.7,1.0,1.0,0.5,0.5,0.5,1.0,1.0,0.5,0.5,0.5,0.0,0.0,1.0,1.0,1.0,1.0,1.0,1.0,0.2,1.0,1.0,0.0,1.0,1.0,1.0
0.0,0.5,0.0,0.5,1.0,0.5,0.31893,1.0,0.4,0.0,0.5,0.0,1.0,0.56,0.08,0.95581,0.0,1.0,1.0,0.7,1.0,1.0,0.0,0.63572,1.0,0.0,1.0,1.0,1.0,0.0,1.0,1.0,1.0,0.7,1.0,1.0,0.5,0.5,0.5,1.0,1.0,0.5,0.5,0.5,0.0,0.0,1.0,1.0,1.0,1.0,1.0,1.0,0.2,1.0,1.0,0.0,1.0,1.0,1.0
0.0,0.5,0.0,0.5,1.0,0.5,0.30479,1.0,0.43333,0.0,0.5,0.0,1.0,0.56,0.08,0.9647,0.0,1.0,1.0,0.7,1.0,1.0,0.0,0.58061,1.0,0.0,1.0,1.0,1.0,0.0,1.0,1.0,1.0,0.7,1.0,1.0,0.5,0.5,0.5,1.0,1.0,0.5,0.5,0.5,0.0,0.0,1.0,1.0,1.0,1.0,1.0,1.0,0.2,1.0,1.0,0.0,1.0,1.0,1.0
0.0,1.0,0.0,1.0,1.0,1.0,0.31916,1.0,0.5,0.0,0.5,0.0,0.0,0.48,0.04,0.97426,0.0,1.0,1.0,0.7,1.0,1.0,1.0,0.97327,1.0,0.25,1.0,1.0,1.0,0.0,1.0,0.75,0.75,0.7,1.0,1.0,0.5,0.5,0.5,1.0,1.0,0.5,0.5,0.5,0.0,0.0,1.0,1.0,1.0,1.0,1.0,0.8,0.4,1.0,1.0,1.0,1.0,0.0,1.0
0.0,1.0,0.0,1.0,1.0,1.0,0.33604,1.0,0.56667,0.0,0.5,0.0,0.0,0.44,0.08,0.98706,0.0,0.7,1.0,0.7,1.0,1.0,0.0,0.70577,1.0,0.0,1.0,1.0,1.0,0.0,1.0,1.0,0.75,0.7,1.0,1.0,0.5,0.5,0.5,1.0,1.0,0.5,0.5,0.5,0.0,0.0,1.0,1.0,1.0,1.0,1.0,1.0,0.2,1.0,1.0,0.0,1.0,0.0,0.75
0.0,1.0,0.0,1.0,1.0,1.0,0.35818,1.0,0.63333,0.0,0.5,0.0,0.0,0.44,0.08,0.98971,0.0,1.0,1.0,0.7,1.0,1.0,1.0,0.80185,1.0,0.0,1.0,1.0,1.0,0.0,1.0,1.0,1.0,0.7,1.0,1.0,0.5,0.5,0.5,1.0,1.0,0.5,0.5,0.5,0.0,0.0,1.0,1.0,1.0,1.0,1.0,1.0,0.2,1.0,1.0,0.0,1.0,0.0,1.0
1.0,0.5,1.0,0.5,1.0,0.5,0.36682,1.0,0.66667,0.0,0.5,0.0,1.0,0.44,0.08,0.99025,0.0,1.0,1.0,0.7,1.0,1.0,1.0,0.841,1.0,0.0,1.0,1.0,1.0,0.0,1.0,1.0,1.0,0.7,1.0,1.0,0.5,0.5,0.5,1.0,1.0,0.5,0.5,0.5,0.0,0.0,1.0,1.0,1.0,1.0,1.0,1.0,0.2,1.0,1.0,0.0,1.0,1.0,1.0
0.5,0.5,0.5,0.5,0.5,0.5,0.18374,0.6,0.1,0.0,0.5,0.0,0.0,0.8,0.0,1.0,0.0,1.0,0.4,1.0,1.0,0.5,0.0,0.83574,1.0,0.0,1.0,1.0,1.0,1.0,1.0,0.75,0.5,0.7,1.0,1.0,0.5,0.5,0.5,1.0,1.0,0.5,0.5,0.5,0.0,0.0,1.0,1.0,1.0,0.5,0.5,0.3,0.4,1.0,1.0,1.0,1.0,1.0,0.5
1.0,0.5,1.0,0.5,0.6,0.5,0.1902,0.6,0.13333,0.0,0.5,0.0,1.0,0.72,0.0,0.86171,0.0,1.0,1.0,1.0,1.0,1.0,0.0,0.82648,1.0,0.0,1.0,1.0,1.0,1.0,1.0,1.0,1.0,0.7,1.0,1.0,0.5,0.5,0.5,1.0,1.0,0.5,0.5,0.5,0.0,0.0,1.0,1.0,1.0,0.5,0.5,0.3,0.4,1.0,1.0,1.0,1.0,1.0,1.0
1.0,0.5,1.0,0.5,0.6,0.5,0.19708,0.6,0.16667,0.0,0.5,0.0,1.0,0.68,0.0,0.84768,0.0,1.0,1.0,1.0,1.0,1.0,0.0,0.82153,1.0,0.0,1.0,1.0,1.0,1.0,1.0,1.0,1.0,0.7,1.0,1.0,0.5,0.5,0.5,1.0,1.0,0.5,0.5,0.5,0.0,0.0,1.0,1.0,1.0,0.5,0.5,0.3,0.4,1.0,1.0,1.0,1.0,1.0,1.0
1.0,0.5,1.0,0.5,0.6,0.5,0.20037,0.6,0.2,0.0,0.5,0.0,1.0,0.52,0.0,0.86879,0.0,1.0,1.0,1.0,1.0,1.0,0.0,0.81566,1.0,0.0,1.0,1.0,1.0,0.0,1.0,1.0,1.0,0.7,1.0,1.0,0.5,0.5,0.5,1.0,1.0,0.5,0.5,0.5,0.0,0.0,1.0,1.0,1.0,0.5,0.5,0.3,0.4,1.0,1.0,1.0,1.0,1.0,1.0
1.0,0.5,1.0,0.5,0.8,0.5,0.20208,0.8,0.23333,0.0,0.5,0.0,1.0,0.44,0.0,0.89356,0.0,1.0,1.0,1.0,1.0,1.0,0.0,0.80825,1.0,0.0,1.0,1.0,1.0,0.0,1.0,1.0,1.0,0.7,1.0,1.0,0.5,0.5,0.5,1.0,1.0,0.5,0.5,0.5,0.0,0.0,1.0,1.0,1.0,0.5,0.5,0.3,0.4,1.0,1.0,1.0,1.0,1.0,1.0
1.0,0.5,1.0,0.5,0.8,0.5,0.20268,0.8,0.26667,0.0,0.5,0.0,1.0,0.4,0.0,0.92598,0.0,1.0,1.0,1.0,1.0,1.0,0.0,0.79964,1.0,0.0,1.0,1.0,1.0,0.0,1.0,1.0,1.0,0.7,1.0,1.0,0.5,0.5,0.5,1.0,1.0,0.5,0.5,0.5,0.0,0.0,1.0,1.0,1.0,0.5,0.5,0.3,0.4,1.0,1.0,1.0,1.0,1.0,1.0
1.0,0.5,0.0,0.5,0.8,0.5,0.20264,0.8,0.3,0.0,0.5,0.0,1.0,0.4,0.0,0.95352,0.0,1.0,1.0,1.0,1.0,1.0,0.0,0.79066,1.0,0.0,1.0,1.0,1.0,1.0,1.0,1.0,1.0,0.7,1.0,1.0,0.5,0.5,0.5,1.0,1.0,0.5,0.5,0.5,0.0,0.0,1.0,1.0,1.0,0.5,0.5,0.3,0.4,1.0,1.0,1.0,1.0,1.0,1.0
1.0,0.5,0.0,0.5,0.6,0.5,0.20219,0.6,0.33333,0.0,0.5,0.0,1.0,0.4,0.0,0.97012,0.0,1.0,1.0,1.0,1.0,1.0,0.0,0.78131,1.0,0.0,1.0,1.0,1.0,0.0,1.0,1.0,1.0,0.7,1.0,1.0,0.5,0.5,0.5,1.0,1.0,0.5,0.5,0.5,0.0,0.0,1.0,1.0,1.0,0.5,0.5,0.3,0.4,1.0,1.0,1.0,1.0,1.0,1.0
1.0,0.5,0.0,0.5,0.4,0.5,0.20145,0.4,0.36667,0.0,0.5,0.0,1.0,0.4,0.0,0.98009,0.0,1.0,1.0,1.0,1.0,1.0,0.0,0.77174,1.0,0.0,1.0,1.0,1.0,1.0,1.0,1.0,1.0,0.7,1.0,1.0,0.5,0.5,0.5,1.0,1.0,0.5,0.5,0.5,0.0,0.0,1.0,1.0,1.0,0.5,0.5,0.3,0.4,1.0,1.0,1.0,1.0,1.0,1.0
1.0,0.5,0.0,0.5,0.4,0.5,0.20053,0.4,0.4,0.0,0.5,0.0,1.0,0.4,0.0,0.98652,0.0,1.0,1.0,1.0,1.0,1.0,0.0,0.76201,1.0,0.0,1.0,1.0,1.0,1.0,1.0,1.0,1.0,0.7,1.0,1.0,0.5,0.5,0.5,1.0,1.0,0.5,0.5,0.5,0.0,0.0,1.0,1.0,1.0,0.5,0.5,0.3,0.4,1.0,1.0,1.0,1.0,1.0,1.0
1.0,0.5,0.0,0.5,0.4,0.5,0.19947,0.4,0.43333,0.0,0.5,0.0,1.0,0.4,0.0,0.99086,0.0,1.0,1.0,1.0,1.0,1.0,0.0,0.7522,1.0,0.0,1.0,1.0,1.0,0.0,1.0,1.0,1.0,0.7,1.0,1.0,0.5,0.5,0.5,1.0,1.0,0.5,0.5,0.5,0.0,0.0,1.0,1.0,1.0,0.5,0.5,0.3,0.4,1.0,1.0,1.0,1.0,1.0,1.0
1.0,0.5,0.0,0.5,0.4,0.5,0.19833,0.4,0.46667,0.0,0.5,0.0,1.0,0.4,0.0,0.994,0.0,1.0,1.0,1.0,1.0,1.0,0.0,0.74235,1.0,0.0,1.0,1.0,1.0,0.0,1.0,1.0,1.0,0.7,1.0,1.0,0.5,0.5,0.5,1.0,1.0,0.5,0.5,0.5,0.0,0.0,1.0,1.0,1.0,0.5,0.5,0.3,0.4,1.0,1.0,1.0,1.0,1.0,1.0
1.0,0.5,0.0,0.5,0.4,0.5,0.19709,0.4,0.5,0.0,0.5,0.0,1.0,0.4,0.0,0.9958,0.0,1.0,1.0,1.0,1.0,1.0,0.0,0.73224,1.0,0.0,1.0,1.0,1.0,0.0,1.0,1.0,1.0,0.7,1.0,1.0,0.5,0.5,0.5,1.0,1.0,0.5,0.5,0.5,0.0,0.0,1.0,1.0,1.0,0.5,0.5,0.3,0.4,1.0,1.0,1.0,1.0,1.0,1.0
1.0,0.5,0.0,0.5,0.4,0.5,0.1958,0.4,0.53333,0.0,0.5,0.0,1.0,0.4,0.0,0.99781,0.0,1.0,1.0,1.0,1.0,1.0,0.0,0.72208,1.0,0.0,1.0,1.0,1.0,0.0,1.0,1.0,1.0,0.7,1.0,1.0,0.5,0.5,0.5,1.0,1.0,0.5,0.5,0.5,0.0,0.0,1.0,1.0,1.0,0.5,0.5,0.3,0.4,1.0,1.0,1.0,1.0,1.0,1.0
1.0,0.5,0.0,0.5,0.4,0.5,0.19448,0.4,0.56667,0.0,0.5,0.0,1.0,0.4,0.0,0.9988,0.0,1.0,1.0,1.0,1.0,1.0,0.0,0.71192,1.0,0.0,1.0,1.0,1.0,1.0,1.0,1.0,1.0,0.7,1.0,1.0,0.5,0.5,0.5,1.0,1.0,0.5,0.5,0.5,0.0,0.0,1.0,1.0,1.0,0.5,0.5,0.3,0.4,1.0,1.0,1.0,1.0,1.0,1.0
1.0,0.5,0.0,0.5,0.4,0.5,0.19309,0.4,0.6,0.0,0.5,0.0,1.0,0.4,0.0,0.99987,0.0,1.0,1.0,1.0,1.0,1.0,0.0,0.70153,1.0,0.0,1.0,1.0,1.0,0.0,1.0,1.0,1.0,0.7,1.0,1.0,0.5,0.5,0.5,1.0,1.0,0.5,0.5,0.5,0.0,0.0,1.0,1.0,1.0,0.5,0.5,0.3,0.4,1.0,1.0,1.0,1.0,1.0,1.0
1.0,0.5,0.0,0.5,0.4,0.5,0.19172,0.4,0.63333,0.0,0.5,0.0,1.0,0.4,0.0,0.0,0.99973,1.0,1.0,1.0,1.0,1.0,0.0,0.69138,1.0,0.0,1.0,1.0,1.0,0.0,1.0,1.0,1.0,0.7,1.0,1.0,0.5,0.5,0.5,1.0,1.0,0.5,0.5,0.5,0.0,0.0,1.0,1.0,1.0,0.5,0.5,0.3,0.4,1.0,1.0,1.0,1.0,1.0,1.0
1.0,0.5,0.0,0.5,0.4,0.5,0.1903,0.4,0.66667,0.0,0.5,0.0,1.0,0.4,0.0,0.0,0.99915,1.0,1.0,1.0,1.0,1.0,0.0,0.68107,1.0,0.0,1.0,1.0,1.0,0.0,1.0,1.0,1.0,0.7,1.0,1.0,0.5,0.5,0.5,1.0,1.0,0.5,0.5,0.5,0.0,0.0,1.0,1.0,1.0,0.5,0.5,0.3,0.4,1.0,1.0,1.0,1.0,1.0,1.0
0.5,0.5,0.5,0.5,0.5,0.5,0.1788,0.2,0.1,0.0,0.5,0.0,0.0,0.32,0.0,0.91608,0.0,1.0,1.0,1.0,1.0,0.5,0.0,0.19982,0.49954,0.0,1.0,1.0,1.0,0.0,1.0,1.0,0.5,0.7,1.0,1.0,0.5,0.5,0.5,1.0,1.0,0.5,0.5,0.5,0.0,0.0,1.0,1.0,1.0,0.5,0.5,1.0,0.2,1.0,1.0,1.0,1.0,1.0,0.5
0.0,0.0,0.0,0.0,0.2,0.2,0.17871,0.2,0.16667,0.0,0.5,0.0,0.0,0.2,0.0,0.94416,0.0,1.0,1.0,1.0,1.0,1.0,0.0,0.19961,0.49903,0.0,1.0,1.0,1.0,0.0,1.0,1.0,1.0,0.7,1.0,1.0,0.5,0.5,0.5,1.0,1.0,0.5,0.5,0.5,0.0,0.0,1.0,1.0,1.0,0.5,0.5,1.0,0.2,1.0,1.0,1.0,1.0,1.0,0.25
0.0,0.0,0.0,0.0,0.2,0.2,0.17871,0.2,0.23333,0.0,0.5,0.0,0.0,0.2,0.0,0.96632,0.0,1.0,1.0,1.0,1.0,1.0,0.0,0.1996,0.49901,0.0,1.0,1.0,1.0,0.0,1.0,1.0,1.0,0.7,1.0,1.0,0.5,0.5,0.5,1.0,1.0,0.5,0.5,0.5,0.0,0.0,1.0,1.0,1.0,0.5,0.5,1.0,0.2,1.0,1.0,1.0,1.0,1.0,0.25
0.0,0.0,0.0,0.0,0.2,0.2,0.17871,0.2,0.3,0.0,0.5,0.0,0.0,0.2,0.0,0.9875,0.0,1.0,1.0,1.0,1.0,1.0,0.0,0.1996,0.49901,0.0,1.0,1.0,1.0,0.0,1.0,1.0,1.0,0.7,1.0,1.0,0.5,0.5,0.5,1.0,1.0,0.5,0.5,0.5,0.0,0.0,1.0,1.0,1.0,0.5,0.5,1.0,0.2,1.0,1.0,1.0,1.0,1.0,0.25
0.5,0.5,0.5,0.5,0.5,0.5,0.00411,0.6,0.5,0.0,0.5,0.0,0.0,0.16,0.2,0.0,0.93036,1.0,1.0,0.8,0.8,0.5,0.0,0.98657,1.0,0.25,0.02113,0.01068,0.0,1.0,1.0,0.75,0.5,0.0,1.0,1.0,0.5,0.5,0.5,1.0,1.0,0.5,0.5,0.5,0.0,0.0,1.0,1.0,1.0,1.0,1.0,1.0,0.2,0.0,1.0,0.0,1.0,0.0,0.5
0.0,0.5,0.0,0.5,0.6,0.5,0.00277,0.6,0.53333,0.0,0.5,0.0,1.0,0.12,0.2,0.0,0.9685,1.0,1.0,0.8,1.0,1.0,0.0,0.0001,0.00025,0.0,1.0,1.0,1.0,0.0,1.0,1.0,0.75,0.0,1.0,1.0,0.5,0.5,0.5,1.0,1.0,0.5,0.5,0.5,0.0,0.0,1.0,1.0,1.0,1.0,1.0,1.0,0.2,1.0,1.0,0.0,1.0,1.0,1.0
0.0,0.5,0.0,0.5,0.6,0.5,0.00258,0.6,0.56667,0.0,0.5,0.0,1.0,0.12,0.2,0.0,0.98473,1.0,1.0,0.8,1.0,1.0,0.0,0.0001,0.00025,0.0,1.0,1.0,1.0,0.0,1.0,1.0,1.0,0.0,1.0,1.0,0.5,0.5,0.5,1.0,1.0,0.5,0.5,0.5,0.0,0.0,1.0,1.0,1.0,1.0,1.0,1.0,0.2,1.0,1.0,0.0,1.0,1.0,1.0
0.0,0.5,0.0,0.5,0.6,0.5,0.00254,0.6,0.6,0.0,0.5,0.0,1.0,0.12,0.2,0.0,0.99489,1.0,1.0,0.8,1.0,1.0,0.0,0.0001,0.00025,0.0,1.0,1.0,1.0,0.0,1.0,1.0,1.0,0.0,1.0,1.0,0.5,0.5,0.5,1.0,1.0,0.5,0.5,0.5,0.0,0.0,1.0,1.0,1.0,1.0,1.0,1.0,0.2,1.0,1.0,0.0,1.0,1.0,1.0
0.5,0.5,0.5,0.5,0.5,0.5,0.2358,1.0,0.3,0.0,0.5,0.0,0.0,0.56,0.0,0.97589,0.0,1.0,1.0,1.0,1.0,0.5,0.0,0.91166,1.0,0.25,1.0,1.0,1.0,1.0,1.0,0.75,0.5,0.7,1.0,1.0,0.5,0.5,0.5,1.0,1.0,0.5,0.5,0.5,0.0,0.0,1.0,1.0,1.0,0.5,0.5,0.3,0.4,1.0,0.0,1.0,1.0,1.0,0.5
1.0,0.5,0.0,0.5,1.0,0.5,0.23314,1.0,0.33333,0.0,0.5,0.0,1.0,0.56,0.0,0.98835,0.0,1.0,1.0,1.0,1.0,1.0,1.0,0.92401,1.0,0.25,1.0,1.0,1.0,0.0,0.9943,1.0,1.0,0.7,1.0,1.0,0.5,0.5,0.5,1.0,1.0,0.5,0.5,0.5,0.0,0.0,1.0,1.0,1.0,0.5,0.5,0.3,0.4,1.0,0.0,1.0,1.0,1.0,1.0
0.0,0.0,0.0,0.0,0.6,0.6,0.13548,0.2,0.63333,0.0,0.5,0.0,0.0,0.4,0.0,0.97533,0.0,0.8,1.0,1.0,1.0,0.5,0.0,0.48282,1.0,0.0,0.97488,0.951,0.0,0.0,1.0,0.5,0.5,0.7,1.0,1.0,0.5,0.5,0.5,1.0,1.0,0.5,0.5,0.5,0.0,0.0,1.0,1.0,1.0,0.5,0.5,0.3,0.4,1.0,0.0,1.0,1.0,1.0,1.0
0.5,0.5,0.5,0.5,0.5,0.5,0.41926,0.8,0.63333,0.0,0.5,0.0,0.0,0.24,0.12,0.98875,0.0,1.0,1.0,1.0,1.0,0.5,1.0,0.90602,1.0,0.0,1.0,1.0,1.0,0.0,1.0,1.0,0.5,0.7,1.0,1.0,0.5,0.5,0.5,1.0,1.0,0.5,0.5,0.5,0.0,0.0,1.0,1.0,1.0,1.0,0.51378,1.0,0.2,1.0,1.0,0.0,1.0,1.0,0.5
0.5,0.5,0.5,0.5,0.5,0.5,0.18936,0.4,0.23333,0.0,0.5,0.0,0.0,0.4,0.04,0.94362,0.0,1.0,0.8,1.0,1.0,0.5,0.0,0.67533,1.0,0.0,1.0,1.0,1.0,0.0,1.0,0.75,0.5,0.7,1.0,1.0,0.5,0.5,0.5,1.0,1.0,0.5,0.5,0.5,0.0,0.0,1.0,1.0,1.0,0.5,0.5,0.3,0.4,1.0,0.0,1.0,1.0,1.0,0.5
0.0,1.0,0.0,1.0,0.4,0.4,0.21901,0.6,0.96667,0.0,0.5,0.0,0.0,0.24,0.04,0.99575,0.0,0.8,1.0,1.0,1.0,0.8,0.0,0.70497,1.0,0.25,0.94369,0.89339,0.0,0.0,0.91363,1.0,0.5,0.7,1.0,1.0,0.5,0.5,0.5,1.0,1.0,0.5,0.5,0.5,0.0,0.0,1.0,1.0,1.0,0.5,0.5,0.3,0.4,1.0,1.0,1.0,1.0,1.0,1.0
0.5,0.5,0.5,0.5,0.5,0.5,0.28031,1.0,0.1,0.0,0.5,0.0,0.0,0.64,0.04,0.34665,0.0,0.6,0.6,0.6,1.0,0.5,1.0,0.88069,1.0,0.25,1.0,1.0,1.0,0.0,1.0,0.75,0.5,0.7,1.0,1.0,0.5,0.5,0.5,1.0,1.0,0.5,0.5,0.5,0.0,0.0,1.0,1.0,1.0,1.0,1.0,0.4,0.4,1.0,1.0,1.0,1.0,0.0,0.5
0.0,0.0,0.0,0.0,1.0,1.0,0.23954,1.0,0.16667,0.0,0.5,0.0,0.0,0.76,0.04,0.85116,0.0,1.0,1.0,1.0,1.0,0.6,1.0,0.90697,1.0,0.0,1.0,1.0,1.0,0.0,1.0,0.75,1.0,0.7,1.0,1.0,0.5,0.5,0.5,1.0,1.0,0.5,0.5,0.5,0.0,0.0,1.0,1.0,1.0,1.0,1.0,0.3,0.4,1.0,1.0,1.0,1.0,1.0,1.0
1.0,0.5,1.0,0.5,1.0,0.5,0.24164,1.0,0.2,0.0,0.5,0.0,1.0,0.72,0.04,0.8867,0.0,1.0,1.0,1.0,1.0,1.0,0.0,0.76559,1.0,0.0,1.0,1.0,1.0,0.0,0.97473,1.0,1.0,0.7,1.0,1.0,0.5,0.5,0.5,1.0,1.0,0.5,0.5,0.5,0.0,0.0,1.0,1.0,1.0,1.0,1.0,0.3,0.4,1.0,0.0,1.0,1.0,1.0,1.0
1.0,0.5,1.0,0.5,1.0,0.5,0.24629,1.0,0.23333,0.0,0.5,0.0,1.0,0.68,0.04,0.91787,0.0,1.0,1.0,1.0,1.0,1.0,0.0,0.65061,1.0,0.0,1.0,1.0,1.0,0.0,0.9556,1.0,1.0,0.7,1.0,1.0,0.5,0.5,0.5,1.0,1.0,0.5,0.5,0.5,0.0,0.0,1.0,1.0,1.0,1.0,1.0,0.3,0.4,1.0,0.0,1.0,1.0,1.0,1.0
1.0,0.5,0.0,0.5,1.0,0.5,0.23927,1.0,0.26667,0.0,0.5,0.0,1.0,0.68,0.04,0.97107,0.0,1.0,1.0,1.0,1.0,1.0,1.0,0.6761,1.0,0.0,1.0,1.0,1.0,0.0,0.94672,1.0,1.0,0.7,1.0,1.0,0.5,0.5,0.5,1.0,1.0,0.5,0.5,0.5,0.0,0.0,1.0,1.0,1.0,1.0,1.0,0.3,0.4,1.0,0.0,1.0,1.0,1.0,1.0
1.0,1.0,0.0,1.0,0.8,1.0,0.31586,1.0,0.4,0.0,0.5,0.0,0.0,0.64,0.08,0.97932,0.0,1.0,1.0,1.0,1.0,1.0,0.0,0.38622,0.96556,0.0,1.0,1.0,1.0,0.0,0.99666,1.0,1.0,0.7,1.0,1.0,0.5,0.5,0.5,1.0,1.0,0.5,0.5,0.5,0.0,0.0,1.0,1.0,1.0,1.0,1.0,0.3,0.4,1.0,1.0,1.0,1.0,1.0,1.0
1.0,0.5,0.0,0.5,1.0,0.5,0.30798,1.0,0.43333,0.0,0.5,0.0,1.0,0.64,0.08,0.98267,0.0,1.0,1.0,1.0,1.0,1.0,0.0,0.34913,0.87281,0.0,1.0,1.0,1.0,0.0,0.99624,1.0,1.0,0.7,1.0,1.0,0.5,0.5,0.5,1.0,1.0,0.5,0.5,0.5,0.0,0.0,1.0,1.0,1.0,1.0,1.0,0.3,0.4,1.0,1.0,1.0,1.0,1.0,1.0
1.0,0.5,0.0,0.5,1.0,0.5,0.30228,1.0,0.46667,0.0,0.5,0.0,1.0,0.6,0.08,0.98441,0.0,1.0,1.0,1.0,1.0,1.0,0.0,0.31441,0.78602,0.0,1.0,1.0,1.0,0.0,0.99519,1.0,1.0,0.7,1.0,1.0,0.5,0.5,0.5,1.0,1.0,0.5,0.5,0.5,0.0,0.0,1.0,1.0,1.0,1.0,1.0,0.3,0.4,1.0,1.0,1.0,1.0,1.0,1.0
1.0,0.5,0.0,0.5,1.0,0.5,0.29394,1.0,0.5,0.0,0.5,0.0,1.0,0.6,0.08,0.97776,0.0,1.0,1.0,1.0,1.0,1.0,0.0,0.31333,0.78333,0.0,1.0,1.0,1.0,0.0,0.99251,1.0,1.0,0.7,1.0,1.0,0.5,0.5,0.5,1.0,1.0,0.5,0.5,0.5,0.0,0.0,1.0,1.0,1.0,1.0,1.0,0.3,0.4,1.0,1.0,1.0,1.0,1.0,1.0
1.0,0.5,0.0,0.5,0.8,0.5,0.2853,0.8,0.53333,0.0,0.5,0.0,1.0,0.6,0.08,0.97645,0.0,1.0,1.0,1.0,1.0,1.0,1.0,0.32526,0.81315,0.0,0.99778,0.99556,0.0,0.0,0.9895,1.0,1.0,0.7,1.0,1.0,0.5,0.5,0.5,1.0,1.0,0.5,0.5,0.5,0.0,0.0,1.0,1.0,1.0,1.0,1.0,0.3,0.4,1.0,1.0,1.0,1.0,1.0,1.0
1.0,0.5,0.0,0.5,0.8,0.5,0.27753,0.8,0.56667,0.0,0.5,0.0,1.0,0.6,0.08,0.97832,0.0,1.0,1.0,1.0,1.0,1.0,1.0,0.3413,0.85325,0.0,0.98012,0.96102,0.0,0.0,0.98684,1.0,1.0,0.7,1.0,1.0,0.5,0.5,0.5,1.0,1.0,0.5,0.5,0.5,0.0,0.0,1.0,1.0,1.0,1.0,1.0,0.3,0.4,1.0,1.0,1.0,1.0,1.0,1.0
0.0,1.0,0.0,0.0,0.8,0.8,0.27073,0.8,0.63333,0.0,0.5,0.0,0.0,0.6,0.08,0.98499,0.0,1.0,1.0,1.0,1.0,1.0,1.0,0.39164,0.9791,0.0,0.98507,0.97058,0.0,0.0,0.98447,0.75,1.0,0.7,1.0,1.0,0.5,0.5,0.5,1.0,1.0,0.5,0.5,0.5,0.0,0.0,1.0,1.0,1.0,1.0,1.0,0.3,0.4,1.0,1.0,1.0,1.0,1.0,1.0
0.0,1.0,0.0,0.0,0.8,0.8,0.25943,0.8,0.7,0.0,0.5,0.0,0.0,0.52,0.08,0.99105,0.0,1.0,1.0,1.0,1.0,1.0,1.0,0.46015,1.0,0.0,0.98145,0.96358,0.0,0.0,0.98362,0.75,1.0,0.7,1.0,1.0,0.5,0.5,0.5,1.0,1.0,0.5,0.5,0.5,0.0,0.0,1.0,1.0,1.0,1.0,1.0,0.3,0.4,1.0,1.0,1.0,1.0,1.0,1.0
0.0,0.5,0.0,0.5,0.8,0.5,0.24296,0.8,0.73333,0.0,0.5,0.0,1.0,0.48,0.08,0.993,0.0,1.0,1.0,1.0,1.0,1.0,1.0,0.49841,1.0,0.0,0.93877,0.88461,0.0,0.0,0.98149,1.0,1.0,0.7,1.0,1.0,0.5,0.5,0.5,1.0,1.0,0.5,0.5,0.5,0.0,0.0,1.0,1.0,1.0,1.0,1.0,0.3,0.4,1.0,1.0,1.0,1.0,1.0,1.0
1.0,0.5,0.0,0.5,0.8,0.5,0.2324,0.8,0.76667,0.0,0.5,0.0,1.0,0.44,0.08,0.99855,0.0,1.0,1.0,1.0,1.0,1.0,1.0,0.5217,1.0,0.0,0.90944,0.83393,0.0,0.0,0.9797,1.0,1.0,0.7,1.0,1.0,0.5,0.5,0.5,1.0,1.0,0.5,0.5,0.5,0.0,0.0,1.0,1.0,1.0,1.0,1.0,0.3,0.4,1.0,1.0,1.0,1.0,1.0,1.0
1.0,0.5,0.0,0.5,0.8,0.5,0.22478,0.8,0.8,0.0,0.5,0.0,1.0,0.44,0.08,0.0,0.99869,1.0,1.0,1.0,1.0,1.0,1.0,0.53925,1.0,0.0,0.88798,0.79853,0.0,0.0,0.97832,1.0,1.0,0.7,1.0,1.0,0.5,0.5,0.5,1.0,1.0,0.5,0.5,0.5,0.0,0.0,1.0,1.0,1.0,1.0,1.0,0.3,0.4,1.0,1.0,1.0,1.0,1.0,1.0
0.5,0.5,0.5,0.5,0.5,0.5,0.16698,0.2,0.43333,0.0,0.5,0.0,0.0,0.2,0.0,0.99464,0.0,1.0,1.0,1.0,1.0,0.5,0.0,0.17427,0.43568,0.0,1.0,1.0,1.0,0.0,1.0,1.0,0.5,0.7,1.0,1.0,0.5,0.5,0.5,1.0,1.0,0.5,0.5,0.5,0.0,0.0,1.0,1.0,1.0,0.5,0.5,1.0,0.2,1.0,1.0,1.0,1.0,1.0,0.5
0.5,0.5,0.5,0.5,0.5,0.5,0.28249,0.6,0.86667,0.0,0.5,0.0,0.0,0.36,0.16,0.97593,0.0,1.0,1.0,0.9,0.9,0.5,1.0,0.49877,1.0,0.0,1.0,1.0,1.0,0.0,1.0,1.0,0.5,0.7,1.0,1.0,0.5,0.5,0.5,1.0,1.0,0.5,0.5,0.5,0.0,0.0,1.0,1.0,1.0,1.0,0.18436,1.0,0.2,1.0,1.0,0.0,1.0,1.0,0.5
0.5,0.5,0.5,0.5,0.5,0.5,0.45578,1.0,0.66667,0.0,0.5,0.0,0.0,0.2,0.28,0.99961,0.0,1.0,1.0,0.7,1.0,0.5,0.0,0.9035,1.0,0.5,1.0,1.0,1.0,0.0,1.0,0.75,0.5,0.7,1.0,1.0,0.5,0.5,0.5,1.0,1.0,0.5,0.5,0.5,0.0,0.0,1.0,1.0,1.0,1.0,0.55333,1.0,0.2,1.0,1.0,0.0,1.0,1.0,0.5
0.5,0.5,0.5,0.5,0.5,0.5,0.26034,1.0,0.0,0.75,0.5,0.0,0.0,0.32,0.0,0.99167,0.0,1.0,1.0,1.0,1.0,0.5,0.0,0.42361,1.0,0.25,1.0,1.0,1.0,1.0,1.0,0.75,0.5,0.7,1.0,1.0,0.5,0.5,0.5,1.0,1.0,0.5,0.5,0.5,0.0,0.0,1.0,1.0,1.0,0.5,0.5,1.0,0.2,1.0,1.0,1.0,1.0,1.0,0.5
0.5,0.5,0.5,0.5,0.5,0.5,0.10721,0.2,0.4,0.0,0.5,0.0,0.0,0.76,0.04,0.98324,0.0,1.0,1.0,1.0,1.0,0.5,0.0,0.98335,1.0,0.25,0.55051,0.37979,0.0,0.0,0.77109,0.5,0.5,0.7,1.0,1.0,0.5,0.5,0.5,1.0,1.0,0.5,0.5,0.5,0.0,0.0,1.0,1.0,1.0,0.97652,1.0,1.0,0.2,0.0,1.0,0.0,1.0,0.0,0.5
0.0,0.5,0.0,0.5,0.2,0.5,0.09922,0.2,0.43333,0.0,0.5,0.0,1.0,0.72,0.04,0.98306,0.0,1.0,1.0,1.0,1.0,1.0,1.0,0.98703,1.0,0.25,0.50662,0.33924,0.0,0.0,0.77015,1.0,1.0,0.7,1.0,1.0,0.5,0.5,0.5,1.0,1.0,0.5,0.5,0.5,0.0,0.0,1.0,1.0,1.0,0.97652,1.0,1.0,0.2,0.0,1.0,0.0,1.0,0.0,0.5
0.0,0.0,0.0,0.0,0.2,0.2,0.08433,0.2,0.5,0.0,0.5,0.0,0.0,0.72,0.04,0.99178,0.0,1.0,1.0,1.0,1.0,1.0,0.0,0.87599,1.0,0.25,0.53026,0.36078,0.0,0.0,1.0,0.75,0.5,0.7,1.0,1.0,0.5,0.5,0.5,1.0,1.0,0.5,0.5,0.5,0.0,0.0,1.0,1.0,1.0,0.97652,1.0,1.0,0.2,0.0,1.0,0.0,1.0,0.0,0.5
0.0,0.0,0.0,0.0,0.2,0.2,0.07127,0.2,0.56667,0.0,0.5,0.0,0.0,0.6,0.04,0.99876,0.0,1.0,1.0,1.0,1.0,1.0,1.0,0.93436,1.0,0.25,0.40104,0.25081,0.0,0.0,0.76939,0.5,0.5,0.7,1.0,1.0,0.5,0.5,0.5,1.0,1.0,0.5,0.5,0.5,0.0,0.0,1.0,1.0,1.0,0.97652,1.0,1.0,0.2,0.0,1.0,0.0,1.0,0.0,0.25
0.0,0.0,0.0,0.0,0.2,0.2,0.05978,0.2,0.63333,0.0,0.5,0.0,0.0,0.52,0.08,0.0,0.99794,1.0,1.0,1.0,1.0,1.0,0.0,0.91603,1.0,0.25,0.35007,0.21217,0.0,0.0,0.76941,0.5,1.0,0.7,1.0,1.0,0.5,0.5,0.5,1.0,1.0,0.5,0.5,0.5,0.0,0.0,1.0,1.0,1.0,0.97652,1.0,1.0,0.2,0.0,1.0,0.0,1.0,0.0,0.25
0.0,0.5,0.0,0.5,0.2,0.5,0.05464,0.2,0.66667,0.0,0.5,0.0,1.0,0.52,0.08,0.0,0.99699,1.0,1.0,1.0,1.0,1.0,0.0,0.90921,1.0,0.25,0.32513,0.19412,0.0,0.0,0.76946,1.0,1.0,0.7,1.0,1.0,0.5,0.5,0.5,1.0,1.0,0.5,0.5,0.5,0.0,0.0,1.0,1.0,1.0,0.97652,1.0,1.0,0.2,0.0,1.0,0.0,1.0,0.0,0.5
0.0,0.0,0.0,0.0,0.2,0.2,0.04555,0.2,0.73333,0.0,0.5,0.0,0.0,0.52,0.08,0.0,0.99619,1.0,1.0,1.0,1.0,1.0,0.0,0.90536,1.0,0.25,0.27439,0.15901,0.0,0.0,0.76958,0.5,1.0,0.7,1.0,1.0,0.5,0.5,0.5,1.0,1.0,0.5,0.5,0.5,0.0,0.0,1.0,1.0,1.0,0.97652,1.0,1.0,0.2,0.0,1.0,0.0,1.0,0.0,0.5
0.0,0.5,0.0,0.5,0.2,0.5,0.04155,0.2,0.76667,0.0,0.5,0.0,1.0,0.52,0.08,0.0,0.99604,1.0,1.0,1.0,1.0,1.0,0.0,0.89975,1.0,0.25,0.25387,0.14539,0.0,0.0,0.76964,1.0,1.0,0.7,1.0,1.0,0.5,0.5,0.5,1.0,1.0,0.5,0.5,0.5,0.0,0.0,1.0,1.0,1.0,0.97652,1.0,1.0,0.2,0.0,1.0,0.0,1.0,0.0,0.5
0.0,0.0,0.0,0.0,0.2,0.2,0.03455,0.2,0.83333,0.0,0.5,0.0,0.0,0.52,0.08,0.0,0.99615,1.0,1.0,1.0,1.0,1.0,0.0,0.89763,1.0,0.25,0.21285,0.1191,0.0,0.0,0.76975,0.5,1.0,0.7,1.0,1.0,0.5,0.5,0.5,1.0,1.0,0.5,0.5,0.5,0.0,0.0,1.0,1.0,1.0,0.97652,1.0,1.0,0.2,0.0,1.0,0.0,1.0,0.0,0.5
0.0,0.0,0.0,0.0,0.2,0.2,0.02867,0.2,0.9,0.0,0.5,0.0,0.0,0.52,0.08,0.0,0.99644,1.0,1.0,1.0,1.0,1.0,0.0,0.88886,1.0,0.25,0.18085,0.09942,0.0,0.0,0.76984,0.5,1.0,0.7,1.0,1.0,0.5,0.5,0.5,1.0,1.0,0.5,0.5,0.5,0.0,0.0,1.0,1.0,1.0,0.97652,1.0,1.0,0.2,0.0,1.0,0.0,1.0,0.0,0.5
0.0,0.0,0.0,0.0,0.2,0.2,0.02377,0.2,0.96667,0.0,0.5,0.0,0.0,0.52,0.08,0.0,0.99682,1.0,1.0,1.0,1.0,1.0,0.0,0.89054,1.0,0.25,0.14983,0.08098,0.0,0.0,0.7699,0.5,1.0,0.7,1.0,1.0,0.5,0.5,0.5,1.0,1.0,0.5,0.5,0.5,0.0,0.0,1.0,1.0,1.0,0.97652,1.0,1.0,0.2,0.0,1.0,0.0,1.0,0.0,0.5
0.5,0.5,0.5,0.5,0.5,0.5,0.16698,0.2,0.43333,0.0,0.5,0.0,0.0,0.2,0.0,0.99464,0.0,1.0,1.0,1.0,1.0,0.5,0.0,0.17427,0.43568,0.0,1.0,1.0,1.0,0.0,1.0,1.0,0.5,0.7,1.0,1.0,0.5,0.5,0.5,1.0,1.0,0.5,0.5,0.5,0.0,0.0,1.0,1.0,1.0,0.5,0.5,1.0,0.2,1.0,1.0,1.0,1.0,1.0,0.5
0.5,0.5,0.5,0.5,0.5,0.5,0.20619,0.6,0.0,0.85714,0.5,0.0,0.0,0.52,0.0,0.9986,0.0,1.0,1.0,1.0,1.0,0.5,0.0,0.95064,1.0,0.25,1.0,1.0,1.0,1.0,0.9958,0.75,0.5,0.7,1.0,1.0,0.5,0.5,0.5,1.0,1.0,0.5,0.5,0.5,0.0,0.0,1.0,1.0,1.0,0.5,0.5,0.3,0.4,1.0,1.0,1.0,1.0,1.0,0.5
1.0,1.0,0.0,0.0,0.6,0.6,0.20324,0.6,0.0,0.81081,0.5,0.0,0.0,0.52,0.0,0.99905,0.0,1.0,1.0,1.0,1.0,1.0,0.0,0.96858,1.0,0.25,1.0,1.0,1.0,0.0,0.99053,0.75,1.0,0.7,1.0,1.0,0.5,0.5,0.5,1.0,1.0,0.5,0.5,0.5,0.0,0.0,1.0,1.0,1.0,0.5,0.5,0.3,0.4,1.0,1.0,1.0,1.0,1.0,1.0
0.5,0.5,0.5,0.5,0.5,0.5,0.22145,1.0,0.3,0.0,0.5,0.0,0.0,0.68,0.0,0.92504,0.0,1.0,1.0,1.0,1.0,0.5,0.0,0.16163,0.40408,0.0,1.0,1.0,1.0,0.0,0.99642,1.0,0.5,0.7,1.0,1.0,0.5,0.5,0.5,1.0,1.0,0.5,0.5,0.5,0.0,0.0,1.0,1.0,1.0,0.5,0.5,0.3,0.6,1.0,0.0,1.0,1.0,1.0,0.5
0.0,0.0,0.0,0.0,0.6,0.2,0.11455,0.2,0.73333,0.0,0.5,0.0,0.0,0.2,0.0,0.94944,0.0,1.0,1.0,1.0,1.0,0.6,0.0,0.87543,1.0,0.25,0.71029,0.55074,0.0,0.0,0.90957,1.0,0.75,0.7,1.0,1.0,0.5,0.5,0.5,1.0,1.0,0.5,0.5,0.5,0.0,0.0,1.0,1.0,1.0,0.5,0.5,1.0,0.2,0.0,1.0,1.0,1.0,0.0,1.0
0.0,0.5,0.0,0.5,0.2,0.5,0.11454,0.2,0.76667,0.0,0.5,0.0,1.0,0.2,0.0,0.95814,0.0,1.0,1.0,1.0,1.0,1.0,0.0,0.87542,1.0,0.25,0.7103,0.55075,0.0,0.0,0.91056,1.0,1.0,0.7,1.0,1.0,0.5,0.5,0.5,1.0,1.0,0.5,0.5,0.5,0.0,0.0,1.0,1.0,1.0,0.5,0.5,1.0,0.2,0.0,1.0,1.0,1.0,0.0,0.25
0.5,0.5,0.5,0.5,0.5,0.5,0.16808,0.4,0.3,0.0,0.5,0.0,0.0,0.52,0.2,0.88022,0.0,1.0,1.0,1.0,1.0,0.5,0.0,0.62916,1.0,0.0,1.0,1.0,1.0,0.0,0.97458,0.75,0.5,0.5,1.0,1.0,0.5,0.5,0.5,1.0,1.0,0.5,0.5,0.5,0.0,0.0,1.0,1.0,1.0,0.5,0.5,1.0,0.2,0.0,1.0,1.0,1.0,0.0,0.5
0.0,0.0,1.0,0.0,0.4,0.4,0.06924,0.4,0.66667,0.0,0.5,0.0,0.0,0.24,0.12,0.0,0.99858,1.0,1.0,0.8,1.0,1.0,1.0,0.8352,1.0,0.5,0.27065,0.15651,0.0,0.0,0.5,0.75,0.5,0.7,1.0,1.0,0.5,0.5,0.5,1.0,1.0,0.5,0.5,0.5,0.0,0.0,1.0,1.0,1.0,0.5,0.5,1.0,0.2,0.0,1.0,1.0,1.0,0.0,0.25
0.0,0.5,0.0,0.5,0.4,0.5,0.06706,0.4,0.7,0.0,0.5,0.0,1.0,0.24,0.12,0.0,0.99834,1.0,1.0,0.8,1.0,1.0,0.0,0.82834,1.0,0.5,0.25944,0.14906,0.0,0.0,0.5,1.0,1.0,0.7,1.0,1.0,0.5,0.5,0.5,1.0,1.0,0.5,0.5,0.5,0.0,0.0,1.0,1.0,1.0,0.5,0.5,1.0,0.2,0.0,1.0,1.0,1.0,0.0,0.0
0.0,0.5,0.0,0.5,0.4,0.5,0.0649,0.4,0.73333,0.0,0.5,0.0,1.0,0.24,0.12,0.0,0.99814,1.0,1.0,0.8,1.0,1.0,0.0,0.82193,1.0,0.5,0.24866,0.14198,0.0,0.0,0.5,1.0,1.0,0.7,1.0,1.0,0.5,0.5,0.5,1.0,1.0,0.5,0.5,0.5,0.0,0.0,1.0,1.0,1.0,0.5,0.5,1.0,0.2,0.0,1.0,1.0,1.0,0.0,0.25
0.0,0.0,0.0,0.0,0.4,0.4,0.06071,0.4,0.8,0.0,0.5,0.0,0.0,0.28,0.12,0.0,0.99803,1.0,1.0,0.8,1.0,1.0,0.0,0.88867,1.0,0.5,0.25452,0.14582,0.0,0.0,0.5,1.0,1.0,0.7,1.0,1.0,0.5,0.5,0.5,1.0,1.0,0.5,0.5,0.5,0.0,0.0,1.0,1.0,1.0,0.5,0.5,1.0,0.2,0.0,1.0,1.0,1.0,0.0,0.25
0.0,0.5,0.0,0.5,0.4,0.5,0.05874,0.4,0.83333,0.0,0.5,0.0,1.0,0.28,0.12,0.0,0.99822,1.0,1.0,0.8,1.0,1.0,0.0,0.8825,1.0,0.5,0.24387,0.13887,0.0,0.0,0.5,1.0,1.0,0.7,1.0,1.0,0.5,0.5,0.5,1.0,1.0,0.5,0.5,0.5,0.0,0.0,1.0,1.0,1.0,0.5,0.5,1.0,0.2,0.0,1.0,1.0,1.0,0.0,0.25
0.0,0.5,0.0,0.5,0.4,0.5,0.05672,0.4,0.86667,0.0,0.5,0.0,1.0,0.28,0.12,0.0,0.99809,1.0,1.0,0.8,1.0,1.0,0.0,0.87395,1.0,0.5,0.2324,0.13148,0.0,0.0,0.5,1.0,1.0,0.7,1.0,1.0,0.5,0.5,0.5,1.0,1.0,0.5,0.5,0.5,0.0,0.0,1.0,1.0,1.0,0.5,0.5,1.0,0.2,0.0,1.0,1.0,1.0,0.0,0.25
0.0,0.5,0.0,0.5,0.4,0.5,0.05467,0.4,0.9,0.0,0.5,0.0,1.0,0.28,0.12,0.0,0.9979,1.0,1.0,0.8,1.0,1.0,0.0,0.8654,1.0,0.5,0.2211,0.12429,0.0,0.0,0.5,1.0,1.0,0.7,1.0,1.0,0.5,0.5,0.5,1.0,1.0,0.5,0.5,0.5,0.0,0.0,1.0,1.0,1.0,0.5,0.5,1.0,0.2,0.0,1.0,1.0,1.0,0.0,0.25
0.0,0.5,0.0,0.5,0.4,0.5,0.05263,0.4,0.93333,0.0,0.5,0.0,1.0,0.28,0.12,0.0,0.99775,1.0,1.0,0.8,1.0,1.0,0.0,0.85734,1.0,0.5,0.21021,0.11745,0.0,0.0,0.5,1.0,1.0,0.7,1.0,1.0,0.5,0.5,0.5,1.0,1.0,0.5,0.5,0.5,0.0,0.0,1.0,1.0,1.0,0.5,0.5,1.0,0.2,0.0,1.0,1.0,1.0,0.0,0.25
0.0,0.5,0.0,0.5,0.4,0.5,0.0506,0.4,0.96667,0.0,0.5,0.0,1.0,0.28,0.12,0.0,0.99759,1.0,1.0,0.8,1.0,1.0,0.0,0.84989,1.0,0.5,0.1998,0.11099,0.0,0.0,0.5,1.0,1.0,0.7,1.0,1.0,0.5,0.5,0.5,1.0,1.0,0.5,0.5,0.5,0.0,0.0,1.0,1.0,1.0,0.5,0.5,1.0,0.2,0.0,1.0,1.0,1.0,0.0,0.25
0.0,0.5,0.0,0.5,0.4,0.5,0.04859,0.4,1.0,0.0,0.5,0.0,1.0,0.24,0.12,0.0,0.99751,1.0,1.0,0.8,1.0,1.0,0.0,0.843,1.0,0.5,0.18987,0.10489,0.0,0.0,0.5,1.0,1.0,0.7,1.0,1.0,0.5,0.5,0.5,1.0,1.0,0.5,0.5,0.5,0.0,0.0,1.0,1.0,1.0,0.5,0.5,1.0,0.2,0.0,1.0,1.0,1.0,0.0,0.25
0.0,0.0,0.0,0.0,0.4,0.4,0.0,0.2,0.0,0.88235,0.5,0.0,0.0,0.24,0.04,0.97135,0.0,1.0,1.0,1.0,1.0,0.8,1.0,0.92098,1.0,0.25,0.0,0.0,0.0,0.0,0.69757,0.5,0.75,1.0,1.0,1.0,0.5,0.5,0.5,1.0,1.0,0.5,0.5,0.5,0.0,0.0,1.0,1.0,1.0,0.0,0.0,1.0,0.0,0.0,1.0,1.0,1.0,0.0,0.25
0.0,0.0,0.0,0.0,0.2,0.2,0.0,0.2,0.0,0.83333,0.5,0.0,0.0,0.2,0.04,0.99975,0.0,1.0,1.0,1.0,1.0,1.0,0.0,0.94632,1.0,0.25,0.0,0.0,0.0,0.0,0.61083,0.5,0.5,1.0,1.0,1.0,0.5,0.5,0.5,1.0,1.0,0.5,0.5,0.5,0.0,0.0,1.0,1.0,1.0,0.0,0.0,1.0,0.0,0.0,1.0,1.0,1.0,0.0,0.25
0.0,0.0,0.0,0.0,0.2,0.2,0.0,0.2,0.0,0.78947,0.5,0.0,0.0,0.2,0.04,0.0,0.99079,1.0,1.0,0.8,1.0,1.0,0.0,0.93506,1.0,0.25,0.0,0.0,0.0,0.0,0.61096,0.5,1.0,1.0,1.0,1.0,0.5,0.5,0.5,1.0,1.0,0.5,0.5,0.5,0.0,0.0,1.0,1.0,1.0,0.0,0.0,1.0,0.0,0.0,1.0,1.0,1.0,0.0,0.25
1.0,0.5,1.0,0.5,0.2,0.5,0.0,0.2,0.0,0.76923,0.5,0.0,1.0,0.2,0.04,0.0,0.99233,1.0,1.0,0.8,1.0,1.0,0.0,0.93229,1.0,0.25,0.0,0.0,0.0,0.0,0.61101,1.0,1.0,0.0,1.0,1.0,0.5,0.5,0.5,1.0,1.0,0.5,0.5,0.5,0.0,0.0,1.0,1.0,1.0,0.0,0.0,1.0,0.2,0.0,1.0,1.0,1.0,0.0,0.25
0.5,0.5,0.5,0.5,0.5,0.5,0.11151,1.0,0.16667,0.0,1.0,0.0,0.0,0.47,0.0,0.95754,0.0,1.0,0.91111,1.0,1.0,0.5,1.0,0.99199,1.0,0.0,1.0,1.0,1.0,0.0,0.91847,0.88889,0.5,0.7,1.0,1.0,0.5,0.5,0.5,1.0,1.0,0.5,0.5,0.5,0.0,0.0,1.0,1.0,1.0,0.5,0.5,0.3,0.4,1.0,0.66667,1.0,1.0,1.0,0.5
1.0,0.5,0.0,0.5,1.0,0.5,0.11045,1.0,0.2,0.0,1.0,0.0,1.0,0.43,0.0,0.94373,0.0,1.0,0.97778,1.0,1.0,1.0,0.0,0.99107,1.0,0.0,1.0,1.0,1.0,0.0,0.93752,1.0,1.0,0.7,1.0,1.0,0.5,0.5,0.5,1.0,1.0,0.5,0.5,0.5,0.0,0.0,1.0,1.0,1.0,0.5,0.5,0.3,0.4,1.0,1.0,1.0,1.0,1.0,1.0
1.0,0.5,0.0,0.5,0.9,0.5,0.10865,0.9,0.23333,0.0,1.0,0.0,1.0,0.42,0.0,0.94892,0.0,1.0,0.97778,1.0,1.0,1.0,0.0,0.98785,1.0,0.0,1.0,1.0,1.0,0.0,0.94301,1.0,1.0,0.7,1.0,1.0,0.5,0.5,0.5,1.0,1.0,0.5,0.5,0.5,0.0,0.0,1.0,1.0,1.0,0.5,0.5,0.3,0.4,1.0,0.66667,1.0,1.0,1.0,1.0
1.0,0.5,0.0,0.5,0.8,0.5,0.1075,0.8,0.26667,0.0,1.0,0.0,1.0,0.39,0.0,0.96237,0.0,1.0,0.97778,1.0,1.0,1.0,0.0,0.96191,1.0,0.0,1.0,0.99932,0.66667,0.0,0.94254,1.0,1.0,0.7,1.0,1.0,0.5,0.5,0.5,1.0,1.0,0.5,0.5,0.5,0.0,0.0,1.0,1.0,1.0,0.5,0.5,0.3,0.4,1.0,0.66667,1.0,1.0,1.0,1.0
1.0,0.5,0.0,0.5,0.8,0.5,0.10623,0.8,0.3,0.0,1.0,0.0,1.0,0.39,0.0,0.97306,0.0,0.97778,1.0,1.0,1.0,0.97778,1.0,0.96468,1.0,0.0,1.0,0.98662,0.66667,0.0,0.94852,1.0,1.0,0.7,1.0,1.0,0.5,0.5,0.5,1.0,1.0,0.5,0.5,0.5,0.0,0.0,1.0,1.0,1.0,0.5,0.5,0.3,0.4,1.0,1.0,1.0,1.0,1.0,1.0
1.0,0.5,0.0,0.5,0.8,0.5,0.10592,0.8,0.33333,0.0,1.0,0.0,1.0,0.39,0.0,0.98466,0.0,1.0,1.0,1.0,1.0,1.0,1.0,0.97102,1.0,0.0,1.0,0.99907,0.66667,0.0,0.95723,1.0,1.0,0.7,1.0,1.0,0.5,0.5,0.5,1.0,1.0,0.5,0.5,0.5,0.0,0.0,1.0,1.0,1.0,0.5,0.5,0.3,0.4,1.0,0.66667,1.0,1.0,1.0,1.0
1.0,1.0,0.0,0.0,0.7,0.7,0.10288,0.6,0.43333,0.0,1.0,0.0,0.0,0.38,0.0,0.98719,0.0,1.0,1.0,1.0,1.0,1.0,0.0,0.96118,1.0,0.0,1.0,0.97799,0.66667,0.0,0.97491,0.88889,1.0,0.7,1.0,1.0,0.5,0.5,0.5,1.0,1.0,0.5,0.5,0.5,0.0,0.0,1.0,1.0,1.0,0.5,0.5,0.3,0.4,1.0,1.0,1.0,1.0,1.0,1.0
1.0,0.5,0.0,0.5,0.6,0.5,0.10207,0.6,0.46667,0.0,1.0,0.0,1.0,0.37,0.0,0.9869,0.0,1.0,1.0,1.0,1.0,1.0,0.0,0.93537,1.0,0.0,1.0,0.98916,0.66667,0.0,0.97917,1.0,1.0,0.7,1.0,1.0,0.5,0.5,0.5,1.0,1.0,0.5,0.5,0.5,0.0,0.0,1.0,1.0,1.0,0.5,0.5,0.3,0.4,1.0,1.0,1.0,1.0,1.0,1.0
1.0,0.5,0.0,0.5,0.6,0.5,0.10108,0.6,0.5,0.0,1.0,0.0,1.0,0.37,0.0,0.98911,0.0,1.0,1.0,1.0,1.0,1.0,0.0,0.90855,1.0,0.0,1.0,1.0,1.0,0.0,0.98313,1.0,1.0,0.7,1.0,1.0,0.5,0.5,0.5,1.0,1.0,0.5,0.5,0.5,0.0,0.0,1.0,1.0,1.0,0.5,0.5,0.3,0.4,1.0,0.66667,1.0,1.0,1.0,1.0
1.0,0.5,0.0,0.5,0.6,0.5,0.09981,0.6,0.53333,0.0,1.0,0.0,1.0,0.38,0.0,0.98603,0.0,1.0,1.0,1.0,1.0,1.0,0.0,0.89726,1.0,0.0,1.0,1.0,1.0,0.0,0.98214,1.0,1.0,0.7,1.0,1.0,0.5,0.5,0.5,1.0,1.0,0.5,0.5,0.5,0.0,0.0,1.0,1.0,1.0,0.5,0.5,0.3,0.4,1.0,1.0,1.0,1.0,1.0,1.0
0.5,0.5,0.5,0.5,0.5,0.5,0.11393,1.0,0.16667,0.0,1.0,0.0,0.0,0.67,0.0,0.89469,0.0,1.0,1.0,1.0,1.0,0.5,1.0,0.98625,1.0,0.11111,1.0,1.0,1.0,1.0,0.95094,1.0,0.5,0.7,1.0,1.0,0.5,0.5,0.5,1.0,1.0,0.5,0.5,0.5,0.0,0.0,1.0,1.0,1.0,0.5,0.5,0.3,0.4,1.0,0.33333,1.0,1.0,1.0,0.5
1.0,0.5,1.0,0.5,1.0,0.5,0.11427,1.0,0.2,0.0,1.0,0.0,1.0,0.63,0.0,0.87178,0.0,1.0,1.0,1.0,1.0,1.0,0.0,0.56652,1.0,0.0,1.0,1.0,1.0,0.0,0.96279,1.0,0.88889,0.7,1.0,1.0,0.5,0.5,0.5,1.0,1.0,0.5,0.5,0.5,0.0,0.0,1.0,1.0,1.0,0.5,0.5,0.3,0.3,1.0,1.0,1.0,1.0,1.0,1.0
1.0,0.5,1.0,0.5,1.0,0.5,0.11535,1.0,0.23333,0.0,1.0,0.0,1.0,0.59,0.0,0.8759,0.0,1.0,1.0,1.0,1.0,1.0,0.0,0.55592,1.0,0.0,1.0,1.0,1.0,0.0,0.96996,1.0,1.0,0.7,1.0,1.0,0.5,0.5,0.5,1.0,1.0,0.5,0.5,0.5,0.0,0.0,1.0,1.0,1.0,0.5,0.5,0.3,0.3,1.0,1.0,1.0,1.0,1.0,1.0
1.0,0.5,1.0,0.5,1.0,0.5,0.11586,1.0,0.26667,0.0,1.0,0.0,1.0,0.55,0.0,0.89866,0.0,1.0,1.0,1.0,1.0,1.0,0.0,0.54716,1.0,0.0,1.0,1.0,1.0,0.0,0.9746,1.0,1.0,0.7,1.0,1.0,0.5,0.5,0.5,1.0,1.0,0.5,0.5,0.5,0.0,0.0,1.0,1.0,1.0,0.5,0.5,0.3,0.3,1.0,1.0,1.0,1.0,1.0,1.0
1.0,0.5,1.0,0.5,1.0,0.5,0.11597,1.0,0.3,0.0,1.0,0.0,1.0,0.53,0.0,0.92436,0.0,1.0,1.0,1.0,1.0,1.0,0.0,0.53846,1.0,0.0,1.0,1.0,1.0,0.0,0.97858,1.0,1.0,0.7,1.0,1.0,0.5,0.5,0.5,1.0,1.0,0.5,0.5,0.5,0.0,0.0,1.0,1.0,1.0,0.5,0.5,0.3,0.3,1.0,1.0,1.0,1.0,1.0,1.0
1.0,0.5,0.0,0.5,1.0,0.5,0.1146,1.0,0.33333,0.0,1.0,0.0,1.0,0.5,0.0,0.94958,0.0,1.0,1.0,1.0,1.0,1.0,0.0,0.52885,1.0,0.0,1.0,1.0,1.0,0.0,0.9808,1.0,1.0,0.7,1.0,1.0,0.5,0.5,0.5,1.0,1.0,0.5,0.5,0.5,0.0,0.0,1.0,1.0,1.0,0.5,0.5,0.3,0.3,1.0,1.0,1.0,1.0,1.0,1.0
1.0,0.5,0.0,0.5,1.0,0.5,0.11342,1.0,0.36667,0.0,1.0,0.0,1.0,0.49,0.0,0.96542,0.0,1.0,1.0,1.0,1.0,1.0,0.0,0.51905,1.0,0.0,1.0,1.0,1.0,0.0,0.9826,1.0,1.0,0.7,1.0,1.0,0.5,0.5,0.5,1.0,1.0,0.5,0.5,0.5,0.0,0.0,1.0,1.0,1.0,0.5,0.5,0.3,0.3,1.0,1.0,1.0,1.0,1.0,1.0
1.0,0.5,0.0,0.5,0.8,0.5,0.11221,0.8,0.4,0.0,1.0,0.0,1.0,0.49,0.0,0.97801,0.0,1.0,1.0,1.0,1.0,1.0,0.0,0.50903,1.0,0.0,1.0,1.0,1.0,0.0,0.98407,1.0,1.0,0.7,1.0,1.0,0.5,0.5,0.5,1.0,1.0,0.5,0.5,0.5,0.0,0.0,1.0,1.0,1.0,0.5,0.5,0.3,0.3,1.0,1.0,1.0,1.0,1.0,1.0
1.0,0.5,0.0,0.5,0.8,0.5,0.11105,0.8,0.43333,0.0,1.0,0.0,1.0,0.49,0.0,0.98371,0.0,1.0,1.0,1.0,1.0,1.0,0.0,0.49817,1.0,0.0,1.0,1.0,1.0,0.0,0.98463,1.0,1.0,0.7,1.0,1.0,0.5,0.5,0.5,1.0,1.0,0.5,0.5,0.5,0.0,0.0,1.0,1.0,1.0,0.5,0.5,0.3,0.3,1.0,1.0,1.0,1.0,1.0,1.0
1.0,0.5,0.0,0.5,1.0,0.5,0.1098,1.0,0.46667,0.0,1.0,0.0,1.0,0.49,0.0,0.99042,0.0,1.0,1.0,1.0,1.0,1.0,0.0,0.48691,1.0,0.0,1.0,1.0,1.0,0.0,0.98513,1.0,1.0,0.7,1.0,1.0,0.5,0.5,0.5,1.0,1.0,0.5,0.5,0.5,0.0,0.0,1.0,1.0,1.0,0.5,0.5,0.3,0.3,1.0,1.0,1.0,1.0,1.0,1.0
1.0,0.5,0.0,0.5,0.9,0.5,0.10853,0.9,0.5,0.0,1.0,0.0,1.0,0.49,0.0,0.99367,0.0,1.0,1.0,1.0,1.0,1.0,0.0,0.47563,1.0,0.0,1.0,1.0,1.0,0.0,0.98555,1.0,1.0,0.7,1.0,1.0,0.5,0.5,0.5,1.0,1.0,0.5,0.5,0.5,0.0,0.0,1.0,1.0,1.0,0.5,0.5,0.3,0.3,1.0,1.0,1.0,1.0,1.0,1.0
1.0,0.5,0.0,0.5,0.7,0.5,0.10724,0.7,0.53333,0.0,1.0,0.0,1.0,0.48,0.0,0.99649,0.0,1.0,1.0,1.0,1.0,1.0,0.0,0.46437,1.0,0.0,1.0,1.0,1.0,0.0,0.98596,1.0,1.0,0.7,1.0,1.0,0.5,0.5,0.5,1.0,1.0,0.5,0.5,0.5,0.0,0.0,1.0,1.0,1.0,0.5,0.5,0.3,0.3,1.0,1.0,1.0,1.0,1.0,1.0
1.0,0.5,0.0,0.5,0.7,0.5,0.10596,0.7,0.56667,0.0,1.0,0.0,1.0,0.48,0.0,0.99781,0.0,1.0,1.0,1.0,1.0,1.0,0.0,0.45328,1.0,0.0,1.0,1.0,1.0,0.0,0.98638,1.0,1.0,0.7,1.0,1.0,0.5,0.5,0.5,1.0,1.0,0.5,0.5,0.5,0.0,0.0,1.0,1.0,1.0,0.5,0.5,0.3,0.3,1.0,1.0,1.0,1.0,1.0,1.0
1.0,1.0,0.0,0.0,0.5,0.4,0.10168,0.4,0.63333,0.0,1.0,0.0,0.0,0.46,0.0,0.0,0.99685,1.0,1.0,1.0,1.0,1.0,0.0,0.43542,1.0,0.0,1.0,1.0,1.0,0.0,0.98674,1.0,1.0,0.7,1.0,1.0,0.5,0.5,0.5,1.0,1.0,0.5,0.5,0.5,0.0,0.0,1.0,1.0,1.0,0.5,0.5,0.3,0.3,1.0,1.0,1.0,1.0,1.0,1.0
1.0,0.5,1.0,0.5,0.6,0.5,0.10223,0.6,0.66667,0.0,1.0,0.0,1.0,0.47,0.0,0.0,0.99887,1.0,1.0,1.0,1.0,1.0,0.0,0.42597,1.0,0.0,1.0,1.0,1.0,0.0,0.9874,1.0,1.0,0.7,1.0,1.0,0.5,0.5,0.5,1.0,1.0,0.5,0.5,0.5,0.0,0.0,1.0,1.0,1.0,0.5,0.5,0.3,0.3,1.0,1.0,1.0,1.0,1.0,1.0
0.5,0.5,0.5,0.5,0.5,0.5,0.10495,0.8,0.13333,0.0,1.0,0.0,0.0,0.7,0.0,0.91531,0.0,1.0,1.0,1.0,1.0,0.5,0.0,0.80599,1.0,0.11111,1.0,1.0,1.0,1.0,0.93976,1.0,0.5,0.7,1.0,1.0,0.5,0.5,0.5,1.0,1.0,0.5,0.5,0.5,0.0,0.0,1.0,1.0,1.0,0.5,0.5,0.3,0.3,1.0,1.0,1.0,1.0,0.5,0.5
1.0,0.0,0.0,0.0,0.7,0.2,0.08974,0.2,0.2,0.0,1.0,0.0,0.0,0.69,0.0,0.93871,0.0,1.0,1.0,1.0,1.0,1.0,0.0,0.19167,0.47919,0.0,1.0,1.0,1.0,0.0,1.0,0.88889,0.88889,0.7,1.0,1.0,0.5,0.5,0.5,1.0,1.0,0.5,0.5,0.5,0.0,0.0,1.0,1.0,1.0,0.5,0.5,0.3,0.2,1.0,1.0,1.0,1.0,1.0,1.0
0.5,0.5,0.5,0.5,0.5,0.5,0.07518,0.1,0.33333,0.0,1.0,0.0,0.0,0.1,0.0,0.99293,0.0,1.0,1.0,1.0,1.0,0.5,0.0,0.03532,0.08831,0.0,1.0,1.0,1.0,0.0,1.0,1.0,0.5,0.7,1.0,1.0,0.5,0.5,0.5,1.0,1.0,0.5,0.5,0.5,0.0,0.0,1.0,1.0,1.0,0.5,0.5,1.0,0.1,1.0,1.0,1.0,1.0,1.0,0.5
0.0,0.0,0.0,0.0,0.1,0.1,0.07518,0.1,0.63333,0.0,1.0,0.0,0.0,0.1,0.0,0.99905,0.0,1.0,1.0,1.0,1.0,1.0,0.0,0.03532,0.08831,0.0,1.0,1.0,1.0,0.0,1.0,1.0,1.0,0.7,1.0,1.0,0.5,0.5,0.5,1.0,1.0,0.5,0.5,0.5,0.0,0.0,1.0,1.0,1.0,0.5,0.5,1.0,0.1,1.0,1.0,1.0,1.0,1.0,0.44444
0.5,0.5,0.5,0.5,0.5,0.5,0.14062,0.8,0.6,0.0,1.0,0.0,0.0,0.21,0.07,0.86118,0.0,0.8,1.0,0.88889,0.64444,0.5,0.0,0.87593,1.0,0.11111,0.91527,0.67245,0.5,1.0,0.97362,0.77778,0.5,0.7,1.0,1.0,0.5,0.5,0.5,1.0,1.0,0.5,0.5,0.5,0.0,0.0,1.0,1.0,1.0,0.37129,0.484,0.3,0.3,1.0,1.0,0.0,1.0,1.0,0.5
1.0,0.5,1.0,0.5,0.8,0.5,0.16404,0.8,0.63333,0.0,1.0,0.0,1.0,0.21,0.07,0.90755,0.0,1.0,1.0,0.88889,1.0,1.0,0.0,0.81842,1.0,0.11111,1.0,0.8063,0.5,1.0,1.0,1.0,1.0,0.7,1.0,1.0,0.5,0.5,0.5,1.0,1.0,0.5,0.5,0.5,0.0,0.0,1.0,1.0,1.0,0.37129,0.484,0.3,0.3,1.0,1.0,0.0,1.0,1.0,1.0
1.0,0.5,1.0,0.5,0.9,0.5,0.19102,0.9,0.66667,0.0,1.0,0.0,1.0,0.22,0.06,0.91727,0.0,0.86667,1.0,0.91111,1.0,0.86667,0.0,0.78838,1.0,0.22222,1.0,1.0,1.0,0.0,1.0,1.0,1.0,0.7,1.0,1.0,0.5,0.5,0.5,1.0,1.0,0.5,0.5,0.5,0.0,0.0,1.0,1.0,1.0,0.37129,0.484,0.3,0.3,1.0,1.0,0.0,1.0,1.0,1.0
0.5,0.5,0.5,0.5,0.5,0.5,0.05602,0.2,0.3,0.0,1.0,0.0,0.0,0.4,0.1,0.0,0.99854,1.0,1.0,0.8,1.0,0.5,0.0,0.65204,1.0,0.0,0.69376,0.5384,0.0,0.0,1.0,1.0,0.5,0.7,1.0,1.0,0.5,0.5,0.5,1.0,1.0,0.5,0.5,0.5,0.0,0.0,1.0,1.0,1.0,0.0,0.228,0.3,0.4,1.0,1.0,0.66667,1.0,1.0,0.5
0.0,0.0,0.0,0.0,0.2,0.2,0.03781,0.2,0.43333,0.0,1.0,0.0,0.0,0.2,0.1,0.99472,0.0,0.88889,1.0,0.68889,1.0,0.88889,1.0,0.68606,1.0,0.0,0.45646,0.3206,0.0,0.0,1.0,0.88889,1.0,0.7,0.9,0.99185,1.0,0.46506,0.88068,1.0,1.0,0.5,0.5,0.5,0.0,0.0,1.0,1.0,1.0,0.75917,0.484,0.3,0.4,1.0,0.33333,0.66667,1.0,0.0,1.0
0.0,0.0,0.0,0.0,0.2,0.2,0.0245,0.2,0.53333,0.0,1.0,0.0,0.0,0.14,0.1,0.98383,0.0,1.0,1.0,0.77778,0.84444,0.93333,0.0,0.97227,1.0,0.11111,0.23648,0.12486,0.0,0.0,0.74891,0.77778,0.77778,0.7,0.9,0.99546,1.0,0.46506,1.0,1.0,1.0,0.5,0.5,0.5,0.0,0.0,1.0,1.0,1.0,0.75917,0.484,0.3,0.2,0.33333,0.0,0.0,1.0,0.66667,1.0
0.5,0.5,0.5,0.5,0.5,0.5,0.08519,0.1,0.06667,0.0,1.0,0.0,0.0,0.43,0.0,0.5,0.5,0.8,0.84444,1.0,1.0,0.5,1.0,0.96937,1.0,0.0,0.8653,0.77558,0.0,0.0,0.62344,1.0,0.5,0.7,1.0,1.0,0.5,0.5,0.5,1.0,1.0,0.5,0.5,0.5,0.5,0.5,1.0,1.0,1.0,0.5,0.5,0.3,0.2,0.33333,0.0,1.0,1.0,1.0,0.5
1.0,0.5,1.0,0.5,0.3,0.5,0.08806,0.3,0.1,0.0,1.0,0.0,1.0,0.33,0.0,0.94808,0.0,0.93333,0.86667,1.0,1.0,0.93333,0.0,0.59354,1.0,0.0,0.85724,0.744,0.0,0.0,0.75571,1.0,0.88889,0.7,1.0,1.0,0.5,0.5,0.5,1.0,1.0,0.5,0.5,0.5,0.0,0.0,1.0,1.0,1.0,0.5,0.5,0.3,0.3,1.0,0.5,1.0,1.0,0.5,1.0
0.5,0.5,0.5,0.5,0.5,0.5,0.10882,1.0,0.13333,0.0,1.0,0.0,0.0,0.81,0.0,1.0,0.0,1.0,1.0,1.0,1.0,0.5,1.0,0.83698,1.0,0.44444,1.0,1.0,1.0,1.0,0.98311,1.0,0.5,0.7,1.0,1.0,0.5,0.5,0.5,1.0,1.0,0.5,0.5,0.5,0.0,0.0,1.0,1.0,1.0,0.5,0.5,0.3,0.4,0.6,1.0,1.0,1.0,0.8,0.5
0.0,0.0,0.0,0.0,0.1,0.3,0.05907,0.1,0.6,0.0,1.0,0.0,0.0,0.57,0.02,0.9688,0.0,1.0,1.0,1.0,1.0,0.53333,0.0,0.73441,1.0,0.11111,0.62801,0.53842,0.0,0.0,0.99346,1.0,0.77778,0.7,1.0,1.0,0.5,0.5,0.5,1.0,1.0,0.5,0.5,0.5,0.0,0.0,1.0,1.0,1.0,0.18486,0.35538,0.3,0.4,0.6,1.0,1.0,1.0,0.6,1.0
1.0,0.5,1.0,0.5,0.1,0.5,0.05961,0.1,0.63333,0.0,1.0,0.0,1.0,0.55,0.02,0.97684,0.0,1.0,1.0,1.0,1.0,1.0,0.0,0.73139,1.0,0.11111,0.63115,0.53336,0.0,0.0,0.99426,1.0,1.0,0.7,1.0,1.0,0.5,0.5,0.5,1.0,1.0,0.5,0.5,0.5,0.0,0.0,1.0,1.0,1.0,0.18486,0.35538,0.3,0.5,0.8,1.0,1.0,1.0,0.6,1.0
1.0,0.5,1.0,0.5,0.1,0.5,0.05979,0.1,0.66667,0.0,1.0,0.0,1.0,0.52,0.02,0.98047,0.0,1.0,1.0,1.0,1.0,1.0,1.0,0.73584,1.0,0.11111,0.63612,0.53902,0.0,0.0,0.99531,1.0,1.0,0.7,1.0,1.0,0.5,0.5,0.5,1.0,1.0,0.5,0.5,0.5,0.0,0.0,1.0,1.0,1.0,0.18486,0.35538,0.3,0.5,0.8,1.0,1.0,1.0,0.8,1.0
0.5,0.5,0.5,0.5,0.5,0.5,0.10714,0.9,0.5,0.0,1.0,0.0,0.0,0.49,0.09,0.98206,0.0,1.0,1.0,1.0,1.0,0.5,0.0,0.97842,1.0,0.11111,1.0,1.0,1.0,1.0,0.99943,0.77778,0.5,0.7,1.0,1.0,0.5,0.5,0.5,1.0,1.0,0.5,0.5,0.5,0.0,0.0,1.0,1.0,1.0,0.0,0.228,0.3,0.4,1.0,1.0,0.66667,1.0,0.0,0.5
0.5,0.5,0.5,0.5,0.5,0.5,0.09519,0.4,0.06667,0.0,1.0,0.0,0.0,0.55,0.0,0.5,0.5,0.71111,0.48889,1.0,1.0,0.5,1.0,0.9716,1.0,0.11111,0.98469,0.90749,0.66667,0.0,0.66667,1.0,0.5,0.7,1.0,1.0,0.5,0.5,0.5,1.0,1.0,0.5,0.5,0.5,0.5,0.5,1.0,1.0,1.0,0.5,0.5,0.3,0.2,0.33333,1.0,1.0,1.0,1.0,0.5
1.0,0.5,1.0,0.5,0.3,0.5,0.09694,0.3,0.1,0.0,1.0,0.0,1.0,0.53,0.0,0.85814,0.0,1.0,0.66667,1.0,1.0,1.0,1.0,0.97936,1.0,0.11111,0.9932,0.92593,0.33333,0.0,0.72499,1.0,1.0,0.7,1.0,1.0,0.5,0.5,0.5,1.0,1.0,0.5,0.5,0.5,0.0,0.0,1.0,1.0,1.0,0.5,0.5,0.3,0.3,0.66667,0.5,1.0,1.0,0.33333,1.0
1.0,0.5,1.0,0.5,0.5,0.5,0.10004,0.5,0.13333,0.0,1.0,0.0,1.0,0.43,0.02,0.36886,0.0,0.62222,1.0,0.62222,1.0,0.62222,0.0,0.70216,1.0,0.11111,1.0,0.93861,0.6,0.0,0.95299,1.0,0.55556,0.7,1.0,1.0,0.5,0.5,0.5,1.0,1.0,0.5,0.5,0.5,0.29894,0.0,0.6,1.0,1.0,0.5,0.5,0.7,0.3,0.4,0.5,1.0,1.0,0.4,1.0
0.0,0.0,1.0,0.0,0.8,0.3,0.12096,0.7,1.0,0.0,1.0,0.0,0.0,0.28,0.04,0.9915,0.0,1.0,1.0,0.91111,0.91111,0.64444,0.0,0.97303,1.0,0.22222,1.0,0.68496,0.66667,0.0,0.99078,0.77778,0.55556,0.7,1.0,1.0,0.5,0.5,0.5,1.0,1.0,0.0,0.16286,0.88447,0.0,0.0,1.0,1.0,1.0,0.9812,0.72588,0.3,0.3,0.66667,0.5,0.0,1.0,0.66667,1.0
0.5,0.5,0.5,0.5,0.5,0.5,0.1523,1.0,0.23333,0.0,1.0,0.0,0.0,0.43,0.0,0.97684,0.0,1.0,1.0,1.0,1.0,0.5,0.0,0.87557,1.0,0.11111,1.0,1.0,1.0,0.0,1.0,1.0,0.5,0.7,1.0,1.0,0.5,0.5,0.5,1.0,1.0,0.5,0.5,0.5,0.0,0.0,1.0,1.0,1.0,0.5,0.5,0.3,0.3,1.0,1.0,1.0,1.0,1.0,0.5
0.0,0.0,0.0,0.0,1.0,1.0,0.12605,0.7,0.5,0.0,1.0,0.0,0.0,0.2,0.05,0.98309,0.0,0.95556,0.95556,0.86667,1.0,0.66667,1.0,0.95082,1.0,0.55556,1.0,1.0,1.0,0.0,0.99475,0.33333,0.55556,0.7,0.9,0.99976,1.0,0.5,1.0,1.0,1.0,0.5,0.5,0.5,0.0,0.0,1.0,1.0,1.0,1.0,0.54908,0.3,0.3,1.0,1.0,1.0,1.0,0.0,1.0
0.0,0.5,0.0,0.5,0.5,0.5,0.10196,0.5,0.53333,0.0,1.0,0.0,1.0,0.21,0.05,0.0,0.99466,0.95556,0.91111,0.84444,1.0,0.95556,0.0,0.89037,1.0,0.55556,0.84107,0.74736,0.0,0.0,0.96746,1.0,1.0,0.7,1.0,1.0,0.5,0.5,0.5,1.0,1.0,0.5,0.5,0.5,0.0,0.0,1.0,1.0,1.0,1.0,0.54908,0.3,0.3,1.0,0.0,1.0,1.0,1.0,1.0
0.0,0.0,0.0,0.0,0.4,0.3,0.02842,0.2,0.8,0.0,1.0,0.0,0.0,0.12,0.06,0.98015,0.0,0.97778,1.0,0.86667,1.0,0.86667,1.0,0.89979,1.0,0.11111,0.32984,0.17174,0.0,0.0,0.90172,0.77778,0.44444,0.7,1.0,1.0,0.5,0.5,0.5,1.0,1.0,0.5,0.5,0.5,0.0,0.0,1.0,1.0,1.0,1.0,0.54908,1.0,0.1,0.0,1.0,0.0,1.0,0.0,1.0
0.0,0.0,0.0,0.0,0.2,0.2,0.02779,0.2,0.86667,0.0,1.0,0.0,0.0,0.1,0.06,0.98499,0.0,1.0,1.0,0.91111,1.0,1.0,0.0,0.7608,1.0,0.44444,0.31143,0.20787,0.0,0.0,0.96596,0.44444,0.44444,0.7,1.0,1.0,0.5,0.5,0.5,1.0,1.0,0.5,0.5,0.5,0.0,0.0,1.0,1.0,1.0,1.0,0.54908,0.3,0.2,0.5,1.0,0.0,1.0,0.0,0.33333
0.0,0.0,0.0,0.0,0.2,0.2,0.0,0.1,1.0,0.0,1.0,0.0,0.0,0.11,0.02,0.0,0.98866,0.91111,0.91111,0.8,0.88889,0.84444,1.0,0.82311,1.0,0.11111,0.0,0.0,0.0,0.0,0.96556,0.77778,0.66667,0.0,1.0,1.0,0.5,0.5,0.5,1.0,1.0,0.5,0.5,0.5,0.0,0.0,1.0,1.0,1.0,1.0,0.54908,1.0,0.1,0.0,1.0,0.0,1.0,0.33333,1.0
0.5,0.5,0.5,0.5,0.5,0.5,0.02696,0.1,0.63333,0.0,1.0,0.0,0.0,0.2,0.02,0.0,0.993,1.0,1.0,1.0,1.0,0.5,0.0,0.88686,1.0,0.11111,0.32385,0.14014,0.0,0.0,0.91881,0.77778,0.5,0.0,0.9,0.88345,0.7565,0.5,0.37825,1.0,1.0,0.5,0.5,0.5,0.0,0.0,1.0,1.0,1.0,0.33307,1.0,1.0,0.1,0.0,1.0,0.0,1.0,0.0,0.5
0.0,0.0,0.0,0.0,0.1,0.1,0.01968,0.1,0.73333,0.0,1.0,0.0,0.0,0.2,0.02,0.0,0.98748,1.0,1.0,1.0,1.0,1.0,1.0,0.89145,1.0,0.11111,0.23691,0.0899,0.0,0.0,0.92809,0.77778,1.0,0.7,1.0,1.0,0.5,0.5,0.5,1.0,1.0,0.5,0.5,0.5,0.0,0.0,1.0,1.0,1.0,0.33307,1.0,0.3,0.2,0.33333,0.0,1.0,1.0,0.33333,1.0
0.5,0.5,0.5,0.5,0.5,0.5,0.10664,0.9,0.16667,0.0,1.0,0.0,0.0,0.41,0.0,0.93546,0.0,1.0,1.0,1.0,1.0,0.5,0.0,0.78789,1.0,0.11111,1.0,0.8852,0.75,0.0,0.95638,0.88889,0.5,0.7,1.0,1.0,0.5,0.5,0.5,1.0,1.0,0.5,0.5,0.5,0.0,0.0,1.0,1.0,1.0,0.5,0.5,0.3,0.5,1.0,1.0,1.0,1.0,1.0,0.5
0.5,0.5,0.5,0.5,0.5,0.5,0.03648,0.1,0.26667,0.0,1.0,0.0,0.0,0.71,0.05,0.99124,0.0,1.0,1.0,0.55556,1.0,0.5,0.0,0.66193,1.0,0.11111,0.47958,0.31542,0.0,0.0,1.0,1.0,0.5,0.2,0.9,0.91826,1.0,0.5,1.0,1.0,1.0,0.5,0.5,0.5,0.0,0.0,1.0,1.0,1.0,1.0,1.0,0.8,0.2,1.0,0.0,1.0,1.0,1.0,0.5
0.0,0.0,0.0,0.0,0.1,0.1,0.03598,0.2,0.66667,0.0,1.0,0.0,0.0,0.51,0.07,0.92891,0.0,0.88889,1.0,1.0,1.0,0.44444,1.0,0.80053,1.0,0.11111,0.35153,0.27158,0.0,0.0,0.98713,0.77778,0.44444,0.55,0.8,0.84255,0.49859,0.5,0.42736,0.8,0.83333,0.5,0.5,0.5,0.0,0.0,1.0,1.0,1.0,0.14586,0.16752,0.45,0.4,0.75,0.33333,0.33333,0.66667,0.25,1.0
0.0,0.0,0.0,0.0,0.2,0.2,0.01968,0.1,0.83333,0.0,1.0,0.0,0.0,0.49,0.06,0.97169,0.0,1.0,1.0,0.88889,0.88889,0.88889,1.0,0.67958,1.0,0.11111,0.25284,0.14471,0.0,1.0,1.0,0.55556,0.66667,0.7,1.0,1.0,0.5,0.66747,0.5,1.0,1.0,0.5,0.5,0.5,0.0,0.0,1.0,1.0,1.0,0.00234,0.19462,0.3,0.2,1.0,1.0,0.0,0.0,1.0,1.0
1.0,0.5,0.0,0.5,0.1,0.5,0.01903,0.1,0.86667,0.0,1.0,0.0,1.0,0.48,0.05,0.97589,0.0,1.0,1.0,0.88889,1.0,1.0,1.0,0.68531,1.0,0.11111,0.2383,0.13526,0.0,1.0,1.0,1.0,1.0,0.7,1.0,1.0,0.5,0.66747,0.5,1.0,1.0,0.5,0.5,0.5,0.0,0.0,1.0,1.0,1.0,0.00234,0.19462,0.3,0.2,1.0,1.0,0.0,0.0,1.0,1.0
1.0,0.5,1.0,0.5,0.1,0.5,0.0191,0.1,0.9,0.0,1.0,0.0,1.0,0.46,0.05,0.9851,0.0,1.0,1.0,0.88889,1.0,1.0,0.0,0.68247,1.0,0.11111,0.2425,0.13798,0.0,1.0,1.0,1.0,1.0,0.7,1.0,1.0,0.5,0.66747,0.5,1.0,1.0,0.5,0.5,0.5,0.0,0.0,1.0,1.0,1.0,0.00234,0.19462,0.3,0.2,1.0,1.0,0.0,0.0,1.0,1.0
1.0,0.5,0.0,0.5,0.1,0.5,0.01899,0.1,0.93333,0.0,1.0,0.0,1.0,0.45,0.05,0.96183,0.0,1.0,1.0,0.88889,1.0,1.0,0.0,0.68182,1.0,0.11111,0.24189,0.13759,0.0,1.0,1.0,1.0,1.0,0.7,1.0,1.0,0.5,0.66747,0.5,1.0,1.0,0.5,0.5,0.5,0.0,0.0,1.0,1.0,1.0,0.00234,0.19462,0.3,0.2,1.0,1.0,0.0,0.0,1.0,1.0
1.0,0.5,0.0,0.5,0.2,0.5,0.01894,0.2,0.96667,0.0,1.0,0.0,1.0,0.45,0.06,0.93441,0.0,1.0,1.0,0.88889,1.0,1.0,1.0,0.68456,1.0,0.11111,0.23818,0.13519,0.0,1.0,1.0,1.0,1.0,0.7,1.0,1.0,0.5,0.66747,0.5,1.0,1.0,0.5,0.5,0.5,0.0,0.0,1.0,1.0,1.0,0.00234,0.19462,0.3,0.2,1.0,1.0,0.0,0.0,1.0,1.0
1.0,0.5,1.0,0.5,0.2,0.5,0.01896,0.2,1.0,0.0,1.0,0.0,1.0,0.45,0.05,0.9595,0.0,1.0,1.0,0.88889,1.0,1.0,1.0,0.68767,1.0,0.11111,0.23494,0.1331,0.0,1.0,1.0,1.0,1.0,0.7,1.0,1.0,0.5,0.66747,0.5,1.0,1.0,0.5,0.5,0.5,0.0,0.0,1.0,1.0,1.0,0.00234,0.19462,0.3,0.2,1.0,1.0,0.0,0.0,1.0,1.0
1.0,0.5,1.0,0.5,0.2,0.5,0.02025,0.2,0.0,0.96774,1.0,0.0,1.0,0.44,0.05,0.97649,0.0,1.0,1.0,0.88889,1.0,1.0,0.0,0.6861,1.0,0.11111,0.2516,0.1439,0.0,1.0,1.0,1.0,1.0,0.7,1.0,1.0,0.5,0.66747,0.5,1.0,1.0,0.5,0.5,0.5,0.0,0.0,1.0,1.0,1.0,0.00234,0.19462,0.3,0.2,1.0,1.0,0.0,0.0,1.0,1.0
0.0,0.0,0.0,0.0,0.2,0.2,0.02295,0.2,0.0,0.83333,1.0,0.0,0.0,0.41,0.07,0.98889,0.0,0.88889,1.0,1.0,1.0,0.88889,1.0,0.80786,1.0,0.11111,0.22478,0.16367,0.0,0.0,0.99166,0.88889,0.66667,0.7,1.0,1.0,0.5,0.66747,0.5,1.0,1.0,0.5,0.5,0.5,0.01364,0.0,0.95,1.0,1.0,0.11925,0.6375,0.35,0.2,0.25,1.0,0.0,0.0,0.0,1.0
1.0,0.5,1.0,0.5,0.2,0.5,0.02448,0.2,0.0,0.81081,1.0,0.0,1.0,0.41,0.08,0.98342,0.0,1.0,1.0,1.0,1.0,1.0,0.0,0.79936,1.0,0.11111,0.23704,0.17115,0.0,0.0,0.99239,1.0,1.0,0.7,1.0,1.0,0.5,0.66747,0.5,1.0,1.0,0.09144,0.04917,0.5,0.0,0.0,1.0,1.0,1.0,0.09144,0.04917,0.3,0.2,0.25,1.0,0.0,0.0,0.25,1.0
0.5,0.5,0.5,0.5,0.5,0.5,0.11677,0.9,0.26667,0.0,1.0,0.0,0.0,0.38,0.04,0.9502,0.0,1.0,1.0,0.82222,1.0,0.5,0.0,0.7528,1.0,0.11111,0.94581,0.89719,0.0,0.0,1.0,0.77778,0.5,0.7,0.9,0.90736,1.0,0.5,1.0,1.0,1.0,0.5,0.5,0.5,0.0,0.0,1.0,1.0,1.0,1.0,1.0,0.3,0.2,1.0,0.0,1.0,1.0,1.0,0.5
0.0,0.0,0.0,0.0,0.4,0.3,0.08556,0.4,0.5,0.0,1.0,0.0,0.0,0.38,0.06,0.98788,0.0,1.0,1.0,0.82222,1.0,0.93333,0.0,0.62328,1.0,0.11111,0.81281,0.61126,0.0,1.0,0.97975,1.0,0.88889,0.7,1.0,1.0,0.5,1.0,0.5,1.0,1.0,0.5,0.5,0.5,0.0,0.0,1.0,1.0,1.0,0.0,0.21111,0.3,0.3,1.0,1.0,1.0,1.0,1.0,1.0
1.0,1.0,0.0,1.0,0.4,0.5,0.09642,0.5,0.56667,0.0,1.0,0.0,0.0,0.38,0.06,0.99296,0.0,1.0,1.0,0.82222,1.0,1.0,1.0,0.87486,1.0,0.11111,0.8366,0.62835,0.5,1.0,0.99116,0.77778,1.0,0.7,1.0,1.0,0.5,1.0,0.5,1.0,1.0,0.5,0.5,0.5,0.0,0.0,1.0,1.0,1.0,0.0,0.21111,0.3,0.3,1.0,1.0,1.0,1.0,0.0,1.0
1.0,0.5,1.0,0.5,0.4,0.5,0.09727,0.4,0.6,0.0,1.0,0.0,1.0,0.39,0.07,0.99436,0.0,1.0,1.0,1.0,1.0,1.0,1.0,0.89684,1.0,0.11111,0.82041,0.61802,0.0,1.0,0.99618,1.0,1.0,0.7,1.0,1.0,0.5,1.0,0.5,1.0,1.0,0.5,0.5,0.5,0.0,0.0,1.0,1.0,1.0,0.0,0.21111,0.3,0.3,1.0,1.0,1.0,1.0,1.0,1.0
1.0,1.0,0.0,1.0,0.3,0.6,0.09824,0.4,0.76667,0.0,1.0,0.0,0.0,0.4,0.07,0.99791,0.0,1.0,1.0,1.0,1.0,1.0,1.0,0.71802,1.0,0.11111,0.86955,0.67629,0.5,1.0,1.0,0.77778,1.0,0.7,1.0,1.0,0.5,1.0,0.5,1.0,1.0,0.5,0.5,0.5,0.0,0.0,1.0,1.0,1.0,0.15158,0.11667,0.3,0.3,1.0,0.5,1.0,1.0,1.0,1.0
1.0,1.0,0.0,1.0,0.4,0.6,0.10342,0.4,0.86667,0.0,1.0,0.0,0.0,0.38,0.07,0.9986,0.0,1.0,1.0,1.0,1.0,1.0,1.0,0.73964,1.0,0.11111,0.90185,0.72593,0.5,1.0,1.0,0.77778,1.0,0.7,1.0,1.0,0.5,1.0,0.5,1.0,1.0,0.5,0.5,0.5,0.0,0.0,1.0,1.0,1.0,0.4474,0.17054,0.3,0.3,1.0,1.0,1.0,1.0,1.0,1.0
0.5,0.5,0.5,0.5,0.5,0.5,0.07518,0.1,0.33333,0.0,1.0,0.0,0.0,0.1,0.0,0.99341,0.0,1.0,1.0,1.0,1.0,0.5,0.0,0.03532,0.08831,0.0,1.0,1.0,1.0,0.0,1.0,1.0,0.5,0.7,1.0,1.0,0.5,0.5,0.5,1.0,1.0,0.5,0.5,0.5,0.0,0.0,1.0,1.0,1.0,0.5,0.5,1.0,0.1,1.0,1.0,1.0,1.0,1.0,0.5
0.0,0.0,0.0,0.0,0.1,0.1,0.07518,0.1,0.63333,0.0,1.0,0.0,0.0,0.1,0.0,0.99905,0.0,1.0,1.0,1.0,1.0,1.0,0.0,0.03532,0.08831,0.0,1.0,1.0,1.0,0.0,1.0,1.0,1.0,0.7,1.0,1.0,0.5,0.5,0.5,1.0,1.0,0.5,0.5,0.5,0.0,0.0,1.0,1.0,1.0,0.5,0.5,1.0,0.1,1.0,1.0,1.0,1.0,1.0,0.44444
0.0,0.0,0.0,0.0,0.1,0.1,0.07518,0.1,0.0,0.76923,1.0,0.0,0.0,0.1,0.0,0.99999,0.0,1.0,1.0,1.0,1.0,1.0,0.0,0.03532,0.08831,0.0,1.0,1.0,1.0,0.0,1.0,1.0,1.0,0.7,1.0,1.0,0.5,0.5,0.5,1.0,1.0,0.5,0.5,0.5,0.0,0.0,1.0,1.0,1.0,0.5,0.5,1.0,0.1,1.0,1.0,1.0,1.0,1.0,0.44444
0.5,0.5,0.5,0.5,0.5,0.5,0.12325,0.8,0.36667,0.0,1.0,0.0,0.0,0.32,0.07,0.98564,0.0,1.0,1.0,0.91111,1.0,0.5,0.0,0.86628,1.0,0.0,1.0,1.0,1.0,0.0,0.94626,1.0,0.5,0.7,1.0,1.0,0.5,0.5,0.5,1.0,1.0,0.5,0.5,0.5,0.0,0.0,1.0,1.0,1.0,0.5,0.5,0.3,0.4,1.0,0.66667,0.0,1.0,1.0,0.5
0.0,0.0,0.0,0.0,0.7,0.6,0.10519,0.6,0.63333,0.0,1.0,0.0,0.0,0.23,0.07,0.99396,0.0,1.0,1.0,0.91111,1.0,1.0,1.0,0.97437,1.0,0.11111,1.0,0.98102,0.75,0.0,0.77871,0.77778,0.88889,0.7,1.0,1.0,0.5,0.5,0.5,1.0,1.0,0.5,0.5,0.5,0.0,0.0,1.0,1.0,1.0,0.5,0.5,0.3,0.4,0.75,1.0,0.0,1.0,0.75,1.0
1.0,1.0,0.0,1.0,0.6,0.6,0.10741,0.5,0.73333,0.0,1.0,0.0,0.0,0.24,0.07,0.99866,0.0,1.0,1.0,0.91111,1.0,1.0,0.0,0.97613,1.0,0.11111,1.0,0.97622,0.5,0.0,0.7824,0.77778,1.0,0.7,1.0,1.0,0.5,0.5,0.5,1.0,1.0,0.5,0.5,0.5,0.0,0.0,1.0,1.0,1.0,0.5,0.5,0.3,0.4,0.75,1.0,0.0,1.0,0.75,1.0
1.0,1.0,0.0,1.0,0.5,0.6,0.11884,0.8,0.9,0.0,1.0,0.0,0.0,0.22,0.07,0.0,0.99795,1.0,1.0,0.91111,1.0,1.0,1.0,0.85525,1.0,0.0,1.0,1.0,1.0,0.0,0.97755,0.77778,0.88889,0.7,1.0,1.0,0.5,0.5,0.5,1.0,1.0,0.5,0.5,0.5,0.0,0.0,1.0,1.0,1.0,0.5,0.5,0.3,0.4,1.0,1.0,0.0,1.0,0.0,1.0
0.5,0.5,0.5,0.5,0.5,0.5,0.00333,0.1,0.36667,0.0,1.0,0.0,0.0,0.38,0.1,0.98576,0.0,1.0,1.0,0.68889,1.0,0.5,1.0,0.96073,1.0,1.0,0.03517,0.0248,0.0,0.0,0.95365,0.0,0.5,0.0,1.0,1.0,0.5,0.5,0.5,1.0,1.0,0.5,0.5,0.5,0.0,0.0,1.0,1.0,0.0,0.0,0.0,1.0,0.1,0.0,1.0,1.0,1.0,0.0,0.5
1.0,1.0,1.0,1.0,0.2,0.2,0.00539,0.2,0.46667,0.0,1.0,0.0,0.0,0.19,0.09,0.98393,0.0,1.0,1.0,0.75556,0.91111,0.75556,1.0,0.67584,1.0,0.11111,0.06562,0.03118,0.33333,0.0,0.97186,0.77778,0.33333,0.0,1.0,1.0,0.5,0.5,0.5,1.0,1.0,0.5,0.5,0.5,0.0,0.0,1.0,1.0,1.0,0.0,0.228,1.0,0.1,0.0,1.0,0.0,1.0,0.0,1.0
1.0,0.5,1.0,0.5,0.2,0.5,0.00564,0.2,0.5,0.0,1.0,0.0,1.0,0.14,0.09,0.98098,0.0,1.0,1.0,0.71111,1.0,1.0,1.0,0.68533,1.0,0.11111,0.06808,0.03228,0.33333,0.0,0.97135,1.0,1.0,0.0,1.0,1.0,0.5,0.5,0.5,1.0,1.0,0.5,0.5,0.5,0.0,0.0,1.0,1.0,1.0,0.0,0.228,1.0,0.1,0.0,1.0,0.0,1.0,0.0,1.0
1.0,0.5,1.0,0.5,0.2,0.5,0.00571,0.2,0.53333,0.0,1.0,0.0,1.0,0.11,0.09,0.9823,0.0,0.97778,1.0,0.8,1.0,0.97778,0.0,0.6819,1.0,0.11111,0.06921,0.0328,0.33333,0.0,0.97096,1.0,1.0,0.0,1.0,1.0,0.5,0.5,0.5,1.0,1.0,0.5,0.5,0.5,0.0,0.0,1.0,1.0,1.0,0.0,0.228,1.0,0.1,0.0,1.0,0.0,1.0,0.0,1.0
0.0,0.5,1.0,0.5,0.2,0.5,0.00576,0.2,0.56667,0.0,1.0,0.0,1.0,0.1,0.09,0.98546,0.0,1.0,1.0,0.8,1.0,1.0,0.0,0.68083,1.0,0.11111,0.06978,0.03309,0.33333,0.0,0.97067,1.0,1.0,0.0,1.0,1.0,0.5,0.5,0.5,1.0,1.0,0.5,0.5,0.5,0.0,0.0,1.0,1.0,1.0,0.0,0.228,1.0,0.1,0.0,1.0,0.0,1.0,0.0,1.0
0.0,0.5,1.0,0.5,0.2,0.5,0.00578,0.2,0.6,0.0,1.0,0.0,1.0,0.09,0.09,0.98796,0.0,0.97778,0.97778,0.71111,1.0,0.97778,0.0,0.6805,1.0,0.11111,0.07005,0.03322,0.33333,0.0,0.97046,1.0,1.0,0.0,1.0,1.0,0.5,0.5,0.5,1.0,1.0,0.5,0.5,0.5,0.0,0.0,1.0,1.0,1.0,0.0,0.228,1.0,0.1,0.0,1.0,0.0,1.0,0.0,1.0
0.0,0.5,1.0,0.5,0.2,0.5,0.00579,0.2,0.63333,0.0,1.0,0.0,1.0,0.09,0.09,0.99009,0.0,1.0,0.97778,0.8,1.0,1.0,0.0,0.68039,1.0,0.11111,0.07017,0.03328,0.33333,0.0,0.9703,1.0,1.0,0.0,1.0,1.0,0.5,0.5,0.5,1.0,1.0,0.5,0.5,0.5,0.0,0.0,1.0,1.0,1.0,0.0,0.228,1.0,0.1,0.0,1.0,0.0,1.0,0.0,1.0
0.0,0.5,1.0,0.5,0.2,0.5,0.00579,0.2,0.66667,0.0,1.0,0.0,1.0,0.09,0.09,0.99154,0.0,1.0,1.0,0.8,1.0,1.0,0.0,0.68036,1.0,0.11111,0.07021,0.03331,0.33333,0.0,0.97018,1.0,1.0,0.1,1.0,1.0,0.5,0.5,0.5,1.0,1.0,0.5,0.5,0.5,0.0,0.0,1.0,1.0,1.0,0.0,0.228,0.9,0.3,0.66667,1.0,0.0,1.0,0.0,1.0
0.0,0.0,0.0,0.0,0.2,0.2,0.00304,0.2,0.0,0.75,1.0,0.0,0.0,0.08,0.06,0.99544,0.0,0.91111,0.91111,0.84444,1.0,0.91111,1.0,0.9011,1.0,0.11111,0.03425,0.01629,0.25,0.0,0.93849,0.77778,0.66667,0.7,1.0,1.0,0.5,0.5,0.5,1.0,1.0,0.5,0.5,0.5,0.0,0.0,1.0,1.0,1.0,0.0,0.19,1.0,0.1,0.0,1.0,0.0,1.0,0.0,1.0
0.5,0.5,0.5,0.5,0.5,0.5,0.05804,0.06667,0.06667,0.0,0.0,0.66667,0.0,0.28,0.0,0.5,0.5,0.80952,0.57143,1.0,1.0,0.5,1.0,0.92159,1.0,0.5,0.9066,0.80223,0.0,0.0,0.79896,1.0,0.5,0.7,1.0,1.0,0.5,0.5,0.5,1.0,1.0,0.5,0.5,0.5,0.5,0.5,1.0,1.0,1.0,0.5,0.5,0.3,0.13333,0.16667,1.0,1.0,1.0,0.33333,0.5
1.0,0.5,1.0,0.5,0.13333,0.5,0.05951,0.13333,0.1,0.0,0.0,0.66667,1.0,0.28,0.0,0.92343,0.0,0.85714,0.80952,1.0,1.0,0.85714,0.0,0.88967,1.0,0.07143,0.92108,0.88686,0.0,0.0,0.87577,1.0,0.85714,0.7,1.0,1.0,0.5,0.5,0.5,1.0,1.0,0.5,0.5,0.5,0.0,0.0,1.0,1.0,1.0,0.5,0.5,0.3,0.33333,0.66667,0.75,1.0,1.0,0.16667,1.0
0.5,0.5,0.5,0.5,0.5,0.5,0.07048,0.73333,0.06667,0.0,0.0,0.66667,0.0,0.57333,0.0,0.5,0.5,0.0,1.0,1.0,1.0,0.5,1.0,0.55319,1.0,0.07143,1.0,0.94159,0.69231,0.0,0.92176,0.71429,0.5,0.7,1.0,1.0,0.5,0.5,0.5,1.0,1.0,0.5,0.5,0.5,0.5,0.5,1.0,1.0,1.0,0.5,0.5,0.3,0.53333,0.53846,1.0,1.0,1.0,0.69231,0.5
1.0,0.5,0.0,0.5,0.53333,0.5,0.06715,0.53333,0.1,0.0,0.0,0.66667,1.0,0.83111,0.0,1.0,0.0,1.0,1.0,1.0,1.0,1.0,0.0,0.55219,1.0,0.07143,1.0,0.89328,0.46154,0.0,0.95204,1.0,1.0,0.7,1.0,1.0,0.5,0.5,0.5,1.0,1.0,0.5,0.5,0.5,0.0,0.0,1.0,1.0,1.0,0.5,0.5,0.3,0.6,0.61538,0.75,1.0,1.0,0.53846,1.0
0.0,1.0,0.0,1.0,0.13333,0.93333,0.07326,0.93333,0.16667,0.0,0.0,0.66667,0.0,0.77333,0.0,0.0,1.0,1.0,1.0,1.0,1.0,1.0,1.0,0.99535,1.0,0.64286,1.0,1.0,1.0,0.0,0.98994,0.57143,0.42857,0.7,1.0,1.0,0.5,0.5,0.5,1.0,1.0,0.5,0.5,0.5,0.0,0.0,1.0,1.0,1.0,0.5,0.5,0.3,0.4,1.0,1.0,1.0,1.0,0.0,1.0
0.0,1.0,0.0,0.0,0.66667,0.86667,0.05913,0.13333,0.43333,0.0,0.0,0.66667,0.0,0.48,0.01333,0.755,0.0,1.0,1.0,1.0,1.0,0.46667,0.0,0.96425,1.0,0.07143,0.92212,0.79804,0.2,0.0,0.99608,0.92857,0.85714,0.7,1.0,1.0,0.5,0.5,0.5,1.0,1.0,0.5,0.5,0.5,0.34632,0.0,0.36667,1.0,1.0,0.60633,0.55333,0.93333,0.2,0.4,0.5,1.0,1.0,1.0,1.0
1.0,0.5,1.0,0.5,0.4,0.5,0.06346,0.4,0.46667,0.0,0.0,0.66667,1.0,0.47556,0.02667,0.86593,0.0,1.0,1.0,1.0,1.0,1.0,1.0,0.98261,1.0,0.07143,0.97007,0.85344,0.4,0.0,0.99714,1.0,1.0,0.7,1.0,1.0,0.5,0.5,0.5,1.0,1.0,0.66309,0.7675,0.5,0.0,1.0,1.0,1.0,1.0,0.66309,0.7675,0.3,0.4,1.0,1.0,0.6,1.0,0.4,1.0
0.5,0.5,0.5,0.5,0.5,0.5,0.03314,0.06667,0.36667,0.0,0.0,0.66667,0.0,0.51556,0.03556,0.87335,0.0,1.0,1.0,1.0,1.0,0.5,1.0,0.89078,1.0,0.07143,0.5141,0.43886,0.0,0.0,0.99754,0.92857,0.5,0.1,0.93333,0.93478,1.0,0.5,1.0,1.0,1.0,0.5,0.5,0.5,0.0,0.0,1.0,1.0,1.0,0.36238,0.51498,0.9,0.26667,0.5,1.0,1.0,1.0,0.0,0.5
0.5,0.5,0.5,0.5,0.5,0.5,0.0553,0.06667,0.1,0.0,0.0,0.66667,0.0,0.35556,0.0,0.86322,0.0,0.84762,1.0,1.0,1.0,0.5,0.0,0.64781,1.0,0.64286,0.84538,0.77932,0.0,0.0,0.59384,0.35714,0.5,0.7,1.0,1.0,0.5,0.5,0.5,1.0,1.0,0.5,0.5,0.5,0.0,0.0,1.0,1.0,1.0,0.5,0.5,0.3,0.13333,0.5,0.0,1.0,1.0,0.5,0.5
1.0,0.5,1.0,0.5,0.06667,0.5,0.05615,0.06667,0.13333,0.0,0.0,0.66667,1.0,0.32,0.0,0.89942,0.0,0.84762,1.0,1.0,1.0,0.84762,1.0,0.66481,1.0,0.07143,0.85193,0.75747,0.0,0.0,0.58694,1.0,1.0,0.7,1.0,1.0,0.5,0.5,0.5,1.0,1.0,0.5,0.5,0.5,0.0,0.0,1.0,1.0,1.0,0.5,0.5,0.3,0.13333,0.5,0.0,1.0,1.0,0.5,1.0
1.0,0.5,1.0,0.5,0.06667,0.5,0.06258,0.06667,0.16667,0.0,0.0,0.66667,1.0,0.32444,0.0,0.91141,0.0,1.0,1.0,1.0,1.0,1.0,1.0,0.67046,1.0,0.07143,0.91715,0.80891,0.0,0.0,0.6129,1.0,1.0,0.7,1.0,1.0,0.5,0.5,0.5,1.0,1.0,0.5,0.5,0.5,0.0,0.0,1.0,1.0,1.0,0.5,0.5,0.3,0.13333,0.5,0.0,1.0,1.0,0.5,1.0
1.0,0.5,1.0,0.5,0.6,0.5,0.06683,0.6,0.2,0.0,0.0,0.66667,1.0,0.32444,0.0,0.91287,0.0,1.0,1.0,1.0,1.0,1.0,1.0,0.6813,1.0,0.07143,0.94357,0.86721,0.0,0.0,0.62368,1.0,0.85714,0.7,1.0,1.0,0.5,0.5,0.5,1.0,1.0,0.5,0.5,0.5,0.0,0.0,1.0,1.0,1.0,0.5,0.5,0.3,0.13333,0.5,1.0,1.0,1.0,0.5,1.0
1.0,0.5,1.0,0.5,0.73333,0.5,0.06975,0.73333,0.23333,0.0,0.0,0.66667,1.0,0.30667,0.0,0.92709,0.0,1.0,1.0,1.0,1.0,1.0,0.0,0.67929,1.0,0.07143,0.98551,0.90472,0.5,0.0,0.63808,1.0,1.0,0.7,1.0,1.0,0.5,0.5,0.5,1.0,1.0,0.5,0.5,0.5,0.0,0.0,1.0,1.0,1.0,0.5,0.5,0.3,0.13333,0.5,1.0,1.0,1.0,0.5,1.0
1.0,0.5,1.0,0.5,0.8,0.5,0.07207,0.8,0.26667,0.0,0.0,0.66667,1.0,0.30222,0.0,0.95263,0.0,1.0,1.0,1.0,1.0,1.0,0.0,0.67681,1.0,0.07143,1.0,0.93172,0.5,0.0,0.6472,1.0,1.0,0.7,1.0,1.0,0.5,0.5,0.5,1.0,1.0,0.5,0.5,0.5,0.0,0.0,1.0,1.0,1.0,0.5,0.5,0.3,0.13333,0.5,1.0,1.0,1.0,0.5,1.0
1.0,0.5,1.0,0.5,0.86667,0.5,0.07401,0.86667,0.3,0.0,0.0,0.66667,1.0,0.29778,0.0,0.97062,0.0,1.0,1.0,1.0,1.0,1.0,0.0,0.67416,1.0,0.07143,1.0,0.95056,0.5,0.0,0.65311,1.0,1.0,0.7,1.0,1.0,0.5,0.5,0.5,1.0,1.0,0.5,0.5,0.5,0.0,0.0,1.0,1.0,1.0,0.5,0.5,0.3,0.13333,0.5,1.0,1.0,1.0,0.5,1.0
1.0,0.5,1.0,0.5,0.86667,0.5,0.07571,0.86667,0.33333,0.0,0.0,0.66667,1.0,0.29778,0.0,0.98348,0.0,1.0,1.0,1.0,1.0,1.0,0.0,0.67147,1.0,0.07143,1.0,0.96413,0.5,0.0,0.65704,1.0,1.0,0.7,1.0,1.0,0.5,0.5,0.5,1.0,1.0,0.5,0.5,0.5,0.0,0.0,1.0,1.0,1.0,0.5,0.5,0.3,0.13333,0.5,1.0,1.0,1.0,0.5,1.0
1.0,0.5,1.0,0.5,0.86667,0.5,0.0772,0.86667,0.36667,0.0,0.0,0.66667,1.0,0.29778,0.0,0.99367,0.0,1.0,1.0,1.0,1.0,1.0,0.0,0.66871,1.0,0.07143,1.0,0.97391,0.5,0.0,0.65972,1.0,1.0,0.7,1.0,1.0,0.5,0.5,0.5,1.0,1.0,0.5,0.5,0.5,0.0,0.0,1.0,1.0,1.0,0.5,0.5,0.3,0.13333,0.5,1.0,1.0,1.0,0.5,1.0
1.0,0.5,1.0,0.5,0.86667,0.5,0.07853,0.86667,0.4,0.0,0.0,0.66667,1.0,0.29778,0.0,0.9999,0.0,1.0,1.0,1.0,1.0,1.0,0.0,0.66592,1.0,0.07143,1.0,0.98105,0.5,0.0,0.66159,1.0,1.0,0.7,1.0,1.0,0.5,0.5,0.5,1.0,1.0,0.5,0.5,0.5,0.0,0.0,1.0,1.0,1.0,0.5,0.5,0.3,0.13333,0.5,1.0,1.0,1.0,0.5,1.0
1.0,0.5,1.0,0.5,0.8,0.5,0.07971,0.8,0.43333,0.0,0.0,0.66667,1.0,0.29778,0.0,0.0,0.99461,1.0,1.0,1.0,1.0,1.0,0.0,0.66312,1.0,0.07143,1.0,0.98605,0.5,0.0,0.6629,1.0,1.0,0.7,1.0,1.0,0.5,0.5,0.5,1.0,1.0,0.5,0.5,0.5,0.0,0.0,1.0,1.0,1.0,0.5,0.5,0.3,0.13333,0.5,1.0,1.0,1.0,0.5,1.0
1.0,0.5,1.0,0.5,0.8,0.5,0.08079,0.8,0.46667,0.0,0.0,0.66667,1.0,0.29778,0.0,0.0,0.99233,1.0,1.0,1.0,1.0,1.0,0.0,0.66035,1.0,0.07143,1.0,0.98983,0.5,0.0,0.66384,1.0,1.0,0.7,1.0,1.0,0.5,0.5,0.5,1.0,1.0,0.5,0.5,0.5,0.0,0.0,1.0,1.0,1.0,0.5,0.5,0.3,0.13333,0.5,1.0,1.0,1.0,0.5,1.0
1.0,0.5,1.0,0.5,0.8,0.5,0.08176,0.8,0.5,0.0,0.0,0.66667,1.0,0.29778,0.0,0.0,0.98957,1.0,1.0,1.0,1.0,1.0,0.0,0.6576,1.0,0.07143,1.0,0.99256,0.5,0.0,0.66452,1.0,1.0,0.7,1.0,1.0,0.5,0.5,0.5,1.0,1.0,0.5,0.5,0.5,0.0,0.0,1.0,1.0,1.0,0.5,0.5,0.3,0.13333,0.5,1.0,1.0,1.0,0.5,1.0
1.0,0.5,1.0,0.5,0.66667,0.5,0.08263,0.66667,0.53333,0.0,0.0,0.66667,1.0,0.29778,0.0,0.0,0.9881,1.0,1.0,1.0,1.0,1.0,0.0,0.65488,1.0,0.07143,1.0,0.99449,0.5,0.0,0.66502,1.0,1.0,0.7,1.0,1.0,0.5,0.5,0.5,1.0,1.0,0.5,0.5,0.5,0.0,0.0,1.0,1.0,1.0,0.5,0.5,0.3,0.13333,0.5,1.0,1.0,1.0,0.5,1.0
1.0,0.5,1.0,0.5,0.66667,0.5,0.0834,0.66667,0.56667,0.0,0.0,0.66667,1.0,0.29778,0.0,0.0,0.98648,1.0,1.0,1.0,1.0,1.0,0.0,0.65219,1.0,0.07143,1.0,0.99599,0.5,0.0,0.66539,1.0,1.0,0.7,1.0,1.0,0.5,0.5,0.5,1.0,1.0,0.5,0.5,0.5,0.0,0.0,1.0,1.0,1.0,0.5,0.5,0.3,0.13333,0.5,1.0,1.0,1.0,0.5,1.0
1.0,0.5,1.0,0.5,0.66667,0.5,0.08409,0.66667,0.6,0.0,0.0,0.66667,1.0,0.29778,0.0,0.0,0.98599,1.0,1.0,1.0,1.0,1.0,0.0,0.64954,1.0,0.07143,1.0,0.99702,0.5,0.0,0.66567,1.0,1.0,0.7,1.0,1.0,0.5,0.5,0.5,1.0,1.0,0.5,0.5,0.5,0.0,0.0,1.0,1.0,1.0,0.5,0.5,0.3,0.13333,0.5,1.0,1.0,1.0,0.5,1.0
1.0,0.5,1.0,0.5,0.66667,0.5,0.08471,0.66667,0.63333,0.0,0.0,0.66667,1.0,0.29778,0.0,0.0,0.98428,1.0,1.0,1.0,1.0,1.0,0.0,0.64696,1.0,0.07143,1.0,0.99783,0.5,0.0,0.66587,1.0,1.0,0.7,1.0,1.0,0.5,0.5,0.5,1.0,1.0,0.5,0.5,0.5,0.0,0.0,1.0,1.0,1.0,0.5,0.5,0.3,0.13333,0.5,1.0,1.0,1.0,0.5,1.0
1.0,0.5,1.0,0.5,0.66667,0.5,0.08526,0.66667,0.66667,0.0,0.0,0.66667,1.0,0.29778,0.0,0.0,0.98539,1.0,1.0,1.0,1.0,1.0,1.0,0.73315,1.0,0.07143,1.0,0.99841,0.5,1.0,0.99827,1.0,0.85714,0.7,1.0,1.0,0.5,0.5,0.5,1.0,1.0,0.5,0.5,0.5,0.0,0.0,1.0,1.0,1.0,0.5,0.5,0.3,0.13333,0.5,1.0,1.0,1.0,0.5,1.0
0.5,0.5,0.5,0.5,0.5,0.5,0.05659,0.06667,0.06667,0.0,0.0,0.66667,0.0,0.12889,0.0,0.5,0.5,0.93333,0.87619,1.0,1.0,0.5,1.0,0.84535,1.0,0.07143,0.87213,0.79924,0.0,1.0,0.512,1.0,0.5,0.7,1.0,1.0,0.5,0.5,0.5,1.0,1.0,0.5,0.5,0.5,0.5,0.5,1.0,1.0,1.0,0.5,0.5,0.3,0.13333,0.25,0.0,1.0,1.0,1.0,0.5
1.0,0.5,1.0,0.5,0.66667,0.5,0.06234,0.66667,0.1,0.0,0.0,0.66667,1.0,0.20889,0.0,0.0,0.80475,0.8,0.74286,1.0,1.0,0.8,0.0,0.8104,1.0,0.07143,1.0,0.94086,0.5,0.0,0.7694,1.0,0.85714,0.7,1.0,1.0,0.5,0.5,0.5,1.0,1.0,0.5,0.5,0.5,0.0,0.0,1.0,1.0,1.0,0.5,0.5,0.3,0.26667,0.75,0.66667,1.0,1.0,0.25,1.0
1.0,0.5,1.0,0.5,0.6,0.5,0.06432,0.6,0.13333,0.0,0.0,0.66667,1.0,0.36444,0.00889,0.4402,0.0,0.85714,0.71429,0.89524,1.0,0.85714,1.0,0.96976,1.0,0.07143,0.83645,0.40153,0.75,0.0,0.77832,1.0,0.71429,0.7,1.0,1.0,0.5,0.5,0.5,1.0,1.0,0.5,0.5,0.5,0.0,0.0,1.0,1.0,1.0,0.5,0.5,0.3,0.26667,0.75,0.66667,1.0,1.0,0.5,1.0
0.0,0.5,0.0,0.5,0.33333,0.5,0.05705,0.33333,0.16667,0.0,0.0,0.66667,1.0,0.36889,0.00889,0.6963,0.0,1.0,1.0,0.89524,1.0,1.0,0.0,0.93385,1.0,0.07143,0.77957,0.39361,0.5,0.0,0.75643,1.0,1.0,0.7,1.0,1.0,0.5,0.5,0.5,1.0,1.0,0.5,0.5,0.5,0.0,0.0,1.0,1.0,1.0,0.5,0.5,0.3,0.26667,0.75,0.33333,1.0,1.0,0.75,1.0
1.0,0.5,1.0,0.5,0.6,0.5,0.06387,0.6,0.2,0.0,0.0,0.66667,1.0,0.40889,0.00889,0.81172,0.0,1.0,1.0,0.89524,1.0,1.0,1.0,0.98845,1.0,0.21429,1.0,0.90357,0.66667,0.0,0.89283,1.0,0.71429,0.7,1.0,1.0,0.5,0.5,0.5,1.0,1.0,0.5,0.5,0.5,0.0,0.0,1.0,1.0,1.0,0.5,0.5,0.3,0.33333,0.66667,0.5,1.0,1.0,0.5,1.0
1.0,0.5,1.0,0.5,0.73333,0.5,0.07041,0.73333,0.23333,0.0,0.0,0.66667,1.0,0.39111,0.00889,0.86677,0.0,1.0,1.0,0.89524,1.0,1.0,0.0,0.96299,1.0,0.21429,1.0,0.90482,0.83333,0.0,0.92854,1.0,1.0,0.7,1.0,1.0,0.5,0.5,0.5,1.0,1.0,0.5,0.5,0.5,0.0,0.0,1.0,1.0,1.0,0.5,0.5,0.3,0.33333,0.66667,1.0,1.0,1.0,0.66667,1.0
1.0,0.5,0.0,0.5,0.8,0.5,0.06897,0.8,0.26667,0.0,0.0,0.66667,1.0,0.37778,0.00889,0.92241,0.0,1.0,1.0,1.0,1.0,1.0,0.0,0.95568,1.0,0.21429,1.0,0.90619,0.83333,0.0,0.95279,1.0,1.0,0.7,1.0,1.0,0.5,0.5,0.5,1.0,1.0,0.5,0.5,0.5,0.0,0.0,1.0,1.0,1.0,0.5,0.5,0.3,0.33333,0.66667,0.75,1.0,1.0,0.66667,1.0
0.5,0.5,0.5,0.5,0.5,0.5,0.0685,0.46667,0.33333,0.0,0.0,0.66667,0.0,0.16444,0.04444,0.0,0.99607,0.66667,1.0,0.68571,0.68571,0.5,1.0,0.95998,1.0,0.07143,1.0,0.75566,0.66667,0.0,0.95147,0.64286,0.5,0.7,1.0,1.0,0.5,0.5,0.5,1.0,1.0,0.5,0.5,0.5,0.0,1.0,1.0,1.0,1.0,0.32024,0.25706,0.3,0.33333,0.66667,0.5,0.0,1.0,0.0,0.5
0.5,0.5,0.5,0.5,0.5,0.5,0.1211,1.0,1.0,0.0,0.0,0.66667,0.0,0.23111,0.00889,0.94669,0.0,0.85714,0.87619,0.90476,0.88571,0.5,0.0,0.87208,1.0,0.07143,1.0,1.0,1.0,0.0,0.96963,0.78571,0.5,0.7,1.0,1.0,0.5,0.5,0.5,1.0,1.0,0.5,0.5,0.5,0.0,0.0,1.0,1.0,1.0,0.5,0.5,0.3,0.33333,1.0,0.75,0.75,1.0,1.0,0.5
0.5,0.5,0.5,0.5,0.5,0.5,0.0567,0.06667,0.3,0.0,0.0,0.66667,0.0,0.56,0.0,0.90197,0.0,1.0,1.0,1.0,1.0,0.5,0.0,0.98545,1.0,0.07143,0.86421,0.68145,0.0,1.0,0.99064,0.07143,0.5,0.7,1.0,1.0,0.5,0.5,0.5,1.0,1.0,0.5,0.5,0.5,0.0,0.0,1.0,1.0,1.0,0.5,0.5,0.3,0.4,1.0,1.0,1.0,1.0,0.0,0.5
0.0,0.5,0.0,0.5,0.06667,0.5,0.04658,0.06667,0.33333,0.0,0.0,0.66667,1.0,0.52,0.0,0.9165,0.0,1.0,1.0,1.0,1.0,1.0,0.0,0.97924,1.0,0.07143,0.71516,0.52351,0.0,1.0,0.98996,1.0,1.0,0.7,1.0,1.0,0.5,0.5,0.5,1.0,1.0,0.5,0.5,0.5,0.0,0.0,1.0,1.0,1.0,0.5,0.5,0.3,0.4,1.0,0.6,1.0,1.0,1.0,1.0
0.5,0.5,0.5,0.5,0.5,0.5,0.05166,0.06667,0.1,0.0,0.0,0.66667,0.0,0.09778,0.0,0.96618,0.0,0.98095,0.97143,1.0,1.0,0.5,0.0,0.65935,1.0,0.07143,0.80266,0.6876,0.0,1.0,0.66667,0.92857,0.5,0.7,1.0,1.0,0.5,0.5,0.5,1.0,1.0,0.5,0.5,0.5,0.0,0.0,1.0,1.0,1.0,0.5,0.5,0.3,0.2,1.0,0.5,1.0,1.0,0.5,0.5
0.5,0.5,0.5,0.5,0.5,0.5,0.12976,1.0,0.2,0.0,0.0,0.66667,0.0,0.35556,0.00889,0.67345,0.0,1.0,1.0,1.0,1.0,0.5,0.0,0.9778,1.0,0.07143,1.0,1.0,1.0,0.0,1.0,0.85714,0.5,0.7,1.0,1.0,0.5,0.5,0.5,1.0,1.0,0.5,0.5,0.5,0.0,0.0,1.0,1.0,1.0,0.5,0.5,0.3,0.4,1.0,1.0,0.8,1.0,1.0,0.5
0.0,0.0,0.0,0.0,0.93333,1.0,0.06763,0.53333,0.33333,0.0,0.0,0.66667,0.0,0.29333,0.06222,0.99644,0.0,1.0,1.0,1.0,1.0,1.0,1.0,0.97543,1.0,0.07143,1.0,0.8903,0.6,0.0,0.99766,0.92857,0.85714,0.6,1.0,1.0,0.5,0.5,0.5,1.0,1.0,0.5,0.5,0.5,0.0,0.0,1.0,1.0,1.0,0.6197,0.60785,0.4,0.4,1.0,0.0,0.0,1.0,1.0,1.0
0.5,0.5,0.5,0.5,0.5,0.5,0.05972,0.2,0.06667,0.0,0.0,0.66667,0.0,0.33333,0.0,0.5,0.5,0.67619,0.45714,1.0,1.0,0.5,1.0,0.82911,1.0,0.07143,0.94381,0.86406,0.25,0.0,0.84,0.85714,0.5,0.7,1.0,1.0,0.5,0.5,0.5,1.0,1.0,0.5,0.5,0.5,0.5,0.5,1.0,1.0,1.0,0.5,0.5,0.3,0.2,0.5,1.0,1.0,1.0,0.5,0.5
1.0,0.5,0.0,0.5,0.13333,0.5,0.05808,0.13333,0.1,0.0,0.0,0.66667,1.0,0.38222,0.0,0.91157,0.0,1.0,0.92381,1.0,1.0,1.0,0.0,0.82213,1.0,0.07143,0.93303,0.83079,0.25,0.0,0.68589,1.0,0.85714,0.7,1.0,1.0,0.5,0.5,0.5,1.0,1.0,0.5,0.5,0.5,0.0,0.0,1.0,1.0,1.0,0.5,0.5,0.3,0.26667,0.75,0.33333,1.0,1.0,0.5,1.0
1.0,0.5,1.0,0.5,0.13333,0.5,0.06039,0.13333,0.13333,0.0,0.0,0.66667,1.0,0.35556,0.0,0.84055,0.0,0.89524,0.89524,1.0,1.0,0.89524,1.0,0.97691,1.0,0.07143,0.9296,0.82538,0.2,0.0,0.75008,1.0,0.92857,0.7,1.0,1.0,0.5,0.5,0.5,1.0,1.0,0.5,0.5,0.5,0.0,0.0,1.0,1.0,1.0,0.5,0.5,0.3,0.26667,0.6,0.33333,1.0,1.0,0.6,1.0
1.0,0.5,1.0,0.5,0.2,0.5,0.06275,0.2,0.16667,0.0,0.0,0.66667,1.0,0.32444,0.0,0.86584,0.0,1.0,1.0,1.0,1.0,1.0,0.0,0.97561,1.0,0.07143,0.96733,0.89007,0.2,0.0,0.7719,1.0,1.0,0.7,1.0,1.0,0.5,0.5,0.5,1.0,1.0,0.5,0.5,0.5,0.0,0.0,1.0,1.0,1.0,0.5,0.5,0.3,0.33333,0.8,0.75,1.0,1.0,0.6,1.0
1.0,0.5,1.0,0.5,0.6,0.5,0.06847,0.6,0.2,0.0,0.0,0.66667,1.0,0.32889,0.0,0.88376,0.0,1.0,1.0,1.0,1.0,1.0,0.0,0.96987,1.0,0.07143,1.0,0.99387,0.8,0.0,0.78428,1.0,1.0,0.7,1.0,1.0,0.5,0.5,0.5,1.0,1.0,0.5,0.5,0.5,0.0,0.0,1.0,1.0,1.0,0.5,0.5,0.3,0.33333,0.8,1.0,1.0,1.0,0.8,1.0
1.0,0.5,1.0,0.5,0.73333,0.5,0.0706,0.73333,0.23333,0.0,0.0,0.66667,1.0,0.31111,0.0,0.90485,0.0,1.0,1.0,1.0,1.0,1.0,1.0,0.97385,1.0,0.07143,1.0,1.0,1.0,0.0,0.79248,1.0,0.85714,0.7,1.0,1.0,0.5,0.5,0.5,1.0,1.0,0.5,0.5,0.5,0.0,0.0,1.0,1.0,1.0,0.5,0.5,0.3,0.33333,0.8,1.0,1.0,1.0,0.8,1.0
1.0,0.5,0.0,0.5,0.6,0.5,0.06992,0.6,0.26667,0.0,0.0,0.66667,1.0,0.30667,0.0,0.93733,0.0,1.0,1.0,1.0,1.0,1.0,0.0,0.96453,1.0,0.07143,1.0,1.0,1.0,0.0,0.79673,1.0,1.0,0.7,1.0,1.0,0.5,0.5,0.5,1.0,1.0,0.5,0.5,0.5,0.0,0.0,1.0,1.0,1.0,0.5,0.5,0.3,0.33333,0.8,0.75,1.0,1.0,0.8,1.0
1.0,0.5,1.0,0.5,0.6,0.5,0.07106,0.6,0.3,0.0,0.0,0.66667,1.0,0.31556,0.0,0.96228,0.0,1.0,1.0,1.0,1.0,1.0,0.0,0.95449,1.0,0.07143,1.0,1.0,1.0,0.0,0.80115,1.0,1.0,0.7,1.0,1.0,0.5,0.5,0.5,1.0,1.0,0.5,0.5,0.5,0.0,0.0,1.0,1.0,1.0,0.5,0.5,0.3,0.33333,0.8,0.75,1.0,1.0,0.8,1.0
1.0,0.5,1.0,0.5,0.6,0.5,0.07305,0.6,0.33333,0.0,0.0,0.66667,1.0,0.32444,0.0,0.97566,0.0,1.0,1.0,1.0,1.0,1.0,0.0,0.94537,1.0,0.07143,1.0,1.0,1.0,0.0,0.80433,1.0,1.0,0.7,1.0,1.0,0.5,0.5,0.5,1.0,1.0,0.5,0.5,0.5,0.0,0.0,1.0,1.0,1.0,0.5,0.5,0.3,0.33333,0.8,1.0,1.0,1.0,0.8,1.0
1.0,0.5,1.0,0.5,0.6,0.5,0.07396,0.6,0.36667,0.0,0.0,0.66667,1.0,0.32,0.0,0.98684,0.0,1.0,1.0,1.0,1.0,1.0,0.0,0.93536,1.0,0.07143,1.0,1.0,1.0,0.0,0.806,1.0,1.0,0.7,1.0,1.0,0.5,0.5,0.5,1.0,1.0,0.5,0.5,0.5,0.0,0.0,1.0,1.0,1.0,0.5,0.5,0.3,0.33333,0.8,1.0,1.0,1.0,0.8,1.0
1.0,0.5,0.0,0.5,0.6,0.5,0.07342,0.6,0.4,0.0,0.0,0.66667,1.0,0.33333,0.0,0.99738,0.0,1.0,1.0,1.0,1.0,1.0,0.0,0.91516,1.0,0.07143,1.0,1.0,1.0,0.0,0.80828,1.0,0.85714,0.7,1.0,1.0,0.5,0.5,0.5,1.0,1.0,0.5,0.5,0.5,0.0,0.0,1.0,1.0,1.0,0.5,0.5,0.3,0.33333,0.8,0.75,1.0,1.0,0.8,1.0
1.0,0.5,1.0,0.5,0.6,0.5,0.07407,0.6,0.43333,0.0,0.0,0.66667,1.0,0.33333,0.0,0.99982,0.0,1.0,1.0,1.0,1.0,1.0,0.0,0.9051,1.0,0.07143,1.0,1.0,1.0,0.0,0.81009,1.0,1.0,0.7,1.0,1.0,0.5,0.5,0.5,1.0,1.0,0.5,0.5,0.5,0.0,0.0,1.0,1.0,1.0,0.5,0.5,0.3,0.33333,0.8,0.75,1.0,1.0,0.8,1.0
1.0,0.5,1.0,0.5,0.6,0.5,0.07471,0.6,0.46667,0.0,0.0,0.66667,1.0,0.33333,0.0,0.0,0.99835,1.0,1.0,1.0,1.0,1.0,0.0,0.89399,1.0,0.07143,1.0,1.0,1.0,0.0,0.81004,1.0,1.0,0.7,1.0,1.0,0.5,0.5,0.5,1.0,1.0,0.5,0.5,0.5,0.0,0.0,1.0,1.0,1.0,0.5,0.5,0.3,0.33333,0.8,0.75,1.0,1.0,0.8,1.0
1.0,0.5,0.0,0.5,0.53333,0.5,0.07406,0.53333,0.5,0.0,0.0,0.66667,1.0,0.34222,0.0,0.0,0.99538,1.0,1.0,1.0,1.0,1.0,0.0,0.88302,1.0,0.07143,1.0,1.0,1.0,0.0,0.80938,1.0,1.0,0.7,1.0,1.0,0.5,0.5,0.5,1.0,1.0,0.5,0.5,0.5,0.0,0.0,1.0,1.0,1.0,0.5,0.5,0.3,0.33333,0.8,0.75,1.0,1.0,0.8,1.0
1.0,0.5,1.0,0.5,0.6,0.5,0.07421,0.6,0.53333,0.0,0.0,0.66667,1.0,0.34222,0.0,0.0,0.99324,1.0,1.0,1.0,1.0,1.0,0.0,0.87566,1.0,0.07143,1.0,1.0,1.0,0.0,0.80652,1.0,0.85714,0.7,1.0,1.0,0.5,0.5,0.5,1.0,1.0,0.5,0.5,0.5,0.0,0.0,1.0,1.0,1.0,0.5,0.5,0.3,0.33333,0.8,0.75,1.0,1.0,0.8,1.0
1.0,0.5,0.0,0.5,0.6,0.5,0.07418,0.6,0.56667,0.0,0.0,0.66667,1.0,0.34222,0.0,0.0,0.99242,1.0,1.0,1.0,1.0,1.0,0.0,0.86528,1.0,0.07143,1.0,1.0,1.0,0.0,0.80618,1.0,1.0,0.7,1.0,1.0,0.5,0.5,0.5,1.0,1.0,0.5,0.5,0.5,0.0,0.0,1.0,1.0,1.0,0.5,0.5,0.3,0.33333,0.8,0.75,1.0,1.0,0.8,1.0
1.0,0.5,1.0,0.5,0.53333,0.5,0.07458,0.53333,0.6,0.0,0.0,0.66667,1.0,0.33778,0.0,0.0,0.99015,1.0,1.0,1.0,1.0,1.0,0.0,0.57392,1.0,0.0,1.0,1.0,1.0,0.0,0.95948,1.0,0.92857,0.7,1.0,1.0,0.5,0.5,0.5,1.0,1.0,0.5,0.5,0.5,0.0,0.0,1.0,1.0,1.0,0.5,0.5,0.3,0.33333,1.0,0.75,1.0,1.0,1.0,1.0
1.0,0.5,1.0,0.5,0.53333,0.5,0.07485,0.53333,0.63333,0.0,0.0,0.66667,1.0,0.34222,0.0,0.0,0.99118,1.0,1.0,1.0,1.0,1.0,0.0,0.56211,1.0,0.0,1.0,1.0,1.0,0.0,0.95905,1.0,1.0,0.7,1.0,1.0,0.5,0.5,0.5,1.0,1.0,0.5,0.5,0.5,0.0,0.0,1.0,1.0,1.0,0.5,0.5,0.3,0.33333,1.0,1.0,1.0,1.0,1.0,1.0
1.0,0.5,1.0,0.5,0.53333,0.5,0.07505,0.53333,0.66667,0.0,0.0,0.66667,1.0,0.34222,0.0,0.0,0.99087,1.0,1.0,1.0,1.0,1.0,0.0,0.55443,1.0,0.0,1.0,1.0,1.0,0.0,0.95831,1.0,1.0,0.7,1.0,1.0,0.5,0.5,0.5,1.0,1.0,0.5,0.5,0.5,0.0,0.0,1.0,1.0,1.0,0.5,0.5,0.3,0.33333,1.0,1.0,1.0,1.0,1.0,1.0
1.0,0.5,1.0,0.5,0.53333,0.5,0.07625,0.53333,0.7,0.0,0.0,0.66667,1.0,0.33778,0.0,0.0,0.99066,1.0,1.0,1.0,1.0,1.0,0.0,0.54956,1.0,0.0,1.0,1.0,1.0,0.0,0.95807,1.0,1.0,0.7,1.0,1.0,0.5,0.5,0.5,1.0,1.0,0.5,0.5,0.5,0.0,0.0,1.0,1.0,1.0,0.5,0.5,0.3,0.33333,1.0,1.0,1.0,1.0,1.0,1.0
1.0,0.5,1.0,0.5,0.53333,0.5,0.07641,0.53333,0.73333,0.0,0.0,0.66667,1.0,0.33778,0.0,0.0,0.98996,1.0,1.0,1.0,1.0,1.0,0.0,0.54384,1.0,0.0,1.0,1.0,1.0,0.0,0.95823,1.0,1.0,0.7,1.0,1.0,0.5,0.5,0.5,1.0,1.0,0.5,0.5,0.5,0.0,0.0,1.0,1.0,1.0,0.5,0.5,0.3,0.33333,1.0,1.0,1.0,1.0,1.0,1.0
1.0,0.5,1.0,0.5,0.53333,0.5,0.07663,0.53333,0.76667,0.0,0.0,0.66667,1.0,0.33333,0.0,0.0,0.98986,1.0,1.0,1.0,1.0,1.0,0.0,0.53795,1.0,0.0,1.0,1.0,1.0,0.0,0.95843,1.0,1.0,0.7,1.0,1.0,0.5,0.5,0.5,1.0,1.0,0.5,0.5,0.5,0.0,0.0,1.0,1.0,1.0,0.5,0.5,0.3,0.33333,1.0,1.0,1.0,1.0,1.0,1.0
1.0,0.5,0.0,0.5,0.53333,0.5,0.07625,0.53333,0.8,0.0,0.0,0.66667,1.0,0.33333,0.0,0.0,0.98978,1.0,1.0,1.0,1.0,1.0,0.0,0.53222,1.0,0.0,1.0,1.0,1.0,0.0,0.95822,1.0,1.0,0.7,1.0,1.0,0.5,0.5,0.5,1.0,1.0,0.5,0.5,0.5,0.0,0.0,1.0,1.0,1.0,0.5,0.5,0.3,0.33333,1.0,1.0,1.0,1.0,1.0,1.0
1.0,0.5,0.0,0.5,0.53333,0.5,0.07541,0.53333,0.83333,0.0,0.0,0.66667,1.0,0.33333,0.0,0.0,0.98917,1.0,1.0,1.0,1.0,1.0,0.0,0.52437,1.0,0.0,1.0,1.0,1.0,0.0,0.95758,1.0,1.0,0.7,1.0,1.0,0.5,0.5,0.5,1.0,1.0,0.5,0.5,0.5,0.0,0.0,1.0,1.0,1.0,0.5,0.5,0.3,0.33333,1.0,1.0,1.0,1.0,1.0,1.0
1.0,0.5,1.0,0.5,0.53333,0.5,0.07579,0.53333,0.86667,0.0,0.0,0.66667,1.0,0.33333,0.0,0.0,0.98831,1.0,1.0,1.0,1.0,1.0,0.0,0.51559,1.0,0.0,1.0,1.0,1.0,0.0,0.95739,1.0,1.0,0.7,1.0,1.0,0.5,0.5,0.5,1.0,1.0,0.5,0.5,0.5,0.0,0.0,1.0,1.0,1.0,0.5,0.5,0.3,0.33333,1.0,0.75,1.0,1.0,1.0,1.0
1.0,0.5,1.0,0.5,0.53333,0.5,0.07605,0.53333,0.9,0.0,0.0,0.66667,1.0,0.33333,0.0,0.0,0.98819,1.0,1.0,1.0,1.0,1.0,0.0,0.50662,1.0,0.0,1.0,1.0,1.0,0.0,0.95776,1.0,1.0,0.7,1.0,1.0,0.5,0.5,0.5,1.0,1.0,0.5,0.5,0.5,0.0,0.0,1.0,1.0,1.0,0.5,0.5,0.3,0.33333,1.0,0.75,1.0,1.0,1.0,1.0
1.0,0.5,0.0,0.5,0.53333,0.5,0.07575,0.53333,0.93333,0.0,0.0,0.66667,1.0,0.33333,0.0,0.0,0.98882,1.0,1.0,1.0,1.0,1.0,0.0,0.49822,1.0,0.0,1.0,1.0,1.0,0.0,0.95754,1.0,1.0,0.7,1.0,1.0,0.5,0.5,0.5,1.0,1.0,0.5,0.5,0.5,0.0,0.0,1.0,1.0,1.0,0.5,0.5,0.3,0.33333,1.0,0.75,1.0,1.0,1.0,1.0
1.0,0.5,0.0,0.5,0.53333,0.5,0.07476,0.53333,0.96667,0.0,0.0,0.66667,1.0,0.33333,0.0,0.0,0.98922,1.0,1.0,1.0,1.0,1.0,0.0,0.49008,1.0,0.0,1.0,1.0,1.0,0.0,0.95639,1.0,1.0,0.7,1.0,1.0,0.5,0.5,0.5,1.0,1.0,0.5,0.5,0.5,0.0,0.0,1.0,1.0,1.0,0.5,0.5,0.3,0.33333,1.0,0.75,1.0,1.0,1.0,1.0
1.0,0.5,0.0,0.5,0.53333,0.5,0.07384,0.53333,1.0,0.0,0.0,0.66667,1.0,0.33333,0.0,0.0,0.98912,1.0,1.0,1.0,1.0,1.0,0.0,0.48512,1.0,0.0,1.0,1.0,1.0,0.0,0.95525,1.0,1.0,0.7,1.0,1.0,0.5,0.5,0.5,1.0,1.0,0.5,0.5,0.5,0.0,0.0,1.0,1.0,1.0,0.5,0.5,0.3,0.33333,1.0,0.75,1.0,1.0,1.0,1.0
0.5,0.5,0.5,0.5,0.5,0.5,0.06639,0.46667,0.16667,0.0,0.0,0.66667,0.0,0.74667,0.0,1.0,0.0,1.0,1.0,1.0,1.0,0.5,0.0,0.98219,1.0,0.64286,1.0,0.95737,0.8,0.0,0.97405,0.71429,0.5,0.7,1.0,1.0,0.5,0.5,0.5,1.0,1.0,0.5,0.5,0.5,0.0,0.0,1.0,1.0,1.0,0.5,0.5,0.3,0.4,1.0,0.6,1.0,1.0,1.0,0.5
1.0,0.5,0.0,0.5,0.4,0.5,0.06417,0.4,0.2,0.0,0.0,0.66667,1.0,0.73778,0.0,0.96407,0.0,0.48571,1.0,1.0,1.0,0.48571,0.0,0.85395,1.0,0.0,1.0,0.9407,0.8,0.0,0.97464,1.0,1.0,0.7,1.0,1.0,0.5,0.5,0.5,1.0,1.0,0.5,0.5,0.5,0.0,0.0,1.0,1.0,1.0,0.5,0.5,0.3,0.4,1.0,0.8,1.0,1.0,1.0,1.0
1.0,0.5,0.0,0.5,0.46667,0.5,0.06318,0.46667,0.23333,0.0,0.0,0.66667,1.0,0.64889,0.0,0.88855,0.0,1.0,1.0,1.0,1.0,1.0,0.0,0.84675,1.0,0.0,1.0,0.91586,0.8,0.0,0.97585,1.0,1.0,0.7,1.0,1.0,0.5,0.5,0.5,1.0,1.0,0.5,0.5,0.5,0.0,0.0,1.0,1.0,1.0,0.5,0.5,0.3,0.4,1.0,1.0,1.0,1.0,1.0,1.0
1.0,0.5,1.0,0.5,0.46667,0.5,0.06388,0.46667,0.26667,0.0,0.0,0.66667,1.0,0.57333,0.0,0.87175,0.0,1.0,1.0,1.0,1.0,1.0,0.0,0.83464,1.0,0.0,1.0,0.98974,0.8,0.0,0.98212,1.0,1.0,0.7,1.0,1.0,0.5,0.5,0.5,1.0,1.0,0.5,0.5,0.5,0.0,0.0,1.0,1.0,1.0,0.5,0.5,0.3,0.4,1.0,1.0,1.0,1.0,1.0,1.0
1.0,0.5,0.0,0.5,0.53333,0.5,0.06377,0.53333,0.3,0.0,0.0,0.66667,1.0,0.53778,0.0,0.883,0.0,1.0,1.0,1.0,1.0,1.0,0.0,0.82844,1.0,0.0,1.0,1.0,1.0,0.0,0.98635,1.0,1.0,0.7,1.0,1.0,0.5,0.5,0.5,1.0,1.0,0.5,0.5,0.5,0.0,0.0,1.0,1.0,1.0,0.5,0.5,0.3,0.4,1.0,1.0,1.0,1.0,1.0,1.0
1.0,0.5,0.0,0.5,0.33333,0.5,0.06222,0.33333,0.33333,0.0,0.0,0.66667,1.0,0.48,0.0,0.90698,0.0,1.0,1.0,1.0,1.0,1.0,0.0,0.81149,1.0,0.0,1.0,0.97629,0.4,0.0,0.9885,1.0,1.0,0.7,1.0,1.0,0.5,0.5,0.5,1.0,1.0,0.5,0.5,0.5,0.0,0.0,1.0,1.0,1.0,0.5,0.5,0.3,0.4,1.0,1.0,1.0,1.0,1.0,1.0
1.0,0.5,0.0,0.5,0.4,0.5,0.06085,0.4,0.36667,0.0,0.0,0.66667,1.0,0.45778,0.0,0.9323,0.0,1.0,1.0,1.0,1.0,1.0,0.0,0.79463,1.0,0.0,1.0,0.94078,0.6,0.0,0.98791,1.0,1.0,0.7,1.0,1.0,0.5,0.5,0.5,1.0,1.0,0.5,0.5,0.5,0.0,0.0,1.0,1.0,1.0,0.5,0.5,0.3,0.4,1.0,1.0,1.0,1.0,1.0,1.0
1.0,0.5,1.0,0.5,0.4,0.5,0.06127,0.4,0.4,0.0,0.0,0.66667,1.0,0.42222,0.0,0.95217,0.0,1.0,1.0,1.0,1.0,1.0,0.0,0.7866,1.0,0.0,1.0,0.9506,0.8,0.0,0.99077,1.0,1.0,0.7,1.0,1.0,0.5,0.5,0.5,1.0,1.0,0.5,0.5,0.5,0.0,0.0,1.0,1.0,1.0,0.5,0.5,0.3,0.4,1.0,0.8,1.0,1.0,1.0,1.0
1.0,0.5,1.0,0.5,0.4,0.5,0.06162,0.4,0.43333,0.0,0.0,0.66667,1.0,0.42222,0.0,0.96371,0.0,1.0,1.0,1.0,1.0,1.0,0.0,0.78231,1.0,0.0,1.0,0.95188,0.8,0.0,0.9934,1.0,1.0,0.7,1.0,1.0,0.5,0.5,0.5,1.0,1.0,0.5,0.5,0.5,0.0,0.0,1.0,1.0,1.0,0.5,0.5,0.3,0.4,1.0,0.8,1.0,1.0,1.0,1.0
1.0,0.5,0.0,0.5,0.33333,0.5,0.0598,0.33333,0.46667,0.0,0.0,0.66667,1.0,0.41333,0.0,0.97136,0.0,1.0,1.0,1.0,1.0,1.0,0.0,0.78038,1.0,0.0,1.0,0.90267,0.6,0.0,0.99484,1.0,1.0,0.7,1.0,1.0,0.5,0.5,0.5,1.0,1.0,0.5,0.5,0.5,0.0,0.0,1.0,1.0,1.0,0.5,0.5,0.3,0.4,1.0,1.0,1.0,1.0,1.0,1.0
1.0,0.5,1.0,0.5,0.4,0.5,0.06034,0.4,0.5,0.0,0.0,0.66667,1.0,0.42667,0.0,0.97833,0.0,1.0,1.0,1.0,1.0,1.0,0.0,0.77589,1.0,0.0,1.0,0.90475,0.8,0.0,0.99542,1.0,1.0,0.7,1.0,1.0,0.5,0.5,0.5,1.0,1.0,0.5,0.5,0.5,0.0,0.0,1.0,1.0,1.0,0.5,0.5,0.3,0.4,1.0,1.0,1.0,1.0,1.0,1.0
1.0,0.5,0.0,0.5,0.33333,0.5,0.05961,0.33333,0.53333,0.0,0.0,0.66667,1.0,0.41333,0.0,0.98596,0.0,1.0,1.0,1.0,1.0,1.0,0.0,0.77169,1.0,0.0,1.0,0.92156,0.6,0.0,0.99668,1.0,1.0,0.7,1.0,1.0,0.5,0.5,0.5,1.0,1.0,0.5,0.5,0.5,0.0,0.0,1.0,1.0,1.0,0.5,0.5,0.3,0.4,1.0,1.0,1.0,1.0,1.0,1.0
1.0,0.5,0.0,0.5,0.33333,0.5,0.05847,0.33333,0.56667,0.0,0.0,0.66667,1.0,0.40889,0.0,0.98763,0.0,1.0,1.0,1.0,1.0,1.0,0.0,0.76859,1.0,0.0,1.0,0.89652,0.6,0.0,0.99661,1.0,1.0,0.7,1.0,1.0,0.5,0.5,0.5,1.0,1.0,0.5,0.5,0.5,0.0,0.0,1.0,1.0,1.0,0.5,0.5,0.3,0.4,1.0,0.8,1.0,1.0,1.0,1.0
1.0,0.5,0.0,0.5,0.26667,0.5,0.05796,0.26667,0.6,0.0,0.0,0.66667,1.0,0.40444,0.0,0.99215,0.0,1.0,1.0,1.0,1.0,1.0,0.0,0.76492,1.0,0.0,0.99398,0.90587,0.6,0.0,0.99679,1.0,1.0,0.7,1.0,1.0,0.5,0.5,0.5,1.0,1.0,0.5,0.5,0.5,0.0,0.0,1.0,1.0,1.0,0.5,0.5,0.3,0.4,1.0,0.8,1.0,1.0,1.0,1.0
1.0,0.5,0.0,0.5,0.33333,0.5,0.05722,0.33333,0.63333,0.0,0.0,0.66667,1.0,0.42222,0.0,0.99423,0.0,1.0,1.0,1.0,1.0,1.0,0.0,0.76077,1.0,0.0,0.98411,0.88619,0.6,0.0,0.99769,1.0,1.0,0.7,1.0,1.0,0.5,0.5,0.5,1.0,1.0,0.5,0.5,0.5,0.0,0.0,1.0,1.0,1.0,0.5,0.5,0.3,0.4,1.0,0.8,1.0,1.0,1.0,1.0
0.0,1.0,0.0,1.0,0.06667,0.4,0.05257,0.06667,0.8,0.0,0.0,0.66667,0.0,0.40889,0.0,0.0,0.99759,1.0,1.0,1.0,1.0,1.0,0.0,0.72578,1.0,0.0,0.92556,0.82303,0.0,0.0,0.9982,1.0,1.0,0.7,1.0,1.0,0.5,0.5,0.5,1.0,1.0,0.5,0.5,0.5,0.0,0.0,1.0,1.0,1.0,0.5,0.5,0.3,0.4,1.0,0.4,1.0,1.0,1.0,1.0
1.0,0.5,0.0,0.5,0.13333,0.5,0.05196,0.13333,0.83333,0.0,0.0,0.66667,1.0,0.40889,0.0,0.0,0.99849,1.0,1.0,1.0,1.0,1.0,0.0,0.72407,1.0,0.0,0.91596,0.79995,0.2,0.0,0.99765,1.0,1.0,0.7,1.0,1.0,0.5,0.5,0.5,1.0,1.0,0.5,0.5,0.5,0.0,0.0,1.0,1.0,1.0,0.5,0.5,0.3,0.4,1.0,0.8,1.0,1.0,1.0,1.0
0.0,0.5,0.0,0.5,0.06667,0.5,0.048,0.06667,0.86667,0.0,0.0,0.66667,1.0,0.41333,0.0,0.0,0.99797,1.0,1.0,1.0,1.0,1.0,0.0,0.72175,1.0,0.0,0.84743,0.72559,0.0,0.0,0.99755,1.0,1.0,0.7,1.0,1.0,0.5,0.5,0.5,1.0,1.0,0.5,0.5,0.5,0.0,0.0,1.0,1.0,1.0,0.5,0.5,0.3,0.4,1.0,0.8,1.0,1.0,1.0,1.0
0.0,1.0,0.0,1.0,0.06667,0.13333,0.05125,0.13333,0.93333,0.0,0.0,0.66667,0.0,0.40444,0.0,0.0,0.9975,1.0,1.0,1.0,1.0,1.0,0.0,0.70972,1.0,0.0,0.91259,0.79696,0.2,0.0,0.99744,0.92857,1.0,0.7,1.0,1.0,0.5,0.5,0.5,1.0,1.0,0.5,0.5,0.5,0.0,0.0,1.0,1.0,1.0,0.5,0.5,0.3,0.4,1.0,1.0,1.0,1.0,0.0,1.0
0.0,1.0,0.0,0.0,0.06667,0.06667,0.04563,0.06667,0.0,0.9375,0.0,0.66667,0.0,0.40444,0.0,0.0,0.99652,1.0,1.0,1.0,1.0,1.0,0.0,0.68372,1.0,0.0,0.82784,0.72275,0.0,0.0,0.99762,0.92857,1.0,0.7,1.0,1.0,0.5,0.5,0.5,1.0,1.0,0.5,0.5,0.5,0.0,0.0,1.0,1.0,1.0,0.5,0.5,0.3,0.4,1.0,1.0,1.0,1.0,0.0,1.0
0.0,1.0,0.0,0.0,0.06667,0.06667,0.04335,0.06667,0.0,0.88235,0.0,0.66667,0.0,0.41333,0.0,0.0,0.99863,1.0,1.0,1.0,1.0,1.0,0.0,0.67466,1.0,0.0,0.79158,0.68405,0.0,0.0,0.99791,0.92857,1.0,0.7,1.0,1.0,0.5,0.5,0.5,1.0,1.0,0.5,0.5,0.5,0.0,0.0,1.0,1.0,1.0,0.5,0.5,0.3,0.4,1.0,1.0,1.0,1.0,0.0,1.0
0.5,0.5,0.5,0.5,0.5,0.5,0.06894,0.8,0.06667,0.0,0.0,0.66667,0.0,0.49333,0.0,0.5,0.5,0.0,1.0,1.0,1.0,0.5,1.0,0.82893,1.0,0.85714,1.0,1.0,1.0,0.0,0.80952,0.28571,0.5,0.7,1.0,1.0,0.5,0.5,0.5,1.0,1.0,0.5,0.5,0.5,0.5,0.5,1.0,1.0,1.0,0.5,0.5,0.3,0.2,1.0,0.5,1.0,1.0,1.0,0.5
1.0,0.5,0.0,0.5,0.6,0.5,0.06777,0.6,0.1,0.0,0.0,0.66667,1.0,0.76444,0.0,0.0,1.0,1.0,1.0,1.0,1.0,1.0,1.0,0.83395,1.0,0.85714,1.0,0.96891,0.5,0.0,0.84935,1.0,1.0,0.7,1.0,1.0,0.5,0.5,0.5,1.0,1.0,0.5,0.5,0.5,0.0,0.0,1.0,1.0,1.0,0.5,0.5,0.3,0.2,1.0,0.0,1.0,1.0,1.0,1.0
1.0,0.5,1.0,0.5,1.0,0.5,0.07797,1.0,0.13333,0.0,0.0,0.66667,1.0,0.68444,0.0,1.0,0.0,0.65714,0.65714,1.0,1.0,0.65714,0.0,0.7738,1.0,0.07143,1.0,1.0,1.0,0.0,0.99618,1.0,0.92857,0.7,1.0,1.0,0.5,0.5,0.5,1.0,1.0,0.5,0.5,0.5,0.0,0.0,1.0,1.0,1.0,0.5,0.5,0.3,0.2,0.66667,1.0,1.0,1.0,0.66667,1.0
1.0,0.5,0.0,0.5,1.0,0.5,0.07665,1.0,0.16667,0.0,0.0,0.66667,1.0,0.63111,0.0,0.96038,0.0,1.0,1.0,1.0,1.0,1.0,0.0,0.76049,1.0,0.07143,1.0,1.0,1.0,0.0,0.99954,1.0,1.0,0.7,1.0,1.0,0.5,0.5,0.5,1.0,1.0,0.5,0.5,0.5,0.0,0.0,1.0,1.0,1.0,0.5,0.5,0.3,0.2,0.66667,1.0,1.0,1.0,0.66667,1.0
1.0,0.5,1.0,0.5,1.0,0.5,0.07803,1.0,0.2,0.0,0.0,0.66667,1.0,0.62667,0.0,0.92265,0.0,1.0,1.0,1.0,1.0,1.0,0.0,0.74611,1.0,0.07143,1.0,1.0,1.0,1.0,0.96508,1.0,1.0,0.7,1.0,1.0,0.5,0.5,0.5,1.0,1.0,0.5,0.5,0.5,0.0,0.0,1.0,1.0,1.0,0.5,0.5,0.3,0.2,0.66667,1.0,1.0,1.0,0.66667,1.0
1.0,0.5,1.0,0.5,1.0,0.5,0.07823,1.0,0.23333,0.0,0.0,0.66667,1.0,0.6,0.0,0.92807,0.0,0.86667,1.0,1.0,1.0,0.86667,0.0,0.46447,1.0,0.0,1.0,1.0,1.0,0.0,0.99903,1.0,1.0,0.7,1.0,1.0,0.5,0.5,0.5,1.0,1.0,0.5,0.5,0.5,0.0,0.0,1.0,1.0,1.0,0.5,0.5,0.3,0.2,0.66667,1.0,1.0,1.0,0.66667,1.0
1.0,1.0,0.0,0.0,1.0,1.0,0.07759,1.0,0.3,0.0,0.0,0.66667,0.0,0.55111,0.0,0.90291,0.0,1.0,1.0,1.0,1.0,1.0,1.0,0.49166,1.0,0.0,1.0,1.0,1.0,0.0,0.99621,0.92857,1.0,0.7,1.0,1.0,0.5,0.5,0.5,1.0,1.0,0.5,0.5,0.5,0.0,0.0,1.0,1.0,1.0,0.5,0.5,0.3,0.26667,1.0,1.0,1.0,1.0,1.0,1.0
1.0,0.5,0.0,0.5,1.0,0.5,0.07586,1.0,0.33333,0.0,0.0,0.66667,1.0,0.52889,0.0,0.91674,0.0,1.0,1.0,1.0,1.0,1.0,0.0,0.48871,1.0,0.0,1.0,1.0,1.0,0.0,0.99417,1.0,1.0,0.7,1.0,1.0,0.5,0.5,0.5,1.0,1.0,0.5,0.5,0.5,0.0,0.0,1.0,1.0,1.0,0.5,0.5,0.3,0.26667,1.0,1.0,1.0,1.0,1.0,1.0
1.0,0.5,0.0,0.5,0.93333,0.5,0.07424,0.93333,0.36667,0.0,0.0,0.66667,1.0,0.55111,0.0,0.93431,0.0,1.0,1.0,1.0,1.0,1.0,0.0,0.48417,1.0,0.0,1.0,1.0,1.0,0.0,0.99415,1.0,1.0,0.7,1.0,1.0,0.5,0.5,0.5,1.0,1.0,0.5,0.5,0.5,0.0,0.0,1.0,1.0,1.0,0.5,0.5,0.3,0.26667,1.0,1.0,1.0,1.0,1.0,1.0
1.0,0.5,0.0,0.5,0.86667,0.5,0.07283,0.86667,0.4,0.0,0.0,0.66667,1.0,0.53333,0.0,0.95048,0.0,1.0,1.0,1.0,1.0,1.0,0.0,0.47917,1.0,0.0,1.0,0.98748,0.66667,0.0,0.99435,1.0,1.0,0.7,1.0,1.0,0.5,0.5,0.5,1.0,1.0,0.5,0.5,0.5,0.0,0.0,1.0,1.0,1.0,0.5,0.5,0.3,0.26667,1.0,1.0,1.0,1.0,1.0,1.0
1.0,0.5,0.0,0.5,0.8,0.5,0.07114,0.8,0.43333,0.0,0.0,0.66667,1.0,0.52889,0.0,0.9646,0.0,1.0,1.0,1.0,1.0,1.0,0.0,0.47415,1.0,0.0,1.0,0.9632,0.66667,0.0,0.99394,1.0,1.0,0.7,1.0,1.0,0.5,0.5,0.5,1.0,1.0,0.5,0.5,0.5,0.0,0.0,1.0,1.0,1.0,0.5,0.5,0.3,0.26667,1.0,1.0,1.0,1.0,1.0,1.0
1.0,0.5,0.0,0.5,0.73333,0.5,0.06982,0.73333,0.46667,0.0,0.0,0.66667,1.0,0.52444,0.0,0.97481,0.0,1.0,1.0,1.0,1.0,1.0,0.0,0.46908,1.0,0.0,1.0,0.95441,0.66667,0.0,0.99446,1.0,1.0,0.7,1.0,1.0,0.5,0.5,0.5,1.0,1.0,0.5,0.5,0.5,0.0,0.0,1.0,1.0,1.0,0.5,0.5,0.3,0.26667,1.0,1.0,1.0,1.0,1.0,1.0
1.0,0.5,0.0,0.5,0.53333,0.5,0.068,0.53333,0.5,0.0,0.0,0.66667,1.0,0.53333,0.0,0.98206,0.0,1.0,1.0,1.0,1.0,1.0,0.0,0.46408,1.0,0.0,0.99818,0.92852,0.33333,0.0,0.99463,1.0,1.0,0.7,1.0,1.0,0.5,0.5,0.5,1.0,1.0,0.5,0.5,0.5,0.0,0.0,1.0,1.0,1.0,0.5,0.5,0.3,0.26667,1.0,1.0,1.0,1.0,1.0,1.0
1.0,0.5,0.0,0.5,0.53333,0.5,0.0667,0.53333,0.53333,0.0,0.0,0.66667,1.0,0.52444,0.0,0.98713,0.0,1.0,1.0,1.0,1.0,1.0,0.0,0.45924,1.0,0.0,0.98418,0.91367,0.33333,0.0,0.99518,1.0,1.0,0.7,1.0,1.0,0.5,0.5,0.5,1.0,1.0,0.5,0.5,0.5,0.0,0.0,1.0,1.0,1.0,0.5,0.5,0.3,0.26667,1.0,1.0,1.0,1.0,1.0,1.0
1.0,0.5,0.0,0.5,0.46667,0.5,0.06559,0.46667,0.56667,0.0,0.0,0.66667,1.0,0.52444,0.0,0.99095,0.0,1.0,1.0,1.0,1.0,1.0,0.0,0.45447,1.0,0.0,0.97289,0.90125,0.33333,0.0,0.99585,1.0,1.0,0.7,1.0,1.0,0.5,0.5,0.5,1.0,1.0,0.5,0.5,0.5,0.0,0.0,1.0,1.0,1.0,0.5,0.5,0.3,0.26667,1.0,1.0,1.0,1.0,1.0,1.0
1.0,0.5,0.0,0.5,0.33333,0.5,0.06461,0.33333,0.6,0.0,0.0,0.66667,1.0,0.52444,0.0,0.99383,0.0,1.0,1.0,1.0,1.0,1.0,0.0,0.44975,1.0,0.0,0.9634,0.89128,0.33333,0.0,0.99683,1.0,1.0,0.7,1.0,1.0,0.5,0.5,0.5,1.0,1.0,0.5,0.5,0.5,0.0,0.0,1.0,1.0,1.0,0.5,0.5,0.3,0.26667,1.0,1.0,1.0,1.0,1.0,1.0
1.0,0.5,0.0,0.5,0.33333,0.5,0.0637,0.33333,0.63333,0.0,0.0,0.66667,1.0,0.52,0.0,0.99555,0.0,1.0,1.0,1.0,1.0,1.0,0.0,0.44505,1.0,0.0,0.9549,0.88817,0.33333,0.0,0.99776,1.0,1.0,0.7,1.0,1.0,0.5,0.5,0.5,1.0,1.0,0.5,0.5,0.5,0.0,0.0,1.0,1.0,1.0,0.5,0.5,0.3,0.26667,1.0,1.0,1.0,1.0,1.0,1.0
1.0,0.5,0.0,0.5,0.26667,0.5,0.06293,0.26667,0.66667,0.0,0.0,0.66667,1.0,0.51556,0.0,0.99697,0.0,1.0,1.0,1.0,1.0,1.0,0.0,0.44041,1.0,0.0,0.94832,0.88484,0.33333,0.0,0.99869,1.0,1.0,0.7,1.0,1.0,0.5,0.5,0.5,1.0,1.0,0.5,0.5,0.5,0.0,0.0,1.0,1.0,1.0,0.5,0.5,0.3,0.26667,1.0,1.0,1.0,1.0,1.0,1.0
1.0,0.5,0.0,0.5,0.26667,0.5,0.06226,0.26667,0.7,0.0,0.0,0.66667,1.0,0.50667,0.0,0.99833,0.0,1.0,1.0,1.0,1.0,1.0,0.0,0.43581,1.0,0.0,0.94313,0.88209,0.33333,0.0,0.99916,1.0,1.0,0.7,1.0,1.0,0.5,0.5,0.5,1.0,1.0,0.5,0.5,0.5,0.0,0.0,1.0,1.0,1.0,0.5,0.5,0.3,0.26667,1.0,1.0,1.0,1.0,1.0,1.0
1.0,0.5,0.0,0.5,0.2,0.5,0.06116,0.2,0.73333,0.0,0.0,0.66667,1.0,0.51111,0.0,0.99935,0.0,1.0,1.0,1.0,1.0,1.0,0.0,0.43125,1.0,0.0,0.9314,0.87265,0.0,0.0,0.99932,1.0,1.0,0.7,1.0,1.0,0.5,0.5,0.5,1.0,1.0,0.5,0.5,0.5,0.0,0.0,1.0,1.0,1.0,0.5,0.5,0.3,0.26667,1.0,1.0,1.0,1.0,1.0,1.0
1.0,0.5,0.0,0.5,0.2,0.5,0.06027,0.2,0.76667,0.0,0.0,0.66667,1.0,0.50667,0.0,0.0,0.9998,1.0,1.0,1.0,1.0,1.0,0.0,0.42681,1.0,0.0,0.92255,0.86256,0.0,0.0,0.99951,1.0,1.0,0.7,1.0,1.0,0.5,0.5,0.5,1.0,1.0,0.5,0.5,0.5,0.0,0.0,1.0,1.0,1.0,0.5,0.5,0.3,0.26667,1.0,1.0,1.0,1.0,1.0,1.0
1.0,0.5,0.0,0.5,0.2,0.5,0.0595,0.2,0.8,0.0,0.0,0.66667,1.0,0.50222,0.0,0.0,0.99929,1.0,1.0,1.0,1.0,1.0,0.0,0.42243,1.0,0.0,0.91549,0.85192,0.0,0.0,0.99972,1.0,1.0,0.7,1.0,1.0,0.5,0.5,0.5,1.0,1.0,0.5,0.5,0.5,0.0,0.0,1.0,1.0,1.0,0.5,0.5,0.3,0.26667,1.0,1.0,1.0,1.0,1.0,1.0
1.0,0.5,0.0,0.5,0.13333,0.5,0.05828,0.13333,0.83333,0.0,0.0,0.66667,1.0,0.52,0.0,0.0,0.99911,1.0,1.0,1.0,1.0,1.0,0.0,0.41811,1.0,0.0,0.90129,0.83586,0.0,0.0,0.99995,1.0,1.0,0.7,1.0,1.0,0.5,0.5,0.5,1.0,1.0,0.5,0.5,0.5,0.0,0.0,1.0,1.0,1.0,0.5,0.5,0.3,0.26667,1.0,1.0,1.0,1.0,1.0,1.0
1.0,0.5,0.0,0.5,0.06667,0.5,0.05722,0.06667,0.86667,0.0,0.0,0.66667,1.0,0.50667,0.0,0.0,0.99896,1.0,1.0,1.0,1.0,1.0,0.0,0.4139,1.0,0.0,0.88935,0.82797,0.0,0.0,1.0,1.0,1.0,0.7,1.0,1.0,0.5,0.5,0.5,1.0,1.0,0.5,0.5,0.5,0.0,0.0,1.0,1.0,1.0,0.5,0.5,0.3,0.26667,1.0,1.0,1.0,1.0,1.0,1.0
1.0,0.5,0.0,0.5,0.06667,0.5,0.05635,0.06667,0.9,0.0,0.0,0.66667,1.0,0.51556,0.0,0.0,0.99875,1.0,1.0,1.0,1.0,1.0,0.0,0.40977,1.0,0.0,0.88031,0.81904,0.0,0.0,1.0,1.0,1.0,0.7,1.0,1.0,0.5,0.5,0.5,1.0,1.0,0.5,0.5,0.5,0.0,0.0,1.0,1.0,1.0,0.5,0.5,0.3,0.26667,1.0,1.0,1.0,1.0,1.0,1.0
1.0,0.5,0.0,0.5,0.06667,0.5,0.05506,0.06667,0.93333,0.0,0.0,0.66667,1.0,0.52,0.0,0.0,0.99859,1.0,1.0,1.0,1.0,1.0,0.0,0.4057,1.0,0.0,0.8644,0.80183,0.0,0.0,1.0,1.0,1.0,0.7,1.0,1.0,0.5,0.5,0.5,1.0,1.0,0.5,0.5,0.5,0.0,0.0,1.0,1.0,1.0,0.5,0.5,0.3,0.26667,1.0,1.0,1.0,1.0,1.0,1.0
1.0,0.5,0.0,0.5,0.06667,0.5,0.05395,0.06667,0.96667,0.0,0.0,0.66667,1.0,0.51556,0.0,0.0,0.99859,1.0,1.0,1.0,1.0,1.0,0.0,0.40174,1.0,0.0,0.85112,0.78763,0.0,0.0,1.0,1.0,1.0,0.7,1.0,1.0,0.5,0.5,0.5,1.0,1.0,0.5,0.5,0.5,0.0,0.0,1.0,1.0,1.0,0.5,0.5,0.3,0.26667,1.0,1.0,1.0,1.0,1.0,1.0
1.0,0.5,0.0,0.5,0.06667,0.5,0.05303,0.06667,1.0,0.0,0.0,0.66667,1.0,0.51111,0.0,0.0,0.9984,1.0,1.0,1.0,1.0,1.0,0.0,0.39786,0.99464,0.0,0.8408,0.77922,0.0,0.0,1.0,1.0,1.0,0.7,1.0,1.0,0.5,0.5,0.5,1.0,1.0,0.5,0.5,0.5,0.0,0.0,1.0,1.0,1.0,0.5,0.5,0.3,0.26667,1.0,1.0,1.0,1.0,1.0,1.0
1.0,0.5,0.0,0.5,0.06667,0.5,0.05225,0.06667,0.0,0.96774,0.0,0.66667,1.0,0.51111,0.0,0.0,0.99813,1.0,1.0,1.0,1.0,1.0,0.0,0.39404,0.98511,0.0,0.83241,0.76795,0.0,0.0,1.0,1.0,1.0,0.7,1.0,1.0,0.5,0.5,0.5,1.0,1.0,0.5,0.5,0.5,0.0,0.0,1.0,1.0,1.0,0.5,0.5,0.3,0.26667,1.0,1.0,1.0,1.0,1.0,1.0
1.0,0.5,0.0,0.5,0.06667,0.5,0.05211,0.06667,0.0,0.9375,0.0,0.66667,1.0,0.51111,0.0,0.0,0.99854,1.0,1.0,1.0,1.0,1.0,0.0,0.39028,0.97571,0.0,0.83419,0.77271,0.0,0.0,1.0,1.0,1.0,0.7,1.0,1.0,0.5,0.5,0.5,1.0,1.0,0.5,0.5,0.5,0.0,0.0,1.0,1.0,1.0,0.5,0.5,0.3,0.26667,1.0,1.0,1.0,1.0,1.0,1.0
1.0,0.5,0.0,0.5,0.06667,0.5,0.05139,0.06667,0.0,0.90909,0.0,0.66667,1.0,0.50222,0.0,0.0,0.9985,1.0,1.0,1.0,1.0,1.0,0.0,0.3865,0.96626,0.0,0.82661,0.76071,0.0,0.0,1.0,1.0,1.0,0.7,1.0,1.0,0.5,0.5,0.5,1.0,1.0,0.5,0.5,0.5,0.0,0.0,1.0,1.0,1.0,0.5,0.5,0.3,0.26667,1.0,1.0,1.0,1.0,1.0,1.0
1.0,0.5,0.0,0.5,0.06667,0.5,0.05082,0.06667,0.0,0.88235,0.0,0.66667,1.0,0.51111,0.0,0.0,0.99785,1.0,1.0,1.0,1.0,1.0,0.0,0.38281,0.95701,0.0,0.82145,0.74797,0.0,0.0,1.0,1.0,1.0,0.7,1.0,1.0,0.5,0.5,0.5,1.0,1.0,0.5,0.5,0.5,0.0,0.0,1.0,1.0,1.0,0.5,0.5,0.3,0.26667,1.0,1.0,1.0,1.0,1.0,1.0
1.0,0.5,0.0,0.5,0.06667,0.5,0.04992,0.06667,0.0,0.85714,0.0,0.66667,1.0,0.50222,0.0,0.0,0.99776,1.0,1.0,1.0,1.0,1.0,0.0,0.37918,0.94796,0.0,0.8106,0.73427,0.0,0.0,1.0,1.0,1.0,0.7,1.0,1.0,0.5,0.5,0.5,1.0,1.0,0.5,0.5,0.5,0.0,0.0,1.0,1.0,1.0,0.5,0.5,0.3,0.26667,1.0,1.0,1.0,1.0,1.0,1.0
1.0,0.5,0.0,0.5,0.06667,0.5,0.04965,0.06667,0.0,0.83333,0.0,0.66667,1.0,0.49778,0.0,0.0,0.99803,1.0,1.0,1.0,1.0,1.0,0.0,0.37565,0.93911,0.0,0.81009,0.73002,0.0,0.0,1.0,1.0,1.0,0.7,1.0,1.0,0.5,0.5,0.5,1.0,1.0,0.5,0.5,0.5,0.0,0.0,1.0,1.0,1.0,0.5,0.5,0.3,0.26667,1.0,1.0,1.0,1.0,1.0,1.0
1.0,0.5,0.0,0.5,0.06667,0.5,0.04837,0.06667,0.0,0.81081,0.0,0.66667,1.0,0.50222,0.0,0.0,0.99814,1.0,1.0,1.0,1.0,1.0,0.0,0.37213,0.93032,0.0,0.79288,0.71267,0.0,0.0,1.0,1.0,1.0,0.7,1.0,1.0,0.5,0.5,0.5,1.0,1.0,0.5,0.5,0.5,0.0,0.0,1.0,1.0,1.0,0.5,0.5,0.3,0.26667,1.0,1.0,1.0,1.0,1.0,1.0
1.0,0.5,0.0,0.5,0.06667,0.5,0.04722,0.06667,0.0,0.78947,0.0,0.66667,1.0,0.49778,0.0,0.0,0.99792,1.0,1.0,1.0,1.0,1.0,0.0,0.36872,0.9218,0.0,0.77763,0.6908,0.0,0.0,1.0,1.0,1.0,0.7,1.0,1.0,0.5,0.5,0.5,1.0,1.0,0.5,0.5,0.5,0.0,0.0,1.0,1.0,1.0,0.5,0.5,0.3,0.26667,1.0,1.0,1.0,1.0,1.0,1.0
1.0,0.5,0.0,0.5,0.06667,0.5,0.04691,0.06667,0.0,0.76923,0.0,0.66667,1.0,0.49778,0.0,0.0,0.99805,1.0,1.0,1.0,1.0,1.0,0.0,0.36543,0.91358,0.0,0.77603,0.68518,0.0,0.0,1.0,1.0,1.0,0.7,1.0,1.0,0.5,0.5,0.5,1.0,1.0,0.5,0.5,0.5,0.0,0.0,1.0,1.0,1.0,0.5,0.5,0.3,0.26667,1.0,1.0,1.0,1.0,1.0,1.0
1.0,0.5,0.0,0.5,0.06667,0.5,0.04611,0.06667,0.0,0.75,0.0,0.66667,1.0,0.50222,0.0,0.0,0.99833,1.0,1.0,1.0,1.0,1.0,0.0,0.36214,0.90536,0.0,0.76629,0.67375,0.0,0.0,1.0,1.0,1.0,0.7,1.0,1.0,0.5,0.5,0.5,1.0,1.0,0.5,0.5,0.5,0.0,0.0,1.0,1.0,1.0,0.5,0.5,0.3,0.26667,1.0,1.0,1.0,1.0,1.0,1.0
0.5,0.5,0.5,0.5,0.5,0.5,0.05093,0.06667,0.1,0.0,0.0,0.66667,0.0,0.08444,0.0,0.96936,0.0,0.98095,1.0,1.0,1.0,0.5,0.0,0.23908,0.5977,0.0,0.78123,0.69519,0.0,0.0,0.44444,0.92857,0.5,0.7,1.0,1.0,0.5,0.5,0.5,1.0,1.0,0.5,0.5,0.5,0.0,0.0,1.0,1.0,1.0,0.5,0.5,0.3,0.2,1.0,0.0,1.0,1.0,1.0,0.5
0.0,0.5,0.0,0.5,0.06667,0.5,0.04361,0.06667,0.13333,0.0,0.0,0.66667,1.0,0.07556,0.0,0.97569,0.0,1.0,1.0,1.0,1.0,1.0,0.0,0.09224,0.2306,0.07143,0.71792,0.55996,0.0,0.0,0.5,1.0,0.92857,0.7,1.0,1.0,0.5,0.5,0.5,1.0,1.0,0.5,0.5,0.5,0.0,0.0,1.0,1.0,1.0,0.5,0.5,0.3,0.13333,1.0,0.0,1.0,1.0,1.0,1.0
0.0,0.0,0.0,0.0,0.06667,0.06667,0.03673,0.06667,0.2,0.0,0.0,0.66667,0.0,0.07556,0.0,0.98716,0.0,1.0,1.0,1.0,1.0,0.98095,1.0,0.67315,1.0,0.07143,0.54962,0.4198,0.0,1.0,0.44444,0.92857,0.92857,0.7,1.0,1.0,0.5,0.5,0.5,1.0,1.0,0.5,0.5,0.5,0.0,0.0,1.0,1.0,1.0,0.5,0.5,1.0,0.06667,0.0,1.0,1.0,1.0,0.0,1.0
0.0,0.5,0.0,0.5,0.06667,0.5,0.03665,0.06667,0.23333,0.0,0.0,0.66667,1.0,0.07556,0.0,0.98901,0.0,1.0,1.0,1.0,1.0,1.0,0.0,0.09665,0.24163,0.0,0.58948,0.41792,0.0,0.0,0.5,1.0,0.92857,0.7,1.0,1.0,0.5,0.5,0.5,1.0,1.0,0.5,0.5,0.5,0.0,0.0,1.0,1.0,1.0,0.5,0.5,1.0,0.06667,0.0,1.0,1.0,1.0,0.0,0.28571
1.0,1.0,1.0,1.0,0.06667,0.06667,0.03912,0.06667,0.3,0.0,0.0,0.66667,0.0,0.07111,0.0,0.99528,0.0,1.0,1.0,1.0,1.0,1.0,1.0,0.10067,0.25166,0.14286,0.76847,0.62399,0.0,1.0,0.84861,0.92857,0.85714,0.7,1.0,1.0,0.5,0.5,0.5,1.0,1.0,0.5,0.5,0.5,0.0,0.0,1.0,1.0,1.0,0.5,0.5,0.3,0.13333,1.0,1.0,1.0,1.0,0.0,0.35714
0.5,0.5,0.5,0.5,0.5,0.5,0.06724,0.73333,0.06667,0.0,0.0,0.66667,0.0,0.38667,0.0,0.5,0.5,0.5619,0.69524,1.0,1.0,0.5,1.0,0.79333,1.0,0.14286,1.0,0.97548,0.85714,0.0,0.88588,0.78571,0.5,0.7,1.0,1.0,0.5,0.5,0.5,1.0,1.0,0.5,0.5,0.5,0.5,0.5,1.0,1.0,1.0,0.5,0.5,0.3,0.4,0.71429,0.8,1.0,1.0,0.85714,0.5
1.0,0.5,1.0,0.5,0.6,0.5,0.06809,0.6,0.1,0.0,0.0,0.66667,1.0,0.42222,0.0,0.88148,0.0,0.80952,0.79048,1.0,1.0,0.80952,0.0,0.57239,1.0,0.07143,1.0,0.9713,0.7,0.0,0.93819,1.0,0.78571,0.7,1.0,1.0,0.5,0.5,0.5,1.0,1.0,0.5,0.5,0.5,0.0,0.0,1.0,1.0,1.0,0.5,0.5,0.3,0.6,0.8,0.5,1.0,1.0,0.5,1.0
1.0,0.5,0.0,0.5,0.6,0.5,0.06799,0.6,0.13333,0.0,0.0,0.66667,1.0,0.41333,0.00889,0.37104,0.0,0.60952,1.0,0.79048,1.0,0.60952,1.0,0.80051,1.0,0.42857,0.98591,0.93631,0.33333,0.0,0.94054,1.0,0.5,0.7,1.0,1.0,0.5,0.5,0.5,1.0,1.0,0.5,0.5,0.5,0.0,0.0,1.0,1.0,1.0,0.5,0.5,0.3,0.26667,1.0,0.66667,1.0,1.0,1.0,1.0
0.0,0.5,0.0,0.5,0.4,0.5,0.06315,0.4,0.16667,0.0,0.0,0.66667,1.0,0.34667,0.01333,0.64027,0.0,0.69524,0.9619,0.87619,1.0,0.69524,1.0,0.92718,1.0,0.42857,0.90073,0.81625,0.25,0.0,0.93916,1.0,0.92857,0.7,1.0,1.0,0.5,0.5,0.5,1.0,1.0,0.5,0.5,0.5,0.0,0.0,1.0,1.0,1.0,0.5,0.5,0.3,0.33333,1.0,0.25,1.0,1.0,0.75,1.0
0.5,0.5,0.5,0.5,0.5,0.5,0.11918,1.0,0.16667,0.0,0.0,0.66667,0.0,0.29333,0.0,0.0,0.95869,0.97143,1.0,1.0,1.0,0.5,1.0,0.99495,1.0,0.0,1.0,1.0,1.0,0.0,1.0,0.92857,0.5,0.7,1.0,1.0,0.5,0.5,0.5,1.0,1.0,0.5,0.5,0.5,0.0,0.0,1.0,1.0,1.0,0.5,0.5,0.3,0.4,1.0,1.0,1.0,1.0,1.0,0.5
0.0,0.5,0.0,0.5,1.0,0.5,0.09882,1.0,0.2,0.0,0.0,0.66667,1.0,0.31111,0.0,0.0,0.96426,1.0,1.0,1.0,1.0,1.0,0.0,0.98523,1.0,0.0,1.0,1.0,1.0,0.0,1.0,1.0,1.0,0.7,1.0,1.0,0.5,0.5,0.5,1.0,1.0,0.5,0.5,0.5,0.0,0.0,1.0,1.0,1.0,0.5,0.5,0.3,0.4,1.0,0.8,1.0,1.0,1.0,1.0
0.5,0.5,0.5,0.5,0.5,0.5,0.06336,0.4,0.2,0.0,0.0,0.66667,0.0,0.39556,0.00889,0.78697,0.0,1.0,1.0,1.0,1.0,0.5,0.0,0.97143,1.0,0.07143,0.98167,0.90085,0.6,0.0,0.97313,0.92857,0.5,0.7,1.0,1.0,0.5,0.5,0.5,1.0,1.0,0.5,0.5,0.5,0.0,0.0,1.0,1.0,1.0,0.5,0.5,0.3,0.33333,0.8,0.5,1.0,1.0,0.8,0.5
0.0,1.0,0.0,0.0,0.2,0.2,0.07059,0.53333,0.43333,0.0,0.0,0.66667,0.0,0.32889,0.04,0.0,0.96161,0.59048,0.65714,0.75238,0.73333,0.69524,1.0,0.97305,1.0,0.07143,1.0,0.84502,0.6,0.0,0.96165,0.78571,0.85714,0.7,1.0,1.0,0.5,0.5,0.5,1.0,1.0,0.5,0.5,0.5,0.0,0.0,1.0,1.0,1.0,0.5,0.5,0.3,0.2,0.4,1.0,1.0,1.0,0.4,1.0
0.0,1.0,0.0,0.0,0.46667,0.46667,0.06073,0.4,0.76667,0.0,0.0,0.66667,0.0,0.26667,0.03111,0.98648,0.0,0.97143,1.0,0.75238,1.0,0.6381,0.0,0.63059,1.0,0.07143,0.74197,0.51396,0.125,0.0,0.98518,0.85714,0.64286,0.7,1.0,1.0,0.5,0.5,0.5,1.0,1.0,0.5,0.5,0.5,0.0,0.0,1.0,1.0,1.0,0.5,0.5,0.3,0.26667,0.375,0.66667,0.0,1.0,0.5,1.0
1.0,1.0,1.0,1.0,0.53333,0.6,0.06991,0.6,0.0,0.85714,0.0,0.66667,0.0,0.24,0.04444,0.99875,0.0,1.0,1.0,0.91429,1.0,0.88571,1.0,0.65542,1.0,0.07143,0.84563,0.73255,0.0,0.0,1.0,0.42857,0.5,0.7,1.0,1.0,0.5,0.5,0.5,1.0,1.0,0.5,0.5,0.5,0.0,0.0,1.0,1.0,1.0,0.5,0.5,0.3,0.13333,1.0,1.0,1.0,1.0,0.0,1.0
0.5,0.5,0.5,0.5,0.5,0.5,0.28682,1.0,0.06667,0.0,0.5,0.0,0.0,0.4,0.0,0.5,0.5,0.9,0.6,1.0,1.0,0.5,1.0,0.99173,1.0,0.25,1.0,1.0,1.0,0.0,1.0,0.75,0.5,0.7,1.0,1.0,0.5,0.5,0.5,1.0,1.0,0.5,0.5,0.5,0.5,0.5,1.0,1.0,1.0,0.5,0.5,0.6,0.4,1.0,1.0,1.0,1.0,0.0,0.5
0.0,0.0,0.0,0.0,0.8,0.8,0.2822,1.0,0.16667,0.0,0.5,0.0,0.0,0.44,0.0,0.98819,0.0,1.0,1.0,1.0,1.0,0.8,1.0,0.99544,1.0,0.25,1.0,1.0,1.0,0.0,0.97466,1.0,1.0,0.7,1.0,1.0,0.5,0.5,0.5,1.0,1.0,0.5,0.5,0.5,0.0,0.0,1.0,1.0,1.0,0.5,0.5,0.6,0.4,1.0,1.0,1.0,1.0,0.0,0.75
0.5,0.5,0.5,0.5,0.5,0.5,0.29063,1.0,0.06667,0.0,0.5,0.0,0.0,0.4,0.0,0.5,0.5,0.4,1.0,1.0,1.0,0.5,1.0,0.52791,1.0,0.0,1.0,1.0,1.0,0.0,1.0,1.0,0.5,0.7,1.0,1.0,0.5,0.5,0.5,1.0,1.0,0.5,0.5,0.5,0.5,0.5,1.0,1.0,1.0,0.5,0.5,1.0,0.2,1.0,1.0,1.0,1.0,1.0,0.5
0.0,1.0,0.0,1.0,0.8,0.8,0.30738,0.8,0.13333,0.0,0.5,0.0,0.0,0.44,0.04,0.36186,0.0,1.0,1.0,1.0,1.0,1.0,1.0,0.59052,1.0,0.0,1.0,1.0,1.0,0.0,1.0,1.0,1.0,0.7,1.0,1.0,0.5,0.5,0.5,1.0,1.0,0.5,0.5,0.5,0.0,0.0,1.0,1.0,1.0,1.0,1.0,1.0,0.2,1.0,1.0,0.0,1.0,0.0,1.0
1.0,0.5,1.0,0.5,0.8,0.5,0.32507,0.8,0.16667,0.0,0.5,0.0,1.0,0.4,0.04,0.65533,0.0,1.0,1.0,1.0,1.0,1.0,1.0,0.66046,1.0,0.0,1.0,1.0,1.0,0.0,1.0,1.0,1.0,0.7,0.8,0.67086,1.0,1.0,0.44849,1.0,1.0,0.5,0.5,0.5,0.0,0.0,1.0,1.0,1.0,1.0,1.0,1.0,0.2,1.0,1.0,0.0,1.0,1.0,1.0
1.0,1.0,0.0,1.0,1.0,1.0,0.40381,1.0,0.3,0.0,0.5,0.0,0.0,0.36,0.08,0.98923,0.0,1.0,0.7,1.0,1.0,0.7,1.0,0.98103,1.0,0.0,1.0,1.0,1.0,0.0,1.0,1.0,1.0,0.7,1.0,1.0,0.5,1.0,0.5,1.0,1.0,0.5,0.5,0.5,0.0,0.0,1.0,1.0,1.0,1.0,1.0,1.0,0.2,1.0,1.0,0.0,1.0,0.0,1.0
1.0,1.0,1.0,1.0,1.0,1.0,0.47748,1.0,0.36667,0.0,0.5,0.0,0.0,0.28,0.08,0.98978,0.0,1.0,1.0,1.0,1.0,1.0,0.0,0.65012,1.0,0.0,1.0,1.0,1.0,0.0,1.0,1.0,1.0,0.7,1.0,1.0,0.5,1.0,0.5,1.0,1.0,0.5,0.5,0.5,0.0,0.0,1.0,1.0,1.0,1.0,1.0,1.0,0.2,1.0,1.0,0.0,1.0,0.0,1.0
1.0,1.0,1.0,1.0,1.0,1.0,0.61338,1.0,0.43333,0.0,0.5,0.0,0.0,0.2,0.08,0.99059,0.0,1.0,1.0,1.0,1.0,1.0,0.0,0.21767,0.54416,0.0,1.0,1.0,1.0,0.0,1.0,1.0,1.0,0.7,1.0,1.0,0.5,1.0,0.5,1.0,1.0,0.5,0.5,0.5,0.0,0.0,1.0,1.0,1.0,1.0,1.0,1.0,0.2,1.0,1.0,0.0,1.0,0.0,1.0
1.0,1.0,1.0,1.0,1.0,1.0,0.80288,1.0,0.5,0.0,0.5,0.0,0.0,0.2,0.12,0.99731,0.0,1.0,1.0,1.0,1.0,1.0,0.0,0.0001,0.00025,0.0,1.0,1.0,1.0,0.0,1.0,1.0,1.0,0.7,1.0,1.0,0.5,1.0,0.5,1.0,1.0,0.5,0.5,0.5,0.0,0.0,1.0,1.0,1.0,1.0,0.94732,1.0,0.2,1.0,1.0,0.0,1.0,0.0,1.0
1.0,0.5,1.0,0.5,1.0,0.5,0.87111,1.0,0.53333,0.0,0.5,0.0,1.0,0.2,0.12,0.0,0.99242,1.0,1.0,1.0,1.0,1.0,0.0,0.0001,0.00025,0.0,1.0,1.0,1.0,0.0,1.0,1.0,1.0,0.7,1.0,1.0,0.5,1.0,0.5,1.0,1.0,0.5,0.5,0.5,0.0,0.0,1.0,1.0,1.0,1.0,0.94732,1.0,0.2,1.0,1.0,0.0,1.0,1.0,1.0
1.0,0.5,1.0,0.5,1.0,0.5,0.91,1.0,0.56667,0.0,0.5,0.0,1.0,0.16,0.12,0.0,0.98233,1.0,1.0,1.0,1.0,1.0,0.0,0.0001,0.00025,0.0,1.0,1.0,1.0,0.0,1.0,1.0,1.0,0.7,1.0,1.0,0.5,1.0,0.5,1.0,1.0,0.5,0.5,0.5,0.0,0.0,1.0,1.0,1.0,1.0,0.94732,1.0,0.2,1.0,1.0,0.0,1.0,1.0,1.0
0.5,0.5,0.5,0.5,0.5,0.5,0.27242,0.8,0.26667,0.0,0.5,0.0,0.0,0.2,0.04,0.0,0.99763,1.0,1.0,1.0,1.0,0.5,1.0,0.90309,1.0,0.25,1.0,1.0,1.0,0.0,1.0,0.75,0.5,0.7,1.0,1.0,0.5,0.5,0.5,1.0,1.0,0.5,0.5,0.5,0.0,0.0,1.0,1.0,1.0,1.0,1.0,0.4,0.4,1.0,1.0,1.0,1.0,0.0,0.5
0.0,0.0,0.0,0.0,0.8,0.8,0.22856,0.8,0.33333,0.0,0.5,0.0,0.0,0.2,0.04,0.0,0.99102,1.0,0.9,1.0,1.0,1.0,1.0,0.93372,1.0,0.25,1.0,1.0,1.0,0.0,1.0,0.75,0.5,0.7,1.0,1.0,0.5,0.5,0.5,1.0,1.0,0.5,0.5,0.5,0.0,0.0,1.0,1.0,1.0,1.0,1.0,0.3,0.4,1.0,1.0,1.0,1.0,0.0,0.5
0.0,0.0,0.0,0.0,0.4,0.4,0.13512,0.4,0.5,0.0,0.5,0.0,0.0,0.24,0.04,0.99451,0.0,1.0,1.0,1.0,1.0,1.0,1.0,0.95758,1.0,0.25,0.63531,0.46554,0.0,0.0,0.5,0.5,1.0,0.7,1.0,1.0,0.5,0.5,0.5,1.0,1.0,0.5,0.5,0.5,0.0,0.0,1.0,1.0,1.0,1.0,0.09518,1.0,0.2,0.0,1.0,0.0,1.0,0.0,1.0
0.5,0.5,0.5,0.5,0.5,0.5,0.33267,1.0,0.03333,0.0,0.5,0.0,0.0,0.2,0.0,0.5,0.5,0.5,0.5,0.5,0.5,0.5,0.5,0.0,0.0,0.25,1.0,1.0,1.0,0.0,0.0,0.5,0.5,0.5,1.0,1.0,0.5,0.5,0.5,1.0,1.0,0.5,0.5,0.5,0.5,0.5,1.0,0.5,0.5,0.5,0.5,0.5,0.4,1.0,1.0,1.0,1.0,0.5,0.5
1.0,0.5,1.0,0.5,1.0,0.5,0.346,1.0,0.06667,0.0,0.5,0.0,1.0,0.52,0.0,0.5,0.5,0.6,1.0,1.0,1.0,0.6,1.0,0.61139,1.0,0.25,1.0,1.0,1.0,0.0,0.84731,1.0,1.0,0.7,1.0,1.0,0.5,0.5,0.5,1.0,1.0,0.5,0.5,0.5,0.5,0.5,1.0,1.0,1.0,0.5,0.5,0.3,0.4,1.0,0.0,1.0,1.0,1.0,1.0
1.0,0.5,0.0,0.5,1.0,0.5,0.34013,1.0,0.1,0.0,0.5,0.0,1.0,0.48,0.0,0.86495,0.0,1.0,1.0,1.0,1.0,1.0,0.0,0.59726,1.0,0.25,1.0,1.0,1.0,0.0,0.88294,1.0,1.0,0.7,1.0,1.0,0.5,0.5,0.5,1.0,1.0,0.5,0.5,0.5,0.0,0.0,1.0,1.0,1.0,0.5,0.5,0.3,0.4,1.0,0.0,1.0,1.0,1.0,1.0
0.0,0.0,0.0,0.0,0.8,0.8,0.19813,0.8,0.63333,0.0,0.5,0.0,0.0,0.16,0.12,0.99982,0.0,1.0,1.0,0.7,0.9,0.6,0.0,0.75299,1.0,0.25,1.0,1.0,1.0,0.0,1.0,1.0,0.75,0.7,1.0,1.0,0.5,0.5,0.5,1.0,1.0,0.5,0.5,0.5,0.0,0.0,1.0,1.0,1.0,1.0,0.30466,1.0,0.2,1.0,1.0,0.0,1.0,1.0,1.0
0.0,0.5,0.0,0.5,0.8,0.5,0.1981,0.8,0.66667,0.0,0.5,0.0,1.0,0.16,0.12,0.99973,0.0,1.0,1.0,0.7,1.0,1.0,0.0,0.75296,1.0,0.25,1.0,1.0,1.0,0.0,1.0,1.0,1.0,0.7,1.0,1.0,0.5,0.5,0.5,1.0,1.0,0.5,0.5,0.5,0.0,0.0,1.0,1.0,1.0,1.0,0.30466,1.0,0.2,1.0,1.0,0.0,1.0,1.0,0.75
0.5,0.5,0.5,0.5,0.5,0.5,0.1574,0.4,0.56667,0.0,0.5,0.0,0.0,0.6,0.0,0.97127,0.0,1.0,1.0,1.0,1.0,0.5,0.0,0.1591,0.39774,0.0,0.7373,0.61961,0.0,0.0,1.0,1.0,0.5,0.7,1.0,1.0,0.5,0.5,0.5,1.0,1.0,0.5,0.5,0.5,0.0,0.0,1.0,1.0,1.0,0.5,0.5,0.3,0.6,1.0,1.0,1.0,1.0,1.0,0.5
1.0,0.5,1.0,0.5,0.4,0.5,0.16817,0.4,0.6,0.0,0.5,0.0,1.0,0.6,0.0,0.95269,0.0,1.0,1.0,1.0,1.0,1.0,0.0,0.12527,0.31318,0.0,0.76625,0.66031,0.0,0.0,1.0,1.0,1.0,0.7,1.0,1.0,0.5,0.5,0.5,1.0,1.0,0.5,0.5,0.5,0.0,0.0,1.0,1.0,1.0,0.5,0.5,0.3,0.6,1.0,1.0,1.0,1.0,1.0,1.0
0.0,1.0,0.0,1.0,0.4,0.4,0.19535,0.4,0.66667,0.0,0.5,0.0,0.0,0.44,0.0,0.96761,0.0,1.0,1.0,1.0,1.0,1.0,0.0,0.07347,0.18368,0.0,0.8474,0.73774,0.0,0.0,1.0,1.0,1.0,0.7,1.0,1.0,0.5,0.5,0.5,1.0,1.0,0.5,0.5,0.5,0.0,0.0,1.0,1.0,1.0,0.5,0.5,0.3,0.6,1.0,1.0,1.0,1.0,0.0,1.0
0.5,0.5,0.5,0.5,0.5,0.5,0.23451,0.6,0.03333,0.0,0.5,0.0,0.0,0.2,0.0,0.5,0.5,0.5,0.5,0.5,0.5,0.5,0.5,0.0,0.0,0.25,0.8583,0.75177,0.0,0.0,0.0,0.5,0.5,0.5,1.0,1.0,0.5,0.5,0.5,1.0,1.0,0.5,0.5,0.5,0.5,0.5,1.0,0.5,0.5,0.5,0.5,0.5,0.4,1.0,1.0,1.0,1.0,0.5,0.5
0.0,0.0,0.0,0.0,0.6,0.6,0.3077,1.0,0.53333,0.0,0.5,0.0,0.0,0.2,0.04,0.98781,0.0,1.0,1.0,1.0,1.0,1.0,1.0,0.59176,1.0,0.0,1.0,1.0,1.0,0.0,1.0,1.0,0.75,0.7,1.0,1.0,0.5,0.5,0.5,1.0,1.0,0.5,0.5,0.5,0.0,0.0,1.0,1.0,1.0,0.5,0.5,1.0,0.2,1.0,1.0,1.0,1.0,1.0,1.0
0.0,0.5,1.0,0.5,1.0,0.5,0.30813,1.0,0.56667,0.0,0.5,0.0,1.0,0.2,0.04,0.98813,0.0,1.0,1.0,1.0,1.0,1.0,1.0,0.59339,1.0,0.0,1.0,1.0,1.0,0.0,1.0,1.0,1.0,0.7,1.0,1.0,0.5,0.5,0.5,1.0,1.0,0.5,0.5,0.5,0.0,0.0,1.0,1.0,1.0,0.5,0.5,1.0,0.2,1.0,1.0,1.0,1.0,1.0,0.75
0.0,0.5,1.0,0.5,1.0,0.5,0.30828,1.0,0.6,0.0,0.5,0.0,1.0,0.2,0.04,0.98944,0.0,1.0,1.0,1.0,1.0,1.0,1.0,0.59397,1.0,0.0,1.0,1.0,1.0,0.0,1.0,1.0,1.0,0.7,1.0,1.0,0.5,0.5,0.5,1.0,1.0,0.5,0.5,0.5,0.0,0.0,1.0,1.0,1.0,0.5,0.5,1.0,0.2,1.0,1.0,1.0,1.0,1.0,0.75
0.0,0.5,1.0,0.5,1.0,0.5,0.30834,1.0,0.63333,0.0,0.5,0.0,1.0,0.16,0.04,0.99117,0.0,1.0,1.0,1.0,1.0,1.0,1.0,0.59419,1.0,0.0,1.0,1.0,1.0,0.0,1.0,1.0,1.0,0.7,1.0,1.0,0.5,0.5,0.5,1.0,1.0,0.5,0.5,0.5,0.0,0.0,1.0,1.0,1.0,0.5,0.5,1.0,0.2,1.0,1.0,1.0,1.0,1.0,0.75
0.0,0.5,1.0,0.5,1.0,0.5,0.30836,1.0,0.66667,0.0,0.5,0.0,1.0,0.16,0.04,0.99298,0.0,1.0,1.0,1.0,1.0,1.0,1.0,0.59427,1.0,0.0,1.0,1.0,1.0,0.0,1.0,1.0,1.0,0.7,1.0,1.0,0.5,0.5,0.5,1.0,1.0,0.5,0.5,0.5,0.0,0.0,1.0,1.0,1.0,0.5,0.5,1.0,0.2,1.0,1.0,1.0,1.0,1.0,0.75
0.0,0.5,1.0,0.5,1.0,0.5,0.30836,1.0,0.7,0.0,0.5,0.0,1.0,0.16,0.04,0.99438,0.0,1.0,1.0,1.0,1.0,1.0,1.0,0.5943,1.0,0.0,1.0,1.0,1.0,0.0,1.0,1.0,1.0,0.7,1.0,1.0,0.5,0.5,0.5,1.0,1.0,0.5,0.5,0.5,0.0,0.0,1.0,1.0,1.0,0.5,0.5,1.0,0.2,1.0,1.0,1.0,1.0,1.0,0.75
0.0,0.5,1.0,0.5,1.0,0.5,0.30837,1.0,0.73333,0.0,0.5,0.0,1.0,0.16,0.04,0.99549,0.0,1.0,1.0,1.0,1.0,1.0,1.0,0.59432,1.0,0.0,1.0,1.0,1.0,0.0,1.0,1.0,1.0,0.7,1.0,1.0,0.5,0.5,0.5,1.0,1.0,0.5,0.5,0.5,0.0,0.0,1.0,1.0,1.0,0.5,0.5,1.0,0.2,1.0,1.0,1.0,1.0,1.0,0.75
0.0,0.5,1.0,0.5,1.0,0.5,0.30837,1.0,0.76667,0.0,0.5,0.0,1.0,0.16,0.04,0.99638,0.0,1.0,1.0,1.0,1.0,1.0,1.0,0.59432,1.0,0.0,1.0,1.0,1.0,0.0,1.0,1.0,1.0,0.7,1.0,1.0,0.5,0.5,0.5,1.0,1.0,0.5,0.5,0.5,0.0,0.0,1.0,1.0,1.0,0.5,0.5,1.0,0.2,1.0,1.0,1.0,1.0,1.0,0.75
0.0,0.5,1.0,0.5,1.0,0.5,0.30837,1.0,0.8,0.0,0.5,0.0,1.0,0.16,0.04,0.99709,0.0,1.0,1.0,1.0,1.0,1.0,1.0,0.59432,1.0,0.0,1.0,1.0,1.0,0.0,1.0,1.0,1.0,0.7,1.0,1.0,0.5,0.5,0.5,1.0,1.0,0.5,0.5,0.5,0.0,0.0,1.0,1.0,1.0,0.5,0.5,1.0,0.2,1.0,1.0,1.0,1.0,1.0,0.75
0.0,0.5,1.0,0.5,1.0,0.5,0.30837,1.0,0.83333,0.0,0.5,0.0,1.0,0.16,0.04,0.99765,0.0,1.0,1.0,1.0,1.0,1.0,1.0,0.59432,1.0,0.0,1.0,1.0,1.0,0.0,1.0,1.0,1.0,0.7,1.0,1.0,0.5,0.5,0.5,1.0,1.0,0.5,0.5,0.5,0.0,0.0,1.0,1.0,1.0,0.5,0.5,1.0,0.2,1.0,1.0,1.0,1.0,1.0,0.75
0.0,0.5,1.0,0.5,1.0,0.5,0.30837,1.0,0.86667,0.0,0.5,0.0,1.0,0.16,0.04,0.99811,0.0,1.0,1.0,1.0,1.0,1.0,1.0,0.59432,1.0,0.0,1.0,1.0,1.0,0.0,1.0,1.0,1.0,0.7,1.0,1.0,0.5,0.5,0.5,1.0,1.0,0.5,0.5,0.5,0.0,0.0,1.0,1.0,1.0,0.5,0.5,1.0,0.2,1.0,1.0,1.0,1.0,1.0,0.75
0.0,0.5,1.0,0.5,1.0,0.5,0.30837,1.0,0.9,0.0,0.5,0.0,1.0,0.16,0.04,0.99848,0.0,1.0,1.0,1.0,1.0,1.0,1.0,0.59432,1.0,0.0,1.0,1.0,1.0,0.0,1.0,1.0,1.0,0.7,1.0,1.0,0.5,0.5,0.5,1.0,1.0,0.5,0.5,0.5,0.0,0.0,1.0,1.0,1.0,0.5,0.5,1.0,0.2,1.0,1.0,1.0,1.0,1.0,0.75
0.0,0.5,1.0,0.5,1.0,0.5,0.30837,1.0,0.93333,0.0,0.5,0.0,1.0,0.16,0.04,0.99877,0.0,1.0,1.0,1.0,1.0,1.0,1.0,0.59432,1.0,0.0,1.0,1.0,1.0,0.0,1.0,1.0,1.0,0.7,1.0,1.0,0.5,0.5,0.5,1.0,1.0,0.5,0.5,0.5,0.0,0.0,1.0,1.0,1.0,0.5,0.5,1.0,0.2,1.0,1.0,1.0,1.0,1.0,0.75
0.0,0.5,1.0,0.5,1.0,0.5,0.30837,1.0,0.96667,0.0,0.5,0.0,1.0,0.16,0.04,0.99901,0.0,1.0,1.0,1.0,1.0,1.0,1.0,0.59432,1.0,0.0,1.0,1.0,1.0,0.0,1.0,1.0,1.0,0.7,1.0,1.0,0.5,0.5,0.5,1.0,1.0,0.5,0.5,0.5,0.0,0.0,1.0,1.0,1.0,0.5,0.5,1.0,0.2,1.0,1.0,1.0,1.0,1.0,0.75
0.0,0.5,1.0,0.5,1.0,0.5,0.30837,1.0,1.0,0.0,0.5,0.0,1.0,0.16,0.04,0.9992,0.0,1.0,1.0,1.0,1.0,1.0,1.0,0.59432,1.0,0.0,1.0,1.0,1.0,0.0,1.0,1.0,1.0,0.7,1.0,1.0,0.5,0.5,0.5,1.0,1.0,0.5,0.5,0.5,0.0,0.0,1.0,1.0,1.0,0.5,0.5,1.0,0.2,1.0,1.0,1.0,1.0,1.0,0.75
0.5,0.5,0.5,0.5,0.5,0.5,0.00612,0.2,0.56667,0.0,0.5,0.0,0.0,0.64,0.12,0.94334,0.0,1.0,1.0,1.0,1.0,0.5,1.0,0.64717,1.0,0.25,0.10031,0.05281,0.0,0.0,1.0,0.75,0.5,0.0,1.0,1.0,0.5,0.5,0.5,1.0,1.0,0.5,0.5,0.5,0.0,0.0,1.0,1.0,1.0,0.23682,0.3813,1.0,0.2,0.0,1.0,0.0,1.0,0.0,0.5
0.0,0.5,0.0,0.5,0.2,0.5,0.00547,0.2,0.6,0.0,0.5,0.0,1.0,0.52,0.12,0.99458,0.0,1.0,1.0,1.0,1.0,1.0,1.0,0.64801,1.0,0.25,0.08947,0.04683,0.0,0.0,1.0,1.0,1.0,0.2,1.0,1.0,0.5,0.5,0.5,1.0,1.0,0.5,0.5,0.5,0.0,0.0,1.0,1.0,1.0,0.23682,0.3813,0.8,0.4,1.0,1.0,1.0,1.0,0.0,1.0
0.0,0.5,0.0,0.5,0.2,0.5,0.00477,0.2,0.63333,0.0,0.5,0.0,1.0,0.52,0.08,0.99635,0.0,1.0,1.0,1.0,1.0,1.0,0.0,0.6409,1.0,0.25,0.08216,0.04284,0.0,0.0,1.0,1.0,1.0,0.6,1.0,1.0,0.5,0.5,0.5,1.0,1.0,0.5,0.5,0.5,0.0,0.0,1.0,1.0,1.0,0.23682,0.3813,0.4,0.4,1.0,0.0,1.0,1.0,1.0,1.0
0.0,0.5,0.0,0.5,0.2,0.5,0.00381,0.2,0.66667,0.0,0.5,0.0,1.0,0.52,0.08,0.99829,0.0,1.0,1.0,1.0,1.0,1.0,0.0,0.63542,1.0,0.25,0.06859,0.03551,0.0,0.0,1.0,1.0,1.0,0.7,1.0,1.0,0.5,0.5,0.5,1.0,1.0,0.5,0.5,0.5,0.0,0.0,1.0,1.0,1.0,0.23682,0.3813,0.3,0.4,1.0,0.0,1.0,1.0,1.0,1.0
0.0,0.5,0.0,0.5,0.2,0.5,0.0029,0.2,0.7,0.0,0.5,0.0,1.0,0.44,0.08,0.99946,0.0,1.0,1.0,1.0,1.0,1.0,1.0,0.64022,1.0,0.25,0.05085,0.02609,0.0,0.0,0.94792,1.0,1.0,0.7,1.0,1.0,0.5,0.5,0.5,1.0,1.0,0.5,0.5,0.5,0.0,0.0,1.0,1.0,1.0,0.23682,0.3813,0.3,0.4,1.0,0.0,1.0,1.0,1.0,1.0
0.0,0.5,0.0,0.5,0.2,0.5,0.0022,0.2,0.73333,0.0,0.5,0.0,1.0,0.48,0.08,0.99986,0.0,1.0,1.0,1.0,1.0,1.0,1.0,0.9121,1.0,0.25,0.01331,0.0067,0.0,0.0,0.5,1.0,0.5,0.7,1.0,1.0,0.5,0.5,0.5,1.0,1.0,0.5,0.5,0.5,0.0,0.0,1.0,1.0,1.0,0.23682,0.3813,1.0,0.2,0.0,1.0,0.0,1.0,0.0,1.0
0.0,0.5,0.0,0.5,0.2,0.5,0.00196,0.2,0.76667,0.0,0.5,0.0,1.0,0.44,0.08,0.99958,0.0,1.0,1.0,1.0,1.0,1.0,1.0,0.91544,1.0,0.25,0.01176,0.00592,0.0,0.0,0.5,1.0,1.0,0.7,1.0,1.0,0.5,0.5,0.5,1.0,1.0,0.5,0.5,0.5,0.0,0.0,1.0,1.0,1.0,0.23682,0.3813,1.0,0.2,0.0,1.0,0.0,1.0,0.0,0.0
0.0,0.5,0.0,0.5,0.2,0.5,0.00179,0.2,0.8,0.0,0.5,0.0,1.0,0.44,0.08,0.9995,0.0,1.0,1.0,1.0,1.0,1.0,0.0,0.90656,1.0,0.25,0.01099,0.00553,0.0,0.0,0.5,1.0,1.0,0.7,1.0,1.0,0.5,0.5,0.5,1.0,1.0,0.5,0.5,0.5,0.0,0.0,1.0,1.0,1.0,0.23682,0.3813,1.0,0.2,0.0,1.0,0.0,1.0,0.0,0.0
0.0,0.5,0.0,0.5,0.2,0.5,0.00164,0.2,0.83333,0.0,0.5,0.0,1.0,0.48,0.08,0.99951,0.0,1.0,1.0,1.0,1.0,1.0,0.0,0.90262,1.0,0.25,0.01017,0.00511,0.0,0.0,0.5,1.0,1.0,0.7,1.0,1.0,0.5,0.5,0.5,1.0,1.0,0.5,0.5,0.5,0.0,0.0,1.0,1.0,1.0,0.23682,0.3813,1.0,0.2,0.0,1.0,0.0,1.0,0.0,0.0
0.0,0.5,0.0,0.5,0.2,0.5,0.0015,0.2,0.86667,0.0,0.5,0.0,1.0,0.48,0.08,0.99959,0.0,1.0,1.0,1.0,1.0,1.0,0.0,0.89933,1.0,0.25,0.00939,0.00472,0.0,0.0,0.5,1.0,1.0,0.7,1.0,1.0,0.5,0.5,0.5,1.0,1.0,0.5,0.5,0.5,0.0,0.0,1.0,1.0,1.0,0.23682,0.3813,1.0,0.2,0.0,1.0,0.0,1.0,0.0,0.0
0.0,0.5,0.0,0.5,0.2,0.5,0.00137,0.2,0.9,0.0,0.5,0.0,1.0,0.48,0.08,0.99971,0.0,1.0,1.0,1.0,1.0,1.0,0.0,0.89712,1.0,0.25,0.00864,0.00434,0.0,0.0,0.5,1.0,1.0,0.7,1.0,1.0,0.5,0.5,0.5,1.0,1.0,0.5,0.5,0.5,0.0,0.0,1.0,1.0,1.0,0.23682,0.3813,1.0,0.2,0.0,1.0,0.0,1.0,0.0,0.0
0.0,0.5,0.0,0.5,0.2,0.5,0.00125,0.2,0.93333,0.0,0.5,0.0,1.0,0.48,0.08,0.99982,0.0,1.0,1.0,1.0,1.0,1.0,0.0,0.89474,1.0,0.25,0.00794,0.00398,0.0,0.0,0.5,1.0,1.0,0.7,1.0,1.0,0.5,0.5,0.5,1.0,1.0,0.5,0.5,0.5,0.0,0.0,1.0,1.0,1.0,0.23682,0.3813,1.0,0.2,0.0,1.0,0.0,1.0,0.0,0.0
0.0,0.5,0.0,0.5,0.2,0.5,0.00114,0.2,0.96667,0.0,0.5,0.0,1.0,0.48,0.08,0.9999,0.0,1.0,1.0,1.0,1.0,1.0,1.0,0.90194,1.0,0.25,0.00711,0.00357,0.0,0.0,0.5,1.0,1.0,0.7,1.0,1.0,0.5,0.5,0.5,1.0,1.0,0.5,0.5,0.5,0.0,0.0,1.0,1.0,1.0,0.23682,0.3813,1.0,0.2,0.0,1.0,0.0,1.0,0.0,0.0
0.0,0.5,0.0,0.5,0.2,0.5,0.00104,0.2,1.0,0.0,0.5,0.0,1.0,0.48,0.08,0.99995,0.0,1.0,1.0,1.0,1.0,1.0,0.0,0.89612,1.0,0.25,0.00658,0.0033,0.0,0.0,0.5,1.0,1.0,0.7,1.0,1.0,0.5,0.5,0.5,1.0,1.0,0.5,0.5,0.5,0.0,0.0,1.0,1.0,1.0,0.23682,0.3813,1.0,0.2,0.0,1.0,0.0,1.0,0.0,0.0
0.5,0.5,0.5,0.5,0.5,0.5,0.46648,1.0,0.73333,0.0,0.5,0.0,0.0,0.4,0.12,0.0,0.99511,0.9,1.0,1.0,1.0,0.5,1.0,0.88489,1.0,0.25,1.0,1.0,1.0,0.0,1.0,0.75,0.5,0.7,1.0,1.0,0.5,0.5,0.5,1.0,1.0,0.5,0.5,0.5,0.0,0.0,1.0,1.0,1.0,1.0,1.0,1.0,0.2,1.0,1.0,0.0,1.0,0.0,0.5
1.0,0.5,1.0,0.5,1.0,0.5,0.51032,1.0,0.76667,0.0,0.5,0.0,1.0,0.36,0.12,0.0,0.98818,0.9,0.9,1.0,1.0,0.9,0.0,0.52445,1.0,0.0,1.0,1.0,1.0,0.0,1.0,1.0,1.0,0.7,1.0,1.0,0.5,0.5,0.5,1.0,1.0,0.5,0.5,0.5,0.0,0.0,1.0,1.0,1.0,1.0,1.0,1.0,0.2,1.0,1.0,0.0,1.0,1.0,1.0
1.0,0.5,1.0,0.5,1.0,0.5,0.5128,1.0,0.8,0.0,0.5,0.0,1.0,0.36,0.12,0.0,0.99181,0.7,1.0,1.0,1.0,0.7,0.0,0.51552,1.0,0.0,1.0,1.0,1.0,0.0,1.0,1.0,1.0,0.7,1.0,1.0,0.5,0.5,0.5,1.0,1.0,0.5,0.5,0.5,0.0,0.0,1.0,1.0,1.0,1.0,1.0,1.0,0.2,1.0,1.0,0.0,1.0,1.0,1.0
0.0,1.0,0.0,1.0,1.0,1.0,0.60466,1.0,0.86667,0.0,0.5,0.0,0.0,0.32,0.16,0.9807,0.0,1.0,1.0,1.0,1.0,1.0,0.0,0.23849,0.59623,0.0,1.0,1.0,1.0,0.0,1.0,1.0,1.0,0.7,1.0,1.0,0.5,0.5,0.5,1.0,1.0,0.5,0.5,0.5,0.0,0.0,1.0,1.0,1.0,1.0,1.0,1.0,0.2,1.0,1.0,0.0,1.0,0.0,1.0
1.0,1.0,1.0,1.0,1.0,1.0,0.78374,1.0,0.93333,0.0,0.5,0.0,0.0,0.2,0.16,0.98517,0.0,1.0,1.0,1.0,1.0,1.0,0.0,0.00165,0.00413,0.0,1.0,1.0,1.0,0.0,1.0,1.0,1.0,0.7,1.0,1.0,0.5,0.5,0.5,1.0,1.0,0.5,0.5,0.5,0.0,0.0,1.0,1.0,1.0,1.0,0.94176,1.0,0.2,1.0,1.0,0.0,1.0,0.0,1.0
1.0,0.5,1.0,0.5,1.0,0.5,0.87472,1.0,0.96667,0.0,0.5,0.0,1.0,0.2,0.12,0.0,0.99886,1.0,1.0,1.0,1.0,1.0,0.0,0.0001,0.00025,0.0,1.0,1.0,1.0,0.0,1.0,1.0,1.0,0.7,1.0,1.0,0.5,0.5,0.5,1.0,1.0,0.5,0.5,0.5,0.0,0.0,1.0,1.0,1.0,1.0,0.94176,1.0,0.2,1.0,1.0,0.0,1.0,1.0,1.0
1.0,0.5,1.0,0.5,1.0,0.5,0.92334,1.0,1.0,0.0,0.5,0.0,1.0,0.16,0.12,0.0,0.98397,1.0,1.0,1.0,1.0,1.0,0.0,0.0001,0.00025,0.0,1.0,1.0,1.0,0.0,1.0,1.0,1.0,0.7,1.0,1.0,0.5,0.5,0.5,1.0,1.0,0.5,0.5,0.5,0.0,0.0,1.0,1.0,1.0,1.0,0.94176,1.0,0.2,1.0,1.0,0.0,1.0,1.0,1.0
0.5,0.5,0.5,0.5,0.5,0.5,0.23888,1.0,0.13333,0.0,0.5,0.0,0.0,0.32,0.0,0.92658,0.0,0.8,0.8,1.0,1.0,0.5,0.0,0.35664,0.8916,0.25,1.0,1.0,1.0,1.0,1.0,0.75,0.5,0.7,1.0,1.0,0.5,0.5,0.5,1.0,1.0,0.5,0.5,0.5,0.0,0.0,1.0,1.0,1.0,0.5,0.5,1.0,0.2,1.0,1.0,1.0,1.0,1.0,0.5
0.0,0.0,0.0,0.0,1.0,0.8,0.2205,0.8,0.26667,0.0,0.5,0.0,0.0,0.28,0.0,0.95424,0.0,1.0,0.9,1.0,1.0,0.9,0.0,0.30388,0.75969,0.0,1.0,1.0,1.0,0.0,1.0,1.0,1.0,0.7,1.0,1.0,0.5,0.5,0.5,1.0,1.0,0.5,0.5,0.5,0.0,0.0,1.0,1.0,1.0,0.5,0.5,1.0,0.2,1.0,1.0,1.0,1.0,1.0,0.25
0.0,0.0,0.0,0.0,0.8,0.8,0.22028,0.8,0.4,0.0,0.5,0.0,0.0,0.2,0.0,0.97696,0.0,1.0,1.0,1.0,1.0,1.0,0.0,0.30326,0.75815,0.0,1.0,1.0,1.0,0.0,1.0,1.0,1.0,0.7,1.0,1.0,0.5,0.5,0.5,1.0,1.0,0.5,0.5,0.5,0.0,0.0,1.0,1.0,1.0,0.5,0.5,1.0,0.2,1.0,1.0,1.0,1.0,1.0,0.25
0.0,0.0,0.0,0.0,0.8,0.8,0.22027,0.8,0.46667,0.0,0.5,0.0,0.0,0.2,0.0,0.98449,0.0,1.0,1.0,1.0,1.0,1.0,0.0,0.30326,0.75814,0.0,1.0,1.0,1.0,0.0,1.0,1.0,1.0,0.7,1.0,1.0,0.5,0.5,0.5,1.0,1.0,0.5,0.5,0.5,0.0,0.0,1.0,1.0,1.0,0.5,0.5,1.0,0.2,1.0,1.0,1.0,1.0,1.0,0.25
0.0,0.0,0.0,0.0,0.8,0.8,0.22027,0.8,0.53333,0.0,0.5,0.0,0.0,0.2,0.0,0.99047,0.0,1.0,1.0,1.0,1.0,1.0,0.0,0.30325,0.75814,0.0,1.0,1.0,1.0,0.0,1.0,1.0,1.0,0.7,1.0,1.0,0.5,0.5,0.5,1.0,1.0,0.5,0.5,0.5,0.0,0.0,1.0,1.0,1.0,0.5,0.5,1.0,0.2,1.0,1.0,1.0,1.0,1.0,0.25
0.0,0.0,0.0,0.0,0.8,0.8,0.22027,0.8,0.6,0.0,0.5,0.0,0.0,0.2,0.0,0.99405,0.0,1.0,1.0,1.0,1.0,1.0,0.0,0.30325,0.75814,0.0,1.0,1.0,1.0,0.0,1.0,1.0,1.0,0.7,1.0,1.0,0.5,0.5,0.5,1.0,1.0,0.5,0.5,0.5,0.0,0.0,1.0,1.0,1.0,0.5,0.5,1.0,0.2,1.0,1.0,1.0,1.0,1.0,0.25
0.0,0.0,0.0,0.0,0.8,0.8,0.22027,0.8,0.66667,0.0,0.5,0.0,0.0,0.2,0.0,0.99622,0.0,1.0,1.0,1.0,1.0,1.0,0.0,0.30325,0.75814,0.0,1.0,1.0,1.0,0.0,1.0,1.0,1.0,0.7,1.0,1.0,0.5,0.5,0.5,1.0,1.0,0.5,0.5,0.5,0.0,0.0,1.0,1.0,1.0,0.5,0.5,1.0,0.2,1.0,1.0,1.0,1.0,1.0,0.25
0.0,0.0,0.0,0.0,0.8,0.8,0.22027,0.8,0.73333,0.0,0.5,0.0,0.0,0.2,0.0,0.99758,0.0,1.0,1.0,1.0,1.0,1.0,0.0,0.30325,0.75814,0.0,1.0,1.0,1.0,0.0,1.0,1.0,1.0,0.7,1.0,1.0,0.5,0.5,0.5,1.0,1.0,0.5,0.5,0.5,0.0,0.0,1.0,1.0,1.0,0.5,0.5,1.0,0.2,1.0,1.0,1.0,1.0,1.0,0.25
0.0,0.0,0.0,0.0,0.8,0.8,0.22027,0.8,0.8,0.0,0.5,0.0,0.0,0.2,0.0,0.99844,0.0,1.0,1.0,1.0,1.0,1.0,0.0,0.30325,0.75814,0.0,1.0,1.0,1.0,0.0,1.0,1.0,1.0,0.7,1.0,1.0,0.5,0.5,0.5,1.0,1.0,0.5,0.5,0.5,0.0,0.0,1.0,1.0,1.0,0.5,0.5,1.0,0.2,1.0,1.0,1.0,1.0,1.0,0.25
0.0,0.0,0.0,0.0,0.8,0.8,0.22027,0.8,0.86667,0.0,0.5,0.0,0.0,0.2,0.0,0.99899,0.0,1.0,1.0,1.0,1.0,1.0,0.0,0.30325,0.75814,0.0,1.0,1.0,1.0,0.0,1.0,1.0,1.0,0.7,1.0,1.0,0.5,0.5,0.5,1.0,1.0,0.5,0.5,0.5,0.0,0.0,1.0,1.0,1.0,0.5,0.5,1.0,0.2,1.0,1.0,1.0,1.0,1.0,0.25
0.0,0.0,0.0,0.0,0.8,0.8,0.22027,0.8,0.93333,0.0,0.5,0.0,0.0,0.2,0.0,0.99934,0.0,1.0,1.0,1.0,1.0,1.0,0.0,0.30325,0.75814,0.0,1.0,1.0,1.0,0.0,1.0,1.0,1.0,0.7,1.0,1.0,0.5,0.5,0.5,1.0,1.0,0.5,0.5,0.5,0.0,0.0,1.0,1.0,1.0,0.5,0.5,1.0,0.2,1.0,1.0,1.0,1.0,1.0,0.25
0.0,0.0,0.0,0.0,0.8,0.8,0.22027,0.8,1.0,0.0,0.5,0.0,0.0,0.2,0.0,0.99957,0.0,1.0,1.0,1.0,1.0,1.0,0.0,0.30325,0.75814,0.0,1.0,1.0,1.0,0.0,1.0,1.0,1.0,0.7,1.0,1.0,0.5,0.5,0.5,1.0,1.0,0.5,0.5,0.5,0.0,0.0,1.0,1.0,1.0,0.5,0.5,1.0,0.2,1.0,1.0,1.0,1.0,1.0,0.25
0.5,0.5,0.5,0.5,0.5,0.5,0.0,0.4,0.46667,0.0,0.5,0.0,0.0,0.08,0.24,0.0,0.98475,1.0,1.0,0.5,0.7,0.5,0.0,0.0001,0.00025,0.75,0.0,0.0,0.33333,0.0,0.5625,0.75,0.5,0.0,1.0,1.0,0.5,0.5,0.5,1.0,1.0,0.5,0.5,0.5,0.0,0.0,1.0,1.0,1.0,0.0,0.228,1.0,0.2,0.0,1.0,1.0,1.0,0.0,0.5
1.0,0.5,1.0,0.5,0.4,0.5,0.0,0.4,0.5,0.0,0.5,0.0,1.0,0.08,0.24,0.0,0.97718,1.0,1.0,0.5,1.0,1.0,0.0,0.0001,0.00025,0.75,0.0,0.0,0.33333,0.0,0.5625,1.0,1.0,0.0,1.0,1.0,0.5,0.5,0.5,1.0,1.0,0.5,0.5,0.5,0.0,0.0,1.0,1.0,1.0,0.0,0.228,1.0,0.2,0.0,1.0,1.0,1.0,0.0,1.0
0.0,0.5,0.0,0.5,0.4,0.5,0.0,0.4,0.53333,0.0,0.5,0.0,1.0,0.08,0.24,0.0,0.97391,1.0,1.0,0.5,1.0,1.0,0.0,0.0001,0.00025,0.75,0.0,0.0,0.33333,0.0,0.5625,1.0,1.0,0.0,1.0,1.0,0.5,0.5,0.5,1.0,1.0,0.5,0.5,0.5,0.0,0.0,1.0,1.0,1.0,0.0,0.228,1.0,0.2,0.0,1.0,1.0,1.0,0.0,1.0
0.0,0.5,0.0,0.5,0.4,0.5,0.0,0.4,0.56667,0.0,0.5,0.0,1.0,0.04,0.24,0.0,0.9756,1.0,1.0,0.5,1.0,1.0,0.0,0.0001,0.00025,0.75,0.0,0.0,0.33333,0.0,0.5625,1.0,1.0,0.0,1.0,1.0,0.5,0.5,0.5,1.0,1.0,0.5,0.5,0.5,0.0,0.0,1.0,1.0,1.0,0.0,0.228,1.0,0.2,0.0,1.0,1.0,1.0,0.0,1.0
1.0,0.5,1.0,0.5,0.4,0.5,0.0,0.4,0.6,0.0,0.5,0.0,1.0,0.04,0.24,0.0,0.97876,1.0,1.0,0.5,1.0,1.0,0.0,0.0001,0.00025,0.75,0.0,0.0,0.33333,0.0,0.56254,1.0,1.0,0.0,1.0,1.0,0.5,0.5,0.5,1.0,1.0,0.5,0.5,0.5,0.0,0.0,1.0,1.0,1.0,0.0,0.228,1.0,0.2,0.0,1.0,1.0,1.0,0.0,1.0
0.0,0.5,1.0,0.5,0.4,0.5,0.0,0.4,0.63333,0.0,0.5,0.0,1.0,0.04,0.24,0.0,0.98118,1.0,1.0,0.5,1.0,1.0,0.0,0.0001,0.00025,0.75,0.0,0.0,0.33333,0.0,0.56263,1.0,1.0,0.0,1.0,1.0,0.5,0.5,0.5,1.0,1.0,0.5,0.5,0.5,0.0,0.0,1.0,1.0,1.0,0.0,0.228,1.0,0.2,0.0,1.0,1.0,1.0,0.0,1.0
0.0,0.5,0.0,0.5,0.4,0.5,0.0,0.4,0.66667,0.0,0.5,0.0,1.0,0.04,0.24,0.0,0.98363,1.0,1.0,0.5,1.0,1.0,0.0,0.0001,0.00025,0.75,0.0,0.0,0.33333,0.0,0.56276,1.0,1.0,0.0,1.0,1.0,0.5,0.5,0.5,1.0,1.0,0.5,0.5,0.5,0.0,0.0,1.0,1.0,1.0,0.0,0.228,1.0,0.2,0.0,1.0,1.0,1.0,0.0,1.0
1.0,0.5,1.0,0.5,0.4,0.5,0.0,0.4,0.7,0.0,0.5,0.0,1.0,0.04,0.24,0.0,0.98595,1.0,1.0,0.5,1.0,1.0,0.0,0.0001,0.00025,0.75,0.0,0.0,0.33333,0.0,0.56297,1.0,1.0,0.0,1.0,1.0,0.5,0.5,0.5,1.0,1.0,0.5,0.5,0.5,0.0,0.0,1.0,1.0,1.0,0.0,0.228,1.0,0.2,0.0,1.0,1.0,1.0,0.0,1.0
1.0,0.5,1.0,0.5,0.4,0.5,0.0,0.4,0.73333,0.0,0.5,0.0,1.0,0.04,0.24,0.0,0.98813,1.0,1.0,0.5,1.0,1.0,0.0,0.0001,0.00025,0.75,0.0,0.0,0.33333,0.0,0.56323,1.0,1.0,0.0,1.0,1.0,0.5,0.5,0.5,1.0,1.0,0.5,0.5,0.5,0.0,0.0,1.0,1.0,1.0,0.0,0.228,1.0,0.2,0.0,1.0,1.0,1.0,0.0,1.0
1.0,0.5,1.0,0.5,0.4,0.5,0.0,0.4,0.76667,0.0,0.5,0.0,1.0,0.04,0.24,0.0,0.99007,1.0,1.0,0.5,1.0,1.0,0.0,0.0001,0.00025,0.75,0.0,0.0,0.33333,0.0,0.56358,1.0,1.0,0.0,1.0,1.0,0.5,0.5,0.5,1.0,1.0,0.5,0.5,0.5,0.0,0.0,1.0,1.0,1.0,0.0,0.228,1.0,0.2,0.0,1.0,1.0,1.0,0.0,1.0
0.0,0.5,0.0,0.5,0.4,0.5,0.0,0.4,0.8,0.0,0.5,0.0,1.0,0.04,0.24,0.0,0.99181,1.0,1.0,0.5,1.0,1.0,0.0,0.0001,0.00025,0.75,0.0,0.0,0.33333,0.0,0.56407,1.0,1.0,0.0,1.0,1.0,0.5,0.5,0.5,1.0,1.0,0.5,0.5,0.5,0.0,0.0,1.0,1.0,1.0,0.0,0.228,1.0,0.2,0.0,1.0,1.0,1.0,0.0,1.0
0.0,0.5,0.0,0.5,0.4,0.5,0.0,0.4,0.83333,0.0,0.5,0.0,1.0,0.04,0.24,0.0,0.99348,1.0,1.0,0.5,1.0,1.0,0.0,0.0001,0.00025,0.75,0.0,0.0,0.33333,0.0,0.5647,1.0,1.0,0.0,1.0,1.0,0.5,0.5,0.5,1.0,1.0,0.5,0.5,0.5,0.0,0.0,1.0,1.0,1.0,0.0,0.228,1.0,0.2,0.0,1.0,1.0,1.0,0.0,1.0
1.0,0.5,1.0,0.5,0.4,0.5,0.0,0.4,0.86667,0.0,0.5,0.0,1.0,0.04,0.24,0.0,0.99502,1.0,1.0,0.5,1.0,1.0,0.0,0.0001,0.00025,0.75,0.0,0.0,0.33333,0.0,0.56548,1.0,1.0,0.0,1.0,1.0,0.5,0.5,0.5,1.0,1.0,0.5,0.5,0.5,0.0,0.0,1.0,1.0,1.0,0.0,0.228,1.0,0.2,0.0,1.0,1.0,1.0,0.0,1.0
0.0,0.5,0.0,0.5,0.4,0.5,0.0,0.4,0.9,0.0,0.5,0.0,1.0,0.04,0.24,0.0,0.99618,1.0,1.0,0.5,1.0,1.0,0.0,0.0001,0.00025,0.75,0.0,0.0,0.33333,0.0,0.56625,1.0,1.0,0.0,1.0,1.0,0.5,0.5,0.5,1.0,1.0,0.5,0.5,0.5,0.0,0.0,1.0,1.0,1.0,0.0,0.228,1.0,0.2,0.0,1.0,1.0,1.0,0.0,1.0
0.0,0.5,0.0,0.5,0.4,0.5,0.0,0.4,0.93333,0.0,0.5,0.0,1.0,0.04,0.24,0.0,0.99698,1.0,1.0,0.5,1.0,1.0,0.0,0.0001,0.00025,0.75,0.0,0.0,0.33333,0.0,0.56697,1.0,1.0,0.0,1.0,1.0,0.5,0.5,0.5,1.0,1.0,0.5,0.5,0.5,0.0,0.0,1.0,1.0,1.0,0.0,0.228,1.0,0.2,0.0,1.0,1.0,1.0,0.0,1.0
1.0,0.5,1.0,0.5,0.4,0.5,0.0,0.4,0.96667,0.0,0.5,0.0,1.0,0.04,0.24,0.0,0.99753,1.0,1.0,0.5,1.0,1.0,0.0,0.0001,0.00025,0.75,0.0,0.0,0.33333,0.0,0.56761,1.0,1.0,0.0,1.0,1.0,0.5,0.5,0.5,1.0,1.0,0.5,0.5,0.5,0.0,0.0,1.0,1.0,1.0,0.0,0.228,1.0,0.2,0.0,1.0,1.0,1.0,0.0,1.0
0.0,0.5,0.0,0.5,0.4,0.5,0.0,0.4,1.0,0.0,0.5,0.0,1.0,0.04,0.24,0.0,0.99794,1.0,1.0,0.5,1.0,1.0,0.0,0.0001,0.00025,0.75,0.0,0.0,0.33333,0.0,0.56817,1.0,1.0,0.0,1.0,1.0,0.5,0.5,0.5,1.0,1.0,0.5,0.5,0.5,0.0,0.0,1.0,1.0,1.0,0.0,0.228,1.0,0.2,0.0,1.0,1.0,1.0,0.0,1.0
0.5,0.5,0.5,0.5,0.5,0.5,0.28958,0.8,0.3,0.0,0.5,0.0,0.0,0.36,0.08,0.98249,0.0,1.0,1.0,0.6,1.0,0.5,1.0,0.82984,1.0,0.25,1.0,1.0,1.0,0.0,1.0,0.75,0.5,0.7,1.0,1.0,0.5,0.5,0.5,1.0,1.0,0.5,0.5,0.5,0.0,0.0,1.0,1.0,1.0,0.5,0.5,1.0,0.2,1.0,1.0,1.0,1.0,1.0,0.5
0.0,0.0,1.0,1.0,0.8,0.8,0.29033,0.8,0.36667,0.0,0.5,0.0,0.0,0.28,0.08,0.98575,0.0,1.0,1.0,0.6,1.0,1.0,1.0,0.8313,1.0,0.25,1.0,1.0,1.0,0.0,1.0,0.75,1.0,0.7,1.0,1.0,0.5,0.5,0.5,1.0,1.0,0.5,0.5,0.5,0.0,0.0,1.0,1.0,1.0,0.5,0.5,1.0,0.2,1.0,1.0,1.0,1.0,1.0,0.75
0.0,0.5,1.0,0.5,0.8,0.5,0.29037,0.8,0.4,0.0,0.5,0.0,1.0,0.28,0.08,0.97865,0.0,0.9,1.0,0.7,1.0,0.9,0.0,0.52697,1.0,0.0,1.0,1.0,1.0,0.0,1.0,1.0,1.0,0.7,1.0,1.0,0.5,0.5,0.5,1.0,1.0,0.5,0.5,0.5,0.0,0.0,1.0,1.0,1.0,0.5,0.5,1.0,0.2,1.0,1.0,1.0,1.0,1.0,0.75
0.0,0.5,1.0,0.5,0.8,0.5,0.29038,0.8,0.43333,0.0,0.5,0.0,1.0,0.24,0.08,0.97288,0.0,1.0,1.0,0.7,1.0,1.0,1.0,0.52701,1.0,0.0,1.0,1.0,1.0,0.0,1.0,1.0,1.0,0.7,1.0,1.0,0.5,0.5,0.5,1.0,1.0,0.5,0.5,0.5,0.0,0.0,1.0,1.0,1.0,0.5,0.5,1.0,0.2,1.0,1.0,1.0,1.0,1.0,0.75
0.0,1.0,1.0,1.0,0.8,0.8,0.30467,0.8,0.53333,0.0,0.5,0.0,0.0,0.2,0.12,0.0,0.98786,1.0,0.8,0.7,1.0,0.7,1.0,0.80051,1.0,0.5,1.0,1.0,1.0,0.0,1.0,0.5,0.75,0.7,1.0,1.0,0.5,0.5,0.5,1.0,1.0,0.5,0.5,0.5,0.0,0.0,1.0,1.0,1.0,1.0,0.78161,0.3,0.4,1.0,1.0,1.0,1.0,0.0,0.75
0.0,0.5,0.0,0.5,0.6,0.5,0.25631,0.6,0.56667,0.0,0.5,0.0,1.0,0.16,0.12,0.0,0.95257,1.0,0.8,0.7,1.0,1.0,0.0,0.76667,1.0,0.5,0.9359,0.87952,0.0,0.0,0.5,1.0,1.0,0.7,1.0,1.0,0.5,0.5,0.5,1.0,1.0,0.5,0.5,0.5,0.0,0.0,1.0,1.0,1.0,1.0,0.78161,0.3,0.4,1.0,0.0,1.0,1.0,1.0,1.0
0.0,0.0,0.0,0.0,0.6,0.6,0.13722,0.6,0.86667,0.0,0.5,0.0,0.0,0.12,0.16,0.99207,0.0,1.0,0.8,0.8,1.0,1.0,1.0,0.82157,1.0,0.5,0.54762,0.37705,0.0,0.0,0.5,0.5,1.0,0.7,1.0,1.0,0.5,0.5,0.5,1.0,1.0,0.5,0.5,0.5,0.0,0.0,1.0,1.0,1.0,1.0,0.20647,1.0,0.2,0.0,1.0,0.0,1.0,0.0,1.0
0.0,0.0,0.0,0.0,0.6,0.6,0.1372,0.6,0.93333,0.0,0.5,0.0,0.0,0.12,0.16,0.99485,0.0,1.0,0.8,0.8,1.0,1.0,1.0,0.82169,1.0,0.5,0.54761,0.37704,0.0,0.0,0.5,0.5,1.0,0.7,1.0,1.0,0.5,0.5,0.5,1.0,1.0,0.5,0.5,0.5,0.0,0.0,1.0,1.0,1.0,1.0,0.20647,1.0,0.2,0.0,1.0,0.0,1.0,0.0,0.5
0.0,0.0,0.0,0.0,0.6,0.6,0.1372,0.6,1.0,0.0,0.5,0.0,0.0,0.12,0.16,0.99661,0.0,1.0,0.8,0.8,1.0,1.0,1.0,0.82171,1.0,0.5,0.54761,0.37704,0.0,0.0,0.5,0.5,1.0,0.7,1.0,1.0,0.5,0.5,0.5,1.0,1.0,0.5,0.5,0.5,0.0,0.0,1.0,1.0,1.0,1.0,0.20647,1.0,0.2,0.0,1.0,0.0,1.0,0.0,0.5
0.5,0.5,0.5,0.5,0.5,0.5,0.33548,1.0,0.13333,0.0,0.5,0.0,0.0,0.32,0.04,0.79074,0.0,1.0,0.8,1.0,1.0,0.5,1.0,0.70343,1.0,0.0,1.0,1.0,1.0,0.0,1.0,0.75,0.5,0.7,1.0,1.0,0.5,0.5,0.5,1.0,1.0,0.5,0.5,0.5,0.0,0.0,1.0,1.0,1.0,1.0,1.0,1.0,0.2,1.0,1.0,0.0,1.0,1.0,0.5
1.0,1.0,1.0,1.0,1.0,1.0,0.41735,1.0,0.2,0.0,0.5,0.0,0.0,0.24,0.08,0.94052,0.0,0.8,1.0,1.0,1.0,0.8,1.0,0.91514,1.0,0.0,1.0,1.0,1.0,0.0,1.0,1.0,1.0,0.7,1.0,1.0,0.5,0.5,0.5,1.0,1.0,0.5,0.5,0.5,0.0,0.0,1.0,1.0,1.0,1.0,1.0,1.0,0.2,1.0,1.0,0.0,1.0,0.0,1.0
0.0,0.0,1.0,1.0,1.0,1.0,0.44149,1.0,0.26667,0.0,0.5,0.0,0.0,0.2,0.12,0.0,0.99404,1.0,1.0,1.0,1.0,1.0,0.0,0.80331,1.0,0.0,1.0,1.0,1.0,0.0,1.0,1.0,1.0,0.7,1.0,1.0,0.5,0.5,0.5,1.0,1.0,0.5,0.5,0.5,0.0,0.0,1.0,1.0,1.0,1.0,0.83355,1.0,0.2,1.0,1.0,0.0,1.0,0.0,1.0
1.0,0.5,1.0,0.5,1.0,0.5,0.45627,1.0,0.3,0.0,0.5,0.0,1.0,0.12,0.12,0.99873,0.0,1.0,1.0,1.0,1.0,1.0,0.0,0.73843,1.0,0.0,1.0,1.0,1.0,0.0,1.0,1.0,1.0,0.7,1.0,1.0,0.5,0.5,0.5,1.0,1.0,0.5,0.5,0.5,0.0,0.0,1.0,1.0,1.0,1.0,0.83355,1.0,0.2,1.0,1.0,0.0,1.0,1.0,1.0
1.0,0.5,1.0,0.5,1.0,0.5,0.46446,1.0,0.33333,0.0,0.5,0.0,1.0,0.12,0.12,0.99705,0.0,1.0,1.0,1.0,1.0,1.0,0.0,0.70368,1.0,0.0,1.0,1.0,1.0,0.0,1.0,1.0,1.0,0.7,1.0,1.0,0.5,0.5,0.5,1.0,1.0,0.5,0.5,0.5,0.0,0.0,1.0,1.0,1.0,1.0,0.83355,1.0,0.2,1.0,1.0,0.0,1.0,1.0,1.0
0.0,1.0,1.0,1.0,1.0,1.0,0.50154,1.0,0.46667,0.0,0.5,0.0,0.0,0.12,0.12,0.0,0.99338,1.0,1.0,1.0,1.0,1.0,1.0,0.55672,1.0,0.0,1.0,1.0,1.0,0.0,1.0,1.0,1.0,0.7,1.0,1.0,0.5,0.5,0.5,1.0,1.0,0.5,0.5,0.5,0.0,0.0,1.0,1.0,1.0,1.0,0.78079,1.0,0.2,1.0,1.0,0.0,1.0,1.0,1.0
0.5,0.5,0.5,0.5,0.5,0.5,0.23102,0.8,0.06667,0.0,0.5,0.0,0.0,0.36,0.0,0.5,0.5,0.9,0.8,1.0,1.0,0.5,1.0,0.98682,1.0,0.25,1.0,1.0,1.0,0.0,1.0,0.75,0.5,0.7,1.0,1.0,0.5,0.5,0.5,1.0,1.0,0.5,0.5,0.5,0.5,0.5,1.0,1.0,1.0,0.5,0.5,0.3,0.4,1.0,1.0,1.0,1.0,0.0,0.5
0.0,0.0,0.0,0.0,0.6,0.4,0.2268,0.8,0.5,0.0,0.5,0.0,0.0,0.24,0.0,0.98006,0.0,1.0,1.0,1.0,1.0,0.9,1.0,0.32149,0.80373,0.0,1.0,1.0,1.0,0.0,1.0,0.75,0.75,0.7,1.0,1.0,0.5,0.5,0.5,1.0,1.0,0.5,0.5,0.5,0.0,0.0,1.0,1.0,1.0,0.5,0.5,1.0,0.2,1.0,1.0,1.0,1.0,1.0,1.0
0.0,0.5,1.0,0.5,0.8,0.5,0.22681,0.8,0.53333,0.0,0.5,0.0,1.0,0.2,0.0,0.98154,0.0,1.0,1.0,1.0,1.0,1.0,1.0,0.32152,0.80381,0.0,1.0,1.0,1.0,0.0,1.0,1.0,1.0,0.7,1.0,1.0,0.5,0.5,0.5,1.0,1.0,0.5,0.5,0.5,0.0,0.0,1.0,1.0,1.0,0.5,0.5,1.0,0.2,1.0,1.0,1.0,1.0,1.0,1.0
0.0,0.5,1.0,0.5,0.8,0.5,0.22682,0.8,0.56667,0.0,0.5,0.0,1.0,0.2,0.0,0.98416,0.0,1.0,1.0,1.0,1.0,1.0,1.0,0.32153,0.80384,0.0,1.0,1.0,1.0,0.0,1.0,1.0,1.0,0.7,1.0,1.0,0.5,0.5,0.5,1.0,1.0,0.5,0.5,0.5,0.0,0.0,1.0,1.0,1.0,0.5,0.5,1.0,0.2,1.0,1.0,1.0,1.0,1.0,1.0
0.0,0.5,1.0,0.5,0.8,0.5,0.22682,0.8,0.6,0.0,0.5,0.0,1.0,0.2,0.0,0.98717,0.0,1.0,1.0,1.0,1.0,1.0,1.0,0.32154,0.80385,0.0,1.0,1.0,1.0,0.0,1.0,1.0,1.0,0.7,1.0,1.0,0.5,0.5,0.5,1.0,1.0,0.5,0.5,0.5,0.0,0.0,1.0,1.0,1.0,0.5,0.5,1.0,0.2,1.0,1.0,1.0,1.0,1.0,1.0
0.0,0.5,1.0,0.5,0.8,0.5,0.22682,0.8,0.63333,0.0,0.5,0.0,1.0,0.2,0.0,0.98982,0.0,1.0,1.0,1.0,1.0,1.0,1.0,0.32154,0.80385,0.0,1.0,1.0,1.0,0.0,1.0,1.0,1.0,0.7,1.0,1.0,0.5,0.5,0.5,1.0,1.0,0.5,0.5,0.5,0.0,0.0,1.0,1.0,1.0,0.5,0.5,1.0,0.2,1.0,1.0,1.0,1.0,1.0,1.0
0.0,0.5,1.0,0.5,0.8,0.5,0.22682,0.8,0.66667,0.0,0.5,0.0,1.0,0.2,0.0,0.99189,0.0,1.0,1.0,1.0,1.0,1.0,1.0,0.32154,0.80385,0.0,1.0,1.0,1.0,0.0,1.0,1.0,1.0,0.7,1.0,1.0,0.5,0.5,0.5,1.0,1.0,0.5,0.5,0.5,0.0,0.0,1.0,1.0,1.0,0.5,0.5,1.0,0.2,1.0,1.0,1.0,1.0,1.0,1.0
0.0,0.5,1.0,0.5,0.8,0.5,0.22682,0.8,0.7,0.0,0.5,0.0,1.0,0.2,0.0,0.99353,0.0,1.0,1.0,1.0,1.0,1.0,1.0,0.32154,0.80385,0.0,1.0,1.0,1.0,0.0,1.0,1.0,1.0,0.7,1.0,1.0,0.5,0.5,0.5,1.0,1.0,0.5,0.5,0.5,0.0,0.0,1.0,1.0,1.0,0.5,0.5,1.0,0.2,1.0,1.0,1.0,1.0,1.0,1.0
0.0,0.5,1.0,0.5,0.8,0.5,0.22682,0.8,0.73333,0.0,0.5,0.0,1.0,0.2,0.0,0.99482,0.0,1.0,1.0,1.0,1.0,1.0,1.0,0.32154,0.80385,0.0,1.0,1.0,1.0,0.0,1.0,1.0,1.0,0.7,1.0,1.0,0.5,0.5,0.5,1.0,1.0,0.5,0.5,0.5,0.0,0.0,1.0,1.0,1.0,0.5,0.5,1.0,0.2,1.0,1.0,1.0,1.0,1.0,1.0
0.0,0.5,1.0,0.5,0.8,0.5,0.22682,0.8,0.76667,0.0,0.5,0.0,1.0,0.2,0.0,0.99584,0.0,1.0,1.0,1.0,1.0,1.0,1.0,0.32154,0.80385,0.0,1.0,1.0,1.0,0.0,1.0,1.0,1.0,0.7,1.0,1.0,0.5,0.5,0.5,1.0,1.0,0.5,0.5,0.5,0.0,0.0,1.0,1.0,1.0,0.5,0.5,1.0,0.2,1.0,1.0,1.0,1.0,1.0,1.0
0.0,0.5,1.0,0.5,0.8,0.5,0.22682,0.8,0.8,0.0,0.5,0.0,1.0,0.2,0.0,0.99666,0.0,1.0,1.0,1.0,1.0,1.0,1.0,0.32154,0.80385,0.0,1.0,1.0,1.0,0.0,1.0,1.0,1.0,0.7,1.0,1.0,0.5,0.5,0.5,1.0,1.0,0.5,0.5,0.5,0.0,0.0,1.0,1.0,1.0,0.5,0.5,1.0,0.2,1.0,1.0,1.0,1.0,1.0,1.0
0.0,0.5,1.0,0.5,0.8,0.5,0.22682,0.8,0.83333,0.0,0.5,0.0,1.0,0.2,0.0,0.99732,0.0,1.0,1.0,1.0,1.0,1.0,1.0,0.32154,0.80385,0.0,1.0,1.0,1.0,0.0,1.0,1.0,1.0,0.7,1.0,1.0,0.5,0.5,0.5,1.0,1.0,0.5,0.5,0.5,0.0,0.0,1.0,1.0,1.0,0.5,0.5,1.0,0.2,1.0,1.0,1.0,1.0,1.0,1.0
0.0,0.5,1.0,0.5,0.8,0.5,0.22682,0.8,0.86667,0.0,0.5,0.0,1.0,0.2,0.0,0.99784,0.0,1.0,1.0,1.0,1.0,1.0,1.0,0.32154,0.80385,0.0,1.0,1.0,1.0,0.0,1.0,1.0,1.0,0.7,1.0,1.0,0.5,0.5,0.5,1.0,1.0,0.5,0.5,0.5,0.0,0.0,1.0,1.0,1.0,0.5,0.5,1.0,0.2,1.0,1.0,1.0,1.0,1.0,1.0
0.0,0.5,1.0,0.5,0.8,0.5,0.22682,0.8,0.9,0.0,0.5,0.0,1.0,0.2,0.0,0.99826,0.0,1.0,1.0,1.0,1.0,1.0,1.0,0.32154,0.80385,0.0,1.0,1.0,1.0,0.0,1.0,1.0,1.0,0.7,1.0,1.0,0.5,0.5,0.5,1.0,1.0,0.5,0.5,0.5,0.0,0.0,1.0,1.0,1.0,0.5,0.5,1.0,0.2,1.0,1.0,1.0,1.0,1.0,1.0
0.0,0.5,1.0,0.5,0.8,0.5,0.22682,0.8,0.93333,0.0,0.5,0.0,1.0,0.2,0.0,0.9986,0.0,1.0,1.0,1.0,1.0,1.0,1.0,0.32154,0.80385,0.0,1.0,1.0,1.0,0.0,1.0,1.0,1.0,0.7,1.0,1.0,0.5,0.5,0.5,1.0,1.0,0.5,0.5,0.5,0.0,0.0,1.0,1.0,1.0,0.5,0.5,1.0,0.2,1.0,1.0,1.0,1.0,1.0,1.0
0.0,0.5,1.0,0.5,0.8,0.5,0.22682,0.8,0.96667,0.0,0.5,0.0,1.0,0.2,0.0,0.99887,0.0,1.0,1.0,1.0,1.0,1.0,1.0,0.32154,0.80385,0.0,1.0,1.0,1.0,0.0,1.0,1.0,1.0,0.7,1.0,1.0,0.5,0.5,0.5,1.0,1.0,0.5,0.5,0.5,0.0,0.0,1.0,1.0,1.0,0.5,0.5,1.0,0.2,1.0,1.0,1.0,1.0,1.0,1.0
0.0,0.5,1.0,0.5,0.8,0.5,0.22682,0.8,1.0,0.0,0.5,0.0,1.0,0.2,0.0,0.99909,0.0,1.0,1.0,1.0,1.0,1.0,1.0,0.32154,0.80385,0.0,1.0,1.0,1.0,0.0,1.0,1.0,1.0,0.7,1.0,1.0,0.5,0.5,0.5,1.0,1.0,0.5,0.5,0.5,0.0,0.0,1.0,1.0,1.0,0.5,0.5,1.0,0.2,1.0,1.0,1.0,1.0,1.0,1.0
0.0,0.5,1.0,0.5,0.8,0.5,0.22682,0.8,0.0,0.96774,0.5,0.0,1.0,0.2,0.0,0.99926,0.0,1.0,1.0,1.0,1.0,1.0,1.0,0.32154,0.80385,0.0,1.0,1.0,1.0,0.0,1.0,1.0,1.0,0.7,1.0,1.0,0.5,0.5,0.5,1.0,1.0,0.5,0.5,0.5,0.0,0.0,1.0,1.0,1.0,0.5,0.5,1.0,0.2,1.0,1.0,1.0,1.0,1.0,1.0
0.0,0.5,1.0,0.5,0.8,0.5,0.22682,0.8,0.0,0.9375,0.5,0.0,1.0,0.2,0.0,0.99941,0.0,1.0,1.0,1.0,1.0,1.0,1.0,0.32154,0.80385,0.0,1.0,1.0,1.0,0.0,1.0,1.0,1.0,0.7,1.0,1.0,0.5,0.5,0.5,1.0,1.0,0.5,0.5,0.5,0.0,0.0,1.0,1.0,1.0,0.5,0.5,1.0,0.2,1.0,1.0,1.0,1.0,1.0,1.0
0.0,0.5,1.0,0.5,0.8,0.5,0.22682,0.8,0.0,0.90909,0.5,0.0,1.0,0.2,0.0,0.99952,0.0,1.0,1.0,1.0,1.0,1.0,1.0,0.32154,0.80385,0.0,1.0,1.0,1.0,0.0,1.0,1.0,1.0,0.7,1.0,1.0,0.5,0.5,0.5,1.0,1.0,0.5,0.5,0.5,0.0,0.0,1.0,1.0,1.0,0.5,0.5,1.0,0.2,1.0,1.0,1.0,1.0,1.0,1.0
0.0,0.5,1.0,0.5,0.8,0.5,0.22682,0.8,0.0,0.88235,0.5,0.0,1.0,0.2,0.0,0.99961,0.0,1.0,1.0,1.0,1.0,1.0,1.0,0.32154,0.80385,0.0,1.0,1.0,1.0,0.0,1.0,1.0,1.0,0.7,1.0,1.0,0.5,0.5,0.5,1.0,1.0,0.5,0.5,0.5,0.0,0.0,1.0,1.0,1.0,0.5,0.5,1.0,0.2,1.0,1.0,1.0,1.0,1.0,1.0
0.0,0.5,1.0,0.5,0.8,0.5,0.22682,0.8,0.0,0.85714,0.5,0.0,1.0,0.2,0.0,0.99969,0.0,1.0,1.0,1.0,1.0,1.0,1.0,0.32154,0.80385,0.0,1.0,1.0,1.0,0.0,1.0,1.0,1.0,0.7,1.0,1.0,0.5,0.5,0.5,1.0,1.0,0.5,0.5,0.5,0.0,0.0,1.0,1.0,1.0,0.5,0.5,1.0,0.2,1.0,1.0,1.0,1.0,1.0,1.0
0.0,0.5,1.0,0.5,0.8,0.5,0.22682,0.8,0.0,0.83333,0.5,0.0,1.0,0.2,0.0,0.99975,0.0,1.0,1.0,1.0,1.0,1.0,1.0,0.32154,0.80385,0.0,1.0,1.0,1.0,0.0,1.0,1.0,1.0,0.7,1.0,1.0,0.5,0.5,0.5,1.0,1.0,0.5,0.5,0.5,0.0,0.0,1.0,1.0,1.0,0.5,0.5,1.0,0.2,1.0,1.0,1.0,1.0,1.0,1.0
0.0,0.5,1.0,0.5,0.8,0.5,0.22682,0.8,0.0,0.81081,0.5,0.0,1.0,0.2,0.0,0.9998,0.0,1.0,1.0,1.0,1.0,1.0,1.0,0.32154,0.80385,0.0,1.0,1.0,1.0,0.0,1.0,1.0,1.0,0.7,1.0,1.0,0.5,0.5,0.5,1.0,1.0,0.5,0.5,0.5,0.0,0.0,1.0,1.0,1.0,0.5,0.5,1.0,0.2,1.0,1.0,1.0,1.0,1.0,1.0
0.0,0.5,1.0,0.5,0.8,0.5,0.22682,0.8,0.0,0.78947,0.5,0.0,1.0,0.2,0.0,0.99984,0.0,1.0,1.0,1.0,1.0,1.0,1.0,0.32154,0.80385,0.0,1.0,1.0,1.0,0.0,1.0,1.0,1.0,0.7,1.0,1.0,0.5,0.5,0.5,1.0,1.0,0.5,0.5,0.5,0.0,0.0,1.0,1.0,1.0,0.5,0.5,1.0,0.2,1.0,1.0,1.0,1.0,1.0,1.0
0.0,0.5,1.0,0.5,0.8,0.5,0.22682,0.8,0.0,0.76923,0.5,0.0,1.0,0.2,0.0,0.99987,0.0,1.0,1.0,1.0,1.0,1.0,1.0,0.32154,0.80385,0.0,1.0,1.0,1.0,0.0,1.0,1.0,1.0,0.7,1.0,1.0,0.5,0.5,0.5,1.0,1.0,0.5,0.5,0.5,0.0,0.0,1.0,1.0,1.0,0.5,0.5,1.0,0.2,1.0,1.0,1.0,1.0,1.0,1.0
0.0,0.5,1.0,0.5,0.8,0.5,0.22682,0.8,0.0,0.75,0.5,0.0,1.0,0.2,0.0,0.99989,0.0,1.0,1.0,1.0,1.0,1.0,1.0,0.32154,0.80385,0.0,1.0,1.0,1.0,0.0,1.0,1.0,1.0,0.7,1.0,1.0,0.5,0.5,0.5,1.0,1.0,0.5,0.5,0.5,0.0,0.0,1.0,1.0,1.0,0.5,0.5,1.0,0.2,1.0,1.0,1.0,1.0,1.0,1.0
0.5,0.5,0.5,0.5,0.5,0.5,0.01622,0.2,0.03333,0.0,0.5,0.0,0.0,0.2,0.0,0.5,0.5,0.5,0.5,0.5,0.5,0.5,0.5,0.0,0.0,0.75,0.09375,0.04813,0.0,0.0,0.0,0.5,0.5,0.5,1.0,1.0,0.5,0.5,0.5,1.0,1.0,0.5,0.5,0.5,0.5,0.5,1.0,0.5,0.5,0.5,0.5,0.5,0.8,1.0,1.0,1.0,1.0,0.5,0.5
1.0,1.0,1.0,1.0,0.2,0.2,0.01693,0.2,0.2,0.0,0.5,0.0,0.0,0.44,0.0,1.0,0.0,0.4,0.4,1.0,1.0,0.6,1.0,0.90497,1.0,0.25,0.15167,0.06317,0.0,1.0,0.97905,0.75,0.75,0.7,1.0,1.0,0.5,0.5,0.5,1.0,1.0,0.5,0.5,0.5,0.0,0.0,1.0,1.0,1.0,0.5,0.5,0.3,0.6,1.0,1.0,1.0,1.0,1.0,1.0
0.0,0.0,0.0,0.0,0.2,0.2,0.00536,0.2,0.4,0.0,0.5,0.0,0.0,0.32,0.04,0.94542,0.0,1.0,1.0,1.0,1.0,1.0,0.0,0.66487,1.0,0.25,0.10629,0.04464,0.0,0.0,0.73954,0.5,1.0,0.7,1.0,1.0,0.5,0.5,0.5,1.0,1.0,0.5,0.5,0.5,0.0,0.0,1.0,1.0,1.0,0.06831,1.0,0.3,0.6,1.0,0.0,1.0,1.0,1.0,1.0
0.0,0.0,0.0,0.0,0.2,0.2,0.00252,0.2,0.63333,0.0,0.5,0.0,0.0,0.16,0.04,0.0,0.99958,1.0,0.8,1.0,1.0,0.8,1.0,0.56711,1.0,0.5,0.07399,0.03842,0.0,0.0,0.9738,0.75,0.75,0.7,1.0,1.0,0.5,0.5,0.5,1.0,1.0,0.5,0.5,0.5,0.0,0.0,1.0,1.0,1.0,0.06831,1.0,1.0,0.2,0.0,1.0,0.0,1.0,0.0,1.0
0.0,0.0,0.0,0.0,0.2,0.2,0.00238,0.2,0.73333,0.0,0.5,0.0,0.0,0.24,0.04,0.0,0.99943,1.0,1.0,1.0,1.0,1.0,1.0,0.62728,1.0,0.5,0.04188,0.02139,0.0,0.0,0.95847,0.75,1.0,0.7,1.0,1.0,0.5,0.5,0.5,1.0,1.0,0.5,0.5,0.5,0.0,0.0,1.0,1.0,1.0,0.06831,1.0,1.0,0.2,0.0,1.0,0.0,1.0,0.0,0.25
0.0,0.5,0.0,0.5,0.2,0.5,0.00236,0.2,0.76667,0.0,0.5,0.0,1.0,0.24,0.04,0.0,0.99791,1.0,1.0,1.0,1.0,1.0,1.0,0.67372,1.0,0.5,0.03161,0.01606,0.0,0.0,0.9555,1.0,1.0,0.7,1.0,1.0,0.5,0.5,0.5,1.0,1.0,0.5,0.5,0.5,0.0,0.0,1.0,1.0,1.0,0.06831,1.0,1.0,0.2,0.0,1.0,0.0,1.0,0.0,0.25
0.0,0.5,0.0,0.5,0.2,0.5,0.00231,0.2,0.8,0.0,0.5,0.0,1.0,0.28,0.04,0.0,0.99558,0.8,1.0,1.0,1.0,0.8,1.0,0.76245,1.0,0.25,0.01189,0.00407,0.0,0.0,0.66667,1.0,0.25,0.7,1.0,1.0,0.5,0.5,0.5,1.0,1.0,0.5,0.5,0.5,0.0,0.0,1.0,1.0,1.0,0.06831,1.0,1.0,0.2,0.0,1.0,0.0,1.0,0.0,0.25
0.0,0.0,0.0,0.0,0.2,0.2,0.00134,0.2,0.0,0.85714,0.5,0.0,0.0,0.2,0.04,0.99825,0.0,1.0,0.9,1.0,1.0,0.7,0.0,0.92003,1.0,0.25,0.00795,0.00399,0.0,0.0,0.9457,1.0,0.25,0.7,1.0,1.0,0.5,0.5,0.5,1.0,1.0,0.5,0.5,0.5,0.0,0.0,1.0,1.0,1.0,0.06831,1.0,1.0,0.2,0.0,1.0,0.0,1.0,0.0,0.25
0.5,0.5,0.5,0.5,0.5,0.5,0.05166,0.4,0.16667,0.0,0.5,0.0,0.0,0.48,0.0,0.9827,0.0,1.0,1.0,1.0,1.0,0.5,0.0,0.79256,1.0,0.25,0.59764,0.27553,0.5,0.0,0.88544,0.75,0.5,0.7,1.0,1.0,0.5,0.5,0.5,1.0,1.0,0.5,0.5,0.5,0.0,0.0,1.0,1.0,1.0,0.5,0.5,0.3,0.6,1.0,0.0,1.0,1.0,1.0,0.5
0.0,0.5,0.0,0.5,0.4,0.5,0.04563,0.4,0.2,0.0,0.5,0.0,1.0,0.48,0.0,0.98611,0.0,1.0,1.0,1.0,1.0,1.0,0.0,0.77131,1.0,0.25,0.56447,0.25667,0.5,0.0,0.86703,1.0,1.0,0.7,1.0,1.0,0.5,0.5,0.5,1.0,1.0,0.5,0.5,0.5,0.0,0.0,1.0,1.0,1.0,0.5,0.5,0.6,0.4,0.5,1.0,1.0,1.0,1.0,1.0
0.0,1.0,0.0,1.0,0.4,0.4,0.04943,0.4,0.33333,0.0,0.5,0.0,0.0,0.32,0.0,0.98786,0.0,1.0,1.0,1.0,1.0,1.0,0.0,0.73462,1.0,0.25,0.6848,0.32177,0.5,0.0,0.91132,0.5,1.0,0.7,1.0,1.0,0.5,0.5,0.5,1.0,1.0,0.5,0.5,0.5,0.0,0.0,1.0,1.0,1.0,0.5,0.5,0.7,0.4,0.5,1.0,1.0,1.0,1.0,0.75
1.0,0.5,1.0,0.5,0.4,0.5,0.05769,0.4,0.36667,0.0,0.5,0.0,1.0,0.32,0.0,0.0,0.99589,1.0,1.0,1.0,1.0,1.0,1.0,0.75882,1.0,0.25,0.73215,0.35042,0.5,1.0,0.94888,1.0,1.0,0.7,1.0,1.0,0.5,0.5,0.5,1.0,1.0,0.5,0.5,0.5,0.0,0.0,1.0,1.0,1.0,0.5,0.5,0.4,0.6,1.0,1.0,1.0,1.0,0.5,0.75
1.0,0.5,1.0,0.5,0.4,0.5,0.06378,0.4,0.4,0.0,0.5,0.0,1.0,0.32,0.0,0.0,0.99216,1.0,0.6,1.0,1.0,1.0,0.0,0.75476,1.0,0.25,0.80795,0.40924,0.5,0.0,0.99662,1.0,1.0,0.7,1.0,1.0,0.5,0.5,0.5,1.0,1.0,0.5,0.5,0.5,0.0,0.0,1.0,1.0,1.0,0.5,0.5,0.3,0.6,1.0,0.5,1.0,1.0,1.0,0.5
0.0,0.5,0.0,0.5,0.4,0.5,0.05847,0.4,0.43333,0.0,0.5,0.0,1.0,0.36,0.0,0.94494,0.0,0.6,1.0,1.0,1.0,0.6,0.0,0.34655,0.86637,0.25,0.55447,0.38357,0.0,0.0,1.0,1.0,0.75,0.7,1.0,1.0,0.5,0.5,0.5,1.0,1.0,0.5,0.5,0.5,0.0,0.0,1.0,1.0,1.0,0.5,0.5,0.3,0.4,1.0,1.0,1.0,1.0,1.0,1.0
0.0,0.5,0.0,0.5,0.4,0.5,0.05482,0.4,0.46667,0.0,0.5,0.0,1.0,0.4,0.0,0.92347,0.0,1.0,1.0,1.0,1.0,1.0,0.0,0.33749,0.84372,0.0,0.70779,0.3571,0.5,1.0,0.99631,1.0,0.75,0.7,1.0,1.0,0.5,0.5,0.5,1.0,1.0,0.5,0.5,0.5,0.0,0.0,1.0,1.0,1.0,0.5,0.5,0.3,0.6,1.0,0.5,1.0,1.0,0.5,1.0
1.0,0.5,1.0,0.5,0.4,0.5,0.07531,0.4,0.5,0.0,0.5,0.0,1.0,0.56,0.0,0.0,0.99473,1.0,1.0,1.0,1.0,1.0,1.0,0.47546,1.0,0.0,0.81915,0.42472,0.5,0.0,0.99542,1.0,1.0,0.7,1.0,1.0,0.5,0.5,0.5,1.0,1.0,0.5,0.5,0.5,0.0,0.0,1.0,1.0,1.0,0.5,0.5,0.3,0.6,1.0,1.0,1.0,1.0,1.0,1.0
1.0,0.5,1.0,0.5,0.4,0.5,0.08307,0.4,0.53333,0.0,0.5,0.0,1.0,0.52,0.0,0.94317,0.0,1.0,1.0,1.0,1.0,1.0,1.0,0.51396,1.0,0.0,0.86909,0.46774,0.5,0.0,0.98952,1.0,1.0,0.7,1.0,1.0,0.5,0.5,0.5,1.0,1.0,0.5,0.5,0.5,0.0,0.0,1.0,1.0,1.0,0.5,0.5,0.3,0.6,1.0,1.0,1.0,1.0,1.0,1.0
1.0,0.5,1.0,0.5,0.4,0.5,0.09452,0.4,0.56667,0.0,0.5,0.0,1.0,0.48,0.0,0.92402,0.0,1.0,1.0,1.0,1.0,1.0,1.0,0.52383,1.0,0.0,0.97948,0.55907,0.5,0.0,0.98977,1.0,1.0,0.7,1.0,1.0,0.5,0.5,0.5,1.0,1.0,0.5,0.5,0.5,0.0,0.0,1.0,1.0,1.0,0.5,0.5,0.3,0.6,1.0,1.0,1.0,1.0,1.0,1.0
0.0,1.0,0.0,1.0,0.4,0.4,0.12982,0.4,0.9,0.0,0.5,0.0,0.0,0.48,0.0,0.97885,0.0,1.0,1.0,1.0,1.0,1.0,0.0,0.84448,1.0,0.0,1.0,0.71051,0.5,0.0,0.99083,1.0,1.0,0.7,1.0,1.0,0.5,0.5,0.5,1.0,1.0,0.5,0.5,0.5,0.0,0.0,1.0,1.0,1.0,0.5,0.5,0.3,0.6,1.0,1.0,1.0,1.0,1.0,1.0
0.5,0.5,0.5,0.5,0.5,0.5,0.25632,0.8,0.03333,0.0,0.5,0.0,0.0,0.2,0.0,0.5,0.5,0.5,0.5,0.5,0.5,0.5,0.5,0.0,0.0,0.25,0.86585,0.76344,0.0,0.0,0.0,0.5,0.5,0.5,1.0,1.0,0.5,0.5,0.5,1.0,1.0,0.5,0.5,0.5,0.5,0.5,1.0,0.5,0.5,0.5,0.5,0.5,0.4,1.0,1.0,1.0,1.0,0.5,0.5
0.0,0.0,0.0,0.0,0.8,0.8,0.20341,0.8,0.13333,0.0,0.5,0.0,0.0,0.24,0.0,0.98956,0.0,0.9,0.9,1.0,1.0,1.0,0.0,0.2586,0.64651,0.0,1.0,1.0,1.0,0.0,1.0,0.75,0.75,0.7,1.0,1.0,0.5,0.5,0.5,1.0,1.0,0.5,0.5,0.5,0.0,0.0,1.0,1.0,1.0,0.5,0.5,1.0,0.2,1.0,1.0,1.0,1.0,1.0,1.0
0.5,0.5,0.5,0.5,0.5,0.5,0.32021,0.8,0.1,0.0,0.5,0.0,0.0,0.32,0.0,0.9035,0.0,0.9,0.7,1.0,1.0,0.5,0.0,0.64084,1.0,0.0,1.0,1.0,1.0,0.0,1.0,0.75,0.5,0.7,1.0,1.0,0.5,0.5,0.5,1.0,1.0,0.5,0.5,0.5,0.0,0.0,1.0,1.0,1.0,0.5,0.5,1.0,0.2,1.0,1.0,1.0,1.0,1.0,0.5
0.0,0.0,1.0,0.0,0.8,0.8,0.31717,0.8,0.16667,0.0,0.5,0.0,0.0,0.32,0.04,0.65806,0.0,1.0,1.0,0.8,1.0,1.0,0.0,0.62875,1.0,0.0,1.0,1.0,1.0,0.0,1.0,0.75,1.0,0.7,1.0,1.0,0.5,0.5,0.5,1.0,1.0,0.5,0.5,0.5,0.0,0.0,1.0,1.0,1.0,0.5,0.5,1.0,0.2,1.0,1.0,1.0,1.0,1.0,1.0
0.0,0.0,0.0,0.0,0.8,0.8,0.29058,0.8,0.26667,0.0,0.5,0.0,0.0,0.28,0.08,0.93811,0.0,1.0,1.0,0.7,1.0,0.9,1.0,0.83686,1.0,0.5,1.0,1.0,1.0,0.0,1.0,0.5,0.75,0.7,1.0,1.0,0.5,0.5,0.5,1.0,1.0,0.5,0.5,0.5,0.0,0.0,1.0,1.0,1.0,0.0,0.2375,0.4,0.4,1.0,1.0,1.0,1.0,0.0,1.0
0.0,0.5,0.0,0.5,0.8,0.5,0.24092,0.8,0.3,0.0,0.5,0.0,1.0,0.28,0.08,0.0,0.97396,1.0,1.0,0.7,1.0,1.0,1.0,0.88783,1.0,0.5,1.0,1.0,1.0,0.0,1.0,1.0,1.0,0.7,1.0,1.0,0.5,0.5,0.5,1.0,1.0,0.5,0.5,0.5,0.0,0.0,1.0,1.0,1.0,0.0,0.2375,0.3,0.4,1.0,0.0,1.0,1.0,1.0,0.75
0.5,0.5,0.5,0.5,0.5,0.5,0.0,0.2,0.76667,0.0,0.5,0.0,0.0,0.2,0.08,0.9963,0.0,1.0,1.0,0.9,1.0,0.5,0.0,0.76084,1.0,0.25,0.0,0.0,0.0,0.0,0.5,1.0,0.5,0.0,1.0,1.0,0.5,0.5,0.5,1.0,1.0,0.5,0.5,0.5,0.0,0.0,1.0,1.0,1.0,0.5,0.5,1.0,0.2,0.0,1.0,1.0,1.0,0.0,0.5
0.0,1.0,0.0,1.0,0.2,0.2,0.0,0.2,0.83333,0.0,0.5,0.0,0.0,0.2,0.08,0.99714,0.0,1.0,1.0,0.9,1.0,1.0,0.0,0.76001,1.0,0.25,0.0,0.0,0.0,0.0,0.5,1.0,1.0,0.0,1.0,1.0,0.5,0.5,0.5,1.0,1.0,0.5,0.5,0.5,0.0,0.0,1.0,1.0,1.0,0.5,0.5,1.0,0.2,0.0,1.0,1.0,1.0,0.0,1.0
0.0,0.5,1.0,0.5,0.2,0.5,0.0,0.2,0.86667,0.0,0.5,0.0,1.0,0.2,0.08,0.99751,0.0,1.0,1.0,0.9,1.0,1.0,0.0,0.75991,1.0,0.25,0.0,0.0,0.0,0.0,0.5,1.0,1.0,0.0,1.0,1.0,0.5,0.5,0.5,1.0,1.0,0.5,0.5,0.5,0.0,0.0,1.0,1.0,1.0,0.5,0.5,1.0,0.2,0.0,1.0,1.0,1.0,0.0,1.0
0.0,0.5,1.0,0.5,0.2,0.5,0.0,0.2,0.9,0.0,0.5,0.0,1.0,0.2,0.08,0.99784,0.0,1.0,1.0,0.9,1.0,1.0,0.0,0.75988,1.0,0.25,0.0,0.0,0.0,0.0,0.5,1.0,1.0,0.0,1.0,1.0,0.5,0.5,0.5,1.0,1.0,0.5,0.5,0.5,0.0,0.0,1.0,1.0,1.0,0.5,0.5,1.0,0.2,0.0,1.0,1.0,1.0,0.0,1.0
1.0,0.5,1.0,0.5,0.2,0.5,0.0,0.2,0.93333,0.0,0.5,0.0,1.0,0.2,0.08,0.99824,0.0,1.0,1.0,0.9,1.0,1.0,0.0,0.75986,1.0,0.25,0.0,0.0,0.0,0.0,0.5,1.0,1.0,0.0,1.0,1.0,0.5,0.5,0.5,1.0,1.0,0.5,0.5,0.5,0.0,0.0,1.0,1.0,1.0,0.5,0.5,1.0,0.2,0.0,1.0,1.0,1.0,0.0,1.0
0.0,0.5,0.0,0.5,0.2,0.5,0.0,0.2,0.96667,0.0,0.5,0.0,1.0,0.16,0.08,0.99857,0.0,1.0,1.0,0.9,1.0,1.0,0.0,0.75986,1.0,0.25,0.0,0.0,0.0,0.0,0.5,1.0,1.0,0.0,1.0,1.0,0.5,0.5,0.5,1.0,1.0,0.5,0.5,0.5,0.0,0.0,1.0,1.0,1.0,0.5,0.5,1.0,0.2,0.0,1.0,1.0,1.0,0.0,1.0
1.0,0.5,1.0,0.5,0.2,0.5,0.0,0.2,1.0,0.0,0.5,0.0,1.0,0.16,0.08,0.99884,0.0,1.0,1.0,0.9,1.0,1.0,0.0,0.75985,1.0,0.25,0.0,0.0,0.0,0.0,0.5,1.0,1.0,0.0,1.0,1.0,0.5,0.5,0.5,1.0,1.0,0.5,0.5,0.5,0.0,0.0,1.0,1.0,1.0,0.5,0.5,1.0,0.2,0.0,1.0,1.0,1.0,0.0,1.0
0.0,0.0,0.0,0.0,0.2,0.2,0.0,0.2,0.0,0.88235,0.5,0.0,0.0,0.2,0.08,0.0,0.9963,1.0,1.0,0.9,1.0,1.0,0.0,0.75699,1.0,0.25,0.0,0.0,0.0,0.0,0.5,1.0,1.0,0.0,1.0,1.0,0.5,0.5,0.5,1.0,1.0,0.5,0.5,0.5,0.0,0.0,1.0,1.0,1.0,0.5,0.5,1.0,0.2,0.0,1.0,1.0,1.0,0.0,1.0
1.0,0.5,1.0,0.5,0.2,0.5,0.0,0.2,0.0,0.85714,0.5,0.0,1.0,0.16,0.08,0.99923,0.0,1.0,1.0,0.9,1.0,1.0,0.0,0.7569,1.0,0.25,0.0,0.0,0.0,0.0,0.5,1.0,1.0,0.0,1.0,1.0,0.5,0.5,0.5,1.0,1.0,0.5,0.5,0.5,0.0,0.0,1.0,1.0,1.0,0.5,0.5,1.0,0.2,0.0,1.0,1.0,1.0,0.0,1.0
0.0,0.0,0.0,0.0,0.2,0.2,0.0,0.2,0.0,0.81081,0.5,0.0,0.0,0.16,0.08,0.99554,0.0,1.0,1.0,0.9,1.0,1.0,0.0,0.75685,1.0,0.25,0.0,0.0,0.0,0.0,0.5,1.0,1.0,0.0,1.0,1.0,0.5,0.5,0.5,1.0,1.0,0.5,0.5,0.5,0.0,0.0,1.0,1.0,1.0,0.5,0.5,1.0,0.2,0.0,1.0,1.0,1.0,0.0,1.0
0.5,0.5,0.5,0.5,0.5,0.5,0.5926,1.0,0.0,0.81081,0.5,0.0,0.0,0.28,0.04,0.98361,0.0,0.9,0.9,0.9,1.0,0.5,0.0,0.26883,0.67208,0.0,1.0,1.0,1.0,0.0,1.0,1.0,0.5,0.7,1.0,1.0,0.5,0.5,0.5,1.0,1.0,0.5,0.5,0.5,0.0,0.0,1.0,1.0,1.0,1.0,0.90878,1.0,0.2,1.0,1.0,0.0,1.0,0.0,0.5
0.5,0.5,0.5,0.5,0.5,0.5,0.11085,0.4,0.26667,0.0,1.0,0.0,0.0,0.26,0.0,0.98926,0.0,1.0,1.0,1.0,1.0,0.5,0.0,0.78005,1.0,0.11111,1.0,0.77897,0.25,1.0,0.97938,0.88889,0.5,0.7,1.0,1.0,0.5,0.5,0.5,1.0,1.0,0.5,0.5,0.5,0.0,0.0,1.0,1.0,1.0,0.5,0.5,0.3,0.5,1.0,0.5,1.0,1.0,1.0,0.5
1.0,1.0,1.0,1.0,0.5,0.7,0.14266,0.9,0.36667,0.0,1.0,0.0,0.0,0.28,0.0,0.0,0.99106,1.0,1.0,1.0,1.0,1.0,0.0,0.71078,1.0,0.11111,1.0,0.985,0.75,1.0,0.98125,0.88889,1.0,0.7,1.0,1.0,0.5,0.5,0.5,1.0,1.0,0.5,0.5,0.5,0.0,0.0,1.0,1.0,1.0,0.5,0.5,0.3,0.5,1.0,1.0,1.0,1.0,0.0,1.0
0.0,1.0,0.0,0.0,0.7,0.8,0.12595,0.7,0.6,0.0,1.0,0.0,0.0,0.38,0.01,0.65536,0.0,1.0,1.0,1.0,1.0,1.0,0.0,0.7768,1.0,0.11111,1.0,0.67093,0.5,0.0,0.9612,0.77778,0.77778,0.7,1.0,1.0,0.5,0.5,0.5,1.0,1.0,0.5,0.5,0.5,0.0,0.0,1.0,1.0,1.0,0.5,0.5,0.3,0.5,1.0,0.5,1.0,1.0,0.75,1.0
0.5,0.5,0.5,0.5,0.5,0.5,0.18262,1.0,0.16667,0.0,1.0,0.0,0.0,0.28,0.03,0.89224,0.0,1.0,0.73333,1.0,1.0,0.5,0.0,0.93491,1.0,0.11111,1.0,1.0,1.0,0.0,0.8957,0.77778,0.5,0.7,1.0,1.0,0.5,0.5,0.5,1.0,1.0,0.5,0.5,0.5,0.0,0.0,1.0,1.0,1.0,0.5,0.5,0.3,0.3,1.0,1.0,0.0,1.0,0.0,0.5
1.0,0.5,0.0,0.5,0.9,0.5,0.18,0.9,0.2,0.0,1.0,0.0,1.0,0.3,0.04,0.96139,0.0,0.91111,0.82222,0.93333,1.0,0.91111,1.0,0.9396,1.0,0.11111,1.0,1.0,1.0,0.0,0.94626,1.0,0.77778,0.7,1.0,1.0,0.5,0.5,0.5,1.0,1.0,0.5,0.5,0.5,0.0,0.0,1.0,1.0,1.0,0.5,0.5,0.3,0.3,1.0,1.0,0.5,1.0,0.5,1.0
0.5,0.5,0.5,0.5,0.5,0.5,0.17008,0.8,0.46667,0.0,1.0,0.0,0.0,0.21,0.03,0.99947,0.0,1.0,1.0,0.88889,1.0,0.5,0.0,0.92473,1.0,0.0,1.0,0.92311,0.5,0.0,0.94467,0.88889,0.5,0.7,1.0,1.0,0.5,0.5,0.5,1.0,1.0,0.5,0.5,0.5,0.0,0.0,1.0,1.0,1.0,1.0,0.60829,0.65,0.2,0.5,1.0,1.0,1.0,1.0,0.5
0.5,0.5,0.5,0.5,0.5,0.5,0.14595,0.8,0.1,0.0,1.0,0.0,0.0,0.22,0.0,0.98018,0.0,0.84444,0.8,1.0,1.0,0.5,1.0,0.99603,1.0,0.11111,1.0,1.0,1.0,0.0,0.61796,0.77778,0.5,0.7,1.0,1.0,0.5,0.5,0.5,1.0,1.0,0.5,0.5,0.5,0.0,0.0,1.0,1.0,1.0,0.5,0.5,0.3,0.3,0.66667,0.0,1.0,1.0,1.0,0.5
0.0,0.0,0.0,0.0,0.7,1.0,0.16139,1.0,0.3,0.0,1.0,0.0,0.0,0.13,0.02,0.98507,0.0,0.97778,0.97778,1.0,1.0,0.86667,1.0,0.95761,1.0,0.11111,1.0,1.0,1.0,0.0,0.83633,0.77778,0.66667,0.7,1.0,1.0,0.5,0.5,0.5,1.0,1.0,0.5,0.5,0.5,0.0,0.0,1.0,1.0,1.0,1.0,0.0458,0.3,0.3,1.0,1.0,0.5,1.0,0.0,1.0
0.0,0.0,0.0,0.0,1.0,1.0,0.1568,1.0,0.36667,0.0,1.0,0.0,0.0,0.14,0.02,0.99533,0.0,1.0,0.95556,1.0,1.0,1.0,1.0,0.95812,1.0,0.11111,1.0,1.0,1.0,0.0,0.83162,0.88889,1.0,0.7,1.0,1.0,0.5,0.5,0.5,1.0,1.0,0.5,0.5,0.5,0.0,0.0,1.0,1.0,1.0,1.0,0.0458,0.3,0.3,1.0,0.5,0.5,1.0,0.0,1.0
0.0,0.0,0.0,0.0,0.9,1.0,0.20408,1.0,0.73333,0.0,1.0,0.0,0.0,0.14,0.02,0.99555,0.0,1.0,0.93333,0.86667,1.0,0.91111,0.0,0.69589,1.0,0.0,1.0,1.0,1.0,0.0,1.0,1.0,0.88889,0.7,1.0,1.0,0.5,0.5,0.5,1.0,1.0,0.5,0.5,0.5,0.0,0.0,1.0,1.0,1.0,1.0,0.62203,0.35,0.2,1.0,0.0,0.0,1.0,1.0,1.0
0.5,0.5,0.5,0.5,0.5,0.5,0.00859,0.2,0.26667,0.0,1.0,0.0,0.0,0.29,0.01,0.35689,0.0,1.0,1.0,1.0,1.0,0.5,1.0,0.7974,1.0,0.0,0.07764,0.04865,0.0,0.0,0.97423,0.88889,0.5,0.7,1.0,1.0,0.5,0.5,0.5,1.0,1.0,0.5,0.5,0.5,0.0,0.0,1.0,1.0,1.0,1.0,0.18087,0.3,0.2,0.33333,0.0,1.0,1.0,0.33333,0.5
0.0,0.0,0.0,0.0,0.2,0.2,0.00282,0.2,0.5,0.0,1.0,0.0,0.0,0.26,0.01,0.99457,0.0,1.0,1.0,1.0,1.0,0.93333,1.0,0.5586,1.0,0.11111,0.11432,0.06063,0.0,0.0,1.0,1.0,0.55556,0.7,1.0,1.0,0.5,0.5,0.5,1.0,1.0,0.5,0.5,0.5,0.0,0.0,1.0,1.0,1.0,1.0,0.18087,0.3,0.2,1.0,1.0,1.0,1.0,0.0,1.0
0.0,0.0,0.0,0.0,0.2,0.2,0.00048,0.2,1.0,0.0,1.0,0.0,0.0,0.26,0.01,0.99999,0.0,1.0,1.0,1.0,1.0,0.88889,1.0,0.96137,1.0,0.33333,0.00448,0.00275,0.0,0.0,0.99441,0.11111,0.55556,0.7,1.0,1.0,0.5,0.5,0.5,1.0,1.0,0.5,0.5,0.5,0.0,0.0,1.0,1.0,1.0,1.0,0.18087,1.0,0.1,0.0,1.0,0.0,1.0,0.0,1.0
0.5,0.5,0.5,0.5,0.5,0.5,0.2185,1.0,0.06667,0.0,1.0,0.0,0.0,0.29,0.0,0.5,0.5,0.35556,1.0,1.0,1.0,0.5,1.0,0.91565,1.0,0.0,1.0,1.0,1.0,0.0,1.0,0.88889,0.5,0.7,1.0,1.0,0.5,0.5,0.5,1.0,1.0,0.5,0.5,0.5,0.5,0.5,1.0,1.0,1.0,0.5,0.5,0.3,0.2,1.0,1.0,1.0,1.0,1.0,0.5
0.0,1.0,0.0,1.0,1.0,1.0,0.22515,1.0,0.13333,0.0,1.0,0.0,0.0,0.39,0.0,0.94567,0.0,0.8,1.0,1.0,1.0,0.8,1.0,0.99279,1.0,0.11111,1.0,1.0,1.0,0.0,1.0,0.77778,1.0,0.7,1.0,1.0,0.5,0.5,0.5,1.0,1.0,0.5,0.5,0.5,0.0,0.0,1.0,1.0,1.0,0.5,0.5,0.3,0.2,1.0,1.0,1.0,1.0,0.0,1.0
0.0,0.0,0.0,0.0,0.9,0.9,0.17889,0.9,0.2,0.0,1.0,0.0,0.0,0.37,0.0,0.87438,0.0,1.0,1.0,1.0,1.0,1.0,1.0,0.99703,1.0,0.11111,0.8978,0.81456,0.0,1.0,1.0,0.88889,1.0,0.7,1.0,1.0,0.5,0.5,0.5,1.0,1.0,0.5,0.5,0.5,0.0,0.0,1.0,1.0,1.0,0.5,0.5,0.3,0.2,1.0,1.0,1.0,1.0,1.0,1.0
1.0,0.5,0.0,0.5,0.9,0.5,0.17772,0.9,0.23333,0.0,1.0,0.0,1.0,0.35,0.0,0.88427,0.0,1.0,1.0,1.0,1.0,1.0,0.0,0.35963,0.89908,0.0,0.95186,0.78625,0.5,0.0,1.0,1.0,0.88889,0.7,1.0,1.0,0.5,0.5,0.5,1.0,1.0,0.5,0.5,0.5,0.0,0.0,1.0,1.0,1.0,0.5,0.5,0.3,0.3,1.0,0.5,1.0,1.0,0.5,1.0
1.0,0.5,1.0,0.5,0.9,0.5,0.18173,0.9,0.26667,0.0,1.0,0.0,1.0,0.36,0.0,0.90984,0.0,1.0,1.0,1.0,1.0,1.0,1.0,0.36226,0.90566,0.0,0.97486,0.81337,0.5,0.0,1.0,1.0,1.0,0.7,1.0,1.0,0.5,0.5,0.5,1.0,1.0,0.5,0.5,0.5,0.0,0.0,1.0,1.0,1.0,0.5,0.5,0.3,0.3,1.0,1.0,1.0,1.0,1.0,1.0
1.0,0.5,0.0,0.5,0.9,0.5,0.17259,0.9,0.3,0.0,1.0,0.0,1.0,0.32,0.0,0.93378,0.0,1.0,1.0,1.0,1.0,1.0,1.0,0.36562,0.91405,0.0,0.92769,0.74317,0.5,0.0,1.0,1.0,1.0,0.7,1.0,1.0,0.5,0.5,0.5,1.0,1.0,0.5,0.5,0.5,0.0,0.0,1.0,1.0,1.0,0.5,0.5,0.3,0.3,1.0,1.0,1.0,1.0,1.0,1.0
1.0,0.5,1.0,0.5,0.9,0.5,0.17311,0.9,0.33333,0.0,1.0,0.0,1.0,0.32,0.0,0.95348,0.0,1.0,1.0,1.0,1.0,1.0,1.0,0.36923,0.92308,0.0,0.93249,0.75767,0.5,0.0,1.0,1.0,1.0,0.7,1.0,1.0,0.5,0.5,0.5,1.0,1.0,0.5,0.5,0.5,0.0,0.0,1.0,1.0,1.0,0.5,0.5,0.3,0.3,1.0,1.0,1.0,1.0,1.0,1.0
1.0,0.5,1.0,0.5,0.9,0.5,0.17444,0.9,0.36667,0.0,1.0,0.0,1.0,0.33,0.0,0.96791,0.0,1.0,1.0,1.0,1.0,1.0,1.0,0.37351,0.93378,0.0,0.942,0.77046,0.5,0.0,1.0,1.0,1.0,0.7,1.0,1.0,0.5,0.5,0.5,1.0,1.0,0.5,0.5,0.5,0.0,0.0,1.0,1.0,1.0,0.5,0.5,0.3,0.3,1.0,1.0,1.0,1.0,1.0,1.0
1.0,0.5,0.0,0.5,0.9,0.5,0.17439,0.9,0.4,0.0,1.0,0.0,1.0,0.33,0.0,0.97706,0.0,1.0,1.0,1.0,1.0,1.0,1.0,0.37814,0.94536,0.0,0.9443,0.7716,0.5,0.0,1.0,1.0,1.0,0.7,1.0,1.0,0.5,0.5,0.5,1.0,1.0,0.5,0.5,0.5,0.0,0.0,1.0,1.0,1.0,0.5,0.5,0.3,0.3,1.0,1.0,1.0,1.0,1.0,1.0
0.0,1.0,0.0,1.0,0.9,0.9,0.18931,0.9,0.46667,0.0,1.0,0.0,0.0,0.34,0.01,0.41979,0.0,0.86667,0.86667,1.0,1.0,0.86667,1.0,0.98579,1.0,0.11111,0.92994,0.86905,0.0,0.0,1.0,0.88889,0.88889,0.7,1.0,1.0,0.5,0.5,0.5,1.0,1.0,0.5,0.5,0.5,0.0,0.0,1.0,1.0,1.0,1.0,0.54357,0.3,0.2,1.0,1.0,1.0,1.0,1.0,1.0
1.0,0.5,1.0,0.5,0.9,0.5,0.19152,0.9,0.5,0.0,1.0,0.0,1.0,0.34,0.01,0.64253,0.0,1.0,1.0,1.0,1.0,1.0,0.0,0.95472,1.0,0.11111,0.90542,0.82719,0.0,0.0,1.0,1.0,1.0,0.7,1.0,1.0,0.5,0.5,0.5,1.0,1.0,0.5,0.5,0.5,0.0,0.0,1.0,1.0,1.0,1.0,0.54357,0.3,0.2,1.0,1.0,1.0,1.0,1.0,1.0
1.0,0.5,0.0,0.5,0.9,0.5,0.18361,0.9,0.53333,0.0,1.0,0.0,1.0,0.3,0.01,0.79101,0.0,1.0,1.0,1.0,1.0,1.0,0.0,0.94149,1.0,0.11111,0.85413,0.7454,0.0,0.0,1.0,1.0,1.0,0.7,1.0,1.0,0.5,0.5,0.5,1.0,1.0,0.5,0.5,0.5,0.0,0.0,1.0,1.0,1.0,1.0,0.54357,0.3,0.2,1.0,1.0,1.0,1.0,1.0,1.0
1.0,0.5,0.0,0.5,0.9,0.5,0.17821,0.9,0.56667,0.0,1.0,0.0,1.0,0.29,0.01,0.88977,0.0,1.0,1.0,1.0,1.0,1.0,0.0,0.93221,1.0,0.11111,0.81995,0.69484,0.0,0.0,1.0,1.0,1.0,0.7,1.0,1.0,0.5,0.5,0.5,1.0,1.0,0.5,0.5,0.5,0.0,0.0,1.0,1.0,1.0,1.0,0.54357,0.3,0.2,1.0,1.0,1.0,1.0,1.0,1.0
1.0,0.5,0.0,0.5,0.9,0.5,0.17456,0.9,0.6,0.0,1.0,0.0,1.0,0.29,0.01,0.9554,0.0,1.0,1.0,1.0,1.0,1.0,0.0,0.92751,1.0,0.11111,0.79881,0.66502,0.0,0.0,1.0,1.0,1.0,0.7,1.0,1.0,0.5,0.5,0.5,1.0,1.0,0.5,0.5,0.5,0.0,0.0,1.0,1.0,1.0,1.0,0.54357,0.3,0.2,1.0,1.0,1.0,1.0,1.0,1.0
1.0,0.5,0.0,0.5,0.9,0.5,0.172,0.9,0.63333,0.0,1.0,0.0,1.0,0.27,0.01,0.99906,0.0,1.0,1.0,1.0,1.0,1.0,0.0,0.91957,1.0,0.11111,0.78005,0.63941,0.0,0.0,1.0,1.0,1.0,0.7,1.0,1.0,0.5,0.5,0.5,1.0,1.0,0.5,0.5,0.5,0.0,0.0,1.0,1.0,1.0,1.0,0.54357,0.3,0.2,1.0,1.0,1.0,1.0,1.0,1.0
1.0,0.5,0.0,0.5,0.9,0.5,0.17079,0.9,0.66667,0.0,1.0,0.0,1.0,0.27,0.01,0.99944,0.0,1.0,1.0,1.0,1.0,1.0,0.0,0.91659,1.0,0.11111,0.77211,0.6288,0.0,0.0,1.0,1.0,1.0,0.7,1.0,1.0,0.5,0.5,0.5,1.0,1.0,0.5,0.5,0.5,0.0,0.0,1.0,1.0,1.0,1.0,0.54357,0.3,0.2,1.0,1.0,1.0,1.0,1.0,1.0
1.0,0.5,1.0,0.5,0.9,0.5,0.17109,0.9,0.7,0.0,1.0,0.0,1.0,0.29,0.01,0.99914,0.0,1.0,1.0,1.0,1.0,1.0,1.0,0.96963,1.0,0.11111,0.82396,0.70062,0.0,0.0,1.0,1.0,1.0,0.7,1.0,1.0,0.5,0.5,0.5,1.0,1.0,0.5,0.5,0.5,0.0,0.0,1.0,1.0,1.0,1.0,0.54357,0.3,0.2,1.0,1.0,1.0,1.0,1.0,1.0
1.0,0.5,0.0,0.5,0.9,0.5,0.16494,0.9,0.73333,0.0,1.0,0.0,1.0,0.28,0.01,0.99932,0.0,1.0,1.0,1.0,1.0,1.0,0.0,0.95214,1.0,0.11111,0.77804,0.63672,0.0,0.0,0.99939,1.0,1.0,0.7,1.0,1.0,0.5,0.5,0.5,1.0,1.0,0.5,0.5,0.5,0.0,0.0,1.0,1.0,1.0,1.0,0.54357,0.3,0.2,1.0,1.0,1.0,1.0,1.0,1.0
1.0,0.5,1.0,0.5,0.9,0.5,0.16812,0.9,0.76667,0.0,1.0,0.0,1.0,0.28,0.01,0.99923,0.0,1.0,1.0,1.0,1.0,1.0,0.0,0.94548,1.0,0.11111,0.78705,0.64887,0.0,0.0,1.0,1.0,1.0,0.7,1.0,1.0,0.5,0.5,0.5,1.0,1.0,0.5,0.5,0.5,0.0,0.0,1.0,1.0,1.0,1.0,0.54357,0.3,0.2,1.0,1.0,1.0,1.0,1.0,1.0
1.0,0.5,0.0,0.5,0.9,0.5,0.16602,0.9,0.8,0.0,1.0,0.0,1.0,0.28,0.01,0.99922,0.0,1.0,1.0,1.0,1.0,1.0,0.0,0.93804,1.0,0.11111,0.77072,0.62697,0.0,0.0,1.0,1.0,1.0,0.7,1.0,1.0,0.5,0.5,0.5,1.0,1.0,0.5,0.5,0.5,0.0,0.0,1.0,1.0,1.0,1.0,0.54357,0.3,0.2,1.0,1.0,1.0,1.0,1.0,1.0
1.0,0.5,0.0,0.5,0.9,0.5,0.16553,0.9,0.83333,0.0,1.0,0.0,1.0,0.28,0.01,0.9997,0.0,1.0,1.0,1.0,1.0,1.0,0.0,0.93661,1.0,0.11111,0.76736,0.62253,0.0,0.0,1.0,1.0,1.0,0.7,1.0,1.0,0.5,0.5,0.5,1.0,1.0,0.5,0.5,0.5,0.0,0.0,1.0,1.0,1.0,1.0,0.54357,0.3,0.2,1.0,1.0,1.0,1.0,1.0,1.0
1.0,0.5,1.0,0.5,0.9,0.5,0.16611,0.9,0.86667,0.0,1.0,0.0,1.0,0.28,0.01,0.99944,0.0,1.0,1.0,1.0,1.0,1.0,1.0,0.98418,1.0,0.11111,0.81474,0.68739,0.0,0.0,1.0,1.0,1.0,0.7,1.0,1.0,0.5,0.5,0.5,1.0,1.0,0.5,0.5,0.5,0.0,0.0,1.0,1.0,1.0,1.0,0.54357,0.3,0.2,1.0,1.0,1.0,1.0,1.0,1.0
1.0,0.5,0.0,0.5,0.9,0.5,0.16369,0.9,0.9,0.0,1.0,0.0,1.0,0.28,0.01,0.99919,0.0,1.0,1.0,1.0,1.0,1.0,0.0,0.96607,1.0,0.11111,0.78591,0.64733,0.0,1.0,1.0,1.0,1.0,0.7,1.0,1.0,0.5,0.5,0.5,1.0,1.0,0.5,0.5,0.5,0.0,0.0,1.0,1.0,1.0,1.0,0.54357,0.3,0.2,1.0,1.0,1.0,1.0,1.0,1.0
1.0,0.5,1.0,0.5,0.9,0.5,0.16632,0.9,0.93333,0.0,1.0,0.0,1.0,0.28,0.01,0.99934,0.0,1.0,1.0,1.0,1.0,1.0,0.0,0.96105,1.0,0.11111,0.79398,0.65834,0.0,1.0,1.0,1.0,1.0,0.7,1.0,1.0,0.5,0.5,0.5,1.0,1.0,0.5,0.5,0.5,0.0,0.0,1.0,1.0,1.0,1.0,0.54357,0.3,0.2,1.0,1.0,1.0,1.0,1.0,1.0
1.0,0.5,1.0,0.5,0.9,0.5,0.16678,0.9,0.96667,0.0,1.0,0.0,1.0,0.28,0.01,0.99947,0.0,1.0,1.0,1.0,1.0,1.0,0.0,0.95528,1.0,0.11111,0.79101,0.65427,0.0,1.0,1.0,1.0,1.0,0.7,1.0,1.0,0.5,0.5,0.5,1.0,1.0,0.5,0.5,0.5,0.0,0.0,1.0,1.0,1.0,1.0,0.54357,0.3,0.2,1.0,1.0,1.0,1.0,1.0,1.0
1.0,0.5,0.0,0.5,0.9,0.5,0.16616,0.9,1.0,0.0,1.0,0.0,1.0,0.28,0.01,0.99942,0.0,0.88889,0.88889,1.0,1.0,0.88889,1.0,0.99725,1.0,0.11111,0.83355,0.7146,0.0,1.0,1.0,1.0,1.0,0.7,1.0,1.0,0.5,0.5,0.5,1.0,1.0,0.5,0.5,0.5,0.0,0.0,1.0,1.0,1.0,1.0,0.54357,0.3,0.2,1.0,1.0,1.0,1.0,1.0,1.0
0.5,0.5,0.5,0.5,0.5,0.5,0.0,0.2,0.9,0.0,1.0,0.0,0.0,0.08,0.03,0.99719,0.0,1.0,1.0,0.84444,1.0,0.5,1.0,0.89715,1.0,0.11111,0.0,0.0,0.0,0.0,0.84048,1.0,0.5,0.0,1.0,1.0,0.5,0.5,0.5,1.0,1.0,0.5,0.5,0.5,0.0,0.0,1.0,1.0,1.0,0.0,0.12112,1.0,0.1,0.0,1.0,1.0,1.0,0.0,0.5
0.5,0.5,0.5,0.5,0.5,0.5,0.04355,0.3,0.13333,0.0,1.0,0.0,0.0,0.44,0.0,0.88939,0.0,0.95556,1.0,1.0,1.0,0.5,0.0,0.75619,1.0,0.0,0.37565,0.26974,0.0,0.0,0.93249,0.88889,0.5,0.7,1.0,1.0,0.5,0.5,0.5,1.0,1.0,0.5,0.5,0.5,0.0,0.0,1.0,1.0,1.0,0.5,0.5,0.3,0.3,1.0,0.0,1.0,1.0,1.0,0.5
1.0,0.5,1.0,0.5,0.3,0.5,0.04639,0.3,0.16667,0.0,1.0,0.0,1.0,0.4,0.0,0.86057,0.0,1.0,1.0,1.0,1.0,1.0,0.0,0.72072,1.0,0.0,0.40982,0.26369,0.0,0.0,0.98727,1.0,1.0,0.7,1.0,1.0,0.5,0.5,0.5,1.0,1.0,0.5,0.5,0.5,0.0,0.0,1.0,1.0,1.0,0.5,0.5,0.3,0.3,1.0,0.5,1.0,1.0,1.0,1.0
1.0,0.5,1.0,0.5,0.3,0.5,0.04884,0.3,0.2,0.0,1.0,0.0,1.0,0.38,0.0,0.87239,0.0,1.0,1.0,1.0,1.0,1.0,0.0,0.70344,1.0,0.0,0.43672,0.28917,0.0,0.0,1.0,1.0,1.0,0.7,1.0,1.0,0.5,0.5,0.5,1.0,1.0,0.5,0.5,0.5,0.0,0.0,1.0,1.0,1.0,0.5,0.5,0.3,0.3,1.0,1.0,1.0,1.0,1.0,1.0
1.0,1.0,0.0,0.0,0.3,0.3,0.04868,0.3,0.26667,0.0,1.0,0.0,0.0,0.35,0.0,0.93039,0.0,1.0,1.0,1.0,1.0,1.0,0.0,0.64967,1.0,0.0,0.45297,0.30558,0.0,0.0,1.0,0.88889,1.0,0.7,1.0,1.0,0.5,0.5,0.5,1.0,1.0,0.5,0.5,0.5,0.0,0.0,1.0,1.0,1.0,0.5,0.5,0.3,0.3,1.0,1.0,1.0,1.0,1.0,1.0
0.0,1.0,0.0,0.0,0.3,0.3,0.0261,0.3,0.96667,0.0,1.0,0.0,0.0,0.38,0.03,0.888,0.0,1.0,1.0,1.0,1.0,0.86667,1.0,0.9455,1.0,0.11111,0.244,0.12935,0.0,1.0,0.97169,0.88889,0.88889,0.7,1.0,1.0,0.5,0.5,0.5,1.0,1.0,0.5,0.5,0.5,0.0,0.0,1.0,1.0,1.0,0.48229,1.0,0.3,0.3,0.66667,0.5,1.0,1.0,0.66667,1.0
1.0,1.0,1.0,1.0,0.2,0.2,0.02383,0.2,0.0,0.9375,1.0,0.0,0.0,0.36,0.03,0.0,0.99529,1.0,1.0,1.0,1.0,1.0,1.0,0.96858,1.0,0.11111,0.22881,0.11437,0.0,1.0,0.97174,0.88889,1.0,0.65,0.9,0.92462,0.51813,0.5,0.7772,1.0,1.0,0.5,0.5,0.5,0.0,0.0,1.0,1.0,1.0,0.48229,1.0,0.35,0.3,0.66667,1.0,1.0,1.0,0.66667,1.0
0.0,1.0,0.0,1.0,0.2,0.2,0.02117,0.2,0.0,0.81081,1.0,0.0,0.0,0.33,0.05,0.0,0.99708,1.0,1.0,1.0,1.0,1.0,1.0,0.9979,1.0,0.11111,0.2111,0.0998,0.0,1.0,0.91888,0.77778,0.77778,0.7,0.9,0.93297,1.0,1.0,1.0,1.0,1.0,0.5,0.5,0.5,0.0,0.0,1.0,1.0,1.0,0.12329,0.38543,0.3,0.3,0.66667,1.0,0.5,1.0,0.66667,1.0
0.5,0.5,0.5,0.5,0.5,0.5,0.0,0.2,0.6,0.0,1.0,0.0,0.0,0.1,0.13,0.99948,0.0,0.84444,0.84444,0.73333,0.66667,0.5,0.0,0.7551,1.0,0.11111,0.0,0.0,0.0,0.0,0.95328,0.44444,0.5,0.0,1.0,1.0,0.5,0.5,0.5,1.0,1.0,0.5,0.5,0.5,0.0,0.0,1.0,1.0,1.0,0.0,0.74464,1.0,0.1,0.0,1.0,1.0,1.0,0.0,0.5
1.0,1.0,1.0,1.0,0.1,0.3,0.0,0.2,0.73333,0.0,1.0,0.0,0.0,0.05,0.07,0.98999,0.0,1.0,1.0,0.77778,1.0,0.6,0.0,0.77738,1.0,0.66667,0.0,0.0,0.33333,0.0,0.9508,0.33333,0.55556,0.0,1.0,1.0,0.5,0.5,0.5,1.0,1.0,0.5,0.5,0.5,0.0,0.0,1.0,1.0,1.0,0.0,0.1995,1.0,0.1,0.0,1.0,1.0,1.0,0.0,1.0
1.0,0.5,1.0,0.5,0.2,0.5,0.0,0.2,0.76667,0.0,1.0,0.0,1.0,0.05,0.07,0.98417,0.0,1.0,1.0,0.77778,1.0,1.0,1.0,0.7781,1.0,0.66667,0.0,0.0,0.0,0.0,0.94981,1.0,1.0,0.0,1.0,1.0,0.5,0.5,0.5,1.0,1.0,0.5,0.5,0.5,0.0,0.0,1.0,1.0,1.0,0.0,0.1995,1.0,0.1,0.0,1.0,1.0,1.0,0.0,1.0
0.0,0.0,0.0,0.0,0.2,0.2,0.0,0.2,0.83333,0.0,1.0,0.0,0.0,0.03,0.07,0.98497,0.0,1.0,1.0,0.82222,0.91111,1.0,1.0,0.7795,1.0,0.66667,0.0,0.0,0.0,0.0,0.94843,1.0,1.0,0.0,1.0,1.0,0.5,0.5,0.5,1.0,1.0,0.5,0.5,0.5,0.0,0.0,1.0,1.0,1.0,0.0,0.1995,1.0,0.1,0.0,1.0,1.0,1.0,0.0,1.0
0.0,0.0,0.0,0.0,0.2,0.1,0.0,0.1,0.9,0.0,1.0,0.0,0.0,0.03,0.07,0.98915,0.0,1.0,1.0,0.77778,1.0,1.0,1.0,0.78031,1.0,0.66667,0.0,0.0,0.0,0.0,0.94758,1.0,1.0,0.0,1.0,1.0,0.5,0.5,0.5,1.0,1.0,0.5,0.5,0.5,0.0,0.0,1.0,1.0,1.0,0.0,0.1995,1.0,0.1,0.0,1.0,1.0,1.0,0.0,1.0
1.0,0.5,1.0,0.5,0.1,0.5,0.0,0.1,0.93333,0.0,1.0,0.0,1.0,0.03,0.07,0.99102,0.0,1.0,1.0,0.77778,1.0,1.0,1.0,0.78057,1.0,0.66667,0.0,0.0,0.0,0.0,0.94728,1.0,1.0,0.0,1.0,1.0,0.5,0.5,0.5,1.0,1.0,0.5,0.5,0.5,0.0,0.0,1.0,1.0,1.0,0.0,0.1995,1.0,0.1,0.0,1.0,1.0,1.0,0.0,1.0
1.0,0.5,1.0,0.5,0.2,0.5,0.0,0.2,0.96667,0.0,1.0,0.0,1.0,0.03,0.07,0.9926,0.0,1.0,1.0,0.77778,1.0,1.0,1.0,0.78077,1.0,0.66667,0.0,0.0,0.0,0.0,0.94705,1.0,1.0,0.0,1.0,1.0,0.5,0.5,0.5,1.0,1.0,0.5,0.5,0.5,0.0,0.0,1.0,1.0,1.0,0.0,0.1995,1.0,0.1,0.0,1.0,1.0,1.0,0.0,1.0
0.0,0.0,0.0,0.0,0.2,0.1,0.0,0.1,0.0,0.96774,1.0,0.0,0.0,0.03,0.07,0.99502,0.0,1.0,1.0,0.77778,1.0,1.0,1.0,0.78105,1.0,0.66667,0.0,0.0,0.0,0.0,0.94671,1.0,1.0,0.0,1.0,1.0,0.5,0.5,0.5,1.0,1.0,0.5,0.5,0.5,0.0,0.0,1.0,1.0,1.0,0.0,0.1995,1.0,0.1,0.0,1.0,1.0,1.0,0.0,1.0
0.0,0.0,0.0,0.0,0.1,0.1,0.0,0.1,0.0,0.90909,1.0,0.0,0.0,0.03,0.07,0.99667,0.0,1.0,1.0,0.77778,1.0,1.0,1.0,0.78123,1.0,0.66667,0.0,0.0,0.0,0.0,0.9465,1.0,1.0,0.0,1.0,1.0,0.5,0.5,0.5,1.0,1.0,0.5,0.5,0.5,0.0,0.0,1.0,1.0,1.0,0.0,0.1995,1.0,0.1,0.0,1.0,1.0,1.0,0.0,1.0
1.0,0.5,1.0,0.5,0.1,0.5,0.0,0.1,0.0,0.88235,1.0,0.0,1.0,0.03,0.07,0.99728,0.0,1.0,1.0,0.77778,1.0,1.0,1.0,0.7813,1.0,0.66667,0.0,0.0,0.0,0.0,0.94642,1.0,1.0,0.0,1.0,1.0,0.5,0.5,0.5,1.0,1.0,0.5,0.5,0.5,0.0,0.0,1.0,1.0,1.0,0.0,0.1995,1.0,0.1,0.0,1.0,1.0,1.0,0.0,1.0
0.0,0.5,1.0,0.5,0.2,0.5,0.0,0.2,0.0,0.85714,1.0,0.0,1.0,0.03,0.07,0.99778,0.0,1.0,1.0,0.77778,1.0,1.0,1.0,0.78136,1.0,0.66667,0.0,0.0,0.0,0.0,0.94636,1.0,1.0,0.0,1.0,1.0,0.5,0.5,0.5,1.0,1.0,0.5,0.5,0.5,0.0,0.0,1.0,1.0,1.0,0.0,0.1995,1.0,0.1,0.0,1.0,1.0,1.0,0.0,1.0
0.0,0.0,0.0,0.0,0.1,0.1,0.0,0.1,0.0,0.81081,1.0,0.0,0.0,0.03,0.07,0.99853,0.0,1.0,1.0,0.77778,1.0,1.0,1.0,0.78144,1.0,0.66667,0.0,0.0,0.0,0.0,0.94627,1.0,1.0,0.0,1.0,1.0,0.5,0.5,0.5,1.0,1.0,0.5,0.5,0.5,0.0,0.0,1.0,1.0,1.0,0.0,0.1995,1.0,0.1,0.0,1.0,1.0,1.0,0.0,1.0
1.0,0.5,1.0,0.5,0.1,0.5,0.0,0.1,0.0,0.78947,1.0,0.0,1.0,0.03,0.07,0.9988,0.0,1.0,1.0,0.77778,1.0,1.0,1.0,0.78147,1.0,0.66667,0.0,0.0,0.0,0.0,0.94624,1.0,1.0,0.0,1.0,1.0,0.5,0.5,0.5,1.0,1.0,0.5,0.5,0.5,0.0,0.0,1.0,1.0,1.0,0.0,0.1995,1.0,0.1,0.0,1.0,1.0,1.0,0.0,1.0
1.0,0.5,1.0,0.5,0.1,0.5,0.0,0.1,0.0,0.76923,1.0,0.0,1.0,0.03,0.07,0.99902,0.0,1.0,1.0,0.77778,1.0,1.0,1.0,0.7815,1.0,0.66667,0.0,0.0,0.0,0.0,0.94622,1.0,1.0,0.0,1.0,1.0,0.5,0.5,0.5,1.0,1.0,0.5,0.5,0.5,0.0,0.0,1.0,1.0,1.0,0.0,0.1995,1.0,0.1,0.0,1.0,1.0,1.0,0.0,1.0
1.0,0.5,1.0,0.5,0.1,0.5,0.0,0.1,0.0,0.75,1.0,0.0,1.0,0.03,0.07,0.9992,0.0,1.0,1.0,0.77778,1.0,1.0,1.0,0.78152,1.0,0.66667,0.0,0.0,0.0,0.0,0.9462,1.0,1.0,0.0,1.0,1.0,0.5,0.5,0.5,1.0,1.0,0.5,0.5,0.5,0.0,0.0,1.0,1.0,1.0,0.0,0.1995,1.0,0.1,0.0,1.0,1.0,1.0,0.0,1.0
0.5,0.5,0.5,0.5,0.5,0.5,0.12458,0.6,0.23333,0.0,1.0,0.0,0.0,0.34,0.02,0.98348,0.0,0.64444,0.53333,0.6,1.0,0.5,0.0,0.63975,1.0,0.33333,1.0,0.90891,0.66667,0.0,0.98676,1.0,0.5,0.7,1.0,1.0,0.5,0.5,0.5,1.0,1.0,0.5,0.5,0.5,0.0,0.0,1.0,1.0,1.0,0.5,0.5,0.3,0.4,1.0,1.0,1.0,1.0,0.0,0.5
1.0,1.0,0.0,0.0,0.5,0.5,0.05711,0.4,0.43333,0.0,1.0,0.0,0.0,0.25,0.02,0.95212,0.0,0.91111,1.0,0.86667,0.86667,0.64444,0.0,0.81691,1.0,0.0,0.47391,0.35292,0.0,0.0,0.96238,0.88889,0.88889,0.7,1.0,1.0,0.5,0.5,0.5,1.0,1.0,0.5,0.5,0.5,0.0,0.0,1.0,1.0,1.0,0.5,0.5,0.3,0.2,0.5,0.0,1.0,1.0,1.0,1.0
0.0,0.0,0.0,0.0,0.3,0.3,0.03959,0.3,0.66667,0.0,1.0,0.0,0.0,0.09,0.02,0.98152,0.0,0.95556,0.95556,0.93333,1.0,0.93333,1.0,0.95231,1.0,0.11111,0.31617,0.21282,0.0,0.0,0.94589,0.88889,0.77778,0.7,1.0,1.0,0.5,0.5,0.5,1.0,1.0,0.5,0.5,0.5,0.0,0.0,1.0,1.0,1.0,0.5,0.5,0.3,0.2,0.5,1.0,1.0,1.0,0.0,1.0
1.0,0.0,1.0,0.0,0.3,0.3,0.0,0.2,1.0,0.0,1.0,0.0,0.0,0.07,0.01,0.98824,0.0,1.0,1.0,0.86667,0.82222,0.8,1.0,0.60752,1.0,0.44444,0.0,0.0,0.0,0.0,1.0,0.66667,0.66667,0.0,1.0,1.0,0.5,0.5,0.5,1.0,1.0,0.5,0.5,0.5,0.0,0.0,1.0,1.0,1.0,0.5,0.5,1.0,0.1,0.0,1.0,1.0,1.0,0.0,1.0
0.0,0.0,0.0,0.0,0.2,0.1,0.0,0.2,0.0,0.76923,1.0,0.0,0.0,0.1,0.01,0.99718,0.0,1.0,0.91111,0.84444,1.0,0.84444,1.0,0.60046,1.0,0.44444,0.0,0.0,0.0,0.0,0.5,0.33333,1.0,0.0,1.0,1.0,0.5,0.5,0.5,1.0,1.0,0.5,0.5,0.5,0.0,0.0,1.0,1.0,1.0,0.5,0.5,1.0,0.1,0.0,1.0,1.0,1.0,0.0,1.0
0.5,0.5,0.5,0.5,0.5,0.5,0.13609,0.8,0.3,0.0,1.0,0.0,0.0,0.26,0.0,0.98937,0.0,1.0,1.0,1.0,1.0,0.5,0.0,0.69991,1.0,0.22222,1.0,0.74091,0.75,0.0,0.97581,0.88889,0.5,0.7,1.0,1.0,0.5,0.5,0.5,1.0,1.0,0.5,0.5,0.5,0.0,0.0,1.0,1.0,1.0,0.5,0.5,0.3,0.4,0.75,0.33333,1.0,1.0,1.0,0.5
1.0,0.5,1.0,0.5,0.8,0.5,0.13868,0.8,0.33333,0.0,1.0,0.0,1.0,0.25,0.0,0.99753,0.0,1.0,1.0,1.0,1.0,1.0,1.0,0.70569,1.0,0.22222,1.0,0.71436,0.75,0.0,0.93278,1.0,0.77778,0.7,1.0,1.0,0.5,0.5,0.5,1.0,1.0,0.5,0.5,0.5,0.0,0.0,1.0,1.0,1.0,0.5,0.5,0.3,0.4,0.75,1.0,1.0,1.0,0.5,1.0
1.0,0.5,1.0,0.5,0.8,0.5,0.14647,0.8,0.36667,0.0,1.0,0.0,1.0,0.26,0.0,0.0,0.97169,1.0,1.0,1.0,1.0,1.0,0.0,0.68998,1.0,0.22222,1.0,0.75182,0.75,0.0,0.9431,1.0,1.0,0.7,1.0,1.0,0.5,0.5,0.5,1.0,1.0,0.5,0.5,0.5,0.0,0.0,1.0,1.0,1.0,0.5,0.5,0.3,0.4,0.75,1.0,1.0,1.0,0.75,1.0
0.5,0.5,0.5,0.5,0.5,0.5,0.03147,0.26667,0.06667,0.0,0.0,0.66667,0.0,0.14222,0.0,0.5,0.5,0.88571,0.8381,1.0,1.0,0.5,1.0,0.79385,1.0,0.28571,0.63682,0.32818,0.25,0.0,0.74937,0.78571,0.5,0.7,1.0,1.0,0.5,0.5,0.5,1.0,1.0,0.5,0.5,0.5,0.5,0.5,1.0,1.0,1.0,0.5,0.5,0.3,0.13333,0.25,1.0,1.0,1.0,0.0,0.5
1.0,0.5,1.0,0.5,0.26667,0.5,0.0379,0.26667,0.1,0.0,0.0,0.66667,1.0,0.13333,0.0,0.94777,0.0,0.87619,0.80952,1.0,1.0,0.87619,0.0,0.6955,1.0,0.07143,0.54158,0.38969,0.0,0.0,1.0,1.0,0.71429,0.7,1.0,1.0,0.5,0.5,0.5,1.0,1.0,0.5,0.5,0.5,0.0,0.0,1.0,1.0,1.0,0.5,0.5,0.3,0.2,1.0,1.0,1.0,1.0,0.0,1.0
1.0,1.0,1.0,1.0,0.26667,0.26667,0.04651,0.4,0.2,0.0,0.0,0.66667,0.0,0.13333,0.00444,0.66271,0.0,0.91429,1.0,1.0,1.0,0.85714,1.0,0.87555,1.0,0.0,0.86992,0.61655,0.5,0.0,0.84012,0.92857,0.57143,0.7,1.0,1.0,0.5,0.5,0.5,1.0,1.0,0.5,0.5,0.5,0.0,0.0,1.0,1.0,1.0,0.5,0.5,0.3,0.33333,0.66667,1.0,1.0,1.0,0.0,1.0
0.0,1.0,0.0,1.0,0.26667,0.33333,0.05053,0.33333,0.26667,0.0,0.0,0.66667,0.0,0.15111,0.01333,0.8937,0.0,0.92381,1.0,0.91429,1.0,0.89524,0.0,0.81025,1.0,0.0,0.84199,0.63979,0.2,0.0,0.90708,0.85714,0.92857,0.7,1.0,1.0,0.5,0.5,0.5,1.0,1.0,0.5,0.5,0.5,0.0,0.0,1.0,1.0,1.0,0.5,0.5,0.3,0.4,1.0,1.0,1.0,1.0,0.0,1.0
0.5,0.5,0.5,0.5,0.5,0.5,0.06285,0.4,0.06667,0.0,0.0,0.66667,0.0,0.45778,0.0,0.5,0.5,0.0,1.0,1.0,1.0,0.5,1.0,0.57139,1.0,0.14286,0.89354,0.63651,0.33333,0.0,0.8463,1.0,0.5,0.7,1.0,1.0,0.5,0.5,0.5,1.0,1.0,0.5,0.5,0.5,0.5,0.5,1.0,1.0,1.0,0.5,0.5,0.3,0.33333,0.33333,1.0,1.0,1.0,0.58333,0.5
1.0,0.5,1.0,0.5,0.4,0.5,0.0635,0.4,0.1,0.0,0.0,0.66667,1.0,0.40889,0.00444,0.32497,0.0,0.86667,1.0,1.0,1.0,0.86667,0.0,0.56841,1.0,0.14286,0.90604,0.59433,0.36364,0.0,0.90915,1.0,0.92857,0.76667,1.0,1.0,0.5,0.5,0.5,1.0,1.0,0.5,0.5,0.5,1.0,0.0,0.23333,1.0,1.0,0.5,0.5,1.0,0.06667,0.0,1.0,1.0,1.0,0.36364,1.0
1.0,0.5,1.0,0.5,0.46667,0.5,0.06814,0.46667,0.13333,0.0,0.0,0.66667,1.0,0.32889,0.01333,0.7202,0.0,1.0,1.0,1.0,1.0,1.0,1.0,0.78303,1.0,0.85714,0.77036,0.6265,0.0,0.0,1.0,1.0,0.28571,0.7,1.0,1.0,0.5,0.5,0.5,1.0,1.0,0.41343,0.61488,0.5,0.0,0.66703,1.0,1.0,1.0,0.41343,0.61488,0.3,0.13333,1.0,1.0,0.0,1.0,0.0,1.0
0.0,0.0,0.0,0.0,0.33333,0.33333,0.0504,0.33333,0.3,0.0,0.0,0.66667,0.0,0.29778,0.02222,0.99842,0.0,1.0,1.0,0.87619,1.0,1.0,1.0,0.98093,1.0,0.71429,0.52926,0.42317,0.0,0.0,0.99865,0.5,0.85714,0.8,0.93333,0.9003,0.61384,0.5,0.18415,1.0,1.0,0.41343,0.61488,0.99026,0.60337,0.0,0.2,1.0,1.0,0.41343,0.61488,1.0,0.06667,0.0,1.0,0.0,1.0,0.0,1.0
0.0,0.0,0.0,0.0,0.33333,0.33333,0.00059,0.13333,0.43333,0.0,0.0,0.66667,0.0,0.29778,0.03111,0.99852,0.0,0.87619,1.0,0.87619,1.0,0.87619,1.0,0.7935,1.0,0.57143,0.01628,0.00463,0.25,0.0,0.95901,0.5,0.64286,0.0,1.0,1.0,0.5,0.11234,0.5,1.0,1.0,0.48707,0.9228,0.10197,0.0,0.0,1.0,1.0,1.0,0.48707,0.9228,1.0,0.06667,0.0,1.0,0.0,1.0,0.0,1.0
0.0,1.0,0.0,1.0,0.06667,0.2,0.00503,0.4,0.56667,0.0,0.0,0.66667,0.0,0.33333,0.03111,0.0,0.97929,1.0,1.0,0.54286,1.0,0.87619,1.0,0.80497,1.0,0.57143,0.18184,0.04943,0.6,0.0,0.94664,0.5,0.92857,0.1,1.0,1.0,0.5,0.11234,0.5,1.0,1.0,0.48707,0.9228,0.10197,0.0,0.0,1.0,1.0,1.0,0.48707,0.9228,0.9,0.13333,0.2,1.0,0.0,1.0,0.0,1.0
1.0,0.5,1.0,0.5,0.4,0.5,0.00604,0.4,0.6,0.0,0.0,0.66667,1.0,0.33333,0.03556,0.0,0.97943,1.0,1.0,1.0,1.0,1.0,0.0,0.78987,1.0,0.57143,0.245,0.06153,0.6,0.0,0.9479,1.0,1.0,0.5,1.0,1.0,0.5,0.11234,0.5,1.0,1.0,0.48707,0.9228,0.10197,0.0,0.0,1.0,1.0,1.0,0.48707,0.9228,0.5,0.13333,0.2,1.0,0.0,1.0,0.2,1.0
0.5,0.5,0.5,0.5,0.5,0.5,0.14053,1.0,0.06667,0.0,0.0,0.66667,0.0,0.35556,0.0,0.5,0.5,0.47619,1.0,1.0,1.0,0.5,1.0,0.75186,1.0,0.07143,1.0,1.0,1.0,0.0,0.74897,0.85714,0.5,0.7,1.0,1.0,0.5,0.5,0.5,1.0,1.0,0.5,0.5,0.5,0.5,0.5,1.0,1.0,1.0,0.5,0.5,0.3,0.46667,0.75,0.5,1.0,1.0,0.875,0.5
0.0,0.0,0.0,0.0,1.0,0.93333,0.12031,0.86667,0.16667,0.0,0.0,0.66667,0.0,0.30222,0.01778,0.82926,0.0,1.0,1.0,1.0,1.0,0.9619,0.0,0.94356,1.0,0.35714,1.0,1.0,1.0,0.0,0.88317,0.78571,0.71429,0.7,1.0,1.0,0.5,0.5,0.5,1.0,1.0,0.5,0.5,0.5,0.0,0.0,1.0,1.0,1.0,0.5,0.5,0.3,0.33333,1.0,0.25,1.0,1.0,1.0,1.0
0.0,1.0,0.0,1.0,0.8,0.86667,0.13317,0.86667,0.23333,0.0,0.0,0.66667,0.0,0.26667,0.02222,0.93219,0.0,1.0,1.0,1.0,1.0,1.0,0.0,0.92085,1.0,0.28571,1.0,1.0,1.0,0.0,0.91386,0.85714,0.92857,0.7,1.0,1.0,0.5,0.5,0.5,1.0,1.0,0.5,0.5,0.5,0.0,0.98289,1.0,1.0,1.0,0.5,0.5,0.3,0.4,1.0,1.0,0.6,1.0,0.0,1.0
0.0,1.0,0.0,1.0,0.8,0.86667,0.13998,0.86667,0.3,0.0,0.0,0.66667,0.0,0.22667,0.02667,0.99393,0.0,1.0,1.0,1.0,1.0,1.0,1.0,0.97118,1.0,0.28571,1.0,1.0,1.0,0.0,0.93996,0.85714,0.85714,0.7,1.0,1.0,0.5,0.5,0.5,1.0,1.0,0.5,0.5,0.5,0.0,0.0,1.0,1.0,1.0,0.5,0.5,0.3,0.4,1.0,1.0,0.6,1.0,0.0,1.0
0.5,0.5,0.5,0.5,0.5,0.5,0.07579,0.53333,0.03333,0.0,0.0,0.66667,0.0,0.06667,0.0,0.5,0.5,0.5,0.5,0.5,0.5,0.5,0.5,0.0,0.0,0.21429,0.75,0.6,0.0,0.0,0.0,0.5,0.5,0.5,1.0,1.0,0.5,0.5,0.5,1.0,1.0,0.5,0.5,0.5,0.5,0.5,1.0,0.5,0.5,0.5,0.5,0.5,0.26667,1.0,1.0,1.0,1.0,0.5,0.5
0.5,0.5,0.5,0.5,0.5,0.5,0.05594,0.46667,0.03333,0.0,0.0,0.66667,0.0,0.06667,0.0,0.5,0.5,0.5,0.5,0.5,0.5,0.5,0.5,0.0,0.0,0.35714,0.69065,0.56566,0.2,0.0,0.0,0.5,0.5,0.5,1.0,1.0,0.5,0.5,0.5,1.0,1.0,0.5,0.5,0.5,0.5,0.5,1.0,0.5,0.5,0.5,0.5,0.5,0.33333,0.8,1.0,1.0,1.0,0.5,0.5
1.0,0.5,1.0,0.5,0.53333,0.5,0.06254,0.53333,0.06667,0.0,0.0,0.66667,1.0,0.21333,0.0,0.5,0.5,0.74286,0.61905,1.0,1.0,0.74286,1.0,0.89859,1.0,0.07143,0.89628,0.72047,0.4,0.0,0.83333,1.0,0.57143,0.7,1.0,1.0,0.5,0.5,0.5,1.0,1.0,0.5,0.5,0.5,0.5,0.5,1.0,1.0,1.0,0.5,0.5,0.3,0.33333,0.8,1.0,1.0,1.0,0.2,1.0
1.0,0.5,1.0,0.5,0.4,0.5,0.06423,0.4,0.1,0.0,0.0,0.66667,1.0,0.19111,0.00889,0.35143,0.0,0.90476,0.94286,0.99048,1.0,0.90476,0.0,0.87499,1.0,0.07143,0.86276,0.70611,0.25,0.0,1.0,1.0,0.92857,0.7,1.0,1.0,0.5,0.5,0.5,1.0,1.0,0.5,0.5,0.5,0.0,0.0,1.0,1.0,1.0,0.5,0.5,0.3,0.33333,1.0,0.5,1.0,1.0,1.0,1.0
0.0,0.0,1.0,0.0,0.4,0.33333,0.0041,0.33333,0.33333,0.0,0.0,0.66667,0.0,0.09778,0.04889,0.83717,0.0,0.70476,1.0,0.85714,1.0,0.79048,1.0,0.95347,1.0,0.28571,0.04323,0.03069,0.0,0.0,0.99725,0.92857,0.92857,0.0,1.0,1.0,0.5,0.5,0.5,1.0,1.0,0.5,0.5,0.5,0.0,0.0,1.0,1.0,1.0,1.0,0.06391,1.0,0.06667,0.0,1.0,0.0,1.0,0.0,1.0
0.5,0.5,0.5,0.5,0.5,0.5,0.10895,0.93333,0.06667,0.0,0.0,0.66667,0.0,0.08889,0.0,0.5,0.5,0.97143,0.97143,1.0,1.0,0.5,1.0,0.62846,1.0,0.14286,1.0,1.0,1.0,1.0,0.44444,0.78571,0.5,0.7,1.0,1.0,0.5,0.5,0.5,1.0,1.0,0.5,0.5,0.5,0.5,0.5,1.0,1.0,1.0,0.5,0.5,0.33333,0.2,1.0,0.0,1.0,1.0,1.0,0.5
0.0,0.0,0.0,0.0,0.73333,0.8,0.09195,0.8,0.13333,0.0,0.0,0.66667,0.0,0.15556,0.01333,0.84067,0.0,0.86667,0.72381,0.89524,1.0,0.81905,0.0,0.67123,1.0,0.14286,1.0,1.0,1.0,0.0,0.87916,0.85714,0.85714,0.5,0.93333,0.88448,1.0,0.5669,1.0,1.0,1.0,0.5,0.5,0.5,0.0,0.0,1.0,1.0,1.0,0.5,0.5,0.6,0.13333,0.5,0.0,1.0,1.0,0.5,0.42857
0.5,0.5,0.5,0.5,0.5,0.5,0.01693,0.06667,0.03333,0.0,0.0,0.66667,0.0,0.06667,0.0,0.5,0.5,0.5,0.5,0.5,0.5,0.5,0.5,0.0,0.0,0.5,0.33003,0.1634,0.0,0.0,0.0,0.5,0.5,0.5,1.0,1.0,0.5,0.5,0.5,1.0,1.0,0.5,0.5,0.5,0.5,0.5,1.0,0.5,0.5,0.5,0.5,0.5,0.53333,1.0,1.0,1.0,1.0,0.5,0.5
1.0,0.0,1.0,0.0,0.06667,0.06667,0.0,0.06667,0.23333,0.0,0.0,0.66667,0.0,0.16889,0.03111,0.94926,0.0,0.86667,1.0,0.95238,1.0,0.74286,1.0,0.71212,1.0,0.07143,0.0,0.0,0.0,0.0,0.87327,0.92857,0.57143,0.0,1.0,1.0,0.5,0.5,0.5,1.0,1.0,0.5,0.5,0.5,0.0,0.0,1.0,1.0,1.0,0.5,0.5,1.0,0.06667,0.0,1.0,1.0,1.0,0.0,1.0
0.0,0.0,0.0,1.0,0.1,0.13333,0.0,0.13333,0.3,0.0,0.0,0.66667,0.0,0.12889,0.04,0.99524,0.0,0.91429,1.0,0.74286,1.0,0.72381,0.0,0.91751,1.0,0.07143,0.0,0.0,0.14286,0.0,0.83585,0.85714,0.71429,0.0,1.0,1.0,0.5,0.5,0.5,1.0,1.0,0.5,0.5,0.5,0.0,0.0,1.0,1.0,1.0,0.5,0.5,1.0,0.06667,0.0,1.0,1.0,1.0,0.57143,1.0
1.0,0.5,1.0,0.5,0.2,0.5,2e-05,0.2,0.33333,0.0,0.0,0.66667,1.0,0.14667,0.04444,0.0,0.99672,1.0,1.0,0.74286,1.0,1.0,0.0,0.89651,1.0,0.07143,0.00027,9e-05,0.28571,0.0,0.83707,1.0,1.0,0.0,1.0,1.0,0.5,0.5,0.5,1.0,1.0,0.5,0.5,0.5,0.0,0.0,1.0,1.0,1.0,0.5,0.5,1.0,0.06667,0.0,1.0,1.0,1.0,0.0,1.0
1.0,0.5,1.0,0.5,0.2,0.5,0.0002,0.2,0.36667,0.0,0.0,0.66667,1.0,0.14222,0.04889,0.0,0.99532,1.0,1.0,0.99048,1.0,1.0,0.0,0.85404,1.0,0.07143,0.00339,0.00104,0.28571,0.0,0.83546,1.0,1.0,0.0,1.0,1.0,0.5,0.5,0.5,1.0,1.0,0.5,0.5,0.5,0.0,0.0,1.0,1.0,1.0,0.5,0.5,1.0,0.06667,0.0,1.0,1.0,1.0,0.0,1.0
1.0,0.5,1.0,0.5,0.06667,0.5,0.00062,0.06667,0.4,0.0,0.0,0.66667,1.0,0.14222,0.04889,0.0,0.84613,0.92381,0.92381,0.91429,1.0,0.92381,1.0,0.95912,1.0,0.07143,0.01038,0.00341,0.0,0.0,0.84972,1.0,0.78571,0.0,0.93333,0.9991,0.4059,0.4059,0.4059,1.0,1.0,0.5,0.5,0.5,0.0,0.0,1.0,1.0,1.0,0.5,0.5,1.0,0.06667,0.0,1.0,1.0,1.0,0.0,1.0
1.0,0.5,1.0,0.5,0.13333,0.5,0.00087,0.13333,0.43333,0.0,0.0,0.66667,1.0,0.13333,0.05333,0.0,0.89279,0.84762,0.98095,0.7619,1.0,0.84762,0.0,0.92275,1.0,0.07143,0.01388,0.00422,0.0,0.0,0.84391,1.0,1.0,0.36667,0.93333,0.99946,0.79242,0.79242,0.79242,1.0,1.0,0.5,0.5,0.5,0.14819,0.0,0.63333,1.0,1.0,0.5,0.5,1.0,0.06667,0.0,1.0,1.0,1.0,0.0,1.0
0.0,0.0,0.0,0.0,0.2,0.26667,0.00024,0.26667,0.5,0.0,0.0,0.66667,0.0,0.14222,0.07111,0.0,0.92697,0.92381,0.9619,0.78095,1.0,0.80952,1.0,0.92508,1.0,0.07143,0.00279,0.00122,0.0,0.0,0.81935,0.85714,0.71429,0.0,1.0,1.0,0.5,0.22399,0.5,1.0,1.0,0.0,0.22061,0.28246,0.0,0.0,1.0,1.0,1.0,0.0,0.22061,1.0,0.06667,0.0,1.0,1.0,1.0,0.0,1.0
0.0,0.0,0.0,0.0,0.26667,0.33333,0.00028,0.33333,0.63333,0.0,0.0,0.66667,0.0,0.09333,0.05333,0.9421,0.0,1.0,1.0,0.79048,1.0,0.84762,1.0,0.95771,1.0,0.07143,0.00298,0.00117,0.0,0.0,0.93152,0.78571,0.78571,0.0,1.0,1.0,0.5,0.22399,0.5,1.0,1.0,0.0,0.22061,0.28246,0.0,0.0,1.0,1.0,1.0,0.0,0.22061,1.0,0.06667,0.0,1.0,1.0,1.0,0.33333,1.0
0.0,0.5,1.0,0.5,0.33333,0.5,0.00029,0.33333,0.66667,0.0,0.0,0.66667,1.0,0.08889,0.05778,0.0,0.93033,0.8,1.0,0.78095,1.0,0.8,1.0,0.96493,1.0,0.57143,0.00226,0.00119,0.0,0.0,0.96445,1.0,0.92857,0.46667,1.0,1.0,0.5,0.22399,0.5,1.0,1.0,0.0,0.22061,0.28246,0.0,0.0,1.0,1.0,1.0,0.0,0.22061,1.0,0.06667,0.0,1.0,1.0,1.0,0.0,1.0
0.0,0.0,1.0,1.0,0.4,0.4,0.00029,0.4,0.8,0.0,0.0,0.66667,0.0,0.08,0.02667,0.91544,0.0,0.84762,0.85714,0.80952,1.0,0.72381,1.0,0.95007,1.0,0.07143,0.0023,0.00147,0.0,0.0,0.99419,0.85714,1.0,0.7,1.0,1.0,0.5,0.22399,0.5,1.0,1.0,0.0,0.22061,0.28246,0.0,0.0,1.0,1.0,1.0,0.0,0.03061,1.0,0.06667,0.0,1.0,0.0,1.0,0.0,0.21429
0.5,0.5,0.5,0.5,0.5,0.5,0.09383,0.86667,0.06667,0.0,0.0,0.66667,0.0,0.34667,0.0,0.5,0.5,0.25714,0.87619,1.0,1.0,0.5,1.0,0.55,1.0,0.07143,1.0,1.0,1.0,0.0,0.86207,1.0,0.5,0.7,1.0,1.0,0.5,0.5,0.5,1.0,1.0,0.5,0.5,0.5,0.5,0.5,1.0,1.0,1.0,0.5,0.5,0.3,0.6,0.72727,0.875,1.0,1.0,0.54545,0.5
0.0,1.0,0.0,1.0,0.8,0.93333,0.09711,0.86667,0.16667,0.0,0.0,0.66667,0.0,0.34222,0.02667,0.84796,0.0,1.0,1.0,0.99048,1.0,0.99048,0.0,0.85824,1.0,0.71429,1.0,0.95515,0.5,0.0,1.0,0.57143,0.35714,0.7,1.0,1.0,0.5,0.5,0.5,1.0,1.0,0.5,0.5,0.5,0.0,0.0,1.0,1.0,1.0,0.5,0.5,0.3,0.2,1.0,1.0,1.0,1.0,1.0,1.0
0.0,0.0,0.0,0.0,0.53333,0.6,0.0,0.4,0.56667,0.0,0.0,0.66667,0.0,0.09333,0.05333,0.99052,0.0,1.0,1.0,0.87619,1.0,1.0,0.0,0.61395,1.0,0.64286,0.0,0.0,0.0,0.0,0.98529,1.0,0.92857,0.63333,1.0,1.0,0.5,0.5,0.5,1.0,1.0,0.5,0.5,0.5,0.36598,1.0,0.36667,1.0,1.0,0.0,0.23328,1.0,0.06667,0.0,1.0,1.0,1.0,0.0,1.0
1.0,0.0,1.0,0.0,0.5,0.33333,0.0,0.26667,0.73333,0.0,0.0,0.66667,0.0,0.05778,0.03556,0.98522,0.0,1.0,1.0,0.87619,1.0,1.0,1.0,0.85398,1.0,0.07143,0.0,0.0,0.18182,0.0,0.85305,0.07143,0.42857,0.0,1.0,1.0,0.5,0.5,0.5,1.0,1.0,0.0,0.22061,0.8,0.0,0.0,1.0,1.0,1.0,0.0,0.22061,1.0,0.06667,0.0,1.0,1.0,1.0,0.81818,1.0
0.0,0.0,0.0,0.0,0.1,0.33333,0.0,0.33333,0.8,0.0,0.0,0.66667,0.0,0.04444,0.04444,0.99047,0.0,1.0,1.0,0.87619,1.0,1.0,0.0,0.15638,0.39094,0.07143,0.0,0.0,0.36364,0.0,0.84933,0.07143,1.0,0.0,1.0,1.0,0.5,0.5,0.5,1.0,1.0,0.0,0.22061,0.8,0.0,0.0,1.0,1.0,1.0,0.0,0.22061,1.0,0.06667,0.0,1.0,1.0,1.0,0.0,1.0
1.0,0.5,1.0,0.5,0.4,0.5,0.0,0.4,0.83333,0.0,0.0,0.66667,1.0,0.03556,0.04444,0.99466,0.0,1.0,1.0,0.87619,1.0,1.0,1.0,0.86225,1.0,0.07143,0.0,0.0,0.38462,0.0,0.81117,1.0,0.85714,0.0,1.0,1.0,0.5,0.5,0.5,1.0,1.0,0.0,0.22061,0.8,0.0,0.0,1.0,1.0,1.0,0.0,0.22061,1.0,0.06667,0.0,1.0,1.0,1.0,0.0,1.0
1.0,0.5,1.0,0.5,0.33333,0.5,0.0,0.33333,0.86667,0.0,0.0,0.66667,1.0,0.03556,0.04444,0.0,0.99516,1.0,1.0,0.87619,1.0,1.0,0.0,0.85661,1.0,0.07143,0.0,0.0,0.30769,0.0,0.81121,1.0,1.0,0.0,1.0,1.0,0.5,0.5,0.5,1.0,1.0,0.0,0.22061,0.8,0.0,0.0,1.0,1.0,1.0,0.0,0.22061,1.0,0.06667,0.0,1.0,1.0,1.0,0.0,1.0
0.5,0.5,0.5,0.5,0.5,0.5,0.01864,0.06667,0.03333,0.0,0.0,0.66667,0.0,0.06667,0.0,0.5,0.5,0.5,0.5,0.5,0.5,0.5,0.5,0.0,0.0,0.35714,0.27927,0.16837,0.0,0.0,0.0,0.5,0.5,0.5,1.0,1.0,0.5,0.5,0.5,1.0,1.0,0.5,0.5,0.5,0.5,0.5,1.0,0.5,0.5,0.5,0.5,0.5,0.4,1.0,1.0,1.0,1.0,0.5,0.5
1.0,0.5,1.0,0.5,0.06667,0.5,0.02405,0.06667,0.06667,0.0,0.0,0.66667,1.0,0.42667,0.0,0.5,0.5,0.25714,0.74286,1.0,1.0,0.25714,1.0,0.54638,1.0,0.07143,0.3551,0.23304,0.0,0.0,0.87739,1.0,0.14286,0.7,1.0,1.0,0.5,0.5,0.5,1.0,1.0,0.5,0.5,0.5,0.5,0.5,1.0,1.0,1.0,0.5,0.5,0.3,0.33333,0.36364,1.0,1.0,1.0,0.18182,1.0
0.0,0.0,0.0,0.0,0.06667,0.06667,0.0,0.06667,0.13333,0.0,0.0,0.66667,0.0,0.33778,0.01778,0.71174,0.0,1.0,1.0,0.99048,1.0,0.99048,1.0,0.62304,1.0,0.07143,0.0,0.0,0.0,0.0,0.95296,1.0,0.85714,0.0,1.0,1.0,0.5,0.06263,0.5,1.0,1.0,0.5,0.5,0.5,0.0,1.0,1.0,1.0,1.0,0.0,0.05911,1.0,0.06667,0.0,1.0,1.0,1.0,0.0,1.0
0.0,0.0,0.0,0.0,0.06667,0.13333,0.0,0.13333,0.2,0.0,0.0,0.66667,0.0,0.29333,0.03556,0.89787,0.0,1.0,1.0,0.99048,1.0,1.0,1.0,0.64783,1.0,0.07143,0.0,0.0,0.09091,0.0,0.95359,1.0,1.0,0.0,1.0,1.0,0.5,0.06263,0.5,1.0,1.0,0.5,0.5,0.5,0.0,0.0,1.0,1.0,1.0,0.0,0.05911,1.0,0.06667,0.0,1.0,1.0,1.0,1.0,1.0
0.0,0.0,0.0,0.0,0.13333,0.13333,0.0,0.06667,0.36667,0.0,0.0,0.66667,0.0,0.24444,0.09333,0.0,0.99477,1.0,1.0,0.99048,1.0,1.0,1.0,0.66118,1.0,0.07143,6e-05,3e-05,0.0,0.0,0.90718,0.85714,1.0,0.0,1.0,1.0,0.5,0.06263,0.5,1.0,1.0,0.5,0.5,0.5,0.0,0.0,1.0,1.0,1.0,0.0,0.05911,1.0,0.06667,0.0,1.0,1.0,1.0,0.63636,1.0
1.0,0.5,1.0,0.5,0.06667,0.5,1e-05,0.06667,0.4,0.0,0.0,0.66667,1.0,0.23556,0.10222,0.0,0.99543,1.0,1.0,0.99048,1.0,1.0,0.0,0.57802,1.0,0.42857,5e-05,4e-05,0.0,0.0,0.99544,1.0,0.5,0.0,1.0,1.0,0.5,0.06263,0.5,1.0,1.0,0.5,0.5,0.5,0.0,0.0,1.0,1.0,1.0,0.0,0.05911,1.0,0.06667,0.0,1.0,1.0,1.0,0.0,1.0
1.0,0.5,1.0,0.5,0.06667,0.5,1e-05,0.06667,0.43333,0.0,0.0,0.66667,1.0,0.24,0.09778,0.0,0.9953,1.0,1.0,1.0,1.0,1.0,0.0,0.56456,1.0,0.42857,5e-05,4e-05,0.0,0.0,0.99648,1.0,1.0,0.0,1.0,1.0,0.5,0.06263,0.5,1.0,1.0,0.5,0.5,0.5,0.0,0.0,1.0,1.0,1.0,0.0,0.05911,1.0,0.06667,0.0,1.0,1.0,1.0,0.0,1.0
0.0,0.0,0.0,0.0,0.06667,0.06667,0.0,0.06667,0.7,0.0,0.0,0.66667,0.0,0.17778,0.08889,0.0,0.97627,1.0,1.0,1.0,1.0,1.0,0.0,0.60041,1.0,0.5,3e-05,2e-05,0.0,0.0,0.99489,0.42857,0.92857,0.03333,1.0,1.0,0.5,0.06263,0.5,1.0,1.0,0.5,0.5,0.5,0.0,0.0,1.0,1.0,1.0,0.0,0.05911,0.96667,0.13333,0.2,1.0,0.0,1.0,0.0,1.0
1.0,0.5,1.0,0.5,0.06667,0.5,3e-05,0.06667,0.73333,0.0,0.0,0.66667,1.0,0.16889,0.08,0.0,0.9804,1.0,1.0,1.0,1.0,1.0,0.0,0.59049,1.0,0.5,0.00019,0.00013,0.0,0.0,0.99542,1.0,1.0,0.13333,1.0,1.0,0.5,0.06263,0.5,1.0,1.0,0.5,0.5,0.5,0.0,0.0,1.0,1.0,1.0,0.0,0.05911,0.86667,0.26667,0.6,1.0,0.0,1.0,0.2,1.0
1.0,0.5,1.0,0.5,0.06667,0.5,4e-05,0.06667,0.76667,0.0,0.0,0.66667,1.0,0.16889,0.08,0.0,0.98577,1.0,1.0,1.0,1.0,1.0,0.0,0.57459,1.0,0.5,0.00028,0.0002,0.0,0.0,0.99599,1.0,1.0,0.26667,1.0,1.0,0.5,0.06263,0.5,1.0,1.0,0.5,0.5,0.5,0.0,0.0,1.0,1.0,1.0,0.0,0.05911,0.73333,0.33333,0.8,1.0,0.0,1.0,0.6,1.0
1.0,0.5,1.0,0.5,0.13333,0.5,5e-05,0.13333,0.8,0.0,0.0,0.66667,1.0,0.16,0.07556,0.0,0.99099,1.0,1.0,1.0,1.0,1.0,0.0,0.55972,1.0,0.5,0.00033,0.00024,0.0,0.0,0.9962,1.0,1.0,0.4,1.0,1.0,0.5,0.06263,0.5,1.0,1.0,0.5,0.5,0.5,0.0,0.0,1.0,1.0,1.0,0.0,0.05911,0.6,0.33333,0.8,1.0,0.0,1.0,0.8,1.0
1.0,0.5,1.0,0.5,0.13333,0.5,5e-05,0.13333,0.83333,0.0,0.0,0.66667,1.0,0.15556,0.07111,0.0,0.99207,1.0,1.0,1.0,1.0,1.0,0.0,0.55096,1.0,0.5,0.00033,0.00024,0.0,0.0,0.99641,1.0,1.0,0.5,1.0,1.0,0.5,0.06263,0.5,1.0,1.0,0.5,0.5,0.5,0.0,0.0,1.0,1.0,1.0,0.0,0.05911,0.5,0.33333,0.8,1.0,0.0,1.0,0.8,1.0
1.0,0.5,0.0,0.5,0.13333,0.5,5e-05,0.13333,0.86667,0.0,0.0,0.66667,1.0,0.15556,0.07111,0.0,0.9928,1.0,1.0,0.71429,1.0,1.0,0.0,0.54547,1.0,0.5,0.00032,0.00024,0.0,0.0,0.99649,1.0,1.0,0.56667,1.0,1.0,0.5,0.06263,0.5,1.0,1.0,0.5,0.5,0.5,0.0,0.0,1.0,1.0,1.0,0.0,0.05911,0.43333,0.4,1.0,1.0,0.2,1.0,0.8,1.0
0.5,0.5,0.5,0.5,0.5,0.5,0.0,0.13333,0.5,0.0,0.0,0.66667,0.0,0.04889,0.03556,0.99849,0.0,1.0,1.0,0.93333,1.0,0.5,0.0,0.83353,1.0,0.07143,0.0,0.0,0.4,0.0,0.54441,1.0,0.5,1.0,1.0,1.0,0.5,0.5,0.5,1.0,1.0,0.5,0.5,0.5,0.0,0.0,1.0,1.0,1.0,0.5,0.5,0.0,0.06667,0.2,1.0,1.0,1.0,0.2,0.5
1.0,0.5,1.0,0.5,0.2,0.5,0.0,0.2,0.53333,0.0,0.0,0.66667,1.0,0.04889,0.03556,0.99882,0.0,1.0,1.0,0.93333,1.0,1.0,0.0,0.83353,1.0,0.07143,0.0,0.0,0.4,0.0,0.54467,1.0,1.0,0.0,1.0,1.0,0.5,0.5,0.5,1.0,1.0,0.5,0.5,0.5,0.0,0.0,1.0,1.0,1.0,0.5,0.5,1.0,0.06667,0.0,1.0,1.0,1.0,0.2,1.0
0.0,0.0,0.0,0.0,0.1,0.13333,0.0,0.2,0.63333,0.0,0.0,0.66667,0.0,0.04889,0.03556,0.99942,0.0,1.0,1.0,0.93333,1.0,1.0,0.0,0.83353,1.0,0.07143,0.0,0.0,0.4,0.0,0.54516,1.0,1.0,0.0,1.0,1.0,0.5,0.5,0.5,1.0,1.0,0.5,0.5,0.5,0.0,0.0,1.0,1.0,1.0,0.5,0.5,1.0,0.06667,0.0,1.0,1.0,1.0,0.2,1.0
0.0,0.0,0.0,1.0,0.1,0.2,0.0,0.2,0.7,0.0,0.0,0.66667,0.0,0.04889,0.03556,0.99963,0.0,1.0,1.0,0.93333,1.0,1.0,0.0,0.83353,1.0,0.07143,0.0,0.0,0.4,0.0,0.54535,1.0,1.0,0.0,1.0,1.0,0.5,0.5,0.5,1.0,1.0,0.5,0.5,0.5,0.0,0.0,1.0,1.0,1.0,0.5,0.5,1.0,0.06667,0.0,1.0,1.0,1.0,0.2,1.0
0.0,0.0,0.0,0.0,0.2,0.2,0.0,0.2,0.76667,0.0,0.0,0.66667,0.0,0.04889,0.03556,0.99976,0.0,1.0,1.0,0.93333,1.0,1.0,0.0,0.83353,1.0,0.07143,0.0,0.0,0.4,0.0,0.54547,1.0,1.0,0.0,1.0,1.0,0.5,0.5,0.5,1.0,1.0,0.5,0.5,0.5,0.0,0.0,1.0,1.0,1.0,0.5,0.5,1.0,0.06667,0.0,1.0,1.0,1.0,0.0,1.0
1.0,0.5,1.0,0.5,0.2,0.5,0.0,0.2,0.8,0.0,0.0,0.66667,1.0,0.04889,0.03556,0.99981,0.0,1.0,1.0,0.93333,1.0,1.0,0.0,0.83353,1.0,0.07143,0.0,0.0,0.4,0.0,0.54551,1.0,1.0,0.0,1.0,1.0,0.5,0.5,0.5,1.0,1.0,0.5,0.5,0.5,0.0,0.0,1.0,1.0,1.0,0.5,0.5,1.0,0.06667,0.0,1.0,1.0,1.0,0.0,1.0
0.0,0.5,0.0,0.5,0.2,0.5,0.0,0.2,0.83333,0.0,0.0,0.66667,1.0,0.04889,0.03556,0.99985,0.0,1.0,1.0,0.93333,1.0,1.0,0.0,0.83353,1.0,0.07143,0.0,0.0,0.4,0.0,0.54554,1.0,1.0,0.0,1.0,1.0,0.5,0.5,0.5,1.0,1.0,0.5,0.5,0.5,0.0,0.0,1.0,1.0,1.0,0.5,0.5,1.0,0.06667,0.0,1.0,1.0,1.0,0.0,1.0
0.0,0.5,0.0,0.5,0.2,0.5,0.0,0.2,0.86667,0.0,0.0,0.66667,1.0,0.04889,0.03556,0.99988,0.0,1.0,1.0,0.93333,1.0,1.0,0.0,0.83353,1.0,0.07143,0.0,0.0,0.4,0.0,0.54557,1.0,1.0,0.0,1.0,1.0,0.5,0.5,0.5,1.0,1.0,0.5,0.5,0.5,0.0,0.0,1.0,1.0,1.0,0.5,0.5,1.0,0.06667,0.0,1.0,1.0,1.0,0.0,1.0
1.0,0.5,1.0,0.5,0.2,0.5,0.0,0.2,0.9,0.0,0.0,0.66667,1.0,0.04889,0.03556,0.9999,0.0,1.0,1.0,0.93333,1.0,1.0,0.0,0.83353,1.0,0.07143,0.0,0.0,0.4,0.0,0.54559,1.0,1.0,0.0,1.0,1.0,0.5,0.5,0.5,1.0,1.0,0.5,0.5,0.5,0.0,0.0,1.0,1.0,1.0,0.5,0.5,1.0,0.06667,0.0,1.0,1.0,1.0,0.0,1.0
0.0,0.5,1.0,0.5,0.2,0.5,0.0,0.2,0.93333,0.0,0.0,0.66667,1.0,0.04889,0.03556,0.99992,0.0,1.0,1.0,0.93333,1.0,1.0,0.0,0.83353,1.0,0.07143,0.0,0.0,0.4,0.0,0.54561,1.0,1.0,0.0,1.0,1.0,0.5,0.5,0.5,1.0,1.0,0.5,0.5,0.5,0.0,0.0,1.0,1.0,1.0,0.5,0.5,1.0,0.06667,0.0,1.0,1.0,1.0,0.0,1.0
1.0,0.5,1.0,0.5,0.2,0.5,0.0,0.2,0.96667,0.0,0.0,0.66667,1.0,0.04889,0.03556,0.99994,0.0,1.0,1.0,0.93333,1.0,1.0,0.0,0.83353,1.0,0.07143,0.0,0.0,0.4,0.0,0.54562,1.0,1.0,0.0,1.0,1.0,0.5,0.5,0.5,1.0,1.0,0.5,0.5,0.5,0.0,0.0,1.0,1.0,1.0,0.5,0.5,1.0,0.06667,0.0,1.0,1.0,1.0,0.0,1.0
1.0,0.5,1.0,0.5,0.2,0.5,0.0,0.2,1.0,0.0,0.0,0.66667,1.0,0.04889,0.03556,0.99995,0.0,1.0,1.0,0.93333,1.0,1.0,0.0,0.83353,1.0,0.07143,0.0,0.0,0.4,0.0,0.54563,1.0,1.0,0.0,1.0,1.0,0.5,0.5,0.5,1.0,1.0,0.5,0.5,0.5,0.0,0.0,1.0,1.0,1.0,0.5,0.5,1.0,0.06667,0.0,1.0,1.0,1.0,0.0,1.0
0.5,0.5,0.5,0.5,0.5,0.5,0.0,0.13333,0.46667,0.0,0.0,0.66667,0.0,0.03111,0.08444,0.0,0.98722,1.0,1.0,0.64762,0.94286,0.5,1.0,0.86701,1.0,0.21429,0.0,0.0,0.0,0.0,1.0,1.0,0.5,0.0,1.0,1.0,0.5,0.5,0.5,1.0,1.0,0.5,0.5,0.5,0.0,0.0,1.0,1.0,1.0,0.0,1.0,1.0,0.06667,0.0,1.0,0.0,1.0,0.0,0.5
1.0,0.0,1.0,1.0,0.1,0.13333,0.0,0.13333,0.53333,0.0,0.0,0.66667,0.0,0.02667,0.09778,0.0,0.98424,0.95238,1.0,0.65714,1.0,0.95238,1.0,0.88339,1.0,0.21429,0.0,0.0,0.0,0.0,1.0,0.78571,1.0,0.0,1.0,1.0,0.5,0.5,0.5,1.0,1.0,0.5,0.5,0.5,0.0,0.0,1.0,1.0,1.0,0.0,0.11874,1.0,0.06667,0.0,1.0,0.0,1.0,0.0,1.0
1.0,0.5,1.0,0.5,0.1,0.5,0.0,0.1,0.56667,0.0,0.0,0.66667,1.0,0.02222,0.08889,0.99004,0.0,1.0,1.0,0.65714,1.0,1.0,1.0,0.89597,1.0,0.21429,0.0,0.0,0.0,0.0,1.0,1.0,1.0,0.0,1.0,1.0,0.5,0.5,0.5,1.0,1.0,0.5,0.5,0.5,0.0,0.0,1.0,1.0,1.0,0.0,0.11874,1.0,0.06667,0.0,1.0,0.0,1.0,0.0,1.0
1.0,0.5,1.0,0.5,0.26667,0.5,0.0,0.26667,0.6,0.0,0.0,0.66667,1.0,0.02222,0.08,0.98812,0.0,0.95238,1.0,0.69524,1.0,0.95238,1.0,0.90181,1.0,0.21429,0.0,0.0,0.0,0.0,1.0,1.0,1.0,0.0,1.0,1.0,0.5,0.5,0.5,1.0,1.0,0.5,0.5,0.5,0.0,0.0,1.0,1.0,1.0,0.0,0.11874,1.0,0.06667,0.0,1.0,0.0,1.0,0.0,1.0
0.0,1.0,1.0,1.0,0.16667,0.13333,0.0,0.13333,0.83333,0.0,0.0,0.66667,0.0,0.00889,0.05778,0.0,0.98054,1.0,1.0,0.6,1.0,0.81905,1.0,0.99135,1.0,0.28571,0.0,0.0,0.0,0.0,1.0,0.64286,1.0,0.0,1.0,1.0,0.5,0.5,0.5,1.0,1.0,0.5,0.5,0.5,0.0,0.0,1.0,1.0,1.0,0.0,0.19523,1.0,0.06667,0.0,1.0,0.0,1.0,0.0,1.0
0.0,0.0,1.0,0.0,0.2,0.26667,0.0,0.33333,0.93333,0.0,0.0,0.66667,0.0,0.00889,0.06667,0.99815,0.0,1.0,1.0,0.6,1.0,1.0,1.0,0.99265,1.0,0.28571,0.0,0.0,0.0,0.0,1.0,0.78571,1.0,0.0,1.0,1.0,0.5,0.5,0.5,1.0,1.0,0.5,0.5,0.5,0.0,0.0,1.0,1.0,1.0,0.0,0.19523,1.0,0.06667,0.0,1.0,0.0,1.0,0.0,1.0
0.0,0.0,1.0,1.0,0.33333,0.33333,0.0,0.33333,1.0,0.0,0.0,0.66667,0.0,0.00889,0.07111,0.0,0.99311,1.0,1.0,0.57143,1.0,0.93333,1.0,0.99289,1.0,0.28571,0.0,0.0,0.0,0.0,1.0,0.64286,1.0,0.0,1.0,1.0,0.5,0.5,0.5,1.0,1.0,0.5,0.5,0.5,0.0,0.0,1.0,1.0,1.0,0.0,0.19523,1.0,0.06667,0.0,1.0,0.0,1.0,0.0,1.0
0.5,0.5,0.5,0.5,0.5,0.5,0.07708,0.6,0.16667,0.0,0.0,0.66667,0.0,0.22667,0.03556,0.91575,0.0,0.86667,1.0,0.87619,1.0,0.5,0.0,0.8416,1.0,0.28571,0.9767,0.67209,0.66667,0.0,1.0,0.85714,0.5,0.7,1.0,1.0,0.5,0.5,0.5,1.0,1.0,0.5,0.5,0.5,0.72144,0.0,0.36667,1.0,1.0,0.5,0.5,0.93333,0.2,0.66667,0.5,1.0,1.0,0.66667,0.5
0.0,1.0,1.0,1.0,0.6,0.73333,0.12059,0.8,0.33333,0.0,0.0,0.66667,0.0,0.18667,0.06222,0.0,0.99885,1.0,1.0,0.79048,1.0,0.88571,1.0,0.86284,1.0,0.42857,1.0,0.9367,0.5,0.0,1.0,0.85714,0.92857,0.7,1.0,1.0,0.5,0.5,0.5,1.0,1.0,0.73532,0.84118,1.0,0.0,0.0,1.0,1.0,1.0,1.0,1.0,0.3,0.2,1.0,1.0,0.5,1.0,0.0,1.0
0.0,0.0,0.0,0.0,0.66667,0.53333,0.0,0.1,0.86667,0.0,0.0,0.66667,0.0,0.04889,0.00889,0.0,0.9567,0.79048,0.99048,0.7619,1.0,0.67619,1.0,0.99814,1.0,0.07143,0.0,0.0,0.0,0.0,0.7629,0.85714,0.71429,1.0,1.0,1.0,0.5,0.5,0.5,1.0,1.0,0.73532,0.84118,1.0,0.0,0.0,1.0,1.0,1.0,0.48284,0.06058,1.0,0.0,0.0,1.0,0.0,1.0,0.0,1.0
1.0,0.5,1.0,0.5,0.2,0.5,0.0,0.2,0.9,0.0,0.0,0.66667,1.0,0.04889,0.00889,0.0,0.9814,0.80952,0.99048,0.68571,1.0,0.80952,1.0,0.99978,1.0,0.07143,0.0,0.0,0.0,0.0,0.71852,1.0,0.85714,0.0,1.0,1.0,0.5,0.5,0.5,1.0,1.0,0.73532,0.84118,1.0,0.0,0.0,1.0,1.0,1.0,0.48284,0.06058,1.0,0.06667,0.0,1.0,0.0,1.0,0.0,0.5
0.5,0.5,0.5,0.5,0.5,0.5,0.0738,0.53333,0.1,0.0,0.0,0.66667,0.0,0.09778,0.0,0.95551,0.0,0.95238,0.93333,1.0,1.0,0.5,0.0,0.66562,1.0,0.14286,0.81773,0.69166,0.0,1.0,0.83561,1.0,0.5,0.7,1.0,1.0,0.5,0.5,0.5,1.0,1.0,0.5,0.5,0.5,0.0,0.0,1.0,1.0,1.0,0.5,0.5,0.3,0.13333,1.0,0.0,1.0,1.0,0.0,0.5
0.0,0.5,0.0,0.5,0.53333,0.5,0.07037,0.53333,0.13333,0.0,0.0,0.66667,1.0,0.08889,0.0,0.9901,0.0,0.94286,0.9619,1.0,1.0,0.94286,1.0,0.85164,1.0,0.14286,0.88134,0.59448,0.33333,1.0,0.79738,1.0,0.85714,0.7,1.0,1.0,0.5,0.5,0.5,1.0,1.0,0.5,0.5,0.5,0.0,0.0,1.0,1.0,1.0,0.5,0.5,0.3,0.26667,1.0,0.66667,1.0,1.0,0.33333,1.0
0.0,0.0,0.0,0.0,0.46667,0.46667,0.05815,0.46667,0.2,0.0,0.0,0.66667,0.0,0.10667,0.00444,0.68815,0.0,0.97143,0.95238,1.0,1.0,0.92381,0.0,0.8097,1.0,0.07143,0.77767,0.53234,0.33333,0.0,0.96,1.0,0.85714,0.7,1.0,1.0,0.5,0.5,0.5,1.0,1.0,0.5,0.5,0.5,0.0,0.0,1.0,1.0,1.0,0.5,0.5,0.3,0.2,0.66667,0.0,0.5,1.0,0.66667,1.0
1.0,0.0,1.0,0.0,0.46667,0.4,0.0577,0.4,0.26667,0.0,0.0,0.66667,0.0,0.11111,0.00444,0.90499,0.0,0.9619,0.95238,1.0,1.0,0.99048,0.0,0.80801,1.0,0.07143,0.7673,0.50378,0.33333,0.0,0.92483,1.0,1.0,0.7,1.0,1.0,0.5,0.5,0.5,1.0,1.0,0.5,0.5,0.5,0.0,0.0,1.0,1.0,1.0,0.5,0.5,0.3,0.2,0.66667,1.0,0.5,1.0,0.66667,1.0
1.0,0.5,1.0,0.5,0.4,0.5,0.058,0.4,0.3,0.0,0.0,0.66667,1.0,0.11111,0.00444,0.96146,0.0,0.99048,0.93333,1.0,1.0,0.99048,1.0,0.80922,1.0,0.07143,0.76765,0.49084,0.33333,0.0,0.92648,1.0,1.0,0.7,1.0,1.0,0.5,0.5,0.5,1.0,1.0,0.5,0.5,0.5,0.0,0.0,1.0,1.0,1.0,0.5,0.5,0.3,0.2,0.66667,0.5,0.5,1.0,0.66667,1.0
0.5,0.5,0.5,0.5,0.5,0.5,0.07054,0.6,0.06667,0.0,0.0,0.66667,0.0,0.47111,0.0,0.5,0.5,0.0,1.0,1.0,1.0,0.5,1.0,0.6047,1.0,0.07143,1.0,0.48348,0.61538,0.0,0.82168,0.92857,0.5,0.7,1.0,1.0,0.5,0.5,0.5,1.0,1.0,0.5,0.5,0.5,0.5,0.5,1.0,1.0,1.0,0.5,0.5,0.3,0.73333,0.76923,0.9,1.0,1.0,0.46154,0.5
1.0,0.5,0.0,0.5,0.6,0.5,0.0672,0.6,0.1,0.0,0.0,0.66667,1.0,0.64889,0.0,1.0,0.0,1.0,1.0,1.0,1.0,1.0,0.0,0.52707,1.0,0.07143,0.97239,0.49018,0.53846,0.0,0.82723,1.0,0.85714,0.7,1.0,1.0,0.5,0.5,0.5,1.0,1.0,0.5,0.5,0.5,0.0,0.0,1.0,1.0,1.0,0.5,0.5,0.3,0.66667,0.69231,0.88889,1.0,1.0,0.69231,1.0
0.0,1.0,0.0,0.0,0.53333,0.53333,0.03121,0.33333,0.3,0.0,0.0,0.66667,0.0,0.66667,0.0,1.0,0.0,1.0,0.86667,1.0,1.0,0.86667,0.0,0.54351,1.0,0.07143,1.0,1.0,1.0,0.0,0.95731,1.0,0.14286,0.7,1.0,1.0,0.5,0.5,0.5,1.0,1.0,0.5,0.5,0.5,0.0,0.0,1.0,1.0,1.0,0.5,0.5,0.3,0.13333,1.0,0.0,1.0,1.0,1.0,1.0
0.0,0.0,0.0,0.0,0.06667,0.06667,0.00768,0.06667,0.63333,0.0,0.0,0.66667,0.0,0.65778,0.0,0.99869,0.0,1.0,1.0,1.0,1.0,1.0,1.0,0.56449,1.0,0.07143,0.26398,0.15206,0.0,0.0,0.74895,0.07143,0.85714,0.7,1.0,1.0,0.5,0.5,0.5,1.0,1.0,0.5,0.5,0.5,0.0,0.0,1.0,1.0,1.0,0.5,0.5,0.3,0.13333,1.0,0.0,1.0,1.0,0.0,1.0
0.0,0.0,0.0,0.0,0.06667,0.06667,0.00542,0.06667,0.7,0.0,0.0,0.66667,0.0,0.65333,0.0,0.99944,0.0,1.0,1.0,1.0,1.0,1.0,0.0,0.5382,1.0,0.07143,0.30527,0.18013,0.0,0.0,0.74794,0.07143,0.85714,0.7,1.0,1.0,0.5,0.5,0.5,1.0,1.0,0.5,0.5,0.5,0.0,0.0,1.0,1.0,1.0,0.5,0.5,1.0,0.06667,0.0,1.0,1.0,1.0,0.0,1.0
0.0,0.0,0.0,0.0,0.06667,0.06667,0.00451,0.06667,0.76667,0.0,0.0,0.66667,0.0,0.66222,0.0,0.99902,0.0,1.0,1.0,1.0,1.0,1.0,0.0,0.54072,1.0,0.07143,0.24608,0.14031,0.0,0.0,0.97929,0.07143,0.85714,0.7,1.0,1.0,0.5,0.5,0.5,1.0,1.0,0.5,0.5,0.5,0.0,0.0,1.0,1.0,1.0,0.5,0.5,1.0,0.06667,0.0,1.0,1.0,1.0,0.0,0.28571
0.0,0.5,0.0,0.5,0.06667,0.5,0.00413,0.06667,0.8,0.0,0.0,0.66667,1.0,0.66222,0.0,0.99927,0.0,1.0,1.0,1.0,1.0,1.0,0.0,0.53998,1.0,0.07143,0.23112,0.13066,0.0,0.0,0.98302,1.0,1.0,0.7,1.0,1.0,0.5,0.5,0.5,1.0,1.0,0.5,0.5,0.5,0.0,0.0,1.0,1.0,1.0,0.5,0.5,1.0,0.06667,0.0,1.0,1.0,1.0,0.0,0.28571
0.0,0.5,0.0,0.5,0.06667,0.5,0.00377,0.06667,0.83333,0.0,0.0,0.66667,1.0,0.64444,0.0,0.99955,0.0,1.0,1.0,1.0,1.0,1.0,0.0,0.53984,1.0,0.07143,0.21349,0.1195,0.0,0.0,0.73368,1.0,0.85714,0.7,1.0,1.0,0.5,0.5,0.5,1.0,1.0,0.5,0.5,0.5,0.0,0.0,1.0,1.0,1.0,0.5,0.5,1.0,0.06667,0.0,1.0,1.0,1.0,0.0,0.35714
0.0,0.5,0.0,0.5,0.06667,0.5,0.00342,0.06667,0.86667,0.0,0.0,0.66667,1.0,0.64444,0.0,0.99992,0.0,1.0,1.0,1.0,1.0,1.0,0.0,0.53897,1.0,0.07143,0.19967,0.11091,0.0,0.0,0.83241,1.0,0.85714,0.7,1.0,1.0,0.5,0.5,0.5,1.0,1.0,0.5,0.5,0.5,0.0,0.0,1.0,1.0,1.0,0.5,0.5,1.0,0.06667,0.0,1.0,1.0,1.0,0.0,0.35714
0.0,0.0,0.0,0.0,0.06667,0.06667,0.00257,0.06667,0.96667,0.0,0.0,0.66667,0.0,0.63556,0.0,0.0,0.99943,1.0,1.0,1.0,1.0,1.0,0.0,0.53942,1.0,0.07143,0.15194,0.08222,0.0,0.0,0.83223,0.07143,1.0,0.7,1.0,1.0,0.5,0.5,0.5,1.0,1.0,0.5,0.5,0.5,0.0,0.0,1.0,1.0,1.0,0.5,0.5,1.0,0.06667,0.0,1.0,1.0,1.0,0.0,0.35714
0.0,0.0,0.0,0.0,0.06667,0.06667,0.00193,0.06667,0.0,0.9375,0.0,0.66667,0.0,0.64889,0.0,0.0,0.99934,1.0,1.0,1.0,1.0,1.0,0.0,0.53774,1.0,0.07143,0.1206,0.06417,0.0,0.0,0.72727,0.07143,0.85714,0.7,1.0,1.0,0.5,0.5,0.5,1.0,1.0,0.5,0.5,0.5,0.0,0.0,1.0,1.0,1.0,0.5,0.5,1.0,0.06667,0.0,1.0,1.0,1.0,0.0,0.35714
0.0,0.0,0.0,0.0,0.06667,0.06667,0.00158,0.06667,0.0,0.88235,0.0,0.66667,0.0,0.63111,0.0,0.0,0.99937,1.0,1.0,1.0,1.0,1.0,0.0,0.53835,1.0,0.07143,0.09874,0.05193,0.0,0.0,0.83211,0.07143,0.85714,0.7,1.0,1.0,0.5,0.5,0.5,1.0,1.0,0.5,0.5,0.5,0.0,0.0,1.0,1.0,1.0,0.5,0.5,1.0,0.06667,0.0,1.0,1.0,1.0,0.0,0.35714
0.0,0.0,0.0,0.0,0.06667,0.06667,0.0013,0.06667,0.0,0.83333,0.0,0.66667,0.0,0.64,0.0,0.0,0.99944,1.0,1.0,1.0,1.0,1.0,1.0,0.57913,1.0,0.07143,0.04049,0.02066,0.0,0.0,0.89832,0.07143,0.85714,0.7,1.0,1.0,0.5,0.5,0.5,1.0,1.0,0.5,0.5,0.5,0.0,0.0,1.0,1.0,1.0,0.5,0.5,1.0,0.06667,0.0,1.0,1.0,1.0,0.0,0.35714
0.0,0.0,0.0,0.0,0.06667,0.06667,0.00107,0.06667,0.0,0.78947,0.0,0.66667,0.0,0.63556,0.0,0.0,0.99951,1.0,1.0,1.0,1.0,1.0,0.0,0.53769,1.0,0.07143,0.06884,0.03565,0.0,0.0,0.99603,0.07143,0.85714,0.7,1.0,1.0,0.5,0.5,0.5,1.0,1.0,0.5,0.5,0.5,0.0,0.0,1.0,1.0,1.0,0.5,0.5,1.0,0.06667,0.0,1.0,1.0,1.0,0.0,0.35714
0.0,0.0,0.0,0.0,0.06667,0.06667,0.00088,0.06667,0.0,0.75,0.0,0.66667,0.0,0.64889,0.0,0.0,0.99959,1.0,1.0,1.0,1.0,1.0,0.0,0.53819,1.0,0.07143,0.05619,0.02891,0.0,0.0,0.99626,0.07143,1.0,0.7,1.0,1.0,0.5,0.5,0.5,1.0,1.0,0.5,0.5,0.5,0.0,0.0,1.0,1.0,1.0,0.5,0.5,1.0,0.06667,0.0,1.0,1.0,1.0,0.0,0.35714
0.5,0.5,0.5,0.5,0.5,0.5,0.00941,0.13333,0.03333,0.0,0.0,0.66667,0.0,0.06667,0.0,0.5,0.5,0.5,0.5,0.5,0.5,0.5,0.5,0.0,0.0,0.42857,0.1394,0.07692,0.0,0.0,0.0,0.5,0.5,0.5,1.0,1.0,0.5,0.5,0.5,1.0,1.0,0.5,0.5,0.5,0.5,0.5,1.0,0.5,0.5,0.5,0.5,0.5,0.46667,1.0,1.0,1.0,1.0,0.5,0.5
1.0,1.0,1.0,1.0,0.13333,0.13333,0.01115,0.06667,0.13333,0.0,0.0,0.66667,0.0,0.41333,0.0,0.88236,0.0,0.90476,1.0,1.0,1.0,0.41905,0.0,0.64704,1.0,0.07143,0.17726,0.08941,0.0,0.0,0.87115,1.0,0.35714,0.7,1.0,1.0,0.5,0.5,0.5,1.0,1.0,0.5,0.5,0.5,0.0,0.0,1.0,1.0,1.0,0.5,0.5,0.3,0.46667,0.66667,0.66667,1.0,1.0,1.0,1.0
0.0,1.0,0.0,0.0,0.06667,0.06667,0.00274,0.06667,0.9,0.0,0.0,0.66667,0.0,0.37778,0.02667,0.79313,0.0,1.0,1.0,1.0,1.0,0.75238,1.0,0.992,1.0,0.07143,0.04751,0.02874,0.0,0.0,0.99046,0.92857,0.07143,0.0,1.0,1.0,0.5,0.5,0.5,1.0,1.0,0.5,0.5,0.5,0.0,0.0,1.0,1.0,1.0,0.1351,1.0,1.0,0.06667,0.0,1.0,0.0,1.0,0.5,1.0
0.0,0.0,0.0,0.0,0.06667,0.06667,0.00128,0.06667,0.0,0.96774,0.0,0.66667,0.0,0.36444,0.02667,0.0,0.99687,1.0,1.0,1.0,1.0,1.0,1.0,0.99456,1.0,0.07143,0.02229,0.01412,0.0,0.0,0.95033,0.85714,0.85714,0.7,1.0,1.0,0.5,0.5,0.5,1.0,1.0,0.5,0.5,0.5,0.0,0.0,1.0,1.0,1.0,0.1351,1.0,0.3,0.26667,0.5,0.0,1.0,1.0,0.5,1.0
0.0,0.0,0.0,0.0,0.06667,0.06667,0.00072,0.06667,0.0,0.90909,0.0,0.66667,0.0,0.36889,0.02667,0.0,0.99775,1.0,1.0,1.0,1.0,1.0,0.0,0.98865,1.0,0.07143,0.0127,0.00777,0.0,0.0,0.92957,0.85714,1.0,0.7,1.0,1.0,0.5,0.5,0.5,1.0,1.0,0.5,0.5,0.5,0.0,0.0,1.0,1.0,1.0,0.1351,1.0,0.3,0.2,0.33333,0.0,1.0,1.0,0.33333,1.0
0.0,0.0,0.0,0.0,0.06667,0.06667,0.00047,0.06667,0.0,0.85714,0.0,0.66667,0.0,0.37333,0.02667,0.0,0.99804,1.0,1.0,1.0,1.0,1.0,0.0,0.97905,1.0,0.07143,0.0084,0.00544,0.0,0.0,0.92078,0.85714,1.0,0.7,1.0,1.0,0.5,0.5,0.5,1.0,1.0,0.5,0.5,0.5,0.0,0.0,1.0,1.0,1.0,0.1351,1.0,0.3,0.2,0.33333,0.0,1.0,1.0,0.5,1.0
0.0,0.0,0.0,0.0,0.06667,0.06667,0.00028,0.06667,0.0,0.81081,0.0,0.66667,0.0,0.37333,0.02667,0.0,0.99839,1.0,1.0,1.0,1.0,1.0,0.0,0.96694,1.0,0.07143,0.00515,0.00323,0.0,0.0,0.9163,0.85714,1.0,0.7,1.0,1.0,0.5,0.5,0.5,1.0,1.0,0.5,0.5,0.5,0.0,0.0,1.0,1.0,1.0,0.1351,1.0,0.3,0.13333,0.16667,0.0,1.0,1.0,0.16667,1.0
0.5,0.5,0.5,0.5,0.5,0.5,0.09681,0.73333,0.06667,0.0,0.0,0.66667,0.0,0.07556,0.0,0.5,0.5,0.94286,0.99048,1.0,1.0,0.5,1.0,0.71881,1.0,0.14286,1.0,1.0,1.0,1.0,0.42188,0.92857,0.5,0.7,1.0,1.0,0.5,0.5,0.5,1.0,1.0,0.5,0.5,0.5,0.5,0.5,1.0,1.0,1.0,0.5,0.5,0.36667,0.26667,1.0,0.0,1.0,1.0,1.0,0.5
0.0,0.0,0.0,0.0,0.6,0.6,0.01497,0.2,0.7,0.0,0.0,0.66667,0.0,0.06222,0.00889,0.99938,0.0,0.98095,0.98095,0.99048,1.0,0.92381,1.0,0.79646,1.0,0.07143,0.16268,0.09949,0.0,0.0,0.44444,0.85714,0.64286,0.7,1.0,1.0,0.5,0.5,0.5,1.0,1.0,0.5,0.5,0.5,0.0,0.0,1.0,1.0,1.0,1.0,0.16464,1.0,0.06667,0.0,1.0,0.0,1.0,0.5,0.42857
0.0,0.0,0.0,0.0,0.2,0.2,0.01399,0.2,0.83333,0.0,0.0,0.66667,0.0,0.05778,0.00889,0.99811,0.0,1.0,0.98095,0.99048,1.0,0.98095,1.0,0.66331,1.0,0.14286,0.17031,0.09308,0.0,0.0,0.5,0.92857,0.92857,0.7,1.0,1.0,0.5,0.5,0.5,1.0,1.0,0.5,0.5,0.5,0.0,0.0,1.0,1.0,1.0,1.0,0.16464,1.0,0.06667,0.0,1.0,0.0,1.0,0.0,0.14286
0.5,0.5,0.5,0.5,0.5,0.5,0.08137,0.73333,0.06667,0.0,0.0,0.66667,0.0,0.21778,0.0,0.5,0.5,0.46667,1.0,1.0,1.0,0.5,1.0,0.7409,1.0,0.07143,1.0,0.85931,0.88889,0.0,0.77195,0.92857,0.5,0.7,1.0,1.0,0.5,0.5,0.5,1.0,1.0,0.5,0.5,0.5,0.5,0.5,1.0,1.0,1.0,0.5,0.5,0.3,0.53333,0.77778,0.42857,1.0,1.0,0.77778,0.5
0.0,0.0,0.0,1.0,0.8,0.8,0.00325,0.53333,0.43333,0.0,0.0,0.66667,0.0,0.04889,0.04,0.0,0.99793,0.7619,1.0,0.61905,0.74286,0.72381,1.0,0.93678,1.0,0.78571,0.02263,0.0076,0.5,0.0,0.44444,0.78571,0.21429,0.46667,1.0,1.0,0.5,0.5,0.5,1.0,1.0,0.5,0.5,0.5,0.52941,0.53944,0.53333,1.0,1.0,0.5,0.5,1.0,0.06667,0.0,1.0,1.0,1.0,0.0,1.0
1.0,0.5,1.0,0.5,0.6,0.5,0.00398,0.6,0.46667,0.0,0.0,0.66667,1.0,0.04,0.04444,0.0,0.95598,0.89524,0.98095,0.57143,1.0,0.89524,0.0,0.86271,1.0,0.85714,0.02555,0.0086,0.5,0.0,0.44444,1.0,1.0,0.0,1.0,1.0,0.5,0.5,0.5,1.0,1.0,0.0,0.23644,0.5,0.0,0.43711,1.0,1.0,1.0,0.0,0.23644,1.0,0.06667,0.0,1.0,1.0,1.0,0.0,1.0
1.0,0.5,1.0,0.5,0.6,0.5,0.00476,0.6,0.5,0.0,0.0,0.66667,1.0,0.04,0.04,0.98785,0.0,0.98095,1.0,0.68571,1.0,0.98095,0.0,0.21587,0.53967,0.78571,0.05127,0.02631,0.0,0.0,1.0,1.0,0.78571,0.0,0.93333,0.99908,1.0,1.0,1.0,1.0,1.0,0.0,0.23644,1.0,0.0,0.0,1.0,1.0,1.0,0.0,0.23644,1.0,0.06667,0.0,1.0,1.0,1.0,0.0,1.0
0.0,0.0,1.0,1.0,0.66667,0.73333,0.00142,0.6,0.66667,0.0,0.0,0.66667,0.0,0.01333,0.04444,0.96988,0.0,1.0,1.0,0.65714,1.0,0.87619,1.0,0.97224,1.0,0.85714,0.00751,0.00377,0.0,0.0,1.0,1.0,1.0,0.0,0.93333,0.39369,0.28133,1.0,0.12191,1.0,1.0,0.0,0.23644,1.0,0.0,0.0,1.0,1.0,1.0,0.0,0.23644,1.0,0.06667,0.0,1.0,1.0,1.0,0.0,1.0
0.0,0.0,0.0,0.0,0.46667,0.46667,0.0,0.1,0.0,0.96774,0.0,0.66667,0.0,0.00889,0.04444,0.0,0.99701,1.0,1.0,0.64762,1.0,1.0,0.0,0.97614,1.0,0.85714,0.0,0.0,0.0,0.0,1.0,1.0,1.0,1.0,1.0,1.0,0.5,1.0,0.5,1.0,1.0,0.0,0.23644,1.0,0.0,0.0,1.0,1.0,1.0,0.0,0.23644,0.0,0.06667,1.0,1.0,1.0,1.0,1.0,1.0
0.0,0.0,0.0,0.0,0.13333,0.1,0.0,0.13333,0.0,0.88235,0.0,0.66667,0.0,0.00889,0.04444,0.0,0.99832,1.0,1.0,0.64762,1.0,1.0,0.0,0.97613,1.0,0.85714,0.0,0.0,0.0,0.0,1.0,1.0,1.0,0.0,1.0,1.0,0.5,1.0,0.5,1.0,1.0,0.0,0.23644,1.0,0.0,0.0,1.0,1.0,1.0,0.0,0.23644,1.0,0.06667,0.0,1.0,1.0,1.0,1.0,1.0
0.5,0.5,0.5,0.5,0.5,0.5,0.02481,0.26667,0.03333,0.0,0.0,0.66667,0.0,0.06667,0.0,0.5,0.5,0.5,0.5,0.5,0.5,0.5,0.5,0.0,0.0,0.42857,0.39389,0.17588,0.16667,0.0,0.0,0.5,0.5,0.5,1.0,1.0,0.5,0.5,0.5,1.0,1.0,0.5,0.5,0.5,0.5,0.5,1.0,0.5,0.5,0.5,0.5,0.5,0.46667,1.0,1.0,1.0,1.0,0.5,0.5
0.5,0.5,0.5,0.5,0.5,0.5,0.0214,0.26667,0.03333,0.0,0.0,0.66667,0.0,0.06667,0.0,0.5,0.5,0.5,0.5,0.5,0.5,0.5,0.5,0.0,0.0,0.57143,0.35901,0.15508,0.25,0.0,0.0,0.5,0.5,0.5,1.0,1.0,0.5,0.5,0.5,1.0,1.0,0.5,0.5,0.5,0.5,0.5,1.0,0.5,0.5,0.5,0.5,0.5,0.6,1.0,1.0,1.0,1.0,0.5,0.5
0.0,1.0,0.0,1.0,0.26667,0.33333,0.02262,0.4,0.3,0.0,0.0,0.66667,0.0,0.12444,0.02222,0.99947,0.0,0.71429,0.88571,0.68571,0.91429,0.70476,0.0,0.73482,1.0,0.07143,0.20336,0.14414,0.0,0.0,0.98087,0.92857,0.42857,0.7,1.0,1.0,0.5,0.5,0.5,1.0,1.0,0.5,0.5,0.5,0.0,1.0,1.0,1.0,1.0,0.5,0.5,0.3,0.33333,1.0,0.75,0.5,1.0,0.25,1.0
1.0,0.5,1.0,0.5,0.4,0.5,0.02471,0.4,0.33333,0.0,0.0,0.66667,1.0,0.12444,0.02222,0.98566,0.0,1.0,0.88571,0.68571,1.0,1.0,0.0,0.7246,1.0,0.07143,0.21894,0.1487,0.0,0.0,0.97412,1.0,1.0,0.7,1.0,1.0,0.5,0.5,0.5,1.0,1.0,0.5,0.5,0.5,0.0,0.0,1.0,1.0,1.0,0.5,0.5,0.3,0.33333,1.0,0.75,0.5,1.0,1.0,1.0
1.0,0.5,1.0,0.5,0.4,0.5,0.02503,0.4,0.36667,0.0,0.0,0.66667,1.0,0.11111,0.02222,0.98161,0.0,0.93333,0.93333,0.73333,1.0,0.93333,0.0,0.71383,1.0,0.07143,0.21843,0.14554,0.0,0.0,0.96226,1.0,1.0,0.7,1.0,1.0,0.5,0.5,0.5,1.0,1.0,0.5,0.5,0.5,0.0,0.0,1.0,1.0,1.0,0.5,0.5,0.3,0.33333,1.0,1.0,0.5,1.0,1.0,1.0
1.0,0.5,1.0,0.5,0.4,0.5,0.02694,0.4,0.4,0.0,0.0,0.66667,1.0,0.11556,0.02667,0.97935,0.0,0.88571,0.85714,0.78095,1.0,0.88571,1.0,0.85456,1.0,0.14286,0.22003,0.13639,0.0,1.0,0.98817,1.0,0.92857,0.7,1.0,1.0,0.5,0.5,0.5,1.0,1.0,0.5,0.5,0.5,0.0,0.0,1.0,1.0,1.0,0.5,0.5,0.3,0.26667,1.0,0.66667,0.0,1.0,1.0,1.0
0.5,0.5,0.5,0.5,0.5,0.5,0.09354,0.2,0.53333,0.0,0.5,0.0,0.0,0.4,0.08,0.0,0.98005,1.0,1.0,0.6,1.0,0.5,0.0,0.84572,1.0,0.25,0.62369,0.45316,0.0,0.0,1.0,1.0,0.5,0.7,1.0,1.0,0.5,0.5,0.5,1.0,1.0,0.5,0.5,0.5,0.0,0.0,1.0,1.0,1.0,0.0,0.0,0.3,0.4,1.0,1.0,1.0,1.0,1.0,0.5
0.5,0.5,0.5,0.5,0.5,0.5,0.25596,1.0,0.13333,0.0,0.5,0.0,0.0,0.84,0.0,0.89116,0.0,0.4,1.0,1.0,1.0,0.5,0.0,0.22068,0.5517,0.0,1.0,1.0,1.0,0.0,1.0,1.0,0.5,0.7,1.0,1.0,0.5,0.5,0.5,1.0,1.0,0.5,0.5,0.5,0.0,0.0,1.0,1.0,1.0,0.5,0.5,0.3,0.6,1.0,1.0,1.0,1.0,1.0,0.5
1.0,0.5,0.0,0.5,1.0,0.5,0.25233,1.0,0.16667,0.0,0.5,0.0,1.0,0.72,0.0,0.84744,0.0,1.0,1.0,1.0,1.0,1.0,0.0,0.21689,0.54222,0.0,1.0,1.0,1.0,0.0,1.0,1.0,1.0,0.7,1.0,1.0,0.5,0.5,0.5,1.0,1.0,0.5,0.5,0.5,0.0,0.0,1.0,1.0,1.0,0.5,0.5,0.3,0.6,1.0,1.0,1.0,1.0,1.0,1.0
0.5,0.5,0.5,0.5,0.5,0.5,0.28142,1.0,0.23333,0.0,0.5,0.0,0.0,0.36,0.04,0.90967,0.0,1.0,1.0,1.0,1.0,0.5,0.0,0.8664,1.0,0.25,1.0,1.0,1.0,0.0,1.0,1.0,0.5,0.7,1.0,1.0,0.5,0.5,0.5,1.0,1.0,0.5,0.5,0.5,0.0,0.0,1.0,1.0,1.0,1.0,1.0,0.4,0.4,1.0,0.0,1.0,1.0,1.0,0.5
0.5,0.5,0.5,0.5,0.5,0.5,0.24035,1.0,0.13333,0.0,0.5,0.0,0.0,0.64,0.0,0.86333,0.0,1.0,1.0,1.0,1.0,0.5,0.0,0.17369,0.43422,0.0,1.0,1.0,1.0,0.0,0.99744,1.0,0.5,0.7,1.0,1.0,0.5,0.5,0.5,1.0,1.0,0.5,0.5,0.5,0.0,0.0,1.0,1.0,1.0,0.5,0.5,0.3,0.6,1.0,1.0,1.0,1.0,1.0,0.5
1.0,0.5,0.0,0.5,1.0,0.5,0.23497,1.0,0.16667,0.0,0.5,0.0,1.0,0.56,0.0,0.87461,0.0,1.0,1.0,1.0,1.0,1.0,1.0,0.1768,0.442,0.0,1.0,1.0,1.0,0.0,0.99743,1.0,1.0,0.7,1.0,1.0,0.5,0.5,0.5,1.0,1.0,0.5,0.5,0.5,0.0,0.0,1.0,1.0,1.0,0.5,0.5,0.3,0.6,1.0,1.0,1.0,1.0,1.0,1.0
1.0,0.5,0.0,0.5,1.0,0.5,0.23087,1.0,0.2,0.0,0.5,0.0,1.0,0.52,0.0,0.89592,0.0,1.0,1.0,1.0,1.0,1.0,1.0,0.18132,0.4533,0.0,1.0,1.0,1.0,0.0,0.99814,1.0,1.0,0.7,1.0,1.0,0.5,0.5,0.5,1.0,1.0,0.5,0.5,0.5,0.0,0.0,1.0,1.0,1.0,0.5,0.5,0.3,0.6,1.0,1.0,1.0,1.0,1.0,1.0
1.0,0.5,0.0,0.5,1.0,0.5,0.22764,1.0,0.23333,0.0,0.5,0.0,1.0,0.52,0.0,0.91669,0.0,1.0,1.0,1.0,1.0,1.0,1.0,0.18642,0.46604,0.0,1.0,1.0,1.0,0.0,0.99894,1.0,1.0,0.7,1.0,1.0,0.5,0.5,0.5,1.0,1.0,0.5,0.5,0.5,0.0,0.0,1.0,1.0,1.0,0.5,0.5,0.3,0.6,1.0,1.0,1.0,1.0,1.0,1.0
1.0,0.5,0.0,0.5,1.0,0.5,0.22502,1.0,0.26667,0.0,0.5,0.0,1.0,0.48,0.0,0.94572,0.0,1.0,1.0,1.0,1.0,1.0,1.0,0.19191,0.47978,0.0,1.0,1.0,1.0,0.0,0.99972,1.0,1.0,0.7,1.0,1.0,0.5,0.5,0.5,1.0,1.0,0.5,0.5,0.5,0.0,0.0,1.0,1.0,1.0,0.5,0.5,0.3,0.6,1.0,1.0,1.0,1.0,1.0,1.0
1.0,0.5,0.0,0.5,1.0,0.5,0.22283,1.0,0.3,0.0,0.5,0.0,1.0,0.48,0.0,0.96463,0.0,1.0,1.0,1.0,1.0,1.0,1.0,0.19773,0.49432,0.0,1.0,1.0,1.0,0.0,1.0,1.0,1.0,0.7,1.0,1.0,0.5,0.5,0.5,1.0,1.0,0.5,0.5,0.5,0.0,0.0,1.0,1.0,1.0,0.5,0.5,0.3,0.6,1.0,1.0,1.0,1.0,1.0,1.0
1.0,0.5,0.0,0.5,1.0,0.5,0.22095,1.0,0.33333,0.0,0.5,0.0,1.0,0.48,0.0,0.97594,0.0,1.0,1.0,1.0,1.0,1.0,1.0,0.20382,0.50956,0.0,1.0,1.0,1.0,0.0,1.0,1.0,1.0,0.7,1.0,1.0,0.5,0.5,0.5,1.0,1.0,0.5,0.5,0.5,0.0,0.0,1.0,1.0,1.0,0.5,0.5,0.3,0.6,1.0,1.0,1.0,1.0,1.0,1.0
1.0,0.5,1.0,0.5,1.0,0.5,0.22443,1.0,0.36667,0.0,0.5,0.0,1.0,0.48,0.0,0.98233,0.0,1.0,1.0,1.0,1.0,1.0,1.0,0.21017,0.52542,0.0,1.0,1.0,1.0,0.0,1.0,1.0,1.0,0.7,1.0,1.0,0.5,0.5,0.5,1.0,1.0,0.5,0.5,0.5,0.0,0.0,1.0,1.0,1.0,0.5,0.5,0.3,0.6,1.0,1.0,1.0,1.0,1.0,1.0
1.0,0.5,0.0,0.5,1.0,0.5,0.22119,1.0,0.4,0.0,0.5,0.0,1.0,0.48,0.0,0.98699,0.0,1.0,1.0,1.0,1.0,1.0,1.0,0.21693,0.54231,0.0,1.0,1.0,1.0,0.0,1.0,1.0,1.0,0.7,1.0,1.0,0.5,0.5,0.5,1.0,1.0,0.5,0.5,0.5,0.0,0.0,1.0,1.0,1.0,0.5,0.5,0.3,0.6,1.0,1.0,1.0,1.0,1.0,1.0
1.0,0.5,1.0,0.5,1.0,0.5,0.22401,1.0,0.43333,0.0,0.5,0.0,1.0,0.48,0.0,0.98989,0.0,1.0,1.0,1.0,1.0,1.0,1.0,0.22378,0.55945,0.0,1.0,1.0,1.0,0.0,1.0,1.0,1.0,0.7,1.0,1.0,0.5,0.5,0.5,1.0,1.0,0.5,0.5,0.5,0.0,0.0,1.0,1.0,1.0,0.5,0.5,0.3,0.6,1.0,1.0,1.0,1.0,1.0,1.0
1.0,0.5,1.0,0.5,1.0,0.5,0.22536,1.0,0.46667,0.0,0.5,0.0,1.0,0.48,0.0,0.99213,0.0,1.0,1.0,1.0,1.0,1.0,1.0,0.23098,0.57745,0.0,1.0,1.0,1.0,0.0,1.0,1.0,1.0,0.7,1.0,1.0,0.5,0.5,0.5,1.0,1.0,0.5,0.5,0.5,0.0,0.0,1.0,1.0,1.0,0.5,0.5,0.3,0.6,1.0,1.0,1.0,1.0,1.0,1.0
1.0,0.5,0.0,0.5,1.0,0.5,0.221,1.0,0.5,0.0,0.5,0.0,1.0,0.48,0.0,0.99352,0.0,1.0,1.0,1.0,1.0,1.0,1.0,0.23842,0.59606,0.0,1.0,1.0,1.0,0.0,1.0,1.0,1.0,0.7,1.0,1.0,0.5,0.5,0.5,1.0,1.0,0.5,0.5,0.5,0.0,0.0,1.0,1.0,1.0,0.5,0.5,0.3,0.6,1.0,1.0,1.0,1.0,1.0,1.0
1.0,0.5,0.0,0.5,1.0,0.5,0.21791,1.0,0.53333,0.0,0.5,0.0,1.0,0.48,0.0,0.99485,0.0,1.0,1.0,1.0,1.0,1.0,1.0,0.2459,0.61475,0.0,1.0,1.0,1.0,0.0,1.0,1.0,1.0,0.7,1.0,1.0,0.5,0.5,0.5,1.0,1.0,0.5,0.5,0.5,0.0,0.0,1.0,1.0,1.0,0.5,0.5,0.3,0.6,1.0,1.0,1.0,1.0,1.0,1.0
1.0,0.5,0.0,0.5,1.0,0.5,0.21582,1.0,0.56667,0.0,0.5,0.0,1.0,0.48,0.0,0.99565,0.0,1.0,1.0,1.0,1.0,1.0,1.0,0.25349,0.63373,0.0,1.0,1.0,1.0,0.0,1.0,1.0,1.0,0.7,1.0,1.0,0.5,0.5,0.5,1.0,1.0,0.5,0.5,0.5,0.0,0.0,1.0,1.0,1.0,0.5,0.5,0.3,0.6,1.0,1.0,1.0,1.0,1.0,1.0
1.0,0.5,0.0,0.5,1.0,0.5,0.21357,1.0,0.6,0.0,0.5,0.0,1.0,0.48,0.0,0.99619,0.0,1.0,1.0,1.0,1.0,1.0,1.0,0.26124,0.6531,0.0,1.0,1.0,1.0,0.0,1.0,1.0,1.0,0.7,1.0,1.0,0.5,0.5,0.5,1.0,1.0,0.5,0.5,0.5,0.0,0.0,1.0,1.0,1.0,0.5,0.5,0.3,0.6,1.0,1.0,1.0,1.0,1.0,1.0
1.0,0.5,0.0,0.5,0.8,0.5,0.21148,0.8,0.63333,0.0,0.5,0.0,1.0,0.48,0.0,0.99681,0.0,1.0,1.0,1.0,1.0,1.0,1.0,0.26912,0.67279,0.0,1.0,1.0,1.0,0.0,1.0,1.0,1.0,0.7,1.0,1.0,0.5,0.5,0.5,1.0,1.0,0.5,0.5,0.5,0.0,0.0,1.0,1.0,1.0,0.5,0.5,0.3,0.6,1.0,1.0,1.0,1.0,1.0,1.0
1.0,0.5,0.0,0.5,0.8,0.5,0.20971,0.8,0.66667,0.0,0.5,0.0,1.0,0.48,0.0,0.99735,0.0,1.0,1.0,1.0,1.0,1.0,1.0,0.27713,0.69283,0.0,1.0,1.0,1.0,0.0,1.0,1.0,1.0,0.7,1.0,1.0,0.5,0.5,0.5,1.0,1.0,0.5,0.5,0.5,0.0,0.0,1.0,1.0,1.0,0.5,0.5,0.3,0.6,1.0,1.0,1.0,1.0,1.0,1.0
1.0,0.5,0.0,0.5,0.8,0.5,0.20858,0.8,0.7,0.0,0.5,0.0,1.0,0.48,0.0,0.99755,0.0,1.0,1.0,1.0,1.0,1.0,1.0,0.28528,0.71321,0.0,1.0,1.0,1.0,0.0,1.0,1.0,1.0,0.7,1.0,1.0,0.5,0.5,0.5,1.0,1.0,0.5,0.5,0.5,0.0,0.0,1.0,1.0,1.0,0.5,0.5,0.3,0.6,1.0,1.0,1.0,1.0,1.0,1.0
1.0,0.5,0.0,0.5,0.8,0.5,0.20708,0.8,0.73333,0.0,0.5,0.0,1.0,0.48,0.0,0.99769,0.0,1.0,1.0,1.0,1.0,1.0,1.0,0.29359,0.73398,0.0,1.0,1.0,1.0,0.0,1.0,1.0,1.0,0.7,1.0,1.0,0.5,0.5,0.5,1.0,1.0,0.5,0.5,0.5,0.0,0.0,1.0,1.0,1.0,0.5,0.5,0.3,0.6,1.0,1.0,1.0,1.0,1.0,1.0
1.0,0.5,0.0,0.5,0.8,0.5,0.20553,0.8,0.76667,0.0,0.5,0.0,1.0,0.48,0.0,0.99797,0.0,1.0,1.0,1.0,1.0,1.0,1.0,0.30204,0.75509,0.0,1.0,1.0,1.0,0.0,1.0,1.0,1.0,0.7,1.0,1.0,0.5,0.5,0.5,1.0,1.0,0.5,0.5,0.5,0.0,0.0,1.0,1.0,1.0,0.5,0.5,0.3,0.6,1.0,1.0,1.0,1.0,1.0,1.0
1.0,0.5,0.0,0.5,0.4,0.5,0.19978,0.4,0.8,0.0,0.5,0.0,1.0,0.48,0.0,0.99782,0.0,1.0,1.0,1.0,1.0,1.0,1.0,0.31061,0.77653,0.0,1.0,0.99859,0.5,0.0,1.0,1.0,1.0,0.7,1.0,1.0,0.5,0.5,0.5,1.0,1.0,0.5,0.5,0.5,0.0,0.0,1.0,1.0,1.0,0.5,0.5,0.3,0.6,1.0,1.0,1.0,1.0,1.0,1.0
1.0,0.5,0.0,0.5,0.4,0.5,0.19565,0.4,0.83333,0.0,0.5,0.0,1.0,0.48,0.0,0.99811,0.0,1.0,1.0,1.0,1.0,1.0,1.0,0.31914,0.79785,0.0,1.0,0.9734,0.5,0.0,1.0,1.0,1.0,0.7,1.0,1.0,0.5,0.5,0.5,1.0,1.0,0.5,0.5,0.5,0.0,0.0,1.0,1.0,1.0,0.5,0.5,0.3,0.6,1.0,1.0,1.0,1.0,1.0,1.0
1.0,0.5,0.0,0.5,0.4,0.5,0.19226,0.4,0.86667,0.0,0.5,0.0,1.0,0.48,0.0,0.9984,0.0,1.0,1.0,1.0,1.0,1.0,1.0,0.32772,0.81931,0.0,1.0,0.95379,0.5,0.0,1.0,1.0,1.0,0.7,1.0,1.0,0.5,0.5,0.5,1.0,1.0,0.5,0.5,0.5,0.0,0.0,1.0,1.0,1.0,0.5,0.5,0.3,0.6,1.0,1.0,1.0,1.0,1.0,1.0
1.0,0.5,1.0,0.5,0.4,0.5,0.19387,0.4,0.9,0.0,0.5,0.0,1.0,0.48,0.0,0.99867,0.0,1.0,1.0,1.0,1.0,1.0,1.0,0.33638,0.84096,0.0,1.0,0.98262,0.5,0.0,1.0,1.0,1.0,0.7,1.0,1.0,0.5,0.5,0.5,1.0,1.0,0.5,0.5,0.5,0.0,0.0,1.0,1.0,1.0,0.5,0.5,0.3,0.6,1.0,1.0,1.0,1.0,1.0,1.0
1.0,0.5,1.0,0.5,0.4,0.5,0.19438,0.4,0.93333,0.0,0.5,0.0,1.0,0.48,0.0,0.99879,0.0,1.0,1.0,1.0,1.0,1.0,1.0,0.34533,0.86333,0.0,1.0,0.99822,0.5,0.0,1.0,1.0,1.0,0.7,1.0,1.0,0.5,0.5,0.5,1.0,1.0,0.5,0.5,0.5,0.0,0.0,1.0,1.0,1.0,0.5,0.5,0.3,0.6,1.0,1.0,1.0,1.0,1.0,1.0
0.5,0.5,0.5,0.5,0.5,0.5,0.16482,0.2,0.1,0.0,0.5,0.0,0.0,0.4,0.0,0.894,0.0,1.0,1.0,1.0,1.0,0.5,0.0,0.96433,1.0,0.0,0.80955,0.68004,0.0,0.0,0.5,1.0,0.5,0.7,1.0,1.0,0.5,0.5,0.5,1.0,1.0,0.5,0.5,0.5,0.0,0.0,1.0,1.0,1.0,0.5,0.5,0.3,0.4,1.0,0.0,1.0,1.0,1.0,0.5
0.5,0.5,0.5,0.5,0.5,0.5,0.20553,0.8,0.3,0.0,0.5,0.0,0.0,0.52,0.0,0.98942,0.0,1.0,1.0,1.0,1.0,0.5,0.0,0.68443,1.0,0.25,0.93137,0.7949,0.5,1.0,0.99795,1.0,0.5,0.7,1.0,1.0,0.5,0.5,0.5,1.0,1.0,0.5,0.5,0.5,0.0,0.0,1.0,1.0,1.0,0.5,0.5,0.3,0.6,1.0,1.0,1.0,1.0,1.0,0.5
1.0,1.0,0.0,1.0,0.8,0.8,0.21093,0.8,0.36667,0.0,0.5,0.0,0.0,0.52,0.0,0.0,0.99438,1.0,1.0,1.0,1.0,1.0,1.0,0.68741,1.0,0.25,0.94155,0.8347,0.5,1.0,0.9978,1.0,1.0,0.7,1.0,1.0,0.5,0.5,0.5,1.0,1.0,0.5,0.5,0.5,0.0,0.0,1.0,1.0,1.0,0.5,0.5,0.3,0.6,1.0,1.0,1.0,1.0,1.0,1.0
1.0,1.0,0.0,1.0,0.8,0.8,0.25678,0.8,0.56667,0.0,0.5,0.0,0.0,0.52,0.0,0.0,0.98302,1.0,1.0,1.0,1.0,1.0,0.0,0.64518,1.0,0.25,1.0,0.88478,0.5,1.0,1.0,1.0,1.0,0.7,1.0,1.0,0.5,0.5,0.5,1.0,1.0,0.5,0.5,0.5,0.0,0.0,1.0,1.0,1.0,0.5,0.5,0.3,0.6,1.0,1.0,1.0,1.0,0.0,1.0
0.5,0.5,0.5,0.5,0.5,0.5,0.217,0.8,0.23333,0.0,0.5,0.0,0.0,0.56,0.0,0.99295,0.0,1.0,1.0,1.0,1.0,0.5,1.0,0.95785,1.0,0.0,1.0,1.0,1.0,0.0,1.0,1.0,0.5,0.7,1.0,1.0,0.5,0.5,0.5,1.0,1.0,0.5,0.5,0.5,0.0,0.0,1.0,1.0,1.0,0.5,0.5,0.3,0.4,1.0,1.0,1.0,1.0,1.0,0.5
0.5,0.5,0.5,0.5,0.5,0.5,0.20154,0.6,0.1,0.0,0.5,0.0,0.0,0.44,0.0,0.0,0.93484,0.8,1.0,1.0,1.0,0.5,1.0,0.99357,1.0,0.0,1.0,1.0,1.0,0.0,0.82332,1.0,0.5,0.7,1.0,1.0,0.5,0.5,0.5,1.0,1.0,0.5,0.5,0.5,0.0,0.0,1.0,1.0,1.0,0.5,0.5,0.3,0.4,1.0,1.0,1.0,1.0,0.0,0.5
1.0,0.5,1.0,0.5,0.6,0.5,0.20315,0.6,0.13333,0.0,0.5,0.0,1.0,0.52,0.0,0.98167,0.0,1.0,1.0,1.0,1.0,1.0,0.0,0.9552,1.0,0.0,0.99324,0.98657,0.0,0.0,0.91599,1.0,1.0,0.7,1.0,1.0,0.5,0.5,0.5,1.0,1.0,0.5,0.5,0.5,0.0,0.0,1.0,1.0,1.0,0.5,0.5,0.3,0.4,1.0,1.0,1.0,1.0,1.0,1.0
1.0,0.5,1.0,0.5,0.6,0.5,0.20383,0.6,0.16667,0.0,0.5,0.0,1.0,0.48,0.0,0.97258,0.0,1.0,0.8,1.0,1.0,1.0,0.0,0.90757,1.0,0.0,0.97307,0.94755,0.0,0.0,0.94053,1.0,1.0,0.7,1.0,1.0,0.5,0.5,0.5,1.0,1.0,0.5,0.5,0.5,0.0,0.0,1.0,1.0,1.0,0.5,0.5,0.3,0.4,1.0,1.0,1.0,1.0,1.0,1.0
1.0,0.5,1.0,0.5,0.6,0.5,0.20621,0.6,0.2,0.0,0.5,0.0,1.0,0.44,0.0,0.96737,0.0,1.0,0.8,1.0,1.0,1.0,0.0,0.85759,1.0,0.0,0.96007,0.9232,0.0,0.0,0.95121,1.0,1.0,0.7,1.0,1.0,0.5,0.5,0.5,1.0,1.0,0.5,0.5,0.5,0.0,0.0,1.0,1.0,1.0,0.5,0.5,0.3,0.4,1.0,1.0,1.0,1.0,1.0,1.0
1.0,0.5,1.0,0.5,0.6,0.5,0.21953,0.6,0.23333,0.0,0.5,0.0,1.0,0.52,0.0,0.0,0.99809,1.0,1.0,1.0,1.0,1.0,0.0,0.72142,1.0,0.0,0.95397,0.91199,0.0,0.0,0.95757,1.0,1.0,0.7,1.0,1.0,0.5,0.5,0.5,1.0,1.0,0.5,0.5,0.5,0.0,0.0,1.0,1.0,1.0,0.5,0.5,0.3,0.4,1.0,1.0,1.0,1.0,1.0,1.0
1.0,0.5,1.0,0.5,0.6,0.5,0.23249,0.6,0.26667,0.0,0.5,0.0,1.0,0.48,0.0,0.0,0.99954,1.0,1.0,1.0,1.0,1.0,0.0,0.60104,1.0,0.0,0.94914,0.90321,0.0,0.0,0.96185,1.0,1.0,0.7,1.0,1.0,0.5,0.5,0.5,1.0,1.0,0.5,0.5,0.5,0.0,0.0,1.0,1.0,1.0,0.5,0.5,0.3,0.4,1.0,1.0,1.0,1.0,1.0,1.0
1.0,0.5,1.0,0.5,0.8,0.5,0.23976,0.8,0.3,0.0,0.5,0.0,1.0,0.48,0.0,0.0,0.99812,1.0,1.0,1.0,1.0,1.0,0.0,0.49374,1.0,0.0,0.92405,0.85883,0.0,0.0,0.96512,1.0,1.0,0.7,1.0,1.0,0.5,0.5,0.5,1.0,1.0,0.5,0.5,0.5,0.0,0.0,1.0,1.0,1.0,0.5,0.5,0.3,0.4,1.0,1.0,1.0,1.0,1.0,1.0
1.0,0.5,1.0,0.5,0.8,0.5,0.24327,0.8,0.33333,0.0,0.5,0.0,1.0,0.48,0.0,0.97356,0.0,1.0,1.0,1.0,1.0,1.0,0.0,0.43541,1.0,0.0,0.90765,0.83091,0.0,0.0,0.96605,1.0,1.0,0.7,1.0,1.0,0.5,0.5,0.5,1.0,1.0,0.5,0.5,0.5,0.0,0.0,1.0,1.0,1.0,0.5,0.5,0.3,0.4,1.0,1.0,1.0,1.0,1.0,1.0
1.0,0.5,1.0,0.5,0.8,0.5,0.24618,0.8,0.36667,0.0,0.5,0.0,1.0,0.4,0.0,0.96664,0.0,1.0,1.0,1.0,1.0,1.0,0.0,0.38927,0.97319,0.0,0.8945,0.80914,0.0,0.0,0.96603,1.0,1.0,0.7,1.0,1.0,0.5,0.5,0.5,1.0,1.0,0.5,0.5,0.5,0.0,0.0,1.0,1.0,1.0,0.5,0.5,0.3,0.4,1.0,1.0,1.0,1.0,1.0,1.0
1.0,0.5,1.0,0.5,0.8,0.5,0.24942,0.8,0.4,0.0,0.5,0.0,1.0,0.4,0.0,0.96684,0.0,1.0,1.0,1.0,1.0,1.0,0.0,0.34863,0.87157,0.0,0.88476,0.79333,0.0,0.0,0.96589,1.0,1.0,0.7,1.0,1.0,0.5,0.5,0.5,1.0,1.0,0.5,0.5,0.5,0.0,0.0,1.0,1.0,1.0,0.5,0.5,0.3,0.4,1.0,1.0,1.0,1.0,1.0,1.0
1.0,0.5,1.0,0.5,0.8,0.5,0.25316,0.8,0.43333,0.0,0.5,0.0,1.0,0.36,0.0,0.97343,0.0,1.0,1.0,1.0,1.0,1.0,0.0,0.31069,0.77673,0.0,0.87745,0.78166,0.0,0.0,0.96583,1.0,1.0,0.7,1.0,1.0,0.5,0.5,0.5,1.0,1.0,0.5,0.5,0.5,0.0,0.0,1.0,1.0,1.0,0.5,0.5,0.3,0.4,1.0,1.0,1.0,1.0,1.0,1.0
1.0,0.5,1.0,0.5,0.8,0.5,0.25573,0.8,0.46667,0.0,0.5,0.0,1.0,0.4,0.0,0.99768,0.0,1.0,1.0,1.0,1.0,1.0,0.0,0.28473,0.71183,0.0,0.87197,0.773,0.0,0.0,0.96591,1.0,1.0,0.7,1.0,1.0,0.5,0.5,0.5,1.0,1.0,0.5,0.5,0.5,0.0,0.0,1.0,1.0,1.0,0.5,0.5,0.3,0.4,1.0,1.0,1.0,1.0,1.0,1.0
1.0,0.5,1.0,0.5,0.8,0.5,0.25765,0.8,0.5,0.0,0.5,0.0,1.0,0.4,0.0,0.0,0.97973,1.0,1.0,1.0,1.0,1.0,0.0,0.26552,0.66381,0.0,0.86768,0.76629,0.0,0.0,0.96612,1.0,1.0,0.7,1.0,1.0,0.5,0.5,0.5,1.0,1.0,0.5,0.5,0.5,0.0,0.0,1.0,1.0,1.0,0.5,0.5,0.3,0.4,1.0,1.0,1.0,1.0,1.0,1.0
1.0,0.5,1.0,0.5,0.8,0.5,0.25993,0.8,0.53333,0.0,0.5,0.0,1.0,0.44,0.0,0.0,0.98081,1.0,0.8,1.0,1.0,1.0,0.0,0.24664,0.61659,0.0,0.86448,0.76131,0.0,0.0,0.96644,1.0,1.0,0.7,1.0,1.0,0.5,0.5,0.5,1.0,1.0,0.5,0.5,0.5,0.0,0.0,1.0,1.0,1.0,0.5,0.5,0.3,0.4,1.0,1.0,1.0,1.0,1.0,1.0
1.0,0.5,1.0,0.5,0.8,0.5,0.26262,0.8,0.56667,0.0,0.5,0.0,1.0,0.44,0.0,0.0,0.98979,0.8,1.0,1.0,1.0,0.8,0.0,0.22754,0.56886,0.0,0.86218,0.75774,0.0,0.0,0.96685,1.0,1.0,0.7,1.0,1.0,0.5,0.5,0.5,1.0,1.0,0.5,0.5,0.5,0.0,0.0,1.0,1.0,1.0,0.5,0.5,0.3,0.4,1.0,1.0,1.0,1.0,1.0,1.0
1.0,0.5,1.0,0.5,0.8,0.5,0.2642,0.8,0.6,0.0,0.5,0.0,1.0,0.44,0.0,0.0,0.99526,1.0,1.0,1.0,1.0,1.0,0.0,0.21602,0.54005,0.0,0.86045,0.75508,0.0,0.0,0.96731,1.0,1.0,0.7,1.0,1.0,0.5,0.5,0.5,1.0,1.0,0.5,0.5,0.5,0.0,0.0,1.0,1.0,1.0,0.5,0.5,0.3,0.4,1.0,1.0,1.0,1.0,1.0,1.0
1.0,0.5,1.0,0.5,0.8,0.5,0.26546,0.8,0.63333,0.0,0.5,0.0,1.0,0.48,0.0,0.0,0.99945,1.0,1.0,1.0,1.0,1.0,0.0,0.20707,0.51769,0.0,0.85912,0.75303,0.0,0.0,0.96779,1.0,1.0,0.7,1.0,1.0,0.5,0.5,0.5,1.0,1.0,0.5,0.5,0.5,0.0,0.0,1.0,1.0,1.0,0.5,0.5,0.3,0.4,1.0,1.0,1.0,1.0,1.0,1.0
1.0,0.5,1.0,0.5,0.8,0.5,0.26793,0.8,0.66667,0.0,0.5,0.0,1.0,0.48,0.0,0.0,0.99957,1.0,1.0,1.0,1.0,1.0,0.0,0.19265,0.48162,0.0,0.85816,0.75155,0.0,0.0,0.96828,1.0,1.0,0.7,1.0,1.0,0.5,0.5,0.5,1.0,1.0,0.5,0.5,0.5,0.0,0.0,1.0,1.0,1.0,0.5,0.5,0.3,0.4,1.0,1.0,1.0,1.0,1.0,1.0
1.0,0.5,1.0,0.5,0.8,0.5,0.26981,0.8,0.7,0.0,0.5,0.0,1.0,0.52,0.0,0.0,0.99815,1.0,1.0,1.0,1.0,1.0,0.0,0.18207,0.45518,0.0,0.85746,0.75049,0.0,0.0,0.96878,1.0,1.0,0.7,1.0,1.0,0.5,0.5,0.5,1.0,1.0,0.5,0.5,0.5,0.0,0.0,1.0,1.0,1.0,0.5,0.5,0.3,0.4,1.0,1.0,1.0,1.0,1.0,1.0
1.0,0.5,1.0,0.5,0.8,0.5,0.27122,0.8,0.73333,0.0,0.5,0.0,1.0,0.52,0.0,0.99819,0.0,1.0,1.0,1.0,1.0,1.0,0.0,0.17426,0.43565,0.0,0.85692,0.74966,0.0,0.0,0.96926,1.0,1.0,0.7,1.0,1.0,0.5,0.5,0.5,1.0,1.0,0.5,0.5,0.5,0.0,0.0,1.0,1.0,1.0,0.5,0.5,0.3,0.4,1.0,1.0,1.0,1.0,1.0,1.0
1.0,1.0,1.0,1.0,0.8,0.8,0.27384,0.8,0.8,0.0,0.5,0.0,0.0,0.52,0.0,0.99951,0.0,1.0,1.0,1.0,1.0,1.0,0.0,0.16066,0.40164,0.0,0.8562,0.74856,0.0,0.0,0.97018,1.0,1.0,0.7,1.0,1.0,0.5,0.5,0.5,1.0,1.0,0.5,0.5,0.5,0.0,0.0,1.0,1.0,1.0,0.5,0.5,0.3,0.4,1.0,1.0,1.0,1.0,1.0,1.0
1.0,1.0,1.0,1.0,0.8,0.8,0.28166,0.8,0.0,0.96774,0.5,0.0,0.0,0.48,0.0,0.0,0.99863,1.0,1.0,1.0,1.0,1.0,0.0,0.12509,0.31273,0.0,0.85542,0.74737,0.0,0.0,0.9727,1.0,1.0,0.7,1.0,1.0,0.5,0.5,0.5,1.0,1.0,0.5,0.5,0.5,0.0,0.0,1.0,1.0,1.0,0.5,0.5,0.3,0.4,1.0,1.0,1.0,1.0,1.0,1.0
1.0,0.5,1.0,0.5,0.8,0.5,0.28236,0.8,0.0,0.9375,0.5,0.0,1.0,0.48,0.0,0.0,0.9981,1.0,1.0,1.0,1.0,1.0,0.0,0.12217,0.30543,0.0,0.85539,0.74732,0.0,0.0,0.97298,1.0,1.0,0.7,1.0,1.0,0.5,0.5,0.5,1.0,1.0,0.5,0.5,0.5,0.0,0.0,1.0,1.0,1.0,0.5,0.5,0.3,0.4,1.0,1.0,1.0,1.0,1.0,1.0
1.0,0.5,1.0,0.5,0.8,0.5,0.2828,0.8,0.0,0.90909,0.5,0.0,1.0,0.44,0.0,0.0,0.99857,1.0,1.0,1.0,1.0,1.0,0.0,0.12034,0.30084,0.0,0.85537,0.74729,0.0,0.0,0.97323,1.0,1.0,0.7,1.0,1.0,0.5,0.5,0.5,1.0,1.0,0.5,0.5,0.5,0.0,0.0,1.0,1.0,1.0,0.5,0.5,0.3,0.4,1.0,1.0,1.0,1.0,1.0,1.0
1.0,0.5,1.0,0.5,0.8,0.5,0.28314,0.8,0.0,0.88235,0.5,0.0,1.0,0.44,0.0,0.0,0.99861,1.0,1.0,1.0,1.0,1.0,0.0,0.11894,0.29735,0.0,0.85535,0.74726,0.0,0.0,0.97348,1.0,1.0,0.7,1.0,1.0,0.5,0.5,0.5,1.0,1.0,0.5,0.5,0.5,0.0,0.0,1.0,1.0,1.0,0.5,0.5,0.3,0.4,1.0,1.0,1.0,1.0,1.0,1.0
1.0,0.5,1.0,0.5,0.8,0.5,0.28345,0.8,0.0,0.85714,0.5,0.0,1.0,0.44,0.0,0.0,0.99874,1.0,1.0,1.0,1.0,1.0,0.0,0.1177,0.29425,0.0,0.85534,0.74724,0.0,0.0,0.9737,1.0,1.0,0.7,1.0,1.0,0.5,0.5,0.5,1.0,1.0,0.5,0.5,0.5,0.0,0.0,1.0,1.0,1.0,0.5,0.5,0.3,0.4,1.0,1.0,1.0,1.0,1.0,1.0
1.0,0.5,1.0,0.5,0.8,0.5,0.28352,0.8,0.0,0.83333,0.5,0.0,1.0,0.44,0.0,0.0,0.99964,1.0,1.0,1.0,1.0,1.0,0.0,0.1174,0.2935,0.0,0.85533,0.74723,0.0,0.0,0.97391,1.0,1.0,0.7,1.0,1.0,0.5,0.5,0.5,1.0,1.0,0.5,0.5,0.5,0.0,0.0,1.0,1.0,1.0,0.5,0.5,0.3,0.4,1.0,1.0,1.0,1.0,1.0,1.0
1.0,1.0,0.0,1.0,0.8,0.8,0.28397,0.8,0.0,0.78947,0.5,0.0,0.0,0.44,0.0,0.99973,0.0,1.0,1.0,1.0,1.0,1.0,0.0,0.11557,0.28893,0.0,0.85532,0.74721,0.0,0.0,0.9743,1.0,1.0,0.7,1.0,1.0,0.5,0.5,0.5,1.0,1.0,0.5,0.5,0.5,0.0,0.0,1.0,1.0,1.0,0.5,0.5,0.3,0.4,1.0,1.0,1.0,1.0,1.0,1.0
1.0,0.5,1.0,0.5,0.8,0.5,0.28446,0.8,0.0,0.76923,0.5,0.0,1.0,0.44,0.0,0.0,0.99865,1.0,1.0,1.0,1.0,1.0,0.0,0.11365,0.28412,0.0,0.85531,0.7472,0.0,0.0,0.97447,1.0,1.0,0.7,1.0,1.0,0.5,0.5,0.5,1.0,1.0,0.5,0.5,0.5,0.0,0.0,1.0,1.0,1.0,0.5,0.5,0.3,0.4,1.0,1.0,1.0,1.0,1.0,1.0
1.0,0.5,1.0,0.5,0.8,0.5,0.28462,0.8,0.0,0.75,0.5,0.0,1.0,0.44,0.0,0.0,0.99871,1.0,1.0,1.0,1.0,1.0,0.0,0.113,0.2825,0.0,0.85531,0.7472,0.0,0.0,0.97464,1.0,1.0,0.7,1.0,1.0,0.5,0.5,0.5,1.0,1.0,0.5,0.5,0.5,0.0,0.0,1.0,1.0,1.0,0.5,0.5,0.3,0.4,1.0,1.0,1.0,1.0,1.0,1.0
0.5,0.5,0.5,0.5,0.5,0.5,0.03764,0.2,0.43333,0.0,0.5,0.0,0.0,0.52,0.16,0.99754,0.0,1.0,1.0,1.0,1.0,0.5,1.0,0.88581,1.0,0.25,0.23787,0.13499,0.0,0.0,0.81438,0.75,0.5,0.2,1.0,1.0,0.5,0.5,0.5,1.0,1.0,0.5,0.5,0.5,0.0,0.0,1.0,1.0,1.0,0.0,0.228,1.0,0.2,0.0,1.0,0.0,1.0,0.0,0.5
0.0,0.5,0.0,0.5,0.2,0.5,0.03167,0.2,0.46667,0.0,0.5,0.0,1.0,0.52,0.16,0.0,0.99895,1.0,1.0,1.0,1.0,1.0,0.0,0.8846,1.0,0.25,0.20141,0.11199,0.0,0.0,0.81927,1.0,1.0,0.5,1.0,1.0,0.5,0.5,0.5,1.0,1.0,0.5,0.5,0.5,0.0,0.0,1.0,1.0,1.0,0.0,0.228,1.0,0.2,0.0,1.0,0.0,1.0,0.0,0.5
0.0,0.5,0.0,0.5,0.2,0.5,0.02776,0.2,0.5,0.0,0.5,0.0,1.0,0.52,0.12,0.0,0.99763,1.0,1.0,1.0,1.0,1.0,1.0,0.89589,1.0,0.25,0.17236,0.09431,0.0,0.0,0.82326,1.0,1.0,0.7,1.0,1.0,0.5,0.5,0.5,1.0,1.0,0.5,0.5,0.5,0.0,0.0,1.0,1.0,1.0,0.0,0.228,1.0,0.2,0.0,1.0,0.0,1.0,0.0,0.5
0.0,0.5,0.0,0.5,0.2,0.5,0.02495,0.2,0.53333,0.0,0.5,0.0,1.0,0.52,0.12,0.0,0.99731,1.0,1.0,1.0,1.0,1.0,0.0,0.89283,1.0,0.25,0.15628,0.08476,0.0,0.0,0.82661,1.0,1.0,0.7,1.0,1.0,0.5,0.5,0.5,1.0,1.0,0.5,0.5,0.5,0.0,0.0,1.0,1.0,1.0,0.0,0.228,1.0,0.2,0.0,1.0,0.0,1.0,0.0,0.5
0.0,0.5,0.0,0.5,0.2,0.5,0.02243,0.2,0.56667,0.0,0.5,0.0,1.0,0.36,0.12,0.0,0.99728,1.0,1.0,1.0,1.0,1.0,1.0,0.89419,1.0,0.25,0.14028,0.07543,0.0,0.0,0.82926,1.0,1.0,0.7,1.0,1.0,0.5,0.5,0.5,1.0,1.0,0.5,0.5,0.5,0.0,0.0,1.0,1.0,1.0,0.0,0.228,1.0,0.2,0.0,1.0,0.0,1.0,0.0,0.5
0.0,0.5,0.0,0.5,0.2,0.5,0.02026,0.2,0.6,0.0,0.5,0.0,1.0,0.32,0.12,0.0,0.99745,1.0,1.0,1.0,1.0,1.0,1.0,0.89507,1.0,0.25,0.1266,0.06758,0.0,0.0,0.83141,1.0,1.0,0.7,1.0,1.0,0.5,0.5,0.5,1.0,1.0,0.5,0.5,0.5,0.0,0.0,1.0,1.0,1.0,0.0,0.228,1.0,0.2,0.0,1.0,0.0,1.0,0.0,0.5
0.0,0.5,0.0,0.5,0.2,0.5,0.01834,0.2,0.63333,0.0,0.5,0.0,1.0,0.32,0.08,0.0,0.99761,1.0,1.0,0.7,1.0,1.0,1.0,0.89643,1.0,0.25,0.11437,0.06065,0.0,0.0,0.83314,1.0,1.0,0.7,1.0,1.0,0.5,0.5,0.5,1.0,1.0,0.5,0.5,0.5,0.0,0.0,1.0,1.0,1.0,0.0,0.228,1.0,0.2,0.0,1.0,0.0,1.0,0.0,0.5
0.0,0.5,0.0,0.5,0.2,0.5,0.01663,0.2,0.66667,0.0,0.5,0.0,1.0,0.32,0.08,0.0,0.99773,1.0,1.0,0.7,1.0,1.0,1.0,0.89783,1.0,0.25,0.10346,0.05455,0.0,0.0,0.83454,1.0,1.0,0.7,1.0,1.0,0.5,0.5,0.5,1.0,1.0,0.5,0.5,0.5,0.0,0.0,1.0,1.0,1.0,0.0,0.228,1.0,0.2,0.0,1.0,0.0,1.0,0.0,0.5
0.0,0.5,0.0,0.5,0.2,0.5,0.01509,0.2,0.7,0.0,0.5,0.0,1.0,0.32,0.08,0.0,0.99785,1.0,1.0,0.7,1.0,1.0,1.0,0.89926,1.0,0.25,0.09365,0.04912,0.0,0.0,0.83568,1.0,1.0,0.7,1.0,1.0,0.5,0.5,0.5,1.0,1.0,0.5,0.5,0.5,0.0,0.0,1.0,1.0,1.0,0.0,0.228,1.0,0.2,0.0,1.0,0.0,1.0,0.0,0.5
0.0,0.5,0.0,0.5,0.2,0.5,0.0137,0.2,0.73333,0.0,0.5,0.0,1.0,0.32,0.08,0.0,0.99799,1.0,1.0,0.7,1.0,1.0,1.0,0.90067,1.0,0.25,0.08481,0.04428,0.0,0.0,0.8366,1.0,1.0,0.7,1.0,1.0,0.5,0.5,0.5,1.0,1.0,0.5,0.5,0.5,0.0,0.0,1.0,1.0,1.0,0.0,0.228,1.0,0.2,0.0,1.0,0.0,1.0,0.0,0.5
0.0,1.0,0.0,0.0,0.2,0.2,0.01287,0.2,0.8,0.0,0.5,0.0,0.0,0.32,0.12,0.0,0.99926,1.0,1.0,0.7,1.0,1.0,1.0,0.90584,1.0,0.25,0.07872,0.04097,0.0,0.0,0.83794,0.75,1.0,0.7,1.0,1.0,0.5,0.5,0.5,1.0,1.0,0.5,0.5,0.5,0.0,0.0,1.0,1.0,1.0,0.06403,1.0,1.0,0.2,0.0,1.0,0.0,1.0,0.0,0.5
0.0,0.0,0.0,0.0,0.2,0.2,0.00352,0.2,0.86667,0.0,0.5,0.0,0.0,0.32,0.08,0.99522,0.0,1.0,1.0,1.0,1.0,0.7,1.0,0.89789,1.0,0.25,0.02207,0.01116,0.0,0.0,0.83882,0.75,1.0,0.0,1.0,1.0,0.5,0.41511,0.5,1.0,1.0,0.5,0.5,0.5,0.0,0.0,1.0,1.0,1.0,0.06403,1.0,1.0,0.2,0.0,1.0,0.0,1.0,0.0,0.5
0.0,0.0,0.0,0.0,0.2,0.2,0.00136,0.2,0.93333,0.0,0.5,0.0,0.0,0.28,0.08,0.0,0.99767,1.0,1.0,1.0,1.0,1.0,1.0,0.90119,1.0,0.25,0.00845,0.00424,0.0,0.0,0.83941,0.75,1.0,0.0,1.0,1.0,0.5,0.41511,0.5,1.0,1.0,0.5,0.5,0.5,0.0,0.0,1.0,1.0,1.0,0.06403,1.0,1.0,0.2,0.0,1.0,0.0,1.0,0.0,1.0
0.0,0.5,0.0,0.5,0.2,0.5,0.00104,0.2,0.96667,0.0,0.5,0.0,1.0,0.28,0.08,0.0,0.9963,1.0,1.0,1.0,1.0,1.0,1.0,0.90286,1.0,0.25,0.00644,0.00323,0.0,0.0,0.83963,1.0,1.0,0.2,1.0,1.0,0.5,0.41511,0.5,1.0,1.0,0.5,0.5,0.5,0.0,0.0,1.0,1.0,1.0,0.06403,1.0,1.0,0.2,0.0,1.0,0.0,1.0,0.0,1.0
0.0,0.5,0.0,0.5,0.2,0.5,0.00091,0.2,1.0,0.0,0.5,0.0,1.0,0.28,0.08,0.0,0.99544,1.0,1.0,1.0,1.0,1.0,1.0,0.9045,1.0,0.25,0.00563,0.00282,0.0,0.0,0.8398,1.0,1.0,0.6,1.0,1.0,0.5,0.41511,0.5,1.0,1.0,0.5,0.5,0.5,0.0,0.0,1.0,1.0,1.0,0.06403,1.0,1.0,0.2,0.0,1.0,0.0,1.0,0.0,0.5
0.5,0.5,0.5,0.5,0.5,0.5,0.17555,0.4,0.4,0.0,0.5,0.0,0.0,0.68,0.12,0.99453,0.0,0.6,1.0,1.0,1.0,0.5,0.0,0.98261,1.0,0.0,0.88546,0.79447,0.0,0.0,1.0,0.75,0.5,0.4,0.8,0.85894,1.0,0.5,1.0,1.0,1.0,0.5,0.5,0.5,0.0,0.0,1.0,1.0,1.0,0.58225,0.57034,0.6,0.4,1.0,1.0,1.0,1.0,1.0,0.5
1.0,0.5,1.0,0.5,0.4,0.5,0.17754,0.4,0.43333,0.0,0.5,0.0,1.0,0.68,0.12,0.98574,0.0,1.0,1.0,1.0,1.0,1.0,0.0,0.97776,1.0,0.0,0.89772,0.81442,0.0,0.0,1.0,1.0,1.0,0.6,0.8,0.88766,1.0,1.0,1.0,1.0,1.0,0.5,0.5,0.5,0.0,0.0,1.0,1.0,1.0,0.58225,0.57034,0.4,0.4,1.0,1.0,1.0,1.0,1.0,1.0
1.0,1.0,0.0,0.0,0.4,0.4,0.16417,0.4,0.5,0.0,0.5,0.0,0.0,0.68,0.12,0.99829,0.0,1.0,1.0,1.0,1.0,1.0,0.0,0.90846,1.0,0.0,0.78412,0.6449,0.0,0.0,1.0,1.0,1.0,0.7,1.0,1.0,0.5,1.0,0.5,1.0,1.0,0.5,0.5,0.5,0.0,0.0,1.0,1.0,1.0,0.58225,0.57034,0.3,0.4,1.0,1.0,1.0,1.0,1.0,1.0
1.0,1.0,0.0,0.0,0.4,0.4,0.15116,0.4,0.63333,0.0,0.5,0.0,0.0,0.64,0.12,0.98471,0.0,1.0,1.0,1.0,1.0,1.0,0.0,0.96596,1.0,0.0,0.74306,0.59116,0.0,0.0,1.0,1.0,1.0,0.7,1.0,1.0,0.5,1.0,0.5,1.0,1.0,0.5,0.5,0.5,0.0,0.0,1.0,1.0,1.0,0.58225,0.57034,0.3,0.4,1.0,1.0,1.0,1.0,1.0,1.0
1.0,0.5,1.0,0.5,0.4,0.5,0.1545,0.4,0.66667,0.0,0.5,0.0,1.0,0.56,0.12,0.98465,0.0,1.0,1.0,1.0,1.0,1.0,1.0,0.96746,1.0,0.0,0.76005,0.61296,0.0,0.0,1.0,1.0,1.0,0.7,1.0,1.0,0.5,1.0,0.5,1.0,1.0,0.5,0.5,0.5,0.0,0.0,1.0,1.0,1.0,0.58225,0.57034,0.3,0.4,1.0,1.0,1.0,1.0,1.0,1.0
1.0,0.5,1.0,0.5,0.4,0.5,0.15647,0.4,0.7,0.0,0.5,0.0,1.0,0.56,0.12,0.98715,0.0,1.0,1.0,1.0,1.0,1.0,0.0,0.96499,1.0,0.0,0.76879,0.62442,0.0,0.0,1.0,1.0,1.0,0.7,1.0,1.0,0.5,1.0,0.5,1.0,1.0,0.5,0.5,0.5,0.0,0.0,1.0,1.0,1.0,0.58225,0.57034,0.3,0.4,1.0,1.0,1.0,1.0,1.0,1.0
1.0,0.5,1.0,0.5,0.4,0.5,0.15814,0.4,0.73333,0.0,0.5,0.0,1.0,0.52,0.12,0.98972,0.0,1.0,1.0,1.0,1.0,1.0,0.0,0.9637,1.0,0.0,0.77649,0.63464,0.0,0.0,1.0,1.0,1.0,0.7,1.0,1.0,0.5,1.0,0.5,1.0,1.0,0.5,0.5,0.5,0.0,0.0,1.0,1.0,1.0,0.58225,0.57034,0.3,0.4,1.0,1.0,1.0,1.0,1.0,1.0
1.0,1.0,0.0,0.0,0.4,0.4,0.14507,0.4,0.8,0.0,0.5,0.0,0.0,0.52,0.12,0.0,0.9987,1.0,1.0,1.0,1.0,1.0,0.0,0.97747,1.0,0.0,0.73365,0.57935,0.0,0.0,1.0,1.0,1.0,0.7,1.0,1.0,0.5,1.0,0.5,1.0,1.0,0.5,0.5,0.5,0.0,0.0,1.0,1.0,1.0,0.58225,0.57034,0.3,0.4,1.0,1.0,1.0,1.0,1.0,1.0
1.0,0.5,1.0,0.5,0.4,0.5,0.14864,0.4,0.83333,0.0,0.5,0.0,1.0,0.52,0.12,0.0,0.99983,1.0,1.0,1.0,1.0,1.0,1.0,0.97769,1.0,0.0,0.75161,0.60206,0.0,0.0,1.0,1.0,1.0,0.7,1.0,1.0,0.5,1.0,0.5,1.0,1.0,0.5,0.5,0.5,0.0,0.0,1.0,1.0,1.0,0.58225,0.57034,0.3,0.4,1.0,1.0,1.0,1.0,1.0,1.0
1.0,0.5,0.0,0.5,0.4,0.5,0.14495,0.4,0.86667,0.0,0.5,0.0,1.0,0.52,0.12,0.0,0.9988,1.0,1.0,1.0,1.0,1.0,0.0,0.95432,1.0,0.0,0.74188,0.58967,0.0,0.0,1.0,1.0,1.0,0.7,1.0,1.0,0.5,1.0,0.5,1.0,1.0,0.5,0.5,0.5,0.0,0.0,1.0,1.0,1.0,0.58225,0.57034,0.3,0.4,1.0,1.0,1.0,1.0,1.0,1.0
1.0,0.5,0.0,0.5,0.4,0.5,0.14165,0.4,0.9,0.0,0.5,0.0,1.0,0.52,0.12,0.0,0.99671,1.0,1.0,1.0,1.0,1.0,0.0,0.92862,1.0,0.0,0.73495,0.58096,0.0,0.0,1.0,1.0,1.0,0.7,1.0,1.0,0.5,1.0,0.5,1.0,1.0,0.5,0.5,0.5,0.0,0.0,1.0,1.0,1.0,0.58225,0.57034,0.3,0.4,1.0,1.0,1.0,1.0,1.0,1.0
1.0,0.5,0.0,0.5,0.4,0.5,0.13843,0.4,0.93333,0.0,0.5,0.0,1.0,0.52,0.12,0.0,0.99628,1.0,1.0,1.0,1.0,1.0,0.0,0.9018,1.0,0.0,0.72885,0.57338,0.0,0.0,1.0,1.0,1.0,0.7,1.0,1.0,0.5,1.0,0.5,1.0,1.0,0.5,0.5,0.5,0.0,0.0,1.0,1.0,1.0,0.58225,0.57034,0.3,0.4,1.0,1.0,1.0,1.0,1.0,1.0
1.0,0.5,0.0,0.5,0.4,0.5,0.13552,0.4,0.96667,0.0,0.5,0.0,1.0,0.52,0.12,0.0,0.99629,1.0,1.0,1.0,1.0,1.0,0.0,0.88361,1.0,0.0,0.72083,0.56351,0.0,0.0,1.0,1.0,1.0,0.7,1.0,1.0,0.5,1.0,0.5,1.0,1.0,0.5,0.5,0.5,0.0,0.0,1.0,1.0,1.0,0.58225,0.57034,0.3,0.4,1.0,1.0,1.0,1.0,1.0,1.0
1.0,0.5,0.0,0.5,0.4,0.5,0.13352,0.4,1.0,0.0,0.5,0.0,1.0,0.52,0.12,0.0,0.99632,1.0,1.0,1.0,1.0,1.0,0.0,0.86971,1.0,0.0,0.71586,0.55747,0.0,0.0,1.0,1.0,1.0,0.7,1.0,1.0,0.5,1.0,0.5,1.0,1.0,0.5,0.5,0.5,0.0,0.0,1.0,1.0,1.0,0.58225,0.57034,0.3,0.4,1.0,1.0,1.0,1.0,1.0,1.0
1.0,1.0,0.0,0.0,0.4,0.4,0.12756,0.4,0.0,0.9375,0.5,0.0,0.0,0.52,0.12,0.0,0.99743,1.0,1.0,1.0,1.0,1.0,0.0,0.84286,1.0,0.0,0.69473,0.53225,0.0,0.0,1.0,1.0,1.0,0.7,1.0,1.0,0.5,1.0,0.5,1.0,1.0,0.5,0.5,0.5,0.0,0.0,1.0,1.0,1.0,0.58225,0.57034,0.3,0.4,1.0,1.0,1.0,1.0,1.0,1.0
1.0,1.0,0.0,1.0,0.4,0.4,0.13361,0.4,0.0,0.85714,0.5,0.0,0.0,0.52,0.12,0.0,0.99875,1.0,1.0,1.0,1.0,1.0,1.0,0.82431,1.0,0.0,0.73581,0.58204,0.0,0.0,1.0,1.0,1.0,0.7,1.0,1.0,0.5,1.0,0.5,1.0,1.0,0.5,0.5,0.5,0.0,0.0,1.0,1.0,1.0,0.58225,0.57034,0.3,0.4,1.0,1.0,1.0,1.0,1.0,1.0
0.0,1.0,0.0,0.0,0.4,0.4,0.11788,0.4,0.0,0.76923,0.5,0.0,0.0,0.48,0.12,0.0,0.99858,1.0,1.0,1.0,1.0,1.0,0.0,0.7752,1.0,0.0,0.66943,0.50311,0.0,0.0,1.0,1.0,1.0,0.7,1.0,1.0,0.5,1.0,0.5,1.0,1.0,0.5,0.5,0.5,0.0,0.0,1.0,1.0,1.0,0.58225,0.57034,0.3,0.4,1.0,1.0,1.0,1.0,1.0,1.0
1.0,0.5,1.0,0.5,0.4,0.5,0.11878,0.4,0.0,0.75,0.5,0.0,1.0,0.48,0.12,0.0,0.99915,1.0,1.0,1.0,1.0,1.0,0.0,0.77144,1.0,0.0,0.67616,0.51075,0.0,0.0,1.0,1.0,1.0,0.7,1.0,1.0,0.5,1.0,0.5,1.0,1.0,0.5,0.5,0.5,0.0,0.0,1.0,1.0,1.0,0.58225,0.57034,0.3,0.4,1.0,1.0,1.0,1.0,1.0,1.0
0.5,0.5,0.5,0.5,0.5,0.5,0.21131,0.8,0.23333,0.0,0.5,0.0,0.0,0.72,0.0,0.86623,0.0,1.0,1.0,1.0,1.0,0.5,0.0,0.2594,0.6485,0.0,1.0,1.0,1.0,0.0,1.0,1.0,0.5,0.7,1.0,1.0,0.5,0.5,0.5,1.0,1.0,0.5,0.5,0.5,0.0,0.0,1.0,1.0,1.0,0.5,0.5,0.3,0.6,1.0,1.0,1.0,1.0,1.0,0.5
0.0,1.0,0.0,0.0,0.6,0.4,0.19591,0.4,0.3,0.0,0.5,0.0,0.0,0.64,0.0,0.92518,0.0,1.0,1.0,1.0,1.0,1.0,0.0,0.23793,0.59484,0.0,0.97163,0.92559,0.0,0.0,1.0,1.0,1.0,0.7,1.0,1.0,0.5,0.5,0.5,1.0,1.0,0.5,0.5,0.5,0.0,0.0,1.0,1.0,1.0,0.5,0.5,0.3,0.6,1.0,1.0,1.0,1.0,1.0,1.0
1.0,0.5,1.0,0.5,0.6,0.5,0.20318,0.6,0.33333,0.0,0.5,0.0,1.0,0.56,0.0,0.95122,0.0,1.0,1.0,1.0,1.0,1.0,0.0,0.22727,0.56818,0.0,1.0,0.96527,0.5,0.0,1.0,1.0,1.0,0.7,1.0,1.0,0.5,0.5,0.5,1.0,1.0,0.5,0.5,0.5,0.0,0.0,1.0,1.0,1.0,0.5,0.5,0.3,0.6,1.0,1.0,1.0,1.0,1.0,1.0
1.0,0.5,1.0,0.5,0.6,0.5,0.20855,0.6,0.36667,0.0,0.5,0.0,1.0,0.52,0.0,0.96729,0.0,1.0,1.0,1.0,1.0,1.0,0.0,0.21717,0.54293,0.0,1.0,0.99138,0.5,0.0,1.0,1.0,1.0,0.7,1.0,1.0,0.5,0.5,0.5,1.0,1.0,0.5,0.5,0.5,0.0,0.0,1.0,1.0,1.0,0.5,0.5,0.3,0.6,1.0,1.0,1.0,1.0,1.0,1.0
1.0,0.5,0.0,0.5,0.6,0.5,0.20804,0.6,0.4,0.0,0.5,0.0,1.0,0.52,0.0,0.97716,0.0,1.0,1.0,1.0,1.0,1.0,0.0,0.20728,0.51819,0.0,1.0,0.96527,0.5,0.0,1.0,1.0,1.0,0.7,1.0,1.0,0.5,0.5,0.5,1.0,1.0,0.5,0.5,0.5,0.0,0.0,1.0,1.0,1.0,0.5,0.5,0.3,0.6,1.0,1.0,1.0,1.0,1.0,1.0
1.0,0.5,1.0,0.5,0.6,0.5,0.20844,0.6,0.43333,0.0,0.5,0.0,1.0,0.52,0.0,0.98435,0.0,1.0,1.0,1.0,1.0,1.0,0.0,0.19743,0.49356,0.0,1.0,0.95119,0.5,0.0,1.0,1.0,1.0,0.7,1.0,1.0,0.5,0.5,0.5,1.0,1.0,0.5,0.5,0.5,0.0,0.0,1.0,1.0,1.0,0.5,0.5,0.3,0.6,1.0,1.0,1.0,1.0,1.0,1.0
1.0,0.5,0.0,0.5,0.6,0.5,0.20362,0.6,0.46667,0.0,0.5,0.0,1.0,0.52,0.0,0.98936,0.0,1.0,1.0,1.0,1.0,1.0,0.0,0.18772,0.4693,0.0,0.97475,0.91596,0.5,0.0,1.0,1.0,1.0,0.7,1.0,1.0,0.5,0.5,0.5,1.0,1.0,0.5,0.5,0.5,0.0,0.0,1.0,1.0,1.0,0.5,0.5,0.3,0.6,1.0,1.0,1.0,1.0,1.0,1.0
1.0,0.5,1.0,0.5,0.6,0.5,0.20606,0.6,0.5,0.0,0.5,0.0,1.0,0.52,0.0,0.99291,0.0,1.0,1.0,1.0,1.0,1.0,0.0,0.17811,0.44528,0.0,0.97937,0.91433,0.5,0.0,1.0,1.0,1.0,0.7,1.0,1.0,0.5,0.5,0.5,1.0,1.0,0.5,0.5,0.5,0.0,0.0,1.0,1.0,1.0,0.5,0.5,0.3,0.6,1.0,1.0,1.0,1.0,1.0,1.0
1.0,0.5,1.0,0.5,0.6,0.5,0.20804,0.6,0.53333,0.0,0.5,0.0,1.0,0.52,0.0,0.99579,0.0,1.0,1.0,1.0,1.0,1.0,0.0,0.16877,0.42194,0.0,0.98185,0.91355,0.5,0.0,1.0,1.0,1.0,0.7,1.0,1.0,0.5,0.5,0.5,1.0,1.0,0.5,0.5,0.5,0.0,0.0,1.0,1.0,1.0,0.5,0.5,0.3,0.6,1.0,1.0,1.0,1.0,1.0,1.0
1.0,0.5,1.0,0.5,0.8,0.5,0.21022,0.8,0.56667,0.0,0.5,0.0,1.0,0.52,0.0,0.99769,0.0,1.0,1.0,1.0,1.0,1.0,0.0,0.1579,0.39476,0.0,0.98381,0.91289,0.5,0.0,1.0,1.0,1.0,0.7,1.0,1.0,0.5,0.5,0.5,1.0,1.0,0.5,0.5,0.5,0.0,0.0,1.0,1.0,1.0,0.5,0.5,0.3,0.6,1.0,1.0,1.0,1.0,1.0,1.0
1.0,0.5,1.0,0.5,0.8,0.5,0.21173,0.8,0.6,0.0,0.5,0.0,1.0,0.52,0.0,0.99971,0.0,1.0,1.0,1.0,1.0,1.0,0.0,0.14652,0.36631,0.0,0.98193,0.92952,0.5,0.0,1.0,1.0,1.0,0.7,1.0,1.0,0.5,0.5,0.5,1.0,1.0,0.5,0.5,0.5,0.0,0.0,1.0,1.0,1.0,0.5,0.5,0.3,0.6,1.0,1.0,1.0,1.0,1.0,1.0
1.0,1.0,1.0,1.0,0.8,1.0,0.24623,1.0,0.66667,0.0,0.5,0.0,0.0,0.52,0.0,0.0,0.99624,1.0,1.0,1.0,1.0,1.0,0.0,0.13059,0.32647,0.0,1.0,1.0,1.0,0.0,1.0,1.0,1.0,0.7,1.0,1.0,0.5,0.5,0.5,1.0,1.0,0.5,0.5,0.5,0.0,0.0,1.0,1.0,1.0,0.5,0.5,0.3,0.6,1.0,1.0,1.0,1.0,0.0,1.0
0.5,0.5,0.5,0.5,0.5,0.5,0.01307,0.2,0.73333,0.0,0.5,0.0,0.0,0.28,0.04,0.94755,0.0,0.9,0.9,1.0,1.0,0.5,1.0,0.87993,1.0,0.25,0.08612,0.04649,0.0,0.0,0.70448,0.5,0.5,0.5,1.0,1.0,0.5,0.5,0.5,1.0,1.0,0.5,0.5,0.5,0.0,0.0,1.0,1.0,1.0,0.5,0.5,1.0,0.2,0.0,1.0,1.0,1.0,0.0,0.5
0.0,0.0,0.0,0.0,0.2,0.2,0.01115,0.2,0.8,0.0,0.5,0.0,0.0,0.28,0.04,0.0,0.99384,1.0,1.0,1.0,1.0,1.0,1.0,0.88209,1.0,0.25,0.07294,0.04785,0.0,0.0,0.67733,0.5,1.0,0.7,1.0,1.0,0.5,0.5,0.5,1.0,1.0,0.5,0.5,0.5,0.0,0.0,1.0,1.0,1.0,0.5,0.5,1.0,0.2,0.0,1.0,1.0,1.0,0.0,0.25
0.0,0.0,0.0,0.0,0.2,0.2,0.01098,0.2,1.0,0.0,0.5,0.0,0.0,0.16,0.04,0.98864,0.0,1.0,0.9,1.0,1.0,0.9,0.0,0.81217,1.0,0.25,0.08656,0.04524,0.0,0.0,0.89258,1.0,0.25,0.7,1.0,1.0,0.5,0.5,0.5,1.0,1.0,0.5,0.5,0.5,0.0,0.0,1.0,1.0,1.0,0.5,0.5,1.0,0.2,0.0,1.0,1.0,1.0,0.0,0.25
0.5,0.5,0.5,0.5,0.5,0.5,0.36678,1.0,0.0,0.75,0.5,0.0,0.0,0.44,0.08,0.77928,0.0,1.0,1.0,0.9,1.0,0.5,0.0,0.76632,1.0,0.25,1.0,1.0,1.0,0.0,1.0,1.0,0.5,0.7,1.0,1.0,0.5,0.5,0.5,1.0,1.0,0.5,0.5,0.5,0.0,0.0,1.0,1.0,1.0,0.5,0.5,0.3,0.4,1.0,1.0,1.0,1.0,1.0,0.5
0.5,0.5,0.5,0.5,0.5,0.5,0.08653,0.3,0.23333,0.0,1.0,0.0,0.0,0.62,0.05,0.93729,0.0,1.0,1.0,1.0,1.0,0.5,0.0,0.7841,1.0,0.11111,0.93436,0.77062,0.5,0.0,0.93301,0.77778,0.5,0.65,1.0,1.0,0.5,0.5,0.5,1.0,1.0,0.5,0.5,0.5,0.0,0.0,1.0,1.0,1.0,0.86475,0.9835,0.35,0.3,1.0,1.0,0.5,0.5,0.5,0.5
0.0,0.0,0.0,0.0,0.1,0.1,0.06838,0.1,0.3,0.0,1.0,0.0,0.0,0.61,0.05,0.97175,0.0,1.0,1.0,1.0,1.0,0.66667,0.0,0.78077,1.0,0.11111,0.75257,0.56029,0.0,0.0,0.9616,0.88889,0.77778,0.7,1.0,1.0,0.5,0.5,0.5,1.0,1.0,0.5,0.5,0.5,0.0,0.0,1.0,1.0,1.0,0.0,0.14778,0.3,0.2,0.5,1.0,0.0,0.0,0.5,1.0
1.0,0.5,1.0,0.5,0.2,0.5,0.06885,0.2,0.33333,0.0,1.0,0.0,1.0,0.57,0.05,0.97085,0.0,1.0,1.0,1.0,1.0,1.0,0.0,0.73824,1.0,0.11111,0.86287,0.58411,0.5,0.0,0.9749,1.0,1.0,0.7,1.0,1.0,0.5,0.5,0.5,1.0,1.0,0.5,0.5,0.5,0.0,0.0,1.0,1.0,1.0,0.0,0.14778,0.3,0.2,0.5,1.0,0.0,0.0,0.5,1.0
0.0,0.0,0.0,0.0,0.1,0.1,0.03411,0.2,0.53333,0.0,1.0,0.0,0.0,0.38,0.04,0.99554,0.0,1.0,1.0,1.0,1.0,1.0,1.0,0.69738,1.0,0.11111,0.53368,0.26913,0.5,0.0,0.9959,0.77778,1.0,0.7,1.0,1.0,0.5,0.43717,0.5,1.0,1.0,0.5,0.5,0.5,0.0,0.0,1.0,1.0,1.0,0.0,0.14778,0.3,0.2,0.5,1.0,0.0,0.0,0.5,1.0
0.0,0.0,0.0,0.0,0.1,0.1,0.02337,0.1,0.6,0.0,1.0,0.0,0.0,0.35,0.04,0.99565,0.0,1.0,1.0,1.0,1.0,1.0,0.0,0.69587,1.0,0.11111,0.37078,0.18304,0.0,0.0,0.9835,0.77778,1.0,0.7,1.0,1.0,0.5,0.43717,0.5,1.0,1.0,0.5,0.5,0.5,0.0,0.0,1.0,1.0,1.0,0.0,0.14778,0.3,0.2,0.5,0.0,0.0,0.0,0.5,1.0
1.0,0.5,1.0,0.5,0.1,0.5,0.02409,0.1,0.63333,0.0,1.0,0.0,1.0,0.35,0.03,0.99848,0.0,1.0,1.0,1.0,1.0,1.0,0.0,0.69352,1.0,0.11111,0.39249,0.18558,0.0,0.0,0.98243,1.0,1.0,0.7,1.0,1.0,0.5,0.43717,0.5,1.0,1.0,0.5,0.5,0.5,0.0,0.0,1.0,1.0,1.0,0.0,0.14778,0.3,0.2,0.5,1.0,0.0,0.0,0.5,1.0
0.5,0.5,0.5,0.5,0.5,0.5,0.07518,0.1,0.33333,0.0,1.0,0.0,0.0,0.1,0.0,0.99293,0.0,1.0,1.0,1.0,1.0,0.5,0.0,0.03532,0.08831,0.0,1.0,1.0,1.0,0.0,1.0,1.0,0.5,0.7,1.0,1.0,0.5,0.5,0.5,1.0,1.0,0.5,0.5,0.5,0.0,0.0,1.0,1.0,1.0,0.5,0.5,1.0,0.1,1.0,1.0,1.0,1.0,1.0,0.5
0.0,0.0,0.0,0.0,0.1,0.1,0.07518,0.1,0.63333,0.0,1.0,0.0,0.0,0.1,0.0,0.99905,0.0,1.0,1.0,1.0,1.0,1.0,0.0,0.03532,0.08831,0.0,1.0,1.0,1.0,0.0,1.0,1.0,1.0,0.7,1.0,1.0,0.5,0.5,0.5,1.0,1.0,0.5,0.5,0.5,0.0,0.0,1.0,1.0,1.0,0.5,0.5,1.0,0.1,1.0,1.0,1.0,1.0,1.0,0.44444
0.5,0.5,0.5,0.5,0.5,0.5,0.11861,0.8,0.23333,0.0,1.0,0.0,0.0,0.43,0.02,0.95342,0.0,0.73333,0.73333,1.0,1.0,0.5,0.0,0.9713,1.0,0.11111,1.0,1.0,1.0,0.0,0.96159,1.0,0.5,0.7,1.0,1.0,0.5,0.5,0.5,1.0,1.0,0.5,0.5,0.5,0.0,0.0,1.0,1.0,1.0,1.0,1.0,0.3,0.4,1.0,0.33333,1.0,1.0,1.0,0.5
0.0,0.0,0.0,0.0,0.4,0.1,0.02435,0.1,0.33333,0.0,1.0,0.0,0.0,0.4,0.06,0.97719,0.0,1.0,1.0,0.73333,0.73333,0.73333,0.0,0.96186,1.0,0.11111,0.25527,0.19602,0.0,0.0,0.96897,0.77778,0.77778,0.0,0.9,0.92919,0.55903,0.45563,0.74537,1.0,1.0,0.5,0.5,0.5,0.0,0.0,1.0,1.0,1.0,0.0,0.17812,1.0,0.1,0.0,1.0,0.0,1.0,0.0,1.0
0.0,0.0,0.0,0.0,0.1,0.1,0.00227,0.1,0.63333,0.0,1.0,0.0,0.0,0.11,0.06,0.98249,0.0,0.97778,1.0,0.88889,1.0,0.6,0.0,0.96663,1.0,0.11111,0.02372,0.01493,0.0,0.0,0.82754,0.77778,0.77778,0.0,0.9,0.9469,0.42472,1.0,0.19113,1.0,1.0,0.5,0.5,0.5,0.0,0.0,1.0,1.0,1.0,0.0,0.17812,1.0,0.1,0.0,1.0,0.0,1.0,0.0,1.0
0.5,0.5,0.5,0.5,0.5,0.5,0.12224,1.0,0.1,0.0,1.0,0.0,0.0,0.59,0.0,0.88622,0.0,0.82222,1.0,1.0,1.0,0.5,1.0,0.80872,1.0,0.11111,1.0,1.0,1.0,1.0,1.0,0.77778,0.5,0.7,1.0,1.0,0.5,0.5,0.5,1.0,1.0,0.5,0.5,0.5,0.0,0.0,1.0,1.0,1.0,0.5,0.5,0.3,0.3,1.0,1.0,1.0,1.0,0.0,0.5
1.0,0.5,0.0,0.5,1.0,0.5,0.11753,1.0,0.13333,0.0,1.0,0.0,1.0,0.58,0.0,0.92264,0.0,1.0,0.95556,1.0,1.0,1.0,1.0,0.80919,1.0,0.11111,1.0,1.0,1.0,1.0,1.0,1.0,1.0,0.7,1.0,1.0,0.5,0.5,0.5,1.0,1.0,0.5,0.5,0.5,0.0,0.0,1.0,1.0,1.0,0.5,0.5,0.3,0.3,1.0,1.0,1.0,1.0,1.0,1.0
0.0,0.0,0.0,0.0,0.4,0.8,0.06463,0.2,0.3,0.0,1.0,0.0,0.0,0.53,0.07,0.76328,0.0,1.0,1.0,1.0,1.0,1.0,0.0,0.7542,1.0,0.11111,0.77584,0.51371,0.5,0.0,1.0,0.88889,0.77778,0.0,0.6,0.56234,0.0,0.5,0.40801,1.0,1.0,0.5,0.5,0.5,0.0,0.0,1.0,1.0,1.0,1.0,1.0,1.0,0.1,0.0,1.0,0.0,1.0,0.0,1.0
0.0,0.0,0.0,0.0,0.1,0.1,0.02747,0.1,0.36667,0.0,1.0,0.0,0.0,0.52,0.08,0.0,0.91764,0.73333,0.73333,0.68889,0.68889,0.68889,0.0,0.81135,1.0,0.11111,0.37686,0.20359,0.0,0.0,0.82323,0.88889,0.66667,0.0,0.9,0.90624,1.0,1.0,1.0,1.0,1.0,0.5,0.5,0.5,0.0,0.0,1.0,1.0,1.0,1.0,1.0,1.0,0.1,0.0,1.0,0.0,1.0,0.0,1.0
0.0,0.0,0.0,0.0,0.1,0.1,0.00978,0.1,0.53333,0.0,1.0,0.0,0.0,0.43,0.11,0.98585,0.0,1.0,1.0,0.95556,0.86667,0.73333,1.0,0.77854,1.0,0.11111,0.15247,0.06016,0.0,0.0,0.88113,0.88889,0.77778,0.65,1.0,1.0,0.5,1.0,0.5,1.0,1.0,0.5,0.5,0.5,0.0,0.0,1.0,1.0,1.0,1.0,1.0,0.35,0.3,0.66667,1.0,1.0,1.0,0.66667,1.0
0.0,0.0,0.0,0.0,0.1,0.1,0.00402,0.1,0.66667,0.0,1.0,0.0,0.0,0.39,0.11,0.97857,0.0,1.0,1.0,0.86667,1.0,0.86667,1.0,0.76971,1.0,0.11111,0.06531,0.02395,0.0,0.0,0.91076,0.88889,1.0,0.65,1.0,1.0,0.5,1.0,0.5,1.0,1.0,0.5,0.5,0.5,0.0,0.0,1.0,1.0,1.0,1.0,1.0,0.35,0.3,0.66667,0.0,0.5,1.0,0.66667,1.0
0.5,0.5,0.5,0.5,0.5,0.5,0.12323,1.0,0.46667,0.0,1.0,0.0,0.0,0.45,0.05,0.98855,0.0,0.64444,1.0,0.53333,1.0,0.5,0.0,0.74011,1.0,0.11111,1.0,1.0,1.0,0.0,1.0,0.88889,0.5,0.7,1.0,1.0,0.5,0.5,0.5,1.0,1.0,0.5,0.5,0.5,0.0,0.0,1.0,1.0,1.0,1.0,1.0,0.3,0.2,1.0,1.0,1.0,1.0,0.0,0.5
0.0,0.5,0.0,0.5,0.7,0.5,0.10594,0.7,0.5,0.0,1.0,0.0,1.0,0.46,0.05,0.0,0.9952,1.0,1.0,0.53333,1.0,1.0,0.0,0.73953,1.0,0.11111,0.90064,0.81924,0.0,0.0,0.9502,1.0,1.0,0.7,1.0,1.0,0.5,0.5,0.5,1.0,1.0,0.5,0.5,0.5,0.0,0.0,1.0,1.0,1.0,1.0,1.0,0.3,0.2,1.0,0.0,1.0,1.0,1.0,1.0
0.0,0.0,0.0,0.0,0.2,0.1,0.03735,0.1,0.8,0.0,1.0,0.0,0.0,0.42,0.03,0.9916,0.0,1.0,1.0,1.0,1.0,0.6,1.0,0.65349,1.0,0.11111,0.50998,0.34227,0.0,0.0,1.0,1.0,0.77778,0.7,1.0,1.0,0.5,0.5,0.5,1.0,1.0,0.5,0.5,0.5,0.0,0.0,1.0,1.0,1.0,0.53339,1.0,0.3,0.2,1.0,1.0,1.0,1.0,0.0,1.0
0.0,0.0,0.0,0.0,0.1,0.1,0.00963,0.1,0.93333,0.0,1.0,0.0,0.0,0.41,0.02,0.97194,0.0,1.0,1.0,1.0,1.0,1.0,1.0,0.67029,1.0,0.11111,0.13515,0.07247,0.0,0.0,1.0,0.88889,0.77778,0.55,1.0,1.0,0.5,0.5,0.5,1.0,1.0,0.5,0.5,0.5,0.0,0.0,1.0,1.0,1.0,0.03898,0.216,0.45,0.2,1.0,1.0,1.0,1.0,0.0,1.0
0.5,0.5,0.5,0.5,0.5,0.5,0.073,0.1,0.6,0.0,1.0,0.0,0.0,0.48,0.05,0.99777,0.0,1.0,1.0,1.0,1.0,0.5,0.0,0.9496,1.0,0.11111,0.77362,0.70642,0.0,1.0,1.0,0.77778,0.5,0.7,1.0,1.0,0.5,0.5,0.5,1.0,1.0,0.5,0.5,0.5,0.0,0.0,1.0,1.0,1.0,0.6474,0.50641,0.3,0.4,1.0,1.0,1.0,1.0,1.0,0.5
0.5,0.5,0.5,0.5,0.5,0.5,0.07518,0.1,0.33333,0.0,1.0,0.0,0.0,0.1,0.0,0.99103,0.0,1.0,1.0,1.0,1.0,0.5,0.0,0.03532,0.08831,0.0,1.0,1.0,1.0,0.0,1.0,1.0,0.5,0.7,1.0,1.0,0.5,0.5,0.5,1.0,1.0,0.5,0.5,0.5,0.0,0.0,1.0,1.0,1.0,0.5,0.5,1.0,0.1,1.0,1.0,1.0,1.0,1.0,0.5
0.0,0.0,0.0,0.0,0.1,0.1,0.07518,0.1,0.63333,0.0,1.0,0.0,0.0,0.1,0.0,0.99905,0.0,1.0,1.0,1.0,1.0,1.0,0.0,0.03532,0.08831,0.0,1.0,1.0,1.0,0.0,1.0,1.0,1.0,0.7,1.0,1.0,0.5,0.5,0.5,1.0,1.0,0.5,0.5,0.5,0.0,0.0,1.0,1.0,1.0,0.5,0.5,1.0,0.1,1.0,1.0,1.0,1.0,1.0,0.44444
0.0,0.5,0.0,0.5,0.1,0.5,0.07518,0.1,0.66667,0.0,1.0,0.0,1.0,0.1,0.0,0.99924,0.0,1.0,1.0,1.0,1.0,1.0,0.0,0.03532,0.08831,0.0,1.0,1.0,1.0,0.0,1.0,1.0,1.0,0.7,1.0,1.0,0.5,0.5,0.5,1.0,1.0,0.5,0.5,0.5,0.0,0.0,1.0,1.0,1.0,0.5,0.5,1.0,0.1,1.0,1.0,1.0,1.0,1.0,0.44444
0.5,0.5,0.5,0.5,0.5,0.5,0.04711,0.2,0.16667,0.0,1.0,0.0,0.0,0.28,0.07,0.0,0.96692,0.64444,0.66667,0.66667,0.66667,0.5,0.0,0.76717,1.0,0.11111,0.52218,0.36554,0.0,0.0,0.93444,0.66667,0.5,0.85,1.0,1.0,0.5,0.5,0.5,1.0,1.0,0.5,0.5,0.5,0.40845,0.0,0.15,1.0,1.0,0.35667,1.0,1.0,0.1,0.0,1.0,0.0,1.0,0.0,0.5
1.0,1.0,1.0,1.0,0.2,0.3,0.07231,0.3,0.26667,0.0,1.0,0.0,0.0,0.24,0.1,0.0,0.9882,1.0,0.97778,0.88889,0.91111,0.73333,0.0,0.94102,1.0,0.11111,0.77583,0.49862,0.33333,0.0,0.94227,0.66667,0.66667,0.55,0.9,0.90038,1.0,0.5,0.71423,1.0,1.0,1.0,0.82856,1.0,0.0,0.0,1.0,1.0,1.0,0.63314,1.0,0.45,0.4,1.0,1.0,0.33333,1.0,0.0,1.0
0.0,0.0,0.0,0.0,0.2,0.2,0.03987,0.3,0.36667,0.0,1.0,0.0,0.0,0.18,0.1,0.9518,0.0,1.0,1.0,0.93333,1.0,0.84444,1.0,0.82124,1.0,0.0,0.43999,0.27306,0.0,0.0,0.96797,0.88889,0.77778,0.0,0.9,0.98377,0.80357,0.32665,0.80357,1.0,1.0,1.0,0.82856,1.0,0.0,0.0,1.0,1.0,1.0,0.95239,1.0,1.0,0.1,0.0,1.0,0.0,1.0,0.0,1.0
1.0,0.5,1.0,0.5,0.3,0.5,0.04452,0.3,0.4,0.0,1.0,0.0,1.0,0.19,0.1,0.97109,0.0,1.0,1.0,0.93333,1.0,1.0,1.0,0.88536,1.0,0.0,0.47317,0.29304,0.0,0.0,0.96718,1.0,1.0,0.55,1.0,1.0,0.5,0.32665,0.5,1.0,1.0,1.0,0.82856,1.0,0.0,0.0,1.0,1.0,1.0,0.95239,1.0,0.45,0.4,1.0,1.0,0.66667,1.0,0.0,1.0
0.0,0.0,0.0,0.0,0.3,0.15,0.0,0.2,0.5,0.0,1.0,0.0,0.0,0.18,0.09,0.97547,0.0,1.0,1.0,0.93333,1.0,1.0,1.0,0.809,1.0,0.0,0.0,0.0,0.0,0.0,0.99304,0.88889,1.0,0.0,1.0,1.0,0.5,0.22551,0.5,1.0,1.0,1.0,0.82856,1.0,0.0,0.0,1.0,1.0,1.0,0.95239,1.0,1.0,0.1,0.0,1.0,0.0,1.0,1.0,1.0
0.0,0.0,0.0,0.0,0.1,0.1,0.0,0.1,0.56667,0.0,1.0,0.0,0.0,0.17,0.06,0.96313,0.0,1.0,1.0,0.93333,1.0,1.0,0.0,0.75756,1.0,0.0,0.0,0.0,0.0,0.0,0.99212,0.88889,1.0,1.0,1.0,1.0,0.5,0.22551,0.5,1.0,1.0,1.0,0.82856,1.0,0.0,0.0,1.0,1.0,1.0,0.95239,1.0,0.0,0.3,1.0,0.66667,0.66667,1.0,1.0,1.0
1.0,1.0,1.0,1.0,0.1,0.2,0.0,0.2,0.76667,0.0,1.0,0.0,0.0,0.13,0.05,0.0,0.99492,1.0,1.0,0.86667,1.0,0.91111,1.0,0.72573,1.0,0.11111,0.0,0.0,0.0,0.0,0.95334,0.77778,1.0,0.0,1.0,1.0,0.5,0.22551,0.5,1.0,1.0,1.0,0.82856,1.0,0.0,0.0,1.0,1.0,1.0,0.95239,1.0,1.0,0.1,0.0,1.0,0.0,1.0,0.0,1.0
0.5,0.5,0.5,0.5,0.5,0.5,0.12184,0.7,0.33333,0.0,1.0,0.0,0.0,0.39,0.03,0.88005,0.0,1.0,1.0,1.0,1.0,0.5,0.0,0.67932,1.0,0.11111,1.0,0.98539,0.66667,0.0,0.98593,0.88889,0.5,0.7,1.0,1.0,0.5,0.5,0.5,1.0,1.0,0.5,0.5,0.5,0.0,0.0,1.0,1.0,1.0,0.0,0.0,0.3,0.4,1.0,0.0,1.0,1.0,0.0,0.5
0.0,0.0,0.0,0.0,0.2,0.1,0.00017,0.1,0.83333,0.0,1.0,0.0,0.0,0.12,0.07,0.0,0.9763,1.0,0.97778,0.77778,1.0,0.62222,1.0,0.78431,1.0,0.11111,0.00241,0.00119,0.0,0.0,0.99579,0.77778,0.55556,0.0,1.0,1.0,0.5,0.13589,0.5,1.0,1.0,0.5,0.5,0.5,0.0,0.0,1.0,1.0,1.0,0.0,0.0,1.0,0.1,0.0,1.0,0.0,1.0,0.0,1.0
0.0,0.0,0.0,0.0,0.1,0.1,0.0001,0.1,0.96667,0.0,1.0,0.0,0.0,0.12,0.07,0.0,0.9993,1.0,0.88889,0.82222,1.0,1.0,1.0,0.7658,1.0,0.11111,0.00155,0.0008,0.0,0.0,0.9862,0.77778,1.0,0.0,1.0,1.0,0.5,0.13589,0.5,1.0,1.0,0.5,0.5,0.5,0.0,0.0,1.0,1.0,1.0,0.0,0.0,1.0,0.1,0.0,1.0,0.0,1.0,0.0,1.0
0.5,0.5,0.5,0.5,0.5,0.5,0.15955,1.0,0.26667,0.0,1.0,0.0,0.0,0.35,0.03,0.98056,0.0,0.73333,1.0,0.73333,1.0,0.5,0.0,0.80296,1.0,0.11111,1.0,1.0,1.0,0.0,1.0,0.88889,0.5,0.7,1.0,1.0,0.5,0.5,0.5,1.0,1.0,0.5,0.5,0.5,0.0,0.0,1.0,1.0,1.0,1.0,1.0,0.3,0.2,1.0,1.0,1.0,1.0,0.0,0.5
0.0,0.0,0.0,0.0,0.9,0.9,0.13946,0.9,0.33333,0.0,1.0,0.0,0.0,0.36,0.03,0.0,0.99282,1.0,1.0,0.86667,1.0,1.0,1.0,0.83866,1.0,0.11111,0.91665,0.84612,0.0,0.0,0.94601,0.77778,1.0,0.7,1.0,1.0,0.5,0.5,0.5,1.0,1.0,0.5,0.5,0.5,0.0,0.0,1.0,1.0,1.0,1.0,1.0,0.3,0.2,1.0,0.0,1.0,1.0,1.0,1.0
0.5,0.5,0.5,0.5,0.5,0.5,0.17126,1.0,0.0,0.88235,1.0,0.0,0.0,0.3,0.01,0.40114,0.0,1.0,1.0,1.0,1.0,0.5,0.0,0.66709,1.0,0.0,1.0,1.0,1.0,0.0,0.98527,1.0,0.5,0.7,1.0,1.0,0.5,0.5,0.5,1.0,1.0,0.5,0.5,0.5,0.0,0.0,1.0,1.0,1.0,1.0,0.97133,0.3,0.3,1.0,1.0,1.0,1.0,1.0,0.5
0.5,0.5,0.5,0.5,0.5,0.5,0.06934,0.6,0.76667,0.0,1.0,0.0,0.0,0.21,0.03,0.99085,0.0,0.75556,1.0,0.82222,1.0,0.5,0.0,0.60094,1.0,0.11111,1.0,1.0,1.0,0.0,1.0,0.77778,0.5,0.7,1.0,1.0,0.5,0.5,0.5,1.0,1.0,0.5,0.5,0.5,0.0,0.0,1.0,1.0,1.0,1.0,0.67048,0.3,0.2,1.0,0.0,1.0,1.0,1.0,0.5
0.0,0.0,0.0,0.0,0.5,0.5,0.00234,0.4,0.9,0.0,1.0,0.0,0.0,0.13,0.05,0.0,0.89414,0.8,1.0,0.64444,1.0,0.68889,1.0,0.85201,1.0,0.11111,0.03891,0.00782,0.28571,0.0,0.96424,1.0,0.33333,0.0,1.0,1.0,0.5,0.5,0.5,1.0,1.0,0.5,0.5,0.5,0.0,0.0,1.0,1.0,1.0,1.0,0.14579,1.0,0.1,0.0,1.0,0.0,1.0,0.0,1.0
0.5,0.5,0.5,0.5,0.5,0.5,0.10857,0.8,0.1,0.0,1.0,0.0,0.0,0.67,0.0,0.98027,0.0,1.0,1.0,1.0,1.0,0.5,0.0,0.94984,1.0,0.11111,1.0,0.94394,0.66667,1.0,0.97402,0.88889,0.5,0.7,1.0,1.0,0.5,0.5,0.5,1.0,1.0,0.5,0.5,0.5,0.0,0.0,1.0,1.0,1.0,0.5,0.5,0.3,0.4,1.0,1.0,1.0,1.0,1.0,0.5
1.0,0.5,1.0,0.5,0.9,0.5,0.11616,0.9,0.13333,0.0,1.0,0.0,1.0,0.66,0.0,0.86292,0.0,1.0,1.0,1.0,1.0,1.0,0.0,0.5286,1.0,0.0,1.0,1.0,1.0,0.0,0.98862,1.0,0.88889,0.7,1.0,1.0,0.5,0.5,0.5,1.0,1.0,0.5,0.5,0.5,0.0,0.0,1.0,1.0,1.0,0.5,0.5,0.3,0.5,1.0,1.0,1.0,1.0,0.75,1.0
1.0,0.5,0.0,0.5,0.9,0.5,0.11369,0.9,0.16667,0.0,1.0,0.0,1.0,0.57,0.0,0.86188,0.0,1.0,1.0,1.0,1.0,1.0,1.0,0.53298,1.0,0.0,1.0,1.0,1.0,0.0,0.99635,1.0,1.0,0.7,1.0,1.0,0.5,0.5,0.5,1.0,1.0,0.5,0.5,0.5,0.0,0.0,1.0,1.0,1.0,0.5,0.5,0.3,0.5,1.0,0.75,1.0,1.0,1.0,1.0
1.0,0.5,0.0,0.5,0.8,0.5,0.10998,0.8,0.2,0.0,1.0,0.0,1.0,0.5,0.0,0.87264,0.0,1.0,1.0,1.0,1.0,1.0,0.0,0.53016,1.0,0.0,1.0,0.97416,0.75,0.0,0.9979,1.0,1.0,0.7,1.0,1.0,0.5,0.5,0.5,1.0,1.0,0.5,0.5,0.5,0.0,0.0,1.0,1.0,1.0,0.5,0.5,0.3,0.5,1.0,1.0,1.0,1.0,1.0,1.0
1.0,1.0,0.0,1.0,0.8,1.0,0.10639,0.8,0.33333,0.0,1.0,0.0,0.0,0.46,0.07,0.8761,0.0,1.0,1.0,1.0,1.0,1.0,0.0,0.96679,1.0,0.11111,1.0,0.95189,0.66667,0.0,0.99889,0.88889,0.88889,0.7,1.0,1.0,0.5,0.5,0.5,1.0,1.0,0.5,0.5,0.5,0.0,0.16616,1.0,1.0,1.0,0.28974,0.28118,0.3,0.4,1.0,1.0,0.66667,1.0,1.0,1.0
1.0,0.5,0.0,0.5,0.7,0.5,0.10469,0.7,0.36667,0.0,1.0,0.0,1.0,0.45,0.07,0.9452,0.0,1.0,1.0,1.0,1.0,1.0,0.0,0.95157,1.0,0.11111,0.99012,0.8878,0.33333,0.0,0.99664,1.0,1.0,0.7,1.0,1.0,0.5,0.5,0.5,1.0,1.0,0.5,0.5,0.5,0.0,0.0,1.0,1.0,1.0,0.28974,0.28118,0.3,0.4,1.0,1.0,0.66667,1.0,1.0,1.0
1.0,0.5,0.0,0.5,0.7,0.5,0.10369,0.7,0.4,0.0,1.0,0.0,1.0,0.44,0.07,0.9914,0.0,1.0,1.0,1.0,1.0,1.0,0.0,0.94399,1.0,0.11111,0.97189,0.87251,0.33333,1.0,0.99661,1.0,1.0,0.7,1.0,1.0,0.5,0.5,0.5,1.0,1.0,0.5,0.5,0.5,0.0,0.0,1.0,1.0,1.0,0.28974,0.28118,0.3,0.4,1.0,1.0,0.66667,1.0,1.0,1.0
1.0,0.5,1.0,0.5,0.7,0.5,0.10518,0.7,0.43333,0.0,1.0,0.0,1.0,0.44,0.07,0.99304,0.0,1.0,1.0,1.0,1.0,1.0,1.0,0.95082,1.0,0.11111,0.9937,0.87023,0.33333,1.0,0.99665,1.0,1.0,0.7,1.0,1.0,0.5,0.5,0.5,1.0,1.0,0.5,0.5,0.5,0.15922,0.0,0.7,1.0,1.0,0.28974,0.28118,0.6,0.4,1.0,1.0,0.66667,1.0,1.0,1.0
1.0,0.5,1.0,0.5,0.9,0.5,0.11296,0.9,0.46667,0.0,1.0,0.0,1.0,0.44,0.04,0.0,0.79787,0.8,1.0,0.8,1.0,0.8,0.0,0.9506,1.0,0.0,1.0,1.0,1.0,0.0,0.99805,1.0,1.0,0.7,1.0,1.0,0.5,0.5,0.5,1.0,1.0,0.43579,0.34528,0.5,0.0,0.19439,1.0,1.0,1.0,0.43579,0.34528,0.3,0.4,1.0,1.0,0.66667,1.0,1.0,1.0
0.5,0.5,0.5,0.5,0.5,0.5,0.07566,0.1,0.13333,0.0,1.0,0.0,0.0,0.12,0.0,0.95708,0.0,0.97778,1.0,1.0,1.0,0.5,0.0,0.23133,0.57833,0.0,0.7865,0.64812,0.0,0.0,0.5,1.0,0.5,0.7,1.0,1.0,0.5,0.5,0.5,1.0,1.0,0.5,0.5,0.5,0.0,0.0,1.0,1.0,1.0,0.5,0.5,0.3,0.2,1.0,0.0,1.0,1.0,1.0,0.5
0.5,0.5,0.5,0.5,0.5,0.5,0.11996,0.9,0.3,0.0,1.0,0.0,0.0,0.52,0.04,0.93256,0.0,1.0,1.0,1.0,1.0,0.5,1.0,0.93328,1.0,0.44444,1.0,1.0,1.0,0.0,0.98687,0.66667,0.5,0.7,1.0,1.0,0.5,0.5,0.5,1.0,1.0,0.5,0.5,0.5,0.0,0.0,1.0,1.0,1.0,0.5,0.5,0.3,0.3,1.0,1.0,1.0,1.0,1.0,0.5
0.0,0.0,0.0,0.0,0.7,0.6,0.00115,0.3,0.0,0.81081,1.0,0.0,0.0,0.19,0.04,0.9121,0.0,0.91111,1.0,0.77778,1.0,0.51111,1.0,0.8716,1.0,0.44444,0.01143,0.00434,0.25,0.0,0.79684,0.44444,0.77778,0.0,1.0,1.0,0.5,0.5,0.5,1.0,1.0,0.5,0.5,0.5,0.0,0.86169,1.0,1.0,1.0,0.0023,0.285,1.0,0.1,0.0,1.0,0.0,1.0,0.0,1.0
1.0,0.5,1.0,0.5,0.5,0.5,0.00382,0.5,0.0,0.78947,1.0,0.0,1.0,0.17,0.06,0.91726,0.0,1.0,1.0,0.8,1.0,1.0,1.0,0.8796,1.0,0.44444,0.03851,0.01456,0.5,0.0,0.79655,1.0,1.0,0.0,1.0,1.0,0.5,0.5,0.5,1.0,1.0,0.5,0.5,0.5,0.0,0.0,1.0,1.0,1.0,0.0023,0.285,1.0,0.1,0.0,1.0,0.0,1.0,0.0,1.0
1.0,0.5,1.0,0.5,0.5,0.5,0.00507,0.5,0.0,0.76923,1.0,0.0,1.0,0.16,0.07,0.94556,0.0,1.0,1.0,0.73333,1.0,1.0,1.0,0.88056,1.0,0.44444,0.05129,0.01986,0.5,0.0,0.79585,1.0,1.0,0.25,0.9,0.99995,1.0,1.0,1.0,0.8,1.0,0.5,0.5,0.5,0.0,0.0,1.0,1.0,1.0,0.0023,0.285,1.0,0.1,0.0,1.0,0.0,1.0,0.0,1.0
1.0,0.5,1.0,0.5,0.5,0.5,0.00587,0.5,0.0,0.75,1.0,0.0,1.0,0.14,0.06,0.94336,0.0,1.0,1.0,0.73333,1.0,1.0,1.0,0.98612,1.0,0.44444,0.07539,0.0211,0.5,0.0,0.95032,1.0,0.11111,0.0,1.0,1.0,0.5,1.0,0.5,1.0,1.0,0.5,0.5,0.5,0.0,0.0,1.0,1.0,1.0,0.0023,0.285,1.0,0.1,0.0,1.0,0.0,1.0,0.0,0.33333
0.5,0.5,0.5,0.5,0.5,0.5,0.08173,0.3,0.23333,0.0,1.0,0.0,0.0,0.44,0.01,0.90169,0.0,0.84444,0.73333,1.0,1.0,0.5,0.0,0.74162,1.0,0.11111,0.97726,0.84838,0.5,0.0,0.96749,0.88889,0.5,0.7,1.0,1.0,0.5,0.5,0.5,1.0,1.0,0.5,0.5,0.5,0.0,0.0,1.0,1.0,1.0,0.5,0.5,0.3,0.3,1.0,1.0,1.0,1.0,0.5,0.5
0.0,0.0,0.0,0.0,0.3,0.3,0.07646,0.3,0.3,0.0,1.0,0.0,0.0,0.47,0.01,0.97422,0.0,1.0,1.0,1.0,1.0,0.84444,1.0,0.78645,1.0,0.11111,0.83219,0.60621,0.5,0.0,1.0,0.77778,0.77778,0.7,1.0,1.0,0.5,0.5,0.5,1.0,1.0,0.5,0.5,0.5,0.0,0.0,1.0,1.0,1.0,0.5,0.5,0.3,0.2,0.5,1.0,1.0,1.0,0.5,1.0
0.0,0.0,0.0,0.0,0.2,0.2,0.02051,0.2,0.76667,0.0,1.0,0.0,0.0,0.12,0.03,0.9945,0.0,0.97778,0.97778,0.93333,1.0,0.68889,1.0,0.81171,1.0,0.33333,0.23458,0.16866,0.0,0.0,0.91526,0.55556,0.55556,0.7,1.0,1.0,0.5,0.5,0.5,1.0,1.0,0.5,0.5,0.5,0.0,0.0,1.0,1.0,1.0,0.0,0.228,1.0,0.1,0.0,1.0,1.0,1.0,0.0,1.0
0.0,0.0,0.0,0.0,0.2,0.2,0.02356,0.2,0.96667,0.0,1.0,0.0,0.0,0.12,0.03,0.99295,0.0,0.97778,0.97778,0.95556,1.0,1.0,0.0,0.80431,1.0,0.33333,0.27434,0.16473,0.0,0.0,0.94349,0.66667,1.0,0.7,1.0,1.0,0.5,0.5,0.5,1.0,1.0,0.5,0.5,0.5,0.0,0.0,1.0,1.0,1.0,0.0,0.228,1.0,0.1,0.0,1.0,1.0,1.0,0.0,0.22222
0.0,0.5,1.0,0.5,0.2,0.5,0.02357,0.2,1.0,0.0,1.0,0.0,1.0,0.11,0.03,0.99284,0.0,1.0,0.97778,0.95556,1.0,1.0,0.0,0.804,1.0,0.33333,0.27475,0.16489,0.0,0.0,0.9361,1.0,1.0,0.7,1.0,1.0,0.5,0.5,0.5,1.0,1.0,0.5,0.5,0.5,0.0,0.0,1.0,1.0,1.0,0.0,0.228,1.0,0.1,0.0,1.0,1.0,1.0,0.0,0.33333
0.0,0.0,1.0,1.0,0.2,0.2,0.02358,0.2,0.0,0.83333,1.0,0.0,0.0,0.1,0.03,0.99481,0.0,1.0,1.0,0.95556,1.0,0.97778,1.0,0.63115,1.0,0.22222,0.35824,0.21821,0.0,0.0,0.89862,1.0,0.66667,0.7,1.0,1.0,0.5,0.5,0.5,1.0,1.0,0.5,0.5,0.5,0.0,0.0,1.0,1.0,1.0,0.0,0.228,1.0,0.1,0.0,1.0,1.0,1.0,0.0,0.33333
0.0,0.0,0.0,0.0,0.2,0.2,0.02356,0.2,0.0,0.76923,1.0,0.0,0.0,0.1,0.03,0.99876,0.0,1.0,0.95556,0.93333,1.0,1.0,1.0,0.63311,1.0,0.22222,0.35824,0.21821,0.0,0.0,0.89866,1.0,1.0,0.7,1.0,1.0,0.5,0.5,0.5,1.0,1.0,0.5,0.5,0.5,0.0,0.0,1.0,1.0,1.0,0.0,0.228,1.0,0.1,0.0,1.0,1.0,1.0,0.0,0.33333
0.5,0.5,0.5,0.5,0.5,0.5,0.0985,0.6,0.33333,0.0,1.0,0.0,0.0,0.35,0.04,0.97221,0.0,1.0,1.0,0.6,1.0,0.5,0.0,0.97486,1.0,0.22222,0.95226,0.77692,0.33333,0.0,0.98689,0.77778,0.5,0.7,1.0,1.0,0.5,0.5,0.5,1.0,1.0,0.5,0.5,0.5,0.0,0.0,1.0,1.0,1.0,1.0,1.0,0.3,0.3,0.66667,0.0,1.0,1.0,0.66667,0.5
0.0,1.0,0.0,1.0,0.4,0.5,0.09477,0.4,0.43333,0.0,1.0,0.0,0.0,0.34,0.04,0.99572,0.0,1.0,1.0,0.6,1.0,0.6,0.0,0.98134,1.0,0.11111,0.92869,0.74184,0.33333,0.0,0.71854,1.0,0.77778,0.7,0.9,0.94915,1.0,0.5,0.60013,1.0,1.0,0.5,0.5,0.5,0.0,0.0,1.0,1.0,1.0,1.0,1.0,0.3,0.2,0.33333,1.0,1.0,1.0,0.33333,1.0
0.0,0.0,0.0,0.0,0.2,0.3,0.07756,0.3,0.93333,0.0,1.0,0.0,0.0,0.28,0.04,0.9952,0.0,1.0,1.0,0.91111,0.91111,0.8,0.0,0.89036,1.0,0.11111,0.6836,0.5107,0.0,0.0,0.97146,0.88889,0.66667,0.4,0.9,0.85024,0.44682,0.5,0.80428,1.0,1.0,0.5,0.5,0.5,0.0,0.0,1.0,1.0,1.0,0.93614,0.95031,0.6,0.2,0.5,1.0,1.0,1.0,0.5,1.0
1.0,0.5,1.0,0.5,0.5,0.5,0.0823,0.5,0.96667,0.0,1.0,0.0,1.0,0.29,0.03,0.99725,0.0,1.0,1.0,1.0,1.0,1.0,1.0,0.9034,1.0,0.11111,0.71111,0.50865,0.0,0.0,0.97075,1.0,1.0,0.4,0.9,0.85314,0.88784,0.88784,0.88784,1.0,1.0,0.5,0.5,0.5,0.0,0.0,1.0,1.0,1.0,0.93614,0.95031,0.6,0.2,0.5,1.0,1.0,1.0,0.5,1.0
1.0,0.5,1.0,0.5,0.5,0.5,0.09228,0.5,1.0,0.0,1.0,0.0,1.0,0.29,0.04,0.99882,0.0,1.0,1.0,1.0,1.0,1.0,1.0,0.91857,1.0,0.11111,0.77861,0.54496,0.0,0.0,0.97017,1.0,1.0,0.7,1.0,1.0,0.5,0.88784,0.5,1.0,1.0,0.5,0.5,0.5,0.0,0.0,1.0,1.0,1.0,0.93614,0.95031,0.3,0.2,0.5,1.0,1.0,1.0,0.5,1.0
1.0,0.5,1.0,0.5,0.6,0.5,0.09814,0.6,0.0,0.96774,1.0,0.0,1.0,0.28,0.04,0.0,0.99944,1.0,1.0,1.0,1.0,1.0,1.0,0.93146,1.0,0.11111,0.81144,0.56788,0.5,0.0,0.96968,1.0,1.0,0.7,1.0,1.0,0.5,0.88784,0.5,1.0,1.0,0.5,0.5,0.5,0.0,0.0,1.0,1.0,1.0,0.93614,0.95031,0.3,0.2,0.5,1.0,1.0,1.0,0.5,1.0
1.0,0.5,1.0,0.5,0.6,0.5,0.1027,0.6,0.0,0.9375,1.0,0.0,1.0,0.29,0.04,0.0,0.99765,0.97778,1.0,1.0,1.0,0.97778,1.0,0.94227,1.0,0.11111,0.83527,0.58581,0.5,0.0,0.96928,1.0,1.0,0.7,1.0,1.0,0.5,0.88784,0.5,1.0,1.0,0.5,0.5,0.5,0.0,0.0,1.0,1.0,1.0,0.93614,0.95031,0.3,0.2,0.5,1.0,1.0,1.0,0.5,1.0
1.0,0.5,1.0,0.5,0.6,0.5,0.10718,0.6,0.0,0.90909,1.0,0.0,1.0,0.29,0.04,0.0,0.99808,1.0,1.0,1.0,1.0,1.0,1.0,0.9556,1.0,0.11111,0.85473,0.59845,0.5,0.0,0.96895,1.0,1.0,0.7,1.0,1.0,0.5,0.88784,0.5,1.0,1.0,0.5,0.5,0.5,0.0,0.0,1.0,1.0,1.0,0.93614,0.95031,0.3,0.2,0.5,1.0,1.0,1.0,0.5,1.0
1.0,0.5,1.0,0.5,0.6,0.5,0.11154,0.6,0.0,0.88235,1.0,0.0,1.0,0.3,0.04,0.0,0.99201,1.0,0.95556,1.0,1.0,1.0,1.0,0.96836,1.0,0.11111,0.87336,0.61138,0.5,0.0,0.96868,1.0,1.0,0.7,1.0,1.0,0.5,0.88784,0.5,1.0,1.0,0.5,0.5,0.5,0.0,0.0,1.0,1.0,1.0,0.93614,0.95031,0.3,0.2,0.5,1.0,1.0,1.0,0.5,1.0
0.5,0.5,0.5,0.5,0.5,0.5,0.06449,0.46667,0.06667,0.0,0.0,0.66667,0.0,0.25778,0.0,0.5,0.5,0.88571,0.59048,1.0,1.0,0.5,1.0,0.90536,1.0,0.28571,0.99942,0.88732,0.66667,0.0,0.8184,1.0,0.5,0.7,1.0,1.0,0.5,0.5,0.5,1.0,1.0,0.5,0.5,0.5,0.5,0.5,1.0,1.0,1.0,0.5,0.5,0.3,0.33333,0.66667,0.75,1.0,1.0,1.0,0.5
1.0,0.5,1.0,0.5,0.6,0.5,0.06696,0.6,0.1,0.0,0.0,0.66667,1.0,0.27556,0.0,0.86573,0.0,0.88571,0.86667,1.0,1.0,0.88571,1.0,0.96566,1.0,0.07143,1.0,0.91418,0.8,0.0,0.91976,1.0,0.92857,0.7,1.0,1.0,0.5,0.5,0.5,1.0,1.0,0.5,0.5,0.5,0.0,0.0,1.0,1.0,1.0,0.5,0.5,0.3,0.4,1.0,0.6,1.0,1.0,0.8,1.0
1.0,0.5,1.0,0.5,0.8,0.5,0.07064,0.8,0.13333,0.0,0.0,0.66667,1.0,0.26222,0.0,0.88409,0.0,0.99048,1.0,1.0,1.0,0.99048,1.0,0.98973,1.0,0.07143,1.0,1.0,1.0,0.0,0.95861,1.0,1.0,0.7,1.0,1.0,0.5,0.5,0.5,1.0,1.0,0.5,0.5,0.5,0.0,0.0,1.0,1.0,1.0,0.5,0.5,0.3,0.4,1.0,0.8,1.0,1.0,1.0,1.0
1.0,0.5,1.0,0.5,0.8,0.5,0.07202,0.8,0.16667,0.0,0.0,0.66667,1.0,0.28889,0.0,0.90606,0.0,0.94286,1.0,1.0,1.0,0.94286,1.0,0.99505,1.0,0.07143,1.0,1.0,1.0,1.0,0.97386,1.0,1.0,0.7,1.0,1.0,0.5,0.5,0.5,1.0,1.0,0.5,0.5,0.5,0.0,0.0,1.0,1.0,1.0,0.5,0.5,0.3,0.4,1.0,0.8,1.0,1.0,1.0,1.0
1.0,0.5,1.0,0.5,1.0,0.5,0.0742,1.0,0.2,0.0,0.0,0.66667,1.0,0.29333,0.0,0.93596,0.0,1.0,1.0,1.0,1.0,1.0,0.0,0.98186,1.0,0.07143,1.0,1.0,1.0,1.0,0.96836,1.0,1.0,0.7,1.0,1.0,0.5,0.5,0.5,1.0,1.0,0.5,0.5,0.5,0.0,0.0,1.0,1.0,1.0,0.5,0.5,0.3,0.4,1.0,0.8,1.0,1.0,1.0,1.0
1.0,0.5,1.0,0.5,1.0,0.5,0.07694,1.0,0.23333,0.0,0.0,0.66667,1.0,0.29333,0.0,0.95541,0.0,0.9619,0.9619,1.0,1.0,0.9619,0.0,0.96739,1.0,0.07143,1.0,1.0,1.0,1.0,0.96494,1.0,1.0,0.7,1.0,1.0,0.5,0.5,0.5,1.0,1.0,0.5,0.5,0.5,0.0,0.0,1.0,1.0,1.0,0.5,0.5,0.3,0.4,1.0,1.0,1.0,1.0,1.0,1.0
1.0,0.5,1.0,0.5,1.0,0.5,0.0788,1.0,0.26667,0.0,0.0,0.66667,1.0,0.30222,0.0,0.97972,0.0,1.0,0.9619,1.0,1.0,1.0,0.0,0.96049,1.0,0.07143,1.0,1.0,1.0,1.0,0.96533,1.0,1.0,0.7,1.0,1.0,0.5,0.5,0.5,1.0,1.0,0.5,0.5,0.5,0.0,0.0,1.0,1.0,1.0,0.5,0.5,0.3,0.4,1.0,1.0,1.0,1.0,1.0,1.0
1.0,0.5,1.0,0.5,1.0,0.5,0.08014,1.0,0.3,0.0,0.0,0.66667,1.0,0.29333,0.0,0.99025,0.0,1.0,0.9619,1.0,1.0,1.0,0.0,0.95455,1.0,0.07143,1.0,1.0,1.0,0.0,0.96577,1.0,1.0,0.7,1.0,1.0,0.5,0.5,0.5,1.0,1.0,0.5,0.5,0.5,0.0,0.0,1.0,1.0,1.0,0.5,0.5,0.3,0.4,1.0,1.0,1.0,1.0,1.0,1.0
1.0,0.5,1.0,0.5,1.0,0.5,0.08223,1.0,0.33333,0.0,0.0,0.66667,1.0,0.29333,0.00444,0.42955,0.0,0.90476,0.94286,1.0,1.0,0.90476,0.0,0.89055,1.0,0.0,1.0,1.0,1.0,0.0,0.96695,1.0,1.0,0.7,1.0,1.0,0.5,0.5,0.5,1.0,1.0,0.5,0.5,0.5,0.77803,0.0,0.5,1.0,1.0,0.5,0.5,0.8,0.4,1.0,1.0,1.0,1.0,1.0,1.0
1.0,0.5,1.0,0.5,1.0,0.5,0.09051,1.0,0.36667,0.0,0.0,0.66667,1.0,0.28889,0.02667,0.65534,0.0,0.95238,0.94286,0.90476,1.0,0.95238,0.0,0.85527,1.0,0.0,1.0,1.0,1.0,0.0,0.97413,1.0,1.0,0.7,1.0,1.0,0.5,0.5,0.5,1.0,1.0,0.75825,0.50053,0.5,0.0,0.03942,1.0,1.0,1.0,0.75825,0.50053,0.3,0.4,1.0,1.0,0.6,1.0,1.0,1.0
0.0,1.0,0.0,1.0,1.0,1.0,0.09205,1.0,0.43333,0.0,0.0,0.66667,0.0,0.29333,0.02667,0.89049,0.0,1.0,1.0,0.88571,1.0,0.99048,1.0,0.91948,1.0,0.07143,1.0,1.0,1.0,1.0,0.98038,0.85714,0.92857,0.7,1.0,1.0,0.5,0.5,0.5,1.0,1.0,0.75825,0.50053,1.0,0.0,0.0,1.0,1.0,1.0,0.75825,0.50053,0.3,0.33333,1.0,0.75,0.75,1.0,1.0,1.0
0.0,1.0,0.0,1.0,1.0,1.0,0.09805,1.0,0.5,0.0,0.0,0.66667,0.0,0.28889,0.02667,0.99385,0.0,0.98095,0.98095,0.91429,0.95238,1.0,1.0,0.99616,1.0,0.07143,1.0,1.0,1.0,0.0,0.97653,0.85714,1.0,0.7,1.0,1.0,0.5,0.5,0.5,1.0,1.0,0.75825,0.50053,1.0,0.0,0.0,1.0,1.0,1.0,0.75825,0.50053,0.3,0.33333,1.0,1.0,0.5,1.0,1.0,1.0
1.0,0.5,1.0,0.5,1.0,0.5,0.10131,1.0,0.53333,0.0,0.0,0.66667,1.0,0.24889,0.02667,0.99474,0.0,1.0,0.98095,0.89524,1.0,1.0,0.0,0.97475,1.0,0.07143,1.0,1.0,1.0,1.0,0.97931,1.0,1.0,0.7,1.0,1.0,0.5,0.5,0.5,1.0,1.0,0.75825,0.50053,1.0,0.0,0.0,1.0,1.0,1.0,0.75825,0.50053,0.3,0.33333,1.0,1.0,0.5,1.0,1.0,1.0
1.0,0.5,1.0,0.5,1.0,0.5,0.10218,1.0,0.56667,0.0,0.0,0.66667,1.0,0.25333,0.02667,0.99861,0.0,0.93333,0.91429,0.94286,1.0,0.93333,0.0,0.95244,1.0,0.07143,1.0,1.0,1.0,1.0,0.98035,1.0,1.0,0.7,1.0,1.0,0.5,0.5,0.5,1.0,1.0,0.75825,0.50053,1.0,0.0,0.0,1.0,1.0,1.0,0.75825,0.50053,0.3,0.33333,1.0,0.75,0.5,1.0,1.0,1.0
1.0,0.5,1.0,0.5,1.0,0.5,0.10362,1.0,0.6,0.0,0.0,0.66667,1.0,0.24,0.02667,0.99533,0.0,0.93333,1.0,0.91429,1.0,0.93333,0.0,0.91259,1.0,0.07143,1.0,1.0,1.0,0.0,0.98078,1.0,1.0,0.7,1.0,1.0,0.5,0.5,0.5,1.0,1.0,0.75825,0.50053,1.0,0.0,0.0,1.0,1.0,1.0,0.75825,0.50053,0.3,0.33333,1.0,0.75,0.5,1.0,1.0,1.0
1.0,0.5,1.0,0.5,1.0,0.5,0.10462,1.0,0.63333,0.0,0.0,0.66667,1.0,0.23556,0.02667,0.99449,0.0,1.0,1.0,0.91429,1.0,1.0,0.0,0.88763,1.0,0.07143,1.0,1.0,1.0,0.0,0.98081,1.0,1.0,0.7,1.0,1.0,0.5,0.5,0.5,1.0,1.0,0.75825,0.50053,1.0,0.0,0.0,1.0,1.0,1.0,0.75825,0.50053,0.3,0.33333,1.0,0.5,0.5,1.0,1.0,1.0
0.5,0.5,0.5,0.5,0.5,0.5,0.03644,0.13333,0.4,0.0,0.0,0.66667,0.0,0.32444,0.04,0.0,0.873,0.73333,1.0,0.6381,1.0,0.5,1.0,0.97879,1.0,0.28571,0.47391,0.38622,0.0,0.0,0.99243,0.78571,0.5,0.7,1.0,1.0,0.5,0.5,0.5,1.0,1.0,0.5,0.5,0.5,0.0,0.0,1.0,1.0,1.0,0.03694,0.17521,0.3,0.13333,0.25,1.0,1.0,1.0,0.0,0.5
0.0,0.0,0.0,0.0,0.13333,0.06667,0.0,0.06667,0.66667,0.0,0.0,0.66667,0.0,0.21333,0.06222,0.0,0.97995,0.66667,1.0,0.82857,1.0,0.71429,0.0,0.57511,1.0,0.07143,0.0,0.0,0.0,0.0,0.5,0.42857,0.64286,0.0,1.0,1.0,0.5,0.5,0.5,1.0,1.0,0.5,0.5,0.5,0.0,0.0,1.0,1.0,1.0,0.0,0.228,1.0,0.06667,0.0,1.0,0.0,1.0,0.0,1.0
0.5,0.5,0.5,0.5,0.5,0.5,0.10738,0.93333,0.26667,0.0,0.0,0.66667,0.0,0.38667,0.00889,0.87375,0.0,0.93333,1.0,0.93333,0.93333,0.5,0.0,0.94254,1.0,0.07143,1.0,1.0,1.0,0.0,1.0,0.92857,0.5,0.7,1.0,1.0,0.5,0.5,0.5,1.0,1.0,0.5,0.5,0.5,0.0,0.0,1.0,1.0,1.0,0.5,0.5,0.3,0.46667,1.0,0.5,0.83333,1.0,0.83333,0.5
0.5,0.5,0.5,0.5,0.5,0.5,0.06539,0.53333,0.06667,0.0,0.0,0.66667,0.0,0.42222,0.0,0.5,0.5,0.25714,0.74286,1.0,1.0,0.5,1.0,0.95761,1.0,0.42857,1.0,0.97166,0.83333,0.0,0.85656,0.64286,0.5,0.7,1.0,1.0,0.5,0.5,0.5,1.0,1.0,0.5,0.5,0.5,0.5,0.5,1.0,1.0,1.0,0.5,0.5,0.3,0.33333,0.66667,0.75,1.0,1.0,0.5,0.5
1.0,0.5,0.0,0.5,0.4,0.5,0.06497,0.4,0.1,0.0,0.0,0.66667,1.0,0.50667,0.0,0.95742,0.0,1.0,1.0,1.0,1.0,1.0,0.0,0.77678,1.0,0.71429,1.0,1.0,1.0,0.0,0.91194,1.0,0.71429,0.7,1.0,1.0,0.5,0.5,0.5,1.0,1.0,0.5,0.5,0.5,0.0,0.0,1.0,1.0,1.0,0.5,0.5,0.3,0.2,1.0,0.5,1.0,1.0,1.0,1.0
1.0,0.5,1.0,0.5,0.33333,0.5,0.06574,0.33333,0.13333,0.0,0.0,0.66667,1.0,0.54667,0.0,0.93854,0.0,0.99048,1.0,1.0,1.0,0.99048,0.0,0.71208,1.0,0.78571,0.98331,0.96718,0.0,0.0,1.0,1.0,0.92857,0.7,1.0,1.0,0.5,0.5,0.5,1.0,1.0,0.5,0.5,0.5,0.0,0.0,1.0,1.0,1.0,0.5,0.5,0.3,0.13333,1.0,1.0,1.0,1.0,1.0,1.0
1.0,0.5,1.0,0.5,0.53333,0.5,0.0673,0.53333,0.16667,0.0,0.0,0.66667,1.0,0.50222,0.0,0.91034,0.0,0.75238,1.0,1.0,1.0,0.75238,1.0,0.86699,1.0,0.07143,0.99881,0.90567,0.5,0.0,0.88045,1.0,0.78571,0.7,1.0,1.0,0.5,0.5,0.5,1.0,1.0,0.5,0.5,0.5,0.0,0.0,1.0,1.0,1.0,0.5,0.5,0.3,0.2,0.5,0.5,1.0,1.0,0.25,1.0
1.0,0.5,0.0,0.5,0.4,0.5,0.06585,0.4,0.2,0.0,0.0,0.66667,1.0,0.48889,0.0,0.924,0.0,0.9619,0.9619,1.0,1.0,0.9619,0.0,0.67116,1.0,0.07143,0.97107,0.9479,0.0,0.0,0.89337,1.0,0.85714,0.7,1.0,1.0,0.5,0.5,0.5,1.0,1.0,0.5,0.5,0.5,0.0,0.0,1.0,1.0,1.0,0.5,0.5,0.3,0.13333,0.5,1.0,1.0,1.0,0.5,1.0
1.0,0.5,1.0,0.5,0.6,0.5,0.06775,0.6,0.23333,0.0,0.0,0.66667,1.0,0.50222,0.0,0.91867,0.0,0.9619,1.0,1.0,1.0,0.9619,1.0,0.8212,1.0,0.07143,1.0,0.96504,0.75,0.0,0.8978,1.0,0.85714,0.7,1.0,1.0,0.5,0.5,0.5,1.0,1.0,0.5,0.5,0.5,0.0,0.0,1.0,1.0,1.0,0.5,0.5,0.3,0.26667,0.75,1.0,1.0,1.0,0.25,1.0
1.0,0.5,1.0,0.5,0.6,0.5,0.06838,0.6,0.26667,0.0,0.0,0.66667,1.0,0.47556,0.0,0.93448,0.0,1.0,1.0,1.0,1.0,1.0,0.0,0.80343,1.0,0.07143,1.0,0.9842,0.75,0.0,0.89661,1.0,1.0,0.7,1.0,1.0,0.5,0.5,0.5,1.0,1.0,0.5,0.5,0.5,0.0,0.0,1.0,1.0,1.0,0.5,0.5,0.3,0.26667,0.75,1.0,1.0,1.0,0.75,1.0
1.0,0.5,1.0,0.5,0.6,0.5,0.06844,0.6,0.3,0.0,0.0,0.66667,1.0,0.47556,0.0,0.95154,0.0,1.0,1.0,1.0,1.0,1.0,0.0,0.78785,1.0,0.07143,1.0,0.99608,0.75,0.0,0.89033,1.0,1.0,0.7,1.0,1.0,0.5,0.5,0.5,1.0,1.0,0.5,0.5,0.5,0.0,0.0,1.0,1.0,1.0,0.5,0.5,0.3,0.2,0.5,1.0,1.0,1.0,0.75,1.0
1.0,0.5,0.0,0.5,0.53333,0.5,0.06823,0.53333,0.33333,0.0,0.0,0.66667,1.0,0.45778,0.0,0.9672,0.0,1.0,1.0,1.0,1.0,1.0,0.0,0.77145,1.0,0.07143,1.0,0.99651,0.75,0.0,0.88387,1.0,1.0,0.7,1.0,1.0,0.5,0.5,0.5,1.0,1.0,0.5,0.5,0.5,0.0,0.0,1.0,1.0,1.0,0.5,0.5,0.3,0.2,0.5,1.0,1.0,1.0,0.5,1.0
1.0,0.5,0.0,0.5,0.53333,0.5,0.06802,0.53333,0.36667,0.0,0.0,0.66667,1.0,0.44889,0.0,0.97826,0.0,1.0,1.0,1.0,1.0,1.0,0.0,0.75486,1.0,0.07143,1.0,0.99803,0.75,0.0,0.87817,1.0,1.0,0.7,1.0,1.0,0.5,0.5,0.5,1.0,1.0,0.5,0.5,0.5,0.0,0.0,1.0,1.0,1.0,0.5,0.5,0.3,0.2,0.5,1.0,1.0,1.0,0.5,1.0
1.0,0.5,0.0,0.5,0.46667,0.5,0.06775,0.46667,0.4,0.0,0.0,0.66667,1.0,0.44,0.0,0.98881,0.0,1.0,1.0,1.0,1.0,1.0,0.0,0.73713,1.0,0.07143,1.0,0.99878,0.75,0.0,0.87174,1.0,1.0,0.7,1.0,1.0,0.5,0.5,0.5,1.0,1.0,0.5,0.5,0.5,0.0,0.0,1.0,1.0,1.0,0.5,0.5,0.3,0.2,0.5,1.0,1.0,1.0,0.5,1.0
1.0,0.5,1.0,0.5,0.46667,0.5,0.06844,0.46667,0.43333,0.0,0.0,0.66667,1.0,0.43556,0.0,0.0,0.99724,1.0,1.0,1.0,1.0,1.0,0.0,0.72761,1.0,0.07143,1.0,0.99929,0.75,0.0,0.92045,1.0,1.0,0.7,1.0,1.0,0.5,0.5,0.5,1.0,1.0,0.5,0.5,0.5,0.0,0.0,1.0,1.0,1.0,0.5,0.5,0.3,0.26667,0.75,1.0,1.0,1.0,0.5,1.0
1.0,0.5,0.0,0.5,0.46667,0.5,0.0677,0.46667,0.46667,0.0,0.0,0.66667,1.0,0.44,0.0,0.99991,0.0,1.0,1.0,1.0,1.0,1.0,0.0,0.71434,1.0,0.07143,1.0,0.99955,0.75,0.0,0.93638,1.0,1.0,0.7,1.0,1.0,0.5,0.5,0.5,1.0,1.0,0.5,0.5,0.5,0.0,0.0,1.0,1.0,1.0,0.5,0.5,0.3,0.2,0.5,1.0,1.0,1.0,0.75,1.0
1.0,0.5,1.0,0.5,0.46667,0.5,0.0679,0.46667,0.5,0.0,0.0,0.66667,1.0,0.42667,0.0,0.0,0.99624,0.84762,0.94286,1.0,1.0,0.84762,1.0,0.74211,1.0,0.21429,1.0,0.99502,0.75,0.0,0.97941,1.0,1.0,0.7,1.0,1.0,0.5,0.5,0.5,1.0,1.0,0.5,0.5,0.5,0.0,0.0,1.0,1.0,1.0,0.5,0.5,0.3,0.26667,0.75,1.0,1.0,1.0,0.5,1.0
1.0,0.5,1.0,0.5,0.46667,0.5,0.06831,0.46667,0.53333,0.0,0.0,0.66667,1.0,0.41778,0.0,0.99141,0.0,0.94286,1.0,1.0,1.0,0.94286,1.0,0.78774,1.0,0.07143,1.0,0.99763,0.8,0.0,0.96859,1.0,0.92857,0.7,1.0,1.0,0.5,0.5,0.5,1.0,1.0,0.5,0.5,0.5,0.0,0.0,1.0,1.0,1.0,0.5,0.5,0.3,0.26667,0.6,1.0,1.0,1.0,0.6,1.0
1.0,0.5,1.0,0.5,0.53333,0.5,0.06856,0.53333,0.56667,0.0,0.0,0.66667,1.0,0.40889,0.00444,0.39492,0.0,0.91429,1.0,0.91429,1.0,0.91429,1.0,0.79192,1.0,0.07143,1.0,1.0,1.0,0.0,0.95787,1.0,1.0,0.7,1.0,1.0,0.5,0.5,0.5,1.0,1.0,0.5,0.5,0.5,0.0,0.0,1.0,1.0,1.0,0.5,0.5,0.3,0.26667,0.6,1.0,1.0,1.0,0.6,1.0
0.5,0.5,0.5,0.5,0.5,0.5,0.06753,0.53333,0.2,0.0,0.0,0.66667,0.0,0.24889,0.00444,0.90228,0.0,0.95238,0.97143,1.0,1.0,0.5,0.0,0.806,1.0,0.0,0.91895,0.85225,0.2,0.0,0.94688,1.0,0.5,0.7,1.0,1.0,0.5,0.5,0.5,1.0,1.0,0.5,0.5,0.5,0.0,0.0,1.0,1.0,1.0,0.5,0.5,0.3,0.4,1.0,0.2,1.0,1.0,1.0,0.5
0.0,1.0,0.0,1.0,0.53333,0.6,0.09763,0.73333,0.63333,0.0,0.0,0.66667,0.0,0.23111,0.04889,0.94514,0.0,0.75238,0.93333,0.81905,0.95238,0.8381,0.0,0.6331,1.0,0.14286,0.91075,0.71367,0.2,0.0,0.97934,0.85714,1.0,0.7,1.0,1.0,0.5,0.5,0.5,1.0,1.0,0.5,0.5,0.5,0.18726,1.0,0.86667,1.0,1.0,0.5,0.5,0.43333,0.4,1.0,0.6,0.4,1.0,1.0,1.0
1.0,1.0,1.0,1.0,0.73333,0.93333,0.12138,0.93333,0.7,0.0,0.0,0.66667,0.0,0.24,0.03556,0.0,0.99488,0.97143,1.0,0.8381,1.0,0.97143,0.0,0.61322,1.0,0.14286,1.0,0.92979,0.8,0.0,0.98426,1.0,1.0,0.7,1.0,1.0,0.5,0.5,0.5,1.0,1.0,0.32384,0.13355,1.0,0.0,0.0,1.0,1.0,1.0,0.32384,0.13355,0.3,0.4,1.0,1.0,0.4,1.0,0.0,1.0
0.5,0.5,0.5,0.5,0.5,0.5,0.06402,0.33333,0.1,0.0,0.0,0.66667,0.0,0.49333,0.00444,0.32501,0.0,0.86667,1.0,1.0,1.0,0.5,1.0,0.57252,1.0,0.07143,0.99105,0.82296,0.33333,0.0,0.94288,0.85714,0.5,0.56667,1.0,1.0,0.5,0.5,0.5,1.0,1.0,0.5,0.5,0.5,0.0,0.0,1.0,1.0,1.0,0.5,0.5,0.43333,0.6,0.66667,0.625,1.0,1.0,0.58333,0.5
1.0,0.5,1.0,0.5,0.33333,0.5,0.06462,0.33333,0.13333,0.0,0.0,0.66667,1.0,0.43556,0.00889,0.72354,0.0,1.0,1.0,1.0,1.0,1.0,0.0,0.57059,1.0,0.07143,0.99575,0.86084,0.33333,0.0,0.9528,1.0,0.85714,0.5,1.0,1.0,0.5,0.5,0.5,1.0,1.0,0.5,0.5,0.5,0.0,0.0,1.0,1.0,1.0,0.5,0.5,0.5,0.6,0.66667,0.5,1.0,1.0,0.66667,1.0
1.0,0.5,1.0,0.5,0.53333,0.5,0.068,0.53333,0.16667,0.0,0.0,0.66667,1.0,0.38222,0.01333,0.84997,0.0,1.0,1.0,1.0,1.0,1.0,1.0,0.57071,1.0,0.07143,1.0,0.8291,0.5,0.0,0.94516,1.0,1.0,0.46667,1.0,1.0,0.5,0.5,0.5,1.0,1.0,0.5,0.5,0.5,0.0,0.0,1.0,1.0,1.0,0.5,0.5,0.53333,0.53333,0.58333,0.85714,1.0,1.0,0.66667,1.0
1.0,0.5,1.0,0.5,0.53333,0.5,0.0702,0.53333,0.2,0.0,0.0,0.66667,1.0,0.39111,0.01333,0.91416,0.0,1.0,1.0,0.77143,1.0,1.0,1.0,0.99258,1.0,0.57143,1.0,0.89172,0.6,0.0,0.95291,1.0,0.5,0.7,1.0,1.0,0.5,0.5,0.5,1.0,1.0,0.5,0.5,0.5,0.0,0.0,1.0,1.0,1.0,0.5,0.5,0.3,0.33333,0.8,1.0,1.0,1.0,1.0,1.0
1.0,0.5,1.0,0.5,0.46667,0.5,0.07129,0.46667,0.23333,0.0,0.0,0.66667,1.0,0.44889,0.01778,0.97875,0.0,0.61905,0.79048,0.77143,1.0,0.61905,0.0,0.97675,1.0,0.28571,1.0,0.85767,0.6,0.0,0.96871,1.0,1.0,0.7,1.0,1.0,0.5,0.5,0.5,1.0,1.0,0.5,0.5,0.5,0.0,0.0,1.0,1.0,1.0,0.5,0.5,0.3,0.4,1.0,0.6,1.0,1.0,0.8,1.0
1.0,0.5,1.0,0.5,0.73333,0.5,0.07421,0.73333,0.26667,0.0,0.0,0.66667,1.0,0.50222,0.01333,0.0,0.99617,1.0,0.61905,0.77143,1.0,1.0,0.0,0.96032,1.0,0.35714,0.9978,0.83859,0.5,0.0,0.99339,1.0,0.92857,0.7,1.0,1.0,0.5,0.5,0.5,1.0,1.0,0.5,0.5,0.5,0.0,0.0,1.0,1.0,1.0,0.5,0.5,0.3,0.33333,1.0,1.0,1.0,1.0,1.0,1.0
1.0,0.5,1.0,0.5,0.73333,0.5,0.07492,0.73333,0.3,0.0,0.0,0.66667,1.0,0.49778,0.01333,0.0,0.99702,0.87619,0.57143,0.87619,1.0,0.87619,1.0,0.97371,1.0,0.28571,0.97655,0.85851,0.5,1.0,0.98701,1.0,1.0,0.7,1.0,1.0,0.5,0.5,0.5,1.0,1.0,0.5,0.5,0.5,0.0,0.0,1.0,1.0,1.0,0.5,0.5,0.3,0.33333,1.0,0.75,1.0,1.0,1.0,1.0
1.0,0.5,1.0,0.5,0.73333,0.5,0.07503,0.73333,0.33333,0.0,0.0,0.66667,1.0,0.48,0.01778,0.99099,0.0,1.0,1.0,0.77143,1.0,1.0,1.0,0.98744,1.0,0.28571,0.95707,0.79419,0.5,1.0,0.98797,1.0,1.0,0.7,1.0,1.0,0.5,0.5,0.5,1.0,1.0,0.5,0.5,0.5,0.0,0.0,1.0,1.0,1.0,0.5,0.5,0.3,0.33333,1.0,1.0,1.0,1.0,1.0,1.0
1.0,0.5,1.0,0.5,0.73333,0.5,0.07685,0.73333,0.36667,0.0,0.0,0.66667,1.0,0.45778,0.01778,0.98589,0.0,1.0,1.0,0.77143,1.0,1.0,1.0,0.98903,1.0,0.28571,0.94363,0.77008,0.5,1.0,0.98892,1.0,1.0,0.7,1.0,1.0,0.5,0.5,0.5,1.0,1.0,0.5,0.5,0.5,0.0,0.0,1.0,1.0,1.0,0.5,0.5,0.3,0.33333,1.0,1.0,1.0,1.0,1.0,1.0
1.0,0.5,1.0,0.5,0.73333,0.5,0.0796,0.73333,0.4,0.0,0.0,0.66667,1.0,0.44,0.01778,0.9748,0.0,0.77143,1.0,1.0,1.0,0.77143,0.0,0.98895,1.0,0.42857,0.97553,0.82119,0.5,0.0,0.98932,1.0,1.0,0.7,1.0,1.0,0.5,0.5,0.5,1.0,1.0,0.5,0.5,0.5,0.0,0.0,1.0,1.0,1.0,0.5,0.5,0.3,0.33333,1.0,1.0,1.0,1.0,1.0,1.0
1.0,0.5,1.0,0.5,0.8,0.5,0.08038,0.8,0.43333,0.0,0.0,0.66667,1.0,0.40889,0.01778,0.97087,0.0,1.0,1.0,1.0,1.0,1.0,0.0,0.98104,1.0,0.42857,0.97142,0.84563,0.5,0.0,0.98949,1.0,1.0,0.7,1.0,1.0,0.5,0.5,0.5,1.0,1.0,0.5,0.5,0.5,0.0,0.0,1.0,1.0,1.0,0.5,0.5,0.3,0.33333,1.0,1.0,1.0,1.0,1.0,1.0
1.0,0.5,1.0,0.5,0.8,0.5,0.08044,0.8,0.46667,0.0,0.0,0.66667,1.0,0.4,0.01333,0.97283,0.0,1.0,1.0,1.0,1.0,1.0,0.0,0.96877,1.0,0.42857,0.95147,0.85759,0.5,0.0,0.98914,1.0,1.0,0.7,1.0,1.0,0.5,0.5,0.5,1.0,1.0,0.5,0.5,0.5,0.0,0.0,1.0,1.0,1.0,0.5,0.5,0.3,0.33333,1.0,0.75,1.0,1.0,1.0,1.0
1.0,0.5,1.0,0.5,0.8,0.5,0.08073,0.8,0.5,0.0,0.0,0.66667,1.0,0.39556,0.01333,0.97844,0.0,1.0,1.0,1.0,1.0,1.0,1.0,0.97952,1.0,0.42857,0.97238,0.86615,0.5,0.0,0.98909,1.0,1.0,0.7,1.0,1.0,0.5,0.5,0.5,1.0,1.0,0.5,0.5,0.5,0.0,0.0,1.0,1.0,1.0,0.5,0.5,0.3,0.33333,1.0,1.0,1.0,1.0,1.0,1.0
1.0,0.5,0.0,0.5,0.73333,0.5,0.0794,0.73333,0.53333,0.0,0.0,0.66667,1.0,0.38222,0.01333,0.98657,0.0,1.0,1.0,1.0,1.0,1.0,0.0,0.97857,1.0,0.42857,0.95408,0.80618,0.5,0.0,0.98923,1.0,1.0,0.7,1.0,1.0,0.5,0.5,0.5,1.0,1.0,0.5,0.5,0.5,0.0,0.0,1.0,1.0,1.0,0.5,0.5,0.3,0.33333,1.0,1.0,1.0,1.0,1.0,1.0
1.0,0.5,1.0,0.5,0.66667,0.5,0.08037,0.66667,0.56667,0.0,0.0,0.66667,1.0,0.38222,0.01333,0.99341,0.0,1.0,1.0,1.0,1.0,1.0,0.0,0.96217,1.0,0.42857,0.93699,0.79274,0.25,0.0,0.99108,1.0,1.0,0.7,1.0,1.0,0.5,0.5,0.5,1.0,1.0,0.5,0.5,0.5,0.0,0.0,1.0,1.0,1.0,0.5,0.5,0.3,0.33333,1.0,1.0,1.0,1.0,1.0,1.0
1.0,0.5,1.0,0.5,0.66667,0.5,0.08155,0.66667,0.6,0.0,0.0,0.66667,1.0,0.37333,0.01333,0.99686,0.0,1.0,1.0,1.0,1.0,1.0,0.0,0.95985,1.0,0.42857,0.94634,0.80883,0.25,1.0,0.99195,1.0,1.0,0.7,1.0,1.0,0.5,0.5,0.5,1.0,1.0,0.5,0.5,0.5,0.0,0.0,1.0,1.0,1.0,0.5,0.5,0.3,0.33333,1.0,1.0,1.0,1.0,1.0,1.0
1.0,0.5,0.0,0.5,0.6,0.5,0.08103,0.6,0.63333,0.0,0.0,0.66667,1.0,0.36889,0.01333,0.99938,0.0,1.0,1.0,1.0,1.0,1.0,1.0,0.97342,1.0,0.42857,0.96338,0.83688,0.25,1.0,0.99238,1.0,1.0,0.7,1.0,1.0,0.5,0.5,0.5,1.0,1.0,0.5,0.5,0.5,0.0,0.0,1.0,1.0,1.0,0.5,0.5,0.3,0.33333,1.0,1.0,1.0,1.0,1.0,1.0
1.0,0.5,0.0,0.5,0.6,0.5,0.07935,0.6,0.66667,0.0,0.0,0.66667,1.0,0.37333,0.01778,0.99912,0.0,1.0,1.0,1.0,1.0,1.0,0.0,0.96448,1.0,0.42857,0.92798,0.79003,0.25,1.0,0.99319,1.0,1.0,0.7,1.0,1.0,0.5,0.5,0.5,1.0,1.0,0.5,0.5,0.5,0.0,0.0,1.0,1.0,1.0,0.5,0.5,0.3,0.33333,1.0,1.0,1.0,1.0,1.0,1.0
1.0,0.5,1.0,0.5,0.6,0.5,0.07958,0.6,0.7,0.0,0.0,0.66667,1.0,0.36,0.01778,0.99937,0.0,1.0,1.0,1.0,1.0,1.0,0.0,0.95546,1.0,0.42857,0.91544,0.78335,0.25,1.0,0.99425,1.0,1.0,0.7,1.0,1.0,0.5,0.5,0.5,1.0,1.0,0.5,0.5,0.5,0.0,0.0,1.0,1.0,1.0,0.5,0.5,0.3,0.33333,1.0,1.0,1.0,1.0,1.0,1.0
1.0,0.5,0.0,0.5,0.53333,0.5,0.07847,0.53333,0.73333,0.0,0.0,0.66667,1.0,0.35111,0.01778,0.9964,0.0,1.0,1.0,1.0,1.0,1.0,0.0,0.66554,1.0,0.21429,0.95091,0.76364,0.42857,0.0,0.99839,1.0,0.78571,0.7,1.0,1.0,0.5,0.5,0.5,1.0,1.0,0.5,0.5,0.5,0.0,0.0,1.0,1.0,1.0,0.5,0.5,0.3,0.33333,0.57143,1.0,1.0,1.0,0.57143,1.0
1.0,0.5,0.0,0.5,0.53333,0.5,0.07757,0.53333,0.76667,0.0,0.0,0.66667,1.0,0.35111,0.01778,0.99707,0.0,1.0,1.0,1.0,1.0,1.0,1.0,0.96787,1.0,0.42857,0.91267,0.76744,0.25,1.0,0.99675,1.0,0.78571,0.7,1.0,1.0,0.5,0.5,0.5,1.0,1.0,0.5,0.5,0.5,0.0,0.0,1.0,1.0,1.0,0.5,0.5,0.3,0.33333,1.0,1.0,1.0,1.0,1.0,1.0
1.0,0.5,0.0,0.5,0.53333,0.5,0.07639,0.53333,0.8,0.0,0.0,0.66667,1.0,0.35556,0.01778,0.99649,0.0,1.0,1.0,1.0,1.0,1.0,0.0,0.96698,1.0,0.42857,0.89752,0.75036,0.25,1.0,0.99769,1.0,1.0,0.7,1.0,1.0,0.5,0.5,0.5,1.0,1.0,0.5,0.5,0.5,0.0,0.0,1.0,1.0,1.0,0.5,0.5,0.3,0.33333,1.0,1.0,1.0,1.0,1.0,1.0
1.0,0.5,0.0,0.5,0.53333,0.5,0.07607,0.53333,0.83333,0.0,0.0,0.66667,1.0,0.36444,0.01778,0.99874,0.0,1.0,1.0,1.0,1.0,1.0,0.0,0.67859,1.0,0.21429,0.93728,0.73339,0.42857,0.0,0.99809,1.0,0.78571,0.7,1.0,1.0,0.5,0.5,0.5,1.0,1.0,0.5,0.5,0.5,0.0,0.0,1.0,1.0,1.0,0.5,0.5,0.3,0.33333,0.57143,1.0,1.0,1.0,0.57143,1.0
1.0,0.5,0.0,0.5,0.53333,0.5,0.0743,0.53333,0.86667,0.0,0.0,0.66667,1.0,0.36889,0.01778,0.99983,0.0,1.0,1.0,1.0,1.0,1.0,0.0,0.67084,1.0,0.21429,0.9059,0.71198,0.42857,0.0,0.99957,1.0,0.85714,0.7,1.0,1.0,0.5,0.5,0.5,1.0,1.0,0.5,0.5,0.5,0.0,0.0,1.0,1.0,1.0,0.5,0.5,0.3,0.33333,0.57143,1.0,1.0,1.0,0.57143,1.0
1.0,1.0,0.0,0.0,0.53333,0.53333,0.07367,0.53333,0.93333,0.0,0.0,0.66667,0.0,0.35556,0.01778,0.99919,0.0,1.0,1.0,1.0,0.68571,1.0,0.0,0.67767,1.0,0.21429,0.9056,0.69886,0.42857,0.0,0.99796,0.78571,0.85714,0.7,1.0,1.0,0.5,0.5,0.5,1.0,1.0,0.5,0.5,0.5,0.0,0.0,1.0,1.0,1.0,0.5,0.5,0.3,0.33333,0.57143,1.0,1.0,1.0,0.57143,1.0
1.0,0.5,0.0,0.5,0.53333,0.5,0.07276,0.53333,0.96667,0.0,0.0,0.66667,1.0,0.35111,0.01778,0.99834,0.0,1.0,1.0,1.0,1.0,1.0,0.0,0.66933,1.0,0.21429,0.8863,0.67909,0.42857,0.0,0.99942,1.0,0.85714,0.7,1.0,1.0,0.5,0.5,0.5,1.0,1.0,0.5,0.5,0.5,0.0,0.0,1.0,1.0,1.0,0.5,0.5,0.3,0.33333,0.57143,1.0,1.0,1.0,0.57143,1.0
1.0,0.5,0.0,0.5,0.46667,0.5,0.07007,0.46667,1.0,0.0,0.0,0.66667,1.0,0.34667,0.01778,0.998,0.0,1.0,1.0,1.0,1.0,1.0,1.0,0.67128,1.0,0.21429,0.85628,0.679,0.28571,0.0,0.99886,1.0,1.0,0.7,1.0,1.0,0.5,0.5,0.5,1.0,1.0,0.5,0.5,0.5,0.0,0.0,1.0,1.0,1.0,0.5,0.5,0.3,0.33333,0.57143,1.0,1.0,1.0,0.57143,1.0
0.5,0.5,0.5,0.5,0.5,0.5,0.06749,0.6,0.06667,0.0,0.0,0.66667,0.0,0.43111,0.0,0.5,0.5,0.13333,1.0,1.0,1.0,0.5,1.0,0.86414,1.0,0.71429,1.0,1.0,1.0,0.0,0.9375,0.35714,0.5,0.7,1.0,1.0,0.5,0.5,0.5,1.0,1.0,0.5,0.5,0.5,0.5,0.5,1.0,1.0,1.0,0.5,0.5,0.3,0.26667,1.0,0.33333,1.0,1.0,1.0,0.5
0.0,1.0,0.0,1.0,0.26667,0.66667,0.06493,0.6,0.93333,0.0,0.0,0.66667,0.0,0.15556,0.00889,0.0,0.95822,0.80952,0.65714,0.78095,0.80952,0.48571,1.0,0.91812,1.0,0.35714,0.59348,0.50216,0.0,1.0,1.0,1.0,1.0,0.96667,0.93333,0.80973,0.13784,0.5,0.20676,1.0,1.0,0.5,0.5,0.5,1.0,0.0,0.03333,1.0,1.0,0.5,0.5,1.0,0.06667,0.0,1.0,1.0,1.0,1.0,1.0
1.0,0.5,1.0,0.5,0.6,0.5,0.07413,0.6,0.96667,0.0,0.0,0.66667,1.0,0.16,0.01778,0.0,0.99325,1.0,1.0,0.80952,1.0,1.0,0.0,0.90144,1.0,0.35714,0.66558,0.5219,0.0,1.0,0.99975,1.0,1.0,0.4,1.0,1.0,0.5,0.5,0.5,1.0,1.0,0.45817,1.0,0.5,0.0,1.0,1.0,1.0,1.0,0.45817,1.0,0.6,0.26667,1.0,1.0,0.66667,1.0,0.0,1.0
1.0,0.5,1.0,0.5,0.6,0.5,0.08345,0.6,1.0,0.0,0.0,0.66667,1.0,0.16889,0.01778,0.0,0.99815,1.0,1.0,0.80952,1.0,1.0,0.0,0.88085,1.0,0.35714,0.73221,0.62079,0.0,1.0,1.0,1.0,1.0,0.7,1.0,1.0,0.5,0.5,0.5,1.0,1.0,0.45817,1.0,1.0,0.0,0.0,1.0,1.0,1.0,0.45817,1.0,0.3,0.26667,1.0,1.0,0.66667,1.0,1.0,1.0
0.5,0.5,0.5,0.5,0.5,0.5,0.00064,0.06667,0.23333,0.0,0.0,0.66667,0.0,0.06667,0.00444,0.95207,0.0,1.0,0.99048,1.0,1.0,0.5,1.0,0.58899,1.0,0.07143,0.01786,0.00901,0.0,0.0,1.0,1.0,0.5,0.0,1.0,1.0,0.5,0.5,0.5,1.0,1.0,0.5,0.5,0.5,0.0,0.0,1.0,1.0,1.0,0.5,0.5,1.0,0.06667,0.0,1.0,1.0,1.0,0.0,0.5
0.0,0.0,0.0,0.0,0.06667,0.06667,0.00041,0.06667,0.3,0.0,0.0,0.66667,0.0,0.06667,0.00444,0.99723,0.0,1.0,0.99048,1.0,1.0,1.0,1.0,0.59086,1.0,0.07143,0.01117,0.00562,0.0,0.0,1.0,1.0,1.0,0.0,1.0,1.0,0.5,0.5,0.5,1.0,1.0,0.5,0.5,0.5,0.0,0.0,1.0,1.0,1.0,0.5,0.5,1.0,0.06667,0.0,1.0,1.0,1.0,0.0,1.0
1.0,0.5,1.0,0.5,0.06667,0.5,0.0011,0.06667,0.33333,0.0,0.0,0.66667,1.0,0.06667,0.00444,0.99847,0.0,1.0,0.99048,1.0,1.0,1.0,1.0,0.59168,1.0,0.07143,0.02974,0.0151,0.0,0.0,1.0,1.0,1.0,0.0,1.0,1.0,0.5,0.5,0.5,1.0,1.0,0.5,0.5,0.5,0.0,0.0,1.0,1.0,1.0,0.5,0.5,1.0,0.06667,0.0,1.0,1.0,1.0,0.0,1.0
1.0,0.5,1.0,0.5,0.06667,0.5,0.00262,0.06667,0.36667,0.0,0.0,0.66667,1.0,0.06667,0.00444,0.99919,0.0,1.0,0.99048,1.0,1.0,1.0,1.0,0.59254,1.0,0.07143,0.06873,0.03559,0.0,0.0,1.0,1.0,1.0,0.0,1.0,1.0,0.5,0.5,0.5,1.0,1.0,0.5,0.5,0.5,0.0,0.0,1.0,1.0,1.0,0.5,0.5,1.0,0.06667,0.0,1.0,1.0,1.0,0.0,1.0
1.0,0.5,1.0,0.5,0.06667,0.5,0.00419,0.06667,0.4,0.0,0.0,0.66667,1.0,0.06667,0.00444,0.99956,0.0,1.0,0.99048,1.0,1.0,1.0,1.0,0.59328,1.0,0.07143,0.10747,0.05679,0.0,0.0,1.0,1.0,1.0,0.16667,1.0,1.0,0.5,0.5,0.5,1.0,1.0,0.5,0.5,0.5,0.0,0.0,1.0,1.0,1.0,0.5,0.5,0.83333,0.13333,1.0,1.0,1.0,1.0,0.0,1.0
0.0,0.5,0.0,0.5,0.06667,0.5,0.00272,0.06667,0.43333,0.0,0.0,0.66667,1.0,0.06667,0.00444,0.99973,0.0,1.0,0.99048,1.0,1.0,1.0,0.0,0.5931,1.0,0.07143,0.07098,0.0368,0.0,0.0,1.0,1.0,0.85714,0.0,0.93333,0.98232,0.30208,0.30208,0.30208,1.0,1.0,0.5,0.5,0.5,0.0,0.0,1.0,1.0,1.0,0.5,0.5,1.0,0.06667,0.0,1.0,1.0,1.0,0.0,1.0
0.0,0.0,0.0,0.0,0.06667,0.06667,0.00203,0.06667,0.5,0.0,0.0,0.66667,0.0,0.06222,0.00444,0.99976,0.0,1.0,0.99048,1.0,1.0,1.0,1.0,0.59356,1.0,0.07143,0.05318,0.02732,0.0,0.0,1.0,1.0,1.0,0.23333,1.0,1.0,0.5,0.30208,0.5,1.0,1.0,0.5,0.5,0.5,0.0,0.0,1.0,1.0,1.0,0.5,0.5,0.76667,0.13333,1.0,1.0,1.0,1.0,0.0,1.0
0.0,0.0,0.0,0.0,0.06667,0.06667,0.00045,0.06667,0.56667,0.0,0.0,0.66667,0.0,0.06222,0.00444,0.99981,0.0,1.0,0.99048,1.0,1.0,1.0,0.0,0.59371,1.0,0.07143,0.01184,0.00595,0.0,0.0,0.5,0.92857,1.0,0.0,1.0,1.0,0.5,0.28238,0.5,1.0,1.0,0.5,0.5,0.5,0.0,0.0,1.0,1.0,1.0,0.5,0.5,1.0,0.06667,0.0,1.0,1.0,1.0,0.0,1.0
0.0,1.0,0.0,1.0,0.06667,0.06667,0.00052,0.06667,0.73333,0.0,0.0,0.66667,0.0,0.05778,0.00444,0.99994,0.0,1.0,1.0,1.0,1.0,1.0,0.0,0.60106,1.0,0.07143,0.01283,0.00646,0.0,0.0,0.5,0.92857,0.85714,0.0,0.93333,0.99628,0.3597,0.28238,0.20383,1.0,1.0,0.5,0.5,0.5,0.0,0.0,1.0,1.0,1.0,0.5,0.5,1.0,0.06667,0.0,1.0,1.0,1.0,0.0,1.0
0.0,0.0,0.0,0.0,0.06667,0.06667,0.00025,0.06667,0.8,0.0,0.0,0.66667,0.0,0.05778,0.00444,0.99997,0.0,1.0,1.0,1.0,1.0,1.0,1.0,0.60114,1.0,0.07143,0.00615,0.00308,0.0,0.0,0.5,0.92857,1.0,0.0,1.0,1.0,0.5,0.28238,0.5,1.0,1.0,0.5,0.5,0.5,0.0,0.0,1.0,1.0,1.0,0.5,0.5,1.0,0.06667,0.0,1.0,1.0,1.0,0.0,1.0
1.0,1.0,1.0,1.0,0.06667,0.06667,0.00032,0.06667,0.86667,0.0,0.0,0.66667,0.0,0.05778,0.00444,0.99999,0.0,1.0,1.0,1.0,1.0,1.0,1.0,0.60124,1.0,0.07143,0.00779,0.00391,0.0,0.0,0.5,0.92857,1.0,0.46667,1.0,1.0,0.5,0.28238,0.5,1.0,1.0,0.5,0.5,0.5,0.0,0.0,1.0,1.0,1.0,0.5,0.5,1.0,0.06667,0.0,1.0,1.0,1.0,0.0,1.0
0.0,0.0,0.0,0.0,0.06667,0.06667,0.00012,0.06667,0.93333,0.0,0.0,0.66667,0.0,0.05778,0.00444,0.99999,0.0,1.0,1.0,1.0,1.0,1.0,1.0,0.60124,1.0,0.07143,0.00287,0.00144,0.0,0.0,0.5,0.92857,1.0,0.0,1.0,1.0,0.5,0.37188,0.5,1.0,1.0,0.5,0.5,0.5,0.0,0.0,1.0,1.0,1.0,0.5,0.5,1.0,0.06667,0.0,1.0,1.0,1.0,0.0,0.0
0.5,0.5,0.5,0.5,0.5,0.5,0.06072,0.13333,0.1,0.0,0.0,0.66667,0.0,0.34667,0.00444,0.33256,0.0,1.0,1.0,1.0,1.0,0.5,1.0,0.78118,1.0,0.5,0.94168,0.88676,0.0,0.0,0.9552,0.57143,0.5,0.7,1.0,1.0,0.5,0.5,0.5,1.0,1.0,0.5,0.5,0.5,0.0,0.0,1.0,1.0,1.0,0.5,0.5,0.3,0.26667,1.0,0.33333,1.0,1.0,1.0,0.5
0.0,0.0,0.0,0.0,0.13333,0.2,0.00876,0.26667,0.3,0.0,0.0,0.66667,0.0,0.12,0.08889,0.9819,0.0,1.0,0.95238,0.77143,0.77143,0.54286,0.0,0.64812,1.0,0.28571,0.17101,0.09034,0.0,0.0,0.84772,0.85714,0.78571,0.0,1.0,1.0,0.5,0.5,0.5,1.0,1.0,0.5,0.5,0.5,0.0,0.0,1.0,1.0,1.0,0.5,0.5,1.0,0.06667,0.0,1.0,1.0,1.0,0.0,1.0
0.0,0.0,0.0,1.0,0.33333,0.33333,0.00895,0.33333,0.36667,0.0,0.0,0.66667,0.0,0.09333,0.12444,0.0,0.95341,0.92381,1.0,0.80952,0.81905,0.78095,0.0,0.73933,1.0,0.57143,0.25999,0.0647,0.66667,0.0,0.93607,0.85714,0.71429,0.0,1.0,1.0,0.5,0.5,0.5,1.0,1.0,0.5,0.5,0.5,0.0,1.0,1.0,1.0,1.0,0.04399,0.44738,1.0,0.06667,0.0,1.0,0.0,1.0,0.0,1.0
1.0,0.5,1.0,0.5,0.33333,0.5,0.01052,0.33333,0.4,0.0,0.0,0.66667,1.0,0.09333,0.13333,0.0,0.98808,1.0,1.0,0.80952,1.0,1.0,0.0,0.6851,1.0,0.35714,0.19755,0.09559,0.33333,0.0,0.93694,1.0,0.78571,0.86667,1.0,1.0,0.5,0.5,0.5,1.0,1.0,0.5,0.5,0.5,1.0,0.0,0.13333,1.0,1.0,0.04399,0.44738,1.0,0.06667,0.0,1.0,0.0,1.0,0.0,1.0
0.0,0.0,0.0,0.0,0.26667,0.26667,0.0046,0.26667,0.5,0.0,0.0,0.66667,0.0,0.08444,0.16444,0.0,0.98865,1.0,1.0,0.80952,1.0,0.90476,0.0,0.74407,1.0,0.42857,0.16312,0.04984,0.33333,0.0,0.91353,1.0,0.78571,0.0,1.0,1.0,0.5,0.0304,0.5,1.0,1.0,0.26912,1.0,0.22414,0.0,0.0,1.0,1.0,1.0,0.26912,1.0,1.0,0.06667,0.0,1.0,0.0,1.0,0.0,1.0
0.0,1.0,1.0,1.0,0.26667,0.26667,0.00564,0.26667,0.6,0.0,0.0,0.66667,0.0,0.08,0.16444,0.98621,0.0,1.0,1.0,0.86667,0.91429,0.88571,1.0,0.75352,1.0,0.07143,0.16868,0.03544,0.33333,0.0,0.81761,0.57143,0.85714,0.0,1.0,1.0,0.5,0.63806,0.5,1.0,1.0,0.26912,1.0,0.22414,0.0,0.0,1.0,1.0,1.0,0.26912,1.0,1.0,0.06667,0.0,1.0,0.0,1.0,0.0,1.0
1.0,0.5,1.0,0.5,0.33333,0.5,0.00637,0.33333,0.63333,0.0,0.0,0.66667,1.0,0.07556,0.12889,0.99735,0.0,0.75238,1.0,0.73333,1.0,0.75238,1.0,0.9749,1.0,0.21429,0.14775,0.04942,0.375,0.0,0.92595,1.0,0.71429,0.03333,0.93333,0.93619,1.0,1.0,1.0,0.88889,1.0,0.26912,1.0,0.22414,0.0,0.0,1.0,1.0,1.0,0.26912,1.0,0.96667,0.13333,0.125,1.0,0.0,1.0,0.0,1.0
1.0,0.5,1.0,0.5,0.4,0.5,0.00703,0.4,0.66667,0.0,0.0,0.66667,1.0,0.06667,0.09778,0.92333,0.0,0.74286,1.0,0.81905,1.0,0.74286,0.0,0.57363,1.0,0.35714,0.65059,0.1489,0.6,0.0,0.93355,1.0,0.78571,0.0,0.93333,0.938,0.96486,0.96486,0.96486,1.0,1.0,0.26912,1.0,0.22414,0.0,0.0,1.0,1.0,1.0,0.26912,1.0,1.0,0.06667,0.0,1.0,0.0,1.0,0.2,1.0
1.0,0.5,1.0,0.5,0.46667,0.5,0.00878,0.46667,0.7,0.0,0.0,0.66667,1.0,0.06667,0.10222,0.97284,0.0,1.0,0.99048,0.81905,1.0,1.0,1.0,0.76918,1.0,0.07143,0.08006,0.0417,0.0,0.0,0.5,1.0,0.57143,0.7,1.0,1.0,0.5,0.96486,0.5,1.0,1.0,0.26912,1.0,0.22414,0.0,0.0,1.0,1.0,1.0,0.26912,1.0,1.0,0.06667,0.0,1.0,0.0,1.0,0.0,1.0
0.5,0.5,0.5,0.5,0.5,0.5,0.06562,0.86667,0.1,0.0,0.0,0.66667,0.0,0.15111,0.00444,0.53963,0.0,0.85714,0.71429,1.0,1.0,0.5,1.0,0.94815,1.0,0.07143,0.70592,0.35838,0.66667,0.0,1.0,0.92857,0.5,0.56667,0.93333,0.93895,0.56431,0.5,0.28215,1.0,1.0,0.5,0.5,0.5,0.80846,0.0,0.43333,1.0,1.0,0.5,0.5,1.0,0.06667,0.0,1.0,1.0,1.0,0.66667,0.5
0.0,0.5,0.0,0.5,0.46667,0.5,0.05544,0.46667,0.13333,0.0,0.0,0.66667,1.0,0.19556,0.02222,0.82735,0.0,0.81905,1.0,0.93333,1.0,0.81905,0.0,0.88745,1.0,0.07143,0.65948,0.32399,0.66667,1.0,1.0,1.0,1.0,0.0,0.73333,0.76637,0.32595,0.32595,0.32595,1.0,1.0,0.0,0.23328,0.5,0.0,1.0,1.0,1.0,1.0,0.0,0.23328,1.0,0.06667,0.0,1.0,1.0,1.0,0.0,1.0
0.0,0.5,0.0,0.5,0.13333,0.5,0.0519,0.13333,0.16667,0.0,0.0,0.66667,1.0,0.26667,0.02222,0.89852,0.0,1.0,1.0,0.8381,1.0,1.0,0.0,0.85456,1.0,0.07143,0.65593,0.32581,0.0,0.0,1.0,1.0,1.0,0.23333,0.93333,0.95656,1.0,1.0,1.0,1.0,1.0,0.0,0.23328,0.80841,0.0,0.0,1.0,1.0,1.0,0.0,0.23328,0.76667,0.2,0.66667,1.0,1.0,1.0,0.0,1.0
0.0,0.0,0.0,0.0,0.13333,0.13333,0.04548,0.53333,0.53333,0.0,0.0,0.66667,0.0,0.04444,0.07556,0.0,0.93861,1.0,0.78095,0.82857,0.78095,0.61905,0.0,0.41976,1.0,0.5,0.25226,0.13338,0.0,0.0,0.93759,0.85714,0.78571,0.7,1.0,1.0,0.5,1.0,0.5,1.0,1.0,0.0,0.23328,0.80841,0.0,0.0,1.0,1.0,1.0,0.80092,0.71811,0.3,0.2,1.0,0.5,0.0,1.0,0.5,1.0
0.0,0.0,0.0,0.0,0.53333,0.53333,0.00219,0.46667,0.9,0.0,0.0,0.66667,0.0,0.03556,0.10222,0.0,0.9755,0.9619,1.0,0.6381,1.0,0.7619,1.0,0.915,1.0,0.07143,0.04956,0.01369,0.42857,0.0,0.88044,0.14286,0.35714,0.0,1.0,1.0,0.5,1.0,0.5,1.0,1.0,0.0,0.23328,0.80841,0.0,0.0,1.0,1.0,1.0,0.80092,0.71811,1.0,0.06667,0.0,1.0,0.0,1.0,0.0,1.0
0.5,0.5,0.5,0.5,0.5,0.5,0.06411,0.33333,0.06667,0.0,0.0,0.66667,0.0,0.37778,0.0,0.5,0.5,0.37143,0.88571,1.0,1.0,0.5,1.0,0.85323,1.0,0.28571,1.0,0.89521,0.42857,0.0,0.78942,0.71429,0.5,0.7,1.0,1.0,0.5,0.5,0.5,1.0,1.0,0.5,0.5,0.5,0.5,0.5,1.0,1.0,1.0,0.5,0.5,0.3,0.33333,0.57143,0.5,1.0,1.0,0.71429,0.5
0.0,1.0,0.0,1.0,0.26667,0.66667,0.06376,0.26667,0.16667,0.0,0.0,0.66667,0.0,0.41778,0.00889,0.85311,0.0,0.89524,1.0,0.89524,0.89524,0.78095,1.0,0.91127,1.0,0.35714,0.95016,0.85922,0.16667,0.0,0.94104,0.78571,0.78571,0.7,1.0,1.0,0.5,0.5,0.5,1.0,1.0,0.5,0.5,0.5,0.0,0.0,1.0,1.0,1.0,0.5,0.5,0.3,0.4,0.83333,0.6,1.0,1.0,1.0,1.0
1.0,0.5,1.0,0.5,0.33333,0.5,0.06397,0.33333,0.2,0.0,0.0,0.66667,1.0,0.38222,0.01333,0.95663,0.0,0.87619,1.0,0.79048,1.0,0.87619,0.0,0.90372,1.0,0.42857,0.95556,0.81355,0.25,0.0,0.98054,1.0,0.85714,0.7,1.0,1.0,0.5,0.5,0.5,1.0,1.0,0.5,0.5,0.5,0.0,0.0,1.0,1.0,1.0,0.5,0.5,0.3,0.26667,0.75,0.0,1.0,1.0,0.75,1.0
1.0,1.0,1.0,1.0,0.66667,0.93333,0.08642,0.93333,0.26667,0.0,0.0,0.66667,0.0,0.36,0.04889,0.98471,0.0,1.0,1.0,0.90476,1.0,0.77143,0.0,0.57818,1.0,0.07143,1.0,0.96759,0.88889,0.0,0.96306,1.0,0.64286,0.7,1.0,1.0,0.5,0.5,0.5,1.0,1.0,0.5,0.5,0.5,0.0,0.08431,1.0,1.0,1.0,0.2384,0.30747,0.3,0.4,0.55556,1.0,0.6,1.0,0.0,1.0
1.0,1.0,0.0,1.0,1.0,1.0,0.08891,1.0,0.33333,0.0,0.0,0.66667,0.0,0.36444,0.05333,0.98835,0.0,0.89524,1.0,0.99048,1.0,0.89524,0.0,0.61843,1.0,0.07143,1.0,1.0,1.0,0.0,0.97734,0.85714,0.92857,0.7,1.0,1.0,0.5,0.5,0.5,1.0,1.0,0.5,0.5,0.5,0.0,0.33591,1.0,1.0,1.0,0.2384,0.30747,0.3,0.46667,0.75,1.0,0.33333,1.0,0.0,1.0
0.5,0.5,0.5,0.5,0.5,0.5,0.06276,0.33333,0.2,0.0,0.0,0.66667,0.0,0.27556,0.0,0.97449,0.0,0.99048,0.9619,1.0,1.0,0.5,0.0,0.99186,1.0,0.07143,0.93279,0.81982,0.2,0.0,0.90307,1.0,0.5,0.7,1.0,1.0,0.5,0.5,0.5,1.0,1.0,0.5,0.5,0.5,0.0,0.0,1.0,1.0,1.0,0.5,0.5,0.3,0.26667,0.6,1.0,1.0,1.0,1.0,0.5
1.0,0.5,0.0,0.5,0.26667,0.5,0.06246,0.26667,0.23333,0.0,0.0,0.66667,1.0,0.26222,0.0,0.97528,0.0,0.86667,0.87619,1.0,1.0,0.86667,0.0,0.96928,1.0,0.0,0.92262,0.82582,0.0,0.0,0.92005,1.0,1.0,0.7,1.0,1.0,0.5,0.5,0.5,1.0,1.0,0.5,0.5,0.5,0.0,0.0,1.0,1.0,1.0,0.5,0.5,0.3,0.33333,0.8,0.5,1.0,1.0,0.6,1.0
1.0,0.5,1.0,0.5,0.53333,0.5,0.06584,0.53333,0.26667,0.0,0.0,0.66667,1.0,0.24444,0.0,0.96668,0.0,0.98095,0.99048,1.0,1.0,0.98095,0.0,0.93644,1.0,0.0,0.95664,0.87377,0.4,0.0,0.93354,1.0,1.0,0.7,1.0,1.0,0.5,0.5,0.5,1.0,1.0,0.5,0.5,0.5,0.0,0.0,1.0,1.0,1.0,0.5,0.5,0.3,0.33333,0.8,0.75,1.0,1.0,0.8,1.0
1.0,0.5,1.0,0.5,0.8,0.5,0.07142,0.8,0.3,0.0,0.0,0.66667,1.0,0.23111,0.0,0.96853,0.0,0.92381,0.93333,1.0,1.0,0.92381,0.0,0.90114,1.0,0.0,1.0,0.94761,0.6,0.0,0.94505,1.0,1.0,0.7,1.0,1.0,0.5,0.5,0.5,1.0,1.0,0.5,0.5,0.5,0.0,0.0,1.0,1.0,1.0,0.5,0.5,0.3,0.4,1.0,0.8,1.0,1.0,0.8,1.0
1.0,0.5,1.0,0.5,0.86667,0.5,0.07568,0.86667,0.33333,0.0,0.0,0.66667,1.0,0.24889,0.0,0.98374,0.0,1.0,0.99048,1.0,1.0,1.0,0.0,0.87014,1.0,0.0,1.0,0.98424,0.8,0.0,0.95422,1.0,1.0,0.7,1.0,1.0,0.5,0.5,0.5,1.0,1.0,0.5,0.5,0.5,0.0,0.0,1.0,1.0,1.0,0.5,0.5,0.3,0.4,1.0,0.8,1.0,1.0,1.0,1.0
1.0,0.5,1.0,0.5,1.0,0.5,0.08035,1.0,0.36667,0.0,0.0,0.66667,1.0,0.24444,0.0,0.98279,0.0,1.0,0.9619,1.0,1.0,1.0,0.0,0.83831,1.0,0.0,1.0,1.0,1.0,0.0,0.96163,1.0,1.0,0.7,1.0,1.0,0.5,0.5,0.5,1.0,1.0,0.5,0.5,0.5,0.0,0.0,1.0,1.0,1.0,0.5,0.5,0.3,0.4,1.0,1.0,1.0,1.0,1.0,1.0
1.0,0.5,1.0,0.5,1.0,0.5,0.08315,1.0,0.4,0.0,0.0,0.66667,1.0,0.25778,0.0,0.98425,0.0,0.9619,1.0,1.0,1.0,0.9619,0.0,0.80778,1.0,0.0,1.0,1.0,1.0,0.0,0.96666,1.0,1.0,0.7,1.0,1.0,0.5,0.5,0.5,1.0,1.0,0.5,0.5,0.5,0.0,0.0,1.0,1.0,1.0,0.5,0.5,0.3,0.4,1.0,1.0,1.0,1.0,1.0,1.0
1.0,0.5,1.0,0.5,1.0,0.5,0.08565,1.0,0.43333,0.0,0.0,0.66667,1.0,0.25333,0.0,0.98702,0.0,0.95238,0.95238,1.0,1.0,0.95238,0.0,0.77473,1.0,0.0,1.0,1.0,1.0,0.0,0.96969,1.0,1.0,0.7,1.0,1.0,0.5,0.5,0.5,1.0,1.0,0.5,0.5,0.5,0.0,0.0,1.0,1.0,1.0,0.5,0.5,0.3,0.4,1.0,1.0,1.0,1.0,1.0,1.0
1.0,0.5,1.0,0.5,1.0,0.5,0.08795,1.0,0.46667,0.0,0.0,0.66667,1.0,0.24444,0.0,0.98533,0.0,1.0,0.9619,1.0,1.0,1.0,1.0,0.95898,1.0,0.07143,1.0,1.0,1.0,1.0,0.97848,1.0,0.92857,0.7,1.0,1.0,0.5,0.5,0.5,1.0,1.0,0.5,0.5,0.5,0.0,0.0,1.0,1.0,1.0,0.5,0.5,0.3,0.33333,1.0,1.0,1.0,1.0,1.0,1.0
1.0,0.5,1.0,0.5,1.0,0.5,0.09075,1.0,0.5,0.0,0.0,0.66667,1.0,0.24444,0.0,0.98535,0.0,0.9619,1.0,1.0,1.0,0.9619,1.0,0.98534,1.0,0.07143,1.0,1.0,1.0,1.0,0.97984,1.0,1.0,0.7,1.0,1.0,0.5,0.5,0.5,1.0,1.0,0.5,0.5,0.5,0.0,0.0,1.0,1.0,1.0,0.5,0.5,0.3,0.33333,1.0,1.0,1.0,1.0,1.0,1.0
1.0,0.5,1.0,0.5,1.0,0.5,0.09527,1.0,0.53333,0.0,0.0,0.66667,1.0,0.24889,0.0,0.98912,0.0,1.0,1.0,1.0,1.0,1.0,1.0,0.98805,1.0,0.07143,1.0,1.0,1.0,1.0,0.98077,1.0,1.0,0.7,1.0,1.0,0.5,0.5,0.5,1.0,1.0,0.5,0.5,0.5,0.0,0.0,1.0,1.0,1.0,0.5,0.5,0.3,0.33333,1.0,1.0,1.0,1.0,1.0,1.0
1.0,0.5,1.0,0.5,1.0,0.5,0.10022,1.0,0.56667,0.0,0.0,0.66667,1.0,0.24889,0.0,0.99628,0.0,1.0,0.98095,1.0,1.0,1.0,0.0,0.95647,1.0,0.07143,1.0,1.0,1.0,1.0,0.9806,1.0,1.0,0.7,1.0,1.0,0.5,0.5,0.5,1.0,1.0,0.5,0.5,0.5,0.0,0.0,1.0,1.0,1.0,0.5,0.5,0.3,0.33333,1.0,1.0,1.0,1.0,1.0,1.0
1.0,0.5,1.0,0.5,1.0,0.5,0.10426,1.0,0.6,0.0,0.0,0.66667,1.0,0.24889,0.0,0.99975,0.0,1.0,0.98095,1.0,1.0,1.0,0.0,0.92591,1.0,0.07143,1.0,1.0,1.0,1.0,0.98101,1.0,1.0,0.7,1.0,1.0,0.5,0.5,0.5,1.0,1.0,0.5,0.5,0.5,0.0,0.0,1.0,1.0,1.0,0.5,0.5,0.3,0.33333,1.0,1.0,1.0,1.0,1.0,1.0
1.0,0.5,1.0,0.5,1.0,0.5,0.10829,1.0,0.63333,0.0,0.0,0.66667,1.0,0.24889,0.0,0.99904,0.0,1.0,0.98095,1.0,1.0,1.0,0.0,0.89716,1.0,0.07143,1.0,1.0,1.0,1.0,0.98131,1.0,1.0,0.7,1.0,1.0,0.5,0.5,0.5,1.0,1.0,0.5,0.5,0.5,0.0,0.0,1.0,1.0,1.0,0.5,0.5,0.3,0.33333,1.0,1.0,1.0,1.0,1.0,1.0
1.0,0.5,1.0,0.5,1.0,0.5,0.1121,1.0,0.66667,0.0,0.0,0.66667,1.0,0.24889,0.0,0.0,0.9966,1.0,0.98095,1.0,1.0,1.0,0.0,0.87276,1.0,0.07143,1.0,1.0,1.0,1.0,0.982,1.0,1.0,0.7,1.0,1.0,0.5,0.5,0.5,1.0,1.0,0.5,0.5,0.5,0.0,0.0,1.0,1.0,1.0,0.5,0.5,0.3,0.33333,1.0,1.0,1.0,1.0,1.0,1.0
1.0,0.5,1.0,0.5,1.0,0.5,0.11615,1.0,0.7,0.0,0.0,0.66667,1.0,0.26222,0.0,0.0,0.98556,1.0,0.98095,1.0,1.0,1.0,0.0,0.86369,1.0,0.07143,1.0,1.0,1.0,1.0,0.98247,1.0,1.0,0.7,1.0,1.0,0.5,0.5,0.5,1.0,1.0,0.5,0.5,0.5,0.0,0.0,1.0,1.0,1.0,0.5,0.5,0.3,0.33333,1.0,1.0,1.0,1.0,1.0,1.0
1.0,0.5,1.0,0.5,1.0,0.5,0.11835,1.0,0.73333,0.0,0.0,0.66667,1.0,0.24889,0.0,0.0,0.98952,1.0,0.98095,1.0,1.0,1.0,0.0,0.84358,1.0,0.07143,1.0,1.0,1.0,1.0,0.98268,1.0,1.0,0.7,1.0,1.0,0.5,0.5,0.5,1.0,1.0,0.5,0.5,0.5,0.0,0.0,1.0,1.0,1.0,0.5,0.5,0.3,0.33333,1.0,1.0,1.0,1.0,1.0,1.0
1.0,0.5,1.0,0.5,1.0,0.5,0.12223,1.0,0.76667,0.0,0.0,0.66667,1.0,0.25778,0.0,0.0,0.99169,0.93333,0.97143,1.0,1.0,0.93333,0.0,0.81583,1.0,0.07143,1.0,1.0,1.0,1.0,0.98261,1.0,1.0,0.7,1.0,1.0,0.5,0.5,0.5,1.0,1.0,0.5,0.5,0.5,0.0,0.0,1.0,1.0,1.0,0.5,0.5,0.3,0.33333,1.0,1.0,1.0,1.0,1.0,1.0
1.0,0.5,1.0,0.5,1.0,0.5,0.1258,1.0,0.8,0.0,0.0,0.66667,1.0,0.24,0.0,0.0,0.99573,0.9619,0.97143,1.0,1.0,0.9619,0.0,0.78842,1.0,0.07143,1.0,1.0,1.0,1.0,0.9828,1.0,1.0,0.7,1.0,1.0,0.5,0.5,0.5,1.0,1.0,0.5,0.5,0.5,0.0,0.0,1.0,1.0,1.0,0.5,0.5,0.3,0.33333,1.0,1.0,1.0,1.0,1.0,1.0
1.0,0.5,1.0,0.5,1.0,0.5,0.13016,1.0,0.83333,0.0,0.0,0.66667,1.0,0.23556,0.0,0.99961,0.0,0.97143,0.98095,1.0,1.0,0.97143,0.0,0.76802,1.0,0.07143,1.0,1.0,1.0,1.0,0.98333,1.0,1.0,0.7,1.0,1.0,0.5,0.5,0.5,1.0,1.0,0.5,0.5,0.5,0.0,0.0,1.0,1.0,1.0,0.5,0.5,0.3,0.33333,1.0,1.0,1.0,1.0,1.0,1.0
1.0,0.5,1.0,0.5,1.0,0.5,0.13422,1.0,0.86667,0.0,0.0,0.66667,1.0,0.23111,0.0,0.0,0.98955,0.97143,0.97143,1.0,1.0,0.97143,0.0,0.7499,1.0,0.07143,1.0,1.0,1.0,1.0,0.9835,1.0,1.0,0.7,1.0,1.0,0.5,0.5,0.5,1.0,1.0,0.5,0.5,0.5,0.0,0.0,1.0,1.0,1.0,0.5,0.5,0.3,0.33333,1.0,1.0,1.0,1.0,1.0,1.0
1.0,0.5,1.0,0.5,1.0,0.5,0.13788,1.0,0.9,0.0,0.0,0.66667,1.0,0.22667,0.0,0.0,0.98043,0.97143,0.95238,1.0,1.0,0.97143,0.0,0.73534,1.0,0.07143,1.0,1.0,1.0,1.0,0.98368,1.0,1.0,0.7,1.0,1.0,0.5,0.5,0.5,1.0,1.0,0.5,0.5,0.5,0.0,0.0,1.0,1.0,1.0,0.5,0.5,0.3,0.33333,1.0,1.0,1.0,1.0,1.0,1.0
1.0,0.5,1.0,0.5,1.0,0.5,0.14199,1.0,0.93333,0.0,0.0,0.66667,1.0,0.23111,0.0,0.0,0.99147,0.97143,0.95238,1.0,1.0,0.97143,0.0,0.72098,1.0,0.07143,1.0,1.0,1.0,1.0,0.98414,1.0,1.0,0.7,1.0,1.0,0.5,0.5,0.5,1.0,1.0,0.5,0.5,0.5,0.0,0.0,1.0,1.0,1.0,0.5,0.5,0.3,0.33333,1.0,1.0,1.0,1.0,1.0,1.0
1.0,0.5,1.0,0.5,1.0,0.5,0.14564,1.0,0.96667,0.0,0.0,0.66667,1.0,0.21778,0.0,0.0,0.99008,1.0,0.95238,1.0,1.0,1.0,0.0,0.70486,1.0,0.07143,1.0,1.0,1.0,1.0,0.98401,1.0,1.0,0.7,1.0,1.0,0.5,0.5,0.5,1.0,1.0,0.5,0.5,0.5,0.0,0.0,1.0,1.0,1.0,0.5,0.5,0.3,0.33333,1.0,1.0,1.0,1.0,1.0,1.0
1.0,0.5,1.0,0.5,1.0,0.5,0.14813,1.0,1.0,0.0,0.0,0.66667,1.0,0.21333,0.0,0.0,0.98399,1.0,0.98095,1.0,1.0,1.0,0.0,0.6953,1.0,0.07143,1.0,1.0,1.0,0.0,0.98366,1.0,1.0,0.7,1.0,1.0,0.5,0.5,0.5,1.0,1.0,0.5,0.5,0.5,0.0,0.0,1.0,1.0,1.0,0.5,0.5,0.3,0.33333,1.0,1.0,1.0,1.0,1.0,1.0
1.0,0.5,1.0,0.5,1.0,0.5,0.1528,1.0,0.0,0.96774,0.0,0.66667,1.0,0.21778,0.0,0.0,0.9906,0.93333,0.98095,1.0,1.0,0.93333,1.0,0.85823,1.0,0.07143,1.0,1.0,1.0,1.0,0.98371,1.0,0.92857,0.7,1.0,1.0,0.5,0.5,0.5,1.0,1.0,0.5,0.5,0.5,0.0,0.0,1.0,1.0,1.0,0.5,0.5,0.3,0.26667,1.0,1.0,1.0,1.0,1.0,1.0
1.0,0.5,1.0,0.5,1.0,0.5,0.15799,1.0,0.0,0.9375,0.0,0.66667,1.0,0.2,0.0,0.0,0.98611,0.9619,0.98095,1.0,1.0,0.9619,0.0,0.83483,1.0,0.07143,1.0,1.0,1.0,1.0,0.98294,1.0,1.0,0.7,1.0,1.0,0.5,0.5,0.5,1.0,1.0,0.5,0.5,0.5,0.0,0.0,1.0,1.0,1.0,0.5,0.5,0.3,0.26667,1.0,1.0,1.0,1.0,1.0,1.0
1.0,0.5,1.0,0.5,1.0,0.5,0.15923,1.0,0.0,0.90909,0.0,0.66667,1.0,0.2,0.0,0.0,0.97497,1.0,1.0,1.0,1.0,1.0,0.0,0.8325,1.0,0.07143,1.0,1.0,1.0,1.0,0.98181,1.0,1.0,0.7,1.0,1.0,0.5,0.5,0.5,1.0,1.0,0.5,0.5,0.5,0.0,0.0,1.0,1.0,1.0,0.5,0.5,0.3,0.26667,1.0,1.0,1.0,1.0,1.0,1.0
1.0,0.5,1.0,0.5,1.0,0.5,0.16111,1.0,0.0,0.88235,0.0,0.66667,1.0,0.20889,0.0,0.0,0.97441,0.99048,0.93333,1.0,1.0,0.99048,1.0,0.83474,1.0,0.07143,1.0,1.0,1.0,1.0,0.98107,1.0,1.0,0.7,1.0,1.0,0.5,0.5,0.5,1.0,1.0,0.5,0.5,0.5,0.0,0.0,1.0,1.0,1.0,0.5,0.5,0.3,0.26667,1.0,0.66667,1.0,1.0,1.0,1.0
1.0,0.5,1.0,0.5,1.0,0.5,0.16414,1.0,0.0,0.85714,0.0,0.66667,1.0,0.20444,0.0,0.0,0.98556,0.93333,1.0,1.0,1.0,0.93333,0.0,0.82513,1.0,0.07143,1.0,1.0,1.0,0.0,0.98056,1.0,1.0,0.7,1.0,1.0,0.5,0.5,0.5,1.0,1.0,0.5,0.5,0.5,0.0,0.0,1.0,1.0,1.0,0.5,0.5,0.3,0.26667,1.0,1.0,1.0,1.0,1.0,1.0
1.0,0.5,1.0,0.5,1.0,0.5,0.16753,1.0,0.0,0.83333,0.0,0.66667,1.0,0.2,0.0,0.0,0.9943,1.0,0.91429,1.0,1.0,1.0,0.0,0.81158,1.0,0.07143,1.0,1.0,1.0,0.0,0.97939,1.0,1.0,0.7,1.0,1.0,0.5,0.5,0.5,1.0,1.0,0.5,0.5,0.5,0.0,0.0,1.0,1.0,1.0,0.5,0.5,0.3,0.26667,1.0,1.0,1.0,1.0,1.0,1.0
1.0,0.5,1.0,0.5,1.0,0.5,0.17128,1.0,0.0,0.81081,0.0,0.66667,1.0,0.19111,0.0,0.98732,0.0,0.95238,0.94286,1.0,1.0,0.95238,1.0,0.98456,1.0,0.07143,1.0,1.0,1.0,1.0,0.98081,1.0,0.92857,0.7,1.0,1.0,0.5,0.5,0.5,1.0,1.0,0.5,0.5,0.5,0.0,0.0,1.0,1.0,1.0,0.5,0.5,0.3,0.2,1.0,1.0,1.0,1.0,1.0,1.0
1.0,0.5,1.0,0.5,1.0,0.5,0.17691,1.0,0.0,0.78947,0.0,0.66667,1.0,0.17778,0.0,0.98996,0.0,1.0,0.95238,1.0,1.0,1.0,0.0,0.95634,1.0,0.07143,1.0,1.0,1.0,1.0,0.97995,1.0,1.0,0.7,1.0,1.0,0.5,0.5,0.5,1.0,1.0,0.5,0.5,0.5,0.0,0.0,1.0,1.0,1.0,0.5,0.5,0.3,0.2,1.0,1.0,1.0,1.0,1.0,1.0
1.0,0.5,1.0,0.5,1.0,0.5,0.18169,1.0,0.0,0.76923,0.0,0.66667,1.0,0.17778,0.0,0.97694,0.0,0.98095,1.0,1.0,1.0,0.98095,0.0,0.92618,1.0,0.07143,1.0,1.0,1.0,0.0,0.97882,1.0,1.0,0.7,1.0,1.0,0.5,0.5,0.5,1.0,1.0,0.5,0.5,0.5,0.0,0.0,1.0,1.0,1.0,0.5,0.5,0.3,0.2,1.0,0.5,1.0,1.0,1.0,1.0
1.0,0.5,1.0,0.5,1.0,0.5,0.1863,1.0,0.0,0.75,0.0,0.66667,1.0,0.16444,0.0,0.99037,0.0,0.93333,1.0,1.0,1.0,0.93333,0.0,0.89887,1.0,0.07143,1.0,1.0,1.0,0.0,0.97915,1.0,1.0,0.7,1.0,1.0,0.5,0.5,0.5,1.0,1.0,0.5,0.5,0.5,0.0,0.0,1.0,1.0,1.0,0.5,0.5,0.3,0.2,1.0,1.0,1.0,1.0,1.0,1.0
0.5,0.5,0.5,0.5,0.5,0.5,0.05532,0.06667,0.1,0.0,0.0,0.66667,0.0,0.08,0.0,0.96751,0.0,1.0,1.0,1.0,1.0,0.5,0.0,0.66301,1.0,0.07143,0.8428,0.73094,0.0,1.0,0.66667,0.92857,0.5,0.7,1.0,1.0,0.5,0.5,0.5,1.0,1.0,0.5,0.5,0.5,0.0,0.0,1.0,1.0,1.0,0.5,0.5,0.3,0.13333,0.5,1.0,1.0,1.0,0.5,0.5
0.0,0.0,0.0,0.0,0.06667,0.06667,0.04664,0.06667,0.2,0.0,0.0,0.66667,0.0,0.07556,0.0,0.98878,0.0,1.0,1.0,1.0,1.0,0.98095,0.0,0.0136,0.034,0.07143,1.0,1.0,1.0,1.0,1.0,0.92857,0.85714,0.7,1.0,1.0,0.5,0.5,0.5,1.0,1.0,0.5,0.5,0.5,0.0,0.0,1.0,1.0,1.0,0.5,0.5,1.0,0.06667,1.0,1.0,1.0,1.0,1.0,1.0
0.0,0.0,0.0,0.0,0.06667,0.06667,0.04662,0.06667,0.26667,0.0,0.0,0.66667,0.0,0.07111,0.0,0.99222,0.0,0.99048,0.99048,1.0,1.0,0.99048,1.0,0.61499,1.0,0.07143,0.75113,0.60145,0.0,0.0,0.53719,0.92857,0.92857,0.7,1.0,1.0,0.5,0.5,0.5,1.0,1.0,0.5,0.5,0.5,0.0,0.0,1.0,1.0,1.0,0.5,0.5,1.0,0.06667,0.0,1.0,1.0,1.0,0.0,0.5
0.0,0.5,0.0,0.5,0.06667,0.5,0.04662,0.06667,0.3,0.0,0.0,0.66667,1.0,0.07111,0.0,0.99368,0.0,1.0,0.99048,1.0,1.0,1.0,0.0,0.01359,0.03396,0.0,1.0,1.0,1.0,0.0,1.0,1.0,0.92857,0.7,1.0,1.0,0.5,0.5,0.5,1.0,1.0,0.5,0.5,0.5,0.0,0.0,1.0,1.0,1.0,0.5,0.5,1.0,0.06667,1.0,1.0,1.0,1.0,1.0,0.5
0.0,0.5,0.0,0.5,0.06667,0.5,0.04662,0.06667,0.33333,0.0,0.0,0.66667,1.0,0.06667,0.0,0.99524,0.0,1.0,0.99048,1.0,1.0,1.0,0.0,0.01359,0.03396,0.0,1.0,1.0,1.0,0.0,1.0,1.0,1.0,0.7,1.0,1.0,0.5,0.5,0.5,1.0,1.0,0.5,0.5,0.5,0.0,0.0,1.0,1.0,1.0,0.5,0.5,1.0,0.06667,1.0,1.0,1.0,1.0,1.0,0.5
0.0,0.5,0.0,0.5,0.06667,0.5,0.04662,0.06667,0.36667,0.0,0.0,0.66667,1.0,0.06667,0.0,0.99635,0.0,1.0,1.0,1.0,1.0,1.0,0.0,0.01359,0.03396,0.0,1.0,1.0,1.0,0.0,1.0,1.0,1.0,0.7,1.0,1.0,0.5,0.5,0.5,1.0,1.0,0.5,0.5,0.5,0.0,0.0,1.0,1.0,1.0,0.5,0.5,1.0,0.06667,1.0,1.0,1.0,1.0,1.0,0.5
0.0,0.5,0.0,0.5,0.06667,0.5,0.04662,0.06667,0.4,0.0,0.0,0.66667,1.0,0.06667,0.0,0.99653,0.0,1.0,1.0,1.0,1.0,1.0,0.0,0.01359,0.03396,0.0,1.0,1.0,1.0,0.0,1.0,1.0,1.0,0.7,1.0,1.0,0.5,0.5,0.5,1.0,1.0,0.5,0.5,0.5,0.0,0.0,1.0,1.0,1.0,0.5,0.5,1.0,0.06667,1.0,1.0,1.0,1.0,1.0,0.5
0.0,0.5,0.0,0.5,0.06667,0.5,0.04662,0.06667,0.43333,0.0,0.0,0.66667,1.0,0.06667,0.0,0.9969,0.0,1.0,1.0,1.0,1.0,1.0,0.0,0.01359,0.03396,0.0,1.0,1.0,1.0,0.0,1.0,1.0,1.0,0.7,1.0,1.0,0.5,0.5,0.5,1.0,1.0,0.5,0.5,0.5,0.0,0.0,1.0,1.0,1.0,0.5,0.5,1.0,0.06667,1.0,1.0,1.0,1.0,1.0,0.5
0.0,0.5,0.0,0.5,0.06667,0.5,0.04662,0.06667,0.46667,0.0,0.0,0.66667,1.0,0.06667,0.0,0.99734,0.0,1.0,1.0,1.0,1.0,1.0,0.0,0.01359,0.03396,0.0,1.0,1.0,1.0,0.0,1.0,1.0,1.0,0.7,1.0,1.0,0.5,0.5,0.5,1.0,1.0,0.5,0.5,0.5,0.0,0.0,1.0,1.0,1.0,0.5,0.5,1.0,0.06667,1.0,1.0,1.0,1.0,1.0,0.5
0.0,0.5,0.0,0.5,0.06667,0.5,0.04662,0.06667,0.5,0.0,0.0,0.66667,1.0,0.06667,0.0,0.99779,0.0,1.0,1.0,1.0,1.0,1.0,0.0,0.01359,0.03396,0.0,1.0,1.0,1.0,0.0,1.0,1.0,1.0,0.7,1.0,1.0,0.5,0.5,0.5,1.0,1.0,0.5,0.5,0.5,0.0,0.0,1.0,1.0,1.0,0.5,0.5,1.0,0.06667,1.0,1.0,1.0,1.0,1.0,0.5
0.0,0.5,0.0,0.5,0.06667,0.5,0.04662,0.06667,0.53333,0.0,0.0,0.66667,1.0,0.06667,0.0,0.99822,0.0,1.0,1.0,1.0,1.0,1.0,0.0,0.01359,0.03396,0.0,1.0,1.0,1.0,0.0,1.0,1.0,1.0,0.7,1.0,1.0,0.5,0.5,0.5,1.0,1.0,0.5,0.5,0.5,0.0,0.0,1.0,1.0,1.0,0.5,0.5,1.0,0.06667,1.0,1.0,1.0,1.0,1.0,0.5
0.0,0.5,0.0,0.5,0.06667,0.5,0.04662,0.06667,0.56667,0.0,0.0,0.66667,1.0,0.06667,0.0,0.9986,0.0,1.0,1.0,1.0,1.0,1.0,0.0,0.01359,0.03396,0.0,1.0,1.0,1.0,0.0,1.0,1.0,1.0,0.7,1.0,1.0,0.5,0.5,0.5,1.0,1.0,0.5,0.5,0.5,0.0,0.0,1.0,1.0,1.0,0.5,0.5,1.0,0.06667,1.0,1.0,1.0,1.0,1.0,0.5
0.0,0.0,0.0,0.0,0.06667,0.06667,0.04662,0.06667,0.63333,0.0,0.0,0.66667,0.0,0.06667,0.0,0.99912,0.0,1.0,1.0,1.0,1.0,1.0,0.0,0.01359,0.03396,0.0,1.0,1.0,1.0,0.0,1.0,1.0,1.0,0.7,1.0,1.0,0.5,0.5,0.5,1.0,1.0,0.5,0.5,0.5,0.0,0.0,1.0,1.0,1.0,0.5,0.5,1.0,0.06667,1.0,1.0,1.0,1.0,1.0,0.5
0.0,0.0,0.0,0.0,0.06667,0.06667,0.04662,0.06667,0.7,0.0,0.0,0.66667,0.0,0.06667,0.0,0.99944,0.0,1.0,1.0,1.0,1.0,1.0,0.0,0.01359,0.03396,0.0,1.0,1.0,1.0,0.0,1.0,1.0,1.0,0.7,1.0,1.0,0.5,0.5,0.5,1.0,1.0,0.5,0.5,0.5,0.0,0.0,1.0,1.0,1.0,0.5,0.5,1.0,0.06667,1.0,1.0,1.0,1.0,1.0,0.5
0.0,0.0,0.0,0.0,0.06667,0.06667,0.04662,0.06667,0.76667,0.0,0.0,0.66667,0.0,0.06667,0.0,0.99964,0.0,1.0,1.0,1.0,1.0,1.0,0.0,0.01359,0.03396,0.0,1.0,1.0,1.0,0.0,1.0,1.0,1.0,0.7,1.0,1.0,0.5,0.5,0.5,1.0,1.0,0.5,0.5,0.5,0.0,0.0,1.0,1.0,1.0,0.5,0.5,1.0,0.06667,1.0,1.0,1.0,1.0,1.0,0.5
0.0,0.0,0.0,0.0,0.06667,0.06667,0.04662,0.06667,0.83333,0.0,0.0,0.66667,0.0,0.06667,0.0,0.99977,0.0,1.0,1.0,1.0,1.0,1.0,0.0,0.01359,0.03396,0.0,1.0,1.0,1.0,0.0,1.0,1.0,1.0,0.7,1.0,1.0,0.5,0.5,0.5,1.0,1.0,0.5,0.5,0.5,0.0,0.0,1.0,1.0,1.0,0.5,0.5,1.0,0.06667,1.0,1.0,1.0,1.0,1.0,0.5
0.5,0.5,0.5,0.5,0.5,0.5,0.0,0.06667,0.8,0.0,0.0,0.66667,0.0,0.06667,0.00444,0.96288,0.0,0.90476,1.0,0.80952,0.8,0.5,1.0,0.92006,1.0,0.07143,0.0,0.0,0.0,0.0,0.83324,0.64286,0.5,0.0,1.0,1.0,0.5,0.5,0.5,1.0,1.0,0.5,0.5,0.5,0.0,0.0,1.0,1.0,1.0,0.5,0.5,1.0,0.06667,0.0,1.0,1.0,1.0,0.0,0.5
1.0,0.5,1.0,0.5,0.06667,0.5,0.0,0.06667,0.83333,0.0,0.0,0.66667,1.0,0.06667,0.00444,0.97251,0.0,0.9619,0.9619,0.82857,1.0,0.9619,0.0,0.8845,1.0,0.07143,0.0,0.0,0.0,0.0,0.83164,1.0,1.0,0.0,1.0,1.0,0.5,0.5,0.5,1.0,1.0,0.5,0.5,0.5,0.0,0.0,1.0,1.0,1.0,0.5,0.5,1.0,0.06667,0.0,1.0,1.0,1.0,0.0,1.0
0.0,0.0,0.0,0.0,0.06667,0.06667,0.0,0.06667,0.9,0.0,0.0,0.66667,0.0,0.07111,0.00444,0.9817,0.0,1.0,1.0,0.82857,0.85714,1.0,0.0,0.85861,1.0,0.07143,0.0,0.0,0.0,0.0,0.82952,0.85714,1.0,0.0,1.0,1.0,0.5,0.5,0.5,1.0,1.0,0.5,0.5,0.5,0.0,0.0,1.0,1.0,1.0,0.5,0.5,1.0,0.06667,0.0,1.0,1.0,1.0,0.0,1.0
1.0,1.0,1.0,1.0,0.06667,0.06667,0.0,0.06667,0.0,0.90909,0.0,0.66667,0.0,0.06667,0.02667,0.97013,0.0,0.94286,1.0,0.93333,1.0,0.80952,1.0,0.70374,1.0,0.07143,0.0,0.0,0.0,0.0,0.94186,1.0,0.71429,0.0,1.0,1.0,0.5,0.5,0.5,1.0,1.0,0.5,0.5,0.5,0.0,0.0,1.0,1.0,1.0,0.0,0.63132,1.0,0.06667,0.0,1.0,1.0,1.0,0.0,1.0
0.0,0.0,0.0,0.0,0.06667,0.06667,0.0,0.06667,0.0,0.75,0.0,0.66667,0.0,0.05778,0.02222,0.9983,0.0,0.99048,1.0,0.92381,0.92381,0.99048,0.0,0.6852,1.0,0.07143,0.0,0.0,0.0,0.0,0.94173,0.71429,1.0,0.0,1.0,1.0,0.5,0.5,0.5,1.0,1.0,0.5,0.5,0.5,0.0,0.0,1.0,1.0,1.0,0.0,0.152,1.0,0.06667,0.0,1.0,1.0,1.0,0.0,1.0
0.5,0.5,0.5,0.5,0.5,0.5,0.05784,0.33333,0.13333,0.0,0.0,0.66667,0.0,0.23556,0.0,0.98086,0.0,0.88571,0.8381,1.0,1.0,0.5,0.0,0.81502,1.0,0.07143,0.961,0.80749,0.6,0.0,0.88537,1.0,0.5,0.7,1.0,1.0,0.5,0.5,0.5,1.0,1.0,0.5,0.5,0.5,0.0,0.0,1.0,1.0,1.0,0.5,0.5,0.3,0.33333,0.8,0.25,1.0,1.0,0.8,0.5
1.0,1.0,0.0,1.0,0.13333,0.06667,0.05742,0.06667,0.23333,0.0,0.0,0.66667,0.0,0.25333,0.00444,0.76633,0.0,0.80952,0.8,1.0,1.0,0.8381,0.0,0.94588,1.0,0.07143,0.91674,0.83043,0.0,0.0,0.96193,1.0,1.0,0.7,1.0,1.0,0.5,0.5,0.5,1.0,1.0,0.5,0.5,0.5,0.0,0.0,1.0,1.0,1.0,0.5,0.5,0.3,0.33333,0.8,0.25,1.0,1.0,1.0,1.0
1.0,0.5,1.0,0.5,0.2,0.5,0.06033,0.2,0.26667,0.0,0.0,0.66667,1.0,0.26222,0.00444,0.87319,0.0,1.0,0.99048,1.0,1.0,1.0,1.0,0.99887,1.0,0.07143,0.9039,0.84417,0.0,0.0,0.95704,1.0,1.0,0.7,1.0,1.0,0.5,0.5,0.5,1.0,1.0,0.5,0.5,0.5,0.0,0.0,1.0,1.0,1.0,0.5,0.5,0.3,0.33333,0.8,0.5,1.0,1.0,0.8,1.0
1.0,0.5,1.0,0.5,0.4,0.5,0.06187,0.4,0.3,0.0,0.0,0.66667,1.0,0.26667,0.00444,0.94404,0.0,1.0,1.0,1.0,1.0,1.0,0.0,0.97833,1.0,0.07143,0.90694,0.73611,0.0,0.0,0.90223,1.0,0.85714,0.7,1.0,1.0,0.5,0.5,0.5,1.0,1.0,0.5,0.5,0.5,0.0,0.0,1.0,1.0,1.0,0.5,0.5,0.3,0.33333,0.8,0.5,1.0,1.0,0.6,1.0
1.0,0.5,1.0,0.5,0.53333,0.5,0.06386,0.53333,0.33333,0.0,0.0,0.66667,1.0,0.24,0.00444,0.98439,0.0,1.0,1.0,1.0,1.0,1.0,0.0,0.97489,1.0,0.07143,0.93296,0.68455,0.4,0.0,0.90173,1.0,1.0,0.7,1.0,1.0,0.5,0.5,0.5,1.0,1.0,0.5,0.5,0.5,0.0,0.0,1.0,1.0,1.0,0.5,0.5,0.3,0.26667,0.6,0.66667,1.0,1.0,0.8,1.0
1.0,0.5,1.0,0.5,0.53333,0.5,0.06437,0.53333,0.36667,0.0,0.0,0.66667,1.0,0.22222,0.01333,0.0,0.92324,0.80952,0.77143,0.80952,1.0,0.80952,0.0,0.83828,1.0,0.0,0.89038,0.56613,0.2,0.0,0.93314,1.0,0.85714,0.7,1.0,1.0,0.5,0.5,0.5,1.0,1.0,0.5,0.5,0.5,0.0,0.0,1.0,1.0,1.0,0.5,0.5,0.3,0.33333,0.8,0.5,1.0,1.0,0.6,1.0
0.5,0.5,0.5,0.5,0.5,0.5,0.31993,0.8,0.16667,0.0,0.5,0.0,0.0,0.52,0.0,1.0,0.0,1.0,1.0,1.0,1.0,0.5,1.0,0.56667,1.0,0.5,1.0,0.90718,0.5,1.0,0.97061,1.0,0.5,0.7,1.0,1.0,0.5,0.5,0.5,1.0,1.0,0.5,0.5,0.5,0.0,0.0,1.0,1.0,1.0,0.5,0.5,0.3,0.6,1.0,1.0,1.0,1.0,1.0,0.5
1.0,0.5,0.0,0.5,0.8,0.5,0.31538,0.8,0.2,0.0,0.5,0.0,1.0,0.52,0.0,1.0,0.0,1.0,1.0,1.0,1.0,1.0,0.0,0.55638,1.0,0.5,1.0,0.87595,0.5,0.0,0.97871,1.0,1.0,0.7,1.0,1.0,0.5,0.5,0.5,1.0,1.0,0.5,0.5,0.5,0.0,0.0,1.0,1.0,1.0,0.5,0.5,0.3,0.6,1.0,1.0,1.0,1.0,1.0,1.0
0.0,1.0,0.0,0.0,0.8,0.8,0.27836,0.6,0.43333,0.0,0.5,0.0,0.0,0.44,0.0,0.98181,0.0,1.0,1.0,1.0,1.0,0.4,0.0,0.0001,0.00025,0.0,0.88754,0.73743,0.0,0.0,0.98967,1.0,1.0,0.7,1.0,1.0,0.5,0.5,0.5,1.0,1.0,0.5,0.5,0.5,0.0,0.0,1.0,1.0,1.0,0.5,0.5,0.3,0.6,1.0,1.0,1.0,1.0,1.0,1.0
1.0,0.5,0.0,0.5,0.6,0.5,0.26848,0.6,0.46667,0.0,0.5,0.0,1.0,0.44,0.0,0.98806,0.0,1.0,1.0,1.0,1.0,1.0,0.0,0.0001,0.00025,0.0,0.85501,0.69328,0.0,0.0,0.98829,1.0,1.0,0.7,1.0,1.0,0.5,0.5,0.5,1.0,1.0,0.5,0.5,0.5,0.0,0.0,1.0,1.0,1.0,0.5,0.5,0.3,0.6,1.0,1.0,1.0,1.0,1.0,1.0
1.0,0.5,1.0,0.5,0.6,0.5,0.26981,0.6,0.5,0.0,0.5,0.0,1.0,0.44,0.0,0.99214,0.0,1.0,1.0,1.0,1.0,1.0,0.0,0.0001,0.00025,0.0,0.8581,0.69894,0.0,0.0,0.98834,1.0,1.0,0.7,1.0,1.0,0.5,0.5,0.5,1.0,1.0,0.5,0.5,0.5,0.0,0.0,1.0,1.0,1.0,0.5,0.5,0.3,0.6,1.0,1.0,1.0,1.0,1.0,1.0
1.0,0.5,1.0,0.5,0.6,0.5,0.27108,0.6,0.53333,0.0,0.5,0.0,1.0,0.44,0.0,0.99546,0.0,1.0,1.0,1.0,1.0,1.0,0.0,0.0001,0.00025,0.0,0.86092,0.70221,0.0,0.0,0.98858,1.0,1.0,0.7,1.0,1.0,0.5,0.5,0.5,1.0,1.0,0.5,0.5,0.5,0.0,0.0,1.0,1.0,1.0,0.5,0.5,0.3,0.6,1.0,1.0,1.0,1.0,1.0,1.0
1.0,0.5,1.0,0.5,0.6,0.5,0.2721,0.6,0.56667,0.0,0.5,0.0,1.0,0.44,0.0,0.99796,0.0,1.0,1.0,1.0,1.0,1.0,0.0,0.0001,0.00025,0.0,0.86296,0.705,0.0,0.0,0.98899,1.0,1.0,0.7,1.0,1.0,0.5,0.5,0.5,1.0,1.0,0.5,0.5,0.5,0.0,0.0,1.0,1.0,1.0,0.5,0.5,0.3,0.6,1.0,1.0,1.0,1.0,1.0,1.0
1.0,0.5,1.0,0.5,0.6,0.5,0.27295,0.6,0.6,0.0,0.5,0.0,1.0,0.44,0.0,0.99972,0.0,1.0,1.0,1.0,1.0,1.0,0.0,0.0001,0.00025,0.0,0.86449,0.70695,0.0,0.0,0.98945,1.0,1.0,0.7,1.0,1.0,0.5,0.5,0.5,1.0,1.0,0.5,0.5,0.5,0.0,0.0,1.0,1.0,1.0,0.5,0.5,0.3,0.6,1.0,1.0,1.0,1.0,1.0,1.0
1.0,0.5,1.0,0.5,0.6,0.5,0.27368,0.6,0.63333,0.0,0.5,0.0,1.0,0.44,0.0,0.0,0.99904,1.0,1.0,1.0,1.0,1.0,0.0,0.0001,0.00025,0.0,0.86564,0.70844,0.0,0.0,0.98993,1.0,1.0,0.7,1.0,1.0,0.5,0.5,0.5,1.0,1.0,0.5,0.5,0.5,0.0,0.0,1.0,1.0,1.0,0.5,0.5,0.3,0.6,1.0,1.0,1.0,1.0,1.0,1.0
1.0,0.5,1.0,0.5,0.6,0.5,0.27431,0.6,0.66667,0.0,0.5,0.0,1.0,0.44,0.0,0.0,0.99814,1.0,1.0,1.0,1.0,1.0,0.0,0.0001,0.00025,0.0,0.8665,0.70954,0.0,0.0,0.9904,1.0,1.0,0.7,1.0,1.0,0.5,0.5,0.5,1.0,1.0,0.5,0.5,0.5,0.0,0.0,1.0,1.0,1.0,0.5,0.5,0.3,0.6,1.0,1.0,1.0,1.0,1.0,1.0
0.5,0.5,0.5,0.5,0.5,0.5,0.32978,1.0,0.06667,0.0,0.5,0.0,0.0,0.24,0.0,0.5,0.5,0.7,1.0,1.0,1.0,0.5,1.0,0.86406,1.0,0.5,1.0,1.0,1.0,0.0,1.0,0.75,0.5,0.7,1.0,1.0,0.5,0.5,0.5,1.0,1.0,0.5,0.5,0.5,0.5,0.5,1.0,1.0,1.0,0.5,0.5,1.0,0.2,1.0,1.0,1.0,1.0,1.0,0.5
1.0,0.5,1.0,0.5,1.0,0.5,0.3833,1.0,0.1,0.0,0.5,0.0,1.0,0.2,0.04,0.40988,0.0,1.0,1.0,1.0,1.0,1.0,1.0,0.9698,1.0,0.5,1.0,1.0,1.0,0.0,1.0,1.0,1.0,0.7,1.0,1.0,0.5,0.5,0.5,1.0,1.0,0.5,0.5,0.5,0.0,0.0,1.0,1.0,1.0,0.5,0.5,1.0,0.2,1.0,1.0,1.0,1.0,1.0,1.0
1.0,0.5,1.0,0.5,1.0,0.5,0.42961,1.0,0.13333,0.0,0.5,0.0,1.0,0.2,0.04,0.76855,0.0,0.8,0.8,1.0,1.0,0.8,0.0,0.94874,1.0,0.25,1.0,1.0,1.0,0.0,1.0,1.0,1.0,0.7,1.0,1.0,0.5,0.5,0.5,1.0,1.0,0.5,0.5,0.5,0.0,0.0,1.0,1.0,1.0,0.5,0.5,1.0,0.2,1.0,1.0,1.0,1.0,1.0,1.0
1.0,0.5,1.0,0.5,1.0,0.5,0.49536,1.0,0.16667,0.0,0.5,0.0,1.0,0.2,0.08,0.89128,0.0,0.6,0.7,0.6,1.0,0.6,0.0,0.58002,1.0,0.0,1.0,1.0,1.0,0.0,1.0,1.0,1.0,0.7,1.0,1.0,0.5,0.5,0.5,1.0,1.0,0.5,0.5,0.5,0.0,0.0,1.0,1.0,1.0,0.5,0.5,1.0,0.2,1.0,1.0,1.0,1.0,1.0,1.0
0.0,0.5,1.0,0.5,1.0,0.5,0.54064,1.0,0.2,0.0,0.5,0.0,1.0,0.16,0.08,0.9272,0.0,0.8,0.5,0.9,1.0,0.8,0.0,0.42041,1.0,0.0,1.0,1.0,1.0,0.0,1.0,1.0,1.0,0.7,1.0,1.0,0.5,0.5,0.5,1.0,1.0,0.5,0.5,0.5,0.0,0.0,1.0,1.0,1.0,0.5,0.5,1.0,0.2,1.0,1.0,1.0,1.0,1.0,1.0
0.5,0.5,0.5,0.5,0.5,0.5,0.2516,0.8,0.03333,0.0,0.5,0.0,0.0,0.2,0.0,0.5,0.5,0.5,0.5,0.5,0.5,0.5,0.5,0.0,0.0,0.25,1.0,1.0,1.0,0.0,0.0,0.5,0.5,0.5,1.0,1.0,0.5,0.5,0.5,1.0,1.0,0.5,0.5,0.5,0.5,0.5,1.0,0.5,0.5,0.5,0.5,0.5,0.4,1.0,1.0,1.0,1.0,0.5,0.5
0.0,0.0,0.0,0.0,0.8,0.8,0.15192,0.6,0.43333,0.0,0.5,0.0,0.0,0.36,0.04,0.99294,0.0,0.8,1.0,1.0,1.0,0.8,0.0,0.77676,1.0,0.0,0.67903,0.51404,0.0,0.0,0.87379,0.75,1.0,0.7,1.0,1.0,0.5,0.5,0.5,1.0,1.0,0.5,0.5,0.5,0.0,0.0,1.0,1.0,1.0,0.5,0.5,1.0,0.2,0.0,1.0,1.0,1.0,1.0,1.0
0.5,0.5,0.5,0.5,0.5,0.5,0.15317,0.6,0.03333,0.0,0.5,0.0,0.0,0.2,0.0,0.5,0.5,0.5,0.5,0.5,0.5,0.5,0.5,0.0,0.0,0.5,1.0,0.78652,0.5,0.0,0.0,0.5,0.5,0.5,1.0,1.0,0.5,0.5,0.5,1.0,1.0,0.5,0.5,0.5,0.5,0.5,1.0,0.5,0.5,0.5,0.5,0.5,0.6,1.0,1.0,1.0,1.0,0.5,0.5
1.0,0.5,1.0,0.5,0.6,0.5,0.15615,0.6,0.06667,0.0,0.5,0.0,1.0,0.4,0.0,0.5,0.5,0.7,1.0,1.0,1.0,0.7,1.0,0.64943,1.0,0.25,0.96884,0.93957,0.0,1.0,1.0,1.0,0.75,0.7,1.0,1.0,0.5,0.5,0.5,1.0,1.0,0.5,0.5,0.5,0.5,0.5,1.0,1.0,1.0,0.5,0.5,0.3,0.4,1.0,1.0,1.0,1.0,1.0,1.0
1.0,0.5,1.0,0.5,0.6,0.5,0.16093,0.6,0.1,0.0,0.5,0.0,1.0,0.4,0.0,0.91869,0.0,0.7,1.0,1.0,1.0,0.7,1.0,0.6784,1.0,0.0,0.97695,0.95494,0.0,0.0,1.0,1.0,1.0,0.7,1.0,1.0,0.5,0.5,0.5,1.0,1.0,0.5,0.5,0.5,0.0,0.0,1.0,1.0,1.0,0.5,0.5,0.3,0.4,1.0,1.0,1.0,1.0,1.0,1.0
1.0,0.5,1.0,0.5,0.6,0.5,0.16704,0.6,0.13333,0.0,0.5,0.0,1.0,0.36,0.0,0.99471,0.0,1.0,0.6,1.0,1.0,1.0,1.0,0.82188,1.0,0.0,0.92126,0.85401,0.0,0.0,1.0,1.0,1.0,0.7,1.0,1.0,0.5,0.5,0.5,1.0,1.0,0.5,0.5,0.5,0.0,0.0,1.0,1.0,1.0,0.5,0.5,0.3,0.4,1.0,1.0,1.0,1.0,1.0,1.0
1.0,0.5,1.0,0.5,0.6,0.5,0.17056,0.6,0.16667,0.0,0.5,0.0,1.0,0.44,0.0,0.0,0.98444,0.7,1.0,1.0,1.0,0.7,1.0,0.90397,1.0,0.25,0.95121,0.90696,0.0,1.0,1.0,1.0,1.0,0.7,1.0,1.0,0.5,0.5,0.5,1.0,1.0,0.5,0.5,0.5,0.0,0.0,1.0,1.0,1.0,0.5,0.5,0.3,0.4,1.0,1.0,1.0,1.0,1.0,1.0
1.0,0.5,1.0,0.5,0.6,0.5,0.17188,0.6,0.2,0.0,0.5,0.0,1.0,0.36,0.0,0.97123,0.0,1.0,1.0,1.0,1.0,1.0,1.0,0.93757,1.0,0.25,0.92255,0.85624,0.0,1.0,1.0,1.0,1.0,0.7,1.0,1.0,0.5,0.5,0.5,1.0,1.0,0.5,0.5,0.5,0.0,0.0,1.0,1.0,1.0,0.5,0.5,0.3,0.4,1.0,1.0,1.0,1.0,1.0,1.0
1.0,0.5,1.0,0.5,0.6,0.5,0.17846,0.6,0.23333,0.0,0.5,0.0,1.0,0.36,0.0,0.95977,0.0,1.0,1.0,1.0,1.0,1.0,1.0,0.96527,1.0,0.25,0.92848,0.8665,0.0,1.0,1.0,1.0,1.0,0.7,1.0,1.0,0.5,0.5,0.5,1.0,1.0,0.5,0.5,0.5,0.0,0.0,1.0,1.0,1.0,0.5,0.5,0.3,0.4,1.0,1.0,1.0,1.0,1.0,1.0
1.0,0.5,1.0,0.5,0.6,0.5,0.19383,0.6,0.26667,0.0,0.5,0.0,1.0,0.36,0.0,0.96614,0.0,1.0,1.0,1.0,1.0,1.0,1.0,0.99086,1.0,0.25,0.95904,0.9213,0.0,1.0,1.0,1.0,1.0,0.7,1.0,1.0,0.5,0.5,0.5,1.0,1.0,0.5,0.5,0.5,0.0,0.0,1.0,1.0,1.0,0.5,0.5,0.3,0.4,1.0,1.0,1.0,1.0,1.0,1.0
1.0,0.5,1.0,0.5,0.6,0.5,0.19846,0.6,0.3,0.0,0.5,0.0,1.0,0.36,0.0,0.97176,0.0,1.0,1.0,1.0,1.0,1.0,0.0,0.98509,1.0,0.25,0.97513,0.95146,0.0,1.0,1.0,1.0,1.0,0.7,1.0,1.0,0.5,0.5,0.5,1.0,1.0,0.5,0.5,0.5,0.0,0.0,1.0,1.0,1.0,0.5,0.5,0.3,0.4,1.0,1.0,1.0,1.0,1.0,1.0
1.0,0.5,1.0,0.5,0.6,0.5,0.2003,0.6,0.33333,0.0,0.5,0.0,1.0,0.36,0.0,0.98178,0.0,1.0,1.0,1.0,1.0,1.0,0.0,0.9848,1.0,0.25,0.98342,0.96738,0.0,1.0,1.0,1.0,1.0,0.7,1.0,1.0,0.5,0.5,0.5,1.0,1.0,0.5,0.5,0.5,0.0,0.0,1.0,1.0,1.0,0.5,0.5,0.3,0.4,1.0,1.0,1.0,1.0,1.0,1.0
1.0,0.5,1.0,0.5,0.8,0.5,0.20672,0.8,0.36667,0.0,0.5,0.0,1.0,0.36,0.0,0.99053,0.0,1.0,1.0,1.0,1.0,1.0,0.0,0.97583,1.0,0.25,1.0,1.0,1.0,1.0,1.0,1.0,1.0,0.7,1.0,1.0,0.5,0.5,0.5,1.0,1.0,0.5,0.5,0.5,0.0,0.0,1.0,1.0,1.0,0.5,0.5,0.3,0.4,1.0,1.0,1.0,1.0,1.0,1.0
1.0,0.5,1.0,0.5,0.8,0.5,0.21194,0.8,0.4,0.0,0.5,0.0,1.0,0.36,0.0,0.9963,0.0,1.0,1.0,1.0,1.0,1.0,0.0,0.96543,1.0,0.25,1.0,1.0,1.0,1.0,1.0,1.0,1.0,0.7,1.0,1.0,0.5,0.5,0.5,1.0,1.0,0.5,0.5,0.5,0.0,0.0,1.0,1.0,1.0,0.5,0.5,0.3,0.4,1.0,1.0,1.0,1.0,1.0,1.0
1.0,0.5,1.0,0.5,0.8,0.5,0.22235,0.8,0.43333,0.0,0.5,0.0,1.0,0.36,0.0,0.99889,0.0,0.8,0.8,1.0,1.0,0.8,0.0,0.84307,1.0,0.0,1.0,1.0,1.0,0.0,1.0,1.0,1.0,0.7,1.0,1.0,0.5,0.5,0.5,1.0,1.0,0.5,0.5,0.5,0.0,0.0,1.0,1.0,1.0,0.5,0.5,0.3,0.4,1.0,1.0,1.0,1.0,1.0,1.0
1.0,0.5,1.0,0.5,0.8,0.5,0.22783,0.8,0.46667,0.0,0.5,0.0,1.0,0.32,0.0,0.0,0.98276,1.0,1.0,1.0,1.0,1.0,0.0,0.8066,1.0,0.0,1.0,1.0,1.0,0.0,1.0,1.0,1.0,0.7,1.0,1.0,0.5,0.5,0.5,1.0,1.0,0.5,0.5,0.5,0.0,0.0,1.0,1.0,1.0,0.5,0.5,0.3,0.4,1.0,1.0,1.0,1.0,1.0,1.0
1.0,0.5,1.0,0.5,0.8,0.5,0.23179,0.8,0.5,0.0,0.5,0.0,1.0,0.36,0.0,0.0,0.99303,1.0,1.0,1.0,1.0,1.0,0.0,0.78278,1.0,0.0,1.0,1.0,1.0,0.0,0.99723,1.0,1.0,0.7,1.0,1.0,0.5,0.5,0.5,1.0,1.0,0.5,0.5,0.5,0.0,0.0,1.0,1.0,1.0,0.5,0.5,0.3,0.4,1.0,1.0,1.0,1.0,1.0,1.0
1.0,0.5,1.0,0.5,0.8,0.5,0.23487,0.8,0.53333,0.0,0.5,0.0,1.0,0.36,0.0,0.0,0.99921,1.0,1.0,1.0,1.0,1.0,0.0,0.76349,1.0,0.0,1.0,1.0,1.0,0.0,0.99415,1.0,1.0,0.7,1.0,1.0,0.5,0.5,0.5,1.0,1.0,0.5,0.5,0.5,0.0,0.0,1.0,1.0,1.0,0.5,0.5,0.3,0.4,1.0,1.0,1.0,1.0,1.0,1.0
1.0,0.5,1.0,0.5,0.8,0.5,0.23757,0.8,0.56667,0.0,0.5,0.0,1.0,0.36,0.0,0.99776,0.0,1.0,1.0,1.0,1.0,1.0,0.0,0.74608,1.0,0.0,1.0,1.0,1.0,0.0,0.9912,1.0,1.0,0.7,1.0,1.0,0.5,0.5,0.5,1.0,1.0,0.5,0.5,0.5,0.0,0.0,1.0,1.0,1.0,0.5,0.5,0.3,0.4,1.0,1.0,1.0,1.0,1.0,1.0
1.0,0.5,1.0,0.5,0.8,0.5,0.24593,0.8,0.6,0.0,0.5,0.0,1.0,0.36,0.0,0.97809,0.0,1.0,1.0,1.0,1.0,1.0,0.0,0.6862,1.0,0.0,1.0,1.0,1.0,0.0,0.98985,1.0,1.0,0.7,1.0,1.0,0.5,0.5,0.5,1.0,1.0,0.5,0.5,0.5,0.0,0.0,1.0,1.0,1.0,0.5,0.5,0.3,0.4,1.0,1.0,1.0,1.0,1.0,1.0
1.0,0.5,1.0,0.5,1.0,0.5,0.25585,1.0,0.63333,0.0,0.5,0.0,1.0,0.32,0.0,0.9741,0.0,1.0,1.0,1.0,1.0,1.0,0.0,0.61405,1.0,0.0,1.0,1.0,1.0,0.0,0.98937,1.0,1.0,0.7,1.0,1.0,0.5,0.5,0.5,1.0,1.0,0.5,0.5,0.5,0.0,0.0,1.0,1.0,1.0,0.5,0.5,0.3,0.4,1.0,1.0,1.0,1.0,1.0,1.0
1.0,0.5,1.0,0.5,1.0,0.5,0.26648,1.0,0.66667,0.0,0.5,0.0,1.0,0.32,0.0,0.97801,0.0,1.0,1.0,1.0,1.0,1.0,0.0,0.54053,1.0,0.0,1.0,1.0,1.0,0.0,0.98948,1.0,1.0,0.7,1.0,1.0,0.5,0.5,0.5,1.0,1.0,0.5,0.5,0.5,0.0,0.0,1.0,1.0,1.0,0.5,0.5,0.3,0.4,1.0,1.0,1.0,1.0,1.0,1.0
0.5,0.5,0.5,0.5,0.5,0.5,0.29111,0.8,0.1,0.0,0.5,0.0,0.0,0.36,0.0,0.86214,0.0,0.8,0.8,1.0,1.0,0.5,0.0,0.81444,1.0,0.0,1.0,1.0,1.0,0.0,1.0,1.0,0.5,0.7,1.0,1.0,0.5,0.5,0.5,1.0,1.0,0.5,0.5,0.5,0.0,0.0,1.0,1.0,1.0,0.5,0.5,0.8,0.4,1.0,0.0,1.0,1.0,1.0,0.5
0.0,0.0,0.0,0.0,0.8,0.8,0.4663,0.8,0.7,0.0,0.5,0.0,0.0,0.12,0.08,0.99867,0.0,1.0,1.0,0.5,1.0,0.4,1.0,0.69597,1.0,0.0,1.0,1.0,1.0,0.0,1.0,1.0,0.75,0.7,1.0,1.0,0.5,0.5,0.5,1.0,1.0,0.5,0.5,0.5,0.0,0.0,1.0,1.0,1.0,1.0,1.0,1.0,0.2,1.0,1.0,0.0,1.0,1.0,0.75
0.0,0.0,0.0,0.0,0.8,0.8,0.46599,0.8,0.76667,0.0,0.5,0.0,0.0,0.12,0.08,0.9982,0.0,1.0,1.0,0.5,1.0,1.0,1.0,0.69728,1.0,0.0,1.0,1.0,1.0,0.0,1.0,1.0,1.0,0.7,1.0,1.0,0.5,0.5,0.5,1.0,1.0,0.5,0.5,0.5,0.0,0.0,1.0,1.0,1.0,1.0,1.0,1.0,0.2,1.0,1.0,0.0,1.0,1.0,1.0
0.0,0.0,0.0,0.0,0.8,0.8,0.46593,0.8,0.83333,0.0,0.5,0.0,0.0,0.08,0.08,0.99889,0.0,1.0,1.0,0.5,1.0,1.0,1.0,0.69754,1.0,0.0,1.0,1.0,1.0,0.0,1.0,1.0,1.0,0.7,1.0,1.0,0.5,0.5,0.5,1.0,1.0,0.5,0.5,0.5,0.0,0.0,1.0,1.0,1.0,1.0,1.0,1.0,0.2,1.0,1.0,0.0,1.0,1.0,1.0
0.0,0.0,0.0,0.0,0.8,0.8,0.46589,0.8,0.9,0.0,0.5,0.0,0.0,0.08,0.08,0.99934,0.0,1.0,1.0,0.5,1.0,1.0,1.0,0.6977,1.0,0.0,1.0,1.0,1.0,0.0,1.0,1.0,1.0,0.7,1.0,1.0,0.5,0.5,0.5,1.0,1.0,0.5,0.5,0.5,0.0,0.0,1.0,1.0,1.0,1.0,1.0,1.0,0.2,1.0,1.0,0.0,1.0,1.0,1.0
0.5,0.5,0.5,0.5,0.5,0.5,0.27641,0.8,0.1,0.0,0.5,0.0,0.0,0.24,0.0,0.99519,0.0,0.7,0.8,1.0,1.0,0.5,0.0,0.47752,1.0,0.25,1.0,1.0,1.0,1.0,1.0,0.75,0.5,0.7,1.0,1.0,0.5,0.5,0.5,1.0,1.0,0.5,0.5,0.5,0.0,0.0,1.0,1.0,1.0,0.5,0.5,1.0,0.2,1.0,1.0,1.0,1.0,1.0,0.5
0.0,1.0,0.0,1.0,0.8,0.8,0.29375,0.8,0.16667,0.0,0.5,0.0,0.0,0.2,0.04,0.41431,0.0,1.0,1.0,1.0,1.0,0.9,0.0,0.53931,1.0,0.0,1.0,1.0,1.0,0.0,1.0,1.0,1.0,0.7,1.0,1.0,0.5,0.5,0.5,1.0,1.0,0.5,0.5,0.5,0.0,0.0,1.0,1.0,1.0,1.0,0.76973,1.0,0.2,1.0,1.0,0.0,1.0,1.0,0.5
0.0,0.0,0.0,0.0,0.8,0.8,0.29421,0.8,0.26667,0.0,0.5,0.0,0.0,0.12,0.08,0.88198,0.0,1.0,1.0,0.9,1.0,0.9,1.0,0.541,1.0,0.0,1.0,1.0,1.0,0.0,1.0,0.75,1.0,0.7,1.0,1.0,0.5,0.5,0.5,1.0,1.0,0.5,0.5,0.5,0.0,0.0,1.0,1.0,1.0,1.0,0.09613,1.0,0.2,1.0,1.0,0.0,1.0,1.0,0.75
0.0,0.0,0.0,0.0,0.8,0.8,0.29385,0.8,0.33333,0.0,0.5,0.0,0.0,0.12,0.08,0.99359,0.0,1.0,1.0,0.9,1.0,1.0,0.0,0.53967,1.0,0.0,1.0,1.0,1.0,0.0,1.0,0.75,1.0,0.7,1.0,1.0,0.5,0.5,0.5,1.0,1.0,0.5,0.5,0.5,0.0,0.0,1.0,1.0,1.0,1.0,0.09613,1.0,0.2,1.0,1.0,0.0,1.0,1.0,0.75
0.0,0.0,0.0,0.0,0.8,0.8,0.29378,0.8,0.4,0.0,0.5,0.0,0.0,0.12,0.08,0.99624,0.0,1.0,1.0,0.9,1.0,1.0,0.0,0.5394,1.0,0.0,1.0,1.0,1.0,0.0,1.0,0.75,1.0,0.7,1.0,1.0,0.5,0.5,0.5,1.0,1.0,0.5,0.5,0.5,0.0,0.0,1.0,1.0,1.0,1.0,0.09613,1.0,0.2,1.0,1.0,0.0,1.0,1.0,0.75
0.0,0.0,0.0,0.0,0.8,0.8,0.29377,0.8,0.46667,0.0,0.5,0.0,0.0,0.12,0.08,0.99775,0.0,1.0,1.0,0.9,1.0,1.0,0.0,0.53937,1.0,0.0,1.0,1.0,1.0,0.0,1.0,0.75,1.0,0.7,1.0,1.0,0.5,0.5,0.5,1.0,1.0,0.5,0.5,0.5,0.0,0.0,1.0,1.0,1.0,1.0,0.09613,1.0,0.2,1.0,1.0,0.0,1.0,1.0,0.75
0.0,0.0,0.0,0.0,0.8,0.8,0.29376,0.8,0.53333,0.0,0.5,0.0,0.0,0.12,0.08,0.99862,0.0,1.0,1.0,0.9,1.0,1.0,0.0,0.53936,1.0,0.0,1.0,1.0,1.0,0.0,1.0,0.75,1.0,0.7,1.0,1.0,0.5,0.5,0.5,1.0,1.0,0.5,0.5,0.5,0.0,0.0,1.0,1.0,1.0,1.0,0.09613,1.0,0.2,1.0,1.0,0.0,1.0,1.0,0.75
0.0,0.0,0.0,0.0,0.8,0.8,0.29376,0.8,0.6,0.0,0.5,0.0,0.0,0.12,0.08,0.99914,0.0,1.0,1.0,0.9,1.0,1.0,0.0,0.53936,1.0,0.0,1.0,1.0,1.0,0.0,1.0,0.75,1.0,0.7,1.0,1.0,0.5,0.5,0.5,1.0,1.0,0.5,0.5,0.5,0.0,0.0,1.0,1.0,1.0,1.0,0.09613,1.0,0.2,1.0,1.0,0.0,1.0,1.0,0.75
0.0,0.0,0.0,0.0,0.8,0.8,0.29376,0.8,0.66667,0.0,0.5,0.0,0.0,0.12,0.08,0.99945,0.0,1.0,1.0,0.9,1.0,1.0,0.0,0.53936,1.0,0.0,1.0,1.0,1.0,0.0,1.0,0.75,1.0,0.7,1.0,1.0,0.5,0.5,0.5,1.0,1.0,0.5,0.5,0.5,0.0,0.0,1.0,1.0,1.0,1.0,0.09613,1.0,0.2,1.0,1.0,0.0,1.0,1.0,0.75
0.0,0.5,0.0,0.5,0.8,0.5,0.29376,0.8,0.7,0.0,0.5,0.0,1.0,0.12,0.08,0.99956,0.0,1.0,1.0,0.9,1.0,1.0,0.0,0.53936,1.0,0.0,1.0,1.0,1.0,1.0,1.0,1.0,1.0,0.7,1.0,1.0,0.5,0.5,0.5,1.0,1.0,0.5,0.5,0.5,0.0,0.0,1.0,1.0,1.0,1.0,0.09613,1.0,0.2,1.0,1.0,0.0,1.0,1.0,0.75
0.0,0.5,0.0,0.5,0.8,0.5,0.29376,0.8,0.73333,0.0,0.5,0.0,1.0,0.12,0.08,0.99965,0.0,1.0,1.0,0.9,1.0,1.0,0.0,0.53936,1.0,0.0,1.0,1.0,1.0,0.0,1.0,1.0,1.0,0.7,1.0,1.0,0.5,0.5,0.5,1.0,1.0,0.5,0.5,0.5,0.0,0.0,1.0,1.0,1.0,1.0,0.09613,1.0,0.2,1.0,1.0,0.0,1.0,1.0,0.75
0.0,0.5,0.0,0.5,0.8,0.5,0.29376,0.8,0.76667,0.0,0.5,0.0,1.0,0.12,0.08,0.99972,0.0,1.0,1.0,0.9,1.0,1.0,0.0,0.53936,1.0,0.0,1.0,1.0,1.0,0.0,1.0,1.0,1.0,0.7,1.0,1.0,0.5,0.5,0.5,1.0,1.0,0.5,0.5,0.5,0.0,0.0,1.0,1.0,1.0,1.0,0.09613,1.0,0.2,1.0,1.0,0.0,1.0,1.0,0.75
0.0,0.5,0.0,0.5,0.8,0.5,0.29376,0.8,0.8,0.0,0.5,0.0,1.0,0.12,0.08,0.99977,0.0,1.0,1.0,0.9,1.0,1.0,0.0,0.53936,1.0,0.0,1.0,1.0,1.0,0.0,1.0,1.0,1.0,0.7,1.0,1.0,0.5,0.5,0.5,1.0,1.0,0.5,0.5,0.5,0.0,0.0,1.0,1.0,1.0,1.0,0.09613,1.0,0.2,1.0,1.0,0.0,1.0,1.0,0.75
0.0,0.5,0.0,0.5,0.8,0.5,0.29376,0.8,0.83333,0.0,0.5,0.0,1.0,0.12,0.08,0.99982,0.0,1.0,1.0,0.9,1.0,1.0,0.0,0.53936,1.0,0.0,1.0,1.0,1.0,0.0,1.0,1.0,1.0,0.7,1.0,1.0,0.5,0.5,0.5,1.0,1.0,0.5,0.5,0.5,0.0,0.0,1.0,1.0,1.0,1.0,0.09613,1.0,0.2,1.0,1.0,0.0,1.0,1.0,0.75
0.0,0.5,0.0,0.5,0.8,0.5,0.29376,0.8,0.86667,0.0,0.5,0.0,1.0,0.12,0.08,0.99985,0.0,1.0,1.0,0.9,1.0,1.0,0.0,0.53936,1.0,0.0,1.0,1.0,1.0,0.0,1.0,1.0,1.0,0.7,1.0,1.0,0.5,0.5,0.5,1.0,1.0,0.5,0.5,0.5,0.0,0.0,1.0,1.0,1.0,1.0,0.09613,1.0,0.2,1.0,1.0,0.0,1.0,1.0,0.75
0.0,0.5,0.0,0.5,0.8,0.5,0.29376,0.8,0.9,0.0,0.5,0.0,1.0,0.12,0.08,0.99988,0.0,1.0,1.0,0.9,1.0,1.0,0.0,0.53936,1.0,0.0,1.0,1.0,1.0,0.0,1.0,1.0,1.0,0.7,1.0,1.0,0.5,0.5,0.5,1.0,1.0,0.5,0.5,0.5,0.0,0.0,1.0,1.0,1.0,1.0,0.09613,1.0,0.2,1.0,1.0,0.0,1.0,1.0,0.75
0.0,0.5,0.0,0.5,0.8,0.5,0.29376,0.8,0.93333,0.0,0.5,0.0,1.0,0.12,0.08,0.9999,0.0,1.0,1.0,0.9,1.0,1.0,0.0,0.53936,1.0,0.0,1.0,1.0,1.0,0.0,1.0,1.0,1.0,0.7,1.0,1.0,0.5,0.5,0.5,1.0,1.0,0.5,0.5,0.5,0.0,0.0,1.0,1.0,1.0,1.0,0.09613,1.0,0.2,1.0,1.0,0.0,1.0,1.0,0.75
0.0,0.5,0.0,0.5,0.8,0.5,0.29376,0.8,0.96667,0.0,0.5,0.0,1.0,0.12,0.08,0.99992,0.0,1.0,1.0,0.9,1.0,1.0,0.0,0.53936,1.0,0.0,1.0,1.0,1.0,0.0,1.0,1.0,1.0,0.7,1.0,1.0,0.5,0.5,0.5,1.0,1.0,0.5,0.5,0.5,0.0,0.0,1.0,1.0,1.0,1.0,0.09613,1.0,0.2,1.0,1.0,0.0,1.0,1.0,0.75
0.0,0.5,0.0,0.5,0.8,0.5,0.29376,0.8,1.0,0.0,0.5,0.0,1.0,0.12,0.08,0.99994,0.0,1.0,1.0,0.9,1.0,1.0,0.0,0.53936,1.0,0.0,1.0,1.0,1.0,0.0,1.0,1.0,1.0,0.7,1.0,1.0,0.5,0.5,0.5,1.0,1.0,0.5,0.5,0.5,0.0,0.0,1.0,1.0,1.0,1.0,0.09613,1.0,0.2,1.0,1.0,0.0,1.0,1.0,0.75
0.5,0.5,0.5,0.5,0.5,0.5,0.08639,0.2,0.06667,0.0,0.5,0.0,0.0,0.68,0.0,0.5,0.5,0.6,1.0,1.0,1.0,0.5,1.0,0.37619,0.94048,0.0,0.70425,0.54351,0.0,0.0,1.0,1.0,0.5,0.7,1.0,1.0,0.5,0.5,0.5,1.0,1.0,0.5,0.5,0.5,0.5,0.5,1.0,1.0,1.0,0.5,0.5,0.3,0.4,1.0,1.0,1.0,1.0,0.0,0.5
0.0,1.0,0.0,1.0,0.2,0.2,0.06608,0.2,0.4,0.0,0.5,0.0,0.0,0.52,0.04,0.95539,0.0,1.0,1.0,1.0,1.0,1.0,0.0,0.90448,1.0,0.25,0.56716,0.45886,0.0,0.0,0.66667,1.0,0.75,0.7,1.0,1.0,0.5,0.5,0.5,1.0,1.0,0.5,0.5,0.5,0.0,0.0,1.0,1.0,1.0,0.5,0.5,0.3,0.4,0.5,0.0,1.0,1.0,0.5,1.0
1.0,0.0,1.0,0.0,0.2,0.2,0.01983,0.2,0.5,0.0,0.5,0.0,0.0,0.52,0.04,0.0,0.99132,1.0,1.0,1.0,1.0,1.0,1.0,0.87823,1.0,0.25,0.12587,0.05897,0.0,0.0,1.0,1.0,0.5,0.0,1.0,1.0,0.5,0.5,0.5,1.0,1.0,0.5,0.5,0.5,0.0,0.0,1.0,1.0,1.0,0.5,0.5,1.0,0.2,0.0,1.0,1.0,1.0,0.0,1.0
1.0,0.5,1.0,0.5,0.2,0.5,0.02048,0.2,0.53333,0.0,0.5,0.0,1.0,0.52,0.04,0.0,0.98667,1.0,1.0,1.0,1.0,1.0,0.0,0.82314,1.0,0.25,0.12093,0.0533,0.0,0.0,1.0,1.0,1.0,0.0,1.0,1.0,0.5,0.5,0.5,1.0,1.0,0.5,0.5,0.5,0.0,0.0,1.0,1.0,1.0,0.5,0.5,1.0,0.2,0.0,1.0,1.0,1.0,0.0,1.0
0.0,0.0,0.0,0.0,0.2,0.2,0.00044,0.2,0.76667,0.0,0.5,0.0,0.0,0.32,0.08,0.99642,0.0,1.0,1.0,1.0,1.0,0.6,1.0,0.7681,1.0,0.25,0.00316,0.00091,0.0,0.0,0.95535,1.0,0.75,0.0,1.0,1.0,0.5,0.28813,0.5,1.0,1.0,0.5,0.5,0.5,0.0,0.0,1.0,1.0,1.0,0.5,0.5,1.0,0.2,0.0,1.0,1.0,1.0,0.0,1.0
0.0,0.0,0.0,0.0,0.2,0.4,0.00043,0.4,0.83333,0.0,0.5,0.0,0.0,0.2,0.12,0.99912,0.0,1.0,1.0,1.0,1.0,1.0,1.0,0.87039,1.0,0.25,0.00347,0.0009,0.33333,0.0,0.95281,1.0,1.0,0.0,1.0,1.0,0.5,0.28813,0.5,1.0,1.0,0.5,0.5,0.5,0.0,0.0,1.0,1.0,1.0,0.5,0.5,1.0,0.2,0.0,1.0,1.0,1.0,0.0,1.0
0.0,0.0,0.0,0.0,0.4,0.4,0.00031,0.2,0.96667,0.0,0.5,0.0,0.0,0.2,0.12,0.0,0.99028,1.0,1.0,1.0,1.0,1.0,0.0,0.83742,1.0,0.25,0.00232,0.00058,0.0,0.0,0.95229,1.0,1.0,0.0,1.0,1.0,0.5,0.28813,0.5,1.0,1.0,0.5,0.5,0.5,0.0,0.0,1.0,1.0,1.0,0.5,0.5,1.0,0.2,0.0,1.0,1.0,1.0,0.0,1.0
0.5,0.5,0.5,0.5,0.5,0.5,0.28369,0.8,0.06667,0.0,0.5,0.0,0.0,0.16,0.0,0.5,0.5,1.0,1.0,1.0,1.0,0.5,1.0,0.50299,1.0,0.0,1.0,1.0,1.0,0.0,1.0,1.0,0.5,0.7,1.0,1.0,0.5,0.5,0.5,1.0,1.0,0.5,0.5,0.5,0.5,0.5,1.0,1.0,1.0,0.5,0.5,1.0,0.2,1.0,1.0,1.0,1.0,1.0,0.5
0.0,0.5,0.0,0.5,0.8,0.5,0.28048,0.8,0.1,0.0,0.5,0.0,1.0,0.2,0.0,0.0,0.95684,0.9,1.0,1.0,1.0,0.9,0.0,0.49169,1.0,0.0,1.0,1.0,1.0,0.0,1.0,1.0,1.0,0.7,1.0,1.0,0.5,0.5,0.5,1.0,1.0,0.5,0.5,0.5,0.0,0.0,1.0,1.0,1.0,0.5,0.5,1.0,0.2,1.0,1.0,1.0,1.0,1.0,1.0
0.0,0.5,0.0,0.5,0.8,0.5,0.27597,0.8,0.13333,0.0,0.5,0.0,1.0,0.24,0.0,0.0,0.98198,1.0,1.0,1.0,1.0,1.0,0.0,0.47598,1.0,0.0,1.0,1.0,1.0,0.0,1.0,1.0,1.0,0.7,1.0,1.0,0.5,0.5,0.5,1.0,1.0,0.5,0.5,0.5,0.0,0.0,1.0,1.0,1.0,0.5,0.5,1.0,0.2,1.0,1.0,1.0,1.0,1.0,1.0
1.0,0.5,1.0,0.5,0.8,0.5,0.31225,0.8,0.16667,0.0,0.5,0.0,1.0,0.32,0.04,0.49586,0.0,1.0,0.9,1.0,1.0,1.0,1.0,0.60936,1.0,0.0,1.0,1.0,1.0,0.0,1.0,1.0,1.0,0.7,1.0,1.0,0.5,0.5,0.5,1.0,1.0,0.5,0.5,0.5,0.0,0.0,1.0,1.0,1.0,0.5,0.5,1.0,0.2,1.0,1.0,1.0,1.0,1.0,1.0
1.0,0.5,1.0,0.5,1.0,0.5,0.3337,1.0,0.2,0.0,0.5,0.0,1.0,0.4,0.04,0.71524,0.0,1.0,0.9,1.0,1.0,1.0,1.0,0.69598,1.0,0.0,1.0,1.0,1.0,0.0,1.0,1.0,1.0,0.7,1.0,1.0,0.5,0.5,0.5,1.0,1.0,0.5,0.5,0.5,0.0,0.0,1.0,1.0,1.0,0.5,0.5,1.0,0.2,1.0,1.0,1.0,1.0,1.0,1.0
1.0,0.5,1.0,0.5,1.0,0.5,0.33544,1.0,0.23333,0.0,0.5,0.0,1.0,0.4,0.04,0.80437,0.0,1.0,0.9,1.0,1.0,1.0,1.0,0.70326,1.0,0.0,1.0,1.0,1.0,0.0,1.0,1.0,1.0,0.7,1.0,1.0,0.5,0.5,0.5,1.0,1.0,0.5,0.5,0.5,0.0,0.0,1.0,1.0,1.0,0.5,0.5,1.0,0.2,1.0,1.0,1.0,1.0,1.0,1.0
0.0,0.0,0.0,0.0,1.0,1.0,0.32985,1.0,0.3,0.0,0.5,0.0,0.0,0.28,0.04,0.93409,0.0,1.0,0.9,1.0,1.0,1.0,0.0,0.68001,1.0,0.0,1.0,1.0,1.0,0.0,1.0,0.75,1.0,0.7,1.0,1.0,0.5,0.5,0.5,1.0,1.0,0.5,0.5,0.5,0.0,0.0,1.0,1.0,1.0,0.5,0.5,1.0,0.2,1.0,1.0,1.0,1.0,1.0,1.0
0.0,0.5,0.0,0.5,1.0,0.5,0.32934,1.0,0.33333,0.0,0.5,0.0,1.0,0.24,0.04,0.97358,0.0,1.0,1.0,1.0,1.0,1.0,0.0,0.67791,1.0,0.0,1.0,1.0,1.0,0.0,1.0,1.0,1.0,0.7,1.0,1.0,0.5,0.5,0.5,1.0,1.0,0.5,0.5,0.5,0.0,0.0,1.0,1.0,1.0,0.5,0.5,1.0,0.2,1.0,1.0,1.0,1.0,1.0,1.0
0.0,0.5,0.0,0.5,1.0,0.5,0.32916,1.0,0.36667,0.0,0.5,0.0,1.0,0.24,0.04,0.97778,0.0,1.0,1.0,1.0,1.0,1.0,0.0,0.67716,1.0,0.0,1.0,1.0,1.0,0.0,1.0,1.0,1.0,0.7,1.0,1.0,0.5,0.5,0.5,1.0,1.0,0.5,0.5,0.5,0.0,0.0,1.0,1.0,1.0,0.5,0.5,1.0,0.2,1.0,1.0,1.0,1.0,1.0,1.0
0.0,0.5,0.0,0.5,1.0,0.5,0.32909,1.0,0.4,0.0,0.5,0.0,1.0,0.24,0.04,0.98317,0.0,1.0,1.0,1.0,1.0,1.0,0.0,0.67688,1.0,0.0,1.0,1.0,1.0,0.0,1.0,1.0,1.0,0.7,1.0,1.0,0.5,0.5,0.5,1.0,1.0,0.5,0.5,0.5,0.0,0.0,1.0,1.0,1.0,0.5,0.5,1.0,0.2,1.0,1.0,1.0,1.0,1.0,1.0
0.0,0.5,0.0,0.5,1.0,0.5,0.32907,1.0,0.43333,0.0,0.5,0.0,1.0,0.24,0.04,0.98705,0.0,1.0,1.0,1.0,1.0,1.0,0.0,0.67678,1.0,0.0,1.0,1.0,1.0,0.0,1.0,1.0,1.0,0.7,1.0,1.0,0.5,0.5,0.5,1.0,1.0,0.5,0.5,0.5,0.0,0.0,1.0,1.0,1.0,0.5,0.5,1.0,0.2,1.0,1.0,1.0,1.0,1.0,1.0
0.0,0.5,0.0,0.5,1.0,0.5,0.32906,1.0,0.46667,0.0,0.5,0.0,1.0,0.24,0.04,0.98993,0.0,1.0,1.0,1.0,1.0,1.0,0.0,0.67674,1.0,0.0,1.0,1.0,1.0,0.0,1.0,1.0,1.0,0.7,1.0,1.0,0.5,0.5,0.5,1.0,1.0,0.5,0.5,0.5,0.0,0.0,1.0,1.0,1.0,0.5,0.5,1.0,0.2,1.0,1.0,1.0,1.0,1.0,1.0
0.0,0.5,0.0,0.5,1.0,0.5,0.32905,1.0,0.5,0.0,0.5,0.0,1.0,0.24,0.04,0.99211,0.0,1.0,1.0,1.0,1.0,1.0,0.0,0.67673,1.0,0.0,1.0,1.0,1.0,0.0,1.0,1.0,1.0,0.7,1.0,1.0,0.5,0.5,0.5,1.0,1.0,0.5,0.5,0.5,0.0,0.0,1.0,1.0,1.0,0.5,0.5,1.0,0.2,1.0,1.0,1.0,1.0,1.0,1.0
0.0,0.5,0.0,0.5,1.0,0.5,0.32902,1.0,0.53333,0.0,0.5,0.0,1.0,0.16,0.04,0.99172,0.0,0.9,0.9,1.0,1.0,0.9,0.0,0.6766,1.0,0.0,1.0,1.0,1.0,0.0,1.0,1.0,1.0,0.7,1.0,1.0,0.5,0.5,0.5,1.0,1.0,0.5,0.5,0.5,0.0,0.0,1.0,1.0,1.0,0.5,0.5,1.0,0.2,1.0,1.0,1.0,1.0,1.0,1.0
0.0,0.5,0.0,0.5,1.0,0.5,0.32901,1.0,0.56667,0.0,0.5,0.0,1.0,0.16,0.04,0.99063,0.0,1.0,1.0,1.0,1.0,1.0,0.0,0.67654,1.0,0.0,1.0,1.0,1.0,0.0,1.0,1.0,1.0,0.7,1.0,1.0,0.5,0.5,0.5,1.0,1.0,0.5,0.5,0.5,0.0,0.0,1.0,1.0,1.0,0.5,0.5,1.0,0.2,1.0,1.0,1.0,1.0,1.0,1.0
0.0,0.5,0.0,0.5,1.0,0.5,0.329,1.0,0.6,0.0,0.5,0.0,1.0,0.16,0.04,0.99082,0.0,1.0,1.0,1.0,1.0,1.0,0.0,0.67652,1.0,0.0,1.0,1.0,1.0,0.0,1.0,1.0,1.0,0.7,1.0,1.0,0.5,0.5,0.5,1.0,1.0,0.5,0.5,0.5,0.0,0.0,1.0,1.0,1.0,0.5,0.5,1.0,0.2,1.0,1.0,1.0,1.0,1.0,1.0
0.0,0.5,0.0,0.5,1.0,0.5,0.329,1.0,0.63333,0.0,0.5,0.0,1.0,0.16,0.04,0.99172,0.0,1.0,1.0,1.0,1.0,1.0,0.0,0.67651,1.0,0.0,1.0,1.0,1.0,0.0,1.0,1.0,1.0,0.7,1.0,1.0,0.5,0.5,0.5,1.0,1.0,0.5,0.5,0.5,0.0,0.0,1.0,1.0,1.0,0.5,0.5,1.0,0.2,1.0,1.0,1.0,1.0,1.0,1.0
0.0,0.5,0.0,0.5,1.0,0.5,0.329,1.0,0.66667,0.0,0.5,0.0,1.0,0.16,0.04,0.99292,0.0,1.0,1.0,1.0,1.0,1.0,0.0,0.6765,1.0,0.0,1.0,1.0,1.0,0.0,1.0,1.0,1.0,0.7,1.0,1.0,0.5,0.5,0.5,1.0,1.0,0.5,0.5,0.5,0.0,0.0,1.0,1.0,1.0,0.5,0.5,1.0,0.2,1.0,1.0,1.0,1.0,1.0,1.0
0.0,0.5,0.0,0.5,1.0,0.5,0.329,1.0,0.7,0.0,0.5,0.0,1.0,0.16,0.04,0.99421,0.0,1.0,1.0,1.0,1.0,1.0,0.0,0.6765,1.0,0.0,1.0,1.0,1.0,0.0,1.0,1.0,1.0,0.7,1.0,1.0,0.5,0.5,0.5,1.0,1.0,0.5,0.5,0.5,0.0,0.0,1.0,1.0,1.0,0.5,0.5,1.0,0.2,1.0,1.0,1.0,1.0,1.0,1.0
0.0,0.5,0.0,0.5,1.0,0.5,0.329,1.0,0.73333,0.0,0.5,0.0,1.0,0.16,0.04,0.99536,0.0,1.0,1.0,1.0,1.0,1.0,0.0,0.6765,1.0,0.0,1.0,1.0,1.0,0.0,1.0,1.0,1.0,0.7,1.0,1.0,0.5,0.5,0.5,1.0,1.0,0.5,0.5,0.5,0.0,0.0,1.0,1.0,1.0,0.5,0.5,1.0,0.2,1.0,1.0,1.0,1.0,1.0,1.0
0.0,0.5,0.0,0.5,1.0,0.5,0.329,1.0,0.76667,0.0,0.5,0.0,1.0,0.16,0.04,0.99627,0.0,1.0,1.0,1.0,1.0,1.0,0.0,0.6765,1.0,0.0,1.0,1.0,1.0,0.0,1.0,1.0,1.0,0.7,1.0,1.0,0.5,0.5,0.5,1.0,1.0,0.5,0.5,0.5,0.0,0.0,1.0,1.0,1.0,0.5,0.5,1.0,0.2,1.0,1.0,1.0,1.0,1.0,1.0
0.0,0.5,0.0,0.5,1.0,0.5,0.329,1.0,0.8,0.0,0.5,0.0,1.0,0.16,0.04,0.997,0.0,1.0,1.0,1.0,1.0,1.0,0.0,0.6765,1.0,0.0,1.0,1.0,1.0,0.0,1.0,1.0,1.0,0.7,1.0,1.0,0.5,0.5,0.5,1.0,1.0,0.5,0.5,0.5,0.0,0.0,1.0,1.0,1.0,0.5,0.5,1.0,0.2,1.0,1.0,1.0,1.0,1.0,1.0
0.0,0.5,0.0,0.5,1.0,0.5,0.329,1.0,0.83333,0.0,0.5,0.0,1.0,0.16,0.04,0.99759,0.0,1.0,1.0,1.0,1.0,1.0,0.0,0.6765,1.0,0.0,1.0,1.0,1.0,0.0,1.0,1.0,1.0,0.7,1.0,1.0,0.5,0.5,0.5,1.0,1.0,0.5,0.5,0.5,0.0,0.0,1.0,1.0,1.0,0.5,0.5,1.0,0.2,1.0,1.0,1.0,1.0,1.0,1.0
0.5,0.5,0.5,0.5,0.5,0.5,0.07041,0.4,0.13333,0.0,0.5,0.0,0.0,0.52,0.0,0.9535,0.0,1.0,1.0,1.0,1.0,0.5,0.0,0.52745,1.0,0.0,0.72716,0.46766,0.5,0.0,0.97122,0.75,0.5,0.7,1.0,1.0,0.5,0.5,0.5,1.0,1.0,0.5,0.5,0.5,0.0,0.0,1.0,1.0,1.0,0.5,0.5,0.3,0.6,1.0,0.5,1.0,1.0,1.0,0.5
0.0,0.0,0.0,0.0,0.4,0.4,0.00128,0.2,0.4,0.0,0.5,0.0,0.0,0.2,0.08,0.99057,0.0,1.0,1.0,1.0,1.0,1.0,1.0,0.99915,1.0,0.25,0.01278,0.0045,0.0,0.0,0.87908,0.75,0.75,0.0,1.0,1.0,0.5,0.5,0.5,1.0,1.0,0.5,0.5,0.5,0.0,0.0,1.0,1.0,1.0,0.0,0.0,1.0,0.2,0.0,1.0,1.0,1.0,0.0,1.0
0.0,0.0,0.0,0.0,0.4,0.4,0.0008,0.4,0.46667,0.0,0.5,0.0,0.0,0.24,0.08,0.99988,0.0,1.0,1.0,1.0,1.0,0.9,0.0,0.95061,1.0,0.25,0.00869,0.0028,0.33333,0.0,0.86866,0.75,1.0,0.0,1.0,1.0,0.5,0.5,0.5,1.0,1.0,0.5,0.5,0.5,0.0,0.0,1.0,1.0,1.0,0.0,0.0,1.0,0.2,0.0,1.0,1.0,1.0,0.0,1.0
0.0,0.0,0.0,1.0,0.4,0.4,0.00084,0.4,0.6,0.0,0.5,0.0,0.0,0.08,0.12,0.98155,0.0,1.0,1.0,1.0,1.0,1.0,1.0,0.88946,1.0,0.25,0.01079,0.00273,0.33333,0.0,0.86389,1.0,1.0,0.0,1.0,1.0,0.5,0.5,0.5,1.0,1.0,0.5,0.5,0.5,0.0,0.0,1.0,1.0,1.0,0.0,0.0,1.0,0.2,0.0,1.0,1.0,1.0,0.0,1.0
0.0,0.5,1.0,0.5,0.4,0.5,0.00084,0.4,0.63333,0.0,0.5,0.0,1.0,0.08,0.12,0.9849,0.0,1.0,1.0,1.0,1.0,1.0,1.0,0.89039,1.0,0.25,0.01079,0.00273,0.33333,0.0,0.86394,1.0,1.0,0.0,1.0,1.0,0.5,0.5,0.5,1.0,1.0,0.5,0.5,0.5,0.0,0.0,1.0,1.0,1.0,0.0,0.0,1.0,0.2,0.0,1.0,1.0,1.0,0.0,1.0
0.0,0.5,1.0,0.5,0.4,0.5,0.00085,0.4,0.66667,0.0,0.5,0.0,1.0,0.08,0.12,0.98804,0.0,1.0,1.0,1.0,1.0,1.0,1.0,0.89076,1.0,0.25,0.01079,0.00273,0.33333,0.0,0.86398,1.0,1.0,0.0,1.0,1.0,0.5,0.5,0.5,1.0,1.0,0.5,0.5,0.5,0.0,0.0,1.0,1.0,1.0,0.0,0.0,1.0,0.2,0.0,1.0,1.0,1.0,0.0,1.0
0.0,0.5,1.0,0.5,0.4,0.5,0.00085,0.4,0.7,0.0,0.5,0.0,1.0,0.08,0.12,0.99029,0.0,1.0,1.0,1.0,1.0,1.0,1.0,0.89089,1.0,0.25,0.01079,0.00273,0.33333,0.0,0.86401,1.0,1.0,0.0,1.0,1.0,0.5,0.5,0.5,1.0,1.0,0.5,0.5,0.5,0.0,0.0,1.0,1.0,1.0,0.0,0.0,1.0,0.2,0.0,1.0,1.0,1.0,0.0,1.0
0.0,0.5,1.0,0.5,0.4,0.5,0.00085,0.4,0.73333,0.0,0.5,0.0,1.0,0.08,0.12,0.99193,0.0,1.0,1.0,1.0,1.0,1.0,1.0,0.89095,1.0,0.25,0.01078,0.00273,0.33333,0.0,0.86404,1.0,1.0,0.0,1.0,1.0,0.5,0.5,0.5,1.0,1.0,0.5,0.5,0.5,0.0,0.0,1.0,1.0,1.0,0.0,0.0,1.0,0.2,0.0,1.0,1.0,1.0,0.0,1.0
0.0,0.5,1.0,0.5,0.4,0.5,0.00085,0.4,0.76667,0.0,0.5,0.0,1.0,0.08,0.12,0.99342,0.0,1.0,1.0,1.0,1.0,1.0,1.0,0.89097,1.0,0.25,0.01078,0.00273,0.33333,0.0,0.86406,1.0,1.0,0.0,1.0,1.0,0.5,0.5,0.5,1.0,1.0,0.5,0.5,0.5,0.0,0.0,1.0,1.0,1.0,0.0,0.0,1.0,0.2,0.0,1.0,1.0,1.0,0.0,1.0
0.0,0.5,1.0,0.5,0.4,0.5,0.00085,0.4,0.8,0.0,0.5,0.0,1.0,0.08,0.12,0.9947,0.0,1.0,1.0,1.0,1.0,1.0,1.0,0.89098,1.0,0.25,0.01078,0.00273,0.33333,0.0,0.86407,1.0,1.0,0.0,1.0,1.0,0.5,0.5,0.5,1.0,1.0,0.5,0.5,0.5,0.0,0.0,1.0,1.0,1.0,0.0,0.0,1.0,0.2,0.0,1.0,1.0,1.0,0.0,1.0
0.0,0.5,1.0,0.5,0.4,0.5,0.00085,0.4,0.83333,0.0,0.5,0.0,1.0,0.08,0.12,0.99572,0.0,1.0,1.0,1.0,1.0,1.0,1.0,0.89098,1.0,0.25,0.01078,0.00273,0.33333,0.0,0.86408,1.0,1.0,0.0,1.0,1.0,0.5,0.5,0.5,1.0,1.0,0.5,0.5,0.5,0.0,0.0,1.0,1.0,1.0,0.0,0.0,1.0,0.2,0.0,1.0,1.0,1.0,0.0,1.0
0.0,0.0,1.0,0.0,0.4,0.4,0.00072,0.4,0.9,0.0,0.5,0.0,0.0,0.08,0.12,0.99721,0.0,1.0,1.0,1.0,1.0,1.0,0.0,0.88715,1.0,0.75,0.00461,0.00231,0.0,0.0,0.78841,0.5,0.5,0.6,1.0,1.0,0.5,0.5,0.5,1.0,1.0,0.5,0.5,0.5,0.0,0.0,1.0,1.0,1.0,0.0,0.0,1.0,0.2,0.0,1.0,1.0,1.0,0.0,1.0
0.0,0.5,0.0,0.5,0.4,0.5,0.00067,0.4,0.93333,0.0,0.5,0.0,1.0,0.08,0.12,0.99775,0.0,1.0,1.0,1.0,1.0,1.0,0.0,0.88709,1.0,0.75,0.00433,0.00217,0.0,0.0,0.78862,1.0,1.0,0.6,1.0,1.0,0.5,0.5,0.5,1.0,1.0,0.5,0.5,0.5,0.0,0.0,1.0,1.0,1.0,0.0,0.0,1.0,0.2,0.0,1.0,1.0,1.0,0.0,0.0
0.0,0.5,0.0,0.5,0.4,0.5,0.00066,0.4,0.96667,0.0,0.5,0.0,1.0,0.08,0.12,0.99818,0.0,1.0,1.0,1.0,1.0,1.0,0.0,0.88707,1.0,0.75,0.00424,0.00212,0.0,0.0,0.78878,1.0,1.0,0.7,1.0,1.0,0.5,0.5,0.5,1.0,1.0,0.5,0.5,0.5,0.0,0.0,1.0,1.0,1.0,0.0,0.0,1.0,0.2,0.0,1.0,1.0,1.0,0.0,0.0
0.5,0.5,0.5,0.5,0.5,0.5,0.1176,0.6,0.33333,0.0,0.5,0.0,0.0,0.28,0.0,0.98398,0.0,1.0,1.0,1.0,1.0,0.5,0.0,0.26252,0.65631,0.0,1.0,1.0,1.0,0.0,0.77424,0.75,0.5,0.7,1.0,1.0,0.5,0.5,0.5,1.0,1.0,0.5,0.5,0.5,0.0,0.0,1.0,1.0,1.0,0.5,0.5,0.3,0.4,1.0,1.0,1.0,1.0,0.0,0.5
0.0,1.0,0.0,1.0,0.4,0.6,0.13137,0.6,0.6,0.0,0.5,0.0,0.0,0.28,0.0,0.99783,0.0,1.0,1.0,1.0,1.0,1.0,0.0,0.4118,1.0,0.0,1.0,1.0,1.0,0.0,0.89753,1.0,1.0,0.7,1.0,1.0,0.5,0.5,0.5,1.0,1.0,0.5,0.5,0.5,0.0,0.0,1.0,1.0,1.0,0.5,0.5,0.3,0.4,1.0,1.0,1.0,1.0,1.0,1.0
0.0,1.0,0.0,1.0,0.4,0.4,0.14488,0.6,0.73333,0.0,0.5,0.0,0.0,0.28,0.0,0.99927,0.0,1.0,1.0,1.0,1.0,1.0,1.0,0.50644,1.0,0.0,1.0,1.0,1.0,0.0,0.92227,1.0,1.0,0.7,1.0,1.0,0.5,0.5,0.5,1.0,1.0,0.5,0.5,0.5,0.0,0.0,1.0,1.0,1.0,0.5,0.5,0.3,0.4,1.0,1.0,1.0,1.0,1.0,1.0
0.5,0.5,0.5,0.5,0.5,0.5,0.04572,0.2,0.8,0.0,0.5,0.0,0.0,0.48,0.0,0.98575,0.0,1.0,1.0,1.0,1.0,0.5,0.0,0.63195,1.0,0.25,0.67358,0.50782,0.0,1.0,0.95391,1.0,0.5,0.7,1.0,1.0,0.5,0.5,0.5,1.0,1.0,0.5,0.5,0.5,0.0,0.0,1.0,1.0,1.0,0.5,0.5,0.3,0.4,1.0,1.0,1.0,1.0,0.0,0.5
0.5,0.5,0.5,0.5,0.5,0.5,0.1826,0.4,0.0,0.78947,0.5,0.0,0.0,0.16,0.04,0.99997,0.0,1.0,1.0,1.0,1.0,0.5,0.0,0.99907,1.0,0.25,0.91182,0.83792,0.0,0.0,0.5,0.75,0.5,0.7,1.0,1.0,0.5,0.5,0.5,1.0,1.0,0.5,0.5,0.5,0.0,0.0,1.0,1.0,1.0,1.0,0.97787,1.0,0.2,0.0,1.0,0.0,1.0,0.0,0.5
0.0,0.5,1.0,0.5,0.4,0.5,0.1826,0.4,0.0,0.76923,0.5,0.0,1.0,0.16,0.04,0.99998,0.0,1.0,1.0,1.0,1.0,1.0,0.0,0.99907,1.0,0.25,0.91182,0.83792,0.0,0.0,0.5,1.0,1.0,0.7,1.0,1.0,0.5,0.5,0.5,1.0,1.0,0.5,0.5,0.5,0.0,0.0,1.0,1.0,1.0,1.0,0.97787,1.0,0.2,0.0,1.0,0.0,1.0,0.0,0.25
0.0,0.5,1.0,0.5,0.4,0.5,0.1826,0.4,0.0,0.75,0.5,0.0,1.0,0.16,0.04,0.99998,0.0,1.0,1.0,1.0,1.0,1.0,0.0,0.99907,1.0,0.25,0.91182,0.83792,0.0,0.0,0.5,1.0,1.0,0.7,1.0,1.0,0.5,0.5,0.5,1.0,1.0,0.5,0.5,0.5,0.0,0.0,1.0,1.0,1.0,1.0,0.97787,1.0,0.2,0.0,1.0,0.0,1.0,0.0,0.25
0.5,0.5,0.5,0.5,0.5,0.5,0.24282,0.8,0.33333,0.0,0.5,0.0,0.0,0.4,0.04,0.59248,0.0,1.0,1.0,1.0,1.0,0.5,0.0,0.57053,1.0,0.0,1.0,1.0,1.0,0.0,1.0,0.75,0.5,0.7,1.0,1.0,0.5,0.5,0.5,1.0,1.0,0.5,0.5,0.5,0.0,0.0,1.0,1.0,1.0,0.5,0.5,0.8,0.4,1.0,0.0,1.0,1.0,1.0,0.5
0.0,0.0,0.0,0.0,0.6,0.6,0.17514,0.6,0.73333,0.0,0.5,0.0,0.0,0.12,0.04,0.9934,0.0,1.0,1.0,1.0,1.0,0.9,0.0,0.80101,1.0,0.5,0.68659,0.52275,0.0,0.0,0.81177,1.0,0.5,0.7,1.0,1.0,0.5,0.5,0.5,1.0,1.0,0.5,0.5,0.5,0.0,0.0,1.0,1.0,1.0,0.5,0.5,1.0,0.2,0.0,1.0,1.0,1.0,0.0,0.25
0.0,0.0,0.0,0.0,0.6,0.6,0.17399,0.6,0.8,0.0,0.5,0.0,0.0,0.12,0.04,0.99095,0.0,1.0,1.0,1.0,1.0,1.0,0.0,0.80087,1.0,0.5,0.68165,0.51705,0.0,0.0,0.79164,1.0,1.0,0.7,1.0,1.0,0.5,0.5,0.5,1.0,1.0,0.5,0.5,0.5,0.0,0.0,1.0,1.0,1.0,0.5,0.5,1.0,0.2,0.0,1.0,1.0,1.0,0.0,0.25
0.0,0.0,0.0,0.0,0.6,0.6,0.17383,0.6,0.86667,0.0,0.5,0.0,0.0,0.12,0.04,0.99301,0.0,1.0,1.0,1.0,1.0,1.0,0.0,0.80084,1.0,0.5,0.68097,0.51626,0.0,0.0,0.7802,1.0,1.0,0.7,1.0,1.0,0.5,0.5,0.5,1.0,1.0,0.5,0.5,0.5,0.0,0.0,1.0,1.0,1.0,0.5,0.5,1.0,0.2,0.0,1.0,1.0,1.0,0.0,0.25
0.0,0.0,0.0,0.0,0.6,0.6,0.17381,0.6,0.93333,0.0,0.5,0.0,0.0,0.12,0.04,0.99545,0.0,1.0,1.0,1.0,1.0,1.0,0.0,0.80083,1.0,0.5,0.68087,0.51615,0.0,0.0,0.77339,1.0,1.0,0.7,1.0,1.0,0.5,0.5,0.5,1.0,1.0,0.5,0.5,0.5,0.0,0.0,1.0,1.0,1.0,0.5,0.5,1.0,0.2,0.0,1.0,1.0,1.0,0.0,0.25
0.0,0.0,0.0,0.0,0.6,0.6,0.1738,0.6,1.0,0.0,0.5,0.0,0.0,0.12,0.04,0.99703,0.0,1.0,1.0,1.0,1.0,1.0,0.0,0.80083,1.0,0.5,0.68085,0.51613,0.0,0.0,0.76922,1.0,1.0,0.7,1.0,1.0,0.5,0.5,0.5,1.0,1.0,0.5,0.5,0.5,0.0,0.0,1.0,1.0,1.0,0.5,0.5,1.0,0.2,0.0,1.0,1.0,1.0,0.0,0.25
0.0,0.5,0.0,0.5,0.6,0.5,0.1738,0.6,0.0,0.96774,0.5,0.0,1.0,0.12,0.04,0.9976,0.0,1.0,1.0,1.0,1.0,1.0,0.0,0.80083,1.0,0.5,0.68085,0.51613,0.0,0.0,0.76777,1.0,1.0,0.7,1.0,1.0,0.5,0.5,0.5,1.0,1.0,0.5,0.5,0.5,0.0,0.0,1.0,1.0,1.0,0.5,0.5,1.0,0.2,0.0,1.0,1.0,1.0,0.0,0.25
0.0,0.5,0.0,0.5,0.6,0.5,0.1738,0.6,0.0,0.9375,0.5,0.0,1.0,0.12,0.04,0.99806,0.0,1.0,1.0,1.0,1.0,1.0,0.0,0.80083,1.0,0.5,0.68085,0.51613,0.0,0.0,0.76662,1.0,1.0,0.7,1.0,1.0,0.5,0.5,0.5,1.0,1.0,0.5,0.5,0.5,0.0,0.0,1.0,1.0,1.0,0.5,0.5,1.0,0.2,0.0,1.0,1.0,1.0,0.0,0.25
0.0,0.5,0.0,0.5,0.6,0.5,0.1738,0.6,0.0,0.90909,0.5,0.0,1.0,0.12,0.04,0.99843,0.0,1.0,1.0,1.0,1.0,1.0,0.0,0.80083,1.0,0.5,0.68085,0.51613,0.0,0.0,0.76571,1.0,1.0,0.7,1.0,1.0,0.5,0.5,0.5,1.0,1.0,0.5,0.5,0.5,0.0,0.0,1.0,1.0,1.0,0.5,0.5,1.0,0.2,0.0,1.0,1.0,1.0,0.0,0.25
0.0,0.5,0.0,0.5,0.6,0.5,0.1738,0.6,0.0,0.88235,0.5,0.0,1.0,0.12,0.04,0.99873,0.0,1.0,1.0,1.0,1.0,1.0,0.0,0.80083,1.0,0.5,0.68085,0.51613,0.0,0.0,0.76499,1.0,1.0,0.7,1.0,1.0,0.5,0.5,0.5,1.0,1.0,0.5,0.5,0.5,0.0,0.0,1.0,1.0,1.0,0.5,0.5,1.0,0.2,0.0,1.0,1.0,1.0,0.0,0.25
1.0,1.0,1.0,1.0,0.6,0.6,0.19699,0.6,0.0,0.83333,0.5,0.0,0.0,0.12,0.04,0.0,0.99656,0.9,0.9,1.0,1.0,0.9,0.0,0.24253,0.60632,0.0,1.0,1.0,1.0,0.0,1.0,1.0,0.75,0.7,1.0,1.0,0.5,0.5,0.5,1.0,1.0,0.5,0.5,0.5,0.0,0.0,1.0,1.0,1.0,0.5,0.5,1.0,0.2,1.0,1.0,1.0,1.0,1.0,0.5
1.0,0.5,1.0,0.5,0.6,0.5,0.19946,0.6,0.0,0.81081,0.5,0.0,1.0,0.12,0.04,0.99929,0.0,1.0,1.0,1.0,1.0,1.0,1.0,0.24866,0.62164,0.0,1.0,1.0,1.0,0.0,1.0,1.0,1.0,0.7,1.0,1.0,0.5,0.5,0.5,1.0,1.0,0.5,0.5,0.5,0.0,0.0,1.0,1.0,1.0,0.5,0.5,1.0,0.2,1.0,1.0,1.0,1.0,1.0,0.5
0.5,0.5,0.5,0.5,0.5,0.5,0.30409,1.0,0.1,0.0,0.5,0.0,0.0,0.44,0.0,0.90664,0.0,0.9,0.7,1.0,1.0,0.5,1.0,0.93334,1.0,0.0,1.0,1.0,1.0,0.0,0.99584,0.75,0.5,0.7,1.0,1.0,0.5,0.5,0.5,1.0,1.0,0.5,0.5,0.5,0.0,0.0,1.0,1.0,1.0,0.5,0.5,0.6,0.4,1.0,1.0,1.0,1.0,1.0,0.5
0.0,1.0,0.0,1.0,1.0,1.0,0.37338,1.0,0.4,0.0,0.5,0.0,0.0,0.28,0.04,0.79526,0.0,1.0,1.0,1.0,1.0,1.0,0.0,0.93805,1.0,0.25,1.0,1.0,1.0,0.0,1.0,0.75,0.75,0.7,1.0,1.0,0.5,0.5,0.5,1.0,1.0,0.5,0.5,0.5,0.0,0.0,1.0,1.0,1.0,0.5,0.5,1.0,0.2,1.0,1.0,1.0,1.0,1.0,0.75
0.0,0.0,0.0,1.0,1.0,1.0,0.4094,1.0,0.5,0.0,0.5,0.0,0.0,0.24,0.08,0.0,0.96042,0.9,1.0,1.0,0.9,0.9,1.0,0.95354,1.0,0.0,1.0,1.0,1.0,0.0,1.0,0.75,1.0,0.7,1.0,1.0,0.5,0.5,0.5,1.0,1.0,0.5,0.5,0.5,0.0,0.0,1.0,1.0,1.0,1.0,0.89017,1.0,0.2,1.0,1.0,0.0,1.0,0.0,0.75
0.0,0.5,0.0,0.5,1.0,0.5,0.40479,1.0,0.53333,0.0,0.5,0.0,1.0,0.2,0.08,0.0,0.97897,0.9,1.0,0.9,1.0,0.9,0.0,0.24848,0.6212,0.0,1.0,1.0,1.0,0.0,1.0,1.0,0.75,0.7,1.0,1.0,0.5,0.5,0.5,1.0,1.0,0.5,0.5,0.5,0.0,0.0,1.0,1.0,1.0,1.0,0.89017,0.5,0.4,1.0,1.0,0.0,1.0,0.0,0.75
0.0,0.0,0.0,0.0,1.0,0.8,0.18601,0.6,0.0,0.96774,0.5,0.0,0.0,0.16,0.08,0.99763,0.0,1.0,1.0,0.9,1.0,1.0,0.0,0.9378,1.0,0.5,0.86085,0.75569,0.0,0.0,0.5,0.75,0.5,0.7,1.0,1.0,0.5,0.5,0.5,1.0,1.0,0.5,0.5,0.5,0.0,0.0,1.0,1.0,1.0,1.0,0.89017,1.0,0.2,0.0,1.0,0.0,1.0,0.0,0.5
0.0,0.5,0.0,0.5,0.6,0.5,0.18601,0.6,0.0,0.9375,0.5,0.0,1.0,0.16,0.08,0.99808,0.0,1.0,1.0,0.9,1.0,1.0,0.0,0.9378,1.0,0.5,0.86085,0.75569,0.0,0.0,0.5,1.0,1.0,0.7,1.0,1.0,0.5,0.5,0.5,1.0,1.0,0.5,0.5,0.5,0.0,0.0,1.0,1.0,1.0,1.0,0.89017,1.0,0.2,0.0,1.0,0.0,1.0,0.0,0.25
0.0,0.5,0.0,0.5,0.6,0.5,0.18601,0.6,0.0,0.90909,0.5,0.0,1.0,0.16,0.08,0.99845,0.0,1.0,1.0,0.9,1.0,1.0,0.0,0.9378,1.0,0.5,0.86085,0.75569,0.0,0.0,0.5,1.0,1.0,0.7,1.0,1.0,0.5,0.5,0.5,1.0,1.0,0.5,0.5,0.5,0.0,0.0,1.0,1.0,1.0,1.0,0.89017,1.0,0.2,0.0,1.0,0.0,1.0,0.0,0.25
0.0,0.5,0.0,0.5,0.6,0.5,0.18601,0.6,0.0,0.88235,0.5,0.0,1.0,0.16,0.08,0.99875,0.0,1.0,1.0,0.9,1.0,1.0,0.0,0.9378,1.0,0.5,0.86085,0.75569,0.0,0.0,0.5,1.0,1.0,0.7,1.0,1.0,0.5,0.5,0.5,1.0,1.0,0.5,0.5,0.5,0.0,0.0,1.0,1.0,1.0,1.0,0.89017,1.0,0.2,0.0,1.0,0.0,1.0,0.0,0.25
0.0,0.5,0.0,0.5,0.6,0.5,0.18601,0.6,0.0,0.85714,0.5,0.0,1.0,0.16,0.08,0.99899,0.0,1.0,1.0,0.9,1.0,1.0,0.0,0.9378,1.0,0.5,0.86085,0.75569,0.0,0.0,0.5,1.0,1.0,0.7,1.0,1.0,0.5,0.5,0.5,1.0,1.0,0.5,0.5,0.5,0.0,0.0,1.0,1.0,1.0,1.0,0.89017,1.0,0.2,0.0,1.0,0.0,1.0,0.0,0.25
0.0,0.5,0.0,0.5,0.6,0.5,0.18601,0.6,0.0,0.83333,0.5,0.0,1.0,0.16,0.08,0.99918,0.0,1.0,1.0,0.9,1.0,1.0,0.0,0.9378,1.0,0.5,0.86085,0.75569,0.0,0.0,0.5,1.0,1.0,0.7,1.0,1.0,0.5,0.5,0.5,1.0,1.0,0.5,0.5,0.5,0.0,0.0,1.0,1.0,1.0,1.0,0.89017,1.0,0.2,0.0,1.0,0.0,1.0,0.0,0.25
0.0,0.5,0.0,0.5,0.6,0.5,0.18601,0.6,0.0,0.81081,0.5,0.0,1.0,0.16,0.08,0.99934,0.0,1.0,1.0,0.9,1.0,1.0,0.0,0.9378,1.0,0.5,0.86085,0.75569,0.0,0.0,0.5,1.0,1.0,0.7,1.0,1.0,0.5,0.5,0.5,1.0,1.0,0.5,0.5,0.5,0.0,0.0,1.0,1.0,1.0,1.0,0.89017,1.0,0.2,0.0,1.0,0.0,1.0,0.0,0.25
0.0,0.5,0.0,0.5,0.6,0.5,0.18601,0.6,0.0,0.78947,0.5,0.0,1.0,0.16,0.08,0.99946,0.0,1.0,1.0,0.9,1.0,1.0,0.0,0.9378,1.0,0.5,0.86085,0.75569,0.0,0.0,0.5,1.0,1.0,0.7,1.0,1.0,0.5,0.5,0.5,1.0,1.0,0.5,0.5,0.5,0.0,0.0,1.0,1.0,1.0,1.0,0.89017,1.0,0.2,0.0,1.0,0.0,1.0,0.0,0.25
0.0,0.5,0.0,0.5,0.6,0.5,0.18601,0.6,0.0,0.76923,0.5,0.0,1.0,0.16,0.08,0.99957,0.0,1.0,1.0,0.9,1.0,1.0,0.0,0.9378,1.0,0.5,0.86085,0.75569,0.0,0.0,0.5,1.0,1.0,0.7,1.0,1.0,0.5,0.5,0.5,1.0,1.0,0.5,0.5,0.5,0.0,0.0,1.0,1.0,1.0,1.0,0.89017,1.0,0.2,0.0,1.0,0.0,1.0,0.0,0.25
0.0,0.5,0.0,0.5,0.6,0.5,0.18601,0.6,0.0,0.75,0.5,0.0,1.0,0.16,0.08,0.99965,0.0,1.0,1.0,0.9,1.0,1.0,0.0,0.9378,1.0,0.5,0.86085,0.75569,0.0,0.0,0.5,1.0,1.0,0.7,1.0,1.0,0.5,0.5,0.5,1.0,1.0,0.5,0.5,0.5,0.0,0.0,1.0,1.0,1.0,1.0,0.89017,1.0,0.2,0.0,1.0,0.0,1.0,0.0,0.25
0.5,0.5,0.5,0.5,0.5,0.5,0.11005,0.7,0.06667,0.0,1.0,0.0,0.0,0.18,0.0,0.5,0.5,0.66667,0.97778,1.0,1.0,0.5,1.0,0.7617,1.0,0.11111,1.0,1.0,1.0,0.0,0.68786,0.88889,0.5,0.7,1.0,1.0,0.5,0.5,0.5,1.0,1.0,0.5,0.5,0.5,0.5,0.5,1.0,1.0,1.0,0.5,0.5,0.35,0.3,0.5,1.0,1.0,1.0,0.75,0.5
0.5,0.5,0.5,0.5,0.5,0.5,0.21329,1.0,0.4,0.0,1.0,0.0,0.0,0.32,0.03,0.98279,0.0,1.0,1.0,0.8,1.0,0.5,0.0,0.96752,1.0,0.11111,1.0,1.0,1.0,0.0,0.98366,0.88889,0.5,0.7,1.0,1.0,0.5,0.5,0.5,1.0,1.0,0.5,0.5,0.5,0.0,0.0,1.0,1.0,1.0,1.0,0.42121,0.45,0.3,1.0,0.0,1.0,1.0,1.0,0.5
0.0,1.0,0.0,1.0,0.8,1.0,0.25795,1.0,0.66667,0.0,1.0,0.0,0.0,0.15,0.04,0.99073,0.0,1.0,1.0,0.48889,1.0,0.53333,1.0,0.96042,1.0,0.11111,1.0,1.0,1.0,0.0,1.0,0.88889,0.66667,0.7,1.0,1.0,0.5,0.5,0.5,1.0,1.0,0.5,0.5,0.5,0.0,0.0,1.0,1.0,1.0,1.0,0.74185,0.5,0.2,1.0,1.0,1.0,1.0,0.0,0.77778
0.5,0.5,0.5,0.5,0.5,0.5,0.0016,0.2,0.23333,0.0,1.0,0.0,0.0,0.26,0.1,0.95141,0.0,1.0,1.0,0.86667,1.0,0.5,0.0,0.66646,1.0,0.11111,0.01405,0.00782,0.2,0.0,0.87059,1.0,0.5,0.65,1.0,1.0,0.5,0.5,0.5,1.0,1.0,0.5,0.5,0.5,0.8442,0.0,0.35,1.0,1.0,0.4568,0.6375,1.0,0.1,0.0,1.0,0.0,1.0,0.0,0.5
1.0,0.5,1.0,0.5,0.2,0.5,0.00478,0.2,0.26667,0.0,1.0,0.0,1.0,0.27,0.11,0.0,0.97482,0.95556,1.0,0.82222,1.0,0.95556,1.0,0.66981,1.0,0.11111,0.04083,0.02283,0.2,0.0,0.87371,1.0,1.0,0.0,1.0,1.0,0.5,0.5,0.5,1.0,1.0,0.01646,0.89212,0.5,0.0,1.0,1.0,1.0,1.0,0.01646,0.89212,1.0,0.1,0.0,1.0,0.0,1.0,0.0,1.0
1.0,0.5,1.0,0.5,0.2,0.5,0.00877,0.2,0.3,0.0,1.0,0.0,1.0,0.27,0.12,0.0,0.97581,1.0,1.0,1.0,1.0,1.0,0.0,0.65658,1.0,0.11111,0.07108,0.03947,0.2,0.0,0.86889,1.0,1.0,0.0,1.0,1.0,0.5,0.5,0.5,1.0,1.0,0.01646,0.89212,1.0,0.0,0.0,1.0,1.0,1.0,0.01646,0.89212,1.0,0.1,0.0,1.0,0.0,1.0,0.0,1.0
1.0,0.5,1.0,0.5,0.2,0.5,0.01034,0.2,0.33333,0.0,1.0,0.0,1.0,0.28,0.12,0.0,0.97698,1.0,1.0,1.0,1.0,1.0,1.0,0.86927,1.0,0.33333,0.07725,0.0466,0.0,0.0,0.95134,1.0,0.77778,0.0,0.9,0.98868,0.65665,0.65665,0.65665,1.0,1.0,0.01646,0.89212,1.0,0.0,0.0,1.0,1.0,1.0,0.01646,0.89212,1.0,0.1,0.0,1.0,0.0,1.0,0.0,1.0
1.0,0.5,1.0,0.5,0.2,0.5,0.01189,0.2,0.36667,0.0,1.0,0.0,1.0,0.27,0.12,0.0,0.98261,1.0,1.0,1.0,1.0,1.0,0.0,0.65883,1.0,0.11111,0.09323,0.05198,0.2,0.0,0.86787,1.0,0.77778,0.0,1.0,1.0,0.5,0.65665,0.5,1.0,1.0,0.01646,0.89212,1.0,0.0,0.0,1.0,1.0,1.0,0.01646,0.89212,1.0,0.1,0.0,1.0,0.0,1.0,0.0,1.0
1.0,0.5,1.0,0.5,0.3,0.5,0.01227,0.3,0.4,0.0,1.0,0.0,1.0,0.26,0.13,0.0,0.98069,1.0,1.0,1.0,1.0,1.0,1.0,0.65885,1.0,0.11111,0.09413,0.05307,0.2,0.0,0.86757,1.0,1.0,0.0,0.9,0.9992,0.98291,0.98291,0.98291,1.0,1.0,0.01646,0.89212,1.0,0.0,0.0,1.0,1.0,1.0,0.01646,0.89212,1.0,0.1,0.0,1.0,0.0,1.0,0.0,1.0
1.0,1.0,1.0,1.0,0.5,0.5,0.01038,0.5,0.53333,0.0,1.0,0.0,0.0,0.23,0.14,0.0,0.98909,1.0,1.0,1.0,1.0,1.0,1.0,0.67219,1.0,0.11111,0.07906,0.04204,0.2,0.0,0.87008,1.0,1.0,0.6,1.0,1.0,0.5,0.98291,0.5,1.0,1.0,0.01646,0.89212,1.0,0.0,0.0,1.0,1.0,1.0,0.44509,0.27812,0.4,0.5,0.8,0.25,0.5,1.0,0.6,1.0
0.5,0.5,0.5,0.5,0.5,0.5,0.0,0.2,0.66667,0.0,1.0,0.0,0.0,0.07,0.07,0.98132,0.0,1.0,1.0,0.51111,0.93333,0.5,0.0,0.70713,1.0,0.11111,0.0,0.0,0.0,0.0,0.80712,0.55556,0.5,0.0,1.0,1.0,0.5,0.5,0.5,1.0,1.0,0.5,0.5,0.5,0.0,0.0,1.0,1.0,1.0,0.5,0.5,1.0,0.1,0.0,1.0,1.0,1.0,0.0,0.5
0.5,0.5,0.5,0.5,0.5,0.5,0.12269,0.7,0.1,0.0,1.0,0.0,0.0,0.31,0.0,0.95791,0.0,0.97778,0.86667,1.0,1.0,0.5,0.0,0.9343,1.0,0.11111,1.0,1.0,1.0,0.0,0.97447,1.0,0.5,0.7,1.0,1.0,0.5,0.5,0.5,1.0,1.0,0.5,0.5,0.5,0.0,0.0,1.0,1.0,1.0,0.5,0.5,0.3,0.4,0.75,0.66667,1.0,1.0,1.0,0.5
1.0,0.5,1.0,0.5,0.9,0.5,0.12664,0.9,0.13333,0.0,1.0,0.0,1.0,0.31,0.0,0.98787,0.0,0.88889,0.75556,1.0,1.0,0.88889,0.0,0.82465,1.0,0.0,1.0,1.0,1.0,0.0,0.98855,1.0,1.0,0.7,1.0,1.0,0.5,0.5,0.5,1.0,1.0,0.5,0.5,0.5,0.0,0.0,1.0,1.0,1.0,0.5,0.5,0.3,0.5,1.0,1.0,1.0,1.0,0.75,1.0
1.0,0.5,1.0,0.5,0.9,0.5,0.12995,0.9,0.16667,0.0,1.0,0.0,1.0,0.31,0.0,0.94115,0.0,1.0,0.95556,1.0,1.0,1.0,0.0,0.78239,1.0,0.0,1.0,1.0,1.0,0.0,0.98339,1.0,1.0,0.7,1.0,1.0,0.5,0.5,0.5,1.0,1.0,0.5,0.5,0.5,0.0,0.0,1.0,1.0,1.0,0.5,0.5,0.3,0.5,1.0,1.0,1.0,1.0,1.0,1.0
1.0,0.5,0.0,0.5,0.8,0.5,0.12708,0.8,0.2,0.0,1.0,0.0,1.0,0.31,0.0,0.9335,0.0,1.0,1.0,1.0,1.0,1.0,0.0,0.74137,1.0,0.0,1.0,1.0,1.0,0.0,0.98157,1.0,1.0,0.7,1.0,1.0,0.5,0.5,0.5,1.0,1.0,0.5,0.5,0.5,0.0,0.0,1.0,1.0,1.0,0.5,0.5,0.3,0.5,1.0,0.75,1.0,1.0,1.0,1.0
1.0,0.5,1.0,0.5,0.9,0.5,0.12996,0.9,0.23333,0.0,1.0,0.0,1.0,0.32,0.0,0.9358,0.0,1.0,1.0,1.0,1.0,1.0,0.0,0.69419,1.0,0.0,1.0,1.0,1.0,0.0,0.98766,1.0,1.0,0.7,1.0,1.0,0.5,0.5,0.5,1.0,1.0,0.5,0.5,0.5,0.0,0.0,1.0,1.0,1.0,0.5,0.5,0.3,0.5,1.0,1.0,1.0,1.0,1.0,1.0
1.0,0.5,1.0,0.5,1.0,0.5,0.13256,1.0,0.26667,0.0,1.0,0.0,1.0,0.31,0.0,0.96796,0.0,1.0,1.0,1.0,1.0,1.0,0.0,0.65018,1.0,0.0,1.0,1.0,1.0,0.0,0.98899,1.0,1.0,0.7,1.0,1.0,0.5,0.5,0.5,1.0,1.0,0.5,0.5,0.5,0.0,0.0,1.0,1.0,1.0,0.5,0.5,0.3,0.5,1.0,1.0,1.0,1.0,1.0,1.0
1.0,0.5,1.0,0.5,1.0,0.5,0.13468,1.0,0.3,0.0,1.0,0.0,1.0,0.31,0.0,0.97048,0.0,1.0,1.0,1.0,1.0,1.0,0.0,0.58681,1.0,0.0,1.0,1.0,1.0,0.0,0.99026,1.0,1.0,0.7,1.0,1.0,0.5,0.5,0.5,1.0,1.0,0.5,0.5,0.5,0.0,0.0,1.0,1.0,1.0,0.5,0.5,0.3,0.5,1.0,1.0,1.0,1.0,1.0,1.0
1.0,0.5,1.0,0.5,1.0,0.5,0.13928,1.0,0.33333,0.0,1.0,0.0,1.0,0.31,0.0,0.98037,0.0,1.0,1.0,1.0,1.0,1.0,0.0,0.52014,1.0,0.0,1.0,1.0,1.0,0.0,0.99322,1.0,1.0,0.7,1.0,1.0,0.5,0.5,0.5,1.0,1.0,0.5,0.5,0.5,0.0,0.0,1.0,1.0,1.0,0.5,0.5,0.3,0.5,1.0,1.0,1.0,1.0,1.0,1.0
1.0,0.5,1.0,0.5,1.0,0.5,0.1437,1.0,0.36667,0.0,1.0,0.0,1.0,0.31,0.0,0.98891,0.0,1.0,1.0,1.0,1.0,1.0,1.0,0.85721,1.0,0.11111,1.0,1.0,1.0,1.0,1.0,1.0,0.88889,0.7,1.0,1.0,0.5,0.5,0.5,1.0,1.0,0.5,0.5,0.5,0.0,0.0,1.0,1.0,1.0,0.5,0.5,0.3,0.4,1.0,1.0,1.0,1.0,1.0,1.0
1.0,0.5,1.0,0.5,1.0,0.5,0.14823,1.0,0.4,0.0,1.0,0.0,1.0,0.3,0.01,0.43759,0.0,1.0,1.0,1.0,1.0,1.0,0.0,0.84694,1.0,0.11111,1.0,1.0,1.0,0.0,1.0,1.0,1.0,0.7,1.0,1.0,0.5,0.5,0.5,1.0,1.0,0.5,0.5,0.5,0.0,0.0,1.0,1.0,1.0,0.5,0.5,0.3,0.4,1.0,1.0,1.0,1.0,1.0,1.0
0.5,0.5,0.5,0.5,0.5,0.5,0.13242,0.8,0.23333,0.0,1.0,0.0,0.0,0.27,0.0,0.95106,0.0,0.97778,0.93333,1.0,1.0,0.5,0.0,0.95373,1.0,0.11111,1.0,1.0,1.0,0.0,0.86626,1.0,0.5,0.7,1.0,1.0,0.5,0.5,0.5,1.0,1.0,0.5,0.5,0.5,0.0,0.0,1.0,1.0,1.0,0.5,0.5,0.3,0.4,1.0,0.66667,1.0,1.0,0.66667,0.5
1.0,0.5,1.0,0.5,0.9,0.5,0.13616,0.9,0.26667,0.0,1.0,0.0,1.0,0.25,0.0,0.98765,0.0,1.0,0.93333,1.0,1.0,1.0,0.0,0.91666,1.0,0.11111,1.0,1.0,1.0,0.0,0.88383,1.0,1.0,0.7,1.0,1.0,0.5,0.5,0.5,1.0,1.0,0.5,0.5,0.5,0.0,0.0,1.0,1.0,1.0,0.5,0.5,0.3,0.4,1.0,1.0,1.0,1.0,1.0,1.0
1.0,0.5,1.0,0.5,0.8,0.5,0.13911,0.8,0.3,0.0,1.0,0.0,1.0,0.26,0.0,0.98462,0.0,1.0,0.93333,1.0,1.0,1.0,0.0,0.88768,1.0,0.11111,1.0,0.991,0.66667,0.0,0.88904,1.0,1.0,0.7,1.0,1.0,0.5,0.5,0.5,1.0,1.0,0.5,0.5,0.5,0.0,0.0,1.0,1.0,1.0,0.5,0.5,0.3,0.3,0.66667,1.0,1.0,1.0,1.0,1.0
1.0,0.5,1.0,0.5,0.9,0.5,0.14343,0.9,0.33333,0.0,1.0,0.0,1.0,0.28,0.0,0.98904,0.0,0.84444,1.0,1.0,1.0,0.84444,1.0,0.98116,1.0,0.11111,1.0,0.98884,0.5,0.0,0.96278,1.0,0.88889,0.7,1.0,1.0,0.5,0.5,0.5,1.0,1.0,0.5,0.5,0.5,0.0,0.0,1.0,1.0,1.0,0.5,0.5,0.3,0.3,1.0,1.0,1.0,1.0,1.0,1.0
1.0,0.5,1.0,0.5,0.9,0.5,0.14554,0.9,0.36667,0.0,1.0,0.0,1.0,0.29,0.0,0.98441,0.0,1.0,1.0,1.0,1.0,1.0,0.0,0.96367,1.0,0.11111,1.0,0.97283,0.5,0.0,0.96097,1.0,1.0,0.7,1.0,1.0,0.5,0.5,0.5,1.0,1.0,0.5,0.5,0.5,0.0,0.0,1.0,1.0,1.0,0.5,0.5,0.3,0.3,1.0,0.5,1.0,1.0,1.0,1.0
1.0,0.5,1.0,0.5,0.9,0.5,0.14905,0.9,0.4,0.0,1.0,0.0,1.0,0.28,0.0,0.98307,0.0,1.0,1.0,1.0,1.0,1.0,0.0,0.93818,1.0,0.11111,1.0,0.9664,0.5,0.0,0.95763,1.0,1.0,0.7,1.0,1.0,0.5,0.5,0.5,1.0,1.0,0.5,0.5,0.5,0.0,0.0,1.0,1.0,1.0,0.5,0.5,0.3,0.3,1.0,0.5,1.0,1.0,1.0,1.0
1.0,0.5,1.0,0.5,0.9,0.5,0.15282,0.9,0.43333,0.0,1.0,0.0,1.0,0.28,0.0,0.98115,0.0,0.97778,0.97778,1.0,1.0,0.97778,0.0,0.90847,1.0,0.11111,1.0,0.95232,0.5,0.0,0.9551,1.0,1.0,0.7,1.0,1.0,0.5,0.5,0.5,1.0,1.0,0.5,0.5,0.5,0.0,0.0,1.0,1.0,1.0,0.5,0.5,0.3,0.3,1.0,0.5,1.0,1.0,1.0,1.0
1.0,1.0,1.0,1.0,0.9,1.0,0.18167,1.0,0.5,0.0,1.0,0.0,0.0,0.28,0.0,0.0,0.99486,0.97778,1.0,1.0,1.0,0.97778,0.0,0.88422,1.0,0.11111,1.0,1.0,1.0,1.0,0.96712,0.77778,1.0,0.7,1.0,1.0,0.5,0.5,0.5,1.0,1.0,0.5,0.5,0.5,0.0,0.0,1.0,1.0,1.0,0.5,0.5,0.3,0.3,1.0,1.0,1.0,1.0,0.0,1.0
0.5,0.5,0.5,0.5,0.5,0.5,0.3037,1.0,0.86667,0.0,1.0,0.0,0.0,0.23,0.06,0.0,0.94695,0.64444,1.0,0.64444,1.0,0.5,1.0,0.98367,1.0,0.11111,1.0,1.0,1.0,0.0,1.0,0.88889,0.5,0.7,1.0,1.0,0.5,0.5,0.5,1.0,1.0,0.5,0.5,0.5,0.0,0.0,1.0,1.0,1.0,1.0,1.0,0.7,0.2,1.0,1.0,1.0,1.0,0.0,0.5
0.0,0.5,0.0,0.5,1.0,0.5,0.29385,1.0,0.9,0.0,1.0,0.0,1.0,0.23,0.06,0.0,0.97662,0.8,1.0,0.8,1.0,0.8,0.0,0.88913,1.0,0.0,1.0,1.0,1.0,0.0,0.98148,1.0,1.0,0.7,1.0,1.0,0.5,0.5,0.5,1.0,1.0,0.5,0.5,0.5,0.0,0.0,1.0,1.0,1.0,1.0,1.0,0.7,0.2,1.0,0.0,1.0,1.0,1.0,0.88889
0.0,1.0,0.0,0.0,1.0,1.0,0.32666,1.0,1.0,0.0,1.0,0.0,0.0,0.2,0.06,0.98096,0.0,1.0,1.0,0.8,1.0,1.0,1.0,0.9352,1.0,0.0,1.0,1.0,1.0,0.0,0.99372,1.0,1.0,0.7,1.0,1.0,0.5,0.5,0.5,1.0,1.0,0.5,0.5,0.5,0.0,0.0,1.0,1.0,1.0,1.0,1.0,0.8,0.2,1.0,1.0,1.0,1.0,0.0,1.0
0.5,0.5,0.5,0.5,0.5,0.5,0.00382,0.1,0.66667,0.0,1.0,0.0,0.0,0.3,0.03,0.99902,0.0,1.0,1.0,1.0,1.0,0.5,0.0,0.94438,1.0,0.11111,0.04492,0.02255,0.0,0.0,0.98213,0.77778,0.5,0.7,1.0,1.0,0.5,0.5,0.5,1.0,1.0,0.5,0.5,0.5,0.0,0.0,1.0,1.0,1.0,0.24362,0.4104,1.0,0.1,0.0,1.0,0.0,1.0,0.25,0.5
1.0,0.0,0.0,0.0,0.1,0.1,0.00236,0.1,0.86667,0.0,1.0,0.0,0.0,0.3,0.03,0.0,0.99944,1.0,1.0,1.0,1.0,0.88889,1.0,0.71309,1.0,0.11111,0.0275,0.01394,0.0,0.0,0.98029,0.55556,0.66667,0.7,1.0,1.0,0.5,0.5,0.5,1.0,1.0,0.5,0.5,0.5,0.0,0.0,1.0,1.0,1.0,0.24362,0.4104,1.0,0.1,0.0,1.0,0.0,1.0,0.0,0.11111
0.0,0.5,0.0,0.5,0.1,0.5,0.00214,0.1,0.9,0.0,1.0,0.0,1.0,0.3,0.03,0.0,0.99933,1.0,1.0,1.0,1.0,1.0,0.0,0.7104,1.0,0.11111,0.02528,0.0128,0.0,0.0,0.97983,1.0,1.0,0.7,1.0,1.0,0.5,0.5,0.5,1.0,1.0,0.5,0.5,0.5,0.0,0.0,1.0,1.0,1.0,0.24362,0.4104,1.0,0.1,0.0,1.0,0.0,1.0,0.0,0.11111
0.0,0.0,0.0,0.0,0.1,0.1,0.00178,0.1,0.96667,0.0,1.0,0.0,0.0,0.3,0.03,0.99947,0.0,1.0,1.0,1.0,1.0,1.0,1.0,0.71331,1.0,0.11111,0.02079,0.0105,0.0,0.0,0.97919,0.88889,1.0,0.7,1.0,1.0,0.5,0.5,0.5,1.0,1.0,0.5,0.5,0.5,0.0,0.0,1.0,1.0,1.0,0.24362,0.4104,1.0,0.1,0.0,1.0,0.0,1.0,0.0,0.11111
0.0,0.5,0.0,0.5,0.1,0.5,0.00162,0.1,1.0,0.0,1.0,0.0,1.0,0.32,0.03,0.9994,0.0,1.0,1.0,1.0,1.0,1.0,1.0,0.71511,1.0,0.11111,0.01871,0.00944,0.0,0.0,0.97897,1.0,1.0,0.7,1.0,1.0,0.5,0.5,0.5,1.0,1.0,0.5,0.5,0.5,0.0,0.0,1.0,1.0,1.0,0.24362,0.4104,1.0,0.1,0.0,1.0,0.0,1.0,0.0,0.11111
0.5,0.5,0.5,0.5,0.5,0.5,0.0,0.5,0.8,0.0,1.0,0.0,0.0,0.08,0.09,0.0,0.99286,0.84444,0.84444,0.64444,1.0,0.5,0.0,0.66428,1.0,0.55556,0.0,0.0,0.5,0.0,0.7721,0.55556,0.5,0.0,1.0,1.0,0.5,0.5,0.5,1.0,1.0,0.5,0.5,0.5,0.0,0.0,1.0,1.0,1.0,1.0,0.42863,1.0,0.1,0.0,1.0,0.0,1.0,0.0,0.5
0.0,0.0,0.0,0.0,0.5,0.5,0.0,0.5,0.9,0.0,1.0,0.0,0.0,0.07,0.08,0.98062,0.0,1.0,1.0,0.71111,1.0,1.0,0.0,0.94351,1.0,0.11111,0.0,0.0,0.5,0.0,0.64788,0.33333,0.33333,0.0,1.0,1.0,0.5,0.5,0.5,1.0,1.0,0.5,0.5,0.5,0.0,0.0,1.0,1.0,1.0,1.0,0.42863,1.0,0.1,0.0,1.0,0.0,1.0,0.0,1.0
0.5,0.5,0.5,0.5,0.5,0.5,0.0,0.1,0.83333,0.0,1.0,0.0,0.0,0.09,0.05,0.99874,0.0,1.0,1.0,0.75556,0.84444,0.5,0.0,0.95742,1.0,0.66667,0.0,0.0,0.0,0.0,0.68444,0.55556,0.5,0.0,1.0,1.0,0.5,0.5,0.5,1.0,1.0,0.5,0.5,0.5,0.0,0.0,1.0,1.0,1.0,0.5,0.5,1.0,0.1,0.0,1.0,1.0,1.0,0.0,0.5
0.0,0.0,0.0,0.0,0.2,0.2,0.0,0.2,0.9,0.0,1.0,0.0,0.0,0.09,0.04,0.99493,0.0,1.0,1.0,0.75556,1.0,0.97778,1.0,0.99506,1.0,0.66667,0.0,0.0,0.0,0.0,0.78023,0.22222,1.0,0.0,1.0,1.0,0.5,0.5,0.5,1.0,1.0,0.5,0.5,0.5,0.0,0.0,1.0,1.0,1.0,0.5,0.5,1.0,0.1,0.0,1.0,1.0,1.0,0.0,1.0
0.0,0.5,1.0,0.5,0.1,0.5,0.0,0.1,0.93333,0.0,1.0,0.0,1.0,0.09,0.04,0.98964,0.0,1.0,1.0,0.75556,1.0,1.0,1.0,0.99829,1.0,0.66667,0.0,0.0,0.0,0.0,0.81131,1.0,1.0,0.0,1.0,1.0,0.5,0.5,0.5,1.0,1.0,0.5,0.5,0.5,0.0,0.0,1.0,1.0,1.0,0.5,0.5,1.0,0.1,0.0,1.0,1.0,1.0,0.0,1.0
1.0,0.5,1.0,0.5,0.2,0.5,0.0,0.2,0.96667,0.0,1.0,0.0,1.0,0.08,0.04,0.98808,0.0,1.0,1.0,0.75556,1.0,1.0,1.0,0.99941,1.0,0.66667,0.0,0.0,0.0,0.0,0.83576,1.0,1.0,0.0,1.0,1.0,0.5,0.5,0.5,1.0,1.0,0.5,0.5,0.5,0.0,0.0,1.0,1.0,1.0,0.5,0.5,1.0,0.1,0.0,1.0,1.0,1.0,0.0,1.0
0.0,0.5,1.0,0.5,0.2,0.5,0.0,0.2,1.0,0.0,1.0,0.0,1.0,0.08,0.04,0.98914,0.0,1.0,1.0,0.77778,1.0,1.0,1.0,0.99982,1.0,0.66667,0.0,0.0,0.0,0.0,0.85516,1.0,1.0,0.0,1.0,1.0,0.5,0.5,0.5,1.0,1.0,0.5,0.5,0.5,0.0,0.0,1.0,1.0,1.0,0.5,0.5,1.0,0.1,0.0,1.0,1.0,1.0,0.0,1.0
0.5,0.5,0.5,0.5,0.5,0.5,0.05611,0.5,0.83333,0.0,1.0,0.0,0.0,0.18,0.07,0.96779,0.0,1.0,1.0,0.75556,0.86667,0.5,0.0,0.63722,1.0,0.44444,0.52715,0.39028,0.0,1.0,0.99689,0.77778,0.5,0.2,0.8,0.68071,0.2965,0.5,0.25414,1.0,1.0,0.5,0.5,0.5,0.0,0.0,1.0,1.0,1.0,0.74151,0.076,0.8,0.3,1.0,0.5,1.0,1.0,1.0,0.5
1.0,0.5,1.0,0.5,0.5,0.5,0.07035,0.5,0.86667,0.0,1.0,0.0,1.0,0.16,0.07,0.97338,0.0,1.0,1.0,0.75556,1.0,1.0,1.0,0.93521,1.0,0.33333,0.68524,0.48713,0.0,0.0,0.93727,1.0,0.88889,0.7,0.9,0.99973,1.0,1.0,1.0,1.0,0.85714,0.5,0.5,0.5,0.0,0.0,1.0,1.0,1.0,0.74151,0.076,0.3,0.3,0.66667,1.0,1.0,1.0,0.66667,1.0
0.0,0.0,0.0,0.0,0.5,0.5,0.05697,0.5,0.93333,0.0,1.0,0.0,0.0,0.14,0.08,0.9843,0.0,1.0,1.0,0.88889,1.0,0.86667,0.0,0.92063,1.0,0.22222,0.59672,0.38599,0.0,0.0,0.93705,0.88889,1.0,0.7,1.0,1.0,0.5,1.0,0.5,1.0,1.0,0.5,0.5,0.5,0.0,0.0,1.0,1.0,1.0,0.74151,0.076,0.3,0.3,0.66667,0.5,1.0,1.0,0.66667,1.0
0.0,1.0,0.0,1.0,0.5,0.5,0.06305,0.5,1.0,0.0,1.0,0.0,0.0,0.14,0.06,0.99648,0.0,0.86667,1.0,0.75556,0.77778,0.86667,0.0,0.8284,1.0,0.33333,0.696,0.44714,0.0,0.0,0.93691,1.0,1.0,0.7,0.9,0.99992,1.0,1.0,1.0,1.0,0.85714,0.5,0.5,0.5,0.0,0.0,1.0,1.0,1.0,0.74151,0.076,0.3,0.3,0.66667,1.0,1.0,1.0,0.66667,1.0
0.5,0.5,0.5,0.5,0.5,0.5,0.18785,0.7,0.36667,0.0,1.0,0.0,0.0,0.09,0.09,0.97783,0.0,1.0,1.0,0.84444,1.0,0.5,0.0,0.81528,1.0,0.55556,0.89491,0.8098,0.0,0.0,0.5,0.88889,0.5,0.3,0.9,0.71677,0.78524,0.5,0.23557,1.0,1.0,0.5,0.5,0.5,0.0,0.0,1.0,1.0,1.0,1.0,0.78189,1.0,0.1,0.0,1.0,0.0,1.0,0.0,0.5
0.0,0.5,0.0,0.5,0.7,0.5,0.16737,0.7,0.4,0.0,1.0,0.0,1.0,0.09,0.09,0.97204,0.0,1.0,1.0,0.84444,1.0,1.0,1.0,0.86558,1.0,0.55556,0.81373,0.68596,0.0,0.0,0.5,1.0,1.0,0.95,0.9,0.73763,0.73692,0.73692,0.51585,1.0,1.0,0.5,0.5,0.5,0.0,0.0,0.05,1.0,1.0,1.0,0.78189,1.0,0.1,0.0,1.0,0.0,1.0,0.0,0.44444
0.0,0.0,0.0,0.0,0.7,0.4,0.00259,0.4,0.46667,0.0,1.0,0.0,0.0,0.07,0.09,0.98429,0.0,0.86667,1.0,0.75556,1.0,0.86667,1.0,0.97566,1.0,0.66667,0.01355,0.00682,0.0,0.0,0.5,0.22222,0.77778,0.0,0.8,0.40337,0.36528,0.03544,0.36528,1.0,1.0,0.80966,1.0,0.01344,0.0,0.0,1.0,1.0,1.0,0.80966,1.0,1.0,0.1,0.0,1.0,0.0,1.0,0.0,1.0
0.0,0.0,0.0,0.0,0.4,0.4,0.00038,0.4,0.53333,0.0,1.0,0.0,0.0,0.05,0.09,0.99097,0.0,1.0,1.0,0.75556,1.0,0.86667,0.0,0.85783,1.0,0.77778,0.00164,0.00082,0.0,0.0,0.5,1.0,1.0,0.0,1.0,1.0,0.5,0.03544,0.5,1.0,1.0,0.80966,1.0,0.01344,0.0,0.0,1.0,1.0,1.0,0.80966,1.0,1.0,0.1,0.0,1.0,0.0,1.0,0.0,1.0
0.0,0.0,0.0,0.0,0.4,0.4,0.00036,0.4,0.6,0.0,1.0,0.0,0.0,0.04,0.08,0.0,0.95229,1.0,1.0,0.75556,1.0,1.0,1.0,0.89825,1.0,0.11111,0.0052,0.00094,0.4,0.0,0.82232,0.44444,0.33333,0.0,1.0,1.0,0.5,0.03544,0.5,1.0,1.0,0.80966,1.0,0.01344,0.0,0.23808,1.0,1.0,1.0,0.80966,1.0,1.0,0.1,0.0,1.0,0.0,1.0,0.0,1.0
1.0,0.5,1.0,0.5,0.4,0.5,0.00274,0.4,0.63333,0.0,1.0,0.0,1.0,0.04,0.07,0.0,0.92604,1.0,1.0,0.86667,1.0,1.0,0.0,0.75432,1.0,0.11111,0.03632,0.00659,0.4,0.0,0.82274,1.0,1.0,0.0,1.0,1.0,0.5,0.03544,0.5,1.0,1.0,0.80966,1.0,0.01344,0.0,0.0,1.0,1.0,1.0,0.80966,1.0,1.0,0.1,0.0,1.0,0.0,1.0,0.0,1.0
1.0,1.0,1.0,1.0,0.5,0.6,0.01112,0.7,0.73333,0.0,1.0,0.0,0.0,0.04,0.09,0.0,0.95052,1.0,1.0,0.73333,1.0,0.77778,0.0,0.8021,1.0,0.22222,0.04041,0.02062,0.0,0.0,0.5,1.0,0.33333,0.0,0.8,0.58097,0.41851,0.23944,0.33481,1.0,1.0,0.80966,1.0,0.01344,0.0,0.0,1.0,1.0,1.0,0.80966,1.0,1.0,0.1,0.0,1.0,0.0,1.0,0.0,1.0
0.0,0.0,0.0,0.0,0.7,0.7,0.00334,0.5,0.83333,0.0,1.0,0.0,0.0,0.02,0.11,0.0,0.97791,1.0,1.0,0.73333,0.77778,0.86667,1.0,0.79496,1.0,0.33333,0.01201,0.00604,0.0,0.0,0.5,0.55556,1.0,0.0,1.0,1.0,0.5,0.54137,0.5,1.0,1.0,0.80966,1.0,0.01344,0.0,0.0,1.0,1.0,1.0,0.33691,0.12739,1.0,0.1,0.0,1.0,0.0,1.0,0.0,1.0
0.5,0.5,0.5,0.5,0.5,0.5,0.05481,0.3,0.26667,0.0,1.0,0.0,0.0,0.21,0.09,0.98775,0.0,1.0,1.0,0.6,1.0,0.5,0.0,0.69872,1.0,0.0,0.49176,0.38252,0.0,0.0,1.0,0.88889,0.5,0.0,0.9,0.80156,0.76124,0.5,0.76124,1.0,1.0,0.5,0.5,0.5,0.0,0.0,1.0,1.0,1.0,1.0,1.0,1.0,0.1,0.0,1.0,0.0,1.0,0.0,0.5
0.0,0.5,0.0,0.5,0.3,0.5,0.04771,0.3,0.3,0.0,1.0,0.0,1.0,0.21,0.07,0.99134,0.0,0.77778,0.77778,0.71111,1.0,0.77778,0.0,0.63182,1.0,0.0,0.4502,0.34472,0.0,0.0,1.0,1.0,1.0,0.2,1.0,1.0,0.5,0.5,0.5,1.0,1.0,0.5,0.5,0.5,0.0,0.0,1.0,1.0,1.0,1.0,1.0,0.8,0.3,1.0,1.0,0.0,1.0,0.0,1.0
0.5,0.5,0.5,0.5,0.5,0.5,0.08363,0.6,0.0,0.96774,1.0,0.0,0.0,0.07,0.07,0.99961,0.0,1.0,1.0,0.93333,1.0,0.5,0.0,0.90385,1.0,0.33333,0.4723,0.30916,0.0,0.0,0.5,0.88889,0.5,0.7,1.0,1.0,0.5,0.5,0.5,1.0,1.0,0.5,0.5,0.5,0.0,0.0,1.0,1.0,1.0,1.0,0.10186,1.0,0.1,0.0,1.0,0.0,1.0,0.0,0.5
0.0,0.5,0.0,0.5,0.6,0.5,0.08363,0.6,0.0,0.9375,1.0,0.0,1.0,0.07,0.07,0.99968,0.0,1.0,1.0,0.93333,1.0,1.0,0.0,0.90385,1.0,0.33333,0.4723,0.30916,0.0,0.0,0.5,1.0,1.0,0.7,1.0,1.0,0.5,0.5,0.5,1.0,1.0,0.5,0.5,0.5,0.0,0.0,1.0,1.0,1.0,1.0,0.10186,1.0,0.1,0.0,1.0,0.0,1.0,0.0,0.33333
0.0,0.5,0.0,0.5,0.6,0.5,0.08363,0.6,0.0,0.90909,1.0,0.0,1.0,0.07,0.07,0.99974,0.0,1.0,1.0,0.93333,1.0,1.0,0.0,0.90385,1.0,0.33333,0.4723,0.30916,0.0,0.0,0.5,1.0,1.0,0.7,1.0,1.0,0.5,0.5,0.5,1.0,1.0,0.5,0.5,0.5,0.0,0.0,1.0,1.0,1.0,1.0,0.10186,1.0,0.1,0.0,1.0,0.0,1.0,0.0,0.33333
0.0,0.5,0.0,0.5,0.6,0.5,0.08363,0.6,0.0,0.88235,1.0,0.0,1.0,0.07,0.07,0.99979,0.0,1.0,1.0,0.93333,1.0,1.0,0.0,0.90385,1.0,0.33333,0.4723,0.30916,0.0,0.0,0.5,1.0,1.0,0.7,1.0,1.0,0.5,0.5,0.5,1.0,1.0,0.5,0.5,0.5,0.0,0.0,1.0,1.0,1.0,1.0,0.10186,1.0,0.1,0.0,1.0,0.0,1.0,0.0,0.33333
0.0,0.5,0.0,0.5,0.6,0.5,0.08363,0.6,0.0,0.85714,1.0,0.0,1.0,0.07,0.07,0.99983,0.0,1.0,1.0,0.93333,1.0,1.0,0.0,0.90385,1.0,0.33333,0.4723,0.30916,0.0,0.0,0.5,1.0,1.0,0.7,1.0,1.0,0.5,0.5,0.5,1.0,1.0,0.5,0.5,0.5,0.0,0.0,1.0,1.0,1.0,1.0,0.10186,1.0,0.1,0.0,1.0,0.0,1.0,0.0,0.33333
0.0,0.5,0.0,0.5,0.6,0.5,0.08363,0.6,0.0,0.83333,1.0,0.0,1.0,0.07,0.07,0.99986,0.0,1.0,1.0,0.93333,1.0,1.0,0.0,0.90385,1.0,0.33333,0.4723,0.30916,0.0,0.0,0.5,1.0,1.0,0.7,1.0,1.0,0.5,0.5,0.5,1.0,1.0,0.5,0.5,0.5,0.0,0.0,1.0,1.0,1.0,1.0,0.10186,1.0,0.1,0.0,1.0,0.0,1.0,0.0,0.33333
0.0,0.5,0.0,0.5,0.6,0.5,0.08363,0.6,0.0,0.81081,1.0,0.0,1.0,0.07,0.07,0.99989,0.0,1.0,1.0,0.93333,1.0,1.0,0.0,0.90385,1.0,0.33333,0.4723,0.30916,0.0,0.0,0.5,1.0,1.0,0.7,1.0,1.0,0.5,0.5,0.5,1.0,1.0,0.5,0.5,0.5,0.0,0.0,1.0,1.0,1.0,1.0,0.10186,1.0,0.1,0.0,1.0,0.0,1.0,0.0,0.33333
0.0,0.5,0.0,0.5,0.6,0.5,0.08363,0.6,0.0,0.78947,1.0,0.0,1.0,0.07,0.07,0.99991,0.0,1.0,1.0,0.93333,1.0,1.0,0.0,0.90385,1.0,0.33333,0.4723,0.30916,0.0,0.0,0.5,1.0,1.0,0.7,1.0,1.0,0.5,0.5,0.5,1.0,1.0,0.5,0.5,0.5,0.0,0.0,1.0,1.0,1.0,1.0,0.10186,1.0,0.1,0.0,1.0,0.0,1.0,0.0,0.33333
0.0,0.5,0.0,0.5,0.6,0.5,0.08363,0.6,0.0,0.76923,1.0,0.0,1.0,0.07,0.07,0.99993,0.0,1.0,1.0,0.93333,1.0,1.0,0.0,0.90385,1.0,0.33333,0.4723,0.30916,0.0,0.0,0.5,1.0,1.0,0.7,1.0,1.0,0.5,0.5,0.5,1.0,1.0,0.5,0.5,0.5,0.0,0.0,1.0,1.0,1.0,1.0,0.10186,1.0,0.1,0.0,1.0,0.0,1.0,0.0,0.33333
0.0,0.5,0.0,0.5,0.6,0.5,0.08363,0.6,0.0,0.75,1.0,0.0,1.0,0.07,0.07,0.99994,0.0,1.0,1.0,0.93333,1.0,1.0,0.0,0.90385,1.0,0.33333,0.4723,0.30916,0.0,0.0,0.5,1.0,1.0,0.7,1.0,1.0,0.5,0.5,0.5,1.0,1.0,0.5,0.5,0.5,0.0,0.0,1.0,1.0,1.0,1.0,0.10186,1.0,0.1,0.0,1.0,0.0,1.0,0.0,0.33333
0.5,0.5,0.5,0.5,0.5,0.5,0.10267,0.4,0.16667,0.0,1.0,0.0,0.0,0.25,0.07,0.84533,0.0,1.0,1.0,0.8,0.8,0.5,0.0,0.336,0.84,0.66667,0.90358,0.63552,0.25,0.0,0.95569,1.0,0.5,0.25,1.0,1.0,0.5,0.5,0.5,1.0,1.0,0.5,0.5,0.5,0.0,0.0,1.0,1.0,1.0,1.0,1.0,0.75,0.4,0.75,0.0,1.0,1.0,1.0,0.5
0.0,0.0,0.0,0.0,0.4,0.35,0.0,0.3,1.0,0.0,1.0,0.0,0.0,0.03,0.14,0.0,0.9986,1.0,1.0,0.97778,1.0,0.82222,1.0,0.89261,1.0,0.77778,0.0,0.0,0.0,0.0,0.5,0.66667,0.44444,0.0,1.0,1.0,0.5,0.5,0.5,1.0,1.0,0.5,0.5,0.5,0.0,0.0,1.0,1.0,1.0,1.0,1.0,1.0,0.1,0.0,1.0,0.0,1.0,0.0,1.0
1.0,1.0,1.0,1.0,0.3,0.3,0.0,0.3,0.0,0.9375,1.0,0.0,0.0,0.03,0.14,0.0,0.99894,1.0,1.0,0.97778,1.0,1.0,1.0,0.89283,1.0,0.77778,0.0,0.0,0.0,0.0,0.5,0.22222,1.0,0.0,1.0,1.0,0.5,0.5,0.5,1.0,1.0,0.5,0.5,0.5,0.0,0.0,1.0,1.0,1.0,1.0,1.0,1.0,0.1,0.0,1.0,0.0,1.0,0.0,1.0
1.0,0.5,1.0,0.5,0.3,0.5,0.0,0.3,0.0,0.90909,1.0,0.0,1.0,0.03,0.14,0.0,0.99894,1.0,1.0,0.97778,1.0,1.0,1.0,0.89335,1.0,0.77778,0.0,0.0,0.0,0.0,0.5,1.0,1.0,0.0,1.0,1.0,0.5,0.5,0.5,1.0,1.0,0.5,0.5,0.5,0.0,0.0,1.0,1.0,1.0,1.0,1.0,1.0,0.1,0.0,1.0,0.0,1.0,0.0,1.0
0.0,0.0,0.0,0.0,0.3,0.3,0.0,0.3,0.0,0.85714,1.0,0.0,0.0,0.03,0.14,0.0,0.99901,1.0,1.0,0.97778,1.0,1.0,1.0,0.89483,1.0,0.77778,0.0,0.0,0.0,0.0,0.5,0.66667,1.0,0.0,1.0,1.0,0.5,0.5,0.5,1.0,1.0,0.5,0.5,0.5,0.0,0.0,1.0,1.0,1.0,1.0,1.0,1.0,0.1,0.0,1.0,0.0,1.0,0.0,1.0
0.5,0.5,0.5,0.5,0.5,0.5,0.0325,0.6,0.7,0.0,1.0,0.0,0.0,0.08,0.07,0.99848,0.0,0.84444,1.0,0.64444,1.0,0.5,1.0,0.9718,1.0,0.55556,0.17139,0.09373,0.0,0.0,1.0,1.0,0.5,0.7,1.0,1.0,0.5,0.5,0.5,1.0,1.0,0.5,0.5,0.5,0.0,0.0,1.0,1.0,1.0,1.0,0.33832,1.0,0.1,0.0,1.0,0.0,1.0,0.0,0.5
0.0,0.0,0.0,0.0,0.6,0.6,0.00501,0.7,0.83333,0.0,1.0,0.0,0.0,0.05,0.11,0.98488,0.0,1.0,1.0,0.71111,0.95556,0.88889,0.0,0.74746,1.0,0.66667,0.01675,0.00845,0.0,0.0,1.0,1.0,1.0,0.0,0.9,0.99982,1.0,0.38629,1.0,1.0,0.83333,0.5,0.5,0.5,0.0,0.0,1.0,1.0,1.0,0.02064,0.45203,1.0,0.1,0.0,1.0,0.0,1.0,0.0,0.66667
0.0,0.5,1.0,0.5,0.7,0.5,0.00504,0.7,0.86667,0.0,1.0,0.0,1.0,0.05,0.11,0.0,0.98534,1.0,1.0,0.71111,1.0,1.0,1.0,0.88351,1.0,0.88889,0.06532,0.02507,0.33333,0.0,0.5625,1.0,0.55556,0.0,0.9,0.99983,1.0,1.0,1.0,1.0,0.83333,0.5,0.5,0.5,0.0,0.0,1.0,1.0,1.0,0.02064,0.45203,1.0,0.1,0.0,1.0,0.0,1.0,0.0,1.0
1.0,0.5,1.0,0.5,0.7,0.5,0.00632,0.7,0.9,0.0,1.0,0.0,1.0,0.04,0.11,0.0,0.97236,1.0,1.0,0.75556,1.0,1.0,0.0,0.8019,1.0,0.88889,0.10323,0.03943,0.33333,0.0,0.5625,1.0,1.0,0.0,1.0,1.0,0.5,1.0,0.5,1.0,1.0,0.5,0.5,0.5,0.0,0.0,1.0,1.0,1.0,0.02064,0.45203,1.0,0.1,0.0,1.0,0.0,1.0,0.0,1.0
1.0,0.5,1.0,0.5,0.7,0.5,0.00794,0.7,0.93333,0.0,1.0,0.0,1.0,0.04,0.11,0.0,0.96595,1.0,1.0,0.75556,1.0,1.0,0.0,0.74223,1.0,0.88889,0.15984,0.06209,0.33333,0.0,0.5625,1.0,1.0,0.0,1.0,1.0,0.5,1.0,0.5,1.0,1.0,0.5,0.5,0.5,0.0,0.0,1.0,1.0,1.0,0.02064,0.45203,1.0,0.1,0.0,1.0,0.0,1.0,0.0,1.0
1.0,0.5,1.0,0.5,0.7,0.5,0.00938,0.7,0.96667,0.0,1.0,0.0,1.0,0.04,0.11,0.0,0.9631,1.0,1.0,0.75556,1.0,1.0,0.0,0.69599,1.0,0.88889,0.22983,0.0919,0.33333,0.0,0.5625,1.0,1.0,0.05,1.0,1.0,0.5,1.0,0.5,1.0,1.0,0.5,0.5,0.5,0.0,0.0,1.0,1.0,1.0,0.02064,0.45203,1.0,0.1,0.0,1.0,0.0,1.0,0.0,1.0
0.5,0.5,0.5,0.5,0.5,0.5,0.0032,0.2,0.6,0.0,1.0,0.0,0.0,0.12,0.01,0.99973,0.0,1.0,0.95556,0.95556,1.0,0.5,0.0,0.67988,1.0,0.33333,0.05697,0.03165,0.0,0.0,0.66667,0.44444,0.5,0.7,1.0,1.0,0.5,0.5,0.5,1.0,1.0,0.5,0.5,0.5,0.0,0.0,1.0,1.0,1.0,0.5,0.5,1.0,0.1,0.0,1.0,1.0,1.0,0.0,0.5
0.0,0.0,0.0,0.0,0.3,0.3,0.00285,0.3,0.66667,0.0,1.0,0.0,0.0,0.11,0.01,0.0,0.98907,1.0,0.97778,0.93333,1.0,0.97778,0.0,0.6129,1.0,0.11111,0.0616,0.03178,0.0,0.0,0.96011,0.55556,0.88889,0.7,1.0,1.0,0.5,0.5,0.5,1.0,1.0,0.5,0.5,0.5,0.0,0.0,1.0,1.0,1.0,0.5,0.5,1.0,0.1,0.0,1.0,1.0,1.0,0.0,0.11111
0.0,0.0,0.0,0.0,0.2,0.2,0.00247,0.2,0.73333,0.0,1.0,0.0,0.0,0.11,0.01,0.0,0.98642,1.0,0.97778,0.93333,1.0,1.0,0.0,0.59767,1.0,0.11111,0.0616,0.03178,0.0,0.0,0.95839,0.55556,1.0,0.7,1.0,1.0,0.5,0.5,0.5,1.0,1.0,0.5,0.5,0.5,0.0,0.0,1.0,1.0,1.0,0.5,0.5,1.0,0.1,0.0,1.0,1.0,1.0,0.0,0.11111
0.0,0.0,0.0,0.0,0.3,0.3,0.0021,0.3,0.8,0.0,1.0,0.0,0.0,0.1,0.01,0.0,0.98587,1.0,0.97778,0.93333,1.0,1.0,0.0,0.58316,1.0,0.11111,0.0616,0.03178,0.0,0.0,0.95728,0.55556,1.0,0.7,1.0,1.0,0.5,0.5,0.5,1.0,1.0,0.5,0.5,0.5,0.0,0.0,1.0,1.0,1.0,0.5,0.5,1.0,0.1,0.0,1.0,1.0,1.0,0.0,0.22222
0.0,0.0,0.0,0.0,0.2,0.2,0.00046,0.2,0.86667,0.0,1.0,0.0,0.0,0.1,0.02,0.0,0.98649,1.0,1.0,0.93333,1.0,0.95556,1.0,0.99314,1.0,0.11111,0.00453,0.00114,0.33333,0.0,0.62228,0.55556,0.55556,0.0,1.0,1.0,0.5,0.39077,0.5,1.0,1.0,0.5,0.5,0.5,0.0,0.0,1.0,1.0,1.0,0.5,0.5,1.0,0.1,0.0,1.0,1.0,1.0,0.0,0.11111
0.5,0.5,0.5,0.5,0.5,0.5,0.0468,0.33333,0.03333,0.0,0.0,0.66667,0.0,0.06667,0.0,0.5,0.5,0.5,0.5,0.5,0.5,0.5,0.5,0.0,0.0,0.35714,0.67584,0.46632,0.2,0.0,0.0,0.5,0.5,0.5,1.0,1.0,0.5,0.5,0.5,1.0,1.0,0.5,0.5,0.5,0.5,0.5,1.0,0.5,0.5,0.5,0.5,0.5,0.4,1.0,1.0,1.0,1.0,0.5,0.5
1.0,0.5,1.0,0.5,0.33333,0.5,0.0489,0.33333,0.06667,0.0,0.0,0.66667,1.0,0.15556,0.0,0.5,0.5,0.84762,0.91429,1.0,1.0,0.84762,1.0,0.62756,1.0,0.0,0.926,0.5497,0.4,0.0,0.73505,1.0,0.42857,0.7,1.0,1.0,0.5,0.5,0.5,1.0,1.0,0.5,0.5,0.5,0.5,0.5,1.0,1.0,1.0,0.5,0.5,0.3,0.2,0.4,1.0,1.0,1.0,0.2,1.0
0.5,0.5,0.5,0.5,0.5,0.5,0.08484,0.8,0.2,0.0,0.0,0.66667,0.0,0.48889,0.0,0.90173,0.0,1.0,1.0,1.0,1.0,0.5,0.0,0.63758,1.0,0.07143,1.0,1.0,1.0,0.0,0.87734,1.0,0.5,0.7,1.0,1.0,0.5,0.5,0.5,1.0,1.0,0.5,0.5,0.5,0.0,0.0,1.0,1.0,1.0,0.5,0.5,0.3,0.26667,0.75,0.33333,1.0,1.0,1.0,0.5
0.0,0.0,0.0,0.0,0.66667,0.6,0.07411,0.6,0.26667,0.0,0.0,0.66667,0.0,0.53778,0.0,0.91434,0.0,1.0,1.0,1.0,1.0,1.0,0.0,0.62298,1.0,0.07143,1.0,0.88737,0.75,0.0,0.90595,1.0,1.0,0.7,1.0,1.0,0.5,0.5,0.5,1.0,1.0,0.5,0.5,0.5,0.0,0.0,1.0,1.0,1.0,0.5,0.5,0.3,0.33333,1.0,0.25,1.0,1.0,1.0,1.0
1.0,0.5,0.0,0.5,0.6,0.5,0.07271,0.6,0.3,0.0,0.0,0.66667,1.0,0.52444,0.0,0.93766,0.0,1.0,1.0,1.0,1.0,1.0,0.0,0.61146,1.0,0.0,1.0,0.83811,0.8,0.0,0.88168,1.0,0.92857,0.7,1.0,1.0,0.5,0.5,0.5,1.0,1.0,0.5,0.5,0.5,0.0,0.0,1.0,1.0,1.0,0.5,0.5,0.3,0.26667,0.6,0.66667,1.0,1.0,0.8,1.0
1.0,0.5,0.0,0.5,0.6,0.5,0.07262,0.6,0.33333,0.0,0.0,0.66667,1.0,0.50222,0.0,0.95397,0.0,1.0,1.0,1.0,1.0,1.0,0.0,0.60605,1.0,0.07143,1.0,0.8187,0.75,0.0,0.93354,1.0,0.92857,0.7,1.0,1.0,0.5,0.5,0.5,1.0,1.0,0.5,0.5,0.5,0.0,0.0,1.0,1.0,1.0,0.5,0.5,0.3,0.33333,1.0,0.75,1.0,1.0,0.75,1.0
1.0,0.5,0.0,0.5,0.6,0.5,0.07257,0.6,0.36667,0.0,0.0,0.66667,1.0,0.51111,0.0,0.96784,0.0,1.0,1.0,1.0,1.0,1.0,0.0,0.59292,1.0,0.07143,1.0,0.8007,0.75,0.0,0.94548,1.0,1.0,0.7,1.0,1.0,0.5,0.5,0.5,1.0,1.0,0.5,0.5,0.5,0.0,0.0,1.0,1.0,1.0,0.5,0.5,0.3,0.33333,1.0,0.75,1.0,1.0,1.0,1.0
1.0,0.5,0.0,0.5,0.6,0.5,0.07073,0.6,0.4,0.0,0.0,0.66667,1.0,0.50222,0.0,0.97621,0.0,1.0,1.0,1.0,1.0,1.0,0.0,0.58375,1.0,0.0,1.0,0.7909,0.8,0.0,0.92404,1.0,0.92857,0.7,1.0,1.0,0.5,0.5,0.5,1.0,1.0,0.5,0.5,0.5,0.0,0.0,1.0,1.0,1.0,0.5,0.5,0.3,0.33333,0.8,0.75,1.0,1.0,0.8,1.0
1.0,0.5,0.0,0.5,0.6,0.5,0.06989,0.6,0.43333,0.0,0.0,0.66667,1.0,0.48889,0.0,0.98397,0.0,1.0,1.0,1.0,1.0,1.0,0.0,0.57373,1.0,0.0,1.0,0.78396,0.8,0.0,0.93079,1.0,1.0,0.7,1.0,1.0,0.5,0.5,0.5,1.0,1.0,0.5,0.5,0.5,0.0,0.0,1.0,1.0,1.0,0.5,0.5,0.3,0.33333,0.8,1.0,1.0,1.0,0.8,1.0
0.5,0.5,0.5,0.5,0.5,0.5,0.02344,0.06667,0.06667,0.0,0.0,0.66667,0.0,0.48889,0.0,0.5,0.5,0.34286,0.65714,1.0,1.0,0.5,1.0,0.99479,1.0,0.57143,0.34827,0.26017,0.0,0.0,0.91002,0.42857,0.5,0.7,1.0,1.0,0.5,0.5,0.5,1.0,1.0,0.5,0.5,0.5,0.5,0.5,1.0,1.0,1.0,0.5,0.5,0.3,0.33333,0.8,1.0,1.0,1.0,0.0,0.5
0.0,1.0,0.0,0.0,0.06667,0.06667,0.00887,0.06667,0.33333,0.0,0.0,0.66667,0.0,0.40889,0.03111,0.77459,0.0,1.0,1.0,1.0,1.0,0.52381,0.0,0.94604,1.0,0.14286,0.14247,0.10023,0.0,0.0,0.9932,0.85714,0.85714,0.0,0.93333,0.91561,1.0,0.5,1.0,1.0,1.0,0.5,0.5,0.5,0.0,0.0,1.0,1.0,1.0,0.15946,0.44639,1.0,0.06667,0.0,1.0,0.0,1.0,0.6,1.0
1.0,0.5,1.0,0.5,0.06667,0.5,0.00906,0.06667,0.36667,0.0,0.0,0.66667,1.0,0.40889,0.03111,0.87993,0.0,1.0,1.0,1.0,1.0,1.0,1.0,0.95061,1.0,0.14286,0.14467,0.10227,0.0,0.0,0.99383,1.0,1.0,0.53333,1.0,1.0,0.5,0.5,0.5,1.0,1.0,0.5,0.5,0.5,0.0,0.0,1.0,1.0,1.0,0.15946,0.44639,0.46667,0.26667,0.6,0.66667,1.0,1.0,0.0,1.0
1.0,0.5,0.0,0.5,0.06667,0.5,0.00897,0.06667,0.4,0.0,0.0,0.66667,1.0,0.41333,0.03111,0.94941,0.0,1.0,1.0,1.0,1.0,1.0,1.0,0.96433,1.0,0.14286,0.14066,0.09801,0.0,0.0,0.9935,1.0,1.0,0.7,1.0,1.0,0.5,0.5,0.5,1.0,1.0,0.5,0.5,0.5,0.0,0.0,1.0,1.0,1.0,0.15946,0.44639,0.3,0.26667,0.6,0.66667,1.0,1.0,0.6,1.0
0.0,0.5,0.0,0.5,0.06667,0.5,0.00777,0.06667,0.43333,0.0,0.0,0.66667,1.0,0.41333,0.03111,0.99413,0.0,1.0,1.0,1.0,1.0,1.0,0.0,0.95603,1.0,0.14286,0.12321,0.08709,0.0,0.0,0.99419,1.0,1.0,0.7,1.0,1.0,0.5,0.5,0.5,1.0,1.0,0.5,0.5,0.5,0.0,0.0,1.0,1.0,1.0,0.15946,0.44639,0.3,0.26667,0.6,0.66667,1.0,1.0,0.6,1.0
0.0,0.0,0.0,0.0,0.06667,0.06667,0.00549,0.06667,0.53333,0.0,0.0,0.66667,0.0,0.4,0.03111,0.99778,0.0,1.0,1.0,1.0,1.0,1.0,1.0,0.76823,1.0,0.21429,0.09582,0.06152,0.0,0.0,0.99144,0.71429,0.92857,0.53333,0.8,0.84761,1.0,0.5,0.3553,1.0,1.0,0.5,0.5,0.5,0.0,0.0,1.0,1.0,1.0,0.07183,0.86789,0.46667,0.26667,0.75,0.33333,1.0,1.0,0.0,1.0
0.0,0.0,0.0,0.0,0.06667,0.06667,0.00304,0.06667,0.6,0.0,0.0,0.66667,0.0,0.4,0.03111,0.99904,0.0,1.0,1.0,1.0,1.0,1.0,1.0,0.93737,1.0,0.14286,0.04931,0.03424,0.0,0.0,0.99582,0.85714,0.92857,0.4,1.0,1.0,0.5,0.5041,0.5,1.0,1.0,0.5,0.5,0.5,0.0,0.0,1.0,1.0,1.0,0.07183,0.86789,0.6,0.2,0.4,0.0,1.0,1.0,0.0,1.0
0.0,0.5,0.0,0.5,0.06667,0.5,0.0024,0.06667,0.63333,0.0,0.0,0.66667,1.0,0.4,0.03111,0.99995,0.0,1.0,1.0,1.0,1.0,1.0,0.0,0.76017,1.0,0.21429,0.0425,0.02775,0.0,0.0,0.99362,1.0,0.92857,0.63333,1.0,1.0,0.5,0.5041,0.5,1.0,1.0,0.5,0.5,0.5,0.0,0.0,1.0,1.0,1.0,0.07183,0.86789,0.36667,0.2,0.5,0.0,1.0,1.0,0.5,1.0
0.5,0.5,0.5,0.5,0.5,0.5,0.07435,0.66667,0.1,0.0,0.0,0.66667,0.0,0.07556,0.0,0.9691,0.0,1.0,0.9619,1.0,1.0,0.5,0.0,0.71366,1.0,0.07143,0.90448,0.60466,0.5,0.0,0.44444,0.85714,0.5,0.7,1.0,1.0,0.5,0.5,0.5,1.0,1.0,0.5,0.5,0.5,0.0,0.0,1.0,1.0,1.0,0.5,0.5,0.3,0.2,1.0,0.0,1.0,1.0,1.0,0.5
0.0,0.5,0.0,0.5,0.6,0.5,0.06359,0.6,0.13333,0.0,0.0,0.66667,1.0,0.07556,0.0,0.97614,0.0,0.97143,0.9619,1.0,1.0,0.97143,0.0,0.60598,1.0,0.07143,1.0,1.0,1.0,1.0,0.44444,1.0,0.85714,0.7,1.0,1.0,0.5,0.5,0.5,1.0,1.0,0.5,0.5,0.5,0.0,0.0,1.0,1.0,1.0,0.5,0.5,0.3,0.2,1.0,0.0,1.0,1.0,0.5,1.0
0.5,0.5,0.5,0.5,0.5,0.5,0.1026,0.8,0.06667,0.0,0.0,0.66667,0.0,0.33333,0.0,0.5,0.5,0.25714,0.87619,1.0,1.0,0.5,1.0,0.92138,1.0,0.57143,1.0,0.88082,0.75,0.0,0.66869,0.35714,0.5,0.7,1.0,1.0,0.5,0.5,0.5,1.0,1.0,0.5,0.5,0.5,0.5,0.5,1.0,1.0,1.0,0.5,0.5,0.3,0.2,0.5,0.5,1.0,1.0,1.0,0.5
1.0,0.5,0.0,0.5,0.73333,0.5,0.10124,0.73333,0.1,0.0,0.0,0.66667,1.0,0.23556,0.00444,0.3303,0.0,1.0,1.0,1.0,1.0,1.0,1.0,0.9578,1.0,0.57143,1.0,0.79418,0.5,0.0,0.78199,1.0,0.85714,0.7,1.0,1.0,0.5,0.5,0.5,1.0,1.0,0.5,0.5,0.5,0.0,0.0,1.0,1.0,1.0,0.5,0.5,0.3,0.26667,0.75,0.33333,1.0,1.0,0.5,1.0
1.0,0.5,1.0,0.5,0.73333,0.5,0.10456,0.73333,0.13333,0.0,0.0,0.66667,1.0,0.23111,0.00889,0.72333,0.0,1.0,1.0,1.0,1.0,1.0,0.0,0.94497,1.0,0.57143,1.0,0.79687,0.5,0.0,0.83966,1.0,1.0,0.7,1.0,1.0,0.5,0.5,0.5,1.0,1.0,0.5,0.5,0.5,0.0,0.0,1.0,1.0,1.0,0.5,0.5,0.3,0.26667,0.75,0.0,1.0,1.0,0.75,1.0
1.0,0.5,1.0,0.5,0.73333,0.5,0.10556,0.73333,0.16667,0.0,0.0,0.66667,1.0,0.22222,0.01333,0.84981,0.0,1.0,1.0,1.0,1.0,1.0,1.0,0.97454,1.0,0.64286,1.0,0.80488,0.33333,0.0,0.87857,1.0,0.92857,0.7,1.0,1.0,0.5,0.5,0.5,1.0,1.0,0.5,0.5,0.5,0.0,0.0,1.0,1.0,1.0,0.5,0.5,0.3,0.26667,1.0,0.0,1.0,1.0,1.0,1.0
1.0,0.5,1.0,0.5,0.73333,0.5,0.10942,0.73333,0.2,0.0,0.0,0.66667,1.0,0.20889,0.01778,0.90596,0.0,1.0,1.0,1.0,1.0,1.0,0.0,0.91088,1.0,0.57143,1.0,0.81998,0.5,0.0,0.88253,1.0,0.92857,0.7,1.0,1.0,0.5,0.5,0.5,1.0,1.0,0.5,0.5,0.5,0.0,0.0,1.0,1.0,1.0,0.5,0.5,0.3,0.26667,0.75,0.0,1.0,1.0,0.75,1.0
1.0,0.5,1.0,0.5,0.73333,0.5,0.11589,0.73333,0.23333,0.0,0.0,0.66667,1.0,0.17778,0.03111,0.93633,0.0,1.0,1.0,1.0,1.0,1.0,1.0,0.93434,1.0,0.64286,1.0,0.8272,0.33333,0.0,0.89816,1.0,0.92857,0.7,1.0,1.0,0.5,0.5,0.5,1.0,1.0,0.5,0.5,0.5,0.0,0.0,1.0,1.0,1.0,0.5,0.5,0.3,0.26667,1.0,0.33333,1.0,1.0,1.0,1.0
1.0,0.5,1.0,0.5,0.86667,0.5,0.12193,0.86667,0.26667,0.0,0.0,0.66667,1.0,0.15111,0.04,0.98983,0.0,1.0,1.0,1.0,1.0,1.0,1.0,0.96699,1.0,0.64286,1.0,0.85783,0.66667,0.0,0.91854,1.0,0.85714,0.7,1.0,1.0,0.5,0.5,0.5,1.0,1.0,0.5,0.5,0.5,0.0,0.0,1.0,1.0,1.0,0.5,0.5,0.3,0.2,0.66667,1.0,1.0,1.0,0.66667,1.0
1.0,0.5,1.0,0.5,1.0,0.5,0.13371,1.0,0.3,0.0,0.0,0.66667,1.0,0.14222,0.04444,0.99093,0.0,0.79048,0.99048,0.65714,1.0,0.79048,0.0,0.72613,1.0,0.28571,1.0,1.0,1.0,0.0,0.90966,1.0,0.78571,0.7,1.0,1.0,0.5,0.5,0.5,1.0,1.0,0.5,0.5,0.5,1.0,0.0,0.46667,1.0,1.0,0.5,0.5,0.83333,0.2,0.33333,1.0,1.0,1.0,0.33333,1.0
1.0,0.5,1.0,0.5,0.93333,0.5,0.15051,0.93333,0.33333,0.0,0.0,0.66667,1.0,0.17778,0.06222,0.0,0.99982,0.88571,0.88571,0.88571,1.0,0.88571,1.0,0.90846,1.0,0.57143,1.0,0.99531,0.66667,0.0,0.93999,1.0,0.78571,0.7,1.0,1.0,0.5,0.5,0.5,1.0,1.0,1.0,0.66939,0.5,0.0,1.0,1.0,1.0,1.0,1.0,0.66939,0.3,0.2,0.66667,0.5,0.0,1.0,0.66667,1.0
1.0,0.5,0.0,0.5,0.86667,0.5,0.14447,0.86667,0.36667,0.0,0.0,0.66667,1.0,0.22222,0.04889,0.0,0.97929,0.88571,1.0,1.0,1.0,0.88571,1.0,0.93811,1.0,0.57143,0.96716,0.90925,0.0,0.0,0.95427,1.0,0.92857,0.7,1.0,1.0,0.5,0.5,0.5,1.0,1.0,1.0,0.66939,1.0,0.0,0.0,1.0,1.0,1.0,1.0,0.66939,0.3,0.2,1.0,1.0,0.0,1.0,1.0,1.0
1.0,0.5,1.0,0.5,0.86667,0.5,0.14969,0.86667,0.4,0.0,0.0,0.66667,1.0,0.25333,0.05333,0.0,0.98717,1.0,1.0,0.90476,1.0,1.0,0.0,0.91802,1.0,0.57143,0.96517,0.92787,0.0,0.0,0.95918,1.0,1.0,0.7,1.0,1.0,0.5,0.5,0.5,1.0,1.0,1.0,0.66939,1.0,0.0,0.0,1.0,1.0,1.0,1.0,0.66939,0.3,0.2,1.0,1.0,0.0,1.0,1.0,1.0
1.0,0.5,1.0,0.5,0.86667,0.5,0.15153,0.86667,0.43333,0.0,0.0,0.66667,1.0,0.25333,0.05333,0.0,0.99195,1.0,0.98095,0.90476,1.0,1.0,0.0,0.90385,1.0,0.57143,0.95056,0.91076,0.0,0.0,0.96159,1.0,1.0,0.7,1.0,1.0,0.5,0.5,0.5,1.0,1.0,1.0,0.66939,1.0,0.0,0.0,1.0,1.0,1.0,1.0,0.66939,0.3,0.2,1.0,1.0,0.0,1.0,1.0,1.0
1.0,0.5,0.0,0.5,0.86667,0.5,0.14943,0.86667,0.46667,0.0,0.0,0.66667,1.0,0.25333,0.05333,0.0,0.99711,1.0,0.98095,0.90476,1.0,1.0,0.0,0.89274,1.0,0.57143,0.91692,0.85596,0.0,0.0,0.96397,1.0,1.0,0.7,1.0,1.0,0.5,0.5,0.5,1.0,1.0,1.0,0.66939,1.0,0.0,0.0,1.0,1.0,1.0,1.0,0.66939,0.3,0.2,1.0,1.0,0.0,1.0,1.0,1.0
1.0,0.5,0.0,0.5,0.86667,0.5,0.14885,0.86667,0.5,0.0,0.0,0.66667,1.0,0.24444,0.05333,0.0,0.99969,1.0,0.98095,1.0,1.0,1.0,0.0,0.88321,1.0,0.57143,0.89565,0.82654,0.0,0.0,0.96689,1.0,1.0,0.7,1.0,1.0,0.5,0.5,0.5,1.0,1.0,1.0,0.66939,1.0,0.0,0.0,1.0,1.0,1.0,1.0,0.66939,0.3,0.2,1.0,1.0,0.0,1.0,1.0,1.0
1.0,0.5,1.0,0.5,0.86667,0.5,0.149,0.86667,0.53333,0.0,0.0,0.66667,1.0,0.23556,0.05333,0.99952,0.0,1.0,0.98095,1.0,1.0,1.0,0.0,0.87587,1.0,0.57143,0.88234,0.81749,0.0,0.0,0.96872,1.0,1.0,0.7,1.0,1.0,0.5,0.5,0.5,1.0,1.0,1.0,0.66939,1.0,0.0,0.0,1.0,1.0,1.0,1.0,0.66939,0.3,0.2,1.0,1.0,0.0,1.0,1.0,1.0
1.0,0.5,1.0,0.5,0.86667,0.5,0.14925,0.86667,0.56667,0.0,0.0,0.66667,1.0,0.23111,0.05333,0.0,0.99876,1.0,0.98095,1.0,1.0,1.0,0.0,0.86916,1.0,0.57143,0.87073,0.81006,0.0,0.0,0.97011,1.0,1.0,0.7,1.0,1.0,0.5,0.5,0.5,1.0,1.0,1.0,0.66939,1.0,0.0,0.0,1.0,1.0,1.0,1.0,0.66939,0.3,0.2,1.0,1.0,0.0,1.0,1.0,1.0
1.0,0.5,0.0,0.5,0.86667,0.5,0.14674,0.86667,0.6,0.0,0.0,0.66667,1.0,0.23111,0.05333,0.0,0.99826,1.0,1.0,1.0,1.0,1.0,1.0,0.87069,1.0,0.57143,0.85539,0.78219,0.0,0.0,0.97141,1.0,1.0,0.7,1.0,1.0,0.5,0.5,0.5,1.0,1.0,1.0,0.66939,1.0,0.0,0.0,1.0,1.0,1.0,1.0,0.66939,0.3,0.2,1.0,1.0,0.0,1.0,1.0,1.0
1.0,0.5,0.0,0.5,0.86667,0.5,0.1458,0.86667,0.63333,0.0,0.0,0.66667,1.0,0.23111,0.04889,0.0,0.99711,1.0,1.0,1.0,1.0,1.0,0.0,0.86807,1.0,0.57143,0.84332,0.75499,0.0,0.0,0.97393,1.0,1.0,0.7,1.0,1.0,0.5,0.5,0.5,1.0,1.0,1.0,0.66939,1.0,0.0,0.0,1.0,1.0,1.0,1.0,0.66939,0.3,0.2,1.0,1.0,0.0,1.0,1.0,1.0
1.0,0.5,0.0,0.5,0.86667,0.5,0.14268,0.86667,0.66667,0.0,0.0,0.66667,1.0,0.23111,0.04889,0.0,0.99662,1.0,1.0,1.0,1.0,1.0,0.0,0.59595,1.0,0.28571,1.0,0.7407,0.66667,0.0,0.96806,1.0,0.71429,0.7,1.0,1.0,0.5,0.5,0.5,1.0,1.0,1.0,0.66939,1.0,0.0,0.0,1.0,1.0,1.0,1.0,0.66939,0.3,0.2,0.33333,1.0,0.0,1.0,0.33333,1.0
0.5,0.5,0.5,0.5,0.5,0.5,0.09503,0.93333,0.2,0.0,0.0,0.66667,0.0,0.52889,0.01778,0.87691,0.0,1.0,1.0,1.0,1.0,0.5,0.0,0.69437,1.0,0.07143,1.0,0.95781,0.83333,0.0,0.97659,0.85714,0.5,0.7,1.0,1.0,0.5,0.5,0.5,1.0,1.0,0.5,0.5,0.5,0.0,0.0,1.0,1.0,1.0,0.5,0.5,0.3,0.46667,1.0,0.5,1.0,1.0,0.83333,0.5
1.0,0.5,1.0,0.5,0.93333,0.5,0.09519,0.93333,0.23333,0.0,0.0,0.66667,1.0,0.46667,0.02222,0.90752,0.0,1.0,1.0,1.0,1.0,1.0,0.0,0.67428,1.0,0.07143,1.0,0.91247,0.83333,0.0,0.9783,1.0,1.0,0.7,1.0,1.0,0.5,0.5,0.5,1.0,1.0,0.5,0.5,0.5,0.0,0.0,1.0,1.0,1.0,0.5,0.5,0.3,0.46667,1.0,0.83333,1.0,1.0,1.0,1.0
1.0,0.5,1.0,0.5,0.86667,0.5,0.09641,0.86667,0.26667,0.0,0.0,0.66667,1.0,0.42222,0.02222,0.96628,0.0,1.0,1.0,1.0,1.0,1.0,0.0,0.66705,1.0,0.07143,1.0,0.91717,0.66667,1.0,0.9821,1.0,1.0,0.7,1.0,1.0,0.5,0.5,0.5,1.0,1.0,0.5,0.5,0.5,0.0,0.0,1.0,1.0,1.0,0.5,0.5,0.3,0.46667,1.0,1.0,1.0,1.0,1.0,1.0
1.0,0.5,1.0,0.5,0.86667,0.5,0.09878,0.86667,0.3,0.0,0.0,0.66667,1.0,0.40444,0.02222,0.97013,0.0,1.0,1.0,1.0,1.0,1.0,0.0,0.65295,1.0,0.07143,1.0,0.91975,0.66667,0.0,0.98617,1.0,1.0,0.7,1.0,1.0,0.5,0.5,0.5,1.0,1.0,0.5,0.5,0.5,0.0,0.0,1.0,1.0,1.0,0.5,0.5,0.3,0.4,0.83333,1.0,1.0,1.0,1.0,1.0
1.0,0.5,0.0,0.5,0.8,0.5,0.09712,0.8,0.33333,0.0,0.0,0.66667,1.0,0.41333,0.02222,0.97688,0.0,1.0,1.0,1.0,1.0,1.0,0.0,0.6465,1.0,0.07143,1.0,0.90006,0.5,0.0,0.98878,1.0,1.0,0.7,1.0,1.0,0.5,0.5,0.5,1.0,1.0,0.5,0.5,0.5,0.0,0.0,1.0,1.0,1.0,0.5,0.5,0.3,0.4,0.83333,1.0,1.0,1.0,0.83333,1.0
1.0,0.5,0.0,0.5,0.73333,0.5,0.09466,0.73333,0.36667,0.0,0.0,0.66667,1.0,0.4,0.02222,0.98188,0.0,1.0,1.0,1.0,1.0,1.0,0.0,0.64091,1.0,0.07143,1.0,0.88865,0.5,0.0,0.99021,1.0,1.0,0.7,1.0,1.0,0.5,0.5,0.5,1.0,1.0,0.5,0.5,0.5,0.0,0.0,1.0,1.0,1.0,0.5,0.5,0.3,0.46667,1.0,1.0,1.0,1.0,0.83333,1.0
1.0,0.5,0.0,0.5,0.73333,0.5,0.09428,0.73333,0.4,0.0,0.0,0.66667,1.0,0.39556,0.02222,0.98575,0.0,1.0,1.0,1.0,1.0,1.0,0.0,0.63426,1.0,0.07143,1.0,0.8834,0.5,0.0,0.99226,1.0,1.0,0.7,1.0,1.0,0.5,0.5,0.5,1.0,1.0,0.5,0.5,0.5,0.0,0.0,1.0,1.0,1.0,0.5,0.5,0.3,0.46667,1.0,1.0,1.0,1.0,1.0,1.0
1.0,0.5,0.0,0.5,0.73333,0.5,0.09394,0.73333,0.43333,0.0,0.0,0.66667,1.0,0.39111,0.02222,0.9886,0.0,1.0,1.0,1.0,1.0,1.0,1.0,0.64459,1.0,0.07143,1.0,0.87537,0.5,0.0,0.9954,1.0,1.0,0.7,1.0,1.0,0.5,0.5,0.5,1.0,1.0,0.5,0.5,0.5,0.0,0.0,1.0,1.0,1.0,0.5,0.5,0.3,0.46667,1.0,1.0,1.0,1.0,1.0,1.0
1.0,0.5,0.0,0.5,0.73333,0.5,0.09197,0.73333,0.46667,0.0,0.0,0.66667,1.0,0.38222,0.02222,0.99063,0.0,1.0,1.0,1.0,1.0,1.0,1.0,0.64804,1.0,0.07143,1.0,0.86983,0.5,0.0,0.99581,1.0,1.0,0.7,1.0,1.0,0.5,0.5,0.5,1.0,1.0,0.5,0.5,0.5,0.0,0.0,1.0,1.0,1.0,0.5,0.5,0.3,0.46667,1.0,1.0,1.0,1.0,1.0,1.0
1.0,0.5,0.0,0.5,0.73333,0.5,0.09144,0.73333,0.5,0.0,0.0,0.66667,1.0,0.37778,0.02222,0.99257,0.0,1.0,1.0,1.0,1.0,1.0,1.0,0.65084,1.0,0.07143,1.0,0.86172,0.5,0.0,0.99578,1.0,1.0,0.7,1.0,1.0,0.5,0.5,0.5,1.0,1.0,0.5,0.5,0.5,0.0,0.0,1.0,1.0,1.0,0.5,0.5,0.3,0.46667,1.0,1.0,1.0,1.0,1.0,1.0
1.0,0.5,0.0,0.5,0.73333,0.5,0.09059,0.73333,0.53333,0.0,0.0,0.66667,1.0,0.36889,0.02222,0.99387,0.0,1.0,1.0,1.0,1.0,1.0,0.0,0.6498,1.0,0.07143,1.0,0.85248,0.5,0.0,0.99609,1.0,1.0,0.7,1.0,1.0,0.5,0.5,0.5,1.0,1.0,0.5,0.5,0.5,0.0,0.0,1.0,1.0,1.0,0.5,0.5,0.3,0.46667,1.0,1.0,1.0,1.0,1.0,1.0
1.0,0.5,0.0,0.5,0.66667,0.5,0.09018,0.66667,0.56667,0.0,0.0,0.66667,1.0,0.35556,0.02222,0.99496,0.0,0.92381,0.92381,1.0,1.0,0.92381,1.0,0.69874,1.0,0.07143,0.9639,0.83288,0.2,1.0,0.99797,1.0,0.92857,0.7,1.0,1.0,0.5,0.5,0.5,1.0,1.0,0.5,0.5,0.5,0.0,0.0,1.0,1.0,1.0,0.5,0.5,0.3,0.4,1.0,1.0,1.0,1.0,1.0,1.0
1.0,0.5,1.0,0.5,0.66667,0.5,0.09028,0.66667,0.6,0.0,0.0,0.66667,1.0,0.34667,0.02222,0.99601,0.0,1.0,1.0,1.0,1.0,1.0,0.0,0.68567,1.0,0.07143,0.95206,0.82324,0.2,0.0,0.99831,1.0,1.0,0.7,1.0,1.0,0.5,0.5,0.5,1.0,1.0,0.5,0.5,0.5,0.0,0.0,1.0,1.0,1.0,0.5,0.5,0.3,0.4,1.0,1.0,1.0,1.0,1.0,1.0
1.0,0.5,0.0,0.5,0.66667,0.5,0.08852,0.66667,0.63333,0.0,0.0,0.66667,1.0,0.33333,0.02222,0.99833,0.0,1.0,0.92381,1.0,1.0,1.0,1.0,0.68833,1.0,0.07143,0.93178,0.79928,0.2,0.0,0.99847,1.0,1.0,0.7,1.0,1.0,0.5,0.5,0.5,1.0,1.0,0.5,0.5,0.5,0.0,0.0,1.0,1.0,1.0,0.5,0.5,0.3,0.4,1.0,1.0,1.0,1.0,1.0,1.0
1.0,0.5,0.0,0.5,0.66667,0.5,0.08808,0.66667,0.66667,0.0,0.0,0.66667,1.0,0.33778,0.02222,0.99889,0.0,1.0,0.92381,1.0,1.0,1.0,0.0,0.67656,1.0,0.07143,0.91633,0.7762,0.2,0.0,0.9983,1.0,1.0,0.7,1.0,1.0,0.5,0.5,0.5,1.0,1.0,0.5,0.5,0.5,0.0,0.0,1.0,1.0,1.0,0.5,0.5,0.3,0.4,1.0,1.0,1.0,1.0,1.0,1.0
1.0,0.5,0.0,0.5,0.66667,0.5,0.08755,0.66667,0.7,0.0,0.0,0.66667,1.0,0.32889,0.02222,0.99935,0.0,1.0,1.0,1.0,1.0,1.0,0.0,0.67103,1.0,0.07143,0.90593,0.77083,0.2,0.0,0.99834,1.0,1.0,0.7,1.0,1.0,0.5,0.5,0.5,1.0,1.0,0.5,0.5,0.5,0.0,0.0,1.0,1.0,1.0,0.5,0.5,0.3,0.4,1.0,1.0,1.0,1.0,1.0,1.0
1.0,0.5,0.0,0.5,0.66667,0.5,0.08742,0.66667,0.73333,0.0,0.0,0.66667,1.0,0.32444,0.02222,0.9981,0.0,1.0,1.0,1.0,1.0,1.0,0.0,0.66856,1.0,0.07143,0.903,0.76797,0.2,0.0,0.99827,1.0,1.0,0.7,1.0,1.0,0.5,0.5,0.5,1.0,1.0,0.5,0.5,0.5,0.0,0.0,1.0,1.0,1.0,0.5,0.5,0.3,0.4,1.0,1.0,1.0,1.0,1.0,1.0
1.0,0.5,0.0,0.5,0.66667,0.5,0.08427,0.66667,0.76667,0.0,0.0,0.66667,1.0,0.31111,0.02222,0.9973,0.0,1.0,1.0,1.0,1.0,1.0,0.0,0.66433,1.0,0.07143,0.86654,0.73038,0.2,1.0,0.99842,1.0,1.0,0.7,1.0,1.0,0.5,0.5,0.5,1.0,1.0,0.5,0.5,0.5,0.0,0.0,1.0,1.0,1.0,0.5,0.5,0.3,0.4,1.0,1.0,1.0,1.0,1.0,1.0
1.0,0.5,0.0,0.5,0.66667,0.5,0.08368,0.66667,0.8,0.0,0.0,0.66667,1.0,0.30222,0.02222,0.99665,0.0,0.99048,0.99048,1.0,1.0,0.99048,1.0,0.7856,1.0,0.07143,0.97043,0.71537,0.4,1.0,0.99911,1.0,0.85714,0.7,1.0,1.0,0.5,0.5,0.5,1.0,1.0,0.5,0.5,0.5,0.0,0.0,1.0,1.0,1.0,0.5,0.5,0.3,0.4,1.0,1.0,1.0,1.0,0.8,1.0
1.0,0.5,0.0,0.5,0.6,0.5,0.0822,0.6,0.83333,0.0,0.0,0.66667,1.0,0.29778,0.02222,0.99745,0.0,1.0,1.0,1.0,1.0,1.0,0.0,0.6608,1.0,0.07143,0.8414,0.6994,0.2,1.0,0.9988,1.0,0.85714,0.7,1.0,1.0,0.5,0.5,0.5,1.0,1.0,0.5,0.5,0.5,0.0,0.0,1.0,1.0,1.0,0.5,0.5,0.3,0.4,1.0,1.0,1.0,1.0,0.8,1.0
1.0,0.5,0.0,0.5,0.6,0.5,0.08091,0.6,0.86667,0.0,0.0,0.66667,1.0,0.30667,0.02222,0.99851,0.0,1.0,1.0,1.0,1.0,1.0,1.0,0.78467,1.0,0.07143,0.93633,0.69073,0.4,1.0,0.99925,1.0,0.85714,0.7,1.0,1.0,0.5,0.5,0.5,1.0,1.0,0.5,0.5,0.5,0.0,0.0,1.0,1.0,1.0,0.5,0.5,0.3,0.33333,0.8,1.0,1.0,1.0,0.8,1.0
1.0,0.5,0.0,0.5,0.6,0.5,0.07806,0.6,0.9,0.0,0.0,0.66667,1.0,0.29333,0.02222,0.99873,0.0,1.0,1.0,1.0,1.0,1.0,0.0,0.65937,1.0,0.07143,0.79696,0.67478,0.2,1.0,0.99933,1.0,0.85714,0.7,1.0,1.0,0.5,0.5,0.5,1.0,1.0,0.5,0.5,0.5,0.0,0.0,1.0,1.0,1.0,0.5,0.5,0.3,0.4,1.0,1.0,1.0,1.0,0.8,1.0
1.0,0.5,0.0,0.5,0.6,0.5,0.0777,0.6,0.93333,0.0,0.0,0.66667,1.0,0.29333,0.02222,0.99881,0.0,1.0,1.0,1.0,1.0,1.0,0.0,0.65835,1.0,0.07143,0.79231,0.67523,0.2,0.0,0.99936,1.0,1.0,0.7,1.0,1.0,0.5,0.5,0.5,1.0,1.0,0.5,0.5,0.5,0.0,0.0,1.0,1.0,1.0,0.5,0.5,0.3,0.4,1.0,1.0,1.0,1.0,1.0,1.0
1.0,0.5,0.0,0.5,0.6,0.5,0.076,0.6,0.96667,0.0,0.0,0.66667,1.0,0.29333,0.02222,0.99968,0.0,1.0,1.0,1.0,1.0,1.0,1.0,0.99161,1.0,0.14286,0.93906,0.6447,0.5,0.0,0.99873,1.0,0.78571,0.7,1.0,1.0,0.5,0.5,0.5,1.0,1.0,0.5,0.5,0.5,0.0,0.0,1.0,1.0,1.0,0.5,0.5,0.3,0.26667,0.75,1.0,1.0,1.0,0.75,1.0
0.5,0.5,0.5,0.5,0.5,0.5,0.00868,0.26667,0.03333,0.0,0.0,0.66667,0.0,0.06667,0.0,0.5,0.5,0.5,0.5,0.5,0.5,0.5,0.5,0.0,0.0,0.28571,0.10169,0.06857,0.0,0.0,0.0,0.5,0.5,0.5,1.0,1.0,0.5,0.5,0.5,1.0,1.0,0.5,0.5,0.5,0.5,0.5,1.0,0.5,0.5,0.5,0.5,0.5,0.33333,1.0,1.0,1.0,1.0,0.5,0.5
1.0,0.5,1.0,0.5,0.26667,0.5,0.01035,0.26667,0.06667,0.0,0.0,0.66667,1.0,0.29333,0.0,0.5,0.5,0.13333,1.0,1.0,1.0,0.13333,1.0,0.83168,1.0,0.57143,0.27597,0.1153,0.4,1.0,0.73259,1.0,0.5,0.7,1.0,1.0,0.5,0.5,0.5,1.0,1.0,0.5,0.5,0.5,0.5,0.5,1.0,1.0,1.0,0.5,0.5,0.3,0.26667,0.6,1.0,1.0,1.0,0.2,1.0
0.0,0.0,0.0,0.0,0.2,0.26667,0.00949,0.26667,0.13333,0.0,0.0,0.66667,0.0,0.26222,0.00889,0.72897,0.0,1.0,1.0,1.0,1.0,1.0,0.0,0.8175,1.0,0.5,0.30895,0.09972,0.33333,0.0,0.79657,0.71429,0.92857,0.0,1.0,1.0,0.5,0.5,0.5,1.0,1.0,0.5,0.5,0.5,0.0,0.0,1.0,1.0,1.0,0.5,0.5,1.0,0.06667,0.0,1.0,1.0,1.0,0.0,1.0
1.0,0.5,1.0,0.5,0.33333,0.5,0.00967,0.33333,0.16667,0.0,0.0,0.66667,1.0,0.27111,0.00889,0.85706,0.0,1.0,1.0,1.0,1.0,1.0,0.0,0.81317,1.0,0.5,0.32178,0.10192,0.5,0.0,0.80574,1.0,1.0,0.0,1.0,1.0,0.5,0.5,0.5,1.0,1.0,0.5,0.5,0.5,0.0,0.0,1.0,1.0,1.0,0.5,0.5,1.0,0.06667,0.0,1.0,1.0,1.0,0.0,1.0
1.0,0.5,1.0,0.5,0.33333,0.5,0.0105,0.33333,0.2,0.0,0.0,0.66667,1.0,0.27111,0.00889,0.91829,0.0,0.87619,0.87619,0.77143,1.0,0.87619,0.0,0.55651,1.0,0.07143,0.38679,0.23976,0.0,0.0,1.0,1.0,0.64286,0.7,1.0,1.0,0.5,0.5,0.5,1.0,1.0,0.5,0.5,0.5,0.0,0.0,1.0,1.0,1.0,0.5,0.5,0.3,0.13333,1.0,1.0,1.0,1.0,0.0,1.0
0.0,0.0,0.0,0.0,0.33333,0.4,0.00545,0.4,0.36667,0.0,0.0,0.66667,0.0,0.22222,0.01778,0.0,0.99572,1.0,1.0,0.85714,1.0,0.66667,0.0,0.86218,1.0,0.5,0.10747,0.04191,0.25,0.0,0.86359,0.35714,0.78571,0.0,1.0,1.0,0.5,0.5,0.5,1.0,1.0,0.5,0.5,0.5,0.0,1.0,1.0,1.0,1.0,1.0,0.02858,1.0,0.06667,0.0,1.0,0.0,1.0,0.0,1.0
0.0,0.5,0.0,0.5,0.4,0.5,0.00498,0.4,0.4,0.0,0.0,0.66667,1.0,0.22667,0.01778,0.0,0.99433,1.0,1.0,0.85714,1.0,1.0,1.0,0.96763,1.0,0.35714,0.09552,0.04131,0.33333,0.0,0.85883,1.0,0.85714,0.0,1.0,1.0,0.5,0.5,0.5,1.0,1.0,0.5,0.5,0.5,0.0,0.0,1.0,1.0,1.0,1.0,0.02858,1.0,0.06667,0.0,1.0,0.0,1.0,0.0,1.0
0.0,0.0,0.0,0.0,0.33333,0.33333,0.00228,0.33333,0.63333,0.0,0.0,0.66667,0.0,0.19111,0.03556,0.0,0.9919,0.90476,0.86667,0.87619,0.79048,0.69524,1.0,0.71908,1.0,0.07143,0.03853,0.01314,0.5,1.0,0.66667,0.28571,0.57143,0.7,1.0,1.0,0.5,0.5,0.5,1.0,1.0,0.5,0.5,0.5,0.0,0.0,1.0,1.0,1.0,1.0,0.07846,0.3,0.13333,0.5,1.0,1.0,1.0,0.5,1.0
1.0,0.5,1.0,0.5,0.46667,0.5,0.00232,0.46667,0.66667,0.0,0.0,0.66667,1.0,0.19111,0.03556,0.0,0.99275,1.0,0.86667,0.97143,1.0,1.0,0.0,0.66428,1.0,0.07143,0.05185,0.01782,0.5,0.0,0.66667,1.0,0.85714,0.7,1.0,1.0,0.5,0.5,0.5,1.0,1.0,0.5,0.5,0.5,0.0,0.0,1.0,1.0,1.0,1.0,0.07846,0.3,0.13333,0.5,1.0,1.0,1.0,0.5,1.0
1.0,0.5,1.0,0.5,0.46667,0.5,0.00275,0.46667,0.7,0.0,0.0,0.66667,1.0,0.17778,0.03556,0.0,0.99479,1.0,0.86667,0.87619,1.0,1.0,0.0,0.66192,1.0,0.07143,0.0622,0.02147,0.5,0.0,0.66667,1.0,1.0,0.7,1.0,1.0,0.5,0.5,0.5,1.0,1.0,0.5,0.5,0.5,0.0,0.0,1.0,1.0,1.0,1.0,0.07846,0.33333,0.13333,0.5,1.0,1.0,1.0,0.5,1.0
0.0,0.0,0.0,0.0,0.46667,0.46667,0.00202,0.46667,0.76667,0.0,0.0,0.66667,0.0,0.17333,0.04,0.0,0.99642,1.0,1.0,0.65714,1.0,0.79048,0.0,0.93868,1.0,0.35714,0.04937,0.0151,0.57143,0.0,0.85806,0.78571,0.64286,0.63333,1.0,1.0,0.5,0.5,0.5,1.0,1.0,0.5,0.5,0.5,0.0,0.0,1.0,1.0,1.0,1.0,0.07846,0.8,0.13333,0.14286,1.0,0.0,1.0,0.0,0.28571
0.5,0.5,0.5,0.5,0.5,0.5,0.10111,0.73333,0.06667,0.0,0.0,0.66667,0.0,0.09778,0.0,0.5,0.5,0.93333,0.8381,1.0,1.0,0.5,1.0,0.77068,1.0,0.14286,1.0,1.0,1.0,0.0,0.66257,0.85714,0.5,0.7,1.0,1.0,0.5,0.5,0.5,1.0,1.0,0.5,0.5,0.5,0.5,0.5,1.0,1.0,1.0,0.5,0.5,0.3,0.2,0.66667,0.5,1.0,1.0,1.0,0.5
0.5,0.5,0.5,0.5,0.5,0.5,0.0553,0.4,0.03333,0.0,0.0,0.66667,0.0,0.06667,0.0,0.5,0.5,0.5,0.5,0.5,0.5,0.5,0.5,0.0,0.0,0.35714,0.69451,0.48744,0.2,0.0,0.0,0.5,0.5,0.5,1.0,1.0,0.5,0.5,0.5,1.0,1.0,0.5,0.5,0.5,0.5,0.5,1.0,0.5,0.5,0.5,0.5,0.5,0.4,1.0,1.0,1.0,1.0,0.5,0.5
0.0,1.0,0.0,1.0,0.33333,0.33333,0.05992,0.33333,0.1,0.0,0.0,0.66667,0.0,0.20889,0.00889,0.34604,0.0,0.68571,1.0,0.99048,1.0,0.55238,0.0,0.93531,1.0,0.35714,0.82169,0.55076,0.25,0.0,0.93752,0.64286,0.78571,0.7,1.0,1.0,0.5,0.5,0.5,1.0,1.0,0.5,0.5,0.5,0.0,0.0,1.0,1.0,1.0,0.5,0.5,0.3,0.33333,1.0,1.0,1.0,1.0,0.0,1.0
0.0,0.5,0.0,0.5,0.4,0.5,0.05759,0.4,0.13333,0.0,0.0,0.66667,1.0,0.17333,0.01333,0.71901,0.0,1.0,1.0,0.99048,1.0,1.0,0.0,0.90617,1.0,0.28571,0.76792,0.50372,0.2,0.0,0.91466,1.0,0.64286,0.7,1.0,1.0,0.5,0.5,0.5,1.0,1.0,0.5,0.5,0.5,0.0,0.0,1.0,1.0,1.0,0.5,0.5,0.3,0.26667,0.6,1.0,1.0,1.0,0.4,1.0
0.0,1.0,0.0,1.0,0.4,0.46667,0.07148,0.46667,0.2,0.0,0.0,0.66667,0.0,0.14222,0.04444,0.95766,0.0,0.87619,1.0,0.86667,1.0,0.87619,0.0,0.67754,1.0,0.21429,0.94788,0.58826,0.28571,0.0,0.91227,0.92857,0.71429,0.56667,1.0,1.0,0.5,0.5,0.5,1.0,1.0,0.5,0.5,0.5,0.0,0.0,0.53333,1.0,1.0,0.33747,0.43572,0.9,0.26667,0.42857,1.0,0.33333,1.0,0.0,1.0
1.0,0.5,1.0,0.5,0.73333,0.5,0.0875,0.73333,0.23333,0.0,0.0,0.66667,1.0,0.15556,0.05333,0.9609,0.0,1.0,1.0,0.58095,1.0,1.0,0.0,0.63838,1.0,0.21429,1.0,0.64511,0.71429,0.0,0.92208,1.0,1.0,0.66667,1.0,1.0,0.5,0.5,0.5,1.0,1.0,0.78471,0.60062,0.5,0.0,0.53233,1.0,1.0,1.0,0.78471,0.60062,0.33333,0.33333,0.57143,0.75,0.5,1.0,0.42857,1.0
0.0,0.0,0.0,1.0,0.73333,0.73333,0.11494,0.8,0.53333,0.0,0.0,0.66667,0.0,0.15556,0.08,0.0,0.98129,1.0,1.0,0.64762,1.0,0.67619,1.0,0.81314,1.0,0.28571,1.0,0.53951,0.75,0.0,0.95461,0.57143,0.78571,0.7,1.0,1.0,0.5,0.5,0.5,1.0,1.0,0.78471,0.60062,1.0,0.0,0.0,1.0,1.0,1.0,1.0,0.86239,0.3,0.33333,1.0,1.0,0.5,1.0,0.0,1.0
0.0,0.5,0.0,0.5,0.8,0.5,0.10712,0.8,0.56667,0.0,0.0,0.66667,1.0,0.15556,0.08,0.0,0.9906,1.0,1.0,0.64762,1.0,1.0,0.0,0.80136,1.0,0.28571,1.0,0.47994,0.75,0.0,0.95512,1.0,1.0,0.7,1.0,1.0,0.5,0.5,0.5,1.0,1.0,0.78471,0.60062,1.0,0.0,0.0,1.0,1.0,1.0,1.0,0.86239,0.3,0.26667,0.75,0.33333,0.66667,1.0,1.0,1.0
0.0,1.0,0.0,1.0,0.8,0.8,0.11197,0.8,0.63333,0.0,0.0,0.66667,0.0,0.14222,0.08,0.99514,0.0,1.0,1.0,0.64762,1.0,1.0,0.0,0.78869,1.0,0.28571,1.0,0.49617,0.75,0.0,0.96433,1.0,1.0,0.7,1.0,1.0,0.5,0.5,0.5,1.0,1.0,0.78471,0.60062,1.0,0.0,0.0,1.0,1.0,1.0,1.0,0.86239,0.3,0.33333,1.0,1.0,0.5,1.0,0.0,1.0
1.0,0.5,0.0,0.5,0.8,0.5,0.10941,0.8,0.66667,0.0,0.0,0.66667,1.0,0.13778,0.08,0.0,0.99873,1.0,1.0,0.64762,1.0,1.0,1.0,0.80063,1.0,0.28571,1.0,0.47387,0.75,0.0,0.96463,1.0,1.0,0.7,1.0,1.0,0.5,0.5,0.5,1.0,1.0,0.78471,0.60062,1.0,0.0,0.0,1.0,1.0,1.0,1.0,0.86239,0.3,0.26667,0.75,1.0,0.66667,1.0,1.0,1.0
0.0,1.0,0.0,1.0,0.8,0.8,0.09864,0.8,0.86667,0.0,0.0,0.66667,0.0,0.14667,0.08444,0.0,0.9845,1.0,1.0,0.74286,0.93333,0.92381,1.0,0.78867,1.0,0.21429,0.98682,0.4404,0.75,0.0,0.97507,1.0,1.0,0.7,1.0,1.0,0.5,0.5,0.5,1.0,1.0,0.78471,0.60062,1.0,0.0,0.0,1.0,1.0,1.0,1.0,0.86239,0.3,0.26667,0.75,0.33333,0.66667,1.0,0.75,1.0
0.0,0.5,0.0,0.5,0.8,0.5,0.09347,0.8,0.9,0.0,0.0,0.66667,1.0,0.14667,0.08444,0.0,0.98322,1.0,1.0,0.74286,1.0,1.0,0.0,0.78261,1.0,0.21429,0.929,0.40718,0.75,0.0,0.97438,1.0,1.0,0.7,0.93333,0.99848,1.0,1.0,1.0,1.0,0.83333,0.78471,0.60062,1.0,0.0,0.0,1.0,1.0,1.0,1.0,0.86239,0.3,0.26667,0.75,0.33333,0.66667,1.0,0.75,1.0
0.0,0.5,0.0,0.5,0.73333,0.5,0.08989,0.73333,0.93333,0.0,0.0,0.66667,1.0,0.14667,0.08444,0.0,0.98426,1.0,1.0,0.74286,1.0,1.0,0.0,0.77186,1.0,0.21429,0.88411,0.3808,0.5,0.0,0.97559,1.0,1.0,0.7,1.0,1.0,0.5,1.0,0.5,1.0,1.0,0.78471,0.60062,1.0,0.0,0.0,1.0,1.0,1.0,1.0,0.86239,0.3,0.26667,0.75,0.66667,0.66667,1.0,0.75,1.0
0.0,0.5,0.0,0.5,0.73333,0.5,0.08561,0.73333,0.96667,0.0,0.0,0.66667,1.0,0.14667,0.08444,0.0,0.99394,1.0,1.0,0.74286,1.0,1.0,1.0,0.79038,1.0,0.21429,0.85473,0.36195,0.5,0.0,0.9745,1.0,1.0,0.7,1.0,1.0,0.5,1.0,0.5,1.0,1.0,0.78471,0.60062,1.0,0.0,0.0,1.0,1.0,1.0,1.0,0.86239,0.3,0.26667,0.75,0.33333,0.66667,1.0,0.75,1.0
1.0,0.5,0.0,0.5,0.73333,0.5,0.08395,0.73333,1.0,0.0,0.0,0.66667,1.0,0.14667,0.08444,0.99943,0.0,1.0,1.0,0.74286,1.0,1.0,0.0,0.77542,1.0,0.21429,0.82786,0.35538,0.5,0.0,0.97321,1.0,1.0,0.7,1.0,1.0,0.5,1.0,0.5,1.0,1.0,0.78471,0.60062,1.0,0.0,0.0,1.0,1.0,1.0,1.0,0.86239,0.3,0.26667,0.75,0.33333,0.66667,1.0,0.75,1.0
0.5,0.5,0.5,0.5,0.5,0.5,0.04717,0.26667,0.03333,0.0,0.0,0.66667,0.0,0.06667,0.0,0.5,0.5,0.5,0.5,0.5,0.5,0.5,0.5,0.0,0.0,0.42857,0.66667,0.38043,0.16667,0.0,0.0,0.5,0.5,0.5,1.0,1.0,0.5,0.5,0.5,1.0,1.0,0.5,0.5,0.5,0.5,0.5,1.0,0.5,0.5,0.5,0.5,0.5,0.33333,0.66667,1.0,1.0,1.0,0.5,0.5
0.0,0.0,0.0,0.0,0.2,0.13333,0.02755,0.13333,0.1,0.0,0.0,0.66667,0.0,0.12444,0.00889,0.51788,0.0,0.86667,0.89524,0.9619,1.0,0.86667,1.0,0.99976,1.0,0.42857,0.48186,0.2488,0.0,0.0,0.88432,0.71429,0.42857,0.0,0.93333,0.87583,0.40119,0.5,0.12036,1.0,1.0,0.5,0.5,0.5,0.0,0.0,1.0,1.0,1.0,0.5,0.5,1.0,0.06667,0.0,1.0,1.0,1.0,0.0,1.0
0.0,0.0,0.0,0.0,0.1,0.13333,0.0,0.13333,0.2,0.0,0.0,0.66667,0.0,0.17333,0.01333,0.96403,0.0,0.91429,0.81905,0.77143,1.0,0.7619,1.0,0.9109,1.0,0.42857,0.0,0.0,0.0,0.0,0.94278,1.0,0.42857,0.0,1.0,1.0,0.5,0.20281,0.5,1.0,1.0,0.5,0.5,0.5,0.0,0.0,1.0,1.0,1.0,0.5,0.5,1.0,0.06667,0.0,1.0,1.0,1.0,0.0,1.0
0.0,1.0,1.0,1.0,0.13333,0.13333,0.0,0.13333,0.26667,0.0,0.0,0.66667,0.0,0.13778,0.03556,0.0,0.97968,0.52381,1.0,0.73333,1.0,0.77143,1.0,0.85664,1.0,0.07143,0.0,0.0,0.14286,0.0,0.78155,1.0,0.78571,0.0,1.0,1.0,0.5,0.20281,0.5,1.0,1.0,0.5,0.5,0.5,0.0,1.0,1.0,1.0,1.0,0.5,0.5,1.0,0.06667,0.0,1.0,1.0,1.0,0.0,1.0
0.0,0.0,0.0,0.0,0.06667,0.1,0.0,0.13333,0.5,0.0,0.0,0.66667,0.0,0.05778,0.04,0.97696,0.0,0.79048,0.98095,0.71429,1.0,0.60952,0.0,0.9051,1.0,0.64286,0.0,0.0,0.0,0.0,0.99849,1.0,0.64286,0.0,1.0,1.0,0.5,0.20281,0.5,1.0,1.0,0.5,0.5,0.5,0.0,0.0,1.0,1.0,1.0,0.5,0.5,1.0,0.06667,0.0,1.0,1.0,1.0,1.0,1.0
0.0,0.0,0.0,0.0,0.13333,0.13333,0.0,0.2,0.63333,0.0,0.0,0.66667,0.0,0.04,0.04,0.96792,0.0,0.90476,1.0,0.55238,0.98095,0.82857,0.0,0.66658,1.0,0.71429,0.0,0.0,0.0,0.0,1.0,0.28571,0.92857,0.0,1.0,1.0,0.5,0.20281,0.5,1.0,1.0,0.5,0.5,0.5,0.0,0.0,1.0,1.0,1.0,0.5,0.5,1.0,0.06667,0.0,1.0,1.0,1.0,0.0,1.0
0.0,1.0,1.0,1.0,0.2,0.2,0.0,0.2,0.73333,0.0,0.0,0.66667,0.0,0.03111,0.04,0.991,0.0,0.99048,1.0,0.59048,1.0,0.82857,1.0,0.894,1.0,0.07143,0.0,0.0,0.2,0.0,0.88221,0.85714,0.35714,0.0,1.0,1.0,0.5,0.20281,0.5,1.0,1.0,0.5,0.5,0.5,0.0,0.0,1.0,1.0,1.0,0.5,0.5,1.0,0.06667,0.0,1.0,1.0,1.0,0.0,1.0
0.0,0.5,1.0,0.5,0.2,0.5,0.0,0.2,0.76667,0.0,0.0,0.66667,1.0,0.02667,0.03111,0.98657,0.0,1.0,1.0,0.62857,1.0,1.0,1.0,0.9302,1.0,0.07143,0.0,0.0,0.2,0.0,0.88202,1.0,1.0,0.0,1.0,1.0,0.5,0.20281,0.5,1.0,1.0,0.5,0.5,0.5,0.0,0.0,1.0,1.0,1.0,0.5,0.5,1.0,0.06667,0.0,1.0,1.0,1.0,0.0,1.0
0.0,1.0,0.0,1.0,0.2,0.26667,0.0,0.2,0.96667,0.0,0.0,0.66667,0.0,0.02222,0.03111,0.0,0.96948,1.0,1.0,0.80952,1.0,1.0,0.0,0.99043,1.0,0.71429,0.0,0.0,0.0,0.0,1.0,0.28571,0.35714,0.0,1.0,1.0,0.5,0.20281,0.5,1.0,1.0,0.5,0.5,0.5,0.0,0.0,1.0,1.0,1.0,0.5,0.5,1.0,0.06667,0.0,1.0,1.0,1.0,0.0,1.0
0.0,0.5,1.0,0.5,0.2,0.5,0.0,0.2,1.0,0.0,0.0,0.66667,1.0,0.01778,0.03111,0.0,0.98121,1.0,1.0,0.80952,1.0,1.0,0.0,0.97544,1.0,0.71429,0.0,0.0,0.0,0.0,1.0,1.0,1.0,0.0,1.0,1.0,0.5,0.20281,0.5,1.0,1.0,0.5,0.5,0.5,0.0,0.0,1.0,1.0,1.0,0.5,0.5,1.0,0.06667,0.0,1.0,1.0,1.0,0.0,1.0
0.5,0.5,0.5,0.5,0.5,0.5,0.01928,0.26667,0.03333,0.0,0.0,0.66667,0.0,0.06667,0.0,0.5,0.5,0.5,0.5,0.5,0.5,0.5,0.5,0.0,0.0,0.28571,0.23901,0.13228,0.0,0.0,0.0,0.5,0.5,0.5,1.0,1.0,0.5,0.5,0.5,1.0,1.0,0.5,0.5,0.5,0.5,0.5,1.0,0.5,0.5,0.5,0.5,0.5,0.33333,1.0,1.0,1.0,1.0,0.5,0.5
1.0,1.0,1.0,1.0,0.26667,0.26667,0.02495,0.26667,0.1,0.0,0.0,0.66667,0.0,0.12,0.00444,0.41286,0.0,0.84762,0.80952,1.0,1.0,0.82857,1.0,0.99741,1.0,0.14286,0.37538,0.21484,0.0,0.0,0.81242,0.85714,0.64286,0.7,1.0,1.0,0.5,0.5,0.5,1.0,1.0,0.5,0.5,0.5,0.0,0.0,1.0,1.0,1.0,0.5,0.5,0.3,0.33333,0.8,1.0,1.0,1.0,0.0,1.0
0.0,0.0,0.0,0.0,0.26667,0.26667,0.02149,0.26667,0.3,0.0,0.0,0.66667,0.0,0.18667,0.02222,0.99855,0.0,0.74286,0.74286,0.7619,1.0,0.82857,1.0,0.99228,1.0,0.14286,0.31975,0.15974,0.0,0.0,0.97539,0.92857,0.85714,0.8,1.0,1.0,0.5,0.55764,0.5,1.0,1.0,0.5,0.5,0.5,0.60046,0.0,0.2,1.0,1.0,1.0,0.30571,1.0,0.06667,0.0,1.0,0.0,1.0,0.0,1.0
0.0,0.0,0.0,0.0,0.26667,0.26667,0.01155,0.26667,0.96667,0.0,0.0,0.66667,0.0,0.08,0.00889,0.997,0.0,1.0,1.0,0.86667,1.0,0.78095,0.0,0.64955,1.0,0.35714,0.15732,0.08538,0.0,0.0,1.0,0.85714,0.57143,0.7,1.0,1.0,0.5,0.55764,0.5,1.0,1.0,0.0,0.152,0.81459,0.0,0.0,1.0,1.0,1.0,0.0,0.152,0.3,0.13333,1.0,1.0,0.0,1.0,0.0,1.0
0.5,0.5,0.5,0.5,0.5,0.5,0.13989,0.86667,0.0,0.76923,0.0,0.66667,0.0,0.15556,0.00889,0.0,0.84678,0.87619,1.0,0.91429,0.85714,0.5,1.0,0.98931,1.0,0.07143,1.0,0.93328,0.66667,0.0,0.97528,1.0,0.5,0.26667,0.93333,0.79288,0.37388,0.5,0.3059,1.0,1.0,0.5,0.5,0.5,0.0,0.0,1.0,1.0,1.0,1.0,0.11864,0.73333,0.2,0.66667,1.0,0.5,1.0,0.66667,0.5
1.0,0.5,1.0,0.5,0.93333,0.5,0.14163,0.93333,0.0,0.75,0.0,0.66667,1.0,0.16,0.00444,0.0,0.97948,0.93333,0.97143,0.84762,1.0,0.93333,0.0,0.98825,1.0,0.14286,1.0,1.0,1.0,0.0,0.96642,1.0,0.85714,0.63333,0.86667,0.99998,1.0,1.0,1.0,1.0,0.75,0.5,0.5,0.5,0.0,0.0,1.0,1.0,1.0,1.0,0.11864,0.36667,0.2,0.66667,1.0,0.5,1.0,0.66667,1.0
0.5,0.5,0.5,0.5,0.5,0.5,0.03936,0.26667,0.03333,0.0,0.0,0.66667,0.0,0.06667,0.0,0.5,0.5,0.5,0.5,0.5,0.5,0.5,0.5,0.0,0.0,0.35714,0.52454,0.34337,0.0,0.0,0.0,0.5,0.5,0.5,1.0,1.0,0.5,0.5,0.5,1.0,1.0,0.5,0.5,0.5,0.5,0.5,1.0,0.5,0.5,0.5,0.5,0.5,0.4,1.0,1.0,1.0,1.0,0.5,0.5
1.0,1.0,1.0,1.0,0.26667,0.26667,0.051,0.26667,0.13333,0.0,0.0,0.66667,0.0,0.49333,0.00444,0.3415,0.0,0.75238,1.0,0.75238,1.0,0.24762,1.0,0.99846,1.0,0.71429,0.63517,0.44832,0.0,0.0,0.96389,0.35714,0.64286,0.7,1.0,1.0,0.5,0.5,0.5,1.0,1.0,0.5,0.5,0.5,0.0,0.0,1.0,1.0,1.0,0.5,0.5,0.3,0.33333,1.0,1.0,1.0,1.0,0.0,1.0
0.0,0.5,0.0,0.5,0.26667,0.5,0.0433,0.26667,0.16667,0.0,0.0,0.66667,1.0,0.44889,0.00889,0.63916,0.0,1.0,1.0,0.75238,1.0,1.0,0.0,0.98296,1.0,0.57143,0.56336,0.36822,0.0,0.0,0.98005,1.0,0.85714,0.7,1.0,1.0,0.5,0.5,0.5,1.0,1.0,0.5,0.5,0.5,0.0,0.0,1.0,1.0,1.0,0.5,0.5,0.3,0.33333,1.0,0.75,1.0,1.0,0.75,1.0
0.0,0.5,0.0,0.5,0.2,0.5,0.03776,0.2,0.2,0.0,0.0,0.66667,1.0,0.4,0.00889,0.78145,0.0,1.0,1.0,1.0,1.0,1.0,0.0,0.94668,1.0,0.64286,0.43147,0.31136,0.0,0.0,0.96031,1.0,0.92857,0.7,1.0,1.0,0.5,0.5,0.5,1.0,1.0,0.5,0.5,0.5,0.0,0.0,1.0,1.0,1.0,0.5,0.5,0.3,0.26667,1.0,0.0,1.0,1.0,1.0,1.0
0.0,1.0,0.0,1.0,0.2,0.2,0.03744,0.26667,0.53333,0.0,0.0,0.66667,0.0,0.25333,0.01778,0.98778,0.0,1.0,1.0,0.69524,1.0,0.65714,1.0,0.96484,1.0,0.92857,0.44641,0.2605,0.0,0.0,0.98876,0.21429,0.78571,0.7,1.0,1.0,0.5,0.5,0.5,1.0,1.0,0.5,0.5,0.5,0.0,0.0,1.0,1.0,1.0,0.03663,0.25213,0.3,0.26667,0.75,1.0,0.66667,1.0,0.0,1.0
0.0,0.0,0.0,0.0,0.26667,0.26667,0.02013,0.33333,0.73333,0.0,0.0,0.66667,0.0,0.18222,0.01778,0.99089,0.0,0.77143,0.77143,0.69524,1.0,1.0,0.0,0.84324,1.0,0.92857,0.2113,0.10736,0.0,0.0,0.98708,0.71429,1.0,0.7,1.0,1.0,0.5,0.5,0.5,1.0,1.0,0.5,0.5,0.5,0.0,0.0,1.0,1.0,1.0,0.03663,0.25213,0.3,0.13333,0.25,1.0,1.0,1.0,0.0,1.0
0.5,0.5,0.5,0.5,0.5,0.5,0.08206,0.66667,0.06667,0.0,0.0,0.66667,0.0,0.36,0.0,0.5,0.5,0.0,1.0,1.0,1.0,0.5,1.0,0.72424,1.0,0.28571,1.0,0.60984,0.7,0.0,0.7763,1.0,0.5,0.7,1.0,1.0,0.5,0.5,0.5,1.0,1.0,0.5,0.5,0.5,0.5,0.5,1.0,1.0,1.0,0.5,0.5,0.3,0.33333,0.4,1.0,1.0,1.0,0.5,0.5
0.0,0.0,0.0,0.0,0.6,0.6,0.07138,0.6,0.33333,0.0,0.0,0.66667,0.0,0.27556,0.0,0.94372,0.0,1.0,1.0,1.0,1.0,0.52381,0.0,0.84129,1.0,0.21429,1.0,0.72515,0.5,0.0,0.94352,0.92857,0.71429,0.7,1.0,1.0,0.5,0.5,0.5,1.0,1.0,0.5,0.5,0.5,0.0,0.0,1.0,1.0,1.0,0.5,0.5,0.3,0.4,0.83333,0.4,1.0,1.0,1.0,1.0
0.0,0.0,0.0,0.0,0.6,0.6,0.02969,0.26667,0.0,0.90909,0.0,0.66667,0.0,0.22222,0.00889,0.64782,0.0,1.0,1.0,1.0,1.0,1.0,0.0,0.90157,1.0,0.14286,0.53522,0.28993,0.28571,0.0,0.98748,0.85714,0.78571,0.0,0.93333,0.92747,0.65477,0.5,0.19643,1.0,1.0,0.5,0.5,0.5,0.0,0.0,1.0,1.0,1.0,0.32712,0.55333,1.0,0.06667,0.0,1.0,0.0,1.0,0.0,1.0
0.5,0.5,0.5,0.5,0.5,0.5,0.04443,0.4,0.03333,0.0,0.0,0.66667,0.0,0.06667,0.0,0.5,0.5,0.5,0.5,0.5,0.5,0.5,0.5,0.0,0.0,0.35714,0.5377,0.3369,0.2,0.0,0.0,0.5,0.5,0.5,1.0,1.0,0.5,0.5,0.5,1.0,1.0,0.5,0.5,0.5,0.5,0.5,1.0,0.5,0.5,0.5,0.5,0.5,0.4,1.0,1.0,1.0,1.0,0.5,0.5
0.5,0.5,0.5,0.5,0.5,0.5,0.02703,0.13333,0.03333,0.0,0.0,0.66667,0.0,0.06667,0.0,0.5,0.5,0.5,0.5,0.5,0.5,0.5,0.5,0.0,0.0,0.42857,0.44025,0.22099,0.0,0.0,0.0,0.5,0.5,0.5,1.0,1.0,0.5,0.5,0.5,1.0,1.0,0.5,0.5,0.5,0.5,0.5,1.0,0.5,0.5,0.5,0.5,0.5,0.46667,1.0,1.0,1.0,1.0,0.5,0.5
1.0,0.5,1.0,0.5,0.2,0.5,0.03408,0.2,0.06667,0.0,0.0,0.66667,1.0,0.18222,0.0,0.5,0.5,0.57143,0.8,1.0,1.0,0.57143,1.0,0.78275,1.0,0.07143,0.60743,0.32369,0.125,0.0,0.78392,1.0,0.28571,0.7,1.0,1.0,0.5,0.5,0.5,1.0,1.0,0.5,0.5,0.5,0.5,0.5,1.0,1.0,1.0,0.5,0.5,0.3,0.6,1.0,1.0,1.0,1.0,0.25,1.0
0.0,1.0,0.0,1.0,0.2,0.26667,0.0,0.2,0.23333,0.0,0.0,0.66667,0.0,0.13778,0.04,0.0,0.9357,1.0,1.0,0.67619,0.67619,0.68571,0.0,0.95109,1.0,0.64286,0.0,0.0,0.16667,0.0,0.87612,0.71429,0.71429,0.0,1.0,1.0,0.5,0.5,0.5,1.0,1.0,0.5,0.5,0.5,0.0,1.0,1.0,1.0,1.0,0.5,0.5,1.0,0.06667,0.0,1.0,1.0,1.0,0.0,1.0
0.0,0.0,1.0,0.0,0.2,0.13333,0.00082,0.2,0.33333,0.0,0.0,0.66667,0.0,0.09778,0.08,0.0,0.90187,0.67619,1.0,0.75238,0.77143,0.75238,1.0,0.91966,1.0,0.07143,0.00933,0.00409,0.0,0.0,0.7868,0.42857,0.57143,0.0,1.0,1.0,0.5,0.5,0.5,1.0,1.0,0.5,0.5,0.5,0.0,1.0,1.0,1.0,1.0,0.0,0.484,1.0,0.06667,0.0,1.0,1.0,1.0,0.0,1.0
1.0,0.5,1.0,0.5,0.2,0.5,0.00238,0.2,0.36667,0.0,0.0,0.66667,1.0,0.09333,0.07556,0.0,0.94839,1.0,0.65714,0.71429,1.0,1.0,0.0,0.86846,1.0,0.07143,0.02569,0.01191,0.0,0.0,0.81452,1.0,1.0,0.0,0.93333,0.99689,0.39354,0.39354,0.39354,1.0,1.0,0.5,0.5,0.5,0.0,0.0,1.0,1.0,1.0,0.0,0.484,1.0,0.06667,0.0,1.0,1.0,1.0,0.0,1.0
1.0,0.5,1.0,0.5,0.33333,0.5,0.00393,0.33333,0.4,0.0,0.0,0.66667,1.0,0.10222,0.06667,0.0,0.94889,0.54286,1.0,0.77143,1.0,0.54286,0.0,0.7307,1.0,0.07143,0.0715,0.01911,0.22222,0.0,0.73817,1.0,0.5,0.0,1.0,1.0,0.5,0.39354,0.5,1.0,1.0,0.5,0.5,0.5,0.0,0.0,1.0,1.0,1.0,0.0,0.484,1.0,0.06667,0.0,1.0,1.0,1.0,0.0,1.0
1.0,1.0,1.0,0.0,0.33333,0.46667,0.0039,0.46667,0.46667,0.0,0.0,0.66667,0.0,0.12444,0.06667,0.0,0.98435,1.0,1.0,0.73333,1.0,0.66667,0.0,0.91494,1.0,0.14286,0.03414,0.02026,0.0,0.0,0.9545,0.85714,0.42857,0.66667,1.0,1.0,0.5,1.0,0.5,1.0,1.0,0.5,0.5,0.5,0.0,0.0,1.0,1.0,1.0,0.0,0.484,0.33333,0.2,0.66667,1.0,0.5,1.0,0.66667,1.0
0.0,0.5,0.0,0.5,0.46667,0.5,0.00324,0.46667,0.5,0.0,0.0,0.66667,1.0,0.12444,0.06667,0.98983,0.0,0.88571,1.0,0.74286,1.0,0.88571,0.0,0.90763,1.0,0.14286,0.02801,0.01666,0.0,0.0,0.96276,1.0,1.0,0.66667,1.0,1.0,0.5,1.0,0.5,1.0,1.0,0.5,0.5,0.5,0.0,0.0,1.0,1.0,1.0,0.0,0.484,0.33333,0.2,0.66667,0.0,0.5,1.0,0.66667,1.0
0.0,0.0,0.0,0.0,0.53333,0.53333,0.0042,0.8,0.96667,0.0,0.0,0.66667,0.0,0.01778,0.03111,0.0,0.99374,1.0,1.0,0.88571,1.0,0.65714,1.0,0.90265,1.0,0.78571,0.01769,0.00892,0.0,0.0,0.5,0.14286,0.71429,0.56667,1.0,1.0,0.5,1.0,0.5,1.0,1.0,0.5,0.5,0.5,0.0,0.0,1.0,1.0,1.0,0.0,0.484,1.0,0.06667,0.0,1.0,0.0,1.0,0.0,1.0
0.5,0.5,0.5,0.5,0.5,0.5,0.04743,0.33333,0.03333,0.0,0.0,0.66667,0.0,0.06667,0.0,0.5,0.5,0.5,0.5,0.5,0.5,0.5,0.5,0.0,0.0,0.42857,0.7363,0.42262,0.33333,0.0,0.0,0.5,0.5,0.5,1.0,1.0,0.5,0.5,0.5,1.0,1.0,0.5,0.5,0.5,0.5,0.5,1.0,0.5,0.5,0.5,0.5,0.53333,0.46667,1.0,1.0,1.0,1.0,0.5,0.5
0.0,1.0,0.0,1.0,0.4,0.4,0.06292,0.46667,0.26667,0.0,0.0,0.66667,0.0,0.24889,0.02667,0.0,0.99089,0.82857,1.0,0.82857,0.82857,0.70476,1.0,0.97499,1.0,0.64286,0.81518,0.6222,0.0,0.0,0.95434,0.5,0.57143,0.7,1.0,1.0,0.5,0.5,0.5,1.0,1.0,0.5,0.5,0.5,0.0,0.0,1.0,1.0,1.0,0.0,0.23644,0.3,0.2,0.5,1.0,1.0,1.0,0.25,0.71429
0.0,0.0,0.0,0.0,0.46667,0.46667,0.01711,0.4,0.6,0.0,0.0,0.66667,0.0,0.04889,0.04889,0.94687,0.0,0.67619,0.67619,0.68571,1.0,0.62857,0.0,0.64727,1.0,0.57143,0.15428,0.09301,0.0,0.0,0.97332,0.92857,0.57143,0.73333,1.0,1.0,0.5,0.5,0.5,1.0,1.0,0.5,0.5,0.5,1.0,0.0,0.26667,1.0,1.0,0.0,0.23644,1.0,0.06667,0.0,1.0,1.0,1.0,0.0,1.0
1.0,0.5,1.0,0.5,0.4,0.5,0.01826,0.4,0.63333,0.0,0.0,0.66667,1.0,0.04444,0.02667,0.90538,0.0,0.7619,0.92381,0.87619,1.0,0.7619,1.0,0.79693,1.0,0.14286,0.15339,0.09256,0.0,0.0,0.9731,1.0,1.0,0.7,1.0,1.0,0.5,0.5,0.5,1.0,1.0,0.14804,0.75497,0.5,0.0,0.60276,1.0,1.0,1.0,0.14804,0.75497,0.3,0.2,1.0,1.0,0.0,1.0,0.0,1.0
0.5,0.5,0.5,0.5,0.5,0.5,0.04345,0.26667,0.03333,0.0,0.0,0.66667,0.0,0.06667,0.0,0.5,0.5,0.5,0.5,0.5,0.5,0.5,0.5,0.0,0.0,0.42857,0.69903,0.47059,0.16667,0.0,0.0,0.5,0.5,0.5,1.0,1.0,0.5,0.5,0.5,1.0,1.0,0.5,0.5,0.5,0.5,0.5,1.0,0.5,0.5,0.5,0.5,0.5,0.46667,1.0,1.0,1.0,1.0,0.5,0.5
1.0,1.0,1.0,1.0,0.26667,0.33333,0.05639,0.33333,0.1,0.0,0.0,0.66667,0.0,0.14667,0.00444,0.38588,0.0,0.79048,0.74286,0.92381,1.0,0.73333,1.0,0.96247,1.0,0.14286,0.88398,0.62386,0.4,0.0,0.86206,0.85714,0.5,0.7,1.0,1.0,0.5,0.5,0.5,1.0,1.0,0.5,0.5,0.5,0.0,0.0,1.0,1.0,1.0,0.5,0.5,0.3,0.33333,0.8,1.0,1.0,1.0,0.0,1.0
0.5,0.5,0.5,0.5,0.5,0.5,0.20652,0.4,0.56667,0.0,0.5,0.0,0.0,0.44,0.0,0.99881,0.0,1.0,1.0,1.0,1.0,0.5,0.0,0.17001,0.42504,0.0,0.97558,0.96342,0.0,0.0,0.99908,1.0,0.5,0.7,1.0,1.0,0.5,0.5,0.5,1.0,1.0,0.5,0.5,0.5,0.0,0.0,1.0,1.0,1.0,0.5,0.5,0.3,0.6,1.0,1.0,1.0,1.0,1.0,0.5
1.0,0.5,1.0,0.5,0.8,0.5,0.21194,0.8,0.6,0.0,0.5,0.0,1.0,0.44,0.0,0.0,0.9996,1.0,1.0,1.0,1.0,1.0,0.0,0.16052,0.4013,0.0,0.99389,0.97884,0.5,0.0,1.0,1.0,1.0,0.7,1.0,1.0,0.5,0.5,0.5,1.0,1.0,0.5,0.5,0.5,0.0,0.0,1.0,1.0,1.0,0.5,0.5,0.3,0.6,1.0,1.0,1.0,1.0,1.0,1.0
1.0,0.5,1.0,0.5,0.8,0.5,0.21589,0.8,0.63333,0.0,0.5,0.0,1.0,0.44,0.0,0.0,0.99866,1.0,1.0,1.0,1.0,1.0,0.0,0.15178,0.37946,0.0,1.0,0.99118,0.5,0.0,1.0,1.0,1.0,0.7,1.0,1.0,0.5,0.5,0.5,1.0,1.0,0.5,0.5,0.5,0.0,0.0,1.0,1.0,1.0,0.5,0.5,0.3,0.6,1.0,1.0,1.0,1.0,1.0,1.0
0.5,0.5,0.5,0.5,0.5,0.5,0.16698,0.2,0.43333,0.0,0.5,0.0,0.0,0.2,0.0,0.99464,0.0,1.0,1.0,1.0,1.0,0.5,0.0,0.17427,0.43568,0.0,1.0,1.0,1.0,0.0,1.0,1.0,0.5,0.7,1.0,1.0,0.5,0.5,0.5,1.0,1.0,0.5,0.5,0.5,0.0,0.0,1.0,1.0,1.0,0.5,0.5,1.0,0.2,1.0,1.0,1.0,1.0,1.0,0.5
0.5,0.5,0.5,0.5,0.5,0.5,0.26233,1.0,0.23333,0.0,0.5,0.0,0.0,0.52,0.0,0.99883,0.0,1.0,1.0,1.0,1.0,0.5,1.0,0.91104,1.0,0.25,1.0,1.0,1.0,1.0,1.0,0.75,0.5,0.7,1.0,1.0,0.5,0.5,0.5,1.0,1.0,0.5,0.5,0.5,0.0,0.0,1.0,1.0,1.0,0.5,0.5,0.3,0.4,1.0,1.0,1.0,1.0,1.0,0.5
0.0,0.0,0.0,0.0,1.0,0.8,0.09817,0.2,0.53333,0.0,0.5,0.0,0.0,0.44,0.0,0.96778,0.0,1.0,1.0,1.0,1.0,0.8,0.0,0.96882,1.0,0.5,0.50781,0.34031,0.0,0.0,0.86338,1.0,1.0,0.7,1.0,1.0,0.5,0.5,0.5,1.0,1.0,0.5,0.5,0.5,0.0,0.0,1.0,1.0,1.0,0.5,0.5,1.0,0.2,0.0,1.0,1.0,1.0,0.0,1.0
0.0,0.0,0.0,0.0,0.2,0.2,0.09787,0.2,0.66667,0.0,0.5,0.0,0.0,0.28,0.0,0.96023,0.0,1.0,0.9,1.0,1.0,0.8,1.0,0.91951,1.0,0.25,0.56204,0.39086,0.0,0.0,0.90227,0.75,0.5,0.7,1.0,1.0,0.5,0.5,0.5,1.0,1.0,0.5,0.5,0.5,0.0,0.0,1.0,1.0,1.0,0.5,0.5,1.0,0.2,0.0,1.0,1.0,1.0,0.0,0.5
0.5,0.5,0.5,0.5,0.5,0.5,0.27928,0.8,0.4,0.0,0.5,0.0,0.0,0.36,0.04,0.99238,0.0,1.0,1.0,1.0,1.0,0.5,0.0,0.48747,1.0,0.0,1.0,1.0,1.0,0.0,1.0,0.75,0.5,0.7,1.0,1.0,0.5,0.5,0.5,1.0,1.0,0.5,0.5,0.5,0.0,0.0,1.0,1.0,1.0,1.0,0.53573,1.0,0.2,1.0,1.0,0.0,1.0,1.0,0.5
0.5,0.5,0.5,0.5,0.5,0.5,0.29394,0.8,0.2,0.0,0.5,0.0,0.0,0.6,0.08,0.91065,0.0,1.0,1.0,0.9,1.0,0.5,1.0,0.80467,1.0,0.25,1.0,1.0,1.0,0.0,1.0,0.5,0.5,0.7,1.0,1.0,0.5,0.5,0.5,1.0,1.0,0.5,0.5,0.5,0.0,0.0,1.0,1.0,1.0,1.0,1.0,1.0,0.2,1.0,1.0,0.0,1.0,1.0,0.5
0.0,0.0,1.0,1.0,0.8,0.8,0.33932,0.8,0.26667,0.0,0.5,0.0,0.0,0.44,0.16,0.97064,0.0,1.0,1.0,0.9,1.0,1.0,1.0,0.92502,1.0,0.25,1.0,1.0,1.0,0.0,1.0,0.75,1.0,0.7,1.0,1.0,0.5,0.5,0.5,1.0,1.0,0.5,0.5,0.5,0.0,0.0,1.0,1.0,1.0,1.0,0.78486,1.0,0.2,1.0,1.0,0.0,1.0,0.0,0.75
1.0,0.5,1.0,0.5,0.8,0.5,0.40221,0.8,0.3,0.0,0.5,0.0,1.0,0.32,0.2,0.98229,0.0,1.0,1.0,0.9,1.0,1.0,1.0,0.99783,1.0,0.25,1.0,1.0,1.0,0.0,1.0,1.0,1.0,0.7,1.0,1.0,0.5,0.5,0.5,1.0,1.0,0.5,0.5,0.5,0.0,0.0,1.0,1.0,1.0,1.0,0.78486,1.0,0.2,1.0,1.0,0.0,1.0,1.0,0.75
1.0,1.0,1.0,1.0,0.8,1.0,0.56031,1.0,0.36667,0.0,0.5,0.0,0.0,0.24,0.2,0.0,0.96847,1.0,1.0,0.9,1.0,1.0,0.0,0.86421,1.0,0.25,1.0,1.0,1.0,1.0,1.0,1.0,1.0,0.7,0.8,0.57008,0.98934,0.5,0.2968,1.0,0.5,0.5,0.5,0.5,0.0,0.0,1.0,1.0,1.0,1.0,0.78486,1.0,0.2,1.0,1.0,0.0,1.0,1.0,0.75
1.0,1.0,1.0,1.0,1.0,1.0,0.70629,1.0,0.43333,0.0,0.5,0.0,0.0,0.12,0.2,0.0,0.98407,1.0,1.0,0.9,1.0,1.0,0.0,0.73986,1.0,0.25,1.0,1.0,1.0,1.0,1.0,1.0,1.0,0.6,0.8,0.71765,1.0,1.0,0.81522,1.0,0.5,0.5,0.5,0.5,0.0,0.0,1.0,1.0,1.0,1.0,0.78486,1.0,0.2,1.0,1.0,0.0,1.0,1.0,0.75
1.0,0.5,1.0,0.5,1.0,0.5,0.76019,1.0,0.46667,0.0,0.5,0.0,1.0,0.08,0.2,0.0,0.98399,1.0,1.0,0.9,1.0,1.0,0.0,0.69379,1.0,0.25,1.0,1.0,1.0,1.0,1.0,1.0,1.0,0.7,0.8,0.77212,1.0,1.0,1.0,1.0,0.5,0.5,0.5,0.5,0.0,0.0,1.0,1.0,1.0,1.0,0.78486,1.0,0.2,1.0,1.0,0.0,1.0,1.0,0.75
1.0,0.5,1.0,0.5,1.0,0.5,0.80368,1.0,0.5,0.0,0.5,0.0,1.0,0.08,0.2,0.0,0.98467,1.0,1.0,0.9,1.0,1.0,0.0,0.65653,1.0,0.25,1.0,1.0,1.0,1.0,1.0,1.0,1.0,0.7,0.8,0.81608,1.0,1.0,1.0,1.0,0.5,0.5,0.5,0.5,0.0,0.0,1.0,1.0,1.0,1.0,0.78486,1.0,0.2,1.0,1.0,0.0,1.0,1.0,0.75
1.0,0.5,1.0,0.5,1.0,0.5,0.83856,1.0,0.53333,0.0,0.5,0.0,1.0,0.08,0.2,0.0,0.98546,1.0,1.0,0.9,1.0,1.0,0.0,0.6266,1.0,0.25,1.0,1.0,1.0,1.0,1.0,1.0,1.0,0.7,0.8,0.85136,1.0,1.0,1.0,1.0,0.5,0.5,0.5,0.5,0.0,0.0,1.0,1.0,1.0,1.0,0.78486,1.0,0.2,1.0,1.0,0.0,1.0,1.0,0.75
1.0,0.5,1.0,0.5,1.0,0.5,0.86652,1.0,0.56667,0.0,0.5,0.0,1.0,0.08,0.2,0.0,0.98553,1.0,1.0,0.9,1.0,1.0,0.0,0.60258,1.0,0.25,1.0,1.0,1.0,1.0,1.0,1.0,1.0,0.7,0.8,0.87964,1.0,1.0,1.0,1.0,0.5,0.5,0.5,0.5,0.0,0.0,1.0,1.0,1.0,1.0,0.78486,1.0,0.2,1.0,1.0,0.0,1.0,1.0,0.75
1.0,0.5,1.0,0.5,1.0,0.5,0.88877,1.0,0.6,0.0,0.5,0.0,1.0,0.08,0.2,0.0,0.98697,1.0,1.0,0.9,1.0,1.0,0.0,0.58233,1.0,0.25,1.0,1.0,1.0,1.0,1.0,1.0,1.0,0.7,0.8,0.90371,1.0,1.0,1.0,1.0,0.5,0.5,0.5,0.5,0.0,0.0,1.0,1.0,1.0,1.0,0.78486,1.0,0.2,1.0,1.0,0.0,1.0,1.0,0.75
1.0,0.5,1.0,0.5,1.0,0.5,0.90575,1.0,0.63333,0.0,0.5,0.0,1.0,0.08,0.2,0.0,0.98899,1.0,1.0,0.9,1.0,1.0,0.0,0.56607,1.0,0.25,1.0,1.0,1.0,0.0,1.0,1.0,1.0,0.7,0.8,0.92305,1.0,1.0,1.0,1.0,0.5,0.5,0.5,0.5,0.0,0.0,1.0,1.0,1.0,1.0,0.78486,1.0,0.2,1.0,1.0,0.0,1.0,1.0,0.75
0.5,0.5,0.5,0.5,0.5,0.5,0.30935,1.0,0.23333,0.0,0.5,0.0,0.0,0.52,0.24,0.95396,0.0,1.0,1.0,0.7,1.0,0.5,0.0,0.85351,1.0,0.25,1.0,1.0,1.0,1.0,1.0,1.0,0.5,0.7,1.0,1.0,0.5,0.5,0.5,1.0,1.0,0.5,0.5,0.5,0.0,0.16854,1.0,1.0,1.0,0.33203,0.35295,0.5,0.4,1.0,1.0,1.0,1.0,1.0,0.5
0.0,0.5,1.0,0.5,1.0,0.5,0.31492,1.0,0.26667,0.0,0.5,0.0,1.0,0.52,0.28,0.0,0.95355,1.0,0.6,0.7,1.0,1.0,0.0,0.51372,1.0,0.25,1.0,1.0,1.0,1.0,1.0,1.0,1.0,0.7,1.0,1.0,0.5,0.5,0.5,1.0,1.0,0.5,0.5,0.5,0.0,0.0,1.0,1.0,1.0,0.33203,0.35295,0.4,0.4,1.0,0.0,0.0,1.0,1.0,0.75
0.5,0.5,0.5,0.5,0.5,0.5,0.19101,0.4,0.13333,0.0,0.5,0.0,0.0,0.24,0.0,0.0,0.60087,1.0,1.0,1.0,1.0,0.5,0.0,0.22802,0.57005,0.0,1.0,1.0,1.0,0.0,1.0,0.75,0.5,0.4,0.8,0.85308,1.0,0.5,0.69628,1.0,1.0,0.5,0.5,0.5,0.0,0.0,1.0,1.0,1.0,0.5,0.5,1.0,0.2,1.0,1.0,1.0,1.0,1.0,0.5
0.5,0.5,0.5,0.5,0.5,0.5,0.0,0.2,0.43333,0.0,0.5,0.0,0.0,0.24,0.16,0.99622,0.0,0.8,1.0,0.8,1.0,0.5,1.0,0.95106,1.0,0.25,0.0,0.0,0.0,1.0,1.0,1.0,0.5,0.0,1.0,1.0,0.5,0.5,0.5,1.0,1.0,0.5,0.5,0.5,0.0,0.0,1.0,1.0,1.0,0.0,0.228,1.0,0.2,0.0,1.0,1.0,1.0,1.0,0.5
0.0,0.0,0.0,0.0,0.2,0.2,6e-05,0.2,0.73333,0.0,0.5,0.0,0.0,0.2,0.04,0.95978,0.0,1.0,1.0,0.7,1.0,1.0,1.0,0.60202,1.0,0.75,0.00036,0.00011,0.0,0.0,0.74475,0.5,0.5,0.0,1.0,1.0,0.5,0.5,0.5,1.0,1.0,0.5,0.5,0.5,0.0,0.0,1.0,1.0,1.0,0.0,0.228,1.0,0.2,0.0,1.0,1.0,1.0,0.0,1.0
0.0,0.0,0.0,0.0,0.2,0.4,3e-05,0.4,0.8,0.0,0.5,0.0,0.0,0.2,0.04,0.96967,0.0,1.0,1.0,0.7,1.0,1.0,1.0,0.7026,1.0,0.75,0.00018,5e-05,0.33333,0.0,0.74925,1.0,1.0,0.0,1.0,1.0,0.5,0.5,0.5,1.0,1.0,0.5,0.5,0.5,0.0,0.0,1.0,1.0,0.0,0.0,0.1995,1.0,0.2,0.0,1.0,1.0,1.0,0.0,1.0
0.0,0.0,0.0,0.0,0.4,0.4,2e-05,0.4,0.86667,0.0,0.5,0.0,0.0,0.2,0.04,0.98976,0.0,1.0,1.0,0.7,1.0,1.0,0.0,0.6942,1.0,0.75,0.00015,4e-05,0.33333,0.0,0.75,1.0,1.0,0.0,1.0,1.0,0.5,0.5,0.5,1.0,1.0,0.5,0.5,0.5,0.0,0.0,1.0,1.0,1.0,0.0,0.1995,1.0,0.2,0.0,1.0,1.0,1.0,0.0,1.0
0.5,0.5,0.5,0.5,0.5,0.5,0.25063,0.6,0.56667,0.0,0.5,0.0,0.0,0.44,0.12,0.95133,0.0,1.0,1.0,0.8,1.0,0.5,0.0,0.42468,1.0,0.5,1.0,1.0,1.0,0.0,1.0,0.75,0.5,0.4,0.8,0.66645,0.85123,0.5,0.25537,1.0,1.0,0.5,0.5,0.5,0.0,0.0,1.0,1.0,1.0,0.5,0.5,1.0,0.2,1.0,1.0,1.0,1.0,1.0,0.5
0.0,0.0,0.0,0.0,0.6,0.6,0.22753,0.8,0.66667,0.0,0.5,0.0,0.0,0.2,0.16,0.97399,0.0,1.0,1.0,0.8,0.9,1.0,0.0,0.36215,0.90537,0.5,1.0,1.0,1.0,0.0,1.0,1.0,1.0,0.0,0.8,0.77463,0.0,0.83489,1.0,1.0,1.0,0.5,0.5,0.5,0.0,0.0,1.0,1.0,1.0,1.0,1.0,1.0,0.2,1.0,1.0,0.0,1.0,0.0,0.0
1.0,0.5,1.0,0.5,0.8,0.5,0.23519,0.8,0.7,0.0,0.5,0.0,1.0,0.16,0.16,0.9908,0.0,1.0,1.0,0.8,1.0,1.0,1.0,0.41226,1.0,0.5,1.0,1.0,1.0,0.0,1.0,1.0,1.0,0.2,0.8,0.82818,1.0,1.0,1.0,1.0,1.0,0.5,0.5,0.5,0.0,0.0,1.0,1.0,1.0,1.0,1.0,1.0,0.2,1.0,1.0,0.0,1.0,1.0,1.0
1.0,0.5,1.0,0.5,0.8,0.5,0.25339,0.8,0.73333,0.0,0.5,0.0,1.0,0.12,0.16,0.0,0.99796,1.0,1.0,0.8,1.0,1.0,1.0,0.51494,1.0,0.25,1.0,1.0,1.0,0.0,0.98318,1.0,0.75,0.4,0.8,0.88308,1.0,1.0,1.0,1.0,1.0,0.5,0.5,0.5,0.0,0.0,1.0,1.0,1.0,1.0,1.0,0.9,0.4,1.0,0.0,1.0,1.0,0.0,0.0
1.0,0.5,1.0,0.5,0.8,0.5,0.26196,0.8,0.76667,0.0,0.5,0.0,1.0,0.16,0.16,0.99985,0.0,1.0,1.0,0.8,1.0,1.0,1.0,0.55787,1.0,0.25,1.0,1.0,1.0,0.0,0.97808,1.0,1.0,0.7,1.0,1.0,0.5,1.0,0.5,1.0,1.0,0.5,0.5,0.5,0.0,0.0,1.0,1.0,1.0,1.0,1.0,0.9,0.4,1.0,0.0,1.0,1.0,1.0,0.25
0.0,0.5,1.0,0.5,0.8,0.5,0.26467,0.8,0.8,0.0,0.5,0.0,1.0,0.2,0.16,0.99679,0.0,1.0,1.0,0.8,1.0,1.0,0.0,0.55403,1.0,0.25,1.0,1.0,1.0,0.0,0.97192,1.0,1.0,0.7,1.0,1.0,0.5,1.0,0.5,1.0,1.0,0.5,0.5,0.5,0.0,0.0,1.0,1.0,1.0,1.0,1.0,0.9,0.4,1.0,0.0,1.0,1.0,1.0,0.25
0.0,0.0,0.0,1.0,0.8,0.8,0.27155,0.8,0.9,0.0,0.5,0.0,0.0,0.12,0.16,0.0,0.99925,1.0,1.0,0.8,1.0,1.0,1.0,0.4719,1.0,0.5,1.0,1.0,1.0,0.0,1.0,0.75,0.75,0.7,0.8,0.92694,1.0,1.0,0.96796,1.0,1.0,0.5,0.5,0.5,0.0,0.0,1.0,1.0,1.0,1.0,1.0,1.0,0.2,1.0,1.0,0.0,1.0,1.0,0.25
1.0,0.0,1.0,1.0,0.8,0.8,0.27976,0.8,0.96667,0.0,0.5,0.0,0.0,0.12,0.16,0.0,0.99428,1.0,1.0,0.8,1.0,1.0,1.0,0.50066,1.0,0.5,1.0,1.0,1.0,0.0,1.0,1.0,1.0,0.7,0.8,0.95404,1.0,1.0,1.0,1.0,1.0,0.5,0.5,0.5,0.0,0.0,1.0,1.0,1.0,1.0,1.0,1.0,0.2,1.0,1.0,0.0,1.0,1.0,0.25
0.5,0.5,0.5,0.5,0.5,0.5,0.26784,1.0,0.33333,0.0,0.5,0.0,0.0,0.6,0.04,0.98796,0.0,1.0,1.0,1.0,1.0,0.5,0.0,0.58515,1.0,0.0,1.0,1.0,1.0,0.0,0.94346,1.0,0.5,0.7,1.0,1.0,0.5,0.5,0.5,1.0,1.0,0.5,0.5,0.5,0.0,0.0,1.0,1.0,1.0,1.0,0.47137,0.3,0.4,1.0,1.0,1.0,1.0,1.0,0.5
0.0,0.0,0.0,0.0,1.0,0.8,0.23191,0.4,0.73333,0.0,0.5,0.0,0.0,0.4,0.16,0.99543,0.0,1.0,1.0,1.0,1.0,1.0,1.0,0.57688,1.0,0.0,0.93478,0.87754,0.0,0.0,0.9704,1.0,1.0,0.7,1.0,1.0,0.5,0.5,0.5,1.0,1.0,0.5,0.5,0.5,0.0,0.0,1.0,1.0,1.0,1.0,0.574,0.3,0.4,1.0,1.0,0.0,1.0,1.0,1.0
0.0,0.5,0.0,0.5,0.4,0.5,0.22307,0.4,0.76667,0.0,0.5,0.0,1.0,0.4,0.16,0.99691,0.0,1.0,1.0,1.0,1.0,1.0,0.0,0.55416,1.0,0.0,0.8883,0.79904,0.0,0.0,0.97062,1.0,1.0,0.7,1.0,1.0,0.5,0.5,0.5,1.0,1.0,0.5,0.5,0.5,0.0,0.0,1.0,1.0,1.0,1.0,0.574,0.3,0.4,1.0,1.0,0.0,1.0,1.0,1.0
0.0,1.0,0.0,1.0,0.4,0.6,0.26021,0.8,0.86667,0.0,0.5,0.0,0.0,0.32,0.16,0.99908,0.0,1.0,1.0,1.0,1.0,1.0,1.0,0.5468,1.0,0.0,1.0,1.0,1.0,0.0,0.98387,1.0,1.0,0.7,1.0,1.0,0.5,0.5,0.5,1.0,1.0,0.5,0.5,0.5,0.0,0.0,1.0,1.0,1.0,1.0,0.574,0.3,0.4,1.0,1.0,0.0,1.0,0.0,1.0
0.0,0.0,0.0,0.0,0.8,0.8,0.24899,0.8,0.93333,0.0,0.5,0.0,0.0,0.32,0.12,0.99951,0.0,1.0,1.0,1.0,1.0,1.0,0.0,0.50762,1.0,0.0,0.96694,0.936,0.0,0.0,0.98645,1.0,1.0,0.7,1.0,1.0,0.5,0.5,0.5,1.0,1.0,0.5,0.5,0.5,0.0,0.0,1.0,1.0,1.0,1.0,0.574,0.3,0.4,1.0,1.0,0.0,1.0,1.0,1.0
0.5,0.5,0.5,0.5,0.5,0.5,0.23546,1.0,0.2,0.0,0.5,0.0,0.0,0.68,0.0,0.88431,0.0,1.0,1.0,1.0,1.0,0.5,0.0,0.1173,0.29324,0.0,1.0,1.0,1.0,0.0,0.99107,1.0,0.5,0.7,1.0,1.0,0.5,0.5,0.5,1.0,1.0,0.5,0.5,0.5,0.0,0.0,1.0,1.0,1.0,0.5,0.5,0.3,0.6,1.0,0.5,1.0,1.0,1.0,0.5
1.0,0.5,1.0,0.5,1.0,0.5,0.25817,1.0,0.23333,0.0,0.5,0.0,1.0,0.56,0.0,0.98573,0.0,1.0,1.0,1.0,1.0,1.0,0.0,0.06141,0.15353,0.0,1.0,1.0,1.0,0.0,0.99351,1.0,1.0,0.7,1.0,1.0,0.5,0.5,0.5,1.0,1.0,0.5,0.5,0.5,0.0,0.0,1.0,1.0,1.0,0.5,0.5,0.3,0.6,1.0,1.0,1.0,1.0,1.0,1.0
1.0,0.5,0.0,0.5,1.0,0.5,0.25425,1.0,0.26667,0.0,0.5,0.0,1.0,0.52,0.0,0.95293,0.0,1.0,1.0,1.0,1.0,1.0,0.0,0.04557,0.11394,0.0,1.0,1.0,1.0,0.0,0.9902,1.0,1.0,0.7,1.0,1.0,0.5,0.5,0.5,1.0,1.0,0.5,0.5,0.5,0.0,0.0,1.0,1.0,1.0,0.5,0.5,0.3,0.6,1.0,0.0,1.0,1.0,1.0,1.0
1.0,1.0,0.0,0.0,0.8,0.6,0.21555,0.6,0.83333,0.0,0.5,0.0,0.0,0.48,0.0,0.0,0.99645,1.0,1.0,1.0,1.0,1.0,0.0,0.0001,0.00025,0.0,0.75615,0.6522,0.0,0.0,0.99808,1.0,1.0,0.7,1.0,1.0,0.5,0.5,0.5,1.0,1.0,0.5,0.5,0.5,0.0,0.0,1.0,1.0,1.0,0.5,0.5,0.3,0.6,1.0,0.0,1.0,1.0,1.0,1.0
1.0,0.5,0.0,0.5,0.6,0.5,0.20636,0.6,0.86667,0.0,0.5,0.0,1.0,0.44,0.0,0.0,0.99601,1.0,1.0,1.0,1.0,1.0,1.0,0.83976,1.0,0.25,0.7543,0.60553,0.0,1.0,1.0,1.0,0.75,0.7,1.0,1.0,0.5,0.5,0.5,1.0,1.0,0.5,0.5,0.5,0.0,0.0,1.0,1.0,1.0,0.5,0.5,0.3,0.4,1.0,1.0,1.0,1.0,1.0,1.0
0.5,0.5,0.5,0.5,0.5,0.5,0.0,0.2,0.6,0.0,0.5,0.0,0.0,0.36,0.24,0.0,0.69995,0.8,1.0,0.7,1.0,0.5,0.0,0.28495,0.71238,0.0,0.0,0.0,0.0,0.0,0.5,0.75,0.5,0.0,1.0,1.0,0.5,0.5,0.5,1.0,1.0,0.5,0.5,0.5,0.0,0.0,1.0,1.0,1.0,1.0,1.0,1.0,0.2,0.0,1.0,0.0,1.0,0.0,0.5
1.0,0.5,1.0,0.5,0.2,0.5,0.0,0.2,0.63333,0.0,0.5,0.0,1.0,0.36,0.24,0.0,0.81605,1.0,1.0,0.7,1.0,1.0,0.0,0.27353,0.68382,0.0,0.0,0.0,0.0,0.0,0.5,1.0,1.0,0.0,1.0,1.0,0.5,0.5,0.5,1.0,1.0,0.5,0.5,0.5,0.0,0.0,1.0,1.0,1.0,1.0,1.0,1.0,0.2,0.0,1.0,0.0,1.0,0.0,1.0
0.5,0.5,0.5,0.5,0.5,0.5,0.31985,1.0,0.7,0.0,0.5,0.0,0.0,0.24,0.04,0.0,0.99909,1.0,1.0,1.0,1.0,0.5,1.0,0.63941,1.0,0.0,1.0,1.0,1.0,0.0,1.0,1.0,0.5,0.7,1.0,1.0,0.5,0.5,0.5,1.0,1.0,0.5,0.5,0.5,0.0,0.0,1.0,1.0,1.0,1.0,1.0,1.0,0.2,1.0,1.0,0.0,1.0,0.0,0.5
1.0,0.5,1.0,0.5,1.0,0.5,0.32763,1.0,0.73333,0.0,0.5,0.0,1.0,0.24,0.04,0.99244,0.0,1.0,1.0,1.0,1.0,1.0,1.0,0.6709,1.0,0.0,1.0,1.0,1.0,0.0,1.0,1.0,1.0,0.7,1.0,1.0,0.5,0.5,0.5,1.0,1.0,0.5,0.5,0.5,0.0,0.0,1.0,1.0,1.0,1.0,1.0,1.0,0.2,1.0,1.0,0.0,1.0,1.0,0.75
0.0,0.5,1.0,0.5,1.0,0.5,0.33018,1.0,0.76667,0.0,0.5,0.0,1.0,0.2,0.04,0.98878,0.0,0.9,0.9,1.0,1.0,0.9,1.0,0.68138,1.0,0.0,1.0,1.0,1.0,0.0,1.0,1.0,1.0,0.7,1.0,1.0,0.5,0.5,0.5,1.0,1.0,0.5,0.5,0.5,0.0,0.0,1.0,1.0,1.0,1.0,1.0,1.0,0.2,1.0,1.0,0.0,1.0,1.0,0.75
0.0,0.5,1.0,0.5,1.0,0.5,0.33106,1.0,0.8,0.0,0.5,0.0,1.0,0.2,0.04,0.98766,0.0,1.0,0.9,1.0,1.0,1.0,1.0,0.68499,1.0,0.0,1.0,1.0,1.0,0.0,1.0,1.0,1.0,0.7,1.0,1.0,0.5,0.5,0.5,1.0,1.0,0.5,0.5,0.5,0.0,0.0,1.0,1.0,1.0,1.0,1.0,1.0,0.2,1.0,1.0,0.0,1.0,1.0,0.75
0.0,0.5,1.0,0.5,1.0,0.5,0.33136,1.0,0.83333,0.0,0.5,0.0,1.0,0.16,0.04,0.98782,0.0,1.0,1.0,1.0,1.0,1.0,1.0,0.68626,1.0,0.0,1.0,1.0,1.0,0.0,1.0,1.0,1.0,0.7,1.0,1.0,0.5,0.5,0.5,1.0,1.0,0.5,0.5,0.5,0.0,0.0,1.0,1.0,1.0,1.0,1.0,1.0,0.2,1.0,1.0,0.0,1.0,1.0,0.75
0.0,0.5,1.0,0.5,1.0,0.5,0.33147,1.0,0.86667,0.0,0.5,0.0,1.0,0.16,0.04,0.98863,0.0,1.0,1.0,1.0,1.0,1.0,1.0,0.68672,1.0,0.0,1.0,1.0,1.0,0.0,1.0,1.0,1.0,0.7,1.0,1.0,0.5,0.5,0.5,1.0,1.0,0.5,0.5,0.5,0.0,0.0,1.0,1.0,1.0,1.0,1.0,1.0,0.2,1.0,1.0,0.0,1.0,1.0,0.75
0.0,0.5,1.0,0.5,1.0,0.5,0.33152,1.0,0.9,0.0,0.5,0.0,1.0,0.16,0.04,0.99081,0.0,1.0,1.0,1.0,1.0,1.0,1.0,0.68689,1.0,0.0,1.0,1.0,1.0,0.0,1.0,1.0,1.0,0.7,1.0,1.0,0.5,0.5,0.5,1.0,1.0,0.5,0.5,0.5,0.0,0.0,1.0,1.0,1.0,1.0,1.0,1.0,0.2,1.0,1.0,0.0,1.0,1.0,0.75
0.0,0.0,1.0,1.0,1.0,1.0,0.33154,1.0,0.96667,0.0,0.5,0.0,0.0,0.16,0.04,0.99397,0.0,1.0,1.0,1.0,1.0,1.0,1.0,0.68698,1.0,0.0,1.0,1.0,1.0,0.0,1.0,1.0,1.0,0.7,1.0,1.0,0.5,0.5,0.5,1.0,1.0,0.5,0.5,0.5,0.0,0.0,1.0,1.0,1.0,1.0,1.0,1.0,0.2,1.0,1.0,0.0,1.0,0.0,0.75
0.0,0.0,0.0,0.0,1.0,1.0,0.10858,0.4,0.0,0.76923,0.5,0.0,0.0,0.2,0.04,0.98949,0.0,1.0,0.9,1.0,1.0,1.0,0.0,0.98455,1.0,0.25,0.55641,0.38543,0.0,0.0,0.92552,1.0,0.75,0.7,1.0,1.0,0.5,0.5,0.5,1.0,1.0,0.5,0.5,0.5,0.0,0.0,1.0,1.0,1.0,1.0,0.09558,1.0,0.2,0.0,1.0,0.0,1.0,0.0,0.75
0.0,0.5,0.0,0.5,0.4,0.5,0.10839,0.4,0.0,0.75,0.5,0.0,1.0,0.2,0.04,0.99042,0.0,1.0,1.0,1.0,1.0,1.0,0.0,0.9841,1.0,0.25,0.55587,0.38492,0.0,0.0,0.92304,1.0,1.0,0.7,1.0,1.0,0.5,0.5,0.5,1.0,1.0,0.5,0.5,0.5,0.0,0.0,1.0,1.0,1.0,1.0,0.09558,1.0,0.2,0.0,1.0,0.0,1.0,0.0,0.5
0.5,0.5,0.5,0.5,0.5,0.5,0.09171,0.1,0.2,0.0,1.0,0.0,0.0,0.65,0.02,0.76804,0.0,1.0,1.0,1.0,1.0,0.5,0.0,0.96319,1.0,0.11111,0.9567,0.87384,0.0,0.0,1.0,0.88889,0.5,0.15,0.9,0.8934,0.28249,0.5,0.49436,1.0,1.0,0.5,0.5,0.5,0.0,0.0,1.0,1.0,1.0,0.62079,0.50463,0.85,0.4,1.0,0.66667,1.0,1.0,1.0,0.5
1.0,0.5,0.0,0.5,0.2,0.5,0.08832,0.2,0.23333,0.0,1.0,0.0,1.0,0.6,0.02,0.84086,0.0,1.0,1.0,1.0,1.0,1.0,0.0,0.94753,1.0,0.11111,0.93861,0.83396,0.0,0.0,1.0,1.0,1.0,0.6,1.0,1.0,0.5,0.5,0.5,1.0,1.0,0.5,0.5,0.5,0.0,0.0,1.0,1.0,1.0,0.62079,0.50463,0.4,0.4,1.0,1.0,1.0,1.0,1.0,1.0
0.5,0.5,0.5,0.5,0.5,0.5,0.12132,0.9,0.13333,0.0,1.0,0.0,0.0,0.65,0.01,0.73842,0.0,1.0,0.44444,1.0,1.0,0.5,1.0,0.74428,1.0,0.11111,0.9984,0.9968,0.0,0.0,0.90261,0.77778,0.5,0.65,0.7,0.72371,1.0,0.5,0.51834,1.0,1.0,0.5,0.5,0.5,0.0,0.0,1.0,1.0,1.0,1.0,1.0,0.35,0.2,1.0,0.0,1.0,1.0,1.0,0.5
0.0,1.0,0.0,1.0,0.9,1.0,0.14017,1.0,0.2,0.0,1.0,0.0,0.0,0.42,0.03,0.92782,0.0,0.64444,0.53333,0.75556,0.53333,0.53333,1.0,0.77327,1.0,0.11111,1.0,1.0,1.0,0.0,0.98149,0.33333,0.66667,0.7,1.0,1.0,0.5,1.0,0.5,1.0,1.0,0.5,0.5,0.5,0.0,0.0,1.0,1.0,1.0,1.0,1.0,0.3,0.3,1.0,1.0,1.0,1.0,0.0,1.0
0.0,0.0,0.0,0.0,0.8,0.5,0.08963,0.3,0.46667,0.0,1.0,0.0,0.0,0.45,0.1,0.98714,0.0,1.0,1.0,1.0,1.0,1.0,1.0,0.94734,1.0,0.11111,0.71319,0.58858,0.0,1.0,0.9892,0.77778,1.0,0.45,0.8,0.81989,0.44709,1.0,0.38322,1.0,1.0,0.5,0.5,0.5,0.0,0.0,1.0,1.0,1.0,1.0,1.0,0.55,0.3,1.0,0.5,0.5,1.0,1.0,1.0
0.0,0.5,0.0,0.5,0.3,0.5,0.0808,0.3,0.5,0.0,1.0,0.0,1.0,0.45,0.11,0.98932,0.0,1.0,1.0,1.0,1.0,1.0,1.0,0.94759,1.0,0.11111,0.64287,0.51106,0.0,0.0,0.99058,1.0,1.0,0.45,0.8,0.83411,1.0,1.0,1.0,1.0,1.0,0.5,0.5,0.5,0.0,0.0,1.0,1.0,1.0,1.0,1.0,0.55,0.3,1.0,1.0,0.5,1.0,1.0,1.0
1.0,0.5,0.0,0.5,0.3,0.5,0.07808,0.3,0.53333,0.0,1.0,0.0,1.0,0.45,0.11,0.99181,0.0,1.0,1.0,1.0,1.0,1.0,0.0,0.94532,1.0,0.11111,0.62293,0.49654,0.0,1.0,0.99444,1.0,1.0,0.7,1.0,1.0,0.5,1.0,0.5,1.0,1.0,0.5,0.5,0.5,0.0,0.0,1.0,1.0,1.0,1.0,1.0,0.3,0.3,1.0,1.0,0.5,1.0,1.0,1.0
0.5,0.5,0.5,0.5,0.5,0.5,0.07191,0.1,0.33333,0.0,1.0,0.0,0.0,0.1,0.0,0.99519,0.0,1.0,1.0,1.0,1.0,0.5,0.0,0.03232,0.08079,0.0,1.0,1.0,1.0,0.0,1.0,1.0,0.5,0.7,1.0,1.0,0.5,0.5,0.5,1.0,1.0,0.5,0.5,0.5,0.0,0.0,1.0,1.0,1.0,0.5,0.5,1.0,0.1,1.0,1.0,1.0,1.0,1.0,0.5
0.5,0.5,0.5,0.5,0.5,0.5,0.13302,1.0,0.3,0.0,1.0,0.0,0.0,0.52,0.0,0.96478,0.0,1.0,1.0,1.0,1.0,0.5,0.0,0.92813,1.0,0.11111,1.0,1.0,1.0,1.0,1.0,0.88889,0.5,0.7,1.0,1.0,0.5,0.5,0.5,1.0,1.0,0.5,0.5,0.5,0.0,0.0,1.0,1.0,1.0,0.5,0.5,0.3,0.4,1.0,0.33333,1.0,1.0,1.0,0.5
0.5,0.5,0.5,0.5,0.5,0.5,0.1231,0.9,0.26667,0.0,1.0,0.0,0.0,0.33,0.0,0.9775,0.0,1.0,1.0,1.0,1.0,0.5,1.0,0.87324,1.0,0.33333,1.0,1.0,1.0,0.0,0.94878,0.77778,0.5,0.7,1.0,1.0,0.5,0.5,0.5,1.0,1.0,0.5,0.5,0.5,0.0,0.0,1.0,1.0,1.0,0.5,0.5,0.3,0.3,1.0,0.5,1.0,1.0,1.0,0.5
0.0,1.0,0.0,0.0,0.8,0.9,0.13281,0.8,0.46667,0.0,1.0,0.0,0.0,0.26,0.05,0.79676,0.0,1.0,1.0,0.77778,1.0,0.97778,0.0,0.69066,1.0,0.11111,1.0,0.96943,0.75,0.0,0.95383,0.77778,0.77778,0.7,1.0,1.0,0.5,0.5,0.5,1.0,1.0,0.5,0.5,0.5,0.0,0.0,1.0,1.0,1.0,0.76612,0.52023,0.3,0.4,0.75,0.33333,0.66667,1.0,0.75,1.0
1.0,0.5,1.0,0.5,0.9,0.5,0.13964,0.9,0.5,0.0,1.0,0.0,1.0,0.26,0.05,0.90132,0.0,1.0,1.0,0.77778,1.0,1.0,0.0,0.68075,1.0,0.11111,1.0,0.89588,0.75,0.0,0.94871,1.0,1.0,0.7,1.0,1.0,0.5,0.5,0.5,1.0,1.0,0.5,0.5,0.5,0.0,0.0,1.0,1.0,1.0,0.76612,0.52023,0.3,0.4,0.75,1.0,0.66667,1.0,0.75,1.0
1.0,0.5,1.0,0.5,0.9,0.5,0.14638,0.9,0.53333,0.0,1.0,0.0,1.0,0.27,0.05,0.9798,0.0,1.0,1.0,0.77778,1.0,1.0,0.0,0.68039,1.0,0.11111,1.0,0.91569,0.75,0.0,0.94652,1.0,1.0,0.7,1.0,1.0,0.5,0.5,0.5,1.0,1.0,0.5,0.5,0.5,0.0,0.0,1.0,1.0,1.0,0.76612,0.52023,0.3,0.4,0.75,1.0,0.66667,1.0,0.75,1.0
0.5,0.5,0.5,0.5,0.5,0.5,0.0656,0.2,0.5,0.0,1.0,0.0,0.0,0.47,0.06,0.99622,0.0,1.0,1.0,1.0,1.0,0.5,0.0,0.90922,1.0,0.11111,0.58625,0.45628,0.0,0.0,0.98252,0.77778,0.5,0.35,0.9,0.89411,1.0,0.5,0.7563,1.0,1.0,0.5,0.5,0.5,0.32095,0.34628,0.65,1.0,1.0,0.36371,0.51529,1.0,0.1,0.0,1.0,0.0,1.0,0.66667,0.5
1.0,0.5,0.0,0.5,0.2,0.5,0.06329,0.2,0.53333,0.0,1.0,0.0,1.0,0.45,0.06,0.99752,0.0,1.0,1.0,1.0,1.0,1.0,1.0,0.91108,1.0,0.11111,0.56612,0.42769,0.0,0.0,0.98388,1.0,1.0,0.65,1.0,1.0,0.5,0.5,0.5,1.0,1.0,0.36556,0.30086,0.5,0.0,0.25628,1.0,1.0,1.0,0.36556,0.30086,0.35,0.3,0.66667,1.0,1.0,1.0,0.0,1.0
0.0,0.0,0.0,0.0,0.2,0.1,0.02795,0.1,0.6,0.0,1.0,0.0,0.0,0.44,0.05,0.99692,0.0,1.0,1.0,1.0,1.0,1.0,1.0,0.91781,1.0,0.11111,0.25179,0.17333,0.0,0.0,0.98311,0.88889,1.0,0.0,0.9,0.90094,0.15986,0.5,0.23979,1.0,1.0,0.36556,0.30086,0.86987,0.0,0.0,1.0,1.0,1.0,0.25571,0.39235,1.0,0.1,0.0,1.0,0.0,1.0,0.66667,1.0
0.0,0.5,0.0,0.5,0.1,0.5,0.01894,0.1,0.63333,0.0,1.0,0.0,1.0,0.45,0.06,0.99626,0.0,1.0,1.0,1.0,1.0,1.0,1.0,0.93856,1.0,0.11111,0.17513,0.11371,0.0,0.0,0.98462,1.0,1.0,0.0,0.9,0.96267,1.0,1.0,1.0,1.0,1.0,0.36556,0.30086,0.86987,0.0,0.0,1.0,1.0,1.0,0.25571,0.39235,1.0,0.1,0.0,1.0,0.0,1.0,0.0,1.0
0.0,0.0,0.0,0.0,0.1,0.1,0.01457,0.1,0.76667,0.0,1.0,0.0,0.0,0.39,0.04,0.99671,0.0,1.0,1.0,1.0,1.0,1.0,0.0,0.94873,1.0,0.11111,0.13641,0.08851,0.0,0.0,0.99439,0.88889,0.77778,0.7,1.0,1.0,0.5,1.0,0.5,1.0,1.0,0.36556,0.30086,0.86987,0.0,0.0,1.0,1.0,1.0,0.25571,0.39235,0.3,0.2,0.33333,1.0,1.0,1.0,0.66667,1.0
0.0,0.0,0.0,0.0,0.1,0.1,0.01016,0.1,0.83333,0.0,1.0,0.0,0.0,0.37,0.04,0.99778,0.0,1.0,1.0,1.0,1.0,1.0,1.0,0.95196,1.0,0.11111,0.09556,0.05988,0.0,0.0,0.98747,0.88889,0.77778,0.7,1.0,1.0,0.5,1.0,0.5,1.0,1.0,0.36556,0.30086,0.86987,0.0,0.0,1.0,1.0,1.0,0.25571,0.39235,0.3,0.2,0.33333,1.0,1.0,1.0,0.66667,1.0
0.0,0.0,0.0,0.0,0.1,0.1,0.00379,0.1,0.96667,0.0,1.0,0.0,0.0,0.33,0.04,0.0,0.99911,1.0,1.0,1.0,1.0,1.0,1.0,0.96278,1.0,0.11111,0.03616,0.02286,0.0,0.0,0.99718,0.77778,0.77778,0.7,1.0,1.0,0.5,1.0,0.5,1.0,1.0,0.36556,0.30086,0.86987,0.0,0.0,1.0,1.0,1.0,0.0,0.04071,1.0,0.1,0.0,1.0,0.0,1.0,0.0,1.0
0.5,0.5,0.5,0.5,0.5,0.5,0.10946,0.8,0.26667,0.0,1.0,0.0,0.0,0.45,0.03,0.99183,0.0,0.91111,1.0,1.0,1.0,0.5,0.0,0.73662,1.0,0.11111,0.93332,0.87497,0.0,0.0,1.0,0.77778,0.5,0.7,1.0,1.0,0.5,0.5,0.5,1.0,1.0,0.5,0.5,0.5,0.0,0.0,1.0,1.0,1.0,0.57651,0.6375,0.3,0.2,1.0,0.0,1.0,1.0,0.0,0.5
0.0,0.0,0.0,0.0,0.6,0.3,0.05794,0.1,0.36667,0.0,1.0,0.0,0.0,0.41,0.08,0.97317,0.0,0.75556,1.0,0.62222,1.0,0.75556,1.0,0.94002,1.0,0.11111,0.46484,0.36178,0.0,0.0,0.95647,0.88889,0.88889,0.35,0.9,0.87196,0.0,0.76491,0.97712,1.0,1.0,0.5,0.5,0.5,0.0,0.0,1.0,1.0,1.0,0.71838,0.95914,1.0,0.1,0.0,1.0,0.0,1.0,0.0,1.0
1.0,1.0,1.0,0.0,0.2,0.2,0.04045,0.1,0.5,0.0,1.0,0.0,0.0,0.39,0.09,0.99189,0.0,1.0,1.0,1.0,0.8,1.0,1.0,0.99985,1.0,0.11111,0.3034,0.19362,0.0,0.0,0.97076,0.88889,1.0,0.7,1.0,1.0,0.5,1.0,0.5,1.0,1.0,0.5,0.5,0.5,0.0,0.0,1.0,1.0,1.0,0.71838,0.95914,1.0,0.1,0.0,1.0,0.0,1.0,0.5,0.77778
1.0,1.0,1.0,1.0,0.2,0.2,0.04818,0.2,0.56667,0.0,1.0,0.0,0.0,0.38,0.11,0.99718,0.0,1.0,1.0,1.0,1.0,1.0,1.0,0.91977,1.0,0.11111,0.39872,0.24003,0.0,0.0,0.96287,0.77778,0.77778,0.7,1.0,1.0,0.5,1.0,0.5,1.0,1.0,0.5,0.5,0.5,0.0,0.0,1.0,1.0,1.0,0.71838,0.95914,0.3,0.2,0.5,1.0,0.0,1.0,0.0,0.66667
0.5,0.5,0.5,0.5,0.5,0.5,0.12301,0.8,0.5,0.0,1.0,0.0,0.0,0.27,0.0,0.9878,0.0,1.0,0.95556,1.0,1.0,0.5,0.0,0.78128,1.0,0.22222,1.0,1.0,1.0,0.0,0.93992,0.66667,0.5,0.7,1.0,1.0,0.5,0.5,0.5,1.0,1.0,0.5,0.5,0.5,0.0,0.0,1.0,1.0,1.0,0.5,0.5,0.6,0.2,0.5,1.0,1.0,1.0,0.0,0.5
0.0,0.0,0.0,0.0,0.8,0.8,0.08096,0.5,0.63333,0.0,1.0,0.0,0.0,0.24,0.01,0.79555,0.0,1.0,1.0,1.0,1.0,0.88889,0.0,0.95932,1.0,0.11111,1.0,0.91043,0.5,0.0,0.89157,0.77778,0.77778,0.7,1.0,1.0,0.5,0.5,0.5,1.0,1.0,0.5,0.5,0.5,0.0,0.0,1.0,1.0,1.0,0.5,0.5,0.35,0.2,0.25,1.0,1.0,1.0,0.25,0.55556
0.5,0.5,0.5,0.5,0.5,0.5,0.11575,0.9,0.13333,0.0,1.0,0.0,0.0,0.77,0.03,0.71628,0.0,1.0,1.0,1.0,1.0,0.5,0.0,0.80128,1.0,0.11111,1.0,1.0,1.0,0.0,1.0,1.0,0.5,0.55,0.8,0.81806,0.78754,0.5,0.42957,1.0,1.0,0.5,0.5,0.5,0.0,0.0,1.0,1.0,1.0,1.0,1.0,0.45,0.3,1.0,0.5,1.0,1.0,1.0,0.5
0.0,0.0,0.0,0.0,0.4,0.4,0.02524,0.1,0.63333,0.0,1.0,0.0,0.0,0.62,0.04,0.0,0.99214,1.0,1.0,1.0,1.0,1.0,1.0,0.7021,1.0,0.11111,0.39291,0.18992,0.0,0.0,1.0,1.0,0.77778,0.6,1.0,1.0,0.5,0.85084,0.5,1.0,1.0,0.5,0.5,0.5,0.0,0.0,1.0,1.0,1.0,0.84349,1.0,0.4,0.2,0.5,0.0,0.0,1.0,0.5,1.0
0.0,0.0,0.0,0.0,0.1,0.1,0.01396,0.2,0.83333,0.0,1.0,0.0,0.0,0.61,0.03,0.0,0.98906,1.0,1.0,1.0,1.0,1.0,0.0,0.69809,1.0,0.11111,0.24555,0.09342,0.5,0.0,0.91958,0.88889,0.77778,0.7,1.0,1.0,0.5,0.85084,0.5,1.0,1.0,0.5,0.5,0.5,0.0,0.0,1.0,1.0,1.0,0.84349,1.0,0.5,0.2,0.5,1.0,0.0,1.0,0.0,1.0
0.0,0.0,0.0,0.0,0.2,0.2,0.01085,0.2,0.9,0.0,1.0,0.0,0.0,0.6,0.03,0.0,0.99376,1.0,1.0,1.0,1.0,1.0,0.0,0.70429,1.0,0.11111,0.18848,0.06934,0.5,0.0,0.91682,1.0,1.0,0.7,1.0,1.0,0.5,0.85084,0.5,1.0,1.0,0.5,0.5,0.5,0.0,0.0,1.0,1.0,1.0,0.84349,1.0,0.45,0.3,1.0,0.0,0.5,1.0,1.0,0.22222
0.0,0.5,0.0,0.5,0.2,0.5,0.00969,0.2,0.93333,0.0,1.0,0.0,1.0,0.63,0.03,0.0,0.9955,1.0,1.0,1.0,1.0,1.0,0.0,0.70085,1.0,0.11111,0.17141,0.06282,0.5,0.0,0.91158,1.0,1.0,0.7,1.0,1.0,0.5,0.85084,0.5,1.0,1.0,0.5,0.5,0.5,0.0,0.0,1.0,1.0,1.0,0.84349,1.0,0.4,0.2,0.5,0.0,0.0,1.0,1.0,0.11111
0.0,1.0,0.0,0.0,0.2,0.2,0.0082,0.2,0.0,0.9375,1.0,0.0,0.0,0.62,0.03,0.0,0.9974,1.0,1.0,1.0,1.0,1.0,0.0,0.70006,1.0,0.11111,0.14779,0.05279,0.5,0.0,0.80799,1.0,0.77778,0.7,1.0,1.0,0.5,0.85084,0.5,1.0,1.0,0.5,0.5,0.5,0.0,0.0,1.0,1.0,1.0,0.84349,1.0,0.65,0.2,0.5,1.0,0.0,1.0,0.0,0.11111
0.0,0.5,0.0,0.5,0.2,0.5,0.00731,0.2,0.0,0.90909,1.0,0.0,1.0,0.61,0.03,0.0,0.99778,1.0,1.0,1.0,1.0,1.0,1.0,0.70264,1.0,0.11111,0.13037,0.0463,0.5,0.0,0.80801,1.0,1.0,0.7,1.0,1.0,0.5,0.85084,0.5,1.0,1.0,0.5,0.5,0.5,0.0,0.0,1.0,1.0,1.0,0.84349,1.0,0.6,0.2,0.5,1.0,0.0,1.0,0.5,0.22222
0.0,1.0,0.0,0.0,0.2,0.2,0.00667,0.2,0.0,0.85714,1.0,0.0,0.0,0.59,0.03,0.0,0.999,1.0,1.0,1.0,1.0,1.0,0.0,0.69351,1.0,0.11111,0.12487,0.04418,0.5,0.0,0.80804,1.0,1.0,0.7,1.0,1.0,0.5,0.85084,0.5,1.0,1.0,0.5,0.5,0.5,0.0,0.0,1.0,1.0,1.0,0.84349,1.0,0.6,0.2,0.5,1.0,0.0,1.0,0.0,0.22222
0.0,0.5,0.0,0.5,0.2,0.5,0.00603,0.2,0.0,0.83333,1.0,0.0,1.0,0.58,0.03,0.0,0.99898,1.0,1.0,1.0,1.0,1.0,1.0,0.69679,1.0,0.11111,0.11118,0.03917,0.5,0.0,0.80806,1.0,1.0,0.7,1.0,1.0,0.5,0.85084,0.5,1.0,1.0,0.5,0.5,0.5,0.0,0.0,1.0,1.0,1.0,0.84349,1.0,0.55,0.2,0.5,1.0,0.0,1.0,0.5,0.22222
0.0,0.5,0.0,0.5,0.2,0.5,0.00551,0.2,0.0,0.81081,1.0,0.0,1.0,0.58,0.03,0.0,0.99919,1.0,1.0,1.0,1.0,1.0,1.0,0.69697,1.0,0.11111,0.10169,0.03574,0.5,0.0,0.80807,1.0,1.0,0.7,1.0,1.0,0.5,0.85084,0.5,1.0,1.0,0.5,0.5,0.5,0.0,0.0,1.0,1.0,1.0,0.84349,1.0,0.5,0.2,0.5,1.0,0.0,1.0,0.5,0.22222
0.0,1.0,0.0,0.0,0.2,0.2,0.00527,0.2,0.0,0.76923,1.0,0.0,0.0,0.58,0.03,0.0,0.99952,1.0,1.0,1.0,1.0,1.0,0.0,0.68671,1.0,0.11111,0.10259,0.03598,0.5,0.0,0.80808,1.0,1.0,0.7,1.0,1.0,0.5,0.85084,0.5,1.0,1.0,0.5,0.5,0.5,0.0,0.0,1.0,1.0,1.0,0.84349,1.0,0.55,0.2,0.5,1.0,0.0,1.0,0.0,0.22222
0.5,0.5,0.5,0.5,0.5,0.5,0.11779,1.0,0.26667,0.0,1.0,0.0,0.0,0.58,0.01,0.35333,0.0,1.0,1.0,1.0,1.0,0.5,0.0,0.97004,1.0,0.33333,1.0,1.0,1.0,0.0,1.0,0.88889,0.5,0.7,1.0,1.0,0.5,0.5,0.5,1.0,1.0,0.5,0.5,0.5,0.0,0.0,1.0,1.0,1.0,0.61833,0.55333,0.3,0.4,1.0,1.0,1.0,1.0,1.0,0.5
0.0,0.0,0.0,0.0,0.7,0.8,0.0493,0.1,0.86667,0.0,1.0,0.0,0.0,0.45,0.09,0.87662,0.0,0.46667,1.0,1.0,1.0,0.8,0.0,0.71132,1.0,0.33333,0.59587,0.37582,0.0,0.0,1.0,0.66667,0.88889,0.7,1.0,1.0,0.5,0.49651,0.5,1.0,1.0,0.5,0.5,0.5,0.0,0.0,1.0,1.0,1.0,0.26071,0.44752,0.3,0.3,1.0,0.0,0.5,1.0,1.0,1.0
0.0,0.0,0.0,0.0,0.1,0.1,0.02159,0.2,0.0,0.76923,1.0,0.0,0.0,0.37,0.09,0.9897,0.0,1.0,1.0,1.0,1.0,0.64444,0.0,0.87488,1.0,0.11111,0.23009,0.14913,0.0,0.0,1.0,0.88889,0.55556,0.7,1.0,1.0,0.5,0.49651,0.5,1.0,1.0,0.5,0.5,0.5,0.0,0.0,1.0,1.0,1.0,0.67103,1.0,0.3,0.4,0.75,0.66667,0.66667,0.66667,1.0,1.0
0.5,0.5,0.5,0.5,0.5,0.5,0.00234,0.7,0.93333,0.0,1.0,0.0,0.0,0.03,0.12,0.9828,0.0,1.0,1.0,0.55556,0.91111,0.5,0.0,0.78937,1.0,0.44444,0.01856,0.00937,0.0,0.0,1.0,0.55556,0.5,0.7,1.0,1.0,0.5,0.5,0.5,1.0,1.0,0.5,0.5,0.5,0.0,0.0,1.0,1.0,1.0,0.23141,0.484,1.0,0.1,0.0,1.0,0.0,1.0,0.0,0.5
0.0,0.5,1.0,0.5,0.7,0.5,0.00235,0.7,0.96667,0.0,1.0,0.0,1.0,0.03,0.12,0.97848,0.0,1.0,1.0,0.55556,1.0,1.0,1.0,0.78941,1.0,0.44444,0.01864,0.00941,0.0,0.0,1.0,1.0,1.0,0.7,1.0,1.0,0.5,0.5,0.5,1.0,1.0,0.5,0.5,0.5,0.0,0.0,1.0,1.0,1.0,0.23141,0.484,1.0,0.1,0.0,1.0,0.0,1.0,0.0,0.66667
0.0,0.5,1.0,0.5,0.7,0.5,0.00235,0.7,1.0,0.0,1.0,0.0,1.0,0.03,0.12,0.98805,0.0,0.91111,1.0,0.6,1.0,0.91111,1.0,0.78945,1.0,0.44444,0.01868,0.00943,0.0,0.0,1.0,1.0,1.0,0.7,1.0,1.0,0.5,0.5,0.5,1.0,1.0,0.5,0.5,0.5,0.0,0.0,1.0,1.0,1.0,0.23141,0.484,1.0,0.1,0.0,1.0,0.0,1.0,0.0,0.66667
0.0,0.5,1.0,0.5,0.7,0.5,0.00235,0.7,0.0,0.96774,1.0,0.0,1.0,0.02,0.12,0.98856,0.0,1.0,1.0,0.91111,1.0,1.0,1.0,0.78947,1.0,0.44444,0.01869,0.00944,0.0,0.0,1.0,1.0,1.0,0.7,1.0,1.0,0.5,0.5,0.5,1.0,1.0,0.5,0.5,0.5,0.0,0.0,1.0,1.0,1.0,0.23141,0.484,1.0,0.1,0.0,1.0,0.0,1.0,0.0,0.66667
0.0,0.5,1.0,0.5,0.7,0.5,0.00235,0.7,0.0,0.9375,1.0,0.0,1.0,0.02,0.12,0.98986,0.0,1.0,1.0,0.91111,1.0,1.0,1.0,0.78947,1.0,0.44444,0.0187,0.00944,0.0,0.0,1.0,1.0,1.0,0.7,1.0,1.0,0.5,0.5,0.5,1.0,1.0,0.5,0.5,0.5,0.0,0.0,1.0,1.0,1.0,0.23141,0.484,1.0,0.1,0.0,1.0,0.0,1.0,0.0,0.66667
0.0,0.5,1.0,0.5,0.7,0.5,0.00235,0.7,0.0,0.90909,1.0,0.0,1.0,0.02,0.12,0.9911,0.0,1.0,1.0,0.91111,1.0,1.0,1.0,0.78947,1.0,0.44444,0.01871,0.00944,0.0,0.0,1.0,1.0,1.0,0.7,1.0,1.0,0.5,0.5,0.5,1.0,1.0,0.5,0.5,0.5,0.0,0.0,1.0,1.0,1.0,0.23141,0.484,1.0,0.1,0.0,1.0,0.0,1.0,0.0,0.66667
0.0,0.5,1.0,0.5,0.7,0.5,0.00235,0.7,0.0,0.88235,1.0,0.0,1.0,0.02,0.12,0.99224,0.0,1.0,1.0,0.91111,1.0,1.0,1.0,0.78947,1.0,0.44444,0.01871,0.00944,0.0,0.0,1.0,1.0,1.0,0.7,1.0,1.0,0.5,0.5,0.5,1.0,1.0,0.5,0.5,0.5,0.0,0.0,1.0,1.0,1.0,0.23141,0.484,1.0,0.1,0.0,1.0,0.0,1.0,0.0,0.66667
0.0,0.5,1.0,0.5,0.7,0.5,0.00235,0.7,0.0,0.85714,1.0,0.0,1.0,0.02,0.12,0.99323,0.0,1.0,1.0,0.91111,1.0,1.0,1.0,0.78947,1.0,0.44444,0.01871,0.00944,0.0,0.0,1.0,1.0,1.0,0.7,1.0,1.0,0.5,0.5,0.5,1.0,1.0,0.5,0.5,0.5,0.0,0.0,1.0,1.0,1.0,0.23141,0.484,1.0,0.1,0.0,1.0,0.0,1.0,0.0,0.66667
0.0,0.5,1.0,0.5,0.7,0.5,0.00235,0.7,0.0,0.83333,1.0,0.0,1.0,0.02,0.12,0.99452,0.0,1.0,1.0,0.91111,1.0,1.0,1.0,0.78947,1.0,0.44444,0.01871,0.00944,0.0,0.0,1.0,1.0,1.0,0.7,1.0,1.0,0.5,0.5,0.5,1.0,1.0,0.5,0.5,0.5,0.0,0.0,1.0,1.0,1.0,0.23141,0.484,1.0,0.1,0.0,1.0,0.0,1.0,0.0,0.66667
0.0,0.5,1.0,0.5,0.7,0.5,0.00235,0.7,0.0,0.81081,1.0,0.0,1.0,0.02,0.12,0.99557,0.0,1.0,1.0,0.91111,1.0,1.0,0.0,0.78947,1.0,0.44444,0.01871,0.00944,0.0,0.0,1.0,1.0,1.0,0.7,1.0,1.0,0.5,0.5,0.5,1.0,1.0,0.5,0.5,0.5,0.0,0.0,1.0,1.0,1.0,0.23141,0.484,1.0,0.1,0.0,1.0,0.0,1.0,0.0,0.66667
0.0,0.5,1.0,0.5,0.7,0.5,0.00235,0.7,0.0,0.78947,1.0,0.0,1.0,0.02,0.12,0.99642,0.0,1.0,1.0,0.6,1.0,1.0,0.0,0.78947,1.0,0.44444,0.01871,0.00944,0.0,0.0,1.0,1.0,1.0,0.7,1.0,1.0,0.5,0.5,0.5,1.0,1.0,0.5,0.5,0.5,0.0,0.0,1.0,1.0,1.0,0.23141,0.484,1.0,0.1,0.0,1.0,0.0,1.0,0.0,0.66667
0.0,0.5,1.0,0.5,0.7,0.5,0.00235,0.7,0.0,0.76923,1.0,0.0,1.0,0.02,0.12,0.99711,0.0,1.0,1.0,0.6,1.0,1.0,0.0,0.78947,1.0,0.44444,0.01871,0.00944,0.0,0.0,1.0,1.0,1.0,0.7,1.0,1.0,0.5,0.5,0.5,1.0,1.0,0.5,0.5,0.5,0.0,0.0,1.0,1.0,1.0,0.23141,0.484,1.0,0.1,0.0,1.0,0.0,1.0,0.0,0.66667
0.5,0.5,0.5,0.5,0.5,0.5,0.00027,0.1,0.5,0.0,1.0,0.0,0.0,0.21,0.02,0.98092,0.0,0.93333,1.0,1.0,1.0,0.5,0.0,0.76798,1.0,0.11111,0.00315,0.00202,0.0,0.0,0.95768,0.77778,0.5,0.0,1.0,1.0,0.5,0.5,0.5,1.0,1.0,0.5,0.5,0.5,0.0,0.0,1.0,1.0,1.0,0.5,0.5,1.0,0.1,0.0,1.0,1.0,1.0,0.0,0.5
0.0,0.5,0.0,0.5,0.1,0.5,0.00018,0.1,0.53333,0.0,1.0,0.0,1.0,0.14,0.02,0.97399,0.0,0.91111,1.0,1.0,1.0,0.91111,0.0,0.74262,1.0,0.11111,0.00225,0.00136,0.0,0.0,0.97292,1.0,0.77778,0.0,1.0,1.0,0.5,0.5,0.5,1.0,1.0,0.5,0.5,0.5,0.0,0.0,1.0,1.0,1.0,0.5,0.5,1.0,0.1,0.0,1.0,1.0,1.0,0.0,1.0
0.0,0.0,0.0,0.0,0.1,0.1,0.00017,0.1,0.6,0.0,1.0,0.0,0.0,0.14,0.02,0.9838,0.0,0.91111,0.91111,1.0,1.0,1.0,1.0,0.76888,1.0,0.11111,0.00187,0.00105,0.0,0.0,0.9731,1.0,1.0,0.0,1.0,1.0,0.5,0.5,0.5,1.0,1.0,0.5,0.5,0.5,0.0,0.0,1.0,1.0,1.0,0.5,0.5,1.0,0.1,0.0,1.0,1.0,1.0,0.0,1.0
0.0,0.0,0.0,0.0,0.1,0.1,0.00017,0.1,0.66667,0.0,1.0,0.0,0.0,0.13,0.02,0.98203,0.0,0.97778,0.88889,0.97778,1.0,0.97778,1.0,0.76976,1.0,0.11111,0.00185,0.00104,0.0,0.0,0.97363,1.0,1.0,0.0,1.0,1.0,0.5,0.5,0.5,1.0,1.0,0.5,0.5,0.5,0.0,0.0,1.0,1.0,1.0,0.5,0.5,1.0,0.1,0.0,1.0,1.0,1.0,0.0,1.0
0.5,0.5,0.5,0.5,0.5,0.5,0.05798,0.1,0.06667,0.0,0.0,0.66667,0.0,0.17333,0.0,0.5,0.5,0.86667,0.89524,1.0,1.0,0.5,1.0,0.65726,1.0,0.21429,0.91366,0.83545,0.0,0.0,0.83333,1.0,0.5,0.7,1.0,1.0,0.5,0.5,0.5,1.0,1.0,0.5,0.5,0.5,0.5,0.5,1.0,1.0,1.0,0.5,0.5,0.3,0.13333,0.5,1.0,1.0,1.0,0.0,0.5
1.0,0.5,1.0,0.5,0.53333,0.5,0.06463,0.53333,0.1,0.0,0.0,0.66667,1.0,0.20444,0.0,0.95128,0.0,0.93333,0.95238,1.0,1.0,0.93333,1.0,0.85661,1.0,0.14286,0.99923,0.84324,0.75,0.0,0.81651,1.0,0.85714,0.7,1.0,1.0,0.5,0.5,0.5,1.0,1.0,0.5,0.5,0.5,0.0,0.0,1.0,1.0,1.0,0.5,0.5,0.3,0.33333,1.0,0.75,1.0,1.0,0.25,1.0
1.0,0.5,1.0,0.5,0.53333,0.5,0.06495,0.53333,0.13333,0.0,0.0,0.66667,1.0,0.2,0.0,0.93027,0.0,0.91429,0.95238,1.0,1.0,0.91429,1.0,0.97949,1.0,0.21429,1.0,0.85469,0.6,0.0,0.79352,1.0,0.92857,0.7,1.0,1.0,0.5,0.5,0.5,1.0,1.0,0.5,0.5,0.5,0.0,0.0,1.0,1.0,1.0,0.5,0.5,0.3,0.26667,0.6,0.66667,1.0,1.0,0.8,1.0
0.0,0.0,0.0,0.0,0.26667,0.2,0.00068,0.13333,0.66667,0.0,0.0,0.66667,0.0,0.16,0.03556,0.0,0.98641,0.88571,0.94286,0.86667,1.0,0.79048,0.0,0.97599,1.0,0.07143,0.01229,0.00746,0.16667,0.0,0.78229,1.0,0.78571,0.0,1.0,1.0,0.5,0.5,0.5,1.0,1.0,0.5,0.5,0.5,0.0,0.0,1.0,1.0,1.0,0.07854,0.15044,1.0,0.06667,0.0,1.0,0.0,1.0,0.0,1.0
0.5,0.5,0.5,0.5,0.5,0.5,0.05244,0.06667,0.23333,0.0,0.0,0.66667,0.0,0.70222,0.0,1.0,0.0,0.48571,0.48571,1.0,1.0,0.5,0.0,0.90856,1.0,0.0,0.82531,0.75559,0.0,0.0,0.95172,1.0,0.5,0.7,1.0,1.0,0.5,0.5,0.5,1.0,1.0,0.5,0.5,0.5,0.0,0.0,1.0,1.0,1.0,0.5,0.5,0.3,0.33333,0.8,0.25,1.0,1.0,1.0,0.5
1.0,0.5,0.0,0.5,0.06667,0.5,0.05016,0.06667,0.26667,0.0,0.0,0.66667,1.0,0.72,0.0,0.93647,0.0,1.0,1.0,1.0,1.0,1.0,0.0,0.88786,1.0,0.0,0.79855,0.71086,0.0,0.0,0.9626,1.0,1.0,0.7,1.0,1.0,0.5,0.5,0.5,1.0,1.0,0.5,0.5,0.5,0.0,0.0,1.0,1.0,1.0,0.5,0.5,0.3,0.26667,0.6,0.66667,1.0,1.0,0.8,1.0
1.0,0.5,1.0,0.5,0.06667,0.5,0.05077,0.06667,0.3,0.0,0.0,0.66667,1.0,0.69333,0.0,0.88938,0.0,1.0,1.0,1.0,1.0,1.0,0.0,0.86487,1.0,0.0,0.81885,0.69808,0.0,0.0,0.97695,1.0,1.0,0.7,1.0,1.0,0.5,0.5,0.5,1.0,1.0,0.5,0.5,0.5,0.0,0.0,1.0,1.0,1.0,0.5,0.5,0.3,0.4,1.0,0.6,1.0,1.0,0.6,1.0
1.0,0.5,1.0,0.5,0.06667,0.5,0.05205,0.06667,0.33333,0.0,0.0,0.66667,1.0,0.66222,0.0,0.88059,0.0,1.0,1.0,1.0,1.0,1.0,0.0,0.84882,1.0,0.0,0.84738,0.72718,0.0,0.0,0.98238,1.0,1.0,0.7,1.0,1.0,0.5,0.5,0.5,1.0,1.0,0.5,0.5,0.5,0.0,0.0,1.0,1.0,1.0,0.5,0.5,0.3,0.4,1.0,1.0,1.0,1.0,1.0,1.0
1.0,0.5,1.0,0.5,0.13333,0.5,0.05335,0.13333,0.36667,0.0,0.0,0.66667,1.0,0.60889,0.0,0.89233,0.0,1.0,1.0,1.0,1.0,1.0,0.0,0.83719,1.0,0.0,0.87461,0.75342,0.2,0.0,0.98612,1.0,1.0,0.7,1.0,1.0,0.5,0.5,0.5,1.0,1.0,0.5,0.5,0.5,0.0,0.0,1.0,1.0,1.0,0.5,0.5,0.3,0.4,1.0,1.0,1.0,1.0,1.0,1.0
1.0,0.5,0.0,0.5,0.06667,0.5,0.05296,0.06667,0.4,0.0,0.0,0.66667,1.0,0.55556,0.0,0.93305,0.0,1.0,1.0,1.0,1.0,1.0,0.0,0.7826,1.0,0.0,0.89794,0.80984,0.0,0.0,0.98047,1.0,1.0,0.7,1.0,1.0,0.5,0.5,0.5,1.0,1.0,0.5,0.5,0.5,0.0,0.0,1.0,1.0,1.0,0.5,0.5,0.3,0.4,1.0,0.8,1.0,1.0,1.0,1.0
1.0,0.5,0.0,0.5,0.06667,0.5,0.05047,0.06667,0.43333,0.0,0.0,0.66667,1.0,0.50222,0.0,0.96924,0.0,1.0,1.0,1.0,1.0,1.0,0.0,0.72316,1.0,0.0,0.89029,0.78552,0.0,0.0,0.97328,1.0,1.0,0.7,1.0,1.0,0.5,0.5,0.5,1.0,1.0,0.5,0.5,0.5,0.0,0.0,1.0,1.0,1.0,0.5,0.5,0.3,0.33333,0.8,1.0,1.0,1.0,1.0,1.0
1.0,1.0,0.0,0.0,0.06667,0.06667,0.04955,0.13333,0.6,0.0,0.0,0.66667,0.0,0.48889,0.0,0.98688,0.0,1.0,1.0,1.0,1.0,0.86667,0.0,0.82987,1.0,0.07143,0.92933,0.81541,0.2,0.0,0.96111,1.0,1.0,0.7,1.0,1.0,0.5,0.5,0.5,1.0,1.0,0.5,0.5,0.5,0.0,0.0,1.0,1.0,1.0,0.5,0.5,0.3,0.4,1.0,0.8,1.0,1.0,0.8,1.0
1.0,0.5,1.0,0.5,0.13333,0.5,0.05232,0.13333,0.63333,0.0,0.0,0.66667,1.0,0.48,0.0,0.98908,0.0,1.0,1.0,1.0,1.0,1.0,0.0,0.82955,1.0,0.07143,0.98068,0.84809,0.2,1.0,0.96316,1.0,1.0,0.7,1.0,1.0,0.5,0.5,0.5,1.0,1.0,0.5,0.5,0.5,0.0,0.0,1.0,1.0,1.0,0.5,0.5,0.3,0.4,1.0,1.0,1.0,1.0,1.0,1.0
1.0,0.5,0.0,0.5,0.13333,0.5,0.05156,0.13333,0.66667,0.0,0.0,0.66667,1.0,0.47556,0.0,0.98437,0.0,1.0,1.0,1.0,1.0,1.0,1.0,0.83892,1.0,0.07143,0.95387,0.82606,0.2,1.0,0.96377,1.0,1.0,0.7,1.0,1.0,0.5,0.5,0.5,1.0,1.0,0.5,0.5,0.5,0.0,0.0,1.0,1.0,1.0,0.5,0.5,0.3,0.4,1.0,1.0,1.0,1.0,1.0,1.0
0.5,0.5,0.5,0.5,0.5,0.5,0.06556,0.4,0.06667,0.0,0.0,0.66667,0.0,0.49778,0.0,0.5,0.5,0.0,1.0,1.0,1.0,0.5,1.0,0.9977,1.0,0.64286,0.97671,0.88784,0.2,0.0,0.87343,0.5,0.5,0.7,1.0,1.0,0.5,0.5,0.5,1.0,1.0,0.5,0.5,0.5,0.5,0.5,1.0,1.0,1.0,0.5,0.5,0.3,0.26667,0.6,0.66667,1.0,1.0,0.8,0.5
0.0,1.0,0.0,0.0,0.13333,0.13333,0.05156,0.13333,0.56667,0.0,0.0,0.66667,0.0,0.46222,0.01778,0.0,0.94609,0.75238,1.0,0.75238,0.88571,0.46667,0.0,0.93377,1.0,0.07143,0.84063,0.70757,0.0,0.0,0.9942,0.85714,0.78571,0.7,1.0,1.0,0.5,0.5,0.5,1.0,1.0,0.5,0.5,0.5,0.45949,0.0,0.63333,1.0,1.0,0.5,0.5,0.66667,0.33333,0.66667,0.75,1.0,1.0,0.66667,1.0
0.5,0.5,0.5,0.5,0.5,0.5,0.05477,0.06667,0.1,0.0,0.0,0.66667,0.0,0.07556,0.0,0.97032,0.0,1.0,1.0,1.0,1.0,0.5,1.0,0.66575,1.0,0.07143,0.82749,0.71861,0.0,1.0,0.44444,0.92857,0.5,0.7,1.0,1.0,0.5,0.5,0.5,1.0,1.0,0.5,0.5,0.5,0.0,0.0,1.0,1.0,1.0,0.5,0.5,0.3,0.2,1.0,0.0,1.0,1.0,0.5,0.5
0.0,0.0,0.0,0.0,0.06667,0.06667,0.04615,0.06667,0.2,0.0,0.0,0.66667,0.0,0.07111,0.0,0.98971,0.0,1.0,0.99048,1.0,1.0,1.0,0.0,0.01331,0.03328,0.07143,1.0,1.0,1.0,1.0,1.0,0.92857,0.85714,0.7,1.0,1.0,0.5,0.5,0.5,1.0,1.0,0.5,0.5,0.5,0.0,0.0,1.0,1.0,1.0,0.5,0.5,1.0,0.06667,1.0,1.0,1.0,1.0,1.0,1.0
0.0,0.0,0.0,0.0,0.06667,0.06667,0.04613,0.06667,0.26667,0.0,0.0,0.66667,0.0,0.07111,0.0,0.99025,0.0,0.99048,0.99048,1.0,1.0,0.99048,1.0,0.62463,1.0,0.07143,0.70559,0.5451,0.0,0.0,0.5,0.92857,0.92857,0.7,1.0,1.0,0.5,0.5,0.5,1.0,1.0,0.5,0.5,0.5,0.0,0.0,1.0,1.0,1.0,0.5,0.5,1.0,0.06667,0.0,1.0,1.0,1.0,0.0,0.57143
0.5,0.5,0.5,0.5,0.5,0.5,0.06027,0.06667,0.06667,0.0,0.0,0.66667,0.0,0.36444,0.0,0.5,0.5,0.54286,0.59048,1.0,1.0,0.5,1.0,0.76044,1.0,0.07143,0.89355,0.74427,0.0,0.0,0.75,0.85714,0.5,0.7,1.0,1.0,0.5,0.5,0.5,1.0,1.0,0.5,0.5,0.5,0.5,0.5,1.0,1.0,1.0,0.5,0.5,0.3,0.13333,0.33333,1.0,1.0,1.0,0.66667,0.5
1.0,0.5,1.0,0.5,0.26667,0.5,0.06251,0.26667,0.1,0.0,0.0,0.66667,1.0,0.42667,0.0,0.82093,0.0,0.84762,1.0,1.0,1.0,0.84762,1.0,0.98099,1.0,0.07143,0.91871,0.79152,0.2,0.0,0.78154,1.0,0.85714,0.7,1.0,1.0,0.5,0.5,0.5,1.0,1.0,0.5,0.5,0.5,0.0,0.0,1.0,1.0,1.0,0.5,0.5,0.3,0.26667,0.6,0.66667,1.0,1.0,0.2,1.0
0.0,1.0,0.0,1.0,0.2,0.26667,0.06278,0.26667,0.16667,0.0,0.0,0.66667,0.0,0.4,0.02667,0.64453,0.0,1.0,1.0,1.0,1.0,1.0,0.0,0.97313,1.0,0.07143,0.97056,0.63862,0.2,0.0,0.94394,1.0,0.85714,0.43333,1.0,1.0,0.5,0.5,0.5,1.0,1.0,0.5,0.5,0.5,0.0,0.0,1.0,1.0,1.0,0.5,0.5,0.56667,0.33333,0.8,0.25,0.5,1.0,0.8,1.0
1.0,0.5,1.0,0.5,0.33333,0.5,0.06627,0.33333,0.2,0.0,0.0,0.66667,1.0,0.33778,0.04444,0.78658,0.0,1.0,1.0,1.0,1.0,1.0,0.0,0.92547,1.0,0.07143,1.0,0.79595,0.4,0.0,0.9604,1.0,0.85714,0.6,1.0,1.0,0.5,0.5,0.5,1.0,1.0,0.5,0.5,0.5,0.0,0.0,1.0,1.0,1.0,0.5,0.5,0.4,0.26667,0.6,0.66667,0.66667,1.0,0.8,1.0
0.0,0.5,0.0,0.5,0.4,0.5,0.06348,0.4,0.23333,0.0,0.0,0.66667,1.0,0.35111,0.05333,0.8691,0.0,1.0,1.0,1.0,1.0,1.0,0.0,0.90491,1.0,0.07143,1.0,0.72053,0.4,0.0,0.95122,1.0,1.0,0.63333,1.0,1.0,0.5,0.5,0.5,1.0,1.0,0.5,0.5,0.5,0.0,0.0,1.0,1.0,1.0,0.5,0.5,0.36667,0.26667,0.6,0.0,0.66667,1.0,0.6,1.0
0.5,0.5,0.5,0.5,0.5,0.5,0.07386,0.93333,0.06667,0.0,0.0,0.66667,0.0,0.52889,0.0,0.5,0.5,0.0,1.0,1.0,1.0,0.5,1.0,0.56113,1.0,0.07143,1.0,0.98868,0.92308,0.0,0.90426,1.0,0.5,0.7,1.0,1.0,0.5,0.5,0.5,1.0,1.0,0.5,0.5,0.5,0.5,0.5,1.0,1.0,1.0,0.5,0.5,0.3,0.6,0.61538,0.875,1.0,1.0,0.61538,0.5
1.0,0.5,0.0,0.5,1.0,0.5,0.07241,1.0,0.1,0.0,0.0,0.66667,1.0,0.69333,0.0,0.0,1.0,1.0,1.0,1.0,1.0,1.0,1.0,0.99321,1.0,0.64286,1.0,1.0,1.0,1.0,0.93231,1.0,0.28571,0.7,1.0,1.0,0.5,0.5,0.5,1.0,1.0,0.5,0.5,0.5,0.0,0.0,1.0,1.0,1.0,0.5,0.5,0.3,0.33333,0.8,1.0,1.0,1.0,0.6,1.0
1.0,0.5,0.0,0.5,0.8,0.5,0.07146,0.8,0.13333,0.0,0.0,0.66667,1.0,0.67111,0.0,0.0,1.0,1.0,1.0,1.0,1.0,1.0,0.0,0.95285,1.0,0.71429,1.0,0.92164,0.75,0.0,0.98792,1.0,0.92857,0.7,1.0,1.0,0.5,0.5,0.5,1.0,1.0,0.5,0.5,0.5,0.0,0.0,1.0,1.0,1.0,0.5,0.5,0.3,0.33333,1.0,0.75,1.0,1.0,0.75,1.0
1.0,0.5,1.0,0.5,0.8,0.5,0.07259,0.8,0.16667,0.0,0.0,0.66667,1.0,0.57778,0.0,0.94061,0.0,0.46667,1.0,1.0,1.0,0.46667,0.0,0.85225,1.0,0.07143,1.0,0.94265,0.83333,0.0,0.98361,1.0,0.85714,0.7,1.0,1.0,0.5,0.5,0.5,1.0,1.0,0.5,0.5,0.5,0.0,0.0,1.0,1.0,1.0,0.5,0.5,0.3,0.46667,1.0,0.66667,1.0,1.0,0.66667,1.0
1.0,0.5,1.0,0.5,0.8,0.5,0.07337,0.8,0.2,0.0,0.0,0.66667,1.0,0.55556,0.0,0.88109,0.0,1.0,1.0,1.0,1.0,1.0,0.0,0.83228,1.0,0.07143,1.0,0.97695,0.66667,0.0,0.98597,1.0,1.0,0.7,1.0,1.0,0.5,0.5,0.5,1.0,1.0,0.5,0.5,0.5,0.0,0.0,1.0,1.0,1.0,0.5,0.5,0.3,0.46667,1.0,1.0,1.0,1.0,1.0,1.0
1.0,0.5,0.0,0.5,0.66667,0.5,0.07198,0.66667,0.23333,0.0,0.0,0.66667,1.0,0.52,0.0,0.86811,0.0,1.0,1.0,1.0,1.0,1.0,1.0,0.83307,1.0,0.07143,1.0,0.97457,0.5,0.0,0.98821,1.0,1.0,0.7,1.0,1.0,0.5,0.5,0.5,1.0,1.0,0.5,0.5,0.5,0.0,0.0,1.0,1.0,1.0,0.5,0.5,0.3,0.4,0.83333,0.8,1.0,1.0,1.0,1.0
1.0,0.5,0.0,0.5,0.66667,0.5,0.07115,0.66667,0.26667,0.0,0.0,0.66667,1.0,0.48889,0.0,0.88403,0.0,1.0,1.0,1.0,1.0,1.0,0.0,0.83137,1.0,0.07143,1.0,0.93467,0.5,0.0,0.98981,1.0,1.0,0.7,1.0,1.0,0.5,0.5,0.5,1.0,1.0,0.5,0.5,0.5,0.0,0.0,1.0,1.0,1.0,0.5,0.5,0.3,0.4,0.83333,1.0,1.0,1.0,0.83333,1.0
1.0,0.5,0.0,0.5,0.73333,0.5,0.07068,0.73333,0.3,0.0,0.0,0.66667,1.0,0.47556,0.0,0.90579,0.0,1.0,1.0,1.0,1.0,1.0,0.0,0.82344,1.0,0.07143,1.0,0.90779,0.5,1.0,0.99121,1.0,1.0,0.7,1.0,1.0,0.5,0.5,0.5,1.0,1.0,0.5,0.5,0.5,0.0,0.0,1.0,1.0,1.0,0.5,0.5,0.3,0.4,0.83333,0.8,1.0,1.0,0.83333,1.0
1.0,0.5,1.0,0.5,0.66667,0.5,0.07212,0.66667,0.33333,0.0,0.0,0.66667,1.0,0.46667,0.0,0.92299,0.0,1.0,1.0,1.0,1.0,1.0,1.0,0.92411,1.0,0.14286,0.98995,0.93542,0.4,1.0,0.99552,1.0,0.92857,0.7,1.0,1.0,0.5,0.5,0.5,1.0,1.0,0.5,0.5,0.5,0.0,0.0,1.0,1.0,1.0,0.5,0.5,0.3,0.4,1.0,1.0,1.0,1.0,1.0,1.0
1.0,1.0,0.0,0.0,0.6,0.46667,0.06689,0.46667,0.4,0.0,0.0,0.66667,0.0,0.42222,0.0,0.95491,0.0,1.0,1.0,1.0,1.0,1.0,0.0,0.92387,1.0,0.21429,0.92217,0.87116,0.0,1.0,0.99894,0.71429,0.92857,0.7,1.0,1.0,0.5,0.5,0.5,1.0,1.0,0.5,0.5,0.5,0.0,0.0,1.0,1.0,1.0,0.5,0.5,0.3,0.33333,1.0,1.0,1.0,1.0,1.0,1.0
1.0,1.0,1.0,1.0,0.53333,0.6,0.07016,0.6,0.46667,0.0,0.0,0.66667,0.0,0.4,0.0,0.97392,0.0,1.0,1.0,1.0,1.0,1.0,1.0,0.9465,1.0,0.21429,0.93855,0.89292,0.0,1.0,0.99947,0.71429,1.0,0.7,1.0,1.0,0.5,0.5,0.5,1.0,1.0,0.5,0.5,0.5,0.0,0.0,1.0,1.0,1.0,0.5,0.5,0.3,0.33333,1.0,1.0,1.0,1.0,1.0,1.0
1.0,0.5,0.0,0.5,0.6,0.5,0.06926,0.6,0.5,0.0,0.0,0.66667,1.0,0.39111,0.0,0.98118,0.0,1.0,1.0,1.0,1.0,1.0,0.0,0.94602,1.0,0.21429,0.92712,0.87104,0.0,1.0,0.99941,1.0,1.0,0.7,1.0,1.0,0.5,0.5,0.5,1.0,1.0,0.5,0.5,0.5,0.0,0.0,1.0,1.0,1.0,0.5,0.5,0.3,0.33333,1.0,1.0,1.0,1.0,1.0,1.0
1.0,0.5,0.0,0.5,0.6,0.5,0.06641,0.6,0.53333,0.0,0.0,0.66667,1.0,0.39111,0.0,0.9867,0.0,1.0,1.0,1.0,1.0,1.0,0.0,0.94044,1.0,0.21429,0.89551,0.8288,0.0,1.0,0.99949,1.0,1.0,0.7,1.0,1.0,0.5,0.5,0.5,1.0,1.0,0.5,0.5,0.5,0.0,0.0,1.0,1.0,1.0,0.5,0.5,0.3,0.33333,1.0,1.0,1.0,1.0,1.0,1.0
1.0,1.0,0.0,0.0,0.6,0.6,0.06694,0.6,0.63333,0.0,0.0,0.66667,0.0,0.38667,0.0,0.99531,0.0,1.0,1.0,1.0,1.0,1.0,0.0,0.94695,1.0,0.21429,0.89507,0.82568,0.0,1.0,1.0,0.71429,1.0,0.7,1.0,1.0,0.5,0.5,0.5,1.0,1.0,0.5,0.5,0.5,0.0,0.0,1.0,1.0,1.0,0.5,0.5,0.3,0.33333,1.0,1.0,1.0,1.0,1.0,1.0
1.0,0.5,0.0,0.5,0.53333,0.5,0.06682,0.53333,0.66667,0.0,0.0,0.66667,1.0,0.38667,0.0,0.99612,0.0,1.0,1.0,1.0,1.0,1.0,0.0,0.94476,1.0,0.21429,0.89599,0.82395,0.0,1.0,0.99992,1.0,1.0,0.7,1.0,1.0,0.5,0.5,0.5,1.0,1.0,0.5,0.5,0.5,0.0,0.0,1.0,1.0,1.0,0.5,0.5,0.3,0.33333,1.0,1.0,1.0,1.0,1.0,1.0
1.0,0.5,0.0,0.5,0.53333,0.5,0.06579,0.53333,0.7,0.0,0.0,0.66667,1.0,0.38667,0.0,0.99696,0.0,1.0,1.0,1.0,1.0,1.0,1.0,0.95306,1.0,0.21429,0.87267,0.80344,0.0,1.0,0.99969,1.0,1.0,0.7,1.0,1.0,0.5,0.5,0.5,1.0,1.0,0.5,0.5,0.5,0.0,0.0,1.0,1.0,1.0,0.5,0.5,0.3,0.33333,1.0,0.75,1.0,1.0,1.0,1.0
1.0,0.5,0.0,0.5,0.6,0.5,0.06576,0.6,0.73333,0.0,0.0,0.66667,1.0,0.38222,0.0,0.99758,0.0,1.0,1.0,1.0,1.0,1.0,1.0,0.96856,1.0,0.21429,0.85508,0.79688,0.0,1.0,0.99973,1.0,1.0,0.7,1.0,1.0,0.5,0.5,0.5,1.0,1.0,0.5,0.5,0.5,0.0,0.0,1.0,1.0,1.0,0.5,0.5,0.3,0.33333,1.0,1.0,1.0,1.0,1.0,1.0
1.0,0.5,0.0,0.5,0.46667,0.5,0.06542,0.46667,0.76667,0.0,0.0,0.66667,1.0,0.37778,0.0,0.99776,0.0,1.0,1.0,1.0,1.0,1.0,0.0,0.96699,1.0,0.21429,0.85234,0.78685,0.0,1.0,0.99965,1.0,1.0,0.7,1.0,1.0,0.5,0.5,0.5,1.0,1.0,0.5,0.5,0.5,0.0,0.0,1.0,1.0,1.0,0.5,0.5,0.3,0.33333,1.0,1.0,1.0,1.0,1.0,1.0
1.0,0.5,0.0,0.5,0.46667,0.5,0.06345,0.46667,0.8,0.0,0.0,0.66667,1.0,0.38222,0.0,0.99847,0.0,1.0,1.0,1.0,1.0,1.0,0.0,0.95742,1.0,0.21429,0.83702,0.76409,0.0,1.0,0.99961,1.0,1.0,0.7,1.0,1.0,0.5,0.5,0.5,1.0,1.0,0.5,0.5,0.5,0.0,0.0,1.0,1.0,1.0,0.5,0.5,0.3,0.33333,1.0,1.0,1.0,1.0,1.0,1.0
1.0,0.5,0.0,0.5,0.33333,0.5,0.06098,0.33333,0.83333,0.0,0.0,0.66667,1.0,0.37333,0.0,0.0,0.99953,1.0,1.0,1.0,1.0,1.0,0.0,0.94679,1.0,0.21429,0.81552,0.73425,0.0,1.0,0.99961,1.0,1.0,0.7,1.0,1.0,0.5,0.5,0.5,1.0,1.0,0.5,0.5,0.5,0.0,0.0,1.0,1.0,1.0,0.5,0.5,0.3,0.33333,1.0,0.75,1.0,1.0,1.0,1.0
1.0,0.5,1.0,0.5,0.33333,0.5,0.06155,0.33333,0.86667,0.0,0.0,0.66667,1.0,0.37778,0.0,0.99938,0.0,1.0,1.0,1.0,1.0,1.0,1.0,0.95674,1.0,0.21429,0.81258,0.73334,0.0,1.0,0.99978,1.0,1.0,0.7,1.0,1.0,0.5,0.5,0.5,1.0,1.0,0.5,0.5,0.5,0.0,0.0,1.0,1.0,1.0,0.5,0.5,0.3,0.33333,1.0,1.0,1.0,1.0,1.0,1.0
1.0,0.5,0.0,0.5,0.4,0.5,0.06125,0.4,0.9,0.0,0.0,0.66667,1.0,0.38222,0.0,0.99918,0.0,1.0,1.0,1.0,1.0,1.0,1.0,0.96882,1.0,0.21429,0.79611,0.71751,0.0,1.0,0.99954,1.0,1.0,0.7,1.0,1.0,0.5,0.5,0.5,1.0,1.0,0.5,0.5,0.5,0.0,0.0,1.0,1.0,1.0,0.5,0.5,0.3,0.33333,1.0,1.0,1.0,1.0,1.0,1.0
1.0,0.5,0.0,0.5,0.33333,0.5,0.05909,0.33333,0.93333,0.0,0.0,0.66667,1.0,0.38222,0.0,0.99933,0.0,1.0,1.0,1.0,1.0,1.0,0.0,0.95869,1.0,0.21429,0.77819,0.69291,0.0,1.0,0.99952,1.0,1.0,0.7,1.0,1.0,0.5,0.5,0.5,1.0,1.0,0.5,0.5,0.5,0.0,0.0,1.0,1.0,1.0,0.5,0.5,0.3,0.33333,1.0,0.75,1.0,1.0,1.0,1.0
1.0,0.5,1.0,0.5,0.33333,0.5,0.06015,0.33333,0.96667,0.0,0.0,0.66667,1.0,0.38667,0.0,0.99921,0.0,1.0,1.0,1.0,1.0,1.0,1.0,0.95934,1.0,0.21429,0.79149,0.71152,0.0,1.0,0.99965,1.0,1.0,0.7,1.0,1.0,0.5,0.5,0.5,1.0,1.0,0.5,0.5,0.5,0.0,0.0,1.0,1.0,1.0,0.5,0.5,0.3,0.33333,1.0,1.0,1.0,1.0,1.0,1.0
1.0,0.5,1.0,0.5,0.4,0.5,0.06078,0.4,1.0,0.0,0.0,0.66667,1.0,0.38222,0.0,0.99901,0.0,1.0,1.0,1.0,1.0,1.0,1.0,0.96819,1.0,0.21429,0.79071,0.71753,0.0,1.0,0.99977,1.0,1.0,0.7,1.0,1.0,0.5,0.5,0.5,1.0,1.0,0.5,0.5,0.5,0.0,0.0,1.0,1.0,1.0,0.5,0.5,0.3,0.33333,1.0,1.0,1.0,1.0,1.0,1.0
0.5,0.5,0.5,0.5,0.5,0.5,0.06842,0.66667,0.06667,0.0,0.0,0.66667,0.0,0.51556,0.0,0.5,0.5,0.25714,0.74286,1.0,1.0,0.5,1.0,0.77802,1.0,0.28571,1.0,0.9477,0.625,0.0,0.89291,0.64286,0.5,0.7,1.0,1.0,0.5,0.5,0.5,1.0,1.0,0.5,0.5,0.5,0.5,0.5,1.0,1.0,1.0,0.5,0.5,0.3,0.4,0.625,1.0,1.0,1.0,0.625,0.5
1.0,0.5,0.0,0.5,0.6,0.5,0.06771,0.6,0.1,0.0,0.0,0.66667,1.0,0.66222,0.0,0.0,1.0,0.87619,0.86667,1.0,1.0,0.87619,0.0,0.55638,1.0,0.07143,0.99891,0.88691,0.5,0.0,0.95313,1.0,0.71429,0.7,1.0,1.0,0.5,0.5,0.5,1.0,1.0,0.5,0.5,0.5,0.0,0.0,1.0,1.0,1.0,0.5,0.5,0.3,0.73333,0.83333,0.8,1.0,1.0,0.41667,1.0
1.0,0.5,0.0,0.5,0.53333,0.5,0.06595,0.53333,0.13333,0.0,0.0,0.66667,1.0,0.66667,0.0,0.96247,0.0,0.86667,0.86667,1.0,1.0,0.86667,1.0,0.56254,1.0,0.07143,0.99491,0.93029,0.54545,0.0,0.97561,1.0,0.92857,0.7,1.0,1.0,0.5,0.5,0.5,1.0,1.0,0.5,0.5,0.5,0.0,0.0,1.0,1.0,1.0,0.5,0.5,0.3,0.66667,0.81818,0.77778,1.0,1.0,0.81818,1.0
1.0,0.5,1.0,0.5,0.46667,0.5,0.06699,0.46667,0.16667,0.0,0.0,0.66667,1.0,0.71556,0.0,0.98383,0.0,0.86667,1.0,1.0,1.0,0.86667,1.0,0.5882,1.0,0.07143,0.99594,0.9687,0.3,0.0,0.98308,1.0,0.92857,0.7,1.0,1.0,0.5,0.5,0.5,1.0,1.0,0.5,0.5,0.5,0.0,0.0,1.0,1.0,1.0,0.5,0.5,0.3,0.6,0.8,1.0,1.0,1.0,0.8,1.0
1.0,0.5,1.0,0.5,0.6,0.5,0.06916,0.6,0.2,0.0,0.0,0.66667,1.0,0.67556,0.0,0.96723,0.0,0.86667,1.0,1.0,1.0,0.86667,1.0,0.59472,1.0,0.07143,1.0,0.98801,0.44444,0.0,0.98928,1.0,0.92857,0.7,1.0,1.0,0.5,0.5,0.5,1.0,1.0,0.5,0.5,0.5,0.0,0.0,1.0,1.0,1.0,0.5,0.5,0.3,0.6,0.88889,1.0,1.0,1.0,0.77778,1.0
1.0,0.5,0.0,0.5,0.53333,0.5,0.06815,0.53333,0.23333,0.0,0.0,0.66667,1.0,0.62222,0.0,0.9259,0.0,1.0,1.0,1.0,1.0,1.0,0.0,0.5943,1.0,0.07143,0.99261,0.91172,0.33333,0.0,0.99014,1.0,1.0,0.7,1.0,1.0,0.5,0.5,0.5,1.0,1.0,0.5,0.5,0.5,0.0,0.0,1.0,1.0,1.0,0.5,0.5,0.3,0.6,0.88889,0.875,1.0,1.0,0.88889,1.0
1.0,0.5,0.0,0.5,0.46667,0.5,0.06773,0.46667,0.26667,0.0,0.0,0.66667,1.0,0.57778,0.0,0.90418,0.0,1.0,1.0,1.0,1.0,1.0,1.0,0.59549,1.0,0.07143,0.98678,0.93693,0.22222,1.0,0.99202,1.0,1.0,0.7,1.0,1.0,0.5,0.5,0.5,1.0,1.0,0.5,0.5,0.5,0.0,0.0,1.0,1.0,1.0,0.5,0.5,0.3,0.6,0.88889,1.0,1.0,1.0,0.88889,1.0
1.0,0.5,1.0,0.5,0.6,0.5,0.06812,0.6,0.3,0.0,0.0,0.66667,1.0,0.56,0.0,0.91016,0.0,1.0,1.0,1.0,1.0,1.0,1.0,0.59818,1.0,0.07143,0.99505,0.94045,0.55556,1.0,0.99204,1.0,1.0,0.7,1.0,1.0,0.5,0.5,0.5,1.0,1.0,0.5,0.5,0.5,0.0,0.0,1.0,1.0,1.0,0.5,0.5,0.3,0.6,0.88889,1.0,1.0,1.0,0.88889,1.0
1.0,0.5,0.0,0.5,0.53333,0.5,0.06799,0.53333,0.33333,0.0,0.0,0.66667,1.0,0.54667,0.00444,0.38274,0.0,0.90476,1.0,0.90476,1.0,0.90476,1.0,0.64915,1.0,0.07143,0.99345,0.93001,0.5,0.0,0.98984,1.0,0.78571,0.7,1.0,1.0,0.5,0.5,0.5,1.0,1.0,0.5,0.5,0.5,0.0,0.0,1.0,1.0,1.0,0.5,0.5,0.3,0.6,1.0,1.0,0.875,1.0,0.875,1.0
1.0,0.5,0.0,0.5,0.4,0.5,0.06619,0.4,0.36667,0.0,0.0,0.66667,1.0,0.52889,0.00444,0.60773,0.0,1.0,1.0,0.90476,1.0,1.0,0.0,0.64108,1.0,0.07143,0.95019,0.82825,0.25,0.0,0.98805,1.0,1.0,0.7,1.0,1.0,0.5,0.5,0.5,1.0,1.0,0.5,0.5,0.5,0.0,0.0,1.0,1.0,1.0,0.5,0.5,0.3,0.53333,0.875,0.71429,0.85714,1.0,1.0,1.0
1.0,0.5,1.0,0.5,0.4,0.5,0.06671,0.4,0.4,0.0,0.0,0.66667,1.0,0.49333,0.00444,0.76124,0.0,1.0,1.0,0.90476,1.0,1.0,0.0,0.63726,1.0,0.07143,0.94861,0.81502,0.25,0.0,0.98641,1.0,1.0,0.7,1.0,1.0,0.5,0.5,0.5,1.0,1.0,0.5,0.5,0.5,0.0,0.0,1.0,1.0,1.0,0.5,0.5,0.3,0.6,1.0,0.875,0.875,1.0,0.875,1.0
1.0,0.5,1.0,0.5,0.4,0.5,0.0681,0.4,0.43333,0.0,0.0,0.66667,1.0,0.48889,0.00889,0.87133,0.0,0.9619,1.0,0.86667,1.0,0.9619,0.0,0.62823,1.0,0.07143,0.94989,0.84428,0.25,0.0,0.98865,1.0,1.0,0.7,1.0,1.0,0.5,0.5,0.5,1.0,1.0,0.5,0.5,0.5,0.0,0.0,1.0,1.0,1.0,0.5,0.5,0.3,0.6,1.0,1.0,0.875,1.0,1.0,1.0
1.0,0.5,1.0,0.5,0.46667,0.5,0.06931,0.46667,0.46667,0.0,0.0,0.66667,1.0,0.46667,0.00889,0.93067,0.0,1.0,1.0,0.86667,1.0,1.0,1.0,0.63053,1.0,0.07143,0.96996,0.88568,0.375,0.0,0.98777,1.0,1.0,0.7,1.0,1.0,0.5,0.5,0.5,1.0,1.0,0.5,0.5,0.5,0.0,0.0,1.0,1.0,1.0,0.5,0.5,0.3,0.53333,0.875,1.0,0.85714,1.0,1.0,1.0
1.0,0.5,0.0,0.5,0.26667,0.5,0.06712,0.26667,0.5,0.0,0.0,0.66667,1.0,0.46222,0.00889,0.97446,0.0,1.0,1.0,0.86667,1.0,1.0,1.0,0.63181,1.0,0.07143,0.94326,0.85257,0.0,0.0,0.988,1.0,1.0,0.7,1.0,1.0,0.5,0.5,0.5,1.0,1.0,0.5,0.5,0.5,0.0,0.0,1.0,1.0,1.0,0.5,0.5,0.3,0.53333,0.875,0.85714,0.85714,1.0,0.875,1.0
1.0,0.5,0.0,0.5,0.26667,0.5,0.06573,0.26667,0.53333,0.0,0.0,0.66667,1.0,0.45333,0.00889,0.97575,0.0,1.0,1.0,1.0,1.0,1.0,1.0,0.63767,1.0,0.07143,0.93314,0.83692,0.0,0.0,0.98794,1.0,1.0,0.7,1.0,1.0,0.5,0.5,0.5,1.0,1.0,0.5,0.5,0.5,0.0,0.0,1.0,1.0,1.0,0.5,0.5,0.3,0.6,1.0,0.875,0.875,1.0,0.875,1.0
1.0,0.5,0.0,0.5,0.26667,0.5,0.06521,0.26667,0.56667,0.0,0.0,0.66667,1.0,0.45778,0.01333,0.0,0.95439,0.86667,1.0,0.86667,1.0,0.86667,1.0,0.70732,1.0,0.07143,0.92139,0.8256,0.0,0.0,0.98886,1.0,0.92857,0.7,1.0,1.0,0.5,0.5,0.5,1.0,1.0,0.5,0.5,0.5,0.0,0.0,1.0,1.0,1.0,0.5,0.5,0.3,0.53333,1.0,0.85714,0.85714,1.0,1.0,1.0
1.0,0.5,0.0,0.5,0.33333,0.5,0.06468,0.33333,0.6,0.0,0.0,0.66667,1.0,0.44,0.01333,0.0,0.976,1.0,1.0,0.86667,1.0,1.0,1.0,0.70942,1.0,0.07143,0.91577,0.81498,0.14286,0.0,0.98981,1.0,1.0,0.7,1.0,1.0,0.5,0.5,0.5,1.0,1.0,0.5,0.5,0.5,0.0,0.0,1.0,1.0,1.0,0.5,0.5,0.3,0.46667,0.85714,0.83333,0.83333,1.0,1.0,1.0
1.0,0.5,1.0,0.5,0.4,0.5,0.06544,0.4,0.63333,0.0,0.0,0.66667,1.0,0.42667,0.01778,0.0,0.93398,0.86667,0.50476,0.75238,1.0,0.86667,1.0,0.80722,1.0,0.07143,0.91988,0.80768,0.16667,0.0,0.9924,1.0,0.92857,0.7,1.0,1.0,0.5,0.5,0.5,1.0,1.0,0.5,0.5,0.5,0.0,0.0,1.0,1.0,1.0,0.5,0.5,0.3,0.46667,1.0,1.0,0.83333,1.0,1.0,1.0
1.0,0.5,1.0,0.5,0.46667,0.5,0.06782,0.46667,0.66667,0.0,0.0,0.66667,1.0,0.41778,0.02222,0.0,0.98163,1.0,1.0,0.75238,1.0,1.0,0.0,0.78699,1.0,0.07143,0.92936,0.82915,0.16667,0.0,0.99309,1.0,1.0,0.7,1.0,1.0,0.5,0.5,0.5,1.0,1.0,0.5,0.5,0.5,0.0,0.0,1.0,1.0,1.0,0.5,0.5,0.3,0.46667,1.0,0.83333,0.83333,1.0,1.0,1.0
1.0,0.5,1.0,0.5,0.53333,0.5,0.07058,0.53333,0.7,0.0,0.0,0.66667,1.0,0.42222,0.02667,0.99607,0.0,1.0,1.0,0.75238,1.0,1.0,0.0,0.78561,1.0,0.07143,0.96468,0.84774,0.16667,0.0,0.99431,1.0,1.0,0.7,1.0,1.0,0.5,0.5,0.5,1.0,1.0,0.5,0.5,0.5,0.0,0.0,1.0,1.0,1.0,0.5,0.5,0.3,0.46667,1.0,1.0,0.83333,1.0,1.0,1.0
1.0,0.5,0.0,0.5,0.53333,0.5,0.06848,0.53333,0.73333,0.0,0.0,0.66667,1.0,0.40889,0.02667,0.98526,0.0,1.0,1.0,0.75238,1.0,1.0,0.0,0.77798,1.0,0.07143,0.9277,0.8208,0.16667,0.0,0.99447,1.0,1.0,0.7,1.0,1.0,0.5,0.5,0.5,1.0,1.0,0.5,0.5,0.5,0.0,0.0,1.0,1.0,1.0,0.5,0.5,0.3,0.46667,1.0,1.0,0.83333,1.0,1.0,1.0
1.0,0.5,1.0,0.5,0.53333,0.5,0.07038,0.53333,0.76667,0.0,0.0,0.66667,1.0,0.38222,0.03111,0.0,0.97336,0.86667,1.0,0.65714,1.0,0.86667,1.0,0.91055,1.0,0.07143,0.95508,0.8243,0.2,0.0,0.99504,1.0,0.92857,0.7,1.0,1.0,0.5,0.5,0.5,1.0,1.0,0.5,0.5,0.5,0.0,0.0,1.0,1.0,1.0,0.5,0.5,0.3,0.4,1.0,1.0,0.8,1.0,1.0,1.0
1.0,0.5,1.0,0.5,0.6,0.5,0.07584,0.6,0.8,0.0,0.0,0.66667,1.0,0.37333,0.04,0.0,0.90667,0.48571,1.0,0.6,1.0,0.48571,0.0,0.81078,1.0,0.35714,0.9609,0.87018,0.16667,0.0,0.99716,1.0,0.78571,0.7,1.0,1.0,0.5,0.5,0.5,1.0,1.0,0.5,0.5,0.5,0.0,0.0,1.0,1.0,1.0,0.5,0.5,0.3,0.46667,1.0,1.0,0.83333,1.0,0.66667,1.0
0.0,0.5,0.0,0.5,0.53333,0.5,0.07142,0.53333,0.83333,0.0,0.0,0.66667,1.0,0.37333,0.03556,0.97022,0.0,0.48571,1.0,0.65714,1.0,0.48571,1.0,0.86683,1.0,0.21429,0.92612,0.84302,0.0,0.0,0.99765,1.0,0.92857,0.7,1.0,1.0,0.5,0.5,0.5,1.0,1.0,0.5,0.5,0.5,0.0,0.0,1.0,1.0,1.0,0.5,0.5,0.3,0.4,1.0,0.8,1.0,1.0,1.0,1.0
1.0,0.5,0.0,0.5,0.6,0.5,0.07009,0.6,0.86667,0.0,0.0,0.66667,1.0,0.36889,0.03556,0.0,0.91194,0.61905,1.0,0.84762,1.0,0.61905,1.0,0.96059,1.0,0.21429,0.92279,0.80485,0.25,0.0,0.99696,1.0,0.92857,0.7,1.0,1.0,0.5,0.5,0.5,1.0,1.0,0.5,0.5,0.5,0.0,0.0,1.0,1.0,1.0,0.5,0.5,0.3,0.33333,1.0,1.0,0.75,1.0,1.0,1.0
1.0,0.5,1.0,0.5,0.6,0.5,0.07271,0.6,0.9,0.0,0.0,0.66667,1.0,0.36889,0.03556,0.0,0.8871,0.7619,1.0,0.7619,1.0,0.7619,0.0,0.93348,1.0,0.07143,1.0,0.84106,0.4,1.0,0.98976,1.0,0.92857,0.7,1.0,1.0,0.5,0.5,0.5,1.0,1.0,0.5,0.5,0.5,0.0,0.0,1.0,1.0,1.0,0.5,0.5,0.3,0.4,1.0,0.8,0.6,1.0,0.8,1.0
1.0,0.5,1.0,0.5,0.73333,0.5,0.07653,0.73333,0.93333,0.0,0.0,0.66667,1.0,0.36444,0.03556,0.0,0.93932,0.91429,1.0,0.77143,1.0,0.91429,0.0,0.90744,1.0,0.07143,1.0,0.91773,0.5,0.0,0.99108,1.0,0.92857,0.7,1.0,1.0,0.5,0.5,0.5,1.0,1.0,0.5,0.5,0.5,0.0,0.0,1.0,1.0,1.0,0.5,0.5,0.3,0.33333,1.0,1.0,0.75,1.0,1.0,1.0
1.0,0.5,0.0,0.5,0.73333,0.5,0.07651,0.73333,0.96667,0.0,0.0,0.66667,1.0,0.36,0.04,0.0,0.96779,0.86667,1.0,0.6381,1.0,0.86667,1.0,0.92003,1.0,0.07143,1.0,0.91536,0.5,0.0,0.98841,1.0,1.0,0.7,1.0,1.0,0.5,0.5,0.5,1.0,1.0,0.5,0.5,0.5,0.0,0.0,1.0,1.0,1.0,0.5,0.5,0.3,0.33333,1.0,0.5,0.75,1.0,1.0,1.0
1.0,0.5,1.0,0.5,0.8,0.5,0.07798,0.8,1.0,0.0,0.0,0.66667,1.0,0.35556,0.04444,0.98285,0.0,0.61905,0.82857,0.6,1.0,0.61905,0.0,0.89627,1.0,0.07143,1.0,0.95395,0.75,0.0,0.98607,1.0,0.85714,0.7,1.0,1.0,0.5,0.5,0.5,1.0,1.0,0.5,0.5,0.5,0.0,0.0,1.0,1.0,1.0,0.5,0.5,0.3,0.33333,1.0,0.5,0.5,1.0,0.75,1.0
0.5,0.5,0.5,0.5,0.5,0.5,0.04637,0.06667,0.13333,0.0,0.0,0.66667,0.0,0.07111,0.0,0.97123,0.0,1.0,0.99048,1.0,1.0,0.5,0.0,0.66171,1.0,0.07143,0.71161,0.55913,0.0,1.0,0.66667,0.92857,0.5,0.7,1.0,1.0,0.5,0.5,0.5,1.0,1.0,0.5,0.5,0.5,0.0,0.0,1.0,1.0,1.0,0.5,0.5,0.3,0.13333,0.5,1.0,1.0,1.0,0.5,0.5
0.0,0.0,0.0,0.0,0.06667,0.06667,0.03214,0.06667,0.26667,0.0,0.0,0.66667,0.0,0.07556,0.0,0.99185,0.0,1.0,1.0,1.0,1.0,0.98095,0.0,0.00646,0.01614,0.07143,1.0,1.0,1.0,1.0,1.0,0.92857,0.85714,0.7,1.0,1.0,0.5,0.5,0.5,1.0,1.0,0.5,0.5,0.5,0.0,0.0,1.0,1.0,1.0,0.5,0.5,1.0,0.06667,1.0,1.0,1.0,1.0,1.0,1.0
0.0,0.0,0.0,0.0,0.06667,0.06667,0.03212,0.06667,0.4,0.0,0.0,0.66667,0.0,0.06667,0.0,0.99577,0.0,0.99048,0.99048,1.0,1.0,0.99048,1.0,0.6197,1.0,0.07143,0.54267,0.37237,0.0,0.0,0.5,0.92857,0.92857,0.7,1.0,1.0,0.5,0.5,0.5,1.0,1.0,0.5,0.5,0.5,0.0,0.0,1.0,1.0,1.0,0.5,0.5,1.0,0.06667,0.0,1.0,1.0,1.0,0.0,0.21429
0.0,0.0,0.0,0.0,0.06667,0.06667,0.03212,0.06667,0.46667,0.0,0.0,0.66667,0.0,0.06667,0.0,0.9975,0.0,1.0,0.99048,1.0,1.0,1.0,0.0,0.00645,0.01612,0.0,1.0,1.0,1.0,0.0,1.0,1.0,0.92857,0.7,1.0,1.0,0.5,0.5,0.5,1.0,1.0,0.5,0.5,0.5,0.0,0.0,1.0,1.0,1.0,0.5,0.5,1.0,0.06667,1.0,1.0,1.0,1.0,1.0,0.21429
0.0,0.0,0.0,0.0,0.06667,0.06667,0.03212,0.06667,0.53333,0.0,0.0,0.66667,0.0,0.06667,0.0,0.9981,0.0,1.0,1.0,1.0,1.0,1.0,0.0,0.00645,0.01612,0.0,1.0,1.0,1.0,0.0,1.0,1.0,1.0,0.7,1.0,1.0,0.5,0.5,0.5,1.0,1.0,0.5,0.5,0.5,0.0,0.0,1.0,1.0,1.0,0.5,0.5,1.0,0.06667,1.0,1.0,1.0,1.0,1.0,0.21429
0.0,0.0,0.0,0.0,0.06667,0.06667,0.03212,0.06667,0.6,0.0,0.0,0.66667,0.0,0.06667,0.0,0.99822,0.0,1.0,1.0,1.0,1.0,1.0,0.0,0.00645,0.01612,0.0,1.0,1.0,1.0,0.0,1.0,1.0,1.0,0.7,1.0,1.0,0.5,0.5,0.5,1.0,1.0,0.5,0.5,0.5,0.0,0.0,1.0,1.0,1.0,0.5,0.5,1.0,0.06667,1.0,1.0,1.0,1.0,1.0,0.21429
0.0,0.0,0.0,0.0,0.06667,0.06667,0.03212,0.06667,0.66667,0.0,0.0,0.66667,0.0,0.06667,0.0,0.99869,0.0,1.0,1.0,1.0,1.0,1.0,0.0,0.00645,0.01612,0.0,1.0,1.0,1.0,0.0,1.0,1.0,1.0,0.7,1.0,1.0,0.5,0.5,0.5,1.0,1.0,0.5,0.5,0.5,0.0,0.0,1.0,1.0,1.0,0.5,0.5,1.0,0.06667,1.0,1.0,1.0,1.0,1.0,0.21429
0.0,0.5,0.0,0.5,0.06667,0.5,0.03212,0.06667,0.7,0.0,0.0,0.66667,1.0,0.06667,0.0,0.99894,0.0,1.0,1.0,1.0,1.0,1.0,0.0,0.00645,0.01612,0.0,1.0,1.0,1.0,0.0,1.0,1.0,1.0,0.7,1.0,1.0,0.5,0.5,0.5,1.0,1.0,0.5,0.5,0.5,0.0,0.0,1.0,1.0,1.0,0.5,0.5,1.0,0.06667,1.0,1.0,1.0,1.0,1.0,0.21429
0.0,0.0,0.0,0.0,0.06667,0.06667,0.03212,0.06667,0.76667,0.0,0.0,0.66667,0.0,0.06667,0.0,0.99932,0.0,1.0,1.0,1.0,1.0,1.0,0.0,0.00645,0.01612,0.0,1.0,1.0,1.0,0.0,1.0,1.0,1.0,0.7,1.0,1.0,0.5,0.5,0.5,1.0,1.0,0.5,0.5,0.5,0.0,0.0,1.0,1.0,1.0,0.5,0.5,1.0,0.06667,1.0,1.0,1.0,1.0,1.0,0.21429
0.5,0.5,0.5,0.5,0.5,0.5,0.14848,1.0,0.2,0.0,0.0,0.66667,0.0,0.28,0.0,0.0,0.96516,0.80952,0.92381,1.0,1.0,0.5,1.0,0.89102,1.0,0.0,1.0,1.0,1.0,0.0,1.0,0.92857,0.5,0.7,1.0,1.0,0.5,0.5,0.5,1.0,1.0,0.5,0.5,0.5,0.0,0.0,1.0,1.0,1.0,0.5,0.5,0.3,0.4,1.0,1.0,1.0,1.0,0.0,0.5
0.0,0.0,0.0,0.0,1.0,1.0,0.10624,1.0,0.26667,0.0,0.0,0.66667,0.0,0.35111,0.00889,0.63171,0.0,1.0,1.0,1.0,1.0,1.0,1.0,0.91498,1.0,0.0,1.0,1.0,1.0,0.0,0.98881,0.92857,1.0,0.7,1.0,1.0,0.5,0.5,0.5,1.0,1.0,0.5,0.5,0.5,0.74979,0.0,0.6,1.0,1.0,0.5,0.5,0.7,0.4,1.0,0.0,1.0,1.0,1.0,1.0
0.5,0.5,0.5,0.5,0.5,0.5,0.07252,0.93333,0.06667,0.0,0.0,0.66667,0.0,0.56,0.0,0.5,0.5,0.0,1.0,1.0,1.0,0.5,1.0,0.54743,1.0,0.07143,1.0,0.95187,0.92308,0.0,0.93493,0.78571,0.5,0.7,1.0,1.0,0.5,0.5,0.5,1.0,1.0,0.5,0.5,0.5,0.5,0.5,1.0,1.0,1.0,0.5,0.5,0.3,0.53333,0.53846,1.0,1.0,1.0,0.76923,0.5
0.5,0.5,0.5,0.5,0.5,0.5,0.07344,0.8,0.1,0.0,0.0,0.66667,0.0,0.60444,0.0,0.0,1.0,0.48571,1.0,1.0,1.0,0.5,1.0,0.99778,1.0,0.64286,1.0,0.98576,0.8,0.0,0.99145,0.71429,0.5,0.7,1.0,1.0,0.5,0.5,0.5,1.0,1.0,0.5,0.5,0.5,0.0,0.0,1.0,1.0,1.0,0.5,0.5,0.3,0.4,1.0,1.0,1.0,1.0,0.0,0.5
0.0,0.0,0.0,0.0,0.33333,0.6,0.07189,0.53333,0.63333,0.0,0.0,0.66667,0.0,0.36,0.04,0.99867,0.0,0.94286,1.0,0.70476,1.0,0.46667,1.0,0.99079,1.0,0.07143,1.0,0.82402,0.4,0.0,0.97881,0.85714,0.85714,0.7,1.0,1.0,0.5,0.5,0.5,1.0,1.0,0.5,0.5,0.5,0.47242,0.0,0.7,1.0,1.0,0.19473,0.22609,0.6,0.33333,0.8,1.0,0.25,1.0,0.0,1.0
0.0,1.0,0.0,1.0,0.6,0.6,0.0689,0.53333,0.0,0.78947,0.0,0.66667,0.0,0.29333,0.04444,0.99949,0.0,1.0,1.0,1.0,1.0,1.0,0.0,0.9951,1.0,0.07143,1.0,0.57631,0.4,0.0,0.99758,0.85714,0.85714,0.7,1.0,1.0,0.5,0.66921,0.5,1.0,1.0,0.33009,0.31324,1.0,0.0,0.0,1.0,1.0,1.0,0.33009,0.31324,0.3,0.26667,0.6,1.0,0.33333,1.0,0.0,1.0
1.0,1.0,0.0,1.0,0.53333,0.53333,0.07271,0.53333,0.0,0.75,0.0,0.66667,0.0,0.28889,0.03111,0.9986,0.0,1.0,1.0,1.0,1.0,1.0,0.0,0.99263,1.0,0.07143,1.0,0.5988,0.4,0.0,0.99815,0.85714,1.0,0.7,1.0,1.0,0.5,0.66921,0.5,1.0,1.0,0.33009,0.31324,1.0,0.0,0.0,1.0,1.0,1.0,0.33009,0.31324,0.3,0.26667,0.6,1.0,0.33333,1.0,0.0,1.0
0.5,0.5,0.5,0.5,0.5,0.5,0.04643,0.06667,0.33333,0.0,0.0,0.66667,0.0,0.07111,0.0,0.99832,0.0,1.0,0.99048,1.0,1.0,0.5,0.0,0.59886,1.0,0.07143,0.82568,0.70312,0.0,1.0,0.58472,0.92857,0.5,0.7,1.0,1.0,0.5,0.5,0.5,1.0,1.0,0.5,0.5,0.5,0.0,0.0,1.0,1.0,1.0,0.5,0.5,0.3,0.13333,1.0,1.0,1.0,1.0,0.0,0.5
0.0,0.0,0.0,0.0,0.06667,0.06667,0.0341,0.06667,0.0,0.96774,0.0,0.66667,0.0,0.07556,0.0,0.0,0.98977,1.0,1.0,1.0,1.0,0.99048,1.0,0.6531,1.0,0.07143,0.55303,0.41505,0.0,0.0,0.44444,0.85714,0.78571,0.7,1.0,1.0,0.5,0.5,0.5,1.0,1.0,0.5,0.5,0.5,0.0,0.0,1.0,1.0,1.0,0.5,0.5,0.3,0.13333,0.5,0.0,1.0,1.0,1.0,1.0
0.0,0.5,0.0,0.5,0.06667,0.5,0.02775,0.06667,0.0,0.9375,0.0,0.66667,1.0,0.07556,0.0,0.0,0.99163,0.98095,0.98095,1.0,1.0,0.98095,0.0,0.63456,1.0,0.07143,0.49571,0.36446,0.0,0.0,0.66667,1.0,0.85714,0.7,1.0,1.0,0.5,0.5,0.5,1.0,1.0,0.5,0.5,0.5,0.0,0.0,1.0,1.0,1.0,0.5,0.5,0.3,0.13333,0.5,1.0,1.0,1.0,0.5,1.0
0.0,0.0,0.0,0.0,0.06667,0.06667,0.01627,0.06667,0.0,0.76923,0.0,0.66667,0.0,0.06667,0.0,0.99626,0.0,1.0,1.0,1.0,1.0,0.98095,1.0,0.63776,1.0,0.07143,0.29816,0.21882,0.0,0.0,0.97165,0.92857,0.71429,0.7,1.0,1.0,0.5,0.5,0.5,1.0,1.0,0.5,0.5,0.5,0.0,0.0,1.0,1.0,1.0,0.5,0.5,1.0,0.06667,0.0,1.0,1.0,1.0,0.0,1.0
0.5,0.5,0.5,0.5,0.5,0.5,0.15037,1.0,0.1,0.0,0.0,0.66667,0.0,0.14667,0.0,0.0,0.86567,0.68571,1.0,1.0,1.0,0.5,1.0,0.81366,1.0,0.07143,1.0,1.0,1.0,0.0,1.0,0.92857,0.5,0.7,1.0,1.0,0.5,0.5,0.5,1.0,1.0,0.5,0.5,0.5,0.0,0.0,1.0,1.0,1.0,0.5,0.5,0.3,0.46667,1.0,1.0,1.0,1.0,0.16667,0.5
1.0,0.5,1.0,0.5,1.0,0.5,0.19301,1.0,0.13333,0.0,0.0,0.66667,1.0,0.20444,0.0,0.0,0.8957,0.87619,1.0,1.0,1.0,0.87619,1.0,0.88807,1.0,0.07143,1.0,1.0,1.0,0.0,1.0,1.0,0.92857,0.7,1.0,1.0,0.5,0.5,0.5,1.0,1.0,0.5,0.5,0.5,0.0,0.0,1.0,1.0,1.0,0.5,0.5,0.3,0.4,1.0,1.0,1.0,1.0,1.0,1.0
0.0,0.0,0.0,0.0,1.0,1.0,0.0912,1.0,0.33333,0.0,0.0,0.66667,0.0,0.39556,0.0,0.96936,0.0,1.0,1.0,1.0,1.0,1.0,0.0,0.90382,1.0,0.14286,1.0,1.0,1.0,0.0,1.0,0.85714,0.92857,0.7,1.0,1.0,0.5,0.5,0.5,1.0,1.0,0.5,0.5,0.5,0.0,0.0,1.0,1.0,1.0,0.5,0.5,0.3,0.33333,1.0,0.0,1.0,1.0,1.0,1.0
0.0,0.0,0.0,0.0,1.0,0.4,0.01185,0.06667,0.6,0.0,0.0,0.66667,0.0,0.10222,0.00444,0.43296,0.0,0.94286,0.90476,1.0,1.0,0.79048,1.0,0.97751,1.0,0.14286,0.18285,0.13749,0.0,0.0,0.94052,0.5,0.78571,0.0,0.93333,0.92613,0.11154,0.5,0.16731,1.0,1.0,0.5,0.5,0.5,0.0,0.0,1.0,1.0,1.0,0.5,0.5,1.0,0.06667,0.0,1.0,1.0,1.0,0.2,1.0
0.0,0.0,0.0,0.0,0.06667,0.06667,0.0004,0.06667,0.76667,0.0,0.0,0.66667,0.0,0.07556,0.00889,0.98643,0.0,0.99048,0.97143,0.99048,1.0,0.87619,1.0,0.64872,1.0,0.28571,0.00959,0.006,0.0,0.0,0.90055,0.71429,0.42857,0.0,1.0,1.0,0.5,0.5,0.5,1.0,1.0,0.5,0.5,0.5,0.0,0.0,1.0,1.0,1.0,0.5,0.5,1.0,0.06667,0.0,1.0,1.0,1.0,0.0,1.0
0.0,0.0,0.0,0.0,0.06667,0.06667,0.00025,0.06667,0.83333,0.0,0.0,0.66667,0.0,0.08,0.00889,0.99173,0.0,0.99048,0.97143,1.0,1.0,0.97143,1.0,0.62458,1.0,0.07143,0.00497,0.00306,0.0,0.0,0.91635,0.92857,0.64286,0.0,1.0,1.0,0.5,0.5,0.5,1.0,1.0,0.5,0.5,0.5,0.0,0.0,1.0,1.0,1.0,0.5,0.5,1.0,0.06667,0.0,1.0,1.0,1.0,0.0,1.0
0.0,0.0,0.0,0.0,0.06667,0.06667,0.00024,0.06667,0.9,0.0,0.0,0.66667,0.0,0.07111,0.00889,0.99365,0.0,1.0,0.97143,0.99048,1.0,1.0,0.0,0.59867,1.0,0.07143,0.00551,0.00301,0.0,0.0,0.91726,0.92857,0.85714,0.0,1.0,1.0,0.5,0.5,0.5,1.0,1.0,0.5,0.5,0.5,0.0,0.0,1.0,1.0,1.0,0.5,0.5,1.0,0.06667,0.0,1.0,1.0,1.0,0.0,1.0
0.0,0.0,0.0,0.0,0.06667,0.06667,0.00024,0.06667,0.96667,0.0,0.0,0.66667,0.0,0.07556,0.00889,0.99925,0.0,0.99048,0.98095,0.99048,1.0,0.99048,1.0,0.61144,1.0,0.07143,0.00516,0.00301,0.0,0.0,0.91637,0.92857,1.0,0.5,1.0,1.0,0.5,0.5,0.5,1.0,1.0,0.5,0.5,0.5,0.0,0.0,1.0,1.0,1.0,0.5,0.5,0.5,0.13333,0.5,0.0,1.0,1.0,0.0,1.0
0.5,0.5,0.5,0.5,0.5,0.5,0.21477,0.6,0.1,0.0,0.5,0.0,0.0,0.8,0.0,1.0,0.0,1.0,1.0,1.0,1.0,0.5,1.0,0.80863,1.0,0.5,1.0,0.91629,0.5,1.0,1.0,1.0,0.5,0.7,1.0,1.0,0.5,0.5,0.5,1.0,1.0,0.5,0.5,0.5,0.0,0.0,1.0,1.0,1.0,0.5,0.5,0.3,0.6,1.0,1.0,1.0,1.0,1.0,0.5
1.0,1.0,1.0,0.0,0.8,0.6,0.20252,0.6,0.26667,0.0,0.5,0.0,0.0,0.84,0.0,0.0,1.0,1.0,1.0,1.0,1.0,1.0,1.0,0.6482,1.0,0.25,0.98524,0.86992,0.33333,1.0,0.96481,0.75,0.75,0.7,1.0,1.0,0.5,0.5,0.5,1.0,1.0,0.5,0.5,0.5,0.0,0.0,1.0,1.0,1.0,0.5,0.5,0.3,0.6,0.66667,1.0,1.0,1.0,0.0,1.0
0.5,0.5,0.5,0.5,0.5,0.5,0.00513,0.2,0.03333,0.0,0.5,0.0,0.0,0.2,0.0,0.5,0.5,0.5,0.5,0.5,0.5,0.5,0.5,0.0,0.0,0.75,0.03756,0.01653,0.0,0.0,0.0,0.5,0.5,0.5,1.0,1.0,0.5,0.5,0.5,1.0,1.0,0.5,0.5,0.5,0.5,0.5,1.0,0.5,0.5,0.5,0.5,0.5,0.8,1.0,1.0,1.0,1.0,0.5,0.5
0.0,0.0,0.0,0.0,0.2,0.2,0.0039,0.2,0.1,0.0,0.5,0.0,0.0,0.32,0.0,0.92729,0.0,1.0,1.0,1.0,1.0,0.6,0.0,0.64828,1.0,0.25,0.06664,0.03984,0.0,0.0,0.44444,0.75,0.75,0.7,1.0,1.0,0.5,0.5,0.5,1.0,1.0,0.5,0.5,0.5,0.0,0.0,1.0,1.0,1.0,0.5,0.5,0.3,0.6,1.0,0.0,1.0,1.0,0.5,1.0
0.0,0.0,0.0,0.0,0.2,0.2,0.00282,0.2,0.23333,0.0,0.5,0.0,0.0,0.28,0.0,0.97851,0.0,0.6,0.6,1.0,1.0,0.6,1.0,0.55359,1.0,0.5,0.06567,0.03395,0.0,0.0,0.5,0.5,0.75,0.7,1.0,1.0,0.5,0.5,0.5,1.0,1.0,0.5,0.5,0.5,0.0,0.0,1.0,1.0,1.0,0.5,0.5,1.0,0.2,0.0,1.0,1.0,1.0,0.0,1.0
0.0,0.0,0.0,0.0,0.2,0.2,0.00164,0.2,0.33333,0.0,0.5,0.0,0.0,0.24,0.0,0.98551,0.0,1.0,0.8,1.0,1.0,0.8,0.0,0.59555,1.0,0.25,0.04211,0.02151,0.0,0.0,0.5,0.25,1.0,0.7,1.0,1.0,0.5,0.5,0.5,1.0,1.0,0.5,0.5,0.5,0.0,0.0,1.0,1.0,1.0,0.5,0.5,1.0,0.2,0.0,1.0,1.0,1.0,0.0,0.25
0.0,0.0,0.0,0.0,0.2,0.2,0.00143,0.2,0.4,0.0,0.5,0.0,0.0,0.24,0.0,0.99326,0.0,1.0,0.8,1.0,1.0,1.0,0.0,0.654,1.0,0.5,0.03465,0.02056,0.0,0.0,0.88017,0.0,0.75,0.7,1.0,1.0,0.5,0.5,0.5,1.0,1.0,0.5,0.5,0.5,0.0,0.0,1.0,1.0,1.0,0.5,0.5,1.0,0.2,0.0,1.0,1.0,1.0,0.0,0.0
0.0,0.5,0.0,0.5,0.2,0.5,0.00136,0.2,0.43333,0.0,0.5,0.0,1.0,0.24,0.0,0.99337,0.0,1.0,1.0,1.0,1.0,1.0,0.0,0.58264,1.0,0.25,0.04033,0.02058,0.0,0.0,0.5,1.0,0.75,0.7,1.0,1.0,0.5,0.5,0.5,1.0,1.0,0.5,0.5,0.5,0.0,0.0,1.0,1.0,1.0,0.5,0.5,1.0,0.2,0.0,1.0,1.0,1.0,0.0,0.0
0.0,0.0,0.0,0.0,0.2,0.2,0.00124,0.2,0.5,0.0,0.5,0.0,0.0,0.24,0.0,0.99874,0.0,1.0,1.0,1.0,1.0,1.0,0.0,0.64773,1.0,0.5,0.03132,0.02067,0.0,0.0,0.89318,0.0,0.75,0.7,1.0,1.0,0.5,0.5,0.5,1.0,1.0,0.5,0.5,0.5,0.0,0.0,1.0,1.0,1.0,0.5,0.5,1.0,0.2,0.0,1.0,1.0,1.0,0.0,0.0
0.0,0.0,0.0,0.0,0.2,0.2,0.00111,0.2,0.56667,0.0,0.5,0.0,0.0,0.24,0.0,0.0,0.9874,0.9,1.0,1.0,1.0,0.9,1.0,0.57607,1.0,0.25,0.03585,0.01825,0.0,0.0,0.5,0.25,0.75,0.7,1.0,1.0,0.5,0.5,0.5,1.0,1.0,0.5,0.5,0.5,0.0,0.0,1.0,1.0,1.0,0.5,0.5,1.0,0.2,0.0,1.0,1.0,1.0,0.0,0.0
0.0,0.5,0.0,0.5,0.2,0.5,0.00107,0.2,0.6,0.0,0.5,0.0,1.0,0.28,0.0,0.0,0.99634,0.9,1.0,1.0,1.0,0.9,1.0,0.65426,1.0,0.5,0.02576,0.01708,0.0,0.0,0.85545,1.0,0.75,0.7,1.0,1.0,0.5,0.5,0.5,1.0,1.0,0.5,0.5,0.5,0.0,0.0,1.0,1.0,1.0,0.5,0.5,1.0,0.2,0.0,1.0,1.0,1.0,0.0,0.0
0.0,0.0,0.0,0.0,0.2,0.2,0.00095,0.2,0.66667,0.0,0.5,0.0,0.0,0.24,0.0,0.991,0.0,1.0,1.0,1.0,1.0,1.0,0.0,0.57277,1.0,0.25,0.03215,0.01634,0.0,0.0,0.5,0.25,0.75,0.7,1.0,1.0,0.5,0.5,0.5,1.0,1.0,0.5,0.5,0.5,0.0,0.0,1.0,1.0,1.0,0.5,0.5,1.0,0.2,0.0,1.0,1.0,1.0,0.0,0.0
0.5,0.5,0.5,0.5,0.5,0.5,0.17026,0.4,0.2,0.0,0.5,0.0,0.0,0.2,0.0,0.9633,0.0,1.0,1.0,1.0,1.0,0.5,0.0,0.18117,0.45293,0.0,1.0,1.0,1.0,0.0,1.0,1.0,0.5,0.7,1.0,1.0,0.5,0.5,0.5,1.0,1.0,0.5,0.5,0.5,0.0,0.0,1.0,1.0,1.0,0.5,0.5,1.0,0.2,1.0,1.0,1.0,1.0,1.0,0.5
0.5,0.5,0.5,0.5,0.5,0.5,0.39241,0.8,0.16667,0.0,0.5,0.0,0.0,0.2,0.08,0.41712,0.0,0.7,1.0,0.7,1.0,0.5,1.0,0.98441,1.0,0.25,1.0,1.0,1.0,1.0,1.0,0.75,0.5,0.7,1.0,1.0,0.5,0.5,0.5,1.0,1.0,0.5,0.5,0.5,0.0,0.0,1.0,1.0,1.0,1.0,0.95272,1.0,0.2,1.0,1.0,0.0,1.0,1.0,0.5
1.0,0.5,1.0,0.5,0.8,0.5,0.41328,0.8,0.2,0.0,0.5,0.0,1.0,0.2,0.08,0.63632,0.0,1.0,1.0,0.7,1.0,1.0,0.0,0.97242,1.0,0.25,1.0,1.0,1.0,1.0,1.0,1.0,1.0,0.7,1.0,1.0,0.5,0.5,0.5,1.0,1.0,0.5,0.5,0.5,0.0,0.0,1.0,1.0,1.0,1.0,0.95272,1.0,0.2,1.0,1.0,0.0,1.0,1.0,0.75
1.0,0.5,1.0,0.5,0.8,0.5,0.44078,0.8,0.23333,0.0,0.5,0.0,1.0,0.16,0.12,0.77019,0.0,1.0,1.0,0.7,1.0,1.0,0.0,0.43461,1.0,0.0,1.0,1.0,1.0,0.0,1.0,1.0,0.75,0.7,1.0,1.0,0.5,0.5,0.5,1.0,1.0,0.5,0.5,0.5,0.0,0.0,1.0,1.0,1.0,1.0,0.95272,0.8,0.4,1.0,1.0,0.0,1.0,0.0,0.75
0.0,0.0,0.0,0.0,0.8,0.8,0.42619,0.8,0.3,0.0,0.5,0.0,0.0,0.2,0.12,0.94332,0.0,1.0,1.0,0.7,1.0,1.0,1.0,0.94593,1.0,0.25,1.0,1.0,1.0,1.0,1.0,0.75,0.75,0.7,1.0,1.0,0.5,0.5,0.5,1.0,1.0,0.5,0.5,0.5,0.0,0.0,1.0,1.0,1.0,1.0,0.95272,1.0,0.2,1.0,1.0,0.0,1.0,1.0,0.75
0.0,0.5,1.0,0.5,0.8,0.5,0.4263,0.8,0.33333,0.0,0.5,0.0,1.0,0.2,0.12,0.98959,0.0,1.0,1.0,0.7,1.0,1.0,0.0,0.94583,1.0,0.25,1.0,1.0,1.0,1.0,1.0,1.0,1.0,0.7,1.0,1.0,0.5,0.5,0.5,1.0,1.0,0.5,0.5,0.5,0.0,0.0,1.0,1.0,1.0,1.0,0.95272,1.0,0.2,1.0,1.0,0.0,1.0,1.0,0.75
0.0,0.5,1.0,0.5,0.8,0.5,0.42741,0.8,0.36667,0.0,0.5,0.0,1.0,0.16,0.12,0.99401,0.0,1.0,1.0,0.7,1.0,1.0,0.0,0.9436,1.0,0.25,1.0,1.0,1.0,1.0,1.0,1.0,1.0,0.7,1.0,1.0,0.5,0.5,0.5,1.0,1.0,0.5,0.5,0.5,0.0,0.0,1.0,1.0,1.0,1.0,0.95272,1.0,0.2,1.0,1.0,0.0,1.0,1.0,0.75
0.0,0.5,1.0,0.5,0.8,0.5,0.42869,0.8,0.4,0.0,0.5,0.0,1.0,0.12,0.12,0.99578,0.0,1.0,1.0,0.7,1.0,1.0,0.0,0.94104,1.0,0.25,1.0,1.0,1.0,1.0,1.0,1.0,1.0,0.7,1.0,1.0,0.5,0.5,0.5,1.0,1.0,0.5,0.5,0.5,0.0,0.0,1.0,1.0,1.0,1.0,0.95272,1.0,0.2,1.0,1.0,0.0,1.0,1.0,0.75
0.0,0.5,1.0,0.5,0.8,0.5,0.42911,0.8,0.43333,0.0,0.5,0.0,1.0,0.12,0.12,0.99714,0.0,1.0,1.0,0.7,1.0,1.0,0.0,0.94028,1.0,0.25,1.0,1.0,1.0,1.0,1.0,1.0,1.0,0.7,1.0,1.0,0.5,0.5,0.5,1.0,1.0,0.5,0.5,0.5,0.0,0.0,1.0,1.0,1.0,1.0,0.95272,1.0,0.2,1.0,1.0,0.0,1.0,1.0,0.75
0.0,0.5,1.0,0.5,0.8,0.5,0.4293,0.8,0.46667,0.0,0.5,0.0,1.0,0.12,0.12,0.99805,0.0,1.0,1.0,0.7,1.0,1.0,0.0,0.93999,1.0,0.25,1.0,1.0,1.0,1.0,1.0,1.0,1.0,0.7,1.0,1.0,0.5,0.5,0.5,1.0,1.0,0.5,0.5,0.5,0.0,0.0,1.0,1.0,1.0,1.0,0.95272,1.0,0.2,1.0,1.0,0.0,1.0,1.0,0.75
0.0,0.5,1.0,0.5,0.8,0.5,0.42941,0.8,0.5,0.0,0.5,0.0,1.0,0.12,0.12,0.99863,0.0,1.0,1.0,0.7,1.0,1.0,0.0,0.93984,1.0,0.25,1.0,1.0,1.0,1.0,1.0,1.0,1.0,0.7,1.0,1.0,0.5,0.5,0.5,1.0,1.0,0.5,0.5,0.5,0.0,0.0,1.0,1.0,1.0,1.0,0.95272,1.0,0.2,1.0,1.0,0.0,1.0,1.0,0.75
0.0,0.5,1.0,0.5,0.8,0.5,0.42947,0.8,0.53333,0.0,0.5,0.0,1.0,0.12,0.12,0.99901,0.0,1.0,1.0,0.7,1.0,1.0,0.0,0.93976,1.0,0.25,1.0,1.0,1.0,1.0,1.0,1.0,1.0,0.7,1.0,1.0,0.5,0.5,0.5,1.0,1.0,0.5,0.5,0.5,0.0,0.0,1.0,1.0,1.0,1.0,0.95272,1.0,0.2,1.0,1.0,0.0,1.0,1.0,0.75
0.5,0.5,0.5,0.5,0.5,0.5,0.25553,0.8,0.36667,0.0,0.5,0.0,0.0,0.44,0.04,0.6165,0.0,0.8,0.8,1.0,1.0,0.5,1.0,0.7486,1.0,0.25,1.0,1.0,1.0,1.0,1.0,0.75,0.5,0.7,1.0,1.0,0.5,0.5,0.5,1.0,1.0,0.5,0.5,0.5,0.0,0.0,1.0,1.0,1.0,0.5,0.5,1.0,0.2,1.0,1.0,1.0,1.0,1.0,0.5
0.0,0.5,1.0,0.5,0.8,0.5,0.25664,0.8,0.4,0.0,0.5,0.0,1.0,0.44,0.04,0.77092,0.0,1.0,1.0,1.0,1.0,1.0,1.0,0.75223,1.0,0.25,1.0,1.0,1.0,1.0,1.0,1.0,1.0,0.7,1.0,1.0,0.5,0.5,0.5,1.0,1.0,0.5,0.5,0.5,0.0,0.0,1.0,1.0,1.0,0.5,0.5,1.0,0.2,1.0,1.0,1.0,1.0,1.0,0.5
0.0,0.5,1.0,0.5,0.8,0.5,0.25695,0.8,0.43333,0.0,0.5,0.0,1.0,0.4,0.04,0.8738,0.0,1.0,1.0,1.0,1.0,1.0,1.0,0.75325,1.0,0.25,1.0,1.0,1.0,1.0,1.0,1.0,1.0,0.7,1.0,1.0,0.5,0.5,0.5,1.0,1.0,0.5,0.5,0.5,0.0,0.0,1.0,1.0,1.0,0.5,0.5,1.0,0.2,1.0,1.0,1.0,1.0,1.0,0.5
1.0,0.5,1.0,0.5,0.8,0.5,0.26615,0.8,0.46667,0.0,0.5,0.0,1.0,0.4,0.04,0.94955,0.0,1.0,1.0,1.0,1.0,1.0,1.0,0.77265,1.0,0.25,1.0,1.0,1.0,0.0,1.0,1.0,1.0,0.7,1.0,1.0,0.5,0.5,0.5,1.0,1.0,0.5,0.5,0.5,0.0,0.0,1.0,1.0,1.0,0.5,0.5,1.0,0.2,1.0,1.0,1.0,1.0,1.0,0.75
0.0,0.5,1.0,0.5,0.8,0.5,0.26757,0.8,0.5,0.0,0.5,0.0,1.0,0.32,0.04,0.99248,0.0,1.0,1.0,1.0,1.0,1.0,1.0,0.77599,1.0,0.25,1.0,1.0,1.0,0.0,1.0,1.0,1.0,0.7,1.0,1.0,0.5,0.5,0.5,1.0,1.0,0.5,0.5,0.5,0.0,0.0,1.0,1.0,1.0,0.5,0.5,1.0,0.2,1.0,1.0,1.0,1.0,1.0,0.75
0.0,0.5,1.0,0.5,0.8,0.5,0.26783,0.8,0.53333,0.0,0.5,0.0,1.0,0.28,0.04,0.99227,0.0,0.8,0.8,1.0,1.0,0.8,0.0,0.44833,1.0,0.25,1.0,1.0,1.0,0.0,1.0,1.0,1.0,0.7,1.0,1.0,0.5,0.5,0.5,1.0,1.0,0.5,0.5,0.5,0.0,0.0,1.0,1.0,1.0,0.5,0.5,1.0,0.2,1.0,1.0,1.0,1.0,1.0,0.75
0.0,0.0,0.0,1.0,0.8,0.8,0.30679,0.8,0.63333,0.0,0.5,0.0,0.0,0.28,0.08,0.98624,0.0,1.0,1.0,0.8,1.0,1.0,1.0,0.59742,1.0,0.25,1.0,1.0,1.0,0.0,1.0,1.0,1.0,0.7,1.0,1.0,0.5,0.5,0.5,1.0,1.0,0.5,0.5,0.5,0.0,0.0,1.0,1.0,1.0,1.0,0.92569,1.0,0.2,1.0,1.0,0.0,1.0,0.0,0.75
1.0,0.5,1.0,0.5,0.8,0.5,0.32564,0.8,0.66667,0.0,0.5,0.0,1.0,0.28,0.08,0.0,0.98163,1.0,1.0,0.9,1.0,1.0,1.0,0.66529,1.0,0.25,1.0,1.0,1.0,0.0,1.0,1.0,1.0,0.7,1.0,1.0,0.5,0.5,0.5,1.0,1.0,0.5,0.5,0.5,0.0,0.0,1.0,1.0,1.0,1.0,0.92569,1.0,0.2,1.0,1.0,0.0,1.0,1.0,0.5
0.5,0.5,0.5,0.5,0.5,0.5,0.4152,1.0,0.26667,0.0,0.5,0.0,0.0,0.24,0.04,0.91384,0.0,1.0,1.0,1.0,1.0,0.5,1.0,0.96455,1.0,0.5,1.0,1.0,1.0,0.0,1.0,0.75,0.5,0.7,1.0,1.0,0.5,0.5,0.5,1.0,1.0,0.5,0.5,0.5,0.0,0.0,1.0,1.0,1.0,0.5,0.5,1.0,0.2,1.0,1.0,1.0,1.0,1.0,0.5
0.0,0.0,0.0,0.0,1.0,1.0,0.40491,1.0,0.33333,0.0,0.5,0.0,0.0,0.2,0.04,0.97933,0.0,1.0,1.0,1.0,1.0,1.0,1.0,0.97502,1.0,0.5,1.0,1.0,1.0,0.0,1.0,1.0,1.0,0.7,1.0,1.0,0.5,0.5,0.5,1.0,1.0,0.5,0.5,0.5,0.0,0.0,1.0,1.0,1.0,0.5,0.5,1.0,0.2,1.0,1.0,1.0,1.0,1.0,0.5
0.5,0.5,0.5,0.5,0.5,0.5,0.41642,1.0,0.06667,0.0,0.5,0.0,0.0,0.36,0.0,0.5,0.5,0.7,0.7,1.0,1.0,0.5,1.0,0.97216,1.0,0.5,1.0,1.0,1.0,0.0,1.0,0.75,0.5,0.7,1.0,1.0,0.5,0.5,0.5,1.0,1.0,0.5,0.5,0.5,0.5,0.5,1.0,1.0,1.0,0.5,0.5,1.0,0.2,1.0,1.0,1.0,1.0,1.0,0.5
1.0,0.5,1.0,0.5,1.0,0.5,0.42711,1.0,0.1,0.0,0.5,0.0,1.0,0.32,0.0,0.98605,0.0,0.8,0.8,1.0,1.0,0.8,0.0,0.86904,1.0,0.0,1.0,1.0,1.0,0.0,1.0,1.0,1.0,0.7,1.0,1.0,0.5,0.5,0.5,1.0,1.0,0.5,0.5,0.5,0.0,0.0,1.0,1.0,1.0,0.5,0.5,1.0,0.2,1.0,1.0,1.0,1.0,1.0,0.75
1.0,0.5,1.0,0.5,1.0,0.5,0.42971,1.0,0.13333,0.0,0.5,0.0,1.0,0.32,0.0,0.97895,0.0,0.8,1.0,1.0,1.0,0.8,0.0,0.85698,1.0,0.0,1.0,1.0,1.0,0.0,1.0,1.0,1.0,0.7,1.0,1.0,0.5,0.5,0.5,1.0,1.0,0.5,0.5,0.5,0.0,0.0,1.0,1.0,1.0,0.5,0.5,1.0,0.2,1.0,1.0,1.0,1.0,1.0,0.75
0.0,1.0,0.0,1.0,1.0,1.0,0.53978,1.0,0.26667,0.0,0.5,0.0,0.0,0.12,0.12,0.7783,0.0,1.0,1.0,1.0,1.0,1.0,0.0,0.42323,1.0,0.0,1.0,1.0,1.0,0.0,1.0,1.0,1.0,0.7,1.0,1.0,0.5,0.5,0.5,1.0,1.0,0.5,0.5,0.5,0.0,0.0,1.0,1.0,1.0,1.0,1.0,1.0,0.2,1.0,1.0,0.0,1.0,0.0,0.75
1.0,0.5,1.0,0.5,1.0,0.5,0.57909,1.0,0.3,0.0,0.5,0.0,1.0,0.12,0.12,0.89008,0.0,1.0,1.0,1.0,1.0,1.0,0.0,0.30501,0.76252,0.0,1.0,1.0,1.0,0.0,1.0,1.0,1.0,0.7,1.0,1.0,0.5,0.5,0.5,1.0,1.0,0.5,0.5,0.5,0.0,0.0,1.0,1.0,1.0,1.0,1.0,1.0,0.2,1.0,1.0,0.0,1.0,1.0,1.0
0.0,0.0,1.0,1.0,1.0,1.0,0.57534,1.0,1.0,0.0,0.5,0.0,0.0,0.08,0.12,0.99957,0.0,1.0,1.0,1.0,1.0,1.0,1.0,0.31545,0.78863,0.0,1.0,1.0,1.0,0.0,1.0,1.0,1.0,0.7,1.0,1.0,0.5,0.5,0.5,1.0,1.0,0.5,0.5,0.5,0.0,0.0,1.0,1.0,1.0,1.0,1.0,1.0,0.2,1.0,1.0,0.0,1.0,0.0,1.0
0.5,0.5,0.5,0.5,0.5,0.5,0.17347,0.6,0.06667,0.0,0.5,0.0,0.0,0.48,0.0,0.5,0.5,0.6,0.4,1.0,1.0,0.5,1.0,0.43636,1.0,0.25,1.0,1.0,1.0,0.0,1.0,0.75,0.5,0.7,1.0,1.0,0.5,0.5,0.5,1.0,1.0,0.5,0.5,0.5,0.5,0.5,1.0,1.0,1.0,0.5,0.5,0.5,0.4,1.0,1.0,1.0,1.0,1.0,0.5
1.0,0.5,0.0,0.5,0.6,0.5,0.17159,0.6,0.1,0.0,0.5,0.0,1.0,0.4,0.0,0.8386,0.0,0.6,1.0,1.0,1.0,0.6,0.0,0.42576,1.0,0.0,1.0,1.0,1.0,0.0,1.0,1.0,1.0,0.7,1.0,1.0,0.5,0.5,0.5,1.0,1.0,0.5,0.5,0.5,0.0,0.0,1.0,1.0,1.0,0.5,0.5,0.5,0.4,1.0,1.0,1.0,1.0,1.0,0.5
1.0,0.5,0.0,0.5,0.6,0.5,0.17139,0.6,0.13333,0.0,0.5,0.0,1.0,0.32,0.0,0.87419,0.0,1.0,1.0,1.0,1.0,1.0,1.0,0.42956,1.0,0.0,1.0,1.0,1.0,0.0,1.0,1.0,1.0,0.7,1.0,1.0,0.5,0.5,0.5,1.0,1.0,0.5,0.5,0.5,0.0,0.0,1.0,1.0,1.0,0.5,0.5,0.5,0.4,1.0,1.0,1.0,1.0,1.0,0.5
1.0,0.5,1.0,0.5,0.6,0.5,0.17165,0.6,0.16667,0.0,0.5,0.0,1.0,0.28,0.0,0.90449,0.0,1.0,1.0,1.0,1.0,1.0,1.0,0.43394,1.0,0.0,1.0,1.0,1.0,0.0,1.0,1.0,1.0,0.7,1.0,1.0,0.5,0.5,0.5,1.0,1.0,0.5,0.5,0.5,0.0,0.0,1.0,1.0,1.0,0.5,0.5,0.5,0.4,1.0,1.0,1.0,1.0,1.0,0.5
1.0,0.5,1.0,0.5,0.6,0.5,0.17224,0.6,0.2,0.0,0.5,0.0,1.0,0.28,0.0,0.92768,0.0,1.0,1.0,1.0,1.0,1.0,1.0,0.44007,1.0,0.0,1.0,1.0,1.0,0.0,1.0,1.0,1.0,0.7,1.0,1.0,0.5,0.5,0.5,1.0,1.0,0.5,0.5,0.5,0.0,0.0,1.0,1.0,1.0,0.5,0.5,0.5,0.4,1.0,1.0,1.0,1.0,1.0,0.5
1.0,0.5,1.0,0.5,0.6,0.5,0.17303,0.6,0.23333,0.0,0.5,0.0,1.0,0.28,0.0,0.94528,0.0,0.6,1.0,1.0,1.0,0.6,1.0,0.44925,1.0,0.25,1.0,1.0,1.0,0.0,1.0,1.0,1.0,0.7,1.0,1.0,0.5,0.5,0.5,1.0,1.0,0.5,0.5,0.5,0.0,0.0,1.0,1.0,1.0,0.5,0.5,0.5,0.4,1.0,1.0,1.0,1.0,1.0,0.5
1.0,0.5,1.0,0.5,0.6,0.5,0.17385,0.6,0.26667,0.0,0.5,0.0,1.0,0.28,0.0,0.96841,0.0,1.0,1.0,1.0,1.0,1.0,1.0,0.45365,1.0,0.25,1.0,1.0,1.0,0.0,1.0,1.0,1.0,0.7,1.0,1.0,0.5,0.5,0.5,1.0,1.0,0.5,0.5,0.5,0.0,0.0,1.0,1.0,1.0,0.5,0.5,0.5,0.4,1.0,1.0,1.0,1.0,1.0,0.5
1.0,0.5,1.0,0.5,0.6,0.5,0.17455,0.6,0.3,0.0,0.5,0.0,1.0,0.28,0.0,0.98113,0.0,1.0,1.0,1.0,1.0,1.0,1.0,0.45773,1.0,0.25,1.0,1.0,1.0,0.0,1.0,1.0,1.0,0.7,1.0,1.0,0.5,0.5,0.5,1.0,1.0,0.5,0.5,0.5,0.0,0.0,1.0,1.0,1.0,0.5,0.5,0.5,0.4,1.0,1.0,1.0,1.0,1.0,0.5
1.0,0.5,1.0,0.5,0.6,0.5,0.17492,0.6,0.33333,0.0,0.5,0.0,1.0,0.28,0.0,0.98773,0.0,0.8,0.8,1.0,1.0,0.8,0.0,0.45678,1.0,0.0,1.0,1.0,1.0,0.0,1.0,1.0,1.0,0.7,1.0,1.0,0.5,0.5,0.5,1.0,1.0,0.5,0.5,0.5,0.0,0.0,1.0,1.0,1.0,0.5,0.5,0.5,0.4,1.0,1.0,1.0,1.0,1.0,0.5
1.0,0.5,1.0,0.5,0.6,0.5,0.17533,0.6,0.36667,0.0,0.5,0.0,1.0,0.28,0.0,0.99249,0.0,1.0,0.8,1.0,1.0,1.0,1.0,0.45922,1.0,0.0,1.0,1.0,1.0,0.0,1.0,1.0,1.0,0.7,1.0,1.0,0.5,0.5,0.5,1.0,1.0,0.5,0.5,0.5,0.0,0.0,1.0,1.0,1.0,0.5,0.5,0.5,0.4,1.0,1.0,1.0,1.0,1.0,0.5
1.0,0.5,1.0,0.5,0.6,0.5,0.17615,0.6,0.4,0.0,0.5,0.0,1.0,0.28,0.0,0.9951,0.0,1.0,0.8,1.0,1.0,1.0,1.0,0.46373,1.0,0.0,1.0,1.0,1.0,0.0,1.0,1.0,1.0,0.7,1.0,1.0,0.5,0.5,0.5,1.0,1.0,0.5,0.5,0.5,0.0,0.0,1.0,1.0,1.0,0.5,0.5,0.5,0.4,1.0,1.0,1.0,1.0,1.0,0.5
0.0,0.5,0.0,0.5,0.6,0.5,0.15428,0.6,0.43333,0.0,0.5,0.0,1.0,0.32,0.0,0.99602,0.0,1.0,1.0,1.0,1.0,1.0,0.0,0.45501,1.0,0.0,1.0,1.0,1.0,0.0,1.0,1.0,1.0,0.7,1.0,1.0,0.5,0.5,0.5,1.0,1.0,0.5,0.5,0.5,0.0,0.0,1.0,1.0,1.0,0.5,0.5,0.3,0.4,1.0,0.0,1.0,1.0,1.0,0.25
1.0,0.5,1.0,0.5,0.6,0.5,0.16026,0.6,0.46667,0.0,0.5,0.0,1.0,0.32,0.0,0.99879,0.0,1.0,1.0,1.0,1.0,1.0,1.0,0.46985,1.0,0.0,1.0,1.0,1.0,0.0,1.0,1.0,1.0,0.7,1.0,1.0,0.5,0.5,0.5,1.0,1.0,0.5,0.5,0.5,0.0,0.0,1.0,1.0,1.0,0.5,0.5,0.3,0.4,1.0,1.0,1.0,1.0,1.0,1.0
1.0,0.5,1.0,0.5,0.6,0.5,0.16542,0.6,0.5,0.0,0.5,0.0,1.0,0.28,0.0,0.98569,0.0,1.0,1.0,1.0,1.0,1.0,1.0,0.51009,1.0,0.0,1.0,1.0,1.0,0.0,1.0,1.0,1.0,0.7,1.0,1.0,0.5,0.5,0.5,1.0,1.0,0.5,0.5,0.5,0.0,0.0,1.0,1.0,1.0,0.5,0.5,0.3,0.4,1.0,1.0,1.0,1.0,1.0,1.0
1.0,0.5,1.0,0.5,0.6,0.5,0.17364,0.6,0.53333,0.0,0.5,0.0,1.0,0.28,0.0,0.98107,0.0,1.0,1.0,1.0,1.0,1.0,1.0,0.56162,1.0,0.0,1.0,1.0,1.0,0.0,1.0,1.0,1.0,0.7,1.0,1.0,0.5,0.5,0.5,1.0,1.0,0.5,0.5,0.5,0.0,0.0,1.0,1.0,1.0,0.5,0.5,0.3,0.4,1.0,1.0,1.0,1.0,1.0,1.0
1.0,0.5,1.0,0.5,0.6,0.5,0.18185,0.6,0.56667,0.0,0.5,0.0,1.0,0.28,0.0,0.97997,0.0,1.0,1.0,1.0,1.0,1.0,1.0,0.61821,1.0,0.0,1.0,1.0,1.0,0.0,1.0,1.0,1.0,0.7,1.0,1.0,0.5,0.5,0.5,1.0,1.0,0.5,0.5,0.5,0.0,0.0,1.0,1.0,1.0,0.5,0.5,0.3,0.4,1.0,1.0,1.0,1.0,1.0,1.0
1.0,0.5,1.0,0.5,0.6,0.5,0.19074,0.6,0.6,0.0,0.5,0.0,1.0,0.28,0.0,0.9816,0.0,1.0,1.0,1.0,1.0,1.0,1.0,0.68093,1.0,0.0,1.0,1.0,1.0,0.0,1.0,1.0,1.0,0.7,1.0,1.0,0.5,0.5,0.5,1.0,1.0,0.5,0.5,0.5,0.0,0.0,1.0,1.0,1.0,0.5,0.5,0.3,0.4,1.0,1.0,1.0,1.0,1.0,1.0
1.0,0.5,1.0,0.5,0.6,0.5,0.19965,0.6,0.63333,0.0,0.5,0.0,1.0,0.28,0.0,0.98393,0.0,1.0,1.0,1.0,1.0,1.0,1.0,0.74698,1.0,0.0,1.0,1.0,1.0,0.0,1.0,1.0,1.0,0.7,1.0,1.0,0.5,0.5,0.5,1.0,1.0,0.5,0.5,0.5,0.0,0.0,1.0,1.0,1.0,0.5,0.5,0.3,0.4,1.0,1.0,1.0,1.0,1.0,1.0
1.0,0.5,1.0,0.5,0.6,0.5,0.20857,0.6,0.66667,0.0,0.5,0.0,1.0,0.28,0.0,0.98627,0.0,1.0,1.0,1.0,1.0,1.0,1.0,0.81585,1.0,0.0,1.0,1.0,1.0,0.0,1.0,1.0,1.0,0.7,1.0,1.0,0.5,0.5,0.5,1.0,1.0,0.5,0.5,0.5,0.0,0.0,1.0,1.0,1.0,0.5,0.5,0.3,0.4,1.0,1.0,1.0,1.0,1.0,1.0
1.0,0.5,1.0,0.5,0.6,0.5,0.21432,0.6,0.7,0.0,0.5,0.0,1.0,0.28,0.0,0.98602,0.0,1.0,1.0,1.0,1.0,1.0,1.0,0.86199,1.0,0.0,1.0,1.0,1.0,0.0,1.0,1.0,1.0,0.7,1.0,1.0,0.5,0.5,0.5,1.0,1.0,0.5,0.5,0.5,0.0,0.0,1.0,1.0,1.0,0.5,0.5,0.3,0.4,1.0,1.0,1.0,1.0,1.0,1.0
1.0,0.5,1.0,0.5,0.6,0.5,0.21862,0.6,0.73333,0.0,0.5,0.0,1.0,0.28,0.0,0.98873,0.0,1.0,1.0,1.0,1.0,1.0,1.0,0.89725,1.0,0.0,1.0,1.0,1.0,0.0,1.0,1.0,1.0,0.7,1.0,1.0,0.5,0.5,0.5,1.0,1.0,0.5,0.5,0.5,0.0,0.0,1.0,1.0,1.0,0.5,0.5,0.3,0.4,1.0,1.0,1.0,1.0,1.0,1.0
1.0,0.5,1.0,0.5,0.6,0.5,0.22226,0.6,0.76667,0.0,0.5,0.0,1.0,0.28,0.0,0.99136,0.0,1.0,1.0,1.0,1.0,1.0,1.0,0.92777,1.0,0.0,1.0,1.0,1.0,0.0,1.0,1.0,1.0,0.7,1.0,1.0,0.5,0.5,0.5,1.0,1.0,0.5,0.5,0.5,0.0,0.0,1.0,1.0,1.0,0.5,0.5,0.3,0.4,1.0,1.0,1.0,1.0,1.0,1.0
1.0,0.5,1.0,0.5,0.6,0.5,0.22528,0.6,0.8,0.0,0.5,0.0,1.0,0.28,0.0,0.99463,0.0,1.0,1.0,1.0,1.0,1.0,1.0,0.95333,1.0,0.0,1.0,1.0,1.0,0.0,1.0,1.0,1.0,0.7,1.0,1.0,0.5,0.5,0.5,1.0,1.0,0.5,0.5,0.5,0.0,0.0,1.0,1.0,1.0,0.5,0.5,0.3,0.4,1.0,1.0,1.0,1.0,1.0,1.0
1.0,0.5,1.0,0.5,0.6,0.5,0.22824,0.6,0.83333,0.0,0.5,0.0,1.0,0.28,0.0,0.99688,0.0,1.0,1.0,1.0,1.0,1.0,1.0,0.97872,1.0,0.0,1.0,1.0,1.0,0.0,1.0,1.0,1.0,0.7,1.0,1.0,0.5,0.5,0.5,1.0,1.0,0.5,0.5,0.5,0.0,0.0,1.0,1.0,1.0,0.5,0.5,0.3,0.4,1.0,1.0,1.0,1.0,1.0,1.0
1.0,0.5,1.0,0.5,0.8,0.5,0.23161,0.8,0.86667,0.0,0.5,0.0,1.0,0.28,0.0,0.99791,0.0,1.0,1.0,1.0,1.0,1.0,1.0,0.99211,1.0,0.0,1.0,1.0,1.0,0.0,1.0,1.0,1.0,0.7,1.0,1.0,0.5,0.5,0.5,1.0,1.0,0.5,0.5,0.5,0.0,0.0,1.0,1.0,1.0,0.5,0.5,0.3,0.4,1.0,1.0,1.0,1.0,1.0,1.0
1.0,0.5,1.0,0.5,0.8,0.5,0.23559,0.8,0.9,0.0,0.5,0.0,1.0,0.28,0.0,0.99718,0.0,1.0,1.0,1.0,1.0,1.0,0.0,0.95791,1.0,0.0,1.0,1.0,1.0,0.0,1.0,1.0,1.0,0.7,1.0,1.0,0.5,0.5,0.5,1.0,1.0,0.5,0.5,0.5,0.0,0.0,1.0,1.0,1.0,0.5,0.5,0.3,0.4,1.0,1.0,1.0,1.0,1.0,1.0
1.0,0.5,1.0,0.5,0.8,0.5,0.24404,0.8,0.93333,0.0,0.5,0.0,1.0,0.28,0.0,0.99295,0.0,1.0,1.0,1.0,1.0,1.0,0.0,0.88751,1.0,0.0,1.0,1.0,1.0,0.0,1.0,1.0,1.0,0.7,1.0,1.0,0.5,0.5,0.5,1.0,1.0,0.5,0.5,0.5,0.0,0.0,1.0,1.0,1.0,0.5,0.5,0.3,0.4,1.0,1.0,1.0,1.0,1.0,1.0
1.0,0.5,1.0,0.5,0.8,0.5,0.25344,0.8,0.96667,0.0,0.5,0.0,1.0,0.28,0.0,0.99235,0.0,1.0,1.0,1.0,1.0,1.0,0.0,0.81236,1.0,0.0,1.0,1.0,1.0,0.0,1.0,1.0,1.0,0.7,1.0,1.0,0.5,0.5,0.5,1.0,1.0,0.5,0.5,0.5,0.0,0.0,1.0,1.0,1.0,0.5,0.5,0.3,0.4,1.0,1.0,1.0,1.0,1.0,1.0
1.0,0.5,1.0,0.5,0.8,0.5,0.26344,0.8,1.0,0.0,0.5,0.0,1.0,0.28,0.0,0.99356,0.0,1.0,1.0,1.0,1.0,1.0,0.0,0.736,1.0,0.0,1.0,1.0,1.0,0.0,1.0,1.0,1.0,0.7,1.0,1.0,0.5,0.5,0.5,1.0,1.0,0.5,0.5,0.5,0.0,0.0,1.0,1.0,1.0,0.5,0.5,0.3,0.4,1.0,1.0,1.0,1.0,1.0,1.0
0.5,0.5,0.5,0.5,0.5,0.5,0.06228,0.2,0.6,0.0,0.5,0.0,0.0,0.52,0.0,0.0,0.99345,1.0,1.0,1.0,1.0,0.5,1.0,0.85862,1.0,0.25,0.41226,0.25965,0.0,1.0,1.0,0.25,0.5,0.7,1.0,1.0,0.5,0.5,0.5,1.0,1.0,0.5,0.5,0.5,0.0,0.0,1.0,1.0,1.0,0.5,0.5,0.3,0.4,1.0,1.0,1.0,1.0,0.0,0.5
0.0,0.5,0.0,0.5,0.2,0.5,0.04885,0.2,0.63333,0.0,0.5,0.0,1.0,0.56,0.0,0.0,0.96241,1.0,1.0,1.0,1.0,1.0,0.0,0.84656,1.0,0.25,0.33622,0.20208,0.0,1.0,1.0,1.0,1.0,0.7,1.0,1.0,0.5,0.5,0.5,1.0,1.0,0.5,0.5,0.5,0.0,0.0,1.0,1.0,1.0,0.5,0.5,0.3,0.4,1.0,0.0,1.0,1.0,1.0,1.0
0.5,0.5,0.5,0.5,0.5,0.5,0.19308,0.6,0.56667,0.0,0.5,0.0,0.0,0.16,0.08,0.0,0.98663,0.9,1.0,0.9,1.0,0.5,0.0,0.77287,1.0,0.0,1.0,1.0,1.0,0.0,1.0,1.0,0.5,0.7,1.0,1.0,0.5,0.5,0.5,1.0,1.0,0.5,0.5,0.5,0.0,0.0,1.0,1.0,1.0,1.0,1.0,0.3,0.4,1.0,1.0,0.0,1.0,0.0,0.5
0.0,0.5,0.0,0.5,0.4,0.5,0.16538,0.4,0.6,0.0,0.5,0.0,1.0,0.2,0.08,0.0,0.99552,1.0,1.0,0.9,1.0,1.0,1.0,0.79571,1.0,0.0,0.92702,0.86397,0.0,0.0,0.5,1.0,1.0,0.7,1.0,1.0,0.5,0.5,0.5,1.0,1.0,0.5,0.5,0.5,0.0,0.0,1.0,1.0,1.0,1.0,1.0,0.3,0.4,1.0,0.0,0.0,1.0,1.0,1.0
0.5,0.5,0.5,0.5,0.5,0.5,0.26862,0.8,0.26667,0.0,0.5,0.0,0.0,0.52,0.04,0.95552,0.0,1.0,1.0,1.0,1.0,0.5,1.0,0.54567,1.0,0.0,1.0,1.0,1.0,0.0,1.0,1.0,0.5,0.7,1.0,1.0,0.5,0.5,0.5,1.0,1.0,0.5,0.5,0.5,0.0,0.0,1.0,1.0,1.0,0.5,0.5,0.3,0.4,1.0,1.0,1.0,1.0,1.0,0.5
0.5,0.5,0.5,0.5,0.5,0.5,0.44386,1.0,0.13333,0.0,0.5,0.0,0.0,0.24,0.0,0.96839,0.0,1.0,0.8,1.0,1.0,0.5,0.0,0.90645,1.0,0.25,1.0,1.0,1.0,1.0,1.0,0.75,0.5,0.7,1.0,1.0,0.5,0.5,0.5,1.0,1.0,0.5,0.5,0.5,0.0,0.0,1.0,1.0,1.0,0.5,0.5,1.0,0.2,1.0,1.0,1.0,1.0,1.0,0.5
1.0,0.5,1.0,0.5,1.0,0.5,0.45089,1.0,0.16667,0.0,0.5,0.0,1.0,0.24,0.0,0.98527,0.0,1.0,0.8,1.0,1.0,1.0,0.0,0.89123,1.0,0.25,1.0,1.0,1.0,1.0,1.0,1.0,1.0,0.7,1.0,1.0,0.5,0.5,0.5,1.0,1.0,0.5,0.5,0.5,0.0,0.0,1.0,1.0,1.0,0.5,0.5,1.0,0.2,1.0,1.0,1.0,1.0,1.0,1.0
0.0,0.5,1.0,0.5,1.0,0.5,0.45164,1.0,0.2,0.0,0.5,0.0,1.0,0.2,0.0,0.98091,0.0,1.0,1.0,1.0,1.0,1.0,0.0,0.88971,1.0,0.25,1.0,1.0,1.0,1.0,1.0,1.0,1.0,0.7,1.0,1.0,0.5,0.5,0.5,1.0,1.0,0.5,0.5,0.5,0.0,0.0,1.0,1.0,1.0,0.5,0.5,1.0,0.2,1.0,1.0,1.0,1.0,1.0,1.0
0.0,0.5,1.0,0.5,1.0,0.5,0.45175,1.0,0.23333,0.0,0.5,0.0,1.0,0.16,0.0,0.97252,0.0,0.8,0.8,1.0,1.0,0.8,0.0,0.75801,1.0,0.0,1.0,1.0,1.0,0.0,1.0,1.0,1.0,0.7,1.0,1.0,0.5,0.5,0.5,1.0,1.0,0.5,0.5,0.5,0.0,0.0,1.0,1.0,1.0,0.5,0.5,1.0,0.2,1.0,1.0,1.0,1.0,1.0,1.0
0.0,0.0,0.0,0.0,1.0,1.0,0.45006,1.0,0.3,0.0,0.5,0.0,0.0,0.16,0.0,0.97528,0.0,0.8,0.8,1.0,1.0,1.0,1.0,0.76537,1.0,0.0,1.0,1.0,1.0,0.0,1.0,0.75,1.0,0.7,1.0,1.0,0.5,0.5,0.5,1.0,1.0,0.5,0.5,0.5,0.0,0.0,1.0,1.0,1.0,0.5,0.5,1.0,0.2,1.0,1.0,1.0,1.0,1.0,1.0
0.0,1.0,0.0,1.0,1.0,1.0,0.48058,1.0,0.36667,0.0,0.5,0.0,0.0,0.16,0.04,0.43398,0.0,1.0,0.8,1.0,1.0,1.0,0.0,0.63767,1.0,0.0,1.0,1.0,1.0,0.0,1.0,1.0,1.0,0.7,1.0,1.0,0.5,0.5,0.5,1.0,1.0,0.5,0.5,0.5,0.0,0.0,1.0,1.0,1.0,1.0,0.53321,1.0,0.2,1.0,1.0,0.0,1.0,0.0,1.0
0.5,0.5,0.5,0.5,0.5,0.5,0.23537,0.8,0.5,0.0,0.5,0.0,0.0,0.48,0.0,0.99916,0.0,1.0,1.0,1.0,1.0,0.5,0.0,0.08811,0.22027,0.0,1.0,0.98957,0.5,0.0,0.9993,1.0,0.5,0.7,1.0,1.0,0.5,0.5,0.5,1.0,1.0,0.5,0.5,0.5,0.0,0.0,1.0,1.0,1.0,0.5,0.5,0.3,0.6,1.0,1.0,1.0,1.0,0.0,0.5
1.0,0.5,0.0,0.5,0.8,0.5,0.2316,0.8,0.53333,0.0,0.5,0.0,1.0,0.48,0.0,0.99784,0.0,1.0,1.0,1.0,1.0,1.0,0.0,0.08458,0.21145,0.0,1.0,0.97796,0.5,0.0,0.99871,1.0,1.0,0.7,1.0,1.0,0.5,0.5,0.5,1.0,1.0,0.5,0.5,0.5,0.0,0.0,1.0,1.0,1.0,0.5,0.5,0.3,0.6,1.0,1.0,1.0,1.0,1.0,1.0
0.0,0.5,0.0,0.5,0.6,0.5,0.20746,0.6,0.56667,0.0,0.5,0.0,1.0,0.48,0.0,0.9995,0.0,1.0,1.0,1.0,1.0,1.0,0.0,0.0822,0.20549,0.0,0.90818,0.81071,0.0,0.0,0.99816,1.0,1.0,0.7,1.0,1.0,0.5,0.5,0.5,1.0,1.0,0.5,0.5,0.5,0.0,0.0,1.0,1.0,1.0,0.5,0.5,0.3,0.6,1.0,0.5,1.0,1.0,1.0,1.0
1.0,1.0,1.0,1.0,0.6,1.0,0.24536,1.0,0.63333,0.0,0.5,0.0,0.0,0.48,0.0,0.0,0.99749,1.0,1.0,1.0,1.0,1.0,0.0,0.07435,0.18589,0.0,1.0,1.0,1.0,0.0,0.99921,1.0,1.0,0.7,1.0,1.0,0.5,0.5,0.5,1.0,1.0,0.5,0.5,0.5,0.0,0.0,1.0,1.0,1.0,0.5,0.5,0.3,0.6,1.0,1.0,1.0,1.0,0.0,1.0
0.0,0.0,0.0,0.0,0.6,0.8,0.22922,0.8,0.73333,0.0,0.5,0.0,0.0,0.48,0.04,0.41642,0.0,1.0,1.0,1.0,1.0,1.0,1.0,0.91641,1.0,0.25,1.0,1.0,1.0,0.0,1.0,1.0,0.75,0.7,1.0,1.0,0.5,0.5,0.5,1.0,1.0,0.5,0.5,0.5,0.0,0.0,1.0,1.0,1.0,1.0,0.55333,0.3,0.4,1.0,1.0,1.0,1.0,1.0,1.0
0.0,0.5,0.0,0.5,0.6,0.5,0.19302,0.6,0.76667,0.0,0.5,0.0,1.0,0.52,0.04,0.64351,0.0,1.0,1.0,1.0,1.0,1.0,0.0,0.90968,1.0,0.25,0.83557,0.71758,0.0,0.0,1.0,1.0,1.0,0.7,1.0,1.0,0.5,0.5,0.5,1.0,1.0,0.5,0.5,0.5,0.0,0.0,1.0,1.0,1.0,1.0,0.55333,0.3,0.4,1.0,0.0,1.0,1.0,1.0,1.0
0.0,1.0,0.0,0.0,0.6,0.6,0.05119,0.2,0.0,0.9375,0.5,0.0,0.0,0.44,0.04,0.99928,0.0,1.0,1.0,1.0,1.0,1.0,0.0,0.89253,1.0,0.25,0.31461,0.18667,0.0,0.0,0.98872,0.75,1.0,0.7,1.0,1.0,0.5,0.5,0.5,1.0,1.0,0.5,0.5,0.5,0.0,0.0,1.0,1.0,1.0,0.2833,0.39934,1.0,0.2,0.0,1.0,0.0,1.0,0.0,1.0
0.5,0.5,0.5,0.5,0.5,0.5,0.51521,1.0,0.0,0.96774,0.5,0.0,0.0,0.2,0.04,0.97977,0.0,1.0,1.0,1.0,1.0,0.5,0.0,0.90349,1.0,0.25,1.0,1.0,1.0,0.0,1.0,0.75,0.5,0.7,1.0,1.0,0.5,0.5,0.5,1.0,1.0,0.5,0.5,0.5,0.0,0.0,1.0,1.0,1.0,0.5,0.5,1.0,0.2,1.0,1.0,1.0,1.0,1.0,0.5
1.0,0.5,1.0,0.5,1.0,0.5,0.57706,1.0,0.0,0.9375,0.5,0.0,1.0,0.2,0.04,0.99839,0.0,1.0,1.0,1.0,1.0,1.0,0.0,0.85171,1.0,0.25,1.0,1.0,1.0,0.0,1.0,1.0,1.0,0.7,1.0,1.0,0.5,0.5,0.5,1.0,1.0,0.5,0.5,0.5,0.0,0.0,1.0,1.0,1.0,0.5,0.5,1.0,0.2,1.0,1.0,1.0,1.0,1.0,1.0
1.0,0.5,1.0,0.5,1.0,0.5,0.63033,1.0,0.0,0.90909,0.5,0.0,1.0,0.2,0.04,0.0,0.99307,1.0,1.0,1.0,1.0,1.0,0.0,0.80713,1.0,0.25,1.0,1.0,1.0,0.0,1.0,1.0,1.0,0.7,1.0,1.0,0.5,0.5,0.5,1.0,1.0,0.5,0.5,0.5,0.0,0.0,1.0,1.0,1.0,0.5,0.5,1.0,0.2,1.0,1.0,1.0,1.0,1.0,1.0
1.0,0.5,1.0,0.5,1.0,0.5,0.67661,1.0,0.0,0.88235,0.5,0.0,1.0,0.16,0.04,0.0,0.9891,1.0,1.0,1.0,1.0,1.0,0.0,0.7684,1.0,0.25,1.0,1.0,1.0,0.0,1.0,1.0,1.0,0.7,1.0,1.0,0.5,0.5,0.5,1.0,1.0,0.5,0.5,0.5,0.0,0.0,1.0,1.0,1.0,0.5,0.5,1.0,0.2,1.0,1.0,1.0,1.0,1.0,0.75
1.0,0.5,1.0,0.5,1.0,0.5,0.71696,1.0,0.0,0.85714,0.5,0.0,1.0,0.16,0.04,0.0,0.99268,0.9,0.9,1.0,1.0,0.9,0.0,0.0431,0.10775,0.0,1.0,1.0,1.0,0.0,1.0,1.0,1.0,0.7,1.0,1.0,0.5,0.5,0.5,1.0,1.0,0.5,0.5,0.5,0.0,0.0,1.0,1.0,1.0,0.5,0.5,1.0,0.2,1.0,1.0,1.0,1.0,1.0,0.75
1.0,0.5,1.0,0.5,1.0,0.5,0.75218,1.0,0.0,0.83333,0.5,0.0,1.0,0.16,0.04,0.0,0.99479,1.0,0.9,1.0,1.0,1.0,0.0,0.01429,0.03573,0.0,1.0,1.0,1.0,0.0,1.0,1.0,1.0,0.7,1.0,1.0,0.5,0.5,0.5,1.0,1.0,0.5,0.5,0.5,0.0,0.0,1.0,1.0,1.0,0.5,0.5,1.0,0.2,1.0,1.0,1.0,1.0,1.0,0.75
0.0,0.0,1.0,1.0,1.0,1.0,0.75893,1.0,0.0,0.75,0.5,0.0,0.0,0.12,0.04,0.97036,0.0,1.0,1.0,1.0,1.0,1.0,0.0,0.01054,0.02636,0.0,1.0,1.0,1.0,0.0,1.0,1.0,1.0,0.7,1.0,1.0,0.5,0.5,0.5,1.0,1.0,0.5,0.5,0.5,0.0,0.0,1.0,1.0,1.0,0.5,0.5,1.0,0.2,1.0,1.0,1.0,1.0,1.0,0.75
0.5,0.5,0.5,0.5,0.5,0.5,0.17765,0.6,0.16667,0.0,0.5,0.0,0.0,0.56,0.04,0.41018,0.0,0.9,1.0,1.0,1.0,0.5,0.0,0.76338,1.0,0.25,1.0,1.0,1.0,0.0,1.0,0.75,0.5,0.7,1.0,1.0,0.5,0.5,0.5,1.0,1.0,0.5,0.5,0.5,0.0,0.0,1.0,1.0,1.0,0.5,0.5,0.3,0.4,1.0,1.0,1.0,1.0,1.0,0.5
0.0,0.0,0.0,0.0,0.4,0.4,0.10798,0.4,0.36667,0.0,0.5,0.0,0.0,0.32,0.04,0.98308,0.0,1.0,1.0,1.0,1.0,1.0,1.0,0.95947,1.0,0.25,0.55755,0.38653,0.0,0.0,0.86202,0.75,1.0,0.7,1.0,1.0,0.5,0.5,0.5,1.0,1.0,0.5,0.5,0.5,0.0,0.0,1.0,1.0,1.0,0.5,0.5,1.0,0.2,0.0,1.0,1.0,1.0,1.0,1.0
0.0,1.0,0.0,1.0,0.4,0.6,0.05404,0.4,0.9,0.0,0.5,0.0,0.0,0.2,0.08,0.98387,0.0,1.0,1.0,0.7,1.0,0.4,0.0,0.96992,1.0,0.5,0.28028,0.16298,0.0,0.0,0.81354,0.75,1.0,0.7,1.0,1.0,0.5,0.5,0.5,1.0,1.0,0.5,0.5,0.5,0.0,0.0,1.0,1.0,1.0,1.0,0.09636,1.0,0.2,0.0,1.0,0.0,1.0,0.0,0.25
0.0,0.0,0.0,0.0,0.4,0.4,0.05306,0.4,0.96667,0.0,0.5,0.0,0.0,0.16,0.08,0.97991,0.0,1.0,1.0,0.7,1.0,1.0,1.0,0.96987,1.0,0.5,0.27516,0.15953,0.0,0.0,0.81363,0.75,1.0,0.7,1.0,1.0,0.5,0.5,0.5,1.0,1.0,0.5,0.5,0.5,0.0,0.0,1.0,1.0,1.0,1.0,0.09636,1.0,0.2,0.0,1.0,0.0,1.0,0.0,0.25
0.0,0.0,0.0,0.0,0.4,0.4,0.05859,0.4,0.0,0.75,0.5,0.0,0.0,0.16,0.08,0.99789,0.0,1.0,1.0,0.9,1.0,0.9,1.0,0.98081,1.0,0.5,0.29988,0.17638,0.0,0.0,0.81378,0.25,1.0,0.7,1.0,1.0,0.5,0.5,0.5,1.0,1.0,0.5,0.5,0.5,0.0,0.0,1.0,1.0,1.0,1.0,0.09636,1.0,0.2,0.0,1.0,0.0,1.0,0.0,0.25
0.5,0.5,0.5,0.5,0.5,0.5,0.12828,0.4,0.13333,0.0,0.5,0.0,0.0,0.6,0.0,0.9606,0.0,1.0,0.6,1.0,1.0,0.5,0.0,0.42807,1.0,0.0,0.98033,0.96141,0.0,0.0,1.0,0.75,0.5,0.7,1.0,1.0,0.5,0.5,0.5,1.0,1.0,0.5,0.5,0.5,0.0,0.0,1.0,1.0,1.0,0.5,0.5,0.3,0.4,1.0,1.0,1.0,1.0,1.0,0.5
0.0,0.0,0.0,0.0,0.2,0.2,0.07619,0.4,0.36667,0.0,0.5,0.0,0.0,0.4,0.04,0.946,0.0,1.0,1.0,1.0,1.0,0.6,1.0,0.81859,1.0,0.25,0.42106,0.26667,0.0,0.0,0.83108,0.5,1.0,0.7,1.0,1.0,0.5,0.5,0.5,1.0,1.0,0.5,0.5,0.5,0.0,0.0,1.0,1.0,1.0,0.5,0.5,1.0,0.2,0.0,1.0,1.0,1.0,1.0,1.0
0.0,0.0,0.0,0.0,0.4,0.4,0.01531,0.2,0.73333,0.0,0.5,0.0,0.0,0.24,0.12,0.99911,0.0,1.0,1.0,1.0,1.0,1.0,0.0,0.53101,1.0,0.0,0.15756,0.06369,0.0,0.0,0.89949,1.0,0.75,0.7,1.0,1.0,0.5,0.5,0.5,1.0,1.0,0.5,0.5,0.5,0.0,0.0,1.0,1.0,1.0,0.05802,0.10819,0.3,0.4,0.5,0.0,1.0,1.0,0.5,0.25
0.0,0.0,0.0,0.0,0.2,0.2,0.01127,0.2,0.86667,0.0,0.5,0.0,0.0,0.24,0.12,0.0,0.99558,0.8,0.8,0.8,1.0,0.8,1.0,0.72279,1.0,0.25,0.13118,0.05307,0.0,0.0,0.89917,0.75,1.0,0.7,1.0,1.0,0.5,0.5,0.5,1.0,1.0,0.5,0.5,0.5,0.0,0.0,1.0,1.0,1.0,0.05802,0.10819,1.0,0.2,0.0,1.0,0.0,1.0,0.0,1.0
0.5,0.5,0.5,0.5,0.5,0.5,0.11687,0.7,0.16667,0.0,1.0,0.0,0.0,0.28,0.0,0.9534,0.0,0.82222,0.95556,1.0,1.0,0.5,0.0,0.86358,1.0,0.44444,1.0,1.0,1.0,0.0,0.85312,1.0,0.5,0.7,1.0,1.0,0.5,0.5,0.5,1.0,1.0,0.5,0.5,0.5,0.0,0.0,1.0,1.0,1.0,0.5,0.5,0.3,0.3,1.0,0.5,1.0,1.0,1.0,0.5
0.5,0.5,0.5,0.5,0.5,0.5,0.08978,0.4,0.1,0.0,1.0,0.0,0.0,0.52,0.0,1.0,0.0,0.44444,0.44444,1.0,1.0,0.5,0.0,0.84891,1.0,0.11111,1.0,0.56731,0.66667,1.0,0.93988,0.88889,0.5,0.7,1.0,1.0,0.5,0.5,0.5,1.0,1.0,0.5,0.5,0.5,0.0,0.0,1.0,1.0,1.0,0.5,0.5,0.3,0.4,1.0,0.66667,1.0,1.0,1.0,0.5
1.0,0.5,1.0,0.5,0.4,0.5,0.09847,0.4,0.13333,0.0,1.0,0.0,1.0,0.53,0.0,0.88593,0.0,0.8,1.0,1.0,1.0,0.8,0.0,0.82708,1.0,0.11111,1.0,0.60121,0.5,0.0,0.90873,1.0,0.88889,0.7,1.0,1.0,0.5,0.5,0.5,1.0,1.0,0.5,0.5,0.5,0.0,0.0,1.0,1.0,1.0,0.5,0.5,0.3,0.5,1.0,0.75,1.0,1.0,0.75,1.0
1.0,0.5,1.0,0.5,0.5,0.5,0.09916,0.5,0.16667,0.0,1.0,0.0,1.0,0.48,0.0,0.84207,0.0,1.0,1.0,1.0,1.0,1.0,0.0,0.80038,1.0,0.11111,0.98186,0.57571,0.5,1.0,0.93608,1.0,1.0,0.7,1.0,1.0,0.5,0.5,0.5,1.0,1.0,0.5,0.5,0.5,0.0,0.0,1.0,1.0,1.0,0.5,0.5,0.3,0.5,1.0,1.0,1.0,1.0,1.0,1.0
1.0,0.5,1.0,0.5,0.5,0.5,0.10026,0.5,0.2,0.0,1.0,0.0,1.0,0.43,0.0,0.85602,0.0,1.0,1.0,1.0,1.0,1.0,0.0,0.70595,1.0,0.11111,0.90413,0.56762,0.5,0.0,0.9551,1.0,0.77778,0.7,1.0,1.0,0.5,0.5,0.5,1.0,1.0,0.5,0.5,0.5,0.0,0.0,1.0,1.0,1.0,0.5,0.5,0.3,0.4,0.75,1.0,1.0,1.0,0.75,1.0
0.5,0.5,0.5,0.5,0.5,0.5,0.03941,0.3,0.43333,0.0,1.0,0.0,0.0,0.1,0.01,0.99259,0.0,0.97778,0.97778,1.0,1.0,0.5,0.0,0.79144,1.0,0.11111,0.31765,0.18881,0.0,0.0,0.5,0.88889,0.5,0.7,1.0,1.0,0.5,0.5,0.5,1.0,1.0,0.5,0.5,0.5,0.0,0.0,1.0,1.0,1.0,1.0,1.0,1.0,0.1,0.0,1.0,0.0,1.0,0.0,0.5
0.0,0.5,0.0,0.5,0.3,0.5,0.03936,0.3,0.46667,0.0,1.0,0.0,1.0,0.1,0.01,0.99341,0.0,1.0,0.97778,1.0,1.0,1.0,1.0,0.79176,1.0,0.11111,0.31702,0.18837,0.0,0.0,0.5,1.0,1.0,0.7,1.0,1.0,0.5,0.5,0.5,1.0,1.0,0.5,0.5,0.5,0.0,0.0,1.0,1.0,1.0,1.0,1.0,1.0,0.1,0.0,1.0,0.0,1.0,0.0,0.11111
0.0,0.5,0.0,0.5,0.3,0.5,0.03935,0.3,0.5,0.0,1.0,0.0,1.0,0.09,0.01,0.99486,0.0,1.0,0.97778,1.0,1.0,1.0,1.0,0.79188,1.0,0.11111,0.31681,0.18822,0.0,0.0,0.5,1.0,1.0,0.7,1.0,1.0,0.5,0.5,0.5,1.0,1.0,0.5,0.5,0.5,0.0,0.0,1.0,1.0,1.0,1.0,1.0,1.0,0.1,0.0,1.0,0.0,1.0,0.0,0.11111
0.0,0.5,0.0,0.5,0.3,0.5,0.03935,0.3,0.53333,0.0,1.0,0.0,1.0,0.09,0.01,0.99608,0.0,1.0,0.97778,1.0,1.0,1.0,1.0,0.79192,1.0,0.11111,0.31674,0.18817,0.0,0.0,0.5,1.0,1.0,0.7,1.0,1.0,0.5,0.5,0.5,1.0,1.0,0.5,0.5,0.5,0.0,0.0,1.0,1.0,1.0,1.0,1.0,1.0,0.1,0.0,1.0,0.0,1.0,0.0,0.11111
0.0,0.5,0.0,0.5,0.3,0.5,0.03935,0.3,0.56667,0.0,1.0,0.0,1.0,0.09,0.01,0.99684,0.0,1.0,1.0,1.0,1.0,1.0,1.0,0.79194,1.0,0.11111,0.31671,0.18815,0.0,0.0,0.5,1.0,1.0,0.7,1.0,1.0,0.5,0.5,0.5,1.0,1.0,0.5,0.5,0.5,0.0,0.0,1.0,1.0,1.0,1.0,1.0,1.0,0.1,0.0,1.0,0.0,1.0,0.0,0.11111
0.0,0.5,0.0,0.5,0.3,0.5,0.03934,0.3,0.6,0.0,1.0,0.0,1.0,0.09,0.01,0.99669,0.0,1.0,1.0,1.0,1.0,1.0,1.0,0.79195,1.0,0.11111,0.3167,0.18814,0.0,0.0,0.5,1.0,1.0,0.7,1.0,1.0,0.5,0.5,0.5,1.0,1.0,0.5,0.5,0.5,0.0,0.0,1.0,1.0,1.0,1.0,1.0,1.0,0.1,0.0,1.0,0.0,1.0,0.0,0.11111
0.0,0.5,0.0,0.5,0.3,0.5,0.03934,0.3,0.63333,0.0,1.0,0.0,1.0,0.09,0.01,0.99686,0.0,1.0,1.0,1.0,1.0,1.0,1.0,0.79195,1.0,0.11111,0.3167,0.18814,0.0,0.0,0.5,1.0,1.0,0.7,1.0,1.0,0.5,0.5,0.5,1.0,1.0,0.5,0.5,0.5,0.0,0.0,1.0,1.0,1.0,1.0,1.0,1.0,0.1,0.0,1.0,0.0,1.0,0.0,0.11111
0.0,0.5,0.0,0.5,0.3,0.5,0.03934,0.3,0.66667,0.0,1.0,0.0,1.0,0.09,0.01,0.99721,0.0,1.0,1.0,1.0,1.0,1.0,1.0,0.79195,1.0,0.11111,0.3167,0.18814,0.0,0.0,0.5,1.0,1.0,0.7,1.0,1.0,0.5,0.5,0.5,1.0,1.0,0.5,0.5,0.5,0.0,0.0,1.0,1.0,1.0,1.0,1.0,1.0,0.1,0.0,1.0,0.0,1.0,0.0,0.11111
0.5,0.5,0.5,0.5,0.5,0.5,0.21499,1.0,0.66667,0.0,1.0,0.0,0.0,0.12,0.06,0.98996,0.0,1.0,1.0,0.91111,1.0,0.5,0.0,0.70657,1.0,0.22222,1.0,1.0,1.0,0.0,1.0,1.0,0.5,0.7,1.0,1.0,0.5,0.5,0.5,1.0,1.0,0.5,0.5,0.5,0.0,0.0,1.0,1.0,1.0,1.0,0.21877,0.45,0.2,1.0,0.0,1.0,1.0,1.0,0.5
0.5,0.5,0.5,0.5,0.5,0.5,0.20789,1.0,0.16667,0.0,1.0,0.0,0.0,0.38,0.06,0.72371,0.0,1.0,1.0,0.71111,1.0,0.5,0.0,0.97514,1.0,0.11111,1.0,1.0,1.0,0.0,1.0,1.0,0.5,0.7,1.0,1.0,0.5,0.5,0.5,1.0,1.0,0.5,0.5,0.5,0.0,0.0,1.0,1.0,1.0,0.5,0.5,0.4,0.2,0.5,1.0,0.0,1.0,0.0,0.5
1.0,0.5,1.0,0.5,1.0,0.5,0.22692,1.0,0.2,0.0,1.0,0.0,1.0,0.37,0.06,0.85411,0.0,1.0,1.0,0.8,1.0,1.0,0.0,0.84585,1.0,0.0,1.0,1.0,1.0,0.0,1.0,1.0,0.88889,0.7,1.0,1.0,0.5,0.5,0.5,1.0,1.0,0.5,0.5,0.5,0.0,0.0,1.0,1.0,1.0,0.5,0.5,0.4,0.2,1.0,1.0,0.0,1.0,1.0,0.88889
1.0,0.0,1.0,0.0,1.0,1.0,0.22377,1.0,0.3,0.0,1.0,0.0,0.0,0.34,0.05,0.0,0.99883,1.0,1.0,0.64444,1.0,0.75556,0.0,0.89418,1.0,0.22222,1.0,1.0,1.0,0.0,1.0,0.77778,1.0,0.7,1.0,1.0,0.5,0.5,0.5,1.0,1.0,0.5,0.5,0.5,0.0,0.1883,1.0,1.0,1.0,0.0,0.21612,0.4,0.2,1.0,1.0,0.0,1.0,0.0,0.77778
0.0,0.0,0.0,0.0,1.0,1.0,0.178,1.0,0.36667,0.0,1.0,0.0,0.0,0.32,0.08,0.96733,0.0,1.0,1.0,0.53333,0.73333,1.0,0.0,0.89384,1.0,0.22222,1.0,1.0,1.0,0.0,0.94539,0.88889,1.0,0.7,1.0,1.0,0.5,0.5,0.5,1.0,1.0,0.5,0.5,0.5,0.0,0.0,1.0,1.0,1.0,0.0,0.21612,0.3,0.2,1.0,0.0,0.0,1.0,1.0,0.77778
0.0,0.0,0.0,0.0,0.8,0.8,0.16225,0.8,0.53333,0.0,1.0,0.0,0.0,0.13,0.08,0.9733,0.0,0.91111,1.0,0.62222,1.0,0.82222,0.0,0.40114,1.0,0.44444,1.0,1.0,1.0,0.0,1.0,0.77778,0.77778,0.7,1.0,1.0,0.5,0.5,0.5,1.0,1.0,0.5,0.5,0.5,0.0,0.0,1.0,1.0,1.0,1.0,0.43964,0.45,0.2,1.0,1.0,0.0,1.0,0.0,1.0
0.5,0.5,0.5,0.5,0.5,0.5,0.15284,0.8,0.03333,0.0,1.0,0.0,0.0,0.1,0.0,0.5,0.5,0.5,0.5,0.5,0.5,0.5,0.5,0.0,0.0,0.33333,1.0,1.0,1.0,0.0,0.0,0.5,0.5,0.5,1.0,1.0,0.5,0.5,0.5,1.0,1.0,0.5,0.5,0.5,0.5,0.5,1.0,0.5,0.5,0.5,0.5,0.5,0.4,1.0,1.0,1.0,1.0,0.5,0.5
0.0,1.0,0.0,1.0,0.8,0.9,0.19923,1.0,0.13333,0.0,1.0,0.0,0.0,0.18,0.02,0.73676,0.0,0.71111,0.71111,1.0,1.0,0.75556,1.0,0.99787,1.0,0.11111,1.0,1.0,1.0,0.0,1.0,1.0,0.88889,0.7,1.0,1.0,0.5,0.5,0.5,1.0,1.0,0.5,0.5,0.5,0.0,0.0,1.0,1.0,1.0,1.0,1.0,0.3,0.3,1.0,1.0,0.5,1.0,0.0,1.0
0.0,0.0,0.0,0.0,0.9,0.9,0.3565,1.0,0.46667,0.0,1.0,0.0,0.0,0.08,0.05,0.99299,0.0,1.0,1.0,0.77778,1.0,0.73333,0.0,0.79431,1.0,0.33333,1.0,1.0,1.0,0.0,1.0,0.88889,0.77778,0.7,1.0,1.0,0.5,0.5,0.5,1.0,1.0,0.5,0.5,0.5,0.0,0.839,1.0,1.0,1.0,1.0,0.804,1.0,0.1,1.0,1.0,0.0,1.0,1.0,1.0
0.5,0.5,0.5,0.5,0.5,0.5,0.0973,0.6,0.56667,0.0,1.0,0.0,0.0,0.34,0.01,0.77135,0.0,1.0,1.0,1.0,1.0,0.5,0.0,0.96752,1.0,0.11111,0.93917,0.72687,0.66667,0.0,0.84834,0.77778,0.5,0.7,1.0,1.0,0.5,0.5,0.5,1.0,1.0,0.5,0.5,0.5,0.0,0.0,1.0,1.0,1.0,0.41441,0.39686,0.3,0.3,0.66667,0.0,1.0,1.0,0.66667,0.5
0.5,0.5,0.5,0.5,0.5,0.5,0.11945,0.7,0.1,0.0,1.0,0.0,0.0,0.79,0.0,1.0,0.0,1.0,1.0,1.0,1.0,0.5,0.0,0.94448,1.0,0.77778,1.0,0.99084,0.5,0.0,0.91477,1.0,0.5,0.7,1.0,1.0,0.5,0.5,0.5,1.0,1.0,0.5,0.5,0.5,0.0,0.0,1.0,1.0,1.0,0.5,0.5,0.3,0.3,1.0,1.0,1.0,1.0,1.0,0.5
0.0,1.0,0.0,0.0,0.5,0.6,0.11387,0.6,0.16667,0.0,1.0,0.0,0.0,0.74,0.0,0.90915,0.0,1.0,1.0,1.0,1.0,0.53333,0.0,0.65566,1.0,0.0,1.0,0.91686,0.5,0.0,0.97159,0.88889,1.0,0.7,1.0,1.0,0.5,0.5,0.5,1.0,1.0,0.5,0.5,0.5,0.0,0.0,1.0,1.0,1.0,0.5,0.5,0.3,0.3,1.0,1.0,1.0,1.0,1.0,1.0
1.0,1.0,0.0,0.0,0.6,0.6,0.1116,0.6,0.23333,0.0,1.0,0.0,0.0,0.57,0.0,0.91089,0.0,1.0,1.0,1.0,1.0,1.0,0.0,0.6614,1.0,0.0,1.0,0.8679,0.5,0.0,0.97925,0.88889,1.0,0.7,1.0,1.0,0.5,0.5,0.5,1.0,1.0,0.5,0.5,0.5,0.0,0.0,1.0,1.0,1.0,0.5,0.5,0.3,0.3,1.0,1.0,1.0,1.0,1.0,1.0
1.0,0.5,0.0,0.5,0.5,0.5,0.10768,0.5,0.26667,0.0,1.0,0.0,1.0,0.55,0.0,0.93014,0.0,1.0,1.0,1.0,1.0,1.0,0.0,0.61644,1.0,0.0,1.0,0.86383,0.5,0.0,0.98641,1.0,1.0,0.7,1.0,1.0,0.5,0.5,0.5,1.0,1.0,0.5,0.5,0.5,0.0,0.0,1.0,1.0,1.0,0.5,0.5,0.3,0.3,1.0,1.0,1.0,1.0,1.0,1.0
1.0,0.5,0.0,0.5,0.5,0.5,0.10467,0.5,0.3,0.0,1.0,0.0,1.0,0.55,0.0,0.9524,0.0,1.0,1.0,1.0,1.0,1.0,0.0,0.61017,1.0,0.0,1.0,0.82455,0.5,0.0,0.99069,1.0,1.0,0.7,1.0,1.0,0.5,0.5,0.5,1.0,1.0,0.5,0.5,0.5,0.0,0.0,1.0,1.0,1.0,0.5,0.5,0.3,0.3,1.0,1.0,1.0,1.0,1.0,1.0
1.0,0.5,1.0,0.5,0.5,0.5,0.10765,0.5,0.33333,0.0,1.0,0.0,1.0,0.55,0.0,0.96021,0.0,1.0,1.0,1.0,1.0,1.0,1.0,0.63458,1.0,0.0,1.0,0.82856,0.5,0.0,0.99305,1.0,1.0,0.7,1.0,1.0,0.5,0.5,0.5,1.0,1.0,0.5,0.5,0.5,0.0,0.0,1.0,1.0,1.0,0.5,0.5,0.3,0.3,1.0,1.0,1.0,1.0,1.0,1.0
1.0,0.5,0.0,0.5,0.5,0.5,0.10629,0.5,0.36667,0.0,1.0,0.0,1.0,0.53,0.0,0.97318,0.0,1.0,1.0,1.0,1.0,1.0,0.0,0.62904,1.0,0.0,1.0,0.82562,0.5,0.0,0.99383,1.0,1.0,0.7,1.0,1.0,0.5,0.5,0.5,1.0,1.0,0.5,0.5,0.5,0.0,0.0,1.0,1.0,1.0,0.5,0.5,0.3,0.3,1.0,1.0,1.0,1.0,1.0,1.0
1.0,0.5,0.0,0.5,0.5,0.5,0.10177,0.5,0.4,0.0,1.0,0.0,1.0,0.54,0.0,0.9813,0.0,1.0,1.0,1.0,1.0,1.0,0.0,0.59243,1.0,0.0,0.99165,0.82038,0.5,0.0,0.995,1.0,1.0,0.7,1.0,1.0,0.5,0.5,0.5,1.0,1.0,0.5,0.5,0.5,0.0,0.0,1.0,1.0,1.0,0.5,0.5,0.3,0.3,1.0,1.0,1.0,1.0,1.0,1.0
1.0,1.0,0.0,0.0,0.5,0.5,0.10309,0.5,0.53333,0.0,1.0,0.0,0.0,0.54,0.0,0.97499,0.0,1.0,1.0,1.0,1.0,1.0,0.0,0.62733,1.0,0.0,0.9762,0.81042,0.5,0.0,0.99362,0.88889,1.0,0.7,1.0,1.0,0.5,0.5,0.5,1.0,1.0,0.5,0.5,0.5,0.0,0.0,1.0,1.0,1.0,0.5,0.5,0.3,0.3,1.0,1.0,1.0,1.0,1.0,1.0
1.0,0.5,0.0,0.5,0.5,0.5,0.10096,0.5,0.56667,0.0,1.0,0.0,1.0,0.54,0.0,0.97599,0.0,1.0,1.0,1.0,1.0,1.0,0.0,0.61458,1.0,0.0,0.96584,0.80483,0.5,0.0,0.99407,1.0,1.0,0.7,1.0,1.0,0.5,0.5,0.5,1.0,1.0,0.5,0.5,0.5,0.0,0.0,1.0,1.0,1.0,0.5,0.5,0.3,0.3,1.0,1.0,1.0,1.0,1.0,1.0
1.0,0.5,0.0,0.5,0.5,0.5,0.09902,0.5,0.6,0.0,1.0,0.0,1.0,0.54,0.0,0.98179,0.0,1.0,1.0,1.0,1.0,1.0,0.0,0.602,1.0,0.0,0.95717,0.79399,0.5,0.0,0.99495,1.0,1.0,0.7,1.0,1.0,0.5,0.5,0.5,1.0,1.0,0.5,0.5,0.5,0.0,0.0,1.0,1.0,1.0,0.5,0.5,0.3,0.3,1.0,1.0,1.0,1.0,1.0,1.0
1.0,0.5,0.0,0.5,0.5,0.5,0.09886,0.5,0.63333,0.0,1.0,0.0,1.0,0.54,0.0,0.9858,0.0,1.0,1.0,1.0,1.0,1.0,0.0,0.59101,1.0,0.0,0.96442,0.8068,0.5,0.0,0.99582,1.0,1.0,0.7,1.0,1.0,0.5,0.5,0.5,1.0,1.0,0.5,0.5,0.5,0.0,0.0,1.0,1.0,1.0,0.5,0.5,0.3,0.3,1.0,1.0,1.0,1.0,1.0,1.0
1.0,0.5,0.0,0.5,0.5,0.5,0.09841,0.5,0.66667,0.0,1.0,0.0,1.0,0.53,0.0,0.98985,0.0,1.0,1.0,1.0,1.0,1.0,0.0,0.57987,1.0,0.0,0.96922,0.81477,0.5,0.0,0.99675,1.0,1.0,0.7,1.0,1.0,0.5,0.5,0.5,1.0,1.0,0.5,0.5,0.5,0.0,0.0,1.0,1.0,1.0,0.5,0.5,0.3,0.3,1.0,1.0,1.0,1.0,1.0,1.0
1.0,0.5,0.0,0.5,0.5,0.5,0.09638,0.5,0.7,0.0,1.0,0.0,1.0,0.53,0.0,0.99237,0.0,1.0,1.0,1.0,1.0,1.0,0.0,0.56738,1.0,0.0,0.95968,0.80191,0.5,0.0,0.99767,1.0,1.0,0.7,1.0,1.0,0.5,0.5,0.5,1.0,1.0,0.5,0.5,0.5,0.0,0.0,1.0,1.0,1.0,0.5,0.5,0.3,0.3,1.0,1.0,1.0,1.0,1.0,1.0
1.0,0.5,0.0,0.5,0.5,0.5,0.09467,0.5,0.73333,0.0,1.0,0.0,1.0,0.52,0.0,0.99696,0.0,1.0,1.0,1.0,1.0,1.0,0.0,0.55514,1.0,0.0,0.95292,0.79334,0.5,0.0,0.99854,1.0,1.0,0.7,1.0,1.0,0.5,0.5,0.5,1.0,1.0,0.5,0.5,0.5,0.0,0.0,1.0,1.0,1.0,0.5,0.5,0.3,0.3,1.0,1.0,1.0,1.0,1.0,1.0
1.0,1.0,0.0,0.0,0.5,0.5,0.09191,0.5,0.8,0.0,1.0,0.0,0.0,0.52,0.0,0.0,0.99949,1.0,1.0,1.0,1.0,1.0,0.0,0.53051,1.0,0.0,0.94636,0.78706,0.5,0.0,1.0,0.88889,1.0,0.7,1.0,1.0,0.5,0.5,0.5,1.0,1.0,0.5,0.5,0.5,0.0,0.0,1.0,1.0,1.0,0.5,0.5,0.3,0.3,1.0,1.0,1.0,1.0,1.0,1.0
1.0,1.0,0.0,0.0,0.4,0.4,0.08456,0.4,0.9,0.0,1.0,0.0,0.0,0.52,0.0,0.0,0.99807,1.0,1.0,1.0,1.0,1.0,0.0,0.83727,1.0,0.11111,1.0,0.74461,0.66667,1.0,1.0,1.0,0.88889,0.7,1.0,1.0,0.5,0.5,0.5,1.0,1.0,0.5,0.5,0.5,0.0,0.0,1.0,1.0,1.0,0.5,0.5,0.3,0.3,0.66667,1.0,1.0,1.0,0.66667,1.0
1.0,0.5,0.0,0.5,0.4,0.5,0.08292,0.4,0.93333,0.0,1.0,0.0,1.0,0.51,0.0,0.0,0.99495,1.0,1.0,1.0,1.0,1.0,0.0,0.82427,1.0,0.11111,1.0,0.73612,0.66667,1.0,1.0,1.0,1.0,0.7,1.0,1.0,0.5,0.5,0.5,1.0,1.0,0.5,0.5,0.5,0.0,0.0,1.0,1.0,1.0,0.5,0.5,0.3,0.3,0.66667,1.0,1.0,1.0,0.66667,1.0
1.0,0.5,0.0,0.5,0.4,0.5,0.0829,0.4,0.96667,0.0,1.0,0.0,1.0,0.52,0.0,0.0,0.99676,1.0,1.0,1.0,1.0,1.0,0.0,0.82069,1.0,0.11111,1.0,0.75045,0.66667,1.0,1.0,1.0,1.0,0.7,1.0,1.0,0.5,0.5,0.5,1.0,1.0,0.5,0.5,0.5,0.0,0.0,1.0,1.0,1.0,0.5,0.5,0.3,0.3,0.66667,1.0,1.0,1.0,0.66667,1.0
1.0,0.5,0.0,0.5,0.4,0.5,0.08261,0.4,1.0,0.0,1.0,0.0,1.0,0.51,0.0,0.0,0.99649,1.0,1.0,1.0,1.0,1.0,0.0,0.81747,1.0,0.11111,1.0,0.75887,0.66667,1.0,1.0,1.0,1.0,0.7,1.0,1.0,0.5,0.5,0.5,1.0,1.0,0.5,0.5,0.5,0.0,0.0,1.0,1.0,1.0,0.5,0.5,0.3,0.3,0.66667,1.0,1.0,1.0,0.66667,1.0
0.5,0.5,0.5,0.5,0.5,0.5,0.16902,0.9,0.1,0.0,1.0,0.0,0.0,0.51,0.01,0.34541,0.0,0.53333,1.0,0.53333,1.0,0.5,0.0,0.88764,1.0,0.0,1.0,1.0,1.0,0.0,0.89623,1.0,0.5,0.7,1.0,1.0,0.5,0.5,0.5,1.0,1.0,0.5,0.5,0.5,0.0,0.0,1.0,1.0,1.0,1.0,0.54881,0.3,0.3,1.0,1.0,1.0,1.0,0.0,0.5
0.0,0.0,0.0,0.0,0.9,0.9,0.14828,0.7,0.3,0.0,1.0,0.0,0.0,0.34,0.07,0.95237,0.0,0.86667,1.0,1.0,0.86667,1.0,1.0,0.80447,1.0,0.0,1.0,0.92494,0.5,0.0,0.98461,1.0,1.0,0.35,0.6,0.60217,0.40454,1.0,0.47196,1.0,1.0,0.5,0.5,0.5,0.0,0.0,1.0,1.0,1.0,1.0,1.0,0.65,0.3,1.0,1.0,1.0,1.0,1.0,1.0
1.0,0.5,0.0,0.5,0.7,0.5,0.14589,0.7,0.33333,0.0,1.0,0.0,1.0,0.34,0.09,0.96347,0.0,1.0,1.0,0.86667,1.0,1.0,0.0,0.7939,1.0,0.0,0.98661,0.89202,0.5,0.0,0.99027,1.0,1.0,0.65,0.9,0.97399,1.0,1.0,1.0,1.0,1.0,0.5,0.5,0.5,0.0,0.0,1.0,1.0,1.0,1.0,1.0,0.35,0.3,1.0,1.0,0.0,1.0,1.0,1.0
1.0,0.5,1.0,0.5,0.8,0.5,0.14781,0.8,0.36667,0.0,1.0,0.0,1.0,0.32,0.09,0.97032,0.0,0.86667,1.0,1.0,1.0,0.86667,0.0,0.75061,1.0,0.0,0.97788,0.92447,0.5,0.0,0.98984,1.0,1.0,0.7,0.9,0.97549,1.0,1.0,1.0,1.0,1.0,0.5,0.5,0.5,0.0,0.0,1.0,1.0,1.0,1.0,1.0,0.3,0.3,1.0,1.0,0.0,1.0,1.0,1.0
1.0,0.5,1.0,0.5,0.6,0.5,0.14879,0.6,0.4,0.0,1.0,0.0,1.0,0.3,0.1,0.97732,0.0,1.0,1.0,1.0,1.0,1.0,0.0,0.7274,1.0,0.0,0.97281,0.94164,0.0,0.0,0.9902,1.0,1.0,0.7,0.9,0.9776,1.0,1.0,1.0,1.0,1.0,0.5,0.5,0.5,0.0,0.0,1.0,1.0,1.0,1.0,1.0,0.3,0.3,1.0,1.0,0.0,1.0,1.0,1.0
1.0,0.5,1.0,0.5,0.6,0.5,0.14902,0.6,0.43333,0.0,1.0,0.0,1.0,0.29,0.11,0.9837,0.0,1.0,1.0,1.0,1.0,1.0,0.0,0.69757,1.0,0.0,0.95955,0.90572,0.0,0.0,0.99221,1.0,1.0,0.7,0.9,0.98173,1.0,1.0,1.0,1.0,1.0,0.5,0.5,0.5,0.0,0.0,1.0,1.0,1.0,1.0,1.0,0.3,0.3,1.0,1.0,0.0,1.0,1.0,1.0
1.0,0.5,1.0,0.5,0.6,0.5,0.15413,0.6,0.46667,0.0,1.0,0.0,1.0,0.27,0.11,0.9876,0.0,1.0,1.0,1.0,1.0,1.0,0.0,0.68956,1.0,0.0,0.98833,0.97201,0.0,0.0,0.99351,1.0,1.0,0.7,0.9,0.98602,1.0,1.0,1.0,1.0,1.0,0.5,0.5,0.5,0.0,0.0,1.0,1.0,1.0,1.0,1.0,0.3,0.3,1.0,1.0,0.0,1.0,1.0,1.0
1.0,0.5,0.0,0.5,0.7,0.5,0.15253,0.7,0.5,0.0,1.0,0.0,1.0,0.25,0.11,0.99049,0.0,1.0,1.0,1.0,1.0,1.0,0.0,0.68783,1.0,0.0,0.97721,0.93291,0.5,0.0,0.99607,1.0,1.0,0.7,0.9,0.98934,1.0,1.0,1.0,1.0,1.0,0.5,0.5,0.5,0.0,0.0,1.0,1.0,1.0,1.0,1.0,0.3,0.3,1.0,1.0,0.0,1.0,1.0,1.0
1.0,0.5,1.0,0.5,0.7,0.5,0.15369,0.7,0.53333,0.0,1.0,0.0,1.0,0.25,0.11,0.99299,0.0,1.0,1.0,1.0,1.0,1.0,1.0,0.69039,1.0,0.0,0.98597,0.94445,0.5,0.0,0.99795,1.0,1.0,0.7,1.0,1.0,0.5,1.0,0.5,1.0,1.0,0.5,0.5,0.5,0.0,0.0,1.0,1.0,1.0,1.0,1.0,0.3,0.3,1.0,1.0,0.0,1.0,1.0,1.0
1.0,0.5,1.0,0.5,0.7,0.5,0.15422,0.7,0.56667,0.0,1.0,0.0,1.0,0.25,0.11,0.99473,0.0,1.0,1.0,1.0,1.0,1.0,1.0,0.69439,1.0,0.0,0.99137,0.95929,0.5,0.0,0.99912,1.0,1.0,0.7,1.0,1.0,0.5,1.0,0.5,1.0,1.0,0.5,0.5,0.5,0.0,0.0,1.0,1.0,1.0,1.0,1.0,0.3,0.3,1.0,1.0,0.0,1.0,1.0,1.0
1.0,1.0,0.0,0.0,0.6,0.6,0.15281,0.6,0.63333,0.0,1.0,0.0,0.0,0.25,0.12,0.99705,0.0,1.0,1.0,1.0,1.0,1.0,1.0,0.70762,1.0,0.0,0.98904,0.97672,0.0,0.0,0.99918,1.0,1.0,0.7,1.0,1.0,0.5,1.0,0.5,1.0,1.0,0.5,0.5,0.5,0.0,0.0,1.0,1.0,1.0,0.05705,0.08553,0.3,0.3,1.0,1.0,0.0,1.0,1.0,1.0
1.0,0.5,1.0,0.5,0.7,0.5,0.15509,0.7,0.66667,0.0,1.0,0.0,1.0,0.25,0.12,0.99791,0.0,1.0,1.0,1.0,1.0,1.0,1.0,0.71331,1.0,0.0,1.0,0.99754,0.5,0.0,0.99962,1.0,1.0,0.7,1.0,1.0,0.5,1.0,0.5,1.0,1.0,0.5,0.5,0.5,0.0,0.0,1.0,1.0,1.0,0.05705,0.08553,0.3,0.3,1.0,1.0,0.0,1.0,1.0,1.0
1.0,0.5,1.0,0.5,0.8,0.5,0.15641,0.8,0.7,0.0,1.0,0.0,1.0,0.24,0.12,0.99834,0.0,1.0,1.0,1.0,1.0,1.0,1.0,0.71987,1.0,0.0,1.0,1.0,1.0,0.0,1.0,1.0,1.0,0.7,1.0,1.0,0.5,1.0,0.5,1.0,1.0,0.5,0.5,0.5,0.0,0.0,1.0,1.0,1.0,0.05705,0.08553,0.3,0.3,1.0,1.0,0.0,1.0,1.0,1.0
1.0,0.5,0.0,0.5,0.7,0.5,0.1554,0.7,0.73333,0.0,1.0,0.0,1.0,0.24,0.12,0.99901,0.0,1.0,1.0,1.0,1.0,1.0,1.0,0.72867,1.0,0.0,1.0,0.99895,0.5,0.0,1.0,1.0,1.0,0.7,1.0,1.0,0.5,1.0,0.5,1.0,1.0,0.5,0.5,0.5,0.0,0.0,1.0,1.0,1.0,0.05705,0.08553,0.3,0.3,1.0,1.0,0.0,1.0,1.0,1.0
1.0,0.5,0.0,0.5,0.7,0.5,0.15458,0.7,0.76667,0.0,1.0,0.0,1.0,0.24,0.12,0.99914,0.0,1.0,1.0,1.0,1.0,1.0,1.0,0.73921,1.0,0.0,1.0,0.98385,0.5,0.0,0.99963,1.0,1.0,0.7,1.0,1.0,0.5,1.0,0.5,1.0,1.0,0.5,0.5,0.5,0.0,0.0,1.0,1.0,1.0,0.05705,0.08553,0.3,0.3,1.0,1.0,0.0,1.0,1.0,1.0
1.0,0.5,0.0,0.5,0.7,0.5,0.15362,0.7,0.8,0.0,1.0,0.0,1.0,0.24,0.12,0.9997,0.0,1.0,1.0,1.0,1.0,1.0,1.0,0.75048,1.0,0.0,1.0,0.97477,0.5,0.0,0.99925,1.0,1.0,0.7,1.0,1.0,0.5,1.0,0.5,1.0,1.0,0.5,0.5,0.5,0.0,0.0,1.0,1.0,1.0,0.05705,0.08553,0.3,0.3,1.0,1.0,0.0,1.0,1.0,1.0
1.0,0.5,0.0,0.5,0.7,0.5,0.15266,0.7,0.83333,0.0,1.0,0.0,1.0,0.24,0.12,0.99966,0.0,1.0,1.0,1.0,1.0,1.0,1.0,0.76205,1.0,0.0,1.0,0.96759,0.5,0.0,0.99888,1.0,1.0,0.7,1.0,1.0,0.5,1.0,0.5,1.0,1.0,0.5,0.5,0.5,0.0,0.0,1.0,1.0,1.0,0.05705,0.08553,0.3,0.3,1.0,1.0,0.0,1.0,1.0,1.0
1.0,0.5,0.0,0.5,0.7,0.5,0.15191,0.7,0.86667,0.0,1.0,0.0,1.0,0.24,0.12,0.0,0.99984,1.0,1.0,1.0,1.0,1.0,1.0,0.77124,1.0,0.0,1.0,0.96251,0.5,0.0,0.99855,1.0,1.0,0.7,1.0,1.0,0.5,1.0,0.5,1.0,1.0,0.5,0.5,0.5,0.0,0.0,1.0,1.0,1.0,0.05705,0.08553,0.3,0.3,1.0,1.0,0.0,1.0,1.0,1.0
1.0,0.5,1.0,0.5,0.7,0.5,0.15277,0.7,0.9,0.0,1.0,0.0,1.0,0.24,0.12,0.99992,0.0,1.0,1.0,1.0,1.0,1.0,1.0,0.78215,1.0,0.0,1.0,0.98044,0.5,0.0,0.99858,1.0,1.0,0.7,1.0,1.0,0.5,1.0,0.5,1.0,1.0,0.5,0.5,0.5,0.0,0.0,1.0,1.0,1.0,0.05705,0.08553,0.3,0.3,1.0,1.0,0.0,1.0,1.0,1.0
1.0,0.5,1.0,0.5,0.8,0.5,0.15482,0.8,0.93333,0.0,1.0,0.0,1.0,0.24,0.12,0.0,0.99983,1.0,1.0,1.0,1.0,1.0,1.0,0.79286,1.0,0.0,1.0,1.0,1.0,0.0,0.99898,1.0,1.0,0.7,1.0,1.0,0.5,1.0,0.5,1.0,1.0,0.5,0.5,0.5,0.0,0.0,1.0,1.0,1.0,0.05705,0.08553,0.3,0.3,1.0,1.0,0.0,1.0,1.0,1.0
1.0,0.5,0.0,0.5,0.8,0.5,0.1543,0.8,0.96667,0.0,1.0,0.0,1.0,0.24,0.12,0.99999,0.0,1.0,1.0,1.0,1.0,1.0,1.0,0.80335,1.0,0.0,1.0,1.0,1.0,0.0,0.99913,1.0,1.0,0.7,1.0,1.0,0.5,1.0,0.5,1.0,1.0,0.5,0.5,0.5,0.0,0.0,1.0,1.0,1.0,0.05705,0.08553,0.3,0.3,1.0,1.0,0.0,1.0,1.0,1.0
0.5,0.5,0.5,0.5,0.5,0.5,0.02737,0.2,0.13333,0.0,1.0,0.0,0.0,0.11,0.0,0.9863,0.0,0.97778,1.0,1.0,1.0,0.5,1.0,0.60664,1.0,0.11111,0.61979,0.4417,0.0,1.0,0.44444,1.0,0.5,0.7,1.0,1.0,0.5,0.5,0.5,1.0,1.0,0.5,0.5,0.5,0.0,0.0,1.0,1.0,1.0,0.5,0.5,0.3,0.3,1.0,0.0,1.0,1.0,0.5,0.5
0.5,0.5,0.5,0.5,0.5,0.5,0.06034,0.6,0.7,0.0,1.0,0.0,0.0,0.07,0.18,0.0,0.99349,1.0,1.0,0.71111,0.64444,0.5,0.0,0.8655,1.0,0.22222,0.3367,0.23147,0.0,0.0,0.94221,0.77778,0.5,0.7,1.0,1.0,0.5,0.5,0.5,1.0,1.0,0.5,0.5,0.5,0.0,0.0,1.0,1.0,1.0,1.0,0.047,1.0,0.1,0.0,1.0,0.0,1.0,0.0,0.5
0.5,0.5,0.5,0.5,0.5,0.5,0.20528,1.0,0.16667,0.0,1.0,0.0,0.0,0.18,0.0,0.94236,0.0,1.0,1.0,1.0,1.0,0.5,0.0,0.22247,0.55618,0.22222,1.0,1.0,1.0,0.0,0.99259,1.0,0.5,0.7,1.0,1.0,0.5,0.5,0.5,1.0,1.0,0.5,0.5,0.5,0.0,0.0,1.0,1.0,1.0,0.5,0.5,0.3,0.4,1.0,1.0,1.0,1.0,1.0,0.5
1.0,0.5,0.0,0.5,1.0,0.5,0.20047,1.0,0.2,0.0,1.0,0.0,1.0,0.19,0.0,0.96547,0.0,1.0,1.0,1.0,1.0,1.0,0.0,0.18223,0.45556,0.22222,1.0,1.0,1.0,1.0,0.99093,1.0,1.0,0.7,1.0,1.0,0.5,0.5,0.5,1.0,1.0,0.5,0.5,0.5,0.0,0.0,1.0,1.0,1.0,0.5,0.5,0.3,0.4,1.0,1.0,1.0,1.0,1.0,1.0
1.0,0.5,1.0,0.5,1.0,0.5,0.20058,1.0,0.23333,0.0,1.0,0.0,1.0,0.18,0.0,0.98212,0.0,0.97778,0.95556,1.0,1.0,0.97778,0.0,0.14549,0.36372,0.22222,1.0,1.0,1.0,1.0,0.99094,1.0,1.0,0.7,1.0,1.0,0.5,0.5,0.5,1.0,1.0,0.5,0.5,0.5,0.0,0.0,1.0,1.0,1.0,0.5,0.5,0.3,0.4,1.0,1.0,1.0,1.0,1.0,1.0
1.0,1.0,1.0,1.0,1.0,1.0,0.23852,1.0,0.3,0.0,1.0,0.0,0.0,0.19,0.0,0.0,0.98525,0.84444,0.84444,1.0,1.0,0.84444,1.0,0.76543,1.0,0.22222,1.0,1.0,1.0,1.0,0.99987,0.88889,0.88889,0.7,1.0,1.0,0.5,0.5,0.5,1.0,1.0,0.5,0.5,0.5,0.0,0.0,1.0,1.0,1.0,0.5,0.5,0.3,0.3,1.0,1.0,1.0,1.0,0.0,1.0
0.0,1.0,0.0,1.0,1.0,1.0,0.24014,1.0,0.43333,0.0,1.0,0.0,0.0,0.22,0.0,0.0,0.9777,1.0,1.0,1.0,1.0,1.0,1.0,0.77191,1.0,0.44444,1.0,1.0,1.0,0.0,1.0,0.55556,0.77778,0.7,1.0,1.0,0.5,0.5,0.5,1.0,1.0,0.5,0.5,0.5,0.0,0.0,1.0,1.0,1.0,0.5,0.5,1.0,0.1,1.0,1.0,1.0,1.0,1.0,1.0
1.0,1.0,1.0,1.0,1.0,1.0,0.24188,1.0,0.5,0.0,1.0,0.0,0.0,0.18,0.0,0.0,0.97835,1.0,1.0,1.0,1.0,1.0,0.0,0.78696,1.0,0.44444,1.0,1.0,1.0,0.0,1.0,0.55556,1.0,0.7,1.0,1.0,0.5,0.5,0.5,1.0,1.0,0.5,0.5,0.5,0.0,0.0,1.0,1.0,1.0,0.5,0.5,1.0,0.1,1.0,1.0,1.0,1.0,1.0,0.88889
0.0,1.0,0.0,1.0,1.0,1.0,0.26094,1.0,0.56667,0.0,1.0,0.0,0.0,0.17,0.01,0.40228,0.0,1.0,1.0,1.0,1.0,0.91111,0.0,0.82293,1.0,0.11111,1.0,1.0,1.0,0.0,1.0,0.88889,0.88889,0.7,1.0,1.0,0.5,0.5,0.5,1.0,1.0,0.5,0.5,0.5,0.0,0.0,1.0,1.0,1.0,1.0,1.0,0.3,0.2,1.0,1.0,1.0,1.0,0.0,0.88889
0.0,0.0,0.0,0.0,0.9,0.9,0.22211,0.9,0.63333,0.0,1.0,0.0,0.0,0.18,0.02,0.79063,0.0,0.91111,1.0,0.91111,1.0,0.91111,0.0,0.95257,1.0,0.11111,1.0,1.0,1.0,0.0,1.0,0.77778,0.77778,0.7,1.0,1.0,0.5,0.5,0.5,1.0,1.0,0.5,0.5,0.5,0.0,0.0,1.0,1.0,1.0,1.0,0.51982,0.3,0.2,1.0,1.0,1.0,1.0,0.0,1.0
0.0,0.0,0.0,0.0,0.8,0.8,0.09887,0.7,0.76667,0.0,1.0,0.0,0.0,0.17,0.03,0.9724,0.0,1.0,0.93333,0.91111,1.0,1.0,0.0,0.58084,1.0,0.11111,1.0,1.0,1.0,0.0,1.0,1.0,0.77778,0.4,0.9,0.84961,0.74085,0.5,0.34193,1.0,1.0,0.5,0.5,0.5,0.0,0.0,1.0,1.0,1.0,1.0,0.51982,0.65,0.2,1.0,1.0,1.0,1.0,0.0,1.0
0.0,0.0,0.0,0.0,0.5,0.4,0.02675,0.4,1.0,0.0,1.0,0.0,0.0,0.14,0.04,0.0,0.99182,0.86667,0.97778,0.68889,1.0,0.77778,0.0,0.98241,1.0,0.11111,0.1383,0.07429,0.0,0.0,0.99222,0.77778,0.77778,0.7,1.0,1.0,0.5,0.56973,0.5,1.0,1.0,0.5,0.5,0.5,0.0,0.0,1.0,1.0,1.0,1.0,0.04763,1.0,0.1,0.0,1.0,0.0,1.0,0.0,0.33333
0.5,0.5,0.5,0.5,0.5,0.5,0.16995,0.9,0.26667,0.0,1.0,0.0,0.0,0.19,0.02,0.9185,0.0,0.84444,0.97778,0.84444,1.0,0.5,0.0,0.4929,1.0,0.33333,1.0,1.0,1.0,0.0,1.0,0.66667,0.5,0.7,1.0,1.0,0.5,0.5,0.5,1.0,1.0,0.5,0.5,0.5,0.0,0.0,1.0,1.0,1.0,1.0,1.0,0.35,0.2,1.0,1.0,1.0,1.0,0.0,0.5
0.0,1.0,0.0,1.0,0.9,0.9,0.177,0.9,0.0,0.96774,1.0,0.0,0.0,0.08,0.07,0.99461,0.0,1.0,0.71111,0.77778,1.0,0.6,0.0,0.72455,1.0,0.0,0.77038,0.62652,0.0,0.0,0.94582,0.88889,0.77778,0.7,1.0,1.0,0.5,0.5,0.5,1.0,1.0,0.5,0.5,0.5,0.0,0.0,1.0,1.0,1.0,1.0,1.0,1.0,0.1,0.0,1.0,0.0,1.0,0.0,0.77778
1.0,0.5,1.0,0.5,0.9,0.5,0.19129,0.9,0.0,0.9375,1.0,0.0,1.0,0.08,0.07,0.99548,0.0,1.0,0.71111,0.77778,1.0,1.0,0.0,0.71258,1.0,0.0,0.82748,0.70573,0.0,0.0,0.95863,1.0,1.0,0.7,1.0,1.0,0.5,0.5,0.5,1.0,1.0,0.5,0.5,0.5,0.0,0.0,1.0,1.0,1.0,1.0,1.0,0.3,0.2,1.0,1.0,1.0,1.0,0.0,0.66667
0.5,0.5,0.5,0.5,0.5,0.5,0.01628,0.2,0.36667,0.0,1.0,0.0,0.0,0.39,0.04,0.0,0.99528,1.0,1.0,1.0,0.53333,0.5,0.0,0.7531,1.0,0.22222,0.20178,0.11467,0.0,0.0,0.96089,0.66667,0.5,0.7,1.0,1.0,0.5,0.5,0.5,1.0,1.0,0.5,0.5,0.5,0.0,0.0,1.0,1.0,1.0,0.0,0.12667,0.3,0.3,1.0,0.5,0.5,1.0,0.5,0.5
0.0,0.0,0.0,0.0,0.2,0.2,4e-05,0.1,0.7,0.0,1.0,0.0,0.0,0.23,0.03,0.0,0.99903,1.0,1.0,1.0,1.0,0.55556,1.0,0.63825,1.0,0.77778,0.00398,0.002,0.0,0.0,1.0,0.33333,0.66667,0.0,1.0,1.0,0.5,0.5,0.5,1.0,1.0,0.5,0.5,0.5,0.0,0.0,1.0,1.0,1.0,0.0,0.20118,1.0,0.1,0.0,1.0,0.0,1.0,0.0,1.0
1.0,0.5,1.0,0.5,0.1,0.5,0.00019,0.1,0.73333,0.0,1.0,0.0,1.0,0.23,0.03,0.0,0.99434,1.0,1.0,1.0,1.0,1.0,1.0,0.64324,1.0,0.77778,0.02212,0.01118,0.0,0.0,1.0,1.0,1.0,0.0,1.0,1.0,0.5,0.5,0.5,1.0,1.0,0.5,0.5,0.5,0.0,0.0,1.0,1.0,1.0,0.0,0.20118,1.0,0.1,0.0,1.0,0.0,1.0,0.0,1.0
0.5,0.5,0.5,0.5,0.5,0.5,0.00042,0.1,0.8,0.0,1.0,0.0,0.0,0.23,0.0,0.0,0.99614,1.0,1.0,1.0,1.0,0.5,1.0,0.83307,1.0,0.33333,0.00624,0.00364,0.0,0.0,0.99701,0.22222,0.5,0.7,1.0,1.0,0.5,0.5,0.5,1.0,1.0,0.5,0.5,0.5,0.0,0.0,1.0,1.0,1.0,0.5,0.5,1.0,0.1,0.0,1.0,1.0,1.0,0.0,0.5
0.0,0.0,0.0,0.0,0.1,0.1,0.00035,0.1,0.86667,0.0,1.0,0.0,0.0,0.25,0.0,0.0,0.99579,1.0,1.0,1.0,1.0,1.0,1.0,0.85668,1.0,0.33333,0.00489,0.0029,0.0,0.0,0.99887,0.22222,1.0,0.7,1.0,1.0,0.5,0.5,0.5,1.0,1.0,0.5,0.5,0.5,0.0,0.0,1.0,1.0,1.0,0.5,0.5,1.0,0.1,0.0,1.0,1.0,1.0,0.0,0.0
0.0,0.0,0.0,0.0,0.1,0.1,0.00029,0.1,0.93333,0.0,1.0,0.0,0.0,0.24,0.0,0.99477,0.0,1.0,1.0,1.0,1.0,1.0,1.0,0.86475,1.0,0.33333,0.00399,0.00241,0.0,0.0,0.99892,0.22222,1.0,0.7,1.0,1.0,0.5,0.5,0.5,1.0,1.0,0.5,0.5,0.5,0.0,0.0,1.0,1.0,1.0,0.5,0.5,1.0,0.1,0.0,1.0,1.0,1.0,0.0,0.0
0.0,0.0,0.0,0.0,0.1,0.1,0.00024,0.1,1.0,0.0,1.0,0.0,0.0,0.22,0.0,0.9938,0.0,1.0,1.0,1.0,1.0,1.0,1.0,0.87044,1.0,0.33333,0.00327,0.00199,0.0,0.0,0.99909,0.22222,1.0,0.7,1.0,1.0,0.5,0.5,0.5,1.0,1.0,0.5,0.5,0.5,0.0,0.0,1.0,1.0,1.0,0.5,0.5,1.0,0.1,0.0,1.0,1.0,1.0,0.0,0.0
0.0,0.5,0.0,0.5,0.1,0.5,0.00022,0.1,0.0,0.96774,1.0,0.0,1.0,0.21,0.0,0.99592,0.0,1.0,1.0,1.0,1.0,1.0,1.0,0.87396,1.0,0.33333,0.00296,0.0018,0.0,0.0,0.99917,1.0,1.0,0.7,1.0,1.0,0.5,0.5,0.5,1.0,1.0,0.5,0.5,0.5,0.0,0.0,1.0,1.0,1.0,0.5,0.5,1.0,0.1,0.0,1.0,1.0,1.0,0.0,0.0
0.0,0.0,0.0,0.0,0.1,0.1,0.00018,0.1,0.0,0.90909,1.0,0.0,0.0,0.21,0.0,0.99743,0.0,1.0,1.0,1.0,1.0,1.0,1.0,0.87902,1.0,0.33333,0.00243,0.00147,0.0,0.0,0.99922,0.22222,1.0,0.7,1.0,1.0,0.5,0.5,0.5,1.0,1.0,0.5,0.5,0.5,0.0,0.0,1.0,1.0,1.0,0.5,0.5,1.0,0.1,0.0,1.0,1.0,1.0,0.0,0.11111
0.0,0.0,0.0,0.0,0.1,0.1,0.00015,0.1,0.0,0.85714,1.0,0.0,0.0,0.21,0.0,0.99804,0.0,1.0,1.0,1.0,1.0,1.0,1.0,0.88507,1.0,0.33333,0.00199,0.00121,0.0,0.0,0.99952,0.22222,1.0,0.7,1.0,1.0,0.5,0.5,0.5,1.0,1.0,0.5,0.5,0.5,0.0,0.0,1.0,1.0,1.0,0.5,0.5,1.0,0.1,0.0,1.0,1.0,1.0,0.0,0.11111
0.0,0.0,0.0,0.0,0.1,0.1,0.00013,0.1,0.0,0.81081,1.0,0.0,0.0,0.21,0.0,0.99896,0.0,1.0,1.0,1.0,1.0,1.0,1.0,0.8905,1.0,0.33333,0.00163,0.00099,0.0,0.0,0.99966,0.22222,1.0,0.7,1.0,1.0,0.5,0.5,0.5,1.0,1.0,0.5,0.5,0.5,0.0,0.0,1.0,1.0,1.0,0.5,0.5,1.0,0.1,0.0,1.0,1.0,1.0,0.0,0.11111
0.0,0.0,0.0,0.0,0.1,0.1,0.00011,0.1,0.0,0.76923,1.0,0.0,0.0,0.2,0.0,0.99875,0.0,1.0,1.0,1.0,1.0,1.0,1.0,0.89506,1.0,0.33333,0.00133,0.00081,0.0,0.0,0.99975,0.22222,1.0,0.7,1.0,1.0,0.5,0.5,0.5,1.0,1.0,0.5,0.5,0.5,0.0,0.0,1.0,1.0,1.0,0.5,0.5,1.0,0.1,0.0,1.0,1.0,1.0,0.0,0.11111
0.5,0.5,0.5,0.5,0.5,0.5,0.11695,0.8,0.26667,0.0,1.0,0.0,0.0,0.1,0.01,0.88745,0.0,1.0,1.0,1.0,1.0,0.5,0.0,0.69663,1.0,0.11111,1.0,1.0,1.0,0.0,1.0,0.88889,0.5,0.7,1.0,1.0,0.5,0.5,0.5,1.0,1.0,0.5,0.5,0.5,0.0,0.0,1.0,1.0,1.0,1.0,0.41046,0.3,0.2,1.0,1.0,1.0,1.0,0.0,0.5
0.5,0.5,0.5,0.5,0.5,0.5,0.13866,1.0,0.1,0.0,1.0,0.0,0.0,0.47,0.01,0.30949,0.0,0.82222,1.0,1.0,1.0,0.5,1.0,0.99091,1.0,0.11111,1.0,1.0,1.0,0.0,0.94896,0.88889,0.5,0.7,1.0,1.0,0.5,0.5,0.5,1.0,1.0,0.5,0.5,0.5,0.0,0.0,1.0,1.0,1.0,0.97578,1.0,0.3,0.2,0.33333,1.0,1.0,1.0,0.0,0.5
0.0,0.0,0.0,0.0,0.8,0.4,0.01591,0.2,0.2,0.0,1.0,0.0,0.0,0.27,0.08,0.92413,0.0,0.53333,1.0,0.73333,1.0,0.6,1.0,0.91194,1.0,0.22222,0.18074,0.0942,0.0,0.0,0.98999,0.88889,0.88889,0.0,0.6,0.44122,0.0,1.0,0.3303,1.0,1.0,0.5,0.5,0.5,0.0,0.0,1.0,1.0,1.0,0.66238,0.92772,1.0,0.1,0.0,1.0,0.0,1.0,0.0,1.0
0.0,0.0,0.0,0.0,0.2,0.2,0.00204,0.2,0.3,0.0,1.0,0.0,0.0,0.27,0.12,0.98832,0.0,1.0,1.0,0.73333,0.91111,1.0,0.0,0.88282,1.0,0.11111,0.03626,0.01453,0.2,0.0,0.88593,0.77778,0.88889,0.0,1.0,1.0,0.5,1.0,0.5,1.0,1.0,0.5,0.5,0.5,0.0,0.0,1.0,1.0,1.0,0.66238,0.92772,1.0,0.1,0.0,1.0,0.0,1.0,0.0,1.0
0.0,0.0,1.0,1.0,0.2,0.3,0.00218,0.3,0.36667,0.0,1.0,0.0,0.0,0.31,0.14,0.0,0.87286,0.91111,1.0,0.68889,0.86667,0.91111,1.0,0.8022,1.0,0.11111,0.04895,0.01155,0.4,0.0,0.8696,0.77778,1.0,0.0,1.0,1.0,0.5,1.0,0.5,1.0,1.0,0.5,0.5,0.5,0.0,0.0,1.0,1.0,1.0,0.66238,0.92772,1.0,0.1,0.0,1.0,0.0,1.0,0.0,1.0
1.0,0.5,1.0,0.5,0.3,0.5,0.00225,0.3,0.4,0.0,1.0,0.0,1.0,0.25,0.16,0.0,0.82014,0.86667,1.0,0.62222,1.0,0.86667,1.0,0.8325,1.0,0.11111,0.04709,0.01051,0.4,0.0,0.86195,1.0,1.0,0.0,1.0,1.0,0.5,1.0,0.5,1.0,1.0,0.5,0.5,0.5,0.0,0.0,1.0,1.0,1.0,0.66238,0.92772,1.0,0.1,0.0,1.0,0.0,1.0,0.0,1.0
0.0,0.5,1.0,0.5,0.3,0.5,0.0023,0.3,0.43333,0.0,1.0,0.0,1.0,0.23,0.18,0.0,0.8495,1.0,1.0,0.6,1.0,1.0,0.0,0.79992,1.0,0.11111,0.05518,0.0103,0.4,0.0,0.8563,1.0,1.0,0.0,1.0,1.0,0.5,1.0,0.5,1.0,1.0,0.5,0.5,0.5,0.0,0.0,1.0,1.0,1.0,0.66238,0.92772,1.0,0.1,0.0,1.0,0.0,1.0,0.0,1.0
0.0,0.5,0.0,0.5,0.3,0.5,0.00228,0.3,0.46667,0.0,1.0,0.0,1.0,0.21,0.16,0.0,0.92112,1.0,1.0,0.86667,1.0,1.0,1.0,0.8111,1.0,0.11111,0.05378,0.00956,0.4,0.0,0.85338,1.0,1.0,0.25,1.0,1.0,0.5,1.0,0.5,1.0,1.0,0.5,0.5,0.5,0.10346,0.0,0.75,1.0,1.0,0.66238,0.92772,1.0,0.1,0.0,1.0,0.0,1.0,0.0,1.0
1.0,0.5,1.0,0.5,0.3,0.5,0.00237,0.3,0.5,0.0,1.0,0.0,1.0,0.17,0.16,0.0,0.86211,0.93333,1.0,0.93333,1.0,0.93333,0.0,0.80351,1.0,0.11111,0.05735,0.01012,0.4,0.0,0.85121,1.0,1.0,0.0,1.0,1.0,0.5,1.0,0.5,1.0,1.0,0.15448,0.27812,0.5,0.0,0.57679,1.0,1.0,1.0,0.15448,0.27812,1.0,0.1,0.0,1.0,0.0,1.0,0.0,1.0
1.0,0.0,1.0,1.0,0.3,0.4,0.00333,0.4,0.63333,0.0,1.0,0.0,0.0,0.09,0.15,0.87911,0.0,0.86667,1.0,0.86667,0.86667,0.75556,0.0,0.90877,1.0,0.11111,0.03538,0.00724,0.5,0.0,0.76733,0.66667,0.66667,0.0,1.0,1.0,0.5,1.0,0.5,1.0,1.0,0.15448,0.27812,1.0,0.0,0.0,1.0,1.0,1.0,0.15448,0.27812,1.0,0.1,0.0,1.0,0.0,1.0,0.0,1.0
1.0,0.5,1.0,0.5,0.4,0.5,0.00364,0.4,0.66667,0.0,1.0,0.0,1.0,0.08,0.13,0.89193,0.0,1.0,1.0,0.84444,1.0,1.0,0.0,0.86848,1.0,0.11111,0.03623,0.00741,0.5,0.0,0.76787,1.0,1.0,0.15,1.0,1.0,0.5,1.0,0.5,1.0,1.0,0.15448,0.27812,1.0,0.0,0.0,1.0,1.0,1.0,0.15448,0.27812,0.85,0.2,0.25,1.0,0.0,1.0,0.0,1.0
1.0,0.5,1.0,0.5,0.4,0.5,0.00386,0.4,0.7,0.0,1.0,0.0,1.0,0.08,0.05,0.9055,0.0,0.77778,0.73333,0.8,1.0,0.77778,0.0,0.80882,1.0,0.44444,0.02504,0.01268,0.0,0.0,1.0,1.0,0.44444,0.7,1.0,1.0,0.5,1.0,0.5,1.0,1.0,0.15448,0.27812,1.0,0.0,0.0,1.0,1.0,1.0,0.15448,0.27812,1.0,0.1,0.0,1.0,0.0,1.0,0.0,1.0
1.0,0.5,1.0,0.5,0.5,0.5,0.00408,0.5,0.73333,0.0,1.0,0.0,1.0,0.08,0.03,0.92344,0.0,0.95556,1.0,0.55556,1.0,0.95556,1.0,0.89061,1.0,0.66667,0.04736,0.01221,0.66667,0.0,0.82433,1.0,0.77778,0.0,1.0,1.0,0.5,1.0,0.5,1.0,1.0,0.15448,0.27812,1.0,0.0,0.0,1.0,1.0,1.0,0.15448,0.27812,1.0,0.1,0.0,1.0,0.0,1.0,0.0,0.44444
1.0,0.5,1.0,0.5,0.6,0.5,0.00417,0.6,0.76667,0.0,1.0,0.0,1.0,0.07,0.04,0.98042,0.0,0.71111,0.88889,0.73333,1.0,0.71111,1.0,0.93013,1.0,0.11111,0.03625,0.01234,0.5,0.0,1.0,1.0,0.88889,0.2,1.0,1.0,0.5,1.0,0.5,1.0,1.0,0.15448,0.27812,1.0,0.0,0.0,1.0,1.0,1.0,0.15448,0.27812,0.8,0.2,0.5,1.0,0.0,1.0,0.0,1.0
0.0,0.5,1.0,0.5,0.6,0.5,0.00422,0.6,0.8,0.0,1.0,0.0,1.0,0.07,0.04,0.94253,0.0,0.93333,1.0,0.8,1.0,0.93333,1.0,0.94965,1.0,0.11111,0.03514,0.01197,0.5,0.0,1.0,1.0,1.0,0.3,1.0,1.0,0.5,1.0,0.5,1.0,1.0,0.15448,0.27812,1.0,0.0,0.0,1.0,1.0,1.0,0.15448,0.27812,0.7,0.2,0.5,1.0,0.0,1.0,0.5,1.0
0.0,0.0,0.0,0.0,0.5,0.5,0.00012,0.3,0.0,0.88235,1.0,0.0,0.0,0.02,0.06,0.0,0.99954,1.0,1.0,0.55556,1.0,0.88889,1.0,0.96793,1.0,0.55556,0.0006,0.0003,0.0,0.0,1.0,0.55556,0.88889,0.0,1.0,1.0,0.5,1.0,0.5,1.0,1.0,0.15448,0.27812,1.0,0.0,0.0,1.0,1.0,1.0,1.0,0.54137,1.0,0.1,0.0,1.0,0.0,1.0,0.0,1.0
0.0,0.0,0.0,0.0,0.3,0.3,0.0001,0.3,0.0,0.83333,1.0,0.0,0.0,0.02,0.07,0.0,0.99111,1.0,1.0,0.55556,1.0,1.0,1.0,0.96837,1.0,0.55556,0.00051,0.00026,0.0,0.0,1.0,0.55556,1.0,0.0,0.9,1.0,1.0,1.0,1.0,1.0,0.8,0.15448,0.27812,1.0,0.0,0.0,1.0,1.0,1.0,1.0,0.54137,1.0,0.1,0.0,1.0,0.0,1.0,0.0,1.0
0.5,0.5,0.5,0.5,0.5,0.5,0.0,0.1,0.53333,0.0,1.0,0.0,0.0,0.12,0.06,0.98138,0.0,1.0,1.0,0.75556,1.0,0.5,0.0,0.94124,1.0,0.11111,0.0,0.0,0.0,0.0,0.93395,1.0,0.5,0.0,1.0,1.0,0.5,0.5,0.5,1.0,1.0,0.5,0.5,0.5,0.0,0.0,1.0,1.0,1.0,0.5,0.5,1.0,0.1,0.0,1.0,1.0,1.0,0.75,0.5
0.0,1.0,0.0,1.0,0.1,0.1,0.0,0.1,0.6,0.0,1.0,0.0,0.0,0.1,0.06,0.99224,0.0,1.0,1.0,0.75556,0.84444,1.0,0.0,0.89009,1.0,0.11111,0.0,0.0,0.0,0.0,0.93761,0.88889,1.0,0.0,1.0,1.0,0.5,0.5,0.5,1.0,1.0,0.5,0.5,0.5,0.0,0.0,1.0,1.0,1.0,0.5,0.5,1.0,0.1,0.0,1.0,1.0,1.0,0.5,1.0
0.0,0.0,0.0,0.0,0.1,0.1,0.0,0.1,0.73333,0.0,1.0,0.0,0.0,0.09,0.06,0.97617,0.0,1.0,1.0,0.77778,0.82222,1.0,1.0,0.91752,1.0,0.11111,0.0,0.0,0.0,0.0,0.94115,0.66667,1.0,0.0,1.0,1.0,0.5,0.5,0.5,1.0,1.0,0.5,0.5,0.5,0.0,0.0,1.0,1.0,1.0,0.5,0.5,1.0,0.1,0.0,1.0,1.0,1.0,0.0,1.0
0.5,0.5,0.5,0.5,0.5,0.5,0.09834,0.4,0.33333,0.0,1.0,0.0,0.0,0.21,0.02,0.97531,0.0,1.0,1.0,0.73333,1.0,0.5,0.0,0.5435,1.0,0.11111,1.0,0.66194,0.5,0.0,0.9178,0.77778,0.5,0.7,1.0,1.0,0.5,0.5,0.5,1.0,1.0,0.5,0.5,0.5,0.0,0.0,1.0,1.0,1.0,0.5,0.5,0.3,0.3,1.0,0.5,1.0,1.0,0.5,0.5
0.5,0.5,0.5,0.5,0.5,0.5,0.01498,0.13333,0.03333,0.0,0.0,0.66667,0.0,0.06667,0.0,0.5,0.5,0.5,0.5,0.5,0.5,0.5,0.5,0.0,0.0,0.42857,0.24923,0.12921,0.16667,0.0,0.0,0.5,0.5,0.5,1.0,1.0,0.5,0.5,0.5,1.0,1.0,0.5,0.5,0.5,0.5,0.5,1.0,0.5,0.5,0.5,0.5,0.5,0.4,0.83333,1.0,1.0,1.0,0.5,0.5
1.0,0.0,1.0,0.0,0.13333,0.2,0.00997,0.13333,0.13333,0.0,0.0,0.66667,0.0,0.12,0.00889,0.75487,0.0,0.82857,0.71429,0.8381,1.0,0.81905,1.0,0.97458,1.0,0.57143,0.1564,0.09673,0.0,0.0,0.89542,0.78571,0.35714,0.0,1.0,1.0,0.5,0.5,0.5,1.0,1.0,0.5,0.5,0.5,0.0,0.0,1.0,1.0,1.0,0.5,0.5,1.0,0.06667,0.0,1.0,1.0,1.0,0.0,1.0
1.0,0.5,1.0,0.5,0.13333,0.5,0.01024,0.13333,0.16667,0.0,0.0,0.66667,1.0,0.12889,0.00889,0.86369,0.0,1.0,0.72381,0.89524,1.0,1.0,1.0,0.98033,1.0,0.57143,0.15886,0.11191,0.0,0.0,0.89204,1.0,1.0,0.3,1.0,1.0,0.5,0.5,0.5,1.0,1.0,0.5,0.5,0.5,0.0,0.0,1.0,1.0,1.0,0.5,0.5,0.7,0.33333,0.8,1.0,1.0,1.0,0.0,1.0
1.0,0.5,0.0,0.5,0.13333,0.5,0.01018,0.13333,0.2,0.0,0.0,0.66667,1.0,0.13333,0.00889,0.91984,0.0,0.95238,1.0,0.90476,1.0,0.95238,1.0,0.99072,1.0,0.64286,0.15492,0.11008,0.0,0.0,0.90202,1.0,1.0,0.66667,1.0,1.0,0.5,0.5,0.5,1.0,1.0,0.5,0.5,0.5,0.0,0.0,1.0,1.0,1.0,0.5,0.5,0.33333,0.4,1.0,1.0,0.8,1.0,0.8,1.0
0.0,0.0,0.0,0.0,0.13333,0.06667,0.00712,0.06667,0.26667,0.0,0.0,0.66667,0.0,0.14222,0.00889,0.98949,0.0,0.84762,0.84762,0.90476,1.0,0.84762,0.0,0.92041,1.0,0.07143,0.10452,0.0757,0.0,0.0,0.92254,0.92857,1.0,0.7,1.0,1.0,0.5,0.5,0.5,1.0,1.0,0.5,0.5,0.5,0.52322,0.0,0.43333,1.0,1.0,0.5,0.5,0.86667,0.26667,0.6,0.33333,1.0,1.0,0.8,1.0
1.0,0.5,0.0,0.5,0.06667,0.5,0.00708,0.06667,0.3,0.0,0.0,0.66667,1.0,0.13778,0.00889,0.99656,0.0,0.91429,0.91429,0.8381,1.0,0.91429,0.0,0.86308,1.0,0.14286,0.10308,0.06805,0.0,0.0,0.92719,1.0,1.0,0.7,1.0,1.0,0.5,0.5,0.5,1.0,1.0,0.0,0.18635,0.5,0.0,0.73807,1.0,1.0,1.0,0.0,0.18635,0.3,0.4,1.0,0.8,0.8,1.0,0.6,1.0
1.0,1.0,0.0,1.0,0.06667,0.13333,0.00611,0.13333,0.4,0.0,0.0,0.66667,0.0,0.15556,0.00889,0.0,1.0,1.0,0.85714,0.87619,1.0,0.85714,0.0,0.96207,1.0,0.5,0.08552,0.05838,0.0,0.0,0.95583,0.85714,1.0,0.7,1.0,1.0,0.5,0.5,0.5,1.0,1.0,0.0,0.18635,1.0,0.0,0.0,1.0,1.0,1.0,0.0,0.18635,0.3,0.33333,0.8,0.25,1.0,1.0,0.8,1.0
0.5,0.5,0.5,0.5,0.5,0.5,0.02359,0.2,0.03333,0.0,0.0,0.66667,0.0,0.06667,0.0,0.5,0.5,0.5,0.5,0.5,0.5,0.5,0.5,0.0,0.0,0.42857,0.37278,0.20112,0.0,0.0,0.0,0.5,0.5,0.5,1.0,1.0,0.5,0.5,0.5,1.0,1.0,0.5,0.5,0.5,0.5,0.5,1.0,0.5,0.5,0.5,0.5,0.5,0.4,0.83333,1.0,1.0,1.0,0.5,0.5
1.0,1.0,1.0,1.0,0.2,0.2,0.02991,0.2,0.1,0.0,0.0,0.66667,0.0,0.27111,0.00889,0.31425,0.0,0.99048,1.0,0.99048,1.0,0.24762,1.0,0.64304,1.0,0.14286,0.49722,0.31208,0.1,0.0,0.89839,0.85714,0.57143,0.7,1.0,1.0,0.5,0.5,0.5,1.0,1.0,0.5,0.5,0.5,0.0,0.0,1.0,1.0,1.0,0.5,0.5,0.3,0.53333,0.7,1.0,1.0,1.0,0.0,1.0
0.0,0.0,0.0,0.0,0.06667,0.06667,0.0,0.2,0.2,0.0,0.0,0.66667,0.0,0.25333,0.03556,0.89892,0.0,1.0,1.0,0.99048,1.0,1.0,0.0,0.57737,1.0,0.57143,0.0,0.0,0.5,0.0,0.85967,0.42857,0.42857,0.0,1.0,1.0,0.5,0.05462,0.5,1.0,1.0,0.5,0.5,0.5,0.0,0.0,1.0,1.0,1.0,0.5,0.5,1.0,0.06667,0.0,1.0,1.0,1.0,1.0,1.0
0.0,0.0,0.0,0.0,0.16667,0.13333,0.0,0.26667,0.3,0.0,0.0,0.66667,0.0,0.18222,0.06222,0.9838,0.0,1.0,1.0,0.99048,1.0,1.0,1.0,0.75325,1.0,0.07143,0.0,0.0,0.27273,0.0,0.89546,0.85714,0.5,0.0,1.0,1.0,0.5,0.05462,0.5,1.0,1.0,0.5,0.5,0.5,0.0,0.0,1.0,1.0,1.0,0.5,0.5,1.0,0.06667,0.0,1.0,1.0,1.0,0.90909,1.0
0.0,0.0,0.0,0.0,0.16667,0.26667,0.0,0.26667,0.36667,0.0,0.0,0.66667,0.0,0.12,0.06667,0.98659,0.0,1.0,1.0,0.99048,1.0,1.0,1.0,0.87766,1.0,0.07143,0.0,0.0,0.27273,0.0,0.87972,0.85714,1.0,0.0,1.0,1.0,0.5,0.05462,0.5,1.0,1.0,0.5,0.5,0.5,0.0,0.0,1.0,1.0,1.0,0.0,0.152,1.0,0.06667,0.0,1.0,1.0,1.0,0.0,1.0
0.0,0.0,0.0,1.0,0.2,0.26667,0.0,0.26667,0.43333,0.0,0.0,0.66667,0.0,0.06222,0.07111,0.98656,0.0,1.0,1.0,0.87619,1.0,1.0,0.0,0.92545,1.0,0.07143,0.0,0.0,0.27273,0.0,0.86731,0.85714,1.0,0.0,1.0,1.0,0.5,0.05462,0.5,1.0,1.0,0.5,0.5,0.5,0.0,0.0,1.0,1.0,1.0,0.0,0.152,1.0,0.06667,0.0,1.0,1.0,1.0,0.0,1.0
0.0,0.0,0.0,0.0,0.2,0.1,0.0,0.33333,0.53333,0.0,0.0,0.66667,0.0,0.04,0.07556,0.9908,0.0,1.0,1.0,0.99048,1.0,1.0,0.0,0.83806,1.0,0.07143,0.0,0.0,0.36364,0.0,0.87994,0.07143,0.85714,0.0,1.0,1.0,0.5,0.05462,0.5,1.0,1.0,0.5,0.5,0.5,0.0,0.0,1.0,1.0,1.0,0.0,0.152,1.0,0.06667,0.0,1.0,1.0,1.0,0.0,1.0
1.0,0.5,1.0,0.5,0.4,0.5,0.0,0.4,0.56667,0.0,0.0,0.66667,1.0,0.04,0.08444,0.99399,0.0,1.0,1.0,0.99048,1.0,1.0,0.0,0.64794,1.0,0.07143,0.0,0.0,0.36364,0.0,0.87822,1.0,1.0,0.0,1.0,1.0,0.5,0.05462,0.5,1.0,1.0,0.5,0.5,0.5,0.0,0.0,1.0,1.0,1.0,0.0,0.152,1.0,0.06667,0.0,1.0,1.0,1.0,0.0,1.0
0.0,0.0,0.0,0.0,0.33333,0.33333,0.0,0.33333,0.63333,0.0,0.0,0.66667,0.0,0.03556,0.05778,0.9983,0.0,1.0,1.0,0.99048,1.0,1.0,1.0,0.84886,1.0,0.07143,0.0,0.0,0.30769,0.0,0.8219,0.07143,0.85714,0.0,1.0,1.0,0.5,0.05462,0.5,1.0,1.0,0.5,0.5,0.5,0.0,0.0,1.0,1.0,1.0,0.0,0.152,1.0,0.06667,0.0,1.0,1.0,1.0,0.0,1.0
1.0,0.5,1.0,0.5,0.33333,0.5,0.0,0.33333,0.66667,0.0,0.0,0.66667,1.0,0.03111,0.06222,0.0,0.99275,1.0,1.0,0.99048,1.0,1.0,0.0,0.8253,1.0,0.07143,0.0,0.0,0.30769,0.0,0.82189,1.0,1.0,0.0,1.0,1.0,0.5,0.05462,0.5,1.0,1.0,0.5,0.5,0.5,0.0,0.0,1.0,1.0,1.0,0.0,0.152,1.0,0.06667,0.0,1.0,1.0,1.0,0.0,1.0
0.5,0.5,0.5,0.5,0.5,0.5,0.0059,0.06667,0.03333,0.0,0.0,0.66667,0.0,0.06667,0.0,0.5,0.5,0.5,0.5,0.5,0.5,0.5,0.5,0.0,0.0,0.42857,0.09807,0.04124,0.0,0.0,0.0,0.5,0.5,0.5,1.0,1.0,0.5,0.5,0.5,1.0,1.0,0.5,0.5,0.5,0.5,0.5,1.0,0.5,0.5,0.5,0.5,0.5,0.4,0.83333,1.0,1.0,1.0,0.5,0.5
0.5,0.5,0.5,0.5,0.5,0.5,0.14598,0.86667,0.06667,0.0,0.0,0.66667,0.0,0.12,0.0,0.5,0.5,0.85714,0.81905,1.0,1.0,0.5,1.0,0.95892,1.0,0.07143,1.0,0.91954,0.5,0.0,0.76004,0.92857,0.5,0.7,1.0,1.0,0.5,0.5,0.5,1.0,1.0,0.5,0.5,0.5,0.5,0.5,1.0,1.0,1.0,0.5,0.5,0.3,0.2,1.0,1.0,1.0,1.0,1.0,0.5
1.0,0.5,1.0,0.5,0.86667,0.5,0.14649,0.86667,0.1,0.0,0.0,0.66667,1.0,0.11111,0.00889,0.39259,0.0,0.89524,0.77143,0.93333,1.0,0.89524,1.0,0.98942,1.0,0.07143,1.0,0.88478,0.5,0.0,0.82732,1.0,1.0,0.7,1.0,1.0,0.5,0.5,0.5,1.0,1.0,0.5,0.5,0.5,0.0,0.0,1.0,1.0,1.0,0.5,0.5,0.3,0.2,1.0,0.5,1.0,1.0,1.0,1.0
1.0,0.5,1.0,0.5,0.86667,0.5,0.15851,0.86667,0.13333,0.0,0.0,0.66667,1.0,0.08889,0.03111,0.91095,0.0,0.81905,0.91429,0.8381,1.0,0.81905,1.0,0.99981,1.0,0.35714,1.0,0.91992,0.5,0.0,1.0,1.0,0.85714,0.7,1.0,1.0,0.5,0.5,0.5,1.0,1.0,0.5,0.5,0.5,0.0,0.0,1.0,1.0,1.0,0.5,0.5,0.3,0.13333,0.5,1.0,1.0,1.0,0.5,1.0
1.0,0.5,1.0,0.5,0.93333,0.5,0.17614,0.93333,0.16667,0.0,0.0,0.66667,1.0,0.08889,0.04,0.78301,0.0,0.71429,0.92381,0.85714,1.0,0.71429,0.0,0.83802,1.0,0.07143,0.96205,0.92687,0.0,0.0,1.0,1.0,0.92857,0.7,1.0,1.0,0.5,0.5,0.5,1.0,1.0,0.5,0.5,0.5,0.0,0.0,1.0,1.0,1.0,0.5,0.5,0.3,0.13333,1.0,1.0,1.0,1.0,1.0,1.0
1.0,0.5,1.0,0.5,0.93333,0.5,0.19049,0.93333,0.2,0.0,0.0,0.66667,1.0,0.08889,0.04889,0.90736,0.0,0.80952,0.92381,0.90476,1.0,0.80952,1.0,0.99653,1.0,0.42857,0.95625,0.91617,0.0,0.0,1.0,1.0,1.0,0.7,1.0,1.0,0.5,0.5,0.5,1.0,1.0,0.5,0.5,0.5,0.0,0.0,1.0,1.0,1.0,0.5,0.5,0.3,0.13333,1.0,1.0,1.0,1.0,1.0,1.0
1.0,0.5,1.0,0.5,0.93333,0.5,0.20526,0.93333,0.23333,0.0,0.0,0.66667,1.0,0.07556,0.02667,0.91207,0.0,1.0,0.92381,0.8,1.0,1.0,0.0,0.94558,1.0,0.42857,0.96632,0.93483,0.0,0.0,1.0,1.0,1.0,0.7,1.0,1.0,0.5,0.5,0.5,1.0,1.0,0.5,0.5,0.5,0.0,0.0,1.0,1.0,1.0,0.5,0.5,0.3,0.13333,1.0,1.0,1.0,1.0,1.0,1.0
1.0,0.5,1.0,0.5,0.93333,0.5,0.22799,0.93333,0.26667,0.0,0.0,0.66667,1.0,0.06222,0.03111,0.96021,0.0,1.0,0.92381,0.8,1.0,1.0,0.0,0.64488,1.0,0.42857,0.9831,0.96676,0.0,0.0,1.0,1.0,1.0,0.7,1.0,1.0,0.5,0.5,0.5,1.0,1.0,0.5,0.5,0.5,0.0,0.0,1.0,1.0,1.0,0.5,0.5,0.3,0.13333,1.0,1.0,1.0,1.0,1.0,1.0
0.0,0.5,0.0,0.5,0.93333,0.5,0.21208,0.93333,0.3,0.0,0.0,0.66667,1.0,0.05333,0.02667,0.96518,0.0,1.0,1.0,0.8,1.0,1.0,1.0,0.66082,1.0,0.42857,0.9083,0.83201,0.0,0.0,1.0,1.0,1.0,0.6,0.93333,0.80453,0.39465,0.39465,0.39465,1.0,1.0,0.5,0.5,0.5,0.0,0.0,1.0,1.0,1.0,0.5,0.5,0.4,0.13333,1.0,1.0,1.0,1.0,1.0,1.0
0.0,0.5,0.0,0.5,0.93333,0.5,0.21041,0.93333,0.33333,0.0,0.0,0.66667,1.0,0.04444,0.02667,0.98337,0.0,1.0,1.0,0.8,1.0,1.0,1.0,0.67733,1.0,0.42857,0.90582,0.82786,0.0,0.0,1.0,1.0,1.0,0.36667,0.93333,0.80451,0.48223,0.48223,0.48223,1.0,1.0,0.5,0.5,0.5,0.0,0.0,1.0,1.0,1.0,0.5,0.5,0.63333,0.13333,1.0,1.0,1.0,1.0,1.0,1.0
1.0,0.5,1.0,0.5,0.93333,0.5,0.23174,0.93333,0.36667,0.0,0.0,0.66667,1.0,0.04444,0.02667,0.9897,0.0,1.0,1.0,0.8,1.0,1.0,0.0,0.63552,1.0,0.42857,0.97503,0.95128,0.0,0.0,1.0,1.0,1.0,0.36667,0.93333,0.82129,0.75743,0.75743,0.75743,1.0,1.0,0.5,0.5,0.5,0.0,0.0,1.0,1.0,1.0,0.5,0.5,0.63333,0.13333,1.0,1.0,1.0,1.0,1.0,1.0
1.0,0.5,1.0,0.5,1.0,0.5,0.26554,1.0,0.4,0.0,0.0,0.66667,1.0,0.04,0.02667,0.99934,0.0,1.0,1.0,0.8,1.0,1.0,0.0,0.51871,1.0,0.42857,1.0,1.0,1.0,0.0,1.0,1.0,1.0,0.46667,0.93333,0.85747,0.91253,0.91253,0.91253,1.0,1.0,0.5,0.5,0.5,0.0,0.0,1.0,1.0,1.0,0.5,0.5,0.53333,0.13333,1.0,1.0,1.0,1.0,1.0,1.0
1.0,0.5,1.0,0.5,1.0,0.5,0.30451,1.0,0.43333,0.0,0.0,0.66667,1.0,0.04,0.03111,0.0,0.99521,1.0,1.0,0.8,1.0,1.0,0.0,0.41479,1.0,0.42857,1.0,1.0,1.0,0.0,1.0,1.0,1.0,0.93333,1.0,1.0,0.5,0.91253,0.5,1.0,1.0,0.5,0.5,0.5,1.0,0.0,0.06667,1.0,1.0,0.5,0.5,1.0,0.06667,0.0,1.0,1.0,1.0,1.0,1.0
1.0,0.5,1.0,0.5,1.0,0.5,0.35007,1.0,0.46667,0.0,0.0,0.66667,1.0,0.04,0.03111,0.0,0.99753,1.0,1.0,0.73333,1.0,1.0,1.0,0.90948,1.0,0.5,1.0,1.0,1.0,0.0,1.0,1.0,0.92857,0.7,1.0,1.0,0.5,0.91253,0.5,1.0,1.0,1.0,1.0,0.5,0.0,1.0,1.0,1.0,1.0,1.0,1.0,1.0,0.06667,1.0,1.0,0.0,1.0,1.0,1.0
0.0,0.5,0.0,0.5,1.0,0.5,0.33,1.0,0.5,0.0,0.0,0.66667,1.0,0.04444,0.02667,0.0,0.97371,1.0,1.0,0.80952,1.0,1.0,0.0,0.86939,1.0,0.5,1.0,1.0,1.0,0.0,1.0,1.0,1.0,0.7,1.0,1.0,0.5,0.91253,0.5,1.0,1.0,1.0,1.0,1.0,0.0,0.0,1.0,1.0,1.0,1.0,1.0,1.0,0.06667,1.0,1.0,0.0,1.0,1.0,0.5
0.5,0.5,0.5,0.5,0.5,0.5,0.03286,0.33333,0.03333,0.0,0.0,0.66667,0.0,0.06667,0.0,0.5,0.5,0.5,0.5,0.5,0.5,0.5,0.5,0.0,0.0,0.5,0.5816,0.33793,0.28571,0.0,0.0,0.5,0.5,0.5,1.0,1.0,0.5,0.5,0.5,1.0,1.0,0.5,0.5,0.5,0.5,0.5,1.0,0.5,0.5,0.5,0.5,0.5,0.46667,0.85714,1.0,1.0,1.0,0.5,0.5
0.0,0.0,0.0,0.0,0.33333,0.2,0.01104,0.2,0.1,0.0,0.0,0.66667,0.0,0.10667,0.00889,0.53735,0.0,0.82857,0.85714,0.89524,1.0,0.81905,1.0,0.74299,1.0,0.07143,0.18355,0.08855,0.0,0.0,0.86348,0.78571,0.57143,0.0,0.86667,0.78145,0.24381,0.5,0.07314,1.0,1.0,0.5,0.5,0.5,0.0,0.0,1.0,1.0,1.0,0.5,0.5,1.0,0.06667,0.0,1.0,1.0,1.0,0.0,1.0
0.0,0.0,0.0,0.0,0.13333,0.13333,0.00142,0.13333,0.16667,0.0,0.0,0.66667,0.0,0.13778,0.02667,0.93051,0.0,0.9619,0.80952,0.79048,1.0,0.73333,0.0,0.80672,1.0,0.07143,0.02836,0.01349,0.0,0.0,0.76479,1.0,0.85714,0.0,1.0,1.0,0.5,0.5,0.5,1.0,1.0,0.5,0.5,0.5,0.0,0.0,1.0,1.0,1.0,0.5,0.5,1.0,0.06667,0.0,1.0,1.0,1.0,0.0,1.0
0.0,0.0,0.0,0.0,0.13333,0.2,0.00126,0.2,0.23333,0.0,0.0,0.66667,0.0,0.14667,0.04,0.0,0.88243,0.71429,1.0,0.77143,0.80952,0.73333,1.0,0.93709,1.0,0.28571,0.02128,0.0143,0.0,0.0,0.8584,0.35714,0.42857,0.0,1.0,1.0,0.5,0.5,0.5,1.0,1.0,0.5,0.5,0.5,0.0,0.0,1.0,1.0,1.0,0.5,0.5,1.0,0.06667,0.0,1.0,1.0,1.0,0.0,1.0
0.0,0.0,0.0,0.0,0.2,0.2,0.00119,0.2,0.3,0.0,0.0,0.66667,0.0,0.12,0.04,0.0,0.96979,1.0,1.0,0.79048,1.0,1.0,1.0,0.68713,1.0,0.07143,0.01928,0.00999,0.0,0.0,1.0,1.0,0.78571,0.0,1.0,1.0,0.5,0.5,0.5,1.0,1.0,0.5,0.5,0.5,0.0,0.0,1.0,1.0,1.0,0.5,0.5,1.0,0.06667,0.0,1.0,1.0,1.0,0.0,1.0
0.0,0.0,1.0,1.0,0.2,0.26667,0.00119,0.26667,0.36667,0.0,0.0,0.66667,0.0,0.10667,0.04444,0.98924,0.0,0.84762,1.0,0.79048,1.0,0.84762,1.0,0.69919,1.0,0.07143,0.01837,0.00944,0.0,0.0,1.0,1.0,1.0,0.13333,1.0,1.0,0.5,0.5,0.5,1.0,1.0,0.5,0.5,0.5,0.0,0.0,1.0,1.0,1.0,0.5,0.5,0.86667,0.13333,0.5,1.0,1.0,1.0,0.0,1.0
0.0,0.0,0.0,0.0,0.26667,0.26667,0.00119,0.26667,0.5,0.0,0.0,0.66667,0.0,0.07111,0.05778,0.96128,0.0,0.85714,1.0,0.78095,0.87619,0.80952,1.0,0.90025,1.0,0.78571,0.0157,0.00902,0.2,0.0,0.81186,0.5,0.5,0.2,1.0,1.0,0.5,0.5,0.5,1.0,1.0,0.5,0.5,0.5,0.0,0.0,1.0,1.0,1.0,0.5,0.5,1.0,0.06667,0.0,1.0,1.0,1.0,0.0,1.0
0.5,0.5,0.5,0.5,0.5,0.5,0.01671,0.2,0.03333,0.0,0.0,0.66667,0.0,0.06667,0.0,0.5,0.5,0.5,0.5,0.5,0.5,0.5,0.5,0.0,0.0,0.57143,0.31034,0.1462,0.25,0.0,0.0,0.5,0.5,0.5,1.0,1.0,0.5,0.5,0.5,1.0,1.0,0.5,0.5,0.5,0.5,0.5,1.0,0.5,0.5,0.5,0.5,0.56667,0.53333,0.875,1.0,1.0,1.0,0.5,0.5
1.0,0.0,1.0,0.0,0.2,0.2,0.00976,0.2,0.1,0.0,0.0,0.66667,0.0,0.12444,0.01333,0.3937,0.0,0.89524,1.0,0.97143,1.0,0.77143,0.0,0.98892,1.0,0.14286,0.17293,0.10428,0.0,0.0,0.79893,0.85714,0.28571,1.0,0.93333,0.90647,0.36292,0.5,0.10888,1.0,1.0,0.5,0.5,0.5,1.0,0.0,0.0,1.0,1.0,0.5,0.5,1.0,0.0,0.0,1.0,1.0,1.0,0.0,0.57143
0.0,0.0,0.0,0.0,0.2,0.2,0.00915,0.2,0.16667,0.0,0.0,0.66667,0.0,0.10222,0.02667,0.85733,0.0,1.0,1.0,0.97143,1.0,1.0,0.0,0.97807,1.0,0.14286,0.15636,0.09994,0.0,0.0,0.76423,0.85714,0.85714,0.0,1.0,1.0,0.5,0.0,0.5,1.0,1.0,0.14423,1.0,0.88376,0.0,1.0,1.0,1.0,1.0,0.14423,1.0,1.0,0.06667,0.0,1.0,0.0,1.0,0.0,1.0
0.0,0.0,0.0,0.0,0.2,0.2,0.00557,0.2,0.26667,0.0,0.0,0.66667,0.0,0.10667,0.03111,0.0,0.98358,1.0,1.0,0.80952,0.8381,0.8,0.0,0.97661,1.0,0.07143,0.10026,0.04423,0.16667,0.0,0.66507,0.85714,0.71429,0.0,1.0,1.0,0.5,0.39276,0.5,1.0,1.0,0.14423,1.0,0.88376,0.0,0.0,1.0,1.0,1.0,0.14423,1.0,1.0,0.06667,0.0,1.0,0.0,1.0,0.0,1.0
1.0,0.5,1.0,0.5,0.2,0.5,0.0057,0.2,0.3,0.0,0.0,0.66667,1.0,0.09778,0.02667,0.0,0.98696,0.8,0.8,0.79048,1.0,0.8,0.0,0.81671,1.0,0.64286,0.11397,0.05255,0.2,0.0,0.81736,1.0,0.5,0.0,1.0,1.0,0.5,0.39276,0.5,1.0,1.0,0.14423,1.0,0.88376,0.0,0.0,1.0,1.0,1.0,0.14423,1.0,1.0,0.06667,0.0,1.0,0.0,1.0,0.0,1.0
0.0,0.0,1.0,1.0,0.26667,0.26667,0.00581,0.26667,0.36667,0.0,0.0,0.66667,0.0,0.09778,0.02667,0.98773,0.0,1.0,1.0,0.79048,0.9619,1.0,1.0,0.90901,1.0,0.64286,0.101,0.04743,0.2,0.0,0.80871,0.5,1.0,0.0,1.0,1.0,0.5,0.39276,0.5,1.0,1.0,0.14423,1.0,0.88376,0.0,1.0,1.0,1.0,1.0,0.14423,1.0,1.0,0.06667,0.0,1.0,0.0,1.0,0.0,1.0
0.0,0.0,0.0,0.0,0.33333,0.33333,0.00197,0.33333,0.43333,0.0,0.0,0.66667,0.0,0.08444,0.03111,0.0,0.99554,0.8,1.0,0.8,0.78095,0.8,0.0,0.84071,1.0,0.07143,0.04414,0.01497,0.5,0.0,0.65208,0.71429,0.5,0.0,0.93333,0.8728,0.333,0.39276,0.2775,1.0,1.0,0.14423,1.0,0.88376,0.0,0.0,1.0,1.0,1.0,0.14423,1.0,1.0,0.06667,0.0,1.0,0.0,1.0,0.0,1.0
0.0,0.0,0.0,0.0,0.33333,0.26667,0.00024,0.33333,0.56667,0.0,0.0,0.66667,0.0,0.06222,0.02222,0.0,0.98989,1.0,0.86667,0.89524,0.78095,1.0,0.0,0.78039,1.0,0.07143,0.00635,0.00167,0.5,0.0,0.64759,0.64286,1.0,0.0,1.0,1.0,0.5,0.39276,0.5,1.0,1.0,0.14423,1.0,0.88376,0.0,0.0,1.0,1.0,1.0,0.14423,1.0,1.0,0.06667,0.0,1.0,0.0,1.0,0.0,1.0
0.5,0.5,0.5,0.5,0.5,0.5,0.00464,0.06667,0.13333,0.0,0.0,0.66667,0.0,0.12,0.0,0.93309,0.0,0.90476,0.90476,1.0,1.0,0.5,1.0,0.64922,1.0,0.14286,0.11353,0.05904,0.0,0.0,0.87876,1.0,0.5,0.7,1.0,1.0,0.5,0.5,0.5,1.0,1.0,0.5,0.5,0.5,0.0,0.0,1.0,1.0,1.0,0.5,0.5,0.3,0.13333,0.5,1.0,1.0,1.0,0.0,0.5
0.0,0.0,0.0,0.0,0.06667,0.06667,0.00494,0.06667,0.23333,0.0,0.0,0.66667,0.0,0.14222,0.01333,0.637,0.0,0.98095,1.0,1.0,1.0,0.95238,0.0,0.77613,1.0,0.14286,0.09289,0.05086,0.0,0.0,0.95416,1.0,0.85714,0.0,1.0,1.0,0.5,0.5,0.5,1.0,1.0,0.5,0.5,0.5,0.0,0.0,1.0,1.0,1.0,0.5,0.5,1.0,0.06667,0.0,1.0,1.0,1.0,0.0,1.0
1.0,1.0,1.0,1.0,0.13333,0.2,0.00603,0.2,0.3,0.0,0.0,0.66667,0.0,0.13778,0.01778,0.88723,0.0,1.0,1.0,1.0,1.0,0.9619,1.0,0.81442,1.0,0.07143,0.10117,0.05224,0.0,0.0,0.96316,1.0,0.85714,0.7,1.0,1.0,0.5,0.5,0.5,1.0,1.0,0.5,0.5,0.5,0.0,0.0,1.0,1.0,1.0,0.5,0.5,0.3,0.2,0.5,1.0,1.0,1.0,0.0,1.0
0.0,0.0,0.0,0.0,0.06667,0.06667,0.0,0.06667,0.46667,0.0,0.0,0.66667,0.0,0.11111,0.02222,0.0,0.99256,0.71429,0.99048,0.69524,1.0,0.73333,1.0,0.93944,1.0,0.14286,0.0,0.0,0.0,0.0,0.9209,0.78571,0.57143,0.0,1.0,1.0,0.5,0.08502,0.5,1.0,1.0,0.5,0.5,0.5,0.0,0.0,1.0,1.0,1.0,0.5,0.5,1.0,0.06667,0.0,1.0,1.0,1.0,0.0,1.0
0.0,1.0,0.0,1.0,0.06667,0.06667,0.0,0.06667,0.53333,0.0,0.0,0.66667,0.0,0.10667,0.02222,0.9954,0.0,1.0,1.0,0.73333,1.0,1.0,1.0,0.98818,1.0,0.5,0.0,0.0,0.0,0.0,0.95607,0.42857,0.35714,0.0,1.0,1.0,0.5,0.08502,0.5,1.0,1.0,0.5,0.5,0.5,0.0,0.0,1.0,1.0,1.0,0.5,0.5,1.0,0.06667,0.0,1.0,1.0,1.0,1.0,1.0
1.0,1.0,1.0,1.0,0.06667,0.06667,0.0,0.06667,0.6,0.0,0.0,0.66667,0.0,0.08889,0.02667,0.99505,0.0,1.0,1.0,0.73333,1.0,1.0,0.0,0.91288,1.0,0.5,0.0,0.0,0.0,0.0,0.96485,0.42857,1.0,0.0,1.0,1.0,0.5,0.08502,0.5,1.0,1.0,0.5,0.5,0.5,0.0,0.0,1.0,1.0,1.0,0.5,0.5,1.0,0.06667,0.0,1.0,1.0,1.0,0.0,1.0
0.0,0.0,0.0,0.0,0.06667,0.06667,0.0,0.13333,0.7,0.0,0.0,0.66667,0.0,0.08889,0.02667,0.99773,0.0,0.99048,0.77143,0.73333,1.0,0.7619,0.0,0.89689,1.0,0.71429,0.0,0.0,0.0,0.0,0.97057,1.0,1.0,0.0,1.0,1.0,0.5,0.08502,0.5,1.0,1.0,0.5,0.5,0.5,0.0,0.0,1.0,1.0,1.0,0.0,0.23644,1.0,0.06667,0.0,1.0,1.0,1.0,0.0,1.0
0.0,0.0,0.0,0.0,0.13333,0.2,0.0,0.13333,0.8,0.0,0.0,0.66667,0.0,0.08889,0.04,0.99697,0.0,0.98095,1.0,0.71429,1.0,0.71429,1.0,0.92214,1.0,0.07143,0.0,0.0,0.125,0.0,0.84498,0.85714,0.5,0.0,1.0,1.0,0.5,0.08502,0.5,1.0,1.0,0.5,0.5,0.5,0.0,0.0,1.0,1.0,1.0,0.0,0.23644,1.0,0.06667,0.0,1.0,1.0,1.0,0.0,1.0
0.5,0.5,0.5,0.5,0.5,0.5,0.08016,0.6,0.06667,0.0,0.0,0.66667,0.0,0.48,0.0,0.5,0.5,0.0,1.0,1.0,1.0,0.5,1.0,0.97915,1.0,0.64286,1.0,0.76119,0.6,1.0,0.72113,0.42857,0.5,0.7,1.0,1.0,0.5,0.5,0.5,1.0,1.0,0.5,0.5,0.5,0.5,0.5,1.0,1.0,1.0,0.5,0.5,0.3,0.26667,0.6,1.0,1.0,1.0,0.6,0.5
0.0,0.0,0.0,0.0,0.6,0.53333,0.06808,0.53333,0.13333,0.0,0.0,0.66667,0.0,0.53333,0.00444,0.33495,0.0,0.86667,1.0,1.0,1.0,0.86667,1.0,0.69076,1.0,0.07143,0.722,0.56495,0.0,0.0,1.0,0.85714,0.71429,0.7,1.0,1.0,0.5,0.5,0.5,1.0,1.0,0.5,0.5,0.5,0.0,0.0,1.0,1.0,1.0,1.0,0.55333,0.3,0.13333,1.0,1.0,1.0,1.0,1.0,1.0
1.0,0.5,1.0,0.5,0.6,0.5,0.07941,0.6,0.16667,0.0,0.0,0.66667,1.0,0.52444,0.00444,0.69258,0.0,1.0,0.46667,0.86667,1.0,1.0,0.0,0.59871,1.0,0.07143,1.0,1.0,1.0,0.0,1.0,1.0,0.85714,0.7,0.86667,0.91576,1.0,1.0,1.0,1.0,1.0,0.5,0.5,0.5,0.0,0.0,1.0,1.0,1.0,1.0,0.55333,0.33333,0.13333,1.0,1.0,1.0,1.0,0.0,1.0
0.0,1.0,0.0,0.0,0.53333,0.66667,0.06348,0.6,0.33333,0.0,0.0,0.66667,0.0,0.40889,0.01333,0.97373,0.0,0.86667,1.0,0.86667,1.0,0.75238,0.0,0.83153,1.0,0.07143,0.8324,0.46257,0.66667,0.0,0.9881,0.85714,0.85714,0.7,1.0,1.0,0.5,1.0,0.5,1.0,1.0,0.5,0.5,0.5,0.0,0.0,1.0,1.0,1.0,1.0,0.26041,0.3,0.2,0.66667,1.0,1.0,1.0,0.66667,0.64286
0.5,0.5,0.5,0.5,0.5,0.5,0.01223,0.13333,0.06667,0.0,0.0,0.66667,0.0,0.32889,0.0,0.5,0.5,0.51429,0.48571,1.0,1.0,0.5,1.0,0.81542,1.0,0.35714,0.171,0.08083,0.0,0.0,0.87641,0.57143,0.5,0.7,1.0,1.0,0.5,0.5,0.5,1.0,1.0,0.5,0.5,0.5,0.5,0.5,1.0,1.0,1.0,0.5,0.5,0.3,0.33333,0.66667,1.0,1.0,1.0,0.0,0.5
0.0,0.0,0.0,0.0,0.13333,0.13333,0.00352,0.13333,0.43333,0.0,0.0,0.66667,0.0,0.33778,0.01333,0.99657,0.0,1.0,1.0,0.95238,1.0,0.87619,1.0,0.63222,1.0,0.07143,0.06501,0.0336,0.0,0.0,1.0,0.28571,0.64286,0.13333,0.93333,0.92617,0.83386,0.5,0.25016,1.0,1.0,0.5,0.5,0.5,0.0,0.0,1.0,1.0,1.0,0.03985,0.484,0.86667,0.13333,1.0,1.0,1.0,1.0,0.0,1.0
0.0,0.0,0.0,0.0,0.13333,0.13333,0.00212,0.13333,0.5,0.0,0.0,0.66667,0.0,0.32444,0.00889,0.99872,0.0,1.0,1.0,0.95238,1.0,1.0,1.0,0.63199,1.0,0.07143,0.0396,0.0202,0.0,0.0,1.0,1.0,1.0,0.13333,1.0,1.0,0.5,0.62009,0.5,1.0,1.0,0.5,0.5,0.5,0.0,0.0,1.0,1.0,1.0,0.05439,1.0,0.86667,0.13333,1.0,0.0,1.0,1.0,0.0,1.0
0.0,0.0,0.0,0.0,0.13333,0.13333,0.00053,0.13333,0.7,0.0,0.0,0.66667,0.0,0.31556,0.00889,0.0,0.99975,1.0,1.0,0.95238,1.0,1.0,1.0,0.63143,1.0,0.07143,0.00995,0.005,0.0,0.0,1.0,0.85714,1.0,0.0,0.93333,0.93034,0.43576,0.80481,0.13073,1.0,1.0,0.5,0.5,0.5,0.0,0.0,1.0,1.0,1.0,0.01061,0.53372,1.0,0.06667,0.0,1.0,0.0,1.0,0.0,1.0
0.0,0.0,0.0,0.0,0.13333,0.13333,0.00014,0.13333,0.76667,0.0,0.0,0.66667,0.0,0.31111,0.00889,0.0,0.9998,1.0,1.0,0.95238,1.0,1.0,0.0,0.63024,1.0,0.07143,0.00271,0.00136,0.0,0.0,1.0,0.85714,1.0,0.0,1.0,1.0,0.5,0.80481,0.5,1.0,1.0,0.5,0.5,0.5,0.0,0.0,1.0,1.0,1.0,0.01061,0.53372,1.0,0.06667,0.0,1.0,0.0,1.0,0.0,1.0
0.5,0.5,0.5,0.5,0.5,0.5,0.0794,0.6,0.1,0.0,0.0,0.66667,0.0,0.06667,0.0,0.97488,0.0,0.97143,0.97143,1.0,1.0,0.5,0.0,0.62664,1.0,0.14286,0.92699,0.86392,0.0,1.0,0.5,0.78571,0.5,0.7,1.0,1.0,0.5,0.5,0.5,1.0,1.0,0.5,0.5,0.5,0.0,0.0,1.0,1.0,1.0,0.5,0.5,0.3,0.13333,1.0,0.0,1.0,1.0,0.0,0.5
0.0,0.0,0.0,0.0,0.6,0.6,0.05317,0.53333,0.2,0.0,0.0,0.66667,0.0,0.07111,0.0,0.99427,0.0,0.97143,0.97143,1.0,1.0,0.97143,0.0,0.59128,1.0,0.07143,1.0,0.8749,0.5,0.0,0.44444,1.0,0.78571,0.7,1.0,1.0,0.5,0.5,0.5,1.0,1.0,0.5,0.5,0.5,0.0,0.0,1.0,1.0,1.0,0.5,0.5,0.4,0.13333,0.5,0.0,1.0,1.0,0.5,1.0
0.5,0.5,0.5,0.5,0.5,0.5,0.13102,0.86667,0.83333,0.0,0.0,0.66667,0.0,0.10222,0.02222,0.0,0.98884,0.64762,1.0,0.75238,1.0,0.5,1.0,0.96476,1.0,0.28571,1.0,1.0,1.0,0.0,0.98302,0.85714,0.5,0.7,1.0,1.0,0.5,0.5,0.5,1.0,1.0,0.5,0.5,0.5,0.0,0.0,1.0,1.0,1.0,0.5,0.5,0.3,0.26667,1.0,1.0,0.66667,1.0,0.0,0.5
1.0,0.5,1.0,0.5,0.86667,0.5,0.13644,0.86667,0.86667,0.0,0.0,0.66667,1.0,0.10222,0.03111,0.0,0.89072,0.94286,1.0,0.86667,1.0,0.94286,1.0,0.96813,1.0,0.21429,1.0,1.0,1.0,0.0,0.98945,1.0,1.0,0.7,1.0,1.0,0.5,0.5,0.5,1.0,1.0,0.5,0.5,0.5,0.0,0.0,1.0,1.0,1.0,0.5,0.5,0.3,0.26667,1.0,1.0,0.66667,1.0,1.0,1.0
1.0,0.5,0.0,0.5,0.8,0.5,0.13455,0.8,0.9,0.0,0.0,0.66667,1.0,0.09778,0.02667,0.0,0.96055,0.92381,1.0,0.8,1.0,0.92381,1.0,0.97004,1.0,0.21429,1.0,0.99386,0.66667,0.0,0.99085,1.0,1.0,0.7,1.0,1.0,0.5,0.5,0.5,1.0,1.0,0.5,0.5,0.5,0.0,0.0,1.0,1.0,1.0,0.5,0.5,0.3,0.26667,1.0,0.66667,0.66667,1.0,1.0,1.0
0.0,1.0,0.0,1.0,0.8,0.86667,0.14619,0.8,1.0,0.0,0.0,0.66667,0.0,0.08889,0.01778,0.85747,0.0,0.88571,1.0,0.74286,0.77143,0.77143,0.0,0.89671,1.0,0.21429,1.0,0.97164,0.66667,0.0,1.0,1.0,1.0,0.7,1.0,1.0,0.5,0.5,0.5,1.0,1.0,0.5,0.5,0.5,0.0,0.0,1.0,1.0,1.0,0.0,0.2375,0.4,0.26667,1.0,0.66667,0.66667,1.0,1.0,1.0
0.5,0.5,0.5,0.5,0.5,0.5,0.03593,0.2,0.03333,0.0,0.0,0.66667,0.0,0.06667,0.0,0.5,0.5,0.5,0.5,0.5,0.5,0.5,0.5,0.0,0.0,0.35714,0.5151,0.35294,0.0,0.0,0.0,0.5,0.5,0.5,1.0,1.0,0.5,0.5,0.5,1.0,1.0,0.5,0.5,0.5,0.5,0.5,1.0,0.5,0.5,0.5,0.5,0.5,0.4,1.0,1.0,1.0,1.0,0.5,0.5
0.0,1.0,0.0,1.0,0.2,0.26667,0.05581,0.26667,0.1,0.0,0.0,0.66667,0.0,0.13333,0.00889,0.50936,0.0,0.81905,0.93333,0.86667,1.0,0.78095,1.0,0.94739,1.0,0.07143,0.9253,0.69144,0.16667,0.0,0.79443,0.92857,0.64286,0.7,1.0,1.0,0.5,0.5,0.5,1.0,1.0,0.5,0.5,0.5,0.0,0.0,1.0,1.0,1.0,1.0,0.1417,0.3,0.26667,0.5,1.0,1.0,1.0,0.16667,1.0
1.0,0.5,1.0,0.5,0.73333,0.5,0.08051,0.73333,0.13333,0.0,0.0,0.66667,1.0,0.23556,0.00889,0.85141,0.0,0.85714,0.85714,0.85714,1.0,0.85714,1.0,0.99417,1.0,0.07143,1.0,0.84695,0.8,0.0,0.82214,1.0,0.92857,0.7,1.0,1.0,0.5,0.5,0.5,1.0,1.0,0.5,0.5,0.5,0.0,0.0,1.0,1.0,1.0,1.0,0.1417,0.3,0.33333,0.8,1.0,0.75,1.0,0.4,1.0
0.0,0.0,0.0,0.0,0.6,0.53333,0.07675,0.6,0.3,0.0,0.0,0.66667,0.0,0.28889,0.01778,0.97455,0.0,0.86667,0.92381,0.82857,0.73333,0.99048,1.0,0.92945,1.0,0.14286,1.0,0.72168,0.5,0.0,0.93339,0.42857,0.92857,0.7,1.0,1.0,0.5,0.5,0.5,1.0,1.0,0.5,0.5,0.5,0.0,0.0,1.0,1.0,1.0,1.0,0.1417,0.3,0.33333,1.0,0.75,0.75,1.0,1.0,1.0
0.5,0.5,0.5,0.5,0.5,0.5,0.04784,0.4,0.03333,0.0,0.0,0.66667,0.0,0.06667,0.0,0.5,0.5,0.5,0.5,0.5,0.5,0.5,0.5,0.0,0.0,0.42857,0.7342,0.41243,0.33333,0.0,0.0,0.5,0.5,0.5,1.0,1.0,0.5,0.5,0.5,1.0,1.0,0.5,0.5,0.5,0.5,0.5,1.0,0.5,0.5,0.5,0.5,0.5,0.4,0.83333,1.0,1.0,1.0,0.5,0.5
1.0,0.5,1.0,0.5,0.4,0.5,0.04835,0.4,0.06667,0.0,0.0,0.66667,1.0,0.26667,0.0,0.5,0.5,0.37143,0.59048,1.0,1.0,0.37143,1.0,0.99877,1.0,0.42857,0.72698,0.46187,0.4,0.0,0.70594,1.0,0.64286,0.7,1.0,1.0,0.5,0.5,0.5,1.0,1.0,0.5,0.5,0.5,0.5,0.5,1.0,1.0,1.0,0.5,0.5,0.3,0.26667,0.6,1.0,1.0,1.0,0.4,1.0
1.0,0.5,1.0,0.5,0.4,0.5,0.04939,0.4,0.1,0.0,0.0,0.66667,1.0,0.32444,0.0,0.88439,0.0,0.77143,0.90476,1.0,1.0,0.77143,0.0,0.58248,1.0,0.07143,0.66302,0.4138,0.25,0.0,0.81802,1.0,0.64286,0.7,1.0,1.0,0.5,0.5,0.5,1.0,1.0,0.5,0.5,0.5,0.0,0.0,1.0,1.0,1.0,0.5,0.5,0.3,0.46667,0.75,0.66667,1.0,1.0,0.375,1.0
1.0,0.5,0.0,0.5,0.4,0.5,0.04825,0.4,0.13333,0.0,0.0,0.66667,1.0,0.32444,0.00444,0.35595,0.0,1.0,1.0,1.0,1.0,1.0,0.0,0.56765,1.0,0.07143,0.63111,0.38126,0.25,0.0,0.86069,1.0,1.0,0.7,1.0,1.0,0.5,0.5,0.5,1.0,1.0,0.5,0.5,0.5,0.0,0.0,1.0,1.0,1.0,0.5,0.5,0.3,0.46667,0.75,0.66667,1.0,1.0,0.75,1.0
1.0,0.5,0.0,0.5,0.4,0.5,0.04724,0.4,0.16667,0.0,0.0,0.66667,1.0,0.31111,0.00444,0.65999,0.0,0.90476,1.0,1.0,1.0,0.90476,1.0,0.85389,1.0,0.21429,0.75401,0.41763,0.42857,0.0,0.89711,1.0,0.78571,0.7,1.0,1.0,0.5,0.5,0.5,1.0,1.0,0.5,0.5,0.5,0.0,0.0,1.0,1.0,1.0,0.5,0.5,0.3,0.46667,0.85714,0.83333,1.0,1.0,0.71429,1.0
1.0,0.5,1.0,0.5,0.4,0.5,0.04789,0.4,0.2,0.0,0.0,0.66667,1.0,0.32,0.00889,0.82784,0.0,0.60952,1.0,0.60952,1.0,0.60952,1.0,0.90966,1.0,0.35714,0.77326,0.43115,0.42857,0.0,0.91559,1.0,1.0,0.7,1.0,1.0,0.5,0.5,0.5,1.0,1.0,0.5,0.5,0.5,0.0,0.0,1.0,1.0,1.0,0.5,0.5,0.3,0.4,0.71429,1.0,1.0,1.0,0.85714,1.0
0.0,0.5,1.0,0.5,0.46667,0.5,0.04814,0.46667,0.23333,0.0,0.0,0.66667,1.0,0.32889,0.02667,0.89593,0.0,1.0,1.0,0.60952,1.0,1.0,1.0,0.97421,1.0,0.5,0.77918,0.42694,0.6,0.0,0.93436,1.0,0.85714,0.7,1.0,1.0,0.5,0.5,0.5,1.0,1.0,0.5,0.5,0.5,0.0,0.0,1.0,1.0,1.0,0.5,0.5,0.3,0.4,1.0,0.8,1.0,1.0,0.8,1.0
1.0,0.5,1.0,0.5,0.46667,0.5,0.04989,0.46667,0.26667,0.0,0.0,0.66667,1.0,0.30222,0.03111,0.0,0.99722,0.52381,1.0,0.51429,1.0,0.52381,0.0,0.87892,1.0,0.28571,0.72921,0.4272,0.5,0.0,0.92727,1.0,0.92857,0.7,1.0,1.0,0.5,0.5,0.5,1.0,1.0,0.5,0.5,0.5,0.0,0.0,1.0,1.0,1.0,0.5,0.5,0.3,0.26667,0.75,1.0,1.0,1.0,1.0,1.0
1.0,0.5,1.0,0.5,0.46667,0.5,0.05148,0.46667,0.3,0.0,0.0,0.66667,1.0,0.30222,0.03111,0.0,0.98269,0.69524,0.69524,0.55238,1.0,0.69524,1.0,0.88732,1.0,0.0,0.8197,0.47171,0.4,0.0,0.92788,1.0,0.78571,0.7,1.0,1.0,0.5,0.5,0.5,1.0,1.0,0.5,0.5,0.5,0.0,0.0,1.0,1.0,1.0,0.5,0.5,0.3,0.26667,0.6,0.66667,0.66667,1.0,0.4,1.0
1.0,0.5,1.0,0.5,0.46667,0.5,0.05613,0.46667,0.33333,0.0,0.0,0.66667,1.0,0.24444,0.03556,0.99973,0.0,0.92381,0.71429,0.74286,1.0,0.92381,0.0,0.7058,1.0,0.07143,0.7259,0.50286,0.2,1.0,0.93964,1.0,0.85714,0.7,1.0,1.0,0.5,0.5,0.5,1.0,1.0,0.5,0.5,0.5,0.0,0.0,1.0,1.0,1.0,0.5,0.5,0.3,0.26667,0.6,0.33333,0.66667,1.0,0.4,1.0
0.0,0.0,0.0,0.0,0.4,0.33333,0.00143,0.46667,0.8,0.0,0.0,0.66667,0.0,0.08,0.03111,0.99802,0.0,0.84762,1.0,0.69524,0.84762,0.55238,1.0,0.95067,1.0,0.07143,0.03889,0.00527,0.55556,0.0,0.8498,0.71429,0.57143,0.0,0.93333,0.82985,0.25606,0.21302,0.08535,1.0,1.0,0.5,0.5,0.5,0.0,0.0,1.0,1.0,1.0,0.5,0.5,1.0,0.06667,0.0,1.0,1.0,1.0,0.11111,1.0
0.0,0.5,0.0,0.5,0.4,0.5,0.00027,0.4,0.83333,0.0,0.0,0.66667,1.0,0.07556,0.03556,0.0,0.99866,0.84762,0.84762,0.8,1.0,0.84762,0.0,0.85543,1.0,0.07143,0.00923,0.00101,0.55556,0.0,0.77639,1.0,0.85714,0.0,1.0,1.0,0.5,0.21302,0.5,1.0,1.0,0.5,0.5,0.5,0.0,0.0,1.0,1.0,1.0,0.5,0.5,1.0,0.06667,0.0,1.0,1.0,1.0,0.0,1.0
0.0,0.0,0.0,0.0,0.33333,0.33333,0.00018,0.33333,0.93333,0.0,0.0,0.66667,0.0,0.07556,0.03556,0.0,0.98573,0.57143,0.51429,0.61905,1.0,0.57143,1.0,0.90817,1.0,0.07143,0.00263,0.00066,0.33333,0.0,0.94551,0.85714,0.5,0.0,1.0,1.0,0.5,0.21302,0.5,1.0,1.0,0.5,0.5,0.5,0.0,0.0,1.0,1.0,1.0,0.5,0.5,1.0,0.06667,0.0,1.0,1.0,1.0,0.0,1.0
1.0,0.5,1.0,0.5,0.4,0.5,0.00021,0.4,0.96667,0.0,0.0,0.66667,1.0,0.07556,0.03556,0.0,0.98548,0.90476,0.53333,0.60952,1.0,0.90476,0.0,0.90792,1.0,0.07143,0.00313,0.0008,0.5,0.0,0.94728,1.0,1.0,0.0,0.93333,1.0,1.0,1.0,1.0,0.85714,0.875,0.5,0.5,0.5,0.0,0.0,1.0,1.0,1.0,0.5,0.5,1.0,0.06667,0.0,1.0,1.0,1.0,0.0,1.0
1.0,0.5,1.0,0.5,0.4,0.5,0.00025,0.4,1.0,0.0,0.0,0.66667,1.0,0.06667,0.03556,0.0,0.97809,1.0,0.53333,0.60952,1.0,1.0,0.0,0.90137,1.0,0.07143,0.00368,0.00096,0.5,0.0,0.94883,1.0,1.0,0.0,1.0,1.0,0.5,1.0,0.5,1.0,1.0,0.5,0.5,0.5,0.0,0.0,1.0,1.0,1.0,0.5,0.5,1.0,0.06667,0.0,1.0,1.0,1.0,0.0,1.0
0.5,0.5,0.5,0.5,0.5,0.5,0.01679,0.26667,0.03333,0.0,0.0,0.66667,0.0,0.06667,0.0,0.5,0.5,0.5,0.5,0.5,0.5,0.5,0.5,0.0,0.0,0.42857,0.24231,0.10976,0.33333,0.0,0.0,0.5,0.5,0.5,1.0,1.0,0.5,0.5,0.5,1.0,1.0,0.5,0.5,0.5,0.5,0.5,1.0,0.5,0.5,0.5,0.5,0.5,0.46667,1.0,1.0,1.0,1.0,0.5,0.5
1.0,1.0,1.0,1.0,0.26667,0.33333,0.02213,0.33333,0.1,0.0,0.0,0.66667,0.0,0.12444,0.0,0.99094,0.0,0.97143,0.92381,1.0,1.0,0.70476,1.0,0.83884,1.0,0.14286,0.37356,0.16636,0.2,0.0,0.73361,0.92857,0.5,0.7,1.0,1.0,0.5,0.5,0.5,1.0,1.0,0.5,0.5,0.5,0.0,0.0,1.0,1.0,1.0,0.5,0.5,0.3,0.26667,0.6,1.0,1.0,1.0,1.0,1.0
1.0,0.5,1.0,0.5,0.33333,0.5,0.02584,0.33333,0.13333,0.0,0.0,0.66667,1.0,0.14222,0.0,0.0,0.98339,0.90476,0.93333,1.0,1.0,0.90476,0.0,0.80026,1.0,0.14286,0.38301,0.19903,0.0,0.0,0.86671,1.0,0.92857,0.7,1.0,1.0,0.5,0.5,0.5,1.0,1.0,0.5,0.5,0.5,0.0,0.0,1.0,1.0,1.0,0.5,0.5,0.3,0.33333,1.0,1.0,1.0,1.0,0.75,1.0
1.0,0.5,1.0,0.5,0.33333,0.5,0.02735,0.33333,0.16667,0.0,0.0,0.66667,1.0,0.15111,0.00444,0.44605,0.0,0.91429,0.88571,1.0,1.0,0.91429,1.0,0.99786,1.0,0.14286,0.40937,0.21316,0.0,0.0,0.88712,1.0,0.92857,0.7,1.0,1.0,0.5,0.5,0.5,1.0,1.0,0.5,0.5,0.5,0.0,0.0,1.0,1.0,1.0,0.5,0.5,0.3,0.33333,0.8,1.0,0.75,1.0,0.8,1.0
1.0,0.5,1.0,0.5,0.4,0.5,0.03005,0.4,0.2,0.0,0.0,0.66667,1.0,0.14667,0.00889,0.68257,0.0,0.90476,0.86667,0.93333,1.0,0.90476,0.0,0.98784,1.0,0.14286,0.38053,0.20813,0.0,0.0,0.94303,1.0,0.92857,0.7,1.0,1.0,0.5,0.5,0.5,1.0,1.0,0.5,0.5,0.5,0.0,0.0,1.0,1.0,1.0,0.5,0.5,0.3,0.33333,1.0,0.75,0.75,1.0,0.75,1.0
1.0,0.5,1.0,0.5,0.4,0.5,0.03846,0.4,0.23333,0.0,0.0,0.66667,1.0,0.14667,0.00889,0.80327,0.0,0.91429,0.89524,0.84762,1.0,0.91429,1.0,0.99139,1.0,0.14286,0.47643,0.27286,0.0,0.0,0.96437,1.0,1.0,0.7,1.0,1.0,0.5,0.5,0.5,1.0,1.0,0.5,0.5,0.5,0.0,0.0,1.0,1.0,1.0,0.5,0.5,0.3,0.33333,1.0,1.0,0.75,1.0,1.0,1.0
1.0,0.5,1.0,0.5,0.4,0.5,0.03924,0.4,0.26667,0.0,0.0,0.66667,1.0,0.15111,0.01333,0.89322,0.0,0.86667,0.8,0.88571,1.0,0.86667,0.0,0.86675,1.0,0.07143,0.45913,0.26037,0.0,0.0,0.97133,1.0,1.0,0.7,1.0,1.0,0.5,0.5,0.5,1.0,1.0,0.5,0.5,0.5,0.0,0.0,1.0,1.0,1.0,0.5,0.5,0.3,0.33333,1.0,0.75,0.75,1.0,1.0,1.0
0.0,1.0,0.0,1.0,0.4,0.4,0.04298,0.4,0.33333,0.0,0.0,0.66667,0.0,0.13778,0.01778,0.99274,0.0,1.0,1.0,0.86667,1.0,0.97143,1.0,0.96526,1.0,0.14286,0.44644,0.25882,0.0,0.0,0.97592,0.85714,0.92857,0.7,1.0,1.0,0.5,0.5,0.5,1.0,1.0,0.5,0.5,0.5,0.0,0.0,1.0,1.0,1.0,0.5,0.5,0.3,0.26667,1.0,0.66667,0.66667,1.0,1.0,1.0
1.0,0.5,1.0,0.5,0.46667,0.5,0.04495,0.46667,0.36667,0.0,0.0,0.66667,1.0,0.12,0.02222,0.0,0.98244,0.7619,1.0,0.72381,1.0,0.7619,1.0,0.98524,1.0,0.42857,0.55256,0.26546,0.25,0.0,0.93618,1.0,0.78571,0.7,1.0,1.0,0.5,0.5,0.5,1.0,1.0,0.5,0.5,0.5,0.0,0.0,1.0,1.0,1.0,0.5,0.5,0.3,0.26667,0.75,1.0,1.0,1.0,0.5,1.0
1.0,0.5,1.0,0.5,0.53333,0.5,0.04634,0.53333,0.4,0.0,0.0,0.66667,1.0,0.12444,0.02667,0.0,0.97414,0.97143,1.0,0.69524,1.0,0.97143,0.0,0.8875,1.0,0.42857,0.51639,0.24155,0.25,0.0,0.94191,1.0,1.0,0.7,1.0,1.0,0.5,0.5,0.5,1.0,1.0,0.5,0.5,0.5,0.0,0.0,1.0,1.0,1.0,0.5,0.5,0.3,0.26667,0.75,0.0,0.66667,1.0,0.75,1.0
0.0,0.5,0.0,0.5,0.4,0.5,0.00245,0.4,0.43333,0.0,0.0,0.66667,1.0,0.10667,0.03556,0.98763,0.0,1.0,1.0,0.75238,1.0,1.0,0.0,0.75427,1.0,0.07143,0.05642,0.01067,0.57143,0.0,0.76529,1.0,0.64286,0.0,0.93333,0.87031,0.10382,0.10382,0.10382,1.0,1.0,0.5,0.5,0.5,0.0,0.0,1.0,1.0,1.0,0.5,0.5,1.0,0.06667,0.0,1.0,1.0,1.0,0.42857,1.0
0.0,0.0,0.0,0.0,0.4,0.33333,0.00032,0.33333,0.5,0.0,0.0,0.66667,0.0,0.05333,0.03111,0.99214,0.0,0.71429,0.92381,0.73333,1.0,0.71429,1.0,0.96639,1.0,0.07143,0.0054,0.00126,0.5,0.0,0.69931,0.64286,0.64286,0.0,1.0,1.0,0.5,0.10382,0.5,1.0,1.0,0.5,0.5,0.5,0.0,0.93362,1.0,1.0,1.0,0.5,0.5,1.0,0.06667,0.0,1.0,1.0,1.0,0.0,1.0
0.0,0.0,0.0,0.0,0.33333,0.4,0.00031,0.4,0.56667,0.0,0.0,0.66667,0.0,0.04444,0.02667,0.99322,0.0,1.0,0.93333,0.8,0.93333,1.0,1.0,0.97673,1.0,0.14286,0.00628,0.00118,0.57143,0.0,0.65959,0.92857,0.78571,0.96667,1.0,1.0,0.5,0.10382,0.5,1.0,1.0,0.5,0.5,0.5,0.65003,1.0,0.03333,1.0,1.0,0.5,0.5,1.0,0.06667,0.0,1.0,1.0,1.0,0.0,1.0
0.0,0.0,0.0,0.0,0.33333,0.4,0.00024,0.4,0.63333,0.0,0.0,0.66667,0.0,0.04,0.02222,0.99948,0.0,1.0,0.98095,0.78095,0.93333,1.0,1.0,0.99743,1.0,0.14286,0.00489,0.00092,0.42857,0.0,0.64541,0.92857,1.0,0.0,1.0,1.0,0.5,0.10382,0.5,1.0,1.0,0.0,0.03061,0.75526,0.0,0.0,1.0,1.0,1.0,0.0,0.05911,1.0,0.06667,0.0,1.0,1.0,1.0,0.0,1.0
0.0,0.5,1.0,0.5,0.4,0.5,0.00025,0.4,0.66667,0.0,0.0,0.66667,1.0,0.04,0.02222,0.98543,0.0,1.0,1.0,0.78095,1.0,1.0,0.0,0.99113,1.0,0.14286,0.00506,0.00096,0.42857,0.0,0.64346,1.0,1.0,0.0,1.0,1.0,0.5,0.10382,0.5,1.0,1.0,0.0,0.03061,0.75526,0.0,0.0,1.0,1.0,1.0,0.0,0.05911,1.0,0.06667,0.0,1.0,1.0,1.0,0.0,1.0
1.0,0.5,1.0,0.5,0.53333,0.5,0.00072,0.53333,0.7,0.0,0.0,0.66667,1.0,0.03111,0.02222,0.97976,0.0,0.95238,1.0,0.79048,1.0,0.95238,0.0,0.96537,1.0,0.07143,0.01205,0.00259,0.66667,0.0,0.64711,1.0,0.78571,0.53333,1.0,1.0,0.5,0.10382,0.5,1.0,1.0,0.0,0.03061,0.75526,0.0,0.0,1.0,1.0,1.0,0.0,0.05911,0.53333,0.33333,0.66667,1.0,0.5,1.0,0.0,1.0
1.0,0.5,1.0,0.5,0.6,0.5,0.00187,0.6,0.73333,0.0,0.0,0.66667,1.0,0.02667,0.01778,0.98211,0.0,0.9619,1.0,0.82857,1.0,0.9619,0.0,0.43093,1.0,0.42857,0.01535,0.00773,0.0,0.0,1.0,1.0,0.5,0.7,1.0,1.0,0.5,0.10382,0.5,1.0,1.0,0.0,0.03061,0.75526,0.0,0.0,1.0,1.0,1.0,0.0,0.05911,0.3,0.13333,1.0,1.0,1.0,1.0,0.0,0.35714
1.0,1.0,1.0,1.0,0.6,0.6,0.00195,0.6,0.8,0.0,0.0,0.66667,0.0,0.02667,0.01778,0.98544,0.0,1.0,1.0,0.79048,1.0,1.0,1.0,0.9998,1.0,0.07143,0.03406,0.00772,0.66667,0.0,0.64659,0.85714,0.5,0.7,1.0,1.0,0.5,0.10382,0.5,1.0,1.0,0.0,0.03061,0.75526,0.0,0.0,1.0,1.0,1.0,0.0,0.05911,0.3,0.33333,0.66667,0.0,0.5,1.0,0.0,1.0
0.0,0.0,0.0,0.0,0.6,0.6,0.00057,0.4,0.0,0.78947,0.0,0.66667,0.0,0.02222,0.01778,0.99926,0.0,0.9619,1.0,0.82857,1.0,0.9619,0.0,0.99646,1.0,0.07143,0.00995,0.00227,0.16667,0.0,0.65217,0.85714,1.0,0.7,1.0,1.0,0.5,0.10382,0.5,1.0,1.0,0.0,0.03061,0.75526,0.0,0.0,1.0,1.0,1.0,0.0,0.152,0.3,0.26667,0.5,0.33333,0.66667,1.0,0.0,1.0
0.5,0.5,0.5,0.5,0.5,0.5,0.03362,0.33333,0.03333,0.0,0.0,0.66667,0.0,0.06667,0.0,0.5,0.5,0.5,0.5,0.5,0.5,0.5,0.5,0.0,0.0,0.35714,0.50329,0.28333,0.2,0.0,0.0,0.5,0.5,0.5,1.0,1.0,0.5,0.5,0.5,1.0,1.0,0.5,0.5,0.5,0.5,0.5,1.0,0.5,0.5,0.5,0.5,0.5,0.4,1.0,1.0,1.0,1.0,0.5,0.5
1.0,0.5,1.0,0.5,0.4,0.5,0.04016,0.4,0.06667,0.0,0.0,0.66667,1.0,0.45333,0.0,0.5,0.5,0.0,1.0,1.0,1.0,0.0,1.0,0.86379,1.0,0.85714,0.50937,0.38497,0.0,0.0,1.0,1.0,0.64286,0.7,1.0,1.0,0.5,0.5,0.5,1.0,1.0,0.5,0.5,0.5,0.5,0.5,1.0,1.0,1.0,0.5,0.5,0.3,0.13333,0.5,1.0,1.0,1.0,0.5,1.0
1.0,0.5,1.0,0.5,0.33333,0.5,0.0407,0.33333,0.1,0.0,0.0,0.66667,1.0,0.57778,0.0,0.0,1.0,0.58095,0.58095,1.0,1.0,0.58095,0.0,0.80504,1.0,0.07143,0.66797,0.40199,0.25,0.0,0.84405,1.0,0.85714,0.7,1.0,1.0,0.5,0.5,0.5,1.0,1.0,0.5,0.5,0.5,0.0,0.0,1.0,1.0,1.0,0.5,0.5,0.3,0.2,0.5,1.0,1.0,1.0,0.25,1.0
1.0,0.5,1.0,0.5,0.4,0.5,0.04286,0.4,0.13333,0.0,0.0,0.66667,1.0,0.52889,0.0,0.97608,0.0,0.86667,1.0,1.0,1.0,0.86667,1.0,0.88269,1.0,0.07143,0.73974,0.39088,0.4,0.0,0.89906,1.0,0.92857,0.7,1.0,1.0,0.5,0.5,0.5,1.0,1.0,0.5,0.5,0.5,0.0,0.0,1.0,1.0,1.0,0.5,0.5,0.3,0.2,0.4,1.0,1.0,1.0,0.4,1.0
1.0,0.5,1.0,0.5,0.4,0.5,0.04354,0.4,0.16667,0.0,0.0,0.66667,1.0,0.46222,0.0,0.89858,0.0,1.0,1.0,1.0,1.0,1.0,1.0,0.89315,1.0,0.07143,0.7414,0.38075,0.4,0.0,0.94381,1.0,1.0,0.7,1.0,1.0,0.5,0.5,0.5,1.0,1.0,0.5,0.5,0.5,0.0,0.0,1.0,1.0,1.0,0.5,0.5,0.3,0.2,0.4,0.5,1.0,1.0,0.4,1.0
1.0,0.5,0.0,0.5,0.33333,0.5,0.04178,0.33333,0.2,0.0,0.0,0.66667,1.0,0.43556,0.0,0.9017,0.0,1.0,1.0,1.0,1.0,1.0,1.0,0.91241,1.0,0.07143,0.69433,0.3489,0.4,0.0,0.91615,1.0,1.0,0.7,1.0,1.0,0.5,0.5,0.5,1.0,1.0,0.5,0.5,0.5,0.0,0.0,1.0,1.0,1.0,0.5,0.5,0.3,0.2,0.4,1.0,1.0,1.0,0.4,1.0
1.0,0.5,0.0,0.5,0.26667,0.5,0.04041,0.26667,0.23333,0.0,0.0,0.66667,1.0,0.43111,0.0,0.90827,0.0,1.0,1.0,1.0,1.0,1.0,0.0,0.90117,1.0,0.07143,0.6816,0.33457,0.2,0.0,0.88764,1.0,1.0,0.7,1.0,1.0,0.5,0.5,0.5,1.0,1.0,0.5,0.5,0.5,0.0,0.0,1.0,1.0,1.0,0.5,0.5,0.3,0.2,0.4,1.0,1.0,1.0,0.4,1.0
1.0,0.5,0.0,0.5,0.33333,0.5,0.03904,0.33333,0.26667,0.0,0.0,0.66667,1.0,0.44444,0.0,0.94633,0.0,1.0,1.0,1.0,1.0,1.0,0.0,0.87173,1.0,0.07143,0.68562,0.34004,0.4,0.0,0.87757,1.0,1.0,0.7,1.0,1.0,0.5,0.5,0.5,1.0,1.0,0.5,0.5,0.5,0.0,0.0,1.0,1.0,1.0,0.5,0.5,0.3,0.2,0.4,1.0,1.0,1.0,0.4,1.0
1.0,0.5,1.0,0.5,0.26667,0.5,0.04162,0.26667,0.3,0.0,0.0,0.66667,1.0,0.44889,0.0,0.96224,0.0,1.0,1.0,1.0,1.0,1.0,0.0,0.86579,1.0,0.07143,0.73806,0.40173,0.2,0.0,0.86851,1.0,1.0,0.7,1.0,1.0,0.5,0.5,0.5,1.0,1.0,0.5,0.5,0.5,0.0,0.0,1.0,1.0,1.0,0.5,0.5,0.3,0.2,0.4,1.0,1.0,1.0,0.4,1.0
1.0,0.5,1.0,0.5,0.26667,0.5,0.04199,0.26667,0.33333,0.0,0.0,0.66667,1.0,0.45333,0.0,0.96651,0.0,1.0,1.0,1.0,1.0,1.0,0.0,0.8625,1.0,0.07143,0.74845,0.40034,0.2,0.0,0.87067,1.0,1.0,0.7,1.0,1.0,0.5,0.5,0.5,1.0,1.0,0.5,0.5,0.5,0.0,0.0,1.0,1.0,1.0,0.5,0.5,0.3,0.2,0.4,1.0,1.0,1.0,0.4,1.0
1.0,0.5,0.0,0.5,0.26667,0.5,0.04021,0.26667,0.36667,0.0,0.0,0.66667,1.0,0.44444,0.0,0.9698,0.0,1.0,1.0,1.0,1.0,1.0,0.0,0.85509,1.0,0.07143,0.72449,0.37467,0.2,0.0,0.86918,1.0,1.0,0.7,1.0,1.0,0.5,0.5,0.5,1.0,1.0,0.5,0.5,0.5,0.0,0.0,1.0,1.0,1.0,0.5,0.5,0.3,0.2,0.4,1.0,1.0,1.0,0.4,1.0
0.5,0.5,0.5,0.5,0.5,0.5,0.04211,0.33333,0.03333,0.0,0.0,0.66667,0.0,0.06667,0.0,0.5,0.5,0.5,0.5,0.5,0.5,0.5,0.5,0.0,0.0,0.42857,0.63728,0.35593,0.33333,0.0,0.0,0.5,0.5,0.5,1.0,1.0,0.5,0.5,0.5,1.0,1.0,0.5,0.5,0.5,0.5,0.5,1.0,0.5,0.5,0.5,0.5,0.53333,0.46667,1.0,1.0,1.0,1.0,0.5,0.5
1.0,1.0,1.0,1.0,0.33333,0.4,0.04836,0.4,0.1,0.0,0.0,0.66667,0.0,0.45778,0.0,0.9239,0.0,1.0,1.0,1.0,1.0,0.53333,0.0,0.72778,1.0,0.07143,1.0,0.41492,0.66667,0.0,0.85104,0.92857,0.42857,0.7,1.0,1.0,0.5,0.5,0.5,1.0,1.0,0.5,0.5,0.5,0.0,0.0,1.0,1.0,1.0,0.5,0.5,0.3,0.4,0.83333,0.4,1.0,1.0,1.0,0.78571
1.0,0.5,0.0,0.5,0.4,0.5,0.04797,0.4,0.13333,0.0,0.0,0.66667,1.0,0.44889,0.0,0.87145,0.0,1.0,1.0,1.0,1.0,1.0,0.0,0.71394,1.0,0.14286,0.89097,0.4253,0.6,0.0,0.87391,1.0,0.92857,0.7,1.0,1.0,0.5,0.5,0.5,1.0,1.0,0.5,0.5,0.5,0.0,0.0,1.0,1.0,1.0,0.5,0.5,0.3,0.33333,0.8,1.0,1.0,1.0,0.8,1.0
1.0,0.5,1.0,0.5,0.33333,0.5,0.04804,0.33333,0.16667,0.0,0.0,0.66667,1.0,0.42667,0.0,0.87812,0.0,1.0,1.0,1.0,1.0,1.0,0.0,0.70808,1.0,0.07143,1.0,0.43003,0.5,0.0,0.89785,1.0,0.92857,0.7,1.0,1.0,0.5,0.5,0.5,1.0,1.0,0.5,0.5,0.5,0.0,0.0,1.0,1.0,1.0,0.5,0.5,0.3,0.4,0.83333,1.0,1.0,1.0,0.66667,1.0
1.0,0.5,1.0,0.5,0.4,0.5,0.04808,0.4,0.2,0.0,0.0,0.66667,1.0,0.41778,0.0,0.90017,0.0,1.0,1.0,1.0,1.0,1.0,0.0,0.70128,1.0,0.07143,1.0,0.43551,0.66667,0.0,0.91266,1.0,1.0,0.7,1.0,1.0,0.5,0.5,0.5,1.0,1.0,0.5,0.5,0.5,0.0,0.0,1.0,1.0,1.0,0.5,0.5,0.3,0.33333,0.66667,1.0,1.0,1.0,0.83333,1.0
1.0,0.5,0.0,0.5,0.4,0.5,0.04797,0.4,0.23333,0.0,0.0,0.66667,1.0,0.39111,0.0,0.92184,0.0,1.0,1.0,1.0,1.0,1.0,0.0,0.69175,1.0,0.07143,1.0,0.43547,0.66667,0.0,0.93082,1.0,1.0,0.7,1.0,1.0,0.5,0.5,0.5,1.0,1.0,0.5,0.5,0.5,0.0,0.0,1.0,1.0,1.0,0.5,0.5,0.3,0.4,0.83333,1.0,1.0,1.0,0.66667,1.0
1.0,0.5,0.0,0.5,0.4,0.5,0.0477,0.4,0.26667,0.0,0.0,0.66667,1.0,0.37778,0.0,0.95052,0.0,1.0,1.0,1.0,1.0,1.0,0.0,0.68094,1.0,0.07143,1.0,0.43819,0.66667,0.0,0.93929,1.0,1.0,0.7,1.0,1.0,0.5,0.5,0.5,1.0,1.0,0.5,0.5,0.5,0.0,0.0,1.0,1.0,1.0,0.5,0.5,0.3,0.4,0.83333,1.0,1.0,1.0,0.83333,1.0
1.0,0.5,0.0,0.5,0.4,0.5,0.04737,0.4,0.3,0.0,0.0,0.66667,1.0,0.37333,0.0,0.96963,0.0,1.0,1.0,1.0,1.0,1.0,0.0,0.67334,1.0,0.07143,1.0,0.43759,0.66667,0.0,0.94874,1.0,1.0,0.7,1.0,1.0,0.5,0.5,0.5,1.0,1.0,0.5,0.5,0.5,0.0,0.0,1.0,1.0,1.0,0.5,0.5,0.3,0.33333,0.66667,1.0,1.0,1.0,0.83333,1.0
1.0,0.5,0.0,0.5,0.33333,0.5,0.04697,0.33333,0.33333,0.0,0.0,0.66667,1.0,0.38222,0.0,0.0,0.99216,1.0,1.0,1.0,1.0,1.0,1.0,0.99974,1.0,0.14286,0.93917,0.43083,0.42857,0.0,0.95755,1.0,0.92857,0.7,1.0,1.0,0.5,0.5,0.5,1.0,1.0,0.5,0.5,0.5,0.0,0.0,1.0,1.0,1.0,0.5,0.5,0.3,0.33333,0.57143,1.0,1.0,1.0,0.57143,1.0
1.0,0.5,0.0,0.5,0.33333,0.5,0.0463,0.33333,0.36667,0.0,0.0,0.66667,1.0,0.39111,0.0,0.0,0.9789,1.0,1.0,1.0,1.0,1.0,0.0,0.97902,1.0,0.14286,0.90575,0.4232,0.42857,0.0,0.95303,1.0,1.0,0.7,1.0,1.0,0.5,0.5,0.5,1.0,1.0,0.5,0.5,0.5,0.0,0.0,1.0,1.0,1.0,0.5,0.5,0.3,0.4,0.71429,1.0,1.0,1.0,0.57143,1.0
1.0,0.5,1.0,0.5,0.33333,0.5,0.04679,0.33333,0.4,0.0,0.0,0.66667,1.0,0.4,0.0,0.995,0.0,0.86667,1.0,1.0,1.0,0.86667,0.0,0.91925,1.0,0.07143,0.90158,0.42743,0.42857,0.0,0.94965,1.0,1.0,0.7,1.0,1.0,0.5,0.5,0.5,1.0,1.0,0.5,0.5,0.5,0.0,0.0,1.0,1.0,1.0,0.5,0.5,0.3,0.46667,0.85714,1.0,1.0,1.0,0.71429,1.0
1.0,0.5,1.0,0.5,0.33333,0.5,0.04807,0.33333,0.43333,0.0,0.0,0.66667,1.0,0.4,0.0,0.97156,0.0,1.0,1.0,1.0,1.0,1.0,0.0,0.91646,1.0,0.07143,0.92482,0.4435,0.42857,0.0,0.94917,1.0,1.0,0.7,1.0,1.0,0.5,0.5,0.5,1.0,1.0,0.5,0.5,0.5,0.0,0.0,1.0,1.0,1.0,0.5,0.5,0.3,0.46667,0.85714,1.0,1.0,1.0,0.85714,1.0
1.0,0.5,1.0,0.5,0.4,0.5,0.04964,0.4,0.46667,0.0,0.0,0.66667,1.0,0.38222,0.0,0.96416,0.0,1.0,1.0,1.0,1.0,1.0,1.0,0.92165,1.0,0.07143,0.95729,0.46003,0.57143,0.0,0.9507,1.0,1.0,0.7,1.0,1.0,0.5,0.5,0.5,1.0,1.0,0.5,0.5,0.5,0.0,0.0,1.0,1.0,1.0,0.5,0.5,0.3,0.46667,0.85714,1.0,1.0,1.0,0.85714,1.0
1.0,0.5,0.0,0.5,0.4,0.5,0.04795,0.4,0.5,0.0,0.0,0.66667,1.0,0.38222,0.0,0.96488,0.0,1.0,1.0,1.0,1.0,1.0,1.0,0.92871,1.0,0.07143,0.9274,0.44785,0.57143,0.0,0.95163,1.0,1.0,0.7,1.0,1.0,0.5,0.5,0.5,1.0,1.0,0.5,0.5,0.5,0.0,0.0,1.0,1.0,1.0,0.5,0.5,0.3,0.4,0.71429,1.0,1.0,1.0,0.85714,1.0
1.0,0.5,0.0,0.5,0.4,0.5,0.04627,0.4,0.53333,0.0,0.0,0.66667,1.0,0.37333,0.0,0.97001,0.0,1.0,1.0,1.0,1.0,1.0,1.0,0.93702,1.0,0.07143,0.8982,0.4349,0.57143,0.0,0.95286,1.0,1.0,0.7,1.0,1.0,0.5,0.5,0.5,1.0,1.0,0.5,0.5,0.5,0.0,0.0,1.0,1.0,1.0,0.5,0.5,0.3,0.46667,0.85714,0.83333,1.0,1.0,0.71429,1.0
1.0,0.5,0.0,0.5,0.33333,0.5,0.04567,0.33333,0.56667,0.0,0.0,0.66667,1.0,0.39111,0.0,0.97761,0.0,1.0,1.0,1.0,1.0,1.0,1.0,0.95043,1.0,0.07143,0.89227,0.43429,0.42857,0.0,0.95586,1.0,1.0,0.7,1.0,1.0,0.5,0.5,0.5,1.0,1.0,0.5,0.5,0.5,0.0,0.0,1.0,1.0,1.0,0.5,0.5,0.3,0.4,0.71429,0.8,1.0,1.0,0.85714,1.0
1.0,0.5,1.0,0.5,0.33333,0.5,0.04667,0.33333,0.6,0.0,0.0,0.66667,1.0,0.38222,0.0,0.9827,0.0,1.0,1.0,1.0,1.0,1.0,1.0,0.96273,1.0,0.07143,0.91709,0.44753,0.42857,0.0,0.95836,1.0,1.0,0.7,1.0,1.0,0.5,0.5,0.5,1.0,1.0,0.5,0.5,0.5,0.0,0.0,1.0,1.0,1.0,0.5,0.5,0.3,0.46667,0.85714,0.83333,1.0,1.0,0.71429,1.0
1.0,0.5,1.0,0.5,0.4,0.5,0.04786,0.4,0.63333,0.0,0.0,0.66667,1.0,0.37778,0.0,0.98767,0.0,1.0,1.0,1.0,1.0,1.0,1.0,0.9726,1.0,0.07143,0.9449,0.46115,0.57143,0.0,0.96223,1.0,1.0,0.7,1.0,1.0,0.5,0.5,0.5,1.0,1.0,0.5,0.5,0.5,0.0,0.0,1.0,1.0,1.0,0.5,0.5,0.3,0.4,0.71429,1.0,1.0,1.0,0.85714,1.0
1.0,0.5,0.0,0.5,0.4,0.5,0.04756,0.4,0.66667,0.0,0.0,0.66667,1.0,0.37333,0.0,0.99084,0.0,1.0,0.86667,1.0,1.0,1.0,1.0,0.98159,1.0,0.07143,0.94296,0.46243,0.57143,0.0,0.96632,1.0,1.0,0.7,1.0,1.0,0.5,0.5,0.5,1.0,1.0,0.5,0.5,0.5,0.0,0.0,1.0,1.0,1.0,0.5,0.5,0.3,0.46667,0.85714,1.0,1.0,1.0,0.71429,1.0
1.0,0.5,0.0,0.5,0.4,0.5,0.04565,0.4,0.7,0.0,0.0,0.66667,1.0,0.36444,0.0,0.99294,0.0,1.0,0.86667,1.0,1.0,1.0,1.0,0.99017,1.0,0.07143,0.9089,0.44606,0.57143,0.0,0.96781,1.0,1.0,0.7,1.0,1.0,0.5,0.5,0.5,1.0,1.0,0.5,0.5,0.5,0.0,0.0,1.0,1.0,1.0,0.5,0.5,0.3,0.4,0.71429,0.8,1.0,1.0,0.85714,1.0
0.0,1.0,0.0,0.0,0.33333,0.26667,0.0424,0.33333,0.8,0.0,0.0,0.66667,0.0,0.36,0.0,0.99932,0.0,1.0,1.0,1.0,1.0,1.0,0.0,0.98123,1.0,0.07143,0.85645,0.42026,0.42857,0.0,0.97294,1.0,1.0,0.7,1.0,1.0,0.5,0.5,0.5,1.0,1.0,0.5,0.5,0.5,0.0,0.0,1.0,1.0,1.0,0.5,0.5,0.3,0.46667,0.85714,1.0,1.0,1.0,0.85714,1.0
1.0,0.5,1.0,0.5,0.4,0.5,0.0485,0.4,0.83333,0.0,0.0,0.66667,1.0,0.36,0.0,0.99832,0.0,1.0,1.0,1.0,1.0,1.0,0.0,0.9723,1.0,0.07143,0.98411,0.48345,0.57143,0.0,0.97565,1.0,1.0,0.7,1.0,1.0,0.5,0.5,0.5,1.0,1.0,0.5,0.5,0.5,0.0,0.0,1.0,1.0,1.0,0.5,0.5,0.3,0.4,0.71429,0.8,1.0,1.0,0.85714,1.0
1.0,0.5,1.0,0.5,0.4,0.5,0.04851,0.4,0.86667,0.0,0.0,0.66667,1.0,0.36,0.0,0.99998,0.0,1.0,1.0,1.0,1.0,1.0,0.0,0.96095,1.0,0.07143,0.99001,0.48847,0.57143,0.0,0.97783,1.0,1.0,0.7,1.0,1.0,0.5,0.5,0.5,1.0,1.0,0.5,0.5,0.5,0.0,0.0,1.0,1.0,1.0,0.5,0.5,0.3,0.4,0.71429,0.8,1.0,1.0,0.71429,1.0
1.0,0.5,0.0,0.5,0.4,0.5,0.0465,0.4,0.9,0.0,0.0,0.66667,1.0,0.36,0.0,0.0,0.99866,1.0,0.92381,1.0,1.0,1.0,0.0,0.94905,1.0,0.07143,0.95497,0.47131,0.57143,0.0,0.98016,1.0,1.0,0.7,1.0,1.0,0.5,0.5,0.5,1.0,1.0,0.5,0.5,0.5,0.0,0.0,1.0,1.0,1.0,0.5,0.5,0.3,0.46667,0.85714,1.0,1.0,1.0,0.71429,1.0
1.0,0.5,0.0,0.5,0.4,0.5,0.04424,0.4,0.93333,0.0,0.0,0.66667,1.0,0.35556,0.0,0.0,0.99848,1.0,0.92381,1.0,1.0,1.0,0.0,0.93739,1.0,0.07143,0.91403,0.45287,0.57143,0.0,0.98135,1.0,1.0,0.7,1.0,1.0,0.5,0.5,0.5,1.0,1.0,0.5,0.5,0.5,0.0,0.0,1.0,1.0,1.0,0.5,0.5,0.3,0.46667,0.85714,1.0,1.0,1.0,0.85714,1.0
0.5,0.5,0.5,0.5,0.5,0.5,0.03821,0.13333,0.2,0.0,0.0,0.66667,0.0,0.06667,0.0,0.98973,0.0,0.9619,0.97143,1.0,1.0,0.5,0.0,0.58878,1.0,0.21429,0.5605,0.38937,0.0,1.0,1.0,0.85714,0.5,0.7,1.0,1.0,0.5,0.5,0.5,1.0,1.0,0.5,0.5,0.5,0.0,0.0,1.0,1.0,1.0,0.5,0.5,0.3,0.13333,1.0,1.0,1.0,1.0,0.0,0.5
0.0,0.0,0.0,0.0,0.13333,0.13333,0.01144,0.06667,0.8,0.0,0.0,0.66667,0.0,0.06667,0.0,0.0,0.99999,0.99048,0.99048,1.0,1.0,0.97143,1.0,0.57597,1.0,0.07143,0.32585,0.19463,0.0,1.0,1.0,0.92857,0.85714,0.7,1.0,1.0,0.5,0.5,0.5,1.0,1.0,0.5,0.5,0.5,0.0,0.0,1.0,1.0,1.0,0.5,0.5,0.3,0.13333,1.0,1.0,1.0,1.0,0.0,1.0
0.0,0.5,0.0,0.5,0.06667,0.5,0.00982,0.06667,0.83333,0.0,0.0,0.66667,1.0,0.06667,0.0,0.0,0.99794,0.99048,1.0,1.0,1.0,0.99048,0.0,0.56404,1.0,0.14286,0.18954,0.10469,0.0,0.0,0.5,1.0,0.85714,0.7,1.0,1.0,0.5,0.5,0.5,1.0,1.0,0.5,0.5,0.5,0.0,0.0,1.0,1.0,1.0,0.5,0.5,1.0,0.06667,0.0,1.0,1.0,1.0,0.0,1.0
0.0,0.5,0.0,0.5,0.06667,0.5,0.00933,0.06667,0.86667,0.0,0.0,0.66667,1.0,0.06667,0.0,0.0,0.99987,1.0,1.0,1.0,1.0,1.0,0.0,0.56262,1.0,0.14286,0.18115,0.0996,0.0,0.0,0.5,1.0,1.0,0.7,1.0,1.0,0.5,0.5,0.5,1.0,1.0,0.5,0.5,0.5,0.0,0.0,1.0,1.0,1.0,0.5,0.5,1.0,0.06667,0.0,1.0,1.0,1.0,0.0,0.07143
0.0,0.0,0.0,0.0,0.06667,0.06667,0.00912,0.06667,0.93333,0.0,0.0,0.66667,0.0,0.06667,0.0,0.99888,0.0,0.99048,0.99048,1.0,1.0,0.99048,1.0,0.58161,1.0,0.07143,0.25083,0.1434,0.0,0.0,0.5,0.85714,0.85714,0.7,1.0,1.0,0.5,0.5,0.5,1.0,1.0,0.5,0.5,0.5,0.0,0.0,1.0,1.0,1.0,0.5,0.5,1.0,0.06667,0.0,1.0,1.0,1.0,0.0,0.07143
0.0,0.5,0.0,0.5,0.06667,0.5,0.00911,0.06667,0.96667,0.0,0.0,0.66667,1.0,0.06667,0.0,0.99808,0.0,1.0,0.99048,1.0,1.0,1.0,1.0,0.58199,1.0,0.07143,0.24933,0.14242,0.0,0.0,0.5,1.0,1.0,0.7,1.0,1.0,0.5,0.5,0.5,1.0,1.0,0.5,0.5,0.5,0.0,0.0,1.0,1.0,1.0,0.5,0.5,1.0,0.06667,0.0,1.0,1.0,1.0,0.0,0.07143
0.0,0.5,0.0,0.5,0.06667,0.5,0.0091,0.06667,1.0,0.0,0.0,0.66667,1.0,0.06667,0.0,0.99787,0.0,1.0,0.99048,1.0,1.0,1.0,1.0,0.58215,1.0,0.07143,0.24876,0.14205,0.0,0.0,0.5,1.0,1.0,0.7,1.0,1.0,0.5,0.5,0.5,1.0,1.0,0.5,0.5,0.5,0.0,0.0,1.0,1.0,1.0,0.5,0.5,1.0,0.06667,0.0,1.0,1.0,1.0,0.0,0.07143
0.5,0.5,0.5,0.5,0.5,0.5,0.06362,0.53333,0.06667,0.0,0.0,0.66667,0.0,0.10222,0.0,0.5,0.5,0.94286,0.90476,1.0,1.0,0.5,1.0,0.65077,1.0,0.07143,1.0,0.90102,0.66667,0.0,0.42188,0.92857,0.5,0.7,1.0,1.0,0.5,0.5,0.5,1.0,1.0,0.5,0.5,0.5,0.5,0.5,1.0,1.0,1.0,0.5,0.5,0.36667,0.26667,1.0,0.0,1.0,1.0,1.0,0.5
1.0,0.5,1.0,0.5,0.6,0.5,0.07388,0.6,0.1,0.0,0.0,0.66667,1.0,0.12444,0.00444,0.47811,0.0,0.91429,0.91429,1.0,1.0,0.91429,1.0,0.80782,1.0,0.14286,1.0,0.63496,0.66667,0.0,0.9621,1.0,0.85714,0.7,1.0,1.0,0.5,0.5,0.5,1.0,1.0,0.5,0.5,0.5,0.0,0.0,1.0,1.0,1.0,0.5,0.5,0.3,0.2,0.66667,1.0,1.0,1.0,0.66667,0.5
0.0,1.0,0.0,1.0,0.53333,0.73333,0.08144,0.8,0.2,0.0,0.0,0.66667,0.0,0.32889,0.01778,0.98366,0.0,0.89524,1.0,0.66667,1.0,0.48571,0.0,0.92197,1.0,0.35714,1.0,1.0,1.0,0.0,0.85142,0.64286,0.64286,0.7,1.0,1.0,0.5,0.5,0.5,1.0,1.0,0.5,0.5,0.5,0.0,0.0,1.0,1.0,1.0,0.5,0.5,0.3,0.33333,0.66667,0.75,0.75,1.0,0.66667,1.0
0.0,0.0,0.0,0.0,0.66667,0.53333,0.00109,0.46667,0.0,0.75,0.0,0.66667,0.0,0.03556,0.06222,0.99609,0.0,1.0,1.0,0.77143,0.92381,0.53333,1.0,0.64027,1.0,0.28571,0.01212,0.0061,0.0,0.0,0.8402,0.5,0.5,0.7,1.0,1.0,0.5,0.5,0.5,1.0,1.0,0.5,0.5,0.5,0.0,0.0,1.0,1.0,1.0,1.0,0.484,1.0,0.06667,0.0,1.0,0.0,1.0,0.0,1.0
0.5,0.5,0.5,0.5,0.5,0.5,0.05585,0.33333,0.03333,0.0,0.0,0.66667,0.0,0.06667,0.0,0.5,0.5,0.5,0.5,0.5,0.5,0.5,0.5,0.0,0.0,0.28571,0.69242,0.51075,0.0,0.0,0.0,0.5,0.5,0.5,1.0,1.0,0.5,0.5,0.5,1.0,1.0,0.5,0.5,0.5,0.5,0.5,1.0,0.5,0.5,0.5,0.5,0.5,0.33333,1.0,1.0,1.0,1.0,0.5,0.5
1.0,1.0,1.0,1.0,0.33333,0.4,0.06189,0.4,0.1,0.0,0.0,0.66667,0.0,0.18222,0.00444,0.34868,0.0,0.80952,0.81905,1.0,1.0,0.64762,1.0,0.76371,1.0,0.57143,0.98812,0.59116,0.375,0.0,0.88456,1.0,0.42857,0.53333,1.0,1.0,0.5,0.5,0.5,1.0,1.0,0.5,0.5,0.5,0.0,0.0,1.0,1.0,1.0,0.5,0.5,0.46667,0.33333,0.5,1.0,1.0,1.0,0.0,1.0
0.0,0.0,0.0,0.0,0.4,0.4,0.03639,0.6,0.0,0.96774,0.0,0.66667,0.0,0.16444,0.03111,0.95695,0.0,0.95238,1.0,0.89524,0.88571,0.70476,1.0,0.83287,1.0,0.21429,0.62015,0.18794,0.75,0.0,0.74074,0.5,0.57143,0.0,0.86667,0.99806,1.0,0.5,1.0,1.0,0.66667,0.5,0.5,0.5,0.0,0.0,1.0,1.0,1.0,0.29515,0.48803,1.0,0.06667,0.0,1.0,0.0,1.0,0.0,1.0
0.0,0.5,0.0,0.5,0.6,0.5,0.03248,0.6,0.0,0.9375,0.0,0.66667,1.0,0.15556,0.03111,0.97046,0.0,0.94286,1.0,0.88571,1.0,0.94286,1.0,0.87331,1.0,0.21429,0.60828,0.15255,0.8,0.0,0.65716,1.0,0.92857,0.36667,0.93333,0.99999,1.0,1.0,1.0,1.0,0.85714,0.5,0.5,0.5,0.0,0.0,1.0,1.0,1.0,0.29515,0.48803,0.63333,0.13333,0.2,1.0,1.0,1.0,0.0,1.0
0.0,0.0,0.0,0.0,0.53333,0.53333,0.011,0.4,0.0,0.76923,0.0,0.66667,0.0,0.12444,0.04,0.0,0.97983,1.0,1.0,0.79048,1.0,0.85714,0.0,0.8826,1.0,0.14286,0.20609,0.0442,0.2,0.0,0.80633,0.57143,0.85714,0.7,1.0,1.0,0.5,1.0,0.5,1.0,1.0,0.5,0.5,0.5,0.0,0.0,1.0,1.0,1.0,0.29515,0.48803,0.3,0.13333,0.2,1.0,0.0,1.0,0.0,1.0
0.5,0.5,0.5,0.5,0.5,0.5,0.23784,1.0,0.2,0.0,0.5,0.0,0.0,0.64,0.0,0.89653,0.0,1.0,1.0,1.0,1.0,0.5,0.0,0.15513,0.38782,0.0,1.0,1.0,1.0,0.0,1.0,1.0,0.5,0.7,1.0,1.0,0.5,0.5,0.5,1.0,1.0,0.5,0.5,0.5,0.0,0.0,1.0,1.0,1.0,0.5,0.5,0.3,0.6,1.0,1.0,1.0,1.0,1.0,0.5
0.0,1.0,0.0,0.0,0.8,1.0,0.23672,0.8,0.46667,0.0,0.5,0.0,0.0,0.48,0.0,0.98943,0.0,1.0,1.0,1.0,1.0,1.0,0.0,0.06648,0.16619,0.0,1.0,0.99764,0.5,0.0,1.0,1.0,1.0,0.7,1.0,1.0,0.5,0.5,0.5,1.0,1.0,0.5,0.5,0.5,0.0,0.0,1.0,1.0,1.0,0.5,0.5,0.3,0.6,1.0,1.0,1.0,1.0,1.0,1.0
1.0,0.5,1.0,0.5,1.0,0.5,0.2449,1.0,0.5,0.0,0.5,0.0,1.0,0.48,0.0,0.99153,0.0,1.0,1.0,1.0,1.0,1.0,0.0,0.06284,0.15711,0.0,1.0,1.0,1.0,0.0,1.0,1.0,1.0,0.7,1.0,1.0,0.5,0.5,0.5,1.0,1.0,0.5,0.5,0.5,0.0,0.0,1.0,1.0,1.0,0.5,0.5,0.3,0.6,1.0,1.0,1.0,1.0,1.0,1.0
1.0,0.5,1.0,0.5,1.0,0.5,0.24512,1.0,0.53333,0.0,0.5,0.0,1.0,0.48,0.0,0.99397,0.0,1.0,1.0,1.0,1.0,1.0,0.0,0.05991,0.14979,0.0,1.0,1.0,1.0,0.0,1.0,1.0,1.0,0.7,1.0,1.0,0.5,0.5,0.5,1.0,1.0,0.5,0.5,0.5,0.0,0.0,1.0,1.0,1.0,0.5,0.5,0.3,0.6,1.0,1.0,1.0,1.0,1.0,1.0
1.0,0.5,1.0,0.5,1.0,0.5,0.24788,1.0,0.56667,0.0,0.5,0.0,1.0,0.48,0.0,0.0,0.99208,1.0,1.0,1.0,1.0,1.0,0.0,0.04644,0.1161,0.0,1.0,1.0,1.0,0.0,1.0,1.0,1.0,0.7,1.0,1.0,0.5,0.5,0.5,1.0,1.0,0.5,0.5,0.5,0.0,0.0,1.0,1.0,1.0,0.5,0.5,0.3,0.6,1.0,1.0,1.0,1.0,1.0,1.0
1.0,0.5,0.0,0.5,1.0,0.5,0.24398,1.0,0.6,0.0,0.5,0.0,1.0,0.52,0.0,0.0,0.98513,1.0,1.0,1.0,1.0,1.0,0.0,0.03878,0.09696,0.0,1.0,1.0,1.0,0.0,1.0,1.0,1.0,0.7,1.0,1.0,0.5,0.5,0.5,1.0,1.0,0.5,0.5,0.5,0.0,0.0,1.0,1.0,1.0,0.5,0.5,0.3,0.6,1.0,1.0,1.0,1.0,1.0,1.0
1.0,0.5,1.0,0.5,1.0,0.5,0.24779,1.0,0.63333,0.0,0.5,0.0,1.0,0.48,0.0,0.0,0.99343,1.0,1.0,1.0,1.0,1.0,0.0,0.03528,0.08819,0.0,1.0,1.0,1.0,0.0,1.0,1.0,1.0,0.7,1.0,1.0,0.5,0.5,0.5,1.0,1.0,0.5,0.5,0.5,0.0,0.0,1.0,1.0,1.0,0.5,0.5,0.3,0.6,1.0,1.0,1.0,1.0,1.0,1.0
1.0,0.5,0.0,0.5,1.0,0.5,0.24401,1.0,0.66667,0.0,0.5,0.0,1.0,0.48,0.0,0.0,0.99987,1.0,1.0,1.0,1.0,1.0,0.0,0.03371,0.08427,0.0,1.0,1.0,1.0,0.0,1.0,1.0,1.0,0.7,1.0,1.0,0.5,0.5,0.5,1.0,1.0,0.5,0.5,0.5,0.0,0.0,1.0,1.0,1.0,0.5,0.5,0.3,0.6,1.0,1.0,1.0,1.0,1.0,1.0
0.5,0.5,0.5,0.5,0.5,0.5,0.21171,1.0,0.46667,0.0,0.5,0.0,0.0,0.52,0.0,0.99597,0.0,1.0,1.0,1.0,1.0,0.5,0.0,0.23984,0.5996,0.0,1.0,1.0,1.0,0.0,0.99429,1.0,0.5,0.7,1.0,1.0,0.5,0.5,0.5,1.0,1.0,0.5,0.5,0.5,0.0,0.0,1.0,1.0,1.0,0.5,0.5,0.3,0.6,1.0,1.0,1.0,1.0,1.0,0.5
1.0,0.5,1.0,0.5,1.0,0.5,0.21302,1.0,0.5,0.0,0.5,0.0,1.0,0.52,0.0,0.9975,0.0,1.0,1.0,1.0,1.0,1.0,0.0,0.23757,0.59392,0.0,1.0,1.0,1.0,0.0,0.99556,1.0,1.0,0.7,1.0,1.0,0.5,0.5,0.5,1.0,1.0,0.5,0.5,0.5,0.0,0.0,1.0,1.0,1.0,0.5,0.5,0.3,0.6,1.0,1.0,1.0,1.0,1.0,1.0
1.0,0.5,1.0,0.5,1.0,0.5,0.21332,1.0,0.53333,0.0,0.5,0.0,1.0,0.52,0.0,0.99839,0.0,1.0,1.0,1.0,1.0,1.0,0.0,0.2356,0.589,0.0,1.0,1.0,1.0,0.0,0.99655,1.0,1.0,0.7,1.0,1.0,0.5,0.5,0.5,1.0,1.0,0.5,0.5,0.5,0.0,0.0,1.0,1.0,1.0,0.5,0.5,0.3,0.6,1.0,1.0,1.0,1.0,1.0,1.0
1.0,0.5,0.0,0.5,1.0,0.5,0.20892,1.0,0.56667,0.0,0.5,0.0,1.0,0.52,0.0,0.9988,0.0,1.0,1.0,1.0,1.0,1.0,0.0,0.23372,0.58431,0.0,1.0,1.0,1.0,0.0,0.9965,1.0,1.0,0.7,1.0,1.0,0.5,0.5,0.5,1.0,1.0,0.5,0.5,0.5,0.0,0.0,1.0,1.0,1.0,0.5,0.5,0.3,0.6,1.0,1.0,1.0,1.0,1.0,1.0
1.0,0.5,0.0,0.5,0.8,0.5,0.20584,0.8,0.6,0.0,0.5,0.0,1.0,0.52,0.0,0.99953,0.0,1.0,1.0,1.0,1.0,1.0,0.0,0.23043,0.57608,0.0,1.0,0.99633,0.5,0.0,0.99747,1.0,1.0,0.7,1.0,1.0,0.5,0.5,0.5,1.0,1.0,0.5,0.5,0.5,0.0,0.0,1.0,1.0,1.0,0.5,0.5,0.3,0.6,1.0,1.0,1.0,1.0,1.0,1.0
0.5,0.5,0.5,0.5,0.5,0.5,0.37267,0.8,0.36667,0.0,0.5,0.0,0.0,0.28,0.08,0.97321,0.0,1.0,1.0,0.7,0.7,0.5,1.0,0.917,1.0,0.5,1.0,1.0,1.0,0.0,1.0,1.0,0.5,0.7,1.0,1.0,0.5,0.5,0.5,1.0,1.0,0.5,0.5,0.5,0.0,0.0,1.0,1.0,1.0,0.5,0.5,1.0,0.2,1.0,1.0,1.0,1.0,1.0,0.5
0.0,0.0,0.0,1.0,0.8,0.8,0.38905,0.8,0.43333,0.0,0.5,0.0,0.0,0.24,0.12,0.99605,0.0,0.7,1.0,0.6,1.0,0.7,1.0,0.9753,1.0,0.75,1.0,1.0,1.0,0.0,1.0,0.75,1.0,0.7,1.0,1.0,0.5,0.5,0.5,1.0,1.0,0.5,0.5,0.5,0.0,0.0,1.0,1.0,1.0,0.5,0.5,1.0,0.2,1.0,1.0,1.0,1.0,1.0,0.5
1.0,0.5,1.0,0.5,0.8,0.5,0.43186,0.8,0.46667,0.0,0.5,0.0,1.0,0.24,0.12,0.99171,0.0,1.0,1.0,0.6,1.0,1.0,0.0,0.83995,1.0,0.75,1.0,1.0,1.0,0.0,1.0,1.0,1.0,0.7,1.0,1.0,0.5,0.5,0.5,1.0,1.0,0.5,0.5,0.5,0.0,0.0,1.0,1.0,1.0,0.5,0.5,1.0,0.2,1.0,1.0,1.0,1.0,1.0,0.5
1.0,0.5,1.0,0.5,0.8,0.5,0.4545,0.8,0.5,0.0,0.5,0.0,1.0,0.2,0.12,0.99138,0.0,1.0,1.0,0.6,1.0,1.0,0.0,0.73926,1.0,0.75,1.0,1.0,1.0,0.0,1.0,1.0,1.0,0.7,1.0,1.0,0.5,0.5,0.5,1.0,1.0,0.5,0.5,0.5,0.0,0.0,1.0,1.0,1.0,0.5,0.5,1.0,0.2,1.0,1.0,1.0,1.0,1.0,0.25
1.0,0.5,1.0,0.5,0.8,0.5,0.46113,0.8,0.53333,0.0,0.5,0.0,1.0,0.2,0.12,0.99342,0.0,1.0,1.0,0.6,1.0,1.0,0.0,0.71105,1.0,0.75,1.0,1.0,1.0,0.0,1.0,1.0,1.0,0.7,1.0,1.0,0.5,0.5,0.5,1.0,1.0,0.5,0.5,0.5,0.0,0.0,1.0,1.0,1.0,0.5,0.5,1.0,0.2,1.0,1.0,1.0,1.0,1.0,0.25
0.5,0.5,0.5,0.5,0.5,0.5,0.27367,1.0,0.23333,0.0,0.5,0.0,0.0,0.6,0.04,0.97035,0.0,0.8,1.0,1.0,1.0,0.5,0.0,0.79582,1.0,0.0,1.0,1.0,1.0,0.0,1.0,1.0,0.5,0.7,1.0,1.0,0.5,0.5,0.5,1.0,1.0,0.5,0.5,0.5,0.0,0.0,1.0,1.0,1.0,0.76364,0.54137,0.4,0.4,1.0,1.0,1.0,1.0,1.0,0.5
0.0,0.0,0.0,0.0,0.6,0.4,0.10147,0.4,0.43333,0.0,0.5,0.0,0.0,0.36,0.04,0.9904,0.0,1.0,1.0,1.0,1.0,0.8,0.0,0.69694,1.0,0.0,0.43543,0.27831,0.0,0.0,0.86723,0.75,1.0,0.7,1.0,1.0,0.5,0.5,0.5,1.0,1.0,0.5,0.5,0.5,0.0,0.0,1.0,1.0,1.0,0.76364,0.54137,1.0,0.2,0.0,1.0,0.0,1.0,1.0,0.75
0.5,0.5,0.5,0.5,0.5,0.5,0.21046,0.6,0.23333,0.0,0.5,0.0,0.0,0.52,0.0,0.97404,0.0,1.0,1.0,1.0,1.0,0.5,0.0,0.15812,0.3953,0.0,0.98509,0.93294,0.5,0.0,0.99067,1.0,0.5,0.7,1.0,1.0,0.5,0.5,0.5,1.0,1.0,0.5,0.5,0.5,0.0,0.0,1.0,1.0,1.0,0.5,0.5,0.3,0.6,1.0,1.0,1.0,1.0,1.0,0.5
1.0,0.5,0.0,0.5,0.6,0.5,0.20808,0.6,0.26667,0.0,0.5,0.0,1.0,0.52,0.0,0.99034,0.0,1.0,1.0,1.0,1.0,1.0,0.0,0.13435,0.33587,0.0,0.95537,0.88741,0.0,0.0,0.99671,1.0,1.0,0.7,1.0,1.0,0.5,0.5,0.5,1.0,1.0,0.5,0.5,0.5,0.0,0.0,1.0,1.0,1.0,0.5,0.5,0.3,0.6,1.0,0.5,1.0,1.0,1.0,1.0
1.0,0.5,1.0,0.5,0.8,0.5,0.21925,0.8,0.3,0.0,0.5,0.0,1.0,0.52,0.0,0.99738,0.0,1.0,1.0,1.0,1.0,1.0,1.0,0.95354,1.0,0.25,1.0,1.0,1.0,1.0,1.0,1.0,0.75,0.7,1.0,1.0,0.5,0.5,0.5,1.0,1.0,0.5,0.5,0.5,0.0,0.0,1.0,1.0,1.0,0.5,0.5,0.3,0.4,1.0,1.0,1.0,1.0,1.0,1.0
1.0,0.5,1.0,0.5,1.0,0.5,0.23903,1.0,0.33333,0.0,0.5,0.0,1.0,0.52,0.0,0.0,0.99792,1.0,1.0,1.0,1.0,1.0,0.0,0.88685,1.0,0.25,1.0,1.0,1.0,1.0,1.0,1.0,1.0,0.7,1.0,1.0,0.5,0.5,0.5,1.0,1.0,0.5,0.5,0.5,0.0,0.0,1.0,1.0,1.0,0.5,0.5,0.3,0.4,1.0,1.0,1.0,1.0,1.0,1.0
0.5,0.5,0.5,0.5,0.5,0.5,0.18513,0.6,0.1,0.0,0.5,0.0,0.0,0.48,0.0,0.91559,0.0,0.6,0.5,1.0,1.0,0.5,0.0,0.89757,1.0,0.25,1.0,1.0,1.0,1.0,1.0,0.75,0.5,0.7,1.0,1.0,0.5,0.5,0.5,1.0,1.0,0.5,0.5,0.5,0.0,0.0,1.0,1.0,1.0,0.5,0.5,0.3,0.4,1.0,1.0,1.0,1.0,1.0,0.5
1.0,0.5,1.0,0.5,0.4,0.5,0.1887,0.4,0.13333,0.0,0.5,0.0,1.0,0.56,0.0,0.0,0.97805,1.0,0.5,1.0,1.0,1.0,1.0,0.92181,1.0,0.25,1.0,1.0,1.0,0.0,1.0,1.0,1.0,0.7,1.0,1.0,0.5,0.5,0.5,1.0,1.0,0.5,0.5,0.5,0.0,0.0,1.0,1.0,1.0,0.5,0.5,0.3,0.4,1.0,0.0,1.0,1.0,1.0,1.0
1.0,0.5,1.0,0.5,0.8,0.5,0.201,0.8,0.16667,0.0,0.5,0.0,1.0,0.52,0.0,0.89761,0.0,1.0,1.0,1.0,1.0,1.0,1.0,0.96319,1.0,0.25,1.0,1.0,1.0,0.0,0.98872,1.0,1.0,0.7,1.0,1.0,0.5,0.5,0.5,1.0,1.0,0.5,0.5,0.5,0.0,0.0,1.0,1.0,1.0,0.5,0.5,0.3,0.4,1.0,1.0,1.0,1.0,1.0,1.0
1.0,1.0,1.0,1.0,0.8,1.0,0.25827,0.8,0.63333,0.0,0.5,0.0,0.0,0.4,0.0,0.0,0.98662,1.0,1.0,1.0,1.0,1.0,1.0,0.96216,1.0,0.25,1.0,1.0,1.0,1.0,1.0,0.75,1.0,0.7,1.0,1.0,0.5,0.5,0.5,1.0,1.0,0.5,0.5,0.5,0.0,0.0,1.0,1.0,1.0,0.5,0.5,0.3,0.4,1.0,1.0,1.0,1.0,1.0,1.0
0.5,0.5,0.5,0.5,0.5,0.5,0.21924,1.0,0.4,0.0,0.5,0.0,0.0,0.6,0.0,0.8942,0.0,1.0,1.0,1.0,1.0,0.5,0.0,0.16031,0.40077,0.0,1.0,1.0,1.0,0.0,1.0,1.0,0.5,0.7,1.0,1.0,0.5,0.5,0.5,1.0,1.0,0.5,0.5,0.5,0.0,0.0,1.0,1.0,1.0,0.5,0.5,0.3,0.6,1.0,0.5,1.0,1.0,1.0,0.5
0.5,0.5,0.5,0.5,0.5,0.5,0.19293,0.6,0.6,0.0,0.5,0.0,0.0,0.52,0.12,0.99968,0.0,1.0,1.0,1.0,1.0,0.5,0.0,0.77613,1.0,0.0,1.0,1.0,1.0,0.0,1.0,1.0,0.5,0.7,1.0,1.0,0.5,0.5,0.5,1.0,1.0,0.5,0.5,0.5,0.0,0.0,1.0,1.0,1.0,0.89607,1.0,0.3,0.4,1.0,0.0,1.0,1.0,1.0,0.5
0.5,0.5,0.5,0.5,0.5,0.5,0.18574,0.4,0.06667,0.0,0.5,0.0,0.0,0.72,0.0,0.5,0.5,0.6,0.4,1.0,1.0,0.5,1.0,0.84993,1.0,0.0,1.0,1.0,1.0,0.0,1.0,0.75,0.5,0.7,1.0,1.0,0.5,0.5,0.5,1.0,1.0,0.5,0.5,0.5,0.5,0.5,1.0,1.0,1.0,0.5,0.5,0.3,0.4,1.0,1.0,1.0,1.0,1.0,0.5
1.0,0.5,1.0,0.5,0.8,0.5,0.19458,0.8,0.1,0.0,0.5,0.0,1.0,0.8,0.0,0.93874,0.0,1.0,1.0,1.0,1.0,1.0,1.0,0.92566,1.0,0.0,1.0,1.0,1.0,0.0,0.88248,1.0,1.0,0.7,1.0,1.0,0.5,0.5,0.5,1.0,1.0,0.5,0.5,0.5,0.0,0.0,1.0,1.0,1.0,0.5,0.5,0.3,0.4,1.0,0.0,1.0,1.0,1.0,1.0
1.0,1.0,0.0,1.0,0.6,0.8,0.24036,1.0,0.2,0.0,0.5,0.0,0.0,0.64,0.0,0.90071,0.0,1.0,1.0,1.0,1.0,1.0,0.0,0.97331,1.0,0.0,1.0,1.0,1.0,0.0,1.0,1.0,1.0,0.7,1.0,1.0,0.5,0.5,0.5,1.0,1.0,0.5,0.5,0.5,0.0,0.0,1.0,1.0,1.0,0.5,0.5,0.4,0.4,1.0,1.0,1.0,1.0,0.0,1.0
0.0,0.0,0.0,0.0,0.8,0.8,0.24832,1.0,0.46667,0.0,0.5,0.0,0.0,0.56,0.04,0.63233,0.0,1.0,1.0,1.0,1.0,1.0,1.0,0.84598,1.0,0.0,1.0,1.0,1.0,0.0,1.0,0.75,1.0,0.7,1.0,1.0,0.5,0.5,0.5,1.0,1.0,0.5,0.5,0.5,0.0,0.0,1.0,1.0,1.0,1.0,1.0,0.5,0.4,1.0,1.0,1.0,1.0,1.0,1.0
0.0,1.0,0.0,1.0,0.8,1.0,0.27706,1.0,0.53333,0.0,0.5,0.0,0.0,0.56,0.04,0.88509,0.0,1.0,1.0,1.0,1.0,1.0,1.0,0.92159,1.0,0.0,1.0,1.0,1.0,0.0,1.0,1.0,1.0,0.7,1.0,1.0,0.5,0.5,0.5,1.0,1.0,0.5,0.5,0.5,0.0,0.0,1.0,1.0,1.0,1.0,1.0,0.5,0.4,1.0,1.0,1.0,1.0,0.0,0.75
1.0,0.5,1.0,0.5,1.0,0.5,0.27833,1.0,0.56667,0.0,0.5,0.0,1.0,0.52,0.04,0.94821,0.0,1.0,1.0,1.0,1.0,1.0,0.0,0.81715,1.0,0.0,1.0,1.0,1.0,0.0,1.0,1.0,1.0,0.7,1.0,1.0,0.5,0.5,0.5,1.0,1.0,0.5,0.5,0.5,0.0,0.0,1.0,1.0,1.0,1.0,1.0,0.4,0.4,1.0,1.0,1.0,1.0,1.0,0.75
0.0,0.0,0.0,1.0,1.0,1.0,0.28068,1.0,0.63333,0.0,0.5,0.0,0.0,0.56,0.04,0.99708,0.0,1.0,1.0,1.0,1.0,1.0,0.0,0.70368,1.0,0.0,1.0,1.0,1.0,0.0,1.0,1.0,1.0,0.7,1.0,1.0,0.5,0.5,0.5,1.0,1.0,0.5,0.5,0.5,0.0,0.0,1.0,1.0,1.0,1.0,1.0,0.3,0.4,1.0,1.0,0.0,1.0,0.0,0.5
0.0,0.0,0.0,0.0,1.0,1.0,0.25267,0.6,0.8,0.0,0.5,0.0,0.0,0.44,0.12,0.99681,0.0,1.0,1.0,1.0,1.0,1.0,1.0,0.52968,1.0,0.0,0.99305,0.98621,0.0,0.0,0.98213,1.0,1.0,0.7,1.0,1.0,0.5,0.5,0.5,1.0,1.0,0.5,0.5,0.5,0.0,0.0,1.0,1.0,1.0,0.53282,0.57107,0.3,0.4,1.0,1.0,0.0,1.0,0.0,1.0
0.5,0.5,0.5,0.5,0.5,0.5,0.27604,1.0,0.2,0.0,0.5,0.0,0.0,0.52,0.0,0.0,0.98837,1.0,1.0,1.0,1.0,0.5,1.0,0.95251,1.0,0.25,1.0,1.0,1.0,0.0,1.0,0.75,0.5,0.7,1.0,1.0,0.5,0.5,0.5,1.0,1.0,0.5,0.5,0.5,0.0,0.0,1.0,1.0,1.0,0.5,0.5,0.5,0.4,1.0,1.0,1.0,1.0,0.0,0.5
1.0,0.5,0.0,0.5,1.0,0.5,0.27273,1.0,0.23333,0.0,0.5,0.0,1.0,0.52,0.0,0.9888,0.0,1.0,1.0,1.0,1.0,1.0,0.0,0.9302,1.0,0.25,1.0,1.0,1.0,0.0,1.0,1.0,1.0,0.7,1.0,1.0,0.5,0.5,0.5,1.0,1.0,0.5,0.5,0.5,0.0,0.0,1.0,1.0,1.0,0.5,0.5,0.4,0.4,1.0,1.0,1.0,1.0,1.0,1.0
1.0,0.5,1.0,0.5,1.0,0.5,0.27382,1.0,0.26667,0.0,0.5,0.0,1.0,0.52,0.0,0.0,0.99461,1.0,1.0,1.0,1.0,1.0,0.0,0.88258,1.0,0.25,1.0,1.0,1.0,0.0,1.0,1.0,1.0,0.7,1.0,1.0,0.5,0.5,0.5,1.0,1.0,0.5,0.5,0.5,0.0,0.0,1.0,1.0,1.0,0.5,0.5,0.3,0.4,1.0,1.0,1.0,1.0,1.0,1.0
0.0,0.5,0.0,0.5,1.0,0.5,0.23307,1.0,0.3,0.0,0.5,0.0,1.0,0.52,0.0,0.98958,0.0,1.0,1.0,1.0,1.0,1.0,0.0,0.87214,1.0,0.25,1.0,1.0,1.0,0.0,1.0,1.0,1.0,0.7,1.0,1.0,0.5,0.5,0.5,1.0,1.0,0.5,0.5,0.5,0.0,0.0,1.0,1.0,1.0,0.5,0.5,0.3,0.4,1.0,0.0,1.0,1.0,1.0,1.0
0.0,0.0,0.0,0.0,0.4,0.4,0.06833,0.2,0.6,0.0,0.5,0.0,0.0,0.36,0.0,0.99335,0.0,1.0,0.8,1.0,1.0,0.8,1.0,0.83669,1.0,0.0,0.37352,0.22965,0.0,0.0,0.93555,0.75,0.5,0.7,1.0,1.0,0.5,0.5,0.5,1.0,1.0,0.5,0.5,0.5,0.0,0.0,1.0,1.0,1.0,0.5,0.5,1.0,0.2,0.0,1.0,1.0,1.0,1.0,1.0
0.0,1.0,0.0,1.0,0.2,0.2,0.07627,0.2,0.7,0.0,0.5,0.0,0.0,0.24,0.0,0.0,0.57663,1.0,1.0,1.0,1.0,0.9,1.0,0.8895,1.0,0.0,0.40436,0.25342,0.0,0.0,0.86435,0.75,1.0,0.7,1.0,1.0,0.5,0.94656,0.5,1.0,1.0,0.5,0.5,0.5,0.0,0.0,1.0,1.0,1.0,0.5,0.5,1.0,0.2,0.0,1.0,1.0,1.0,0.0,0.25
0.0,0.5,1.0,0.5,0.2,0.5,0.07684,0.2,0.73333,0.0,0.5,0.0,1.0,0.24,0.0,0.0,0.67619,1.0,1.0,1.0,1.0,1.0,1.0,0.89299,1.0,0.0,0.40656,0.25515,0.0,0.0,0.85412,1.0,1.0,0.7,1.0,1.0,0.5,0.94656,0.5,1.0,1.0,0.5,0.5,0.5,0.0,0.0,1.0,1.0,1.0,0.5,0.5,1.0,0.2,0.0,1.0,1.0,1.0,0.0,0.5
0.0,0.0,1.0,1.0,0.2,0.2,0.07706,0.2,0.8,0.0,0.5,0.0,0.0,0.24,0.0,0.0,0.82856,1.0,0.9,1.0,1.0,0.9,1.0,0.96779,1.0,0.25,0.40728,0.25571,0.0,0.0,0.84085,1.0,1.0,0.7,1.0,1.0,0.5,0.94656,0.5,1.0,1.0,0.5,0.5,0.5,0.0,0.0,1.0,1.0,1.0,0.5,0.5,1.0,0.2,0.0,1.0,1.0,1.0,0.0,0.5
1.0,1.0,1.0,1.0,0.2,0.4,0.12404,0.4,0.96667,0.0,0.5,0.0,0.0,0.2,0.04,0.6606,0.0,1.0,1.0,1.0,1.0,1.0,0.0,0.09617,0.24042,0.0,1.0,1.0,1.0,0.0,1.0,1.0,0.75,0.7,1.0,1.0,0.5,0.94656,0.5,1.0,1.0,0.5,0.5,0.5,0.0,0.0,1.0,1.0,1.0,0.5,0.5,1.0,0.2,1.0,1.0,1.0,1.0,1.0,0.5
0.5,0.5,0.5,0.5,0.5,0.5,0.25114,0.8,0.33333,0.0,0.5,0.0,0.0,0.48,0.0,0.99674,0.0,1.0,1.0,1.0,1.0,0.5,1.0,0.89723,1.0,0.25,1.0,1.0,1.0,1.0,1.0,1.0,0.5,0.7,1.0,1.0,0.5,0.5,0.5,1.0,1.0,0.5,0.5,0.5,0.0,0.0,1.0,1.0,1.0,0.5,0.5,0.3,0.4,1.0,1.0,1.0,1.0,1.0,0.5
0.0,1.0,0.0,1.0,0.8,0.8,0.28258,0.8,0.4,0.0,0.5,0.0,0.0,0.48,0.0,0.99037,0.0,1.0,1.0,1.0,1.0,1.0,1.0,0.90862,1.0,0.25,1.0,1.0,1.0,1.0,1.0,0.75,1.0,0.7,1.0,1.0,0.5,0.5,0.5,1.0,1.0,0.5,0.5,0.5,0.0,0.0,1.0,1.0,1.0,0.5,0.5,0.3,0.4,1.0,1.0,1.0,1.0,0.0,1.0
0.0,1.0,0.0,0.0,0.8,0.8,0.30365,1.0,0.5,0.0,0.5,0.0,0.0,0.44,0.0,0.9729,0.0,1.0,1.0,1.0,1.0,0.8,0.0,0.52589,1.0,0.0,1.0,1.0,1.0,0.0,1.0,1.0,1.0,0.7,1.0,1.0,0.5,0.5,0.5,1.0,1.0,0.5,0.5,0.5,0.0,0.0,1.0,1.0,1.0,0.5,0.5,0.3,0.4,1.0,1.0,1.0,1.0,1.0,1.0
1.0,0.5,0.0,0.5,1.0,0.5,0.30259,1.0,0.53333,0.0,0.5,0.0,1.0,0.44,0.0,0.95028,0.0,1.0,1.0,1.0,1.0,1.0,0.0,0.46103,1.0,0.0,1.0,1.0,1.0,0.0,1.0,1.0,1.0,0.7,1.0,1.0,0.5,0.5,0.5,1.0,1.0,0.5,0.5,0.5,0.0,0.0,1.0,1.0,1.0,0.5,0.5,0.3,0.4,1.0,1.0,1.0,1.0,1.0,1.0
1.0,0.5,1.0,0.5,1.0,0.5,0.3121,1.0,0.56667,0.0,0.5,0.0,1.0,0.4,0.0,0.951,0.0,1.0,1.0,1.0,1.0,1.0,0.0,0.39927,0.99817,0.0,1.0,1.0,1.0,0.0,1.0,1.0,1.0,0.7,1.0,1.0,0.5,0.5,0.5,1.0,1.0,0.5,0.5,0.5,0.0,0.0,1.0,1.0,1.0,0.5,0.5,0.3,0.4,1.0,1.0,1.0,1.0,1.0,1.0
1.0,0.5,1.0,0.5,1.0,0.5,0.32002,1.0,0.6,0.0,0.5,0.0,1.0,0.36,0.0,0.95796,0.0,1.0,1.0,1.0,1.0,1.0,0.0,0.34023,0.85059,0.0,1.0,1.0,1.0,0.0,1.0,1.0,1.0,0.7,1.0,1.0,0.5,0.5,0.5,1.0,1.0,0.5,0.5,0.5,0.0,0.0,1.0,1.0,1.0,0.5,0.5,0.3,0.4,1.0,1.0,1.0,1.0,1.0,1.0
1.0,0.5,1.0,0.5,1.0,0.5,0.32959,1.0,0.63333,0.0,0.5,0.0,1.0,0.32,0.0,0.96889,0.0,1.0,1.0,1.0,1.0,1.0,0.0,0.28528,0.71319,0.0,1.0,1.0,1.0,0.0,1.0,1.0,1.0,0.7,1.0,1.0,0.5,0.5,0.5,1.0,1.0,0.5,0.5,0.5,0.0,0.0,1.0,1.0,1.0,0.5,0.5,0.3,0.4,1.0,1.0,1.0,1.0,1.0,1.0
1.0,0.5,1.0,0.5,1.0,0.5,0.33929,1.0,0.66667,0.0,0.5,0.0,1.0,0.32,0.0,0.98092,0.0,1.0,1.0,1.0,1.0,1.0,0.0,0.23499,0.58747,0.0,1.0,1.0,1.0,0.0,1.0,1.0,1.0,0.7,1.0,1.0,0.5,0.5,0.5,1.0,1.0,0.5,0.5,0.5,0.0,0.0,1.0,1.0,1.0,0.5,0.5,0.3,0.4,1.0,1.0,1.0,1.0,1.0,1.0
1.0,0.5,1.0,0.5,1.0,0.5,0.34936,1.0,0.7,0.0,0.5,0.0,1.0,0.28,0.0,0.99148,0.0,1.0,1.0,1.0,1.0,1.0,0.0,0.18978,0.47445,0.0,1.0,1.0,1.0,0.0,1.0,1.0,1.0,0.7,1.0,1.0,0.5,0.5,0.5,1.0,1.0,0.5,0.5,0.5,0.0,0.0,1.0,1.0,1.0,0.5,0.5,0.3,0.4,1.0,1.0,1.0,1.0,1.0,1.0
1.0,0.5,1.0,0.5,1.0,0.5,0.35947,1.0,0.73333,0.0,0.5,0.0,1.0,0.28,0.0,0.99981,0.0,1.0,1.0,1.0,1.0,1.0,0.0,0.14985,0.37463,0.0,1.0,1.0,1.0,0.0,1.0,1.0,1.0,0.7,1.0,1.0,0.5,0.5,0.5,1.0,1.0,0.5,0.5,0.5,0.0,0.0,1.0,1.0,1.0,0.5,0.5,0.3,0.4,1.0,1.0,1.0,1.0,1.0,1.0
1.0,0.5,1.0,0.5,1.0,0.5,0.36956,1.0,0.76667,0.0,0.5,0.0,1.0,0.28,0.0,0.0,0.99338,1.0,1.0,1.0,1.0,1.0,0.0,0.11522,0.28805,0.0,1.0,1.0,1.0,0.0,1.0,1.0,1.0,0.7,1.0,1.0,0.5,0.5,0.5,1.0,1.0,0.5,0.5,0.5,0.0,0.0,1.0,1.0,1.0,0.5,0.5,0.3,0.4,1.0,1.0,1.0,1.0,1.0,1.0
1.0,0.5,1.0,0.5,1.0,0.5,0.37952,1.0,0.8,0.0,0.5,0.0,1.0,0.28,0.0,0.0,0.98791,1.0,1.0,1.0,1.0,1.0,0.0,0.08579,0.21447,0.0,1.0,1.0,1.0,0.0,1.0,1.0,1.0,0.7,1.0,1.0,0.5,0.5,0.5,1.0,1.0,0.5,0.5,0.5,0.0,0.0,1.0,1.0,1.0,0.5,0.5,0.3,0.4,1.0,1.0,1.0,1.0,1.0,1.0
1.0,0.5,1.0,0.5,1.0,0.5,0.38928,1.0,0.83333,0.0,0.5,0.0,1.0,0.28,0.0,0.0,0.9835,1.0,1.0,1.0,1.0,1.0,0.0,0.06133,0.15333,0.0,1.0,1.0,1.0,0.0,1.0,1.0,1.0,0.7,1.0,1.0,0.5,0.5,0.5,1.0,1.0,0.5,0.5,0.5,0.0,0.0,1.0,1.0,1.0,0.5,0.5,0.3,0.4,1.0,1.0,1.0,1.0,1.0,1.0
1.0,0.5,1.0,0.5,1.0,0.5,0.39878,1.0,0.86667,0.0,0.5,0.0,1.0,0.28,0.0,0.0,0.97997,1.0,1.0,1.0,1.0,1.0,0.0,0.04157,0.10392,0.0,1.0,1.0,1.0,0.0,1.0,1.0,1.0,0.7,1.0,1.0,0.5,0.5,0.5,1.0,1.0,0.5,0.5,0.5,0.0,0.0,1.0,1.0,1.0,0.5,0.5,0.3,0.4,1.0,1.0,1.0,1.0,1.0,1.0
1.0,0.5,1.0,0.5,1.0,0.5,0.40798,1.0,0.9,0.0,0.5,0.0,1.0,0.28,0.0,0.0,0.97716,1.0,1.0,1.0,1.0,1.0,0.0,0.02615,0.06536,0.0,1.0,1.0,1.0,0.0,1.0,1.0,1.0,0.7,1.0,1.0,0.5,0.5,0.5,1.0,1.0,0.5,0.5,0.5,0.0,0.0,1.0,1.0,1.0,0.5,0.5,0.3,0.4,1.0,1.0,1.0,1.0,1.0,1.0
1.0,0.5,1.0,0.5,1.0,0.5,0.41684,1.0,0.93333,0.0,0.5,0.0,1.0,0.28,0.0,0.0,0.97497,1.0,1.0,1.0,1.0,1.0,0.0,0.01469,0.03672,0.0,1.0,1.0,1.0,0.0,1.0,1.0,1.0,0.7,1.0,1.0,0.5,0.5,0.5,1.0,1.0,0.5,0.5,0.5,0.0,0.0,1.0,1.0,1.0,0.5,0.5,0.3,0.4,1.0,1.0,1.0,1.0,1.0,1.0
1.0,0.5,1.0,0.5,1.0,0.5,0.42535,1.0,0.96667,0.0,0.5,0.0,1.0,0.28,0.0,0.0,0.97329,1.0,1.0,1.0,1.0,1.0,0.0,0.00679,0.01698,0.0,1.0,1.0,1.0,0.0,1.0,1.0,1.0,0.7,1.0,1.0,0.5,0.5,0.5,1.0,1.0,0.5,0.5,0.5,0.0,0.0,1.0,1.0,1.0,0.5,0.5,0.3,0.4,1.0,1.0,1.0,1.0,1.0,1.0
1.0,0.5,1.0,0.5,1.0,0.5,0.43348,1.0,1.0,0.0,0.5,0.0,1.0,0.28,0.0,0.0,0.97207,1.0,1.0,1.0,1.0,1.0,0.0,0.00206,0.00516,0.0,1.0,1.0,1.0,0.0,1.0,1.0,1.0,0.7,1.0,1.0,0.5,0.5,0.5,1.0,1.0,0.5,0.5,0.5,0.0,0.0,1.0,1.0,1.0,0.5,0.5,0.3,0.4,1.0,1.0,1.0,1.0,1.0,1.0
0.5,0.5,0.5,0.5,0.5,0.5,0.2312,0.8,0.96667,0.0,0.5,0.0,0.0,0.28,0.0,0.98558,0.0,1.0,1.0,1.0,1.0,0.5,0.0,0.33408,0.83519,0.0,1.0,1.0,1.0,0.0,1.0,1.0,0.5,0.7,1.0,1.0,0.5,0.5,0.5,1.0,1.0,0.5,0.5,0.5,0.0,0.0,1.0,1.0,1.0,0.5,0.5,1.0,0.2,1.0,1.0,1.0,1.0,1.0,0.5
0.5,0.5,0.5,0.5,0.5,0.5,0.0075,0.2,0.23333,0.0,0.5,0.0,0.0,0.36,0.08,0.92179,0.0,1.0,1.0,1.0,1.0,0.5,1.0,0.92149,1.0,0.0,0.05407,0.02814,0.0,0.0,0.91243,0.75,0.5,0.0,0.8,0.70705,0.29842,0.5,0.29842,1.0,1.0,0.5,0.5,0.5,0.0,0.0,1.0,1.0,1.0,0.5,0.5,1.0,0.2,0.0,1.0,1.0,1.0,0.0,0.5
0.0,0.0,0.0,0.0,0.2,0.2,0.00115,0.2,0.3,0.0,0.5,0.0,0.0,0.36,0.2,0.98365,0.0,1.0,1.0,1.0,1.0,1.0,1.0,0.97702,1.0,0.0,0.00874,0.00366,0.0,0.0,0.93034,0.75,1.0,0.0,1.0,1.0,0.5,0.5,0.5,1.0,1.0,0.5,0.5,0.5,0.0,0.0,1.0,1.0,1.0,0.5,0.5,1.0,0.2,0.0,1.0,1.0,1.0,0.0,1.0
0.0,0.0,0.0,0.0,0.2,0.4,0.00114,0.4,0.36667,0.0,0.5,0.0,0.0,0.24,0.16,0.99156,0.0,1.0,1.0,1.0,1.0,1.0,1.0,0.98532,1.0,0.75,0.00561,0.00282,0.0,0.0,0.5,0.5,0.25,0.0,1.0,1.0,0.5,0.5,0.5,1.0,1.0,0.5,0.5,0.5,0.0,0.0,1.0,1.0,1.0,0.5,0.5,1.0,0.2,0.0,1.0,1.0,1.0,0.0,1.0
0.0,0.5,1.0,0.5,0.4,0.5,0.00119,0.4,0.4,0.0,0.5,0.0,1.0,0.24,0.16,0.99314,0.0,1.0,1.0,1.0,1.0,1.0,0.0,0.93185,1.0,0.75,0.00553,0.00277,0.0,0.0,0.5,1.0,1.0,0.0,1.0,1.0,0.5,0.5,0.5,1.0,1.0,0.5,0.5,0.5,0.0,0.0,1.0,1.0,1.0,0.5,0.5,1.0,0.2,0.0,1.0,1.0,1.0,0.0,1.0
1.0,0.5,1.0,0.5,0.4,0.5,0.0012,0.4,0.43333,0.0,0.5,0.0,1.0,0.2,0.16,0.99552,0.0,1.0,1.0,1.0,1.0,1.0,0.0,0.91118,1.0,0.75,0.00546,0.00274,0.0,0.0,0.5,1.0,1.0,0.0,1.0,1.0,0.5,0.5,0.5,1.0,1.0,0.5,0.5,0.5,0.0,0.0,1.0,1.0,1.0,0.5,0.5,1.0,0.2,0.0,1.0,1.0,1.0,0.0,1.0
0.0,0.5,1.0,0.5,0.4,0.5,0.00121,0.4,0.46667,0.0,0.5,0.0,1.0,0.2,0.16,0.99713,0.0,1.0,1.0,1.0,1.0,1.0,0.0,0.90293,1.0,0.75,0.00543,0.00272,0.0,0.0,0.5,1.0,1.0,0.0,1.0,1.0,0.5,0.5,0.5,1.0,1.0,0.5,0.5,0.5,0.0,0.0,1.0,1.0,1.0,0.5,0.5,1.0,0.2,0.0,1.0,1.0,1.0,0.0,1.0
0.0,0.5,1.0,0.5,0.4,0.5,0.00121,0.4,0.5,0.0,0.5,0.0,1.0,0.2,0.16,0.99833,0.0,1.0,1.0,1.0,1.0,1.0,0.0,0.8996,1.0,0.75,0.00541,0.00271,0.0,0.0,0.5,1.0,1.0,0.0,1.0,1.0,0.5,0.5,0.5,1.0,1.0,0.5,0.5,0.5,0.0,0.0,1.0,1.0,1.0,0.5,0.5,1.0,0.2,0.0,1.0,1.0,1.0,0.0,1.0
0.0,0.5,1.0,0.5,0.4,0.5,0.00121,0.4,0.53333,0.0,0.5,0.0,1.0,0.12,0.16,0.99914,0.0,1.0,1.0,1.0,1.0,1.0,0.0,0.89825,1.0,0.75,0.00541,0.00271,0.0,0.0,0.5,1.0,1.0,0.1,1.0,1.0,0.5,0.5,0.5,1.0,1.0,0.5,0.5,0.5,0.0,0.0,1.0,1.0,1.0,0.5,0.5,1.0,0.2,0.0,1.0,1.0,1.0,0.0,1.0
0.0,0.0,1.0,1.0,0.4,0.4,0.00121,0.4,0.6,0.0,0.5,0.0,0.0,0.12,0.16,0.99977,0.0,1.0,1.0,1.0,1.0,1.0,0.0,0.89747,1.0,0.75,0.0054,0.00271,0.0,0.0,0.5,1.0,1.0,0.2,1.0,1.0,0.5,0.5,0.5,1.0,1.0,0.5,0.5,0.5,0.0,0.0,1.0,1.0,1.0,0.5,0.5,1.0,0.2,0.0,1.0,1.0,1.0,0.0,0.25
0.0,0.5,1.0,0.5,0.4,0.5,0.00121,0.4,0.63333,0.0,0.5,0.0,1.0,0.12,0.16,0.99989,0.0,1.0,1.0,1.0,1.0,1.0,0.0,0.89738,1.0,0.75,0.0054,0.00271,0.0,0.0,0.5,1.0,1.0,0.2,1.0,1.0,0.5,0.5,0.5,1.0,1.0,0.5,0.5,0.5,0.0,0.0,1.0,1.0,1.0,0.5,0.5,1.0,0.2,0.0,1.0,1.0,1.0,0.0,0.25
0.0,0.5,1.0,0.5,0.4,0.5,0.00121,0.4,0.66667,0.0,0.5,0.0,1.0,0.12,0.16,0.99996,0.0,1.0,1.0,1.0,1.0,1.0,0.0,0.89735,1.0,0.75,0.0054,0.00271,0.0,0.0,0.5,1.0,1.0,0.2,1.0,1.0,0.5,0.5,0.5,1.0,1.0,0.5,0.5,0.5,0.0,0.0,1.0,1.0,1.0,0.5,0.5,1.0,0.2,0.0,1.0,1.0,1.0,0.0,0.25
0.0,0.5,1.0,0.5,0.4,0.5,0.00121,0.4,0.7,0.0,0.5,0.0,1.0,0.12,0.16,0.0,1.0,1.0,1.0,1.0,1.0,1.0,0.0,0.89733,1.0,0.75,0.0054,0.00271,0.0,0.0,0.5,1.0,1.0,0.2,1.0,1.0,0.5,0.5,0.5,1.0,1.0,0.5,0.5,0.5,0.0,0.0,1.0,1.0,1.0,0.5,0.5,1.0,0.2,0.0,1.0,1.0,1.0,0.0,0.25
0.5,0.5,0.5,0.5,0.5,0.5,0.19214,0.4,0.8,0.0,0.5,0.0,0.0,0.2,0.12,0.99228,0.0,1.0,1.0,0.9,1.0,0.5,1.0,0.23073,0.57683,0.0,1.0,1.0,1.0,0.0,1.0,0.5,0.5,0.7,1.0,1.0,0.5,0.5,0.5,1.0,1.0,0.5,0.5,0.5,0.0,0.0,1.0,1.0,1.0,0.5,0.5,1.0,0.2,1.0,1.0,1.0,1.0,1.0,0.5
0.0,0.0,1.0,1.0,0.4,0.4,0.19762,0.4,0.0,0.96774,0.5,0.0,0.0,0.24,0.04,0.9845,0.0,0.9,1.0,1.0,0.7,0.9,1.0,0.92074,1.0,0.25,0.89331,0.80719,0.0,0.0,0.97714,0.75,0.75,0.7,1.0,1.0,0.5,0.5,0.5,1.0,1.0,0.5,0.5,0.5,0.0,0.0,1.0,1.0,1.0,1.0,0.53251,1.0,0.2,0.0,1.0,0.0,1.0,0.0,0.25
0.0,0.0,0.0,0.0,0.4,0.4,0.18908,0.4,0.0,0.78947,0.5,0.0,0.0,0.16,0.04,0.99971,0.0,1.0,1.0,1.0,1.0,1.0,1.0,0.94396,1.0,0.25,0.87855,0.78341,0.0,0.0,0.97671,0.5,1.0,0.7,1.0,1.0,0.5,0.5,0.5,1.0,1.0,0.5,0.5,0.5,0.0,0.0,1.0,1.0,1.0,1.0,0.53251,1.0,0.2,0.0,1.0,0.0,1.0,0.0,0.5
0.0,0.5,0.0,0.5,0.4,0.5,0.18907,0.4,0.0,0.76923,0.5,0.0,1.0,0.16,0.04,0.99972,0.0,1.0,1.0,1.0,1.0,1.0,1.0,0.94399,1.0,0.25,0.87854,0.78339,0.0,0.0,0.97668,1.0,1.0,0.7,1.0,1.0,0.5,0.5,0.5,1.0,1.0,0.5,0.5,0.5,0.0,0.0,1.0,1.0,1.0,1.0,0.53251,1.0,0.2,0.0,1.0,0.0,1.0,0.0,0.5
0.0,0.5,0.0,0.5,0.4,0.5,0.18907,0.4,0.0,0.75,0.5,0.0,1.0,0.16,0.04,0.99976,0.0,1.0,1.0,1.0,1.0,1.0,1.0,0.944,1.0,0.25,0.87853,0.78338,0.0,0.0,0.97667,1.0,1.0,0.7,1.0,1.0,0.5,0.5,0.5,1.0,1.0,0.5,0.5,0.5,0.0,0.0,1.0,1.0,1.0,1.0,0.53251,1.0,0.2,0.0,1.0,0.0,1.0,0.0,0.5
0.5,0.5,0.5,0.5,0.5,0.5,0.10301,0.6,0.16667,0.0,1.0,0.0,0.0,0.29,0.0,0.94666,0.0,0.93333,0.86667,1.0,1.0,0.5,0.0,0.97042,1.0,0.11111,1.0,0.91882,0.66667,1.0,0.97289,0.77778,0.5,0.7,1.0,1.0,0.5,0.5,0.5,1.0,1.0,0.5,0.5,0.5,0.0,0.0,1.0,1.0,1.0,0.5,0.5,0.3,0.4,1.0,1.0,1.0,1.0,0.66667,0.5
0.0,0.0,0.0,0.0,0.3,0.6,0.13491,0.9,0.4,0.0,1.0,0.0,0.0,0.22,0.01,0.99451,0.0,1.0,0.93333,1.0,1.0,1.0,1.0,0.98403,1.0,0.0,1.0,0.98868,0.5,0.0,0.98786,1.0,0.88889,0.7,1.0,1.0,0.5,0.5,0.5,1.0,1.0,0.5,0.5,0.5,0.0,0.0,1.0,1.0,1.0,0.5,0.5,0.3,0.3,1.0,1.0,0.5,1.0,1.0,1.0
0.0,1.0,0.0,1.0,0.8,0.9,0.14173,0.9,0.46667,0.0,1.0,0.0,0.0,0.23,0.01,0.99884,0.0,0.91111,1.0,1.0,1.0,0.93333,0.0,0.90118,1.0,0.0,1.0,0.9969,0.5,0.0,0.99597,1.0,1.0,0.7,1.0,1.0,0.5,0.5,0.5,1.0,1.0,0.5,0.5,0.5,0.0,0.0,1.0,1.0,1.0,0.5,0.5,0.3,0.3,1.0,1.0,0.5,1.0,1.0,1.0
0.5,0.5,0.5,0.5,0.5,0.5,0.13214,1.0,0.1,0.0,1.0,0.0,0.0,0.63,0.01,0.33621,0.0,0.8,1.0,1.0,1.0,0.5,1.0,0.70757,1.0,0.11111,1.0,1.0,1.0,0.0,1.0,0.88889,0.5,0.7,1.0,1.0,0.5,0.5,0.5,1.0,1.0,0.5,0.5,0.5,0.0,0.0,1.0,1.0,1.0,1.0,1.0,0.3,0.2,1.0,1.0,1.0,1.0,0.0,0.5
0.0,0.0,0.0,0.0,0.9,1.0,0.07969,0.3,0.43333,0.0,1.0,0.0,0.0,0.46,0.05,0.0,0.97943,1.0,1.0,0.53333,1.0,1.0,0.0,0.69152,1.0,0.11111,0.82067,0.69587,0.0,0.0,1.0,1.0,1.0,0.3,0.9,0.90792,0.69841,0.5,0.34921,1.0,1.0,0.5,0.5,0.5,0.0,0.0,1.0,1.0,1.0,0.99924,0.60785,0.7,0.2,1.0,0.0,1.0,1.0,1.0,1.0
0.0,0.0,0.0,0.0,0.1,0.1,0.01155,0.1,0.5,0.0,1.0,0.0,0.0,0.46,0.06,0.0,0.98878,1.0,1.0,1.0,0.6,1.0,0.0,0.67578,1.0,0.11111,0.15621,0.08472,0.0,0.0,1.0,0.88889,0.77778,0.0,0.8,0.82247,0.52956,0.43824,0.52956,1.0,1.0,0.5,0.5,0.5,0.0,0.0,1.0,1.0,1.0,0.99924,0.60785,1.0,0.1,0.0,1.0,0.0,1.0,0.0,1.0
0.0,0.0,0.0,0.0,0.1,0.1,0.00102,0.1,0.63333,0.0,1.0,0.0,0.0,0.44,0.06,0.0,0.9943,1.0,1.0,1.0,1.0,1.0,1.0,0.67409,1.0,0.11111,0.01461,0.00736,0.0,0.0,1.0,0.77778,1.0,0.0,1.0,1.0,0.5,0.43824,0.5,1.0,1.0,0.5,0.5,0.5,0.0,0.0,1.0,1.0,1.0,0.99924,0.60785,1.0,0.1,0.0,1.0,0.0,1.0,0.0,1.0
0.5,0.5,0.5,0.5,0.5,0.5,0.00197,0.6,0.6,0.0,1.0,0.0,0.0,0.11,0.07,0.92334,0.0,1.0,1.0,0.57778,0.62222,0.5,0.0,0.76991,1.0,0.11111,0.02722,0.00922,0.5,0.0,0.90095,0.66667,0.5,0.0,1.0,1.0,0.5,0.5,0.5,1.0,1.0,0.5,0.5,0.5,0.0,0.0,1.0,1.0,1.0,0.27768,0.15712,1.0,0.1,0.0,1.0,0.0,1.0,0.0,0.5
1.0,0.5,1.0,0.5,0.6,0.5,0.00203,0.6,0.63333,0.0,1.0,0.0,1.0,0.11,0.07,0.93926,0.0,1.0,1.0,0.53333,1.0,1.0,1.0,0.83426,1.0,0.11111,0.02264,0.00765,0.5,0.0,0.90082,1.0,1.0,0.0,0.9,0.99961,1.0,1.0,1.0,1.0,1.0,0.5,0.5,0.5,0.0,0.0,1.0,1.0,1.0,0.27768,0.15712,1.0,0.1,0.0,1.0,0.0,1.0,0.0,1.0
0.5,0.5,0.5,0.5,0.5,0.5,0.12264,0.7,0.26667,0.0,1.0,0.0,0.0,0.34,0.12,0.0,0.96799,0.68889,1.0,1.0,1.0,0.5,0.0,0.7192,1.0,0.0,1.0,0.98752,0.5,0.0,1.0,0.88889,0.5,0.45,0.9,0.84895,0.0,0.5,1.0,1.0,1.0,0.5,0.5,0.5,0.0,0.0,1.0,1.0,1.0,1.0,1.0,0.55,0.3,1.0,1.0,0.0,1.0,0.0,0.5
0.0,0.5,0.0,0.5,0.7,0.5,0.11098,0.7,0.3,0.0,1.0,0.0,1.0,0.33,0.13,0.0,0.98413,1.0,1.0,0.73333,1.0,1.0,1.0,0.94825,1.0,0.11111,1.0,0.81248,0.66667,1.0,1.0,1.0,0.88889,0.7,1.0,1.0,0.5,0.5,0.5,1.0,1.0,0.5,0.5,0.5,0.0,0.0,1.0,1.0,1.0,1.0,1.0,0.3,0.4,1.0,1.0,0.0,1.0,0.66667,1.0
0.0,0.0,0.0,0.0,0.4,0.3,0.0365,0.4,0.5,0.0,1.0,0.0,0.0,0.19,0.14,0.92896,0.0,1.0,1.0,0.71111,0.77778,1.0,0.0,0.79969,1.0,0.11111,0.56031,0.18165,0.66667,0.0,0.96349,0.77778,0.77778,0.55,1.0,1.0,0.5,0.5,0.5,1.0,1.0,0.5,0.5,0.5,0.0,0.0,1.0,1.0,1.0,1.0,1.0,0.6,0.3,0.66667,0.0,0.0,1.0,0.66667,1.0
0.5,0.5,0.5,0.5,0.5,0.5,0.07921,0.1,0.16667,0.0,1.0,0.0,0.0,0.4,0.0,0.94647,0.0,1.0,1.0,1.0,1.0,0.5,0.0,0.67401,1.0,0.11111,0.8689,0.76818,0.0,1.0,0.92664,0.77778,0.5,0.7,1.0,1.0,0.5,0.5,0.5,1.0,1.0,0.5,0.5,0.5,0.0,0.0,1.0,1.0,1.0,0.5,0.5,0.3,0.2,1.0,0.0,1.0,1.0,1.0,0.5
1.0,0.5,1.0,0.5,0.1,0.5,0.08018,0.1,0.2,0.0,1.0,0.0,1.0,0.35,0.0,0.96565,0.0,0.86667,0.77778,1.0,1.0,0.86667,1.0,0.78516,1.0,0.11111,0.84698,0.71336,0.0,0.0,0.94032,1.0,0.88889,0.7,1.0,1.0,0.5,0.5,0.5,1.0,1.0,0.5,0.5,0.5,0.0,0.0,1.0,1.0,1.0,0.5,0.5,0.3,0.2,0.5,0.0,1.0,1.0,0.5,1.0
0.0,0.0,0.0,0.0,0.1,0.1,0.07508,0.1,0.26667,0.0,1.0,0.0,0.0,0.34,0.0,0.99523,0.0,1.0,0.95556,1.0,1.0,1.0,0.0,0.75325,1.0,0.11111,0.85936,0.77012,0.0,0.0,0.63207,0.88889,1.0,0.7,1.0,1.0,0.5,0.5,0.5,1.0,1.0,0.5,0.5,0.5,0.0,0.0,1.0,1.0,1.0,0.5,0.5,0.3,0.2,0.5,1.0,1.0,1.0,1.0,1.0
1.0,0.5,1.0,0.5,0.1,0.5,0.07621,0.1,0.3,0.0,1.0,0.0,1.0,0.34,0.0,0.97075,0.0,1.0,0.95556,1.0,1.0,1.0,1.0,0.79035,1.0,0.11111,0.80859,0.68917,0.0,1.0,0.93456,1.0,0.77778,0.7,1.0,1.0,0.5,0.5,0.5,1.0,1.0,0.5,0.5,0.5,0.0,0.0,1.0,1.0,1.0,0.5,0.5,0.3,0.2,0.5,1.0,1.0,1.0,0.5,1.0
1.0,0.5,1.0,0.5,0.2,0.5,0.07844,0.2,0.33333,0.0,1.0,0.0,1.0,0.34,0.0,0.96155,0.0,1.0,0.97778,1.0,1.0,1.0,1.0,0.83255,1.0,0.11111,0.7673,0.59175,0.0,1.0,0.77777,1.0,0.77778,0.7,1.0,1.0,0.5,0.5,0.5,1.0,1.0,0.5,0.5,0.5,0.0,0.0,1.0,1.0,1.0,0.5,0.5,0.3,0.2,0.5,1.0,1.0,1.0,0.5,1.0
1.0,1.0,1.0,1.0,0.4,0.5,0.09428,0.5,0.4,0.0,1.0,0.0,0.0,0.33,0.0,0.96343,0.0,1.0,1.0,1.0,1.0,1.0,0.0,0.80283,1.0,0.11111,0.97342,0.82658,0.5,1.0,0.8109,0.77778,1.0,0.7,1.0,1.0,0.5,0.5,0.5,1.0,1.0,0.5,0.5,0.5,0.0,0.0,1.0,1.0,1.0,0.5,0.5,0.3,0.2,0.5,1.0,1.0,1.0,0.0,1.0
1.0,0.5,1.0,0.5,0.5,0.5,0.09454,0.5,0.43333,0.0,1.0,0.0,1.0,0.33,0.0,0.97566,0.0,1.0,1.0,1.0,1.0,1.0,1.0,0.81833,1.0,0.11111,0.94614,0.78887,0.5,1.0,0.81577,1.0,1.0,0.7,1.0,1.0,0.5,0.5,0.5,1.0,1.0,0.5,0.5,0.5,0.0,0.0,1.0,1.0,1.0,0.5,0.5,0.3,0.2,0.5,1.0,1.0,1.0,0.5,1.0
1.0,0.5,1.0,0.5,0.5,0.5,0.09815,0.5,0.46667,0.0,1.0,0.0,1.0,0.33,0.0,0.98343,0.0,1.0,1.0,1.0,1.0,1.0,1.0,0.82475,1.0,0.11111,0.96854,0.81912,0.5,1.0,0.8181,1.0,1.0,0.7,1.0,1.0,0.5,0.5,0.5,1.0,1.0,0.5,0.5,0.5,0.0,0.0,1.0,1.0,1.0,0.5,0.5,0.3,0.2,0.5,1.0,1.0,1.0,0.5,1.0
1.0,0.5,1.0,0.5,0.5,0.5,0.10098,0.5,0.5,0.0,1.0,0.0,1.0,0.31,0.0,0.99115,0.0,1.0,1.0,1.0,1.0,1.0,1.0,0.82681,1.0,0.11111,0.99057,0.86121,0.5,0.0,0.81986,1.0,1.0,0.7,1.0,1.0,0.5,0.5,0.5,1.0,1.0,0.5,0.5,0.5,0.0,0.0,1.0,1.0,1.0,0.5,0.5,0.3,0.2,0.5,1.0,1.0,1.0,0.5,1.0
1.0,0.5,1.0,0.5,0.5,0.5,0.10483,0.5,0.53333,0.0,1.0,0.0,1.0,0.28,0.0,0.9849,0.0,0.91111,1.0,1.0,1.0,0.91111,0.0,0.82534,1.0,0.11111,1.0,0.93153,0.5,0.0,0.82117,1.0,1.0,0.7,1.0,1.0,0.5,0.5,0.5,1.0,1.0,0.5,0.5,0.5,0.0,0.0,1.0,1.0,1.0,0.5,0.5,0.3,0.2,0.5,1.0,1.0,1.0,0.5,1.0
1.0,0.5,1.0,0.5,0.6,0.5,0.10802,0.6,0.56667,0.0,1.0,0.0,1.0,0.27,0.0,0.98068,0.0,1.0,1.0,1.0,1.0,1.0,0.0,0.82277,1.0,0.11111,1.0,1.0,1.0,0.0,0.82212,1.0,1.0,0.7,1.0,1.0,0.5,0.5,0.5,1.0,1.0,0.5,0.5,0.5,0.0,0.0,1.0,1.0,1.0,0.5,0.5,0.3,0.2,0.5,1.0,1.0,1.0,0.5,1.0
1.0,0.5,1.0,0.5,0.6,0.5,0.11112,0.6,0.6,0.0,1.0,0.0,1.0,0.24,0.0,0.98032,0.0,1.0,1.0,1.0,1.0,1.0,0.0,0.81958,1.0,0.11111,1.0,1.0,1.0,0.0,0.82281,1.0,1.0,0.7,1.0,1.0,0.5,0.5,0.5,1.0,1.0,0.5,0.5,0.5,0.0,0.0,1.0,1.0,1.0,0.5,0.5,0.3,0.2,0.5,1.0,1.0,1.0,0.5,1.0
1.0,0.5,1.0,0.5,0.6,0.5,0.1139,0.6,0.63333,0.0,1.0,0.0,1.0,0.24,0.0,0.9858,0.0,1.0,1.0,1.0,1.0,1.0,0.0,0.81594,1.0,0.11111,1.0,1.0,1.0,0.0,0.82329,1.0,1.0,0.7,1.0,1.0,0.5,0.5,0.5,1.0,1.0,0.5,0.5,0.5,0.0,0.0,1.0,1.0,1.0,0.5,0.5,0.3,0.2,0.5,1.0,1.0,1.0,0.5,1.0
1.0,0.5,1.0,0.5,0.6,0.5,0.11643,0.6,0.66667,0.0,1.0,0.0,1.0,0.23,0.0,0.9928,0.0,1.0,1.0,1.0,1.0,1.0,0.0,0.81198,1.0,0.11111,1.0,1.0,1.0,0.0,0.82363,1.0,1.0,0.7,1.0,1.0,0.5,0.5,0.5,1.0,1.0,0.5,0.5,0.5,0.0,0.0,1.0,1.0,1.0,0.5,0.5,0.3,0.2,0.5,1.0,1.0,1.0,0.5,1.0
0.5,0.5,0.5,0.5,0.5,0.5,0.08594,0.1,0.06667,0.0,1.0,0.0,0.0,0.31,0.0,0.5,0.5,0.86667,0.82222,1.0,1.0,0.5,1.0,0.99355,1.0,0.11111,0.86573,0.78976,0.0,1.0,0.6375,1.0,0.5,0.7,1.0,1.0,0.5,0.5,0.5,1.0,1.0,0.5,0.5,0.5,0.5,0.5,1.0,1.0,1.0,0.5,0.5,0.3,0.2,0.33333,1.0,1.0,1.0,0.66667,0.5
0.0,1.0,0.0,1.0,0.1,0.8,0.10079,0.4,0.4,0.0,1.0,0.0,0.0,0.29,0.0,0.96643,0.0,1.0,1.0,1.0,1.0,0.82222,0.0,0.67263,1.0,0.0,0.92172,0.85284,0.0,0.0,0.91671,0.88889,0.88889,0.7,1.0,1.0,0.5,0.5,0.5,1.0,1.0,0.5,0.5,0.5,0.0,0.0,1.0,1.0,1.0,0.5,0.5,0.3,0.3,1.0,1.0,1.0,1.0,0.0,1.0
0.5,0.5,0.5,0.5,0.5,0.5,0.04504,0.1,0.46667,0.0,1.0,0.0,0.0,0.53,0.04,0.99491,0.0,1.0,1.0,1.0,1.0,0.5,0.0,0.73124,1.0,0.33333,0.52956,0.39185,0.0,0.0,1.0,0.66667,0.5,0.75,1.0,1.0,0.5,0.5,0.5,1.0,1.0,0.5,0.5,0.5,0.46665,0.0,0.25,1.0,1.0,0.39817,0.57058,1.0,0.1,0.0,1.0,0.0,1.0,0.0,0.5
0.0,0.0,0.0,0.0,0.1,0.1,0.03333,0.1,0.53333,0.0,1.0,0.0,0.0,0.49,0.05,0.99289,0.0,1.0,1.0,1.0,1.0,1.0,1.0,0.94705,1.0,0.22222,0.3589,0.25523,0.0,0.0,0.9958,0.77778,0.88889,0.4,1.0,1.0,0.5,0.24895,0.5,1.0,1.0,0.30234,0.76667,0.80139,0.17461,0.5717,0.7,1.0,1.0,0.30234,0.76667,0.9,0.3,0.66667,1.0,1.0,1.0,0.66667,1.0
0.0,0.0,0.0,0.0,0.1,0.1,0.02236,0.1,0.6,0.0,1.0,0.0,0.0,0.43,0.05,0.99341,0.0,1.0,1.0,1.0,1.0,1.0,0.0,0.92098,1.0,0.22222,0.25017,0.1858,0.0,0.0,0.99538,0.66667,1.0,0.7,1.0,1.0,0.5,0.24895,0.5,1.0,1.0,0.0,0.19,0.74296,0.17103,0.73801,0.4,1.0,1.0,0.0,0.19,0.9,0.3,0.66667,0.5,1.0,1.0,1.0,1.0
0.0,0.5,0.0,0.5,0.1,0.5,0.01961,0.1,0.63333,0.0,1.0,0.0,1.0,0.41,0.05,0.99381,0.0,1.0,1.0,1.0,1.0,1.0,0.0,0.91982,1.0,0.22222,0.21967,0.15854,0.0,0.0,0.99606,1.0,1.0,0.7,1.0,1.0,0.5,0.24895,0.5,1.0,1.0,0.07123,0.38715,0.74296,0.11254,0.69972,0.3,1.0,1.0,0.07123,0.38715,1.0,0.1,0.0,1.0,0.0,1.0,0.66667,1.0
1.0,0.5,0.0,0.5,0.1,0.5,0.019,0.1,0.66667,0.0,1.0,0.0,1.0,0.38,0.04,0.99573,0.0,1.0,1.0,1.0,1.0,1.0,0.0,0.91612,1.0,0.22222,0.21395,0.14786,0.0,0.0,0.99541,1.0,1.0,0.7,1.0,1.0,0.5,0.24895,0.5,1.0,1.0,0.08215,0.46547,0.74296,0.0,0.55577,1.0,1.0,1.0,0.08215,0.46547,0.3,0.4,1.0,1.0,1.0,1.0,0.0,1.0
0.0,0.0,0.0,0.0,0.1,0.1,0.01353,0.1,0.73333,0.0,1.0,0.0,0.0,0.38,0.05,0.99821,0.0,1.0,1.0,1.0,1.0,1.0,0.0,0.91348,1.0,0.22222,0.15299,0.10931,0.0,0.0,0.99623,1.0,1.0,0.7,1.0,1.0,0.5,0.24895,0.5,1.0,1.0,0.08215,0.46547,0.86211,0.0,0.0,1.0,1.0,1.0,0.08215,0.46547,0.3,0.4,1.0,0.33333,1.0,1.0,1.0,1.0
0.0,0.0,0.0,0.0,0.1,0.1,0.00821,0.1,0.8,0.0,1.0,0.0,0.0,0.37,0.04,0.99938,0.0,1.0,1.0,1.0,1.0,1.0,0.0,0.91005,1.0,0.22222,0.09332,0.06449,0.0,0.0,0.9958,1.0,1.0,0.7,1.0,1.0,0.5,0.24895,0.5,1.0,1.0,0.08215,0.46547,0.86211,0.0,0.0,1.0,1.0,1.0,0.08215,0.46547,0.3,0.4,1.0,0.0,1.0,1.0,1.0,1.0
0.0,0.0,0.0,0.0,0.1,0.1,0.00562,0.1,0.86667,0.0,1.0,0.0,0.0,0.36,0.04,0.99995,0.0,1.0,1.0,1.0,1.0,1.0,1.0,0.91158,1.0,0.22222,0.06371,0.04455,0.0,0.0,0.99589,0.66667,1.0,0.7,1.0,1.0,0.5,0.24895,0.5,1.0,1.0,0.08215,0.46547,0.86211,0.0,0.0,1.0,1.0,1.0,0.08215,0.46547,1.0,0.1,0.0,1.0,0.0,1.0,0.0,1.0
0.0,0.5,0.0,0.5,0.1,0.5,0.00517,0.1,0.9,0.0,1.0,0.0,1.0,0.36,0.04,0.0,0.99982,1.0,1.0,1.0,1.0,1.0,0.0,0.90979,1.0,0.22222,0.05873,0.04089,0.0,0.0,0.99641,1.0,1.0,0.7,1.0,1.0,0.5,0.24895,0.5,1.0,1.0,0.08215,0.46547,0.86211,0.0,0.0,1.0,1.0,1.0,0.08215,0.46547,1.0,0.1,0.0,1.0,0.0,1.0,0.0,0.33333
0.0,0.5,0.0,0.5,0.1,0.5,0.00475,0.1,0.93333,0.0,1.0,0.0,1.0,0.36,0.04,0.0,0.99987,1.0,1.0,1.0,1.0,1.0,0.0,0.90756,1.0,0.22222,0.05416,0.03725,0.0,0.0,0.99626,1.0,1.0,0.7,1.0,1.0,0.5,0.24895,0.5,1.0,1.0,0.08215,0.46547,0.86211,0.0,0.0,1.0,1.0,1.0,0.08215,0.46547,1.0,0.1,0.0,1.0,0.0,1.0,0.0,0.33333
0.0,0.0,0.0,0.0,0.1,0.1,0.004,0.1,1.0,0.0,1.0,0.0,0.0,0.36,0.04,0.99988,0.0,1.0,1.0,1.0,1.0,1.0,0.0,0.90566,1.0,0.22222,0.0457,0.03163,0.0,0.0,0.99643,0.66667,1.0,0.7,1.0,1.0,0.5,0.24895,0.5,1.0,1.0,0.08215,0.46547,0.86211,0.0,0.0,1.0,1.0,1.0,0.08215,0.46547,1.0,0.1,0.0,1.0,0.0,1.0,0.0,0.33333
0.5,0.5,0.5,0.5,0.5,0.5,0.24809,1.0,0.46667,0.0,1.0,0.0,0.0,0.26,0.15,0.9911,0.0,1.0,0.91111,0.86667,1.0,0.5,0.0,0.78878,1.0,0.33333,1.0,1.0,1.0,0.0,1.0,0.77778,0.5,0.7,1.0,1.0,0.5,0.5,0.5,1.0,1.0,0.5,0.5,0.5,0.0,0.0,1.0,1.0,1.0,0.93452,0.5699,0.55,0.2,1.0,1.0,1.0,1.0,0.0,0.5
0.0,0.0,0.0,0.0,1.0,1.0,0.195,1.0,0.53333,0.0,1.0,0.0,0.0,0.26,0.14,0.97466,0.0,1.0,1.0,0.86667,1.0,1.0,0.0,0.62879,1.0,0.33333,1.0,1.0,1.0,1.0,1.0,1.0,1.0,0.7,1.0,1.0,0.5,0.5,0.5,1.0,1.0,0.5,0.5,0.5,0.0,0.0,1.0,1.0,1.0,0.93452,0.5699,0.35,0.2,1.0,0.0,1.0,1.0,1.0,0.66667
0.0,0.0,0.0,0.0,0.9,0.9,0.11935,0.6,1.0,0.0,1.0,0.0,0.0,0.21,0.06,0.97404,0.0,1.0,1.0,0.64444,0.64444,0.64444,1.0,0.93736,1.0,0.44444,0.82583,0.50249,0.5,1.0,0.74014,0.88889,0.88889,0.0,0.9,0.7478,0.55347,0.5,0.20755,1.0,1.0,0.5,0.5,0.5,0.0,0.0,1.0,1.0,1.0,1.0,1.0,1.0,0.1,0.0,1.0,0.0,1.0,0.5,0.66667
0.5,0.5,0.5,0.5,0.5,0.5,0.13143,1.0,0.26667,0.0,1.0,0.0,0.0,0.48,0.0,0.99254,0.0,1.0,1.0,1.0,1.0,0.5,1.0,0.99159,1.0,0.11111,1.0,1.0,1.0,1.0,0.99491,0.88889,0.5,0.7,1.0,1.0,0.5,0.5,0.5,1.0,1.0,0.5,0.5,0.5,0.0,0.0,1.0,1.0,1.0,0.5,0.5,0.3,0.4,1.0,1.0,1.0,1.0,1.0,0.5
0.0,0.0,0.0,0.0,0.9,0.5,0.03363,0.1,0.6,0.0,1.0,0.0,0.0,0.16,0.0,0.95886,0.0,0.95556,0.95556,1.0,1.0,0.62222,0.0,0.79961,1.0,0.11111,0.35377,0.2652,0.0,0.0,0.90551,0.77778,0.66667,0.7,1.0,1.0,0.5,0.5,0.5,1.0,1.0,0.5,0.5,0.5,0.0,0.0,1.0,1.0,1.0,0.5,0.5,1.0,0.1,0.0,1.0,1.0,1.0,0.0,1.0
0.0,1.0,0.0,1.0,0.1,0.1,0.04279,0.1,0.83333,0.0,1.0,0.0,0.0,0.1,0.0,0.99649,0.0,0.97778,0.91111,1.0,1.0,0.95556,1.0,0.73861,1.0,0.11111,0.51787,0.39939,0.0,1.0,0.6108,0.77778,0.77778,0.7,1.0,1.0,0.5,0.5,0.5,1.0,1.0,0.5,0.5,0.5,0.0,0.0,1.0,1.0,1.0,0.5,0.5,0.3,0.2,0.5,0.0,1.0,1.0,0.5,0.44444
0.5,0.5,0.5,0.5,0.5,0.5,0.10286,0.8,0.16667,0.0,1.0,0.0,0.0,0.41,0.0,0.95334,0.0,1.0,0.93333,1.0,1.0,0.5,0.0,0.98407,1.0,0.11111,1.0,1.0,1.0,0.0,0.91972,0.77778,0.5,0.7,1.0,1.0,0.5,0.5,0.5,1.0,1.0,0.5,0.5,0.5,0.0,0.0,1.0,1.0,1.0,0.5,0.5,0.3,0.4,1.0,0.33333,1.0,1.0,0.66667,0.5
0.0,1.0,0.0,0.0,0.1,0.8,0.08532,0.2,0.36667,0.0,1.0,0.0,0.0,0.42,0.0,0.98747,0.0,1.0,1.0,1.0,1.0,0.93333,0.0,0.87393,1.0,0.0,0.91265,0.80557,0.33333,0.0,0.90635,1.0,1.0,0.7,1.0,1.0,0.5,0.5,0.5,1.0,1.0,0.5,0.5,0.5,0.0,0.0,1.0,1.0,1.0,0.5,0.5,0.3,0.4,1.0,0.0,1.0,1.0,1.0,1.0
0.0,0.0,0.0,0.0,0.1,0.2,0.05652,0.2,0.93333,0.0,1.0,0.0,0.0,0.4,0.01,0.65205,0.0,1.0,1.0,1.0,1.0,1.0,1.0,0.97204,1.0,0.11111,0.68385,0.4047,0.0,0.0,0.96051,1.0,0.88889,0.7,1.0,1.0,0.5,0.5,0.5,1.0,1.0,0.5,0.5,0.5,0.0,0.0,1.0,1.0,1.0,0.5,0.5,0.3,0.3,0.5,1.0,1.0,1.0,0.5,1.0
0.0,0.0,0.0,0.0,0.2,0.1,0.0,0.1,0.0,0.76923,1.0,0.0,0.0,0.22,0.01,0.99348,0.0,0.91111,1.0,1.0,1.0,0.75556,1.0,0.92523,1.0,0.11111,3e-05,2e-05,0.0,0.0,0.94924,0.33333,0.88889,0.0,1.0,1.0,0.5,0.5,0.5,1.0,1.0,0.5,0.5,0.5,0.0,0.0,1.0,1.0,1.0,0.0,0.152,1.0,0.1,0.0,1.0,1.0,1.0,0.0,1.0
0.5,0.5,0.5,0.5,0.5,0.5,0.10811,0.9,0.23333,0.0,1.0,0.0,0.0,0.68,0.0,0.90302,0.0,1.0,1.0,1.0,1.0,0.5,1.0,0.94502,1.0,0.0,1.0,1.0,1.0,0.0,0.97232,0.88889,0.5,0.7,1.0,1.0,0.5,0.5,0.5,1.0,1.0,0.5,0.5,0.5,0.0,0.0,1.0,1.0,1.0,0.5,0.5,0.3,0.4,1.0,0.66667,1.0,1.0,1.0,0.5
1.0,0.5,0.0,0.5,0.8,0.5,0.10579,0.8,0.26667,0.0,1.0,0.0,1.0,0.62,0.0,0.91653,0.0,1.0,1.0,1.0,1.0,1.0,1.0,0.94713,1.0,0.0,1.0,1.0,1.0,0.0,0.97638,1.0,1.0,0.7,1.0,1.0,0.5,0.5,0.5,1.0,1.0,0.5,0.5,0.5,0.0,0.0,1.0,1.0,1.0,0.5,0.5,0.3,0.4,1.0,0.66667,1.0,1.0,1.0,1.0
1.0,0.5,1.0,0.5,0.9,0.5,0.10836,0.9,0.3,0.0,1.0,0.0,1.0,0.61,0.0,0.94126,0.0,1.0,1.0,1.0,1.0,1.0,0.0,0.94185,1.0,0.0,1.0,1.0,1.0,0.0,0.98194,1.0,1.0,0.7,1.0,1.0,0.5,0.5,0.5,1.0,1.0,0.5,0.5,0.5,0.0,0.0,1.0,1.0,1.0,0.5,0.5,0.3,0.4,1.0,1.0,1.0,1.0,1.0,1.0
1.0,0.5,0.0,0.5,0.9,0.5,0.10813,0.9,0.33333,0.0,1.0,0.0,1.0,0.58,0.0,0.95416,0.0,1.0,1.0,1.0,1.0,1.0,1.0,0.95985,1.0,0.0,1.0,1.0,1.0,0.0,0.98441,1.0,1.0,0.7,1.0,1.0,0.5,0.5,0.5,1.0,1.0,0.5,0.5,0.5,0.0,0.0,1.0,1.0,1.0,0.5,0.5,0.3,0.4,1.0,1.0,1.0,1.0,1.0,1.0
1.0,0.5,0.0,0.5,1.0,0.5,0.1079,1.0,0.36667,0.0,1.0,0.0,1.0,0.57,0.0,0.95828,0.0,1.0,1.0,1.0,1.0,1.0,1.0,0.96402,1.0,0.0,1.0,1.0,1.0,0.0,0.98709,1.0,1.0,0.7,1.0,1.0,0.5,0.5,0.5,1.0,1.0,0.5,0.5,0.5,0.0,0.0,1.0,1.0,1.0,0.5,0.5,0.3,0.4,1.0,1.0,1.0,1.0,1.0,1.0
1.0,0.5,0.0,0.5,0.8,0.5,0.10648,0.8,0.4,0.0,1.0,0.0,1.0,0.57,0.0,0.96165,0.0,1.0,1.0,1.0,1.0,1.0,0.0,0.94099,1.0,0.0,1.0,1.0,1.0,0.0,0.98957,1.0,1.0,0.7,1.0,1.0,0.5,0.5,0.5,1.0,1.0,0.5,0.5,0.5,0.0,0.0,1.0,1.0,1.0,0.5,0.5,0.3,0.4,1.0,1.0,1.0,1.0,1.0,1.0
1.0,0.5,0.0,0.5,0.8,0.5,0.10454,0.8,0.43333,0.0,1.0,0.0,1.0,0.56,0.0,0.96284,0.0,1.0,1.0,1.0,1.0,1.0,0.0,0.94004,1.0,0.0,1.0,1.0,1.0,0.0,0.99017,1.0,1.0,0.7,1.0,1.0,0.5,0.5,0.5,1.0,1.0,0.5,0.5,0.5,0.0,0.0,1.0,1.0,1.0,0.5,0.5,0.3,0.4,1.0,1.0,1.0,1.0,1.0,1.0
1.0,0.5,0.0,0.5,0.7,0.5,0.10372,0.7,0.46667,0.0,1.0,0.0,1.0,0.56,0.0,0.96701,0.0,1.0,1.0,1.0,1.0,1.0,0.0,0.92851,1.0,0.0,1.0,1.0,1.0,0.0,0.99028,1.0,1.0,0.7,1.0,1.0,0.5,0.5,0.5,1.0,1.0,0.5,0.5,0.5,0.0,0.0,1.0,1.0,1.0,0.5,0.5,0.3,0.4,1.0,1.0,1.0,1.0,1.0,1.0
1.0,0.5,1.0,0.5,0.7,0.5,0.10385,0.7,0.5,0.0,1.0,0.0,1.0,0.56,0.0,0.96892,0.0,1.0,1.0,1.0,1.0,1.0,0.0,0.91891,1.0,0.0,1.0,1.0,1.0,0.0,0.99116,1.0,1.0,0.7,1.0,1.0,0.5,0.5,0.5,1.0,1.0,0.5,0.5,0.5,0.0,0.0,1.0,1.0,1.0,0.5,0.5,0.3,0.4,1.0,1.0,1.0,1.0,1.0,1.0
1.0,0.5,0.0,0.5,0.7,0.5,0.10256,0.7,0.53333,0.0,1.0,0.0,1.0,0.55,0.0,0.97665,0.0,1.0,1.0,1.0,1.0,1.0,0.0,0.90951,1.0,0.0,1.0,1.0,1.0,0.0,0.9921,1.0,1.0,0.7,1.0,1.0,0.5,0.5,0.5,1.0,1.0,0.5,0.5,0.5,0.0,0.0,1.0,1.0,1.0,0.5,0.5,0.3,0.4,1.0,1.0,1.0,1.0,1.0,1.0
1.0,0.5,0.0,0.5,0.6,0.5,0.1006,0.6,0.56667,0.0,1.0,0.0,1.0,0.55,0.0,0.98315,0.0,1.0,1.0,1.0,1.0,1.0,0.0,0.90191,1.0,0.0,1.0,0.98547,0.66667,0.0,0.99312,1.0,1.0,0.7,1.0,1.0,0.5,0.5,0.5,1.0,1.0,0.5,0.5,0.5,0.0,0.0,1.0,1.0,1.0,0.5,0.5,0.3,0.4,1.0,1.0,1.0,1.0,1.0,1.0
1.0,0.5,0.0,0.5,0.5,0.5,0.09911,0.5,0.6,0.0,1.0,0.0,1.0,0.53,0.0,0.98887,0.0,1.0,1.0,1.0,1.0,1.0,0.0,0.89572,1.0,0.0,1.0,0.97244,0.66667,0.0,0.99422,1.0,1.0,0.7,1.0,1.0,0.5,0.5,0.5,1.0,1.0,0.5,0.5,0.5,0.0,0.0,1.0,1.0,1.0,0.5,0.5,0.3,0.4,1.0,1.0,1.0,1.0,1.0,1.0
1.0,0.5,0.0,0.5,0.5,0.5,0.09784,0.5,0.63333,0.0,1.0,0.0,1.0,0.51,0.0,0.98993,0.0,1.0,1.0,1.0,1.0,1.0,0.0,0.88312,1.0,0.0,1.0,0.98071,0.66667,0.0,0.99491,1.0,1.0,0.7,1.0,1.0,0.5,0.5,0.5,1.0,1.0,0.5,0.5,0.5,0.0,0.0,1.0,1.0,1.0,0.5,0.5,0.3,0.4,1.0,1.0,1.0,1.0,1.0,1.0
1.0,0.5,0.0,0.5,0.4,0.5,0.09636,0.4,0.66667,0.0,1.0,0.0,1.0,0.51,0.0,0.99413,0.0,1.0,1.0,1.0,1.0,1.0,0.0,0.87461,1.0,0.0,1.0,0.95922,0.66667,0.0,0.99569,1.0,1.0,0.7,1.0,1.0,0.5,0.5,0.5,1.0,1.0,0.5,0.5,0.5,0.0,0.0,1.0,1.0,1.0,0.5,0.5,0.3,0.4,1.0,1.0,1.0,1.0,1.0,1.0
1.0,0.5,0.0,0.5,0.3,0.5,0.09307,0.3,0.7,0.0,1.0,0.0,1.0,0.51,0.0,0.99656,0.0,1.0,1.0,1.0,1.0,1.0,0.0,0.86775,1.0,0.0,0.99914,0.91648,0.66667,0.0,0.99617,1.0,1.0,0.7,1.0,1.0,0.5,0.5,0.5,1.0,1.0,0.5,0.5,0.5,0.0,0.0,1.0,1.0,1.0,0.5,0.5,0.3,0.4,1.0,1.0,1.0,1.0,1.0,1.0
1.0,0.5,0.0,0.5,0.3,0.5,0.09299,0.3,0.73333,0.0,1.0,0.0,1.0,0.51,0.0,0.99594,0.0,1.0,1.0,1.0,1.0,1.0,0.0,0.85579,1.0,0.0,1.0,0.9211,0.66667,0.0,0.99741,1.0,1.0,0.7,1.0,1.0,0.5,0.5,0.5,1.0,1.0,0.5,0.5,0.5,0.0,0.0,1.0,1.0,1.0,0.5,0.5,0.3,0.4,1.0,1.0,1.0,1.0,1.0,1.0
1.0,0.5,0.0,0.5,0.2,0.5,0.09018,0.2,0.76667,0.0,1.0,0.0,1.0,0.51,0.0,0.99988,0.0,1.0,1.0,1.0,1.0,1.0,0.0,0.84456,1.0,0.0,0.98134,0.9046,0.33333,0.0,0.99707,1.0,1.0,0.7,1.0,1.0,0.5,0.5,0.5,1.0,1.0,0.5,0.5,0.5,0.0,0.0,1.0,1.0,1.0,0.5,0.5,0.3,0.4,1.0,1.0,1.0,1.0,1.0,1.0
1.0,1.0,0.0,1.0,0.2,0.4,0.0721,0.1,1.0,0.0,1.0,0.0,0.0,0.51,0.0,0.0,0.99823,1.0,1.0,1.0,1.0,1.0,0.0,0.67109,1.0,0.0,0.88016,0.78378,0.0,0.0,0.99832,1.0,1.0,0.7,1.0,1.0,0.5,0.5,0.5,1.0,1.0,0.5,0.5,0.5,0.0,0.0,1.0,1.0,1.0,0.5,0.5,0.3,0.4,1.0,0.66667,1.0,1.0,1.0,1.0
0.5,0.5,0.5,0.5,0.5,0.5,0.00058,0.1,0.0,0.81081,1.0,0.0,0.0,0.39,0.03,0.9902,0.0,1.0,1.0,0.91111,1.0,0.5,0.0,0.56275,1.0,0.11111,0.02276,0.01151,0.0,0.0,1.0,0.33333,0.5,0.7,1.0,1.0,0.5,0.5,0.5,1.0,1.0,0.5,0.5,0.5,0.0,0.0,1.0,1.0,1.0,0.00704,0.402,1.0,0.1,0.0,1.0,0.0,1.0,0.0,0.5
0.5,0.5,0.5,0.5,0.5,0.5,0.09849,0.4,0.36667,0.0,1.0,0.0,0.0,0.46,0.04,0.99157,0.0,1.0,1.0,1.0,1.0,0.5,0.0,0.78462,1.0,0.11111,0.94372,0.82962,0.5,0.0,0.97651,0.77778,0.5,0.7,1.0,1.0,0.5,0.5,0.5,1.0,1.0,0.5,0.5,0.5,0.0,0.0,1.0,1.0,1.0,0.89159,0.71913,0.3,0.5,1.0,0.5,0.75,1.0,1.0,0.5
1.0,1.0,0.0,0.0,0.4,0.2,0.09418,0.3,0.56667,0.0,1.0,0.0,0.0,0.46,0.04,0.99911,0.0,1.0,1.0,1.0,1.0,1.0,0.0,0.78721,1.0,0.11111,0.90038,0.7466,0.25,0.0,0.97617,1.0,1.0,0.7,1.0,1.0,0.5,0.5,0.5,1.0,1.0,0.5,0.5,0.5,0.0,0.0,1.0,1.0,1.0,0.89159,0.71913,0.3,0.5,1.0,1.0,0.75,1.0,1.0,1.0
1.0,0.5,1.0,0.5,0.3,0.5,0.09554,0.3,0.6,0.0,1.0,0.0,1.0,0.46,0.04,0.99956,0.0,1.0,1.0,1.0,1.0,1.0,0.0,0.78128,1.0,0.11111,0.90681,0.74941,0.25,0.0,0.97627,1.0,1.0,0.7,1.0,1.0,0.5,0.5,0.5,1.0,1.0,0.5,0.5,0.5,0.0,0.0,1.0,1.0,1.0,0.89159,0.71913,0.3,0.5,1.0,1.0,0.75,1.0,1.0,1.0
1.0,1.0,0.0,0.0,0.3,0.2,0.09378,0.2,0.83333,0.0,1.0,0.0,0.0,0.46,0.04,0.0,0.99919,1.0,1.0,1.0,1.0,1.0,0.0,0.77962,1.0,0.11111,0.88387,0.72075,0.0,0.0,0.97751,0.88889,1.0,0.7,1.0,1.0,0.5,0.5,0.5,1.0,1.0,0.5,0.5,0.5,0.0,0.0,1.0,1.0,1.0,0.89159,0.71913,0.3,0.5,1.0,1.0,0.75,1.0,1.0,1.0
1.0,0.5,1.0,0.5,0.4,0.5,0.09715,0.4,0.86667,0.0,1.0,0.0,1.0,0.46,0.04,0.0,0.99947,1.0,1.0,1.0,1.0,1.0,0.0,0.77376,1.0,0.11111,0.90918,0.74887,0.5,0.0,0.97804,1.0,1.0,0.7,1.0,1.0,0.5,0.5,0.5,1.0,1.0,0.5,0.5,0.5,0.0,0.0,1.0,1.0,1.0,0.89159,0.71913,0.3,0.5,1.0,1.0,0.75,1.0,1.0,1.0
1.0,0.5,1.0,0.5,0.4,0.5,0.09851,0.4,0.9,0.0,1.0,0.0,1.0,0.46,0.04,0.0,0.99942,1.0,1.0,1.0,1.0,1.0,0.0,0.76767,1.0,0.11111,0.91504,0.75422,0.5,0.0,0.9783,1.0,1.0,0.7,1.0,1.0,0.5,0.5,0.5,1.0,1.0,0.5,0.5,0.5,0.0,0.0,1.0,1.0,1.0,0.89159,0.71913,0.3,0.5,1.0,1.0,0.75,1.0,1.0,1.0
1.0,0.5,1.0,0.5,0.4,0.5,0.09967,0.4,0.93333,0.0,1.0,0.0,1.0,0.46,0.04,0.0,0.9993,1.0,1.0,1.0,1.0,1.0,0.0,0.76254,1.0,0.11111,0.92007,0.75787,0.5,0.0,0.97841,1.0,1.0,0.7,1.0,1.0,0.5,0.5,0.5,1.0,1.0,0.5,0.5,0.5,0.0,0.0,1.0,1.0,1.0,0.89159,0.71913,0.3,0.5,1.0,1.0,0.75,1.0,1.0,1.0
1.0,0.5,1.0,0.5,0.4,0.5,0.10065,0.4,0.96667,0.0,1.0,0.0,1.0,0.46,0.04,0.0,0.99928,1.0,1.0,1.0,1.0,1.0,0.0,0.75818,1.0,0.11111,0.9242,0.76073,0.5,0.0,0.97843,1.0,1.0,0.7,1.0,1.0,0.5,0.5,0.5,1.0,1.0,0.5,0.5,0.5,0.0,0.0,1.0,1.0,1.0,0.89159,0.71913,0.3,0.5,1.0,1.0,0.75,1.0,1.0,1.0
1.0,0.5,1.0,0.5,0.4,0.5,0.1015,0.4,1.0,0.0,1.0,0.0,1.0,0.46,0.04,0.0,0.99924,1.0,1.0,1.0,1.0,1.0,0.0,0.75443,1.0,0.11111,0.92762,0.77037,0.5,0.0,0.97833,1.0,1.0,0.7,1.0,1.0,0.5,0.5,0.5,1.0,1.0,0.5,0.5,0.5,0.0,0.0,1.0,1.0,1.0,0.89159,0.71913,0.3,0.5,1.0,1.0,0.75,1.0,1.0,1.0
0.5,0.5,0.5,0.5,0.5,0.5,0.13648,1.0,0.26667,0.0,1.0,0.0,0.0,0.38,0.05,0.99331,0.0,0.84444,1.0,0.75556,0.75556,0.5,0.0,0.91592,1.0,0.11111,1.0,1.0,1.0,0.0,0.66667,0.66667,0.5,0.7,1.0,1.0,0.5,0.5,0.5,1.0,1.0,0.5,0.5,0.5,0.0,0.0,1.0,1.0,1.0,1.0,1.0,0.3,0.2,0.5,1.0,1.0,1.0,0.5,0.5
0.0,0.0,0.0,0.0,0.5,0.7,0.12949,0.9,0.66667,0.0,1.0,0.0,0.0,0.32,0.12,0.97872,0.0,1.0,1.0,0.82222,1.0,0.75556,1.0,0.92197,1.0,0.11111,1.0,1.0,1.0,0.0,0.99004,1.0,0.66667,0.7,1.0,1.0,0.5,0.42957,0.5,1.0,1.0,0.5,0.5,0.5,0.0,0.0,1.0,1.0,1.0,0.48966,0.37492,0.3,0.3,0.66667,1.0,0.0,1.0,0.66667,1.0
0.0,0.0,0.0,0.0,0.3,0.2,0.06413,0.2,0.73333,0.0,1.0,0.0,0.0,0.31,0.12,0.0,0.96195,0.86667,1.0,0.68889,0.86667,0.86667,1.0,0.97049,1.0,0.11111,0.66457,0.57019,0.0,0.0,0.98133,1.0,1.0,0.0,0.8,0.78331,0.33258,0.56828,0.2328,1.0,1.0,0.5,0.5,0.5,0.0,0.0,1.0,1.0,1.0,0.48966,0.37492,1.0,0.1,0.0,1.0,0.0,1.0,0.66667,1.0
1.0,0.5,1.0,0.5,0.4,0.5,0.06453,0.4,0.76667,0.0,1.0,0.0,1.0,0.33,0.1,0.97738,0.0,1.0,1.0,0.8,1.0,1.0,0.0,0.92171,1.0,0.11111,0.71623,0.50268,0.33333,0.0,0.98144,1.0,1.0,0.25,1.0,1.0,0.5,0.56828,0.5,1.0,1.0,0.5,0.5,0.5,0.0,0.0,1.0,1.0,1.0,0.48966,0.37492,0.75,0.3,0.66667,1.0,0.0,1.0,0.0,1.0
0.0,0.0,0.0,0.0,0.3,0.3,0.05112,0.3,0.83333,0.0,1.0,0.0,0.0,0.34,0.09,0.93881,0.0,0.86667,1.0,0.82222,1.0,0.86667,1.0,0.93706,1.0,0.11111,0.56061,0.26466,0.33333,0.0,0.97819,0.77778,0.77778,0.7,1.0,1.0,0.5,0.56828,0.5,1.0,1.0,0.5,0.5,0.5,0.0,0.0,1.0,1.0,1.0,0.48966,0.37492,0.3,0.3,0.66667,0.5,0.0,1.0,0.66667,1.0
0.0,0.0,0.0,0.0,0.3,0.3,0.0389,0.3,0.9,0.0,1.0,0.0,0.0,0.33,0.08,0.9951,0.0,1.0,1.0,0.77778,1.0,0.95556,1.0,0.965,1.0,0.11111,0.40919,0.18375,0.33333,0.0,0.96639,0.77778,1.0,0.7,1.0,1.0,0.5,0.56828,0.5,1.0,1.0,0.5,0.5,0.5,0.0,0.0,1.0,1.0,1.0,0.48966,0.37492,0.3,0.3,0.66667,1.0,0.0,1.0,0.66667,1.0
0.5,0.5,0.5,0.5,0.5,0.5,0.0671,0.66667,0.13333,0.0,0.0,0.66667,0.0,0.74222,0.0,0.0,1.0,1.0,1.0,1.0,1.0,0.5,1.0,0.83451,1.0,0.85714,0.99949,0.94807,0.5,0.0,0.95308,0.0,0.5,0.7,1.0,1.0,0.5,0.5,0.5,1.0,1.0,0.5,0.5,0.5,0.0,0.0,1.0,1.0,1.0,0.5,0.5,0.3,0.13333,0.5,1.0,1.0,1.0,0.0,0.5
0.5,0.5,0.5,0.5,0.5,0.5,0.05535,0.06667,0.1,0.0,0.0,0.66667,0.0,0.07556,0.0,0.97525,0.0,0.99048,1.0,1.0,1.0,0.5,0.0,0.66422,1.0,0.07143,0.8402,0.73212,0.0,0.0,0.50761,0.92857,0.5,0.7,1.0,1.0,0.5,0.5,0.5,1.0,1.0,0.5,0.5,0.5,0.0,0.0,1.0,1.0,1.0,0.5,0.5,0.3,0.13333,0.5,0.0,1.0,1.0,0.5,0.5
0.0,0.0,0.0,0.0,0.06667,0.06667,0.04671,0.06667,0.2,0.0,0.0,0.66667,0.0,0.07556,0.0,0.98904,0.0,1.0,1.0,1.0,1.0,0.97143,0.0,0.01363,0.03409,0.07143,1.0,1.0,1.0,1.0,1.0,0.92857,0.85714,0.7,1.0,1.0,0.5,0.5,0.5,1.0,1.0,0.5,0.5,0.5,0.0,0.0,1.0,1.0,1.0,0.5,0.5,1.0,0.06667,1.0,1.0,1.0,1.0,1.0,1.0
0.0,0.0,0.0,1.0,0.06667,0.06667,0.04725,0.06667,0.26667,0.0,0.0,0.66667,0.0,0.07111,0.0,0.99244,0.0,0.99048,0.99048,1.0,1.0,0.99048,1.0,0.61709,1.0,0.07143,0.74983,0.59978,0.0,0.0,0.53104,0.92857,0.92857,0.7,1.0,1.0,0.5,0.5,0.5,1.0,1.0,0.5,0.5,0.5,0.0,0.0,1.0,1.0,1.0,0.5,0.5,1.0,0.06667,0.0,1.0,1.0,1.0,0.0,0.5
1.0,0.5,1.0,0.5,0.06667,0.5,0.04797,0.06667,0.3,0.0,0.0,0.66667,1.0,0.07111,0.0,0.9946,0.0,1.0,0.99048,1.0,1.0,1.0,0.0,0.59763,1.0,0.07143,0.85217,0.74242,0.0,1.0,0.84019,1.0,0.85714,0.7,1.0,1.0,0.5,0.5,0.5,1.0,1.0,0.5,0.5,0.5,0.0,0.0,1.0,1.0,1.0,0.5,0.5,0.3,0.13333,1.0,1.0,1.0,1.0,0.0,0.5
0.5,0.5,0.5,0.5,0.5,0.5,0.06435,0.33333,0.06667,0.0,0.0,0.66667,0.0,0.36,0.0,0.5,0.5,0.47619,1.0,1.0,1.0,0.5,1.0,0.62365,1.0,0.07143,0.99275,0.87777,0.44444,0.0,0.86392,0.92857,0.5,0.7,1.0,1.0,0.5,0.5,0.5,1.0,1.0,0.5,0.5,0.5,0.5,0.5,1.0,1.0,1.0,0.5,0.5,0.3,0.4,0.55556,0.8,1.0,1.0,0.77778,0.5
1.0,0.5,1.0,0.5,0.33333,0.5,0.06453,0.33333,0.1,0.0,0.0,0.66667,1.0,0.40889,0.0,0.87942,0.0,1.0,1.0,1.0,1.0,1.0,0.0,0.61997,1.0,0.07143,0.9846,0.92111,0.44444,1.0,0.90381,1.0,1.0,0.7,1.0,1.0,0.5,0.5,0.5,1.0,1.0,0.5,0.5,0.5,0.0,0.0,1.0,1.0,1.0,0.5,0.5,0.3,0.6,0.88889,0.75,1.0,1.0,0.55556,1.0
1.0,0.5,1.0,0.5,0.4,0.5,0.06795,0.4,0.13333,0.0,0.0,0.66667,1.0,0.39111,0.01333,0.38649,0.0,0.78095,1.0,0.78095,1.0,0.78095,0.0,0.61985,1.0,0.07143,1.0,0.9209,0.44444,0.0,0.93908,1.0,0.85714,0.93333,1.0,1.0,0.5,0.5,0.5,1.0,1.0,0.5,0.5,0.5,1.0,0.0,0.06667,1.0,1.0,0.5,0.5,1.0,0.06667,0.0,1.0,1.0,1.0,0.77778,1.0
1.0,0.5,1.0,0.5,0.86667,0.5,0.08663,0.86667,0.16667,0.0,0.0,0.66667,1.0,0.26222,0.05333,0.6995,0.0,0.77143,1.0,0.97143,1.0,0.77143,0.0,0.60631,1.0,0.14286,1.0,0.92864,0.75,0.0,0.95009,1.0,0.92857,0.7,1.0,1.0,0.5,0.5,0.5,1.0,1.0,1.0,1.0,0.5,0.0,1.0,1.0,1.0,1.0,1.0,1.0,0.3,0.46667,0.75,0.83333,0.33333,1.0,0.0,1.0
0.0,0.5,0.0,0.5,0.93333,0.5,0.08573,0.93333,0.2,0.0,0.0,0.66667,1.0,0.27556,0.07556,0.92094,0.0,0.5619,1.0,0.79048,1.0,0.5619,1.0,0.75222,1.0,0.07143,1.0,0.98174,0.83333,0.0,0.84896,1.0,0.71429,0.7,0.93333,1.0,1.0,1.0,1.0,1.0,1.0,1.0,1.0,1.0,0.0,0.0,1.0,1.0,1.0,1.0,1.0,0.3,0.4,0.83333,0.4,0.4,1.0,0.83333,1.0
0.0,0.5,0.0,0.5,0.53333,0.5,0.08388,0.53333,0.23333,0.0,0.0,0.66667,1.0,0.25333,0.08889,0.91259,0.0,1.0,1.0,0.88571,1.0,1.0,0.0,0.73435,1.0,0.07143,1.0,0.85913,0.33333,0.0,0.84052,1.0,1.0,0.7,1.0,1.0,0.5,1.0,0.5,1.0,1.0,1.0,1.0,1.0,0.0,0.0,1.0,1.0,1.0,1.0,1.0,0.3,0.4,0.83333,0.0,0.4,1.0,0.83333,1.0
1.0,0.5,1.0,0.5,0.6,0.5,0.08639,0.6,0.26667,0.0,0.0,0.66667,1.0,0.28889,0.08889,0.99183,0.0,1.0,1.0,0.5619,1.0,1.0,1.0,0.74248,1.0,0.07143,1.0,0.85711,0.5,0.0,0.83519,1.0,1.0,0.7,1.0,1.0,0.5,1.0,0.5,1.0,1.0,1.0,1.0,1.0,0.0,0.0,1.0,1.0,1.0,1.0,1.0,0.3,0.4,0.83333,0.2,0.4,1.0,0.83333,1.0
1.0,0.5,1.0,0.5,0.73333,0.5,0.08981,0.73333,0.3,0.0,0.0,0.66667,1.0,0.28889,0.08444,0.0,0.99878,1.0,1.0,0.54286,1.0,1.0,0.0,0.72095,1.0,0.14286,0.96216,0.79841,0.4,0.0,0.97198,1.0,0.78571,0.7,1.0,1.0,0.5,1.0,0.5,1.0,1.0,1.0,1.0,1.0,0.0,0.0,1.0,1.0,1.0,1.0,1.0,0.3,0.33333,0.8,0.5,0.5,1.0,0.8,1.0
1.0,0.5,1.0,0.5,0.8,0.5,0.09502,0.8,0.33333,0.0,0.0,0.66667,1.0,0.28,0.08444,0.0,0.95733,0.53333,1.0,0.84762,1.0,0.53333,1.0,0.96552,1.0,0.42857,1.0,0.93731,0.75,0.0,0.95656,1.0,0.78571,0.7,1.0,1.0,0.5,1.0,0.5,1.0,1.0,1.0,1.0,1.0,0.0,0.0,1.0,1.0,1.0,1.0,1.0,0.3,0.33333,1.0,0.75,0.25,1.0,0.75,1.0
1.0,0.5,1.0,0.5,0.8,0.5,0.09796,0.8,0.36667,0.0,0.0,0.66667,1.0,0.26667,0.08444,0.0,0.99029,0.87619,0.87619,0.80952,1.0,0.87619,0.0,0.59522,1.0,0.07143,1.0,0.81601,0.625,0.0,0.96661,1.0,0.71429,0.7,1.0,1.0,0.5,1.0,0.5,1.0,1.0,1.0,1.0,1.0,0.0,0.0,1.0,1.0,1.0,1.0,1.0,0.3,0.4,0.625,0.8,0.4,1.0,0.5,1.0
1.0,0.5,1.0,0.5,0.86667,0.5,0.10166,0.86667,0.4,0.0,0.0,0.66667,1.0,0.28,0.08889,0.0,0.93084,0.71429,0.97143,0.71429,1.0,0.71429,1.0,0.85121,1.0,0.14286,1.0,0.83103,0.5,0.0,0.96257,1.0,0.71429,0.7,1.0,1.0,0.5,1.0,0.5,1.0,1.0,1.0,1.0,1.0,0.0,0.0,1.0,1.0,1.0,1.0,1.0,0.3,0.33333,1.0,1.0,0.25,1.0,1.0,1.0
1.0,0.5,1.0,0.5,0.8,0.5,0.10514,0.8,0.43333,0.0,0.0,0.66667,1.0,0.26222,0.08444,0.0,0.95594,0.71429,0.68571,0.88571,1.0,0.71429,0.0,0.59557,1.0,0.07143,1.0,0.83288,0.625,0.0,0.96771,1.0,0.71429,0.7,1.0,1.0,0.5,1.0,0.5,1.0,1.0,1.0,1.0,1.0,0.0,0.0,1.0,1.0,1.0,1.0,1.0,0.3,0.4,0.625,1.0,0.4,1.0,0.5,1.0
1.0,0.5,1.0,0.5,0.8,0.5,0.10687,0.8,0.46667,0.0,0.0,0.66667,1.0,0.24889,0.09333,0.8895,0.0,0.65714,0.99048,0.64762,1.0,0.65714,1.0,0.67213,1.0,0.14286,1.0,0.8418,0.6,0.0,0.96415,1.0,0.78571,0.7,1.0,1.0,0.5,1.0,0.5,1.0,1.0,1.0,1.0,1.0,0.0,0.0,1.0,1.0,1.0,1.0,1.0,0.3,0.4,1.0,1.0,0.4,1.0,1.0,1.0
1.0,0.5,1.0,0.5,0.86667,0.5,0.11544,0.86667,0.5,0.0,0.0,0.66667,1.0,0.23111,0.09778,0.91035,0.0,1.0,0.99048,0.95238,1.0,1.0,1.0,0.80872,1.0,0.14286,1.0,0.93641,0.8,0.0,0.96817,1.0,0.85714,0.7,1.0,1.0,0.5,1.0,0.5,1.0,1.0,1.0,1.0,1.0,0.0,0.0,1.0,1.0,1.0,1.0,1.0,0.3,0.4,1.0,1.0,0.2,1.0,0.8,1.0
1.0,0.5,1.0,0.5,0.8,0.5,0.11565,0.8,0.53333,0.0,0.0,0.66667,1.0,0.23556,0.09333,0.93134,0.0,1.0,1.0,0.95238,1.0,1.0,0.0,0.79932,1.0,0.14286,1.0,0.94772,0.8,0.0,0.9641,1.0,1.0,0.7,1.0,1.0,0.5,1.0,0.5,1.0,1.0,1.0,1.0,1.0,0.0,0.0,1.0,1.0,1.0,1.0,1.0,0.3,0.4,1.0,0.6,0.2,1.0,1.0,1.0
1.0,0.5,1.0,0.5,0.8,0.5,0.11665,0.8,0.56667,0.0,0.0,0.66667,1.0,0.23111,0.08444,0.94005,0.0,1.0,1.0,0.88571,1.0,1.0,0.0,0.65636,1.0,0.14286,1.0,0.91523,0.6,0.0,0.96629,1.0,0.85714,0.7,1.0,1.0,0.5,1.0,0.5,1.0,1.0,1.0,1.0,1.0,0.0,0.0,1.0,1.0,1.0,1.0,1.0,0.3,0.4,1.0,0.2,0.4,1.0,0.8,1.0
1.0,0.5,1.0,0.5,0.86667,0.5,0.11777,0.86667,0.6,0.0,0.0,0.66667,1.0,0.22222,0.07556,0.96498,0.0,1.0,1.0,0.88571,1.0,1.0,0.0,0.649,1.0,0.14286,1.0,0.90308,0.6,0.0,0.98102,1.0,0.85714,0.7,1.0,1.0,0.5,1.0,0.5,1.0,1.0,1.0,1.0,1.0,0.0,0.0,1.0,1.0,1.0,1.0,1.0,0.3,0.4,1.0,1.0,0.4,1.0,0.8,1.0
1.0,0.5,1.0,0.5,0.86667,0.5,0.12109,0.86667,0.63333,0.0,0.0,0.66667,1.0,0.22222,0.06222,0.0,0.97487,0.92381,1.0,0.84762,1.0,0.92381,1.0,0.80077,1.0,0.14286,1.0,0.95774,0.8,0.0,0.94596,1.0,0.85714,0.7,1.0,1.0,0.5,1.0,0.5,1.0,1.0,1.0,1.0,1.0,0.0,0.0,1.0,1.0,1.0,1.0,1.0,0.3,0.4,1.0,1.0,0.2,1.0,0.8,1.0
1.0,0.5,1.0,0.5,0.86667,0.5,0.12435,0.86667,0.66667,0.0,0.0,0.66667,1.0,0.21333,0.05778,0.97101,0.0,0.84762,1.0,0.9619,1.0,0.84762,1.0,0.80321,1.0,0.21429,1.0,0.97328,0.8,0.0,0.94112,1.0,1.0,0.7,1.0,1.0,0.5,1.0,0.5,1.0,1.0,1.0,1.0,1.0,0.0,0.0,1.0,1.0,1.0,1.0,1.0,0.3,0.33333,0.8,0.75,0.25,1.0,1.0,1.0
0.5,0.5,0.5,0.5,0.5,0.5,0.06292,0.26667,0.06667,0.0,0.0,0.66667,0.0,0.18222,0.0,0.5,0.5,0.84762,0.87619,1.0,1.0,0.5,1.0,0.923,1.0,0.0,0.98232,0.84613,0.6,0.0,0.69444,0.92857,0.5,0.7,1.0,1.0,0.5,0.5,0.5,1.0,1.0,0.5,0.5,0.5,0.5,0.5,1.0,1.0,1.0,0.5,0.5,0.3,0.2,0.4,1.0,1.0,1.0,0.8,0.5
0.0,1.0,0.0,1.0,0.53333,0.86667,0.07749,0.86667,0.13333,0.0,0.0,0.66667,0.0,0.28444,0.03556,0.80572,0.0,0.84762,0.95238,0.91429,1.0,0.54286,0.0,0.92705,1.0,0.07143,1.0,0.95312,0.8,0.0,0.91045,1.0,0.85714,0.5,1.0,1.0,0.5,0.5,0.5,1.0,1.0,0.5,0.5,0.5,0.0,0.0,1.0,1.0,1.0,0.5,0.5,0.5,0.33333,0.8,1.0,0.5,1.0,0.0,1.0
0.0,1.0,0.0,0.0,0.6,0.86667,0.07599,0.86667,0.2,0.0,0.0,0.66667,0.0,0.29333,0.04444,0.93916,0.0,0.91429,0.87619,0.8,1.0,1.0,1.0,0.97917,1.0,0.07143,1.0,0.71327,0.8,0.0,0.94206,1.0,1.0,0.7,1.0,1.0,0.5,0.5,0.5,1.0,1.0,0.5,0.5,0.5,0.0,0.0,1.0,1.0,1.0,0.5,0.5,0.3,0.33333,0.8,0.75,0.5,1.0,0.0,1.0
0.5,0.5,0.5,0.5,0.5,0.5,0.07153,0.8,0.06667,0.0,0.0,0.66667,0.0,0.26222,0.0,0.5,0.5,0.7619,0.68571,1.0,1.0,0.5,1.0,0.96444,1.0,0.07143,1.0,0.96987,0.8,0.0,0.88235,1.0,0.5,0.7,1.0,1.0,0.5,0.5,0.5,1.0,1.0,0.5,0.5,0.5,0.5,0.5,1.0,1.0,1.0,0.5,0.5,0.3,0.26667,0.6,1.0,1.0,1.0,0.8,0.5
1.0,0.5,1.0,0.5,0.86667,0.5,0.07258,0.86667,0.1,0.0,0.0,0.66667,1.0,0.32444,0.0,0.92307,0.0,0.9619,0.8,1.0,1.0,0.9619,1.0,0.99791,1.0,0.07143,1.0,0.95778,0.8,0.0,0.90854,1.0,1.0,0.7,1.0,1.0,0.5,0.5,0.5,1.0,1.0,0.5,0.5,0.5,0.0,0.0,1.0,1.0,1.0,0.5,0.5,0.3,0.33333,0.8,1.0,1.0,1.0,0.6,1.0
1.0,0.5,1.0,0.5,0.8,0.5,0.0729,0.8,0.13333,0.0,0.0,0.66667,1.0,0.27111,0.0,0.92399,0.0,0.78095,0.80952,1.0,1.0,0.78095,0.0,0.99205,1.0,0.14286,1.0,0.94683,0.8,0.0,0.92347,1.0,1.0,0.7,1.0,1.0,0.5,0.5,0.5,1.0,1.0,0.5,0.5,0.5,0.0,0.0,1.0,1.0,1.0,0.5,0.5,0.3,0.33333,0.8,0.75,1.0,1.0,0.8,1.0
1.0,0.5,1.0,0.5,0.73333,0.5,0.07315,0.73333,0.16667,0.0,0.0,0.66667,1.0,0.26222,0.0,0.95485,0.0,0.97143,0.82857,1.0,1.0,0.97143,1.0,0.99801,1.0,0.14286,1.0,0.99289,0.8,0.0,0.93669,1.0,1.0,0.7,1.0,1.0,0.5,0.5,0.5,1.0,1.0,0.5,0.5,0.5,0.0,0.0,1.0,1.0,1.0,0.5,0.5,0.3,0.4,1.0,0.8,1.0,1.0,0.8,1.0
1.0,0.5,1.0,0.5,0.93333,0.5,0.07578,0.93333,0.2,0.0,0.0,0.66667,1.0,0.25778,0.0,0.94748,0.0,0.82857,0.95238,1.0,1.0,0.82857,0.0,0.98226,1.0,0.0,1.0,1.0,1.0,0.0,0.94872,1.0,1.0,0.7,1.0,1.0,0.5,0.5,0.5,1.0,1.0,0.5,0.5,0.5,0.0,0.0,1.0,1.0,1.0,0.5,0.5,0.3,0.4,1.0,1.0,1.0,1.0,1.0,1.0
1.0,0.5,1.0,0.5,1.0,0.5,0.0809,1.0,0.23333,0.0,0.0,0.66667,1.0,0.26222,0.00444,0.39838,0.0,1.0,1.0,1.0,1.0,1.0,0.0,0.95761,1.0,0.0,1.0,1.0,1.0,0.0,0.95438,1.0,1.0,0.7,1.0,1.0,0.5,0.5,0.5,1.0,1.0,0.5,0.5,0.5,0.54306,0.0,0.63333,1.0,1.0,0.5,0.5,0.66667,0.33333,0.8,1.0,1.0,1.0,1.0,1.0
1.0,0.5,1.0,0.5,1.0,0.5,0.08742,1.0,0.26667,0.0,0.0,0.66667,1.0,0.25778,0.01778,0.62572,0.0,1.0,1.0,1.0,1.0,1.0,0.0,0.86395,1.0,0.0,1.0,1.0,1.0,0.0,0.95278,1.0,1.0,0.7,1.0,1.0,0.5,0.5,0.5,1.0,1.0,0.47525,0.41288,0.5,0.0,0.02687,1.0,1.0,1.0,0.47525,0.41288,0.3,0.33333,0.8,0.75,0.75,1.0,0.8,1.0
1.0,0.5,1.0,0.5,1.0,0.5,0.08851,1.0,0.3,0.0,0.0,0.66667,1.0,0.25333,0.02222,0.77974,0.0,1.0,1.0,1.0,1.0,1.0,1.0,0.91323,1.0,0.07143,1.0,1.0,1.0,1.0,0.98457,1.0,0.92857,0.76667,1.0,1.0,0.5,0.5,0.5,1.0,1.0,0.47525,0.41288,1.0,0.66997,0.0,0.23333,1.0,1.0,0.47525,0.41288,1.0,0.06667,0.0,1.0,0.0,1.0,1.0,1.0
1.0,0.5,1.0,0.5,1.0,0.5,0.10325,1.0,0.33333,0.0,0.0,0.66667,1.0,0.26222,0.03111,0.88691,0.0,0.92381,0.91429,1.0,1.0,0.92381,0.0,0.91102,1.0,0.07143,1.0,1.0,1.0,1.0,0.99283,1.0,1.0,0.7,1.0,1.0,0.5,0.5,0.5,1.0,1.0,0.89843,0.64259,1.0,0.32732,0.32696,0.56667,1.0,1.0,0.89843,0.64259,0.73333,0.33333,1.0,1.0,0.75,1.0,0.0,1.0
0.0,0.5,1.0,0.5,1.0,0.5,0.1037,1.0,0.36667,0.0,0.0,0.66667,1.0,0.24444,0.03556,0.95261,0.0,1.0,1.0,1.0,1.0,1.0,1.0,0.94747,1.0,0.07143,1.0,1.0,1.0,1.0,0.99251,1.0,1.0,0.7,0.93333,0.97562,0.51911,0.51911,0.51911,1.0,1.0,1.0,0.57811,1.0,0.0,0.0,1.0,1.0,1.0,1.0,0.57811,0.3,0.33333,1.0,0.75,0.75,1.0,1.0,1.0
0.5,0.5,0.5,0.5,0.5,0.5,0.07353,1.0,0.06667,0.0,0.0,0.66667,0.0,0.52444,0.0,0.5,0.5,0.0,1.0,1.0,1.0,0.5,1.0,0.93679,1.0,0.71429,1.0,1.0,1.0,0.0,0.93846,0.35714,0.5,0.7,1.0,1.0,0.5,0.5,0.5,1.0,1.0,0.5,0.5,0.5,0.5,0.5,1.0,1.0,1.0,0.5,0.5,0.3,0.33333,1.0,1.0,1.0,1.0,1.0,0.5
1.0,0.5,0.0,0.5,0.93333,0.5,0.07074,0.93333,0.1,0.0,0.0,0.66667,1.0,0.83556,0.0,1.0,0.0,1.0,1.0,1.0,1.0,1.0,1.0,0.99759,1.0,0.64286,1.0,1.0,1.0,1.0,0.94134,1.0,0.92857,0.7,1.0,1.0,0.5,0.5,0.5,1.0,1.0,0.5,0.5,0.5,0.0,0.0,1.0,1.0,1.0,0.5,0.5,0.3,0.4,1.0,0.4,1.0,1.0,0.8,1.0
0.5,0.5,0.5,0.5,0.5,0.5,0.06985,0.93333,0.06667,0.0,0.0,0.66667,0.0,0.50667,0.0,0.5,0.5,0.24762,0.86667,1.0,1.0,0.5,1.0,0.93721,1.0,0.42857,1.0,1.0,1.0,0.0,0.86562,0.64286,0.5,0.7,1.0,1.0,0.5,0.5,0.5,1.0,1.0,0.5,0.5,0.5,0.5,0.5,1.0,1.0,1.0,0.5,0.5,0.3,0.26667,0.5,0.66667,1.0,1.0,1.0,0.5
1.0,0.5,1.0,0.5,0.86667,0.5,0.07068,0.86667,0.1,0.0,0.0,0.66667,1.0,0.6,0.0,0.98954,0.0,1.0,0.75238,1.0,1.0,1.0,0.0,0.566,1.0,0.07143,1.0,0.97136,0.81818,0.0,0.96226,1.0,0.64286,0.7,1.0,1.0,0.5,0.5,0.5,1.0,1.0,0.5,0.5,0.5,0.0,0.0,1.0,1.0,1.0,0.5,0.5,0.3,0.8,1.0,0.81818,1.0,1.0,0.27273,1.0
1.0,1.0,0.0,1.0,0.86667,0.86667,0.07117,0.86667,0.16667,0.0,0.0,0.66667,0.0,0.6,0.0,0.89541,0.0,1.0,1.0,1.0,1.0,0.75238,0.0,0.89745,1.0,0.42857,1.0,1.0,1.0,1.0,0.97306,0.57143,0.5,0.7,1.0,1.0,0.5,0.5,0.5,1.0,1.0,0.5,0.5,0.5,0.0,0.0,1.0,1.0,1.0,0.5,0.5,0.3,0.33333,1.0,1.0,1.0,1.0,1.0,1.0
1.0,0.5,0.0,0.5,0.66667,0.5,0.06911,0.66667,0.2,0.0,0.0,0.66667,1.0,0.57333,0.0,0.91797,0.0,1.0,1.0,1.0,1.0,1.0,1.0,0.90123,1.0,0.42857,1.0,0.98044,0.75,1.0,0.98086,1.0,1.0,0.7,1.0,1.0,0.5,0.5,0.5,1.0,1.0,0.5,0.5,0.5,0.0,0.0,1.0,1.0,1.0,0.5,0.5,0.3,0.33333,1.0,1.0,1.0,1.0,1.0,1.0
1.0,0.5,0.0,0.5,0.73333,0.5,0.06871,0.73333,0.23333,0.0,0.0,0.66667,1.0,0.56,0.0,0.92766,0.0,1.0,1.0,1.0,1.0,1.0,1.0,0.90505,1.0,0.42857,1.0,0.95612,0.75,1.0,0.98452,1.0,1.0,0.7,1.0,1.0,0.5,0.5,0.5,1.0,1.0,0.5,0.5,0.5,0.0,0.0,1.0,1.0,1.0,0.5,0.5,0.3,0.33333,1.0,1.0,1.0,1.0,1.0,1.0
1.0,0.5,0.0,0.5,0.66667,0.5,0.06803,0.66667,0.26667,0.0,0.0,0.66667,1.0,0.52889,0.0,0.94256,0.0,1.0,1.0,1.0,1.0,1.0,0.0,0.59607,1.0,0.07143,1.0,0.93721,0.55556,0.0,0.99529,1.0,0.64286,0.7,1.0,1.0,0.5,0.5,0.5,1.0,1.0,0.5,0.5,0.5,0.0,0.0,1.0,1.0,1.0,0.5,0.5,0.3,0.53333,0.77778,1.0,1.0,1.0,0.44444,1.0
1.0,0.5,0.0,0.5,0.46667,0.5,0.06642,0.46667,0.3,0.0,0.0,0.66667,1.0,0.49778,0.0,0.95947,0.0,1.0,1.0,1.0,1.0,1.0,0.0,0.59566,1.0,0.07143,0.98492,0.92143,0.44444,0.0,0.99664,1.0,1.0,0.7,1.0,1.0,0.5,0.5,0.5,1.0,1.0,0.5,0.5,0.5,0.0,0.0,1.0,1.0,1.0,0.5,0.5,0.3,0.46667,0.66667,1.0,1.0,1.0,0.77778,1.0
1.0,0.5,0.0,0.5,0.4,0.5,0.06545,0.4,0.33333,0.0,0.0,0.66667,1.0,0.50222,0.0,0.97078,0.0,1.0,1.0,1.0,1.0,1.0,0.0,0.5922,1.0,0.07143,0.96415,0.90221,0.33333,0.0,0.99747,1.0,1.0,0.7,1.0,1.0,0.5,0.5,0.5,1.0,1.0,0.5,0.5,0.5,0.0,0.0,1.0,1.0,1.0,0.5,0.5,0.3,0.46667,0.66667,1.0,1.0,1.0,0.66667,1.0
1.0,0.5,0.0,0.5,0.33333,0.5,0.06488,0.33333,0.36667,0.0,0.0,0.66667,1.0,0.50222,0.0,0.97047,0.0,1.0,1.0,1.0,1.0,1.0,0.0,0.58804,1.0,0.07143,0.95099,0.88234,0.22222,0.0,0.99781,1.0,1.0,0.7,1.0,1.0,0.5,0.5,0.5,1.0,1.0,0.5,0.5,0.5,0.0,0.0,1.0,1.0,1.0,0.5,0.5,0.3,0.46667,0.66667,1.0,1.0,1.0,0.66667,1.0
1.0,0.5,0.0,0.5,0.2,0.5,0.0634,0.2,0.4,0.0,0.0,0.66667,1.0,0.50667,0.0,0.97232,0.0,1.0,1.0,1.0,1.0,1.0,0.0,0.58472,1.0,0.07143,0.92677,0.85558,0.0,0.0,0.99798,1.0,1.0,0.7,1.0,1.0,0.5,0.5,0.5,1.0,1.0,0.5,0.5,0.5,0.0,0.0,1.0,1.0,1.0,0.5,0.5,0.3,0.46667,0.66667,1.0,1.0,1.0,0.66667,1.0
1.0,0.5,0.0,0.5,0.2,0.5,0.0627,0.2,0.43333,0.0,0.0,0.66667,1.0,0.50667,0.0,0.97593,0.0,1.0,1.0,1.0,1.0,1.0,0.0,0.58271,1.0,0.07143,0.9156,0.84024,0.0,0.0,0.99806,1.0,1.0,0.7,1.0,1.0,0.5,0.5,0.5,1.0,1.0,0.5,0.5,0.5,0.0,0.0,1.0,1.0,1.0,0.5,0.5,0.3,0.46667,0.66667,1.0,1.0,1.0,0.66667,1.0
1.0,0.5,0.0,0.5,0.2,0.5,0.06164,0.2,0.46667,0.0,0.0,0.66667,1.0,0.50222,0.0,0.98002,0.0,1.0,1.0,1.0,1.0,1.0,0.0,0.58225,1.0,0.07143,0.90049,0.82823,0.0,0.0,0.99789,1.0,1.0,0.7,1.0,1.0,0.5,0.5,0.5,1.0,1.0,0.5,0.5,0.5,0.0,0.0,1.0,1.0,1.0,0.5,0.5,0.3,0.46667,0.66667,0.83333,1.0,1.0,0.66667,1.0
1.0,0.5,0.0,0.5,0.2,0.5,0.06132,0.2,0.5,0.0,0.0,0.66667,1.0,0.50222,0.0,0.98298,0.0,1.0,1.0,1.0,1.0,1.0,0.0,0.58101,1.0,0.07143,0.89525,0.82618,0.0,0.0,0.99807,1.0,1.0,0.7,1.0,1.0,0.5,0.5,0.5,1.0,1.0,0.5,0.5,0.5,0.0,0.0,1.0,1.0,1.0,0.5,0.5,0.3,0.53333,0.77778,1.0,1.0,1.0,0.66667,1.0
1.0,0.5,0.0,0.5,0.2,0.5,0.06114,0.2,0.53333,0.0,0.0,0.66667,1.0,0.49333,0.0,0.98649,0.0,1.0,1.0,1.0,1.0,1.0,0.0,0.58043,1.0,0.07143,0.89245,0.81564,0.0,0.0,0.99787,1.0,1.0,0.7,1.0,1.0,0.5,0.5,0.5,1.0,1.0,0.5,0.5,0.5,0.0,0.0,1.0,1.0,1.0,0.5,0.5,0.3,0.4,0.55556,1.0,1.0,1.0,0.77778,1.0
1.0,0.5,1.0,0.5,0.2,0.5,0.06158,0.2,0.56667,0.0,0.0,0.66667,1.0,0.48889,0.0,0.98935,0.0,1.0,1.0,1.0,1.0,1.0,0.0,0.57947,1.0,0.07143,0.89841,0.81325,0.0,0.0,0.99748,1.0,1.0,0.7,1.0,1.0,0.5,0.5,0.5,1.0,1.0,0.5,0.5,0.5,0.0,0.0,1.0,1.0,1.0,0.5,0.5,0.3,0.46667,0.66667,1.0,1.0,1.0,0.55556,1.0
1.0,0.5,0.0,0.5,0.2,0.5,0.06083,0.2,0.6,0.0,0.0,0.66667,1.0,0.48,0.0,0.9919,0.0,1.0,1.0,1.0,1.0,1.0,1.0,0.5802,1.0,0.07143,0.88851,0.7955,0.0,0.0,0.99735,1.0,1.0,0.7,1.0,1.0,0.5,0.5,0.5,1.0,1.0,0.5,0.5,0.5,0.0,0.0,1.0,1.0,1.0,0.5,0.5,0.3,0.46667,0.66667,1.0,1.0,1.0,0.66667,1.0
1.0,0.5,0.0,0.5,0.2,0.5,0.05978,0.2,0.63333,0.0,0.0,0.66667,1.0,0.48444,0.0,0.99302,0.0,1.0,1.0,1.0,1.0,1.0,1.0,0.58165,1.0,0.07143,0.87472,0.7887,0.0,0.0,0.99744,1.0,1.0,0.7,1.0,1.0,0.5,0.5,0.5,1.0,1.0,0.5,0.5,0.5,0.0,0.0,1.0,1.0,1.0,0.5,0.5,0.3,0.46667,0.66667,0.83333,1.0,1.0,0.66667,1.0
1.0,0.5,0.0,0.5,0.13333,0.5,0.05977,0.13333,0.66667,0.0,0.0,0.66667,1.0,0.48889,0.0,0.99494,0.0,1.0,1.0,1.0,1.0,1.0,0.0,0.58068,1.0,0.07143,0.874,0.7881,0.0,0.0,0.99769,1.0,1.0,0.7,1.0,1.0,0.5,0.5,0.5,1.0,1.0,0.5,0.5,0.5,0.0,0.0,1.0,1.0,1.0,0.5,0.5,0.3,0.46667,0.66667,1.0,1.0,1.0,0.66667,1.0
1.0,0.5,1.0,0.5,0.13333,0.5,0.0598,0.13333,0.7,0.0,0.0,0.66667,1.0,0.49333,0.0,0.99701,0.0,1.0,1.0,1.0,1.0,1.0,1.0,0.58096,1.0,0.07143,0.87548,0.78114,0.0,0.0,0.9977,1.0,1.0,0.7,1.0,1.0,0.5,0.5,0.5,1.0,1.0,0.5,0.5,0.5,0.0,0.0,1.0,1.0,1.0,0.5,0.5,0.3,0.46667,0.66667,1.0,1.0,1.0,0.66667,1.0
1.0,0.5,0.0,0.5,0.13333,0.5,0.05819,0.13333,0.73333,0.0,0.0,0.66667,1.0,0.49778,0.0,0.99799,0.0,1.0,1.0,1.0,1.0,1.0,1.0,0.58215,1.0,0.07143,0.85373,0.76133,0.0,0.0,0.99773,1.0,1.0,0.7,1.0,1.0,0.5,0.5,0.5,1.0,1.0,0.5,0.5,0.5,0.0,0.0,1.0,1.0,1.0,0.5,0.5,0.3,0.46667,0.66667,1.0,1.0,1.0,0.66667,1.0
1.0,0.5,0.0,0.5,0.13333,0.5,0.0568,0.13333,0.76667,0.0,0.0,0.66667,1.0,0.49333,0.0,0.99866,0.0,1.0,1.0,1.0,1.0,1.0,1.0,0.5832,1.0,0.07143,0.83496,0.7493,0.0,0.0,0.99779,1.0,1.0,0.7,1.0,1.0,0.5,0.5,0.5,1.0,1.0,0.5,0.5,0.5,0.0,0.0,1.0,1.0,1.0,0.5,0.5,0.3,0.46667,0.66667,0.83333,1.0,1.0,0.66667,1.0
1.0,0.5,0.0,0.5,0.13333,0.5,0.05612,0.13333,0.8,0.0,0.0,0.66667,1.0,0.49778,0.0,0.99784,0.0,1.0,1.0,1.0,1.0,1.0,0.0,0.58312,1.0,0.07143,0.82539,0.7296,0.0,0.0,0.99778,1.0,1.0,0.7,1.0,1.0,0.5,0.5,0.5,1.0,1.0,0.5,0.5,0.5,0.0,0.0,1.0,1.0,1.0,0.5,0.5,0.3,0.46667,0.66667,0.83333,1.0,1.0,0.66667,1.0
1.0,0.5,0.0,0.5,0.13333,0.5,0.05562,0.13333,0.83333,0.0,0.0,0.66667,1.0,0.49778,0.0,0.99755,0.0,1.0,1.0,1.0,1.0,1.0,0.0,0.58287,1.0,0.07143,0.8181,0.72071,0.0,0.0,0.99777,1.0,1.0,0.7,1.0,1.0,0.5,0.5,0.5,1.0,1.0,0.5,0.5,0.5,0.0,0.0,1.0,1.0,1.0,0.5,0.5,0.3,0.4,0.55556,1.0,1.0,1.0,0.66667,1.0
1.0,0.5,0.0,0.5,0.13333,0.5,0.05477,0.13333,0.86667,0.0,0.0,0.66667,1.0,0.48889,0.0,0.99779,0.0,1.0,1.0,1.0,1.0,1.0,1.0,0.58451,1.0,0.07143,0.80724,0.70731,0.0,0.0,0.99785,1.0,1.0,0.7,1.0,1.0,0.5,0.5,0.5,1.0,1.0,0.5,0.5,0.5,0.0,0.0,1.0,1.0,1.0,0.5,0.5,0.3,0.4,0.55556,1.0,1.0,1.0,0.55556,1.0
1.0,0.5,0.0,0.5,0.13333,0.5,0.05344,0.13333,0.9,0.0,0.0,0.66667,1.0,0.48889,0.0,0.99773,0.0,1.0,1.0,1.0,1.0,1.0,1.0,0.58496,1.0,0.07143,0.78821,0.69478,0.0,0.0,0.99784,1.0,1.0,0.7,1.0,1.0,0.5,0.5,0.5,1.0,1.0,0.5,0.5,0.5,0.0,0.0,1.0,1.0,1.0,0.5,0.5,0.3,0.4,0.55556,1.0,1.0,1.0,0.55556,1.0
1.0,0.5,0.0,0.5,0.13333,0.5,0.05283,0.13333,0.93333,0.0,0.0,0.66667,1.0,0.48889,0.0,0.99839,0.0,1.0,1.0,1.0,1.0,1.0,1.0,0.58628,1.0,0.07143,0.78052,0.68968,0.0,0.0,0.99781,1.0,1.0,0.7,1.0,1.0,0.5,0.5,0.5,1.0,1.0,0.5,0.5,0.5,0.0,0.0,1.0,1.0,1.0,0.5,0.5,0.3,0.4,0.55556,1.0,1.0,1.0,0.55556,1.0
1.0,0.5,0.0,0.5,0.13333,0.5,0.05232,0.13333,0.96667,0.0,0.0,0.66667,1.0,0.48889,0.0,0.99855,0.0,1.0,1.0,1.0,1.0,1.0,1.0,0.58649,1.0,0.07143,0.77341,0.68034,0.0,0.0,0.99793,1.0,1.0,0.7,1.0,1.0,0.5,0.5,0.5,1.0,1.0,0.5,0.5,0.5,0.0,0.0,1.0,1.0,1.0,0.5,0.5,0.3,0.4,0.55556,1.0,1.0,1.0,0.55556,1.0
1.0,0.5,0.0,0.5,0.13333,0.5,0.05199,0.13333,1.0,0.0,0.0,0.66667,1.0,0.48889,0.0,0.9996,0.0,1.0,1.0,1.0,1.0,1.0,1.0,0.58689,1.0,0.07143,0.76932,0.66987,0.0,0.0,0.99786,1.0,1.0,0.7,1.0,1.0,0.5,0.5,0.5,1.0,1.0,0.5,0.5,0.5,0.0,0.0,1.0,1.0,1.0,0.5,0.5,0.3,0.46667,0.66667,1.0,1.0,1.0,0.55556,1.0
0.5,0.5,0.5,0.5,0.5,0.5,0.05477,0.06667,0.1,0.0,0.0,0.66667,0.0,0.08444,0.0,0.97386,0.0,1.0,0.98095,1.0,1.0,0.5,1.0,0.66404,1.0,0.07143,0.8345,0.73468,0.0,1.0,0.44444,0.92857,0.5,0.7,1.0,1.0,0.5,0.5,0.5,1.0,1.0,0.5,0.5,0.5,0.0,0.0,1.0,1.0,1.0,0.5,0.5,0.3,0.2,1.0,0.0,1.0,1.0,0.5,0.5
0.0,0.0,0.0,0.0,0.06667,0.06667,0.04602,0.06667,0.5,0.0,0.0,0.66667,0.0,0.06667,0.0,0.99742,0.0,0.99048,1.0,1.0,1.0,0.99048,1.0,0.61284,1.0,0.07143,0.75297,0.60381,0.0,0.0,0.67324,0.92857,0.92857,0.7,1.0,1.0,0.5,0.5,0.5,1.0,1.0,0.5,0.5,0.5,0.0,0.0,1.0,1.0,1.0,0.5,0.5,1.0,0.06667,0.0,1.0,1.0,1.0,0.0,1.0
0.0,0.0,1.0,1.0,0.06667,0.06667,0.04604,0.06667,0.86667,0.0,0.0,0.66667,0.0,0.06667,0.0,0.99961,0.0,1.0,1.0,1.0,1.0,1.0,1.0,0.01325,0.03312,0.0,1.0,1.0,1.0,0.0,1.0,1.0,0.92857,0.7,1.0,1.0,0.5,0.5,0.5,1.0,1.0,0.5,0.5,0.5,0.0,0.0,1.0,1.0,1.0,0.5,0.5,1.0,0.06667,1.0,1.0,1.0,1.0,1.0,0.57143
0.5,0.5,0.5,0.5,0.5,0.5,0.06232,0.2,0.06667,0.0,0.0,0.66667,0.0,0.35556,0.0,0.5,0.5,0.37143,0.88571,1.0,1.0,0.5,1.0,0.81132,1.0,0.57143,0.97958,0.89797,0.33333,0.0,0.90385,0.5,0.5,0.7,1.0,1.0,0.5,0.5,0.5,1.0,1.0,0.5,0.5,0.5,0.5,0.5,1.0,1.0,1.0,0.5,0.5,0.3,0.26667,1.0,1.0,1.0,1.0,0.66667,0.5
1.0,0.5,1.0,0.5,0.33333,0.5,0.06487,0.33333,0.1,0.0,0.0,0.66667,1.0,0.38667,0.0,0.88081,0.0,0.69524,0.69524,1.0,1.0,0.69524,1.0,0.84307,1.0,0.07143,1.0,0.92169,0.5,0.0,0.7874,1.0,0.92857,0.7,1.0,1.0,0.5,0.5,0.5,1.0,1.0,0.5,0.5,0.5,0.0,0.0,1.0,1.0,1.0,0.5,0.5,0.3,0.26667,0.75,0.0,1.0,1.0,0.75,1.0
1.0,0.5,1.0,0.5,0.4,0.5,0.0682,0.4,0.13333,0.0,0.0,0.66667,1.0,0.33778,0.00889,0.35128,0.0,0.99048,1.0,0.99048,1.0,0.99048,0.0,0.79696,1.0,0.07143,1.0,0.92165,0.5,0.0,0.97993,1.0,0.85714,0.43333,1.0,1.0,0.5,0.5,0.5,1.0,1.0,0.5,0.5,0.5,0.0,0.0,1.0,1.0,1.0,0.5,0.5,0.56667,0.33333,1.0,0.75,1.0,1.0,0.75,1.0
0.0,1.0,1.0,1.0,0.26667,0.86667,0.1139,1.0,0.43333,0.0,0.0,0.66667,0.0,0.26222,0.07111,0.0,0.97218,1.0,0.92381,1.0,1.0,0.8381,1.0,0.99616,1.0,0.07143,1.0,1.0,1.0,1.0,0.9621,0.85714,0.78571,0.7,1.0,1.0,0.5,0.5,0.5,1.0,1.0,0.5,0.5,0.5,0.0,0.0,1.0,1.0,1.0,0.5,0.5,0.3,0.2,0.66667,1.0,0.5,1.0,0.0,1.0
0.0,0.0,0.0,0.0,0.73333,0.73333,0.1083,0.8,0.63333,0.0,0.0,0.66667,0.0,0.26222,0.06667,0.99868,0.0,0.99048,0.99048,1.0,1.0,1.0,1.0,0.99305,1.0,0.07143,1.0,0.85224,0.66667,0.0,0.74014,0.85714,0.85714,0.7,1.0,1.0,0.5,0.5,0.5,1.0,1.0,0.5,0.5,0.5,0.0,0.0,1.0,1.0,1.0,0.5,0.5,0.3,0.2,0.66667,1.0,0.5,1.0,0.0,1.0
1.0,1.0,0.0,1.0,0.73333,0.8,0.10758,0.73333,0.73333,0.0,0.0,0.66667,0.0,0.26222,0.06667,0.99719,0.0,1.0,0.99048,1.0,1.0,1.0,0.0,0.99172,1.0,0.07143,1.0,0.81779,0.33333,0.0,0.74196,0.92857,1.0,0.7,1.0,1.0,0.5,0.5,0.5,1.0,1.0,0.5,0.5,0.5,0.0,0.0,1.0,1.0,1.0,0.5,0.5,0.3,0.2,0.66667,0.5,0.5,1.0,0.66667,1.0
0.5,0.5,0.5,0.5,0.5,0.5,0.05066,0.46667,0.7,0.0,0.0,0.66667,0.0,0.27111,0.01333,0.95753,0.0,1.0,1.0,1.0,1.0,0.5,0.0,0.65055,1.0,0.07143,0.66715,0.50055,0.0,0.0,1.0,1.0,0.5,0.6,1.0,1.0,0.5,0.5,0.5,1.0,1.0,0.5,0.5,0.5,0.0,0.0,1.0,1.0,1.0,0.0,0.228,0.4,0.13333,1.0,1.0,1.0,1.0,0.0,0.5
0.0,0.0,0.0,0.0,0.46667,0.46667,0.02954,0.46667,0.93333,0.0,0.0,0.66667,0.0,0.24,0.03111,0.0,0.99948,1.0,0.98095,1.0,1.0,0.97143,0.0,0.6487,1.0,0.07143,0.57889,0.30198,0.5,0.0,0.66667,0.5,0.92857,0.0,0.93333,0.83976,0.88124,0.5,0.82249,1.0,1.0,0.5,0.5,0.5,0.0,0.0,1.0,1.0,1.0,0.35723,1.0,1.0,0.06667,0.0,1.0,0.0,1.0,0.0,1.0
0.0,0.5,0.0,0.5,0.46667,0.5,0.02458,0.46667,0.96667,0.0,0.0,0.66667,1.0,0.24444,0.03111,0.0,0.99587,1.0,0.98095,1.0,1.0,1.0,0.0,0.64708,1.0,0.07143,0.50114,0.24456,0.5,0.0,0.66667,1.0,1.0,0.26667,1.0,1.0,0.5,0.5,0.5,1.0,1.0,0.5,0.5,0.5,0.0,0.0,1.0,1.0,1.0,0.35723,1.0,0.73333,0.13333,0.5,1.0,1.0,1.0,0.0,1.0
0.0,0.5,0.0,0.5,0.46667,0.5,0.02048,0.46667,1.0,0.0,0.0,0.66667,1.0,0.23556,0.03111,0.0,0.99192,1.0,0.98095,1.0,1.0,1.0,0.0,0.63969,1.0,0.07143,0.44754,0.20805,0.5,0.0,0.66667,1.0,1.0,0.56667,1.0,1.0,0.5,0.5,0.5,1.0,1.0,0.5,0.5,0.5,0.0,0.0,1.0,1.0,1.0,0.35723,1.0,0.43333,0.13333,0.5,1.0,0.0,1.0,0.5,1.0
0.5,0.5,0.5,0.5,0.5,0.5,0.06169,0.26667,0.06667,0.0,0.0,0.66667,0.0,0.26667,0.0,0.5,0.5,0.87619,0.79048,1.0,1.0,0.5,1.0,0.94298,1.0,0.42857,0.99277,0.88801,0.6,0.0,0.84524,1.0,0.5,0.7,1.0,1.0,0.5,0.5,0.5,1.0,1.0,0.5,0.5,0.5,0.5,0.5,1.0,1.0,1.0,0.5,0.5,0.3,0.2,0.4,1.0,1.0,1.0,0.6,0.5
0.5,0.5,0.5,0.5,0.5,0.5,0.06671,0.66667,0.06667,0.0,0.0,0.66667,0.0,0.41333,0.0,0.5,0.5,0.3619,0.6381,1.0,1.0,0.5,1.0,0.97619,1.0,0.71429,1.0,1.0,1.0,0.0,0.89598,0.35714,0.5,0.7,1.0,1.0,0.5,0.5,0.5,1.0,1.0,0.5,0.5,0.5,0.5,0.5,1.0,1.0,1.0,0.5,0.5,0.3,0.33333,0.8,0.75,1.0,1.0,0.8,0.5
1.0,0.5,0.0,0.5,0.6,0.5,0.06659,0.6,0.1,0.0,0.0,0.66667,1.0,0.50222,0.0,0.94094,0.0,1.0,0.77143,1.0,1.0,1.0,0.0,0.90938,1.0,0.5,1.0,1.0,1.0,0.0,0.94979,1.0,0.78571,0.7,1.0,1.0,0.5,0.5,0.5,1.0,1.0,0.5,0.5,0.5,0.0,0.0,1.0,1.0,1.0,0.5,0.5,0.3,0.26667,0.75,0.33333,1.0,1.0,0.75,1.0
1.0,0.5,1.0,0.5,0.73333,0.5,0.06858,0.73333,0.13333,0.0,0.0,0.66667,1.0,0.47111,0.0,0.89851,0.0,0.87619,1.0,1.0,1.0,0.87619,0.0,0.89432,1.0,0.42857,1.0,1.0,1.0,0.0,0.94935,1.0,1.0,0.7,1.0,1.0,0.5,0.5,0.5,1.0,1.0,0.5,0.5,0.5,0.0,0.0,1.0,1.0,1.0,0.5,0.5,0.3,0.26667,0.75,0.0,1.0,1.0,0.75,1.0
1.0,0.5,1.0,0.5,0.66667,0.5,0.06906,0.66667,0.16667,0.0,0.0,0.66667,1.0,0.44,0.0,0.90116,0.0,1.0,1.0,1.0,1.0,1.0,1.0,0.90276,1.0,0.42857,1.0,0.9798,0.75,0.0,0.93146,1.0,1.0,0.7,1.0,1.0,0.5,0.5,0.5,1.0,1.0,0.5,0.5,0.5,0.0,0.0,1.0,1.0,1.0,0.5,0.5,0.3,0.26667,0.75,0.0,1.0,1.0,0.75,1.0
1.0,0.5,0.0,0.5,0.6,0.5,0.0687,0.6,0.2,0.0,0.0,0.66667,1.0,0.40889,0.0,0.90674,0.0,0.71429,0.71429,1.0,1.0,0.71429,1.0,0.98988,1.0,0.07143,1.0,0.94575,0.6,0.0,0.95651,1.0,0.92857,0.7,1.0,1.0,0.5,0.5,0.5,1.0,1.0,0.5,0.5,0.5,0.0,0.0,1.0,1.0,1.0,0.5,0.5,0.3,0.33333,0.8,0.25,1.0,1.0,0.6,1.0
1.0,0.5,0.0,0.5,0.6,0.5,0.06825,0.6,0.23333,0.0,0.0,0.66667,1.0,0.38222,0.0,0.9187,0.0,1.0,1.0,1.0,1.0,1.0,0.0,0.98369,1.0,0.07143,1.0,0.92498,0.8,0.0,0.81096,1.0,0.85714,0.7,1.0,1.0,0.5,0.5,0.5,1.0,1.0,0.5,0.5,0.5,0.0,0.0,1.0,1.0,1.0,0.5,0.5,0.3,0.26667,0.6,0.66667,1.0,1.0,0.6,1.0
1.0,0.5,0.0,0.5,0.53333,0.5,0.06661,0.53333,0.26667,0.0,0.0,0.66667,1.0,0.37778,0.00444,0.37183,0.0,1.0,1.0,1.0,1.0,1.0,0.0,0.97357,1.0,0.07143,1.0,0.82723,0.8,0.0,0.9608,1.0,0.85714,0.7,1.0,1.0,0.5,0.5,0.5,1.0,1.0,0.5,0.5,0.5,0.0,0.0,1.0,1.0,1.0,0.5,0.5,0.3,0.33333,0.8,0.75,0.75,1.0,0.6,1.0
1.0,0.5,1.0,0.5,0.6,0.5,0.06786,0.6,0.3,0.0,0.0,0.66667,1.0,0.36889,0.02667,0.60532,0.0,1.0,1.0,1.0,1.0,1.0,0.0,0.94806,1.0,0.07143,1.0,1.0,1.0,0.0,0.96575,1.0,1.0,0.7,1.0,1.0,0.5,0.5,0.5,1.0,1.0,0.5,0.5,0.5,0.0,0.0,1.0,1.0,1.0,0.5,0.5,0.3,0.33333,0.8,0.75,0.75,1.0,0.8,1.0
1.0,0.5,0.0,0.5,0.4,0.5,0.06586,0.4,0.33333,0.0,0.0,0.66667,1.0,0.36,0.02667,0.76333,0.0,1.0,1.0,1.0,1.0,1.0,1.0,0.95098,1.0,0.07143,1.0,0.95769,0.4,0.0,0.969,1.0,1.0,0.7,1.0,1.0,0.5,0.5,0.5,1.0,1.0,0.5,0.5,0.5,0.0,0.0,1.0,1.0,1.0,0.5,0.5,0.3,0.33333,0.8,0.5,0.75,1.0,0.8,1.0
0.0,1.0,0.0,1.0,0.46667,0.86667,0.07368,0.86667,0.4,0.0,0.0,0.66667,0.0,0.37333,0.03111,0.94161,0.0,1.0,1.0,1.0,1.0,1.0,0.0,0.9489,1.0,0.07143,1.0,1.0,1.0,0.0,0.974,0.85714,1.0,0.7,1.0,1.0,0.5,0.5,0.5,1.0,1.0,0.5,0.5,0.5,0.0,0.0,1.0,1.0,1.0,0.5,0.5,0.3,0.26667,0.6,1.0,0.66667,1.0,0.0,1.0
1.0,0.5,0.0,0.5,0.73333,0.5,0.07159,0.73333,0.43333,0.0,0.0,0.66667,1.0,0.36444,0.03111,0.98816,0.0,1.0,1.0,1.0,1.0,1.0,0.0,0.94632,1.0,0.07143,1.0,0.99922,0.8,0.0,0.97844,1.0,1.0,0.7,1.0,1.0,0.5,0.5,0.5,1.0,1.0,0.5,0.5,0.5,0.0,0.0,1.0,1.0,1.0,0.5,0.5,0.3,0.26667,0.6,1.0,0.66667,1.0,0.6,1.0
1.0,0.5,0.0,0.5,0.66667,0.5,0.06886,0.66667,0.46667,0.0,0.0,0.66667,1.0,0.33778,0.03111,0.9889,0.0,1.0,1.0,1.0,1.0,1.0,0.0,0.94526,1.0,0.07143,1.0,0.95816,0.8,0.0,0.97986,1.0,1.0,0.7,1.0,1.0,0.5,0.5,0.5,1.0,1.0,0.5,0.5,0.5,0.0,0.0,1.0,1.0,1.0,0.5,0.5,0.3,0.26667,0.6,1.0,0.66667,1.0,0.6,1.0
1.0,0.5,0.0,0.5,0.66667,0.5,0.06692,0.66667,0.5,0.0,0.0,0.66667,1.0,0.32889,0.03111,0.98872,0.0,1.0,1.0,1.0,1.0,1.0,1.0,0.95075,1.0,0.07143,1.0,0.93429,0.8,0.0,0.98017,1.0,1.0,0.7,1.0,1.0,0.5,0.5,0.5,1.0,1.0,0.5,0.5,0.5,0.0,0.0,1.0,1.0,1.0,0.5,0.5,0.3,0.26667,0.6,1.0,0.66667,1.0,0.6,1.0
1.0,0.5,0.0,0.5,0.6,0.5,0.06626,0.6,0.53333,0.0,0.0,0.66667,1.0,0.32444,0.03111,0.99055,0.0,1.0,1.0,1.0,1.0,1.0,1.0,0.95935,1.0,0.07143,1.0,0.91767,0.6,0.0,0.98043,1.0,1.0,0.7,1.0,1.0,0.5,0.5,0.5,1.0,1.0,0.5,0.5,0.5,0.0,0.0,1.0,1.0,1.0,0.5,0.5,0.3,0.26667,0.6,1.0,0.66667,1.0,0.6,1.0
1.0,0.5,1.0,0.5,0.6,0.5,0.06726,0.6,0.56667,0.0,0.0,0.66667,1.0,0.32,0.03111,0.99254,0.0,1.0,1.0,1.0,1.0,1.0,1.0,0.96741,1.0,0.07143,1.0,0.90205,0.6,0.0,0.98257,1.0,1.0,0.7,1.0,1.0,0.5,0.5,0.5,1.0,1.0,0.5,0.5,0.5,0.0,0.0,1.0,1.0,1.0,0.5,0.5,0.3,0.26667,0.6,1.0,0.66667,1.0,0.6,1.0
1.0,0.5,0.0,0.5,0.53333,0.5,0.06571,0.53333,0.6,0.0,0.0,0.66667,1.0,0.32,0.03111,0.99342,0.0,1.0,1.0,1.0,1.0,1.0,1.0,0.9698,1.0,0.07143,1.0,0.86972,0.4,0.0,0.98213,1.0,1.0,0.7,1.0,1.0,0.5,0.5,0.5,1.0,1.0,0.5,0.5,0.5,0.0,0.0,1.0,1.0,1.0,0.5,0.5,0.3,0.26667,0.6,1.0,0.66667,1.0,0.6,1.0
1.0,0.5,0.0,0.5,0.46667,0.5,0.06374,0.46667,0.63333,0.0,0.0,0.66667,1.0,0.31556,0.03111,0.99451,0.0,1.0,1.0,1.0,1.0,1.0,0.0,0.96614,1.0,0.07143,0.99347,0.84098,0.2,0.0,0.98128,1.0,1.0,0.7,1.0,1.0,0.5,0.5,0.5,1.0,1.0,0.5,0.5,0.5,0.0,0.0,1.0,1.0,1.0,0.5,0.5,0.3,0.26667,0.6,0.66667,0.66667,1.0,0.6,1.0
1.0,0.5,1.0,0.5,0.46667,0.5,0.06515,0.46667,0.66667,0.0,0.0,0.66667,1.0,0.31556,0.03111,0.99597,0.0,1.0,1.0,1.0,1.0,1.0,1.0,0.96723,1.0,0.07143,1.0,0.84688,0.2,0.0,0.98259,1.0,1.0,0.7,1.0,1.0,0.5,0.5,0.5,1.0,1.0,0.5,0.5,0.5,0.0,0.0,1.0,1.0,1.0,0.5,0.5,0.3,0.26667,0.6,1.0,0.66667,1.0,0.6,1.0
1.0,0.5,1.0,0.5,0.53333,0.5,0.06618,0.53333,0.7,0.0,0.0,0.66667,1.0,0.31556,0.03111,0.99688,0.0,1.0,1.0,1.0,1.0,1.0,1.0,0.96751,1.0,0.07143,1.0,0.86067,0.4,0.0,0.98273,1.0,1.0,0.7,1.0,1.0,0.5,0.5,0.5,1.0,1.0,0.5,0.5,0.5,0.0,0.0,1.0,1.0,1.0,0.5,0.5,0.3,0.26667,0.6,1.0,0.66667,1.0,0.6,1.0
1.0,0.5,0.0,0.5,0.53333,0.5,0.06613,0.53333,0.73333,0.0,0.0,0.66667,1.0,0.31556,0.03111,0.99807,0.0,1.0,1.0,1.0,1.0,1.0,1.0,0.97188,1.0,0.07143,1.0,0.83985,0.4,0.0,0.98289,1.0,1.0,0.7,1.0,1.0,0.5,0.5,0.5,1.0,1.0,0.5,0.5,0.5,0.0,0.0,1.0,1.0,1.0,0.5,0.5,0.3,0.26667,0.6,1.0,0.66667,1.0,0.6,1.0
1.0,0.5,1.0,0.5,0.53333,0.5,0.06672,0.53333,0.76667,0.0,0.0,0.66667,1.0,0.31556,0.03111,0.99909,0.0,1.0,1.0,1.0,1.0,1.0,1.0,0.97682,1.0,0.07143,1.0,0.83115,0.4,0.0,0.9832,1.0,1.0,0.7,1.0,1.0,0.5,0.5,0.5,1.0,1.0,0.5,0.5,0.5,0.0,0.0,1.0,1.0,1.0,0.5,0.5,0.3,0.26667,0.6,1.0,0.66667,1.0,0.6,1.0
1.0,1.0,1.0,1.0,0.53333,0.8,0.07273,0.66667,0.96667,0.0,0.0,0.66667,0.0,0.31556,0.03111,0.99895,0.0,1.0,1.0,1.0,1.0,1.0,0.0,0.97771,1.0,0.07143,1.0,0.96997,0.8,0.0,0.98772,0.85714,1.0,0.7,1.0,1.0,0.5,0.5,0.5,1.0,1.0,0.5,0.5,0.5,0.0,0.0,1.0,1.0,1.0,0.5,0.5,0.3,0.26667,0.6,1.0,0.66667,1.0,0.0,1.0
0.5,0.5,0.5,0.5,0.5,0.5,0.07261,0.73333,0.2,0.0,0.0,0.66667,0.0,0.31111,0.0,0.93145,0.0,1.0,1.0,1.0,1.0,0.5,0.0,0.64442,1.0,0.07143,1.0,0.92123,0.625,0.0,0.98342,1.0,0.5,0.7,1.0,1.0,0.5,0.5,0.5,1.0,1.0,0.5,0.5,0.5,0.0,0.0,1.0,1.0,1.0,0.5,0.5,0.3,0.6,1.0,0.5,1.0,1.0,1.0,0.5
1.0,0.5,0.0,0.5,0.66667,0.5,0.07237,0.66667,0.23333,0.0,0.0,0.66667,1.0,0.32444,0.0,0.94653,0.0,1.0,1.0,1.0,1.0,1.0,0.0,0.63168,1.0,0.07143,1.0,0.89564,0.5,0.0,0.98344,1.0,1.0,0.7,1.0,1.0,0.5,0.5,0.5,1.0,1.0,0.5,0.5,0.5,0.0,0.0,1.0,1.0,1.0,0.5,0.5,0.3,0.6,1.0,0.625,1.0,1.0,1.0,1.0
1.0,0.5,1.0,0.5,0.73333,0.5,0.07696,0.73333,0.26667,0.0,0.0,0.66667,1.0,0.32889,0.0,0.9712,0.0,1.0,1.0,1.0,1.0,1.0,0.0,0.61415,1.0,0.07143,1.0,0.92921,0.625,0.0,0.98592,1.0,1.0,0.7,1.0,1.0,0.5,0.5,0.5,1.0,1.0,0.5,0.5,0.5,0.0,0.0,1.0,1.0,1.0,0.5,0.5,0.3,0.6,1.0,1.0,1.0,1.0,1.0,1.0
1.0,0.5,1.0,0.5,0.86667,0.5,0.0801,0.86667,0.3,0.0,0.0,0.66667,1.0,0.32889,0.0,0.98689,0.0,1.0,0.99048,1.0,1.0,1.0,0.0,0.61127,1.0,0.07143,1.0,0.95655,0.75,0.0,0.99026,1.0,1.0,0.7,1.0,1.0,0.5,0.5,0.5,1.0,1.0,0.5,0.5,0.5,0.0,0.0,1.0,1.0,1.0,0.5,0.5,0.3,0.6,1.0,1.0,1.0,1.0,1.0,1.0
1.0,0.5,1.0,0.5,0.86667,0.5,0.08021,0.86667,0.33333,0.0,0.0,0.66667,1.0,0.32,0.0,0.99881,0.0,0.99048,1.0,1.0,1.0,0.99048,0.0,0.59946,1.0,0.07143,1.0,0.92516,0.75,0.0,0.98609,1.0,1.0,0.7,1.0,1.0,0.5,0.5,0.5,1.0,1.0,0.5,0.5,0.5,0.0,0.0,1.0,1.0,1.0,0.5,0.5,0.3,0.6,1.0,1.0,1.0,1.0,1.0,1.0
1.0,0.5,0.0,0.5,0.86667,0.5,0.07987,0.86667,0.36667,0.0,0.0,0.66667,1.0,0.33333,0.0,0.0,0.99286,1.0,1.0,1.0,1.0,1.0,0.0,0.59778,1.0,0.07143,1.0,0.91235,0.75,0.0,0.98023,1.0,1.0,0.7,1.0,1.0,0.5,0.5,0.5,1.0,1.0,0.5,0.5,0.5,0.0,0.0,1.0,1.0,1.0,0.5,0.5,0.3,0.6,1.0,0.875,1.0,1.0,1.0,1.0
1.0,0.5,1.0,0.5,0.93333,0.5,0.08123,0.93333,0.4,0.0,0.0,0.66667,1.0,0.33778,0.0,0.0,0.98862,1.0,1.0,1.0,1.0,1.0,1.0,0.60742,1.0,0.07143,1.0,0.90774,0.875,0.0,0.98406,1.0,0.85714,0.7,1.0,1.0,0.5,0.5,0.5,1.0,1.0,0.5,0.5,0.5,0.0,0.0,1.0,1.0,1.0,0.5,0.5,0.3,0.53333,0.875,1.0,1.0,1.0,0.875,1.0
1.0,0.5,1.0,0.5,0.93333,0.5,0.08274,0.93333,0.43333,0.0,0.0,0.66667,1.0,0.32444,0.0,0.0,0.98638,0.82857,0.82857,1.0,1.0,0.82857,0.0,0.17693,0.44232,0.0,1.0,0.90375,0.85714,0.0,0.99326,1.0,0.92857,0.7,1.0,1.0,0.5,0.5,0.5,1.0,1.0,0.5,0.5,0.5,0.0,0.0,1.0,1.0,1.0,0.5,0.5,0.3,0.53333,1.0,1.0,1.0,1.0,1.0,1.0
1.0,0.5,1.0,0.5,0.86667,0.5,0.08476,0.86667,0.46667,0.0,0.0,0.66667,1.0,0.31111,0.0,0.99608,0.0,0.99048,0.99048,1.0,1.0,0.99048,0.0,0.13929,0.34823,0.0,1.0,0.91726,0.71429,0.0,0.99489,1.0,1.0,0.7,1.0,1.0,0.5,0.5,0.5,1.0,1.0,0.5,0.5,0.5,0.0,0.0,1.0,1.0,1.0,0.5,0.5,0.3,0.53333,1.0,1.0,1.0,1.0,1.0,1.0
1.0,0.5,1.0,0.5,0.86667,0.5,0.0886,0.86667,0.5,0.0,0.0,0.66667,1.0,0.29778,0.00444,0.40384,0.0,1.0,1.0,1.0,1.0,1.0,1.0,0.70361,1.0,0.07143,1.0,0.94032,0.66667,0.0,0.99796,1.0,0.92857,0.7,1.0,1.0,0.5,0.5,0.5,1.0,1.0,0.5,0.5,0.5,0.0,0.0,1.0,1.0,1.0,0.5,0.5,0.3,0.46667,1.0,1.0,1.0,1.0,1.0,1.0
0.5,0.5,0.5,0.5,0.5,0.5,0.01385,0.2,0.1,0.0,0.5,0.0,0.0,0.24,0.04,0.40826,0.0,1.0,1.0,1.0,1.0,0.5,1.0,0.94883,1.0,0.25,0.1148,0.04183,0.0,0.0,0.66667,0.5,0.5,0.0,1.0,1.0,0.5,0.5,0.5,1.0,1.0,0.5,0.5,0.5,0.0,0.0,1.0,1.0,1.0,0.5,0.5,1.0,0.2,0.0,1.0,1.0,1.0,0.0,0.5
0.5,0.5,0.5,0.5,0.5,0.5,0.3352,0.8,0.13333,0.0,0.5,0.0,0.0,0.52,0.04,0.72744,0.0,1.0,1.0,1.0,1.0,0.5,1.0,0.70226,1.0,0.0,1.0,1.0,1.0,0.0,1.0,0.75,0.5,0.7,1.0,1.0,0.5,0.5,0.5,1.0,1.0,0.5,0.5,0.5,0.0,0.0,1.0,1.0,1.0,1.0,1.0,1.0,0.2,1.0,1.0,0.0,1.0,1.0,0.5
0.5,0.5,0.5,0.5,0.5,0.5,0.14233,0.4,0.03333,0.0,0.5,0.0,0.0,0.2,0.0,0.5,0.5,0.5,0.5,0.5,0.5,0.5,0.5,0.0,0.0,0.5,0.95062,0.53846,0.5,0.0,0.0,0.5,0.5,0.5,1.0,1.0,0.5,0.5,0.5,1.0,1.0,0.5,0.5,0.5,0.5,0.5,1.0,0.5,0.5,0.5,0.5,0.5,0.6,1.0,1.0,1.0,1.0,0.5,0.5
1.0,1.0,1.0,1.0,0.4,0.4,0.07676,0.4,0.33333,0.0,0.5,0.0,0.0,0.64,0.0,1.0,0.0,1.0,1.0,1.0,1.0,0.0,0.0,0.74572,1.0,0.75,1.0,1.0,1.0,0.0,1.0,1.0,0.75,0.7,1.0,1.0,0.5,0.5,0.5,1.0,1.0,0.5,0.5,0.5,0.0,0.0,1.0,1.0,1.0,0.5,0.5,0.8,0.4,1.0,1.0,1.0,1.0,1.0,1.0
0.5,0.5,0.5,0.5,0.5,0.5,0.0,0.2,0.66667,0.0,0.5,0.0,0.0,0.08,0.16,0.0,0.99975,1.0,1.0,1.0,1.0,0.5,0.0,0.90002,1.0,0.25,0.0,0.0,0.0,0.0,0.75,0.75,0.5,0.0,1.0,1.0,0.5,0.5,0.5,1.0,1.0,0.5,0.5,0.5,0.0,0.0,1.0,1.0,1.0,1.0,1.0,1.0,0.2,0.0,1.0,0.0,1.0,0.0,0.5
0.5,0.5,0.5,0.5,0.5,0.5,0.18523,0.6,0.16667,0.0,0.5,0.0,0.0,0.52,0.0,0.89756,0.0,1.0,1.0,1.0,1.0,0.5,0.0,0.10574,0.26434,0.25,0.84772,0.63894,0.5,0.0,0.97066,1.0,0.5,0.7,1.0,1.0,0.5,0.5,0.5,1.0,1.0,0.5,0.5,0.5,0.0,0.0,1.0,1.0,1.0,0.5,0.5,0.3,0.6,1.0,1.0,1.0,1.0,1.0,0.5
1.0,0.5,1.0,0.5,0.6,0.5,0.19152,0.6,0.2,0.0,0.5,0.0,1.0,0.44,0.04,0.37453,0.0,0.7,1.0,0.7,1.0,0.7,1.0,0.95074,1.0,0.25,1.0,1.0,1.0,0.0,1.0,1.0,0.75,0.7,1.0,1.0,0.5,0.5,0.5,1.0,1.0,0.5,0.5,0.5,0.0,0.0,1.0,1.0,1.0,0.5,0.5,0.3,0.4,1.0,1.0,1.0,1.0,1.0,1.0
1.0,1.0,0.0,1.0,0.4,0.6,0.21772,0.6,0.3,0.0,0.5,0.0,0.0,0.4,0.04,0.87911,0.0,1.0,1.0,0.7,1.0,1.0,0.0,0.95267,1.0,0.25,1.0,1.0,1.0,0.0,1.0,1.0,1.0,0.7,1.0,1.0,0.5,0.5,0.5,1.0,1.0,0.5,0.5,0.5,0.0,0.0,1.0,1.0,1.0,0.5,0.5,0.3,0.4,1.0,1.0,1.0,1.0,1.0,1.0
1.0,0.5,1.0,0.5,0.4,0.5,0.21896,0.4,0.33333,0.0,0.5,0.0,1.0,0.4,0.04,0.0,0.94211,0.6,1.0,0.7,1.0,0.6,0.0,0.74665,1.0,0.25,0.96772,0.93746,0.0,0.0,1.0,1.0,1.0,0.7,1.0,1.0,0.5,0.5,0.5,1.0,1.0,0.5,0.5,0.5,0.0,0.0,1.0,1.0,1.0,0.5,0.5,0.3,0.4,1.0,1.0,1.0,1.0,1.0,1.0
0.5,0.5,0.5,0.5,0.5,0.5,0.43182,0.8,0.06667,0.0,0.5,0.0,0.0,0.16,0.0,0.5,0.5,0.9,0.7,1.0,1.0,0.5,1.0,0.92745,1.0,0.25,1.0,1.0,1.0,0.0,1.0,1.0,0.5,0.7,1.0,1.0,0.5,0.5,0.5,1.0,1.0,0.5,0.5,0.5,0.5,0.5,1.0,1.0,1.0,0.5,0.5,1.0,0.2,1.0,1.0,1.0,1.0,1.0,0.5
0.0,0.0,0.0,0.0,0.8,0.8,0.4301,0.8,0.13333,0.0,0.5,0.0,0.0,0.16,0.0,0.84835,0.0,1.0,1.0,1.0,1.0,0.8,1.0,0.85516,1.0,0.0,1.0,1.0,1.0,0.0,1.0,1.0,1.0,0.7,1.0,1.0,0.5,0.5,0.5,1.0,1.0,0.5,0.5,0.5,0.0,0.0,1.0,1.0,1.0,0.5,0.5,1.0,0.2,1.0,1.0,1.0,1.0,1.0,0.75
0.0,0.0,0.0,0.0,0.8,0.8,0.43006,0.8,0.2,0.0,0.5,0.0,0.0,0.12,0.0,0.91229,0.0,1.0,0.9,1.0,1.0,0.9,1.0,0.85534,1.0,0.0,1.0,1.0,1.0,0.0,1.0,1.0,1.0,0.7,1.0,1.0,0.5,0.5,0.5,1.0,1.0,0.5,0.5,0.5,0.0,0.0,1.0,1.0,1.0,0.5,0.5,1.0,0.2,1.0,1.0,1.0,1.0,1.0,0.75
0.0,0.0,0.0,0.0,0.8,0.8,0.43006,0.8,0.26667,0.0,0.5,0.0,0.0,0.12,0.0,0.96162,0.0,1.0,0.9,1.0,1.0,1.0,1.0,0.85536,1.0,0.0,1.0,1.0,1.0,0.0,1.0,1.0,1.0,0.7,1.0,1.0,0.5,0.5,0.5,1.0,1.0,0.5,0.5,0.5,0.0,0.0,1.0,1.0,1.0,0.5,0.5,1.0,0.2,1.0,1.0,1.0,1.0,1.0,0.75
0.0,0.0,0.0,1.0,0.8,0.8,0.44564,0.8,0.33333,0.0,0.5,0.0,0.0,0.12,0.04,0.42703,0.0,1.0,1.0,1.0,1.0,1.0,0.0,0.78483,1.0,0.0,1.0,1.0,1.0,0.0,1.0,1.0,1.0,0.7,1.0,1.0,0.5,0.5,0.5,1.0,1.0,0.5,0.5,0.5,0.0,0.0,1.0,1.0,1.0,1.0,0.3007,1.0,0.2,1.0,1.0,0.0,1.0,0.0,0.75
0.0,0.0,1.0,1.0,0.8,0.8,0.45283,0.8,0.43333,0.0,0.5,0.0,0.0,0.08,0.08,0.92789,0.0,1.0,1.0,0.9,1.0,0.9,1.0,0.75332,1.0,0.0,1.0,1.0,1.0,0.0,1.0,1.0,1.0,0.7,1.0,1.0,0.5,0.5,0.5,1.0,1.0,0.5,0.5,0.5,0.0,0.0,1.0,1.0,1.0,1.0,0.3007,1.0,0.2,1.0,1.0,0.0,1.0,1.0,0.75
0.5,0.5,0.5,0.5,0.5,0.5,0.19805,0.4,0.16667,0.0,0.5,0.0,0.0,0.76,0.0,0.95797,0.0,1.0,1.0,1.0,1.0,0.5,0.0,0.73899,1.0,0.0,1.0,1.0,1.0,0.0,1.0,0.75,0.5,0.7,1.0,1.0,0.5,0.5,0.5,1.0,1.0,0.5,0.5,0.5,0.0,0.0,1.0,1.0,1.0,0.5,0.5,0.3,0.4,1.0,1.0,1.0,1.0,1.0,0.5
0.0,0.0,0.0,0.0,0.4,0.4,0.07311,0.2,0.6,0.0,0.5,0.0,0.0,0.48,0.12,0.79278,0.0,1.0,1.0,1.0,1.0,1.0,1.0,0.97427,1.0,0.25,0.56951,0.31447,0.0,0.0,1.0,0.75,0.75,0.0,0.8,0.67847,0.49628,0.5,0.70897,1.0,1.0,0.5,0.5,0.5,0.0,0.0,1.0,1.0,1.0,1.0,1.0,1.0,0.2,0.0,1.0,0.0,1.0,0.5,1.0
0.5,0.5,0.5,0.5,0.5,0.5,0.06352,0.6,0.73333,0.0,0.5,0.0,0.0,0.16,0.04,0.98802,0.0,1.0,0.8,1.0,1.0,0.5,1.0,0.96478,1.0,0.25,0.29938,0.17604,0.0,0.0,0.84432,0.5,0.5,0.7,1.0,1.0,0.5,0.5,0.5,1.0,1.0,0.5,0.5,0.5,0.0,0.0,1.0,1.0,1.0,0.5,0.5,1.0,0.2,0.0,1.0,1.0,1.0,0.0,0.5
0.0,0.0,0.0,0.0,0.6,0.6,0.06349,0.6,0.8,0.0,0.5,0.0,0.0,0.16,0.04,0.99112,0.0,1.0,1.0,1.0,1.0,1.0,1.0,0.96496,1.0,0.25,0.29935,0.17602,0.0,0.0,0.84391,0.75,1.0,0.7,1.0,1.0,0.5,0.5,0.5,1.0,1.0,0.5,0.5,0.5,0.0,0.0,1.0,1.0,1.0,0.5,0.5,1.0,0.2,0.0,1.0,1.0,1.0,0.0,0.25
0.0,0.5,0.0,0.5,0.6,0.5,0.06349,0.6,0.83333,0.0,0.5,0.0,1.0,0.16,0.04,0.99244,0.0,1.0,1.0,1.0,1.0,1.0,1.0,0.96498,1.0,0.25,0.29935,0.17602,0.0,0.0,0.84377,1.0,1.0,0.7,1.0,1.0,0.5,0.5,0.5,1.0,1.0,0.5,0.5,0.5,0.0,0.0,1.0,1.0,1.0,0.5,0.5,1.0,0.2,0.0,1.0,1.0,1.0,0.0,0.25
0.5,0.5,0.5,0.5,0.5,0.5,0.40604,1.0,0.36667,0.0,0.5,0.0,0.0,0.32,0.12,0.99971,0.0,1.0,1.0,0.8,1.0,0.5,1.0,0.99178,1.0,0.5,1.0,1.0,1.0,0.0,1.0,1.0,0.5,0.7,1.0,1.0,0.5,0.5,0.5,1.0,1.0,0.5,0.5,0.5,0.0,0.0,1.0,1.0,1.0,0.71425,0.30701,1.0,0.2,1.0,1.0,0.0,1.0,1.0,0.5
0.0,1.0,0.0,1.0,1.0,1.0,0.44882,1.0,0.43333,0.0,0.5,0.0,0.0,0.32,0.08,0.99963,0.0,0.8,0.8,0.9,0.8,0.8,0.0,0.76122,1.0,0.25,1.0,1.0,1.0,0.0,1.0,0.75,1.0,0.7,1.0,1.0,0.5,0.5,0.5,1.0,1.0,0.5,0.5,0.5,0.0,0.0,1.0,1.0,1.0,1.0,1.0,1.0,0.2,1.0,1.0,0.0,1.0,0.0,1.0
1.0,0.5,1.0,0.5,1.0,0.5,0.48277,1.0,0.46667,0.0,0.5,0.0,1.0,0.32,0.12,0.99591,0.0,1.0,1.0,0.9,1.0,1.0,0.0,0.6199,1.0,0.25,1.0,1.0,1.0,0.0,1.0,1.0,1.0,0.7,1.0,1.0,0.5,0.5,0.5,1.0,1.0,0.5,0.5,0.5,0.0,0.0,1.0,1.0,1.0,1.0,1.0,1.0,0.2,1.0,1.0,0.0,1.0,1.0,1.0
1.0,0.5,1.0,0.5,1.0,0.5,0.49762,1.0,0.5,0.0,0.5,0.0,1.0,0.28,0.12,0.99758,0.0,1.0,1.0,0.9,1.0,1.0,0.0,0.57056,1.0,0.25,1.0,1.0,1.0,0.0,1.0,1.0,1.0,0.7,1.0,1.0,0.5,0.5,0.5,1.0,1.0,0.5,0.5,0.5,0.0,0.0,1.0,1.0,1.0,1.0,1.0,1.0,0.2,1.0,1.0,0.0,1.0,1.0,1.0
0.0,0.0,1.0,0.0,1.0,0.8,0.26247,0.8,0.66667,0.0,0.5,0.0,0.0,0.12,0.12,0.0,0.96748,0.8,0.8,0.9,0.8,1.0,0.0,0.43085,1.0,0.25,1.0,1.0,1.0,0.0,1.0,0.75,1.0,0.7,1.0,1.0,0.5,0.5,0.5,1.0,1.0,0.5,0.5,0.5,0.0,0.0,1.0,1.0,1.0,1.0,0.56761,1.0,0.2,1.0,1.0,0.0,1.0,0.0,1.0
0.0,0.5,0.0,0.5,0.8,0.5,0.2591,0.8,0.7,0.0,0.5,0.0,1.0,0.12,0.12,0.0,0.97867,1.0,0.8,0.9,1.0,1.0,0.0,0.41958,1.0,0.25,1.0,1.0,1.0,0.0,1.0,1.0,1.0,0.7,1.0,1.0,0.5,0.5,0.5,1.0,1.0,0.5,0.5,0.5,0.0,0.0,1.0,1.0,1.0,1.0,0.56761,1.0,0.2,1.0,1.0,0.0,1.0,1.0,0.75
0.0,0.5,0.0,0.5,0.8,0.5,0.2582,0.8,0.73333,0.0,0.5,0.0,1.0,0.12,0.12,0.0,0.98712,1.0,0.8,0.9,1.0,1.0,0.0,0.41667,1.0,0.25,1.0,1.0,1.0,0.0,1.0,1.0,1.0,0.7,1.0,1.0,0.5,0.5,0.5,1.0,1.0,0.5,0.5,0.5,0.0,0.0,1.0,1.0,1.0,1.0,0.56761,1.0,0.2,1.0,1.0,0.0,1.0,1.0,0.75
0.0,0.5,0.0,0.5,0.8,0.5,0.25793,0.8,0.76667,0.0,0.5,0.0,1.0,0.12,0.12,0.0,0.99735,1.0,1.0,0.9,1.0,1.0,0.0,0.4158,1.0,0.25,1.0,1.0,1.0,0.0,1.0,1.0,1.0,0.7,1.0,1.0,0.5,0.5,0.5,1.0,1.0,0.5,0.5,0.5,0.0,0.0,1.0,1.0,1.0,1.0,0.56761,1.0,0.2,1.0,1.0,0.0,1.0,1.0,0.75
0.0,0.0,0.0,1.0,0.8,0.8,0.25976,0.8,0.83333,0.0,0.5,0.0,0.0,0.12,0.12,0.97451,0.0,1.0,1.0,0.9,0.8,1.0,1.0,0.42172,1.0,0.25,1.0,1.0,1.0,0.0,1.0,0.75,1.0,0.7,1.0,1.0,0.5,0.5,0.5,1.0,1.0,0.5,0.5,0.5,0.0,0.0,1.0,1.0,1.0,1.0,0.09626,1.0,0.2,1.0,1.0,0.0,1.0,0.0,0.75
0.5,0.5,0.5,0.5,0.5,0.5,0.11703,0.4,0.13333,0.0,0.5,0.0,0.0,0.68,0.0,0.98526,0.0,0.6,1.0,1.0,1.0,0.5,0.0,0.86717,1.0,0.0,0.94255,0.83473,0.5,0.0,0.92994,1.0,0.5,0.7,1.0,1.0,0.5,0.5,0.5,1.0,1.0,0.5,0.5,0.5,0.0,0.0,1.0,1.0,1.0,0.5,0.5,0.3,0.6,1.0,0.0,1.0,1.0,1.0,0.5
1.0,0.5,1.0,0.5,0.4,0.5,0.12687,0.4,0.16667,0.0,0.5,0.0,1.0,0.6,0.0,0.93631,0.0,1.0,1.0,1.0,1.0,1.0,1.0,0.91491,1.0,0.0,0.99477,0.84438,0.5,0.0,0.95861,1.0,1.0,0.7,1.0,1.0,0.5,0.5,0.5,1.0,1.0,0.5,0.5,0.5,0.0,0.0,1.0,1.0,1.0,0.5,0.5,0.3,0.6,1.0,1.0,1.0,1.0,1.0,1.0
1.0,0.5,1.0,0.5,0.4,0.5,0.13501,0.4,0.2,0.0,0.5,0.0,1.0,0.6,0.0,0.93286,0.0,1.0,1.0,1.0,1.0,1.0,1.0,0.97979,1.0,0.0,1.0,0.85444,0.5,0.0,0.97638,1.0,1.0,0.7,1.0,1.0,0.5,0.5,0.5,1.0,1.0,0.5,0.5,0.5,0.0,0.0,1.0,1.0,1.0,0.5,0.5,0.3,0.6,1.0,1.0,1.0,1.0,1.0,1.0
1.0,0.5,1.0,0.5,0.4,0.5,0.13901,0.4,0.23333,0.0,0.5,0.0,1.0,0.56,0.0,0.94785,0.0,1.0,1.0,1.0,1.0,1.0,0.0,0.95702,1.0,0.0,1.0,0.84804,0.5,1.0,0.9838,1.0,1.0,0.7,1.0,1.0,0.5,0.5,0.5,1.0,1.0,0.5,0.5,0.5,0.0,0.0,1.0,1.0,1.0,0.5,0.5,0.3,0.6,1.0,1.0,1.0,1.0,1.0,1.0
1.0,0.5,0.0,0.5,0.4,0.5,0.13431,0.4,0.26667,0.0,0.5,0.0,1.0,0.56,0.0,0.97226,0.0,1.0,1.0,1.0,1.0,1.0,0.0,0.91832,1.0,0.0,0.967,0.77129,0.5,1.0,0.98837,1.0,1.0,0.7,1.0,1.0,0.5,0.5,0.5,1.0,1.0,0.5,0.5,0.5,0.0,0.0,1.0,1.0,1.0,0.5,0.5,0.3,0.6,1.0,1.0,1.0,1.0,1.0,1.0
1.0,0.5,0.0,0.5,0.4,0.5,0.13326,0.4,0.3,0.0,0.5,0.0,1.0,0.52,0.0,0.98917,0.0,1.0,1.0,1.0,1.0,1.0,0.0,0.89731,1.0,0.0,0.94941,0.74697,0.5,0.0,0.99208,1.0,1.0,0.7,1.0,1.0,0.5,0.5,0.5,1.0,1.0,0.5,0.5,0.5,0.0,0.0,1.0,1.0,1.0,0.5,0.5,0.3,0.6,1.0,1.0,1.0,1.0,1.0,1.0
1.0,0.5,0.0,0.5,0.4,0.5,0.13173,0.4,0.33333,0.0,0.5,0.0,1.0,0.56,0.0,0.0,0.96262,1.0,1.0,1.0,1.0,1.0,0.0,0.8178,1.0,0.0,0.90168,0.67078,0.5,1.0,0.99489,1.0,1.0,0.7,1.0,1.0,0.5,0.5,0.5,1.0,1.0,0.5,0.5,0.5,0.0,0.0,1.0,1.0,1.0,0.5,0.5,0.3,0.6,1.0,1.0,1.0,1.0,1.0,1.0
1.0,0.5,1.0,0.5,0.4,0.5,0.13244,0.4,0.36667,0.0,0.5,0.0,1.0,0.56,0.0,0.0,0.94033,1.0,1.0,1.0,1.0,1.0,0.0,0.74917,1.0,0.0,0.8756,0.63622,0.5,0.0,0.99572,1.0,1.0,0.7,1.0,1.0,0.5,0.5,0.5,1.0,1.0,0.5,0.5,0.5,0.0,0.0,1.0,1.0,1.0,0.5,0.5,0.3,0.6,1.0,1.0,1.0,1.0,1.0,1.0
1.0,0.5,0.0,0.5,0.4,0.5,0.13102,0.4,0.4,0.0,0.5,0.0,1.0,0.56,0.0,0.0,0.93786,1.0,1.0,1.0,1.0,1.0,0.0,0.69463,1.0,0.0,0.84234,0.59649,0.5,0.0,0.99597,1.0,1.0,0.7,1.0,1.0,0.5,0.5,0.5,1.0,1.0,0.5,0.5,0.5,0.0,0.0,1.0,1.0,1.0,0.5,0.5,0.3,0.6,1.0,1.0,1.0,1.0,1.0,1.0
1.0,0.5,1.0,0.5,0.4,0.5,0.13301,0.4,0.43333,0.0,0.5,0.0,1.0,0.56,0.0,0.0,0.95002,1.0,0.4,1.0,1.0,1.0,0.0,0.62566,1.0,0.0,0.82513,0.57244,0.5,0.0,0.99601,1.0,1.0,0.7,1.0,1.0,0.5,0.5,0.5,1.0,1.0,0.5,0.5,0.5,0.0,0.0,1.0,1.0,1.0,0.5,0.5,0.3,0.6,1.0,1.0,1.0,1.0,1.0,1.0
1.0,0.5,1.0,0.5,0.4,0.5,0.1331,0.4,0.46667,0.0,0.5,0.0,1.0,0.56,0.0,0.0,0.9721,1.0,0.4,1.0,1.0,1.0,0.0,0.60616,1.0,0.0,0.8173,0.56996,0.5,1.0,0.99539,1.0,1.0,0.7,1.0,1.0,0.5,0.5,0.5,1.0,1.0,0.5,0.5,0.5,0.0,0.0,1.0,1.0,1.0,0.5,0.5,0.3,0.6,1.0,1.0,1.0,1.0,1.0,1.0
1.0,0.5,0.0,0.5,0.4,0.5,0.13275,0.4,0.5,0.0,0.5,0.0,1.0,0.56,0.0,0.0,0.98727,1.0,0.4,1.0,1.0,1.0,0.0,0.59062,1.0,0.0,0.80847,0.56123,0.5,1.0,0.99551,1.0,1.0,0.7,1.0,1.0,0.5,0.5,0.5,1.0,1.0,0.5,0.5,0.5,0.0,0.0,1.0,1.0,1.0,0.5,0.5,0.3,0.6,1.0,1.0,1.0,1.0,1.0,1.0
1.0,0.5,1.0,0.5,0.4,0.5,0.13529,0.4,0.53333,0.0,0.5,0.0,1.0,0.56,0.0,0.0,0.99556,1.0,1.0,1.0,1.0,1.0,0.0,0.58233,1.0,0.0,0.82036,0.57583,0.5,1.0,0.99574,1.0,1.0,0.7,1.0,1.0,0.5,0.5,0.5,1.0,1.0,0.5,0.5,0.5,0.0,0.0,1.0,1.0,1.0,0.5,0.5,0.3,0.6,1.0,1.0,1.0,1.0,1.0,1.0
1.0,0.5,1.0,0.5,0.4,0.5,0.1373,0.4,0.56667,0.0,0.5,0.0,1.0,0.56,0.0,0.99947,0.0,1.0,1.0,1.0,1.0,1.0,0.0,0.56847,1.0,0.0,0.82645,0.58278,0.5,0.0,0.99607,1.0,1.0,0.7,1.0,1.0,0.5,0.5,0.5,1.0,1.0,0.5,0.5,0.5,0.0,0.0,1.0,1.0,1.0,0.5,0.5,0.3,0.6,1.0,1.0,1.0,1.0,1.0,1.0
1.0,0.5,0.0,0.5,0.4,0.5,0.13638,0.4,0.6,0.0,0.5,0.0,1.0,0.52,0.0,0.99911,0.0,1.0,1.0,1.0,1.0,1.0,0.0,0.55249,1.0,0.0,0.81394,0.56979,0.5,0.0,0.99638,1.0,1.0,0.7,1.0,1.0,0.5,0.5,0.5,1.0,1.0,0.5,0.5,0.5,0.0,0.0,1.0,1.0,1.0,0.5,0.5,0.3,0.6,1.0,1.0,1.0,1.0,1.0,1.0
1.0,0.5,0.0,0.5,0.4,0.5,0.13602,0.4,0.63333,0.0,0.5,0.0,1.0,0.52,0.0,0.0,0.99896,0.4,1.0,1.0,1.0,0.4,1.0,0.91019,1.0,0.5,0.80359,0.55824,0.5,1.0,0.99678,1.0,1.0,0.7,1.0,1.0,0.5,0.5,0.5,1.0,1.0,0.5,0.5,0.5,0.0,0.0,1.0,1.0,1.0,0.5,0.5,0.3,0.6,1.0,1.0,1.0,1.0,1.0,1.0
1.0,0.5,1.0,0.5,0.4,0.5,0.13608,0.4,0.66667,0.0,0.5,0.0,1.0,0.52,0.0,0.0,0.99931,1.0,1.0,1.0,1.0,1.0,0.0,0.90654,1.0,0.5,0.7971,0.55173,0.5,1.0,0.99717,1.0,1.0,0.7,1.0,1.0,0.5,0.5,0.5,1.0,1.0,0.5,0.5,0.5,0.0,0.0,1.0,1.0,1.0,0.5,0.5,0.3,0.6,1.0,1.0,1.0,1.0,1.0,1.0
1.0,0.5,1.0,0.5,0.4,0.5,0.13637,0.4,0.7,0.0,0.5,0.0,1.0,0.52,0.0,0.0,0.99954,1.0,1.0,1.0,1.0,1.0,0.0,0.90308,1.0,0.5,0.79236,0.54688,0.5,1.0,0.99758,1.0,1.0,0.7,1.0,1.0,0.5,0.5,0.5,1.0,1.0,0.5,0.5,0.5,0.0,0.0,1.0,1.0,1.0,0.5,0.5,0.3,0.6,1.0,1.0,1.0,1.0,1.0,1.0
1.0,0.5,1.0,0.5,0.4,0.5,0.13711,0.4,0.73333,0.0,0.5,0.0,1.0,0.52,0.0,0.0,0.9997,1.0,1.0,1.0,1.0,1.0,1.0,0.90575,1.0,0.5,0.80166,0.56191,0.5,0.0,0.998,1.0,1.0,0.7,1.0,1.0,0.5,0.5,0.5,1.0,1.0,0.5,0.5,0.5,0.0,0.0,1.0,1.0,1.0,0.5,0.5,0.3,0.6,1.0,1.0,1.0,1.0,1.0,1.0
1.0,0.5,0.0,0.5,0.4,0.5,0.13707,0.4,0.76667,0.0,0.5,0.0,1.0,0.52,0.0,0.0,0.99988,1.0,1.0,1.0,1.0,1.0,0.0,0.90093,1.0,0.5,0.79249,0.54843,0.5,1.0,0.99878,1.0,1.0,0.7,1.0,1.0,0.5,0.5,0.5,1.0,1.0,0.5,0.5,0.5,0.0,0.0,1.0,1.0,1.0,0.5,0.5,0.3,0.6,1.0,1.0,1.0,1.0,1.0,1.0
1.0,0.5,1.0,0.5,0.6,0.5,0.14115,0.6,0.8,0.0,0.5,0.0,1.0,0.52,0.0,0.0,1.0,1.0,1.0,1.0,1.0,1.0,0.0,0.89575,1.0,0.5,0.80641,0.56341,0.5,1.0,0.99928,1.0,1.0,0.7,1.0,1.0,0.5,0.5,0.5,1.0,1.0,0.5,0.5,0.5,0.0,0.0,1.0,1.0,1.0,0.5,0.5,0.3,0.6,1.0,1.0,1.0,1.0,1.0,1.0
1.0,0.5,1.0,0.5,0.6,0.5,0.14164,0.6,0.83333,0.0,0.5,0.0,1.0,0.52,0.0,1.0,0.0,1.0,1.0,1.0,1.0,1.0,0.0,0.88977,1.0,0.5,0.79826,0.55422,0.5,1.0,0.9997,1.0,1.0,0.7,1.0,1.0,0.5,0.5,0.5,1.0,1.0,0.5,0.5,0.5,0.0,0.0,1.0,1.0,1.0,0.5,0.5,0.3,0.6,1.0,1.0,1.0,1.0,1.0,1.0
1.0,0.5,1.0,0.5,0.6,0.5,0.14247,0.6,0.86667,0.0,0.5,0.0,1.0,0.52,0.0,1.0,0.0,1.0,1.0,1.0,1.0,1.0,0.0,0.88506,1.0,0.5,0.79455,0.55064,0.5,1.0,1.0,1.0,1.0,0.7,1.0,1.0,0.5,0.5,0.5,1.0,1.0,0.5,0.5,0.5,0.0,0.0,1.0,1.0,1.0,0.5,0.5,0.3,0.6,1.0,1.0,1.0,1.0,1.0,1.0
1.0,0.5,1.0,0.5,0.6,0.5,0.14674,0.6,0.9,0.0,0.5,0.0,1.0,0.52,0.0,0.0,1.0,1.0,1.0,1.0,1.0,1.0,0.0,0.88081,1.0,0.5,0.81066,0.56838,0.5,1.0,1.0,1.0,1.0,0.7,1.0,1.0,0.5,0.5,0.5,1.0,1.0,0.5,0.5,0.5,0.0,0.0,1.0,1.0,1.0,0.5,0.5,0.3,0.6,1.0,1.0,1.0,1.0,1.0,1.0
1.0,0.5,1.0,0.5,0.6,0.5,0.14694,0.6,0.93333,0.0,0.5,0.0,1.0,0.52,0.0,0.0,1.0,1.0,1.0,1.0,1.0,1.0,0.0,0.8763,1.0,0.5,0.80376,0.56123,0.5,1.0,1.0,1.0,1.0,0.7,1.0,1.0,0.5,0.5,0.5,1.0,1.0,0.5,0.5,0.5,0.0,0.0,1.0,1.0,1.0,0.5,0.5,0.3,0.6,1.0,1.0,1.0,1.0,1.0,1.0
1.0,0.5,1.0,0.5,0.6,0.5,0.14741,0.6,0.96667,0.0,0.5,0.0,1.0,0.52,0.0,0.0,1.0,1.0,1.0,1.0,1.0,1.0,0.0,0.87303,1.0,0.5,0.80061,0.55846,0.5,1.0,1.0,1.0,1.0,0.7,1.0,1.0,0.5,0.5,0.5,1.0,1.0,0.5,0.5,0.5,0.0,0.0,1.0,1.0,1.0,0.5,0.5,0.3,0.6,1.0,1.0,1.0,1.0,1.0,1.0
1.0,0.5,1.0,0.5,0.6,0.5,0.1479,0.6,1.0,0.0,0.5,0.0,1.0,0.52,0.0,0.0,1.0,1.0,1.0,1.0,1.0,1.0,0.0,0.87015,1.0,0.5,0.79823,0.55627,0.5,1.0,1.0,1.0,1.0,0.7,1.0,1.0,0.5,0.5,0.5,1.0,1.0,0.5,0.5,0.5,0.0,0.0,1.0,1.0,1.0,0.5,0.5,0.3,0.6,1.0,1.0,1.0,1.0,1.0,1.0
1.0,0.5,1.0,0.5,0.6,0.5,0.15303,0.6,0.0,0.96774,0.5,0.0,1.0,0.52,0.0,1.0,0.0,1.0,1.0,1.0,1.0,1.0,0.0,0.8644,1.0,0.5,0.81579,0.57605,0.5,1.0,1.0,1.0,1.0,0.7,1.0,1.0,0.5,0.5,0.5,1.0,1.0,0.5,0.5,0.5,0.0,0.0,1.0,1.0,1.0,0.5,0.5,0.3,0.6,1.0,1.0,1.0,1.0,1.0,1.0
1.0,0.5,1.0,0.5,0.6,0.5,0.15674,0.6,0.0,0.9375,0.5,0.0,1.0,0.52,0.0,0.0,1.0,1.0,1.0,1.0,1.0,1.0,1.0,0.86594,1.0,0.5,0.83837,0.60607,0.5,1.0,1.0,1.0,1.0,0.7,1.0,1.0,0.5,0.5,0.5,1.0,1.0,0.5,0.5,0.5,0.0,0.0,1.0,1.0,1.0,0.5,0.5,0.3,0.6,1.0,1.0,1.0,1.0,1.0,1.0
0.5,0.5,0.5,0.5,0.5,0.5,0.1012,0.4,0.13333,0.0,0.5,0.0,0.0,0.28,0.0,0.94169,0.0,0.9,0.9,1.0,1.0,0.5,0.0,0.68655,1.0,0.25,1.0,1.0,1.0,0.0,0.5,1.0,0.5,0.7,1.0,1.0,0.5,0.5,0.5,1.0,1.0,0.5,0.5,0.5,0.0,0.0,1.0,1.0,1.0,0.5,0.5,0.3,0.4,1.0,0.0,1.0,1.0,0.0,0.5
0.5,0.5,0.5,0.5,0.5,0.5,0.35252,1.0,0.13333,0.0,0.5,0.0,0.0,0.6,0.04,0.33595,0.0,0.7,1.0,1.0,1.0,0.5,0.0,0.77669,1.0,0.0,1.0,1.0,1.0,0.0,1.0,1.0,0.5,0.7,1.0,1.0,0.5,0.5,0.5,1.0,1.0,0.5,0.5,0.5,0.0,0.0,1.0,1.0,1.0,1.0,1.0,1.0,0.2,1.0,1.0,0.0,1.0,0.0,0.5
1.0,0.5,1.0,0.5,1.0,0.5,0.35666,1.0,0.16667,0.0,0.5,0.0,1.0,0.44,0.04,0.62336,0.0,1.0,1.0,1.0,1.0,1.0,1.0,0.79505,1.0,0.0,1.0,1.0,1.0,0.0,1.0,1.0,1.0,0.7,1.0,1.0,0.5,0.5,0.5,1.0,1.0,0.5,0.5,0.5,0.0,0.0,1.0,1.0,1.0,1.0,1.0,1.0,0.2,1.0,1.0,0.0,1.0,1.0,0.75
0.0,0.0,0.0,1.0,1.0,1.0,0.44192,1.0,0.3,0.0,0.5,0.0,0.0,0.24,0.08,0.97597,0.0,1.0,1.0,1.0,1.0,1.0,0.0,0.8014,1.0,0.0,1.0,1.0,1.0,0.0,1.0,1.0,1.0,0.7,1.0,1.0,0.5,0.5,0.5,1.0,1.0,0.5,0.5,0.5,0.0,0.0,1.0,1.0,1.0,1.0,1.0,1.0,0.2,1.0,1.0,0.0,1.0,0.0,0.75
1.0,0.5,1.0,0.5,1.0,0.5,0.48973,1.0,0.33333,0.0,0.5,0.0,1.0,0.24,0.08,0.9807,0.0,1.0,1.0,1.0,1.0,1.0,0.0,0.60166,1.0,0.0,1.0,1.0,1.0,0.0,1.0,1.0,1.0,0.7,1.0,1.0,0.5,0.5,0.5,1.0,1.0,0.5,0.5,0.5,0.0,0.0,1.0,1.0,1.0,1.0,1.0,1.0,0.2,1.0,1.0,0.0,1.0,1.0,0.75
1.0,1.0,1.0,1.0,1.0,1.0,0.65038,1.0,0.53333,0.0,0.5,0.0,0.0,0.12,0.12,0.0,0.99733,1.0,1.0,1.0,1.0,1.0,1.0,0.13992,0.3498,0.0,1.0,1.0,1.0,0.0,1.0,1.0,1.0,0.7,1.0,1.0,0.5,0.5,0.5,1.0,1.0,0.5,0.5,0.5,0.0,0.0,1.0,1.0,1.0,1.0,0.52351,1.0,0.2,1.0,1.0,0.0,1.0,1.0,0.75
0.5,0.5,0.5,0.5,0.5,0.5,0.00204,0.4,0.23333,0.0,0.5,0.0,0.0,0.28,0.12,0.95385,0.0,1.0,1.0,0.7,1.0,0.5,1.0,0.8516,1.0,0.25,0.02164,0.00731,0.5,0.0,0.66667,0.5,0.5,0.0,1.0,1.0,0.5,0.5,0.5,1.0,1.0,0.5,0.5,0.5,0.0,0.0,1.0,1.0,1.0,0.5,0.5,1.0,0.2,0.0,1.0,1.0,1.0,0.0,0.5
1.0,0.5,1.0,0.5,0.4,0.5,0.0021,0.4,0.26667,0.0,0.5,0.0,1.0,0.24,0.12,0.0,0.99734,1.0,1.0,0.7,1.0,1.0,0.0,0.84661,1.0,0.25,0.02263,0.00763,0.5,0.0,0.66667,1.0,1.0,0.0,1.0,1.0,0.5,0.5,0.5,1.0,1.0,0.5,0.5,0.5,0.0,0.0,1.0,1.0,1.0,0.5,0.5,1.0,0.2,0.0,1.0,1.0,1.0,0.0,1.0
0.0,1.0,0.0,1.0,0.4,0.4,0.0021,0.4,0.4,0.0,0.5,0.0,0.0,0.2,0.12,0.0,0.99981,1.0,1.0,0.8,1.0,1.0,0.0,0.84339,1.0,0.25,0.0229,0.00771,0.5,0.0,0.66667,0.5,1.0,0.5,1.0,1.0,0.5,0.5,0.5,1.0,1.0,0.5,0.5,0.5,0.0,0.0,1.0,1.0,1.0,0.5,0.5,0.6,0.4,0.5,0.0,1.0,1.0,0.5,1.0
0.0,0.0,0.0,0.0,0.4,0.2,0.00152,0.2,0.46667,0.0,0.5,0.0,0.0,0.24,0.12,0.9999,0.0,1.0,1.0,0.7,1.0,1.0,0.0,0.82977,1.0,0.25,0.01725,0.00582,0.0,0.0,0.66667,0.75,1.0,0.6,1.0,1.0,0.5,0.5,0.5,1.0,1.0,0.5,0.5,0.5,0.0,0.0,1.0,1.0,1.0,0.5,0.5,0.4,0.4,0.5,0.0,1.0,1.0,0.5,0.0
0.0,1.0,0.0,1.0,0.2,0.2,0.00166,0.4,0.6,0.0,0.5,0.0,0.0,0.16,0.12,0.99998,0.0,1.0,1.0,0.7,1.0,1.0,0.0,0.82702,1.0,0.25,0.01895,0.0064,0.5,0.0,0.66667,0.5,1.0,0.7,1.0,1.0,0.5,0.5,0.5,1.0,1.0,0.5,0.5,0.5,0.0,0.0,1.0,1.0,1.0,0.5,0.5,1.0,0.2,0.0,1.0,1.0,1.0,0.0,1.0
0.0,0.5,1.0,0.5,0.4,0.5,0.00167,0.4,0.63333,0.0,0.5,0.0,1.0,0.16,0.12,1.0,0.0,1.0,1.0,0.7,1.0,1.0,0.0,0.82699,1.0,0.25,0.01904,0.00643,0.5,0.0,0.66667,1.0,1.0,0.7,1.0,1.0,0.5,0.5,0.5,1.0,1.0,0.5,0.5,0.5,0.0,0.0,1.0,1.0,1.0,0.5,0.5,1.0,0.2,0.0,1.0,1.0,1.0,0.0,0.0
0.0,0.5,0.0,0.5,0.4,0.5,0.00165,0.4,0.66667,0.0,0.5,0.0,1.0,0.16,0.12,0.0,0.99992,1.0,1.0,0.7,1.0,1.0,0.0,0.78046,1.0,0.25,0.0219,0.00741,0.5,0.0,0.66667,1.0,0.5,0.7,1.0,1.0,0.5,0.5,0.5,1.0,1.0,0.5,0.5,0.5,0.0,0.0,1.0,1.0,1.0,0.5,0.5,1.0,0.2,0.0,1.0,1.0,1.0,0.0,0.0
0.0,0.5,0.0,0.5,0.4,0.5,0.00164,0.4,0.7,0.0,0.5,0.0,1.0,0.16,0.12,0.0,0.99995,1.0,1.0,0.7,1.0,1.0,0.0,0.76504,1.0,0.25,0.02311,0.00782,0.5,0.0,0.66667,1.0,0.5,0.7,1.0,1.0,0.5,0.5,0.5,1.0,1.0,0.5,0.5,0.5,0.0,0.0,1.0,1.0,1.0,0.5,0.5,1.0,0.2,0.0,1.0,1.0,1.0,0.0,0.0
0.0,0.5,0.0,0.5,0.4,0.5,0.00164,0.4,0.73333,0.0,0.5,0.0,1.0,0.16,0.12,0.0,0.99997,1.0,1.0,0.7,1.0,1.0,0.0,0.76038,1.0,0.25,0.02351,0.00796,0.5,0.0,0.66667,1.0,1.0,0.7,1.0,1.0,0.5,0.5,0.5,1.0,1.0,0.5,0.5,0.5,0.0,0.0,1.0,1.0,1.0,0.5,0.5,1.0,0.2,0.0,1.0,1.0,1.0,0.0,0.0
0.0,0.5,1.0,0.5,0.4,0.5,0.00164,0.4,0.76667,0.0,0.5,0.0,1.0,0.12,0.12,0.0,0.99998,1.0,1.0,0.7,1.0,1.0,0.0,0.75881,1.0,0.25,0.02365,0.00801,0.5,0.0,0.66667,1.0,1.0,0.7,1.0,1.0,0.5,0.5,0.5,1.0,1.0,0.5,0.5,0.5,0.0,0.0,1.0,1.0,1.0,0.5,0.5,1.0,0.2,0.0,1.0,1.0,1.0,0.0,0.0
0.0,0.5,1.0,0.5,0.4,0.5,0.00164,0.4,0.8,0.0,0.5,0.0,1.0,0.12,0.12,0.0,0.99999,1.0,1.0,0.7,1.0,1.0,0.0,0.75825,1.0,0.25,0.02371,0.00803,0.5,0.0,0.66667,1.0,1.0,0.7,1.0,1.0,0.5,0.5,0.5,1.0,1.0,0.5,0.5,0.5,0.0,0.0,1.0,1.0,1.0,0.5,0.5,1.0,0.2,0.0,1.0,1.0,1.0,0.0,0.0
0.0,0.5,1.0,0.5,0.4,0.5,0.00164,0.4,0.83333,0.0,0.5,0.0,1.0,0.12,0.12,0.0,1.0,1.0,1.0,0.7,1.0,1.0,0.0,0.75805,1.0,0.25,0.02373,0.00803,0.5,0.0,0.66667,1.0,1.0,0.7,1.0,1.0,0.5,0.5,0.5,1.0,1.0,0.5,0.5,0.5,0.0,0.0,1.0,1.0,1.0,0.5,0.5,1.0,0.2,0.0,1.0,1.0,1.0,0.0,0.0
0.0,0.5,1.0,0.5,0.4,0.5,0.00164,0.4,0.86667,0.0,0.5,0.0,1.0,0.12,0.12,0.0,1.0,1.0,1.0,0.7,1.0,1.0,0.0,0.75798,1.0,0.25,0.02373,0.00804,0.5,0.0,0.66667,1.0,1.0,0.7,1.0,1.0,0.5,0.5,0.5,1.0,1.0,0.5,0.5,0.5,0.0,0.0,1.0,1.0,1.0,0.5,0.5,1.0,0.2,0.0,1.0,1.0,1.0,0.0,0.0
0.0,0.5,1.0,0.5,0.4,0.5,0.00164,0.4,0.9,0.0,0.5,0.0,1.0,0.12,0.12,1.0,0.0,1.0,1.0,0.7,1.0,1.0,0.0,0.75795,1.0,0.25,0.02374,0.00804,0.5,0.0,0.66667,1.0,1.0,0.7,1.0,1.0,0.5,0.5,0.5,1.0,1.0,0.5,0.5,0.5,0.0,0.0,1.0,1.0,1.0,0.5,0.5,1.0,0.2,0.0,1.0,1.0,1.0,0.0,0.0
0.0,0.5,1.0,0.5,0.4,0.5,0.00164,0.4,0.93333,0.0,0.5,0.0,1.0,0.12,0.12,1.0,0.0,1.0,1.0,0.7,1.0,1.0,0.0,0.75794,1.0,0.25,0.02374,0.00804,0.5,0.0,0.66667,1.0,1.0,0.7,1.0,1.0,0.5,0.5,0.5,1.0,1.0,0.5,0.5,0.5,0.0,0.0,1.0,1.0,1.0,0.5,0.5,1.0,0.2,0.0,1.0,1.0,1.0,0.0,0.0
0.0,0.5,1.0,0.5,0.4,0.5,0.00164,0.4,0.96667,0.0,0.5,0.0,1.0,0.12,0.12,1.0,0.0,1.0,1.0,0.7,1.0,1.0,0.0,0.75794,1.0,0.25,0.02374,0.00804,0.5,0.0,0.66667,1.0,1.0,0.7,1.0,1.0,0.5,0.5,0.5,1.0,1.0,0.5,0.5,0.5,0.0,0.0,1.0,1.0,1.0,0.5,0.5,1.0,0.2,0.0,1.0,1.0,1.0,0.0,0.0
0.0,0.5,1.0,0.5,0.4,0.5,0.00164,0.4,1.0,0.0,0.5,0.0,1.0,0.12,0.12,1.0,0.0,1.0,1.0,0.7,1.0,1.0,0.0,0.75793,1.0,0.25,0.02374,0.00804,0.5,0.0,0.66667,1.0,1.0,0.7,1.0,1.0,0.5,0.5,0.5,1.0,1.0,0.5,0.5,0.5,0.0,0.0,1.0,1.0,1.0,0.5,0.5,1.0,0.2,0.0,1.0,1.0,1.0,0.0,0.0
0.0,0.5,1.0,0.5,0.4,0.5,0.00164,0.4,0.0,0.96774,0.5,0.0,1.0,0.12,0.12,1.0,0.0,1.0,1.0,0.7,1.0,1.0,0.0,0.75793,1.0,0.25,0.02374,0.00804,0.5,0.0,0.66667,1.0,1.0,0.7,1.0,1.0,0.5,0.5,0.5,1.0,1.0,0.5,0.5,0.5,0.0,0.0,1.0,1.0,1.0,0.5,0.5,1.0,0.2,0.0,1.0,1.0,1.0,0.0,0.0
0.0,0.5,1.0,0.5,0.4,0.5,0.00164,0.4,0.0,0.9375,0.5,0.0,1.0,0.12,0.12,1.0,0.0,1.0,1.0,0.7,1.0,1.0,0.0,0.75793,1.0,0.25,0.02374,0.00804,0.5,0.0,0.66667,1.0,1.0,0.7,1.0,1.0,0.5,0.5,0.5,1.0,1.0,0.5,0.5,0.5,0.0,0.0,1.0,1.0,1.0,0.5,0.5,1.0,0.2,0.0,1.0,1.0,1.0,0.0,0.0
0.0,0.5,1.0,0.5,0.4,0.5,0.00164,0.4,0.0,0.90909,0.5,0.0,1.0,0.12,0.12,1.0,0.0,1.0,1.0,0.7,1.0,1.0,0.0,0.75793,1.0,0.25,0.02374,0.00804,0.5,0.0,0.66667,1.0,1.0,0.7,1.0,1.0,0.5,0.5,0.5,1.0,1.0,0.5,0.5,0.5,0.0,0.0,1.0,1.0,1.0,0.5,0.5,1.0,0.2,0.0,1.0,1.0,1.0,0.0,0.0
0.0,0.5,1.0,0.5,0.4,0.5,0.00164,0.4,0.0,0.88235,0.5,0.0,1.0,0.12,0.12,1.0,0.0,1.0,1.0,0.7,1.0,1.0,0.0,0.75793,1.0,0.25,0.02374,0.00804,0.5,0.0,0.66667,1.0,1.0,0.7,1.0,1.0,0.5,0.5,0.5,1.0,1.0,0.5,0.5,0.5,0.0,0.0,1.0,1.0,1.0,0.5,0.5,1.0,0.2,0.0,1.0,1.0,1.0,0.0,0.0
0.0,0.5,1.0,0.5,0.4,0.5,0.00164,0.4,0.0,0.85714,0.5,0.0,1.0,0.12,0.12,1.0,0.0,1.0,1.0,0.7,1.0,1.0,0.0,0.75793,1.0,0.25,0.02374,0.00804,0.5,0.0,0.66667,1.0,1.0,0.7,1.0,1.0,0.5,0.5,0.5,1.0,1.0,0.5,0.5,0.5,0.0,0.0,1.0,1.0,1.0,0.5,0.5,1.0,0.2,0.0,1.0,1.0,1.0,0.0,0.0
0.0,0.5,1.0,0.5,0.4,0.5,0.00164,0.4,0.0,0.83333,0.5,0.0,1.0,0.12,0.12,1.0,0.0,1.0,1.0,0.7,1.0,1.0,0.0,0.75793,1.0,0.25,0.02374,0.00804,0.5,0.0,0.66667,1.0,1.0,0.7,1.0,1.0,0.5,0.5,0.5,1.0,1.0,0.5,0.5,0.5,0.0,0.0,1.0,1.0,1.0,0.5,0.5,1.0,0.2,0.0,1.0,1.0,1.0,0.0,0.0
0.0,0.5,1.0,0.5,0.4,0.5,0.00164,0.4,0.0,0.81081,0.5,0.0,1.0,0.12,0.12,1.0,0.0,1.0,1.0,0.7,1.0,1.0,0.0,0.75793,1.0,0.25,0.02374,0.00804,0.5,0.0,0.66667,1.0,1.0,0.7,1.0,1.0,0.5,0.5,0.5,1.0,1.0,0.5,0.5,0.5,0.0,0.0,1.0,1.0,1.0,0.5,0.5,1.0,0.2,0.0,1.0,1.0,1.0,0.0,0.0
0.0,0.5,1.0,0.5,0.4,0.5,0.00164,0.4,0.0,0.78947,0.5,0.0,1.0,0.12,0.12,1.0,0.0,1.0,1.0,0.7,1.0,1.0,0.0,0.75793,1.0,0.25,0.02374,0.00804,0.5,0.0,0.66667,1.0,1.0,0.7,1.0,1.0,0.5,0.5,0.5,1.0,1.0,0.5,0.5,0.5,0.0,0.0,1.0,1.0,1.0,0.5,0.5,1.0,0.2,0.0,1.0,1.0,1.0,0.0,0.0
0.0,0.5,1.0,0.5,0.4,0.5,0.00164,0.4,0.0,0.76923,0.5,0.0,1.0,0.12,0.12,1.0,0.0,1.0,1.0,0.7,1.0,1.0,0.0,0.75793,1.0,0.25,0.02374,0.00804,0.5,0.0,0.66667,1.0,1.0,0.7,1.0,1.0,0.5,0.5,0.5,1.0,1.0,0.5,0.5,0.5,0.0,0.0,1.0,1.0,1.0,0.5,0.5,1.0,0.2,0.0,1.0,1.0,1.0,0.0,0.0
0.0,0.5,1.0,0.5,0.4,0.5,0.00164,0.4,0.0,0.75,0.5,0.0,1.0,0.12,0.12,1.0,0.0,1.0,1.0,0.7,1.0,1.0,0.0,0.75793,1.0,0.25,0.02374,0.00804,0.5,0.0,0.66667,1.0,1.0,0.7,1.0,1.0,0.5,0.5,0.5,1.0,1.0,0.5,0.5,0.5,0.0,0.0,1.0,1.0,1.0,0.5,0.5,1.0,0.2,0.0,1.0,1.0,1.0,0.0,0.0
0.5,0.5,0.5,0.5,0.5,0.5,0.38867,1.0,0.66667,0.0,0.5,0.0,0.0,0.24,0.08,0.95602,0.0,1.0,1.0,1.0,1.0,0.5,1.0,0.94414,1.0,0.0,1.0,1.0,1.0,0.0,1.0,1.0,0.5,0.7,1.0,1.0,0.5,0.5,0.5,1.0,1.0,0.5,0.5,0.5,0.0,0.0,1.0,1.0,1.0,1.0,1.0,1.0,0.2,1.0,1.0,0.0,1.0,1.0,0.5
0.0,0.5,0.0,0.5,1.0,0.5,0.38745,1.0,0.7,0.0,0.5,0.0,1.0,0.2,0.08,0.96464,0.0,1.0,1.0,1.0,1.0,1.0,0.0,0.93823,1.0,0.0,1.0,1.0,1.0,0.0,1.0,1.0,1.0,0.7,1.0,1.0,0.5,0.5,0.5,1.0,1.0,0.5,0.5,0.5,0.0,0.0,1.0,1.0,1.0,1.0,1.0,1.0,0.2,1.0,1.0,0.0,1.0,1.0,0.5
0.0,0.5,0.0,0.5,1.0,0.5,0.38522,1.0,0.73333,0.0,0.5,0.0,1.0,0.16,0.08,0.97506,0.0,1.0,1.0,1.0,1.0,1.0,0.0,0.92745,1.0,0.0,1.0,1.0,1.0,0.0,1.0,1.0,1.0,0.7,1.0,1.0,0.5,0.5,0.5,1.0,1.0,0.5,0.5,0.5,0.0,0.0,1.0,1.0,1.0,1.0,1.0,1.0,0.2,1.0,1.0,0.0,1.0,1.0,0.5
0.0,0.5,0.0,0.5,1.0,0.5,0.3842,1.0,0.76667,0.0,0.5,0.0,1.0,0.16,0.08,0.98216,0.0,1.0,1.0,1.0,1.0,1.0,0.0,0.92255,1.0,0.0,1.0,1.0,1.0,0.0,1.0,1.0,1.0,0.7,1.0,1.0,0.5,0.5,0.5,1.0,1.0,0.5,0.5,0.5,0.0,0.0,1.0,1.0,1.0,1.0,1.0,1.0,0.2,1.0,1.0,0.0,1.0,1.0,0.5
0.0,0.0,0.0,1.0,1.0,1.0,0.38529,1.0,0.86667,0.0,0.5,0.0,0.0,0.12,0.12,0.0,0.97734,1.0,1.0,0.9,1.0,0.9,0.0,0.97319,1.0,0.25,1.0,1.0,1.0,1.0,1.0,0.75,1.0,0.7,1.0,1.0,0.5,0.5,0.5,1.0,1.0,0.5,0.5,0.5,0.0,0.0,1.0,1.0,1.0,1.0,1.0,1.0,0.2,1.0,1.0,0.0,1.0,1.0,0.5
0.0,0.5,0.0,0.5,1.0,0.5,0.38525,1.0,0.9,0.0,0.5,0.0,1.0,0.12,0.12,0.0,0.98774,1.0,1.0,0.9,1.0,1.0,0.0,0.9731,1.0,0.25,1.0,1.0,1.0,1.0,1.0,1.0,1.0,0.7,1.0,1.0,0.5,0.5,0.5,1.0,1.0,0.5,0.5,0.5,0.0,0.0,1.0,1.0,1.0,1.0,1.0,1.0,0.2,1.0,1.0,0.0,1.0,1.0,0.5
0.0,0.5,0.0,0.5,1.0,0.5,0.38523,1.0,0.93333,0.0,0.5,0.0,1.0,0.12,0.12,0.0,0.99474,1.0,1.0,0.9,1.0,1.0,0.0,0.97305,1.0,0.25,1.0,1.0,1.0,1.0,1.0,1.0,1.0,0.7,1.0,1.0,0.5,0.5,0.5,1.0,1.0,0.5,0.5,0.5,0.0,0.0,1.0,1.0,1.0,1.0,1.0,1.0,0.2,1.0,1.0,0.0,1.0,1.0,0.5
0.0,0.5,0.0,0.5,1.0,0.5,0.38522,1.0,0.96667,0.0,0.5,0.0,1.0,0.12,0.12,0.0,0.99938,1.0,1.0,0.9,1.0,1.0,0.0,0.97304,1.0,0.25,1.0,1.0,1.0,1.0,1.0,1.0,1.0,0.7,1.0,1.0,0.5,0.5,0.5,1.0,1.0,0.5,0.5,0.5,0.0,0.0,1.0,1.0,1.0,1.0,1.0,1.0,0.2,1.0,1.0,0.0,1.0,1.0,0.5
0.0,0.0,0.0,0.0,1.0,0.8,0.24131,0.6,0.0,0.90909,0.5,0.0,0.0,0.16,0.12,0.0,0.99918,1.0,1.0,0.9,1.0,1.0,0.0,0.71959,1.0,0.25,1.0,1.0,1.0,1.0,1.0,0.75,1.0,0.7,1.0,1.0,0.5,0.5,0.5,1.0,1.0,0.5,0.5,0.5,0.0,0.0,1.0,1.0,1.0,1.0,1.0,1.0,0.2,1.0,1.0,0.0,1.0,1.0,0.5
0.0,0.5,0.0,0.5,0.6,0.5,0.23494,0.6,0.0,0.88235,0.5,0.0,1.0,0.16,0.12,0.99983,0.0,1.0,1.0,0.9,1.0,1.0,0.0,0.64835,1.0,0.5,0.784,0.64473,0.0,0.0,0.5,1.0,0.75,0.7,1.0,1.0,0.5,0.5,0.5,1.0,1.0,0.5,0.5,0.5,0.0,0.0,1.0,1.0,1.0,1.0,1.0,1.0,0.2,0.0,1.0,0.0,1.0,0.0,0.5
0.0,0.5,0.0,0.5,0.6,0.5,0.23286,0.6,0.0,0.85714,0.5,0.0,1.0,0.16,0.12,0.99926,0.0,1.0,1.0,0.9,1.0,1.0,1.0,0.65288,1.0,0.5,0.78021,0.63963,0.0,0.0,0.5,1.0,1.0,0.7,1.0,1.0,0.5,0.5,0.5,1.0,1.0,0.5,0.5,0.5,0.0,0.0,1.0,1.0,1.0,1.0,1.0,1.0,0.2,0.0,1.0,0.0,1.0,0.0,0.5
0.0,0.5,0.0,0.5,0.6,0.5,0.23214,0.6,0.0,0.83333,0.5,0.0,1.0,0.16,0.12,0.99896,0.0,1.0,1.0,0.9,1.0,1.0,1.0,0.65445,1.0,0.5,0.77892,0.63789,0.0,0.0,0.5,1.0,1.0,0.7,1.0,1.0,0.5,0.5,0.5,1.0,1.0,0.5,0.5,0.5,0.0,0.0,1.0,1.0,1.0,1.0,1.0,1.0,0.2,0.0,1.0,0.0,1.0,0.0,0.5
0.0,0.5,0.0,0.5,0.6,0.5,0.23189,0.6,0.0,0.81081,0.5,0.0,1.0,0.16,0.12,0.99895,0.0,1.0,1.0,0.9,1.0,1.0,1.0,0.65501,1.0,0.5,0.77846,0.63728,0.0,0.0,0.5,1.0,1.0,0.7,1.0,1.0,0.5,0.5,0.5,1.0,1.0,0.5,0.5,0.5,0.0,0.0,1.0,1.0,1.0,1.0,1.0,1.0,0.2,0.0,1.0,0.0,1.0,0.0,0.5
0.0,0.5,0.0,0.5,0.6,0.5,0.2318,0.6,0.0,0.78947,0.5,0.0,1.0,0.16,0.12,0.99915,0.0,1.0,1.0,0.9,1.0,1.0,1.0,0.65522,1.0,0.5,0.7783,0.63706,0.0,0.0,0.5,1.0,1.0,0.7,1.0,1.0,0.5,0.5,0.5,1.0,1.0,0.5,0.5,0.5,0.0,0.0,1.0,1.0,1.0,1.0,1.0,1.0,0.2,0.0,1.0,0.0,1.0,0.0,0.5
0.0,0.5,0.0,0.5,0.6,0.5,0.23176,0.6,0.0,0.76923,0.5,0.0,1.0,0.16,0.12,0.9993,0.0,1.0,1.0,0.9,1.0,1.0,1.0,0.6553,1.0,0.5,0.77824,0.63698,0.0,0.0,0.5,1.0,1.0,0.7,1.0,1.0,0.5,0.5,0.5,1.0,1.0,0.5,0.5,0.5,0.0,0.0,1.0,1.0,1.0,1.0,1.0,1.0,0.2,0.0,1.0,0.0,1.0,0.0,0.5
0.0,0.5,0.0,0.5,0.6,0.5,0.23175,0.6,0.0,0.75,0.5,0.0,1.0,0.12,0.12,0.99943,0.0,1.0,1.0,0.9,1.0,1.0,1.0,0.65533,1.0,0.5,0.77821,0.63695,0.0,0.0,0.5,1.0,1.0,0.7,1.0,1.0,0.5,0.5,0.5,1.0,1.0,0.5,0.5,0.5,0.0,0.0,1.0,1.0,1.0,1.0,1.0,1.0,0.2,0.0,1.0,0.0,1.0,0.0,0.5
0.5,0.5,0.5,0.5,0.5,0.5,0.12699,0.8,0.63333,0.0,1.0,0.0,0.0,0.2,0.0,0.97932,0.0,0.97778,1.0,1.0,1.0,0.5,0.0,0.99593,1.0,0.11111,0.957,0.80471,0.5,0.0,1.0,0.88889,0.5,0.7,1.0,1.0,0.5,0.5,0.5,1.0,1.0,0.5,0.5,0.5,0.0,0.0,1.0,1.0,1.0,0.5,0.5,0.3,0.3,1.0,1.0,1.0,1.0,1.0,0.5
0.5,0.5,0.5,0.5,0.5,0.5,0.02847,0.2,0.56667,0.0,1.0,0.0,0.0,0.43,0.04,0.98397,0.0,1.0,1.0,1.0,1.0,0.5,0.0,0.9215,1.0,0.11111,0.32532,0.16943,0.25,0.0,0.96126,1.0,0.5,0.7,0.8,0.75845,0.5063,0.5,0.75946,1.0,1.0,0.5,0.5,0.5,0.0,0.0,1.0,1.0,1.0,0.19359,0.42857,0.3,0.4,0.75,0.66667,1.0,1.0,1.0,0.5
0.5,0.5,0.5,0.5,0.5,0.5,0.11765,0.5,0.26667,0.0,1.0,0.0,0.0,0.41,0.0,0.89714,0.0,1.0,1.0,1.0,1.0,0.5,0.0,0.85152,1.0,0.22222,1.0,1.0,1.0,1.0,0.94004,0.77778,0.5,0.7,1.0,1.0,0.5,0.5,0.5,1.0,1.0,0.5,0.5,0.5,0.0,0.0,1.0,1.0,1.0,0.5,0.5,0.3,0.3,0.66667,1.0,1.0,1.0,0.66667,0.5
0.5,0.5,0.5,0.5,0.5,0.5,0.04531,0.2,0.1,0.0,1.0,0.0,0.0,0.1,0.0,0.9704,0.0,0.95556,0.97778,1.0,1.0,0.5,1.0,0.73751,1.0,0.11111,0.52855,0.31728,0.0,1.0,0.44444,0.88889,0.5,0.7,1.0,1.0,0.5,0.5,0.5,1.0,1.0,0.5,0.5,0.5,0.0,0.0,1.0,1.0,1.0,0.5,0.5,0.3,0.3,1.0,0.0,1.0,1.0,0.5,0.5
0.5,0.5,0.5,0.5,0.5,0.5,0.12232,0.7,0.4,0.0,1.0,0.0,0.0,0.22,0.07,0.94977,0.0,0.86667,1.0,0.68889,1.0,0.5,0.0,0.92719,1.0,0.11111,0.83837,0.55617,0.5,1.0,0.96686,0.77778,0.5,0.7,1.0,1.0,0.5,0.5,0.5,1.0,1.0,0.5,0.5,0.5,0.0,0.0,1.0,1.0,1.0,0.5,0.5,0.3,0.3,1.0,0.5,0.5,1.0,0.5,0.5
0.0,1.0,0.0,1.0,0.7,0.7,0.13164,0.7,0.5,0.0,1.0,0.0,0.0,0.15,0.05,0.96075,0.0,1.0,1.0,0.68889,1.0,0.82222,1.0,0.98917,1.0,0.33333,1.0,0.53346,0.5,0.0,0.96555,1.0,1.0,0.7,1.0,1.0,0.5,0.5,0.5,1.0,1.0,0.5,0.5,0.5,0.0,0.0,1.0,1.0,1.0,0.5,0.5,0.7,0.3,1.0,1.0,0.5,1.0,0.0,1.0
0.5,0.5,0.5,0.5,0.5,0.5,0.20609,0.9,0.16667,0.0,1.0,0.0,0.0,0.29,0.04,0.92524,0.0,0.73333,0.64444,0.88889,1.0,0.5,0.0,0.89955,1.0,0.22222,0.92221,0.85565,0.0,0.0,1.0,0.88889,0.5,0.7,1.0,1.0,0.5,0.5,0.5,1.0,1.0,0.5,0.5,0.5,0.0,0.0,1.0,1.0,1.0,1.0,1.0,0.3,0.2,1.0,0.0,1.0,1.0,1.0,0.5
0.5,0.5,0.5,0.5,0.5,0.5,0.18092,1.0,0.43333,0.0,1.0,0.0,0.0,0.28,0.03,0.95798,0.0,1.0,1.0,0.86667,1.0,0.5,0.0,0.92924,1.0,0.44444,1.0,1.0,1.0,1.0,1.0,0.77778,0.5,0.7,1.0,1.0,0.5,0.5,0.5,1.0,1.0,0.5,0.5,0.5,0.0,0.0,1.0,1.0,1.0,0.5,0.5,0.3,0.3,1.0,1.0,1.0,1.0,1.0,0.5
1.0,0.5,1.0,0.5,1.0,0.5,0.19023,1.0,0.46667,0.0,1.0,0.0,1.0,0.26,0.03,0.96991,0.0,1.0,1.0,0.86667,1.0,1.0,0.0,0.90769,1.0,0.44444,1.0,1.0,1.0,1.0,1.0,1.0,1.0,0.7,1.0,1.0,0.5,0.5,0.5,1.0,1.0,0.5,0.5,0.5,0.0,0.0,1.0,1.0,1.0,0.5,0.5,0.3,0.3,1.0,1.0,1.0,1.0,1.0,1.0
0.0,1.0,0.0,1.0,0.9,1.0,0.18312,1.0,0.56667,0.0,1.0,0.0,0.0,0.24,0.02,0.99923,0.0,1.0,1.0,0.93333,1.0,0.77778,0.0,0.60678,1.0,0.11111,1.0,1.0,1.0,0.0,0.98161,1.0,0.88889,0.7,1.0,1.0,0.5,0.5,0.5,1.0,1.0,0.5,0.5,0.5,0.0,0.0,1.0,1.0,1.0,0.5,0.5,0.3,0.3,0.66667,0.5,1.0,1.0,1.0,1.0
1.0,0.5,0.0,0.5,1.0,0.5,0.1794,1.0,0.6,0.0,1.0,0.0,1.0,0.24,0.02,0.99795,0.0,1.0,1.0,0.86667,1.0,1.0,1.0,0.61252,1.0,0.11111,1.0,1.0,1.0,0.0,0.98332,1.0,1.0,0.7,1.0,1.0,0.5,0.5,0.5,1.0,1.0,0.5,0.5,0.5,0.0,0.0,1.0,1.0,1.0,0.5,0.5,0.3,0.3,0.66667,0.5,1.0,1.0,0.66667,1.0
1.0,0.5,1.0,0.5,1.0,0.5,0.19831,1.0,0.63333,0.0,1.0,0.0,1.0,0.23,0.02,0.99903,0.0,1.0,1.0,0.97778,1.0,1.0,0.0,0.60315,1.0,0.11111,1.0,1.0,1.0,0.0,0.98533,1.0,1.0,0.7,1.0,1.0,0.5,0.5,0.5,1.0,1.0,0.5,0.5,0.5,0.0,0.0,1.0,1.0,1.0,0.5,0.5,0.3,0.3,0.66667,1.0,1.0,1.0,0.66667,1.0
1.0,0.5,1.0,0.5,1.0,0.5,0.21205,1.0,0.66667,0.0,1.0,0.0,1.0,0.23,0.02,0.0,0.99761,0.97778,0.97778,0.97778,1.0,0.97778,0.0,0.59536,1.0,0.11111,1.0,1.0,1.0,0.0,0.9897,1.0,1.0,0.7,1.0,1.0,0.5,0.5,0.5,1.0,1.0,0.5,0.5,0.5,0.0,0.0,1.0,1.0,1.0,0.5,0.5,0.3,0.3,0.66667,1.0,1.0,1.0,0.66667,1.0
0.5,0.5,0.5,0.5,0.5,0.5,0.21215,1.0,0.36667,0.0,1.0,0.0,0.0,0.15,0.04,0.99238,0.0,0.86667,0.86667,0.71111,1.0,0.5,0.0,0.67651,1.0,0.22222,1.0,1.0,1.0,0.0,1.0,0.77778,0.5,0.7,1.0,1.0,0.5,0.5,0.5,1.0,1.0,0.5,0.5,0.5,0.0,0.0,1.0,1.0,1.0,1.0,1.0,0.45,0.2,1.0,1.0,1.0,1.0,0.0,0.5
0.0,0.0,0.0,0.0,1.0,1.0,0.20543,1.0,0.43333,0.0,1.0,0.0,0.0,0.16,0.04,0.99145,0.0,1.0,0.97778,0.77778,1.0,0.97778,1.0,0.92907,1.0,0.11111,1.0,1.0,1.0,0.0,1.0,0.88889,0.77778,0.7,1.0,1.0,0.5,0.5,0.5,1.0,1.0,0.5,0.5,0.5,0.0,0.0,1.0,1.0,1.0,1.0,0.24032,0.3,0.2,1.0,1.0,1.0,1.0,0.0,0.77778
0.5,0.5,0.5,0.5,0.5,0.5,0.15557,0.9,0.1,0.0,1.0,0.0,0.0,0.44,0.0,0.93198,0.0,0.46667,1.0,1.0,1.0,0.5,0.0,0.7941,1.0,0.11111,0.91513,0.70619,0.5,0.0,0.85885,1.0,0.5,0.7,1.0,1.0,0.5,0.5,0.5,1.0,1.0,0.5,0.5,0.5,0.0,0.0,1.0,1.0,1.0,0.5,0.5,0.3,0.2,0.5,0.0,1.0,1.0,0.5,0.5
1.0,1.0,0.0,1.0,0.9,0.9,0.14903,0.9,0.2,0.0,1.0,0.0,0.0,0.43,0.0,0.88836,0.0,0.8,1.0,1.0,1.0,0.8,0.0,0.66466,1.0,0.11111,1.0,0.67691,0.66667,0.0,0.91333,0.88889,0.88889,0.7,1.0,1.0,0.5,0.5,0.5,1.0,1.0,0.5,0.5,0.5,0.0,0.0,1.0,1.0,1.0,0.5,0.5,0.3,0.3,0.66667,0.5,1.0,1.0,1.0,1.0
1.0,0.5,0.0,0.5,0.9,0.5,0.14773,0.9,0.23333,0.0,1.0,0.0,1.0,0.46,0.0,0.9106,0.0,1.0,1.0,1.0,1.0,1.0,0.0,0.64498,1.0,0.11111,0.97393,0.65648,0.66667,0.0,0.91789,1.0,1.0,0.7,1.0,1.0,0.5,0.5,0.5,1.0,1.0,0.5,0.5,0.5,0.0,0.0,1.0,1.0,1.0,0.5,0.5,0.3,0.4,1.0,0.66667,1.0,1.0,0.66667,1.0
1.0,0.5,0.0,0.5,0.9,0.5,0.144,0.9,0.26667,0.0,1.0,0.0,1.0,0.48,0.0,0.94612,0.0,1.0,1.0,1.0,1.0,1.0,1.0,0.66239,1.0,0.11111,0.97004,0.68689,0.66667,0.0,0.92486,1.0,1.0,0.7,1.0,1.0,0.5,0.5,0.5,1.0,1.0,0.5,0.5,0.5,0.0,0.0,1.0,1.0,1.0,0.5,0.5,0.3,0.4,1.0,0.66667,1.0,1.0,1.0,1.0
1.0,0.5,0.0,0.5,0.9,0.5,0.14343,0.9,0.3,0.0,1.0,0.0,1.0,0.47,0.0,0.98702,0.0,1.0,1.0,1.0,1.0,1.0,0.0,0.65731,1.0,0.11111,0.95991,0.66938,0.66667,0.0,0.93812,1.0,1.0,0.7,1.0,1.0,0.5,0.5,0.5,1.0,1.0,0.5,0.5,0.5,0.0,0.0,1.0,1.0,1.0,0.5,0.5,0.3,0.4,1.0,0.66667,1.0,1.0,1.0,1.0
1.0,0.5,1.0,0.5,0.8,0.5,0.15163,0.8,0.33333,0.0,1.0,0.0,1.0,0.46,0.0,0.9996,0.0,0.8,1.0,1.0,1.0,0.8,0.0,0.61642,1.0,0.11111,1.0,0.69744,0.5,0.0,0.96857,1.0,0.88889,0.7,1.0,1.0,0.5,0.5,0.5,1.0,1.0,0.5,0.5,0.5,0.0,0.0,1.0,1.0,1.0,0.5,0.5,0.3,0.5,1.0,1.0,1.0,1.0,0.75,1.0
1.0,0.5,0.0,0.5,0.8,0.5,0.14924,0.8,0.36667,0.0,1.0,0.0,1.0,0.47,0.0,0.9881,0.0,1.0,1.0,1.0,1.0,1.0,1.0,0.61839,1.0,0.11111,1.0,0.68566,0.5,0.0,0.97158,1.0,1.0,0.7,1.0,1.0,0.5,0.5,0.5,1.0,1.0,0.5,0.5,0.5,0.0,0.0,1.0,1.0,1.0,0.5,0.5,0.3,0.5,1.0,1.0,1.0,1.0,1.0,1.0
0.0,1.0,0.0,0.0,0.8,0.8,0.14742,0.8,0.6,0.0,1.0,0.0,0.0,0.49,0.0,0.98526,0.0,1.0,1.0,1.0,1.0,1.0,1.0,0.63029,1.0,0.11111,1.0,0.75192,0.5,0.0,0.98798,0.88889,1.0,0.7,1.0,1.0,0.5,0.5,0.5,1.0,1.0,0.5,0.5,0.5,0.0,0.0,1.0,1.0,1.0,0.5,0.5,0.3,0.5,1.0,0.75,1.0,1.0,1.0,1.0
0.5,0.5,0.5,0.5,0.5,0.5,0.13646,0.8,0.16667,0.0,1.0,0.0,0.0,0.62,0.0,1.0,0.0,1.0,1.0,1.0,1.0,0.5,1.0,0.99399,1.0,0.77778,1.0,0.82759,0.5,1.0,0.99125,0.77778,0.5,0.7,1.0,1.0,0.5,0.5,0.5,1.0,1.0,0.5,0.5,0.5,0.0,0.0,1.0,1.0,1.0,0.5,0.5,0.3,0.3,1.0,1.0,1.0,1.0,1.0,0.5
1.0,1.0,0.0,1.0,0.8,0.9,0.09244,0.4,0.56667,0.0,1.0,0.0,0.0,0.63,0.04,0.73244,0.0,1.0,1.0,0.46667,1.0,0.46667,0.0,0.86999,1.0,0.11111,0.81402,0.67042,0.0,1.0,1.0,0.88889,1.0,0.7,1.0,1.0,0.5,0.5,0.5,1.0,1.0,0.5,0.5,0.5,0.0,0.0,1.0,1.0,1.0,0.92556,0.27198,0.3,0.3,1.0,1.0,1.0,1.0,1.0,1.0
0.0,0.5,0.0,0.5,0.3,0.5,0.08405,0.3,0.6,0.0,1.0,0.0,1.0,0.62,0.04,0.82669,0.0,1.0,1.0,1.0,1.0,1.0,0.0,0.84065,1.0,0.11111,0.76708,0.60858,0.0,1.0,1.0,1.0,1.0,0.7,1.0,1.0,0.5,0.5,0.5,1.0,1.0,0.5,0.5,0.5,0.0,0.0,1.0,1.0,1.0,0.92556,0.27198,0.3,0.3,1.0,1.0,1.0,1.0,1.0,1.0
1.0,0.5,0.0,0.5,0.3,0.5,0.082,0.3,0.63333,0.0,1.0,0.0,1.0,0.61,0.04,0.88655,0.0,1.0,1.0,1.0,1.0,1.0,0.0,0.82078,1.0,0.11111,0.76906,0.60961,0.0,1.0,1.0,1.0,1.0,0.7,1.0,1.0,0.5,0.5,0.5,1.0,1.0,0.5,0.5,0.5,0.0,0.0,1.0,1.0,1.0,0.92556,0.27198,0.3,0.3,1.0,1.0,1.0,1.0,1.0,1.0
1.0,0.0,0.0,0.0,0.3,0.3,0.07328,0.3,0.7,0.0,1.0,0.0,0.0,0.54,0.06,0.94378,0.0,1.0,1.0,1.0,1.0,1.0,0.0,0.81496,1.0,0.11111,0.69303,0.5232,0.0,1.0,1.0,0.88889,1.0,0.7,1.0,1.0,0.5,0.5,0.5,1.0,1.0,0.5,0.5,0.5,0.61306,0.61022,0.55,1.0,1.0,0.0,0.0,0.75,0.3,1.0,0.5,1.0,1.0,1.0,1.0
1.0,0.5,1.0,0.5,0.3,0.5,0.08613,0.3,0.73333,0.0,1.0,0.0,1.0,0.49,0.05,0.95672,0.0,1.0,1.0,1.0,1.0,1.0,1.0,0.84028,1.0,0.11111,0.78793,0.6209,0.0,1.0,1.0,1.0,1.0,0.7,1.0,1.0,0.5,0.5,0.5,1.0,1.0,1.0,0.53666,0.5,0.0,0.72523,1.0,1.0,1.0,1.0,0.53666,0.3,0.3,1.0,1.0,1.0,1.0,1.0,1.0
1.0,1.0,0.0,1.0,0.3,0.3,0.09401,0.3,0.8,0.0,1.0,0.0,0.0,0.39,0.08,0.97477,0.0,1.0,1.0,1.0,1.0,1.0,1.0,0.85618,1.0,0.11111,0.84535,0.67678,0.0,1.0,1.0,0.88889,1.0,0.7,1.0,1.0,0.5,0.5,0.5,1.0,1.0,1.0,0.53666,1.0,0.0,0.0,1.0,1.0,1.0,1.0,0.91012,0.3,0.3,1.0,1.0,1.0,1.0,1.0,1.0
0.0,1.0,0.0,1.0,0.3,0.6,0.11472,0.6,0.93333,0.0,1.0,0.0,0.0,0.28,0.08,0.0,0.81161,0.93333,1.0,0.93333,0.77778,0.93333,0.0,0.79275,1.0,0.11111,0.84615,0.73333,0.0,0.0,1.0,0.88889,0.88889,0.7,0.9,0.88381,0.0,0.5,0.72613,1.0,1.0,1.0,0.53666,1.0,0.0,0.0,1.0,1.0,1.0,1.0,1.0,0.3,0.2,1.0,1.0,1.0,1.0,0.0,1.0
1.0,0.5,1.0,0.5,0.6,0.5,0.11572,0.6,0.96667,0.0,1.0,0.0,1.0,0.29,0.08,0.0,0.86099,1.0,1.0,0.93333,1.0,1.0,1.0,0.8134,1.0,0.11111,0.81429,0.68676,0.0,0.0,1.0,1.0,1.0,0.7,1.0,1.0,0.5,0.5,0.5,1.0,1.0,1.0,0.53666,1.0,0.0,0.0,1.0,1.0,1.0,1.0,1.0,0.3,0.2,1.0,0.0,1.0,1.0,1.0,1.0
0.5,0.5,0.5,0.5,0.5,0.5,0.08801,0.5,0.16667,0.0,1.0,0.0,0.0,0.55,0.0,0.91222,0.0,1.0,1.0,1.0,1.0,0.5,0.0,0.77777,1.0,0.11111,1.0,1.0,1.0,0.0,0.97466,1.0,0.5,0.7,1.0,1.0,0.5,0.5,0.5,1.0,1.0,0.5,0.5,0.5,0.0,0.0,1.0,1.0,1.0,0.5,0.5,0.3,0.4,1.0,1.0,1.0,1.0,0.0,0.5
0.0,0.0,0.0,0.0,0.3,0.3,0.00727,0.4,0.96667,0.0,1.0,0.0,0.0,0.3,0.04,0.98927,0.0,1.0,1.0,0.86667,1.0,0.64444,0.0,0.88007,1.0,0.11111,0.06713,0.03391,0.0,0.0,0.99184,0.88889,0.44444,0.7,1.0,1.0,0.5,0.5,0.5,1.0,1.0,0.5,0.5,0.5,0.0,0.0,1.0,1.0,1.0,1.0,0.04059,0.3,0.2,0.5,0.0,0.0,1.0,0.5,1.0
0.5,0.5,0.5,0.5,0.5,0.5,0.02201,0.2,0.66667,0.0,1.0,0.0,0.0,0.21,0.01,0.99918,0.0,1.0,1.0,1.0,1.0,0.5,1.0,0.70089,1.0,0.11111,0.31632,0.20319,0.0,0.0,0.60377,0.33333,0.5,0.7,1.0,1.0,0.5,0.5,0.5,1.0,1.0,0.5,0.5,0.5,0.0,0.0,1.0,1.0,1.0,0.5,0.5,0.3,0.2,0.5,0.0,1.0,1.0,0.0,0.5
0.0,0.0,0.0,0.0,0.2,0.2,0.00661,0.2,0.73333,0.0,1.0,0.0,0.0,0.19,0.01,0.0,0.99316,1.0,1.0,1.0,1.0,1.0,1.0,0.861,1.0,0.11111,0.0647,0.02872,0.0,0.0,0.89526,1.0,0.77778,0.0,0.9,0.86935,0.32605,0.5,0.09781,1.0,1.0,0.5,0.5,0.5,0.0,0.0,1.0,1.0,1.0,0.5,0.5,1.0,0.1,0.0,1.0,1.0,1.0,0.0,1.0
0.0,0.0,0.0,0.0,0.2,0.2,0.00075,0.2,0.83333,0.0,1.0,0.0,0.0,0.17,0.01,0.0,0.98783,1.0,0.95556,1.0,1.0,1.0,1.0,0.87193,1.0,0.11111,0.00725,0.00286,0.0,0.0,0.89961,0.77778,1.0,0.0,1.0,1.0,0.5,0.5,0.5,1.0,1.0,0.5,0.5,0.5,0.0,0.0,1.0,1.0,1.0,0.5,0.5,1.0,0.1,0.0,1.0,1.0,1.0,0.0,1.0
0.0,0.0,0.0,0.0,0.2,0.2,0.00065,0.2,0.9,0.0,1.0,0.0,0.0,0.17,0.01,0.0,0.98246,1.0,0.95556,1.0,1.0,1.0,1.0,0.88229,1.0,0.11111,0.00625,0.00234,0.0,0.0,0.90064,0.77778,1.0,0.0,1.0,1.0,0.5,0.5,0.5,1.0,1.0,0.5,0.5,0.5,0.0,0.0,1.0,1.0,1.0,0.5,0.5,1.0,0.1,0.0,1.0,1.0,1.0,0.0,1.0
0.5,0.5,0.5,0.5,0.5,0.5,0.152,0.9,0.2,0.0,1.0,0.0,0.0,0.23,0.0,0.91911,0.0,1.0,1.0,1.0,1.0,0.5,1.0,0.99075,1.0,0.11111,1.0,1.0,1.0,0.0,0.78794,1.0,0.5,0.7,1.0,1.0,0.5,0.5,0.5,1.0,1.0,0.5,0.5,0.5,0.0,0.0,1.0,1.0,1.0,0.5,0.5,0.3,0.3,1.0,0.5,1.0,1.0,1.0,0.5
0.0,0.0,0.0,0.0,0.8,0.9,0.22394,1.0,0.66667,0.0,1.0,0.0,0.0,0.2,0.02,0.8028,0.0,1.0,1.0,1.0,1.0,0.86667,1.0,0.9163,1.0,0.11111,1.0,1.0,1.0,0.0,1.0,0.88889,0.88889,0.7,1.0,1.0,0.5,0.5,0.5,1.0,1.0,0.5,0.5,0.5,0.0,0.0,1.0,1.0,1.0,1.0,0.60488,0.4,0.2,1.0,1.0,1.0,1.0,1.0,1.0
0.0,1.0,0.0,0.0,1.0,1.0,0.28979,1.0,0.93333,0.0,1.0,0.0,0.0,0.12,0.02,0.99609,0.0,1.0,1.0,1.0,1.0,0.95556,0.0,0.82143,1.0,0.0,1.0,1.0,1.0,0.0,1.0,0.88889,1.0,0.7,1.0,1.0,0.5,0.5,0.5,1.0,1.0,0.5,0.5,0.5,0.0,0.0,1.0,1.0,1.0,1.0,0.60488,0.5,0.2,1.0,1.0,1.0,1.0,1.0,0.44444
0.5,0.5,0.5,0.5,0.5,0.5,0.2198,1.0,0.2,0.0,1.0,0.0,0.0,0.45,0.01,0.73414,0.0,1.0,1.0,1.0,1.0,0.5,1.0,0.75428,1.0,0.11111,1.0,1.0,1.0,0.0,1.0,0.88889,0.5,0.7,1.0,1.0,0.5,0.5,0.5,1.0,1.0,0.5,0.5,0.5,0.0,0.0,1.0,1.0,1.0,1.0,0.53071,0.3,0.3,1.0,1.0,1.0,1.0,1.0,0.5
0.0,1.0,0.0,1.0,1.0,1.0,0.26161,1.0,0.26667,0.0,1.0,0.0,0.0,0.35,0.01,0.90565,0.0,1.0,1.0,1.0,1.0,1.0,0.0,0.72672,1.0,0.11111,1.0,1.0,1.0,0.0,1.0,0.88889,1.0,0.7,1.0,1.0,0.5,0.5,0.5,1.0,1.0,0.5,0.5,0.5,0.0,0.0,1.0,0.0,0.0,0.68511,0.53373,0.3,0.3,1.0,1.0,1.0,1.0,0.0,1.0
0.0,0.0,0.0,0.0,1.0,1.0,0.07048,0.5,0.7,0.0,1.0,0.0,0.0,0.37,0.03,0.96358,0.0,0.66667,1.0,1.0,1.0,1.0,1.0,0.92042,1.0,0.11111,0.47734,0.3718,0.0,0.0,0.99701,0.88889,1.0,0.7,0.9,0.93601,0.98678,0.5,1.0,1.0,1.0,0.5,0.5,0.5,0.0,0.0,1.0,1.0,1.0,1.0,0.6375,0.3,0.2,0.5,1.0,1.0,1.0,1.0,1.0
1.0,0.5,1.0,0.5,0.5,0.5,0.07053,0.5,0.73333,0.0,1.0,0.0,1.0,0.36,0.03,0.97618,0.0,1.0,1.0,1.0,1.0,1.0,1.0,0.98962,1.0,0.11111,0.53651,0.38747,0.0,0.0,0.98858,1.0,0.77778,0.7,1.0,1.0,0.5,0.5,0.5,1.0,1.0,0.5,0.5,0.5,0.0,0.0,1.0,1.0,1.0,1.0,0.6375,0.3,0.2,0.5,0.0,1.0,1.0,0.5,1.0
0.5,0.5,0.5,0.5,0.5,0.5,0.00273,0.1,0.23333,0.0,1.0,0.0,0.0,0.09,0.01,0.46656,0.0,0.95556,0.95556,1.0,1.0,0.5,1.0,0.68599,1.0,0.22222,0.03413,0.01736,0.0,0.0,0.5,1.0,0.5,0.0,0.9,0.88148,0.31975,0.5,0.09592,1.0,1.0,0.5,0.5,0.5,0.0,0.0,1.0,1.0,1.0,0.5,0.5,1.0,0.1,0.0,1.0,1.0,1.0,0.0,0.5
0.0,0.5,0.0,0.5,0.1,0.5,0.00073,0.1,0.26667,0.0,1.0,0.0,1.0,0.09,0.01,0.67085,0.0,1.0,0.95556,1.0,1.0,1.0,0.0,0.68533,1.0,0.22222,0.00918,0.00461,0.0,0.0,0.5,1.0,1.0,0.0,1.0,1.0,0.5,0.5,0.5,1.0,1.0,0.5,0.5,0.5,0.0,0.0,1.0,1.0,1.0,0.5,0.5,1.0,0.1,0.0,1.0,1.0,1.0,0.0,1.0
0.0,0.5,0.0,0.5,0.1,0.5,0.00041,0.1,0.3,0.0,1.0,0.0,1.0,0.09,0.01,0.80668,0.0,1.0,0.95556,1.0,1.0,1.0,1.0,0.68533,1.0,0.22222,0.00516,0.00258,0.0,0.0,0.5,1.0,1.0,0.0,1.0,1.0,0.5,0.5,0.5,1.0,1.0,0.5,0.5,0.5,0.0,0.0,1.0,1.0,1.0,0.5,0.5,1.0,0.1,0.0,1.0,1.0,1.0,0.0,1.0
0.0,0.5,0.0,0.5,0.1,0.5,0.00036,0.1,0.33333,0.0,1.0,0.0,1.0,0.09,0.01,0.89725,0.0,1.0,0.95556,1.0,1.0,1.0,1.0,0.68537,1.0,0.22222,0.00459,0.0023,0.0,0.0,0.5,1.0,1.0,0.0,1.0,1.0,0.5,0.5,0.5,1.0,1.0,0.5,0.5,0.5,0.0,0.0,1.0,1.0,1.0,0.5,0.5,1.0,0.1,0.0,1.0,1.0,1.0,0.0,1.0
0.0,0.5,0.0,0.5,0.1,0.5,0.00035,0.1,0.36667,0.0,1.0,0.0,1.0,0.09,0.01,0.95766,0.0,1.0,0.95556,1.0,1.0,1.0,1.0,0.68539,1.0,0.22222,0.00448,0.00225,0.0,0.0,0.5,1.0,1.0,0.0,1.0,1.0,0.5,0.5,0.5,1.0,1.0,0.5,0.5,0.5,0.0,0.0,1.0,1.0,1.0,0.5,0.5,1.0,0.1,0.0,1.0,1.0,1.0,0.0,1.0
0.0,0.5,1.0,0.5,0.1,0.5,0.00036,0.1,0.4,0.0,1.0,0.0,1.0,0.09,0.02,0.99902,0.0,0.93333,1.0,0.93333,1.0,0.93333,1.0,0.97078,1.0,0.11111,0.00279,0.00166,0.0,0.0,0.44444,1.0,0.66667,0.0,1.0,1.0,0.5,0.5,0.5,1.0,1.0,0.5,0.5,0.5,0.0,0.0,1.0,1.0,1.0,0.5,0.5,1.0,0.1,0.0,1.0,1.0,1.0,0.0,1.0
0.0,0.5,1.0,0.5,0.2,0.5,0.00036,0.2,0.43333,0.0,1.0,0.0,1.0,0.08,0.02,0.0,0.99989,1.0,1.0,0.93333,1.0,1.0,0.0,0.96849,1.0,0.11111,0.0028,0.00165,0.0,0.0,0.44444,1.0,1.0,0.0,1.0,1.0,0.5,0.5,0.5,1.0,1.0,0.5,0.5,0.5,0.0,0.0,1.0,1.0,1.0,0.5,0.5,1.0,0.1,0.0,1.0,1.0,1.0,0.0,1.0
0.0,0.5,1.0,0.5,0.2,0.5,0.00036,0.2,0.46667,0.0,1.0,0.0,1.0,0.08,0.02,0.0,0.99859,1.0,1.0,0.93333,1.0,1.0,1.0,0.96942,1.0,0.11111,0.0028,0.00165,0.0,0.0,0.44444,1.0,1.0,0.05,1.0,1.0,0.5,0.5,0.5,1.0,1.0,0.5,0.5,0.5,0.0,0.0,1.0,1.0,1.0,0.5,0.5,1.0,0.1,0.0,1.0,1.0,1.0,0.0,1.0
0.0,0.5,0.0,0.5,0.2,0.5,0.00036,0.2,0.5,0.0,1.0,0.0,1.0,0.08,0.02,0.0,0.99814,1.0,1.0,0.93333,1.0,1.0,0.0,0.96937,1.0,0.11111,0.0028,0.00165,0.0,0.0,0.44444,1.0,1.0,0.15,1.0,1.0,0.5,0.5,0.5,1.0,1.0,0.5,0.5,0.5,0.0,0.0,1.0,1.0,1.0,0.5,0.5,1.0,0.1,0.0,1.0,1.0,1.0,0.0,0.0
0.0,0.5,0.0,0.5,0.2,0.5,0.00036,0.2,0.53333,0.0,1.0,0.0,1.0,0.08,0.02,0.0,0.99829,1.0,1.0,0.93333,1.0,1.0,0.0,0.96897,1.0,0.11111,0.0028,0.00165,0.0,0.0,0.44444,1.0,1.0,0.2,1.0,1.0,0.5,0.5,0.5,1.0,1.0,0.5,0.5,0.5,0.0,0.0,1.0,1.0,1.0,0.5,0.5,1.0,0.1,0.0,1.0,1.0,1.0,0.0,0.0
0.0,0.5,0.0,0.5,0.2,0.5,0.00036,0.2,0.56667,0.0,1.0,0.0,1.0,0.08,0.02,0.0,0.99854,1.0,1.0,0.93333,1.0,1.0,0.0,0.96846,1.0,0.11111,0.0028,0.00165,0.0,0.0,0.44444,1.0,1.0,0.3,1.0,1.0,0.5,0.5,0.5,1.0,1.0,0.5,0.5,0.5,0.0,0.0,1.0,1.0,1.0,0.5,0.5,1.0,0.1,0.0,1.0,1.0,1.0,0.0,0.0
0.0,0.5,0.0,0.5,0.2,0.5,0.00036,0.2,0.6,0.0,1.0,0.0,1.0,0.08,0.02,0.0,0.99886,1.0,1.0,0.93333,1.0,1.0,0.0,0.96792,1.0,0.11111,0.0028,0.00165,0.0,0.0,0.44444,1.0,1.0,0.4,1.0,1.0,0.5,0.5,0.5,1.0,1.0,0.5,0.5,0.5,0.0,0.0,1.0,1.0,1.0,0.5,0.5,1.0,0.1,0.0,1.0,1.0,1.0,0.0,0.0
0.0,0.5,0.0,0.5,0.2,0.5,0.00036,0.2,0.63333,0.0,1.0,0.0,1.0,0.08,0.02,0.0,0.99868,1.0,0.95556,0.93333,1.0,1.0,0.0,0.96709,1.0,0.11111,0.0028,0.00165,0.0,0.0,0.44444,1.0,1.0,0.45,1.0,1.0,0.5,0.5,0.5,1.0,1.0,0.5,0.5,0.5,0.0,0.0,1.0,1.0,1.0,0.5,0.5,1.0,0.1,0.0,1.0,1.0,1.0,0.0,0.0
0.0,0.5,0.0,0.5,0.2,0.5,0.00036,0.2,0.66667,0.0,1.0,0.0,1.0,0.08,0.02,0.0,0.99961,1.0,0.95556,0.93333,1.0,1.0,0.0,0.96613,1.0,0.11111,0.0028,0.00165,0.0,0.0,0.44444,1.0,1.0,0.55,1.0,1.0,0.5,0.5,0.5,1.0,1.0,0.5,0.5,0.5,0.0,0.0,1.0,1.0,1.0,0.5,0.5,1.0,0.1,0.0,1.0,1.0,1.0,0.0,0.0
0.0,0.5,0.0,0.5,0.2,0.5,0.00036,0.2,0.7,0.0,1.0,0.0,1.0,0.08,0.02,0.99988,0.0,1.0,0.95556,0.93333,1.0,1.0,0.0,0.96544,1.0,0.11111,0.0028,0.00165,0.0,0.0,0.44444,1.0,1.0,0.6,1.0,1.0,0.5,0.5,0.5,1.0,1.0,0.5,0.5,0.5,0.0,0.0,1.0,1.0,1.0,0.5,0.5,1.0,0.1,0.0,1.0,1.0,1.0,0.0,0.0
0.0,0.5,0.0,0.5,0.2,0.5,0.00035,0.2,0.73333,0.0,1.0,0.0,1.0,0.08,0.02,0.99967,0.0,1.0,0.95556,0.93333,1.0,1.0,0.0,0.96486,1.0,0.11111,0.0028,0.00165,0.0,0.0,0.44444,1.0,1.0,0.65,1.0,1.0,0.5,0.5,0.5,1.0,1.0,0.5,0.5,0.5,0.0,0.0,1.0,1.0,1.0,0.5,0.5,1.0,0.1,0.0,1.0,1.0,1.0,0.0,0.0
0.0,0.5,0.0,0.5,0.2,0.5,0.00035,0.2,0.76667,0.0,1.0,0.0,1.0,0.08,0.02,0.99961,0.0,0.95556,1.0,0.91111,1.0,0.95556,0.0,0.96399,1.0,0.11111,0.0028,0.00165,0.0,0.0,0.44444,1.0,1.0,0.7,1.0,1.0,0.5,0.5,0.5,1.0,1.0,0.5,0.5,0.5,0.0,0.0,1.0,1.0,1.0,0.5,0.5,1.0,0.1,0.0,1.0,1.0,1.0,0.0,0.0
0.0,0.5,0.0,0.5,0.2,0.5,0.00035,0.2,0.8,0.0,1.0,0.0,1.0,0.08,0.02,0.99963,0.0,1.0,1.0,0.91111,1.0,1.0,0.0,0.96299,1.0,0.11111,0.0028,0.00165,0.0,0.0,0.44444,1.0,1.0,0.7,1.0,1.0,0.5,0.5,0.5,1.0,1.0,0.5,0.5,0.5,0.0,0.0,1.0,1.0,1.0,0.5,0.5,1.0,0.1,0.0,1.0,1.0,1.0,0.0,0.0
0.0,0.5,0.0,0.5,0.2,0.5,0.00035,0.2,0.83333,0.0,1.0,0.0,1.0,0.08,0.02,0.99971,0.0,1.0,1.0,0.91111,1.0,1.0,0.0,0.96195,1.0,0.11111,0.0028,0.00165,0.0,0.0,0.44444,1.0,1.0,0.7,1.0,1.0,0.5,0.5,0.5,1.0,1.0,0.5,0.5,0.5,0.0,0.0,1.0,1.0,1.0,0.5,0.5,1.0,0.1,0.0,1.0,1.0,1.0,0.0,0.0
0.0,0.5,0.0,0.5,0.2,0.5,0.00035,0.2,0.86667,0.0,1.0,0.0,1.0,0.08,0.02,0.99979,0.0,1.0,1.0,0.91111,1.0,1.0,0.0,0.96087,1.0,0.11111,0.0028,0.00165,0.0,0.0,0.44444,1.0,1.0,0.7,1.0,1.0,0.5,0.5,0.5,1.0,1.0,0.5,0.5,0.5,0.0,0.0,1.0,1.0,1.0,0.5,0.5,1.0,0.1,0.0,1.0,1.0,1.0,0.0,0.0
0.0,0.5,0.0,0.5,0.2,0.5,0.00035,0.2,0.9,0.0,1.0,0.0,1.0,0.08,0.02,0.99984,0.0,1.0,1.0,0.91111,1.0,1.0,0.0,0.95979,1.0,0.11111,0.0028,0.00165,0.0,0.0,0.44444,1.0,1.0,0.7,1.0,1.0,0.5,0.5,0.5,1.0,1.0,0.5,0.5,0.5,0.0,0.0,1.0,1.0,1.0,0.5,0.5,1.0,0.1,0.0,1.0,1.0,1.0,0.0,0.0
0.0,0.5,0.0,0.5,0.2,0.5,0.00035,0.2,0.93333,0.0,1.0,0.0,1.0,0.08,0.02,0.99989,0.0,1.0,1.0,0.91111,1.0,1.0,0.0,0.95869,1.0,0.11111,0.0028,0.00165,0.0,0.0,0.44444,1.0,1.0,0.7,1.0,1.0,0.5,0.5,0.5,1.0,1.0,0.5,0.5,0.5,0.0,0.0,1.0,1.0,1.0,0.5,0.5,1.0,0.1,0.0,1.0,1.0,1.0,0.0,0.0
0.0,0.5,0.0,0.5,0.2,0.5,0.00035,0.2,0.96667,0.0,1.0,0.0,1.0,0.08,0.02,0.99993,0.0,1.0,1.0,0.91111,1.0,1.0,0.0,0.95759,1.0,0.11111,0.0028,0.00165,0.0,0.0,0.44444,1.0,1.0,0.7,1.0,1.0,0.5,0.5,0.5,1.0,1.0,0.5,0.5,0.5,0.0,0.0,1.0,1.0,1.0,0.5,0.5,1.0,0.1,0.0,1.0,1.0,1.0,0.0,0.0
0.0,0.5,0.0,0.5,0.2,0.5,0.00035,0.2,1.0,0.0,1.0,0.0,1.0,0.08,0.02,0.99996,0.0,1.0,1.0,0.91111,1.0,1.0,0.0,0.95649,1.0,0.11111,0.0028,0.00165,0.0,0.0,0.44444,1.0,1.0,0.7,1.0,1.0,0.5,0.5,0.5,1.0,1.0,0.5,0.5,0.5,0.0,0.0,1.0,1.0,1.0,0.5,0.5,1.0,0.1,0.0,1.0,1.0,1.0,0.0,0.0
0.0,0.0,0.0,0.0,0.2,0.2,0.00034,0.2,0.0,0.75,1.0,0.0,0.0,0.09,0.02,0.0,0.99991,1.0,1.0,0.91111,1.0,1.0,0.0,0.9452,1.0,0.11111,0.0028,0.00165,0.0,0.0,0.44444,0.88889,1.0,0.7,1.0,1.0,0.5,0.5,0.5,1.0,1.0,0.5,0.5,0.5,0.0,0.0,1.0,1.0,1.0,0.5,0.5,1.0,0.1,0.0,1.0,1.0,1.0,0.0,0.0
0.5,0.5,0.5,0.5,0.5,0.5,0.02544,0.3,0.03333,0.0,1.0,0.0,0.0,0.1,0.0,0.5,0.5,0.5,0.5,0.5,0.5,0.5,0.5,0.0,0.0,0.44444,0.31561,0.14844,0.0,0.0,0.0,0.5,0.5,0.5,1.0,1.0,0.5,0.5,0.5,1.0,1.0,0.5,0.5,0.5,0.5,0.5,1.0,0.5,0.5,0.5,0.5,0.5,0.4,0.75,1.0,1.0,1.0,0.5,0.5
1.0,1.0,1.0,1.0,0.3,0.4,0.0,0.1,0.0,0.85714,1.0,0.0,0.0,0.22,0.03,0.0,0.98742,1.0,1.0,1.0,1.0,0.6,0.0,0.88736,1.0,0.11111,0.0,0.0,0.0,0.0,0.87118,0.77778,0.44444,0.0,1.0,1.0,0.5,0.5,0.5,1.0,1.0,0.5,0.5,0.5,0.0,0.0,1.0,1.0,1.0,0.41629,0.90462,1.0,0.1,0.0,1.0,0.0,1.0,0.0,1.0
1.0,1.0,1.0,1.0,0.1,0.1,0.0,0.1,0.0,0.81081,1.0,0.0,0.0,0.24,0.03,0.0,0.99058,1.0,1.0,1.0,1.0,1.0,0.0,0.85285,1.0,0.11111,0.0,0.0,0.0,0.0,0.87127,0.77778,1.0,0.0,1.0,1.0,0.5,0.5,0.5,1.0,1.0,0.5,0.5,0.5,0.0,0.0,1.0,1.0,1.0,0.41629,0.90462,1.0,0.1,0.0,1.0,0.0,1.0,0.0,1.0
1.0,0.0,1.0,0.0,0.1,0.1,0.0,0.1,0.0,0.75,1.0,0.0,0.0,0.23,0.03,0.0,0.99124,1.0,1.0,1.0,1.0,1.0,1.0,0.84598,1.0,0.11111,0.0,0.0,0.0,0.0,0.87137,0.88889,1.0,0.0,1.0,1.0,0.5,0.5,0.5,1.0,1.0,0.5,0.5,0.5,0.0,0.0,1.0,1.0,1.0,0.41629,0.90462,1.0,0.1,0.0,1.0,0.0,1.0,0.0,1.0
0.5,0.5,0.5,0.5,0.5,0.5,0.00047,0.2,0.96667,0.0,1.0,0.0,0.0,0.06,0.04,0.99096,0.0,0.97778,0.91111,0.8,0.77778,0.5,0.0,0.6391,1.0,0.44444,0.00782,0.00393,0.0,0.0,0.5,0.66667,0.5,0.7,1.0,1.0,0.5,0.5,0.5,1.0,1.0,0.5,0.5,0.5,0.0,0.0,1.0,1.0,1.0,0.5,0.5,1.0,0.1,0.0,1.0,1.0,1.0,0.0,0.5
0.0,0.5,1.0,0.5,0.2,0.5,0.00047,0.2,1.0,0.0,1.0,0.0,1.0,0.06,0.04,0.99344,0.0,1.0,0.91111,0.8,1.0,1.0,0.0,0.63907,1.0,0.44444,0.00783,0.00393,0.0,0.0,0.5,1.0,1.0,0.7,1.0,1.0,0.5,0.5,0.5,1.0,1.0,0.5,0.5,0.5,0.0,0.0,1.0,1.0,1.0,0.5,0.5,1.0,0.1,0.0,1.0,1.0,1.0,0.0,0.11111
0.0,0.5,1.0,0.5,0.2,0.5,0.00047,0.2,0.0,0.96774,1.0,0.0,1.0,0.06,0.04,0.99528,0.0,1.0,0.91111,0.86667,1.0,1.0,0.0,0.63906,1.0,0.44444,0.00783,0.00393,0.0,0.0,0.5,1.0,1.0,0.7,1.0,1.0,0.5,0.5,0.5,1.0,1.0,0.5,0.5,0.5,0.0,0.0,1.0,1.0,1.0,0.5,0.5,1.0,0.1,0.0,1.0,1.0,1.0,0.0,0.11111
0.0,0.5,1.0,0.5,0.2,0.5,0.00047,0.2,0.0,0.9375,1.0,0.0,1.0,0.06,0.04,0.99637,0.0,1.0,1.0,0.86667,1.0,1.0,0.0,0.63906,1.0,0.44444,0.00784,0.00393,0.0,0.0,0.5,1.0,1.0,0.7,1.0,1.0,0.5,0.5,0.5,1.0,1.0,0.5,0.5,0.5,0.0,0.0,1.0,1.0,1.0,0.5,0.5,1.0,0.1,0.0,1.0,1.0,1.0,0.0,0.11111
0.0,0.5,1.0,0.5,0.2,0.5,0.00047,0.2,0.0,0.90909,1.0,0.0,1.0,0.06,0.04,0.99695,0.0,1.0,1.0,0.86667,1.0,1.0,0.0,0.63906,1.0,0.44444,0.00784,0.00393,0.0,0.0,0.5,1.0,1.0,0.7,1.0,1.0,0.5,0.5,0.5,1.0,1.0,0.5,0.5,0.5,0.0,0.0,1.0,1.0,1.0,0.5,0.5,1.0,0.1,0.0,1.0,1.0,1.0,0.0,0.11111
0.0,0.0,0.0,0.0,0.2,0.2,0.00047,0.2,0.0,0.81081,1.0,0.0,0.0,0.06,0.04,0.99717,0.0,1.0,1.0,0.8,0.93333,1.0,1.0,0.64002,1.0,0.44444,0.00778,0.00391,0.0,0.0,0.5,0.66667,1.0,0.7,1.0,1.0,0.5,0.5,0.5,1.0,1.0,0.5,0.5,0.5,0.0,0.0,1.0,1.0,1.0,0.5,0.5,1.0,0.1,0.0,1.0,1.0,1.0,0.0,0.11111
0.0,0.0,0.0,1.0,0.2,0.2,0.00049,0.2,0.0,0.76923,1.0,0.0,0.0,0.06,0.01,0.90257,0.0,0.75556,1.0,0.91111,0.88889,0.75556,1.0,0.863,1.0,0.11111,0.00336,0.00168,0.0,0.0,0.5,0.66667,0.77778,0.7,0.9,1.0,1.0,0.5,1.0,1.0,1.0,0.5,0.5,0.5,0.0,0.0,1.0,1.0,1.0,0.5,0.5,1.0,0.1,0.0,1.0,1.0,1.0,0.0,0.11111
1.0,0.5,1.0,0.5,0.2,0.5,0.0005,0.2,0.0,0.75,1.0,0.0,1.0,0.06,0.01,0.95891,0.0,1.0,0.95556,0.93333,1.0,1.0,1.0,0.86991,1.0,0.11111,0.00336,0.00168,0.0,0.0,0.5,1.0,1.0,0.7,1.0,1.0,0.5,0.5,0.5,1.0,1.0,0.5,0.5,0.5,0.0,0.0,1.0,1.0,1.0,0.5,0.5,1.0,0.1,0.0,1.0,1.0,1.0,0.0,0.11111
0.5,0.5,0.5,0.5,0.5,0.5,0.02079,0.13333,0.03333,0.0,0.0,0.66667,0.0,0.06667,0.0,0.5,0.5,0.5,0.5,0.5,0.5,0.5,0.5,0.0,0.0,0.35714,0.28182,0.15657,0.0,0.0,0.0,0.5,0.5,0.5,1.0,1.0,0.5,0.5,0.5,1.0,1.0,0.5,0.5,0.5,0.5,0.5,1.0,0.5,0.5,0.5,0.5,0.5,0.4,1.0,1.0,1.0,1.0,0.5,0.5
1.0,1.0,1.0,1.0,0.13333,0.13333,0.0232,0.13333,0.1,0.0,0.0,0.66667,0.0,0.62667,0.0,0.94055,0.0,0.58095,1.0,1.0,1.0,0.41905,0.0,0.85498,1.0,1.0,0.38246,0.24375,0.0,0.0,0.85476,0.0,0.5,0.7,1.0,1.0,0.5,0.5,0.5,1.0,1.0,0.5,0.5,0.5,0.0,0.0,1.0,1.0,1.0,0.5,0.5,0.3,0.13333,0.25,1.0,1.0,1.0,0.5,1.0
0.5,0.5,0.5,0.5,0.5,0.5,0.0966,0.73333,0.06667,0.0,0.0,0.66667,0.0,0.08444,0.0,0.5,0.5,0.94286,0.99048,1.0,1.0,0.5,1.0,0.75065,1.0,0.07143,1.0,1.0,1.0,1.0,0.4096,0.85714,0.5,0.7,1.0,1.0,0.5,0.5,0.5,1.0,1.0,0.5,0.5,0.5,0.5,0.5,1.0,1.0,1.0,0.5,0.5,0.3,0.33333,1.0,0.0,1.0,1.0,1.0,0.5
0.0,0.0,0.0,0.0,0.66667,0.66667,0.07765,0.66667,0.13333,0.0,0.0,0.66667,0.0,0.08444,0.0,0.98347,0.0,0.97143,0.93333,1.0,1.0,0.9619,0.0,0.65576,1.0,0.07143,1.0,1.0,1.0,0.0,0.42188,0.71429,0.78571,0.7,1.0,1.0,0.5,0.5,0.5,1.0,1.0,0.5,0.5,0.5,0.0,0.0,1.0,1.0,1.0,0.5,0.5,0.3,0.13333,0.33333,0.0,1.0,1.0,0.66667,1.0
0.0,0.5,0.0,0.5,0.53333,0.5,0.06644,0.53333,0.16667,0.0,0.0,0.66667,1.0,0.08444,0.0,0.98032,0.0,0.9619,0.97143,1.0,1.0,0.9619,0.0,0.64514,1.0,0.07143,1.0,0.91326,0.66667,0.0,0.42188,1.0,1.0,0.7,1.0,1.0,0.5,0.5,0.5,1.0,1.0,0.5,0.5,0.5,0.0,0.0,1.0,1.0,1.0,0.5,0.5,0.3,0.13333,0.33333,0.0,1.0,1.0,0.33333,1.0
0.0,0.5,0.0,0.5,0.4,0.5,0.05623,0.4,0.2,0.0,0.0,0.66667,1.0,0.06667,0.0,0.98022,0.0,0.98095,0.93333,1.0,1.0,0.98095,1.0,0.67497,1.0,0.07143,0.80882,0.64571,0.0,0.0,0.66667,1.0,0.78571,0.7,1.0,1.0,0.5,0.5,0.5,1.0,1.0,0.5,0.5,0.5,0.0,0.0,1.0,1.0,1.0,0.5,0.5,0.3,0.13333,0.5,1.0,1.0,1.0,0.5,1.0
0.0,0.0,0.0,0.0,0.33333,0.33333,0.04129,0.33333,0.3,0.0,0.0,0.66667,0.0,0.07111,0.0,0.99001,0.0,0.99048,0.97143,1.0,1.0,0.99048,1.0,0.69404,1.0,0.07143,0.57613,0.46977,0.0,0.0,0.44444,0.85714,1.0,0.7,1.0,1.0,0.5,0.5,0.5,1.0,1.0,0.5,0.5,0.5,0.0,0.0,1.0,1.0,1.0,0.5,0.5,1.0,0.06667,0.0,1.0,1.0,1.0,0.0,1.0
0.0,0.0,0.0,0.0,0.33333,0.33333,0.02829,0.26667,0.4,0.0,0.0,0.66667,0.0,0.07111,0.00444,0.67779,0.0,0.99048,0.99048,1.0,1.0,0.99048,0.0,0.62348,1.0,0.07143,0.47679,0.31301,0.0,0.0,1.0,1.0,0.78571,0.0,0.93333,0.89979,0.64656,0.5,0.49569,1.0,1.0,0.5,0.5,0.5,0.0,0.0,1.0,1.0,1.0,0.5,0.5,1.0,0.06667,0.0,1.0,1.0,1.0,0.0,0.21429
0.0,0.5,0.0,0.5,0.26667,0.5,0.02491,0.26667,0.43333,0.0,0.0,0.66667,1.0,0.06222,0.00889,0.81064,0.0,0.99048,0.98095,0.99048,1.0,0.99048,0.0,0.62278,1.0,0.14286,0.42785,0.27214,0.0,0.0,1.0,1.0,1.0,0.16667,1.0,1.0,0.5,0.5,0.5,1.0,1.0,0.5,0.5,0.5,0.0,0.0,1.0,1.0,1.0,0.5,0.5,0.83333,0.13333,1.0,1.0,1.0,1.0,0.0,1.0
0.5,0.5,0.5,0.5,0.5,0.5,0.085,0.6,0.03333,0.0,0.0,0.66667,0.0,0.06667,0.0,0.5,0.5,0.5,0.5,0.5,0.5,0.5,0.5,0.0,0.0,0.28571,0.98696,0.57923,0.25,0.0,0.0,0.5,0.5,0.5,1.0,1.0,0.5,0.5,0.5,1.0,1.0,0.5,0.5,0.5,0.5,0.5,1.0,0.5,0.5,0.5,0.5,0.53333,0.33333,1.0,1.0,1.0,1.0,0.5,0.5
0.0,1.0,0.0,1.0,0.6,1.0,0.13812,1.0,0.13333,0.0,0.0,0.66667,0.0,0.18222,0.04,0.88087,0.0,0.53333,1.0,0.57143,1.0,0.51429,0.0,0.78746,1.0,0.21429,1.0,1.0,1.0,0.0,0.70326,0.85714,0.78571,0.7,1.0,1.0,0.5,0.5,0.5,1.0,1.0,0.5,0.5,0.5,0.0,0.0,1.0,1.0,1.0,1.0,1.0,0.3,0.26667,0.6,1.0,0.33333,1.0,0.6,1.0
0.5,0.5,0.5,0.5,0.5,0.5,0.00071,0.13333,0.6,0.0,0.0,0.66667,0.0,0.16,0.03111,0.0,0.99757,1.0,1.0,0.86667,0.92381,0.5,1.0,0.63999,1.0,0.07143,0.02156,0.00934,0.25,0.0,0.8,0.85714,0.5,0.0,1.0,1.0,0.5,0.5,0.5,1.0,1.0,0.5,0.5,0.5,0.0,0.0,1.0,1.0,1.0,0.0,0.2375,1.0,0.06667,0.0,1.0,1.0,1.0,0.0,0.5
1.0,1.0,0.0,0.0,0.13333,0.13333,0.00068,0.13333,0.66667,0.0,0.0,0.66667,0.0,0.16,0.03111,0.0,0.99483,1.0,1.0,0.86667,0.93333,0.92381,1.0,0.72233,1.0,0.07143,0.0172,0.00784,0.2,0.0,0.79944,0.85714,0.92857,0.0,1.0,1.0,0.5,0.5,0.5,1.0,1.0,0.5,0.5,0.5,0.0,0.0,1.0,1.0,1.0,0.0,0.2375,1.0,0.06667,0.0,1.0,1.0,1.0,0.0,1.0
0.5,0.5,0.5,0.5,0.5,0.5,0.06478,0.4,0.76667,0.0,0.0,0.66667,0.0,0.19556,0.00889,0.0,0.97818,0.9619,0.94286,0.92381,0.88571,0.5,1.0,0.85941,1.0,0.14286,1.0,0.82121,0.5,0.0,0.69548,0.64286,0.5,0.7,1.0,1.0,0.5,0.5,0.5,1.0,1.0,0.5,0.5,0.5,0.0,0.0,1.0,1.0,1.0,0.71915,0.51432,0.3,0.26667,0.75,0.33333,0.66667,1.0,0.5,0.5
0.0,1.0,0.0,1.0,0.33333,0.4,0.09684,0.86667,0.96667,0.0,0.0,0.66667,0.0,0.17778,0.01778,0.9866,0.0,1.0,1.0,0.93333,1.0,0.84762,1.0,0.76413,1.0,0.21429,1.0,0.88688,0.5,0.0,0.9298,0.85714,0.71429,0.7,1.0,1.0,0.5,0.5,0.5,1.0,1.0,0.5,0.5,0.5,0.0,0.0,1.0,1.0,1.0,0.71915,0.51432,0.3,0.2,1.0,1.0,1.0,1.0,0.0,1.0
0.0,0.5,0.0,0.5,0.6,0.5,0.08159,0.6,1.0,0.0,0.0,0.66667,1.0,0.18667,0.01778,0.9975,0.0,1.0,1.0,0.93333,1.0,1.0,1.0,0.77697,1.0,0.21429,0.90783,0.65899,0.5,0.0,0.91773,1.0,1.0,0.7,1.0,1.0,0.5,0.5,0.5,1.0,1.0,0.5,0.5,0.5,0.0,0.0,1.0,1.0,1.0,0.71915,0.51432,0.3,0.2,1.0,0.0,1.0,1.0,1.0,1.0
0.5,0.5,0.5,0.5,0.5,0.5,0.05334,0.4,0.03333,0.0,0.0,0.66667,0.0,0.06667,0.0,0.5,0.5,0.5,0.5,0.5,0.5,0.5,0.5,0.0,0.0,0.28571,0.58775,0.37173,0.25,0.0,0.0,0.5,0.5,0.5,1.0,1.0,0.5,0.5,0.5,1.0,1.0,0.5,0.5,0.5,0.5,0.5,1.0,0.5,0.5,0.5,0.5,0.5,0.33333,1.0,1.0,1.0,1.0,0.5,0.5
1.0,1.0,1.0,1.0,0.6,0.53333,0.06194,0.53333,0.13333,0.0,0.0,0.66667,0.0,0.53778,0.0,1.0,0.0,1.0,1.0,1.0,1.0,0.0,0.0,0.54633,1.0,0.07143,0.91817,0.50362,0.46154,0.0,0.87484,0.64286,0.35714,0.7,1.0,1.0,0.5,0.5,0.5,1.0,1.0,0.5,0.5,0.5,0.0,0.0,1.0,1.0,1.0,0.5,0.5,0.3,0.4,0.38462,0.6,1.0,1.0,0.38462,1.0
1.0,1.0,0.0,0.0,0.53333,0.46667,0.05704,0.46667,0.2,0.0,0.0,0.66667,0.0,0.51111,0.0,0.0,1.0,1.0,1.0,1.0,1.0,1.0,0.0,0.52535,1.0,0.07143,0.82353,0.43754,0.38462,0.0,0.92796,1.0,0.85714,0.7,1.0,1.0,0.5,0.5,0.5,1.0,1.0,0.5,0.5,0.5,0.0,0.0,1.0,1.0,1.0,0.5,0.5,0.3,0.53333,0.53846,0.85714,1.0,1.0,0.84615,1.0
1.0,1.0,0.0,0.0,0.46667,0.4,0.05186,0.4,0.26667,0.0,0.0,0.66667,0.0,0.50667,0.0,0.0,1.0,1.0,1.0,1.0,1.0,1.0,1.0,0.54887,1.0,0.07143,0.77121,0.38378,0.38462,0.0,0.93735,0.85714,0.85714,0.7,1.0,1.0,0.5,0.5,0.5,1.0,1.0,0.5,0.5,0.5,0.0,0.0,1.0,1.0,1.0,0.5,0.5,0.3,0.46667,0.46154,1.0,1.0,1.0,0.92308,1.0
1.0,1.0,0.0,0.0,0.4,0.4,0.04738,0.4,0.33333,0.0,0.0,0.66667,0.0,0.49778,0.0,0.0,1.0,1.0,1.0,1.0,1.0,1.0,0.0,0.54578,1.0,0.07143,0.70191,0.33577,0.38462,0.0,0.95545,0.85714,0.85714,0.7,1.0,1.0,0.5,0.5,0.5,1.0,1.0,0.5,0.5,0.5,0.0,0.0,1.0,1.0,1.0,0.5,0.5,0.3,0.46667,0.46154,1.0,1.0,1.0,0.84615,1.0
1.0,1.0,0.0,0.0,0.4,0.4,0.04383,0.4,0.4,0.0,0.0,0.66667,0.0,0.50222,0.0,1.0,0.0,1.0,1.0,1.0,1.0,1.0,1.0,0.54633,1.0,0.07143,0.64974,0.3073,0.38462,0.0,0.96502,0.85714,1.0,0.7,1.0,1.0,0.5,0.5,0.5,1.0,1.0,0.5,0.5,0.5,0.0,0.0,1.0,1.0,1.0,0.5,0.5,0.3,0.53333,0.53846,0.85714,1.0,1.0,0.84615,1.0
1.0,0.5,0.0,0.5,0.33333,0.5,0.0431,0.33333,0.43333,0.0,0.0,0.66667,1.0,0.49778,0.0,0.0,1.0,1.0,1.0,1.0,1.0,1.0,0.0,0.54602,1.0,0.07143,0.63862,0.2999,0.30769,0.0,0.96857,1.0,1.0,0.7,1.0,1.0,0.5,0.5,0.5,1.0,1.0,0.5,0.5,0.5,0.0,0.0,1.0,1.0,1.0,0.5,0.5,0.3,0.53333,0.53846,1.0,1.0,1.0,0.53846,1.0
1.0,0.5,0.0,0.5,0.33333,0.5,0.04122,0.33333,0.46667,0.0,0.0,0.66667,1.0,0.49778,0.0,0.0,1.0,1.0,1.0,1.0,1.0,1.0,0.0,0.52549,1.0,0.07143,0.59523,0.28035,0.23077,0.0,0.97806,1.0,0.85714,0.7,1.0,1.0,0.5,0.5,0.5,1.0,1.0,0.5,0.5,0.5,0.0,0.0,1.0,1.0,1.0,0.5,0.5,0.3,0.53333,0.53846,0.71429,1.0,1.0,0.53846,1.0
1.0,0.5,0.0,0.5,0.33333,0.5,0.04062,0.33333,0.5,0.0,0.0,0.66667,1.0,0.49778,0.0,1.0,0.0,1.0,1.0,1.0,1.0,1.0,1.0,0.5259,1.0,0.07143,0.58686,0.2745,0.23077,0.0,0.98082,1.0,1.0,0.7,1.0,1.0,0.5,0.5,0.5,1.0,1.0,0.5,0.5,0.5,0.0,0.0,1.0,1.0,1.0,0.5,0.5,0.3,0.6,0.61538,0.875,1.0,1.0,0.53846,1.0
1.0,1.0,0.0,0.0,0.33333,0.33333,0.03713,0.33333,0.56667,0.0,0.0,0.66667,0.0,0.50222,0.0,1.0,0.0,1.0,1.0,1.0,1.0,1.0,0.0,0.52542,1.0,0.07143,0.5362,0.2468,0.23077,0.0,0.98345,1.0,1.0,0.7,1.0,1.0,0.5,0.5,0.5,1.0,1.0,0.5,0.5,0.5,0.0,0.0,1.0,1.0,1.0,0.5,0.5,0.3,0.53333,0.53846,0.85714,1.0,1.0,0.84615,1.0
0.5,0.5,0.5,0.5,0.5,0.5,0.05169,0.33333,0.06667,0.0,0.0,0.66667,0.0,0.40444,0.0,0.5,0.5,0.0,1.0,1.0,1.0,0.5,1.0,0.9882,1.0,0.71429,0.66978,0.41499,0.25,0.0,0.80062,0.92857,0.5,0.7,1.0,1.0,0.5,0.5,0.5,1.0,1.0,0.5,0.5,0.5,0.5,0.5,1.0,1.0,1.0,0.5,0.5,0.3,0.33333,1.0,1.0,1.0,1.0,1.0,0.5
1.0,0.5,1.0,0.5,0.4,0.5,0.05223,0.4,0.1,0.0,0.0,0.66667,1.0,0.48444,0.0,0.95875,0.0,0.52381,1.0,1.0,1.0,0.52381,1.0,0.99125,1.0,0.0,0.6558,0.42509,0.25,0.0,0.86337,1.0,1.0,0.7,1.0,1.0,0.5,0.5,0.5,1.0,1.0,0.5,0.5,0.5,0.0,0.0,1.0,1.0,1.0,0.5,0.5,0.3,0.33333,1.0,1.0,1.0,1.0,1.0,1.0
1.0,0.5,1.0,0.5,0.46667,0.5,0.05372,0.46667,0.13333,0.0,0.0,0.66667,1.0,0.41333,0.0,0.85331,0.0,0.86667,1.0,1.0,1.0,0.86667,0.0,0.86077,1.0,0.07143,0.67049,0.43019,0.25,0.0,0.91188,1.0,1.0,0.7,1.0,1.0,0.5,0.5,0.5,1.0,1.0,0.5,0.5,0.5,0.0,0.0,1.0,1.0,1.0,0.5,0.5,0.3,0.33333,1.0,1.0,1.0,1.0,1.0,1.0
0.5,0.5,0.5,0.5,0.5,0.5,0.00335,0.13333,0.16667,0.0,0.0,0.66667,0.0,0.05778,0.00889,0.73005,0.0,0.98095,1.0,1.0,1.0,0.5,1.0,0.68953,1.0,0.07143,0.06485,0.02236,0.5,0.0,1.0,1.0,0.5,0.0,1.0,1.0,0.5,0.5,0.5,1.0,1.0,0.5,0.5,0.5,0.0,0.0,1.0,1.0,1.0,0.5,0.5,1.0,0.06667,0.0,1.0,1.0,1.0,0.0,0.5
0.0,0.0,0.0,0.0,0.06667,0.06667,0.0,0.06667,0.26667,0.0,0.0,0.66667,0.0,0.05778,0.01333,0.96288,0.0,1.0,1.0,0.99048,1.0,0.99048,0.0,0.68805,1.0,0.07143,0.0,0.0,0.0,0.0,1.0,0.92857,1.0,0.0,1.0,1.0,0.5,0.24796,0.5,1.0,1.0,0.5,0.5,0.5,0.0,0.0,1.0,1.0,1.0,0.5,0.5,1.0,0.06667,0.0,1.0,1.0,1.0,0.0,1.0
0.0,0.5,1.0,0.5,0.06667,0.5,0.0,0.06667,0.3,0.0,0.0,0.66667,1.0,0.05778,0.01333,0.0,0.99899,1.0,1.0,0.99048,1.0,1.0,0.0,0.68803,1.0,0.07143,0.0,0.0,0.0,0.0,1.0,1.0,1.0,0.0,1.0,1.0,0.5,0.24796,0.5,1.0,1.0,0.5,0.5,0.5,0.0,0.0,1.0,1.0,1.0,0.5,0.5,1.0,0.06667,0.0,1.0,1.0,1.0,0.0,1.0
0.0,0.0,1.0,0.0,0.06667,0.06667,0.0,0.06667,0.4,0.0,0.0,0.66667,0.0,0.05778,0.01333,0.99997,0.0,1.0,1.0,0.99048,1.0,1.0,1.0,0.68803,1.0,0.07143,0.0,0.0,0.0,0.0,1.0,0.92857,1.0,0.0,1.0,1.0,0.5,0.24796,0.5,1.0,1.0,0.5,0.5,0.5,0.0,0.0,1.0,1.0,1.0,0.5,0.5,1.0,0.06667,0.0,1.0,1.0,1.0,0.5,1.0
0.0,0.0,0.0,0.0,0.06667,0.06667,0.0,0.06667,0.56667,0.0,0.0,0.66667,0.0,0.05778,0.01333,0.99999,0.0,1.0,1.0,0.99048,1.0,1.0,1.0,0.66996,1.0,0.14286,0.0,0.0,0.0,1.0,1.0,0.85714,0.78571,0.0,1.0,1.0,0.5,0.24796,0.5,1.0,1.0,0.5,0.5,0.5,0.0,0.0,1.0,1.0,1.0,0.5,0.5,1.0,0.06667,0.0,1.0,1.0,1.0,0.0,1.0
0.0,1.0,1.0,1.0,0.06667,0.06667,0.0,0.06667,0.63333,0.0,0.0,0.66667,0.0,0.05778,0.01333,0.99999,0.0,1.0,1.0,0.99048,1.0,1.0,1.0,0.66996,1.0,0.14286,0.0,0.0,0.0,1.0,1.0,0.78571,1.0,0.0,1.0,1.0,0.5,0.24796,0.5,1.0,1.0,0.5,0.5,0.5,0.0,0.0,1.0,1.0,1.0,0.5,0.5,1.0,0.06667,0.0,1.0,1.0,1.0,0.0,1.0
1.0,1.0,1.0,1.0,0.06667,0.06667,0.0,0.06667,0.73333,0.0,0.0,0.66667,0.0,0.05778,0.01333,1.0,0.0,1.0,1.0,0.99048,1.0,1.0,1.0,0.66996,1.0,0.14286,0.0,0.0,0.0,1.0,1.0,0.85714,1.0,0.0,1.0,1.0,0.5,0.24796,0.5,1.0,1.0,0.5,0.5,0.5,0.0,0.0,1.0,1.0,1.0,0.5,0.5,1.0,0.06667,0.0,1.0,1.0,1.0,0.0,1.0
0.0,0.0,0.0,0.0,0.06667,0.06667,0.0,0.06667,0.86667,0.0,0.0,0.66667,0.0,0.05778,0.01333,1.0,0.0,1.0,1.0,0.99048,1.0,1.0,1.0,0.66996,1.0,0.14286,0.0,0.0,0.0,1.0,1.0,0.85714,1.0,0.0,1.0,1.0,0.5,0.24796,0.5,1.0,1.0,0.5,0.5,0.5,0.0,0.0,1.0,1.0,1.0,0.5,0.5,1.0,0.06667,0.0,1.0,1.0,1.0,0.0,1.0
0.0,1.0,0.0,1.0,0.06667,0.06667,0.0,0.06667,0.96667,0.0,0.0,0.66667,0.0,0.05778,0.01333,1.0,0.0,1.0,1.0,0.99048,1.0,1.0,1.0,0.66996,1.0,0.14286,0.0,0.0,0.0,1.0,1.0,0.85714,1.0,0.0,1.0,1.0,0.5,0.24796,0.5,1.0,1.0,0.5,0.5,0.5,0.0,0.0,1.0,1.0,1.0,0.5,0.5,1.0,0.06667,0.0,1.0,1.0,1.0,0.0,1.0
0.5,0.5,0.5,0.5,0.5,0.5,0.13159,0.86667,0.53333,0.0,0.0,0.66667,0.0,0.16889,0.05333,0.90695,0.0,0.59048,1.0,0.78095,1.0,0.5,0.0,0.84331,1.0,0.21429,1.0,0.95266,0.5,0.0,1.0,0.85714,0.5,0.7,1.0,1.0,0.5,0.5,0.5,1.0,1.0,0.5,0.5,0.5,0.0,0.0,1.0,1.0,1.0,1.0,0.6375,0.66667,0.13333,0.5,1.0,1.0,1.0,1.0,0.5
0.0,0.5,0.0,0.5,0.66667,0.5,0.10973,0.66667,0.56667,0.0,0.0,0.66667,1.0,0.19556,0.05333,0.93377,0.0,1.0,1.0,0.86667,1.0,1.0,0.0,0.82069,1.0,0.21429,1.0,0.77344,0.5,0.0,1.0,1.0,1.0,0.7,1.0,1.0,0.5,0.5,0.5,1.0,1.0,0.5,0.5,0.5,0.0,0.0,1.0,1.0,1.0,1.0,0.6375,0.6,0.13333,0.5,0.0,1.0,1.0,0.5,0.5
0.0,0.5,0.0,0.5,0.66667,0.5,0.09915,0.66667,0.6,0.0,0.0,0.66667,1.0,0.21778,0.05333,0.96477,0.0,1.0,1.0,0.86667,1.0,1.0,0.0,0.8011,1.0,0.21429,1.0,0.72315,0.5,0.0,1.0,1.0,1.0,0.66667,0.93333,0.94156,1.0,1.0,0.60924,1.0,1.0,0.5,0.5,0.5,0.0,0.0,1.0,1.0,1.0,1.0,0.6375,0.53333,0.13333,0.5,0.0,1.0,1.0,0.5,0.5
0.0,0.0,0.0,0.0,0.6,0.66667,0.05746,0.53333,0.9,0.0,0.0,0.66667,0.0,0.21333,0.00889,0.0,0.99609,1.0,1.0,0.6381,0.55238,0.78095,0.0,0.76237,1.0,0.35714,0.48994,0.32445,0.0,0.0,0.96916,0.92857,0.92857,0.7,1.0,1.0,0.5,1.0,0.5,1.0,1.0,0.5,0.5,0.5,0.0,0.0,1.0,1.0,1.0,1.0,0.6375,0.3,0.13333,1.0,0.0,1.0,1.0,1.0,0.5
0.5,0.5,0.5,0.5,0.5,0.5,0.02699,0.26667,0.06667,0.0,0.0,0.66667,0.0,0.06667,0.0,0.5,0.5,0.94286,0.95238,1.0,1.0,0.5,1.0,0.59178,1.0,0.28571,0.39761,0.24813,0.0,1.0,0.5,0.85714,0.5,0.7,1.0,1.0,0.5,0.5,0.5,1.0,1.0,0.5,0.5,0.5,0.5,0.5,1.0,1.0,1.0,0.5,0.5,0.3,0.13333,1.0,0.0,1.0,1.0,1.0,0.5
1.0,1.0,1.0,1.0,0.26667,0.26667,0.03941,0.26667,0.16667,0.0,0.0,0.66667,0.0,0.27111,0.02222,0.75338,0.0,0.86667,0.87619,0.80952,1.0,0.75238,0.0,0.91481,1.0,0.57143,0.61687,0.40667,0.16667,0.0,0.81803,0.57143,0.64286,0.7,1.0,1.0,0.5,0.5,0.5,1.0,1.0,0.5,0.5,0.5,0.0,0.0,1.0,1.0,1.0,0.5,0.5,0.3,0.26667,0.5,0.66667,0.33333,1.0,0.16667,1.0
1.0,0.5,1.0,0.5,0.33333,0.5,0.05207,0.33333,0.2,0.0,0.0,0.66667,1.0,0.29333,0.02222,0.82438,0.0,0.98095,1.0,0.79048,1.0,0.98095,0.0,0.75322,1.0,0.21429,0.79385,0.58819,0.33333,1.0,0.98927,1.0,0.64286,0.7,1.0,1.0,0.5,0.5,0.5,1.0,1.0,0.5,0.5,0.5,0.0,0.0,1.0,1.0,1.0,0.5,0.5,0.3,0.26667,1.0,1.0,0.66667,1.0,0.66667,1.0
0.5,0.5,0.5,0.5,0.5,0.5,0.07562,0.6,0.1,0.0,0.0,0.66667,0.0,0.56889,0.0,1.0,0.0,1.0,1.0,1.0,1.0,0.5,0.0,0.9046,1.0,0.64286,0.88188,0.6765,0.4,1.0,0.8909,0.92857,0.5,0.7,1.0,1.0,0.5,0.5,0.5,1.0,1.0,0.5,0.5,0.5,0.0,0.0,1.0,1.0,1.0,0.5,0.5,0.3,0.4,1.0,0.6,1.0,1.0,0.6,0.5
1.0,0.5,1.0,0.5,0.53333,0.5,0.07739,0.53333,0.13333,0.0,0.0,0.66667,1.0,0.49333,0.0,0.99154,0.0,0.46667,1.0,1.0,1.0,0.46667,1.0,0.90894,1.0,0.07143,1.0,0.69301,0.4,1.0,0.839,1.0,0.85714,0.7,1.0,1.0,0.5,0.5,0.5,1.0,1.0,0.5,0.5,0.5,0.0,0.0,1.0,1.0,1.0,0.5,0.5,0.3,0.4,1.0,0.6,1.0,1.0,0.8,1.0
1.0,0.5,1.0,0.5,0.6,0.5,0.07898,0.6,0.16667,0.0,0.0,0.66667,1.0,0.4,0.0,0.89699,0.0,1.0,1.0,1.0,1.0,1.0,0.0,0.82928,1.0,0.07143,0.98003,0.68142,0.4,1.0,0.91078,1.0,0.85714,0.7,1.0,1.0,0.5,0.5,0.5,1.0,1.0,0.5,0.5,0.5,0.0,0.0,1.0,1.0,1.0,0.5,0.5,0.3,0.33333,0.8,1.0,1.0,1.0,0.8,1.0
1.0,0.5,1.0,0.5,0.6,0.5,0.08024,0.6,0.2,0.0,0.0,0.66667,1.0,0.36444,0.0,0.88995,0.0,1.0,1.0,1.0,1.0,1.0,0.0,0.80632,1.0,0.07143,0.96943,0.65666,0.4,1.0,0.94256,1.0,1.0,0.7,1.0,1.0,0.5,0.5,0.5,1.0,1.0,0.5,0.5,0.5,0.0,0.0,1.0,1.0,1.0,0.5,0.5,0.3,0.33333,0.8,1.0,1.0,1.0,0.8,1.0
1.0,0.5,0.0,0.5,0.6,0.5,0.07978,0.6,0.23333,0.0,0.0,0.66667,1.0,0.36,0.0,0.88934,0.0,0.75238,1.0,1.0,1.0,0.75238,0.0,0.70057,1.0,0.14286,0.99455,0.62912,0.5,0.0,0.95714,1.0,0.92857,0.7,1.0,1.0,0.5,0.5,0.5,1.0,1.0,0.5,0.5,0.5,0.0,0.0,1.0,1.0,1.0,0.5,0.5,0.3,0.4,0.83333,1.0,1.0,1.0,0.66667,1.0
1.0,0.5,0.0,0.5,0.6,0.5,0.07781,0.6,0.26667,0.0,0.0,0.66667,1.0,0.34667,0.0,0.88931,0.0,0.86667,1.0,1.0,1.0,0.86667,1.0,0.70239,1.0,0.07143,0.97201,0.60947,0.5,0.0,0.97082,1.0,1.0,0.7,1.0,1.0,0.5,0.5,0.5,1.0,1.0,0.5,0.5,0.5,0.0,0.0,1.0,1.0,1.0,0.5,0.5,0.3,0.4,0.83333,1.0,1.0,1.0,0.83333,1.0
1.0,0.5,0.0,0.5,0.53333,0.5,0.07705,0.53333,0.3,0.0,0.0,0.66667,1.0,0.31556,0.0,0.9066,0.0,1.0,1.0,1.0,1.0,1.0,1.0,0.70505,1.0,0.07143,0.96506,0.59248,0.33333,0.0,0.97621,1.0,1.0,0.7,1.0,1.0,0.5,0.5,0.5,1.0,1.0,0.5,0.5,0.5,0.0,0.0,1.0,1.0,1.0,0.5,0.5,0.3,0.4,0.83333,1.0,1.0,1.0,0.83333,1.0
1.0,0.5,0.0,0.5,0.53333,0.5,0.07598,0.53333,0.33333,0.0,0.0,0.66667,1.0,0.29333,0.0,0.92845,0.0,1.0,1.0,1.0,1.0,1.0,1.0,0.70635,1.0,0.07143,0.95284,0.57593,0.33333,1.0,0.98058,1.0,1.0,0.7,1.0,1.0,0.5,0.5,0.5,1.0,1.0,0.5,0.5,0.5,0.0,0.0,1.0,1.0,1.0,0.5,0.5,0.3,0.33333,0.66667,1.0,1.0,1.0,0.83333,1.0
1.0,0.5,0.0,0.5,0.53333,0.5,0.07555,0.53333,0.36667,0.0,0.0,0.66667,1.0,0.28444,0.0,0.94552,0.0,1.0,1.0,1.0,1.0,1.0,1.0,0.72285,1.0,0.14286,0.82563,0.56926,0.2,1.0,0.98183,1.0,0.92857,0.7,1.0,1.0,0.5,0.5,0.5,1.0,1.0,0.5,0.5,0.5,0.0,0.0,1.0,1.0,1.0,0.5,0.5,0.3,0.33333,0.8,1.0,1.0,1.0,0.8,1.0
1.0,0.5,0.0,0.5,0.53333,0.5,0.07411,0.53333,0.4,0.0,0.0,0.66667,1.0,0.27111,0.0,0.95723,0.0,0.90476,0.90476,1.0,1.0,0.90476,1.0,0.72352,1.0,0.14286,0.81069,0.5521,0.2,1.0,0.98535,1.0,1.0,0.7,1.0,1.0,0.5,0.5,0.5,1.0,1.0,0.5,0.5,0.5,0.0,0.0,1.0,1.0,1.0,0.5,0.5,0.3,0.4,1.0,1.0,1.0,1.0,0.8,1.0
1.0,0.5,0.0,0.5,0.53333,0.5,0.07287,0.53333,0.43333,0.0,0.0,0.66667,1.0,0.27111,0.0,0.9691,0.0,1.0,1.0,1.0,1.0,1.0,1.0,0.73917,1.0,0.14286,0.81003,0.5404,0.2,1.0,0.98872,1.0,0.85714,0.7,1.0,1.0,0.5,0.5,0.5,1.0,1.0,0.5,0.5,0.5,0.0,0.0,1.0,1.0,1.0,0.5,0.5,0.3,0.33333,0.8,1.0,1.0,1.0,0.8,1.0
1.0,0.5,1.0,0.5,0.6,0.5,0.07534,0.6,0.46667,0.0,0.0,0.66667,1.0,0.26667,0.0,0.98179,0.0,1.0,1.0,1.0,1.0,1.0,0.0,0.73435,1.0,0.14286,0.83295,0.55467,0.4,1.0,0.9904,1.0,1.0,0.7,1.0,1.0,0.5,0.5,0.5,1.0,1.0,0.5,0.5,0.5,0.0,0.0,1.0,1.0,1.0,0.5,0.5,0.3,0.33333,0.8,1.0,1.0,1.0,0.8,1.0
1.0,0.5,1.0,0.5,0.6,0.5,0.07631,0.6,0.5,0.0,0.0,0.66667,1.0,0.26667,0.0,0.99129,0.0,1.0,1.0,1.0,1.0,1.0,0.0,0.73136,1.0,0.14286,0.84034,0.55766,0.4,1.0,0.99165,1.0,1.0,0.7,1.0,1.0,0.5,0.5,0.5,1.0,1.0,0.5,0.5,0.5,0.0,0.0,1.0,1.0,1.0,0.5,0.5,0.3,0.33333,0.8,1.0,1.0,1.0,0.8,1.0
1.0,0.5,0.0,0.5,0.53333,0.5,0.07453,0.53333,0.53333,0.0,0.0,0.66667,1.0,0.26667,0.0,0.98849,0.0,1.0,1.0,1.0,1.0,1.0,0.0,0.72857,1.0,0.14286,0.81841,0.53892,0.2,1.0,0.99229,1.0,1.0,0.7,1.0,1.0,0.5,0.5,0.5,1.0,1.0,0.5,0.5,0.5,0.0,0.0,1.0,1.0,1.0,0.5,0.5,0.3,0.33333,0.8,1.0,1.0,1.0,0.8,1.0
1.0,0.5,0.0,0.5,0.53333,0.5,0.0741,0.53333,0.56667,0.0,0.0,0.66667,1.0,0.26222,0.0,0.99101,0.0,1.0,1.0,1.0,1.0,1.0,1.0,0.72973,1.0,0.14286,0.81498,0.53279,0.2,1.0,0.99296,1.0,1.0,0.7,1.0,1.0,0.5,0.5,0.5,1.0,1.0,0.5,0.5,0.5,0.0,0.0,1.0,1.0,1.0,0.5,0.5,0.3,0.33333,0.8,1.0,1.0,1.0,0.8,1.0
1.0,0.5,0.0,0.5,0.46667,0.5,0.07292,0.46667,0.6,0.0,0.0,0.66667,1.0,0.26222,0.0,0.99104,0.0,1.0,1.0,1.0,1.0,1.0,1.0,0.73279,1.0,0.14286,0.80509,0.51951,0.2,1.0,0.99382,1.0,1.0,0.7,1.0,1.0,0.5,0.5,0.5,1.0,1.0,0.5,0.5,0.5,0.0,0.0,1.0,1.0,1.0,0.5,0.5,0.3,0.33333,0.8,1.0,1.0,1.0,0.8,1.0
1.0,0.5,0.0,0.5,0.46667,0.5,0.07269,0.46667,0.63333,0.0,0.0,0.66667,1.0,0.25333,0.0,0.99281,0.0,1.0,1.0,1.0,1.0,1.0,1.0,0.73593,1.0,0.14286,0.80563,0.51349,0.2,1.0,0.99453,1.0,1.0,0.7,1.0,1.0,0.5,0.5,0.5,1.0,1.0,0.5,0.5,0.5,0.0,0.0,1.0,1.0,1.0,0.5,0.5,0.3,0.33333,0.8,1.0,1.0,1.0,0.8,1.0
1.0,0.5,0.0,0.5,0.53333,0.5,0.07179,0.53333,0.66667,0.0,0.0,0.66667,1.0,0.25778,0.0,0.99267,0.0,1.0,1.0,1.0,1.0,1.0,0.0,0.73416,1.0,0.14286,0.79457,0.50445,0.2,1.0,0.99515,1.0,1.0,0.7,1.0,1.0,0.5,0.5,0.5,1.0,1.0,0.5,0.5,0.5,0.0,0.0,1.0,1.0,1.0,0.5,0.5,0.3,0.33333,0.8,1.0,1.0,1.0,0.8,1.0
1.0,0.5,1.0,0.5,0.53333,0.5,0.07197,0.53333,0.7,0.0,0.0,0.66667,1.0,0.25778,0.0,0.99666,0.0,1.0,1.0,1.0,1.0,1.0,0.0,0.73406,1.0,0.14286,0.79661,0.50954,0.2,1.0,0.99553,1.0,1.0,0.7,1.0,1.0,0.5,0.5,0.5,1.0,1.0,0.5,0.5,0.5,0.0,0.0,1.0,1.0,1.0,0.5,0.5,0.3,0.33333,0.8,1.0,1.0,1.0,0.8,1.0
1.0,0.5,0.0,0.5,0.46667,0.5,0.07114,0.46667,0.73333,0.0,0.0,0.66667,1.0,0.25778,0.0,0.99825,0.0,1.0,1.0,1.0,1.0,1.0,0.0,0.7335,1.0,0.14286,0.78721,0.50442,0.2,1.0,0.99553,1.0,1.0,0.7,1.0,1.0,0.5,0.5,0.5,1.0,1.0,0.5,0.5,0.5,0.0,0.0,1.0,1.0,1.0,0.5,0.5,0.3,0.33333,0.8,1.0,1.0,1.0,0.8,1.0
1.0,0.5,1.0,0.5,0.46667,0.5,0.07176,0.46667,0.76667,0.0,0.0,0.66667,1.0,0.25333,0.0,0.9989,0.0,1.0,0.88571,1.0,1.0,1.0,1.0,0.73454,1.0,0.14286,0.79541,0.50937,0.2,1.0,0.99564,1.0,1.0,0.7,1.0,1.0,0.5,0.5,0.5,1.0,1.0,0.5,0.5,0.5,0.0,0.0,1.0,1.0,1.0,0.5,0.5,0.3,0.33333,0.8,1.0,1.0,1.0,0.8,1.0
1.0,0.5,1.0,0.5,0.53333,0.5,0.07183,0.53333,0.8,0.0,0.0,0.66667,1.0,0.25778,0.0,0.998,0.0,0.91429,1.0,1.0,1.0,0.91429,1.0,0.7351,1.0,0.07143,0.79707,0.50983,0.2,1.0,0.99583,1.0,1.0,0.7,1.0,1.0,0.5,0.5,0.5,1.0,1.0,0.5,0.5,0.5,0.0,0.0,1.0,1.0,1.0,0.5,0.5,0.3,0.33333,0.8,1.0,1.0,1.0,0.8,1.0
1.0,0.5,1.0,0.5,0.53333,0.5,0.07229,0.53333,0.83333,0.0,0.0,0.66667,1.0,0.25778,0.0,0.99934,0.0,1.0,1.0,1.0,1.0,1.0,1.0,0.73603,1.0,0.07143,0.80291,0.50965,0.2,1.0,0.99621,1.0,1.0,0.7,1.0,1.0,0.5,0.5,0.5,1.0,1.0,0.5,0.5,0.5,0.0,0.0,1.0,1.0,1.0,0.5,0.5,0.3,0.33333,0.8,1.0,1.0,1.0,0.8,1.0
1.0,0.5,0.0,0.5,0.46667,0.5,0.07228,0.46667,0.86667,0.0,0.0,0.66667,1.0,0.25778,0.0,0.99942,0.0,1.0,1.0,1.0,1.0,1.0,0.0,0.73415,1.0,0.07143,0.80141,0.50922,0.2,1.0,0.99646,1.0,1.0,0.7,1.0,1.0,0.5,0.5,0.5,1.0,1.0,0.5,0.5,0.5,0.0,0.0,1.0,1.0,1.0,0.5,0.5,0.3,0.33333,0.8,1.0,1.0,1.0,0.8,1.0
1.0,0.5,1.0,0.5,0.46667,0.5,0.07351,0.46667,0.9,0.0,0.0,0.66667,1.0,0.25333,0.0,0.0,0.99939,1.0,1.0,1.0,1.0,1.0,1.0,0.73423,1.0,0.07143,0.81516,0.51572,0.2,1.0,0.99676,1.0,1.0,0.7,1.0,1.0,0.5,0.5,0.5,1.0,1.0,0.5,0.5,0.5,0.0,0.0,1.0,1.0,1.0,0.5,0.5,0.3,0.33333,0.8,1.0,1.0,1.0,0.8,1.0
1.0,1.0,0.0,1.0,0.53333,0.6,0.06447,0.46667,1.0,0.0,0.0,0.66667,0.0,0.28444,0.01333,0.64574,0.0,1.0,1.0,1.0,1.0,1.0,1.0,0.77805,1.0,0.07143,0.74318,0.4344,0.4,0.0,1.0,1.0,0.85714,0.46667,0.86667,0.87683,0.25371,0.5,0.38056,1.0,1.0,0.5,0.5,0.5,0.0,0.0,1.0,1.0,1.0,0.40766,0.40676,0.53333,0.26667,0.6,0.66667,1.0,1.0,0.6,1.0
0.5,0.5,0.5,0.5,0.5,0.5,0.03121,0.13333,0.03333,0.0,0.0,0.66667,0.0,0.06667,0.0,0.5,0.5,0.5,0.5,0.5,0.5,0.5,0.5,0.0,0.0,0.28571,0.36119,0.27128,0.0,0.0,0.0,0.5,0.5,0.5,1.0,1.0,0.5,0.5,0.5,1.0,1.0,0.5,0.5,0.5,0.5,0.5,1.0,0.5,0.5,0.5,0.5,0.5,0.33333,1.0,1.0,1.0,1.0,0.5,0.5
1.0,1.0,1.0,1.0,0.13333,0.2,0.03879,0.2,0.13333,0.0,0.0,0.66667,0.0,0.56444,0.0,0.87195,0.0,1.0,1.0,1.0,1.0,0.53333,1.0,0.91578,1.0,0.14286,0.5268,0.34258,0.0,0.0,0.92683,0.85714,0.78571,0.7,1.0,1.0,0.5,0.5,0.5,1.0,1.0,0.5,0.5,0.5,0.0,0.0,1.0,1.0,1.0,0.5,0.5,0.3,0.26667,0.6,1.0,1.0,1.0,1.0,1.0
0.0,1.0,0.0,1.0,0.13333,0.2,0.03382,0.13333,0.3,0.0,0.0,0.66667,0.0,0.39111,0.0,0.94658,0.0,1.0,1.0,1.0,1.0,1.0,0.0,0.93608,1.0,0.14286,0.47028,0.30053,0.0,0.0,0.97611,1.0,1.0,0.7,1.0,1.0,0.5,0.5,0.5,1.0,1.0,0.5,0.5,0.5,0.0,0.0,1.0,1.0,1.0,0.5,0.5,0.3,0.33333,0.8,0.5,1.0,1.0,1.0,1.0
1.0,0.5,0.0,0.5,0.06667,0.5,0.03306,0.06667,0.33333,0.0,0.0,0.66667,1.0,0.39111,0.0,0.9629,0.0,1.0,1.0,1.0,1.0,1.0,0.0,0.93251,1.0,0.14286,0.45783,0.28935,0.0,0.0,0.97963,1.0,1.0,0.7,1.0,1.0,0.5,0.5,0.5,1.0,1.0,0.5,0.5,0.5,0.0,0.0,1.0,1.0,1.0,0.5,0.5,0.3,0.33333,0.8,0.75,1.0,1.0,0.8,1.0
1.0,0.5,1.0,0.5,0.13333,0.5,0.03604,0.13333,0.36667,0.0,0.0,0.66667,1.0,0.38667,0.0,0.97402,0.0,1.0,1.0,1.0,1.0,1.0,1.0,0.94296,1.0,0.14286,0.50523,0.3134,0.0,0.0,0.98484,1.0,1.0,0.7,1.0,1.0,0.5,0.5,0.5,1.0,1.0,0.5,0.5,0.5,0.0,0.0,1.0,1.0,1.0,0.5,0.5,0.3,0.33333,0.8,1.0,1.0,1.0,0.8,1.0
1.0,0.5,1.0,0.5,0.13333,0.5,0.03742,0.13333,0.4,0.0,0.0,0.66667,1.0,0.38222,0.0,0.97997,0.0,1.0,1.0,1.0,1.0,1.0,0.0,0.94034,1.0,0.14286,0.52304,0.32889,0.0,0.0,0.98829,1.0,1.0,0.7,1.0,1.0,0.5,0.5,0.5,1.0,1.0,0.5,0.5,0.5,0.0,0.0,1.0,1.0,1.0,0.5,0.5,0.3,0.33333,0.8,1.0,1.0,1.0,0.8,1.0
0.0,0.5,0.0,0.5,0.13333,0.5,0.03404,0.13333,0.43333,0.0,0.0,0.66667,1.0,0.38222,0.0,0.98605,0.0,1.0,1.0,1.0,1.0,1.0,0.0,0.9358,1.0,0.14286,0.47323,0.30385,0.0,0.0,0.98796,1.0,1.0,0.7,1.0,1.0,0.5,0.5,0.5,1.0,1.0,0.5,0.5,0.5,0.0,0.0,1.0,1.0,1.0,0.5,0.5,0.3,0.33333,0.8,0.5,1.0,1.0,0.8,1.0
1.0,0.5,1.0,0.5,0.13333,0.5,0.03442,0.13333,0.46667,0.0,0.0,0.66667,1.0,0.38222,0.0,0.98955,0.0,1.0,1.0,1.0,1.0,1.0,1.0,0.93694,1.0,0.14286,0.47915,0.30637,0.0,0.0,0.98826,1.0,1.0,0.7,1.0,1.0,0.5,0.5,0.5,1.0,1.0,0.5,0.5,0.5,0.0,0.0,1.0,1.0,1.0,0.5,0.5,0.3,0.33333,0.8,0.75,1.0,1.0,0.8,1.0
1.0,0.5,1.0,0.5,0.13333,0.5,0.03576,0.13333,0.5,0.0,0.0,0.66667,1.0,0.38222,0.0,0.99394,0.0,1.0,1.0,1.0,1.0,1.0,1.0,0.93976,1.0,0.14286,0.49967,0.31935,0.0,0.0,0.98837,1.0,1.0,0.7,1.0,1.0,0.5,0.5,0.5,1.0,1.0,0.5,0.5,0.5,0.0,0.0,1.0,1.0,1.0,0.5,0.5,0.3,0.33333,0.8,1.0,1.0,1.0,0.8,1.0
0.5,0.5,0.5,0.5,0.5,0.5,0.09586,0.86667,0.06667,0.0,0.0,0.66667,0.0,0.08444,0.0,0.5,0.5,0.94286,0.99048,1.0,1.0,0.5,1.0,0.68536,1.0,0.07143,1.0,1.0,1.0,1.0,0.4096,0.85714,0.5,0.7,1.0,1.0,0.5,0.5,0.5,1.0,1.0,0.5,0.5,0.5,0.5,0.5,1.0,1.0,1.0,0.5,0.5,0.36667,0.33333,1.0,0.0,1.0,1.0,1.0,0.5
0.5,0.5,0.5,0.5,0.5,0.5,0.10318,0.8,0.06667,0.0,0.0,0.66667,0.0,0.08444,0.0,0.5,0.5,0.93333,0.9619,1.0,1.0,0.5,1.0,0.72022,1.0,0.21429,1.0,1.0,1.0,1.0,0.44444,0.85714,0.5,0.7,1.0,1.0,0.5,0.5,0.5,1.0,1.0,0.5,0.5,0.5,0.5,0.5,1.0,1.0,1.0,0.5,0.5,0.3,0.2,1.0,0.0,1.0,1.0,1.0,0.5
0.0,1.0,0.0,1.0,0.8,1.0,0.17972,1.0,0.3,0.0,0.0,0.66667,0.0,0.16889,0.06222,0.99452,0.0,0.85714,0.94286,0.61905,0.69524,0.6381,0.0,0.88436,1.0,0.64286,1.0,1.0,1.0,0.0,1.0,0.85714,0.71429,0.7,1.0,1.0,0.5,0.5,0.5,1.0,1.0,0.5,0.5,0.5,0.0,0.0,1.0,1.0,1.0,1.0,0.49005,0.4,0.2,1.0,1.0,1.0,1.0,0.0,1.0
0.0,0.0,0.0,0.0,1.0,1.0,0.1317,1.0,0.66667,0.0,0.0,0.66667,0.0,0.07556,0.05333,0.99941,0.0,1.0,0.99048,0.74286,1.0,0.92381,1.0,0.68432,1.0,0.5,1.0,1.0,1.0,0.0,1.0,0.64286,0.92857,0.7,1.0,1.0,0.5,0.5,0.5,1.0,1.0,0.5,0.5,0.5,0.0,0.0,1.0,1.0,1.0,1.0,0.48342,0.3,0.13333,1.0,0.0,1.0,1.0,1.0,0.85714
0.0,0.0,0.0,0.0,0.93333,0.66667,0.09957,0.66667,0.93333,0.0,0.0,0.66667,0.0,0.06222,0.06222,0.99504,0.0,1.0,1.0,0.62857,1.0,0.81905,0.0,0.56644,1.0,0.57143,1.0,1.0,1.0,0.0,1.0,0.5,0.92857,0.7,1.0,1.0,0.5,0.5,0.5,1.0,1.0,0.5,0.5,0.5,0.0,0.0,1.0,1.0,1.0,1.0,0.48342,1.0,0.06667,1.0,1.0,0.0,1.0,1.0,1.0
0.0,0.0,0.0,0.0,0.66667,0.6,0.00123,0.4,0.0,0.81081,0.0,0.66667,0.0,0.04889,0.00444,0.95562,0.0,0.98095,0.8381,0.88571,1.0,0.64762,1.0,0.75967,1.0,0.07143,0.01967,0.00908,0.33333,0.0,0.81549,0.85714,0.78571,0.0,1.0,1.0,0.5,0.5,0.5,1.0,1.0,0.5,0.5,0.5,0.0,0.0,1.0,1.0,1.0,1.0,0.48342,1.0,0.06667,0.0,1.0,0.0,1.0,0.0,0.57143
0.0,0.5,0.0,0.5,0.4,0.5,0.00083,0.4,0.0,0.78947,0.0,0.66667,1.0,0.05333,0.00444,0.97409,0.0,0.99048,0.85714,0.88571,1.0,0.99048,1.0,0.8416,1.0,0.14286,0.01373,0.0075,0.25,0.0,0.88763,1.0,0.78571,0.0,1.0,1.0,0.5,0.5,0.5,1.0,1.0,0.5,0.5,0.5,0.0,0.0,1.0,1.0,1.0,1.0,0.48342,1.0,0.06667,0.0,1.0,0.0,1.0,0.0,1.0
0.0,0.5,0.0,0.5,0.4,0.5,0.00077,0.4,0.0,0.76923,0.0,0.66667,1.0,0.05333,0.00444,0.98553,0.0,1.0,0.85714,0.88571,1.0,1.0,1.0,0.84379,1.0,0.14286,0.01274,0.00706,0.25,0.0,0.88597,1.0,1.0,0.0,1.0,1.0,0.5,0.5,0.5,1.0,1.0,0.5,0.5,0.5,0.0,0.0,1.0,1.0,1.0,1.0,0.48342,1.0,0.06667,0.0,1.0,0.0,1.0,0.0,1.0
0.5,0.5,0.5,0.5,0.5,0.5,0.08819,0.6,0.06667,0.0,0.0,0.66667,0.0,0.2,0.0,0.5,0.5,0.25714,0.77143,1.0,1.0,0.5,1.0,0.97354,1.0,0.57143,1.0,0.7703,0.5,0.0,0.55977,0.57143,0.5,0.7,1.0,1.0,0.5,0.5,0.5,1.0,1.0,0.5,0.5,0.5,0.5,0.5,1.0,1.0,1.0,0.5,0.5,0.3,0.13333,0.25,1.0,1.0,1.0,0.75,0.5
0.0,0.5,0.0,0.5,0.6,0.5,0.08495,0.6,0.1,0.0,0.0,0.66667,1.0,0.18222,0.00444,0.36102,0.0,0.78095,0.78095,1.0,1.0,0.78095,0.0,0.68186,1.0,0.78571,0.91835,0.84904,0.0,0.0,1.0,1.0,0.64286,0.7,1.0,1.0,0.5,0.5,0.5,1.0,1.0,0.5,0.5,0.5,0.0,0.0,1.0,1.0,1.0,0.5,0.5,0.3,0.13333,1.0,1.0,1.0,1.0,0.0,1.0
1.0,0.5,1.0,0.5,0.66667,0.5,0.08765,0.66667,0.13333,0.0,0.0,0.66667,1.0,0.13778,0.00889,0.74467,0.0,0.89524,0.7619,0.74286,1.0,0.89524,1.0,0.86285,1.0,0.35714,1.0,0.71937,0.5,0.0,0.75448,1.0,0.5,0.7,1.0,1.0,0.5,0.5,0.5,1.0,1.0,0.5,0.5,0.5,0.0,0.0,1.0,1.0,1.0,0.5,0.5,0.3,0.26667,0.5,1.0,1.0,1.0,0.0,1.0
1.0,0.5,1.0,0.5,0.73333,0.5,0.09335,0.73333,0.16667,0.0,0.0,0.66667,1.0,0.13333,0.01778,0.85176,0.0,0.88571,0.79048,0.65714,1.0,0.88571,1.0,0.90184,1.0,0.57143,0.85503,0.72185,0.0,0.0,1.0,1.0,0.71429,0.7,1.0,1.0,0.5,0.5,0.5,1.0,1.0,0.5,0.5,0.5,0.0,0.0,1.0,1.0,1.0,0.5,0.5,0.3,0.2,1.0,1.0,1.0,1.0,1.0,1.0
0.0,0.5,0.0,0.5,0.73333,0.5,0.08738,0.73333,0.2,0.0,0.0,0.66667,1.0,0.12444,0.02667,0.91016,0.0,0.88571,0.88571,0.52381,1.0,0.88571,1.0,0.92659,1.0,0.64286,0.76831,0.5604,0.0,0.0,0.97262,1.0,1.0,0.7,1.0,1.0,0.5,0.5,0.5,1.0,1.0,0.5,0.5,0.5,0.0,0.0,1.0,1.0,1.0,0.5,0.5,0.3,0.2,1.0,0.5,1.0,1.0,1.0,1.0
1.0,0.5,1.0,0.5,0.66667,0.5,0.09345,0.66667,0.23333,0.0,0.0,0.66667,1.0,0.12889,0.02222,0.93785,0.0,0.88571,0.88571,0.57143,1.0,0.88571,1.0,0.97493,1.0,0.57143,0.73566,0.52541,0.0,0.0,0.95522,1.0,1.0,0.7,1.0,1.0,0.5,0.5,0.5,1.0,1.0,0.5,0.5,0.5,0.0,0.0,1.0,1.0,1.0,0.5,0.5,0.3,0.2,1.0,0.5,1.0,1.0,1.0,1.0
0.0,1.0,1.0,1.0,0.73333,0.8,0.23898,0.86667,0.83333,0.0,0.0,0.66667,0.0,0.07111,0.05333,0.98373,0.0,0.98095,1.0,0.60952,1.0,0.52381,1.0,0.59381,1.0,0.42857,0.88315,0.72476,0.0,1.0,0.9776,0.92857,1.0,0.7,1.0,1.0,0.5,0.5,0.5,1.0,1.0,0.5,0.5,0.5,0.0,0.0,1.0,1.0,1.0,1.0,0.22007,0.3,0.2,1.0,0.5,0.5,1.0,1.0,1.0
1.0,0.5,1.0,0.5,0.93333,0.5,0.27353,0.93333,0.86667,0.0,0.0,0.66667,1.0,0.06667,0.05333,0.99844,0.0,1.0,1.0,0.60952,1.0,1.0,0.0,0.58908,1.0,0.42857,0.9957,0.80909,0.5,1.0,0.98424,1.0,1.0,0.7,1.0,1.0,0.5,0.5,0.5,1.0,1.0,0.5,0.5,0.5,0.0,0.0,1.0,1.0,1.0,1.0,0.22007,0.3,0.2,1.0,1.0,0.5,1.0,1.0,1.0
1.0,0.5,1.0,0.5,0.93333,0.5,0.27939,0.93333,0.9,0.0,0.0,0.66667,1.0,0.06222,0.05333,0.0,0.98399,1.0,1.0,0.61905,1.0,1.0,0.0,0.58317,1.0,0.42857,1.0,0.86496,0.5,1.0,0.98473,1.0,1.0,0.7,1.0,1.0,0.5,0.5,0.5,1.0,1.0,0.5,0.5,0.5,0.0,0.0,1.0,1.0,1.0,1.0,0.22007,0.3,0.2,1.0,1.0,0.5,1.0,1.0,1.0
0.0,0.5,0.0,0.5,0.86667,0.5,0.25394,0.86667,0.93333,0.0,0.0,0.66667,1.0,0.04889,0.05333,0.0,0.98752,1.0,1.0,0.61905,1.0,1.0,0.0,0.57712,1.0,0.42857,0.90015,0.75202,0.0,1.0,0.98436,1.0,1.0,0.7,1.0,1.0,0.5,0.5,0.5,1.0,1.0,0.5,0.5,0.5,0.0,0.0,1.0,1.0,1.0,1.0,0.22007,0.3,0.2,1.0,0.5,0.5,1.0,1.0,1.0
1.0,0.5,1.0,0.5,0.93333,0.5,0.28515,0.93333,0.96667,0.0,0.0,0.66667,1.0,0.04889,0.05333,0.0,0.98881,1.0,1.0,0.61905,1.0,1.0,0.0,0.57057,1.0,0.42857,0.9972,0.8722,0.5,1.0,0.98713,1.0,1.0,0.7,1.0,1.0,0.5,0.5,0.5,1.0,1.0,0.5,0.5,0.5,0.0,0.0,1.0,1.0,1.0,1.0,0.22007,0.3,0.2,1.0,1.0,0.5,1.0,1.0,1.0
1.0,0.5,1.0,0.5,0.93333,0.5,0.32177,0.93333,1.0,0.0,0.0,0.66667,1.0,0.04889,0.05333,0.0,0.96138,1.0,1.0,0.61905,1.0,1.0,0.0,0.56492,1.0,0.42857,1.0,0.96405,0.5,1.0,0.99328,1.0,1.0,0.7,1.0,1.0,0.5,0.5,0.5,1.0,1.0,0.5,0.5,0.5,0.0,0.0,1.0,1.0,1.0,1.0,0.22007,0.3,0.2,1.0,1.0,0.5,1.0,1.0,1.0
