1.0,1.0,1.0,1.0,1.0,0.8,0.15036,0.4,0.56667,0.0,0.5,0.0,0.0,0.28,0.16,0.99973,0.0,1.0,1.0,1.0,1.0,0.7,0.0,0.0001,1.0,0.25,0.6258,0.4554,0.0,0.0,1.0,0.75,0.75,1.0,0.8,0.78885,0.0,0.5,0.0,1.0,1.0,0.5,0.5,0.5,0.11443,0.0,0.0,1.0,1.0,1.0,1.0,1.0,0.0,0.0,1.0,0.0,1.0,0.0,1.0,0.0,0.5,0.0,0.5,0.4,0.5,0.15036,0.4,0.56667,0.0,0.5,0.0,1.0,0.28,0.16,0.99616,0.0,1.0,1.0,1.0,1.0,1.0,0.0,0.89297,1.0,0.5,0.57182,0.4554,0.0,0.0,1.0,1.0,1.0,1.0,0.8,0.78885,0.0,0.0,0.0,1.0,1.0,1.0,1.0,0.5,0.11443,0.0,0.0,1.0,1.0,1.0,1.0,1.0,0.0,0.0,1.0,0.0,1.0,0.0,1.0,0.0,0.0,0.0,0.0,0.6,0.4,0.15036,0.4,0.56667,0.0,0.5,0.0,0.0,0.28,0.16,0.99341,0.0,1.0,1.0,1.0,1.0,1.0,0.0,0.76335,1.0,0.25,0.6258,0.4554,0.0,0.0,1.0,0.75,1.0,0.0,0.8,0.78885,0.0,0.52617,0.55412,1.0,1.0,0.0,0.1425,0.82683,0.0,0.0,1.0,1.0,1.0,1.0,1.0,1.0,0.2,0.0,1.0,0.0,1.0,0.0,1.0,0.5,0.5,0.5,0.5,0.5,0.5,0.15036,0.4,0.56667,0.0,0.5,0.0,0.0,0.28,0.16,0.99922,0.0,1.0,1.0,1.0,1.0,0.5,0.0,0.98012,1.0,0.5,0.57182,0.4554,0.0,0.0,1.0,1.0,0.5,0.0,0.8,0.78885,0.0,0.5,0.7916,1.0,1.0,0.5,0.5,0.5,0.0,0.0,1.0,1.0,1.0,1.0,1.0,1.0,0.2,0.0,1.0,0.0,1.0,0.0,0.5,0.0,0.0,0.0,0.0,0.4,0.4,0.15036,0.4,0.56667,0.0,0.5,0.0,0.0,0.28,0.16,0.99616,0.0,1.0,1.0,1.0,1.0,1.0,1.0,0.63786,1.0,0.25,0.6258,0.4554,0.0,0.0,1.0,0.75,1.0,0.0,0.8,0.78885,0.0,0.30705,0.55412,1.0,1.0,0.5,0.5,0.5,0.0,0.0,1.0,1.0,1.0,1.0,1.0,1.0,0.2,0.0,1.0,0.0,1.0,0.0,1.0,0.5,0.5,0.5,0.5,0.5,0.5,0.15036,0.4,0.56667,0.0,0.5,0.0,0.0,0.28,0.16,0.99317,0.0,1.0,1.0,1.0,1.0,0.5,0.0,0.44544,0.61866,0.25,0.6258,0.4554,0.0,0.0,1.0,0.75,0.5,0.2,0.8,0.78885,0.0,0.5,0.3958,1.0,1.0,0.5,0.5,0.5,0.0,0.0,1.0,1.0,1.0,1.0,1.0,0.8,0.4,1.0,1.0,1.0,1.0,0.0,0.5,0.0,0.0,0.0,0.0,0.4,0.6,0.15036,0.4,0.56667,0.0,0.5,0.0,0.0,0.28,0.16,0.99212,0.0,1.0,1.0,1.0,1.0,1.0,0.0,0.58179,0.92348,0.25,0.6258,0.4554,0.0,0.0,1.0,0.75,1.0,0.0,0.8,0.78885,0.0,0.5,0.47496,1.0,1.0,0.5,0.5,0.5,0.0,0.0,1.0,1.0,1.0,1.0,1.0,1.0,0.2,0.0,1.0,0.0,1.0,0.0,1.0,0.5,0.5,0.5,0.5,0.5,0.5,0.15036,0.4,0.56667,0.0,0.5,0.0,0.0,0.28,0.16,0.99616,0.0,1.0,1.0,1.0,1.0,0.5,0.0,0.89297,1.0,0.5,0.57182,0.4554,0.0,0.0,1.0,1.0,0.5,1.0,0.8,0.78885,0.0,0.5,0.0,1.0,1.0,0.5,0.5,0.5,0.11443,0.0,0.0,1.0,1.0,1.0,1.0,1.0,0.0,0.0,1.0,0.0,1.0,0.0,0.5
1.0,0.0,1.0,0.0,0.8,0.2,0.17278,0.2,0.16667,0.0,0.5,0.0,0.0,0.48,0.0,0.0,0.99887,1.0,1.0,1.0,1.0,0.7,0.0,0.0001,1.0,0.0,0.86973,0.75324,0.0,0.0,0.91841,0.75,0.5,1.0,1.0,1.0,0.5,0.5,0.5,1.0,1.0,0.5,0.5,0.5,0.18493,0.0,0.0,1.0,1.0,0.5,0.5,1.0,0.0,0.0,1.0,1.0,1.0,0.0,1.0,0.5,0.5,0.5,0.5,0.5,0.5,0.17278,0.2,0.16667,0.0,0.5,0.0,0.0,0.48,0.0,0.0,0.99887,1.0,1.0,1.0,1.0,0.5,0.0,0.72491,1.0,0.0,0.86973,0.75324,0.0,0.0,0.91841,0.75,0.5,0.8,1.0,1.0,0.5,0.5,0.5,1.0,1.0,0.5,0.5,0.5,0.0,0.0,1.0,1.0,1.0,0.5,0.5,0.2,0.4,0.5,1.0,1.0,1.0,0.0,0.5,0.0,0.0,0.0,0.0,0.2,0.2,0.17278,0.2,0.16667,0.0,0.5,0.0,0.0,0.48,0.0,0.0,0.99887,1.0,1.0,1.0,1.0,0.8,1.0,0.83975,1.0,0.0,0.86973,0.75324,0.0,0.0,0.91841,0.75,0.75,0.8,1.0,1.0,0.5,0.5,0.5,1.0,1.0,0.5,0.5,0.5,0.0,0.0,1.0,1.0,1.0,0.5,0.5,0.3,0.4,0.5,1.0,1.0,1.0,0.0,1.0,1.0,0.5,1.0,0.5,0.2,0.5,0.17278,0.2,0.16667,0.0,0.5,0.0,1.0,0.48,0.0,0.0,0.99887,1.0,1.0,1.0,1.0,1.0,1.0,0.99471,1.0,0.25,0.89226,0.75324,0.0,0.0,0.92165,1.0,0.0,0.6,1.0,1.0,0.5,0.5,0.5,1.0,1.0,0.5,0.5,0.5,0.0,0.0,1.0,1.0,1.0,0.5,0.5,0.6,0.4,0.33333,1.0,1.0,1.0,0.0,0.5,0.5,0.5,0.5,0.5,0.5,0.5,0.17278,0.2,0.16667,0.0,0.5,0.0,0.0,0.48,0.0,0.0,0.99887,1.0,1.0,1.0,1.0,0.5,0.0,0.93697,1.0,0.25,0.94262,0.89146,0.0,1.0,0.95779,0.5,0.5,0.7,1.0,1.0,0.5,0.5,0.5,1.0,1.0,0.5,0.5,0.5,0.0,0.0,1.0,1.0,1.0,0.5,0.5,0.3,0.4,1.0,1.0,1.0,1.0,0.0,0.5,0.5,0.5,0.5,0.5,0.5,0.5,0.17278,0.2,0.16667,0.0,0.5,0.0,0.0,0.48,0.0,0.0,0.99887,1.0,1.0,1.0,1.0,0.5,0.0,0.6852,0.95167,0.0,0.86973,0.75324,0.0,0.0,0.91841,0.75,0.5,0.5,1.0,1.0,0.5,0.5,0.5,1.0,1.0,0.5,0.5,0.5,0.0,0.0,1.0,1.0,1.0,0.5,0.5,0.5,0.4,0.5,1.0,1.0,1.0,0.0,0.5,0.0,0.0,0.0,0.0,0.2,0.2,0.17278,0.2,0.16667,0.0,0.5,0.0,0.0,0.48,0.0,0.0,0.99887,1.0,1.0,1.0,1.0,1.0,0.0,0.89496,1.0,0.0,0.86973,0.75324,0.0,0.0,0.91841,0.75,1.0,0.8,1.0,1.0,0.5,0.5,0.5,1.0,1.0,0.5,0.5,0.5,0.0,0.0,1.0,1.0,1.0,0.5,0.5,0.2,0.6,1.0,0.5,1.0,1.0,0.0,1.0,0.5,0.5,0.5,0.5,0.5,0.5,0.17278,0.2,0.16667,0.0,0.5,0.0,0.0,0.48,0.0,0.0,0.99887,1.0,1.0,1.0,1.0,0.5,0.0,0.72491,1.0,0.0,0.86973,0.75324,0.0,0.0,0.91841,0.75,0.5,0.0,1.0,1.0,0.5,0.5,0.5,1.0,1.0,0.5,0.5,0.5,0.0,0.0,1.0,1.0,1.0,0.5,0.5,1.0,0.2,0.0,1.0,1.0,1.0,0.0,0.5
0.0,0.5,0.0,0.5,0.2,0.5,0.13447,0.2,0.3,0.0,0.5,0.0,1.0,0.4,0.04,0.81542,0.0,1.0,1.0,1.0,1.0,1.0,0.0,0.0001,1.0,0.0,0.6251,0.51559,0.0,0.0,0.91916,1.0,1.0,1.0,1.0,1.0,0.5,0.5,0.5,1.0,1.0,0.5,0.5,0.5,0.0,0.0,1.0,1.0,1.0,0.5,0.5,0.0,0.2,0.5,0.0,1.0,1.0,0.5,1.0,0.5,0.5,0.5,0.5,0.5,0.5,0.13447,0.2,0.3,0.0,0.5,0.0,0.0,0.4,0.04,0.88437,0.0,1.0,1.0,1.0,1.0,0.5,1.0,0.85,1.0,0.0,0.6251,0.51559,0.0,0.0,0.91916,1.0,0.5,0.8,1.0,1.0,0.5,0.5,0.5,1.0,1.0,0.5,0.5,0.5,0.68582,0.28139,0.3,1.0,1.0,0.5,0.5,0.9,0.4,0.5,0.0,1.0,1.0,0.5,0.5,0.0,0.0,0.0,0.0,0.2,0.2,0.13447,0.2,0.3,0.0,0.5,0.0,0.0,0.4,0.04,0.94144,0.0,1.0,1.0,1.0,1.0,0.8,0.0,0.68328,1.0,0.0,0.6251,0.51559,0.0,0.0,0.91916,1.0,0.75,0.8,1.0,1.0,0.5,0.5,0.5,1.0,1.0,0.5,0.5,0.5,0.0,0.0,1.0,1.0,1.0,0.5,0.5,0.2,0.4,0.5,0.0,1.0,1.0,0.5,1.0,1.0,0.0,1.0,0.0,0.2,0.2,0.13447,0.2,0.3,0.0,0.5,0.0,0.0,0.4,0.04,0.82488,0.0,1.0,1.0,1.0,1.0,1.0,0.0,0.24942,0.32392,0.25,0.69939,0.53773,0.0,0.0,0.97629,0.75,0.5,0.6,1.0,1.0,0.5,0.5,0.5,1.0,1.0,0.5,0.5,0.5,0.0,0.0,1.0,1.0,1.0,0.5,0.5,0.4,0.4,1.0,0.0,1.0,1.0,1.0,0.5,0.5,0.5,0.5,0.5,0.5,0.5,0.13447,0.2,0.3,0.0,0.5,0.0,0.0,0.4,0.04,0.88437,0.0,1.0,1.0,1.0,1.0,0.5,1.0,0.97322,1.0,0.25,0.69939,0.53773,0.0,1.0,0.97629,0.75,0.5,0.7,1.0,1.0,0.5,0.5,0.5,1.0,1.0,0.5,0.5,0.5,0.0,0.0,1.0,1.0,1.0,0.5,0.5,0.3,0.4,1.0,0.0,1.0,1.0,1.0,0.5,0.0,0.0,0.0,0.0,0.2,0.2,0.13447,0.2,0.3,0.0,0.5,0.0,0.0,0.4,0.04,0.94663,0.0,1.0,1.0,1.0,1.0,1.0,1.0,0.80343,1.0,0.0,0.6251,0.51559,0.0,0.0,0.91916,1.0,1.0,0.5,1.0,1.0,0.5,0.5,0.5,1.0,1.0,0.5,0.5,0.5,0.0,0.0,1.0,1.0,1.0,0.5,0.5,0.5,0.4,0.5,0.0,1.0,1.0,0.5,1.0,0.0,0.0,0.0,0.0,0.2,0.2,0.13447,0.2,0.3,0.0,0.5,0.0,0.0,0.4,0.04,0.96943,0.0,1.0,1.0,1.0,1.0,1.0,1.0,0.37258,0.5914,0.25,0.69939,0.53773,0.0,1.0,0.97629,0.75,0.75,0.8,1.0,1.0,0.5,0.5,0.5,1.0,1.0,0.5,0.5,0.5,0.0,0.0,1.0,1.0,1.0,0.5,0.5,0.2,0.4,1.0,0.0,1.0,1.0,1.0,1.0,0.5,0.5,0.5,0.5,0.5,0.5,0.13447,0.2,0.3,0.0,0.5,0.0,0.0,0.4,0.04,0.88437,0.0,1.0,1.0,1.0,1.0,0.5,1.0,0.85,1.0,0.0,0.6251,0.51559,0.0,0.0,0.91916,1.0,0.5,0.7,1.0,1.0,0.5,0.5,0.5,1.0,1.0,0.5,0.5,0.5,0.68582,0.28139,0.3,1.0,1.0,0.5,0.5,1.0,0.2,0.0,1.0,1.0,1.0,0.5,0.5
1.0,1.0,1.0,0.0,0.8,0.2,0.05496,0.2,0.86667,0.0,0.5,0.0,0.0,0.48,0.04,0.0,0.99996,1.0,1.0,0.4,1.0,0.6,0.0,0.0001,1.0,0.0,0.58725,0.41568,0.0,0.0,1.0,0.75,0.75,1.0,1.0,1.0,0.5,0.5,0.5,1.0,1.0,0.5,0.5,0.5,0.06629,0.46422,0.0,1.0,1.0,0.35648,0.55333,1.0,0.0,0.0,1.0,0.0,1.0,1.0,1.0,0.0,0.5,0.0,0.5,0.2,0.5,0.05496,0.2,0.86667,0.0,0.5,0.0,1.0,0.48,0.04,0.0,0.99926,1.0,1.0,0.4,1.0,1.0,1.0,0.80019,1.0,0.25,0.34404,0.18817,0.0,0.0,0.99348,1.0,1.0,0.8,1.0,1.0,0.5,0.5,0.5,1.0,1.0,0.5,0.5,0.5,0.0,0.0,1.0,1.0,1.0,0.35648,0.55333,0.2,0.4,0.5,1.0,1.0,1.0,0.5,1.0,1.0,1.0,1.0,0.0,0.2,0.2,0.05496,0.2,0.86667,0.0,0.5,0.0,0.0,0.48,0.04,0.0,0.99852,1.0,1.0,0.4,1.0,0.6,0.0,0.91384,1.0,0.25,0.34404,0.18817,0.0,0.0,0.99348,1.0,0.75,0.8,1.0,1.0,0.5,0.5,0.5,1.0,1.0,0.35648,0.55333,0.92571,0.0,0.0,1.0,1.0,1.0,0.35648,0.55333,0.2,0.4,0.5,1.0,1.0,1.0,0.5,0.5,0.0,0.0,0.0,0.0,0.2,0.2,0.05496,0.2,0.86667,0.0,0.5,0.0,0.0,0.48,0.04,0.0,0.99987,1.0,1.0,0.4,1.0,0.6,1.0,0.76533,0.99394,0.25,0.34404,0.18817,0.0,0.0,0.99348,1.0,0.75,0.6,1.0,1.0,0.5,0.5,0.5,1.0,1.0,0.5,0.5,0.5,0.0,0.0,1.0,1.0,1.0,0.35648,0.55333,0.4,0.4,0.5,1.0,1.0,1.0,0.5,1.0,0.0,1.0,0.0,0.0,0.2,0.2,0.05496,0.2,0.86667,0.0,0.5,0.0,0.0,0.48,0.04,0.0,0.99926,1.0,1.0,0.4,1.0,1.0,1.0,0.85451,1.0,0.25,0.34404,0.18817,0.0,0.0,0.99348,1.0,1.0,0.7,1.0,1.0,0.5,0.5,0.5,1.0,1.0,0.5,0.5,0.5,0.0,0.0,1.0,1.0,1.0,0.35648,0.55333,0.3,0.4,0.5,1.0,1.0,1.0,0.5,1.0,0.5,0.5,0.5,0.5,0.5,0.5,0.05496,0.2,0.86667,0.0,0.5,0.0,0.0,0.48,0.04,0.0,0.99845,1.0,1.0,0.4,1.0,0.5,1.0,0.78938,1.0,0.25,0.34404,0.18817,0.0,0.0,0.99348,1.0,0.5,0.5,1.0,1.0,0.5,0.5,0.5,1.0,1.0,0.5,0.5,0.5,0.0,0.0,1.0,1.0,1.0,0.35648,0.55333,0.5,0.4,0.5,1.0,1.0,1.0,0.5,0.5,0.0,1.0,0.0,0.0,0.2,0.2,0.05496,0.2,0.86667,0.0,0.5,0.0,0.0,0.48,0.04,0.0,0.99809,1.0,1.0,0.4,1.0,1.0,0.0,0.08829,0.14014,0.0,0.58725,0.41568,0.0,1.0,1.0,0.75,1.0,0.8,1.0,1.0,0.5,0.5,0.5,1.0,1.0,0.5,0.5,0.5,0.0,0.0,1.0,1.0,1.0,0.35648,0.55333,0.2,0.4,1.0,1.0,1.0,1.0,1.0,1.0,0.5,0.5,0.5,0.5,0.5,0.5,0.05496,0.2,0.86667,0.0,0.5,0.0,0.0,0.48,0.04,0.0,0.99926,1.0,1.0,0.4,1.0,0.5,1.0,0.80019,1.0,0.25,0.34404,0.18817,0.0,0.0,0.99348,1.0,0.5,0.0,1.0,1.0,0.5,0.5,0.5,1.0,1.0,0.5,0.5,0.5,0.0,0.0,1.0,1.0,1.0,0.35648,0.55333,1.0,0.2,0.0,1.0,0.0,1.0,0.5,0.5
1.0,1.0,1.0,0.0,0.8,0.2,0.04978,0.2,0.96667,0.0,0.5,0.0,0.0,0.48,0.04,0.0,0.99991,1.0,1.0,0.4,1.0,0.6,0.0,0.0001,1.0,0.0,0.56157,0.3904,0.0,0.0,1.0,0.75,0.75,1.0,1.0,1.0,0.5,0.5,0.5,1.0,1.0,0.5,0.5,0.5,0.06183,0.20297,0.0,1.0,1.0,0.35648,0.55333,1.0,0.0,0.0,1.0,0.0,1.0,1.0,1.0,0.0,0.0,0.0,0.0,0.2,0.2,0.04978,0.2,0.96667,0.0,0.5,0.0,0.0,0.48,0.04,0.0,0.99847,1.0,1.0,0.4,1.0,1.0,1.0,0.78792,1.0,0.25,0.3225,0.17419,0.0,0.0,0.99406,1.0,1.0,0.8,1.0,1.0,0.5,0.5,0.5,1.0,1.0,0.5,0.5,0.5,0.0,0.0,1.0,1.0,1.0,0.35648,0.55333,0.2,0.4,0.5,1.0,1.0,1.0,0.5,1.0,0.0,0.5,0.0,0.5,0.2,0.5,0.04978,0.2,0.96667,0.0,0.5,0.0,1.0,0.48,0.04,0.0,0.99694,1.0,1.0,0.4,1.0,1.0,1.0,0.89553,1.0,0.25,0.3225,0.17419,0.0,0.0,0.99406,1.0,1.0,0.8,1.0,1.0,0.5,0.5,0.5,1.0,1.0,0.35648,0.55333,0.92571,0.0,0.0,1.0,1.0,1.0,0.35648,0.55333,0.2,0.4,0.5,1.0,1.0,1.0,0.5,1.0,0.0,0.0,0.0,0.0,0.2,0.2,0.04978,0.2,0.96667,0.0,0.5,0.0,0.0,0.48,0.04,0.0,0.99973,1.0,1.0,0.4,1.0,0.6,1.0,0.75483,0.98029,0.25,0.3225,0.17419,0.0,0.0,0.99406,1.0,0.75,0.6,1.0,1.0,0.5,0.5,0.5,1.0,1.0,0.5,0.5,0.5,0.0,0.0,1.0,1.0,1.0,0.35648,0.55333,0.4,0.4,0.5,1.0,1.0,1.0,0.5,1.0,0.0,1.0,0.0,0.0,0.2,0.2,0.04978,0.2,0.96667,0.0,0.5,0.0,0.0,0.48,0.04,0.0,0.99847,1.0,1.0,0.4,1.0,1.0,0.0,0.88617,1.0,0.25,0.3225,0.17419,0.0,0.0,0.99406,1.0,1.0,0.7,1.0,1.0,0.5,0.5,0.5,1.0,1.0,0.5,0.5,0.5,0.0,0.0,1.0,1.0,1.0,0.35648,0.55333,0.3,0.4,0.5,1.0,1.0,1.0,0.5,1.0,0.0,1.0,0.0,0.0,0.2,0.2,0.04978,0.2,0.96667,0.0,0.5,0.0,0.0,0.48,0.04,0.0,0.99678,1.0,1.0,0.4,1.0,1.0,1.0,0.77766,1.0,0.25,0.3225,0.17419,0.0,0.0,0.99406,1.0,1.0,0.5,1.0,1.0,0.5,0.5,0.5,1.0,1.0,0.5,0.5,0.5,0.0,0.0,1.0,1.0,1.0,0.35648,0.55333,0.5,0.4,0.5,1.0,1.0,1.0,0.5,1.0,0.0,1.0,0.0,0.0,0.2,0.2,0.04978,0.2,0.96667,0.0,0.5,0.0,0.0,0.48,0.04,0.0,0.99604,1.0,1.0,0.4,1.0,1.0,0.0,0.0792,0.12572,0.0,0.56157,0.3904,0.0,0.0,1.0,0.75,1.0,0.8,1.0,1.0,0.5,0.5,0.5,1.0,1.0,0.5,0.5,0.5,0.0,0.0,1.0,1.0,1.0,0.35648,0.55333,0.2,0.4,1.0,1.0,1.0,1.0,1.0,1.0,0.5,0.5,0.5,0.5,0.5,0.5,0.04978,0.2,0.96667,0.0,0.5,0.0,0.0,0.48,0.04,0.0,0.99847,1.0,1.0,0.4,1.0,0.5,1.0,0.78792,1.0,0.25,0.3225,0.17419,0.0,0.0,0.99406,1.0,0.5,0.0,1.0,1.0,0.5,0.5,0.5,1.0,1.0,0.5,0.5,0.5,0.0,0.0,1.0,1.0,1.0,0.35648,0.55333,1.0,0.2,0.0,1.0,0.0,1.0,0.5,0.5
1.0,1.0,1.0,1.0,1.0,0.8,0.1537,0.4,0.3,0.0,0.5,0.0,0.0,0.68,0.08,0.99927,0.0,1.0,1.0,1.0,1.0,0.6,0.0,0.0001,1.0,0.0,0.83042,0.71001,0.0,0.0,0.95113,1.0,0.75,1.0,1.0,1.0,0.5,0.5,0.5,1.0,1.0,0.5,0.5,0.5,0.14581,0.07467,0.0,1.0,1.0,0.5,0.5,1.0,0.0,0.0,1.0,1.0,1.0,1.0,1.0,0.5,0.5,0.5,0.5,0.5,0.5,0.1537,0.4,0.3,0.0,0.5,0.0,0.0,0.68,0.08,0.98842,0.0,1.0,1.0,1.0,1.0,0.5,1.0,0.89998,1.0,0.25,0.75786,0.64514,0.0,0.0,0.88963,0.75,0.5,0.8,1.0,1.0,0.5,0.5,0.5,1.0,1.0,0.5,0.5,0.5,0.0,0.0,1.0,1.0,1.0,0.5,0.5,0.2,0.4,0.5,0.0,0.0,1.0,0.5,0.5,1.0,0.0,1.0,0.0,0.2,0.4,0.1537,0.4,0.3,0.0,0.5,0.0,0.0,0.68,0.08,0.97831,0.0,1.0,1.0,1.0,1.0,1.0,0.0,0.91117,1.0,0.25,0.75786,0.64514,0.0,0.0,0.88963,0.75,1.0,0.8,1.0,1.0,0.5,0.5,0.5,1.0,1.0,0.5,0.5,0.5,0.0,0.0,1.0,1.0,1.0,0.5,0.5,0.2,0.4,0.5,0.0,0.0,1.0,0.5,0.75,0.5,0.5,0.5,0.5,0.5,0.5,0.1537,0.4,0.3,0.0,0.5,0.0,0.0,0.68,0.08,0.99786,0.0,1.0,1.0,1.0,1.0,0.5,0.0,0.76287,0.99074,0.25,0.88099,0.71001,0.5,1.0,0.96742,0.75,0.5,0.6,1.0,1.0,0.5,0.5,0.5,1.0,1.0,0.5,0.5,0.5,0.0,0.0,1.0,1.0,1.0,0.5,0.5,0.4,0.6,1.0,0.5,0.0,1.0,0.5,0.5,0.0,0.5,0.0,0.5,0.4,0.5,0.1537,0.4,0.3,0.0,0.5,0.0,1.0,0.68,0.08,0.98842,0.0,1.0,1.0,1.0,1.0,1.0,1.0,0.8564,1.0,0.0,0.83042,0.71001,0.0,0.0,0.95113,1.0,1.0,0.7,1.0,1.0,0.5,0.5,0.5,1.0,1.0,0.5,0.5,0.5,0.0,0.0,1.0,1.0,1.0,0.5,0.5,0.3,0.4,1.0,0.0,0.0,1.0,1.0,1.0,0.5,0.5,0.5,0.5,0.5,0.5,0.1537,0.4,0.3,0.0,0.5,0.0,0.0,0.68,0.08,0.97733,0.0,1.0,1.0,1.0,1.0,0.5,1.0,0.88266,1.0,0.25,0.75786,0.64514,0.0,0.0,0.88963,0.75,0.5,0.5,1.0,1.0,0.5,0.5,0.5,1.0,1.0,0.5,0.5,0.5,0.0,0.0,1.0,1.0,1.0,0.5,0.5,0.5,0.4,0.5,0.0,0.0,1.0,0.5,0.5,0.5,0.5,0.5,0.5,0.5,0.5,0.1537,0.4,0.3,0.0,0.5,0.0,0.0,0.68,0.08,0.97291,0.0,1.0,1.0,1.0,1.0,0.5,1.0,0.34524,0.54799,0.0,0.83042,0.71001,0.0,0.0,0.95113,1.0,0.5,0.8,1.0,1.0,0.5,0.5,0.5,1.0,1.0,0.5,0.5,0.5,0.0,0.0,1.0,1.0,1.0,0.5,0.5,0.2,0.4,1.0,0.0,0.0,1.0,1.0,0.5,0.5,0.5,0.5,0.5,0.5,0.5,0.1537,0.4,0.3,0.0,0.5,0.0,0.0,0.68,0.08,0.98842,0.0,1.0,1.0,1.0,1.0,0.5,1.0,0.89998,1.0,0.25,0.75786,0.64514,0.0,0.0,0.88963,0.75,0.5,0.0,1.0,1.0,0.5,0.5,0.5,1.0,1.0,0.5,0.5,0.5,0.0,0.0,1.0,1.0,1.0,0.5,0.5,1.0,0.2,0.0,1.0,1.0,1.0,0.5,0.5
1.0,0.0,1.0,0.0,0.4,0.1,0.06864,0.1,0.63333,0.0,1.0,0.0,0.0,0.54,0.03,0.40054,0.0,1.0,1.0,1.0,1.0,1.0,0.0,0.0001,1.0,0.0,0.81551,0.7312,0.0,0.0,0.99342,0.88889,1.0,1.0,0.8,0.76718,0.20215,0.5,0.0,1.0,1.0,1.0,1.0,0.95955,0.1975,0.00324,0.0,1.0,1.0,1.0,1.0,1.0,0.0,0.0,1.0,0.0,1.0,1.0,1.0,0.0,0.5,0.0,0.5,0.1,0.5,0.06864,0.1,0.63333,0.0,1.0,0.0,1.0,0.54,0.03,0.63709,0.0,1.0,1.0,1.0,1.0,1.0,1.0,0.82262,1.0,0.11111,0.75584,0.55339,0.0,0.0,0.93258,1.0,0.77778,1.0,0.8,0.76718,0.20215,0.20215,0.20215,1.0,1.0,0.5,0.5,0.5,0.21401,0.0,0.0,1.0,1.0,1.0,1.0,1.0,0.0,0.0,1.0,0.0,1.0,0.8,1.0,0.5,0.5,0.5,0.5,0.5,0.5,0.06864,0.1,0.63333,0.0,1.0,0.0,0.0,0.54,0.03,0.84308,0.0,1.0,1.0,1.0,1.0,0.5,0.0,0.98586,1.0,0.11111,0.76104,0.5705,0.0,1.0,0.85554,0.77778,0.5,0.2,0.8,0.76718,0.20215,0.5,0.20215,1.0,1.0,0.5,0.5,0.5,0.0,0.0,1.0,1.0,1.0,1.0,1.0,0.8,0.5,0.8,0.75,1.0,1.0,0.8,0.5,1.0,1.0,1.0,0.0,0.1,0.1,0.06864,0.1,0.63333,0.0,1.0,0.0,0.0,0.54,0.03,0.43224,0.0,1.0,1.0,1.0,1.0,1.0,1.0,0.77395,1.0,0.11111,0.75584,0.55339,0.0,0.0,0.93258,1.0,0.77778,0.0,0.8,0.76718,0.20215,0.5,0.35377,1.0,1.0,0.5,0.5,0.5,0.0,0.0,1.0,1.0,1.0,1.0,1.0,1.0,0.1,0.0,1.0,0.0,1.0,0.8,1.0,0.5,0.5,0.5,0.5,0.5,0.5,0.06864,0.1,0.63333,0.0,1.0,0.0,0.0,0.54,0.03,0.63709,0.0,1.0,1.0,1.0,1.0,0.5,1.0,0.89838,1.0,0.0,0.81551,0.7312,0.0,0.0,0.99342,0.88889,0.5,0.2,0.8,0.76718,0.20215,0.5,0.30323,1.0,1.0,0.5,0.5,0.5,0.0,0.0,1.0,1.0,1.0,1.0,1.0,0.8,0.5,1.0,0.75,1.0,1.0,1.0,0.5,0.5,0.5,0.5,0.5,0.5,0.5,0.06864,0.1,0.63333,0.0,1.0,0.0,0.0,0.54,0.03,0.86231,0.0,1.0,1.0,1.0,1.0,0.5,0.0,0.34169,0.47456,0.0,0.81551,0.7312,0.0,0.0,0.99342,0.88889,0.5,0.5,0.8,0.76718,0.20215,0.5,0.50538,1.0,1.0,0.5,0.5,0.5,0.0,0.0,1.0,1.0,1.0,1.0,1.0,0.5,0.5,1.0,0.75,1.0,1.0,1.0,0.5,1.0,1.0,0.0,1.0,0.1,0.4,0.06864,0.1,0.63333,0.0,1.0,0.0,0.0,0.54,0.03,0.9477,0.0,1.0,1.0,1.0,1.0,1.0,0.0,0.44628,0.70839,0.0,0.81551,0.7312,0.0,0.0,0.99342,0.88889,1.0,0.5,0.8,0.76718,0.20215,0.5,0.20215,1.0,1.0,0.5,0.5,0.5,0.0,0.0,1.0,1.0,1.0,1.0,1.0,0.5,0.5,1.0,0.75,1.0,1.0,1.0,1.0,0.5,0.5,0.5,0.5,0.5,0.5,0.06864,0.1,0.63333,0.0,1.0,0.0,0.0,0.54,0.03,0.63709,0.0,1.0,1.0,1.0,1.0,0.5,1.0,0.82262,1.0,0.11111,0.75584,0.55339,0.0,0.0,0.93258,1.0,0.5,1.0,0.8,0.76718,0.20215,0.5,1.0,1.0,1.0,0.5,0.5,0.5,0.21401,0.0,0.0,1.0,1.0,1.0,1.0,1.0,0.0,0.0,1.0,0.0,1.0,0.8,0.5
1.0,0.0,1.0,0.0,0.75,0.1,0.08557,0.1,0.13333,0.0,1.0,0.0,0.0,0.46,0.0,0.93679,0.0,0.66667,1.0,1.0,1.0,0.37778,0.0,0.0001,1.0,0.0,0.86039,0.77531,0.0,0.0,0.94435,0.22222,0.22222,1.0,1.0,1.0,0.5,0.5,0.5,1.0,1.0,0.5,0.5,0.5,0.26394,0.13,0.0,1.0,1.0,0.5,0.5,1.0,0.0,0.0,1.0,1.0,1.0,0.28571,1.0,0.5,0.5,0.5,0.5,0.5,0.5,0.08557,0.1,0.13333,0.0,1.0,0.0,0.0,0.46,0.0,0.93679,0.0,0.66667,1.0,1.0,1.0,0.5,0.0,0.74533,1.0,0.0,0.86039,0.77531,0.0,0.0,0.94435,0.22222,0.5,0.8,1.0,1.0,0.5,0.5,0.5,1.0,1.0,0.5,0.5,0.5,0.0,0.0,1.0,1.0,1.0,0.5,0.5,0.2,0.7,0.85714,0.83333,1.0,1.0,0.28571,0.5,0.5,0.5,0.5,0.5,0.5,0.5,0.08557,0.1,0.13333,0.0,1.0,0.0,0.0,0.46,0.0,0.93679,0.0,0.66667,1.0,1.0,1.0,0.5,1.0,0.78928,1.0,0.11111,0.85668,0.77531,0.0,0.0,0.94847,0.33333,0.5,0.8,1.0,1.0,0.5,0.5,0.5,1.0,1.0,0.5,0.5,0.5,0.0,0.0,1.0,1.0,1.0,0.5,0.5,0.2,0.3,0.33333,0.5,1.0,1.0,0.33333,0.5,1.0,0.5,0.0,0.5,0.1,0.5,0.08557,0.1,0.13333,0.0,1.0,0.0,1.0,0.46,0.0,0.93679,0.0,0.66667,1.0,1.0,1.0,0.66667,0.0,0.01235,0.01604,0.77778,1.0,1.0,1.0,0.0,1.0,1.0,0.66667,0.65,1.0,1.0,0.5,0.5,0.5,1.0,1.0,0.5,0.5,0.5,0.0,0.0,1.0,1.0,1.0,0.5,0.5,1.0,0.1,1.0,1.0,1.0,1.0,1.0,1.0,0.0,0.0,0.0,0.0,0.1,0.1,0.08557,0.1,0.13333,0.0,1.0,0.0,0.0,0.46,0.0,0.93679,0.0,0.66667,1.0,1.0,1.0,0.46667,0.0,0.85822,1.0,0.55556,0.89205,0.82159,0.0,0.0,0.91423,0.77778,0.88889,0.7,1.0,1.0,0.5,0.5,0.5,1.0,1.0,0.5,0.5,0.5,0.0,0.0,1.0,1.0,1.0,0.5,0.5,0.3,0.2,0.5,0.0,1.0,1.0,0.5,1.0,0.5,0.5,0.5,0.5,0.5,0.5,0.08557,0.1,0.13333,0.0,1.0,0.0,0.0,0.46,0.0,0.93679,0.0,0.66667,1.0,1.0,1.0,0.5,0.0,0.80084,1.0,0.0,0.86039,0.77531,0.0,0.0,0.94435,0.22222,0.5,0.5,1.0,1.0,0.5,0.5,0.5,1.0,1.0,0.5,0.5,0.5,0.0,0.0,1.0,1.0,1.0,0.5,0.5,0.5,0.4,0.42857,0.33333,1.0,1.0,0.28571,0.5,0.5,0.5,0.5,0.5,0.5,0.5,0.08557,0.1,0.13333,0.0,1.0,0.0,0.0,0.46,0.0,0.93679,0.0,0.66667,1.0,1.0,1.0,0.5,1.0,0.20867,0.33122,0.55556,0.89205,0.82159,0.0,0.0,0.91423,0.77778,0.5,0.8,1.0,1.0,0.5,0.5,0.5,1.0,1.0,0.5,0.5,0.5,0.0,0.0,1.0,1.0,1.0,0.5,0.5,0.2,0.3,1.0,0.5,1.0,1.0,0.5,0.5,0.5,0.5,0.5,0.5,0.5,0.5,0.08557,0.1,0.13333,0.0,1.0,0.0,0.0,0.46,0.0,0.93679,0.0,0.66667,1.0,1.0,1.0,0.5,0.0,0.74533,1.0,0.0,0.86039,0.77531,0.0,0.0,0.94435,0.22222,0.5,0.0,1.0,1.0,0.5,0.5,0.5,1.0,1.0,0.5,0.5,0.5,0.0,0.0,1.0,1.0,1.0,0.5,0.5,1.0,0.1,0.0,1.0,1.0,1.0,0.28571,0.5
1.0,0.5,1.0,0.5,0.8,0.5,0.10692,0.8,0.06667,0.0,1.0,0.0,1.0,0.35,0.0,0.5,0.5,0.88889,0.82222,1.0,1.0,0.88889,1.0,0.0001,1.0,0.0,1.0,1.0,1.0,0.0,1.0,1.0,1.0,0.55,1.0,1.0,0.5,0.5,0.5,1.0,1.0,0.5,0.5,0.5,0.5,0.5,1.0,1.0,1.0,0.5,0.5,1.0,0.1,1.0,1.0,1.0,1.0,1.0,1.0,0.5,0.5,0.5,0.5,0.5,0.5,0.10692,0.8,0.06667,0.0,1.0,0.0,0.0,0.35,0.0,0.5,0.5,0.88889,0.82222,1.0,1.0,0.5,1.0,0.59014,0.84305,0.11111,1.0,1.0,1.0,0.0,1.0,0.88889,0.5,0.8,1.0,1.0,0.5,0.5,0.5,1.0,1.0,0.5,0.5,0.5,0.5,0.5,1.0,1.0,1.0,0.5,0.5,0.2,0.2,1.0,1.0,1.0,1.0,0.0,0.5,0.5,0.5,0.5,0.5,0.5,0.5,0.10692,0.8,0.06667,0.0,1.0,0.0,0.0,0.35,0.0,0.5,0.5,0.88889,0.82222,1.0,1.0,0.5,1.0,0.62238,1.0,0.11111,1.0,1.0,1.0,0.0,1.0,0.88889,0.5,0.8,1.0,1.0,0.5,0.5,0.5,1.0,1.0,0.5,0.5,0.5,0.5,0.5,1.0,1.0,1.0,0.5,0.5,0.45,0.2,1.0,1.0,1.0,1.0,0.0,0.5,0.5,0.5,0.5,0.5,0.5,0.5,0.10692,0.8,0.06667,0.0,1.0,0.0,0.0,0.35,0.0,0.5,0.5,0.88889,0.82222,1.0,1.0,0.5,1.0,0.58012,0.7534,0.11111,1.0,1.0,1.0,0.0,1.0,0.88889,0.5,0.65,1.0,1.0,0.5,0.5,0.5,1.0,1.0,0.5,0.5,0.5,0.5,0.5,1.0,1.0,1.0,0.5,0.5,0.65,0.2,1.0,1.0,1.0,1.0,0.0,0.5,0.5,0.5,0.5,0.5,0.5,0.5,0.10692,0.8,0.06667,0.0,1.0,0.0,0.0,0.35,0.0,0.5,0.5,0.88889,0.82222,1.0,1.0,0.5,1.0,0.6867,1.0,0.11111,1.0,1.0,1.0,0.0,1.0,0.88889,0.5,0.7,1.0,1.0,0.5,0.5,0.5,1.0,1.0,0.5,0.5,0.5,0.5,0.5,1.0,1.0,1.0,0.5,0.5,0.3,0.2,1.0,1.0,1.0,1.0,0.0,0.5,0.5,0.5,0.5,0.5,0.5,0.5,0.10692,0.8,0.06667,0.0,1.0,0.0,0.0,0.35,0.0,0.5,0.5,0.88889,0.82222,1.0,1.0,0.5,1.0,0.58704,0.81533,0.11111,1.0,1.0,1.0,0.0,1.0,0.88889,0.5,0.5,1.0,1.0,0.5,0.5,0.5,1.0,1.0,0.5,0.5,0.5,0.5,0.5,1.0,1.0,1.0,0.5,0.5,0.5,0.2,1.0,1.0,1.0,1.0,0.0,0.5,0.5,0.5,0.5,0.5,0.5,0.5,0.10692,0.8,0.06667,0.0,1.0,0.0,0.0,0.35,0.0,0.5,0.5,0.88889,0.82222,1.0,1.0,0.5,1.0,0.60288,0.95695,0.11111,1.0,1.0,1.0,0.0,1.0,0.88889,0.5,0.8,1.0,1.0,0.5,0.5,0.5,1.0,1.0,0.5,0.5,0.5,0.5,0.5,1.0,1.0,1.0,0.5,0.5,0.5,0.2,1.0,1.0,1.0,1.0,0.0,0.5,0.5,0.5,0.5,0.5,0.5,0.5,0.10692,0.8,0.06667,0.0,1.0,0.0,0.0,0.35,0.0,0.5,0.5,0.88889,0.82222,1.0,1.0,0.5,1.0,0.59014,0.84305,0.11111,1.0,1.0,1.0,0.0,1.0,0.88889,0.5,0.0,1.0,1.0,0.5,0.5,0.5,1.0,1.0,0.5,0.5,0.5,0.5,0.5,1.0,1.0,1.0,0.5,0.5,1.0,0.1,0.0,1.0,1.0,1.0,0.0,0.5
1.0,0.5,1.0,0.5,0.7,0.5,0.10206,0.7,0.06667,0.0,1.0,0.0,1.0,0.25,0.0,0.5,0.5,0.86667,0.93333,1.0,1.0,0.86667,1.0,0.0001,1.0,0.0,1.0,1.0,1.0,0.0,1.0,1.0,1.0,1.0,1.0,1.0,0.5,0.5,0.5,1.0,1.0,0.5,0.5,0.5,0.5,0.5,0.0,1.0,1.0,0.5,0.5,1.0,0.0,0.0,1.0,1.0,1.0,1.0,1.0,0.5,0.5,0.5,0.5,0.5,0.5,0.10206,0.7,0.06667,0.0,1.0,0.0,0.0,0.25,0.0,0.5,0.5,0.86667,0.93333,1.0,1.0,0.5,1.0,0.58308,0.83297,0.11111,1.0,1.0,1.0,1.0,1.0,0.88889,0.5,0.8,1.0,1.0,0.5,0.5,0.5,1.0,1.0,0.5,0.5,0.5,0.5,0.5,1.0,1.0,1.0,0.5,0.5,0.2,0.2,1.0,1.0,1.0,1.0,0.0,0.5,0.5,0.5,0.5,0.5,0.5,0.5,0.10206,0.7,0.06667,0.0,1.0,0.0,0.0,0.25,0.0,0.5,0.5,0.86667,0.93333,1.0,1.0,0.5,1.0,0.61263,1.0,0.11111,1.0,1.0,1.0,1.0,1.0,0.88889,0.5,0.8,1.0,1.0,0.5,0.5,0.5,1.0,1.0,0.5,0.5,0.5,0.5,0.5,1.0,1.0,1.0,0.5,0.5,0.5,0.2,1.0,1.0,1.0,1.0,0.0,0.5,0.5,0.5,0.5,0.5,0.5,0.5,0.10206,0.7,0.06667,0.0,1.0,0.0,0.0,0.25,0.0,0.5,0.5,0.86667,0.93333,1.0,1.0,0.5,1.0,0.57389,0.74531,0.11111,1.0,1.0,1.0,1.0,1.0,0.88889,0.5,0.65,1.0,1.0,0.5,0.5,0.5,1.0,1.0,0.5,0.5,0.5,0.5,0.5,1.0,1.0,1.0,0.5,0.5,0.65,0.2,1.0,1.0,1.0,1.0,0.0,0.5,0.5,0.5,0.5,0.5,0.5,0.5,0.10206,0.7,0.06667,0.0,1.0,0.0,0.0,0.25,0.0,0.5,0.5,0.86667,0.93333,1.0,1.0,0.5,1.0,0.67144,1.0,0.11111,1.0,1.0,1.0,1.0,1.0,0.88889,0.5,0.7,1.0,1.0,0.5,0.5,0.5,1.0,1.0,0.5,0.5,0.5,0.5,0.5,1.0,1.0,1.0,0.5,0.5,0.3,0.2,1.0,1.0,1.0,1.0,0.0,0.5,0.5,0.5,0.5,0.5,0.5,0.5,0.10206,0.7,0.06667,0.0,1.0,0.0,0.0,0.25,0.0,0.5,0.5,0.86667,0.93333,1.0,1.0,0.5,1.0,0.58566,0.81342,0.11111,1.0,1.0,1.0,0.0,1.0,0.88889,0.5,0.5,1.0,1.0,0.5,0.5,0.5,1.0,1.0,0.5,0.5,0.5,0.5,0.5,1.0,1.0,1.0,0.5,0.5,0.5,0.2,1.0,1.0,1.0,1.0,0.0,0.5,0.5,0.5,0.5,0.5,0.5,0.5,0.10206,0.7,0.06667,0.0,1.0,0.0,0.0,0.25,0.0,0.5,0.5,0.86667,0.93333,1.0,1.0,0.5,1.0,0.59476,0.94407,0.11111,1.0,1.0,1.0,1.0,1.0,0.88889,0.5,0.8,1.0,1.0,0.5,0.5,0.5,1.0,1.0,0.5,0.5,0.5,0.5,0.5,1.0,1.0,1.0,0.5,0.5,0.5,0.2,1.0,1.0,1.0,1.0,0.0,0.5,0.5,0.5,0.5,0.5,0.5,0.5,0.10206,0.7,0.06667,0.0,1.0,0.0,0.0,0.25,0.0,0.5,0.5,0.86667,0.93333,1.0,1.0,0.5,1.0,0.58308,0.83297,0.11111,1.0,1.0,1.0,1.0,1.0,0.88889,0.5,0.0,1.0,1.0,0.5,0.5,0.5,1.0,1.0,0.5,0.5,0.5,0.5,0.5,1.0,1.0,1.0,0.5,0.5,1.0,0.1,0.0,1.0,1.0,1.0,0.0,0.5
1.0,1.0,1.0,1.0,1.0,1.0,0.11769,1.0,0.3,0.0,1.0,0.0,0.0,0.58,0.02,0.81277,0.0,1.0,1.0,0.8,1.0,0.8,0.0,0.0001,1.0,0.0,1.0,1.0,1.0,0.0,0.99198,1.0,0.88889,1.0,1.0,1.0,0.5,0.5,0.5,1.0,1.0,1.0,1.0,1.0,0.39233,0.0,0.0,1.0,1.0,1.0,1.0,1.0,0.0,0.0,1.0,0.0,1.0,1.0,1.0,0.5,0.5,0.5,0.5,0.5,0.5,0.11769,1.0,0.3,0.0,1.0,0.0,0.0,0.58,0.02,0.8472,0.0,1.0,1.0,0.8,1.0,0.5,1.0,0.82227,1.0,0.11111,1.0,1.0,1.0,0.0,0.98855,0.88889,0.5,0.8,1.0,1.0,0.5,0.5,0.5,1.0,1.0,0.5,0.5,0.5,0.0,0.0,1.0,1.0,1.0,1.0,1.0,0.2,0.5,1.0,0.5,1.0,1.0,0.75,0.5,1.0,1.0,1.0,1.0,0.9,0.5,0.11769,1.0,0.3,0.0,1.0,0.0,0.0,0.58,0.02,0.87905,0.0,1.0,1.0,0.8,1.0,0.8,1.0,0.99741,1.0,0.11111,1.0,1.0,1.0,0.0,0.98855,0.88889,0.88889,0.8,1.0,1.0,0.5,0.5,0.5,1.0,1.0,0.58889,0.55333,1.0,0.1068,0.0,0.6,1.0,1.0,1.0,1.0,0.6,0.4,0.75,0.33333,1.0,1.0,0.75,1.0,0.5,0.5,0.5,0.5,0.5,0.5,0.11769,1.0,0.3,0.0,1.0,0.0,0.0,0.58,0.02,0.81726,0.0,1.0,1.0,0.8,1.0,0.5,1.0,0.78564,1.0,0.11111,1.0,1.0,1.0,0.0,0.99647,0.88889,0.5,0.65,1.0,1.0,0.5,0.5,0.5,1.0,1.0,0.5,0.5,0.5,0.0,0.0,1.0,1.0,1.0,1.0,1.0,0.35,0.4,0.75,0.33333,1.0,1.0,0.75,0.5,0.0,0.5,0.0,0.5,1.0,0.5,0.11769,1.0,0.3,0.0,1.0,0.0,1.0,0.58,0.02,0.8472,0.0,1.0,1.0,0.8,1.0,1.0,0.0,0.76933,1.0,0.0,1.0,1.0,1.0,0.0,0.99198,1.0,1.0,0.7,1.0,1.0,0.5,0.5,0.5,1.0,1.0,0.5,0.5,0.5,0.0,0.0,1.0,1.0,1.0,1.0,1.0,0.3,0.4,1.0,0.33333,1.0,1.0,1.0,1.0,0.5,0.5,0.5,0.5,0.5,0.5,0.11769,1.0,0.3,0.0,1.0,0.0,0.0,0.58,0.02,0.85767,0.0,0.75556,1.0,0.8,1.0,0.5,0.0,0.38916,0.5405,0.0,1.0,1.0,1.0,0.0,0.99198,1.0,0.5,0.5,1.0,1.0,0.5,0.5,0.5,1.0,1.0,0.5,0.5,0.5,0.21071,0.0,0.5,1.0,1.0,1.0,1.0,1.0,0.1,0.0,1.0,0.0,1.0,1.0,0.5,1.0,1.0,1.0,1.0,0.4,0.9,0.11769,1.0,0.3,0.0,1.0,0.0,0.0,0.58,0.02,0.96068,0.0,1.0,1.0,0.91111,0.75556,0.35556,0.0,0.61503,0.97624,0.11111,1.0,1.0,1.0,0.0,1.0,0.77778,0.66667,0.8,1.0,1.0,0.5,0.5,0.5,1.0,1.0,0.5,0.5,0.5,0.0,0.0,1.0,1.0,1.0,1.0,1.0,0.5,0.2,1.0,0.0,1.0,1.0,1.0,1.0,0.5,0.5,0.5,0.5,0.5,0.5,0.11769,1.0,0.3,0.0,1.0,0.0,0.0,0.58,0.02,0.8472,0.0,1.0,1.0,0.8,1.0,0.5,1.0,0.82227,1.0,0.11111,1.0,1.0,1.0,0.0,0.98855,0.88889,0.5,0.0,1.0,1.0,0.5,0.5,0.5,1.0,1.0,0.5,0.5,0.5,0.0,0.0,1.0,1.0,1.0,1.0,1.0,1.0,0.1,0.0,1.0,0.0,1.0,0.75,0.5
1.0,0.5,1.0,0.5,0.6,0.5,0.10096,0.6,0.06667,0.0,1.0,0.0,1.0,0.16,0.0,0.5,0.5,0.97778,1.0,1.0,1.0,0.97778,1.0,0.0001,1.0,0.0,1.0,1.0,1.0,0.0,1.0,1.0,1.0,0.5,1.0,1.0,0.5,0.5,0.5,1.0,1.0,0.5,0.5,0.5,0.5,0.5,1.0,1.0,1.0,0.5,0.5,1.0,0.1,1.0,1.0,1.0,1.0,1.0,1.0,0.5,0.5,0.5,0.5,0.5,0.5,0.10096,0.6,0.06667,0.0,1.0,0.0,0.0,0.16,0.0,0.5,0.5,0.97778,1.0,1.0,1.0,0.5,1.0,0.58403,0.83432,0.11111,1.0,1.0,1.0,1.0,1.0,0.88889,0.5,0.8,1.0,1.0,0.5,0.5,0.5,1.0,1.0,0.5,0.5,0.5,0.5,0.5,1.0,1.0,1.0,0.5,0.5,0.2,0.2,1.0,1.0,1.0,1.0,0.0,0.5,0.5,0.5,0.5,0.5,0.5,0.5,0.10096,0.6,0.06667,0.0,1.0,0.0,0.0,0.16,0.0,0.5,0.5,0.97778,1.0,1.0,1.0,0.5,1.0,0.61378,1.0,0.11111,1.0,1.0,1.0,1.0,1.0,0.88889,0.5,0.8,1.0,1.0,0.5,0.5,0.5,1.0,1.0,0.5,0.5,0.5,0.5,0.5,1.0,1.0,1.0,0.5,0.5,0.45,0.2,1.0,1.0,1.0,1.0,0.0,0.5,0.5,0.5,0.5,0.5,0.5,0.5,0.10096,0.6,0.06667,0.0,1.0,0.0,0.0,0.16,0.0,0.5,0.5,0.97778,1.0,1.0,1.0,0.5,1.0,0.57476,0.74644,0.11111,1.0,1.0,1.0,1.0,1.0,0.88889,0.5,0.65,1.0,1.0,0.5,0.5,0.5,1.0,1.0,0.5,0.5,0.5,0.5,0.5,1.0,1.0,1.0,0.5,0.5,0.65,0.2,1.0,1.0,1.0,1.0,0.0,0.5,0.5,0.5,0.5,0.5,0.5,0.5,0.10096,0.6,0.06667,0.0,1.0,0.0,0.0,0.16,0.0,0.5,0.5,0.97778,1.0,1.0,1.0,0.5,1.0,0.67288,1.0,0.11111,1.0,1.0,1.0,1.0,1.0,0.88889,0.5,0.7,1.0,1.0,0.5,0.5,0.5,1.0,1.0,0.5,0.5,0.5,0.5,0.5,1.0,1.0,1.0,0.5,0.5,0.3,0.2,1.0,1.0,1.0,1.0,0.0,0.5,0.5,0.5,0.5,0.5,0.5,0.5,0.10096,0.6,0.06667,0.0,1.0,0.0,0.0,0.16,0.0,0.5,0.5,0.97778,1.0,1.0,1.0,0.5,1.0,0.01966,0.02731,0.0,1.0,1.0,1.0,0.0,1.0,1.0,0.5,0.5,1.0,1.0,0.5,0.5,0.5,1.0,1.0,0.5,0.5,0.5,0.5,0.5,1.0,1.0,1.0,0.5,0.5,1.0,0.1,1.0,1.0,1.0,1.0,1.0,0.5,0.5,0.5,0.5,0.5,0.5,0.5,0.10096,0.6,0.06667,0.0,1.0,0.0,0.0,0.16,0.0,0.5,0.5,0.97778,1.0,1.0,1.0,0.5,1.0,0.02568,0.04076,0.0,1.0,1.0,1.0,0.0,1.0,1.0,0.5,0.8,1.0,1.0,0.5,0.5,0.5,1.0,1.0,0.5,0.5,0.5,0.5,0.5,1.0,1.0,1.0,0.5,0.5,1.0,0.1,1.0,1.0,1.0,1.0,1.0,0.5,0.5,0.5,0.5,0.5,0.5,0.5,0.10096,0.6,0.06667,0.0,1.0,0.0,0.0,0.16,0.0,0.5,0.5,0.97778,1.0,1.0,1.0,0.5,1.0,0.58403,0.83432,0.11111,1.0,1.0,1.0,1.0,1.0,0.88889,0.5,0.0,1.0,1.0,0.5,0.5,0.5,1.0,1.0,0.5,0.5,0.5,0.5,0.5,1.0,1.0,1.0,0.5,0.5,1.0,0.1,0.0,1.0,1.0,1.0,0.0,0.5
1.0,1.0,1.0,0.0,1.0,0.2,0.09433,0.2,0.1,0.0,1.0,0.0,0.0,0.49,0.0,0.94624,0.0,0.82222,1.0,1.0,1.0,0.51111,0.0,0.0001,1.0,0.0,0.94154,0.88724,0.16667,0.0,0.96484,0.88889,0.33333,1.0,1.0,1.0,0.5,0.5,0.5,1.0,1.0,0.5,0.5,0.5,0.27505,0.0,0.0,1.0,1.0,0.5,0.5,1.0,0.0,0.0,1.0,1.0,1.0,0.5,1.0,0.5,0.5,0.5,0.5,0.5,0.5,0.09433,0.2,0.1,0.0,1.0,0.0,0.0,0.49,0.0,0.94624,0.0,0.82222,1.0,1.0,1.0,0.5,1.0,0.99622,1.0,0.0,0.94154,0.88724,0.16667,0.0,0.96484,0.88889,0.5,0.8,1.0,1.0,0.5,0.5,0.5,1.0,1.0,0.5,0.5,0.5,0.0,0.0,1.0,1.0,1.0,0.5,0.5,0.2,0.7,1.0,0.5,1.0,1.0,0.5,0.5,0.0,0.5,0.0,0.5,0.2,0.5,0.09433,0.2,0.1,0.0,1.0,0.0,1.0,0.49,0.0,0.94624,0.0,0.82222,1.0,1.0,1.0,0.82222,1.0,0.90432,1.0,0.11111,0.92631,0.88724,0.0,0.0,0.97433,1.0,0.88889,0.8,1.0,1.0,0.5,0.5,0.5,1.0,1.0,0.5,0.5,0.5,0.13052,0.0,0.6,1.0,1.0,0.5,0.5,0.6,0.5,0.8,0.25,1.0,1.0,0.6,1.0,0.5,0.5,0.5,0.5,0.5,0.5,0.09433,0.2,0.1,0.0,1.0,0.0,0.0,0.49,0.0,0.94624,0.0,0.82222,1.0,1.0,1.0,0.5,1.0,0.82957,1.0,0.0,0.94154,0.88724,0.16667,0.0,0.96484,0.88889,0.5,0.65,1.0,1.0,0.5,0.5,0.5,1.0,1.0,0.5,0.5,0.5,0.0,0.0,1.0,1.0,1.0,0.5,0.5,0.35,0.5,0.66667,0.25,1.0,1.0,0.5,0.5,0.5,0.5,0.5,0.5,0.5,0.5,0.09433,0.2,0.1,0.0,1.0,0.0,0.0,0.49,0.0,0.94624,0.0,0.82222,1.0,1.0,1.0,0.5,0.0,0.67116,1.0,0.11111,0.92631,0.88724,0.0,0.0,0.97433,1.0,0.5,0.7,1.0,1.0,0.5,0.5,0.5,1.0,1.0,0.5,0.5,0.5,0.0,0.0,1.0,1.0,1.0,0.5,0.5,0.3,0.5,0.8,0.25,1.0,1.0,0.6,0.5,0.5,0.5,0.5,0.5,0.5,0.5,0.09433,0.2,0.1,0.0,1.0,0.0,0.0,0.49,0.0,0.94624,0.0,0.82222,1.0,1.0,1.0,0.5,1.0,0.94879,1.0,0.0,0.94154,0.88724,0.16667,0.0,0.96484,0.88889,0.5,0.5,1.0,1.0,0.5,0.5,0.5,1.0,1.0,0.5,0.5,0.5,0.0,0.0,1.0,1.0,1.0,0.5,0.5,0.5,0.5,0.66667,0.25,1.0,1.0,0.5,0.5,0.5,0.5,0.5,0.5,0.5,0.5,0.09433,0.2,0.1,0.0,1.0,0.0,0.0,0.49,0.0,0.94624,0.0,0.82222,1.0,1.0,1.0,0.5,1.0,0.97157,1.0,0.11111,0.92631,0.88724,0.0,0.0,0.97433,1.0,0.5,0.8,1.0,1.0,0.5,0.5,0.5,1.0,1.0,0.5,0.5,0.5,0.0,0.0,1.0,1.0,1.0,0.5,0.5,0.2,0.6,1.0,0.4,1.0,1.0,0.6,0.5,0.5,0.5,0.5,0.5,0.5,0.5,0.09433,0.2,0.1,0.0,1.0,0.0,0.0,0.49,0.0,0.94624,0.0,0.82222,1.0,1.0,1.0,0.5,1.0,0.99622,1.0,0.0,0.94154,0.88724,0.16667,0.0,0.96484,0.88889,0.5,0.0,1.0,1.0,0.5,0.5,0.5,1.0,1.0,0.5,0.5,0.5,0.0,0.0,1.0,1.0,1.0,0.5,0.5,1.0,0.1,0.0,1.0,1.0,1.0,0.5,0.5
1.0,0.5,1.0,0.5,0.6,0.5,0.06733,0.6,0.06667,0.0,0.0,0.66667,1.0,0.22222,0.0,0.5,0.5,0.81905,0.75238,1.0,1.0,0.81905,1.0,0.0001,1.0,0.0,1.0,1.0,1.0,0.0,1.0,1.0,1.0,1.0,1.0,1.0,0.5,0.5,0.5,1.0,1.0,0.5,0.5,0.5,0.5,0.5,0.0,1.0,1.0,0.5,0.5,1.0,0.0,0.0,1.0,1.0,1.0,1.0,1.0,0.5,0.5,0.5,0.5,0.5,0.5,0.06733,0.6,0.06667,0.0,0.0,0.66667,0.0,0.22222,0.0,0.5,0.5,0.81905,0.75238,1.0,1.0,0.5,1.0,0.54985,0.7855,0.07143,1.0,1.0,1.0,1.0,1.0,0.92857,0.5,0.8,1.0,1.0,0.5,0.5,0.5,1.0,1.0,0.5,0.5,0.5,0.5,0.5,1.0,1.0,1.0,0.5,0.5,0.2,0.13333,1.0,1.0,1.0,1.0,0.0,0.5,0.5,0.5,0.5,0.5,0.5,0.5,0.06733,0.6,0.06667,0.0,0.0,0.66667,0.0,0.22222,0.0,0.5,0.5,0.81905,0.75238,1.0,1.0,0.5,1.0,0.56643,1.0,0.07143,1.0,1.0,1.0,1.0,1.0,0.92857,0.5,0.8,1.0,1.0,0.5,0.5,0.5,1.0,1.0,0.5,0.5,0.5,0.5,0.5,1.0,1.0,1.0,0.5,0.5,0.5,0.13333,1.0,1.0,1.0,1.0,0.0,0.5,0.5,0.5,0.5,0.5,0.5,0.5,0.06733,0.6,0.06667,0.0,0.0,0.66667,0.0,0.22222,0.0,0.5,0.5,0.81905,0.75238,1.0,1.0,0.5,1.0,0.54461,0.70728,0.07143,1.0,1.0,1.0,1.0,1.0,0.92857,0.5,0.63333,1.0,1.0,0.5,0.5,0.5,1.0,1.0,0.5,0.5,0.5,0.5,0.5,1.0,1.0,1.0,0.5,0.5,0.66667,0.13333,1.0,1.0,1.0,1.0,0.0,0.5,0.5,0.5,0.5,0.5,0.5,0.5,0.06733,0.6,0.06667,0.0,0.0,0.66667,0.0,0.22222,0.0,0.5,0.5,0.81905,0.75238,1.0,1.0,0.5,1.0,0.59852,1.0,0.07143,1.0,1.0,1.0,1.0,1.0,0.92857,0.5,0.7,1.0,1.0,0.5,0.5,0.5,1.0,1.0,0.5,0.5,0.5,0.5,0.5,1.0,1.0,1.0,0.5,0.5,0.3,0.13333,1.0,1.0,1.0,1.0,0.0,0.5,0.5,0.5,0.5,0.5,0.5,0.5,0.06733,0.6,0.06667,0.0,0.0,0.66667,0.0,0.22222,0.0,0.5,0.5,0.81905,0.75238,1.0,1.0,0.5,1.0,0.54823,0.76143,0.07143,1.0,1.0,1.0,1.0,1.0,0.92857,0.5,0.5,1.0,1.0,0.5,0.5,0.5,1.0,1.0,0.5,0.5,0.5,0.5,0.5,1.0,1.0,1.0,0.5,0.5,0.5,0.13333,1.0,1.0,1.0,1.0,0.0,0.5,0.5,0.5,0.5,0.5,0.5,0.5,0.06733,0.6,0.06667,0.0,0.0,0.66667,0.0,0.22222,0.0,0.5,0.5,0.81905,0.75238,1.0,1.0,0.5,1.0,0.55645,0.88325,0.07143,1.0,1.0,1.0,1.0,1.0,0.92857,0.5,0.8,1.0,1.0,0.5,0.5,0.5,1.0,1.0,0.5,0.5,0.5,0.5,0.5,1.0,1.0,1.0,0.5,0.5,0.53333,0.13333,1.0,1.0,1.0,1.0,0.0,0.5,0.5,0.5,0.5,0.5,0.5,0.5,0.06733,0.6,0.06667,0.0,0.0,0.66667,0.0,0.22222,0.0,0.5,0.5,0.81905,0.75238,1.0,1.0,0.5,1.0,0.54985,0.7855,0.07143,1.0,1.0,1.0,1.0,1.0,0.92857,0.5,0.0,1.0,1.0,0.5,0.5,0.5,1.0,1.0,0.5,0.5,0.5,0.5,0.5,1.0,1.0,1.0,0.5,0.5,1.0,0.06667,0.0,1.0,1.0,1.0,0.0,0.5
1.0,1.0,1.0,1.0,0.93333,0.93333,0.08024,0.93333,0.2,0.0,0.0,0.66667,0.0,0.31111,0.00444,0.4315,0.0,0.86667,0.84762,0.92381,1.0,0.84762,0.0,0.0001,1.0,0.0,1.0,1.0,1.0,0.0,1.0,0.92857,0.5,1.0,1.0,1.0,0.5,0.5,0.5,1.0,1.0,1.0,1.0,1.0,0.41886,0.00269,0.0,1.0,1.0,1.0,1.0,1.0,0.0,0.0,1.0,0.0,1.0,1.0,1.0,0.5,0.5,0.5,0.5,0.5,0.5,0.08024,0.93333,0.2,0.0,0.0,0.66667,0.0,0.31111,0.00444,0.66706,0.0,0.86667,0.84762,0.92381,1.0,0.5,0.0,0.56601,0.80858,0.07143,1.0,1.0,1.0,0.0,0.93785,1.0,0.5,0.8,1.0,1.0,0.5,0.5,0.5,1.0,1.0,0.5,0.5,0.5,0.0,0.0,1.0,1.0,1.0,1.0,1.0,0.2,0.13333,1.0,0.0,1.0,1.0,1.0,0.5,0.0,0.0,0.0,0.0,0.26667,0.26667,0.08024,0.93333,0.2,0.0,0.0,0.66667,0.0,0.31111,0.00444,0.88276,0.0,0.86667,0.84762,0.92381,1.0,0.85714,0.0,0.58841,1.0,0.07143,1.0,1.0,1.0,0.0,0.93785,1.0,0.5,0.8,1.0,1.0,0.5,0.5,0.5,1.0,1.0,0.5,0.5,0.5,0.0,0.0,1.0,1.0,1.0,1.0,1.0,0.43333,0.13333,1.0,0.0,1.0,1.0,1.0,1.0,1.0,1.0,1.0,1.0,0.26667,0.93333,0.08024,0.93333,0.2,0.0,0.0,0.66667,0.0,0.31111,0.00444,0.46235,0.0,0.86667,0.84762,0.92381,1.0,0.84762,1.0,0.88862,1.0,0.57143,1.0,1.0,1.0,1.0,0.95791,0.5,0.85714,0.63333,1.0,1.0,0.5,0.5,0.5,1.0,1.0,0.5,0.5,0.5,0.0,0.0,1.0,1.0,1.0,1.0,1.0,0.36667,0.46667,0.75,0.5,1.0,1.0,0.625,1.0,1.0,0.5,1.0,0.5,0.93333,0.5,0.08024,0.93333,0.2,0.0,0.0,0.66667,1.0,0.31111,0.00444,0.66706,0.0,0.86667,0.84762,0.92381,1.0,0.86667,0.0,0.63216,1.0,0.07143,1.0,1.0,1.0,0.0,0.93785,1.0,0.64286,0.7,1.0,1.0,0.5,0.5,0.5,1.0,1.0,0.5,0.5,0.5,0.0,0.0,1.0,1.0,1.0,1.0,1.0,0.3,0.13333,1.0,0.0,1.0,1.0,1.0,1.0,0.5,0.5,0.5,0.5,0.5,0.5,0.08024,0.93333,0.2,0.0,0.0,0.66667,0.0,0.31111,0.00444,0.90342,0.0,0.86667,0.84762,0.92381,1.0,0.5,0.0,0.55732,0.77406,0.07143,1.0,1.0,1.0,0.0,1.0,0.85714,0.5,0.5,1.0,1.0,0.5,0.5,0.5,1.0,1.0,0.5,0.5,0.5,0.0,0.0,1.0,1.0,1.0,1.0,1.0,0.53333,0.13333,1.0,1.0,1.0,1.0,0.0,0.5,0.5,0.5,0.5,0.5,0.5,0.5,0.08024,0.93333,0.2,0.0,0.0,0.66667,0.0,0.31111,0.00444,0.99632,0.0,0.86667,0.84762,0.92381,1.0,0.5,0.0,0.57491,0.91255,0.07143,1.0,1.0,1.0,0.0,0.93785,1.0,0.5,0.8,1.0,1.0,0.5,0.5,0.5,1.0,1.0,0.5,0.5,0.5,0.0,0.0,1.0,1.0,1.0,1.0,1.0,0.46667,0.13333,1.0,0.0,1.0,1.0,1.0,0.5,0.5,0.5,0.5,0.5,0.5,0.5,0.08024,0.93333,0.2,0.0,0.0,0.66667,0.0,0.31111,0.00444,0.66706,0.0,0.86667,0.84762,0.92381,1.0,0.5,0.0,0.56601,0.80858,0.07143,1.0,1.0,1.0,0.0,0.93785,1.0,0.5,0.0,1.0,1.0,0.5,0.5,0.5,1.0,1.0,0.5,0.5,0.5,0.0,0.0,1.0,1.0,1.0,1.0,1.0,1.0,0.06667,0.0,1.0,0.0,1.0,1.0,0.5
1.0,0.0,1.0,0.0,0.8,0.2,0.05913,0.2,0.16667,0.0,0.0,0.66667,0.0,0.36889,0.00889,0.48548,0.0,1.0,0.85714,0.88571,1.0,0.6,0.0,0.0001,1.0,0.0,1.0,0.89522,0.66667,0.0,0.91457,0.92857,0.78571,1.0,1.0,1.0,0.5,0.5,0.5,1.0,1.0,0.5,0.5,0.5,0.1467,0.05176,0.0,1.0,1.0,0.5,0.5,1.0,0.0,0.0,1.0,1.0,1.0,0.0,1.0,0.5,0.5,0.5,0.5,0.5,0.5,0.05913,0.2,0.16667,0.0,0.0,0.66667,0.0,0.36889,0.00889,0.65726,0.0,1.0,0.85714,0.88571,1.0,0.5,0.0,0.62109,0.88727,0.07143,0.99582,0.7811,0.5,0.0,0.92603,0.85714,0.5,0.8,1.0,1.0,0.5,0.5,0.5,1.0,1.0,0.5,0.5,0.5,0.0,0.0,1.0,1.0,1.0,0.5,0.5,0.2,0.33333,1.0,1.0,1.0,1.0,0.0,0.5,1.0,0.5,1.0,0.5,0.2,0.5,0.05913,0.2,0.16667,0.0,0.0,0.66667,1.0,0.36889,0.00889,0.81368,0.0,1.0,0.85714,0.88571,1.0,1.0,0.0,0.67016,1.0,0.07143,1.0,0.84415,0.5,0.0,0.8433,1.0,1.0,0.63333,1.0,1.0,0.5,0.5,0.5,1.0,1.0,0.5,0.5,0.5,0.0,0.0,1.0,1.0,1.0,0.5,0.5,0.4,0.2,0.5,0.5,1.0,1.0,0.25,1.0,0.0,1.0,0.0,0.0,0.2,0.2,0.05913,0.2,0.16667,0.0,0.0,0.66667,0.0,0.36889,0.00889,0.50803,0.0,1.0,0.85714,0.88571,1.0,0.97143,1.0,0.60454,0.78512,0.07143,0.99582,0.7811,0.5,0.0,0.92603,0.85714,0.92857,0.63333,1.0,1.0,0.5,0.5,0.5,1.0,1.0,0.5,0.5,0.5,0.0,0.0,1.0,1.0,1.0,0.5,0.5,0.36667,0.2,0.5,1.0,1.0,1.0,0.0,1.0,0.5,0.5,0.5,0.5,0.5,0.5,0.05913,0.2,0.16667,0.0,0.0,0.66667,0.0,0.36889,0.00889,0.65726,0.0,1.0,0.85714,0.88571,1.0,0.5,0.0,0.79986,1.0,0.07143,0.99582,0.7811,0.5,0.0,0.92603,0.85714,0.5,0.7,1.0,1.0,0.5,0.5,0.5,1.0,1.0,0.5,0.5,0.5,0.0,0.0,1.0,1.0,1.0,0.5,0.5,0.3,0.2,0.5,1.0,1.0,1.0,0.0,0.5,0.5,0.5,0.5,0.5,0.5,0.5,0.05913,0.2,0.16667,0.0,0.0,0.66667,0.0,0.36889,0.00889,0.82862,0.0,1.0,0.85714,0.88571,1.0,0.5,1.0,0.97876,1.0,0.85714,0.84886,0.7811,0.0,0.0,0.95185,0.21429,0.5,0.5,1.0,1.0,0.5,0.5,0.5,1.0,1.0,0.5,0.5,0.5,0.0,0.0,1.0,1.0,1.0,0.5,0.5,0.5,0.4,0.55556,0.6,1.0,1.0,0.11111,0.5,0.5,0.5,0.5,0.5,0.5,0.5,0.05913,0.2,0.16667,0.0,0.0,0.66667,0.0,0.36889,0.00889,0.8957,0.0,1.0,0.85714,0.88571,1.0,0.5,0.0,0.64281,1.0,0.07143,0.99582,0.7811,0.5,0.0,0.92603,0.85714,0.5,0.3,1.0,1.0,0.5,0.5,0.5,1.0,1.0,0.5,0.5,0.5,0.0,0.0,1.0,1.0,1.0,0.5,0.5,0.7,0.33333,1.0,1.0,1.0,1.0,0.0,0.5,0.5,0.5,0.5,0.5,0.5,0.5,0.05913,0.2,0.16667,0.0,0.0,0.66667,0.0,0.36889,0.00889,0.65726,0.0,1.0,0.85714,0.88571,1.0,0.5,0.0,0.62109,0.88727,0.07143,0.99582,0.7811,0.5,0.0,0.92603,0.85714,0.5,0.0,1.0,1.0,0.5,0.5,0.5,1.0,1.0,0.5,0.5,0.5,0.0,0.0,1.0,1.0,1.0,0.5,0.5,1.0,0.06667,0.0,1.0,1.0,1.0,0.0,0.5
1.0,0.5,1.0,0.5,0.93333,0.5,0.07388,0.93333,0.06667,0.0,0.0,0.66667,1.0,0.18222,0.0,0.5,0.5,0.90476,0.8,1.0,1.0,0.90476,1.0,0.0001,1.0,0.0,1.0,1.0,1.0,0.0,1.0,1.0,0.92857,0.56667,1.0,1.0,0.5,0.5,0.5,1.0,1.0,0.5,0.5,0.5,0.5,0.5,1.0,1.0,1.0,0.5,0.5,0.43333,0.13333,1.0,1.0,1.0,1.0,0.0,1.0,0.5,0.5,0.5,0.5,0.5,0.5,0.07388,0.93333,0.06667,0.0,0.0,0.66667,0.0,0.18222,0.0,0.5,0.5,0.90476,0.8,1.0,1.0,0.5,1.0,0.57143,0.81632,0.07143,1.0,1.0,1.0,1.0,1.0,0.92857,0.5,0.8,1.0,1.0,0.5,0.5,0.5,1.0,1.0,0.5,0.5,0.5,0.5,0.5,1.0,1.0,1.0,0.5,0.5,0.2,0.2,1.0,1.0,1.0,1.0,0.0,0.5,0.5,0.5,0.5,0.5,0.5,0.5,0.07388,0.93333,0.06667,0.0,0.0,0.66667,0.0,0.18222,0.0,0.5,0.5,0.90476,0.8,1.0,1.0,0.5,1.0,0.6006,1.0,0.07143,1.0,1.0,1.0,1.0,1.0,0.92857,0.5,0.8,1.0,1.0,0.5,0.5,0.5,1.0,1.0,0.5,0.5,0.5,0.5,0.5,1.0,1.0,1.0,0.5,0.5,0.46667,0.13333,0.5,1.0,1.0,1.0,0.0,0.5,0.5,0.5,0.5,0.5,0.5,0.5,0.07388,0.93333,0.06667,0.0,0.0,0.66667,0.0,0.18222,0.0,0.5,0.5,0.90476,0.8,1.0,1.0,0.5,1.0,0.56953,0.73964,0.07143,1.0,1.0,1.0,1.0,1.0,0.92857,0.5,0.63333,1.0,1.0,0.5,0.5,0.5,1.0,1.0,0.5,0.5,0.5,0.5,0.5,1.0,1.0,1.0,0.5,0.5,0.56667,0.2,1.0,1.0,1.0,1.0,0.0,0.5,0.5,0.5,0.5,0.5,0.5,0.5,0.07388,0.93333,0.06667,0.0,0.0,0.66667,0.0,0.18222,0.0,0.5,0.5,0.90476,0.8,1.0,1.0,0.5,1.0,0.66165,1.0,0.07143,1.0,1.0,1.0,1.0,1.0,0.92857,0.5,0.7,1.0,1.0,0.5,0.5,0.5,1.0,1.0,0.5,0.5,0.5,0.5,0.5,1.0,1.0,1.0,0.5,0.5,0.3,0.13333,0.5,1.0,1.0,1.0,0.0,0.5,0.5,0.5,0.5,0.5,0.5,0.5,0.07388,0.93333,0.06667,0.0,0.0,0.66667,0.0,0.18222,0.0,0.5,0.5,0.90476,0.8,1.0,1.0,0.5,1.0,0.56869,0.78984,0.07143,1.0,1.0,1.0,1.0,1.0,0.92857,0.5,0.5,1.0,1.0,0.5,0.5,0.5,1.0,1.0,0.5,0.5,0.5,0.5,0.5,1.0,1.0,1.0,0.5,0.5,0.5,0.2,1.0,1.0,1.0,1.0,0.0,0.5,0.5,0.5,0.5,0.5,0.5,0.5,0.07388,0.93333,0.06667,0.0,0.0,0.66667,0.0,0.18222,0.0,0.5,0.5,0.90476,0.8,1.0,1.0,0.5,1.0,0.04781,0.07589,0.0,1.0,1.0,1.0,0.0,1.0,1.0,0.5,0.8,1.0,1.0,0.5,0.5,0.5,1.0,1.0,0.5,0.5,0.5,0.5,0.5,1.0,1.0,1.0,0.5,0.5,0.5,0.13333,1.0,1.0,1.0,1.0,0.0,0.5,0.5,0.5,0.5,0.5,0.5,0.5,0.07388,0.93333,0.06667,0.0,0.0,0.66667,0.0,0.18222,0.0,0.5,0.5,0.90476,0.8,1.0,1.0,0.5,1.0,0.57143,0.81632,0.07143,1.0,1.0,1.0,1.0,1.0,0.92857,0.5,0.0,1.0,1.0,0.5,0.5,0.5,1.0,1.0,0.5,0.5,0.5,0.5,0.5,1.0,1.0,1.0,0.5,0.5,1.0,0.06667,0.0,1.0,1.0,1.0,0.0,0.5
1.0,1.0,1.0,1.0,0.93333,0.8,0.06413,0.33333,0.0,0.9375,0.0,0.66667,0.0,0.50667,0.01778,0.0,0.99998,1.0,1.0,1.0,1.0,1.0,0.0,0.0001,1.0,0.0,0.91814,0.84158,0.0,0.0,0.99989,0.92857,1.0,1.0,1.0,1.0,0.5,0.0,0.5,1.0,1.0,1.0,1.0,1.0,0.34671,0.01909,0.0,1.0,1.0,1.0,1.0,1.0,0.0,0.0,1.0,0.0,1.0,0.5,1.0,0.5,0.5,0.5,0.5,0.5,0.5,0.06413,0.33333,0.0,0.9375,0.0,0.66667,0.0,0.50667,0.01778,0.0,0.9997,1.0,1.0,1.0,1.0,0.5,0.0,0.68268,0.97526,0.07143,0.95336,0.84158,0.2,0.0,0.99858,1.0,0.5,0.8,1.0,1.0,0.5,0.5,0.5,1.0,1.0,0.5,0.5,0.5,0.0,0.0,1.0,1.0,1.0,1.0,1.0,0.2,0.4,1.0,0.8,0.6,1.0,0.4,0.5,1.0,0.0,0.0,0.0,0.8,0.33333,0.06413,0.33333,0.0,0.9375,0.0,0.66667,0.0,0.50667,0.01778,0.0,0.99947,1.0,1.0,1.0,1.0,1.0,0.0,0.78243,1.0,0.07143,0.95336,0.84158,0.2,0.0,0.99858,1.0,1.0,0.8,1.0,1.0,0.5,0.70086,0.5,1.0,1.0,0.53405,0.48193,0.97069,0.0,0.0,1.0,1.0,1.0,1.0,1.0,0.2,0.2,0.4,1.0,0.5,1.0,0.4,1.0,1.0,1.0,1.0,1.0,0.13333,0.26667,0.06413,0.33333,0.0,0.9375,0.0,0.66667,0.0,0.50667,0.01778,0.0,0.99994,1.0,1.0,1.0,1.0,0.75238,0.0,0.67422,0.87562,0.07143,0.90572,0.84158,0.0,0.0,0.99991,0.85714,0.85714,0.63333,1.0,1.0,0.5,0.5,0.5,1.0,1.0,0.5,0.5,0.5,0.0,0.0,1.0,1.0,1.0,1.0,1.0,0.36667,0.2,0.4,1.0,0.5,1.0,0.4,0.92857,1.0,0.5,1.0,0.5,0.33333,0.5,0.06413,0.33333,0.0,0.9375,0.0,0.66667,1.0,0.50667,0.01778,0.0,0.9997,1.0,1.0,1.0,1.0,1.0,1.0,0.99152,1.0,0.07143,0.95336,0.84158,0.2,0.0,0.99858,1.0,1.0,0.7,1.0,1.0,0.5,1.0,0.5,1.0,1.0,0.5,0.5,0.5,0.0,0.0,1.0,1.0,1.0,1.0,1.0,0.3,0.2,0.4,1.0,0.5,1.0,0.4,1.0,0.5,0.5,0.5,0.5,0.5,0.5,0.06413,0.33333,0.0,0.9375,0.0,0.66667,0.0,0.50667,0.01778,0.0,0.99944,1.0,1.0,1.0,1.0,0.5,0.0,0.69562,0.96613,0.07143,0.90572,0.84158,0.0,0.0,0.99991,0.85714,0.5,0.5,1.0,1.0,0.5,0.5,0.5,1.0,1.0,0.5,0.5,0.5,0.14391,0.02807,0.5,1.0,1.0,1.0,1.0,1.0,0.06667,0.0,1.0,0.0,1.0,0.4,0.5,0.5,0.5,0.5,0.5,0.5,0.5,0.06413,0.33333,0.0,0.9375,0.0,0.66667,0.0,0.50667,0.01778,0.0,0.99935,1.0,1.0,1.0,1.0,0.5,0.0,0.30733,0.48782,0.0,0.91814,0.84158,0.0,0.0,0.99989,0.92857,0.5,0.8,1.0,1.0,0.5,0.5,0.5,1.0,1.0,0.5,0.5,0.5,0.0,0.0,1.0,1.0,1.0,1.0,1.0,0.2,0.33333,1.0,0.75,0.5,1.0,0.5,0.5,0.5,0.5,0.5,0.5,0.5,0.5,0.06413,0.33333,0.0,0.9375,0.0,0.66667,0.0,0.50667,0.01778,0.0,0.9997,1.0,1.0,1.0,1.0,0.5,0.0,0.68268,0.97526,0.07143,0.95336,0.84158,0.2,0.0,0.99858,1.0,0.5,0.0,1.0,1.0,0.5,0.5,0.5,1.0,1.0,0.5,0.5,0.5,0.0,0.0,1.0,1.0,1.0,1.0,1.0,1.0,0.06667,0.0,1.0,0.0,1.0,0.4,0.5
1.0,1.0,1.0,0.0,1.0,0.26667,0.05354,0.06667,0.23333,0.0,0.0,0.66667,0.0,0.55111,0.00889,0.64702,0.0,1.0,1.0,1.0,1.0,0.24762,0.0,0.0001,1.0,0.0,0.97168,0.94492,0.0,0.0,0.95708,0.92857,0.92857,1.0,1.0,1.0,0.5,0.5,0.5,1.0,1.0,0.5,0.5,0.5,0.25396,0.45401,0.0,1.0,1.0,0.5,0.5,1.0,0.0,0.0,1.0,1.0,1.0,1.0,1.0,0.5,0.5,0.5,0.5,0.5,0.5,0.05354,0.06667,0.23333,0.0,0.0,0.66667,0.0,0.55111,0.00889,0.75636,0.0,1.0,1.0,1.0,1.0,0.5,0.0,0.55977,0.79967,0.07143,0.9589,0.93432,0.0,0.0,0.96733,1.0,0.5,0.8,1.0,1.0,0.5,0.5,0.5,1.0,1.0,0.5,0.5,0.5,0.28784,1.0,0.3,1.0,1.0,0.5,0.5,0.9,0.2,1.0,0.5,0.5,1.0,0.5,0.5,0.0,0.5,0.0,0.5,0.06667,0.5,0.05354,0.06667,0.23333,0.0,0.0,0.66667,1.0,0.55111,0.00889,0.86356,0.0,1.0,1.0,1.0,1.0,1.0,0.0,0.58261,1.0,0.07143,0.9589,0.93432,0.0,0.0,0.96733,1.0,1.0,0.8,1.0,1.0,0.5,0.5,0.5,1.0,1.0,0.5,0.5,0.5,0.0,0.0,1.0,1.0,1.0,0.5,0.5,0.36667,0.13333,0.5,0.0,0.0,1.0,0.5,0.85714,1.0,1.0,1.0,1.0,0.8,0.8,0.05354,0.06667,0.23333,0.0,0.0,0.66667,0.0,0.55111,0.00889,0.66091,0.0,1.0,1.0,1.0,1.0,0.86667,1.0,0.56413,0.73263,0.07143,0.87869,0.73754,0.0,0.0,0.97139,0.85714,0.92857,0.63333,1.0,1.0,0.5,0.5,0.5,1.0,1.0,0.5,0.5,0.5,0.0,0.0,1.0,1.0,1.0,0.5,0.5,0.56667,0.2,1.0,0.5,0.5,1.0,0.5,1.0,0.5,0.5,0.5,0.5,0.5,0.5,0.05354,0.06667,0.23333,0.0,0.0,0.66667,0.0,0.55111,0.00889,0.75636,0.0,1.0,1.0,1.0,1.0,0.5,0.0,0.65369,1.0,0.07143,0.87869,0.73754,0.0,0.0,0.97139,0.85714,0.5,0.7,1.0,1.0,0.5,0.5,0.5,1.0,1.0,0.5,0.5,0.5,0.0,0.0,1.0,1.0,1.0,0.5,0.5,0.3,0.2,1.0,0.5,0.5,1.0,0.5,0.5,0.5,0.5,0.5,0.5,0.5,0.5,0.05354,0.06667,0.23333,0.0,0.0,0.66667,0.0,0.55111,0.00889,0.87421,0.0,1.0,1.0,1.0,1.0,0.5,0.0,0.5576,0.77444,0.07143,0.9589,0.93432,0.0,0.0,0.96733,1.0,0.5,0.5,1.0,1.0,0.5,0.5,0.5,1.0,1.0,0.5,0.5,0.5,0.0,0.0,1.0,1.0,1.0,0.5,0.5,0.5,0.2,1.0,0.5,0.5,1.0,0.5,0.5,0.0,0.0,0.0,0.0,0.2,0.06667,0.05354,0.06667,0.23333,0.0,0.0,0.66667,0.0,0.55111,0.00889,0.92297,0.0,1.0,1.0,1.0,1.0,1.0,0.0,0.0306,0.04857,0.0,0.97168,0.94492,0.0,0.0,0.95708,0.92857,0.92857,0.6,1.0,1.0,0.5,0.5,0.5,1.0,1.0,0.5,0.5,0.5,0.0,0.0,1.0,1.0,1.0,0.5,0.5,0.4,0.13333,1.0,0.0,0.0,1.0,1.0,1.0,0.5,0.5,0.5,0.5,0.5,0.5,0.05354,0.06667,0.23333,0.0,0.0,0.66667,0.0,0.55111,0.00889,0.75636,0.0,1.0,1.0,1.0,1.0,0.5,0.0,0.55977,0.79967,0.07143,0.9589,0.93432,0.0,0.0,0.96733,1.0,0.5,0.7,1.0,1.0,0.5,0.5,0.5,1.0,1.0,0.5,0.5,0.5,0.28784,1.0,0.3,1.0,1.0,0.5,0.5,1.0,0.06667,0.0,1.0,1.0,1.0,0.5,0.5
1.0,0.5,1.0,0.5,0.76667,0.5,0.06816,0.76667,0.06667,0.0,0.0,0.66667,1.0,0.09778,0.0,0.5,0.5,0.99048,0.95238,1.0,1.0,0.99048,1.0,0.0001,1.0,0.0,1.0,1.0,1.0,0.0,1.0,1.0,1.0,1.0,1.0,1.0,0.5,0.5,0.5,1.0,1.0,0.5,0.5,0.5,0.5,0.5,0.0,1.0,1.0,0.5,0.5,1.0,0.0,0.0,1.0,1.0,1.0,1.0,1.0,0.5,0.5,0.5,0.5,0.5,0.5,0.06816,0.76667,0.06667,0.0,0.0,0.66667,0.0,0.09778,0.0,0.5,0.5,0.99048,0.95238,1.0,1.0,0.5,1.0,0.54881,0.78401,0.07143,1.0,1.0,1.0,1.0,1.0,0.92857,0.5,0.8,1.0,1.0,0.5,0.5,0.5,1.0,1.0,0.5,0.5,0.5,0.5,0.5,1.0,1.0,1.0,0.5,0.5,0.2,0.13333,1.0,1.0,1.0,1.0,0.0,0.5,0.5,0.5,0.5,0.5,0.5,0.5,0.06816,0.76667,0.06667,0.0,0.0,0.66667,0.0,0.09778,0.0,0.5,0.5,0.99048,0.95238,1.0,1.0,0.5,1.0,0.56512,1.0,0.07143,1.0,1.0,1.0,1.0,1.0,0.92857,0.5,0.8,1.0,1.0,0.5,0.5,0.5,1.0,1.0,0.5,0.5,0.5,0.5,0.5,1.0,1.0,1.0,0.5,0.5,0.5,0.13333,1.0,1.0,1.0,1.0,0.0,0.5,0.5,0.5,0.5,0.5,0.5,0.5,0.06816,0.76667,0.06667,0.0,0.0,0.66667,0.0,0.09778,0.0,0.5,0.5,0.99048,0.95238,1.0,1.0,0.5,1.0,0.54366,0.70605,0.07143,1.0,1.0,1.0,1.0,1.0,0.92857,0.5,0.63333,1.0,1.0,0.5,0.5,0.5,1.0,1.0,0.5,0.5,0.5,0.5,0.5,1.0,1.0,1.0,0.5,0.5,0.66667,0.13333,1.0,1.0,1.0,1.0,0.0,0.5,0.5,0.5,0.5,0.5,0.5,0.5,0.06816,0.76667,0.06667,0.0,0.0,0.66667,0.0,0.09778,0.0,0.5,0.5,0.99048,0.95238,1.0,1.0,0.5,1.0,0.59677,1.0,0.07143,1.0,1.0,1.0,1.0,1.0,0.92857,0.5,0.7,1.0,1.0,0.5,0.5,0.5,1.0,1.0,0.5,0.5,0.5,0.5,0.5,1.0,1.0,1.0,0.5,0.5,0.3,0.13333,1.0,1.0,1.0,1.0,0.0,0.5,0.5,0.5,0.5,0.5,0.5,0.5,0.06816,0.76667,0.06667,0.0,0.0,0.66667,0.0,0.09778,0.0,0.5,0.5,0.99048,0.95238,1.0,1.0,0.5,1.0,0.00896,0.01245,0.0,1.0,1.0,1.0,0.0,1.0,1.0,0.5,0.5,1.0,1.0,0.5,0.5,0.5,1.0,1.0,0.5,0.5,0.5,0.5,0.5,1.0,1.0,1.0,0.5,0.5,1.0,0.06667,1.0,1.0,1.0,1.0,1.0,0.5,0.5,0.5,0.5,0.5,0.5,0.5,0.06816,0.76667,0.06667,0.0,0.0,0.66667,0.0,0.09778,0.0,0.5,0.5,0.99048,0.95238,1.0,1.0,0.5,1.0,0.5553,0.88143,0.07143,1.0,1.0,1.0,1.0,1.0,0.92857,0.5,0.8,1.0,1.0,0.5,0.5,0.5,1.0,1.0,0.5,0.5,0.5,0.5,0.5,1.0,1.0,1.0,0.5,0.5,0.53333,0.13333,1.0,1.0,1.0,1.0,0.0,0.5,0.5,0.5,0.5,0.5,0.5,0.5,0.06816,0.76667,0.06667,0.0,0.0,0.66667,0.0,0.09778,0.0,0.5,0.5,0.99048,0.95238,1.0,1.0,0.5,1.0,0.54881,0.78401,0.07143,1.0,1.0,1.0,1.0,1.0,0.92857,0.5,0.0,1.0,1.0,0.5,0.5,0.5,1.0,1.0,0.5,0.5,0.5,0.5,0.5,1.0,1.0,1.0,0.5,0.5,1.0,0.06667,0.0,1.0,1.0,1.0,0.0,0.5
0.5,0.5,0.5,0.5,0.5,0.5,0.08657,0.4,0.16667,0.0,0.5,0.0,0.0,0.64,0.04,0.48386,0.0,1.0,1.0,0.6,1.0,0.5,0.0,0.0001,1.0,0.0,0.34783,0.21472,0.0,0.0,0.9402,0.75,0.5,0.9,1.0,1.0,0.5,0.5,0.5,1.0,1.0,0.5,0.5,0.5,0.0,0.0,1.0,1.0,1.0,0.5,0.5,0.1,0.4,0.33333,1.0,1.0,1.0,1.0,0.5,0.5,0.5,0.5,0.5,0.5,0.5,0.08657,0.4,0.16667,0.0,0.5,0.0,0.0,0.64,0.04,0.64635,0.0,1.0,1.0,0.6,1.0,0.5,1.0,0.98268,1.0,0.25,0.36305,0.21472,0.0,0.0,0.87567,1.0,0.5,0.8,1.0,1.0,0.5,0.5,0.5,1.0,1.0,0.5,0.5,0.5,0.0,0.0,1.0,1.0,1.0,0.5,0.5,0.2,0.4,0.5,1.0,1.0,1.0,1.0,0.5,1.0,0.0,1.0,0.0,0.4,0.4,0.08657,0.4,0.16667,0.0,0.5,0.0,0.0,0.64,0.04,0.82201,0.0,1.0,1.0,0.6,1.0,0.6,1.0,0.82111,1.0,0.25,0.36305,0.21472,0.0,0.0,0.87567,1.0,0.25,0.8,1.0,1.0,0.5,0.5,0.5,1.0,1.0,0.5,0.5,0.5,0.0,0.0,1.0,1.0,1.0,0.5,0.5,0.2,0.4,0.5,1.0,1.0,1.0,1.0,1.0,0.5,0.5,0.5,0.5,0.5,0.5,0.08657,0.4,0.16667,0.0,0.5,0.0,0.0,0.64,0.04,0.50365,0.0,1.0,1.0,0.6,1.0,0.5,1.0,0.93945,1.0,0.25,0.36305,0.21472,0.0,0.0,0.87567,1.0,0.5,0.6,1.0,1.0,0.5,0.5,0.5,1.0,1.0,0.5,0.5,0.5,0.0,0.0,1.0,1.0,1.0,0.5,0.5,0.4,0.4,0.5,1.0,1.0,1.0,1.0,0.5,0.5,0.5,0.5,0.5,0.5,0.5,0.08657,0.4,0.16667,0.0,0.5,0.0,0.0,0.64,0.04,0.64635,0.0,1.0,1.0,0.6,1.0,0.5,1.0,0.83852,1.0,0.25,0.43844,0.30899,0.0,0.0,0.92014,0.5,0.5,0.7,1.0,1.0,0.5,0.5,0.5,1.0,1.0,0.5,0.5,0.5,0.0,0.0,1.0,1.0,1.0,0.5,0.5,0.3,0.4,0.5,1.0,1.0,1.0,1.0,0.5,0.5,0.5,0.5,0.5,0.5,0.5,0.08657,0.4,0.16667,0.0,0.5,0.0,0.0,0.64,0.04,0.84044,0.0,1.0,1.0,0.6,1.0,0.5,1.0,0.9948,1.0,0.25,0.36305,0.21472,0.0,0.0,0.87567,1.0,0.5,0.5,1.0,1.0,0.5,0.5,0.5,1.0,1.0,0.5,0.5,0.5,0.0,0.0,1.0,1.0,1.0,0.5,0.5,0.5,0.6,1.0,0.5,0.5,1.0,1.0,0.5,0.0,0.5,0.0,0.5,0.4,0.5,0.08657,0.4,0.16667,0.0,0.5,0.0,1.0,0.64,0.04,0.92725,0.0,1.0,1.0,0.6,1.0,1.0,1.0,0.9038,1.0,0.25,0.36305,0.21472,0.0,1.0,0.87567,1.0,0.75,0.8,1.0,1.0,0.5,0.5,0.5,1.0,1.0,0.5,0.5,0.5,0.0,0.0,1.0,1.0,1.0,0.5,0.5,0.2,0.6,1.0,0.5,0.5,1.0,1.0,1.0,0.5,0.5,0.5,0.5,0.5,0.5,0.08657,0.4,0.16667,0.0,0.5,0.0,0.0,0.64,0.04,0.64635,0.0,1.0,1.0,0.6,1.0,0.5,1.0,0.98268,1.0,0.25,0.36305,0.21472,0.0,0.0,0.87567,1.0,0.5,0.0,1.0,1.0,0.5,0.5,0.5,1.0,1.0,0.5,0.5,0.5,0.0,0.0,1.0,1.0,1.0,0.5,0.5,1.0,0.2,0.0,1.0,1.0,1.0,1.0,0.5
0.5,0.5,0.5,0.5,0.5,0.5,0.08104,0.4,0.2,0.0,0.5,0.0,0.0,0.64,0.04,0.69812,0.0,1.0,1.0,0.6,1.0,0.5,0.0,0.0001,1.0,0.0,0.32534,0.20305,0.0,0.0,0.94337,1.0,0.5,1.0,1.0,1.0,0.5,0.5,0.5,1.0,1.0,0.5,0.5,0.5,0.0,0.0,1.0,1.0,1.0,0.5,0.5,0.0,0.4,0.66667,0.5,1.0,1.0,0.66667,0.5,0.5,0.5,0.5,0.5,0.5,0.5,0.08104,0.4,0.2,0.0,0.5,0.0,0.0,0.64,0.04,0.7907,0.0,1.0,1.0,0.6,1.0,0.5,1.0,0.99857,1.0,0.25,0.3467,0.20305,0.0,0.0,0.8915,0.75,0.5,0.8,1.0,1.0,0.5,0.5,0.5,1.0,1.0,0.5,0.5,0.5,0.0,0.0,1.0,1.0,1.0,0.5,0.5,0.2,0.4,0.5,0.0,1.0,1.0,1.0,0.5,1.0,0.0,1.0,0.0,0.4,0.4,0.08104,0.4,0.2,0.0,0.5,0.0,0.0,0.64,0.04,0.89015,0.0,1.0,1.0,0.6,1.0,0.6,1.0,0.83658,1.0,0.25,0.3467,0.20305,0.0,0.0,0.8915,0.75,0.25,0.8,1.0,1.0,0.5,0.5,0.5,1.0,1.0,0.5,0.5,0.5,0.44954,0.0,0.9,1.0,1.0,0.5,0.5,0.3,0.4,0.5,0.0,1.0,1.0,1.0,1.0,0.5,0.5,0.5,0.5,0.5,0.5,0.08104,0.4,0.2,0.0,0.5,0.0,0.0,0.64,0.04,0.70943,0.0,1.0,1.0,0.6,1.0,0.5,0.0,0.92387,1.0,0.25,0.3467,0.20305,0.0,0.0,0.8915,0.75,0.5,0.6,1.0,1.0,0.5,0.5,0.5,1.0,1.0,0.5,0.5,0.5,0.0,0.0,1.0,1.0,1.0,0.5,0.5,0.4,0.4,0.5,0.0,1.0,1.0,1.0,0.5,0.5,0.5,0.5,0.5,0.5,0.5,0.08104,0.4,0.2,0.0,0.5,0.0,0.0,0.64,0.04,0.7907,0.0,1.0,1.0,0.6,1.0,0.5,0.0,0.83463,1.0,0.25,0.40707,0.27459,0.0,0.0,0.90669,0.75,0.5,0.7,1.0,1.0,0.5,0.5,0.5,1.0,1.0,0.5,0.5,0.5,0.0,0.0,1.0,1.0,1.0,0.5,0.5,0.3,0.6,1.0,0.5,1.0,1.0,0.5,0.5,0.0,0.5,0.0,0.5,0.4,0.5,0.08104,0.4,0.2,0.0,0.5,0.0,1.0,0.64,0.04,0.90055,0.0,1.0,1.0,0.6,1.0,1.0,0.0,0.37957,0.52718,0.0,0.32534,0.20305,0.0,0.0,0.94337,1.0,0.75,0.5,1.0,1.0,0.5,0.5,0.5,1.0,1.0,0.5,0.5,0.5,0.0,0.0,1.0,1.0,1.0,0.5,0.5,0.5,0.6,0.66667,0.5,1.0,1.0,0.66667,1.0,0.0,0.0,0.0,0.0,0.4,0.4,0.08104,0.4,0.2,0.0,0.5,0.0,0.0,0.64,0.04,0.94942,0.0,1.0,1.0,0.6,1.0,1.0,0.0,0.01655,0.02627,0.75,1.0,1.0,1.0,0.0,1.0,0.25,0.25,0.8,1.0,1.0,0.5,0.5,0.5,1.0,1.0,0.5,0.5,0.5,0.0,0.0,1.0,1.0,1.0,0.5,0.5,1.0,0.2,1.0,1.0,1.0,1.0,1.0,1.0,0.5,0.5,0.5,0.5,0.5,0.5,0.08104,0.4,0.2,0.0,0.5,0.0,0.0,0.64,0.04,0.7907,0.0,1.0,1.0,0.6,1.0,0.5,1.0,0.99857,1.0,0.25,0.3467,0.20305,0.0,0.0,0.8915,0.75,0.5,0.0,1.0,1.0,0.5,0.5,0.5,1.0,1.0,0.5,0.5,0.5,0.0,0.0,1.0,1.0,1.0,0.5,0.5,1.0,0.2,0.0,1.0,1.0,1.0,1.0,0.5
0.5,0.5,0.5,0.5,0.5,0.5,0.09152,0.4,0.23333,0.0,0.5,0.0,0.0,0.56,0.04,0.81391,0.0,1.0,1.0,0.6,1.0,0.5,0.0,0.0001,1.0,0.0,0.36729,0.23521,0.0,0.0,0.95621,1.0,0.5,1.0,1.0,1.0,0.5,0.5,0.5,1.0,1.0,0.5,0.5,0.5,0.71108,0.0,0.9,1.0,1.0,0.5,0.5,0.1,0.2,0.33333,1.0,1.0,1.0,0.66667,0.5,0.5,0.5,0.5,0.5,0.5,0.5,0.09152,0.4,0.23333,0.0,0.5,0.0,0.0,0.56,0.04,0.86932,0.0,1.0,1.0,0.6,1.0,0.5,0.0,0.98745,1.0,0.25,0.38607,0.23521,0.0,0.0,0.90924,0.75,0.5,0.8,1.0,1.0,0.5,0.5,0.5,1.0,1.0,0.5,0.5,0.5,0.0,0.0,1.0,1.0,1.0,0.5,0.5,0.2,0.4,0.5,1.0,1.0,1.0,0.5,0.5,1.0,0.0,1.0,0.0,0.4,0.4,0.09152,0.4,0.23333,0.0,0.5,0.0,0.0,0.56,0.04,0.9286,0.0,1.0,1.0,0.6,1.0,0.6,1.0,0.93782,1.0,0.25,0.45187,0.32052,0.0,0.0,0.93317,0.75,0.25,0.8,1.0,1.0,0.5,0.5,0.5,1.0,1.0,0.5,0.5,0.5,0.57917,0.0036,0.9,1.0,1.0,0.5,0.5,0.3,0.4,0.5,1.0,1.0,1.0,1.0,1.0,0.5,0.5,0.5,0.5,0.5,0.5,0.09152,0.4,0.23333,0.0,0.5,0.0,0.0,0.56,0.04,0.82069,0.0,1.0,1.0,0.6,1.0,0.5,1.0,0.93482,1.0,0.25,0.38607,0.23521,0.0,0.0,0.90924,0.75,0.5,0.6,1.0,1.0,0.5,0.5,0.5,1.0,1.0,0.5,0.5,0.5,0.0,0.0,1.0,1.0,1.0,0.5,0.5,0.4,0.4,0.5,1.0,1.0,1.0,0.5,0.5,0.5,0.5,0.5,0.5,0.5,0.5,0.09152,0.4,0.23333,0.0,0.5,0.0,0.0,0.56,0.04,0.86932,0.0,1.0,1.0,0.6,1.0,0.5,0.0,0.82607,1.0,0.25,0.45187,0.32052,0.0,0.0,0.93317,0.75,0.5,0.7,1.0,1.0,0.5,0.5,0.5,1.0,1.0,0.5,0.5,0.5,0.0,0.0,1.0,1.0,1.0,0.5,0.5,0.3,0.6,1.0,0.5,1.0,1.0,1.0,0.5,1.0,0.5,1.0,0.5,0.4,0.5,0.09152,0.4,0.23333,0.0,0.5,0.0,1.0,0.56,0.04,0.93478,0.0,1.0,1.0,0.6,1.0,1.0,0.0,0.37912,0.52655,0.0,0.36729,0.23521,0.0,0.0,0.95621,1.0,1.0,0.5,1.0,1.0,0.5,0.5,0.5,1.0,1.0,0.5,0.5,0.5,0.0,0.0,1.0,1.0,1.0,0.5,0.5,0.5,0.6,0.66667,0.5,1.0,1.0,0.66667,1.0,0.0,0.0,0.0,0.0,0.4,0.4,0.09152,0.4,0.23333,0.0,0.5,0.0,0.0,0.56,0.04,0.96382,0.0,1.0,1.0,0.6,1.0,1.0,1.0,0.1747,0.2773,0.0,0.36729,0.23521,0.0,0.0,0.95621,1.0,1.0,0.8,1.0,1.0,0.5,0.5,0.5,1.0,1.0,0.5,0.5,0.5,0.0,0.0,1.0,1.0,1.0,0.5,0.5,0.2,0.6,0.66667,0.5,1.0,1.0,0.66667,1.0,0.5,0.5,0.5,0.5,0.5,0.5,0.09152,0.4,0.23333,0.0,0.5,0.0,0.0,0.56,0.04,0.86932,0.0,1.0,1.0,0.6,1.0,0.5,0.0,0.98745,1.0,0.25,0.38607,0.23521,0.0,0.0,0.90924,0.75,0.5,0.0,1.0,1.0,0.5,0.5,0.5,1.0,1.0,0.5,0.5,0.5,0.0,0.0,1.0,1.0,1.0,0.5,0.5,1.0,0.2,0.0,1.0,1.0,1.0,0.5,0.5
0.5,0.5,0.5,0.5,0.5,0.5,0.09748,0.4,0.26667,0.0,0.5,0.0,0.0,0.56,0.04,0.92542,0.0,1.0,1.0,0.6,1.0,0.5,0.0,0.0001,1.0,0.0,0.39122,0.24855,0.0,0.0,0.96585,1.0,0.5,1.0,1.0,1.0,0.5,0.5,0.5,1.0,1.0,0.5,0.5,0.5,0.79087,0.00625,0.9,1.0,1.0,0.5,0.5,0.1,0.2,0.33333,1.0,1.0,1.0,0.66667,0.5,0.5,0.5,0.5,0.5,0.5,0.5,0.09748,0.4,0.26667,0.0,0.5,0.0,0.0,0.56,0.04,0.94527,0.0,1.0,1.0,0.6,1.0,0.5,0.0,0.97601,1.0,0.25,0.40544,0.24855,0.0,0.0,0.92143,0.75,0.5,0.8,1.0,1.0,0.5,0.5,0.5,1.0,1.0,0.5,0.5,0.5,0.0,0.0,1.0,1.0,1.0,0.5,0.5,0.2,0.4,0.5,1.0,1.0,1.0,0.5,0.5,1.0,0.0,1.0,0.0,0.4,0.4,0.09748,0.4,0.26667,0.0,0.5,0.0,0.0,0.56,0.04,0.96646,0.0,1.0,1.0,0.6,1.0,0.6,1.0,0.94116,1.0,0.25,0.4838,0.35398,0.0,0.0,0.95461,0.75,0.25,0.8,1.0,1.0,0.5,0.5,0.5,1.0,1.0,0.5,0.5,0.5,0.0,0.00147,1.0,1.0,1.0,0.5,0.5,0.2,0.4,0.5,1.0,1.0,1.0,1.0,1.0,0.5,0.5,0.5,0.5,0.5,0.5,0.09748,0.4,0.26667,0.0,0.5,0.0,0.0,0.56,0.04,0.92785,0.0,1.0,1.0,0.6,1.0,0.5,1.0,0.94607,1.0,0.25,0.40544,0.24855,0.0,0.0,0.92143,0.75,0.5,0.6,1.0,1.0,0.5,0.5,0.5,1.0,1.0,0.5,0.5,0.5,0.0,0.0,1.0,1.0,1.0,0.5,0.5,0.4,0.4,0.5,1.0,1.0,1.0,0.5,0.5,0.5,0.5,0.5,0.5,0.5,0.5,0.09748,0.4,0.26667,0.0,0.5,0.0,0.0,0.56,0.04,0.94527,0.0,1.0,1.0,0.6,1.0,0.5,1.0,0.82867,1.0,0.25,0.4838,0.35398,0.0,0.0,0.95461,0.75,0.5,0.7,1.0,1.0,0.5,0.5,0.5,1.0,1.0,0.5,0.5,0.5,0.0,0.0,1.0,1.0,1.0,0.5,0.5,0.3,0.4,0.5,1.0,1.0,1.0,1.0,0.5,1.0,0.5,1.0,0.5,0.4,0.5,0.09748,0.4,0.26667,0.0,0.5,0.0,1.0,0.56,0.04,0.96867,0.0,1.0,1.0,0.6,1.0,1.0,0.0,0.37908,0.5265,0.0,0.39122,0.24855,0.0,0.0,0.96585,1.0,1.0,0.5,1.0,1.0,0.5,0.5,0.5,1.0,1.0,0.5,0.5,0.5,0.0,0.0,1.0,1.0,1.0,0.5,0.5,0.5,0.4,0.33333,1.0,1.0,1.0,0.66667,1.0,0.0,0.0,0.0,0.0,0.4,0.4,0.09748,0.4,0.26667,0.0,0.5,0.0,0.0,0.56,0.04,0.97902,0.0,1.0,1.0,0.6,1.0,1.0,0.0,0.17467,0.27726,0.0,0.39122,0.24855,0.0,0.0,0.96585,1.0,1.0,0.8,1.0,1.0,0.5,0.5,0.5,1.0,1.0,0.5,0.5,0.5,0.0,0.0,1.0,1.0,1.0,0.5,0.5,0.2,0.6,0.66667,0.5,1.0,1.0,0.66667,1.0,0.5,0.5,0.5,0.5,0.5,0.5,0.09748,0.4,0.26667,0.0,0.5,0.0,0.0,0.56,0.04,0.94527,0.0,1.0,1.0,0.6,1.0,0.5,0.0,0.97601,1.0,0.25,0.40544,0.24855,0.0,0.0,0.92143,0.75,0.5,0.0,1.0,1.0,0.5,0.5,0.5,1.0,1.0,0.5,0.5,0.5,0.0,0.0,1.0,1.0,1.0,0.5,0.5,1.0,0.2,0.0,1.0,1.0,1.0,0.5,0.5
0.5,0.5,0.5,0.5,0.5,0.5,0.09649,0.4,0.33333,0.0,0.5,0.0,0.0,0.52,0.04,0.99986,0.0,1.0,1.0,1.0,1.0,0.5,0.0,0.0001,1.0,0.0,0.387,0.23005,0.0,0.0,0.96968,0.75,0.5,1.0,1.0,1.0,0.5,0.5,0.5,1.0,1.0,0.5,0.5,0.5,0.0,0.00499,1.0,1.0,1.0,0.5,0.5,0.0,0.2,0.33333,1.0,1.0,1.0,0.0,0.5,0.5,0.5,0.5,0.5,0.5,0.5,0.09649,0.4,0.33333,0.0,0.5,0.0,0.0,0.52,0.04,0.99764,0.0,1.0,1.0,1.0,1.0,0.5,0.0,0.96299,1.0,0.25,0.39496,0.23005,0.0,0.0,0.93198,1.0,0.5,0.8,1.0,1.0,0.5,0.5,0.5,1.0,1.0,0.5,0.5,0.5,0.0,0.0,1.0,1.0,1.0,0.5,0.5,0.2,0.4,0.5,1.0,1.0,1.0,0.0,0.5,1.0,0.0,1.0,0.0,0.4,0.4,0.09649,0.4,0.33333,0.0,0.5,0.0,0.0,0.52,0.04,0.99528,0.0,1.0,1.0,1.0,1.0,0.6,1.0,0.96993,1.0,0.25,0.50091,0.36495,0.0,1.0,0.97304,0.5,0.25,0.8,1.0,1.0,0.5,0.5,0.5,1.0,1.0,0.5,0.5,0.5,0.80096,0.00222,0.9,1.0,1.0,0.5,0.5,0.3,0.4,0.5,1.0,1.0,1.0,0.0,1.0,0.5,0.5,0.5,0.5,0.5,0.5,0.09649,0.4,0.33333,0.0,0.5,0.0,0.0,0.52,0.04,0.99959,0.0,1.0,1.0,1.0,1.0,0.5,1.0,0.95892,1.0,0.25,0.39496,0.23005,0.0,0.0,0.93198,1.0,0.5,0.6,1.0,1.0,0.5,0.5,0.5,1.0,1.0,0.5,0.5,0.5,0.0,0.0,1.0,1.0,1.0,0.5,0.5,0.4,0.4,0.5,1.0,1.0,1.0,0.0,0.5,0.5,0.5,0.5,0.5,0.5,0.5,0.09649,0.4,0.33333,0.0,0.5,0.0,0.0,0.52,0.04,0.99764,0.0,1.0,1.0,1.0,1.0,0.5,1.0,0.85112,1.0,0.25,0.50091,0.36495,0.0,0.0,0.97304,0.5,0.5,0.7,1.0,1.0,0.5,0.5,0.5,1.0,1.0,0.5,0.5,0.5,0.0,0.0,1.0,1.0,1.0,0.5,0.5,0.3,0.4,0.5,1.0,1.0,1.0,0.0,0.5,0.0,1.0,0.0,0.0,0.4,0.4,0.09649,0.4,0.33333,0.0,0.5,0.0,0.0,0.52,0.04,0.99503,0.0,1.0,1.0,1.0,1.0,1.0,0.0,0.37809,0.52512,0.0,0.387,0.23005,0.0,0.0,0.96968,0.75,1.0,0.5,1.0,1.0,0.5,0.5,0.5,1.0,1.0,0.5,0.5,0.5,0.0,0.0,1.0,1.0,1.0,0.5,0.5,0.5,0.4,0.33333,1.0,1.0,1.0,0.0,1.0,0.0,0.0,0.0,0.0,0.4,0.4,0.09649,0.4,0.33333,0.0,0.5,0.0,0.0,0.52,0.04,0.99388,0.0,1.0,1.0,1.0,1.0,1.0,0.0,0.1739,0.27603,0.0,0.387,0.23005,0.0,0.0,0.96968,0.75,1.0,0.8,1.0,1.0,0.5,0.5,0.5,1.0,1.0,0.5,0.5,0.5,0.0,0.0,1.0,1.0,1.0,0.5,0.5,0.2,0.6,0.66667,0.5,1.0,1.0,0.0,1.0,1.0,0.5,1.0,0.5,0.4,0.5,0.09649,0.4,0.33333,0.0,0.5,0.0,1.0,0.52,0.04,0.99764,0.0,1.0,1.0,1.0,1.0,1.0,0.0,0.96299,1.0,0.25,0.39496,0.23005,0.0,0.0,0.93198,1.0,1.0,0.0,1.0,1.0,0.5,0.5,0.5,1.0,1.0,0.5,0.5,0.5,0.0,0.0,1.0,1.0,1.0,0.5,0.5,1.0,0.2,0.0,1.0,1.0,1.0,0.0,1.0
0.0,0.0,0.0,0.0,0.4,0.4,0.01074,0.4,0.66667,0.0,0.5,0.0,0.0,0.16,0.04,0.81592,0.0,1.0,1.0,0.9,1.0,0.9,1.0,0.85803,1.0,0.0,1.0,1.0,1.0,0.0,1.0,0.75,1.0,0.0,0.8,0.81704,0.36655,0.51236,0.36655,1.0,1.0,1.0,0.19735,0.83405,0.0,0.0,1.0,1.0,1.0,1.0,0.19735,1.0,0.2,1.0,1.0,0.0,1.0,1.0,0.5,0.0,0.5,0.0,0.5,0.4,0.5,0.01074,0.4,0.66667,0.0,0.5,0.0,1.0,0.16,0.04,0.88851,0.0,1.0,1.0,0.9,1.0,1.0,0.0,0.74682,1.0,0.25,0.0612,0.03156,0.0,0.0,1.0,1.0,1.0,0.0,0.8,0.81704,0.36655,0.36655,0.36655,1.0,1.0,0.5,0.5,0.5,0.0,0.0,1.0,1.0,1.0,1.0,0.19735,1.0,0.2,0.0,1.0,0.0,1.0,0.0,1.0,0.0,0.0,0.0,0.0,0.4,0.4,0.01074,0.4,0.66667,0.0,0.5,0.0,0.0,0.16,0.04,0.94452,0.0,1.0,1.0,0.9,1.0,0.9,0.0,0.00038,0.00069,0.25,1.0,1.0,1.0,0.0,1.0,0.5,0.5,0.0,0.8,0.81704,0.36655,0.5,0.36655,1.0,1.0,0.5,0.5,0.5,0.0,0.0,1.0,1.0,1.0,1.0,0.19735,1.0,0.2,0.0,1.0,0.0,1.0,0.0,1.0,0.5,0.5,0.5,0.5,0.5,0.5,0.01074,0.4,0.66667,0.0,0.5,0.0,0.0,0.16,0.04,0.82622,0.0,1.0,1.0,0.9,1.0,0.5,0.0,0.72406,0.94034,0.25,0.0612,0.03156,0.0,0.0,1.0,1.0,0.5,0.0,0.8,0.81704,0.36655,0.5,0.36655,1.0,1.0,0.5,0.5,0.5,0.0,0.0,1.0,1.0,1.0,1.0,0.19735,1.0,0.2,0.0,1.0,0.0,1.0,0.0,0.5,0.5,0.5,0.5,0.5,0.5,0.5,0.01074,0.4,0.66667,0.0,0.5,0.0,0.0,0.16,0.04,0.88851,0.0,1.0,1.0,0.9,1.0,0.5,0.0,0.93698,1.0,0.25,0.0612,0.03156,0.0,0.0,1.0,1.0,0.5,0.0,0.8,0.81704,0.36655,0.5,0.36655,1.0,1.0,0.5,0.5,0.5,0.0,0.0,1.0,1.0,1.0,1.0,0.19735,1.0,0.2,0.0,1.0,0.0,1.0,0.0,0.5,0.5,0.5,0.5,0.5,0.5,0.5,0.01074,0.4,0.66667,0.0,0.5,0.0,0.0,0.16,0.04,0.94944,0.0,1.0,1.0,0.9,1.0,0.5,0.0,0.73986,1.0,0.25,0.0612,0.03156,0.0,0.0,1.0,1.0,0.5,0.0,0.8,0.81704,0.36655,0.5,0.18328,1.0,1.0,0.5,0.5,0.5,0.0,0.0,1.0,1.0,1.0,1.0,0.19735,1.0,0.2,0.0,1.0,0.0,1.0,0.0,0.5,0.0,0.0,1.0,1.0,0.4,0.4,0.01074,0.4,0.66667,0.0,0.5,0.0,0.0,0.16,0.04,0.97075,0.0,1.0,1.0,0.9,1.0,0.8,0.0,0.00029,0.00046,0.0,1.0,1.0,1.0,0.0,1.0,0.75,1.0,0.0,0.8,0.81704,0.36655,0.5,0.21993,1.0,1.0,0.5,0.5,0.5,0.0,0.0,1.0,1.0,1.0,1.0,0.19735,1.0,0.2,1.0,1.0,0.0,1.0,1.0,0.75,0.5,0.5,0.5,0.5,0.5,0.5,0.01074,0.4,0.66667,0.0,0.5,0.0,0.0,0.16,0.04,0.88851,0.0,1.0,1.0,0.9,1.0,0.5,0.0,0.74682,1.0,0.25,0.0612,0.03156,0.0,0.0,1.0,1.0,0.5,0.0,0.8,0.81704,0.36655,0.5,0.36655,1.0,1.0,0.5,0.5,0.5,0.0,0.0,1.0,1.0,1.0,1.0,0.19735,1.0,0.2,0.0,1.0,0.0,1.0,0.0,0.5
1.0,0.0,1.0,0.0,1.0,1.0,0.1753,0.8,0.43333,0.0,1.0,0.0,0.0,0.19,0.03,0.99911,0.0,1.0,1.0,1.0,1.0,0.71111,0.0,0.0001,1.0,0.0,1.0,1.0,1.0,0.0,1.0,0.88889,1.0,1.0,1.0,1.0,0.5,0.5,0.5,1.0,1.0,0.5,0.5,0.5,0.73293,0.07684,0.0,1.0,1.0,1.0,0.45046,1.0,0.0,0.0,1.0,0.0,1.0,1.0,1.0,0.5,0.5,0.5,0.5,0.5,0.5,0.1753,0.8,0.43333,0.0,1.0,0.0,0.0,0.19,0.03,0.98662,0.0,1.0,1.0,1.0,1.0,0.5,1.0,0.74203,1.0,0.11111,0.85269,0.74321,0.0,0.0,1.0,1.0,0.5,0.8,1.0,1.0,0.5,0.5,0.5,1.0,1.0,0.5,0.5,0.5,0.0,0.0,1.0,1.0,1.0,1.0,0.45046,0.2,0.2,1.0,1.0,1.0,1.0,0.0,0.5,0.0,0.0,0.0,0.0,0.8,0.8,0.1753,0.8,0.43333,0.0,1.0,0.0,0.0,0.19,0.03,0.9785,0.0,1.0,1.0,1.0,1.0,1.0,0.0,0.65383,1.0,0.11111,1.0,1.0,1.0,0.0,0.63936,0.77778,0.77778,0.8,1.0,1.0,0.5,0.5,0.5,1.0,1.0,1.0,0.45046,0.91625,0.40034,0.00206,0.95,1.0,1.0,1.0,0.45046,1.0,0.1,0.0,1.0,0.0,1.0,0.0,0.44444,0.5,0.5,0.5,0.5,0.5,0.5,0.1753,0.8,0.43333,0.0,1.0,0.0,0.0,0.19,0.03,0.99742,0.0,1.0,1.0,1.0,1.0,0.5,1.0,0.71395,0.92721,0.11111,0.85269,0.74321,0.0,0.0,1.0,1.0,0.5,0.65,1.0,1.0,0.5,0.5,0.5,1.0,1.0,0.5,0.5,0.5,0.0,0.0,1.0,1.0,1.0,1.0,0.45046,0.5,0.2,1.0,1.0,1.0,1.0,0.0,0.5,0.0,0.0,0.0,0.0,1.0,1.0,0.1753,0.8,0.43333,0.0,1.0,0.0,0.0,0.19,0.03,0.98662,0.0,1.0,1.0,1.0,1.0,0.73333,0.0,0.9799,1.0,0.11111,0.85269,0.74321,0.0,0.0,1.0,1.0,0.77778,0.7,1.0,1.0,0.5,0.5,0.5,1.0,1.0,0.5,0.5,0.5,0.0,0.0,1.0,1.0,1.0,1.0,0.45046,0.3,0.2,1.0,1.0,1.0,1.0,0.0,0.77778,0.5,0.5,0.5,0.5,0.5,0.5,0.1753,0.8,0.43333,0.0,1.0,0.0,0.0,0.19,0.03,0.97886,0.0,1.0,1.0,1.0,1.0,0.5,0.0,0.60385,0.83868,0.11111,1.0,1.0,1.0,0.0,0.63936,0.77778,0.5,0.5,1.0,1.0,0.5,0.5,0.5,1.0,1.0,0.5,0.5,0.5,0.0,0.0,1.0,1.0,1.0,1.0,0.45046,1.0,0.1,0.0,1.0,0.0,1.0,0.0,0.5,0.5,0.5,0.5,0.5,0.5,0.5,0.1753,0.8,0.43333,0.0,1.0,0.0,0.0,0.19,0.03,0.98046,0.0,1.0,1.0,1.0,1.0,0.5,0.0,0.07743,0.1229,0.0,1.0,1.0,1.0,0.0,1.0,0.88889,0.5,0.8,1.0,1.0,0.5,0.5,0.5,1.0,1.0,0.5,0.5,0.5,0.0,0.0,1.0,1.0,1.0,1.0,0.45046,1.0,0.1,1.0,1.0,0.0,1.0,1.0,0.5,0.0,0.5,0.0,0.5,0.8,0.5,0.1753,0.8,0.43333,0.0,1.0,0.0,1.0,0.19,0.03,0.98662,0.0,1.0,1.0,1.0,1.0,1.0,1.0,0.74203,1.0,0.11111,0.85269,0.74321,0.0,0.0,1.0,1.0,1.0,0.0,1.0,1.0,0.5,0.5,0.5,1.0,1.0,0.5,0.5,0.5,0.0,0.0,1.0,1.0,1.0,1.0,0.45046,1.0,0.1,0.0,1.0,0.0,1.0,0.0,1.0
1.0,0.0,1.0,0.0,1.0,1.0,0.16702,0.8,0.5,0.0,1.0,0.0,0.0,0.18,0.03,0.9994,0.0,0.91111,0.91111,1.0,1.0,0.8,0.0,0.0001,1.0,0.0,1.0,1.0,1.0,0.0,1.0,0.88889,1.0,1.0,1.0,1.0,0.5,0.5,0.5,1.0,1.0,0.5,0.5,0.5,0.89392,0.06865,0.0,1.0,1.0,1.0,0.45046,1.0,0.0,0.0,1.0,0.0,1.0,1.0,1.0,0.5,0.5,0.5,0.5,0.5,0.5,0.16702,0.8,0.5,0.0,1.0,0.0,0.0,0.18,0.03,0.99108,0.0,0.91111,0.91111,1.0,1.0,0.5,0.0,0.74182,1.0,0.11111,0.81837,0.69257,0.0,0.0,1.0,1.0,0.5,0.8,1.0,1.0,0.5,0.5,0.5,1.0,1.0,0.5,0.5,0.5,0.0,0.0,1.0,1.0,1.0,1.0,0.45046,0.2,0.2,1.0,1.0,1.0,1.0,0.0,0.5,0.0,0.0,0.0,0.0,0.8,0.8,0.16702,0.8,0.5,0.0,1.0,0.0,0.0,0.18,0.03,0.98531,0.0,0.91111,0.91111,1.0,1.0,0.91111,1.0,0.65035,1.0,0.11111,1.0,1.0,1.0,0.0,0.65506,0.77778,0.77778,0.8,1.0,1.0,0.5,0.5,0.5,1.0,1.0,1.0,0.45046,0.91625,1.0,0.0,0.9,1.0,1.0,1.0,0.45046,1.0,0.1,0.0,1.0,0.0,1.0,0.0,0.44444,0.5,0.5,0.5,0.5,0.5,0.5,0.16702,0.8,0.5,0.0,1.0,0.0,0.0,0.18,0.03,0.99827,0.0,0.91111,0.91111,1.0,1.0,0.5,0.0,0.71409,0.92738,0.11111,0.81837,0.69257,0.0,0.0,1.0,1.0,0.5,0.65,1.0,1.0,0.5,0.5,0.5,1.0,1.0,0.5,0.5,0.5,0.0,0.0,1.0,1.0,1.0,1.0,0.45046,0.45,0.2,1.0,1.0,1.0,1.0,0.0,0.5,0.0,0.0,0.0,0.0,1.0,1.0,0.16702,0.8,0.5,0.0,1.0,0.0,0.0,0.18,0.03,0.99108,0.0,0.91111,0.91111,1.0,1.0,0.68889,1.0,0.98551,1.0,0.11111,0.81837,0.69257,0.0,0.0,1.0,1.0,0.77778,0.7,1.0,1.0,0.5,0.5,0.5,1.0,1.0,0.5,0.5,0.5,0.0,0.0,1.0,1.0,1.0,1.0,0.45046,0.3,0.2,1.0,1.0,1.0,1.0,0.0,0.77778,0.0,0.0,0.0,0.0,0.8,0.8,0.16702,0.8,0.5,0.0,1.0,0.0,0.0,0.18,0.03,0.98496,0.0,0.91111,0.91111,1.0,1.0,0.91111,1.0,0.60216,0.83633,0.11111,1.0,1.0,1.0,0.0,0.65506,0.77778,1.0,0.5,1.0,1.0,0.5,0.5,0.5,1.0,1.0,0.5,0.5,0.5,1.0,0.0,0.9,1.0,1.0,1.0,0.45046,1.0,0.1,0.0,1.0,0.0,1.0,0.0,0.44444,0.5,0.5,0.5,0.5,0.5,0.5,0.16702,0.8,0.5,0.0,1.0,0.0,0.0,0.18,0.03,0.98344,0.0,0.91111,0.91111,1.0,1.0,0.5,0.0,0.07028,0.11156,0.0,1.0,1.0,1.0,0.0,1.0,0.88889,0.5,0.8,1.0,1.0,0.5,0.5,0.5,1.0,1.0,0.5,0.5,0.5,0.0,0.0,1.0,1.0,1.0,1.0,0.45046,1.0,0.1,1.0,1.0,0.0,1.0,1.0,0.5,0.0,0.5,0.0,0.5,0.8,0.5,0.16702,0.8,0.5,0.0,1.0,0.0,1.0,0.18,0.03,0.99108,0.0,0.91111,0.91111,1.0,1.0,0.91111,0.0,0.74182,1.0,0.11111,0.81837,0.69257,0.0,0.0,1.0,1.0,1.0,0.0,1.0,1.0,0.5,0.5,0.5,1.0,1.0,0.5,0.5,0.5,0.0,0.0,1.0,1.0,1.0,1.0,0.45046,1.0,0.1,0.0,1.0,0.0,1.0,0.0,1.0
1.0,0.0,1.0,0.0,1.0,1.0,0.1649,0.8,0.53333,0.0,1.0,0.0,0.0,0.16,0.03,0.99937,0.0,1.0,0.91111,1.0,1.0,0.8,0.0,0.0001,1.0,0.0,1.0,1.0,1.0,0.0,1.0,0.88889,1.0,1.0,1.0,1.0,0.5,0.5,0.5,1.0,1.0,0.5,0.5,0.5,0.84351,0.06015,0.0,1.0,1.0,1.0,0.09749,1.0,0.0,0.0,1.0,0.0,1.0,1.0,1.0,0.5,0.5,0.5,0.5,0.5,0.5,0.1649,0.8,0.53333,0.0,1.0,0.0,0.0,0.16,0.03,0.99066,0.0,1.0,0.91111,1.0,1.0,0.5,0.0,0.74102,1.0,0.11111,0.81122,0.68239,0.0,0.0,1.0,0.77778,0.5,0.8,1.0,1.0,0.5,0.5,0.5,1.0,1.0,0.5,0.5,0.5,0.0,0.0,1.0,1.0,1.0,1.0,0.09749,0.2,0.2,1.0,1.0,1.0,1.0,0.0,0.5,0.0,0.0,0.0,0.0,0.8,0.8,0.1649,0.8,0.53333,0.0,1.0,0.0,0.0,0.16,0.03,0.98338,0.0,1.0,0.91111,1.0,1.0,0.91111,0.0,0.6484,1.0,0.11111,1.0,1.0,1.0,0.0,0.66031,1.0,0.77778,0.8,1.0,1.0,0.5,0.5,0.5,1.0,1.0,1.0,0.45046,0.91625,0.0,0.00514,1.0,1.0,1.0,1.0,0.09749,1.0,0.1,0.0,1.0,0.0,1.0,0.0,0.44444,0.5,0.5,0.5,0.5,0.5,0.5,0.1649,0.8,0.53333,0.0,1.0,0.0,0.0,0.16,0.03,0.99818,0.0,1.0,0.91111,1.0,1.0,0.5,0.0,0.71345,0.92656,0.11111,0.81122,0.68239,0.0,0.0,1.0,0.77778,0.5,0.65,1.0,1.0,0.5,0.5,0.5,1.0,1.0,0.5,0.5,0.5,0.0,0.0,1.0,1.0,1.0,1.0,0.09749,0.45,0.2,1.0,1.0,1.0,1.0,0.0,0.5,0.0,0.0,0.0,0.0,1.0,1.0,0.1649,0.8,0.53333,0.0,1.0,0.0,0.0,0.16,0.03,0.99066,0.0,1.0,0.91111,1.0,1.0,0.68889,1.0,0.98844,1.0,0.11111,0.81122,0.68239,0.0,0.0,1.0,0.77778,0.77778,0.7,1.0,1.0,0.5,0.5,0.5,1.0,1.0,0.5,0.5,0.5,0.0,0.0,1.0,1.0,1.0,1.0,0.09749,0.3,0.2,1.0,1.0,1.0,1.0,0.0,0.77778,0.0,0.5,0.0,0.5,0.8,0.5,0.1649,0.8,0.53333,0.0,1.0,0.0,1.0,0.16,0.03,0.98271,0.0,1.0,0.91111,1.0,1.0,1.0,0.0,0.60095,0.83465,0.11111,1.0,1.0,1.0,0.0,0.66031,1.0,1.0,0.5,1.0,1.0,0.5,0.5,0.5,1.0,1.0,1.0,0.09749,0.5,0.0,0.00514,1.0,1.0,1.0,1.0,0.09749,1.0,0.1,0.0,1.0,0.0,1.0,0.0,0.44444,0.5,0.5,0.5,0.5,0.5,0.5,0.1649,0.8,0.53333,0.0,1.0,0.0,0.0,0.16,0.03,0.97978,0.0,1.0,0.91111,1.0,1.0,0.5,0.0,0.06851,0.10875,0.0,1.0,1.0,1.0,0.0,1.0,0.88889,0.5,0.8,1.0,1.0,0.5,0.5,0.5,1.0,1.0,0.5,0.5,0.5,0.0,0.0,1.0,1.0,1.0,1.0,0.09749,1.0,0.1,1.0,1.0,0.0,1.0,1.0,0.5,0.0,0.0,0.0,0.0,0.8,0.8,0.1649,0.8,0.53333,0.0,1.0,0.0,0.0,0.16,0.03,0.99066,0.0,1.0,0.91111,1.0,1.0,0.91111,0.0,0.74102,1.0,0.11111,0.81122,0.68239,0.0,0.0,1.0,0.77778,1.0,0.0,1.0,1.0,0.5,0.5,0.5,1.0,1.0,0.5,0.5,0.5,0.0,0.0,1.0,1.0,1.0,1.0,0.09749,1.0,0.1,0.0,1.0,0.0,1.0,0.0,1.0
1.0,0.0,1.0,0.0,1.0,1.0,0.16069,0.8,0.56667,0.0,1.0,0.0,0.0,0.16,0.03,0.99965,0.0,1.0,0.8,1.0,1.0,0.8,0.0,0.0001,1.0,0.0,1.0,1.0,1.0,0.0,1.0,0.88889,1.0,1.0,1.0,1.0,0.5,0.5,0.5,1.0,1.0,0.5,0.5,0.5,0.78681,0.05332,0.0,1.0,1.0,1.0,0.09749,1.0,0.0,0.0,1.0,0.0,1.0,1.0,1.0,0.5,0.5,0.5,0.5,0.5,0.5,0.16069,0.8,0.56667,0.0,1.0,0.0,0.0,0.16,0.03,0.9948,0.0,1.0,0.8,1.0,1.0,0.5,0.0,0.73927,1.0,0.11111,0.79723,0.66283,0.0,0.0,1.0,0.77778,0.5,0.8,1.0,1.0,0.5,0.5,0.5,1.0,1.0,0.5,0.5,0.5,0.0,0.0,1.0,1.0,1.0,1.0,0.09749,0.2,0.2,1.0,1.0,1.0,1.0,0.0,0.5,0.0,0.0,0.0,0.0,0.8,0.8,0.16069,0.8,0.56667,0.0,1.0,0.0,0.0,0.16,0.03,0.99074,0.0,1.0,0.8,1.0,1.0,0.91111,0.0,0.64339,1.0,0.11111,1.0,1.0,1.0,0.0,0.66434,1.0,0.77778,0.8,1.0,1.0,0.5,0.5,0.5,1.0,1.0,1.0,0.45046,0.91625,0.0,0.0,1.0,1.0,1.0,1.0,0.09749,1.0,0.1,0.0,1.0,0.0,1.0,0.0,0.44444,0.5,0.5,0.5,0.5,0.5,0.5,0.16069,0.8,0.56667,0.0,1.0,0.0,0.0,0.16,0.03,0.99899,0.0,1.0,0.8,1.0,1.0,0.5,0.0,0.71205,0.92474,0.11111,0.79723,0.66283,0.0,0.0,1.0,0.77778,0.5,0.65,1.0,1.0,0.5,0.5,0.5,1.0,1.0,0.5,0.5,0.5,0.0,0.0,1.0,1.0,1.0,1.0,0.09749,0.4,0.2,1.0,1.0,1.0,1.0,0.0,0.5,0.0,0.0,0.0,0.0,1.0,1.0,0.16069,0.8,0.56667,0.0,1.0,0.0,0.0,0.16,0.03,0.9948,0.0,1.0,0.8,1.0,1.0,0.68889,1.0,0.99453,1.0,0.11111,0.79723,0.66283,0.0,0.0,1.0,0.77778,0.77778,0.7,1.0,1.0,0.5,0.5,0.5,1.0,1.0,0.5,0.5,0.5,0.0,0.0,1.0,1.0,1.0,1.0,0.09749,0.3,0.2,1.0,1.0,1.0,1.0,0.0,0.77778,0.0,0.5,0.0,0.5,0.8,0.5,0.16069,0.8,0.56667,0.0,1.0,0.0,1.0,0.16,0.03,0.99036,0.0,1.0,0.8,1.0,1.0,1.0,0.0,0.59773,0.83018,0.11111,1.0,1.0,1.0,0.0,0.66434,1.0,1.0,0.5,1.0,1.0,0.5,0.5,0.5,1.0,1.0,1.0,0.09749,0.96911,0.0,0.0,1.0,1.0,1.0,1.0,0.09749,1.0,0.1,0.0,1.0,0.0,1.0,0.0,0.44444,0.5,0.5,0.5,0.5,0.5,0.5,0.16069,0.8,0.56667,0.0,1.0,0.0,0.0,0.16,0.03,0.98873,0.0,1.0,0.8,1.0,1.0,0.5,0.0,0.06506,0.10327,0.0,1.0,1.0,1.0,0.0,1.0,0.88889,0.5,0.8,1.0,1.0,0.5,0.5,0.5,1.0,1.0,0.5,0.5,0.5,0.0,0.0,1.0,1.0,1.0,1.0,0.09749,1.0,0.1,1.0,1.0,0.0,1.0,1.0,0.5,0.0,0.0,0.0,0.0,0.8,0.8,0.16069,0.8,0.56667,0.0,1.0,0.0,0.0,0.16,0.03,0.9948,0.0,1.0,0.8,1.0,1.0,0.91111,0.0,0.73927,1.0,0.11111,0.79723,0.66283,0.0,0.0,1.0,0.77778,1.0,0.0,1.0,1.0,0.5,0.5,0.5,1.0,1.0,0.5,0.5,0.5,0.0,0.0,1.0,1.0,1.0,1.0,0.09749,1.0,0.1,0.0,1.0,0.0,1.0,0.0,1.0
1.0,0.0,1.0,0.0,1.0,1.0,0.15697,0.8,0.6,0.0,1.0,0.0,0.0,0.15,0.03,0.99977,0.0,1.0,0.8,1.0,1.0,0.8,0.0,0.0001,1.0,0.0,1.0,1.0,1.0,0.0,1.0,0.88889,1.0,1.0,1.0,1.0,0.5,0.5,0.5,1.0,1.0,0.5,0.5,0.5,0.74579,0.04652,0.0,1.0,1.0,1.0,0.09749,1.0,0.0,0.0,1.0,0.0,1.0,1.0,1.0,0.5,0.5,0.5,0.5,0.5,0.5,0.15697,0.8,0.6,0.0,1.0,0.0,0.0,0.15,0.03,0.99659,0.0,1.0,0.8,1.0,1.0,0.5,0.0,0.73823,1.0,0.11111,0.78359,0.64418,0.0,0.0,1.0,0.77778,0.5,0.8,1.0,1.0,0.5,0.5,0.5,1.0,1.0,0.5,0.5,0.5,0.0,0.0,1.0,1.0,1.0,1.0,0.09749,0.2,0.2,1.0,1.0,1.0,1.0,0.0,0.5,0.0,0.0,0.0,0.0,0.8,0.8,0.15697,0.8,0.6,0.0,1.0,0.0,0.0,0.15,0.03,0.99394,0.0,1.0,0.8,1.0,1.0,0.91111,0.0,0.63848,1.0,0.11111,1.0,1.0,1.0,0.0,0.66742,1.0,0.77778,0.8,1.0,1.0,0.5,0.5,0.5,1.0,1.0,1.0,0.45046,0.91625,0.0,0.0,1.0,1.0,1.0,1.0,0.09749,1.0,0.1,0.0,1.0,0.0,1.0,0.0,0.44444,0.5,0.5,0.5,0.5,0.5,0.5,0.15697,0.8,0.6,0.0,1.0,0.0,0.0,0.15,0.03,0.99934,0.0,1.0,0.8,1.0,1.0,0.5,0.0,0.71127,0.92373,0.11111,0.78359,0.64418,0.0,0.0,1.0,0.77778,0.5,0.65,1.0,1.0,0.5,0.5,0.5,1.0,1.0,0.5,0.5,0.5,0.0,0.0,1.0,1.0,1.0,1.0,0.09749,0.4,0.2,1.0,1.0,1.0,1.0,0.0,0.5,0.0,0.0,0.0,0.0,1.0,1.0,0.15697,0.8,0.6,0.0,1.0,0.0,0.0,0.15,0.03,0.99659,0.0,1.0,0.8,1.0,1.0,0.68889,1.0,0.99887,1.0,0.11111,0.78359,0.64418,0.0,0.0,1.0,0.77778,0.77778,0.7,1.0,1.0,0.5,0.5,0.5,1.0,1.0,0.5,0.5,0.5,0.0,0.0,1.0,1.0,1.0,1.0,0.09749,0.3,0.2,1.0,1.0,1.0,1.0,0.0,0.77778,0.0,0.5,0.0,0.5,0.8,0.5,0.15697,0.8,0.6,0.0,1.0,0.0,1.0,0.15,0.03,0.99369,0.0,1.0,0.8,1.0,1.0,1.0,0.0,0.59452,0.82573,0.11111,1.0,1.0,1.0,0.0,0.66742,1.0,1.0,0.5,1.0,1.0,0.5,0.5,0.5,1.0,1.0,1.0,0.09749,0.96911,0.0,0.0,1.0,1.0,1.0,1.0,0.09749,1.0,0.1,0.0,1.0,0.0,1.0,0.0,0.44444,0.5,0.5,0.5,0.5,0.5,0.5,0.15697,0.8,0.6,0.0,1.0,0.0,0.0,0.15,0.03,0.99263,0.0,1.0,0.8,1.0,1.0,0.5,0.0,0.06208,0.09854,0.0,1.0,1.0,1.0,0.0,1.0,0.88889,0.5,0.8,1.0,1.0,0.5,0.5,0.5,1.0,1.0,0.5,0.5,0.5,0.0,0.0,1.0,1.0,1.0,1.0,0.09749,1.0,0.1,1.0,1.0,0.0,1.0,1.0,0.5,0.0,0.0,0.0,0.0,0.8,0.8,0.15697,0.8,0.6,0.0,1.0,0.0,0.0,0.15,0.03,0.99659,0.0,1.0,0.8,1.0,1.0,0.91111,0.0,0.73823,1.0,0.11111,0.78359,0.64418,0.0,0.0,1.0,0.77778,1.0,0.0,1.0,1.0,0.5,0.5,0.5,1.0,1.0,0.5,0.5,0.5,0.0,0.0,1.0,1.0,1.0,1.0,0.09749,1.0,0.1,0.0,1.0,0.0,1.0,0.0,1.0
1.0,0.0,1.0,0.0,1.0,1.0,0.15336,0.7,0.63333,0.0,1.0,0.0,0.0,0.15,0.03,0.9997,0.0,0.91111,1.0,1.0,1.0,0.71111,0.0,0.0001,1.0,0.0,1.0,1.0,1.0,0.0,1.0,0.88889,1.0,1.0,1.0,1.0,0.5,0.5,0.5,1.0,1.0,0.5,0.5,0.5,0.73006,0.04265,0.0,1.0,1.0,1.0,0.09749,1.0,0.0,0.0,1.0,0.0,1.0,1.0,1.0,0.5,0.5,0.5,0.5,0.5,0.5,0.15336,0.7,0.63333,0.0,1.0,0.0,0.0,0.15,0.03,0.99551,0.0,0.91111,1.0,1.0,1.0,0.5,0.0,0.73757,1.0,0.11111,0.76946,0.62531,0.0,0.0,1.0,0.77778,0.5,0.8,1.0,1.0,0.5,0.5,0.5,1.0,1.0,0.5,0.5,0.5,0.0,0.0,1.0,1.0,1.0,1.0,0.09749,0.2,0.2,1.0,1.0,1.0,1.0,0.0,0.5,0.0,0.0,0.0,0.0,0.8,0.8,0.15336,0.7,0.63333,0.0,1.0,0.0,0.0,0.15,0.03,0.99204,0.0,0.91111,1.0,1.0,1.0,1.0,0.0,0.59421,1.0,0.11111,1.0,1.0,1.0,0.0,0.5,1.0,0.77778,0.8,1.0,1.0,0.5,0.5,0.5,1.0,1.0,1.0,0.45046,0.91625,0.0,0.0,1.0,1.0,1.0,1.0,0.09749,1.0,0.1,0.0,1.0,0.0,1.0,0.0,0.44444,0.5,0.5,0.5,0.5,0.5,0.5,0.15336,0.7,0.63333,0.0,1.0,0.0,0.0,0.15,0.03,0.99912,0.0,0.91111,1.0,1.0,1.0,0.5,0.0,0.71081,0.92314,0.11111,0.76946,0.62531,0.0,0.0,1.0,0.77778,0.5,0.65,1.0,1.0,0.5,0.5,0.5,1.0,1.0,0.5,0.5,0.5,0.0,0.0,1.0,1.0,1.0,1.0,0.09749,0.4,0.2,1.0,1.0,1.0,1.0,0.0,0.5,0.0,0.0,0.0,0.0,1.0,1.0,0.15336,0.7,0.63333,0.0,1.0,0.0,0.0,0.15,0.03,0.99551,0.0,0.91111,1.0,1.0,1.0,0.73333,0.0,0.99762,1.0,0.11111,0.76946,0.62531,0.0,0.0,1.0,0.77778,0.77778,0.7,1.0,1.0,0.5,0.5,0.5,1.0,1.0,0.5,0.5,0.5,0.0,0.0,1.0,1.0,1.0,1.0,0.09749,0.3,0.2,1.0,1.0,1.0,1.0,0.0,0.77778,0.0,0.5,0.0,0.5,0.7,0.5,0.15336,0.7,0.63333,0.0,1.0,0.0,1.0,0.15,0.03,0.99172,0.0,0.91111,1.0,1.0,1.0,0.91111,0.0,0.56278,0.78163,0.11111,1.0,1.0,1.0,0.0,0.5,1.0,0.77778,0.5,1.0,1.0,0.5,0.5,0.5,1.0,1.0,1.0,0.09749,0.96911,0.0,0.0,1.0,1.0,1.0,1.0,0.09749,0.8,0.2,1.0,0.0,1.0,1.0,0.0,0.44444,0.5,0.5,0.5,0.5,0.5,0.5,0.15336,0.7,0.63333,0.0,1.0,0.0,0.0,0.15,0.03,0.99032,0.0,0.91111,1.0,1.0,1.0,0.5,0.0,0.05926,0.09406,0.0,1.0,1.0,1.0,0.0,1.0,0.88889,0.5,0.8,1.0,1.0,0.5,0.5,0.5,1.0,1.0,0.5,0.5,0.5,0.0,0.0,1.0,1.0,1.0,1.0,0.09749,1.0,0.1,1.0,1.0,0.0,1.0,1.0,0.5,0.0,0.0,0.0,0.0,0.8,0.8,0.15336,0.7,0.63333,0.0,1.0,0.0,0.0,0.15,0.03,0.99551,0.0,0.91111,1.0,1.0,1.0,1.0,0.0,0.73757,1.0,0.11111,0.76946,0.62531,0.0,0.0,1.0,0.77778,1.0,0.0,1.0,1.0,0.5,0.5,0.5,1.0,1.0,0.5,0.5,0.5,0.0,0.0,1.0,1.0,1.0,1.0,0.09749,1.0,0.1,0.0,1.0,0.0,1.0,0.0,1.0
0.5,0.5,0.5,0.5,0.5,0.5,0.09855,0.4,0.23333,0.0,1.0,0.0,0.0,0.39,0.01,0.39954,0.0,0.93333,0.91111,1.0,1.0,0.5,0.0,0.0001,1.0,0.0,1.0,0.88862,0.6,0.0,0.96977,0.88889,0.5,1.0,1.0,1.0,0.5,0.5,0.5,1.0,1.0,0.5,0.5,0.5,0.24017,0.0,0.05,1.0,1.0,0.5,0.5,0.95,0.1,0.2,1.0,1.0,1.0,0.0,0.5,0.5,0.5,0.5,0.5,0.5,0.5,0.09855,0.4,0.23333,0.0,1.0,0.0,0.0,0.39,0.01,0.63037,0.0,0.93333,0.91111,1.0,1.0,0.5,1.0,0.9902,1.0,0.22222,1.0,0.77434,0.42857,0.0,0.95653,0.66667,0.5,1.0,1.0,1.0,0.5,0.5,0.5,1.0,1.0,0.5,0.5,0.5,1.0,0.0,0.0,1.0,1.0,0.5,0.5,1.0,0.0,0.0,1.0,1.0,1.0,0.28571,0.5,0.0,1.0,0.0,1.0,0.3,0.2,0.09855,0.4,0.23333,0.0,1.0,0.0,0.0,0.39,0.01,0.84509,0.0,0.93333,0.91111,1.0,1.0,0.62222,1.0,0.89909,1.0,0.11111,1.0,0.77434,0.5,0.0,0.9604,0.77778,0.44444,0.55,1.0,1.0,0.5,0.5,0.5,1.0,1.0,0.5,0.5,0.5,0.0,0.0,1.0,1.0,1.0,0.5,0.5,0.45,0.6,0.83333,0.8,1.0,1.0,0.16667,1.0,1.0,1.0,1.0,1.0,0.2,0.3,0.09855,0.4,0.23333,0.0,1.0,0.0,0.0,0.39,0.01,0.42955,0.0,0.93333,0.91111,1.0,1.0,0.64444,0.0,0.8302,1.0,0.11111,1.0,0.77434,0.5,0.0,0.9604,0.77778,0.22222,0.65,1.0,1.0,0.5,0.5,0.5,1.0,1.0,0.5,0.5,0.5,0.0,0.0,1.0,1.0,1.0,0.5,0.5,0.35,0.6,0.83333,0.8,1.0,1.0,0.16667,1.0,0.0,0.5,0.0,0.5,0.4,0.5,0.09855,0.4,0.23333,0.0,1.0,0.0,1.0,0.39,0.01,0.63037,0.0,0.93333,0.91111,1.0,1.0,0.93333,0.0,0.96432,1.0,0.11111,1.0,0.88862,0.5,0.0,0.96396,1.0,0.22222,0.7,1.0,1.0,0.5,0.5,0.5,1.0,1.0,0.5,0.5,0.5,0.0,0.0,1.0,1.0,1.0,0.5,0.5,0.3,0.5,1.0,1.0,1.0,1.0,0.0,1.0,0.5,0.5,0.5,0.5,0.5,0.5,0.09855,0.4,0.23333,0.0,1.0,0.0,0.0,0.39,0.01,0.86583,0.0,0.93333,0.91111,1.0,1.0,0.5,0.0,0.87152,1.0,0.11111,1.0,0.77434,0.5,0.0,0.9604,0.77778,0.5,0.3,1.0,1.0,0.5,0.5,0.5,1.0,1.0,0.5,0.5,0.5,0.0,0.0,1.0,1.0,1.0,0.5,0.5,0.7,0.4,0.5,0.66667,1.0,1.0,0.16667,0.5,0.5,0.5,0.5,0.5,0.5,0.5,0.09855,0.4,0.23333,0.0,1.0,0.0,0.0,0.39,0.01,0.95945,0.0,0.93333,0.91111,1.0,1.0,0.5,0.0,0.97082,1.0,0.11111,1.0,0.77434,0.5,0.0,0.9604,0.77778,0.5,0.15,1.0,1.0,0.5,0.5,0.5,1.0,1.0,0.5,0.5,0.5,0.0,0.0,1.0,1.0,1.0,0.5,0.5,0.85,0.4,0.5,0.66667,1.0,1.0,0.16667,0.5,0.5,0.5,0.5,0.5,0.5,0.5,0.09855,0.4,0.23333,0.0,1.0,0.0,0.0,0.39,0.01,0.63037,0.0,0.93333,0.91111,1.0,1.0,0.5,1.0,0.9902,1.0,0.22222,1.0,0.77434,0.42857,0.0,0.95653,0.66667,0.5,1.0,1.0,1.0,0.5,0.5,0.5,1.0,1.0,0.5,0.5,0.5,1.0,0.0,0.0,1.0,1.0,0.5,0.5,1.0,0.0,0.0,1.0,1.0,1.0,0.28571,0.5
1.0,0.5,1.0,0.5,0.8,0.5,0.15963,0.8,0.06667,0.0,1.0,0.0,1.0,0.16,0.0,0.5,0.5,0.95556,0.95556,1.0,1.0,0.95556,1.0,0.0001,1.0,0.0,1.0,1.0,1.0,0.0,1.0,1.0,0.88889,0.55,1.0,1.0,0.5,0.5,0.5,1.0,1.0,0.5,0.5,0.5,0.5,0.5,0.45,1.0,1.0,0.5,0.5,1.0,0.1,0.0,1.0,1.0,1.0,0.0,1.0,0.5,0.5,0.5,0.5,0.5,0.5,0.15963,0.8,0.06667,0.0,1.0,0.0,0.0,0.16,0.0,0.5,0.5,0.95556,0.95556,1.0,1.0,0.5,1.0,0.60054,0.85792,0.11111,1.0,1.0,1.0,1.0,1.0,0.88889,0.5,0.8,1.0,1.0,0.5,0.5,0.5,1.0,1.0,0.5,0.5,0.5,0.5,0.5,1.0,1.0,1.0,0.5,0.5,0.5,0.3,1.0,1.0,1.0,1.0,0.0,0.5,0.5,0.5,0.5,0.5,0.5,0.5,0.15963,0.8,0.06667,0.0,1.0,0.0,0.0,0.16,0.0,0.5,0.5,0.95556,0.95556,1.0,1.0,0.5,1.0,0.6447,1.0,0.11111,1.0,1.0,1.0,1.0,1.0,0.88889,0.5,0.8,1.0,1.0,0.5,0.5,0.5,1.0,1.0,0.5,0.5,0.5,0.5,0.5,1.0,1.0,1.0,0.5,0.5,0.6,0.3,1.0,1.0,1.0,1.0,0.0,0.5,0.5,0.5,0.5,0.5,0.5,0.5,0.15963,0.8,0.06667,0.0,1.0,0.0,0.0,0.16,0.0,0.5,0.5,0.95556,0.95556,1.0,1.0,0.5,1.0,0.56798,0.73763,0.22222,1.0,1.0,1.0,1.0,1.0,0.77778,0.5,0.65,1.0,1.0,0.5,0.5,0.5,1.0,1.0,0.5,0.5,0.5,0.5,0.5,1.0,1.0,1.0,0.5,0.5,0.8,0.2,1.0,1.0,1.0,1.0,0.0,0.5,0.5,0.5,0.5,0.5,0.5,0.5,0.15963,0.8,0.06667,0.0,1.0,0.0,0.0,0.16,0.0,0.5,0.5,0.95556,0.95556,1.0,1.0,0.5,1.0,0.69513,1.0,0.22222,1.0,1.0,1.0,1.0,1.0,0.77778,0.5,0.7,1.0,1.0,0.5,0.5,0.5,1.0,1.0,0.5,0.5,0.5,0.5,0.5,1.0,1.0,1.0,0.5,0.5,0.55,0.2,1.0,1.0,1.0,1.0,0.0,0.5,0.5,0.5,0.5,0.5,0.5,0.5,0.15963,0.8,0.06667,0.0,1.0,0.0,0.0,0.16,0.0,0.5,0.5,0.95556,0.95556,1.0,1.0,0.5,1.0,0.06517,0.09051,0.0,1.0,1.0,1.0,0.0,1.0,1.0,0.5,0.5,1.0,1.0,0.5,0.5,0.5,1.0,1.0,0.5,0.5,0.5,0.5,0.5,1.0,1.0,1.0,0.5,0.5,0.9,0.2,1.0,1.0,1.0,1.0,0.0,0.5,0.5,0.5,0.5,0.5,0.5,0.5,0.15963,0.8,0.06667,0.0,1.0,0.0,0.0,0.16,0.0,0.5,0.5,0.95556,0.95556,1.0,1.0,0.5,1.0,0.08512,0.1351,0.11111,1.0,1.0,1.0,0.0,1.0,0.88889,0.5,0.8,1.0,1.0,0.5,0.5,0.5,1.0,1.0,0.5,0.5,0.5,0.5,0.5,1.0,1.0,1.0,0.5,0.5,1.0,0.1,1.0,1.0,1.0,1.0,1.0,0.5,0.5,0.5,0.5,0.5,0.5,0.5,0.15963,0.8,0.06667,0.0,1.0,0.0,0.0,0.16,0.0,0.5,0.5,0.95556,0.95556,1.0,1.0,0.5,1.0,0.60054,0.85792,0.11111,1.0,1.0,1.0,1.0,1.0,0.88889,0.5,0.0,1.0,1.0,0.5,0.5,0.5,1.0,1.0,0.5,0.5,0.5,0.5,0.5,1.0,1.0,1.0,0.5,0.5,1.0,0.1,0.0,1.0,1.0,1.0,0.0,0.5
1.0,0.0,1.0,0.0,0.1,0.1,0.01448,0.1,0.26667,0.0,1.0,0.0,0.0,0.85,0.05,0.6467,0.0,1.0,1.0,1.0,1.0,0.8,1.0,0.30514,1.0,0.0,1.0,1.0,1.0,0.0,1.0,0.88889,0.0,1.0,0.7,0.6786,0.0,0.5,0.0,1.0,1.0,0.55291,1.0,0.64993,0.01668,0.0,0.0,1.0,1.0,0.15761,0.79397,1.0,0.0,0.0,1.0,0.0,1.0,0.0,1.0,0.0,0.5,0.0,0.5,0.1,0.5,0.01448,0.1,0.26667,0.0,1.0,0.0,1.0,0.85,0.05,0.75609,0.0,1.0,1.0,1.0,1.0,1.0,0.0,0.56611,0.80872,0.11111,0.27611,0.16017,0.0,0.0,1.0,1.0,1.0,1.0,0.7,0.6786,0.0,0.0,0.0,1.0,1.0,0.15761,0.79397,0.5,0.01668,0.0,0.0,1.0,1.0,0.15761,0.79397,1.0,0.0,0.0,1.0,0.0,1.0,0.0,1.0,0.0,0.0,0.0,0.0,0.1,0.1,0.01448,0.1,0.26667,0.0,1.0,0.0,0.0,0.85,0.05,0.87284,0.0,1.0,1.0,1.0,1.0,1.0,1.0,0.58467,1.0,0.11111,0.27611,0.16017,0.0,0.0,1.0,1.0,0.77778,0.0,0.7,0.6786,0.0,0.17825,1.0,1.0,1.0,0.5,0.5,0.5,0.0,0.0,1.0,1.0,1.0,0.15761,0.79397,1.0,0.1,0.0,1.0,0.0,1.0,0.0,1.0,0.5,0.5,0.5,0.5,0.5,0.5,0.01448,0.1,0.26667,0.0,1.0,0.0,0.0,0.85,0.05,0.6601,0.0,1.0,1.0,1.0,1.0,0.5,0.0,0.55997,0.72723,0.11111,0.27611,0.16017,0.0,0.0,1.0,1.0,0.5,0.0,0.7,0.6786,0.0,0.5,1.0,1.0,1.0,0.5,0.5,0.5,0.0,0.0,1.0,1.0,1.0,0.15761,0.79397,1.0,0.1,0.0,1.0,0.0,1.0,0.0,0.5,0.5,0.5,0.5,0.5,0.5,0.5,0.01448,0.1,0.26667,0.0,1.0,0.0,0.0,0.85,0.05,0.75609,0.0,1.0,1.0,1.0,1.0,0.5,0.0,0.61772,1.0,0.11111,0.27611,0.16017,0.0,0.0,1.0,1.0,0.5,0.0,0.7,0.6786,0.0,0.5,1.0,1.0,1.0,0.5,0.5,0.5,0.0,0.0,1.0,1.0,1.0,0.15761,0.79397,1.0,0.1,0.0,1.0,0.0,1.0,0.0,0.5,0.5,0.5,0.5,0.5,0.5,0.5,0.01448,0.1,0.26667,0.0,1.0,0.0,0.0,0.85,0.05,0.885,0.0,1.0,1.0,1.0,1.0,0.5,0.0,0.56423,0.78365,0.11111,0.27611,0.16017,0.0,0.0,1.0,1.0,0.5,0.15,0.7,0.6786,0.0,0.5,0.60718,1.0,1.0,0.5,0.5,0.5,0.0,0.0,1.0,1.0,1.0,0.15761,0.79397,0.85,0.2,1.0,1.0,1.0,1.0,0.0,0.5,0.0,1.0,0.0,1.0,0.1,0.1,0.01448,0.1,0.26667,0.0,1.0,0.0,0.0,0.85,0.05,0.94205,0.0,1.0,1.0,1.0,1.0,0.8,0.0,0.57364,0.91054,0.11111,0.27611,0.16017,0.0,1.0,1.0,1.0,0.11111,0.0,0.7,0.6786,0.0,0.5,0.60718,1.0,1.0,0.5,0.5,0.5,0.0,0.0,1.0,1.0,1.0,0.15761,0.79397,1.0,0.1,0.0,1.0,0.0,1.0,0.0,1.0,0.5,0.5,0.5,0.5,0.5,0.5,0.01448,0.1,0.26667,0.0,1.0,0.0,0.0,0.85,0.05,0.75609,0.0,1.0,1.0,1.0,1.0,0.5,0.0,0.56611,0.80872,0.11111,0.27611,0.16017,0.0,0.0,1.0,1.0,0.5,1.0,0.7,0.6786,0.0,0.5,0.0,1.0,1.0,0.5,0.5,0.5,0.01668,0.0,0.0,1.0,1.0,0.15761,0.79397,1.0,0.0,0.0,1.0,0.0,1.0,0.0,0.5
0.5,0.5,0.5,0.5,0.5,0.5,0.04161,0.3,0.53333,0.0,1.0,0.0,0.0,0.43,0.0,0.0,0.97976,1.0,1.0,1.0,1.0,0.5,0.0,0.0001,1.0,0.0,0.47518,0.24658,0.28571,0.0,0.97889,1.0,0.5,1.0,1.0,1.0,0.5,0.5,0.5,1.0,1.0,0.5,0.5,0.5,0.19517,0.0546,0.0,1.0,1.0,0.5,0.5,1.0,0.0,0.0,1.0,1.0,1.0,0.85714,0.5,1.0,0.5,1.0,0.5,0.3,0.5,0.04161,0.3,0.53333,0.0,1.0,0.0,1.0,0.43,0.0,0.0,0.97976,1.0,1.0,1.0,1.0,1.0,1.0,0.99829,1.0,0.0,0.47518,0.24658,0.28571,0.0,0.97889,1.0,1.0,0.8,1.0,1.0,0.5,0.5,0.5,1.0,1.0,0.5,0.5,0.5,0.0,0.0,1.0,1.0,1.0,0.5,0.5,0.2,0.7,0.85714,1.0,1.0,1.0,0.85714,1.0,1.0,1.0,0.0,1.0,0.2,0.2,0.04161,0.3,0.53333,0.0,1.0,0.0,0.0,0.43,0.0,0.0,0.97976,1.0,1.0,1.0,1.0,0.64444,0.0,0.85291,1.0,0.11111,0.45252,0.24658,0.33333,0.0,0.97442,0.88889,0.77778,0.8,1.0,1.0,0.5,0.5,0.5,1.0,1.0,0.5,0.5,0.5,0.08849,0.0072,0.6,1.0,1.0,0.5,0.5,0.6,0.5,0.66667,1.0,1.0,1.0,0.83333,1.0,0.5,0.5,0.5,0.5,0.5,0.5,0.04161,0.3,0.53333,0.0,1.0,0.0,0.0,0.43,0.0,0.0,0.97976,1.0,1.0,1.0,1.0,0.5,1.0,0.82786,1.0,0.11111,0.41999,0.24658,0.16667,0.0,0.98217,0.88889,0.5,0.65,1.0,1.0,0.5,0.5,0.5,1.0,1.0,0.5,0.5,0.5,0.0,0.0,1.0,1.0,1.0,0.5,0.5,0.35,0.6,0.83333,1.0,1.0,1.0,0.83333,0.5,0.5,0.5,0.5,0.5,0.5,0.5,0.04161,0.3,0.53333,0.0,1.0,0.0,0.0,0.43,0.0,0.0,0.97976,1.0,1.0,1.0,1.0,0.5,0.0,0.59433,1.0,0.11111,0.4414,0.24658,0.16667,0.0,0.98962,0.88889,0.5,0.7,1.0,1.0,0.5,0.5,0.5,1.0,1.0,0.5,0.5,0.5,0.0,0.0,1.0,1.0,1.0,0.5,0.5,0.3,0.6,0.83333,1.0,1.0,1.0,0.83333,0.5,0.5,0.5,0.5,0.5,0.5,0.5,0.04161,0.3,0.53333,0.0,1.0,0.0,0.0,0.43,0.0,0.0,0.97976,1.0,1.0,1.0,1.0,0.5,1.0,0.94683,1.0,0.0,0.47518,0.24658,0.28571,0.0,0.97889,1.0,0.5,0.5,1.0,1.0,0.5,0.5,0.5,1.0,1.0,0.5,0.5,0.5,0.0,0.0,1.0,1.0,1.0,0.5,0.5,0.5,0.7,0.85714,1.0,1.0,1.0,0.85714,0.5,1.0,1.0,1.0,1.0,0.2,0.3,0.04161,0.3,0.53333,0.0,1.0,0.0,0.0,0.43,0.0,0.0,0.97976,1.0,1.0,1.0,1.0,0.64444,0.0,0.78843,1.0,0.11111,0.41999,0.24658,0.16667,0.0,0.98217,0.88889,0.55556,0.8,1.0,1.0,0.5,0.5,0.5,1.0,1.0,0.5,0.5,0.5,0.0,0.0,1.0,1.0,1.0,0.5,0.5,0.2,0.7,1.0,0.83333,1.0,1.0,0.83333,1.0,0.5,0.5,0.5,0.5,0.5,0.5,0.04161,0.3,0.53333,0.0,1.0,0.0,0.0,0.43,0.0,0.0,0.97976,1.0,1.0,1.0,1.0,0.5,1.0,0.99829,1.0,0.0,0.47518,0.24658,0.28571,0.0,0.97889,1.0,0.5,0.0,1.0,1.0,0.5,0.5,0.5,1.0,1.0,0.5,0.5,0.5,0.0,0.0,1.0,1.0,1.0,0.5,0.5,1.0,0.1,0.0,1.0,1.0,1.0,0.85714,0.5
0.0,0.5,0.0,0.5,0.6,0.5,0.11149,0.6,0.06667,0.0,1.0,0.0,1.0,0.09,0.0,0.5,0.5,1.0,1.0,1.0,1.0,1.0,1.0,0.0001,1.0,0.0,1.0,1.0,1.0,0.0,1.0,1.0,1.0,0.5,1.0,1.0,0.5,0.5,0.5,1.0,1.0,0.5,0.5,0.5,0.5,0.5,0.75,1.0,1.0,0.5,0.5,1.0,0.1,1.0,1.0,1.0,1.0,1.0,1.0,0.5,0.5,0.5,0.5,0.5,0.5,0.11149,0.6,0.06667,0.0,1.0,0.0,0.0,0.09,0.0,0.5,0.5,1.0,1.0,1.0,1.0,0.5,1.0,0.53926,0.77037,0.11111,1.0,1.0,1.0,1.0,1.0,0.88889,0.5,0.8,1.0,1.0,0.5,0.5,0.5,1.0,1.0,0.5,0.5,0.5,0.5,0.5,1.0,1.0,1.0,0.5,0.5,0.7,0.2,1.0,1.0,1.0,1.0,0.0,0.5,0.5,0.5,0.5,0.5,0.5,0.5,0.11149,0.6,0.06667,0.0,1.0,0.0,0.0,0.09,0.0,0.5,0.5,1.0,1.0,1.0,1.0,0.5,1.0,0.55564,1.0,0.11111,1.0,1.0,1.0,1.0,1.0,0.88889,0.5,0.8,1.0,1.0,0.5,0.5,0.5,1.0,1.0,0.5,0.5,0.5,0.5,0.5,1.0,1.0,1.0,0.5,0.5,0.85,0.2,1.0,1.0,1.0,1.0,0.0,0.5,0.5,0.5,0.5,0.5,0.5,0.5,0.11149,0.6,0.06667,0.0,1.0,0.0,0.0,0.09,0.0,0.5,0.5,1.0,1.0,1.0,1.0,0.5,1.0,0.53434,0.69395,0.11111,1.0,1.0,1.0,1.0,1.0,0.88889,0.5,0.65,1.0,1.0,0.5,0.5,0.5,1.0,1.0,0.5,0.5,0.5,0.5,0.5,1.0,1.0,1.0,0.5,0.5,0.9,0.2,1.0,1.0,1.0,1.0,0.0,0.5,0.5,0.5,0.5,0.5,0.5,0.5,0.11149,0.6,0.06667,0.0,1.0,0.0,0.0,0.09,0.0,0.5,0.5,1.0,1.0,1.0,1.0,0.5,1.0,0.59014,1.0,0.11111,1.0,1.0,1.0,1.0,1.0,0.88889,0.5,0.7,1.0,1.0,0.5,0.5,0.5,1.0,1.0,0.5,0.5,0.5,0.5,0.5,1.0,1.0,1.0,0.5,0.5,0.7,0.2,1.0,1.0,1.0,1.0,0.0,0.5,0.5,0.5,0.5,0.5,0.5,0.5,0.11149,0.6,0.06667,0.0,1.0,0.0,0.0,0.09,0.0,0.5,0.5,1.0,1.0,1.0,1.0,0.5,1.0,0.53773,0.74684,0.11111,1.0,1.0,1.0,1.0,1.0,0.88889,0.5,0.5,1.0,1.0,0.5,0.5,0.5,1.0,1.0,0.5,0.5,0.5,0.5,0.5,1.0,1.0,1.0,0.5,0.5,0.85,0.2,1.0,1.0,1.0,1.0,0.0,0.5,0.5,0.5,0.5,0.5,0.5,0.5,0.11149,0.6,0.06667,0.0,1.0,0.0,0.0,0.09,0.0,0.5,0.5,1.0,1.0,1.0,1.0,0.5,1.0,0.03132,0.04971,0.0,1.0,1.0,1.0,0.0,1.0,1.0,0.5,0.8,1.0,1.0,0.5,0.5,0.5,1.0,1.0,0.5,0.5,0.5,0.5,0.5,1.0,1.0,1.0,0.5,0.5,1.0,0.1,1.0,1.0,1.0,1.0,1.0,0.5,0.5,0.5,0.5,0.5,0.5,0.5,0.11149,0.6,0.06667,0.0,1.0,0.0,0.0,0.09,0.0,0.5,0.5,1.0,1.0,1.0,1.0,0.5,1.0,0.53926,0.77037,0.11111,1.0,1.0,1.0,1.0,1.0,0.88889,0.5,0.0,1.0,1.0,0.5,0.5,0.5,1.0,1.0,0.5,0.5,0.5,0.5,0.5,1.0,1.0,1.0,0.5,0.5,1.0,0.1,0.0,1.0,1.0,1.0,0.0,0.5
1.0,0.0,1.0,0.0,0.9,0.9,0.00513,0.2,0.73333,0.0,1.0,0.0,0.0,0.16,0.03,0.9997,0.0,0.82222,0.93333,0.84444,0.91111,0.8,0.0,0.0001,1.0,0.0,0.07405,0.02532,0.5,0.0,0.78437,0.88889,0.77778,0.0,0.9,0.90527,0.0,0.5,0.0,1.0,1.0,0.5,0.5,0.5,0.0,0.02909,1.0,1.0,1.0,0.0,0.0,1.0,0.1,0.0,1.0,1.0,1.0,0.0,1.0,0.0,0.5,0.0,0.5,0.2,0.5,0.00513,0.2,0.73333,0.0,1.0,0.0,1.0,0.16,0.03,0.99695,0.0,0.77778,0.84444,0.84444,1.0,0.77778,1.0,0.58779,0.8397,0.11111,0.08047,0.02532,0.33333,0.0,0.90261,1.0,0.66667,0.0,0.9,0.90527,0.0,0.0,0.0,1.0,1.0,0.0,0.0,0.5,0.0,0.02909,1.0,1.0,1.0,0.0,0.0,1.0,0.1,0.0,1.0,1.0,1.0,0.0,1.0,0.0,0.0,0.0,0.0,0.2,0.2,0.00513,0.2,0.73333,0.0,1.0,0.0,0.0,0.16,0.03,0.0,0.96393,0.77778,0.82222,0.84444,1.0,0.73333,0.0,0.0001,0.00018,0.11111,1.0,1.0,1.0,0.0,0.68679,0.77778,0.55556,0.0,0.9,0.90527,0.0,0.5,0.38357,1.0,1.0,0.5,0.5,0.5,0.0,0.0,1.0,1.0,1.0,0.0,0.0,1.0,0.1,0.0,1.0,1.0,1.0,0.0,1.0,0.0,0.0,0.0,0.0,0.5,0.4,0.00513,0.2,0.73333,0.0,1.0,0.0,0.0,0.16,0.03,0.99913,0.0,0.82222,0.93333,0.84444,0.91111,0.62222,0.0,0.57534,0.74719,0.11111,0.08047,0.02532,0.33333,0.0,0.90261,1.0,0.44444,0.0,0.9,0.90527,0.0,0.5,0.38357,1.0,1.0,0.5,0.5,0.5,0.0,0.0,1.0,1.0,1.0,0.0,0.0,1.0,0.1,0.0,1.0,1.0,1.0,0.0,0.55556,0.0,0.0,0.0,0.0,0.2,0.2,0.00513,0.2,0.73333,0.0,1.0,0.0,0.0,0.16,0.03,0.99695,0.0,0.77778,0.84444,0.84444,1.0,0.73333,1.0,0.72464,1.0,0.11111,0.08047,0.02532,0.33333,0.0,0.90261,1.0,0.88889,0.0,0.9,0.90527,0.0,0.65109,0.38357,1.0,1.0,0.5,0.5,0.5,0.0,0.0,1.0,1.0,1.0,0.0,0.0,1.0,0.1,0.0,1.0,1.0,1.0,0.0,1.0,0.5,0.5,0.5,0.5,0.5,0.5,0.00513,0.2,0.73333,0.0,1.0,0.0,0.0,0.16,0.03,0.0,0.96832,0.77778,0.77778,0.84444,1.0,0.5,0.0,0.58389,0.81096,0.11111,0.08047,0.02532,0.33333,0.0,0.90261,1.0,0.5,0.0,0.9,0.90527,0.0,0.5,0.32603,1.0,1.0,0.5,0.5,0.5,0.0,0.0,1.0,1.0,1.0,0.0,0.0,1.0,0.1,0.0,1.0,1.0,1.0,0.0,0.5,0.0,1.0,0.0,0.0,0.3,0.3,0.00513,0.2,0.73333,0.0,1.0,0.0,0.0,0.16,0.03,0.0,0.9914,0.84444,0.84444,0.91111,0.93333,0.82222,0.0,0.10887,0.17281,0.11111,0.04939,0.02532,0.0,0.0,0.98707,0.77778,0.77778,0.0,0.9,0.90527,0.0,0.5,0.23014,1.0,1.0,0.5,0.5,0.5,0.0,0.00815,1.0,1.0,1.0,0.0,0.0,1.0,0.1,0.0,1.0,1.0,1.0,0.0,1.0,0.5,0.5,0.5,0.5,0.5,0.5,0.00513,0.2,0.73333,0.0,1.0,0.0,0.0,0.16,0.03,0.99695,0.0,0.77778,0.84444,0.84444,1.0,0.5,1.0,0.58779,0.8397,0.11111,0.08047,0.02532,0.33333,0.0,0.90261,1.0,0.5,0.0,0.9,0.90527,0.0,0.5,0.0,1.0,1.0,0.5,0.5,0.5,0.0,0.02909,1.0,1.0,1.0,0.0,0.0,1.0,0.1,0.0,1.0,1.0,1.0,0.0,0.5
1.0,1.0,1.0,1.0,0.7,0.7,0.10371,0.7,0.46667,0.0,1.0,0.0,0.0,0.26,0.06,0.99925,0.0,1.0,1.0,0.44444,1.0,0.8,0.0,0.0001,1.0,0.0,0.93693,0.42786,0.57143,0.0,0.91837,0.88889,0.88889,1.0,1.0,1.0,0.5,0.5,0.5,1.0,1.0,1.0,1.0,1.0,0.44584,0.0449,0.0,1.0,1.0,1.0,1.0,1.0,0.0,0.0,1.0,0.0,1.0,0.0,1.0,1.0,1.0,1.0,1.0,0.8,0.7,0.10371,0.7,0.46667,0.0,1.0,0.0,0.0,0.26,0.06,0.98771,0.0,1.0,1.0,0.44444,1.0,0.46667,0.0,0.9608,1.0,0.11111,0.99228,0.42786,0.66667,0.0,0.93515,1.0,0.55556,0.8,1.0,1.0,0.5,0.5,0.5,1.0,1.0,0.68023,1.0,1.0,0.0,0.0,1.0,1.0,1.0,1.0,1.0,0.3,0.5,0.66667,1.0,0.5,1.0,0.0,1.0,0.0,1.0,0.0,1.0,0.7,0.7,0.10371,0.7,0.46667,0.0,1.0,0.0,0.0,0.26,0.06,0.97813,0.0,1.0,1.0,0.64444,0.66667,0.6,0.0,0.83386,1.0,0.11111,1.0,0.6738,0.8,0.0,0.86722,0.66667,0.77778,0.8,1.0,1.0,0.5,0.5,0.5,1.0,1.0,0.5,0.5,0.5,1.0,0.03562,0.5,1.0,1.0,1.0,1.0,0.7,0.2,0.2,1.0,1.0,1.0,0.0,0.88889,1.0,1.0,1.0,1.0,0.7,0.7,0.10371,0.7,0.46667,0.0,1.0,0.0,0.0,0.26,0.06,0.9978,0.0,1.0,1.0,0.44444,1.0,0.53333,1.0,0.95391,1.0,0.11111,0.99228,0.42786,0.66667,0.0,0.93515,1.0,0.77778,0.65,1.0,1.0,0.5,0.5,0.5,1.0,1.0,0.5,0.5,0.5,0.0,0.0,1.0,1.0,1.0,1.0,1.0,0.55,0.5,0.66667,1.0,0.5,1.0,0.0,1.0,0.0,0.0,0.0,0.0,0.6,0.6,0.10371,0.7,0.46667,0.0,1.0,0.0,0.0,0.26,0.06,0.98771,0.0,1.0,1.0,0.44444,1.0,1.0,0.0,0.806,1.0,0.44444,1.0,1.0,1.0,0.0,0.95521,0.66667,0.77778,0.7,1.0,1.0,0.5,0.5,0.5,1.0,1.0,0.5,0.5,0.5,0.0,0.0,1.0,1.0,1.0,1.0,1.0,0.3,0.2,0.33333,1.0,1.0,1.0,0.0,1.0,0.5,0.5,0.5,0.5,0.5,0.5,0.10371,0.7,0.46667,0.0,1.0,0.0,0.0,0.26,0.06,0.98002,0.0,1.0,1.0,0.64444,0.66667,0.5,0.0,0.14494,0.20131,0.11111,1.0,1.0,1.0,0.0,0.8533,0.66667,0.5,0.5,1.0,1.0,0.5,0.5,0.5,1.0,1.0,0.5,0.5,0.5,0.82186,0.04051,0.55,1.0,1.0,1.0,1.0,0.95,0.2,0.33333,1.0,1.0,1.0,0.0,0.5,0.0,1.0,0.0,0.0,0.6,0.7,0.10371,0.7,0.46667,0.0,1.0,0.0,0.0,0.26,0.06,0.99294,0.0,0.82222,1.0,0.8,0.64444,0.82222,0.0,0.16735,0.26564,0.11111,1.0,1.0,1.0,0.0,0.94818,0.55556,1.0,0.8,1.0,1.0,0.5,0.5,0.5,1.0,1.0,0.5,0.5,0.5,0.0,0.0,1.0,1.0,1.0,1.0,1.0,0.25,0.3,1.0,0.5,1.0,1.0,0.0,0.77778,1.0,0.5,1.0,0.5,0.7,0.5,0.10371,0.7,0.46667,0.0,1.0,0.0,1.0,0.26,0.06,0.98771,0.0,1.0,1.0,0.44444,1.0,1.0,0.0,0.9608,1.0,0.11111,0.99228,0.42786,0.66667,0.0,0.93515,1.0,1.0,0.0,1.0,1.0,0.5,0.5,0.5,1.0,1.0,0.5,0.5,0.5,0.0,0.0,1.0,1.0,1.0,1.0,1.0,1.0,0.1,0.0,1.0,0.0,1.0,0.0,1.0
0.0,0.5,1.0,0.5,0.8,0.5,0.14197,0.8,0.06667,0.0,1.0,0.0,1.0,0.09,0.0,0.5,0.5,1.0,1.0,1.0,1.0,1.0,1.0,0.0001,1.0,0.0,1.0,1.0,1.0,0.0,1.0,1.0,1.0,1.0,1.0,1.0,0.5,0.5,0.5,1.0,1.0,0.5,0.5,0.5,0.5,0.5,0.0,1.0,1.0,0.5,0.5,1.0,0.0,0.0,1.0,1.0,1.0,1.0,1.0,0.5,0.5,0.5,0.5,0.5,0.5,0.14197,0.8,0.06667,0.0,1.0,0.0,0.0,0.09,0.0,0.5,0.5,1.0,1.0,1.0,1.0,0.5,1.0,0.55266,0.78952,0.11111,1.0,1.0,1.0,1.0,1.0,0.88889,0.5,0.8,1.0,1.0,0.5,0.5,0.5,1.0,1.0,0.5,0.5,0.5,0.5,0.5,1.0,1.0,1.0,0.5,0.5,0.75,0.2,1.0,1.0,1.0,1.0,0.0,0.5,0.5,0.5,0.5,0.5,0.5,0.5,0.14197,0.8,0.06667,0.0,1.0,0.0,0.0,0.09,0.0,0.5,0.5,1.0,1.0,1.0,1.0,0.5,1.0,0.57604,1.0,0.11111,1.0,1.0,1.0,1.0,1.0,0.88889,0.5,0.8,1.0,1.0,0.5,0.5,0.5,1.0,1.0,0.5,0.5,0.5,0.5,0.5,1.0,1.0,1.0,0.5,0.5,0.85,0.2,1.0,1.0,1.0,1.0,0.0,0.5,0.5,0.5,0.5,0.5,0.5,0.5,0.14197,0.8,0.06667,0.0,1.0,0.0,0.0,0.09,0.0,0.5,0.5,1.0,1.0,1.0,1.0,0.5,1.0,0.54573,0.70874,0.11111,1.0,1.0,1.0,1.0,1.0,0.88889,0.5,0.65,1.0,1.0,0.5,0.5,0.5,1.0,1.0,0.5,0.5,0.5,0.5,0.5,1.0,1.0,1.0,0.5,0.5,0.9,0.2,1.0,1.0,1.0,1.0,0.0,0.5,0.5,0.5,0.5,0.5,0.5,0.5,0.14197,0.8,0.06667,0.0,1.0,0.0,0.0,0.09,0.0,0.5,0.5,1.0,1.0,1.0,1.0,0.5,1.0,0.62626,1.0,0.11111,1.0,1.0,1.0,1.0,1.0,0.88889,0.5,0.7,1.0,1.0,0.5,0.5,0.5,1.0,1.0,0.5,0.5,0.5,0.5,0.5,1.0,1.0,1.0,0.5,0.5,0.75,0.2,1.0,1.0,1.0,1.0,0.0,0.5,0.5,0.5,0.5,0.5,0.5,0.5,0.14197,0.8,0.06667,0.0,1.0,0.0,0.0,0.09,0.0,0.5,0.5,1.0,1.0,1.0,1.0,0.5,1.0,0.5505,0.76458,0.11111,1.0,1.0,1.0,1.0,1.0,0.88889,0.5,0.5,1.0,1.0,0.5,0.5,0.5,1.0,1.0,0.5,0.5,0.5,0.5,0.5,1.0,1.0,1.0,0.5,0.5,0.85,0.2,1.0,1.0,1.0,1.0,0.0,0.5,0.5,0.5,0.5,0.5,0.5,0.5,0.14197,0.8,0.06667,0.0,1.0,0.0,0.0,0.09,0.0,0.5,0.5,1.0,1.0,1.0,1.0,0.5,1.0,0.05078,0.0806,0.0,1.0,1.0,1.0,0.0,1.0,1.0,0.5,0.8,1.0,1.0,0.5,0.5,0.5,1.0,1.0,0.5,0.5,0.5,0.5,0.5,1.0,1.0,1.0,0.5,0.5,1.0,0.1,1.0,1.0,1.0,1.0,1.0,0.5,0.5,0.5,0.5,0.5,0.5,0.5,0.14197,0.8,0.06667,0.0,1.0,0.0,0.0,0.09,0.0,0.5,0.5,1.0,1.0,1.0,1.0,0.5,1.0,0.55266,0.78952,0.11111,1.0,1.0,1.0,1.0,1.0,0.88889,0.5,0.0,1.0,1.0,0.5,0.5,0.5,1.0,1.0,0.5,0.5,0.5,0.5,0.5,1.0,1.0,1.0,0.5,0.5,1.0,0.1,0.0,1.0,1.0,1.0,0.0,0.5
0.5,0.5,0.5,0.5,0.5,0.5,0.09023,0.4,0.2,0.0,1.0,0.0,0.0,0.43,0.08,0.69774,0.0,1.0,1.0,0.88889,1.0,0.5,0.0,0.0001,1.0,0.0,1.0,0.75584,0.6,0.0,0.77899,0.88889,0.5,1.0,1.0,1.0,0.5,0.5,0.5,1.0,1.0,0.5,0.5,0.5,0.1703,0.07594,0.0,1.0,1.0,0.35043,0.61996,1.0,0.0,0.0,1.0,0.0,1.0,0.0,0.5,1.0,0.5,1.0,0.5,0.4,0.5,0.09023,0.4,0.2,0.0,1.0,0.0,1.0,0.43,0.08,0.77373,0.0,1.0,1.0,0.88889,1.0,1.0,0.0,0.9072,1.0,0.11111,1.0,0.65468,0.5,0.0,0.82173,1.0,1.0,0.8,1.0,1.0,0.5,0.5,0.5,1.0,1.0,0.35043,0.61996,0.5,0.0,0.07594,1.0,1.0,1.0,0.35043,0.61996,0.2,0.6,0.83333,1.0,0.6,1.0,0.0,1.0,0.0,1.0,0.0,0.0,0.4,0.4,0.09023,0.4,0.2,0.0,1.0,0.0,0.0,0.43,0.08,0.83815,0.0,1.0,1.0,0.88889,1.0,0.53333,0.0,0.77906,1.0,0.0,1.0,0.75584,0.6,0.0,0.77899,0.88889,0.66667,0.5,1.0,1.0,0.5,0.5,0.5,1.0,1.0,0.5,0.5,0.5,0.0,0.04994,1.0,1.0,1.0,0.35043,0.61996,0.5,0.4,0.6,1.0,0.66667,1.0,0.0,1.0,0.5,0.5,0.5,0.5,0.5,0.5,0.09023,0.4,0.2,0.0,1.0,0.0,0.0,0.43,0.08,0.70805,0.0,1.0,1.0,0.88889,1.0,0.5,0.0,0.84467,1.0,0.11111,1.0,0.65468,0.5,0.0,0.82173,1.0,0.5,0.6,1.0,1.0,0.5,0.5,0.5,1.0,1.0,0.5,0.5,0.5,0.0,0.0,1.0,1.0,1.0,0.35043,0.61996,0.4,0.5,0.66667,1.0,0.5,1.0,0.0,0.5,0.5,0.5,0.5,0.5,0.5,0.5,0.09023,0.4,0.2,0.0,1.0,0.0,0.0,0.43,0.08,0.77373,0.0,1.0,1.0,0.88889,1.0,0.5,1.0,0.95351,1.0,0.11111,1.0,0.75584,0.5,0.0,0.91648,0.77778,0.5,0.7,1.0,1.0,0.5,0.5,0.5,1.0,1.0,0.5,0.5,0.5,0.0,0.0,1.0,1.0,1.0,0.35043,0.61996,0.3,0.5,1.0,1.0,0.5,1.0,0.0,0.5,0.5,0.5,0.5,0.5,0.5,0.5,0.09023,0.4,0.2,0.0,1.0,0.0,0.0,0.43,0.08,0.84408,0.0,1.0,1.0,0.88889,1.0,0.5,0.0,0.34161,0.47446,0.11111,1.0,0.75584,0.5,0.0,0.91648,0.77778,0.5,0.25,1.0,1.0,0.5,0.5,0.5,1.0,1.0,0.5,0.5,0.5,0.0,0.16751,1.0,1.0,1.0,0.35043,0.61996,0.75,0.5,1.0,1.0,0.5,1.0,0.0,0.5,0.0,0.0,0.0,0.0,0.3,0.4,0.09023,0.4,0.2,0.0,1.0,0.0,0.0,0.43,0.08,0.87026,0.0,1.0,0.88889,1.0,0.88889,1.0,0.0,0.44619,0.70823,0.0,1.0,0.75584,0.5,0.0,0.91648,0.77778,1.0,0.05,1.0,1.0,0.5,0.27295,0.5,1.0,1.0,0.5,0.5,0.5,0.0,0.0,1.0,1.0,1.0,0.35043,0.61996,0.95,0.2,0.25,1.0,0.0,1.0,0.0,1.0,0.5,0.5,0.5,0.5,0.5,0.5,0.09023,0.4,0.2,0.0,1.0,0.0,0.0,0.43,0.08,0.77373,0.0,1.0,1.0,0.88889,1.0,0.5,0.0,0.9072,1.0,0.11111,1.0,0.65468,0.5,0.0,0.82173,1.0,0.5,0.0,1.0,1.0,0.5,0.5,0.5,1.0,1.0,0.5,0.5,0.5,0.0,0.07594,1.0,1.0,1.0,0.35043,0.61996,1.0,0.1,0.0,1.0,0.0,1.0,0.0,0.5
0.5,0.5,0.5,0.5,0.5,0.5,0.03392,0.2,0.26667,0.0,1.0,0.0,0.0,0.35,0.09,0.92493,0.0,1.0,1.0,0.88889,0.88889,0.5,0.0,0.0001,1.0,0.11111,0.4102,0.27483,0.0,0.0,0.78506,0.88889,0.5,1.0,0.8,0.70008,0.11029,0.5,0.0,1.0,1.0,0.5,0.5,0.5,0.0532,0.04988,0.0,1.0,1.0,0.35043,0.61996,1.0,0.0,0.0,1.0,0.0,1.0,0.75,0.5,1.0,1.0,1.0,1.0,0.4,0.4,0.03392,0.2,0.26667,0.0,1.0,0.0,0.0,0.35,0.09,0.93545,0.0,1.0,1.0,0.88889,0.88889,1.0,0.0,0.83527,1.0,0.22222,0.36644,0.23897,0.0,0.0,0.82852,0.77778,0.88889,1.0,0.8,0.70008,0.11029,0.5,0.13786,1.0,1.0,0.35043,0.61996,1.0,0.09309,0.0,0.0,1.0,1.0,0.35043,0.61996,1.0,0.0,0.0,1.0,0.0,1.0,0.6,1.0,0.0,1.0,0.0,0.0,0.4,0.4,0.03392,0.2,0.26667,0.0,1.0,0.0,0.0,0.35,0.09,0.94103,0.0,1.0,1.0,1.0,1.0,0.64444,1.0,0.90721,1.0,0.22222,0.34787,0.23897,0.0,1.0,0.98924,0.88889,0.33333,0.0,0.8,0.70008,0.11029,0.5,0.41358,1.0,1.0,0.5,0.5,0.5,0.0,0.0,1.0,1.0,1.0,0.35043,0.61996,1.0,0.1,0.0,1.0,0.0,1.0,0.75,1.0,0.5,0.5,0.5,0.5,0.5,0.5,0.03392,0.2,0.26667,0.0,1.0,0.0,0.0,0.35,0.09,0.92637,0.0,1.0,1.0,0.88889,0.88889,0.5,0.0,0.78531,1.0,0.22222,0.36644,0.23897,0.0,0.0,0.82852,0.77778,0.5,0.0,0.8,0.70008,0.11029,0.5,0.33086,1.0,1.0,0.5,0.5,0.5,0.0,0.0,1.0,1.0,1.0,0.35043,0.61996,1.0,0.1,0.0,1.0,0.0,1.0,0.6,0.5,0.5,0.5,0.5,0.5,0.5,0.5,0.03392,0.2,0.26667,0.0,1.0,0.0,0.0,0.35,0.09,0.93545,0.0,1.0,1.0,0.88889,0.88889,0.5,0.0,0.74636,1.0,0.22222,0.39259,0.27483,0.0,0.0,0.97137,1.0,0.5,0.0,0.8,0.70008,0.11029,0.5,0.22058,1.0,1.0,0.5,0.5,0.5,0.0,0.0,1.0,1.0,1.0,0.35043,0.61996,1.0,0.1,0.0,1.0,0.0,1.0,1.0,0.5,0.0,0.0,0.0,0.0,0.4,0.2,0.03392,0.2,0.26667,0.0,1.0,0.0,0.0,0.35,0.09,0.94047,0.0,1.0,1.0,1.0,1.0,0.88889,0.0,0.68415,0.9502,0.22222,0.4102,0.27483,0.0,0.0,0.78506,0.88889,0.77778,0.0,0.8,0.70008,0.11029,1.0,0.55144,1.0,1.0,0.5,0.5,0.5,0.0,0.0,1.0,1.0,1.0,0.35043,0.61996,1.0,0.1,0.0,1.0,0.0,1.0,0.75,1.0,0.0,0.5,0.0,0.5,0.2,0.5,0.03392,0.2,0.26667,0.0,1.0,0.0,1.0,0.35,0.09,0.94015,0.0,1.0,1.0,1.0,1.0,1.0,0.0,0.30538,0.48473,0.11111,0.39259,0.27483,0.0,0.0,0.97137,1.0,1.0,0.0,0.8,0.70008,0.11029,0.11029,0.11029,1.0,1.0,0.5,0.5,0.5,0.0,0.0,1.0,1.0,1.0,0.35043,0.61996,1.0,0.1,0.0,1.0,0.0,1.0,1.0,1.0,0.5,0.5,0.5,0.5,0.5,0.5,0.03392,0.2,0.26667,0.0,1.0,0.0,0.0,0.35,0.09,0.93545,0.0,1.0,1.0,0.88889,0.88889,0.5,0.0,0.83527,1.0,0.22222,0.36644,0.23897,0.0,0.0,0.82852,0.77778,0.5,1.0,0.8,0.70008,0.11029,0.5,0.55144,1.0,1.0,0.5,0.5,0.5,0.09309,0.0,0.0,1.0,1.0,0.35043,0.61996,1.0,0.0,0.0,1.0,0.0,1.0,0.6,0.5
0.5,0.5,0.5,0.5,0.5,0.5,0.01023,0.3,0.5,0.0,1.0,0.0,0.0,0.27,0.1,0.0,0.97659,1.0,1.0,1.0,1.0,0.5,0.0,0.0001,1.0,0.0,0.21092,0.09229,0.4,0.0,0.77638,0.88889,0.5,0.7,1.0,1.0,0.5,0.5,0.5,1.0,1.0,0.5,0.5,0.5,0.35291,0.00161,0.8,1.0,1.0,0.35043,0.61996,0.5,0.4,0.6,0.66667,0.66667,1.0,0.0,0.5,1.0,1.0,1.0,1.0,0.4,0.4,0.01023,0.3,0.5,0.0,1.0,0.0,0.0,0.27,0.1,0.98249,0.0,1.0,1.0,1.0,1.0,1.0,0.0,0.81459,1.0,0.11111,0.13866,0.04538,0.33333,0.0,0.81376,1.0,1.0,0.7,1.0,1.0,0.5,0.5,0.5,1.0,1.0,0.35043,0.61996,1.0,0.0,0.0,1.0,1.0,1.0,0.35043,0.61996,0.3,0.5,0.66667,0.75,0.75,1.0,0.0,1.0,0.0,1.0,0.0,0.0,0.4,0.4,0.01023,0.3,0.5,0.0,1.0,0.0,0.0,0.27,0.1,0.99185,0.0,1.0,1.0,1.0,1.0,0.53333,0.0,0.88008,1.0,0.11111,0.15449,0.0593,0.33333,0.0,0.76058,0.77778,0.55556,0.25,1.0,1.0,0.5,0.5,0.5,1.0,1.0,0.5,0.5,0.5,0.0,0.0,1.0,1.0,1.0,0.35043,0.61996,0.75,0.3,0.33333,1.0,1.0,1.0,0.0,1.0,0.5,0.5,0.5,0.5,0.5,0.5,0.01023,0.3,0.5,0.0,1.0,0.0,0.0,0.27,0.1,0.0,0.98467,1.0,1.0,1.0,1.0,0.5,0.0,0.7733,1.0,0.11111,0.13866,0.04538,0.33333,0.0,0.81376,1.0,0.5,0.4,1.0,1.0,0.5,0.5,0.5,1.0,1.0,0.5,0.5,0.5,0.0,0.0,1.0,1.0,1.0,0.35043,0.61996,0.6,0.4,0.5,0.66667,0.66667,1.0,0.0,0.5,0.0,0.0,0.0,0.0,0.3,0.3,0.01023,0.3,0.5,0.0,1.0,0.0,0.0,0.27,0.1,0.98249,0.0,1.0,1.0,1.0,1.0,0.88889,0.0,0.52982,1.0,0.11111,0.17658,0.09229,0.25,0.0,0.91645,0.77778,0.77778,0.6,1.0,1.0,0.5,0.51623,0.5,1.0,1.0,0.5,0.5,0.5,0.0,0.0,1.0,1.0,1.0,0.35043,0.61996,0.4,0.4,0.75,0.66667,0.66667,1.0,0.0,1.0,0.0,0.0,0.0,0.0,0.2,0.2,0.01023,0.3,0.5,0.0,1.0,0.0,0.0,0.27,0.1,0.99277,0.0,1.0,1.0,1.0,1.0,0.88889,0.0,0.16352,0.22712,0.11111,0.17658,0.09229,0.25,0.0,0.91645,0.77778,0.77778,0.0,1.0,1.0,0.5,1.0,0.5,1.0,1.0,0.5,0.5,0.5,0.0,0.0,1.0,1.0,1.0,0.35043,0.61996,1.0,0.1,0.0,1.0,0.0,1.0,0.0,1.0,0.0,0.0,0.0,0.0,0.3,0.3,0.01023,0.3,0.5,0.0,1.0,0.0,0.0,0.27,0.1,0.0,0.99815,1.0,1.0,1.0,1.0,1.0,0.0,0.21358,0.33902,0.11111,0.17658,0.09229,0.25,0.0,0.91645,0.77778,1.0,0.0,1.0,1.0,0.5,0.11029,0.5,1.0,1.0,0.5,0.5,0.5,0.0,0.0,1.0,1.0,1.0,0.35043,0.61996,1.0,0.1,0.0,1.0,0.0,1.0,0.0,1.0,0.0,0.5,0.0,0.5,0.3,0.5,0.01023,0.3,0.5,0.0,1.0,0.0,1.0,0.27,0.1,0.98249,0.0,1.0,1.0,1.0,1.0,1.0,0.0,0.81459,1.0,0.11111,0.13866,0.04538,0.33333,0.0,0.81376,1.0,1.0,0.0,1.0,1.0,0.5,0.5,0.5,1.0,1.0,0.5,0.5,0.5,0.0,0.0,1.0,1.0,1.0,0.35043,0.61996,1.0,0.1,0.0,1.0,0.0,1.0,0.0,1.0
0.5,0.5,0.5,0.5,0.5,0.5,0.00134,0.3,0.73333,0.0,1.0,0.0,0.0,0.21,0.09,0.97737,0.0,1.0,1.0,0.71111,0.71111,0.5,0.0,0.01809,1.0,0.0,1.0,1.0,1.0,0.0,1.0,0.77778,0.5,1.0,1.0,1.0,0.5,0.5,0.5,1.0,1.0,0.5,0.5,0.5,0.27872,0.04981,0.0,1.0,1.0,0.0,0.228,1.0,0.0,0.0,1.0,0.0,1.0,1.0,0.5,1.0,1.0,1.0,1.0,0.4,0.4,0.00134,0.3,0.73333,0.0,1.0,0.0,0.0,0.21,0.09,0.0,0.94021,0.71111,0.71111,0.91111,1.0,0.91111,0.0,0.80911,1.0,0.77778,0.00854,0.00479,0.0,0.0,0.9853,1.0,0.33333,0.05,1.0,1.0,0.5,0.5,0.5,1.0,1.0,0.35043,0.61996,1.0,0.0,0.0,1.0,1.0,1.0,0.0,0.228,0.95,0.2,0.5,1.0,1.0,1.0,0.0,1.0,0.0,1.0,0.0,0.0,0.4,0.4,0.00134,0.3,0.73333,0.0,1.0,0.0,0.0,0.21,0.09,0.0,0.92819,0.93333,1.0,1.0,0.91111,0.53333,0.0,0.73577,1.0,0.11111,0.03017,0.00707,0.33333,0.0,0.77136,0.33333,0.77778,0.0,1.0,1.0,0.5,0.5,0.5,1.0,1.0,0.5,0.5,0.5,0.0,0.0,1.0,1.0,1.0,0.0,0.228,1.0,0.1,0.0,1.0,0.0,1.0,0.0,1.0,0.0,0.0,0.0,0.0,0.3,0.3,0.00134,0.3,0.73333,0.0,1.0,0.0,0.0,0.21,0.09,0.98573,0.0,1.0,1.0,0.71111,0.71111,0.71111,0.0,0.52807,0.68581,0.11111,0.06054,0.03122,0.0,1.0,1.0,0.66667,0.44444,0.0,1.0,1.0,0.5,0.97044,0.5,1.0,1.0,0.5,0.5,0.5,0.0,0.0,1.0,1.0,1.0,0.0,0.228,1.0,0.1,0.0,1.0,0.0,1.0,0.0,1.0,0.0,0.0,0.0,0.0,0.3,0.3,0.00134,0.3,0.73333,0.0,1.0,0.0,0.0,0.21,0.09,0.0,0.94021,0.71111,0.71111,0.91111,1.0,0.8,1.0,0.98622,1.0,0.77778,0.00988,0.00535,0.0,0.0,0.88438,0.55556,0.33333,0.0,1.0,1.0,0.5,0.51623,0.5,1.0,1.0,0.5,0.5,0.5,0.0,0.0,1.0,1.0,1.0,0.0,0.228,1.0,0.1,0.0,1.0,0.0,1.0,0.0,1.0,0.0,0.0,0.0,0.0,0.3,0.3,0.00134,0.3,0.73333,0.0,1.0,0.0,0.0,0.21,0.09,0.0,0.93093,1.0,1.0,1.0,0.91111,1.0,0.0,0.8705,1.0,1.0,0.00765,0.00479,0.0,0.0,0.9539,0.77778,0.11111,0.0,1.0,1.0,0.5,1.0,0.5,1.0,1.0,0.5,0.5,0.5,0.0,0.0,1.0,1.0,1.0,0.0,0.228,1.0,0.1,0.0,1.0,0.0,1.0,0.0,1.0,0.0,0.0,0.0,0.0,0.3,0.3,0.00134,0.3,0.73333,0.0,1.0,0.0,0.0,0.21,0.09,0.0,0.94259,1.0,1.0,1.0,0.91111,1.0,0.0,0.03742,0.05939,0.11111,0.05549,0.03007,0.25,0.0,0.92733,0.33333,1.0,0.0,1.0,1.0,0.5,0.41825,0.5,1.0,1.0,0.0,0.228,0.34044,0.0,0.0,1.0,1.0,1.0,0.0,0.228,1.0,0.1,0.0,1.0,0.0,1.0,0.0,1.0,0.0,0.5,0.0,0.5,0.3,0.5,0.00134,0.3,0.73333,0.0,1.0,0.0,1.0,0.21,0.09,0.0,0.94021,0.71111,0.71111,0.91111,1.0,0.71111,0.0,0.80911,1.0,0.77778,0.00854,0.00479,0.0,0.0,0.9853,1.0,0.66667,0.0,1.0,1.0,0.5,0.56744,0.5,1.0,1.0,0.5,0.5,0.5,0.0,0.0,1.0,1.0,1.0,0.0,0.228,1.0,0.1,0.0,1.0,0.0,1.0,0.0,1.0
0.5,0.5,0.5,0.5,0.5,0.5,0.00128,0.3,0.76667,0.0,1.0,0.0,0.0,0.21,0.1,0.98071,0.0,1.0,1.0,0.46667,0.71111,0.5,0.0,0.01638,1.0,0.0,1.0,1.0,1.0,0.0,1.0,0.55556,0.5,0.7,1.0,1.0,0.5,0.5,0.5,1.0,1.0,0.5,0.5,0.5,0.1898,0.04544,0.3,1.0,1.0,0.0,0.228,1.0,0.1,1.0,1.0,0.0,1.0,1.0,0.5,1.0,1.0,1.0,1.0,0.4,0.4,0.00128,0.3,0.76667,0.0,1.0,0.0,0.0,0.21,0.1,0.0,0.95584,1.0,0.71111,0.93333,0.91111,0.91111,1.0,0.84566,1.0,0.77778,0.00754,0.00411,0.0,0.0,0.98242,0.77778,0.33333,0.5,1.0,1.0,0.5,0.5,0.5,1.0,1.0,0.35043,0.61996,1.0,0.0,0.0,1.0,1.0,1.0,0.0,0.228,0.5,0.2,0.5,1.0,1.0,1.0,0.0,1.0,0.0,1.0,0.0,0.0,0.4,0.4,0.00128,0.3,0.76667,0.0,1.0,0.0,0.0,0.21,0.1,0.0,0.96134,1.0,1.0,0.93333,1.0,0.53333,0.0,0.72357,1.0,0.11111,0.03087,0.00652,0.33333,0.0,0.77141,0.11111,0.77778,0.0,1.0,1.0,0.5,0.5,0.5,1.0,1.0,0.5,0.5,0.5,0.0,0.0,1.0,1.0,1.0,0.0,0.228,1.0,0.1,0.0,1.0,0.0,1.0,0.0,1.0,0.0,0.0,0.0,0.0,0.3,0.3,0.00128,0.3,0.76667,0.0,1.0,0.0,0.0,0.21,0.1,0.98717,0.0,1.0,1.0,0.46667,0.71111,0.71111,1.0,0.70278,0.9127,0.11111,0.00818,0.00411,0.0,0.0,1.0,0.66667,0.66667,0.35,1.0,1.0,0.5,0.97044,0.5,1.0,1.0,0.5,0.5,0.5,0.0,0.0,1.0,1.0,1.0,0.0,0.228,0.65,0.2,1.0,1.0,1.0,1.0,0.0,1.0,0.0,0.0,0.0,0.0,0.3,0.3,0.00128,0.3,0.76667,0.0,1.0,0.0,0.0,0.21,0.1,0.0,0.95584,1.0,0.71111,0.93333,0.91111,0.8,1.0,0.99899,1.0,0.77778,0.00962,0.00496,0.0,0.0,0.88705,0.77778,0.33333,0.05,1.0,1.0,0.5,0.51623,0.5,1.0,1.0,0.5,0.5,0.5,0.0,0.0,1.0,1.0,1.0,0.0,0.228,0.95,0.2,0.5,1.0,0.0,1.0,0.0,1.0,0.0,0.5,0.0,0.5,0.3,0.5,0.00128,0.3,0.76667,0.0,1.0,0.0,1.0,0.21,0.1,0.0,0.96031,1.0,1.0,0.93333,1.0,1.0,0.0,0.85282,1.0,1.0,0.00705,0.00411,0.0,0.0,0.95469,1.0,1.0,0.0,1.0,1.0,0.5,1.0,0.5,1.0,1.0,0.5,0.5,0.5,0.0,0.0,1.0,1.0,1.0,0.0,0.228,1.0,0.1,0.0,1.0,0.0,1.0,0.0,1.0,0.0,0.0,0.0,0.0,0.3,0.3,0.00128,0.3,0.76667,0.0,1.0,0.0,0.0,0.21,0.1,0.0,0.95599,1.0,1.0,1.0,1.0,1.0,0.0,0.02215,0.03516,0.11111,0.06875,0.03613,0.25,0.0,0.92746,0.11111,1.0,0.0,1.0,1.0,0.5,0.41825,0.5,1.0,1.0,0.0,0.228,0.34044,0.0,0.0,1.0,1.0,1.0,0.0,0.228,1.0,0.1,0.0,1.0,0.0,1.0,0.0,1.0,0.0,0.0,0.0,0.0,0.3,0.3,0.00128,0.3,0.76667,0.0,1.0,0.0,0.0,0.21,0.1,0.0,0.95584,1.0,0.71111,0.93333,0.91111,0.71111,1.0,0.84566,1.0,0.77778,0.00754,0.00411,0.0,0.0,0.98242,0.77778,0.66667,0.0,1.0,1.0,0.5,0.56744,0.5,1.0,1.0,0.5,0.5,0.5,0.0,0.0,1.0,1.0,1.0,0.0,0.228,1.0,0.1,0.0,1.0,0.0,1.0,0.0,1.0
0.5,0.5,0.5,0.5,0.5,0.5,0.00137,0.3,0.83333,0.0,1.0,0.0,0.0,0.18,0.09,0.97147,0.0,1.0,1.0,0.68889,0.68889,0.5,1.0,0.01879,1.0,0.0,1.0,1.0,1.0,0.0,1.0,0.66667,0.5,1.0,1.0,1.0,0.5,0.5,0.5,1.0,1.0,0.5,0.5,0.5,0.01187,0.07021,0.0,1.0,1.0,0.0,0.228,1.0,0.0,0.0,1.0,0.0,1.0,1.0,0.5,1.0,1.0,1.0,1.0,0.4,0.4,0.00137,0.3,0.83333,0.0,1.0,0.0,0.0,0.18,0.09,0.0,0.97581,1.0,1.0,0.93333,0.93333,0.91111,1.0,0.90375,1.0,0.77778,0.00718,0.0038,0.0,0.0,0.9778,0.88889,0.33333,1.0,1.0,1.0,0.5,0.5,0.5,1.0,1.0,0.35043,0.61996,1.0,0.01187,0.07021,0.0,0.0,1.0,0.0,0.228,1.0,0.0,0.0,1.0,0.0,1.0,0.0,1.0,0.0,1.0,0.0,0.0,0.4,0.4,0.00137,0.3,0.83333,0.0,1.0,0.0,0.0,0.18,0.09,0.0,0.97542,1.0,1.0,0.93333,0.93333,0.53333,0.0,0.70958,1.0,0.11111,0.03785,0.0065,0.33333,0.0,0.7714,0.22222,0.77778,0.0,1.0,1.0,0.5,0.5,0.5,1.0,1.0,0.5,0.5,0.5,0.0,0.0,1.0,0.0,0.0,0.0,0.228,1.0,0.1,0.0,1.0,0.0,1.0,0.0,1.0,0.0,0.0,0.0,0.0,0.3,0.3,0.00137,0.3,0.83333,0.0,1.0,0.0,0.0,0.18,0.09,0.97592,0.0,1.0,1.0,0.68889,0.68889,0.71111,1.0,0.73467,0.95411,0.11111,0.00757,0.0038,0.0,0.0,1.0,0.77778,0.66667,0.5,1.0,1.0,0.5,0.97044,0.5,1.0,1.0,0.5,0.5,0.5,0.0,0.0,1.0,1.0,1.0,0.0,0.228,0.5,0.2,1.0,1.0,1.0,1.0,0.0,1.0,0.0,0.0,0.0,0.0,0.3,0.3,0.00137,0.3,0.83333,0.0,1.0,0.0,0.0,0.18,0.09,0.0,0.97581,1.0,1.0,0.93333,0.93333,0.8,0.0,0.98224,1.0,0.77778,0.01062,0.00506,0.0,0.0,0.88987,0.66667,0.33333,0.1,1.0,1.0,0.5,0.51623,0.5,1.0,1.0,0.5,0.5,0.5,0.0,0.0,1.0,0.0,1.0,0.0,0.228,0.9,0.2,0.5,1.0,0.0,1.0,0.0,1.0,1.0,1.0,1.0,1.0,0.3,0.3,0.00137,0.3,0.83333,0.0,1.0,0.0,0.0,0.18,0.09,0.0,0.97059,1.0,1.0,0.93333,0.93333,1.0,0.0,0.82438,1.0,1.0,0.00715,0.0038,0.0,0.0,0.95966,0.88889,1.0,0.0,1.0,1.0,0.5,1.0,0.5,1.0,1.0,0.5,0.5,0.5,0.0,0.0,1.0,0.0,1.0,0.0,0.228,1.0,0.1,0.0,1.0,0.0,1.0,0.0,1.0,1.0,0.5,1.0,0.5,0.3,0.5,0.00137,0.3,0.83333,0.0,1.0,0.0,1.0,0.18,0.09,0.0,0.95014,0.93333,0.93333,1.0,1.0,0.93333,1.0,0.81887,1.0,0.88889,0.0065,0.0038,0.0,0.0,0.97709,1.0,0.88889,0.2,1.0,1.0,0.5,0.41825,0.5,1.0,1.0,0.0,0.228,0.34044,0.0,0.00855,1.0,0.0,1.0,0.0,0.228,0.8,0.3,0.66667,1.0,0.5,1.0,0.0,1.0,0.0,0.0,0.0,0.0,0.3,0.3,0.00137,0.3,0.83333,0.0,1.0,0.0,0.0,0.18,0.09,0.0,0.97581,1.0,1.0,0.93333,0.93333,0.71111,1.0,0.90375,1.0,0.77778,0.00718,0.0038,0.0,0.0,0.9778,0.88889,0.66667,1.0,1.0,1.0,0.5,0.56744,0.5,1.0,1.0,0.5,0.5,0.5,0.01187,0.07021,0.0,0.0,1.0,0.0,0.228,1.0,0.0,0.0,1.0,0.0,1.0,0.0,1.0
0.5,0.5,0.5,0.5,0.5,0.5,0.00134,0.4,0.9,0.0,1.0,0.0,0.0,0.15,0.1,0.0,0.73745,0.64444,1.0,0.48889,0.6,0.5,0.0,0.0001,1.0,0.0,0.01284,0.0043,0.5,0.0,0.66667,0.77778,0.5,0.95,1.0,1.0,0.5,0.5,0.5,1.0,1.0,0.5,0.5,0.5,0.38469,0.01278,0.6,1.0,1.0,0.0,0.228,0.45,0.2,0.5,1.0,0.0,1.0,0.0,0.5,1.0,1.0,1.0,1.0,0.4,0.4,0.00134,0.4,0.9,0.0,1.0,0.0,0.0,0.15,0.1,0.0,0.90062,0.6,1.0,0.75556,1.0,0.75556,0.0,0.88314,1.0,0.88889,0.0078,0.00405,0.25,0.0,0.78359,1.0,0.33333,0.8,1.0,1.0,0.5,0.5,0.5,1.0,1.0,0.35043,0.61996,1.0,0.0,0.0,1.0,1.0,1.0,0.0,0.228,0.2,0.3,0.5,1.0,0.5,1.0,0.0,1.0,0.0,1.0,0.0,0.0,0.4,0.4,0.00134,0.4,0.9,0.0,1.0,0.0,0.0,0.15,0.1,0.0,0.92466,0.75556,1.0,0.75556,1.0,0.64444,1.0,0.70651,1.0,0.88889,0.0078,0.00405,0.25,0.0,0.78359,1.0,0.33333,0.65,1.0,1.0,0.5,0.5,0.5,1.0,1.0,0.5,0.5,0.5,1.0,0.0,0.95,1.0,1.0,0.0,0.228,0.4,0.3,0.5,1.0,0.5,1.0,0.0,1.0,0.0,0.0,0.0,0.0,0.3,0.3,0.00134,0.4,0.9,0.0,1.0,0.0,0.0,0.15,0.1,0.0,0.74303,0.6,1.0,0.75556,1.0,0.75556,1.0,0.94121,1.0,0.88889,0.0078,0.00405,0.25,0.0,0.78359,1.0,0.77778,0.65,1.0,1.0,0.5,0.97044,0.5,1.0,1.0,0.5,0.5,0.5,0.0,0.0,1.0,1.0,1.0,0.0,0.228,0.35,0.3,0.5,1.0,0.5,1.0,0.0,1.0,0.0,0.0,0.0,0.0,0.3,0.3,0.00134,0.4,0.9,0.0,1.0,0.0,0.0,0.15,0.1,0.0,0.90062,0.6,1.0,0.75556,1.0,0.68889,0.0,0.94405,1.0,0.11111,0.02241,0.00405,0.4,0.0,0.94426,0.22222,0.66667,0.0,1.0,1.0,0.5,0.51623,0.5,1.0,1.0,0.5,0.5,0.5,0.0,0.0,1.0,1.0,1.0,0.0,0.228,1.0,0.1,0.0,1.0,0.0,1.0,0.0,1.0,1.0,1.0,0.0,0.0,0.4,0.4,0.00134,0.4,0.9,0.0,1.0,0.0,0.0,0.15,0.1,0.0,0.92452,0.75556,1.0,0.75556,1.0,0.75556,1.0,0.90092,1.0,0.88889,0.0078,0.00405,0.25,0.0,0.78359,1.0,0.77778,0.0,1.0,1.0,0.5,1.0,0.5,1.0,1.0,0.5,0.5,0.5,0.0,0.0,1.0,1.0,1.0,0.0,0.228,1.0,0.1,0.0,1.0,0.0,1.0,0.0,1.0,1.0,1.0,1.0,1.0,0.3,0.4,0.00134,0.4,0.9,0.0,1.0,0.0,0.0,0.15,0.1,0.0,0.9239,0.93333,0.82222,0.93333,0.82222,0.93333,1.0,0.81174,1.0,0.88889,0.00624,0.00405,0.0,0.0,0.97183,0.88889,0.88889,0.4,1.0,1.0,0.5,0.41825,0.5,1.0,1.0,0.0,0.228,1.0,0.0,0.0,1.0,1.0,1.0,0.0,0.228,0.6,0.3,0.66667,1.0,0.5,1.0,0.0,1.0,0.0,0.5,0.0,0.5,0.4,0.5,0.00134,0.4,0.9,0.0,1.0,0.0,1.0,0.15,0.1,0.0,0.90062,0.6,1.0,0.75556,1.0,0.6,0.0,0.88314,1.0,0.88889,0.0078,0.00405,0.25,0.0,0.78359,1.0,0.66667,0.0,1.0,1.0,0.5,0.56744,0.5,1.0,1.0,0.5,0.5,0.5,0.0,0.0,1.0,1.0,1.0,0.0,0.228,1.0,0.1,0.0,1.0,0.0,1.0,0.0,1.0
0.5,0.5,0.5,0.5,0.5,0.5,0.00129,0.4,0.93333,0.0,1.0,0.0,0.0,0.15,0.07,0.0,0.80637,0.55556,1.0,0.82222,0.68889,0.5,1.0,0.29461,1.0,0.0,0.44434,0.1023,0.75,0.0,0.74001,0.33333,0.5,1.0,1.0,1.0,0.5,0.5,0.5,1.0,1.0,0.5,0.5,0.5,0.27598,0.02046,0.6,1.0,1.0,0.0,0.228,0.7,0.1,0.25,1.0,0.0,1.0,0.0,0.5,1.0,1.0,1.0,1.0,0.4,0.4,0.00129,0.4,0.93333,0.0,1.0,0.0,0.0,0.15,0.07,0.0,0.94123,1.0,1.0,0.82222,1.0,0.75556,1.0,0.88368,1.0,0.88889,0.00754,0.00374,0.25,0.0,0.78322,1.0,0.33333,0.8,1.0,1.0,0.5,0.5,0.5,1.0,1.0,0.35043,0.61996,1.0,0.0,0.0,1.0,1.0,1.0,0.0,0.228,0.2,0.3,0.5,1.0,0.5,1.0,0.0,1.0,0.0,1.0,0.0,0.0,0.4,0.4,0.00129,0.4,0.93333,0.0,1.0,0.0,0.0,0.15,0.07,0.0,0.9538,1.0,1.0,0.82222,1.0,0.64444,1.0,0.71,1.0,0.88889,0.00754,0.00374,0.25,0.0,0.78322,1.0,0.33333,0.7,1.0,1.0,0.5,0.5,0.5,1.0,1.0,0.5,0.5,0.5,0.2487,0.03203,1.0,1.0,1.0,0.0,0.228,0.3,0.3,0.5,1.0,0.5,1.0,0.0,1.0,0.0,0.0,0.0,0.0,0.3,0.3,0.00129,0.4,0.93333,0.0,1.0,0.0,0.0,0.15,0.07,0.0,0.82452,0.68889,1.0,0.82222,0.68889,0.75556,0.0,0.93879,1.0,0.88889,0.00751,0.00374,0.0,0.0,0.97777,0.77778,0.77778,0.0,1.0,1.0,0.5,0.97044,0.5,1.0,1.0,0.5,0.5,0.5,0.0,0.0,1.0,1.0,1.0,0.0,0.228,1.0,0.1,0.0,1.0,0.0,1.0,0.0,1.0,0.0,0.0,0.0,0.0,0.3,0.3,0.00129,0.4,0.93333,0.0,1.0,0.0,0.0,0.15,0.07,0.0,0.94123,1.0,1.0,0.82222,1.0,0.68889,1.0,0.95422,1.0,0.11111,0.02129,0.00374,0.4,0.0,0.9443,0.22222,0.66667,0.0,1.0,1.0,0.5,0.51623,0.5,1.0,1.0,0.5,0.5,0.5,0.0,0.0,1.0,1.0,1.0,0.0,0.228,1.0,0.1,0.0,1.0,0.0,1.0,0.0,1.0,0.0,0.5,0.0,0.5,0.4,0.5,0.00129,0.4,0.93333,0.0,1.0,0.0,1.0,0.15,0.07,0.0,0.95375,1.0,1.0,0.82222,1.0,1.0,1.0,0.90124,1.0,0.88889,0.00754,0.00374,0.25,0.0,0.78322,1.0,1.0,0.0,1.0,1.0,0.5,1.0,0.5,1.0,1.0,0.5,0.5,0.5,0.0,0.0,1.0,1.0,1.0,0.0,0.228,1.0,0.1,0.0,1.0,0.0,1.0,0.0,1.0,1.0,1.0,1.0,1.0,0.3,0.4,0.00129,0.4,0.93333,0.0,1.0,0.0,0.0,0.15,0.07,0.0,0.95353,0.82222,1.0,0.82222,1.0,0.75556,0.0,0.00086,0.00136,0.11111,0.28821,0.1023,0.33333,0.0,1.0,0.22222,0.22222,0.0,1.0,1.0,0.5,0.41825,0.5,1.0,1.0,0.0,0.228,1.0,0.0,0.0,1.0,1.0,1.0,0.0,0.228,1.0,0.1,0.0,1.0,0.0,1.0,0.0,1.0,0.0,0.0,0.0,0.0,0.4,0.4,0.00129,0.4,0.93333,0.0,1.0,0.0,0.0,0.15,0.07,0.0,0.94123,1.0,1.0,0.82222,1.0,0.6,1.0,0.88368,1.0,0.88889,0.00754,0.00374,0.25,0.0,0.78322,1.0,0.66667,0.0,1.0,1.0,0.5,0.56744,0.5,1.0,1.0,0.5,0.5,0.5,0.0,0.0,1.0,1.0,1.0,0.0,0.228,1.0,0.1,0.0,1.0,0.0,1.0,0.0,1.0
1.0,1.0,1.0,1.0,0.6,0.6,0.05412,0.46667,0.23333,0.0,0.0,0.66667,0.0,0.60444,0.01333,0.64704,0.0,1.0,1.0,1.0,1.0,0.86667,0.0,0.0001,1.0,0.0,1.0,1.0,1.0,0.0,1.0,0.92857,0.0,1.0,0.86667,0.85487,0.46626,0.5,0.0,1.0,1.0,1.0,1.0,1.0,0.56435,0.09789,0.0,1.0,1.0,1.0,1.0,1.0,0.0,0.0,1.0,0.0,1.0,1.0,1.0,0.0,0.0,0.0,0.0,0.53333,0.46667,0.05412,0.46667,0.23333,0.0,0.0,0.66667,0.0,0.60444,0.01333,0.76155,0.0,1.0,1.0,1.0,1.0,0.49524,1.0,0.53896,0.76994,0.07143,1.0,1.0,1.0,0.0,1.0,0.85714,0.28571,1.0,0.86667,0.85487,0.46626,0.5,0.32638,1.0,1.0,0.5,0.5,0.5,0.34,0.0,0.0,1.0,1.0,1.0,1.0,1.0,0.0,0.0,1.0,0.0,1.0,0.0,1.0,0.0,0.0,0.0,0.0,0.6,0.46667,0.05412,0.46667,0.23333,0.0,0.0,0.66667,0.0,0.60444,0.01333,0.88343,0.0,1.0,1.0,1.0,1.0,1.0,1.0,0.55152,1.0,0.07143,1.0,1.0,1.0,0.0,1.0,0.85714,0.85714,0.3,0.86667,0.85487,0.46626,1.0,0.32638,1.0,1.0,0.5,0.5,0.5,0.0,0.0,1.0,1.0,1.0,1.0,1.0,0.7,0.13333,1.0,1.0,1.0,1.0,0.0,0.71429,0.5,0.5,0.5,0.5,0.5,0.5,0.05412,0.46667,0.23333,0.0,0.0,0.66667,0.0,0.60444,0.01333,0.66107,0.0,1.0,1.0,1.0,1.0,0.5,1.0,0.60236,0.78228,0.07143,0.54714,0.37659,0.0,0.0,1.0,0.85714,0.5,0.06667,0.86667,0.85487,0.46626,0.5,0.51288,1.0,1.0,0.5,0.5,0.5,0.0,0.0,1.0,1.0,1.0,1.0,1.0,0.93333,0.13333,1.0,1.0,1.0,1.0,0.0,0.5,0.5,0.5,0.5,0.5,0.5,0.5,0.05412,0.46667,0.23333,0.0,0.0,0.66667,0.0,0.60444,0.01333,0.76155,0.0,1.0,1.0,1.0,1.0,0.5,1.0,0.71312,1.0,0.07143,0.54714,0.37659,0.0,0.0,1.0,0.85714,0.5,0.3,0.86667,0.85487,0.46626,0.5,0.41963,1.0,1.0,0.5,0.5,0.5,0.0,0.0,1.0,1.0,1.0,1.0,1.0,0.7,0.13333,1.0,1.0,1.0,1.0,0.0,0.5,0.5,0.5,0.5,0.5,0.5,0.5,0.05412,0.46667,0.23333,0.0,0.0,0.66667,0.0,0.60444,0.01333,0.89611,0.0,1.0,1.0,1.0,1.0,0.5,0.0,0.52579,0.73027,0.07143,1.0,1.0,1.0,0.0,0.84332,0.85714,0.5,0.5,0.86667,0.85487,0.46626,0.5,0.69938,1.0,1.0,0.5,0.5,0.5,0.0,0.0,1.0,1.0,1.0,1.0,1.0,0.66667,0.13333,1.0,0.0,1.0,1.0,0.0,0.5,0.0,0.5,0.0,0.5,0.46667,0.5,0.05412,0.46667,0.23333,0.0,0.0,0.66667,1.0,0.60444,0.01333,0.95553,0.0,1.0,1.0,1.0,1.0,1.0,0.0,0.5619,0.89191,0.07143,0.88972,0.80135,0.0,0.0,1.0,1.0,0.85714,0.8,0.86667,0.85487,0.46626,0.46626,0.27975,1.0,1.0,0.5,0.5,0.5,0.0,0.0,1.0,1.0,1.0,1.0,1.0,0.3,0.13333,1.0,1.0,1.0,1.0,0.0,0.64286,0.5,0.5,0.5,0.5,0.5,0.5,0.05412,0.46667,0.23333,0.0,0.0,0.66667,0.0,0.60444,0.01333,0.76155,0.0,1.0,1.0,1.0,1.0,0.5,1.0,0.53896,0.76994,0.07143,1.0,1.0,1.0,0.0,1.0,0.85714,0.5,1.0,0.86667,0.85487,0.46626,0.5,1.0,1.0,1.0,0.5,0.5,0.5,0.34,0.0,0.0,1.0,1.0,1.0,1.0,1.0,0.0,0.0,1.0,0.0,1.0,0.0,0.5
1.0,0.5,1.0,0.5,0.93333,0.5,0.1241,0.93333,0.06667,0.0,0.0,0.66667,1.0,0.06222,0.0,0.5,0.5,0.99048,1.0,1.0,1.0,0.99048,1.0,0.0001,1.0,0.0,1.0,1.0,1.0,0.0,1.0,1.0,1.0,0.5,1.0,1.0,0.5,0.5,0.5,1.0,1.0,0.5,0.5,0.5,0.5,0.5,0.63333,1.0,1.0,0.5,0.5,1.0,0.06667,1.0,1.0,1.0,1.0,1.0,1.0,0.5,0.5,0.5,0.5,0.5,0.5,0.1241,0.93333,0.06667,0.0,0.0,0.66667,0.0,0.06222,0.0,0.5,0.5,0.99048,1.0,1.0,1.0,0.5,1.0,0.54098,0.77283,0.07143,1.0,1.0,1.0,1.0,1.0,0.92857,0.5,0.8,1.0,1.0,0.5,0.5,0.5,1.0,1.0,0.5,0.5,0.5,0.5,0.5,1.0,1.0,1.0,0.5,0.5,0.76667,0.13333,1.0,1.0,1.0,1.0,0.0,0.5,0.5,0.5,0.5,0.5,0.5,0.5,0.1241,0.93333,0.06667,0.0,0.0,0.66667,0.0,0.06222,0.0,0.5,0.5,0.99048,1.0,1.0,1.0,0.5,1.0,0.55893,1.0,0.07143,1.0,1.0,1.0,1.0,1.0,0.92857,0.5,0.8,1.0,1.0,0.5,0.5,0.5,1.0,1.0,0.5,0.5,0.5,0.5,0.5,1.0,1.0,1.0,0.5,0.5,0.86667,0.13333,1.0,1.0,1.0,1.0,0.0,0.5,0.5,0.5,0.5,0.5,0.5,0.5,0.1241,0.93333,0.06667,0.0,0.0,0.66667,0.0,0.06222,0.0,0.5,0.5,0.99048,1.0,1.0,1.0,0.5,1.0,0.58882,0.7647,0.07143,1.0,1.0,1.0,1.0,1.0,0.92857,0.5,0.63333,1.0,1.0,0.5,0.5,0.5,1.0,1.0,0.5,0.5,0.5,0.5,0.5,1.0,1.0,1.0,0.5,0.5,0.7,0.13333,1.0,1.0,1.0,1.0,0.0,0.5,0.5,0.5,0.5,0.5,0.5,0.5,0.1241,0.93333,0.06667,0.0,0.0,0.66667,0.0,0.06222,0.0,0.5,0.5,0.99048,1.0,1.0,1.0,0.5,1.0,0.59733,1.0,0.07143,1.0,1.0,1.0,1.0,1.0,0.92857,0.5,0.7,1.0,1.0,0.5,0.5,0.5,1.0,1.0,0.5,0.5,0.5,0.5,0.5,1.0,1.0,1.0,0.5,0.5,0.76667,0.13333,1.0,1.0,1.0,1.0,0.0,0.5,0.5,0.5,0.5,0.5,0.5,0.5,0.1241,0.93333,0.06667,0.0,0.0,0.66667,0.0,0.06222,0.0,0.5,0.5,0.99048,1.0,1.0,1.0,0.5,1.0,0.02971,0.04126,0.0,1.0,1.0,1.0,0.0,1.0,1.0,0.5,0.5,1.0,1.0,0.5,0.5,0.5,1.0,1.0,0.5,0.5,0.5,0.5,0.5,1.0,1.0,1.0,0.5,0.5,1.0,0.06667,1.0,1.0,1.0,1.0,1.0,0.5,0.5,0.5,0.5,0.5,0.5,0.5,0.1241,0.93333,0.06667,0.0,0.0,0.66667,0.0,0.06222,0.0,0.5,0.5,0.99048,1.0,1.0,1.0,0.5,1.0,0.0388,0.06159,0.0,1.0,1.0,1.0,0.0,1.0,1.0,0.5,0.8,1.0,1.0,0.5,0.5,0.5,1.0,1.0,0.5,0.5,0.5,0.5,0.5,1.0,1.0,1.0,0.5,0.5,1.0,0.06667,1.0,1.0,1.0,1.0,1.0,0.5,0.5,0.5,0.5,0.5,0.5,0.5,0.1241,0.93333,0.06667,0.0,0.0,0.66667,0.0,0.06222,0.0,0.5,0.5,0.99048,1.0,1.0,1.0,0.5,1.0,0.54098,0.77283,0.07143,1.0,1.0,1.0,1.0,1.0,0.92857,0.5,0.0,1.0,1.0,0.5,0.5,0.5,1.0,1.0,0.5,0.5,0.5,0.5,0.5,1.0,1.0,1.0,0.5,0.5,1.0,0.06667,0.0,1.0,1.0,1.0,0.0,0.5
1.0,0.0,1.0,0.0,1.0,0.93333,0.11357,0.8,0.23333,0.0,0.0,0.66667,0.0,0.19556,0.03111,0.81292,0.0,1.0,1.0,0.91429,1.0,0.62857,0.0,0.0001,1.0,0.0,0.9973,0.80854,0.25,0.0,0.95138,0.92857,0.71429,1.0,1.0,1.0,0.5,0.5,0.5,1.0,1.0,0.5,0.5,0.5,0.41882,0.06804,0.1,1.0,1.0,0.5,0.5,0.9,0.13333,0.5,1.0,1.0,1.0,0.25,1.0,0.0,1.0,0.0,1.0,0.8,0.8,0.11357,0.8,0.23333,0.0,0.0,0.66667,0.0,0.19556,0.03111,0.84782,0.0,1.0,1.0,0.91429,1.0,0.79048,1.0,0.90581,1.0,0.07143,1.0,0.80854,0.4,0.0,0.95788,0.85714,0.92857,0.8,1.0,1.0,0.5,0.5,0.5,1.0,1.0,0.5,0.5,0.5,0.0,0.0,1.0,1.0,1.0,0.5,0.5,0.2,0.33333,0.8,1.0,1.0,1.0,0.2,1.0,0.0,0.0,0.0,0.0,0.86667,0.8,0.11357,0.8,0.23333,0.0,0.0,0.66667,0.0,0.19556,0.03111,0.87738,0.0,1.0,1.0,0.91429,1.0,0.53333,0.0,0.9308,1.0,0.07143,1.0,0.80854,0.4,0.0,0.87864,0.85714,0.71429,0.8,1.0,1.0,0.5,0.5,0.5,1.0,1.0,0.5,0.5,0.5,0.19034,0.01714,0.6,1.0,1.0,0.5,0.5,0.93333,0.13333,0.2,1.0,0.0,1.0,0.2,1.0,1.0,0.5,1.0,0.5,0.8,0.5,0.11357,0.8,0.23333,0.0,0.0,0.66667,1.0,0.19556,0.03111,0.81766,0.0,1.0,1.0,0.91429,1.0,1.0,1.0,0.88182,1.0,0.07143,1.0,0.80854,0.4,0.0,0.95643,1.0,1.0,0.63333,1.0,1.0,0.5,0.5,0.5,1.0,1.0,0.5,0.5,0.5,0.0,0.0,1.0,1.0,1.0,0.5,0.5,0.4,0.2,0.4,1.0,1.0,1.0,0.2,0.92857,0.5,0.5,0.5,0.5,0.5,0.5,0.11357,0.8,0.23333,0.0,0.0,0.66667,0.0,0.19556,0.03111,0.84782,0.0,1.0,1.0,0.91429,1.0,0.5,0.0,0.81157,1.0,0.14286,1.0,0.91465,0.5,0.0,0.93518,0.78571,0.5,0.7,1.0,1.0,0.5,0.5,0.5,1.0,1.0,0.5,0.5,0.5,0.0,0.0,1.0,1.0,1.0,0.5,0.5,0.3,0.2,1.0,1.0,1.0,1.0,0.5,0.5,0.5,0.5,0.5,0.5,0.5,0.5,0.11357,0.8,0.23333,0.0,0.0,0.66667,0.0,0.19556,0.03111,0.8801,0.0,1.0,1.0,0.91429,1.0,0.5,1.0,0.62535,0.86855,0.0,0.9973,0.80854,0.25,0.0,0.95138,0.92857,0.5,0.5,1.0,1.0,0.5,0.5,0.5,1.0,1.0,0.5,0.5,0.5,0.0,0.0,1.0,1.0,1.0,0.5,0.5,0.5,0.26667,0.75,1.0,1.0,1.0,0.25,0.5,0.5,0.5,0.5,0.5,0.5,0.5,0.11357,0.8,0.23333,0.0,0.0,0.66667,0.0,0.19556,0.03111,0.89382,0.0,1.0,1.0,1.0,0.91429,0.5,1.0,0.81679,1.0,0.0,0.9973,0.80854,0.25,0.0,0.95138,0.92857,0.5,0.8,1.0,1.0,0.5,0.5,0.5,1.0,1.0,0.5,0.5,0.5,0.0,0.0,1.0,1.0,1.0,0.5,0.5,0.2,0.33333,1.0,0.75,1.0,1.0,0.25,0.5,0.5,0.5,0.5,0.5,0.5,0.5,0.11357,0.8,0.23333,0.0,0.0,0.66667,0.0,0.19556,0.03111,0.84782,0.0,1.0,1.0,0.91429,1.0,0.5,1.0,0.90581,1.0,0.07143,1.0,0.80854,0.4,0.0,0.95788,0.85714,0.5,0.0,1.0,1.0,0.5,0.5,0.5,1.0,1.0,0.5,0.5,0.5,0.0,0.0,1.0,1.0,1.0,0.5,0.5,1.0,0.06667,0.0,1.0,1.0,1.0,0.2,0.5
1.0,1.0,1.0,1.0,0.66667,0.4,0.01186,0.06667,0.43333,0.0,0.0,0.66667,0.0,0.85778,0.03111,0.99757,0.0,1.0,1.0,1.0,1.0,0.13333,1.0,0.66234,1.0,0.0,1.0,1.0,1.0,0.0,1.0,0.92857,1.0,1.0,0.73333,0.70231,0.23915,0.5,0.0,1.0,1.0,0.5,0.5,0.5,0.039,0.32751,0.0,1.0,1.0,0.32378,0.78922,1.0,0.0,0.0,1.0,0.0,1.0,1.0,1.0,0.5,0.5,0.5,0.5,0.5,0.5,0.01186,0.06667,0.43333,0.0,0.0,0.66667,0.0,0.85778,0.03111,0.9594,0.0,1.0,1.0,1.0,1.0,0.5,1.0,0.55022,0.78603,0.07143,0.29361,0.17206,0.0,0.0,1.0,1.0,0.5,1.0,0.73333,0.70231,0.23915,0.5,0.23915,1.0,1.0,0.5,0.5,0.5,0.04005,0.0,0.0,1.0,1.0,0.32378,0.78922,1.0,0.0,0.0,1.0,0.0,1.0,1.0,0.5,0.0,0.5,0.0,0.5,0.06667,0.5,0.01186,0.06667,0.43333,0.0,0.0,0.66667,1.0,0.85778,0.03111,0.99783,0.0,1.0,1.0,1.0,1.0,1.0,1.0,0.56425,1.0,0.07143,0.29361,0.17206,0.0,0.0,1.0,1.0,1.0,0.0,0.73333,0.70231,0.23915,0.23915,0.23915,1.0,1.0,0.32378,0.78922,0.37238,0.0,0.0,1.0,1.0,1.0,0.32378,0.78922,1.0,0.06667,0.0,1.0,0.0,1.0,1.0,1.0,0.5,0.5,0.5,0.5,0.5,0.5,0.01186,0.06667,0.43333,0.0,0.0,0.66667,0.0,0.85778,0.03111,0.99286,0.0,1.0,1.0,1.0,1.0,0.5,1.0,0.54557,0.70854,0.07143,0.29361,0.17206,0.0,0.0,1.0,1.0,0.5,0.0,0.73333,0.70231,0.23915,0.5,0.23915,1.0,1.0,0.5,0.5,0.5,0.0,0.0,1.0,1.0,1.0,0.32378,0.78922,1.0,0.06667,0.0,1.0,0.0,1.0,1.0,0.5,0.0,0.0,0.0,0.0,0.4,0.4,0.01186,0.06667,0.43333,0.0,0.0,0.66667,0.0,0.85778,0.03111,0.9594,0.0,1.0,1.0,1.0,1.0,0.86667,1.0,0.58917,1.0,0.07143,0.29361,0.17206,0.0,0.0,1.0,1.0,0.64286,0.0,0.73333,0.70231,0.23915,0.5,0.23915,1.0,1.0,0.5,0.5,0.5,0.0,0.0,1.0,1.0,1.0,0.32378,0.78922,1.0,0.06667,0.0,1.0,0.0,1.0,1.0,1.0,0.5,0.5,0.5,0.5,0.5,0.5,0.01186,0.06667,0.43333,0.0,0.0,0.66667,0.0,0.85778,0.03111,0.99772,0.0,1.0,1.0,1.0,1.0,0.5,1.0,0.5488,0.76222,0.07143,0.29361,0.17206,0.0,0.0,1.0,1.0,0.5,0.0,0.73333,0.70231,0.23915,0.5,0.27595,1.0,1.0,0.5,0.5,0.5,0.0,0.0,1.0,1.0,1.0,0.32378,0.78922,1.0,0.06667,0.0,1.0,0.0,1.0,1.0,0.5,0.0,0.0,0.0,0.0,0.06667,0.06667,0.01186,0.06667,0.43333,0.0,0.0,0.66667,0.0,0.85778,0.03111,0.9972,0.0,1.0,1.0,1.0,1.0,1.0,1.0,0.55592,0.88241,0.07143,0.29361,0.17206,0.0,1.0,1.0,1.0,1.0,0.0,0.73333,0.70231,0.23915,0.5,0.22076,1.0,1.0,0.19258,0.39471,0.92042,0.0,0.0,1.0,1.0,1.0,0.32378,0.78922,1.0,0.06667,0.0,1.0,0.0,1.0,1.0,1.0,1.0,0.0,0.0,0.0,0.13333,0.13333,0.01186,0.06667,0.43333,0.0,0.0,0.66667,0.0,0.85778,0.03111,0.9594,0.0,1.0,1.0,1.0,1.0,1.0,1.0,0.55022,0.78603,0.07143,0.29361,0.17206,0.0,0.0,1.0,1.0,1.0,1.0,0.73333,0.70231,0.23915,1.0,0.55189,1.0,1.0,0.5,0.5,0.5,0.04005,0.0,0.0,1.0,1.0,0.32378,0.78922,1.0,0.0,0.0,1.0,0.0,1.0,1.0,1.0
1.0,0.0,1.0,0.0,0.53333,0.26667,0.04952,0.26667,0.46667,0.0,0.0,0.66667,0.0,0.42222,0.04444,0.64915,0.0,1.0,1.0,1.0,1.0,1.0,0.0,0.0001,1.0,0.0,0.73418,0.50824,0.0,0.0,0.98473,0.92857,1.0,1.0,0.86667,0.83757,0.39718,0.5,0.0,1.0,1.0,0.86877,1.0,0.91002,0.20093,0.12731,0.0,1.0,1.0,0.50777,0.75184,1.0,0.0,0.0,1.0,0.0,1.0,0.0,1.0,0.0,0.5,0.0,0.5,0.26667,0.5,0.04952,0.26667,0.46667,0.0,0.0,0.66667,1.0,0.42222,0.04444,0.78066,0.0,1.0,1.0,1.0,1.0,1.0,0.0,0.65294,0.93277,0.07143,0.79854,0.50824,0.2,0.0,0.97115,1.0,1.0,1.0,0.86667,0.83757,0.39718,0.39718,0.39718,1.0,1.0,0.50777,0.75184,0.5,0.19776,0.06907,0.0,1.0,1.0,0.50777,0.75184,1.0,0.0,0.0,1.0,0.0,1.0,0.0,1.0,0.0,0.0,0.0,0.0,0.26667,0.26667,0.04952,0.26667,0.46667,0.0,0.0,0.66667,0.0,0.42222,0.04444,0.8935,0.0,1.0,1.0,1.0,1.0,1.0,0.0,0.73909,1.0,0.07143,0.79854,0.50824,0.2,0.0,0.97115,1.0,1.0,0.23333,0.86667,0.83757,0.39718,0.20822,0.83408,1.0,1.0,0.5,0.5,0.5,0.0365,0.0,0.76667,1.0,1.0,0.50777,0.75184,1.0,0.06667,0.0,1.0,0.0,1.0,0.0,1.0,1.0,1.0,1.0,1.0,0.4,0.4,0.04952,0.26667,0.46667,0.0,0.0,0.66667,0.0,0.42222,0.04444,0.66689,0.0,1.0,1.0,1.0,1.0,1.0,0.0,0.62845,0.81617,0.07143,0.79854,0.50824,0.2,0.0,0.97115,1.0,0.85714,0.16667,0.86667,0.83757,0.39718,0.5,1.0,1.0,1.0,0.5,0.5,0.5,0.0,0.0,1.0,1.0,1.0,0.50777,0.75184,0.83333,0.33333,0.8,1.0,0.5,1.0,0.0,1.0,0.5,0.5,0.5,0.5,0.5,0.5,0.04952,0.26667,0.46667,0.0,0.0,0.66667,0.0,0.42222,0.04444,0.78066,0.0,1.0,1.0,1.0,1.0,0.5,0.0,0.93571,1.0,0.07143,0.79854,0.50824,0.2,0.0,0.97115,1.0,0.5,0.23333,0.86667,0.83757,0.39718,0.5,0.83408,1.0,1.0,0.5,0.5,0.5,0.0,0.0,1.0,1.0,1.0,0.50777,0.75184,0.76667,0.4,1.0,1.0,0.6,1.0,0.0,0.5,0.5,0.5,0.5,0.5,0.5,0.5,0.04952,0.26667,0.46667,0.0,0.0,0.66667,0.0,0.42222,0.04444,0.90395,0.0,1.0,1.0,1.0,1.0,0.5,0.0,0.64523,0.89615,0.07143,0.79854,0.50824,0.2,0.0,0.97115,1.0,0.5,0.5,0.86667,0.83757,0.39718,0.5,0.59577,1.0,1.0,0.5,0.5,0.5,0.0,0.0,1.0,1.0,1.0,0.50777,0.75184,0.5,0.4,1.0,1.0,0.6,1.0,0.0,0.5,0.5,0.5,0.5,0.5,0.5,0.5,0.04952,0.26667,0.46667,0.0,0.0,0.66667,0.0,0.42222,0.04444,0.95021,0.0,1.0,1.0,1.0,1.0,0.5,0.0,0.68574,1.0,0.07143,0.79854,0.50824,0.2,0.0,0.97115,1.0,0.5,0.4,0.86667,0.83757,0.39718,0.5,0.63549,1.0,1.0,0.5,0.5,0.5,0.05161,0.0,0.6,1.0,1.0,0.50777,0.75184,1.0,0.06667,0.0,1.0,0.0,1.0,0.0,0.5,0.5,0.5,0.5,0.5,0.5,0.5,0.04952,0.26667,0.46667,0.0,0.0,0.66667,0.0,0.42222,0.04444,0.78066,0.0,1.0,1.0,1.0,1.0,0.5,0.0,0.65294,0.93277,0.07143,0.79854,0.50824,0.2,0.0,0.97115,1.0,0.5,1.0,0.86667,0.83757,0.39718,0.5,0.39718,1.0,1.0,0.5,0.5,0.5,0.19776,0.06907,0.0,1.0,1.0,0.50777,0.75184,1.0,0.0,0.0,1.0,0.0,1.0,0.0,0.5
0.0,0.5,0.0,0.5,0.2,0.5,0.02456,0.2,0.46667,0.0,0.0,0.66667,1.0,0.05778,0.00889,0.99967,0.0,0.99048,0.99048,0.99048,1.0,0.99048,0.0,0.0001,1.0,0.0,1.0,1.0,1.0,0.0,1.0,1.0,1.0,1.0,1.0,1.0,0.5,0.5,0.5,1.0,1.0,1.0,0.09689,0.5,0.0,0.00378,1.0,1.0,1.0,1.0,0.09689,1.0,0.0,0.0,1.0,0.0,1.0,0.0,0.42857,0.5,0.5,0.5,0.5,0.5,0.5,0.02456,0.2,0.46667,0.0,0.0,0.66667,0.0,0.05778,0.00889,0.99555,0.0,0.99048,0.99048,0.99048,1.0,0.5,1.0,0.53209,0.76012,0.07143,0.7317,0.57691,0.0,0.0,1.0,0.92857,0.5,0.8,1.0,1.0,0.5,0.5,0.5,1.0,1.0,0.5,0.5,0.5,0.0,0.0,1.0,1.0,1.0,1.0,0.09689,0.2,0.13333,1.0,1.0,1.0,1.0,0.0,0.5,0.0,0.0,0.0,0.0,0.53333,0.53333,0.02456,0.2,0.46667,0.0,0.0,0.66667,0.0,0.05778,0.00889,0.99271,0.0,0.99048,0.99048,0.99048,1.0,0.98095,1.0,0.54142,0.9844,0.07143,0.7317,0.57691,0.0,0.0,1.0,0.92857,0.78571,0.8,1.0,1.0,0.5,0.5,0.5,1.0,1.0,1.0,0.4368,0.87797,0.0,0.00378,1.0,1.0,1.0,1.0,0.09689,0.2,0.13333,1.0,1.0,1.0,1.0,0.0,1.0,0.0,0.0,0.0,0.0,0.6,0.53333,0.02456,0.2,0.46667,0.0,0.0,0.66667,0.0,0.05778,0.00889,0.99905,0.0,0.99048,0.99048,0.99048,1.0,0.98095,1.0,0.52903,0.68705,0.07143,0.7317,0.57691,0.0,0.0,1.0,0.92857,0.78571,0.63333,1.0,1.0,0.5,0.5,0.5,1.0,1.0,0.5,0.5,0.5,0.0,0.0,1.0,1.0,1.0,1.0,0.09689,0.36667,0.13333,1.0,1.0,1.0,1.0,0.0,0.64286,0.5,0.5,0.5,0.5,0.5,0.5,0.02456,0.2,0.46667,0.0,0.0,0.66667,0.0,0.05778,0.00889,0.99555,0.0,0.99048,0.99048,0.99048,1.0,0.5,1.0,0.59977,1.0,0.07143,0.49944,0.33283,0.0,0.0,1.0,0.92857,0.5,0.7,1.0,1.0,0.5,0.5,0.5,1.0,1.0,0.5,0.5,0.5,0.0,0.0,1.0,1.0,1.0,1.0,0.09689,0.3,0.13333,1.0,1.0,1.0,1.0,0.0,0.5,0.5,0.5,0.5,0.5,0.5,0.5,0.02456,0.2,0.46667,0.0,0.0,0.66667,0.0,0.05778,0.00889,0.99248,0.0,0.99048,0.99048,0.99048,1.0,0.5,1.0,0.53115,0.73771,0.07143,0.7317,0.57691,0.0,0.0,1.0,0.92857,0.5,0.5,1.0,1.0,0.5,0.5,0.5,1.0,1.0,0.5,0.5,0.5,0.0,0.0,1.0,1.0,1.0,1.0,0.09689,0.5,0.13333,1.0,1.0,1.0,1.0,0.0,0.5,0.0,0.0,0.0,0.0,0.2,0.2,0.02456,0.2,0.46667,0.0,0.0,0.66667,0.0,0.05778,0.00889,0.99147,0.0,0.99048,0.99048,0.99048,1.0,0.98095,1.0,0.5616,0.89143,0.07143,0.49944,0.33283,0.0,0.0,1.0,0.92857,0.92857,0.8,1.0,1.0,0.5,0.5,0.5,1.0,1.0,0.5,0.5,0.5,0.0,0.0,1.0,1.0,1.0,1.0,0.09689,0.2,0.13333,1.0,1.0,1.0,1.0,0.0,0.42857,0.0,0.0,0.0,0.0,0.53333,0.26667,0.02456,0.2,0.46667,0.0,0.0,0.66667,0.0,0.05778,0.00889,0.99555,0.0,0.99048,0.99048,0.99048,1.0,0.98095,1.0,0.53209,0.76012,0.07143,0.7317,0.57691,0.0,0.0,1.0,0.92857,0.85714,0.0,1.0,1.0,0.5,0.5,0.5,1.0,1.0,0.5,0.5,0.5,0.0,0.0,1.0,1.0,1.0,1.0,0.09689,1.0,0.06667,0.0,1.0,0.0,1.0,0.0,1.0
0.0,1.0,0.0,1.0,0.06667,0.06667,0.0,0.06667,0.7,0.0,0.0,0.66667,0.0,0.19111,0.02222,0.9018,0.0,1.0,1.0,0.85714,1.0,0.8381,0.0,0.0001,1.0,0.0,1.0,1.0,1.0,0.0,1.0,0.5,0.92857,1.0,1.0,1.0,0.5,0.5,0.5,1.0,1.0,0.0,0.0,1.0,0.0,0.0,0.0,1.0,1.0,0.0,0.0,1.0,0.0,0.0,1.0,0.0,1.0,0.0,1.0,1.0,0.5,1.0,0.5,0.06667,0.5,0.0,0.06667,0.7,0.0,0.0,0.66667,1.0,0.19111,0.02222,0.93155,0.0,0.9619,0.9619,0.85714,1.0,0.9619,1.0,0.99455,1.0,0.5,0.0,0.0,0.0,0.0,0.94588,1.0,1.0,1.0,1.0,1.0,0.5,0.5,0.5,1.0,1.0,0.5,0.5,0.5,0.0,0.0,0.0,1.0,1.0,0.0,0.0,1.0,0.0,0.0,1.0,0.0,1.0,0.0,0.35714,1.0,0.0,1.0,0.0,0.06667,0.06667,0.0,0.06667,0.7,0.0,0.0,0.66667,0.0,0.19111,0.02222,0.98292,0.0,1.0,1.0,0.85714,0.9619,0.82857,1.0,0.54989,0.99981,0.21429,0.0,0.0,0.0,0.0,0.5,0.42857,0.92857,0.0,1.0,1.0,0.5,0.21953,0.5,1.0,1.0,0.5,0.5,0.5,0.00687,0.0,1.0,1.0,1.0,0.0,0.0,1.0,0.06667,0.0,1.0,0.0,1.0,0.0,0.35714,0.0,1.0,0.0,1.0,0.06667,0.06667,0.0,0.06667,0.7,0.0,0.0,0.66667,0.0,0.19111,0.02222,0.89559,0.0,1.0,1.0,0.85714,1.0,0.91429,1.0,0.55,0.71429,0.07143,0.0,0.0,0.0,0.0,0.5,0.42857,0.85714,0.0,1.0,1.0,0.5,0.5,0.5,1.0,1.0,0.5,0.5,0.5,0.0,0.0,1.0,1.0,1.0,0.0,0.0,1.0,0.06667,0.0,1.0,0.0,1.0,0.0,1.0,0.0,0.0,0.0,0.0,0.06667,0.06667,0.0,0.06667,0.7,0.0,0.0,0.66667,0.0,0.19111,0.02222,0.93155,0.0,0.9619,0.9619,0.85714,1.0,0.84762,1.0,0.5962,1.0,0.07143,0.0,0.0,0.0,0.0,0.5,0.42857,0.85714,0.0,1.0,1.0,0.5,0.5,0.5,1.0,1.0,0.90705,0.65556,1.0,0.0,0.0,1.0,1.0,1.0,0.0,0.0,1.0,0.06667,0.0,1.0,0.0,1.0,0.0,1.0,0.5,0.5,0.5,0.5,0.5,0.5,0.0,0.06667,0.7,0.0,0.0,0.66667,0.0,0.19111,0.02222,0.98732,0.0,1.0,1.0,0.85714,0.9619,0.5,1.0,0.53753,0.74656,0.21429,0.0,0.0,0.0,0.0,0.5,0.42857,0.5,0.0,1.0,1.0,0.5,0.5,0.5,1.0,1.0,0.5,0.5,0.5,0.0,0.0,1.0,1.0,1.0,0.0,0.0,1.0,0.06667,0.0,1.0,0.0,1.0,0.0,0.5,0.0,0.0,0.0,0.0,0.06667,0.06667,0.0,0.06667,0.7,0.0,0.0,0.66667,0.0,0.19111,0.02222,0.98754,0.0,1.0,0.99048,0.91429,0.90476,0.88571,0.0,0.00166,0.00263,0.07143,0.0,0.0,0.0,0.0,1.0,0.42857,0.92857,0.0,1.0,1.0,0.5,0.5,0.5,1.0,1.0,0.0,0.228,0.0,0.0,0.0,1.0,1.0,1.0,0.0,0.0,1.0,0.06667,0.0,1.0,0.0,1.0,0.0,1.0,0.0,0.0,0.0,0.0,0.13333,0.13333,0.0,0.06667,0.7,0.0,0.0,0.66667,0.0,0.19111,0.02222,0.93155,0.0,0.9619,0.9619,0.85714,1.0,0.65714,1.0,0.99455,1.0,0.5,0.0,0.0,0.0,0.0,0.94588,1.0,0.5,1.0,1.0,1.0,0.5,0.35504,0.5,1.0,1.0,0.5,0.5,0.5,0.0,0.0,0.0,1.0,1.0,0.0,0.0,1.0,0.0,0.0,1.0,0.0,1.0,0.0,1.0
1.0,1.0,1.0,1.0,0.06667,0.06667,0.0,0.06667,1.0,0.0,0.0,0.66667,0.0,0.19111,0.02222,0.0,0.99992,1.0,0.98095,0.77143,1.0,1.0,0.0,0.38348,1.0,0.0,0.0,0.0,0.0,0.0,0.70665,0.42857,1.0,1.0,1.0,1.0,0.5,0.5,0.5,1.0,1.0,0.0,1.0,1.0,0.0,0.0,0.0,1.0,1.0,0.0,1.0,1.0,0.0,0.0,1.0,0.0,1.0,0.0,1.0,1.0,0.0,1.0,0.0,0.06667,0.06667,0.0,0.06667,1.0,0.0,0.0,0.66667,0.0,0.19111,0.02222,0.0,0.9899,1.0,0.98095,0.92381,1.0,0.95238,0.0,0.9061,1.0,0.57143,0.0,0.0,0.0,0.0,0.94038,1.0,1.0,1.0,1.0,1.0,0.5,0.5,0.5,1.0,1.0,0.5,0.5,0.5,0.0,0.0,0.0,1.0,1.0,0.0,1.0,1.0,0.0,0.0,1.0,0.0,1.0,0.0,0.35714,1.0,0.0,1.0,0.0,0.06667,0.06667,0.0,0.06667,1.0,0.0,0.0,0.66667,0.0,0.19111,0.02222,0.0,0.98091,1.0,1.0,0.91429,0.95238,0.82857,1.0,0.53845,0.979,0.07143,0.0,0.0,0.0,0.0,0.57574,0.28571,0.78571,0.0,1.0,1.0,0.5,0.21953,0.5,1.0,1.0,0.5,0.5,0.5,0.0,0.0,1.0,1.0,1.0,0.0,1.0,1.0,0.06667,0.0,1.0,0.0,1.0,0.0,0.35714,0.0,1.0,0.0,1.0,0.06667,0.06667,0.0,0.06667,1.0,0.0,0.0,0.66667,0.0,0.19111,0.02222,0.0,0.99857,1.0,0.98095,0.77143,1.0,0.90476,0.0,0.52293,0.67914,0.14286,0.0,0.0,0.0,0.0,0.5,0.42857,0.85714,0.0,1.0,1.0,0.5,0.5,0.5,1.0,1.0,0.5,0.5,0.5,0.0,0.0,1.0,1.0,1.0,0.0,1.0,1.0,0.06667,0.0,1.0,0.0,1.0,0.0,1.0,0.0,0.0,0.0,0.0,0.06667,0.06667,0.0,0.06667,1.0,0.0,0.0,0.66667,0.0,0.19111,0.02222,0.0,0.9899,1.0,0.98095,0.92381,1.0,0.8381,0.0,0.5445,1.0,0.14286,0.0,0.0,0.0,0.0,0.5,0.42857,0.85714,0.0,1.0,1.0,0.5,0.5,0.5,1.0,1.0,0.90705,0.65556,1.0,0.0,0.0,1.0,1.0,1.0,0.0,1.0,1.0,0.06667,0.0,1.0,0.0,1.0,0.0,1.0,0.0,0.0,0.0,0.0,0.06667,0.06667,0.0,0.06667,1.0,0.0,0.0,0.66667,0.0,0.19111,0.02222,0.0,0.98009,1.0,1.0,0.91429,0.95238,1.0,1.0,0.92214,1.0,0.64286,0.0,0.0,0.0,0.0,0.94038,1.0,0.42857,0.0,1.0,1.0,0.5,0.5,0.5,1.0,1.0,0.5,0.5,0.5,0.0,0.0,1.0,1.0,1.0,0.0,1.0,1.0,0.06667,0.0,1.0,0.0,1.0,0.0,1.0,1.0,1.0,1.0,1.0,0.06667,0.06667,0.0,0.06667,1.0,0.0,0.0,0.66667,0.0,0.19111,0.02222,0.0,0.97063,1.0,1.0,0.97143,0.89524,1.0,0.0,0.00035,0.00056,0.07143,0.0,0.0,0.0,0.0,1.0,0.42857,1.0,0.0,1.0,1.0,0.5,0.5,0.5,1.0,1.0,0.0,0.228,0.0,0.0,0.0,1.0,1.0,1.0,0.0,1.0,1.0,0.06667,0.0,1.0,0.0,1.0,0.0,1.0,1.0,0.5,1.0,0.5,0.06667,0.5,0.0,0.06667,1.0,0.0,0.0,0.66667,1.0,0.19111,0.02222,0.0,0.9899,1.0,0.98095,0.92381,1.0,1.0,0.0,0.9061,1.0,0.57143,0.0,0.0,0.0,0.0,0.94038,1.0,1.0,1.0,1.0,1.0,0.5,0.35504,0.5,1.0,1.0,0.5,0.5,0.5,0.0,0.0,0.0,1.0,1.0,0.0,1.0,1.0,0.0,0.0,1.0,0.0,1.0,0.0,1.0
1.0,1.0,1.0,1.0,1.0,0.6,0.16358,0.4,0.4,0.0,0.5,0.0,0.0,0.76,0.08,0.99832,0.0,1.0,1.0,0.4,1.0,0.6,0.0,0.0001,1.0,0.0,0.75003,0.63091,0.0,0.0,0.99922,0.75,0.5,1.0,1.0,1.0,0.5,0.5,0.5,1.0,1.0,0.5,0.5,0.5,0.0,0.0,1.0,1.0,1.0,0.28249,0.39906,0.0,0.4,1.0,0.5,1.0,1.0,1.0,1.0,0.5,0.5,0.5,0.5,0.5,0.5,0.16358,0.4,0.4,0.0,0.5,0.0,0.0,0.76,0.08,0.97101,0.0,1.0,1.0,0.4,1.0,0.5,1.0,0.87371,1.0,0.0,0.75003,0.63091,0.0,0.0,0.99922,0.75,0.5,0.8,1.0,1.0,0.5,0.5,0.5,1.0,1.0,0.5,0.5,0.5,0.0,0.0,1.0,1.0,1.0,0.28249,0.39906,0.2,0.6,1.0,0.5,1.0,1.0,1.0,0.5,1.0,0.5,1.0,0.5,0.4,0.5,0.16358,0.4,0.4,0.0,0.5,0.0,1.0,0.76,0.08,0.9406,0.0,1.0,1.0,0.4,1.0,1.0,0.0,0.51585,0.93791,0.25,0.82822,0.70681,0.0,0.0,1.0,1.0,0.75,0.8,1.0,1.0,0.5,0.5,0.5,1.0,1.0,0.28249,0.39906,0.5,0.06156,0.01502,0.6,1.0,1.0,0.28249,0.39906,0.6,0.4,1.0,1.0,1.0,1.0,1.0,1.0,0.5,0.5,0.5,0.5,0.5,0.5,0.16358,0.4,0.4,0.0,0.5,0.0,0.0,0.76,0.08,0.99503,0.0,1.0,1.0,0.4,1.0,0.5,1.0,0.72208,0.93776,0.0,0.75003,0.63091,0.0,0.0,0.99922,0.75,0.5,0.6,1.0,1.0,0.5,0.5,0.5,1.0,1.0,0.5,0.5,0.5,0.0,0.0,1.0,1.0,1.0,0.28249,0.39906,0.4,0.4,0.5,1.0,1.0,1.0,1.0,0.5,0.5,0.5,0.5,0.5,0.5,0.5,0.16358,0.4,0.4,0.0,0.5,0.0,0.0,0.76,0.08,0.97101,0.0,1.0,1.0,0.4,1.0,0.5,1.0,0.99152,1.0,0.25,0.82822,0.70681,0.0,0.0,1.0,1.0,0.5,0.7,1.0,1.0,0.5,0.5,0.5,1.0,1.0,0.5,0.5,0.5,0.0,0.0,1.0,1.0,1.0,0.28249,0.39906,0.3,0.4,1.0,1.0,1.0,1.0,1.0,0.5,0.5,0.5,0.5,0.5,0.5,0.5,0.16358,0.4,0.4,0.0,0.5,0.0,0.0,0.76,0.08,0.93736,0.0,1.0,1.0,0.4,1.0,0.5,1.0,0.82585,1.0,0.0,0.75003,0.63091,0.0,0.0,0.99922,0.75,0.5,0.5,1.0,1.0,0.5,0.5,0.5,1.0,1.0,0.5,0.5,0.5,0.0,0.05699,1.0,1.0,1.0,0.28249,0.39906,0.5,0.6,1.0,0.5,1.0,1.0,1.0,0.5,0.0,0.0,0.0,0.0,0.2,0.2,0.16358,0.4,0.4,0.0,0.5,0.0,0.0,0.76,0.08,0.92193,0.0,1.0,1.0,0.4,1.0,0.4,0.0,0.92432,1.0,0.0,0.75003,0.63091,0.0,0.0,0.99922,0.75,0.75,0.8,1.0,1.0,0.5,0.5,0.5,1.0,1.0,0.5,0.5,0.5,0.0,0.0,1.0,1.0,1.0,0.28249,0.39906,0.2,0.6,1.0,0.5,1.0,1.0,1.0,1.0,0.5,0.5,0.5,0.5,0.5,0.5,0.16358,0.4,0.4,0.0,0.5,0.0,0.0,0.76,0.08,0.97101,0.0,1.0,1.0,0.4,1.0,0.5,1.0,0.87371,1.0,0.0,0.75003,0.63091,0.0,0.0,0.99922,0.75,0.5,0.0,1.0,1.0,0.5,0.5,0.5,1.0,1.0,0.5,0.5,0.5,0.0,0.0,1.0,1.0,1.0,0.28249,0.39906,1.0,0.2,0.0,1.0,0.0,1.0,1.0,0.5
1.0,1.0,1.0,0.0,1.0,0.2,0.12731,0.4,0.33333,0.0,0.5,0.0,0.0,0.52,0.2,0.0,0.99997,1.0,1.0,0.8,1.0,0.6,0.0,0.0001,1.0,0.0,0.50107,0.34782,0.0,0.0,0.98143,0.75,0.5,1.0,1.0,1.0,0.5,0.5,0.5,1.0,1.0,0.5,0.5,0.5,0.22989,0.07151,0.0,1.0,1.0,0.70501,0.83848,1.0,0.0,0.0,1.0,0.0,1.0,0.0,1.0,0.0,0.0,0.0,0.0,0.4,0.2,0.12731,0.4,0.33333,0.0,0.5,0.0,0.0,0.52,0.2,0.0,0.99957,1.0,1.0,0.8,1.0,1.0,0.0,0.83013,1.0,0.0,0.50107,0.34782,0.0,0.0,0.98143,0.75,1.0,0.8,1.0,1.0,0.5,0.0,0.5,1.0,1.0,1.0,1.0,0.88684,0.0,0.07151,1.0,1.0,1.0,0.70501,0.83848,0.2,0.4,0.5,1.0,1.0,1.0,0.0,1.0,1.0,0.5,1.0,0.5,0.4,0.5,0.12731,0.4,0.33333,0.0,0.5,0.0,1.0,0.52,0.2,0.0,0.9992,1.0,1.0,0.8,1.0,1.0,0.0,0.77431,1.0,0.25,0.64265,0.47346,0.0,0.0,1.0,1.0,0.5,0.8,1.0,1.0,0.5,0.37881,0.5,1.0,1.0,0.70501,0.83848,0.8374,0.05764,0.01092,0.6,1.0,1.0,0.70501,0.83848,0.6,0.4,1.0,1.0,1.0,1.0,0.0,1.0,0.5,0.5,0.5,0.5,0.5,0.5,0.12731,0.4,0.33333,0.0,0.5,0.0,0.0,0.52,0.2,0.0,0.99992,1.0,1.0,0.8,1.0,0.5,1.0,0.9799,1.0,0.0,0.50107,0.34782,0.0,0.0,0.98143,0.75,0.5,0.6,1.0,1.0,0.5,0.5,0.5,1.0,1.0,0.5,0.5,0.5,0.0,0.0,1.0,1.0,1.0,0.70501,0.83848,0.4,0.4,0.5,1.0,1.0,1.0,0.0,0.5,0.0,0.0,0.0,0.0,0.2,0.4,0.12731,0.4,0.33333,0.0,0.5,0.0,0.0,0.52,0.2,0.0,0.99957,1.0,1.0,0.8,1.0,1.0,1.0,0.9948,1.0,0.25,0.64265,0.47346,0.0,0.0,1.0,1.0,0.5,0.7,1.0,1.0,0.5,0.5,0.5,1.0,1.0,0.5,0.5,0.5,0.0,0.92357,1.0,1.0,1.0,0.70501,0.83848,0.3,0.4,1.0,1.0,1.0,1.0,0.0,1.0,0.5,0.5,0.5,0.5,0.5,0.5,0.12731,0.4,0.33333,0.0,0.5,0.0,0.0,0.52,0.2,0.0,0.99916,1.0,1.0,0.8,1.0,0.5,0.0,0.88616,1.0,0.0,0.50107,0.34782,0.0,0.0,0.98143,0.75,0.5,0.5,1.0,1.0,0.5,0.5,0.5,1.0,1.0,0.5,0.5,0.5,0.0,0.0,1.0,1.0,1.0,0.70501,0.83848,0.5,0.4,0.5,1.0,0.0,1.0,0.0,0.5,1.0,1.0,1.0,1.0,0.8,0.8,0.12731,0.4,0.33333,0.0,0.5,0.0,0.0,0.52,0.2,0.0,0.999,0.8,0.8,1.0,0.8,0.7,0.0,0.04084,0.06482,0.0,1.0,1.0,1.0,0.0,1.0,0.75,1.0,0.6,1.0,1.0,0.5,0.5,0.5,1.0,1.0,0.5,0.5,0.5,0.0,0.0,1.0,1.0,1.0,0.70501,0.83848,1.0,0.2,1.0,1.0,0.0,1.0,1.0,1.0,0.5,0.5,0.5,0.5,0.5,0.5,0.12731,0.4,0.33333,0.0,0.5,0.0,0.0,0.52,0.2,0.0,0.99957,1.0,1.0,0.8,1.0,0.5,0.0,0.83013,1.0,0.0,0.50107,0.34782,0.0,0.0,0.98143,0.75,0.5,0.0,1.0,1.0,0.5,0.5,0.5,1.0,1.0,0.5,0.5,0.5,0.0,0.07151,1.0,1.0,1.0,0.70501,0.83848,1.0,0.2,0.0,1.0,0.0,1.0,0.0,0.5
0.0,0.0,0.0,0.0,0.6,0.6,0.09843,0.2,0.4,0.0,0.5,0.0,0.0,0.52,0.0,0.0,0.97978,0.8,0.8,1.0,1.0,0.8,0.0,0.0001,1.0,0.0,0.58308,0.41151,0.0,0.0,0.77959,0.25,0.75,1.0,1.0,1.0,0.5,0.5,0.5,1.0,1.0,0.5,0.5,0.5,0.0,0.0,1.0,1.0,1.0,0.5,0.5,1.0,0.0,0.0,1.0,1.0,1.0,0.0,1.0,0.5,0.5,0.5,0.5,0.5,0.5,0.09843,0.2,0.4,0.0,0.5,0.0,0.0,0.52,0.0,0.0,0.97978,0.8,0.8,1.0,1.0,0.5,1.0,0.83773,1.0,0.25,0.54009,0.41151,0.0,0.0,0.85166,0.0,0.5,0.8,1.0,1.0,0.5,0.5,0.5,1.0,1.0,0.5,0.5,0.5,0.0,0.0,1.0,1.0,1.0,0.5,0.5,1.0,0.2,0.0,1.0,1.0,1.0,0.0,0.5,0.0,0.0,0.0,0.0,0.2,0.2,0.09843,0.2,0.4,0.0,0.5,0.0,0.0,0.52,0.0,0.0,0.97978,0.8,0.8,1.0,1.0,0.8,1.0,0.99522,1.0,0.25,0.54009,0.41151,0.0,0.0,0.85166,0.0,1.0,0.8,1.0,1.0,0.5,0.5,0.5,1.0,1.0,0.5,0.5,0.5,0.0,0.0,1.0,1.0,1.0,0.5,0.5,1.0,0.2,0.0,1.0,1.0,1.0,0.0,0.5,0.0,0.5,0.0,0.5,0.2,0.5,0.09843,0.2,0.4,0.0,0.5,0.0,1.0,0.52,0.0,0.0,0.97978,0.8,0.8,1.0,1.0,0.8,1.0,0.79608,1.0,0.75,0.53525,0.42603,0.0,0.0,0.99481,1.0,1.0,0.6,1.0,1.0,0.5,0.5,0.5,1.0,1.0,0.5,0.5,0.5,0.0,0.0,1.0,1.0,1.0,0.5,0.5,0.4,0.4,0.5,0.0,1.0,1.0,0.5,1.0,0.0,0.0,0.0,0.0,0.2,0.2,0.09843,0.2,0.4,0.0,0.5,0.0,0.0,0.52,0.0,0.0,0.97978,0.8,0.8,1.0,1.0,0.8,0.0,0.71242,1.0,0.0,0.58308,0.41151,0.0,0.0,0.77959,0.25,1.0,0.7,1.0,1.0,0.5,0.5,0.5,1.0,1.0,0.5,0.5,0.5,0.0,0.0,1.0,1.0,1.0,0.5,0.5,1.0,0.2,0.0,1.0,1.0,1.0,0.0,1.0,0.5,0.5,0.5,0.5,0.5,0.5,0.09843,0.2,0.4,0.0,0.5,0.0,0.0,0.52,0.0,0.0,0.97978,0.8,0.8,1.0,1.0,0.5,1.0,0.82326,1.0,0.25,0.54009,0.41151,0.0,0.0,0.85166,0.0,0.5,0.5,1.0,1.0,0.5,0.5,0.5,1.0,1.0,0.5,0.5,0.5,0.0,0.0,1.0,1.0,1.0,0.5,0.5,1.0,0.2,0.0,1.0,1.0,1.0,0.0,0.5,0.0,0.0,0.0,0.0,0.2,0.2,0.09843,0.2,0.4,0.0,0.5,0.0,0.0,0.52,0.0,0.0,0.97978,0.8,0.8,1.0,1.0,0.8,0.0,0.02441,0.03875,0.25,1.0,1.0,1.0,0.0,1.0,0.5,0.5,0.8,1.0,1.0,0.5,0.5,0.5,1.0,1.0,0.5,0.5,0.5,0.0,0.0,1.0,1.0,1.0,0.5,0.5,1.0,0.2,1.0,1.0,1.0,1.0,1.0,1.0,1.0,1.0,1.0,1.0,0.6,0.6,0.09843,0.2,0.4,0.0,0.5,0.0,0.0,0.52,0.0,0.0,0.97978,0.8,0.8,1.0,1.0,0.9,1.0,0.83773,1.0,0.25,0.54009,0.41151,0.0,0.0,0.85166,0.0,0.75,0.0,1.0,1.0,0.5,0.5,0.5,1.0,1.0,0.5,0.5,0.5,0.0,0.0,1.0,1.0,1.0,0.5,0.5,1.0,0.2,0.0,1.0,1.0,1.0,0.0,1.0
1.0,0.0,1.0,0.0,0.7,0.4,0.13923,0.2,0.26667,0.0,0.5,0.0,0.0,0.56,0.0,0.94342,0.0,1.0,1.0,1.0,1.0,0.7,0.0,0.0001,1.0,0.0,0.753,0.59425,0.0,0.0,0.90159,0.25,0.5,1.0,1.0,1.0,0.5,0.5,0.5,1.0,1.0,0.5,0.5,0.5,0.0,0.0,1.0,1.0,1.0,0.5,0.5,0.0,0.2,0.5,0.0,1.0,1.0,0.5,1.0,0.5,0.5,0.5,0.5,0.5,0.5,0.13923,0.2,0.26667,0.0,0.5,0.0,0.0,0.56,0.0,0.94342,0.0,1.0,1.0,1.0,1.0,0.5,1.0,0.62798,0.89712,0.0,0.753,0.59425,0.0,0.0,0.90159,0.25,0.5,0.8,1.0,1.0,0.5,0.5,0.5,1.0,1.0,0.5,0.5,0.5,0.0,0.0,1.0,1.0,1.0,0.5,0.5,0.2,0.4,0.5,0.0,1.0,1.0,0.5,0.5,0.0,0.0,0.0,0.0,0.2,0.2,0.13923,0.2,0.26667,0.0,0.5,0.0,0.0,0.56,0.0,0.94342,0.0,1.0,1.0,1.0,1.0,0.8,1.0,0.98292,1.0,0.0,0.753,0.59425,0.0,0.0,0.90159,0.25,1.0,0.8,1.0,1.0,0.5,0.5,0.5,1.0,1.0,0.5,0.5,0.5,0.0,0.0,1.0,1.0,1.0,0.5,0.5,1.0,0.2,0.0,1.0,1.0,1.0,0.5,0.75,1.0,0.5,1.0,0.5,0.2,0.5,0.13923,0.2,0.26667,0.0,0.5,0.0,1.0,0.56,0.0,0.94342,0.0,1.0,1.0,1.0,1.0,1.0,0.0,0.24317,0.3158,0.75,0.73338,0.57901,0.0,0.0,1.0,1.0,0.5,0.6,1.0,1.0,0.5,0.5,0.5,1.0,1.0,0.5,0.5,0.5,0.0,0.0,1.0,1.0,1.0,0.5,0.5,0.4,0.4,1.0,1.0,1.0,1.0,0.0,1.0,0.0,0.0,0.0,0.0,0.2,0.2,0.13923,0.2,0.26667,0.0,0.5,0.0,0.0,0.56,0.0,0.94342,0.0,1.0,1.0,1.0,1.0,1.0,0.0,0.95907,1.0,0.75,0.73338,0.57901,0.0,0.0,1.0,1.0,0.5,0.7,1.0,1.0,0.5,0.5,0.5,1.0,1.0,0.5,0.5,0.5,0.0,0.0,1.0,1.0,1.0,0.5,0.5,0.3,0.4,1.0,1.0,1.0,1.0,0.0,1.0,0.5,0.5,0.5,0.5,0.5,0.5,0.13923,0.2,0.26667,0.0,0.5,0.0,0.0,0.56,0.0,0.94342,0.0,1.0,1.0,1.0,1.0,0.5,1.0,0.59358,0.82442,0.0,0.753,0.59425,0.0,0.0,0.90159,0.25,0.5,0.5,1.0,1.0,0.5,0.5,0.5,1.0,1.0,0.5,0.5,0.5,0.0,0.0,1.0,1.0,1.0,0.5,0.5,0.5,0.6,1.0,0.5,1.0,1.0,0.5,0.5,0.0,0.0,0.0,0.0,0.2,0.2,0.13923,0.2,0.26667,0.0,0.5,0.0,0.0,0.56,0.0,0.94342,0.0,1.0,1.0,1.0,1.0,0.8,1.0,0.77529,1.0,0.0,0.753,0.59425,0.0,0.0,0.90159,0.25,1.0,0.8,1.0,1.0,0.5,0.5,0.5,1.0,1.0,0.5,0.5,0.5,0.0,0.0,1.0,1.0,1.0,0.5,0.5,0.2,0.6,1.0,0.5,1.0,1.0,0.5,1.0,0.5,0.5,0.5,0.5,0.5,0.5,0.13923,0.2,0.26667,0.0,0.5,0.0,0.0,0.56,0.0,0.94342,0.0,1.0,1.0,1.0,1.0,0.5,1.0,0.62798,0.89712,0.0,0.753,0.59425,0.0,0.0,0.90159,0.25,0.5,0.0,1.0,1.0,0.5,0.5,0.5,1.0,1.0,0.5,0.5,0.5,0.0,0.0,1.0,1.0,1.0,0.5,0.5,1.0,0.2,0.0,1.0,1.0,1.0,0.5,0.5
1.0,0.0,1.0,0.0,0.7,0.4,0.13106,0.2,0.33333,0.0,0.5,0.0,0.0,0.52,0.0,0.99457,0.0,1.0,1.0,1.0,1.0,0.7,0.0,0.0001,1.0,0.0,0.71323,0.58177,0.0,0.0,0.94647,0.75,0.5,1.0,1.0,1.0,0.5,0.5,0.5,1.0,1.0,0.5,0.5,0.5,0.0,0.0,1.0,1.0,1.0,0.5,0.5,0.0,0.2,0.5,1.0,1.0,1.0,0.0,1.0,0.5,0.5,0.5,0.5,0.5,0.5,0.13106,0.2,0.33333,0.0,0.5,0.0,0.0,0.52,0.0,0.99457,0.0,1.0,1.0,1.0,1.0,0.5,0.0,0.62019,0.88599,0.0,0.71323,0.58177,0.0,0.0,0.94647,0.75,0.5,0.8,1.0,1.0,0.5,0.5,0.5,1.0,1.0,0.5,0.5,0.5,0.0,0.0,1.0,1.0,1.0,0.5,0.5,0.2,0.4,0.5,1.0,1.0,1.0,0.0,0.5,0.0,0.0,0.0,0.0,0.2,0.2,0.13106,0.2,0.33333,0.0,0.5,0.0,0.0,0.52,0.0,0.99457,0.0,1.0,1.0,1.0,1.0,0.8,1.0,0.9954,1.0,0.0,0.71323,0.58177,0.0,0.0,0.94647,0.75,1.0,0.8,1.0,1.0,0.5,0.5,0.5,1.0,1.0,0.5,0.5,0.5,0.0,0.0,1.0,1.0,1.0,0.5,0.5,1.0,0.2,0.0,1.0,1.0,1.0,0.0,0.75,0.0,0.5,0.0,0.5,0.2,0.5,0.13106,0.2,0.33333,0.0,0.5,0.0,1.0,0.52,0.0,0.99457,0.0,1.0,1.0,1.0,1.0,1.0,0.0,0.17923,0.23277,0.25,0.80408,0.67236,0.0,1.0,0.91196,1.0,0.5,0.6,1.0,1.0,0.5,0.5,0.5,1.0,1.0,0.5,0.5,0.5,0.0,0.0,1.0,1.0,1.0,0.5,0.5,0.4,0.4,1.0,1.0,1.0,1.0,0.0,1.0,0.0,0.0,0.0,0.0,0.2,0.2,0.13106,0.2,0.33333,0.0,0.5,0.0,0.0,0.52,0.0,0.99457,0.0,1.0,1.0,1.0,1.0,1.0,1.0,0.96615,1.0,0.75,0.68385,0.51958,0.0,0.0,0.5,0.5,0.5,0.7,1.0,1.0,0.5,0.5,0.5,1.0,1.0,0.5,0.5,0.5,0.0,0.0,1.0,1.0,1.0,0.5,0.5,0.3,0.4,1.0,0.0,1.0,1.0,1.0,1.0,0.0,0.0,0.0,0.0,0.2,0.2,0.13106,0.2,0.33333,0.0,0.5,0.0,0.0,0.52,0.0,0.99457,0.0,1.0,1.0,1.0,1.0,1.0,0.0,0.58622,0.81419,0.0,0.71323,0.58177,0.0,0.0,0.94647,0.75,1.0,0.5,1.0,1.0,0.5,0.5,0.5,1.0,1.0,0.5,0.5,0.5,0.0,0.0,1.0,1.0,1.0,0.5,0.5,0.5,0.6,1.0,0.5,1.0,1.0,0.0,1.0,0.0,0.0,0.0,0.0,0.2,0.2,0.13106,0.2,0.33333,0.0,0.5,0.0,0.0,0.52,0.0,0.99457,0.0,1.0,1.0,1.0,1.0,0.8,0.0,0.76567,1.0,0.0,0.71323,0.58177,0.0,0.0,0.94647,0.75,1.0,0.8,1.0,1.0,0.5,0.5,0.5,1.0,1.0,0.5,0.5,0.5,0.0,0.0,1.0,1.0,1.0,0.5,0.5,0.2,0.6,1.0,0.5,1.0,1.0,0.0,1.0,0.5,0.5,0.5,0.5,0.5,0.5,0.13106,0.2,0.33333,0.0,0.5,0.0,0.0,0.52,0.0,0.99457,0.0,1.0,1.0,1.0,1.0,0.5,0.0,0.62019,0.88599,0.0,0.71323,0.58177,0.0,0.0,0.94647,0.75,0.5,0.0,1.0,1.0,0.5,0.5,0.5,1.0,1.0,0.5,0.5,0.5,0.0,0.0,1.0,1.0,1.0,0.5,0.5,1.0,0.2,0.0,1.0,1.0,1.0,0.0,0.5
1.0,1.0,1.0,1.0,1.0,0.8,0.29081,0.8,0.0,0.96774,0.5,0.0,0.0,0.44,0.04,0.0,0.9999,1.0,1.0,1.0,1.0,0.6,0.0,0.0001,1.0,0.0,1.0,0.96173,0.5,0.0,1.0,0.75,0.5,1.0,1.0,1.0,0.5,0.5,0.5,1.0,1.0,0.5,0.5,0.5,0.87447,0.00783,0.0,1.0,1.0,0.73863,0.55333,1.0,0.0,0.0,1.0,0.0,1.0,0.5,1.0,0.5,0.5,0.5,0.5,0.5,0.5,0.29081,0.8,0.0,0.96774,0.5,0.0,0.0,0.44,0.04,0.0,0.99856,1.0,1.0,1.0,1.0,0.5,0.0,0.8114,1.0,0.0,1.0,0.96173,0.5,0.0,1.0,0.75,0.5,0.8,1.0,1.0,0.5,0.5,0.5,1.0,1.0,0.5,0.5,0.5,0.0,0.0,1.0,1.0,1.0,0.73863,0.55333,0.2,0.6,1.0,1.0,1.0,1.0,0.5,0.5,1.0,1.0,1.0,1.0,1.0,1.0,0.29081,0.8,0.0,0.96774,0.5,0.0,0.0,0.44,0.04,0.0,0.9974,1.0,1.0,1.0,1.0,1.0,0.0,0.8793,1.0,0.25,1.0,1.0,1.0,0.0,1.0,0.5,0.5,0.8,1.0,1.0,0.5,0.5,0.5,1.0,1.0,0.73863,0.55333,1.0,0.123,0.0,0.6,1.0,1.0,0.73863,0.55333,0.6,0.4,1.0,1.0,1.0,1.0,0.0,1.0,1.0,1.0,1.0,0.0,1.0,0.8,0.29081,0.8,0.0,0.96774,0.5,0.0,0.0,0.44,0.04,0.0,0.99972,1.0,1.0,1.0,1.0,1.0,1.0,0.99859,1.0,0.0,1.0,0.96173,0.5,0.0,1.0,0.75,1.0,0.6,1.0,1.0,0.5,0.5,0.5,1.0,1.0,0.5,0.5,0.5,0.0,0.0,1.0,1.0,1.0,0.73863,0.55333,0.4,0.6,1.0,1.0,1.0,1.0,0.5,1.0,0.0,0.5,0.0,0.5,0.8,0.5,0.29081,0.8,0.0,0.96774,0.5,0.0,1.0,0.44,0.04,0.0,0.99856,1.0,1.0,1.0,1.0,1.0,0.0,0.74007,1.0,0.25,0.98049,0.96173,0.0,0.0,1.0,1.0,1.0,0.7,1.0,1.0,0.5,0.5,0.5,1.0,1.0,0.5,0.5,0.5,0.0,0.0,1.0,1.0,1.0,0.73863,0.55333,0.3,0.4,1.0,1.0,1.0,1.0,1.0,1.0,0.5,0.5,0.5,0.5,0.5,0.5,0.29081,0.8,0.0,0.96774,0.5,0.0,0.0,0.44,0.04,0.0,0.99729,1.0,1.0,1.0,1.0,0.5,0.0,0.86734,1.0,0.0,1.0,0.96173,0.5,0.0,1.0,0.75,0.5,0.5,1.0,1.0,0.5,0.5,0.5,1.0,1.0,0.5,0.5,0.5,0.16092,0.0,0.5,1.0,1.0,0.73863,0.55333,1.0,0.2,0.0,1.0,0.0,1.0,0.5,0.5,1.0,1.0,1.0,1.0,1.0,1.0,0.29081,0.8,0.0,0.96774,0.5,0.0,0.0,0.44,0.04,0.0,0.99681,1.0,1.0,1.0,1.0,1.0,0.0,0.60628,0.96236,0.0,1.0,0.96173,0.5,0.0,1.0,0.75,1.0,0.8,1.0,1.0,0.5,0.5,0.5,1.0,1.0,0.5,0.5,0.5,0.0,0.0,1.0,1.0,1.0,0.73863,0.55333,0.3,0.6,1.0,1.0,1.0,1.0,0.5,1.0,0.5,0.5,0.5,0.5,0.5,0.5,0.29081,0.8,0.0,0.96774,0.5,0.0,0.0,0.44,0.04,0.0,0.99856,1.0,1.0,1.0,1.0,0.5,0.0,0.8114,1.0,0.0,1.0,0.96173,0.5,0.0,1.0,0.75,0.5,0.0,1.0,1.0,0.5,0.5,0.5,1.0,1.0,0.5,0.5,0.5,0.0,0.0,1.0,1.0,1.0,0.73863,0.55333,1.0,0.2,0.0,1.0,0.0,1.0,0.5,0.5
1.0,0.0,1.0,0.0,0.8,0.4,0.20752,0.6,0.23333,0.0,0.5,0.0,0.0,0.52,0.08,0.64816,0.0,1.0,1.0,1.0,1.0,0.6,0.0,0.0001,1.0,0.0,0.81316,0.68515,0.0,0.0,0.92933,1.0,0.75,1.0,1.0,1.0,0.5,0.5,0.5,1.0,1.0,0.5,0.5,0.5,0.43541,0.00865,0.0,1.0,1.0,0.66394,0.3956,1.0,0.0,0.0,1.0,0.0,1.0,1.0,1.0,0.5,0.5,0.5,0.5,0.5,0.5,0.20752,0.6,0.23333,0.0,0.5,0.0,0.0,0.52,0.08,0.76335,0.0,1.0,1.0,1.0,1.0,0.5,1.0,0.98754,1.0,0.25,0.87674,0.68515,0.5,0.0,0.89038,0.75,0.5,0.8,1.0,1.0,0.5,0.5,0.5,1.0,1.0,0.5,0.5,0.5,0.0,0.0,1.0,1.0,1.0,0.66394,0.3956,0.2,0.6,1.0,0.5,0.5,1.0,0.5,0.5,0.0,0.5,0.0,0.5,0.6,0.5,0.20752,0.6,0.23333,0.0,0.5,0.0,1.0,0.52,0.08,0.85881,0.0,1.0,1.0,1.0,1.0,1.0,1.0,0.86119,1.0,0.0,0.81316,0.68515,0.0,0.0,0.92933,1.0,1.0,0.8,1.0,1.0,0.5,0.5,0.5,1.0,1.0,0.66394,0.3956,0.5,0.11502,0.04279,0.7,1.0,1.0,0.66394,0.3956,0.5,0.4,1.0,0.0,0.0,1.0,1.0,1.0,0.5,0.5,0.5,0.5,0.5,0.5,0.20752,0.6,0.23333,0.0,0.5,0.0,0.0,0.52,0.08,0.66395,0.0,1.0,1.0,1.0,1.0,0.5,1.0,0.94923,1.0,0.25,0.8611,0.68515,0.0,0.0,0.95288,0.75,0.5,0.6,1.0,1.0,0.5,0.5,0.5,1.0,1.0,0.5,0.5,0.5,0.0,0.0,1.0,1.0,1.0,0.66394,0.3956,0.4,0.6,1.0,0.5,0.5,1.0,0.5,0.5,0.0,1.0,0.0,1.0,0.4,0.8,0.20752,0.6,0.23333,0.0,0.5,0.0,0.0,0.52,0.08,0.76335,0.0,1.0,1.0,1.0,1.0,0.9,0.0,0.52417,1.0,0.0,0.81316,0.68515,0.0,0.0,0.92933,1.0,1.0,0.7,1.0,1.0,0.5,0.5,0.5,1.0,1.0,0.5,0.5,0.5,0.0,0.0,1.0,1.0,1.0,0.66394,0.3956,0.3,0.4,1.0,0.0,0.0,1.0,1.0,1.0,0.5,0.5,0.5,0.5,0.5,0.5,0.20752,0.6,0.23333,0.0,0.5,0.0,0.0,0.52,0.08,0.8675,0.0,1.0,1.0,1.0,1.0,0.5,1.0,0.50253,0.69795,0.0,0.81316,0.68515,0.0,0.0,0.92933,1.0,0.5,0.5,1.0,1.0,0.5,0.5,0.5,1.0,1.0,0.5,0.5,0.5,0.14017,0.0,0.5,1.0,1.0,0.66394,0.3956,1.0,0.2,0.0,1.0,0.0,1.0,1.0,0.5,0.5,0.5,0.5,0.5,0.5,0.5,0.20752,0.6,0.23333,0.0,0.5,0.0,0.0,0.52,0.08,0.90566,0.0,1.0,1.0,1.0,1.0,0.5,1.0,0.65636,1.0,0.0,0.81316,0.68515,0.0,0.0,0.92933,1.0,0.5,0.8,1.0,1.0,0.5,0.5,0.5,1.0,1.0,0.5,0.5,0.5,0.0,0.0,1.0,1.0,1.0,0.66394,0.3956,0.2,0.4,1.0,0.0,0.0,1.0,1.0,0.5,1.0,1.0,1.0,1.0,0.8,0.4,0.20752,0.6,0.23333,0.0,0.5,0.0,0.0,0.52,0.08,0.76335,0.0,1.0,1.0,1.0,1.0,1.0,1.0,0.98754,1.0,0.25,0.87674,0.68515,0.5,0.0,0.89038,0.75,0.25,0.0,1.0,1.0,0.5,0.5,0.5,1.0,1.0,0.5,0.5,0.5,0.0,0.0,1.0,1.0,1.0,0.66394,0.3956,1.0,0.2,0.0,1.0,0.0,1.0,0.5,1.0
1.0,0.5,1.0,0.5,0.9,0.5,0.1083,0.9,0.06667,0.0,1.0,0.0,1.0,0.53,0.0,0.5,0.5,0.77778,0.82222,1.0,1.0,0.77778,1.0,0.0001,1.0,0.11111,0.99416,0.98839,0.0,0.0,1.0,1.0,0.88889,0.55,1.0,1.0,0.5,0.5,0.5,1.0,1.0,0.5,0.5,0.5,0.5,0.5,1.0,1.0,1.0,0.5,0.5,0.45,0.2,1.0,1.0,1.0,1.0,0.0,1.0,0.5,0.5,0.5,0.5,0.5,0.5,0.1083,0.9,0.06667,0.0,1.0,0.0,0.0,0.53,0.0,0.5,0.5,0.77778,0.82222,1.0,1.0,0.5,1.0,0.60234,0.86048,0.11111,0.99416,0.98839,0.0,0.0,1.0,1.0,0.5,0.8,1.0,1.0,0.5,0.5,0.5,1.0,1.0,0.5,0.5,0.5,0.5,0.5,1.0,1.0,1.0,0.5,0.5,0.2,0.2,1.0,1.0,1.0,1.0,0.0,0.5,0.5,0.5,0.5,0.5,0.5,0.5,0.1083,0.9,0.06667,0.0,1.0,0.0,0.0,0.53,0.0,0.5,0.5,0.77778,0.82222,1.0,1.0,0.5,1.0,0.84117,1.0,0.33333,1.0,1.0,1.0,0.0,0.9375,0.55556,0.5,0.8,1.0,1.0,0.5,0.5,0.5,1.0,1.0,0.5,0.5,0.5,0.5,0.5,1.0,1.0,1.0,0.5,0.5,0.2,0.3,0.66667,1.0,1.0,1.0,0.0,0.5,0.5,0.5,0.5,0.5,0.5,0.5,0.1083,0.9,0.06667,0.0,1.0,0.0,0.0,0.53,0.0,0.5,0.5,0.77778,0.82222,1.0,1.0,0.5,1.0,0.58416,0.75865,0.11111,1.0,1.0,1.0,0.0,1.0,0.77778,0.5,0.65,1.0,1.0,0.5,0.5,0.5,1.0,1.0,0.5,0.5,0.5,0.5,0.5,1.0,1.0,1.0,0.5,0.5,0.65,0.2,1.0,1.0,1.0,1.0,0.0,0.5,0.5,0.5,0.5,0.5,0.5,0.5,0.1083,0.9,0.06667,0.0,1.0,0.0,0.0,0.53,0.0,0.5,0.5,0.77778,0.82222,1.0,1.0,0.5,1.0,0.71069,1.0,0.11111,0.99416,0.98839,0.0,0.0,1.0,1.0,0.5,0.7,1.0,1.0,0.5,0.5,0.5,1.0,1.0,0.5,0.5,0.5,0.5,0.5,1.0,1.0,1.0,0.5,0.5,0.3,0.2,1.0,1.0,1.0,1.0,0.0,0.5,0.5,0.5,0.5,0.5,0.5,0.5,0.1083,0.9,0.06667,0.0,1.0,0.0,0.0,0.53,0.0,0.5,0.5,0.77778,0.82222,1.0,1.0,0.5,1.0,0.59884,0.83173,0.11111,0.99416,0.98839,0.0,0.0,1.0,1.0,0.5,0.5,1.0,1.0,0.5,0.5,0.5,1.0,1.0,0.5,0.5,0.5,0.5,0.5,1.0,1.0,1.0,0.5,0.5,0.5,0.2,1.0,1.0,1.0,1.0,0.0,0.5,0.5,0.5,0.5,0.5,0.5,0.5,0.1083,0.9,0.06667,0.0,1.0,0.0,0.0,0.53,0.0,0.5,0.5,0.77778,0.82222,1.0,1.0,0.5,1.0,0.61668,0.97886,0.11111,0.99416,0.98839,0.0,0.0,1.0,1.0,0.5,0.8,1.0,1.0,0.5,0.5,0.5,1.0,1.0,0.5,0.5,0.5,0.5,0.5,1.0,1.0,1.0,0.5,0.5,0.45,0.2,1.0,1.0,1.0,1.0,0.0,0.5,0.5,0.5,0.5,0.5,0.5,0.5,0.1083,0.9,0.06667,0.0,1.0,0.0,0.0,0.53,0.0,0.5,0.5,0.77778,0.82222,1.0,1.0,0.5,1.0,0.60234,0.86048,0.11111,0.99416,0.98839,0.0,0.0,1.0,1.0,0.5,0.0,1.0,1.0,0.5,0.5,0.5,1.0,1.0,0.5,0.5,0.5,0.5,0.5,1.0,1.0,1.0,0.5,0.5,1.0,0.1,0.0,1.0,1.0,1.0,0.0,0.5
1.0,0.0,1.0,0.0,0.2,0.1,0.06887,0.1,0.23333,0.0,1.0,0.0,0.0,0.41,0.02,0.39922,0.0,1.0,0.91111,1.0,1.0,1.0,0.0,0.0001,1.0,0.0,0.67704,0.57908,0.0,0.0,0.94394,0.88889,1.0,1.0,1.0,1.0,0.5,0.5,0.5,1.0,1.0,1.0,1.0,0.995,0.13743,0.19724,0.0,1.0,1.0,1.0,1.0,1.0,0.0,0.0,1.0,0.0,1.0,0.66667,1.0,0.0,0.5,0.0,0.5,0.1,0.5,0.06887,0.1,0.23333,0.0,1.0,0.0,1.0,0.41,0.02,0.61784,0.0,1.0,0.91111,1.0,1.0,1.0,0.0,0.77846,1.0,0.11111,0.68339,0.57908,0.0,0.0,0.95357,1.0,1.0,0.8,1.0,1.0,0.5,0.5,0.5,1.0,1.0,0.5,0.5,0.5,0.0,0.0,1.0,1.0,1.0,1.0,1.0,0.2,0.4,0.75,0.0,1.0,1.0,0.75,1.0,0.0,1.0,0.0,1.0,0.1,0.2,0.06887,0.1,0.23333,0.0,1.0,0.0,0.0,0.41,0.02,0.79504,0.0,1.0,1.0,1.0,1.0,1.0,0.0,0.94023,1.0,0.11111,0.67224,0.57908,0.0,0.0,0.76412,0.77778,0.0,0.8,1.0,1.0,0.5,0.5,0.5,1.0,1.0,0.5,0.5,0.5,0.0627,0.097,0.6,1.0,1.0,1.0,1.0,0.6,0.2,0.25,0.0,1.0,1.0,0.5,1.0,0.5,0.5,0.5,0.5,0.5,0.5,0.06887,0.1,0.23333,0.0,1.0,0.0,0.0,0.41,0.02,0.42843,0.0,1.0,0.91111,1.0,1.0,0.5,0.0,0.73586,0.95566,0.11111,0.68339,0.57908,0.0,0.0,0.95357,1.0,0.5,0.65,1.0,1.0,0.5,0.5,0.5,1.0,1.0,0.5,0.5,0.5,0.0,0.0,1.0,1.0,1.0,1.0,1.0,0.35,0.3,0.5,0.0,1.0,1.0,0.75,0.5,0.5,0.5,0.5,0.5,0.5,0.5,0.06887,0.1,0.23333,0.0,1.0,0.0,0.0,0.41,0.02,0.61784,0.0,1.0,0.91111,1.0,1.0,0.5,1.0,0.96599,1.0,0.0,0.67704,0.57908,0.0,0.0,0.94394,0.88889,0.5,0.7,1.0,1.0,0.5,0.5,0.5,1.0,1.0,0.5,0.5,0.5,0.0,0.0,1.0,1.0,1.0,1.0,1.0,0.3,0.2,0.33333,0.0,1.0,1.0,0.66667,0.5,0.0,0.0,0.0,0.0,0.2,0.1,0.06887,0.1,0.23333,0.0,1.0,0.0,0.0,0.41,0.02,0.81178,0.0,1.0,1.0,1.0,1.0,0.73333,1.0,0.77779,1.0,0.11111,0.66788,0.57908,0.0,0.0,0.94623,0.77778,0.44444,0.5,1.0,1.0,0.5,0.5,0.5,1.0,1.0,0.5,0.5,0.5,0.0,0.0578,1.0,1.0,1.0,1.0,1.0,0.5,0.3,0.5,0.0,0.5,1.0,0.5,1.0,0.5,0.5,0.5,0.5,0.5,0.5,0.06887,0.1,0.23333,0.0,1.0,0.0,0.0,0.41,0.02,0.88571,0.0,1.0,1.0,1.0,1.0,0.5,0.0,0.41707,0.66202,0.0,0.67704,0.57908,0.0,0.0,0.94394,0.88889,0.5,0.8,1.0,1.0,0.5,0.5,0.5,1.0,1.0,0.5,0.5,0.5,0.0,0.0,1.0,1.0,1.0,1.0,1.0,0.2,0.4,1.0,0.0,0.66667,1.0,0.66667,0.5,0.5,0.5,0.5,0.5,0.5,0.5,0.06887,0.1,0.23333,0.0,1.0,0.0,0.0,0.41,0.02,0.61784,0.0,1.0,0.91111,1.0,1.0,0.5,0.0,0.77846,1.0,0.11111,0.68339,0.57908,0.0,0.0,0.95357,1.0,0.5,0.0,1.0,1.0,0.5,0.5,0.5,1.0,1.0,0.5,0.5,0.5,0.0,0.0,1.0,1.0,1.0,1.0,1.0,1.0,0.1,0.0,1.0,0.0,1.0,0.75,0.5
1.0,0.0,1.0,0.0,0.2,0.1,0.03414,0.1,0.3,0.0,1.0,0.0,0.0,0.36,0.07,0.81405,0.0,1.0,1.0,1.0,1.0,1.0,0.0,0.0001,1.0,0.0,0.36441,0.27529,0.0,0.0,0.94152,0.88889,1.0,1.0,0.9,0.9215,1.0,0.5,0.0,1.0,1.0,1.0,1.0,0.995,0.10046,0.03817,0.0,1.0,1.0,1.0,1.0,1.0,0.0,0.0,1.0,0.0,1.0,0.0,1.0,0.0,0.5,0.0,0.5,0.1,0.5,0.03414,0.1,0.3,0.0,1.0,0.0,1.0,0.36,0.07,0.86411,0.0,1.0,1.0,1.0,1.0,1.0,0.0,0.76417,1.0,0.11111,0.35197,0.27529,0.0,0.0,0.93589,1.0,1.0,0.0,0.9,0.9215,1.0,1.0,1.0,1.0,1.0,0.5,0.5,0.5,0.0,0.0,1.0,1.0,1.0,1.0,1.0,1.0,0.1,0.0,1.0,0.0,1.0,0.0,1.0,0.0,1.0,0.0,1.0,0.1,0.2,0.03414,0.1,0.3,0.0,1.0,0.0,0.0,0.36,0.07,0.91888,0.0,1.0,1.0,1.0,1.0,1.0,0.0,0.89335,1.0,0.11111,0.35544,0.27529,0.0,0.0,0.76257,0.77778,0.0,0.0,0.9,0.9215,1.0,0.5,1.0,1.0,1.0,0.5,0.5,0.5,0.0,0.0,1.0,1.0,1.0,1.0,1.0,1.0,0.1,0.0,1.0,0.0,1.0,0.0,1.0,0.5,0.5,0.5,0.5,0.5,0.5,0.03414,0.1,0.3,0.0,1.0,0.0,0.0,0.36,0.07,0.82092,0.0,1.0,1.0,1.0,1.0,0.5,1.0,0.72483,0.94134,0.11111,0.35197,0.27529,0.0,0.0,0.93589,1.0,0.5,0.0,0.9,0.9215,1.0,0.5,1.0,1.0,1.0,0.5,0.5,0.5,0.0,0.0,1.0,1.0,1.0,1.0,1.0,1.0,0.1,0.0,1.0,0.0,1.0,0.0,0.5,0.5,0.5,0.5,0.5,0.5,0.5,0.03414,0.1,0.3,0.0,1.0,0.0,0.0,0.36,0.07,0.86411,0.0,1.0,1.0,1.0,1.0,0.5,0.0,0.87758,1.0,0.0,0.36441,0.27529,0.0,0.0,0.94152,0.88889,0.5,0.0,0.9,0.9215,1.0,0.5,1.0,1.0,1.0,0.5,0.5,0.5,0.0,0.0,1.0,1.0,1.0,1.0,1.0,1.0,0.1,0.0,1.0,0.0,1.0,0.0,0.5,0.0,0.0,0.0,0.0,0.1,0.1,0.03414,0.1,0.3,0.0,1.0,0.0,0.0,0.36,0.07,0.92318,0.0,1.0,1.0,1.0,1.0,1.0,0.0,0.74683,1.0,0.11111,0.35544,0.27529,0.0,0.0,0.76257,0.77778,0.77778,0.1,0.9,0.9215,1.0,0.27911,1.0,1.0,1.0,0.5,0.5,0.5,0.0,0.0,1.0,1.0,1.0,1.0,1.0,0.9,0.2,0.25,1.0,1.0,1.0,0.0,1.0,0.5,0.5,0.5,0.5,0.5,0.5,0.03414,0.1,0.3,0.0,1.0,0.0,0.0,0.36,0.07,0.94208,0.0,1.0,1.0,1.0,1.0,0.5,0.0,0.18597,0.29519,0.11111,0.37696,0.27529,0.0,0.0,0.96978,0.77778,0.5,0.0,0.9,0.9215,1.0,0.5,1.0,1.0,1.0,0.5,0.5,0.5,0.0,0.0,1.0,1.0,1.0,1.0,1.0,1.0,0.1,0.0,1.0,0.0,1.0,0.0,0.5,0.5,0.5,0.5,0.5,0.5,0.5,0.03414,0.1,0.3,0.0,1.0,0.0,0.0,0.36,0.07,0.86411,0.0,1.0,1.0,1.0,1.0,0.5,0.0,0.76417,1.0,0.11111,0.35197,0.27529,0.0,0.0,0.93589,1.0,0.5,0.0,0.9,0.9215,1.0,0.5,1.0,1.0,1.0,0.5,0.5,0.5,0.0,0.0,1.0,1.0,1.0,1.0,1.0,1.0,0.1,0.0,1.0,0.0,1.0,0.0,0.5
0.0,0.5,0.0,0.5,0.3,0.5,0.09965,0.3,0.06667,0.0,1.0,0.0,1.0,0.16,0.0,0.5,0.5,0.97778,0.95556,1.0,1.0,0.97778,1.0,0.0001,1.0,0.0,1.0,1.0,1.0,0.0,1.0,1.0,1.0,0.5,1.0,1.0,0.5,0.5,0.5,1.0,1.0,0.5,0.5,0.5,0.5,0.5,1.0,1.0,1.0,0.5,0.5,1.0,0.1,1.0,1.0,1.0,1.0,1.0,1.0,0.5,0.5,0.5,0.5,0.5,0.5,0.09965,0.3,0.06667,0.0,1.0,0.0,0.0,0.16,0.0,0.5,0.5,0.97778,0.95556,1.0,1.0,0.5,1.0,0.58364,0.83377,0.11111,1.0,1.0,1.0,1.0,1.0,0.88889,0.5,0.8,1.0,1.0,0.5,0.5,0.5,1.0,1.0,0.5,0.5,0.5,0.5,0.5,1.0,1.0,1.0,0.5,0.5,0.2,0.2,1.0,1.0,1.0,1.0,0.0,0.5,0.5,0.5,0.5,0.5,0.5,0.5,0.09965,0.3,0.06667,0.0,1.0,0.0,0.0,0.16,0.0,0.5,0.5,0.97778,0.95556,1.0,1.0,0.5,1.0,0.61315,1.0,0.11111,1.0,1.0,1.0,1.0,1.0,0.88889,0.5,0.8,1.0,1.0,0.5,0.5,0.5,1.0,1.0,0.5,0.5,0.5,0.5,0.5,1.0,1.0,1.0,0.5,0.5,0.45,0.2,1.0,1.0,1.0,1.0,0.0,0.5,0.5,0.5,0.5,0.5,0.5,0.5,0.09965,0.3,0.06667,0.0,1.0,0.0,0.0,0.16,0.0,0.5,0.5,0.97778,0.95556,1.0,1.0,0.5,1.0,0.58145,0.75513,0.11111,1.0,1.0,1.0,1.0,1.0,0.88889,0.5,0.65,1.0,1.0,0.5,0.5,0.5,1.0,1.0,0.5,0.5,0.5,0.5,0.5,1.0,1.0,1.0,0.5,0.5,0.6,0.2,1.0,1.0,1.0,1.0,0.0,0.5,0.5,0.5,0.5,0.5,0.5,0.5,0.09965,0.3,0.06667,0.0,1.0,0.0,0.0,0.16,0.0,0.5,0.5,0.97778,0.95556,1.0,1.0,0.5,1.0,0.67169,1.0,0.11111,1.0,1.0,1.0,1.0,1.0,0.88889,0.5,0.7,1.0,1.0,0.5,0.5,0.5,1.0,1.0,0.5,0.5,0.5,0.5,0.5,1.0,1.0,1.0,0.5,0.5,0.3,0.2,1.0,1.0,1.0,1.0,0.0,0.5,0.5,0.5,0.5,0.5,0.5,0.5,0.09965,0.3,0.06667,0.0,1.0,0.0,0.0,0.16,0.0,0.5,0.5,0.97778,0.95556,1.0,1.0,0.5,1.0,0.01915,0.0266,0.0,1.0,1.0,1.0,0.0,1.0,1.0,0.5,0.5,1.0,1.0,0.5,0.5,0.5,1.0,1.0,0.5,0.5,0.5,0.5,0.5,1.0,1.0,1.0,0.5,0.5,1.0,0.1,1.0,1.0,1.0,1.0,1.0,0.5,0.5,0.5,0.5,0.5,0.5,0.5,0.09965,0.3,0.06667,0.0,1.0,0.0,0.0,0.16,0.0,0.5,0.5,0.97778,0.95556,1.0,1.0,0.5,1.0,0.02502,0.03971,0.0,1.0,1.0,1.0,0.0,1.0,1.0,0.5,0.8,1.0,1.0,0.5,0.5,0.5,1.0,1.0,0.5,0.5,0.5,0.5,0.5,1.0,1.0,1.0,0.5,0.5,1.0,0.1,1.0,1.0,1.0,1.0,1.0,0.5,0.5,0.5,0.5,0.5,0.5,0.5,0.09965,0.3,0.06667,0.0,1.0,0.0,0.0,0.16,0.0,0.5,0.5,0.97778,0.95556,1.0,1.0,0.5,1.0,0.58364,0.83377,0.11111,1.0,1.0,1.0,1.0,1.0,0.88889,0.5,0.0,1.0,1.0,0.5,0.5,0.5,1.0,1.0,0.5,0.5,0.5,0.5,0.5,1.0,1.0,1.0,0.5,0.5,1.0,0.1,0.0,1.0,1.0,1.0,0.0,0.5
0.0,0.0,0.0,0.0,0.3,0.9,0.05514,0.1,0.36667,0.0,1.0,0.0,0.0,0.39,0.0,0.92065,0.0,0.86667,1.0,1.0,1.0,0.73333,0.0,0.0001,1.0,0.0,0.64846,0.50052,0.0,0.0,0.90658,0.44444,0.77778,1.0,1.0,1.0,0.5,0.5,0.5,1.0,1.0,0.5,0.5,0.5,0.0,0.16592,1.0,1.0,1.0,0.5,0.5,1.0,0.0,0.0,1.0,1.0,1.0,0.5,1.0,1.0,1.0,0.0,1.0,0.1,0.4,0.05514,0.1,0.36667,0.0,1.0,0.0,0.0,0.39,0.0,0.92065,0.0,0.86667,1.0,1.0,1.0,0.68889,0.0,0.67623,0.96605,0.11111,0.59973,0.48939,0.0,0.0,0.89243,0.55556,0.77778,0.8,1.0,1.0,0.5,0.5,0.5,1.0,1.0,0.5,0.5,0.5,0.0,0.0,1.0,1.0,1.0,0.5,0.5,0.2,0.2,0.33333,1.0,1.0,1.0,0.33333,1.0,0.5,0.5,0.5,0.5,0.5,0.5,0.05514,0.1,0.36667,0.0,1.0,0.0,0.0,0.39,0.0,0.92065,0.0,0.86667,1.0,1.0,1.0,0.5,1.0,0.75753,1.0,0.11111,0.59973,0.48939,0.0,0.0,0.89243,0.55556,0.5,0.8,1.0,1.0,0.5,0.5,0.5,1.0,1.0,0.5,0.5,0.5,0.0,0.0,1.0,1.0,1.0,0.5,0.5,0.2,0.2,0.33333,1.0,1.0,1.0,0.33333,0.5,0.0,0.5,0.0,0.5,0.1,0.5,0.05514,0.1,0.36667,0.0,1.0,0.0,1.0,0.39,0.0,0.92065,0.0,0.86667,1.0,1.0,1.0,0.86667,0.0,0.6052,0.78597,0.55556,0.70401,0.48939,0.0,0.0,0.93044,1.0,0.55556,0.65,1.0,1.0,0.5,0.5,0.5,1.0,1.0,0.5,0.5,0.5,0.0,0.0,1.0,1.0,1.0,0.5,0.5,0.5,0.3,0.66667,1.0,1.0,1.0,0.0,0.55556,0.5,0.5,0.5,0.5,0.5,0.5,0.05514,0.1,0.36667,0.0,1.0,0.0,0.0,0.39,0.0,0.92065,0.0,0.86667,1.0,1.0,1.0,0.5,1.0,0.93407,1.0,0.11111,0.59973,0.48939,0.0,0.0,0.89243,0.55556,0.5,0.7,1.0,1.0,0.5,0.5,0.5,1.0,1.0,0.5,0.5,0.5,0.0,0.0,1.0,1.0,1.0,0.5,0.5,0.3,0.2,0.33333,0.0,1.0,1.0,0.33333,0.5,0.0,0.0,0.0,0.0,0.9,0.4,0.05514,0.1,0.36667,0.0,1.0,0.0,0.0,0.39,0.0,0.92065,0.0,0.86667,1.0,1.0,1.0,0.75556,1.0,0.12555,0.17437,0.0,0.64846,0.50052,0.0,0.0,0.90658,0.44444,0.77778,0.5,1.0,1.0,0.5,0.5,0.5,1.0,1.0,0.5,0.5,0.5,0.0,0.0,1.0,1.0,1.0,0.5,0.5,0.5,0.3,1.0,0.0,1.0,1.0,0.5,1.0,0.0,0.0,0.0,0.0,0.1,0.1,0.05514,0.1,0.36667,0.0,1.0,0.0,0.0,0.39,0.0,0.92065,0.0,0.86667,1.0,1.0,1.0,0.86667,1.0,0.16398,0.26029,0.0,0.64846,0.50052,0.0,0.0,0.90658,0.44444,1.0,0.8,1.0,1.0,0.5,0.5,0.5,1.0,1.0,0.5,0.5,0.5,0.0,0.0,1.0,1.0,1.0,0.5,0.5,0.2,0.3,1.0,0.0,1.0,1.0,0.5,1.0,0.5,0.5,0.5,0.5,0.5,0.5,0.05514,0.1,0.36667,0.0,1.0,0.0,0.0,0.39,0.0,0.92065,0.0,0.86667,1.0,1.0,1.0,0.5,0.0,0.67623,0.96605,0.11111,0.59973,0.48939,0.0,0.0,0.89243,0.55556,0.5,0.0,1.0,1.0,0.5,0.5,0.5,1.0,1.0,0.5,0.5,0.5,0.0,0.0,1.0,1.0,1.0,0.5,0.5,1.0,0.1,0.0,1.0,1.0,1.0,0.33333,0.5
1.0,0.5,1.0,0.5,0.7,0.5,0.10889,0.7,0.06667,0.0,1.0,0.0,1.0,0.34,0.0,0.5,0.5,0.82222,0.82222,1.0,1.0,0.82222,1.0,0.0001,1.0,0.0,1.0,1.0,1.0,0.0,1.0,1.0,0.88889,0.55,1.0,1.0,0.5,0.5,0.5,1.0,1.0,0.5,0.5,0.5,0.5,0.5,1.0,1.0,1.0,0.5,0.5,0.45,0.2,1.0,1.0,1.0,1.0,0.0,1.0,0.5,0.5,0.5,0.5,0.5,0.5,0.10889,0.7,0.06667,0.0,1.0,0.0,0.0,0.34,0.0,0.5,0.5,0.82222,0.82222,1.0,1.0,0.5,1.0,0.72764,1.0,0.22222,1.0,0.92404,0.66667,0.0,0.75,0.77778,0.5,0.8,1.0,1.0,0.5,0.5,0.5,1.0,1.0,0.5,0.5,0.5,0.5,0.5,1.0,1.0,1.0,0.5,0.5,0.2,0.4,1.0,1.0,1.0,1.0,0.0,0.5,0.5,0.5,0.5,0.5,0.5,0.5,0.10889,0.7,0.06667,0.0,1.0,0.0,0.0,0.34,0.0,0.5,0.5,0.82222,0.82222,1.0,1.0,0.5,1.0,0.81704,1.0,0.22222,1.0,0.92404,0.66667,0.0,0.75,0.77778,0.5,0.8,1.0,1.0,0.5,0.5,0.5,1.0,1.0,0.5,0.5,0.5,0.5,0.5,1.0,1.0,1.0,0.5,0.5,0.45,0.3,0.66667,1.0,1.0,1.0,0.0,0.5,0.5,0.5,0.5,0.5,0.5,0.5,0.10889,0.7,0.06667,0.0,1.0,0.0,0.0,0.34,0.0,0.5,0.5,0.82222,0.82222,1.0,1.0,0.5,1.0,0.6064,0.78754,0.11111,1.0,1.0,1.0,1.0,1.0,0.88889,0.5,0.65,1.0,1.0,0.5,0.5,0.5,1.0,1.0,0.5,0.5,0.5,0.5,0.5,1.0,1.0,1.0,0.5,0.5,0.55,0.3,1.0,1.0,1.0,1.0,0.0,0.5,0.5,0.5,0.5,0.5,0.5,0.5,0.10889,0.7,0.06667,0.0,1.0,0.0,0.0,0.34,0.0,0.5,0.5,0.82222,0.82222,1.0,1.0,0.5,1.0,0.99834,1.0,0.22222,1.0,0.92404,0.66667,0.0,0.75,0.77778,0.5,0.7,1.0,1.0,0.5,0.5,0.5,1.0,1.0,0.5,0.5,0.5,0.5,0.5,1.0,1.0,1.0,0.5,0.5,0.3,0.3,0.66667,1.0,1.0,1.0,0.0,0.5,0.5,0.5,0.5,0.5,0.5,0.5,0.10889,0.7,0.06667,0.0,1.0,0.0,0.0,0.34,0.0,0.5,0.5,0.82222,0.82222,1.0,1.0,0.5,1.0,0.7192,0.99888,0.22222,1.0,0.92404,0.66667,0.0,0.75,0.77778,0.5,0.5,1.0,1.0,0.5,0.5,0.5,1.0,1.0,0.5,0.5,0.5,0.5,0.5,1.0,1.0,1.0,0.5,0.5,0.5,0.3,0.66667,1.0,1.0,1.0,0.0,0.5,0.5,0.5,0.5,0.5,0.5,0.5,0.10889,0.7,0.06667,0.0,1.0,0.0,0.0,0.34,0.0,0.5,0.5,0.82222,0.82222,1.0,1.0,0.5,1.0,0.09323,0.14798,0.0,1.0,1.0,1.0,0.0,1.0,1.0,0.5,0.8,1.0,1.0,0.5,0.5,0.5,1.0,1.0,0.5,0.5,0.5,0.5,0.5,1.0,1.0,1.0,0.5,0.5,0.55,0.2,1.0,1.0,1.0,1.0,0.0,0.5,0.5,0.5,0.5,0.5,0.5,0.5,0.10889,0.7,0.06667,0.0,1.0,0.0,0.0,0.34,0.0,0.5,0.5,0.82222,0.82222,1.0,1.0,0.5,1.0,0.72764,1.0,0.22222,1.0,0.92404,0.66667,0.0,0.75,0.77778,0.5,0.0,1.0,1.0,0.5,0.5,0.5,1.0,1.0,0.5,0.5,0.5,0.5,0.5,1.0,1.0,1.0,0.5,0.5,1.0,0.1,0.0,1.0,1.0,1.0,0.0,0.5
1.0,0.0,1.0,0.0,0.7,0.3,0.09393,0.4,0.13333,0.0,1.0,0.0,0.0,0.42,0.01,0.02393,0.0,1.0,0.93333,0.73333,1.0,0.8,0.0,0.0001,1.0,0.0,1.0,1.0,1.0,0.0,0.94611,0.88889,0.77778,1.0,1.0,1.0,0.5,0.5,0.5,1.0,1.0,0.5,0.5,0.5,0.26414,0.10567,0.0,1.0,1.0,0.5,0.5,1.0,0.0,0.0,1.0,1.0,1.0,1.0,1.0,0.5,0.5,0.5,0.5,0.5,0.5,0.09393,0.4,0.13333,0.0,1.0,0.0,0.0,0.42,0.01,0.37331,0.0,1.0,0.93333,0.73333,1.0,0.5,0.0,0.66476,0.94966,0.11111,1.0,1.0,1.0,0.0,0.97287,1.0,0.5,0.8,1.0,1.0,0.5,0.5,0.5,1.0,1.0,0.5,0.5,0.5,0.58166,0.0,0.35,1.0,1.0,0.5,0.5,0.85,0.4,1.0,0.66667,1.0,1.0,0.66667,0.5,0.5,0.5,0.5,0.5,0.5,0.5,0.09393,0.4,0.13333,0.0,1.0,0.0,0.0,0.42,0.01,0.69261,0.0,1.0,0.93333,0.73333,1.0,0.5,0.0,0.74512,1.0,0.11111,1.0,1.0,1.0,0.0,0.97287,1.0,0.5,0.75,1.0,1.0,0.5,0.5,0.5,1.0,1.0,0.5,0.5,0.5,0.0,0.0,1.0,1.0,1.0,0.5,0.5,0.4,0.2,0.33333,1.0,1.0,1.0,0.66667,0.5,1.0,0.5,0.0,0.5,0.4,0.5,0.09393,0.4,0.13333,0.0,1.0,0.0,1.0,0.42,0.01,0.06972,0.0,1.0,0.93333,0.73333,1.0,1.0,0.0,0.64135,0.83293,0.11111,1.0,1.0,1.0,0.0,0.97287,1.0,0.77778,0.65,1.0,1.0,0.5,0.5,0.5,1.0,1.0,0.5,0.5,0.5,0.0,0.0,1.0,1.0,1.0,0.5,0.5,0.35,0.3,0.66667,0.5,1.0,1.0,0.66667,0.77778,0.5,0.5,0.5,0.5,0.5,0.5,0.09393,0.4,0.13333,0.0,1.0,0.0,0.0,0.42,0.01,0.37331,0.0,1.0,0.93333,0.73333,1.0,0.5,0.0,0.9437,1.0,0.11111,1.0,0.95884,0.66667,0.0,0.91529,0.77778,0.5,0.7,1.0,1.0,0.5,0.5,0.5,1.0,1.0,0.5,0.5,0.5,0.0,0.0,1.0,1.0,1.0,0.5,0.5,0.3,0.4,1.0,0.33333,1.0,1.0,1.0,0.5,0.0,0.0,0.0,0.0,0.3,0.4,0.09393,0.4,0.13333,0.0,1.0,0.0,0.0,0.42,0.01,0.72316,0.0,1.0,0.93333,0.73333,1.0,0.93333,0.0,0.65743,0.9131,0.11111,1.0,1.0,1.0,0.0,0.97287,1.0,0.77778,0.5,1.0,1.0,0.5,0.5,0.5,1.0,1.0,0.5,0.5,0.5,0.0,0.0,1.0,1.0,1.0,0.5,0.5,0.5,0.3,0.66667,0.5,1.0,1.0,0.66667,1.0,0.5,0.5,0.5,0.5,0.5,0.5,0.09393,0.4,0.13333,0.0,1.0,0.0,0.0,0.42,0.01,0.86047,0.0,1.0,0.93333,0.73333,1.0,0.5,1.0,0.69567,1.0,0.11111,1.0,1.0,1.0,0.0,0.97287,1.0,0.5,0.5,1.0,1.0,0.5,0.5,0.5,1.0,1.0,0.5,0.5,0.5,0.0,0.0,1.0,1.0,1.0,0.5,0.5,0.5,0.4,1.0,0.66667,1.0,1.0,0.66667,0.5,0.5,0.5,0.5,0.5,0.5,0.5,0.09393,0.4,0.13333,0.0,1.0,0.0,0.0,0.42,0.01,0.37331,0.0,1.0,0.93333,0.73333,1.0,0.5,0.0,0.66476,0.94966,0.11111,1.0,1.0,1.0,0.0,0.97287,1.0,0.5,0.65,1.0,1.0,0.5,0.5,0.5,1.0,1.0,0.5,0.5,0.5,0.58166,0.0,0.35,1.0,1.0,0.5,0.5,1.0,0.1,0.0,1.0,1.0,1.0,0.66667,0.5
1.0,0.5,1.0,0.5,0.7,0.5,0.10169,0.7,0.06667,0.0,1.0,0.0,1.0,0.23,0.0,0.5,0.5,0.91111,0.97778,1.0,1.0,0.91111,1.0,0.0001,1.0,0.0,1.0,1.0,1.0,0.0,1.0,1.0,1.0,0.5,1.0,1.0,0.5,0.5,0.5,1.0,1.0,0.5,0.5,0.5,0.5,0.5,1.0,1.0,1.0,0.5,0.5,1.0,0.1,1.0,1.0,1.0,1.0,1.0,1.0,0.5,0.5,0.5,0.5,0.5,0.5,0.10169,0.7,0.06667,0.0,1.0,0.0,0.0,0.23,0.0,0.5,0.5,0.91111,0.97778,1.0,1.0,0.5,1.0,0.59006,0.84294,0.11111,1.0,1.0,1.0,0.0,1.0,0.88889,0.5,0.8,1.0,1.0,0.5,0.5,0.5,1.0,1.0,0.5,0.5,0.5,0.5,0.5,1.0,1.0,1.0,0.5,0.5,0.2,0.2,1.0,1.0,1.0,1.0,0.0,0.5,0.5,0.5,0.5,0.5,0.5,0.5,0.10169,0.7,0.06667,0.0,1.0,0.0,0.0,0.23,0.0,0.5,0.5,0.91111,0.97778,1.0,1.0,0.5,1.0,0.62178,1.0,0.11111,1.0,1.0,1.0,0.0,1.0,0.88889,0.5,0.8,1.0,1.0,0.5,0.5,0.5,1.0,1.0,0.5,0.5,0.5,0.5,0.5,1.0,1.0,1.0,0.5,0.5,0.45,0.2,1.0,1.0,1.0,1.0,0.0,0.5,0.5,0.5,0.5,0.5,0.5,0.5,0.10169,0.7,0.06667,0.0,1.0,0.0,0.0,0.23,0.0,0.5,0.5,0.91111,0.97778,1.0,1.0,0.5,1.0,0.57387,0.74529,0.11111,1.0,1.0,1.0,1.0,1.0,0.88889,0.5,0.65,1.0,1.0,0.5,0.5,0.5,1.0,1.0,0.5,0.5,0.5,0.5,0.5,1.0,1.0,1.0,0.5,0.5,0.65,0.2,1.0,1.0,1.0,1.0,0.0,0.5,0.5,0.5,0.5,0.5,0.5,0.5,0.10169,0.7,0.06667,0.0,1.0,0.0,0.0,0.23,0.0,0.5,0.5,0.91111,0.97778,1.0,1.0,0.5,1.0,0.68469,1.0,0.11111,1.0,1.0,1.0,0.0,1.0,0.88889,0.5,0.7,1.0,1.0,0.5,0.5,0.5,1.0,1.0,0.5,0.5,0.5,0.5,0.5,1.0,1.0,1.0,0.5,0.5,0.3,0.2,1.0,1.0,1.0,1.0,0.0,0.5,0.5,0.5,0.5,0.5,0.5,0.5,0.10169,0.7,0.06667,0.0,1.0,0.0,0.0,0.23,0.0,0.5,0.5,0.91111,0.97778,1.0,1.0,0.5,1.0,0.587,0.81527,0.11111,1.0,1.0,1.0,0.0,1.0,0.88889,0.5,0.5,1.0,1.0,0.5,0.5,0.5,1.0,1.0,0.5,0.5,0.5,0.5,0.5,1.0,1.0,1.0,0.5,0.5,0.5,0.2,1.0,1.0,1.0,1.0,0.0,0.5,0.5,0.5,0.5,0.5,0.5,0.5,0.10169,0.7,0.06667,0.0,1.0,0.0,0.0,0.23,0.0,0.5,0.5,0.91111,0.97778,1.0,1.0,0.5,1.0,0.02605,0.04136,0.0,1.0,1.0,1.0,0.0,1.0,1.0,0.5,0.8,1.0,1.0,0.5,0.5,0.5,1.0,1.0,0.5,0.5,0.5,0.5,0.5,1.0,1.0,1.0,0.5,0.5,1.0,0.1,1.0,1.0,1.0,1.0,1.0,0.5,0.5,0.5,0.5,0.5,0.5,0.5,0.10169,0.7,0.06667,0.0,1.0,0.0,0.0,0.23,0.0,0.5,0.5,0.91111,0.97778,1.0,1.0,0.5,1.0,0.59006,0.84294,0.11111,1.0,1.0,1.0,0.0,1.0,0.88889,0.5,0.0,1.0,1.0,0.5,0.5,0.5,1.0,1.0,0.5,0.5,0.5,0.5,0.5,1.0,1.0,1.0,0.5,0.5,1.0,0.1,0.0,1.0,1.0,1.0,0.0,0.5
1.0,1.0,1.0,0.0,1.0,0.5,0.06624,0.1,0.43333,0.0,1.0,0.0,0.0,0.39,0.02,0.99859,0.0,1.0,1.0,1.0,1.0,0.68889,0.0,0.0001,1.0,0.0,0.85108,0.74077,0.0,0.0,1.0,0.88889,0.88889,1.0,1.0,1.0,0.5,0.5,0.5,1.0,1.0,0.5,0.5,0.5,0.19629,0.04641,0.0,1.0,1.0,0.82015,1.0,1.0,0.0,0.0,1.0,0.0,1.0,0.0,1.0,1.0,0.5,1.0,0.5,0.1,0.5,0.06624,0.1,0.43333,0.0,1.0,0.0,1.0,0.39,0.02,0.97936,0.0,1.0,1.0,1.0,1.0,1.0,1.0,0.61059,0.87227,0.11111,0.7824,0.67366,0.0,0.0,1.0,1.0,1.0,0.75,1.0,1.0,0.5,0.41925,0.5,1.0,1.0,0.82015,1.0,0.5,0.0,0.04641,1.0,1.0,1.0,0.82015,1.0,0.25,0.3,1.0,1.0,1.0,1.0,0.0,1.0,1.0,1.0,1.0,0.0,0.9,0.4,0.06624,0.1,0.43333,0.0,1.0,0.0,0.0,0.39,0.02,0.96383,0.0,1.0,1.0,1.0,1.0,0.77778,1.0,0.65475,1.0,0.11111,0.7824,0.67366,0.0,1.0,1.0,1.0,0.77778,0.75,1.0,1.0,0.5,0.5,0.5,1.0,1.0,0.53319,0.55333,1.0,0.0,0.0,1.0,1.0,1.0,0.82015,1.0,0.25,0.3,1.0,1.0,1.0,1.0,0.0,1.0,0.5,0.5,0.5,0.5,0.5,0.5,0.06624,0.1,0.43333,0.0,1.0,0.0,0.0,0.39,0.02,0.99592,0.0,1.0,1.0,1.0,1.0,0.5,1.0,0.5972,0.77558,0.11111,0.7824,0.67366,0.0,0.0,1.0,1.0,0.5,0.65,1.0,1.0,0.5,0.5,0.5,1.0,1.0,0.5,0.5,0.5,0.0,0.0,1.0,1.0,1.0,0.82015,1.0,0.35,0.3,1.0,1.0,1.0,1.0,0.0,0.5,0.5,0.5,0.5,0.5,0.5,0.5,0.06624,0.1,0.43333,0.0,1.0,0.0,0.0,0.39,0.02,0.97936,0.0,1.0,1.0,1.0,1.0,0.5,0.0,0.74648,1.0,0.11111,0.7824,0.67366,0.0,0.0,1.0,1.0,0.5,0.7,1.0,1.0,0.5,0.5,0.5,1.0,1.0,0.5,0.5,0.5,0.0,0.0,1.0,1.0,1.0,0.82015,1.0,0.3,0.3,1.0,1.0,1.0,1.0,0.0,0.5,0.5,0.5,0.5,0.5,0.5,0.5,0.06624,0.1,0.43333,0.0,1.0,0.0,0.0,0.39,0.02,0.96244,0.0,1.0,1.0,1.0,1.0,0.5,1.0,0.81837,1.0,0.33333,0.65595,0.47328,0.0,0.0,0.9961,0.77778,0.5,0.5,1.0,1.0,0.5,0.5,0.5,1.0,1.0,0.5,0.5,0.5,0.0,0.0,1.0,1.0,1.0,0.82015,1.0,0.5,0.3,0.5,1.0,1.0,1.0,0.0,0.5,0.0,0.0,0.0,0.0,0.1,0.1,0.06624,0.1,0.43333,0.0,1.0,0.0,0.0,0.39,0.02,0.95634,0.0,1.0,1.0,1.0,1.0,1.0,0.0,0.06106,0.09691,0.0,0.85108,0.74077,0.0,0.0,1.0,0.88889,1.0,0.6,1.0,1.0,0.5,0.44677,0.5,1.0,1.0,0.39538,0.46703,0.75788,0.0,0.0,1.0,1.0,1.0,0.82015,1.0,0.4,0.2,1.0,1.0,1.0,1.0,0.0,1.0,0.5,0.5,0.5,0.5,0.5,0.5,0.06624,0.1,0.43333,0.0,1.0,0.0,0.0,0.39,0.02,0.97936,0.0,1.0,1.0,1.0,1.0,0.5,1.0,0.61059,0.87227,0.11111,0.7824,0.67366,0.0,0.0,1.0,1.0,0.5,0.0,1.0,1.0,0.5,0.5,0.5,1.0,1.0,0.5,0.5,0.5,0.0,0.04641,1.0,1.0,1.0,0.82015,1.0,1.0,0.1,0.0,1.0,0.0,1.0,0.0,0.5
1.0,0.5,1.0,0.5,0.85,0.5,0.10117,0.85,0.06667,0.0,1.0,0.0,1.0,0.14,0.0,0.5,0.5,1.0,1.0,1.0,1.0,1.0,1.0,0.0001,1.0,0.0,1.0,1.0,1.0,0.0,1.0,1.0,1.0,0.5,1.0,1.0,0.5,0.5,0.5,1.0,1.0,0.5,0.5,0.5,0.5,0.5,1.0,1.0,1.0,0.5,0.5,1.0,0.1,1.0,1.0,1.0,1.0,1.0,1.0,0.5,0.5,0.5,0.5,0.5,0.5,0.10117,0.85,0.06667,0.0,1.0,0.0,0.0,0.14,0.0,0.5,0.5,1.0,1.0,1.0,1.0,0.5,1.0,0.58895,0.84135,0.11111,1.0,1.0,1.0,1.0,1.0,0.88889,0.5,0.8,1.0,1.0,0.5,0.5,0.5,1.0,1.0,0.5,0.5,0.5,0.5,0.5,1.0,1.0,1.0,0.5,0.5,0.2,0.2,1.0,1.0,1.0,1.0,0.0,0.5,0.5,0.5,0.5,0.5,0.5,0.5,0.10117,0.85,0.06667,0.0,1.0,0.0,0.0,0.14,0.0,0.5,0.5,1.0,1.0,1.0,1.0,0.5,1.0,0.62027,1.0,0.11111,1.0,1.0,1.0,1.0,1.0,0.88889,0.5,0.8,1.0,1.0,0.5,0.5,0.5,1.0,1.0,0.5,0.5,0.5,0.5,0.5,1.0,1.0,1.0,0.5,0.5,0.45,0.2,1.0,1.0,1.0,1.0,0.0,0.5,0.5,0.5,0.5,0.5,0.5,0.5,0.10117,0.85,0.06667,0.0,1.0,0.0,0.0,0.14,0.0,0.5,0.5,1.0,1.0,1.0,1.0,0.5,1.0,0.57918,0.75218,0.11111,1.0,1.0,1.0,1.0,1.0,0.88889,0.5,0.65,1.0,1.0,0.5,0.5,0.5,1.0,1.0,0.5,0.5,0.5,0.5,0.5,1.0,1.0,1.0,0.5,0.5,0.65,0.2,1.0,1.0,1.0,1.0,0.0,0.5,0.5,0.5,0.5,0.5,0.5,0.5,0.10117,0.85,0.06667,0.0,1.0,0.0,0.0,0.14,0.0,0.5,0.5,1.0,1.0,1.0,1.0,0.5,1.0,0.68238,1.0,0.11111,1.0,1.0,1.0,1.0,1.0,0.88889,0.5,0.7,1.0,1.0,0.5,0.5,0.5,1.0,1.0,0.5,0.5,0.5,0.5,0.5,1.0,1.0,1.0,0.5,0.5,0.3,0.2,1.0,1.0,1.0,1.0,0.0,0.5,0.5,0.5,0.5,0.5,0.5,0.5,0.10117,0.85,0.06667,0.0,1.0,0.0,0.0,0.14,0.0,0.5,0.5,1.0,1.0,1.0,1.0,0.5,1.0,0.01974,0.02742,0.0,1.0,1.0,1.0,0.0,1.0,1.0,0.5,0.5,1.0,1.0,0.5,0.5,0.5,1.0,1.0,0.5,0.5,0.5,0.5,0.5,1.0,1.0,1.0,0.5,0.5,1.0,0.1,1.0,1.0,1.0,1.0,1.0,0.5,0.5,0.5,0.5,0.5,0.5,0.5,0.10117,0.85,0.06667,0.0,1.0,0.0,0.0,0.14,0.0,0.5,0.5,1.0,1.0,1.0,1.0,0.5,1.0,0.02579,0.04093,0.0,1.0,1.0,1.0,0.0,1.0,1.0,0.5,0.8,1.0,1.0,0.5,0.5,0.5,1.0,1.0,0.5,0.5,0.5,0.5,0.5,1.0,1.0,1.0,0.5,0.5,1.0,0.1,1.0,1.0,1.0,1.0,1.0,0.5,0.5,0.5,0.5,0.5,0.5,0.5,0.10117,0.85,0.06667,0.0,1.0,0.0,0.0,0.14,0.0,0.5,0.5,1.0,1.0,1.0,1.0,0.5,1.0,0.58895,0.84135,0.11111,1.0,1.0,1.0,1.0,1.0,0.88889,0.5,0.0,1.0,1.0,0.5,0.5,0.5,1.0,1.0,0.5,0.5,0.5,0.5,0.5,1.0,1.0,1.0,0.5,0.5,1.0,0.1,0.0,1.0,1.0,1.0,0.0,0.5
1.0,0.0,1.0,0.0,0.5,0.1,0.02623,0.1,0.36667,0.0,1.0,0.0,0.0,0.48,0.05,0.64884,0.0,1.0,1.0,1.0,1.0,1.0,0.0,0.0001,1.0,0.0,0.2959,0.23228,0.0,0.0,0.98347,0.88889,1.0,0.0,0.8,0.73097,0.0,0.5,0.0,1.0,1.0,0.76162,1.0,0.84239,0.0,0.0,1.0,1.0,1.0,0.46421,0.78663,1.0,0.1,0.0,1.0,0.0,1.0,0.0,1.0,0.0,0.5,0.0,0.5,0.1,0.5,0.02623,0.1,0.36667,0.0,1.0,0.0,1.0,0.48,0.05,0.77598,0.0,1.0,1.0,1.0,1.0,1.0,0.0,0.81071,1.0,0.11111,0.29265,0.23228,0.0,0.0,0.98604,1.0,1.0,0.95,0.8,0.73097,0.0,0.0,0.0,1.0,1.0,0.46421,0.78663,0.5,1.0,0.0,0.05,1.0,1.0,0.46421,0.78663,1.0,0.1,0.0,1.0,0.0,1.0,0.0,1.0,1.0,1.0,1.0,1.0,0.1,0.1,0.02623,0.1,0.36667,0.0,1.0,0.0,0.0,0.48,0.05,0.8849,0.0,1.0,1.0,1.0,1.0,1.0,1.0,0.97987,1.0,0.11111,0.29265,0.23228,0.0,0.0,0.98604,1.0,0.88889,0.0,0.8,0.73097,0.0,0.5,0.49663,1.0,1.0,0.5,0.5,0.5,0.0,0.0,1.0,1.0,1.0,0.46421,0.78663,1.0,0.1,0.0,1.0,0.0,1.0,0.0,1.0,1.0,1.0,1.0,1.0,0.1,0.5,0.02623,0.1,0.36667,0.0,1.0,0.0,0.0,0.48,0.05,0.66601,0.0,1.0,1.0,1.0,1.0,1.0,0.0,0.76237,0.99009,0.11111,0.29265,0.23228,0.0,0.0,0.98604,1.0,0.22222,0.0,0.8,0.73097,0.0,0.5,0.49663,1.0,1.0,0.5,0.5,0.5,0.0,0.0,1.0,1.0,1.0,0.46421,0.78663,1.0,0.1,0.0,1.0,0.0,1.0,0.0,1.0,0.0,0.0,0.0,0.0,0.1,0.1,0.02623,0.1,0.36667,0.0,1.0,0.0,0.0,0.48,0.05,0.77598,0.0,1.0,1.0,1.0,1.0,1.0,0.0,0.79569,1.0,0.0,0.2959,0.23228,0.0,0.0,0.98347,0.88889,0.88889,0.0,0.8,0.73097,0.0,0.23746,0.49663,1.0,1.0,0.5,0.5,0.5,0.0,0.0,1.0,1.0,1.0,0.46421,0.78663,1.0,0.1,0.0,1.0,0.0,1.0,0.0,1.0,0.5,0.5,0.5,0.5,0.5,0.5,0.02623,0.1,0.36667,0.0,1.0,0.0,0.0,0.48,0.05,0.89498,0.0,1.0,1.0,1.0,1.0,0.5,0.0,0.79552,1.0,0.11111,0.29265,0.23228,0.0,0.0,0.98604,1.0,0.5,0.0,0.8,0.73097,0.0,0.5,0.27315,1.0,1.0,0.5,0.5,0.5,0.0,0.0,1.0,1.0,1.0,0.46421,0.78663,1.0,0.1,0.0,1.0,0.0,1.0,0.0,0.5,1.0,1.0,1.0,1.0,0.1,0.1,0.02623,0.1,0.36667,0.0,1.0,0.0,0.0,0.48,0.05,0.93958,0.0,1.0,1.0,1.0,1.0,1.0,0.0,0.49489,0.78554,0.0,0.2959,0.23228,0.0,0.0,0.98347,0.88889,1.0,0.0,0.8,0.73097,0.0,0.5,0.34764,1.0,1.0,0.5,0.5,0.5,0.0,0.0,1.0,1.0,1.0,0.46421,0.78663,1.0,0.1,0.0,1.0,0.0,1.0,0.0,1.0,0.5,0.5,0.5,0.5,0.5,0.5,0.02623,0.1,0.36667,0.0,1.0,0.0,0.0,0.48,0.05,0.77598,0.0,1.0,1.0,1.0,1.0,0.5,0.0,0.81071,1.0,0.11111,0.29265,0.23228,0.0,0.0,0.98604,1.0,0.5,0.95,0.8,0.73097,0.0,0.5,0.0,1.0,1.0,0.5,0.5,0.5,1.0,0.0,0.05,1.0,1.0,0.46421,0.78663,1.0,0.1,0.0,1.0,0.0,1.0,0.0,0.5
0.0,0.0,0.0,0.0,0.55,0.1,0.0677,0.3,0.33333,0.0,1.0,0.0,0.0,0.27,0.03,0.64927,0.0,1.0,1.0,1.0,1.0,0.62222,0.0,0.0001,1.0,0.0,0.81057,0.68148,0.0,0.0,0.98277,0.88889,0.88889,1.0,1.0,1.0,0.5,0.5,0.5,1.0,1.0,0.5,0.5,0.5,0.16887,0.0,0.0,1.0,1.0,0.60527,0.77231,1.0,0.0,0.0,1.0,0.0,1.0,0.0,1.0,0.0,0.5,0.0,0.5,0.3,0.5,0.0677,0.3,0.33333,0.0,1.0,0.0,1.0,0.27,0.03,0.77742,0.0,1.0,1.0,1.0,1.0,1.0,0.0,0.61732,0.88189,0.11111,0.75931,0.67405,0.0,0.0,0.98852,1.0,0.66667,0.8,1.0,1.0,0.5,0.5,0.5,1.0,1.0,0.60527,0.77231,0.5,0.0,0.0,1.0,1.0,1.0,0.60527,0.77231,0.2,0.3,1.0,1.0,0.5,1.0,0.0,1.0,0.5,0.5,0.5,0.5,0.5,0.5,0.0677,0.3,0.33333,0.0,1.0,0.0,0.0,0.27,0.03,0.88034,0.0,1.0,1.0,1.0,1.0,0.5,0.0,0.61709,1.0,0.11111,0.89498,0.68148,0.5,0.0,0.65901,0.77778,0.5,0.8,1.0,1.0,0.5,0.5,0.5,1.0,1.0,0.5,0.5,0.5,0.0,0.0,1.0,1.0,1.0,0.60527,0.77231,1.0,0.1,0.0,1.0,0.0,1.0,0.0,0.5,0.0,1.0,0.0,1.0,0.1,0.9,0.0677,0.3,0.33333,0.0,1.0,0.0,0.0,0.27,0.03,0.66711,0.0,1.0,1.0,1.0,1.0,0.62222,1.0,0.68442,0.88886,0.11111,0.54794,0.33248,0.0,0.0,0.98852,0.77778,0.88889,0.65,1.0,1.0,0.5,0.5,0.5,1.0,1.0,0.5,0.5,0.5,0.0,0.0,1.0,1.0,1.0,0.60527,0.77231,0.45,0.2,0.5,1.0,0.0,1.0,0.0,1.0,0.0,1.0,0.0,0.0,0.6,0.6,0.0677,0.3,0.33333,0.0,1.0,0.0,0.0,0.27,0.03,0.77742,0.0,1.0,1.0,1.0,1.0,0.73333,1.0,0.94798,1.0,0.11111,0.54794,0.33248,0.0,0.0,0.98852,0.77778,0.77778,0.7,1.0,1.0,0.5,0.5,0.5,1.0,1.0,0.5,0.5,0.5,0.0,0.0,1.0,1.0,1.0,0.60527,0.77231,0.3,0.2,0.5,1.0,0.0,1.0,0.0,1.0,0.5,0.5,0.5,0.5,0.5,0.5,0.0677,0.3,0.33333,0.0,1.0,0.0,0.0,0.27,0.03,0.88957,0.0,1.0,1.0,1.0,1.0,0.5,1.0,0.59872,0.83155,0.11111,0.80923,0.68148,0.0,0.0,0.98852,0.77778,0.5,0.5,1.0,1.0,0.5,0.5,0.5,1.0,1.0,0.5,0.5,0.5,0.0,0.0,1.0,1.0,1.0,0.60527,0.77231,0.5,0.2,0.5,1.0,0.0,1.0,0.0,0.5,0.0,0.0,0.0,0.0,0.3,0.2,0.0677,0.3,0.33333,0.0,1.0,0.0,0.0,0.27,0.03,0.92981,0.0,1.0,1.0,1.0,1.0,1.0,1.0,0.61942,0.98321,0.11111,0.80923,0.68148,0.0,0.0,0.98852,0.77778,0.88889,0.7,1.0,1.0,0.5,0.43815,0.5,1.0,1.0,0.5,0.5,0.5,0.0,0.0,1.0,1.0,1.0,0.60527,0.77231,0.3,0.3,1.0,1.0,0.5,1.0,0.0,0.77778,0.5,0.5,0.5,0.5,0.5,0.5,0.0677,0.3,0.33333,0.0,1.0,0.0,0.0,0.27,0.03,0.77742,0.0,1.0,1.0,1.0,1.0,0.5,0.0,0.61732,0.88189,0.11111,0.75931,0.67405,0.0,0.0,0.98852,1.0,0.5,0.0,1.0,1.0,0.5,0.5,0.5,1.0,1.0,0.5,0.5,0.5,0.0,0.0,1.0,1.0,1.0,0.60527,0.77231,1.0,0.1,0.0,1.0,0.0,1.0,0.0,0.5
1.0,0.5,1.0,0.5,0.5,0.5,0.10164,0.5,0.06667,0.0,1.0,0.0,1.0,0.37,0.0,0.5,0.5,0.84444,0.95556,1.0,1.0,0.84444,1.0,0.0001,1.0,0.0,1.0,1.0,1.0,0.0,1.0,1.0,1.0,1.0,1.0,1.0,0.5,0.5,0.5,1.0,1.0,0.5,0.5,0.5,0.5,0.5,0.0,1.0,1.0,0.5,0.5,1.0,0.0,0.0,1.0,1.0,1.0,1.0,1.0,0.5,0.5,0.5,0.5,0.5,0.5,0.10164,0.5,0.06667,0.0,1.0,0.0,0.0,0.37,0.0,0.5,0.5,0.84444,0.95556,1.0,1.0,0.5,1.0,0.57958,0.82798,0.11111,1.0,1.0,1.0,0.0,1.0,0.88889,0.5,0.8,1.0,1.0,0.5,0.5,0.5,1.0,1.0,0.5,0.5,0.5,0.5,0.5,1.0,1.0,1.0,0.5,0.5,0.2,0.2,1.0,1.0,1.0,1.0,0.0,0.5,0.5,0.5,0.5,0.5,0.5,0.5,0.10164,0.5,0.06667,0.0,1.0,0.0,0.0,0.37,0.0,0.5,0.5,0.84444,0.95556,1.0,1.0,0.5,1.0,0.60799,1.0,0.11111,1.0,1.0,1.0,0.0,1.0,0.88889,0.5,0.8,1.0,1.0,0.5,0.5,0.5,1.0,1.0,0.5,0.5,0.5,0.5,0.5,1.0,1.0,1.0,0.5,0.5,0.5,0.2,1.0,1.0,1.0,1.0,0.0,0.5,0.5,0.5,0.5,0.5,0.5,0.5,0.10164,0.5,0.06667,0.0,1.0,0.0,0.0,0.37,0.0,0.5,0.5,0.84444,0.95556,1.0,1.0,0.5,1.0,0.58012,0.7534,0.11111,1.0,1.0,1.0,1.0,1.0,0.88889,0.5,0.65,1.0,1.0,0.5,0.5,0.5,1.0,1.0,0.5,0.5,0.5,0.5,0.5,1.0,1.0,1.0,0.5,0.5,0.65,0.2,1.0,1.0,1.0,1.0,0.0,0.5,0.5,0.5,0.5,0.5,0.5,0.5,0.10164,0.5,0.06667,0.0,1.0,0.0,0.0,0.37,0.0,0.5,0.5,0.84444,0.95556,1.0,1.0,0.5,1.0,0.69967,1.0,0.11111,0.97536,0.9519,0.0,0.0,1.0,0.88889,0.5,0.7,1.0,1.0,0.5,0.5,0.5,1.0,1.0,0.5,0.5,0.5,0.5,0.5,1.0,1.0,1.0,0.5,0.5,0.3,0.2,1.0,1.0,1.0,1.0,0.0,0.5,0.5,0.5,0.5,0.5,0.5,0.5,0.10164,0.5,0.06667,0.0,1.0,0.0,0.0,0.37,0.0,0.5,0.5,0.84444,0.95556,1.0,1.0,0.5,1.0,0.01993,0.02768,0.0,1.0,1.0,1.0,0.0,1.0,1.0,0.5,0.5,1.0,1.0,0.5,0.5,0.5,1.0,1.0,0.5,0.5,0.5,0.5,0.5,1.0,1.0,1.0,0.5,0.5,1.0,0.1,1.0,1.0,1.0,1.0,1.0,0.5,0.5,0.5,0.5,0.5,0.5,0.5,0.10164,0.5,0.06667,0.0,1.0,0.0,0.0,0.37,0.0,0.5,0.5,0.84444,0.95556,1.0,1.0,0.5,1.0,0.02603,0.04131,0.0,1.0,1.0,1.0,0.0,1.0,1.0,0.5,0.8,1.0,1.0,0.5,0.5,0.5,1.0,1.0,0.5,0.5,0.5,0.5,0.5,1.0,1.0,1.0,0.5,0.5,1.0,0.1,1.0,1.0,1.0,1.0,1.0,0.5,0.5,0.5,0.5,0.5,0.5,0.5,0.10164,0.5,0.06667,0.0,1.0,0.0,0.0,0.37,0.0,0.5,0.5,0.84444,0.95556,1.0,1.0,0.5,1.0,0.57958,0.82798,0.11111,1.0,1.0,1.0,0.0,1.0,0.88889,0.5,0.0,1.0,1.0,0.5,0.5,0.5,1.0,1.0,0.5,0.5,0.5,0.5,0.5,1.0,1.0,1.0,0.5,0.5,1.0,0.1,0.0,1.0,1.0,1.0,0.0,0.5
1.0,0.5,1.0,0.5,0.8,0.5,0.10253,0.8,0.06667,0.0,1.0,0.0,1.0,0.34,0.0,0.5,0.5,0.93333,0.88889,1.0,1.0,0.93333,1.0,0.0001,1.0,0.0,1.0,1.0,1.0,0.0,1.0,1.0,1.0,0.5,1.0,1.0,0.5,0.5,0.5,1.0,1.0,0.5,0.5,0.5,0.5,0.5,1.0,1.0,1.0,0.5,0.5,1.0,0.1,1.0,1.0,1.0,1.0,1.0,1.0,0.5,0.5,0.5,0.5,0.5,0.5,0.10253,0.8,0.06667,0.0,1.0,0.0,0.0,0.34,0.0,0.5,0.5,0.93333,0.88889,1.0,1.0,0.5,1.0,0.59052,0.84361,0.11111,1.0,1.0,1.0,1.0,1.0,0.88889,0.5,0.8,1.0,1.0,0.5,0.5,0.5,1.0,1.0,0.5,0.5,0.5,0.5,0.5,1.0,1.0,1.0,0.5,0.5,0.2,0.2,1.0,1.0,1.0,1.0,0.0,0.5,0.5,0.5,0.5,0.5,0.5,0.5,0.10253,0.8,0.06667,0.0,1.0,0.0,0.0,0.34,0.0,0.5,0.5,0.93333,0.88889,1.0,1.0,0.5,1.0,0.62247,1.0,0.11111,1.0,1.0,1.0,1.0,1.0,0.88889,0.5,0.8,1.0,1.0,0.5,0.5,0.5,1.0,1.0,0.5,0.5,0.5,0.5,0.5,1.0,1.0,1.0,0.5,0.5,0.45,0.2,1.0,1.0,1.0,1.0,0.0,0.5,0.5,0.5,0.5,0.5,0.5,0.5,0.10253,0.8,0.06667,0.0,1.0,0.0,0.0,0.34,0.0,0.5,0.5,0.93333,0.88889,1.0,1.0,0.5,1.0,0.58057,0.75398,0.11111,1.0,1.0,1.0,1.0,1.0,0.88889,0.5,0.65,1.0,1.0,0.5,0.5,0.5,1.0,1.0,0.5,0.5,0.5,0.5,0.5,1.0,1.0,1.0,0.5,0.5,0.65,0.2,1.0,1.0,1.0,1.0,0.0,0.5,0.5,0.5,0.5,0.5,0.5,0.5,0.10253,0.8,0.06667,0.0,1.0,0.0,0.0,0.34,0.0,0.5,0.5,0.93333,0.88889,1.0,1.0,0.5,1.0,0.68587,1.0,0.11111,1.0,1.0,1.0,1.0,1.0,0.88889,0.5,0.7,1.0,1.0,0.5,0.5,0.5,1.0,1.0,0.5,0.5,0.5,0.5,0.5,1.0,1.0,1.0,0.5,0.5,0.3,0.2,1.0,1.0,1.0,1.0,0.0,0.5,0.5,0.5,0.5,0.5,0.5,0.5,0.10253,0.8,0.06667,0.0,1.0,0.0,0.0,0.34,0.0,0.5,0.5,0.93333,0.88889,1.0,1.0,0.5,1.0,0.58744,0.81589,0.11111,1.0,1.0,1.0,1.0,1.0,0.88889,0.5,0.5,1.0,1.0,0.5,0.5,0.5,1.0,1.0,0.5,0.5,0.5,0.5,0.5,1.0,1.0,1.0,0.5,0.5,0.5,0.2,1.0,1.0,1.0,1.0,0.0,0.5,0.5,0.5,0.5,0.5,0.5,0.5,0.10253,0.8,0.06667,0.0,1.0,0.0,0.0,0.34,0.0,0.5,0.5,0.93333,0.88889,1.0,1.0,0.5,1.0,0.60316,0.9574,0.11111,1.0,1.0,1.0,1.0,1.0,0.88889,0.5,0.8,1.0,1.0,0.5,0.5,0.5,1.0,1.0,0.5,0.5,0.5,0.5,0.5,1.0,1.0,1.0,0.5,0.5,0.45,0.2,1.0,1.0,1.0,1.0,0.0,0.5,0.5,0.5,0.5,0.5,0.5,0.5,0.10253,0.8,0.06667,0.0,1.0,0.0,0.0,0.34,0.0,0.5,0.5,0.93333,0.88889,1.0,1.0,0.5,1.0,0.59052,0.84361,0.11111,1.0,1.0,1.0,1.0,1.0,0.88889,0.5,0.0,1.0,1.0,0.5,0.5,0.5,1.0,1.0,0.5,0.5,0.5,0.5,0.5,1.0,1.0,1.0,0.5,0.5,1.0,0.1,0.0,1.0,1.0,1.0,0.0,0.5
1.0,1.0,1.0,0.0,0.7,0.2,0.06724,0.1,0.63333,0.0,1.0,0.0,0.0,0.55,0.05,0.64907,0.0,1.0,1.0,1.0,1.0,1.0,0.0,0.0001,1.0,0.0,0.69456,0.58336,0.0,0.0,1.0,0.88889,1.0,1.0,0.7,0.68444,0.0,0.5,0.0,1.0,1.0,1.0,1.0,1.0,0.11635,0.05761,0.0,1.0,1.0,0.60356,0.89123,1.0,0.0,0.0,1.0,0.0,1.0,0.0,1.0,0.0,0.5,0.0,0.5,0.1,0.5,0.06724,0.1,0.63333,0.0,1.0,0.0,1.0,0.55,0.05,0.77973,0.0,1.0,1.0,1.0,1.0,1.0,1.0,0.76831,1.0,0.11111,0.68451,0.58336,0.0,0.0,1.0,1.0,0.77778,1.0,0.7,0.68444,0.0,0.0,0.0,1.0,1.0,0.60356,0.89123,0.5,0.12971,0.07619,0.0,1.0,1.0,0.60356,0.89123,1.0,0.0,0.0,1.0,0.0,1.0,0.0,1.0,0.5,0.5,0.5,0.5,0.5,0.5,0.06724,0.1,0.63333,0.0,1.0,0.0,0.0,0.55,0.05,0.89228,0.0,1.0,1.0,1.0,1.0,0.5,0.0,0.90315,1.0,0.11111,0.68968,0.58336,0.0,1.0,0.8,0.77778,0.5,0.25,0.7,0.68444,0.0,0.5,0.90814,1.0,1.0,0.5,0.5,0.5,0.0,0.0,1.0,1.0,1.0,0.60356,0.89123,0.75,0.4,0.75,1.0,1.0,1.0,0.0,0.5,1.0,1.0,1.0,1.0,0.1,0.1,0.06724,0.1,0.63333,0.0,1.0,0.0,0.0,0.55,0.05,0.66667,0.0,1.0,1.0,1.0,1.0,1.0,0.0,0.72788,0.9453,0.11111,0.68451,0.58336,0.0,0.0,1.0,1.0,0.77778,0.2,0.7,0.68444,0.0,0.5,1.0,1.0,1.0,0.5,0.5,0.5,0.0,0.0,1.0,1.0,1.0,0.60356,0.89123,0.8,0.4,0.75,1.0,1.0,1.0,0.0,1.0,0.5,0.5,0.5,0.5,0.5,0.5,0.06724,0.1,0.63333,0.0,1.0,0.0,0.0,0.55,0.05,0.77973,0.0,1.0,1.0,1.0,1.0,0.5,0.0,0.93727,1.0,0.0,0.69456,0.58336,0.0,0.0,1.0,0.88889,0.5,0.25,0.7,0.68444,0.0,0.5,0.90814,1.0,1.0,0.5,0.5,0.5,0.0,0.0,1.0,1.0,1.0,0.60356,0.89123,0.75,0.4,1.0,1.0,1.0,1.0,0.0,0.5,0.5,0.5,0.5,0.5,0.5,0.5,0.06724,0.1,0.63333,0.0,1.0,0.0,0.0,0.55,0.05,0.90272,0.0,1.0,1.0,1.0,1.0,0.5,0.0,0.744,1.0,0.11111,0.70001,0.58336,0.0,0.0,0.99409,0.77778,0.5,0.45,0.7,0.68444,0.0,0.5,0.75678,1.0,1.0,0.5,0.5,0.5,0.0,0.0,1.0,1.0,1.0,0.60356,0.89123,0.55,0.4,0.75,1.0,1.0,1.0,0.0,0.5,1.0,1.0,0.0,1.0,0.1,0.7,0.06724,0.1,0.63333,0.0,1.0,0.0,0.0,0.55,0.05,0.94899,0.0,1.0,1.0,1.0,1.0,1.0,0.0,0.37783,0.59974,0.0,0.69456,0.58336,0.0,0.0,1.0,0.88889,1.0,0.3,0.7,0.68444,0.0,0.5,0.60543,1.0,1.0,0.5,0.5,0.5,0.0,0.0,1.0,1.0,1.0,0.60356,0.89123,0.7,0.4,1.0,1.0,1.0,1.0,0.0,1.0,0.5,0.5,0.5,0.5,0.5,0.5,0.06724,0.1,0.63333,0.0,1.0,0.0,0.0,0.55,0.05,0.77973,0.0,1.0,1.0,1.0,1.0,0.5,1.0,0.76831,1.0,0.11111,0.68451,0.58336,0.0,0.0,1.0,1.0,0.5,1.0,0.7,0.68444,0.0,0.5,0.0,1.0,1.0,0.5,0.5,0.5,0.10849,0.07619,0.0,1.0,1.0,0.60356,0.89123,1.0,0.0,0.0,1.0,0.0,1.0,0.0,0.5
1.0,0.0,1.0,0.0,0.85,0.7,0.07574,0.3,0.26667,0.0,1.0,0.0,0.0,0.48,0.03,0.0,0.99818,1.0,1.0,0.73333,1.0,0.55556,0.0,0.0001,1.0,0.0,0.9578,0.60325,0.5,0.0,0.89719,0.0,0.55556,1.0,1.0,1.0,0.5,0.5,0.5,1.0,1.0,0.5,0.5,0.5,0.39511,0.0345,0.0,1.0,1.0,0.5,0.5,1.0,0.0,0.0,1.0,1.0,1.0,0.0,1.0,1.0,0.5,1.0,0.5,0.3,0.5,0.07574,0.3,0.26667,0.0,1.0,0.0,1.0,0.48,0.03,0.0,0.97216,1.0,1.0,0.73333,1.0,1.0,1.0,0.97803,1.0,1.0,0.66797,0.50079,0.0,0.0,0.92912,1.0,1.0,0.8,1.0,1.0,0.5,0.5,0.5,1.0,1.0,0.5,0.5,0.5,0.0,0.0,1.0,1.0,1.0,0.5,0.5,0.2,0.5,0.8,0.25,0.75,1.0,0.8,1.0,0.0,0.0,0.0,0.0,0.7,0.8,0.07574,0.3,0.26667,0.0,1.0,0.0,0.0,0.48,0.03,0.0,0.94751,1.0,1.0,0.73333,1.0,0.55556,0.0,0.91687,1.0,0.11111,0.91476,0.60325,0.4,0.0,0.90148,0.11111,0.66667,0.6,1.0,1.0,0.5,0.5,0.5,1.0,1.0,0.5,0.5,0.5,0.0,0.0,1.0,1.0,1.0,0.5,0.5,0.4,0.2,0.2,1.0,1.0,1.0,0.2,0.88889,0.5,0.5,0.5,0.5,0.5,0.5,0.07574,0.3,0.26667,0.0,1.0,0.0,0.0,0.48,0.03,0.0,0.99471,1.0,1.0,0.73333,1.0,0.5,1.0,0.91189,1.0,1.0,0.66797,0.50079,0.0,0.0,0.92912,1.0,0.5,0.65,1.0,1.0,0.5,0.5,0.5,1.0,1.0,0.5,0.5,0.5,0.0,0.0,1.0,1.0,1.0,0.5,0.5,0.45,0.3,0.4,0.5,0.5,1.0,0.8,0.5,0.5,0.5,0.5,0.5,0.5,0.5,0.07574,0.3,0.26667,0.0,1.0,0.0,0.0,0.48,0.03,0.0,0.97216,1.0,1.0,0.73333,1.0,0.5,0.0,0.57457,1.0,0.11111,0.91476,0.60325,0.4,0.0,0.90148,0.11111,0.5,0.7,1.0,1.0,0.5,0.5,0.5,1.0,1.0,0.5,0.5,0.5,0.0,0.0,1.0,1.0,1.0,0.5,0.5,0.3,0.4,0.6,1.0,0.66667,1.0,0.2,0.5,0.5,0.5,0.5,0.5,0.5,0.5,0.07574,0.3,0.26667,0.0,1.0,0.0,0.0,0.48,0.03,0.0,0.94268,1.0,1.0,0.73333,1.0,0.5,0.0,0.75988,1.0,0.11111,0.91476,0.60325,0.4,0.0,0.90148,0.11111,0.5,0.4,1.0,1.0,0.5,0.5,0.5,1.0,1.0,0.5,0.5,0.5,0.0,0.0,1.0,1.0,1.0,0.5,0.5,0.6,0.4,0.6,1.0,0.66667,1.0,0.2,0.5,1.0,0.0,1.0,0.0,0.8,0.3,0.07574,0.3,0.26667,0.0,1.0,0.0,0.0,0.48,0.03,0.0,0.91913,0.73333,0.8,1.0,0.73333,0.77778,0.0,0.07907,0.1255,0.11111,0.85513,0.74692,0.0,0.0,1.0,0.55556,0.66667,0.8,1.0,1.0,0.5,0.5,0.5,1.0,1.0,0.5,0.5,0.5,0.0,0.0,1.0,1.0,1.0,0.5,0.5,0.25,0.2,1.0,1.0,1.0,1.0,1.0,1.0,0.5,0.5,0.5,0.5,0.5,0.5,0.07574,0.3,0.26667,0.0,1.0,0.0,0.0,0.48,0.03,0.0,0.97216,1.0,1.0,0.73333,1.0,0.5,1.0,0.97803,1.0,1.0,0.66797,0.50079,0.0,0.0,0.92912,1.0,0.5,0.0,1.0,1.0,0.5,0.5,0.5,1.0,1.0,0.5,0.5,0.5,0.0,0.0,1.0,1.0,1.0,0.5,0.5,1.0,0.1,0.0,1.0,1.0,1.0,0.8,0.5
1.0,1.0,1.0,1.0,0.9,0.8,0.0673,0.3,0.4,0.0,1.0,0.0,0.0,0.4,0.05,0.99973,0.0,1.0,0.93333,1.0,0.95556,0.6,0.0,0.0001,1.0,0.0,0.56408,0.4142,0.0,0.0,0.97084,1.0,0.44444,1.0,1.0,1.0,0.5,0.5,0.5,1.0,1.0,0.5,0.5,0.5,0.16947,0.09801,0.0,1.0,1.0,0.07011,0.09284,1.0,0.0,0.0,1.0,0.0,1.0,1.0,1.0,0.0,0.5,0.0,0.5,0.3,0.5,0.0673,0.3,0.4,0.0,1.0,0.0,1.0,0.4,0.05,0.98968,0.0,1.0,0.95556,0.86667,1.0,1.0,0.0,0.95528,1.0,0.0,0.56408,0.4142,0.0,0.0,0.97084,1.0,1.0,0.8,1.0,1.0,0.5,0.5,0.5,1.0,1.0,0.5,0.5,0.5,0.0,0.0,1.0,1.0,1.0,0.07011,0.09284,0.2,0.4,0.6,0.0,1.0,1.0,1.0,1.0,0.0,0.0,0.0,0.0,0.7,0.3,0.0673,0.3,0.4,0.0,1.0,0.0,0.0,0.4,0.05,0.0,0.98775,0.86667,0.95556,1.0,1.0,0.86667,1.0,0.90347,1.0,0.11111,0.54936,0.4142,0.0,0.0,0.9795,0.88889,0.33333,0.8,1.0,1.0,0.5,0.30851,0.5,1.0,1.0,0.07011,0.09284,0.8101,0.0,0.00379,1.0,1.0,1.0,0.07011,0.09284,0.2,0.2,0.25,0.0,1.0,1.0,1.0,0.88889,0.0,0.0,0.0,0.0,0.3,0.3,0.0673,0.3,0.4,0.0,1.0,0.0,0.0,0.4,0.05,0.99921,0.0,1.0,0.93333,1.0,0.95556,0.82222,0.0,0.05711,0.07417,0.66667,0.73146,0.57661,0.0,0.0,1.0,0.33333,0.33333,0.65,1.0,1.0,0.5,0.5,0.5,1.0,1.0,0.5,0.5,0.5,0.0,0.0,1.0,1.0,1.0,0.07011,0.09284,0.35,0.2,1.0,1.0,1.0,1.0,0.0,1.0,0.0,0.0,0.0,0.0,0.3,0.3,0.0673,0.3,0.4,0.0,1.0,0.0,0.0,0.4,0.05,0.98968,0.0,1.0,0.95556,0.86667,1.0,0.86667,0.0,0.6732,1.0,0.66667,0.73146,0.57661,0.0,0.0,1.0,0.33333,0.33333,0.7,1.0,1.0,0.5,0.5,0.5,1.0,1.0,0.5,0.5,0.5,0.0,0.0,1.0,1.0,1.0,0.07011,0.09284,0.3,0.2,1.0,1.0,1.0,1.0,0.0,1.0,0.5,0.5,0.5,0.5,0.5,0.5,0.0673,0.3,0.4,0.0,1.0,0.0,0.0,0.4,0.05,0.0,0.97732,0.86667,0.95556,1.0,1.0,0.5,1.0,0.98846,1.0,0.0,0.56408,0.4142,0.0,0.0,0.97084,1.0,0.5,0.5,1.0,1.0,0.5,0.5,0.5,1.0,1.0,0.5,0.5,0.5,0.0,0.0,1.0,1.0,1.0,0.07011,0.09284,0.5,0.5,0.8,0.0,0.5,1.0,1.0,0.5,0.0,0.0,0.0,0.0,0.7,0.5,0.0673,0.3,0.4,0.0,1.0,0.0,0.0,0.4,0.05,0.0,0.96068,1.0,0.95556,1.0,0.86667,1.0,0.0,0.65123,1.0,0.11111,0.69211,0.55577,0.0,0.0,0.94034,0.44444,0.88889,0.8,1.0,1.0,0.5,0.5,0.5,1.0,1.0,0.5,0.5,0.5,0.0,0.0,1.0,1.0,1.0,0.07011,0.09284,0.2,0.3,1.0,0.0,1.0,1.0,0.5,0.77778,0.5,0.5,0.5,0.5,0.5,0.5,0.0673,0.3,0.4,0.0,1.0,0.0,0.0,0.4,0.05,0.98968,0.0,1.0,0.95556,0.86667,1.0,0.5,0.0,0.95528,1.0,0.0,0.56408,0.4142,0.0,0.0,0.97084,1.0,0.5,0.0,1.0,1.0,0.5,0.5,0.5,1.0,1.0,0.5,0.5,0.5,0.0,0.0,1.0,1.0,1.0,0.07011,0.09284,1.0,0.1,0.0,1.0,0.0,1.0,1.0,0.5
1.0,1.0,1.0,1.0,0.9,0.8,0.05602,0.3,0.46667,0.0,1.0,0.0,0.0,0.34,0.05,0.9996,0.0,1.0,1.0,1.0,0.88889,0.6,1.0,0.55831,1.0,0.11111,0.42725,0.30011,0.0,0.0,0.98579,0.88889,0.55556,1.0,1.0,1.0,0.5,0.5,0.5,1.0,1.0,0.5,0.5,0.5,0.06852,0.09325,0.0,1.0,1.0,0.07011,0.09284,1.0,0.0,0.0,1.0,0.0,1.0,0.0,1.0,0.0,0.0,0.0,0.0,0.3,0.3,0.05602,0.3,0.46667,0.0,1.0,0.0,0.0,0.34,0.05,0.99691,0.0,0.88889,0.88889,0.88889,1.0,0.84444,1.0,0.99459,1.0,0.11111,0.48285,0.30011,0.2,0.0,0.98803,0.77778,0.77778,0.8,1.0,1.0,0.5,0.5,0.5,1.0,1.0,0.5,0.5,0.5,0.0,0.0,1.0,1.0,1.0,0.07011,0.09284,0.2,0.4,0.6,0.66667,0.66667,1.0,0.0,1.0,0.0,0.0,0.0,0.0,0.7,0.3,0.05602,0.3,0.46667,0.0,1.0,0.0,0.0,0.34,0.05,0.0,0.99411,0.88889,0.88889,1.0,1.0,0.75556,1.0,0.95369,1.0,0.11111,0.42939,0.30011,0.0,0.0,0.98253,0.77778,0.44444,0.8,1.0,1.0,0.5,0.30851,0.5,1.0,1.0,0.07011,0.09284,0.8101,0.06062,0.0,0.6,1.0,1.0,0.07011,0.09284,1.0,0.1,0.0,1.0,0.0,1.0,0.0,0.88889,0.0,0.0,0.0,0.0,0.3,0.3,0.05602,0.3,0.46667,0.0,1.0,0.0,0.0,0.34,0.05,0.99885,0.0,0.88889,0.88889,0.88889,1.0,0.71111,1.0,0.43546,0.56553,0.11111,0.44098,0.30011,0.0,0.0,0.98684,1.0,0.77778,0.65,1.0,1.0,0.5,0.5,0.5,1.0,1.0,0.5,0.5,0.5,0.0,0.0,1.0,1.0,1.0,0.07011,0.09284,0.35,0.3,0.66667,0.5,0.5,1.0,0.0,1.0,0.0,0.5,0.0,0.5,0.3,0.5,0.05602,0.3,0.46667,0.0,1.0,0.0,1.0,0.34,0.05,0.99691,0.0,0.88889,0.88889,0.88889,1.0,0.88889,1.0,0.81605,1.0,0.11111,0.44098,0.30011,0.0,0.0,0.98684,1.0,0.55556,0.7,1.0,1.0,0.5,0.5,0.5,1.0,1.0,0.5,0.5,0.5,0.0,0.0,1.0,1.0,1.0,0.07011,0.09284,0.3,0.2,0.33333,1.0,0.0,1.0,0.0,1.0,0.0,0.0,0.0,0.0,0.3,0.3,0.05602,0.3,0.46667,0.0,1.0,0.0,0.0,0.34,0.05,0.0,0.99711,0.8,0.88889,1.0,1.0,0.84444,1.0,0.97254,1.0,0.11111,0.45377,0.30011,0.0,0.0,0.98128,0.77778,1.0,0.5,1.0,1.0,0.5,0.5,0.5,1.0,1.0,0.5,0.5,0.5,0.0,0.0,1.0,1.0,1.0,0.07011,0.09284,0.5,0.3,0.4,0.5,0.5,1.0,0.0,1.0,0.0,0.0,0.0,0.0,0.7,0.5,0.05602,0.3,0.46667,0.0,1.0,0.0,0.0,0.34,0.05,0.0,0.9775,1.0,1.0,1.0,0.8,0.86667,0.0,0.0502,0.07969,0.11111,0.79367,0.65792,0.0,0.0,1.0,0.55556,0.77778,0.8,1.0,1.0,0.5,0.5,0.5,1.0,1.0,0.5,0.5,0.5,0.0,0.0,1.0,1.0,1.0,0.07011,0.09284,0.2,0.2,1.0,0.0,1.0,1.0,0.0,0.77778,0.5,0.5,0.5,0.5,0.5,0.5,0.05602,0.3,0.46667,0.0,1.0,0.0,0.0,0.34,0.05,0.99691,0.0,0.88889,0.88889,0.88889,1.0,0.5,1.0,0.99459,1.0,0.11111,0.48285,0.30011,0.2,0.0,0.98803,0.77778,0.5,0.0,1.0,1.0,0.5,0.5,0.5,1.0,1.0,0.5,0.5,0.5,0.0,0.0,1.0,1.0,1.0,0.07011,0.09284,1.0,0.1,0.0,1.0,0.0,1.0,0.0,0.5
1.0,1.0,1.0,1.0,0.9,0.8,0.0425,0.3,0.6,0.0,1.0,0.0,0.0,0.27,0.05,0.99971,0.0,1.0,0.91111,0.82222,1.0,0.73333,0.0,0.0001,1.0,0.0,0.29599,0.20967,0.0,0.0,0.99181,0.88889,0.55556,1.0,1.0,1.0,0.5,0.5,0.5,1.0,1.0,0.5,0.5,0.5,0.35487,0.04945,0.0,1.0,1.0,0.07011,0.09284,1.0,0.0,0.0,1.0,0.0,1.0,0.25,1.0,0.0,0.0,0.0,0.0,0.3,0.3,0.0425,0.3,0.6,0.0,1.0,0.0,0.0,0.27,0.05,0.99594,0.0,1.0,0.91111,0.82222,1.0,0.86667,0.0,0.94949,1.0,0.0,0.29599,0.20967,0.0,0.0,0.99181,0.88889,0.88889,0.8,1.0,1.0,0.5,0.5,0.5,1.0,1.0,0.5,0.5,0.5,0.0,0.0,1.0,1.0,1.0,0.07011,0.09284,0.2,0.3,0.5,0.0,0.5,1.0,0.25,1.0,0.0,0.0,0.0,0.0,0.7,0.3,0.0425,0.3,0.6,0.0,1.0,0.0,0.0,0.27,0.05,0.99451,0.0,1.0,0.91111,1.0,1.0,0.77778,1.0,0.99172,1.0,0.11111,0.30609,0.20967,0.0,0.0,0.99122,1.0,0.44444,0.8,1.0,1.0,0.5,0.30851,0.5,1.0,1.0,0.07011,0.09284,0.8101,0.02793,0.15145,0.6,1.0,1.0,0.07011,0.09284,0.6,0.2,0.33333,0.0,0.0,1.0,0.33333,0.88889,0.0,0.0,0.0,0.0,0.3,0.3,0.0425,0.3,0.6,0.0,1.0,0.0,0.0,0.27,0.05,0.99923,0.0,1.0,0.91111,0.82222,1.0,0.77778,1.0,0.86928,1.0,0.0,0.29599,0.20967,0.0,0.0,0.99181,0.88889,0.88889,0.65,1.0,1.0,0.5,0.5,0.5,1.0,1.0,0.5,0.5,0.5,0.0,0.0,1.0,1.0,1.0,0.07011,0.09284,0.35,0.2,0.25,0.0,0.0,1.0,0.25,1.0,0.0,0.5,0.0,0.5,0.3,0.5,0.0425,0.3,0.6,0.0,1.0,0.0,1.0,0.27,0.05,0.99594,0.0,1.0,0.91111,0.82222,1.0,1.0,0.0,0.76592,1.0,0.11111,0.30609,0.20967,0.0,0.0,0.99122,1.0,1.0,0.7,1.0,1.0,0.5,0.5,0.5,1.0,1.0,0.5,0.5,0.5,0.0,0.0,1.0,1.0,1.0,0.07011,0.09284,0.3,0.2,0.33333,0.0,0.0,1.0,0.33333,1.0,1.0,1.0,0.0,0.0,0.3,0.3,0.0425,0.3,0.6,0.0,1.0,0.0,0.0,0.27,0.05,0.99761,0.0,0.86667,0.91111,1.0,1.0,0.93333,1.0,0.9942,1.0,0.0,0.29599,0.20967,0.0,0.0,0.99181,0.88889,0.88889,0.5,1.0,1.0,0.5,0.5,0.5,1.0,1.0,0.5,0.5,0.5,0.0,0.0,1.0,1.0,1.0,0.07011,0.09284,0.5,0.2,0.25,0.0,0.0,1.0,0.25,1.0,0.0,0.0,0.0,0.0,0.7,0.5,0.0425,0.3,0.6,0.0,1.0,0.0,0.0,0.27,0.05,0.0,0.99479,1.0,0.91111,1.0,0.86667,0.86667,0.0,0.03815,0.06055,0.11111,0.69076,0.52761,0.0,0.0,0.9474,0.55556,0.77778,0.8,1.0,1.0,0.5,0.5,0.5,1.0,1.0,0.5,0.5,0.5,0.0,0.0,1.0,1.0,1.0,0.07011,0.09284,0.2,0.2,1.0,0.0,1.0,1.0,0.0,0.77778,0.5,0.5,0.5,0.5,0.5,0.5,0.0425,0.3,0.6,0.0,1.0,0.0,0.0,0.27,0.05,0.99594,0.0,1.0,0.91111,0.82222,1.0,0.5,0.0,0.94949,1.0,0.0,0.29599,0.20967,0.0,0.0,0.99181,0.88889,0.5,0.0,1.0,1.0,0.5,0.5,0.5,1.0,1.0,0.5,0.5,0.5,0.0,0.0,1.0,1.0,1.0,0.07011,0.09284,1.0,0.1,0.0,1.0,0.0,1.0,0.25,0.5
1.0,1.0,1.0,1.0,0.9,0.8,0.04255,0.3,0.63333,0.0,1.0,0.0,0.0,0.26,0.05,0.99966,0.0,1.0,0.91111,0.82222,1.0,0.73333,0.0,0.0001,1.0,0.0,0.28796,0.20261,0.0,0.0,0.99217,1.0,0.55556,1.0,1.0,1.0,0.5,0.5,0.5,1.0,1.0,0.5,0.5,0.5,0.06387,0.07565,0.0,1.0,1.0,0.07011,0.09284,1.0,0.0,0.0,1.0,0.0,1.0,0.25,1.0,0.0,0.0,0.0,0.0,0.3,0.3,0.04255,0.3,0.63333,0.0,1.0,0.0,0.0,0.26,0.05,0.99507,0.0,1.0,0.91111,0.82222,1.0,0.86667,0.0,0.89197,1.0,0.0,0.28796,0.20261,0.0,0.0,0.99217,1.0,0.88889,0.8,1.0,1.0,0.5,0.5,0.5,1.0,1.0,0.5,0.5,0.5,0.0,0.0,1.0,1.0,1.0,0.07011,0.09284,0.2,0.2,0.25,0.0,1.0,1.0,0.25,1.0,0.0,0.0,0.0,0.0,0.7,0.3,0.04255,0.3,0.63333,0.0,1.0,0.0,0.0,0.26,0.05,0.99227,0.0,1.0,0.91111,1.0,1.0,0.77778,0.0,0.96739,1.0,0.11111,0.29776,0.20261,0.0,0.0,0.99105,0.88889,0.44444,0.8,1.0,1.0,0.5,0.30851,0.5,1.0,1.0,0.07011,0.09284,0.8101,0.02736,0.14562,0.6,1.0,1.0,0.07011,0.09284,0.6,0.2,0.33333,0.0,1.0,1.0,0.33333,0.88889,0.0,0.0,0.0,0.0,0.3,0.3,0.04255,0.3,0.63333,0.0,1.0,0.0,0.0,0.26,0.05,0.99906,0.0,1.0,0.91111,0.82222,1.0,0.77778,1.0,0.92083,1.0,0.0,0.28796,0.20261,0.0,0.0,0.99217,1.0,0.88889,0.65,1.0,1.0,0.5,0.5,0.5,1.0,1.0,0.5,0.5,0.5,0.0,0.0,1.0,1.0,1.0,0.07011,0.09284,0.35,0.2,0.25,0.0,1.0,1.0,0.25,1.0,0.0,0.0,0.0,0.0,0.3,0.3,0.04255,0.3,0.63333,0.0,1.0,0.0,0.0,0.26,0.05,0.99507,0.0,1.0,0.91111,0.82222,1.0,1.0,0.0,0.70844,1.0,0.66667,0.64585,0.49812,0.0,0.0,0.91293,0.33333,0.44444,0.7,1.0,1.0,0.5,0.5,0.5,1.0,1.0,0.5,0.5,0.5,0.0,0.0,1.0,1.0,1.0,0.07011,0.09284,0.3,0.2,0.5,1.0,1.0,1.0,0.0,1.0,1.0,0.5,1.0,0.5,0.3,0.5,0.04255,0.3,0.63333,0.0,1.0,0.0,1.0,0.26,0.05,0.99507,0.0,1.0,0.91111,1.0,1.0,1.0,0.0,0.94821,1.0,0.0,0.28796,0.20261,0.0,0.0,0.99217,1.0,1.0,0.5,1.0,1.0,0.5,0.5,0.5,1.0,1.0,0.5,0.5,0.5,0.0,0.0,1.0,1.0,1.0,0.07011,0.09284,0.5,0.2,0.25,0.0,0.0,1.0,0.25,1.0,0.0,0.0,0.0,0.0,0.7,0.5,0.04255,0.3,0.63333,0.0,1.0,0.0,0.0,0.26,0.05,0.0,0.98751,1.0,0.91111,1.0,0.86667,0.86667,0.0,0.03174,0.05038,0.11111,0.7583,0.61069,0.0,0.0,0.95901,0.44444,0.77778,0.8,1.0,1.0,0.5,0.5,0.5,1.0,1.0,0.5,0.5,0.5,0.0,0.0,1.0,1.0,1.0,0.07011,0.09284,0.2,0.2,1.0,1.0,1.0,1.0,0.0,0.77778,0.5,0.5,0.5,0.5,0.5,0.5,0.04255,0.3,0.63333,0.0,1.0,0.0,0.0,0.26,0.05,0.99507,0.0,1.0,0.91111,0.82222,1.0,0.5,0.0,0.89197,1.0,0.0,0.28796,0.20261,0.0,0.0,0.99217,1.0,0.5,0.0,1.0,1.0,0.5,0.5,0.5,1.0,1.0,0.5,0.5,0.5,0.0,0.0,1.0,1.0,1.0,0.07011,0.09284,1.0,0.1,0.0,1.0,0.0,1.0,0.25,0.5
1.0,1.0,1.0,1.0,0.9,0.8,0.04272,0.3,0.66667,0.0,1.0,0.0,0.0,0.24,0.05,0.99987,0.0,1.0,0.91111,0.82222,1.0,0.73333,0.0,0.0001,1.0,0.0,0.28153,0.19963,0.0,0.0,0.99267,1.0,0.55556,1.0,1.0,1.0,0.5,0.5,0.5,1.0,1.0,0.5,0.5,0.5,0.04316,0.10228,0.35,1.0,1.0,0.07011,0.09284,0.65,0.1,0.25,0.0,1.0,1.0,0.25,1.0,0.0,0.0,0.0,0.0,0.3,0.3,0.04272,0.3,0.66667,0.0,1.0,0.0,0.0,0.24,0.05,0.9982,0.0,1.0,0.91111,0.82222,1.0,0.86667,0.0,0.83914,1.0,0.0,0.28153,0.19963,0.0,0.0,0.99267,1.0,0.88889,0.8,1.0,1.0,0.5,0.5,0.5,1.0,1.0,0.5,0.5,0.5,0.0,0.0,1.0,1.0,1.0,0.07011,0.09284,0.2,0.2,0.25,0.0,1.0,1.0,0.25,1.0,0.0,0.0,0.0,0.0,0.7,0.3,0.04272,0.3,0.66667,0.0,1.0,0.0,0.0,0.24,0.05,0.99756,0.0,1.0,0.91111,1.0,1.0,0.77778,0.0,0.94518,1.0,0.11111,0.29102,0.19963,0.0,0.0,0.99113,0.88889,0.44444,0.8,1.0,1.0,0.5,0.30851,0.5,1.0,1.0,0.07011,0.09284,0.8101,0.02697,0.14922,0.6,1.0,1.0,0.07011,0.09284,0.6,0.2,0.33333,0.0,1.0,1.0,0.33333,0.88889,0.0,0.0,0.0,0.0,0.3,0.3,0.04272,0.3,0.66667,0.0,1.0,0.0,0.0,0.24,0.05,0.99966,0.0,1.0,0.91111,0.82222,1.0,0.77778,0.0,0.87694,1.0,0.11111,0.31301,0.19963,0.0,0.0,0.99173,0.88889,1.0,0.65,1.0,1.0,0.5,0.5,0.5,1.0,1.0,0.5,0.5,0.5,0.0,0.0,1.0,1.0,1.0,0.07011,0.09284,0.45,0.2,0.2,1.0,1.0,1.0,0.2,1.0,0.0,0.0,0.0,0.0,0.3,0.3,0.04272,0.3,0.66667,0.0,1.0,0.0,0.0,0.24,0.05,0.9982,0.0,1.0,0.91111,0.82222,1.0,1.0,0.0,0.70481,1.0,0.66667,0.68939,0.51457,0.0,0.0,0.92948,0.33333,0.44444,0.7,1.0,1.0,0.5,0.5,0.5,1.0,1.0,0.5,0.5,0.5,0.0,0.0,1.0,1.0,1.0,0.07011,0.09284,0.3,0.2,0.5,1.0,1.0,1.0,0.0,1.0,1.0,0.5,1.0,0.5,0.3,0.5,0.04272,0.3,0.66667,0.0,1.0,0.0,1.0,0.24,0.05,0.99955,0.0,1.0,0.91111,1.0,1.0,1.0,0.0,0.89521,1.0,0.0,0.28153,0.19963,0.0,0.0,0.99267,1.0,1.0,0.5,1.0,1.0,0.5,0.5,0.5,1.0,1.0,0.5,0.5,0.5,0.0,0.0,1.0,1.0,1.0,0.07011,0.09284,0.5,0.2,0.25,0.0,0.0,1.0,0.25,1.0,0.0,0.0,0.0,0.0,0.7,0.5,0.04272,0.3,0.66667,0.0,1.0,0.0,0.0,0.24,0.05,0.0,0.98098,1.0,1.0,1.0,0.86667,0.86667,0.0,0.02667,0.04234,0.11111,0.83047,0.71009,0.0,0.0,0.97558,0.44444,0.77778,0.8,1.0,1.0,0.5,0.5,0.5,1.0,1.0,0.5,0.5,0.5,0.0,0.0,1.0,1.0,1.0,0.07011,0.09284,0.2,0.2,1.0,1.0,1.0,1.0,0.0,0.77778,0.5,0.5,0.5,0.5,0.5,0.5,0.04272,0.3,0.66667,0.0,1.0,0.0,0.0,0.24,0.05,0.9982,0.0,1.0,0.91111,0.82222,1.0,0.5,0.0,0.83914,1.0,0.0,0.28153,0.19963,0.0,0.0,0.99267,1.0,0.5,0.0,1.0,1.0,0.5,0.5,0.5,1.0,1.0,0.5,0.5,0.5,0.0,0.0,1.0,1.0,1.0,0.07011,0.09284,1.0,0.1,0.0,1.0,0.0,1.0,0.25,0.5
1.0,0.5,1.0,0.5,0.86667,0.5,0.07063,0.86667,0.06667,0.0,0.0,0.66667,1.0,0.19111,0.0,0.5,0.5,0.84762,0.7619,1.0,1.0,0.84762,1.0,0.0001,1.0,0.0,1.0,1.0,1.0,0.0,0.66667,1.0,0.85714,0.53333,1.0,1.0,0.5,0.5,0.5,1.0,1.0,0.5,0.5,0.5,0.5,0.5,1.0,1.0,1.0,0.5,0.5,0.46667,0.2,1.0,1.0,1.0,1.0,0.0,1.0,0.5,0.5,0.5,0.5,0.5,0.5,0.07063,0.86667,0.06667,0.0,0.0,0.66667,0.0,0.19111,0.0,0.5,0.5,0.84762,0.7619,1.0,1.0,0.5,1.0,0.59805,0.85435,0.07143,1.0,1.0,1.0,1.0,0.75,0.92857,0.5,0.8,1.0,1.0,0.5,0.5,0.5,1.0,1.0,0.5,0.5,0.5,0.5,0.5,1.0,1.0,1.0,0.5,0.5,0.2,0.26667,1.0,1.0,1.0,1.0,0.0,0.5,0.5,0.5,0.5,0.5,0.5,0.5,0.07063,0.86667,0.06667,0.0,0.0,0.66667,0.0,0.19111,0.0,0.5,0.5,0.84762,0.7619,1.0,1.0,0.5,1.0,0.64339,1.0,0.07143,1.0,1.0,1.0,1.0,0.75,0.92857,0.5,0.8,1.0,1.0,0.5,0.5,0.5,1.0,1.0,0.5,0.5,0.5,0.5,0.5,1.0,1.0,1.0,0.5,0.5,0.5,0.13333,0.33333,1.0,1.0,1.0,0.0,0.5,0.5,0.5,0.5,0.5,0.5,0.5,0.07063,0.86667,0.06667,0.0,0.0,0.66667,0.0,0.19111,0.0,0.5,0.5,0.84762,0.7619,1.0,1.0,0.5,1.0,0.58202,0.75587,0.07143,1.0,1.0,1.0,1.0,0.75,0.92857,0.5,0.63333,1.0,1.0,0.5,0.5,0.5,1.0,1.0,0.5,0.5,0.5,0.5,0.5,1.0,1.0,1.0,0.5,0.5,0.4,0.2,0.66667,1.0,1.0,1.0,0.0,0.5,0.5,0.5,0.5,0.5,0.5,0.5,0.07063,0.86667,0.06667,0.0,0.0,0.66667,0.0,0.19111,0.0,0.5,0.5,0.84762,0.7619,1.0,1.0,0.5,1.0,0.76299,1.0,0.07143,1.0,0.96101,0.66667,1.0,0.75,0.92857,0.5,0.7,1.0,1.0,0.5,0.5,0.5,1.0,1.0,0.5,0.5,0.5,0.5,0.5,1.0,1.0,1.0,0.5,0.5,0.3,0.13333,0.33333,1.0,1.0,1.0,0.0,0.5,0.5,0.5,0.5,0.5,0.5,0.5,0.07063,0.86667,0.06667,0.0,0.0,0.66667,0.0,0.19111,0.0,0.5,0.5,0.84762,0.7619,1.0,1.0,0.5,1.0,0.03269,0.0454,0.07143,1.0,1.0,1.0,0.0,1.0,0.92857,0.5,0.5,1.0,1.0,0.5,0.5,0.5,1.0,1.0,0.5,0.5,0.5,0.5,0.5,1.0,1.0,1.0,0.5,0.5,0.5,0.13333,1.0,1.0,1.0,1.0,0.0,0.5,0.5,0.5,0.5,0.5,0.5,0.5,0.07063,0.86667,0.06667,0.0,0.0,0.66667,0.0,0.19111,0.0,0.5,0.5,0.84762,0.7619,1.0,1.0,0.5,1.0,0.04269,0.06777,0.07143,1.0,1.0,1.0,0.0,1.0,0.92857,0.5,0.8,1.0,1.0,0.5,0.5,0.5,1.0,1.0,0.5,0.5,0.5,0.5,0.5,1.0,1.0,1.0,0.5,0.5,0.53333,0.13333,1.0,1.0,1.0,1.0,0.0,0.5,0.5,0.5,0.5,0.5,0.5,0.5,0.07063,0.86667,0.06667,0.0,0.0,0.66667,0.0,0.19111,0.0,0.5,0.5,0.84762,0.7619,1.0,1.0,0.5,1.0,0.59805,0.85435,0.07143,1.0,1.0,1.0,1.0,0.75,0.92857,0.5,0.0,1.0,1.0,0.5,0.5,0.5,1.0,1.0,0.5,0.5,0.5,0.5,0.5,1.0,1.0,1.0,0.5,0.5,1.0,0.06667,0.0,1.0,1.0,1.0,0.0,0.5
1.0,1.0,1.0,1.0,1.0,0.73333,0.04828,0.13333,0.56667,0.0,0.0,0.66667,0.0,0.52,0.01778,0.0,0.99871,1.0,1.0,0.86667,1.0,0.41905,0.0,0.0001,1.0,0.0,0.89062,0.75421,0.33333,0.0,0.98786,0.92857,0.78571,1.0,1.0,1.0,0.5,0.5,0.5,1.0,1.0,0.5,0.5,0.5,0.12021,0.45966,0.0,1.0,1.0,0.5,0.5,1.0,0.0,0.0,1.0,1.0,1.0,0.66667,1.0,0.5,0.5,0.5,0.5,0.5,0.5,0.04828,0.13333,0.56667,0.0,0.0,0.66667,0.0,0.52,0.01778,0.0,0.97903,1.0,1.0,0.86667,1.0,0.5,0.0,0.61177,0.87396,0.07143,0.84689,0.70788,0.25,0.0,0.98979,0.85714,0.5,0.8,1.0,1.0,0.5,0.5,0.5,1.0,1.0,0.5,0.5,0.5,0.4833,0.84986,0.5,1.0,1.0,0.5,0.5,0.7,0.33333,1.0,0.75,0.75,1.0,0.5,0.5,1.0,0.5,0.0,0.5,0.13333,0.5,0.04828,0.13333,0.56667,0.0,0.0,0.66667,1.0,0.52,0.01778,0.0,0.95967,1.0,1.0,0.86667,1.0,1.0,0.0,0.65442,1.0,0.07143,0.87031,0.75421,0.25,0.0,0.96236,1.0,0.85714,0.8,1.0,1.0,0.5,0.5,0.5,1.0,1.0,0.5,0.5,0.5,0.0,0.0,1.0,1.0,1.0,0.5,0.5,0.46667,0.13333,0.25,0.0,1.0,1.0,0.5,1.0,0.0,1.0,0.0,1.0,0.06667,0.33333,0.04828,0.13333,0.56667,0.0,0.0,0.66667,0.0,0.52,0.01778,0.0,0.99621,1.0,1.0,0.86667,1.0,0.65714,0.0,0.60247,0.78242,0.07143,0.82577,0.63951,0.25,0.0,0.99019,0.85714,0.78571,0.63333,1.0,1.0,0.5,0.5,0.5,1.0,1.0,0.5,0.5,0.5,0.0,0.0,1.0,1.0,1.0,0.5,0.5,0.36667,0.2,0.5,0.5,0.5,1.0,0.5,1.0,0.0,0.0,0.0,0.0,0.06667,0.06667,0.04828,0.13333,0.56667,0.0,0.0,0.66667,0.0,0.52,0.01778,0.0,0.97903,1.0,1.0,0.86667,1.0,0.58095,0.0,0.80979,1.0,0.07143,0.80106,0.57128,0.25,0.0,0.99029,0.85714,0.78571,0.7,1.0,1.0,0.5,0.5,0.5,1.0,1.0,0.5,0.5,0.5,0.0,0.0,1.0,1.0,1.0,0.5,0.5,0.3,0.2,0.5,0.5,0.5,1.0,0.5,1.0,0.5,0.5,0.5,0.5,0.5,0.5,0.04828,0.13333,0.56667,0.0,0.0,0.66667,0.0,0.52,0.01778,0.0,0.95483,1.0,1.0,0.52381,0.58095,0.5,0.0,0.82129,1.0,0.07143,0.76618,0.63951,0.125,0.0,0.98542,0.71429,0.5,0.5,1.0,1.0,0.5,0.5,0.5,1.0,1.0,0.5,0.5,0.5,0.0,0.10329,1.0,1.0,1.0,0.5,0.5,0.5,0.2,0.25,0.5,0.5,1.0,0.25,0.5,0.5,0.5,0.5,0.5,0.5,0.5,0.04828,0.13333,0.56667,0.0,0.0,0.66667,0.0,0.52,0.01778,0.0,0.96486,1.0,1.0,0.66667,0.66667,0.5,0.0,0.59139,0.93871,0.07143,0.89062,0.75421,0.33333,0.0,0.98786,0.92857,0.5,0.73333,1.0,1.0,0.5,0.5,0.5,1.0,1.0,0.5,0.5,0.5,0.0,0.0,1.0,1.0,1.0,0.5,0.5,0.26667,0.26667,1.0,0.66667,0.66667,1.0,0.66667,0.5,1.0,0.0,0.0,0.0,0.86667,0.06667,0.04828,0.13333,0.56667,0.0,0.0,0.66667,0.0,0.52,0.01778,0.0,0.97903,1.0,1.0,0.86667,1.0,0.65714,0.0,0.61177,0.87396,0.07143,0.84689,0.70788,0.25,0.0,0.98979,0.85714,0.28571,0.5,1.0,1.0,0.5,0.5,0.5,1.0,1.0,0.5,0.5,0.5,0.4833,0.84986,0.5,1.0,1.0,0.5,0.5,1.0,0.06667,0.0,1.0,1.0,1.0,0.5,1.0
0.0,1.0,0.0,1.0,0.26667,0.86667,0.06474,0.6,0.13333,0.0,0.0,0.66667,0.0,0.21333,0.02222,0.61402,0.0,0.85714,1.0,0.86667,1.0,0.74286,0.0,0.0001,1.0,0.0,0.98737,0.97505,0.0,0.0,1.0,0.92857,0.92857,1.0,1.0,1.0,0.5,0.5,0.5,1.0,1.0,0.5,0.5,0.5,0.13494,0.0165,0.0,1.0,1.0,0.5,0.5,1.0,0.0,0.0,1.0,1.0,1.0,1.0,1.0,0.0,0.5,0.0,0.5,0.6,0.5,0.06474,0.6,0.13333,0.0,0.0,0.66667,1.0,0.21333,0.02222,0.80759,0.0,0.85714,1.0,0.86667,1.0,0.85714,0.0,0.56471,0.80673,0.07143,1.0,0.97505,0.5,0.0,1.0,1.0,0.85714,0.8,1.0,1.0,0.5,0.5,0.5,1.0,1.0,0.5,0.5,0.5,0.0,0.0,1.0,1.0,1.0,0.5,0.5,0.2,0.2,1.0,1.0,1.0,1.0,0.5,1.0,1.0,1.0,1.0,0.0,0.86667,0.6,0.06474,0.6,0.13333,0.0,0.0,0.66667,0.0,0.21333,0.02222,0.96799,0.0,0.85714,1.0,0.86667,1.0,0.7619,0.0,0.59103,1.0,0.07143,1.0,0.97505,0.5,0.0,1.0,1.0,0.78571,0.8,1.0,1.0,0.5,0.5,0.5,1.0,1.0,0.5,0.5,0.5,0.0,0.0,1.0,1.0,1.0,0.5,0.5,0.4,0.13333,0.5,1.0,1.0,1.0,0.5,0.92857,0.5,0.5,0.5,0.5,0.5,0.5,0.06474,0.6,0.13333,0.0,0.0,0.66667,0.0,0.21333,0.02222,0.64057,0.0,0.85714,1.0,0.86667,1.0,0.5,0.0,0.55676,0.72307,0.07143,1.0,0.97505,0.5,0.0,1.0,1.0,0.5,0.63333,1.0,1.0,0.5,0.5,0.5,1.0,1.0,0.5,0.5,0.5,0.0,0.0,1.0,1.0,1.0,0.5,0.5,0.6,0.13333,0.5,1.0,1.0,1.0,0.5,0.5,0.5,0.5,0.5,0.5,0.5,0.5,0.06474,0.6,0.13333,0.0,0.0,0.66667,0.0,0.21333,0.02222,0.80759,0.0,0.85714,1.0,0.86667,1.0,0.5,0.0,0.64605,1.0,0.07143,1.0,0.97505,0.5,0.0,1.0,1.0,0.5,0.7,1.0,1.0,0.5,0.5,0.5,1.0,1.0,0.5,0.5,0.5,0.0,0.0,1.0,1.0,1.0,0.5,0.5,0.3,0.13333,0.5,1.0,1.0,1.0,0.5,0.5,0.5,0.5,0.5,0.5,0.5,0.5,0.06474,0.6,0.13333,0.0,0.0,0.66667,0.0,0.21333,0.02222,0.98022,0.0,0.85714,0.73333,0.86667,1.0,0.5,0.0,0.56224,0.78089,0.07143,1.0,0.97505,0.5,0.0,1.0,1.0,0.5,0.5,1.0,1.0,0.5,0.5,0.5,1.0,1.0,0.5,0.5,0.5,0.0,0.0,1.0,1.0,1.0,0.5,0.5,0.5,0.2,1.0,1.0,1.0,1.0,0.5,0.5,0.5,0.5,0.5,0.5,0.5,0.5,0.06474,0.6,0.13333,0.0,0.0,0.66667,0.0,0.21333,0.02222,0.0,0.99798,0.99048,0.86667,1.0,0.86667,0.5,0.0,0.57504,0.91276,0.07143,1.0,0.97505,0.5,0.0,1.0,0.85714,0.5,0.8,1.0,1.0,0.5,0.5,0.5,1.0,1.0,0.5,0.5,0.5,0.0,0.0,1.0,1.0,1.0,0.5,0.5,0.2,0.2,1.0,1.0,1.0,1.0,0.5,0.5,0.5,0.5,0.5,0.5,0.5,0.5,0.06474,0.6,0.13333,0.0,0.0,0.66667,0.0,0.21333,0.02222,0.80759,0.0,0.85714,1.0,0.86667,1.0,0.5,0.0,0.56471,0.80673,0.07143,1.0,0.97505,0.5,0.0,1.0,1.0,0.5,0.0,1.0,1.0,0.5,0.5,0.5,1.0,1.0,0.5,0.5,0.5,0.0,0.0,1.0,1.0,1.0,0.5,0.5,1.0,0.06667,0.0,1.0,1.0,1.0,0.5,0.5
1.0,0.5,1.0,0.5,0.53333,0.5,0.06736,0.53333,0.06667,0.0,0.0,0.66667,1.0,0.24,0.0,0.5,0.5,0.8381,0.66667,1.0,1.0,0.8381,1.0,0.0001,1.0,0.07143,0.99161,0.98337,0.0,0.0,1.0,1.0,0.92857,1.0,1.0,1.0,0.5,0.5,0.5,1.0,1.0,0.5,0.5,0.5,0.5,0.5,0.0,1.0,1.0,0.5,0.5,1.0,0.0,0.0,1.0,1.0,1.0,0.0,1.0,0.5,0.5,0.5,0.5,0.5,0.5,0.06736,0.53333,0.06667,0.0,0.0,0.66667,0.0,0.24,0.0,0.5,0.5,0.8381,0.66667,1.0,1.0,0.5,1.0,0.55827,0.79752,0.07143,0.99161,0.98337,0.0,0.0,1.0,1.0,0.5,0.8,1.0,1.0,0.5,0.5,0.5,1.0,1.0,0.5,0.5,0.5,0.5,0.5,1.0,1.0,1.0,0.5,0.5,0.2,0.13333,1.0,1.0,1.0,1.0,0.0,0.5,0.5,0.5,0.5,0.5,0.5,0.5,0.06736,0.53333,0.06667,0.0,0.0,0.66667,0.0,0.24,0.0,0.5,0.5,0.8381,0.66667,1.0,1.0,0.5,1.0,0.57449,1.0,0.07143,1.0,1.0,1.0,0.0,1.0,0.85714,0.5,0.8,1.0,1.0,0.5,0.5,0.5,1.0,1.0,0.5,0.5,0.5,0.5,0.5,1.0,1.0,1.0,0.5,0.5,0.4,0.13333,1.0,1.0,1.0,1.0,0.0,0.5,0.5,0.5,0.5,0.5,0.5,0.5,0.06736,0.53333,0.06667,0.0,0.0,0.66667,0.0,0.24,0.0,0.5,0.5,0.8381,0.66667,1.0,1.0,0.5,1.0,0.54316,0.7054,0.07143,1.0,1.0,1.0,1.0,1.0,0.85714,0.5,0.63333,1.0,1.0,0.5,0.5,0.5,1.0,1.0,0.5,0.5,0.5,0.5,0.5,1.0,1.0,1.0,0.5,0.5,0.66667,0.13333,1.0,1.0,1.0,1.0,0.0,0.5,0.5,0.5,0.5,0.5,0.5,0.5,0.06736,0.53333,0.06667,0.0,0.0,0.66667,0.0,0.24,0.0,0.5,0.5,0.8381,0.66667,1.0,1.0,0.5,1.0,0.61422,1.0,0.07143,0.99161,0.98337,0.0,0.0,1.0,1.0,0.5,0.7,1.0,1.0,0.5,0.5,0.5,1.0,1.0,0.5,0.5,0.5,0.5,0.5,1.0,1.0,1.0,0.5,0.5,0.3,0.13333,1.0,1.0,1.0,1.0,0.0,0.5,0.5,0.5,0.5,0.5,0.5,0.5,0.06736,0.53333,0.06667,0.0,0.0,0.66667,0.0,0.24,0.0,0.5,0.5,0.8381,0.66667,1.0,1.0,0.5,1.0,0.5564,0.77277,0.07143,0.99161,0.98337,0.0,0.0,1.0,1.0,0.5,0.5,1.0,1.0,0.5,0.5,0.5,1.0,1.0,0.5,0.5,0.5,0.5,0.5,1.0,1.0,1.0,0.5,0.5,0.5,0.13333,1.0,1.0,1.0,1.0,0.0,0.5,0.5,0.5,0.5,0.5,0.5,0.5,0.06736,0.53333,0.06667,0.0,0.0,0.66667,0.0,0.24,0.0,0.5,0.5,0.8381,0.66667,1.0,1.0,0.5,1.0,0.56589,0.89824,0.07143,0.99161,0.98337,0.0,0.0,1.0,1.0,0.5,0.8,1.0,1.0,0.5,0.5,0.5,1.0,1.0,0.5,0.5,0.5,0.5,0.5,1.0,1.0,1.0,0.5,0.5,0.43333,0.13333,1.0,1.0,1.0,1.0,0.0,0.5,0.5,0.5,0.5,0.5,0.5,0.5,0.06736,0.53333,0.06667,0.0,0.0,0.66667,0.0,0.24,0.0,0.5,0.5,0.8381,0.66667,1.0,1.0,0.5,1.0,0.55827,0.79752,0.07143,0.99161,0.98337,0.0,0.0,1.0,1.0,0.5,0.0,1.0,1.0,0.5,0.5,0.5,1.0,1.0,0.5,0.5,0.5,0.5,0.5,1.0,1.0,1.0,0.5,0.5,1.0,0.06667,0.0,1.0,1.0,1.0,0.0,0.5
0.0,0.5,0.0,0.5,0.8,0.5,0.07284,0.8,0.26667,0.0,0.0,0.66667,1.0,0.18222,0.00444,0.40326,0.0,1.0,1.0,1.0,1.0,1.0,0.0,0.0001,1.0,0.0,1.0,0.94398,0.66667,0.0,0.95806,1.0,1.0,1.0,1.0,1.0,0.5,0.5,0.5,1.0,1.0,1.0,1.0,1.0,0.26015,0.0,0.0,1.0,1.0,1.0,1.0,1.0,0.0,0.0,1.0,0.0,1.0,1.0,1.0,0.5,0.5,0.5,0.5,0.5,0.5,0.07284,0.8,0.26667,0.0,0.0,0.66667,0.0,0.18222,0.00444,0.65213,0.0,1.0,1.0,1.0,1.0,0.5,1.0,0.64943,0.92776,0.07143,1.0,0.94398,0.75,0.0,0.96643,0.92857,0.5,0.8,1.0,1.0,0.5,0.5,0.5,1.0,1.0,0.5,0.5,0.5,0.0,0.0,1.0,1.0,1.0,1.0,1.0,0.2,0.33333,1.0,0.25,1.0,1.0,0.75,0.5,1.0,1.0,0.0,1.0,0.26667,1.0,0.07284,0.8,0.26667,0.0,0.0,0.66667,0.0,0.18222,0.00444,0.83519,0.0,1.0,1.0,1.0,1.0,0.97143,0.0,0.72603,1.0,0.07143,1.0,0.94398,0.75,0.0,0.78429,0.92857,0.85714,0.8,1.0,1.0,0.5,0.5,0.5,1.0,1.0,0.5,0.5,0.5,0.0,0.0,1.0,1.0,1.0,1.0,1.0,0.2,0.26667,0.75,0.0,1.0,1.0,0.75,0.92857,1.0,1.0,1.0,1.0,0.26667,0.26667,0.07284,0.8,0.26667,0.0,0.0,0.66667,0.0,0.18222,0.00444,0.43941,0.0,1.0,1.0,1.0,1.0,0.97143,0.0,0.62722,0.81457,0.07143,1.0,0.94398,0.75,0.0,0.96643,0.92857,0.78571,0.63333,1.0,1.0,0.5,0.5,0.5,1.0,1.0,0.5,0.5,0.5,0.0,0.0,1.0,1.0,1.0,1.0,1.0,0.36667,0.26667,0.75,0.0,1.0,1.0,0.75,0.85714,0.5,0.5,0.5,0.5,0.5,0.5,0.07284,0.8,0.26667,0.0,0.0,0.66667,0.0,0.18222,0.00444,0.65213,0.0,1.0,1.0,1.0,1.0,0.5,1.0,0.92486,1.0,0.07143,0.99735,0.94398,0.5,0.0,0.96643,0.92857,0.5,0.7,1.0,1.0,0.5,0.5,0.5,1.0,1.0,0.5,0.5,0.5,0.0,0.0,1.0,1.0,1.0,1.0,1.0,0.3,0.26667,0.75,0.0,1.0,1.0,0.75,0.5,0.5,0.5,0.5,0.5,0.5,0.5,0.07284,0.8,0.26667,0.0,0.0,0.66667,0.0,0.18222,0.00444,0.85093,0.0,1.0,1.0,1.0,1.0,0.5,1.0,0.64246,0.89231,0.07143,1.0,0.94398,0.75,0.0,0.96643,0.92857,0.5,0.5,1.0,1.0,0.5,0.5,0.5,1.0,1.0,0.5,0.5,0.5,0.0,0.0,1.0,1.0,1.0,1.0,1.0,0.5,0.26667,0.75,0.0,1.0,1.0,0.75,0.5,0.5,0.5,0.5,0.5,0.5,0.5,0.07284,0.8,0.26667,0.0,0.0,0.66667,0.0,0.18222,0.00444,0.91839,0.0,1.0,1.0,1.0,1.0,0.5,1.0,0.67893,1.0,0.07143,1.0,0.94398,0.75,0.0,0.96643,0.92857,0.5,0.8,1.0,1.0,0.5,0.5,0.5,1.0,1.0,0.5,0.5,0.5,0.0,0.0,1.0,1.0,1.0,1.0,1.0,0.2,0.33333,1.0,0.25,1.0,1.0,0.75,0.5,0.5,0.5,0.5,0.5,0.5,0.5,0.07284,0.8,0.26667,0.0,0.0,0.66667,0.0,0.18222,0.00444,0.65213,0.0,1.0,1.0,1.0,1.0,0.5,1.0,0.64943,0.92776,0.07143,1.0,0.94398,0.75,0.0,0.96643,0.92857,0.5,0.0,1.0,1.0,0.5,0.5,0.5,1.0,1.0,0.5,0.5,0.5,0.0,0.0,1.0,1.0,1.0,1.0,1.0,1.0,0.06667,0.0,1.0,0.0,1.0,0.75,0.5
1.0,0.5,1.0,0.5,1.0,0.5,0.06932,1.0,0.06667,0.0,0.0,0.66667,1.0,0.10222,0.0,0.5,0.5,0.99048,0.95238,1.0,1.0,0.99048,1.0,0.0001,1.0,0.0,1.0,1.0,1.0,0.0,1.0,1.0,0.92857,1.0,1.0,1.0,0.5,0.5,0.5,1.0,1.0,0.5,0.5,0.5,0.5,0.5,0.0,1.0,1.0,0.5,0.5,1.0,0.0,0.0,1.0,1.0,1.0,0.0,1.0,0.5,0.5,0.5,0.5,0.5,0.5,0.06932,1.0,0.06667,0.0,0.0,0.66667,0.0,0.10222,0.0,0.5,0.5,0.99048,0.95238,1.0,1.0,0.5,1.0,0.57399,0.81999,0.07143,1.0,1.0,1.0,1.0,0.66667,0.92857,0.5,0.8,1.0,1.0,0.5,0.5,0.5,1.0,1.0,0.5,0.5,0.5,0.5,0.5,1.0,1.0,1.0,0.5,0.5,0.2,0.2,1.0,1.0,1.0,1.0,0.0,0.5,0.5,0.5,0.5,0.5,0.5,0.5,0.06932,1.0,0.06667,0.0,0.0,0.66667,0.0,0.10222,0.0,0.5,0.5,0.99048,0.95238,1.0,1.0,0.5,1.0,0.60281,1.0,0.07143,1.0,1.0,1.0,1.0,0.66667,0.92857,0.5,0.8,1.0,1.0,0.5,0.5,0.5,1.0,1.0,0.5,0.5,0.5,0.5,0.5,1.0,1.0,1.0,0.5,0.5,0.5,0.13333,0.5,1.0,1.0,1.0,0.0,0.5,0.5,0.5,0.5,0.5,0.5,0.5,0.06932,1.0,0.06667,0.0,0.0,0.66667,0.0,0.10222,0.0,0.5,0.5,0.99048,0.95238,1.0,1.0,0.5,1.0,0.56345,0.73175,0.07143,1.0,1.0,1.0,1.0,1.0,0.92857,0.5,0.63333,1.0,1.0,0.5,0.5,0.5,1.0,1.0,0.5,0.5,0.5,0.5,0.5,1.0,1.0,1.0,0.5,0.5,0.66667,0.2,1.0,1.0,1.0,1.0,0.0,0.5,0.5,0.5,0.5,0.5,0.5,0.5,0.06932,1.0,0.06667,0.0,0.0,0.66667,0.0,0.10222,0.0,0.5,0.5,0.99048,0.95238,1.0,1.0,0.5,1.0,0.66215,1.0,0.07143,1.0,1.0,1.0,1.0,0.66667,0.92857,0.5,0.7,1.0,1.0,0.5,0.5,0.5,1.0,1.0,0.5,0.5,0.5,0.5,0.5,1.0,1.0,1.0,0.5,0.5,0.3,0.13333,0.5,1.0,1.0,1.0,0.0,0.5,0.5,0.5,0.5,0.5,0.5,0.5,0.06932,1.0,0.06667,0.0,0.0,0.66667,0.0,0.10222,0.0,0.5,0.5,0.99048,0.95238,1.0,1.0,0.5,1.0,0.57126,0.79342,0.07143,1.0,1.0,1.0,1.0,0.66667,0.92857,0.5,0.5,1.0,1.0,0.5,0.5,0.5,1.0,1.0,0.5,0.5,0.5,0.5,0.5,1.0,1.0,1.0,0.5,0.5,0.5,0.2,1.0,1.0,1.0,1.0,0.0,0.5,0.5,0.5,0.5,0.5,0.5,0.5,0.06932,1.0,0.06667,0.0,0.0,0.66667,0.0,0.10222,0.0,0.5,0.5,0.99048,0.95238,1.0,1.0,0.5,1.0,0.03971,0.06303,0.0,1.0,1.0,1.0,0.0,1.0,1.0,0.5,0.8,1.0,1.0,0.5,0.5,0.5,1.0,1.0,0.5,0.5,0.5,0.5,0.5,1.0,1.0,1.0,0.5,0.5,0.53333,0.13333,1.0,1.0,1.0,1.0,0.0,0.5,0.5,0.5,0.5,0.5,0.5,0.5,0.06932,1.0,0.06667,0.0,0.0,0.66667,0.0,0.10222,0.0,0.5,0.5,0.99048,0.95238,1.0,1.0,0.5,1.0,0.57399,0.81999,0.07143,1.0,1.0,1.0,1.0,0.66667,0.92857,0.5,0.0,1.0,1.0,0.5,0.5,0.5,1.0,1.0,0.5,0.5,0.5,0.5,0.5,1.0,1.0,1.0,0.5,0.5,1.0,0.06667,0.0,1.0,1.0,1.0,0.0,0.5
1.0,1.0,1.0,0.0,1.0,0.46667,0.19648,1.0,0.0,0.83333,0.0,0.66667,0.0,0.12889,0.01778,0.99475,0.0,1.0,1.0,0.67619,0.7619,0.69524,0.0,0.0001,1.0,0.07143,1.0,1.0,1.0,0.0,1.0,1.0,0.92857,0.63333,0.93333,0.91231,0.71799,0.5,0.71799,1.0,1.0,0.5,0.5,0.5,0.5905,0.04439,0.6,1.0,1.0,1.0,0.09561,0.76667,0.13333,1.0,1.0,1.0,1.0,1.0,1.0,0.5,0.5,0.5,0.5,0.5,0.5,0.19648,1.0,0.0,0.83333,0.0,0.66667,0.0,0.12889,0.01778,0.98164,0.0,0.84762,1.0,0.81905,1.0,0.5,0.0,0.74232,1.0,0.21429,1.0,1.0,1.0,0.0,0.9913,0.85714,0.5,0.63333,0.93333,0.91231,0.71799,0.5,0.71799,1.0,1.0,0.5,0.5,0.5,1.0,0.0,0.6,1.0,1.0,1.0,0.09561,0.76667,0.26667,1.0,0.66667,0.66667,1.0,0.33333,0.5,1.0,0.0,1.0,0.0,1.0,1.0,0.19648,1.0,0.0,0.83333,0.0,0.66667,0.0,0.12889,0.01778,0.97628,0.0,1.0,0.94286,0.78095,0.94286,0.87619,1.0,0.87062,1.0,0.21429,1.0,1.0,1.0,0.0,0.9913,0.85714,1.0,0.63333,0.93333,0.91231,0.71799,1.0,0.71799,1.0,1.0,1.0,0.09561,0.99721,1.0,0.0147,0.6,1.0,1.0,1.0,0.09561,0.76667,0.13333,0.33333,1.0,1.0,1.0,0.33333,0.78571,1.0,1.0,1.0,1.0,0.66667,0.8,0.19648,1.0,0.0,0.83333,0.0,0.66667,0.0,0.12889,0.01778,0.99276,0.0,1.0,1.0,0.67619,0.7619,0.71429,1.0,0.75416,0.97943,0.14286,1.0,1.0,1.0,0.0,1.0,0.92857,0.71429,0.6,0.93333,0.91231,0.71799,0.5,0.87755,1.0,1.0,0.5,0.5,0.5,0.0,0.0,1.0,1.0,1.0,1.0,0.09561,0.63333,0.13333,0.5,1.0,1.0,1.0,0.5,1.0,0.0,0.5,0.0,0.5,1.0,0.5,0.19648,1.0,0.0,0.83333,0.0,0.66667,1.0,0.12889,0.01778,0.98164,0.0,0.84762,1.0,0.81905,1.0,0.84762,1.0,0.8896,1.0,0.07143,1.0,1.0,1.0,0.0,1.0,1.0,1.0,0.63333,0.93333,0.91231,0.71799,0.71799,0.71799,1.0,1.0,0.5,0.5,0.5,0.0,0.0,1.0,1.0,1.0,1.0,0.09561,0.36667,0.13333,1.0,1.0,1.0,1.0,1.0,1.0,0.5,0.5,0.5,0.5,0.5,0.5,0.19648,1.0,0.0,0.83333,0.0,0.66667,0.0,0.12889,0.01778,0.97654,0.0,0.94286,0.94286,0.78095,0.94286,0.5,1.0,0.73074,1.0,0.21429,1.0,1.0,1.0,0.0,0.9913,0.85714,0.5,0.5,0.93333,0.91231,0.71799,0.5,1.0,1.0,1.0,0.5,0.5,0.5,0.26722,0.01932,0.7,1.0,1.0,1.0,0.09561,0.8,0.13333,0.33333,1.0,1.0,1.0,0.33333,0.5,0.0,0.0,0.0,0.0,1.0,1.0,0.19648,1.0,0.0,0.83333,0.0,0.66667,0.0,0.12889,0.01778,0.97841,0.0,1.0,1.0,0.8,1.0,0.91429,1.0,0.35862,0.56923,0.07143,1.0,1.0,1.0,0.0,1.0,1.0,0.92857,0.8,0.93333,0.91231,0.71799,0.71993,0.47866,1.0,1.0,0.5,0.5,0.5,1.0,0.0,0.83333,1.0,1.0,1.0,0.09561,0.5,0.13333,1.0,1.0,1.0,1.0,1.0,0.78571,0.5,0.5,0.5,0.5,0.5,0.5,0.19648,1.0,0.0,0.83333,0.0,0.66667,0.0,0.12889,0.01778,0.98164,0.0,0.84762,1.0,0.81905,1.0,0.5,0.0,0.74232,1.0,0.21429,1.0,1.0,1.0,0.0,0.9913,0.85714,0.5,0.4,0.93333,0.91231,0.71799,0.5,1.0,1.0,1.0,0.5,0.5,0.5,1.0,0.0,0.6,1.0,1.0,1.0,0.09561,1.0,0.06667,0.0,1.0,0.0,1.0,0.33333,0.5
1.0,1.0,1.0,1.0,0.73333,0.73333,0.0538,0.53333,0.96667,0.0,0.0,0.66667,0.0,0.16,0.04889,0.97186,0.0,1.0,1.0,0.8,1.0,0.66667,0.0,0.0001,1.0,0.0,0.47923,0.30391,0.2,0.0,0.94286,0.92857,0.5,1.0,1.0,1.0,0.5,0.5,0.5,1.0,1.0,0.32384,0.87746,1.0,0.10807,0.08189,0.0,1.0,1.0,0.32384,0.87746,1.0,0.0,0.0,1.0,0.0,1.0,0.8,1.0,0.5,0.5,0.5,0.5,0.5,0.5,0.0538,0.53333,0.96667,0.0,0.0,0.66667,0.0,0.16,0.04889,0.98872,0.0,1.0,1.0,0.8381,0.94286,0.5,1.0,0.96597,1.0,0.0,0.54738,0.30391,0.33333,0.0,0.92392,0.85714,0.5,0.93333,1.0,1.0,0.5,0.5,0.5,1.0,1.0,0.5,0.5,0.5,0.77226,0.22172,0.06667,1.0,1.0,0.32384,0.87746,1.0,0.06667,0.0,1.0,0.0,1.0,0.66667,0.5,1.0,1.0,1.0,1.0,0.66667,0.66667,0.0538,0.53333,0.96667,0.0,0.0,0.66667,0.0,0.16,0.04889,0.99245,0.0,1.0,1.0,0.8381,0.94286,0.94286,1.0,0.99083,1.0,0.07143,0.3952,0.30391,0.0,0.0,1.0,0.92857,0.85714,0.8,1.0,1.0,0.5,0.5,0.5,1.0,1.0,0.4498,0.44138,1.0,0.08015,0.01831,0.6,1.0,1.0,0.32384,0.87746,0.6,0.26667,1.0,0.33333,0.66667,1.0,1.0,1.0,0.0,0.5,0.0,0.5,0.53333,0.5,0.0538,0.53333,0.96667,0.0,0.0,0.66667,1.0,0.16,0.04889,0.96743,0.0,1.0,1.0,0.8,1.0,1.0,1.0,0.68445,0.88889,0.07143,0.42226,0.30391,0.0,1.0,0.99591,1.0,1.0,0.63333,1.0,1.0,0.5,0.5,0.5,1.0,1.0,0.5,0.5,0.5,0.0,0.0,1.0,1.0,1.0,0.32384,0.87746,0.36667,0.33333,1.0,0.25,0.75,1.0,1.0,1.0,0.0,0.0,0.0,0.0,0.4,0.4,0.0538,0.53333,0.96667,0.0,0.0,0.66667,0.0,0.16,0.04889,0.98872,0.0,1.0,1.0,0.8381,0.94286,0.95238,0.0,0.98098,1.0,0.28571,0.41584,0.30391,0.0,0.0,1.0,0.85714,0.85714,0.7,1.0,1.0,0.5,0.56425,0.5,1.0,1.0,0.5,0.5,0.5,0.0,0.0,1.0,1.0,1.0,0.32384,0.87746,0.3,0.2,1.0,0.5,1.0,1.0,1.0,1.0,0.5,0.5,0.5,0.5,0.5,0.5,0.0538,0.53333,0.96667,0.0,0.0,0.66667,0.0,0.16,0.04889,0.99406,0.0,1.0,1.0,0.8381,0.94286,0.5,1.0,0.93921,1.0,0.07143,0.47923,0.30391,0.2,0.0,0.94286,0.92857,0.5,0.5,1.0,1.0,0.5,0.5,0.5,1.0,1.0,0.5,0.5,0.5,0.11263,0.0,0.5,1.0,1.0,0.32384,0.87746,1.0,0.06667,0.0,1.0,0.0,1.0,0.8,0.5,1.0,1.0,1.0,1.0,0.4,0.4,0.0538,0.53333,0.96667,0.0,0.0,0.66667,0.0,0.16,0.04889,0.0,0.99879,1.0,1.0,0.84762,0.95238,0.94286,0.0,0.9778,1.0,0.0,0.42226,0.30391,0.0,0.0,0.99591,1.0,1.0,0.8,1.0,1.0,0.5,0.20757,0.5,1.0,1.0,1.0,0.52182,1.0,0.0,0.0,1.0,1.0,1.0,0.32384,0.87746,0.2,0.33333,1.0,0.25,0.75,1.0,1.0,1.0,0.5,0.5,0.5,0.5,0.5,0.5,0.0538,0.53333,0.96667,0.0,0.0,0.66667,0.0,0.16,0.04889,0.98872,0.0,1.0,1.0,0.8381,0.94286,0.5,1.0,0.96597,1.0,0.0,0.54738,0.30391,0.33333,0.0,0.92392,0.85714,0.5,0.93333,1.0,1.0,0.5,0.5,0.5,1.0,1.0,0.5,0.5,0.5,0.77226,0.22172,0.06667,1.0,1.0,0.32384,0.87746,1.0,0.06667,0.0,1.0,0.0,1.0,0.66667,0.5
0.0,1.0,0.0,1.0,0.4,0.4,0.19886,0.4,0.3,0.0,0.5,0.0,0.0,0.44,0.08,0.99946,0.0,1.0,1.0,0.7,1.0,0.8,0.0,0.0001,1.0,0.0,0.91433,0.80211,0.0,0.0,1.0,1.0,0.75,1.0,1.0,1.0,0.5,0.5,0.5,1.0,1.0,0.5,0.5,0.5,0.0,0.0,1.0,1.0,1.0,0.5,0.5,0.0,0.4,1.0,1.0,0.0,1.0,0.0,1.0,0.5,0.5,0.5,0.5,0.5,0.5,0.19886,0.4,0.3,0.0,0.5,0.0,0.0,0.44,0.08,0.99153,0.0,1.0,1.0,0.7,1.0,0.5,1.0,0.86883,1.0,0.0,0.91433,0.80211,0.0,0.0,1.0,1.0,0.5,0.8,1.0,1.0,0.5,0.5,0.5,1.0,1.0,0.5,0.5,0.5,0.0,0.0,1.0,1.0,1.0,0.5,0.5,0.2,0.6,1.0,1.0,0.0,1.0,0.0,0.5,0.0,1.0,0.0,1.0,0.4,0.4,0.19886,0.4,0.3,0.0,0.5,0.0,0.0,0.44,0.08,0.98896,0.0,1.0,1.0,0.7,1.0,0.6,0.0,0.66207,1.0,0.0,0.91433,0.80211,0.0,0.0,1.0,1.0,0.5,0.8,1.0,1.0,0.5,0.5,0.5,1.0,1.0,0.5,0.5,0.5,0.0,0.0,1.0,1.0,1.0,0.5,0.5,0.2,0.6,1.0,1.0,0.0,1.0,0.0,1.0,0.5,0.5,0.5,0.5,0.5,0.5,0.19886,0.4,0.3,0.0,0.5,0.0,0.0,0.44,0.08,0.99842,0.0,1.0,1.0,0.7,1.0,0.5,1.0,0.71804,0.93252,0.0,0.91433,0.80211,0.0,0.0,1.0,1.0,0.5,0.6,1.0,1.0,0.5,0.5,0.5,1.0,1.0,0.5,0.5,0.5,0.0,0.0,1.0,1.0,1.0,0.5,0.5,0.4,0.6,1.0,1.0,0.0,1.0,0.0,0.5,0.5,0.5,0.5,0.5,0.5,0.5,0.19886,0.4,0.3,0.0,0.5,0.0,0.0,0.44,0.08,0.99153,0.0,1.0,1.0,0.7,1.0,0.5,0.0,0.91996,1.0,0.25,0.89019,0.80211,0.0,0.0,1.0,0.75,0.5,0.7,1.0,1.0,0.5,0.5,0.5,1.0,1.0,0.5,0.5,0.5,0.0,0.0,1.0,1.0,1.0,0.5,0.5,0.3,0.4,1.0,1.0,0.0,1.0,0.0,0.5,0.5,0.5,0.5,0.5,0.5,0.5,0.19886,0.4,0.3,0.0,0.5,0.0,0.0,0.44,0.08,0.99047,0.0,1.0,1.0,0.7,1.0,0.5,1.0,0.82123,1.0,0.0,0.91433,0.80211,0.0,0.0,1.0,1.0,0.5,0.5,1.0,1.0,0.5,0.5,0.5,1.0,1.0,0.5,0.5,0.5,0.0,0.0,1.0,1.0,1.0,0.5,0.5,0.5,0.6,1.0,1.0,0.0,1.0,0.0,0.5,1.0,1.0,1.0,1.0,0.4,0.4,0.19886,0.4,0.3,0.0,0.5,0.0,0.0,0.44,0.08,0.0,0.99984,0.7,1.0,0.7,1.0,1.0,1.0,0.92992,1.0,0.0,0.91433,0.80211,0.0,0.0,1.0,1.0,1.0,0.8,1.0,1.0,0.5,0.5,0.5,1.0,1.0,0.5,0.5,0.5,0.0,0.0,1.0,1.0,1.0,0.5,0.5,0.2,0.6,1.0,1.0,0.0,1.0,0.0,1.0,1.0,0.5,1.0,0.5,0.4,0.5,0.19886,0.4,0.3,0.0,0.5,0.0,1.0,0.44,0.08,0.99153,0.0,1.0,1.0,0.7,1.0,1.0,1.0,0.86883,1.0,0.0,0.91433,0.80211,0.0,0.0,1.0,1.0,1.0,0.0,1.0,1.0,0.5,0.5,0.5,1.0,1.0,0.5,0.5,0.5,0.0,0.0,1.0,1.0,1.0,0.5,0.5,1.0,0.2,0.0,1.0,1.0,1.0,0.0,1.0
0.0,1.0,0.0,1.0,0.4,0.4,0.1776,0.4,0.36667,0.0,0.5,0.0,0.0,0.44,0.08,0.99863,0.0,1.0,1.0,0.7,1.0,0.8,0.0,0.0001,1.0,0.0,0.80316,0.68533,0.0,0.0,1.0,1.0,0.75,1.0,1.0,1.0,0.5,0.5,0.5,1.0,1.0,0.5,0.5,0.5,0.0,0.0,1.0,1.0,1.0,0.5,0.5,0.0,0.4,1.0,1.0,0.0,1.0,0.0,1.0,0.5,0.5,0.5,0.5,0.5,0.5,0.1776,0.4,0.36667,0.0,0.5,0.0,0.0,0.44,0.08,0.97894,0.0,1.0,1.0,0.7,1.0,0.5,1.0,0.89814,1.0,0.0,0.80316,0.68533,0.0,0.0,1.0,1.0,0.5,0.8,1.0,1.0,0.5,0.5,0.5,1.0,1.0,0.5,0.5,0.5,0.0,0.0,1.0,1.0,1.0,0.5,0.5,0.2,0.6,1.0,1.0,0.0,1.0,0.0,0.5,0.0,1.0,0.0,1.0,0.4,0.4,0.1776,0.4,0.36667,0.0,0.5,0.0,0.0,0.44,0.08,0.96355,0.0,1.0,1.0,0.7,1.0,0.6,0.0,0.63017,1.0,0.0,0.80316,0.68533,0.0,0.0,1.0,1.0,0.5,0.8,1.0,1.0,0.5,0.5,0.5,1.0,1.0,0.5,0.5,0.5,0.0,0.0,1.0,1.0,1.0,0.5,0.5,0.2,0.6,1.0,1.0,0.0,1.0,0.0,1.0,0.5,0.5,0.5,0.5,0.5,0.5,0.1776,0.4,0.36667,0.0,0.5,0.0,0.0,0.44,0.08,0.99601,0.0,1.0,1.0,0.7,1.0,0.5,1.0,0.74227,0.96398,0.0,0.80316,0.68533,0.0,0.0,1.0,1.0,0.5,0.6,1.0,1.0,0.5,0.5,0.5,1.0,1.0,0.5,0.5,0.5,0.0,0.0,1.0,1.0,1.0,0.5,0.5,0.4,0.6,1.0,1.0,0.0,1.0,0.0,0.5,0.5,0.5,0.5,0.5,0.5,0.5,0.1776,0.4,0.36667,0.0,0.5,0.0,0.0,0.44,0.08,0.97894,0.0,1.0,1.0,0.7,1.0,0.5,1.0,0.99289,1.0,0.25,0.8787,0.78365,0.0,0.0,1.0,0.75,0.5,0.7,1.0,1.0,0.5,0.5,0.5,1.0,1.0,0.5,0.5,0.5,0.0,0.0,1.0,1.0,1.0,0.5,0.5,0.3,0.4,1.0,1.0,0.0,1.0,0.0,0.5,0.0,0.0,0.0,0.0,0.4,0.4,0.1776,0.4,0.36667,0.0,0.5,0.0,0.0,0.44,0.08,0.96284,0.0,1.0,1.0,0.7,1.0,1.0,1.0,0.84894,1.0,0.0,0.80316,0.68533,0.0,0.0,1.0,1.0,1.0,0.5,1.0,1.0,0.5,0.5,0.5,1.0,1.0,0.5,0.5,0.5,0.0,0.0,1.0,1.0,1.0,0.5,0.5,0.5,0.6,1.0,1.0,0.0,1.0,0.0,1.0,1.0,1.0,1.0,1.0,0.4,0.4,0.1776,0.4,0.36667,0.0,0.5,0.0,0.0,0.44,0.08,0.96095,0.0,1.0,1.0,0.7,1.0,1.0,0.0,0.8968,1.0,0.0,0.80316,0.68533,0.0,0.0,1.0,1.0,1.0,0.8,1.0,1.0,0.5,0.5,0.5,1.0,1.0,0.5,0.5,0.5,0.0,0.0,1.0,1.0,1.0,0.5,0.5,0.2,0.6,1.0,1.0,0.0,1.0,0.0,1.0,0.0,0.5,0.0,0.5,0.4,0.5,0.1776,0.4,0.36667,0.0,0.5,0.0,1.0,0.44,0.08,0.97894,0.0,1.0,1.0,0.7,1.0,1.0,1.0,0.89814,1.0,0.0,0.80316,0.68533,0.0,0.0,1.0,1.0,1.0,0.0,1.0,1.0,0.5,0.5,0.5,1.0,1.0,0.5,0.5,0.5,0.0,0.0,1.0,1.0,1.0,0.5,0.5,1.0,0.2,0.0,1.0,1.0,1.0,0.0,1.0
0.0,1.0,0.0,1.0,0.4,0.4,0.15884,0.4,0.4,0.0,0.5,0.0,0.0,0.48,0.08,0.99868,0.0,1.0,1.0,0.6,1.0,0.8,0.0,0.0001,1.0,0.0,0.71623,0.59271,0.0,0.0,1.0,1.0,0.75,1.0,1.0,1.0,0.5,0.5,0.5,1.0,1.0,0.5,0.5,0.5,0.0,0.0,1.0,1.0,1.0,0.5,0.5,0.0,0.4,1.0,0.0,0.0,1.0,1.0,1.0,0.5,0.5,0.5,0.5,0.5,0.5,0.15884,0.4,0.4,0.0,0.5,0.0,0.0,0.48,0.08,0.97997,0.0,1.0,1.0,0.6,1.0,0.5,1.0,0.90333,1.0,0.0,0.71623,0.59271,0.0,0.0,1.0,1.0,0.5,0.8,1.0,1.0,0.5,0.5,0.5,1.0,1.0,0.5,0.5,0.5,0.0,0.0,1.0,1.0,1.0,0.5,0.5,0.2,0.6,1.0,0.0,0.0,1.0,1.0,0.5,0.0,1.0,0.0,1.0,0.4,0.4,0.15884,0.4,0.4,0.0,0.5,0.0,0.0,0.48,0.08,0.96495,0.0,1.0,1.0,0.6,1.0,0.6,1.0,0.9081,1.0,0.75,0.64368,0.47457,0.0,0.0,1.0,0.25,0.25,0.8,1.0,1.0,0.5,0.5,0.5,1.0,1.0,0.5,0.5,0.5,0.0,0.0,1.0,1.0,1.0,0.5,0.5,0.2,0.4,1.0,1.0,1.0,1.0,0.0,1.0,0.5,0.5,0.5,0.5,0.5,0.5,0.15884,0.4,0.4,0.0,0.5,0.0,0.0,0.48,0.08,0.99618,0.0,1.0,1.0,0.6,1.0,0.5,1.0,0.74655,0.96955,0.0,0.71623,0.59271,0.0,0.0,1.0,1.0,0.5,0.6,1.0,1.0,0.5,0.5,0.5,1.0,1.0,0.5,0.5,0.5,0.0,0.0,1.0,1.0,1.0,0.5,0.5,0.4,0.6,1.0,0.0,0.0,1.0,1.0,0.5,0.5,0.5,0.5,0.5,0.5,0.5,0.15884,0.4,0.4,0.0,0.5,0.0,0.0,0.48,0.08,0.97997,0.0,1.0,1.0,0.6,1.0,0.5,1.0,0.99552,1.0,0.25,0.79955,0.66604,0.0,0.0,1.0,0.75,0.5,0.7,1.0,1.0,0.5,0.5,0.5,1.0,1.0,0.5,0.5,0.5,0.0,0.0,1.0,1.0,1.0,0.5,0.5,0.3,0.4,1.0,0.0,0.0,1.0,1.0,0.5,0.0,0.5,0.0,0.5,0.4,0.5,0.15884,0.4,0.4,0.0,0.5,0.0,1.0,0.48,0.08,0.96404,0.0,1.0,1.0,0.6,1.0,1.0,1.0,0.85384,1.0,0.0,0.71623,0.59271,0.0,0.0,1.0,1.0,1.0,0.5,1.0,1.0,0.5,0.5,0.5,1.0,1.0,0.5,0.5,0.5,0.0,0.0,1.0,1.0,1.0,0.5,0.5,0.5,0.6,1.0,0.0,0.0,1.0,1.0,1.0,1.0,1.0,1.0,1.0,0.4,0.4,0.15884,0.4,0.4,0.0,0.5,0.0,0.0,0.48,0.08,0.96079,0.0,1.0,1.0,0.6,1.0,1.0,0.0,0.89106,1.0,0.0,0.71623,0.59271,0.0,0.0,1.0,1.0,1.0,0.8,1.0,1.0,0.5,0.5,0.5,1.0,1.0,0.5,0.5,0.5,0.0,0.0,1.0,1.0,1.0,0.5,0.5,0.2,0.6,1.0,0.0,0.0,1.0,1.0,1.0,0.0,0.0,0.0,0.0,0.4,0.4,0.15884,0.4,0.4,0.0,0.5,0.0,0.0,0.48,0.08,0.97997,0.0,1.0,1.0,0.6,1.0,1.0,1.0,0.90333,1.0,0.0,0.71623,0.59271,0.0,0.0,1.0,1.0,1.0,0.0,1.0,1.0,0.5,0.5,0.5,1.0,1.0,0.5,0.5,0.5,0.0,0.0,1.0,1.0,1.0,0.5,0.5,1.0,0.2,0.0,1.0,1.0,1.0,1.0,1.0
0.0,1.0,0.0,1.0,0.4,0.4,0.13916,0.4,0.43333,0.0,0.5,0.0,0.0,0.4,0.08,0.99894,0.0,1.0,1.0,0.6,1.0,0.8,0.0,0.0001,1.0,0.0,0.62553,0.50203,0.0,0.0,0.98861,1.0,0.75,1.0,1.0,1.0,0.5,0.5,0.5,1.0,1.0,0.5,0.5,0.5,0.0,0.0,1.0,1.0,1.0,0.5,0.5,0.0,0.4,1.0,0.0,0.0,1.0,1.0,1.0,0.5,0.5,0.5,0.5,0.5,0.5,0.13916,0.4,0.43333,0.0,0.5,0.0,0.0,0.4,0.08,0.98396,0.0,1.0,1.0,0.6,1.0,0.5,1.0,0.90899,1.0,0.0,0.62553,0.50203,0.0,0.0,0.98861,1.0,0.5,0.8,1.0,1.0,0.5,0.5,0.5,1.0,1.0,0.5,0.5,0.5,0.0,0.0,1.0,1.0,1.0,0.5,0.5,0.2,0.6,1.0,0.0,0.0,1.0,1.0,0.5,0.0,1.0,0.0,1.0,0.4,0.4,0.13916,0.4,0.43333,0.0,0.5,0.0,0.0,0.4,0.08,0.971,0.0,1.0,1.0,0.6,1.0,0.6,0.0,0.87294,1.0,0.75,0.58994,0.41838,0.0,0.0,1.0,0.25,0.25,0.8,1.0,1.0,0.5,0.5,0.5,1.0,1.0,0.5,0.5,0.5,0.0,0.0,1.0,1.0,1.0,0.5,0.5,0.2,0.4,1.0,1.0,1.0,1.0,0.0,1.0,0.5,0.5,0.5,0.5,0.5,0.5,0.13916,0.4,0.43333,0.0,0.5,0.0,0.0,0.4,0.08,0.99693,0.0,1.0,1.0,0.6,1.0,0.5,1.0,0.75123,0.97563,0.0,0.62553,0.50203,0.0,0.0,0.98861,1.0,0.5,0.6,1.0,1.0,0.5,0.5,0.5,1.0,1.0,0.5,0.5,0.5,0.0,0.0,1.0,1.0,1.0,0.5,0.5,0.4,0.6,1.0,0.0,0.0,1.0,1.0,0.5,0.5,0.5,0.5,0.5,0.5,0.5,0.13916,0.4,0.43333,0.0,0.5,0.0,0.0,0.4,0.08,0.98396,0.0,1.0,1.0,0.6,1.0,0.5,0.0,0.98369,1.0,0.25,0.71326,0.55432,0.0,0.0,1.0,0.75,0.5,0.7,1.0,1.0,0.5,0.5,0.5,1.0,1.0,0.5,0.5,0.5,0.0,0.0,1.0,1.0,1.0,0.5,0.5,0.3,0.4,1.0,0.0,0.0,1.0,1.0,0.5,0.0,0.5,0.0,0.5,0.4,0.5,0.13916,0.4,0.43333,0.0,0.5,0.0,1.0,0.4,0.08,0.9698,0.0,1.0,1.0,0.6,1.0,1.0,1.0,0.85919,1.0,0.0,0.62553,0.50203,0.0,0.0,0.98861,1.0,1.0,0.5,1.0,1.0,0.5,0.5,0.5,1.0,1.0,0.5,0.5,0.5,0.0,0.0,1.0,1.0,1.0,0.5,0.5,0.5,0.6,1.0,0.0,0.0,1.0,1.0,1.0,1.0,1.0,1.0,1.0,0.4,0.4,0.13916,0.4,0.43333,0.0,0.5,0.0,0.0,0.4,0.08,0.96498,0.0,1.0,1.0,0.6,1.0,1.0,0.0,0.88483,1.0,0.0,0.62553,0.50203,0.0,0.0,0.98861,1.0,1.0,0.8,1.0,1.0,0.5,0.5,0.5,1.0,1.0,0.5,0.5,0.5,0.0,0.0,1.0,1.0,1.0,0.5,0.5,0.2,0.6,1.0,0.0,0.0,1.0,1.0,1.0,0.0,0.0,0.0,0.0,0.4,0.4,0.13916,0.4,0.43333,0.0,0.5,0.0,0.0,0.4,0.08,0.98396,0.0,1.0,1.0,0.6,1.0,1.0,1.0,0.90899,1.0,0.0,0.62553,0.50203,0.0,0.0,0.98861,1.0,1.0,0.0,1.0,1.0,0.5,0.5,0.5,1.0,1.0,0.5,0.5,0.5,0.0,0.0,1.0,1.0,1.0,0.5,0.5,1.0,0.2,0.0,1.0,1.0,1.0,1.0,1.0
0.0,1.0,0.0,1.0,0.4,0.4,0.1214,0.4,0.46667,0.0,0.5,0.0,0.0,0.4,0.08,0.99917,0.0,1.0,1.0,0.6,1.0,0.8,0.0,0.0001,1.0,0.0,0.54416,0.42522,0.0,0.0,0.97151,1.0,0.75,1.0,1.0,1.0,0.5,0.5,0.5,1.0,1.0,0.5,0.5,0.5,0.0,0.0,1.0,1.0,1.0,0.5,0.5,0.0,0.4,1.0,0.0,0.0,1.0,1.0,1.0,0.5,0.5,0.5,0.5,0.5,0.5,0.1214,0.4,0.46667,0.0,0.5,0.0,0.0,0.4,0.08,0.98748,0.0,1.0,1.0,0.6,1.0,0.5,1.0,0.91417,1.0,0.0,0.54416,0.42522,0.0,0.0,0.97151,1.0,0.5,0.8,1.0,1.0,0.5,0.5,0.5,1.0,1.0,0.5,0.5,0.5,0.0,0.0,1.0,1.0,1.0,0.5,0.5,0.2,0.6,1.0,0.0,0.0,1.0,1.0,0.5,0.0,1.0,0.0,1.0,0.4,0.4,0.1214,0.4,0.46667,0.0,0.5,0.0,0.0,0.4,0.08,0.97743,0.0,1.0,1.0,0.6,1.0,0.6,0.0,0.84132,1.0,0.75,0.53703,0.36708,0.0,0.0,1.0,0.25,0.25,0.8,1.0,1.0,0.5,0.5,0.5,1.0,1.0,0.5,0.5,0.5,0.0,0.0,1.0,1.0,1.0,0.5,0.5,0.2,0.4,1.0,1.0,1.0,1.0,0.0,1.0,0.5,0.5,0.5,0.5,0.5,0.5,0.1214,0.4,0.46667,0.0,0.5,0.0,0.0,0.4,0.08,0.99759,0.0,1.0,1.0,0.6,1.0,0.5,1.0,0.75551,0.98119,0.0,0.54416,0.42522,0.0,0.0,0.97151,1.0,0.5,0.6,1.0,1.0,0.5,0.5,0.5,1.0,1.0,0.5,0.5,0.5,0.0,0.0,1.0,1.0,1.0,0.5,0.5,0.4,0.6,1.0,0.0,0.0,1.0,1.0,0.5,0.5,0.5,0.5,0.5,0.5,0.5,0.1214,0.4,0.46667,0.0,0.5,0.0,0.0,0.4,0.08,0.98748,0.0,1.0,1.0,0.6,1.0,0.5,0.0,0.97312,1.0,0.25,0.63263,0.46266,0.0,0.0,1.0,0.75,0.5,0.7,1.0,1.0,0.5,0.5,0.5,1.0,1.0,0.5,0.5,0.5,0.0,0.0,1.0,1.0,1.0,0.5,0.5,0.3,0.4,1.0,0.0,0.0,1.0,1.0,0.5,0.0,0.5,0.0,0.5,0.4,0.5,0.1214,0.4,0.46667,0.0,0.5,0.0,1.0,0.4,0.08,0.9765,0.0,1.0,1.0,0.6,1.0,1.0,1.0,0.86409,1.0,0.0,0.54416,0.42522,0.0,0.0,0.97151,1.0,1.0,0.5,1.0,1.0,0.5,0.5,0.5,1.0,1.0,0.5,0.5,0.5,0.0,0.0,1.0,1.0,1.0,0.5,0.5,0.5,0.6,1.0,0.0,0.0,1.0,1.0,1.0,1.0,1.0,1.0,1.0,0.4,0.4,0.1214,0.4,0.46667,0.0,0.5,0.0,0.0,0.4,0.08,0.97238,0.0,0.8,0.8,0.8,0.8,0.8,0.0,0.37112,0.58907,0.0,0.63263,0.46266,0.0,0.0,1.0,0.75,0.75,0.8,1.0,1.0,0.5,0.5,0.5,1.0,1.0,0.5,0.5,0.5,0.0,0.0,1.0,1.0,1.0,0.5,0.5,0.2,0.4,1.0,0.0,0.0,1.0,1.0,1.0,0.0,0.0,0.0,0.0,0.4,0.4,0.1214,0.4,0.46667,0.0,0.5,0.0,0.0,0.4,0.08,0.98748,0.0,1.0,1.0,0.6,1.0,1.0,1.0,0.91417,1.0,0.0,0.54416,0.42522,0.0,0.0,0.97151,1.0,1.0,0.0,1.0,1.0,0.5,0.5,0.5,1.0,1.0,0.5,0.5,0.5,0.0,0.0,1.0,1.0,1.0,0.5,0.5,1.0,0.2,0.0,1.0,1.0,1.0,1.0,1.0
0.0,1.0,0.0,1.0,0.4,0.4,0.10587,0.4,0.5,0.0,0.5,0.0,0.0,0.32,0.08,0.99935,0.0,1.0,1.0,0.6,1.0,0.8,0.0,0.0001,1.0,0.0,0.47336,0.36169,0.0,0.0,0.95752,1.0,0.75,1.0,1.0,1.0,0.5,0.5,0.5,1.0,1.0,0.5,0.5,0.5,0.0,0.0,1.0,1.0,1.0,0.5,0.5,0.0,0.4,1.0,0.0,0.0,1.0,1.0,1.0,0.5,0.5,0.5,0.5,0.5,0.5,0.10587,0.4,0.5,0.0,0.5,0.0,0.0,0.32,0.08,0.99026,0.0,1.0,1.0,0.6,1.0,0.5,1.0,0.91877,1.0,0.0,0.47336,0.36169,0.0,0.0,0.95752,1.0,0.5,0.8,1.0,1.0,0.5,0.5,0.5,1.0,1.0,0.5,0.5,0.5,0.0,0.0,1.0,1.0,1.0,0.5,0.5,0.2,0.6,1.0,0.0,0.0,1.0,1.0,0.5,0.0,1.0,0.0,1.0,0.4,0.4,0.10587,0.4,0.5,0.0,0.5,0.0,0.0,0.32,0.08,0.9825,0.0,1.0,1.0,0.6,1.0,0.6,0.0,0.81375,1.0,0.75,0.48686,0.32176,0.0,0.0,1.0,0.25,0.25,0.8,1.0,1.0,0.5,0.5,0.5,1.0,1.0,0.5,0.5,0.5,0.0,0.0,1.0,1.0,1.0,0.5,0.5,0.2,0.4,1.0,1.0,1.0,1.0,0.0,1.0,0.5,0.5,0.5,0.5,0.5,0.5,0.10587,0.4,0.5,0.0,0.5,0.0,0.0,0.32,0.08,0.99812,0.0,1.0,1.0,0.6,1.0,0.5,1.0,0.75931,0.98612,0.0,0.47336,0.36169,0.0,0.0,0.95752,1.0,0.5,0.6,1.0,1.0,0.5,0.5,0.5,1.0,1.0,0.5,0.5,0.5,0.0,0.0,1.0,1.0,1.0,0.5,0.5,0.4,0.6,1.0,0.0,0.0,1.0,1.0,0.5,0.5,0.5,0.5,0.5,0.5,0.5,0.10587,0.4,0.5,0.0,0.5,0.0,0.0,0.32,0.08,0.99026,0.0,1.0,1.0,0.6,1.0,0.5,0.0,0.96406,1.0,0.25,0.55977,0.38866,0.0,0.0,0.98136,0.75,0.5,0.7,1.0,1.0,0.5,0.5,0.5,1.0,1.0,0.5,0.5,0.5,0.0,0.0,1.0,1.0,1.0,0.5,0.5,0.3,0.4,1.0,0.0,0.0,1.0,1.0,0.5,0.0,0.5,0.0,0.5,0.4,0.5,0.10587,0.4,0.5,0.0,0.5,0.0,1.0,0.32,0.08,0.98179,0.0,1.0,1.0,0.6,1.0,1.0,1.0,0.86843,1.0,0.0,0.47336,0.36169,0.0,0.0,0.95752,1.0,1.0,0.5,1.0,1.0,0.5,0.5,0.5,1.0,1.0,0.5,0.5,0.5,0.0,0.0,1.0,1.0,1.0,0.5,0.5,0.5,0.6,1.0,0.0,0.0,1.0,1.0,1.0,1.0,1.0,1.0,1.0,0.4,0.4,0.10587,0.4,0.5,0.0,0.5,0.0,0.0,0.32,0.08,0.9663,0.0,1.0,1.0,0.8,0.8,0.8,0.0,0.3605,0.57222,0.0,0.55977,0.38866,0.0,0.0,0.98136,0.75,0.75,0.8,1.0,1.0,0.5,0.5,0.5,1.0,1.0,0.5,0.5,0.5,0.0,0.0,1.0,1.0,1.0,0.5,0.5,0.2,0.4,1.0,0.0,0.0,1.0,1.0,1.0,0.0,0.0,0.0,0.0,0.4,0.4,0.10587,0.4,0.5,0.0,0.5,0.0,0.0,0.32,0.08,0.99026,0.0,1.0,1.0,0.6,1.0,1.0,1.0,0.91877,1.0,0.0,0.47336,0.36169,0.0,0.0,0.95752,1.0,1.0,0.0,1.0,1.0,0.5,0.5,0.5,1.0,1.0,0.5,0.5,0.5,0.0,0.0,1.0,1.0,1.0,0.5,0.5,1.0,0.2,0.0,1.0,1.0,1.0,1.0,1.0
0.0,1.0,0.0,1.0,0.4,0.4,0.0,0.2,0.66667,0.0,0.5,0.0,0.0,0.2,0.04,0.0,0.99736,0.6,1.0,0.9,0.9,0.7,0.0,0.0001,1.0,0.0,0.0,0.0,0.0,0.0,0.76064,0.5,0.5,1.0,0.8,0.6047,0.10924,0.5,0.0,1.0,1.0,0.5,0.5,0.5,0.0,0.0,1.0,1.0,1.0,0.5,0.5,0.0,0.2,1.0,0.0,1.0,1.0,0.0,1.0,0.0,0.0,0.0,0.0,0.4,0.4,0.0,0.2,0.66667,0.0,0.5,0.0,0.0,0.2,0.04,0.9657,0.0,0.7,1.0,1.0,1.0,0.7,0.0,0.72235,1.0,0.5,0.0,0.0,0.0,0.0,0.9832,1.0,0.75,1.0,0.8,0.6047,0.10924,0.5,0.05462,1.0,1.0,0.5,0.5,0.5,0.0,0.0,1.0,1.0,1.0,0.5,0.5,1.0,0.0,0.0,1.0,1.0,1.0,0.0,0.25,0.0,0.0,0.0,0.0,0.4,0.2,0.0,0.2,0.66667,0.0,0.5,0.0,0.0,0.2,0.04,0.94419,0.0,0.8,1.0,1.0,1.0,1.0,0.0,0.0001,0.00018,0.25,1.0,1.0,1.0,0.0,1.0,0.75,0.75,1.0,0.8,0.6047,0.10924,0.5,0.05462,1.0,1.0,0.5,0.5,0.5,0.0,0.0,1.0,1.0,1.0,0.5,0.5,1.0,0.0,0.0,1.0,1.0,1.0,1.0,1.0,0.0,0.5,0.0,0.5,0.2,0.5,0.0,0.2,0.66667,0.0,0.5,0.0,1.0,0.2,0.04,0.99796,0.0,0.7,1.0,1.0,1.0,0.7,0.0,0.70214,0.91187,0.5,0.0,0.0,0.0,0.0,0.9832,1.0,0.75,1.0,0.8,0.6047,0.10924,0.10924,0.10924,1.0,1.0,0.5,0.5,0.5,0.0,0.0,1.0,1.0,1.0,0.5,0.5,1.0,0.0,0.0,1.0,1.0,1.0,0.0,1.0,0.0,0.0,0.0,0.0,0.4,0.4,0.0,0.2,0.66667,0.0,0.5,0.0,0.0,0.2,0.04,0.9657,0.0,0.7,1.0,1.0,1.0,0.6,1.0,0.88908,1.0,0.5,0.0,0.0,0.0,0.0,0.9832,1.0,0.5,1.0,0.8,0.6047,0.10924,0.5,0.08193,1.0,1.0,0.5,0.5,0.5,0.0,0.0,1.0,1.0,1.0,0.5,0.5,0.0,0.2,1.0,0.0,0.0,1.0,0.0,1.0,1.0,0.0,1.0,0.0,0.4,0.4,0.0,0.2,0.66667,0.0,0.5,0.0,0.0,0.2,0.04,0.94799,0.0,0.8,1.0,1.0,1.0,0.6,1.0,0.71618,0.99469,0.5,0.0,0.0,0.0,0.0,0.9832,1.0,0.75,1.0,0.8,0.6047,0.10924,0.5,0.13655,1.0,1.0,0.5,0.5,0.5,0.0,0.0,1.0,1.0,1.0,0.5,0.5,0.0,0.2,1.0,0.0,0.0,1.0,0.0,1.0,1.0,1.0,1.0,1.0,0.4,0.4,0.0,0.2,0.66667,0.0,0.5,0.0,0.0,0.2,0.04,0.96886,0.0,0.8,1.0,1.0,1.0,0.6,0.0,0.0001,0.00016,0.25,1.0,1.0,1.0,0.0,1.0,0.75,0.5,1.0,0.8,0.6047,0.10924,0.5,0.05462,1.0,1.0,0.5,0.5,0.5,0.0,0.0,1.0,1.0,1.0,0.5,0.5,1.0,0.0,0.0,1.0,1.0,1.0,1.0,1.0,0.0,0.0,0.0,0.0,0.4,0.4,0.0,0.2,0.66667,0.0,0.5,0.0,0.0,0.2,0.04,0.9657,0.0,0.7,1.0,1.0,1.0,0.6,0.0,0.72235,1.0,0.5,0.0,0.0,0.0,0.0,0.9832,1.0,0.75,1.0,0.8,0.6047,0.10924,0.5,0.2731,1.0,1.0,0.5,0.5,0.5,0.0,0.0,1.0,1.0,1.0,0.5,0.5,1.0,0.0,0.0,1.0,1.0,1.0,0.0,1.0
1.0,1.0,1.0,1.0,0.2,0.2,0.02314,0.2,0.73333,0.0,0.5,0.0,0.0,0.6,0.0,1.0,0.0,1.0,1.0,1.0,1.0,0.0,0.0,0.0001,1.0,0.0,0.11572,0.06353,0.0,0.0,0.99343,0.75,0.25,1.0,1.0,1.0,0.5,0.5,0.5,1.0,1.0,0.5,0.5,0.5,0.03809,0.06679,0.0,1.0,1.0,0.5,0.5,1.0,0.0,0.0,1.0,1.0,1.0,0.25,1.0,0.5,0.5,0.5,0.5,0.5,0.5,0.02314,0.2,0.73333,0.0,0.5,0.0,0.0,0.6,0.0,1.0,0.0,1.0,1.0,1.0,1.0,0.5,1.0,0.89538,1.0,0.25,0.11671,0.06353,0.0,0.0,0.99149,1.0,0.5,0.8,1.0,1.0,0.5,0.5,0.5,1.0,1.0,0.5,0.5,0.5,0.0,0.0,1.0,1.0,1.0,0.5,0.5,0.2,0.4,0.33333,1.0,1.0,1.0,0.33333,0.5,1.0,1.0,1.0,0.0,0.2,0.2,0.02314,0.2,0.73333,0.0,0.5,0.0,0.0,0.6,0.0,1.0,0.0,1.0,1.0,1.0,1.0,1.0,1.0,0.7387,1.0,0.25,0.11671,0.06353,0.0,0.0,0.99149,1.0,1.0,0.8,1.0,1.0,0.5,0.5,0.5,1.0,1.0,0.5,0.5,0.5,0.0,0.0,1.0,1.0,1.0,0.5,0.5,0.2,0.4,0.33333,1.0,1.0,1.0,0.33333,0.25,0.5,0.5,0.5,0.5,0.5,0.5,0.02314,0.2,0.73333,0.0,0.5,0.0,0.0,0.6,0.0,1.0,0.0,1.0,1.0,1.0,1.0,0.5,1.0,0.9951,1.0,0.25,0.12093,0.06353,0.0,1.0,0.99546,0.5,0.5,0.6,1.0,1.0,0.5,0.5,0.5,1.0,1.0,0.5,0.5,0.5,0.0,0.0,1.0,1.0,1.0,0.5,0.5,0.4,0.4,0.33333,1.0,1.0,1.0,0.33333,0.5,0.0,0.5,0.0,0.5,0.2,0.5,0.02314,0.2,0.73333,0.0,0.5,0.0,1.0,0.6,0.0,1.0,0.0,1.0,1.0,1.0,1.0,1.0,1.0,0.67236,1.0,0.25,0.11671,0.06353,0.0,0.0,0.99149,1.0,0.5,0.7,1.0,1.0,0.5,0.5,0.5,1.0,1.0,0.5,0.5,0.5,0.0,0.0,1.0,1.0,1.0,0.5,0.5,0.3,0.4,0.33333,1.0,1.0,1.0,0.33333,1.0,0.5,0.5,0.5,0.5,0.5,0.5,0.02314,0.2,0.73333,0.0,0.5,0.0,0.0,0.6,0.0,1.0,0.0,1.0,1.0,1.0,1.0,0.5,0.0,0.37346,0.51869,0.0,0.11572,0.06353,0.0,0.0,0.99343,0.75,0.5,0.5,1.0,1.0,0.5,0.5,0.5,1.0,1.0,0.5,0.5,0.5,0.0,0.0,1.0,1.0,1.0,0.5,0.5,0.5,0.4,0.25,1.0,1.0,1.0,0.25,0.5,1.0,1.0,0.0,1.0,0.2,0.2,0.02314,0.2,0.73333,0.0,0.5,0.0,0.0,0.6,0.0,1.0,0.0,1.0,1.0,1.0,1.0,1.0,1.0,0.81701,1.0,0.25,0.11671,0.06353,0.0,0.0,0.99149,1.0,0.5,0.8,1.0,1.0,0.5,0.5,0.5,1.0,1.0,0.5,0.5,0.5,0.0,0.0,1.0,1.0,1.0,0.5,0.5,0.2,0.8,1.0,0.33333,1.0,1.0,0.33333,1.0,1.0,1.0,1.0,0.0,0.2,0.2,0.02314,0.2,0.73333,0.0,0.5,0.0,0.0,0.6,0.0,1.0,0.0,1.0,1.0,1.0,1.0,1.0,1.0,0.89538,1.0,0.25,0.11671,0.06353,0.0,0.0,0.99149,1.0,1.0,0.0,1.0,1.0,0.5,0.5,0.5,1.0,1.0,0.5,0.5,0.5,0.0,0.0,1.0,1.0,1.0,0.5,0.5,1.0,0.2,0.0,1.0,1.0,1.0,0.33333,1.0
0.0,0.0,0.0,0.0,1.0,1.0,0.28221,0.6,0.23333,0.0,0.5,0.0,0.0,0.24,0.04,0.81763,0.0,1.0,0.9,1.0,1.0,1.0,0.0,0.0001,1.0,0.0,1.0,1.0,1.0,0.0,1.0,0.75,1.0,1.0,1.0,1.0,0.5,0.5,0.5,1.0,1.0,0.5,0.5,0.5,0.68607,0.04069,0.0,1.0,1.0,1.0,0.1961,1.0,0.0,0.0,1.0,0.0,1.0,1.0,1.0,0.5,0.5,0.5,0.5,0.5,0.5,0.28221,0.6,0.23333,0.0,0.5,0.0,0.0,0.24,0.04,0.91842,0.0,1.0,0.9,1.0,1.0,0.5,0.0,0.67012,0.95731,0.25,1.0,1.0,1.0,0.0,0.5,1.0,0.5,0.8,1.0,1.0,0.5,0.5,0.5,1.0,1.0,0.5,0.5,0.5,0.0,0.0,1.0,1.0,1.0,1.0,0.1961,1.0,0.2,0.0,1.0,0.0,1.0,0.0,0.5,0.0,0.5,0.0,0.5,0.6,0.5,0.28221,0.6,0.23333,0.0,0.5,0.0,1.0,0.24,0.04,0.0,0.99605,1.0,0.9,1.0,1.0,1.0,0.0,0.75359,1.0,0.25,1.0,1.0,1.0,0.0,0.5,1.0,0.5,0.8,1.0,1.0,0.5,0.5,0.5,1.0,1.0,1.0,0.1961,0.89464,0.0,0.0,1.0,1.0,1.0,1.0,0.1961,1.0,0.2,0.0,1.0,0.0,1.0,0.0,0.25,0.5,0.5,0.5,0.5,0.5,0.5,0.28221,0.6,0.23333,0.0,0.5,0.0,0.0,0.24,0.04,0.8313,0.0,1.0,0.9,1.0,1.0,0.5,0.0,0.13433,0.17445,0.0,1.0,1.0,1.0,0.0,1.0,0.75,0.5,0.6,1.0,1.0,0.5,0.5,0.5,1.0,1.0,0.5,0.5,0.5,0.0,0.0,1.0,1.0,1.0,1.0,0.1961,1.0,0.2,1.0,1.0,0.0,1.0,1.0,0.5,0.5,0.5,0.5,0.5,0.5,0.5,0.28221,0.6,0.23333,0.0,0.5,0.0,0.0,0.24,0.04,0.91842,0.0,1.0,0.9,1.0,1.0,0.5,1.0,0.93788,1.0,0.25,1.0,1.0,1.0,0.0,0.5,1.0,0.5,0.7,1.0,1.0,0.5,0.5,0.5,1.0,1.0,0.5,0.5,0.5,0.0,0.0,1.0,1.0,1.0,1.0,0.1961,0.7,0.4,1.0,0.0,1.0,1.0,0.0,0.5,0.5,0.5,0.5,0.5,0.5,0.5,0.28221,0.6,0.23333,0.0,0.5,0.0,0.0,0.24,0.04,0.0,0.9883,1.0,0.9,1.0,1.0,0.5,0.0,0.66251,0.92015,0.25,1.0,1.0,1.0,0.0,0.5,1.0,0.5,0.5,1.0,1.0,0.5,0.5,0.5,1.0,1.0,0.5,0.5,0.5,0.0,0.0,1.0,1.0,1.0,1.0,0.1961,0.8,0.4,1.0,0.0,1.0,1.0,0.0,0.5,0.5,0.5,0.5,0.5,0.5,0.5,0.28221,0.6,0.23333,0.0,0.5,0.0,0.0,0.24,0.04,0.0,0.95545,1.0,0.9,1.0,1.0,0.5,0.0,0.20067,0.31852,0.0,1.0,1.0,1.0,0.0,1.0,0.75,0.5,0.8,1.0,1.0,0.5,0.5,0.5,1.0,1.0,0.5,0.5,0.5,0.0,0.0,1.0,1.0,1.0,1.0,0.1961,1.0,0.2,1.0,1.0,0.0,1.0,1.0,0.5,0.5,0.5,0.5,0.5,0.5,0.5,0.28221,0.6,0.23333,0.0,0.5,0.0,0.0,0.24,0.04,0.91842,0.0,1.0,0.9,1.0,1.0,0.5,0.0,0.67012,0.95731,0.25,1.0,1.0,1.0,0.0,0.5,1.0,0.5,0.0,1.0,1.0,0.5,0.5,0.5,1.0,1.0,0.5,0.5,0.5,0.0,0.0,1.0,1.0,1.0,1.0,0.1961,1.0,0.2,0.0,1.0,0.0,1.0,0.0,0.5
0.0,0.0,0.0,0.0,1.0,1.0,0.25785,0.6,0.3,0.0,0.5,0.0,0.0,0.28,0.04,0.99903,0.0,1.0,0.9,1.0,1.0,1.0,0.0,0.0001,1.0,0.0,1.0,1.0,1.0,0.0,1.0,0.75,1.0,1.0,1.0,1.0,0.5,0.5,0.5,1.0,1.0,0.5,0.5,0.5,0.0,0.0052,1.0,1.0,1.0,1.0,0.1961,1.0,0.0,0.0,1.0,0.0,1.0,1.0,1.0,0.5,0.5,0.5,0.5,0.5,0.5,0.25785,0.6,0.3,0.0,0.5,0.0,0.0,0.28,0.04,0.98578,0.0,1.0,0.9,1.0,1.0,0.5,1.0,0.67138,0.95912,0.25,1.0,1.0,1.0,0.0,0.5,1.0,0.5,0.8,1.0,1.0,0.5,0.5,0.5,1.0,1.0,0.5,0.5,0.5,0.0,0.0,1.0,1.0,1.0,1.0,0.1961,1.0,0.2,0.0,1.0,0.0,1.0,0.0,0.5,0.0,0.0,0.0,0.0,0.6,0.6,0.25785,0.6,0.3,0.0,0.5,0.0,0.0,0.28,0.04,0.97496,0.0,1.0,0.9,1.0,1.0,1.0,1.0,0.75134,1.0,0.25,1.0,1.0,1.0,0.0,0.5,1.0,0.5,0.8,1.0,1.0,0.5,0.5,0.5,1.0,1.0,1.0,0.1961,0.89464,0.0,0.0,1.0,1.0,1.0,1.0,0.1961,1.0,0.2,0.0,1.0,0.0,1.0,0.0,0.25,0.5,0.5,0.5,0.5,0.5,0.5,0.25785,0.6,0.3,0.0,0.5,0.0,0.0,0.28,0.04,0.9972,0.0,1.0,0.9,1.0,1.0,0.5,0.0,0.11214,0.14563,0.0,1.0,1.0,1.0,0.0,1.0,0.75,0.5,0.6,1.0,1.0,0.5,0.5,0.5,1.0,1.0,0.5,0.5,0.5,0.0,0.0,1.0,1.0,1.0,1.0,0.1961,1.0,0.2,1.0,1.0,0.0,1.0,1.0,0.5,0.5,0.5,0.5,0.5,0.5,0.5,0.25785,0.6,0.3,0.0,0.5,0.0,0.0,0.28,0.04,0.98578,0.0,1.0,0.9,1.0,1.0,0.5,0.0,0.41554,1.0,0.0,1.0,1.0,1.0,0.0,1.0,0.75,0.5,0.7,1.0,1.0,0.5,0.5,0.5,1.0,1.0,0.5,0.5,0.5,0.0,0.0,1.0,1.0,1.0,1.0,0.1961,1.0,0.2,1.0,1.0,0.0,1.0,1.0,0.5,0.0,0.0,0.0,0.0,0.6,0.6,0.25785,0.6,0.3,0.0,0.5,0.0,0.0,0.28,0.04,0.97399,0.0,1.0,0.9,1.0,1.0,1.0,1.0,0.66404,0.92227,0.25,1.0,1.0,1.0,0.0,0.5,1.0,1.0,0.5,1.0,1.0,0.5,0.5,0.5,1.0,1.0,0.5,0.5,0.5,0.0,0.0,1.0,1.0,1.0,1.0,0.1961,0.8,0.4,1.0,0.0,1.0,1.0,0.0,0.25,0.5,0.5,0.5,0.5,0.5,0.5,0.25785,0.6,0.3,0.0,0.5,0.0,0.0,0.28,0.04,0.9697,0.0,1.0,0.9,1.0,1.0,0.5,0.0,0.16752,0.2659,0.0,1.0,1.0,1.0,0.0,1.0,0.75,0.5,0.8,1.0,1.0,0.5,0.5,0.5,1.0,1.0,0.5,0.5,0.5,0.0,0.0,1.0,1.0,1.0,1.0,0.1961,1.0,0.2,1.0,1.0,0.0,1.0,1.0,0.5,0.0,0.5,0.0,0.5,0.6,0.5,0.25785,0.6,0.3,0.0,0.5,0.0,1.0,0.28,0.04,0.98578,0.0,1.0,0.9,1.0,1.0,1.0,1.0,0.67138,0.95912,0.25,1.0,1.0,1.0,0.0,0.5,1.0,1.0,0.0,1.0,1.0,0.5,0.5,0.5,1.0,1.0,0.5,0.5,0.5,0.0,0.0,1.0,1.0,1.0,1.0,0.1961,1.0,0.2,0.0,1.0,0.0,1.0,0.0,1.0
0.0,0.0,0.0,0.0,1.0,1.0,0.24593,0.6,0.33333,0.0,0.5,0.0,0.0,0.24,0.04,0.99833,0.0,1.0,0.9,1.0,1.0,1.0,0.0,0.0001,1.0,0.0,1.0,1.0,1.0,0.0,1.0,0.75,1.0,1.0,1.0,1.0,0.5,0.5,0.5,1.0,1.0,0.5,0.5,0.5,0.0,0.0,1.0,1.0,1.0,1.0,0.1961,1.0,0.0,0.0,1.0,0.0,1.0,1.0,1.0,0.5,0.5,0.5,0.5,0.5,0.5,0.24593,0.6,0.33333,0.0,0.5,0.0,0.0,0.24,0.04,0.97569,0.0,1.0,0.9,1.0,1.0,0.5,1.0,0.67768,0.96811,0.25,1.0,1.0,1.0,0.0,0.5,1.0,0.5,0.8,1.0,1.0,0.5,0.5,0.5,1.0,1.0,0.5,0.5,0.5,0.0,0.0,1.0,1.0,1.0,1.0,0.1961,1.0,0.2,0.0,1.0,0.0,1.0,1.0,0.5,0.0,0.0,0.0,0.0,0.6,0.6,0.24593,0.6,0.33333,0.0,0.5,0.0,0.0,0.24,0.04,0.95758,0.0,1.0,0.9,1.0,1.0,1.0,1.0,0.75802,1.0,0.25,1.0,1.0,1.0,0.0,0.5,1.0,0.5,0.8,1.0,1.0,0.5,0.5,0.5,1.0,1.0,1.0,0.1961,0.89464,0.0,0.0,1.0,1.0,1.0,1.0,0.1961,1.0,0.2,0.0,1.0,0.0,1.0,1.0,0.25,0.5,0.5,0.5,0.5,0.5,0.5,0.24593,0.6,0.33333,0.0,0.5,0.0,0.0,0.24,0.04,0.99517,0.0,1.0,0.9,1.0,1.0,0.5,0.0,0.10201,0.13248,0.0,1.0,1.0,1.0,0.0,1.0,0.75,0.5,0.6,1.0,1.0,0.5,0.5,0.5,1.0,1.0,0.5,0.5,0.5,0.0,0.0,1.0,1.0,1.0,1.0,0.1961,1.0,0.2,1.0,1.0,0.0,1.0,1.0,0.5,0.5,0.5,0.5,0.5,0.5,0.5,0.24593,0.6,0.33333,0.0,0.5,0.0,0.0,0.24,0.04,0.97569,0.0,1.0,0.9,1.0,1.0,0.5,0.0,0.378,0.945,0.0,1.0,1.0,1.0,0.0,1.0,0.75,0.5,0.7,1.0,1.0,0.5,0.5,0.5,1.0,1.0,0.5,0.5,0.5,0.0,0.0,1.0,1.0,1.0,1.0,0.1961,1.0,0.2,1.0,1.0,0.0,1.0,1.0,0.5,0.0,0.5,0.0,0.5,0.6,0.5,0.24593,0.6,0.33333,0.0,0.5,0.0,1.0,0.24,0.04,0.95596,0.0,1.0,0.9,1.0,1.0,1.0,1.0,0.67026,0.93092,0.25,1.0,1.0,1.0,0.0,0.5,1.0,1.0,0.5,1.0,1.0,0.5,0.5,0.5,1.0,1.0,0.5,0.5,0.5,0.0,0.0,1.0,1.0,1.0,1.0,0.1961,0.7,0.4,1.0,0.0,1.0,1.0,1.0,0.25,0.5,0.5,0.5,0.5,0.5,0.5,0.24593,0.6,0.33333,0.0,0.5,0.0,0.0,0.24,0.04,0.9489,0.0,1.0,0.9,1.0,1.0,0.5,0.0,0.15238,0.24187,0.0,1.0,1.0,1.0,0.0,1.0,0.75,0.5,0.8,1.0,1.0,0.5,0.5,0.5,1.0,1.0,0.5,0.5,0.5,0.0,0.0,1.0,1.0,1.0,1.0,0.1961,1.0,0.2,1.0,1.0,0.0,1.0,1.0,0.5,0.0,0.0,0.0,0.0,0.6,0.6,0.24593,0.6,0.33333,0.0,0.5,0.0,0.0,0.24,0.04,0.97569,0.0,1.0,0.9,1.0,1.0,1.0,1.0,0.67768,0.96811,0.25,1.0,1.0,1.0,0.0,0.5,1.0,1.0,0.0,1.0,1.0,0.5,0.5,0.5,1.0,1.0,0.5,0.5,0.5,0.0,0.0,1.0,1.0,1.0,1.0,0.1961,1.0,0.2,0.0,1.0,0.0,1.0,1.0,1.0
0.0,0.0,0.0,0.0,1.0,1.0,0.22741,0.6,0.36667,0.0,0.5,0.0,0.0,0.24,0.04,0.99828,0.0,1.0,0.9,1.0,1.0,1.0,0.0,0.0001,1.0,0.0,1.0,1.0,1.0,0.0,1.0,0.75,1.0,1.0,1.0,1.0,0.5,0.5,0.5,1.0,1.0,0.5,0.5,0.5,0.0,0.0,1.0,1.0,1.0,1.0,0.1961,1.0,0.0,0.0,1.0,0.0,1.0,1.0,1.0,0.5,0.5,0.5,0.5,0.5,0.5,0.22741,0.6,0.36667,0.0,0.5,0.0,0.0,0.24,0.04,0.97532,0.0,1.0,0.9,1.0,1.0,0.5,1.0,0.68825,0.98321,0.25,1.0,1.0,1.0,0.0,0.5,1.0,0.5,0.8,1.0,1.0,0.5,0.5,0.5,1.0,1.0,0.5,0.5,0.5,0.0,0.0,1.0,1.0,1.0,1.0,0.1961,1.0,0.2,0.0,1.0,0.0,1.0,1.0,0.5,0.0,0.0,0.0,0.0,0.6,0.6,0.22741,0.6,0.36667,0.0,0.5,0.0,0.0,0.24,0.04,0.95725,0.0,1.0,0.9,1.0,1.0,1.0,1.0,0.76944,1.0,0.25,1.0,1.0,1.0,0.0,0.5,1.0,0.5,0.8,1.0,1.0,0.5,0.5,0.5,1.0,1.0,1.0,0.1961,0.89464,0.0,0.0,1.0,1.0,1.0,1.0,0.1961,1.0,0.2,0.0,1.0,0.0,1.0,1.0,0.25,0.5,0.5,0.5,0.5,0.5,0.5,0.22741,0.6,0.36667,0.0,0.5,0.0,0.0,0.24,0.04,0.99506,0.0,1.0,0.9,1.0,1.0,0.5,0.0,0.08723,0.11328,0.0,1.0,1.0,1.0,0.0,1.0,0.75,0.5,0.6,1.0,1.0,0.5,0.5,0.5,1.0,1.0,0.5,0.5,0.5,0.0,0.0,1.0,1.0,1.0,1.0,0.1961,1.0,0.2,1.0,1.0,0.0,1.0,1.0,0.5,0.5,0.5,0.5,0.5,0.5,0.5,0.22741,0.6,0.36667,0.0,0.5,0.0,0.0,0.24,0.04,0.97532,0.0,1.0,0.9,1.0,1.0,0.5,0.0,0.32323,0.80807,0.0,1.0,1.0,1.0,0.0,1.0,0.75,0.5,0.7,1.0,1.0,0.5,0.5,0.5,1.0,1.0,0.5,0.5,0.5,0.0,0.0,1.0,1.0,1.0,1.0,0.1961,1.0,0.2,1.0,1.0,0.0,1.0,1.0,0.5,0.0,0.5,0.0,0.5,0.6,0.5,0.22741,0.6,0.36667,0.0,0.5,0.0,1.0,0.24,0.04,0.95564,0.0,1.0,0.9,1.0,1.0,1.0,1.0,0.6807,0.94541,0.25,1.0,1.0,1.0,0.0,0.5,1.0,1.0,0.5,1.0,1.0,0.5,0.5,0.5,1.0,1.0,0.5,0.5,0.5,0.0,0.0,1.0,1.0,1.0,1.0,0.1961,0.6,0.4,1.0,0.0,1.0,1.0,1.0,0.25,0.5,0.5,0.5,0.5,0.5,0.5,0.22741,0.6,0.36667,0.0,0.5,0.0,0.0,0.24,0.04,0.94868,0.0,1.0,0.9,1.0,1.0,0.5,0.0,0.1303,0.20683,0.0,1.0,1.0,1.0,0.0,1.0,0.75,0.5,0.8,1.0,1.0,0.5,0.5,0.5,1.0,1.0,0.5,0.5,0.5,0.0,0.0,1.0,1.0,1.0,1.0,0.1961,1.0,0.2,1.0,1.0,0.0,1.0,1.0,0.5,0.0,0.0,0.0,0.0,0.6,0.6,0.22741,0.6,0.36667,0.0,0.5,0.0,0.0,0.24,0.04,0.97532,0.0,1.0,0.9,1.0,1.0,1.0,1.0,0.68825,0.98321,0.25,1.0,1.0,1.0,0.0,0.5,1.0,1.0,0.0,1.0,1.0,0.5,0.5,0.5,1.0,1.0,0.5,0.5,0.5,0.0,0.0,1.0,1.0,1.0,1.0,0.1961,1.0,0.2,0.0,1.0,0.0,1.0,1.0,1.0
0.0,0.0,0.0,0.0,1.0,1.0,0.19761,0.6,0.43333,0.0,0.5,0.0,0.0,0.24,0.04,0.99879,0.0,0.9,0.9,1.0,1.0,1.0,0.0,0.0001,1.0,0.0,1.0,1.0,1.0,0.0,1.0,0.75,1.0,1.0,1.0,1.0,0.5,0.5,0.5,1.0,1.0,0.5,0.5,0.5,0.0,0.0,1.0,1.0,1.0,1.0,0.1961,1.0,0.0,0.0,1.0,0.0,1.0,1.0,1.0,0.5,0.5,0.5,0.5,0.5,0.5,0.19761,0.6,0.43333,0.0,0.5,0.0,0.0,0.24,0.04,0.98278,0.0,0.9,0.9,1.0,1.0,0.5,0.0,0.70609,1.0,0.25,1.0,1.0,1.0,0.0,0.5,1.0,0.5,0.8,1.0,1.0,0.5,0.5,0.5,1.0,1.0,0.5,0.5,0.5,0.0,0.0,1.0,1.0,1.0,1.0,0.1961,1.0,0.2,0.0,1.0,0.0,1.0,0.0,0.5,0.0,0.5,0.0,0.5,0.6,0.5,0.19761,0.6,0.43333,0.0,0.5,0.0,1.0,0.24,0.04,0.97045,0.0,0.9,0.9,1.0,1.0,0.9,1.0,0.78882,1.0,0.25,1.0,1.0,1.0,0.0,0.5,1.0,1.0,0.8,1.0,1.0,0.5,0.5,0.5,1.0,1.0,1.0,0.1961,0.89464,0.0,0.0,1.0,1.0,1.0,1.0,0.1961,1.0,0.2,0.0,1.0,0.0,1.0,0.0,0.25,0.5,0.5,0.5,0.5,0.5,0.5,0.19761,0.6,0.43333,0.0,0.5,0.0,0.0,0.24,0.04,0.99651,0.0,0.9,0.9,1.0,1.0,0.5,0.0,0.06586,0.08553,0.0,1.0,1.0,1.0,0.0,1.0,0.75,0.5,0.6,1.0,1.0,0.5,0.5,0.5,1.0,1.0,0.5,0.5,0.5,0.0,0.0,1.0,1.0,1.0,1.0,0.1961,1.0,0.2,1.0,1.0,0.0,1.0,1.0,0.5,0.5,0.5,0.5,0.5,0.5,0.5,0.19761,0.6,0.43333,0.0,0.5,0.0,0.0,0.24,0.04,0.98278,0.0,0.9,0.9,1.0,1.0,0.5,1.0,0.96098,1.0,0.25,1.0,1.0,1.0,0.0,0.5,1.0,0.5,0.7,1.0,1.0,0.5,0.5,0.5,1.0,1.0,0.5,0.5,0.5,0.0,0.0,1.0,1.0,1.0,1.0,0.1961,1.0,0.2,0.0,1.0,0.0,1.0,0.0,0.5,0.0,0.0,0.0,0.0,0.6,0.6,0.19761,0.6,0.43333,0.0,0.5,0.0,0.0,0.24,0.04,0.96936,0.0,0.9,0.9,1.0,1.0,1.0,0.0,0.6983,0.96986,0.25,1.0,1.0,1.0,0.0,0.5,1.0,1.0,0.5,1.0,1.0,0.5,0.5,0.5,1.0,1.0,0.5,0.5,0.5,0.0,0.0,1.0,1.0,1.0,1.0,0.1961,1.0,0.2,0.0,1.0,0.0,1.0,0.0,0.25,0.5,0.5,0.5,0.5,0.5,0.5,0.19761,0.6,0.43333,0.0,0.5,0.0,0.0,0.24,0.04,0.96468,0.0,0.9,0.9,1.0,1.0,0.5,0.0,0.09839,0.15617,0.0,1.0,1.0,1.0,0.0,1.0,0.75,0.5,0.8,1.0,1.0,0.5,0.5,0.5,1.0,1.0,0.5,0.5,0.5,0.0,0.0,1.0,1.0,1.0,1.0,0.1961,1.0,0.2,1.0,1.0,0.0,1.0,1.0,0.5,0.0,0.0,0.0,0.0,0.6,0.6,0.19761,0.6,0.43333,0.0,0.5,0.0,0.0,0.24,0.04,0.98278,0.0,0.9,0.9,1.0,1.0,1.0,0.0,0.70609,1.0,0.25,1.0,1.0,1.0,0.0,0.5,1.0,1.0,0.0,1.0,1.0,0.5,0.5,0.5,1.0,1.0,0.5,0.5,0.5,0.0,0.0,1.0,1.0,1.0,1.0,0.1961,1.0,0.2,0.0,1.0,0.0,1.0,0.0,1.0
0.0,0.0,0.0,0.0,1.0,1.0,0.19586,0.6,0.46667,0.0,0.5,0.0,0.0,0.2,0.04,0.9991,0.0,1.0,0.9,1.0,1.0,1.0,0.0,0.0001,1.0,0.0,1.0,1.0,1.0,0.0,1.0,0.75,1.0,1.0,1.0,1.0,0.5,0.5,0.5,1.0,1.0,0.5,0.5,0.5,0.0,0.0,1.0,1.0,1.0,1.0,0.1961,1.0,0.0,0.0,1.0,0.0,1.0,1.0,1.0,0.5,0.5,0.5,0.5,0.5,0.5,0.19586,0.6,0.46667,0.0,0.5,0.0,0.0,0.2,0.04,0.98724,0.0,1.0,0.9,1.0,1.0,0.5,1.0,0.70755,1.0,0.25,1.0,1.0,1.0,0.0,0.5,0.5,0.5,0.8,1.0,1.0,0.5,0.5,0.5,1.0,1.0,0.5,0.5,0.5,0.0,0.0,1.0,1.0,1.0,1.0,0.1961,1.0,0.2,0.0,1.0,0.0,1.0,0.0,0.5,0.0,0.0,0.0,0.0,0.6,0.6,0.19586,0.6,0.46667,0.0,0.5,0.0,0.0,0.2,0.04,0.97816,0.0,1.0,0.9,1.0,1.0,0.9,1.0,0.79052,1.0,0.25,1.0,1.0,1.0,0.0,0.5,0.5,1.0,0.8,1.0,1.0,0.5,0.5,0.5,1.0,1.0,1.0,0.1961,0.89464,0.0,0.0,1.0,1.0,1.0,1.0,0.1961,1.0,0.2,0.0,1.0,0.0,1.0,0.0,0.25,0.5,0.5,0.5,0.5,0.5,0.5,0.19586,0.6,0.46667,0.0,0.5,0.0,0.0,0.2,0.04,0.99741,0.0,1.0,0.9,1.0,1.0,0.5,0.0,0.0647,0.08403,0.0,1.0,1.0,1.0,0.0,1.0,0.75,0.5,0.6,1.0,1.0,0.5,0.5,0.5,1.0,1.0,0.5,0.5,0.5,0.0,0.0,1.0,1.0,1.0,1.0,0.1961,1.0,0.2,1.0,1.0,0.0,1.0,1.0,0.5,0.5,0.5,0.5,0.5,0.5,0.5,0.19586,0.6,0.46667,0.0,0.5,0.0,0.0,0.2,0.04,0.98724,0.0,1.0,0.9,1.0,1.0,0.5,1.0,0.96291,1.0,0.25,1.0,1.0,1.0,0.0,0.5,0.5,0.5,0.7,1.0,1.0,0.5,0.5,0.5,1.0,1.0,0.5,0.5,0.5,0.0,0.0,1.0,1.0,1.0,1.0,0.1961,1.0,0.2,0.0,1.0,0.0,1.0,0.0,0.5,0.0,0.5,0.0,0.5,0.6,0.5,0.19586,0.6,0.46667,0.0,0.5,0.0,1.0,0.2,0.04,0.97736,0.0,1.0,0.9,1.0,1.0,1.0,1.0,0.78595,1.0,0.25,0.82004,0.69497,0.0,0.0,0.5,1.0,0.5,0.5,1.0,1.0,0.5,0.5,0.5,1.0,1.0,0.5,0.5,0.5,0.0,0.0,1.0,1.0,1.0,1.0,0.1961,0.5,0.4,1.0,0.0,1.0,1.0,0.0,0.25,0.5,0.5,0.5,0.5,0.5,0.5,0.19586,0.6,0.46667,0.0,0.5,0.0,0.0,0.2,0.04,0.97393,0.0,1.0,0.9,1.0,1.0,0.5,0.0,0.09665,0.15341,0.0,1.0,1.0,1.0,0.0,1.0,0.75,0.5,0.8,1.0,1.0,0.5,0.5,0.5,1.0,1.0,0.5,0.5,0.5,0.0,0.0,1.0,1.0,1.0,1.0,0.1961,1.0,0.2,1.0,1.0,0.0,1.0,1.0,0.5,0.0,0.0,0.0,0.0,0.6,0.6,0.19586,0.6,0.46667,0.0,0.5,0.0,0.0,0.2,0.04,0.98724,0.0,1.0,0.9,1.0,1.0,1.0,1.0,0.70755,1.0,0.25,1.0,1.0,1.0,0.0,0.5,0.5,1.0,0.0,1.0,1.0,0.5,0.5,0.5,1.0,1.0,0.5,0.5,0.5,0.0,0.0,1.0,1.0,1.0,1.0,0.1961,1.0,0.2,0.0,1.0,0.0,1.0,0.0,1.0
0.0,0.0,0.0,0.0,1.0,1.0,0.17531,0.4,0.5,0.0,0.5,0.0,0.0,0.24,0.04,0.0,0.99921,1.0,0.9,1.0,1.0,1.0,0.0,0.0001,1.0,0.0,1.0,1.0,1.0,0.0,1.0,0.75,1.0,1.0,1.0,1.0,0.5,0.5,0.5,1.0,1.0,0.5,0.5,0.5,0.0,0.0,1.0,1.0,1.0,1.0,0.1961,1.0,0.0,0.0,1.0,0.0,1.0,1.0,1.0,0.5,0.5,0.5,0.5,0.5,0.5,0.17531,0.4,0.5,0.0,0.5,0.0,0.0,0.24,0.04,0.0,0.9888,1.0,0.9,1.0,1.0,0.5,0.0,0.69559,0.9937,0.25,0.97615,0.95342,0.0,0.0,0.5,0.5,0.5,0.8,1.0,1.0,0.5,0.5,0.5,1.0,1.0,0.5,0.5,0.5,0.0,0.0,1.0,1.0,1.0,1.0,0.1961,1.0,0.2,0.0,1.0,0.0,1.0,0.0,0.5,0.0,0.0,0.0,0.0,0.6,0.6,0.17531,0.4,0.5,0.0,0.5,0.0,0.0,0.24,0.04,0.0,0.98075,1.0,0.9,1.0,1.0,0.9,0.0,0.77123,1.0,0.25,0.97615,0.95342,0.0,0.0,0.5,0.5,1.0,0.8,1.0,1.0,0.5,0.5,0.5,1.0,1.0,1.0,0.1961,0.89464,0.0,0.0,1.0,1.0,1.0,1.0,0.1961,1.0,0.2,0.0,1.0,0.0,1.0,0.0,0.25,0.5,0.5,0.5,0.5,0.5,0.5,0.17531,0.4,0.5,0.0,0.5,0.0,0.0,0.24,0.04,0.0,0.99774,1.0,0.9,1.0,1.0,0.5,0.0,0.05183,0.06732,0.0,1.0,1.0,1.0,0.0,1.0,0.75,0.5,0.6,1.0,1.0,0.5,0.5,0.5,1.0,1.0,0.5,0.5,0.5,0.0,0.0,1.0,1.0,1.0,1.0,0.1961,1.0,0.2,1.0,1.0,0.0,1.0,1.0,0.5,0.5,0.5,0.5,0.5,0.5,0.5,0.17531,0.4,0.5,0.0,0.5,0.0,0.0,0.24,0.04,0.0,0.9888,1.0,0.9,1.0,1.0,0.5,0.0,0.92661,1.0,0.25,0.97615,0.95342,0.0,0.0,0.5,0.5,0.5,0.7,1.0,1.0,0.5,0.5,0.5,1.0,1.0,0.5,0.5,0.5,0.0,0.0,1.0,1.0,1.0,1.0,0.1961,1.0,0.2,0.0,1.0,0.0,1.0,0.0,0.5,0.0,0.5,0.0,0.5,0.4,0.5,0.17531,0.4,0.5,0.0,0.5,0.0,1.0,0.24,0.04,0.0,0.98004,1.0,0.9,1.0,1.0,1.0,1.0,0.79328,1.0,0.25,0.72952,0.57421,0.0,0.0,0.5,1.0,1.0,0.5,1.0,1.0,0.5,0.5,0.5,1.0,1.0,0.5,0.5,0.5,0.0,0.0,1.0,1.0,1.0,1.0,0.1961,0.5,0.4,1.0,0.0,1.0,1.0,1.0,1.0,0.5,0.5,0.5,0.5,0.5,0.5,0.17531,0.4,0.5,0.0,0.5,0.0,0.0,0.24,0.04,0.0,0.97697,1.0,0.9,1.0,1.0,0.5,0.0,0.07743,0.12291,0.0,1.0,1.0,1.0,0.0,1.0,0.75,0.5,0.8,1.0,1.0,0.5,0.5,0.5,1.0,1.0,0.5,0.5,0.5,0.0,0.0,1.0,1.0,1.0,1.0,0.1961,1.0,0.2,1.0,1.0,0.0,1.0,1.0,0.5,0.0,0.0,0.0,0.0,0.6,0.6,0.17531,0.4,0.5,0.0,0.5,0.0,0.0,0.24,0.04,0.0,0.9888,1.0,0.9,1.0,1.0,1.0,0.0,0.69559,0.9937,0.25,0.97615,0.95342,0.0,0.0,0.5,0.5,1.0,0.0,1.0,1.0,0.5,0.5,0.5,1.0,1.0,0.5,0.5,0.5,0.0,0.0,1.0,1.0,1.0,1.0,0.1961,1.0,0.2,0.0,1.0,0.0,1.0,0.0,1.0
0.0,0.0,0.0,0.0,1.0,1.0,0.15169,0.4,0.53333,0.0,0.5,0.0,0.0,0.24,0.04,0.0,0.99911,1.0,0.9,1.0,1.0,1.0,0.0,0.0001,1.0,0.0,1.0,1.0,1.0,0.0,1.0,1.0,1.0,1.0,1.0,1.0,0.5,0.5,0.5,1.0,1.0,0.5,0.5,0.5,0.0,0.0,1.0,1.0,1.0,1.0,0.1961,1.0,0.0,0.0,1.0,0.0,1.0,1.0,1.0,0.5,0.5,0.5,0.5,0.5,0.5,0.15169,0.4,0.53333,0.0,0.5,0.0,0.0,0.24,0.04,0.0,0.98734,1.0,0.9,1.0,1.0,0.5,0.0,0.68141,0.97344,0.25,0.90992,0.83473,0.0,0.0,0.5,0.75,0.5,0.8,1.0,1.0,0.5,0.5,0.5,1.0,1.0,0.5,0.5,0.5,0.0,0.0,1.0,1.0,1.0,1.0,0.1961,1.0,0.2,0.0,1.0,0.0,1.0,0.0,0.5,0.0,0.0,0.0,0.0,0.6,0.6,0.15169,0.4,0.53333,0.0,0.5,0.0,0.0,0.24,0.04,0.0,0.97819,1.0,0.9,1.0,1.0,0.9,0.0,0.7488,1.0,0.25,0.90992,0.83473,0.0,0.0,0.5,0.75,1.0,0.8,1.0,1.0,0.5,0.5,0.5,1.0,1.0,1.0,0.1961,0.89464,0.0,0.0,1.0,1.0,1.0,1.0,0.1961,1.0,0.2,0.0,1.0,0.0,1.0,0.0,0.25,0.5,0.5,0.5,0.5,0.5,0.5,0.15169,0.4,0.53333,0.0,0.5,0.0,0.0,0.24,0.04,0.0,0.99745,1.0,0.9,1.0,1.0,0.5,0.0,0.03881,0.0504,0.0,1.0,1.0,1.0,0.0,1.0,1.0,0.5,0.6,1.0,1.0,0.5,0.5,0.5,1.0,1.0,0.5,0.5,0.5,0.0,0.0,1.0,1.0,1.0,1.0,0.1961,1.0,0.2,1.0,1.0,0.0,1.0,1.0,0.5,0.5,0.5,0.5,0.5,0.5,0.5,0.15169,0.4,0.53333,0.0,0.5,0.0,0.0,0.24,0.04,0.0,0.98734,1.0,0.9,1.0,1.0,0.5,0.0,0.8852,1.0,0.25,0.90992,0.83473,0.0,0.0,0.5,0.75,0.5,0.7,1.0,1.0,0.5,0.5,0.5,1.0,1.0,0.5,0.5,0.5,0.0,0.0,1.0,1.0,1.0,1.0,0.1961,1.0,0.2,0.0,1.0,0.0,1.0,0.0,0.5,0.0,0.5,0.0,0.5,0.4,0.5,0.15169,0.4,0.53333,0.0,0.5,0.0,1.0,0.24,0.04,0.0,0.97738,1.0,0.9,1.0,1.0,1.0,0.0,0.04439,0.06165,0.0,1.0,1.0,1.0,0.0,1.0,1.0,0.75,0.5,1.0,1.0,0.5,0.5,0.5,1.0,1.0,0.5,0.5,0.5,0.0,0.0,1.0,1.0,1.0,1.0,0.1961,1.0,0.2,1.0,1.0,0.0,1.0,1.0,1.0,0.5,0.5,0.5,0.5,0.5,0.5,0.15169,0.4,0.53333,0.0,0.5,0.0,0.0,0.24,0.04,0.0,0.97388,1.0,0.9,1.0,1.0,0.5,0.0,0.05797,0.09202,0.0,1.0,1.0,1.0,0.0,1.0,1.0,0.5,0.8,1.0,1.0,0.5,0.5,0.5,1.0,1.0,0.5,0.5,0.5,0.0,0.0,1.0,1.0,1.0,1.0,0.1961,1.0,0.2,1.0,1.0,0.0,1.0,1.0,0.5,0.0,0.0,0.0,0.0,0.6,0.6,0.15169,0.4,0.53333,0.0,0.5,0.0,0.0,0.24,0.04,0.0,0.98734,1.0,0.9,1.0,1.0,1.0,0.0,0.68141,0.97344,0.25,0.90992,0.83473,0.0,0.0,0.5,0.75,1.0,0.0,1.0,1.0,0.5,0.5,0.5,1.0,1.0,0.5,0.5,0.5,0.0,0.0,1.0,1.0,1.0,1.0,0.1961,1.0,0.2,0.0,1.0,0.0,1.0,0.0,1.0
0.0,0.0,0.0,0.0,1.0,1.0,0.14542,0.4,0.56667,0.0,0.5,0.0,0.0,0.24,0.04,0.99992,0.0,1.0,1.0,1.0,1.0,1.0,0.0,0.0001,1.0,0.0,1.0,1.0,1.0,0.0,1.0,1.0,1.0,1.0,1.0,1.0,0.5,0.5,0.5,1.0,1.0,0.5,0.5,0.5,0.0,0.0,1.0,1.0,1.0,1.0,0.1961,1.0,0.0,0.0,1.0,0.0,1.0,1.0,1.0,0.5,0.5,0.5,0.5,0.5,0.5,0.14542,0.4,0.56667,0.0,0.5,0.0,0.0,0.24,0.04,0.99891,0.0,1.0,1.0,1.0,1.0,0.5,0.0,0.67698,0.96711,0.25,0.89334,0.80724,0.0,0.0,0.5,0.75,0.5,0.8,1.0,1.0,0.5,0.5,0.5,1.0,1.0,0.5,0.5,0.5,0.0,0.0,1.0,1.0,1.0,1.0,0.1961,1.0,0.2,0.0,1.0,0.0,1.0,0.0,0.5,0.0,0.0,0.0,0.0,0.6,0.6,0.14542,0.4,0.56667,0.0,0.5,0.0,0.0,0.24,0.04,0.99811,0.0,1.0,1.0,1.0,1.0,0.9,0.0,0.74201,1.0,0.25,0.89334,0.80724,0.0,0.0,0.5,0.75,1.0,0.8,1.0,1.0,0.5,0.5,0.5,1.0,1.0,1.0,0.1961,0.89464,0.0,0.0,1.0,1.0,1.0,1.0,0.1961,1.0,0.2,0.0,1.0,0.0,1.0,0.0,0.25,0.5,0.5,0.5,0.5,0.5,0.5,0.14542,0.4,0.56667,0.0,0.5,0.0,0.0,0.24,0.04,0.99978,0.0,1.0,1.0,1.0,1.0,0.5,0.0,0.03567,0.04632,0.0,1.0,1.0,1.0,0.0,1.0,1.0,0.5,0.6,1.0,1.0,0.5,0.5,0.5,1.0,1.0,0.5,0.5,0.5,0.0,0.0,1.0,1.0,1.0,1.0,0.1961,1.0,0.2,1.0,1.0,0.0,1.0,1.0,0.5,0.5,0.5,0.5,0.5,0.5,0.5,0.14542,0.4,0.56667,0.0,0.5,0.0,0.0,0.24,0.04,0.99891,0.0,1.0,1.0,1.0,1.0,0.5,0.0,0.87312,1.0,0.25,0.89334,0.80724,0.0,0.0,0.5,0.75,0.5,0.7,1.0,1.0,0.5,0.5,0.5,1.0,1.0,0.5,0.5,0.5,0.0,0.0,1.0,1.0,1.0,1.0,0.1961,1.0,0.2,0.0,1.0,0.0,1.0,0.0,0.5,0.0,0.5,0.0,0.5,0.4,0.5,0.14542,0.4,0.56667,0.0,0.5,0.0,1.0,0.24,0.04,0.99804,0.0,1.0,1.0,1.0,1.0,1.0,0.0,0.04079,0.05665,0.0,1.0,1.0,1.0,0.0,1.0,1.0,1.0,0.5,1.0,1.0,0.5,0.5,0.5,1.0,1.0,0.5,0.5,0.5,0.0,0.0,1.0,1.0,1.0,1.0,0.1961,1.0,0.2,1.0,1.0,0.0,1.0,1.0,0.25,0.5,0.5,0.5,0.5,0.5,0.5,0.14542,0.4,0.56667,0.0,0.5,0.0,0.0,0.24,0.04,0.99774,0.0,1.0,1.0,1.0,1.0,0.5,0.0,0.05328,0.08457,0.0,1.0,1.0,1.0,0.0,1.0,1.0,0.5,0.8,1.0,1.0,0.5,0.5,0.5,1.0,1.0,0.5,0.5,0.5,0.0,0.0,1.0,1.0,1.0,1.0,0.1961,1.0,0.2,1.0,1.0,0.0,1.0,1.0,0.5,0.0,0.0,0.0,0.0,0.6,0.6,0.14542,0.4,0.56667,0.0,0.5,0.0,0.0,0.24,0.04,0.99891,0.0,1.0,1.0,1.0,1.0,1.0,0.0,0.67698,0.96711,0.25,0.89334,0.80724,0.0,0.0,0.5,0.75,1.0,0.0,1.0,1.0,0.5,0.5,0.5,1.0,1.0,0.5,0.5,0.5,0.0,0.0,1.0,1.0,1.0,1.0,0.1961,1.0,0.2,0.0,1.0,0.0,1.0,0.0,1.0
0.0,0.0,0.0,0.0,1.0,1.0,0.14358,0.4,0.6,0.0,0.5,0.0,0.0,0.2,0.04,0.99931,0.0,1.0,1.0,1.0,1.0,1.0,0.0,0.0001,1.0,0.0,1.0,1.0,1.0,0.0,1.0,1.0,1.0,1.0,1.0,1.0,0.5,0.5,0.5,1.0,1.0,0.5,0.5,0.5,0.0,0.0,1.0,1.0,1.0,1.0,0.1961,1.0,0.0,0.0,1.0,0.0,1.0,1.0,1.0,0.5,0.5,0.5,0.5,0.5,0.5,0.14358,0.4,0.6,0.0,0.5,0.0,0.0,0.2,0.04,0.99015,0.0,1.0,1.0,1.0,1.0,0.5,0.0,0.67543,0.96491,0.25,0.88919,0.80049,0.0,0.0,0.5,0.75,0.5,0.8,1.0,1.0,0.5,0.5,0.5,1.0,1.0,0.5,0.5,0.5,0.0,0.0,1.0,1.0,1.0,1.0,0.1961,1.0,0.2,0.0,1.0,0.0,1.0,0.0,0.5,0.0,0.0,0.0,0.0,0.6,0.6,0.14358,0.4,0.6,0.0,0.5,0.0,0.0,0.2,0.04,0.98309,0.0,1.0,1.0,1.0,1.0,0.9,0.0,0.7397,1.0,0.25,0.88919,0.80049,0.0,0.0,0.5,0.75,1.0,0.8,1.0,1.0,0.5,0.5,0.5,1.0,1.0,1.0,0.1961,0.89464,0.0,0.0,1.0,1.0,1.0,1.0,0.1961,1.0,0.2,0.0,1.0,0.0,1.0,0.0,0.25,0.5,0.5,0.5,0.5,0.5,0.5,0.14358,0.4,0.6,0.0,0.5,0.0,0.0,0.2,0.04,0.99801,0.0,1.0,1.0,1.0,1.0,0.5,0.0,0.03477,0.04516,0.0,1.0,1.0,1.0,0.0,1.0,1.0,0.5,0.6,1.0,1.0,0.5,0.5,0.5,1.0,1.0,0.5,0.5,0.5,0.0,0.0,1.0,1.0,1.0,1.0,0.1961,1.0,0.2,1.0,1.0,0.0,1.0,1.0,0.5,0.5,0.5,0.5,0.5,0.5,0.5,0.14358,0.4,0.6,0.0,0.5,0.0,0.0,0.2,0.04,0.99015,0.0,1.0,1.0,1.0,1.0,0.5,1.0,0.8792,1.0,0.25,0.60954,0.43837,0.0,0.0,0.5,0.75,0.5,0.7,1.0,1.0,0.5,0.5,0.5,1.0,1.0,0.5,0.5,0.5,0.0,0.0,1.0,1.0,1.0,1.0,0.1961,1.0,0.2,0.0,1.0,0.0,1.0,0.0,0.5,0.0,0.5,0.0,0.5,0.4,0.5,0.14358,0.4,0.6,0.0,0.5,0.0,1.0,0.2,0.04,0.98246,0.0,1.0,1.0,1.0,1.0,1.0,0.0,0.03977,0.05523,0.0,1.0,1.0,1.0,0.0,1.0,1.0,1.0,0.5,1.0,1.0,0.5,0.5,0.5,1.0,1.0,0.5,0.5,0.5,0.0,0.0,1.0,1.0,1.0,1.0,0.1961,1.0,0.2,1.0,1.0,0.0,1.0,1.0,0.25,0.5,0.5,0.5,0.5,0.5,0.5,0.14358,0.4,0.6,0.0,0.5,0.0,0.0,0.2,0.04,0.97978,0.0,1.0,1.0,1.0,1.0,0.5,0.0,0.05194,0.08245,0.0,1.0,1.0,1.0,0.0,1.0,1.0,0.5,0.8,1.0,1.0,0.5,0.5,0.5,1.0,1.0,0.5,0.5,0.5,0.0,0.0,1.0,1.0,1.0,1.0,0.1961,1.0,0.2,1.0,1.0,0.0,1.0,1.0,0.5,0.0,0.0,0.0,0.0,0.6,0.6,0.14358,0.4,0.6,0.0,0.5,0.0,0.0,0.2,0.04,0.99015,0.0,1.0,1.0,1.0,1.0,1.0,0.0,0.67543,0.96491,0.25,0.88919,0.80049,0.0,0.0,0.5,0.75,1.0,0.0,1.0,1.0,0.5,0.5,0.5,1.0,1.0,0.5,0.5,0.5,0.0,0.0,1.0,1.0,1.0,1.0,0.1961,1.0,0.2,0.0,1.0,0.0,1.0,0.0,1.0
0.0,0.0,0.0,0.0,1.0,1.0,0.143,0.4,0.63333,0.0,0.5,0.0,0.0,0.2,0.04,0.99905,0.0,1.0,1.0,1.0,1.0,1.0,0.0,0.0001,1.0,0.0,1.0,1.0,1.0,0.0,1.0,1.0,1.0,1.0,1.0,1.0,0.5,0.5,0.5,1.0,1.0,0.5,0.5,0.5,0.0,0.0,1.0,1.0,1.0,1.0,0.1961,1.0,0.0,0.0,1.0,0.0,1.0,1.0,1.0,0.5,0.5,0.5,0.5,0.5,0.5,0.143,0.4,0.63333,0.0,0.5,0.0,0.0,0.2,0.04,0.98664,0.0,1.0,1.0,1.0,1.0,0.5,0.0,0.67487,0.9641,0.25,0.88814,0.79879,0.0,0.0,0.5,0.75,0.5,0.8,1.0,1.0,0.5,0.5,0.5,1.0,1.0,0.5,0.5,0.5,0.0,0.0,1.0,1.0,1.0,1.0,0.1961,1.0,0.2,0.0,1.0,0.0,1.0,0.0,0.5,0.0,0.0,0.0,0.0,0.6,0.6,0.143,0.4,0.63333,0.0,0.5,0.0,0.0,0.2,0.04,0.97719,0.0,1.0,1.0,1.0,1.0,0.9,0.0,0.73887,1.0,0.25,0.88814,0.79879,0.0,0.0,0.5,0.75,1.0,0.8,1.0,1.0,0.5,0.5,0.5,1.0,1.0,1.0,0.1961,0.89464,0.0,0.0,1.0,1.0,1.0,1.0,0.1961,1.0,0.2,0.0,1.0,0.0,1.0,0.0,0.25,0.5,0.5,0.5,0.5,0.5,0.5,0.143,0.4,0.63333,0.0,0.5,0.0,0.0,0.2,0.04,0.99728,0.0,1.0,1.0,1.0,1.0,0.5,0.0,0.03449,0.04479,0.0,1.0,1.0,1.0,0.0,1.0,1.0,0.5,0.6,1.0,1.0,0.5,0.5,0.5,1.0,1.0,0.5,0.5,0.5,0.0,0.0,1.0,1.0,1.0,1.0,0.1961,1.0,0.2,1.0,1.0,0.0,1.0,1.0,0.5,0.5,0.5,0.5,0.5,0.5,0.5,0.143,0.4,0.63333,0.0,0.5,0.0,0.0,0.2,0.04,0.98664,0.0,1.0,1.0,1.0,1.0,0.5,1.0,0.8806,1.0,0.25,0.60806,0.43685,0.0,0.0,0.5,0.75,0.5,0.7,1.0,1.0,0.5,0.5,0.5,1.0,1.0,0.5,0.5,0.5,0.0,0.0,1.0,1.0,1.0,1.0,0.1961,1.0,0.2,0.0,1.0,0.0,1.0,0.0,0.5,0.0,0.5,0.0,0.5,0.4,0.5,0.143,0.4,0.63333,0.0,0.5,0.0,1.0,0.2,0.04,0.97636,0.0,1.0,1.0,1.0,1.0,1.0,0.0,0.03945,0.05479,0.0,1.0,1.0,1.0,0.0,1.0,1.0,1.0,0.5,1.0,1.0,0.5,0.5,0.5,1.0,1.0,0.5,0.5,0.5,0.0,0.0,1.0,1.0,1.0,1.0,0.1961,1.0,0.2,1.0,1.0,0.0,1.0,1.0,0.25,0.5,0.5,0.5,0.5,0.5,0.5,0.143,0.4,0.63333,0.0,0.5,0.0,0.0,0.2,0.04,0.97279,0.0,1.0,1.0,1.0,1.0,0.5,0.0,0.05153,0.08179,0.0,1.0,1.0,1.0,0.0,1.0,1.0,0.5,0.8,1.0,1.0,0.5,0.5,0.5,1.0,1.0,0.5,0.5,0.5,0.0,0.0,1.0,1.0,1.0,1.0,0.1961,1.0,0.2,1.0,1.0,0.0,1.0,1.0,0.5,0.0,0.0,0.0,0.0,0.6,0.6,0.143,0.4,0.63333,0.0,0.5,0.0,0.0,0.2,0.04,0.98664,0.0,1.0,1.0,1.0,1.0,1.0,0.0,0.67487,0.9641,0.25,0.88814,0.79879,0.0,0.0,0.5,0.75,1.0,0.0,1.0,1.0,0.5,0.5,0.5,1.0,1.0,0.5,0.5,0.5,0.0,0.0,1.0,1.0,1.0,1.0,0.1961,1.0,0.2,0.0,1.0,0.0,1.0,0.0,1.0
0.0,0.0,0.0,0.0,1.0,1.0,0.14281,0.4,0.66667,0.0,0.5,0.0,0.0,0.2,0.04,0.999,0.0,1.0,1.0,1.0,1.0,1.0,0.0,0.0001,1.0,0.0,1.0,1.0,1.0,0.0,1.0,1.0,1.0,1.0,1.0,1.0,0.5,0.5,0.5,1.0,1.0,0.5,0.5,0.5,0.0,0.0,1.0,1.0,1.0,1.0,0.1961,1.0,0.0,0.0,1.0,0.0,1.0,1.0,1.0,0.5,0.5,0.5,0.5,0.5,0.5,0.14281,0.4,0.66667,0.0,0.5,0.0,0.0,0.2,0.04,0.98588,0.0,1.0,1.0,1.0,1.0,0.5,0.0,0.67465,0.96379,0.25,0.88788,0.79836,0.0,0.0,0.5,0.75,0.5,0.8,1.0,1.0,0.5,0.5,0.5,1.0,1.0,0.5,0.5,0.5,0.0,0.0,1.0,1.0,1.0,1.0,0.1961,1.0,0.2,0.0,1.0,0.0,1.0,0.0,0.5,0.0,0.0,0.0,0.0,0.6,0.6,0.14281,0.4,0.66667,0.0,0.5,0.0,0.0,0.2,0.04,0.97597,0.0,1.0,1.0,1.0,1.0,0.9,0.0,0.73856,1.0,0.25,0.88788,0.79836,0.0,0.0,0.5,0.75,1.0,0.8,1.0,1.0,0.5,0.5,0.5,1.0,1.0,1.0,0.1961,0.89464,0.0,0.0,1.0,1.0,1.0,1.0,0.1961,1.0,0.2,0.0,1.0,0.0,1.0,0.0,0.25,0.5,0.5,0.5,0.5,0.5,0.5,0.14281,0.4,0.66667,0.0,0.5,0.0,0.0,0.2,0.04,0.99711,0.0,1.0,1.0,1.0,1.0,0.5,0.0,0.0344,0.04468,0.0,1.0,1.0,1.0,0.0,1.0,1.0,0.5,0.6,1.0,1.0,0.5,0.5,0.5,1.0,1.0,0.5,0.5,0.5,0.0,0.0,1.0,1.0,1.0,1.0,0.1961,1.0,0.2,1.0,1.0,0.0,1.0,1.0,0.5,0.5,0.5,0.5,0.5,0.5,0.5,0.14281,0.4,0.66667,0.0,0.5,0.0,0.0,0.2,0.04,0.98588,0.0,1.0,1.0,1.0,1.0,0.5,1.0,0.88108,1.0,0.25,0.60758,0.43635,0.0,0.0,0.5,0.75,0.5,0.7,1.0,1.0,0.5,0.5,0.5,1.0,1.0,0.5,0.5,0.5,0.0,0.0,1.0,1.0,1.0,1.0,0.1961,1.0,0.2,0.0,1.0,0.0,1.0,0.0,0.5,0.0,0.5,0.0,0.5,0.4,0.5,0.14281,0.4,0.66667,0.0,0.5,0.0,1.0,0.2,0.04,0.97511,0.0,1.0,1.0,1.0,1.0,1.0,0.0,0.03934,0.05464,0.0,1.0,1.0,1.0,0.0,1.0,1.0,1.0,0.5,1.0,1.0,0.5,0.5,0.5,1.0,1.0,0.5,0.5,0.5,0.0,0.0,1.0,1.0,1.0,1.0,0.1961,1.0,0.2,1.0,1.0,0.0,1.0,1.0,0.25,0.5,0.5,0.5,0.5,0.5,0.5,0.14281,0.4,0.66667,0.0,0.5,0.0,0.0,0.2,0.04,0.97139,0.0,1.0,1.0,1.0,1.0,0.5,0.0,0.05139,0.08157,0.0,1.0,1.0,1.0,0.0,1.0,1.0,0.5,0.8,1.0,1.0,0.5,0.5,0.5,1.0,1.0,0.5,0.5,0.5,0.0,0.0,1.0,1.0,1.0,1.0,0.1961,1.0,0.2,1.0,1.0,0.0,1.0,1.0,0.5,0.0,0.0,0.0,0.0,0.6,0.6,0.14281,0.4,0.66667,0.0,0.5,0.0,0.0,0.2,0.04,0.98588,0.0,1.0,1.0,1.0,1.0,1.0,0.0,0.67465,0.96379,0.25,0.88788,0.79836,0.0,0.0,0.5,0.75,1.0,0.0,1.0,1.0,0.5,0.5,0.5,1.0,1.0,0.5,0.5,0.5,0.0,0.0,1.0,1.0,1.0,1.0,0.1961,1.0,0.2,0.0,1.0,0.0,1.0,0.0,1.0
0.0,0.0,0.0,0.0,1.0,1.0,0.14275,0.4,0.7,0.0,0.5,0.0,0.0,0.16,0.04,0.99911,0.0,1.0,1.0,1.0,1.0,1.0,0.0,0.0001,1.0,0.0,1.0,1.0,1.0,0.0,1.0,1.0,1.0,1.0,1.0,1.0,0.5,0.5,0.5,1.0,1.0,0.5,0.5,0.5,0.0,0.0,1.0,1.0,1.0,1.0,0.1961,1.0,0.0,0.0,1.0,0.0,1.0,1.0,1.0,0.5,0.5,0.5,0.5,0.5,0.5,0.14275,0.4,0.7,0.0,0.5,0.0,0.0,0.16,0.04,0.98759,0.0,1.0,1.0,1.0,1.0,0.5,0.0,0.67457,0.96367,0.25,0.88781,0.79826,0.0,0.0,0.5,0.75,0.5,0.8,1.0,1.0,0.5,0.5,0.5,1.0,1.0,0.5,0.5,0.5,0.0,0.0,1.0,1.0,1.0,1.0,0.1961,1.0,0.2,0.0,1.0,0.0,1.0,0.0,0.5,0.0,0.0,0.0,0.0,0.6,0.6,0.14275,0.4,0.7,0.0,0.5,0.0,0.0,0.16,0.04,0.97895,0.0,1.0,1.0,1.0,1.0,0.9,0.0,0.73844,1.0,0.25,0.88781,0.79826,0.0,0.0,0.5,0.75,1.0,0.8,1.0,1.0,0.5,0.5,0.5,1.0,1.0,1.0,0.1961,0.89464,0.0,0.0,1.0,1.0,1.0,1.0,0.1961,1.0,0.2,0.0,1.0,0.0,1.0,0.0,0.25,0.5,0.5,0.5,0.5,0.5,0.5,0.14275,0.4,0.7,0.0,0.5,0.0,0.0,0.16,0.04,0.99746,0.0,1.0,1.0,1.0,1.0,0.5,0.0,0.03437,0.04463,0.0,1.0,1.0,1.0,0.0,1.0,1.0,0.5,0.6,1.0,1.0,0.5,0.5,0.5,1.0,1.0,0.5,0.5,0.5,0.0,0.0,1.0,1.0,1.0,1.0,0.1961,1.0,0.2,1.0,1.0,0.0,1.0,1.0,0.5,0.5,0.5,0.5,0.5,0.5,0.5,0.14275,0.4,0.7,0.0,0.5,0.0,0.0,0.16,0.04,0.98759,0.0,1.0,1.0,1.0,1.0,0.5,1.0,0.88126,1.0,0.25,0.60742,0.43619,0.0,0.0,0.5,0.75,0.5,0.7,1.0,1.0,0.5,0.5,0.5,1.0,1.0,0.5,0.5,0.5,0.0,0.0,1.0,1.0,1.0,1.0,0.1961,1.0,0.2,0.0,1.0,0.0,1.0,0.0,0.5,0.0,0.5,0.0,0.5,0.4,0.5,0.14275,0.4,0.7,0.0,0.5,0.0,1.0,0.16,0.04,0.9782,0.0,1.0,1.0,1.0,1.0,1.0,0.0,0.03931,0.05459,0.0,1.0,1.0,1.0,0.0,1.0,1.0,1.0,0.5,1.0,1.0,0.5,0.5,0.5,1.0,1.0,0.5,0.5,0.5,0.0,0.0,1.0,1.0,1.0,1.0,0.1961,1.0,0.2,1.0,1.0,0.0,1.0,1.0,0.25,0.5,0.5,0.5,0.5,0.5,0.5,0.14275,0.4,0.7,0.0,0.5,0.0,0.0,0.16,0.04,0.97497,0.0,1.0,1.0,1.0,1.0,0.5,0.0,0.05134,0.08149,0.0,1.0,1.0,1.0,0.0,1.0,1.0,0.5,0.8,1.0,1.0,0.5,0.5,0.5,1.0,1.0,0.5,0.5,0.5,0.0,0.0,1.0,1.0,1.0,1.0,0.1961,1.0,0.2,1.0,1.0,0.0,1.0,1.0,0.5,0.0,0.0,0.0,0.0,0.6,0.6,0.14275,0.4,0.7,0.0,0.5,0.0,0.0,0.16,0.04,0.98759,0.0,1.0,1.0,1.0,1.0,1.0,0.0,0.67457,0.96367,0.25,0.88781,0.79826,0.0,0.0,0.5,0.75,1.0,0.0,1.0,1.0,0.5,0.5,0.5,1.0,1.0,0.5,0.5,0.5,0.0,0.0,1.0,1.0,1.0,1.0,0.1961,1.0,0.2,0.0,1.0,0.0,1.0,0.0,1.0
0.0,0.0,0.0,0.0,1.0,1.0,0.14272,0.4,0.73333,0.0,0.5,0.0,0.0,0.16,0.04,0.99928,0.0,1.0,1.0,1.0,1.0,1.0,0.0,0.0001,1.0,0.0,1.0,1.0,1.0,0.0,1.0,1.0,1.0,1.0,1.0,1.0,0.5,0.5,0.5,1.0,1.0,0.5,0.5,0.5,0.0,0.0,1.0,1.0,1.0,1.0,0.1961,1.0,0.0,0.0,1.0,0.0,1.0,1.0,1.0,0.5,0.5,0.5,0.5,0.5,0.5,0.14272,0.4,0.73333,0.0,0.5,0.0,0.0,0.16,0.04,0.99002,0.0,1.0,1.0,1.0,1.0,0.5,0.0,0.67454,0.96363,0.25,0.8878,0.79824,0.0,0.0,0.5,0.75,0.5,0.8,1.0,1.0,0.5,0.5,0.5,1.0,1.0,0.5,0.5,0.5,0.0,0.0,1.0,1.0,1.0,1.0,0.1961,1.0,0.2,0.0,1.0,0.0,1.0,0.0,0.5,0.0,0.0,0.0,0.0,0.6,0.6,0.14272,0.4,0.73333,0.0,0.5,0.0,0.0,0.16,0.04,0.9831,0.0,1.0,1.0,1.0,1.0,0.9,0.0,0.73839,1.0,0.25,0.8878,0.79824,0.0,0.0,0.5,0.75,1.0,0.8,1.0,1.0,0.5,0.5,0.5,1.0,1.0,1.0,0.1961,0.89464,0.0,0.0,1.0,1.0,1.0,1.0,0.1961,1.0,0.2,0.0,1.0,0.0,1.0,0.0,0.25,0.5,0.5,0.5,0.5,0.5,0.5,0.14272,0.4,0.73333,0.0,0.5,0.0,0.0,0.16,0.04,0.99795,0.0,1.0,1.0,1.0,1.0,0.5,0.0,0.03436,0.04462,0.0,1.0,1.0,1.0,0.0,1.0,1.0,0.5,0.6,1.0,1.0,0.5,0.5,0.5,1.0,1.0,0.5,0.5,0.5,0.0,0.0,1.0,1.0,1.0,1.0,0.1961,1.0,0.2,1.0,1.0,0.0,1.0,1.0,0.5,0.5,0.5,0.5,0.5,0.5,0.5,0.14272,0.4,0.73333,0.0,0.5,0.0,0.0,0.16,0.04,0.99002,0.0,1.0,1.0,1.0,1.0,0.5,1.0,0.88132,1.0,0.25,0.60737,0.43613,0.0,0.0,0.5,0.75,0.5,0.7,1.0,1.0,0.5,0.5,0.5,1.0,1.0,0.5,0.5,0.5,0.0,0.0,1.0,1.0,1.0,1.0,0.1961,1.0,0.2,0.0,1.0,0.0,1.0,0.0,0.5,0.0,0.5,0.0,0.5,0.4,0.5,0.14272,0.4,0.73333,0.0,0.5,0.0,1.0,0.16,0.04,0.9825,0.0,1.0,1.0,1.0,1.0,1.0,0.0,0.03929,0.05458,0.0,1.0,1.0,1.0,0.0,1.0,1.0,1.0,0.5,1.0,1.0,0.5,0.5,0.5,1.0,1.0,0.5,0.5,0.5,0.0,0.0,1.0,1.0,1.0,1.0,0.1961,1.0,0.2,1.0,1.0,0.0,1.0,1.0,0.25,0.5,0.5,0.5,0.5,0.5,0.5,0.14272,0.4,0.73333,0.0,0.5,0.0,0.0,0.16,0.04,0.97993,0.0,1.0,1.0,1.0,1.0,0.5,0.0,0.05132,0.08147,0.0,1.0,1.0,1.0,0.0,1.0,1.0,0.5,0.8,1.0,1.0,0.5,0.5,0.5,1.0,1.0,0.5,0.5,0.5,0.0,0.0,1.0,1.0,1.0,1.0,0.1961,1.0,0.2,1.0,1.0,0.0,1.0,1.0,0.5,0.0,0.0,0.0,0.0,0.6,0.6,0.14272,0.4,0.73333,0.0,0.5,0.0,0.0,0.16,0.04,0.99002,0.0,1.0,1.0,1.0,1.0,1.0,0.0,0.67454,0.96363,0.25,0.8878,0.79824,0.0,0.0,0.5,0.75,1.0,0.0,1.0,1.0,0.5,0.5,0.5,1.0,1.0,0.5,0.5,0.5,0.0,0.0,1.0,1.0,1.0,1.0,0.1961,1.0,0.2,0.0,1.0,0.0,1.0,0.0,1.0
0.0,0.0,0.0,0.0,1.0,1.0,0.14272,0.4,0.76667,0.0,0.5,0.0,0.0,0.16,0.04,0.99943,0.0,1.0,1.0,1.0,1.0,1.0,0.0,0.0001,1.0,0.0,1.0,1.0,1.0,0.0,1.0,1.0,1.0,1.0,1.0,1.0,0.5,0.5,0.5,1.0,1.0,0.5,0.5,0.5,0.0,0.0,1.0,1.0,1.0,1.0,0.1961,1.0,0.0,0.0,1.0,0.0,1.0,1.0,1.0,0.5,0.5,0.5,0.5,0.5,0.5,0.14272,0.4,0.76667,0.0,0.5,0.0,0.0,0.16,0.04,0.99202,0.0,1.0,1.0,1.0,1.0,0.5,0.0,0.67453,0.96361,0.25,0.8878,0.79823,0.0,0.0,0.5,0.75,0.5,0.8,1.0,1.0,0.5,0.5,0.5,1.0,1.0,0.5,0.5,0.5,0.0,0.0,1.0,1.0,1.0,1.0,0.1961,1.0,0.2,0.0,1.0,0.0,1.0,0.0,0.5,0.0,0.0,0.0,0.0,0.6,0.6,0.14272,0.4,0.76667,0.0,0.5,0.0,0.0,0.16,0.04,0.98651,0.0,1.0,1.0,1.0,1.0,0.9,0.0,0.73838,1.0,0.25,0.8878,0.79823,0.0,0.0,0.5,0.75,1.0,0.8,1.0,1.0,0.5,0.5,0.5,1.0,1.0,1.0,0.1961,0.89464,0.0,0.0,1.0,1.0,1.0,1.0,0.1961,1.0,0.2,0.0,1.0,0.0,1.0,0.0,0.25,0.5,0.5,0.5,0.5,0.5,0.5,0.14272,0.4,0.76667,0.0,0.5,0.0,0.0,0.16,0.04,0.99835,0.0,1.0,1.0,1.0,1.0,0.5,0.0,0.03435,0.04461,0.0,1.0,1.0,1.0,0.0,1.0,1.0,0.5,0.6,1.0,1.0,0.5,0.5,0.5,1.0,1.0,0.5,0.5,0.5,0.0,0.0,1.0,1.0,1.0,1.0,0.1961,1.0,0.2,1.0,1.0,0.0,1.0,1.0,0.5,0.5,0.5,0.5,0.5,0.5,0.5,0.14272,0.4,0.76667,0.0,0.5,0.0,0.0,0.16,0.04,0.99202,0.0,1.0,1.0,1.0,1.0,0.5,1.0,0.88134,1.0,0.25,0.60735,0.43611,0.0,0.0,0.5,0.75,0.5,0.7,1.0,1.0,0.5,0.5,0.5,1.0,1.0,0.5,0.5,0.5,0.0,0.0,1.0,1.0,1.0,1.0,0.1961,1.0,0.2,0.0,1.0,0.0,1.0,0.0,0.5,0.0,0.5,0.0,0.5,0.4,0.5,0.14272,0.4,0.76667,0.0,0.5,0.0,1.0,0.16,0.04,0.98604,0.0,1.0,1.0,1.0,1.0,1.0,0.0,0.03929,0.05457,0.0,1.0,1.0,1.0,0.0,1.0,1.0,1.0,0.5,1.0,1.0,0.5,0.5,0.5,1.0,1.0,0.5,0.5,0.5,0.0,0.0,1.0,1.0,1.0,1.0,0.1961,1.0,0.2,1.0,1.0,0.0,1.0,1.0,0.25,0.5,0.5,0.5,0.5,0.5,0.5,0.14272,0.4,0.76667,0.0,0.5,0.0,0.0,0.16,0.04,0.984,0.0,1.0,1.0,1.0,1.0,0.5,0.0,0.05132,0.08146,0.0,1.0,1.0,1.0,0.0,1.0,1.0,0.5,0.8,1.0,1.0,0.5,0.5,0.5,1.0,1.0,0.5,0.5,0.5,0.0,0.0,1.0,1.0,1.0,1.0,0.1961,1.0,0.2,1.0,1.0,0.0,1.0,1.0,0.5,0.0,0.0,0.0,0.0,0.6,0.6,0.14272,0.4,0.76667,0.0,0.5,0.0,0.0,0.16,0.04,0.99202,0.0,1.0,1.0,1.0,1.0,1.0,0.0,0.67453,0.96361,0.25,0.8878,0.79823,0.0,0.0,0.5,0.75,1.0,0.0,1.0,1.0,0.5,0.5,0.5,1.0,1.0,0.5,0.5,0.5,0.0,0.0,1.0,1.0,1.0,1.0,0.1961,1.0,0.2,0.0,1.0,0.0,1.0,0.0,1.0
0.0,0.0,0.0,0.0,1.0,1.0,0.14271,0.4,0.8,0.0,0.5,0.0,0.0,0.16,0.04,0.99954,0.0,1.0,1.0,1.0,1.0,1.0,0.0,0.0001,1.0,0.0,1.0,1.0,1.0,0.0,1.0,1.0,1.0,1.0,1.0,1.0,0.5,0.5,0.5,1.0,1.0,0.5,0.5,0.5,0.0,0.0,1.0,1.0,1.0,1.0,0.1961,1.0,0.0,0.0,1.0,0.0,1.0,1.0,1.0,0.5,0.5,0.5,0.5,0.5,0.5,0.14271,0.4,0.8,0.0,0.5,0.0,0.0,0.16,0.04,0.99358,0.0,1.0,1.0,1.0,1.0,0.5,0.0,0.67452,0.9636,0.25,0.8878,0.79823,0.0,0.0,0.5,0.75,0.5,0.8,1.0,1.0,0.5,0.5,0.5,1.0,1.0,0.5,0.5,0.5,0.0,0.0,1.0,1.0,1.0,1.0,0.1961,1.0,0.2,0.0,1.0,0.0,1.0,0.0,0.5,0.0,0.0,0.0,0.0,0.6,0.6,0.14271,0.4,0.8,0.0,0.5,0.0,0.0,0.16,0.04,0.98917,0.0,1.0,1.0,1.0,1.0,0.9,0.0,0.73837,1.0,0.25,0.8878,0.79823,0.0,0.0,0.5,0.75,1.0,0.8,1.0,1.0,0.5,0.5,0.5,1.0,1.0,1.0,0.1961,0.89464,0.0,0.0,1.0,1.0,1.0,1.0,0.1961,1.0,0.2,0.0,1.0,0.0,1.0,0.0,0.25,0.5,0.5,0.5,0.5,0.5,0.5,0.14271,0.4,0.8,0.0,0.5,0.0,0.0,0.16,0.04,0.99868,0.0,1.0,1.0,1.0,1.0,0.5,0.0,0.03435,0.04461,0.0,1.0,1.0,1.0,0.0,1.0,1.0,0.5,0.6,1.0,1.0,0.5,0.5,0.5,1.0,1.0,0.5,0.5,0.5,0.0,0.0,1.0,1.0,1.0,1.0,0.1961,1.0,0.2,1.0,1.0,0.0,1.0,1.0,0.5,0.5,0.5,0.5,0.5,0.5,0.5,0.14271,0.4,0.8,0.0,0.5,0.0,0.0,0.16,0.04,0.99358,0.0,1.0,1.0,1.0,1.0,0.5,1.0,0.88135,1.0,0.25,0.60734,0.4361,0.0,0.0,0.5,0.75,0.5,0.7,1.0,1.0,0.5,0.5,0.5,1.0,1.0,0.5,0.5,0.5,0.0,0.0,1.0,1.0,1.0,1.0,0.1961,1.0,0.2,0.0,1.0,0.0,1.0,0.0,0.5,0.0,0.5,0.0,0.5,0.4,0.5,0.14271,0.4,0.8,0.0,0.5,0.0,1.0,0.16,0.04,0.98879,0.0,1.0,1.0,1.0,1.0,1.0,0.0,0.03929,0.05457,0.0,1.0,1.0,1.0,0.0,1.0,1.0,1.0,0.5,1.0,1.0,0.5,0.5,0.5,1.0,1.0,0.5,0.5,0.5,0.0,0.0,1.0,1.0,1.0,1.0,0.1961,1.0,0.2,1.0,1.0,0.0,1.0,1.0,0.25,0.5,0.5,0.5,0.5,0.5,0.5,0.14271,0.4,0.8,0.0,0.5,0.0,0.0,0.16,0.04,0.98716,0.0,1.0,1.0,1.0,1.0,0.5,0.0,0.05131,0.08145,0.0,1.0,1.0,1.0,0.0,1.0,1.0,0.5,0.8,1.0,1.0,0.5,0.5,0.5,1.0,1.0,0.5,0.5,0.5,0.0,0.0,1.0,1.0,1.0,1.0,0.1961,1.0,0.2,1.0,1.0,0.0,1.0,1.0,0.5,0.0,0.0,0.0,0.0,0.6,0.6,0.14271,0.4,0.8,0.0,0.5,0.0,0.0,0.16,0.04,0.99358,0.0,1.0,1.0,1.0,1.0,1.0,0.0,0.67452,0.9636,0.25,0.8878,0.79823,0.0,0.0,0.5,0.75,1.0,0.0,1.0,1.0,0.5,0.5,0.5,1.0,1.0,0.5,0.5,0.5,0.0,0.0,1.0,1.0,1.0,1.0,0.1961,1.0,0.2,0.0,1.0,0.0,1.0,0.0,1.0
0.0,0.0,0.0,0.0,1.0,1.0,0.14271,0.4,0.83333,0.0,0.5,0.0,0.0,0.16,0.04,0.99963,0.0,1.0,1.0,1.0,1.0,1.0,0.0,0.0001,1.0,0.0,1.0,1.0,1.0,0.0,1.0,1.0,1.0,1.0,1.0,1.0,0.5,0.5,0.5,1.0,1.0,0.5,0.5,0.5,0.0,0.0,1.0,1.0,1.0,1.0,0.1961,1.0,0.0,0.0,1.0,0.0,1.0,1.0,1.0,0.5,0.5,0.5,0.5,0.5,0.5,0.14271,0.4,0.83333,0.0,0.5,0.0,0.0,0.16,0.04,0.99483,0.0,1.0,1.0,1.0,1.0,0.5,0.0,0.67452,0.9636,0.25,0.8878,0.79823,0.0,0.0,0.5,0.75,0.5,0.8,1.0,1.0,0.5,0.5,0.5,1.0,1.0,0.5,0.5,0.5,0.0,0.0,1.0,1.0,1.0,1.0,0.1961,1.0,0.2,0.0,1.0,0.0,1.0,0.0,0.5,0.0,0.0,0.0,0.0,0.6,0.6,0.14271,0.4,0.83333,0.0,0.5,0.0,0.0,0.16,0.04,0.99129,0.0,1.0,1.0,1.0,1.0,0.9,0.0,0.73837,1.0,0.25,0.8878,0.79823,0.0,0.0,0.5,0.75,1.0,0.8,1.0,1.0,0.5,0.5,0.5,1.0,1.0,1.0,0.1961,0.89464,0.0,0.0,1.0,1.0,1.0,1.0,0.1961,1.0,0.2,0.0,1.0,0.0,1.0,0.0,0.25,0.5,0.5,0.5,0.5,0.5,0.5,0.14271,0.4,0.83333,0.0,0.5,0.0,0.0,0.16,0.04,0.99893,0.0,1.0,1.0,1.0,1.0,0.5,0.0,0.03435,0.04461,0.0,1.0,1.0,1.0,0.0,1.0,1.0,0.5,0.6,1.0,1.0,0.5,0.5,0.5,1.0,1.0,0.5,0.5,0.5,0.0,0.0,1.0,1.0,1.0,1.0,0.1961,1.0,0.2,1.0,1.0,0.0,1.0,1.0,0.5,0.5,0.5,0.5,0.5,0.5,0.5,0.14271,0.4,0.83333,0.0,0.5,0.0,0.0,0.16,0.04,0.99483,0.0,1.0,1.0,1.0,1.0,0.5,1.0,0.88136,1.0,0.25,0.60734,0.4361,0.0,0.0,0.5,0.75,0.5,0.7,1.0,1.0,0.5,0.5,0.5,1.0,1.0,0.5,0.5,0.5,0.0,0.0,1.0,1.0,1.0,1.0,0.1961,1.0,0.2,0.0,1.0,0.0,1.0,0.0,0.5,0.0,0.5,0.0,0.5,0.4,0.5,0.14271,0.4,0.83333,0.0,0.5,0.0,1.0,0.16,0.04,0.99099,0.0,1.0,1.0,1.0,1.0,1.0,0.0,0.03929,0.05457,0.0,1.0,1.0,1.0,0.0,1.0,1.0,1.0,0.5,1.0,1.0,0.5,0.5,0.5,1.0,1.0,0.5,0.5,0.5,0.0,0.0,1.0,1.0,1.0,1.0,0.1961,1.0,0.2,1.0,1.0,0.0,1.0,1.0,0.25,0.5,0.5,0.5,0.5,0.5,0.5,0.14271,0.4,0.83333,0.0,0.5,0.0,0.0,0.16,0.04,0.98968,0.0,1.0,1.0,1.0,1.0,0.5,0.0,0.05131,0.08145,0.0,1.0,1.0,1.0,0.0,1.0,1.0,0.5,0.8,1.0,1.0,0.5,0.5,0.5,1.0,1.0,0.5,0.5,0.5,0.0,0.0,1.0,1.0,1.0,1.0,0.1961,1.0,0.2,1.0,1.0,0.0,1.0,1.0,0.5,0.0,0.0,0.0,0.0,0.6,0.6,0.14271,0.4,0.83333,0.0,0.5,0.0,0.0,0.16,0.04,0.99483,0.0,1.0,1.0,1.0,1.0,1.0,0.0,0.67452,0.9636,0.25,0.8878,0.79823,0.0,0.0,0.5,0.75,1.0,0.0,1.0,1.0,0.5,0.5,0.5,1.0,1.0,0.5,0.5,0.5,0.0,0.0,1.0,1.0,1.0,1.0,0.1961,1.0,0.2,0.0,1.0,0.0,1.0,0.0,1.0
0.0,0.0,0.0,0.0,1.0,1.0,0.14271,0.4,0.86667,0.0,0.5,0.0,0.0,0.16,0.04,0.9997,0.0,1.0,1.0,1.0,1.0,1.0,0.0,0.0001,1.0,0.0,1.0,1.0,1.0,0.0,1.0,1.0,1.0,1.0,1.0,1.0,0.5,0.5,0.5,1.0,1.0,0.5,0.5,0.5,0.0,0.0,1.0,1.0,1.0,1.0,0.1961,1.0,0.0,0.0,1.0,0.0,1.0,1.0,1.0,0.5,0.5,0.5,0.5,0.5,0.5,0.14271,0.4,0.86667,0.0,0.5,0.0,0.0,0.16,0.04,0.99583,0.0,1.0,1.0,1.0,1.0,0.5,0.0,0.67452,0.9636,0.25,0.8878,0.79823,0.0,0.0,0.5,0.75,0.5,0.8,1.0,1.0,0.5,0.5,0.5,1.0,1.0,0.5,0.5,0.5,0.0,0.0,1.0,1.0,1.0,1.0,0.1961,1.0,0.2,0.0,1.0,0.0,1.0,0.0,0.5,0.0,0.0,0.0,0.0,0.6,0.6,0.14271,0.4,0.86667,0.0,0.5,0.0,0.0,0.16,0.04,0.99299,0.0,1.0,1.0,1.0,1.0,0.9,0.0,0.73837,1.0,0.25,0.8878,0.79823,0.0,0.0,0.5,0.75,1.0,0.8,1.0,1.0,0.5,0.5,0.5,1.0,1.0,1.0,0.1961,0.89464,0.0,0.0,1.0,1.0,1.0,1.0,0.1961,1.0,0.2,0.0,1.0,0.0,1.0,0.0,0.25,0.5,0.5,0.5,0.5,0.5,0.5,0.14271,0.4,0.86667,0.0,0.5,0.0,0.0,0.16,0.04,0.99914,0.0,1.0,1.0,1.0,1.0,0.5,0.0,0.03435,0.04461,0.0,1.0,1.0,1.0,0.0,1.0,1.0,0.5,0.6,1.0,1.0,0.5,0.5,0.5,1.0,1.0,0.5,0.5,0.5,0.0,0.0,1.0,1.0,1.0,1.0,0.1961,1.0,0.2,1.0,1.0,0.0,1.0,1.0,0.5,0.5,0.5,0.5,0.5,0.5,0.5,0.14271,0.4,0.86667,0.0,0.5,0.0,0.0,0.16,0.04,0.99583,0.0,1.0,1.0,1.0,1.0,0.5,1.0,0.88136,1.0,0.25,0.60734,0.4361,0.0,0.0,0.5,0.75,0.5,0.7,1.0,1.0,0.5,0.5,0.5,1.0,1.0,0.5,0.5,0.5,0.0,0.0,1.0,1.0,1.0,1.0,0.1961,1.0,0.2,0.0,1.0,0.0,1.0,0.0,0.5,0.0,0.5,0.0,0.5,0.4,0.5,0.14271,0.4,0.86667,0.0,0.5,0.0,1.0,0.16,0.04,0.99274,0.0,1.0,1.0,1.0,1.0,1.0,0.0,0.03929,0.05456,0.0,1.0,1.0,1.0,0.0,1.0,1.0,1.0,0.5,1.0,1.0,0.5,0.5,0.5,1.0,1.0,0.5,0.5,0.5,0.0,0.0,1.0,1.0,1.0,1.0,0.1961,1.0,0.2,1.0,1.0,0.0,1.0,1.0,0.25,0.5,0.5,0.5,0.5,0.5,0.5,0.14271,0.4,0.86667,0.0,0.5,0.0,0.0,0.16,0.04,0.9917,0.0,1.0,1.0,1.0,1.0,0.5,0.0,0.05131,0.08145,0.0,1.0,1.0,1.0,0.0,1.0,1.0,0.5,0.8,1.0,1.0,0.5,0.5,0.5,1.0,1.0,0.5,0.5,0.5,0.0,0.0,1.0,1.0,1.0,1.0,0.1961,1.0,0.2,1.0,1.0,0.0,1.0,1.0,0.5,0.0,0.0,0.0,0.0,0.6,0.6,0.14271,0.4,0.86667,0.0,0.5,0.0,0.0,0.16,0.04,0.99583,0.0,1.0,1.0,1.0,1.0,1.0,0.0,0.67452,0.9636,0.25,0.8878,0.79823,0.0,0.0,0.5,0.75,1.0,0.0,1.0,1.0,0.5,0.5,0.5,1.0,1.0,0.5,0.5,0.5,0.0,0.0,1.0,1.0,1.0,1.0,0.1961,1.0,0.2,0.0,1.0,0.0,1.0,0.0,1.0
0.0,0.0,0.0,0.0,1.0,1.0,0.14271,0.4,0.9,0.0,0.5,0.0,0.0,0.16,0.04,0.99976,0.0,1.0,1.0,1.0,1.0,1.0,0.0,0.0001,1.0,0.0,1.0,1.0,1.0,0.0,1.0,1.0,1.0,1.0,1.0,1.0,0.5,0.5,0.5,1.0,1.0,0.5,0.5,0.5,0.0,0.0,1.0,1.0,1.0,1.0,0.1961,1.0,0.0,0.0,1.0,0.0,1.0,1.0,1.0,0.5,0.5,0.5,0.5,0.5,0.5,0.14271,0.4,0.9,0.0,0.5,0.0,0.0,0.16,0.04,0.99664,0.0,1.0,1.0,1.0,1.0,0.5,0.0,0.67452,0.9636,0.25,0.8878,0.79823,0.0,0.0,0.5,0.75,0.5,0.8,1.0,1.0,0.5,0.5,0.5,1.0,1.0,0.5,0.5,0.5,0.0,0.0,1.0,1.0,1.0,1.0,0.1961,1.0,0.2,0.0,1.0,0.0,1.0,0.0,0.5,0.0,0.0,0.0,0.0,0.6,0.6,0.14271,0.4,0.9,0.0,0.5,0.0,0.0,0.16,0.04,0.99435,0.0,1.0,1.0,1.0,1.0,0.9,0.0,0.73837,1.0,0.25,0.8878,0.79823,0.0,0.0,0.5,0.75,1.0,0.8,1.0,1.0,0.5,0.5,0.5,1.0,1.0,1.0,0.1961,0.89464,0.0,0.0,1.0,1.0,1.0,1.0,0.1961,1.0,0.2,0.0,1.0,0.0,1.0,0.0,0.25,0.5,0.5,0.5,0.5,0.5,0.5,0.14271,0.4,0.9,0.0,0.5,0.0,0.0,0.16,0.04,0.9993,0.0,1.0,1.0,1.0,1.0,0.5,0.0,0.03435,0.04461,0.0,1.0,1.0,1.0,0.0,1.0,1.0,0.5,0.6,1.0,1.0,0.5,0.5,0.5,1.0,1.0,0.5,0.5,0.5,0.0,0.0,1.0,1.0,1.0,1.0,0.1961,1.0,0.2,1.0,1.0,0.0,1.0,1.0,0.5,0.5,0.5,0.5,0.5,0.5,0.5,0.14271,0.4,0.9,0.0,0.5,0.0,0.0,0.16,0.04,0.99664,0.0,1.0,1.0,1.0,1.0,0.5,1.0,0.88136,1.0,0.25,0.60734,0.4361,0.0,0.0,0.5,0.75,0.5,0.7,1.0,1.0,0.5,0.5,0.5,1.0,1.0,0.5,0.5,0.5,0.0,0.0,1.0,1.0,1.0,1.0,0.1961,1.0,0.2,0.0,1.0,0.0,1.0,0.0,0.5,0.0,0.5,0.0,0.5,0.4,0.5,0.14271,0.4,0.9,0.0,0.5,0.0,1.0,0.16,0.04,0.99415,0.0,1.0,1.0,1.0,1.0,1.0,0.0,0.03929,0.05456,0.0,1.0,1.0,1.0,0.0,1.0,1.0,1.0,0.5,1.0,1.0,0.5,0.5,0.5,1.0,1.0,0.5,0.5,0.5,0.0,0.0,1.0,1.0,1.0,1.0,0.1961,1.0,0.2,1.0,1.0,0.0,1.0,1.0,0.25,0.5,0.5,0.5,0.5,0.5,0.5,0.14271,0.4,0.9,0.0,0.5,0.0,0.0,0.16,0.04,0.99331,0.0,1.0,1.0,1.0,1.0,0.5,0.0,0.05131,0.08145,0.0,1.0,1.0,1.0,0.0,1.0,1.0,0.5,0.8,1.0,1.0,0.5,0.5,0.5,1.0,1.0,0.5,0.5,0.5,0.0,0.0,1.0,1.0,1.0,1.0,0.1961,1.0,0.2,1.0,1.0,0.0,1.0,1.0,0.5,0.0,0.0,0.0,0.0,0.6,0.6,0.14271,0.4,0.9,0.0,0.5,0.0,0.0,0.16,0.04,0.99664,0.0,1.0,1.0,1.0,1.0,1.0,0.0,0.67452,0.9636,0.25,0.8878,0.79823,0.0,0.0,0.5,0.75,1.0,0.0,1.0,1.0,0.5,0.5,0.5,1.0,1.0,0.5,0.5,0.5,0.0,0.0,1.0,1.0,1.0,1.0,0.1961,1.0,0.2,0.0,1.0,0.0,1.0,0.0,1.0
0.0,0.0,0.0,0.0,1.0,1.0,0.14271,0.4,0.93333,0.0,0.5,0.0,0.0,0.16,0.04,0.9998,0.0,1.0,1.0,1.0,1.0,1.0,0.0,0.0001,1.0,0.0,1.0,1.0,1.0,0.0,1.0,1.0,1.0,1.0,1.0,1.0,0.5,0.5,0.5,1.0,1.0,0.5,0.5,0.5,0.0,0.0,1.0,1.0,1.0,1.0,0.1961,1.0,0.0,0.0,1.0,0.0,1.0,1.0,1.0,0.5,0.5,0.5,0.5,0.5,0.5,0.14271,0.4,0.93333,0.0,0.5,0.0,0.0,0.16,0.04,0.99729,0.0,1.0,1.0,1.0,1.0,0.5,0.0,0.67452,0.9636,0.25,0.8878,0.79823,0.0,0.0,0.5,0.75,0.5,0.8,1.0,1.0,0.5,0.5,0.5,1.0,1.0,0.5,0.5,0.5,0.0,0.0,1.0,1.0,1.0,1.0,0.1961,1.0,0.2,0.0,1.0,0.0,1.0,0.0,0.5,0.0,0.0,0.0,0.0,0.6,0.6,0.14271,0.4,0.93333,0.0,0.5,0.0,0.0,0.16,0.04,0.99545,0.0,1.0,1.0,1.0,1.0,0.9,0.0,0.73836,1.0,0.25,0.8878,0.79823,0.0,0.0,0.5,0.75,1.0,0.8,1.0,1.0,0.5,0.5,0.5,1.0,1.0,1.0,0.1961,0.89464,0.0,0.0,1.0,1.0,1.0,1.0,0.1961,1.0,0.2,0.0,1.0,0.0,1.0,0.0,0.25,0.5,0.5,0.5,0.5,0.5,0.5,0.14271,0.4,0.93333,0.0,0.5,0.0,0.0,0.16,0.04,0.99944,0.0,1.0,1.0,1.0,1.0,0.5,0.0,0.03435,0.04461,0.0,1.0,1.0,1.0,0.0,1.0,1.0,0.5,0.6,1.0,1.0,0.5,0.5,0.5,1.0,1.0,0.5,0.5,0.5,0.0,0.0,1.0,1.0,1.0,1.0,0.1961,1.0,0.2,1.0,1.0,0.0,1.0,1.0,0.5,0.5,0.5,0.5,0.5,0.5,0.5,0.14271,0.4,0.93333,0.0,0.5,0.0,0.0,0.16,0.04,0.99729,0.0,1.0,1.0,1.0,1.0,0.5,1.0,0.88136,1.0,0.25,0.60733,0.4361,0.0,0.0,0.5,0.75,0.5,0.7,1.0,1.0,0.5,0.5,0.5,1.0,1.0,0.5,0.5,0.5,0.0,0.0,1.0,1.0,1.0,1.0,0.1961,1.0,0.2,0.0,1.0,0.0,1.0,0.0,0.5,0.0,0.5,0.0,0.5,0.4,0.5,0.14271,0.4,0.93333,0.0,0.5,0.0,1.0,0.16,0.04,0.99529,0.0,1.0,1.0,1.0,1.0,1.0,0.0,0.03929,0.05456,0.0,1.0,1.0,1.0,0.0,1.0,1.0,1.0,0.5,1.0,1.0,0.5,0.5,0.5,1.0,1.0,0.5,0.5,0.5,0.0,0.0,1.0,1.0,1.0,1.0,0.1961,1.0,0.2,1.0,1.0,0.0,1.0,1.0,0.25,0.5,0.5,0.5,0.5,0.5,0.5,0.14271,0.4,0.93333,0.0,0.5,0.0,0.0,0.16,0.04,0.99461,0.0,1.0,1.0,1.0,1.0,0.5,0.0,0.05131,0.08145,0.0,1.0,1.0,1.0,0.0,1.0,1.0,0.5,0.8,1.0,1.0,0.5,0.5,0.5,1.0,1.0,0.5,0.5,0.5,0.0,0.0,1.0,1.0,1.0,1.0,0.1961,1.0,0.2,1.0,1.0,0.0,1.0,1.0,0.5,0.0,0.0,0.0,0.0,0.6,0.6,0.14271,0.4,0.93333,0.0,0.5,0.0,0.0,0.16,0.04,0.99729,0.0,1.0,1.0,1.0,1.0,1.0,0.0,0.67452,0.9636,0.25,0.8878,0.79823,0.0,0.0,0.5,0.75,1.0,0.0,1.0,1.0,0.5,0.5,0.5,1.0,1.0,0.5,0.5,0.5,0.0,0.0,1.0,1.0,1.0,1.0,0.1961,1.0,0.2,0.0,1.0,0.0,1.0,0.0,1.0
0.0,0.0,0.0,0.0,1.0,1.0,0.14271,0.4,0.96667,0.0,0.5,0.0,0.0,0.16,0.04,0.99984,0.0,1.0,1.0,1.0,1.0,1.0,0.0,0.0001,1.0,0.0,1.0,1.0,1.0,0.0,1.0,1.0,1.0,1.0,1.0,1.0,0.5,0.5,0.5,1.0,1.0,0.5,0.5,0.5,0.0,0.0,1.0,1.0,1.0,1.0,0.1961,1.0,0.0,0.0,1.0,0.0,1.0,1.0,1.0,0.5,0.5,0.5,0.5,0.5,0.5,0.14271,0.4,0.96667,0.0,0.5,0.0,0.0,0.16,0.04,0.99781,0.0,1.0,1.0,1.0,1.0,0.5,0.0,0.67452,0.9636,0.25,0.8878,0.79823,0.0,0.0,0.5,0.75,0.5,0.8,1.0,1.0,0.5,0.5,0.5,1.0,1.0,0.5,0.5,0.5,0.0,0.0,1.0,1.0,1.0,1.0,0.1961,1.0,0.2,0.0,1.0,0.0,1.0,0.0,0.5,0.0,0.0,0.0,0.0,0.6,0.6,0.14271,0.4,0.96667,0.0,0.5,0.0,0.0,0.16,0.04,0.99633,0.0,1.0,1.0,1.0,1.0,0.9,0.0,0.73836,1.0,0.25,0.8878,0.79823,0.0,0.0,0.5,0.75,1.0,0.8,1.0,1.0,0.5,0.5,0.5,1.0,1.0,1.0,0.1961,0.89464,0.0,0.0,1.0,1.0,1.0,1.0,0.1961,1.0,0.2,0.0,1.0,0.0,1.0,0.0,0.25,0.5,0.5,0.5,0.5,0.5,0.5,0.14271,0.4,0.96667,0.0,0.5,0.0,0.0,0.16,0.04,0.99955,0.0,1.0,1.0,1.0,1.0,0.5,0.0,0.03435,0.04461,0.0,1.0,1.0,1.0,0.0,1.0,1.0,0.5,0.6,1.0,1.0,0.5,0.5,0.5,1.0,1.0,0.5,0.5,0.5,0.0,0.0,1.0,1.0,1.0,1.0,0.1961,1.0,0.2,1.0,1.0,0.0,1.0,1.0,0.5,0.5,0.5,0.5,0.5,0.5,0.5,0.14271,0.4,0.96667,0.0,0.5,0.0,0.0,0.16,0.04,0.99781,0.0,1.0,1.0,1.0,1.0,0.5,1.0,0.88136,1.0,0.25,0.60733,0.4361,0.0,0.0,0.5,0.75,0.5,0.7,1.0,1.0,0.5,0.5,0.5,1.0,1.0,0.5,0.5,0.5,0.0,0.0,1.0,1.0,1.0,1.0,0.1961,1.0,0.2,0.0,1.0,0.0,1.0,0.0,0.5,0.0,0.5,0.0,0.5,0.4,0.5,0.14271,0.4,0.96667,0.0,0.5,0.0,1.0,0.16,0.04,0.9962,0.0,1.0,1.0,1.0,1.0,1.0,0.0,0.03929,0.05456,0.0,1.0,1.0,1.0,0.0,1.0,1.0,1.0,0.5,1.0,1.0,0.5,0.5,0.5,1.0,1.0,0.5,0.5,0.5,0.0,0.0,1.0,1.0,1.0,1.0,0.1961,1.0,0.2,1.0,1.0,0.0,1.0,1.0,0.25,0.5,0.5,0.5,0.5,0.5,0.5,0.14271,0.4,0.96667,0.0,0.5,0.0,0.0,0.16,0.04,0.99565,0.0,1.0,1.0,1.0,1.0,0.5,0.0,0.05131,0.08145,0.0,1.0,1.0,1.0,0.0,1.0,1.0,0.5,0.8,1.0,1.0,0.5,0.5,0.5,1.0,1.0,0.5,0.5,0.5,0.0,0.0,1.0,1.0,1.0,1.0,0.1961,1.0,0.2,1.0,1.0,0.0,1.0,1.0,0.5,0.0,0.0,0.0,0.0,0.6,0.6,0.14271,0.4,0.96667,0.0,0.5,0.0,0.0,0.16,0.04,0.99781,0.0,1.0,1.0,1.0,1.0,1.0,0.0,0.67452,0.9636,0.25,0.8878,0.79823,0.0,0.0,0.5,0.75,1.0,0.0,1.0,1.0,0.5,0.5,0.5,1.0,1.0,0.5,0.5,0.5,0.0,0.0,1.0,1.0,1.0,1.0,0.1961,1.0,0.2,0.0,1.0,0.0,1.0,0.0,1.0
0.0,0.0,0.0,0.0,1.0,1.0,0.14271,0.4,1.0,0.0,0.5,0.0,0.0,0.16,0.04,0.99987,0.0,1.0,1.0,1.0,1.0,1.0,0.0,0.0001,1.0,0.0,1.0,1.0,1.0,0.0,1.0,1.0,1.0,1.0,1.0,1.0,0.5,0.5,0.5,1.0,1.0,0.5,0.5,0.5,0.0,0.0,1.0,1.0,1.0,1.0,0.1961,1.0,0.0,0.0,1.0,0.0,1.0,1.0,1.0,0.5,0.5,0.5,0.5,0.5,0.5,0.14271,0.4,1.0,0.0,0.5,0.0,0.0,0.16,0.04,0.99823,0.0,1.0,1.0,1.0,1.0,0.5,0.0,0.67452,0.9636,0.25,0.8878,0.79823,0.0,0.0,0.5,0.75,0.5,0.8,1.0,1.0,0.5,0.5,0.5,1.0,1.0,0.5,0.5,0.5,0.0,0.0,1.0,1.0,1.0,1.0,0.1961,1.0,0.2,0.0,1.0,0.0,1.0,0.0,0.5,0.0,0.0,0.0,0.0,0.6,0.6,0.14271,0.4,1.0,0.0,0.5,0.0,0.0,0.16,0.04,0.99704,0.0,1.0,1.0,1.0,1.0,0.9,0.0,0.73836,1.0,0.25,0.8878,0.79823,0.0,0.0,0.5,0.75,1.0,0.8,1.0,1.0,0.5,0.5,0.5,1.0,1.0,1.0,0.1961,0.89464,0.0,0.0,1.0,1.0,1.0,1.0,0.1961,1.0,0.2,0.0,1.0,0.0,1.0,0.0,0.25,0.5,0.5,0.5,0.5,0.5,0.5,0.14271,0.4,1.0,0.0,0.5,0.0,0.0,0.16,0.04,0.99963,0.0,1.0,1.0,1.0,1.0,0.5,0.0,0.03435,0.04461,0.0,1.0,1.0,1.0,0.0,1.0,1.0,0.5,0.6,1.0,1.0,0.5,0.5,0.5,1.0,1.0,0.5,0.5,0.5,0.0,0.0,1.0,1.0,1.0,1.0,0.1961,1.0,0.2,1.0,1.0,0.0,1.0,1.0,0.5,0.5,0.5,0.5,0.5,0.5,0.5,0.14271,0.4,1.0,0.0,0.5,0.0,0.0,0.16,0.04,0.99823,0.0,1.0,1.0,1.0,1.0,0.5,1.0,0.88136,1.0,0.25,0.60733,0.4361,0.0,0.0,0.5,0.75,0.5,0.7,1.0,1.0,0.5,0.5,0.5,1.0,1.0,0.5,0.5,0.5,0.0,0.0,1.0,1.0,1.0,1.0,0.1961,1.0,0.2,0.0,1.0,0.0,1.0,0.0,0.5,0.0,0.5,0.0,0.5,0.4,0.5,0.14271,0.4,1.0,0.0,0.5,0.0,1.0,0.16,0.04,0.99693,0.0,1.0,1.0,1.0,1.0,1.0,0.0,0.03929,0.05456,0.0,1.0,1.0,1.0,0.0,1.0,1.0,1.0,0.5,1.0,1.0,0.5,0.5,0.5,1.0,1.0,0.5,0.5,0.5,0.0,0.0,1.0,1.0,1.0,1.0,0.1961,1.0,0.2,1.0,1.0,0.0,1.0,1.0,0.25,0.5,0.5,0.5,0.5,0.5,0.5,0.14271,0.4,1.0,0.0,0.5,0.0,0.0,0.16,0.04,0.99649,0.0,1.0,1.0,1.0,1.0,0.5,0.0,0.05131,0.08145,0.0,1.0,1.0,1.0,0.0,1.0,1.0,0.5,0.8,1.0,1.0,0.5,0.5,0.5,1.0,1.0,0.5,0.5,0.5,0.0,0.0,1.0,1.0,1.0,1.0,0.1961,1.0,0.2,1.0,1.0,0.0,1.0,1.0,0.5,0.0,0.0,0.0,0.0,0.6,0.6,0.14271,0.4,1.0,0.0,0.5,0.0,0.0,0.16,0.04,0.99823,0.0,1.0,1.0,1.0,1.0,1.0,0.0,0.67452,0.9636,0.25,0.8878,0.79823,0.0,0.0,0.5,0.75,1.0,0.0,1.0,1.0,0.5,0.5,0.5,1.0,1.0,0.5,0.5,0.5,0.0,0.0,1.0,1.0,1.0,1.0,0.1961,1.0,0.2,0.0,1.0,0.0,1.0,0.0,1.0
1.0,1.0,1.0,1.0,0.4,0.4,0.06484,0.2,0.86667,0.0,0.5,0.0,0.0,0.48,0.04,0.99967,0.0,1.0,1.0,1.0,1.0,1.0,0.0,0.0001,1.0,0.0,0.87069,0.771,0.0,0.0,0.97828,0.75,1.0,1.0,1.0,1.0,0.5,0.5,0.5,1.0,1.0,0.52185,1.0,1.0,0.06524,0.16421,0.0,1.0,1.0,0.52185,1.0,1.0,0.0,0.0,1.0,0.0,1.0,1.0,1.0,0.0,0.0,0.0,0.0,0.2,0.2,0.06484,0.2,0.86667,0.0,0.5,0.0,0.0,0.48,0.04,0.99481,0.0,1.0,1.0,1.0,1.0,0.9,0.0,0.716,1.0,0.25,0.52265,0.29045,0.0,0.0,0.93219,0.5,0.25,0.8,1.0,1.0,0.5,0.5,0.5,1.0,1.0,0.5,0.5,0.5,0.0,0.0,1.0,1.0,1.0,0.52185,1.0,0.2,0.4,0.5,0.0,1.0,1.0,0.5,1.0,0.0,0.5,0.0,0.5,0.2,0.5,0.06484,0.2,0.86667,0.0,0.5,0.0,1.0,0.48,0.04,0.99027,0.0,1.0,1.0,1.0,1.0,1.0,0.0,0.0139,0.02527,0.25,1.0,1.0,1.0,0.0,1.0,1.0,0.5,0.8,1.0,1.0,0.5,0.5,0.5,1.0,1.0,0.5,0.5,0.5,0.0,0.0,1.0,1.0,1.0,0.52185,1.0,1.0,0.2,1.0,1.0,0.0,1.0,1.0,0.25,0.0,1.0,0.0,1.0,0.2,0.4,0.06484,0.2,0.86667,0.0,0.5,0.0,0.0,0.48,0.04,0.99904,0.0,1.0,1.0,1.0,1.0,1.0,1.0,0.83972,1.0,0.25,0.34537,0.15651,0.0,0.0,0.81391,0.5,0.5,0.6,1.0,1.0,0.5,0.5,0.5,1.0,1.0,0.5,0.5,0.5,0.0,0.0,1.0,1.0,1.0,0.52185,1.0,0.5,0.4,0.5,0.0,1.0,1.0,0.5,1.0,0.0,0.0,0.0,0.0,0.2,0.2,0.06484,0.2,0.86667,0.0,0.5,0.0,0.0,0.48,0.04,0.99481,0.0,1.0,1.0,1.0,1.0,1.0,0.0,0.95222,1.0,0.25,0.52265,0.29045,0.0,0.0,0.93219,0.5,1.0,0.7,1.0,1.0,0.5,0.5,0.5,1.0,1.0,0.5,0.5,0.5,0.0,0.0,1.0,1.0,1.0,0.52185,1.0,0.3,0.4,0.5,0.0,1.0,1.0,0.5,1.0,0.5,0.5,0.5,0.5,0.5,0.5,0.06484,0.2,0.86667,0.0,0.5,0.0,0.0,0.48,0.04,0.98983,0.0,1.0,1.0,1.0,1.0,0.5,0.0,0.04278,0.05942,0.0,0.87069,0.771,0.0,0.0,0.97828,0.75,0.5,0.5,1.0,1.0,0.5,0.5,0.5,1.0,1.0,0.5,0.5,0.5,0.0,0.0,1.0,1.0,1.0,0.52185,1.0,0.5,0.4,1.0,0.0,1.0,1.0,1.0,0.5,0.0,0.0,0.0,0.0,0.8,0.6,0.06484,0.2,0.86667,0.0,0.5,0.0,0.0,0.48,0.04,0.98784,0.0,1.0,1.0,1.0,1.0,0.6,0.0,0.05588,0.0887,0.0,0.87069,0.771,0.0,0.0,0.97828,0.75,0.75,0.8,1.0,1.0,0.5,0.5,0.5,1.0,1.0,0.5,0.5,0.5,0.0,0.0,1.0,1.0,1.0,0.52185,1.0,0.3,0.4,1.0,0.0,1.0,1.0,1.0,0.75,0.0,0.0,0.0,0.0,0.2,0.2,0.06484,0.2,0.86667,0.0,0.5,0.0,0.0,0.48,0.04,0.99481,0.0,1.0,1.0,1.0,1.0,0.6,0.0,0.716,1.0,0.25,0.52265,0.29045,0.0,0.0,0.93219,0.5,0.75,0.0,1.0,1.0,0.5,0.5,0.5,1.0,1.0,0.5,0.5,0.5,0.0,0.0,1.0,1.0,1.0,0.52185,1.0,1.0,0.2,0.0,1.0,0.0,1.0,0.5,1.0
1.0,0.5,1.0,0.5,0.4,0.5,0.15605,0.4,0.6,0.0,0.5,0.0,1.0,0.44,0.04,0.02787,0.0,0.7,0.9,1.0,1.0,0.7,0.0,0.0001,1.0,0.0,1.0,1.0,1.0,0.0,1.0,1.0,0.25,1.0,1.0,1.0,0.5,0.5,0.5,1.0,1.0,1.0,1.0,0.5,0.0,0.04239,1.0,1.0,1.0,1.0,1.0,1.0,0.0,0.0,1.0,0.0,1.0,0.0,1.0,0.5,0.5,0.5,0.5,0.5,0.5,0.15605,0.4,0.6,0.0,0.5,0.0,0.0,0.44,0.04,0.42389,0.0,0.7,0.9,1.0,1.0,0.5,0.0,0.76056,1.0,0.25,0.73283,0.57832,0.0,0.0,0.85718,0.75,0.5,0.8,1.0,1.0,0.5,0.5,0.5,1.0,1.0,0.5,0.5,0.5,0.0,0.0,1.0,1.0,1.0,1.0,1.0,0.2,0.4,1.0,1.0,1.0,1.0,0.0,0.5,1.0,1.0,1.0,1.0,0.2,0.2,0.15605,0.4,0.6,0.0,0.5,0.0,0.0,0.44,0.04,0.76899,0.0,0.7,0.9,1.0,1.0,0.7,1.0,0.85516,1.0,0.25,0.73283,0.57832,0.0,0.0,0.85718,0.75,0.0,0.8,1.0,1.0,0.5,0.5,0.5,1.0,1.0,0.5,0.5,0.5,0.0,0.15599,1.0,1.0,1.0,1.0,1.0,0.2,0.4,1.0,1.0,1.0,1.0,0.0,0.5,1.0,1.0,1.0,1.0,0.2,0.4,0.15605,0.4,0.6,0.0,0.5,0.0,0.0,0.44,0.04,0.08092,0.0,0.7,0.9,1.0,1.0,0.7,1.0,0.6016,0.7813,0.25,1.0,1.0,1.0,1.0,1.0,0.75,0.75,0.6,1.0,1.0,0.5,0.5,0.5,1.0,1.0,0.5,0.5,0.5,0.0,0.0,1.0,1.0,0.0,1.0,1.0,0.7,0.4,1.0,1.0,1.0,1.0,0.0,0.5,0.5,0.5,0.5,0.5,0.5,0.5,0.15605,0.4,0.6,0.0,0.5,0.0,0.0,0.44,0.04,0.42389,0.0,0.7,0.9,1.0,1.0,0.5,0.0,0.95502,1.0,0.25,0.73283,0.57832,0.0,0.0,0.85718,0.75,0.5,0.7,1.0,1.0,0.5,0.5,0.5,1.0,1.0,0.5,0.5,0.5,0.0,0.0,1.0,1.0,1.0,1.0,1.0,0.3,0.4,1.0,1.0,1.0,1.0,0.0,0.5,0.5,0.5,0.5,0.5,0.5,0.5,0.15605,0.4,0.6,0.0,0.5,0.0,0.0,0.44,0.04,0.8012,0.0,0.7,0.9,1.0,1.0,0.5,0.0,0.75149,1.0,0.25,0.73283,0.57832,0.0,0.0,0.85718,0.75,0.5,0.5,1.0,1.0,0.5,0.5,0.5,1.0,1.0,0.5,0.5,0.5,0.0,0.0429,1.0,1.0,1.0,1.0,1.0,0.5,0.4,1.0,1.0,1.0,1.0,0.0,0.5,0.5,0.5,0.5,0.5,0.5,0.5,0.15605,0.4,0.6,0.0,0.5,0.0,0.0,0.44,0.04,0.94433,0.0,0.7,0.9,1.0,1.0,0.5,0.0,0.79788,1.0,0.25,0.73283,0.57832,0.0,0.0,0.85718,0.75,0.5,0.8,1.0,1.0,0.5,0.5,0.5,1.0,1.0,0.5,0.5,0.5,0.0,0.0,1.0,1.0,1.0,1.0,1.0,0.2,0.4,1.0,1.0,1.0,1.0,0.0,0.5,0.5,0.5,0.5,0.5,0.5,0.5,0.15605,0.4,0.6,0.0,0.5,0.0,0.0,0.44,0.04,0.42389,0.0,0.7,0.9,1.0,1.0,0.5,0.0,0.76056,1.0,0.25,0.73283,0.57832,0.0,0.0,0.85718,0.75,0.5,0.0,1.0,1.0,0.5,0.5,0.5,1.0,1.0,0.5,0.5,0.5,0.0,0.0,1.0,1.0,1.0,1.0,1.0,1.0,0.2,0.0,1.0,0.0,1.0,0.0,0.5
0.0,0.5,0.0,0.5,0.4,0.5,0.13911,0.4,0.66667,0.0,0.5,0.0,1.0,0.52,0.04,0.6494,0.0,1.0,1.0,1.0,1.0,1.0,0.0,0.0001,1.0,0.0,0.68163,0.51702,0.0,0.0,1.0,1.0,1.0,1.0,1.0,1.0,0.5,0.5,0.5,1.0,1.0,1.0,1.0,1.0,0.35053,0.0,0.0,1.0,1.0,1.0,1.0,1.0,0.0,0.0,1.0,0.0,1.0,1.0,1.0,0.5,0.5,0.5,0.5,0.5,0.5,0.13911,0.4,0.66667,0.0,0.5,0.0,0.0,0.52,0.04,0.78349,0.0,1.0,1.0,1.0,1.0,0.5,1.0,0.94904,1.0,0.25,0.63722,0.51702,0.0,0.0,0.83596,0.75,0.5,0.8,1.0,1.0,0.5,0.5,0.5,1.0,1.0,0.5,0.5,0.5,0.0,0.0,1.0,1.0,1.0,1.0,1.0,0.2,0.4,0.5,0.0,1.0,1.0,0.5,0.5,1.0,1.0,1.0,1.0,0.2,0.2,0.13911,0.4,0.66667,0.0,0.5,0.0,0.0,0.52,0.04,0.89713,0.0,1.0,1.0,1.0,1.0,0.6,0.0,0.55078,1.0,0.0,0.68163,0.51702,0.0,0.0,1.0,1.0,0.0,0.8,1.0,1.0,0.5,0.5,0.5,1.0,1.0,0.5,0.5,0.5,0.0,0.0,1.0,1.0,1.0,1.0,1.0,0.2,0.4,1.0,0.0,1.0,1.0,1.0,0.5,1.0,1.0,1.0,1.0,0.2,0.4,0.13911,0.4,0.66667,0.0,0.5,0.0,0.0,0.52,0.04,0.6676,0.0,1.0,1.0,1.0,1.0,0.6,0.0,0.75112,0.97548,0.25,0.80334,0.51702,0.5,1.0,0.96543,0.75,0.5,0.6,1.0,1.0,0.5,0.5,0.5,1.0,1.0,0.5,0.5,0.5,0.0,0.0,1.0,1.0,1.0,1.0,1.0,0.4,0.6,1.0,0.5,1.0,1.0,0.5,0.5,0.5,0.5,0.5,0.5,0.5,0.5,0.13911,0.4,0.66667,0.0,0.5,0.0,0.0,0.52,0.04,0.78349,0.0,1.0,1.0,1.0,1.0,0.5,1.0,0.95952,1.0,0.0,0.68163,0.51702,0.0,0.0,1.0,1.0,0.5,0.7,1.0,1.0,0.5,0.5,0.5,1.0,1.0,0.5,0.5,0.5,0.0,0.0,1.0,1.0,1.0,1.0,1.0,0.3,0.4,1.0,0.0,1.0,1.0,1.0,0.5,1.0,0.0,1.0,0.0,0.4,0.4,0.13911,0.4,0.66667,0.0,0.5,0.0,0.0,0.52,0.04,0.90759,0.0,1.0,1.0,1.0,1.0,0.9,0.0,0.32139,0.44638,0.0,0.68163,0.51702,0.0,0.0,1.0,1.0,1.0,0.5,1.0,1.0,0.5,0.5,0.5,1.0,1.0,0.5,0.5,0.5,0.0,0.0,1.0,1.0,1.0,1.0,1.0,0.5,0.4,1.0,0.0,1.0,1.0,1.0,1.0,0.5,0.5,0.5,0.5,0.5,0.5,0.13911,0.4,0.66667,0.0,0.5,0.0,0.0,0.52,0.04,0.95377,0.0,1.0,1.0,1.0,1.0,0.5,0.0,0.41978,0.66631,0.0,0.68163,0.51702,0.0,0.0,1.0,1.0,0.5,0.8,1.0,1.0,0.5,0.5,0.5,1.0,1.0,0.5,0.5,0.5,0.0,0.0,1.0,1.0,1.0,1.0,1.0,0.2,0.4,1.0,0.0,1.0,1.0,1.0,0.5,0.5,0.5,0.5,0.5,0.5,0.5,0.13911,0.4,0.66667,0.0,0.5,0.0,0.0,0.52,0.04,0.78349,0.0,1.0,1.0,1.0,1.0,0.5,1.0,0.94904,1.0,0.25,0.63722,0.51702,0.0,0.0,0.83596,0.75,0.5,0.0,1.0,1.0,0.5,0.5,0.5,1.0,1.0,0.5,0.5,0.5,0.0,0.0,1.0,1.0,1.0,1.0,1.0,1.0,0.2,0.0,1.0,0.0,1.0,0.5,0.5
0.0,0.0,0.0,0.0,1.0,0.9,0.17659,0.7,0.26667,0.0,1.0,0.0,0.0,0.09,0.04,0.92661,0.0,1.0,0.97778,0.91111,1.0,0.91111,0.0,0.0001,1.0,0.0,0.9769,0.95484,0.0,0.0,0.5,0.77778,0.88889,1.0,1.0,1.0,0.5,0.5,0.5,1.0,1.0,0.5,0.5,0.5,0.87541,0.0513,0.0,1.0,1.0,1.0,0.04787,1.0,0.0,0.0,1.0,0.0,1.0,0.0,1.0,0.5,0.5,0.5,0.5,0.5,0.5,0.17659,0.7,0.26667,0.0,1.0,0.0,0.0,0.09,0.04,0.9584,0.0,1.0,0.97778,0.91111,1.0,0.5,1.0,0.68562,0.97945,0.22222,0.86193,0.75735,0.0,0.0,1.0,1.0,0.5,0.8,1.0,1.0,0.5,0.5,0.5,1.0,1.0,0.5,0.5,0.5,0.0,0.0,1.0,1.0,1.0,1.0,0.04787,0.2,0.2,1.0,1.0,1.0,1.0,0.0,0.5,0.0,0.0,0.0,0.0,0.8,0.7,0.17659,0.7,0.26667,0.0,1.0,0.0,0.0,0.09,0.04,0.99358,0.0,1.0,0.97778,0.91111,1.0,0.97778,1.0,0.78181,1.0,0.11111,1.0,0.95484,0.5,0.0,0.66667,0.66667,0.88889,0.8,1.0,1.0,0.5,0.5,0.5,1.0,1.0,1.0,0.04787,0.77344,0.0,0.0,1.0,1.0,1.0,1.0,0.04787,0.85,0.2,0.5,1.0,1.0,1.0,0.0,0.55556,0.5,0.5,0.5,0.5,0.5,0.5,0.17659,0.7,0.26667,0.0,1.0,0.0,0.0,0.09,0.04,0.93116,0.0,1.0,0.97778,0.91111,1.0,0.5,0.0,0.65625,0.85227,0.22222,0.86193,0.75735,0.0,0.0,1.0,1.0,0.5,0.65,1.0,1.0,0.5,0.5,0.5,1.0,1.0,0.5,0.5,0.5,0.0,0.0,1.0,1.0,1.0,1.0,0.04787,0.5,0.2,1.0,1.0,1.0,1.0,0.0,0.5,0.5,0.5,0.5,0.5,0.5,0.5,0.17659,0.7,0.26667,0.0,1.0,0.0,0.0,0.09,0.04,0.9584,0.0,1.0,0.97778,0.91111,1.0,0.5,1.0,0.97676,1.0,0.22222,0.86193,0.75735,0.0,0.0,1.0,1.0,0.5,0.7,1.0,1.0,0.5,0.5,0.5,1.0,1.0,0.5,0.5,0.5,0.0,0.0,1.0,1.0,1.0,1.0,0.04787,0.3,0.2,1.0,1.0,1.0,1.0,0.0,0.5,0.5,0.5,0.5,0.5,0.5,0.5,0.17659,0.7,0.26667,0.0,1.0,0.0,0.0,0.09,0.04,0.99717,0.0,1.0,0.97778,0.91111,1.0,0.5,1.0,0.67638,0.93942,0.22222,0.86193,0.75735,0.0,0.0,1.0,1.0,0.5,0.5,1.0,1.0,0.5,0.5,0.5,1.0,1.0,0.5,0.5,0.5,0.0,0.0,1.0,1.0,1.0,1.0,0.04787,0.5,0.2,1.0,1.0,1.0,1.0,0.0,0.5,0.0,0.0,0.0,1.0,0.9,0.9,0.17659,0.7,0.26667,0.0,1.0,0.0,0.0,0.09,0.04,0.0,0.98818,0.86667,0.84444,0.95556,0.86667,0.95556,0.0,0.58362,0.92639,0.22222,1.0,1.0,1.0,0.0,1.0,0.77778,0.88889,0.8,1.0,1.0,0.5,0.5,0.5,1.0,1.0,0.5,0.5,0.5,0.0,0.0,1.0,1.0,1.0,1.0,0.04787,0.85,0.2,1.0,1.0,1.0,1.0,0.0,0.88889,0.0,0.5,0.0,0.5,0.7,0.5,0.17659,0.7,0.26667,0.0,1.0,0.0,1.0,0.09,0.04,0.9584,0.0,1.0,0.97778,0.91111,1.0,1.0,1.0,0.68562,0.97945,0.22222,0.86193,0.75735,0.0,0.0,1.0,1.0,0.66667,0.0,1.0,1.0,0.5,0.5,0.5,1.0,1.0,0.5,0.5,0.5,0.0,0.0,1.0,1.0,1.0,1.0,0.04787,1.0,0.1,0.0,1.0,0.0,1.0,0.0,1.0
0.0,0.0,0.0,0.0,1.0,0.9,0.13263,0.7,0.33333,0.0,1.0,0.0,0.0,0.1,0.04,0.0,0.9987,1.0,1.0,0.91111,1.0,0.91111,0.0,0.0001,1.0,0.0,0.83903,0.7227,0.0,0.0,0.5,0.88889,0.88889,1.0,1.0,1.0,0.5,0.5,0.5,1.0,1.0,0.5,0.5,0.5,0.60368,0.03583,0.0,1.0,1.0,1.0,0.04787,1.0,0.0,0.0,1.0,0.0,1.0,0.0,1.0,0.5,0.5,0.5,0.5,0.5,0.5,0.13263,0.7,0.33333,0.0,1.0,0.0,0.0,0.1,0.04,0.0,0.98153,1.0,1.0,0.91111,1.0,0.5,0.0,0.64663,0.92376,0.11111,1.0,0.7227,0.5,0.0,0.66667,1.0,0.5,0.8,1.0,1.0,0.5,0.5,0.5,1.0,1.0,0.5,0.5,0.5,0.0,0.0,1.0,1.0,1.0,1.0,0.04787,0.7,0.2,0.5,1.0,1.0,1.0,0.0,0.5,0.0,0.0,0.0,0.0,0.8,0.7,0.13263,0.7,0.33333,0.0,1.0,0.0,0.0,0.1,0.04,0.0,0.96351,1.0,1.0,0.91111,1.0,0.97778,0.0,0.72684,1.0,0.11111,1.0,0.7227,0.5,0.0,0.66667,1.0,0.88889,0.8,1.0,1.0,0.5,0.5,0.5,1.0,1.0,1.0,0.04787,0.77344,0.0,0.0,1.0,1.0,1.0,1.0,0.04787,0.8,0.2,0.5,1.0,1.0,1.0,0.0,0.55556,0.0,0.5,0.0,0.5,0.7,0.5,0.13263,0.7,0.33333,0.0,1.0,0.0,1.0,0.1,0.04,0.0,0.99625,1.0,1.0,0.91111,1.0,1.0,0.0,0.62372,0.81003,0.11111,1.0,0.7227,0.5,0.0,0.66667,1.0,0.66667,0.65,1.0,1.0,0.5,0.5,0.5,1.0,1.0,0.5,0.5,0.5,0.0,0.0,1.0,1.0,1.0,1.0,0.04787,0.85,0.2,0.5,1.0,1.0,1.0,0.0,1.0,0.5,0.5,0.5,0.5,0.5,0.5,0.13263,0.7,0.33333,0.0,1.0,0.0,0.0,0.1,0.04,0.0,0.98153,1.0,1.0,0.91111,1.0,0.5,0.0,0.90869,1.0,0.11111,1.0,0.7227,0.5,0.0,0.66667,1.0,0.5,0.7,1.0,1.0,0.5,0.5,0.5,1.0,1.0,0.5,0.5,0.5,0.0,0.0,1.0,1.0,1.0,1.0,0.04787,0.7,0.2,0.5,1.0,1.0,1.0,0.0,0.5,0.0,0.0,0.0,0.0,0.7,0.7,0.13263,0.7,0.33333,0.0,1.0,0.0,0.0,0.1,0.04,0.0,0.96345,1.0,0.95556,0.91111,1.0,1.0,1.0,0.69847,0.9701,0.22222,0.63417,0.46431,0.0,0.0,0.5,0.66667,1.0,0.5,1.0,1.0,0.5,0.5,0.5,1.0,1.0,0.5,0.5,0.5,0.0,0.0,1.0,1.0,1.0,1.0,0.04787,0.5,0.2,1.0,0.0,1.0,1.0,1.0,1.0,0.0,0.0,0.0,1.0,0.9,0.9,0.13263,0.7,0.33333,0.0,1.0,0.0,0.0,0.1,0.04,0.0,0.98308,1.0,0.86667,0.95556,0.86667,0.95556,0.0,0.56352,0.89447,0.22222,1.0,1.0,1.0,0.0,1.0,0.88889,0.88889,0.8,1.0,1.0,0.5,0.5,0.5,1.0,1.0,0.5,0.5,0.5,0.0,0.0,1.0,1.0,1.0,1.0,0.04787,0.8,0.2,1.0,1.0,1.0,1.0,0.0,0.88889,0.0,0.0,0.0,0.0,0.7,0.7,0.13263,0.7,0.33333,0.0,1.0,0.0,0.0,0.1,0.04,0.0,0.98153,1.0,1.0,0.91111,1.0,1.0,0.0,0.64663,0.92376,0.11111,1.0,0.7227,0.5,0.0,0.66667,1.0,1.0,0.0,1.0,1.0,0.5,0.5,0.5,1.0,1.0,0.5,0.5,0.5,0.0,0.0,1.0,1.0,1.0,1.0,0.04787,1.0,0.1,0.0,1.0,0.0,1.0,0.0,1.0
0.0,0.0,0.0,0.0,0.4,0.4,0.0,0.1,0.4,0.0,1.0,0.0,0.0,0.18,0.04,0.99894,0.0,1.0,1.0,1.0,1.0,1.0,0.0,0.0001,1.0,0.0,0.0,0.0,0.0,0.0,1.0,0.88889,1.0,1.0,0.8,0.75336,0.28235,0.39106,0.24,1.0,1.0,1.0,0.53405,0.63675,0.0,0.01117,1.0,1.0,1.0,1.0,0.53405,0.0,0.3,1.0,1.0,0.0,1.0,0.0,1.0,0.0,0.5,0.0,0.5,0.1,0.5,0.0,0.1,0.4,0.0,1.0,0.0,1.0,0.18,0.04,0.99256,0.0,1.0,1.0,1.0,1.0,1.0,0.0,0.89577,1.0,0.11111,0.0,0.0,0.0,0.0,0.95222,1.0,1.0,1.0,0.8,0.75336,0.28235,0.28235,0.28235,1.0,1.0,0.5,0.5,0.5,0.0,0.0,1.0,1.0,1.0,1.0,0.53405,0.0,0.4,1.0,1.0,0.0,1.0,0.0,1.0,0.0,0.0,0.0,0.0,0.4,0.4,0.0,0.1,0.4,0.0,1.0,0.0,0.0,0.18,0.04,0.98719,0.0,1.0,1.0,1.0,1.0,1.0,1.0,0.89772,1.0,0.11111,0.0,0.0,0.0,0.0,0.95222,1.0,0.88889,1.0,0.8,0.75336,0.28235,0.61973,0.28235,1.0,1.0,0.5,0.5,0.5,0.0,0.0,1.0,1.0,1.0,1.0,0.53405,0.0,0.3,0.75,1.0,0.0,1.0,0.0,1.0,0.5,0.5,0.5,0.5,0.5,0.5,0.0,0.1,0.4,0.0,1.0,0.0,0.0,0.18,0.04,0.99696,0.0,1.0,1.0,1.0,1.0,0.5,0.0,0.83632,1.0,0.11111,0.0,0.0,0.0,0.0,0.95222,1.0,0.5,1.0,0.8,0.75336,0.28235,0.5,0.28235,1.0,1.0,0.5,0.5,0.5,0.0,0.0,1.0,1.0,1.0,1.0,0.53405,0.0,0.3,0.75,1.0,0.0,1.0,0.0,0.5,0.0,0.0,0.0,0.0,0.5,0.4,0.0,0.1,0.4,0.0,1.0,0.0,0.0,0.18,0.04,0.99256,0.0,1.0,1.0,1.0,1.0,0.91111,0.0,0.74356,1.0,0.0,0.0,0.0,0.0,0.0,1.0,0.88889,1.0,1.0,0.8,0.75336,0.28235,0.5,0.28235,1.0,1.0,0.5,0.5,0.5,0.0,0.0,1.0,1.0,1.0,1.0,0.53405,0.0,0.3,1.0,1.0,0.0,1.0,0.0,1.0,0.5,0.5,0.5,0.5,0.5,0.5,0.0,0.1,0.4,0.0,1.0,0.0,0.0,0.18,0.04,0.98671,0.0,1.0,1.0,1.0,1.0,0.5,1.0,0.8771,1.0,0.11111,0.0,0.0,0.0,0.0,0.95222,1.0,0.5,1.0,0.8,0.75336,0.28235,0.5,0.28235,1.0,1.0,0.5,0.5,0.5,0.0,0.0,1.0,1.0,1.0,1.0,0.53405,0.0,0.3,0.75,1.0,0.0,1.0,0.0,0.5,0.0,0.0,0.0,0.0,0.4,0.4,0.0,0.1,0.4,0.0,1.0,0.0,0.0,0.18,0.04,0.98465,0.0,1.0,1.0,1.0,1.0,1.0,0.0,0.52179,0.82824,0.0,0.0,0.0,0.0,0.0,1.0,0.88889,1.0,1.0,0.8,0.75336,0.28235,0.23334,0.28235,1.0,1.0,0.5,0.5,0.5,0.0,0.0,1.0,1.0,1.0,1.0,0.53405,0.0,0.3,1.0,1.0,0.0,1.0,0.0,1.0,0.5,0.5,0.5,0.5,0.5,0.5,0.0,0.1,0.4,0.0,1.0,0.0,0.0,0.18,0.04,0.99256,0.0,1.0,1.0,1.0,1.0,0.5,0.0,0.89577,1.0,0.11111,0.0,0.0,0.0,0.0,0.95222,1.0,0.5,1.0,0.8,0.75336,0.28235,0.5,0.28235,1.0,1.0,0.5,0.5,0.5,0.0,0.0,1.0,1.0,1.0,1.0,0.53405,0.0,0.4,1.0,1.0,0.0,1.0,0.0,0.5
1.0,1.0,1.0,1.0,0.4,0.4,0.04641,0.3,0.2,0.0,1.0,0.0,0.0,0.43,0.0,0.87022,0.0,1.0,1.0,1.0,1.0,0.46667,0.0,0.0001,1.0,0.0,0.47157,0.28802,0.16667,0.0,0.95864,1.0,0.44444,1.0,1.0,1.0,0.5,0.5,0.5,1.0,1.0,0.5,0.5,0.5,0.24759,0.03349,0.0,1.0,1.0,0.5,0.5,1.0,0.0,0.0,1.0,1.0,1.0,0.83333,1.0,0.0,0.5,0.0,0.5,0.3,0.5,0.04641,0.3,0.2,0.0,1.0,0.0,1.0,0.43,0.0,0.87022,0.0,1.0,1.0,1.0,1.0,1.0,1.0,0.96869,1.0,0.0,0.47157,0.28802,0.16667,0.0,0.95864,1.0,1.0,0.8,1.0,1.0,0.5,0.5,0.5,1.0,1.0,0.5,0.5,0.5,0.0,0.0,1.0,1.0,1.0,0.5,0.5,0.2,0.6,0.83333,0.8,1.0,1.0,0.83333,1.0,0.5,0.5,0.5,0.5,0.5,0.5,0.04641,0.3,0.2,0.0,1.0,0.0,0.0,0.43,0.0,0.87022,0.0,1.0,1.0,1.0,1.0,0.5,0.0,0.86256,1.0,0.11111,0.43749,0.28802,0.2,0.0,0.99508,0.88889,0.5,0.8,1.0,1.0,0.5,0.5,0.5,1.0,1.0,0.5,0.5,0.5,0.32524,0.01,0.6,1.0,1.0,0.5,0.5,0.6,0.5,0.8,0.75,1.0,1.0,1.0,0.5,0.5,0.5,0.5,0.5,0.5,0.5,0.04641,0.3,0.2,0.0,1.0,0.0,0.0,0.43,0.0,0.87022,0.0,1.0,1.0,1.0,1.0,0.5,1.0,0.68335,0.88747,0.11111,0.43749,0.28802,0.2,0.0,0.99508,0.88889,0.5,0.65,1.0,1.0,0.5,0.5,0.5,1.0,1.0,0.5,0.5,0.5,0.0,0.0,1.0,1.0,1.0,0.5,0.5,0.35,0.5,0.8,0.75,1.0,1.0,1.0,0.5,0.5,0.5,0.5,0.5,0.5,0.5,0.04641,0.3,0.2,0.0,1.0,0.0,0.0,0.43,0.0,0.87022,0.0,1.0,1.0,1.0,1.0,0.5,0.0,0.62227,1.0,0.11111,0.43749,0.28802,0.2,1.0,0.99508,0.88889,0.5,0.7,1.0,1.0,0.5,0.5,0.5,1.0,1.0,0.5,0.5,0.5,0.0,0.0,1.0,1.0,1.0,0.5,0.5,0.3,0.6,1.0,0.8,1.0,1.0,1.0,0.5,0.5,0.5,0.5,0.5,0.5,0.5,0.04641,0.3,0.2,0.0,1.0,0.0,0.0,0.43,0.0,0.87022,0.0,1.0,1.0,1.0,1.0,0.5,1.0,0.91562,1.0,0.0,0.47157,0.28802,0.16667,0.0,0.95864,1.0,0.5,0.5,1.0,1.0,0.5,0.5,0.5,1.0,1.0,0.5,0.5,0.5,0.0,0.0,1.0,1.0,1.0,0.5,0.5,0.5,0.5,0.66667,0.75,1.0,1.0,0.83333,0.5,1.0,0.0,0.0,0.0,0.4,0.3,0.04641,0.3,0.2,0.0,1.0,0.0,0.0,0.43,0.0,0.87022,0.0,1.0,1.0,1.0,1.0,1.0,0.0,0.8216,1.0,0.11111,0.41714,0.28802,0.0,0.0,0.9584,0.88889,1.0,0.8,1.0,1.0,0.5,0.5,0.5,1.0,1.0,0.5,0.5,0.5,0.0,0.0,1.0,1.0,1.0,0.5,0.5,0.2,0.6,1.0,0.6,1.0,1.0,0.8,1.0,0.5,0.5,0.5,0.5,0.5,0.5,0.04641,0.3,0.2,0.0,1.0,0.0,0.0,0.43,0.0,0.87022,0.0,1.0,1.0,1.0,1.0,0.5,1.0,0.96869,1.0,0.0,0.47157,0.28802,0.16667,0.0,0.95864,1.0,0.5,0.0,1.0,1.0,0.5,0.5,0.5,1.0,1.0,0.5,0.5,0.5,0.0,0.0,1.0,1.0,1.0,0.5,0.5,1.0,0.1,0.0,1.0,1.0,1.0,0.83333,0.5
1.0,1.0,1.0,1.0,0.4,0.4,0.03365,0.3,0.6,0.0,1.0,0.0,0.0,0.38,0.0,0.99863,0.0,1.0,1.0,1.0,1.0,0.46667,0.0,0.0001,1.0,0.0,0.33795,0.208,0.16667,0.0,0.98888,0.88889,0.44444,1.0,1.0,1.0,0.5,0.5,0.5,1.0,1.0,0.5,0.5,0.5,0.42625,0.08053,0.0,1.0,1.0,0.5,0.5,1.0,0.0,0.0,1.0,1.0,1.0,0.66667,1.0,1.0,1.0,0.0,0.0,0.3,0.3,0.03365,0.3,0.6,0.0,1.0,0.0,0.0,0.38,0.0,0.99863,0.0,1.0,1.0,1.0,1.0,1.0,1.0,0.99166,1.0,0.0,0.33795,0.208,0.16667,0.0,0.98888,0.88889,1.0,0.8,1.0,1.0,0.5,0.5,0.5,1.0,1.0,0.5,0.5,0.5,0.0,0.0,1.0,1.0,1.0,0.5,0.5,0.2,0.6,0.83333,0.6,1.0,1.0,0.66667,1.0,0.5,0.5,0.5,0.5,0.5,0.5,0.03365,0.3,0.6,0.0,1.0,0.0,0.0,0.38,0.0,0.99863,0.0,1.0,1.0,1.0,1.0,0.5,0.0,0.8559,1.0,0.11111,0.31477,0.208,0.2,0.0,0.99377,0.77778,0.5,0.8,1.0,1.0,0.5,0.5,0.5,1.0,1.0,0.5,0.5,0.5,0.17086,0.03213,0.6,1.0,1.0,0.5,0.5,0.6,0.4,0.6,0.33333,1.0,1.0,0.8,0.5,0.5,0.5,0.5,0.5,0.5,0.5,0.03365,0.3,0.6,0.0,1.0,0.0,0.0,0.38,0.0,0.99863,0.0,1.0,1.0,1.0,1.0,0.5,1.0,0.81955,1.0,0.11111,0.30175,0.208,0.0,0.0,0.99148,0.77778,0.5,0.65,1.0,1.0,0.5,0.5,0.5,1.0,1.0,0.5,0.5,0.5,0.0,0.0,1.0,1.0,1.0,0.5,0.5,0.35,0.5,0.8,0.5,1.0,1.0,0.6,0.5,0.0,0.5,0.0,0.5,0.3,0.5,0.03365,0.3,0.6,0.0,1.0,0.0,1.0,0.38,0.0,0.99863,0.0,1.0,1.0,1.0,1.0,1.0,0.0,0.73392,1.0,0.11111,0.35469,0.208,0.2,1.0,0.98455,1.0,1.0,0.7,1.0,1.0,0.5,0.5,0.5,1.0,1.0,0.5,0.5,0.5,0.0,0.0,1.0,1.0,1.0,0.5,0.5,0.3,0.6,1.0,0.6,1.0,1.0,0.8,1.0,1.0,1.0,0.0,0.0,0.3,0.3,0.03365,0.3,0.6,0.0,1.0,0.0,0.0,0.38,0.0,0.99863,0.0,1.0,1.0,1.0,1.0,1.0,1.0,0.93733,1.0,0.0,0.33795,0.208,0.16667,0.0,0.98888,0.88889,1.0,0.5,1.0,1.0,0.5,0.5,0.5,1.0,1.0,0.5,0.5,0.5,0.0,0.0,1.0,1.0,1.0,0.5,0.5,0.5,0.6,0.83333,0.6,1.0,1.0,0.66667,1.0,1.0,1.0,0.0,0.0,0.3,0.3,0.03365,0.3,0.6,0.0,1.0,0.0,0.0,0.38,0.0,0.99863,0.0,1.0,1.0,1.0,1.0,1.0,0.0,0.7984,1.0,0.0,0.33795,0.208,0.16667,0.0,0.98888,0.88889,1.0,0.8,1.0,1.0,0.5,0.5,0.5,1.0,1.0,0.5,0.5,0.5,0.0,0.0,1.0,1.0,1.0,0.5,0.5,0.2,0.6,0.83333,0.6,1.0,1.0,0.66667,1.0,0.5,0.5,0.5,0.5,0.5,0.5,0.03365,0.3,0.6,0.0,1.0,0.0,0.0,0.38,0.0,0.99863,0.0,1.0,1.0,1.0,1.0,0.5,1.0,0.99166,1.0,0.0,0.33795,0.208,0.16667,0.0,0.98888,0.88889,0.5,0.0,1.0,1.0,0.5,0.5,0.5,1.0,1.0,0.5,0.5,0.5,0.0,0.0,1.0,1.0,1.0,0.5,0.5,1.0,0.1,0.0,1.0,1.0,1.0,0.66667,0.5
1.0,1.0,1.0,1.0,0.4,0.4,0.03581,0.3,0.63333,0.0,1.0,0.0,0.0,0.4,0.0,0.99924,0.0,1.0,1.0,1.0,1.0,0.46667,0.0,0.0001,1.0,0.0,0.35915,0.21867,0.16667,0.0,0.99061,1.0,0.44444,1.0,1.0,1.0,0.5,0.5,0.5,1.0,1.0,0.5,0.5,0.5,0.43355,0.07876,0.0,1.0,1.0,0.5,0.5,1.0,0.0,0.0,1.0,1.0,1.0,0.83333,1.0,1.0,1.0,0.0,0.0,0.3,0.3,0.03581,0.3,0.63333,0.0,1.0,0.0,0.0,0.4,0.0,0.99924,0.0,1.0,1.0,1.0,1.0,1.0,1.0,0.99441,1.0,0.0,0.35915,0.21867,0.16667,0.0,0.99061,1.0,1.0,0.8,1.0,1.0,0.5,0.5,0.5,1.0,1.0,0.5,0.5,0.5,0.0,0.0,1.0,1.0,1.0,0.5,0.5,0.2,0.6,0.83333,1.0,1.0,1.0,0.83333,1.0,0.5,0.5,0.5,0.5,0.5,0.5,0.03581,0.3,0.63333,0.0,1.0,0.0,0.0,0.4,0.0,0.99924,0.0,1.0,1.0,1.0,1.0,0.5,0.0,0.8536,1.0,0.11111,0.33417,0.21867,0.2,0.0,0.99482,0.88889,0.5,0.8,1.0,1.0,0.5,0.5,0.5,1.0,1.0,0.5,0.5,0.5,0.08703,0.20328,0.6,1.0,1.0,0.5,0.5,0.6,0.5,0.8,1.0,1.0,1.0,0.8,0.5,0.5,0.5,0.5,0.5,0.5,0.5,0.03581,0.3,0.63333,0.0,1.0,0.0,0.0,0.4,0.0,0.99924,0.0,1.0,1.0,1.0,1.0,0.5,1.0,0.82183,1.0,0.0,0.35915,0.21867,0.16667,0.0,0.99061,1.0,0.5,0.65,1.0,1.0,0.5,0.5,0.5,1.0,1.0,0.5,0.5,0.5,0.0,0.0,1.0,1.0,1.0,0.5,0.5,0.35,0.6,0.83333,1.0,1.0,1.0,0.83333,0.5,0.0,1.0,0.0,0.0,0.3,0.3,0.03581,0.3,0.63333,0.0,1.0,0.0,0.0,0.4,0.0,0.99924,0.0,1.0,1.0,1.0,1.0,1.0,0.0,0.73379,1.0,0.11111,0.37718,0.21867,0.2,1.0,0.98676,0.88889,1.0,0.7,1.0,1.0,0.5,0.5,0.5,1.0,1.0,0.5,0.5,0.5,0.0,0.0,1.0,1.0,1.0,0.5,0.5,0.3,0.6,1.0,1.0,1.0,1.0,1.0,1.0,1.0,0.5,1.0,0.5,0.3,0.5,0.03581,0.3,0.63333,0.0,1.0,0.0,1.0,0.4,0.0,0.99924,0.0,1.0,1.0,1.0,1.0,1.0,1.0,0.93993,1.0,0.0,0.35915,0.21867,0.16667,0.0,0.99061,1.0,1.0,0.5,1.0,1.0,0.5,0.5,0.5,1.0,1.0,0.5,0.5,0.5,0.0,0.0,1.0,1.0,1.0,0.5,0.5,0.5,0.6,0.83333,1.0,1.0,1.0,0.83333,1.0,1.0,1.0,0.0,0.0,0.3,0.3,0.03581,0.3,0.63333,0.0,1.0,0.0,0.0,0.4,0.0,0.99924,0.0,1.0,1.0,1.0,1.0,1.0,0.0,0.79566,1.0,0.0,0.35915,0.21867,0.16667,0.0,0.99061,1.0,1.0,0.8,1.0,1.0,0.5,0.5,0.5,1.0,1.0,0.5,0.5,0.5,0.0,0.0,1.0,1.0,1.0,0.5,0.5,0.2,0.6,0.83333,1.0,1.0,1.0,0.83333,1.0,0.5,0.5,0.5,0.5,0.5,0.5,0.03581,0.3,0.63333,0.0,1.0,0.0,0.0,0.4,0.0,0.99924,0.0,1.0,1.0,1.0,1.0,0.5,1.0,0.99441,1.0,0.0,0.35915,0.21867,0.16667,0.0,0.99061,1.0,0.5,0.0,1.0,1.0,0.5,0.5,0.5,1.0,1.0,0.5,0.5,0.5,0.0,0.0,1.0,1.0,1.0,0.5,0.5,1.0,0.1,0.0,1.0,1.0,1.0,0.83333,0.5
1.0,1.0,1.0,1.0,0.4,0.4,0.03499,0.3,0.66667,0.0,1.0,0.0,0.0,0.35,0.0,0.9995,0.0,1.0,1.0,1.0,1.0,0.46667,0.0,0.0001,1.0,0.0,0.35049,0.21528,0.16667,0.0,0.99173,1.0,0.44444,1.0,1.0,1.0,0.5,0.5,0.5,1.0,1.0,0.5,0.5,0.5,0.29968,0.07945,0.0,1.0,1.0,0.5,0.5,1.0,0.0,0.0,1.0,1.0,1.0,0.83333,1.0,1.0,1.0,0.0,0.0,0.3,0.3,0.03499,0.3,0.66667,0.0,1.0,0.0,0.0,0.35,0.0,0.9995,0.0,1.0,1.0,1.0,1.0,1.0,1.0,0.99664,1.0,0.0,0.35049,0.21528,0.16667,0.0,0.99173,1.0,1.0,0.8,1.0,1.0,0.5,0.5,0.5,1.0,1.0,0.5,0.5,0.5,0.0,0.0,1.0,1.0,1.0,0.5,0.5,0.2,0.6,0.83333,0.8,1.0,1.0,0.83333,1.0,0.5,0.5,0.5,0.5,0.5,0.5,0.03499,0.3,0.66667,0.0,1.0,0.0,0.0,0.35,0.0,0.9995,0.0,1.0,1.0,1.0,1.0,0.5,1.0,0.85425,1.0,0.11111,0.32665,0.21528,0.2,0.0,0.99588,0.88889,0.5,0.8,1.0,1.0,0.5,0.5,0.5,1.0,1.0,0.5,0.5,0.5,0.08588,0.18511,0.6,1.0,1.0,0.5,0.5,0.6,0.5,0.8,0.75,1.0,1.0,0.8,0.5,0.5,0.5,0.5,0.5,0.5,0.5,0.03499,0.3,0.66667,0.0,1.0,0.0,0.0,0.35,0.0,0.9995,0.0,1.0,1.0,1.0,1.0,0.5,1.0,0.82367,1.0,0.0,0.35049,0.21528,0.16667,0.0,0.99173,1.0,0.5,0.65,1.0,1.0,0.5,0.5,0.5,1.0,1.0,0.5,0.5,0.5,0.0,0.0,1.0,1.0,1.0,0.5,0.5,0.35,0.6,0.83333,0.8,1.0,1.0,0.83333,0.5,0.0,1.0,0.0,0.0,0.3,0.3,0.03499,0.3,0.66667,0.0,1.0,0.0,0.0,0.35,0.0,0.9995,0.0,1.0,1.0,1.0,1.0,1.0,0.0,0.73161,1.0,0.11111,0.36743,0.21528,0.2,1.0,0.98781,0.88889,1.0,0.7,1.0,1.0,0.5,0.5,0.5,1.0,1.0,0.5,0.5,0.5,0.0,0.0,1.0,1.0,1.0,0.5,0.5,0.3,0.6,1.0,0.8,1.0,1.0,1.0,1.0,1.0,0.5,0.0,0.5,0.3,0.5,0.03499,0.3,0.66667,0.0,1.0,0.0,1.0,0.35,0.0,0.9995,0.0,1.0,1.0,1.0,1.0,1.0,1.0,0.94204,1.0,0.0,0.35049,0.21528,0.16667,0.0,0.99173,1.0,1.0,0.5,1.0,1.0,0.5,0.5,0.5,1.0,1.0,0.5,0.5,0.5,0.02957,0.0,0.5,1.0,1.0,0.5,0.5,1.0,0.1,0.0,1.0,1.0,1.0,0.83333,1.0,1.0,1.0,0.0,0.0,0.3,0.3,0.03499,0.3,0.66667,0.0,1.0,0.0,0.0,0.35,0.0,0.9995,0.0,1.0,1.0,1.0,1.0,1.0,0.0,0.79345,1.0,0.0,0.35049,0.21528,0.16667,0.0,0.99173,1.0,1.0,0.8,1.0,1.0,0.5,0.5,0.5,1.0,1.0,0.5,0.5,0.5,0.0,0.0,1.0,1.0,1.0,0.5,0.5,0.2,0.6,0.83333,0.8,1.0,1.0,0.83333,1.0,0.5,0.5,0.5,0.5,0.5,0.5,0.03499,0.3,0.66667,0.0,1.0,0.0,0.0,0.35,0.0,0.9995,0.0,1.0,1.0,1.0,1.0,0.5,1.0,0.99664,1.0,0.0,0.35049,0.21528,0.16667,0.0,0.99173,1.0,0.5,0.0,1.0,1.0,0.5,0.5,0.5,1.0,1.0,0.5,0.5,0.5,0.0,0.0,1.0,1.0,1.0,0.5,0.5,1.0,0.1,0.0,1.0,1.0,1.0,0.83333,0.5
1.0,1.0,1.0,1.0,0.4,0.4,0.03802,0.3,0.7,0.0,1.0,0.0,0.0,0.35,0.01,0.02785,0.0,1.0,1.0,1.0,1.0,0.46667,0.0,0.0001,1.0,0.0,0.37819,0.23116,0.16667,0.0,0.99181,1.0,0.44444,1.0,1.0,1.0,0.5,0.5,0.5,1.0,1.0,0.5,0.5,0.5,0.09597,0.32478,0.0,1.0,1.0,0.21014,0.6375,1.0,0.0,0.0,1.0,0.0,1.0,0.0,1.0,1.0,1.0,0.0,0.0,0.3,0.3,0.03802,0.3,0.7,0.0,1.0,0.0,0.0,0.35,0.01,0.41494,0.0,1.0,1.0,1.0,1.0,1.0,0.0,0.98961,1.0,0.0,0.37819,0.23116,0.16667,0.0,0.99181,1.0,1.0,0.8,1.0,1.0,0.5,0.5,0.5,1.0,1.0,0.5,0.5,0.5,0.0,0.0,1.0,1.0,1.0,0.21014,0.6375,0.2,0.6,0.83333,0.8,1.0,1.0,0.0,1.0,0.5,0.5,0.5,0.5,0.5,0.5,0.03802,0.3,0.7,0.0,1.0,0.0,0.0,0.35,0.01,0.73959,0.0,1.0,1.0,1.0,1.0,0.5,1.0,0.95826,1.0,0.11111,0.39553,0.23116,0.2,0.0,0.98815,0.88889,0.5,0.8,1.0,1.0,0.5,0.5,0.5,1.0,1.0,0.5,0.5,0.5,0.08842,0.03282,0.6,1.0,1.0,0.21014,0.6375,0.6,0.5,0.8,1.0,1.0,1.0,0.0,0.5,0.5,0.5,0.5,0.5,0.5,0.5,0.03802,0.3,0.7,0.0,1.0,0.0,0.0,0.35,0.01,0.08064,0.0,1.0,1.0,1.0,1.0,0.5,1.0,0.83508,1.0,0.0,0.37819,0.23116,0.16667,0.0,0.99181,1.0,0.5,0.65,1.0,1.0,0.5,0.5,0.5,1.0,1.0,0.5,0.5,0.5,0.0,0.0,1.0,1.0,1.0,0.21014,0.6375,0.35,0.6,0.83333,0.8,1.0,1.0,0.0,0.5,0.0,1.0,0.0,0.0,0.3,0.3,0.03802,0.3,0.7,0.0,1.0,0.0,0.0,0.35,0.01,0.41494,0.0,1.0,1.0,1.0,1.0,1.0,0.0,0.72594,1.0,0.11111,0.39553,0.23116,0.2,0.0,0.98815,0.88889,1.0,0.7,1.0,1.0,0.5,0.5,0.5,1.0,1.0,0.5,0.5,0.5,0.0,0.0,1.0,1.0,1.0,0.21014,0.6375,0.3,0.5,0.8,0.75,1.0,1.0,0.0,1.0,1.0,0.5,1.0,0.5,0.3,0.5,0.03802,0.3,0.7,0.0,1.0,0.0,1.0,0.35,0.01,0.76931,0.0,1.0,1.0,1.0,1.0,1.0,1.0,0.95509,1.0,0.0,0.37819,0.23116,0.16667,0.0,0.99181,1.0,1.0,0.5,1.0,1.0,0.5,0.5,0.5,1.0,1.0,0.21014,0.6375,0.5,0.0,0.08294,1.0,1.0,1.0,0.21014,0.6375,0.5,0.6,0.83333,0.8,1.0,1.0,0.0,1.0,1.0,1.0,0.0,0.0,0.3,0.3,0.03802,0.3,0.7,0.0,1.0,0.0,0.0,0.35,0.01,0.90022,0.0,1.0,1.0,1.0,1.0,1.0,1.0,0.92032,1.0,0.11111,0.39553,0.23116,0.2,0.0,0.98815,0.88889,0.88889,0.8,1.0,1.0,0.5,0.5,0.5,1.0,1.0,0.5,0.5,0.5,0.0,0.0,1.0,1.0,1.0,0.21014,0.6375,0.2,0.6,1.0,0.8,1.0,1.0,0.0,1.0,0.5,0.5,0.5,0.5,0.5,0.5,0.03802,0.3,0.7,0.0,1.0,0.0,0.0,0.35,0.01,0.41494,0.0,1.0,1.0,1.0,1.0,0.5,0.0,0.98961,1.0,0.0,0.37819,0.23116,0.16667,0.0,0.99181,1.0,0.5,0.0,1.0,1.0,0.5,0.5,0.5,1.0,1.0,0.5,0.5,0.5,0.0,0.0,1.0,1.0,1.0,0.21014,0.6375,1.0,0.1,0.0,1.0,0.0,1.0,0.0,0.5
0.5,0.5,0.5,0.5,0.5,0.5,0.06973,0.2,0.23333,0.0,1.0,0.0,0.0,0.35,0.04,0.81308,0.0,1.0,1.0,1.0,1.0,0.5,0.0,0.0001,1.0,0.11111,0.74547,0.58095,0.0,0.0,1.0,0.88889,0.5,1.0,1.0,1.0,0.5,0.5,0.5,1.0,1.0,0.5,0.5,0.5,0.12456,0.0,0.0,1.0,1.0,1.0,1.0,1.0,0.0,0.0,1.0,0.0,1.0,0.0,0.5,1.0,0.5,1.0,0.5,0.2,0.5,0.06973,0.2,0.23333,0.0,1.0,0.0,1.0,0.35,0.04,0.85013,0.0,1.0,1.0,1.0,1.0,1.0,0.0,0.73755,1.0,0.22222,0.75703,0.58095,0.0,0.0,0.85124,1.0,0.77778,0.7,1.0,1.0,0.5,0.5,0.5,1.0,1.0,1.0,1.0,0.5,0.86514,0.0,0.3,1.0,1.0,1.0,1.0,1.0,0.1,0.0,1.0,0.0,1.0,0.0,1.0,1.0,1.0,1.0,1.0,0.3,0.3,0.06973,0.2,0.23333,0.0,1.0,0.0,0.0,0.35,0.04,0.88137,0.0,1.0,1.0,1.0,1.0,0.64444,1.0,0.86337,1.0,0.22222,0.75703,0.58095,0.0,0.0,0.85124,1.0,0.55556,0.7,1.0,1.0,0.5,0.5,0.5,1.0,1.0,0.5,0.5,0.5,0.86514,0.0,0.4,1.0,1.0,1.0,1.0,0.9,0.3,0.5,1.0,1.0,1.0,0.0,0.66667,0.5,0.5,0.5,0.5,0.5,0.5,0.06973,0.2,0.23333,0.0,1.0,0.0,0.0,0.35,0.04,0.81812,0.0,1.0,1.0,1.0,1.0,0.5,1.0,0.78314,1.0,0.22222,0.63944,0.40756,0.0,0.0,0.88363,0.77778,0.5,0.65,1.0,1.0,0.5,0.5,0.5,1.0,1.0,0.5,0.5,0.5,0.0,0.0,1.0,1.0,1.0,1.0,1.0,0.35,0.4,0.75,1.0,1.0,1.0,0.0,0.5,1.0,1.0,0.0,0.0,0.3,0.3,0.06973,0.2,0.23333,0.0,1.0,0.0,0.0,0.35,0.04,0.85013,0.0,1.0,1.0,1.0,1.0,0.75556,0.0,0.87496,1.0,0.11111,0.74547,0.58095,0.0,0.0,1.0,0.88889,0.88889,0.65,1.0,1.0,0.5,0.5,0.5,1.0,1.0,0.5,0.5,0.5,0.0,1.0,1.0,1.0,1.0,1.0,1.0,0.35,0.4,1.0,1.0,1.0,1.0,0.0,1.0,0.5,0.5,0.5,0.5,0.5,0.5,0.06973,0.2,0.23333,0.0,1.0,0.0,0.0,0.35,0.04,0.88424,0.0,1.0,1.0,1.0,1.0,0.5,1.0,0.72621,1.0,0.22222,0.75703,0.58095,0.0,0.0,0.85124,1.0,0.5,0.5,1.0,1.0,0.5,0.5,0.5,1.0,1.0,0.5,0.5,0.5,0.0,0.0,1.0,1.0,1.0,1.0,1.0,0.5,0.4,0.75,1.0,1.0,1.0,0.0,0.5,0.0,0.0,0.0,0.0,0.2,0.2,0.06973,0.2,0.23333,0.0,1.0,0.0,0.0,0.35,0.04,0.89688,0.0,1.0,1.0,1.0,1.0,1.0,0.0,0.35272,0.55987,0.11111,0.74547,0.58095,0.0,0.0,1.0,0.88889,1.0,0.5,1.0,1.0,0.5,0.17098,0.5,1.0,1.0,0.5,0.5,0.5,0.0,0.0,1.0,1.0,1.0,1.0,1.0,0.5,0.4,1.0,1.0,1.0,1.0,0.0,1.0,0.5,0.5,0.5,0.5,0.5,0.5,0.06973,0.2,0.23333,0.0,1.0,0.0,0.0,0.35,0.04,0.85013,0.0,1.0,1.0,1.0,1.0,0.5,0.0,0.73755,1.0,0.22222,0.75703,0.58095,0.0,0.0,0.85124,1.0,0.5,0.7,1.0,1.0,0.5,0.5,0.5,1.0,1.0,0.5,0.5,0.5,0.86514,0.0,0.3,1.0,1.0,1.0,1.0,1.0,0.1,0.0,1.0,0.0,1.0,0.0,0.5
0.0,0.5,0.0,0.5,0.9,0.5,0.12146,0.9,0.06667,0.0,1.0,0.0,1.0,0.1,0.0,0.5,0.5,1.0,1.0,1.0,1.0,1.0,1.0,0.0001,1.0,0.0,1.0,1.0,1.0,0.0,1.0,1.0,1.0,0.5,1.0,1.0,0.5,0.5,0.5,1.0,1.0,0.5,0.5,0.5,0.5,0.5,1.0,1.0,1.0,0.5,0.5,1.0,0.1,1.0,1.0,1.0,1.0,1.0,1.0,0.5,0.5,0.5,0.5,0.5,0.5,0.12146,0.9,0.06667,0.0,1.0,0.0,0.0,0.1,0.0,0.5,0.5,1.0,1.0,1.0,1.0,0.5,1.0,0.55869,0.79813,0.11111,1.0,1.0,1.0,1.0,1.0,0.88889,0.5,0.8,1.0,1.0,0.5,0.5,0.5,1.0,1.0,0.5,0.5,0.5,0.5,0.5,1.0,1.0,1.0,0.5,0.5,0.55,0.2,1.0,1.0,1.0,1.0,0.0,0.5,0.5,0.5,0.5,0.5,0.5,0.5,0.12146,0.9,0.06667,0.0,1.0,0.0,0.0,0.1,0.0,0.5,0.5,1.0,1.0,1.0,1.0,0.5,1.0,0.58216,1.0,0.11111,1.0,1.0,1.0,1.0,1.0,0.88889,0.5,0.8,1.0,1.0,0.5,0.5,0.5,1.0,1.0,0.5,0.5,0.5,0.5,0.5,1.0,1.0,1.0,0.5,0.5,0.75,0.2,1.0,1.0,1.0,1.0,0.0,0.5,0.5,0.5,0.5,0.5,0.5,0.5,0.12146,0.9,0.06667,0.0,1.0,0.0,0.0,0.1,0.0,0.5,0.5,1.0,1.0,1.0,1.0,0.5,1.0,0.55158,0.71633,0.11111,1.0,1.0,1.0,1.0,1.0,0.88889,0.5,0.65,1.0,1.0,0.5,0.5,0.5,1.0,1.0,0.5,0.5,0.5,0.5,0.5,1.0,1.0,1.0,0.5,0.5,0.85,0.2,1.0,1.0,1.0,1.0,0.0,0.5,0.5,0.5,0.5,0.5,0.5,0.5,0.12146,0.9,0.06667,0.0,1.0,0.0,0.0,0.1,0.0,0.5,0.5,1.0,1.0,1.0,1.0,0.5,1.0,0.63093,1.0,0.11111,1.0,1.0,1.0,1.0,1.0,0.88889,0.5,0.7,1.0,1.0,0.5,0.5,0.5,1.0,1.0,0.5,0.5,0.5,0.5,0.5,1.0,1.0,1.0,0.5,0.5,0.55,0.2,1.0,1.0,1.0,1.0,0.0,0.5,0.5,0.5,0.5,0.5,0.5,0.5,0.12146,0.9,0.06667,0.0,1.0,0.0,0.0,0.1,0.0,0.5,0.5,1.0,1.0,1.0,1.0,0.5,1.0,0.02846,0.03953,0.0,1.0,1.0,1.0,0.0,1.0,1.0,0.5,0.5,1.0,1.0,0.5,0.5,0.5,1.0,1.0,0.5,0.5,0.5,0.5,0.5,1.0,1.0,1.0,0.5,0.5,1.0,0.1,1.0,1.0,1.0,1.0,1.0,0.5,0.5,0.5,0.5,0.5,0.5,0.5,0.12146,0.9,0.06667,0.0,1.0,0.0,0.0,0.1,0.0,0.5,0.5,1.0,1.0,1.0,1.0,0.5,1.0,0.03717,0.059,0.0,1.0,1.0,1.0,0.0,1.0,1.0,0.5,0.8,1.0,1.0,0.5,0.5,0.5,1.0,1.0,0.5,0.5,0.5,0.5,0.5,1.0,1.0,1.0,0.5,0.5,1.0,0.1,1.0,1.0,1.0,1.0,1.0,0.5,0.5,0.5,0.5,0.5,0.5,0.5,0.12146,0.9,0.06667,0.0,1.0,0.0,0.0,0.1,0.0,0.5,0.5,1.0,1.0,1.0,1.0,0.5,1.0,0.55869,0.79813,0.11111,1.0,1.0,1.0,1.0,1.0,0.88889,0.5,0.0,1.0,1.0,0.5,0.5,0.5,1.0,1.0,0.5,0.5,0.5,0.5,0.5,1.0,1.0,1.0,0.5,0.5,1.0,0.1,0.0,1.0,1.0,1.0,0.0,0.5
0.0,0.0,0.0,0.0,0.9,0.8,0.1035,0.6,0.3,0.0,1.0,0.0,0.0,0.5,0.0,0.94726,0.0,1.0,1.0,1.0,1.0,0.53333,0.0,0.0001,1.0,0.0,0.99449,0.77477,0.33333,0.0,0.91931,1.0,0.66667,1.0,1.0,1.0,0.5,0.5,0.5,1.0,1.0,0.5,0.5,0.5,0.28182,0.00316,0.0,1.0,1.0,0.5,0.5,1.0,0.0,0.0,1.0,1.0,1.0,0.66667,1.0,0.5,0.5,0.5,0.5,0.5,0.5,0.1035,0.6,0.3,0.0,1.0,0.0,0.0,0.5,0.0,0.94726,0.0,1.0,1.0,1.0,1.0,0.5,1.0,0.77228,1.0,0.11111,1.0,0.77477,0.5,0.0,0.937,0.88889,0.5,0.8,1.0,1.0,0.5,0.5,0.5,1.0,1.0,0.5,0.5,0.5,0.0,0.0,1.0,1.0,1.0,0.5,0.5,0.2,0.5,1.0,0.5,1.0,1.0,0.5,0.5,0.5,0.5,0.5,0.5,0.5,0.5,0.1035,0.6,0.3,0.0,1.0,0.0,0.0,0.5,0.0,0.94726,0.0,1.0,1.0,1.0,1.0,0.5,1.0,0.92027,1.0,0.11111,1.0,0.77477,0.5,0.0,0.937,0.88889,0.5,0.8,1.0,1.0,0.5,0.5,0.5,1.0,1.0,0.5,0.5,0.5,0.0,0.0,1.0,1.0,1.0,0.5,0.5,0.2,0.3,0.5,0.5,1.0,1.0,0.5,0.5,0.5,0.5,0.5,0.5,0.5,0.5,0.1035,0.6,0.3,0.0,1.0,0.0,0.0,0.5,0.0,0.94726,0.0,1.0,1.0,1.0,1.0,0.5,1.0,0.72997,0.94801,0.11111,1.0,0.77477,0.5,0.0,0.937,0.88889,0.5,0.65,1.0,1.0,0.5,0.5,0.5,1.0,1.0,0.5,0.5,0.5,0.0,0.0,1.0,1.0,1.0,0.5,0.5,0.35,0.4,0.75,0.33333,1.0,1.0,0.5,0.5,0.0,0.5,0.0,0.5,0.6,0.5,0.1035,0.6,0.3,0.0,1.0,0.0,1.0,0.5,0.0,0.94726,0.0,1.0,1.0,1.0,1.0,1.0,1.0,0.92014,1.0,0.0,0.99449,0.77477,0.33333,0.0,0.91931,1.0,1.0,0.7,1.0,1.0,0.5,0.5,0.5,1.0,1.0,0.5,0.5,0.5,0.0,0.0,1.0,1.0,1.0,0.5,0.5,0.3,0.3,0.66667,0.0,1.0,1.0,0.66667,1.0,0.0,0.0,0.0,0.0,0.8,0.7,0.1035,0.6,0.3,0.0,1.0,0.0,0.0,0.5,0.0,0.94726,0.0,1.0,1.0,1.0,1.0,0.53333,1.0,0.75898,1.0,0.11111,1.0,0.77477,0.5,0.0,0.937,0.88889,0.55556,0.5,1.0,1.0,0.5,0.5,0.5,1.0,1.0,0.5,0.5,0.5,0.0,0.0,1.0,1.0,1.0,0.5,0.5,0.5,0.4,0.75,0.33333,1.0,1.0,0.5,1.0,0.5,0.5,0.5,0.5,0.5,0.5,0.1035,0.6,0.3,0.0,1.0,0.0,0.0,0.5,0.0,0.94726,0.0,1.0,1.0,1.0,1.0,0.5,1.0,0.82876,1.0,0.11111,1.0,0.77477,0.5,0.0,0.937,0.88889,0.5,0.8,1.0,1.0,0.5,0.5,0.5,1.0,1.0,0.5,0.5,0.5,0.0,0.0,1.0,1.0,1.0,0.5,0.5,0.2,0.5,1.0,0.5,1.0,1.0,0.5,0.5,1.0,1.0,1.0,1.0,0.9,0.9,0.1035,0.6,0.3,0.0,1.0,0.0,0.0,0.5,0.0,0.94726,0.0,1.0,1.0,1.0,1.0,0.91111,1.0,0.77228,1.0,0.11111,1.0,0.77477,0.5,0.0,0.937,0.88889,0.77778,0.0,1.0,1.0,0.5,0.5,0.5,1.0,1.0,0.5,0.5,0.5,0.0,0.0,1.0,1.0,1.0,0.5,0.5,1.0,0.1,0.0,1.0,1.0,1.0,0.5,1.0
1.0,0.5,1.0,0.5,0.9,0.5,0.21893,0.9,0.06667,0.0,1.0,0.0,1.0,0.15,0.0,0.5,0.5,0.84444,0.71111,1.0,1.0,0.84444,1.0,0.0001,1.0,0.0,1.0,1.0,1.0,0.0,1.0,1.0,1.0,1.0,1.0,1.0,0.5,0.5,0.5,1.0,1.0,0.5,0.5,0.5,0.5,0.5,0.0,1.0,1.0,0.5,0.5,1.0,0.0,0.0,1.0,1.0,1.0,1.0,1.0,0.5,0.5,0.5,0.5,0.5,0.5,0.21893,0.9,0.06667,0.0,1.0,0.0,0.0,0.15,0.0,0.5,0.5,0.84444,0.71111,1.0,1.0,0.5,1.0,0.62151,0.88787,0.11111,1.0,1.0,1.0,1.0,1.0,0.88889,0.5,0.8,1.0,1.0,0.5,0.5,0.5,1.0,1.0,0.5,0.5,0.5,0.5,0.5,1.0,1.0,1.0,0.5,0.5,0.65,0.2,1.0,1.0,1.0,1.0,0.0,0.5,0.5,0.5,0.5,0.5,0.5,0.5,0.21893,0.9,0.06667,0.0,1.0,0.0,0.0,0.15,0.0,0.5,0.5,0.84444,0.71111,1.0,1.0,0.5,1.0,0.67763,1.0,0.11111,1.0,1.0,1.0,1.0,1.0,0.88889,0.5,0.8,1.0,1.0,0.5,0.5,0.5,1.0,1.0,0.5,0.5,0.5,0.5,0.5,1.0,1.0,1.0,0.5,0.5,0.8,0.2,1.0,1.0,1.0,1.0,0.0,0.5,0.5,0.5,0.5,0.5,0.5,0.5,0.21893,0.9,0.06667,0.0,1.0,0.0,0.0,0.15,0.0,0.5,0.5,0.84444,0.71111,1.0,1.0,0.5,1.0,0.61515,0.79889,0.11111,1.0,1.0,1.0,1.0,1.0,0.88889,0.5,0.65,1.0,1.0,0.5,0.5,0.5,1.0,1.0,0.5,0.5,0.5,0.5,0.5,1.0,1.0,1.0,0.5,0.5,0.85,0.2,1.0,1.0,1.0,1.0,0.0,0.5,0.5,0.5,0.5,0.5,0.5,0.5,0.21893,0.9,0.06667,0.0,1.0,0.0,0.0,0.15,0.0,0.5,0.5,0.84444,0.71111,1.0,1.0,0.5,1.0,0.79953,1.0,0.11111,1.0,1.0,1.0,1.0,1.0,0.88889,0.5,0.7,1.0,1.0,0.5,0.5,0.5,1.0,1.0,0.5,0.5,0.5,0.5,0.5,1.0,1.0,1.0,0.5,0.5,0.65,0.2,1.0,1.0,1.0,1.0,0.0,0.5,0.5,0.5,0.5,0.5,0.5,0.5,0.21893,0.9,0.06667,0.0,1.0,0.0,0.0,0.15,0.0,0.5,0.5,0.84444,0.71111,1.0,1.0,0.5,1.0,0.09246,0.12842,0.0,1.0,1.0,1.0,0.0,1.0,1.0,0.5,0.5,1.0,1.0,0.5,0.5,0.5,1.0,1.0,0.5,0.5,0.5,0.5,0.5,1.0,1.0,1.0,0.5,0.5,1.0,0.1,1.0,1.0,1.0,1.0,1.0,0.5,0.5,0.5,0.5,0.5,0.5,0.5,0.21893,0.9,0.06667,0.0,1.0,0.0,0.0,0.15,0.0,0.5,0.5,0.84444,0.71111,1.0,1.0,0.5,1.0,0.12076,0.19169,0.0,1.0,1.0,1.0,0.0,1.0,1.0,0.5,0.8,1.0,1.0,0.5,0.5,0.5,1.0,1.0,0.5,0.5,0.5,0.5,0.5,1.0,1.0,1.0,0.5,0.5,1.0,0.1,1.0,1.0,1.0,1.0,1.0,0.5,0.5,0.5,0.5,0.5,0.5,0.5,0.21893,0.9,0.06667,0.0,1.0,0.0,0.0,0.15,0.0,0.5,0.5,0.84444,0.71111,1.0,1.0,0.5,1.0,0.62151,0.88787,0.11111,1.0,1.0,1.0,1.0,1.0,0.88889,0.5,0.0,1.0,1.0,0.5,0.5,0.5,1.0,1.0,0.5,0.5,0.5,0.5,0.5,1.0,1.0,1.0,0.5,0.5,1.0,0.1,0.0,1.0,1.0,1.0,0.0,0.5
0.5,0.5,0.5,0.5,0.5,0.5,0.07567,0.4,0.0,0.88235,1.0,0.0,0.0,0.42,0.0,0.0,0.99931,1.0,1.0,1.0,1.0,0.5,0.0,0.0001,1.0,0.0,0.70387,0.56254,0.2,0.0,0.99846,1.0,0.5,1.0,1.0,1.0,0.5,0.5,0.5,1.0,1.0,0.5,0.5,0.5,0.17812,0.44665,0.0,1.0,1.0,0.5,0.5,1.0,0.0,0.0,1.0,1.0,1.0,1.0,0.5,0.0,0.5,0.0,0.5,0.4,0.5,0.07567,0.4,0.0,0.88235,1.0,0.0,1.0,0.42,0.0,0.0,0.99931,1.0,1.0,1.0,1.0,1.0,1.0,0.84912,1.0,0.0,0.70387,0.56254,0.2,0.0,0.99846,1.0,1.0,0.8,1.0,1.0,0.5,0.5,0.5,1.0,1.0,0.5,0.5,0.5,0.0,0.0,1.0,1.0,1.0,0.5,0.5,0.2,0.6,1.0,0.8,1.0,1.0,1.0,1.0,1.0,1.0,0.0,1.0,0.5,0.6,0.07567,0.4,0.0,0.88235,1.0,0.0,0.0,0.42,0.0,0.0,0.99931,1.0,1.0,1.0,1.0,0.4,0.0,0.68428,1.0,0.0,0.70387,0.56254,0.2,0.0,0.99846,1.0,1.0,0.8,1.0,1.0,0.5,0.5,0.5,1.0,1.0,0.5,0.5,0.5,0.07124,0.17863,0.6,1.0,1.0,0.5,0.5,0.6,0.5,0.8,0.75,1.0,1.0,1.0,1.0,0.5,0.5,0.5,0.5,0.5,0.5,0.07567,0.4,0.0,0.88235,1.0,0.0,0.0,0.42,0.0,0.0,0.99931,1.0,1.0,1.0,1.0,0.5,0.0,0.92435,1.0,0.11111,0.74963,0.56254,0.33333,1.0,0.99861,0.88889,0.5,0.65,1.0,1.0,0.5,0.5,0.5,1.0,1.0,0.5,0.5,0.5,0.0,0.0,1.0,1.0,1.0,0.5,0.5,0.35,0.6,0.83333,0.8,1.0,1.0,0.83333,0.5,0.0,0.0,0.0,0.0,0.4,0.4,0.07567,0.4,0.0,0.88235,1.0,0.0,0.0,0.42,0.0,0.0,0.99931,1.0,1.0,1.0,1.0,0.86667,1.0,0.79677,1.0,0.11111,0.73156,0.56254,0.25,1.0,0.99925,0.88889,0.88889,0.7,1.0,1.0,0.5,0.5,0.5,1.0,1.0,0.5,0.5,0.5,0.0,0.0,1.0,1.0,1.0,0.5,0.5,0.3,0.5,1.0,0.75,1.0,1.0,1.0,1.0,0.5,0.5,0.5,0.5,0.5,0.5,0.07567,0.4,0.0,0.88235,1.0,0.0,0.0,0.42,0.0,0.0,0.99931,1.0,1.0,1.0,1.0,0.5,1.0,0.8026,1.0,0.0,0.70387,0.56254,0.2,0.0,0.99846,1.0,0.5,0.5,1.0,1.0,0.5,0.5,0.5,1.0,1.0,0.5,0.5,0.5,0.08906,0.2233,0.5,1.0,1.0,0.5,0.5,1.0,0.1,0.0,1.0,1.0,1.0,1.0,0.5,1.0,1.0,1.0,0.0,0.3,0.4,0.07567,0.4,0.0,0.88235,1.0,0.0,0.0,0.42,0.0,0.0,0.99931,1.0,1.0,1.0,1.0,1.0,0.0,0.95284,1.0,0.0,0.70387,0.56254,0.2,0.0,0.99846,1.0,1.0,0.8,1.0,1.0,0.5,0.5,0.5,1.0,1.0,0.5,0.5,0.5,0.0,0.0,1.0,1.0,1.0,0.5,0.5,0.2,0.6,1.0,0.8,1.0,1.0,1.0,1.0,1.0,1.0,1.0,0.0,0.6,0.4,0.07567,0.4,0.0,0.88235,1.0,0.0,0.0,0.42,0.0,0.0,0.99931,1.0,1.0,1.0,1.0,0.86667,1.0,0.84912,1.0,0.0,0.70387,0.56254,0.2,0.0,0.99846,1.0,0.88889,0.0,1.0,1.0,0.5,0.5,0.5,1.0,1.0,0.5,0.5,0.5,0.0,0.0,1.0,1.0,1.0,0.5,0.5,1.0,0.1,0.0,1.0,1.0,1.0,1.0,1.0
0.0,0.5,0.0,0.5,0.7,0.5,0.11765,0.7,0.06667,0.0,1.0,0.0,1.0,0.1,0.0,0.5,0.5,1.0,1.0,1.0,1.0,1.0,1.0,0.0001,1.0,0.0,1.0,1.0,1.0,0.0,1.0,1.0,1.0,0.5,1.0,1.0,0.5,0.5,0.5,1.0,1.0,0.5,0.5,0.5,0.5,0.5,0.55,1.0,1.0,0.5,0.5,1.0,0.1,1.0,1.0,1.0,1.0,1.0,1.0,0.5,0.5,0.5,0.5,0.5,0.5,0.11765,0.7,0.06667,0.0,1.0,0.0,0.0,0.1,0.0,0.5,0.5,1.0,1.0,1.0,1.0,0.5,1.0,0.56171,0.80245,0.11111,1.0,1.0,1.0,1.0,1.0,0.88889,0.5,0.8,1.0,1.0,0.5,0.5,0.5,1.0,1.0,0.5,0.5,0.5,0.5,0.5,1.0,1.0,1.0,0.5,0.5,0.5,0.2,1.0,1.0,1.0,1.0,0.0,0.5,0.5,0.5,0.5,0.5,0.5,0.5,0.11765,0.7,0.06667,0.0,1.0,0.0,0.0,0.1,0.0,0.5,0.5,1.0,1.0,1.0,1.0,0.5,1.0,0.58582,1.0,0.11111,1.0,1.0,1.0,1.0,1.0,0.88889,0.5,0.8,1.0,1.0,0.5,0.5,0.5,1.0,1.0,0.5,0.5,0.5,0.5,0.5,1.0,1.0,1.0,0.5,0.5,0.7,0.2,1.0,1.0,1.0,1.0,0.0,0.5,0.5,0.5,0.5,0.5,0.5,0.5,0.11765,0.7,0.06667,0.0,1.0,0.0,0.0,0.1,0.0,0.5,0.5,1.0,1.0,1.0,1.0,0.5,1.0,0.55437,0.71996,0.11111,1.0,1.0,1.0,1.0,1.0,0.88889,0.5,0.65,1.0,1.0,0.5,0.5,0.5,1.0,1.0,0.5,0.5,0.5,0.5,0.5,1.0,1.0,1.0,0.5,0.5,0.8,0.2,1.0,1.0,1.0,1.0,0.0,0.5,0.5,0.5,0.5,0.5,0.5,0.5,0.11765,0.7,0.06667,0.0,1.0,0.0,0.0,0.1,0.0,0.5,0.5,1.0,1.0,1.0,1.0,0.5,1.0,0.63552,1.0,0.11111,1.0,1.0,1.0,1.0,1.0,0.88889,0.5,0.7,1.0,1.0,0.5,0.5,0.5,1.0,1.0,0.5,0.5,0.5,0.5,0.5,1.0,1.0,1.0,0.5,0.5,0.5,0.2,1.0,1.0,1.0,1.0,0.0,0.5,0.5,0.5,0.5,0.5,0.5,0.5,0.11765,0.7,0.06667,0.0,1.0,0.0,0.0,0.1,0.0,0.5,0.5,1.0,1.0,1.0,1.0,0.5,1.0,0.0267,0.03708,0.0,1.0,1.0,1.0,0.0,1.0,1.0,0.5,0.5,1.0,1.0,0.5,0.5,0.5,1.0,1.0,0.5,0.5,0.5,0.5,0.5,1.0,1.0,1.0,0.5,0.5,1.0,0.1,1.0,1.0,1.0,1.0,1.0,0.5,0.5,0.5,0.5,0.5,0.5,0.5,0.11765,0.7,0.06667,0.0,1.0,0.0,0.0,0.1,0.0,0.5,0.5,1.0,1.0,1.0,1.0,0.5,1.0,0.03487,0.05535,0.0,1.0,1.0,1.0,0.0,1.0,1.0,0.5,0.8,1.0,1.0,0.5,0.5,0.5,1.0,1.0,0.5,0.5,0.5,0.5,0.5,1.0,1.0,1.0,0.5,0.5,1.0,0.1,1.0,1.0,1.0,1.0,1.0,0.5,0.5,0.5,0.5,0.5,0.5,0.5,0.11765,0.7,0.06667,0.0,1.0,0.0,0.0,0.1,0.0,0.5,0.5,1.0,1.0,1.0,1.0,0.5,1.0,0.56171,0.80245,0.11111,1.0,1.0,1.0,1.0,1.0,0.88889,0.5,0.0,1.0,1.0,0.5,0.5,0.5,1.0,1.0,0.5,0.5,0.5,0.5,0.5,1.0,1.0,1.0,0.5,0.5,1.0,0.1,0.0,1.0,1.0,1.0,0.0,0.5
0.0,0.5,0.0,0.5,0.8,0.5,0.12835,0.8,0.06667,0.0,1.0,0.0,1.0,0.11,0.0,0.5,0.5,0.97778,1.0,1.0,1.0,0.97778,1.0,0.0001,1.0,0.0,1.0,1.0,1.0,0.0,1.0,1.0,1.0,1.0,1.0,1.0,0.5,0.5,0.5,1.0,1.0,0.5,0.5,0.5,0.5,0.5,0.0,1.0,1.0,0.5,0.5,1.0,0.0,0.0,1.0,1.0,1.0,1.0,1.0,0.5,0.5,0.5,0.5,0.5,0.5,0.12835,0.8,0.06667,0.0,1.0,0.0,0.0,0.11,0.0,0.5,0.5,0.97778,1.0,1.0,1.0,0.5,1.0,0.54468,0.77811,0.11111,1.0,1.0,1.0,1.0,1.0,0.88889,0.5,0.8,1.0,1.0,0.5,0.5,0.5,1.0,1.0,0.5,0.5,0.5,0.5,0.5,1.0,1.0,1.0,0.5,0.5,0.75,0.2,1.0,1.0,1.0,1.0,0.0,0.5,0.5,0.5,0.5,0.5,0.5,0.5,0.12835,0.8,0.06667,0.0,1.0,0.0,0.0,0.11,0.0,0.5,0.5,0.97778,1.0,1.0,1.0,0.5,1.0,0.5642,1.0,0.11111,1.0,1.0,1.0,1.0,1.0,0.88889,0.5,0.8,1.0,1.0,0.5,0.5,0.5,1.0,1.0,0.5,0.5,0.5,0.5,0.5,1.0,1.0,1.0,0.5,0.5,0.85,0.2,1.0,1.0,1.0,1.0,0.0,0.5,0.5,0.5,0.5,0.5,0.5,0.5,0.12835,0.8,0.06667,0.0,1.0,0.0,0.0,0.11,0.0,0.5,0.5,0.97778,1.0,1.0,1.0,0.5,1.0,0.53887,0.69983,0.11111,1.0,1.0,1.0,1.0,1.0,0.88889,0.5,0.65,1.0,1.0,0.5,0.5,0.5,1.0,1.0,0.5,0.5,0.5,0.5,0.5,1.0,1.0,1.0,0.5,0.5,0.9,0.2,1.0,1.0,1.0,1.0,0.0,0.5,0.5,0.5,0.5,0.5,0.5,0.5,0.12835,0.8,0.06667,0.0,1.0,0.0,0.0,0.11,0.0,0.5,0.5,0.97778,1.0,1.0,1.0,0.5,1.0,0.60592,1.0,0.11111,1.0,1.0,1.0,1.0,1.0,0.88889,0.5,0.7,1.0,1.0,0.5,0.5,0.5,1.0,1.0,0.5,0.5,0.5,0.5,0.5,1.0,1.0,1.0,0.5,0.5,0.75,0.2,1.0,1.0,1.0,1.0,0.0,0.5,0.5,0.5,0.5,0.5,0.5,0.5,0.12835,0.8,0.06667,0.0,1.0,0.0,0.0,0.11,0.0,0.5,0.5,0.97778,1.0,1.0,1.0,0.5,1.0,0.54287,0.75398,0.11111,1.0,1.0,1.0,1.0,1.0,0.88889,0.5,0.5,1.0,1.0,0.5,0.5,0.5,1.0,1.0,0.5,0.5,0.5,0.5,0.5,1.0,1.0,1.0,0.5,0.5,0.85,0.2,1.0,1.0,1.0,1.0,0.0,0.5,0.5,0.5,0.5,0.5,0.5,0.5,0.12835,0.8,0.06667,0.0,1.0,0.0,0.0,0.11,0.0,0.5,0.5,0.97778,1.0,1.0,1.0,0.5,1.0,0.0415,0.06588,0.0,1.0,1.0,1.0,0.0,1.0,1.0,0.5,0.8,1.0,1.0,0.5,0.5,0.5,1.0,1.0,0.5,0.5,0.5,0.5,0.5,1.0,1.0,1.0,0.5,0.5,1.0,0.1,1.0,1.0,1.0,1.0,1.0,0.5,0.5,0.5,0.5,0.5,0.5,0.5,0.12835,0.8,0.06667,0.0,1.0,0.0,0.0,0.11,0.0,0.5,0.5,0.97778,1.0,1.0,1.0,0.5,1.0,0.54468,0.77811,0.11111,1.0,1.0,1.0,1.0,1.0,0.88889,0.5,0.0,1.0,1.0,0.5,0.5,0.5,1.0,1.0,0.5,0.5,0.5,0.5,0.5,1.0,1.0,1.0,0.5,0.5,1.0,0.1,0.0,1.0,1.0,1.0,0.0,0.5
1.0,0.0,1.0,1.0,0.93333,0.93333,0.12582,0.93333,0.1,0.0,0.0,0.66667,0.0,0.12444,0.01333,0.03132,0.0,0.84762,0.95238,0.94286,1.0,0.8,0.0,0.0001,1.0,0.0,1.0,1.0,1.0,0.0,1.0,0.64286,1.0,1.0,1.0,1.0,0.5,0.5,0.5,1.0,1.0,0.5,0.5,0.5,0.97394,0.0211,0.0,1.0,1.0,0.5,0.5,1.0,0.0,0.0,1.0,1.0,1.0,1.0,1.0,0.5,0.5,0.5,0.5,0.5,0.5,0.12582,0.93333,0.1,0.0,0.0,0.66667,0.0,0.12444,0.01333,0.45576,0.0,0.84762,0.95238,0.94286,1.0,0.5,1.0,0.71275,1.0,0.35714,1.0,1.0,1.0,0.0,0.95303,1.0,0.5,0.8,1.0,1.0,0.5,0.5,0.5,1.0,1.0,0.5,0.5,0.5,0.0,0.0,1.0,1.0,1.0,0.5,0.5,0.2,0.4,1.0,1.0,0.6,1.0,0.0,0.5,0.0,0.5,0.0,0.5,0.93333,0.5,0.12582,0.93333,0.1,0.0,0.0,0.66667,1.0,0.12444,0.01333,0.79679,0.0,0.84762,0.95238,0.94286,1.0,0.84762,1.0,0.78678,1.0,0.35714,1.0,1.0,1.0,1.0,0.95303,1.0,0.57143,0.4,1.0,1.0,0.5,0.5,0.5,1.0,1.0,0.5,0.5,0.5,0.0,0.0,1.0,1.0,1.0,0.5,0.5,0.6,0.2,0.4,1.0,0.0,1.0,0.0,0.92857,0.5,0.5,0.5,0.5,0.5,0.5,0.12582,0.93333,0.1,0.0,0.0,0.66667,0.0,0.12444,0.01333,0.09039,0.0,0.84762,0.95238,0.94286,1.0,0.5,1.0,0.60212,0.78197,0.07143,1.0,1.0,1.0,0.0,1.0,0.57143,0.5,0.63333,1.0,1.0,0.5,0.5,0.5,1.0,1.0,0.5,0.5,0.5,0.0,0.0,1.0,1.0,1.0,0.5,0.5,0.63333,0.13333,1.0,1.0,1.0,1.0,0.0,0.5,0.5,0.5,0.5,0.5,0.5,0.5,0.12582,0.93333,0.1,0.0,0.0,0.66667,0.0,0.12444,0.01333,0.45576,0.0,0.84762,0.95238,0.94286,1.0,0.5,1.0,0.76825,1.0,0.07143,0.97169,0.94494,0.0,0.0,1.0,0.57143,0.5,0.7,1.0,1.0,0.5,0.5,0.5,1.0,1.0,0.5,0.5,0.5,0.0,0.0,1.0,1.0,1.0,0.5,0.5,0.3,0.13333,1.0,1.0,1.0,1.0,0.0,0.5,0.5,0.5,0.5,0.5,0.5,0.5,0.12582,0.93333,0.1,0.0,0.0,0.66667,0.0,0.12444,0.01333,0.82737,0.0,0.84762,0.95238,0.94286,1.0,0.5,1.0,0.56701,0.78751,0.07143,1.0,1.0,1.0,0.0,1.0,0.57143,0.5,0.5,1.0,1.0,0.5,0.5,0.5,1.0,1.0,0.5,0.5,0.5,0.0,0.0,1.0,1.0,1.0,0.5,0.5,0.7,0.13333,1.0,1.0,1.0,1.0,0.0,0.5,0.5,0.5,0.5,0.5,0.5,0.5,0.12582,0.93333,0.1,0.0,0.0,0.66667,0.0,0.12444,0.01333,0.96076,0.0,0.84762,0.95238,0.94286,1.0,0.5,1.0,0.58033,0.92116,0.07143,1.0,1.0,1.0,0.0,1.0,0.57143,0.5,0.8,1.0,1.0,0.5,0.5,0.5,1.0,1.0,0.5,0.5,0.5,0.0,0.0,1.0,1.0,1.0,0.5,0.5,0.73333,0.13333,1.0,1.0,1.0,1.0,0.0,0.5,0.5,0.5,0.5,0.5,0.5,0.5,0.12582,0.93333,0.1,0.0,0.0,0.66667,0.0,0.12444,0.01333,0.45576,0.0,0.84762,0.95238,0.94286,1.0,0.5,1.0,0.71275,1.0,0.35714,1.0,1.0,1.0,0.0,0.95303,1.0,0.5,0.0,1.0,1.0,0.5,0.5,0.5,1.0,1.0,0.5,0.5,0.5,0.0,0.0,1.0,1.0,1.0,0.5,0.5,1.0,0.06667,0.0,1.0,1.0,1.0,0.0,0.5
1.0,1.0,1.0,0.0,0.8,0.66667,0.0856,0.73333,0.26667,0.0,0.0,0.66667,0.0,0.29333,0.00889,0.0,0.99991,1.0,1.0,0.99048,1.0,0.3619,0.0,0.0001,1.0,0.07143,1.0,0.74397,0.7,0.0,0.96076,0.64286,0.28571,1.0,1.0,1.0,0.5,0.5,0.5,1.0,1.0,0.5,0.5,0.5,0.42006,0.07426,0.0,1.0,1.0,0.5,0.5,1.0,0.0,0.0,1.0,1.0,1.0,0.5,1.0,0.5,0.5,0.5,0.5,0.5,0.5,0.0856,0.73333,0.26667,0.0,0.0,0.66667,0.0,0.29333,0.00889,0.0,0.99858,1.0,1.0,0.99048,1.0,0.5,0.0,0.96105,1.0,0.14286,1.0,0.74397,0.77778,0.0,0.96128,0.71429,0.5,0.8,1.0,1.0,0.5,0.5,0.5,1.0,1.0,0.5,0.5,0.5,0.0,0.0,1.0,1.0,1.0,0.5,0.5,0.2,0.6,0.88889,1.0,1.0,1.0,0.55556,0.5,0.0,0.0,0.0,0.0,0.66667,0.66667,0.0856,0.73333,0.26667,0.0,0.0,0.66667,0.0,0.29333,0.00889,0.0,0.99735,1.0,1.0,0.99048,1.0,0.78095,1.0,0.97313,1.0,0.42857,0.96876,0.74397,0.6,1.0,0.97602,1.0,0.57143,0.8,1.0,1.0,0.5,0.5,0.5,1.0,1.0,0.5,0.5,0.5,0.9652,0.00187,0.83333,1.0,1.0,0.5,0.5,0.36667,0.4,1.0,1.0,1.0,1.0,1.0,1.0,0.5,0.5,0.5,0.5,0.5,0.5,0.0856,0.73333,0.26667,0.0,0.0,0.66667,0.0,0.29333,0.00889,0.0,0.99973,1.0,1.0,0.99048,1.0,0.5,0.0,0.98058,1.0,0.14286,1.0,0.74397,0.66667,0.0,0.9623,0.71429,0.5,0.63333,1.0,1.0,0.5,0.5,0.5,1.0,1.0,0.5,0.5,0.5,0.0,0.0,1.0,1.0,1.0,0.5,0.5,0.36667,0.4,0.55556,1.0,1.0,1.0,0.55556,0.5,1.0,0.5,0.0,0.5,0.73333,0.5,0.0856,0.73333,0.26667,0.0,0.0,0.66667,1.0,0.29333,0.00889,0.0,0.99858,1.0,1.0,0.99048,1.0,1.0,0.0,0.84874,1.0,0.42857,0.96876,0.74397,0.6,0.0,0.97602,1.0,1.0,0.7,1.0,1.0,0.5,0.5,0.5,1.0,1.0,0.5,0.5,0.5,0.0,0.0,1.0,1.0,1.0,0.5,0.5,0.3,0.4,1.0,1.0,1.0,1.0,1.0,1.0,0.5,0.5,0.5,0.5,0.5,0.5,0.0856,0.73333,0.26667,0.0,0.0,0.66667,0.0,0.29333,0.00889,0.0,0.99724,1.0,1.0,0.99048,1.0,0.5,0.0,0.91592,1.0,0.14286,1.0,0.74397,0.66667,0.0,0.9623,0.71429,0.5,0.5,1.0,1.0,0.5,0.5,0.5,1.0,1.0,0.5,0.5,0.5,0.0,0.0,1.0,1.0,1.0,0.5,0.5,0.5,0.4,0.55556,1.0,1.0,1.0,0.55556,0.5,0.5,0.5,0.5,0.5,0.5,0.5,0.0856,0.73333,0.26667,0.0,0.0,0.66667,0.0,0.29333,0.00889,0.0,0.99671,1.0,1.0,0.99048,1.0,0.5,1.0,0.86672,1.0,0.42857,0.96876,0.74397,0.6,1.0,0.97602,1.0,0.5,0.8,1.0,1.0,0.5,0.5,0.5,1.0,1.0,0.5,0.5,0.5,0.0,0.0,1.0,1.0,1.0,0.5,0.5,0.2,0.4,1.0,1.0,1.0,1.0,1.0,0.5,0.5,0.5,0.5,0.5,0.5,0.5,0.0856,0.73333,0.26667,0.0,0.0,0.66667,0.0,0.29333,0.00889,0.0,0.99858,1.0,1.0,0.99048,1.0,0.5,0.0,0.96105,1.0,0.14286,1.0,0.74397,0.77778,0.0,0.96128,0.71429,0.5,0.0,1.0,1.0,0.5,0.5,0.5,1.0,1.0,0.5,0.5,0.5,0.0,0.0,1.0,1.0,1.0,0.5,0.5,1.0,0.06667,0.0,1.0,1.0,1.0,0.55556,0.5
0.0,0.5,0.0,0.5,0.4,0.5,0.05308,0.4,0.06667,0.0,0.0,0.66667,1.0,0.09333,0.0,0.5,0.5,0.97143,0.97143,1.0,1.0,0.97143,1.0,0.0001,1.0,0.0,1.0,1.0,1.0,0.0,1.0,1.0,1.0,1.0,1.0,1.0,0.5,0.5,0.5,1.0,1.0,0.5,0.5,0.5,0.5,0.5,0.0,1.0,1.0,0.5,0.5,1.0,0.0,0.0,1.0,1.0,1.0,1.0,1.0,0.5,0.5,0.5,0.5,0.5,0.5,0.05308,0.4,0.06667,0.0,0.0,0.66667,0.0,0.09333,0.0,0.5,0.5,0.97143,0.97143,1.0,1.0,0.5,1.0,0.52618,0.75169,0.07143,1.0,1.0,1.0,1.0,1.0,0.92857,0.5,0.8,1.0,1.0,0.5,0.5,0.5,1.0,1.0,0.5,0.5,0.5,0.5,0.5,1.0,1.0,1.0,0.5,0.5,0.43333,0.13333,1.0,1.0,1.0,1.0,0.0,0.5,0.5,0.5,0.5,0.5,0.5,0.5,0.05308,0.4,0.06667,0.0,0.0,0.66667,0.0,0.09333,0.0,0.5,0.5,0.97143,0.97143,1.0,1.0,0.5,1.0,0.53489,0.97253,0.07143,1.0,1.0,1.0,1.0,1.0,0.92857,0.5,0.8,1.0,1.0,0.5,0.5,0.5,1.0,1.0,0.5,0.5,0.5,0.5,0.5,1.0,1.0,1.0,0.5,0.5,0.66667,0.13333,1.0,1.0,1.0,1.0,0.0,0.5,0.5,0.5,0.5,0.5,0.5,0.5,0.05308,0.4,0.06667,0.0,0.0,0.66667,0.0,0.09333,0.0,0.5,0.5,0.97143,0.97143,1.0,1.0,0.5,1.0,0.52343,0.67978,0.07143,1.0,1.0,1.0,1.0,1.0,0.92857,0.5,0.63333,1.0,1.0,0.5,0.5,0.5,1.0,1.0,0.5,0.5,0.5,0.5,0.5,1.0,1.0,1.0,0.5,0.5,0.76667,0.13333,1.0,1.0,1.0,1.0,0.0,0.5,0.5,0.5,0.5,0.5,0.5,0.5,0.05308,0.4,0.06667,0.0,0.0,0.66667,0.0,0.09333,0.0,0.5,0.5,0.97143,0.97143,1.0,1.0,0.5,1.0,0.66354,1.0,0.07143,0.65382,0.48568,0.0,1.0,1.0,0.92857,0.5,0.7,1.0,1.0,0.5,0.5,0.5,1.0,1.0,0.5,0.5,0.5,0.5,0.5,1.0,1.0,1.0,0.5,0.5,0.3,0.13333,1.0,1.0,1.0,1.0,0.0,0.5,0.5,0.5,0.5,0.5,0.5,0.5,0.05308,0.4,0.06667,0.0,0.0,0.66667,0.0,0.09333,0.0,0.5,0.5,0.97143,0.97143,1.0,1.0,0.5,1.0,0.52533,0.72963,0.07143,1.0,1.0,1.0,1.0,1.0,0.92857,0.5,0.5,1.0,1.0,0.5,0.5,0.5,1.0,1.0,0.5,0.5,0.5,0.5,0.5,1.0,1.0,1.0,0.5,0.5,0.66667,0.13333,1.0,1.0,1.0,1.0,0.0,0.5,0.5,0.5,0.5,0.5,0.5,0.5,0.05308,0.4,0.06667,0.0,0.0,0.66667,0.0,0.09333,0.0,0.5,0.5,0.97143,0.97143,1.0,1.0,0.5,1.0,0.52965,0.84071,0.07143,1.0,1.0,1.0,1.0,1.0,0.92857,0.5,0.8,1.0,1.0,0.5,0.5,0.5,1.0,1.0,0.5,0.5,0.5,0.5,0.5,1.0,1.0,1.0,0.5,0.5,0.66667,0.13333,1.0,1.0,1.0,1.0,0.0,0.5,0.5,0.5,0.5,0.5,0.5,0.5,0.05308,0.4,0.06667,0.0,0.0,0.66667,0.0,0.09333,0.0,0.5,0.5,0.97143,0.97143,1.0,1.0,0.5,1.0,0.52618,0.75169,0.07143,1.0,1.0,1.0,1.0,1.0,0.92857,0.5,0.0,1.0,1.0,0.5,0.5,0.5,1.0,1.0,0.5,0.5,0.5,0.5,0.5,1.0,1.0,1.0,0.5,0.5,1.0,0.06667,0.0,1.0,1.0,1.0,0.0,0.5
0.5,0.5,0.5,0.5,0.5,0.5,0.00077,0.06667,0.5,0.0,0.0,0.66667,0.0,0.35111,0.01778,0.92716,0.0,1.0,1.0,1.0,1.0,0.5,0.0,0.0001,1.0,0.0,0.04113,0.01633,0.0,0.0,0.9468,0.42857,0.5,1.0,1.0,1.0,0.5,0.5,0.5,1.0,1.0,0.5,0.5,0.5,0.00201,0.58,0.0,1.0,1.0,0.0,0.228,1.0,0.0,0.0,1.0,1.0,1.0,0.0,0.5,0.0,0.5,0.0,0.5,0.06667,0.5,0.00077,0.06667,0.5,0.0,0.0,0.66667,1.0,0.35111,0.01778,0.96985,0.0,1.0,1.0,1.0,1.0,1.0,0.0,0.91634,1.0,0.57143,0.00914,0.00619,0.0,0.0,0.99188,1.0,1.0,0.8,1.0,1.0,0.5,0.5,0.5,1.0,1.0,0.5,0.5,0.5,0.0,0.0,1.0,1.0,1.0,0.0,0.228,1.0,0.06667,0.0,1.0,1.0,1.0,0.0,0.14286,0.0,0.0,0.0,0.0,0.06667,0.06667,0.00077,0.06667,0.5,0.0,0.0,0.66667,0.0,0.35111,0.01778,0.0,0.99259,1.0,1.0,1.0,1.0,0.80952,1.0,0.95831,1.0,0.57143,0.00914,0.00619,0.0,0.0,0.99188,1.0,0.92857,0.0,1.0,1.0,0.5,0.5,0.5,1.0,1.0,0.0,0.228,0.86518,0.0,0.0,1.0,1.0,1.0,0.0,0.228,1.0,0.06667,0.0,1.0,1.0,1.0,0.0,0.14286,0.0,0.0,0.0,0.0,0.06667,0.06667,0.00077,0.06667,0.5,0.0,0.0,0.66667,0.0,0.35111,0.01778,0.93285,0.0,1.0,1.0,1.0,1.0,0.80952,1.0,0.54367,0.70607,0.07143,0.02682,0.01312,0.0,0.0,0.95765,0.35714,0.5,0.0,1.0,1.0,0.5,0.5,0.5,1.0,1.0,0.5,0.5,0.5,0.0,0.0,1.0,1.0,1.0,0.0,0.228,1.0,0.06667,0.0,1.0,1.0,1.0,0.0,1.0,0.0,0.0,0.0,0.0,0.06667,0.06667,0.00077,0.06667,0.5,0.0,0.0,0.66667,0.0,0.35111,0.01778,0.96985,0.0,1.0,1.0,1.0,1.0,0.80952,1.0,0.93388,1.0,0.57143,0.01528,0.00959,0.0,0.0,0.99078,0.14286,0.92857,0.7,1.0,1.0,0.5,0.5,0.5,1.0,1.0,0.5,0.5,0.5,0.0,0.0,1.0,1.0,1.0,0.0,0.228,0.3,0.33333,0.66667,0.25,1.0,1.0,0.0,1.0,0.5,0.5,0.5,0.5,0.5,0.5,0.00077,0.06667,0.5,0.0,0.0,0.66667,0.0,0.35111,0.01778,0.0,0.98913,1.0,1.0,1.0,1.0,0.5,1.0,0.72568,1.0,0.57143,0.01528,0.00959,0.0,0.0,0.99078,0.14286,0.5,0.5,1.0,1.0,0.5,0.5,0.5,1.0,1.0,0.5,0.5,0.5,0.0,0.0,1.0,1.0,1.0,0.0,0.228,0.5,0.4,0.83333,0.2,1.0,1.0,0.0,0.5,0.5,0.5,0.5,0.5,0.5,0.5,0.00077,0.06667,0.5,0.0,0.0,0.66667,0.0,0.35111,0.01778,0.0,0.97398,1.0,1.0,1.0,1.0,0.5,0.0,0.00021,0.00033,0.07143,0.17086,0.09341,0.0,0.0,1.0,0.5,0.5,0.0,1.0,1.0,0.5,0.5,0.5,1.0,1.0,0.5,0.5,0.5,0.0,0.0,1.0,1.0,1.0,0.0,0.228,1.0,0.06667,0.0,1.0,1.0,1.0,0.0,0.5,0.5,0.5,0.5,0.5,0.5,0.5,0.00077,0.06667,0.5,0.0,0.0,0.66667,0.0,0.35111,0.01778,0.96985,0.0,1.0,1.0,1.0,1.0,0.5,0.0,0.91634,1.0,0.57143,0.00914,0.00619,0.0,0.0,0.99188,1.0,0.5,0.0,1.0,1.0,0.5,0.5,0.5,1.0,1.0,0.5,0.5,0.5,0.0,0.0,1.0,1.0,1.0,0.0,0.228,1.0,0.06667,0.0,1.0,1.0,1.0,0.0,0.5
1.0,0.5,1.0,0.5,0.93333,0.5,0.11991,0.93333,0.06667,0.0,0.0,0.66667,1.0,0.07556,0.0,0.5,0.5,0.94286,0.97143,1.0,1.0,0.94286,1.0,0.0001,1.0,0.07143,1.0,1.0,1.0,0.0,1.0,1.0,0.92857,1.0,1.0,1.0,0.5,0.5,0.5,1.0,1.0,0.5,0.5,0.5,0.5,0.5,0.0,1.0,1.0,0.5,0.5,1.0,0.0,0.0,1.0,1.0,1.0,0.0,1.0,0.5,0.5,0.5,0.5,0.5,0.5,0.11991,0.93333,0.06667,0.0,0.0,0.66667,0.0,0.07556,0.0,0.5,0.5,0.94286,0.97143,1.0,1.0,0.5,1.0,0.56097,0.80138,0.14286,1.0,1.0,1.0,1.0,0.66667,0.92857,0.5,0.8,1.0,1.0,0.5,0.5,0.5,1.0,1.0,0.5,0.5,0.5,0.5,0.5,1.0,1.0,1.0,0.5,0.5,0.43333,0.2,1.0,1.0,1.0,1.0,0.0,0.5,0.5,0.5,0.5,0.5,0.5,0.5,0.11991,0.93333,0.06667,0.0,0.0,0.66667,0.0,0.07556,0.0,0.5,0.5,0.94286,0.97143,1.0,1.0,0.5,1.0,0.59024,1.0,0.14286,1.0,1.0,1.0,1.0,0.66667,0.92857,0.5,0.8,1.0,1.0,0.5,0.5,0.5,1.0,1.0,0.5,0.5,0.5,0.5,0.5,1.0,1.0,1.0,0.5,0.5,0.76667,0.13333,0.5,1.0,1.0,1.0,0.0,0.5,0.5,0.5,0.5,0.5,0.5,0.5,0.11991,0.93333,0.06667,0.0,0.0,0.66667,0.0,0.07556,0.0,0.5,0.5,0.94286,0.97143,1.0,1.0,0.5,1.0,0.56648,0.73569,0.14286,1.0,1.0,1.0,1.0,1.0,0.92857,0.5,0.63333,1.0,1.0,0.5,0.5,0.5,1.0,1.0,0.5,0.5,0.5,0.5,0.5,1.0,1.0,1.0,0.5,0.5,0.83333,0.2,1.0,1.0,1.0,1.0,0.0,0.5,0.5,0.5,0.5,0.5,0.5,0.5,0.11991,0.93333,0.06667,0.0,0.0,0.66667,0.0,0.07556,0.0,0.5,0.5,0.94286,0.97143,1.0,1.0,0.5,1.0,0.65451,1.0,0.14286,1.0,1.0,1.0,1.0,0.66667,0.92857,0.5,0.7,1.0,1.0,0.5,0.5,0.5,1.0,1.0,0.5,0.5,0.5,0.5,0.5,1.0,1.0,1.0,0.5,0.5,0.63333,0.13333,0.5,1.0,1.0,1.0,0.0,0.5,0.5,0.5,0.5,0.5,0.5,0.5,0.11991,0.93333,0.06667,0.0,0.0,0.66667,0.0,0.07556,0.0,0.5,0.5,0.94286,0.97143,1.0,1.0,0.5,1.0,0.55829,0.7754,0.14286,1.0,1.0,1.0,1.0,0.66667,0.92857,0.5,0.5,1.0,1.0,0.5,0.5,0.5,1.0,1.0,0.5,0.5,0.5,0.5,0.5,1.0,1.0,1.0,0.5,0.5,0.73333,0.2,1.0,1.0,1.0,1.0,0.0,0.5,0.5,0.5,0.5,0.5,0.5,0.5,0.11991,0.93333,0.06667,0.0,0.0,0.66667,0.0,0.07556,0.0,0.5,0.5,0.94286,0.97143,1.0,1.0,0.5,1.0,0.07502,0.11908,0.07143,1.0,1.0,1.0,0.0,1.0,1.0,0.5,0.8,1.0,1.0,0.5,0.5,0.5,1.0,1.0,0.5,0.5,0.5,0.5,0.5,1.0,1.0,1.0,0.5,0.5,0.8,0.13333,1.0,1.0,1.0,1.0,0.0,0.5,0.5,0.5,0.5,0.5,0.5,0.5,0.11991,0.93333,0.06667,0.0,0.0,0.66667,0.0,0.07556,0.0,0.5,0.5,0.94286,0.97143,1.0,1.0,0.5,1.0,0.56097,0.80138,0.14286,1.0,1.0,1.0,1.0,0.66667,0.92857,0.5,0.0,1.0,1.0,0.5,0.5,0.5,1.0,1.0,0.5,0.5,0.5,0.5,0.5,1.0,1.0,1.0,0.5,0.5,1.0,0.06667,0.0,1.0,1.0,1.0,0.0,0.5
1.0,0.0,1.0,0.0,0.2,0.2,0.10886,0.2,0.46667,0.0,0.5,0.0,0.0,0.6,0.08,0.92495,0.0,1.0,1.0,1.0,1.0,0.7,0.0,0.0001,1.0,0.0,1.0,1.0,1.0,0.0,1.0,0.75,0.25,1.0,1.0,1.0,0.5,0.5,0.5,1.0,1.0,0.75483,1.0,0.94721,0.07372,0.0,0.0,1.0,1.0,0.70766,1.0,1.0,0.0,0.0,1.0,0.0,1.0,1.0,1.0,1.0,0.0,1.0,0.0,0.2,0.2,0.10886,0.2,0.46667,0.0,0.5,0.0,0.0,0.6,0.08,0.93649,0.0,1.0,1.0,1.0,1.0,1.0,0.0,0.69742,0.99631,0.25,0.65304,0.48483,0.0,0.0,0.99567,0.5,1.0,1.0,1.0,1.0,0.5,0.5,0.5,1.0,1.0,0.70766,1.0,0.81945,0.07372,0.0,0.0,1.0,1.0,0.70766,1.0,1.0,0.0,0.0,1.0,0.0,1.0,0.0,1.0,0.0,0.0,0.0,0.0,0.2,0.2,0.10886,0.2,0.46667,0.0,0.5,0.0,0.0,0.6,0.08,0.94737,0.0,1.0,1.0,1.0,1.0,1.0,1.0,0.76411,1.0,0.25,0.65304,0.48483,0.0,0.0,0.99567,0.5,1.0,0.4,1.0,1.0,0.5,0.32755,0.5,1.0,1.0,0.5,0.5,0.5,0.0,0.0,1.0,1.0,1.0,0.70766,1.0,0.6,0.4,1.0,1.0,1.0,1.0,0.0,1.0,0.5,0.5,0.5,0.5,0.5,0.5,0.10886,0.2,0.46667,0.0,0.5,0.0,0.0,0.6,0.08,0.92644,0.0,1.0,1.0,1.0,1.0,0.5,0.0,0.68535,0.89006,0.25,0.63024,0.46011,0.0,0.0,0.98824,1.0,0.5,0.6,1.0,1.0,0.5,0.5,0.5,1.0,1.0,0.5,0.5,0.5,0.0,0.0,1.0,1.0,1.0,0.70766,1.0,0.4,0.4,1.0,1.0,1.0,1.0,0.0,0.5,0.0,0.5,0.0,0.5,0.2,0.5,0.10886,0.2,0.46667,0.0,0.5,0.0,1.0,0.6,0.08,0.93649,0.0,1.0,1.0,1.0,1.0,1.0,0.0,0.91326,1.0,0.25,0.63024,0.46011,0.0,0.0,0.98824,1.0,1.0,0.4,1.0,1.0,0.5,0.5,0.5,1.0,1.0,0.5,0.5,0.5,0.0,0.0,1.0,1.0,1.0,0.70766,1.0,0.6,0.4,1.0,1.0,1.0,1.0,0.0,1.0,0.5,0.5,0.5,0.5,0.5,0.5,0.10886,0.2,0.46667,0.0,0.5,0.0,0.0,0.6,0.08,0.94842,0.0,1.0,1.0,1.0,1.0,0.5,0.0,0.69093,0.95963,0.25,0.65304,0.48483,0.0,0.0,0.99567,0.5,0.5,0.5,1.0,1.0,0.5,0.5,0.5,1.0,1.0,0.5,0.5,0.5,0.0,0.0,1.0,1.0,1.0,0.70766,1.0,0.5,0.4,1.0,1.0,1.0,1.0,0.0,0.5,0.0,0.0,0.0,0.0,0.2,0.2,0.10886,0.2,0.46667,0.0,0.5,0.0,0.0,0.6,0.08,0.95322,0.0,1.0,1.0,1.0,1.0,0.7,0.0,0.72392,1.0,0.25,0.65304,0.48483,0.0,0.0,0.99567,0.5,0.5,0.4,1.0,1.0,0.5,0.5,0.5,1.0,1.0,0.5,0.5,0.5,0.0,0.0,1.0,1.0,1.0,0.70766,1.0,0.6,0.4,1.0,1.0,1.0,1.0,0.0,1.0,0.5,0.5,0.5,0.5,0.5,0.5,0.10886,0.2,0.46667,0.0,0.5,0.0,0.0,0.6,0.08,0.93649,0.0,1.0,1.0,1.0,1.0,0.5,0.0,0.69742,0.99631,0.25,0.65304,0.48483,0.0,0.0,0.99567,0.5,0.5,1.0,1.0,1.0,0.5,0.5,0.5,1.0,1.0,0.5,0.5,0.5,0.07372,0.0,0.0,1.0,1.0,0.70766,1.0,1.0,0.0,0.0,1.0,0.0,1.0,0.0,0.5
1.0,0.0,1.0,0.0,0.2,0.2,0.05289,0.2,0.66667,0.0,0.5,0.0,0.0,0.6,0.08,0.99961,0.0,1.0,1.0,1.0,1.0,0.7,0.0,0.0001,1.0,0.0,1.0,1.0,1.0,0.0,1.0,0.75,0.25,1.0,1.0,1.0,0.5,0.5,0.5,1.0,1.0,0.75483,1.0,0.94721,0.0,0.0,1.0,1.0,1.0,0.70766,1.0,1.0,0.0,0.0,1.0,0.0,1.0,1.0,1.0,1.0,0.0,1.0,0.0,0.2,0.2,0.05289,0.2,0.66667,0.0,0.5,0.0,0.0,0.6,0.08,0.99389,0.0,1.0,1.0,1.0,1.0,1.0,0.0,0.71883,1.0,0.25,0.31668,0.18813,0.0,0.0,0.99034,1.0,1.0,0.8,1.0,1.0,0.5,0.5,0.5,1.0,1.0,0.70766,1.0,0.81945,0.0,0.0,1.0,1.0,1.0,0.70766,1.0,1.0,0.2,0.0,1.0,0.0,1.0,0.0,1.0,0.0,0.0,0.0,0.0,0.2,0.2,0.05289,0.2,0.66667,0.0,0.5,0.0,0.0,0.6,0.08,0.98865,0.0,1.0,1.0,1.0,1.0,1.0,0.0,0.64337,1.0,0.25,0.55057,0.37985,0.0,0.0,0.5,0.5,0.5,0.8,1.0,1.0,0.5,0.32755,0.5,1.0,1.0,0.5,0.5,0.5,0.0,0.0,1.0,1.0,1.0,0.70766,1.0,1.0,0.2,0.0,1.0,0.0,1.0,0.0,1.0,0.5,0.5,0.5,0.5,0.5,0.5,0.05289,0.2,0.66667,0.0,0.5,0.0,0.0,0.6,0.08,0.99886,0.0,1.0,1.0,1.0,1.0,0.5,0.0,0.69745,0.90577,0.25,0.31668,0.18813,0.0,0.0,0.99034,1.0,0.5,0.6,1.0,1.0,0.5,0.5,0.5,1.0,1.0,0.5,0.5,0.5,0.0,0.0,1.0,1.0,1.0,0.70766,1.0,1.0,0.2,0.0,1.0,0.0,1.0,0.0,0.5,0.0,0.0,0.0,0.0,0.2,0.2,0.05289,0.2,0.66667,0.0,0.5,0.0,0.0,0.6,0.08,0.99389,0.0,1.0,1.0,1.0,1.0,1.0,0.0,0.92798,1.0,0.25,0.30299,0.17854,0.0,0.0,0.97582,0.5,1.0,0.7,1.0,1.0,0.5,0.5,0.5,1.0,1.0,0.5,0.5,0.5,0.0,0.0,1.0,1.0,1.0,0.70766,1.0,1.0,0.2,0.0,1.0,0.0,1.0,0.0,1.0,0.0,0.0,0.0,0.0,0.2,0.2,0.05289,0.2,0.66667,0.0,0.5,0.0,0.0,0.6,0.08,0.98815,0.0,1.0,1.0,1.0,1.0,1.0,0.0,0.0054,0.00749,0.0,1.0,1.0,1.0,0.0,1.0,0.75,0.75,0.5,1.0,1.0,0.5,0.5,0.5,1.0,1.0,0.5,0.5,0.5,0.0,0.0,1.0,1.0,1.0,0.70766,1.0,1.0,0.2,1.0,1.0,0.0,1.0,1.0,1.0,0.0,0.0,0.0,0.0,0.2,0.2,0.05289,0.2,0.66667,0.0,0.5,0.0,0.0,0.6,0.08,0.98589,0.0,1.0,1.0,1.0,1.0,1.0,0.0,0.00705,0.01119,0.0,1.0,1.0,1.0,0.0,1.0,0.75,0.75,0.6,1.0,1.0,0.5,0.5,0.5,1.0,1.0,0.5,0.5,0.5,0.0,0.0,1.0,1.0,1.0,0.70766,1.0,1.0,0.2,1.0,1.0,0.0,1.0,1.0,1.0,0.0,0.5,0.0,0.5,0.2,0.5,0.05289,0.2,0.66667,0.0,0.5,0.0,1.0,0.6,0.08,0.99389,0.0,1.0,1.0,1.0,1.0,1.0,0.0,0.71883,1.0,0.25,0.31668,0.18813,0.0,0.0,0.99034,1.0,0.5,0.0,1.0,1.0,0.5,0.5,0.5,1.0,1.0,0.5,0.5,0.5,0.0,0.0,1.0,1.0,1.0,0.70766,1.0,1.0,0.2,0.0,1.0,0.0,1.0,0.0,1.0
1.0,0.0,1.0,0.0,0.4,0.2,0.08831,0.2,0.4,0.0,0.5,0.0,0.0,0.56,0.08,0.64867,0.0,1.0,1.0,1.0,1.0,1.0,0.0,0.0001,1.0,0.0,0.6443,0.46488,0.0,0.0,0.94787,0.75,1.0,0.5,1.0,1.0,0.5,0.5,0.5,1.0,1.0,0.52317,0.83443,0.7001,0.0,0.0,1.0,1.0,1.0,0.52317,0.83443,0.5,0.6,1.0,1.0,1.0,1.0,0.5,1.0,0.0,0.5,0.0,0.5,0.2,0.5,0.08831,0.2,0.4,0.0,0.5,0.0,1.0,0.56,0.08,0.77217,0.0,1.0,1.0,1.0,1.0,1.0,1.0,0.99304,1.0,0.25,0.5091,0.31242,0.0,0.0,0.81183,1.0,1.0,0.5,1.0,1.0,0.5,0.5,0.5,1.0,1.0,0.5,0.5,0.5,0.0,0.0,1.0,1.0,1.0,0.52317,0.83443,0.5,0.6,0.66667,1.0,1.0,1.0,0.33333,1.0,0.0,0.0,0.0,0.0,0.2,0.2,0.08831,0.2,0.4,0.0,0.5,0.0,0.0,0.56,0.08,0.87618,0.0,1.0,1.0,1.0,1.0,1.0,0.0,0.55894,1.0,0.0,0.6443,0.46488,0.0,0.0,0.94787,0.75,1.0,0.5,1.0,1.0,0.5,0.20154,0.5,1.0,1.0,0.5,0.5,0.5,0.0,0.0,1.0,1.0,1.0,0.52317,0.83443,0.5,0.4,0.5,1.0,1.0,1.0,0.5,1.0,0.0,1.0,0.0,1.0,0.2,0.4,0.08831,0.2,0.4,0.0,0.5,0.0,0.0,0.56,0.08,0.66548,0.0,1.0,1.0,1.0,1.0,1.0,0.0,0.28517,0.37036,0.0,0.6443,0.46488,0.0,0.0,0.94787,0.75,0.0,0.6,1.0,1.0,0.5,0.5,0.5,1.0,1.0,0.5,0.5,0.5,0.0,0.0,1.0,1.0,1.0,0.52317,0.83443,0.4,0.6,1.0,1.0,1.0,1.0,0.5,0.5,0.5,0.5,0.5,0.5,0.5,0.5,0.08831,0.2,0.4,0.0,0.5,0.0,0.0,0.56,0.08,0.77217,0.0,1.0,1.0,1.0,1.0,0.5,1.0,0.94482,1.0,0.0,0.6443,0.46488,0.0,0.0,0.94787,0.75,0.5,0.5,1.0,1.0,0.5,0.5,0.5,1.0,1.0,0.5,0.5,0.5,0.0,0.0,1.0,1.0,1.0,0.52317,0.83443,0.5,0.6,1.0,1.0,1.0,1.0,0.5,0.5,0.5,0.5,0.5,0.5,0.5,0.5,0.08831,0.2,0.4,0.0,0.5,0.0,0.0,0.56,0.08,0.88572,0.0,1.0,1.0,1.0,1.0,0.5,0.0,0.32616,0.453,0.0,0.6443,0.46488,0.0,0.0,0.94787,0.75,0.5,0.5,1.0,1.0,0.5,0.5,0.5,1.0,1.0,0.5,0.5,0.5,0.0,0.0,1.0,1.0,1.0,0.52317,0.83443,0.5,0.6,1.0,1.0,1.0,1.0,0.5,0.5,1.0,1.0,1.0,1.0,0.2,0.2,0.08831,0.2,0.4,0.0,0.5,0.0,0.0,0.56,0.08,0.92778,0.0,1.0,1.0,1.0,1.0,0.6,0.0,0.426,0.67619,0.0,0.6443,0.46488,0.0,0.0,0.94787,0.75,0.5,0.4,1.0,1.0,0.5,0.5,0.5,1.0,1.0,0.5,0.5,0.5,0.0,0.0,1.0,1.0,1.0,0.52317,0.83443,0.6,0.6,1.0,1.0,1.0,1.0,0.5,0.5,0.5,0.5,0.5,0.5,0.5,0.5,0.08831,0.2,0.4,0.0,0.5,0.0,0.0,0.56,0.08,0.77217,0.0,1.0,1.0,1.0,1.0,0.5,1.0,0.99304,1.0,0.25,0.5091,0.31242,0.0,0.0,0.81183,1.0,0.5,0.0,1.0,1.0,0.5,0.5,0.5,1.0,1.0,0.5,0.5,0.5,0.0,0.0,1.0,1.0,1.0,0.52317,0.83443,1.0,0.2,0.0,1.0,0.0,1.0,0.33333,0.5
0.0,0.0,0.0,0.0,0.4,0.2,0.17472,0.2,0.76667,0.0,0.5,0.0,0.0,0.44,0.0,0.99285,0.0,1.0,1.0,1.0,1.0,0.8,0.0,0.0001,1.0,0.0,0.95607,0.91583,0.0,0.0,0.99121,1.0,0.75,1.0,1.0,1.0,0.5,0.5,0.5,1.0,1.0,0.5,0.5,0.5,0.0,0.0,1.0,1.0,1.0,0.5,0.5,0.0,0.2,1.0,1.0,1.0,1.0,0.0,1.0,0.5,0.5,0.5,0.5,0.5,0.5,0.17472,0.2,0.76667,0.0,0.5,0.0,0.0,0.44,0.0,0.99285,0.0,1.0,1.0,1.0,1.0,0.5,0.0,0.27263,0.38948,0.0,0.95607,0.91583,0.0,0.0,0.99121,1.0,0.5,0.8,1.0,1.0,0.5,0.5,0.5,1.0,1.0,0.5,0.5,0.5,0.0,0.0,1.0,1.0,1.0,0.5,0.5,0.2,0.4,1.0,1.0,1.0,1.0,0.0,0.5,0.0,1.0,0.0,1.0,0.2,0.2,0.17472,0.2,0.76667,0.0,0.5,0.0,0.0,0.44,0.0,0.99285,0.0,1.0,1.0,1.0,1.0,0.8,0.0,0.9867,1.0,0.25,0.96851,0.91583,0.0,0.0,0.66565,0.75,0.75,0.8,1.0,1.0,0.5,0.5,0.5,1.0,1.0,0.5,0.5,0.5,0.0,0.0,1.0,1.0,1.0,0.5,0.5,1.0,0.2,0.0,1.0,1.0,1.0,0.0,0.0,1.0,1.0,0.0,1.0,0.2,0.2,0.17472,0.2,0.76667,0.0,0.5,0.0,0.0,0.44,0.0,0.99285,0.0,1.0,1.0,1.0,1.0,1.0,0.0,0.22532,0.29262,0.0,0.95607,0.91583,0.0,0.0,0.99121,1.0,0.75,0.6,1.0,1.0,0.5,0.5,0.5,1.0,1.0,0.5,0.5,0.5,0.0,0.0,1.0,1.0,1.0,0.5,0.5,0.6,0.4,1.0,1.0,1.0,1.0,0.0,0.25,0.0,0.0,0.0,0.0,0.2,0.2,0.17472,0.2,0.76667,0.0,0.5,0.0,0.0,0.44,0.0,0.99285,0.0,1.0,1.0,1.0,1.0,0.8,0.0,0.83494,1.0,0.0,0.95607,0.91583,0.0,0.0,0.99121,1.0,1.0,0.7,1.0,1.0,0.5,0.5,0.5,1.0,1.0,0.5,0.5,0.5,0.0,0.0,1.0,1.0,1.0,0.5,0.5,0.3,0.4,1.0,1.0,1.0,1.0,0.0,1.0,0.5,0.5,0.5,0.5,0.5,0.5,0.17472,0.2,0.76667,0.0,0.5,0.0,0.0,0.44,0.0,0.99285,0.0,1.0,1.0,1.0,1.0,0.5,0.0,0.2577,0.35791,0.0,0.95607,0.91583,0.0,0.0,0.99121,1.0,0.5,0.5,1.0,1.0,0.5,0.5,0.5,1.0,1.0,0.5,0.5,0.5,0.0,0.0,1.0,1.0,1.0,0.5,0.5,0.5,0.4,1.0,1.0,1.0,1.0,0.0,0.5,0.0,1.0,0.0,1.0,0.2,0.2,0.17472,0.2,0.76667,0.0,0.5,0.0,0.0,0.44,0.0,0.99285,0.0,1.0,1.0,1.0,1.0,0.8,0.0,0.33658,0.53426,0.0,0.95607,0.91583,0.0,0.0,0.99121,1.0,1.0,0.8,1.0,1.0,0.5,0.5,0.5,1.0,1.0,0.5,0.5,0.5,0.0,0.0,1.0,1.0,1.0,0.5,0.5,0.4,0.4,1.0,1.0,1.0,1.0,0.0,1.0,1.0,0.5,1.0,0.5,0.2,0.5,0.17472,0.2,0.76667,0.0,0.5,0.0,1.0,0.44,0.0,0.99285,0.0,1.0,1.0,1.0,1.0,1.0,0.0,0.27263,0.38948,0.0,0.95607,0.91583,0.0,0.0,0.99121,1.0,1.0,0.0,1.0,1.0,0.5,0.5,0.5,1.0,1.0,0.5,0.5,0.5,0.0,0.0,1.0,1.0,1.0,0.5,0.5,1.0,0.2,0.0,1.0,1.0,1.0,0.0,1.0
1.0,1.0,1.0,0.0,1.0,0.6,0.05924,0.2,0.9,0.0,0.5,0.0,0.0,0.56,0.12,0.9986,0.0,1.0,1.0,1.0,1.0,0.6,0.0,0.0001,1.0,0.0,0.59939,0.42795,0.0,0.0,1.0,0.75,0.75,1.0,1.0,1.0,0.5,0.5,0.5,1.0,1.0,0.5,0.5,0.5,0.04731,0.01025,0.0,1.0,1.0,0.43052,1.0,1.0,0.0,0.0,1.0,0.0,1.0,1.0,1.0,1.0,0.0,0.0,0.0,0.2,0.2,0.05924,0.2,0.9,0.0,0.5,0.0,0.0,0.56,0.12,0.97782,0.0,1.0,1.0,1.0,1.0,1.0,1.0,0.80899,1.0,0.25,0.36162,0.20164,0.0,0.0,0.93292,1.0,1.0,1.0,1.0,1.0,0.5,0.5,0.5,1.0,1.0,0.43052,1.0,0.95302,0.04731,0.01025,0.0,1.0,1.0,0.43052,1.0,1.0,0.0,0.0,1.0,0.0,1.0,0.5,1.0,0.0,0.0,0.0,0.0,0.2,0.2,0.05924,0.2,0.9,0.0,0.5,0.0,0.0,0.56,0.12,0.95834,0.0,1.0,1.0,1.0,1.0,1.0,1.0,0.92768,1.0,0.25,0.36162,0.20164,0.0,0.0,0.93292,1.0,1.0,0.8,1.0,1.0,0.5,0.37472,0.5,1.0,1.0,0.20555,0.55333,1.0,0.03107,0.0,0.2,1.0,1.0,0.43052,1.0,1.0,0.2,0.0,1.0,0.0,1.0,0.5,1.0,0.0,0.0,0.0,0.0,0.2,0.2,0.05924,0.2,0.9,0.0,0.5,0.0,0.0,0.56,0.12,0.99591,0.0,1.0,1.0,1.0,1.0,0.4,1.0,0.77271,1.0,0.25,0.36162,0.20164,0.0,0.0,0.93292,1.0,0.25,0.6,1.0,1.0,0.5,0.5,0.5,1.0,1.0,0.5,0.5,0.5,0.0,0.0,1.0,1.0,1.0,0.43052,1.0,0.4,0.4,0.5,0.0,1.0,1.0,0.5,1.0,0.0,0.5,0.0,0.5,0.2,0.5,0.05924,0.2,0.9,0.0,0.5,0.0,1.0,0.56,0.12,0.97782,0.0,1.0,1.0,1.0,1.0,1.0,0.0,0.82914,1.0,0.25,0.36162,0.20164,0.0,0.0,0.93292,1.0,1.0,0.7,1.0,1.0,0.5,1.0,0.5,1.0,1.0,0.5,0.5,0.5,0.0,0.0,1.0,1.0,1.0,0.43052,1.0,0.3,0.4,0.5,0.0,1.0,1.0,0.5,1.0,0.5,0.5,0.5,0.5,0.5,0.5,0.05924,0.2,0.9,0.0,0.5,0.0,0.0,0.56,0.12,0.95645,0.0,1.0,1.0,1.0,1.0,0.5,0.0,0.07538,0.10469,0.0,0.59939,0.42795,0.0,0.0,1.0,0.75,0.5,0.5,1.0,1.0,0.5,0.5,0.5,1.0,1.0,0.5,0.5,0.5,0.0,0.0,1.0,1.0,1.0,0.43052,1.0,0.5,0.4,1.0,0.0,1.0,1.0,1.0,0.5,0.0,1.0,0.0,0.0,0.2,0.2,0.05924,0.2,0.9,0.0,0.5,0.0,0.0,0.56,0.12,0.9479,0.0,1.0,1.0,1.0,1.0,1.0,0.0,0.09846,0.15628,0.0,0.59939,0.42795,0.0,0.0,1.0,0.75,1.0,0.8,1.0,1.0,0.5,0.63622,0.5,1.0,1.0,0.5,0.5,0.5,0.0,0.0,1.0,1.0,1.0,0.43052,1.0,0.2,0.4,1.0,0.0,1.0,1.0,1.0,1.0,0.5,0.5,0.5,0.5,0.5,0.5,0.05924,0.2,0.9,0.0,0.5,0.0,0.0,0.56,0.12,0.97782,0.0,1.0,1.0,1.0,1.0,0.5,1.0,0.80899,1.0,0.25,0.36162,0.20164,0.0,0.0,0.93292,1.0,0.5,1.0,1.0,1.0,0.5,0.5,0.5,1.0,1.0,0.5,0.5,0.5,0.04731,0.01025,0.0,1.0,1.0,0.43052,1.0,1.0,0.0,0.0,1.0,0.0,1.0,0.5,0.5
1.0,0.5,1.0,0.5,1.0,0.5,0.1152,1.0,0.06667,0.0,1.0,0.0,1.0,0.31,0.0,0.5,0.5,0.93333,0.86667,1.0,1.0,0.93333,1.0,0.0001,1.0,0.0,1.0,1.0,1.0,0.0,1.0,1.0,0.88889,0.55,1.0,1.0,0.5,0.5,0.5,1.0,1.0,0.5,0.5,0.5,0.5,0.5,1.0,1.0,1.0,0.5,0.5,0.45,0.2,1.0,1.0,1.0,1.0,0.0,1.0,0.5,0.5,0.5,0.5,0.5,0.5,0.1152,1.0,0.06667,0.0,1.0,0.0,0.0,0.31,0.0,0.5,0.5,0.93333,0.86667,1.0,1.0,0.5,1.0,0.63452,0.90646,0.11111,1.0,1.0,1.0,1.0,1.0,0.88889,0.5,0.8,1.0,1.0,0.5,0.5,0.5,1.0,1.0,0.5,0.5,0.5,0.5,0.5,1.0,1.0,1.0,0.5,0.5,0.2,0.3,1.0,1.0,1.0,1.0,0.0,0.5,0.5,0.5,0.5,0.5,0.5,0.5,0.1152,1.0,0.06667,0.0,1.0,0.0,0.0,0.31,0.0,0.5,0.5,0.93333,0.86667,1.0,1.0,0.5,1.0,0.70592,1.0,0.11111,1.0,1.0,1.0,0.0,0.66667,0.88889,0.5,0.8,1.0,1.0,0.5,0.5,0.5,1.0,1.0,0.5,0.5,0.5,0.5,0.5,1.0,1.0,1.0,0.5,0.5,0.55,0.2,0.5,1.0,1.0,1.0,0.0,0.5,0.5,0.5,0.5,0.5,0.5,0.5,0.1152,1.0,0.06667,0.0,1.0,0.0,0.0,0.31,0.0,0.5,0.5,0.93333,0.86667,1.0,1.0,0.5,1.0,0.61706,0.80138,0.11111,1.0,1.0,1.0,1.0,1.0,0.88889,0.5,0.65,1.0,1.0,0.5,0.5,0.5,1.0,1.0,0.5,0.5,0.5,0.5,0.5,1.0,1.0,1.0,0.5,0.5,0.5,0.3,1.0,1.0,1.0,1.0,0.0,0.5,0.5,0.5,0.5,0.5,0.5,0.5,0.1152,1.0,0.06667,0.0,1.0,0.0,0.0,0.31,0.0,0.5,0.5,0.93333,0.86667,1.0,1.0,0.5,1.0,0.81841,1.0,0.11111,1.0,1.0,1.0,1.0,1.0,0.88889,0.5,0.7,1.0,1.0,0.5,0.5,0.5,1.0,1.0,0.5,0.5,0.5,0.5,0.5,1.0,1.0,1.0,0.5,0.5,0.3,0.3,1.0,1.0,1.0,1.0,0.0,0.5,0.5,0.5,0.5,0.5,0.5,0.5,0.1152,1.0,0.06667,0.0,1.0,0.0,0.0,0.31,0.0,0.5,0.5,0.93333,0.86667,1.0,1.0,0.5,1.0,0.6382,0.88639,0.11111,1.0,1.0,1.0,0.0,0.66667,0.88889,0.5,0.5,1.0,1.0,0.5,0.5,0.5,1.0,1.0,0.5,0.5,0.5,0.5,0.5,1.0,1.0,1.0,0.5,0.5,0.55,0.2,0.5,1.0,1.0,1.0,0.0,0.5,0.5,0.5,0.5,0.5,0.5,0.5,0.1152,1.0,0.06667,0.0,1.0,0.0,0.0,0.31,0.0,0.5,0.5,0.93333,0.86667,1.0,1.0,0.5,1.0,0.65727,1.0,0.11111,1.0,1.0,1.0,1.0,1.0,0.88889,0.5,0.8,1.0,1.0,0.5,0.5,0.5,1.0,1.0,0.5,0.5,0.5,0.5,0.5,1.0,1.0,1.0,0.5,0.5,0.2,0.3,1.0,1.0,1.0,1.0,0.0,0.5,0.5,0.5,0.5,0.5,0.5,0.5,0.1152,1.0,0.06667,0.0,1.0,0.0,0.0,0.31,0.0,0.5,0.5,0.93333,0.86667,1.0,1.0,0.5,1.0,0.63452,0.90646,0.11111,1.0,1.0,1.0,1.0,1.0,0.88889,0.5,0.0,1.0,1.0,0.5,0.5,0.5,1.0,1.0,0.5,0.5,0.5,0.5,0.5,1.0,1.0,1.0,0.5,0.5,1.0,0.1,0.0,1.0,1.0,1.0,0.0,0.5
1.0,0.5,1.0,0.5,0.9,0.5,0.10548,0.9,0.06667,0.0,1.0,0.0,1.0,0.29,0.0,0.5,0.5,0.93333,0.93333,1.0,1.0,0.93333,1.0,0.0001,1.0,0.0,1.0,1.0,1.0,0.0,1.0,1.0,1.0,0.55,1.0,1.0,0.5,0.5,0.5,1.0,1.0,0.5,0.5,0.5,0.5,0.5,1.0,1.0,1.0,0.5,0.5,1.0,0.1,1.0,1.0,1.0,1.0,1.0,1.0,0.5,0.5,0.5,0.5,0.5,0.5,0.10548,0.9,0.06667,0.0,1.0,0.0,0.0,0.29,0.0,0.5,0.5,0.93333,0.93333,1.0,1.0,0.5,1.0,0.59152,0.84503,0.11111,1.0,1.0,1.0,0.0,1.0,0.88889,0.5,0.8,1.0,1.0,0.5,0.5,0.5,1.0,1.0,0.5,0.5,0.5,0.5,0.5,1.0,1.0,1.0,0.5,0.5,0.2,0.2,1.0,1.0,1.0,1.0,0.0,0.5,0.5,0.5,0.5,0.5,0.5,0.5,0.10548,0.9,0.06667,0.0,1.0,0.0,0.0,0.29,0.0,0.5,0.5,0.93333,0.93333,1.0,1.0,0.5,1.0,0.62407,1.0,0.11111,1.0,1.0,1.0,0.0,1.0,0.88889,0.5,0.8,1.0,1.0,0.5,0.5,0.5,1.0,1.0,0.5,0.5,0.5,0.5,0.5,1.0,1.0,1.0,0.5,0.5,0.45,0.2,1.0,1.0,1.0,1.0,0.0,0.5,0.5,0.5,0.5,0.5,0.5,0.5,0.10548,0.9,0.06667,0.0,1.0,0.0,0.0,0.29,0.0,0.5,0.5,0.93333,0.93333,1.0,1.0,0.5,1.0,0.58139,0.75506,0.11111,1.0,1.0,1.0,0.0,1.0,0.88889,0.5,0.65,1.0,1.0,0.5,0.5,0.5,1.0,1.0,0.5,0.5,0.5,0.5,0.5,1.0,1.0,1.0,0.5,0.5,0.65,0.2,1.0,1.0,1.0,1.0,0.0,0.5,0.5,0.5,0.5,0.5,0.5,0.5,0.10548,0.9,0.06667,0.0,1.0,0.0,0.0,0.29,0.0,0.5,0.5,0.93333,0.93333,1.0,1.0,0.5,1.0,0.68884,1.0,0.11111,1.0,1.0,1.0,0.0,1.0,0.88889,0.5,0.7,1.0,1.0,0.5,0.5,0.5,1.0,1.0,0.5,0.5,0.5,0.5,0.5,1.0,1.0,1.0,0.5,0.5,0.3,0.2,1.0,1.0,1.0,1.0,0.0,0.5,0.5,0.5,0.5,0.5,0.5,0.5,0.10548,0.9,0.06667,0.0,1.0,0.0,0.0,0.29,0.0,0.5,0.5,0.93333,0.93333,1.0,1.0,0.5,1.0,0.58839,0.81721,0.11111,1.0,1.0,1.0,0.0,1.0,0.88889,0.5,0.5,1.0,1.0,0.5,0.5,0.5,1.0,1.0,0.5,0.5,0.5,0.5,0.5,1.0,1.0,1.0,0.5,0.5,0.5,0.2,1.0,1.0,1.0,1.0,0.0,0.5,0.5,0.5,0.5,0.5,0.5,0.5,0.10548,0.9,0.06667,0.0,1.0,0.0,0.0,0.29,0.0,0.5,0.5,0.93333,0.93333,1.0,1.0,0.5,1.0,0.60439,0.95934,0.11111,1.0,1.0,1.0,0.0,1.0,0.88889,0.5,0.8,1.0,1.0,0.5,0.5,0.5,1.0,1.0,0.5,0.5,0.5,0.5,0.5,1.0,1.0,1.0,0.5,0.5,0.5,0.2,1.0,1.0,1.0,1.0,0.0,0.5,0.5,0.5,0.5,0.5,0.5,0.5,0.10548,0.9,0.06667,0.0,1.0,0.0,0.0,0.29,0.0,0.5,0.5,0.93333,0.93333,1.0,1.0,0.5,1.0,0.59152,0.84503,0.11111,1.0,1.0,1.0,0.0,1.0,0.88889,0.5,0.0,1.0,1.0,0.5,0.5,0.5,1.0,1.0,0.5,0.5,0.5,0.5,0.5,1.0,1.0,1.0,0.5,0.5,1.0,0.1,0.0,1.0,1.0,1.0,0.0,0.5
1.0,1.0,1.0,0.0,1.0,0.2,0.07084,0.1,0.36667,0.0,1.0,0.0,0.0,0.48,0.0,0.96381,0.0,1.0,1.0,1.0,1.0,0.46667,0.0,0.0001,1.0,0.0,0.69894,0.57616,0.0,0.0,0.98409,1.0,0.33333,1.0,1.0,1.0,0.5,0.5,0.5,1.0,1.0,0.5,0.5,0.5,0.19336,0.45251,0.0,1.0,1.0,0.5,0.5,1.0,0.0,0.0,1.0,1.0,1.0,0.33333,1.0,0.0,0.5,0.0,0.5,0.1,0.5,0.07084,0.1,0.36667,0.0,1.0,0.0,1.0,0.48,0.0,0.96381,0.0,1.0,1.0,1.0,1.0,1.0,1.0,0.97324,1.0,0.0,0.69894,0.57616,0.0,0.0,0.98409,1.0,1.0,0.8,1.0,1.0,0.5,0.5,0.5,1.0,1.0,0.5,0.5,0.5,0.0,0.0,1.0,1.0,1.0,0.5,0.5,0.2,0.4,0.5,1.0,1.0,1.0,0.33333,1.0,0.5,0.5,0.5,0.5,0.5,0.5,0.07084,0.1,0.36667,0.0,1.0,0.0,0.0,0.48,0.0,0.96381,0.0,1.0,1.0,1.0,1.0,0.5,1.0,0.9084,1.0,0.11111,0.69797,0.57616,0.0,0.0,0.98354,0.88889,0.5,0.8,1.0,1.0,0.5,0.5,0.5,1.0,1.0,0.5,0.5,0.5,0.08151,0.081,0.6,1.0,1.0,0.5,0.5,0.6,0.4,0.6,1.0,1.0,1.0,0.4,0.5,0.5,0.5,0.5,0.5,0.5,0.5,0.07084,0.1,0.36667,0.0,1.0,0.0,0.0,0.48,0.0,0.96381,0.0,1.0,1.0,1.0,1.0,0.5,0.0,0.84886,1.0,0.0,0.69894,0.57616,0.0,0.0,0.98409,1.0,0.5,0.65,1.0,1.0,0.5,0.5,0.5,1.0,1.0,0.5,0.5,0.5,0.0,0.0,1.0,1.0,1.0,0.5,0.5,0.35,0.4,0.5,1.0,1.0,1.0,0.33333,0.5,0.5,0.5,0.5,0.5,0.5,0.5,0.07084,0.1,0.36667,0.0,1.0,0.0,0.0,0.48,0.0,0.96381,0.0,1.0,1.0,1.0,1.0,0.5,0.0,0.79773,1.0,0.44444,0.79276,0.68479,0.0,0.0,0.98228,0.55556,0.5,0.7,1.0,1.0,0.5,0.5,0.5,1.0,1.0,0.5,0.5,0.5,0.0,0.0,1.0,1.0,1.0,0.5,0.5,0.3,0.3,1.0,1.0,1.0,1.0,0.5,0.5,0.5,0.5,0.5,0.5,0.5,0.5,0.07084,0.1,0.36667,0.0,1.0,0.0,0.0,0.48,0.0,0.96381,0.0,1.0,1.0,1.0,1.0,0.5,0.0,0.97085,1.0,0.0,0.69894,0.57616,0.0,0.0,0.98409,1.0,0.5,0.5,1.0,1.0,0.5,0.5,0.5,1.0,1.0,0.5,0.5,0.5,0.10279,0.19921,0.5,1.0,1.0,0.5,0.5,1.0,0.1,0.0,1.0,1.0,1.0,0.33333,0.5,1.0,1.0,0.0,0.0,0.1,0.1,0.07084,0.1,0.36667,0.0,1.0,0.0,0.0,0.48,0.0,0.96381,0.0,1.0,1.0,1.0,1.0,1.0,0.0,0.18104,0.28737,0.44444,0.79276,0.68479,0.0,0.0,0.98228,0.55556,0.55556,0.8,1.0,1.0,0.5,0.5,0.5,1.0,1.0,0.5,0.5,0.5,0.0,0.0,1.0,1.0,1.0,0.5,0.5,0.2,0.3,1.0,1.0,1.0,1.0,0.5,1.0,0.5,0.5,0.5,0.5,0.5,0.5,0.07084,0.1,0.36667,0.0,1.0,0.0,0.0,0.48,0.0,0.96381,0.0,1.0,1.0,1.0,1.0,0.5,1.0,0.97324,1.0,0.0,0.69894,0.57616,0.0,0.0,0.98409,1.0,0.5,0.0,1.0,1.0,0.5,0.5,0.5,1.0,1.0,0.5,0.5,0.5,0.0,0.0,1.0,1.0,1.0,0.5,0.5,1.0,0.1,0.0,1.0,1.0,1.0,0.33333,0.5
1.0,1.0,1.0,1.0,1.0,0.9,0.09074,0.2,0.43333,0.0,1.0,0.0,0.0,0.65,0.02,0.81354,0.0,1.0,1.0,1.0,1.0,0.8,0.0,0.0001,1.0,0.0,0.8942,0.78679,0.0,0.0,0.98665,0.88889,0.88889,1.0,1.0,1.0,0.5,0.5,0.5,1.0,1.0,1.0,1.0,1.0,0.28813,0.08779,0.0,1.0,1.0,1.0,1.0,1.0,0.0,0.0,1.0,0.0,1.0,1.0,1.0,1.0,0.5,0.0,0.5,0.2,0.5,0.09074,0.2,0.43333,0.0,1.0,0.0,1.0,0.65,0.02,0.8591,0.0,1.0,1.0,1.0,1.0,1.0,1.0,0.88719,1.0,0.11111,0.89486,0.78679,0.0,0.0,0.9928,1.0,1.0,0.8,1.0,1.0,0.5,0.62882,0.5,1.0,1.0,0.5,0.5,0.5,0.0,0.0,1.0,1.0,1.0,1.0,1.0,0.2,0.6,1.0,0.6,1.0,1.0,1.0,1.0,0.0,0.0,0.0,0.0,0.9,0.4,0.09074,0.2,0.43333,0.0,1.0,0.0,0.0,0.65,0.02,0.901,0.0,1.0,1.0,1.0,1.0,1.0,0.0,0.8511,1.0,0.0,0.8942,0.78679,0.0,0.0,0.98665,0.88889,1.0,0.8,1.0,1.0,0.5,0.5,0.5,1.0,1.0,0.5,0.5,0.5,0.33963,0.27448,0.75,1.0,1.0,1.0,1.0,0.45,0.4,0.75,1.0,1.0,1.0,1.0,1.0,0.5,0.5,0.5,0.5,0.5,0.5,0.09074,0.2,0.43333,0.0,1.0,0.0,0.0,0.65,0.02,0.81949,0.0,1.0,1.0,1.0,1.0,0.5,1.0,0.82595,1.0,0.11111,0.89486,0.78679,0.0,0.0,0.9928,1.0,0.5,0.65,1.0,1.0,0.5,0.5,0.5,1.0,1.0,0.5,0.5,0.5,0.0,0.0,1.0,1.0,1.0,1.0,1.0,0.35,0.4,0.6,1.0,1.0,1.0,1.0,0.5,0.5,0.5,0.5,0.5,0.5,0.5,0.09074,0.2,0.43333,0.0,1.0,0.0,0.0,0.65,0.02,0.8591,0.0,1.0,1.0,1.0,1.0,0.5,0.0,0.98633,1.0,0.11111,0.89334,0.78679,0.0,0.0,0.98345,0.77778,0.5,0.7,1.0,1.0,0.5,0.5,0.5,1.0,1.0,0.5,0.5,0.5,0.0,0.0,1.0,1.0,1.0,1.0,1.0,0.3,0.4,1.0,1.0,1.0,1.0,1.0,0.5,0.5,0.5,0.5,0.5,0.5,0.5,0.09074,0.2,0.43333,0.0,1.0,0.0,0.0,0.65,0.02,0.90503,0.0,1.0,1.0,1.0,1.0,0.5,0.0,0.49664,0.68978,0.0,0.8942,0.78679,0.0,0.0,0.98665,0.88889,0.5,0.5,1.0,1.0,0.5,0.5,0.5,1.0,1.0,0.5,0.5,0.5,0.08352,0.03355,0.5,1.0,1.0,1.0,1.0,1.0,0.1,0.0,1.0,0.0,1.0,1.0,0.5,1.0,1.0,1.0,1.0,0.1,0.1,0.09074,0.2,0.43333,0.0,1.0,0.0,0.0,0.65,0.02,0.92314,0.0,1.0,1.0,1.0,1.0,0.44444,0.0,0.64867,1.0,0.0,0.8942,0.78679,0.0,0.0,0.98665,0.88889,0.88889,0.8,1.0,1.0,0.5,0.5,0.5,1.0,1.0,0.5,0.5,0.5,0.0,0.0,1.0,1.0,1.0,1.0,1.0,0.2,0.5,1.0,0.75,1.0,1.0,1.0,1.0,0.5,0.5,0.5,0.5,0.5,0.5,0.09074,0.2,0.43333,0.0,1.0,0.0,0.0,0.65,0.02,0.8591,0.0,1.0,1.0,1.0,1.0,0.5,1.0,0.88719,1.0,0.11111,0.89486,0.78679,0.0,0.0,0.9928,1.0,0.5,0.0,1.0,1.0,0.5,0.5,0.5,1.0,1.0,0.5,0.5,0.5,0.0,0.0,1.0,1.0,1.0,1.0,1.0,1.0,0.1,0.0,1.0,0.0,1.0,1.0,0.5
1.0,0.5,1.0,0.5,1.0,0.5,0.11327,1.0,0.06667,0.0,1.0,0.0,1.0,0.31,0.0,0.5,0.5,0.86667,0.93333,1.0,1.0,0.86667,1.0,0.73932,1.0,0.11111,1.0,1.0,1.0,0.0,1.0,1.0,1.0,0.55,1.0,1.0,0.5,0.5,0.5,1.0,1.0,0.5,0.5,0.5,0.5,0.5,1.0,1.0,1.0,0.5,0.5,1.0,0.1,1.0,1.0,1.0,1.0,1.0,1.0,0.5,0.5,0.5,0.5,0.5,0.5,0.11327,1.0,0.06667,0.0,1.0,0.0,0.0,0.31,0.0,0.5,0.5,0.86667,0.93333,1.0,1.0,0.5,1.0,0.63938,0.9134,0.11111,1.0,1.0,1.0,0.0,1.0,0.77778,0.5,0.8,1.0,1.0,0.5,0.5,0.5,1.0,1.0,0.5,0.5,0.5,0.5,0.5,1.0,1.0,1.0,0.5,0.5,0.2,0.3,1.0,1.0,1.0,1.0,0.0,0.5,0.5,0.5,0.5,0.5,0.5,0.5,0.11327,1.0,0.06667,0.0,1.0,0.0,0.0,0.31,0.0,0.5,0.5,0.86667,0.93333,1.0,1.0,0.5,1.0,0.7003,1.0,0.11111,1.0,1.0,1.0,0.0,1.0,0.77778,0.5,0.8,1.0,1.0,0.5,0.5,0.5,1.0,1.0,0.5,0.5,0.5,0.5,0.5,1.0,1.0,1.0,0.5,0.5,0.2,0.3,1.0,1.0,1.0,1.0,0.0,0.5,0.5,0.5,0.5,0.5,0.5,0.5,0.11327,1.0,0.06667,0.0,1.0,0.0,0.0,0.31,0.0,0.5,0.5,0.86667,0.93333,1.0,1.0,0.5,1.0,0.62126,0.80683,0.11111,1.0,1.0,1.0,0.0,1.0,0.77778,0.5,0.65,1.0,1.0,0.5,0.5,0.5,1.0,1.0,0.5,0.5,0.5,0.5,0.5,1.0,1.0,1.0,0.5,0.5,0.35,0.3,1.0,1.0,1.0,1.0,0.0,0.5,0.5,0.5,0.5,0.5,0.5,0.5,0.11327,1.0,0.06667,0.0,1.0,0.0,0.0,0.31,0.0,0.5,0.5,0.86667,0.93333,1.0,1.0,0.5,1.0,0.83053,1.0,0.11111,1.0,1.0,1.0,0.0,1.0,0.77778,0.5,0.7,1.0,1.0,0.5,0.5,0.5,1.0,1.0,0.5,0.5,0.5,0.5,0.5,1.0,1.0,1.0,0.5,0.5,0.3,0.3,1.0,1.0,1.0,1.0,0.0,0.5,0.5,0.5,0.5,0.5,0.5,0.5,0.11327,1.0,0.06667,0.0,1.0,0.0,0.0,0.31,0.0,0.5,0.5,0.86667,0.93333,1.0,1.0,0.5,1.0,0.62262,0.86475,0.11111,1.0,1.0,1.0,0.0,1.0,0.77778,0.5,0.5,1.0,1.0,0.5,0.5,0.5,1.0,1.0,0.5,0.5,0.5,0.5,0.5,1.0,1.0,1.0,0.5,0.5,0.5,0.3,1.0,1.0,1.0,1.0,0.0,0.5,0.5,0.5,0.5,0.5,0.5,0.5,0.11327,1.0,0.06667,0.0,1.0,0.0,0.0,0.31,0.0,0.5,0.5,0.86667,0.93333,1.0,1.0,0.5,1.0,0.66301,1.0,0.11111,1.0,1.0,1.0,0.0,1.0,0.77778,0.5,0.8,1.0,1.0,0.5,0.5,0.5,1.0,1.0,0.5,0.5,0.5,0.5,0.5,1.0,1.0,1.0,0.5,0.5,0.2,0.3,1.0,1.0,1.0,1.0,0.0,0.5,0.5,0.5,0.5,0.5,0.5,0.5,0.11327,1.0,0.06667,0.0,1.0,0.0,0.0,0.31,0.0,0.5,0.5,0.86667,0.93333,1.0,1.0,0.5,1.0,0.63938,0.9134,0.11111,1.0,1.0,1.0,0.0,1.0,0.77778,0.5,0.0,1.0,1.0,0.5,0.5,0.5,1.0,1.0,0.5,0.5,0.5,0.5,0.5,1.0,1.0,1.0,0.5,0.5,1.0,0.1,0.0,1.0,1.0,1.0,0.0,0.5
1.0,1.0,1.0,1.0,0.3,0.6,0.09931,0.6,0.26667,0.0,1.0,0.0,0.0,0.33,0.01,0.40094,0.0,1.0,1.0,1.0,1.0,1.0,0.0,0.0001,1.0,0.0,1.0,0.96191,0.5,0.0,0.83199,0.88889,0.88889,1.0,1.0,1.0,0.5,0.5,0.5,1.0,1.0,1.0,1.0,1.0,0.22917,0.04887,0.0,1.0,1.0,1.0,1.0,1.0,0.0,0.0,1.0,0.0,1.0,0.5,1.0,0.0,0.0,0.0,0.0,0.1,0.1,0.09931,0.6,0.26667,0.0,1.0,0.0,0.0,0.33,0.01,0.63455,0.0,1.0,1.0,1.0,1.0,0.95556,1.0,0.78629,1.0,0.22222,1.0,0.96191,0.75,0.0,0.837,0.66667,0.55556,0.8,1.0,1.0,0.5,0.5,0.5,1.0,1.0,0.5,0.5,0.5,0.0,0.0,1.0,1.0,1.0,1.0,1.0,0.2,0.3,0.5,0.5,1.0,1.0,0.25,1.0,0.5,0.5,0.5,0.5,0.5,0.5,0.09931,0.6,0.26667,0.0,1.0,0.0,0.0,0.33,0.01,0.82576,0.0,1.0,1.0,1.0,1.0,0.5,1.0,0.91589,1.0,0.22222,1.0,0.96191,0.75,0.0,0.837,0.66667,0.5,0.8,1.0,1.0,0.5,0.5,0.5,1.0,1.0,0.5,0.5,0.5,0.0,0.0,1.0,1.0,1.0,1.0,1.0,0.2,0.3,0.5,0.5,1.0,1.0,0.25,0.5,0.0,1.0,0.0,1.0,0.1,0.3,0.09931,0.6,0.26667,0.0,1.0,0.0,0.0,0.33,0.01,0.43316,0.0,1.0,1.0,1.0,1.0,0.95556,0.0,0.66322,0.86133,0.11111,1.0,0.96191,0.66667,0.0,0.84291,0.77778,0.66667,0.65,1.0,1.0,0.5,0.5,0.5,1.0,1.0,0.5,0.5,0.5,0.0,0.0,1.0,1.0,1.0,1.0,1.0,0.35,0.3,0.66667,0.5,1.0,1.0,0.33333,1.0,1.0,0.5,1.0,0.5,0.6,0.5,0.09931,0.6,0.26667,0.0,1.0,0.0,1.0,0.33,0.01,0.63455,0.0,1.0,1.0,1.0,1.0,1.0,1.0,0.99703,1.0,0.11111,0.98969,0.95105,0.33333,0.0,0.8289,1.0,1.0,0.7,1.0,1.0,0.5,0.5,0.5,1.0,1.0,0.5,0.5,0.5,0.0,0.0,1.0,1.0,1.0,1.0,1.0,0.3,0.3,0.66667,0.0,1.0,1.0,0.66667,1.0,0.0,0.0,0.0,0.0,0.6,0.1,0.09931,0.6,0.26667,0.0,1.0,0.0,0.0,0.33,0.01,0.84305,0.0,1.0,1.0,1.0,1.0,0.86667,0.0,0.68192,0.94711,0.11111,1.0,0.96191,0.66667,0.0,0.84291,0.77778,0.66667,0.5,1.0,1.0,0.5,0.5,0.5,1.0,1.0,0.5,0.5,0.5,0.0,0.0,1.0,1.0,1.0,1.0,1.0,0.5,0.4,1.0,0.66667,1.0,1.0,0.33333,1.0,0.0,0.0,0.0,0.0,0.1,0.1,0.09931,0.6,0.26667,0.0,1.0,0.0,0.0,0.33,0.01,0.91882,0.0,1.0,1.0,1.0,1.0,0.95556,1.0,0.10336,0.16407,0.11111,0.98058,0.96191,0.0,0.0,0.97997,0.77778,0.88889,0.8,1.0,1.0,0.5,0.5,0.5,1.0,1.0,0.5,0.5,0.5,0.0,0.0,1.0,1.0,1.0,1.0,1.0,0.4,0.2,1.0,0.0,1.0,1.0,1.0,1.0,0.5,0.5,0.5,0.5,0.5,0.5,0.09931,0.6,0.26667,0.0,1.0,0.0,0.0,0.33,0.01,0.63455,0.0,1.0,1.0,1.0,1.0,0.5,1.0,0.78629,1.0,0.22222,1.0,0.96191,0.75,0.0,0.837,0.66667,0.5,0.0,1.0,1.0,0.5,0.5,0.5,1.0,1.0,0.5,0.5,0.5,0.0,0.0,1.0,1.0,1.0,1.0,1.0,1.0,0.1,0.0,1.0,0.0,1.0,0.25,0.5
1.0,1.0,1.0,1.0,0.3,0.6,0.07919,0.1,0.36667,0.0,1.0,0.0,0.0,0.34,0.02,0.92602,0.0,1.0,1.0,1.0,1.0,1.0,0.0,0.0001,1.0,0.0,0.82,0.67157,0.0,0.0,0.82257,0.88889,0.88889,1.0,0.9,0.9084,0.35057,0.5,0.0,1.0,1.0,1.0,1.0,1.0,0.15187,0.00584,0.0,1.0,1.0,1.0,1.0,1.0,0.0,0.0,1.0,0.0,1.0,1.0,1.0,0.0,0.0,0.0,0.0,0.1,0.1,0.07919,0.1,0.36667,0.0,1.0,0.0,0.0,0.34,0.02,0.9512,0.0,1.0,1.0,1.0,1.0,0.95556,0.0,0.80159,1.0,0.22222,0.78633,0.66849,0.0,0.0,0.86052,0.88889,0.55556,1.0,0.9,0.9084,0.35057,0.5,0.35057,1.0,1.0,0.5,0.5,0.5,0.10457,0.0,0.0,1.0,1.0,1.0,1.0,1.0,0.0,0.0,1.0,0.0,1.0,0.75,1.0,0.5,0.5,0.5,0.5,0.5,0.5,0.07919,0.1,0.36667,0.0,1.0,0.0,0.0,0.34,0.02,0.97153,0.0,1.0,1.0,1.0,1.0,0.5,0.0,0.93551,1.0,0.22222,0.78633,0.66849,0.0,0.0,0.86052,0.88889,0.5,0.45,0.9,0.9084,0.35057,0.5,0.35057,1.0,1.0,0.5,0.5,0.5,0.0,0.0,1.0,1.0,1.0,1.0,1.0,0.55,0.2,0.25,1.0,1.0,1.0,0.75,0.5,0.0,1.0,0.0,1.0,0.1,0.3,0.07919,0.1,0.36667,0.0,1.0,0.0,0.0,0.34,0.02,0.92952,0.0,1.0,1.0,1.0,1.0,0.95556,1.0,0.67664,0.87876,0.11111,0.77603,0.66849,0.0,0.0,0.85799,1.0,0.66667,0.3,0.9,0.9084,0.35057,0.5,0.61349,1.0,1.0,0.5,0.5,0.5,0.0,0.0,1.0,1.0,1.0,1.0,1.0,0.7,0.3,0.66667,0.5,1.0,1.0,1.0,1.0,1.0,1.0,1.0,0.0,0.6,0.4,0.07919,0.1,0.36667,0.0,1.0,0.0,0.0,0.34,0.02,0.9512,0.0,1.0,1.0,1.0,1.0,1.0,1.0,0.98239,1.0,0.11111,0.77603,0.66849,0.0,0.0,0.85799,1.0,0.77778,0.45,0.9,0.9084,0.35057,0.5,0.52585,1.0,1.0,0.5,0.5,0.5,0.0,0.0,1.0,1.0,1.0,1.0,1.0,0.55,0.3,0.66667,0.5,1.0,1.0,1.0,1.0,0.0,0.0,0.0,0.0,0.4,0.6,0.07919,0.1,0.36667,0.0,1.0,0.0,0.0,0.34,0.02,0.97336,0.0,1.0,1.0,1.0,1.0,1.0,1.0,0.78919,1.0,0.22222,0.78633,0.66849,0.0,0.0,0.86052,0.88889,0.88889,0.5,0.9,0.9084,0.35057,1.0,0.87641,1.0,1.0,0.5,0.5,0.5,0.0,0.0,1.0,1.0,1.0,1.0,1.0,0.5,0.4,0.75,0.33333,1.0,1.0,0.75,1.0,0.0,0.5,0.0,0.5,0.1,0.5,0.07919,0.1,0.36667,0.0,1.0,0.0,1.0,0.34,0.02,0.98134,0.0,1.0,1.0,1.0,1.0,1.0,1.0,0.74298,1.0,0.11111,0.77603,0.66849,0.0,0.0,0.85799,1.0,1.0,0.7,0.9,0.9084,0.35057,0.35057,0.35057,1.0,1.0,0.5,0.5,0.5,0.0,0.0,1.0,1.0,1.0,1.0,1.0,0.3,0.4,1.0,0.33333,1.0,1.0,1.0,1.0,0.5,0.5,0.5,0.5,0.5,0.5,0.07919,0.1,0.36667,0.0,1.0,0.0,0.0,0.34,0.02,0.9512,0.0,1.0,1.0,1.0,1.0,0.5,0.0,0.80159,1.0,0.22222,0.78633,0.66849,0.0,0.0,0.86052,0.88889,0.5,1.0,0.9,0.9084,0.35057,0.5,1.0,1.0,1.0,0.5,0.5,0.5,0.10457,0.0,0.0,1.0,1.0,1.0,1.0,1.0,0.0,0.0,1.0,0.0,1.0,0.75,0.5
1.0,1.0,1.0,1.0,0.3,0.6,0.00728,0.1,0.43333,0.0,1.0,0.0,0.0,0.31,0.05,0.99985,0.0,1.0,0.86667,1.0,1.0,1.0,0.0,0.0001,1.0,0.0,0.0976,0.06316,0.0,0.0,0.85,0.77778,0.88889,0.0,0.7,0.61329,0.0,0.5,0.0,1.0,1.0,1.0,1.0,1.0,0.0,0.0,1.0,1.0,1.0,0.73096,1.0,1.0,0.1,0.0,1.0,0.0,1.0,0.0,1.0,0.0,0.5,0.0,0.5,0.1,0.5,0.00728,0.1,0.43333,0.0,1.0,0.0,1.0,0.31,0.05,0.99785,0.0,1.0,0.86667,1.0,1.0,1.0,0.0,0.76004,1.0,0.22222,0.08174,0.0608,0.0,0.0,0.88563,1.0,1.0,0.0,0.7,0.61329,0.0,0.0,0.0,1.0,1.0,0.73096,1.0,0.5,0.0,0.0,1.0,1.0,1.0,0.73096,1.0,1.0,0.1,0.0,1.0,0.0,1.0,0.0,1.0,0.5,0.5,0.5,0.5,0.5,0.5,0.00728,0.1,0.43333,0.0,1.0,0.0,0.0,0.31,0.05,0.99625,0.0,1.0,0.86667,1.0,1.0,0.5,0.0,0.86628,1.0,0.22222,0.08174,0.0608,0.0,0.0,0.88563,1.0,0.5,0.0,0.7,0.61329,0.0,0.5,0.36895,1.0,1.0,0.5,0.5,0.5,0.0,0.0,1.0,1.0,1.0,0.73096,1.0,1.0,0.1,0.0,1.0,0.0,1.0,0.0,0.5,0.0,1.0,0.0,1.0,0.1,0.3,0.00728,0.1,0.43333,0.0,1.0,0.0,0.0,0.31,0.05,0.99957,0.0,1.0,0.86667,1.0,1.0,0.95556,0.0,0.64264,0.8346,0.11111,0.08477,0.0608,0.0,0.0,0.8752,0.88889,0.66667,0.0,0.7,0.61329,0.0,0.5,0.36895,1.0,1.0,0.5,0.5,0.5,0.0,0.0,1.0,1.0,1.0,0.73096,1.0,1.0,0.1,0.0,1.0,0.0,1.0,0.0,1.0,1.0,1.0,1.0,0.0,0.6,0.4,0.00728,0.1,0.43333,0.0,1.0,0.0,0.0,0.31,0.05,0.99785,0.0,1.0,0.86667,1.0,1.0,1.0,0.0,0.89008,1.0,0.11111,0.08477,0.0608,0.0,0.0,0.8752,0.88889,0.77778,0.0,0.7,0.61329,0.0,0.5,0.36895,1.0,1.0,0.5,0.5,0.5,0.0,0.0,1.0,1.0,1.0,0.73096,1.0,1.0,0.1,0.0,1.0,0.0,1.0,0.0,1.0,0.0,0.0,0.0,0.0,0.1,0.1,0.00728,0.1,0.43333,0.0,1.0,0.0,0.0,0.31,0.05,0.9961,0.0,1.0,0.86667,1.0,1.0,1.0,0.0,0.65736,0.913,0.11111,0.08477,0.0608,0.0,0.0,0.8752,0.88889,0.88889,0.0,0.7,0.61329,0.0,0.34747,0.22137,1.0,1.0,0.5,0.5,0.5,0.0,0.0,1.0,1.0,1.0,0.73096,1.0,1.0,0.1,0.0,1.0,0.0,1.0,0.0,1.0,0.0,0.0,0.0,0.0,0.1,0.1,0.00728,0.1,0.43333,0.0,1.0,0.0,0.0,0.31,0.05,0.99548,0.0,1.0,0.86667,1.0,1.0,1.0,0.0,0.69195,1.0,0.11111,0.08477,0.0608,0.0,0.0,0.8752,0.88889,1.0,0.0,0.7,0.61329,0.0,0.35057,0.29516,1.0,1.0,0.5,0.5,0.5,0.0,0.0,1.0,1.0,1.0,0.73096,1.0,1.0,0.1,0.0,1.0,0.0,1.0,0.0,1.0,0.5,0.5,0.5,0.5,0.5,0.5,0.00728,0.1,0.43333,0.0,1.0,0.0,0.0,0.31,0.05,0.99785,0.0,1.0,0.86667,1.0,1.0,0.5,0.0,0.76004,1.0,0.22222,0.08174,0.0608,0.0,0.0,0.88563,1.0,0.5,0.0,0.7,0.61329,0.0,0.5,0.0,1.0,1.0,0.5,0.5,0.5,0.0,0.0,1.0,1.0,1.0,0.73096,1.0,1.0,0.1,0.0,1.0,0.0,1.0,0.0,0.5
1.0,1.0,1.0,1.0,0.3,0.6,0.00076,0.1,0.56667,0.0,1.0,0.0,0.0,0.28,0.06,0.0,0.84182,1.0,1.0,0.93333,0.91111,0.8,1.0,0.6778,1.0,0.11111,0.01057,0.00655,0.0,0.0,0.97228,1.0,0.66667,0.0,1.0,1.0,0.5,0.5,0.5,1.0,1.0,1.0,1.0,1.0,0.0,0.06629,1.0,1.0,1.0,0.0,0.228,1.0,0.1,0.0,1.0,0.0,1.0,0.0,1.0,0.0,0.0,0.0,0.0,0.1,0.1,0.00076,0.1,0.56667,0.0,1.0,0.0,0.0,0.28,0.06,0.0,0.88936,1.0,1.0,0.93333,0.91111,0.8,0.0,0.71448,1.0,0.11111,0.00883,0.00655,0.0,0.0,0.92069,0.77778,1.0,0.0,1.0,1.0,0.5,0.0,0.5,1.0,1.0,0.73096,1.0,0.02397,0.0,0.06629,1.0,1.0,1.0,0.0,0.228,1.0,0.1,0.0,1.0,0.0,1.0,0.0,1.0,0.5,0.5,0.5,0.5,0.5,0.5,0.00076,0.1,0.56667,0.0,1.0,0.0,0.0,0.28,0.06,0.0,0.93085,1.0,1.0,0.93333,1.0,0.5,0.0,0.81853,1.0,0.11111,0.00889,0.00655,0.0,0.0,0.77646,0.77778,0.5,0.0,1.0,1.0,0.5,0.5,0.5,1.0,1.0,0.5,0.5,0.5,0.0,0.0,1.0,1.0,1.0,0.0,0.228,1.0,0.1,0.0,1.0,0.0,1.0,0.0,0.5,0.0,1.0,0.0,1.0,0.1,0.3,0.00076,0.1,0.56667,0.0,1.0,0.0,0.0,0.28,0.06,0.0,0.8486,1.0,1.0,0.93333,0.91111,0.84444,1.0,0.72548,0.94218,0.11111,0.00798,0.00516,0.0,0.0,0.97153,0.77778,0.77778,0.2,1.0,1.0,0.5,0.5,0.5,1.0,1.0,0.5,0.5,0.5,0.0,0.0,1.0,1.0,1.0,0.0,0.228,0.8,0.2,0.25,1.0,1.0,1.0,0.0,1.0,1.0,1.0,1.0,0.0,0.6,0.4,0.00076,0.1,0.56667,0.0,1.0,0.0,0.0,0.28,0.06,0.0,0.88936,1.0,1.0,0.93333,0.91111,0.8,1.0,0.94364,1.0,0.11111,0.00889,0.00655,0.0,0.0,0.77646,0.77778,0.44444,0.0,1.0,1.0,0.5,0.5,0.5,1.0,1.0,0.5,0.5,0.5,0.0,0.0,1.0,1.0,1.0,0.0,0.228,1.0,0.1,0.0,1.0,0.0,1.0,0.0,1.0,0.0,0.0,0.0,0.0,0.1,0.1,0.00076,0.1,0.56667,0.0,1.0,0.0,0.0,0.28,0.06,0.0,0.93623,1.0,1.0,0.93333,1.0,0.8,0.0,0.70467,0.97871,0.11111,0.00883,0.00655,0.0,0.0,0.92069,0.77778,0.88889,0.0,1.0,1.0,0.5,0.34747,0.5,1.0,1.0,0.5,0.5,0.5,0.0,0.0,1.0,1.0,1.0,0.0,0.228,1.0,0.1,0.0,1.0,0.0,1.0,0.0,1.0,0.0,0.5,0.0,0.5,0.1,0.5,0.00076,0.1,0.56667,0.0,1.0,0.0,1.0,0.28,0.06,0.0,0.95782,1.0,1.0,0.93333,1.0,1.0,0.0,0.11568,0.18361,0.11111,0.01057,0.00655,0.0,0.0,0.97228,1.0,1.0,0.0,1.0,1.0,0.5,0.35057,0.5,1.0,1.0,0.0,0.228,0.5,0.0,0.02639,1.0,1.0,1.0,0.0,0.228,1.0,0.1,0.0,1.0,0.0,1.0,0.0,1.0,0.0,0.0,0.0,0.0,0.1,0.1,0.00076,0.1,0.56667,0.0,1.0,0.0,0.0,0.28,0.06,0.0,0.88936,1.0,1.0,0.93333,0.91111,0.93333,0.0,0.71448,1.0,0.11111,0.00883,0.00655,0.0,0.0,0.92069,0.77778,1.0,0.0,1.0,1.0,0.5,0.5,0.5,1.0,1.0,0.5,0.5,0.5,0.0,0.06629,1.0,1.0,1.0,0.0,0.228,1.0,0.1,0.0,1.0,0.0,1.0,0.0,1.0
1.0,0.5,1.0,0.5,0.6,0.5,0.10136,0.6,0.06667,0.0,1.0,0.0,1.0,0.39,0.0,0.5,0.5,0.8,0.91111,1.0,1.0,0.8,1.0,0.0001,1.0,0.0,1.0,1.0,1.0,0.0,1.0,1.0,1.0,1.0,1.0,1.0,0.5,0.5,0.5,1.0,1.0,0.5,0.5,0.5,0.5,0.5,0.0,1.0,1.0,0.5,0.5,1.0,0.0,0.0,1.0,1.0,1.0,1.0,1.0,0.5,0.5,0.5,0.5,0.5,0.5,0.10136,0.6,0.06667,0.0,1.0,0.0,0.0,0.39,0.0,0.5,0.5,0.8,0.91111,1.0,1.0,0.5,1.0,0.74351,1.0,0.33333,1.0,1.0,1.0,1.0,0.90625,0.66667,0.5,0.8,1.0,1.0,0.5,0.5,0.5,1.0,1.0,0.5,0.5,0.5,0.5,0.5,1.0,1.0,1.0,0.5,0.5,0.2,0.4,1.0,1.0,1.0,1.0,0.0,0.5,0.5,0.5,0.5,0.5,0.5,0.5,0.10136,0.6,0.06667,0.0,1.0,0.0,0.0,0.39,0.0,0.5,0.5,0.8,0.91111,1.0,1.0,0.5,1.0,0.82379,1.0,0.33333,1.0,1.0,1.0,1.0,0.90625,0.66667,0.5,0.8,1.0,1.0,0.5,0.5,0.5,1.0,1.0,0.5,0.5,0.5,0.5,0.5,1.0,1.0,1.0,0.5,0.5,0.4,0.2,0.33333,1.0,1.0,1.0,0.0,0.5,0.5,0.5,0.5,0.5,0.5,0.5,0.10136,0.6,0.06667,0.0,1.0,0.0,0.0,0.39,0.0,0.5,0.5,0.8,0.91111,1.0,1.0,0.5,1.0,0.58097,0.75451,0.11111,1.0,1.0,1.0,1.0,1.0,0.88889,0.5,0.65,1.0,1.0,0.5,0.5,0.5,1.0,1.0,0.5,0.5,0.5,0.5,0.5,1.0,1.0,1.0,0.5,0.5,0.6,0.2,1.0,1.0,1.0,1.0,0.0,0.5,0.5,0.5,0.5,0.5,0.5,0.5,0.10136,0.6,0.06667,0.0,1.0,0.0,0.0,0.39,0.0,0.5,0.5,0.8,0.91111,1.0,1.0,0.5,1.0,0.97858,1.0,0.33333,1.0,1.0,1.0,1.0,0.90625,0.66667,0.5,0.7,1.0,1.0,0.5,0.5,0.5,1.0,1.0,0.5,0.5,0.5,0.5,0.5,1.0,1.0,1.0,0.5,0.5,0.3,0.2,0.33333,1.0,1.0,1.0,0.0,0.5,0.5,0.5,0.5,0.5,0.5,0.5,0.10136,0.6,0.06667,0.0,1.0,0.0,0.0,0.39,0.0,0.5,0.5,0.8,0.91111,1.0,1.0,0.5,1.0,0.59528,0.82678,0.11111,0.96938,0.94059,0.0,0.0,1.0,0.88889,0.5,0.5,1.0,1.0,0.5,0.5,0.5,1.0,1.0,0.5,0.5,0.5,0.5,0.5,1.0,1.0,1.0,0.5,0.5,0.5,0.2,1.0,1.0,1.0,1.0,0.0,0.5,0.5,0.5,0.5,0.5,0.5,0.5,0.10136,0.6,0.06667,0.0,1.0,0.0,0.0,0.39,0.0,0.5,0.5,0.8,0.91111,1.0,1.0,0.5,1.0,0.02588,0.04109,0.0,1.0,1.0,1.0,0.0,1.0,1.0,0.5,0.8,1.0,1.0,0.5,0.5,0.5,1.0,1.0,0.5,0.5,0.5,0.5,0.5,1.0,1.0,1.0,0.5,0.5,1.0,0.1,1.0,1.0,1.0,1.0,1.0,0.5,0.5,0.5,0.5,0.5,0.5,0.5,0.10136,0.6,0.06667,0.0,1.0,0.0,0.0,0.39,0.0,0.5,0.5,0.8,0.91111,1.0,1.0,0.5,1.0,0.74351,1.0,0.33333,1.0,1.0,1.0,1.0,0.90625,0.66667,0.5,0.0,1.0,1.0,0.5,0.5,0.5,1.0,1.0,0.5,0.5,0.5,0.5,0.5,1.0,1.0,1.0,0.5,0.5,1.0,0.1,0.0,1.0,1.0,1.0,0.0,0.5
1.0,0.5,1.0,0.5,0.4,0.5,0.10203,0.4,0.06667,0.0,1.0,0.0,1.0,0.26,0.0,0.5,0.5,0.84444,0.88889,1.0,1.0,0.84444,1.0,0.0001,1.0,0.0,1.0,1.0,1.0,0.0,1.0,1.0,1.0,1.0,1.0,1.0,0.5,0.5,0.5,1.0,1.0,0.5,0.5,0.5,0.5,0.5,0.0,1.0,1.0,0.5,0.5,1.0,0.0,0.0,1.0,1.0,1.0,1.0,1.0,0.5,0.5,0.5,0.5,0.5,0.5,0.10203,0.4,0.06667,0.0,1.0,0.0,0.0,0.26,0.0,0.5,0.5,0.84444,0.88889,1.0,1.0,0.5,1.0,0.58227,0.83182,0.11111,1.0,1.0,1.0,1.0,1.0,0.88889,0.5,0.8,1.0,1.0,0.5,0.5,0.5,1.0,1.0,0.5,0.5,0.5,0.5,0.5,1.0,1.0,1.0,0.5,0.5,0.2,0.2,1.0,1.0,1.0,1.0,0.0,0.5,0.5,0.5,0.5,0.5,0.5,0.5,0.10203,0.4,0.06667,0.0,1.0,0.0,0.0,0.26,0.0,0.5,0.5,0.84444,0.88889,1.0,1.0,0.5,1.0,0.61156,1.0,0.11111,1.0,1.0,1.0,1.0,1.0,0.88889,0.5,0.8,1.0,1.0,0.5,0.5,0.5,1.0,1.0,0.5,0.5,0.5,0.5,0.5,1.0,1.0,1.0,0.5,0.5,0.5,0.2,1.0,1.0,1.0,1.0,0.0,0.5,0.5,0.5,0.5,0.5,0.5,0.5,0.10203,0.4,0.06667,0.0,1.0,0.0,0.0,0.26,0.0,0.5,0.5,0.84444,0.88889,1.0,1.0,0.5,1.0,0.57316,0.74437,0.11111,1.0,1.0,1.0,1.0,1.0,0.88889,0.5,0.65,1.0,1.0,0.5,0.5,0.5,1.0,1.0,0.5,0.5,0.5,0.5,0.5,1.0,1.0,1.0,0.5,0.5,0.65,0.2,1.0,1.0,1.0,1.0,0.0,0.5,0.5,0.5,0.5,0.5,0.5,0.5,0.10203,0.4,0.06667,0.0,1.0,0.0,0.0,0.26,0.0,0.5,0.5,0.84444,0.88889,1.0,1.0,0.5,1.0,0.66988,1.0,0.11111,1.0,1.0,1.0,1.0,1.0,0.88889,0.5,0.7,1.0,1.0,0.5,0.5,0.5,1.0,1.0,0.5,0.5,0.5,0.5,0.5,1.0,1.0,1.0,0.5,0.5,0.3,0.2,1.0,1.0,1.0,1.0,0.0,0.5,0.5,0.5,0.5,0.5,0.5,0.5,0.10203,0.4,0.06667,0.0,1.0,0.0,0.0,0.26,0.0,0.5,0.5,0.84444,0.88889,1.0,1.0,0.5,1.0,0.57946,0.8048,0.11111,1.0,1.0,1.0,1.0,1.0,0.88889,0.5,0.5,1.0,1.0,0.5,0.5,0.5,1.0,1.0,0.5,0.5,0.5,0.5,0.5,1.0,1.0,1.0,0.5,0.5,0.5,0.2,1.0,1.0,1.0,1.0,0.0,0.5,0.5,0.5,0.5,0.5,0.5,0.5,0.10203,0.4,0.06667,0.0,1.0,0.0,0.0,0.26,0.0,0.5,0.5,0.84444,0.88889,1.0,1.0,0.5,1.0,0.59385,0.94262,0.11111,1.0,1.0,1.0,1.0,1.0,0.88889,0.5,0.8,1.0,1.0,0.5,0.5,0.5,1.0,1.0,0.5,0.5,0.5,0.5,0.5,1.0,1.0,1.0,0.5,0.5,0.5,0.2,1.0,1.0,1.0,1.0,0.0,0.5,0.5,0.5,0.5,0.5,0.5,0.5,0.10203,0.4,0.06667,0.0,1.0,0.0,0.0,0.26,0.0,0.5,0.5,0.84444,0.88889,1.0,1.0,0.5,1.0,0.58227,0.83182,0.11111,1.0,1.0,1.0,1.0,1.0,0.88889,0.5,0.0,1.0,1.0,0.5,0.5,0.5,1.0,1.0,0.5,0.5,0.5,0.5,0.5,1.0,1.0,1.0,0.5,0.5,1.0,0.1,0.0,1.0,1.0,1.0,0.0,0.5
1.0,0.0,1.0,0.0,0.73333,0.13333,0.05675,0.06667,0.2,0.0,0.0,0.66667,0.0,0.76444,0.01333,0.42639,0.0,0.86667,1.0,1.0,1.0,0.41905,0.0,0.64724,1.0,0.07143,0.89573,0.84322,0.0,0.0,0.96444,0.85714,0.85714,1.0,0.8,0.79261,0.8012,0.5,0.0,1.0,0.75,0.5,0.5,0.5,0.24172,0.54665,0.0,1.0,1.0,0.44906,0.50804,1.0,0.0,0.0,1.0,0.0,1.0,0.5,1.0,0.5,0.5,0.5,0.5,0.5,0.5,0.05675,0.06667,0.2,0.0,0.0,0.66667,0.0,0.76444,0.01333,0.60234,0.0,0.86667,1.0,1.0,1.0,0.5,1.0,0.63892,0.91274,0.07143,0.85109,0.7553,0.0,0.0,0.96224,0.85714,0.5,0.66667,0.8,0.79261,0.8012,0.5,0.32048,0.8,0.75,0.5,0.5,0.5,0.0,0.0,1.0,1.0,1.0,0.44906,0.50804,0.33333,0.33333,1.0,0.75,1.0,1.0,0.5,0.5,1.0,1.0,1.0,1.0,0.06667,0.06667,0.05675,0.06667,0.2,0.0,0.0,0.66667,0.0,0.76444,0.01333,0.78333,0.0,0.75238,0.86667,0.65714,0.65714,0.86667,0.0,0.57153,1.0,0.07143,0.92452,0.85964,0.0,0.0,0.88578,0.78571,0.78571,0.66667,0.8,0.79261,0.8012,0.5,0.32048,1.0,1.0,0.44906,0.50804,1.0,0.0,0.0,1.0,1.0,1.0,0.44906,0.50804,0.33333,0.13333,1.0,1.0,1.0,1.0,0.0,1.0,1.0,0.5,1.0,0.5,0.06667,0.5,0.05675,0.06667,0.2,0.0,0.0,0.66667,1.0,0.76444,0.01333,0.44779,0.0,0.86667,1.0,1.0,1.0,0.86667,1.0,0.61993,0.8051,0.07143,0.8479,0.7553,0.0,0.0,0.97939,1.0,0.78571,0.5,0.8,0.79261,0.8012,0.8012,0.58755,0.8,0.75,0.5,0.5,0.5,0.0,0.0,1.0,1.0,1.0,0.44906,0.50804,0.5,0.2,0.5,1.0,1.0,1.0,0.25,0.71429,0.5,0.5,0.5,0.5,0.5,0.5,0.05675,0.06667,0.2,0.0,0.0,0.66667,0.0,0.76444,0.01333,0.60234,0.0,0.86667,1.0,1.0,1.0,0.5,1.0,0.8615,1.0,0.07143,0.85109,0.7553,0.0,0.0,0.96224,0.85714,0.5,0.66667,0.8,0.79261,0.8012,0.5,0.48072,0.8,0.75,0.5,0.5,0.5,0.0,0.0,1.0,1.0,1.0,0.44906,0.50804,0.33333,0.26667,0.75,0.66667,1.0,1.0,0.5,0.5,0.5,0.5,0.5,0.5,0.5,0.5,0.05675,0.06667,0.2,0.0,0.0,0.66667,0.0,0.76444,0.01333,0.8026,0.0,0.75238,0.86667,0.65714,0.65714,0.5,0.0,0.55256,0.76745,0.07143,0.92452,0.85964,0.0,0.0,0.88578,0.78571,0.5,0.5,0.8,0.79261,0.8012,0.5,0.8012,1.0,1.0,0.5,0.5,0.5,0.0,0.0,1.0,1.0,1.0,0.44906,0.50804,0.5,0.13333,1.0,1.0,1.0,1.0,0.0,0.5,0.5,0.5,0.5,0.5,0.5,0.5,0.05675,0.06667,0.2,0.0,0.0,0.66667,0.0,0.76444,0.01333,0.89315,0.0,0.86667,0.75238,1.0,1.0,0.5,0.0,0.09101,0.14446,0.07143,0.89573,0.84322,0.0,0.0,0.96444,0.85714,0.5,0.8,0.8,0.79261,0.8012,0.5,0.32048,1.0,0.75,0.5,0.5,0.5,0.0,0.0,1.0,1.0,1.0,0.44906,0.50804,0.2,0.2,1.0,1.0,1.0,1.0,0.5,0.5,0.5,0.5,0.5,0.5,0.5,0.5,0.05675,0.06667,0.2,0.0,0.0,0.66667,0.0,0.76444,0.01333,0.60234,0.0,0.86667,1.0,1.0,1.0,0.5,1.0,0.63892,0.91274,0.07143,0.85109,0.7553,0.0,0.0,0.96224,0.85714,0.5,0.0,0.8,0.79261,0.8012,0.5,1.0,0.8,0.75,0.5,0.5,0.5,0.0,0.0,1.0,1.0,1.0,0.44906,0.50804,1.0,0.06667,0.0,1.0,0.0,1.0,0.5,0.5
1.0,0.0,1.0,0.0,0.73333,0.13333,0.02526,0.06667,0.33333,0.0,0.0,0.66667,0.0,0.61778,0.02667,0.99875,0.0,1.0,1.0,1.0,1.0,0.34286,0.0,0.0001,1.0,0.0,0.4695,0.36276,0.0,0.0,1.0,0.92857,0.85714,1.0,0.73333,0.71513,0.12093,0.5,0.0,1.0,1.0,0.5,0.5,0.5,0.0706,0.34945,0.0,1.0,1.0,0.53402,0.67121,1.0,0.0,0.0,1.0,0.0,1.0,1.0,1.0,1.0,1.0,1.0,1.0,0.06667,0.06667,0.02526,0.06667,0.33333,0.0,0.0,0.66667,0.0,0.61778,0.02667,0.97954,0.0,1.0,1.0,1.0,1.0,1.0,0.0,0.58647,0.83782,0.07143,0.44021,0.36276,0.0,0.0,0.9981,1.0,1.0,1.0,0.73333,0.71513,0.12093,0.5,0.12093,1.0,1.0,0.33125,0.46054,1.0,0.08852,0.0,0.0,1.0,1.0,0.53402,0.67121,1.0,0.0,0.0,1.0,0.0,1.0,1.0,1.0,0.0,0.5,0.0,0.5,0.06667,0.5,0.02526,0.06667,0.33333,0.0,0.0,0.66667,1.0,0.61778,0.02667,0.96159,0.0,1.0,1.0,1.0,1.0,1.0,0.0,0.62318,1.0,0.07143,0.44021,0.36276,0.0,0.0,0.9981,1.0,1.0,0.0,0.73333,0.71513,0.12093,0.12093,0.12093,1.0,1.0,0.53402,0.67121,0.54518,0.0,0.0,1.0,1.0,1.0,0.53402,0.67121,1.0,0.06667,0.0,1.0,0.0,1.0,1.0,1.0,1.0,0.0,1.0,0.0,0.06667,0.06667,0.02526,0.06667,0.33333,0.0,0.0,0.66667,0.0,0.61778,0.02667,0.99633,0.0,1.0,1.0,1.0,1.0,1.0,0.0,0.57549,0.74738,0.07143,0.44021,0.36276,0.0,0.0,0.9981,1.0,0.85714,0.0,0.73333,0.71513,0.12093,0.8012,0.22171,1.0,1.0,0.5,0.5,0.5,0.0,0.0,1.0,1.0,1.0,0.53402,0.67121,1.0,0.06667,0.0,1.0,0.0,1.0,1.0,0.71429,0.5,0.5,0.5,0.5,0.5,0.5,0.02526,0.06667,0.33333,0.0,0.0,0.66667,0.0,0.61778,0.02667,0.97954,0.0,1.0,1.0,1.0,1.0,0.5,0.0,0.70095,1.0,0.07143,0.44021,0.36276,0.0,0.0,0.9981,1.0,0.5,0.0,0.73333,0.71513,0.12093,0.5,0.1814,1.0,1.0,0.5,0.5,0.5,0.0,0.0,1.0,1.0,1.0,0.53402,0.67121,1.0,0.06667,0.0,1.0,0.0,1.0,1.0,0.5,0.0,0.0,0.0,0.0,0.06667,0.06667,0.02526,0.06667,0.33333,0.0,0.0,0.66667,0.0,0.61778,0.02667,0.95972,0.0,1.0,1.0,1.0,1.0,0.75238,0.0,0.58305,0.80979,0.07143,0.44021,0.36276,0.0,0.0,0.9981,1.0,0.85714,0.1,0.73333,0.71513,0.12093,0.47998,0.30233,1.0,1.0,0.5,0.5,0.5,0.0,0.0,1.0,1.0,1.0,0.53402,0.67121,0.9,0.13333,0.33333,1.0,1.0,1.0,1.0,1.0,0.5,0.5,0.5,0.5,0.5,0.5,0.02526,0.06667,0.33333,0.0,0.0,0.66667,0.0,0.61778,0.02667,0.99575,0.0,1.0,0.85714,0.86667,1.0,0.5,0.0,0.60075,0.95357,0.07143,0.44021,0.36276,0.0,0.0,0.9981,1.0,0.5,0.0,0.73333,0.71513,0.12093,0.5,0.16124,1.0,1.0,0.5,0.5,0.5,0.0,0.0,1.0,1.0,1.0,0.53402,0.67121,1.0,0.06667,0.0,1.0,0.0,1.0,1.0,0.5,0.5,0.5,0.5,0.5,0.5,0.5,0.02526,0.06667,0.33333,0.0,0.0,0.66667,0.0,0.61778,0.02667,0.97954,0.0,1.0,1.0,1.0,1.0,0.5,0.0,0.58647,0.83782,0.07143,0.44021,0.36276,0.0,0.0,0.9981,1.0,0.5,1.0,0.73333,0.71513,0.12093,0.5,0.60466,1.0,1.0,0.5,0.5,0.5,0.08467,0.0,0.0,1.0,1.0,0.53402,0.67121,1.0,0.0,0.0,1.0,0.0,1.0,1.0,0.5
1.0,0.5,1.0,0.5,0.53333,0.5,0.07217,0.53333,0.16667,0.0,0.0,0.66667,1.0,0.15111,0.04889,0.9849,0.0,0.49524,0.89524,0.78095,1.0,0.49524,0.0,0.0001,1.0,0.07143,0.8922,0.73078,0.33333,0.0,1.0,1.0,0.21429,1.0,1.0,1.0,0.5,0.5,0.5,1.0,1.0,1.0,1.0,0.5,0.22677,0.08306,0.0,1.0,1.0,1.0,1.0,1.0,0.0,0.0,1.0,0.0,1.0,0.0,1.0,0.5,0.5,0.5,0.5,0.5,0.5,0.07217,0.53333,0.16667,0.0,0.0,0.66667,0.0,0.15111,0.04889,0.98907,0.0,0.54286,0.88571,0.84762,0.91429,0.5,0.0,0.62771,0.89673,0.14286,0.8922,0.73078,0.33333,0.0,1.0,1.0,0.5,0.8,1.0,1.0,0.5,0.5,0.5,1.0,1.0,0.5,0.5,0.5,0.0,1.0,1.0,1.0,1.0,1.0,1.0,0.2,0.26667,1.0,1.0,0.33333,1.0,0.0,0.5,0.0,0.0,0.0,0.0,0.2,0.2,0.07217,0.53333,0.16667,0.0,0.0,0.66667,0.0,0.15111,0.04889,0.90182,0.0,0.87619,0.90476,0.74286,0.58095,0.8,0.0,0.83407,1.0,0.14286,1.0,0.83209,0.57143,0.0,0.93177,0.42857,0.78571,0.0,1.0,1.0,0.5,0.5,0.5,1.0,1.0,0.5,0.5,0.5,0.0,0.0,1.0,1.0,1.0,1.0,1.0,1.0,0.06667,0.0,1.0,0.0,1.0,0.0,1.0,0.0,1.0,0.0,1.0,0.2,0.53333,0.07217,0.53333,0.16667,0.0,0.0,0.66667,0.0,0.15111,0.04889,0.98698,0.0,0.49524,0.89524,0.78095,1.0,0.51429,1.0,0.62076,0.80618,0.14286,0.99877,0.73078,0.5,1.0,1.0,0.92857,0.14286,0.63333,1.0,1.0,0.5,0.5,0.5,1.0,1.0,0.5,0.5,0.5,0.0,0.0,1.0,1.0,0.0,1.0,1.0,0.36667,0.33333,1.0,1.0,0.25,1.0,0.0,1.0,0.5,0.5,0.5,0.5,0.5,0.5,0.07217,0.53333,0.16667,0.0,0.0,0.66667,0.0,0.15111,0.04889,0.98907,0.0,0.54286,0.88571,0.84762,0.91429,0.5,0.0,0.84016,1.0,0.14286,0.8922,0.73078,0.33333,0.0,1.0,1.0,0.5,0.7,1.0,1.0,0.5,0.5,0.5,1.0,1.0,0.5,0.5,0.5,0.0,0.0,1.0,1.0,1.0,1.0,1.0,0.3,0.26667,1.0,1.0,0.33333,1.0,0.0,0.5,0.5,0.5,0.5,0.5,0.5,0.5,0.07217,0.53333,0.16667,0.0,0.0,0.66667,0.0,0.15111,0.04889,0.89993,0.0,0.87619,0.90476,0.74286,0.58095,0.5,1.0,0.92102,1.0,0.14286,1.0,0.83209,0.55556,0.0,0.92273,0.28571,0.5,0.0,1.0,1.0,0.5,0.5,0.5,1.0,1.0,0.5,0.5,0.5,0.0,0.0,1.0,1.0,1.0,1.0,1.0,1.0,0.06667,0.0,1.0,0.0,1.0,0.0,0.5,0.5,0.5,0.5,0.5,0.5,0.5,0.07217,0.53333,0.16667,0.0,0.0,0.66667,0.0,0.15111,0.04889,0.89343,0.0,0.90476,0.90476,0.8,0.58095,0.5,1.0,0.5875,0.93254,0.07143,0.88193,0.78879,0.0,0.0,1.0,0.85714,0.5,0.8,1.0,1.0,0.5,0.5,0.5,1.0,1.0,0.5,0.5,0.5,0.0,0.0,1.0,1.0,1.0,1.0,1.0,0.3,0.13333,1.0,1.0,0.0,1.0,0.0,0.5,0.5,0.5,0.5,0.5,0.5,0.5,0.07217,0.53333,0.16667,0.0,0.0,0.66667,0.0,0.15111,0.04889,0.98907,0.0,0.54286,0.88571,0.84762,0.91429,0.5,0.0,0.62771,0.89673,0.14286,0.8922,0.73078,0.33333,0.0,1.0,1.0,0.5,0.0,1.0,1.0,0.5,0.5,0.5,1.0,1.0,0.5,0.5,0.5,0.0,1.0,1.0,1.0,1.0,1.0,1.0,1.0,0.06667,0.0,1.0,0.0,1.0,0.0,0.5
0.0,0.0,0.0,0.0,0.53333,0.53333,0.0,0.06667,0.66667,0.0,0.0,0.66667,0.0,0.06667,0.01778,0.99979,0.0,0.99048,0.81905,0.87619,0.95238,0.87619,0.0,0.0001,1.0,0.0,0.0,0.0,0.0,0.0,0.8973,0.85714,0.78571,1.0,1.0,1.0,0.5,0.5,0.5,1.0,1.0,0.5,0.5,0.5,0.0,0.0,1.0,1.0,1.0,0.5,0.5,1.0,0.0,0.0,1.0,1.0,1.0,0.0,1.0,0.0,0.0,0.0,0.0,0.13333,0.13333,0.0,0.06667,0.66667,0.0,0.0,0.66667,0.0,0.06667,0.01778,0.98348,0.0,0.99048,0.81905,0.87619,0.95238,0.82857,0.0,0.71737,1.0,0.14286,0.0,0.0,0.0,0.0,0.90569,1.0,0.64286,1.0,1.0,1.0,0.5,0.5,0.5,1.0,1.0,0.5,0.5,0.5,0.0,0.0,1.0,1.0,1.0,0.5,0.5,0.0,0.06667,0.2,1.0,1.0,1.0,0.0,1.0,0.0,0.5,0.0,0.5,0.06667,0.5,0.0,0.06667,0.66667,0.0,0.0,0.66667,1.0,0.06667,0.01778,0.99204,0.0,0.97143,0.86667,0.92381,1.0,0.97143,1.0,0.83,1.0,0.21429,0.0,0.0,0.0,0.0,0.90569,1.0,0.64286,1.0,1.0,1.0,0.5,0.5,0.5,1.0,1.0,0.5,0.5,0.5,0.0,0.0,1.0,1.0,1.0,0.5,0.5,0.0,0.06667,0.2,1.0,1.0,1.0,0.0,1.0,0.0,0.0,0.0,0.0,0.2,0.13333,0.0,0.06667,0.66667,0.0,0.0,0.66667,0.0,0.06667,0.01778,0.99941,0.0,0.99048,0.81905,0.87619,0.95238,0.82857,0.0,0.64411,0.8365,0.07143,0.0,0.0,0.0,0.0,0.89764,0.78571,0.57143,1.0,1.0,1.0,0.5,0.5,0.5,1.0,1.0,0.5,0.5,0.5,0.0,0.0,1.0,1.0,1.0,0.5,0.5,0.0,0.06667,0.25,1.0,1.0,1.0,0.0,1.0,0.5,0.5,0.5,0.5,0.5,0.5,0.0,0.06667,0.66667,0.0,0.0,0.66667,0.0,0.06667,0.01778,0.98348,0.0,0.99048,0.81905,0.87619,0.95238,0.5,0.0,0.93543,1.0,0.07143,0.0,0.0,0.0,0.0,0.89764,0.78571,0.5,1.0,1.0,1.0,0.5,0.5,0.5,1.0,1.0,0.5,0.5,0.5,0.0,0.0,1.0,1.0,1.0,0.5,0.5,0.0,0.06667,0.25,1.0,1.0,1.0,0.0,0.5,0.5,0.5,0.5,0.5,0.5,0.5,0.0,0.06667,0.66667,0.0,0.0,0.66667,0.0,0.06667,0.01778,0.9912,0.0,0.95238,0.86667,0.92381,1.0,0.5,1.0,0.63031,0.87544,0.07143,0.0,0.0,0.0,0.0,0.93712,0.71429,0.5,1.0,1.0,1.0,0.5,0.5,0.5,1.0,1.0,0.5,0.5,0.5,0.0,0.0,1.0,1.0,1.0,0.5,0.5,1.0,0.0,0.0,1.0,1.0,1.0,0.0,0.5,0.0,0.0,0.0,0.0,0.13333,0.06667,0.0,0.06667,0.66667,0.0,0.0,0.66667,0.0,0.06667,0.01778,0.98319,0.0,0.97143,0.97143,0.94286,0.98095,0.90476,0.0,0.0001,0.00016,0.07143,1.0,1.0,1.0,0.0,1.0,0.64286,0.85714,1.0,1.0,1.0,0.5,0.06049,0.5,1.0,1.0,0.5,0.5,0.5,0.0,0.0,1.0,1.0,1.0,0.5,0.5,1.0,0.0,0.0,1.0,1.0,1.0,1.0,1.0,0.5,0.5,0.5,0.5,0.5,0.5,0.0,0.06667,0.66667,0.0,0.0,0.66667,0.0,0.06667,0.01778,0.98348,0.0,0.99048,0.81905,0.87619,0.95238,0.5,0.0,0.71737,1.0,0.14286,0.0,0.0,0.0,0.0,0.90569,1.0,0.5,1.0,1.0,1.0,0.5,0.5,0.5,1.0,1.0,0.5,0.5,0.5,0.0,0.0,1.0,1.0,1.0,0.5,0.5,0.0,0.06667,0.2,1.0,1.0,1.0,0.0,0.5
1.0,1.0,1.0,0.0,0.93333,0.46667,0.01576,0.13333,0.23333,0.0,0.0,0.66667,0.0,0.29333,0.00889,0.92363,0.0,0.87619,1.0,1.0,1.0,0.6,0.0,0.0001,1.0,0.0,0.29767,0.2079,0.16667,0.0,0.94492,0.92857,0.57143,1.0,0.93333,0.90287,0.36011,0.5,0.0,1.0,1.0,0.5,0.5,0.5,0.07733,0.5129,0.0,1.0,1.0,0.5,0.5,1.0,0.0,0.0,1.0,1.0,1.0,0.0,1.0,0.0,0.5,0.0,0.5,0.13333,0.5,0.01576,0.13333,0.23333,0.0,0.0,0.66667,1.0,0.29333,0.00889,0.91584,0.0,0.87619,1.0,1.0,1.0,0.87619,0.0,0.71915,1.0,0.07143,0.28465,0.2079,0.14286,0.0,0.95566,1.0,0.28571,0.0,0.93333,0.90287,0.36011,0.36011,0.36011,1.0,1.0,0.5,0.5,0.5,0.0,0.0,1.0,1.0,1.0,0.5,0.5,1.0,0.06667,0.0,1.0,1.0,1.0,0.0,1.0,0.0,0.0,0.0,0.0,0.13333,0.13333,0.01576,0.13333,0.23333,0.0,0.0,0.66667,0.0,0.29333,0.00889,0.90897,0.0,0.87619,1.0,1.0,1.0,0.77143,1.0,0.83433,1.0,0.07143,0.2858,0.2079,0.14286,0.0,0.93288,0.85714,0.85714,0.0,0.93333,0.90287,0.36011,0.13038,0.36011,1.0,1.0,0.5,0.5,0.5,0.0,0.0,1.0,1.0,1.0,0.5,0.5,1.0,0.06667,0.0,1.0,1.0,1.0,0.0,1.0,0.5,0.5,0.5,0.5,0.5,0.5,0.01576,0.13333,0.23333,0.0,0.0,0.66667,0.0,0.29333,0.00889,0.92259,0.0,0.87619,1.0,1.0,1.0,0.5,1.0,0.68538,0.89011,0.07143,0.28465,0.2079,0.14286,0.0,0.95566,1.0,0.5,0.0,0.93333,0.90287,0.36011,0.5,0.36011,1.0,1.0,0.5,0.5,0.5,0.0,0.0,1.0,1.0,1.0,0.5,0.5,1.0,0.06667,0.0,1.0,1.0,1.0,0.0,0.5,0.5,0.5,0.5,0.5,0.5,0.5,0.01576,0.13333,0.23333,0.0,0.0,0.66667,0.0,0.29333,0.00889,0.91584,0.0,0.87619,1.0,1.0,1.0,0.5,0.0,0.85839,1.0,0.0,0.29767,0.2079,0.16667,0.0,0.94492,0.92857,0.5,0.0,0.93333,0.90287,0.36011,0.5,0.36011,1.0,1.0,0.5,0.5,0.5,0.0,0.0,1.0,1.0,1.0,0.5,0.5,1.0,0.06667,0.0,1.0,1.0,1.0,0.0,0.5,0.5,0.5,0.5,0.5,0.5,0.5,0.01576,0.13333,0.23333,0.0,0.0,0.66667,0.0,0.29333,0.00889,0.90832,0.0,0.87619,1.0,1.0,1.0,0.5,1.0,0.70666,0.98147,0.07143,0.2858,0.2079,0.14286,0.0,0.93288,0.85714,0.5,0.0,0.93333,0.90287,0.36011,0.5,0.36011,1.0,1.0,0.5,0.5,0.5,0.0,0.0,1.0,1.0,1.0,0.5,0.5,1.0,0.06667,0.0,1.0,1.0,1.0,0.0,0.5,0.5,0.5,0.5,0.5,0.5,0.5,0.01576,0.13333,0.23333,0.0,0.0,0.66667,0.0,0.29333,0.00889,0.9083,0.0,0.87619,1.0,1.0,1.0,0.5,0.0,0.21895,0.34755,0.07143,0.32076,0.2098,0.2,0.0,0.93948,0.85714,0.5,0.0,0.93333,0.90287,0.36011,0.5,0.36011,1.0,1.0,0.5,0.5,0.5,0.0,0.0,1.0,1.0,1.0,0.5,0.5,1.0,0.06667,0.0,1.0,1.0,1.0,0.0,0.5,0.5,0.5,0.5,0.5,0.5,0.5,0.01576,0.13333,0.23333,0.0,0.0,0.66667,0.0,0.29333,0.00889,0.91584,0.0,0.87619,1.0,1.0,1.0,0.5,0.0,0.71915,1.0,0.07143,0.28465,0.2079,0.14286,0.0,0.95566,1.0,0.5,0.0,0.93333,0.90287,0.36011,0.5,0.36011,1.0,1.0,0.5,0.5,0.5,0.0,0.0,1.0,1.0,1.0,0.5,0.5,1.0,0.06667,0.0,1.0,1.0,1.0,0.0,0.5
0.0,0.0,0.0,0.0,0.06667,0.06667,0.00099,0.2,0.76667,0.0,0.0,0.66667,0.0,0.20444,0.04444,0.0,0.96199,0.47619,1.0,0.47619,1.0,0.47619,0.0,0.0001,1.0,0.0,0.01342,0.00618,0.16667,0.0,0.96505,0.92857,0.42857,1.0,1.0,1.0,0.5,0.5,0.5,1.0,1.0,0.0,0.0,0.71251,0.00398,0.09545,0.0,1.0,1.0,0.02234,1.0,1.0,0.0,0.0,1.0,0.0,1.0,0.0,1.0,0.0,0.5,0.0,0.5,0.2,0.5,0.00099,0.2,0.76667,0.0,0.0,0.66667,1.0,0.20444,0.04444,0.0,0.94048,0.53333,0.87619,0.47619,1.0,0.53333,0.0,0.87442,1.0,0.07143,0.01471,0.00618,0.18182,0.0,0.96354,1.0,0.5,1.0,1.0,1.0,0.5,0.36011,0.5,1.0,1.0,0.02234,1.0,0.7188,0.00398,0.09545,0.0,1.0,1.0,0.02234,1.0,1.0,0.0,0.0,1.0,0.0,1.0,0.0,1.0,0.0,0.0,0.0,0.0,0.2,0.2,0.00099,0.2,0.76667,0.0,0.0,0.66667,0.0,0.20444,0.04444,0.0,0.92274,0.53333,1.0,0.46667,0.87619,0.53333,0.0,0.56854,1.0,0.42857,0.04632,0.00618,0.28571,0.0,0.92953,0.57143,0.71429,0.0,1.0,1.0,0.5,0.13038,0.5,1.0,1.0,0.5,0.5,0.5,0.0,0.0,1.0,1.0,1.0,0.02234,1.0,1.0,0.06667,0.0,1.0,0.0,1.0,0.0,1.0,0.0,0.0,0.0,0.0,0.06667,0.13333,0.00099,0.2,0.76667,0.0,0.0,0.66667,0.0,0.20444,0.04444,0.0,0.9652,0.47619,1.0,0.47619,1.0,0.47619,1.0,0.95681,1.0,0.07143,0.01471,0.00618,0.18182,0.0,0.96354,1.0,0.57143,0.0,1.0,1.0,0.5,0.5,0.5,1.0,1.0,0.5,0.5,0.5,0.0,0.0,1.0,1.0,1.0,0.02234,1.0,1.0,0.06667,0.0,1.0,0.0,1.0,0.0,1.0,0.5,0.5,0.5,0.5,0.5,0.5,0.00099,0.2,0.76667,0.0,0.0,0.66667,0.0,0.20444,0.04444,0.0,0.94048,0.53333,0.87619,0.47619,1.0,0.5,0.0,0.64489,1.0,0.92857,0.79838,0.66441,0.0,0.0,1.0,0.14286,0.5,0.26667,1.0,1.0,0.5,0.5,0.5,1.0,1.0,0.5,0.5,0.5,0.0,0.0,1.0,1.0,1.0,0.02234,1.0,0.73333,0.13333,1.0,1.0,0.0,1.0,0.0,0.5,0.0,0.0,0.0,0.0,0.13333,0.13333,0.00099,0.2,0.76667,0.0,0.0,0.66667,0.0,0.20444,0.04444,0.0,0.91875,0.53333,1.0,0.44762,0.87619,0.53333,0.0,0.44232,0.61434,0.42857,0.00833,0.00618,0.0,0.0,0.99749,0.57143,0.14286,0.0,1.0,1.0,0.5,0.37444,0.5,1.0,1.0,0.5,0.5,0.5,0.0,0.0,1.0,1.0,1.0,0.02234,1.0,1.0,0.06667,0.0,1.0,0.0,1.0,0.0,1.0,0.0,0.0,0.0,0.0,0.2,0.2,0.00099,0.2,0.76667,0.0,0.0,0.66667,0.0,0.20444,0.04444,0.0,0.9265,1.0,1.0,1.0,0.54286,1.0,0.0,0.00029,0.00047,0.07143,0.69585,0.29509,0.4,0.0,0.90986,0.42857,1.0,0.4,1.0,1.0,0.5,0.5,0.5,1.0,1.0,0.0,0.228,0.61603,0.00127,0.01745,0.6,1.0,1.0,0.02234,1.0,1.0,0.06667,0.0,1.0,0.0,1.0,0.0,1.0,0.5,0.5,0.5,0.5,0.5,0.5,0.00099,0.2,0.76667,0.0,0.0,0.66667,0.0,0.20444,0.04444,0.0,0.94048,0.53333,0.87619,0.47619,1.0,0.5,0.0,0.87442,1.0,0.07143,0.01471,0.00618,0.18182,0.0,0.96354,1.0,0.5,1.0,1.0,1.0,0.5,0.5,0.5,1.0,1.0,0.5,0.5,0.5,0.00398,0.09545,0.0,1.0,1.0,0.02234,1.0,1.0,0.0,0.0,1.0,0.0,1.0,0.0,0.5
0.0,0.0,0.0,0.0,0.06667,0.06667,0.00085,0.13333,0.83333,0.0,0.0,0.66667,0.0,0.19111,0.04444,0.0,0.98146,1.0,1.0,0.57143,0.87619,0.47619,0.0,0.0001,1.0,0.0,0.01125,0.00523,0.08333,0.0,0.96275,0.5,0.42857,1.0,1.0,1.0,0.5,0.5,0.5,1.0,1.0,0.0,0.0,0.71251,0.01131,0.0813,0.0,1.0,1.0,0.0,0.0,1.0,0.0,0.0,1.0,0.0,1.0,0.0,1.0,0.0,1.0,0.0,1.0,0.2,0.2,0.00085,0.13333,0.83333,0.0,0.0,0.66667,0.0,0.19111,0.04444,0.0,0.94455,1.0,1.0,0.52381,1.0,0.54286,0.0,0.95086,1.0,0.57143,0.00688,0.00523,0.0,0.0,0.9981,1.0,0.92857,1.0,1.0,1.0,0.5,0.36011,0.5,1.0,1.0,0.02234,1.0,1.0,0.01131,0.0813,0.0,1.0,1.0,0.0,0.0,1.0,0.0,0.0,1.0,0.0,1.0,0.0,1.0,0.0,0.0,0.0,0.0,0.2,0.2,0.00085,0.13333,0.83333,0.0,0.0,0.66667,0.0,0.19111,0.04444,0.0,0.94957,0.77143,0.77143,0.6381,0.77143,0.57143,1.0,0.64109,1.0,0.07143,0.0107,0.00523,0.1,0.0,0.96865,0.64286,0.35714,0.0,1.0,1.0,0.5,0.13038,0.5,1.0,1.0,0.5,0.5,0.5,0.0,0.0,1.0,1.0,1.0,0.0,0.0,1.0,0.06667,0.0,1.0,0.0,1.0,0.0,1.0,0.0,0.0,0.0,0.0,0.06667,0.13333,0.00085,0.13333,0.83333,0.0,0.0,0.66667,0.0,0.19111,0.04444,0.0,0.982,1.0,1.0,0.57143,0.87619,0.47619,0.0,0.9333,1.0,0.07143,0.01232,0.00523,0.09091,0.0,0.96075,0.42857,0.57143,0.0,1.0,1.0,0.5,0.5,0.5,1.0,1.0,0.5,0.5,0.5,0.0,0.0,1.0,1.0,1.0,0.0,0.0,1.0,0.06667,0.0,1.0,0.0,1.0,0.0,1.0,0.5,0.5,0.5,0.5,0.5,0.5,0.00085,0.13333,0.83333,0.0,0.0,0.66667,0.0,0.19111,0.04444,0.0,0.94455,1.0,1.0,0.52381,1.0,0.5,0.0,0.8627,1.0,0.42857,0.0285,0.0069,0.14286,0.0,0.93487,0.14286,0.5,0.0,1.0,1.0,0.5,0.5,0.5,1.0,1.0,0.5,0.5,0.5,0.0,0.29219,1.0,1.0,1.0,0.0,0.0,1.0,0.06667,0.0,1.0,0.0,1.0,0.0,0.5,1.0,0.0,1.0,0.0,0.2,0.13333,0.00085,0.13333,0.83333,0.0,0.0,0.66667,0.0,0.19111,0.04444,0.0,0.94743,0.77143,0.77143,0.6381,0.77143,0.77143,0.0,0.0001,0.00014,0.92857,0.63896,0.48802,0.0,0.0,1.0,0.5,0.35714,0.0,1.0,1.0,0.5,0.37444,0.5,1.0,1.0,0.5,0.5,0.5,0.0,0.0,1.0,1.0,1.0,0.0,0.0,1.0,0.06667,0.0,1.0,0.0,1.0,0.0,1.0,0.0,0.0,0.0,0.0,0.2,0.2,0.00085,0.13333,0.83333,0.0,0.0,0.66667,0.0,0.19111,0.04444,0.0,0.93996,1.0,1.0,0.81905,0.53333,1.0,1.0,0.00041,0.00065,0.07143,0.60592,0.31641,0.2,0.0,0.90969,0.28571,1.0,0.4,1.0,1.0,0.5,0.5,0.5,1.0,1.0,0.0,0.228,0.61603,0.00238,0.0,0.6,1.0,1.0,0.0,0.0,1.0,0.06667,0.0,1.0,0.0,1.0,0.0,1.0,0.0,0.5,0.0,0.5,0.13333,0.5,0.00085,0.13333,0.83333,0.0,0.0,0.66667,1.0,0.19111,0.04444,0.0,0.94455,1.0,1.0,0.52381,1.0,1.0,0.0,0.95086,1.0,0.57143,0.00688,0.00523,0.0,0.0,0.9981,1.0,1.0,1.0,1.0,1.0,0.5,0.5,0.5,1.0,1.0,0.0,0.0,0.5,0.01131,0.0813,0.0,1.0,1.0,0.0,0.0,1.0,0.0,0.0,1.0,0.0,1.0,0.0,1.0
0.0,0.0,0.0,0.0,0.06667,0.06667,0.00046,0.2,1.0,0.0,0.0,0.66667,0.0,0.17333,0.03556,0.99166,0.0,1.0,1.0,0.57143,1.0,0.47619,0.0,0.0001,1.0,0.0,0.00602,0.00267,0.16667,0.0,0.96352,0.92857,0.42857,1.0,1.0,1.0,0.5,0.5,0.5,1.0,1.0,0.0,0.0,0.71251,0.01508,0.0898,0.0,1.0,1.0,0.0,0.228,1.0,0.0,0.0,1.0,0.0,1.0,0.0,1.0,0.0,1.0,0.0,1.0,0.2,0.2,0.00046,0.2,1.0,0.0,0.0,0.66667,0.0,0.17333,0.03556,0.97975,0.0,1.0,1.0,0.57143,1.0,0.53333,0.0,0.8594,1.0,0.07143,0.00667,0.00267,0.18182,0.0,0.95253,1.0,0.5,1.0,1.0,1.0,0.5,0.36011,0.5,1.0,1.0,0.02234,1.0,1.0,0.01508,0.0898,0.0,1.0,1.0,0.0,0.228,1.0,0.0,0.0,1.0,0.0,1.0,0.0,1.0,0.0,0.0,0.0,0.0,0.2,0.2,0.00046,0.2,1.0,0.0,0.0,0.66667,0.0,0.17333,0.03556,0.98032,0.0,0.77143,1.0,0.6381,0.87619,0.57143,1.0,0.66108,1.0,0.07143,0.00586,0.00267,0.2,0.0,0.9705,0.78571,0.35714,0.0,1.0,1.0,0.5,0.13038,0.5,1.0,1.0,0.5,0.5,0.5,0.0,0.0,1.0,1.0,1.0,0.0,0.228,1.0,0.06667,0.0,1.0,0.0,1.0,0.0,1.0,0.0,0.5,0.0,0.5,0.2,0.5,0.00046,0.2,1.0,0.0,0.0,0.66667,1.0,0.17333,0.03556,0.99231,0.0,1.0,1.0,0.57143,1.0,1.0,0.0,0.93969,1.0,0.07143,0.00667,0.00267,0.18182,0.0,0.95253,1.0,1.0,0.0,1.0,1.0,0.5,0.5,0.5,1.0,1.0,0.5,0.5,0.5,0.0,0.0,1.0,1.0,1.0,0.0,0.228,1.0,0.06667,0.0,1.0,0.0,1.0,0.0,1.0,0.5,0.5,0.5,0.5,0.5,0.5,0.00046,0.2,1.0,0.0,0.0,0.66667,0.0,0.17333,0.03556,0.97975,0.0,1.0,1.0,0.57143,1.0,0.5,1.0,0.66272,1.0,0.92857,0.62566,0.45525,0.0,0.0,1.0,0.14286,0.5,0.66667,1.0,1.0,0.5,0.5,0.5,1.0,1.0,0.5,0.5,0.5,0.0,0.0,1.0,1.0,1.0,0.0,0.228,0.33333,0.13333,1.0,1.0,0.0,1.0,0.0,0.5,0.0,0.0,0.0,0.0,0.2,0.2,0.00046,0.2,1.0,0.0,0.0,0.66667,0.0,0.17333,0.03556,0.98277,0.0,0.77143,1.0,0.6381,0.87619,1.0,0.0,0.0001,0.00014,0.92857,0.50879,0.3704,0.0,0.0,1.0,0.21429,1.0,0.0,1.0,1.0,0.5,0.37444,0.5,1.0,1.0,0.5,0.5,0.5,0.0,0.0,1.0,1.0,1.0,0.0,0.228,1.0,0.06667,0.0,1.0,0.0,1.0,0.0,1.0,0.0,0.0,0.0,0.0,0.2,0.2,0.00046,0.2,1.0,0.0,0.0,0.66667,0.0,0.17333,0.03556,0.0,0.99173,1.0,1.0,0.52381,0.87619,0.53333,0.0,0.0001,0.00016,0.57143,0.7246,0.3704,0.2,0.0,0.90894,0.42857,0.14286,0.4,1.0,1.0,0.5,0.5,0.5,1.0,1.0,0.0,0.228,0.81327,0.00439,0.00069,0.6,1.0,1.0,0.0,0.228,1.0,0.06667,0.0,1.0,0.0,1.0,0.0,1.0,0.0,0.0,0.0,0.0,0.13333,0.2,0.00046,0.2,1.0,0.0,0.0,0.66667,0.0,0.17333,0.03556,0.97975,0.0,1.0,1.0,0.57143,1.0,0.87619,0.0,0.8594,1.0,0.07143,0.00667,0.00267,0.18182,0.0,0.95253,1.0,0.42857,1.0,1.0,1.0,0.5,0.5,0.5,1.0,1.0,0.0,0.0,0.84679,0.01508,0.0898,0.0,1.0,1.0,0.0,0.228,1.0,0.0,0.0,1.0,0.0,1.0,0.0,1.0
1.0,0.0,1.0,0.0,0.8,0.26667,0.00094,0.33333,1.0,0.0,0.0,0.66667,0.0,0.14667,0.05778,0.0,0.91525,0.69524,1.0,0.73333,1.0,0.6,0.0,0.0001,1.0,0.0,0.01356,0.00592,0.25,0.0,0.8425,0.92857,0.42857,1.0,1.0,1.0,0.5,0.5,0.5,1.0,1.0,0.5,0.5,0.5,0.00262,0.08401,0.13333,1.0,1.0,0.07979,1.0,0.9,0.2,0.375,0.66667,0.33333,1.0,0.0,1.0,1.0,1.0,1.0,1.0,0.4,0.4,0.00094,0.33333,1.0,0.0,0.0,0.66667,0.0,0.14667,0.05778,0.0,0.94651,0.69524,1.0,0.73333,1.0,0.79048,0.0,0.80129,1.0,0.07143,0.01205,0.00592,0.14286,0.0,0.93423,0.85714,0.85714,0.86667,1.0,1.0,0.5,0.5,0.5,1.0,1.0,0.07979,1.0,1.0,0.00262,0.08401,0.13333,1.0,1.0,0.07979,1.0,1.0,0.06667,0.0,1.0,1.0,1.0,0.0,1.0,0.0,0.0,0.0,0.0,0.26667,0.26667,0.00094,0.33333,1.0,0.0,0.0,0.66667,0.0,0.14667,0.05778,0.0,0.98688,0.73333,1.0,0.77143,0.77143,0.73333,1.0,0.9378,1.0,0.64286,0.00918,0.00592,0.2,0.0,0.81994,0.71429,0.71429,0.0,1.0,1.0,0.5,0.37209,0.5,1.0,1.0,0.5,0.5,0.5,0.0,0.0,1.0,1.0,1.0,0.07979,1.0,1.0,0.06667,0.0,1.0,1.0,1.0,0.0,1.0,0.0,0.5,0.0,0.5,0.33333,0.5,0.00094,0.33333,1.0,0.0,0.0,0.66667,1.0,0.14667,0.05778,0.0,0.91995,0.69524,1.0,0.73333,1.0,0.69524,0.0,0.66223,0.86003,0.07143,0.01219,0.00592,0.28571,0.0,0.82763,1.0,0.71429,0.63333,1.0,1.0,0.5,1.0,0.5,1.0,1.0,0.5,0.5,0.5,0.0,0.0,1.0,1.0,1.0,0.07979,1.0,0.46667,0.4,0.71429,0.4,0.4,1.0,0.0,1.0,0.0,0.0,0.0,0.0,0.26667,0.26667,0.00094,0.33333,1.0,0.0,0.0,0.66667,0.0,0.14667,0.05778,0.0,0.94651,0.69524,1.0,0.73333,1.0,0.69524,1.0,0.87961,1.0,0.07143,0.01616,0.00619,0.28571,0.0,0.83321,0.85714,0.57143,0.0,1.0,1.0,0.5,0.5,0.5,1.0,1.0,0.5,0.5,0.5,0.0,0.0,1.0,1.0,1.0,0.07979,1.0,1.0,0.06667,0.0,1.0,1.0,1.0,0.0,1.0,0.5,0.5,0.5,0.5,0.5,0.5,0.00094,0.33333,1.0,0.0,0.0,0.66667,0.0,0.14667,0.05778,0.0,0.98772,0.73333,1.0,0.77143,0.77143,0.5,1.0,0.92754,1.0,0.64286,0.00918,0.00592,0.2,0.0,0.81994,0.71429,0.5,0.0,1.0,1.0,0.5,0.5,0.5,1.0,1.0,0.5,0.5,0.5,0.0,0.0,1.0,1.0,1.0,0.07979,1.0,1.0,0.06667,0.0,1.0,1.0,1.0,0.0,0.5,0.0,0.0,0.0,0.0,0.26667,0.26667,0.00094,0.33333,1.0,0.0,0.0,0.66667,0.0,0.14667,0.05778,0.0,0.9912,0.73333,1.0,0.77143,0.77143,0.73333,1.0,0.98963,1.0,0.64286,0.00918,0.00592,0.2,0.0,0.81994,0.71429,0.57143,0.4,1.0,1.0,0.5,0.56158,0.5,1.0,1.0,0.5,0.5,0.5,0.0011,0.03201,0.6,1.0,1.0,0.07979,1.0,1.0,0.06667,0.0,1.0,1.0,1.0,0.0,1.0,0.5,0.5,0.5,0.5,0.5,0.5,0.00094,0.33333,1.0,0.0,0.0,0.66667,0.0,0.14667,0.05778,0.0,0.94651,0.69524,1.0,0.73333,1.0,0.5,0.0,0.80129,1.0,0.07143,0.01205,0.00592,0.14286,0.0,0.93423,0.85714,0.5,0.86667,1.0,1.0,0.5,0.5,0.5,1.0,1.0,0.5,0.5,0.5,0.00262,0.08401,0.13333,1.0,1.0,0.07979,1.0,1.0,0.06667,0.0,1.0,1.0,1.0,0.0,0.5
1.0,0.5,1.0,0.5,1.0,0.5,0.07032,1.0,0.06667,0.0,0.0,0.66667,1.0,0.12444,0.0,0.5,0.5,0.97143,0.93333,1.0,1.0,0.97143,1.0,0.0001,1.0,0.0,1.0,1.0,1.0,0.0,1.0,1.0,1.0,1.0,1.0,1.0,0.5,0.5,0.5,1.0,1.0,0.5,0.5,0.5,0.5,0.5,0.0,1.0,1.0,0.5,0.5,1.0,0.0,0.0,1.0,1.0,1.0,1.0,1.0,0.5,0.5,0.5,0.5,0.5,0.5,0.07032,1.0,0.06667,0.0,0.0,0.66667,0.0,0.12444,0.0,0.5,0.5,0.97143,0.93333,1.0,1.0,0.5,1.0,0.65104,0.93005,0.21429,1.0,1.0,1.0,1.0,0.75,0.78571,0.5,0.8,1.0,1.0,0.5,0.5,0.5,1.0,1.0,0.5,0.5,0.5,0.5,0.5,1.0,1.0,1.0,0.5,0.5,0.2,0.26667,1.0,1.0,1.0,1.0,0.0,0.5,0.5,0.5,0.5,0.5,0.5,0.5,0.07032,1.0,0.06667,0.0,0.0,0.66667,0.0,0.12444,0.0,0.5,0.5,0.97143,0.93333,1.0,1.0,0.5,1.0,0.69861,1.0,0.21429,1.0,1.0,1.0,1.0,0.75,0.78571,0.5,0.8,1.0,1.0,0.5,0.5,0.5,1.0,1.0,0.5,0.5,0.5,0.5,0.5,1.0,1.0,1.0,0.5,0.5,0.2,0.2,0.66667,1.0,1.0,1.0,0.0,0.5,0.5,0.5,0.5,0.5,0.5,0.5,0.07032,1.0,0.06667,0.0,0.0,0.66667,0.0,0.12444,0.0,0.5,0.5,0.97143,0.93333,1.0,1.0,0.5,1.0,0.63579,0.8257,0.21429,1.0,1.0,1.0,1.0,0.75,0.78571,0.5,0.63333,1.0,1.0,0.5,0.5,0.5,1.0,1.0,0.5,0.5,0.5,0.5,0.5,1.0,1.0,1.0,0.5,0.5,0.43333,0.2,0.66667,1.0,1.0,1.0,0.0,0.5,0.5,0.5,0.5,0.5,0.5,0.5,0.07032,1.0,0.06667,0.0,0.0,0.66667,0.0,0.12444,0.0,0.5,0.5,0.97143,0.93333,1.0,1.0,0.5,1.0,0.78843,1.0,0.21429,1.0,1.0,1.0,1.0,0.75,0.78571,0.5,0.7,1.0,1.0,0.5,0.5,0.5,1.0,1.0,0.5,0.5,0.5,0.5,0.5,1.0,1.0,1.0,0.5,0.5,0.3,0.2,0.66667,1.0,1.0,1.0,0.0,0.5,0.5,0.5,0.5,0.5,0.5,0.5,0.07032,1.0,0.06667,0.0,0.0,0.66667,0.0,0.12444,0.0,0.5,0.5,0.97143,0.93333,1.0,1.0,0.5,1.0,0.64635,0.8977,0.21429,1.0,1.0,1.0,1.0,0.75,0.78571,0.5,0.5,1.0,1.0,0.5,0.5,0.5,1.0,1.0,0.5,0.5,0.5,0.5,0.5,1.0,1.0,1.0,0.5,0.5,0.5,0.2,0.66667,1.0,1.0,1.0,0.0,0.5,0.5,0.5,0.5,0.5,0.5,0.5,0.07032,1.0,0.06667,0.0,0.0,0.66667,0.0,0.12444,0.0,0.5,0.5,0.97143,0.93333,1.0,1.0,0.5,1.0,0.5601,0.88905,0.07143,1.0,1.0,1.0,1.0,1.0,0.92857,0.5,0.8,1.0,1.0,0.5,0.5,0.5,1.0,1.0,0.5,0.5,0.5,0.5,0.5,1.0,1.0,1.0,0.5,0.5,0.5,0.13333,1.0,1.0,1.0,1.0,0.0,0.5,0.5,0.5,0.5,0.5,0.5,0.5,0.07032,1.0,0.06667,0.0,0.0,0.66667,0.0,0.12444,0.0,0.5,0.5,0.97143,0.93333,1.0,1.0,0.5,1.0,0.65104,0.93005,0.21429,1.0,1.0,1.0,1.0,0.75,0.78571,0.5,0.0,1.0,1.0,0.5,0.5,0.5,1.0,1.0,0.5,0.5,0.5,0.5,0.5,1.0,1.0,1.0,0.5,0.5,1.0,0.06667,0.0,1.0,1.0,1.0,0.0,0.5
1.0,0.5,0.0,0.5,0.56667,0.5,0.06652,0.56667,0.06667,0.0,0.0,0.66667,1.0,0.18667,0.0,0.5,0.5,0.89524,0.85714,1.0,1.0,0.89524,1.0,0.0001,1.0,0.0,1.0,1.0,1.0,0.0,1.0,1.0,1.0,1.0,1.0,1.0,0.5,0.5,0.5,1.0,1.0,0.5,0.5,0.5,0.5,0.5,0.0,1.0,1.0,0.5,0.5,1.0,0.0,0.0,1.0,1.0,1.0,1.0,1.0,0.5,0.5,0.5,0.5,0.5,0.5,0.06652,0.56667,0.06667,0.0,0.0,0.66667,0.0,0.18667,0.0,0.5,0.5,0.89524,0.85714,1.0,1.0,0.5,1.0,0.54714,0.78163,0.07143,1.0,1.0,1.0,1.0,1.0,0.92857,0.5,0.8,1.0,1.0,0.5,0.5,0.5,1.0,1.0,0.5,0.5,0.5,0.5,0.5,1.0,1.0,1.0,0.5,0.5,0.2,0.13333,1.0,1.0,1.0,1.0,0.0,0.5,0.5,0.5,0.5,0.5,0.5,0.5,0.06652,0.56667,0.06667,0.0,0.0,0.66667,0.0,0.18667,0.0,0.5,0.5,0.89524,0.85714,1.0,1.0,0.5,1.0,0.56285,1.0,0.07143,1.0,1.0,1.0,1.0,1.0,0.92857,0.5,0.8,1.0,1.0,0.5,0.5,0.5,1.0,1.0,0.5,0.5,0.5,0.5,0.5,1.0,1.0,1.0,0.5,0.5,0.5,0.13333,1.0,1.0,1.0,1.0,0.0,0.5,0.5,0.5,0.5,0.5,0.5,0.5,0.06652,0.56667,0.06667,0.0,0.0,0.66667,0.0,0.18667,0.0,0.5,0.5,0.89524,0.85714,1.0,1.0,0.5,1.0,0.54218,0.70413,0.07143,1.0,1.0,1.0,1.0,1.0,0.92857,0.5,0.63333,1.0,1.0,0.5,0.5,0.5,1.0,1.0,0.5,0.5,0.5,0.5,0.5,1.0,1.0,1.0,0.5,0.5,0.66667,0.13333,1.0,1.0,1.0,1.0,0.0,0.5,0.5,0.5,0.5,0.5,0.5,0.5,0.06652,0.56667,0.06667,0.0,0.0,0.66667,0.0,0.18667,0.0,0.5,0.5,0.89524,0.85714,1.0,1.0,0.5,1.0,0.59328,1.0,0.07143,1.0,1.0,1.0,1.0,1.0,0.92857,0.5,0.7,1.0,1.0,0.5,0.5,0.5,1.0,1.0,0.5,0.5,0.5,0.5,0.5,1.0,1.0,1.0,0.5,0.5,0.3,0.13333,1.0,1.0,1.0,1.0,0.0,0.5,0.5,0.5,0.5,0.5,0.5,0.5,0.06652,0.56667,0.06667,0.0,0.0,0.66667,0.0,0.18667,0.0,0.5,0.5,0.89524,0.85714,1.0,1.0,0.5,1.0,0.55473,0.77045,0.07143,1.0,1.0,1.0,0.0,1.0,0.92857,0.5,0.5,1.0,1.0,0.5,0.5,0.5,1.0,1.0,0.5,0.5,0.5,0.5,0.5,1.0,1.0,1.0,0.5,0.5,0.5,0.13333,1.0,1.0,1.0,1.0,0.0,0.5,0.5,0.5,0.5,0.5,0.5,0.5,0.06652,0.56667,0.06667,0.0,0.0,0.66667,0.0,0.18667,0.0,0.5,0.5,0.89524,0.85714,1.0,1.0,0.5,1.0,0.55339,0.8784,0.07143,1.0,1.0,1.0,1.0,1.0,0.92857,0.5,0.8,1.0,1.0,0.5,0.5,0.5,1.0,1.0,0.5,0.5,0.5,0.5,0.5,1.0,1.0,1.0,0.5,0.5,0.53333,0.13333,1.0,1.0,1.0,1.0,0.0,0.5,0.5,0.5,0.5,0.5,0.5,0.5,0.06652,0.56667,0.06667,0.0,0.0,0.66667,0.0,0.18667,0.0,0.5,0.5,0.89524,0.85714,1.0,1.0,0.5,1.0,0.54714,0.78163,0.07143,1.0,1.0,1.0,1.0,1.0,0.92857,0.5,0.0,1.0,1.0,0.5,0.5,0.5,1.0,1.0,0.5,0.5,0.5,0.5,0.5,1.0,1.0,1.0,0.5,0.5,1.0,0.06667,0.0,1.0,1.0,1.0,0.0,0.5
1.0,1.0,1.0,0.0,0.86667,0.13333,0.00018,0.06667,0.0,0.81081,0.0,0.66667,0.0,0.37333,0.01333,0.0,0.99991,1.0,1.0,0.6,0.6,0.24762,0.0,0.40511,1.0,0.0,0.0574,0.02955,0.0,0.0,1.0,0.92857,0.92857,1.0,1.0,1.0,0.5,0.5,0.5,1.0,1.0,0.5,0.5,0.5,0.00029,0.0,0.0,1.0,1.0,0.33863,1.0,1.0,0.0,0.0,1.0,0.0,1.0,0.0,1.0,0.5,0.5,0.5,0.5,0.5,0.5,0.00018,0.06667,0.0,0.81081,0.0,0.66667,0.0,0.37333,0.01333,0.0,0.99995,1.0,1.0,1.0,1.0,0.5,0.0,0.55857,0.79796,0.07143,0.00626,0.00225,0.0,0.0,0.99529,1.0,0.5,1.0,1.0,1.0,0.5,0.5,0.5,1.0,1.0,0.5,0.5,0.5,0.00029,0.0,0.0,1.0,1.0,0.33863,1.0,1.0,0.0,0.0,1.0,0.0,1.0,0.0,0.5,0.0,1.0,0.0,1.0,0.06667,0.06667,0.00018,0.06667,0.0,0.81081,0.0,0.66667,0.0,0.37333,0.01333,0.0,0.99939,1.0,1.0,1.0,1.0,1.0,0.0,0.00013,0.00024,0.07143,1.0,1.0,1.0,0.0,1.0,0.85714,1.0,0.4,1.0,1.0,0.5,0.18018,0.5,1.0,1.0,0.18013,0.58771,0.48373,0.0,0.0,1.0,1.0,1.0,0.33863,1.0,1.0,0.06667,1.0,1.0,0.0,1.0,1.0,1.0,0.5,0.5,0.5,0.5,0.5,0.5,0.00018,0.06667,0.0,0.81081,0.0,0.66667,0.0,0.37333,0.01333,0.0,0.99973,1.0,1.0,0.6,0.6,0.5,0.0,0.55321,0.71845,0.07143,0.00626,0.00225,0.0,0.0,0.99529,1.0,0.5,0.0,1.0,1.0,0.5,0.5,0.5,1.0,1.0,0.5,0.5,0.5,0.0,0.0,1.0,1.0,1.0,0.33863,1.0,1.0,0.06667,0.0,1.0,0.0,1.0,0.0,0.5,0.5,0.5,0.5,0.5,0.5,0.5,0.00018,0.06667,0.0,0.81081,0.0,0.66667,0.0,0.37333,0.01333,0.0,0.99995,1.0,1.0,1.0,1.0,0.5,0.0,0.60323,1.0,0.07143,0.00626,0.00225,0.0,0.0,0.99529,1.0,0.5,0.0,1.0,1.0,0.5,0.5,0.5,1.0,1.0,0.5,0.5,0.5,0.0,0.0,1.0,1.0,1.0,0.33863,1.0,1.0,0.06667,0.0,1.0,0.0,1.0,0.0,0.5,0.5,0.5,0.5,0.5,0.5,0.5,0.00018,0.06667,0.0,0.81081,0.0,0.66667,0.0,0.37333,0.01333,0.0,0.99934,1.0,1.0,1.0,1.0,0.5,0.0,0.8179,1.0,0.57143,0.00318,0.00239,0.0,0.0,0.98763,0.35714,0.5,0.0,1.0,1.0,0.5,0.5,0.5,1.0,1.0,0.5,0.5,0.5,0.0,0.0,1.0,1.0,1.0,0.33863,1.0,1.0,0.06667,0.0,1.0,0.0,1.0,0.0,0.5,0.0,0.0,0.0,0.0,0.06667,0.06667,0.00018,0.06667,0.0,0.81081,0.0,0.66667,0.0,0.37333,0.01333,0.0,0.99913,1.0,1.0,1.0,1.0,1.0,0.0,0.0001,0.00016,0.0,0.0574,0.02955,0.0,0.0,1.0,0.92857,1.0,0.0,1.0,1.0,0.5,0.58844,0.5,1.0,1.0,0.0,0.228,0.91953,0.0,0.0,1.0,1.0,1.0,0.33863,1.0,1.0,0.06667,0.0,1.0,0.0,1.0,0.0,1.0,0.0,0.5,0.0,0.5,0.06667,0.5,0.00018,0.06667,0.0,0.81081,0.0,0.66667,1.0,0.37333,0.01333,0.0,0.99995,1.0,1.0,1.0,1.0,1.0,0.0,0.55857,0.79796,0.07143,0.00626,0.00225,0.0,0.0,0.99529,1.0,1.0,1.0,1.0,1.0,0.5,0.0,0.5,1.0,1.0,0.33863,1.0,0.39513,0.00029,0.0,0.0,1.0,1.0,0.33863,1.0,1.0,0.0,0.0,1.0,0.0,1.0,0.0,1.0
0.0,0.0,0.0,0.0,0.23333,0.33333,0.05337,0.13333,0.3,0.0,0.0,0.66667,0.0,0.37778,0.0,0.97642,0.0,1.0,1.0,1.0,1.0,0.68571,0.0,0.0001,1.0,0.0,0.81384,0.6394,0.0,0.0,0.97709,0.92857,0.64286,1.0,1.0,1.0,0.5,0.5,0.5,1.0,1.0,0.5,0.5,0.5,0.13938,0.11521,0.0,1.0,1.0,0.5,0.5,1.0,0.0,0.0,1.0,1.0,1.0,0.4,1.0,0.0,1.0,0.0,0.0,0.73333,0.73333,0.05337,0.13333,0.3,0.0,0.0,0.66667,0.0,0.37778,0.0,0.97642,0.0,1.0,1.0,1.0,1.0,0.88571,0.0,0.86987,1.0,0.21429,0.82331,0.6394,0.125,0.0,0.95575,0.85714,0.71429,0.8,1.0,1.0,0.5,0.5,0.5,1.0,1.0,0.5,0.5,0.5,0.0,0.0,1.0,1.0,1.0,0.5,0.5,0.2,0.26667,0.375,0.33333,1.0,1.0,0.375,1.0,1.0,1.0,1.0,0.0,0.73333,0.6,0.05337,0.13333,0.3,0.0,0.0,0.66667,0.0,0.37778,0.0,0.97642,0.0,1.0,1.0,1.0,1.0,1.0,0.0,0.82589,1.0,0.07143,0.8522,0.6394,0.16667,0.0,0.97134,1.0,1.0,0.8,1.0,1.0,0.5,0.5,0.5,1.0,1.0,0.5,0.5,0.5,0.0,0.0,1.0,1.0,1.0,0.5,0.5,0.2,0.2,0.33333,0.0,1.0,1.0,0.5,1.0,0.0,0.5,0.0,0.5,0.13333,0.5,0.05337,0.13333,0.3,0.0,0.0,0.66667,1.0,0.37778,0.0,0.97642,0.0,1.0,1.0,1.0,1.0,1.0,0.0,0.6746,0.87611,0.07143,0.8522,0.6394,0.16667,0.0,0.97134,1.0,1.0,0.63333,1.0,1.0,0.5,0.5,0.5,1.0,1.0,0.5,0.5,0.5,0.0,0.0,1.0,1.0,1.0,0.5,0.5,0.4,0.2,0.33333,0.0,1.0,1.0,0.5,1.0,0.5,0.5,0.5,0.5,0.5,0.5,0.05337,0.13333,0.3,0.0,0.0,0.66667,0.0,0.37778,0.0,0.97642,0.0,1.0,1.0,1.0,1.0,0.5,0.0,0.96745,1.0,0.0,0.81384,0.6394,0.0,0.0,0.97709,0.92857,0.5,0.7,1.0,1.0,0.5,0.5,0.5,1.0,1.0,0.5,0.5,0.5,0.0,0.0,1.0,1.0,1.0,0.5,0.5,0.3,0.33333,0.8,0.25,1.0,1.0,0.4,0.5,0.5,0.5,0.5,0.5,0.5,0.5,0.05337,0.13333,0.3,0.0,0.0,0.66667,0.0,0.37778,0.0,0.97642,0.0,1.0,1.0,1.0,1.0,0.5,0.0,0.2986,0.41472,0.0,0.81384,0.6394,0.0,0.0,0.97709,0.92857,0.5,0.5,1.0,1.0,0.5,0.5,0.5,1.0,1.0,0.5,0.5,0.5,0.0,0.0,1.0,1.0,1.0,0.5,0.5,0.5,0.4,1.0,0.2,1.0,1.0,0.4,0.5,1.0,0.0,0.0,0.0,0.53333,0.13333,0.05337,0.13333,0.3,0.0,0.0,0.66667,0.0,0.37778,0.0,0.97642,0.0,1.0,1.0,1.0,1.0,1.0,0.0,0.39,0.61905,0.0,0.81384,0.6394,0.0,0.0,0.97709,0.92857,1.0,0.8,1.0,1.0,0.5,0.5,0.5,1.0,1.0,0.5,0.5,0.5,0.0,0.0,1.0,1.0,1.0,0.5,0.5,0.2,0.4,1.0,0.2,1.0,1.0,0.4,1.0,1.0,1.0,1.0,1.0,0.8,0.73333,0.05337,0.13333,0.3,0.0,0.0,0.66667,0.0,0.37778,0.0,0.97642,0.0,1.0,1.0,1.0,1.0,0.82857,0.0,0.86987,1.0,0.21429,0.82331,0.6394,0.125,0.0,0.95575,0.85714,0.0,0.0,1.0,1.0,0.5,0.5,0.5,1.0,1.0,0.5,0.5,0.5,0.0,0.0,1.0,1.0,1.0,0.5,0.5,1.0,0.06667,0.0,1.0,1.0,1.0,0.375,1.0
1.0,0.5,1.0,0.5,0.5,0.5,0.0679,0.5,0.06667,0.0,0.0,0.66667,1.0,0.19556,0.0,0.5,0.5,0.89524,0.90476,1.0,1.0,0.89524,1.0,0.0001,1.0,0.0,1.0,1.0,1.0,0.0,1.0,1.0,1.0,1.0,1.0,1.0,0.5,0.5,0.5,1.0,1.0,0.5,0.5,0.5,0.5,0.5,0.0,1.0,1.0,0.5,0.5,1.0,0.0,0.0,1.0,1.0,1.0,1.0,1.0,0.5,0.5,0.5,0.5,0.5,0.5,0.0679,0.5,0.06667,0.0,0.0,0.66667,0.0,0.19556,0.0,0.5,0.5,0.89524,0.90476,1.0,1.0,0.5,1.0,0.54936,0.7848,0.07143,1.0,1.0,1.0,1.0,1.0,0.92857,0.5,0.8,1.0,1.0,0.5,0.5,0.5,1.0,1.0,0.5,0.5,0.5,0.5,0.5,1.0,1.0,1.0,0.5,0.5,0.2,0.13333,1.0,1.0,1.0,1.0,0.0,0.5,0.5,0.5,0.5,0.5,0.5,0.5,0.0679,0.5,0.06667,0.0,0.0,0.66667,0.0,0.19556,0.0,0.5,0.5,0.89524,0.90476,1.0,1.0,0.5,1.0,0.56583,1.0,0.07143,1.0,1.0,1.0,1.0,1.0,0.92857,0.5,0.8,1.0,1.0,0.5,0.5,0.5,1.0,1.0,0.5,0.5,0.5,0.5,0.5,1.0,1.0,1.0,0.5,0.5,0.5,0.13333,1.0,1.0,1.0,1.0,0.0,0.5,0.5,0.5,0.5,0.5,0.5,0.5,0.0679,0.5,0.06667,0.0,0.0,0.66667,0.0,0.19556,0.0,0.5,0.5,0.89524,0.90476,1.0,1.0,0.5,1.0,0.54416,0.7067,0.07143,1.0,1.0,1.0,1.0,1.0,0.92857,0.5,0.63333,1.0,1.0,0.5,0.5,0.5,1.0,1.0,0.5,0.5,0.5,0.5,0.5,1.0,1.0,1.0,0.5,0.5,0.66667,0.13333,1.0,1.0,1.0,1.0,0.0,0.5,0.5,0.5,0.5,0.5,0.5,0.5,0.0679,0.5,0.06667,0.0,0.0,0.66667,0.0,0.19556,0.0,0.5,0.5,0.89524,0.90476,1.0,1.0,0.5,1.0,0.59774,1.0,0.07143,1.0,1.0,1.0,1.0,1.0,0.92857,0.5,0.7,1.0,1.0,0.5,0.5,0.5,1.0,1.0,0.5,0.5,0.5,0.5,0.5,1.0,1.0,1.0,0.5,0.5,0.3,0.13333,1.0,1.0,1.0,1.0,0.0,0.5,0.5,0.5,0.5,0.5,0.5,0.5,0.0679,0.5,0.06667,0.0,0.0,0.66667,0.0,0.19556,0.0,0.5,0.5,0.89524,0.90476,1.0,1.0,0.5,1.0,0.54776,0.76077,0.07143,1.0,1.0,1.0,1.0,1.0,0.92857,0.5,0.5,1.0,1.0,0.5,0.5,0.5,1.0,1.0,0.5,0.5,0.5,0.5,0.5,1.0,1.0,1.0,0.5,0.5,0.5,0.13333,1.0,1.0,1.0,1.0,0.0,0.5,0.5,0.5,0.5,0.5,0.5,0.5,0.0679,0.5,0.06667,0.0,0.0,0.66667,0.0,0.19556,0.0,0.5,0.5,0.89524,0.90476,1.0,1.0,0.5,1.0,0.55591,0.8824,0.07143,1.0,1.0,1.0,1.0,1.0,0.92857,0.5,0.8,1.0,1.0,0.5,0.5,0.5,1.0,1.0,0.5,0.5,0.5,0.5,0.5,1.0,1.0,1.0,0.5,0.5,0.53333,0.13333,1.0,1.0,1.0,1.0,0.0,0.5,0.5,0.5,0.5,0.5,0.5,0.5,0.0679,0.5,0.06667,0.0,0.0,0.66667,0.0,0.19556,0.0,0.5,0.5,0.89524,0.90476,1.0,1.0,0.5,1.0,0.54936,0.7848,0.07143,1.0,1.0,1.0,1.0,1.0,0.92857,0.5,0.0,1.0,1.0,0.5,0.5,0.5,1.0,1.0,0.5,0.5,0.5,0.5,0.5,1.0,1.0,1.0,0.5,0.5,1.0,0.06667,0.0,1.0,1.0,1.0,0.0,0.5
1.0,1.0,1.0,1.0,0.86667,0.66667,0.05005,0.26667,0.46667,0.0,0.0,0.66667,0.0,0.16889,0.05778,0.0,0.99944,1.0,0.99048,1.0,1.0,1.0,0.0,0.0001,1.0,0.0,0.91301,0.66739,0.2,0.0,0.90473,0.92857,1.0,1.0,1.0,1.0,0.5,0.5,0.5,1.0,1.0,1.0,1.0,1.0,0.08005,0.0,0.0,1.0,1.0,0.09597,0.24016,1.0,0.0,0.0,1.0,0.0,1.0,0.4,1.0,0.5,0.5,0.5,0.5,0.5,0.5,0.05005,0.26667,0.46667,0.0,0.0,0.66667,0.0,0.16889,0.05778,0.0,0.99217,1.0,0.99048,1.0,1.0,0.5,0.0,0.70814,1.0,0.07143,0.83018,0.53756,0.16667,0.0,0.86682,0.85714,0.5,1.0,1.0,1.0,0.5,0.5,0.5,1.0,1.0,0.5,0.5,0.5,0.08005,0.0,0.0,1.0,1.0,0.09597,0.24016,1.0,0.0,0.0,1.0,0.0,1.0,0.33333,0.5,0.0,0.0,0.0,0.0,0.66667,0.2,0.05005,0.26667,0.46667,0.0,0.0,0.66667,0.0,0.16889,0.05778,0.0,0.98674,1.0,0.99048,1.0,1.0,1.0,0.0,0.7843,1.0,0.07143,0.87254,0.66739,0.16667,0.0,0.78692,1.0,0.85714,0.43333,1.0,1.0,0.5,0.9014,0.5,1.0,1.0,0.09597,0.24016,0.63957,0.07313,0.02166,0.6,1.0,1.0,0.09597,0.24016,0.96667,0.13333,0.16667,0.0,0.0,1.0,0.33333,1.0,0.0,0.0,0.0,0.0,0.13333,0.13333,0.05005,0.26667,0.46667,0.0,0.0,0.66667,0.0,0.16889,0.05778,0.0,0.99839,1.0,0.99048,1.0,1.0,1.0,0.0,0.67751,0.87988,0.07143,0.83018,0.53756,0.16667,0.0,0.86682,0.85714,0.85714,0.56667,1.0,1.0,0.5,0.5,0.5,1.0,1.0,0.5,0.5,0.5,0.0,0.0,1.0,1.0,1.0,0.09597,0.24016,0.43333,0.2,0.33333,0.5,0.5,1.0,0.33333,0.92857,0.0,0.5,0.0,0.5,0.26667,0.5,0.05005,0.26667,0.46667,0.0,0.0,0.66667,1.0,0.16889,0.05778,0.0,0.99217,1.0,0.99048,1.0,1.0,1.0,1.0,0.99653,1.0,0.07143,0.87254,0.66739,0.16667,0.0,0.78692,1.0,1.0,0.7,1.0,1.0,0.5,1.0,0.5,1.0,1.0,0.5,0.5,0.5,0.0,0.0,1.0,1.0,1.0,0.09597,0.24016,0.3,0.2,0.33333,0.5,0.5,1.0,0.33333,1.0,0.0,0.0,0.0,0.0,0.26667,0.13333,0.05005,0.26667,0.46667,0.0,0.0,0.66667,0.0,0.16889,0.05778,0.0,0.98627,1.0,0.99048,1.0,1.0,0.77143,1.0,0.69207,0.9612,0.07143,0.84294,0.57718,0.16667,0.0,0.78797,0.85714,0.64286,0.13333,1.0,1.0,0.5,0.5,0.5,1.0,1.0,0.5,0.5,0.5,0.0,0.0,1.0,1.0,1.0,0.09597,0.24016,0.86667,0.2,0.33333,0.5,0.5,1.0,0.33333,1.0,1.0,1.0,1.0,1.0,0.26667,0.26667,0.05005,0.26667,0.46667,0.0,0.0,0.66667,0.0,0.16889,0.05778,0.0,0.98425,1.0,0.99048,1.0,1.0,1.0,0.0,0.16244,0.25784,0.07143,0.98555,0.73008,0.25,0.0,0.92563,0.85714,1.0,0.0,1.0,1.0,0.5,0.30624,0.5,1.0,1.0,0.5,0.5,0.5,0.0,0.0,1.0,1.0,1.0,0.09597,0.24016,1.0,0.06667,0.0,1.0,0.0,1.0,0.5,1.0,0.5,0.5,0.5,0.5,0.5,0.5,0.05005,0.26667,0.46667,0.0,0.0,0.66667,0.0,0.16889,0.05778,0.0,0.99217,1.0,0.99048,1.0,1.0,0.5,0.0,0.70814,1.0,0.07143,0.83018,0.53756,0.16667,0.0,0.86682,0.85714,0.5,1.0,1.0,1.0,0.5,0.5,0.5,1.0,1.0,0.5,0.5,0.5,0.08005,0.0,0.0,1.0,1.0,0.09597,0.24016,1.0,0.0,0.0,1.0,0.0,1.0,0.33333,0.5
0.5,0.5,0.5,0.5,0.5,0.5,0.12475,0.2,0.13333,0.0,0.5,0.0,0.0,0.76,0.0,0.0,1.0,1.0,1.0,1.0,1.0,0.5,0.0,0.0001,1.0,0.0,0.62373,0.37904,0.0,0.0,0.96958,0.75,0.5,1.0,1.0,1.0,0.5,0.5,0.5,1.0,1.0,0.5,0.5,0.5,0.13488,0.02941,0.0,1.0,1.0,0.5,0.5,1.0,0.0,0.0,1.0,1.0,1.0,0.75,0.5,0.5,0.5,0.5,0.5,0.5,0.5,0.12475,0.2,0.13333,0.0,0.5,0.0,0.0,0.76,0.0,0.0,1.0,1.0,1.0,1.0,1.0,0.5,0.0,0.93527,1.0,0.25,0.65858,0.37904,0.0,0.0,0.96552,1.0,0.5,0.8,1.0,1.0,0.5,0.5,0.5,1.0,1.0,0.5,0.5,0.5,0.0,0.0,1.0,1.0,1.0,0.5,0.5,0.2,0.8,1.0,1.0,1.0,1.0,0.66667,0.5,1.0,1.0,0.0,1.0,0.2,0.2,0.12475,0.2,0.13333,0.0,0.5,0.0,0.0,0.76,0.0,0.0,1.0,1.0,1.0,1.0,1.0,1.0,0.0,0.77688,1.0,0.25,0.65858,0.37904,0.0,0.0,0.96552,1.0,1.0,0.8,1.0,1.0,0.5,0.5,0.5,1.0,1.0,0.5,0.5,0.5,0.0,0.0,1.0,1.0,1.0,0.5,0.5,0.2,0.6,0.66667,1.0,1.0,1.0,0.66667,1.0,0.5,0.5,0.5,0.5,0.5,0.5,0.12475,0.2,0.13333,0.0,0.5,0.0,0.0,0.76,0.0,0.0,1.0,1.0,1.0,1.0,1.0,0.5,1.0,0.98638,1.0,0.25,0.65858,0.37904,0.0,0.0,0.96552,1.0,0.5,0.6,1.0,1.0,0.5,0.5,0.5,1.0,1.0,0.5,0.5,0.5,0.0,0.0,1.0,1.0,1.0,0.5,0.5,0.4,0.6,0.66667,1.0,1.0,1.0,0.66667,0.5,0.5,0.5,0.5,0.5,0.5,0.5,0.12475,0.2,0.13333,0.0,0.5,0.0,0.0,0.76,0.0,0.0,1.0,1.0,1.0,1.0,1.0,0.5,0.0,0.70197,1.0,0.25,0.65858,0.37904,0.0,0.0,0.96552,1.0,0.5,0.7,1.0,1.0,0.5,0.5,0.5,1.0,1.0,0.5,0.5,0.5,0.0,0.0,1.0,1.0,1.0,0.5,0.5,0.3,0.6,0.66667,1.0,1.0,1.0,0.66667,0.5,0.5,0.5,0.5,0.5,0.5,0.5,0.12475,0.2,0.13333,0.0,0.5,0.0,0.0,0.76,0.0,0.0,1.0,1.0,1.0,1.0,1.0,0.5,0.0,0.95785,1.0,0.25,0.65858,0.37904,0.0,0.0,0.96552,1.0,0.5,0.5,1.0,1.0,0.5,0.5,0.5,1.0,1.0,0.5,0.5,0.5,0.0,0.0,1.0,1.0,1.0,0.5,0.5,0.5,0.6,0.66667,1.0,1.0,1.0,0.66667,0.5,1.0,0.5,1.0,0.5,0.2,0.5,0.12475,0.2,0.13333,0.0,0.5,0.0,1.0,0.76,0.0,0.0,1.0,1.0,1.0,1.0,1.0,1.0,1.0,0.85686,1.0,0.25,0.65858,0.37904,0.0,0.0,0.96552,1.0,0.5,0.8,1.0,1.0,0.5,0.5,0.5,1.0,1.0,0.5,0.5,0.5,0.0,0.0,1.0,1.0,1.0,0.5,0.5,0.2,0.8,1.0,1.0,1.0,1.0,0.66667,1.0,0.5,0.5,0.5,0.5,0.5,0.5,0.12475,0.2,0.13333,0.0,0.5,0.0,0.0,0.76,0.0,0.0,1.0,1.0,1.0,1.0,1.0,0.5,0.0,0.93527,1.0,0.25,0.65858,0.37904,0.0,0.0,0.96552,1.0,0.5,0.0,1.0,1.0,0.5,0.5,0.5,1.0,1.0,0.5,0.5,0.5,0.0,0.0,1.0,1.0,1.0,0.5,0.5,1.0,0.2,0.0,1.0,1.0,1.0,0.66667,0.5
1.0,1.0,1.0,1.0,1.0,1.0,0.29781,0.8,0.4,0.0,0.5,0.0,0.0,0.56,0.16,0.99902,0.0,1.0,1.0,1.0,1.0,0.6,0.0,0.0001,1.0,0.0,0.84973,0.73873,0.0,0.0,1.0,1.0,0.75,1.0,1.0,1.0,0.5,0.5,0.5,1.0,1.0,0.5,0.5,0.5,0.40416,0.0159,0.1,1.0,1.0,1.0,0.42925,0.9,0.2,1.0,0.0,1.0,1.0,1.0,1.0,1.0,1.0,1.0,1.0,1.0,1.0,0.29781,0.8,0.4,0.0,0.5,0.0,0.0,0.56,0.16,0.98502,0.0,1.0,1.0,1.0,1.0,1.0,1.0,0.99731,1.0,0.0,0.84973,0.73873,0.0,0.0,1.0,1.0,1.0,0.8,1.0,1.0,0.5,0.5,0.5,1.0,1.0,0.73926,0.63617,1.0,0.0,0.0,1.0,1.0,1.0,1.0,0.42925,0.2,0.4,1.0,0.0,1.0,1.0,1.0,1.0,0.0,0.5,0.0,0.5,0.8,0.5,0.29781,0.8,0.4,0.0,0.5,0.0,1.0,0.56,0.16,0.97275,0.0,1.0,1.0,1.0,1.0,1.0,0.0,0.52644,0.95716,0.0,0.84973,0.73873,0.0,0.0,1.0,1.0,1.0,0.8,1.0,1.0,0.5,1.0,0.5,1.0,1.0,1.0,0.42925,1.0,0.0,0.02248,1.0,1.0,1.0,1.0,0.42925,0.2,0.4,1.0,0.0,1.0,1.0,1.0,1.0,0.5,0.5,0.5,0.5,0.5,0.5,0.29781,0.8,0.4,0.0,0.5,0.0,0.0,0.56,0.16,0.99715,0.0,1.0,1.0,1.0,1.0,0.5,1.0,0.82867,1.0,0.0,0.84973,0.73873,0.0,0.0,1.0,1.0,0.5,0.6,1.0,1.0,0.5,0.5,0.5,1.0,1.0,0.5,0.5,0.5,0.0,0.0,1.0,1.0,1.0,1.0,0.42925,0.5,0.4,1.0,0.0,1.0,1.0,1.0,0.5,0.5,0.5,0.5,0.5,0.5,0.5,0.29781,0.8,0.4,0.0,0.5,0.0,0.0,0.56,0.16,0.98502,0.0,1.0,1.0,1.0,1.0,0.5,0.0,0.84062,1.0,0.25,1.0,1.0,1.0,0.0,1.0,0.75,0.5,0.7,1.0,1.0,0.5,0.5,0.5,1.0,1.0,0.5,0.5,0.5,0.0,0.0,1.0,1.0,1.0,1.0,0.42925,1.0,0.2,1.0,1.0,0.0,1.0,1.0,0.5,0.5,0.5,0.5,0.5,0.5,0.5,0.29781,0.8,0.4,0.0,0.5,0.0,0.0,0.56,0.16,0.97161,0.0,1.0,1.0,1.0,1.0,0.5,1.0,0.94776,1.0,0.0,0.84973,0.73873,0.0,0.0,1.0,1.0,0.5,0.5,1.0,1.0,0.5,0.5,0.5,1.0,1.0,0.5,0.5,0.5,0.0,0.01589,1.0,1.0,1.0,1.0,0.42925,0.5,0.4,1.0,0.0,1.0,1.0,1.0,0.5,0.5,0.5,0.5,0.5,0.5,0.5,0.29781,0.8,0.4,0.0,0.5,0.0,0.0,0.56,0.16,0.9665,0.0,1.0,1.0,1.0,1.0,0.5,0.0,0.78747,1.0,0.0,0.84973,0.73873,0.0,0.0,1.0,1.0,0.5,0.8,1.0,1.0,0.5,0.5,0.5,1.0,1.0,0.5,0.5,0.5,0.0,0.0,1.0,1.0,1.0,1.0,0.42925,0.2,0.4,1.0,0.0,1.0,1.0,1.0,0.5,0.5,0.5,0.5,0.5,0.5,0.5,0.29781,0.8,0.4,0.0,0.5,0.0,0.0,0.56,0.16,0.98502,0.0,1.0,1.0,1.0,1.0,0.5,1.0,0.99731,1.0,0.0,0.84973,0.73873,0.0,0.0,1.0,1.0,0.5,0.0,1.0,1.0,0.5,0.5,0.5,1.0,1.0,0.5,0.5,0.5,0.0,0.0,1.0,1.0,1.0,1.0,0.42925,1.0,0.2,0.0,1.0,0.0,1.0,1.0,0.5
1.0,0.5,1.0,0.5,0.6,0.5,0.19212,0.6,0.16667,0.0,0.5,0.0,1.0,0.44,0.04,0.02816,0.0,0.7,1.0,0.8,1.0,0.7,0.0,0.0001,1.0,0.0,1.0,1.0,1.0,0.0,1.0,1.0,0.75,1.0,1.0,1.0,0.5,0.5,0.5,1.0,1.0,1.0,1.0,0.5,0.34809,0.00133,0.0,1.0,1.0,1.0,1.0,1.0,0.0,0.0,1.0,0.0,1.0,0.0,1.0,0.5,0.5,0.5,0.5,0.5,0.5,0.19212,0.6,0.16667,0.0,0.5,0.0,0.0,0.44,0.04,0.43334,0.0,0.7,1.0,0.8,1.0,0.5,0.0,0.74175,1.0,0.25,0.92295,0.85693,0.0,0.0,1.0,0.75,0.5,0.8,1.0,1.0,0.5,0.5,0.5,1.0,1.0,0.5,0.5,0.5,0.0,0.0,1.0,1.0,1.0,1.0,1.0,0.2,0.4,1.0,1.0,1.0,1.0,0.0,0.5,0.0,1.0,0.0,1.0,0.2,0.4,0.19212,0.6,0.16667,0.0,0.5,0.0,0.0,0.44,0.04,0.79422,0.0,0.7,1.0,0.8,1.0,0.7,0.0,0.78562,1.0,0.25,1.0,1.0,1.0,0.0,0.5,0.75,0.5,0.8,1.0,1.0,0.5,0.5,0.5,1.0,1.0,0.5,0.5,0.5,0.0,0.0,1.0,1.0,1.0,1.0,1.0,1.0,0.2,0.0,1.0,0.0,1.0,0.0,1.0,1.0,1.0,1.0,1.0,0.4,0.6,0.19212,0.6,0.16667,0.0,0.5,0.0,0.0,0.44,0.04,0.08189,0.0,0.7,1.0,0.8,1.0,0.7,0.0,0.60136,0.78098,0.25,1.0,1.0,1.0,1.0,1.0,0.75,0.75,0.6,1.0,1.0,0.5,0.5,0.5,1.0,1.0,0.5,0.5,0.5,0.0,0.0,1.0,1.0,0.0,1.0,1.0,0.8,0.4,1.0,1.0,1.0,1.0,0.0,0.5,0.5,0.5,0.5,0.5,0.5,0.5,0.19212,0.6,0.16667,0.0,0.5,0.0,0.0,0.44,0.04,0.43334,0.0,0.7,1.0,0.8,1.0,0.5,1.0,0.96981,1.0,0.25,0.92295,0.85693,0.0,0.0,1.0,0.75,0.5,0.7,1.0,1.0,0.5,0.5,0.5,1.0,1.0,0.5,0.5,0.5,0.0,0.0,1.0,1.0,1.0,1.0,1.0,0.3,0.4,1.0,1.0,1.0,1.0,0.0,0.5,0.5,0.5,0.5,0.5,0.5,0.5,0.19212,0.6,0.16667,0.0,0.5,0.0,0.0,0.44,0.04,0.82828,0.0,0.7,1.0,0.8,1.0,0.5,0.0,0.69669,0.96763,0.25,1.0,1.0,1.0,0.0,0.5,0.75,0.5,0.5,1.0,1.0,0.5,0.5,0.5,1.0,1.0,0.5,0.5,0.5,0.0,0.0,1.0,1.0,1.0,1.0,1.0,0.5,0.4,1.0,0.0,1.0,1.0,0.0,0.5,0.5,0.5,0.5,0.5,0.5,0.5,0.19212,0.6,0.16667,0.0,0.5,0.0,0.0,0.44,0.04,0.98044,0.0,0.7,1.0,0.8,1.0,0.5,0.0,0.09299,0.14761,0.0,1.0,1.0,1.0,0.0,1.0,1.0,0.5,0.8,1.0,1.0,0.5,0.5,0.5,1.0,1.0,0.5,0.5,0.5,0.0,0.0,1.0,1.0,1.0,1.0,1.0,1.0,0.2,1.0,1.0,0.0,1.0,0.0,0.5,0.5,0.5,0.5,0.5,0.5,0.5,0.19212,0.6,0.16667,0.0,0.5,0.0,0.0,0.44,0.04,0.43334,0.0,0.7,1.0,0.8,1.0,0.5,0.0,0.74175,1.0,0.25,0.92295,0.85693,0.0,0.0,1.0,0.75,0.5,0.0,1.0,1.0,0.5,0.5,0.5,1.0,1.0,0.5,0.5,0.5,0.0,0.0,1.0,1.0,1.0,1.0,1.0,1.0,0.2,0.0,1.0,0.0,1.0,0.0,0.5
0.0,1.0,0.0,1.0,0.6,0.6,0.1637,0.4,0.36667,0.0,0.5,0.0,0.0,0.44,0.04,0.9994,0.0,1.0,1.0,1.0,1.0,0.7,0.0,0.0001,1.0,0.0,0.6705,0.5322,0.0,0.0,0.90946,0.25,0.5,1.0,1.0,1.0,0.5,0.5,0.5,1.0,1.0,0.5,0.5,0.5,0.0,0.0,1.0,1.0,1.0,0.5,0.5,1.0,0.0,0.0,1.0,1.0,1.0,0.5,1.0,0.5,0.5,0.5,0.5,0.5,0.5,0.1637,0.4,0.36667,0.0,0.5,0.0,0.0,0.44,0.04,0.99074,0.0,1.0,1.0,1.0,1.0,0.5,0.0,0.90941,1.0,0.0,0.6705,0.5322,0.0,0.0,0.90946,0.25,0.5,0.8,1.0,1.0,0.5,0.5,0.5,1.0,1.0,0.5,0.5,0.5,0.0,0.0,1.0,1.0,1.0,0.5,0.5,1.0,0.2,0.0,1.0,1.0,1.0,0.5,0.5,0.0,0.0,0.0,0.0,0.6,0.4,0.1637,0.4,0.36667,0.0,0.5,0.0,0.0,0.44,0.04,0.98285,0.0,1.0,1.0,1.0,1.0,0.7,1.0,0.81021,1.0,0.25,0.77063,0.62685,0.0,0.0,0.91919,0.5,0.5,0.8,1.0,1.0,0.5,0.5,0.5,1.0,1.0,0.5,0.5,0.5,0.0,0.0,1.0,1.0,1.0,0.5,0.5,1.0,0.2,0.0,1.0,1.0,1.0,1.0,0.75,0.0,0.5,0.0,0.5,0.4,0.5,0.1637,0.4,0.36667,0.0,0.5,0.0,1.0,0.44,0.04,0.99827,0.0,1.0,1.0,1.0,1.0,1.0,1.0,0.31137,0.40437,0.75,0.76201,0.61553,0.0,1.0,1.0,1.0,0.5,0.6,1.0,1.0,0.5,0.5,0.5,1.0,1.0,0.5,0.5,0.5,0.0,0.0,1.0,1.0,1.0,0.5,0.5,0.4,0.4,1.0,1.0,0.0,1.0,0.0,0.5,0.0,1.0,0.0,1.0,0.6,0.8,0.1637,0.4,0.36667,0.0,0.5,0.0,0.0,0.44,0.04,0.99074,0.0,1.0,1.0,1.0,1.0,0.7,0.0,0.96368,1.0,0.25,0.77063,0.62685,0.0,0.0,0.91919,0.5,1.0,0.7,1.0,1.0,0.5,0.5,0.5,1.0,1.0,0.5,0.5,0.5,0.0,0.0,1.0,1.0,1.0,0.5,0.5,1.0,0.2,0.0,1.0,1.0,1.0,1.0,1.0,0.5,0.5,0.5,0.5,0.5,0.5,0.1637,0.4,0.36667,0.0,0.5,0.0,0.0,0.44,0.04,0.9821,0.0,1.0,1.0,1.0,1.0,0.5,0.0,0.96569,1.0,0.0,0.6705,0.5322,0.0,0.0,0.90946,0.25,0.5,0.5,1.0,1.0,0.5,0.5,0.5,1.0,1.0,0.5,0.5,0.5,0.0,0.0,1.0,1.0,1.0,0.5,0.5,0.5,0.4,0.5,0.0,1.0,1.0,0.5,0.5,0.0,0.0,0.0,0.0,0.4,0.4,0.1637,0.4,0.36667,0.0,0.5,0.0,0.0,0.44,0.04,0.97872,0.0,1.0,1.0,1.0,1.0,1.0,0.0,0.45479,0.72189,0.25,0.77063,0.62685,0.0,0.0,0.91919,0.5,0.75,0.8,1.0,1.0,0.5,0.5,0.5,1.0,1.0,0.5,0.5,0.5,0.0,0.0,1.0,1.0,1.0,0.5,0.5,0.2,0.4,1.0,0.0,1.0,1.0,1.0,1.0,0.5,0.5,0.5,0.5,0.5,0.5,0.1637,0.4,0.36667,0.0,0.5,0.0,0.0,0.44,0.04,0.99074,0.0,1.0,1.0,1.0,1.0,0.5,0.0,0.90941,1.0,0.0,0.6705,0.5322,0.0,0.0,0.90946,0.25,0.5,0.0,1.0,1.0,0.5,0.5,0.5,1.0,1.0,0.5,0.5,0.5,0.0,0.0,1.0,1.0,1.0,0.5,0.5,1.0,0.2,0.0,1.0,1.0,1.0,0.5,0.5
1.0,0.0,1.0,0.0,0.6,0.6,0.16016,0.4,0.33333,0.0,0.5,0.0,0.0,0.44,0.04,0.99807,0.0,1.0,1.0,0.7,1.0,0.7,0.0,0.0001,1.0,0.0,0.76573,0.62249,0.0,0.0,0.93384,0.25,0.5,0.9,1.0,1.0,0.5,0.5,0.5,1.0,1.0,0.5,0.5,0.5,0.0,0.0,1.0,1.0,1.0,1.0,0.53587,1.0,0.2,0.0,1.0,0.0,1.0,0.5,1.0,1.0,1.0,1.0,1.0,0.4,0.4,0.16016,0.4,0.33333,0.0,0.5,0.0,0.0,0.44,0.04,0.97081,0.0,1.0,1.0,0.7,1.0,0.6,1.0,0.80355,1.0,0.0,0.76573,0.62249,0.0,0.0,0.93384,0.25,0.75,0.8,1.0,1.0,0.5,0.5,0.5,1.0,1.0,0.5,0.5,0.5,0.0,0.0,1.0,1.0,1.0,1.0,0.53587,1.0,0.2,0.0,1.0,0.0,1.0,0.5,1.0,1.0,0.5,1.0,0.5,0.4,0.5,0.16016,0.4,0.33333,0.0,0.5,0.0,1.0,0.44,0.04,0.9472,0.0,1.0,1.0,0.7,1.0,1.0,1.0,0.96526,1.0,0.75,0.60502,0.43371,0.0,0.0,0.55876,1.0,0.25,0.8,1.0,1.0,0.5,1.0,0.5,1.0,1.0,1.0,0.53587,0.89595,0.0,0.0,1.0,1.0,1.0,1.0,0.53587,1.0,0.2,0.0,1.0,0.0,1.0,0.0,1.0,0.5,0.5,0.5,0.5,0.5,0.5,0.16016,0.4,0.33333,0.0,0.5,0.0,0.0,0.44,0.04,0.99441,0.0,1.0,1.0,0.7,1.0,0.5,0.0,0.04327,0.05619,0.5,1.0,1.0,1.0,1.0,1.0,0.75,0.5,0.6,1.0,1.0,0.5,0.5,0.5,1.0,1.0,0.5,0.5,0.5,0.0,0.0,1.0,1.0,1.0,1.0,0.53587,1.0,0.2,1.0,1.0,0.0,1.0,1.0,0.5,0.5,0.5,0.5,0.5,0.5,0.5,0.16016,0.4,0.33333,0.0,0.5,0.0,0.0,0.44,0.04,0.97081,0.0,1.0,1.0,0.7,1.0,0.5,1.0,0.94667,1.0,0.25,0.86529,0.76257,0.0,0.0,0.89395,0.5,0.5,0.7,1.0,1.0,0.5,0.5,0.5,1.0,1.0,0.5,0.5,0.5,0.0,0.0,1.0,1.0,1.0,1.0,0.53587,0.3,0.4,1.0,0.0,1.0,1.0,1.0,0.5,0.5,0.5,0.5,0.5,0.5,0.5,0.16016,0.4,0.33333,0.0,0.5,0.0,0.0,0.44,0.04,0.945,0.0,1.0,1.0,0.7,1.0,0.5,1.0,0.75953,1.0,0.0,0.76573,0.62249,0.0,0.0,0.93384,0.25,0.5,0.5,1.0,1.0,0.5,0.5,0.5,1.0,1.0,0.5,0.5,0.5,0.0,0.0,1.0,1.0,1.0,1.0,0.53587,0.5,0.6,1.0,0.5,1.0,1.0,0.5,0.5,0.5,0.5,0.5,0.5,0.5,0.5,0.16016,0.4,0.33333,0.0,0.5,0.0,0.0,0.44,0.04,0.93526,0.0,1.0,1.0,0.7,1.0,0.5,1.0,0.99204,1.0,0.0,0.76573,0.62249,0.0,0.0,0.93384,0.25,0.5,0.8,1.0,1.0,0.5,0.5,0.5,1.0,1.0,0.5,0.5,0.5,0.0,0.0,1.0,1.0,1.0,1.0,0.53587,0.2,0.6,1.0,0.5,1.0,1.0,0.5,0.5,0.5,0.5,0.5,0.5,0.5,0.5,0.16016,0.4,0.33333,0.0,0.5,0.0,0.0,0.44,0.04,0.97081,0.0,1.0,1.0,0.7,1.0,0.5,1.0,0.80355,1.0,0.0,0.76573,0.62249,0.0,0.0,0.93384,0.25,0.5,0.0,1.0,1.0,0.5,0.5,0.5,1.0,1.0,0.5,0.5,0.5,0.0,0.0,1.0,1.0,1.0,1.0,0.53587,1.0,0.2,0.0,1.0,0.0,1.0,0.5,0.5
1.0,0.0,1.0,0.0,0.6,0.6,0.16645,0.4,0.36667,0.0,0.5,0.0,0.0,0.44,0.04,0.99844,0.0,1.0,1.0,0.7,1.0,0.7,0.0,0.0001,1.0,0.0,0.78186,0.69981,0.0,0.0,0.93057,1.0,0.5,1.0,1.0,1.0,0.5,0.5,0.5,1.0,1.0,0.5,0.5,0.5,0.0,0.0,1.0,1.0,1.0,1.0,0.53587,1.0,0.0,0.0,1.0,0.0,1.0,1.0,1.0,1.0,1.0,1.0,1.0,0.4,0.4,0.16645,0.4,0.36667,0.0,0.5,0.0,0.0,0.44,0.04,0.97651,0.0,1.0,1.0,0.7,1.0,0.6,1.0,0.83247,1.0,0.0,0.78186,0.69981,0.0,0.0,0.93057,1.0,0.75,0.8,1.0,1.0,0.5,0.5,0.5,1.0,1.0,0.5,0.5,0.5,0.0,0.0,1.0,1.0,1.0,1.0,0.53587,1.0,0.2,0.0,1.0,0.0,1.0,1.0,1.0,1.0,1.0,1.0,1.0,0.4,0.4,0.16645,0.4,0.36667,0.0,0.5,0.0,0.0,0.44,0.04,0.9577,0.0,1.0,1.0,0.7,1.0,1.0,0.0,0.95785,1.0,0.75,0.63436,0.46452,0.0,0.0,0.56166,0.25,0.25,0.8,1.0,1.0,0.5,1.0,0.5,1.0,1.0,1.0,0.53587,0.89595,0.0,0.0,1.0,1.0,1.0,1.0,0.53587,1.0,0.2,0.0,1.0,0.0,1.0,0.0,1.0,0.5,0.5,0.5,0.5,0.5,0.5,0.16645,0.4,0.36667,0.0,0.5,0.0,0.0,0.44,0.04,0.99548,0.0,1.0,1.0,0.7,1.0,0.5,1.0,0.04673,0.06069,0.5,1.0,1.0,1.0,1.0,1.0,0.5,0.5,0.6,1.0,1.0,0.5,0.5,0.5,1.0,1.0,0.5,0.5,0.5,0.0,0.0,1.0,1.0,1.0,1.0,0.53587,1.0,0.2,1.0,1.0,0.0,1.0,1.0,0.5,0.5,0.5,0.5,0.5,0.5,0.5,0.16645,0.4,0.36667,0.0,0.5,0.0,0.0,0.44,0.04,0.97651,0.0,1.0,1.0,0.7,1.0,0.5,1.0,0.99855,1.0,0.25,0.83054,0.71019,0.0,0.0,1.0,0.75,0.5,0.7,1.0,1.0,0.5,0.5,0.5,1.0,1.0,0.5,0.5,0.5,0.0,0.0,1.0,1.0,1.0,1.0,0.53587,0.3,0.4,1.0,1.0,1.0,1.0,1.0,0.5,1.0,0.5,1.0,0.5,0.4,0.5,0.16645,0.4,0.36667,0.0,0.5,0.0,1.0,0.44,0.04,0.95596,0.0,1.0,1.0,0.7,1.0,1.0,1.0,0.78687,1.0,0.0,0.78186,0.69981,0.0,0.0,0.93057,1.0,1.0,0.5,1.0,1.0,0.5,0.5,0.5,1.0,1.0,0.5,0.5,0.5,0.0,0.0,1.0,1.0,1.0,1.0,0.53587,0.5,0.6,1.0,0.5,1.0,1.0,1.0,1.0,0.5,0.5,0.5,0.5,0.5,0.5,0.16645,0.4,0.36667,0.0,0.5,0.0,0.0,0.44,0.04,0.94825,0.0,1.0,1.0,0.7,1.0,0.5,0.0,0.97263,1.0,0.0,0.78186,0.69981,0.0,0.0,0.93057,1.0,0.5,0.8,1.0,1.0,0.5,0.5,0.5,1.0,1.0,0.5,0.5,0.5,0.0,0.0,1.0,1.0,1.0,1.0,0.53587,0.2,0.6,1.0,0.5,1.0,1.0,1.0,0.5,0.5,0.5,0.5,0.5,0.5,0.5,0.16645,0.4,0.36667,0.0,0.5,0.0,0.0,0.44,0.04,0.97651,0.0,1.0,1.0,0.7,1.0,0.5,1.0,0.83247,1.0,0.0,0.78186,0.69981,0.0,0.0,0.93057,1.0,0.5,0.0,1.0,1.0,0.5,0.5,0.5,1.0,1.0,0.5,0.5,0.5,0.0,0.0,1.0,1.0,1.0,1.0,0.53587,1.0,0.2,0.0,1.0,0.0,1.0,1.0,0.5
1.0,0.5,1.0,0.5,0.4,0.5,0.19725,0.4,0.5,0.0,0.5,0.0,1.0,0.4,0.04,0.99925,0.0,1.0,1.0,0.7,1.0,1.0,0.0,0.0001,1.0,0.0,0.86926,0.70562,0.0,0.0,0.95427,1.0,1.0,1.0,1.0,1.0,0.5,0.5,0.5,1.0,1.0,0.5,0.5,0.5,0.0,0.0,1.0,1.0,1.0,1.0,0.53587,0.0,0.4,1.0,1.0,1.0,1.0,0.5,1.0,1.0,1.0,1.0,1.0,0.4,0.4,0.19725,0.4,0.5,0.0,0.5,0.0,0.0,0.4,0.04,0.98878,0.0,1.0,1.0,0.7,1.0,0.6,1.0,0.94578,1.0,0.0,0.86926,0.70562,0.0,0.0,0.95427,1.0,0.75,0.8,1.0,1.0,0.5,0.5,0.5,1.0,1.0,0.5,0.5,0.5,0.0,0.0,1.0,1.0,1.0,1.0,0.53587,0.2,0.6,1.0,1.0,1.0,1.0,0.5,1.0,1.0,1.0,1.0,1.0,0.4,0.4,0.19725,0.4,0.5,0.0,0.5,0.0,0.0,0.4,0.04,0.97991,0.0,1.0,1.0,0.7,1.0,1.0,1.0,0.88272,1.0,0.25,0.82741,0.70562,0.0,0.0,1.0,0.75,0.5,0.8,1.0,1.0,0.5,1.0,0.5,1.0,1.0,1.0,0.53587,0.89595,0.0,0.0,1.0,1.0,1.0,1.0,0.53587,1.0,0.2,0.0,1.0,0.0,1.0,1.0,0.75,0.5,0.5,0.5,0.5,0.5,0.5,0.19725,0.4,0.5,0.0,0.5,0.0,0.0,0.4,0.04,0.99783,0.0,1.0,1.0,0.7,1.0,0.5,1.0,0.78164,1.0,0.0,0.86926,0.70562,0.0,0.0,0.95427,1.0,0.5,0.6,1.0,1.0,0.5,0.5,0.5,1.0,1.0,0.5,0.5,0.5,0.0,0.0,1.0,1.0,1.0,1.0,0.53587,0.4,0.6,1.0,1.0,1.0,1.0,0.5,0.5,0.5,0.5,0.5,0.5,0.5,0.5,0.19725,0.4,0.5,0.0,0.5,0.0,0.0,0.4,0.04,0.98878,0.0,1.0,1.0,0.7,1.0,0.5,0.0,0.87539,1.0,0.25,0.82741,0.70562,0.0,0.0,1.0,0.75,0.5,0.7,1.0,1.0,0.5,0.5,0.5,1.0,1.0,0.5,0.5,0.5,0.0,0.0,1.0,1.0,1.0,1.0,0.53587,0.3,0.4,1.0,1.0,1.0,1.0,1.0,0.5,0.0,0.0,0.0,0.0,0.4,0.4,0.19725,0.4,0.5,0.0,0.5,0.0,0.0,0.4,0.04,0.97909,0.0,1.0,1.0,0.7,1.0,1.0,1.0,0.89397,1.0,0.0,0.86926,0.70562,0.0,0.0,0.95427,1.0,1.0,0.5,1.0,1.0,0.5,0.5,0.5,1.0,1.0,0.5,0.5,0.5,0.0,0.0,1.0,1.0,1.0,1.0,0.53587,0.5,0.6,1.0,1.0,1.0,1.0,0.5,1.0,1.0,1.0,1.0,1.0,0.4,0.4,0.19725,0.4,0.5,0.0,0.5,0.0,0.0,0.4,0.04,0.97549,0.0,1.0,1.0,0.7,1.0,0.6,0.0,0.84535,1.0,0.0,0.86926,0.70562,0.0,0.0,0.95427,1.0,0.75,0.8,1.0,1.0,0.5,0.5,0.5,1.0,1.0,0.5,0.5,0.5,0.0,0.0,1.0,1.0,1.0,1.0,0.53587,0.2,0.6,1.0,1.0,1.0,1.0,0.5,1.0,0.5,0.5,0.5,0.5,0.5,0.5,0.19725,0.4,0.5,0.0,0.5,0.0,0.0,0.4,0.04,0.98878,0.0,1.0,1.0,0.7,1.0,0.5,1.0,0.94578,1.0,0.0,0.86926,0.70562,0.0,0.0,0.95427,1.0,0.5,0.0,1.0,1.0,0.5,0.5,0.5,1.0,1.0,0.5,0.5,0.5,0.0,0.0,1.0,1.0,1.0,1.0,0.53587,1.0,0.2,0.0,1.0,0.0,1.0,0.5,0.5
1.0,0.5,1.0,0.5,0.6,0.5,0.21843,0.6,0.56667,0.0,0.5,0.0,1.0,0.4,0.04,0.99985,0.0,1.0,1.0,1.0,1.0,1.0,0.0,0.0001,1.0,0.0,0.93039,0.74214,0.5,0.0,0.97176,1.0,1.0,1.0,1.0,1.0,0.5,0.5,0.5,1.0,1.0,0.5,0.5,0.5,0.0,0.0,1.0,1.0,1.0,1.0,0.53587,0.0,0.4,1.0,0.5,1.0,1.0,1.0,1.0,1.0,1.0,1.0,1.0,0.4,0.4,0.21843,0.6,0.56667,0.0,0.5,0.0,0.0,0.4,0.04,0.99768,0.0,1.0,1.0,1.0,1.0,0.6,1.0,0.98772,1.0,0.0,0.93039,0.74214,0.5,0.0,0.97176,1.0,0.75,0.8,1.0,1.0,0.5,0.5,0.5,1.0,1.0,0.5,0.5,0.5,0.0,0.0,1.0,1.0,1.0,1.0,0.53587,0.2,0.6,1.0,0.5,1.0,1.0,1.0,1.0,1.0,1.0,1.0,1.0,0.4,0.4,0.21843,0.6,0.56667,0.0,0.5,0.0,0.0,0.4,0.04,0.99583,0.0,1.0,1.0,1.0,1.0,1.0,0.0,0.78115,1.0,0.25,1.0,1.0,1.0,0.0,0.93665,0.75,0.5,0.8,1.0,1.0,0.5,1.0,0.5,1.0,1.0,1.0,0.53587,0.89595,0.0,0.0,1.0,1.0,1.0,1.0,0.53587,1.0,0.2,0.0,1.0,0.0,1.0,1.0,0.75,0.5,0.5,0.5,0.5,0.5,0.5,0.21843,0.6,0.56667,0.0,0.5,0.0,0.0,0.4,0.04,0.99955,0.0,1.0,1.0,1.0,1.0,0.5,1.0,0.83665,1.0,0.0,0.93039,0.74214,0.5,0.0,0.97176,1.0,0.5,0.6,1.0,1.0,0.5,0.5,0.5,1.0,1.0,0.5,0.5,0.5,0.0,0.0,1.0,1.0,1.0,1.0,0.53587,0.4,0.6,1.0,0.5,1.0,1.0,1.0,0.5,0.5,0.5,0.5,0.5,0.5,0.5,0.21843,0.6,0.56667,0.0,0.5,0.0,0.0,0.4,0.04,0.99768,0.0,1.0,1.0,1.0,1.0,0.5,0.0,0.82535,1.0,0.25,0.85199,0.74214,0.0,0.0,1.0,0.75,0.5,0.7,1.0,1.0,0.5,0.5,0.5,1.0,1.0,0.5,0.5,0.5,0.0,0.0,1.0,1.0,1.0,1.0,0.53587,0.3,0.4,1.0,1.0,1.0,1.0,1.0,0.5,1.0,1.0,1.0,1.0,0.6,0.6,0.21843,0.6,0.56667,0.0,0.5,0.0,0.0,0.4,0.04,0.99566,0.0,1.0,1.0,1.0,1.0,1.0,1.0,0.95689,1.0,0.0,0.93039,0.74214,0.5,0.0,0.97176,1.0,1.0,0.5,1.0,1.0,0.5,0.5,0.5,1.0,1.0,0.5,0.5,0.5,0.0,0.0,1.0,1.0,1.0,1.0,0.53587,0.5,0.6,1.0,0.5,1.0,1.0,1.0,1.0,1.0,1.0,1.0,1.0,0.4,0.4,0.21843,0.6,0.56667,0.0,0.5,0.0,0.0,0.4,0.04,0.99491,0.0,1.0,1.0,1.0,1.0,0.6,0.0,0.77801,1.0,0.0,0.93039,0.74214,0.5,0.0,0.97176,1.0,0.75,0.8,1.0,1.0,0.5,0.5,0.5,1.0,1.0,0.5,0.5,0.5,0.0,0.0,1.0,1.0,1.0,1.0,0.53587,0.2,0.6,1.0,0.5,1.0,1.0,1.0,1.0,0.5,0.5,0.5,0.5,0.5,0.5,0.21843,0.6,0.56667,0.0,0.5,0.0,0.0,0.4,0.04,0.99768,0.0,1.0,1.0,1.0,1.0,0.5,1.0,0.98772,1.0,0.0,0.93039,0.74214,0.5,0.0,0.97176,1.0,0.5,0.0,1.0,1.0,0.5,0.5,0.5,1.0,1.0,0.5,0.5,0.5,0.0,0.0,1.0,1.0,1.0,1.0,0.53587,1.0,0.2,0.0,1.0,0.0,1.0,1.0,0.5
0.0,0.0,0.0,0.0,0.2,0.2,0.0,0.2,0.36667,0.0,0.5,0.0,0.0,0.52,0.08,0.0,0.99964,1.0,1.0,1.0,1.0,1.0,0.0,0.0001,1.0,0.0,0.0,0.0,0.0,0.0,1.0,0.75,1.0,1.0,1.0,1.0,0.5,0.03591,0.5,1.0,1.0,0.5,0.5,0.5,0.0,0.0,0.0,1.0,1.0,0.5,0.5,1.0,0.0,0.0,1.0,1.0,1.0,0.0,1.0,0.0,0.5,0.0,0.5,0.2,0.5,0.0,0.2,0.36667,0.0,0.5,0.0,1.0,0.52,0.08,0.0,0.99414,1.0,1.0,1.0,1.0,1.0,1.0,0.72125,1.0,0.25,0.0,0.0,0.0,0.0,0.85006,1.0,1.0,0.0,1.0,1.0,0.5,0.5,0.5,1.0,1.0,0.5,0.5,0.5,0.0,0.0,1.0,1.0,1.0,0.5,0.5,1.0,0.2,0.0,1.0,1.0,1.0,0.0,1.0,1.0,1.0,1.0,1.0,0.2,0.2,0.0,0.2,0.36667,0.0,0.5,0.0,0.0,0.52,0.08,0.0,0.98852,1.0,1.0,1.0,1.0,1.0,1.0,0.83692,1.0,0.25,0.0,0.0,0.0,1.0,0.66667,0.5,0.5,0.0,1.0,1.0,0.5,0.5,0.5,1.0,1.0,0.5,0.5,0.5,0.0,0.0,1.0,1.0,1.0,0.5,0.5,1.0,0.2,0.0,1.0,1.0,1.0,0.0,1.0,0.5,0.5,0.5,0.5,0.5,0.5,0.0,0.2,0.36667,0.0,0.5,0.0,0.0,0.52,0.08,0.0,0.99896,1.0,1.0,1.0,1.0,0.5,1.0,0.69999,0.90908,0.25,0.0,0.0,0.0,0.0,0.85006,1.0,0.5,0.0,1.0,1.0,0.5,0.5,0.5,1.0,1.0,0.5,0.5,0.5,0.0,0.0,1.0,1.0,1.0,0.5,0.5,1.0,0.2,0.0,1.0,1.0,1.0,0.0,0.5,0.5,0.5,0.5,0.5,0.5,0.5,0.0,0.2,0.36667,0.0,0.5,0.0,0.0,0.52,0.08,0.0,0.99414,1.0,1.0,1.0,1.0,0.5,1.0,0.97663,1.0,0.25,0.0,0.0,0.0,0.0,0.66667,0.5,0.5,0.0,1.0,1.0,0.5,0.5,0.5,1.0,1.0,0.5,0.5,0.5,0.0,0.0,1.0,1.0,1.0,0.5,0.5,1.0,0.2,0.0,1.0,1.0,1.0,0.0,0.5,0.5,0.5,0.5,0.5,0.5,0.5,0.0,0.2,0.36667,0.0,0.5,0.0,0.0,0.52,0.08,0.0,0.98795,1.0,1.0,1.0,1.0,0.5,1.0,0.00323,0.00449,0.0,0.0,0.0,0.0,0.0,1.0,0.75,0.5,0.0,1.0,1.0,0.5,0.5,0.5,1.0,1.0,0.5,0.5,0.5,0.0,0.0,1.0,1.0,1.0,0.5,0.5,1.0,0.2,0.0,1.0,1.0,1.0,0.0,0.5,0.0,0.0,0.0,0.0,0.2,0.2,0.0,0.2,0.36667,0.0,0.5,0.0,0.0,0.52,0.08,0.0,0.98532,1.0,1.0,1.0,1.0,1.0,0.0,0.00422,0.0067,0.0,0.0,0.0,0.0,1.0,1.0,0.75,1.0,0.0,1.0,1.0,0.5,0.08872,0.5,1.0,1.0,0.5,0.5,0.5,0.0,0.0,1.0,1.0,1.0,0.5,0.5,1.0,0.2,0.0,1.0,1.0,1.0,0.0,1.0,0.0,0.0,0.0,0.0,0.2,0.2,0.0,0.2,0.36667,0.0,0.5,0.0,0.0,0.52,0.08,0.0,0.99414,1.0,1.0,1.0,1.0,1.0,1.0,0.72125,1.0,0.25,0.0,0.0,0.0,0.0,0.85006,1.0,0.5,0.0,1.0,1.0,0.5,0.5,0.5,1.0,1.0,0.5,0.5,0.5,0.0,0.0,1.0,1.0,1.0,0.5,0.5,1.0,0.2,0.0,1.0,1.0,1.0,0.0,1.0
1.0,1.0,1.0,1.0,0.6,0.4,0.07399,0.3,0.36667,0.0,1.0,0.0,0.0,0.45,0.01,0.81494,0.0,1.0,1.0,1.0,1.0,1.0,0.0,0.0001,1.0,0.0,0.55654,0.40589,0.0,0.0,0.97537,0.88889,1.0,1.0,1.0,1.0,0.5,0.5,0.5,1.0,1.0,1.0,1.0,1.0,0.2017,0.26243,0.0,1.0,1.0,1.0,1.0,1.0,0.0,0.0,1.0,0.0,1.0,1.0,1.0,0.0,0.5,0.0,0.5,0.3,0.5,0.07399,0.3,0.36667,0.0,1.0,0.0,1.0,0.45,0.01,0.87731,0.0,1.0,1.0,1.0,1.0,1.0,0.0,0.84086,1.0,0.11111,0.64519,0.40589,0.25,0.0,0.95325,1.0,0.77778,0.8,1.0,1.0,0.5,1.0,0.5,1.0,1.0,0.5,0.5,0.5,0.0,0.0,1.0,1.0,1.0,1.0,1.0,0.2,0.4,0.75,0.66667,1.0,1.0,0.75,1.0,1.0,1.0,1.0,0.0,0.5,0.4,0.07399,0.3,0.36667,0.0,1.0,0.0,0.0,0.45,0.01,0.92901,0.0,1.0,1.0,1.0,1.0,0.46667,0.0,0.92647,1.0,0.11111,0.64834,0.40589,0.25,0.0,0.82961,0.77778,0.77778,0.8,1.0,1.0,0.5,0.5,0.5,1.0,1.0,0.5,0.5,0.5,0.07755,0.02042,0.6,1.0,1.0,1.0,1.0,0.6,0.3,0.5,0.5,1.0,1.0,0.75,1.0,0.5,0.5,0.5,0.5,0.5,0.5,0.07399,0.3,0.36667,0.0,1.0,0.0,0.0,0.45,0.01,0.82349,0.0,1.0,1.0,1.0,1.0,0.5,0.0,0.86289,1.0,0.11111,0.57347,0.40589,0.0,0.0,0.97851,0.77778,0.5,0.65,1.0,1.0,0.5,0.5,0.5,1.0,1.0,0.5,0.5,0.5,0.0,0.0,1.0,1.0,1.0,1.0,1.0,0.35,0.3,0.5,0.5,1.0,1.0,0.75,0.5,0.0,0.0,0.0,0.0,0.4,0.4,0.07399,0.3,0.36667,0.0,1.0,0.0,0.0,0.45,0.01,0.87731,0.0,1.0,1.0,1.0,1.0,1.0,1.0,0.94018,1.0,0.11111,0.51783,0.40589,0.0,0.0,0.99857,0.77778,1.0,0.7,1.0,1.0,0.5,0.5,0.5,1.0,1.0,0.5,0.5,0.5,0.0,0.0,1.0,1.0,1.0,1.0,1.0,0.3,0.3,1.0,0.5,1.0,1.0,1.0,1.0,0.5,0.5,0.5,0.5,0.5,0.5,0.07399,0.3,0.36667,0.0,1.0,0.0,0.0,0.45,0.01,0.93372,0.0,1.0,1.0,1.0,1.0,0.5,0.0,0.82299,1.0,0.11111,0.64519,0.40589,0.25,0.0,0.95325,1.0,0.5,0.5,1.0,1.0,0.5,0.5,0.5,1.0,1.0,0.5,0.5,0.5,0.06197,0.0,0.5,1.0,1.0,1.0,1.0,1.0,0.1,0.0,1.0,0.0,1.0,0.75,0.5,1.0,0.0,0.0,0.0,0.4,0.3,0.07399,0.3,0.36667,0.0,1.0,0.0,0.0,0.45,0.01,0.95439,0.0,1.0,1.0,1.0,1.0,1.0,1.0,0.71249,1.0,0.0,0.55654,0.40589,0.0,0.0,0.97537,0.88889,1.0,0.8,1.0,1.0,0.5,0.5,0.5,1.0,1.0,0.5,0.5,0.5,0.0,0.0,1.0,1.0,1.0,1.0,1.0,0.2,0.4,1.0,0.33333,1.0,1.0,1.0,1.0,1.0,1.0,1.0,0.0,0.4,0.3,0.07399,0.3,0.36667,0.0,1.0,0.0,0.0,0.45,0.01,0.87731,0.0,1.0,1.0,1.0,1.0,1.0,0.0,0.84086,1.0,0.11111,0.64519,0.40589,0.25,0.0,0.95325,1.0,1.0,0.0,1.0,1.0,0.5,0.5,0.5,1.0,1.0,0.5,0.5,0.5,0.0,0.0,1.0,1.0,1.0,1.0,1.0,1.0,0.1,0.0,1.0,0.0,1.0,0.75,1.0
1.0,1.0,1.0,1.0,0.2,0.2,0.05086,0.2,0.36667,0.0,1.0,0.0,0.0,0.41,0.07,0.99352,0.0,0.46667,1.0,0.93333,1.0,0.53333,0.0,0.0001,1.0,0.0,0.40891,0.25279,0.0,0.0,0.97922,0.88889,0.22222,1.0,0.9,0.86163,0.0,0.0,0.0,1.0,1.0,0.50423,1.0,1.0,0.11274,0.05674,0.0,1.0,1.0,0.4985,1.0,1.0,0.0,0.0,1.0,0.0,1.0,0.0,1.0,0.5,0.5,0.5,0.5,0.5,0.5,0.05086,0.2,0.36667,0.0,1.0,0.0,0.0,0.41,0.07,0.97941,0.0,1.0,1.0,0.93333,1.0,0.5,0.0,0.85978,1.0,0.11111,0.43454,0.25279,0.0,0.0,0.97958,1.0,0.5,0.7,0.9,0.86163,0.0,0.5,0.0,1.0,1.0,0.5,0.5,0.5,0.0,0.05674,1.0,1.0,1.0,0.4985,1.0,0.3,0.4,0.75,1.0,0.66667,1.0,0.0,0.5,1.0,1.0,1.0,1.0,0.1,0.1,0.05086,0.2,0.36667,0.0,1.0,0.0,0.0,0.41,0.07,0.96335,0.0,1.0,1.0,0.93333,1.0,0.53333,0.0,0.98293,1.0,0.11111,0.47083,0.25279,0.25,0.0,0.98473,0.77778,0.55556,0.7,0.9,0.86163,0.0,0.5,1.0,1.0,1.0,0.5,0.5,0.5,0.0,0.01344,1.0,1.0,1.0,0.4985,1.0,0.3,0.3,0.5,1.0,0.5,1.0,0.0,1.0,0.5,0.5,0.5,0.5,0.5,0.5,0.05086,0.2,0.36667,0.0,1.0,0.0,0.0,0.41,0.07,0.98123,0.0,0.46667,1.0,0.93333,1.0,0.5,0.0,0.80251,1.0,0.11111,0.43454,0.25279,0.0,0.0,0.97958,1.0,0.5,0.65,0.9,0.86163,0.0,0.5,1.0,1.0,1.0,0.5,0.5,0.5,0.0,0.0,1.0,1.0,1.0,0.4985,1.0,0.35,0.3,0.5,1.0,0.5,1.0,0.0,0.5,0.0,0.0,0.0,0.0,0.1,0.1,0.05086,0.2,0.36667,0.0,1.0,0.0,0.0,0.41,0.07,0.97941,0.0,1.0,1.0,0.93333,1.0,0.93333,1.0,0.98052,1.0,0.11111,0.37319,0.25279,0.0,0.0,0.97777,0.77778,0.66667,0.7,0.9,0.86163,0.0,0.5,1.0,1.0,1.0,0.5,0.5,0.5,0.0,0.0,1.0,1.0,1.0,0.4985,1.0,0.3,0.2,0.5,1.0,0.0,1.0,0.0,1.0,0.5,0.5,0.5,0.5,0.5,0.5,0.05086,0.2,0.36667,0.0,1.0,0.0,0.0,0.41,0.07,0.96188,0.0,1.0,1.0,0.93333,1.0,0.5,1.0,0.47753,0.66323,0.0,0.40891,0.25279,0.0,0.0,0.97922,0.88889,0.5,0.5,0.9,0.86163,0.0,0.5,1.0,1.0,1.0,0.5,0.5,0.5,0.0,0.06447,1.0,1.0,1.0,0.4985,1.0,0.5,0.2,0.33333,1.0,0.0,1.0,0.0,0.5,1.0,1.0,0.0,1.0,0.1,0.3,0.05086,0.2,0.36667,0.0,1.0,0.0,0.0,0.41,0.07,0.95845,0.0,1.0,1.0,1.0,0.93333,0.86667,0.0,0.63776,1.0,0.11111,0.48984,0.32437,0.0,1.0,1.0,0.66667,0.22222,0.7,0.9,0.86163,0.0,0.5,0.7614,1.0,1.0,0.5,0.5,0.5,0.0,0.0,1.0,1.0,1.0,0.4985,1.0,0.3,0.2,1.0,1.0,0.0,1.0,0.0,1.0,1.0,0.5,1.0,0.5,0.2,0.5,0.05086,0.2,0.36667,0.0,1.0,0.0,1.0,0.41,0.07,0.97941,0.0,1.0,1.0,0.93333,1.0,1.0,0.0,0.85978,1.0,0.11111,0.43454,0.25279,0.0,0.0,0.97958,1.0,0.77778,0.0,0.9,0.86163,0.0,0.0,0.0,1.0,1.0,0.4985,1.0,0.5,0.0,0.05674,1.0,1.0,1.0,0.4985,1.0,1.0,0.1,0.0,1.0,0.0,1.0,0.0,1.0
0.0,0.0,1.0,0.0,1.0,1.0,0.15011,0.9,0.16667,0.0,1.0,0.0,0.0,0.12,0.01,0.49342,0.0,0.97778,0.95556,1.0,1.0,1.0,0.0,0.0001,1.0,0.0,1.0,1.0,1.0,0.0,1.0,0.88889,1.0,1.0,1.0,1.0,0.5,0.5,0.5,1.0,1.0,0.5,0.5,0.5,1.0,0.00202,0.0,1.0,1.0,1.0,0.36975,1.0,0.0,0.0,1.0,0.0,1.0,1.0,1.0,0.5,0.5,0.5,0.5,0.5,0.5,0.15011,0.9,0.16667,0.0,1.0,0.0,0.0,0.12,0.01,0.74583,0.0,0.97778,0.95556,1.0,1.0,0.5,1.0,0.64513,0.92161,0.11111,1.0,1.0,1.0,0.0,1.0,1.0,0.5,0.8,1.0,1.0,0.5,0.5,0.5,1.0,1.0,0.5,0.5,0.5,0.0,0.0,1.0,1.0,1.0,1.0,0.36975,0.2,0.2,1.0,1.0,1.0,1.0,0.0,0.5,0.0,0.0,0.0,0.0,0.9,0.9,0.15011,0.9,0.16667,0.0,1.0,0.0,0.0,0.12,0.01,0.93013,0.0,0.97778,0.95556,1.0,1.0,0.97778,1.0,0.64282,1.0,0.11111,1.0,1.0,1.0,0.0,1.0,0.77778,0.66667,0.8,1.0,1.0,0.5,0.5,0.5,1.0,1.0,1.0,0.36975,0.80044,0.0,0.00202,1.0,1.0,1.0,1.0,0.36975,0.65,0.2,1.0,1.0,1.0,1.0,0.0,0.77778,0.5,0.5,0.5,0.5,0.5,0.5,0.15011,0.9,0.16667,0.0,1.0,0.0,0.0,0.12,0.01,0.53022,0.0,0.97778,0.95556,1.0,1.0,0.5,1.0,0.62825,0.81591,0.11111,1.0,1.0,1.0,0.0,1.0,1.0,0.5,0.65,1.0,1.0,0.5,0.5,0.5,1.0,1.0,0.5,0.5,0.5,0.0,0.0,1.0,1.0,1.0,1.0,0.36975,0.65,0.2,1.0,1.0,1.0,1.0,0.0,0.5,0.0,0.5,0.0,0.5,0.9,0.5,0.15011,0.9,0.16667,0.0,1.0,0.0,1.0,0.12,0.01,0.74583,0.0,0.97778,0.95556,1.0,1.0,0.97778,0.0,0.81245,1.0,0.11111,1.0,1.0,1.0,0.0,1.0,1.0,0.77778,0.7,1.0,1.0,0.5,0.5,0.5,1.0,1.0,0.5,0.5,0.5,0.0,0.0,1.0,1.0,1.0,1.0,0.36975,0.3,0.2,1.0,1.0,1.0,1.0,0.0,1.0,0.5,0.5,0.5,0.5,0.5,0.5,0.15011,0.9,0.16667,0.0,1.0,0.0,0.0,0.12,0.01,0.94592,0.0,0.97778,0.95556,1.0,1.0,0.5,0.0,0.58255,0.8091,0.11111,1.0,1.0,1.0,0.0,1.0,0.77778,0.5,0.5,1.0,1.0,0.5,0.5,0.5,1.0,1.0,0.5,0.5,0.5,0.0,0.0,1.0,1.0,1.0,1.0,0.36975,0.7,0.2,1.0,1.0,1.0,1.0,0.0,0.5,0.5,0.5,0.5,0.5,0.5,0.5,0.15011,0.9,0.16667,0.0,1.0,0.0,0.0,0.12,0.01,0.0,0.98668,0.97778,0.95556,1.0,1.0,0.5,1.0,0.61805,0.98103,0.11111,1.0,1.0,1.0,0.0,1.0,0.77778,0.5,0.8,1.0,1.0,0.5,0.5,0.5,1.0,1.0,0.5,0.5,0.5,0.0,0.0,1.0,1.0,1.0,1.0,0.36975,0.65,0.2,1.0,1.0,1.0,1.0,0.0,0.5,0.5,0.5,0.5,0.5,0.5,0.5,0.15011,0.9,0.16667,0.0,1.0,0.0,0.0,0.12,0.01,0.74583,0.0,0.97778,0.95556,1.0,1.0,0.5,1.0,0.64513,0.92161,0.11111,1.0,1.0,1.0,0.0,1.0,1.0,0.5,0.0,1.0,1.0,0.5,0.5,0.5,1.0,1.0,0.5,0.5,0.5,0.0,0.0,1.0,1.0,1.0,1.0,0.36975,1.0,0.1,0.0,1.0,0.0,1.0,0.0,0.5
0.0,0.5,0.0,0.5,0.2,0.5,0.02542,0.2,0.46667,0.0,1.0,0.0,1.0,0.09,0.02,0.99896,0.0,1.0,0.97778,0.97778,1.0,1.0,0.0,0.0001,1.0,0.0,1.0,1.0,1.0,0.0,1.0,1.0,1.0,0.25,1.0,1.0,0.5,0.5,0.5,1.0,1.0,1.0,0.20033,0.5,0.0,0.01033,1.0,1.0,1.0,1.0,0.20033,1.0,0.1,1.0,1.0,0.0,1.0,1.0,1.0,0.0,0.0,0.0,0.0,0.2,0.2,0.02542,0.2,0.46667,0.0,1.0,0.0,0.0,0.09,0.02,0.98601,0.0,1.0,0.97778,0.97778,1.0,1.0,0.0,0.53274,0.76106,0.11111,0.73928,0.5864,0.0,0.0,0.5,0.88889,1.0,0.25,1.0,1.0,0.5,1.0,0.5,1.0,1.0,0.5,0.5,0.5,0.0,0.0,1.0,1.0,1.0,1.0,0.20033,1.0,0.1,0.0,1.0,0.0,1.0,0.0,1.0,0.0,0.0,0.0,0.0,0.9,0.9,0.02542,0.2,0.46667,0.0,1.0,0.0,0.0,0.09,0.02,0.97686,0.0,1.0,0.97778,0.97778,1.0,0.95556,0.0,0.54229,0.98598,0.11111,0.73928,0.5864,0.0,0.0,0.5,0.88889,0.88889,0.25,1.0,1.0,0.5,0.5,0.5,1.0,1.0,1.0,0.36975,0.80044,0.0,0.0,1.0,1.0,1.0,1.0,0.20033,1.0,0.1,0.0,1.0,0.0,1.0,0.0,0.77778,0.5,0.5,0.5,0.5,0.5,0.5,0.02542,0.2,0.46667,0.0,1.0,0.0,0.0,0.09,0.02,0.99704,0.0,1.0,0.97778,0.97778,1.0,0.5,0.0,0.00109,0.00142,0.0,1.0,1.0,1.0,0.0,1.0,1.0,0.5,0.55,1.0,1.0,0.5,0.5,0.5,1.0,1.0,0.5,0.5,0.5,0.0,0.0,1.0,1.0,1.0,1.0,0.20033,1.0,0.1,1.0,1.0,0.0,1.0,1.0,0.5,0.0,0.0,0.0,0.0,0.9,0.8,0.02542,0.2,0.46667,0.0,1.0,0.0,0.0,0.09,0.02,0.98601,0.0,1.0,0.97778,0.97778,1.0,0.95556,0.0,0.72457,1.0,0.11111,0.26362,0.15182,0.0,0.0,0.5,0.88889,0.77778,0.25,1.0,1.0,0.5,0.5,0.5,1.0,1.0,0.5,0.5,0.5,0.0,0.0,1.0,1.0,1.0,1.0,0.20033,1.0,0.1,0.0,1.0,0.0,1.0,0.0,1.0,0.0,0.0,0.0,0.0,0.8,0.8,0.02542,0.2,0.46667,0.0,1.0,0.0,0.0,0.09,0.02,0.97609,0.0,1.0,0.97778,0.97778,1.0,0.97778,0.0,0.58258,0.80914,0.11111,0.36463,0.22297,0.0,0.0,0.5,0.88889,0.77778,0.1,1.0,1.0,0.5,0.5,0.5,1.0,1.0,0.5,0.5,0.5,0.0,0.0,1.0,1.0,1.0,1.0,0.20033,0.9,0.2,1.0,0.0,1.0,1.0,0.0,0.55556,0.0,0.0,0.0,0.0,0.2,0.2,0.02542,0.2,0.46667,0.0,1.0,0.0,0.0,0.09,0.02,0.97281,0.0,1.0,0.97778,0.97778,1.0,0.95556,0.0,0.00163,0.00258,0.0,1.0,1.0,1.0,0.0,1.0,1.0,1.0,0.0,1.0,1.0,0.5,0.45,0.5,1.0,1.0,0.5,0.5,0.5,0.0,0.0,1.0,1.0,1.0,1.0,0.20033,1.0,0.1,1.0,1.0,0.0,1.0,1.0,0.11111,0.5,0.5,0.5,0.5,0.5,0.5,0.02542,0.2,0.46667,0.0,1.0,0.0,0.0,0.09,0.02,0.98601,0.0,1.0,0.97778,0.97778,1.0,0.5,0.0,0.53274,0.76106,0.11111,0.73928,0.5864,0.0,0.0,0.5,0.88889,0.5,0.0,1.0,1.0,0.5,0.5,0.5,1.0,1.0,0.5,0.5,0.5,0.0,0.0,1.0,1.0,1.0,1.0,0.20033,1.0,0.1,0.0,1.0,0.0,1.0,0.0,0.5
1.0,0.5,1.0,0.5,0.8,0.5,0.14003,0.8,0.06667,0.0,1.0,0.0,1.0,0.27,0.0,0.5,0.5,0.82222,0.82222,1.0,1.0,0.82222,1.0,0.0001,1.0,0.0,1.0,1.0,1.0,0.0,1.0,1.0,1.0,0.85,1.0,1.0,0.5,0.5,0.5,1.0,1.0,0.5,0.5,0.5,0.5,0.5,0.15,1.0,1.0,0.5,0.5,1.0,0.1,1.0,1.0,1.0,1.0,1.0,1.0,0.5,0.5,0.5,0.5,0.5,0.5,0.14003,0.8,0.06667,0.0,1.0,0.0,0.0,0.27,0.0,0.5,0.5,0.82222,0.82222,1.0,1.0,0.5,1.0,0.56347,0.80496,0.11111,1.0,1.0,1.0,0.0,1.0,0.88889,0.5,0.8,1.0,1.0,0.5,0.5,0.5,1.0,1.0,0.5,0.5,0.5,0.5,0.5,1.0,1.0,1.0,0.5,0.5,0.65,0.2,1.0,1.0,1.0,1.0,0.0,0.5,0.5,0.5,0.5,0.5,0.5,0.5,0.14003,0.8,0.06667,0.0,1.0,0.0,0.0,0.27,0.0,0.5,0.5,0.82222,0.82222,1.0,1.0,0.5,1.0,0.59025,1.0,0.11111,1.0,1.0,1.0,0.0,1.0,0.88889,0.5,0.8,1.0,1.0,0.5,0.5,0.5,1.0,1.0,0.5,0.5,0.5,0.5,0.5,1.0,1.0,1.0,0.5,0.5,0.8,0.2,1.0,1.0,1.0,1.0,0.0,0.5,0.5,0.5,0.5,0.5,0.5,0.5,0.14003,0.8,0.06667,0.0,1.0,0.0,0.0,0.27,0.0,0.5,0.5,0.82222,0.82222,1.0,1.0,0.5,1.0,0.55545,0.72136,0.11111,1.0,1.0,1.0,0.0,1.0,0.88889,0.5,0.65,1.0,1.0,0.5,0.5,0.5,1.0,1.0,0.5,0.5,0.5,0.5,0.5,1.0,1.0,1.0,0.5,0.5,0.85,0.2,1.0,1.0,1.0,1.0,0.0,0.5,0.5,0.5,0.5,0.5,0.5,0.5,0.14003,0.8,0.06667,0.0,1.0,0.0,0.0,0.27,0.0,0.5,0.5,0.82222,0.82222,1.0,1.0,0.5,1.0,0.64685,1.0,0.11111,1.0,1.0,1.0,0.0,1.0,0.88889,0.5,0.7,1.0,1.0,0.5,0.5,0.5,1.0,1.0,0.5,0.5,0.5,0.5,0.5,1.0,1.0,1.0,0.5,0.5,0.65,0.2,1.0,1.0,1.0,1.0,0.0,0.5,0.5,0.5,0.5,0.5,0.5,0.5,0.14003,0.8,0.06667,0.0,1.0,0.0,0.0,0.27,0.0,0.5,0.5,0.82222,0.82222,1.0,1.0,0.5,1.0,0.56097,0.77913,0.11111,1.0,1.0,1.0,0.0,1.0,0.88889,0.5,0.5,1.0,1.0,0.5,0.5,0.5,1.0,1.0,0.5,0.5,0.5,0.5,0.5,1.0,1.0,1.0,0.5,0.5,0.8,0.2,1.0,1.0,1.0,1.0,0.0,0.5,0.5,0.5,0.5,0.5,0.5,0.5,0.14003,0.8,0.06667,0.0,1.0,0.0,0.0,0.27,0.0,0.5,0.5,0.82222,0.82222,1.0,1.0,0.5,1.0,0.57389,0.91094,0.11111,1.0,1.0,1.0,0.0,1.0,0.88889,0.5,0.8,1.0,1.0,0.5,0.5,0.5,1.0,1.0,0.5,0.5,0.5,0.5,0.5,1.0,1.0,1.0,0.5,0.5,0.8,0.2,1.0,1.0,1.0,1.0,0.0,0.5,0.5,0.5,0.5,0.5,0.5,0.5,0.14003,0.8,0.06667,0.0,1.0,0.0,0.0,0.27,0.0,0.5,0.5,0.82222,0.82222,1.0,1.0,0.5,1.0,0.56347,0.80496,0.11111,1.0,1.0,1.0,0.0,1.0,0.88889,0.5,0.0,1.0,1.0,0.5,0.5,0.5,1.0,1.0,0.5,0.5,0.5,0.5,0.5,1.0,1.0,1.0,0.5,0.5,1.0,0.1,0.0,1.0,1.0,1.0,0.0,0.5
1.0,0.0,1.0,0.0,1.0,1.0,0.09107,0.3,0.3,0.0,1.0,0.0,0.0,0.55,0.0,0.96264,0.0,1.0,1.0,1.0,1.0,0.55556,0.0,0.0001,1.0,0.0,0.86455,0.72239,0.0,0.0,0.96383,0.88889,0.55556,1.0,1.0,1.0,0.5,0.5,0.5,1.0,1.0,0.5,0.5,0.5,0.26157,0.08307,0.0,1.0,1.0,0.5,0.5,1.0,0.0,0.0,1.0,1.0,1.0,0.25,1.0,1.0,1.0,1.0,1.0,0.8,0.8,0.09107,0.3,0.3,0.0,1.0,0.0,0.0,0.55,0.0,0.96264,0.0,1.0,1.0,1.0,1.0,0.53333,0.0,0.56613,0.80875,0.0,0.86455,0.72239,0.0,0.0,0.96383,0.88889,0.77778,0.8,1.0,1.0,0.5,0.5,0.5,1.0,1.0,0.5,0.5,0.5,0.0,0.0,1.0,1.0,1.0,0.5,0.5,0.2,0.4,0.75,0.66667,1.0,1.0,0.25,1.0,0.0,0.0,0.0,0.0,1.0,1.0,0.09107,0.3,0.3,0.0,1.0,0.0,0.0,0.55,0.0,0.96264,0.0,1.0,1.0,1.0,1.0,0.46667,0.0,0.91703,1.0,0.0,0.86455,0.72239,0.0,0.0,0.96383,0.88889,0.66667,0.8,1.0,1.0,0.5,0.5,0.5,1.0,1.0,0.5,0.5,0.5,0.11531,0.19462,0.6,1.0,1.0,0.5,0.5,0.6,0.2,0.25,0.0,1.0,1.0,0.25,1.0,0.5,0.5,0.5,0.5,0.5,0.5,0.09107,0.3,0.3,0.0,1.0,0.0,0.0,0.55,0.0,0.96264,0.0,1.0,1.0,1.0,1.0,0.5,0.0,0.84107,1.0,0.11111,0.87475,0.72239,0.0,0.0,0.96788,0.77778,0.5,0.65,1.0,1.0,0.5,0.5,0.5,1.0,1.0,0.5,0.5,0.5,0.0,0.0,1.0,1.0,1.0,0.5,0.5,0.5,0.3,0.4,0.5,1.0,1.0,0.2,0.5,0.0,0.5,0.0,0.5,0.3,0.5,0.09107,0.3,0.3,0.0,1.0,0.0,1.0,0.55,0.0,0.96264,0.0,1.0,1.0,1.0,1.0,1.0,1.0,0.99869,1.0,0.11111,0.90929,0.79632,0.0,0.0,0.95704,1.0,1.0,0.7,1.0,1.0,0.5,0.5,0.5,1.0,1.0,0.5,0.5,0.5,0.0,0.0,1.0,1.0,1.0,0.5,0.5,0.3,0.2,0.33333,0.0,1.0,1.0,0.33333,1.0,0.5,0.5,0.5,0.5,0.5,0.5,0.09107,0.3,0.3,0.0,1.0,0.0,0.0,0.55,0.0,0.96264,0.0,1.0,1.0,1.0,1.0,0.5,0.0,0.53511,0.74321,0.0,0.86455,0.72239,0.0,0.0,0.96383,0.88889,0.5,0.5,1.0,1.0,0.5,0.5,0.5,1.0,1.0,0.5,0.5,0.5,0.1746,0.24378,0.5,1.0,1.0,0.5,0.5,1.0,0.1,0.0,1.0,1.0,1.0,0.25,0.5,1.0,0.0,0.0,0.0,0.8,0.3,0.09107,0.3,0.3,0.0,1.0,0.0,0.0,0.55,0.0,0.96264,0.0,1.0,1.0,1.0,1.0,1.0,1.0,0.69892,1.0,0.0,0.86455,0.72239,0.0,0.0,0.96383,0.88889,0.66667,0.8,1.0,1.0,0.5,0.5,0.5,1.0,1.0,0.5,0.5,0.5,0.0,0.0,1.0,1.0,1.0,0.5,0.5,0.2,0.5,1.0,0.75,1.0,1.0,0.25,0.88889,0.5,0.5,0.5,0.5,0.5,0.5,0.09107,0.3,0.3,0.0,1.0,0.0,0.0,0.55,0.0,0.96264,0.0,1.0,1.0,1.0,1.0,0.5,0.0,0.56613,0.80875,0.0,0.86455,0.72239,0.0,0.0,0.96383,0.88889,0.5,0.0,1.0,1.0,0.5,0.5,0.5,1.0,1.0,0.5,0.5,0.5,0.0,0.0,1.0,1.0,1.0,0.5,0.5,1.0,0.1,0.0,1.0,1.0,1.0,0.25,0.5
1.0,1.0,1.0,1.0,0.5,0.4,0.0965,0.4,0.1,0.0,1.0,0.0,0.0,0.39,0.0,0.90485,0.0,0.57778,1.0,1.0,1.0,0.37778,0.0,0.0001,1.0,0.0,1.0,0.65984,0.42857,0.0,0.79507,0.55556,0.22222,1.0,1.0,1.0,0.5,0.5,0.5,1.0,1.0,0.5,0.5,0.5,0.34081,0.0,0.0,1.0,1.0,0.5,0.5,1.0,0.0,0.0,1.0,1.0,1.0,0.42857,1.0,0.5,0.5,0.5,0.5,0.5,0.5,0.0965,0.4,0.1,0.0,1.0,0.0,0.0,0.39,0.0,0.90485,0.0,0.57778,1.0,1.0,1.0,0.5,1.0,0.82411,1.0,0.0,1.0,0.65984,0.42857,0.0,0.79507,0.55556,0.5,0.8,1.0,1.0,0.5,0.5,0.5,1.0,1.0,0.5,0.5,0.5,0.0,0.0,1.0,1.0,1.0,0.5,0.5,0.2,0.8,1.0,0.57143,1.0,1.0,0.42857,0.5,0.5,0.5,0.5,0.5,0.5,0.5,0.0965,0.4,0.1,0.0,1.0,0.0,0.0,0.39,0.0,0.90485,0.0,0.57778,1.0,1.0,1.0,0.5,1.0,0.99966,1.0,0.33333,0.87689,0.65984,0.25,0.0,0.89427,0.88889,0.5,0.8,1.0,1.0,0.5,0.5,0.5,1.0,1.0,0.5,0.5,0.5,0.0,0.0,1.0,1.0,1.0,0.5,0.5,0.2,0.5,1.0,0.25,1.0,1.0,0.75,0.5,0.5,0.5,0.5,0.5,0.5,0.5,0.0965,0.4,0.1,0.0,1.0,0.0,0.0,0.39,0.0,0.90485,0.0,0.57778,1.0,1.0,1.0,0.5,1.0,0.88178,1.0,0.11111,0.93421,0.65984,0.33333,0.0,0.82261,0.66667,0.5,0.65,1.0,1.0,0.5,0.5,0.5,1.0,1.0,0.5,0.5,0.5,0.0,0.0,1.0,1.0,1.0,0.5,0.5,0.35,0.7,1.0,0.5,1.0,1.0,0.5,0.5,0.0,0.5,0.0,0.5,0.4,0.5,0.0965,0.4,0.1,0.0,1.0,0.0,1.0,0.39,0.0,0.90485,0.0,0.57778,1.0,1.0,1.0,0.57778,1.0,0.88953,1.0,0.44444,0.80219,0.65984,0.0,0.0,0.89654,1.0,1.0,0.7,1.0,1.0,0.5,0.5,0.5,1.0,1.0,0.5,0.5,0.5,0.0,0.0,1.0,1.0,1.0,0.5,0.5,0.3,0.4,1.0,0.0,1.0,1.0,1.0,1.0,0.5,0.5,0.5,0.5,0.5,0.5,0.0965,0.4,0.1,0.0,1.0,0.0,0.0,0.39,0.0,0.90485,0.0,0.57778,1.0,1.0,1.0,0.5,1.0,0.88011,1.0,0.0,1.0,0.65984,0.42857,0.0,0.79507,0.55556,0.5,0.5,1.0,1.0,0.5,0.5,0.5,1.0,1.0,0.5,0.5,0.5,0.0,0.0,1.0,1.0,1.0,0.5,0.5,0.5,0.7,0.85714,0.5,1.0,1.0,0.42857,0.5,0.5,0.5,0.5,0.5,0.5,0.5,0.0965,0.4,0.1,0.0,1.0,0.0,0.0,0.39,0.0,0.90485,0.0,0.57778,1.0,1.0,1.0,0.5,0.0,0.58335,0.92595,0.44444,0.80219,0.65984,0.0,0.0,0.89654,1.0,0.5,0.8,1.0,1.0,0.5,0.5,0.5,1.0,1.0,0.5,0.5,0.5,0.0,0.0,1.0,1.0,1.0,0.5,0.5,0.2,0.4,1.0,0.0,1.0,1.0,1.0,0.5,0.5,0.5,0.5,0.5,0.5,0.5,0.0965,0.4,0.1,0.0,1.0,0.0,0.0,0.39,0.0,0.90485,0.0,0.57778,1.0,1.0,1.0,0.5,1.0,0.82411,1.0,0.0,1.0,0.65984,0.42857,0.0,0.79507,0.55556,0.5,0.0,1.0,1.0,0.5,0.5,0.5,1.0,1.0,0.5,0.5,0.5,0.0,0.0,1.0,1.0,1.0,0.5,0.5,1.0,0.1,0.0,1.0,1.0,1.0,0.42857,0.5
1.0,0.0,1.0,0.0,1.0,0.9,0.14162,0.8,0.26667,0.0,1.0,0.0,0.0,0.14,0.03,0.0,0.99824,1.0,0.95556,0.88889,1.0,0.88889,0.0,0.0001,1.0,0.11111,1.0,1.0,1.0,0.0,1.0,0.88889,1.0,1.0,1.0,1.0,0.5,0.5,0.5,1.0,1.0,0.5,0.5,0.5,0.51263,0.05508,0.0,1.0,1.0,1.0,0.37494,1.0,0.0,0.0,1.0,0.0,1.0,1.0,1.0,0.0,0.0,0.0,0.0,0.9,0.9,0.14162,0.8,0.26667,0.0,1.0,0.0,0.0,0.14,0.03,0.0,0.97507,1.0,0.95556,0.88889,1.0,0.88889,0.0,0.61626,0.88038,0.22222,1.0,1.0,1.0,0.0,1.0,1.0,0.66667,0.8,1.0,1.0,0.5,0.5,0.5,1.0,1.0,0.5,0.5,0.5,0.0,0.0,1.0,1.0,1.0,1.0,0.37494,0.2,0.2,1.0,1.0,1.0,1.0,0.0,1.0,0.0,0.0,1.0,0.0,0.9,0.8,0.14162,0.8,0.26667,0.0,1.0,0.0,0.0,0.14,0.03,0.0,0.95735,1.0,0.95556,0.88889,1.0,0.91111,0.0,0.78096,1.0,0.44444,1.0,1.0,1.0,0.0,0.8936,0.77778,0.55556,0.8,1.0,1.0,0.5,0.5,0.5,1.0,1.0,1.0,0.37494,0.85429,1.0,0.00194,0.7,1.0,1.0,1.0,0.37494,0.75,0.2,0.33333,1.0,1.0,1.0,0.0,0.77778,0.5,0.5,0.5,0.5,0.5,0.5,0.14162,0.8,0.26667,0.0,1.0,0.0,0.0,0.14,0.03,0.0,0.99494,1.0,0.95556,0.88889,1.0,0.5,0.0,0.60259,0.78259,0.22222,1.0,1.0,1.0,0.0,1.0,1.0,0.5,0.65,1.0,1.0,0.5,0.5,0.5,1.0,1.0,0.5,0.5,0.5,0.0,0.0,1.0,1.0,1.0,1.0,0.37494,0.7,0.2,1.0,1.0,1.0,1.0,0.0,0.5,0.0,0.5,0.0,0.5,0.8,0.5,0.14162,0.8,0.26667,0.0,1.0,0.0,1.0,0.14,0.03,0.0,0.97507,1.0,0.95556,0.88889,1.0,1.0,0.0,0.75275,1.0,0.22222,1.0,1.0,1.0,0.0,1.0,1.0,0.77778,0.7,1.0,1.0,0.5,0.5,0.5,1.0,1.0,0.5,0.5,0.5,0.0,0.0,1.0,1.0,1.0,1.0,0.37494,0.3,0.2,1.0,1.0,1.0,1.0,0.0,1.0,0.5,0.5,0.5,0.5,0.5,0.5,0.14162,0.8,0.26667,0.0,1.0,0.0,0.0,0.14,0.03,0.0,0.9558,1.0,0.95556,0.88889,1.0,0.5,1.0,0.69915,0.97104,0.44444,1.0,1.0,1.0,0.0,0.8936,0.77778,0.5,0.5,1.0,1.0,0.5,0.5,0.5,1.0,1.0,0.5,0.5,0.5,0.0,0.0,1.0,1.0,1.0,1.0,0.37494,0.75,0.2,0.33333,1.0,1.0,1.0,0.0,0.5,0.0,0.0,0.0,0.0,0.9,0.9,0.14162,0.8,0.26667,0.0,1.0,0.0,0.0,0.14,0.03,0.0,0.98042,1.0,0.95556,0.88889,1.0,0.88889,0.0,0.0526,0.08349,0.11111,1.0,1.0,1.0,0.0,1.0,0.88889,1.0,0.8,1.0,1.0,0.5,0.5,0.5,1.0,1.0,0.5,0.5,0.5,0.0,0.0,1.0,1.0,1.0,1.0,0.37494,1.0,0.1,1.0,1.0,0.0,1.0,1.0,0.77778,0.5,0.5,0.5,0.5,0.5,0.5,0.14162,0.8,0.26667,0.0,1.0,0.0,0.0,0.14,0.03,0.0,0.97507,1.0,0.95556,0.88889,1.0,0.5,0.0,0.61626,0.88038,0.22222,1.0,1.0,1.0,0.0,1.0,1.0,0.5,0.0,1.0,1.0,0.5,0.5,0.5,1.0,1.0,0.5,0.5,0.5,0.0,0.0,1.0,1.0,1.0,1.0,0.37494,1.0,0.1,0.0,1.0,0.0,1.0,0.0,0.5
0.0,0.5,0.0,0.5,0.1,0.5,2e-05,0.1,0.76667,0.0,1.0,0.0,1.0,0.08,0.09,0.0,0.97684,1.0,1.0,0.82222,1.0,1.0,0.0,0.0001,1.0,0.0,0.00025,8e-05,0.0,0.0,0.92039,1.0,1.0,0.7,0.9,0.9954,0.0,0.0,0.0,1.0,1.0,0.30725,0.29486,0.5,0.00546,0.0859,0.3,0.0,0.0,0.30725,0.29486,1.0,0.1,0.0,1.0,0.0,1.0,0.0,1.0,0.5,0.5,0.5,0.5,0.5,0.5,2e-05,0.1,0.76667,0.0,1.0,0.0,0.0,0.08,0.09,0.0,0.98587,1.0,1.0,0.82222,1.0,0.5,1.0,0.81745,1.0,0.66667,0.00012,7e-05,0.0,0.0,0.984,0.33333,0.5,0.0,0.9,0.9954,0.0,0.5,0.07288,1.0,1.0,0.5,0.5,0.5,0.0,0.0,1.0,0.0,1.0,0.30725,0.29486,1.0,0.1,0.0,1.0,0.0,1.0,0.0,0.5,1.0,1.0,1.0,1.0,0.2,0.2,2e-05,0.1,0.76667,0.0,1.0,0.0,0.0,0.08,0.09,0.0,0.99311,1.0,1.0,0.82222,1.0,0.88889,1.0,0.99007,1.0,0.66667,0.00012,7e-05,0.0,0.0,0.984,0.33333,0.66667,0.0,0.9,0.9954,0.0,0.5,0.23687,1.0,1.0,0.5,0.5,0.5,0.0,0.0,1.0,0.0,1.0,0.30725,0.29486,1.0,0.1,0.0,1.0,0.0,1.0,0.0,1.0,1.0,1.0,1.0,1.0,0.3,0.3,2e-05,0.1,0.76667,0.0,1.0,0.0,0.0,0.08,0.09,0.0,0.97809,1.0,1.0,0.82222,1.0,1.0,1.0,0.76811,0.99755,0.66667,0.00012,7e-05,0.0,0.0,0.984,0.33333,1.0,0.0,0.9,0.9954,0.0,0.27001,0.1822,1.0,1.0,0.5,0.5,0.5,0.0,0.0,1.0,0.0,1.0,0.30725,0.29486,1.0,0.1,0.0,1.0,0.0,1.0,0.0,1.0,0.0,0.0,0.0,0.0,0.4,0.4,2e-05,0.1,0.76667,0.0,1.0,0.0,0.0,0.08,0.09,0.0,0.98587,1.0,1.0,0.82222,1.0,0.51111,0.0,0.4097,1.0,0.66667,0.00012,7e-05,0.0,0.0,0.984,0.33333,1.0,0.0,0.9,0.9954,0.0,0.36809,0.12754,1.0,1.0,0.5,0.5,0.5,0.0,0.0,1.0,0.0,1.0,0.30725,0.29486,1.0,0.1,0.0,1.0,0.0,1.0,0.0,1.0,0.5,0.5,0.5,0.5,0.5,0.5,2e-05,0.1,0.76667,0.0,1.0,0.0,0.0,0.08,0.09,0.0,0.99376,1.0,1.0,0.82222,1.0,0.5,1.0,0.80194,1.0,0.66667,0.00012,7e-05,0.0,0.0,0.984,0.33333,0.5,0.0,0.9,0.9954,0.0,0.5,0.36441,1.0,1.0,0.5,0.5,0.5,0.0,0.0,1.0,0.0,1.0,0.30725,0.29486,1.0,0.1,0.0,1.0,0.0,1.0,0.0,0.5,1.0,1.0,1.0,1.0,0.3,0.4,2e-05,0.1,0.76667,0.0,1.0,0.0,0.0,0.08,0.09,0.0,0.9966,1.0,1.0,0.82222,1.0,1.0,1.0,0.88333,1.0,0.66667,0.00012,7e-05,0.0,0.0,0.984,0.33333,1.0,0.0,0.9,0.9954,0.0,0.38317,0.36441,1.0,1.0,0.0,0.228,1.0,0.0,0.0,1.0,0.0,1.0,0.30725,0.29486,1.0,0.1,0.0,1.0,0.0,1.0,0.0,1.0,1.0,0.0,0.0,0.0,0.4,0.1,2e-05,0.1,0.76667,0.0,1.0,0.0,0.0,0.08,0.09,0.0,0.98587,1.0,1.0,0.82222,1.0,1.0,1.0,0.81745,1.0,0.66667,0.00012,7e-05,0.0,0.0,0.984,0.33333,1.0,0.0,0.9,0.9954,0.0,0.5,0.36441,1.0,1.0,0.5,0.5,0.5,0.0,0.0,1.0,0.0,1.0,0.30725,0.29486,1.0,0.1,0.0,1.0,0.0,1.0,0.0,1.0
0.5,0.5,0.5,0.5,0.5,0.5,0.0,0.15,0.26667,0.0,1.0,0.0,0.0,0.08,0.1,0.99842,0.0,0.84444,1.0,0.71111,1.0,0.5,0.0,0.0001,1.0,0.0,0.0,0.0,0.16667,0.0,0.92828,0.88889,0.5,1.0,1.0,1.0,0.5,0.5,0.5,1.0,1.0,0.5,0.5,0.5,0.0,0.08403,1.0,1.0,1.0,0.5,0.5,0.0,0.4,0.66667,1.0,1.0,1.0,0.0,0.5,0.0,0.0,0.0,0.0,0.15,0.15,0.0,0.15,0.26667,0.0,1.0,0.0,0.0,0.08,0.1,0.97654,0.0,0.84444,1.0,0.71111,1.0,0.84444,1.0,0.95917,1.0,0.88889,0.0,0.0,0.0,0.0,0.66667,0.22222,0.11111,1.0,1.0,1.0,0.5,0.5,0.5,1.0,1.0,0.5,0.5,0.5,0.0,0.0,1.0,1.0,1.0,0.5,0.5,1.0,0.0,0.0,1.0,1.0,1.0,0.0,1.0,1.0,1.0,1.0,1.0,0.4,0.4,0.0,0.15,0.26667,0.0,1.0,0.0,0.0,0.08,0.1,0.9539,0.0,0.84444,1.0,0.73333,0.97778,0.53333,1.0,0.8225,1.0,0.77778,0.0,0.0,0.0,0.0,1.0,0.33333,0.44444,1.0,1.0,1.0,0.5,0.5,0.5,1.0,1.0,0.5,0.5,0.5,0.0,0.0,1.0,1.0,1.0,0.5,0.5,1.0,0.0,0.0,1.0,1.0,1.0,0.0,1.0,0.0,0.5,0.0,0.5,0.15,0.5,0.0,0.15,0.26667,0.0,1.0,0.0,1.0,0.08,0.1,0.99542,0.0,0.84444,1.0,0.71111,1.0,0.84444,0.0,0.89966,1.0,0.11111,0.0,0.0,0.14286,1.0,0.82684,1.0,0.88889,1.0,1.0,1.0,0.5,0.5,0.5,1.0,1.0,0.5,0.5,0.5,0.0,0.0,1.0,1.0,1.0,0.5,0.5,0.0,0.4,0.57143,1.0,1.0,1.0,0.0,1.0,0.5,0.5,0.5,0.5,0.5,0.5,0.0,0.15,0.26667,0.0,1.0,0.0,0.0,0.08,0.1,0.97654,0.0,0.84444,1.0,0.71111,1.0,0.5,0.0,0.3547,0.88674,0.11111,0.0,0.0,0.2,0.0,0.91747,0.77778,0.5,1.0,1.0,1.0,0.5,0.5,0.5,1.0,1.0,0.5,0.5,0.5,0.0,0.0,1.0,1.0,1.0,0.5,0.5,0.0,0.3,0.6,1.0,1.0,1.0,0.0,0.5,0.5,0.5,0.5,0.5,0.5,0.5,0.0,0.15,0.26667,0.0,1.0,0.0,0.0,0.08,0.1,0.94373,0.0,0.84444,1.0,0.73333,0.97778,0.5,0.0,0.10947,0.15205,0.11111,0.0,0.0,0.2,0.0,0.9286,0.77778,0.5,1.0,1.0,1.0,0.5,0.5,0.5,1.0,1.0,0.5,0.5,0.5,0.0,0.0,1.0,1.0,1.0,0.5,0.5,0.0,0.3,0.6,1.0,1.0,1.0,0.0,0.5,1.0,0.0,1.0,0.0,0.2,0.15,0.0,0.15,0.26667,0.0,1.0,0.0,0.0,0.08,0.1,0.93228,0.0,0.84444,1.0,0.73333,0.97778,0.66667,0.0,0.14299,0.22696,0.11111,0.0,0.0,0.2,0.0,0.9286,0.77778,1.0,1.0,1.0,1.0,0.5,0.22523,0.5,1.0,1.0,0.5,0.5,0.5,0.0,0.0,1.0,1.0,1.0,0.5,0.5,0.0,0.4,0.8,0.75,1.0,1.0,0.0,1.0,0.5,0.5,0.5,0.5,0.5,0.5,0.0,0.15,0.26667,0.0,1.0,0.0,0.0,0.08,0.1,0.97654,0.0,0.84444,1.0,0.71111,1.0,0.5,1.0,0.95917,1.0,0.88889,0.0,0.0,0.0,0.0,0.66667,0.22222,0.5,1.0,1.0,1.0,0.5,0.5,0.5,1.0,1.0,0.5,0.5,0.5,0.0,0.0,1.0,1.0,1.0,0.5,0.5,1.0,0.0,0.0,1.0,1.0,1.0,0.0,0.5
0.0,0.5,0.0,0.5,0.6,0.5,0.12622,0.6,0.06667,0.0,1.0,0.0,1.0,0.1,0.0,0.5,0.5,1.0,1.0,1.0,1.0,1.0,1.0,0.0001,1.0,0.0,1.0,1.0,1.0,0.0,1.0,1.0,1.0,0.75,1.0,1.0,0.5,0.5,0.5,1.0,1.0,0.5,0.5,0.5,0.5,0.5,0.25,1.0,1.0,0.5,0.5,1.0,0.1,1.0,1.0,1.0,1.0,1.0,1.0,0.5,0.5,0.5,0.5,0.5,0.5,0.12622,0.6,0.06667,0.0,1.0,0.0,0.0,0.1,0.0,0.5,0.5,1.0,1.0,1.0,1.0,0.5,1.0,0.54266,0.77522,0.11111,1.0,1.0,1.0,1.0,1.0,0.88889,0.5,0.8,1.0,1.0,0.5,0.5,0.5,1.0,1.0,0.5,0.5,0.5,0.5,0.5,1.0,1.0,1.0,0.5,0.5,0.75,0.2,1.0,1.0,1.0,1.0,0.0,0.5,0.5,0.5,0.5,0.5,0.5,0.5,0.12622,0.6,0.06667,0.0,1.0,0.0,0.0,0.1,0.0,0.5,0.5,1.0,1.0,1.0,1.0,0.5,1.0,0.56133,1.0,0.11111,1.0,1.0,1.0,1.0,1.0,0.88889,0.5,0.8,1.0,1.0,0.5,0.5,0.5,1.0,1.0,0.5,0.5,0.5,0.5,0.5,1.0,1.0,1.0,0.5,0.5,0.85,0.2,1.0,1.0,1.0,1.0,0.0,0.5,0.5,0.5,0.5,0.5,0.5,0.5,0.12622,0.6,0.06667,0.0,1.0,0.0,0.0,0.1,0.0,0.5,0.5,1.0,1.0,1.0,1.0,0.5,1.0,0.5371,0.69753,0.11111,1.0,1.0,1.0,1.0,1.0,0.88889,0.5,0.65,1.0,1.0,0.5,0.5,0.5,1.0,1.0,0.5,0.5,0.5,0.5,0.5,1.0,1.0,1.0,0.5,0.5,0.9,0.2,1.0,1.0,1.0,1.0,0.0,0.5,0.5,0.5,0.5,0.5,0.5,0.5,0.12622,0.6,0.06667,0.0,1.0,0.0,0.0,0.1,0.0,0.5,0.5,1.0,1.0,1.0,1.0,0.5,1.0,0.60128,1.0,0.11111,1.0,1.0,1.0,1.0,1.0,0.88889,0.5,0.7,1.0,1.0,0.5,0.5,0.5,1.0,1.0,0.5,0.5,0.5,0.5,0.5,1.0,1.0,1.0,0.5,0.5,0.75,0.2,1.0,1.0,1.0,1.0,0.0,0.5,0.5,0.5,0.5,0.5,0.5,0.5,0.12622,0.6,0.06667,0.0,1.0,0.0,0.0,0.1,0.0,0.5,0.5,1.0,1.0,1.0,1.0,0.5,1.0,0.54092,0.75128,0.11111,1.0,1.0,1.0,1.0,1.0,0.88889,0.5,0.5,1.0,1.0,0.5,0.5,0.5,1.0,1.0,0.5,0.5,0.5,0.5,0.5,1.0,1.0,1.0,0.5,0.5,0.85,0.2,1.0,1.0,1.0,1.0,0.0,0.5,0.5,0.5,0.5,0.5,0.5,0.5,0.12622,0.6,0.06667,0.0,1.0,0.0,0.0,0.1,0.0,0.5,0.5,1.0,1.0,1.0,1.0,0.5,1.0,0.04014,0.06372,0.0,1.0,1.0,1.0,0.0,1.0,1.0,0.5,0.8,1.0,1.0,0.5,0.5,0.5,1.0,1.0,0.5,0.5,0.5,0.5,0.5,1.0,1.0,1.0,0.5,0.5,1.0,0.1,1.0,1.0,1.0,1.0,1.0,0.5,0.5,0.5,0.5,0.5,0.5,0.5,0.12622,0.6,0.06667,0.0,1.0,0.0,0.0,0.1,0.0,0.5,0.5,1.0,1.0,1.0,1.0,0.5,1.0,0.54266,0.77522,0.11111,1.0,1.0,1.0,1.0,1.0,0.88889,0.5,0.0,1.0,1.0,0.5,0.5,0.5,1.0,1.0,0.5,0.5,0.5,0.5,0.5,1.0,1.0,1.0,0.5,0.5,1.0,0.1,0.0,1.0,1.0,1.0,0.0,0.5
0.0,0.0,0.0,0.0,0.6,0.6,0.0,0.1,0.16667,0.0,1.0,0.0,0.0,0.11,0.03,0.49269,0.0,1.0,1.0,0.97778,1.0,0.95556,0.0,0.0001,1.0,0.0,0.0,0.0,0.0,0.0,0.5,0.77778,0.88889,1.0,0.8,0.74844,0.0,0.5,0.0,1.0,1.0,0.5,0.5,0.5,0.0,0.04821,1.0,1.0,1.0,1.0,1.0,1.0,0.0,0.0,1.0,0.0,1.0,0.0,1.0,0.0,0.5,0.0,0.5,0.1,0.5,0.0,0.1,0.16667,0.0,1.0,0.0,1.0,0.11,0.03,0.72926,0.0,1.0,1.0,0.97778,1.0,1.0,1.0,0.58237,0.83196,0.22222,0.0,0.0,0.0,0.0,1.0,1.0,0.77778,1.0,0.8,0.74844,0.0,0.0,0.0,1.0,1.0,1.0,1.0,0.5,0.0,0.04821,1.0,1.0,1.0,1.0,1.0,0.0,0.1,1.0,1.0,1.0,1.0,0.0,1.0,0.5,0.5,0.5,0.5,0.5,0.5,0.0,0.1,0.16667,0.0,1.0,0.0,0.0,0.11,0.03,0.89482,0.0,1.0,1.0,0.97778,1.0,0.5,0.0,0.0001,0.00018,0.11111,1.0,1.0,1.0,1.0,1.0,0.88889,0.5,1.0,0.8,0.74844,0.0,0.5,0.3205,1.0,1.0,0.5,0.5,0.5,0.0,0.0,1.0,1.0,1.0,1.0,1.0,1.0,0.0,0.0,1.0,0.0,1.0,0.0,0.5,0.5,0.5,0.5,0.5,0.5,0.5,0.0,0.1,0.16667,0.0,1.0,0.0,0.0,0.11,0.03,0.52791,0.0,1.0,1.0,0.97778,1.0,0.5,0.0,0.57295,0.74409,0.22222,0.0,0.0,0.0,0.0,1.0,1.0,0.5,1.0,0.8,0.74844,0.0,0.5,0.3205,1.0,1.0,0.5,0.5,0.5,0.0,0.0,1.0,1.0,1.0,1.0,1.0,0.0,0.1,1.0,1.0,1.0,1.0,0.0,0.5,0.0,0.0,0.0,0.0,0.4,0.1,0.0,0.1,0.16667,0.0,1.0,0.0,0.0,0.11,0.03,0.72926,0.0,1.0,1.0,0.97778,1.0,0.93333,0.0,0.67482,1.0,0.22222,0.0,0.0,0.0,0.0,1.0,1.0,0.77778,1.0,0.8,0.74844,0.0,0.19157,0.3205,1.0,1.0,0.5,0.5,0.5,0.0,0.0,1.0,1.0,1.0,1.0,1.0,0.0,0.1,1.0,1.0,1.0,1.0,0.0,1.0,0.0,0.0,0.0,0.0,0.6,0.4,0.0,0.1,0.16667,0.0,1.0,0.0,0.0,0.11,0.03,0.90873,0.0,1.0,1.0,0.97778,1.0,0.95556,1.0,0.57945,0.8048,0.22222,0.0,0.0,0.0,0.0,1.0,1.0,0.77778,1.0,0.8,0.74844,0.0,0.5,0.3205,1.0,1.0,0.5,0.5,0.5,0.0,0.0,1.0,1.0,1.0,1.0,1.0,0.0,0.1,1.0,1.0,1.0,1.0,0.0,0.88889,0.5,0.5,0.5,0.5,0.5,0.5,0.0,0.1,0.16667,0.0,1.0,0.0,0.0,0.11,0.03,0.96782,0.0,1.0,1.0,0.97778,1.0,0.5,0.0,0.59441,0.94351,0.22222,0.0,0.0,0.0,0.0,1.0,1.0,0.5,1.0,0.8,0.74844,0.0,0.5,0.1923,1.0,1.0,0.5,0.5,0.5,0.0,0.0,1.0,1.0,1.0,1.0,1.0,0.0,0.1,1.0,1.0,1.0,1.0,0.0,0.5,0.5,0.5,0.5,0.5,0.5,0.5,0.0,0.1,0.16667,0.0,1.0,0.0,0.0,0.11,0.03,0.72926,0.0,1.0,1.0,0.97778,1.0,0.5,1.0,0.58237,0.83196,0.22222,0.0,0.0,0.0,0.0,1.0,1.0,0.5,1.0,0.8,0.74844,0.0,0.5,0.0,1.0,1.0,0.5,0.5,0.5,0.0,0.04821,1.0,1.0,1.0,1.0,1.0,0.0,0.1,1.0,1.0,1.0,1.0,0.0,0.5
0.5,0.5,0.5,0.5,0.5,0.5,0.0,0.1,0.1,0.0,1.0,0.0,0.0,0.28,0.04,0.02582,0.0,0.77778,0.86667,0.8,1.0,0.5,0.0,0.0001,1.0,0.0,0.0,0.0,0.0,0.0,0.5,0.77778,0.5,1.0,0.7,0.66884,0.05205,0.5,0.13013,1.0,1.0,0.5,0.5,0.5,0.0,0.0,1.0,1.0,1.0,0.5,0.5,0.0,0.1,1.0,0.0,1.0,1.0,1.0,0.5,0.0,0.5,0.0,0.5,0.1,0.5,0.0,0.1,0.1,0.0,1.0,0.0,1.0,0.28,0.04,0.41116,0.0,0.77778,0.86667,0.8,1.0,0.77778,0.0,0.61971,0.88531,0.22222,0.0,0.0,0.0,0.0,1.0,1.0,0.33333,1.0,0.7,0.66884,0.05205,0.05205,0.05205,1.0,1.0,0.5,0.5,0.5,0.0,0.0,1.0,1.0,1.0,0.5,0.5,0.0,0.1,1.0,1.0,1.0,1.0,0.0,1.0,1.0,0.0,1.0,0.0,0.4,0.1,0.0,0.1,0.1,0.0,1.0,0.0,0.0,0.28,0.04,0.77762,0.0,0.77778,0.86667,0.8,1.0,0.82222,0.0,0.0001,0.00018,0.11111,1.0,1.0,1.0,0.0,1.0,0.88889,0.44444,1.0,0.7,0.66884,0.05205,0.5,0.05205,1.0,1.0,0.5,0.5,0.5,0.0,0.0,1.0,1.0,1.0,0.5,0.5,1.0,0.0,0.0,1.0,1.0,1.0,1.0,1.0,0.5,0.5,0.5,0.5,0.5,0.5,0.0,0.1,0.1,0.0,1.0,0.0,0.0,0.28,0.04,0.07543,0.0,0.77778,0.86667,0.8,1.0,0.5,0.0,0.59112,0.76769,0.11111,0.0,0.0,0.0,1.0,0.8812,0.66667,0.5,1.0,0.7,0.66884,0.05205,0.5,0.09109,1.0,1.0,0.5,0.5,0.5,0.0,0.0,1.0,1.0,1.0,0.5,0.5,0.0,0.2,1.0,0.0,0.5,1.0,1.0,0.5,0.5,0.5,0.5,0.5,0.5,0.5,0.0,0.1,0.1,0.0,1.0,0.0,0.0,0.28,0.04,0.41116,0.0,0.77778,0.86667,0.8,1.0,0.5,0.0,0.67537,1.0,0.11111,0.0,0.0,0.0,1.0,0.8812,0.66667,0.5,1.0,0.7,0.66884,0.05205,0.5,0.07808,1.0,1.0,0.5,0.5,0.5,0.0,0.0,1.0,1.0,1.0,0.5,0.5,0.0,0.1,0.5,0.0,0.0,1.0,1.0,0.5,0.5,0.5,0.5,0.5,0.5,0.5,0.0,0.1,0.1,0.0,1.0,0.0,0.0,0.28,0.04,0.81342,0.0,0.77778,0.86667,0.8,1.0,0.5,1.0,0.61639,0.8561,0.11111,0.0,0.0,0.0,0.0,0.66667,0.88889,0.5,1.0,0.7,0.66884,0.05205,0.5,0.13013,1.0,1.0,0.5,0.5,0.5,0.0,0.0,1.0,1.0,1.0,0.5,0.5,0.0,0.2,1.0,0.5,1.0,1.0,0.5,0.5,0.5,0.5,0.5,0.5,0.5,0.5,0.0,0.1,0.1,0.0,1.0,0.0,0.0,0.28,0.04,0.95035,0.0,0.8,0.82222,0.91111,0.88889,0.5,1.0,0.61136,0.97042,0.11111,0.0,0.0,0.0,1.0,0.8812,0.66667,0.5,1.0,0.7,0.66884,0.05205,0.5,0.05205,1.0,1.0,0.5,0.5,0.5,0.0,0.0,1.0,1.0,1.0,0.5,0.5,0.0,0.2,1.0,0.0,0.5,1.0,1.0,0.5,0.5,0.5,0.5,0.5,0.5,0.5,0.0,0.1,0.1,0.0,1.0,0.0,0.0,0.28,0.04,0.41116,0.0,0.77778,0.86667,0.8,1.0,0.5,0.0,0.61971,0.88531,0.22222,0.0,0.0,0.0,0.0,1.0,1.0,0.5,1.0,0.7,0.66884,0.05205,0.5,0.26027,1.0,1.0,0.5,0.5,0.5,0.0,0.0,1.0,1.0,1.0,0.5,0.5,0.0,0.1,1.0,1.0,1.0,1.0,0.0,0.5
1.0,0.5,1.0,0.5,1.0,0.5,0.12353,1.0,0.06667,0.0,0.0,0.66667,1.0,0.13778,0.0,0.5,0.5,0.89524,0.85714,1.0,1.0,0.89524,1.0,0.0001,1.0,0.0,1.0,1.0,1.0,0.0,1.0,1.0,0.85714,0.53333,1.0,1.0,0.5,0.5,0.5,1.0,1.0,0.5,0.5,0.5,0.5,0.5,1.0,1.0,1.0,0.5,0.5,0.46667,0.2,1.0,1.0,1.0,1.0,0.0,1.0,0.5,0.5,0.5,0.5,0.5,0.5,0.12353,1.0,0.06667,0.0,0.0,0.66667,0.0,0.13778,0.0,0.5,0.5,0.89524,0.85714,1.0,1.0,0.5,1.0,0.67907,0.9701,0.07143,1.0,1.0,1.0,1.0,1.0,0.92857,0.5,0.8,1.0,1.0,0.5,0.5,0.5,1.0,1.0,0.5,0.5,0.5,0.5,0.5,1.0,1.0,1.0,0.5,0.5,0.2,0.26667,1.0,1.0,1.0,1.0,0.0,0.5,0.5,0.5,0.5,0.5,0.5,0.5,0.12353,1.0,0.06667,0.0,0.0,0.66667,0.0,0.13778,0.0,0.5,0.5,0.89524,0.85714,1.0,1.0,0.5,1.0,0.79996,1.0,0.14286,1.0,1.0,1.0,1.0,0.83094,0.85714,0.5,0.8,1.0,1.0,0.5,0.5,0.5,1.0,1.0,0.5,0.5,0.5,0.5,0.5,1.0,1.0,1.0,0.5,0.5,0.26667,0.2,0.5,1.0,1.0,1.0,0.0,0.5,0.5,0.5,0.5,0.5,0.5,0.5,0.12353,1.0,0.06667,0.0,0.0,0.66667,0.0,0.13778,0.0,0.5,0.5,0.89524,0.85714,1.0,1.0,0.5,1.0,0.65453,0.85004,0.07143,1.0,1.0,1.0,1.0,1.0,0.92857,0.5,0.63333,1.0,1.0,0.5,0.5,0.5,1.0,1.0,0.5,0.5,0.5,0.5,0.5,1.0,1.0,1.0,0.5,0.5,0.46667,0.2,0.66667,1.0,1.0,1.0,0.0,0.5,0.5,0.5,0.5,0.5,0.5,0.5,0.12353,1.0,0.06667,0.0,0.0,0.66667,0.0,0.13778,0.0,0.5,0.5,0.89524,0.85714,1.0,1.0,0.5,1.0,0.94453,1.0,0.07143,1.0,1.0,1.0,1.0,1.0,0.92857,0.5,0.7,1.0,1.0,0.5,0.5,0.5,1.0,1.0,0.5,0.5,0.5,0.5,0.5,1.0,1.0,1.0,0.5,0.5,0.3,0.2,0.66667,1.0,1.0,1.0,0.0,0.5,0.5,0.5,0.5,0.5,0.5,0.5,0.12353,1.0,0.06667,0.0,0.0,0.66667,0.0,0.13778,0.0,0.5,0.5,0.89524,0.85714,1.0,1.0,0.5,1.0,0.13282,0.18447,0.0,1.0,1.0,1.0,0.0,1.0,1.0,0.5,0.5,1.0,1.0,0.5,0.5,0.5,1.0,1.0,0.5,0.5,0.5,0.5,0.5,1.0,1.0,1.0,0.5,0.5,0.5,0.2,1.0,1.0,1.0,1.0,0.0,0.5,0.5,0.5,0.5,0.5,0.5,0.5,0.12353,1.0,0.06667,0.0,0.0,0.66667,0.0,0.13778,0.0,0.5,0.5,0.89524,0.85714,1.0,1.0,0.5,1.0,0.17348,0.27536,0.0,1.0,1.0,1.0,0.0,1.0,1.0,0.5,0.8,1.0,1.0,0.5,0.5,0.5,1.0,1.0,0.5,0.5,0.5,0.5,0.5,1.0,1.0,1.0,0.5,0.5,0.4,0.2,1.0,1.0,1.0,1.0,0.0,0.5,0.5,0.5,0.5,0.5,0.5,0.5,0.12353,1.0,0.06667,0.0,0.0,0.66667,0.0,0.13778,0.0,0.5,0.5,0.89524,0.85714,1.0,1.0,0.5,1.0,0.67907,0.9701,0.07143,1.0,1.0,1.0,1.0,1.0,0.92857,0.5,0.0,1.0,1.0,0.5,0.5,0.5,1.0,1.0,0.5,0.5,0.5,0.5,0.5,1.0,1.0,1.0,0.5,0.5,1.0,0.06667,0.0,1.0,1.0,1.0,0.0,0.5
0.0,0.5,0.0,0.5,0.2,0.5,0.0335,0.2,0.36667,0.0,0.0,0.66667,1.0,0.06667,0.00889,0.65252,0.0,1.0,0.9619,0.99048,1.0,1.0,0.0,0.0001,1.0,0.0,0.96667,0.9355,0.0,0.0,0.81844,1.0,1.0,1.0,1.0,1.0,0.5,0.5,0.5,1.0,1.0,1.0,0.13673,0.5,0.0,0.00504,1.0,1.0,1.0,1.0,0.13673,0.0,0.06667,1.0,0.0,1.0,1.0,1.0,0.57143,0.5,0.5,0.5,0.5,0.5,0.5,0.0335,0.2,0.36667,0.0,0.0,0.66667,0.0,0.06667,0.00889,0.80863,0.0,1.0,0.9619,0.99048,1.0,0.5,0.0,0.56906,0.81294,0.07143,0.66544,0.40994,0.0,0.0,0.87896,0.92857,0.5,0.8,1.0,1.0,0.5,0.5,0.5,1.0,1.0,0.5,0.5,0.5,0.0,0.0,1.0,1.0,1.0,1.0,0.13673,0.2,0.2,1.0,0.5,1.0,1.0,0.5,0.5,0.0,0.0,0.0,0.0,0.4,0.4,0.0335,0.2,0.36667,0.0,0.0,0.66667,0.0,0.06667,0.00889,0.91555,0.0,1.0,0.9619,0.99048,1.0,0.97143,0.0,0.56711,1.0,0.07143,0.79063,0.57955,0.0,0.0,0.61721,0.92857,0.78571,0.8,1.0,1.0,0.5,0.5,0.5,1.0,1.0,0.5,0.5,0.5,0.0,0.00504,1.0,1.0,1.0,1.0,0.13673,0.36667,0.13333,0.5,0.0,1.0,1.0,0.5,0.78571,0.0,0.0,0.0,0.0,0.26667,0.26667,0.0335,0.2,0.36667,0.0,0.0,0.66667,0.0,0.06667,0.00889,0.67602,0.0,1.0,0.9619,0.99048,1.0,1.0,0.0,0.57809,0.75077,0.07143,0.57789,0.32027,0.0,0.0,0.87896,0.92857,0.78571,0.63333,1.0,1.0,0.5,0.5,0.5,1.0,1.0,0.5,0.5,0.5,0.0,0.0,1.0,1.0,1.0,1.0,0.13673,0.53333,0.2,1.0,0.5,1.0,1.0,0.5,1.0,0.5,0.5,0.5,0.5,0.5,0.5,0.0335,0.2,0.36667,0.0,0.0,0.66667,0.0,0.06667,0.00889,0.80863,0.0,1.0,0.9619,0.99048,1.0,0.5,0.0,0.66843,1.0,0.07143,0.57789,0.32027,0.0,0.0,0.87896,0.92857,0.5,0.7,1.0,1.0,0.5,0.5,0.5,1.0,1.0,0.5,0.5,0.5,0.0,0.0,1.0,1.0,1.0,1.0,0.13673,0.3,0.13333,0.5,0.0,1.0,1.0,0.5,0.5,0.5,0.5,0.5,0.5,0.5,0.5,0.0335,0.2,0.36667,0.0,0.0,0.66667,0.0,0.06667,0.00889,0.92445,0.0,1.0,0.9619,0.99048,1.0,0.5,0.0,0.56685,0.78729,0.07143,0.66544,0.40994,0.0,0.0,0.87896,0.92857,0.5,0.5,1.0,1.0,0.5,0.5,0.5,1.0,1.0,0.5,0.5,0.5,0.0,0.0,1.0,1.0,1.0,1.0,0.13673,0.5,0.2,1.0,0.5,1.0,1.0,0.5,0.5,0.5,0.5,0.5,0.5,0.5,0.5,0.0335,0.2,0.36667,0.0,0.0,0.66667,0.0,0.06667,0.00889,0.96211,0.0,1.0,0.9619,0.99048,1.0,0.5,0.0,0.56666,0.89945,0.14286,0.48516,0.32027,0.0,0.0,1.0,0.85714,0.5,0.8,1.0,1.0,0.5,0.5,0.5,1.0,1.0,0.5,0.5,0.5,0.0,0.0,1.0,1.0,1.0,1.0,0.13673,0.2,0.13333,1.0,1.0,1.0,1.0,0.0,0.5,0.5,0.5,0.5,0.5,0.5,0.5,0.0335,0.2,0.36667,0.0,0.0,0.66667,0.0,0.06667,0.00889,0.80863,0.0,1.0,0.9619,0.99048,1.0,0.5,0.0,0.56906,0.81294,0.07143,0.66544,0.40994,0.0,0.0,0.87896,0.92857,0.5,0.0,1.0,1.0,0.5,0.5,0.5,1.0,1.0,0.5,0.5,0.5,0.0,0.0,1.0,1.0,1.0,1.0,0.13673,1.0,0.06667,0.0,1.0,0.0,1.0,0.5,0.5
1.0,0.5,1.0,0.5,0.53333,0.5,0.07693,0.53333,0.06667,0.0,0.0,0.66667,1.0,0.14222,0.0,0.5,0.5,0.64762,0.60952,1.0,1.0,0.64762,1.0,0.0001,1.0,0.0,1.0,1.0,1.0,0.0,1.0,1.0,1.0,0.53333,1.0,1.0,0.5,0.5,0.5,1.0,1.0,0.5,0.5,0.5,0.5,0.5,0.93333,1.0,1.0,0.5,0.5,1.0,0.06667,1.0,1.0,1.0,1.0,1.0,1.0,0.5,0.5,0.5,0.5,0.5,0.5,0.07693,0.53333,0.06667,0.0,0.0,0.66667,0.0,0.14222,0.0,0.5,0.5,0.64762,0.60952,1.0,1.0,0.5,1.0,0.56076,0.80109,0.07143,1.0,1.0,1.0,0.0,1.0,0.92857,0.5,0.8,1.0,1.0,0.5,0.5,0.5,1.0,1.0,0.5,0.5,0.5,0.5,0.5,1.0,1.0,1.0,0.5,0.5,0.2,0.13333,1.0,1.0,1.0,1.0,0.0,0.5,0.5,0.5,0.5,0.5,0.5,0.5,0.07693,0.53333,0.06667,0.0,0.0,0.66667,0.0,0.14222,0.0,0.5,0.5,0.64762,0.60952,1.0,1.0,0.5,1.0,0.60157,1.0,0.14286,1.0,1.0,1.0,0.0,0.66667,0.85714,0.5,0.8,1.0,1.0,0.5,0.5,0.5,1.0,1.0,0.5,0.5,0.5,0.5,0.5,1.0,1.0,1.0,0.5,0.5,0.43333,0.2,1.0,1.0,1.0,1.0,0.0,0.5,0.5,0.5,0.5,0.5,0.5,0.5,0.07693,0.53333,0.06667,0.0,0.0,0.66667,0.0,0.14222,0.0,0.5,0.5,0.64762,0.60952,1.0,1.0,0.5,1.0,0.5616,0.72936,0.07143,0.98502,0.97048,0.0,1.0,1.0,0.92857,0.5,0.63333,1.0,1.0,0.5,0.5,0.5,1.0,1.0,0.5,0.5,0.5,0.5,0.5,1.0,1.0,1.0,0.5,0.5,0.6,0.13333,1.0,1.0,1.0,1.0,0.0,0.5,0.5,0.5,0.5,0.5,0.5,0.5,0.07693,0.53333,0.06667,0.0,0.0,0.66667,0.0,0.14222,0.0,0.5,0.5,0.64762,0.60952,1.0,1.0,0.5,1.0,0.6664,1.0,0.07143,0.87335,0.77518,0.0,0.0,1.0,0.92857,0.5,0.7,1.0,1.0,0.5,0.5,0.5,1.0,1.0,0.5,0.5,0.5,0.5,0.5,1.0,1.0,1.0,0.5,0.5,0.3,0.13333,1.0,1.0,1.0,1.0,0.0,0.5,0.5,0.5,0.5,0.5,0.5,0.5,0.07693,0.53333,0.06667,0.0,0.0,0.66667,0.0,0.14222,0.0,0.5,0.5,0.64762,0.60952,1.0,1.0,0.5,1.0,0.55876,0.77606,0.07143,1.0,1.0,1.0,0.0,1.0,0.92857,0.5,0.5,1.0,1.0,0.5,0.5,0.5,1.0,1.0,0.5,0.5,0.5,0.5,0.5,1.0,1.0,1.0,0.5,0.5,0.5,0.13333,1.0,1.0,1.0,1.0,0.0,0.5,0.5,0.5,0.5,0.5,0.5,0.5,0.07693,0.53333,0.06667,0.0,0.0,0.66667,0.0,0.14222,0.0,0.5,0.5,0.64762,0.60952,1.0,1.0,0.5,1.0,0.57805,0.91753,0.07143,0.98502,0.97048,0.0,1.0,1.0,0.92857,0.5,0.8,1.0,1.0,0.5,0.5,0.5,1.0,1.0,0.5,0.5,0.5,0.5,0.5,1.0,1.0,1.0,0.5,0.5,0.43333,0.13333,1.0,1.0,1.0,1.0,0.0,0.5,0.5,0.5,0.5,0.5,0.5,0.5,0.07693,0.53333,0.06667,0.0,0.0,0.66667,0.0,0.14222,0.0,0.5,0.5,0.64762,0.60952,1.0,1.0,0.5,1.0,0.56076,0.80109,0.07143,1.0,1.0,1.0,0.0,1.0,0.92857,0.5,0.0,1.0,1.0,0.5,0.5,0.5,1.0,1.0,0.5,0.5,0.5,0.5,0.5,1.0,1.0,1.0,0.5,0.5,1.0,0.06667,0.0,1.0,1.0,1.0,0.0,0.5
0.0,0.5,0.0,0.5,0.8,0.5,0.08838,0.8,0.06667,0.0,0.0,0.66667,1.0,0.09333,0.0,0.5,0.5,0.94286,0.99048,1.0,1.0,0.94286,1.0,0.0001,1.0,0.0,1.0,1.0,1.0,0.0,1.0,1.0,1.0,1.0,1.0,1.0,0.5,0.5,0.5,1.0,1.0,0.5,0.5,0.5,0.5,0.5,0.0,1.0,1.0,0.5,0.5,1.0,0.0,0.0,1.0,1.0,1.0,1.0,1.0,0.5,0.5,0.5,0.5,0.5,0.5,0.08838,0.8,0.06667,0.0,0.0,0.66667,0.0,0.09333,0.0,0.5,0.5,0.94286,0.99048,1.0,1.0,0.5,1.0,0.5423,0.77472,0.07143,1.0,1.0,1.0,1.0,1.0,0.92857,0.5,0.8,1.0,1.0,0.5,0.5,0.5,1.0,1.0,0.5,0.5,0.5,0.5,0.5,1.0,1.0,1.0,0.5,0.5,0.53333,0.13333,1.0,1.0,1.0,1.0,0.0,0.5,0.5,0.5,0.5,0.5,0.5,0.5,0.08838,0.8,0.06667,0.0,0.0,0.66667,0.0,0.09333,0.0,0.5,0.5,0.94286,0.99048,1.0,1.0,0.5,1.0,0.55794,1.0,0.07143,1.0,1.0,1.0,1.0,1.0,0.92857,0.5,0.8,1.0,1.0,0.5,0.5,0.5,1.0,1.0,0.5,0.5,0.5,0.5,0.5,1.0,1.0,1.0,0.5,0.5,0.7,0.13333,1.0,1.0,1.0,1.0,0.0,0.5,0.5,0.5,0.5,0.5,0.5,0.5,0.08838,0.8,0.06667,0.0,0.0,0.66667,0.0,0.09333,0.0,0.5,0.5,0.94286,0.99048,1.0,1.0,0.5,1.0,0.53748,0.69803,0.07143,1.0,1.0,1.0,1.0,1.0,0.92857,0.5,0.63333,1.0,1.0,0.5,0.5,0.5,1.0,1.0,0.5,0.5,0.5,0.5,0.5,1.0,1.0,1.0,0.5,0.5,0.8,0.13333,1.0,1.0,1.0,1.0,0.0,0.5,0.5,0.5,0.5,0.5,0.5,0.5,0.08838,0.8,0.06667,0.0,0.0,0.66667,0.0,0.09333,0.0,0.5,0.5,0.94286,0.99048,1.0,1.0,0.5,1.0,0.58954,1.0,0.07143,1.0,1.0,1.0,1.0,1.0,0.92857,0.5,0.7,1.0,1.0,0.5,0.5,0.5,1.0,1.0,0.5,0.5,0.5,0.5,0.5,1.0,1.0,1.0,0.5,0.5,0.53333,0.13333,1.0,1.0,1.0,1.0,0.0,0.5,0.5,0.5,0.5,0.5,0.5,0.5,0.08838,0.8,0.06667,0.0,0.0,0.66667,0.0,0.09333,0.0,0.5,0.5,0.94286,0.99048,1.0,1.0,0.5,1.0,0.54081,0.75112,0.07143,1.0,1.0,1.0,1.0,1.0,0.92857,0.5,0.5,1.0,1.0,0.5,0.5,0.5,1.0,1.0,0.5,0.5,0.5,0.5,0.5,1.0,1.0,1.0,0.5,0.5,0.73333,0.13333,1.0,1.0,1.0,1.0,0.0,0.5,0.5,0.5,0.5,0.5,0.5,0.5,0.08838,0.8,0.06667,0.0,0.0,0.66667,0.0,0.09333,0.0,0.5,0.5,0.94286,0.99048,1.0,1.0,0.5,1.0,0.54846,0.87057,0.07143,1.0,1.0,1.0,1.0,1.0,0.92857,0.5,0.8,1.0,1.0,0.5,0.5,0.5,1.0,1.0,0.5,0.5,0.5,0.5,0.5,1.0,1.0,1.0,0.5,0.5,0.73333,0.13333,1.0,1.0,1.0,1.0,0.0,0.5,0.5,0.5,0.5,0.5,0.5,0.5,0.08838,0.8,0.06667,0.0,0.0,0.66667,0.0,0.09333,0.0,0.5,0.5,0.94286,0.99048,1.0,1.0,0.5,1.0,0.5423,0.77472,0.07143,1.0,1.0,1.0,1.0,1.0,0.92857,0.5,0.0,1.0,1.0,0.5,0.5,0.5,1.0,1.0,0.5,0.5,0.5,0.5,0.5,1.0,1.0,1.0,0.5,0.5,1.0,0.06667,0.0,1.0,1.0,1.0,0.0,0.5
0.0,0.0,0.0,0.0,0.8,0.73333,0.04618,0.26667,0.4,0.0,0.0,0.66667,0.0,0.22222,0.01333,0.99877,0.0,1.0,1.0,1.0,1.0,0.67619,0.0,0.0001,1.0,0.0,0.61843,0.47873,0.0,0.0,0.92665,0.28571,0.71429,1.0,1.0,1.0,0.5,0.5,0.5,1.0,1.0,0.5,0.5,0.5,0.0,0.0,1.0,1.0,1.0,0.0,0.12667,1.0,0.0,0.0,1.0,1.0,1.0,0.5,1.0,0.5,0.5,0.5,0.5,0.5,0.5,0.04618,0.26667,0.4,0.0,0.0,0.66667,0.0,0.22222,0.01333,0.98217,0.0,1.0,1.0,1.0,1.0,0.5,0.0,0.73533,1.0,0.07143,0.60447,0.47873,0.0,0.0,0.94439,0.35714,0.5,0.8,1.0,1.0,0.5,0.5,0.5,1.0,1.0,0.5,0.5,0.5,0.0,0.0,1.0,1.0,1.0,0.0,0.12667,0.2,0.13333,0.2,1.0,1.0,1.0,0.4,0.5,0.0,0.0,0.0,0.0,0.33333,0.26667,0.04618,0.26667,0.4,0.0,0.0,0.66667,0.0,0.22222,0.01333,0.96889,0.0,1.0,1.0,1.0,1.0,1.0,0.0,0.86012,1.0,0.07143,0.60447,0.47873,0.0,0.0,0.94439,0.35714,0.78571,0.8,1.0,1.0,0.5,0.5,0.5,1.0,1.0,0.0,0.12667,0.71857,0.0,0.0,1.0,1.0,1.0,0.0,0.12667,0.2,0.13333,0.2,1.0,1.0,1.0,0.4,1.0,0.0,0.5,0.0,0.5,0.26667,0.5,0.04618,0.26667,0.4,0.0,0.0,0.66667,1.0,0.22222,0.01333,0.99646,0.0,1.0,1.0,1.0,1.0,1.0,1.0,0.74944,0.9733,0.71429,0.63363,0.47185,0.16667,0.0,0.94438,1.0,0.35714,0.63333,1.0,1.0,0.5,0.5,0.5,1.0,1.0,0.5,0.5,0.5,0.0,0.0,1.0,1.0,1.0,0.0,0.12667,0.36667,0.2,0.33333,0.5,0.5,1.0,0.16667,1.0,0.5,0.5,0.5,0.5,0.5,0.5,0.04618,0.26667,0.4,0.0,0.0,0.66667,0.0,0.22222,0.01333,0.98217,0.0,1.0,1.0,1.0,1.0,0.5,0.0,0.8711,1.0,0.0,0.61843,0.47873,0.0,0.0,0.92665,0.28571,0.5,0.7,1.0,1.0,0.5,0.5,0.5,1.0,1.0,0.5,0.5,0.5,0.0,0.0,1.0,1.0,1.0,0.0,0.12667,1.0,0.06667,0.0,1.0,1.0,1.0,0.5,0.5,0.0,0.0,0.0,0.0,0.73333,0.66667,0.04618,0.26667,0.4,0.0,0.0,0.66667,0.0,0.22222,0.01333,0.9677,0.0,1.0,1.0,1.0,1.0,0.67619,0.0,0.26886,0.37341,0.0,0.61843,0.47873,0.0,0.0,0.92665,0.28571,0.64286,0.5,1.0,1.0,0.5,0.5,0.5,1.0,1.0,0.5,0.5,0.5,0.0,0.0,1.0,1.0,1.0,0.0,0.12667,0.5,0.26667,0.75,0.33333,1.0,1.0,0.5,0.92857,0.5,0.5,0.5,0.5,0.5,0.5,0.04618,0.26667,0.4,0.0,0.0,0.66667,0.0,0.22222,0.01333,0.96253,0.0,1.0,1.0,1.0,1.0,0.5,0.0,0.20711,0.32874,0.07143,0.64423,0.47873,0.0,0.0,0.91442,0.35714,0.5,0.8,1.0,1.0,0.5,0.5,0.5,1.0,1.0,0.5,0.5,0.5,0.0,0.0,1.0,1.0,1.0,0.0,0.12667,0.2,0.26667,1.0,0.33333,1.0,1.0,0.66667,0.5,0.5,0.5,0.5,0.5,0.5,0.5,0.04618,0.26667,0.4,0.0,0.0,0.66667,0.0,0.22222,0.01333,0.98217,0.0,1.0,1.0,1.0,1.0,0.5,0.0,0.73533,1.0,0.07143,0.60447,0.47873,0.0,0.0,0.94439,0.35714,0.5,0.0,1.0,1.0,0.5,0.5,0.5,1.0,1.0,0.5,0.5,0.5,0.0,0.0,1.0,1.0,1.0,0.0,0.12667,1.0,0.06667,0.0,1.0,1.0,1.0,0.4,0.5
0.0,0.0,0.0,0.0,0.8,0.73333,0.03227,0.2,0.53333,0.0,0.0,0.66667,0.0,0.13778,0.01333,0.9995,0.0,0.92381,0.92381,0.91429,1.0,0.84762,0.0,0.0001,1.0,0.0,0.46123,0.35039,0.0,0.0,0.94451,0.92857,0.78571,1.0,1.0,1.0,0.5,0.5,0.5,1.0,1.0,0.5,0.5,0.5,0.0,0.0,1.0,1.0,1.0,0.0,0.12667,1.0,0.0,0.0,1.0,1.0,1.0,0.0,1.0,0.5,0.5,0.5,0.5,0.5,0.5,0.03227,0.2,0.53333,0.0,0.0,0.66667,0.0,0.13778,0.01333,0.99278,0.0,0.92381,0.92381,0.91429,1.0,0.5,0.0,0.66049,0.94355,0.07143,0.44761,0.35039,0.0,0.0,0.92981,0.85714,0.5,0.8,1.0,1.0,0.5,0.5,0.5,1.0,1.0,0.5,0.5,0.5,0.0,0.0,1.0,1.0,1.0,0.0,0.12667,1.0,0.06667,0.0,1.0,1.0,1.0,0.0,0.5,0.0,0.0,0.0,0.0,0.33333,0.26667,0.03227,0.2,0.53333,0.0,0.0,0.66667,0.0,0.13778,0.01333,0.98752,0.0,0.92381,0.92381,0.91429,1.0,0.82857,0.0,0.73998,1.0,0.07143,0.44761,0.35039,0.0,0.0,0.92981,0.85714,0.85714,0.8,1.0,1.0,0.5,0.5,0.5,1.0,1.0,0.0,0.12667,0.71857,0.0,0.0,1.0,1.0,1.0,0.0,0.12667,1.0,0.06667,0.0,1.0,1.0,1.0,0.0,1.0,0.0,0.5,0.0,0.5,0.2,0.5,0.03227,0.2,0.53333,0.0,0.0,0.66667,1.0,0.13778,0.01333,0.99855,0.0,0.92381,0.92381,0.91429,1.0,0.92381,0.0,0.63508,0.82478,0.07143,0.45089,0.35039,0.0,0.0,0.93778,1.0,0.78571,0.63333,1.0,1.0,0.5,0.5,0.5,1.0,1.0,0.5,0.5,0.5,0.0,0.0,1.0,1.0,1.0,0.0,0.12667,0.36667,0.13333,0.25,1.0,1.0,1.0,0.0,1.0,0.0,0.0,0.0,0.0,0.2,0.2,0.03227,0.2,0.53333,0.0,0.0,0.66667,0.0,0.13778,0.01333,0.99278,0.0,0.92381,0.92381,0.91429,1.0,0.92381,1.0,0.91037,1.0,0.07143,0.45089,0.35039,0.0,0.0,0.93778,1.0,0.42857,0.7,1.0,1.0,0.5,0.5,0.5,1.0,1.0,0.5,0.5,0.5,0.0,0.0,1.0,1.0,1.0,0.0,0.12667,0.3,0.13333,0.25,1.0,1.0,1.0,0.0,1.0,0.0,0.0,0.0,0.0,0.2,0.2,0.03227,0.2,0.53333,0.0,0.0,0.66667,0.0,0.13778,0.01333,0.98705,0.0,0.92381,0.92381,0.91429,1.0,0.82857,1.0,0.65325,0.90729,0.07143,0.44761,0.35039,0.0,0.0,0.92981,0.85714,1.0,0.5,1.0,1.0,0.5,0.5,0.5,1.0,1.0,0.5,0.5,0.5,0.0,0.0,1.0,1.0,1.0,0.0,0.12667,0.5,0.13333,0.25,1.0,1.0,1.0,0.0,1.0,0.5,0.5,0.5,0.5,0.5,0.5,0.03227,0.2,0.53333,0.0,0.0,0.66667,0.0,0.13778,0.01333,0.98502,0.0,0.92381,0.92381,0.91429,1.0,0.5,0.0,0.09311,0.1478,0.07143,0.50354,0.35039,0.0,0.0,0.9391,0.85714,0.5,0.8,1.0,1.0,0.5,0.5,0.5,1.0,1.0,0.5,0.5,0.5,0.0,0.0,1.0,1.0,1.0,0.0,0.12667,0.2,0.13333,0.5,1.0,1.0,1.0,0.0,0.5,0.5,0.5,0.5,0.5,0.5,0.5,0.03227,0.2,0.53333,0.0,0.0,0.66667,0.0,0.13778,0.01333,0.99278,0.0,0.92381,0.92381,0.91429,1.0,0.5,0.0,0.66049,0.94355,0.07143,0.44761,0.35039,0.0,0.0,0.92981,0.85714,0.5,0.0,1.0,1.0,0.5,0.5,0.5,1.0,1.0,0.5,0.5,0.5,0.0,0.0,1.0,1.0,1.0,0.0,0.12667,1.0,0.06667,0.0,1.0,1.0,1.0,0.0,0.5
0.0,0.0,0.0,0.0,0.46667,0.4,0.12559,0.93333,0.13333,0.0,0.0,0.66667,0.0,0.24444,0.00444,0.03071,0.0,0.89524,0.8381,1.0,1.0,0.7619,1.0,0.65142,1.0,0.07143,1.0,1.0,1.0,0.0,1.0,0.85714,0.92857,0.93333,1.0,1.0,0.5,0.5,0.5,1.0,1.0,0.5,0.5,0.5,0.0,0.06735,1.0,1.0,1.0,0.5,0.5,0.5,0.13333,1.0,1.0,1.0,1.0,0.0,1.0,0.5,0.5,0.5,0.5,0.5,0.5,0.12559,0.93333,0.13333,0.0,0.0,0.66667,0.0,0.24444,0.00444,0.48374,0.0,0.89524,0.8381,1.0,1.0,0.5,1.0,0.6488,0.92686,0.07143,1.0,1.0,1.0,0.0,1.0,1.0,0.5,0.8,1.0,1.0,0.5,0.5,0.5,1.0,1.0,0.5,0.5,0.5,0.0,0.0,1.0,1.0,1.0,0.5,0.5,0.2,0.26667,1.0,1.0,1.0,1.0,0.0,0.5,0.0,1.0,0.0,1.0,0.4,0.93333,0.12559,0.93333,0.13333,0.0,0.0,0.66667,0.0,0.24444,0.00444,0.90575,0.0,0.89524,0.8381,1.0,1.0,0.7619,1.0,0.77489,1.0,0.14286,1.0,1.0,1.0,0.0,0.8,0.92857,0.64286,0.8,1.0,1.0,0.5,0.5,0.5,1.0,1.0,0.5,0.5,0.5,0.0,0.0,1.0,1.0,1.0,0.5,0.5,0.26667,0.26667,0.75,1.0,1.0,1.0,0.0,0.92857,0.5,0.5,0.5,0.5,0.5,0.5,0.12559,0.93333,0.13333,0.0,0.0,0.66667,0.0,0.24444,0.00444,0.08957,0.0,0.89524,0.8381,1.0,1.0,0.5,1.0,0.62752,0.81496,0.07143,1.0,1.0,1.0,0.0,1.0,1.0,0.5,0.63333,1.0,1.0,0.5,0.5,0.5,1.0,1.0,0.5,0.5,0.5,0.0,0.0,1.0,1.0,1.0,0.5,0.5,0.46667,0.26667,1.0,1.0,1.0,1.0,0.0,0.5,0.5,0.5,0.5,0.5,0.5,0.5,0.12559,0.93333,0.13333,0.0,0.0,0.66667,0.0,0.24444,0.00444,0.48374,0.0,0.89524,0.8381,1.0,1.0,0.5,1.0,0.88355,1.0,0.07143,1.0,1.0,1.0,0.0,1.0,1.0,0.5,0.7,1.0,1.0,0.5,0.5,0.5,1.0,1.0,0.5,0.5,0.5,0.0,0.0,1.0,1.0,1.0,0.5,0.5,0.3,0.26667,1.0,1.0,1.0,1.0,0.0,0.5,0.5,0.5,0.5,0.5,0.5,0.5,0.12559,0.93333,0.13333,0.0,0.0,0.66667,0.0,0.24444,0.00444,0.94652,0.0,0.89524,0.8381,1.0,1.0,0.5,1.0,0.63942,0.88808,0.07143,1.0,1.0,1.0,0.0,1.0,0.85714,0.5,0.5,1.0,1.0,0.5,0.5,0.5,1.0,1.0,0.5,0.5,0.5,0.0,0.0,1.0,1.0,1.0,0.5,0.5,0.5,0.26667,1.0,1.0,1.0,1.0,0.0,0.5,0.5,0.5,0.5,0.5,0.5,0.5,0.12559,0.93333,0.13333,0.0,0.0,0.66667,0.0,0.24444,0.00444,0.0,0.88439,0.89524,0.8381,1.0,1.0,0.5,1.0,0.67692,1.0,0.07143,1.0,1.0,1.0,0.0,1.0,1.0,0.5,0.8,1.0,1.0,0.5,0.5,0.5,1.0,1.0,0.5,0.5,0.5,0.0,0.0,1.0,1.0,1.0,0.5,0.5,0.2,0.26667,1.0,1.0,1.0,1.0,0.0,0.5,1.0,0.5,1.0,0.5,0.93333,0.5,0.12559,0.93333,0.13333,0.0,0.0,0.66667,1.0,0.24444,0.00444,0.48374,0.0,0.89524,0.8381,1.0,1.0,0.89524,1.0,0.6488,0.92686,0.07143,1.0,1.0,1.0,0.0,1.0,1.0,0.64286,0.0,1.0,1.0,0.5,0.5,0.5,1.0,1.0,0.5,0.5,0.5,0.0,0.0,1.0,1.0,1.0,0.5,0.5,1.0,0.06667,0.0,1.0,1.0,1.0,0.0,1.0
1.0,0.0,0.0,0.0,0.26667,0.26667,0.014,0.26667,0.5,0.0,0.0,0.66667,0.0,0.11556,0.02667,0.99921,0.0,0.75238,0.9619,0.82857,0.87619,0.78095,0.0,0.0001,1.0,0.07143,0.29906,0.17412,0.0,0.0,0.87015,0.92857,0.92857,1.0,0.86667,0.60453,0.14321,0.5,0.0,1.0,1.0,0.17303,0.98982,0.44545,1.0,0.0076,0.0,1.0,1.0,0.17303,0.98982,1.0,0.0,0.0,1.0,0.0,1.0,0.0,1.0,0.5,0.5,0.5,0.5,0.5,0.5,0.014,0.26667,0.5,0.0,0.0,0.66667,0.0,0.11556,0.02667,0.98861,0.0,0.98095,0.9619,0.82857,0.87619,0.5,1.0,0.6204,0.88629,0.14286,0.21714,0.11919,0.0,0.0,0.88942,1.0,0.5,1.0,0.86667,0.60453,0.14321,0.5,0.14321,1.0,1.0,0.5,0.5,0.5,0.0,0.0,0.0,1.0,1.0,0.17303,0.98982,1.0,0.0,0.0,1.0,0.0,1.0,0.0,0.5,0.0,0.0,0.0,0.0,0.26667,0.26667,0.014,0.26667,0.5,0.0,0.0,0.66667,0.0,0.11556,0.02667,0.0,0.98172,0.98095,0.9619,0.90476,0.97143,0.99048,0.0,0.62674,1.0,0.07143,0.28638,0.17412,0.0,0.0,0.59166,0.78571,0.85714,0.0,0.86667,0.60453,0.14321,0.5,0.14321,1.0,1.0,1.0,0.4337,0.80063,0.0,0.00124,1.0,1.0,1.0,0.17303,0.98982,1.0,0.06667,0.0,1.0,0.0,1.0,0.25,1.0,0.5,0.5,0.5,0.5,0.5,0.5,0.014,0.26667,0.5,0.0,0.0,0.66667,0.0,0.11556,0.02667,0.99773,0.0,0.75238,0.9619,0.82857,0.87619,0.5,0.0,0.60638,0.7875,0.14286,0.21714,0.11919,0.0,0.0,0.88942,1.0,0.5,0.0,0.86667,0.60453,0.14321,0.5,0.26255,1.0,1.0,0.5,0.5,0.5,0.0,0.0,1.0,1.0,1.0,0.17303,0.98982,1.0,0.06667,0.0,1.0,0.0,1.0,0.0,0.5,0.5,0.5,0.5,0.5,0.5,0.5,0.014,0.26667,0.5,0.0,0.0,0.66667,0.0,0.11556,0.02667,0.98861,0.0,0.98095,0.9619,0.82857,0.87619,0.5,0.0,0.75961,1.0,0.14286,0.21714,0.11919,0.0,0.0,0.88942,1.0,0.5,0.0,0.86667,0.60453,0.14321,0.5,0.21481,1.0,1.0,0.5,0.5,0.5,0.0,0.0,1.0,1.0,1.0,0.17303,0.98982,1.0,0.06667,0.0,1.0,0.0,1.0,0.0,0.5,0.5,0.5,0.5,0.5,0.5,0.5,0.014,0.26667,0.5,0.0,0.0,0.66667,0.0,0.11556,0.02667,0.0,0.98105,0.98095,0.9619,0.90476,0.97143,0.5,0.0,0.58303,0.80977,0.07143,0.28638,0.17412,0.0,0.0,0.59166,0.78571,0.5,0.2,0.86667,0.60453,0.14321,0.5,0.35802,1.0,1.0,0.5,0.5,0.5,0.0,0.0,1.0,1.0,1.0,0.17303,0.98982,0.8,0.13333,0.25,0.0,1.0,1.0,0.25,0.5,0.0,0.5,0.0,0.5,0.26667,0.5,0.014,0.26667,0.5,0.0,0.0,0.66667,1.0,0.11556,0.02667,0.0,0.98346,0.98095,0.97143,0.93333,1.0,0.98095,1.0,0.63889,1.0,0.07143,0.21714,0.11919,0.0,0.0,0.88942,1.0,0.71429,0.0,0.86667,0.60453,0.14321,0.14321,0.14321,1.0,1.0,0.5,0.5,0.5,0.0,0.0,1.0,1.0,1.0,0.17303,0.98982,1.0,0.06667,0.0,1.0,0.0,1.0,0.0,1.0,0.5,0.5,0.5,0.5,0.5,0.5,0.014,0.26667,0.5,0.0,0.0,0.66667,0.0,0.11556,0.02667,0.98861,0.0,0.98095,0.9619,0.82857,0.87619,0.5,1.0,0.6204,0.88629,0.14286,0.21714,0.11919,0.0,0.0,0.88942,1.0,0.5,1.0,0.86667,0.60453,0.14321,0.5,0.71604,1.0,1.0,0.5,0.5,0.5,0.0,0.0,0.0,1.0,1.0,0.17303,0.98982,1.0,0.0,0.0,1.0,0.0,1.0,0.0,0.5
1.0,0.0,0.0,0.0,0.26667,0.26667,0.0012,0.26667,0.96667,0.0,0.0,0.66667,0.0,0.07556,0.02222,0.0,0.99928,0.95238,1.0,0.8381,1.0,0.90476,0.0,0.0001,1.0,0.0,0.08585,0.02654,0.25,0.0,0.59534,0.28571,0.92857,1.0,1.0,1.0,0.5,0.5,0.5,1.0,1.0,0.17303,0.98982,0.44545,0.00253,0.26695,0.0,1.0,1.0,0.0,0.09686,1.0,0.0,0.0,1.0,0.0,1.0,0.0,1.0,0.0,0.0,0.0,0.0,0.26667,0.26667,0.0012,0.26667,0.96667,0.0,0.0,0.66667,0.0,0.07556,0.02222,0.0,0.98922,0.95238,1.0,0.8381,1.0,0.86667,0.0,0.90614,1.0,0.71429,0.01029,0.00385,0.33333,0.0,0.81809,1.0,0.85714,0.8,1.0,1.0,0.5,0.5,0.5,1.0,1.0,0.5,0.5,0.5,0.0,0.0,1.0,1.0,1.0,0.0,0.09686,1.0,0.06667,0.0,1.0,0.0,1.0,0.16667,0.14286,0.0,0.0,0.0,0.0,0.26667,0.26667,0.0012,0.26667,0.96667,0.0,0.0,0.66667,0.0,0.07556,0.02222,0.0,0.97899,0.95238,1.0,0.8381,1.0,0.86667,0.0,0.61744,1.0,0.07143,0.04088,0.01129,0.2,0.0,0.63642,0.35714,0.35714,0.43333,1.0,1.0,0.5,0.5,0.5,1.0,1.0,0.0,0.09686,0.7108,0.0,0.14849,1.0,1.0,1.0,0.0,0.09686,1.0,0.06667,0.0,1.0,0.0,1.0,0.0,0.21429,0.0,0.5,0.0,0.5,0.26667,0.5,0.0012,0.26667,0.96667,0.0,0.0,0.66667,1.0,0.07556,0.02222,0.0,0.9979,0.95238,1.0,0.8381,1.0,0.95238,1.0,0.96497,1.0,0.71429,0.01029,0.00385,0.33333,0.0,0.81809,1.0,0.92857,0.63333,1.0,1.0,0.5,0.5,0.5,1.0,1.0,0.5,0.5,0.5,0.0,0.0,1.0,1.0,1.0,0.0,0.09686,1.0,0.06667,0.0,1.0,0.0,1.0,0.16667,0.14286,0.5,0.5,0.5,0.5,0.5,0.5,0.0012,0.26667,0.96667,0.0,0.0,0.66667,0.0,0.07556,0.02222,0.0,0.98922,0.95238,1.0,0.8381,1.0,0.5,0.0,0.67205,1.0,0.07143,0.04088,0.01129,0.2,0.0,0.63642,0.35714,0.5,0.7,1.0,1.0,0.5,0.5,0.5,1.0,1.0,0.5,0.5,0.5,0.0,0.0,1.0,1.0,1.0,0.0,0.09686,0.86667,0.13333,0.2,0.0,1.0,1.0,0.0,0.5,0.0,0.0,0.0,0.0,0.26667,0.26667,0.0012,0.26667,0.96667,0.0,0.0,0.66667,0.0,0.07556,0.02222,0.0,0.9779,0.95238,1.0,0.8381,1.0,0.95238,0.0,0.58601,0.81391,0.07143,0.04088,0.01129,0.2,0.0,0.63642,0.35714,0.78571,0.03333,1.0,1.0,0.5,0.5,0.5,1.0,1.0,0.5,0.5,0.5,0.0,0.0,1.0,1.0,1.0,0.0,0.09686,0.96667,0.13333,0.2,0.0,1.0,1.0,0.0,1.0,1.0,0.0,0.0,0.0,0.26667,0.26667,0.0012,0.26667,0.96667,0.0,0.0,0.66667,0.0,0.07556,0.02222,0.0,0.97349,0.95238,1.0,0.81905,0.9619,0.80952,0.0,0.00155,0.00245,0.28571,0.05172,0.02654,0.0,0.0,0.85759,0.5,0.78571,0.46667,1.0,1.0,0.5,0.14321,0.5,1.0,1.0,0.5,0.5,0.5,0.0,0.0,1.0,1.0,1.0,0.0,0.09686,1.0,0.06667,0.0,1.0,0.0,1.0,0.0,1.0,0.0,0.0,0.0,0.0,0.26667,0.26667,0.0012,0.26667,0.96667,0.0,0.0,0.66667,0.0,0.07556,0.02222,0.0,0.98922,0.95238,1.0,0.8381,1.0,0.90476,0.0,0.90614,1.0,0.71429,0.01029,0.00385,0.33333,0.0,0.81809,1.0,0.42857,0.0,1.0,1.0,0.5,0.5,0.5,1.0,1.0,0.5,0.5,0.5,0.0,0.0,1.0,1.0,1.0,0.0,0.09686,1.0,0.06667,0.0,1.0,0.0,1.0,0.16667,1.0
1.0,0.5,1.0,0.5,0.93333,0.5,0.15266,0.93333,0.06667,0.0,0.0,0.66667,1.0,0.09778,0.0,0.5,0.5,0.85714,0.74286,1.0,1.0,0.85714,1.0,0.0001,1.0,0.0,1.0,1.0,1.0,0.0,1.0,1.0,0.92857,0.53333,1.0,1.0,0.5,0.5,0.5,1.0,1.0,0.5,0.5,0.5,0.5,0.5,1.0,1.0,1.0,0.5,0.5,0.8,0.13333,1.0,1.0,1.0,1.0,0.0,1.0,0.5,0.5,0.5,0.5,0.5,0.5,0.15266,0.93333,0.06667,0.0,0.0,0.66667,0.0,0.09778,0.0,0.5,0.5,0.85714,0.74286,1.0,1.0,0.5,1.0,0.73933,1.0,0.21429,1.0,1.0,1.0,1.0,0.97021,0.78571,0.5,0.8,1.0,1.0,0.5,0.5,0.5,1.0,1.0,0.5,0.5,0.5,0.5,0.5,1.0,1.0,1.0,0.5,0.5,0.2,0.33333,1.0,1.0,1.0,1.0,0.0,0.5,0.5,0.5,0.5,0.5,0.5,0.5,0.15266,0.93333,0.06667,0.0,0.0,0.66667,0.0,0.09778,0.0,0.5,0.5,0.85714,0.74286,1.0,1.0,0.5,1.0,0.83107,1.0,0.21429,1.0,1.0,1.0,1.0,0.97021,0.78571,0.5,0.8,1.0,1.0,0.5,0.5,0.5,1.0,1.0,0.5,0.5,0.5,0.5,0.5,1.0,1.0,1.0,0.5,0.5,0.3,0.26667,0.75,1.0,1.0,1.0,0.0,0.5,0.5,0.5,0.5,0.5,0.5,0.5,0.15266,0.93333,0.06667,0.0,0.0,0.66667,0.0,0.09778,0.0,0.5,0.5,0.85714,0.74286,1.0,1.0,0.5,1.0,0.71127,0.92373,0.21429,1.0,1.0,1.0,1.0,0.97021,0.78571,0.5,0.63333,1.0,1.0,0.5,0.5,0.5,1.0,1.0,0.5,0.5,0.5,0.5,0.5,1.0,1.0,1.0,0.5,0.5,0.46667,0.26667,0.75,1.0,1.0,1.0,0.0,0.5,0.5,0.5,0.5,0.5,0.5,0.5,0.15266,0.93333,0.06667,0.0,0.0,0.66667,0.0,0.09778,0.0,0.5,0.5,0.85714,0.74286,1.0,1.0,0.5,1.0,0.98109,1.0,0.21429,1.0,1.0,1.0,1.0,0.97021,0.78571,0.5,0.7,1.0,1.0,0.5,0.5,0.5,1.0,1.0,0.5,0.5,0.5,0.5,0.5,1.0,1.0,1.0,0.5,0.5,0.3,0.26667,0.75,1.0,1.0,1.0,0.0,0.5,0.5,0.5,0.5,0.5,0.5,0.5,0.15266,0.93333,0.06667,0.0,0.0,0.66667,0.0,0.09778,0.0,0.5,0.5,0.85714,0.74286,1.0,1.0,0.5,1.0,0.58912,0.81822,0.07143,1.0,1.0,1.0,0.0,1.0,0.92857,0.5,0.5,1.0,1.0,0.5,0.5,0.5,1.0,1.0,0.5,0.5,0.5,0.5,0.5,1.0,1.0,1.0,0.5,0.5,0.66667,0.2,1.0,1.0,1.0,1.0,0.0,0.5,0.5,0.5,0.5,0.5,0.5,0.5,0.15266,0.93333,0.06667,0.0,0.0,0.66667,0.0,0.09778,0.0,0.5,0.5,0.85714,0.74286,1.0,1.0,0.5,1.0,0.77534,1.0,0.21429,1.0,1.0,1.0,1.0,0.97021,0.78571,0.5,0.8,1.0,1.0,0.5,0.5,0.5,1.0,1.0,0.5,0.5,0.5,0.5,0.5,1.0,1.0,1.0,0.5,0.5,0.4,0.33333,1.0,1.0,1.0,1.0,0.0,0.5,0.5,0.5,0.5,0.5,0.5,0.5,0.15266,0.93333,0.06667,0.0,0.0,0.66667,0.0,0.09778,0.0,0.5,0.5,0.85714,0.74286,1.0,1.0,0.5,1.0,0.73933,1.0,0.21429,1.0,1.0,1.0,1.0,0.97021,0.78571,0.5,0.0,1.0,1.0,0.5,0.5,0.5,1.0,1.0,0.5,0.5,0.5,0.5,0.5,1.0,1.0,1.0,0.5,0.5,1.0,0.06667,0.0,1.0,1.0,1.0,0.0,0.5
1.0,1.0,1.0,0.0,0.93333,0.93333,0.1242,0.93333,0.16667,0.0,0.0,0.66667,0.0,0.14222,0.0,0.99784,0.0,0.80952,1.0,1.0,1.0,0.69524,0.0,0.0001,1.0,0.0,1.0,0.80026,0.75,0.0,0.85623,0.92857,0.71429,1.0,1.0,1.0,0.5,0.5,0.5,1.0,1.0,0.5,0.5,0.5,0.82461,0.03298,0.0,1.0,1.0,0.5,0.5,1.0,0.0,0.0,1.0,1.0,1.0,0.5,1.0,0.5,0.5,0.5,0.5,0.5,0.5,0.1242,0.93333,0.16667,0.0,0.0,0.66667,0.0,0.14222,0.0,0.99784,0.0,0.80952,1.0,1.0,1.0,0.5,1.0,0.76875,1.0,0.07143,1.0,0.80026,0.8,0.0,0.88304,0.85714,0.5,0.8,1.0,1.0,0.5,0.5,0.5,1.0,1.0,0.5,0.5,0.5,0.0,0.0,1.0,1.0,1.0,0.5,0.5,0.2,0.2,0.4,0.5,1.0,1.0,0.4,0.5,0.5,0.5,0.5,0.5,0.5,0.5,0.1242,0.93333,0.16667,0.0,0.0,0.66667,0.0,0.14222,0.0,0.99784,0.0,0.80952,1.0,1.0,1.0,0.5,0.0,0.88906,1.0,0.07143,1.0,0.80026,0.8,0.0,0.78371,0.85714,0.5,0.8,1.0,1.0,0.5,0.5,0.5,1.0,1.0,0.5,0.5,0.5,1.0,0.01054,0.8,1.0,1.0,0.5,0.5,0.4,0.13333,0.2,0.0,1.0,1.0,0.4,0.5,1.0,0.5,1.0,0.5,0.93333,0.5,0.1242,0.93333,0.16667,0.0,0.0,0.66667,1.0,0.14222,0.0,0.99784,0.0,0.80952,1.0,1.0,1.0,0.80952,1.0,0.74255,0.96435,0.07143,1.0,0.80026,0.8,0.0,0.87941,1.0,1.0,0.63333,1.0,1.0,0.5,0.5,0.5,1.0,1.0,0.5,0.5,0.5,0.0,0.0,1.0,1.0,1.0,0.5,0.5,0.5,0.13333,0.2,0.0,1.0,1.0,0.4,0.78571,0.5,0.5,0.5,0.5,0.5,0.5,0.1242,0.93333,0.16667,0.0,0.0,0.66667,0.0,0.14222,0.0,0.99784,0.0,0.80952,1.0,1.0,1.0,0.5,0.0,0.91412,1.0,0.0,1.0,0.80026,0.75,0.0,0.85623,0.92857,0.5,0.7,1.0,1.0,0.5,0.5,0.5,1.0,1.0,0.5,0.5,0.5,0.0,0.0,1.0,1.0,1.0,0.5,0.5,0.3,0.33333,1.0,0.25,1.0,1.0,0.5,0.5,0.0,0.0,0.0,0.0,0.93333,0.86667,0.1242,0.93333,0.16667,0.0,0.0,0.66667,0.0,0.14222,0.0,0.99784,0.0,0.80952,1.0,1.0,1.0,0.72381,1.0,0.33634,0.46714,0.0,1.0,0.80026,0.75,0.0,0.85623,0.92857,0.85714,0.5,1.0,1.0,0.5,0.5,0.5,1.0,1.0,0.5,0.5,0.5,0.07161,0.0,0.83333,1.0,1.0,0.5,0.5,0.66667,0.26667,0.75,0.33333,1.0,1.0,0.5,0.85714,0.0,0.0,0.0,0.0,0.86667,0.93333,0.1242,0.93333,0.16667,0.0,0.0,0.66667,0.0,0.14222,0.0,0.99784,0.0,0.80952,1.0,1.0,1.0,0.75238,1.0,0.4393,0.6973,0.0,1.0,0.80026,0.75,0.0,0.85623,0.92857,1.0,0.8,1.0,1.0,0.5,0.5,0.5,1.0,1.0,0.5,0.5,0.5,0.0,0.0,1.0,1.0,1.0,0.5,0.5,0.26667,0.33333,1.0,0.25,1.0,1.0,0.5,0.78571,0.5,0.5,0.5,0.5,0.5,0.5,0.1242,0.93333,0.16667,0.0,0.0,0.66667,0.0,0.14222,0.0,0.99784,0.0,0.80952,1.0,1.0,1.0,0.5,1.0,0.76875,1.0,0.07143,1.0,0.80026,0.8,0.0,0.88304,0.85714,0.5,0.0,1.0,1.0,0.5,0.5,0.5,1.0,1.0,0.5,0.5,0.5,0.0,0.0,1.0,1.0,1.0,0.5,0.5,1.0,0.06667,0.0,1.0,1.0,1.0,0.4,0.5
1.0,1.0,1.0,0.0,0.93333,0.93333,0.21356,1.0,0.56667,0.0,0.0,0.66667,0.0,0.08,0.03111,0.0,0.99739,0.90476,0.91429,0.71429,1.0,0.64762,0.0,0.0001,1.0,0.0,1.0,1.0,1.0,0.0,1.0,0.92857,0.92857,1.0,1.0,1.0,0.5,0.5,0.5,1.0,1.0,0.5,0.5,0.5,0.63624,0.01953,0.13333,1.0,1.0,1.0,0.51164,0.86667,0.06667,1.0,0.0,0.0,1.0,0.0,1.0,0.5,0.5,0.5,0.5,0.5,0.5,0.21356,1.0,0.56667,0.0,0.0,0.66667,0.0,0.08,0.03111,0.0,0.96105,0.90476,0.91429,0.71429,1.0,0.5,0.0,0.77351,1.0,0.07143,1.0,1.0,1.0,0.0,0.97884,1.0,0.5,0.8,1.0,1.0,0.5,0.5,0.5,1.0,1.0,0.5,0.5,0.5,0.0,0.0,1.0,1.0,1.0,1.0,0.51164,0.2,0.2,1.0,0.5,0.5,1.0,0.0,0.5,0.0,0.0,0.0,0.0,1.0,1.0,0.21356,1.0,0.56667,0.0,0.0,0.66667,0.0,0.08,0.03111,0.99679,0.0,0.67619,1.0,0.77143,0.71429,0.71429,1.0,0.979,1.0,0.35714,1.0,1.0,1.0,0.0,0.86745,0.78571,0.78571,0.8,1.0,1.0,0.5,0.5,0.5,1.0,1.0,1.0,0.51164,1.0,0.0,0.0,1.0,1.0,1.0,1.0,0.51164,0.6,0.13333,0.33333,1.0,1.0,1.0,0.0,0.64286,1.0,1.0,1.0,1.0,0.93333,0.93333,0.21356,1.0,0.56667,0.0,0.0,0.66667,0.0,0.08,0.03111,0.0,0.99244,0.90476,0.91429,0.71429,1.0,0.68571,0.0,0.7345,0.9539,0.07143,1.0,1.0,1.0,0.0,0.97884,1.0,0.64286,0.63333,1.0,1.0,0.5,0.5,0.5,1.0,1.0,0.5,0.5,0.5,0.0,0.0,1.0,1.0,1.0,1.0,0.51164,0.6,0.2,1.0,0.5,0.5,1.0,0.0,0.85714,0.5,0.5,0.5,0.5,0.5,0.5,0.21356,1.0,0.56667,0.0,0.0,0.66667,0.0,0.08,0.03111,0.0,0.96105,0.90476,0.91429,0.71429,1.0,0.5,1.0,0.95814,1.0,0.07143,1.0,1.0,1.0,0.0,0.66667,0.85714,0.5,0.7,1.0,1.0,0.5,0.5,0.5,1.0,1.0,0.5,0.5,0.5,0.0,0.0,1.0,1.0,1.0,1.0,0.51164,0.4,0.13333,0.5,0.0,0.0,1.0,0.0,0.5,1.0,1.0,1.0,1.0,0.93333,1.0,0.21356,1.0,0.56667,0.0,0.0,0.66667,0.0,0.08,0.03111,0.99732,0.0,0.67619,1.0,0.77143,0.71429,0.70476,0.0,0.81087,1.0,0.35714,1.0,1.0,1.0,0.0,0.75259,0.78571,0.78571,0.5,1.0,1.0,0.5,0.5,0.5,1.0,1.0,1.0,0.17546,1.0,0.0,0.0,1.0,1.0,1.0,1.0,0.51164,0.5,0.2,0.66667,0.5,1.0,1.0,0.0,1.0,0.0,0.0,0.0,0.0,0.86667,0.93333,0.21356,1.0,0.56667,0.0,0.0,0.66667,0.0,0.08,0.03111,0.0,0.98979,0.86667,0.86667,0.77143,0.71429,0.72381,0.0,0.60383,0.95846,0.28571,1.0,1.0,1.0,0.0,0.97685,0.85714,0.85714,0.8,1.0,1.0,0.5,0.5,0.5,1.0,1.0,0.5,0.5,0.5,0.0,0.0,1.0,1.0,1.0,1.0,0.51164,0.3,0.2,1.0,0.5,1.0,1.0,0.0,0.78571,0.0,0.5,1.0,0.5,1.0,0.5,0.21356,1.0,0.56667,0.0,0.0,0.66667,1.0,0.08,0.03111,0.0,0.96105,0.90476,0.91429,0.71429,1.0,0.90476,0.0,0.77351,1.0,0.07143,1.0,1.0,1.0,0.0,0.97884,1.0,0.78571,0.0,1.0,1.0,0.5,0.5,0.5,1.0,1.0,0.5,0.5,0.5,0.0,0.0,1.0,1.0,1.0,1.0,0.51164,1.0,0.06667,0.0,1.0,0.0,1.0,0.0,1.0
0.0,0.0,0.0,0.0,0.2,0.2,0.12751,0.2,0.6,0.0,0.5,0.0,0.0,0.32,0.0,0.97176,0.0,0.9,1.0,1.0,1.0,0.7,0.0,0.0001,1.0,0.0,0.76847,0.62399,0.0,0.0,0.96779,1.0,0.75,1.0,1.0,1.0,0.5,0.5,0.5,1.0,1.0,0.5,0.5,0.5,0.0,0.0,1.0,1.0,1.0,0.5,0.5,0.0,0.2,1.0,0.0,1.0,1.0,1.0,0.25,0.5,0.5,0.5,0.5,0.5,0.5,0.12751,0.2,0.6,0.0,0.5,0.0,0.0,0.32,0.0,0.97176,0.0,0.9,1.0,1.0,1.0,0.5,0.0,0.22474,0.32106,0.0,0.76847,0.62399,0.0,0.0,0.96779,1.0,0.5,0.8,1.0,1.0,0.5,0.5,0.5,1.0,1.0,0.5,0.5,0.5,0.0,0.0,1.0,1.0,1.0,0.5,0.5,0.2,0.4,1.0,0.0,1.0,1.0,1.0,0.5,0.0,0.5,0.0,0.5,0.2,0.5,0.12751,0.2,0.6,0.0,0.5,0.0,1.0,0.32,0.0,0.97176,0.0,0.9,1.0,1.0,1.0,0.9,0.0,0.36404,0.66189,0.0,0.76847,0.62399,0.0,0.0,0.96779,1.0,1.0,0.8,1.0,1.0,0.5,0.5,0.5,1.0,1.0,0.5,0.5,0.5,0.0,0.0,1.0,1.0,1.0,0.5,0.5,0.2,0.4,1.0,0.0,1.0,1.0,1.0,1.0,0.0,0.0,0.0,0.0,0.2,0.2,0.12751,0.2,0.6,0.0,0.5,0.0,0.0,0.32,0.0,0.97176,0.0,0.9,1.0,1.0,1.0,0.7,1.0,0.75985,0.98682,0.25,0.74776,0.62399,0.0,0.0,0.90056,0.75,0.0,0.6,1.0,1.0,0.5,0.5,0.5,1.0,1.0,0.5,0.5,0.5,0.0,0.0,1.0,1.0,1.0,0.5,0.5,0.4,0.4,0.5,0.0,1.0,1.0,0.5,1.0,0.5,0.5,0.5,0.5,0.5,0.5,0.12751,0.2,0.6,0.0,0.5,0.0,0.0,0.32,0.0,0.97176,0.0,0.9,1.0,1.0,1.0,0.5,0.0,0.68826,1.0,0.0,0.76847,0.62399,0.0,0.0,0.96779,1.0,0.5,0.7,1.0,1.0,0.5,0.5,0.5,1.0,1.0,0.5,0.5,0.5,0.0,0.0,1.0,1.0,1.0,0.5,0.5,0.3,0.4,1.0,0.0,1.0,1.0,1.0,0.5,0.5,0.5,0.5,0.5,0.5,0.5,0.12751,0.2,0.6,0.0,0.5,0.0,0.0,0.32,0.0,0.97176,0.0,0.9,1.0,1.0,1.0,0.5,0.0,0.21243,0.29504,0.0,0.76847,0.62399,0.0,0.0,0.96779,1.0,0.5,0.5,1.0,1.0,0.5,0.5,0.5,1.0,1.0,0.5,0.5,0.5,0.0,0.0,1.0,1.0,1.0,0.5,0.5,0.5,0.4,1.0,0.0,1.0,1.0,1.0,0.5,0.5,0.5,0.5,0.5,0.5,0.5,0.12751,0.2,0.6,0.0,0.5,0.0,0.0,0.32,0.0,0.97176,0.0,0.9,1.0,1.0,1.0,0.5,0.0,0.27746,0.44041,0.0,0.76847,0.62399,0.0,0.0,0.96779,1.0,0.5,0.8,1.0,1.0,0.5,0.5,0.5,1.0,1.0,0.5,0.5,0.5,0.0,0.0,1.0,1.0,1.0,0.5,0.5,0.2,0.4,1.0,0.0,1.0,1.0,1.0,0.5,0.5,0.5,0.5,0.5,0.5,0.5,0.12751,0.2,0.6,0.0,0.5,0.0,0.0,0.32,0.0,0.97176,0.0,0.9,1.0,1.0,1.0,0.5,0.0,0.22474,0.32106,0.0,0.76847,0.62399,0.0,0.0,0.96779,1.0,0.5,0.0,1.0,1.0,0.5,0.5,0.5,1.0,1.0,0.5,0.5,0.5,0.0,0.0,1.0,1.0,1.0,0.5,0.5,1.0,0.2,0.0,1.0,1.0,1.0,1.0,0.5
1.0,0.5,1.0,0.5,0.9,0.5,0.10674,0.9,0.06667,0.0,1.0,0.0,1.0,0.38,0.0,0.5,0.5,0.82222,0.86667,1.0,1.0,0.82222,1.0,0.0001,1.0,0.0,1.0,1.0,1.0,0.0,1.0,1.0,1.0,1.0,1.0,1.0,0.5,0.5,0.5,1.0,1.0,0.5,0.5,0.5,0.5,0.5,0.0,1.0,1.0,0.5,0.5,1.0,0.0,0.0,1.0,1.0,1.0,1.0,1.0,0.5,0.5,0.5,0.5,0.5,0.5,0.10674,0.9,0.06667,0.0,1.0,0.0,0.0,0.38,0.0,0.5,0.5,0.82222,0.86667,1.0,1.0,0.5,1.0,0.58503,0.83575,0.11111,1.0,1.0,1.0,1.0,1.0,0.88889,0.5,0.8,1.0,1.0,0.5,0.5,0.5,1.0,1.0,0.5,0.5,0.5,0.5,0.5,1.0,1.0,1.0,0.5,0.5,0.2,0.2,1.0,1.0,1.0,1.0,0.0,0.5,0.5,0.5,0.5,0.5,0.5,0.5,0.10674,0.9,0.06667,0.0,1.0,0.0,0.0,0.38,0.0,0.5,0.5,0.82222,0.86667,1.0,1.0,0.5,1.0,0.95309,1.0,0.44444,1.0,0.9327,0.75,1.0,0.76308,0.55556,0.5,0.8,1.0,1.0,0.5,0.5,0.5,1.0,1.0,0.5,0.5,0.5,0.5,0.5,1.0,1.0,1.0,0.5,0.5,0.2,0.3,0.5,1.0,1.0,1.0,0.0,0.5,0.5,0.5,0.5,0.5,0.5,0.5,0.10674,0.9,0.06667,0.0,1.0,0.0,0.0,0.38,0.0,0.5,0.5,0.82222,0.86667,1.0,1.0,0.5,1.0,0.57553,0.74744,0.11111,1.0,1.0,1.0,1.0,1.0,0.88889,0.5,0.65,1.0,1.0,0.5,0.5,0.5,1.0,1.0,0.5,0.5,0.5,0.5,0.5,1.0,1.0,1.0,0.5,0.5,0.65,0.2,1.0,1.0,1.0,1.0,0.0,0.5,0.5,0.5,0.5,0.5,0.5,0.5,0.10674,0.9,0.06667,0.0,1.0,0.0,0.0,0.38,0.0,0.5,0.5,0.82222,0.86667,1.0,1.0,0.5,1.0,0.83089,1.0,0.44444,1.0,0.9327,0.75,1.0,0.76308,0.55556,0.5,0.7,1.0,1.0,0.5,0.5,0.5,1.0,1.0,0.5,0.5,0.5,0.5,0.5,1.0,1.0,1.0,0.5,0.5,0.3,0.3,0.5,1.0,1.0,1.0,0.0,0.5,0.5,0.5,0.5,0.5,0.5,0.5,0.10674,0.9,0.06667,0.0,1.0,0.0,0.0,0.38,0.0,0.5,0.5,0.82222,0.86667,1.0,1.0,0.5,1.0,0.82999,1.0,0.44444,1.0,0.9327,0.75,1.0,0.76308,0.55556,0.5,0.5,1.0,1.0,0.5,0.5,0.5,1.0,1.0,0.5,0.5,0.5,0.5,0.5,1.0,1.0,1.0,0.5,0.5,0.5,0.3,0.5,1.0,1.0,1.0,0.0,0.5,0.5,0.5,0.5,0.5,0.5,0.5,0.10674,0.9,0.06667,0.0,1.0,0.0,0.0,0.38,0.0,0.5,0.5,0.82222,0.86667,1.0,1.0,0.5,1.0,0.59711,0.94779,0.11111,1.0,1.0,1.0,1.0,1.0,0.88889,0.5,0.8,1.0,1.0,0.5,0.5,0.5,1.0,1.0,0.5,0.5,0.5,0.5,0.5,1.0,1.0,1.0,0.5,0.5,0.55,0.2,1.0,1.0,1.0,1.0,0.0,0.5,0.5,0.5,0.5,0.5,0.5,0.5,0.10674,0.9,0.06667,0.0,1.0,0.0,0.0,0.38,0.0,0.5,0.5,0.82222,0.86667,1.0,1.0,0.5,1.0,0.58503,0.83575,0.11111,1.0,1.0,1.0,1.0,1.0,0.88889,0.5,0.0,1.0,1.0,0.5,0.5,0.5,1.0,1.0,0.5,0.5,0.5,0.5,0.5,1.0,1.0,1.0,0.5,0.5,1.0,0.1,0.0,1.0,1.0,1.0,0.0,0.5
1.0,0.0,1.0,0.0,0.9,0.3,0.09414,0.3,0.13333,0.0,1.0,0.0,0.0,0.38,0.0,0.96682,0.0,0.95556,0.95556,1.0,1.0,0.77778,0.0,0.0001,1.0,0.0,0.92929,0.8661,0.0,0.0,0.97765,0.88889,0.66667,1.0,1.0,1.0,0.5,0.5,0.5,1.0,1.0,0.5,0.5,0.5,0.31481,0.11798,0.0,1.0,1.0,0.5,0.5,1.0,0.0,0.0,1.0,1.0,1.0,0.66667,1.0,0.5,0.5,0.5,0.5,0.5,0.5,0.09414,0.3,0.13333,0.0,1.0,0.0,0.0,0.38,0.0,0.96682,0.0,0.95556,0.95556,1.0,1.0,0.5,1.0,0.78114,1.0,0.11111,0.93033,0.8661,0.0,0.0,0.97759,1.0,0.5,0.8,1.0,1.0,0.5,0.5,0.5,1.0,1.0,0.5,0.5,0.5,0.0,0.0,1.0,1.0,1.0,0.5,0.5,0.2,0.5,1.0,0.5,1.0,1.0,0.5,0.5,0.5,0.5,0.5,0.5,0.5,0.5,0.09414,0.3,0.13333,0.0,1.0,0.0,0.0,0.38,0.0,0.96682,0.0,0.95556,0.95556,1.0,1.0,0.5,1.0,0.93042,1.0,0.11111,0.93033,0.8661,0.0,0.0,0.97759,1.0,0.5,0.8,1.0,1.0,0.5,0.5,0.5,1.0,1.0,0.5,0.5,0.5,0.0,0.0,1.0,1.0,1.0,0.5,0.5,0.35,0.2,0.25,1.0,1.0,1.0,0.5,0.5,1.0,0.5,0.0,0.5,0.3,0.5,0.09414,0.3,0.13333,0.0,1.0,0.0,1.0,0.38,0.0,0.96682,0.0,0.95556,0.95556,1.0,1.0,0.95556,1.0,0.73829,0.95882,0.11111,0.93033,0.8661,0.0,0.0,0.97759,1.0,1.0,0.65,1.0,1.0,0.5,0.5,0.5,1.0,1.0,0.5,0.5,0.5,0.0,0.0,1.0,1.0,1.0,0.5,0.5,0.35,0.4,0.75,0.33333,1.0,1.0,0.5,1.0,0.5,0.5,0.5,0.5,0.5,0.5,0.09414,0.3,0.13333,0.0,1.0,0.0,0.0,0.38,0.0,0.96682,0.0,0.95556,0.95556,1.0,1.0,0.5,0.0,0.97421,1.0,0.0,0.92929,0.8661,0.0,0.0,0.97765,0.88889,0.5,0.7,1.0,1.0,0.5,0.5,0.5,1.0,1.0,0.5,0.5,0.5,0.0,0.0,1.0,1.0,1.0,0.5,0.5,0.3,0.4,1.0,0.33333,1.0,1.0,0.66667,0.5,0.0,0.0,0.0,0.0,0.3,0.3,0.09414,0.3,0.13333,0.0,1.0,0.0,0.0,0.38,0.0,0.96682,0.0,0.95556,0.95556,1.0,1.0,0.82222,0.0,0.76768,1.0,0.11111,0.93033,0.8661,0.0,0.0,0.97759,1.0,0.77778,0.5,1.0,1.0,0.5,0.5,0.5,1.0,1.0,0.5,0.5,0.5,0.0,0.0,1.0,1.0,1.0,0.5,0.5,0.5,0.4,0.75,0.33333,1.0,1.0,0.5,1.0,0.5,0.5,0.5,0.5,0.5,0.5,0.09414,0.3,0.13333,0.0,1.0,0.0,0.0,0.38,0.0,0.96682,0.0,0.95556,0.95556,1.0,1.0,0.5,1.0,0.41366,0.6566,0.0,0.92929,0.8661,0.0,0.0,0.97765,0.88889,0.5,0.8,1.0,1.0,0.5,0.5,0.5,1.0,1.0,0.5,0.5,0.5,0.0,0.0,1.0,1.0,1.0,0.5,0.5,0.2,0.4,1.0,0.33333,1.0,1.0,0.66667,0.5,0.5,0.5,0.5,0.5,0.5,0.5,0.09414,0.3,0.13333,0.0,1.0,0.0,0.0,0.38,0.0,0.96682,0.0,0.95556,0.95556,1.0,1.0,0.5,1.0,0.78114,1.0,0.11111,0.93033,0.8661,0.0,0.0,0.97759,1.0,0.5,0.0,1.0,1.0,0.5,0.5,0.5,1.0,1.0,0.5,0.5,0.5,0.0,0.0,1.0,1.0,1.0,0.5,0.5,1.0,0.1,0.0,1.0,1.0,1.0,0.5,0.5
1.0,1.0,1.0,1.0,0.8,0.5,0.09658,0.5,0.4,0.0,1.0,0.0,0.0,0.32,0.04,0.99869,0.0,0.97778,0.97778,1.0,1.0,1.0,0.0,0.0001,1.0,0.0,0.96676,0.78633,0.33333,0.0,0.98509,0.88889,1.0,1.0,0.9,0.83268,0.03935,0.5,0.0,1.0,1.0,1.0,1.0,1.0,0.22282,0.04062,0.0,1.0,1.0,0.77684,1.0,1.0,0.0,0.0,1.0,0.0,1.0,0.0,1.0,0.0,0.5,0.0,0.5,0.5,0.5,0.09658,0.5,0.4,0.0,1.0,0.0,1.0,0.32,0.04,0.98077,0.0,0.97778,0.97778,1.0,1.0,0.97778,0.0,0.78693,1.0,0.11111,0.94664,0.78633,0.25,0.0,0.98429,1.0,1.0,1.0,0.9,0.83268,0.03935,0.03935,0.03935,1.0,1.0,0.77684,1.0,0.5,0.07764,0.0,0.0,1.0,1.0,0.77684,1.0,1.0,0.0,0.0,1.0,0.0,1.0,0.0,1.0,0.5,0.5,0.5,0.5,0.5,0.5,0.09658,0.5,0.4,0.0,1.0,0.0,0.0,0.32,0.04,0.96621,0.0,0.97778,0.97778,1.0,1.0,0.5,0.0,0.88631,1.0,0.11111,1.0,0.78633,0.5,0.0,0.79046,0.77778,0.5,0.25,0.9,0.83268,0.03935,0.5,0.15741,1.0,1.0,0.5,0.5,0.5,0.0,0.00102,1.0,1.0,1.0,0.77684,1.0,0.75,0.4,0.75,1.0,1.0,1.0,0.0,0.5,1.0,1.0,0.0,1.0,0.4,0.8,0.09658,0.5,0.4,0.0,1.0,0.0,0.0,0.32,0.04,0.99621,0.0,0.97778,0.97778,1.0,1.0,0.97778,0.0,0.74366,0.96579,0.11111,0.94664,0.78633,0.25,0.0,0.98429,1.0,0.77778,0.0,0.9,0.83268,0.03935,0.5,0.27546,1.0,1.0,0.5,0.5,0.5,0.0,0.0,1.0,1.0,1.0,0.77684,1.0,1.0,0.1,0.0,1.0,0.0,1.0,0.0,1.0,0.0,0.0,0.0,0.0,0.3,0.2,0.09658,0.5,0.4,0.0,1.0,0.0,0.0,0.32,0.04,0.98077,0.0,0.97778,0.97778,1.0,1.0,0.8,1.0,0.99795,1.0,0.0,0.96676,0.78633,0.33333,0.0,0.98509,0.88889,0.88889,0.25,0.9,0.83268,0.03935,0.5,0.23611,1.0,1.0,0.5,0.5,0.5,0.0,0.0,1.0,1.0,1.0,0.77684,1.0,0.75,0.4,1.0,1.0,1.0,1.0,0.0,1.0,0.5,0.5,0.5,0.5,0.5,0.5,0.09658,0.5,0.4,0.0,1.0,0.0,0.0,0.32,0.04,0.96489,0.0,0.97778,0.97778,1.0,1.0,0.5,0.0,0.72801,1.0,0.11111,1.0,0.78633,0.5,0.0,0.79232,0.77778,0.5,0.45,0.9,0.83268,0.03935,0.5,0.39352,1.0,1.0,0.5,0.5,0.5,0.0,0.0,1.0,1.0,1.0,0.77684,1.0,0.55,0.4,0.75,1.0,1.0,1.0,0.0,0.5,1.0,1.0,1.0,1.0,0.5,0.4,0.09658,0.5,0.4,0.0,1.0,0.0,0.0,0.32,0.04,0.95915,0.0,0.97778,0.97778,1.0,1.0,1.0,0.0,0.4023,0.63857,0.0,0.96676,0.78633,0.33333,0.0,0.98509,0.88889,1.0,0.3,0.9,0.83268,0.03935,0.5,0.15741,1.0,1.0,0.5,0.5,0.5,0.0,0.0,1.0,1.0,1.0,0.77684,1.0,0.7,0.4,1.0,1.0,1.0,1.0,0.0,1.0,0.5,0.5,0.5,0.5,0.5,0.5,0.09658,0.5,0.4,0.0,1.0,0.0,0.0,0.32,0.04,0.98077,0.0,0.97778,0.97778,1.0,1.0,0.5,0.0,0.78693,1.0,0.11111,0.94664,0.78633,0.25,0.0,0.98429,1.0,0.5,1.0,0.9,0.83268,0.03935,0.5,0.03935,1.0,1.0,0.5,0.5,0.5,0.07764,0.0,0.0,1.0,1.0,0.77684,1.0,1.0,0.0,0.0,1.0,0.0,1.0,0.0,0.5
1.0,0.5,1.0,0.5,0.9,0.5,0.10523,0.9,0.06667,0.0,1.0,0.0,1.0,0.25,0.0,0.5,0.5,0.93333,0.93333,1.0,1.0,0.93333,1.0,0.0001,1.0,0.0,1.0,1.0,1.0,0.0,1.0,1.0,1.0,0.55,1.0,1.0,0.5,0.5,0.5,1.0,1.0,0.5,0.5,0.5,0.5,0.5,1.0,1.0,1.0,0.5,0.5,1.0,0.1,1.0,1.0,1.0,1.0,1.0,1.0,0.5,0.5,0.5,0.5,0.5,0.5,0.10523,0.9,0.06667,0.0,1.0,0.0,0.0,0.25,0.0,0.5,0.5,0.93333,0.93333,1.0,1.0,0.5,1.0,0.58883,0.84118,0.11111,1.0,1.0,1.0,0.0,1.0,0.88889,0.5,0.8,1.0,1.0,0.5,0.5,0.5,1.0,1.0,0.5,0.5,0.5,0.5,0.5,1.0,1.0,1.0,0.5,0.5,0.2,0.2,1.0,1.0,1.0,1.0,0.0,0.5,0.5,0.5,0.5,0.5,0.5,0.5,0.10523,0.9,0.06667,0.0,1.0,0.0,0.0,0.25,0.0,0.5,0.5,0.93333,0.93333,1.0,1.0,0.5,1.0,0.62049,1.0,0.11111,1.0,1.0,1.0,0.0,1.0,0.88889,0.5,0.8,1.0,1.0,0.5,0.5,0.5,1.0,1.0,0.5,0.5,0.5,0.5,0.5,1.0,1.0,1.0,0.5,0.5,0.45,0.2,1.0,1.0,1.0,1.0,0.0,0.5,0.5,0.5,0.5,0.5,0.5,0.5,0.10523,0.9,0.06667,0.0,1.0,0.0,0.0,0.25,0.0,0.5,0.5,0.93333,0.93333,1.0,1.0,0.5,1.0,0.57898,0.75192,0.11111,1.0,1.0,1.0,0.0,1.0,0.88889,0.5,0.65,1.0,1.0,0.5,0.5,0.5,1.0,1.0,0.5,0.5,0.5,0.5,0.5,1.0,1.0,1.0,0.5,0.5,0.65,0.2,1.0,1.0,1.0,1.0,0.0,0.5,0.5,0.5,0.5,0.5,0.5,0.5,0.10523,0.9,0.06667,0.0,1.0,0.0,0.0,0.25,0.0,0.5,0.5,0.93333,0.93333,1.0,1.0,0.5,1.0,0.68357,1.0,0.11111,1.0,1.0,1.0,0.0,1.0,0.88889,0.5,0.7,1.0,1.0,0.5,0.5,0.5,1.0,1.0,0.5,0.5,0.5,0.5,0.5,1.0,1.0,1.0,0.5,0.5,0.3,0.2,1.0,1.0,1.0,1.0,0.0,0.5,0.5,0.5,0.5,0.5,0.5,0.5,0.10523,0.9,0.06667,0.0,1.0,0.0,0.0,0.25,0.0,0.5,0.5,0.93333,0.93333,1.0,1.0,0.5,1.0,0.58578,0.81358,0.11111,1.0,1.0,1.0,0.0,1.0,0.88889,0.5,0.5,1.0,1.0,0.5,0.5,0.5,1.0,1.0,0.5,0.5,0.5,0.5,0.5,1.0,1.0,1.0,0.5,0.5,0.5,0.2,1.0,1.0,1.0,1.0,0.0,0.5,0.5,0.5,0.5,0.5,0.5,0.5,0.10523,0.9,0.06667,0.0,1.0,0.0,0.0,0.25,0.0,0.5,0.5,0.93333,0.93333,1.0,1.0,0.5,1.0,0.60134,0.95451,0.11111,1.0,1.0,1.0,0.0,1.0,0.88889,0.5,0.8,1.0,1.0,0.5,0.5,0.5,1.0,1.0,0.5,0.5,0.5,0.5,0.5,1.0,1.0,1.0,0.5,0.5,0.5,0.2,1.0,1.0,1.0,1.0,0.0,0.5,0.5,0.5,0.5,0.5,0.5,0.5,0.10523,0.9,0.06667,0.0,1.0,0.0,0.0,0.25,0.0,0.5,0.5,0.93333,0.93333,1.0,1.0,0.5,1.0,0.58883,0.84118,0.11111,1.0,1.0,1.0,0.0,1.0,0.88889,0.5,0.0,1.0,1.0,0.5,0.5,0.5,1.0,1.0,0.5,0.5,0.5,0.5,0.5,1.0,1.0,1.0,0.5,0.5,1.0,0.1,0.0,1.0,1.0,1.0,0.0,0.5
1.0,0.5,1.0,0.5,0.3,0.5,0.07933,0.3,0.23333,0.0,1.0,0.0,1.0,0.38,0.04,0.814,0.0,0.95556,1.0,0.97778,1.0,0.95556,0.0,0.0001,1.0,0.0,0.67652,0.51117,0.0,0.0,0.5,1.0,0.77778,1.0,1.0,1.0,0.5,0.5,0.5,1.0,1.0,1.0,1.0,0.5,0.19082,0.28959,0.0,1.0,1.0,1.0,1.0,1.0,0.0,0.0,1.0,0.0,1.0,0.0,1.0,0.5,0.5,0.5,0.5,0.5,0.5,0.07933,0.3,0.23333,0.0,1.0,0.0,0.0,0.38,0.04,0.86374,0.0,0.95556,1.0,0.97778,1.0,0.5,1.0,0.98822,1.0,0.88889,0.89092,0.60706,0.28571,0.0,0.94489,0.11111,0.5,0.8,1.0,1.0,0.5,0.5,0.5,1.0,1.0,0.5,0.5,0.5,0.0,1.0,1.0,1.0,0.0,1.0,1.0,0.2,0.7,0.85714,0.5,0.66667,1.0,0.0,0.5,0.0,0.0,0.0,0.0,0.4,0.2,0.07933,0.3,0.23333,0.0,1.0,0.0,0.0,0.38,0.04,0.90563,0.0,0.95556,1.0,0.97778,1.0,0.97778,1.0,0.78947,1.0,0.88889,0.89092,0.60706,0.28571,0.0,0.94489,0.11111,0.11111,0.25,1.0,1.0,0.5,0.5,0.5,1.0,1.0,0.5,0.5,0.5,0.0,0.0,1.0,1.0,0.0,1.0,1.0,0.75,0.4,0.42857,0.0,1.0,1.0,0.0,0.88889,0.0,0.0,0.0,1.0,0.2,0.3,0.07933,0.3,0.23333,0.0,1.0,0.0,0.0,0.38,0.04,0.82077,0.0,0.95556,1.0,0.97778,1.0,0.95556,0.0,0.95116,1.0,0.88889,0.89092,0.60706,0.28571,0.0,0.94489,0.11111,1.0,0.4,1.0,1.0,0.5,0.5,0.5,1.0,1.0,0.5,0.5,0.5,0.0,0.0,1.0,1.0,0.0,1.0,1.0,0.6,0.5,0.57143,0.25,0.75,1.0,0.0,1.0,0.0,0.0,0.0,0.0,0.2,0.2,0.07933,0.3,0.23333,0.0,1.0,0.0,0.0,0.38,0.04,0.86374,0.0,0.95556,1.0,0.97778,1.0,0.95556,1.0,0.93101,1.0,0.11111,0.65167,0.51117,0.0,0.0,0.66667,0.88889,0.77778,0.7,1.0,1.0,0.5,0.5,0.5,1.0,1.0,0.5,0.5,0.5,0.0,0.0,1.0,1.0,1.0,1.0,1.0,0.3,0.2,0.5,0.0,1.0,1.0,0.0,1.0,0.5,0.5,0.5,0.5,0.5,0.5,0.07933,0.3,0.23333,0.0,1.0,0.0,0.0,0.38,0.04,0.90947,0.0,0.95556,1.0,0.97778,1.0,0.5,1.0,0.01214,0.01686,0.11111,1.0,1.0,1.0,0.0,1.0,0.88889,0.5,0.5,1.0,1.0,0.5,0.5,0.5,1.0,1.0,0.5,0.5,0.5,0.0,0.0,1.0,1.0,1.0,1.0,1.0,1.0,0.1,1.0,1.0,0.0,1.0,0.0,0.5,0.0,0.0,1.0,0.0,0.2,0.2,0.07933,0.3,0.23333,0.0,1.0,0.0,0.0,0.38,0.04,0.93333,0.0,0.95556,0.95556,0.97778,1.0,0.95556,1.0,0.01586,0.02517,0.11111,1.0,1.0,1.0,0.0,1.0,0.88889,1.0,0.8,1.0,1.0,0.5,0.5,0.5,1.0,1.0,0.5,0.5,0.5,0.0,0.0,1.0,1.0,1.0,1.0,1.0,1.0,0.1,1.0,1.0,0.0,1.0,0.0,0.77778,0.5,0.5,0.5,0.5,0.5,0.5,0.07933,0.3,0.23333,0.0,1.0,0.0,0.0,0.38,0.04,0.86374,0.0,0.95556,1.0,0.97778,1.0,0.5,1.0,0.98822,1.0,0.88889,0.89092,0.60706,0.28571,0.0,0.94489,0.11111,0.5,0.0,1.0,1.0,0.5,0.5,0.5,1.0,1.0,0.5,0.5,0.5,0.0,1.0,1.0,1.0,0.0,1.0,1.0,1.0,0.1,0.0,1.0,0.0,1.0,0.0,0.5
1.0,0.5,1.0,0.5,0.85,0.5,0.10726,0.85,0.06667,0.0,1.0,0.0,1.0,0.27,0.0,0.5,0.5,0.91111,0.88889,1.0,1.0,0.91111,1.0,0.0001,1.0,0.0,1.0,1.0,1.0,0.0,1.0,1.0,1.0,0.55,1.0,1.0,0.5,0.5,0.5,1.0,1.0,0.5,0.5,0.5,0.5,0.5,1.0,1.0,1.0,0.5,0.5,1.0,0.1,1.0,1.0,1.0,1.0,1.0,1.0,0.5,0.5,0.5,0.5,0.5,0.5,0.10726,0.85,0.06667,0.0,1.0,0.0,0.0,0.27,0.0,0.5,0.5,0.91111,0.88889,1.0,1.0,0.5,1.0,0.59649,0.85214,0.11111,1.0,1.0,1.0,0.0,1.0,0.88889,0.5,0.8,1.0,1.0,0.5,0.5,0.5,1.0,1.0,0.5,0.5,0.5,0.5,0.5,1.0,1.0,1.0,0.5,0.5,0.2,0.2,1.0,1.0,1.0,1.0,0.0,0.5,0.5,0.5,0.5,0.5,0.5,0.5,0.10726,0.85,0.06667,0.0,1.0,0.0,0.0,0.27,0.0,0.5,0.5,0.91111,0.88889,1.0,1.0,0.5,1.0,0.6308,1.0,0.11111,1.0,1.0,1.0,0.0,1.0,0.88889,0.5,0.8,1.0,1.0,0.5,0.5,0.5,1.0,1.0,0.5,0.5,0.5,0.5,0.5,1.0,1.0,1.0,0.5,0.5,0.4,0.2,1.0,1.0,1.0,1.0,0.0,0.5,0.5,0.5,0.5,0.5,0.5,0.5,0.10726,0.85,0.06667,0.0,1.0,0.0,0.0,0.27,0.0,0.5,0.5,0.91111,0.88889,1.0,1.0,0.5,1.0,0.58582,0.76081,0.11111,1.0,1.0,1.0,0.0,1.0,0.88889,0.5,0.65,1.0,1.0,0.5,0.5,0.5,1.0,1.0,0.5,0.5,0.5,0.5,0.5,1.0,1.0,1.0,0.5,0.5,0.65,0.2,1.0,1.0,1.0,1.0,0.0,0.5,0.5,0.5,0.5,0.5,0.5,0.5,0.10726,0.85,0.06667,0.0,1.0,0.0,0.0,0.27,0.0,0.5,0.5,0.91111,0.88889,1.0,1.0,0.5,1.0,0.69905,1.0,0.11111,1.0,1.0,1.0,0.0,1.0,0.88889,0.5,0.7,1.0,1.0,0.5,0.5,0.5,1.0,1.0,0.5,0.5,0.5,0.5,0.5,1.0,1.0,1.0,0.5,0.5,0.3,0.2,1.0,1.0,1.0,1.0,0.0,0.5,0.5,0.5,0.5,0.5,0.5,0.5,0.10726,0.85,0.06667,0.0,1.0,0.0,0.0,0.27,0.0,0.5,0.5,0.91111,0.88889,1.0,1.0,0.5,1.0,0.59319,0.82388,0.11111,1.0,1.0,1.0,0.0,1.0,0.88889,0.5,0.5,1.0,1.0,0.5,0.5,0.5,1.0,1.0,0.5,0.5,0.5,0.5,0.5,1.0,1.0,1.0,0.5,0.5,0.5,0.2,1.0,1.0,1.0,1.0,0.0,0.5,0.5,0.5,0.5,0.5,0.5,0.5,0.10726,0.85,0.06667,0.0,1.0,0.0,0.0,0.27,0.0,0.5,0.5,0.91111,0.88889,1.0,1.0,0.5,1.0,0.61006,0.96834,0.11111,1.0,1.0,1.0,0.0,1.0,0.88889,0.5,0.8,1.0,1.0,0.5,0.5,0.5,1.0,1.0,0.5,0.5,0.5,0.5,0.5,1.0,1.0,1.0,0.5,0.5,0.45,0.2,1.0,1.0,1.0,1.0,0.0,0.5,0.5,0.5,0.5,0.5,0.5,0.5,0.10726,0.85,0.06667,0.0,1.0,0.0,0.0,0.27,0.0,0.5,0.5,0.91111,0.88889,1.0,1.0,0.5,1.0,0.59649,0.85214,0.11111,1.0,1.0,1.0,0.0,1.0,0.88889,0.5,0.0,1.0,1.0,0.5,0.5,0.5,1.0,1.0,0.5,0.5,0.5,0.5,0.5,1.0,1.0,1.0,0.5,0.5,1.0,0.1,0.0,1.0,1.0,1.0,0.0,0.5
1.0,0.0,1.0,0.0,0.85,0.3,0.0972,0.5,0.16667,0.0,1.0,0.0,0.0,0.27,0.0,0.93177,0.0,1.0,1.0,1.0,1.0,0.86667,0.0,0.0001,1.0,0.0,0.96327,0.84525,0.5,0.0,0.86483,0.88889,0.77778,1.0,1.0,1.0,0.5,0.5,0.5,1.0,1.0,0.5,0.5,0.5,0.2118,0.04911,0.0,1.0,1.0,0.5,0.5,1.0,0.0,0.0,1.0,1.0,1.0,0.5,1.0,0.5,0.5,0.5,0.5,0.5,0.5,0.0972,0.5,0.16667,0.0,1.0,0.0,0.0,0.27,0.0,0.93177,0.0,1.0,1.0,1.0,1.0,0.5,0.0,0.68754,0.9822,0.11111,0.98522,0.84525,0.66667,0.0,0.89862,0.77778,0.5,0.8,1.0,1.0,0.5,0.5,0.5,1.0,1.0,0.5,0.5,0.5,0.0,0.0,1.0,1.0,1.0,0.5,0.5,0.2,0.3,0.66667,1.0,1.0,1.0,0.33333,0.5,0.5,0.5,0.5,0.5,0.5,0.5,0.0972,0.5,0.16667,0.0,1.0,0.0,0.0,0.27,0.0,0.93177,0.0,1.0,1.0,1.0,1.0,0.5,0.0,0.781,1.0,0.11111,0.98522,0.84525,0.66667,0.0,0.89862,0.77778,0.5,0.8,1.0,1.0,0.5,0.5,0.5,1.0,1.0,0.5,0.5,0.5,0.0,0.0,1.0,1.0,1.0,0.5,0.5,0.45,0.2,0.33333,1.0,1.0,1.0,0.33333,0.5,1.0,0.5,1.0,0.5,0.5,0.5,0.0972,0.5,0.16667,0.0,1.0,0.0,1.0,0.27,0.0,0.93177,0.0,1.0,1.0,1.0,1.0,1.0,0.0,0.66279,0.86077,0.11111,0.97871,0.84525,0.66667,0.0,0.89862,1.0,0.55556,0.65,1.0,1.0,0.5,0.5,0.5,1.0,1.0,0.5,0.5,0.5,0.0,0.0,1.0,1.0,1.0,0.5,0.5,0.65,0.2,0.33333,1.0,1.0,1.0,0.33333,0.66667,0.0,1.0,0.0,1.0,0.3,0.5,0.0972,0.5,0.16667,0.0,1.0,0.0,0.0,0.27,0.0,0.93177,0.0,1.0,1.0,1.0,1.0,1.0,1.0,0.98818,1.0,0.11111,0.98522,0.84525,0.66667,0.0,0.89862,0.77778,0.88889,0.7,1.0,1.0,0.5,0.5,0.5,1.0,1.0,0.5,0.5,0.5,0.0,0.0,1.0,1.0,1.0,0.5,0.5,0.3,0.3,0.66667,0.5,1.0,1.0,0.33333,1.0,0.0,0.0,0.0,0.0,0.3,0.3,0.0972,0.5,0.16667,0.0,1.0,0.0,0.0,0.27,0.0,0.93177,0.0,1.0,1.0,1.0,1.0,0.86667,1.0,0.17676,0.2455,0.0,0.96327,0.84525,0.5,0.0,0.86483,0.88889,0.88889,0.5,1.0,1.0,0.5,0.5,0.5,1.0,1.0,0.5,0.5,0.5,0.10333,0.0,0.5,1.0,1.0,0.5,0.5,1.0,0.1,0.0,1.0,1.0,1.0,0.5,1.0,0.5,0.5,0.5,0.5,0.5,0.5,0.0972,0.5,0.16667,0.0,1.0,0.0,0.0,0.27,0.0,0.93177,0.0,1.0,1.0,1.0,1.0,0.5,1.0,0.23087,0.36646,0.0,0.96327,0.84525,0.5,0.0,0.86483,0.88889,0.5,0.8,1.0,1.0,0.5,0.5,0.5,1.0,1.0,0.5,0.5,0.5,0.0,0.0,1.0,1.0,1.0,0.5,0.5,0.2,0.3,1.0,0.5,1.0,1.0,0.5,0.5,0.5,0.5,0.5,0.5,0.5,0.5,0.0972,0.5,0.16667,0.0,1.0,0.0,0.0,0.27,0.0,0.93177,0.0,1.0,1.0,1.0,1.0,0.5,0.0,0.68754,0.9822,0.11111,0.98522,0.84525,0.66667,0.0,0.89862,0.77778,0.5,0.0,1.0,1.0,0.5,0.5,0.5,1.0,1.0,0.5,0.5,0.5,0.0,0.0,1.0,1.0,1.0,0.5,0.5,1.0,0.1,0.0,1.0,1.0,1.0,0.33333,0.5
1.0,0.0,1.0,0.0,0.85,0.3,0.09674,0.4,0.23333,0.0,1.0,0.0,0.0,0.23,0.01,0.40228,0.0,1.0,1.0,1.0,1.0,0.86667,0.0,0.0001,1.0,0.0,0.93149,0.85077,0.0,0.0,0.92354,0.88889,0.77778,1.0,1.0,1.0,0.5,0.5,0.5,1.0,1.0,0.5,0.5,0.5,0.3813,0.0254,0.0,1.0,1.0,0.54536,0.45025,1.0,0.0,0.0,1.0,0.0,1.0,1.0,1.0,0.5,0.5,0.5,0.5,0.5,0.5,0.09674,0.4,0.23333,0.0,1.0,0.0,0.0,0.23,0.01,0.64033,0.0,1.0,1.0,1.0,1.0,0.5,0.0,0.6937,0.991,0.11111,0.95959,0.85077,0.33333,0.0,0.94266,0.77778,0.5,0.8,1.0,1.0,0.5,0.5,0.5,1.0,1.0,0.5,0.5,0.5,0.0,0.0,1.0,1.0,1.0,0.54536,0.45025,0.2,0.4,1.0,0.33333,1.0,1.0,0.66667,0.5,0.5,0.5,0.5,0.5,0.5,0.5,0.09674,0.4,0.23333,0.0,1.0,0.0,0.0,0.23,0.01,0.8176,0.0,1.0,1.0,1.0,1.0,0.5,0.0,0.79018,1.0,0.11111,0.96101,0.85077,0.33333,0.0,0.94266,1.0,0.5,0.8,1.0,1.0,0.5,0.5,0.5,1.0,1.0,0.5,0.5,0.5,0.09625,0.01663,0.6,1.0,1.0,0.54536,0.45025,0.6,0.3,0.66667,0.0,1.0,1.0,0.66667,0.5,1.0,1.0,1.0,1.0,0.5,0.7,0.09674,0.4,0.23333,0.0,1.0,0.0,0.0,0.23,0.01,0.43665,0.0,1.0,1.0,1.0,1.0,1.0,1.0,0.69188,0.89854,0.11111,0.89536,0.80203,0.0,0.0,0.94653,0.77778,0.77778,0.65,1.0,1.0,0.5,0.5,0.5,1.0,1.0,0.5,0.5,0.5,0.0,0.0,1.0,1.0,1.0,0.54536,0.45025,0.4,0.3,0.66667,0.0,1.0,1.0,0.66667,0.77778,0.0,0.5,0.0,0.5,0.4,0.5,0.09674,0.4,0.23333,0.0,1.0,0.0,1.0,0.23,0.01,0.64033,0.0,1.0,1.0,1.0,1.0,1.0,0.0,0.99408,1.0,0.11111,0.96101,0.85077,0.33333,0.0,0.94266,1.0,0.77778,0.7,1.0,1.0,0.5,0.5,0.5,1.0,1.0,0.5,0.5,0.5,0.0,0.0,1.0,1.0,1.0,0.54536,0.45025,0.3,0.3,0.66667,0.0,1.0,1.0,0.66667,1.0,1.0,0.0,1.0,0.0,0.7,0.4,0.09674,0.4,0.23333,0.0,1.0,0.0,0.0,0.23,0.01,0.83293,0.0,1.0,1.0,1.0,1.0,1.0,1.0,0.68426,0.95037,0.11111,0.96101,0.85077,0.33333,0.0,0.94266,1.0,0.88889,0.5,1.0,1.0,0.5,0.5,0.5,1.0,1.0,0.54536,0.45025,0.9973,0.14376,0.06568,0.5,1.0,1.0,0.54536,0.45025,1.0,0.1,0.0,1.0,0.0,1.0,0.66667,1.0,0.5,0.5,0.5,0.5,0.5,0.5,0.09674,0.4,0.23333,0.0,1.0,0.0,0.0,0.23,0.01,0.89878,0.0,1.0,1.0,1.0,1.0,0.5,1.0,0.73034,1.0,0.11111,0.96101,0.85077,0.33333,0.0,0.94266,1.0,0.5,0.8,1.0,1.0,0.5,0.5,0.5,1.0,1.0,0.5,0.5,0.5,0.0,0.0,1.0,1.0,1.0,0.54536,0.45025,0.2,0.4,1.0,0.33333,1.0,1.0,0.66667,0.5,0.5,0.5,0.5,0.5,0.5,0.5,0.09674,0.4,0.23333,0.0,1.0,0.0,0.0,0.23,0.01,0.64033,0.0,1.0,1.0,1.0,1.0,0.5,0.0,0.6937,0.991,0.11111,0.95959,0.85077,0.33333,0.0,0.94266,0.77778,0.5,0.0,1.0,1.0,0.5,0.5,0.5,1.0,1.0,0.5,0.5,0.5,0.0,0.0,1.0,1.0,1.0,0.54536,0.45025,1.0,0.1,0.0,1.0,0.0,1.0,0.66667,0.5
1.0,0.0,1.0,0.0,0.1,0.1,0.02607,0.1,0.4,0.0,1.0,0.0,0.0,0.49,0.04,0.39952,0.0,1.0,1.0,1.0,1.0,1.0,0.0,0.0001,1.0,0.0,0.32622,0.23974,0.0,0.0,0.95598,0.88889,1.0,0.0,0.7,0.63672,0.13431,0.5,0.0,1.0,1.0,0.57184,1.0,0.45021,0.0,0.0,1.0,1.0,1.0,0.57184,1.0,1.0,0.1,0.0,1.0,0.0,1.0,1.0,1.0,0.5,0.5,0.5,0.5,0.5,0.5,0.02607,0.1,0.4,0.0,1.0,0.0,0.0,0.49,0.04,0.6179,0.0,1.0,1.0,1.0,1.0,0.5,0.0,0.66218,0.94598,0.11111,0.29987,0.23974,0.0,0.0,0.96699,1.0,0.5,0.0,0.7,0.63672,0.13431,0.5,0.08954,1.0,1.0,0.5,0.5,0.5,0.0,0.0,1.0,1.0,1.0,0.57184,1.0,1.0,0.1,0.0,1.0,0.0,1.0,0.66667,0.5,1.0,1.0,1.0,1.0,0.1,0.1,0.02607,0.1,0.4,0.0,1.0,0.0,0.0,0.49,0.04,0.80257,0.0,1.0,1.0,1.0,1.0,1.0,0.0,0.73594,1.0,0.11111,0.29987,0.23974,0.0,0.0,0.96699,1.0,0.77778,0.0,0.7,0.63672,0.13431,0.5,0.08954,1.0,1.0,0.5,0.5,0.5,0.0,0.0,1.0,1.0,1.0,0.57184,1.0,1.0,0.1,0.0,1.0,0.0,1.0,0.66667,1.0,0.0,0.0,0.0,0.0,0.1,0.1,0.02607,0.1,0.4,0.0,1.0,0.0,0.0,0.49,0.04,0.42919,0.0,1.0,1.0,1.0,1.0,0.66667,0.0,0.64041,0.8317,0.11111,0.29987,0.23974,0.0,0.0,0.96699,1.0,0.44444,0.0,0.7,0.63672,0.13431,0.5,0.15669,1.0,1.0,0.5,0.5,0.5,0.0,0.0,1.0,1.0,1.0,0.57184,1.0,1.0,0.1,0.0,1.0,0.0,1.0,0.66667,0.77778,0.0,0.5,0.0,0.5,0.1,0.5,0.02607,0.1,0.4,0.0,1.0,0.0,1.0,0.49,0.04,0.6179,0.0,1.0,1.0,1.0,1.0,1.0,0.0,0.89545,1.0,0.11111,0.29987,0.23974,0.0,0.0,0.96699,1.0,0.77778,0.0,0.7,0.63672,0.13431,0.13431,0.13431,1.0,1.0,0.5,0.5,0.5,0.0,0.0,1.0,1.0,1.0,0.57184,1.0,1.0,0.1,0.0,1.0,0.0,1.0,0.66667,1.0,0.5,0.5,0.5,0.5,0.5,0.5,0.02607,0.1,0.4,0.0,1.0,0.0,0.0,0.49,0.04,0.81955,0.0,1.0,1.0,1.0,1.0,0.5,0.0,0.62336,0.86578,0.11111,0.333,0.23974,0.0,0.0,0.73051,0.77778,0.5,0.0,0.7,0.63672,0.13431,0.5,0.22384,1.0,1.0,0.5,0.5,0.5,0.0,0.0,1.0,1.0,1.0,0.57184,1.0,1.0,0.1,0.0,1.0,0.0,1.0,0.66667,0.5,0.5,0.5,0.5,0.5,0.5,0.5,0.02607,0.1,0.4,0.0,1.0,0.0,0.0,0.49,0.04,0.89446,0.0,1.0,1.0,1.0,1.0,0.5,0.0,0.14478,0.22981,0.0,0.32622,0.23974,0.0,0.0,0.95598,0.88889,0.5,0.0,0.7,0.63672,0.13431,0.5,0.08954,1.0,1.0,0.5,0.5,0.5,0.0,0.0,1.0,1.0,1.0,0.57184,1.0,1.0,0.1,0.0,1.0,0.0,1.0,1.0,0.5,0.5,0.5,0.5,0.5,0.5,0.5,0.02607,0.1,0.4,0.0,1.0,0.0,0.0,0.49,0.04,0.6179,0.0,1.0,1.0,1.0,1.0,0.5,0.0,0.66218,0.94598,0.11111,0.29987,0.23974,0.0,0.0,0.96699,1.0,0.5,0.0,0.7,0.63672,0.13431,0.5,0.44769,1.0,1.0,0.5,0.5,0.5,0.0,0.0,1.0,1.0,1.0,0.57184,1.0,1.0,0.1,0.0,1.0,0.0,1.0,0.66667,0.5
1.0,0.0,1.0,0.0,0.1,0.1,0.01661,0.2,0.56667,0.0,1.0,0.0,0.0,0.45,0.06,0.0,0.99954,1.0,1.0,1.0,1.0,0.93333,0.0,0.0001,1.0,0.0,0.29174,0.1462,0.33333,0.0,0.73983,0.88889,0.88889,1.0,1.0,1.0,0.5,0.5,0.5,1.0,1.0,0.57184,1.0,0.45021,0.01558,0.0,0.0,1.0,1.0,0.0,0.0,1.0,0.0,0.0,1.0,0.0,1.0,0.0,1.0,0.5,0.5,0.5,0.5,0.5,0.5,0.01661,0.2,0.56667,0.0,1.0,0.0,0.0,0.45,0.06,0.0,0.99308,1.0,1.0,1.0,1.0,0.5,0.0,0.6701,0.95728,0.11111,0.23628,0.13422,0.25,0.0,0.79132,1.0,0.5,1.0,1.0,1.0,0.5,0.5,0.5,1.0,1.0,0.5,0.5,0.5,0.01558,0.0,0.0,1.0,1.0,0.0,0.0,1.0,0.0,0.0,1.0,0.0,1.0,0.0,0.5,1.0,1.0,1.0,1.0,0.1,0.1,0.01661,0.2,0.56667,0.0,1.0,0.0,0.0,0.45,0.06,0.0,0.98755,1.0,1.0,1.0,1.0,0.93333,0.0,0.74484,1.0,0.11111,0.23628,0.13422,0.25,0.0,0.79132,1.0,0.88889,0.25,1.0,1.0,0.5,0.5,0.5,1.0,1.0,0.5,0.5,0.5,0.0,0.0,1.0,1.0,1.0,0.0,0.0,0.75,0.3,0.5,1.0,1.0,1.0,0.0,1.0,0.0,0.0,0.0,0.0,0.1,0.1,0.01661,0.2,0.56667,0.0,1.0,0.0,0.0,0.45,0.06,0.0,0.99867,1.0,1.0,1.0,1.0,0.64444,0.0,0.65715,0.85344,0.11111,0.2291,0.12325,0.25,0.0,0.78975,0.77778,0.55556,0.4,1.0,1.0,0.5,0.5,0.5,1.0,1.0,0.5,0.5,0.5,0.0,0.0,1.0,1.0,1.0,0.0,0.0,0.6,0.3,0.5,1.0,1.0,1.0,0.0,0.77778,0.0,0.0,0.0,0.0,0.2,0.2,0.01661,0.2,0.56667,0.0,1.0,0.0,0.0,0.45,0.06,0.0,0.99308,1.0,1.0,1.0,1.0,1.0,0.0,0.9265,1.0,0.11111,0.2291,0.12325,0.25,0.0,0.78975,0.77778,1.0,0.6,1.0,1.0,0.5,0.13431,0.5,1.0,1.0,0.5,0.5,0.5,0.0,0.0,1.0,1.0,1.0,0.0,0.0,0.4,0.3,0.5,1.0,1.0,1.0,0.0,1.0,0.0,0.0,0.0,0.0,0.1,0.1,0.01661,0.2,0.56667,0.0,1.0,0.0,0.0,0.45,0.06,0.0,0.98704,1.0,1.0,1.0,1.0,0.93333,0.0,0.66317,0.92106,0.11111,0.23628,0.13422,0.25,0.0,0.79132,1.0,0.88889,0.0,1.0,1.0,0.5,0.5,0.5,1.0,1.0,0.5,0.5,0.5,0.0,0.0,1.0,1.0,1.0,0.0,0.0,1.0,0.1,0.0,1.0,0.0,1.0,0.0,1.0,1.0,1.0,1.0,0.0,0.1,0.2,0.01661,0.2,0.56667,0.0,1.0,0.0,0.0,0.45,0.06,0.0,0.98479,1.0,1.0,1.0,1.0,1.0,0.0,0.13069,0.20745,0.11111,0.22967,0.1462,0.0,0.0,0.97657,0.77778,1.0,0.05,1.0,1.0,0.5,0.5,0.5,1.0,1.0,0.13232,0.484,1.0,0.0,0.0,1.0,1.0,1.0,0.0,0.0,0.95,0.2,0.5,1.0,1.0,1.0,0.0,1.0,0.0,0.5,0.0,0.5,0.2,0.5,0.01661,0.2,0.56667,0.0,1.0,0.0,1.0,0.45,0.06,0.0,0.99308,1.0,1.0,1.0,1.0,1.0,0.0,0.6701,0.95728,0.11111,0.23628,0.13422,0.25,0.0,0.79132,1.0,1.0,1.0,1.0,1.0,0.5,0.5,0.5,1.0,1.0,0.0,0.0,0.5,0.01558,0.0,0.0,1.0,1.0,0.0,0.0,1.0,0.0,0.0,1.0,0.0,1.0,0.0,1.0
1.0,0.5,1.0,0.5,0.73333,0.5,0.07013,0.73333,0.06667,0.0,0.0,0.66667,1.0,0.18222,0.0,0.5,0.5,0.91429,0.89524,1.0,1.0,0.91429,1.0,0.0001,1.0,0.0,1.0,1.0,1.0,0.0,1.0,1.0,1.0,0.53333,1.0,1.0,0.5,0.5,0.5,1.0,1.0,0.5,0.5,0.5,0.5,0.5,1.0,1.0,1.0,0.5,0.5,1.0,0.06667,1.0,1.0,1.0,1.0,1.0,1.0,0.5,0.5,0.5,0.5,0.5,0.5,0.07013,0.73333,0.06667,0.0,0.0,0.66667,0.0,0.18222,0.0,0.5,0.5,0.91429,0.89524,1.0,1.0,0.5,1.0,0.55351,0.79073,0.07143,1.0,1.0,1.0,1.0,1.0,0.92857,0.5,0.8,1.0,1.0,0.5,0.5,0.5,1.0,1.0,0.5,0.5,0.5,0.5,0.5,1.0,1.0,1.0,0.5,0.5,0.2,0.13333,1.0,1.0,1.0,1.0,0.0,0.5,0.5,0.5,0.5,0.5,0.5,0.5,0.07013,0.73333,0.06667,0.0,0.0,0.66667,0.0,0.18222,0.0,0.5,0.5,0.91429,0.89524,1.0,1.0,0.5,1.0,0.57138,1.0,0.07143,1.0,1.0,1.0,1.0,1.0,0.92857,0.5,0.8,1.0,1.0,0.5,0.5,0.5,1.0,1.0,0.5,0.5,0.5,0.5,0.5,1.0,1.0,1.0,0.5,0.5,0.46667,0.13333,1.0,1.0,1.0,1.0,0.0,0.5,0.5,0.5,0.5,0.5,0.5,0.5,0.07013,0.73333,0.06667,0.0,0.0,0.66667,0.0,0.18222,0.0,0.5,0.5,0.91429,0.89524,1.0,1.0,0.5,1.0,0.54787,0.71151,0.07143,1.0,1.0,1.0,1.0,1.0,0.92857,0.5,0.63333,1.0,1.0,0.5,0.5,0.5,1.0,1.0,0.5,0.5,0.5,0.5,0.5,1.0,1.0,1.0,0.5,0.5,0.66667,0.13333,1.0,1.0,1.0,1.0,0.0,0.5,0.5,0.5,0.5,0.5,0.5,0.5,0.07013,0.73333,0.06667,0.0,0.0,0.66667,0.0,0.18222,0.0,0.5,0.5,0.91429,0.89524,1.0,1.0,0.5,1.0,0.60603,1.0,0.07143,1.0,1.0,1.0,1.0,1.0,0.92857,0.5,0.7,1.0,1.0,0.5,0.5,0.5,1.0,1.0,0.5,0.5,0.5,0.5,0.5,1.0,1.0,1.0,0.5,0.5,0.3,0.13333,1.0,1.0,1.0,1.0,0.0,0.5,0.5,0.5,0.5,0.5,0.5,0.5,0.07013,0.73333,0.06667,0.0,0.0,0.66667,0.0,0.18222,0.0,0.5,0.5,0.91429,0.89524,1.0,1.0,0.5,1.0,0.55177,0.76634,0.07143,1.0,1.0,1.0,1.0,1.0,0.92857,0.5,0.5,1.0,1.0,0.5,0.5,0.5,1.0,1.0,0.5,0.5,0.5,0.5,0.5,1.0,1.0,1.0,0.5,0.5,0.5,0.13333,1.0,1.0,1.0,1.0,0.0,0.5,0.5,0.5,0.5,0.5,0.5,0.5,0.07013,0.73333,0.06667,0.0,0.0,0.66667,0.0,0.18222,0.0,0.5,0.5,0.91429,0.89524,1.0,1.0,0.5,1.0,0.56062,0.88987,0.07143,1.0,1.0,1.0,1.0,1.0,0.92857,0.5,0.8,1.0,1.0,0.5,0.5,0.5,1.0,1.0,0.5,0.5,0.5,0.5,0.5,1.0,1.0,1.0,0.5,0.5,0.5,0.13333,1.0,1.0,1.0,1.0,0.0,0.5,0.5,0.5,0.5,0.5,0.5,0.5,0.07013,0.73333,0.06667,0.0,0.0,0.66667,0.0,0.18222,0.0,0.5,0.5,0.91429,0.89524,1.0,1.0,0.5,1.0,0.55351,0.79073,0.07143,1.0,1.0,1.0,1.0,1.0,0.92857,0.5,0.0,1.0,1.0,0.5,0.5,0.5,1.0,1.0,0.5,0.5,0.5,0.5,0.5,1.0,1.0,1.0,0.5,0.5,1.0,0.06667,0.0,1.0,1.0,1.0,0.0,0.5
1.0,0.5,1.0,0.5,0.9,0.5,0.06964,0.9,0.06667,0.0,0.0,0.66667,1.0,0.12889,0.0,0.5,0.5,0.98095,0.89524,1.0,1.0,0.98095,1.0,0.0001,1.0,0.0,1.0,1.0,1.0,0.0,1.0,1.0,1.0,1.0,1.0,1.0,0.5,0.5,0.5,1.0,1.0,0.5,0.5,0.5,0.5,0.5,0.0,1.0,1.0,0.5,0.5,1.0,0.0,0.0,1.0,1.0,1.0,1.0,1.0,0.5,0.5,0.5,0.5,0.5,0.5,0.06964,0.9,0.06667,0.0,0.0,0.66667,0.0,0.12889,0.0,0.5,0.5,0.98095,0.89524,1.0,1.0,0.5,1.0,0.54894,0.78419,0.07143,1.0,1.0,1.0,1.0,1.0,0.92857,0.5,0.8,1.0,1.0,0.5,0.5,0.5,1.0,1.0,0.5,0.5,0.5,0.5,0.5,1.0,1.0,1.0,0.5,0.5,0.2,0.13333,1.0,1.0,1.0,1.0,0.0,0.5,0.5,0.5,0.5,0.5,0.5,0.5,0.06964,0.9,0.06667,0.0,0.0,0.66667,0.0,0.12889,0.0,0.5,0.5,0.98095,0.89524,1.0,1.0,0.5,1.0,0.56538,1.0,0.07143,1.0,1.0,1.0,1.0,1.0,0.92857,0.5,0.8,1.0,1.0,0.5,0.5,0.5,1.0,1.0,0.5,0.5,0.5,0.5,0.5,1.0,1.0,1.0,0.5,0.5,0.53333,0.13333,1.0,1.0,1.0,1.0,0.0,0.5,0.5,0.5,0.5,0.5,0.5,0.5,0.06964,0.9,0.06667,0.0,0.0,0.66667,0.0,0.12889,0.0,0.5,0.5,0.98095,0.89524,1.0,1.0,0.5,1.0,0.54375,0.70617,0.07143,1.0,1.0,1.0,1.0,1.0,0.92857,0.5,0.63333,1.0,1.0,0.5,0.5,0.5,1.0,1.0,0.5,0.5,0.5,0.5,0.5,1.0,1.0,1.0,0.5,0.5,0.7,0.13333,1.0,1.0,1.0,1.0,0.0,0.5,0.5,0.5,0.5,0.5,0.5,0.5,0.06964,0.9,0.06667,0.0,0.0,0.66667,0.0,0.12889,0.0,0.5,0.5,0.98095,0.89524,1.0,1.0,0.5,1.0,0.59736,1.0,0.07143,1.0,1.0,1.0,1.0,1.0,0.92857,0.5,0.7,1.0,1.0,0.5,0.5,0.5,1.0,1.0,0.5,0.5,0.5,0.5,0.5,1.0,1.0,1.0,0.5,0.5,0.3,0.13333,1.0,1.0,1.0,1.0,0.0,0.5,0.5,0.5,0.5,0.5,0.5,0.5,0.06964,0.9,0.06667,0.0,0.0,0.66667,0.0,0.12889,0.0,0.5,0.5,0.98095,0.89524,1.0,1.0,0.5,1.0,0.54734,0.76019,0.07143,1.0,1.0,1.0,1.0,1.0,0.92857,0.5,0.5,1.0,1.0,0.5,0.5,0.5,1.0,1.0,0.5,0.5,0.5,0.5,0.5,1.0,1.0,1.0,0.5,0.5,0.53333,0.13333,1.0,1.0,1.0,1.0,0.0,0.5,0.5,0.5,0.5,0.5,0.5,0.5,0.06964,0.9,0.06667,0.0,0.0,0.66667,0.0,0.12889,0.0,0.5,0.5,0.98095,0.89524,1.0,1.0,0.5,1.0,0.55548,0.88171,0.07143,1.0,1.0,1.0,1.0,1.0,0.92857,0.5,0.8,1.0,1.0,0.5,0.5,0.5,1.0,1.0,0.5,0.5,0.5,0.5,0.5,1.0,1.0,1.0,0.5,0.5,0.53333,0.13333,1.0,1.0,1.0,1.0,0.0,0.5,0.5,0.5,0.5,0.5,0.5,0.5,0.06964,0.9,0.06667,0.0,0.0,0.66667,0.0,0.12889,0.0,0.5,0.5,0.98095,0.89524,1.0,1.0,0.5,1.0,0.54894,0.78419,0.07143,1.0,1.0,1.0,1.0,1.0,0.92857,0.5,0.0,1.0,1.0,0.5,0.5,0.5,1.0,1.0,0.5,0.5,0.5,0.5,0.5,1.0,1.0,1.0,0.5,0.5,1.0,0.06667,0.0,1.0,1.0,1.0,0.0,0.5
1.0,0.0,1.0,0.0,0.8,0.13333,0.02675,0.06667,0.8,0.0,0.0,0.66667,0.0,0.12889,0.02222,0.92595,0.0,1.0,1.0,0.88571,1.0,0.81905,0.0,0.0001,1.0,0.0,0.35872,0.21787,0.0,0.0,0.98969,0.92857,0.85714,0.0,0.93333,0.92067,0.79276,0.5,0.79276,1.0,1.0,0.5,0.5,0.5,0.0,0.0,1.0,1.0,1.0,0.76194,1.0,1.0,0.06667,0.0,1.0,0.0,1.0,0.0,1.0,0.0,0.0,0.0,0.0,0.06667,0.06667,0.02675,0.06667,0.8,0.0,0.0,0.66667,0.0,0.12889,0.02222,0.95035,0.0,1.0,1.0,0.88571,1.0,0.88571,0.0,0.61274,0.87534,0.07143,0.37006,0.21787,0.0,0.0,0.9898,1.0,0.64286,0.0,0.93333,0.92067,0.79276,0.0,0.79276,1.0,1.0,0.76194,1.0,0.43106,0.0,0.0,1.0,1.0,1.0,0.76194,1.0,1.0,0.06667,0.0,1.0,0.0,1.0,0.0,1.0,1.0,1.0,1.0,1.0,0.86667,0.8,0.02675,0.06667,0.8,0.0,0.0,0.66667,0.0,0.12889,0.02222,0.96789,0.0,1.0,1.0,0.93333,0.93333,0.82857,0.0,0.80536,1.0,0.21429,0.40347,0.21787,0.0,0.0,0.90718,0.71429,0.71429,0.0,0.93333,0.92067,0.79276,0.5,0.79276,1.0,1.0,0.5,0.5,0.5,0.0,0.0,1.0,1.0,1.0,0.76194,1.0,1.0,0.06667,0.0,1.0,0.0,1.0,0.0,1.0,0.0,0.5,0.0,0.5,0.06667,0.5,0.02675,0.06667,0.8,0.0,0.0,0.66667,1.0,0.12889,0.02222,0.92929,0.0,1.0,1.0,0.88571,1.0,1.0,0.0,0.59703,0.77537,0.07143,0.37006,0.21787,0.0,0.0,0.9898,1.0,1.0,0.0,0.93333,0.92067,0.79276,0.79276,0.79276,1.0,1.0,0.5,0.5,0.5,0.0,0.0,1.0,1.0,1.0,0.76194,1.0,1.0,0.06667,0.0,1.0,0.0,1.0,0.0,1.0,1.0,0.0,1.0,0.0,0.93333,0.86667,0.02675,0.06667,0.8,0.0,0.0,0.66667,0.0,0.12889,0.02222,0.95035,0.0,1.0,1.0,0.88571,1.0,0.88571,0.0,0.78392,1.0,0.07143,0.37006,0.21787,0.0,0.0,0.9898,1.0,0.85714,0.0,0.93333,0.92067,0.79276,0.5,0.79276,1.0,1.0,0.5,0.5,0.5,0.0,0.0,1.0,1.0,1.0,0.76194,1.0,1.0,0.06667,0.0,1.0,0.0,1.0,0.0,1.0,0.5,0.5,0.5,0.5,0.5,0.5,0.02675,0.06667,0.8,0.0,0.0,0.66667,0.0,0.12889,0.02222,0.96973,0.0,1.0,1.0,0.93333,0.93333,0.5,0.0,0.59358,0.82441,0.07143,0.39124,0.21787,0.0,0.0,0.93368,0.85714,0.5,0.03333,0.93333,0.92067,0.79276,0.5,0.76633,1.0,1.0,0.5,0.5,0.5,0.0,0.0,1.0,1.0,1.0,0.76194,1.0,0.96667,0.13333,0.33333,1.0,1.0,1.0,0.0,0.5,0.0,0.0,0.0,0.0,0.53333,0.06667,0.02675,0.06667,0.8,0.0,0.0,0.66667,0.0,0.12889,0.02222,0.97943,0.0,0.93333,1.0,0.93333,0.93333,0.93333,0.0,0.12609,0.20015,0.0,0.35872,0.21787,0.0,0.0,0.98969,0.92857,0.92857,0.0,0.93333,0.92067,0.79276,0.31997,0.79276,1.0,1.0,0.5,0.5,0.5,0.0,0.0,1.0,1.0,1.0,0.76194,1.0,1.0,0.06667,0.0,1.0,0.0,1.0,0.0,1.0,0.5,0.5,0.5,0.5,0.5,0.5,0.02675,0.06667,0.8,0.0,0.0,0.66667,0.0,0.12889,0.02222,0.95035,0.0,1.0,1.0,0.88571,1.0,0.5,0.0,0.61274,0.87534,0.07143,0.37006,0.21787,0.0,0.0,0.9898,1.0,0.5,0.0,0.93333,0.92067,0.79276,0.5,0.79276,1.0,1.0,0.5,0.5,0.5,0.0,0.0,1.0,1.0,1.0,0.76194,1.0,1.0,0.06667,0.0,1.0,0.0,1.0,0.0,0.5
1.0,1.0,1.0,1.0,0.26667,0.26667,0.02368,0.33333,0.53333,0.0,0.0,0.66667,0.0,0.26222,0.07556,0.93951,0.0,1.0,1.0,1.0,1.0,0.65714,0.0,0.0001,1.0,0.0,0.37993,0.17478,0.4,0.0,0.9533,0.92857,0.85714,1.0,1.0,1.0,0.5,0.5,0.5,1.0,1.0,0.91468,1.0,1.0,0.03295,0.0,0.0,1.0,1.0,0.06718,0.27763,1.0,0.0,0.0,1.0,0.0,1.0,0.0,1.0,0.0,0.5,0.0,0.5,0.33333,0.5,0.02368,0.33333,0.53333,0.0,0.0,0.66667,1.0,0.26222,0.07556,0.93861,0.0,1.0,1.0,1.0,1.0,1.0,1.0,0.75193,1.0,0.07143,0.34999,0.17478,0.33333,0.0,0.95789,1.0,0.85714,1.0,1.0,1.0,0.5,0.5,0.5,1.0,1.0,0.06718,0.27763,0.5,0.03295,0.0,0.0,1.0,1.0,0.06718,0.27763,1.0,0.0,0.0,1.0,0.0,1.0,0.0,1.0,0.0,0.0,0.0,0.0,0.26667,0.33333,0.02368,0.33333,0.53333,0.0,0.0,0.66667,0.0,0.26222,0.07556,0.98267,0.0,1.0,1.0,0.78095,0.92381,0.75238,0.0,0.83574,1.0,0.07143,0.37467,0.17478,0.33333,0.0,0.95951,0.85714,0.85714,0.0,1.0,1.0,0.5,0.38714,0.5,1.0,1.0,0.0,0.22061,0.46812,0.0,0.0,1.0,1.0,1.0,0.06718,0.27763,1.0,0.06667,0.0,1.0,0.0,1.0,0.0,1.0,1.0,1.0,1.0,1.0,0.13333,0.4,0.02368,0.33333,0.53333,0.0,0.0,0.66667,0.0,0.26222,0.07556,0.9522,0.0,1.0,1.0,1.0,1.0,0.77143,0.0,0.71409,0.92739,0.07143,0.34999,0.17478,0.33333,0.0,0.95789,1.0,0.71429,0.06667,1.0,1.0,0.5,0.5,0.5,1.0,1.0,0.5,0.5,0.5,0.0,0.0,1.0,1.0,1.0,0.06718,0.27763,0.93333,0.13333,0.16667,1.0,0.0,1.0,0.0,1.0,0.5,0.5,0.5,0.5,0.5,0.5,0.02368,0.33333,0.53333,0.0,0.0,0.66667,0.0,0.26222,0.07556,0.93861,0.0,1.0,1.0,1.0,1.0,0.5,0.0,0.87413,1.0,0.07143,0.33531,0.17478,0.25,0.0,0.96309,0.85714,0.5,0.03333,1.0,1.0,0.5,0.5,0.5,1.0,1.0,0.5,0.5,0.5,0.0,0.0,1.0,1.0,1.0,0.06718,0.27763,0.96667,0.13333,0.25,1.0,0.0,1.0,0.0,0.5,0.5,0.5,0.5,0.5,0.5,0.5,0.02368,0.33333,0.53333,0.0,0.0,0.66667,0.0,0.26222,0.07556,0.98663,0.0,0.82857,1.0,0.78095,0.92381,0.5,0.0,0.70714,0.98213,0.07143,0.37467,0.17478,0.33333,0.0,0.95951,0.85714,0.5,0.0,1.0,1.0,0.5,0.5,0.5,1.0,1.0,0.5,0.5,0.5,0.0,0.0,1.0,1.0,1.0,0.06718,0.27763,1.0,0.06667,0.0,1.0,0.0,1.0,0.0,0.5,0.0,0.0,0.0,0.0,0.2,0.2,0.02368,0.33333,0.53333,0.0,0.0,0.66667,0.0,0.26222,0.07556,0.0,0.9943,1.0,0.82857,0.95238,0.80952,0.77143,0.0,0.35238,0.55934,0.07143,0.33531,0.17478,0.25,0.0,0.96309,0.85714,0.78571,0.0,1.0,1.0,0.5,0.5,0.5,1.0,1.0,0.63082,0.484,1.0,0.0,0.0,1.0,1.0,1.0,0.06718,0.27763,1.0,0.06667,0.0,1.0,0.0,1.0,0.0,1.0,1.0,0.0,1.0,0.0,0.2,0.2,0.02368,0.33333,0.53333,0.0,0.0,0.66667,0.0,0.26222,0.07556,0.93861,0.0,1.0,1.0,1.0,1.0,0.71429,1.0,0.75193,1.0,0.07143,0.34999,0.17478,0.33333,0.0,0.95789,1.0,0.85714,1.0,1.0,1.0,0.5,0.5,0.5,1.0,1.0,0.5,0.5,0.5,0.03295,0.0,0.0,1.0,1.0,0.06718,0.27763,1.0,0.0,0.0,1.0,0.0,1.0,0.0,1.0
1.0,0.5,1.0,0.5,0.66667,0.5,0.06752,0.66667,0.06667,0.0,0.0,0.66667,1.0,0.11111,0.0,0.5,0.5,0.97143,0.97143,1.0,1.0,0.97143,1.0,0.0001,1.0,0.0,1.0,1.0,1.0,0.0,1.0,1.0,1.0,0.5,1.0,1.0,0.5,0.5,0.5,1.0,1.0,0.5,0.5,0.5,0.5,0.5,1.0,1.0,1.0,0.5,0.5,1.0,0.06667,1.0,1.0,1.0,1.0,1.0,1.0,0.5,0.5,0.5,0.5,0.5,0.5,0.06752,0.66667,0.06667,0.0,0.0,0.66667,0.0,0.11111,0.0,0.5,0.5,0.97143,0.97143,1.0,1.0,0.5,1.0,0.55662,0.79517,0.07143,1.0,1.0,1.0,1.0,1.0,0.92857,0.5,0.8,1.0,1.0,0.5,0.5,0.5,1.0,1.0,0.5,0.5,0.5,0.5,0.5,1.0,1.0,1.0,0.5,0.5,0.2,0.13333,1.0,1.0,1.0,1.0,0.0,0.5,0.5,0.5,0.5,0.5,0.5,0.5,0.06752,0.66667,0.06667,0.0,0.0,0.66667,0.0,0.11111,0.0,0.5,0.5,0.97143,0.97143,1.0,1.0,0.5,1.0,0.57526,1.0,0.07143,1.0,1.0,1.0,1.0,1.0,0.92857,0.5,0.8,1.0,1.0,0.5,0.5,0.5,1.0,1.0,0.5,0.5,0.5,0.5,0.5,1.0,1.0,1.0,0.5,0.5,0.4,0.13333,1.0,1.0,1.0,1.0,0.0,0.5,0.5,0.5,0.5,0.5,0.5,0.5,0.06752,0.66667,0.06667,0.0,0.0,0.66667,0.0,0.11111,0.0,0.5,0.5,0.97143,0.97143,1.0,1.0,0.5,1.0,0.54621,0.70937,0.07143,1.0,1.0,1.0,1.0,1.0,0.92857,0.5,0.63333,1.0,1.0,0.5,0.5,0.5,1.0,1.0,0.5,0.5,0.5,0.5,0.5,1.0,1.0,1.0,0.5,0.5,0.66667,0.13333,1.0,1.0,1.0,1.0,0.0,0.5,0.5,0.5,0.5,0.5,0.5,0.5,0.06752,0.66667,0.06667,0.0,0.0,0.66667,0.0,0.11111,0.0,0.5,0.5,0.97143,0.97143,1.0,1.0,0.5,1.0,0.61119,1.0,0.07143,1.0,1.0,1.0,1.0,1.0,0.92857,0.5,0.7,1.0,1.0,0.5,0.5,0.5,1.0,1.0,0.5,0.5,0.5,0.5,0.5,1.0,1.0,1.0,0.5,0.5,0.3,0.13333,1.0,1.0,1.0,1.0,0.0,0.5,0.5,0.5,0.5,0.5,0.5,0.5,0.06752,0.66667,0.06667,0.0,0.0,0.66667,0.0,0.11111,0.0,0.5,0.5,0.97143,0.97143,1.0,1.0,0.5,1.0,0.00879,0.01221,0.0,1.0,1.0,1.0,0.0,1.0,1.0,0.5,0.5,1.0,1.0,0.5,0.5,0.5,1.0,1.0,0.5,0.5,0.5,0.5,0.5,1.0,1.0,1.0,0.5,0.5,1.0,0.06667,1.0,1.0,1.0,1.0,1.0,0.5,0.5,0.5,0.5,0.5,0.5,0.5,0.06752,0.66667,0.06667,0.0,0.0,0.66667,0.0,0.11111,0.0,0.5,0.5,0.97143,0.97143,1.0,1.0,0.5,1.0,0.01148,0.01823,0.0,1.0,1.0,1.0,0.0,1.0,1.0,0.5,0.8,1.0,1.0,0.5,0.5,0.5,1.0,1.0,0.5,0.5,0.5,0.5,0.5,1.0,1.0,1.0,0.5,0.5,1.0,0.06667,1.0,1.0,1.0,1.0,1.0,0.5,0.5,0.5,0.5,0.5,0.5,0.5,0.06752,0.66667,0.06667,0.0,0.0,0.66667,0.0,0.11111,0.0,0.5,0.5,0.97143,0.97143,1.0,1.0,0.5,1.0,0.55662,0.79517,0.07143,1.0,1.0,1.0,1.0,1.0,0.92857,0.5,0.0,1.0,1.0,0.5,0.5,0.5,1.0,1.0,0.5,0.5,0.5,0.5,0.5,1.0,1.0,1.0,0.5,0.5,1.0,0.06667,0.0,1.0,1.0,1.0,0.0,0.5
1.0,1.0,1.0,0.0,1.0,0.53333,0.05251,0.13333,0.4,0.0,0.0,0.66667,0.0,0.45778,0.01778,0.99917,0.0,1.0,1.0,1.0,1.0,0.6,0.0,0.0001,1.0,0.0,0.83268,0.73441,0.0,0.0,1.0,0.92857,0.85714,1.0,0.86667,0.88976,0.23095,0.5,0.0,1.0,1.0,0.5,0.5,0.5,0.21718,0.51906,0.0,1.0,1.0,0.4734,0.47487,1.0,0.0,0.0,1.0,0.0,1.0,1.0,1.0,0.5,0.5,0.5,0.5,0.5,0.5,0.05251,0.13333,0.4,0.0,0.0,0.66667,0.0,0.45778,0.01778,0.98728,0.0,1.0,1.0,1.0,1.0,0.5,1.0,0.60155,0.85935,0.07143,0.80522,0.73272,0.0,0.0,1.0,0.85714,0.5,1.0,0.86667,0.88976,0.23095,0.5,0.23095,1.0,1.0,0.5,0.5,0.5,0.2045,0.0,0.0,1.0,1.0,0.4734,0.47487,1.0,0.0,0.0,1.0,0.0,1.0,0.66667,0.5,0.0,0.5,0.0,0.5,0.13333,0.5,0.05251,0.13333,0.4,0.0,0.0,0.66667,1.0,0.45778,0.01778,0.97679,0.0,1.0,1.0,1.0,1.0,1.0,0.0,0.62446,1.0,0.07143,0.86569,0.73441,0.0,0.0,1.0,1.0,1.0,0.46667,0.86667,0.88976,0.23095,0.23095,0.23095,1.0,1.0,0.4734,0.47487,1.0,0.07816,0.15248,0.53333,1.0,1.0,0.4734,0.47487,1.0,0.06667,0.0,1.0,0.0,1.0,0.66667,1.0,0.5,0.5,0.5,0.5,0.5,0.5,0.05251,0.13333,0.4,0.0,0.0,0.66667,0.0,0.45778,0.01778,0.99758,0.0,1.0,1.0,1.0,1.0,0.5,1.0,0.58815,0.76384,0.07143,0.80522,0.73272,0.0,0.0,1.0,0.85714,0.5,0.2,0.86667,0.88976,0.23095,0.5,0.42341,1.0,1.0,0.5,0.5,0.5,0.0,0.0,1.0,1.0,1.0,0.4734,0.47487,0.8,0.2,0.66667,1.0,1.0,1.0,0.66667,0.5,1.0,0.0,0.0,0.0,0.53333,0.2,0.05251,0.13333,0.4,0.0,0.0,0.66667,0.0,0.45778,0.01778,0.98728,0.0,1.0,1.0,1.0,1.0,0.74286,0.0,0.7438,1.0,0.07143,0.80522,0.73272,0.0,0.0,1.0,0.85714,1.0,0.46667,0.86667,0.88976,0.23095,0.5,0.34642,1.0,1.0,0.5,0.5,0.5,0.0,0.0,1.0,1.0,1.0,0.4734,0.47487,0.53333,0.2,0.66667,1.0,1.0,1.0,0.66667,1.0,0.5,0.5,0.5,0.5,0.5,0.5,0.05251,0.13333,0.4,0.0,0.0,0.66667,0.0,0.45778,0.01778,0.9758,0.0,1.0,1.0,1.0,1.0,0.5,0.0,0.58139,0.80748,0.07143,0.86569,0.73441,0.0,1.0,1.0,1.0,0.5,0.5,0.86667,0.88976,0.23095,0.5,0.57737,1.0,1.0,0.5,0.5,0.5,0.08754,0.20803,0.5,1.0,1.0,0.4734,0.47487,1.0,0.06667,0.0,1.0,0.0,1.0,0.66667,0.5,0.5,0.5,0.5,0.5,0.5,0.5,0.05251,0.13333,0.4,0.0,0.0,0.66667,0.0,0.45778,0.01778,0.97142,0.0,1.0,1.0,1.0,1.0,0.5,0.0,0.09018,0.14314,0.0,0.83268,0.73441,0.0,0.0,1.0,0.92857,0.5,0.6,0.86667,0.88976,0.23095,0.5,0.23095,1.0,1.0,0.5,0.5,0.5,0.03792,0.0,0.6,1.0,1.0,0.4734,0.47487,0.8,0.2,1.0,1.0,1.0,1.0,1.0,0.5,0.5,0.5,0.5,0.5,0.5,0.5,0.05251,0.13333,0.4,0.0,0.0,0.66667,0.0,0.45778,0.01778,0.98728,0.0,1.0,1.0,1.0,1.0,0.5,1.0,0.60155,0.85935,0.07143,0.80522,0.73272,0.0,0.0,1.0,0.85714,0.5,1.0,0.86667,0.88976,0.23095,0.5,1.0,1.0,1.0,0.5,0.5,0.5,0.2045,0.0,0.0,1.0,1.0,0.4734,0.47487,1.0,0.0,0.0,1.0,0.0,1.0,0.66667,0.5
1.0,1.0,1.0,0.0,1.0,0.53333,0.01133,0.06667,0.0,0.83333,0.0,0.66667,0.0,0.36444,0.01778,0.0,0.9999,1.0,1.0,1.0,1.0,0.6,0.0,0.0001,1.0,0.0,0.25781,0.17372,0.0,0.0,0.9981,0.92857,0.85714,1.0,1.0,1.0,0.5,0.5,0.5,1.0,1.0,0.5,0.5,0.5,0.09485,0.3427,0.0,1.0,1.0,0.0,0.0475,1.0,0.0,0.0,1.0,0.0,1.0,0.0,1.0,0.5,0.5,0.5,0.5,0.5,0.5,0.01133,0.06667,0.0,0.83333,0.0,0.66667,0.0,0.36444,0.01778,0.0,0.99848,1.0,1.0,1.0,1.0,0.5,0.0,0.58574,0.83678,0.07143,0.21385,0.14147,0.0,0.0,0.99855,1.0,0.5,0.8,1.0,1.0,0.5,0.5,0.5,1.0,1.0,0.5,0.5,0.5,0.0,0.0,1.0,1.0,1.0,0.0,0.0475,0.2,0.26667,1.0,1.0,1.0,1.0,0.0,0.5,0.0,0.0,0.0,0.0,0.13333,0.13333,0.01133,0.06667,0.0,0.83333,0.0,0.66667,0.0,0.36444,0.01778,0.0,0.99727,1.0,1.0,1.0,1.0,1.0,0.0,0.57387,1.0,0.07143,0.26369,0.17372,0.0,1.0,0.99857,0.85714,1.0,0.8,1.0,1.0,0.5,0.50896,0.5,1.0,1.0,0.0,0.0475,0.99885,0.08163,0.0601,0.9,1.0,1.0,0.0,0.0475,0.3,0.2,0.66667,1.0,1.0,1.0,0.0,1.0,0.5,0.5,0.5,0.5,0.5,0.5,0.01133,0.06667,0.0,0.83333,0.0,0.66667,0.0,0.36444,0.01778,0.0,0.99971,1.0,1.0,1.0,1.0,0.5,1.0,0.58884,0.76472,0.07143,0.19761,0.11621,0.0,0.0,0.99841,0.85714,0.5,0.63333,1.0,1.0,0.5,0.5,0.5,1.0,1.0,0.5,0.5,0.5,0.0,0.0,1.0,1.0,1.0,0.0,0.0475,0.36667,0.2,0.66667,1.0,1.0,1.0,0.0,0.5,1.0,1.0,0.0,1.0,0.13333,0.13333,0.01133,0.06667,0.0,0.83333,0.0,0.66667,0.0,0.36444,0.01778,0.0,0.99848,1.0,1.0,1.0,1.0,1.0,0.0,0.71644,1.0,0.07143,0.19761,0.11621,0.0,0.0,0.99841,0.85714,1.0,0.7,1.0,1.0,0.5,0.44514,0.5,1.0,1.0,0.5,0.5,0.5,0.0,0.0,1.0,1.0,1.0,0.0,0.0475,0.3,0.2,0.66667,1.0,1.0,1.0,0.0,1.0,1.0,1.0,1.0,0.0,0.26667,0.26667,0.01133,0.06667,0.0,0.83333,0.0,0.66667,0.0,0.36444,0.01778,0.0,0.99716,1.0,1.0,1.0,1.0,1.0,1.0,0.94941,1.0,0.78571,0.145,0.11621,0.0,0.0,0.99749,0.28571,0.14286,0.5,1.0,1.0,0.5,1.0,0.5,1.0,1.0,0.57746,0.57513,1.0,0.03231,0.06803,0.5,1.0,1.0,0.0,0.0475,1.0,0.06667,0.0,1.0,0.0,1.0,0.0,1.0,0.0,0.0,0.0,0.0,0.13333,0.06667,0.01133,0.06667,0.0,0.83333,0.0,0.66667,0.0,0.36444,0.01778,0.0,0.99667,1.0,1.0,1.0,1.0,1.0,0.0,0.04381,0.06955,0.0,0.25781,0.17372,0.0,0.0,0.9981,0.92857,1.0,0.8,1.0,1.0,0.5,1.0,0.5,1.0,1.0,0.30333,0.32735,0.88451,0.0,0.0,1.0,1.0,1.0,0.0,0.0475,0.2,0.2,1.0,1.0,1.0,1.0,0.0,1.0,0.0,0.5,0.0,0.5,0.06667,0.5,0.01133,0.06667,0.0,0.83333,0.0,0.66667,1.0,0.36444,0.01778,0.0,0.99848,1.0,1.0,1.0,1.0,1.0,0.0,0.58574,0.83678,0.07143,0.21385,0.14147,0.0,0.0,0.99855,1.0,1.0,0.0,1.0,1.0,0.5,0.5,0.5,1.0,1.0,0.5,0.5,0.5,0.0,0.0,1.0,1.0,1.0,0.0,0.0475,1.0,0.06667,0.0,1.0,0.0,1.0,0.0,1.0
1.0,0.5,1.0,0.5,0.83333,0.5,0.06874,0.83333,0.06667,0.0,0.0,0.66667,1.0,0.08889,0.0,0.5,0.5,0.97143,0.91429,1.0,1.0,0.97143,1.0,0.0001,1.0,0.0,1.0,1.0,1.0,0.0,1.0,1.0,1.0,1.0,1.0,1.0,0.5,0.5,0.5,1.0,1.0,0.5,0.5,0.5,0.5,0.5,0.0,1.0,1.0,0.5,0.5,1.0,0.0,0.0,1.0,1.0,1.0,1.0,1.0,0.5,0.5,0.5,0.5,0.5,0.5,0.06874,0.83333,0.06667,0.0,0.0,0.66667,0.0,0.08889,0.0,0.5,0.5,0.97143,0.91429,1.0,1.0,0.5,1.0,0.55829,0.79756,0.07143,1.0,1.0,1.0,1.0,1.0,0.92857,0.5,0.8,1.0,1.0,0.5,0.5,0.5,1.0,1.0,0.5,0.5,0.5,0.5,0.5,1.0,1.0,1.0,0.5,0.5,0.2,0.13333,1.0,1.0,1.0,1.0,0.0,0.5,0.5,0.5,0.5,0.5,0.5,0.5,0.06874,0.83333,0.06667,0.0,0.0,0.66667,0.0,0.08889,0.0,0.5,0.5,0.97143,0.91429,1.0,1.0,0.5,1.0,0.57752,1.0,0.07143,1.0,1.0,1.0,1.0,1.0,0.92857,0.5,0.8,1.0,1.0,0.5,0.5,0.5,1.0,1.0,0.5,0.5,0.5,0.5,0.5,1.0,1.0,1.0,0.5,0.5,0.4,0.13333,1.0,1.0,1.0,1.0,0.0,0.5,0.5,0.5,0.5,0.5,0.5,0.5,0.06874,0.83333,0.06667,0.0,0.0,0.66667,0.0,0.08889,0.0,0.5,0.5,0.97143,0.91429,1.0,1.0,0.5,1.0,0.54375,0.70617,0.07143,1.0,1.0,1.0,1.0,1.0,0.92857,0.5,0.63333,1.0,1.0,0.5,0.5,0.5,1.0,1.0,0.5,0.5,0.5,0.5,0.5,1.0,1.0,1.0,0.5,0.5,0.66667,0.13333,1.0,1.0,1.0,1.0,0.0,0.5,0.5,0.5,0.5,0.5,0.5,0.5,0.06874,0.83333,0.06667,0.0,0.0,0.66667,0.0,0.08889,0.0,0.5,0.5,0.97143,0.91429,1.0,1.0,0.5,1.0,0.61461,1.0,0.07143,1.0,1.0,1.0,1.0,1.0,0.92857,0.5,0.7,1.0,1.0,0.5,0.5,0.5,1.0,1.0,0.5,0.5,0.5,0.5,0.5,1.0,1.0,1.0,0.5,0.5,0.3,0.13333,1.0,1.0,1.0,1.0,0.0,0.5,0.5,0.5,0.5,0.5,0.5,0.5,0.06874,0.83333,0.06667,0.0,0.0,0.66667,0.0,0.08889,0.0,0.5,0.5,0.97143,0.91429,1.0,1.0,0.5,1.0,0.00912,0.01266,0.0,1.0,1.0,1.0,0.0,1.0,1.0,0.5,0.5,1.0,1.0,0.5,0.5,0.5,1.0,1.0,0.5,0.5,0.5,0.5,0.5,1.0,1.0,1.0,0.5,0.5,1.0,0.06667,1.0,1.0,1.0,1.0,1.0,0.5,0.5,0.5,0.5,0.5,0.5,0.5,0.06874,0.83333,0.06667,0.0,0.0,0.66667,0.0,0.08889,0.0,0.5,0.5,0.97143,0.91429,1.0,1.0,0.5,1.0,0.01191,0.0189,0.0,1.0,1.0,1.0,0.0,1.0,1.0,0.5,0.8,1.0,1.0,0.5,0.5,0.5,1.0,1.0,0.5,0.5,0.5,0.5,0.5,1.0,1.0,1.0,0.5,0.5,1.0,0.06667,1.0,1.0,1.0,1.0,1.0,0.5,0.5,0.5,0.5,0.5,0.5,0.5,0.06874,0.83333,0.06667,0.0,0.0,0.66667,0.0,0.08889,0.0,0.5,0.5,0.97143,0.91429,1.0,1.0,0.5,1.0,0.55829,0.79756,0.07143,1.0,1.0,1.0,1.0,1.0,0.92857,0.5,0.0,1.0,1.0,0.5,0.5,0.5,1.0,1.0,0.5,0.5,0.5,0.5,0.5,1.0,1.0,1.0,0.5,0.5,1.0,0.06667,0.0,1.0,1.0,1.0,0.0,0.5
1.0,0.5,1.0,0.5,0.73333,0.5,0.07663,0.73333,0.2,0.0,0.0,0.66667,1.0,0.26667,0.02222,0.69939,0.0,1.0,1.0,0.88571,1.0,1.0,0.0,0.0001,1.0,0.0,1.0,0.90473,0.57143,0.0,0.96906,1.0,1.0,1.0,1.0,1.0,0.5,0.5,0.5,1.0,1.0,1.0,1.0,0.5,0.36314,0.0825,0.0,1.0,1.0,1.0,1.0,1.0,0.0,0.0,1.0,0.0,1.0,0.0,1.0,0.5,0.5,0.5,0.5,0.5,0.5,0.07663,0.73333,0.2,0.0,0.0,0.66667,0.0,0.26667,0.02222,0.79767,0.0,1.0,1.0,0.88571,1.0,0.5,1.0,0.9032,1.0,0.07143,1.0,0.90473,0.625,0.0,0.97326,0.92857,0.5,0.8,1.0,1.0,0.5,0.5,0.5,1.0,1.0,0.5,0.5,0.5,0.0,0.0,1.0,1.0,1.0,1.0,1.0,0.2,0.53333,0.875,1.0,0.71429,1.0,0.0,0.5,0.0,1.0,0.0,1.0,0.4,0.73333,0.07663,0.73333,0.2,0.0,0.0,0.66667,0.0,0.26667,0.02222,0.87979,0.0,1.0,1.0,0.88571,1.0,0.86667,0.0,0.9255,1.0,0.0,1.0,0.90473,0.57143,0.0,0.96906,1.0,0.42857,0.8,1.0,1.0,0.5,0.5,0.5,1.0,1.0,0.6545,0.46745,1.0,0.0,0.0,1.0,1.0,1.0,1.0,1.0,0.4,0.26667,0.42857,1.0,1.0,1.0,0.0,1.0,0.5,0.5,0.5,0.5,0.5,0.5,0.07663,0.73333,0.2,0.0,0.0,0.66667,0.0,0.26667,0.02222,0.71282,0.0,1.0,1.0,0.88571,1.0,0.5,1.0,0.83644,1.0,0.07143,1.0,0.90473,0.625,0.0,0.97326,0.92857,0.5,0.63333,1.0,1.0,0.5,0.5,0.5,1.0,1.0,0.5,0.5,0.5,0.0,0.0,1.0,1.0,1.0,1.0,1.0,0.6,0.26667,0.375,1.0,1.0,1.0,0.0,0.5,0.5,0.5,0.5,0.5,0.5,0.5,0.07663,0.73333,0.2,0.0,0.0,0.66667,0.0,0.26667,0.02222,0.79767,0.0,1.0,1.0,0.88571,1.0,0.5,1.0,0.90259,1.0,0.21429,1.0,0.96854,0.5,0.0,0.93769,0.78571,0.5,0.7,1.0,1.0,0.5,0.5,0.5,1.0,1.0,0.5,0.5,0.5,0.0,0.0,1.0,1.0,1.0,1.0,1.0,0.3,0.2,0.5,1.0,1.0,1.0,0.0,0.5,0.5,0.5,0.5,0.5,0.5,0.5,0.07663,0.73333,0.2,0.0,0.0,0.66667,0.0,0.26667,0.02222,0.90944,0.0,1.0,0.92381,0.88571,1.0,0.5,1.0,0.89032,1.0,0.07143,1.0,0.90473,0.625,0.0,0.86795,0.92857,0.5,0.5,1.0,1.0,0.5,0.5,0.5,1.0,1.0,0.5,0.5,0.5,0.0,0.0,1.0,1.0,1.0,1.0,1.0,0.5,0.33333,0.5,1.0,1.0,1.0,0.0,0.5,0.5,0.5,0.5,0.5,0.5,0.5,0.07663,0.73333,0.2,0.0,0.0,0.66667,0.0,0.26667,0.02222,0.92189,0.0,1.0,0.98095,1.0,0.88571,0.5,1.0,0.57815,0.91769,0.07143,1.0,1.0,1.0,0.0,1.0,0.5,0.5,0.8,1.0,1.0,0.5,0.5,0.5,1.0,1.0,0.5,0.5,0.5,0.0,0.0,1.0,1.0,1.0,1.0,1.0,0.26667,0.2,1.0,1.0,1.0,1.0,0.0,0.5,0.5,0.5,0.5,0.5,0.5,0.5,0.07663,0.73333,0.2,0.0,0.0,0.66667,0.0,0.26667,0.02222,0.79767,0.0,1.0,1.0,0.88571,1.0,0.5,1.0,0.9032,1.0,0.07143,1.0,0.90473,0.625,0.0,0.97326,0.92857,0.5,0.0,1.0,1.0,0.5,0.5,0.5,1.0,1.0,0.5,0.5,0.5,0.0,0.0,1.0,1.0,1.0,1.0,1.0,1.0,0.06667,0.0,1.0,0.0,1.0,0.0,0.5
0.0,0.5,0.0,0.5,0.4,0.5,0.11943,0.4,0.16667,0.0,0.5,0.0,1.0,0.64,0.08,0.48993,0.0,0.9,1.0,0.9,1.0,0.9,0.0,0.0001,1.0,0.0,0.90777,0.66016,0.5,0.0,0.89591,1.0,1.0,1.0,1.0,1.0,0.5,0.5,0.5,1.0,1.0,0.5,0.5,0.5,0.28068,0.0,0.0,1.0,1.0,0.5,0.5,1.0,0.0,0.0,1.0,1.0,1.0,1.0,1.0,0.5,0.5,0.5,0.5,0.5,0.5,0.11943,0.4,0.16667,0.0,0.5,0.0,0.0,0.64,0.08,0.73183,0.0,0.9,1.0,0.9,1.0,0.5,0.0,0.95777,1.0,0.25,0.7214,0.44643,0.33333,0.0,0.89371,0.75,0.5,0.8,1.0,1.0,0.5,0.5,0.5,1.0,1.0,0.5,0.5,0.5,0.0,0.0,1.0,1.0,1.0,0.5,0.5,0.2,0.8,1.0,0.33333,0.66667,1.0,0.66667,0.5,1.0,1.0,1.0,1.0,0.4,0.4,0.11943,0.4,0.16667,0.0,0.5,0.0,0.0,0.64,0.08,0.96099,0.0,0.9,1.0,0.9,1.0,0.6,1.0,0.51495,0.93628,0.0,0.90777,0.66016,0.5,0.0,0.89591,1.0,0.75,0.7,1.0,1.0,0.5,0.5,0.5,1.0,1.0,0.5,0.5,0.5,0.0,0.0,1.0,1.0,1.0,0.5,0.5,0.3,0.6,1.0,0.0,1.0,1.0,1.0,1.0,0.5,0.5,0.5,0.5,0.5,0.5,0.11943,0.4,0.16667,0.0,0.5,0.0,0.0,0.64,0.08,0.52113,0.0,0.9,1.0,0.9,1.0,0.5,0.0,0.89412,1.0,0.25,0.7214,0.44643,0.33333,0.0,0.89371,0.75,0.5,0.6,1.0,1.0,0.5,0.5,0.5,1.0,1.0,0.5,0.5,0.5,0.0,0.0,1.0,1.0,1.0,0.5,0.5,0.5,0.6,0.66667,0.0,1.0,1.0,0.66667,0.5,0.5,0.5,0.5,0.5,0.5,0.5,0.11943,0.4,0.16667,0.0,0.5,0.0,0.0,0.64,0.08,0.73183,0.0,0.9,1.0,0.9,1.0,0.5,1.0,0.97358,1.0,0.0,0.90777,0.66016,0.5,0.0,0.89591,1.0,0.5,0.7,1.0,1.0,0.5,0.5,0.5,1.0,1.0,0.5,0.5,0.5,0.0,0.0,1.0,1.0,1.0,0.5,0.5,0.3,0.6,1.0,0.0,1.0,1.0,1.0,0.5,0.5,0.5,0.5,0.5,0.5,0.5,0.11943,0.4,0.16667,0.0,0.5,0.0,0.0,0.64,0.08,0.98333,0.0,0.9,1.0,0.9,1.0,0.5,0.0,0.30049,0.41734,0.0,0.90777,0.66016,0.5,0.0,0.89591,1.0,0.5,0.5,1.0,1.0,0.5,0.5,0.5,1.0,1.0,0.5,0.5,0.5,0.0,0.0,1.0,1.0,1.0,0.5,0.5,0.5,0.6,1.0,0.0,1.0,1.0,1.0,0.5,0.5,0.5,0.5,0.5,0.5,0.5,0.11943,0.4,0.16667,0.0,0.5,0.0,0.0,0.64,0.08,0.0,0.92193,1.0,0.9,1.0,0.9,0.5,0.0,0.11514,0.18277,0.25,1.0,1.0,1.0,0.0,1.0,0.75,0.5,0.4,1.0,1.0,0.5,0.5,0.5,1.0,1.0,0.5,0.5,0.5,0.0,0.0,1.0,1.0,1.0,0.5,0.5,0.6,0.4,1.0,0.0,1.0,1.0,1.0,0.5,1.0,0.0,1.0,1.0,0.4,0.4,0.11943,0.4,0.16667,0.0,0.5,0.0,0.0,0.64,0.08,0.73183,0.0,0.9,1.0,0.9,1.0,0.9,0.0,0.95777,1.0,0.25,0.7214,0.44643,0.33333,0.0,0.89371,0.75,0.75,0.0,1.0,1.0,0.5,0.5,0.5,1.0,1.0,0.5,0.5,0.5,0.0,0.0,1.0,1.0,1.0,0.5,0.5,1.0,0.2,0.0,1.0,1.0,1.0,0.66667,1.0
1.0,0.5,1.0,0.5,0.6,0.5,0.24295,0.6,0.06667,0.0,0.5,0.0,1.0,0.36,0.0,0.5,0.5,0.8,0.8,1.0,1.0,0.8,1.0,0.0001,1.0,0.0,0.99691,0.99383,0.0,0.0,1.0,1.0,0.75,0.6,1.0,1.0,0.5,0.5,0.5,1.0,1.0,0.5,0.5,0.5,0.5,0.5,1.0,1.0,1.0,0.5,0.5,0.4,0.4,1.0,1.0,1.0,1.0,0.0,1.0,0.5,0.5,0.5,0.5,0.5,0.5,0.24295,0.6,0.06667,0.0,0.5,0.0,0.0,0.36,0.0,0.5,0.5,0.8,0.8,1.0,1.0,0.5,1.0,0.82335,1.0,0.25,1.0,0.99383,0.5,1.0,1.0,0.75,0.5,0.8,1.0,1.0,0.5,0.5,0.5,1.0,1.0,0.5,0.5,0.5,0.5,0.5,1.0,1.0,1.0,0.5,0.5,0.2,0.6,1.0,1.0,1.0,1.0,0.0,0.5,0.5,0.5,0.5,0.5,0.5,0.5,0.24295,0.6,0.06667,0.0,0.5,0.0,0.0,0.36,0.0,0.5,0.5,0.8,0.8,1.0,1.0,0.5,1.0,0.99278,1.0,0.25,1.0,0.99383,0.5,1.0,1.0,0.75,0.5,0.8,1.0,1.0,0.5,0.5,0.5,1.0,1.0,0.5,0.5,0.5,0.5,0.5,1.0,1.0,1.0,0.5,0.5,0.4,0.4,0.5,1.0,1.0,1.0,0.0,0.5,0.5,0.5,0.5,0.5,0.5,0.5,0.24295,0.6,0.06667,0.0,0.5,0.0,0.0,0.36,0.0,0.5,0.5,0.8,0.8,1.0,1.0,0.5,1.0,0.85573,1.0,0.25,1.0,0.99383,0.5,1.0,1.0,0.75,0.5,0.6,1.0,1.0,0.5,0.5,0.5,1.0,1.0,0.5,0.5,0.5,0.5,0.5,1.0,1.0,1.0,0.5,0.5,0.6,0.4,0.5,1.0,1.0,1.0,0.0,0.5,0.5,0.5,0.5,0.5,0.5,0.5,0.24295,0.6,0.06667,0.0,0.5,0.0,0.0,0.36,0.0,0.5,0.5,0.8,0.8,1.0,1.0,0.5,1.0,0.61068,1.0,0.0,0.99691,0.99383,0.0,0.0,1.0,1.0,0.5,0.7,1.0,1.0,0.5,0.5,0.5,1.0,1.0,0.5,0.5,0.5,0.5,0.5,1.0,1.0,1.0,0.5,0.5,0.3,0.4,1.0,1.0,1.0,1.0,0.0,0.5,0.5,0.5,0.5,0.5,0.5,0.5,0.24295,0.6,0.06667,0.0,0.5,0.0,0.0,0.36,0.0,0.5,0.5,0.8,0.8,1.0,1.0,0.5,1.0,0.45828,0.6365,0.0,0.99691,0.99383,0.0,0.0,1.0,1.0,0.5,0.5,1.0,1.0,0.5,0.5,0.5,1.0,1.0,0.5,0.5,0.5,0.5,0.5,1.0,1.0,1.0,0.5,0.5,0.5,0.4,1.0,1.0,1.0,1.0,0.0,0.5,0.5,0.5,0.5,0.5,0.5,0.5,0.24295,0.6,0.06667,0.0,0.5,0.0,0.0,0.36,0.0,0.5,0.5,0.8,0.8,1.0,1.0,0.5,1.0,0.59857,0.95011,0.0,0.99691,0.99383,0.0,0.0,1.0,1.0,0.5,0.8,1.0,1.0,0.5,0.5,0.5,1.0,1.0,0.5,0.5,0.5,0.5,0.5,1.0,1.0,1.0,0.5,0.5,0.4,0.4,1.0,1.0,1.0,1.0,0.0,0.5,0.5,0.5,0.5,0.5,0.5,0.5,0.24295,0.6,0.06667,0.0,0.5,0.0,0.0,0.36,0.0,0.5,0.5,0.8,0.8,1.0,1.0,0.5,1.0,0.82335,1.0,0.25,1.0,0.99383,0.5,1.0,1.0,0.75,0.5,0.0,1.0,1.0,0.5,0.5,0.5,1.0,1.0,0.5,0.5,0.5,0.5,0.5,1.0,1.0,1.0,0.5,0.5,1.0,0.2,0.0,1.0,1.0,1.0,0.0,0.5
0.0,0.5,0.0,0.5,0.2,0.5,0.05883,0.2,0.36667,0.0,0.5,0.0,1.0,0.44,0.04,0.92458,0.0,1.0,1.0,1.0,1.0,1.0,0.0,0.0001,1.0,0.0,0.53248,0.36156,0.0,0.0,0.96572,1.0,1.0,0.9,1.0,1.0,0.5,0.5,0.5,1.0,1.0,0.5,0.5,0.5,0.0,0.0,1.0,1.0,1.0,0.5,0.5,0.1,0.6,1.0,0.0,0.5,1.0,1.0,1.0,0.0,1.0,0.0,0.0,0.2,0.2,0.05883,0.2,0.36667,0.0,0.5,0.0,0.0,0.44,0.04,0.93037,0.0,1.0,1.0,1.0,1.0,0.5,0.0,0.99776,1.0,0.25,0.33719,0.16055,0.0,0.0,0.95416,0.75,0.75,0.8,1.0,1.0,0.5,0.5,0.5,1.0,1.0,0.5,0.5,0.5,0.0,0.0,1.0,1.0,1.0,0.5,0.5,0.2,0.8,1.0,0.33333,0.66667,1.0,0.66667,1.0,1.0,1.0,1.0,1.0,0.2,0.2,0.05883,0.2,0.36667,0.0,0.5,0.0,0.0,0.44,0.04,0.93536,0.0,1.0,1.0,1.0,1.0,0.9,1.0,0.78456,1.0,0.25,0.33719,0.16055,0.0,0.0,0.95416,0.75,1.0,0.8,1.0,1.0,0.5,0.5,0.5,1.0,1.0,0.5,0.5,0.5,0.0,0.0,1.0,1.0,1.0,0.5,0.5,0.2,0.8,1.0,0.33333,0.66667,1.0,0.66667,1.0,0.5,0.5,0.5,0.5,0.5,0.5,0.05883,0.2,0.36667,0.0,0.5,0.0,0.0,0.44,0.04,0.92536,0.0,1.0,1.0,1.0,1.0,0.5,0.0,0.93301,1.0,0.25,0.33719,0.16055,0.0,0.0,0.95416,0.75,0.5,0.6,1.0,1.0,0.5,0.5,0.5,1.0,1.0,0.5,0.5,0.5,0.0,0.0,1.0,1.0,1.0,0.5,0.5,0.4,0.8,1.0,0.33333,0.66667,1.0,0.66667,0.5,0.0,0.0,0.0,0.0,0.2,0.2,0.05883,0.2,0.36667,0.0,0.5,0.0,0.0,0.44,0.04,0.93037,0.0,1.0,1.0,1.0,1.0,0.9,0.0,0.6866,1.0,0.0,0.53248,0.36156,0.0,0.0,0.96572,1.0,1.0,0.7,1.0,1.0,0.5,0.5,0.5,1.0,1.0,0.5,0.5,0.5,0.0,0.0,1.0,1.0,1.0,0.5,0.5,0.3,0.6,1.0,0.0,0.5,1.0,1.0,1.0,0.5,0.5,0.5,0.5,0.5,0.5,0.05883,0.2,0.36667,0.0,0.5,0.0,0.0,0.44,0.04,0.93583,0.0,1.0,1.0,1.0,1.0,0.5,0.0,0.97756,1.0,0.25,0.33719,0.16055,0.0,0.0,0.95416,0.75,0.5,0.5,1.0,1.0,0.5,0.5,0.5,1.0,1.0,0.5,0.5,0.5,0.0,0.0,1.0,1.0,1.0,0.5,0.5,0.5,0.8,1.0,0.33333,0.66667,1.0,0.66667,0.5,0.0,0.0,0.0,0.0,0.2,0.2,0.05883,0.2,0.36667,0.0,0.5,0.0,0.0,0.44,0.04,0.93788,0.0,1.0,1.0,1.0,1.0,0.9,0.0,0.27678,0.43934,0.0,0.53248,0.36156,0.0,0.0,0.96572,1.0,1.0,0.6,1.0,1.0,0.5,0.5,0.5,1.0,1.0,0.5,0.5,0.5,0.0,0.0,1.0,1.0,1.0,0.5,0.5,0.4,0.6,1.0,0.0,0.5,1.0,1.0,1.0,0.0,0.0,0.0,0.0,0.2,0.2,0.05883,0.2,0.36667,0.0,0.5,0.0,0.0,0.44,0.04,0.93037,0.0,1.0,1.0,1.0,1.0,0.9,0.0,0.99776,1.0,0.25,0.33719,0.16055,0.0,0.0,0.95416,0.75,0.5,0.0,1.0,1.0,0.5,0.56413,0.5,1.0,1.0,0.5,0.5,0.5,0.0,0.0,1.0,1.0,1.0,0.5,0.5,1.0,0.2,0.0,1.0,1.0,1.0,0.66667,1.0
0.0,0.0,0.0,0.0,0.6,0.4,0.12171,0.4,0.5,0.0,0.5,0.0,0.0,0.16,0.04,0.99936,0.0,1.0,1.0,1.0,1.0,1.0,0.0,0.0001,1.0,0.0,1.0,1.0,1.0,0.0,1.0,1.0,1.0,1.0,1.0,1.0,0.5,0.5,0.5,1.0,1.0,0.5,0.5,0.5,0.0,0.0,1.0,1.0,1.0,1.0,0.40339,1.0,0.0,0.0,1.0,0.0,1.0,1.0,1.0,0.5,0.5,0.5,0.5,0.5,0.5,0.12171,0.4,0.5,0.0,0.5,0.0,0.0,0.16,0.04,0.99109,0.0,1.0,1.0,1.0,1.0,0.5,1.0,0.87053,1.0,0.25,0.44616,0.28714,0.0,0.0,0.5,0.75,0.5,0.8,1.0,1.0,0.5,0.5,0.5,1.0,1.0,0.5,0.5,0.5,0.0,0.0,1.0,1.0,1.0,1.0,0.40339,1.0,0.2,0.0,1.0,0.0,1.0,0.0,0.5,0.0,0.0,0.0,0.0,0.4,0.4,0.12171,0.4,0.5,0.0,0.5,0.0,0.0,0.16,0.04,0.98489,0.0,1.0,1.0,1.0,1.0,1.0,0.0,0.73612,1.0,0.25,0.77939,0.63852,0.0,0.0,0.5,0.75,0.5,0.8,1.0,1.0,0.5,0.5,0.5,1.0,1.0,1.0,0.40339,0.87072,0.0,0.0,1.0,1.0,1.0,1.0,0.40339,1.0,0.2,0.0,1.0,0.0,1.0,0.0,1.0,0.5,0.5,0.5,0.5,0.5,0.5,0.12171,0.4,0.5,0.0,0.5,0.0,0.0,0.16,0.04,0.99817,0.0,1.0,1.0,1.0,1.0,0.5,0.0,0.02498,0.03245,0.0,1.0,1.0,1.0,0.0,1.0,1.0,0.5,0.6,1.0,1.0,0.5,0.5,0.5,1.0,1.0,0.5,0.5,0.5,0.0,0.0,1.0,1.0,1.0,1.0,0.40339,1.0,0.2,1.0,1.0,0.0,1.0,1.0,0.5,0.0,0.0,0.0,0.0,0.4,0.4,0.12171,0.4,0.5,0.0,0.5,0.0,0.0,0.16,0.04,0.99109,0.0,1.0,1.0,1.0,1.0,1.0,0.0,0.97458,1.0,0.25,0.63324,0.46331,0.0,0.0,0.5,0.75,1.0,0.7,1.0,1.0,0.5,0.5,0.5,1.0,1.0,0.5,0.5,0.5,0.0,0.0,1.0,1.0,1.0,1.0,0.40339,1.0,0.2,0.0,1.0,0.0,1.0,0.0,1.0,0.5,0.5,0.5,0.5,0.5,0.5,0.12171,0.4,0.5,0.0,0.5,0.0,0.0,0.16,0.04,0.98436,0.0,1.0,1.0,1.0,1.0,0.5,0.0,0.02858,0.03969,0.0,1.0,1.0,1.0,0.0,1.0,1.0,0.5,0.5,1.0,1.0,0.5,0.5,0.5,1.0,1.0,0.5,0.5,0.5,0.0,0.0,1.0,1.0,1.0,1.0,0.40339,1.0,0.2,1.0,1.0,0.0,1.0,1.0,0.5,0.0,0.5,0.0,0.5,0.4,0.5,0.12171,0.4,0.5,0.0,0.5,0.0,1.0,0.16,0.04,0.98204,0.0,1.0,1.0,1.0,1.0,1.0,0.0,0.03732,0.05924,0.0,1.0,1.0,1.0,0.0,1.0,1.0,1.0,0.8,1.0,1.0,0.5,0.5,0.5,1.0,1.0,0.5,0.5,0.5,0.0,0.0,1.0,1.0,1.0,1.0,0.40339,1.0,0.2,1.0,1.0,0.0,1.0,1.0,0.25,0.0,0.0,0.0,0.0,0.4,0.4,0.12171,0.4,0.5,0.0,0.5,0.0,0.0,0.16,0.04,0.99109,0.0,1.0,1.0,1.0,1.0,1.0,1.0,0.87053,1.0,0.25,0.44616,0.28714,0.0,0.0,0.5,0.75,1.0,0.0,1.0,1.0,0.5,0.5,0.5,1.0,1.0,0.5,0.5,0.5,0.0,0.0,1.0,1.0,1.0,1.0,0.40339,1.0,0.2,0.0,1.0,0.0,1.0,0.0,1.0
0.0,0.0,0.0,0.0,0.6,0.4,0.12171,0.4,0.53333,0.0,0.5,0.0,0.0,0.16,0.04,0.9995,0.0,1.0,1.0,1.0,1.0,1.0,0.0,0.0001,1.0,0.0,1.0,1.0,1.0,0.0,1.0,1.0,1.0,1.0,1.0,1.0,0.5,0.5,0.5,1.0,1.0,0.5,0.5,0.5,0.0,0.0,1.0,1.0,1.0,1.0,0.40339,1.0,0.0,0.0,1.0,0.0,1.0,1.0,1.0,0.5,0.5,0.5,0.5,0.5,0.5,0.12171,0.4,0.53333,0.0,0.5,0.0,0.0,0.16,0.04,0.99302,0.0,1.0,1.0,1.0,1.0,0.5,1.0,0.87053,1.0,0.25,0.44614,0.28712,0.0,0.0,0.5,0.75,0.5,0.8,1.0,1.0,0.5,0.5,0.5,1.0,1.0,0.5,0.5,0.5,0.0,0.0,1.0,1.0,1.0,1.0,0.40339,1.0,0.2,0.0,1.0,0.0,1.0,0.0,0.5,0.0,0.0,0.0,0.0,0.4,0.4,0.12171,0.4,0.53333,0.0,0.5,0.0,0.0,0.16,0.04,0.98819,0.0,1.0,1.0,1.0,1.0,1.0,0.0,0.73611,1.0,0.25,0.77937,0.63849,0.0,0.0,0.5,0.75,0.5,0.8,1.0,1.0,0.5,0.5,0.5,1.0,1.0,1.0,0.40339,0.87072,0.0,0.0,1.0,1.0,1.0,1.0,0.40339,1.0,0.2,0.0,1.0,0.0,1.0,0.0,1.0,0.5,0.5,0.5,0.5,0.5,0.5,0.12171,0.4,0.53333,0.0,0.5,0.0,0.0,0.16,0.04,0.99857,0.0,1.0,1.0,1.0,1.0,0.5,0.0,0.02498,0.03244,0.0,1.0,1.0,1.0,0.0,1.0,1.0,0.5,0.6,1.0,1.0,0.5,0.5,0.5,1.0,1.0,0.5,0.5,0.5,0.0,0.0,1.0,1.0,1.0,1.0,0.40339,1.0,0.2,1.0,1.0,0.0,1.0,1.0,0.5,0.0,0.0,0.0,0.0,0.4,0.4,0.12171,0.4,0.53333,0.0,0.5,0.0,0.0,0.16,0.04,0.99302,0.0,1.0,1.0,1.0,1.0,1.0,0.0,0.97456,1.0,0.25,0.63323,0.4633,0.0,0.0,0.5,0.75,1.0,0.7,1.0,1.0,0.5,0.5,0.5,1.0,1.0,0.5,0.5,0.5,0.0,0.0,1.0,1.0,1.0,1.0,0.40339,1.0,0.2,0.0,1.0,0.0,1.0,0.0,1.0,0.0,0.5,0.0,0.5,0.4,0.5,0.12171,0.4,0.53333,0.0,0.5,0.0,1.0,0.16,0.04,0.98777,0.0,1.0,1.0,1.0,1.0,1.0,0.0,0.02857,0.03968,0.0,1.0,1.0,1.0,0.0,1.0,1.0,1.0,0.5,1.0,1.0,0.5,0.5,0.5,1.0,1.0,0.5,0.5,0.5,0.0,0.0,1.0,1.0,1.0,1.0,0.40339,1.0,0.2,1.0,1.0,0.0,1.0,1.0,0.25,0.0,0.0,0.0,0.0,0.4,0.4,0.12171,0.4,0.53333,0.0,0.5,0.0,0.0,0.16,0.04,0.98597,0.0,1.0,1.0,1.0,1.0,1.0,0.0,0.03732,0.05924,0.0,1.0,1.0,1.0,0.0,1.0,1.0,1.0,0.8,1.0,1.0,0.5,0.5,0.5,1.0,1.0,0.5,0.5,0.5,0.0,0.0,1.0,1.0,1.0,1.0,0.40339,1.0,0.2,1.0,1.0,0.0,1.0,1.0,0.25,0.0,0.0,0.0,0.0,0.4,0.4,0.12171,0.4,0.53333,0.0,0.5,0.0,0.0,0.16,0.04,0.99302,0.0,1.0,1.0,1.0,1.0,1.0,1.0,0.87053,1.0,0.25,0.44614,0.28712,0.0,0.0,0.5,0.75,1.0,0.0,1.0,1.0,0.5,0.5,0.5,1.0,1.0,0.5,0.5,0.5,0.0,0.0,1.0,1.0,1.0,1.0,0.40339,1.0,0.2,0.0,1.0,0.0,1.0,0.0,1.0
0.0,0.0,0.0,0.0,0.6,0.4,0.1217,0.4,0.56667,0.0,0.5,0.0,0.0,0.16,0.04,0.9996,0.0,1.0,1.0,1.0,1.0,1.0,0.0,0.0001,1.0,0.0,1.0,1.0,1.0,0.0,1.0,1.0,1.0,1.0,1.0,1.0,0.5,0.5,0.5,1.0,1.0,0.5,0.5,0.5,0.0,0.0,1.0,1.0,1.0,1.0,0.40339,1.0,0.0,0.0,1.0,0.0,1.0,1.0,1.0,0.5,0.5,0.5,0.5,0.5,0.5,0.1217,0.4,0.56667,0.0,0.5,0.0,0.0,0.16,0.04,0.99449,0.0,1.0,1.0,1.0,1.0,0.5,1.0,0.87054,1.0,0.25,0.44613,0.28711,0.0,0.0,0.5,0.75,0.5,0.8,1.0,1.0,0.5,0.5,0.5,1.0,1.0,0.5,0.5,0.5,0.0,0.0,1.0,1.0,1.0,1.0,0.40339,1.0,0.2,0.0,1.0,0.0,1.0,0.0,0.5,0.0,0.0,0.0,0.0,0.4,0.4,0.1217,0.4,0.56667,0.0,0.5,0.0,0.0,0.16,0.04,0.99069,0.0,1.0,1.0,1.0,1.0,1.0,0.0,0.73611,1.0,0.25,0.77936,0.63849,0.0,0.0,0.5,0.75,0.5,0.8,1.0,1.0,0.5,0.5,0.5,1.0,1.0,1.0,0.40339,0.87072,0.0,0.0,1.0,1.0,1.0,1.0,0.40339,1.0,0.2,0.0,1.0,0.0,1.0,0.0,1.0,0.5,0.5,0.5,0.5,0.5,0.5,0.1217,0.4,0.56667,0.0,0.5,0.0,0.0,0.16,0.04,0.99887,0.0,1.0,1.0,1.0,1.0,0.5,0.0,0.02498,0.03244,0.0,1.0,1.0,1.0,0.0,1.0,1.0,0.5,0.6,1.0,1.0,0.5,0.5,0.5,1.0,1.0,0.5,0.5,0.5,0.0,0.0,1.0,1.0,1.0,1.0,0.40339,1.0,0.2,1.0,1.0,0.0,1.0,1.0,0.5,0.0,0.0,0.0,0.0,0.4,0.4,0.1217,0.4,0.56667,0.0,0.5,0.0,0.0,0.16,0.04,0.99449,0.0,1.0,1.0,1.0,1.0,1.0,0.0,0.97455,1.0,0.25,0.63322,0.4633,0.0,0.0,0.5,0.75,1.0,0.7,1.0,1.0,0.5,0.5,0.5,1.0,1.0,0.5,0.5,0.5,0.0,0.0,1.0,1.0,1.0,1.0,0.40339,1.0,0.2,0.0,1.0,0.0,1.0,0.0,1.0,0.0,0.5,0.0,0.5,0.4,0.5,0.1217,0.4,0.56667,0.0,0.5,0.0,1.0,0.16,0.04,0.99036,0.0,1.0,1.0,1.0,1.0,1.0,0.0,0.02857,0.03968,0.0,1.0,1.0,1.0,0.0,1.0,1.0,1.0,0.5,1.0,1.0,0.5,0.5,0.5,1.0,1.0,0.5,0.5,0.5,0.0,0.0,1.0,1.0,1.0,1.0,0.40339,1.0,0.2,1.0,1.0,0.0,1.0,1.0,0.25,0.0,0.0,0.0,0.0,0.4,0.4,0.1217,0.4,0.56667,0.0,0.5,0.0,0.0,0.16,0.04,0.98894,0.0,1.0,1.0,1.0,1.0,1.0,0.0,0.03732,0.05924,0.0,1.0,1.0,1.0,0.0,1.0,1.0,1.0,0.8,1.0,1.0,0.5,0.5,0.5,1.0,1.0,0.5,0.5,0.5,0.0,0.0,1.0,1.0,1.0,1.0,0.40339,1.0,0.2,1.0,1.0,0.0,1.0,1.0,0.25,0.0,0.0,0.0,0.0,0.4,0.4,0.1217,0.4,0.56667,0.0,0.5,0.0,0.0,0.16,0.04,0.99449,0.0,1.0,1.0,1.0,1.0,1.0,1.0,0.87054,1.0,0.25,0.44613,0.28711,0.0,0.0,0.5,0.75,1.0,0.0,1.0,1.0,0.5,0.5,0.5,1.0,1.0,0.5,0.5,0.5,0.0,0.0,1.0,1.0,1.0,1.0,0.40339,1.0,0.2,0.0,1.0,0.0,1.0,0.0,1.0
0.0,0.0,0.0,0.0,0.6,0.4,0.1217,0.4,0.6,0.0,0.5,0.0,0.0,0.16,0.04,0.99969,0.0,1.0,1.0,1.0,1.0,1.0,0.0,0.0001,1.0,0.0,1.0,1.0,1.0,0.0,1.0,1.0,1.0,1.0,1.0,1.0,0.5,0.5,0.5,1.0,1.0,0.5,0.5,0.5,0.0,0.0,1.0,1.0,1.0,1.0,0.40339,1.0,0.0,0.0,1.0,0.0,1.0,1.0,1.0,0.5,0.5,0.5,0.5,0.5,0.5,0.1217,0.4,0.6,0.0,0.5,0.0,0.0,0.16,0.04,0.99563,0.0,1.0,1.0,1.0,1.0,0.5,1.0,0.87054,1.0,0.25,0.44613,0.28711,0.0,0.0,0.5,0.75,0.5,0.8,1.0,1.0,0.5,0.5,0.5,1.0,1.0,0.5,0.5,0.5,0.0,0.0,1.0,1.0,1.0,1.0,0.40339,1.0,0.2,0.0,1.0,0.0,1.0,0.0,0.5,0.0,0.0,0.0,0.0,0.4,0.4,0.1217,0.4,0.6,0.0,0.5,0.0,0.0,0.16,0.04,0.99262,0.0,1.0,1.0,1.0,1.0,1.0,0.0,0.73611,1.0,0.25,0.77936,0.63848,0.0,0.0,0.5,0.75,0.5,0.8,1.0,1.0,0.5,0.5,0.5,1.0,1.0,1.0,0.40339,0.87072,0.0,0.0,1.0,1.0,1.0,1.0,0.40339,1.0,0.2,0.0,1.0,0.0,1.0,0.0,1.0,0.5,0.5,0.5,0.5,0.5,0.5,0.1217,0.4,0.6,0.0,0.5,0.0,0.0,0.16,0.04,0.9991,0.0,1.0,1.0,1.0,1.0,0.5,0.0,0.02498,0.03244,0.0,1.0,1.0,1.0,0.0,1.0,1.0,0.5,0.6,1.0,1.0,0.5,0.5,0.5,1.0,1.0,0.5,0.5,0.5,0.0,0.0,1.0,1.0,1.0,1.0,0.40339,1.0,0.2,1.0,1.0,0.0,1.0,1.0,0.5,0.0,0.0,0.0,0.0,0.4,0.4,0.1217,0.4,0.6,0.0,0.5,0.0,0.0,0.16,0.04,0.99563,0.0,1.0,1.0,1.0,1.0,1.0,0.0,0.97455,1.0,0.25,0.63322,0.4633,0.0,0.0,0.5,0.75,1.0,0.7,1.0,1.0,0.5,0.5,0.5,1.0,1.0,0.5,0.5,0.5,0.0,0.0,1.0,1.0,1.0,1.0,0.40339,1.0,0.2,0.0,1.0,0.0,1.0,0.0,1.0,0.0,0.5,0.0,0.5,0.4,0.5,0.1217,0.4,0.6,0.0,0.5,0.0,1.0,0.16,0.04,0.99236,0.0,1.0,1.0,1.0,1.0,1.0,0.0,0.02857,0.03968,0.0,1.0,1.0,1.0,0.0,1.0,1.0,1.0,0.5,1.0,1.0,0.5,0.5,0.5,1.0,1.0,0.5,0.5,0.5,0.0,0.0,1.0,1.0,1.0,1.0,0.40339,1.0,0.2,1.0,1.0,0.0,1.0,1.0,0.25,0.0,0.0,0.0,0.0,0.4,0.4,0.1217,0.4,0.6,0.0,0.5,0.0,0.0,0.16,0.04,0.99124,0.0,1.0,1.0,1.0,1.0,1.0,0.0,0.03732,0.05923,0.0,1.0,1.0,1.0,0.0,1.0,1.0,1.0,0.8,1.0,1.0,0.5,0.5,0.5,1.0,1.0,0.5,0.5,0.5,0.0,0.0,1.0,1.0,1.0,1.0,0.40339,1.0,0.2,1.0,1.0,0.0,1.0,1.0,0.25,0.0,0.0,0.0,0.0,0.4,0.4,0.1217,0.4,0.6,0.0,0.5,0.0,0.0,0.16,0.04,0.99563,0.0,1.0,1.0,1.0,1.0,1.0,1.0,0.87054,1.0,0.25,0.44613,0.28711,0.0,0.0,0.5,0.75,1.0,0.0,1.0,1.0,0.5,0.5,0.5,1.0,1.0,0.5,0.5,0.5,0.0,0.0,1.0,1.0,1.0,1.0,0.40339,1.0,0.2,0.0,1.0,0.0,1.0,0.0,1.0
0.0,0.0,0.0,0.0,0.6,0.4,0.1217,0.4,0.63333,0.0,0.5,0.0,0.0,0.16,0.04,0.99975,0.0,1.0,1.0,1.0,1.0,1.0,0.0,0.0001,1.0,0.0,1.0,1.0,1.0,0.0,1.0,1.0,1.0,1.0,1.0,1.0,0.5,0.5,0.5,1.0,1.0,0.5,0.5,0.5,0.0,0.0,1.0,1.0,1.0,1.0,0.40339,1.0,0.0,0.0,1.0,0.0,1.0,1.0,1.0,0.5,0.5,0.5,0.5,0.5,0.5,0.1217,0.4,0.63333,0.0,0.5,0.0,0.0,0.16,0.04,0.99652,0.0,1.0,1.0,1.0,1.0,0.5,1.0,0.87054,1.0,0.25,0.44612,0.2871,0.0,0.0,0.5,0.75,0.5,0.8,1.0,1.0,0.5,0.5,0.5,1.0,1.0,0.5,0.5,0.5,0.0,0.0,1.0,1.0,1.0,1.0,0.40339,1.0,0.2,0.0,1.0,0.0,1.0,0.0,0.5,0.0,0.0,0.0,0.0,0.4,0.4,0.1217,0.4,0.63333,0.0,0.5,0.0,0.0,0.16,0.04,0.99412,0.0,1.0,1.0,1.0,1.0,1.0,0.0,0.73611,1.0,0.25,0.77936,0.63848,0.0,0.0,0.5,0.75,0.5,0.8,1.0,1.0,0.5,0.5,0.5,1.0,1.0,1.0,0.40339,0.87072,0.0,0.0,1.0,1.0,1.0,1.0,0.40339,1.0,0.2,0.0,1.0,0.0,1.0,0.0,1.0,0.5,0.5,0.5,0.5,0.5,0.5,0.1217,0.4,0.63333,0.0,0.5,0.0,0.0,0.16,0.04,0.99928,0.0,1.0,1.0,1.0,1.0,0.5,0.0,0.02498,0.03244,0.0,1.0,1.0,1.0,0.0,1.0,1.0,0.5,0.6,1.0,1.0,0.5,0.5,0.5,1.0,1.0,0.5,0.5,0.5,0.0,0.0,1.0,1.0,1.0,1.0,0.40339,1.0,0.2,1.0,1.0,0.0,1.0,1.0,0.5,0.0,0.0,0.0,0.0,0.4,0.4,0.1217,0.4,0.63333,0.0,0.5,0.0,0.0,0.16,0.04,0.99652,0.0,1.0,1.0,1.0,1.0,1.0,0.0,0.97455,1.0,0.25,0.63322,0.4633,0.0,0.0,0.5,0.75,1.0,0.7,1.0,1.0,0.5,0.5,0.5,1.0,1.0,0.5,0.5,0.5,0.0,0.0,1.0,1.0,1.0,1.0,0.40339,1.0,0.2,0.0,1.0,0.0,1.0,0.0,1.0,0.0,0.5,0.0,0.5,0.4,0.5,0.1217,0.4,0.63333,0.0,0.5,0.0,1.0,0.16,0.04,0.99392,0.0,1.0,1.0,1.0,1.0,1.0,0.0,0.02857,0.03968,0.0,1.0,1.0,1.0,0.0,1.0,1.0,1.0,0.5,1.0,1.0,0.5,0.5,0.5,1.0,1.0,0.5,0.5,0.5,0.0,0.0,1.0,1.0,1.0,1.0,0.40339,1.0,0.2,1.0,1.0,0.0,1.0,1.0,0.25,0.0,0.0,0.0,0.0,0.4,0.4,0.1217,0.4,0.63333,0.0,0.5,0.0,0.0,0.16,0.04,0.99303,0.0,1.0,1.0,1.0,1.0,1.0,0.0,0.03732,0.05923,0.0,1.0,1.0,1.0,0.0,1.0,1.0,1.0,0.8,1.0,1.0,0.5,0.5,0.5,1.0,1.0,0.5,0.5,0.5,0.0,0.0,1.0,1.0,1.0,1.0,0.40339,1.0,0.2,1.0,1.0,0.0,1.0,1.0,0.25,0.0,0.0,0.0,0.0,0.4,0.4,0.1217,0.4,0.63333,0.0,0.5,0.0,0.0,0.16,0.04,0.99652,0.0,1.0,1.0,1.0,1.0,1.0,1.0,0.87054,1.0,0.25,0.44612,0.2871,0.0,0.0,0.5,0.75,1.0,0.0,1.0,1.0,0.5,0.5,0.5,1.0,1.0,0.5,0.5,0.5,0.0,0.0,1.0,1.0,1.0,1.0,0.40339,1.0,0.2,0.0,1.0,0.0,1.0,0.0,1.0
0.0,0.0,0.0,0.0,0.6,0.4,0.1217,0.4,0.66667,0.0,0.5,0.0,0.0,0.16,0.04,0.9998,0.0,1.0,1.0,1.0,1.0,1.0,0.0,0.0001,1.0,0.0,1.0,1.0,1.0,0.0,1.0,1.0,1.0,1.0,1.0,1.0,0.5,0.5,0.5,1.0,1.0,0.5,0.5,0.5,0.0,0.0,1.0,1.0,1.0,1.0,0.40339,1.0,0.0,0.0,1.0,0.0,1.0,1.0,1.0,0.5,0.5,0.5,0.5,0.5,0.5,0.1217,0.4,0.66667,0.0,0.5,0.0,0.0,0.16,0.04,0.99722,0.0,1.0,1.0,1.0,1.0,0.5,1.0,0.87054,1.0,0.25,0.44612,0.2871,0.0,0.0,0.5,0.75,0.5,0.8,1.0,1.0,0.5,0.5,0.5,1.0,1.0,0.5,0.5,0.5,0.0,0.0,1.0,1.0,1.0,1.0,0.40339,1.0,0.2,0.0,1.0,0.0,1.0,0.0,0.5,0.0,0.0,0.0,0.0,0.4,0.4,0.1217,0.4,0.66667,0.0,0.5,0.0,0.0,0.16,0.04,0.99531,0.0,1.0,1.0,1.0,1.0,1.0,0.0,0.73611,1.0,0.25,0.77936,0.63848,0.0,0.0,0.5,0.75,0.5,0.8,1.0,1.0,0.5,0.5,0.5,1.0,1.0,1.0,0.40339,0.87072,0.0,0.0,1.0,1.0,1.0,1.0,0.40339,1.0,0.2,0.0,1.0,0.0,1.0,0.0,1.0,0.5,0.5,0.5,0.5,0.5,0.5,0.1217,0.4,0.66667,0.0,0.5,0.0,0.0,0.16,0.04,0.99943,0.0,1.0,1.0,1.0,1.0,0.5,0.0,0.02498,0.03244,0.0,1.0,1.0,1.0,0.0,1.0,1.0,0.5,0.6,1.0,1.0,0.5,0.5,0.5,1.0,1.0,0.5,0.5,0.5,0.0,0.0,1.0,1.0,1.0,1.0,0.40339,1.0,0.2,1.0,1.0,0.0,1.0,1.0,0.5,0.0,0.0,0.0,0.0,0.4,0.4,0.1217,0.4,0.66667,0.0,0.5,0.0,0.0,0.16,0.04,0.99722,0.0,1.0,1.0,1.0,1.0,1.0,0.0,0.97455,1.0,0.25,0.63322,0.46329,0.0,0.0,0.5,0.75,1.0,0.7,1.0,1.0,0.5,0.5,0.5,1.0,1.0,0.5,0.5,0.5,0.0,0.0,1.0,1.0,1.0,1.0,0.40339,1.0,0.2,0.0,1.0,0.0,1.0,0.0,1.0,0.0,0.5,0.0,0.5,0.4,0.5,0.1217,0.4,0.66667,0.0,0.5,0.0,1.0,0.16,0.04,0.99514,0.0,1.0,1.0,1.0,1.0,1.0,0.0,0.02857,0.03968,0.0,1.0,1.0,1.0,0.0,1.0,1.0,1.0,0.5,1.0,1.0,0.5,0.5,0.5,1.0,1.0,0.5,0.5,0.5,0.0,0.0,1.0,1.0,1.0,1.0,0.40339,1.0,0.2,1.0,1.0,0.0,1.0,1.0,0.25,0.0,0.0,0.0,0.0,0.4,0.4,0.1217,0.4,0.66667,0.0,0.5,0.0,0.0,0.16,0.04,0.99444,0.0,1.0,1.0,1.0,1.0,1.0,0.0,0.03732,0.05923,0.0,1.0,1.0,1.0,0.0,1.0,1.0,1.0,0.8,1.0,1.0,0.5,0.5,0.5,1.0,1.0,0.5,0.5,0.5,0.0,0.0,1.0,1.0,1.0,1.0,0.40339,1.0,0.2,1.0,1.0,0.0,1.0,1.0,0.25,0.0,0.0,0.0,0.0,0.4,0.4,0.1217,0.4,0.66667,0.0,0.5,0.0,0.0,0.16,0.04,0.99722,0.0,1.0,1.0,1.0,1.0,1.0,1.0,0.87054,1.0,0.25,0.44612,0.2871,0.0,0.0,0.5,0.75,1.0,0.0,1.0,1.0,0.5,0.5,0.5,1.0,1.0,0.5,0.5,0.5,0.0,0.0,1.0,1.0,1.0,1.0,0.40339,1.0,0.2,0.0,1.0,0.0,1.0,0.0,1.0
0.0,0.0,0.0,0.0,0.6,0.4,0.1217,0.4,0.7,0.0,0.5,0.0,0.0,0.16,0.04,0.99984,0.0,1.0,1.0,1.0,1.0,1.0,0.0,0.0001,1.0,0.0,1.0,1.0,1.0,0.0,1.0,1.0,1.0,1.0,1.0,1.0,0.5,0.5,0.5,1.0,1.0,0.5,0.5,0.5,0.0,0.0,1.0,1.0,1.0,1.0,0.40339,1.0,0.0,0.0,1.0,0.0,1.0,1.0,1.0,0.5,0.5,0.5,0.5,0.5,0.5,0.1217,0.4,0.7,0.0,0.5,0.0,0.0,0.16,0.04,0.99777,0.0,1.0,1.0,1.0,1.0,0.5,1.0,0.87054,1.0,0.25,0.44612,0.2871,0.0,0.0,0.5,0.75,0.5,0.8,1.0,1.0,0.5,0.5,0.5,1.0,1.0,0.5,0.5,0.5,0.0,0.0,1.0,1.0,1.0,1.0,0.40339,1.0,0.2,0.0,1.0,0.0,1.0,0.0,0.5,0.0,0.0,0.0,0.0,0.4,0.4,0.1217,0.4,0.7,0.0,0.5,0.0,0.0,0.16,0.04,0.99625,0.0,1.0,1.0,1.0,1.0,1.0,0.0,0.73611,1.0,0.25,0.77936,0.63848,0.0,0.0,0.5,0.75,0.5,0.8,1.0,1.0,0.5,0.5,0.5,1.0,1.0,1.0,0.40339,0.87072,0.0,0.0,1.0,1.0,1.0,1.0,0.40339,1.0,0.2,0.0,1.0,0.0,1.0,0.0,1.0,0.5,0.5,0.5,0.5,0.5,0.5,0.1217,0.4,0.7,0.0,0.5,0.0,0.0,0.16,0.04,0.99954,0.0,1.0,1.0,1.0,1.0,0.5,0.0,0.02498,0.03244,0.0,1.0,1.0,1.0,0.0,1.0,1.0,0.5,0.6,1.0,1.0,0.5,0.5,0.5,1.0,1.0,0.5,0.5,0.5,0.0,0.0,1.0,1.0,1.0,1.0,0.40339,1.0,0.2,1.0,1.0,0.0,1.0,1.0,0.5,0.0,0.0,0.0,0.0,0.4,0.4,0.1217,0.4,0.7,0.0,0.5,0.0,0.0,0.16,0.04,0.99777,0.0,1.0,1.0,1.0,1.0,1.0,0.0,0.97455,1.0,0.25,0.63322,0.46329,0.0,0.0,0.5,0.75,1.0,0.7,1.0,1.0,0.5,0.5,0.5,1.0,1.0,0.5,0.5,0.5,0.0,0.0,1.0,1.0,1.0,1.0,0.40339,1.0,0.2,0.0,1.0,0.0,1.0,0.0,1.0,0.0,0.5,0.0,0.5,0.4,0.5,0.1217,0.4,0.7,0.0,0.5,0.0,1.0,0.16,0.04,0.99612,0.0,1.0,1.0,1.0,1.0,1.0,0.0,0.02857,0.03968,0.0,1.0,1.0,1.0,0.0,1.0,1.0,1.0,0.5,1.0,1.0,0.5,0.5,0.5,1.0,1.0,0.5,0.5,0.5,0.0,0.0,1.0,1.0,1.0,1.0,0.40339,1.0,0.2,1.0,1.0,0.0,1.0,1.0,0.25,0.0,0.0,0.0,0.0,0.4,0.4,0.1217,0.4,0.7,0.0,0.5,0.0,0.0,0.16,0.04,0.99555,0.0,1.0,1.0,1.0,1.0,1.0,0.0,0.03732,0.05923,0.0,1.0,1.0,1.0,0.0,1.0,1.0,1.0,0.8,1.0,1.0,0.5,0.5,0.5,1.0,1.0,0.5,0.5,0.5,0.0,0.0,1.0,1.0,1.0,1.0,0.40339,1.0,0.2,1.0,1.0,0.0,1.0,1.0,0.25,0.0,0.0,0.0,0.0,0.4,0.4,0.1217,0.4,0.7,0.0,0.5,0.0,0.0,0.16,0.04,0.99777,0.0,1.0,1.0,1.0,1.0,1.0,1.0,0.87054,1.0,0.25,0.44612,0.2871,0.0,0.0,0.5,0.75,1.0,0.0,1.0,1.0,0.5,0.5,0.5,1.0,1.0,0.5,0.5,0.5,0.0,0.0,1.0,1.0,1.0,1.0,0.40339,1.0,0.2,0.0,1.0,0.0,1.0,0.0,1.0
0.0,0.0,0.0,0.0,0.6,0.4,0.1217,0.4,0.73333,0.0,0.5,0.0,0.0,0.16,0.04,0.99987,0.0,1.0,1.0,1.0,1.0,1.0,0.0,0.0001,1.0,0.0,1.0,1.0,1.0,0.0,1.0,1.0,1.0,1.0,1.0,1.0,0.5,0.5,0.5,1.0,1.0,0.5,0.5,0.5,0.0,0.0,1.0,1.0,1.0,1.0,0.40339,1.0,0.0,0.0,1.0,0.0,1.0,1.0,1.0,0.5,0.5,0.5,0.5,0.5,0.5,0.1217,0.4,0.73333,0.0,0.5,0.0,0.0,0.16,0.04,0.99821,0.0,1.0,1.0,1.0,1.0,0.5,1.0,0.87054,1.0,0.25,0.44612,0.2871,0.0,0.0,0.5,0.75,0.5,0.8,1.0,1.0,0.5,0.5,0.5,1.0,1.0,0.5,0.5,0.5,0.0,0.0,1.0,1.0,1.0,1.0,0.40339,1.0,0.2,0.0,1.0,0.0,1.0,0.0,0.5,0.0,0.0,0.0,0.0,0.4,0.4,0.1217,0.4,0.73333,0.0,0.5,0.0,0.0,0.16,0.04,0.99699,0.0,1.0,1.0,1.0,1.0,1.0,0.0,0.73611,1.0,0.25,0.77936,0.63848,0.0,0.0,0.5,0.75,0.5,0.8,1.0,1.0,0.5,0.5,0.5,1.0,1.0,1.0,0.40339,0.87072,0.0,0.0,1.0,1.0,1.0,1.0,0.40339,1.0,0.2,0.0,1.0,0.0,1.0,0.0,1.0,0.5,0.5,0.5,0.5,0.5,0.5,0.1217,0.4,0.73333,0.0,0.5,0.0,0.0,0.16,0.04,0.99963,0.0,1.0,1.0,1.0,1.0,0.5,0.0,0.02498,0.03244,0.0,1.0,1.0,1.0,0.0,1.0,1.0,0.5,0.6,1.0,1.0,0.5,0.5,0.5,1.0,1.0,0.5,0.5,0.5,0.0,0.0,1.0,1.0,1.0,1.0,0.40339,1.0,0.2,1.0,1.0,0.0,1.0,1.0,0.5,0.0,0.0,0.0,0.0,0.4,0.4,0.1217,0.4,0.73333,0.0,0.5,0.0,0.0,0.16,0.04,0.99821,0.0,1.0,1.0,1.0,1.0,1.0,0.0,0.97455,1.0,0.25,0.63322,0.46329,0.0,0.0,0.5,0.75,1.0,0.7,1.0,1.0,0.5,0.5,0.5,1.0,1.0,0.5,0.5,0.5,0.0,0.0,1.0,1.0,1.0,1.0,0.40339,1.0,0.2,0.0,1.0,0.0,1.0,0.0,1.0,0.0,0.5,0.0,0.5,0.4,0.5,0.1217,0.4,0.73333,0.0,0.5,0.0,1.0,0.16,0.04,0.99689,0.0,1.0,1.0,1.0,1.0,1.0,0.0,0.02857,0.03968,0.0,1.0,1.0,1.0,0.0,1.0,1.0,1.0,0.5,1.0,1.0,0.5,0.5,0.5,1.0,1.0,0.5,0.5,0.5,0.0,0.0,1.0,1.0,1.0,1.0,0.40339,1.0,0.2,1.0,1.0,0.0,1.0,1.0,0.25,0.0,0.0,0.0,0.0,0.4,0.4,0.1217,0.4,0.73333,0.0,0.5,0.0,0.0,0.16,0.04,0.99643,0.0,1.0,1.0,1.0,1.0,1.0,0.0,0.03732,0.05923,0.0,1.0,1.0,1.0,0.0,1.0,1.0,1.0,0.8,1.0,1.0,0.5,0.5,0.5,1.0,1.0,0.5,0.5,0.5,0.0,0.0,1.0,1.0,1.0,1.0,0.40339,1.0,0.2,1.0,1.0,0.0,1.0,1.0,0.25,0.0,0.0,0.0,0.0,0.4,0.4,0.1217,0.4,0.73333,0.0,0.5,0.0,0.0,0.16,0.04,0.99821,0.0,1.0,1.0,1.0,1.0,1.0,1.0,0.87054,1.0,0.25,0.44612,0.2871,0.0,0.0,0.5,0.75,1.0,0.0,1.0,1.0,0.5,0.5,0.5,1.0,1.0,0.5,0.5,0.5,0.0,0.0,1.0,1.0,1.0,1.0,0.40339,1.0,0.2,0.0,1.0,0.0,1.0,0.0,1.0
0.0,0.0,0.0,0.0,0.6,0.4,0.1217,0.4,0.76667,0.0,0.5,0.0,0.0,0.16,0.04,0.9999,0.0,1.0,1.0,1.0,1.0,1.0,0.0,0.0001,1.0,0.0,1.0,1.0,1.0,0.0,1.0,1.0,1.0,1.0,1.0,1.0,0.5,0.5,0.5,1.0,1.0,0.5,0.5,0.5,0.0,0.0,1.0,1.0,1.0,1.0,0.40339,1.0,0.0,0.0,1.0,0.0,1.0,1.0,1.0,0.5,0.5,0.5,0.5,0.5,0.5,0.1217,0.4,0.76667,0.0,0.5,0.0,0.0,0.16,0.04,0.99857,0.0,1.0,1.0,1.0,1.0,0.5,1.0,0.87054,1.0,0.25,0.44612,0.2871,0.0,0.0,0.5,0.75,0.5,0.8,1.0,1.0,0.5,0.5,0.5,1.0,1.0,0.5,0.5,0.5,0.0,0.0,1.0,1.0,1.0,1.0,0.40339,1.0,0.2,0.0,1.0,0.0,1.0,0.0,0.5,0.0,0.0,0.0,0.0,0.4,0.4,0.1217,0.4,0.76667,0.0,0.5,0.0,0.0,0.16,0.04,0.99758,0.0,1.0,1.0,1.0,1.0,1.0,0.0,0.73611,1.0,0.25,0.77936,0.63848,0.0,0.0,0.5,0.75,0.5,0.8,1.0,1.0,0.5,0.5,0.5,1.0,1.0,1.0,0.40339,0.87072,0.0,0.0,1.0,1.0,1.0,1.0,0.40339,1.0,0.2,0.0,1.0,0.0,1.0,0.0,1.0,0.5,0.5,0.5,0.5,0.5,0.5,0.1217,0.4,0.76667,0.0,0.5,0.0,0.0,0.16,0.04,0.9997,0.0,1.0,1.0,1.0,1.0,0.5,0.0,0.02498,0.03244,0.0,1.0,1.0,1.0,0.0,1.0,1.0,0.5,0.6,1.0,1.0,0.5,0.5,0.5,1.0,1.0,0.5,0.5,0.5,0.0,0.0,1.0,1.0,1.0,1.0,0.40339,1.0,0.2,1.0,1.0,0.0,1.0,1.0,0.5,0.0,0.0,0.0,0.0,0.4,0.4,0.1217,0.4,0.76667,0.0,0.5,0.0,0.0,0.16,0.04,0.99857,0.0,1.0,1.0,1.0,1.0,1.0,0.0,0.97455,1.0,0.25,0.63322,0.46329,0.0,0.0,0.5,0.75,1.0,0.7,1.0,1.0,0.5,0.5,0.5,1.0,1.0,0.5,0.5,0.5,0.0,0.0,1.0,1.0,1.0,1.0,0.40339,1.0,0.2,0.0,1.0,0.0,1.0,0.0,1.0,0.0,0.5,0.0,0.5,0.4,0.5,0.1217,0.4,0.76667,0.0,0.5,0.0,1.0,0.16,0.04,0.9975,0.0,1.0,1.0,1.0,1.0,1.0,0.0,0.02857,0.03968,0.0,1.0,1.0,1.0,0.0,1.0,1.0,1.0,0.5,1.0,1.0,0.5,0.5,0.5,1.0,1.0,0.5,0.5,0.5,0.0,0.0,1.0,1.0,1.0,1.0,0.40339,1.0,0.2,1.0,1.0,0.0,1.0,1.0,0.25,0.0,0.0,0.0,0.0,0.4,0.4,0.1217,0.4,0.76667,0.0,0.5,0.0,0.0,0.16,0.04,0.99714,0.0,1.0,1.0,1.0,1.0,1.0,0.0,0.03732,0.05923,0.0,1.0,1.0,1.0,0.0,1.0,1.0,1.0,0.8,1.0,1.0,0.5,0.5,0.5,1.0,1.0,0.5,0.5,0.5,0.0,0.0,1.0,1.0,1.0,1.0,0.40339,1.0,0.2,1.0,1.0,0.0,1.0,1.0,0.25,0.0,0.0,0.0,0.0,0.4,0.4,0.1217,0.4,0.76667,0.0,0.5,0.0,0.0,0.16,0.04,0.99857,0.0,1.0,1.0,1.0,1.0,1.0,1.0,0.87054,1.0,0.25,0.44612,0.2871,0.0,0.0,0.5,0.75,1.0,0.0,1.0,1.0,0.5,0.5,0.5,1.0,1.0,0.5,0.5,0.5,0.0,0.0,1.0,1.0,1.0,1.0,0.40339,1.0,0.2,0.0,1.0,0.0,1.0,0.0,1.0
0.0,0.0,0.0,0.0,0.6,0.4,0.1217,0.4,0.8,0.0,0.5,0.0,0.0,0.16,0.04,0.99992,0.0,1.0,1.0,1.0,1.0,1.0,0.0,0.0001,1.0,0.0,1.0,1.0,1.0,0.0,1.0,1.0,1.0,1.0,1.0,1.0,0.5,0.5,0.5,1.0,1.0,0.5,0.5,0.5,0.0,0.0,1.0,1.0,1.0,1.0,0.40339,1.0,0.0,0.0,1.0,0.0,1.0,1.0,1.0,0.5,0.5,0.5,0.5,0.5,0.5,0.1217,0.4,0.8,0.0,0.5,0.0,0.0,0.16,0.04,0.99885,0.0,1.0,1.0,1.0,1.0,0.5,1.0,0.87054,1.0,0.25,0.44612,0.2871,0.0,0.0,0.5,0.75,0.5,0.8,1.0,1.0,0.5,0.5,0.5,1.0,1.0,0.5,0.5,0.5,0.0,0.0,1.0,1.0,1.0,1.0,0.40339,1.0,0.2,0.0,1.0,0.0,1.0,0.0,0.5,0.0,0.0,0.0,0.0,0.4,0.4,0.1217,0.4,0.8,0.0,0.5,0.0,0.0,0.16,0.04,0.99806,0.0,1.0,1.0,1.0,1.0,1.0,0.0,0.73611,1.0,0.25,0.77936,0.63848,0.0,0.0,0.5,0.75,0.5,0.8,1.0,1.0,0.5,0.5,0.5,1.0,1.0,1.0,0.40339,0.87072,0.0,0.0,1.0,1.0,1.0,1.0,0.40339,1.0,0.2,0.0,1.0,0.0,1.0,0.0,1.0,0.5,0.5,0.5,0.5,0.5,0.5,0.1217,0.4,0.8,0.0,0.5,0.0,0.0,0.16,0.04,0.99976,0.0,1.0,1.0,1.0,1.0,0.5,0.0,0.02498,0.03244,0.0,1.0,1.0,1.0,0.0,1.0,1.0,0.5,0.6,1.0,1.0,0.5,0.5,0.5,1.0,1.0,0.5,0.5,0.5,0.0,0.0,1.0,1.0,1.0,1.0,0.40339,1.0,0.2,1.0,1.0,0.0,1.0,1.0,0.5,0.0,0.0,0.0,0.0,0.4,0.4,0.1217,0.4,0.8,0.0,0.5,0.0,0.0,0.16,0.04,0.99885,0.0,1.0,1.0,1.0,1.0,1.0,0.0,0.97455,1.0,0.25,0.63322,0.46329,0.0,0.0,0.5,0.75,1.0,0.7,1.0,1.0,0.5,0.5,0.5,1.0,1.0,0.5,0.5,0.5,0.0,0.0,1.0,1.0,1.0,1.0,0.40339,1.0,0.2,0.0,1.0,0.0,1.0,0.0,1.0,0.0,0.5,0.0,0.5,0.4,0.5,0.1217,0.4,0.8,0.0,0.5,0.0,1.0,0.16,0.04,0.99799,0.0,1.0,1.0,1.0,1.0,1.0,0.0,0.02857,0.03968,0.0,1.0,1.0,1.0,0.0,1.0,1.0,1.0,0.5,1.0,1.0,0.5,0.5,0.5,1.0,1.0,0.5,0.5,0.5,0.0,0.0,1.0,1.0,1.0,1.0,0.40339,1.0,0.2,1.0,1.0,0.0,1.0,1.0,0.25,0.0,0.0,0.0,0.0,0.4,0.4,0.1217,0.4,0.8,0.0,0.5,0.0,0.0,0.16,0.04,0.9977,0.0,1.0,1.0,1.0,1.0,1.0,0.0,0.03732,0.05923,0.0,1.0,1.0,1.0,0.0,1.0,1.0,1.0,0.8,1.0,1.0,0.5,0.5,0.5,1.0,1.0,0.5,0.5,0.5,0.0,0.0,1.0,1.0,1.0,1.0,0.40339,1.0,0.2,1.0,1.0,0.0,1.0,1.0,0.25,0.0,0.0,0.0,0.0,0.4,0.4,0.1217,0.4,0.8,0.0,0.5,0.0,0.0,0.16,0.04,0.99885,0.0,1.0,1.0,1.0,1.0,1.0,1.0,0.87054,1.0,0.25,0.44612,0.2871,0.0,0.0,0.5,0.75,1.0,0.0,1.0,1.0,0.5,0.5,0.5,1.0,1.0,0.5,0.5,0.5,0.0,0.0,1.0,1.0,1.0,1.0,0.40339,1.0,0.2,0.0,1.0,0.0,1.0,0.0,1.0
0.0,0.0,0.0,0.0,0.6,0.4,0.1217,0.4,0.83333,0.0,0.5,0.0,0.0,0.16,0.04,0.99993,0.0,1.0,1.0,1.0,1.0,1.0,0.0,0.0001,1.0,0.0,1.0,1.0,1.0,0.0,1.0,1.0,1.0,1.0,1.0,1.0,0.5,0.5,0.5,1.0,1.0,0.5,0.5,0.5,0.0,0.0,1.0,1.0,1.0,1.0,0.40339,1.0,0.0,0.0,1.0,0.0,1.0,1.0,1.0,0.5,0.5,0.5,0.5,0.5,0.5,0.1217,0.4,0.83333,0.0,0.5,0.0,0.0,0.16,0.04,0.99907,0.0,1.0,1.0,1.0,1.0,0.5,1.0,0.87054,1.0,0.25,0.44612,0.2871,0.0,0.0,0.5,0.75,0.5,0.8,1.0,1.0,0.5,0.5,0.5,1.0,1.0,0.5,0.5,0.5,0.0,0.0,1.0,1.0,1.0,1.0,0.40339,1.0,0.2,0.0,1.0,0.0,1.0,0.0,0.5,0.0,0.0,0.0,0.0,0.4,0.4,0.1217,0.4,0.83333,0.0,0.5,0.0,0.0,0.16,0.04,0.99844,0.0,1.0,1.0,1.0,1.0,1.0,0.0,0.73611,1.0,0.25,0.77936,0.63848,0.0,0.0,0.5,0.75,0.5,0.8,1.0,1.0,0.5,0.5,0.5,1.0,1.0,1.0,0.40339,0.87072,0.0,0.0,1.0,1.0,1.0,1.0,0.40339,1.0,0.2,0.0,1.0,0.0,1.0,0.0,1.0,0.5,0.5,0.5,0.5,0.5,0.5,0.1217,0.4,0.83333,0.0,0.5,0.0,0.0,0.16,0.04,0.99981,0.0,1.0,1.0,1.0,1.0,0.5,0.0,0.02498,0.03244,0.0,1.0,1.0,1.0,0.0,1.0,1.0,0.5,0.6,1.0,1.0,0.5,0.5,0.5,1.0,1.0,0.5,0.5,0.5,0.0,0.0,1.0,1.0,1.0,1.0,0.40339,1.0,0.2,1.0,1.0,0.0,1.0,1.0,0.5,0.0,0.0,0.0,0.0,0.4,0.4,0.1217,0.4,0.83333,0.0,0.5,0.0,0.0,0.16,0.04,0.99907,0.0,1.0,1.0,1.0,1.0,1.0,0.0,0.97455,1.0,0.25,0.63322,0.46329,0.0,0.0,0.5,0.75,1.0,0.7,1.0,1.0,0.5,0.5,0.5,1.0,1.0,0.5,0.5,0.5,0.0,0.0,1.0,1.0,1.0,1.0,0.40339,1.0,0.2,0.0,1.0,0.0,1.0,0.0,1.0,0.0,0.5,0.0,0.5,0.4,0.5,0.1217,0.4,0.83333,0.0,0.5,0.0,1.0,0.16,0.04,0.99838,0.0,1.0,1.0,1.0,1.0,1.0,0.0,0.02857,0.03968,0.0,1.0,1.0,1.0,0.0,1.0,1.0,1.0,0.5,1.0,1.0,0.5,0.5,0.5,1.0,1.0,0.5,0.5,0.5,0.0,0.0,1.0,1.0,1.0,1.0,0.40339,1.0,0.2,1.0,1.0,0.0,1.0,1.0,0.25,0.0,0.0,0.0,0.0,0.4,0.4,0.1217,0.4,0.83333,0.0,0.5,0.0,0.0,0.16,0.04,0.99815,0.0,1.0,1.0,1.0,1.0,1.0,0.0,0.03732,0.05923,0.0,1.0,1.0,1.0,0.0,1.0,1.0,1.0,0.8,1.0,1.0,0.5,0.5,0.5,1.0,1.0,0.5,0.5,0.5,0.0,0.0,1.0,1.0,1.0,1.0,0.40339,1.0,0.2,1.0,1.0,0.0,1.0,1.0,0.25,0.0,0.0,0.0,0.0,0.4,0.4,0.1217,0.4,0.83333,0.0,0.5,0.0,0.0,0.16,0.04,0.99907,0.0,1.0,1.0,1.0,1.0,1.0,1.0,0.87054,1.0,0.25,0.44612,0.2871,0.0,0.0,0.5,0.75,1.0,0.0,1.0,1.0,0.5,0.5,0.5,1.0,1.0,0.5,0.5,0.5,0.0,0.0,1.0,1.0,1.0,1.0,0.40339,1.0,0.2,0.0,1.0,0.0,1.0,0.0,1.0
0.0,0.0,0.0,0.0,0.6,0.4,0.1217,0.4,0.86667,0.0,0.5,0.0,0.0,0.16,0.04,0.99995,0.0,1.0,1.0,1.0,1.0,1.0,0.0,0.0001,1.0,0.0,1.0,1.0,1.0,0.0,1.0,1.0,1.0,1.0,1.0,1.0,0.5,0.5,0.5,1.0,1.0,0.5,0.5,0.5,0.0,0.0,1.0,1.0,1.0,1.0,0.40339,1.0,0.0,0.0,1.0,0.0,1.0,1.0,1.0,0.5,0.5,0.5,0.5,0.5,0.5,0.1217,0.4,0.86667,0.0,0.5,0.0,0.0,0.16,0.04,0.99925,0.0,1.0,1.0,1.0,1.0,0.5,1.0,0.87054,1.0,0.25,0.44612,0.2871,0.0,0.0,0.5,0.75,0.5,0.8,1.0,1.0,0.5,0.5,0.5,1.0,1.0,0.5,0.5,0.5,0.0,0.0,1.0,1.0,1.0,1.0,0.40339,1.0,0.2,0.0,1.0,0.0,1.0,0.0,0.5,0.0,0.0,0.0,0.0,0.4,0.4,0.1217,0.4,0.86667,0.0,0.5,0.0,0.0,0.16,0.04,0.99874,0.0,1.0,1.0,1.0,1.0,1.0,0.0,0.73611,1.0,0.25,0.77936,0.63848,0.0,0.0,0.5,0.75,0.5,0.8,1.0,1.0,0.5,0.5,0.5,1.0,1.0,1.0,0.40339,0.87072,0.0,0.0,1.0,1.0,1.0,1.0,0.40339,1.0,0.2,0.0,1.0,0.0,1.0,0.0,1.0,0.5,0.5,0.5,0.5,0.5,0.5,0.1217,0.4,0.86667,0.0,0.5,0.0,0.0,0.16,0.04,0.99985,0.0,1.0,1.0,1.0,1.0,0.5,0.0,0.02498,0.03244,0.0,1.0,1.0,1.0,0.0,1.0,1.0,0.5,0.6,1.0,1.0,0.5,0.5,0.5,1.0,1.0,0.5,0.5,0.5,0.0,0.0,1.0,1.0,1.0,1.0,0.40339,1.0,0.2,1.0,1.0,0.0,1.0,1.0,0.5,0.0,0.0,0.0,0.0,0.4,0.4,0.1217,0.4,0.86667,0.0,0.5,0.0,0.0,0.16,0.04,0.99925,0.0,1.0,1.0,1.0,1.0,1.0,0.0,0.97455,1.0,0.25,0.63322,0.46329,0.0,0.0,0.5,0.75,1.0,0.7,1.0,1.0,0.5,0.5,0.5,1.0,1.0,0.5,0.5,0.5,0.0,0.0,1.0,1.0,1.0,1.0,0.40339,1.0,0.2,0.0,1.0,0.0,1.0,0.0,1.0,0.0,0.5,0.0,0.5,0.4,0.5,0.1217,0.4,0.86667,0.0,0.5,0.0,1.0,0.16,0.04,0.9987,0.0,1.0,1.0,1.0,1.0,1.0,0.0,0.02857,0.03968,0.0,1.0,1.0,1.0,0.0,1.0,1.0,1.0,0.5,1.0,1.0,0.5,0.5,0.5,1.0,1.0,0.5,0.5,0.5,0.0,0.0,1.0,1.0,1.0,1.0,0.40339,1.0,0.2,1.0,1.0,0.0,1.0,1.0,0.25,0.0,0.0,0.0,0.0,0.4,0.4,0.1217,0.4,0.86667,0.0,0.5,0.0,0.0,0.16,0.04,0.99851,0.0,1.0,1.0,1.0,1.0,1.0,0.0,0.03732,0.05923,0.0,1.0,1.0,1.0,0.0,1.0,1.0,1.0,0.8,1.0,1.0,0.5,0.5,0.5,1.0,1.0,0.5,0.5,0.5,0.0,0.0,1.0,1.0,1.0,1.0,0.40339,1.0,0.2,1.0,1.0,0.0,1.0,1.0,0.25,0.0,0.0,0.0,0.0,0.4,0.4,0.1217,0.4,0.86667,0.0,0.5,0.0,0.0,0.16,0.04,0.99925,0.0,1.0,1.0,1.0,1.0,1.0,1.0,0.87054,1.0,0.25,0.44612,0.2871,0.0,0.0,0.5,0.75,1.0,0.0,1.0,1.0,0.5,0.5,0.5,1.0,1.0,0.5,0.5,0.5,0.0,0.0,1.0,1.0,1.0,1.0,0.40339,1.0,0.2,0.0,1.0,0.0,1.0,0.0,1.0
0.0,0.0,0.0,0.0,0.6,0.4,0.1217,0.4,0.9,0.0,0.5,0.0,0.0,0.16,0.04,0.99996,0.0,1.0,1.0,1.0,1.0,1.0,0.0,0.0001,1.0,0.0,1.0,1.0,1.0,0.0,1.0,1.0,1.0,1.0,1.0,1.0,0.5,0.5,0.5,1.0,1.0,0.5,0.5,0.5,0.0,0.0,1.0,1.0,1.0,1.0,0.40339,1.0,0.0,0.0,1.0,0.0,1.0,1.0,1.0,0.5,0.5,0.5,0.5,0.5,0.5,0.1217,0.4,0.9,0.0,0.5,0.0,0.0,0.16,0.04,0.9994,0.0,1.0,1.0,1.0,1.0,0.5,1.0,0.87054,1.0,0.25,0.44612,0.2871,0.0,0.0,0.5,0.75,0.5,0.8,1.0,1.0,0.5,0.5,0.5,1.0,1.0,0.5,0.5,0.5,0.0,0.0,1.0,1.0,1.0,1.0,0.40339,1.0,0.2,0.0,1.0,0.0,1.0,0.0,0.5,0.0,0.0,0.0,0.0,0.4,0.4,0.1217,0.4,0.9,0.0,0.5,0.0,0.0,0.16,0.04,0.99899,0.0,1.0,1.0,1.0,1.0,1.0,0.0,0.73611,1.0,0.25,0.77936,0.63848,0.0,0.0,0.5,0.75,0.5,0.8,1.0,1.0,0.5,0.5,0.5,1.0,1.0,1.0,0.40339,0.87072,0.0,0.0,1.0,1.0,1.0,1.0,0.40339,1.0,0.2,0.0,1.0,0.0,1.0,0.0,1.0,0.5,0.5,0.5,0.5,0.5,0.5,0.1217,0.4,0.9,0.0,0.5,0.0,0.0,0.16,0.04,0.99988,0.0,1.0,1.0,1.0,1.0,0.5,0.0,0.02498,0.03244,0.0,1.0,1.0,1.0,0.0,1.0,1.0,0.5,0.6,1.0,1.0,0.5,0.5,0.5,1.0,1.0,0.5,0.5,0.5,0.0,0.0,1.0,1.0,1.0,1.0,0.40339,1.0,0.2,1.0,1.0,0.0,1.0,1.0,0.5,0.0,0.0,0.0,0.0,0.4,0.4,0.1217,0.4,0.9,0.0,0.5,0.0,0.0,0.16,0.04,0.9994,0.0,1.0,1.0,1.0,1.0,1.0,0.0,0.97455,1.0,0.25,0.63322,0.46329,0.0,0.0,0.5,0.75,1.0,0.7,1.0,1.0,0.5,0.5,0.5,1.0,1.0,0.5,0.5,0.5,0.0,0.0,1.0,1.0,1.0,1.0,0.40339,1.0,0.2,0.0,1.0,0.0,1.0,0.0,1.0,0.0,0.5,0.0,0.5,0.4,0.5,0.1217,0.4,0.9,0.0,0.5,0.0,1.0,0.16,0.04,0.99895,0.0,1.0,1.0,1.0,1.0,1.0,0.0,0.02857,0.03968,0.0,1.0,1.0,1.0,0.0,1.0,1.0,1.0,0.5,1.0,1.0,0.5,0.5,0.5,1.0,1.0,0.5,0.5,0.5,0.0,0.0,1.0,1.0,1.0,1.0,0.40339,1.0,0.2,1.0,1.0,0.0,1.0,1.0,0.25,0.0,0.0,0.0,0.0,0.4,0.4,0.1217,0.4,0.9,0.0,0.5,0.0,0.0,0.16,0.04,0.9988,0.0,1.0,1.0,1.0,1.0,1.0,0.0,0.03732,0.05923,0.0,1.0,1.0,1.0,0.0,1.0,1.0,1.0,0.8,1.0,1.0,0.5,0.5,0.5,1.0,1.0,0.5,0.5,0.5,0.0,0.0,1.0,1.0,1.0,1.0,0.40339,1.0,0.2,1.0,1.0,0.0,1.0,1.0,0.25,0.0,0.0,0.0,0.0,0.4,0.4,0.1217,0.4,0.9,0.0,0.5,0.0,0.0,0.16,0.04,0.9994,0.0,1.0,1.0,1.0,1.0,1.0,1.0,0.87054,1.0,0.25,0.44612,0.2871,0.0,0.0,0.5,0.75,1.0,0.0,1.0,1.0,0.5,0.5,0.5,1.0,1.0,0.5,0.5,0.5,0.0,0.0,1.0,1.0,1.0,1.0,0.40339,1.0,0.2,0.0,1.0,0.0,1.0,0.0,1.0
0.0,0.0,0.0,0.0,0.6,0.4,0.1217,0.4,0.93333,0.0,0.5,0.0,0.0,0.16,0.04,0.99996,0.0,1.0,1.0,1.0,1.0,1.0,0.0,0.0001,1.0,0.0,1.0,1.0,1.0,0.0,1.0,1.0,1.0,1.0,1.0,1.0,0.5,0.5,0.5,1.0,1.0,0.5,0.5,0.5,0.0,0.0,1.0,1.0,1.0,1.0,0.40339,1.0,0.0,0.0,1.0,0.0,1.0,1.0,1.0,0.5,0.5,0.5,0.5,0.5,0.5,0.1217,0.4,0.93333,0.0,0.5,0.0,0.0,0.16,0.04,0.99951,0.0,1.0,1.0,1.0,1.0,0.5,1.0,0.87054,1.0,0.25,0.44612,0.2871,0.0,0.0,0.5,0.75,0.5,0.8,1.0,1.0,0.5,0.5,0.5,1.0,1.0,0.5,0.5,0.5,0.0,0.0,1.0,1.0,1.0,1.0,0.40339,1.0,0.2,0.0,1.0,0.0,1.0,0.0,0.5,0.0,0.0,0.0,0.0,0.4,0.4,0.1217,0.4,0.93333,0.0,0.5,0.0,0.0,0.16,0.04,0.99918,0.0,1.0,1.0,1.0,1.0,1.0,0.0,0.73611,1.0,0.25,0.77936,0.63848,0.0,0.0,0.5,0.75,0.5,0.8,1.0,1.0,0.5,0.5,0.5,1.0,1.0,1.0,0.40339,0.87072,0.0,0.0,1.0,1.0,1.0,1.0,0.40339,1.0,0.2,0.0,1.0,0.0,1.0,0.0,1.0,0.5,0.5,0.5,0.5,0.5,0.5,0.1217,0.4,0.93333,0.0,0.5,0.0,0.0,0.16,0.04,0.9999,0.0,1.0,1.0,1.0,1.0,0.5,0.0,0.02498,0.03244,0.0,1.0,1.0,1.0,0.0,1.0,1.0,0.5,0.6,1.0,1.0,0.5,0.5,0.5,1.0,1.0,0.5,0.5,0.5,0.0,0.0,1.0,1.0,1.0,1.0,0.40339,1.0,0.2,1.0,1.0,0.0,1.0,1.0,0.5,0.0,0.0,0.0,0.0,0.4,0.4,0.1217,0.4,0.93333,0.0,0.5,0.0,0.0,0.16,0.04,0.99951,0.0,1.0,1.0,1.0,1.0,1.0,0.0,0.97455,1.0,0.25,0.63322,0.46329,0.0,0.0,0.5,0.75,1.0,0.7,1.0,1.0,0.5,0.5,0.5,1.0,1.0,0.5,0.5,0.5,0.0,0.0,1.0,1.0,1.0,1.0,0.40339,1.0,0.2,0.0,1.0,0.0,1.0,0.0,1.0,0.0,0.5,0.0,0.5,0.4,0.5,0.1217,0.4,0.93333,0.0,0.5,0.0,1.0,0.16,0.04,0.99915,0.0,1.0,1.0,1.0,1.0,1.0,0.0,0.02857,0.03968,0.0,1.0,1.0,1.0,0.0,1.0,1.0,1.0,0.5,1.0,1.0,0.5,0.5,0.5,1.0,1.0,0.5,0.5,0.5,0.0,0.0,1.0,1.0,1.0,1.0,0.40339,1.0,0.2,1.0,1.0,0.0,1.0,1.0,0.25,0.0,0.0,0.0,0.0,0.4,0.4,0.1217,0.4,0.93333,0.0,0.5,0.0,0.0,0.16,0.04,0.99903,0.0,1.0,1.0,1.0,1.0,1.0,0.0,0.03732,0.05923,0.0,1.0,1.0,1.0,0.0,1.0,1.0,1.0,0.8,1.0,1.0,0.5,0.5,0.5,1.0,1.0,0.5,0.5,0.5,0.0,0.0,1.0,1.0,1.0,1.0,0.40339,1.0,0.2,1.0,1.0,0.0,1.0,1.0,0.25,0.0,0.0,0.0,0.0,0.4,0.4,0.1217,0.4,0.93333,0.0,0.5,0.0,0.0,0.16,0.04,0.99951,0.0,1.0,1.0,1.0,1.0,1.0,1.0,0.87054,1.0,0.25,0.44612,0.2871,0.0,0.0,0.5,0.75,1.0,0.0,1.0,1.0,0.5,0.5,0.5,1.0,1.0,0.5,0.5,0.5,0.0,0.0,1.0,1.0,1.0,1.0,0.40339,1.0,0.2,0.0,1.0,0.0,1.0,0.0,1.0
0.0,0.0,0.0,0.0,0.6,0.4,0.1217,0.4,0.96667,0.0,0.5,0.0,0.0,0.16,0.04,0.99997,0.0,1.0,1.0,1.0,1.0,1.0,0.0,0.0001,1.0,0.0,1.0,1.0,1.0,0.0,1.0,1.0,1.0,1.0,1.0,1.0,0.5,0.5,0.5,1.0,1.0,0.5,0.5,0.5,0.0,0.0,1.0,1.0,1.0,1.0,0.40339,1.0,0.0,0.0,1.0,0.0,1.0,1.0,1.0,0.5,0.5,0.5,0.5,0.5,0.5,0.1217,0.4,0.96667,0.0,0.5,0.0,0.0,0.16,0.04,0.99961,0.0,1.0,1.0,1.0,1.0,0.5,1.0,0.87054,1.0,0.25,0.44612,0.2871,0.0,0.0,0.5,0.75,0.5,0.8,1.0,1.0,0.5,0.5,0.5,1.0,1.0,0.5,0.5,0.5,0.0,0.0,1.0,1.0,1.0,1.0,0.40339,1.0,0.2,0.0,1.0,0.0,1.0,0.0,0.5,0.0,0.0,0.0,0.0,0.4,0.4,0.1217,0.4,0.96667,0.0,0.5,0.0,0.0,0.16,0.04,0.99934,0.0,1.0,1.0,1.0,1.0,1.0,0.0,0.73611,1.0,0.25,0.77936,0.63848,0.0,0.0,0.5,0.75,0.5,0.8,1.0,1.0,0.5,0.5,0.5,1.0,1.0,1.0,0.40339,0.87072,0.0,0.0,1.0,1.0,1.0,1.0,0.40339,1.0,0.2,0.0,1.0,0.0,1.0,0.0,1.0,0.5,0.5,0.5,0.5,0.5,0.5,0.1217,0.4,0.96667,0.0,0.5,0.0,0.0,0.16,0.04,0.99992,0.0,1.0,1.0,1.0,1.0,0.5,0.0,0.02498,0.03244,0.0,1.0,1.0,1.0,0.0,1.0,1.0,0.5,0.6,1.0,1.0,0.5,0.5,0.5,1.0,1.0,0.5,0.5,0.5,0.0,0.0,1.0,1.0,1.0,1.0,0.40339,1.0,0.2,1.0,1.0,0.0,1.0,1.0,0.5,0.0,0.0,0.0,0.0,0.4,0.4,0.1217,0.4,0.96667,0.0,0.5,0.0,0.0,0.16,0.04,0.99961,0.0,1.0,1.0,1.0,1.0,1.0,0.0,0.97455,1.0,0.25,0.63322,0.46329,0.0,0.0,0.5,0.75,1.0,0.7,1.0,1.0,0.5,0.5,0.5,1.0,1.0,0.5,0.5,0.5,0.0,0.0,1.0,1.0,1.0,1.0,0.40339,1.0,0.2,0.0,1.0,0.0,1.0,0.0,1.0,0.0,0.5,0.0,0.5,0.4,0.5,0.1217,0.4,0.96667,0.0,0.5,0.0,1.0,0.16,0.04,0.99932,0.0,1.0,1.0,1.0,1.0,1.0,0.0,0.02857,0.03968,0.0,1.0,1.0,1.0,0.0,1.0,1.0,1.0,0.5,1.0,1.0,0.5,0.5,0.5,1.0,1.0,0.5,0.5,0.5,0.0,0.0,1.0,1.0,1.0,1.0,0.40339,1.0,0.2,1.0,1.0,0.0,1.0,1.0,0.25,0.0,0.0,0.0,0.0,0.4,0.4,0.1217,0.4,0.96667,0.0,0.5,0.0,0.0,0.16,0.04,0.99922,0.0,1.0,1.0,1.0,1.0,1.0,0.0,0.03732,0.05923,0.0,1.0,1.0,1.0,0.0,1.0,1.0,1.0,0.8,1.0,1.0,0.5,0.5,0.5,1.0,1.0,0.5,0.5,0.5,0.0,0.0,1.0,1.0,1.0,1.0,0.40339,1.0,0.2,1.0,1.0,0.0,1.0,1.0,0.25,0.0,0.0,0.0,0.0,0.4,0.4,0.1217,0.4,0.96667,0.0,0.5,0.0,0.0,0.16,0.04,0.99961,0.0,1.0,1.0,1.0,1.0,1.0,1.0,0.87054,1.0,0.25,0.44612,0.2871,0.0,0.0,0.5,0.75,1.0,0.0,1.0,1.0,0.5,0.5,0.5,1.0,1.0,0.5,0.5,0.5,0.0,0.0,1.0,1.0,1.0,1.0,0.40339,1.0,0.2,0.0,1.0,0.0,1.0,0.0,1.0
0.0,0.0,0.0,0.0,0.6,0.4,0.1217,0.4,1.0,0.0,0.5,0.0,0.0,0.16,0.04,0.99998,0.0,1.0,1.0,1.0,1.0,1.0,0.0,0.0001,1.0,0.0,1.0,1.0,1.0,0.0,1.0,1.0,1.0,1.0,1.0,1.0,0.5,0.5,0.5,1.0,1.0,0.5,0.5,0.5,0.0,0.0,1.0,1.0,1.0,1.0,0.40339,1.0,0.0,0.0,1.0,0.0,1.0,1.0,1.0,0.5,0.5,0.5,0.5,0.5,0.5,0.1217,0.4,1.0,0.0,0.5,0.0,0.0,0.16,0.04,0.99968,0.0,1.0,1.0,1.0,1.0,0.5,1.0,0.87054,1.0,0.25,0.44612,0.2871,0.0,0.0,0.5,0.75,0.5,0.8,1.0,1.0,0.5,0.5,0.5,1.0,1.0,0.5,0.5,0.5,0.0,0.0,1.0,1.0,1.0,1.0,0.40339,1.0,0.2,0.0,1.0,0.0,1.0,0.0,0.5,0.0,0.0,0.0,0.0,0.4,0.4,0.1217,0.4,1.0,0.0,0.5,0.0,0.0,0.16,0.04,0.99947,0.0,1.0,1.0,1.0,1.0,1.0,0.0,0.73611,1.0,0.25,0.77936,0.63848,0.0,0.0,0.5,0.75,0.5,0.8,1.0,1.0,0.5,0.5,0.5,1.0,1.0,1.0,0.40339,0.87072,0.0,0.0,1.0,1.0,1.0,1.0,0.40339,1.0,0.2,0.0,1.0,0.0,1.0,0.0,1.0,0.5,0.5,0.5,0.5,0.5,0.5,0.1217,0.4,1.0,0.0,0.5,0.0,0.0,0.16,0.04,0.99993,0.0,1.0,1.0,1.0,1.0,0.5,0.0,0.02498,0.03244,0.0,1.0,1.0,1.0,0.0,1.0,1.0,0.5,0.6,1.0,1.0,0.5,0.5,0.5,1.0,1.0,0.5,0.5,0.5,0.0,0.0,1.0,1.0,1.0,1.0,0.40339,1.0,0.2,1.0,1.0,0.0,1.0,1.0,0.5,0.0,0.0,0.0,0.0,0.4,0.4,0.1217,0.4,1.0,0.0,0.5,0.0,0.0,0.16,0.04,0.99968,0.0,1.0,1.0,1.0,1.0,1.0,0.0,0.97455,1.0,0.25,0.63322,0.46329,0.0,0.0,0.5,0.75,1.0,0.7,1.0,1.0,0.5,0.5,0.5,1.0,1.0,0.5,0.5,0.5,0.0,0.0,1.0,1.0,1.0,1.0,0.40339,1.0,0.2,0.0,1.0,0.0,1.0,0.0,1.0,0.0,0.5,0.0,0.5,0.4,0.5,0.1217,0.4,1.0,0.0,0.5,0.0,1.0,0.16,0.04,0.99945,0.0,1.0,1.0,1.0,1.0,1.0,0.0,0.02857,0.03968,0.0,1.0,1.0,1.0,0.0,1.0,1.0,1.0,0.5,1.0,1.0,0.5,0.5,0.5,1.0,1.0,0.5,0.5,0.5,0.0,0.0,1.0,1.0,1.0,1.0,0.40339,1.0,0.2,1.0,1.0,0.0,1.0,1.0,0.25,0.0,0.0,0.0,0.0,0.4,0.4,0.1217,0.4,1.0,0.0,0.5,0.0,0.0,0.16,0.04,0.99937,0.0,1.0,1.0,1.0,1.0,1.0,0.0,0.03732,0.05923,0.0,1.0,1.0,1.0,0.0,1.0,1.0,1.0,0.8,1.0,1.0,0.5,0.5,0.5,1.0,1.0,0.5,0.5,0.5,0.0,0.0,1.0,1.0,1.0,1.0,0.40339,1.0,0.2,1.0,1.0,0.0,1.0,1.0,0.25,0.0,0.0,0.0,0.0,0.4,0.4,0.1217,0.4,1.0,0.0,0.5,0.0,0.0,0.16,0.04,0.99968,0.0,1.0,1.0,1.0,1.0,1.0,1.0,0.87054,1.0,0.25,0.44612,0.2871,0.0,0.0,0.5,0.75,1.0,0.0,1.0,1.0,0.5,0.5,0.5,1.0,1.0,0.5,0.5,0.5,0.0,0.0,1.0,1.0,1.0,1.0,0.40339,1.0,0.2,0.0,1.0,0.0,1.0,0.0,1.0
0.5,0.5,0.5,0.5,0.5,0.5,0.19193,0.6,0.5,0.0,0.5,0.0,0.0,0.52,0.04,0.0,0.99982,1.0,1.0,1.0,1.0,0.5,0.0,0.0001,1.0,0.0,0.78004,0.69446,0.0,0.0,1.0,1.0,0.5,1.0,1.0,1.0,0.5,0.5,0.5,1.0,1.0,0.5,0.5,0.5,0.69661,0.03563,0.0,1.0,1.0,0.82332,0.48391,1.0,0.0,0.0,1.0,0.0,1.0,1.0,0.5,0.5,0.5,0.5,0.5,0.5,0.5,0.19193,0.6,0.5,0.0,0.5,0.0,0.0,0.52,0.04,0.0,0.99722,1.0,1.0,1.0,1.0,0.5,0.0,0.89393,1.0,0.0,0.78004,0.69446,0.0,0.0,1.0,1.0,0.5,0.8,1.0,1.0,0.5,0.5,0.5,1.0,1.0,0.5,0.5,0.5,0.0,0.0,1.0,1.0,1.0,0.82332,0.48391,0.2,0.6,1.0,0.5,1.0,1.0,1.0,0.5,1.0,1.0,1.0,0.0,0.6,0.6,0.19193,0.6,0.5,0.0,0.5,0.0,0.0,0.52,0.04,0.0,0.99501,1.0,1.0,1.0,1.0,1.0,0.0,0.43281,0.78693,0.0,0.78004,0.69446,0.0,0.0,1.0,1.0,1.0,0.8,1.0,1.0,0.5,0.5,0.5,1.0,1.0,0.82332,0.48391,1.0,0.07967,0.0,0.6,1.0,1.0,0.82332,0.48391,0.6,0.6,1.0,0.5,1.0,1.0,1.0,1.0,0.5,0.5,0.5,0.5,0.5,0.5,0.19193,0.6,0.5,0.0,0.5,0.0,0.0,0.52,0.04,0.0,0.99946,1.0,1.0,1.0,1.0,0.5,1.0,0.91902,1.0,0.0,0.78004,0.69446,0.0,0.0,1.0,1.0,0.5,0.6,1.0,1.0,0.5,0.5,0.5,1.0,1.0,0.5,0.5,0.5,0.0,0.0,1.0,1.0,1.0,0.82332,0.48391,0.4,0.6,1.0,0.5,1.0,1.0,1.0,0.5,0.5,0.5,0.5,0.5,0.5,0.5,0.19193,0.6,0.5,0.0,0.5,0.0,0.0,0.52,0.04,0.0,0.99722,1.0,1.0,1.0,1.0,0.5,1.0,0.91083,1.0,0.25,0.83126,0.71125,0.0,0.0,1.0,0.75,0.5,0.7,1.0,1.0,0.5,0.5,0.5,1.0,1.0,0.5,0.5,0.5,0.0,0.0,1.0,1.0,1.0,0.82332,0.48391,0.3,0.4,1.0,1.0,1.0,1.0,1.0,0.5,0.5,0.5,0.5,0.5,0.5,0.5,0.19193,0.6,0.5,0.0,0.5,0.0,0.0,0.52,0.04,0.0,0.99481,1.0,1.0,1.0,1.0,0.5,0.0,0.95018,1.0,0.0,0.78004,0.69446,0.0,0.0,1.0,1.0,0.5,0.5,1.0,1.0,0.5,0.5,0.5,1.0,1.0,0.5,0.5,0.5,0.10471,0.0,0.5,1.0,1.0,0.82332,0.48391,1.0,0.2,0.0,1.0,0.0,1.0,1.0,0.5,0.0,0.5,0.0,0.5,0.6,0.5,0.19193,0.6,0.5,0.0,0.5,0.0,1.0,0.52,0.04,0.0,0.99391,1.0,1.0,1.0,1.0,1.0,0.0,0.6861,1.0,0.0,0.78004,0.69446,0.0,0.0,1.0,1.0,1.0,0.8,1.0,1.0,0.5,0.5,0.5,1.0,1.0,0.5,0.5,0.5,0.0,0.0,1.0,1.0,1.0,0.82332,0.48391,0.2,0.6,1.0,0.5,1.0,1.0,1.0,1.0,0.5,0.5,0.5,0.5,0.5,0.5,0.19193,0.6,0.5,0.0,0.5,0.0,0.0,0.52,0.04,0.0,0.99722,1.0,1.0,1.0,1.0,0.5,0.0,0.89393,1.0,0.0,0.78004,0.69446,0.0,0.0,1.0,1.0,0.5,0.0,1.0,1.0,0.5,0.5,0.5,1.0,1.0,0.5,0.5,0.5,0.0,0.0,1.0,1.0,1.0,0.82332,0.48391,1.0,0.2,0.0,1.0,0.0,1.0,1.0,0.5
1.0,1.0,1.0,1.0,0.4,0.4,0.01182,0.4,0.26667,0.0,0.5,0.0,0.0,0.28,0.08,0.99853,0.0,1.0,1.0,0.8,1.0,0.7,0.0,0.0001,1.0,0.0,0.17961,0.06379,0.5,0.0,1.0,0.75,0.5,0.0,1.0,1.0,0.5,0.5,0.5,1.0,1.0,0.5,0.5,0.5,0.0,0.0,1.0,1.0,1.0,0.5,0.5,1.0,0.2,0.0,1.0,1.0,1.0,0.0,1.0,0.0,0.5,0.0,0.5,0.4,0.5,0.01182,0.4,0.26667,0.0,0.5,0.0,1.0,0.28,0.08,0.97641,0.0,1.0,1.0,0.8,1.0,1.0,0.0,0.74665,1.0,0.25,0.11169,0.05233,0.33333,0.0,0.81268,1.0,1.0,0.0,1.0,1.0,0.5,0.5,0.5,1.0,1.0,0.5,0.5,0.5,0.0,0.0,1.0,1.0,1.0,0.5,0.5,1.0,0.2,0.0,1.0,1.0,1.0,0.0,1.0,0.0,0.0,0.0,0.0,0.4,0.4,0.01182,0.4,0.26667,0.0,0.5,0.0,0.0,0.28,0.08,0.95491,0.0,1.0,1.0,0.8,1.0,0.8,0.0,0.84352,1.0,0.25,0.11169,0.05233,0.33333,0.0,0.81268,1.0,0.25,0.0,1.0,1.0,0.5,0.33875,0.5,1.0,1.0,0.5,0.5,0.5,0.0,0.0,1.0,1.0,1.0,0.5,0.5,1.0,0.2,0.0,1.0,1.0,1.0,0.0,0.75,0.5,0.5,0.5,0.5,0.5,0.5,0.01182,0.4,0.26667,0.0,0.5,0.0,0.0,0.28,0.08,0.99571,0.0,1.0,1.0,0.8,1.0,0.5,0.0,0.71718,0.9314,0.25,0.11169,0.05233,0.33333,0.0,0.81268,1.0,0.5,0.0,1.0,1.0,0.5,0.5,0.5,1.0,1.0,0.5,0.5,0.5,0.0,0.0,1.0,1.0,1.0,0.5,0.5,1.0,0.2,0.0,1.0,1.0,1.0,0.0,0.5,1.0,1.0,1.0,1.0,0.4,0.4,0.01182,0.4,0.26667,0.0,0.5,0.0,0.0,0.28,0.08,0.97641,0.0,1.0,1.0,0.8,1.0,0.5,1.0,0.95643,1.0,0.25,0.11169,0.05233,0.33333,0.0,0.81268,1.0,0.5,0.0,1.0,1.0,0.5,0.5,0.5,1.0,1.0,0.5,0.5,0.5,0.0,0.0,1.0,1.0,1.0,0.5,0.5,1.0,0.2,0.0,1.0,1.0,1.0,0.0,1.0,0.5,0.5,0.5,0.5,0.5,0.5,0.01182,0.4,0.26667,0.0,0.5,0.0,0.0,0.28,0.08,0.95279,0.0,1.0,1.0,0.8,1.0,0.5,0.0,0.73749,1.0,0.25,0.11169,0.05233,0.33333,0.0,0.81268,1.0,0.5,0.0,1.0,1.0,0.5,0.5,0.5,1.0,1.0,0.5,0.5,0.5,0.0,0.0,1.0,1.0,1.0,0.5,0.5,1.0,0.2,0.0,1.0,1.0,1.0,0.0,0.5,0.5,0.5,0.5,0.5,0.5,0.5,0.01182,0.4,0.26667,0.0,0.5,0.0,0.0,0.28,0.08,0.94309,0.0,1.0,1.0,0.8,1.0,0.5,0.0,0.09822,0.1559,0.25,0.11992,0.06379,0.0,0.0,1.0,0.5,0.5,0.0,1.0,1.0,0.5,0.5,0.5,1.0,1.0,0.5,0.5,0.5,0.0,0.0,1.0,1.0,1.0,0.5,0.5,1.0,0.2,0.0,1.0,1.0,1.0,0.0,0.5,0.5,0.5,0.5,0.5,0.5,0.5,0.01182,0.4,0.26667,0.0,0.5,0.0,0.0,0.28,0.08,0.97641,0.0,1.0,1.0,0.8,1.0,0.5,0.0,0.74665,1.0,0.25,0.11169,0.05233,0.33333,0.0,0.81268,1.0,0.5,0.0,1.0,1.0,0.5,0.5,0.5,1.0,1.0,0.5,0.5,0.5,0.0,0.0,1.0,1.0,1.0,0.5,0.5,1.0,0.2,0.0,1.0,1.0,1.0,0.0,0.5
1.0,0.5,1.0,0.5,0.7,0.5,0.10438,0.7,0.06667,0.0,1.0,0.0,1.0,0.22,0.0,0.5,0.5,0.84444,0.84444,1.0,1.0,0.84444,1.0,0.0001,1.0,0.0,1.0,1.0,1.0,0.0,1.0,1.0,0.88889,0.55,1.0,1.0,0.5,0.5,0.5,1.0,1.0,0.5,0.5,0.5,0.5,0.5,1.0,1.0,1.0,0.5,0.5,0.45,0.2,1.0,1.0,1.0,1.0,0.0,1.0,0.5,0.5,0.5,0.5,0.5,0.5,0.10438,0.7,0.06667,0.0,1.0,0.0,0.0,0.22,0.0,0.5,0.5,0.84444,0.84444,1.0,1.0,0.5,1.0,0.60154,0.85935,0.11111,1.0,1.0,1.0,0.0,1.0,0.88889,0.5,0.8,1.0,1.0,0.5,0.5,0.5,1.0,1.0,0.5,0.5,0.5,0.5,0.5,1.0,1.0,1.0,0.5,0.5,0.2,0.3,1.0,1.0,1.0,1.0,0.0,0.5,0.5,0.5,0.5,0.5,0.5,0.5,0.10438,0.7,0.06667,0.0,1.0,0.0,0.0,0.22,0.0,0.5,0.5,0.84444,0.84444,1.0,1.0,0.5,1.0,0.64825,1.0,0.11111,1.0,1.0,1.0,0.0,1.0,0.88889,0.5,0.8,1.0,1.0,0.5,0.5,0.5,1.0,1.0,0.5,0.5,0.5,0.5,0.5,1.0,1.0,1.0,0.5,0.5,0.45,0.2,0.5,1.0,1.0,1.0,0.0,0.5,0.5,0.5,0.5,0.5,0.5,0.5,0.10438,0.7,0.06667,0.0,1.0,0.0,0.0,0.22,0.0,0.5,0.5,0.84444,0.84444,1.0,1.0,0.5,1.0,0.58778,0.76336,0.11111,1.0,1.0,1.0,0.0,1.0,0.88889,0.5,0.65,1.0,1.0,0.5,0.5,0.5,1.0,1.0,0.5,0.5,0.5,0.5,0.5,1.0,1.0,1.0,0.5,0.5,0.65,0.2,0.5,1.0,1.0,1.0,0.0,0.5,0.5,0.5,0.5,0.5,0.5,0.5,0.10438,0.7,0.06667,0.0,1.0,0.0,0.0,0.22,0.0,0.5,0.5,0.84444,0.84444,1.0,1.0,0.5,1.0,0.74961,1.0,0.11111,1.0,1.0,1.0,0.0,1.0,0.88889,0.5,0.7,1.0,1.0,0.5,0.5,0.5,1.0,1.0,0.5,0.5,0.5,0.5,0.5,1.0,1.0,1.0,0.5,0.5,0.3,0.2,0.5,1.0,1.0,1.0,0.0,0.5,0.5,0.5,0.5,0.5,0.5,0.5,0.10438,0.7,0.06667,0.0,1.0,0.0,0.0,0.22,0.0,0.5,0.5,0.84444,0.84444,1.0,1.0,0.5,1.0,0.59724,0.82951,0.11111,1.0,1.0,1.0,0.0,1.0,0.88889,0.5,0.5,1.0,1.0,0.5,0.5,0.5,1.0,1.0,0.5,0.5,0.5,0.5,0.5,1.0,1.0,1.0,0.5,0.5,0.5,0.2,0.5,1.0,1.0,1.0,0.0,0.5,0.5,0.5,0.5,0.5,0.5,0.5,0.10438,0.7,0.06667,0.0,1.0,0.0,0.0,0.22,0.0,0.5,0.5,0.84444,0.84444,1.0,1.0,0.5,1.0,0.61959,0.98348,0.11111,1.0,1.0,1.0,0.0,1.0,0.88889,0.5,0.8,1.0,1.0,0.5,0.5,0.5,1.0,1.0,0.5,0.5,0.5,0.5,0.5,1.0,1.0,1.0,0.5,0.5,0.2,0.3,1.0,1.0,1.0,1.0,0.0,0.5,0.5,0.5,0.5,0.5,0.5,0.5,0.10438,0.7,0.06667,0.0,1.0,0.0,0.0,0.22,0.0,0.5,0.5,0.84444,0.84444,1.0,1.0,0.5,1.0,0.60154,0.85935,0.11111,1.0,1.0,1.0,0.0,1.0,0.88889,0.5,0.0,1.0,1.0,0.5,0.5,0.5,1.0,1.0,0.5,0.5,0.5,0.5,0.5,1.0,1.0,1.0,0.5,0.5,1.0,0.1,0.0,1.0,1.0,1.0,0.0,0.5
0.0,0.5,1.0,0.5,0.7,0.5,0.11921,0.7,0.06667,0.0,1.0,0.0,1.0,0.1,0.0,0.5,0.5,1.0,1.0,1.0,1.0,1.0,1.0,0.0001,1.0,0.0,1.0,1.0,1.0,0.0,1.0,1.0,1.0,1.0,1.0,1.0,0.5,0.5,0.5,1.0,1.0,0.5,0.5,0.5,0.5,0.5,0.0,1.0,1.0,0.5,0.5,1.0,0.0,0.0,1.0,1.0,1.0,1.0,1.0,0.5,0.5,0.5,0.5,0.5,0.5,0.11921,0.7,0.06667,0.0,1.0,0.0,0.0,0.1,0.0,0.5,0.5,1.0,1.0,1.0,1.0,0.5,1.0,0.55187,0.78838,0.11111,1.0,1.0,1.0,1.0,1.0,0.88889,0.5,0.8,1.0,1.0,0.5,0.5,0.5,1.0,1.0,0.5,0.5,0.5,0.5,0.5,1.0,1.0,1.0,0.5,0.5,0.6,0.2,1.0,1.0,1.0,1.0,0.0,0.5,0.5,0.5,0.5,0.5,0.5,0.5,0.11921,0.7,0.06667,0.0,1.0,0.0,0.0,0.1,0.0,0.5,0.5,1.0,1.0,1.0,1.0,0.5,1.0,0.57293,1.0,0.11111,1.0,1.0,1.0,1.0,1.0,0.88889,0.5,0.8,1.0,1.0,0.5,0.5,0.5,1.0,1.0,0.5,0.5,0.5,0.5,0.5,1.0,1.0,1.0,0.5,0.5,0.75,0.2,1.0,1.0,1.0,1.0,0.0,0.5,0.5,0.5,0.5,0.5,0.5,0.5,0.11921,0.7,0.06667,0.0,1.0,0.0,0.0,0.1,0.0,0.5,0.5,1.0,1.0,1.0,1.0,0.5,1.0,0.5455,0.70845,0.11111,1.0,1.0,1.0,1.0,1.0,0.88889,0.5,0.65,1.0,1.0,0.5,0.5,0.5,1.0,1.0,0.5,0.5,0.5,0.5,0.5,1.0,1.0,1.0,0.5,0.5,0.85,0.2,1.0,1.0,1.0,1.0,0.0,0.5,0.5,0.5,0.5,0.5,0.5,0.5,0.11921,0.7,0.06667,0.0,1.0,0.0,0.0,0.1,0.0,0.5,0.5,1.0,1.0,1.0,1.0,0.5,1.0,0.61694,1.0,0.11111,1.0,1.0,1.0,1.0,1.0,0.88889,0.5,0.7,1.0,1.0,0.5,0.5,0.5,1.0,1.0,0.5,0.5,0.5,0.5,0.5,1.0,1.0,1.0,0.5,0.5,0.6,0.2,1.0,1.0,1.0,1.0,0.0,0.5,0.5,0.5,0.5,0.5,0.5,0.5,0.11921,0.7,0.06667,0.0,1.0,0.0,0.0,0.1,0.0,0.5,0.5,1.0,1.0,1.0,1.0,0.5,1.0,0.02741,0.03807,0.0,1.0,1.0,1.0,0.0,1.0,1.0,0.5,0.5,1.0,1.0,0.5,0.5,0.5,1.0,1.0,0.5,0.5,0.5,0.5,0.5,1.0,1.0,1.0,0.5,0.5,1.0,0.1,1.0,1.0,1.0,1.0,1.0,0.5,0.5,0.5,0.5,0.5,0.5,0.5,0.11921,0.7,0.06667,0.0,1.0,0.0,0.0,0.1,0.0,0.5,0.5,1.0,1.0,1.0,1.0,0.5,1.0,0.0358,0.05683,0.0,1.0,1.0,1.0,0.0,1.0,1.0,0.5,0.8,1.0,1.0,0.5,0.5,0.5,1.0,1.0,0.5,0.5,0.5,0.5,0.5,1.0,1.0,1.0,0.5,0.5,1.0,0.1,1.0,1.0,1.0,1.0,1.0,0.5,0.5,0.5,0.5,0.5,0.5,0.5,0.11921,0.7,0.06667,0.0,1.0,0.0,0.0,0.1,0.0,0.5,0.5,1.0,1.0,1.0,1.0,0.5,1.0,0.55187,0.78838,0.11111,1.0,1.0,1.0,1.0,1.0,0.88889,0.5,0.0,1.0,1.0,0.5,0.5,0.5,1.0,1.0,0.5,0.5,0.5,0.5,0.5,1.0,1.0,1.0,0.5,0.5,1.0,0.1,0.0,1.0,1.0,1.0,0.0,0.5
1.0,0.5,1.0,0.5,0.5,0.5,0.10063,0.5,0.06667,0.0,1.0,0.0,1.0,0.4,0.0,0.5,0.5,0.37778,0.82222,1.0,1.0,0.37778,1.0,0.0001,1.0,0.0,1.0,1.0,1.0,0.0,1.0,1.0,1.0,0.5,1.0,1.0,0.5,0.5,0.5,1.0,1.0,0.5,0.5,0.5,0.5,0.5,0.55,1.0,1.0,0.5,0.5,1.0,0.1,1.0,1.0,1.0,1.0,1.0,1.0,0.5,0.5,0.5,0.5,0.5,0.5,0.10063,0.5,0.06667,0.0,1.0,0.0,0.0,0.4,0.0,0.5,0.5,0.37778,0.82222,1.0,1.0,0.5,1.0,0.55147,0.78782,0.11111,1.0,1.0,1.0,0.0,1.0,0.88889,0.5,0.8,1.0,1.0,0.5,0.5,0.5,1.0,1.0,0.5,0.5,0.5,0.5,0.5,1.0,1.0,1.0,0.5,0.5,0.5,0.2,1.0,1.0,1.0,1.0,0.0,0.5,0.5,0.5,0.5,0.5,0.5,0.5,0.10063,0.5,0.06667,0.0,1.0,0.0,0.0,0.4,0.0,0.5,0.5,0.37778,0.82222,1.0,1.0,0.5,1.0,0.57089,1.0,0.11111,1.0,1.0,1.0,0.0,1.0,0.88889,0.5,0.8,1.0,1.0,0.5,0.5,0.5,1.0,1.0,0.5,0.5,0.5,0.5,0.5,1.0,1.0,1.0,0.5,0.5,0.7,0.2,1.0,1.0,1.0,1.0,0.0,0.5,0.5,0.5,0.5,0.5,0.5,0.5,0.10063,0.5,0.06667,0.0,1.0,0.0,0.0,0.4,0.0,0.5,0.5,0.37778,0.82222,1.0,1.0,0.5,1.0,0.59366,0.77099,0.11111,0.92929,0.86792,0.0,1.0,1.0,0.88889,0.5,0.65,1.0,1.0,0.5,0.5,0.5,1.0,1.0,0.5,0.5,0.5,0.5,0.5,1.0,1.0,1.0,0.5,0.5,0.55,0.2,1.0,1.0,1.0,1.0,0.0,0.5,0.5,0.5,0.5,0.5,0.5,0.5,0.10063,0.5,0.06667,0.0,1.0,0.0,0.0,0.4,0.0,0.5,0.5,0.37778,0.82222,1.0,1.0,0.5,1.0,0.71303,1.0,0.11111,0.92929,0.86792,0.0,1.0,1.0,0.88889,0.5,0.7,1.0,1.0,0.5,0.5,0.5,1.0,1.0,0.5,0.5,0.5,0.5,0.5,1.0,1.0,1.0,0.5,0.5,0.3,0.2,1.0,1.0,1.0,1.0,0.0,0.5,0.5,0.5,0.5,0.5,0.5,0.5,0.10063,0.5,0.06667,0.0,1.0,0.0,0.0,0.4,0.0,0.5,0.5,0.37778,0.82222,1.0,1.0,0.5,1.0,0.54963,0.76337,0.11111,1.0,1.0,1.0,0.0,1.0,0.88889,0.5,0.5,1.0,1.0,0.5,0.5,0.5,1.0,1.0,0.5,0.5,0.5,0.5,0.5,1.0,1.0,1.0,0.5,0.5,0.7,0.2,1.0,1.0,1.0,1.0,0.0,0.5,0.5,0.5,0.5,0.5,0.5,0.5,0.10063,0.5,0.06667,0.0,1.0,0.0,0.0,0.4,0.0,0.5,0.5,0.37778,0.82222,1.0,1.0,0.5,1.0,0.61947,0.98329,0.11111,0.92929,0.86792,0.0,1.0,1.0,0.88889,0.5,0.8,1.0,1.0,0.5,0.5,0.5,1.0,1.0,0.5,0.5,0.5,0.5,0.5,1.0,1.0,1.0,0.5,0.5,0.35,0.2,1.0,1.0,1.0,1.0,0.0,0.5,0.5,0.5,0.5,0.5,0.5,0.5,0.10063,0.5,0.06667,0.0,1.0,0.0,0.0,0.4,0.0,0.5,0.5,0.37778,0.82222,1.0,1.0,0.5,1.0,0.55147,0.78782,0.11111,1.0,1.0,1.0,0.0,1.0,0.88889,0.5,0.0,1.0,1.0,0.5,0.5,0.5,1.0,1.0,0.5,0.5,0.5,0.5,0.5,1.0,1.0,1.0,0.5,0.5,1.0,0.1,0.0,1.0,1.0,1.0,0.0,0.5
1.0,0.5,1.0,0.5,0.8,0.5,0.14174,0.8,0.06667,0.0,1.0,0.0,1.0,0.21,0.0,0.5,0.5,0.77778,0.8,1.0,1.0,0.77778,1.0,0.0001,1.0,0.0,1.0,1.0,1.0,0.0,1.0,1.0,1.0,0.5,1.0,1.0,0.5,0.5,0.5,1.0,1.0,0.5,0.5,0.5,0.5,0.5,0.6,1.0,1.0,0.5,0.5,1.0,0.1,1.0,1.0,1.0,1.0,1.0,1.0,0.5,0.5,0.5,0.5,0.5,0.5,0.14174,0.8,0.06667,0.0,1.0,0.0,0.0,0.21,0.0,0.5,0.5,0.77778,0.8,1.0,1.0,0.5,1.0,0.58672,0.83818,0.11111,1.0,1.0,1.0,1.0,1.0,0.88889,0.5,0.8,1.0,1.0,0.5,0.5,0.5,1.0,1.0,0.5,0.5,0.5,0.5,0.5,1.0,1.0,1.0,0.5,0.5,0.45,0.2,1.0,1.0,1.0,1.0,0.0,0.5,0.5,0.5,0.5,0.5,0.5,0.5,0.14174,0.8,0.06667,0.0,1.0,0.0,0.0,0.21,0.0,0.5,0.5,0.77778,0.8,1.0,1.0,0.5,1.0,0.62136,1.0,0.11111,1.0,1.0,1.0,1.0,1.0,0.88889,0.5,0.8,1.0,1.0,0.5,0.5,0.5,1.0,1.0,0.5,0.5,0.5,0.5,0.5,1.0,1.0,1.0,0.5,0.5,0.65,0.2,1.0,1.0,1.0,1.0,0.0,0.5,0.5,0.5,0.5,0.5,0.5,0.5,0.14174,0.8,0.06667,0.0,1.0,0.0,0.0,0.21,0.0,0.5,0.5,0.77778,0.8,1.0,1.0,0.5,1.0,0.57622,0.74834,0.11111,1.0,1.0,1.0,1.0,1.0,0.88889,0.5,0.65,1.0,1.0,0.5,0.5,0.5,1.0,1.0,0.5,0.5,0.5,0.5,0.5,1.0,1.0,1.0,0.5,0.5,0.8,0.2,1.0,1.0,1.0,1.0,0.0,0.5,0.5,0.5,0.5,0.5,0.5,0.5,0.14174,0.8,0.06667,0.0,1.0,0.0,0.0,0.21,0.0,0.5,0.5,0.77778,0.8,1.0,1.0,0.5,1.0,0.69331,1.0,0.11111,1.0,1.0,1.0,1.0,1.0,0.88889,0.5,0.7,1.0,1.0,0.5,0.5,0.5,1.0,1.0,0.5,0.5,0.5,0.5,0.5,1.0,1.0,1.0,0.5,0.5,0.45,0.2,1.0,1.0,1.0,1.0,0.0,0.5,0.5,0.5,0.5,0.5,0.5,0.5,0.14174,0.8,0.06667,0.0,1.0,0.0,0.0,0.21,0.0,0.5,0.5,0.77778,0.8,1.0,1.0,0.5,1.0,0.58346,0.81036,0.11111,1.0,1.0,1.0,1.0,1.0,0.88889,0.5,0.5,1.0,1.0,0.5,0.5,0.5,1.0,1.0,0.5,0.5,0.5,0.5,0.5,1.0,1.0,1.0,0.5,0.5,0.7,0.2,1.0,1.0,1.0,1.0,0.0,0.5,0.5,0.5,0.5,0.5,0.5,0.5,0.14174,0.8,0.06667,0.0,1.0,0.0,0.0,0.21,0.0,0.5,0.5,0.77778,0.8,1.0,1.0,0.5,1.0,0.60027,0.95281,0.11111,1.0,1.0,1.0,1.0,1.0,0.88889,0.5,0.8,1.0,1.0,0.5,0.5,0.5,1.0,1.0,0.5,0.5,0.5,0.5,0.5,1.0,1.0,1.0,0.5,0.5,0.7,0.2,1.0,1.0,1.0,1.0,0.0,0.5,0.5,0.5,0.5,0.5,0.5,0.5,0.14174,0.8,0.06667,0.0,1.0,0.0,0.0,0.21,0.0,0.5,0.5,0.77778,0.8,1.0,1.0,0.5,1.0,0.58672,0.83818,0.11111,1.0,1.0,1.0,1.0,1.0,0.88889,0.5,0.0,1.0,1.0,0.5,0.5,0.5,1.0,1.0,0.5,0.5,0.5,0.5,0.5,1.0,1.0,1.0,0.5,0.5,1.0,0.1,0.0,1.0,1.0,1.0,0.0,0.5
1.0,0.5,1.0,0.5,0.2,0.5,0.04943,0.2,0.83333,0.0,1.0,0.0,1.0,0.65,0.01,0.02263,0.0,1.0,1.0,1.0,1.0,1.0,0.0,0.0001,1.0,0.0,1.0,1.0,1.0,0.0,1.0,1.0,1.0,1.0,1.0,1.0,0.5,0.5,0.5,1.0,1.0,0.97486,1.0,0.5,0.17759,0.44612,0.0,1.0,1.0,0.97486,1.0,1.0,0.0,0.0,1.0,0.0,1.0,0.0,1.0,0.0,0.0,0.0,0.0,0.6,0.6,0.04943,0.2,0.83333,0.0,1.0,0.0,0.0,0.65,0.01,0.36442,0.0,1.0,1.0,1.0,1.0,0.8,1.0,0.59127,0.84467,0.11111,0.78028,0.47264,0.5,0.0,1.0,0.88889,0.88889,0.8,1.0,1.0,0.5,0.5,0.5,1.0,1.0,0.5,0.5,0.5,0.0,0.0,1.0,1.0,1.0,0.97486,1.0,0.2,0.3,1.0,1.0,1.0,1.0,0.0,0.88889,0.0,1.0,0.0,0.0,0.1,0.2,0.04943,0.2,0.83333,0.0,1.0,0.0,0.0,0.65,0.01,0.69662,0.0,1.0,1.0,1.0,1.0,1.0,1.0,0.57632,1.0,0.11111,1.0,0.80798,0.5,0.0,0.89318,0.88889,1.0,0.8,1.0,1.0,0.5,0.5,0.5,1.0,1.0,0.5,0.5,0.5,0.0,0.0,1.0,1.0,1.0,0.97486,1.0,0.55,0.2,0.5,1.0,1.0,1.0,0.0,0.77778,1.0,1.0,1.0,1.0,0.2,0.2,0.04943,0.2,0.83333,0.0,1.0,0.0,0.0,0.65,0.01,0.06621,0.0,1.0,1.0,1.0,1.0,1.0,1.0,0.62633,0.81341,0.11111,0.58834,0.29673,0.5,0.0,1.0,0.88889,0.77778,0.65,1.0,1.0,0.5,0.5,0.5,1.0,1.0,0.5,0.5,0.5,0.0,0.0,1.0,1.0,1.0,0.97486,1.0,0.7,0.2,0.5,1.0,1.0,1.0,0.0,0.77778,0.0,1.0,0.0,1.0,0.2,0.3,0.04943,0.2,0.83333,0.0,1.0,0.0,0.0,0.65,0.01,0.36442,0.0,1.0,1.0,1.0,1.0,0.8,1.0,0.77552,1.0,0.11111,0.58834,0.29673,0.5,0.0,1.0,0.88889,0.66667,0.7,1.0,1.0,0.5,0.5,0.5,1.0,1.0,0.5,0.5,0.5,0.0,0.0,1.0,1.0,1.0,0.97486,1.0,0.3,0.2,0.5,1.0,1.0,1.0,0.0,1.0,0.5,0.5,0.5,0.5,0.5,0.5,0.04943,0.2,0.83333,0.0,1.0,0.0,0.0,0.65,0.01,0.72946,0.0,1.0,1.0,1.0,1.0,0.5,1.0,0.55457,0.77023,0.11111,1.0,0.80798,0.5,0.0,0.89318,0.88889,0.5,0.5,1.0,1.0,0.5,0.5,0.5,1.0,1.0,0.5,0.5,0.5,0.0,0.0,1.0,1.0,1.0,0.97486,1.0,0.6,0.2,0.5,1.0,1.0,1.0,0.0,0.5,1.0,0.0,1.0,0.0,0.2,0.1,0.04943,0.2,0.83333,0.0,1.0,0.0,0.0,0.65,0.01,0.87947,0.0,1.0,1.0,1.0,1.0,1.0,1.0,0.0184,0.02921,0.0,1.0,1.0,1.0,0.0,1.0,1.0,1.0,0.8,1.0,1.0,0.5,0.5,0.5,1.0,1.0,0.5,0.5,0.5,0.0,0.0,1.0,1.0,1.0,0.97486,1.0,0.6,0.2,1.0,1.0,1.0,1.0,0.0,0.77778,0.0,0.0,0.0,0.0,0.6,0.6,0.04943,0.2,0.83333,0.0,1.0,0.0,0.0,0.65,0.01,0.36442,0.0,1.0,1.0,1.0,1.0,0.8,1.0,0.59127,0.84467,0.11111,0.78028,0.47264,0.5,0.0,1.0,0.88889,0.88889,0.0,1.0,1.0,0.5,0.5,0.5,1.0,1.0,0.5,0.5,0.5,0.0,0.0,1.0,1.0,1.0,0.97486,1.0,1.0,0.1,0.0,1.0,0.0,1.0,0.0,1.0
0.0,0.5,0.0,0.5,1.0,0.5,0.1975,1.0,0.06667,0.0,1.0,0.0,1.0,0.1,0.0,0.5,0.5,1.0,1.0,1.0,1.0,1.0,1.0,0.0001,1.0,0.0,1.0,1.0,1.0,0.0,1.0,1.0,1.0,1.0,1.0,1.0,0.5,0.5,0.5,1.0,1.0,0.5,0.5,0.5,0.5,0.5,0.0,1.0,1.0,0.5,0.5,1.0,0.0,0.0,1.0,1.0,1.0,1.0,1.0,0.5,0.5,0.5,0.5,0.5,0.5,0.1975,1.0,0.06667,0.0,1.0,0.0,0.0,0.1,0.0,0.5,0.5,1.0,1.0,1.0,1.0,0.5,1.0,0.5845,0.835,0.11111,1.0,1.0,1.0,1.0,1.0,0.88889,0.5,0.8,1.0,1.0,0.5,0.5,0.5,1.0,1.0,0.5,0.5,0.5,0.5,0.5,1.0,1.0,1.0,0.5,0.5,0.75,0.2,1.0,1.0,1.0,1.0,0.0,0.5,0.5,0.5,0.5,0.5,0.5,0.5,0.1975,1.0,0.06667,0.0,1.0,0.0,0.0,0.1,0.0,0.5,0.5,1.0,1.0,1.0,1.0,0.5,1.0,0.62478,1.0,0.11111,1.0,1.0,1.0,1.0,1.0,0.88889,0.5,0.8,1.0,1.0,0.5,0.5,0.5,1.0,1.0,0.5,0.5,0.5,0.5,0.5,1.0,1.0,1.0,0.5,0.5,0.85,0.2,1.0,1.0,1.0,1.0,0.0,0.5,0.5,0.5,0.5,0.5,0.5,0.5,0.1975,1.0,0.06667,0.0,1.0,0.0,0.0,0.1,0.0,0.5,0.5,1.0,1.0,1.0,1.0,0.5,1.0,0.57272,0.74379,0.11111,1.0,1.0,1.0,1.0,1.0,0.88889,0.5,0.65,1.0,1.0,0.5,0.5,0.5,1.0,1.0,0.5,0.5,0.5,0.5,0.5,1.0,1.0,1.0,0.5,0.5,0.9,0.2,1.0,1.0,1.0,1.0,0.0,0.5,0.5,0.5,0.5,0.5,0.5,0.5,0.1975,1.0,0.06667,0.0,1.0,0.0,0.0,0.1,0.0,0.5,0.5,1.0,1.0,1.0,1.0,0.5,1.0,0.71303,1.0,0.11111,1.0,1.0,1.0,1.0,1.0,0.88889,0.5,0.7,1.0,1.0,0.5,0.5,0.5,1.0,1.0,0.5,0.5,0.5,0.5,0.5,1.0,1.0,1.0,0.5,0.5,0.75,0.2,1.0,1.0,1.0,1.0,0.0,0.5,0.5,0.5,0.5,0.5,0.5,0.5,0.1975,1.0,0.06667,0.0,1.0,0.0,0.0,0.1,0.0,0.5,0.5,1.0,1.0,1.0,1.0,0.5,1.0,0.07525,0.10451,0.0,1.0,1.0,1.0,0.0,1.0,1.0,0.5,0.5,1.0,1.0,0.5,0.5,0.5,1.0,1.0,0.5,0.5,0.5,0.5,0.5,1.0,1.0,1.0,0.5,0.5,1.0,0.1,1.0,1.0,1.0,1.0,1.0,0.5,0.5,0.5,0.5,0.5,0.5,0.5,0.1975,1.0,0.06667,0.0,1.0,0.0,0.0,0.1,0.0,0.5,0.5,1.0,1.0,1.0,1.0,0.5,1.0,0.09828,0.156,0.0,1.0,1.0,1.0,0.0,1.0,1.0,0.5,0.8,1.0,1.0,0.5,0.5,0.5,1.0,1.0,0.5,0.5,0.5,0.5,0.5,1.0,1.0,1.0,0.5,0.5,1.0,0.1,1.0,1.0,1.0,1.0,1.0,0.5,0.5,0.5,0.5,0.5,0.5,0.5,0.1975,1.0,0.06667,0.0,1.0,0.0,0.0,0.1,0.0,0.5,0.5,1.0,1.0,1.0,1.0,0.5,1.0,0.5845,0.835,0.11111,1.0,1.0,1.0,1.0,1.0,0.88889,0.5,0.0,1.0,1.0,0.5,0.5,0.5,1.0,1.0,0.5,0.5,0.5,0.5,0.5,1.0,1.0,1.0,0.5,0.5,1.0,0.1,0.0,1.0,1.0,1.0,0.0,0.5
0.5,0.5,0.5,0.5,0.5,0.5,0.11648,0.7,0.3,0.0,1.0,0.0,0.0,0.46,0.02,0.99935,0.0,1.0,1.0,1.0,1.0,0.5,0.0,0.0001,1.0,0.0,0.83599,0.64568,0.0,0.0,0.9626,0.88889,0.5,1.0,1.0,1.0,0.5,0.5,0.5,1.0,1.0,0.5,0.5,0.5,0.01607,0.0,0.95,1.0,1.0,0.5,0.5,0.05,0.3,1.0,0.33333,0.33333,1.0,0.66667,0.5,0.5,0.5,0.5,0.5,0.5,0.5,0.11648,0.7,0.3,0.0,1.0,0.0,0.0,0.46,0.02,0.99,0.0,1.0,1.0,1.0,1.0,0.5,1.0,0.92414,1.0,0.11111,0.90873,0.64568,0.25,0.0,0.97008,0.77778,0.5,0.8,1.0,1.0,0.5,0.5,0.5,1.0,1.0,0.5,0.5,0.5,0.0,0.0,1.0,1.0,1.0,0.5,0.5,0.2,0.5,1.0,0.5,0.5,1.0,0.5,0.5,0.0,1.0,0.0,1.0,0.3,0.5,0.11648,0.7,0.3,0.0,1.0,0.0,0.0,0.46,0.02,0.98176,0.0,1.0,1.0,1.0,1.0,0.53333,0.0,0.97361,1.0,0.88889,1.0,1.0,1.0,0.0,0.93322,0.22222,0.44444,0.8,1.0,1.0,0.5,0.5,0.5,1.0,1.0,0.5,0.5,0.5,0.5537,0.00576,0.95,1.0,1.0,0.5,0.5,0.55,0.2,0.2,1.0,1.0,1.0,0.0,1.0,0.5,0.5,0.5,0.5,0.5,0.5,0.11648,0.7,0.3,0.0,1.0,0.0,0.0,0.46,0.02,0.9981,0.0,1.0,1.0,1.0,1.0,0.5,1.0,0.85546,1.0,0.11111,0.90873,0.64568,0.25,0.0,0.97008,0.77778,0.5,0.65,1.0,1.0,0.5,0.5,0.5,1.0,1.0,0.5,0.5,0.5,0.0,0.0,1.0,1.0,1.0,0.5,0.5,0.35,0.5,1.0,0.5,0.5,1.0,0.5,0.5,0.0,0.5,0.0,0.5,0.7,0.5,0.11648,0.7,0.3,0.0,1.0,0.0,1.0,0.46,0.02,0.99,0.0,1.0,1.0,1.0,1.0,1.0,0.0,0.94555,1.0,0.11111,0.81812,0.64568,0.0,0.0,0.94157,1.0,1.0,0.7,1.0,1.0,0.5,0.5,0.5,1.0,1.0,0.5,0.5,0.5,0.0,0.0,1.0,1.0,1.0,0.5,0.5,0.3,0.3,1.0,0.0,0.0,1.0,1.0,1.0,0.5,0.5,0.5,0.5,0.5,0.5,0.11648,0.7,0.3,0.0,1.0,0.0,0.0,0.46,0.02,0.98099,0.0,1.0,1.0,1.0,1.0,0.5,1.0,0.90251,1.0,0.11111,0.90873,0.64568,0.25,0.0,0.97008,0.77778,0.5,0.5,1.0,1.0,0.5,0.5,0.5,1.0,1.0,0.5,0.5,0.5,0.5537,0.00576,0.95,1.0,1.0,0.5,0.5,0.55,0.4,0.75,0.33333,0.33333,1.0,0.5,0.5,1.0,1.0,1.0,1.0,0.5,0.7,0.11648,0.7,0.3,0.0,1.0,0.0,0.0,0.46,0.02,0.97754,0.0,1.0,1.0,1.0,1.0,0.55556,0.0,0.98374,1.0,0.11111,0.90873,0.64568,0.25,0.0,0.97008,0.77778,0.55556,0.8,1.0,1.0,0.5,0.5,0.5,1.0,1.0,0.5,0.5,0.5,0.0,0.0,1.0,1.0,1.0,0.5,0.5,0.2,0.5,1.0,0.5,0.5,1.0,0.5,0.88889,0.5,0.5,0.5,0.5,0.5,0.5,0.11648,0.7,0.3,0.0,1.0,0.0,0.0,0.46,0.02,0.99,0.0,1.0,1.0,1.0,1.0,0.5,1.0,0.92414,1.0,0.11111,0.90873,0.64568,0.25,0.0,0.97008,0.77778,0.5,0.0,1.0,1.0,0.5,0.5,0.5,1.0,1.0,0.5,0.5,0.5,0.0,0.0,1.0,1.0,1.0,0.5,0.5,1.0,0.1,0.0,1.0,1.0,1.0,0.5,0.5
0.5,0.5,0.5,0.5,0.5,0.5,0.10687,0.7,0.33333,0.0,1.0,0.0,0.0,0.39,0.03,0.99883,0.0,1.0,1.0,1.0,1.0,0.5,0.0,0.0001,1.0,0.0,0.76431,0.57269,0.0,0.0,0.95642,0.88889,0.5,1.0,1.0,1.0,0.5,0.5,0.5,1.0,1.0,0.5,0.5,0.5,0.0,0.00059,1.0,1.0,1.0,1.0,0.04942,0.0,0.2,0.66667,0.5,0.5,1.0,0.66667,0.5,0.5,0.5,0.5,0.5,0.5,0.5,0.10687,0.7,0.33333,0.0,1.0,0.0,0.0,0.39,0.03,0.98219,0.0,1.0,1.0,1.0,1.0,0.5,1.0,0.9297,1.0,0.11111,0.8281,0.57269,0.25,0.0,0.96514,1.0,0.5,0.8,1.0,1.0,0.5,0.5,0.5,1.0,1.0,0.5,0.5,0.5,0.0,0.0,1.0,1.0,1.0,1.0,0.04942,0.2,0.4,0.75,0.66667,0.66667,1.0,0.75,0.5,0.0,1.0,0.0,1.0,0.3,0.5,0.10687,0.7,0.33333,0.0,1.0,0.0,0.0,0.39,0.03,0.96779,0.0,1.0,1.0,1.0,1.0,0.53333,0.0,0.96639,1.0,0.88889,1.0,1.0,1.0,0.0,0.93568,0.22222,0.44444,0.8,1.0,1.0,0.5,0.5,0.5,1.0,1.0,0.5,0.5,0.5,0.0,0.01117,1.0,1.0,1.0,1.0,0.04942,0.5,0.2,0.2,1.0,1.0,1.0,0.2,1.0,0.5,0.5,0.5,0.5,0.5,0.5,0.10687,0.7,0.33333,0.0,1.0,0.0,0.0,0.39,0.03,0.99659,0.0,1.0,1.0,1.0,1.0,0.5,1.0,0.8602,1.0,0.11111,0.8281,0.57269,0.25,0.0,0.96514,1.0,0.5,0.65,1.0,1.0,0.5,0.5,0.5,1.0,1.0,0.5,0.5,0.5,0.0,0.0,1.0,1.0,1.0,1.0,0.04942,0.35,0.4,0.75,0.66667,0.66667,1.0,0.75,0.5,0.0,0.0,0.0,0.0,0.7,0.7,0.10687,0.7,0.33333,0.0,1.0,0.0,0.0,0.39,0.03,0.98219,0.0,1.0,1.0,1.0,1.0,1.0,1.0,0.95133,1.0,0.11111,0.75563,0.57269,0.0,0.0,1.0,0.77778,0.77778,0.7,1.0,1.0,0.5,0.5,0.5,1.0,1.0,0.5,0.5,0.5,0.0,0.0,1.0,1.0,1.0,1.0,0.04942,0.3,0.3,1.0,0.5,0.5,1.0,0.5,1.0,0.0,0.5,0.0,0.5,0.7,0.5,0.10687,0.7,0.33333,0.0,1.0,0.0,1.0,0.39,0.03,0.96645,0.0,1.0,1.0,1.0,1.0,1.0,1.0,0.90782,1.0,0.11111,0.8281,0.57269,0.25,0.0,0.96514,1.0,1.0,0.5,1.0,1.0,0.5,0.5,0.5,1.0,1.0,1.0,0.04942,0.5,0.0,0.01117,1.0,1.0,1.0,1.0,0.04942,0.5,0.5,1.0,0.5,0.5,1.0,0.75,1.0,1.0,1.0,1.0,1.0,0.5,0.7,0.10687,0.7,0.33333,0.0,1.0,0.0,0.0,0.39,0.03,0.96051,0.0,1.0,1.0,1.0,1.0,0.55556,0.0,0.97708,1.0,0.11111,0.8281,0.57269,0.25,0.0,0.96514,1.0,0.55556,0.8,1.0,1.0,0.5,0.5,0.5,1.0,1.0,0.5,0.5,0.5,0.0,0.0,1.0,1.0,1.0,1.0,0.04942,0.2,0.5,1.0,0.5,0.5,1.0,0.75,0.88889,0.5,0.5,0.5,0.5,0.5,0.5,0.10687,0.7,0.33333,0.0,1.0,0.0,0.0,0.39,0.03,0.98219,0.0,1.0,1.0,1.0,1.0,0.5,1.0,0.9297,1.0,0.11111,0.8281,0.57269,0.25,0.0,0.96514,1.0,0.5,0.0,1.0,1.0,0.5,0.5,0.5,1.0,1.0,0.5,0.5,0.5,0.0,0.0,1.0,1.0,1.0,1.0,0.04942,1.0,0.1,0.0,1.0,0.0,1.0,0.75,0.5
1.0,0.5,1.0,0.5,0.7,0.5,0.12714,0.7,0.06667,0.0,1.0,0.0,1.0,0.17,0.0,0.5,0.5,0.86667,0.91111,1.0,1.0,0.86667,1.0,0.0001,1.0,0.0,1.0,0.78736,0.66667,0.0,0.61865,1.0,0.66667,0.55,1.0,1.0,0.5,0.5,0.5,1.0,1.0,0.5,0.5,0.5,0.5,0.5,1.0,1.0,1.0,0.5,0.5,0.45,0.4,1.0,1.0,1.0,1.0,0.0,1.0,0.5,0.5,0.5,0.5,0.5,0.5,0.12714,0.7,0.06667,0.0,1.0,0.0,0.0,0.17,0.0,0.5,0.5,0.86667,0.91111,1.0,1.0,0.5,1.0,0.71041,1.0,0.11111,1.0,0.78736,0.75,1.0,0.69927,0.88889,0.5,0.8,1.0,1.0,0.5,0.5,0.5,1.0,1.0,0.5,0.5,0.5,0.5,0.5,1.0,1.0,1.0,0.5,0.5,0.2,0.5,1.0,1.0,1.0,1.0,0.0,0.5,0.5,0.5,0.5,0.5,0.5,0.5,0.12714,0.7,0.06667,0.0,1.0,0.0,0.0,0.17,0.0,0.5,0.5,0.86667,0.91111,1.0,1.0,0.5,1.0,0.82273,1.0,0.11111,1.0,0.78736,0.75,1.0,0.69927,0.88889,0.5,0.8,1.0,1.0,0.5,0.5,0.5,1.0,1.0,0.5,0.5,0.5,0.5,0.5,1.0,1.0,1.0,0.5,0.5,0.2,0.4,0.75,1.0,1.0,1.0,0.0,0.5,0.5,0.5,0.5,0.5,0.5,0.5,0.12714,0.7,0.06667,0.0,1.0,0.0,0.0,0.17,0.0,0.5,0.5,0.86667,0.91111,1.0,1.0,0.5,1.0,0.6782,0.88078,0.11111,1.0,0.78736,0.75,1.0,0.69927,0.88889,0.5,0.65,1.0,1.0,0.5,0.5,0.5,1.0,1.0,0.5,0.5,0.5,0.5,0.5,1.0,1.0,1.0,0.5,0.5,0.4,0.4,0.75,1.0,1.0,1.0,0.0,0.5,0.5,0.5,0.5,0.5,0.5,0.5,0.12714,0.7,0.06667,0.0,1.0,0.0,0.0,0.17,0.0,0.5,0.5,0.86667,0.91111,1.0,1.0,0.5,1.0,0.80569,1.0,0.11111,1.0,0.78736,0.5,0.0,0.7665,0.88889,0.5,0.7,1.0,1.0,0.5,0.5,0.5,1.0,1.0,0.5,0.5,0.5,0.5,0.5,1.0,1.0,1.0,0.5,0.5,0.3,0.3,1.0,1.0,1.0,1.0,0.0,0.5,0.5,0.5,0.5,0.5,0.5,0.5,0.12714,0.7,0.06667,0.0,1.0,0.0,0.0,0.17,0.0,0.5,0.5,0.86667,0.91111,1.0,1.0,0.5,1.0,0.24867,0.34537,0.0,1.0,0.78736,0.66667,0.0,0.61865,1.0,0.5,0.5,1.0,1.0,0.5,0.5,0.5,1.0,1.0,0.5,0.5,0.5,0.5,0.5,1.0,1.0,1.0,0.5,0.5,0.5,0.3,0.66667,1.0,1.0,1.0,0.0,0.5,0.5,0.5,0.5,0.5,0.5,0.5,0.12714,0.7,0.06667,0.0,1.0,0.0,0.0,0.17,0.0,0.5,0.5,0.86667,0.91111,1.0,1.0,0.5,1.0,0.32479,0.51554,0.11111,1.0,0.78736,0.5,0.0,0.7665,0.88889,0.5,0.8,1.0,1.0,0.5,0.5,0.5,1.0,1.0,0.5,0.5,0.5,0.5,0.5,1.0,1.0,1.0,0.5,0.5,0.3,0.3,1.0,1.0,1.0,1.0,0.0,0.5,0.5,0.5,0.5,0.5,0.5,0.5,0.12714,0.7,0.06667,0.0,1.0,0.0,0.0,0.17,0.0,0.5,0.5,0.86667,0.91111,1.0,1.0,0.5,1.0,0.71041,1.0,0.11111,1.0,0.78736,0.75,1.0,0.69927,0.88889,0.5,0.0,1.0,1.0,0.5,0.5,0.5,1.0,1.0,0.5,0.5,0.5,0.5,0.5,1.0,1.0,1.0,0.5,0.5,1.0,0.1,0.0,1.0,1.0,1.0,0.0,0.5
1.0,0.0,1.0,0.0,0.8,0.8,0.08266,0.4,0.36667,0.0,1.0,0.0,0.0,0.47,0.06,0.99757,0.0,1.0,1.0,1.0,1.0,0.53333,0.0,0.0001,1.0,0.0,0.82869,0.54236,0.4,0.0,0.96745,0.88889,0.44444,1.0,1.0,1.0,0.5,0.5,0.5,1.0,1.0,0.5,0.5,0.5,0.2936,0.49722,0.0,1.0,1.0,0.35599,0.38152,1.0,0.0,0.0,1.0,0.0,1.0,0.4,1.0,0.0,0.0,0.0,0.0,0.5,0.7,0.08266,0.4,0.36667,0.0,1.0,0.0,0.0,0.47,0.06,0.96297,0.0,1.0,1.0,1.0,1.0,0.57778,0.0,0.98827,1.0,0.11111,0.83716,0.54236,0.33333,0.0,0.96694,0.77778,0.44444,0.8,1.0,1.0,0.5,0.5,0.5,1.0,1.0,0.5,0.5,0.5,0.0,0.0,1.0,1.0,1.0,0.35599,0.38152,0.2,0.6,0.83333,0.6,0.6,1.0,0.33333,0.88889,1.0,0.5,0.0,0.5,0.4,0.5,0.08266,0.4,0.36667,0.0,1.0,0.0,1.0,0.47,0.06,0.93278,0.0,1.0,1.0,1.0,1.0,1.0,1.0,0.96267,1.0,0.11111,0.78196,0.54236,0.25,0.0,0.98182,1.0,0.77778,0.8,1.0,1.0,0.5,0.5,0.5,1.0,1.0,0.35599,0.38152,0.5,0.09476,0.12878,0.6,1.0,1.0,0.35599,0.38152,0.6,0.3,0.5,0.0,0.5,1.0,0.5,1.0,0.5,0.5,0.5,0.5,0.5,0.5,0.08266,0.4,0.36667,0.0,1.0,0.0,0.0,0.47,0.06,0.99294,0.0,1.0,1.0,1.0,1.0,0.5,1.0,0.47114,0.61187,0.11111,0.78196,0.54236,0.25,0.0,0.98182,1.0,0.5,0.65,1.0,1.0,0.5,0.5,0.5,1.0,1.0,0.5,0.5,0.5,0.0,0.0,1.0,1.0,1.0,0.35599,0.38152,0.55,0.3,0.5,0.0,0.5,1.0,0.5,0.5,0.0,0.0,0.0,0.0,0.6,0.5,0.08266,0.4,0.36667,0.0,1.0,0.0,0.0,0.47,0.06,0.96297,0.0,1.0,1.0,1.0,1.0,0.88889,0.0,0.91341,1.0,0.11111,0.92651,0.58557,0.5,0.0,0.95837,0.77778,0.44444,0.7,1.0,1.0,0.5,0.5,0.5,1.0,1.0,0.5,0.5,0.5,0.0,0.0,1.0,1.0,1.0,0.35599,0.38152,0.3,0.3,0.5,0.0,0.5,1.0,0.5,1.0,0.5,0.5,0.5,0.5,0.5,0.5,0.08266,0.4,0.36667,0.0,1.0,0.0,0.0,0.47,0.06,0.92996,0.0,1.0,1.0,1.0,1.0,0.5,0.0,0.6909,0.95959,0.0,0.82869,0.54236,0.4,0.0,0.96745,0.88889,0.5,0.5,1.0,1.0,0.5,0.5,0.5,1.0,1.0,0.5,0.5,0.5,0.09157,0.15422,0.5,1.0,1.0,0.35599,0.38152,1.0,0.1,0.0,1.0,0.0,1.0,0.4,0.5,0.0,0.0,0.0,0.0,0.8,0.5,0.08266,0.4,0.36667,0.0,1.0,0.0,0.0,0.47,0.06,0.91742,0.0,1.0,1.0,1.0,1.0,0.44444,1.0,0.90241,1.0,0.0,0.82869,0.54236,0.4,0.0,0.96745,0.88889,0.44444,0.8,1.0,1.0,0.5,0.5,0.5,1.0,1.0,0.5,0.5,0.5,0.0,0.0,1.0,1.0,1.0,0.35599,0.38152,0.2,0.6,1.0,0.6,0.4,1.0,0.4,0.88889,0.5,0.5,0.5,0.5,0.5,0.5,0.08266,0.4,0.36667,0.0,1.0,0.0,0.0,0.47,0.06,0.96297,0.0,1.0,1.0,1.0,1.0,0.5,0.0,0.98827,1.0,0.11111,0.83716,0.54236,0.33333,0.0,0.96694,0.77778,0.5,0.0,1.0,1.0,0.5,0.5,0.5,1.0,1.0,0.5,0.5,0.5,0.0,0.0,1.0,1.0,1.0,0.35599,0.38152,1.0,0.1,0.0,1.0,0.0,1.0,0.33333,0.5
1.0,1.0,1.0,0.0,0.1,0.1,0.0348,0.1,0.0,0.83333,1.0,0.0,0.0,0.42,0.09,0.0,0.99983,1.0,1.0,1.0,1.0,1.0,0.0,0.0001,1.0,0.0,0.32064,0.16872,0.0,0.0,0.98708,0.88889,1.0,1.0,1.0,1.0,0.5,0.5,0.5,1.0,1.0,0.65767,1.0,1.0,0.12231,0.01018,0.0,1.0,1.0,0.2676,0.61571,1.0,0.0,0.0,1.0,0.0,1.0,0.8,1.0,0.0,0.0,0.0,0.0,0.1,0.1,0.0348,0.1,0.0,0.83333,1.0,0.0,0.0,0.42,0.09,0.0,0.99747,1.0,1.0,1.0,1.0,1.0,1.0,0.86556,1.0,0.0,0.32064,0.16872,0.0,0.0,0.98708,0.88889,0.88889,1.0,1.0,1.0,0.5,0.24157,0.5,1.0,1.0,0.5,0.5,0.5,0.12231,0.01018,0.0,1.0,1.0,0.2676,0.61571,1.0,0.0,0.0,1.0,0.0,1.0,0.8,1.0,1.0,1.0,1.0,1.0,0.1,0.1,0.0348,0.1,0.0,0.83333,1.0,0.0,0.0,0.42,0.09,0.0,0.99553,1.0,1.0,1.0,1.0,1.0,0.0,0.91944,1.0,0.11111,0.2906,0.16872,0.0,0.0,0.99715,0.77778,0.77778,0.8,1.0,1.0,0.5,0.5,0.5,1.0,1.0,0.0,0.228,1.0,0.08208,0.0,0.2,1.0,1.0,0.2676,0.61571,1.0,0.1,0.0,1.0,0.0,1.0,0.75,1.0,0.5,0.5,0.5,0.5,0.5,0.5,0.0348,0.1,0.0,0.83333,1.0,0.0,0.0,0.42,0.09,0.0,0.9995,1.0,1.0,1.0,1.0,0.5,1.0,0.95614,1.0,0.11111,0.33217,0.16872,0.0,0.0,0.98925,0.77778,0.5,0.65,1.0,1.0,0.5,0.5,0.5,1.0,1.0,0.5,0.5,0.5,0.0,0.0,1.0,1.0,1.0,0.2676,0.61571,0.35,0.5,0.66667,1.0,0.5,1.0,0.66667,0.5,1.0,0.5,1.0,0.5,0.1,0.5,0.0348,0.1,0.0,0.83333,1.0,0.0,1.0,0.42,0.09,0.0,0.99747,1.0,1.0,1.0,1.0,1.0,1.0,0.92288,1.0,0.11111,0.39106,0.19431,0.0,0.0,0.98375,1.0,1.0,0.7,1.0,1.0,0.5,0.46806,0.5,1.0,1.0,0.2676,0.61571,0.89807,0.28031,0.0,0.5,1.0,1.0,0.2676,0.61571,0.8,0.4,0.75,1.0,0.66667,1.0,1.0,1.0,1.0,0.0,1.0,0.0,0.6,0.1,0.0348,0.1,0.0,0.83333,1.0,0.0,0.0,0.42,0.09,0.0,0.99536,1.0,1.0,1.0,1.0,1.0,1.0,0.81814,1.0,0.0,0.32064,0.16872,0.0,0.0,0.98708,0.88889,1.0,0.5,1.0,1.0,0.5,0.92718,0.5,1.0,1.0,0.55349,0.5478,0.77111,0.03485,0.0,0.5,1.0,1.0,0.2676,0.61571,1.0,0.1,0.0,1.0,0.0,1.0,0.8,1.0,1.0,1.0,1.0,1.0,0.1,0.1,0.0348,0.1,0.0,0.83333,1.0,0.0,0.0,0.42,0.09,0.0,0.99459,1.0,1.0,1.0,1.0,1.0,0.0,0.93368,1.0,0.0,0.32064,0.16872,0.0,0.0,0.98708,0.88889,1.0,0.5,1.0,1.0,0.5,0.31431,0.5,1.0,1.0,0.16956,0.40742,1.0,0.0,0.0,1.0,1.0,1.0,0.2676,0.61571,0.5,0.6,1.0,1.0,0.4,1.0,0.8,1.0,0.5,0.5,0.5,0.5,0.5,0.5,0.0348,0.1,0.0,0.83333,1.0,0.0,0.0,0.42,0.09,0.0,0.99747,1.0,1.0,1.0,1.0,0.5,1.0,0.86556,1.0,0.0,0.32064,0.16872,0.0,0.0,0.98708,0.88889,0.5,1.0,1.0,1.0,0.5,0.5,0.5,1.0,1.0,0.5,0.5,0.5,0.12231,0.01018,0.0,1.0,1.0,0.2676,0.61571,1.0,0.0,0.0,1.0,0.0,1.0,0.8,0.5
1.0,1.0,1.0,0.0,0.1,0.1,0.03798,0.1,0.0,0.81081,1.0,0.0,0.0,0.41,0.1,0.0,0.99995,1.0,1.0,1.0,1.0,1.0,0.0,0.0001,1.0,0.0,0.34911,0.19091,0.0,0.0,0.98685,1.0,1.0,1.0,1.0,1.0,0.5,0.5,0.5,1.0,1.0,0.65767,1.0,1.0,0.18446,0.0,0.0,1.0,1.0,0.1789,0.44865,1.0,0.0,0.0,1.0,0.0,1.0,0.0,1.0,0.0,0.0,0.0,0.0,0.1,0.1,0.03798,0.1,0.0,0.81081,1.0,0.0,0.0,0.41,0.1,0.0,0.99933,1.0,1.0,1.0,1.0,1.0,1.0,0.86966,1.0,0.0,0.34911,0.19091,0.0,0.0,0.98685,1.0,0.88889,0.8,1.0,1.0,0.5,0.24157,0.5,1.0,1.0,0.5,0.5,0.5,0.30509,0.0,0.85,1.0,1.0,0.1789,0.44865,0.35,0.6,1.0,1.0,0.4,1.0,0.0,1.0,1.0,1.0,1.0,1.0,0.1,0.1,0.03798,0.1,0.0,0.81081,1.0,0.0,0.0,0.41,0.1,0.0,0.99881,1.0,1.0,1.0,1.0,1.0,1.0,0.92005,1.0,0.11111,0.31731,0.19091,0.0,0.0,0.99784,0.88889,0.77778,0.8,1.0,1.0,0.5,0.5,0.5,1.0,1.0,0.0,0.228,1.0,0.20202,0.0,0.65,1.0,1.0,0.1789,0.44865,0.55,0.4,0.75,1.0,0.66667,1.0,0.0,1.0,0.5,0.5,0.5,0.5,0.5,0.5,0.03798,0.1,0.0,0.81081,1.0,0.0,0.0,0.41,0.1,0.0,0.99987,1.0,1.0,1.0,1.0,0.5,1.0,0.95934,1.0,0.11111,0.36118,0.19091,0.0,0.0,0.98905,0.88889,0.5,0.65,1.0,1.0,0.5,0.5,0.5,1.0,1.0,0.5,0.5,0.5,0.0,0.0,1.0,1.0,0.0,0.1789,0.44865,0.35,0.5,0.66667,1.0,0.5,1.0,0.0,0.5,1.0,1.0,1.0,1.0,0.1,0.1,0.03798,0.1,0.0,0.81081,1.0,0.0,0.0,0.41,0.1,0.0,0.99933,1.0,1.0,1.0,1.0,1.0,0.0,0.90795,1.0,0.11111,0.41846,0.21079,0.0,0.0,0.98307,0.88889,1.0,0.7,1.0,1.0,0.5,0.46806,0.5,1.0,1.0,0.2676,0.61571,0.89807,0.17464,0.39007,0.45,1.0,1.0,0.1789,0.44865,0.85,0.4,0.75,1.0,0.66667,1.0,0.0,1.0,1.0,0.5,1.0,0.5,0.1,0.5,0.03798,0.1,0.0,0.81081,1.0,0.0,1.0,0.41,0.1,0.0,0.99877,1.0,1.0,1.0,1.0,1.0,1.0,0.82201,1.0,0.0,0.34911,0.19091,0.0,0.0,0.98685,1.0,1.0,0.5,1.0,1.0,0.5,0.92718,0.5,1.0,1.0,0.1789,0.44865,0.77111,0.0,0.03495,1.0,1.0,1.0,0.1789,0.44865,0.5,0.5,0.8,1.0,0.5,1.0,0.0,1.0,1.0,1.0,1.0,1.0,0.1,0.1,0.03798,0.1,0.0,0.81081,1.0,0.0,0.0,0.41,0.1,0.0,0.99856,1.0,1.0,1.0,1.0,1.0,0.0,0.92897,1.0,0.0,0.34911,0.19091,0.0,0.0,0.98685,1.0,1.0,0.6,1.0,1.0,0.5,0.31431,0.5,1.0,1.0,0.16956,0.40742,1.0,0.0,0.0,1.0,1.0,1.0,0.1789,0.44865,0.4,0.6,1.0,1.0,0.4,1.0,0.0,1.0,0.5,0.5,0.5,0.5,0.5,0.5,0.03798,0.1,0.0,0.81081,1.0,0.0,0.0,0.41,0.1,0.0,0.99933,1.0,1.0,1.0,1.0,0.5,1.0,0.86966,1.0,0.0,0.34911,0.19091,0.0,0.0,0.98685,1.0,0.5,0.15,1.0,1.0,0.5,0.5,0.5,1.0,1.0,0.5,0.5,0.5,0.30509,0.0,0.85,1.0,1.0,0.1789,0.44865,1.0,0.1,0.0,1.0,0.0,1.0,0.0,0.5
1.0,0.5,0.0,0.5,0.1,0.5,0.03312,0.1,0.0,0.76923,1.0,0.0,1.0,0.44,0.1,0.0,0.99997,1.0,1.0,1.0,1.0,1.0,0.0,0.0001,1.0,0.0,0.29941,0.16406,0.0,0.0,0.98679,1.0,1.0,1.0,0.9,0.94092,0.0,0.0,0.0,1.0,1.0,0.4901,1.0,1.0,0.07021,0.36905,0.0,1.0,1.0,0.4901,1.0,1.0,0.0,0.0,1.0,0.0,1.0,0.0,1.0,0.0,0.0,0.0,0.0,0.1,0.1,0.03312,0.1,0.0,0.76923,1.0,0.0,0.0,0.44,0.1,0.0,0.99949,1.0,1.0,1.0,1.0,1.0,1.0,0.89893,1.0,0.0,0.29941,0.16406,0.0,0.0,0.98679,1.0,0.88889,1.0,0.9,0.94092,0.0,0.24157,0.70288,1.0,1.0,0.5,0.5,0.5,0.07021,0.0,0.0,1.0,1.0,0.4901,1.0,1.0,0.0,0.0,1.0,0.0,1.0,0.0,1.0,1.0,1.0,1.0,1.0,0.1,0.1,0.03312,0.1,0.0,0.76923,1.0,0.0,0.0,0.44,0.1,0.0,0.99909,1.0,1.0,1.0,1.0,1.0,1.0,0.96877,1.0,0.11111,0.29094,0.16406,0.0,0.0,0.98499,0.88889,1.0,0.75,0.9,0.94092,0.0,0.5,0.70288,1.0,1.0,0.0,0.228,1.0,0.06414,0.18755,0.25,1.0,1.0,0.4901,1.0,1.0,0.1,0.0,1.0,0.0,1.0,0.0,1.0,0.5,0.5,0.5,0.5,0.5,0.5,0.03312,0.1,0.0,0.76923,1.0,0.0,0.0,0.44,0.1,0.0,0.9999,1.0,1.0,1.0,1.0,0.5,0.0,0.96308,1.0,0.11111,0.31351,0.16406,0.0,1.0,0.98897,0.88889,0.5,0.65,0.9,0.94092,0.0,0.5,1.0,1.0,1.0,0.5,0.5,0.5,0.0,0.0,1.0,1.0,0.0,0.4901,1.0,0.35,0.5,0.66667,1.0,0.5,1.0,0.0,0.5,1.0,1.0,1.0,1.0,0.1,0.1,0.03312,0.1,0.0,0.76923,1.0,0.0,0.0,0.44,0.1,0.0,0.99949,1.0,1.0,1.0,1.0,1.0,1.0,0.89641,1.0,0.11111,0.35858,0.18088,0.0,0.0,0.98268,0.88889,1.0,0.7,0.9,0.94092,0.0,0.46806,1.0,1.0,1.0,0.2676,0.61571,0.89807,0.14144,0.0,0.6,1.0,1.0,0.4901,1.0,0.7,0.5,1.0,1.0,0.5,1.0,0.0,1.0,0.0,0.0,0.0,0.0,0.1,0.1,0.03312,0.1,0.0,0.76923,1.0,0.0,0.0,0.44,0.1,0.0,0.99906,1.0,1.0,1.0,1.0,1.0,1.0,0.84968,1.0,0.0,0.29941,0.16406,0.0,0.0,0.98679,1.0,1.0,0.5,0.9,0.94092,0.0,1.0,1.0,1.0,1.0,0.1789,0.44865,1.0,0.0,0.11364,1.0,1.0,1.0,0.4901,1.0,0.5,0.5,0.8,1.0,0.5,1.0,0.0,1.0,1.0,1.0,1.0,1.0,0.1,0.1,0.03312,0.1,0.0,0.76923,1.0,0.0,0.0,0.44,0.1,0.0,0.9989,1.0,1.0,1.0,1.0,1.0,0.0,0.89593,1.0,0.0,0.29941,0.16406,0.0,0.0,0.98679,1.0,1.0,0.7,0.9,0.94092,0.0,0.31431,1.0,1.0,1.0,0.16956,0.40742,1.0,0.0,0.0,1.0,1.0,1.0,0.4901,1.0,0.3,0.6,1.0,1.0,0.4,1.0,0.0,1.0,0.5,0.5,0.5,0.5,0.5,0.5,0.03312,0.1,0.0,0.76923,1.0,0.0,0.0,0.44,0.1,0.0,0.99949,1.0,1.0,1.0,1.0,0.5,1.0,0.89893,1.0,0.0,0.29941,0.16406,0.0,0.0,0.98679,1.0,0.5,1.0,0.9,0.94092,0.0,0.5,1.0,1.0,1.0,0.5,0.5,0.5,0.07021,0.0,0.0,1.0,1.0,0.4901,1.0,1.0,0.0,0.0,1.0,0.0,1.0,0.0,0.5
1.0,0.0,1.0,0.0,0.6,0.4,0.00168,0.5,0.0,0.96774,1.0,0.0,0.0,0.13,0.03,0.97969,0.0,0.77778,0.84444,0.68889,1.0,0.51111,0.0,0.0001,1.0,0.0,0.049,0.0132,0.66667,0.0,0.94654,0.11111,0.33333,1.0,1.0,1.0,0.5,0.5,0.5,1.0,1.0,0.5,0.5,0.5,0.0,0.0,1.0,1.0,1.0,0.0,0.228,1.0,0.0,0.0,1.0,1.0,1.0,0.0,1.0,0.0,0.0,0.0,0.0,0.2,0.2,0.00168,0.5,0.0,0.96774,1.0,0.0,0.0,0.13,0.03,0.0,0.99612,1.0,0.84444,0.68889,1.0,0.55556,0.0,0.94406,1.0,0.88889,0.00783,0.00504,0.0,0.0,0.99055,1.0,0.55556,0.8,1.0,1.0,0.5,0.5,0.5,1.0,1.0,0.5,0.5,0.5,0.0,0.0,1.0,1.0,1.0,0.0,0.228,1.0,0.1,0.0,1.0,1.0,1.0,0.0,1.0,0.0,0.0,0.0,0.0,0.4,0.4,0.00168,0.5,0.0,0.96774,1.0,0.0,0.0,0.13,0.03,0.0,0.97466,1.0,0.95556,0.68889,1.0,0.86667,1.0,0.9717,1.0,0.11111,0.02345,0.00504,0.57143,0.0,0.94688,0.22222,0.33333,0.0,1.0,1.0,0.5,0.30656,0.5,1.0,1.0,0.5,0.5,0.5,0.0,0.0,1.0,1.0,1.0,0.0,0.228,1.0,0.1,0.0,1.0,1.0,1.0,0.0,1.0,0.0,0.5,0.0,0.5,0.5,0.5,0.00168,0.5,0.0,0.96774,1.0,0.0,1.0,0.13,0.03,0.98163,0.0,0.77778,0.84444,0.68889,1.0,0.77778,0.0,0.89074,1.0,0.88889,0.00783,0.00504,0.0,0.0,0.99055,1.0,1.0,0.65,1.0,1.0,0.5,0.5,0.5,1.0,1.0,0.5,0.5,0.5,0.0,0.0,1.0,1.0,1.0,0.0,0.228,1.0,0.1,0.0,1.0,1.0,1.0,0.0,0.33333,0.5,0.5,0.5,0.5,0.5,0.5,0.00168,0.5,0.0,0.96774,1.0,0.0,0.0,0.13,0.03,0.0,0.99612,1.0,0.84444,0.68889,1.0,0.5,0.0,0.87392,1.0,0.33333,0.02984,0.00504,0.8,0.0,0.97136,0.44444,0.5,0.0,1.0,1.0,0.5,0.5,0.5,1.0,1.0,0.5,0.5,0.5,0.0,0.0,1.0,1.0,1.0,0.0,0.228,1.0,0.1,0.0,1.0,1.0,1.0,0.0,0.5,0.5,0.5,0.5,0.5,0.5,0.5,0.00168,0.5,0.0,0.96774,1.0,0.0,0.0,0.13,0.03,0.0,0.97283,1.0,0.95556,0.68889,1.0,0.5,0.0,0.9275,1.0,0.88889,0.00783,0.00504,0.0,0.0,0.99055,1.0,0.5,0.0,1.0,1.0,0.5,0.5,0.5,1.0,1.0,0.5,0.5,0.5,0.0,0.0,1.0,1.0,1.0,0.0,0.228,1.0,0.1,0.0,1.0,1.0,1.0,0.0,0.5,0.0,0.0,0.0,0.0,0.2,0.2,0.00168,0.5,0.0,0.96774,1.0,0.0,0.0,0.13,0.03,0.0,0.99314,1.0,0.95556,0.91111,0.77778,1.0,0.0,0.0001,0.00016,0.11111,1.0,1.0,1.0,0.0,1.0,0.77778,1.0,0.05,1.0,1.0,0.5,0.12507,0.5,1.0,1.0,0.0,0.228,0.86653,0.0,0.0,1.0,1.0,1.0,0.0,0.228,1.0,0.1,1.0,1.0,1.0,1.0,1.0,1.0,0.5,0.5,0.5,0.5,0.5,0.5,0.00168,0.5,0.0,0.96774,1.0,0.0,0.0,0.13,0.03,0.0,0.99612,1.0,0.84444,0.68889,1.0,0.5,0.0,0.94406,1.0,0.88889,0.00783,0.00504,0.0,0.0,0.99055,1.0,0.5,0.0,1.0,1.0,0.5,0.5,0.5,1.0,1.0,0.5,0.5,0.5,0.0,0.0,1.0,1.0,1.0,0.0,0.228,1.0,0.1,0.0,1.0,1.0,1.0,0.0,0.5
1.0,0.0,1.0,0.0,0.6,0.4,0.00145,0.5,0.0,0.75,1.0,0.0,0.0,0.11,0.03,0.99108,0.0,1.0,0.97778,0.6,0.93333,0.71111,0.0,0.05723,1.0,0.0,1.0,1.0,1.0,0.0,0.97268,0.33333,0.55556,1.0,1.0,1.0,0.5,0.5,0.5,1.0,1.0,0.5,0.5,0.5,0.0,0.0,1.0,1.0,1.0,0.0,0.228,1.0,0.0,0.0,1.0,1.0,1.0,0.0,1.0,0.0,0.0,0.0,0.0,0.2,0.2,0.00145,0.5,0.0,0.75,1.0,0.0,0.0,0.11,0.03,0.0,0.99443,1.0,1.0,0.66667,1.0,0.6,0.0,0.82751,1.0,0.66667,0.00946,0.00532,0.0,0.0,0.9961,1.0,0.55556,0.8,1.0,1.0,0.5,0.5,0.5,1.0,1.0,0.5,0.5,0.5,0.0,0.0,1.0,1.0,1.0,0.0,0.228,1.0,0.1,0.0,1.0,1.0,1.0,0.0,1.0,0.0,0.0,0.0,0.0,0.4,0.4,0.00145,0.5,0.0,0.75,1.0,0.0,0.0,0.11,0.03,0.0,0.97791,1.0,0.77778,0.66667,1.0,0.73333,1.0,0.86643,1.0,0.22222,0.02511,0.00623,0.66667,0.0,0.93943,0.11111,0.44444,0.0,1.0,1.0,0.5,0.30656,0.5,1.0,1.0,0.5,0.5,0.5,0.0,0.0,1.0,1.0,1.0,0.0,0.228,1.0,0.1,0.0,1.0,1.0,1.0,0.0,1.0,0.0,0.5,0.0,0.5,0.5,0.5,0.00145,0.5,0.0,0.75,1.0,0.0,1.0,0.11,0.03,0.99286,0.0,1.0,1.0,0.66667,1.0,1.0,0.0,0.79765,1.0,0.66667,0.00946,0.00532,0.0,0.0,0.9961,1.0,1.0,0.65,1.0,1.0,0.5,0.5,0.5,1.0,1.0,0.5,0.5,0.5,0.0,0.0,1.0,1.0,1.0,0.0,0.228,1.0,0.1,0.0,1.0,1.0,1.0,0.0,0.44444,0.5,0.5,0.5,0.5,0.5,0.5,0.00145,0.5,0.0,0.75,1.0,0.0,0.0,0.11,0.03,0.0,0.99443,1.0,1.0,0.66667,1.0,0.5,1.0,0.99654,1.0,0.66667,0.01079,0.00623,0.0,0.0,0.98798,0.55556,0.5,0.7,1.0,1.0,0.5,0.5,0.5,1.0,1.0,0.5,0.5,0.5,0.0,0.0,1.0,1.0,1.0,0.0,0.228,1.0,0.1,0.0,1.0,1.0,1.0,0.0,0.5,0.0,0.0,0.0,0.0,0.5,0.5,0.00145,0.5,0.0,0.75,1.0,0.0,0.0,0.11,0.03,0.0,0.9766,1.0,0.77778,0.66667,1.0,0.77778,0.0,0.77898,1.0,0.66667,0.01079,0.00623,0.0,0.0,0.98798,0.55556,0.55556,0.0,1.0,1.0,0.5,0.5,0.5,1.0,1.0,0.5,0.5,0.5,0.0,0.0,1.0,1.0,1.0,0.0,0.228,1.0,0.1,0.0,1.0,1.0,1.0,0.0,1.0,0.0,0.0,0.0,0.0,0.2,0.2,0.00145,0.5,0.0,0.75,1.0,0.0,0.0,0.11,0.03,0.0,0.97059,1.0,1.0,0.71111,0.77778,0.77778,0.0,0.77773,1.0,0.88889,0.00946,0.00532,0.0,0.0,0.9961,1.0,0.77778,0.8,1.0,1.0,0.5,0.12507,0.5,1.0,1.0,0.0,0.228,0.86653,0.0,0.0,1.0,1.0,1.0,0.0,0.228,1.0,0.1,0.0,1.0,1.0,1.0,0.0,1.0,0.5,0.5,0.5,0.5,0.5,0.5,0.00145,0.5,0.0,0.75,1.0,0.0,0.0,0.11,0.03,0.0,0.99443,1.0,1.0,0.66667,1.0,0.5,0.0,0.82751,1.0,0.66667,0.00946,0.00532,0.0,0.0,0.9961,1.0,0.5,0.0,1.0,1.0,0.5,0.5,0.5,1.0,1.0,0.5,0.5,0.5,0.0,0.0,1.0,1.0,1.0,0.0,0.228,1.0,0.1,0.0,1.0,1.0,1.0,0.0,0.5
0.0,0.5,0.0,0.5,1.0,0.5,0.15526,1.0,0.06667,0.0,1.0,0.0,1.0,0.1,0.0,0.5,0.5,1.0,1.0,1.0,1.0,1.0,1.0,0.0001,1.0,0.0,1.0,1.0,1.0,0.0,1.0,1.0,1.0,1.0,1.0,1.0,0.5,0.5,0.5,1.0,1.0,0.5,0.5,0.5,0.5,0.5,0.0,1.0,1.0,0.5,0.5,1.0,0.0,0.0,1.0,1.0,1.0,1.0,1.0,0.5,0.5,0.5,0.5,0.5,0.5,0.15526,1.0,0.06667,0.0,1.0,0.0,0.0,0.1,0.0,0.5,0.5,1.0,1.0,1.0,1.0,0.5,1.0,0.55738,0.79626,0.11111,1.0,1.0,1.0,1.0,1.0,0.88889,0.5,0.8,1.0,1.0,0.5,0.5,0.5,1.0,1.0,0.5,0.5,0.5,0.5,0.5,1.0,1.0,1.0,0.5,0.5,0.75,0.2,1.0,1.0,1.0,1.0,0.0,0.5,0.5,0.5,0.5,0.5,0.5,0.5,0.15526,1.0,0.06667,0.0,1.0,0.0,0.0,0.1,0.0,0.5,0.5,1.0,1.0,1.0,1.0,0.5,1.0,0.58363,1.0,0.11111,1.0,1.0,1.0,1.0,1.0,0.88889,0.5,0.8,1.0,1.0,0.5,0.5,0.5,1.0,1.0,0.5,0.5,0.5,0.5,0.5,1.0,1.0,1.0,0.5,0.5,0.85,0.2,1.0,1.0,1.0,1.0,0.0,0.5,0.5,0.5,0.5,0.5,0.5,0.5,0.15526,1.0,0.06667,0.0,1.0,0.0,0.0,0.1,0.0,0.5,0.5,1.0,1.0,1.0,1.0,0.5,1.0,0.54964,0.71382,0.11111,1.0,1.0,1.0,1.0,1.0,0.88889,0.5,0.65,1.0,1.0,0.5,0.5,0.5,1.0,1.0,0.5,0.5,0.5,0.5,0.5,1.0,1.0,1.0,0.5,0.5,0.9,0.2,1.0,1.0,1.0,1.0,0.0,0.5,0.5,0.5,0.5,0.5,0.5,0.5,0.15526,1.0,0.06667,0.0,1.0,0.0,0.0,0.1,0.0,0.5,0.5,1.0,1.0,1.0,1.0,0.5,1.0,0.64051,1.0,0.11111,1.0,1.0,1.0,1.0,1.0,0.88889,0.5,0.7,1.0,1.0,0.5,0.5,0.5,1.0,1.0,0.5,0.5,0.5,0.5,0.5,1.0,1.0,1.0,0.5,0.5,0.75,0.2,1.0,1.0,1.0,1.0,0.0,0.5,0.5,0.5,0.5,0.5,0.5,0.5,0.15526,1.0,0.06667,0.0,1.0,0.0,0.0,0.1,0.0,0.5,0.5,1.0,1.0,1.0,1.0,0.5,1.0,0.0465,0.06458,0.0,1.0,1.0,1.0,0.0,1.0,1.0,0.5,0.5,1.0,1.0,0.5,0.5,0.5,1.0,1.0,0.5,0.5,0.5,0.5,0.5,1.0,1.0,1.0,0.5,0.5,1.0,0.1,1.0,1.0,1.0,1.0,1.0,0.5,0.5,0.5,0.5,0.5,0.5,0.5,0.15526,1.0,0.06667,0.0,1.0,0.0,0.0,0.1,0.0,0.5,0.5,1.0,1.0,1.0,1.0,0.5,1.0,0.06073,0.0964,0.0,1.0,1.0,1.0,0.0,1.0,1.0,0.5,0.8,1.0,1.0,0.5,0.5,0.5,1.0,1.0,0.5,0.5,0.5,0.5,0.5,1.0,1.0,1.0,0.5,0.5,1.0,0.1,1.0,1.0,1.0,1.0,1.0,0.5,0.5,0.5,0.5,0.5,0.5,0.5,0.15526,1.0,0.06667,0.0,1.0,0.0,0.0,0.1,0.0,0.5,0.5,1.0,1.0,1.0,1.0,0.5,1.0,0.55738,0.79626,0.11111,1.0,1.0,1.0,1.0,1.0,0.88889,0.5,0.0,1.0,1.0,0.5,0.5,0.5,1.0,1.0,0.5,0.5,0.5,0.5,0.5,1.0,1.0,1.0,0.5,0.5,1.0,0.1,0.0,1.0,1.0,1.0,0.0,0.5
0.0,0.0,0.0,0.0,0.7,0.7,0.00085,0.5,0.0,0.81081,1.0,0.0,0.0,0.02,0.07,0.0,0.99979,0.97778,0.97778,0.62222,1.0,1.0,0.0,0.31677,1.0,0.0,1.0,0.35366,0.66667,0.0,0.58144,0.22222,1.0,1.0,1.0,1.0,0.5,0.5,0.5,1.0,1.0,0.0,0.095,0.74918,0.04812,0.11397,0.75,1.0,1.0,0.0,0.095,0.4,0.2,0.33333,0.5,0.5,1.0,0.0,0.22222,0.0,0.0,0.0,0.0,0.4,0.4,0.00085,0.5,0.0,0.81081,1.0,0.0,0.0,0.02,0.07,0.0,0.99968,0.97778,0.97778,0.55556,1.0,0.55556,0.0,0.8491,1.0,0.77778,0.00348,0.00174,0.0,0.0,1.0,1.0,0.66667,0.8,1.0,1.0,0.5,0.5,0.5,1.0,1.0,0.5,0.5,0.5,0.0,0.0,1.0,1.0,1.0,0.0,0.095,0.2,0.2,1.0,0.0,1.0,1.0,1.0,0.55556,0.5,0.5,0.5,0.5,0.5,0.5,0.00085,0.5,0.0,0.81081,1.0,0.0,0.0,0.02,0.07,0.0,0.9996,0.97778,0.97778,0.55556,1.0,0.5,1.0,0.94967,1.0,0.11111,0.01377,0.00174,0.57143,0.0,0.60201,0.33333,0.5,0.05,1.0,1.0,0.5,0.5,0.5,1.0,1.0,0.5,0.5,0.5,0.0,0.0,1.0,1.0,1.0,0.0,0.095,0.95,0.2,0.14286,1.0,1.0,1.0,0.14286,0.5,0.0,0.5,0.0,0.5,0.5,0.5,0.00085,0.5,0.0,0.81081,1.0,0.0,1.0,0.02,0.07,0.0,0.99978,0.97778,0.97778,0.62222,1.0,0.97778,0.0,0.81713,1.0,0.77778,0.00348,0.00174,0.0,0.0,1.0,1.0,0.88889,0.65,1.0,1.0,0.5,0.5,0.5,1.0,1.0,0.5,0.5,0.5,0.0,0.0,1.0,1.0,1.0,0.0,0.095,0.35,0.2,1.0,0.0,1.0,1.0,1.0,1.0,0.0,0.0,0.0,0.0,0.8,0.7,0.00085,0.5,0.0,0.81081,1.0,0.0,0.0,0.02,0.07,0.0,0.99968,0.97778,0.97778,0.55556,1.0,1.0,1.0,0.88539,1.0,0.77778,0.00348,0.00174,0.0,0.0,1.0,1.0,1.0,0.7,1.0,1.0,0.5,0.11017,0.5,1.0,1.0,0.5,0.5,0.5,0.0,0.0,1.0,1.0,1.0,0.0,0.095,0.3,0.2,1.0,0.0,1.0,1.0,1.0,1.0,0.5,0.5,0.5,0.5,0.5,0.5,0.00085,0.5,0.0,0.81081,1.0,0.0,0.0,0.02,0.07,0.0,0.99959,0.97778,0.97778,0.55556,1.0,0.5,0.0,0.83933,1.0,0.77778,0.00348,0.00174,0.0,0.0,1.0,1.0,0.5,0.0,1.0,1.0,0.5,0.5,0.5,1.0,1.0,0.5,0.5,0.5,0.0,0.0,1.0,1.0,1.0,0.0,0.095,1.0,0.1,0.0,1.0,0.0,1.0,1.0,0.5,1.0,0.0,1.0,0.0,0.5,0.4,0.00085,0.5,0.0,0.81081,1.0,0.0,0.0,0.02,0.07,0.0,0.99952,1.0,0.82222,0.57778,0.84444,0.44444,1.0,0.88803,1.0,0.88889,0.00348,0.00174,0.0,0.0,1.0,1.0,0.88889,0.6,1.0,1.0,0.5,0.47951,0.5,1.0,1.0,0.25656,0.484,1.0,0.0,0.0,1.0,1.0,1.0,0.0,0.095,0.4,0.2,1.0,0.0,1.0,1.0,1.0,1.0,1.0,0.0,1.0,0.0,0.8,0.8,0.00085,0.5,0.0,0.81081,1.0,0.0,0.0,0.02,0.07,0.0,0.99968,0.97778,0.97778,0.55556,1.0,1.0,0.0,0.8491,1.0,0.77778,0.00348,0.00174,0.0,0.0,1.0,1.0,1.0,0.0,1.0,1.0,0.5,0.5,0.5,1.0,1.0,0.5,0.5,0.5,0.0,0.0,1.0,1.0,1.0,0.0,0.095,1.0,0.1,0.0,1.0,0.0,1.0,1.0,1.0
0.0,0.0,0.0,0.0,0.7,0.7,0.00072,0.5,0.0,0.76923,1.0,0.0,0.0,0.02,0.07,0.0,0.99997,0.97778,0.97778,0.62222,1.0,1.0,0.0,0.26318,1.0,0.0,0.97924,0.29784,0.66667,0.0,0.58144,0.22222,1.0,1.0,1.0,1.0,0.5,0.5,0.5,1.0,1.0,0.0,0.095,0.74918,0.02477,0.03116,0.75,1.0,1.0,0.0,0.095,0.5,0.2,0.33333,0.5,0.5,1.0,0.0,0.22222,0.0,0.0,0.0,0.0,0.4,0.4,0.00072,0.5,0.0,0.76923,1.0,0.0,0.0,0.02,0.07,0.0,0.99989,0.97778,0.97778,0.62222,1.0,0.55556,0.0,0.84966,1.0,0.77778,0.00292,0.00146,0.0,0.0,1.0,1.0,0.66667,0.8,1.0,1.0,0.5,0.5,0.5,1.0,1.0,0.5,0.5,0.5,0.0,0.0,1.0,1.0,1.0,0.0,0.095,0.2,0.2,1.0,0.0,1.0,1.0,1.0,0.55556,0.5,0.5,0.5,0.5,0.5,0.5,0.00072,0.5,0.0,0.76923,1.0,0.0,0.0,0.02,0.07,0.0,0.99983,0.97778,0.97778,0.62222,1.0,0.5,1.0,0.94996,1.0,0.11111,0.01159,0.00146,0.57143,0.0,0.60219,0.33333,0.5,0.25,1.0,1.0,0.5,0.5,0.5,1.0,1.0,0.5,0.5,0.5,0.0001,0.0,0.75,1.0,1.0,0.0,0.095,1.0,0.1,0.0,1.0,0.0,1.0,0.14286,0.5,0.0,0.5,0.0,0.5,0.5,0.5,0.00072,0.5,0.0,0.76923,1.0,0.0,1.0,0.02,0.07,0.0,0.99995,0.97778,0.97778,0.62222,1.0,0.97778,0.0,0.81767,1.0,0.77778,0.00292,0.00146,0.0,0.0,1.0,1.0,0.88889,0.65,1.0,1.0,0.5,0.5,0.5,1.0,1.0,0.5,0.5,0.5,0.0,0.0,1.0,1.0,1.0,0.0,0.095,0.35,0.2,1.0,0.0,1.0,1.0,1.0,1.0,0.0,0.0,0.0,0.0,0.8,0.7,0.00072,0.5,0.0,0.76923,1.0,0.0,0.0,0.02,0.07,0.0,0.99989,0.97778,0.97778,0.62222,1.0,1.0,1.0,0.88473,1.0,0.77778,0.00292,0.00146,0.0,0.0,1.0,1.0,1.0,0.7,1.0,1.0,0.5,0.11017,0.5,1.0,1.0,0.5,0.5,0.5,0.0,0.0,1.0,1.0,1.0,0.0,0.095,0.3,0.2,1.0,0.0,1.0,1.0,1.0,1.0,0.0,0.0,0.0,0.0,0.5,0.5,0.00072,0.5,0.0,0.76923,1.0,0.0,0.0,0.02,0.07,0.0,0.99983,0.97778,0.97778,0.62222,1.0,1.0,0.0,0.83988,1.0,0.77778,0.00292,0.00146,0.0,0.0,1.0,1.0,1.0,0.0,1.0,1.0,0.5,0.5,0.5,1.0,1.0,0.5,0.5,0.5,0.0,0.0,1.0,1.0,1.0,0.0,0.095,1.0,0.1,0.0,1.0,0.0,1.0,1.0,1.0,1.0,0.0,1.0,0.0,0.5,0.4,0.00072,0.5,0.0,0.76923,1.0,0.0,0.0,0.02,0.07,0.0,0.9998,0.97778,0.97778,0.62222,1.0,0.46667,0.0,0.88883,1.0,0.77778,0.00292,0.00146,0.0,0.0,1.0,1.0,0.88889,0.7,1.0,1.0,0.5,0.47951,0.5,1.0,1.0,0.25656,0.484,1.0,0.0,0.0,1.0,1.0,1.0,0.0,0.095,0.3,0.2,1.0,0.0,1.0,1.0,1.0,1.0,1.0,0.0,1.0,0.0,0.8,0.8,0.00072,0.5,0.0,0.76923,1.0,0.0,0.0,0.02,0.07,0.0,0.99989,0.97778,0.97778,0.62222,1.0,1.0,0.0,0.84966,1.0,0.77778,0.00292,0.00146,0.0,0.0,1.0,1.0,1.0,0.0,1.0,1.0,0.5,0.5,0.5,1.0,1.0,0.5,0.5,0.5,0.0,0.0,1.0,1.0,1.0,0.0,0.095,1.0,0.1,0.0,1.0,0.0,1.0,1.0,1.0
0.0,0.0,0.0,0.0,0.86667,0.86667,0.09646,0.8,0.23333,0.0,0.0,0.66667,0.0,0.12889,0.00889,0.92623,0.0,1.0,1.0,0.99048,1.0,0.78095,0.0,0.0001,1.0,0.0,0.88146,0.59788,0.33333,0.0,0.83821,0.92857,0.78571,1.0,1.0,1.0,0.5,0.5,0.5,1.0,1.0,0.5,0.5,0.5,0.81166,0.04633,0.0,1.0,1.0,0.5,0.5,1.0,0.0,0.0,1.0,1.0,1.0,0.0,1.0,0.5,0.5,0.5,0.5,0.5,0.5,0.09646,0.8,0.23333,0.0,0.0,0.66667,0.0,0.12889,0.00889,0.95433,0.0,1.0,1.0,0.99048,1.0,0.5,1.0,0.93379,1.0,0.28571,1.0,0.59788,0.71429,0.0,0.76646,0.78571,0.5,0.8,1.0,1.0,0.5,0.5,0.5,1.0,1.0,0.5,0.5,0.5,0.0,0.0,1.0,1.0,1.0,0.5,0.5,0.2,0.33333,0.57143,0.75,1.0,1.0,0.14286,0.5,0.0,0.0,0.0,0.0,0.86667,0.86667,0.09646,0.8,0.23333,0.0,0.0,0.66667,0.0,0.12889,0.00889,0.97713,0.0,1.0,1.0,0.99048,1.0,0.80952,1.0,0.90486,1.0,0.07143,0.98083,0.59788,0.5,0.0,0.83219,1.0,0.64286,0.8,1.0,1.0,0.5,0.5,0.5,1.0,1.0,0.5,0.5,0.5,0.96401,0.00731,0.83333,1.0,1.0,0.5,0.5,0.36667,0.2,0.5,0.5,1.0,1.0,0.25,0.85714,1.0,0.5,1.0,0.5,0.8,0.5,0.09646,0.8,0.23333,0.0,0.0,0.66667,1.0,0.12889,0.00889,0.93012,0.0,1.0,1.0,0.99048,1.0,1.0,1.0,0.71658,0.93062,0.07143,0.98083,0.59788,0.5,0.0,0.83219,1.0,1.0,0.63333,1.0,1.0,0.5,0.5,0.5,1.0,1.0,0.5,0.5,0.5,0.0,0.0,1.0,1.0,1.0,0.5,0.5,0.46667,0.2,0.5,0.5,1.0,1.0,0.25,0.71429,0.0,1.0,0.0,1.0,0.8,0.8,0.09646,0.8,0.23333,0.0,0.0,0.66667,0.0,0.12889,0.00889,0.95433,0.0,1.0,1.0,0.99048,1.0,0.91429,0.0,0.82025,1.0,0.0,0.88146,0.59788,0.33333,0.0,0.83821,0.92857,1.0,0.7,1.0,1.0,0.5,0.5,0.5,1.0,1.0,0.5,0.5,0.5,0.0,0.0,1.0,1.0,1.0,0.5,0.5,0.3,0.13333,0.33333,1.0,1.0,1.0,0.0,1.0,0.5,0.5,0.5,0.5,0.5,0.5,0.09646,0.8,0.23333,0.0,0.0,0.66667,0.0,0.12889,0.00889,0.97918,0.0,1.0,1.0,0.99048,1.0,0.5,1.0,0.7451,1.0,0.07143,0.98083,0.59788,0.5,0.0,0.83219,1.0,0.5,0.5,1.0,1.0,0.5,0.5,0.5,1.0,1.0,0.5,0.5,0.5,0.0,0.0,1.0,1.0,1.0,0.5,0.5,0.5,0.2,0.5,0.5,1.0,1.0,0.25,0.5,0.5,0.5,0.5,0.5,0.5,0.5,0.09646,0.8,0.23333,0.0,0.0,0.66667,0.0,0.12889,0.00889,0.98816,0.0,1.0,1.0,0.99048,1.0,0.5,0.0,0.10474,0.16625,0.35714,1.0,1.0,1.0,0.0,1.0,0.57143,0.5,0.8,1.0,1.0,0.5,0.5,0.5,1.0,1.0,0.5,0.5,0.5,0.0,0.0,1.0,1.0,1.0,0.5,0.5,0.4,0.2,1.0,1.0,0.0,1.0,0.0,0.5,0.5,0.5,0.5,0.5,0.5,0.5,0.09646,0.8,0.23333,0.0,0.0,0.66667,0.0,0.12889,0.00889,0.95433,0.0,1.0,1.0,0.99048,1.0,0.5,1.0,0.93379,1.0,0.28571,1.0,0.59788,0.71429,0.0,0.76646,0.78571,0.5,0.0,1.0,1.0,0.5,0.5,0.5,1.0,1.0,0.5,0.5,0.5,0.0,0.0,1.0,1.0,1.0,0.5,0.5,1.0,0.06667,0.0,1.0,1.0,1.0,0.14286,0.5
1.0,0.5,1.0,0.5,0.66667,0.5,0.08433,0.66667,0.06667,0.0,0.0,0.66667,1.0,0.20889,0.0,0.5,0.5,0.84762,0.73333,1.0,1.0,0.84762,1.0,0.70973,1.0,0.21429,1.0,1.0,1.0,0.0,1.0,1.0,0.92857,0.53333,1.0,1.0,0.5,0.5,0.5,1.0,1.0,0.5,0.5,0.5,0.5,0.5,1.0,1.0,1.0,0.5,0.5,0.46667,0.13333,1.0,1.0,1.0,1.0,0.0,1.0,0.5,0.5,0.5,0.5,0.5,0.5,0.08433,0.66667,0.06667,0.0,0.0,0.66667,0.0,0.20889,0.0,0.5,0.5,0.84762,0.73333,1.0,1.0,0.5,1.0,0.60782,0.86831,0.07143,1.0,0.71109,0.66667,1.0,0.80801,0.71429,0.5,0.8,1.0,1.0,0.5,0.5,0.5,1.0,1.0,0.5,0.5,0.5,0.5,0.5,1.0,1.0,1.0,0.5,0.5,0.2,0.26667,1.0,1.0,1.0,1.0,0.0,0.5,0.5,0.5,0.5,0.5,0.5,0.5,0.08433,0.66667,0.06667,0.0,0.0,0.66667,0.0,0.20889,0.0,0.5,0.5,0.84762,0.73333,1.0,1.0,0.5,1.0,0.74461,1.0,0.21429,1.0,0.71109,0.8,0.0,0.65464,0.57143,0.5,0.8,1.0,1.0,0.5,0.5,0.5,1.0,1.0,0.5,0.5,0.5,0.5,0.5,1.0,1.0,1.0,0.5,0.5,0.2,0.26667,0.6,1.0,1.0,1.0,0.0,0.5,0.5,0.5,0.5,0.5,0.5,0.5,0.08433,0.66667,0.06667,0.0,0.0,0.66667,0.0,0.20889,0.0,0.5,0.5,0.84762,0.73333,1.0,1.0,0.5,1.0,0.59291,0.77001,0.07143,1.0,0.71109,0.66667,1.0,0.80801,0.71429,0.5,0.63333,1.0,1.0,0.5,0.5,0.5,1.0,1.0,0.5,0.5,0.5,0.5,0.5,1.0,1.0,1.0,0.5,0.5,0.36667,0.26667,1.0,1.0,1.0,1.0,0.0,0.5,0.5,0.5,0.5,0.5,0.5,0.5,0.08433,0.66667,0.06667,0.0,0.0,0.66667,0.0,0.20889,0.0,0.5,0.5,0.84762,0.73333,1.0,1.0,0.5,1.0,0.90047,1.0,0.21429,1.0,0.71109,0.8,0.0,0.65464,0.57143,0.5,0.7,1.0,1.0,0.5,0.5,0.5,1.0,1.0,0.5,0.5,0.5,0.5,0.5,1.0,1.0,1.0,0.5,0.5,0.3,0.2,0.4,1.0,1.0,1.0,0.0,0.5,0.5,0.5,0.5,0.5,0.5,0.5,0.08433,0.66667,0.06667,0.0,0.0,0.66667,0.0,0.20889,0.0,0.5,0.5,0.84762,0.73333,1.0,1.0,0.5,1.0,0.66442,0.9228,0.21429,1.0,0.71109,0.8,0.0,0.65464,0.57143,0.5,0.5,1.0,1.0,0.5,0.5,0.5,1.0,1.0,0.5,0.5,0.5,0.5,0.5,1.0,1.0,1.0,0.5,0.5,0.5,0.26667,0.6,1.0,1.0,1.0,0.0,0.5,0.5,0.5,0.5,0.5,0.5,0.5,0.08433,0.66667,0.06667,0.0,0.0,0.66667,0.0,0.20889,0.0,0.5,0.5,0.84762,0.73333,1.0,1.0,0.5,1.0,0.11762,0.1867,0.07143,0.83115,0.71109,0.0,0.0,1.0,0.85714,0.5,0.8,1.0,1.0,0.5,0.5,0.5,1.0,1.0,0.5,0.5,0.5,0.5,0.5,1.0,1.0,1.0,0.5,0.5,0.2,0.13333,1.0,1.0,1.0,1.0,0.0,0.5,0.5,0.5,0.5,0.5,0.5,0.5,0.08433,0.66667,0.06667,0.0,0.0,0.66667,0.0,0.20889,0.0,0.5,0.5,0.84762,0.73333,1.0,1.0,0.5,1.0,0.60782,0.86831,0.07143,1.0,0.71109,0.66667,1.0,0.80801,0.71429,0.5,0.0,1.0,1.0,0.5,0.5,0.5,1.0,1.0,0.5,0.5,0.5,0.5,0.5,1.0,1.0,1.0,0.5,0.5,1.0,0.06667,0.0,1.0,1.0,1.0,0.0,0.5
0.0,0.5,0.0,0.5,0.8,0.5,0.09906,0.8,0.06667,0.0,0.0,0.66667,1.0,0.11111,0.0,0.5,0.5,0.9619,0.88571,1.0,1.0,0.9619,1.0,0.0001,1.0,0.0,1.0,1.0,1.0,0.0,1.0,1.0,1.0,1.0,1.0,1.0,0.5,0.5,0.5,1.0,1.0,0.5,0.5,0.5,0.5,0.5,0.0,1.0,1.0,0.5,0.5,1.0,0.0,0.0,1.0,1.0,1.0,1.0,1.0,0.5,0.5,0.5,0.5,0.5,0.5,0.09906,0.8,0.06667,0.0,0.0,0.66667,0.0,0.11111,0.0,0.5,0.5,0.9619,0.88571,1.0,1.0,0.5,1.0,0.53517,0.76452,0.07143,1.0,1.0,1.0,1.0,1.0,0.92857,0.5,0.8,1.0,1.0,0.5,0.5,0.5,1.0,1.0,0.5,0.5,0.5,0.5,0.5,1.0,1.0,1.0,0.5,0.5,0.7,0.13333,1.0,1.0,1.0,1.0,0.0,0.5,0.5,0.5,0.5,0.5,0.5,0.5,0.09906,0.8,0.06667,0.0,0.0,0.66667,0.0,0.11111,0.0,0.5,0.5,0.9619,0.88571,1.0,1.0,0.5,1.0,0.54931,0.99875,0.07143,1.0,1.0,1.0,1.0,1.0,0.92857,0.5,0.8,1.0,1.0,0.5,0.5,0.5,1.0,1.0,0.5,0.5,0.5,0.5,0.5,1.0,1.0,1.0,0.5,0.5,0.8,0.13333,1.0,1.0,1.0,1.0,0.0,0.5,0.5,0.5,0.5,0.5,0.5,0.5,0.09906,0.8,0.06667,0.0,0.0,0.66667,0.0,0.11111,0.0,0.5,0.5,0.9619,0.88571,1.0,1.0,0.5,1.0,0.53088,0.68946,0.07143,1.0,1.0,1.0,1.0,1.0,0.92857,0.5,0.63333,1.0,1.0,0.5,0.5,0.5,1.0,1.0,0.5,0.5,0.5,0.5,0.5,1.0,1.0,1.0,0.5,0.5,0.86667,0.13333,1.0,1.0,1.0,1.0,0.0,0.5,0.5,0.5,0.5,0.5,0.5,0.5,0.09906,0.8,0.06667,0.0,0.0,0.66667,0.0,0.11111,0.0,0.5,0.5,0.9619,0.88571,1.0,1.0,0.5,1.0,0.57877,1.0,0.07143,1.0,1.0,1.0,1.0,1.0,0.92857,0.5,0.7,1.0,1.0,0.5,0.5,0.5,1.0,1.0,0.5,0.5,0.5,0.5,0.5,1.0,1.0,1.0,0.5,0.5,0.7,0.13333,1.0,1.0,1.0,1.0,0.0,0.5,0.5,0.5,0.5,0.5,0.5,0.5,0.09906,0.8,0.06667,0.0,0.0,0.66667,0.0,0.11111,0.0,0.5,0.5,0.9619,0.88571,1.0,1.0,0.5,1.0,0.53383,0.74144,0.07143,1.0,1.0,1.0,1.0,1.0,0.92857,0.5,0.5,1.0,1.0,0.5,0.5,0.5,1.0,1.0,0.5,0.5,0.5,0.5,0.5,1.0,1.0,1.0,0.5,0.5,0.83333,0.13333,1.0,1.0,1.0,1.0,0.0,0.5,0.5,0.5,0.5,0.5,0.5,0.5,0.09906,0.8,0.06667,0.0,0.0,0.66667,0.0,0.11111,0.0,0.5,0.5,0.9619,0.88571,1.0,1.0,0.5,1.0,0.54069,0.85824,0.07143,1.0,1.0,1.0,1.0,1.0,0.92857,0.5,0.8,1.0,1.0,0.5,0.5,0.5,1.0,1.0,0.5,0.5,0.5,0.5,0.5,1.0,1.0,1.0,0.5,0.5,0.83333,0.13333,1.0,1.0,1.0,1.0,0.0,0.5,0.5,0.5,0.5,0.5,0.5,0.5,0.09906,0.8,0.06667,0.0,0.0,0.66667,0.0,0.11111,0.0,0.5,0.5,0.9619,0.88571,1.0,1.0,0.5,1.0,0.53517,0.76452,0.07143,1.0,1.0,1.0,1.0,1.0,0.92857,0.5,0.0,1.0,1.0,0.5,0.5,0.5,1.0,1.0,0.5,0.5,0.5,0.5,0.5,1.0,1.0,1.0,0.5,0.5,1.0,0.06667,0.0,1.0,1.0,1.0,0.0,0.5
0.0,0.0,0.0,0.0,0.8,0.73333,0.09555,0.8,0.13333,0.0,0.0,0.66667,0.0,0.16,0.02222,0.61363,0.0,0.84762,1.0,0.8381,1.0,0.74286,0.0,0.0001,1.0,0.0,1.0,1.0,1.0,0.0,1.0,0.92857,1.0,1.0,1.0,1.0,0.5,0.5,0.5,1.0,1.0,0.5,0.5,0.5,1.0,0.03404,0.0,1.0,1.0,0.5,0.5,1.0,0.0,0.0,1.0,1.0,1.0,1.0,1.0,0.5,0.5,0.5,0.5,0.5,0.5,0.09555,0.8,0.13333,0.0,0.0,0.66667,0.0,0.16,0.02222,0.79809,0.0,0.84762,1.0,0.8381,1.0,0.5,1.0,0.57806,0.8258,0.07143,1.0,1.0,1.0,0.0,1.0,1.0,0.5,0.8,1.0,1.0,0.5,0.5,0.5,1.0,1.0,0.5,0.5,0.5,0.0,0.0,1.0,1.0,1.0,0.5,0.5,0.2,0.13333,1.0,1.0,1.0,1.0,0.0,0.5,0.5,0.5,0.5,0.5,0.5,0.5,0.09555,0.8,0.13333,0.0,0.0,0.66667,0.0,0.16,0.02222,0.94586,0.0,0.84762,1.0,0.8381,1.0,0.5,0.0,0.60545,1.0,0.07143,1.0,1.0,1.0,0.0,1.0,1.0,0.5,0.8,1.0,1.0,0.5,0.5,0.5,1.0,1.0,0.5,0.5,0.5,0.0,0.0,1.0,1.0,1.0,0.5,0.5,0.46667,0.13333,1.0,1.0,1.0,1.0,0.0,0.5,0.5,0.5,0.5,0.5,0.5,0.5,0.09555,0.8,0.13333,0.0,0.0,0.66667,0.0,0.16,0.02222,0.63934,0.0,0.84762,1.0,0.8381,1.0,0.5,0.0,0.57482,0.74652,0.07143,1.0,1.0,1.0,0.0,1.0,0.85714,0.5,0.63333,1.0,1.0,0.5,0.5,0.5,1.0,1.0,0.5,0.5,0.5,0.0,0.0,1.0,1.0,1.0,0.5,0.5,0.63333,0.13333,1.0,1.0,1.0,1.0,0.0,0.5,0.5,0.5,0.5,0.5,0.5,0.5,0.09555,0.8,0.13333,0.0,0.0,0.66667,0.0,0.16,0.02222,0.79809,0.0,0.84762,1.0,0.8381,1.0,0.5,0.0,0.86488,1.0,0.14286,0.91656,0.85464,0.0,0.0,1.0,0.78571,0.5,0.7,1.0,1.0,0.5,0.5,0.5,1.0,1.0,0.5,0.5,0.5,0.0,0.0,1.0,1.0,1.0,0.5,0.5,0.3,0.2,1.0,1.0,0.0,1.0,0.0,0.5,0.0,0.0,0.0,0.0,0.73333,0.8,0.09555,0.8,0.13333,0.0,0.0,0.66667,0.0,0.16,0.02222,0.95909,0.0,0.84762,1.0,0.8381,1.0,0.78095,1.0,0.57541,0.79919,0.07143,1.0,1.0,1.0,0.0,1.0,1.0,0.85714,0.5,1.0,1.0,0.5,0.5,0.5,1.0,1.0,0.5,0.5,0.5,0.0,0.0,1.0,1.0,1.0,0.5,0.5,0.5,0.13333,1.0,1.0,1.0,1.0,0.0,0.92857,0.5,0.5,0.5,0.5,0.5,0.5,0.09555,0.8,0.13333,0.0,0.0,0.66667,0.0,0.16,0.02222,0.0,0.99272,0.8381,0.98095,0.92381,0.89524,0.5,1.0,0.5889,0.93476,0.07143,1.0,1.0,1.0,1.0,1.0,1.0,0.5,0.8,1.0,1.0,0.5,0.5,0.5,1.0,1.0,0.5,0.5,0.5,0.0,0.0,1.0,1.0,1.0,0.5,0.5,0.5,0.13333,1.0,1.0,1.0,1.0,0.0,0.5,0.0,0.5,0.0,0.5,0.8,0.5,0.09555,0.8,0.13333,0.0,0.0,0.66667,1.0,0.16,0.02222,0.79809,0.0,0.84762,1.0,0.8381,1.0,0.84762,1.0,0.57806,0.8258,0.07143,1.0,1.0,1.0,0.0,1.0,1.0,0.85714,0.0,1.0,1.0,0.5,0.5,0.5,1.0,1.0,0.5,0.5,0.5,0.0,0.0,1.0,1.0,1.0,0.5,0.5,1.0,0.06667,0.0,1.0,1.0,1.0,0.0,1.0
0.0,0.0,0.0,0.0,0.8,0.73333,0.07855,0.53333,0.2,0.0,0.0,0.66667,0.0,0.21333,0.02222,0.8813,0.0,1.0,1.0,0.8381,1.0,0.74286,0.0,0.0001,1.0,0.0,1.0,1.0,1.0,0.0,1.0,0.78571,1.0,1.0,1.0,1.0,0.5,0.5,0.5,1.0,1.0,0.5,0.5,0.5,0.11355,0.14746,0.0,1.0,1.0,0.5,0.5,1.0,0.0,0.0,1.0,1.0,1.0,1.0,1.0,0.5,0.5,0.5,0.5,0.5,0.5,0.07855,0.53333,0.2,0.0,0.0,0.66667,0.0,0.21333,0.02222,0.94166,0.0,1.0,1.0,0.8381,1.0,0.5,0.0,0.6825,0.975,0.21429,1.0,0.73505,0.66667,0.0,0.93717,1.0,0.5,0.8,1.0,1.0,0.5,0.5,0.5,1.0,1.0,0.5,0.5,0.5,0.0,0.0,1.0,1.0,1.0,0.5,0.5,0.2,0.26667,1.0,1.0,0.33333,1.0,0.0,0.5,0.5,0.5,0.5,0.5,0.5,0.5,0.07855,0.53333,0.2,0.0,0.0,0.66667,0.0,0.21333,0.02222,0.99159,0.0,1.0,1.0,0.8381,1.0,0.5,0.0,0.74063,1.0,0.21429,1.0,0.73505,0.66667,0.0,0.93717,1.0,0.5,0.8,1.0,1.0,0.5,0.5,0.5,1.0,1.0,0.5,0.5,0.5,0.0,0.0,1.0,1.0,1.0,0.5,0.5,0.2,0.26667,1.0,1.0,0.33333,1.0,0.0,0.5,0.5,0.5,0.5,0.5,0.5,0.5,0.07855,0.53333,0.2,0.0,0.0,0.66667,0.0,0.21333,0.02222,0.88959,0.0,1.0,1.0,0.8381,1.0,0.5,0.0,0.55067,0.71516,0.07143,1.0,1.0,1.0,0.0,1.0,0.85714,0.5,0.63333,1.0,1.0,0.5,0.5,0.5,1.0,1.0,0.5,0.5,0.5,0.0,0.0,1.0,1.0,1.0,0.5,0.5,0.7,0.13333,1.0,1.0,1.0,1.0,0.0,0.5,0.5,0.5,0.5,0.5,0.5,0.5,0.07855,0.53333,0.2,0.0,0.0,0.66667,0.0,0.21333,0.02222,0.94166,0.0,1.0,1.0,0.8381,1.0,0.5,0.0,0.83824,1.0,0.14286,0.80749,0.71861,0.0,0.0,1.0,0.64286,0.5,0.7,1.0,1.0,0.5,0.5,0.5,1.0,1.0,0.5,0.5,0.5,0.0,0.0,1.0,1.0,1.0,0.5,0.5,0.3,0.2,1.0,1.0,0.0,1.0,0.0,0.5,0.0,0.0,0.0,0.0,0.66667,0.53333,0.07855,0.53333,0.2,0.0,0.0,0.66667,0.0,0.21333,0.02222,0.99613,0.0,1.0,1.0,0.8381,1.0,1.0,1.0,0.67678,0.93998,0.21429,1.0,0.73505,0.66667,0.0,0.93717,1.0,0.71429,0.5,1.0,1.0,0.5,0.5,0.5,1.0,1.0,0.5,0.5,0.5,0.0,0.0,1.0,1.0,1.0,0.5,0.5,0.5,0.26667,1.0,1.0,0.33333,1.0,0.0,1.0,0.5,0.5,0.5,0.5,0.5,0.5,0.07855,0.53333,0.2,0.0,0.0,0.66667,0.0,0.21333,0.02222,0.0,0.98159,1.0,1.0,0.8381,1.0,0.5,0.0,0.60058,0.9533,0.07143,0.86071,0.75548,0.0,1.0,1.0,0.71429,0.5,0.8,1.0,1.0,0.5,0.5,0.5,1.0,1.0,0.5,0.5,0.5,0.0,0.0,1.0,1.0,1.0,0.5,0.5,0.26667,0.13333,1.0,1.0,0.0,1.0,0.0,0.5,0.0,0.5,0.0,0.5,0.53333,0.5,0.07855,0.53333,0.2,0.0,0.0,0.66667,1.0,0.21333,0.02222,0.94166,0.0,1.0,1.0,0.8381,1.0,1.0,0.0,0.6825,0.975,0.21429,1.0,0.73505,0.66667,0.0,0.93717,1.0,1.0,0.0,1.0,1.0,0.5,0.5,0.5,1.0,1.0,0.5,0.5,0.5,0.0,0.0,1.0,1.0,1.0,0.5,0.5,1.0,0.06667,0.0,1.0,1.0,1.0,0.0,1.0
0.5,0.5,0.5,0.5,0.5,0.5,0.00294,0.2,0.43333,0.0,0.0,0.66667,0.0,0.30667,0.01333,0.39606,0.0,1.0,0.86667,1.0,1.0,0.5,0.0,0.0001,1.0,0.0,0.0621,0.02455,0.2,0.0,0.95549,0.92857,0.5,1.0,1.0,1.0,0.5,0.5,0.5,1.0,1.0,0.5,0.5,0.5,1.0,0.08171,0.0,1.0,1.0,0.5,0.5,1.0,0.0,0.0,1.0,1.0,1.0,0.7,0.5,0.0,0.5,0.0,0.5,0.2,0.5,0.00294,0.2,0.43333,0.0,0.0,0.66667,1.0,0.30667,0.01333,0.57942,0.0,1.0,0.86667,1.0,1.0,1.0,0.0,0.92462,1.0,0.07143,0.05516,0.02455,0.18182,0.0,0.95134,1.0,0.85714,0.8,1.0,1.0,0.5,0.5,0.5,1.0,1.0,0.5,0.5,0.5,0.0,0.0,1.0,1.0,1.0,0.5,0.5,0.2,0.26667,0.27273,0.0,0.66667,1.0,0.63636,1.0,0.0,0.0,0.0,0.0,0.2,0.2,0.00294,0.2,0.43333,0.0,0.0,0.66667,0.0,0.30667,0.01333,0.75677,0.0,1.0,0.86667,1.0,1.0,0.58095,0.0,0.89635,1.0,0.07143,0.05886,0.02455,0.22222,0.0,0.96269,0.85714,0.85714,0.0,1.0,1.0,0.5,0.5,0.5,1.0,1.0,0.5,0.5,0.5,0.0,0.15683,1.0,1.0,1.0,0.5,0.5,1.0,0.06667,0.0,1.0,1.0,1.0,0.66667,1.0,0.5,0.5,0.5,0.5,0.5,0.5,0.00294,0.2,0.43333,0.0,0.0,0.66667,0.0,0.30667,0.01333,0.41949,0.0,1.0,0.86667,1.0,1.0,0.5,0.0,0.85794,1.0,0.07143,0.05516,0.02455,0.18182,0.0,0.95134,1.0,0.5,0.16667,1.0,1.0,0.5,0.5,0.5,1.0,1.0,0.5,0.5,0.5,0.0,0.0,1.0,1.0,1.0,0.5,0.5,0.83333,0.26667,0.27273,0.0,0.66667,1.0,0.63636,0.5,0.0,0.0,0.0,0.0,0.2,0.2,0.00294,0.2,0.43333,0.0,0.0,0.66667,0.0,0.30667,0.01333,0.57942,0.0,1.0,0.86667,1.0,1.0,0.58095,1.0,0.99794,1.0,0.07143,0.07331,0.03139,0.22222,0.0,0.96121,0.85714,0.07143,0.46667,1.0,1.0,0.5,0.5,0.5,1.0,1.0,0.5,0.5,0.5,0.0,0.0,1.0,1.0,1.0,0.5,0.5,0.53333,0.26667,0.33333,0.0,0.66667,1.0,0.77778,1.0,0.5,0.5,0.5,0.5,0.5,0.5,0.00294,0.2,0.43333,0.0,0.0,0.66667,0.0,0.30667,0.01333,0.77425,0.0,1.0,0.86667,1.0,1.0,0.5,0.0,0.52305,0.72645,0.07143,0.05654,0.02455,0.11111,0.0,0.95111,0.85714,0.5,0.0,1.0,1.0,0.5,0.5,0.5,1.0,1.0,0.5,0.5,0.5,0.0,0.0,1.0,1.0,1.0,0.5,0.5,1.0,0.06667,0.0,1.0,1.0,1.0,0.66667,0.5,0.0,0.0,0.0,0.0,0.2,0.2,0.00294,0.2,0.43333,0.0,0.0,0.66667,0.0,0.30667,0.01333,0.85401,0.0,1.0,0.86667,1.0,1.0,1.0,0.0,0.68316,1.0,0.07143,0.05654,0.02455,0.11111,0.0,0.95111,0.85714,0.85714,0.0,1.0,1.0,0.5,0.5,0.5,1.0,1.0,0.5,0.5,0.5,0.0,0.0,1.0,1.0,1.0,0.5,0.5,1.0,0.06667,0.0,1.0,1.0,1.0,0.66667,1.0,1.0,1.0,1.0,1.0,0.2,0.2,0.00294,0.2,0.43333,0.0,0.0,0.66667,0.0,0.30667,0.01333,0.57942,0.0,1.0,0.86667,1.0,1.0,0.41905,0.0,0.92462,1.0,0.07143,0.05516,0.02455,0.18182,0.0,0.95134,1.0,0.71429,0.0,1.0,1.0,0.5,0.5,0.5,1.0,1.0,0.5,0.5,0.5,0.0,0.0,1.0,1.0,1.0,0.5,0.5,1.0,0.06667,0.0,1.0,1.0,1.0,0.63636,1.0
0.5,0.5,0.5,0.5,0.5,0.5,1e-05,0.06667,1.0,0.0,0.0,0.66667,0.0,0.28,0.01333,0.0,0.99904,1.0,1.0,0.77143,1.0,0.5,0.0,0.0001,1.0,0.0,0.00019,9e-05,0.0,0.0,0.99719,0.92857,0.5,1.0,1.0,1.0,0.5,0.5,0.5,1.0,1.0,0.5,0.5,0.5,3e-05,0.1012,0.0,1.0,1.0,0.0,0.152,1.0,0.0,0.0,1.0,1.0,1.0,0.0,0.5,1.0,0.0,0.0,0.0,0.2,0.2,1e-05,0.06667,1.0,0.0,0.0,0.66667,0.0,0.28,0.01333,0.0,0.98981,1.0,1.0,0.77143,1.0,0.77143,0.0,0.87272,1.0,0.07143,0.00016,8e-05,0.0,0.0,0.99683,1.0,0.85714,1.0,1.0,1.0,0.5,0.5,0.5,1.0,1.0,0.0,0.152,0.96967,3e-05,0.1012,0.0,1.0,1.0,0.0,0.152,1.0,0.0,0.0,1.0,1.0,1.0,0.0,0.14286,0.0,0.0,0.0,0.0,0.06667,0.06667,1e-05,0.06667,1.0,0.0,0.0,0.66667,0.0,0.28,0.01333,0.0,0.98221,1.0,1.0,0.77143,1.0,0.77143,0.0,0.92477,1.0,0.07143,0.00019,9e-05,0.0,0.0,0.98675,0.85714,0.57143,0.0,1.0,1.0,0.5,0.2092,0.5,1.0,1.0,0.0,0.05911,0.98474,0.0,0.0,1.0,1.0,1.0,0.0,0.152,1.0,0.06667,0.0,1.0,1.0,1.0,0.0,0.14286,0.0,0.5,0.0,0.5,0.06667,0.5,1e-05,0.06667,1.0,0.0,0.0,0.66667,1.0,0.28,0.01333,0.0,0.99777,1.0,1.0,0.77143,1.0,1.0,0.0,0.8156,1.0,0.07143,0.00016,8e-05,0.0,0.0,0.99683,1.0,1.0,0.0,1.0,1.0,0.5,0.5,0.5,1.0,1.0,0.5,0.5,0.5,0.0,0.0,1.0,1.0,1.0,0.0,0.152,1.0,0.06667,0.0,1.0,1.0,1.0,0.0,1.0,0.0,0.0,0.0,0.0,0.06667,0.06667,1e-05,0.06667,1.0,0.0,0.0,0.66667,0.0,0.28,0.01333,0.0,0.98981,1.0,1.0,0.77143,1.0,0.86667,0.0,0.91464,1.0,0.07143,0.00021,9e-05,0.0,0.0,0.99692,0.85714,0.92857,0.0,1.0,1.0,0.5,0.5,0.5,1.0,1.0,0.5,0.5,0.5,0.0,0.0,1.0,1.0,1.0,0.0,0.152,1.0,0.06667,0.0,1.0,1.0,1.0,0.0,1.0,0.0,0.0,0.0,0.0,0.2,0.2,1e-05,0.06667,1.0,0.0,0.0,0.66667,0.0,0.28,0.01333,0.0,0.98152,1.0,1.0,0.77143,1.0,0.58095,0.0,0.75447,1.0,0.07143,0.00019,9e-05,0.0,0.0,0.98675,0.85714,0.21429,0.0,1.0,1.0,0.5,0.5,0.5,1.0,1.0,0.5,0.5,0.5,0.0,0.0,1.0,1.0,1.0,0.0,0.152,1.0,0.06667,0.0,1.0,1.0,1.0,0.0,1.0,0.0,0.0,0.0,0.0,0.2,0.2,1e-05,0.06667,1.0,0.0,0.0,0.66667,0.0,0.28,0.01333,0.0,0.97957,0.93333,1.0,0.81905,0.93333,0.59048,0.0,0.50298,0.79838,0.0,0.00017,9e-05,0.0,0.0,0.99701,0.85714,0.21429,0.0,1.0,1.0,0.5,0.5,0.5,1.0,1.0,0.5,0.5,0.5,0.0,0.0,1.0,1.0,1.0,0.0,0.152,1.0,0.06667,0.0,1.0,1.0,1.0,0.0,1.0,1.0,1.0,1.0,1.0,0.2,0.2,1e-05,0.06667,1.0,0.0,0.0,0.66667,0.0,0.28,0.01333,0.0,0.98981,1.0,1.0,0.77143,1.0,0.53333,0.0,0.87272,1.0,0.07143,0.00016,8e-05,0.0,0.0,0.99683,1.0,0.5,1.0,1.0,1.0,0.5,0.5,0.5,1.0,1.0,0.5,0.5,0.5,3e-05,0.1012,0.0,1.0,1.0,0.0,0.152,1.0,0.0,0.0,1.0,1.0,1.0,0.0,1.0
0.0,0.0,0.0,0.0,0.2,0.2,0.01917,0.2,0.56667,0.0,0.0,0.66667,0.0,0.32,0.03111,0.81582,0.0,0.90476,0.90476,0.90476,1.0,0.90476,0.0,0.0001,1.0,0.0,0.291,0.20612,0.0,0.0,0.99487,0.92857,1.0,1.0,0.86667,0.83952,0.11885,0.0,0.11885,1.0,1.0,0.33707,1.0,0.61178,0.0748,0.09248,0.0,1.0,1.0,0.68264,1.0,1.0,0.0,0.0,1.0,0.0,1.0,0.0,1.0,0.0,0.5,0.0,0.5,0.2,0.5,0.01917,0.2,0.56667,0.0,0.0,0.66667,1.0,0.32,0.03111,0.89156,0.0,0.90476,0.90476,0.90476,1.0,0.90476,0.0,0.67912,0.97018,0.07143,0.25653,0.17406,0.0,0.0,0.99593,1.0,1.0,1.0,0.86667,0.83952,0.11885,0.11885,0.11885,1.0,1.0,0.68264,1.0,0.5,0.0748,0.09248,0.0,1.0,1.0,0.68264,1.0,1.0,0.0,0.0,1.0,0.0,1.0,0.0,1.0,1.0,1.0,0.0,1.0,0.2,0.2,0.01917,0.2,0.56667,0.0,0.0,0.66667,0.0,0.32,0.03111,0.9562,0.0,1.0,1.0,0.82857,0.90476,0.82857,0.0,0.67833,1.0,0.07143,0.30842,0.20612,0.0,0.0,0.94851,0.85714,0.85714,0.0,0.86667,0.83952,0.11885,0.5,1.0,1.0,1.0,1.0,0.06582,1.0,0.0,0.0,1.0,1.0,1.0,0.68264,1.0,1.0,0.06667,0.0,1.0,0.0,1.0,0.0,1.0,1.0,1.0,1.0,1.0,0.2,0.2,0.01917,0.2,0.56667,0.0,0.0,0.66667,0.0,0.32,0.03111,0.82607,0.0,0.90476,0.90476,0.90476,1.0,0.90476,0.0,0.65454,0.85005,0.07143,0.25653,0.17406,0.0,0.0,0.99593,1.0,0.85714,0.0,0.86667,0.83952,0.11885,0.5,1.0,1.0,1.0,0.5,0.5,0.5,0.0,0.0,1.0,1.0,1.0,0.68264,1.0,1.0,0.06667,0.0,1.0,0.0,1.0,0.0,1.0,0.5,0.5,0.5,0.5,0.5,0.5,0.01917,0.2,0.56667,0.0,0.0,0.66667,0.0,0.32,0.03111,0.89156,0.0,0.90476,0.90476,0.90476,1.0,0.5,0.0,0.94532,1.0,0.07143,0.25653,0.17406,0.0,0.0,0.99593,1.0,0.5,0.0,0.86667,0.83952,0.11885,0.5,1.0,1.0,1.0,0.5,0.5,0.5,0.0,0.0,1.0,1.0,1.0,0.68264,1.0,1.0,0.06667,0.0,1.0,0.0,1.0,0.0,0.5,0.5,0.5,0.5,0.5,0.5,0.5,0.01917,0.2,0.56667,0.0,0.0,0.66667,0.0,0.32,0.03111,0.96217,0.0,1.0,1.0,0.82857,0.90476,0.5,0.0,0.61181,0.84974,0.07143,0.30842,0.20612,0.0,0.0,0.94851,0.85714,0.5,0.23333,0.86667,0.83952,0.11885,0.5,0.71311,1.0,1.0,0.5,0.5,0.5,0.0,0.0,1.0,1.0,1.0,0.68264,1.0,0.76667,0.26667,0.75,1.0,1.0,1.0,0.0,0.5,0.5,0.5,0.5,0.5,0.5,0.5,0.01917,0.2,0.56667,0.0,0.0,0.66667,0.0,0.32,0.03111,0.98857,0.0,1.0,1.0,0.82857,0.90476,0.5,0.0,0.17493,0.27766,0.0,0.291,0.20612,0.0,0.0,0.99487,0.92857,0.5,0.03333,0.86667,0.83952,0.11885,0.5,0.9112,1.0,1.0,0.5,0.5,0.5,0.0,0.0,1.0,1.0,1.0,0.68264,1.0,0.96667,0.13333,0.33333,1.0,1.0,1.0,0.0,0.5,1.0,1.0,1.0,1.0,0.2,0.2,0.01917,0.2,0.56667,0.0,0.0,0.66667,0.0,0.32,0.03111,0.89156,0.0,0.90476,0.90476,0.90476,1.0,0.51429,0.0,0.67912,0.97018,0.07143,0.25653,0.17406,0.0,0.0,0.99593,1.0,0.42857,1.0,0.86667,0.83952,0.11885,0.5,0.0,1.0,1.0,0.5,0.5,0.5,0.03559,0.01146,0.0,1.0,1.0,0.68264,1.0,1.0,0.0,0.0,1.0,0.0,1.0,0.0,1.0
0.5,0.5,0.5,0.5,0.5,0.5,0.00015,0.26667,0.76667,0.0,0.0,0.66667,0.0,0.02667,0.03556,0.0,0.99077,1.0,1.0,0.51429,1.0,0.5,1.0,0.0622,1.0,0.0,0.08645,0.02723,0.22222,0.0,0.70114,0.07143,0.5,0.13333,1.0,1.0,0.5,0.5,0.5,1.0,1.0,0.5,0.5,0.5,0.00592,0.00365,0.93333,1.0,1.0,0.0,0.05911,0.93333,0.13333,0.11111,1.0,1.0,1.0,0.0,0.5,0.0,1.0,0.0,1.0,0.33333,0.33333,0.00015,0.26667,0.76667,0.0,0.0,0.66667,0.0,0.02667,0.03556,0.0,0.9659,1.0,1.0,0.51429,1.0,0.9619,0.0,0.79413,1.0,0.92857,0.00077,0.00023,0.25,0.0,0.82788,1.0,0.92857,0.13333,1.0,1.0,0.5,0.39191,0.5,1.0,1.0,0.0,0.23644,1.0,0.00471,0.00538,0.93333,1.0,1.0,0.0,0.05911,0.93333,0.13333,0.25,0.0,0.0,0.0,0.0,1.0,0.0,0.0,0.0,0.0,0.4,0.13333,0.00015,0.26667,0.76667,0.0,0.0,0.66667,0.0,0.02667,0.03556,0.0,0.94429,1.0,1.0,0.54286,0.97143,0.41905,0.0,0.59599,1.0,0.85714,0.00062,0.00023,0.33333,0.0,0.77658,0.92857,0.5,0.13333,1.0,1.0,0.5,0.5,0.5,1.0,1.0,0.5,0.5,0.5,0.00771,0.0,0.9,1.0,1.0,0.0,0.05911,1.0,0.06667,0.0,1.0,0.0,1.0,0.0,1.0,1.0,0.5,0.0,0.5,0.26667,0.5,0.00015,0.26667,0.76667,0.0,0.0,0.66667,1.0,0.02667,0.03556,0.0,0.98743,1.0,1.0,0.51429,1.0,1.0,0.0,0.85975,1.0,0.92857,0.00077,0.00023,0.25,0.0,0.82788,1.0,1.0,0.63333,1.0,1.0,0.5,0.5,0.5,1.0,1.0,0.5,0.5,0.5,0.0,0.0,1.0,1.0,1.0,0.0,0.05911,0.36667,0.13333,0.25,0.0,0.0,0.0,0.0,1.0,0.0,0.0,0.0,0.0,0.33333,0.26667,0.00015,0.26667,0.76667,0.0,0.0,0.66667,0.0,0.02667,0.03556,0.0,0.9659,1.0,1.0,0.51429,1.0,0.9619,1.0,0.92565,1.0,0.07143,0.00485,0.00046,0.2,0.0,0.71051,0.14286,1.0,0.0,1.0,1.0,0.5,0.62985,0.5,1.0,1.0,0.5,0.5,0.5,0.0,0.0,1.0,1.0,1.0,0.0,0.05911,1.0,0.06667,0.0,1.0,0.0,1.0,0.0,1.0,0.5,0.5,0.5,0.5,0.5,0.5,0.00015,0.26667,0.76667,0.0,0.0,0.66667,0.0,0.02667,0.03556,0.0,0.94228,1.0,1.0,0.54286,0.97143,0.5,0.0,0.81456,1.0,0.85714,0.00062,0.00023,0.33333,0.0,0.77658,0.92857,0.5,0.0,1.0,1.0,0.5,0.5,0.5,1.0,1.0,0.5,0.5,0.5,0.0,0.0,1.0,1.0,1.0,0.0,0.05911,1.0,0.06667,0.0,1.0,0.0,1.0,0.0,0.5,0.0,0.0,0.0,0.0,0.26667,0.26667,0.00015,0.26667,0.76667,0.0,0.0,0.66667,0.0,0.02667,0.03556,0.0,0.9362,0.90476,0.99048,0.52381,0.97143,0.8,0.0,0.00077,0.00123,0.71429,0.1884,0.104,0.0,0.0,1.0,0.64286,0.5,0.06667,1.0,1.0,0.5,0.58467,0.5,1.0,1.0,0.0,0.05911,0.66222,0.00504,0.00169,0.93333,1.0,1.0,0.0,0.05911,1.0,0.06667,0.0,1.0,0.0,1.0,0.0,1.0,0.5,0.5,0.5,0.5,0.5,0.5,0.00015,0.26667,0.76667,0.0,0.0,0.66667,0.0,0.02667,0.03556,0.0,0.9659,1.0,1.0,0.51429,1.0,0.5,0.0,0.79413,1.0,0.92857,0.00077,0.00023,0.25,0.0,0.82788,1.0,0.5,0.06667,1.0,1.0,0.5,0.5,0.5,1.0,1.0,0.5,0.5,0.5,0.00401,0.00538,0.93333,1.0,1.0,0.0,0.05911,1.0,0.06667,0.0,1.0,0.0,1.0,0.0,0.5
1.0,1.0,1.0,0.0,1.0,0.4,0.16787,0.2,0.26667,0.0,0.5,0.0,0.0,0.52,0.04,0.02616,0.0,1.0,1.0,1.0,1.0,0.6,0.0,0.0001,1.0,0.0,0.96115,0.9252,0.0,0.0,1.0,0.75,0.75,1.0,1.0,1.0,0.5,0.5,0.5,1.0,1.0,0.5,0.5,0.5,0.24904,0.0872,0.0,1.0,1.0,0.5,0.5,1.0,0.0,0.0,1.0,1.0,1.0,1.0,1.0,0.5,0.5,0.5,0.5,0.5,0.5,0.16787,0.2,0.26667,0.0,0.5,0.0,0.0,0.52,0.04,0.39055,0.0,1.0,1.0,1.0,1.0,0.5,1.0,0.84699,1.0,0.25,0.90399,0.80791,0.0,0.0,1.0,1.0,0.5,0.8,1.0,1.0,0.5,0.5,0.5,1.0,1.0,0.5,0.5,0.5,0.0,0.0,1.0,1.0,1.0,0.5,0.5,0.2,0.6,1.0,0.5,0.5,1.0,0.5,0.5,0.0,0.5,0.0,0.5,0.2,0.5,0.16787,0.2,0.26667,0.0,0.5,0.0,1.0,0.52,0.04,0.69733,0.0,1.0,1.0,1.0,1.0,1.0,1.0,0.98945,1.0,0.25,0.90399,0.80791,0.0,1.0,1.0,1.0,0.75,0.8,1.0,1.0,0.5,0.5,0.5,1.0,1.0,0.5,0.5,0.5,0.0,0.0,1.0,1.0,1.0,0.5,0.5,0.4,0.4,0.5,0.0,0.0,1.0,0.5,0.75,0.5,0.5,0.5,0.5,0.5,0.5,0.16787,0.2,0.26667,0.0,0.5,0.0,0.0,0.52,0.04,0.07576,0.0,1.0,1.0,1.0,1.0,0.5,1.0,0.81813,1.0,0.25,0.87231,0.73623,0.0,0.0,1.0,0.5,0.5,0.6,1.0,1.0,0.5,0.5,0.5,1.0,1.0,0.5,0.5,0.5,0.0,0.0,1.0,1.0,1.0,0.5,0.5,0.6,0.4,0.5,0.0,0.0,1.0,0.5,0.5,0.5,0.5,0.5,0.5,0.5,0.5,0.16787,0.2,0.26667,0.0,0.5,0.0,0.0,0.52,0.04,0.39055,0.0,1.0,1.0,1.0,1.0,0.5,0.0,0.76263,1.0,0.0,0.96115,0.9252,0.0,0.0,1.0,0.75,0.5,0.7,1.0,1.0,0.5,0.5,0.5,1.0,1.0,0.5,0.5,0.5,0.0,0.0,1.0,1.0,1.0,0.5,0.5,0.3,0.4,1.0,0.0,0.0,1.0,1.0,0.5,0.5,0.5,0.5,0.5,0.5,0.5,0.16787,0.2,0.26667,0.0,0.5,0.0,0.0,0.52,0.04,0.72547,0.0,1.0,1.0,1.0,1.0,0.5,0.0,0.23538,0.32692,0.0,0.96115,0.9252,0.0,0.0,1.0,0.75,0.5,0.5,1.0,1.0,0.5,0.5,0.5,1.0,1.0,0.5,0.5,0.5,0.0,0.0,1.0,1.0,1.0,0.5,0.5,0.5,0.4,1.0,0.0,0.0,1.0,1.0,0.5,0.5,0.5,0.5,0.5,0.5,0.5,0.16787,0.2,0.26667,0.0,0.5,0.0,0.0,0.52,0.04,0.84952,0.0,1.0,1.0,1.0,1.0,0.5,0.0,0.30743,0.48799,0.0,0.96115,0.9252,0.0,0.0,1.0,0.75,0.5,0.8,1.0,1.0,0.5,0.5,0.5,1.0,1.0,0.5,0.5,0.5,0.0,0.0,1.0,1.0,1.0,0.5,0.5,0.4,0.4,1.0,0.0,0.0,1.0,1.0,0.5,0.5,0.5,0.5,0.5,0.5,0.5,0.16787,0.2,0.26667,0.0,0.5,0.0,0.0,0.52,0.04,0.39055,0.0,1.0,1.0,1.0,1.0,0.5,1.0,0.84699,1.0,0.25,0.90399,0.80791,0.0,0.0,1.0,1.0,0.5,0.0,1.0,1.0,0.5,0.5,0.5,1.0,1.0,0.5,0.5,0.5,0.0,0.0,1.0,1.0,1.0,0.5,0.5,1.0,0.2,0.0,1.0,1.0,1.0,0.5,0.5
1.0,0.0,1.0,0.0,1.0,0.4,0.17129,0.4,0.2,0.0,0.5,0.0,0.0,0.6,0.16,0.87936,0.0,1.0,1.0,1.0,1.0,0.4,0.0,0.0001,1.0,0.0,0.79137,0.62848,0.0,0.0,0.89076,0.0,0.25,1.0,1.0,1.0,0.5,0.5,0.5,1.0,1.0,0.5,0.5,0.5,0.04819,0.08286,0.8,1.0,1.0,0.5,0.5,0.2,0.2,0.33333,1.0,1.0,1.0,0.33333,1.0,0.5,0.5,0.5,0.5,0.5,0.5,0.17129,0.4,0.2,0.0,0.5,0.0,0.0,0.6,0.16,0.91469,0.0,1.0,1.0,1.0,1.0,0.5,0.0,0.86552,1.0,0.25,0.86621,0.75352,0.0,0.0,0.91665,0.25,0.5,0.8,1.0,1.0,0.5,0.5,0.5,1.0,1.0,0.5,0.5,0.5,0.0,0.0,1.0,1.0,1.0,0.5,0.5,0.2,0.4,0.5,1.0,1.0,1.0,0.5,0.5,1.0,0.0,1.0,0.0,0.6,0.2,0.17129,0.4,0.2,0.0,0.5,0.0,0.0,0.6,0.16,0.94649,0.0,1.0,1.0,1.0,1.0,1.0,0.0,0.68309,1.0,1.0,1.0,1.0,1.0,0.0,1.0,1.0,0.25,0.0,1.0,1.0,0.5,0.5,0.5,1.0,1.0,0.5,0.5,0.5,0.0,0.0,1.0,1.0,1.0,0.5,0.5,1.0,0.2,0.0,1.0,1.0,1.0,0.0,1.0,0.0,0.5,0.0,0.5,0.4,0.5,0.17129,0.4,0.2,0.0,0.5,0.0,1.0,0.6,0.16,0.88403,0.0,1.0,1.0,1.0,1.0,1.0,0.0,0.15744,0.20446,1.0,1.0,1.0,1.0,0.0,1.0,1.0,0.25,0.2,1.0,1.0,0.5,0.5,0.5,1.0,1.0,0.5,0.5,0.5,0.0,0.0,1.0,1.0,1.0,0.5,0.5,0.8,0.4,1.0,1.0,0.0,1.0,0.0,0.5,0.0,0.0,0.0,0.0,0.2,0.4,0.17129,0.4,0.2,0.0,0.5,0.0,0.0,0.6,0.16,0.91469,0.0,1.0,1.0,1.0,1.0,1.0,0.0,0.89859,1.0,1.0,1.0,1.0,1.0,0.0,1.0,1.0,0.25,0.5,1.0,1.0,0.5,0.5,0.5,1.0,1.0,0.5,0.5,0.5,0.0,0.0,1.0,1.0,1.0,0.5,0.5,0.5,0.4,1.0,1.0,0.0,1.0,0.0,1.0,0.5,0.5,0.5,0.5,0.5,0.5,0.17129,0.4,0.2,0.0,0.5,0.0,0.0,0.6,0.16,0.94951,0.0,1.0,1.0,1.0,1.0,0.5,1.0,0.84175,1.0,0.25,0.86621,0.75352,0.0,0.0,0.91665,0.25,0.5,0.0,1.0,1.0,0.5,0.5,0.5,1.0,1.0,0.5,0.5,0.5,0.0,0.0,1.0,1.0,1.0,0.5,0.5,1.0,0.2,0.0,1.0,1.0,1.0,0.5,0.5,0.5,0.5,0.5,0.5,0.5,0.5,0.17129,0.4,0.2,0.0,0.5,0.0,0.0,0.6,0.16,0.96303,0.0,1.0,1.0,1.0,1.0,0.5,0.0,0.23518,0.3733,1.0,1.0,1.0,1.0,0.0,1.0,1.0,0.5,0.0,1.0,1.0,0.5,0.5,0.5,1.0,1.0,0.5,0.5,0.5,0.0,0.0,1.0,1.0,1.0,0.5,0.5,1.0,0.2,0.0,1.0,1.0,1.0,0.0,0.5,0.5,0.5,0.5,0.5,0.5,0.5,0.17129,0.4,0.2,0.0,0.5,0.0,0.0,0.6,0.16,0.91469,0.0,1.0,1.0,1.0,1.0,0.5,0.0,0.86552,1.0,0.25,0.86621,0.75352,0.0,0.0,0.91665,0.25,0.5,0.0,1.0,1.0,0.5,0.5,0.5,1.0,1.0,0.5,0.5,0.5,0.0,0.0,1.0,1.0,1.0,0.5,0.5,1.0,0.2,0.0,1.0,1.0,1.0,0.5,0.5
1.0,0.0,0.0,0.0,0.8,0.2,0.14043,0.2,0.3,0.0,0.5,0.0,0.0,0.56,0.0,0.0,0.99268,1.0,1.0,1.0,1.0,0.6,0.0,0.0001,1.0,0.0,0.94407,0.89407,0.0,0.0,1.0,0.75,0.75,1.0,1.0,1.0,0.5,0.5,0.5,1.0,1.0,0.5,0.5,0.5,0.20857,0.40446,0.0,1.0,1.0,0.5,0.5,1.0,0.0,0.0,1.0,1.0,1.0,0.0,1.0,0.5,0.5,0.5,0.5,0.5,0.5,0.14043,0.2,0.3,0.0,0.5,0.0,0.0,0.56,0.0,0.0,0.99268,1.0,1.0,1.0,1.0,0.5,1.0,0.83816,1.0,0.25,0.77874,0.57673,0.0,0.0,0.94836,1.0,0.5,0.8,1.0,1.0,0.5,0.5,0.5,1.0,1.0,0.5,0.5,0.5,0.0,0.0,1.0,1.0,1.0,0.5,0.5,0.2,0.4,0.5,1.0,1.0,1.0,0.0,0.5,0.0,0.0,0.0,0.0,0.2,0.2,0.14043,0.2,0.3,0.0,0.5,0.0,0.0,0.56,0.0,0.0,0.99268,1.0,1.0,1.0,1.0,1.0,0.0,0.98739,1.0,0.25,0.77874,0.57673,0.0,0.0,0.94836,1.0,1.0,0.8,1.0,1.0,0.5,0.5,0.5,1.0,1.0,0.5,0.5,0.5,0.0,0.0,1.0,1.0,1.0,0.5,0.5,0.3,0.4,0.5,1.0,1.0,1.0,0.0,1.0,1.0,1.0,1.0,0.0,0.2,0.2,0.14043,0.2,0.3,0.0,0.5,0.0,0.0,0.56,0.0,0.0,0.99268,1.0,1.0,1.0,1.0,0.6,0.0,0.77538,1.0,0.25,0.80942,0.62978,0.0,1.0,1.0,0.5,0.75,0.6,1.0,1.0,0.5,0.5,0.5,1.0,1.0,0.5,0.5,0.5,0.0,0.0,1.0,1.0,1.0,0.5,0.5,0.6,0.4,0.5,1.0,1.0,1.0,0.0,1.0,0.0,0.0,0.0,0.0,0.2,0.2,0.14043,0.2,0.3,0.0,0.5,0.0,0.0,0.56,0.0,0.0,0.99268,1.0,1.0,1.0,1.0,0.6,0.0,0.55317,1.0,0.0,0.94407,0.89407,0.0,0.0,1.0,0.75,1.0,0.7,1.0,1.0,0.5,0.5,0.5,1.0,1.0,0.5,0.5,0.5,0.0,0.0,1.0,1.0,1.0,0.5,0.5,0.3,0.4,1.0,1.0,1.0,1.0,0.0,1.0,0.5,0.5,0.5,0.5,0.5,0.5,0.14043,0.2,0.3,0.0,0.5,0.0,0.0,0.56,0.0,0.0,0.99268,1.0,1.0,1.0,1.0,0.5,0.0,0.17073,0.23713,0.0,0.94407,0.89407,0.0,0.0,1.0,0.75,0.5,0.5,1.0,1.0,0.5,0.5,0.5,1.0,1.0,0.5,0.5,0.5,0.0,0.0,1.0,1.0,1.0,0.5,0.5,0.5,0.4,1.0,1.0,1.0,1.0,0.0,0.5,0.0,1.0,0.0,0.0,0.2,0.2,0.14043,0.2,0.3,0.0,0.5,0.0,0.0,0.56,0.0,0.0,0.99268,1.0,1.0,1.0,1.0,1.0,0.0,0.223,0.35396,0.0,0.94407,0.89407,0.0,0.0,1.0,0.75,1.0,0.8,1.0,1.0,0.5,0.5,0.5,1.0,1.0,0.5,0.5,0.5,0.0,0.0,1.0,1.0,1.0,0.5,0.5,0.4,0.4,1.0,1.0,1.0,1.0,0.0,0.75,1.0,0.5,1.0,0.5,0.2,0.5,0.14043,0.2,0.3,0.0,0.5,0.0,1.0,0.56,0.0,0.0,0.99268,1.0,1.0,1.0,1.0,1.0,1.0,0.83816,1.0,0.25,0.77874,0.57673,0.0,0.0,0.94836,1.0,1.0,0.0,1.0,1.0,0.5,0.5,0.5,1.0,1.0,0.5,0.5,0.5,0.0,0.0,1.0,1.0,1.0,0.5,0.5,1.0,0.2,0.0,1.0,1.0,1.0,0.0,1.0
1.0,1.0,1.0,1.0,1.0,1.0,0.10429,0.4,0.8,0.0,0.5,0.0,0.0,0.48,0.08,0.81603,0.0,1.0,1.0,1.0,1.0,0.6,0.0,0.0001,1.0,0.0,1.0,1.0,1.0,0.0,1.0,0.75,0.75,1.0,1.0,1.0,0.5,0.5,0.5,1.0,1.0,0.5,0.5,0.5,0.12006,0.56445,0.0,1.0,1.0,0.38003,0.7608,1.0,0.0,0.0,1.0,0.0,1.0,1.0,1.0,0.0,0.0,0.0,0.0,0.4,0.4,0.10429,0.4,0.8,0.0,0.5,0.0,0.0,0.48,0.08,0.89659,0.0,1.0,1.0,1.0,1.0,1.0,0.0,0.77187,1.0,0.25,0.70275,0.38957,0.5,0.0,1.0,1.0,1.0,0.8,1.0,1.0,0.5,0.5,0.5,1.0,1.0,0.38003,0.7608,0.89683,0.0,0.0,1.0,1.0,1.0,0.38003,0.7608,0.2,0.6,1.0,0.5,1.0,1.0,0.5,1.0,0.0,0.0,0.0,0.0,0.4,0.4,0.10429,0.4,0.8,0.0,0.5,0.0,0.0,0.48,0.08,0.96827,0.0,1.0,1.0,1.0,1.0,1.0,0.0,0.91063,1.0,0.25,0.65775,0.34978,0.5,1.0,0.66667,0.5,0.5,0.8,1.0,1.0,0.5,0.5,0.5,1.0,1.0,0.5,0.5,0.5,0.0,0.0,1.0,1.0,1.0,0.38003,0.7608,0.6,0.4,0.5,0.0,1.0,1.0,0.5,0.75,0.0,0.5,0.0,0.5,0.4,0.5,0.10429,0.4,0.8,0.0,0.5,0.0,1.0,0.48,0.08,0.82672,0.0,1.0,1.0,1.0,1.0,1.0,0.0,0.74049,0.96167,0.25,0.70275,0.38957,0.5,0.0,1.0,1.0,1.0,0.6,1.0,1.0,0.5,0.5,0.5,1.0,1.0,0.5,0.5,0.5,0.0,0.0,1.0,1.0,1.0,0.38003,0.7608,0.7,0.4,0.5,0.0,1.0,1.0,0.5,0.75,0.5,0.5,0.5,0.5,0.5,0.5,0.10429,0.4,0.8,0.0,0.5,0.0,0.0,0.48,0.08,0.89659,0.0,1.0,1.0,1.0,1.0,0.5,1.0,0.91839,1.0,0.25,0.70275,0.38957,0.5,0.0,1.0,1.0,0.5,0.7,1.0,1.0,0.5,0.5,0.5,1.0,1.0,0.5,0.5,0.5,0.0,0.0,1.0,1.0,1.0,0.38003,0.7608,0.3,0.4,0.5,0.0,1.0,1.0,0.5,0.5,0.5,0.5,0.5,0.5,0.5,0.5,0.10429,0.4,0.8,0.0,0.5,0.0,0.0,0.48,0.08,0.97503,0.0,1.0,1.0,1.0,1.0,0.5,0.0,0.06078,0.08442,0.0,1.0,1.0,1.0,0.0,1.0,0.75,0.5,0.5,1.0,1.0,0.5,0.5,0.5,1.0,1.0,0.5,0.5,0.5,0.0,0.0,1.0,1.0,1.0,0.38003,0.7608,0.6,0.4,1.0,0.0,1.0,1.0,1.0,0.5,1.0,1.0,1.0,1.0,0.4,0.4,0.10429,0.4,0.8,0.0,0.5,0.0,0.0,0.48,0.08,0.0,0.99481,1.0,1.0,1.0,1.0,1.0,0.0,0.07939,0.12602,0.0,1.0,1.0,1.0,0.0,1.0,0.75,1.0,0.8,1.0,1.0,0.5,0.5,0.5,1.0,1.0,0.5,0.5,0.5,0.0,0.0,1.0,1.0,1.0,0.38003,0.7608,0.6,0.4,1.0,0.0,1.0,1.0,1.0,1.0,0.5,0.5,0.5,0.5,0.5,0.5,0.10429,0.4,0.8,0.0,0.5,0.0,0.0,0.48,0.08,0.89659,0.0,1.0,1.0,1.0,1.0,0.5,0.0,0.77187,1.0,0.25,0.70275,0.38957,0.5,0.0,1.0,1.0,0.5,0.0,1.0,1.0,0.5,0.5,0.5,1.0,1.0,0.5,0.5,0.5,0.0,0.0,1.0,1.0,1.0,0.38003,0.7608,1.0,0.2,0.0,1.0,0.0,1.0,0.5,0.5
0.0,0.0,0.0,0.0,0.6,0.2,0.0184,0.2,0.7,0.0,0.5,0.0,0.0,0.44,0.04,0.40041,0.0,1.0,1.0,1.0,1.0,0.8,0.0,0.0001,1.0,0.0,0.2203,0.12378,0.0,0.0,1.0,0.75,0.75,0.0,0.8,0.61432,0.32815,0.5,0.32815,1.0,1.0,0.5,0.5,0.5,0.0,0.0,1.0,1.0,1.0,0.5,0.5,1.0,0.2,0.0,1.0,1.0,1.0,0.0,1.0,0.0,0.5,0.0,0.5,0.2,0.5,0.0184,0.2,0.7,0.0,0.5,0.0,1.0,0.44,0.04,0.63044,0.0,1.0,1.0,1.0,1.0,1.0,1.0,0.82448,1.0,0.25,0.11004,0.05499,0.0,0.0,0.89841,1.0,1.0,0.0,0.8,0.61432,0.32815,0.32815,0.32815,1.0,1.0,0.5,0.5,0.5,0.0,0.0,1.0,1.0,1.0,0.5,0.5,1.0,0.2,0.0,1.0,1.0,1.0,0.0,1.0,0.0,0.0,0.0,0.0,0.2,0.2,0.0184,0.2,0.7,0.0,0.5,0.0,0.0,0.44,0.04,0.82376,0.0,1.0,1.0,1.0,1.0,1.0,0.0,0.6797,1.0,0.25,0.19731,0.12378,0.0,0.0,0.66667,0.5,1.0,0.0,0.8,0.61432,0.32815,0.12581,0.32815,1.0,1.0,0.5,0.5,0.5,0.0,0.0,1.0,1.0,1.0,0.5,0.5,1.0,0.2,0.0,1.0,1.0,1.0,0.0,1.0,0.0,0.0,0.0,0.0,0.2,0.2,0.0184,0.2,0.7,0.0,0.5,0.0,0.0,0.44,0.04,0.43175,0.0,1.0,1.0,1.0,1.0,0.6,1.0,0.78792,1.0,0.25,0.11004,0.05499,0.0,0.0,0.89841,1.0,0.75,0.0,0.8,0.61432,0.32815,0.5,0.32815,1.0,1.0,0.5,0.5,0.5,0.0,0.0,1.0,1.0,1.0,0.5,0.5,1.0,0.2,0.0,1.0,1.0,1.0,0.0,0.5,0.5,0.5,0.5,0.5,0.5,0.5,0.0184,0.2,0.7,0.0,0.5,0.0,0.0,0.44,0.04,0.63044,0.0,1.0,1.0,1.0,1.0,0.5,0.0,0.81994,1.0,0.25,0.11004,0.05499,0.0,0.0,0.89841,1.0,0.5,0.0,0.8,0.61432,0.32815,0.5,0.32815,1.0,1.0,0.5,0.5,0.5,0.0,0.0,1.0,1.0,1.0,0.5,0.5,1.0,0.2,0.0,1.0,1.0,1.0,0.0,0.5,0.5,0.5,0.5,0.5,0.5,0.5,0.0184,0.2,0.7,0.0,0.5,0.0,0.0,0.44,0.04,0.84147,0.0,1.0,1.0,1.0,1.0,0.5,0.0,0.62334,0.86575,0.25,0.19731,0.12378,0.0,0.0,0.66667,0.5,0.5,0.0,0.8,0.61432,0.32815,0.5,0.19689,1.0,1.0,0.5,0.5,0.5,0.0,0.0,1.0,1.0,1.0,0.5,0.5,1.0,0.2,0.0,1.0,1.0,1.0,0.0,0.5,1.0,1.0,1.0,1.0,0.2,0.2,0.0184,0.2,0.7,0.0,0.5,0.0,0.0,0.44,0.04,0.91954,0.0,1.0,1.0,1.0,1.0,0.7,0.0,0.0703,0.11159,0.0,0.2203,0.12378,0.0,0.0,1.0,0.75,0.75,0.0,0.8,0.61432,0.32815,0.5,0.26252,1.0,1.0,0.5,0.5,0.5,0.0,0.0,1.0,1.0,1.0,0.5,0.5,1.0,0.2,0.0,1.0,1.0,1.0,0.0,0.25,0.5,0.5,0.5,0.5,0.5,0.5,0.0184,0.2,0.7,0.0,0.5,0.0,0.0,0.44,0.04,0.63044,0.0,1.0,1.0,1.0,1.0,0.5,1.0,0.82448,1.0,0.25,0.11004,0.05499,0.0,0.0,0.89841,1.0,0.5,0.0,0.8,0.61432,0.32815,0.5,0.32815,1.0,1.0,0.5,0.5,0.5,0.0,0.0,1.0,1.0,1.0,0.5,0.5,1.0,0.2,0.0,1.0,1.0,1.0,0.0,0.5
1.0,1.0,1.0,0.0,1.0,0.2,0.09329,0.4,0.3,0.0,1.0,0.0,0.0,0.49,0.04,0.64856,0.0,1.0,1.0,1.0,1.0,1.0,0.0,0.0001,1.0,0.0,0.86941,0.79411,0.0,0.0,0.99692,0.88889,1.0,1.0,0.9,0.89926,0.0,0.5,0.0,1.0,1.0,1.0,1.0,1.0,0.26806,0.09081,0.0,1.0,1.0,0.97034,1.0,1.0,0.0,0.0,1.0,0.0,1.0,0.0,1.0,1.0,0.5,1.0,0.5,0.4,0.5,0.09329,0.4,0.3,0.0,1.0,0.0,1.0,0.49,0.04,0.76962,0.0,1.0,1.0,1.0,1.0,1.0,1.0,0.8988,1.0,0.11111,0.90314,0.79411,0.2,0.0,0.99348,1.0,1.0,0.6,0.9,0.89926,0.0,0.0,0.0,1.0,1.0,0.97034,1.0,0.5,0.0,0.09081,1.0,1.0,1.0,0.97034,1.0,0.4,0.6,1.0,0.8,1.0,1.0,0.0,1.0,0.0,0.0,0.0,0.0,0.2,0.2,0.09329,0.4,0.3,0.0,1.0,0.0,0.0,0.49,0.04,0.8704,0.0,1.0,1.0,1.0,1.0,0.46667,1.0,0.95164,1.0,0.0,0.86941,0.79411,0.0,0.0,0.99692,0.88889,0.66667,0.6,0.9,0.89926,0.0,0.5,1.0,1.0,1.0,0.5,0.5,0.5,0.05908,0.0,0.6,1.0,1.0,0.97034,1.0,0.8,0.4,0.75,1.0,1.0,1.0,0.0,1.0,1.0,1.0,1.0,1.0,0.2,1.0,0.09329,0.4,0.3,0.0,1.0,0.0,0.0,0.49,0.04,0.66513,0.0,1.0,1.0,1.0,1.0,1.0,1.0,0.8345,1.0,0.11111,0.90314,0.79411,0.2,0.0,0.99348,1.0,1.0,0.65,0.9,0.89926,0.0,0.5,1.0,1.0,1.0,0.5,0.5,0.5,0.0,0.0,1.0,1.0,1.0,0.97034,1.0,0.35,0.5,0.8,1.0,1.0,1.0,0.0,0.88889,0.0,0.0,0.0,0.0,0.2,0.4,0.09329,0.4,0.3,0.0,1.0,0.0,0.0,0.49,0.04,0.76962,0.0,1.0,1.0,1.0,1.0,1.0,0.0,0.94221,1.0,0.11111,0.87216,0.79411,0.0,0.0,1.0,0.77778,0.77778,0.6,0.9,0.89926,0.0,0.26711,1.0,1.0,1.0,0.5,0.5,0.5,0.0,0.0,1.0,1.0,1.0,0.97034,1.0,0.4,0.4,1.0,1.0,1.0,1.0,0.0,1.0,0.5,0.5,0.5,0.5,0.5,0.5,0.09329,0.4,0.3,0.0,1.0,0.0,0.0,0.49,0.04,0.87959,0.0,1.0,1.0,1.0,1.0,0.5,1.0,0.5553,0.77126,0.0,0.86941,0.79411,0.0,0.0,0.99692,0.88889,0.5,0.5,0.9,0.89926,0.0,0.5,1.0,1.0,1.0,0.5,0.5,0.5,0.06038,0.0,0.5,1.0,1.0,0.97034,1.0,1.0,0.1,0.0,1.0,0.0,1.0,0.0,0.5,1.0,1.0,0.0,1.0,0.2,0.2,0.09329,0.4,0.3,0.0,1.0,0.0,0.0,0.49,0.04,0.92001,0.0,1.0,1.0,1.0,1.0,1.0,1.0,0.7253,1.0,0.0,0.86941,0.79411,0.0,0.0,0.99692,0.88889,1.0,0.5,0.9,0.89926,0.0,0.5,1.0,1.0,1.0,0.5,0.5,0.5,0.0,0.0,1.0,1.0,1.0,0.97034,1.0,0.5,0.5,1.0,1.0,1.0,1.0,0.0,1.0,0.5,0.5,0.5,0.5,0.5,0.5,0.09329,0.4,0.3,0.0,1.0,0.0,0.0,0.49,0.04,0.76962,0.0,1.0,1.0,1.0,1.0,0.5,1.0,0.8988,1.0,0.11111,0.90314,0.79411,0.2,0.0,0.99348,1.0,0.5,0.0,0.9,0.89926,0.0,0.5,0.0,1.0,1.0,0.5,0.5,0.5,0.0,0.09081,1.0,1.0,1.0,0.97034,1.0,1.0,0.1,0.0,1.0,0.0,1.0,0.0,0.5
1.0,1.0,1.0,1.0,0.3,0.3,0.00095,0.2,0.6,0.0,1.0,0.0,0.0,0.26,0.13,0.99953,0.0,1.0,1.0,1.0,1.0,0.53333,0.0,0.0001,1.0,0.0,0.00936,0.00555,0.2,0.0,0.80083,0.88889,0.55556,1.0,1.0,1.0,0.5,0.5,0.5,1.0,1.0,0.99362,1.0,1.0,0.05589,0.0,0.0,1.0,1.0,0.0,0.228,1.0,0.0,0.0,1.0,0.0,1.0,0.0,1.0,0.0,0.0,0.0,0.0,0.2,0.2,0.00095,0.2,0.6,0.0,1.0,0.0,0.0,0.26,0.13,0.99271,0.0,1.0,1.0,1.0,1.0,0.66667,0.0,0.74961,1.0,0.11111,0.00781,0.00555,0.0,0.0,0.95246,1.0,0.88889,1.0,1.0,1.0,0.5,0.21979,0.5,1.0,1.0,0.5,0.5,0.5,0.05589,0.0,0.0,1.0,1.0,0.0,0.228,1.0,0.0,0.0,1.0,0.0,1.0,0.0,1.0,0.0,0.0,0.0,0.0,0.2,0.2,0.00095,0.2,0.6,0.0,1.0,0.0,0.0,0.26,0.13,0.98651,0.0,1.0,1.0,1.0,1.0,0.82222,1.0,0.80653,1.0,0.0,0.00936,0.00555,0.2,0.0,0.80083,0.88889,0.66667,0.0,1.0,1.0,0.5,0.79687,0.5,1.0,1.0,0.5,0.5,0.5,0.0,0.0,1.0,1.0,1.0,0.0,0.228,1.0,0.1,0.0,1.0,0.0,1.0,0.0,1.0,0.5,0.5,0.5,0.5,0.5,0.5,0.00095,0.2,0.6,0.0,1.0,0.0,0.0,0.26,0.13,0.99864,0.0,1.0,1.0,1.0,1.0,0.5,0.0,0.61951,0.80456,0.11111,0.00781,0.00555,0.0,0.0,0.95246,1.0,0.5,0.0,1.0,1.0,0.5,0.5,0.5,1.0,1.0,0.5,0.5,0.5,0.0,0.0,1.0,1.0,1.0,0.0,0.228,1.0,0.1,0.0,1.0,0.0,1.0,0.0,0.5,0.0,0.0,0.0,0.0,0.2,0.2,0.00095,0.2,0.6,0.0,1.0,0.0,0.0,0.26,0.13,0.99271,0.0,1.0,1.0,1.0,1.0,1.0,1.0,0.93401,1.0,0.11111,0.01086,0.00587,0.25,0.0,0.76311,0.77778,0.66667,0.35,1.0,1.0,0.5,0.5,0.5,1.0,1.0,0.5,0.5,0.5,0.0,0.0,1.0,1.0,1.0,0.0,0.228,0.65,0.3,0.5,1.0,0.5,1.0,0.0,1.0,0.5,0.5,0.5,0.5,0.5,0.5,0.00095,0.2,0.6,0.0,1.0,0.0,0.0,0.26,0.13,0.98591,0.0,1.0,1.0,1.0,1.0,0.5,0.0,0.70855,0.98409,0.0,0.00936,0.00555,0.2,0.0,0.80083,0.88889,0.5,0.0,1.0,1.0,0.5,0.5,0.5,1.0,1.0,0.5,0.5,0.5,0.0,0.0,1.0,1.0,1.0,0.0,0.228,1.0,0.1,0.0,1.0,0.0,1.0,0.0,0.5,1.0,0.5,1.0,0.5,0.2,0.5,0.00095,0.2,0.6,0.0,1.0,0.0,1.0,0.26,0.13,0.98325,0.0,1.0,1.0,1.0,1.0,1.0,0.0,0.92545,1.0,0.11111,0.00781,0.00555,0.0,0.0,0.95246,1.0,1.0,0.0,1.0,1.0,0.5,0.5,0.5,1.0,1.0,0.0,0.228,0.87101,0.0,0.0,1.0,1.0,1.0,0.0,0.228,1.0,0.1,0.0,1.0,0.0,1.0,0.0,1.0,0.0,0.0,0.0,0.0,0.2,0.2,0.00095,0.2,0.6,0.0,1.0,0.0,0.0,0.26,0.13,0.99271,0.0,1.0,1.0,1.0,1.0,1.0,0.0,0.74961,1.0,0.11111,0.00781,0.00555,0.0,0.0,0.95246,1.0,0.77778,1.0,1.0,1.0,0.5,0.5,0.5,1.0,1.0,0.5,0.5,0.5,0.05589,0.0,0.0,1.0,1.0,0.0,0.228,1.0,0.0,0.0,1.0,0.0,1.0,0.0,1.0
1.0,1.0,1.0,1.0,0.3,0.3,0.00096,0.2,0.63333,0.0,1.0,0.0,0.0,0.25,0.11,0.9997,0.0,1.0,1.0,1.0,1.0,0.53333,0.0,0.0001,1.0,0.0,0.00948,0.00545,0.2,0.0,0.79989,0.88889,0.55556,1.0,1.0,1.0,0.5,0.5,0.5,1.0,1.0,0.99362,1.0,1.0,0.08219,0.00717,0.0,1.0,1.0,0.0,0.228,1.0,0.0,0.0,1.0,0.0,1.0,0.0,1.0,0.0,0.0,0.0,0.0,0.2,0.2,0.00096,0.2,0.63333,0.0,1.0,0.0,0.0,0.25,0.11,0.99526,0.0,1.0,1.0,1.0,1.0,0.66667,0.0,0.74824,1.0,0.11111,0.00791,0.00545,0.0,0.0,0.95053,1.0,0.88889,1.0,1.0,1.0,0.5,0.21979,0.5,1.0,1.0,0.5,0.5,0.5,0.08219,0.00717,0.0,1.0,1.0,0.0,0.228,1.0,0.0,0.0,1.0,0.0,1.0,0.0,1.0,0.0,0.0,0.0,0.0,0.2,0.2,0.00096,0.2,0.63333,0.0,1.0,0.0,0.0,0.25,0.11,0.99122,0.0,1.0,1.0,1.0,1.0,0.82222,1.0,0.80835,1.0,0.0,0.00948,0.00545,0.2,0.0,0.79989,0.88889,0.66667,0.0,1.0,1.0,0.5,0.79687,0.5,1.0,1.0,0.5,0.5,0.5,0.0,0.0,1.0,1.0,1.0,0.0,0.228,1.0,0.1,0.0,1.0,0.0,1.0,0.0,1.0,0.5,0.5,0.5,0.5,0.5,0.5,0.00096,0.2,0.63333,0.0,1.0,0.0,0.0,0.25,0.11,0.99911,0.0,1.0,1.0,1.0,1.0,0.5,0.0,0.61838,0.80309,0.11111,0.00791,0.00545,0.0,0.0,0.95053,1.0,0.5,0.1,1.0,1.0,0.5,0.5,0.5,1.0,1.0,0.5,0.5,0.5,0.0,0.0,1.0,1.0,1.0,0.0,0.228,0.9,0.3,0.5,1.0,0.5,1.0,0.0,0.5,0.0,0.0,0.0,0.0,0.2,0.2,0.00096,0.2,0.63333,0.0,1.0,0.0,0.0,0.25,0.11,0.99526,0.0,1.0,1.0,1.0,1.0,1.0,1.0,0.9446,1.0,0.11111,0.01113,0.0062,0.25,0.0,0.76231,0.77778,0.66667,0.4,1.0,1.0,0.5,0.5,0.5,1.0,1.0,0.5,0.5,0.5,0.0,0.0,1.0,1.0,1.0,0.0,0.228,0.6,0.3,0.5,1.0,0.5,1.0,0.0,1.0,1.0,0.5,1.0,0.5,0.2,0.5,0.00096,0.2,0.63333,0.0,1.0,0.0,1.0,0.25,0.11,0.99084,0.0,1.0,1.0,1.0,1.0,1.0,0.0,0.70725,0.98229,0.11111,0.00791,0.00545,0.0,0.0,0.95053,1.0,0.88889,0.0,1.0,1.0,0.5,0.5,0.5,1.0,1.0,0.5,0.5,0.5,0.0,0.0,1.0,1.0,1.0,0.0,0.228,1.0,0.1,0.0,1.0,0.0,1.0,0.0,1.0,1.0,1.0,1.0,1.0,0.2,0.2,0.00096,0.2,0.63333,0.0,1.0,0.0,0.0,0.25,0.11,0.98911,0.0,1.0,1.0,1.0,1.0,1.0,0.0,0.92375,1.0,0.11111,0.00791,0.00545,0.0,0.0,0.95053,1.0,1.0,0.0,1.0,1.0,0.5,0.5,0.5,1.0,1.0,0.0,0.228,0.87101,0.0,0.0,1.0,1.0,1.0,0.0,0.228,1.0,0.1,0.0,1.0,0.0,1.0,0.0,1.0,0.0,0.0,0.0,0.0,0.2,0.2,0.00096,0.2,0.63333,0.0,1.0,0.0,0.0,0.25,0.11,0.99526,0.0,1.0,1.0,1.0,1.0,1.0,0.0,0.74824,1.0,0.11111,0.00791,0.00545,0.0,0.0,0.95053,1.0,0.77778,1.0,1.0,1.0,0.5,0.5,0.5,1.0,1.0,0.5,0.5,0.5,0.08219,0.00717,0.0,1.0,1.0,0.0,0.228,1.0,0.0,0.0,1.0,0.0,1.0,0.0,1.0
1.0,1.0,1.0,1.0,0.3,0.3,0.00096,0.2,0.66667,0.0,1.0,0.0,0.0,0.24,0.07,0.99986,0.0,1.0,1.0,1.0,1.0,0.53333,0.0,0.0001,1.0,0.0,0.00954,0.00539,0.2,0.0,0.79819,0.88889,0.55556,1.0,1.0,1.0,0.5,0.5,0.5,1.0,1.0,0.99362,1.0,1.0,0.11203,0.03329,0.0,1.0,1.0,0.0,0.228,1.0,0.0,0.0,1.0,0.0,1.0,0.0,1.0,0.0,0.0,0.0,0.0,0.2,0.2,0.00096,0.2,0.66667,0.0,1.0,0.0,0.0,0.24,0.07,0.9978,0.0,1.0,1.0,1.0,1.0,0.66667,0.0,0.74269,1.0,0.11111,0.00796,0.00539,0.0,0.0,0.94748,1.0,0.88889,1.0,1.0,1.0,0.5,0.21979,0.5,1.0,1.0,0.5,0.5,0.5,0.11203,0.03329,0.0,1.0,1.0,0.0,0.228,1.0,0.0,0.0,1.0,0.0,1.0,0.0,1.0,0.0,0.0,0.0,0.0,0.2,0.2,0.00096,0.2,0.66667,0.0,1.0,0.0,0.0,0.24,0.07,0.99592,0.0,1.0,1.0,1.0,1.0,0.82222,1.0,0.81571,1.0,0.0,0.00954,0.00539,0.2,0.0,0.79819,0.88889,0.66667,0.0,1.0,1.0,0.5,0.79687,0.5,1.0,1.0,0.5,0.5,0.5,0.0,0.0,1.0,1.0,1.0,0.0,0.228,1.0,0.1,0.0,1.0,0.0,1.0,0.0,1.0,0.5,0.5,0.5,0.5,0.5,0.5,0.00096,0.2,0.66667,0.0,1.0,0.0,0.0,0.24,0.07,0.99959,0.0,1.0,1.0,1.0,1.0,0.5,0.0,0.6138,0.79714,0.11111,0.00796,0.00539,0.0,0.0,0.94748,1.0,0.5,0.15,1.0,1.0,0.5,0.5,0.5,1.0,1.0,0.5,0.5,0.5,0.0,0.0,1.0,1.0,1.0,0.0,0.228,0.85,0.3,0.5,1.0,0.5,1.0,0.0,0.5,0.0,0.0,0.0,0.0,0.2,0.2,0.00096,0.2,0.66667,0.0,1.0,0.0,0.0,0.24,0.07,0.9978,0.0,1.0,1.0,1.0,1.0,1.0,1.0,0.95312,1.0,0.11111,0.01128,0.00641,0.25,0.0,0.7606,0.77778,0.66667,0.45,1.0,1.0,0.5,0.5,0.5,1.0,1.0,0.5,0.5,0.5,0.0,0.0,1.0,1.0,1.0,0.0,0.228,0.55,0.3,0.5,1.0,0.5,1.0,0.0,1.0,1.0,0.5,1.0,0.5,0.2,0.5,0.00096,0.2,0.66667,0.0,1.0,0.0,1.0,0.24,0.07,0.99574,0.0,1.0,1.0,1.0,1.0,1.0,0.0,0.702,0.97501,0.11111,0.00796,0.00539,0.0,0.0,0.94748,1.0,1.0,0.0,1.0,1.0,0.5,0.5,0.5,1.0,1.0,0.5,0.5,0.5,0.0,0.0,1.0,1.0,1.0,0.0,0.228,1.0,0.1,0.0,1.0,0.0,1.0,0.0,1.0,1.0,1.0,1.0,1.0,0.2,0.2,0.00096,0.2,0.66667,0.0,1.0,0.0,0.0,0.24,0.07,0.99494,0.0,1.0,1.0,1.0,1.0,1.0,0.0,0.9169,1.0,0.11111,0.00796,0.00539,0.0,0.0,0.94748,1.0,1.0,0.0,1.0,1.0,0.5,0.5,0.5,1.0,1.0,0.0,0.228,0.87101,0.0,0.0,1.0,1.0,1.0,0.0,0.228,1.0,0.1,0.0,1.0,0.0,1.0,0.0,1.0,0.0,0.0,0.0,0.0,0.2,0.2,0.00096,0.2,0.66667,0.0,1.0,0.0,0.0,0.24,0.07,0.9978,0.0,1.0,1.0,1.0,1.0,1.0,0.0,0.74269,1.0,0.11111,0.00796,0.00539,0.0,0.0,0.94748,1.0,0.77778,1.0,1.0,1.0,0.5,0.5,0.5,1.0,1.0,0.5,0.5,0.5,0.11203,0.03329,0.0,1.0,1.0,0.0,0.228,1.0,0.0,0.0,1.0,0.0,1.0,0.0,1.0
1.0,0.0,1.0,0.0,0.75,0.4,0.16723,1.0,0.46667,0.0,1.0,0.0,0.0,0.36,0.05,0.0,0.99997,1.0,0.95556,0.84444,1.0,0.82222,0.0,0.0001,1.0,0.0,1.0,1.0,1.0,0.0,0.99257,0.88889,0.66667,1.0,1.0,1.0,0.5,0.5,0.5,1.0,1.0,0.5,0.5,0.5,0.57484,0.01751,0.5,1.0,1.0,0.91177,0.51892,0.5,0.3,1.0,0.33333,0.66667,1.0,0.66667,1.0,1.0,1.0,0.0,0.0,1.0,1.0,0.16723,1.0,0.46667,0.0,1.0,0.0,0.0,0.36,0.05,0.92403,0.0,1.0,0.95556,0.84444,1.0,1.0,1.0,0.99636,1.0,0.22222,1.0,1.0,1.0,0.0,0.96807,0.66667,0.66667,0.8,1.0,1.0,0.5,0.5,0.5,1.0,1.0,0.74921,0.79595,1.0,0.0,0.0,1.0,1.0,1.0,0.91177,0.51892,0.2,0.6,1.0,0.6,0.8,1.0,0.4,1.0,1.0,1.0,1.0,1.0,1.0,1.0,0.16723,1.0,0.46667,0.0,1.0,0.0,0.0,0.36,0.05,0.97315,0.0,1.0,1.0,0.84444,1.0,0.84444,0.0,0.98864,1.0,0.0,1.0,1.0,1.0,0.0,0.99257,0.88889,1.0,0.8,1.0,1.0,0.5,0.5,0.5,1.0,1.0,0.91177,0.51892,1.0,0.44757,0.01096,0.6,1.0,1.0,0.91177,0.51892,0.6,0.4,1.0,0.33333,0.66667,1.0,0.66667,1.0,0.5,0.5,0.5,0.5,0.5,0.5,0.16723,1.0,0.46667,0.0,1.0,0.0,0.0,0.36,0.05,0.0,0.99991,1.0,0.95556,0.84444,1.0,0.5,1.0,0.84951,1.0,0.11111,1.0,1.0,1.0,1.0,0.99496,0.77778,0.5,0.65,1.0,1.0,0.5,0.5,0.5,1.0,1.0,0.5,0.5,0.5,0.0,0.0,1.0,1.0,1.0,0.91177,0.51892,0.35,0.5,1.0,0.5,0.75,1.0,0.5,0.5,1.0,0.5,0.0,0.5,1.0,0.5,0.16723,1.0,0.46667,0.0,1.0,0.0,1.0,0.36,0.05,0.92403,0.0,1.0,0.95556,0.84444,1.0,1.0,0.0,0.94356,1.0,0.11111,1.0,1.0,1.0,0.0,0.9861,1.0,1.0,0.7,1.0,1.0,0.5,0.5,0.5,1.0,1.0,0.5,0.5,0.5,0.0,0.0,1.0,1.0,1.0,0.91177,0.51892,0.3,0.3,1.0,0.0,0.5,1.0,1.0,1.0,0.5,0.5,0.5,0.5,0.5,0.5,0.16723,1.0,0.46667,0.0,1.0,0.0,0.0,0.36,0.05,0.99634,0.0,1.0,1.0,0.84444,1.0,0.5,0.0,0.91041,1.0,0.11111,1.0,1.0,1.0,0.0,0.79524,0.77778,0.5,0.5,1.0,1.0,0.5,0.5,0.5,1.0,1.0,0.5,0.5,0.5,0.2435,0.0,0.5,1.0,1.0,0.91177,0.51892,1.0,0.1,0.0,1.0,0.0,1.0,0.5,0.5,0.0,1.0,0.0,0.0,0.9,1.0,0.16723,1.0,0.46667,0.0,1.0,0.0,0.0,0.36,0.05,0.0,0.99239,0.84444,0.84444,0.84444,1.0,0.84444,1.0,0.99235,1.0,0.11111,1.0,1.0,1.0,0.0,0.99496,0.77778,1.0,0.8,1.0,1.0,0.5,0.5,0.5,1.0,1.0,0.5,0.5,0.5,0.0,0.0,1.0,1.0,1.0,0.91177,0.51892,0.2,0.5,1.0,0.5,0.75,1.0,0.5,1.0,0.5,0.5,0.5,0.5,0.5,0.5,0.16723,1.0,0.46667,0.0,1.0,0.0,0.0,0.36,0.05,0.92403,0.0,1.0,0.95556,0.84444,1.0,0.5,1.0,0.99636,1.0,0.22222,1.0,1.0,1.0,0.0,0.96807,0.66667,0.5,0.0,1.0,1.0,0.5,0.5,0.5,1.0,1.0,0.5,0.5,0.5,0.0,0.0,1.0,1.0,1.0,0.91177,0.51892,1.0,0.1,0.0,1.0,0.0,1.0,0.4,0.5
1.0,0.5,1.0,0.5,0.7,0.5,0.10167,0.7,0.06667,0.0,1.0,0.0,1.0,0.34,0.0,0.5,0.5,0.84444,0.8,1.0,1.0,0.84444,1.0,0.0001,1.0,0.0,1.0,1.0,1.0,0.0,1.0,1.0,1.0,1.0,1.0,1.0,0.5,0.5,0.5,1.0,1.0,0.5,0.5,0.5,0.5,0.5,0.0,1.0,1.0,0.5,0.5,1.0,0.0,0.0,1.0,1.0,1.0,1.0,1.0,0.5,0.5,0.5,0.5,0.5,0.5,0.10167,0.7,0.06667,0.0,1.0,0.0,0.0,0.34,0.0,0.5,0.5,0.84444,0.8,1.0,1.0,0.5,1.0,0.59045,0.8435,0.11111,1.0,1.0,1.0,0.0,1.0,0.88889,0.5,0.8,1.0,1.0,0.5,0.5,0.5,1.0,1.0,0.5,0.5,0.5,0.5,0.5,1.0,1.0,1.0,0.5,0.5,0.2,0.2,1.0,1.0,1.0,1.0,0.0,0.5,0.5,0.5,0.5,0.5,0.5,0.5,0.10167,0.7,0.06667,0.0,1.0,0.0,0.0,0.34,0.0,0.5,0.5,0.84444,0.8,1.0,1.0,0.5,1.0,0.84399,1.0,0.33333,1.0,0.90541,0.66667,1.0,0.75,0.66667,0.5,0.8,1.0,1.0,0.5,0.5,0.5,1.0,1.0,0.5,0.5,0.5,0.5,0.5,1.0,1.0,1.0,0.5,0.5,0.45,0.2,0.33333,1.0,1.0,1.0,0.0,0.5,0.5,0.5,0.5,0.5,0.5,0.5,0.10167,0.7,0.06667,0.0,1.0,0.0,0.0,0.34,0.0,0.5,0.5,0.84444,0.8,1.0,1.0,0.5,1.0,0.57689,0.7492,0.11111,1.0,1.0,1.0,1.0,1.0,0.88889,0.5,0.65,1.0,1.0,0.5,0.5,0.5,1.0,1.0,0.5,0.5,0.5,0.5,0.5,1.0,1.0,1.0,0.5,0.5,0.65,0.2,1.0,1.0,1.0,1.0,0.0,0.5,0.5,0.5,0.5,0.5,0.5,0.5,0.10167,0.7,0.06667,0.0,1.0,0.0,0.0,0.34,0.0,0.5,0.5,0.84444,0.8,1.0,1.0,0.5,1.0,0.9919,1.0,0.33333,1.0,0.90541,0.66667,1.0,0.75,0.66667,0.5,0.7,1.0,1.0,0.5,0.5,0.5,1.0,1.0,0.5,0.5,0.5,0.5,0.5,1.0,1.0,1.0,0.5,0.5,0.3,0.2,0.33333,1.0,1.0,1.0,0.0,0.5,0.5,0.5,0.5,0.5,0.5,0.5,0.10167,0.7,0.06667,0.0,1.0,0.0,0.0,0.34,0.0,0.5,0.5,0.84444,0.8,1.0,1.0,0.5,1.0,0.58738,0.8158,0.11111,1.0,1.0,1.0,0.0,1.0,0.88889,0.5,0.5,1.0,1.0,0.5,0.5,0.5,1.0,1.0,0.5,0.5,0.5,0.5,0.5,1.0,1.0,1.0,0.5,0.5,0.5,0.2,1.0,1.0,1.0,1.0,0.0,0.5,0.5,0.5,0.5,0.5,0.5,0.5,0.10167,0.7,0.06667,0.0,1.0,0.0,0.0,0.34,0.0,0.5,0.5,0.84444,0.8,1.0,1.0,0.5,1.0,0.02605,0.04134,0.0,1.0,1.0,1.0,0.0,1.0,1.0,0.5,0.8,1.0,1.0,0.5,0.5,0.5,1.0,1.0,0.5,0.5,0.5,0.5,0.5,1.0,1.0,1.0,0.5,0.5,1.0,0.1,1.0,1.0,1.0,1.0,1.0,0.5,0.5,0.5,0.5,0.5,0.5,0.5,0.10167,0.7,0.06667,0.0,1.0,0.0,0.0,0.34,0.0,0.5,0.5,0.84444,0.8,1.0,1.0,0.5,1.0,0.59045,0.8435,0.11111,1.0,1.0,1.0,0.0,1.0,0.88889,0.5,0.0,1.0,1.0,0.5,0.5,0.5,1.0,1.0,0.5,0.5,0.5,0.5,0.5,1.0,1.0,1.0,0.5,0.5,1.0,0.1,0.0,1.0,1.0,1.0,0.0,0.5
0.0,0.5,0.0,0.5,0.3,0.5,0.08608,0.3,0.56667,0.0,1.0,0.0,1.0,0.25,0.06,0.92712,0.0,1.0,1.0,0.91111,1.0,1.0,0.0,0.0001,1.0,0.0,0.86377,0.79188,0.0,0.0,1.0,1.0,1.0,1.0,0.9,0.87841,0.0,0.0,0.0,1.0,1.0,0.87285,0.97467,1.0,0.10736,0.1606,0.0,1.0,1.0,0.87285,0.97467,1.0,0.0,0.0,1.0,0.0,1.0,0.0,1.0,1.0,0.0,1.0,0.0,0.6,0.5,0.08608,0.3,0.56667,0.0,1.0,0.0,0.0,0.25,0.06,0.96737,0.0,1.0,1.0,0.91111,1.0,1.0,0.0,0.67552,0.96503,0.11111,0.9021,0.79188,0.33333,0.0,0.75,0.88889,0.77778,1.0,0.9,0.87841,0.0,0.84481,0.41332,1.0,1.0,0.5,0.5,0.5,0.15823,0.0,0.0,1.0,1.0,0.87285,0.97467,1.0,0.0,0.0,1.0,0.0,1.0,0.0,1.0,1.0,1.0,1.0,1.0,0.2,0.7,0.08608,0.3,0.56667,0.0,1.0,0.0,0.0,0.25,0.06,0.0,0.99995,1.0,1.0,0.91111,1.0,0.84444,0.0,0.76381,1.0,0.11111,0.9021,0.79188,0.33333,0.0,0.75,0.88889,0.22222,0.35,0.9,0.87841,0.0,0.5,0.41332,1.0,1.0,0.5,0.5,0.5,0.0,0.0,1.0,1.0,1.0,0.87285,0.97467,0.65,0.3,0.66667,1.0,1.0,1.0,0.0,1.0,1.0,1.0,1.0,1.0,0.7,0.6,0.08608,0.3,0.56667,0.0,1.0,0.0,0.0,0.25,0.06,0.9327,0.0,1.0,1.0,0.91111,1.0,0.91111,0.0,0.63963,0.83069,0.11111,0.92997,0.79188,0.33333,1.0,1.0,0.88889,0.77778,0.25,0.9,0.87841,0.0,0.5,0.48221,1.0,1.0,0.5,0.5,0.5,0.0,0.0,1.0,1.0,1.0,0.87285,0.97467,0.75,0.3,0.66667,1.0,1.0,1.0,0.0,1.0,0.0,0.0,0.0,0.0,0.5,0.4,0.08608,0.3,0.56667,0.0,1.0,0.0,0.0,0.25,0.06,0.96737,0.0,1.0,1.0,0.91111,1.0,0.91111,0.0,0.96839,1.0,0.11111,0.8931,0.79188,0.0,0.0,0.75,0.88889,0.88889,0.35,0.9,0.87841,0.0,0.31634,0.41332,1.0,1.0,0.5,0.5,0.5,0.0,0.0,1.0,1.0,1.0,0.87285,0.97467,0.65,0.3,0.66667,1.0,1.0,1.0,0.0,1.0,0.0,0.0,0.0,0.0,0.2,0.1,0.08608,0.3,0.56667,0.0,1.0,0.0,0.0,0.25,0.06,0.0,0.99701,0.91111,0.91111,1.0,0.91111,0.77778,0.0,0.6675,0.92708,0.11111,0.9021,0.79188,0.33333,0.0,0.75,0.88889,0.55556,0.45,0.9,0.87841,0.0,0.5,0.68887,1.0,1.0,0.5,0.5,0.5,0.0,0.0,1.0,1.0,1.0,0.87285,0.97467,0.55,0.3,0.66667,1.0,1.0,1.0,0.0,1.0,0.0,0.0,0.0,0.0,0.5,0.3,0.08608,0.3,0.56667,0.0,1.0,0.0,0.0,0.25,0.06,0.0,0.9952,1.0,1.0,1.0,0.91111,1.0,0.0,0.22519,0.35744,0.0,0.86377,0.79188,0.0,0.0,1.0,1.0,1.0,0.3,0.9,0.87841,0.0,0.5,0.5511,1.0,1.0,0.5,0.5,0.5,0.0,0.0,1.0,1.0,1.0,0.87285,0.97467,0.7,0.3,1.0,1.0,1.0,1.0,0.0,1.0,0.5,0.5,0.5,0.5,0.5,0.5,0.08608,0.3,0.56667,0.0,1.0,0.0,0.0,0.25,0.06,0.96737,0.0,1.0,1.0,0.91111,1.0,0.5,0.0,0.67552,0.96503,0.11111,0.9021,0.79188,0.33333,0.0,0.75,0.88889,0.5,1.0,0.9,0.87841,0.0,0.5,1.0,1.0,1.0,0.5,0.5,0.5,0.15823,0.0,0.0,1.0,1.0,0.87285,0.97467,1.0,0.0,0.0,1.0,0.0,1.0,0.0,0.5
0.0,0.0,0.0,0.0,0.1,0.1,0.00207,0.1,1.0,0.0,1.0,0.0,0.0,0.69,0.06,0.0,0.99998,1.0,1.0,0.68889,1.0,1.0,0.0,0.04285,1.0,0.0,1.0,1.0,1.0,0.0,1.0,0.88889,1.0,1.0,1.0,1.0,0.5,0.5,0.5,1.0,1.0,0.5,0.5,0.5,0.00581,0.48544,0.0,1.0,1.0,0.02449,0.484,1.0,0.0,0.0,1.0,0.0,1.0,1.0,0.44444,0.0,0.0,0.0,0.0,0.1,0.1,0.00207,0.1,1.0,0.0,1.0,0.0,0.0,0.69,0.06,0.0,0.99974,1.0,1.0,0.68889,1.0,1.0,1.0,0.58577,0.83682,0.11111,0.03401,0.0173,0.0,0.0,1.0,1.0,1.0,0.8,1.0,1.0,0.5,0.5,0.5,1.0,1.0,0.16775,1.0,0.72189,0.0,0.0,1.0,1.0,1.0,0.02449,0.484,0.2,0.2,1.0,0.0,1.0,1.0,0.0,1.0,1.0,1.0,1.0,1.0,0.1,0.1,0.00207,0.1,1.0,0.0,1.0,0.0,0.0,0.69,0.06,0.97745,0.0,1.0,1.0,1.0,0.68889,0.68889,0.0,0.0001,0.00018,0.0,1.0,1.0,1.0,0.0,1.0,0.88889,0.88889,0.8,1.0,1.0,0.5,0.21346,0.5,1.0,1.0,0.50889,0.55333,0.46275,0.0,0.0,1.0,1.0,1.0,0.02449,0.484,1.0,0.1,1.0,1.0,0.0,1.0,1.0,1.0,0.0,0.0,0.0,0.0,0.1,0.1,0.00207,0.1,1.0,0.0,1.0,0.0,0.0,0.69,0.06,0.0,0.99996,1.0,1.0,0.68889,1.0,1.0,1.0,0.57796,0.7506,0.11111,0.03401,0.0173,0.0,0.0,1.0,1.0,0.77778,0.65,1.0,1.0,0.5,0.5,0.5,1.0,1.0,0.5,0.5,0.5,0.0,0.0,1.0,1.0,1.0,0.02449,0.484,0.35,0.2,1.0,0.0,1.0,1.0,0.0,1.0,0.0,0.0,0.0,0.0,0.1,0.1,0.00207,0.1,1.0,0.0,1.0,0.0,0.0,0.69,0.06,0.0,0.99974,1.0,1.0,0.68889,1.0,1.0,1.0,0.6504,1.0,0.11111,0.03401,0.0173,0.0,0.0,1.0,1.0,0.77778,0.7,1.0,1.0,0.5,0.5,0.5,1.0,1.0,0.5,0.5,0.5,0.0,0.0,1.0,1.0,1.0,0.02449,0.484,0.3,0.2,1.0,0.0,1.0,1.0,0.0,1.0,0.5,0.5,0.5,0.5,0.5,0.5,0.00207,0.1,1.0,0.0,1.0,0.0,0.0,0.69,0.06,0.97383,0.0,1.0,1.0,1.0,0.68889,0.5,0.0,0.0001,0.00014,0.0,1.0,1.0,1.0,0.0,1.0,0.88889,0.5,0.5,1.0,1.0,0.5,0.5,0.5,1.0,1.0,0.5,0.5,0.5,0.0,0.0,1.0,1.0,1.0,0.02449,0.484,1.0,0.1,1.0,1.0,0.0,1.0,1.0,0.5,0.0,0.0,0.0,0.0,0.1,0.1,0.00207,0.1,1.0,0.0,1.0,0.0,0.0,0.69,0.06,0.95991,0.0,1.0,1.0,1.0,0.68889,0.68889,0.0,0.0001,0.00016,0.0,1.0,1.0,1.0,0.0,1.0,0.88889,1.0,0.8,1.0,1.0,0.5,0.27474,0.5,1.0,1.0,0.02449,0.484,0.98613,0.0,0.0,1.0,1.0,1.0,0.02449,0.484,1.0,0.1,1.0,1.0,0.0,1.0,1.0,0.33333,0.0,0.5,0.0,0.5,0.1,0.5,0.00207,0.1,1.0,0.0,1.0,0.0,1.0,0.69,0.06,0.0,0.99974,1.0,1.0,0.68889,1.0,1.0,1.0,0.58577,0.83682,0.11111,0.03401,0.0173,0.0,0.0,1.0,1.0,1.0,0.0,1.0,1.0,0.5,0.5,0.5,1.0,1.0,0.5,0.5,0.5,0.0,0.0,1.0,1.0,1.0,0.02449,0.484,1.0,0.1,0.0,1.0,0.0,1.0,0.0,1.0
1.0,0.0,1.0,0.0,0.1,0.1,0.0464,0.1,0.46667,0.0,1.0,0.0,0.0,0.9,0.03,0.39609,0.0,1.0,1.0,0.8,1.0,0.8,0.0,0.0001,1.0,0.0,1.0,1.0,1.0,0.0,1.0,0.88889,0.0,1.0,0.7,0.65713,0.26399,0.5,0.0,1.0,1.0,0.80779,1.0,0.92305,0.12793,0.02723,0.0,1.0,1.0,0.80779,1.0,1.0,0.0,0.0,1.0,0.0,1.0,1.0,1.0,0.5,0.5,0.5,0.5,0.5,0.5,0.0464,0.1,0.46667,0.0,1.0,0.0,0.0,0.9,0.03,0.59204,0.0,1.0,1.0,0.8,1.0,0.5,0.0,0.57607,0.82295,0.11111,0.64722,0.47844,0.0,0.0,1.0,1.0,0.5,1.0,0.7,0.65713,0.26399,0.5,0.26399,1.0,1.0,0.5,0.5,0.5,0.11317,0.0,0.0,1.0,1.0,0.80779,1.0,1.0,0.0,0.0,1.0,0.0,1.0,0.0,0.5,0.0,0.5,0.0,0.5,0.1,0.5,0.0464,0.1,0.46667,0.0,1.0,0.0,1.0,0.9,0.03,0.80617,0.0,1.0,1.0,0.8,1.0,1.0,0.0,0.59917,1.0,0.11111,0.64722,0.47844,0.0,0.0,1.0,1.0,0.77778,0.4,0.7,0.65713,0.26399,0.26399,0.26399,1.0,1.0,0.5,0.5,0.5,0.02638,0.0,0.6,1.0,1.0,0.80779,1.0,1.0,0.1,0.0,1.0,0.0,1.0,0.0,1.0,0.5,0.5,0.5,0.5,0.5,0.5,0.0464,0.1,0.46667,0.0,1.0,0.0,0.0,0.9,0.03,0.41984,0.0,1.0,1.0,0.8,1.0,0.5,0.0,0.56859,0.73843,0.11111,0.64722,0.47844,0.0,0.0,1.0,1.0,0.5,0.05,0.7,0.65713,0.26399,0.5,0.46198,1.0,1.0,0.5,0.5,0.5,0.0,0.0,1.0,1.0,1.0,0.80779,1.0,0.95,0.2,1.0,1.0,1.0,1.0,0.0,0.5,0.5,0.5,0.5,0.5,0.5,0.5,0.0464,0.1,0.46667,0.0,1.0,0.0,0.0,0.9,0.03,0.59204,0.0,1.0,1.0,0.8,1.0,0.5,0.0,0.64203,1.0,0.11111,0.64722,0.47844,0.0,0.0,1.0,1.0,0.5,0.4,0.7,0.65713,0.26399,0.5,0.39598,1.0,1.0,0.5,0.5,0.5,0.0,0.0,1.0,1.0,1.0,0.80779,1.0,0.6,0.2,1.0,1.0,1.0,1.0,0.0,0.5,0.5,0.5,0.5,0.5,0.5,0.5,0.0464,0.1,0.46667,0.0,1.0,0.0,0.0,0.9,0.03,0.82877,0.0,1.0,1.0,0.8,1.0,0.5,1.0,0.58105,0.80701,0.11111,0.60562,0.43433,0.0,0.0,0.9849,0.77778,0.5,0.5,0.7,0.65713,0.26399,0.5,0.65996,0.5,1.0,0.5,0.5,0.5,0.0,0.0,1.0,1.0,1.0,0.80779,1.0,0.5,0.2,1.0,0.0,1.0,1.0,1.0,0.5,1.0,1.0,1.0,1.0,0.1,0.1,0.0464,0.1,0.46667,0.0,1.0,0.0,0.0,0.9,0.03,0.93561,0.0,1.0,1.0,0.8,1.0,0.8,0.0,0.58536,0.92914,0.11111,0.64722,0.47844,0.0,0.0,1.0,1.0,0.11111,0.7,0.7,0.65713,0.26399,0.5,0.26399,1.0,1.0,0.5,0.5,0.5,0.0,0.0,1.0,1.0,1.0,0.80779,1.0,0.3,0.2,1.0,1.0,1.0,1.0,0.0,1.0,0.5,0.5,0.5,0.5,0.5,0.5,0.0464,0.1,0.46667,0.0,1.0,0.0,0.0,0.9,0.03,0.59204,0.0,1.0,1.0,0.8,1.0,0.5,0.0,0.57607,0.82295,0.11111,0.64722,0.47844,0.0,0.0,1.0,1.0,0.5,1.0,0.7,0.65713,0.26399,0.5,1.0,1.0,1.0,0.5,0.5,0.5,0.11317,0.0,0.0,1.0,1.0,0.80779,1.0,1.0,0.0,0.0,1.0,0.0,1.0,0.0,0.5
1.0,0.5,1.0,0.5,0.65,0.5,0.10099,0.65,0.06667,0.0,1.0,0.0,1.0,0.19,0.0,0.5,0.5,1.0,0.97778,1.0,1.0,1.0,1.0,0.0001,1.0,0.0,1.0,1.0,1.0,0.0,1.0,1.0,1.0,0.5,1.0,1.0,0.5,0.5,0.5,1.0,1.0,0.5,0.5,0.5,0.5,0.5,1.0,1.0,1.0,0.5,0.5,1.0,0.1,1.0,1.0,1.0,1.0,1.0,1.0,0.5,0.5,0.5,0.5,0.5,0.5,0.10099,0.65,0.06667,0.0,1.0,0.0,0.0,0.19,0.0,0.5,0.5,1.0,0.97778,1.0,1.0,0.5,1.0,0.58982,0.84261,0.11111,1.0,1.0,1.0,1.0,1.0,0.88889,0.5,0.8,1.0,1.0,0.5,0.5,0.5,1.0,1.0,0.5,0.5,0.5,0.5,0.5,1.0,1.0,1.0,0.5,0.5,0.2,0.2,1.0,1.0,1.0,1.0,0.0,0.5,0.5,0.5,0.5,0.5,0.5,0.5,0.10099,0.65,0.06667,0.0,1.0,0.0,0.0,0.19,0.0,0.5,0.5,1.0,0.97778,1.0,1.0,0.5,1.0,0.62141,1.0,0.11111,1.0,1.0,1.0,1.0,1.0,0.88889,0.5,0.8,1.0,1.0,0.5,0.5,0.5,1.0,1.0,0.5,0.5,0.5,0.5,0.5,1.0,1.0,1.0,0.5,0.5,0.4,0.2,1.0,1.0,1.0,1.0,0.0,0.5,0.5,0.5,0.5,0.5,0.5,0.5,0.10099,0.65,0.06667,0.0,1.0,0.0,0.0,0.19,0.0,0.5,0.5,1.0,0.97778,1.0,1.0,0.5,1.0,0.57997,0.75321,0.11111,1.0,1.0,1.0,1.0,1.0,0.88889,0.5,0.65,1.0,1.0,0.5,0.5,0.5,1.0,1.0,0.5,0.5,0.5,0.5,0.5,1.0,1.0,1.0,0.5,0.5,0.6,0.2,1.0,1.0,1.0,1.0,0.0,0.5,0.5,0.5,0.5,0.5,0.5,0.5,0.10099,0.65,0.06667,0.0,1.0,0.0,0.0,0.19,0.0,0.5,0.5,1.0,0.97778,1.0,1.0,0.5,1.0,0.684,1.0,0.11111,1.0,1.0,1.0,1.0,1.0,0.88889,0.5,0.7,1.0,1.0,0.5,0.5,0.5,1.0,1.0,0.5,0.5,0.5,0.5,0.5,1.0,1.0,1.0,0.5,0.5,0.3,0.2,1.0,1.0,1.0,1.0,0.0,0.5,0.5,0.5,0.5,0.5,0.5,0.5,0.10099,0.65,0.06667,0.0,1.0,0.0,0.0,0.19,0.0,0.5,0.5,1.0,0.97778,1.0,1.0,0.5,1.0,0.01967,0.02733,0.0,1.0,1.0,1.0,0.0,1.0,1.0,0.5,0.5,1.0,1.0,0.5,0.5,0.5,1.0,1.0,0.5,0.5,0.5,0.5,0.5,1.0,1.0,1.0,0.5,0.5,1.0,0.1,1.0,1.0,1.0,1.0,1.0,0.5,0.5,0.5,0.5,0.5,0.5,0.5,0.10099,0.65,0.06667,0.0,1.0,0.0,0.0,0.19,0.0,0.5,0.5,1.0,0.97778,1.0,1.0,0.5,1.0,0.0257,0.04079,0.0,1.0,1.0,1.0,0.0,1.0,1.0,0.5,0.8,1.0,1.0,0.5,0.5,0.5,1.0,1.0,0.5,0.5,0.5,0.5,0.5,1.0,1.0,1.0,0.5,0.5,1.0,0.1,1.0,1.0,1.0,1.0,1.0,0.5,0.5,0.5,0.5,0.5,0.5,0.5,0.10099,0.65,0.06667,0.0,1.0,0.0,0.0,0.19,0.0,0.5,0.5,1.0,0.97778,1.0,1.0,0.5,1.0,0.58982,0.84261,0.11111,1.0,1.0,1.0,1.0,1.0,0.88889,0.5,0.0,1.0,1.0,0.5,0.5,0.5,1.0,1.0,0.5,0.5,0.5,0.5,0.5,1.0,1.0,1.0,0.5,0.5,1.0,0.1,0.0,1.0,1.0,1.0,0.0,0.5
1.0,0.5,1.0,0.5,0.5,0.5,0.10085,0.5,0.06667,0.0,1.0,0.0,1.0,0.17,0.0,0.5,0.5,0.97778,0.93333,1.0,1.0,0.97778,1.0,0.0001,1.0,0.0,1.0,1.0,1.0,0.0,1.0,1.0,1.0,1.0,1.0,1.0,0.5,0.5,0.5,1.0,1.0,0.5,0.5,0.5,0.5,0.5,0.0,1.0,1.0,0.5,0.5,1.0,0.0,0.0,1.0,1.0,1.0,1.0,1.0,0.5,0.5,0.5,0.5,0.5,0.5,0.10085,0.5,0.06667,0.0,1.0,0.0,0.0,0.17,0.0,0.5,0.5,0.97778,0.93333,1.0,1.0,0.5,1.0,0.58158,0.83082,0.11111,1.0,1.0,1.0,1.0,1.0,0.88889,0.5,0.8,1.0,1.0,0.5,0.5,0.5,1.0,1.0,0.5,0.5,0.5,0.5,0.5,1.0,1.0,1.0,0.5,0.5,0.2,0.2,1.0,1.0,1.0,1.0,0.0,0.5,0.5,0.5,0.5,0.5,0.5,0.5,0.10085,0.5,0.06667,0.0,1.0,0.0,0.0,0.17,0.0,0.5,0.5,0.97778,0.93333,1.0,1.0,0.5,1.0,0.61054,1.0,0.11111,1.0,1.0,1.0,1.0,1.0,0.88889,0.5,0.8,1.0,1.0,0.5,0.5,0.5,1.0,1.0,0.5,0.5,0.5,0.5,0.5,1.0,1.0,1.0,0.5,0.5,0.5,0.2,1.0,1.0,1.0,1.0,0.0,0.5,0.5,0.5,0.5,0.5,0.5,0.5,0.10085,0.5,0.06667,0.0,1.0,0.0,0.0,0.17,0.0,0.5,0.5,0.97778,0.93333,1.0,1.0,0.5,1.0,0.57256,0.74359,0.11111,1.0,1.0,1.0,1.0,1.0,0.88889,0.5,0.65,1.0,1.0,0.5,0.5,0.5,1.0,1.0,0.5,0.5,0.5,0.5,0.5,1.0,1.0,1.0,0.5,0.5,0.65,0.2,1.0,1.0,1.0,1.0,0.0,0.5,0.5,0.5,0.5,0.5,0.5,0.5,0.10085,0.5,0.06667,0.0,1.0,0.0,0.0,0.17,0.0,0.5,0.5,0.97778,0.93333,1.0,1.0,0.5,1.0,0.66815,1.0,0.11111,1.0,1.0,1.0,1.0,1.0,0.88889,0.5,0.7,1.0,1.0,0.5,0.5,0.5,1.0,1.0,0.5,0.5,0.5,0.5,0.5,1.0,1.0,1.0,0.5,0.5,0.3,0.2,1.0,1.0,1.0,1.0,0.0,0.5,0.5,0.5,0.5,0.5,0.5,0.5,0.10085,0.5,0.06667,0.0,1.0,0.0,0.0,0.17,0.0,0.5,0.5,0.97778,0.93333,1.0,1.0,0.5,1.0,0.01962,0.02725,0.0,1.0,1.0,1.0,0.0,1.0,1.0,0.5,0.5,1.0,1.0,0.5,0.5,0.5,1.0,1.0,0.5,0.5,0.5,0.5,0.5,1.0,1.0,1.0,0.5,0.5,1.0,0.1,1.0,1.0,1.0,1.0,1.0,0.5,0.5,0.5,0.5,0.5,0.5,0.5,0.10085,0.5,0.06667,0.0,1.0,0.0,0.0,0.17,0.0,0.5,0.5,0.97778,0.93333,1.0,1.0,0.5,1.0,0.02563,0.04067,0.0,1.0,1.0,1.0,0.0,1.0,1.0,0.5,0.8,1.0,1.0,0.5,0.5,0.5,1.0,1.0,0.5,0.5,0.5,0.5,0.5,1.0,1.0,1.0,0.5,0.5,1.0,0.1,1.0,1.0,1.0,1.0,1.0,0.5,0.5,0.5,0.5,0.5,0.5,0.5,0.10085,0.5,0.06667,0.0,1.0,0.0,0.0,0.17,0.0,0.5,0.5,0.97778,0.93333,1.0,1.0,0.5,1.0,0.58158,0.83082,0.11111,1.0,1.0,1.0,1.0,1.0,0.88889,0.5,0.0,1.0,1.0,0.5,0.5,0.5,1.0,1.0,0.5,0.5,0.5,0.5,0.5,1.0,1.0,1.0,0.5,0.5,1.0,0.1,0.0,1.0,1.0,1.0,0.0,0.5
1.0,0.5,1.0,0.5,0.9,0.5,0.11799,0.9,0.3,0.0,1.0,0.0,1.0,0.45,0.06,0.99786,0.0,1.0,1.0,0.6,1.0,1.0,0.0,0.0001,1.0,0.0,1.0,1.0,1.0,0.0,0.93327,1.0,1.0,1.0,1.0,1.0,0.5,0.5,0.5,1.0,1.0,1.0,1.0,0.5,0.29696,0.43388,0.0,1.0,1.0,1.0,1.0,1.0,0.0,0.0,1.0,0.0,1.0,0.0,1.0,0.0,0.0,0.0,0.0,0.3,0.3,0.11799,0.9,0.3,0.0,1.0,0.0,0.0,0.45,0.06,0.96537,0.0,1.0,1.0,0.6,1.0,0.55556,0.0,0.69842,0.99774,0.11111,1.0,1.0,1.0,0.0,0.96856,0.88889,0.33333,0.8,1.0,1.0,0.5,0.5,0.5,1.0,1.0,0.5,0.5,0.5,0.0,0.78813,1.0,1.0,1.0,1.0,1.0,0.2,0.4,1.0,1.0,0.33333,1.0,0.0,1.0,1.0,1.0,1.0,0.0,0.7,0.3,0.11799,0.9,0.3,0.0,1.0,0.0,0.0,0.45,0.06,0.93464,0.0,0.8,1.0,0.6,1.0,0.64444,0.0,0.79688,1.0,0.11111,1.0,1.0,1.0,0.0,0.96856,0.88889,0.44444,0.8,1.0,1.0,0.5,0.5,0.5,1.0,1.0,0.46861,0.44473,1.0,0.0,0.0,1.0,1.0,1.0,1.0,1.0,0.45,0.2,0.33333,1.0,0.0,1.0,0.0,1.0,0.5,0.5,0.5,0.5,0.5,0.5,0.11799,0.9,0.3,0.0,1.0,0.0,0.0,0.45,0.06,0.99373,0.0,1.0,1.0,0.6,1.0,0.5,1.0,0.67292,0.87392,0.11111,1.0,1.0,1.0,0.0,0.7142,0.88889,0.5,0.65,1.0,1.0,0.5,0.5,0.5,1.0,1.0,0.5,0.5,0.5,0.0,0.0,1.0,1.0,0.0,1.0,1.0,0.35,0.3,0.66667,1.0,0.5,1.0,0.0,0.5,0.5,0.5,0.5,0.5,0.5,0.5,0.11799,0.9,0.3,0.0,1.0,0.0,0.0,0.45,0.06,0.96537,0.0,1.0,1.0,0.6,1.0,0.5,1.0,0.99004,1.0,0.11111,1.0,1.0,1.0,0.0,0.95827,0.88889,0.5,0.7,1.0,1.0,0.5,0.5,0.5,1.0,1.0,0.5,0.5,0.5,0.0,0.0,1.0,1.0,1.0,1.0,1.0,0.3,0.3,0.66667,0.5,0.5,1.0,0.0,0.5,0.5,0.5,0.5,0.5,0.5,0.5,0.11799,0.9,0.3,0.0,1.0,0.0,0.0,0.45,0.06,0.93478,0.0,0.8,1.0,0.6,1.0,0.5,0.0,0.68723,0.95449,0.11111,1.0,1.0,1.0,0.0,0.95827,0.88889,0.5,0.5,1.0,1.0,0.5,0.5,0.5,1.0,1.0,0.5,0.5,0.5,0.0,0.0,1.0,1.0,1.0,1.0,1.0,0.5,0.3,0.66667,0.5,0.5,1.0,0.0,0.5,1.0,1.0,0.0,1.0,0.4,0.9,0.11799,0.9,0.3,0.0,1.0,0.0,0.0,0.45,0.06,0.94559,0.0,0.8,1.0,0.6,1.0,0.55556,0.0,0.12766,0.20264,0.11111,1.0,1.0,1.0,0.0,0.89991,0.88889,0.66667,0.8,1.0,1.0,0.5,1.0,0.5,1.0,1.0,0.5,0.5,0.5,0.0,0.0,1.0,1.0,1.0,1.0,1.0,0.5,0.2,1.0,1.0,0.0,1.0,0.0,1.0,0.5,0.5,0.5,0.5,0.5,0.5,0.11799,0.9,0.3,0.0,1.0,0.0,0.0,0.45,0.06,0.96537,0.0,1.0,1.0,0.6,1.0,0.5,0.0,0.69842,0.99774,0.11111,1.0,1.0,1.0,0.0,0.96856,0.88889,0.5,0.0,1.0,1.0,0.5,0.5,0.5,1.0,1.0,0.5,0.5,0.5,0.0,0.78813,1.0,1.0,1.0,1.0,1.0,1.0,0.1,0.0,1.0,0.0,1.0,0.0,0.5
1.0,0.5,1.0,0.5,0.5,0.5,0.10049,0.5,0.06667,0.0,1.0,0.0,1.0,0.29,0.0,0.5,0.5,0.88889,0.82222,1.0,1.0,0.88889,1.0,0.0001,1.0,0.0,1.0,1.0,1.0,0.0,1.0,1.0,1.0,1.0,1.0,1.0,0.5,0.5,0.5,1.0,1.0,0.5,0.5,0.5,0.5,0.5,0.0,1.0,1.0,0.5,0.5,1.0,0.0,0.0,1.0,1.0,1.0,1.0,1.0,0.5,0.5,0.5,0.5,0.5,0.5,0.10049,0.5,0.06667,0.0,1.0,0.0,0.0,0.29,0.0,0.5,0.5,0.88889,0.82222,1.0,1.0,0.5,1.0,0.59086,0.84408,0.11111,1.0,1.0,1.0,0.0,1.0,0.88889,0.5,0.8,1.0,1.0,0.5,0.5,0.5,1.0,1.0,0.5,0.5,0.5,0.5,0.5,1.0,1.0,1.0,0.5,0.5,0.2,0.2,1.0,1.0,1.0,1.0,0.0,0.5,0.5,0.5,0.5,0.5,0.5,0.5,0.10049,0.5,0.06667,0.0,1.0,0.0,0.0,0.29,0.0,0.5,0.5,0.88889,0.82222,1.0,1.0,0.5,1.0,0.82197,1.0,0.33333,1.0,0.91203,0.66667,1.0,0.8,0.66667,0.5,0.8,1.0,1.0,0.5,0.5,0.5,1.0,1.0,0.5,0.5,0.5,0.5,0.5,1.0,1.0,1.0,0.5,0.5,0.35,0.2,0.33333,1.0,1.0,1.0,0.0,0.5,0.5,0.5,0.5,0.5,0.5,0.5,0.10049,0.5,0.06667,0.0,1.0,0.0,0.0,0.29,0.0,0.5,0.5,0.88889,0.82222,1.0,1.0,0.5,1.0,0.58941,0.76546,0.11111,0.95399,0.91203,0.0,1.0,1.0,0.88889,0.5,0.65,1.0,1.0,0.5,0.5,0.5,1.0,1.0,0.5,0.5,0.5,0.5,0.5,1.0,1.0,1.0,0.5,0.5,0.55,0.2,1.0,1.0,1.0,1.0,0.0,0.5,0.5,0.5,0.5,0.5,0.5,0.5,0.10049,0.5,0.06667,0.0,1.0,0.0,0.0,0.29,0.0,0.5,0.5,0.88889,0.82222,1.0,1.0,0.5,1.0,0.97563,1.0,0.33333,1.0,0.91203,0.66667,1.0,0.8,0.66667,0.5,0.7,1.0,1.0,0.5,0.5,0.5,1.0,1.0,0.5,0.5,0.5,0.5,0.5,1.0,1.0,1.0,0.5,0.5,0.3,0.2,0.33333,1.0,1.0,1.0,0.0,0.5,0.5,0.5,0.5,0.5,0.5,0.5,0.10049,0.5,0.06667,0.0,1.0,0.0,0.0,0.29,0.0,0.5,0.5,0.88889,0.82222,1.0,1.0,0.5,1.0,0.58778,0.81636,0.11111,1.0,1.0,1.0,0.0,1.0,0.88889,0.5,0.5,1.0,1.0,0.5,0.5,0.5,1.0,1.0,0.5,0.5,0.5,0.5,0.5,1.0,1.0,1.0,0.5,0.5,0.5,0.2,1.0,1.0,1.0,1.0,0.0,0.5,0.5,0.5,0.5,0.5,0.5,0.5,0.10049,0.5,0.06667,0.0,1.0,0.0,0.0,0.29,0.0,0.5,0.5,0.88889,0.82222,1.0,1.0,0.5,1.0,0.61412,0.9748,0.11111,0.95399,0.91203,0.0,1.0,1.0,0.88889,0.5,0.8,1.0,1.0,0.5,0.5,0.5,1.0,1.0,0.5,0.5,0.5,0.5,0.5,1.0,1.0,1.0,0.5,0.5,0.4,0.2,1.0,1.0,1.0,1.0,0.0,0.5,0.5,0.5,0.5,0.5,0.5,0.5,0.10049,0.5,0.06667,0.0,1.0,0.0,0.0,0.29,0.0,0.5,0.5,0.88889,0.82222,1.0,1.0,0.5,1.0,0.59086,0.84408,0.11111,1.0,1.0,1.0,0.0,1.0,0.88889,0.5,0.0,1.0,1.0,0.5,0.5,0.5,1.0,1.0,0.5,0.5,0.5,0.5,0.5,1.0,1.0,1.0,0.5,0.5,1.0,0.1,0.0,1.0,1.0,1.0,0.0,0.5
1.0,0.5,1.0,0.5,0.1,0.5,0.07978,0.1,0.63333,0.0,1.0,0.0,1.0,0.49,0.04,0.99989,0.0,1.0,1.0,1.0,1.0,1.0,0.0,0.0001,1.0,0.0,0.81857,0.74019,0.0,0.0,0.9998,1.0,1.0,1.0,0.9,0.90698,0.0,0.0,0.0,1.0,1.0,0.94631,1.0,1.0,0.17809,0.26553,0.0,1.0,1.0,0.94631,1.0,1.0,0.0,0.0,1.0,0.0,1.0,0.0,1.0,1.0,1.0,0.0,1.0,0.1,0.1,0.07978,0.1,0.63333,0.0,1.0,0.0,0.0,0.49,0.04,0.99844,0.0,1.0,1.0,1.0,1.0,1.0,0.0,0.77515,1.0,0.11111,0.80126,0.73876,0.0,0.0,0.98363,0.88889,0.77778,1.0,0.9,0.90698,0.0,0.5876,0.5596,1.0,1.0,0.62403,0.72657,0.98513,0.17809,0.0,0.0,1.0,1.0,0.94631,1.0,1.0,0.0,0.0,1.0,0.0,1.0,0.0,1.0,1.0,1.0,1.0,1.0,0.1,0.1,0.07978,0.1,0.63333,0.0,1.0,0.0,0.0,0.49,0.04,0.99724,0.0,1.0,1.0,1.0,1.0,1.0,1.0,0.91893,1.0,0.11111,0.80126,0.73876,0.0,1.0,0.98363,0.88889,0.88889,0.75,0.9,0.90698,0.0,0.5,0.5596,1.0,1.0,0.5,0.5,0.5,0.11808,0.0,0.25,1.0,1.0,0.94631,1.0,1.0,0.1,0.0,1.0,0.0,1.0,0.0,1.0,0.5,0.5,0.5,0.5,0.5,0.5,0.07978,0.1,0.63333,0.0,1.0,0.0,0.0,0.49,0.04,0.99969,0.0,1.0,1.0,1.0,1.0,0.5,0.0,0.73377,0.95295,0.11111,0.80126,0.73876,0.0,0.0,0.98363,0.88889,0.5,0.65,0.9,0.90698,0.0,0.5,0.97931,1.0,1.0,0.5,0.5,0.5,0.0,0.0,1.0,1.0,1.0,0.94631,1.0,0.35,0.4,0.75,1.0,1.0,1.0,0.0,0.5,0.0,0.0,0.0,0.0,0.1,0.1,0.07978,0.1,0.63333,0.0,1.0,0.0,0.0,0.49,0.04,0.99844,0.0,1.0,1.0,1.0,1.0,0.46667,1.0,0.94978,1.0,0.0,0.81857,0.74019,0.0,0.0,0.9998,1.0,1.0,0.7,0.9,0.90698,0.0,0.5,0.83941,1.0,1.0,0.5,0.5,0.5,0.0,0.0,1.0,1.0,1.0,0.94631,1.0,0.3,0.4,1.0,1.0,1.0,1.0,0.0,1.0,0.5,0.5,0.5,0.5,0.5,0.5,0.07978,0.1,0.63333,0.0,1.0,0.0,0.0,0.49,0.04,0.99713,0.0,1.0,1.0,1.0,1.0,0.5,1.0,0.29314,0.40714,0.0,0.81857,0.74019,0.0,0.0,0.9998,1.0,0.5,0.5,0.9,0.90698,0.0,0.5,1.0,1.0,1.0,0.5,0.5,0.5,0.0,0.0,1.0,1.0,1.0,0.94631,1.0,0.5,0.4,1.0,1.0,1.0,1.0,0.0,0.5,1.0,1.0,1.0,1.0,0.1,0.1,0.07978,0.1,0.63333,0.0,1.0,0.0,0.0,0.49,0.04,0.99665,0.0,1.0,1.0,1.0,1.0,1.0,1.0,0.38288,0.60774,0.0,0.81857,0.74019,0.0,0.0,0.9998,1.0,1.0,0.7,0.9,0.90698,0.0,0.5,0.5596,1.0,1.0,0.5,0.5,0.5,0.0,0.0,1.0,1.0,1.0,0.94631,1.0,0.3,0.4,1.0,1.0,1.0,1.0,0.0,1.0,0.5,0.5,0.5,0.5,0.5,0.5,0.07978,0.1,0.63333,0.0,1.0,0.0,0.0,0.49,0.04,0.99844,0.0,1.0,1.0,1.0,1.0,0.5,0.0,0.77515,1.0,0.11111,0.80126,0.73876,0.0,0.0,0.98363,0.88889,0.5,1.0,0.9,0.90698,0.0,0.5,1.0,1.0,1.0,0.5,0.5,0.5,0.17809,0.0,0.0,1.0,1.0,0.94631,1.0,1.0,0.0,0.0,1.0,0.0,1.0,0.0,0.5
1.0,1.0,1.0,0.0,0.1,0.1,0.03695,0.1,0.73333,0.0,1.0,0.0,0.0,0.49,0.05,0.99987,0.0,1.0,1.0,1.0,1.0,1.0,0.0,0.0001,1.0,0.0,0.39747,0.30622,0.0,0.0,0.99963,1.0,1.0,1.0,1.0,1.0,0.5,0.0,0.5,1.0,1.0,0.94631,1.0,1.0,0.06511,0.0,0.0,1.0,1.0,0.94631,1.0,1.0,0.0,0.0,1.0,0.0,1.0,1.0,1.0,1.0,1.0,0.0,1.0,0.1,0.1,0.03695,0.1,0.73333,0.0,1.0,0.0,0.0,0.49,0.05,0.99809,0.0,1.0,1.0,1.0,1.0,1.0,1.0,0.75926,1.0,0.11111,0.38497,0.30622,0.0,0.0,0.96758,0.88889,0.77778,1.0,1.0,1.0,0.5,0.5876,0.5,1.0,1.0,0.62403,0.72657,0.98513,0.06001,0.0,0.0,1.0,1.0,0.94631,1.0,1.0,0.0,0.0,1.0,0.0,1.0,0.75,1.0,1.0,1.0,1.0,1.0,0.1,0.1,0.03695,0.1,0.73333,0.0,1.0,0.0,0.0,0.49,0.05,0.99663,0.0,1.0,1.0,1.0,1.0,1.0,0.0,0.89317,1.0,0.11111,0.38497,0.30622,0.0,1.0,0.96758,0.88889,0.88889,0.25,1.0,1.0,0.5,0.5,0.5,1.0,1.0,0.5,0.5,0.5,0.0,0.0,1.0,1.0,1.0,0.94631,1.0,0.75,0.4,0.75,1.0,1.0,1.0,0.75,1.0,0.5,0.5,0.5,0.5,0.5,0.5,0.03695,0.1,0.73333,0.0,1.0,0.0,0.0,0.49,0.05,0.99963,0.0,1.0,1.0,1.0,1.0,0.5,1.0,0.72065,0.9359,0.11111,0.38497,0.30622,0.0,0.0,0.96758,0.88889,0.5,0.65,1.0,1.0,0.5,0.5,0.5,1.0,1.0,0.5,0.5,0.5,0.0,0.0,1.0,1.0,1.0,0.94631,1.0,0.35,0.4,0.75,1.0,1.0,1.0,0.75,0.5,0.0,0.0,0.0,0.0,0.1,0.1,0.03695,0.1,0.73333,0.0,1.0,0.0,0.0,0.49,0.05,0.99809,0.0,1.0,1.0,1.0,1.0,0.46667,0.0,0.86416,1.0,0.0,0.39747,0.30622,0.0,0.0,0.99963,1.0,1.0,0.25,1.0,1.0,0.5,0.5,0.5,1.0,1.0,0.5,0.5,0.5,0.0,0.0,1.0,1.0,1.0,0.94631,1.0,0.75,0.4,1.0,1.0,1.0,1.0,1.0,1.0,0.0,0.0,0.0,0.0,0.1,0.1,0.03695,0.1,0.73333,0.0,1.0,0.0,0.0,0.49,0.05,0.9965,0.0,1.0,1.0,1.0,1.0,1.0,0.0,0.26672,0.37044,0.0,0.39747,0.30622,0.0,0.0,0.99963,1.0,1.0,0.4,1.0,1.0,0.5,0.62669,0.5,1.0,1.0,0.5,0.5,0.5,0.0,0.0,1.0,1.0,1.0,0.94631,1.0,0.6,0.4,1.0,1.0,1.0,1.0,1.0,1.0,0.0,0.5,0.0,0.5,0.1,0.5,0.03695,0.1,0.73333,0.0,1.0,0.0,1.0,0.49,0.05,0.99592,0.0,1.0,1.0,1.0,1.0,1.0,0.0,0.34836,0.55296,0.0,0.39747,0.30622,0.0,0.0,0.99963,1.0,1.0,0.2,1.0,1.0,0.5,0.42749,0.5,1.0,1.0,0.5,0.5,0.5,0.0,0.0,1.0,1.0,1.0,0.94631,1.0,0.8,0.4,1.0,1.0,1.0,1.0,1.0,1.0,0.5,0.5,0.5,0.5,0.5,0.5,0.03695,0.1,0.73333,0.0,1.0,0.0,0.0,0.49,0.05,0.99809,0.0,1.0,1.0,1.0,1.0,0.5,1.0,0.75926,1.0,0.11111,0.38497,0.30622,0.0,0.0,0.96758,0.88889,0.5,1.0,1.0,1.0,0.5,0.5,0.5,1.0,1.0,0.5,0.5,0.5,0.06511,0.0,0.0,1.0,1.0,0.94631,1.0,1.0,0.0,0.0,1.0,0.0,1.0,0.75,0.5
1.0,1.0,1.0,0.0,0.1,0.1,0.00319,0.1,0.0,0.75,1.0,0.0,0.0,0.37,0.04,0.0,0.99993,1.0,1.0,1.0,1.0,1.0,0.0,0.0001,1.0,0.0,0.03867,0.02793,0.0,0.0,0.99788,0.88889,1.0,1.0,0.9,0.91291,0.35394,0.0,0.0,1.0,1.0,0.94631,1.0,1.0,0.00662,0.57727,0.0,1.0,1.0,0.04245,0.52857,1.0,0.0,0.0,1.0,0.0,1.0,0.33333,1.0,1.0,1.0,0.0,1.0,0.1,0.1,0.00319,0.1,0.0,0.75,1.0,0.0,0.0,0.37,0.04,0.0,0.99889,1.0,1.0,1.0,1.0,1.0,0.0,0.73599,1.0,0.11111,0.03558,0.02696,0.0,0.0,0.90667,1.0,0.77778,1.0,0.9,0.91291,0.35394,0.5876,0.23596,1.0,1.0,0.62403,0.72657,0.98513,0.00819,0.0,0.0,1.0,1.0,0.04245,0.52857,1.0,0.0,0.0,1.0,0.0,1.0,0.25,1.0,1.0,1.0,1.0,1.0,0.1,0.1,0.00319,0.1,0.0,0.75,1.0,0.0,0.0,0.37,0.04,0.0,0.99803,1.0,1.0,1.0,1.0,1.0,0.0,0.8529,1.0,0.11111,0.03558,0.02696,0.0,0.0,0.90667,1.0,0.88889,0.3,0.9,0.91291,0.35394,0.5,0.23596,1.0,1.0,0.5,0.5,0.5,0.0,0.0,1.0,1.0,1.0,0.04245,0.52857,0.7,0.2,0.25,1.0,1.0,1.0,0.25,1.0,0.5,0.5,0.5,0.5,0.5,0.5,0.00319,0.1,0.0,0.75,1.0,0.0,0.0,0.37,0.04,0.0,0.99978,1.0,1.0,1.0,1.0,0.5,0.0,0.70203,0.91173,0.11111,0.03558,0.02696,0.0,0.0,0.90667,1.0,0.5,0.0,0.9,0.91291,0.35394,0.5,0.41293,1.0,1.0,0.5,0.5,0.5,0.0,0.0,1.0,1.0,1.0,0.04245,0.52857,1.0,0.1,0.0,1.0,0.0,1.0,0.25,0.5,0.0,0.5,0.0,0.5,0.1,0.5,0.00319,0.1,0.0,0.75,1.0,0.0,1.0,0.37,0.04,0.0,0.99889,1.0,1.0,1.0,1.0,1.0,1.0,0.88835,1.0,0.11111,0.03558,0.02696,0.0,0.0,0.90667,1.0,1.0,0.3,0.9,0.91291,0.35394,0.35394,0.35394,1.0,1.0,0.5,0.5,0.5,0.0,0.0,1.0,1.0,1.0,0.04245,0.52857,0.7,0.2,0.25,0.0,1.0,1.0,0.25,1.0,1.0,1.0,0.0,1.0,0.1,0.1,0.00319,0.1,0.0,0.75,1.0,0.0,0.0,0.37,0.04,0.0,0.99795,1.0,1.0,1.0,1.0,1.0,0.0,0.21061,0.29252,0.0,0.03867,0.02793,0.0,0.0,0.99788,0.88889,1.0,0.45,0.9,0.91291,0.35394,0.62669,0.5899,1.0,1.0,0.5,0.5,0.5,0.0,0.0,1.0,1.0,1.0,0.04245,0.52857,0.55,0.2,0.33333,0.0,1.0,1.0,0.33333,1.0,0.0,0.0,0.0,0.0,0.1,0.1,0.00319,0.1,0.0,0.75,1.0,0.0,0.0,0.37,0.04,0.0,0.99761,1.0,1.0,1.0,1.0,1.0,0.0,0.27509,0.43665,0.0,0.03867,0.02793,0.0,0.0,0.99788,0.88889,1.0,0.4,0.9,0.91291,0.35394,0.53993,0.23596,1.0,1.0,0.04245,0.52857,0.62955,0.0,0.0,1.0,1.0,1.0,0.04245,0.52857,0.6,0.2,0.33333,0.0,1.0,1.0,0.33333,1.0,0.5,0.5,0.5,0.5,0.5,0.5,0.00319,0.1,0.0,0.75,1.0,0.0,0.0,0.37,0.04,0.0,0.99889,1.0,1.0,1.0,1.0,0.5,0.0,0.73599,1.0,0.11111,0.03558,0.02696,0.0,0.0,0.90667,1.0,0.5,1.0,0.9,0.91291,0.35394,0.5,1.0,1.0,1.0,0.5,0.5,0.5,0.00819,0.0,0.0,1.0,1.0,0.04245,0.52857,1.0,0.0,0.0,1.0,0.0,1.0,0.25,0.5
1.0,0.0,1.0,0.0,0.2,0.1,0.02415,0.1,0.53333,0.0,1.0,0.0,0.0,0.88,0.05,0.64656,0.0,1.0,1.0,1.0,1.0,0.8,0.0,0.0001,1.0,0.0,1.0,1.0,1.0,0.0,1.0,0.88889,0.0,1.0,0.9,0.88785,0.0,0.5,0.0,1.0,1.0,1.0,1.0,0.65339,0.04074,0.06474,0.0,1.0,1.0,0.4082,1.0,1.0,0.0,0.0,1.0,0.0,1.0,0.0,1.0,0.0,0.5,0.0,0.5,0.1,0.5,0.02415,0.1,0.53333,0.0,1.0,0.0,1.0,0.88,0.05,0.75353,0.0,1.0,1.0,1.0,1.0,1.0,1.0,0.57982,0.82831,0.11111,0.36774,0.22529,0.0,0.0,1.0,1.0,0.77778,1.0,0.9,0.88785,0.0,0.0,0.0,1.0,1.0,0.4082,1.0,0.5,0.04413,0.03969,0.0,1.0,1.0,0.4082,1.0,1.0,0.0,0.0,1.0,0.0,1.0,0.0,1.0,0.0,0.0,0.0,0.0,0.1,0.1,0.02415,0.1,0.53333,0.0,1.0,0.0,0.0,0.88,0.05,0.86742,0.0,1.0,1.0,1.0,1.0,1.0,0.0,0.59791,1.0,0.11111,0.38246,0.23645,0.0,0.0,1.0,0.77778,0.77778,0.0,0.9,0.88785,0.0,0.22247,1.0,1.0,1.0,0.23721,0.33875,1.0,0.0,0.0,1.0,1.0,1.0,0.4082,1.0,1.0,0.1,0.0,1.0,0.0,1.0,0.0,0.44444,1.0,1.0,0.0,0.0,0.1,0.1,0.02415,0.1,0.53333,0.0,1.0,0.0,0.0,0.88,0.05,0.65967,0.0,1.0,1.0,1.0,1.0,0.8,0.0,0.57229,0.74324,0.11111,0.36774,0.22529,0.0,0.0,1.0,1.0,0.22222,0.0,0.9,0.88785,0.0,0.5,1.0,1.0,1.0,0.5,0.5,0.5,0.0,0.0,1.0,1.0,1.0,0.4082,1.0,1.0,0.1,0.0,1.0,0.0,1.0,0.0,1.0,0.0,0.0,0.0,0.0,0.6,0.2,0.02415,0.1,0.53333,0.0,1.0,0.0,0.0,0.88,0.05,0.75353,0.0,1.0,1.0,1.0,1.0,0.8,0.0,0.64393,1.0,0.11111,0.36774,0.22529,0.0,0.0,1.0,1.0,0.44444,0.0,0.9,0.88785,0.0,0.5,1.0,1.0,1.0,0.5,0.5,0.5,0.0,0.0,1.0,1.0,1.0,0.4082,1.0,1.0,0.1,0.0,1.0,0.0,1.0,0.0,1.0,0.5,0.5,0.5,0.5,0.5,0.5,0.02415,0.1,0.53333,0.0,1.0,0.0,0.0,0.88,0.05,0.87927,0.0,1.0,1.0,1.0,1.0,0.5,0.0,0.00113,0.00156,0.0,1.0,1.0,1.0,0.0,1.0,0.88889,0.5,0.15,0.9,0.88785,0.0,0.5,0.89127,1.0,1.0,0.5,0.5,0.5,0.0,0.0,1.0,1.0,1.0,0.4082,1.0,1.0,0.1,1.0,1.0,0.0,1.0,0.0,0.5,0.0,1.0,0.0,1.0,0.1,0.2,0.02415,0.1,0.53333,0.0,1.0,0.0,0.0,0.88,0.05,0.93481,0.0,1.0,1.0,1.0,1.0,0.8,0.0,0.58492,0.92844,0.11111,0.38246,0.23645,0.0,1.0,1.0,0.77778,0.11111,0.0,0.9,0.88785,0.0,0.5,1.0,1.0,1.0,0.5,0.5,0.5,0.0,0.0,1.0,1.0,1.0,0.4082,1.0,1.0,0.1,0.0,1.0,0.0,1.0,0.0,1.0,0.5,0.5,0.5,0.5,0.5,0.5,0.02415,0.1,0.53333,0.0,1.0,0.0,0.0,0.88,0.05,0.75353,0.0,1.0,1.0,1.0,1.0,0.5,1.0,0.57982,0.82831,0.11111,0.36774,0.22529,0.0,0.0,1.0,1.0,0.5,1.0,0.9,0.88785,0.0,0.5,0.0,1.0,1.0,0.5,0.5,0.5,0.04338,0.06474,0.0,1.0,1.0,0.4082,1.0,1.0,0.0,0.0,1.0,0.0,1.0,0.0,0.5
1.0,0.0,1.0,0.0,0.6,0.1,0.00025,0.1,0.73333,0.0,1.0,0.0,0.0,0.18,0.02,0.99957,0.0,1.0,1.0,0.8,1.0,0.75556,0.0,0.0001,1.0,0.0,0.00282,0.00171,0.0,0.0,0.95896,0.77778,0.55556,0.0,1.0,1.0,0.5,0.5,0.5,1.0,1.0,0.5,0.5,0.5,0.0,0.0,1.0,1.0,1.0,0.5,0.5,1.0,0.1,0.0,1.0,1.0,1.0,0.0,1.0,0.0,0.0,0.0,0.0,0.1,0.1,0.00025,0.1,0.73333,0.0,1.0,0.0,0.0,0.18,0.02,0.99381,0.0,1.0,1.0,0.8,1.0,0.8,1.0,0.83702,1.0,0.11111,0.00265,0.00171,0.0,0.0,0.82092,0.66667,0.77778,1.0,1.0,1.0,0.5,0.5,0.5,1.0,1.0,0.5,0.5,0.5,1.0,0.0,0.0,1.0,1.0,0.5,0.5,1.0,0.0,0.0,1.0,1.0,1.0,0.0,1.0,0.0,0.0,0.0,0.0,0.1,0.1,0.00025,0.1,0.73333,0.0,1.0,0.0,0.0,0.18,0.02,0.0,0.98329,1.0,1.0,0.93333,0.73333,0.93333,0.0,0.69282,1.0,0.11111,0.00339,0.00205,0.0,0.0,0.7507,0.44444,0.55556,0.0,1.0,1.0,0.5,0.5,0.5,1.0,1.0,0.5,0.5,0.5,0.0,0.0,1.0,1.0,1.0,0.5,0.5,1.0,0.1,0.0,1.0,1.0,1.0,0.0,1.0,0.0,0.5,0.0,0.5,0.1,0.5,0.00025,0.1,0.73333,0.0,1.0,0.0,1.0,0.18,0.02,0.99876,0.0,1.0,1.0,0.8,1.0,1.0,1.0,0.95628,1.0,0.22222,0.00238,0.00145,0.0,1.0,0.93019,1.0,1.0,0.65,1.0,1.0,0.5,0.5,0.5,1.0,1.0,0.5,0.5,0.5,0.0,0.0,1.0,1.0,1.0,0.5,0.5,1.0,0.1,0.0,1.0,1.0,1.0,0.0,0.22222,0.5,0.5,0.5,0.5,0.5,0.5,0.00025,0.1,0.73333,0.0,1.0,0.0,0.0,0.18,0.02,0.99381,0.0,1.0,1.0,0.8,1.0,0.5,1.0,0.9636,1.0,0.11111,0.00257,0.00171,0.0,0.0,0.95354,0.66667,0.5,0.0,1.0,1.0,0.5,0.5,0.5,1.0,1.0,0.5,0.5,0.5,0.0,0.0,1.0,1.0,1.0,0.5,0.5,1.0,0.1,0.0,1.0,1.0,1.0,0.0,0.5,0.5,0.5,0.5,0.5,0.5,0.5,0.00025,0.1,0.73333,0.0,1.0,0.0,0.0,0.18,0.02,0.0,0.98266,1.0,1.0,0.93333,0.73333,0.5,0.0,0.63234,0.87824,0.11111,0.00339,0.00205,0.0,0.0,0.7507,0.44444,0.5,0.0,1.0,1.0,0.5,0.5,0.5,1.0,1.0,0.5,0.5,0.5,0.0,0.0,1.0,1.0,1.0,0.5,0.5,1.0,0.1,0.0,1.0,1.0,1.0,0.0,0.5,0.0,0.0,0.0,0.0,0.1,0.1,0.00025,0.1,0.73333,0.0,1.0,0.0,0.0,0.18,0.02,0.0,0.99569,1.0,1.0,1.0,0.8,1.0,1.0,0.7523,1.0,0.55556,0.00257,0.00171,0.0,0.0,0.95354,0.66667,1.0,0.0,1.0,1.0,0.5,0.06216,0.5,1.0,1.0,0.5,0.5,0.5,0.0,0.0,1.0,1.0,1.0,0.5,0.5,1.0,0.1,0.0,1.0,1.0,1.0,0.0,1.0,0.5,0.5,0.5,0.5,0.5,0.5,0.00025,0.1,0.73333,0.0,1.0,0.0,0.0,0.18,0.02,0.99381,0.0,1.0,1.0,0.8,1.0,0.5,1.0,0.83702,1.0,0.11111,0.00265,0.00171,0.0,0.0,0.82092,0.66667,0.5,1.0,1.0,1.0,0.5,0.5,0.5,1.0,1.0,0.5,0.5,0.5,1.0,0.0,0.0,1.0,1.0,0.5,0.5,1.0,0.0,0.0,1.0,1.0,1.0,0.0,0.5
1.0,0.5,1.0,0.5,0.83333,0.5,0.06818,0.83333,0.06667,0.0,0.0,0.66667,1.0,0.10222,0.0,0.5,0.5,1.0,0.98095,1.0,1.0,1.0,1.0,0.0001,1.0,0.0,1.0,1.0,1.0,0.0,1.0,1.0,1.0,0.5,1.0,1.0,0.5,0.5,0.5,1.0,1.0,0.5,0.5,0.5,0.5,0.5,1.0,1.0,1.0,0.5,0.5,1.0,0.06667,1.0,1.0,1.0,1.0,1.0,1.0,0.5,0.5,0.5,0.5,0.5,0.5,0.06818,0.83333,0.06667,0.0,0.0,0.66667,0.0,0.10222,0.0,0.5,0.5,1.0,0.98095,1.0,1.0,0.5,1.0,0.55249,0.78927,0.07143,1.0,1.0,1.0,1.0,1.0,0.92857,0.5,0.8,1.0,1.0,0.5,0.5,0.5,1.0,1.0,0.5,0.5,0.5,0.5,0.5,1.0,1.0,1.0,0.5,0.5,0.2,0.13333,1.0,1.0,1.0,1.0,0.0,0.5,0.5,0.5,0.5,0.5,0.5,0.5,0.06818,0.83333,0.06667,0.0,0.0,0.66667,0.0,0.10222,0.0,0.5,0.5,1.0,0.98095,1.0,1.0,0.5,1.0,0.56992,1.0,0.07143,1.0,1.0,1.0,1.0,1.0,0.92857,0.5,0.8,1.0,1.0,0.5,0.5,0.5,1.0,1.0,0.5,0.5,0.5,0.5,0.5,1.0,1.0,1.0,0.5,0.5,0.46667,0.13333,1.0,1.0,1.0,1.0,0.0,0.5,0.5,0.5,0.5,0.5,0.5,0.5,0.06818,0.83333,0.06667,0.0,0.0,0.66667,0.0,0.10222,0.0,0.5,0.5,1.0,0.98095,1.0,1.0,0.5,1.0,0.54698,0.71036,0.07143,1.0,1.0,1.0,1.0,1.0,0.92857,0.5,0.63333,1.0,1.0,0.5,0.5,0.5,1.0,1.0,0.5,0.5,0.5,0.5,0.5,1.0,1.0,1.0,0.5,0.5,0.66667,0.13333,1.0,1.0,1.0,1.0,0.0,0.5,0.5,0.5,0.5,0.5,0.5,0.5,0.06818,0.83333,0.06667,0.0,0.0,0.66667,0.0,0.10222,0.0,0.5,0.5,1.0,0.98095,1.0,1.0,0.5,1.0,0.60365,1.0,0.07143,1.0,1.0,1.0,1.0,1.0,0.92857,0.5,0.7,1.0,1.0,0.5,0.5,0.5,1.0,1.0,0.5,0.5,0.5,0.5,0.5,1.0,1.0,1.0,0.5,0.5,0.3,0.13333,1.0,1.0,1.0,1.0,0.0,0.5,0.5,0.5,0.5,0.5,0.5,0.5,0.06818,0.83333,0.06667,0.0,0.0,0.66667,0.0,0.10222,0.0,0.5,0.5,1.0,0.98095,1.0,1.0,0.5,1.0,0.55079,0.76499,0.07143,1.0,1.0,1.0,1.0,1.0,0.92857,0.5,0.5,1.0,1.0,0.5,0.5,0.5,1.0,1.0,0.5,0.5,0.5,0.5,0.5,1.0,1.0,1.0,0.5,0.5,0.5,0.13333,1.0,1.0,1.0,1.0,0.0,0.5,0.5,0.5,0.5,0.5,0.5,0.5,0.06818,0.83333,0.06667,0.0,0.0,0.66667,0.0,0.10222,0.0,0.5,0.5,1.0,0.98095,1.0,1.0,0.5,1.0,0.55943,0.88799,0.07143,1.0,1.0,1.0,1.0,1.0,0.92857,0.5,0.8,1.0,1.0,0.5,0.5,0.5,1.0,1.0,0.5,0.5,0.5,0.5,0.5,1.0,1.0,1.0,0.5,0.5,0.5,0.13333,1.0,1.0,1.0,1.0,0.0,0.5,0.5,0.5,0.5,0.5,0.5,0.5,0.06818,0.83333,0.06667,0.0,0.0,0.66667,0.0,0.10222,0.0,0.5,0.5,1.0,0.98095,1.0,1.0,0.5,1.0,0.55249,0.78927,0.07143,1.0,1.0,1.0,1.0,1.0,0.92857,0.5,0.0,1.0,1.0,0.5,0.5,0.5,1.0,1.0,0.5,0.5,0.5,0.5,0.5,1.0,1.0,1.0,0.5,0.5,1.0,0.06667,0.0,1.0,1.0,1.0,0.0,0.5
0.0,0.0,0.0,0.0,0.26667,0.4,0.06246,0.4,0.23333,0.0,0.0,0.66667,0.0,0.19556,0.11556,0.0,0.99491,1.0,1.0,0.84762,1.0,0.85714,0.0,0.0001,1.0,0.0,1.0,1.0,1.0,0.0,1.0,0.92857,0.78571,1.0,0.93333,0.97351,0.59569,0.0,0.0,1.0,1.0,0.73709,0.88759,0.83624,0.23055,0.08193,0.0,1.0,1.0,0.73709,0.88759,1.0,0.0,0.0,1.0,0.0,1.0,1.0,1.0,0.0,0.0,0.0,0.0,0.26667,0.26667,0.06246,0.4,0.23333,0.0,0.0,0.66667,0.0,0.19556,0.11556,0.99627,0.0,0.88571,1.0,0.84762,1.0,0.53333,0.0,0.57098,0.81569,0.07143,0.84079,0.72531,0.0,0.0,0.99835,1.0,0.35714,1.0,0.93333,0.97351,0.59569,0.5,0.0,1.0,1.0,0.5,0.5,0.5,0.23055,0.08193,0.0,1.0,1.0,0.73709,0.88759,1.0,0.0,0.0,1.0,0.0,1.0,0.0,1.0,0.5,0.5,0.5,0.5,0.5,0.5,0.06246,0.4,0.23333,0.0,0.0,0.66667,0.0,0.19556,0.11556,0.95111,0.0,1.0,1.0,1.0,0.84762,0.5,0.0,0.9343,1.0,0.07143,0.73441,0.51836,0.2,0.0,0.92866,0.71429,0.5,0.5,0.93333,0.97351,0.59569,0.5,0.59569,1.0,1.0,0.5,0.5,0.5,0.09127,0.01285,0.5,1.0,1.0,0.73709,0.88759,1.0,0.06667,0.0,1.0,0.0,1.0,0.0,0.5,0.0,0.0,0.0,1.0,0.26667,0.4,0.06246,0.4,0.23333,0.0,0.0,0.66667,0.0,0.19556,0.11556,0.0,0.99698,1.0,1.0,0.84762,1.0,0.44762,1.0,0.89283,1.0,0.5,0.80942,0.51836,0.28571,1.0,0.81691,0.57143,0.42857,0.53333,0.93333,0.97351,0.59569,0.5,0.92663,1.0,1.0,0.5,0.5,0.5,0.0,0.0,1.0,1.0,1.0,0.73709,0.88759,0.46667,0.33333,0.57143,1.0,0.0,1.0,0.0,1.0,1.0,0.5,1.0,0.5,0.4,0.5,0.06246,0.4,0.23333,0.0,0.0,0.66667,1.0,0.19556,0.11556,0.99627,0.0,0.88571,1.0,0.84762,1.0,0.88571,0.0,0.63665,1.0,0.07143,0.84079,0.72531,0.0,0.0,0.99835,1.0,0.57143,0.5,0.93333,0.97351,0.59569,0.59569,0.59569,1.0,1.0,0.5,0.5,0.5,0.0,0.0,1.0,1.0,1.0,0.73709,0.88759,0.5,0.13333,1.0,1.0,0.0,1.0,0.0,1.0,0.5,0.5,0.5,0.5,0.5,0.5,0.06246,0.4,0.23333,0.0,0.0,0.66667,0.0,0.19556,0.11556,0.94679,0.0,1.0,1.0,1.0,0.84762,0.5,1.0,0.8061,1.0,0.07143,0.68344,0.51836,0.0,0.0,0.92052,0.71429,0.5,0.4,0.93333,0.97351,0.59569,0.5,0.59569,1.0,1.0,0.5,0.5,0.5,0.0,0.07776,1.0,1.0,1.0,0.73709,0.88759,0.6,0.33333,0.8,1.0,0.0,1.0,0.0,0.5,1.0,0.0,1.0,0.0,0.4,0.26667,0.06246,0.4,0.23333,0.0,0.0,0.66667,0.0,0.19556,0.11556,0.92861,0.0,1.0,1.0,1.0,0.84762,0.90476,1.0,0.84939,1.0,0.07143,0.72151,0.51836,0.0,1.0,0.95357,0.71429,0.85714,0.23333,0.93333,0.97351,0.59569,0.5,0.59569,1.0,1.0,0.5,0.5,0.5,0.0,0.0,1.0,1.0,1.0,0.73709,0.88759,0.76667,0.4,1.0,1.0,0.0,1.0,0.2,1.0,0.5,0.5,0.5,0.5,0.5,0.5,0.06246,0.4,0.23333,0.0,0.0,0.66667,0.0,0.19556,0.11556,0.99627,0.0,0.88571,1.0,0.84762,1.0,0.5,0.0,0.57098,0.81569,0.07143,0.84079,0.72531,0.0,0.0,0.99835,1.0,0.5,1.0,0.93333,0.97351,0.59569,0.5,0.0,1.0,1.0,0.5,0.5,0.5,0.23055,0.08193,0.0,1.0,1.0,0.73709,0.88759,1.0,0.0,0.0,1.0,0.0,1.0,0.0,0.5
1.0,1.0,1.0,1.0,1.0,0.93333,0.06578,0.46667,0.16667,0.0,0.0,0.66667,0.0,0.64,0.00444,0.0198,0.0,0.65714,1.0,1.0,1.0,0.34286,0.0,0.0001,1.0,0.0,0.91948,0.86849,0.0,0.0,0.93571,0.92857,0.85714,1.0,1.0,1.0,0.5,0.5,0.5,1.0,1.0,0.5,0.5,0.5,0.32065,0.11828,0.0,1.0,1.0,0.57822,0.55333,1.0,0.0,0.0,1.0,0.0,1.0,1.0,1.0,0.5,0.5,0.5,0.5,0.5,0.5,0.06578,0.46667,0.16667,0.0,0.0,0.66667,0.0,0.64,0.00444,0.33407,0.0,0.65714,1.0,1.0,1.0,0.5,0.0,0.60728,0.86754,0.07143,0.94244,0.86849,0.33333,0.0,0.95179,0.85714,0.5,0.8,1.0,1.0,0.5,0.5,0.5,1.0,1.0,0.5,0.5,0.5,0.0,0.0,1.0,1.0,1.0,0.57822,0.55333,0.2,0.26667,1.0,1.0,1.0,1.0,0.66667,0.5,1.0,0.5,1.0,0.5,0.46667,0.5,0.06578,0.46667,0.16667,0.0,0.0,0.66667,1.0,0.64,0.00444,0.66963,0.0,0.65714,1.0,1.0,1.0,0.65714,1.0,0.65055,1.0,0.07143,0.9621,0.86849,0.33333,0.0,0.94827,1.0,0.92857,0.8,1.0,1.0,0.5,0.5,0.5,1.0,1.0,0.57822,0.55333,0.5,0.0,0.0478,1.0,1.0,1.0,0.57822,0.55333,0.46667,0.13333,0.33333,1.0,1.0,1.0,0.66667,1.0,0.5,0.5,0.5,0.5,0.5,0.5,0.06578,0.46667,0.16667,0.0,0.0,0.66667,0.0,0.64,0.00444,0.05827,0.0,0.65714,1.0,1.0,1.0,0.5,0.0,0.58259,0.7566,0.07143,0.98441,0.86849,0.33333,1.0,0.94862,0.85714,0.5,0.63333,1.0,1.0,0.5,0.5,0.5,1.0,1.0,0.5,0.5,0.5,0.0,0.0,1.0,1.0,0.0,0.57822,0.55333,0.46667,0.2,0.66667,1.0,1.0,1.0,0.66667,0.5,0.0,1.0,0.0,0.0,0.13333,0.46667,0.06578,0.46667,0.16667,0.0,0.0,0.66667,0.0,0.64,0.00444,0.33407,0.0,0.65714,1.0,1.0,1.0,0.65714,0.0,0.7746,1.0,0.07143,0.93098,0.86849,0.0,0.0,0.95688,0.85714,0.92857,0.7,1.0,1.0,0.5,0.5,0.5,1.0,1.0,0.5,0.5,0.5,0.0,0.0,1.0,1.0,1.0,0.57822,0.55333,0.3,0.26667,1.0,1.0,1.0,1.0,0.66667,1.0,0.5,0.5,0.5,0.5,0.5,0.5,0.06578,0.46667,0.16667,0.0,0.0,0.66667,0.0,0.64,0.00444,0.70458,0.0,0.65714,1.0,1.0,1.0,0.5,1.0,0.60574,0.84131,0.07143,0.93098,0.86849,0.0,0.0,0.95688,0.85714,0.5,0.5,1.0,1.0,0.5,0.5,0.5,1.0,1.0,0.5,0.5,0.5,0.0,0.0,1.0,1.0,1.0,0.57822,0.55333,0.5,0.26667,1.0,1.0,1.0,1.0,0.66667,0.5,0.5,0.5,0.5,0.5,0.5,0.5,0.06578,0.46667,0.16667,0.0,0.0,0.66667,0.0,0.64,0.00444,0.86861,0.0,0.65714,1.0,1.0,1.0,0.5,1.0,0.6304,1.0,0.07143,0.93098,0.86849,0.0,0.0,0.95688,0.85714,0.5,0.8,1.0,1.0,0.5,0.5,0.5,1.0,1.0,0.5,0.5,0.5,0.0,0.0,1.0,1.0,1.0,0.57822,0.55333,0.2,0.26667,1.0,1.0,1.0,1.0,0.66667,0.5,0.5,0.5,0.5,0.5,0.5,0.5,0.06578,0.46667,0.16667,0.0,0.0,0.66667,0.0,0.64,0.00444,0.33407,0.0,0.65714,1.0,1.0,1.0,0.5,0.0,0.60728,0.86754,0.07143,0.94244,0.86849,0.33333,0.0,0.95179,0.85714,0.5,0.0,1.0,1.0,0.5,0.5,0.5,1.0,1.0,0.5,0.5,0.5,0.0,0.0,1.0,1.0,1.0,0.57822,0.55333,1.0,0.06667,0.0,1.0,0.0,1.0,0.66667,0.5
0.0,0.0,0.0,1.0,0.53333,0.53333,0.02867,0.06667,0.43333,0.0,0.0,0.66667,0.0,0.13778,0.0,0.95469,0.0,0.98095,0.98095,1.0,1.0,0.87619,0.0,0.0001,1.0,0.0,0.5117,0.3947,0.0,0.0,0.94256,0.71429,0.85714,1.0,1.0,1.0,0.5,0.5,0.5,1.0,1.0,0.5,0.5,0.5,0.0,0.0,1.0,1.0,1.0,0.5,0.5,1.0,0.0,0.0,1.0,1.0,1.0,0.0,1.0,0.5,0.5,0.5,0.5,0.5,0.5,0.02867,0.06667,0.43333,0.0,0.0,0.66667,0.0,0.13778,0.0,0.95469,0.0,0.98095,0.98095,1.0,1.0,0.5,0.0,0.55942,0.79917,0.07143,0.56594,0.3947,0.0,0.0,0.95692,0.64286,0.5,0.8,1.0,1.0,0.5,0.5,0.5,1.0,1.0,0.5,0.5,0.5,0.0,0.0,1.0,1.0,1.0,0.5,0.5,0.2,0.13333,0.33333,1.0,1.0,1.0,0.0,0.5,0.0,0.0,0.0,0.0,0.53333,0.36667,0.02867,0.06667,0.43333,0.0,0.0,0.66667,0.0,0.13778,0.0,0.95469,0.0,0.98095,0.98095,1.0,1.0,0.87619,0.0,0.58769,1.0,0.07143,0.56594,0.3947,0.0,0.0,0.95692,0.64286,0.78571,0.8,1.0,1.0,0.5,0.5,0.5,1.0,1.0,0.5,0.5,0.5,0.0,0.0,1.0,1.0,1.0,0.5,0.5,0.26667,0.13333,0.33333,1.0,1.0,1.0,0.0,1.0,0.0,0.0,0.0,0.0,0.13333,0.06667,0.02867,0.06667,0.43333,0.0,0.0,0.66667,0.0,0.13778,0.0,0.95469,0.0,0.98095,0.98095,1.0,1.0,0.98095,0.0,0.59694,0.77525,0.28571,0.33013,0.24155,0.0,0.0,0.97372,1.0,0.57143,0.63333,1.0,1.0,0.5,0.5,0.5,1.0,1.0,0.5,0.5,0.5,0.0,0.0,1.0,1.0,1.0,0.5,0.5,0.36667,0.2,1.0,1.0,1.0,1.0,0.0,1.0,0.0,0.5,0.0,0.5,0.06667,0.5,0.02867,0.06667,0.43333,0.0,0.0,0.66667,1.0,0.13778,0.0,0.95469,0.0,0.98095,0.98095,1.0,1.0,0.98095,0.0,0.75236,1.0,0.28571,0.33013,0.24155,0.0,0.0,0.97372,1.0,0.57143,0.7,1.0,1.0,0.5,0.5,0.5,1.0,1.0,0.5,0.5,0.5,0.0,0.0,1.0,1.0,1.0,0.5,0.5,0.3,0.2,1.0,1.0,1.0,1.0,0.0,1.0,0.5,0.5,0.5,0.5,0.5,0.5,0.02867,0.06667,0.43333,0.0,0.0,0.66667,0.0,0.13778,0.0,0.95469,0.0,0.98095,0.98095,1.0,1.0,0.5,0.0,0.55683,0.77338,0.07143,0.56594,0.3947,0.0,0.0,0.95692,0.64286,0.5,0.5,1.0,1.0,0.5,0.5,0.5,1.0,1.0,0.5,0.5,0.5,0.0,0.0,1.0,1.0,1.0,0.5,0.5,0.5,0.13333,0.33333,1.0,1.0,1.0,0.0,0.5,0.0,0.0,0.0,0.0,0.26667,0.2,0.02867,0.06667,0.43333,0.0,0.0,0.66667,0.0,0.13778,0.0,0.95469,0.0,0.98095,0.98095,1.0,1.0,0.98095,0.0,0.01007,0.01598,0.21429,0.90699,0.82981,0.0,0.0,1.0,0.78571,0.71429,0.8,1.0,1.0,0.5,0.5,0.5,1.0,1.0,0.5,0.5,0.5,0.0,0.0,1.0,1.0,1.0,0.5,0.5,0.33333,0.13333,1.0,1.0,1.0,1.0,0.0,1.0,1.0,0.0,1.0,0.0,0.73333,0.66667,0.02867,0.06667,0.43333,0.0,0.0,0.66667,0.0,0.13778,0.0,0.95469,0.0,0.98095,0.98095,1.0,1.0,0.89524,0.0,0.55942,0.79917,0.07143,0.56594,0.3947,0.0,0.0,0.95692,0.64286,0.85714,0.0,1.0,1.0,0.5,0.5,0.5,1.0,1.0,0.5,0.5,0.5,0.0,0.0,1.0,1.0,1.0,0.5,0.5,1.0,0.06667,0.0,1.0,1.0,1.0,0.0,1.0
1.0,0.5,1.0,0.5,0.06667,0.5,0.0,0.06667,1.0,0.0,0.0,0.66667,1.0,0.07111,0.00444,0.99975,0.0,0.97143,1.0,1.0,1.0,0.97143,0.0,0.0001,1.0,0.0,0.0,0.0,0.0,0.0,0.92164,1.0,0.92857,0.0,1.0,1.0,0.5,0.5,0.5,1.0,1.0,0.5,0.5,0.5,0.0,0.0,1.0,1.0,1.0,0.5,0.5,1.0,0.06667,0.0,1.0,1.0,1.0,0.0,0.0,0.5,0.5,0.5,0.5,0.5,0.5,0.0,0.06667,1.0,0.0,0.0,0.66667,0.0,0.07111,0.00444,0.99668,0.0,0.97143,1.0,1.0,1.0,0.5,1.0,0.56525,0.8075,0.07143,0.0,0.0,0.0,0.0,0.94416,0.92857,0.5,0.0,1.0,1.0,0.5,0.5,0.5,1.0,1.0,0.5,0.5,0.5,0.0,0.0,1.0,1.0,1.0,0.5,0.5,1.0,0.06667,0.0,1.0,1.0,1.0,0.0,0.5,0.0,0.0,0.0,0.0,0.53333,0.36667,0.0,0.06667,1.0,0.0,0.0,0.66667,0.0,0.07111,0.00444,0.99454,0.0,0.97143,1.0,1.0,1.0,0.94286,1.0,0.72067,1.0,0.07143,0.0,0.0,0.0,0.0,0.707,0.92857,0.78571,0.0,1.0,1.0,0.5,0.5,0.5,1.0,1.0,0.5,0.5,0.5,0.0,0.0,1.0,1.0,1.0,0.5,0.5,1.0,0.06667,0.0,1.0,1.0,1.0,0.0,1.0,0.0,0.0,0.0,0.0,0.06667,0.06667,0.0,0.06667,1.0,0.0,0.0,0.66667,0.0,0.07111,0.00444,0.99929,0.0,0.97143,1.0,1.0,1.0,0.88571,1.0,0.55728,0.72374,0.07143,0.0,0.0,0.0,0.0,0.94416,0.92857,0.71429,0.06667,1.0,1.0,0.5,0.10501,0.5,1.0,1.0,0.5,0.5,0.5,0.0,0.0,1.0,1.0,1.0,0.5,0.5,1.0,0.06667,0.0,1.0,1.0,1.0,0.0,1.0,0.0,0.0,0.0,0.0,0.06667,0.06667,0.0,0.06667,1.0,0.0,0.0,0.66667,0.0,0.07111,0.00444,0.99668,0.0,0.97143,1.0,1.0,1.0,0.8381,1.0,0.83669,1.0,0.07143,0.0,0.0,0.0,0.0,0.707,0.92857,0.5,0.0,1.0,1.0,0.5,0.5,0.5,1.0,1.0,0.5,0.5,0.5,0.0,0.0,1.0,1.0,1.0,0.5,0.5,1.0,0.06667,0.0,1.0,1.0,1.0,0.0,1.0,0.0,0.0,0.0,0.0,0.06667,0.06667,0.0,0.06667,1.0,0.0,0.0,0.66667,0.0,0.07111,0.00444,0.99436,0.0,0.97143,1.0,1.0,1.0,0.85714,1.0,0.55078,0.76497,0.21429,0.0,0.0,0.0,0.0,0.5,0.78571,0.71429,0.0,1.0,1.0,0.5,0.5,0.5,1.0,1.0,0.5,0.5,0.5,0.0,0.0,1.0,1.0,1.0,0.5,0.5,1.0,0.06667,0.0,1.0,1.0,1.0,0.0,1.0,1.0,0.0,1.0,0.0,0.06667,0.06667,0.0,0.06667,1.0,0.0,0.0,0.66667,0.0,0.07111,0.00444,0.99361,0.0,0.97143,1.0,1.0,1.0,0.9619,1.0,0.57554,0.91355,0.07143,0.0,0.0,0.0,0.0,0.94416,0.92857,1.0,0.0,1.0,1.0,0.5,0.5,0.5,1.0,1.0,0.5,0.5,0.5,0.0,0.0,1.0,1.0,1.0,0.5,0.5,1.0,0.06667,0.0,1.0,1.0,1.0,0.0,0.0,1.0,0.0,1.0,0.0,0.73333,0.66667,0.0,0.06667,1.0,0.0,0.0,0.66667,0.0,0.07111,0.00444,0.99668,0.0,0.97143,1.0,1.0,1.0,0.88571,1.0,0.56525,0.8075,0.07143,0.0,0.0,0.0,0.0,0.94416,0.92857,0.71429,0.0,1.0,1.0,0.5,0.5,0.5,1.0,1.0,0.5,0.5,0.5,0.0,0.0,1.0,1.0,1.0,0.5,0.5,1.0,0.06667,0.0,1.0,1.0,1.0,0.0,1.0
1.0,0.0,1.0,0.0,0.93333,0.2,0.04783,0.06667,0.26667,0.0,0.0,0.66667,0.0,0.29778,0.02667,0.92456,0.0,1.0,1.0,1.0,1.0,0.89524,0.0,0.0001,1.0,0.0,0.69368,0.54391,0.0,0.0,0.9835,0.92857,0.92857,1.0,0.86667,0.86858,0.57307,0.5,0.0,1.0,1.0,1.0,1.0,0.96511,0.21465,0.08488,0.0,1.0,1.0,1.0,1.0,1.0,0.0,0.0,1.0,0.0,1.0,0.0,1.0,0.5,0.5,0.5,0.5,0.5,0.5,0.04783,0.06667,0.26667,0.0,0.0,0.66667,0.0,0.29778,0.02667,0.93002,0.0,1.0,1.0,1.0,1.0,0.5,0.0,0.80059,1.0,0.07143,0.7155,0.54391,0.0,0.0,0.98114,1.0,0.5,1.0,0.86667,0.86858,0.57307,0.5,0.26743,1.0,1.0,0.5,0.5,0.5,0.13294,0.0,0.0,1.0,1.0,1.0,1.0,1.0,0.0,0.0,1.0,0.0,1.0,0.0,0.5,1.0,1.0,1.0,1.0,0.4,0.93333,0.04783,0.06667,0.26667,0.0,0.0,0.66667,0.0,0.29778,0.02667,0.95628,0.0,1.0,1.0,0.84762,0.84762,0.93333,0.0,0.55529,1.0,0.07143,0.95701,0.91756,0.0,0.0,1.0,0.57143,0.42857,0.0,0.86667,0.86858,0.57307,0.5,0.26743,1.0,1.0,0.57424,0.51707,1.0,0.0,0.0,1.0,1.0,1.0,1.0,1.0,1.0,0.06667,0.0,1.0,0.0,1.0,0.0,1.0,0.5,0.5,0.5,0.5,0.5,0.5,0.04783,0.06667,0.26667,0.0,0.0,0.66667,0.0,0.29778,0.02667,0.92529,0.0,1.0,1.0,1.0,1.0,0.5,0.0,0.76283,0.99069,0.07143,0.70144,0.54391,0.0,0.0,0.97599,0.85714,0.5,0.0,0.86667,0.86858,0.57307,0.5,0.42025,1.0,1.0,0.5,0.5,0.5,0.0,0.0,1.0,1.0,1.0,1.0,1.0,1.0,0.06667,0.0,1.0,0.0,1.0,0.0,0.5,0.0,0.0,0.0,0.0,0.2,0.06667,0.04783,0.06667,0.26667,0.0,0.0,0.66667,0.0,0.29778,0.02667,0.93002,0.0,1.0,1.0,1.0,1.0,1.0,1.0,0.98507,1.0,0.07143,0.70567,0.54391,0.0,0.0,0.97727,0.85714,0.85714,0.0,0.86667,0.86858,0.57307,0.42794,0.26743,1.0,1.0,0.5,0.5,0.5,0.0,0.0,1.0,1.0,1.0,1.0,1.0,1.0,0.06667,0.0,1.0,0.0,1.0,0.0,1.0,0.5,0.5,0.5,0.5,0.5,0.5,0.04783,0.06667,0.26667,0.0,0.0,0.66667,0.0,0.29778,0.02667,0.95449,0.0,1.0,1.0,0.84762,0.84762,0.5,0.0,0.54081,0.75112,0.07143,0.95701,0.91756,0.0,0.0,1.0,0.57143,0.5,0.43333,0.86667,0.86858,0.57307,0.5,0.28653,1.0,1.0,0.5,0.5,0.5,0.0,0.0,1.0,1.0,1.0,1.0,1.0,0.56667,0.13333,1.0,1.0,1.0,1.0,0.0,0.5,0.5,0.5,0.5,0.5,0.5,0.5,0.04783,0.06667,0.26667,0.0,0.0,0.66667,0.0,0.29778,0.02667,0.98768,0.0,1.0,1.0,1.0,0.80952,0.5,0.0,0.02517,0.03995,0.21429,0.95701,0.91756,0.0,0.0,1.0,0.57143,0.5,0.3,0.86667,0.86858,0.57307,0.5,0.19102,1.0,1.0,0.5,0.5,0.5,0.0,0.0,1.0,1.0,1.0,1.0,1.0,0.7,0.13333,1.0,1.0,1.0,1.0,0.0,0.5,0.0,0.5,0.0,0.5,0.06667,0.5,0.04783,0.06667,0.26667,0.0,0.0,0.66667,1.0,0.29778,0.02667,0.93002,0.0,1.0,1.0,1.0,1.0,1.0,0.0,0.80059,1.0,0.07143,0.7155,0.54391,0.0,0.0,0.98114,1.0,1.0,1.0,0.86667,0.86858,0.57307,0.57307,0.57307,1.0,1.0,0.5,0.5,0.5,0.09131,0.0,0.0,1.0,1.0,1.0,1.0,1.0,0.0,0.0,1.0,0.0,1.0,0.0,1.0
1.0,0.5,1.0,0.5,0.13333,0.5,0.04523,0.13333,0.33333,0.0,0.0,0.66667,1.0,0.30222,0.03111,0.99906,0.0,0.93333,1.0,1.0,1.0,0.93333,1.0,0.55101,1.0,0.07143,0.64383,0.4895,0.0,0.0,0.98803,1.0,1.0,1.0,1.0,1.0,0.5,0.5,0.5,1.0,1.0,0.77792,1.0,0.96511,0.14939,0.0,0.0,1.0,1.0,0.77792,1.0,1.0,0.0,0.0,1.0,0.0,1.0,0.0,1.0,0.5,0.5,0.5,0.5,0.5,0.5,0.04523,0.13333,0.33333,0.0,0.0,0.66667,0.0,0.30222,0.03111,0.98588,0.0,0.93333,1.0,1.0,1.0,0.5,1.0,0.90729,1.0,0.07143,0.6491,0.4895,0.0,0.0,0.9362,0.85714,0.5,1.0,1.0,1.0,0.5,0.5,0.5,1.0,1.0,0.5,0.5,0.5,0.14939,0.0,0.0,1.0,1.0,0.77792,1.0,1.0,0.0,0.0,1.0,0.0,1.0,0.0,0.5,1.0,1.0,1.0,1.0,0.4,0.93333,0.04523,0.13333,0.33333,0.0,0.0,0.66667,0.0,0.30222,0.03111,0.96063,0.0,0.93333,1.0,1.0,1.0,0.82857,1.0,0.98702,1.0,0.0,0.66218,0.4895,0.0,0.0,0.9502,0.92857,0.85714,0.63333,1.0,1.0,0.5,0.5,0.5,1.0,1.0,0.57424,0.51707,1.0,0.41834,0.0,0.66667,1.0,1.0,0.77792,1.0,0.7,0.26667,0.42857,1.0,1.0,1.0,0.0,1.0,0.5,0.5,0.5,0.5,0.5,0.5,0.04523,0.13333,0.33333,0.0,0.0,0.66667,0.0,0.30222,0.03111,0.99728,0.0,0.93333,1.0,1.0,1.0,0.5,1.0,0.83495,1.0,0.07143,0.65514,0.4895,0.0,0.0,0.95255,0.85714,0.5,0.63333,1.0,1.0,0.5,0.5,0.5,1.0,1.0,0.5,0.5,0.5,0.0,0.0,1.0,1.0,1.0,0.77792,1.0,0.36667,0.33333,0.5,1.0,1.0,1.0,0.0,0.5,0.0,0.0,0.0,0.0,0.2,0.06667,0.04523,0.13333,0.33333,0.0,0.0,0.66667,0.0,0.30222,0.03111,0.98588,0.0,0.93333,1.0,1.0,1.0,0.93333,0.0,0.94279,1.0,0.14286,0.63403,0.4895,0.0,0.0,0.99166,0.92857,0.85714,0.63333,1.0,1.0,0.5,0.42794,0.5,1.0,1.0,0.5,0.5,0.5,0.0,0.0,1.0,1.0,1.0,0.77792,1.0,0.36667,0.26667,0.6,1.0,1.0,1.0,0.0,1.0,0.0,0.0,0.0,0.0,0.06667,0.13333,0.04523,0.13333,0.33333,0.0,0.0,0.66667,0.0,0.30222,0.03111,0.95386,0.0,0.93333,1.0,1.0,1.0,0.78095,1.0,0.85795,1.0,0.07143,0.67426,0.4895,0.0,0.0,0.85703,0.85714,0.5,0.5,1.0,1.0,0.5,0.5,0.5,1.0,1.0,0.5,0.5,0.5,0.0,0.0,1.0,1.0,1.0,0.77792,1.0,0.5,0.33333,0.5,0.75,1.0,1.0,0.0,1.0,0.5,0.5,0.5,0.5,0.5,0.5,0.04523,0.13333,0.33333,0.0,0.0,0.66667,0.0,0.30222,0.03111,0.88459,0.0,0.84762,1.0,1.0,0.79048,0.5,0.0,0.56525,0.89722,0.07143,0.86319,0.78953,0.0,0.0,1.0,0.42857,0.5,0.43333,1.0,1.0,0.5,0.5,0.5,1.0,1.0,0.5,0.5,0.5,0.02566,0.0,0.6,1.0,1.0,0.77792,1.0,0.96667,0.13333,0.5,0.0,1.0,1.0,0.0,0.5,0.0,0.0,0.0,0.0,0.06667,0.06667,0.04523,0.13333,0.33333,0.0,0.0,0.66667,0.0,0.30222,0.03111,0.98588,0.0,0.93333,1.0,1.0,1.0,0.93333,1.0,0.90729,1.0,0.07143,0.6491,0.4895,0.0,0.0,0.9362,0.85714,0.92857,1.0,1.0,1.0,0.5,0.57307,0.5,1.0,1.0,0.5,0.5,0.5,0.18655,0.0,0.0,1.0,1.0,0.77792,1.0,1.0,0.0,0.0,1.0,0.0,1.0,0.0,1.0
1.0,1.0,1.0,1.0,0.13333,0.2,0.04852,0.2,0.36667,0.0,0.0,0.66667,0.0,0.30667,0.03111,0.99936,0.0,1.0,1.0,1.0,1.0,0.93333,0.0,0.54658,1.0,0.07143,0.6548,0.51182,0.0,0.0,0.97834,0.85714,1.0,1.0,1.0,1.0,0.5,0.5,0.5,1.0,1.0,0.77792,1.0,1.0,0.22963,0.05797,0.0,1.0,1.0,0.77792,1.0,1.0,0.0,0.0,1.0,0.0,1.0,0.5,1.0,0.5,0.5,0.5,0.5,0.5,0.5,0.04852,0.2,0.36667,0.0,0.0,0.66667,0.0,0.30667,0.03111,0.99038,0.0,1.0,1.0,1.0,1.0,0.5,1.0,0.93673,1.0,0.07143,0.67059,0.51182,0.0,0.0,0.93246,0.85714,0.5,1.0,1.0,1.0,0.5,0.5,0.5,1.0,1.0,0.5,0.5,0.5,0.22963,0.05797,0.0,1.0,1.0,0.77792,1.0,1.0,0.0,0.0,1.0,0.0,1.0,0.5,0.5,1.0,1.0,1.0,1.0,0.4,0.93333,0.04852,0.2,0.36667,0.0,0.0,0.66667,0.0,0.30667,0.03111,0.97341,0.0,1.0,1.0,1.0,1.0,0.82857,0.0,0.92539,1.0,0.0,0.67992,0.51182,0.0,0.0,0.94784,0.92857,0.85714,0.8,1.0,1.0,0.5,0.5,0.5,1.0,1.0,0.57424,0.51707,1.0,0.11875,0.7062,0.2,1.0,1.0,0.77792,1.0,1.0,0.06667,0.0,1.0,0.0,1.0,0.57143,1.0,0.5,0.5,0.5,0.5,0.5,0.5,0.04852,0.2,0.36667,0.0,0.0,0.66667,0.0,0.30667,0.03111,0.99815,0.0,1.0,1.0,1.0,1.0,0.5,1.0,0.8545,1.0,0.07143,0.68093,0.51182,0.0,0.0,0.95155,0.85714,0.5,0.63333,1.0,1.0,0.5,0.5,0.5,1.0,1.0,0.5,0.5,0.5,0.0,0.0,1.0,1.0,1.0,0.77792,1.0,0.36667,0.4,0.625,1.0,1.0,1.0,0.5,0.5,0.0,0.0,0.0,0.0,0.2,0.06667,0.04852,0.2,0.36667,0.0,0.0,0.66667,0.0,0.30667,0.03111,0.99038,0.0,1.0,1.0,1.0,1.0,0.93333,0.0,0.74955,1.0,0.28571,0.71199,0.51182,0.0,0.0,0.98897,0.64286,0.71429,0.7,1.0,1.0,0.5,0.42794,0.5,1.0,1.0,0.5,0.5,0.5,0.0,0.0,1.0,1.0,1.0,0.77792,1.0,0.3,0.2,0.66667,1.0,1.0,1.0,0.66667,1.0,1.0,0.5,1.0,0.5,0.2,0.5,0.04852,0.2,0.36667,0.0,0.0,0.66667,1.0,0.30667,0.03111,0.96889,0.0,1.0,1.0,1.0,1.0,1.0,1.0,0.88265,1.0,0.07143,0.69788,0.51182,0.0,0.0,0.85442,1.0,1.0,0.5,1.0,1.0,0.5,0.5,0.5,1.0,1.0,0.5,0.5,0.5,0.0,0.0,1.0,1.0,1.0,0.77792,1.0,0.5,0.33333,0.5,1.0,1.0,1.0,0.5,1.0,0.5,0.5,0.5,0.5,0.5,0.5,0.04852,0.2,0.36667,0.0,0.0,0.66667,0.0,0.30667,0.03111,0.91068,0.0,1.0,1.0,1.0,0.79048,0.5,0.0,0.56326,0.89406,0.07143,0.93578,0.88489,0.0,0.0,1.0,0.57143,0.5,0.6,1.0,1.0,0.5,0.5,0.5,1.0,1.0,0.5,0.5,0.5,0.06398,0.0,0.6,1.0,1.0,0.77792,1.0,0.8,0.2,1.0,1.0,1.0,1.0,0.5,0.5,0.0,0.0,0.0,0.0,0.06667,0.06667,0.04852,0.2,0.36667,0.0,0.0,0.66667,0.0,0.30667,0.03111,0.99038,0.0,1.0,1.0,1.0,1.0,0.93333,1.0,0.93673,1.0,0.07143,0.67059,0.51182,0.0,0.0,0.93246,0.85714,0.92857,1.0,1.0,1.0,0.5,0.57307,0.5,1.0,1.0,0.5,0.5,0.5,0.22963,0.05797,0.0,1.0,1.0,0.77792,1.0,1.0,0.0,0.0,1.0,0.0,1.0,0.5,1.0
1.0,0.5,1.0,0.5,0.4,0.5,0.0544,0.4,0.43333,0.0,0.0,0.66667,1.0,0.30667,0.03556,0.99943,0.0,0.93333,1.0,0.73333,1.0,0.93333,0.0,0.0001,1.0,0.0,0.68746,0.52102,0.0,0.0,0.96672,1.0,1.0,1.0,1.0,1.0,0.5,0.5,0.5,1.0,1.0,1.0,1.0,1.0,0.34735,0.07518,0.0,1.0,1.0,1.0,1.0,1.0,0.0,0.0,1.0,0.0,1.0,0.0,1.0,0.5,0.5,0.5,0.5,0.5,0.5,0.0544,0.4,0.43333,0.0,0.0,0.66667,0.0,0.30667,0.03556,0.99147,0.0,0.93333,1.0,0.73333,1.0,0.5,0.0,0.8726,1.0,0.07143,0.72482,0.52102,0.14286,0.0,0.94657,0.92857,0.5,0.8,1.0,1.0,0.5,0.5,0.5,1.0,1.0,0.5,0.5,0.5,0.0,0.07518,1.0,1.0,1.0,1.0,1.0,0.2,0.53333,1.0,0.85714,0.71429,1.0,0.0,0.5,1.0,1.0,1.0,1.0,0.4,0.93333,0.0544,0.4,0.43333,0.0,0.0,0.66667,0.0,0.30667,0.03556,0.99368,0.0,1.0,1.0,0.70476,0.93333,0.82857,1.0,0.96792,1.0,0.07143,0.71646,0.52102,0.16667,0.0,0.97558,0.85714,0.78571,0.8,1.0,1.0,0.5,0.5,0.5,1.0,1.0,0.57424,0.51707,1.0,0.12514,0.00841,0.6,1.0,1.0,1.0,1.0,0.6,0.2,0.33333,1.0,1.0,1.0,0.0,1.0,0.5,0.5,0.5,0.5,0.5,0.5,0.0544,0.4,0.43333,0.0,0.0,0.66667,0.0,0.30667,0.03556,0.99835,0.0,0.93333,1.0,0.73333,1.0,0.5,0.0,0.81068,1.0,0.07143,0.72482,0.52102,0.14286,0.0,0.94657,0.92857,0.5,0.63333,1.0,1.0,0.5,0.5,0.5,1.0,1.0,0.5,0.5,0.5,0.0,0.0,1.0,1.0,1.0,1.0,1.0,0.36667,0.33333,0.57143,0.75,0.75,1.0,0.0,0.5,0.0,0.0,0.0,0.0,0.2,0.06667,0.0544,0.4,0.43333,0.0,0.0,0.66667,0.0,0.30667,0.03556,0.99147,0.0,0.93333,1.0,0.73333,1.0,1.0,1.0,0.85861,1.0,0.07143,0.69444,0.52102,0.0,0.0,0.9615,0.92857,1.0,0.7,1.0,1.0,0.5,0.42794,0.5,1.0,1.0,0.5,0.5,0.5,0.0,0.0,1.0,1.0,1.0,1.0,1.0,0.3,0.26667,0.6,0.66667,0.66667,1.0,0.0,1.0,1.0,1.0,1.0,1.0,0.26667,0.4,0.0544,0.4,0.43333,0.0,0.0,0.66667,0.0,0.30667,0.03556,0.9913,0.0,0.92381,1.0,0.8381,0.8381,0.79048,0.0,0.54937,0.76302,0.07143,1.0,1.0,1.0,0.0,1.0,0.42857,0.57143,0.5,1.0,1.0,0.5,0.5,0.5,1.0,1.0,0.5,0.5,0.5,0.0,0.0,1.0,1.0,1.0,1.0,1.0,0.5,0.2,1.0,1.0,1.0,1.0,0.0,1.0,0.5,0.5,0.5,0.5,0.5,0.5,0.0544,0.4,0.43333,0.0,0.0,0.66667,0.0,0.30667,0.03556,0.99362,0.0,1.0,0.8381,1.0,0.8381,0.5,0.0,0.55882,0.88702,0.07143,1.0,1.0,1.0,0.0,1.0,0.42857,0.5,0.8,1.0,1.0,0.5,0.5,0.5,1.0,1.0,0.5,0.5,0.5,0.0,0.00151,1.0,1.0,1.0,1.0,1.0,0.2,0.2,1.0,1.0,1.0,1.0,0.0,0.5,0.0,0.0,0.0,0.0,0.06667,0.06667,0.0544,0.4,0.43333,0.0,0.0,0.66667,0.0,0.30667,0.03556,0.99147,0.0,0.93333,1.0,0.73333,1.0,1.0,0.0,0.8726,1.0,0.07143,0.72482,0.52102,0.14286,0.0,0.94657,0.92857,1.0,0.0,1.0,1.0,0.5,0.57307,0.5,1.0,1.0,0.5,0.5,0.5,0.0,0.07518,1.0,1.0,1.0,1.0,1.0,1.0,0.06667,0.0,1.0,0.0,1.0,0.0,1.0
0.0,0.5,0.0,0.5,0.13333,0.5,0.04668,0.13333,0.5,0.0,0.0,0.66667,1.0,0.29778,0.02667,0.9994,0.0,1.0,1.0,0.73333,1.0,1.0,0.0,0.0001,1.0,0.0,0.58908,0.45737,0.0,0.0,0.973,1.0,1.0,1.0,0.93333,0.95173,0.0,0.0,0.0,1.0,1.0,1.0,1.0,1.0,0.18015,0.10694,0.0,1.0,1.0,1.0,1.0,1.0,0.0,0.0,1.0,0.0,1.0,0.0,1.0,0.5,0.5,0.5,0.5,0.5,0.5,0.04668,0.13333,0.5,0.0,0.0,0.66667,0.0,0.29778,0.02667,0.99112,0.0,1.0,1.0,0.73333,1.0,0.5,1.0,0.92523,1.0,0.07143,0.58205,0.45737,0.0,0.0,0.90169,0.92857,0.5,1.0,0.93333,0.95173,0.0,0.5,0.53997,1.0,1.0,0.5,0.5,0.5,0.1301,0.0,0.0,1.0,1.0,1.0,1.0,1.0,0.0,0.0,1.0,0.0,1.0,0.0,0.5,1.0,1.0,1.0,1.0,0.4,0.93333,0.04668,0.13333,0.5,0.0,0.0,0.66667,0.0,0.29778,0.02667,0.98187,0.0,0.79048,1.0,0.79048,0.93333,0.82857,1.0,0.99188,1.0,0.07143,0.58908,0.45737,0.0,0.0,0.973,1.0,0.92857,0.26667,0.93333,0.95173,0.0,0.5,0.53997,1.0,1.0,0.57424,0.51707,1.0,0.30718,0.0,0.76667,1.0,1.0,1.0,1.0,0.96667,0.13333,0.16667,1.0,0.0,1.0,0.0,1.0,0.5,0.5,0.5,0.5,0.5,0.5,0.04668,0.13333,0.5,0.0,0.0,0.66667,0.0,0.29778,0.02667,0.99827,0.0,1.0,1.0,0.73333,1.0,0.5,1.0,0.85656,1.0,0.07143,0.58205,0.45737,0.0,0.0,0.90169,0.92857,0.5,0.1,0.93333,0.95173,0.0,0.5,0.80995,1.0,1.0,0.5,0.5,0.5,0.0,0.0,1.0,1.0,1.0,1.0,1.0,0.9,0.2,0.28571,1.0,0.5,1.0,0.0,0.5,0.0,0.0,0.0,0.0,0.2,0.06667,0.04668,0.13333,0.5,0.0,0.0,0.66667,0.0,0.29778,0.02667,0.99112,0.0,1.0,1.0,0.73333,1.0,1.0,1.0,0.86685,1.0,0.07143,0.601,0.45737,0.0,0.0,0.97113,0.92857,1.0,0.26667,0.93333,0.95173,0.0,0.42794,0.53997,1.0,1.0,0.5,0.5,0.5,0.0,0.0,1.0,1.0,1.0,1.0,1.0,0.73333,0.26667,0.6,1.0,0.66667,1.0,0.0,1.0,0.0,0.0,0.0,0.0,0.4,0.13333,0.04668,0.13333,0.5,0.0,0.0,0.66667,0.0,0.29778,0.02667,0.99463,0.0,0.79048,0.79048,0.79048,0.93333,0.79048,1.0,0.91326,1.0,0.07143,0.64429,0.45737,0.0,0.0,0.84143,0.85714,0.42857,0.5,0.93333,0.95173,0.0,0.72184,0.67496,1.0,1.0,0.5,0.5,0.5,0.0,0.0,1.0,1.0,1.0,1.0,1.0,0.5,0.33333,0.5,0.75,0.75,1.0,0.0,1.0,0.5,0.5,0.5,0.5,0.5,0.5,0.04668,0.13333,0.5,0.0,0.0,0.66667,0.0,0.29778,0.02667,0.97866,0.0,0.8381,1.0,1.0,0.8381,0.5,0.0,0.00549,0.00871,0.07143,1.0,1.0,1.0,0.0,1.0,0.57143,0.5,0.46667,0.93333,0.95173,0.0,0.5,0.26998,1.0,1.0,0.5,0.5,0.5,0.01911,0.0,0.6,1.0,1.0,1.0,1.0,1.0,0.06667,1.0,1.0,0.0,1.0,0.0,0.5,0.0,0.0,0.0,0.0,0.06667,0.06667,0.04668,0.13333,0.5,0.0,0.0,0.66667,0.0,0.29778,0.02667,0.99112,0.0,1.0,1.0,0.73333,1.0,1.0,1.0,0.92523,1.0,0.07143,0.58205,0.45737,0.0,0.0,0.90169,0.92857,0.85714,1.0,0.93333,0.95173,0.0,0.57307,1.0,1.0,1.0,0.5,0.5,0.5,0.1301,0.0,0.0,1.0,1.0,1.0,1.0,1.0,0.0,0.0,1.0,0.0,1.0,0.0,1.0
0.0,0.0,0.0,0.0,0.13333,0.13333,0.03689,0.13333,0.53333,0.0,0.0,0.66667,0.0,0.28,0.04,0.0,0.99979,0.93333,1.0,0.70476,0.79048,0.93333,0.0,0.0001,1.0,0.0,0.4674,0.28153,0.0,0.0,0.92918,0.5,0.92857,1.0,0.93333,0.97797,1.0,0.0,0.0,1.0,1.0,1.0,1.0,0.73907,0.20355,0.08796,0.0,1.0,1.0,1.0,1.0,1.0,0.0,0.0,1.0,0.0,1.0,0.57143,1.0,0.5,0.5,0.5,0.5,0.5,0.5,0.03689,0.13333,0.53333,0.0,0.0,0.66667,0.0,0.28,0.04,0.0,0.99693,0.93333,1.0,0.70476,0.79048,0.5,1.0,0.97032,1.0,0.07143,0.48956,0.28153,0.0,0.0,0.83688,0.42857,0.5,1.0,0.93333,0.97797,1.0,0.5,0.0,1.0,1.0,0.5,0.5,0.5,0.20355,0.08796,0.0,1.0,1.0,1.0,1.0,1.0,0.0,0.0,1.0,0.0,1.0,0.5,0.5,1.0,1.0,1.0,1.0,0.4,0.93333,0.03689,0.13333,0.53333,0.0,0.0,0.66667,0.0,0.28,0.04,0.0,0.99578,0.79048,1.0,0.8381,1.0,0.92381,0.0,0.56139,1.0,0.07143,0.83356,0.75136,0.0,0.0,0.61853,0.85714,0.35714,0.5,0.93333,0.97797,1.0,0.5,1.0,1.0,1.0,0.57424,0.51707,1.0,0.08074,0.63678,0.5,1.0,1.0,1.0,1.0,1.0,0.06667,0.0,1.0,0.0,1.0,0.5,1.0,0.5,0.5,0.5,0.5,0.5,0.5,0.03689,0.13333,0.53333,0.0,0.0,0.66667,0.0,0.28,0.04,0.0,0.9994,0.93333,1.0,0.70476,0.79048,0.5,0.0,0.57186,0.74267,0.07143,0.44346,0.28153,0.0,0.0,0.96971,0.42857,0.5,0.63333,0.93333,0.97797,1.0,0.5,1.0,1.0,1.0,0.5,0.5,0.5,0.0,0.0,1.0,1.0,1.0,1.0,1.0,0.36667,0.26667,0.5,1.0,0.66667,1.0,0.5,0.5,0.0,0.0,0.0,0.0,0.2,0.06667,0.03689,0.13333,0.53333,0.0,0.0,0.66667,0.0,0.28,0.04,0.0,0.99693,0.93333,1.0,0.70476,0.79048,0.93333,0.0,0.67609,1.0,0.07143,0.44346,0.28153,0.0,0.0,0.96971,0.42857,0.92857,0.5,0.93333,0.97797,1.0,0.42794,1.0,1.0,1.0,0.5,0.5,0.5,0.0,0.0,1.0,1.0,1.0,1.0,1.0,0.5,0.26667,0.5,1.0,0.66667,1.0,0.5,1.0,0.0,0.5,0.0,0.5,0.13333,0.5,0.03689,0.13333,0.53333,0.0,0.0,0.66667,1.0,0.28,0.04,0.99349,0.0,0.79048,1.0,0.8381,1.0,0.79048,0.0,0.5427,0.75375,0.07143,0.84002,0.75136,0.0,0.0,0.61185,1.0,0.42857,0.5,0.93333,0.97797,1.0,1.0,1.0,1.0,1.0,0.5,0.5,0.5,0.0,0.0,1.0,1.0,1.0,1.0,1.0,0.5,0.2,1.0,0.0,0.5,1.0,0.5,1.0,0.5,0.5,0.5,0.5,0.5,0.5,0.03689,0.13333,0.53333,0.0,0.0,0.66667,0.0,0.28,0.04,0.0,0.98084,1.0,0.8381,1.0,1.0,0.5,0.0,0.00343,0.00544,0.07143,1.0,1.0,1.0,0.0,1.0,0.85714,0.5,0.4,0.93333,0.97797,1.0,0.5,1.0,1.0,1.0,0.5,0.5,0.5,0.0336,0.0,0.6,1.0,1.0,1.0,1.0,1.0,0.06667,1.0,1.0,0.0,1.0,1.0,0.5,0.0,0.0,0.0,0.0,0.06667,0.06667,0.03689,0.13333,0.53333,0.0,0.0,0.66667,0.0,0.28,0.04,0.0,0.99693,0.93333,1.0,0.70476,0.79048,0.93333,1.0,0.97032,1.0,0.07143,0.48956,0.28153,0.0,0.0,0.83688,0.42857,0.92857,1.0,0.93333,0.97797,1.0,0.57307,0.0,1.0,1.0,0.5,0.5,0.5,0.20355,0.08796,0.0,1.0,1.0,1.0,1.0,1.0,0.0,0.0,1.0,0.0,1.0,0.5,1.0
0.0,0.0,0.0,0.0,0.13333,0.13333,0.03307,0.13333,0.56667,0.0,0.0,0.66667,0.0,0.27111,0.04,0.0,0.99958,1.0,1.0,0.70476,0.79048,0.93333,0.0,0.0001,1.0,0.0,0.40685,0.25781,0.0,0.0,0.92466,0.64286,0.92857,1.0,0.93333,0.97996,1.0,0.0,0.0,1.0,1.0,1.0,1.0,0.73907,0.18605,0.0752,0.0,1.0,1.0,1.0,1.0,1.0,0.0,0.0,1.0,0.0,1.0,0.14286,1.0,0.5,0.5,0.5,0.5,0.5,0.5,0.03307,0.13333,0.56667,0.0,0.0,0.66667,0.0,0.27111,0.04,0.0,0.99372,1.0,1.0,0.70476,0.79048,0.5,1.0,0.99285,1.0,0.07143,0.42838,0.25781,0.0,0.0,0.83277,0.57143,0.5,1.0,0.93333,0.97996,1.0,0.5,0.0,1.0,1.0,0.5,0.5,0.5,0.18605,0.0752,0.0,1.0,1.0,1.0,1.0,1.0,0.0,0.0,1.0,0.0,1.0,0.125,0.5,1.0,1.0,1.0,1.0,0.4,0.93333,0.03307,0.13333,0.56667,0.0,0.0,0.66667,0.0,0.27111,0.04,0.0,0.99481,1.0,1.0,0.8381,1.0,0.92381,0.0,0.5582,1.0,0.07143,0.77399,0.65359,0.0,0.0,0.60403,0.85714,0.35714,0.7,0.93333,0.97996,1.0,0.5,1.0,1.0,1.0,0.57424,0.51707,1.0,0.11721,0.0102,0.3,1.0,1.0,1.0,1.0,1.0,0.06667,0.0,1.0,0.0,1.0,0.5,1.0,0.5,0.5,0.5,0.5,0.5,0.5,0.03307,0.13333,0.56667,0.0,0.0,0.66667,0.0,0.27111,0.04,0.0,0.99878,1.0,1.0,0.70476,0.79048,0.5,1.0,0.60657,0.78775,0.07143,0.38603,0.25781,0.0,0.0,0.96904,0.57143,0.5,0.63333,0.93333,0.97996,1.0,0.5,1.0,1.0,1.0,0.5,0.5,0.5,0.0,0.0,1.0,1.0,1.0,1.0,1.0,0.36667,0.26667,0.5,1.0,0.66667,1.0,0.0,0.5,0.0,0.0,0.0,0.0,0.2,0.06667,0.03307,0.13333,0.56667,0.0,0.0,0.66667,0.0,0.27111,0.04,0.0,0.99372,1.0,1.0,0.70476,0.79048,0.93333,0.0,0.65696,1.0,0.07143,0.38603,0.25781,0.0,0.0,0.96904,0.57143,0.92857,0.7,0.93333,0.97996,1.0,0.42794,1.0,1.0,1.0,0.5,0.5,0.5,0.0,0.0,1.0,1.0,1.0,1.0,1.0,0.3,0.26667,0.5,1.0,0.66667,1.0,0.0,1.0,0.0,0.5,0.0,0.5,0.13333,0.5,0.03307,0.13333,0.56667,0.0,0.0,0.66667,1.0,0.27111,0.04,0.9992,0.0,1.0,1.0,0.8381,1.0,1.0,1.0,0.56856,0.78967,0.07143,0.60716,0.41476,0.0,0.0,0.89255,1.0,0.85714,0.5,0.93333,0.97996,1.0,1.0,1.0,1.0,1.0,0.5,0.5,0.5,0.0,0.0,1.0,1.0,1.0,1.0,1.0,0.5,0.2,1.0,0.5,0.0,1.0,0.5,1.0,0.5,0.5,0.5,0.5,0.5,0.5,0.03307,0.13333,0.56667,0.0,0.0,0.66667,0.0,0.27111,0.04,0.98639,0.0,0.92381,0.92381,0.98095,0.92381,0.5,1.0,0.03206,0.05089,0.07143,0.58634,0.41476,0.0,0.0,1.0,0.92857,0.5,0.43333,0.93333,0.97996,1.0,0.5,1.0,1.0,1.0,0.5,0.5,0.5,0.04441,0.0,0.6,1.0,1.0,1.0,1.0,0.96667,0.13333,1.0,1.0,0.0,1.0,0.0,0.5,0.0,0.0,0.0,0.0,0.06667,0.06667,0.03307,0.13333,0.56667,0.0,0.0,0.66667,0.0,0.27111,0.04,0.0,0.99372,1.0,1.0,0.70476,0.79048,0.93333,1.0,0.99285,1.0,0.07143,0.42838,0.25781,0.0,0.0,0.83277,0.57143,0.92857,1.0,0.93333,0.97996,1.0,0.57307,0.0,1.0,1.0,0.5,0.5,0.5,0.18605,0.0752,0.0,1.0,1.0,1.0,1.0,1.0,0.0,0.0,1.0,0.0,1.0,0.125,1.0
0.0,0.5,0.0,0.5,0.13333,0.5,0.0287,0.13333,0.66667,0.0,0.0,0.66667,1.0,0.20889,0.05333,0.0,0.99639,0.88571,1.0,0.78095,1.0,0.88571,0.0,0.0001,1.0,0.0,0.34226,0.20527,0.0,0.0,0.91703,1.0,0.92857,1.0,0.86667,0.8705,0.0,0.0,0.0,1.0,1.0,0.85192,1.0,0.73907,0.14199,0.49768,0.0,1.0,1.0,0.85192,1.0,1.0,0.0,0.0,1.0,0.0,1.0,0.0,1.0,0.5,0.5,0.5,0.5,0.5,0.5,0.0287,0.13333,0.66667,0.0,0.0,0.66667,0.0,0.20889,0.05333,0.0,0.94573,0.81905,0.93333,0.79048,0.93333,0.5,0.0,0.92198,1.0,0.07143,0.31473,0.20527,0.0,0.0,0.96535,0.85714,0.5,1.0,0.86667,0.8705,0.0,0.5,0.16045,0.85714,1.0,0.5,0.5,0.5,0.06997,0.0,0.0,1.0,1.0,0.85192,1.0,1.0,0.0,0.0,1.0,0.0,1.0,0.0,0.5,1.0,1.0,1.0,1.0,0.4,0.93333,0.0287,0.13333,0.66667,0.0,0.0,0.66667,0.0,0.20889,0.05333,0.0,0.9802,0.88571,1.0,0.86667,0.8,0.78095,0.0,0.9855,1.0,0.5,0.30613,0.20527,0.0,0.0,0.98964,0.78571,0.85714,0.13333,0.86667,0.8705,0.0,0.5,0.16045,0.83333,1.0,0.57424,0.51707,1.0,0.0,0.0004,1.0,1.0,1.0,0.85192,1.0,0.86667,0.26667,0.6,1.0,0.66667,1.0,0.0,1.0,0.5,0.5,0.5,0.5,0.5,0.5,0.0287,0.13333,0.66667,0.0,0.0,0.66667,0.0,0.20889,0.05333,0.0,0.98955,0.88571,1.0,0.78095,1.0,0.5,1.0,0.87375,1.0,0.07143,0.34805,0.20527,0.0,0.0,0.9107,0.92857,0.5,0.0,0.86667,0.8705,0.0,0.5,0.29417,1.0,1.0,0.5,0.5,0.5,0.0,0.0,1.0,1.0,1.0,0.85192,1.0,1.0,0.06667,0.0,1.0,0.0,1.0,0.0,0.5,0.0,0.0,0.0,0.0,0.2,0.06667,0.0287,0.13333,0.66667,0.0,0.0,0.66667,0.0,0.20889,0.05333,0.0,0.94573,0.81905,0.93333,0.79048,0.93333,0.88571,1.0,0.86842,1.0,0.07143,0.30943,0.20527,0.0,0.0,0.98516,0.85714,0.78571,0.13333,0.86667,0.8705,0.0,0.42794,0.24068,1.0,1.0,0.5,0.5,0.5,0.0,0.0,1.0,1.0,1.0,0.85192,1.0,0.86667,0.26667,0.75,1.0,0.66667,1.0,0.0,1.0,0.0,1.0,0.0,1.0,0.13333,0.2,0.0287,0.13333,0.66667,0.0,0.0,0.66667,0.0,0.20889,0.05333,0.0,0.98713,0.88571,1.0,0.87619,0.8,0.8381,0.0,0.86755,1.0,0.5,0.30613,0.20527,0.0,0.0,0.98964,0.78571,0.5,0.5,0.86667,0.8705,0.0,1.0,0.40114,0.83333,1.0,0.5,0.5,0.5,0.0,0.0,1.0,1.0,1.0,0.85192,1.0,0.5,0.26667,0.6,1.0,0.66667,1.0,0.0,1.0,0.5,0.5,0.5,0.5,0.5,0.5,0.0287,0.13333,0.66667,0.0,0.0,0.66667,0.0,0.20889,0.05333,0.99091,0.0,0.98095,1.0,0.9619,0.78095,0.5,0.0,0.00208,0.00329,0.07143,1.0,1.0,1.0,0.0,1.0,0.57143,0.5,0.4,0.86667,0.8705,0.0,0.5,0.26742,1.0,1.0,0.5,0.5,0.5,0.01442,0.0,0.6,1.0,1.0,0.85192,1.0,1.0,0.06667,1.0,1.0,0.0,1.0,0.0,0.5,0.0,0.0,0.0,0.0,0.06667,0.06667,0.0287,0.13333,0.66667,0.0,0.0,0.66667,0.0,0.20889,0.05333,0.0,0.94573,0.81905,0.93333,0.79048,0.93333,0.88571,0.0,0.92198,1.0,0.07143,0.31473,0.20527,0.0,0.0,0.96535,0.85714,0.92857,1.0,0.86667,0.8705,0.0,0.57307,0.80227,0.85714,1.0,0.5,0.5,0.5,0.06075,0.0,0.0,1.0,1.0,0.85192,1.0,1.0,0.0,0.0,1.0,0.0,1.0,0.0,1.0
1.0,0.5,1.0,0.5,0.2,0.5,0.03094,0.2,0.73333,0.0,0.0,0.66667,1.0,0.2,0.04444,0.0,0.99787,0.94286,1.0,0.72381,1.0,0.94286,0.0,0.0001,1.0,0.0,0.34748,0.20308,0.0,0.0,0.92611,1.0,1.0,1.0,1.0,1.0,0.5,0.0,0.5,1.0,1.0,1.0,1.0,0.73844,0.26299,0.08959,0.0,1.0,1.0,1.0,1.0,1.0,0.0,0.0,1.0,0.0,1.0,0.0,1.0,0.5,0.5,0.5,0.5,0.5,0.5,0.03094,0.2,0.73333,0.0,0.0,0.66667,0.0,0.2,0.04444,0.0,0.96948,0.99048,0.98095,0.79048,0.87619,0.5,1.0,0.97642,1.0,0.07143,0.31754,0.20308,0.0,0.0,0.96461,0.85714,0.5,1.0,1.0,1.0,0.5,0.5,0.5,1.0,1.0,0.5,0.5,0.5,0.26299,0.08959,0.0,1.0,1.0,1.0,1.0,1.0,0.0,0.0,1.0,0.0,1.0,0.0,0.5,1.0,1.0,1.0,1.0,0.4,0.93333,0.03094,0.2,0.73333,0.0,0.0,0.66667,0.0,0.2,0.04444,0.0,0.99122,1.0,1.0,0.88571,0.74286,0.78095,0.0,0.93026,1.0,0.5,0.30383,0.20308,0.0,0.0,0.99068,0.78571,0.85714,0.8,1.0,1.0,0.5,0.5,0.5,1.0,1.0,0.57424,0.51707,1.0,0.06551,0.0,0.2,1.0,1.0,1.0,1.0,1.0,0.06667,0.0,1.0,0.0,1.0,0.0,1.0,0.5,0.5,0.5,0.5,0.5,0.5,0.03094,0.2,0.73333,0.0,0.0,0.66667,0.0,0.2,0.04444,0.0,0.99378,0.94286,1.0,0.67619,1.0,0.5,1.0,0.90609,1.0,0.07143,0.35864,0.20308,0.0,0.0,0.91418,0.92857,0.5,0.63333,1.0,1.0,0.5,0.5,0.5,1.0,1.0,0.5,0.5,0.5,0.0,0.0,1.0,1.0,1.0,1.0,1.0,0.36667,0.26667,0.42857,1.0,0.66667,1.0,0.0,0.5,0.0,0.0,0.0,0.0,0.2,0.06667,0.03094,0.2,0.73333,0.0,0.0,0.66667,0.0,0.2,0.04444,0.0,0.96948,0.99048,0.98095,0.79048,0.87619,0.88571,0.0,0.78466,1.0,0.07143,0.30233,0.20308,0.0,0.0,0.98814,0.85714,0.78571,0.7,1.0,1.0,0.5,0.42794,0.5,1.0,1.0,0.5,0.5,0.5,0.0,0.0,1.0,1.0,1.0,1.0,1.0,0.3,0.26667,0.75,1.0,0.66667,1.0,0.0,1.0,0.0,1.0,0.0,1.0,0.13333,0.2,0.03094,0.2,0.73333,0.0,0.0,0.66667,0.0,0.2,0.04444,0.0,0.99399,1.0,1.0,0.88571,0.74286,1.0,1.0,0.90926,1.0,0.5,0.30383,0.20308,0.0,0.0,0.99068,0.78571,1.0,0.5,1.0,1.0,0.5,1.0,0.5,1.0,1.0,0.5,0.5,0.5,0.0,0.0,1.0,1.0,1.0,1.0,1.0,0.5,0.26667,0.6,1.0,0.66667,1.0,0.0,1.0,0.5,0.5,0.5,0.5,0.5,0.5,0.03094,0.2,0.73333,0.0,0.0,0.66667,0.0,0.2,0.04444,0.9954,0.0,1.0,1.0,0.90476,0.72381,0.5,1.0,0.98315,1.0,0.42857,0.30383,0.20308,0.0,0.0,0.99068,0.78571,0.5,0.6,1.0,1.0,0.5,0.5,0.5,1.0,1.0,0.5,0.5,0.5,0.0,0.0,1.0,1.0,1.0,1.0,1.0,0.4,0.33333,0.8,1.0,0.75,1.0,0.0,0.5,0.0,0.0,0.0,0.0,0.06667,0.06667,0.03094,0.2,0.73333,0.0,0.0,0.66667,0.0,0.2,0.04444,0.0,0.96948,0.99048,0.98095,0.79048,0.87619,0.88571,1.0,0.97642,1.0,0.07143,0.31754,0.20308,0.0,0.0,0.96461,0.85714,0.92857,1.0,1.0,1.0,0.5,0.57307,0.5,1.0,1.0,0.5,0.5,0.5,0.26299,0.08959,0.0,1.0,1.0,1.0,1.0,1.0,0.0,0.0,1.0,0.0,1.0,0.0,1.0
1.0,0.5,1.0,0.5,0.83333,0.5,0.0692,0.83333,0.06667,0.0,0.0,0.66667,1.0,0.17778,0.0,0.5,0.5,0.95238,0.82857,1.0,1.0,0.95238,1.0,0.0001,1.0,0.0,1.0,1.0,1.0,0.0,1.0,1.0,1.0,0.53333,1.0,1.0,0.5,0.5,0.5,1.0,1.0,0.5,0.5,0.5,0.5,0.5,1.0,1.0,1.0,0.5,0.5,1.0,0.06667,1.0,1.0,1.0,1.0,1.0,1.0,0.5,0.5,0.5,0.5,0.5,0.5,0.0692,0.83333,0.06667,0.0,0.0,0.66667,0.0,0.17778,0.0,0.5,0.5,0.95238,0.82857,1.0,1.0,0.5,1.0,0.55581,0.79402,0.07143,1.0,1.0,1.0,1.0,1.0,0.92857,0.5,0.8,1.0,1.0,0.5,0.5,0.5,1.0,1.0,0.5,0.5,0.5,0.5,0.5,1.0,1.0,1.0,0.5,0.5,0.2,0.13333,1.0,1.0,1.0,1.0,0.0,0.5,0.5,0.5,0.5,0.5,0.5,0.5,0.0692,0.83333,0.06667,0.0,0.0,0.66667,0.0,0.17778,0.0,0.5,0.5,0.95238,0.82857,1.0,1.0,0.5,1.0,0.64037,1.0,0.14286,1.0,1.0,1.0,1.0,0.8,0.85714,0.5,0.8,1.0,1.0,0.5,0.5,0.5,1.0,1.0,0.5,0.5,0.5,0.5,0.5,1.0,1.0,1.0,0.5,0.5,0.2,0.2,1.0,1.0,1.0,1.0,0.0,0.5,0.5,0.5,0.5,0.5,0.5,0.5,0.0692,0.83333,0.06667,0.0,0.0,0.66667,0.0,0.17778,0.0,0.5,0.5,0.95238,0.82857,1.0,1.0,0.5,1.0,0.54996,0.71423,0.07143,1.0,1.0,1.0,1.0,1.0,0.92857,0.5,0.63333,1.0,1.0,0.5,0.5,0.5,1.0,1.0,0.5,0.5,0.5,0.5,0.5,1.0,1.0,1.0,0.5,0.5,0.63333,0.13333,1.0,1.0,1.0,1.0,0.0,0.5,0.5,0.5,0.5,0.5,0.5,0.5,0.0692,0.83333,0.06667,0.0,0.0,0.66667,0.0,0.17778,0.0,0.5,0.5,0.95238,0.82857,1.0,1.0,0.5,1.0,0.70472,1.0,0.14286,1.0,1.0,1.0,1.0,0.8,0.85714,0.5,0.7,1.0,1.0,0.5,0.5,0.5,1.0,1.0,0.5,0.5,0.5,0.5,0.5,1.0,1.0,1.0,0.5,0.5,0.3,0.2,1.0,1.0,1.0,1.0,0.0,0.5,0.5,0.5,0.5,0.5,0.5,0.5,0.0692,0.83333,0.06667,0.0,0.0,0.66667,0.0,0.17778,0.0,0.5,0.5,0.95238,0.82857,1.0,1.0,0.5,1.0,0.60313,0.83768,0.14286,1.0,1.0,1.0,1.0,0.8,0.85714,0.5,0.5,1.0,1.0,0.5,0.5,0.5,1.0,1.0,0.5,0.5,0.5,0.5,0.5,1.0,1.0,1.0,0.5,0.5,0.5,0.2,1.0,1.0,1.0,1.0,0.0,0.5,0.5,0.5,0.5,0.5,0.5,0.5,0.0692,0.83333,0.06667,0.0,0.0,0.66667,0.0,0.17778,0.0,0.5,0.5,0.95238,0.82857,1.0,1.0,0.5,1.0,0.56318,0.89394,0.07143,1.0,1.0,1.0,1.0,1.0,0.92857,0.5,0.8,1.0,1.0,0.5,0.5,0.5,1.0,1.0,0.5,0.5,0.5,0.5,0.5,1.0,1.0,1.0,0.5,0.5,0.46667,0.13333,1.0,1.0,1.0,1.0,0.0,0.5,0.5,0.5,0.5,0.5,0.5,0.5,0.0692,0.83333,0.06667,0.0,0.0,0.66667,0.0,0.17778,0.0,0.5,0.5,0.95238,0.82857,1.0,1.0,0.5,1.0,0.55581,0.79402,0.07143,1.0,1.0,1.0,1.0,1.0,0.92857,0.5,0.0,1.0,1.0,0.5,0.5,0.5,1.0,1.0,0.5,0.5,0.5,0.5,0.5,1.0,1.0,1.0,0.5,0.5,1.0,0.06667,0.0,1.0,1.0,1.0,0.0,0.5
0.0,0.5,0.0,0.5,0.8,0.5,0.10042,0.8,0.86667,0.0,0.0,0.66667,1.0,0.22667,0.03556,0.8943,0.0,1.0,1.0,0.87619,1.0,1.0,0.0,0.0001,1.0,0.0,0.96333,0.75775,0.4,0.0,0.97203,1.0,1.0,1.0,1.0,1.0,0.5,0.5,0.5,1.0,1.0,1.0,1.0,1.0,1.0,0.0,0.0,1.0,1.0,1.0,1.0,1.0,0.0,0.0,1.0,0.0,1.0,1.0,1.0,0.5,0.5,0.5,0.5,0.5,0.5,0.10042,0.8,0.86667,0.0,0.0,0.66667,0.0,0.22667,0.03556,0.97685,0.0,1.0,1.0,0.88571,0.99048,0.5,0.0,0.96585,1.0,0.07143,0.9692,0.75775,0.5,0.0,0.97565,0.92857,0.5,0.8,1.0,1.0,0.5,0.5,0.5,1.0,1.0,0.5,0.5,0.5,0.0,0.0,1.0,1.0,1.0,1.0,1.0,0.2,0.46667,1.0,0.5,0.5,1.0,0.83333,0.5,1.0,1.0,1.0,1.0,0.4,0.46667,0.10042,0.8,0.86667,0.0,0.0,0.66667,0.0,0.22667,0.03556,0.99761,0.0,1.0,1.0,0.88571,0.99048,0.88571,0.0,0.90332,1.0,0.07143,1.0,0.90039,0.5,0.0,0.98446,0.92857,0.92857,0.8,1.0,1.0,0.5,0.5,0.5,1.0,1.0,0.35927,0.38287,1.0,0.46886,0.0,0.4,1.0,1.0,1.0,1.0,0.8,0.33333,1.0,0.5,0.5,1.0,1.0,1.0,0.0,1.0,0.0,1.0,0.6,0.66667,0.10042,0.8,0.86667,0.0,0.0,0.66667,0.0,0.22667,0.03556,0.88983,0.0,1.0,1.0,0.87619,1.0,0.92381,1.0,0.94734,1.0,0.07143,0.9692,0.75775,0.5,0.0,0.97565,0.92857,1.0,0.63333,1.0,1.0,0.5,0.56496,0.5,1.0,1.0,0.5,0.5,0.5,0.0,0.0,1.0,1.0,1.0,1.0,1.0,0.36667,0.4,0.83333,0.4,0.4,1.0,0.83333,1.0,0.0,0.0,0.0,0.0,0.4,0.46667,0.10042,0.8,0.86667,0.0,0.0,0.66667,0.0,0.22667,0.03556,0.97685,0.0,1.0,1.0,0.88571,0.99048,0.88571,0.0,0.83318,1.0,0.07143,1.0,0.90039,0.5,0.0,0.98446,0.92857,0.92857,0.7,1.0,1.0,0.5,0.5,0.5,1.0,1.0,0.5,0.5,0.5,0.0,0.0,1.0,1.0,1.0,1.0,1.0,0.3,0.33333,1.0,0.5,0.5,1.0,1.0,1.0,0.5,0.5,0.5,0.5,0.5,0.5,0.10042,0.8,0.86667,0.0,0.0,0.66667,0.0,0.22667,0.03556,0.99944,0.0,1.0,1.0,0.88571,0.99048,0.5,1.0,0.93969,1.0,0.07143,1.0,0.75775,0.5,0.0,0.83695,0.92857,0.5,0.5,1.0,1.0,0.5,0.5,0.5,1.0,1.0,0.5,0.5,0.5,0.0,0.0,1.0,1.0,1.0,1.0,1.0,0.5,0.4,0.83333,0.4,0.4,1.0,0.83333,0.5,1.0,1.0,1.0,1.0,0.46667,0.6,0.10042,0.8,0.86667,0.0,0.0,0.66667,0.0,0.22667,0.03556,0.0,0.99092,1.0,1.0,0.88571,0.99048,0.88571,1.0,0.98554,1.0,0.0,0.96333,0.75775,0.4,0.0,0.97203,1.0,1.0,0.8,1.0,1.0,0.5,0.5,0.5,1.0,1.0,0.5,0.5,0.5,0.0,0.0,1.0,1.0,1.0,1.0,1.0,0.2,0.4,1.0,0.4,0.4,1.0,1.0,1.0,1.0,1.0,1.0,1.0,1.0,0.86667,0.10042,0.8,0.86667,0.0,0.0,0.66667,0.0,0.22667,0.03556,0.97685,0.0,1.0,1.0,0.88571,0.99048,0.88571,0.0,0.96585,1.0,0.07143,0.9692,0.75775,0.5,0.0,0.97565,0.92857,0.85714,0.0,1.0,1.0,0.5,0.5,0.5,1.0,1.0,0.5,0.5,0.5,0.0,0.0,1.0,1.0,1.0,1.0,1.0,1.0,0.06667,0.0,1.0,0.0,1.0,0.83333,1.0
1.0,1.0,1.0,1.0,0.8,0.8,0.10534,0.73333,0.0,0.81081,0.0,0.66667,0.0,0.21778,0.02222,0.99993,0.0,1.0,1.0,0.88571,1.0,1.0,0.0,0.0001,1.0,0.0,0.87214,0.75401,0.2,0.0,0.97643,0.92857,1.0,1.0,1.0,1.0,0.5,0.5,0.5,1.0,1.0,0.74008,0.69651,1.0,0.4342,0.04277,0.0,1.0,1.0,0.74008,0.69651,1.0,0.0,0.0,1.0,0.0,1.0,0.8,1.0,0.5,0.5,0.5,0.5,0.5,0.5,0.10534,0.73333,0.0,0.81081,0.0,0.66667,0.0,0.21778,0.02222,0.0,0.99595,1.0,1.0,0.88571,1.0,0.5,0.0,0.93063,1.0,0.0,0.87214,0.75401,0.2,0.0,0.97643,0.92857,0.5,0.8,1.0,1.0,0.5,0.5,0.5,1.0,1.0,0.5,0.5,0.5,0.0,0.0,1.0,1.0,1.0,0.74008,0.69651,0.2,0.4,1.0,0.6,0.4,1.0,0.8,0.5,1.0,1.0,1.0,1.0,0.4,0.46667,0.10534,0.73333,0.0,0.81081,0.0,0.66667,0.0,0.21778,0.02222,0.0,0.99257,1.0,1.0,0.88571,1.0,0.88571,0.0,0.94646,1.0,0.07143,0.90035,0.78132,0.25,0.0,0.98637,1.0,0.92857,0.8,1.0,1.0,0.5,0.5,0.5,1.0,1.0,0.35927,0.38287,1.0,0.55909,0.00818,0.83333,1.0,1.0,0.74008,0.69651,0.36667,0.26667,0.75,1.0,0.66667,1.0,1.0,1.0,0.0,1.0,0.0,1.0,0.6,0.66667,0.10534,0.73333,0.0,0.81081,0.0,0.66667,0.0,0.21778,0.02222,0.0,0.99951,1.0,1.0,0.88571,1.0,0.93333,1.0,0.99637,1.0,0.07143,0.96125,0.75401,0.33333,0.0,0.97957,0.85714,0.85714,0.63333,1.0,1.0,0.5,0.56496,0.5,1.0,1.0,0.5,0.5,0.5,0.0,0.0,1.0,1.0,1.0,0.74008,0.69651,0.36667,0.4,0.83333,0.6,0.4,1.0,0.66667,1.0,0.0,0.5,0.0,0.5,0.73333,0.5,0.10534,0.73333,0.0,0.81081,0.0,0.66667,1.0,0.21778,0.02222,0.0,0.99595,1.0,1.0,0.88571,1.0,1.0,0.0,0.72522,1.0,0.07143,0.90035,0.78132,0.25,0.0,0.98637,1.0,1.0,0.7,1.0,1.0,0.5,0.5,0.5,1.0,1.0,0.5,0.5,0.5,0.0,0.0,1.0,1.0,1.0,0.74008,0.69651,0.3,0.33333,1.0,0.75,0.5,1.0,1.0,1.0,1.0,1.0,0.0,1.0,0.8,0.8,0.10534,0.73333,0.0,0.81081,0.0,0.66667,0.0,0.21778,0.02222,0.0,0.99226,1.0,1.0,0.88571,1.0,1.0,0.0,0.98694,1.0,0.0,0.87214,0.75401,0.2,0.0,0.97643,0.92857,0.92857,0.5,1.0,1.0,0.5,0.5,0.5,1.0,1.0,0.5,0.5,0.5,0.0,0.0,1.0,1.0,1.0,0.74008,0.69651,0.5,0.33333,0.8,0.75,0.5,1.0,0.8,1.0,0.0,0.0,0.0,0.0,0.73333,0.73333,0.10534,0.73333,0.0,0.81081,0.0,0.66667,0.0,0.21778,0.02222,0.0,0.99091,1.0,1.0,0.88571,1.0,1.0,0.0,0.72192,1.0,0.0,0.87214,0.75401,0.2,0.0,0.97643,0.92857,1.0,0.8,1.0,1.0,0.5,0.5,0.5,1.0,1.0,0.5,0.5,0.5,0.0,0.0,1.0,1.0,1.0,0.74008,0.69651,0.2,0.4,1.0,0.6,0.4,1.0,0.8,1.0,1.0,1.0,1.0,1.0,0.73333,0.73333,0.10534,0.73333,0.0,0.81081,0.0,0.66667,0.0,0.21778,0.02222,0.0,0.99595,1.0,1.0,0.88571,1.0,1.0,0.0,0.93063,1.0,0.0,0.87214,0.75401,0.2,0.0,0.97643,0.92857,1.0,0.0,1.0,1.0,0.5,0.5,0.5,1.0,1.0,0.5,0.5,0.5,0.0,0.0,1.0,1.0,1.0,0.74008,0.69651,1.0,0.06667,0.0,1.0,0.0,1.0,0.8,1.0
1.0,0.5,1.0,0.5,0.9,0.5,0.06874,0.9,0.06667,0.0,0.0,0.66667,1.0,0.09778,0.0,0.5,0.5,0.99048,0.95238,1.0,1.0,0.99048,1.0,0.0001,1.0,0.0,1.0,1.0,1.0,0.0,1.0,1.0,1.0,1.0,1.0,1.0,0.5,0.5,0.5,1.0,1.0,0.5,0.5,0.5,0.5,0.5,0.0,1.0,1.0,0.5,0.5,1.0,0.0,0.0,1.0,1.0,1.0,1.0,1.0,0.5,0.5,0.5,0.5,0.5,0.5,0.06874,0.9,0.06667,0.0,0.0,0.66667,0.0,0.09778,0.0,0.5,0.5,0.99048,0.95238,1.0,1.0,0.5,1.0,0.54892,0.78417,0.07143,1.0,1.0,1.0,1.0,1.0,0.92857,0.5,0.8,1.0,1.0,0.5,0.5,0.5,1.0,1.0,0.5,0.5,0.5,0.5,0.5,1.0,1.0,1.0,0.5,0.5,0.2,0.13333,1.0,1.0,1.0,1.0,0.0,0.5,0.5,0.5,0.5,0.5,0.5,0.5,0.06874,0.9,0.06667,0.0,0.0,0.66667,0.0,0.09778,0.0,0.5,0.5,0.99048,0.95238,1.0,1.0,0.5,1.0,0.56531,1.0,0.07143,1.0,1.0,1.0,1.0,1.0,0.92857,0.5,0.8,1.0,1.0,0.5,0.5,0.5,1.0,1.0,0.5,0.5,0.5,0.5,0.5,1.0,1.0,1.0,0.5,0.5,0.5,0.13333,1.0,1.0,1.0,1.0,0.0,0.5,0.5,0.5,0.5,0.5,0.5,0.5,0.06874,0.9,0.06667,0.0,0.0,0.66667,0.0,0.09778,0.0,0.5,0.5,0.99048,0.95238,1.0,1.0,0.5,1.0,0.54375,0.70617,0.07143,1.0,1.0,1.0,1.0,1.0,0.92857,0.5,0.63333,1.0,1.0,0.5,0.5,0.5,1.0,1.0,0.5,0.5,0.5,0.5,0.5,1.0,1.0,1.0,0.5,0.5,0.66667,0.13333,1.0,1.0,1.0,1.0,0.0,0.5,0.5,0.5,0.5,0.5,0.5,0.5,0.06874,0.9,0.06667,0.0,0.0,0.66667,0.0,0.09778,0.0,0.5,0.5,0.99048,0.95238,1.0,1.0,0.5,1.0,0.69866,1.0,0.14286,1.0,0.99161,0.5,1.0,0.66667,0.85714,0.5,0.7,1.0,1.0,0.5,0.5,0.5,1.0,1.0,0.5,0.5,0.5,0.5,0.5,1.0,1.0,1.0,0.5,0.5,0.3,0.13333,0.5,1.0,1.0,1.0,0.0,0.5,0.5,0.5,0.5,0.5,0.5,0.5,0.06874,0.9,0.06667,0.0,0.0,0.66667,0.0,0.09778,0.0,0.5,0.5,0.99048,0.95238,1.0,1.0,0.5,1.0,0.60006,0.83342,0.14286,1.0,0.99161,0.5,1.0,0.66667,0.85714,0.5,0.5,1.0,1.0,0.5,0.5,0.5,1.0,1.0,0.5,0.5,0.5,0.5,0.5,1.0,1.0,1.0,0.5,0.5,0.5,0.2,1.0,1.0,1.0,1.0,0.0,0.5,0.5,0.5,0.5,0.5,0.5,0.5,0.06874,0.9,0.06667,0.0,0.0,0.66667,0.0,0.09778,0.0,0.5,0.5,0.99048,0.95238,1.0,1.0,0.5,1.0,0.55544,0.88165,0.07143,1.0,1.0,1.0,1.0,1.0,0.92857,0.5,0.8,1.0,1.0,0.5,0.5,0.5,1.0,1.0,0.5,0.5,0.5,0.5,0.5,1.0,1.0,1.0,0.5,0.5,0.53333,0.13333,1.0,1.0,1.0,1.0,0.0,0.5,0.5,0.5,0.5,0.5,0.5,0.5,0.06874,0.9,0.06667,0.0,0.0,0.66667,0.0,0.09778,0.0,0.5,0.5,0.99048,0.95238,1.0,1.0,0.5,1.0,0.54892,0.78417,0.07143,1.0,1.0,1.0,1.0,1.0,0.92857,0.5,0.0,1.0,1.0,0.5,0.5,0.5,1.0,1.0,0.5,0.5,0.5,0.5,0.5,1.0,1.0,1.0,0.5,0.5,1.0,0.06667,0.0,1.0,1.0,1.0,0.0,0.5
1.0,0.0,1.0,0.0,0.9,0.53333,0.04252,0.06667,0.46667,0.0,0.0,0.66667,0.0,0.2,0.0,0.9905,0.0,0.97143,0.97143,1.0,1.0,0.80952,0.0,0.0001,1.0,0.0,0.73355,0.54425,0.0,0.0,0.90707,0.57143,0.85714,1.0,1.0,1.0,0.5,0.5,0.5,1.0,1.0,0.5,0.5,0.5,0.0,0.0,1.0,1.0,1.0,0.5,0.5,1.0,0.0,0.0,1.0,1.0,1.0,0.5,1.0,0.5,0.5,0.5,0.5,0.5,0.5,0.04252,0.06667,0.46667,0.0,0.0,0.66667,0.0,0.2,0.0,0.9905,0.0,0.97143,0.97143,1.0,1.0,0.5,0.0,0.58725,0.83893,0.07143,0.71718,0.54425,0.0,0.0,0.88636,0.5,0.5,0.8,1.0,1.0,0.5,0.5,0.5,1.0,1.0,0.5,0.5,0.5,0.0,0.0,1.0,1.0,1.0,0.5,0.5,1.0,0.06667,0.0,1.0,1.0,1.0,0.33333,0.5,0.0,0.0,0.0,0.0,0.06667,0.06667,0.04252,0.06667,0.46667,0.0,0.0,0.66667,0.0,0.2,0.0,0.9905,0.0,0.97143,0.97143,1.0,1.0,0.89524,0.0,0.62565,1.0,0.07143,0.71718,0.54425,0.0,0.0,0.88636,0.5,0.92857,0.8,1.0,1.0,0.5,0.5,0.5,1.0,1.0,0.5,0.5,0.5,0.0,0.0,1.0,1.0,1.0,0.5,0.5,1.0,0.06667,0.0,1.0,1.0,1.0,0.33333,0.42857,0.0,0.5,0.0,0.5,0.06667,0.5,0.04252,0.06667,0.46667,0.0,0.0,0.66667,1.0,0.2,0.0,0.9905,0.0,0.97143,0.97143,1.0,1.0,0.97143,1.0,0.62121,0.80677,0.42857,0.72274,0.62118,0.0,1.0,0.96915,1.0,0.57143,0.63333,1.0,1.0,0.5,0.5,0.5,1.0,1.0,0.5,0.5,0.5,0.0,0.0,1.0,1.0,1.0,0.5,0.5,0.36667,0.26667,0.75,0.33333,1.0,1.0,0.25,0.35714,0.5,0.5,0.5,0.5,0.5,0.5,0.04252,0.06667,0.46667,0.0,0.0,0.66667,0.0,0.2,0.0,0.9905,0.0,0.97143,0.97143,1.0,1.0,0.5,0.0,0.70791,1.0,0.07143,0.71718,0.54425,0.0,0.0,0.88636,0.5,0.5,0.7,1.0,1.0,0.5,0.5,0.5,1.0,1.0,0.5,0.5,0.5,0.0,0.0,1.0,1.0,1.0,0.5,0.5,0.3,0.13333,0.33333,0.0,1.0,1.0,0.33333,0.5,0.0,1.0,0.0,1.0,0.53333,0.86667,0.04252,0.06667,0.46667,0.0,0.0,0.66667,0.0,0.2,0.0,0.9905,0.0,0.97143,0.97143,1.0,1.0,0.81905,1.0,0.58369,0.81068,0.07143,0.71718,0.54425,0.0,0.0,0.88636,0.5,0.64286,0.5,1.0,1.0,0.5,0.5,0.5,1.0,1.0,0.5,0.5,0.5,0.0,0.0,1.0,1.0,1.0,0.5,0.5,0.5,0.13333,0.33333,0.0,1.0,1.0,0.33333,1.0,0.0,0.0,0.0,0.0,0.66667,0.4,0.04252,0.06667,0.46667,0.0,0.0,0.66667,0.0,0.2,0.0,0.9905,0.0,0.97143,0.97143,1.0,1.0,0.89524,0.0,0.0231,0.03667,0.07143,0.88798,0.79853,0.0,0.0,0.93466,0.64286,0.85714,0.8,1.0,1.0,0.5,0.5,0.5,1.0,1.0,0.5,0.5,0.5,0.0,0.0,1.0,1.0,1.0,0.5,0.5,0.3,0.13333,1.0,0.0,1.0,1.0,1.0,1.0,0.5,0.5,0.5,0.5,0.5,0.5,0.04252,0.06667,0.46667,0.0,0.0,0.66667,0.0,0.2,0.0,0.9905,0.0,0.97143,0.97143,1.0,1.0,0.5,0.0,0.58725,0.83893,0.07143,0.71718,0.54425,0.0,0.0,0.88636,0.5,0.5,0.0,1.0,1.0,0.5,0.5,0.5,1.0,1.0,0.5,0.5,0.5,0.0,0.0,1.0,1.0,1.0,0.5,0.5,1.0,0.06667,0.0,1.0,1.0,1.0,0.33333,0.5
1.0,1.0,1.0,1.0,0.73333,0.73333,0.05689,0.13333,0.16667,0.0,0.0,0.66667,0.0,0.35111,0.00444,0.48457,0.0,1.0,1.0,1.0,1.0,0.59048,0.0,0.0001,1.0,0.0,0.84367,0.72961,0.0,0.0,1.0,0.71429,0.92857,1.0,1.0,1.0,0.5,0.5,0.5,1.0,1.0,0.5,0.5,0.5,0.26125,0.0683,0.0,1.0,1.0,0.79991,0.52666,1.0,0.0,0.0,1.0,0.0,1.0,1.0,1.0,0.5,0.5,0.5,0.5,0.5,0.5,0.05689,0.13333,0.16667,0.0,0.0,0.66667,0.0,0.35111,0.00444,0.64094,0.0,1.0,1.0,1.0,1.0,0.5,0.0,0.57503,0.82147,0.07143,0.84845,0.72961,0.0,0.0,1.0,0.64286,0.5,0.8,1.0,1.0,0.5,0.5,0.5,1.0,1.0,0.5,0.5,0.5,0.0,0.0,1.0,1.0,1.0,0.79991,0.52666,0.2,0.2,1.0,0.5,1.0,1.0,0.5,0.5,0.0,0.5,0.0,0.5,0.13333,0.5,0.05689,0.13333,0.16667,0.0,0.0,0.66667,1.0,0.35111,0.00444,0.77991,0.0,1.0,1.0,1.0,1.0,1.0,1.0,0.83749,1.0,0.28571,0.83977,0.72961,0.0,0.0,0.9118,1.0,1.0,0.8,1.0,1.0,0.5,0.5,0.5,1.0,1.0,0.79991,0.52666,0.88696,0.0,0.0,1.0,1.0,1.0,0.79991,0.52666,0.2,0.26667,0.6,0.0,1.0,1.0,0.6,0.57143,0.5,0.5,0.5,0.5,0.5,0.5,0.05689,0.13333,0.16667,0.0,0.0,0.66667,0.0,0.35111,0.00444,0.50533,0.0,1.0,1.0,1.0,1.0,0.5,0.0,0.56592,0.73496,0.07143,0.84845,0.72961,0.0,0.0,1.0,0.64286,0.5,0.63333,1.0,1.0,0.5,0.5,0.5,1.0,1.0,0.5,0.5,0.5,0.0,0.0,1.0,1.0,1.0,0.79991,0.52666,0.36667,0.2,1.0,0.5,1.0,1.0,0.5,0.5,0.5,0.5,0.5,0.5,0.5,0.5,0.05689,0.13333,0.16667,0.0,0.0,0.66667,0.0,0.35111,0.00444,0.64094,0.0,1.0,1.0,1.0,1.0,0.5,0.0,0.66762,1.0,0.07143,0.84845,0.72961,0.0,0.0,1.0,0.64286,0.5,0.7,1.0,1.0,0.5,0.5,0.5,1.0,1.0,0.5,0.5,0.5,0.0,0.0,1.0,1.0,1.0,0.79991,0.52666,0.3,0.2,1.0,0.5,1.0,1.0,0.5,0.5,0.5,0.5,0.5,0.5,0.5,0.5,0.05689,0.13333,0.16667,0.0,0.0,0.66667,0.0,0.35111,0.00444,0.79301,0.0,1.0,1.0,1.0,1.0,0.5,0.0,0.5704,0.79223,0.07143,0.85772,0.72961,0.0,0.0,1.0,0.64286,0.5,0.5,1.0,1.0,0.5,0.5,0.5,1.0,1.0,0.5,0.5,0.5,0.0,0.0,1.0,1.0,1.0,0.79991,0.52666,0.5,0.2,1.0,0.5,1.0,1.0,0.5,0.5,0.5,0.5,0.5,0.5,0.5,0.5,0.05689,0.13333,0.16667,0.0,0.0,0.66667,0.0,0.35111,0.00444,0.8515,0.0,1.0,1.0,1.0,1.0,0.5,0.0,0.58678,0.9314,0.07143,0.84845,0.72961,0.0,1.0,1.0,0.64286,0.5,0.8,1.0,1.0,0.5,0.5,0.5,1.0,1.0,0.5,0.5,0.5,0.0,0.0,1.0,1.0,1.0,0.79991,0.52666,0.2,0.2,1.0,0.5,1.0,1.0,0.5,0.5,0.5,0.5,0.5,0.5,0.5,0.5,0.05689,0.13333,0.16667,0.0,0.0,0.66667,0.0,0.35111,0.00444,0.64094,0.0,1.0,1.0,1.0,1.0,0.5,0.0,0.57503,0.82147,0.07143,0.84845,0.72961,0.0,0.0,1.0,0.64286,0.5,0.0,1.0,1.0,0.5,0.5,0.5,1.0,1.0,0.5,0.5,0.5,0.0,0.0,1.0,1.0,1.0,0.79991,0.52666,1.0,0.06667,0.0,1.0,0.0,1.0,0.5,0.5
1.0,0.5,1.0,0.5,0.2,0.5,0.09678,0.2,0.3,0.0,0.5,0.0,1.0,0.4,0.0,0.99726,0.0,1.0,1.0,1.0,1.0,1.0,0.0,0.0001,1.0,0.0,0.50068,0.32582,0.0,0.0,0.95207,1.0,1.0,1.0,1.0,1.0,0.5,0.5,0.5,1.0,1.0,0.5,0.5,0.5,0.0,0.0,1.0,1.0,1.0,0.5,0.5,0.0,0.4,1.0,0.5,1.0,1.0,1.0,1.0,0.0,1.0,0.0,1.0,0.2,0.2,0.09678,0.2,0.3,0.0,0.5,0.0,0.0,0.4,0.0,0.99726,0.0,1.0,1.0,1.0,1.0,0.8,1.0,0.6863,0.98043,0.0,0.50068,0.32582,0.0,0.0,0.95207,1.0,1.0,0.8,1.0,1.0,0.5,0.5,0.5,1.0,1.0,0.5,0.5,0.5,0.0,0.0,1.0,1.0,1.0,0.5,0.5,0.2,0.6,1.0,0.5,1.0,1.0,1.0,1.0,1.0,1.0,1.0,1.0,0.2,0.2,0.09678,0.2,0.3,0.0,0.5,0.0,0.0,0.4,0.0,0.99726,0.0,1.0,1.0,1.0,1.0,0.8,0.0,0.89422,1.0,0.0,0.50068,0.32582,0.0,0.0,0.95207,1.0,0.5,0.8,1.0,1.0,0.5,0.5,0.5,1.0,1.0,0.5,0.5,0.5,0.0,0.0,1.0,1.0,1.0,0.5,0.5,0.2,0.6,1.0,0.5,1.0,1.0,1.0,1.0,0.5,0.5,0.5,0.5,0.5,0.5,0.09678,0.2,0.3,0.0,0.5,0.0,0.0,0.4,0.0,0.99726,0.0,1.0,1.0,1.0,1.0,0.5,1.0,0.56719,0.73661,0.0,0.50068,0.32582,0.0,0.0,0.95207,1.0,0.5,0.6,1.0,1.0,0.5,0.5,0.5,1.0,1.0,0.5,0.5,0.5,0.0,0.0,1.0,1.0,1.0,0.5,0.5,0.4,0.6,1.0,0.5,1.0,1.0,1.0,0.5,0.5,0.5,0.5,0.5,0.5,0.5,0.09678,0.2,0.3,0.0,0.5,0.0,0.0,0.4,0.0,0.99726,0.0,1.0,1.0,1.0,1.0,0.5,0.0,0.30277,0.75692,0.0,0.50068,0.32582,0.0,0.0,0.95207,1.0,0.5,0.7,1.0,1.0,0.5,0.5,0.5,1.0,1.0,0.5,0.5,0.5,0.0,0.0,1.0,1.0,1.0,0.5,0.5,0.3,0.6,1.0,0.5,1.0,1.0,1.0,0.5,0.5,0.5,0.5,0.5,0.5,0.5,0.09678,0.2,0.3,0.0,0.5,0.0,0.0,0.4,0.0,0.99726,0.0,1.0,1.0,1.0,1.0,0.5,1.0,0.6487,0.90097,0.0,0.50068,0.32582,0.0,0.0,0.95207,1.0,0.5,0.5,1.0,1.0,0.5,0.5,0.5,1.0,1.0,0.5,0.5,0.5,0.0,0.0,1.0,1.0,1.0,0.5,0.5,0.5,0.6,1.0,0.5,1.0,1.0,1.0,0.5,1.0,1.0,1.0,1.0,0.2,0.2,0.09678,0.2,0.3,0.0,0.5,0.0,0.0,0.4,0.0,0.99726,0.0,1.0,1.0,1.0,1.0,1.0,1.0,0.84728,1.0,0.0,0.50068,0.32582,0.0,0.0,0.95207,1.0,1.0,0.8,1.0,1.0,0.5,0.5,0.5,1.0,1.0,0.5,0.5,0.5,0.0,0.0,1.0,1.0,1.0,0.5,0.5,0.2,0.6,1.0,0.5,1.0,1.0,1.0,1.0,0.5,0.5,0.5,0.5,0.5,0.5,0.09678,0.2,0.3,0.0,0.5,0.0,0.0,0.4,0.0,0.99726,0.0,1.0,1.0,1.0,1.0,0.5,1.0,0.6863,0.98043,0.0,0.50068,0.32582,0.0,0.0,0.95207,1.0,0.5,0.0,1.0,1.0,0.5,0.5,0.5,1.0,1.0,0.5,0.5,0.5,0.0,0.0,1.0,1.0,1.0,0.5,0.5,1.0,0.2,0.0,1.0,1.0,1.0,1.0,0.5
1.0,1.0,1.0,1.0,1.0,0.8,0.33731,0.8,0.33333,0.0,0.5,0.0,0.0,0.4,0.12,0.9992,0.0,1.0,1.0,1.0,1.0,1.0,0.0,0.0001,1.0,0.0,0.92634,0.86278,0.0,0.0,1.0,1.0,1.0,1.0,1.0,1.0,0.5,0.5,0.5,1.0,1.0,1.0,1.0,1.0,0.0,0.0,1.0,1.0,1.0,1.0,1.0,0.0,0.2,1.0,0.0,0.0,1.0,1.0,1.0,0.5,0.5,0.5,0.5,0.5,0.5,0.33731,0.8,0.33333,0.0,0.5,0.0,0.0,0.4,0.12,0.9879,0.0,1.0,1.0,1.0,1.0,0.5,0.0,0.92088,1.0,0.0,0.92634,0.86278,0.0,0.0,1.0,1.0,0.5,0.8,1.0,1.0,0.5,0.5,0.5,1.0,1.0,0.5,0.5,0.5,0.0,0.0,1.0,1.0,1.0,1.0,1.0,0.2,0.4,1.0,0.0,0.0,1.0,1.0,0.5,0.0,0.5,0.0,0.5,0.8,0.5,0.33731,0.8,0.33333,0.0,0.5,0.0,1.0,0.4,0.12,0.97811,0.0,1.0,1.0,1.0,1.0,1.0,0.0,0.45682,0.83058,0.0,0.92634,0.86278,0.0,0.0,1.0,1.0,1.0,0.8,1.0,1.0,0.5,0.5,0.5,1.0,1.0,0.68388,0.32331,1.0,0.0,0.0,1.0,1.0,1.0,1.0,1.0,0.3,0.4,1.0,0.0,0.0,1.0,1.0,0.75,0.5,0.5,0.5,0.5,0.5,0.5,0.33731,0.8,0.33333,0.0,0.5,0.0,0.0,0.4,0.12,0.99769,0.0,1.0,1.0,1.0,1.0,0.5,1.0,0.89453,1.0,0.0,0.92634,0.86278,0.0,0.0,1.0,1.0,0.5,0.6,1.0,1.0,0.5,0.5,0.5,1.0,1.0,0.5,0.5,0.5,0.0,0.0,1.0,1.0,1.0,1.0,1.0,0.5,0.4,1.0,0.0,0.0,1.0,1.0,0.5,1.0,1.0,1.0,1.0,0.6,0.6,0.33731,0.8,0.33333,0.0,0.5,0.0,0.0,0.4,0.12,0.9879,0.0,1.0,1.0,1.0,1.0,1.0,0.0,0.90758,1.0,0.25,1.0,1.0,1.0,0.0,1.0,0.75,0.75,0.7,1.0,1.0,0.5,0.5,0.5,1.0,1.0,0.5,0.5,0.5,0.0,0.0,1.0,1.0,1.0,1.0,1.0,1.0,0.2,1.0,1.0,0.0,1.0,1.0,1.0,0.5,0.5,0.5,0.5,0.5,0.5,0.33731,0.8,0.33333,0.0,0.5,0.0,0.0,0.4,0.12,0.9772,0.0,1.0,1.0,1.0,1.0,0.5,1.0,0.97718,1.0,0.0,0.92634,0.86278,0.0,0.0,1.0,1.0,0.5,0.5,1.0,1.0,0.5,0.5,0.5,1.0,1.0,0.5,0.5,0.5,0.0,0.0,1.0,1.0,1.0,1.0,1.0,0.5,0.4,1.0,0.0,0.0,1.0,1.0,0.5,1.0,1.0,1.0,1.0,0.6,0.6,0.33731,0.8,0.33333,0.0,0.5,0.0,0.0,0.4,0.12,0.97315,0.0,1.0,1.0,1.0,1.0,1.0,0.0,0.71238,1.0,0.0,0.92634,0.86278,0.0,0.0,1.0,1.0,1.0,0.8,1.0,1.0,0.5,0.5,0.5,1.0,1.0,0.5,0.5,0.5,0.0,0.0,1.0,1.0,1.0,1.0,1.0,0.4,0.4,1.0,0.0,0.0,1.0,1.0,1.0,0.5,0.5,0.5,0.5,0.5,0.5,0.33731,0.8,0.33333,0.0,0.5,0.0,0.0,0.4,0.12,0.9879,0.0,1.0,1.0,1.0,1.0,0.5,0.0,0.92088,1.0,0.0,0.92634,0.86278,0.0,0.0,1.0,1.0,0.5,0.0,1.0,1.0,0.5,0.5,0.5,1.0,1.0,0.5,0.5,0.5,0.0,0.0,1.0,1.0,1.0,1.0,1.0,1.0,0.2,0.0,1.0,0.0,1.0,1.0,0.5
1.0,1.0,1.0,1.0,1.0,0.8,0.30834,0.8,0.36667,0.0,0.5,0.0,0.0,0.32,0.12,0.99971,0.0,1.0,1.0,1.0,1.0,1.0,0.0,0.0001,1.0,0.0,0.83702,0.71972,0.0,0.0,1.0,1.0,1.0,1.0,1.0,1.0,0.5,0.5,0.5,1.0,1.0,1.0,1.0,1.0,0.0,0.0,1.0,1.0,1.0,1.0,1.0,0.0,0.2,1.0,0.0,0.0,1.0,1.0,1.0,0.5,0.5,0.5,0.5,0.5,0.5,0.30834,0.8,0.36667,0.0,0.5,0.0,0.0,0.32,0.12,0.99564,0.0,1.0,1.0,1.0,1.0,0.5,0.0,0.89773,1.0,0.0,0.83702,0.71972,0.0,0.0,1.0,1.0,0.5,0.8,1.0,1.0,0.5,0.5,0.5,1.0,1.0,0.5,0.5,0.5,0.0,0.0,1.0,1.0,1.0,1.0,1.0,0.2,0.4,1.0,0.0,0.0,1.0,1.0,0.5,0.0,0.0,0.0,0.0,0.8,0.8,0.30834,0.8,0.36667,0.0,0.5,0.0,0.0,0.32,0.12,0.9921,0.0,1.0,1.0,1.0,1.0,1.0,0.0,0.43618,0.79306,0.0,0.83702,0.71972,0.0,0.0,1.0,1.0,1.0,0.8,1.0,1.0,0.5,0.5,0.5,1.0,1.0,0.68388,0.32331,1.0,0.0,0.0,1.0,1.0,1.0,1.0,1.0,0.2,0.4,1.0,0.0,0.0,1.0,1.0,0.75,0.5,0.5,0.5,0.5,0.5,0.5,0.30834,0.8,0.36667,0.0,0.5,0.0,0.0,0.32,0.12,0.99917,0.0,1.0,1.0,1.0,1.0,0.5,1.0,0.91552,1.0,0.0,0.83702,0.71972,0.0,0.0,1.0,1.0,0.5,0.6,1.0,1.0,0.5,0.5,0.5,1.0,1.0,0.5,0.5,0.5,0.0,0.0,1.0,1.0,1.0,1.0,1.0,0.5,0.4,1.0,0.0,0.0,1.0,1.0,0.5,1.0,1.0,1.0,1.0,0.6,0.6,0.30834,0.8,0.36667,0.0,0.5,0.0,0.0,0.32,0.12,0.99564,0.0,1.0,1.0,1.0,1.0,1.0,0.0,0.86731,1.0,0.25,1.0,1.0,1.0,0.0,1.0,0.75,0.75,0.7,1.0,1.0,0.5,0.5,0.5,1.0,1.0,0.5,0.5,0.5,0.0,0.0,1.0,1.0,1.0,1.0,1.0,1.0,0.2,1.0,1.0,0.0,1.0,1.0,1.0,0.0,0.5,0.0,0.5,0.8,0.5,0.30834,0.8,0.36667,0.0,0.5,0.0,1.0,0.32,0.12,0.99178,0.0,1.0,1.0,1.0,1.0,1.0,0.0,0.95399,1.0,0.0,0.83702,0.71972,0.0,0.0,1.0,1.0,1.0,0.5,1.0,1.0,0.5,0.5,0.5,1.0,1.0,0.5,0.5,0.5,0.0,0.0,1.0,1.0,1.0,1.0,1.0,0.5,0.4,1.0,0.0,0.0,1.0,1.0,1.0,1.0,1.0,1.0,1.0,0.6,0.6,0.30834,0.8,0.36667,0.0,0.5,0.0,0.0,0.32,0.12,0.99032,0.0,1.0,1.0,1.0,1.0,1.0,0.0,0.6898,1.0,0.0,0.83702,0.71972,0.0,0.0,1.0,1.0,1.0,0.8,1.0,1.0,0.5,0.5,0.5,1.0,1.0,0.5,0.5,0.5,0.0,0.0,1.0,1.0,1.0,1.0,1.0,0.2,0.4,1.0,0.0,0.0,1.0,1.0,1.0,0.5,0.5,0.5,0.5,0.5,0.5,0.30834,0.8,0.36667,0.0,0.5,0.0,0.0,0.32,0.12,0.99564,0.0,1.0,1.0,1.0,1.0,0.5,0.0,0.89773,1.0,0.0,0.83702,0.71972,0.0,0.0,1.0,1.0,0.5,0.0,1.0,1.0,0.5,0.5,0.5,1.0,1.0,0.5,0.5,0.5,0.0,0.0,1.0,1.0,1.0,1.0,1.0,1.0,0.2,0.0,1.0,0.0,1.0,1.0,0.5
1.0,1.0,1.0,1.0,1.0,0.8,0.27782,0.8,0.4,0.0,0.5,0.0,0.0,0.28,0.12,0.99994,0.0,1.0,1.0,1.0,1.0,1.0,0.0,0.0001,1.0,0.0,0.7487,0.59834,0.0,0.0,1.0,1.0,1.0,1.0,1.0,1.0,0.5,0.5,0.5,1.0,1.0,1.0,1.0,1.0,0.0,0.0,1.0,1.0,1.0,1.0,1.0,0.0,0.2,1.0,0.0,0.0,1.0,1.0,1.0,0.5,0.5,0.5,0.5,0.5,0.5,0.27782,0.8,0.4,0.0,0.5,0.0,0.0,0.28,0.12,0.99907,0.0,1.0,1.0,1.0,1.0,0.5,0.0,0.88325,1.0,0.0,0.7487,0.59834,0.0,0.0,1.0,1.0,0.5,0.8,1.0,1.0,0.5,0.5,0.5,1.0,1.0,0.5,0.5,0.5,0.0,0.0,1.0,1.0,1.0,1.0,1.0,0.2,0.4,1.0,0.0,0.0,1.0,1.0,0.5,0.0,0.0,0.0,0.0,0.8,0.8,0.27782,0.8,0.4,0.0,0.5,0.0,0.0,0.28,0.12,0.99832,0.0,1.0,1.0,1.0,1.0,1.0,0.0,0.25515,0.46391,0.25,1.0,1.0,1.0,0.0,1.0,0.75,0.75,0.8,1.0,1.0,0.5,0.5,0.5,1.0,1.0,0.68388,0.32331,1.0,0.0,0.0,1.0,1.0,1.0,1.0,1.0,1.0,0.2,1.0,1.0,0.0,1.0,1.0,0.75,0.5,0.5,0.5,0.5,0.5,0.5,0.27782,0.8,0.4,0.0,0.5,0.0,0.0,0.28,0.12,0.99982,0.0,1.0,1.0,1.0,1.0,0.5,1.0,0.92893,1.0,0.0,0.7487,0.59834,0.0,0.0,1.0,1.0,0.5,0.6,1.0,1.0,0.5,0.5,0.5,1.0,1.0,0.5,0.5,0.5,0.0,0.0,1.0,1.0,1.0,1.0,1.0,0.4,0.4,1.0,0.0,0.0,1.0,1.0,0.5,1.0,1.0,1.0,1.0,0.6,0.6,0.27782,0.8,0.4,0.0,0.5,0.0,0.0,0.28,0.12,0.99907,0.0,1.0,1.0,1.0,1.0,1.0,0.0,0.82518,1.0,0.25,1.0,1.0,1.0,0.0,1.0,0.75,0.75,0.7,1.0,1.0,0.5,0.5,0.5,1.0,1.0,0.5,0.5,0.5,0.0,0.0,1.0,1.0,1.0,1.0,1.0,1.0,0.2,1.0,1.0,0.0,1.0,1.0,1.0,0.0,0.5,0.0,0.5,0.8,0.5,0.27782,0.8,0.4,0.0,0.5,0.0,1.0,0.28,0.12,0.99825,0.0,1.0,1.0,1.0,1.0,1.0,0.0,0.93947,1.0,0.0,0.7487,0.59834,0.0,0.0,1.0,1.0,1.0,0.5,1.0,1.0,0.5,0.5,0.5,1.0,1.0,0.5,0.5,0.5,0.0,0.0,1.0,1.0,1.0,1.0,1.0,0.5,0.4,1.0,0.0,0.0,1.0,1.0,1.0,1.0,1.0,1.0,1.0,0.6,0.6,0.27782,0.8,0.4,0.0,0.5,0.0,0.0,0.28,0.12,0.99794,0.0,1.0,1.0,1.0,1.0,1.0,0.0,0.6757,1.0,0.0,0.7487,0.59834,0.0,0.0,1.0,1.0,1.0,0.8,1.0,1.0,0.5,0.5,0.5,1.0,1.0,0.5,0.5,0.5,0.0,0.0,1.0,1.0,1.0,1.0,1.0,0.2,0.4,1.0,0.0,0.0,1.0,1.0,1.0,0.5,0.5,0.5,0.5,0.5,0.5,0.27782,0.8,0.4,0.0,0.5,0.0,0.0,0.28,0.12,0.99907,0.0,1.0,1.0,1.0,1.0,0.5,0.0,0.88325,1.0,0.0,0.7487,0.59834,0.0,0.0,1.0,1.0,0.5,0.0,1.0,1.0,0.5,0.5,0.5,1.0,1.0,0.5,0.5,0.5,0.0,0.0,1.0,1.0,1.0,1.0,1.0,1.0,0.2,0.0,1.0,0.0,1.0,1.0,0.5
0.0,0.0,0.0,0.0,0.6,0.4,0.09644,0.4,0.73333,0.0,0.5,0.0,0.0,0.16,0.04,0.99992,0.0,1.0,1.0,1.0,1.0,1.0,0.0,0.0001,1.0,0.0,1.0,1.0,1.0,0.0,1.0,1.0,1.0,1.0,1.0,1.0,0.5,0.5,0.5,1.0,1.0,0.5,0.5,0.5,0.0,0.0,1.0,1.0,1.0,1.0,0.39954,1.0,0.0,0.0,1.0,0.0,1.0,1.0,1.0,0.5,0.5,0.5,0.5,0.5,0.5,0.09644,0.4,0.73333,0.0,0.5,0.0,0.0,0.16,0.04,0.99883,0.0,1.0,1.0,1.0,1.0,0.5,1.0,0.84624,1.0,0.25,0.37759,0.23273,0.0,0.0,0.5,0.75,0.5,0.8,1.0,1.0,0.5,0.5,0.5,1.0,1.0,0.5,0.5,0.5,0.0,0.0,1.0,1.0,1.0,1.0,0.39954,1.0,0.2,0.0,1.0,0.0,1.0,0.0,0.5,0.0,0.0,0.0,0.0,0.4,0.4,0.09644,0.4,0.73333,0.0,0.5,0.0,0.0,0.16,0.04,0.99803,0.0,1.0,1.0,1.0,1.0,1.0,0.0,0.71036,1.0,0.25,0.69147,0.52843,0.0,0.0,0.5,0.75,0.5,0.8,1.0,1.0,0.5,0.5,0.5,1.0,1.0,1.0,0.39954,0.87032,0.0,0.0,1.0,1.0,1.0,1.0,0.39954,1.0,0.2,0.0,1.0,0.0,1.0,0.0,1.0,0.5,0.5,0.5,0.5,0.5,0.5,0.09644,0.4,0.73333,0.0,0.5,0.0,0.0,0.16,0.04,0.99976,0.0,1.0,1.0,1.0,1.0,0.5,0.0,0.01569,0.02037,0.0,1.0,1.0,1.0,0.0,1.0,1.0,0.5,0.6,1.0,1.0,0.5,0.5,0.5,1.0,1.0,0.5,0.5,0.5,0.0,0.0,1.0,1.0,1.0,1.0,0.39954,1.0,0.2,1.0,1.0,0.0,1.0,1.0,0.5,0.0,0.0,0.0,0.0,0.4,0.4,0.09644,0.4,0.73333,0.0,0.5,0.0,0.0,0.16,0.04,0.99883,0.0,1.0,1.0,1.0,1.0,1.0,1.0,0.99774,1.0,0.25,0.48043,0.31616,0.0,0.0,0.5,0.75,1.0,0.7,1.0,1.0,0.5,0.5,0.5,1.0,1.0,0.5,0.5,0.5,0.0,0.0,1.0,1.0,1.0,1.0,0.39954,1.0,0.2,0.0,1.0,0.0,1.0,0.0,1.0,0.5,0.5,0.5,0.5,0.5,0.5,0.09644,0.4,0.73333,0.0,0.5,0.0,0.0,0.16,0.04,0.99796,0.0,1.0,1.0,1.0,1.0,0.5,0.0,0.01794,0.02492,0.0,1.0,1.0,1.0,0.0,1.0,1.0,0.5,0.5,1.0,1.0,0.5,0.5,0.5,1.0,1.0,0.5,0.5,0.5,0.0,0.0,1.0,1.0,1.0,1.0,0.39954,1.0,0.2,1.0,1.0,0.0,1.0,1.0,0.5,0.0,0.5,0.0,0.5,0.4,0.5,0.09644,0.4,0.73333,0.0,0.5,0.0,1.0,0.16,0.04,0.99766,0.0,1.0,1.0,1.0,1.0,1.0,0.0,0.02343,0.03719,0.0,1.0,1.0,1.0,0.0,1.0,1.0,1.0,0.8,1.0,1.0,0.5,0.5,0.5,1.0,1.0,0.5,0.5,0.5,0.0,0.0,1.0,1.0,1.0,1.0,0.39954,1.0,0.2,1.0,1.0,0.0,1.0,1.0,0.25,0.0,0.0,0.0,0.0,0.4,0.4,0.09644,0.4,0.73333,0.0,0.5,0.0,0.0,0.16,0.04,0.99883,0.0,1.0,1.0,1.0,1.0,1.0,1.0,0.84624,1.0,0.25,0.37759,0.23273,0.0,0.0,0.5,0.75,1.0,0.0,1.0,1.0,0.5,0.5,0.5,1.0,1.0,0.5,0.5,0.5,0.0,0.0,1.0,1.0,1.0,1.0,0.39954,1.0,0.2,0.0,1.0,0.0,1.0,0.0,1.0
0.0,0.0,0.0,0.0,0.6,0.4,0.09644,0.4,0.76667,0.0,0.5,0.0,0.0,0.16,0.04,0.99993,0.0,1.0,1.0,1.0,1.0,1.0,0.0,0.0001,1.0,0.0,1.0,1.0,1.0,0.0,1.0,1.0,1.0,1.0,1.0,1.0,0.5,0.5,0.5,1.0,1.0,0.5,0.5,0.5,0.0,0.0,1.0,1.0,1.0,1.0,0.39954,1.0,0.0,0.0,1.0,0.0,1.0,1.0,1.0,0.5,0.5,0.5,0.5,0.5,0.5,0.09644,0.4,0.76667,0.0,0.5,0.0,0.0,0.16,0.04,0.99906,0.0,1.0,1.0,1.0,1.0,0.5,1.0,0.84624,1.0,0.25,0.37759,0.23273,0.0,0.0,0.5,0.75,0.5,0.8,1.0,1.0,0.5,0.5,0.5,1.0,1.0,0.5,0.5,0.5,0.0,0.0,1.0,1.0,1.0,1.0,0.39954,1.0,0.2,0.0,1.0,0.0,1.0,0.0,0.5,0.0,0.0,0.0,0.0,0.4,0.4,0.09644,0.4,0.76667,0.0,0.5,0.0,0.0,0.16,0.04,0.99842,0.0,1.0,1.0,1.0,1.0,1.0,0.0,0.71036,1.0,0.25,0.69147,0.52843,0.0,0.0,0.5,0.75,0.5,0.8,1.0,1.0,0.5,0.5,0.5,1.0,1.0,1.0,0.39954,0.87032,0.0,0.0,1.0,1.0,1.0,1.0,0.39954,1.0,0.2,0.0,1.0,0.0,1.0,0.0,1.0,0.5,0.5,0.5,0.5,0.5,0.5,0.09644,0.4,0.76667,0.0,0.5,0.0,0.0,0.16,0.04,0.99981,0.0,1.0,1.0,1.0,1.0,0.5,0.0,0.01569,0.02037,0.0,1.0,1.0,1.0,0.0,1.0,1.0,0.5,0.6,1.0,1.0,0.5,0.5,0.5,1.0,1.0,0.5,0.5,0.5,0.0,0.0,1.0,1.0,1.0,1.0,0.39954,1.0,0.2,1.0,1.0,0.0,1.0,1.0,0.5,0.0,0.0,0.0,0.0,0.4,0.4,0.09644,0.4,0.76667,0.0,0.5,0.0,0.0,0.16,0.04,0.99906,0.0,1.0,1.0,1.0,1.0,1.0,1.0,0.99774,1.0,0.25,0.48043,0.31616,0.0,0.0,0.5,0.75,1.0,0.7,1.0,1.0,0.5,0.5,0.5,1.0,1.0,0.5,0.5,0.5,0.0,0.0,1.0,1.0,1.0,1.0,0.39954,1.0,0.2,0.0,1.0,0.0,1.0,0.0,1.0,0.0,0.5,0.0,0.5,0.4,0.5,0.09644,0.4,0.76667,0.0,0.5,0.0,1.0,0.16,0.04,0.99836,0.0,1.0,1.0,1.0,1.0,1.0,0.0,0.01794,0.02492,0.0,1.0,1.0,1.0,0.0,1.0,1.0,1.0,0.5,1.0,1.0,0.5,0.5,0.5,1.0,1.0,0.5,0.5,0.5,0.0,0.0,1.0,1.0,1.0,1.0,0.39954,1.0,0.2,1.0,1.0,0.0,1.0,1.0,0.25,0.0,0.0,0.0,0.0,0.4,0.4,0.09644,0.4,0.76667,0.0,0.5,0.0,0.0,0.16,0.04,0.99812,0.0,1.0,1.0,1.0,1.0,1.0,0.0,0.02343,0.03719,0.0,1.0,1.0,1.0,0.0,1.0,1.0,1.0,0.8,1.0,1.0,0.5,0.5,0.5,1.0,1.0,0.5,0.5,0.5,0.0,0.0,1.0,1.0,1.0,1.0,0.39954,1.0,0.2,1.0,1.0,0.0,1.0,1.0,0.25,0.0,0.0,0.0,0.0,0.4,0.4,0.09644,0.4,0.76667,0.0,0.5,0.0,0.0,0.16,0.04,0.99906,0.0,1.0,1.0,1.0,1.0,1.0,1.0,0.84624,1.0,0.25,0.37759,0.23273,0.0,0.0,0.5,0.75,1.0,0.0,1.0,1.0,0.5,0.5,0.5,1.0,1.0,0.5,0.5,0.5,0.0,0.0,1.0,1.0,1.0,1.0,0.39954,1.0,0.2,0.0,1.0,0.0,1.0,0.0,1.0
0.0,0.0,0.0,0.0,0.6,0.4,0.09644,0.4,0.8,0.0,0.5,0.0,0.0,0.16,0.04,0.99995,0.0,1.0,1.0,1.0,1.0,1.0,0.0,0.0001,1.0,0.0,1.0,1.0,1.0,0.0,1.0,1.0,1.0,1.0,1.0,1.0,0.5,0.5,0.5,1.0,1.0,0.5,0.5,0.5,0.0,0.0,1.0,1.0,1.0,1.0,0.39954,1.0,0.0,0.0,1.0,0.0,1.0,1.0,1.0,0.5,0.5,0.5,0.5,0.5,0.5,0.09644,0.4,0.8,0.0,0.5,0.0,0.0,0.16,0.04,0.99924,0.0,1.0,1.0,1.0,1.0,0.5,1.0,0.84624,1.0,0.25,0.37759,0.23273,0.0,0.0,0.5,0.75,0.5,0.8,1.0,1.0,0.5,0.5,0.5,1.0,1.0,0.5,0.5,0.5,0.0,0.0,1.0,1.0,1.0,1.0,0.39954,1.0,0.2,0.0,1.0,0.0,1.0,0.0,0.5,0.0,0.0,0.0,0.0,0.4,0.4,0.09644,0.4,0.8,0.0,0.5,0.0,0.0,0.16,0.04,0.99873,0.0,1.0,1.0,1.0,1.0,1.0,0.0,0.71036,1.0,0.25,0.69147,0.52843,0.0,0.0,0.5,0.75,0.5,0.8,1.0,1.0,0.5,0.5,0.5,1.0,1.0,1.0,0.39954,0.87032,0.0,0.0,1.0,1.0,1.0,1.0,0.39954,1.0,0.2,0.0,1.0,0.0,1.0,0.0,1.0,0.5,0.5,0.5,0.5,0.5,0.5,0.09644,0.4,0.8,0.0,0.5,0.0,0.0,0.16,0.04,0.99984,0.0,1.0,1.0,1.0,1.0,0.5,0.0,0.01569,0.02037,0.0,1.0,1.0,1.0,0.0,1.0,1.0,0.5,0.6,1.0,1.0,0.5,0.5,0.5,1.0,1.0,0.5,0.5,0.5,0.0,0.0,1.0,1.0,1.0,1.0,0.39954,1.0,0.2,1.0,1.0,0.0,1.0,1.0,0.5,0.0,0.0,0.0,0.0,0.4,0.4,0.09644,0.4,0.8,0.0,0.5,0.0,0.0,0.16,0.04,0.99924,0.0,1.0,1.0,1.0,1.0,1.0,1.0,0.99774,1.0,0.25,0.48043,0.31616,0.0,0.0,0.5,0.75,1.0,0.7,1.0,1.0,0.5,0.5,0.5,1.0,1.0,0.5,0.5,0.5,0.0,0.0,1.0,1.0,1.0,1.0,0.39954,1.0,0.2,0.0,1.0,0.0,1.0,0.0,1.0,0.0,0.5,0.0,0.5,0.4,0.5,0.09644,0.4,0.8,0.0,0.5,0.0,1.0,0.16,0.04,0.99868,0.0,1.0,1.0,1.0,1.0,1.0,0.0,0.01794,0.02492,0.0,1.0,1.0,1.0,0.0,1.0,1.0,1.0,0.5,1.0,1.0,0.5,0.5,0.5,1.0,1.0,0.5,0.5,0.5,0.0,0.0,1.0,1.0,1.0,1.0,0.39954,1.0,0.2,1.0,1.0,0.0,1.0,1.0,0.25,0.0,0.0,0.0,0.0,0.4,0.4,0.09644,0.4,0.8,0.0,0.5,0.0,0.0,0.16,0.04,0.99849,0.0,1.0,1.0,1.0,1.0,1.0,0.0,0.02343,0.03719,0.0,1.0,1.0,1.0,0.0,1.0,1.0,1.0,0.8,1.0,1.0,0.5,0.5,0.5,1.0,1.0,0.5,0.5,0.5,0.0,0.0,1.0,1.0,1.0,1.0,0.39954,1.0,0.2,1.0,1.0,0.0,1.0,1.0,0.25,0.0,0.0,0.0,0.0,0.4,0.4,0.09644,0.4,0.8,0.0,0.5,0.0,0.0,0.16,0.04,0.99924,0.0,1.0,1.0,1.0,1.0,1.0,1.0,0.84624,1.0,0.25,0.37759,0.23273,0.0,0.0,0.5,0.75,1.0,0.0,1.0,1.0,0.5,0.5,0.5,1.0,1.0,0.5,0.5,0.5,0.0,0.0,1.0,1.0,1.0,1.0,0.39954,1.0,0.2,0.0,1.0,0.0,1.0,0.0,1.0
0.0,0.0,0.0,0.0,0.6,0.4,0.09644,0.4,0.83333,0.0,0.5,0.0,0.0,0.16,0.04,0.99996,0.0,1.0,1.0,1.0,1.0,1.0,0.0,0.0001,1.0,0.0,1.0,1.0,1.0,0.0,1.0,1.0,1.0,1.0,1.0,1.0,0.5,0.5,0.5,1.0,1.0,0.5,0.5,0.5,0.0,0.0,1.0,1.0,1.0,1.0,0.39954,1.0,0.0,0.0,1.0,0.0,1.0,1.0,1.0,0.5,0.5,0.5,0.5,0.5,0.5,0.09644,0.4,0.83333,0.0,0.5,0.0,0.0,0.16,0.04,0.99939,0.0,1.0,1.0,1.0,1.0,0.5,1.0,0.84624,1.0,0.25,0.37759,0.23273,0.0,0.0,0.5,0.75,0.5,0.8,1.0,1.0,0.5,0.5,0.5,1.0,1.0,0.5,0.5,0.5,0.0,0.0,1.0,1.0,1.0,1.0,0.39954,1.0,0.2,0.0,1.0,0.0,1.0,0.0,0.5,0.0,0.0,0.0,0.0,0.4,0.4,0.09644,0.4,0.83333,0.0,0.5,0.0,0.0,0.16,0.04,0.99898,0.0,1.0,1.0,1.0,1.0,1.0,0.0,0.71036,1.0,0.25,0.69147,0.52843,0.0,0.0,0.5,0.75,0.5,0.8,1.0,1.0,0.5,0.5,0.5,1.0,1.0,1.0,0.39954,0.87032,0.0,0.0,1.0,1.0,1.0,1.0,0.39954,1.0,0.2,0.0,1.0,0.0,1.0,0.0,1.0,0.5,0.5,0.5,0.5,0.5,0.5,0.09644,0.4,0.83333,0.0,0.5,0.0,0.0,0.16,0.04,0.99987,0.0,1.0,1.0,1.0,1.0,0.5,0.0,0.01569,0.02037,0.0,1.0,1.0,1.0,0.0,1.0,1.0,0.5,0.6,1.0,1.0,0.5,0.5,0.5,1.0,1.0,0.5,0.5,0.5,0.0,0.0,1.0,1.0,1.0,1.0,0.39954,1.0,0.2,1.0,1.0,0.0,1.0,1.0,0.5,0.0,0.0,0.0,0.0,0.4,0.4,0.09644,0.4,0.83333,0.0,0.5,0.0,0.0,0.16,0.04,0.99939,0.0,1.0,1.0,1.0,1.0,1.0,1.0,0.99774,1.0,0.25,0.48043,0.31616,0.0,0.0,0.5,0.75,1.0,0.7,1.0,1.0,0.5,0.5,0.5,1.0,1.0,0.5,0.5,0.5,0.0,0.0,1.0,1.0,1.0,1.0,0.39954,1.0,0.2,0.0,1.0,0.0,1.0,0.0,1.0,0.0,0.5,0.0,0.5,0.4,0.5,0.09644,0.4,0.83333,0.0,0.5,0.0,1.0,0.16,0.04,0.99894,0.0,1.0,1.0,1.0,1.0,1.0,0.0,0.01794,0.02492,0.0,1.0,1.0,1.0,0.0,1.0,1.0,1.0,0.5,1.0,1.0,0.5,0.5,0.5,1.0,1.0,0.5,0.5,0.5,0.0,0.0,1.0,1.0,1.0,1.0,0.39954,1.0,0.2,1.0,1.0,0.0,1.0,1.0,0.25,0.0,0.0,0.0,0.0,0.4,0.4,0.09644,0.4,0.83333,0.0,0.5,0.0,0.0,0.16,0.04,0.99879,0.0,1.0,1.0,1.0,1.0,1.0,0.0,0.02343,0.03719,0.0,1.0,1.0,1.0,0.0,1.0,1.0,1.0,0.8,1.0,1.0,0.5,0.5,0.5,1.0,1.0,0.5,0.5,0.5,0.0,0.0,1.0,1.0,1.0,1.0,0.39954,1.0,0.2,1.0,1.0,0.0,1.0,1.0,0.25,0.0,0.0,0.0,0.0,0.4,0.4,0.09644,0.4,0.83333,0.0,0.5,0.0,0.0,0.16,0.04,0.99939,0.0,1.0,1.0,1.0,1.0,1.0,1.0,0.84624,1.0,0.25,0.37759,0.23273,0.0,0.0,0.5,0.75,1.0,0.0,1.0,1.0,0.5,0.5,0.5,1.0,1.0,0.5,0.5,0.5,0.0,0.0,1.0,1.0,1.0,1.0,0.39954,1.0,0.2,0.0,1.0,0.0,1.0,0.0,1.0
0.0,0.0,0.0,0.0,0.6,0.4,0.09644,0.4,0.86667,0.0,0.5,0.0,0.0,0.16,0.04,0.99996,0.0,1.0,1.0,1.0,1.0,1.0,0.0,0.0001,1.0,0.0,1.0,1.0,1.0,0.0,1.0,1.0,1.0,1.0,1.0,1.0,0.5,0.5,0.5,1.0,1.0,0.5,0.5,0.5,0.0,0.0,1.0,1.0,1.0,1.0,0.39954,1.0,0.0,0.0,1.0,0.0,1.0,1.0,1.0,0.5,0.5,0.5,0.5,0.5,0.5,0.09644,0.4,0.86667,0.0,0.5,0.0,0.0,0.16,0.04,0.99951,0.0,1.0,1.0,1.0,1.0,0.5,1.0,0.84624,1.0,0.25,0.37759,0.23273,0.0,0.0,0.5,0.75,0.5,0.8,1.0,1.0,0.5,0.5,0.5,1.0,1.0,0.5,0.5,0.5,0.0,0.0,1.0,1.0,1.0,1.0,0.39954,1.0,0.2,0.0,1.0,0.0,1.0,0.0,0.5,0.0,0.0,0.0,0.0,0.4,0.4,0.09644,0.4,0.86667,0.0,0.5,0.0,0.0,0.16,0.04,0.99918,0.0,1.0,1.0,1.0,1.0,1.0,0.0,0.71036,1.0,0.25,0.69147,0.52843,0.0,0.0,0.5,0.75,0.5,0.8,1.0,1.0,0.5,0.5,0.5,1.0,1.0,1.0,0.39954,0.87032,0.0,0.0,1.0,1.0,1.0,1.0,0.39954,1.0,0.2,0.0,1.0,0.0,1.0,0.0,1.0,0.5,0.5,0.5,0.5,0.5,0.5,0.09644,0.4,0.86667,0.0,0.5,0.0,0.0,0.16,0.04,0.9999,0.0,1.0,1.0,1.0,1.0,0.5,0.0,0.01569,0.02037,0.0,1.0,1.0,1.0,0.0,1.0,1.0,0.5,0.6,1.0,1.0,0.5,0.5,0.5,1.0,1.0,0.5,0.5,0.5,0.0,0.0,1.0,1.0,1.0,1.0,0.39954,1.0,0.2,1.0,1.0,0.0,1.0,1.0,0.5,0.0,0.0,0.0,0.0,0.4,0.4,0.09644,0.4,0.86667,0.0,0.5,0.0,0.0,0.16,0.04,0.99951,0.0,1.0,1.0,1.0,1.0,1.0,1.0,0.99774,1.0,0.25,0.48043,0.31616,0.0,0.0,0.5,0.75,1.0,0.7,1.0,1.0,0.5,0.5,0.5,1.0,1.0,0.5,0.5,0.5,0.0,0.0,1.0,1.0,1.0,1.0,0.39954,1.0,0.2,0.0,1.0,0.0,1.0,0.0,1.0,0.0,0.5,0.0,0.5,0.4,0.5,0.09644,0.4,0.86667,0.0,0.5,0.0,1.0,0.16,0.04,0.99915,0.0,1.0,1.0,1.0,1.0,1.0,0.0,0.01794,0.02492,0.0,1.0,1.0,1.0,0.0,1.0,1.0,1.0,0.5,1.0,1.0,0.5,0.5,0.5,1.0,1.0,0.5,0.5,0.5,0.0,0.0,1.0,1.0,1.0,1.0,0.39954,1.0,0.2,1.0,1.0,0.0,1.0,1.0,0.25,0.0,0.0,0.0,0.0,0.4,0.4,0.09644,0.4,0.86667,0.0,0.5,0.0,0.0,0.16,0.04,0.99902,0.0,1.0,1.0,1.0,1.0,1.0,0.0,0.02343,0.03719,0.0,1.0,1.0,1.0,0.0,1.0,1.0,1.0,0.8,1.0,1.0,0.5,0.5,0.5,1.0,1.0,0.5,0.5,0.5,0.0,0.0,1.0,1.0,1.0,1.0,0.39954,1.0,0.2,1.0,1.0,0.0,1.0,1.0,0.25,0.0,0.0,0.0,0.0,0.4,0.4,0.09644,0.4,0.86667,0.0,0.5,0.0,0.0,0.16,0.04,0.99951,0.0,1.0,1.0,1.0,1.0,1.0,1.0,0.84624,1.0,0.25,0.37759,0.23273,0.0,0.0,0.5,0.75,1.0,0.0,1.0,1.0,0.5,0.5,0.5,1.0,1.0,0.5,0.5,0.5,0.0,0.0,1.0,1.0,1.0,1.0,0.39954,1.0,0.2,0.0,1.0,0.0,1.0,0.0,1.0
0.0,0.0,0.0,0.0,0.6,0.4,0.09644,0.4,0.9,0.0,0.5,0.0,0.0,0.16,0.04,0.99997,0.0,1.0,1.0,1.0,1.0,1.0,0.0,0.0001,1.0,0.0,1.0,1.0,1.0,0.0,1.0,1.0,1.0,1.0,1.0,1.0,0.5,0.5,0.5,1.0,1.0,0.5,0.5,0.5,0.0,0.0,1.0,1.0,1.0,1.0,0.39954,1.0,0.0,0.0,1.0,0.0,1.0,1.0,1.0,0.5,0.5,0.5,0.5,0.5,0.5,0.09644,0.4,0.9,0.0,0.5,0.0,0.0,0.16,0.04,0.99961,0.0,1.0,1.0,1.0,1.0,0.5,1.0,0.84624,1.0,0.25,0.37759,0.23273,0.0,0.0,0.5,0.75,0.5,0.8,1.0,1.0,0.5,0.5,0.5,1.0,1.0,0.5,0.5,0.5,0.0,0.0,1.0,1.0,1.0,1.0,0.39954,1.0,0.2,0.0,1.0,0.0,1.0,0.0,0.5,0.0,0.0,0.0,0.0,0.4,0.4,0.09644,0.4,0.9,0.0,0.5,0.0,0.0,0.16,0.04,0.99934,0.0,1.0,1.0,1.0,1.0,1.0,0.0,0.71036,1.0,0.25,0.69147,0.52843,0.0,0.0,0.5,0.75,0.5,0.8,1.0,1.0,0.5,0.5,0.5,1.0,1.0,1.0,0.39954,0.87032,0.0,0.0,1.0,1.0,1.0,1.0,0.39954,1.0,0.2,0.0,1.0,0.0,1.0,0.0,1.0,0.5,0.5,0.5,0.5,0.5,0.5,0.09644,0.4,0.9,0.0,0.5,0.0,0.0,0.16,0.04,0.99992,0.0,1.0,1.0,1.0,1.0,0.5,0.0,0.01569,0.02037,0.0,1.0,1.0,1.0,0.0,1.0,1.0,0.5,0.6,1.0,1.0,0.5,0.5,0.5,1.0,1.0,0.5,0.5,0.5,0.0,0.0,1.0,1.0,1.0,1.0,0.39954,1.0,0.2,1.0,1.0,0.0,1.0,1.0,0.5,0.0,0.0,0.0,0.0,0.4,0.4,0.09644,0.4,0.9,0.0,0.5,0.0,0.0,0.16,0.04,0.99961,0.0,1.0,1.0,1.0,1.0,1.0,1.0,0.99774,1.0,0.25,0.48043,0.31616,0.0,0.0,0.5,0.75,1.0,0.7,1.0,1.0,0.5,0.5,0.5,1.0,1.0,0.5,0.5,0.5,0.0,0.0,1.0,1.0,1.0,1.0,0.39954,1.0,0.2,0.0,1.0,0.0,1.0,0.0,1.0,0.0,0.5,0.0,0.5,0.4,0.5,0.09644,0.4,0.9,0.0,0.5,0.0,1.0,0.16,0.04,0.99931,0.0,1.0,1.0,1.0,1.0,1.0,0.0,0.01794,0.02492,0.0,1.0,1.0,1.0,0.0,1.0,1.0,1.0,0.5,1.0,1.0,0.5,0.5,0.5,1.0,1.0,0.5,0.5,0.5,0.0,0.0,1.0,1.0,1.0,1.0,0.39954,1.0,0.2,1.0,1.0,0.0,1.0,1.0,0.25,0.0,0.0,0.0,0.0,0.4,0.4,0.09644,0.4,0.9,0.0,0.5,0.0,0.0,0.16,0.04,0.99921,0.0,1.0,1.0,1.0,1.0,1.0,0.0,0.02343,0.03719,0.0,1.0,1.0,1.0,0.0,1.0,1.0,1.0,0.8,1.0,1.0,0.5,0.5,0.5,1.0,1.0,0.5,0.5,0.5,0.0,0.0,1.0,1.0,1.0,1.0,0.39954,1.0,0.2,1.0,1.0,0.0,1.0,1.0,0.25,0.0,0.0,0.0,0.0,0.4,0.4,0.09644,0.4,0.9,0.0,0.5,0.0,0.0,0.16,0.04,0.99961,0.0,1.0,1.0,1.0,1.0,1.0,1.0,0.84624,1.0,0.25,0.37759,0.23273,0.0,0.0,0.5,0.75,1.0,0.0,1.0,1.0,0.5,0.5,0.5,1.0,1.0,0.5,0.5,0.5,0.0,0.0,1.0,1.0,1.0,1.0,0.39954,1.0,0.2,0.0,1.0,0.0,1.0,0.0,1.0
0.0,0.0,0.0,0.0,0.6,0.4,0.09644,0.4,0.93333,0.0,0.5,0.0,0.0,0.16,0.04,0.99998,0.0,1.0,1.0,1.0,1.0,1.0,0.0,0.0001,1.0,0.0,1.0,1.0,1.0,0.0,1.0,1.0,1.0,1.0,1.0,1.0,0.5,0.5,0.5,1.0,1.0,0.5,0.5,0.5,0.0,0.0,1.0,1.0,1.0,1.0,0.39954,1.0,0.0,0.0,1.0,0.0,1.0,1.0,1.0,0.5,0.5,0.5,0.5,0.5,0.5,0.09644,0.4,0.93333,0.0,0.5,0.0,0.0,0.16,0.04,0.99968,0.0,1.0,1.0,1.0,1.0,0.5,1.0,0.84624,1.0,0.25,0.37759,0.23273,0.0,0.0,0.5,0.75,0.5,0.8,1.0,1.0,0.5,0.5,0.5,1.0,1.0,0.5,0.5,0.5,0.0,0.0,1.0,1.0,1.0,1.0,0.39954,1.0,0.2,0.0,1.0,0.0,1.0,0.0,0.5,0.0,0.0,0.0,0.0,0.4,0.4,0.09644,0.4,0.93333,0.0,0.5,0.0,0.0,0.16,0.04,0.99946,0.0,1.0,1.0,1.0,1.0,1.0,0.0,0.71036,1.0,0.25,0.69147,0.52843,0.0,0.0,0.5,0.75,0.5,0.8,1.0,1.0,0.5,0.5,0.5,1.0,1.0,1.0,0.39954,0.87032,0.0,0.0,1.0,1.0,1.0,1.0,0.39954,1.0,0.2,0.0,1.0,0.0,1.0,0.0,1.0,0.5,0.5,0.5,0.5,0.5,0.5,0.09644,0.4,0.93333,0.0,0.5,0.0,0.0,0.16,0.04,0.99993,0.0,1.0,1.0,1.0,1.0,0.5,0.0,0.01569,0.02037,0.0,1.0,1.0,1.0,0.0,1.0,1.0,0.5,0.6,1.0,1.0,0.5,0.5,0.5,1.0,1.0,0.5,0.5,0.5,0.0,0.0,1.0,1.0,1.0,1.0,0.39954,1.0,0.2,1.0,1.0,0.0,1.0,1.0,0.5,0.0,0.0,0.0,0.0,0.4,0.4,0.09644,0.4,0.93333,0.0,0.5,0.0,0.0,0.16,0.04,0.99968,0.0,1.0,1.0,1.0,1.0,1.0,1.0,0.99774,1.0,0.25,0.48043,0.31616,0.0,0.0,0.5,0.75,1.0,0.7,1.0,1.0,0.5,0.5,0.5,1.0,1.0,0.5,0.5,0.5,0.0,0.0,1.0,1.0,1.0,1.0,0.39954,1.0,0.2,0.0,1.0,0.0,1.0,0.0,1.0,0.0,0.5,0.0,0.5,0.4,0.5,0.09644,0.4,0.93333,0.0,0.5,0.0,1.0,0.16,0.04,0.99945,0.0,1.0,1.0,1.0,1.0,1.0,0.0,0.01794,0.02492,0.0,1.0,1.0,1.0,0.0,1.0,1.0,1.0,0.5,1.0,1.0,0.5,0.5,0.5,1.0,1.0,0.5,0.5,0.5,0.0,0.0,1.0,1.0,1.0,1.0,0.39954,1.0,0.2,1.0,1.0,0.0,1.0,1.0,0.25,0.0,0.0,0.0,0.0,0.4,0.4,0.09644,0.4,0.93333,0.0,0.5,0.0,0.0,0.16,0.04,0.99937,0.0,1.0,1.0,1.0,1.0,1.0,0.0,0.02343,0.03719,0.0,1.0,1.0,1.0,0.0,1.0,1.0,1.0,0.8,1.0,1.0,0.5,0.5,0.5,1.0,1.0,0.5,0.5,0.5,0.0,0.0,1.0,1.0,1.0,1.0,0.39954,1.0,0.2,1.0,1.0,0.0,1.0,1.0,0.25,0.0,0.0,0.0,0.0,0.4,0.4,0.09644,0.4,0.93333,0.0,0.5,0.0,0.0,0.16,0.04,0.99968,0.0,1.0,1.0,1.0,1.0,1.0,1.0,0.84624,1.0,0.25,0.37759,0.23273,0.0,0.0,0.5,0.75,1.0,0.0,1.0,1.0,0.5,0.5,0.5,1.0,1.0,0.5,0.5,0.5,0.0,0.0,1.0,1.0,1.0,1.0,0.39954,1.0,0.2,0.0,1.0,0.0,1.0,0.0,1.0
0.0,0.0,0.0,0.0,0.6,0.4,0.09644,0.4,0.96667,0.0,0.5,0.0,0.0,0.16,0.04,0.99998,0.0,1.0,1.0,1.0,1.0,1.0,0.0,0.0001,1.0,0.0,1.0,1.0,1.0,0.0,1.0,1.0,1.0,1.0,1.0,1.0,0.5,0.5,0.5,1.0,1.0,0.5,0.5,0.5,0.0,0.0,1.0,1.0,1.0,1.0,0.39954,1.0,0.0,0.0,1.0,0.0,1.0,1.0,1.0,0.5,0.5,0.5,0.5,0.5,0.5,0.09644,0.4,0.96667,0.0,0.5,0.0,0.0,0.16,0.04,0.99974,0.0,1.0,1.0,1.0,1.0,0.5,1.0,0.84624,1.0,0.25,0.37759,0.23273,0.0,0.0,0.5,0.75,0.5,0.8,1.0,1.0,0.5,0.5,0.5,1.0,1.0,0.5,0.5,0.5,0.0,0.0,1.0,1.0,1.0,1.0,0.39954,1.0,0.2,0.0,1.0,0.0,1.0,0.0,0.5,0.0,0.0,0.0,0.0,0.4,0.4,0.09644,0.4,0.96667,0.0,0.5,0.0,0.0,0.16,0.04,0.99957,0.0,1.0,1.0,1.0,1.0,1.0,0.0,0.71036,1.0,0.25,0.69147,0.52843,0.0,0.0,0.5,0.75,0.5,0.8,1.0,1.0,0.5,0.5,0.5,1.0,1.0,1.0,0.39954,0.87032,0.0,0.0,1.0,1.0,1.0,1.0,0.39954,1.0,0.2,0.0,1.0,0.0,1.0,0.0,1.0,0.5,0.5,0.5,0.5,0.5,0.5,0.09644,0.4,0.96667,0.0,0.5,0.0,0.0,0.16,0.04,0.99995,0.0,1.0,1.0,1.0,1.0,0.5,0.0,0.01569,0.02037,0.0,1.0,1.0,1.0,0.0,1.0,1.0,0.5,0.6,1.0,1.0,0.5,0.5,0.5,1.0,1.0,0.5,0.5,0.5,0.0,0.0,1.0,1.0,1.0,1.0,0.39954,1.0,0.2,1.0,1.0,0.0,1.0,1.0,0.5,0.0,0.0,0.0,0.0,0.4,0.4,0.09644,0.4,0.96667,0.0,0.5,0.0,0.0,0.16,0.04,0.99974,0.0,1.0,1.0,1.0,1.0,1.0,1.0,0.99774,1.0,0.25,0.48043,0.31616,0.0,0.0,0.5,0.75,1.0,0.7,1.0,1.0,0.5,0.5,0.5,1.0,1.0,0.5,0.5,0.5,0.0,0.0,1.0,1.0,1.0,1.0,0.39954,1.0,0.2,0.0,1.0,0.0,1.0,0.0,1.0,0.0,0.5,0.0,0.5,0.4,0.5,0.09644,0.4,0.96667,0.0,0.5,0.0,1.0,0.16,0.04,0.99955,0.0,1.0,1.0,1.0,1.0,1.0,0.0,0.01794,0.02492,0.0,1.0,1.0,1.0,0.0,1.0,1.0,1.0,0.5,1.0,1.0,0.5,0.5,0.5,1.0,1.0,0.5,0.5,0.5,0.0,0.0,1.0,1.0,1.0,1.0,0.39954,1.0,0.2,1.0,1.0,0.0,1.0,1.0,0.25,0.0,0.0,0.0,0.0,0.4,0.4,0.09644,0.4,0.96667,0.0,0.5,0.0,0.0,0.16,0.04,0.99949,0.0,1.0,1.0,1.0,1.0,1.0,0.0,0.02343,0.03719,0.0,1.0,1.0,1.0,0.0,1.0,1.0,1.0,0.8,1.0,1.0,0.5,0.5,0.5,1.0,1.0,0.5,0.5,0.5,0.0,0.0,1.0,1.0,1.0,1.0,0.39954,1.0,0.2,1.0,1.0,0.0,1.0,1.0,0.25,0.0,0.0,0.0,0.0,0.4,0.4,0.09644,0.4,0.96667,0.0,0.5,0.0,0.0,0.16,0.04,0.99974,0.0,1.0,1.0,1.0,1.0,1.0,1.0,0.84624,1.0,0.25,0.37759,0.23273,0.0,0.0,0.5,0.75,1.0,0.0,1.0,1.0,0.5,0.5,0.5,1.0,1.0,0.5,0.5,0.5,0.0,0.0,1.0,1.0,1.0,1.0,0.39954,1.0,0.2,0.0,1.0,0.0,1.0,0.0,1.0
0.0,0.0,0.0,0.0,0.6,0.4,0.09644,0.4,1.0,0.0,0.5,0.0,0.0,0.16,0.04,0.99999,0.0,1.0,1.0,1.0,1.0,1.0,0.0,0.0001,1.0,0.0,1.0,1.0,1.0,0.0,1.0,1.0,1.0,1.0,1.0,1.0,0.5,0.5,0.5,1.0,1.0,0.5,0.5,0.5,0.0,0.0,1.0,1.0,1.0,1.0,0.39954,1.0,0.0,0.0,1.0,0.0,1.0,1.0,1.0,0.5,0.5,0.5,0.5,0.5,0.5,0.09644,0.4,1.0,0.0,0.5,0.0,0.0,0.16,0.04,0.99979,0.0,1.0,1.0,1.0,1.0,0.5,1.0,0.84624,1.0,0.25,0.37759,0.23273,0.0,0.0,0.5,0.75,0.5,0.8,1.0,1.0,0.5,0.5,0.5,1.0,1.0,0.5,0.5,0.5,0.0,0.0,1.0,1.0,1.0,1.0,0.39954,1.0,0.2,0.0,1.0,0.0,1.0,0.0,0.5,0.0,0.0,0.0,0.0,0.4,0.4,0.09644,0.4,1.0,0.0,0.5,0.0,0.0,0.16,0.04,0.99965,0.0,1.0,1.0,1.0,1.0,1.0,0.0,0.71036,1.0,0.25,0.69147,0.52843,0.0,0.0,0.5,0.75,0.5,0.8,1.0,1.0,0.5,0.5,0.5,1.0,1.0,1.0,0.39954,0.87032,0.0,0.0,1.0,1.0,1.0,1.0,0.39954,1.0,0.2,0.0,1.0,0.0,1.0,0.0,1.0,0.5,0.5,0.5,0.5,0.5,0.5,0.09644,0.4,1.0,0.0,0.5,0.0,0.0,0.16,0.04,0.99996,0.0,1.0,1.0,1.0,1.0,0.5,0.0,0.01569,0.02037,0.0,1.0,1.0,1.0,0.0,1.0,1.0,0.5,0.6,1.0,1.0,0.5,0.5,0.5,1.0,1.0,0.5,0.5,0.5,0.0,0.0,1.0,1.0,1.0,1.0,0.39954,1.0,0.2,1.0,1.0,0.0,1.0,1.0,0.5,0.0,0.0,0.0,0.0,0.4,0.4,0.09644,0.4,1.0,0.0,0.5,0.0,0.0,0.16,0.04,0.99979,0.0,1.0,1.0,1.0,1.0,1.0,1.0,0.99774,1.0,0.25,0.48043,0.31616,0.0,0.0,0.5,0.75,1.0,0.7,1.0,1.0,0.5,0.5,0.5,1.0,1.0,0.5,0.5,0.5,0.0,0.0,1.0,1.0,1.0,1.0,0.39954,1.0,0.2,0.0,1.0,0.0,1.0,0.0,1.0,0.0,0.5,0.0,0.5,0.4,0.5,0.09644,0.4,1.0,0.0,0.5,0.0,1.0,0.16,0.04,0.99964,0.0,1.0,1.0,1.0,1.0,1.0,0.0,0.01794,0.02492,0.0,1.0,1.0,1.0,0.0,1.0,1.0,1.0,0.5,1.0,1.0,0.5,0.5,0.5,1.0,1.0,0.5,0.5,0.5,0.0,0.0,1.0,1.0,1.0,1.0,0.39954,1.0,0.2,1.0,1.0,0.0,1.0,1.0,0.25,0.0,0.0,0.0,0.0,0.4,0.4,0.09644,0.4,1.0,0.0,0.5,0.0,0.0,0.16,0.04,0.99959,0.0,1.0,1.0,1.0,1.0,1.0,0.0,0.02343,0.03719,0.0,1.0,1.0,1.0,0.0,1.0,1.0,1.0,0.8,1.0,1.0,0.5,0.5,0.5,1.0,1.0,0.5,0.5,0.5,0.0,0.0,1.0,1.0,1.0,1.0,0.39954,1.0,0.2,1.0,1.0,0.0,1.0,1.0,0.25,0.0,0.0,0.0,0.0,0.4,0.4,0.09644,0.4,1.0,0.0,0.5,0.0,0.0,0.16,0.04,0.99979,0.0,1.0,1.0,1.0,1.0,1.0,1.0,0.84624,1.0,0.25,0.37759,0.23273,0.0,0.0,0.5,0.75,1.0,0.0,1.0,1.0,0.5,0.5,0.5,1.0,1.0,0.5,0.5,0.5,0.0,0.0,1.0,1.0,1.0,1.0,0.39954,1.0,0.2,0.0,1.0,0.0,1.0,0.0,1.0
1.0,1.0,0.0,1.0,0.6,0.6,0.33144,0.8,0.8,0.0,0.5,0.0,0.0,0.2,0.08,0.0,0.99967,1.0,1.0,0.8,1.0,1.0,0.0,0.0001,1.0,0.25,1.0,1.0,1.0,0.0,1.0,1.0,1.0,1.0,1.0,1.0,0.5,1.0,0.5,1.0,1.0,1.0,0.78714,1.0,0.0,0.0,1.0,1.0,1.0,1.0,0.78714,0.1,0.2,1.0,1.0,1.0,1.0,0.0,1.0,0.0,0.0,0.0,0.0,0.6,0.6,0.33144,0.8,0.8,0.0,0.5,0.0,0.0,0.2,0.08,0.0,0.9952,1.0,1.0,0.8,1.0,1.0,1.0,0.85172,1.0,0.25,1.0,1.0,1.0,0.0,1.0,1.0,1.0,0.8,1.0,1.0,0.5,1.0,0.5,1.0,1.0,0.5,0.5,0.5,0.0,0.0,1.0,1.0,1.0,1.0,0.78714,0.2,0.4,1.0,1.0,1.0,1.0,0.0,1.0,1.0,1.0,1.0,1.0,0.6,0.8,0.33144,0.8,0.8,0.0,0.5,0.0,0.0,0.2,0.08,0.0,0.99154,1.0,1.0,0.8,1.0,1.0,0.0,0.68131,1.0,0.25,1.0,1.0,1.0,0.0,1.0,1.0,0.75,0.8,1.0,1.0,0.5,1.0,0.5,1.0,1.0,0.64591,0.46863,0.74374,0.0,0.0,1.0,1.0,1.0,1.0,0.78714,0.4,0.4,1.0,1.0,1.0,1.0,0.0,0.75,0.5,0.5,0.5,0.5,0.5,0.5,0.33144,0.8,0.8,0.0,0.5,0.0,0.0,0.2,0.08,0.0,0.99906,1.0,1.0,0.8,1.0,0.5,1.0,0.7039,0.91416,0.25,1.0,1.0,1.0,0.0,1.0,1.0,0.5,0.6,1.0,1.0,0.5,0.5,0.5,1.0,1.0,0.5,0.5,0.5,0.0,0.0,1.0,1.0,1.0,1.0,0.78714,0.6,0.4,1.0,1.0,1.0,1.0,0.0,0.5,1.0,1.0,1.0,1.0,0.6,0.8,0.33144,0.8,0.8,0.0,0.5,0.0,0.0,0.2,0.08,0.0,0.9952,1.0,1.0,0.8,1.0,1.0,1.0,0.88131,1.0,0.5,1.0,1.0,1.0,0.0,1.0,0.75,0.75,0.7,1.0,1.0,0.5,0.27297,0.5,1.0,1.0,0.5,0.5,0.5,0.0,0.0,1.0,1.0,1.0,1.0,0.78714,1.0,0.2,1.0,1.0,0.0,1.0,1.0,1.0,0.5,0.5,0.5,0.5,0.5,0.5,0.33144,0.8,0.8,0.0,0.5,0.0,0.0,0.2,0.08,0.0,0.99121,1.0,1.0,0.8,1.0,0.5,1.0,0.80506,1.0,0.25,1.0,1.0,1.0,0.0,1.0,1.0,0.5,0.5,1.0,1.0,0.5,0.5,0.5,1.0,1.0,0.5,0.5,0.5,0.0,0.0,1.0,1.0,1.0,1.0,0.78714,0.5,0.4,1.0,1.0,1.0,1.0,0.0,0.5,1.0,1.0,1.0,1.0,0.6,0.6,0.33144,0.8,0.8,0.0,0.5,0.0,0.0,0.2,0.08,0.0,0.98976,1.0,1.0,0.8,1.0,1.0,0.0,0.94979,1.0,0.25,1.0,1.0,1.0,0.0,1.0,1.0,1.0,0.8,1.0,1.0,0.5,1.0,0.5,1.0,1.0,0.5,0.5,0.5,0.0,0.0,1.0,1.0,1.0,1.0,0.78714,0.5,0.4,1.0,1.0,1.0,1.0,0.0,1.0,1.0,0.5,1.0,0.5,0.8,0.5,0.33144,0.8,0.8,0.0,0.5,0.0,1.0,0.2,0.08,0.0,0.9952,1.0,1.0,0.8,1.0,1.0,1.0,0.85172,1.0,0.25,1.0,1.0,1.0,0.0,1.0,1.0,1.0,0.0,1.0,1.0,0.5,0.5,0.5,1.0,1.0,0.5,0.5,0.5,0.0,0.0,1.0,1.0,1.0,1.0,0.78714,1.0,0.2,0.0,1.0,0.0,1.0,0.0,1.0
0.0,0.5,0.0,0.5,0.6,0.5,0.29095,0.6,0.7,0.0,0.5,0.0,1.0,0.32,0.12,0.9997,0.0,1.0,1.0,0.6,1.0,1.0,0.0,0.0001,1.0,0.0,0.91186,0.83801,0.0,0.0,0.98617,1.0,1.0,1.0,1.0,1.0,0.5,0.5,0.5,1.0,1.0,1.0,0.55748,1.0,0.0,0.0,1.0,1.0,1.0,1.0,0.55748,0.0,0.2,1.0,1.0,0.0,1.0,1.0,1.0,1.0,1.0,1.0,1.0,0.6,0.6,0.29095,0.6,0.7,0.0,0.5,0.0,0.0,0.32,0.12,0.99543,0.0,1.0,1.0,0.6,1.0,0.6,1.0,0.83107,1.0,0.0,0.91186,0.83801,0.0,0.0,0.98617,1.0,0.75,0.8,1.0,1.0,0.5,0.5,0.5,1.0,1.0,0.5,0.5,0.5,0.0,0.0,1.0,1.0,1.0,1.0,0.55748,0.2,0.4,1.0,1.0,0.0,1.0,1.0,1.0,1.0,1.0,1.0,1.0,0.6,0.6,0.29095,0.6,0.7,0.0,0.5,0.0,0.0,0.32,0.12,0.99177,0.0,1.0,1.0,0.6,1.0,0.6,0.0,0.70517,1.0,0.0,0.91186,0.83801,0.0,0.0,0.98617,1.0,0.75,0.8,1.0,1.0,0.5,0.5,0.5,1.0,1.0,0.76124,0.47295,1.0,0.0,0.0,1.0,1.0,1.0,1.0,0.55748,0.3,0.4,1.0,1.0,0.0,1.0,1.0,1.0,0.5,0.5,0.5,0.5,0.5,0.5,0.29095,0.6,0.7,0.0,0.5,0.0,0.0,0.32,0.12,0.99912,0.0,1.0,1.0,0.6,1.0,0.5,1.0,0.68683,0.89199,0.0,0.91186,0.83801,0.0,0.0,0.98617,1.0,0.5,0.6,1.0,1.0,0.5,0.5,0.5,1.0,1.0,0.5,0.5,0.5,0.0,0.0,1.0,1.0,1.0,1.0,0.55748,0.5,0.4,1.0,1.0,0.0,1.0,1.0,0.5,1.0,1.0,1.0,1.0,0.6,0.6,0.29095,0.6,0.7,0.0,0.5,0.0,0.0,0.32,0.12,0.99543,0.0,1.0,1.0,0.6,1.0,0.6,0.0,0.80853,1.0,0.25,1.0,1.0,1.0,0.0,1.0,0.75,0.75,0.7,1.0,1.0,0.5,0.5,0.5,1.0,1.0,0.5,0.5,0.5,0.0,0.0,1.0,1.0,1.0,1.0,0.55748,1.0,0.2,1.0,1.0,0.0,1.0,0.0,1.0,0.5,0.5,0.5,0.5,0.5,0.5,0.29095,0.6,0.7,0.0,0.5,0.0,0.0,0.32,0.12,0.99144,0.0,1.0,1.0,0.6,1.0,0.5,1.0,0.78554,1.0,0.0,0.91186,0.83801,0.0,0.0,0.98617,1.0,0.5,0.5,1.0,1.0,0.5,0.5,0.5,1.0,1.0,0.5,0.5,0.5,0.0,0.0,1.0,1.0,1.0,1.0,0.55748,0.5,0.4,1.0,1.0,0.0,1.0,1.0,0.5,1.0,1.0,1.0,1.0,0.6,0.8,0.29095,0.6,0.7,0.0,0.5,0.0,0.0,0.32,0.12,0.98994,0.0,1.0,1.0,0.6,1.0,0.8,1.0,0.97433,1.0,0.0,0.91186,0.83801,0.0,0.0,0.98617,1.0,1.0,0.8,1.0,1.0,0.5,0.5,0.5,1.0,1.0,0.5,0.5,0.5,0.0,0.0,1.0,1.0,1.0,1.0,0.55748,0.3,0.4,1.0,1.0,0.0,1.0,1.0,0.75,1.0,1.0,1.0,1.0,0.8,0.6,0.29095,0.6,0.7,0.0,0.5,0.0,0.0,0.32,0.12,0.99543,0.0,1.0,1.0,0.6,1.0,1.0,1.0,0.83107,1.0,0.0,0.91186,0.83801,0.0,0.0,0.98617,1.0,1.0,0.0,1.0,1.0,0.5,0.5,0.5,1.0,1.0,0.5,0.5,0.5,0.0,0.0,1.0,1.0,1.0,1.0,0.55748,1.0,0.2,0.0,1.0,0.0,1.0,1.0,1.0
0.0,0.5,0.0,0.5,1.0,0.5,0.20105,1.0,0.06667,0.0,1.0,0.0,1.0,0.09,0.0,0.5,0.5,0.97778,1.0,1.0,1.0,0.97778,1.0,0.0001,1.0,0.0,1.0,1.0,1.0,0.0,1.0,1.0,1.0,0.95,1.0,1.0,0.5,0.5,0.5,1.0,1.0,0.5,0.5,0.5,0.5,0.5,0.05,1.0,1.0,0.5,0.5,1.0,0.1,1.0,1.0,1.0,1.0,1.0,1.0,0.5,0.5,0.5,0.5,0.5,0.5,0.20105,1.0,0.06667,0.0,1.0,0.0,0.0,0.09,0.0,0.5,0.5,0.97778,1.0,1.0,1.0,0.5,1.0,0.58516,0.83595,0.11111,1.0,1.0,1.0,1.0,1.0,0.88889,0.5,0.8,1.0,1.0,0.5,0.5,0.5,1.0,1.0,0.5,0.5,0.5,0.5,0.5,1.0,1.0,1.0,0.5,0.5,0.75,0.2,1.0,1.0,1.0,1.0,0.0,0.5,0.5,0.5,0.5,0.5,0.5,0.5,0.20105,1.0,0.06667,0.0,1.0,0.0,0.0,0.09,0.0,0.5,0.5,0.97778,1.0,1.0,1.0,0.5,1.0,0.62611,1.0,0.11111,1.0,1.0,1.0,1.0,1.0,0.88889,0.5,0.8,1.0,1.0,0.5,0.5,0.5,1.0,1.0,0.5,0.5,0.5,0.5,0.5,1.0,1.0,1.0,0.5,0.5,0.85,0.2,1.0,1.0,1.0,1.0,0.0,0.5,0.5,0.5,0.5,0.5,0.5,0.5,0.20105,1.0,0.06667,0.0,1.0,0.0,0.0,0.09,0.0,0.5,0.5,0.97778,1.0,1.0,1.0,0.5,1.0,0.5732,0.74442,0.11111,1.0,1.0,1.0,1.0,1.0,0.88889,0.5,0.65,1.0,1.0,0.5,0.5,0.5,1.0,1.0,0.5,0.5,0.5,0.5,0.5,1.0,1.0,1.0,0.5,0.5,0.9,0.2,1.0,1.0,1.0,1.0,0.0,0.5,0.5,0.5,0.5,0.5,0.5,0.5,0.20105,1.0,0.06667,0.0,1.0,0.0,0.0,0.09,0.0,0.5,0.5,0.97778,1.0,1.0,1.0,0.5,1.0,0.71603,1.0,0.11111,1.0,1.0,1.0,1.0,1.0,0.88889,0.5,0.7,1.0,1.0,0.5,0.5,0.5,1.0,1.0,0.5,0.5,0.5,0.5,0.5,1.0,1.0,1.0,0.5,0.5,0.75,0.2,1.0,1.0,1.0,1.0,0.0,0.5,0.5,0.5,0.5,0.5,0.5,0.5,0.20105,1.0,0.06667,0.0,1.0,0.0,0.0,0.09,0.0,0.5,0.5,0.97778,1.0,1.0,1.0,0.5,1.0,0.07797,0.1083,0.0,1.0,1.0,1.0,0.0,1.0,1.0,0.5,0.5,1.0,1.0,0.5,0.5,0.5,1.0,1.0,0.5,0.5,0.5,0.5,0.5,1.0,1.0,1.0,0.5,0.5,1.0,0.1,1.0,1.0,1.0,1.0,1.0,0.5,0.5,0.5,0.5,0.5,0.5,0.5,0.20105,1.0,0.06667,0.0,1.0,0.0,0.0,0.09,0.0,0.5,0.5,0.97778,1.0,1.0,1.0,0.5,1.0,0.10184,0.16165,0.0,1.0,1.0,1.0,0.0,1.0,1.0,0.5,0.8,1.0,1.0,0.5,0.5,0.5,1.0,1.0,0.5,0.5,0.5,0.5,0.5,1.0,1.0,1.0,0.5,0.5,1.0,0.1,1.0,1.0,1.0,1.0,1.0,0.5,0.5,0.5,0.5,0.5,0.5,0.5,0.20105,1.0,0.06667,0.0,1.0,0.0,0.0,0.09,0.0,0.5,0.5,0.97778,1.0,1.0,1.0,0.5,1.0,0.58516,0.83595,0.11111,1.0,1.0,1.0,1.0,1.0,0.88889,0.5,0.0,1.0,1.0,0.5,0.5,0.5,1.0,1.0,0.5,0.5,0.5,0.5,0.5,1.0,1.0,1.0,0.5,0.5,1.0,0.1,0.0,1.0,1.0,1.0,0.0,0.5
0.0,0.0,0.0,1.0,1.0,1.0,0.12107,0.8,0.36667,0.0,1.0,0.0,0.0,0.1,0.01,0.4053,0.0,1.0,0.95556,1.0,1.0,1.0,0.0,0.0001,1.0,0.0,1.0,1.0,1.0,0.0,1.0,0.88889,1.0,1.0,1.0,1.0,0.5,0.5,0.5,1.0,1.0,0.5,0.5,0.5,0.0,0.0,1.0,1.0,1.0,1.0,0.14639,1.0,0.0,0.0,1.0,0.0,1.0,1.0,1.0,0.5,0.5,0.5,0.5,0.5,0.5,0.12107,0.8,0.36667,0.0,1.0,0.0,0.0,0.1,0.01,0.67478,0.0,1.0,0.95556,1.0,1.0,0.5,0.0,0.61241,0.87487,0.11111,1.0,1.0,1.0,0.0,1.0,1.0,0.5,0.8,1.0,1.0,0.5,0.5,0.5,1.0,1.0,0.5,0.5,0.5,0.0,0.0,1.0,1.0,1.0,1.0,0.14639,0.2,0.2,1.0,1.0,1.0,1.0,0.0,0.5,0.0,0.0,1.0,0.0,0.9,0.8,0.12107,0.8,0.36667,0.0,1.0,0.0,0.0,0.1,0.01,0.86668,0.0,1.0,0.95556,1.0,1.0,1.0,0.0,0.62754,1.0,0.11111,1.0,1.0,1.0,0.0,1.0,0.77778,0.77778,0.8,1.0,1.0,0.5,0.5,0.5,1.0,1.0,1.0,0.14639,0.84952,0.0,0.0,1.0,1.0,1.0,1.0,0.14639,0.55,0.2,1.0,1.0,1.0,1.0,0.0,0.55556,0.0,0.0,0.0,0.0,0.9,0.9,0.12107,0.8,0.36667,0.0,1.0,0.0,0.0,0.1,0.01,0.44508,0.0,1.0,0.95556,1.0,1.0,0.97778,0.0,0.59977,0.77892,0.11111,1.0,1.0,1.0,0.0,1.0,1.0,0.77778,0.65,1.0,1.0,0.5,0.5,0.5,1.0,1.0,0.5,0.5,0.5,0.0,0.0,1.0,1.0,1.0,1.0,0.14639,0.65,0.2,1.0,1.0,1.0,1.0,0.0,0.55556,0.0,0.5,0.0,0.5,0.8,0.5,0.12107,0.8,0.36667,0.0,1.0,0.0,1.0,0.1,0.01,0.67478,0.0,1.0,0.95556,1.0,1.0,1.0,0.0,0.73521,1.0,0.11111,1.0,1.0,1.0,0.0,1.0,1.0,0.77778,0.7,1.0,1.0,0.5,0.5,0.5,1.0,1.0,0.5,0.5,0.5,0.0,0.0,1.0,1.0,1.0,1.0,0.14639,0.3,0.2,1.0,1.0,1.0,1.0,0.0,1.0,0.0,0.0,1.0,0.0,1.0,1.0,0.12107,0.8,0.36667,0.0,1.0,0.0,0.0,0.1,0.01,0.88293,0.0,1.0,0.95556,1.0,1.0,0.97778,0.0,0.5897,0.81902,0.11111,1.0,1.0,1.0,0.0,1.0,0.77778,0.88889,0.5,1.0,1.0,0.5,0.5,0.5,1.0,1.0,0.5,0.5,0.5,0.0,0.0,1.0,1.0,1.0,1.0,0.14639,0.55,0.2,1.0,1.0,1.0,1.0,0.0,1.0,0.0,0.0,0.0,0.0,0.9,0.9,0.12107,0.8,0.36667,0.0,1.0,0.0,0.0,0.1,0.01,0.95218,0.0,1.0,0.95556,1.0,1.0,0.97778,0.0,0.60659,0.96285,0.11111,1.0,1.0,1.0,0.0,1.0,0.77778,0.88889,0.8,1.0,1.0,0.5,0.5,0.5,1.0,1.0,0.5,0.5,0.5,0.0,0.0,1.0,1.0,1.0,1.0,0.14639,0.55,0.2,1.0,1.0,1.0,1.0,0.0,0.55556,0.5,0.5,0.5,0.5,0.5,0.5,0.12107,0.8,0.36667,0.0,1.0,0.0,0.0,0.1,0.01,0.67478,0.0,1.0,0.95556,1.0,1.0,0.5,0.0,0.61241,0.87487,0.11111,1.0,1.0,1.0,0.0,1.0,1.0,0.5,0.0,1.0,1.0,0.5,0.5,0.5,1.0,1.0,0.5,0.5,0.5,0.0,0.0,1.0,1.0,1.0,1.0,0.14639,1.0,0.1,0.0,1.0,0.0,1.0,0.0,0.5
0.0,0.0,0.0,1.0,1.0,1.0,0.10499,0.5,0.4,0.0,1.0,0.0,0.0,0.11,0.01,0.6527,0.0,1.0,0.95556,1.0,1.0,1.0,0.0,0.0001,1.0,0.0,1.0,1.0,1.0,0.0,1.0,0.88889,1.0,1.0,1.0,1.0,0.5,0.5,0.5,1.0,1.0,0.5,0.5,0.5,0.0,0.0,1.0,1.0,1.0,1.0,0.14639,1.0,0.0,0.0,1.0,0.0,1.0,1.0,1.0,0.5,0.5,0.5,0.5,0.5,0.5,0.10499,0.5,0.4,0.0,1.0,0.0,0.0,0.11,0.01,0.81606,0.0,1.0,0.95556,1.0,1.0,0.5,0.0,0.59859,0.85513,0.11111,0.99362,0.98732,0.0,0.0,1.0,0.77778,0.5,0.8,1.0,1.0,0.5,0.5,0.5,1.0,1.0,0.5,0.5,0.5,0.0,0.0,1.0,1.0,1.0,1.0,0.14639,0.2,0.2,1.0,1.0,1.0,1.0,0.0,0.5,0.0,0.0,1.0,0.0,0.9,0.8,0.10499,0.5,0.4,0.0,1.0,0.0,0.0,0.11,0.01,0.93371,0.0,1.0,0.95556,1.0,1.0,1.0,0.0,0.59556,1.0,0.11111,1.0,1.0,1.0,0.0,0.5,0.77778,0.77778,0.8,1.0,1.0,0.5,0.5,0.5,1.0,1.0,1.0,0.14639,0.84952,0.0,0.0,1.0,1.0,1.0,1.0,0.14639,1.0,0.1,0.0,1.0,0.0,1.0,0.0,0.55556,0.0,0.0,0.0,0.0,0.9,0.9,0.10499,0.5,0.4,0.0,1.0,0.0,0.0,0.11,0.01,0.67668,0.0,1.0,0.95556,1.0,1.0,0.97778,0.0,0.58776,0.76332,0.11111,0.99362,0.98732,0.0,0.0,1.0,0.77778,0.77778,0.65,1.0,1.0,0.5,0.5,0.5,1.0,1.0,0.5,0.5,0.5,0.0,0.0,1.0,1.0,1.0,1.0,0.14639,0.6,0.2,1.0,1.0,1.0,1.0,0.0,0.55556,0.0,0.0,0.0,0.0,0.8,0.5,0.10499,0.5,0.4,0.0,1.0,0.0,0.0,0.11,0.01,0.81606,0.0,1.0,0.95556,1.0,1.0,1.0,0.0,0.71702,1.0,0.11111,0.95147,0.90744,0.0,0.0,1.0,0.77778,0.77778,0.7,1.0,1.0,0.5,0.5,0.5,1.0,1.0,0.5,0.5,0.5,0.0,0.0,1.0,1.0,1.0,1.0,0.14639,0.3,0.2,1.0,1.0,1.0,1.0,0.0,1.0,0.0,0.5,0.0,0.5,0.5,0.5,0.10499,0.5,0.4,0.0,1.0,0.0,1.0,0.11,0.01,0.94372,0.0,1.0,0.95556,1.0,1.0,1.0,1.0,0.59006,0.81953,0.11111,1.0,1.0,1.0,0.0,0.5,1.0,0.77778,0.5,1.0,1.0,0.5,0.5,0.5,1.0,1.0,0.5,0.5,0.5,0.0,0.0,1.0,1.0,1.0,1.0,0.14639,0.5,0.2,1.0,0.0,1.0,1.0,0.0,0.33333,0.0,0.0,0.0,0.0,0.9,0.9,0.10499,0.5,0.4,0.0,1.0,0.0,0.0,0.11,0.01,0.98648,0.0,1.0,0.95556,1.0,1.0,0.97778,1.0,0.61234,0.97197,0.11111,0.99362,0.98732,0.0,0.0,1.0,0.77778,0.88889,0.8,1.0,1.0,0.5,0.5,0.5,1.0,1.0,0.5,0.5,0.5,0.0,0.0,1.0,1.0,1.0,1.0,0.14639,0.45,0.2,1.0,1.0,1.0,1.0,0.0,0.55556,0.5,0.5,0.5,0.5,0.5,0.5,0.10499,0.5,0.4,0.0,1.0,0.0,0.0,0.11,0.01,0.81606,0.0,1.0,0.95556,1.0,1.0,0.5,0.0,0.59859,0.85513,0.11111,0.99362,0.98732,0.0,0.0,1.0,0.77778,0.5,0.0,1.0,1.0,0.5,0.5,0.5,1.0,1.0,0.5,0.5,0.5,0.0,0.0,1.0,1.0,1.0,1.0,0.14639,1.0,0.1,0.0,1.0,0.0,1.0,0.0,0.5
0.0,0.0,0.0,1.0,1.0,1.0,0.09062,0.4,0.43333,0.0,1.0,0.0,0.0,0.12,0.01,0.81722,0.0,1.0,0.95556,1.0,1.0,1.0,0.0,0.0001,1.0,0.0,1.0,1.0,1.0,0.0,1.0,0.88889,1.0,1.0,1.0,1.0,0.5,0.5,0.5,1.0,1.0,0.5,0.5,0.5,0.0,0.0,1.0,1.0,1.0,1.0,0.14639,1.0,0.0,0.0,1.0,0.0,1.0,1.0,1.0,0.5,0.5,0.5,0.5,0.5,0.5,0.09062,0.4,0.43333,0.0,1.0,0.0,0.0,0.12,0.01,0.90325,0.0,1.0,0.95556,1.0,1.0,0.5,0.0,0.59371,0.84816,0.11111,0.92287,0.85678,0.0,0.0,1.0,1.0,0.5,0.8,1.0,1.0,0.5,0.5,0.5,1.0,1.0,0.5,0.5,0.5,0.0,0.0,1.0,1.0,1.0,1.0,0.14639,0.2,0.2,1.0,1.0,1.0,1.0,0.0,0.5,0.0,0.0,1.0,0.0,0.9,0.8,0.09062,0.4,0.43333,0.0,1.0,0.0,0.0,0.12,0.01,0.96511,0.0,1.0,0.95556,1.0,1.0,1.0,0.0,0.58861,1.0,0.11111,1.0,1.0,1.0,0.0,0.5,0.77778,0.77778,0.8,1.0,1.0,0.5,0.5,0.5,1.0,1.0,1.0,0.14639,0.84952,0.0,0.0,1.0,1.0,1.0,1.0,0.14639,1.0,0.1,0.0,1.0,0.0,1.0,0.0,0.55556,0.0,0.0,0.0,0.0,0.9,0.9,0.09062,0.4,0.43333,0.0,1.0,0.0,0.0,0.12,0.01,0.82986,0.0,1.0,0.95556,1.0,1.0,0.97778,0.0,0.58369,0.75804,0.11111,0.92287,0.85678,0.0,0.0,1.0,1.0,0.77778,0.65,1.0,1.0,0.5,0.5,0.5,1.0,1.0,0.5,0.5,0.5,0.0,0.0,1.0,1.0,1.0,1.0,0.14639,0.55,0.2,1.0,1.0,1.0,1.0,0.0,0.55556,0.0,0.0,0.0,0.0,0.8,0.5,0.09062,0.4,0.43333,0.0,1.0,0.0,0.0,0.12,0.01,0.90325,0.0,1.0,0.95556,1.0,1.0,1.0,0.0,0.70214,1.0,0.11111,0.88101,0.78732,0.0,0.0,1.0,0.77778,0.77778,0.7,1.0,1.0,0.5,0.5,0.5,1.0,1.0,0.5,0.5,0.5,0.0,0.0,1.0,1.0,1.0,1.0,0.14639,0.3,0.2,1.0,1.0,1.0,1.0,0.0,1.0,0.0,0.5,0.0,0.5,0.4,0.5,0.09062,0.4,0.43333,0.0,1.0,0.0,1.0,0.12,0.01,0.97038,0.0,1.0,0.95556,1.0,1.0,1.0,1.0,0.59062,0.8203,0.11111,0.92287,0.85678,0.0,0.0,1.0,1.0,0.77778,0.5,1.0,1.0,0.5,0.5,0.5,1.0,1.0,0.5,0.5,0.5,0.0,0.0,1.0,1.0,1.0,1.0,0.14639,0.5,0.2,1.0,1.0,1.0,1.0,0.0,1.0,0.0,0.0,0.0,0.0,0.9,0.9,0.09062,0.4,0.43333,0.0,1.0,0.0,0.0,0.12,0.01,0.99284,0.0,1.0,0.95556,1.0,1.0,0.97778,0.0,0.60637,0.96249,0.11111,0.92287,0.85678,0.0,0.0,1.0,1.0,0.88889,0.8,1.0,1.0,0.5,0.5,0.5,1.0,1.0,0.5,0.5,0.5,0.0,0.0,1.0,1.0,1.0,1.0,0.14639,0.35,0.2,1.0,1.0,1.0,1.0,0.0,0.55556,0.5,0.5,0.5,0.5,0.5,0.5,0.09062,0.4,0.43333,0.0,1.0,0.0,0.0,0.12,0.01,0.90325,0.0,1.0,0.95556,1.0,1.0,0.5,0.0,0.59371,0.84816,0.11111,0.92287,0.85678,0.0,0.0,1.0,1.0,0.5,0.0,1.0,1.0,0.5,0.5,0.5,1.0,1.0,0.5,0.5,0.5,0.0,0.0,1.0,1.0,1.0,1.0,0.14639,1.0,0.1,0.0,1.0,0.0,1.0,0.0,0.5
0.0,0.0,0.0,1.0,1.0,1.0,0.0783,0.4,0.46667,0.0,1.0,0.0,0.0,0.13,0.01,0.92712,0.0,1.0,0.95556,1.0,1.0,1.0,0.0,0.0001,1.0,0.0,1.0,1.0,1.0,0.0,1.0,0.88889,1.0,1.0,1.0,1.0,0.5,0.5,0.5,1.0,1.0,0.5,0.5,0.5,0.0,0.0,1.0,1.0,1.0,1.0,0.14639,1.0,0.0,0.0,1.0,0.0,1.0,1.0,1.0,0.5,0.5,0.5,0.5,0.5,0.5,0.0783,0.4,0.46667,0.0,1.0,0.0,0.0,0.13,0.01,0.9646,0.0,1.0,0.95556,1.0,1.0,0.5,1.0,0.59725,0.85322,0.11111,0.81187,0.68331,0.0,0.0,1.0,1.0,0.5,0.8,1.0,1.0,0.5,0.5,0.5,1.0,1.0,0.5,0.5,0.5,0.0,0.0,1.0,1.0,1.0,1.0,0.14639,0.2,0.2,1.0,1.0,1.0,1.0,0.0,0.5,0.0,0.0,1.0,0.0,0.9,0.8,0.0783,0.4,0.46667,0.0,1.0,0.0,0.0,0.13,0.01,0.99165,0.0,1.0,0.95556,1.0,1.0,1.0,0.0,0.58323,1.0,0.11111,1.0,1.0,1.0,0.0,0.5,0.77778,0.77778,0.8,1.0,1.0,0.5,0.5,0.5,1.0,1.0,1.0,0.14639,0.84952,0.0,0.0,1.0,1.0,1.0,1.0,0.14639,1.0,0.1,0.0,1.0,0.0,1.0,0.0,0.55556,0.0,0.0,0.0,0.0,0.9,0.9,0.0783,0.4,0.46667,0.0,1.0,0.0,0.0,0.13,0.01,0.93262,0.0,1.0,0.95556,1.0,1.0,0.97778,1.0,0.58714,0.76252,0.11111,0.81187,0.68331,0.0,0.0,1.0,1.0,0.77778,0.65,1.0,1.0,0.5,0.5,0.5,1.0,1.0,0.5,0.5,0.5,0.0,0.0,1.0,1.0,1.0,1.0,0.14639,0.45,0.2,1.0,1.0,1.0,1.0,0.0,0.55556,0.0,0.0,0.0,0.0,0.8,0.5,0.0783,0.4,0.46667,0.0,1.0,0.0,0.0,0.13,0.01,0.9646,0.0,1.0,0.95556,1.0,1.0,1.0,0.0,0.69042,1.0,0.11111,0.81187,0.68331,0.0,0.0,1.0,1.0,0.77778,0.7,1.0,1.0,0.5,0.5,0.5,1.0,1.0,0.5,0.5,0.5,0.0,0.0,1.0,1.0,1.0,1.0,0.14639,0.3,0.2,1.0,1.0,1.0,1.0,0.0,1.0,0.0,0.5,0.0,0.5,0.4,0.5,0.0783,0.4,0.46667,0.0,1.0,0.0,1.0,0.13,0.01,0.99395,0.0,1.0,0.95556,1.0,1.0,1.0,1.0,0.59414,0.82519,0.11111,0.81187,0.68331,0.0,0.0,1.0,1.0,0.77778,0.5,1.0,1.0,0.5,0.5,0.5,1.0,1.0,0.5,0.5,0.5,0.0,0.0,1.0,1.0,1.0,1.0,0.14639,0.5,0.2,1.0,1.0,1.0,1.0,0.0,1.0,0.0,0.0,0.0,0.0,0.9,0.9,0.0783,0.4,0.46667,0.0,1.0,0.0,0.0,0.13,0.01,0.0,0.99622,1.0,0.95556,1.0,1.0,0.97778,1.0,0.60996,0.96819,0.11111,0.81187,0.68331,0.0,0.0,1.0,1.0,0.88889,0.8,1.0,1.0,0.5,0.5,0.5,1.0,1.0,0.5,0.5,0.5,0.0,0.0,1.0,1.0,1.0,1.0,0.14639,0.2,0.2,1.0,1.0,1.0,1.0,0.0,0.55556,0.5,0.5,0.5,0.5,0.5,0.5,0.0783,0.4,0.46667,0.0,1.0,0.0,0.0,0.13,0.01,0.9646,0.0,1.0,0.95556,1.0,1.0,0.5,1.0,0.59725,0.85322,0.11111,0.81187,0.68331,0.0,0.0,1.0,1.0,0.5,0.0,1.0,1.0,0.5,0.5,0.5,1.0,1.0,0.5,0.5,0.5,0.0,0.0,1.0,1.0,1.0,1.0,0.14639,1.0,0.1,0.0,1.0,0.0,1.0,0.0,0.5
0.0,0.0,0.0,1.0,1.0,1.0,0.0514,0.2,0.63333,0.0,1.0,0.0,0.0,0.1,0.01,0.99933,0.0,1.0,0.95556,1.0,1.0,1.0,0.0,0.0001,1.0,0.0,1.0,1.0,1.0,0.0,1.0,1.0,1.0,1.0,1.0,1.0,0.5,0.5,0.5,1.0,1.0,0.5,0.5,0.5,0.0,0.0,1.0,1.0,1.0,1.0,0.14639,1.0,0.0,0.0,1.0,0.0,1.0,1.0,1.0,0.0,0.0,0.0,0.0,0.2,0.2,0.0514,0.2,0.63333,0.0,1.0,0.0,0.0,0.1,0.01,0.99094,0.0,1.0,0.95556,1.0,1.0,1.0,0.0,0.55589,0.79413,0.11111,0.85113,0.74085,0.0,0.0,0.5,0.88889,0.77778,0.8,1.0,1.0,0.5,0.5,0.5,1.0,1.0,0.5,0.5,0.5,0.0,0.0,1.0,1.0,1.0,1.0,0.14639,1.0,0.1,0.0,1.0,0.0,1.0,0.0,1.0,0.0,0.0,1.0,0.0,0.9,0.8,0.0514,0.2,0.63333,0.0,1.0,0.0,0.0,0.1,0.01,0.98508,0.0,1.0,0.95556,1.0,1.0,1.0,0.0,0.57333,1.0,0.11111,0.85113,0.74085,0.0,0.0,0.5,0.88889,0.77778,0.8,1.0,1.0,0.5,0.5,0.5,1.0,1.0,1.0,0.14639,0.84952,0.0,0.0,1.0,1.0,1.0,1.0,0.14639,1.0,0.1,0.0,1.0,0.0,1.0,0.0,0.55556,0.0,0.5,0.0,0.5,0.2,0.5,0.0514,0.2,0.63333,0.0,1.0,0.0,1.0,0.1,0.01,0.99808,0.0,1.0,0.95556,1.0,1.0,1.0,0.0,0.00446,0.00579,0.0,1.0,1.0,1.0,0.0,1.0,1.0,1.0,0.65,1.0,1.0,0.5,0.5,0.5,1.0,1.0,0.5,0.5,0.5,0.0,0.0,1.0,1.0,1.0,1.0,0.14639,1.0,0.1,1.0,1.0,0.0,1.0,1.0,0.11111,0.0,0.0,0.0,0.0,0.8,0.5,0.0514,0.2,0.63333,0.0,1.0,0.0,0.0,0.1,0.01,0.99094,0.0,1.0,0.95556,1.0,1.0,1.0,0.0,0.73549,1.0,0.11111,0.48379,0.31908,0.0,0.0,0.5,0.88889,1.0,0.7,1.0,1.0,0.5,0.5,0.5,1.0,1.0,0.5,0.5,0.5,0.0,0.0,1.0,1.0,1.0,1.0,0.14639,1.0,0.1,0.0,1.0,0.0,1.0,0.0,1.0,0.0,0.0,0.0,0.0,0.2,0.2,0.0514,0.2,0.63333,0.0,1.0,0.0,0.0,0.1,0.01,0.98459,0.0,1.0,0.95556,1.0,1.0,1.0,0.0,0.0051,0.00708,0.0,1.0,1.0,1.0,0.0,1.0,1.0,0.88889,0.5,1.0,1.0,0.5,0.5,0.5,1.0,1.0,0.5,0.5,0.5,0.0,0.0,1.0,1.0,1.0,1.0,0.14639,1.0,0.1,1.0,1.0,0.0,1.0,1.0,1.0,0.0,0.0,0.0,0.0,0.2,0.2,0.0514,0.2,0.63333,0.0,1.0,0.0,0.0,0.1,0.01,0.9825,0.0,1.0,0.95556,1.0,1.0,0.97778,0.0,0.00666,0.01057,0.0,1.0,1.0,1.0,0.0,1.0,1.0,1.0,0.8,1.0,1.0,0.5,0.5,0.5,1.0,1.0,0.5,0.5,0.5,0.0,0.0,1.0,1.0,1.0,1.0,0.14639,1.0,0.1,1.0,1.0,0.0,1.0,1.0,0.11111,0.5,0.5,0.5,0.5,0.5,0.5,0.0514,0.2,0.63333,0.0,1.0,0.0,0.0,0.1,0.01,0.99094,0.0,1.0,0.95556,1.0,1.0,0.5,0.0,0.55589,0.79413,0.11111,0.85113,0.74085,0.0,0.0,0.5,0.88889,0.5,0.0,1.0,1.0,0.5,0.5,0.5,1.0,1.0,0.5,0.5,0.5,0.0,0.0,1.0,1.0,1.0,1.0,0.14639,1.0,0.1,0.0,1.0,0.0,1.0,0.0,0.5
0.0,0.5,0.0,0.5,0.5,0.5,0.09059,0.5,0.06667,0.0,1.0,0.0,1.0,0.22,0.0,0.5,0.5,0.71111,0.93333,1.0,1.0,0.71111,1.0,0.0001,1.0,0.0,1.0,1.0,1.0,0.0,1.0,1.0,1.0,0.5,1.0,1.0,0.5,0.5,0.5,1.0,1.0,0.5,0.5,0.5,0.5,0.5,0.6,1.0,1.0,0.5,0.5,1.0,0.1,1.0,1.0,1.0,1.0,1.0,1.0,0.5,0.5,0.5,0.5,0.5,0.5,0.09059,0.5,0.06667,0.0,1.0,0.0,0.0,0.22,0.0,0.5,0.5,0.71111,0.93333,1.0,1.0,0.5,1.0,0.55092,0.78703,0.11111,1.0,1.0,1.0,1.0,1.0,0.88889,0.5,0.8,1.0,1.0,0.5,0.5,0.5,1.0,1.0,0.5,0.5,0.5,0.5,0.5,1.0,1.0,1.0,0.5,0.5,0.4,0.2,1.0,1.0,1.0,1.0,0.0,0.5,0.5,0.5,0.5,0.5,0.5,0.5,0.09059,0.5,0.06667,0.0,1.0,0.0,0.0,0.22,0.0,0.5,0.5,0.71111,0.93333,1.0,1.0,0.5,1.0,0.56941,1.0,0.11111,1.0,1.0,1.0,1.0,1.0,0.88889,0.5,0.8,1.0,1.0,0.5,0.5,0.5,1.0,1.0,0.5,0.5,0.5,0.5,0.5,1.0,1.0,1.0,0.5,0.5,0.65,0.2,1.0,1.0,1.0,1.0,0.0,0.5,0.5,0.5,0.5,0.5,0.5,0.5,0.09059,0.5,0.06667,0.0,1.0,0.0,0.0,0.22,0.0,0.5,0.5,0.71111,0.93333,1.0,1.0,0.5,1.0,0.5452,0.70805,0.11111,1.0,1.0,1.0,1.0,1.0,0.88889,0.5,0.65,1.0,1.0,0.5,0.5,0.5,1.0,1.0,0.5,0.5,0.5,0.5,0.5,1.0,1.0,1.0,0.5,0.5,0.75,0.2,1.0,1.0,1.0,1.0,0.0,0.5,0.5,0.5,0.5,0.5,0.5,0.5,0.09059,0.5,0.06667,0.0,1.0,0.0,0.0,0.22,0.0,0.5,0.5,0.71111,0.93333,1.0,1.0,0.5,1.0,0.73853,1.0,0.11111,0.78966,0.65242,0.0,1.0,1.0,0.88889,0.5,0.7,1.0,1.0,0.5,0.5,0.5,1.0,1.0,0.5,0.5,0.5,0.5,0.5,1.0,1.0,1.0,0.5,0.5,0.3,0.2,1.0,1.0,1.0,1.0,0.0,0.5,0.5,0.5,0.5,0.5,0.5,0.5,0.09059,0.5,0.06667,0.0,1.0,0.0,0.0,0.22,0.0,0.5,0.5,0.71111,0.93333,1.0,1.0,0.5,1.0,0.01583,0.02199,0.0,1.0,1.0,1.0,0.0,1.0,1.0,0.5,0.5,1.0,1.0,0.5,0.5,0.5,1.0,1.0,0.5,0.5,0.5,0.5,0.5,1.0,1.0,1.0,0.5,0.5,1.0,0.1,1.0,1.0,1.0,1.0,1.0,0.5,0.5,0.5,0.5,0.5,0.5,0.5,0.09059,0.5,0.06667,0.0,1.0,0.0,0.0,0.22,0.0,0.5,0.5,0.71111,0.93333,1.0,1.0,0.5,1.0,0.02068,0.03282,0.0,1.0,1.0,1.0,0.0,1.0,1.0,0.5,0.8,1.0,1.0,0.5,0.5,0.5,1.0,1.0,0.5,0.5,0.5,0.5,0.5,1.0,1.0,1.0,0.5,0.5,1.0,0.1,1.0,1.0,1.0,1.0,1.0,0.5,0.5,0.5,0.5,0.5,0.5,0.5,0.09059,0.5,0.06667,0.0,1.0,0.0,0.0,0.22,0.0,0.5,0.5,0.71111,0.93333,1.0,1.0,0.5,1.0,0.55092,0.78703,0.11111,1.0,1.0,1.0,1.0,1.0,0.88889,0.5,0.0,1.0,1.0,0.5,0.5,0.5,1.0,1.0,0.5,0.5,0.5,0.5,0.5,1.0,1.0,1.0,0.5,0.5,1.0,0.1,0.0,1.0,1.0,1.0,0.0,0.5
1.0,0.5,1.0,0.5,1.0,0.5,0.1874,1.0,0.06667,0.0,1.0,0.0,1.0,0.16,0.0,0.5,0.5,0.93333,0.8,1.0,1.0,0.93333,1.0,0.0001,1.0,0.0,1.0,1.0,1.0,0.0,1.0,1.0,1.0,0.5,1.0,1.0,0.5,0.5,0.5,1.0,1.0,0.5,0.5,0.5,0.5,0.5,0.6,1.0,1.0,0.5,0.5,1.0,0.1,1.0,1.0,1.0,1.0,1.0,1.0,0.5,0.5,0.5,0.5,0.5,0.5,0.1874,1.0,0.06667,0.0,1.0,0.0,0.0,0.16,0.0,0.5,0.5,0.93333,0.8,1.0,1.0,0.5,1.0,0.65779,0.9397,0.11111,1.0,1.0,1.0,1.0,1.0,0.88889,0.5,0.8,1.0,1.0,0.5,0.5,0.5,1.0,1.0,0.5,0.5,0.5,0.5,0.5,1.0,1.0,1.0,0.5,0.5,0.3,0.2,1.0,1.0,1.0,1.0,0.0,0.5,0.5,0.5,0.5,0.5,0.5,0.5,0.1874,1.0,0.06667,0.0,1.0,0.0,0.0,0.16,0.0,0.5,0.5,0.93333,0.8,1.0,1.0,0.5,1.0,0.7222,1.0,0.11111,1.0,1.0,1.0,1.0,1.0,0.88889,0.5,0.8,1.0,1.0,0.5,0.5,0.5,1.0,1.0,0.5,0.5,0.5,0.5,0.5,1.0,1.0,1.0,0.5,0.5,0.55,0.2,1.0,1.0,1.0,1.0,0.0,0.5,0.5,0.5,0.5,0.5,0.5,0.5,0.1874,1.0,0.06667,0.0,1.0,0.0,0.0,0.16,0.0,0.5,0.5,0.93333,0.8,1.0,1.0,0.5,1.0,0.63836,0.82903,0.11111,1.0,1.0,1.0,1.0,1.0,0.88889,0.5,0.65,1.0,1.0,0.5,0.5,0.5,1.0,1.0,0.5,0.5,0.5,0.5,0.5,1.0,1.0,1.0,0.5,0.5,0.7,0.2,1.0,1.0,1.0,1.0,0.0,0.5,0.5,0.5,0.5,0.5,0.5,0.5,0.1874,1.0,0.06667,0.0,1.0,0.0,0.0,0.16,0.0,0.5,0.5,0.93333,0.8,1.0,1.0,0.5,1.0,0.85697,1.0,0.11111,1.0,1.0,1.0,1.0,1.0,0.88889,0.5,0.7,1.0,1.0,0.5,0.5,0.5,1.0,1.0,0.5,0.5,0.5,0.5,0.5,1.0,1.0,1.0,0.5,0.5,0.3,0.2,1.0,1.0,1.0,1.0,0.0,0.5,0.5,0.5,0.5,0.5,0.5,0.5,0.1874,1.0,0.06667,0.0,1.0,0.0,0.0,0.16,0.0,0.5,0.5,0.93333,0.8,1.0,1.0,0.5,1.0,0.65174,0.9052,0.11111,1.0,1.0,1.0,1.0,1.0,0.88889,0.5,0.5,1.0,1.0,0.5,0.5,0.5,1.0,1.0,0.5,0.5,0.5,0.5,0.5,1.0,1.0,1.0,0.5,0.5,0.6,0.2,1.0,1.0,1.0,1.0,0.0,0.5,0.5,0.5,0.5,0.5,0.5,0.5,0.1874,1.0,0.06667,0.0,1.0,0.0,0.0,0.16,0.0,0.5,0.5,0.93333,0.8,1.0,1.0,0.5,1.0,0.68293,1.0,0.11111,1.0,1.0,1.0,1.0,1.0,0.88889,0.5,0.8,1.0,1.0,0.5,0.5,0.5,1.0,1.0,0.5,0.5,0.5,0.5,0.5,1.0,1.0,1.0,0.5,0.5,0.6,0.2,1.0,1.0,1.0,1.0,0.0,0.5,0.5,0.5,0.5,0.5,0.5,0.5,0.1874,1.0,0.06667,0.0,1.0,0.0,0.0,0.16,0.0,0.5,0.5,0.93333,0.8,1.0,1.0,0.5,1.0,0.65779,0.9397,0.11111,1.0,1.0,1.0,1.0,1.0,0.88889,0.5,0.0,1.0,1.0,0.5,0.5,0.5,1.0,1.0,0.5,0.5,0.5,0.5,0.5,1.0,1.0,1.0,0.5,0.5,1.0,0.1,0.0,1.0,1.0,1.0,0.0,0.5
1.0,0.0,1.0,0.0,1.0,1.0,0.1789,1.0,0.43333,0.0,1.0,0.0,0.0,0.18,0.01,0.92685,0.0,1.0,0.97778,1.0,1.0,0.93333,0.0,0.0001,1.0,0.0,1.0,1.0,1.0,0.0,1.0,0.88889,0.88889,1.0,1.0,1.0,0.5,0.5,0.5,1.0,1.0,0.5,0.5,0.5,0.94545,0.00205,0.45,1.0,1.0,1.0,0.4133,0.55,0.1,1.0,0.0,1.0,1.0,1.0,1.0,0.5,0.5,0.5,0.5,0.5,0.5,0.1789,1.0,0.43333,0.0,1.0,0.0,0.0,0.18,0.01,0.96252,0.0,1.0,0.97778,1.0,1.0,0.5,0.0,0.71085,1.0,0.11111,1.0,1.0,1.0,0.0,1.0,1.0,0.5,0.8,1.0,1.0,0.5,0.5,0.5,1.0,1.0,0.5,0.5,0.5,0.0,0.0,1.0,1.0,1.0,1.0,0.4133,0.2,0.3,1.0,0.5,1.0,1.0,0.5,0.5,1.0,1.0,1.0,1.0,1.0,1.0,0.1789,1.0,0.43333,0.0,1.0,0.0,0.0,0.18,0.01,0.99032,0.0,1.0,0.97778,1.0,1.0,0.91111,0.0,0.84483,1.0,0.11111,1.0,1.0,1.0,0.0,0.66667,0.77778,0.66667,0.8,1.0,1.0,0.5,0.5,0.5,1.0,1.0,1.0,0.4133,1.0,0.17804,0.0,0.6,1.0,1.0,1.0,0.4133,0.6,0.2,0.5,0.0,1.0,1.0,0.5,0.77778,0.5,0.5,0.5,0.5,0.5,0.5,0.1789,1.0,0.43333,0.0,1.0,0.0,0.0,0.18,0.01,0.93189,0.0,1.0,0.97778,1.0,1.0,0.5,0.0,0.68036,0.88358,0.11111,1.0,1.0,1.0,0.0,1.0,1.0,0.5,0.65,1.0,1.0,0.5,0.5,0.5,1.0,1.0,0.5,0.5,0.5,0.0,0.0,1.0,1.0,1.0,1.0,0.4133,0.7,0.2,0.5,0.0,1.0,1.0,0.5,0.5,0.0,0.5,0.0,0.5,1.0,0.5,0.1789,1.0,0.43333,0.0,1.0,0.0,1.0,0.18,0.01,0.96252,0.0,1.0,0.97778,1.0,1.0,1.0,1.0,0.95118,1.0,0.11111,1.0,1.0,1.0,0.0,1.0,1.0,1.0,0.7,1.0,1.0,0.5,0.5,0.5,1.0,1.0,0.5,0.5,0.5,0.0,0.0,1.0,1.0,1.0,1.0,0.4133,0.3,0.2,0.5,0.0,1.0,1.0,0.5,0.77778,0.0,0.0,0.0,0.0,1.0,0.9,0.1789,1.0,0.43333,0.0,1.0,0.0,0.0,0.18,0.01,0.99278,0.0,1.0,0.97778,1.0,1.0,0.86667,1.0,0.71011,0.98627,0.11111,1.0,1.0,1.0,0.0,0.87864,0.77778,0.66667,0.5,1.0,1.0,0.5,0.5,0.5,1.0,1.0,0.5,0.5,0.5,0.0,0.0,1.0,1.0,1.0,1.0,0.4133,0.55,0.2,0.5,0.0,1.0,1.0,0.5,0.88889,1.0,0.0,1.0,0.0,1.0,1.0,0.1789,1.0,0.43333,0.0,1.0,0.0,0.0,0.18,0.01,0.0,0.99659,1.0,0.97778,1.0,1.0,0.93333,0.0,0.2554,0.40539,0.0,1.0,1.0,1.0,0.0,1.0,0.88889,1.0,0.8,1.0,1.0,0.5,0.5,0.5,1.0,1.0,0.5,0.5,0.5,0.0,0.0,1.0,1.0,1.0,1.0,0.4133,0.55,0.2,1.0,0.0,1.0,1.0,1.0,0.88889,1.0,1.0,1.0,1.0,1.0,1.0,0.1789,1.0,0.43333,0.0,1.0,0.0,0.0,0.18,0.01,0.96252,0.0,1.0,0.97778,1.0,1.0,0.93333,0.0,0.71085,1.0,0.11111,1.0,1.0,1.0,0.0,1.0,1.0,0.88889,0.0,1.0,1.0,0.5,0.5,0.5,1.0,1.0,0.5,0.5,0.5,0.0,0.0,1.0,1.0,1.0,1.0,0.4133,1.0,0.1,0.0,1.0,0.0,1.0,0.5,1.0
1.0,0.5,1.0,0.5,0.4,0.5,0.09613,0.4,0.16667,0.0,1.0,0.0,1.0,0.52,0.01,0.02171,0.0,1.0,1.0,1.0,1.0,1.0,0.0,0.0001,1.0,0.0,1.0,0.70476,0.5,0.0,0.90817,1.0,1.0,0.95,1.0,1.0,0.5,0.5,0.5,1.0,1.0,1.0,1.0,0.5,0.0,0.01868,1.0,1.0,1.0,1.0,1.0,0.05,0.5,1.0,1.0,1.0,1.0,0.0,1.0,0.5,0.5,0.5,0.5,0.5,0.5,0.09613,0.4,0.16667,0.0,1.0,0.0,0.0,0.52,0.01,0.33678,0.0,1.0,1.0,1.0,1.0,0.5,0.0,0.83588,1.0,0.11111,1.0,0.70476,0.4,0.0,0.93087,0.88889,0.5,0.8,1.0,1.0,0.5,0.5,0.5,1.0,1.0,0.5,0.5,0.5,0.0,0.0,1.0,1.0,1.0,1.0,1.0,0.2,0.6,1.0,1.0,1.0,1.0,0.0,0.5,1.0,1.0,1.0,1.0,0.3,0.3,0.09613,0.4,0.16667,0.0,1.0,0.0,0.0,0.52,0.01,0.62176,0.0,1.0,1.0,1.0,1.0,0.55556,1.0,0.98365,1.0,0.11111,1.0,0.70476,0.4,0.0,0.93087,0.88889,0.66667,0.8,1.0,1.0,0.5,0.5,0.5,1.0,1.0,0.5,0.5,0.5,0.0,0.0,1.0,1.0,1.0,1.0,1.0,0.2,0.4,0.6,1.0,1.0,1.0,0.0,1.0,0.5,0.5,0.5,0.5,0.5,0.5,0.09613,0.4,0.16667,0.0,1.0,0.0,0.0,0.52,0.01,0.0632,0.0,1.0,1.0,1.0,1.0,0.5,1.0,0.78418,1.0,0.11111,1.0,0.70476,0.4,0.0,0.93087,0.88889,0.5,0.65,1.0,1.0,0.5,0.5,0.5,1.0,1.0,0.5,0.5,0.5,0.0,0.0,1.0,1.0,1.0,1.0,1.0,0.35,0.4,0.6,1.0,1.0,1.0,0.0,0.5,0.0,1.0,0.0,1.0,0.3,0.4,0.09613,0.4,0.16667,0.0,1.0,0.0,0.0,0.52,0.01,0.33678,0.0,1.0,1.0,1.0,1.0,0.8,0.0,0.96058,1.0,0.11111,0.92261,0.70476,0.33333,0.0,0.93217,0.88889,0.88889,0.7,1.0,1.0,0.5,0.5,0.5,1.0,1.0,0.5,0.5,0.5,0.0,0.0,1.0,1.0,1.0,1.0,1.0,0.3,0.3,0.66667,1.0,1.0,1.0,0.0,1.0,0.5,0.5,0.5,0.5,0.5,0.5,0.09613,0.4,0.16667,0.0,1.0,0.0,0.0,0.52,0.01,0.64887,0.0,1.0,1.0,1.0,1.0,0.5,0.0,0.38739,0.53804,0.0,1.0,0.70476,0.5,0.0,0.90817,1.0,0.5,0.5,1.0,1.0,0.5,0.5,0.5,1.0,1.0,0.5,0.5,0.5,0.0,0.0,1.0,1.0,1.0,1.0,1.0,0.5,0.4,0.75,1.0,1.0,1.0,0.0,0.5,0.5,0.5,0.5,0.5,0.5,0.5,0.09613,0.4,0.16667,0.0,1.0,0.0,0.0,0.52,0.01,0.77044,0.0,1.0,1.0,1.0,1.0,0.5,0.0,0.43765,0.69468,0.11111,0.92261,0.70476,0.33333,0.0,0.93217,0.88889,0.5,0.8,1.0,1.0,0.5,0.5,0.5,1.0,1.0,0.5,0.5,0.5,0.0,0.0,1.0,1.0,1.0,1.0,1.0,0.2,0.4,1.0,1.0,1.0,1.0,0.0,0.5,0.5,0.5,0.5,0.5,0.5,0.5,0.09613,0.4,0.16667,0.0,1.0,0.0,0.0,0.52,0.01,0.33678,0.0,1.0,1.0,1.0,1.0,0.5,0.0,0.83588,1.0,0.11111,1.0,0.70476,0.4,0.0,0.93087,0.88889,0.5,0.0,1.0,1.0,0.5,0.5,0.5,1.0,1.0,0.5,0.5,0.5,0.0,0.0,1.0,1.0,1.0,1.0,1.0,1.0,0.1,0.0,1.0,0.0,1.0,0.0,0.5
0.0,0.5,0.0,0.5,0.4,0.5,0.0721,0.4,0.23333,0.0,1.0,0.0,1.0,0.49,0.01,0.64687,0.0,1.0,1.0,1.0,1.0,1.0,0.0,0.0001,1.0,0.0,0.79771,0.50757,0.5,0.0,0.91307,1.0,1.0,1.0,1.0,1.0,0.5,0.5,0.5,1.0,1.0,1.0,1.0,1.0,0.15611,0.0,0.0,1.0,1.0,1.0,1.0,1.0,0.0,0.0,1.0,0.0,1.0,1.0,1.0,0.5,0.5,0.5,0.5,0.5,0.5,0.0721,0.4,0.23333,0.0,1.0,0.0,0.0,0.49,0.01,0.74652,0.0,1.0,1.0,1.0,1.0,0.5,1.0,0.87475,1.0,0.11111,0.72898,0.50757,0.4,0.0,0.92633,0.88889,0.5,0.8,1.0,1.0,0.5,0.5,0.5,1.0,1.0,0.5,0.5,0.5,0.0,0.0,1.0,1.0,1.0,1.0,1.0,0.2,0.6,1.0,0.2,1.0,1.0,0.8,0.5,1.0,1.0,1.0,1.0,0.3,0.3,0.0721,0.4,0.23333,0.0,1.0,0.0,0.0,0.49,0.01,0.83235,0.0,1.0,1.0,1.0,1.0,0.55556,1.0,0.98617,1.0,0.11111,0.7748,0.50757,0.4,0.0,0.93093,0.88889,0.44444,0.8,1.0,1.0,0.5,0.5,0.5,1.0,1.0,0.5,0.5,0.5,0.03822,0.0,0.6,1.0,1.0,1.0,1.0,0.6,0.3,0.4,0.0,1.0,1.0,0.8,1.0,0.5,0.5,0.5,0.5,0.5,0.5,0.0721,0.4,0.23333,0.0,1.0,0.0,0.0,0.49,0.01,0.66029,0.0,1.0,1.0,1.0,1.0,0.5,1.0,0.81807,1.0,0.11111,0.72898,0.50757,0.4,0.0,0.92633,0.88889,0.5,0.65,1.0,1.0,0.5,0.5,0.5,1.0,1.0,0.5,0.5,0.5,0.0,0.0,1.0,1.0,1.0,1.0,1.0,0.35,0.5,0.8,0.25,1.0,1.0,0.8,0.5,0.0,1.0,0.0,1.0,0.3,0.4,0.0721,0.4,0.23333,0.0,1.0,0.0,0.0,0.49,0.01,0.74652,0.0,1.0,1.0,1.0,1.0,0.8,1.0,0.99684,1.0,0.11111,0.72346,0.50757,0.33333,0.0,0.95689,0.88889,0.88889,0.7,1.0,1.0,0.5,0.5,0.5,1.0,1.0,0.5,0.5,0.5,0.0,0.0,1.0,1.0,1.0,1.0,1.0,0.3,0.4,1.0,0.0,1.0,1.0,1.0,1.0,1.0,0.0,0.0,0.0,0.4,0.4,0.0721,0.4,0.23333,0.0,1.0,0.0,0.0,0.49,0.01,0.84032,0.0,1.0,1.0,1.0,1.0,1.0,1.0,0.39398,0.54719,0.0,0.79771,0.50757,0.5,0.0,0.91307,1.0,1.0,0.5,1.0,1.0,0.5,0.5,0.5,1.0,1.0,0.5,0.5,0.5,0.09393,0.0,0.5,1.0,1.0,1.0,1.0,1.0,0.1,0.0,1.0,0.0,1.0,1.0,1.0,0.5,0.5,0.5,0.5,0.5,0.5,0.0721,0.4,0.23333,0.0,1.0,0.0,0.0,0.49,0.01,0.87561,0.0,1.0,1.0,1.0,1.0,0.5,0.0,0.4004,0.63556,0.11111,0.72346,0.50757,0.33333,0.0,0.95689,0.88889,0.5,0.8,1.0,1.0,0.5,0.5,0.5,1.0,1.0,0.5,0.5,0.5,0.0,0.0,1.0,1.0,1.0,1.0,1.0,0.2,0.4,1.0,0.0,1.0,1.0,1.0,0.5,0.5,0.5,0.5,0.5,0.5,0.5,0.0721,0.4,0.23333,0.0,1.0,0.0,0.0,0.49,0.01,0.74652,0.0,1.0,1.0,1.0,1.0,0.5,1.0,0.87475,1.0,0.11111,0.72898,0.50757,0.4,0.0,0.92633,0.88889,0.5,0.0,1.0,1.0,0.5,0.5,0.5,1.0,1.0,0.5,0.5,0.5,0.0,0.0,1.0,1.0,1.0,1.0,1.0,1.0,0.1,0.0,1.0,0.0,1.0,0.8,0.5
1.0,1.0,1.0,1.0,0.4,0.4,0.06483,0.4,0.26667,0.0,1.0,0.0,0.0,0.44,0.03,0.6486,0.0,1.0,1.0,1.0,1.0,1.0,0.0,0.0001,1.0,0.0,0.61334,0.38924,0.2,0.0,0.95507,0.88889,1.0,1.0,0.8,0.89932,0.33449,0.5,0.0,1.0,1.0,1.0,1.0,1.0,0.44855,0.06282,0.0,1.0,1.0,1.0,1.0,1.0,0.0,0.0,1.0,0.0,1.0,1.0,1.0,0.0,0.5,0.0,0.5,0.4,0.5,0.06483,0.4,0.26667,0.0,1.0,0.0,1.0,0.44,0.03,0.77075,0.0,1.0,1.0,1.0,1.0,1.0,1.0,0.8208,1.0,0.11111,0.53006,0.38924,0.0,0.0,0.99843,1.0,0.88889,1.0,0.8,0.89932,0.33449,0.33449,0.33449,1.0,1.0,0.5,0.5,0.5,0.11881,0.0,0.0,1.0,1.0,1.0,1.0,1.0,0.0,0.0,1.0,0.0,1.0,1.0,1.0,1.0,1.0,1.0,1.0,0.4,0.4,0.06483,0.4,0.26667,0.0,1.0,0.0,0.0,0.44,0.03,0.87326,0.0,1.0,1.0,1.0,1.0,0.53333,0.0,0.92004,1.0,0.11111,0.64522,0.38924,0.25,0.0,0.96117,0.77778,0.77778,0.5,0.8,0.89932,0.33449,0.5,0.33449,1.0,1.0,0.5,0.5,0.5,0.10626,0.01385,0.5,1.0,1.0,1.0,1.0,1.0,0.1,0.0,1.0,0.0,1.0,1.0,1.0,0.5,0.5,0.5,0.5,0.5,0.5,0.06483,0.4,0.26667,0.0,1.0,0.0,0.0,0.44,0.03,0.66525,0.0,1.0,1.0,1.0,1.0,0.5,0.0,0.67834,0.88097,0.11111,0.53006,0.38924,0.0,0.0,0.99843,1.0,0.5,0.35,0.8,0.89932,0.33449,0.5,0.58535,1.0,1.0,0.5,0.5,0.5,0.0,0.0,1.0,1.0,1.0,1.0,1.0,0.65,0.5,1.0,0.75,1.0,1.0,1.0,0.5,0.5,0.5,0.5,0.5,0.5,0.5,0.06483,0.4,0.26667,0.0,1.0,0.0,0.0,0.44,0.03,0.77075,0.0,1.0,1.0,1.0,1.0,0.5,0.0,0.81898,1.0,0.11111,0.64522,0.38924,0.25,0.0,0.96117,0.77778,0.5,0.5,0.8,0.89932,0.33449,0.5,0.50173,1.0,1.0,0.5,0.5,0.5,0.0,0.0,1.0,1.0,1.0,1.0,1.0,0.5,0.4,0.75,1.0,1.0,1.0,1.0,0.5,0.5,0.5,0.5,0.5,0.5,0.5,0.06483,0.4,0.26667,0.0,1.0,0.0,0.0,0.44,0.03,0.88265,0.0,1.0,1.0,1.0,1.0,0.5,1.0,0.77583,1.0,0.0,0.61334,0.38924,0.2,0.0,0.95507,0.88889,0.5,0.5,0.8,0.89932,0.33449,0.5,0.83622,1.0,1.0,0.5,0.5,0.5,0.0,0.0,1.0,1.0,1.0,1.0,1.0,0.5,0.6,1.0,0.6,1.0,1.0,1.0,0.5,1.0,1.0,1.0,1.0,0.4,0.4,0.06483,0.4,0.26667,0.0,1.0,0.0,0.0,0.44,0.03,0.924,0.0,1.0,1.0,1.0,1.0,1.0,0.0,0.98676,1.0,0.11111,0.53006,0.38924,0.0,0.0,0.99843,1.0,1.0,0.7,0.8,0.89932,0.33449,0.5,0.33449,1.0,1.0,0.5,0.5,0.5,0.0,0.0,1.0,1.0,1.0,1.0,1.0,0.3,0.5,1.0,0.75,1.0,1.0,1.0,1.0,0.5,0.5,0.5,0.5,0.5,0.5,0.06483,0.4,0.26667,0.0,1.0,0.0,0.0,0.44,0.03,0.77075,0.0,1.0,1.0,1.0,1.0,0.5,1.0,0.8208,1.0,0.11111,0.53006,0.38924,0.0,0.0,0.99843,1.0,0.5,1.0,0.8,0.89932,0.33449,0.5,1.0,1.0,1.0,0.5,0.5,0.5,0.11881,0.0,0.0,1.0,1.0,1.0,1.0,1.0,0.0,0.0,1.0,0.0,1.0,1.0,0.5
0.0,0.5,0.0,0.5,0.7,0.5,0.11861,0.7,0.06667,0.0,1.0,0.0,1.0,0.09,0.0,0.5,0.5,1.0,1.0,1.0,1.0,1.0,1.0,0.0001,1.0,0.0,1.0,1.0,1.0,0.0,1.0,1.0,1.0,0.5,1.0,1.0,0.5,0.5,0.5,1.0,1.0,0.5,0.5,0.5,0.5,0.5,1.0,1.0,1.0,0.5,0.5,1.0,0.1,1.0,1.0,1.0,1.0,1.0,1.0,0.5,0.5,0.5,0.5,0.5,0.5,0.11861,0.7,0.06667,0.0,1.0,0.0,0.0,0.09,0.0,0.5,0.5,1.0,1.0,1.0,1.0,0.5,1.0,0.55463,0.79233,0.11111,1.0,1.0,1.0,1.0,1.0,0.88889,0.5,0.8,1.0,1.0,0.5,0.5,0.5,1.0,1.0,0.5,0.5,0.5,0.5,0.5,1.0,1.0,1.0,0.5,0.5,0.6,0.2,1.0,1.0,1.0,1.0,0.0,0.5,0.5,0.5,0.5,0.5,0.5,0.5,0.11861,0.7,0.06667,0.0,1.0,0.0,0.0,0.09,0.0,0.5,0.5,1.0,1.0,1.0,1.0,0.5,1.0,0.57654,1.0,0.11111,1.0,1.0,1.0,1.0,1.0,0.88889,0.5,0.8,1.0,1.0,0.5,0.5,0.5,1.0,1.0,0.5,0.5,0.5,0.5,0.5,1.0,1.0,1.0,0.5,0.5,0.75,0.2,1.0,1.0,1.0,1.0,0.0,0.5,0.5,0.5,0.5,0.5,0.5,0.5,0.11861,0.7,0.06667,0.0,1.0,0.0,0.0,0.09,0.0,0.5,0.5,1.0,1.0,1.0,1.0,0.5,1.0,0.548,0.71168,0.11111,1.0,1.0,1.0,1.0,1.0,0.88889,0.5,0.65,1.0,1.0,0.5,0.5,0.5,1.0,1.0,0.5,0.5,0.5,0.5,0.5,1.0,1.0,1.0,0.5,0.5,0.85,0.2,1.0,1.0,1.0,1.0,0.0,0.5,0.5,0.5,0.5,0.5,0.5,0.5,0.11861,0.7,0.06667,0.0,1.0,0.0,0.0,0.09,0.0,0.5,0.5,1.0,1.0,1.0,1.0,0.5,1.0,0.62211,1.0,0.11111,1.0,1.0,1.0,1.0,1.0,0.88889,0.5,0.7,1.0,1.0,0.5,0.5,0.5,1.0,1.0,0.5,0.5,0.5,0.5,0.5,1.0,1.0,1.0,0.5,0.5,0.6,0.2,1.0,1.0,1.0,1.0,0.0,0.5,0.5,0.5,0.5,0.5,0.5,0.5,0.11861,0.7,0.06667,0.0,1.0,0.0,0.0,0.09,0.0,0.5,0.5,1.0,1.0,1.0,1.0,0.5,1.0,0.02714,0.03769,0.0,1.0,1.0,1.0,0.0,1.0,1.0,0.5,0.5,1.0,1.0,0.5,0.5,0.5,1.0,1.0,0.5,0.5,0.5,0.5,0.5,1.0,1.0,1.0,0.5,0.5,1.0,0.1,1.0,1.0,1.0,1.0,1.0,0.5,0.5,0.5,0.5,0.5,0.5,0.5,0.11861,0.7,0.06667,0.0,1.0,0.0,0.0,0.09,0.0,0.5,0.5,1.0,1.0,1.0,1.0,0.5,1.0,0.03545,0.05626,0.0,1.0,1.0,1.0,0.0,1.0,1.0,0.5,0.8,1.0,1.0,0.5,0.5,0.5,1.0,1.0,0.5,0.5,0.5,0.5,0.5,1.0,1.0,1.0,0.5,0.5,1.0,0.1,1.0,1.0,1.0,1.0,1.0,0.5,0.5,0.5,0.5,0.5,0.5,0.5,0.11861,0.7,0.06667,0.0,1.0,0.0,0.0,0.09,0.0,0.5,0.5,1.0,1.0,1.0,1.0,0.5,1.0,0.55463,0.79233,0.11111,1.0,1.0,1.0,1.0,1.0,0.88889,0.5,0.0,1.0,1.0,0.5,0.5,0.5,1.0,1.0,0.5,0.5,0.5,0.5,0.5,1.0,1.0,1.0,0.5,0.5,1.0,0.1,0.0,1.0,1.0,1.0,0.0,0.5
0.5,0.5,0.5,0.5,0.5,0.5,6e-05,0.1,0.36667,0.0,1.0,0.0,0.0,0.23,0.09,0.0,0.96068,0.82222,1.0,0.62222,0.82222,0.5,0.0,0.0001,1.0,0.0,0.00357,0.00134,0.0,0.0,0.66667,0.33333,0.5,0.0,1.0,1.0,0.5,0.5,0.5,1.0,1.0,0.5,0.5,0.5,0.0,0.0,1.0,1.0,1.0,0.0,0.16286,1.0,0.1,0.0,1.0,1.0,1.0,0.0,0.5,0.5,0.5,0.5,0.5,0.5,0.5,6e-05,0.1,0.36667,0.0,1.0,0.0,0.0,0.23,0.09,0.0,0.9711,1.0,1.0,0.8,1.0,0.5,1.0,0.92315,1.0,0.66667,0.00047,0.00028,0.0,0.0,0.97648,1.0,0.5,0.35,1.0,1.0,0.5,0.5,0.5,1.0,1.0,0.5,0.5,0.5,0.49108,0.48744,0.65,1.0,1.0,0.0,0.16286,1.0,0.1,0.0,1.0,1.0,1.0,0.0,0.5,0.0,0.5,0.0,0.5,0.1,0.5,6e-05,0.1,0.36667,0.0,1.0,0.0,1.0,0.23,0.09,0.0,0.99822,1.0,1.0,0.8,1.0,1.0,0.0,0.95142,1.0,0.66667,0.00047,0.00028,0.0,0.0,0.97648,1.0,1.0,0.0,1.0,1.0,0.5,0.5,0.5,1.0,1.0,0.5,0.5,0.5,0.0,0.0,1.0,1.0,1.0,0.0,0.16286,1.0,0.1,0.0,1.0,1.0,1.0,0.0,1.0,0.5,0.5,0.5,0.5,0.5,0.5,6e-05,0.1,0.36667,0.0,1.0,0.0,0.0,0.23,0.09,0.0,0.95604,0.82222,1.0,0.62222,0.82222,0.5,1.0,0.97412,1.0,0.88889,0.00049,0.00028,0.0,0.0,0.96429,0.77778,0.5,0.0,1.0,1.0,0.5,0.5,0.5,1.0,1.0,0.5,0.5,0.5,0.0,0.0,1.0,1.0,1.0,0.0,0.16286,1.0,0.1,0.0,1.0,1.0,1.0,0.0,0.5,0.5,0.5,0.5,0.5,0.5,0.5,6e-05,0.1,0.36667,0.0,1.0,0.0,0.0,0.23,0.09,0.0,0.9711,1.0,1.0,0.8,1.0,0.5,0.0,0.67605,1.0,0.11111,0.00134,0.00046,0.0,0.0,0.65756,0.44444,0.5,0.0,1.0,1.0,0.5,0.5,0.5,1.0,1.0,0.5,0.5,0.5,0.0,0.0,1.0,1.0,1.0,0.0,0.16286,1.0,0.1,0.0,1.0,1.0,1.0,0.0,0.5,0.5,0.5,0.5,0.5,0.5,0.5,6e-05,0.1,0.36667,0.0,1.0,0.0,0.0,0.23,0.09,0.0,0.99904,1.0,1.0,0.8,1.0,0.5,1.0,0.91062,1.0,0.66667,0.00047,0.00028,0.0,0.0,0.97648,1.0,0.5,0.0,1.0,1.0,0.5,0.5,0.5,1.0,1.0,0.5,0.5,0.5,0.0,0.0,1.0,1.0,1.0,0.0,0.16286,1.0,0.1,0.0,1.0,1.0,1.0,0.0,0.5,0.0,0.0,0.0,0.0,0.1,0.1,6e-05,0.1,0.36667,0.0,1.0,0.0,0.0,0.23,0.09,0.99709,0.0,0.91111,1.0,0.8,1.0,0.88889,1.0,0.97373,1.0,0.66667,0.00047,0.00028,0.0,0.0,0.97648,1.0,1.0,0.0,1.0,1.0,0.5,0.07764,0.5,1.0,1.0,0.0,0.16286,0.88293,0.0,0.0,1.0,1.0,1.0,0.0,0.16286,1.0,0.1,0.0,1.0,1.0,1.0,0.0,1.0,0.0,0.0,0.0,0.0,0.2,0.1,6e-05,0.1,0.36667,0.0,1.0,0.0,0.0,0.23,0.09,0.0,0.9711,1.0,1.0,0.8,1.0,0.8,1.0,0.92315,1.0,0.66667,0.00047,0.00028,0.0,0.0,0.97648,1.0,0.88889,0.35,1.0,1.0,0.5,0.52107,0.5,1.0,1.0,0.5,0.5,0.5,0.49108,0.48744,0.65,1.0,1.0,0.0,0.16286,1.0,0.1,0.0,1.0,1.0,1.0,0.0,1.0
0.5,0.5,0.5,0.5,0.5,0.5,3e-05,0.1,0.46667,0.0,1.0,0.0,0.0,0.22,0.08,0.0,0.91268,0.6,1.0,0.75556,1.0,0.5,0.0,0.0001,1.0,0.0,1.0,1.0,1.0,0.0,1.0,0.88889,0.5,0.0,1.0,1.0,0.5,0.5,0.5,1.0,1.0,0.5,0.5,0.5,0.0,0.01604,1.0,1.0,1.0,0.0,0.16286,1.0,0.1,1.0,1.0,1.0,1.0,1.0,0.5,0.5,0.5,0.5,0.5,0.5,0.5,3e-05,0.1,0.46667,0.0,1.0,0.0,0.0,0.22,0.08,0.96109,0.0,0.93333,1.0,0.73333,0.8,0.5,1.0,0.95621,1.0,0.77778,0.00024,0.00015,0.0,0.0,0.98809,0.66667,0.5,0.3,1.0,1.0,0.5,0.5,0.5,1.0,1.0,0.5,0.5,0.5,0.36989,0.24756,0.7,1.0,1.0,0.0,0.16286,1.0,0.1,0.0,1.0,1.0,1.0,0.0,0.5,0.0,0.0,0.0,0.0,0.1,0.1,3e-05,0.1,0.46667,0.0,1.0,0.0,0.0,0.22,0.08,0.98023,0.0,0.93333,1.0,0.73333,0.8,0.93333,0.0,0.88915,1.0,0.77778,0.00024,0.00015,0.0,0.0,0.98809,0.66667,1.0,0.0,1.0,1.0,0.5,0.5,0.5,1.0,1.0,0.5,0.5,0.5,0.0,0.0,1.0,1.0,1.0,0.0,0.16286,1.0,0.1,0.0,1.0,1.0,1.0,0.0,1.0,0.0,0.5,0.0,0.5,0.1,0.5,3e-05,0.1,0.46667,0.0,1.0,0.0,1.0,0.22,0.08,0.0,0.92364,0.6,1.0,0.75556,1.0,0.6,0.0,0.58866,0.7645,0.11111,0.00046,0.00023,0.0,0.0,1.0,1.0,0.44444,0.0,1.0,1.0,0.5,0.5,0.5,1.0,1.0,0.5,0.5,0.5,0.0,0.0,1.0,1.0,1.0,0.0,0.16286,1.0,0.1,0.0,1.0,1.0,1.0,0.0,1.0,0.5,0.5,0.5,0.5,0.5,0.5,3e-05,0.1,0.46667,0.0,1.0,0.0,0.0,0.22,0.08,0.96109,0.0,0.93333,1.0,0.73333,0.8,0.5,0.0,0.58739,1.0,0.77778,0.00024,0.00015,0.0,0.0,0.98809,0.66667,0.5,0.0,1.0,1.0,0.5,0.5,0.5,1.0,1.0,0.5,0.5,0.5,0.0,0.0,1.0,1.0,1.0,0.0,0.16286,1.0,0.1,0.0,1.0,1.0,1.0,0.0,0.5,0.0,0.0,0.0,0.0,0.1,0.1,3e-05,0.1,0.46667,0.0,1.0,0.0,0.0,0.22,0.08,0.98227,0.0,0.93333,1.0,0.73333,0.8,0.93333,1.0,0.94119,1.0,0.77778,0.00024,0.00015,0.0,0.0,0.98809,0.66667,1.0,0.0,1.0,1.0,0.5,0.5,0.5,1.0,1.0,0.5,0.5,0.5,0.0,0.0,1.0,1.0,1.0,0.0,0.16286,1.0,0.1,0.0,1.0,1.0,1.0,0.0,1.0,0.0,0.0,0.0,0.0,0.1,0.1,3e-05,0.1,0.46667,0.0,1.0,0.0,0.0,0.22,0.08,0.99126,0.0,0.93333,1.0,0.73333,0.8,0.93333,0.0,0.98235,1.0,0.77778,0.00024,0.00015,0.0,0.0,0.98809,0.66667,1.0,0.0,1.0,1.0,0.5,0.07764,0.5,1.0,1.0,0.0,0.16286,0.88293,0.0,0.0,1.0,1.0,1.0,0.0,0.16286,1.0,0.1,0.0,1.0,1.0,1.0,0.0,1.0,0.0,0.0,0.0,0.0,0.2,0.1,3e-05,0.1,0.46667,0.0,1.0,0.0,0.0,0.22,0.08,0.96109,0.0,0.93333,1.0,0.73333,0.8,0.73333,1.0,0.95621,1.0,0.77778,0.00024,0.00015,0.0,0.0,0.98809,0.66667,0.88889,0.3,1.0,1.0,0.5,0.52107,0.5,1.0,1.0,0.5,0.5,0.5,0.36989,0.24756,0.7,1.0,1.0,0.0,0.16286,1.0,0.1,0.0,1.0,1.0,1.0,0.0,1.0
0.5,0.5,0.5,0.5,0.5,0.5,3e-05,0.1,0.53333,0.0,1.0,0.0,0.0,0.22,0.08,0.0,0.91616,0.62222,1.0,0.75556,1.0,0.5,0.0,0.0001,1.0,0.0,1.0,1.0,1.0,0.0,1.0,0.55556,0.5,1.0,1.0,1.0,0.5,0.5,0.5,1.0,1.0,0.5,0.5,0.5,2e-05,0.0,0.0,1.0,1.0,0.0,0.16286,1.0,0.0,0.0,1.0,1.0,1.0,1.0,0.5,0.5,0.5,0.5,0.5,0.5,0.5,3e-05,0.1,0.53333,0.0,1.0,0.0,0.0,0.22,0.08,0.98961,0.0,1.0,1.0,0.73333,0.8,0.5,1.0,0.97451,1.0,0.77778,0.0002,0.00013,0.0,0.0,0.99238,1.0,0.5,0.35,1.0,1.0,0.5,0.5,0.5,1.0,1.0,0.5,0.5,0.5,0.40935,0.23017,0.65,1.0,1.0,0.0,0.16286,1.0,0.1,0.0,1.0,1.0,1.0,0.5,0.5,0.0,0.0,0.0,0.0,0.1,0.1,3e-05,0.1,0.53333,0.0,1.0,0.0,0.0,0.22,0.08,0.99739,0.0,1.0,1.0,0.73333,0.8,0.93333,0.0,0.86911,1.0,0.77778,0.0002,0.00013,0.0,0.0,0.99238,1.0,1.0,0.0,1.0,1.0,0.5,0.5,0.5,1.0,1.0,0.5,0.5,0.5,0.0,0.0,1.0,1.0,1.0,0.0,0.16286,1.0,0.1,0.0,1.0,1.0,1.0,0.5,1.0,0.0,0.5,0.0,0.5,0.1,0.5,3e-05,0.1,0.53333,0.0,1.0,0.0,1.0,0.22,0.08,0.0,0.92713,0.62222,1.0,0.75556,1.0,0.62222,1.0,0.93462,1.0,0.44444,0.0002,0.00013,0.0,1.0,0.99238,1.0,0.77778,0.4,1.0,1.0,0.5,0.5,0.5,1.0,1.0,0.5,0.5,0.5,0.0,0.0,1.0,1.0,1.0,0.0,0.16286,0.6,0.3,0.5,1.0,0.5,1.0,0.5,1.0,0.5,0.5,0.5,0.5,0.5,0.5,3e-05,0.1,0.53333,0.0,1.0,0.0,0.0,0.22,0.08,0.98961,0.0,1.0,1.0,0.73333,0.8,0.5,0.0,0.56763,1.0,0.77778,0.0002,0.00013,0.0,0.0,0.99238,1.0,0.5,0.0,1.0,1.0,0.5,0.5,0.5,1.0,1.0,0.5,0.5,0.5,0.0,0.0,1.0,1.0,1.0,0.0,0.16286,1.0,0.1,0.0,1.0,1.0,1.0,0.5,0.5,0.0,0.0,0.0,0.0,0.1,0.1,3e-05,0.1,0.53333,0.0,1.0,0.0,0.0,0.22,0.08,0.99806,0.0,1.0,1.0,0.73333,0.8,1.0,1.0,0.95923,1.0,0.77778,0.0002,0.00013,0.0,0.0,0.99238,1.0,1.0,0.0,1.0,1.0,0.5,0.5,0.5,1.0,1.0,0.5,0.5,0.5,0.0,0.0,1.0,1.0,1.0,0.0,0.16286,1.0,0.1,0.0,1.0,1.0,1.0,0.5,1.0,0.0,0.0,0.0,0.0,0.1,0.1,3e-05,0.1,0.53333,0.0,1.0,0.0,0.0,0.22,0.08,0.0,0.99902,1.0,1.0,0.73333,0.8,0.93333,0.0,0.96318,1.0,0.77778,0.0002,0.00013,0.0,0.0,0.99238,1.0,1.0,0.0,1.0,1.0,0.5,0.07764,0.5,1.0,1.0,0.0,0.16286,0.88293,0.0,0.0,1.0,1.0,1.0,0.0,0.16286,1.0,0.1,0.0,1.0,1.0,1.0,0.5,1.0,0.0,0.0,0.0,0.0,0.2,0.1,3e-05,0.1,0.53333,0.0,1.0,0.0,0.0,0.22,0.08,0.98961,0.0,1.0,1.0,0.73333,0.8,0.73333,1.0,0.97451,1.0,0.77778,0.0002,0.00013,0.0,0.0,0.99238,1.0,0.88889,0.35,1.0,1.0,0.5,0.52107,0.5,1.0,1.0,0.5,0.5,0.5,0.40935,0.23017,0.65,1.0,1.0,0.0,0.16286,1.0,0.1,0.0,1.0,1.0,1.0,0.5,1.0
0.5,0.5,0.5,0.5,0.5,0.5,3e-05,0.1,0.56667,0.0,1.0,0.0,0.0,0.22,0.08,0.0,0.97331,1.0,1.0,0.75556,0.8,0.5,0.0,0.0001,1.0,0.0,1.0,1.0,1.0,0.0,1.0,0.55556,0.5,1.0,1.0,1.0,0.5,0.5,0.5,1.0,1.0,0.5,0.5,0.5,5e-05,0.03844,0.0,1.0,1.0,0.0,0.16286,1.0,0.0,0.0,1.0,1.0,1.0,1.0,0.5,0.5,0.5,0.5,0.5,0.5,0.5,3e-05,0.1,0.56667,0.0,1.0,0.0,0.0,0.22,0.08,0.9922,0.0,1.0,1.0,0.73333,1.0,0.5,1.0,0.98021,1.0,0.77778,0.00019,0.00012,0.0,0.0,0.99167,1.0,0.5,0.3,1.0,1.0,0.5,0.5,0.5,1.0,1.0,0.5,0.5,0.5,0.39388,0.22468,0.7,1.0,1.0,0.0,0.16286,1.0,0.1,0.0,1.0,1.0,1.0,0.0,0.5,0.0,0.0,0.0,0.0,0.1,0.1,3e-05,0.1,0.56667,0.0,1.0,0.0,0.0,0.22,0.08,0.99737,0.0,1.0,1.0,0.73333,1.0,0.93333,0.0,0.86307,1.0,0.77778,0.00019,0.00012,0.0,0.0,0.99167,1.0,1.0,0.0,1.0,1.0,0.5,0.5,0.5,1.0,1.0,0.5,0.5,0.5,0.0,0.0,1.0,1.0,1.0,0.0,0.16286,1.0,0.1,0.0,1.0,1.0,1.0,0.0,1.0,0.0,0.0,0.0,0.0,0.1,0.1,3e-05,0.1,0.56667,0.0,1.0,0.0,0.0,0.22,0.08,0.0,0.97895,1.0,1.0,0.75556,0.8,0.62222,1.0,0.93895,1.0,0.44444,0.00019,0.00012,0.0,1.0,0.99167,1.0,0.77778,0.45,1.0,1.0,0.5,0.5,0.5,1.0,1.0,0.5,0.5,0.5,0.0,0.0,1.0,1.0,1.0,0.0,0.16286,0.55,0.3,0.5,1.0,0.5,1.0,0.0,1.0,0.5,0.5,0.5,0.5,0.5,0.5,3e-05,0.1,0.56667,0.0,1.0,0.0,0.0,0.22,0.08,0.9922,0.0,1.0,1.0,0.73333,1.0,0.5,0.0,0.56225,1.0,0.77778,0.00019,0.00012,0.0,0.0,0.99167,1.0,0.5,0.0,1.0,1.0,0.5,0.5,0.5,1.0,1.0,0.5,0.5,0.5,0.0,0.0,1.0,1.0,1.0,0.0,0.16286,1.0,0.1,0.0,1.0,1.0,1.0,0.0,0.5,0.0,0.5,0.0,0.5,0.1,0.5,3e-05,0.1,0.56667,0.0,1.0,0.0,1.0,0.22,0.08,0.99782,0.0,1.0,1.0,0.73333,1.0,1.0,1.0,0.96486,1.0,0.77778,0.00019,0.00012,0.0,0.0,0.99167,1.0,1.0,0.0,1.0,1.0,0.5,0.5,0.5,1.0,1.0,0.5,0.5,0.5,0.0,0.0,1.0,1.0,1.0,0.0,0.16286,1.0,0.1,0.0,1.0,1.0,1.0,0.0,1.0,0.0,0.0,0.0,0.0,0.1,0.1,3e-05,0.1,0.56667,0.0,1.0,0.0,0.0,0.22,0.08,0.99977,0.0,1.0,1.0,0.73333,1.0,0.93333,0.0,0.95728,1.0,0.77778,0.00019,0.00012,0.0,0.0,0.99167,1.0,1.0,0.0,1.0,1.0,0.5,0.07764,0.5,1.0,1.0,0.0,0.16286,0.88293,0.0,0.0,1.0,1.0,1.0,0.0,0.16286,1.0,0.1,0.0,1.0,1.0,1.0,0.0,1.0,0.0,0.0,0.0,0.0,0.2,0.1,3e-05,0.1,0.56667,0.0,1.0,0.0,0.0,0.22,0.08,0.9922,0.0,1.0,1.0,0.73333,1.0,0.73333,1.0,0.98021,1.0,0.77778,0.00019,0.00012,0.0,0.0,0.99167,1.0,0.88889,0.3,1.0,1.0,0.5,0.52107,0.5,1.0,1.0,0.5,0.5,0.5,0.39388,0.22468,0.7,1.0,1.0,0.0,0.16286,1.0,0.1,0.0,1.0,1.0,1.0,0.0,1.0
0.5,0.5,0.5,0.5,0.5,0.5,2e-05,0.1,0.63333,0.0,1.0,0.0,0.0,0.22,0.08,0.0,0.9438,1.0,1.0,0.75556,0.8,0.5,0.0,0.0001,1.0,0.0,1.0,1.0,1.0,0.0,1.0,0.55556,0.5,0.0,1.0,1.0,0.5,0.5,0.5,1.0,1.0,0.5,0.5,0.5,0.0,0.0,1.0,1.0,1.0,0.0,0.16286,1.0,0.1,1.0,1.0,1.0,1.0,1.0,0.5,0.5,0.5,0.5,0.5,0.5,0.5,2e-05,0.1,0.63333,0.0,1.0,0.0,0.0,0.22,0.08,0.0,0.99314,1.0,1.0,0.73333,1.0,0.5,1.0,0.99322,1.0,0.77778,0.00016,0.00011,0.0,0.0,0.9949,1.0,0.5,0.0,1.0,1.0,0.5,0.5,0.5,1.0,1.0,0.5,0.5,0.5,0.0,0.0,1.0,1.0,1.0,0.0,0.16286,1.0,0.1,0.0,1.0,1.0,1.0,0.0,0.5,0.0,0.0,0.0,0.0,0.1,0.1,2e-05,0.1,0.63333,0.0,1.0,0.0,0.0,0.22,0.08,0.0,0.99467,1.0,1.0,0.73333,1.0,0.93333,0.0,0.8491,1.0,0.77778,0.00016,0.00011,0.0,0.0,0.9949,1.0,1.0,0.0,1.0,1.0,0.5,0.5,0.5,1.0,1.0,0.5,0.5,0.5,0.0,0.0,1.0,1.0,1.0,0.0,0.16286,1.0,0.1,0.0,1.0,1.0,1.0,0.0,1.0,0.0,0.0,0.0,0.0,0.1,0.1,2e-05,0.1,0.63333,0.0,1.0,0.0,0.0,0.22,0.08,0.0,0.94847,1.0,1.0,0.75556,0.8,0.62222,1.0,0.94912,1.0,0.44444,0.00016,0.00011,0.0,1.0,0.9949,1.0,0.77778,0.55,1.0,1.0,0.5,0.5,0.5,1.0,1.0,0.5,0.5,0.5,0.0,0.0,1.0,1.0,1.0,0.0,0.16286,0.45,0.3,0.5,1.0,0.5,1.0,0.0,1.0,0.5,0.5,0.5,0.5,0.5,0.5,2e-05,0.1,0.63333,0.0,1.0,0.0,0.0,0.22,0.08,0.0,0.99314,1.0,1.0,0.73333,1.0,0.5,0.0,0.54925,1.0,0.77778,0.00016,0.00011,0.0,0.0,0.9949,1.0,0.5,0.0,1.0,1.0,0.5,0.5,0.5,1.0,1.0,0.5,0.5,0.5,0.0,0.0,1.0,1.0,1.0,0.0,0.16286,1.0,0.1,0.0,1.0,1.0,1.0,0.0,0.5,0.0,0.0,0.0,0.0,0.1,0.1,2e-05,0.1,0.63333,0.0,1.0,0.0,0.0,0.22,0.08,0.0,0.9948,1.0,1.0,0.73333,1.0,1.0,1.0,0.97771,1.0,0.77778,0.00016,0.00011,0.0,0.0,0.9949,1.0,1.0,0.0,1.0,1.0,0.5,0.5,0.5,1.0,1.0,0.5,0.5,0.5,0.0,0.0,1.0,1.0,1.0,0.0,0.16286,1.0,0.1,0.0,1.0,1.0,1.0,0.0,1.0,0.0,0.0,0.0,0.0,0.1,0.1,2e-05,0.1,0.63333,0.0,1.0,0.0,0.0,0.22,0.08,0.0,0.99538,1.0,1.0,0.73333,1.0,0.93333,0.0,0.94374,1.0,0.77778,0.00016,0.00011,0.0,0.0,0.9949,1.0,1.0,0.0,1.0,1.0,0.5,0.07764,0.5,1.0,1.0,0.0,0.16286,0.88293,0.0,0.0,1.0,1.0,1.0,0.0,0.16286,1.0,0.1,0.0,1.0,1.0,1.0,0.0,1.0,0.0,0.5,0.0,0.5,0.1,0.5,2e-05,0.1,0.63333,0.0,1.0,0.0,1.0,0.22,0.08,0.0,0.99314,1.0,1.0,0.73333,1.0,1.0,1.0,0.99322,1.0,0.77778,0.00016,0.00011,0.0,0.0,0.9949,1.0,1.0,0.0,1.0,1.0,0.5,0.52107,0.5,1.0,1.0,0.5,0.5,0.5,0.0,0.0,1.0,1.0,1.0,0.0,0.16286,1.0,0.1,0.0,1.0,1.0,1.0,0.0,1.0
0.5,0.5,0.5,0.5,0.5,0.5,2e-05,0.1,0.66667,0.0,1.0,0.0,0.0,0.21,0.08,0.0,0.96261,1.0,1.0,0.75556,0.8,0.5,0.0,0.0001,1.0,0.0,1.0,1.0,1.0,0.0,1.0,0.55556,0.5,0.0,1.0,1.0,0.5,0.5,0.5,1.0,1.0,0.5,0.5,0.5,0.0,0.0,1.0,1.0,1.0,0.0,0.16286,1.0,0.1,1.0,1.0,1.0,1.0,1.0,0.5,0.5,0.5,0.5,0.5,0.5,0.5,2e-05,0.1,0.66667,0.0,1.0,0.0,0.0,0.21,0.08,0.0,0.9953,1.0,1.0,0.73333,1.0,0.5,1.0,0.99543,1.0,0.77778,0.00016,0.0001,0.0,0.0,0.99041,1.0,0.5,0.0,1.0,1.0,0.5,0.5,0.5,1.0,1.0,0.5,0.5,0.5,0.0,0.0,1.0,1.0,1.0,0.0,0.16286,1.0,0.1,0.0,1.0,1.0,1.0,0.0,0.5,0.0,0.0,0.0,0.0,0.1,0.1,2e-05,0.1,0.66667,0.0,1.0,0.0,0.0,0.21,0.08,0.0,0.99517,1.0,1.0,0.73333,1.0,0.93333,0.0,0.84733,1.0,0.77778,0.00016,0.0001,0.0,0.0,0.99041,1.0,1.0,0.0,1.0,1.0,0.5,0.5,0.5,1.0,1.0,0.5,0.5,0.5,0.0,0.0,1.0,1.0,1.0,0.0,0.16286,1.0,0.1,0.0,1.0,1.0,1.0,0.0,1.0,0.0,0.0,0.0,0.0,0.1,0.1,2e-05,0.1,0.66667,0.0,1.0,0.0,0.0,0.21,0.08,0.0,0.9657,1.0,1.0,0.75556,0.8,0.62222,1.0,0.95087,1.0,0.44444,0.00016,0.0001,0.0,1.0,0.99041,1.0,0.77778,0.55,1.0,1.0,0.5,0.5,0.5,1.0,1.0,0.5,0.5,0.5,0.0,0.0,1.0,1.0,1.0,0.0,0.16286,0.45,0.3,0.5,1.0,0.5,1.0,0.0,1.0,0.5,0.5,0.5,0.5,0.5,0.5,2e-05,0.1,0.66667,0.0,1.0,0.0,0.0,0.21,0.08,0.0,0.9953,1.0,1.0,0.73333,1.0,0.5,1.0,0.54935,1.0,0.77778,0.00016,0.0001,0.0,0.0,0.99041,1.0,0.5,0.0,1.0,1.0,0.5,0.5,0.5,1.0,1.0,0.5,0.5,0.5,0.0,0.0,1.0,1.0,1.0,0.0,0.16286,1.0,0.1,0.0,1.0,1.0,1.0,0.0,0.5,0.0,0.5,0.0,0.5,0.1,0.5,2e-05,0.1,0.66667,0.0,1.0,0.0,1.0,0.21,0.08,0.0,0.99516,1.0,1.0,0.73333,1.0,1.0,1.0,0.97994,1.0,0.77778,0.00016,0.0001,0.0,0.0,0.99041,1.0,1.0,0.0,1.0,1.0,0.5,0.5,0.5,1.0,1.0,0.5,0.5,0.5,0.0,0.0,1.0,1.0,1.0,0.0,0.16286,1.0,0.1,0.0,1.0,1.0,1.0,0.0,1.0,0.0,0.0,0.0,0.0,0.1,0.1,2e-05,0.1,0.66667,0.0,1.0,0.0,0.0,0.21,0.08,0.0,0.99512,1.0,1.0,0.73333,1.0,0.93333,0.0,0.94166,1.0,0.77778,0.00016,0.0001,0.0,0.0,0.99041,1.0,1.0,0.0,1.0,1.0,0.5,0.07764,0.5,1.0,1.0,0.0,0.16286,0.88293,0.0,0.0,1.0,1.0,1.0,0.0,0.16286,1.0,0.1,0.0,1.0,1.0,1.0,0.0,1.0,0.0,0.0,0.0,0.0,0.1,0.1,2e-05,0.1,0.66667,0.0,1.0,0.0,0.0,0.21,0.08,0.0,0.9953,1.0,1.0,0.73333,1.0,1.0,1.0,0.99543,1.0,0.77778,0.00016,0.0001,0.0,0.0,0.99041,1.0,1.0,0.0,1.0,1.0,0.5,0.52107,0.5,1.0,1.0,0.5,0.5,0.5,0.0,0.0,1.0,1.0,1.0,0.0,0.16286,1.0,0.1,0.0,1.0,1.0,1.0,0.0,1.0
0.5,0.5,0.5,0.5,0.5,0.5,2e-05,0.1,0.73333,0.0,1.0,0.0,0.0,0.21,0.08,0.0,0.9698,1.0,1.0,0.75556,0.8,0.5,0.0,0.0001,1.0,0.0,1.0,1.0,1.0,0.0,1.0,0.55556,0.5,0.4,1.0,1.0,0.5,0.5,0.5,1.0,1.0,0.5,0.5,0.5,0.0,0.0,1.0,1.0,1.0,0.0,0.16286,1.0,0.1,1.0,1.0,1.0,1.0,1.0,0.5,0.5,0.5,0.5,0.5,0.5,0.5,2e-05,0.1,0.73333,0.0,1.0,0.0,0.0,0.21,0.08,0.0,0.99463,1.0,1.0,0.73333,1.0,0.5,0.0,0.99282,1.0,0.77778,0.00014,9e-05,0.0,0.0,0.9921,1.0,0.5,0.4,1.0,1.0,0.5,0.5,0.5,1.0,1.0,0.5,0.5,0.5,0.0,0.0,1.0,1.0,1.0,0.0,0.16286,0.6,0.3,0.5,1.0,0.5,1.0,0.0,0.5,0.0,0.0,0.0,0.0,0.1,0.1,2e-05,0.1,0.73333,0.0,1.0,0.0,0.0,0.21,0.08,0.0,0.99425,1.0,1.0,0.73333,1.0,0.93333,0.0,0.83448,1.0,0.77778,0.00014,9e-05,0.0,0.0,0.9921,1.0,1.0,0.4,1.0,1.0,0.5,0.5,0.5,1.0,1.0,0.5,0.5,0.5,0.2486,0.0,0.65,1.0,1.0,0.0,0.16286,0.95,0.2,0.25,1.0,0.0,1.0,0.0,1.0,0.0,0.0,0.0,0.0,0.1,0.1,2e-05,0.1,0.73333,0.0,1.0,0.0,0.0,0.21,0.08,0.0,0.97161,1.0,1.0,0.75556,0.8,0.62222,1.0,0.96041,1.0,0.44444,0.00014,9e-05,0.0,1.0,0.9921,1.0,0.77778,0.6,1.0,1.0,0.5,0.5,0.5,1.0,1.0,0.5,0.5,0.5,0.0,0.0,1.0,1.0,1.0,0.0,0.16286,0.4,0.3,0.5,1.0,0.5,1.0,0.0,1.0,0.5,0.5,0.5,0.5,0.5,0.5,2e-05,0.1,0.73333,0.0,1.0,0.0,0.0,0.21,0.08,0.0,0.99463,1.0,1.0,0.73333,1.0,0.5,0.0,0.53672,1.0,0.77778,0.00014,9e-05,0.0,0.0,0.9921,1.0,0.5,0.4,1.0,1.0,0.5,0.5,0.5,1.0,1.0,0.5,0.5,0.5,0.0,0.0,1.0,1.0,1.0,0.0,0.16286,0.6,0.3,0.5,1.0,0.5,1.0,0.0,0.5,0.0,0.0,0.0,0.0,0.1,0.1,2e-05,0.1,0.73333,0.0,1.0,0.0,0.0,0.21,0.08,0.0,0.99422,1.0,1.0,0.73333,1.0,1.0,1.0,0.99153,1.0,0.77778,0.00014,9e-05,0.0,0.0,0.9921,1.0,1.0,0.0,1.0,1.0,0.5,0.5,0.5,1.0,1.0,0.5,0.5,0.5,0.0,0.0,1.0,1.0,1.0,0.0,0.16286,1.0,0.1,0.0,1.0,1.0,1.0,0.0,1.0,0.0,0.0,0.0,0.0,0.1,0.1,2e-05,0.1,0.73333,0.0,1.0,0.0,0.0,0.21,0.08,0.0,0.99408,1.0,1.0,0.73333,1.0,0.93333,0.0,0.92935,1.0,0.77778,0.00014,9e-05,0.0,0.0,0.9921,1.0,1.0,0.0,1.0,1.0,0.5,0.07764,0.5,1.0,1.0,0.0,0.16286,0.88293,0.0,0.0,1.0,1.0,1.0,0.0,0.16286,1.0,0.1,0.0,1.0,1.0,1.0,0.0,1.0,0.0,0.5,0.0,0.5,0.1,0.5,2e-05,0.1,0.73333,0.0,1.0,0.0,1.0,0.21,0.08,0.0,0.99463,1.0,1.0,0.73333,1.0,1.0,0.0,0.99282,1.0,0.77778,0.00014,9e-05,0.0,0.0,0.9921,1.0,1.0,0.0,1.0,1.0,0.5,0.52107,0.5,1.0,1.0,0.5,0.5,0.5,0.0,0.0,1.0,1.0,1.0,0.0,0.16286,1.0,0.1,0.0,1.0,1.0,1.0,0.0,1.0
0.5,0.5,0.5,0.5,0.5,0.5,2e-05,0.1,0.83333,0.0,1.0,0.0,0.0,0.21,0.08,0.96933,0.0,1.0,1.0,0.75556,0.8,0.5,0.0,0.0001,1.0,0.0,1.0,1.0,1.0,0.0,1.0,0.55556,0.5,0.9,1.0,1.0,0.5,0.5,0.5,1.0,1.0,0.5,0.5,0.5,0.0,0.0,1.0,1.0,1.0,0.0,0.16286,1.0,0.1,1.0,1.0,1.0,1.0,1.0,0.5,0.5,0.5,0.5,0.5,0.5,0.5,2e-05,0.1,0.83333,0.0,1.0,0.0,0.0,0.21,0.08,0.99919,0.0,1.0,1.0,0.73333,1.0,0.5,0.0,0.98067,1.0,0.77778,0.00011,7e-05,0.0,0.0,0.98717,1.0,0.5,0.8,1.0,1.0,0.5,0.5,0.5,1.0,1.0,0.5,0.5,0.5,0.0,0.0,1.0,1.0,1.0,0.0,0.16286,0.2,0.3,0.5,1.0,0.5,1.0,0.0,0.5,0.0,0.0,0.0,0.0,0.1,0.1,2e-05,0.1,0.83333,0.0,1.0,0.0,0.0,0.21,0.08,0.0,0.9965,1.0,1.0,0.73333,1.0,0.93333,0.0,0.8218,1.0,0.77778,0.00011,7e-05,0.0,0.0,0.98717,1.0,1.0,0.5,1.0,1.0,0.5,0.5,0.5,1.0,1.0,0.5,0.5,0.5,0.63609,0.15266,0.7,1.0,1.0,0.0,0.16286,0.8,0.3,0.5,1.0,0.5,1.0,0.0,1.0,0.0,0.0,0.0,0.0,0.1,0.1,2e-05,0.1,0.83333,0.0,1.0,0.0,0.0,0.21,0.08,0.97164,0.0,1.0,1.0,0.75556,0.8,0.62222,1.0,0.97059,1.0,0.44444,0.00011,7e-05,0.0,1.0,0.98717,1.0,0.77778,0.6,1.0,1.0,0.5,0.5,0.5,1.0,1.0,0.5,0.5,0.5,0.0,0.0,1.0,1.0,1.0,0.0,0.16286,0.4,0.3,0.5,1.0,0.5,1.0,0.0,1.0,0.5,0.5,0.5,0.5,0.5,0.5,2e-05,0.1,0.83333,0.0,1.0,0.0,0.0,0.21,0.08,0.99919,0.0,1.0,1.0,0.73333,1.0,0.5,0.0,0.52601,1.0,0.77778,0.00011,7e-05,0.0,0.0,0.98717,1.0,0.5,0.7,1.0,1.0,0.5,0.5,0.5,1.0,1.0,0.5,0.5,0.5,0.0,0.0,1.0,1.0,1.0,0.0,0.16286,0.3,0.3,0.5,1.0,0.5,1.0,0.0,0.5,0.0,0.0,0.0,0.0,0.1,0.1,2e-05,0.1,0.83333,0.0,1.0,0.0,0.0,0.21,0.08,0.0,0.99613,1.0,1.0,0.73333,1.0,1.0,0.0,0.99643,1.0,0.77778,0.00011,7e-05,0.0,0.0,0.98717,1.0,1.0,0.0,1.0,1.0,0.5,0.5,0.5,1.0,1.0,0.5,0.5,0.5,0.0,0.0,1.0,1.0,1.0,0.0,0.16286,1.0,0.1,0.0,1.0,1.0,1.0,0.0,1.0,0.0,0.0,0.0,0.0,0.1,0.1,2e-05,0.1,0.83333,0.0,1.0,0.0,0.0,0.21,0.08,0.0,0.9945,1.0,1.0,0.73333,1.0,0.93333,0.0,0.91683,1.0,0.77778,0.00011,7e-05,0.0,0.0,0.98717,1.0,1.0,0.0,1.0,1.0,0.5,0.07764,0.5,1.0,1.0,0.0,0.16286,0.88293,0.0,0.0,1.0,1.0,1.0,0.0,0.16286,1.0,0.1,0.0,1.0,1.0,1.0,0.0,1.0,0.0,0.5,0.0,0.5,0.1,0.5,2e-05,0.1,0.83333,0.0,1.0,0.0,1.0,0.21,0.08,0.99919,0.0,1.0,1.0,0.73333,1.0,1.0,0.0,0.98067,1.0,0.77778,0.00011,7e-05,0.0,0.0,0.98717,1.0,1.0,0.0,1.0,1.0,0.5,0.52107,0.5,1.0,1.0,0.5,0.5,0.5,0.0,0.0,1.0,1.0,1.0,0.0,0.16286,1.0,0.1,0.0,1.0,1.0,1.0,0.0,1.0
0.5,0.5,0.5,0.5,0.5,0.5,1e-05,0.1,0.9,0.0,1.0,0.0,0.0,0.21,0.02,0.82244,0.0,1.0,1.0,0.75556,0.8,0.5,0.0,0.0001,1.0,0.0,1.0,1.0,1.0,0.0,1.0,0.55556,0.5,1.0,1.0,1.0,0.5,0.5,0.5,1.0,1.0,0.5,0.5,0.5,0.0,0.0,1.0,1.0,1.0,0.0,0.16286,1.0,0.0,0.0,1.0,1.0,1.0,1.0,0.5,0.5,0.5,0.5,0.5,0.5,0.5,1e-05,0.1,0.9,0.0,1.0,0.0,0.0,0.21,0.02,0.94812,0.0,1.0,1.0,0.73333,1.0,0.5,0.0,0.96999,1.0,0.77778,0.0001,7e-05,0.0,0.0,0.98598,1.0,0.5,0.8,1.0,1.0,0.5,0.5,0.5,1.0,1.0,0.5,0.5,0.5,0.0,0.0,1.0,1.0,1.0,0.0,0.16286,0.2,0.3,0.5,1.0,0.5,1.0,0.0,0.5,0.0,0.0,0.0,0.0,0.1,0.1,1e-05,0.1,0.9,0.0,1.0,0.0,0.0,0.21,0.02,0.98092,0.0,1.0,1.0,0.73333,1.0,0.93333,0.0,0.81204,1.0,0.77778,0.0001,7e-05,0.0,0.0,0.98598,1.0,1.0,0.5,1.0,1.0,0.5,0.5,0.5,1.0,1.0,0.5,0.5,0.5,0.0,0.12517,1.0,1.0,1.0,0.0,0.16286,0.5,0.3,0.5,1.0,0.5,1.0,0.0,1.0,0.0,0.0,0.0,0.0,0.1,0.1,1e-05,0.1,0.9,0.0,1.0,0.0,0.0,0.21,0.02,0.83253,0.0,1.0,1.0,0.75556,0.8,0.62222,1.0,0.97997,1.0,0.44444,0.0001,7e-05,0.0,0.0,0.98598,1.0,0.77778,0.6,1.0,1.0,0.5,0.5,0.5,1.0,1.0,0.5,0.5,0.5,0.0,0.0,1.0,1.0,1.0,0.0,0.16286,0.4,0.3,0.5,1.0,0.5,1.0,0.0,1.0,0.5,0.5,0.5,0.5,0.5,0.5,1e-05,0.1,0.9,0.0,1.0,0.0,0.0,0.21,0.02,0.94812,0.0,1.0,1.0,0.73333,1.0,0.5,0.0,0.52183,1.0,0.77778,0.0001,7e-05,0.0,0.0,0.98598,1.0,0.5,0.7,1.0,1.0,0.5,0.5,0.5,1.0,1.0,0.5,0.5,0.5,0.0,0.0,1.0,1.0,1.0,0.0,0.16286,0.3,0.3,0.5,1.0,0.5,1.0,0.0,0.5,0.0,0.0,0.0,0.0,0.1,0.1,1e-05,0.1,0.9,0.0,1.0,0.0,0.0,0.21,0.02,0.98391,0.0,1.0,1.0,0.73333,1.0,1.0,0.0,0.98575,1.0,0.77778,0.0001,7e-05,0.0,0.0,0.98598,1.0,1.0,0.0,1.0,1.0,0.5,0.5,0.5,1.0,1.0,0.5,0.5,0.5,0.0,0.0,1.0,1.0,1.0,0.0,0.16286,1.0,0.1,0.0,1.0,1.0,1.0,0.0,1.0,0.0,0.0,0.0,0.0,0.1,0.1,1e-05,0.1,0.9,0.0,1.0,0.0,0.0,0.21,0.02,0.99703,0.0,1.0,1.0,0.73333,1.0,0.93333,0.0,0.90633,1.0,0.77778,0.0001,7e-05,0.0,0.0,0.98598,1.0,1.0,0.0,1.0,1.0,0.5,0.07764,0.5,1.0,1.0,0.0,0.16286,0.88293,0.0,0.0,1.0,1.0,1.0,0.0,0.16286,1.0,0.1,0.0,1.0,1.0,1.0,0.0,1.0,0.0,0.5,0.0,0.5,0.1,0.5,1e-05,0.1,0.9,0.0,1.0,0.0,1.0,0.21,0.02,0.94812,0.0,1.0,1.0,0.73333,1.0,1.0,0.0,0.96999,1.0,0.77778,0.0001,7e-05,0.0,0.0,0.98598,1.0,1.0,0.0,1.0,1.0,0.5,0.52107,0.5,1.0,1.0,0.5,0.5,0.5,0.0,0.0,1.0,1.0,1.0,0.0,0.16286,1.0,0.1,0.0,1.0,1.0,1.0,0.0,1.0
1.0,0.0,1.0,0.0,0.9,0.9,0.11505,0.6,0.46667,0.0,1.0,0.0,0.0,0.33,0.04,0.8192,0.0,0.8,0.95556,0.84444,1.0,0.64444,0.0,0.0001,1.0,0.0,1.0,0.97451,0.8,0.0,0.95514,0.88889,0.44444,1.0,1.0,1.0,0.5,0.5,0.5,1.0,1.0,0.5,0.5,0.5,0.15105,0.07371,0.7,1.0,1.0,0.82723,0.63161,0.3,0.2,0.4,1.0,1.0,1.0,0.2,1.0,1.0,0.5,1.0,0.5,0.6,0.5,0.11505,0.6,0.46667,0.0,1.0,0.0,1.0,0.33,0.04,0.93758,0.0,0.8,1.0,0.84444,1.0,0.8,1.0,0.97957,1.0,0.11111,1.0,0.72307,0.66667,0.0,0.88978,1.0,0.88889,0.8,1.0,1.0,0.5,0.5,0.5,1.0,1.0,0.82723,0.63161,0.5,0.0,1.0,1.0,1.0,1.0,0.82723,0.63161,0.2,0.4,0.5,0.66667,1.0,1.0,0.16667,1.0,0.0,0.0,0.0,0.0,0.9,0.9,0.11505,0.6,0.46667,0.0,1.0,0.0,0.0,0.33,0.04,0.0,0.99787,0.95556,0.95556,1.0,0.84444,0.95556,1.0,0.96679,1.0,0.66667,1.0,0.97451,0.8,0.0,0.95514,0.88889,0.33333,0.75,1.0,1.0,0.5,0.5,0.5,1.0,1.0,0.5,0.5,0.5,1.0,0.07745,0.4,1.0,1.0,0.82723,0.63161,0.85,0.2,0.2,1.0,1.0,1.0,0.2,0.88889,0.5,0.5,0.5,0.5,0.5,0.5,0.11505,0.6,0.46667,0.0,1.0,0.0,0.0,0.33,0.04,0.83591,0.0,0.8,0.95556,0.84444,1.0,0.5,1.0,0.90573,1.0,0.11111,1.0,0.72307,0.66667,0.0,0.88978,1.0,0.5,0.65,1.0,1.0,0.5,0.5,0.5,1.0,1.0,0.5,0.5,0.5,0.0,0.0,1.0,1.0,1.0,0.82723,0.63161,0.7,0.3,0.33333,1.0,1.0,1.0,0.16667,0.5,0.5,0.5,0.5,0.5,0.5,0.5,0.11505,0.6,0.46667,0.0,1.0,0.0,0.0,0.33,0.04,0.93758,0.0,0.8,1.0,0.84444,1.0,0.5,1.0,0.98632,1.0,0.11111,1.0,1.0,1.0,0.0,0.963,0.77778,0.5,0.7,1.0,1.0,0.5,0.5,0.5,1.0,1.0,0.5,0.5,0.5,0.0,0.0,1.0,1.0,1.0,0.82723,0.63161,0.3,0.3,0.5,1.0,1.0,1.0,0.25,0.5,0.5,0.5,0.5,0.5,0.5,0.5,0.11505,0.6,0.46667,0.0,1.0,0.0,0.0,0.33,0.04,0.99875,0.0,0.95556,0.95556,1.0,0.84444,0.5,0.0,0.70229,0.9754,0.11111,0.86686,0.72307,0.0,0.0,0.91333,0.33333,0.5,0.5,1.0,1.0,0.5,0.5,0.5,1.0,1.0,0.5,0.5,0.5,0.0,0.14095,1.0,1.0,1.0,0.82723,0.63161,0.5,0.2,0.5,1.0,0.0,1.0,0.0,0.5,1.0,1.0,1.0,1.0,0.6,0.6,0.11505,0.6,0.46667,0.0,1.0,0.0,0.0,0.33,0.04,0.98469,0.0,0.95556,0.95556,1.0,0.84444,1.0,0.0,0.14397,0.22852,0.0,0.96258,0.92786,0.0,0.0,0.92098,0.22222,0.88889,0.8,1.0,1.0,0.5,0.5,0.5,1.0,1.0,0.5,0.5,0.5,0.0,0.0,1.0,1.0,1.0,0.82723,0.63161,0.4,0.2,1.0,1.0,0.0,1.0,0.0,1.0,0.5,0.5,0.5,0.5,0.5,0.5,0.11505,0.6,0.46667,0.0,1.0,0.0,0.0,0.33,0.04,0.93758,0.0,0.8,1.0,0.84444,1.0,0.5,1.0,0.97957,1.0,0.11111,1.0,0.72307,0.66667,0.0,0.88978,1.0,0.5,0.0,1.0,1.0,0.5,0.5,0.5,1.0,1.0,0.5,0.5,0.5,0.0,1.0,1.0,1.0,1.0,0.82723,0.63161,1.0,0.1,0.0,1.0,0.0,1.0,0.16667,0.5
1.0,1.0,1.0,1.0,0.7,0.7,0.10709,0.7,0.2,0.0,1.0,0.0,0.0,0.32,0.01,0.02329,0.0,1.0,1.0,1.0,1.0,0.55556,0.0,0.0001,1.0,0.0,1.0,0.60645,0.75,0.0,0.96903,0.88889,0.55556,1.0,1.0,1.0,0.5,0.5,0.5,1.0,1.0,0.5,0.5,0.5,0.32373,0.04815,0.0,1.0,1.0,0.5,0.5,1.0,0.0,0.0,1.0,1.0,1.0,0.75,1.0,0.5,0.5,0.5,0.5,0.5,0.5,0.10709,0.7,0.2,0.0,1.0,0.0,0.0,0.32,0.01,0.35696,0.0,1.0,1.0,1.0,1.0,0.5,0.0,0.89048,1.0,0.11111,1.0,0.60645,0.8,0.0,0.97928,0.77778,0.5,0.8,1.0,1.0,0.5,0.5,0.5,1.0,1.0,0.5,0.5,0.5,0.0,0.0,1.0,1.0,1.0,0.5,0.5,0.2,0.6,1.0,1.0,1.0,1.0,0.6,0.5,0.5,0.5,0.5,0.5,0.5,0.5,0.10709,0.7,0.2,0.0,1.0,0.0,0.0,0.32,0.01,0.65188,0.0,1.0,1.0,1.0,1.0,0.5,0.0,0.93857,1.0,0.0,1.0,0.60645,0.75,0.0,0.96903,0.88889,0.5,0.8,1.0,1.0,0.5,0.5,0.5,1.0,1.0,0.5,0.5,0.5,0.10775,0.14614,0.95,1.0,1.0,0.5,0.5,0.25,0.3,0.5,1.0,1.0,1.0,0.75,0.5,0.5,0.5,0.5,0.5,0.5,0.5,0.10709,0.7,0.2,0.0,1.0,0.0,0.0,0.32,0.01,0.0677,0.0,1.0,1.0,1.0,1.0,0.5,1.0,0.91122,1.0,0.11111,0.93229,0.60645,0.6,0.0,0.95068,0.77778,0.5,0.65,1.0,1.0,0.5,0.5,0.5,1.0,1.0,0.5,0.5,0.5,0.0,0.0,1.0,1.0,1.0,0.5,0.5,0.35,0.4,0.6,1.0,1.0,1.0,0.6,0.5,1.0,0.5,0.0,0.5,0.7,0.5,0.10709,0.7,0.2,0.0,1.0,0.0,1.0,0.32,0.01,0.35696,0.0,1.0,1.0,1.0,1.0,1.0,1.0,0.86771,1.0,0.11111,0.92426,0.60645,0.66667,0.0,0.96658,1.0,1.0,0.7,1.0,1.0,0.5,0.5,0.5,1.0,1.0,0.5,0.5,0.5,0.0,0.0,1.0,1.0,1.0,0.5,0.5,0.3,0.4,1.0,1.0,1.0,1.0,1.0,1.0,0.5,0.5,0.5,0.5,0.5,0.5,0.10709,0.7,0.2,0.0,1.0,0.0,0.0,0.32,0.01,0.67961,0.0,1.0,1.0,1.0,1.0,0.5,1.0,0.87063,1.0,0.11111,1.0,0.60645,0.8,0.0,0.97928,0.77778,0.5,0.5,1.0,1.0,0.5,0.5,0.5,1.0,1.0,0.5,0.5,0.5,0.43635,0.21215,0.5,1.0,1.0,0.5,0.5,1.0,0.1,0.0,1.0,1.0,1.0,0.6,0.5,0.5,0.5,0.5,0.5,0.5,0.5,0.10709,0.7,0.2,0.0,1.0,0.0,0.0,0.32,0.01,0.80324,0.0,1.0,1.0,1.0,1.0,0.5,0.0,0.71534,1.0,0.0,1.0,0.60645,0.75,0.0,0.96903,0.88889,0.5,0.8,1.0,1.0,0.5,0.5,0.5,1.0,1.0,0.5,0.5,0.5,0.0,0.0,1.0,1.0,1.0,0.5,0.5,0.2,0.5,1.0,1.0,1.0,1.0,0.75,0.5,0.5,0.5,0.5,0.5,0.5,0.5,0.10709,0.7,0.2,0.0,1.0,0.0,0.0,0.32,0.01,0.35696,0.0,1.0,1.0,1.0,1.0,0.5,0.0,0.89048,1.0,0.11111,1.0,0.60645,0.8,0.0,0.97928,0.77778,0.5,0.0,1.0,1.0,0.5,0.5,0.5,1.0,1.0,0.5,0.5,0.5,0.0,0.0,1.0,1.0,1.0,0.5,0.5,1.0,0.1,0.0,1.0,1.0,1.0,0.6,0.5
0.0,0.0,0.0,0.0,0.6,0.6,7e-05,0.6,0.66667,0.0,1.0,0.0,0.0,0.04,0.12,0.0,0.99894,1.0,1.0,0.73333,1.0,1.0,0.0,0.00537,1.0,0.0,0.66888,0.15171,0.66667,0.0,0.6927,0.11111,1.0,1.0,1.0,1.0,0.5,0.5,0.5,1.0,1.0,0.0,0.0,0.74904,0.07738,0.03602,0.0,1.0,1.0,0.0,0.0,1.0,0.0,0.0,1.0,0.0,1.0,0.0,1.0,0.0,0.5,0.0,0.5,0.6,0.5,7e-05,0.6,0.66667,0.0,1.0,0.0,1.0,0.04,0.12,0.0,0.98707,1.0,1.0,0.73333,1.0,1.0,0.0,0.78599,1.0,0.88889,0.00021,0.0001,0.0,0.0,0.99001,1.0,1.0,0.0,1.0,1.0,0.5,0.5,0.5,1.0,1.0,0.5,0.5,0.5,0.0,0.0,1.0,1.0,1.0,0.0,0.0,1.0,0.1,0.0,1.0,0.0,1.0,0.0,1.0,0.0,1.0,0.0,1.0,0.4,0.5,7e-05,0.6,0.66667,0.0,1.0,0.0,0.0,0.04,0.12,0.0,0.97223,1.0,1.0,0.84444,0.84444,0.35556,0.0,0.0001,0.00018,0.11111,1.0,0.34797,0.83333,0.0,0.73738,0.11111,0.55556,0.0,1.0,1.0,0.5,0.5,0.5,1.0,1.0,0.5,0.5,0.5,0.0,0.0,1.0,1.0,1.0,0.0,0.0,1.0,0.1,0.0,1.0,0.0,1.0,0.0,1.0,0.0,0.0,0.0,1.0,0.7,0.7,7e-05,0.6,0.66667,0.0,1.0,0.0,0.0,0.04,0.12,0.0,0.99723,1.0,1.0,0.73333,1.0,0.95556,0.0,0.85095,1.0,0.88889,0.00021,0.0001,0.0,0.0,0.99001,1.0,0.66667,0.5,1.0,1.0,0.5,0.5,0.5,1.0,1.0,0.5,0.5,0.5,0.0,0.0,1.0,1.0,1.0,0.0,0.0,1.0,0.1,0.0,1.0,0.0,1.0,0.0,1.0,0.0,0.0,0.0,0.0,0.6,0.6,7e-05,0.6,0.66667,0.0,1.0,0.0,0.0,0.04,0.12,0.0,0.98707,1.0,1.0,0.73333,1.0,1.0,1.0,0.89773,1.0,0.11111,0.00176,0.00022,0.57143,0.0,0.67156,0.22222,1.0,0.0,1.0,1.0,0.5,0.32027,0.5,1.0,1.0,0.5,0.5,0.5,0.0,0.0,1.0,1.0,1.0,0.0,0.0,1.0,0.1,0.0,1.0,0.0,1.0,0.0,1.0,0.5,0.5,0.5,0.5,0.5,0.5,7e-05,0.6,0.66667,0.0,1.0,0.0,0.0,0.04,0.12,0.0,0.97099,1.0,1.0,0.84444,0.84444,0.5,0.0,0.80584,1.0,1.0,0.00021,0.0001,0.0,0.0,0.99001,1.0,0.5,0.0,1.0,1.0,0.5,0.5,0.5,1.0,1.0,0.5,0.5,0.5,0.0,0.0,1.0,1.0,1.0,0.0,0.0,1.0,0.1,0.0,1.0,0.0,1.0,0.0,0.5,0.0,0.0,0.0,0.0,0.8,0.8,7e-05,0.6,0.66667,0.0,1.0,0.0,0.0,0.04,0.12,0.0,0.96537,1.0,1.0,0.84444,0.84444,0.84444,0.0,0.70656,1.0,1.0,0.00021,0.0001,0.0,0.0,0.99001,1.0,0.77778,0.0,1.0,1.0,0.5,0.13699,0.5,1.0,1.0,0.09176,0.484,0.0437,0.0,0.0,1.0,1.0,1.0,0.0,0.0,1.0,0.1,0.0,1.0,0.0,1.0,0.0,1.0,0.0,0.0,0.0,0.0,0.6,0.6,7e-05,0.6,0.66667,0.0,1.0,0.0,0.0,0.04,0.12,0.0,0.98707,1.0,1.0,0.73333,1.0,0.84444,0.0,0.78599,1.0,0.88889,0.00021,0.0001,0.0,0.0,0.99001,1.0,1.0,0.0,1.0,1.0,0.5,0.5,0.5,1.0,1.0,0.5,0.5,0.5,0.0,0.0,1.0,1.0,1.0,0.0,0.0,1.0,0.1,0.0,1.0,0.0,1.0,0.0,1.0
0.5,0.5,0.5,0.5,0.5,0.5,0.01364,0.06667,0.36667,0.0,0.0,0.66667,0.0,0.48889,0.02667,0.64829,0.0,1.0,1.0,1.0,1.0,0.5,0.0,0.0001,1.0,0.0,0.22573,0.12625,0.0,0.0,0.95966,0.92857,0.5,1.0,0.8,0.75312,0.0,0.5,0.0,1.0,1.0,0.5,0.5,0.5,0.05281,0.0,0.0,1.0,1.0,0.56468,1.0,1.0,0.0,0.0,1.0,0.0,1.0,0.0,0.5,0.0,0.5,0.0,0.5,0.06667,0.5,0.01364,0.06667,0.36667,0.0,0.0,0.66667,1.0,0.48889,0.02667,0.76937,0.0,1.0,1.0,1.0,1.0,1.0,0.0,0.90115,1.0,0.07143,0.21184,0.12625,0.0,0.0,0.96771,1.0,0.92857,1.0,0.8,0.75312,0.0,0.0,0.0,1.0,1.0,0.56468,1.0,0.5,0.05281,0.0,0.0,1.0,1.0,0.56468,1.0,1.0,0.0,0.0,1.0,0.0,1.0,0.0,1.0,0.0,0.0,0.0,0.0,0.13333,0.06667,0.01364,0.06667,0.36667,0.0,0.0,0.66667,0.0,0.48889,0.02667,0.87573,0.0,1.0,1.0,1.0,1.0,1.0,1.0,0.9359,1.0,0.07143,0.23138,0.12625,0.0,0.0,0.95893,0.85714,0.85714,0.0,0.8,0.75312,0.0,0.38686,0.12719,1.0,1.0,0.14125,0.38965,0.43669,0.0,0.0,1.0,1.0,1.0,0.56468,1.0,1.0,0.06667,0.0,1.0,0.0,1.0,0.0,1.0,0.5,0.5,0.5,0.5,0.5,0.5,0.01364,0.06667,0.36667,0.0,0.0,0.66667,0.0,0.48889,0.02667,0.66445,0.0,1.0,1.0,1.0,1.0,0.5,0.0,0.74475,0.96721,0.07143,0.21184,0.12625,0.0,0.0,0.96771,1.0,0.5,0.0,0.8,0.75312,0.0,0.5,0.20669,1.0,1.0,0.5,0.5,0.5,0.0,0.0,1.0,1.0,1.0,0.56468,1.0,1.0,0.06667,0.0,1.0,0.0,1.0,0.0,0.5,0.5,0.5,0.5,0.5,0.5,0.5,0.01364,0.06667,0.36667,0.0,0.0,0.66667,0.0,0.48889,0.02667,0.76937,0.0,1.0,1.0,1.0,1.0,0.5,1.0,0.66175,1.0,0.07143,0.22647,0.12625,0.0,0.0,0.95702,0.85714,0.5,0.0,0.8,0.75312,0.0,0.5,0.14309,1.0,1.0,0.5,0.5,0.5,0.0,0.0,1.0,1.0,1.0,0.56468,1.0,1.0,0.06667,0.0,1.0,0.0,1.0,0.0,0.5,0.5,0.5,0.5,0.5,0.5,0.5,0.01364,0.06667,0.36667,0.0,0.0,0.66667,0.0,0.48889,0.02667,0.8857,0.0,1.0,1.0,1.0,1.0,0.5,0.0,0.85178,1.0,0.0,0.22573,0.12625,0.0,0.0,0.95966,0.92857,0.5,0.03333,0.8,0.75312,0.0,0.5,0.23848,1.0,1.0,0.5,0.5,0.5,0.0,0.0,1.0,1.0,1.0,0.56468,1.0,0.96667,0.13333,0.1,1.0,1.0,1.0,0.0,0.5,0.5,0.5,0.5,0.5,0.5,0.5,0.01364,0.06667,0.36667,0.0,0.0,0.66667,0.0,0.48889,0.02667,0.93007,0.0,1.0,1.0,1.0,1.0,0.5,1.0,0.89347,1.0,0.07143,0.21184,0.12625,0.0,0.0,0.96771,1.0,0.5,0.0,0.8,0.75312,0.0,0.5,0.09539,1.0,1.0,0.5,0.5,0.5,0.0,0.0,1.0,1.0,1.0,0.56468,1.0,1.0,0.06667,0.0,1.0,0.0,1.0,0.0,0.5,0.5,0.5,0.5,0.5,0.5,0.5,0.01364,0.06667,0.36667,0.0,0.0,0.66667,0.0,0.48889,0.02667,0.76937,0.0,1.0,1.0,1.0,1.0,0.5,0.0,0.90115,1.0,0.07143,0.21184,0.12625,0.0,0.0,0.96771,1.0,0.5,1.0,0.8,0.75312,0.0,0.5,0.0,1.0,1.0,0.5,0.5,0.5,0.05281,0.0,0.0,1.0,1.0,0.56468,1.0,1.0,0.0,0.0,1.0,0.0,1.0,0.0,0.5
1.0,0.0,1.0,0.0,0.93333,0.86667,0.10232,0.86667,0.1,0.0,0.0,0.66667,0.0,0.20889,0.0,0.92703,0.0,0.78095,0.91429,1.0,1.0,0.64762,0.0,0.0001,1.0,0.0,1.0,1.0,1.0,0.0,0.82258,1.0,0.42857,0.73333,1.0,1.0,0.5,0.5,0.5,1.0,1.0,0.5,0.5,0.5,0.37233,0.03289,0.3,1.0,1.0,0.5,0.5,0.96667,0.13333,0.125,0.0,1.0,1.0,0.625,1.0,0.5,0.5,0.5,0.5,0.5,0.5,0.10232,0.86667,0.1,0.0,0.0,0.66667,0.0,0.20889,0.0,0.92703,0.0,0.78095,0.91429,1.0,1.0,0.5,0.0,0.64153,0.91647,0.0,1.0,1.0,1.0,0.0,0.82258,1.0,0.5,0.8,1.0,1.0,0.5,0.5,0.5,1.0,1.0,0.5,0.5,0.5,0.0,0.0,1.0,1.0,1.0,0.5,0.5,0.2,0.53333,0.875,0.28571,1.0,1.0,0.625,0.5,0.0,0.5,0.0,0.5,0.86667,0.5,0.10232,0.86667,0.1,0.0,0.0,0.66667,1.0,0.20889,0.0,0.92703,0.0,0.78095,0.91429,1.0,1.0,0.78095,1.0,0.96158,1.0,0.0,1.0,1.0,1.0,0.0,0.82258,1.0,0.85714,0.8,1.0,1.0,0.5,0.5,0.5,1.0,1.0,0.5,0.5,0.5,0.0,0.0,1.0,1.0,1.0,0.5,0.5,0.2,0.4,0.625,0.0,1.0,1.0,0.625,1.0,0.5,0.5,0.5,0.5,0.5,0.5,0.10232,0.86667,0.1,0.0,0.0,0.66667,0.0,0.20889,0.0,0.92703,0.0,0.78095,0.91429,1.0,1.0,0.5,1.0,0.89076,1.0,0.07143,1.0,0.91366,0.88889,0.0,0.77245,0.92857,0.5,0.63333,1.0,1.0,0.5,0.5,0.5,1.0,1.0,0.5,0.5,0.5,0.0,0.0,1.0,1.0,1.0,0.5,0.5,0.36667,0.4,0.55556,0.0,1.0,1.0,0.55556,0.5,0.5,0.5,0.5,0.5,0.5,0.5,0.10232,0.86667,0.1,0.0,0.0,0.66667,0.0,0.20889,0.0,0.92703,0.0,0.78095,0.91429,1.0,1.0,0.5,0.0,0.7977,1.0,0.07143,1.0,1.0,1.0,0.0,0.80463,0.92857,0.5,0.7,1.0,1.0,0.5,0.5,0.5,1.0,1.0,0.5,0.5,0.5,0.0,0.0,1.0,1.0,1.0,0.5,0.5,0.3,0.4,0.71429,0.0,1.0,1.0,0.71429,0.5,0.5,0.5,0.5,0.5,0.5,0.5,0.10232,0.86667,0.1,0.0,0.0,0.66667,0.0,0.20889,0.0,0.92703,0.0,0.78095,0.91429,1.0,1.0,0.5,1.0,0.60638,0.8422,0.0,1.0,1.0,1.0,0.0,0.82258,1.0,0.5,0.5,1.0,1.0,0.5,0.5,0.5,1.0,1.0,0.5,0.5,0.5,0.0,0.0,1.0,1.0,1.0,0.5,0.5,0.5,0.4,0.625,0.0,1.0,1.0,0.625,0.5,0.5,0.5,0.5,0.5,0.5,0.5,0.10232,0.86667,0.1,0.0,0.0,0.66667,0.0,0.20889,0.0,0.92703,0.0,0.78095,0.91429,1.0,1.0,0.5,0.0,0.03944,0.06261,0.64286,1.0,1.0,1.0,0.0,1.0,0.35714,0.5,0.8,1.0,1.0,0.5,0.5,0.5,1.0,1.0,0.5,0.5,0.5,0.0,0.0,1.0,1.0,1.0,0.5,0.5,0.86667,0.13333,1.0,1.0,1.0,1.0,0.0,0.5,0.5,0.5,0.5,0.5,0.5,0.5,0.10232,0.86667,0.1,0.0,0.0,0.66667,0.0,0.20889,0.0,0.92703,0.0,0.78095,0.91429,1.0,1.0,0.5,0.0,0.64153,0.91647,0.0,1.0,1.0,1.0,0.0,0.82258,1.0,0.5,0.0,1.0,1.0,0.5,0.5,0.5,1.0,1.0,0.5,0.5,0.5,0.0,0.0,1.0,1.0,1.0,0.5,0.5,1.0,0.06667,0.0,1.0,1.0,1.0,0.625,0.5
1.0,0.0,1.0,0.0,0.06667,0.06667,0.00012,0.06667,0.66667,0.0,0.0,0.66667,0.0,0.26667,0.02222,0.0,0.99999,1.0,1.0,0.93333,1.0,1.0,0.0,0.0001,1.0,0.0,0.00144,0.00077,0.0,0.0,0.98716,0.92857,1.0,1.0,1.0,1.0,0.5,0.5,0.5,1.0,1.0,0.06674,1.0,0.97657,0.00127,0.11033,0.0,1.0,1.0,0.0,0.16994,1.0,0.0,0.0,1.0,0.0,1.0,0.0,1.0,0.0,0.0,0.0,0.0,0.06667,0.06667,0.00012,0.06667,0.66667,0.0,0.0,0.66667,0.0,0.26667,0.02222,0.0,0.99991,1.0,1.0,0.93333,1.0,1.0,1.0,0.95485,1.0,0.0,0.00144,0.00077,0.0,0.0,0.98716,0.92857,0.92857,0.8,1.0,1.0,0.5,0.5,0.5,1.0,1.0,0.5,0.5,0.5,0.0,0.0,1.0,1.0,1.0,0.0,0.16994,1.0,0.06667,0.0,1.0,0.0,1.0,0.0,1.0,1.0,1.0,1.0,1.0,0.06667,0.06667,0.00012,0.06667,0.66667,0.0,0.0,0.66667,0.0,0.26667,0.02222,0.0,0.99983,1.0,1.0,0.93333,1.0,0.53333,0.0,0.959,1.0,0.07143,0.0015,0.00077,0.0,0.0,0.98234,0.85714,0.57143,0.8,1.0,1.0,0.5,0.5,0.5,1.0,1.0,0.5,0.5,0.5,0.00045,0.14369,0.6,1.0,1.0,0.0,0.16994,1.0,0.06667,0.0,1.0,0.0,1.0,0.0,1.0,0.0,0.5,0.0,0.5,0.06667,0.5,0.00012,0.06667,0.66667,0.0,0.0,0.66667,1.0,0.26667,0.02222,0.0,0.99998,1.0,1.0,0.93333,1.0,1.0,0.0,0.98704,1.0,0.07143,0.00142,0.00077,0.0,0.0,0.98942,1.0,1.0,0.63333,1.0,1.0,0.5,0.5,0.5,1.0,1.0,0.5,0.5,0.5,0.0,0.0,1.0,1.0,1.0,0.0,0.16994,1.0,0.06667,0.0,1.0,0.0,1.0,0.0,0.14286,0.0,0.0,0.0,0.0,0.06667,0.06667,0.00012,0.06667,0.66667,0.0,0.0,0.66667,0.0,0.26667,0.02222,0.0,0.99991,1.0,1.0,0.93333,1.0,1.0,0.0,0.86473,1.0,1.0,0.00312,0.00121,0.0,0.0,0.92258,0.07143,1.0,0.0,1.0,1.0,0.5,0.5,0.5,1.0,1.0,0.0,0.16994,0.76916,0.0,0.0,1.0,1.0,1.0,0.0,0.16994,1.0,0.06667,0.0,1.0,0.0,1.0,0.0,1.0,0.5,0.5,0.5,0.5,0.5,0.5,0.00012,0.06667,0.66667,0.0,0.0,0.66667,0.0,0.26667,0.02222,0.0,0.99983,1.0,1.0,0.93333,1.0,0.5,1.0,0.90254,1.0,0.0,0.00144,0.00077,0.0,0.0,0.98716,0.92857,0.5,0.5,1.0,1.0,0.5,0.5,0.5,1.0,1.0,0.5,0.5,0.5,0.0,0.0,1.0,1.0,1.0,0.0,0.16994,1.0,0.06667,0.0,1.0,0.0,1.0,0.0,0.5,0.0,0.0,0.0,0.0,0.06667,0.06667,0.00012,0.06667,0.66667,0.0,0.0,0.66667,0.0,0.26667,0.02222,0.0,0.99983,1.0,1.0,1.0,0.93333,0.93333,0.0,0.0001,0.00016,0.0,1.0,1.0,1.0,0.0,1.0,0.42857,0.5,0.8,1.0,1.0,0.5,0.5,0.5,1.0,1.0,0.5,0.5,0.5,0.0,0.0,1.0,1.0,1.0,0.0,0.16994,1.0,0.06667,1.0,1.0,0.0,1.0,1.0,1.0,1.0,0.0,0.0,0.0,0.06667,0.06667,0.00012,0.06667,0.66667,0.0,0.0,0.66667,0.0,0.26667,0.02222,0.0,0.99991,1.0,1.0,0.93333,1.0,0.94286,1.0,0.95485,1.0,0.0,0.00144,0.00077,0.0,0.0,0.98716,0.92857,0.92857,0.0,1.0,1.0,0.5,0.5,0.5,1.0,1.0,0.5,0.5,0.5,0.0,0.0,1.0,1.0,1.0,0.0,0.16994,1.0,0.06667,0.0,1.0,0.0,1.0,0.0,1.0
1.0,0.0,1.0,0.0,0.06667,0.06667,0.0001,0.06667,0.73333,0.0,0.0,0.66667,0.0,0.26222,0.01778,0.0,0.99998,1.0,1.0,0.93333,0.93333,1.0,0.0,0.0001,1.0,0.0,0.0012,0.00063,0.0,0.0,0.98921,0.5,1.0,1.0,1.0,1.0,0.5,0.5,0.5,1.0,1.0,0.06674,1.0,0.97657,0.00029,0.0,0.0,1.0,1.0,0.0,0.16994,1.0,0.0,0.0,1.0,0.0,1.0,0.0,1.0,0.0,0.0,0.0,0.0,0.06667,0.06667,0.0001,0.06667,0.73333,0.0,0.0,0.66667,0.0,0.26222,0.01778,0.0,0.99968,1.0,1.0,0.93333,0.93333,1.0,1.0,0.97806,1.0,0.0,0.0012,0.00063,0.0,0.0,0.98921,0.5,0.92857,0.8,1.0,1.0,0.5,0.5,0.5,1.0,1.0,0.5,0.5,0.5,0.0,0.0,1.0,1.0,1.0,0.0,0.16994,1.0,0.06667,0.0,1.0,0.0,1.0,0.0,1.0,1.0,1.0,1.0,1.0,0.06667,0.06667,0.0001,0.06667,0.73333,0.0,0.0,0.66667,0.0,0.26222,0.01778,0.0,0.99943,1.0,1.0,0.93333,0.93333,0.53333,0.0,0.94424,1.0,0.07143,0.00125,0.00063,0.0,0.0,0.98692,0.57143,0.57143,0.8,1.0,1.0,0.5,0.5,0.5,1.0,1.0,0.5,0.5,0.5,0.0001,0.0,0.6,1.0,1.0,0.0,0.16994,1.0,0.06667,0.0,1.0,0.0,1.0,0.0,1.0,0.0,0.0,0.0,0.0,0.06667,0.06667,0.0001,0.06667,0.73333,0.0,0.0,0.66667,0.0,0.26222,0.01778,0.0,0.99994,1.0,1.0,0.93333,0.93333,1.0,0.0,0.98005,1.0,0.07143,0.00119,0.00063,0.0,0.0,0.9911,0.42857,1.0,0.63333,1.0,1.0,0.5,0.5,0.5,1.0,1.0,0.5,0.5,0.5,0.0,0.0,1.0,1.0,1.0,0.0,0.16994,1.0,0.06667,0.0,1.0,0.0,1.0,0.0,0.14286,0.0,0.0,0.0,0.0,0.06667,0.06667,0.0001,0.06667,0.73333,0.0,0.0,0.66667,0.0,0.26222,0.01778,0.0,0.99968,1.0,1.0,0.93333,0.93333,1.0,0.0,0.85375,1.0,1.0,0.00271,0.00105,0.0,0.0,0.92473,0.5,1.0,0.0,1.0,1.0,0.5,0.5,0.5,1.0,1.0,0.0,0.16994,0.76916,0.0,0.0,1.0,1.0,1.0,0.0,0.16994,1.0,0.06667,0.0,1.0,0.0,1.0,0.0,1.0,0.0,0.0,0.0,0.0,0.06667,0.06667,0.0001,0.06667,0.73333,0.0,0.0,0.66667,0.0,0.26222,0.01778,0.0,0.99941,1.0,1.0,0.93333,0.93333,1.0,1.0,0.92448,1.0,0.0,0.0012,0.00063,0.0,0.0,0.98921,0.5,1.0,0.5,1.0,1.0,0.5,0.5,0.5,1.0,1.0,0.5,0.5,0.5,0.0,0.0,1.0,1.0,1.0,0.0,0.16994,1.0,0.06667,0.0,1.0,0.0,1.0,0.0,0.14286,0.0,0.5,0.0,0.5,0.06667,0.5,0.0001,0.06667,0.73333,0.0,0.0,0.66667,1.0,0.26222,0.01778,0.0,0.99933,1.0,1.0,1.0,1.0,1.0,0.0,0.0001,0.00016,0.0,1.0,1.0,1.0,0.0,1.0,1.0,1.0,0.8,1.0,1.0,0.5,0.5,0.5,1.0,1.0,0.5,0.5,0.5,0.0,0.0,1.0,1.0,1.0,0.0,0.16994,1.0,0.06667,1.0,1.0,0.0,1.0,1.0,0.14286,1.0,0.0,0.0,0.0,0.06667,0.06667,0.0001,0.06667,0.73333,0.0,0.0,0.66667,0.0,0.26222,0.01778,0.0,0.99968,1.0,1.0,0.93333,0.93333,0.94286,1.0,0.97806,1.0,0.0,0.0012,0.00063,0.0,0.0,0.98921,0.5,0.92857,0.0,1.0,1.0,0.5,0.5,0.5,1.0,1.0,0.5,0.5,0.5,0.0,0.0,1.0,1.0,1.0,0.0,0.16994,1.0,0.06667,0.0,1.0,0.0,1.0,0.0,1.0
1.0,0.0,1.0,0.0,0.06667,0.06667,9e-05,0.06667,0.8,0.0,0.0,0.66667,0.0,0.25778,0.01778,0.0,0.99992,1.0,1.0,0.93333,1.0,1.0,0.0,0.0001,1.0,0.0,0.00101,0.00052,0.0,0.0,0.99015,0.92857,1.0,1.0,1.0,1.0,0.5,0.5,0.5,1.0,1.0,0.06674,1.0,0.97657,0.00031,0.0,0.0,1.0,1.0,0.0,0.16994,1.0,0.0,0.0,1.0,0.0,1.0,0.0,1.0,0.0,0.0,0.0,0.0,0.06667,0.06667,9e-05,0.06667,0.8,0.0,0.0,0.66667,0.0,0.25778,0.01778,0.0,0.99878,1.0,1.0,0.93333,1.0,1.0,1.0,0.99147,1.0,0.0,0.00101,0.00052,0.0,0.0,0.99015,0.92857,0.92857,0.8,1.0,1.0,0.5,0.5,0.5,1.0,1.0,0.5,0.5,0.5,0.0,0.0,1.0,1.0,1.0,0.0,0.16994,1.0,0.06667,0.0,1.0,0.0,1.0,0.0,1.0,0.0,0.5,0.0,0.5,0.06667,0.5,9e-05,0.06667,0.8,0.0,0.0,0.66667,1.0,0.25778,0.01778,0.0,0.99782,1.0,1.0,0.93333,1.0,1.0,0.0,0.92825,1.0,0.07143,0.00103,0.00052,0.0,0.0,0.98869,1.0,1.0,0.8,1.0,1.0,0.5,0.5,0.5,1.0,1.0,0.5,0.5,0.5,0.0,0.0,1.0,1.0,1.0,0.0,0.16994,1.0,0.06667,0.0,1.0,0.0,1.0,0.0,0.14286,0.0,0.0,0.0,0.0,0.06667,0.06667,9e-05,0.06667,0.8,0.0,0.0,0.66667,0.0,0.25778,0.01778,0.0,0.99976,1.0,1.0,0.93333,1.0,1.0,0.0,0.97943,1.0,0.07143,0.001,0.00052,0.0,0.0,0.99182,0.85714,1.0,0.63333,1.0,1.0,0.5,0.5,0.5,1.0,1.0,0.5,0.5,0.5,0.0,0.0,1.0,1.0,1.0,0.0,0.16994,1.0,0.06667,0.0,1.0,0.0,1.0,0.0,0.14286,0.0,0.0,0.0,0.0,0.06667,0.06667,9e-05,0.06667,0.8,0.0,0.0,0.66667,0.0,0.25778,0.01778,0.0,0.99878,1.0,1.0,0.93333,1.0,1.0,0.0,0.84766,1.0,1.0,0.00232,0.00088,0.0,0.0,0.93035,0.07143,1.0,0.0,1.0,1.0,0.5,0.5,0.5,1.0,1.0,0.0,0.16994,0.76916,0.0,0.0,1.0,1.0,1.0,0.0,0.16994,1.0,0.06667,0.0,1.0,0.0,1.0,0.0,1.0,0.0,0.0,0.0,0.0,0.06667,0.06667,9e-05,0.06667,0.8,0.0,0.0,0.66667,0.0,0.25778,0.01778,0.0,0.99774,0.93333,1.0,0.93333,1.0,1.0,1.0,0.93715,1.0,0.0,0.00101,0.00052,0.0,0.0,0.99015,0.92857,1.0,0.5,1.0,1.0,0.5,0.5,0.5,1.0,1.0,0.5,0.5,0.5,0.0,0.0,1.0,1.0,1.0,0.0,0.16994,1.0,0.06667,0.0,1.0,0.0,1.0,0.0,0.14286,0.0,0.0,0.0,0.0,0.06667,0.06667,9e-05,0.06667,0.8,0.0,0.0,0.66667,0.0,0.25778,0.01778,0.0,0.99735,1.0,1.0,1.0,0.93333,1.0,0.0,0.0001,0.00016,0.0,1.0,1.0,1.0,0.0,1.0,0.57143,1.0,0.8,1.0,1.0,0.5,0.5,0.5,1.0,1.0,0.5,0.5,0.5,0.0,0.0,1.0,1.0,1.0,0.0,0.16994,1.0,0.06667,1.0,1.0,0.0,1.0,1.0,0.14286,1.0,0.0,0.0,0.0,0.06667,0.06667,9e-05,0.06667,0.8,0.0,0.0,0.66667,0.0,0.25778,0.01778,0.0,0.99878,1.0,1.0,0.93333,1.0,0.94286,1.0,0.99147,1.0,0.0,0.00101,0.00052,0.0,0.0,0.99015,0.92857,0.92857,0.0,1.0,1.0,0.5,0.5,0.5,1.0,1.0,0.5,0.5,0.5,0.0,0.0,1.0,1.0,1.0,0.0,0.16994,1.0,0.06667,0.0,1.0,0.0,1.0,0.0,1.0
1.0,0.0,1.0,0.0,0.06667,0.06667,8e-05,0.06667,0.83333,0.0,0.0,0.66667,0.0,0.24889,0.01778,0.0,0.99997,1.0,1.0,0.93333,1.0,1.0,0.0,0.0001,1.0,0.0,0.00092,0.00048,0.0,0.0,0.99076,1.0,1.0,1.0,1.0,1.0,0.5,0.5,0.5,1.0,1.0,0.06674,1.0,0.97657,0.0,0.11521,1.0,1.0,1.0,0.0,0.16994,1.0,0.0,0.0,1.0,0.0,1.0,0.0,1.0,0.0,0.0,0.0,0.0,0.06667,0.06667,8e-05,0.06667,0.83333,0.0,0.0,0.66667,0.0,0.24889,0.01778,0.0,0.99954,1.0,1.0,0.93333,1.0,1.0,1.0,0.99305,1.0,0.0,0.00092,0.00048,0.0,0.0,0.99076,1.0,0.92857,0.8,1.0,1.0,0.5,0.5,0.5,1.0,1.0,0.5,0.5,0.5,0.0,0.0,1.0,1.0,1.0,0.0,0.16994,1.0,0.06667,0.0,1.0,0.0,1.0,0.0,1.0,0.0,0.0,0.0,0.0,0.06667,0.06667,8e-05,0.06667,0.83333,0.0,0.0,0.66667,0.0,0.24889,0.01778,0.0,0.99918,1.0,1.0,0.93333,1.0,1.0,0.0,0.92246,1.0,0.07143,0.00094,0.00048,0.0,0.0,0.98989,0.92857,1.0,0.8,1.0,1.0,0.5,0.5,0.5,1.0,1.0,0.5,0.5,0.5,0.0,0.0,1.0,1.0,1.0,0.0,0.16994,1.0,0.06667,0.0,1.0,0.0,1.0,0.0,0.14286,0.0,0.0,0.0,0.0,0.06667,0.06667,8e-05,0.06667,0.83333,0.0,0.0,0.66667,0.0,0.24889,0.01778,0.0,0.99991,1.0,1.0,0.93333,1.0,1.0,0.0,0.97848,1.0,0.07143,0.00092,0.00048,0.0,0.0,0.99232,0.92857,1.0,0.63333,1.0,1.0,0.5,0.5,0.5,1.0,1.0,0.5,0.5,0.5,0.0,0.0,1.0,1.0,1.0,0.0,0.16994,1.0,0.06667,0.0,1.0,0.0,1.0,0.0,0.14286,0.0,0.0,0.0,0.0,0.06667,0.06667,8e-05,0.06667,0.83333,0.0,0.0,0.66667,0.0,0.24889,0.01778,0.0,0.99954,1.0,1.0,0.93333,1.0,1.0,0.0,0.84694,1.0,1.0,0.00213,0.0008,0.0,0.0,0.93384,0.0,1.0,0.0,1.0,1.0,0.5,0.5,0.5,1.0,1.0,0.0,0.16994,0.76916,0.0,0.0,1.0,1.0,1.0,0.0,0.16994,1.0,0.06667,0.0,1.0,0.0,1.0,0.0,1.0,0.0,0.5,0.0,0.5,0.06667,0.5,8e-05,0.06667,0.83333,0.0,0.0,0.66667,1.0,0.24889,0.01778,0.0,0.99915,1.0,1.0,0.93333,1.0,1.0,1.0,0.93865,1.0,0.0,0.00092,0.00048,0.0,0.0,0.99076,1.0,1.0,0.5,1.0,1.0,0.5,0.5,0.5,1.0,1.0,0.5,0.5,0.5,0.0,0.0,1.0,1.0,1.0,0.0,0.16994,1.0,0.06667,0.0,1.0,0.0,1.0,0.0,0.14286,0.0,0.0,0.0,0.0,0.06667,0.06667,8e-05,0.06667,0.83333,0.0,0.0,0.66667,0.0,0.24889,0.01778,0.0,0.999,1.0,1.0,1.0,0.93333,1.0,0.0,0.0001,0.00016,0.0,1.0,1.0,1.0,0.0,1.0,0.5,1.0,0.8,1.0,1.0,0.5,0.5,0.5,1.0,1.0,0.5,0.5,0.5,0.0,0.0,1.0,1.0,1.0,0.0,0.16994,1.0,0.06667,1.0,1.0,0.0,1.0,1.0,0.14286,1.0,0.0,0.0,0.0,0.06667,0.06667,8e-05,0.06667,0.83333,0.0,0.0,0.66667,0.0,0.24889,0.01778,0.0,0.99954,1.0,1.0,0.93333,1.0,0.94286,1.0,0.99305,1.0,0.0,0.00092,0.00048,0.0,0.0,0.99076,1.0,0.92857,0.0,1.0,1.0,0.5,0.5,0.5,1.0,1.0,0.5,0.5,0.5,0.0,0.0,1.0,1.0,1.0,0.0,0.16994,1.0,0.06667,0.0,1.0,0.0,1.0,0.0,1.0
1.0,1.0,1.0,0.0,0.6,0.46667,0.00273,0.46667,0.46667,0.0,0.0,0.66667,0.0,0.13333,0.09778,0.0,0.89002,0.94286,1.0,0.65714,1.0,0.65714,0.0,0.0001,1.0,0.0,0.20267,0.03843,0.6,0.0,0.65535,0.14286,0.64286,1.0,1.0,1.0,0.5,0.5,0.5,1.0,1.0,0.5,0.5,0.5,0.00457,0.05649,0.0,1.0,1.0,0.0,0.23644,1.0,0.0,0.0,1.0,0.0,1.0,0.0,1.0,0.0,0.5,0.0,0.5,0.46667,0.5,0.00273,0.46667,0.46667,0.0,0.0,0.66667,1.0,0.13333,0.09778,0.0,0.9292,0.94286,1.0,0.71429,1.0,0.94286,0.0,0.88291,1.0,0.85714,0.02581,0.01107,0.28571,0.0,0.94122,1.0,1.0,1.0,1.0,1.0,0.5,0.0811,0.5,1.0,1.0,0.0,0.23644,0.5,0.00457,0.05649,0.0,1.0,0.0,0.0,0.23644,1.0,0.0,0.0,1.0,0.0,1.0,0.0,1.0,0.0,0.0,0.0,0.0,0.46667,0.46667,0.00273,0.46667,0.46667,0.0,0.0,0.66667,0.0,0.13333,0.09778,0.0,0.95275,0.94286,1.0,0.71429,1.0,0.75238,0.0,0.0001,0.00018,0.42857,1.0,1.0,1.0,0.0,1.0,0.42857,0.57143,0.0,1.0,1.0,0.5,0.80777,0.5,1.0,1.0,0.5,0.5,0.5,0.0,0.0,1.0,1.0,1.0,0.0,0.23644,1.0,0.06667,0.0,1.0,0.0,1.0,0.0,1.0,0.0,0.0,0.0,0.0,0.46667,0.33333,0.00273,0.46667,0.46667,0.0,0.0,0.66667,0.0,0.13333,0.09778,0.0,0.89577,0.94286,1.0,0.71429,1.0,0.65714,0.0,0.01104,0.01434,0.42857,0.07041,0.03649,0.0,0.0,1.0,0.42857,0.71429,0.13333,1.0,1.0,0.5,0.5,0.5,1.0,1.0,0.5,0.5,0.5,0.0,0.0,1.0,1.0,1.0,0.0,0.23644,0.86667,0.13333,1.0,1.0,1.0,1.0,0.0,1.0,1.0,1.0,1.0,1.0,0.46667,0.46667,0.00273,0.46667,0.46667,0.0,0.0,0.66667,0.0,0.13333,0.09778,0.0,0.9292,0.94286,1.0,0.71429,1.0,0.68571,1.0,0.79597,1.0,0.07143,0.0724,0.01491,0.5,0.0,0.73524,0.21429,0.5,0.0,1.0,1.0,0.5,0.36438,0.5,1.0,1.0,0.5,0.5,0.5,0.0,0.0,1.0,1.0,1.0,0.0,0.23644,1.0,0.06667,0.0,1.0,0.0,1.0,0.0,1.0,0.5,0.5,0.5,0.5,0.5,0.5,0.00273,0.46667,0.46667,0.0,0.0,0.66667,0.0,0.13333,0.09778,0.0,0.95327,0.94286,1.0,0.71429,1.0,0.5,1.0,0.90194,1.0,0.85714,0.02581,0.01107,0.28571,0.0,0.94122,1.0,0.5,0.0,1.0,1.0,0.5,0.5,0.5,1.0,1.0,0.5,0.5,0.5,0.0,0.0,1.0,1.0,0.0,0.0,0.23644,1.0,0.06667,0.0,1.0,0.0,1.0,0.0,0.5,0.0,0.0,0.0,0.0,0.46667,0.46667,0.00273,0.46667,0.46667,0.0,0.0,0.66667,0.0,0.13333,0.09778,0.0,0.94693,0.68571,1.0,0.71429,1.0,0.8381,0.0,0.01649,0.02618,0.42857,0.07041,0.03649,0.0,0.0,1.0,0.42857,1.0,0.4,1.0,1.0,0.5,0.25892,0.5,1.0,1.0,0.0,0.03061,0.5047,0.00162,0.03915,0.6,1.0,1.0,0.0,0.23644,1.0,0.06667,0.0,1.0,0.0,1.0,0.0,1.0,0.5,0.5,0.5,0.5,0.5,0.5,0.00273,0.46667,0.46667,0.0,0.0,0.66667,0.0,0.13333,0.09778,0.0,0.9292,0.94286,1.0,0.71429,1.0,0.5,0.0,0.88291,1.0,0.85714,0.02581,0.01107,0.28571,0.0,0.94122,1.0,0.5,1.0,1.0,1.0,0.5,0.5,0.5,1.0,1.0,0.5,0.5,0.5,0.00356,0.07191,0.0,1.0,0.0,0.0,0.23644,1.0,0.0,0.0,1.0,0.0,1.0,0.0,0.5
1.0,1.0,1.0,0.0,0.6,0.46667,0.00065,0.46667,0.7,0.0,0.0,0.66667,0.0,0.08,0.04444,0.0,0.93456,0.67619,1.0,0.6,1.0,0.79048,0.0,0.0001,1.0,0.0,0.01542,0.00309,0.75,0.0,0.77286,0.35714,0.71429,1.0,1.0,1.0,0.5,0.5,0.5,1.0,1.0,0.5,0.5,0.5,0.00068,0.05334,0.0,1.0,1.0,0.0,0.0,1.0,0.0,0.0,1.0,0.0,1.0,0.0,1.0,0.0,0.5,0.0,0.5,0.46667,0.5,0.00065,0.46667,0.7,0.0,0.0,0.66667,1.0,0.08,0.04444,0.0,0.95331,0.73333,1.0,0.6,1.0,0.73333,1.0,0.97296,1.0,0.64286,0.00578,0.00188,0.2,0.0,0.93266,1.0,0.85714,1.0,1.0,1.0,0.5,0.0811,0.5,1.0,1.0,0.0,0.0,0.56224,0.00035,0.04398,0.0,1.0,0.0,0.0,0.0,1.0,0.0,0.0,1.0,0.0,1.0,0.0,1.0,0.0,0.0,1.0,0.0,0.53333,0.46667,0.00065,0.46667,0.7,0.0,0.0,0.66667,0.0,0.08,0.04444,0.96701,0.0,0.77143,0.6381,0.6381,0.90476,0.66667,0.0,0.68823,1.0,0.5,0.01542,0.00309,0.75,0.0,0.77286,0.35714,0.5,0.0,1.0,1.0,0.5,0.80777,0.5,1.0,1.0,0.00617,0.36167,0.75921,0.00343,0.0,1.0,1.0,1.0,0.0,0.0,1.0,0.06667,0.0,1.0,0.0,1.0,0.0,1.0,0.0,0.0,0.0,0.0,0.4,0.53333,0.00065,0.46667,0.7,0.0,0.0,0.66667,0.0,0.08,0.04444,0.0,0.9278,0.67619,1.0,0.6,1.0,0.59048,0.0,0.9181,1.0,0.64286,0.00578,0.00188,0.2,0.0,0.93266,1.0,0.78571,0.0,1.0,1.0,0.5,1.0,0.5,1.0,1.0,0.5,0.5,0.5,0.0,0.0,1.0,1.0,0.0,0.0,0.0,1.0,0.06667,0.0,1.0,0.0,1.0,0.0,0.21429,0.0,0.0,0.0,0.0,0.46667,0.4,0.00065,0.46667,0.7,0.0,0.0,0.66667,0.0,0.08,0.04444,0.0,0.95331,0.73333,1.0,0.6,1.0,0.65714,1.0,0.85897,1.0,0.07143,0.0119,0.00309,0.6,0.0,0.67952,0.28571,0.42857,0.0,1.0,1.0,0.5,1.0,0.5,1.0,1.0,0.5,0.5,0.5,0.0,0.0,1.0,1.0,1.0,0.0,0.0,1.0,0.06667,0.0,1.0,0.0,1.0,0.0,1.0,0.0,0.0,0.0,0.0,0.53333,0.53333,0.00065,0.46667,0.7,0.0,0.0,0.66667,0.0,0.08,0.04444,0.97508,0.0,0.77143,0.6381,0.6381,0.90476,0.79048,0.0,0.57879,0.80387,0.28571,0.01106,0.00556,0.0,0.0,1.0,0.57143,0.42857,0.0,1.0,1.0,0.5,1.0,0.5,1.0,1.0,0.5,0.5,0.5,0.0,0.0,1.0,1.0,1.0,0.0,0.0,1.0,0.06667,0.0,1.0,0.0,1.0,0.0,1.0,0.0,0.0,0.0,0.0,0.4,0.4,0.00065,0.46667,0.7,0.0,0.0,0.66667,0.0,0.08,0.04444,0.98572,0.0,0.91429,0.80952,0.67619,0.6,0.88571,0.0,0.54826,0.87026,0.64286,0.01106,0.00556,0.0,0.0,1.0,0.57143,1.0,0.4,1.0,1.0,0.5,0.25892,0.5,1.0,1.0,0.0,0.228,0.70582,0.00012,0.0,0.6,1.0,1.0,0.0,0.0,1.0,0.06667,0.0,1.0,0.0,1.0,0.0,1.0,0.5,0.5,0.5,0.5,0.5,0.5,0.00065,0.46667,0.7,0.0,0.0,0.66667,0.0,0.08,0.04444,0.0,0.95331,0.73333,1.0,0.6,1.0,0.5,1.0,0.97296,1.0,0.64286,0.00578,0.00188,0.2,0.0,0.93266,1.0,0.5,1.0,1.0,1.0,0.5,0.5,0.5,1.0,1.0,0.5,0.5,0.5,0.00048,0.04398,0.0,1.0,0.0,0.0,0.0,1.0,0.0,0.0,1.0,0.0,1.0,0.0,0.5
1.0,1.0,1.0,0.0,0.6,0.46667,0.0006,0.46667,0.73333,0.0,0.0,0.66667,0.0,0.07556,0.04444,0.0,0.97387,1.0,1.0,0.6,1.0,0.79048,0.0,0.0001,1.0,0.0,0.01421,0.00285,0.75,0.0,0.77296,0.35714,0.71429,1.0,1.0,1.0,0.5,0.5,0.5,1.0,1.0,0.5,0.5,0.5,0.00051,0.04429,0.0,1.0,1.0,0.0,0.0,1.0,0.0,0.0,1.0,0.0,1.0,0.0,1.0,0.0,0.0,0.0,0.0,0.46667,0.46667,0.0006,0.46667,0.73333,0.0,0.0,0.66667,0.0,0.07556,0.04444,0.97825,0.0,1.0,1.0,0.6,1.0,0.73333,1.0,0.99227,1.0,0.64286,0.00521,0.0017,0.2,0.0,0.9327,1.0,0.85714,1.0,1.0,1.0,0.5,0.0811,0.5,1.0,1.0,0.0,0.0,0.7104,0.00023,0.0,0.0,1.0,1.0,0.0,0.0,1.0,0.0,0.0,1.0,0.0,1.0,0.0,1.0,0.0,0.0,1.0,0.0,0.53333,0.46667,0.0006,0.46667,0.73333,0.0,0.0,0.66667,0.0,0.07556,0.04444,0.0,0.84618,0.90476,0.80952,0.61905,1.0,0.60952,0.0,0.0001,0.00018,0.07143,1.0,1.0,1.0,0.0,0.70278,0.42857,0.42857,0.0,1.0,1.0,0.5,0.80777,0.5,1.0,1.0,0.00617,0.36167,0.75921,0.0,0.0,1.0,1.0,1.0,0.0,0.0,1.0,0.06667,0.0,1.0,0.0,1.0,0.0,1.0,0.0,0.0,0.0,0.0,0.4,0.53333,0.0006,0.46667,0.73333,0.0,0.0,0.66667,0.0,0.07556,0.04444,0.0,0.97363,1.0,1.0,0.6,1.0,0.59048,1.0,0.9352,1.0,0.64286,0.00521,0.0017,0.2,0.0,0.9327,1.0,0.78571,0.0,1.0,1.0,0.5,1.0,0.5,1.0,1.0,0.5,0.5,0.5,0.0,0.0,1.0,1.0,1.0,0.0,0.0,1.0,0.06667,0.0,1.0,0.0,1.0,0.0,0.21429,0.0,0.0,0.0,0.0,0.46667,0.4,0.0006,0.46667,0.73333,0.0,0.0,0.66667,0.0,0.07556,0.04444,0.97825,0.0,1.0,1.0,0.6,1.0,0.65714,0.0,0.81929,1.0,0.07143,0.01179,0.00285,0.6,0.0,0.68039,0.28571,0.42857,0.0,1.0,1.0,0.5,1.0,0.5,1.0,1.0,0.5,0.5,0.5,0.0,0.0,1.0,1.0,1.0,0.0,0.0,1.0,0.06667,0.0,1.0,0.0,1.0,0.0,1.0,0.0,0.5,0.0,0.5,0.46667,0.5,0.0006,0.46667,0.73333,0.0,0.0,0.66667,1.0,0.07556,0.04444,0.0,0.84,0.90476,0.80952,0.61905,1.0,0.90476,1.0,0.97457,1.0,0.64286,0.00521,0.0017,0.2,0.0,0.9327,1.0,0.57143,0.0,1.0,1.0,0.5,1.0,0.5,1.0,1.0,0.5,0.5,0.5,0.0,0.0,1.0,1.0,1.0,0.0,0.0,1.0,0.06667,0.0,1.0,0.0,1.0,0.0,1.0,0.0,0.0,0.0,0.0,0.4,0.4,0.0006,0.46667,0.73333,0.0,0.0,0.66667,0.0,0.07556,0.04444,0.0,0.97592,0.6381,0.55238,0.69524,0.77143,0.65714,1.0,0.57258,0.90886,0.28571,0.01266,0.00637,0.0,0.0,1.0,0.57143,1.0,0.0,1.0,1.0,0.5,0.25892,0.5,1.0,1.0,0.0,0.228,0.70582,0.0,0.0,1.0,1.0,1.0,0.0,0.0,1.0,0.06667,0.0,1.0,0.0,1.0,0.0,1.0,0.5,0.5,0.5,0.5,0.5,0.5,0.0006,0.46667,0.73333,0.0,0.0,0.66667,0.0,0.07556,0.04444,0.97825,0.0,1.0,1.0,0.6,1.0,0.5,1.0,0.99227,1.0,0.64286,0.00521,0.0017,0.2,0.0,0.9327,1.0,0.5,1.0,1.0,1.0,0.5,0.5,0.5,1.0,1.0,0.5,0.5,0.5,0.00037,0.04429,0.0,1.0,1.0,0.0,0.0,1.0,0.0,0.0,1.0,0.0,1.0,0.0,0.5
0.0,0.0,0.0,0.0,0.8,0.73333,0.04312,0.13333,0.33333,0.0,0.0,0.66667,0.0,0.26667,0.04,0.92482,0.0,1.0,1.0,0.89524,1.0,0.68571,0.0,0.0001,1.0,0.0,0.63112,0.45365,0.0,0.0,0.9468,0.92857,0.64286,1.0,0.86667,0.87543,0.17363,0.5,0.0,1.0,1.0,0.5,0.5,0.5,0.21413,0.07468,0.0,1.0,1.0,0.04047,0.15984,1.0,0.0,0.0,1.0,0.0,1.0,0.2,1.0,0.0,1.0,0.0,1.0,0.66667,0.8,0.04312,0.13333,0.33333,0.0,0.0,0.66667,0.0,0.26667,0.04,0.93387,0.0,1.0,1.0,0.89524,1.0,0.77143,0.0,0.75157,1.0,0.07143,0.62797,0.45365,0.0,0.0,0.9309,1.0,0.64286,1.0,0.86667,0.87543,0.17363,0.5,0.17363,1.0,1.0,0.5,0.5,0.5,0.20064,0.0,0.0,1.0,0.0,0.04047,0.15984,1.0,0.0,0.0,1.0,0.0,1.0,0.16667,0.85714,0.0,0.5,0.0,0.5,0.13333,0.5,0.04312,0.13333,0.33333,0.0,0.0,0.66667,1.0,0.26667,0.04,0.94148,0.0,1.0,1.0,0.89524,1.0,1.0,0.0,0.88997,1.0,0.07143,0.62797,0.45365,0.0,0.0,0.9309,1.0,0.85714,0.03333,0.86667,0.87543,0.17363,0.17363,0.17363,1.0,1.0,0.04047,0.15984,0.5,0.0,0.08307,1.0,1.0,0.0,0.04047,0.15984,0.96667,0.13333,0.16667,1.0,1.0,1.0,0.16667,1.0,1.0,1.0,1.0,1.0,0.8,0.6,0.04312,0.13333,0.33333,0.0,0.0,0.66667,0.0,0.26667,0.04,0.92606,0.0,1.0,1.0,0.89524,1.0,0.8,0.0,0.71209,0.92479,0.07143,0.62797,0.45365,0.0,0.0,0.9309,1.0,0.71429,0.0,0.86667,0.87543,0.17363,0.5,0.31831,1.0,1.0,0.5,0.5,0.5,0.0,0.0,1.0,1.0,0.0,0.04047,0.15984,1.0,0.06667,0.0,1.0,0.0,1.0,0.16667,0.78571,0.5,0.5,0.5,0.5,0.5,0.5,0.04312,0.13333,0.33333,0.0,0.0,0.66667,0.0,0.26667,0.04,0.93387,0.0,1.0,1.0,0.89524,1.0,0.5,0.0,0.63738,1.0,0.07143,0.62797,0.45365,0.0,0.0,0.9309,1.0,0.5,0.03333,0.86667,0.87543,0.17363,0.5,0.26044,1.0,1.0,0.5,0.5,0.5,0.0,0.0,1.0,1.0,0.0,0.04047,0.15984,0.96667,0.13333,0.16667,1.0,1.0,1.0,0.16667,0.5,0.5,0.5,0.5,0.5,0.5,0.5,0.04312,0.13333,0.33333,0.0,0.0,0.66667,0.0,0.26667,0.04,0.94217,0.0,1.0,1.0,0.89524,1.0,0.5,0.0,0.73915,1.0,0.07143,0.62797,0.45365,0.0,0.0,0.9309,1.0,0.5,0.4,0.86667,0.87543,0.17363,0.5,0.43406,1.0,1.0,0.5,0.5,0.5,0.0,0.12061,1.0,1.0,0.0,0.04047,0.15984,0.6,0.26667,0.5,0.66667,0.33333,1.0,0.16667,0.5,0.5,0.5,0.5,0.5,0.5,0.5,0.04312,0.13333,0.33333,0.0,0.0,0.66667,0.0,0.26667,0.04,0.97311,0.0,1.0,0.87619,0.91429,0.92381,0.5,0.0,0.75245,1.0,0.07143,0.5993,0.45365,0.0,0.0,0.92213,0.92857,0.5,0.4,0.86667,0.87543,0.17363,0.5,0.17363,1.0,1.0,0.5,0.5,0.5,0.03589,0.0,0.6,1.0,0.0,0.04047,0.15984,1.0,0.06667,0.0,1.0,0.0,1.0,0.2,0.5,0.5,0.5,0.5,0.5,0.5,0.5,0.04312,0.13333,0.33333,0.0,0.0,0.66667,0.0,0.26667,0.04,0.93387,0.0,1.0,1.0,0.89524,1.0,0.5,0.0,0.75157,1.0,0.07143,0.62797,0.45365,0.0,0.0,0.9309,1.0,0.5,1.0,0.86667,0.87543,0.17363,0.5,0.86813,1.0,1.0,0.5,0.5,0.5,0.20064,0.0,0.0,1.0,0.0,0.04047,0.15984,1.0,0.0,0.0,1.0,0.0,1.0,0.16667,0.5
1.0,1.0,1.0,1.0,0.2,0.26667,0.03863,0.26667,0.56667,0.0,0.0,0.66667,0.0,0.08,0.06667,0.99937,0.0,1.0,1.0,0.87619,1.0,0.93333,0.0,0.0001,1.0,0.0,0.5368,0.33048,0.0,0.0,0.95089,0.92857,1.0,1.0,0.93333,0.98178,1.0,0.5,0.0,1.0,1.0,0.61984,1.0,1.0,0.04863,0.0,0.0,1.0,1.0,0.61984,1.0,1.0,0.0,0.0,1.0,0.0,1.0,0.0,1.0,0.0,1.0,0.0,1.0,0.66667,0.8,0.03863,0.26667,0.56667,0.0,0.0,0.66667,0.0,0.08,0.06667,0.99096,0.0,1.0,1.0,0.87619,1.0,0.74286,1.0,0.79794,1.0,0.07143,0.51499,0.33048,0.0,0.0,0.94662,1.0,0.64286,1.0,0.93333,0.98178,1.0,0.5,0.0,1.0,1.0,0.5,0.5,0.5,0.04863,0.0,0.0,1.0,1.0,0.61984,1.0,1.0,0.0,0.0,1.0,0.0,1.0,0.16667,0.85714,0.0,0.0,0.0,0.0,0.13333,0.13333,0.03863,0.26667,0.56667,0.0,0.0,0.66667,0.0,0.08,0.06667,0.97963,0.0,0.9619,0.9619,0.94286,0.91429,0.84762,0.0,0.78337,1.0,0.07143,0.48726,0.33048,0.0,0.0,0.94176,0.85714,0.71429,0.16667,0.93333,0.98178,1.0,0.17363,1.0,1.0,1.0,0.04047,0.15984,0.33733,0.02192,0.0,0.83333,1.0,1.0,0.61984,1.0,1.0,0.06667,0.0,1.0,0.0,1.0,0.25,1.0,1.0,0.5,1.0,0.5,0.26667,0.5,0.03863,0.26667,0.56667,0.0,0.0,0.66667,1.0,0.08,0.06667,0.99817,0.0,1.0,1.0,0.87619,1.0,1.0,1.0,0.75174,0.97629,0.07143,0.51499,0.33048,0.0,0.0,0.94662,1.0,1.0,0.33333,0.93333,0.98178,1.0,1.0,1.0,1.0,1.0,0.5,0.5,0.5,0.0,0.0,1.0,1.0,1.0,0.61984,1.0,0.66667,0.13333,0.16667,1.0,1.0,1.0,0.16667,1.0,0.0,0.0,1.0,1.0,0.26667,0.26667,0.03863,0.26667,0.56667,0.0,0.0,0.66667,0.0,0.08,0.06667,0.99096,0.0,1.0,1.0,0.87619,1.0,0.98095,1.0,0.96553,1.0,0.07143,0.50082,0.33048,0.0,0.0,0.94229,0.85714,0.5,0.7,0.93333,0.98178,1.0,0.5,0.87213,1.0,1.0,0.5,0.5,0.5,0.0,0.0,1.0,1.0,1.0,0.61984,1.0,0.3,0.2,0.5,1.0,0.0,1.0,0.0,1.0,0.0,0.0,0.0,0.0,0.13333,0.13333,0.03863,0.26667,0.56667,0.0,0.0,0.66667,0.0,0.08,0.06667,0.9784,0.0,1.0,0.9619,0.94286,0.91429,0.84762,1.0,0.68065,0.94535,0.07143,0.48726,0.33048,0.0,0.0,0.94176,0.85714,0.85714,0.0,0.93333,0.98178,1.0,0.45424,1.0,1.0,1.0,0.5,0.5,0.5,0.0,0.0,1.0,1.0,1.0,0.61984,1.0,1.0,0.06667,0.0,1.0,0.0,1.0,0.25,1.0,1.0,1.0,1.0,1.0,0.2,0.2,0.03863,0.26667,0.56667,0.0,0.0,0.66667,0.0,0.08,0.06667,0.97128,0.0,0.94286,0.94286,0.94286,0.87619,0.85714,1.0,0.10242,0.16257,0.28571,0.61662,0.41407,0.0,0.0,0.96703,0.71429,0.78571,0.66667,0.93333,0.98178,1.0,1.0,0.64262,1.0,1.0,0.88433,0.484,1.0,0.0,0.0,1.0,1.0,1.0,0.61984,1.0,0.33333,0.2,1.0,1.0,0.5,1.0,0.5,1.0,0.5,0.5,0.5,0.5,0.5,0.5,0.03863,0.26667,0.56667,0.0,0.0,0.66667,0.0,0.08,0.06667,0.99096,0.0,1.0,1.0,0.87619,1.0,0.5,1.0,0.79794,1.0,0.07143,0.51499,0.33048,0.0,0.0,0.94662,1.0,0.5,1.0,0.93333,0.98178,1.0,0.5,0.0,1.0,1.0,0.5,0.5,0.5,0.04863,0.0,0.0,1.0,1.0,0.61984,1.0,1.0,0.0,0.0,1.0,0.0,1.0,0.16667,0.5
0.0,0.5,0.0,0.5,0.33333,0.5,0.03018,0.33333,0.76667,0.0,0.0,0.66667,1.0,0.08444,0.02667,0.97403,0.0,1.0,0.98095,0.75238,1.0,1.0,0.0,0.0001,1.0,0.0,0.63022,0.46009,0.0,0.0,0.91041,1.0,1.0,1.0,1.0,1.0,0.5,0.0,0.5,1.0,1.0,0.2738,0.47941,0.90261,1.0,0.0,0.0,1.0,1.0,1.0,0.09789,1.0,0.0,0.0,1.0,0.0,1.0,1.0,1.0,0.0,0.0,0.0,0.0,0.2,0.2,0.03018,0.33333,0.76667,0.0,0.0,0.66667,0.0,0.08444,0.02667,0.97278,0.0,1.0,0.98095,0.75238,1.0,0.70476,1.0,0.56313,0.80447,0.07143,0.55896,0.45587,0.0,0.0,0.85656,0.92857,0.64286,0.8,1.0,1.0,0.5,0.5,0.5,1.0,1.0,0.5,0.5,0.5,0.0,0.0,1.0,1.0,1.0,1.0,0.09789,0.2,0.2,1.0,0.5,1.0,1.0,0.5,1.0,0.0,0.0,0.0,0.0,0.33333,0.33333,0.03018,0.33333,0.76667,0.0,0.0,0.66667,0.0,0.08444,0.02667,0.97036,0.0,0.84762,0.98095,0.75238,1.0,0.81905,1.0,0.58584,1.0,0.07143,0.55896,0.45587,0.0,0.0,0.85656,0.92857,0.71429,0.8,1.0,1.0,0.5,0.5,0.5,1.0,1.0,1.0,0.09789,0.79202,0.0,0.0,1.0,1.0,1.0,1.0,0.09789,0.2,0.2,1.0,0.5,1.0,1.0,0.5,1.0,0.0,0.0,0.0,0.0,0.26667,0.33333,0.03018,0.33333,0.76667,0.0,0.0,0.66667,0.0,0.08444,0.02667,0.97519,0.0,1.0,0.98095,0.75238,1.0,1.0,0.0,0.55608,0.72219,0.07143,0.55896,0.45587,0.0,0.0,0.85656,0.92857,0.42857,0.63333,1.0,1.0,0.5,0.5,0.5,1.0,1.0,0.5,0.5,0.5,0.0,0.0,1.0,1.0,1.0,1.0,0.09789,0.36667,0.2,1.0,0.5,1.0,1.0,0.5,0.71429,0.5,0.5,0.5,0.5,0.5,0.5,0.03018,0.33333,0.76667,0.0,0.0,0.66667,0.0,0.08444,0.02667,0.97278,0.0,1.0,0.98095,0.75238,1.0,0.5,0.0,0.63126,1.0,0.07143,0.55896,0.45587,0.0,0.0,0.85656,0.92857,0.5,0.7,1.0,1.0,0.5,0.5,0.5,1.0,1.0,0.5,0.5,0.5,0.0,0.0,1.0,1.0,1.0,1.0,0.09789,0.3,0.2,1.0,0.5,1.0,1.0,0.5,0.5,0.5,0.5,0.5,0.5,0.5,0.5,0.03018,0.33333,0.76667,0.0,0.0,0.66667,0.0,0.08444,0.02667,0.97474,0.0,0.75238,0.73333,0.79048,0.75238,0.5,1.0,0.78598,1.0,0.14286,0.45303,0.23439,0.14286,0.0,0.88124,0.57143,0.5,0.0,1.0,1.0,0.5,0.5,0.5,1.0,1.0,0.5,0.5,0.5,0.0,0.0,1.0,1.0,1.0,1.0,0.09789,1.0,0.06667,0.0,1.0,0.0,1.0,0.14286,0.5,1.0,1.0,1.0,1.0,0.2,0.26667,0.03018,0.33333,0.76667,0.0,0.0,0.66667,0.0,0.08444,0.02667,0.99666,0.0,1.0,0.73333,0.94286,0.75238,0.94286,1.0,0.58503,0.92862,0.14286,0.61274,0.45587,0.0,0.0,0.86806,0.85714,0.78571,0.0,1.0,1.0,0.5,0.5,0.5,1.0,1.0,0.5,0.5,0.5,0.0,0.0,1.0,1.0,1.0,1.0,0.09789,1.0,0.06667,0.0,1.0,0.0,1.0,0.33333,1.0,1.0,0.0,1.0,1.0,0.4,0.33333,0.03018,0.33333,0.76667,0.0,0.0,0.66667,0.0,0.08444,0.02667,0.97278,0.0,1.0,0.98095,0.75238,1.0,0.67619,1.0,0.56313,0.80447,0.07143,0.55896,0.45587,0.0,0.0,0.85656,0.92857,0.71429,0.0,1.0,1.0,0.5,0.5,0.5,1.0,1.0,0.5,0.5,0.5,0.0,0.0,1.0,1.0,1.0,1.0,0.09789,1.0,0.06667,0.0,1.0,0.0,1.0,0.5,1.0
0.0,0.0,0.0,0.0,0.4,0.26667,0.02964,0.26667,0.86667,0.0,0.0,0.66667,0.0,0.32889,0.02222,0.64919,0.0,1.0,1.0,1.0,1.0,1.0,0.0,0.0001,1.0,0.0,0.89554,0.46844,0.42857,0.0,0.9862,0.92857,1.0,1.0,0.86667,0.80129,0.0,0.0,0.0,1.0,1.0,0.90855,1.0,0.59198,0.09587,0.03368,0.0,1.0,1.0,0.53853,1.0,1.0,0.0,0.0,1.0,0.0,1.0,0.0,1.0,0.0,0.5,0.0,0.5,0.26667,0.5,0.02964,0.26667,0.86667,0.0,0.0,0.66667,1.0,0.32889,0.02222,0.78459,0.0,1.0,1.0,1.0,1.0,1.0,0.0,0.66812,0.95446,0.07143,0.73511,0.30212,0.375,0.0,0.98104,1.0,1.0,1.0,0.86667,0.80129,0.0,0.0,0.0,1.0,1.0,0.53853,1.0,0.5,0.07465,0.03368,0.0,1.0,1.0,0.53853,1.0,1.0,0.0,0.0,1.0,0.0,1.0,0.0,1.0,1.0,1.0,0.0,1.0,0.4,0.4,0.02964,0.26667,0.86667,0.0,0.0,0.66667,0.0,0.32889,0.02222,0.90588,0.0,1.0,1.0,1.0,1.0,1.0,0.0,0.748,1.0,0.07143,0.73511,0.30212,0.375,0.0,0.98104,1.0,0.85714,0.0,0.86667,0.80129,0.0,0.5,0.49833,1.0,1.0,0.5,0.5,0.5,0.0,0.0,1.0,1.0,1.0,0.53853,1.0,1.0,0.06667,0.0,1.0,0.0,1.0,0.0,1.0,0.5,0.5,0.5,0.5,0.5,0.5,0.02964,0.26667,0.86667,0.0,0.0,0.66667,0.0,0.32889,0.02222,0.6671,0.0,1.0,1.0,1.0,1.0,0.5,0.0,0.64473,0.83731,0.07143,0.73511,0.30212,0.375,0.0,0.98104,1.0,0.5,0.0,0.86667,0.80129,0.0,0.5,0.7475,1.0,1.0,0.5,0.5,0.5,0.0,0.0,1.0,1.0,1.0,0.53853,1.0,1.0,0.06667,0.0,1.0,0.0,1.0,0.0,0.5,0.5,0.5,0.5,0.5,0.5,0.5,0.02964,0.26667,0.86667,0.0,0.0,0.66667,0.0,0.32889,0.02222,0.78459,0.0,1.0,1.0,1.0,1.0,0.5,0.0,0.92289,1.0,0.07143,0.73511,0.30212,0.375,0.0,0.98104,1.0,0.5,0.0,0.86667,0.80129,0.0,0.5,0.49833,1.0,1.0,0.5,0.5,0.5,0.0,0.0,1.0,1.0,1.0,0.53853,1.0,1.0,0.06667,0.0,1.0,0.0,1.0,0.0,0.5,0.5,0.5,0.5,0.5,0.5,0.5,0.02964,0.26667,0.86667,0.0,0.0,0.66667,0.0,0.32889,0.02222,0.91736,0.0,1.0,1.0,1.0,1.0,0.5,0.0,0.6608,0.91778,0.07143,0.73511,0.30212,0.375,0.0,0.98104,1.0,0.5,0.2,0.86667,0.80129,0.0,0.5,0.37375,1.0,1.0,0.5,0.5,0.5,0.0,0.0,1.0,1.0,1.0,0.53853,1.0,0.8,0.33333,0.5,1.0,1.0,1.0,0.0,0.5,1.0,0.0,0.0,0.0,0.73333,0.6,0.02964,0.26667,0.86667,0.0,0.0,0.66667,0.0,0.32889,0.02222,0.96873,0.0,1.0,1.0,1.0,1.0,0.46667,0.0,0.17663,0.28037,0.07143,0.82702,0.46844,0.33333,0.0,0.98991,0.85714,0.57143,0.0,0.86667,0.80129,0.0,0.5,0.39867,1.0,1.0,0.5,0.5,0.5,0.0,0.0,1.0,1.0,1.0,0.53853,1.0,1.0,0.06667,0.0,1.0,0.0,1.0,0.0,1.0,0.5,0.5,0.5,0.5,0.5,0.5,0.02964,0.26667,0.86667,0.0,0.0,0.66667,0.0,0.32889,0.02222,0.78459,0.0,1.0,1.0,1.0,1.0,0.5,0.0,0.66812,0.95446,0.07143,0.73511,0.30212,0.375,0.0,0.98104,1.0,0.5,1.0,0.86667,0.80129,0.0,0.5,0.0,1.0,1.0,0.5,0.5,0.5,0.07465,0.03368,0.0,1.0,1.0,0.53853,1.0,1.0,0.0,0.0,1.0,0.0,1.0,0.0,0.5
0.0,0.0,0.0,0.0,0.53333,0.46667,0.09286,0.8,0.23333,0.0,0.0,0.66667,0.0,0.33333,0.00889,0.02712,0.0,1.0,1.0,1.0,1.0,0.64762,0.0,0.0001,1.0,0.0,0.92299,0.72475,0.33333,0.0,0.99732,0.78571,0.78571,1.0,1.0,1.0,0.5,0.5,0.5,1.0,1.0,0.5,0.5,0.5,0.24438,0.0,0.56667,1.0,1.0,1.0,0.44261,0.43333,0.2,1.0,0.33333,0.66667,1.0,1.0,1.0,1.0,1.0,1.0,1.0,0.8,1.0,0.09286,0.8,0.23333,0.0,0.0,0.66667,0.0,0.33333,0.00889,0.40514,0.0,1.0,1.0,1.0,1.0,0.8381,1.0,0.91651,1.0,0.21429,1.0,0.72475,0.66667,0.0,0.9793,1.0,0.42857,0.8,1.0,1.0,0.5,0.5,0.5,1.0,1.0,0.5,0.5,0.5,0.0,0.0,1.0,1.0,1.0,1.0,0.44261,0.2,0.46667,1.0,0.66667,0.83333,1.0,0.66667,1.0,0.0,0.5,0.0,0.5,0.8,0.5,0.09286,0.8,0.23333,0.0,0.0,0.66667,1.0,0.33333,0.00889,0.72373,0.0,1.0,1.0,1.0,1.0,1.0,1.0,0.88069,1.0,0.21429,1.0,0.72475,0.66667,0.0,0.9793,1.0,0.85714,0.8,1.0,1.0,0.5,0.5,0.5,1.0,1.0,1.0,0.44261,0.5,0.4187,0.07382,0.6,1.0,1.0,1.0,0.44261,0.6,0.46667,1.0,0.66667,0.83333,1.0,0.66667,1.0,0.5,0.5,0.5,0.5,0.5,0.5,0.09286,0.8,0.23333,0.0,0.0,0.66667,0.0,0.33333,0.00889,0.07856,0.0,1.0,1.0,1.0,1.0,0.5,1.0,0.85741,1.0,0.21429,1.0,0.72475,0.66667,0.0,0.9793,1.0,0.5,0.63333,1.0,1.0,0.5,0.5,0.5,1.0,1.0,0.5,0.5,0.5,0.0,0.0,1.0,1.0,1.0,1.0,0.44261,0.36667,0.46667,1.0,0.66667,0.83333,1.0,0.66667,0.5,0.0,0.0,0.0,0.0,0.86667,0.8,0.09286,0.8,0.23333,0.0,0.0,0.66667,0.0,0.33333,0.00889,0.40514,0.0,1.0,1.0,1.0,1.0,0.87619,1.0,0.98782,1.0,0.0,0.92299,0.72475,0.33333,0.0,0.99732,0.78571,1.0,0.7,1.0,1.0,0.5,0.5,0.5,1.0,1.0,0.5,0.5,0.5,0.0,0.0,1.0,1.0,1.0,1.0,0.44261,0.3,0.26667,1.0,0.33333,0.66667,1.0,1.0,1.0,0.5,0.5,0.5,0.5,0.5,0.5,0.09286,0.8,0.23333,0.0,0.0,0.66667,0.0,0.33333,0.00889,0.75297,0.0,1.0,1.0,1.0,1.0,0.5,1.0,0.898,1.0,0.21429,1.0,0.72475,0.66667,0.0,0.9793,1.0,0.5,0.5,1.0,1.0,0.5,0.5,0.5,1.0,1.0,0.5,0.5,0.5,0.54965,0.1106,0.5,1.0,1.0,1.0,0.44261,1.0,0.06667,0.0,1.0,0.0,1.0,0.66667,0.5,0.5,0.5,0.5,0.5,0.5,0.5,0.09286,0.8,0.23333,0.0,0.0,0.66667,0.0,0.33333,0.00889,0.88189,0.0,1.0,1.0,1.0,1.0,0.5,1.0,0.77717,1.0,0.07143,1.0,0.72475,0.5,0.0,0.99786,0.85714,0.5,0.8,1.0,1.0,0.5,0.5,0.5,1.0,1.0,0.5,0.5,0.5,0.0,0.0,1.0,1.0,1.0,1.0,0.44261,0.2,0.33333,1.0,0.5,0.75,1.0,1.0,0.5,1.0,1.0,1.0,1.0,1.0,0.86667,0.09286,0.8,0.23333,0.0,0.0,0.66667,0.0,0.33333,0.00889,0.40514,0.0,1.0,1.0,1.0,1.0,0.94286,1.0,0.91651,1.0,0.21429,1.0,0.72475,0.66667,0.0,0.9793,1.0,0.78571,0.0,1.0,1.0,0.5,0.5,0.5,1.0,1.0,0.5,0.5,0.5,0.0,0.0,1.0,1.0,1.0,1.0,0.44261,1.0,0.06667,0.0,1.0,0.0,1.0,0.66667,1.0
1.0,0.0,1.0,0.0,0.53333,0.46667,0.00979,0.13333,0.5,0.0,0.0,0.66667,0.0,0.15111,0.03111,0.96606,0.0,1.0,0.99048,0.77143,1.0,0.77143,0.0,0.0001,1.0,0.07143,0.19384,0.07277,0.0,0.0,0.98726,0.92857,0.85714,1.0,0.93333,0.95704,1.0,0.5,0.0,1.0,1.0,1.0,1.0,0.90345,0.04697,0.0,0.0,1.0,1.0,1.0,1.0,1.0,0.0,0.0,1.0,0.0,1.0,0.0,1.0,0.5,0.5,0.5,0.5,0.5,0.5,0.00979,0.13333,0.5,0.0,0.0,0.66667,0.0,0.15111,0.03111,0.9586,0.0,1.0,0.99048,0.77143,1.0,0.5,0.0,0.67781,0.9683,0.14286,0.1594,0.07277,0.0,0.0,0.88841,1.0,0.5,0.0,0.93333,0.95704,1.0,0.5,0.0,1.0,1.0,0.5,0.5,0.5,0.0,0.0,1.0,1.0,1.0,1.0,1.0,1.0,0.06667,0.0,1.0,0.0,1.0,0.0,0.5,0.0,0.0,0.0,0.0,0.46667,0.46667,0.00979,0.13333,0.5,0.0,0.0,0.66667,0.0,0.15111,0.03111,0.95297,0.0,0.95238,0.95238,0.8,0.95238,0.7619,0.0,0.67148,1.0,0.14286,0.19384,0.07277,0.0,0.0,0.98726,0.92857,0.64286,0.0,0.93333,0.95704,1.0,0.48543,1.0,1.0,1.0,0.22767,0.28829,0.9004,0.0,0.0,1.0,1.0,1.0,1.0,1.0,1.0,0.06667,0.0,1.0,0.0,1.0,0.0,0.71429,0.5,0.5,0.5,0.5,0.5,0.5,0.00979,0.13333,0.5,0.0,0.0,0.66667,0.0,0.15111,0.03111,0.965,0.0,1.0,0.99048,0.77143,1.0,0.5,1.0,0.65378,0.84906,0.14286,0.1594,0.07277,0.0,0.0,0.88841,1.0,0.5,0.23333,0.93333,0.95704,1.0,0.5,1.0,1.0,1.0,0.5,0.5,0.5,0.0,0.0,1.0,1.0,1.0,1.0,1.0,0.76667,0.33333,0.8,0.75,0.5,1.0,0.0,0.5,0.0,0.5,0.0,0.5,0.13333,0.5,0.00979,0.13333,0.5,0.0,0.0,0.66667,1.0,0.15111,0.03111,0.9586,0.0,1.0,0.99048,0.77143,1.0,1.0,0.0,0.93611,1.0,0.14286,0.1594,0.07277,0.0,0.0,0.88841,1.0,1.0,0.0,0.93333,0.95704,1.0,1.0,1.0,1.0,1.0,0.5,0.5,0.5,0.0,0.0,1.0,1.0,1.0,1.0,1.0,1.0,0.06667,0.0,1.0,0.0,1.0,0.0,1.0,0.5,0.5,0.5,0.5,0.5,0.5,0.00979,0.13333,0.5,0.0,0.0,0.66667,0.0,0.15111,0.03111,0.95335,0.0,0.95238,1.0,0.8,0.95238,0.5,0.0,0.62207,0.86399,0.14286,0.19384,0.07277,0.0,0.0,0.98726,0.92857,0.5,0.0,0.93333,0.95704,1.0,0.5,1.0,1.0,1.0,0.5,0.5,0.5,0.0,0.0,1.0,1.0,1.0,1.0,1.0,1.0,0.06667,0.0,1.0,0.0,1.0,0.0,0.5,0.0,0.0,0.0,0.0,0.2,0.13333,0.00979,0.13333,0.5,0.0,0.0,0.66667,0.0,0.15111,0.03111,0.96255,0.0,0.90476,0.95238,0.84762,0.90476,0.78095,1.0,0.64422,1.0,0.14286,0.19384,0.07277,0.0,0.0,0.98726,0.92857,0.92857,0.0,0.93333,0.95704,1.0,1.0,1.0,1.0,1.0,0.19806,0.29373,1.0,0.0,0.0,1.0,1.0,1.0,1.0,1.0,1.0,0.06667,0.0,1.0,0.0,1.0,0.0,1.0,1.0,1.0,1.0,1.0,0.46667,0.46667,0.00979,0.13333,0.5,0.0,0.0,0.66667,0.0,0.15111,0.03111,0.9586,0.0,1.0,0.99048,0.77143,1.0,0.75238,0.0,0.67781,0.9683,0.14286,0.1594,0.07277,0.0,0.0,0.88841,1.0,0.64286,0.0,0.93333,0.95704,1.0,0.5,0.0,1.0,1.0,0.5,0.5,0.5,0.0,0.0,1.0,1.0,1.0,1.0,1.0,1.0,0.06667,0.0,1.0,0.0,1.0,0.0,1.0
